0,1,2,3,4,5,function_value
1.0,1.0,1.0,1.0,1.0,1.0,1.2155083141330199
1.0,1.0,1.0,1.0,1.0,2.0,1.2158117656248308
1.0,1.0,1.0,1.0,1.0,3.0,1.215911757690005
1.0,1.0,1.0,1.0,1.0,5.0,1.4023711167151907
1.0,1.0,1.0,1.0,2.0,1.0,1.215840518946531
1.0,1.0,1.0,1.0,2.0,2.0,1.2158964230169305
1.0,1.0,1.0,1.0,2.0,3.0,1.2159520005238773
1.0,1.0,1.0,1.0,3.0,1.0,1.2159624146313535
1.0,1.0,1.0,1.0,3.0,3.0,1.2160015115239433
1.0,1.0,1.0,1.0,4.0,1.0,1.2160312902541686
1.0,1.0,1.0,1.0,5.0,1.0,1.2160630851821368
1.0,1.0,1.0,1.0,5.0,5.0,1.4023732719156439
1.0,1.0,1.0,2.0,1.0,1.0,1.2157191547409556
1.0,1.0,1.0,2.0,1.0,2.0,1.2158542088800035
1.0,1.0,1.0,2.0,1.0,3.0,1.215916488389232
1.0,1.0,1.0,2.0,1.0,5.0,1.402374515206968
1.0,1.0,1.0,2.0,2.0,1.0,1.2158693574000685
1.0,1.0,1.0,2.0,2.0,2.0,1.21591366143154
1.0,1.0,1.0,2.0,2.0,3.0,1.215959426655042
1.0,1.0,1.0,2.0,3.0,1.0,1.2159442704681682
1.0,1.0,1.0,2.0,3.0,2.0,1.2159613737195296
1.0,1.0,1.0,2.0,3.0,3.0,1.2159749736825485
1.0,1.0,1.0,3.0,1.0,1.0,1.2158070799885585
1.0,1.0,1.0,3.0,1.0,2.0,1.2159107165531342
1.0,1.0,1.0,3.0,1.0,3.0,1.2159122342614264
1.0,1.0,1.0,3.0,2.0,1.0,1.2159030736672491
1.0,1.0,1.0,3.0,2.0,2.0,1.215921230839595
1.0,1.0,1.0,3.0,2.0,3.0,1.22887511790522
1.0,1.0,1.0,3.0,3.0,1.0,1.215951347091291
1.0,1.0,1.0,3.0,3.0,2.0,1.228871169982239
1.0,1.0,1.0,3.0,3.0,3.0,1.2288765230949106
1.0,1.0,1.0,3.0,4.0,1.0,1.228878974653548
1.0,1.0,1.0,3.0,4.0,2.0,1.228874879490424
1.0,1.0,1.0,3.0,4.0,3.0,1.2288741861411598
1.0,1.0,1.0,3.0,4.0,4.0,1.2288707707476847
1.0,1.0,1.0,3.0,5.0,3.0,1.2288718489482908
1.0,1.0,1.0,4.0,1.0,1.0,1.2158960394310663
1.0,1.0,1.0,4.0,1.0,2.0,1.215920781407734
1.0,1.0,1.0,4.0,2.0,2.0,1.215900426990185
1.0,1.0,1.0,4.0,3.0,2.0,1.2288305776104094
1.0,1.0,1.0,4.0,4.0,1.0,1.2288711304698083
1.0,1.0,1.0,4.0,4.0,2.0,1.3521634101378925
1.0,1.0,1.0,4.0,4.0,3.0,1.3521517275715458
1.0,1.0,1.0,4.0,4.0,4.0,1.5210011615088184
1.0,1.0,1.0,4.0,5.0,5.0,1.5209974074726662
1.0,1.0,1.0,5.0,1.0,1.0,1.2159170115454907
1.0,1.0,1.0,5.0,1.0,2.0,1.215940228453312
1.0,1.0,1.0,5.0,1.0,5.0,1.40238121401858
1.0,1.0,1.0,5.0,2.0,3.0,1.228879245784982
1.0,1.0,1.0,5.0,5.0,5.0,1.5209914226830472
1.0,1.0,2.0,1.0,1.0,1.0,1.2157918736923259
1.0,1.0,2.0,1.0,1.0,2.0,1.3526615912010131
1.0,1.0,2.0,1.0,2.0,1.0,1.215898046280019
1.0,1.0,2.0,1.0,3.0,1.0,1.215949626874693
1.0,1.0,2.0,2.0,1.0,1.0,1.2158817606090842
1.0,1.0,2.0,2.0,1.0,2.0,1.3526739485454704
1.0,1.0,2.0,2.0,2.0,2.0,1.3912162479846448
1.0,1.0,2.0,2.0,3.0,1.0,1.2159181965508283
1.0,1.0,2.0,2.0,3.0,2.0,1.3912189789188896
1.0,1.0,2.0,3.0,1.0,1.0,1.2158880645760748
1.0,1.0,2.0,3.0,1.0,3.0,1.3664235198354553
1.0,1.0,2.0,3.0,2.0,1.0,1.2159008304635337
1.0,1.0,2.0,3.0,2.0,2.0,1.3912148929335053
1.0,1.0,2.0,3.0,3.0,1.0,1.2159193167715634
1.0,1.0,2.0,3.0,3.0,2.0,1.501716749567454
1.0,1.0,2.0,3.0,3.0,3.0,1.5017162447108134
1.0,1.0,2.0,3.0,4.0,3.0,1.5017144270781821
1.0,1.0,2.0,3.0,4.0,4.0,1.7228060351158607
1.0,1.0,2.0,4.0,1.0,4.0,1.3664421494049035
1.0,1.0,2.0,4.0,3.0,3.0,1.683705485173078
1.0,1.0,2.0,4.0,3.0,4.0,1.722807162421097
1.0,1.0,2.0,4.0,4.0,3.0,1.6837053411568286
1.0,1.0,2.0,4.0,4.0,4.0,1.7228059135463458
1.0,1.0,2.0,5.0,1.0,2.0,1.3526768836384635
1.0,1.0,2.0,5.0,1.0,5.0,1.722794084072242
1.0,1.0,3.0,1.0,1.0,1.0,1.2158909144943177
1.0,1.0,3.0,1.0,1.0,2.0,1.3526583998925215
1.0,1.0,3.0,1.0,1.0,3.0,1.3664213700961179
1.0,1.0,3.0,1.0,2.0,3.0,1.3664183650462545
1.0,1.0,3.0,1.0,3.0,1.0,1.2159452042138081
1.0,1.0,3.0,2.0,1.0,1.0,1.2159027919207808
1.0,1.0,3.0,2.0,1.0,2.0,1.366424016304931
1.0,1.0,3.0,2.0,2.0,2.0,1.4851619409924397
1.0,1.0,3.0,2.0,3.0,3.0,1.4851623973740342
1.0,1.0,3.0,2.0,5.0,5.0,1.4851623625725603
1.0,1.0,3.0,3.0,1.0,3.0,1.3664213685053455
1.0,1.0,3.0,3.0,2.0,2.0,1.485158008578654
1.0,1.0,3.0,3.0,3.0,1.0,1.215921860593793
1.0,1.0,3.0,3.0,3.0,3.0,1.6837016275988552
1.0,1.0,3.0,4.0,1.0,3.0,1.3664210654776336
1.0,1.0,3.0,4.0,3.0,3.0,1.6837038904427366
1.0,1.0,3.0,4.0,4.0,3.0,1.6837036010763922
1.0,1.0,3.0,4.0,4.0,4.0,1.7501836797348937
1.0,1.0,3.0,5.0,3.0,5.0,1.7228045869464776
1.0,1.0,4.0,1.0,2.0,3.0,1.3664189883750975
1.0,1.0,4.0,2.0,3.0,3.0,1.4851636709121843
1.0,1.0,4.0,4.0,1.0,2.0,1.6638542767734061
1.0,1.0,4.0,4.0,4.0,4.0,1.7501827864974973
1.0,1.0,4.0,5.0,5.0,3.0,2.0943524028623157
1.0,1.0,5.0,1.0,1.0,1.0,1.2159276197710331
1.0,1.0,5.0,1.0,2.0,1.0,1.2159091043427952
1.0,1.0,5.0,3.0,2.0,3.0,1.4851569319688882
1.0,2.0,1.0,1.0,1.0,1.0,1.2155017766238967
1.0,2.0,1.0,1.0,1.0,2.0,1.215883884837261
1.0,2.0,1.0,1.0,1.0,3.0,1.215968232950191
1.0,2.0,1.0,1.0,2.0,1.0,1.2159730292034088
1.0,2.0,1.0,1.0,2.0,2.0,1.215983142326521
1.0,2.0,1.0,1.0,2.0,3.0,1.2160004805743896
1.0,2.0,1.0,1.0,3.0,1.0,1.2160410365521839
1.0,2.0,1.0,1.0,3.0,2.0,1.2160427040369552
1.0,2.0,1.0,1.0,4.0,1.0,1.2160838558388805
1.0,2.0,1.0,2.0,1.0,1.0,1.215812074076683
1.0,2.0,1.0,2.0,1.0,2.0,1.2159150699254795
1.0,2.0,1.0,2.0,2.0,1.0,1.2159684039633918
1.0,2.0,1.0,2.0,2.0,2.0,1.2159659854985472
1.0,2.0,1.0,2.0,3.0,1.0,1.216027381398356
1.0,2.0,1.0,2.0,3.0,2.0,1.2160037847268783
1.0,2.0,1.0,2.0,3.0,3.0,1.2159887448200117
1.0,2.0,1.0,3.0,1.0,1.0,1.215872636843115
1.0,2.0,1.0,3.0,1.0,2.0,1.215938877107643
1.0,2.0,1.0,3.0,1.0,3.0,1.2159493979009752
1.0,2.0,1.0,3.0,2.0,1.0,1.2160043274991488
1.0,2.0,1.0,3.0,2.0,2.0,1.2159652367556983
1.0,2.0,1.0,3.0,2.0,3.0,1.2373493133094149
1.0,2.0,1.0,3.0,3.0,1.0,1.2160447431052428
1.0,2.0,1.0,3.0,3.0,2.0,1.2289012180251038
1.0,2.0,1.0,3.0,3.0,3.0,1.23734996206427
1.0,2.0,1.0,3.0,4.0,2.0,1.3521633408749836
1.0,2.0,1.0,3.0,4.0,3.0,1.352165099792446
1.0,2.0,1.0,4.0,1.0,1.0,1.2159086713065947
1.0,2.0,1.0,4.0,1.0,3.0,1.2159333774287968
1.0,2.0,1.0,4.0,2.0,2.0,1.2373666507723122
1.0,2.0,1.0,4.0,3.0,1.0,1.2160933137844683
1.0,2.0,1.0,4.0,3.0,2.0,1.2373697785494837
1.0,2.0,1.0,4.0,3.0,3.0,1.2373600477482034
1.0,2.0,1.0,4.0,4.0,2.0,1.3521667899416816
1.0,2.0,1.0,4.0,4.0,3.0,1.3521583244428421
1.0,2.0,1.0,4.0,4.0,4.0,1.52099797302554
1.0,2.0,1.0,5.0,1.0,4.0,1.2159362138105385
1.0,2.0,1.0,5.0,3.0,3.0,1.237360010092688
1.0,2.0,1.0,5.0,3.0,5.0,1.4023889341441091
1.0,2.0,1.0,5.0,5.0,2.0,1.3521835954087353
1.0,2.0,2.0,1.0,1.0,1.0,1.2159413502799339
1.0,2.0,2.0,1.0,2.0,1.0,1.2159998707709163
1.0,2.0,2.0,1.0,2.0,2.0,1.352661811504159
1.0,2.0,2.0,1.0,2.0,3.0,1.352660854519861
1.0,2.0,2.0,1.0,3.0,1.0,1.2160323287965544
1.0,2.0,2.0,1.0,3.0,2.0,1.3526627736940229
1.0,2.0,2.0,1.0,3.0,3.0,1.3526620200641268
1.0,2.0,2.0,2.0,1.0,1.0,1.2159322230497651
1.0,2.0,2.0,2.0,2.0,1.0,1.2729735810058125
1.0,2.0,2.0,2.0,2.0,2.0,1.3912155226269747
1.0,2.0,2.0,2.0,2.0,3.0,1.5003709215767018
1.0,2.0,2.0,2.0,2.0,4.0,1.5003752203753287
1.0,2.0,2.0,2.0,3.0,1.0,1.2729696413132643
1.0,2.0,2.0,2.0,3.0,2.0,1.391212338589853
1.0,2.0,2.0,2.0,3.0,3.0,1.558593042398508
1.0,2.0,2.0,2.0,4.0,3.0,1.7955274958976424
1.0,2.0,2.0,3.0,1.0,1.0,1.2158975564190844
1.0,2.0,2.0,3.0,1.0,2.0,1.3664175479218705
1.0,2.0,2.0,3.0,1.0,3.0,1.366419456959212
1.0,2.0,2.0,3.0,2.0,1.0,1.2729751434644252
1.0,2.0,2.0,3.0,2.0,2.0,1.3912155879688286
1.0,2.0,2.0,3.0,2.0,3.0,1.5027758727470149
1.0,2.0,2.0,3.0,3.0,1.0,1.272972934204991
1.0,2.0,2.0,3.0,3.0,2.0,1.5017127043741432
1.0,2.0,2.0,3.0,3.0,3.0,1.5736966881993997
1.0,2.0,2.0,3.0,4.0,3.0,1.7955316029759836
1.0,2.0,2.0,3.0,4.0,4.0,1.7955332639978097
1.0,2.0,2.0,4.0,1.0,1.0,1.2158928137293494
1.0,2.0,2.0,4.0,1.0,3.0,1.6638467348656074
1.0,2.0,2.0,4.0,3.0,3.0,1.7955417300569803
1.0,2.0,2.0,4.0,4.0,1.0,1.272965322179584
1.0,2.0,2.0,4.0,4.0,3.0,1.7955397524844348
1.0,2.0,2.0,4.0,4.0,4.0,1.7955338822735358
1.0,2.0,2.0,4.0,5.0,5.0,1.7955328388172118
1.0,2.0,2.0,5.0,3.0,4.0,1.7955403589809447
1.0,2.0,2.0,5.0,5.0,4.0,2.061802018249133
1.0,2.0,3.0,1.0,1.0,1.0,1.2159633941980235
1.0,2.0,3.0,1.0,2.0,1.0,1.216020035440194
1.0,2.0,3.0,1.0,2.0,3.0,1.3664187425352454
1.0,2.0,3.0,1.0,3.0,1.0,1.216027341810123
1.0,2.0,3.0,2.0,1.0,1.0,1.2159265703651432
1.0,2.0,3.0,2.0,1.0,2.0,1.3664275847841498
1.0,2.0,3.0,2.0,1.0,3.0,1.3664284886014746
1.0,2.0,3.0,2.0,2.0,1.0,1.2822202908248967
1.0,2.0,3.0,2.0,2.0,2.0,1.4999347564217587
1.0,2.0,3.0,2.0,3.0,2.0,1.4999340994606496
1.0,2.0,3.0,2.0,3.0,3.0,1.683701772558434
1.0,2.0,3.0,3.0,1.0,1.0,1.2822209755713052
1.0,2.0,3.0,3.0,1.0,2.0,1.3762737650139167
1.0,2.0,3.0,3.0,1.0,3.0,1.3762736713908486
1.0,2.0,3.0,3.0,2.0,1.0,1.2822227136828903
1.0,2.0,3.0,3.0,2.0,2.0,1.565068664612685
1.0,2.0,3.0,3.0,2.0,3.0,1.6837023959100088
1.0,2.0,3.0,3.0,2.0,4.0,1.6837023710396906
1.0,2.0,3.0,3.0,3.0,1.0,1.282225803918689
1.0,2.0,3.0,3.0,3.0,2.0,1.565069064314251
1.0,2.0,3.0,3.0,3.0,3.0,1.6837016024829619
1.0,2.0,3.0,3.0,4.0,3.0,1.7955321902846115
1.0,2.0,3.0,3.0,4.0,4.0,1.9123208464963168
1.0,2.0,3.0,4.0,2.0,4.0,2.0940039911687687
1.0,2.0,3.0,4.0,3.0,2.0,1.752742890255329
1.0,2.0,3.0,4.0,3.0,3.0,1.7955414552258544
1.0,2.0,3.0,4.0,3.0,4.0,2.094004294974902
1.0,2.0,3.0,4.0,4.0,2.0,1.7527431245830432
1.0,2.0,3.0,4.0,4.0,3.0,1.7955414696444223
1.0,2.0,3.0,4.0,4.0,4.0,2.094006509840355
1.0,2.0,3.0,4.0,5.0,4.0,2.4750642847054274
1.0,2.0,3.0,5.0,3.0,4.0,2.0940057555870455
1.0,2.0,3.0,5.0,4.0,3.0,1.7955386826594808
1.0,2.0,4.0,2.0,1.0,3.0,1.6638382947467603
1.0,2.0,4.0,3.0,1.0,4.0,1.9123252415894088
1.0,2.0,4.0,3.0,3.0,2.0,1.6837012077917335
1.0,2.0,4.0,3.0,3.0,3.0,1.6837014479298906
1.0,2.0,4.0,4.0,3.0,4.0,2.094002522834871
1.0,2.0,4.0,4.0,4.0,4.0,2.279679568776273
1.0,2.0,4.0,5.0,4.0,2.0,2.4750633477342383
1.0,2.0,4.0,5.0,5.0,4.0,2.4750646133774676
1.0,2.0,5.0,3.0,3.0,3.0,1.6837014411693731
1.0,2.0,5.0,4.0,4.0,3.0,2.2796803180007914
1.0,3.0,1.0,1.0,1.0,1.0,1.2163015634655838
1.0,3.0,1.0,1.0,1.0,2.0,1.2161453325333758
1.0,3.0,1.0,1.0,1.0,3.0,1.2161010329929993
1.0,3.0,1.0,1.0,2.0,1.0,1.216192753818879
1.0,3.0,1.0,1.0,2.0,2.0,1.2161364948277487
1.0,3.0,1.0,1.0,2.0,3.0,1.2161055884683774
1.0,3.0,1.0,1.0,3.0,1.0,1.2161707084591327
1.0,3.0,1.0,1.0,3.0,2.0,1.2161476373173874
1.0,3.0,1.0,1.0,3.0,3.0,1.2161265295803247
1.0,3.0,1.0,1.0,4.0,1.0,1.2161697075508153
1.0,3.0,1.0,1.0,4.0,3.0,1.2161607768730396
1.0,3.0,1.0,1.0,4.0,4.0,1.2161854010604451
1.0,3.0,1.0,1.0,5.0,3.0,1.2161066359912778
1.0,3.0,1.0,1.0,5.0,4.0,1.5680219812080336
1.0,3.0,1.0,2.0,1.0,1.0,1.2160576433350099
1.0,3.0,1.0,2.0,1.0,2.0,1.2160678193177956
1.0,3.0,1.0,2.0,1.0,3.0,1.2160172207628543
1.0,3.0,1.0,2.0,2.0,1.0,1.2161430348927154
1.0,3.0,1.0,2.0,2.0,2.0,1.21607168570621
1.0,3.0,1.0,2.0,2.0,3.0,1.2160430771561719
1.0,3.0,1.0,2.0,2.0,5.0,1.4023791419300937
1.0,3.0,1.0,2.0,3.0,1.0,1.2161605841129008
1.0,3.0,1.0,2.0,3.0,2.0,1.2373494430469274
1.0,3.0,1.0,2.0,3.0,3.0,1.2373492381492621
1.0,3.0,1.0,2.0,3.0,4.0,1.4160709978635078
1.0,3.0,1.0,2.0,4.0,3.0,1.237348632683556
1.0,3.0,1.0,3.0,1.0,1.0,1.216016968856802
1.0,3.0,1.0,3.0,1.0,2.0,1.2159969150606273
1.0,3.0,1.0,3.0,1.0,3.0,1.215991240074865
1.0,3.0,1.0,3.0,1.0,4.0,1.2159928803994522
1.0,3.0,1.0,3.0,2.0,1.0,1.2161368071254732
1.0,3.0,1.0,3.0,2.0,2.0,1.2373495746589627
1.0,3.0,1.0,3.0,2.0,3.0,1.2373487523250115
1.0,3.0,1.0,3.0,2.0,4.0,1.2373492746966213
1.0,3.0,1.0,3.0,3.0,1.0,1.2161527516002884
1.0,3.0,1.0,3.0,3.0,2.0,1.2373492285345253
1.0,3.0,1.0,3.0,3.0,3.0,1.2373496120531797
1.0,3.0,1.0,3.0,3.0,4.0,1.4160703633350384
1.0,3.0,1.0,3.0,4.0,2.0,1.4023762381572307
1.0,3.0,1.0,3.0,4.0,3.0,1.4023763640098008
1.0,3.0,1.0,3.0,4.0,4.0,1.5209945807981642
1.0,3.0,1.0,3.0,5.0,3.0,1.5206340358010968
1.0,3.0,1.0,4.0,1.0,1.0,1.2159839375235126
1.0,3.0,1.0,4.0,1.0,2.0,1.2159614858645054
1.0,3.0,1.0,4.0,1.0,3.0,1.4023797869826866
1.0,3.0,1.0,4.0,1.0,4.0,1.4023781777832123
1.0,3.0,1.0,4.0,2.0,1.0,1.2161551348212423
1.0,3.0,1.0,4.0,2.0,2.0,1.3577054131165418
1.0,3.0,1.0,4.0,2.0,3.0,1.4023805144621966
1.0,3.0,1.0,4.0,3.0,2.0,1.4023780614741255
1.0,3.0,1.0,4.0,3.0,3.0,1.4023786111929268
1.0,3.0,1.0,4.0,3.0,4.0,1.5209942847287448
1.0,3.0,1.0,4.0,4.0,2.0,1.4023770294702667
1.0,3.0,1.0,4.0,4.0,3.0,1.4023774855632731
1.0,3.0,1.0,4.0,4.0,4.0,1.5209946353689772
1.0,3.0,1.0,4.0,5.0,3.0,1.5321359490317765
1.0,3.0,1.0,4.0,5.0,4.0,1.5680212585993463
1.0,3.0,1.0,5.0,1.0,1.0,1.2159495807081697
1.0,3.0,1.0,5.0,1.0,2.0,1.2159517211283943
1.0,3.0,1.0,5.0,1.0,3.0,1.4023797594464635
1.0,3.0,1.0,5.0,1.0,5.0,1.6916090789226355
1.0,3.0,1.0,5.0,2.0,2.0,1.3577015604088378
1.0,3.0,1.0,5.0,3.0,3.0,1.4023795640668875
1.0,3.0,1.0,5.0,4.0,3.0,1.4815366008308728
1.0,3.0,1.0,5.0,4.0,5.0,1.6916102859941957
1.0,3.0,1.0,5.0,5.0,5.0,1.6916101488139181
1.0,3.0,2.0,1.0,1.0,1.0,1.2161302699444188
1.0,3.0,2.0,1.0,1.0,2.0,1.3526608392669197
1.0,3.0,2.0,1.0,2.0,1.0,1.216141900582789
1.0,3.0,2.0,1.0,2.0,2.0,1.3526606239867054
1.0,3.0,2.0,1.0,2.0,3.0,1.3526586539836563
1.0,3.0,2.0,1.0,3.0,1.0,1.2161385567591645
1.0,3.0,2.0,1.0,3.0,2.0,1.3526612285558526
1.0,3.0,2.0,1.0,3.0,3.0,1.3526583725373125
1.0,3.0,2.0,1.0,4.0,3.0,1.4086917217069366
1.0,3.0,2.0,1.0,4.0,5.0,1.4086893641329155
1.0,3.0,2.0,2.0,1.0,1.0,1.216030734819115
1.0,3.0,2.0,2.0,1.0,2.0,1.3762737817106634
1.0,3.0,2.0,2.0,1.0,3.0,1.487410384725099
1.0,3.0,2.0,2.0,2.0,1.0,1.2729743214696922
1.0,3.0,2.0,2.0,2.0,2.0,1.558590525967765
1.0,3.0,2.0,2.0,3.0,1.0,1.272978811530533
1.0,3.0,2.0,2.0,3.0,2.0,1.5585907834968278
1.0,3.0,2.0,2.0,3.0,3.0,1.5585909421788575
1.0,3.0,2.0,2.0,3.0,4.0,1.5873076226846132
1.0,3.0,2.0,2.0,4.0,2.0,1.558590315566627
1.0,3.0,2.0,2.0,4.0,3.0,1.7955305073919294
1.0,3.0,2.0,3.0,1.0,1.0,1.241828245699505
1.0,3.0,2.0,3.0,1.0,2.0,1.3762734433065371
1.0,3.0,2.0,3.0,1.0,3.0,1.4994320967232977
1.0,3.0,2.0,3.0,2.0,1.0,1.2729762166097525
1.0,3.0,2.0,3.0,2.0,2.0,1.5650690325892134
1.0,3.0,2.0,3.0,2.0,3.0,1.5650692912185982
1.0,3.0,2.0,3.0,3.0,1.0,1.419661736941182
1.0,3.0,2.0,3.0,3.0,2.0,1.587307895838537
1.0,3.0,2.0,3.0,3.0,3.0,1.5873079318985694
1.0,3.0,2.0,3.0,3.0,4.0,1.5873077433427527
1.0,3.0,2.0,3.0,4.0,2.0,1.7198948551204265
1.0,3.0,2.0,3.0,4.0,3.0,1.7955335430431636
1.0,3.0,2.0,4.0,1.0,1.0,1.419660954617269
1.0,3.0,2.0,4.0,1.0,3.0,1.6638429920993565
1.0,3.0,2.0,4.0,1.0,4.0,1.6638419897473988
1.0,3.0,2.0,4.0,2.0,2.0,1.719894842203327
1.0,3.0,2.0,4.0,2.0,3.0,1.7527429938901127
1.0,3.0,2.0,4.0,3.0,2.0,1.7198951113395464
1.0,3.0,2.0,4.0,3.0,3.0,1.7955443205171027
1.0,3.0,2.0,4.0,3.0,4.0,1.7955421555851734
1.0,3.0,2.0,4.0,4.0,1.0,1.4196695757789575
1.0,3.0,2.0,4.0,4.0,2.0,1.7198968548381213
1.0,3.0,2.0,4.0,4.0,3.0,1.7955387614477176
1.0,3.0,2.0,4.0,4.0,4.0,1.7955392871702727
1.0,3.0,2.0,4.0,5.0,4.0,2.228354888157803
1.0,3.0,2.0,5.0,3.0,3.0,1.7955458779079392
1.0,3.0,2.0,5.0,3.0,4.0,1.7955434204018523
1.0,3.0,2.0,5.0,4.0,3.0,1.8572212231383178
1.0,3.0,2.0,5.0,4.0,4.0,1.8572232607646786
1.0,3.0,2.0,5.0,4.0,5.0,2.0876067223692876
1.0,3.0,2.0,5.0,5.0,3.0,2.041527749752699
1.0,3.0,2.0,5.0,5.0,5.0,2.228354702683211
1.0,3.0,3.0,1.0,1.0,1.0,1.2160897247230422
1.0,3.0,3.0,1.0,1.0,2.0,1.3526602135421462
1.0,3.0,3.0,1.0,1.0,3.0,1.3664162114130267
1.0,3.0,3.0,1.0,2.0,1.0,1.2161061295812894
1.0,3.0,3.0,1.0,2.0,2.0,1.3526605053737701
1.0,3.0,3.0,1.0,2.0,3.0,1.3664182084850895
1.0,3.0,3.0,1.0,3.0,1.0,1.2161279366376612
1.0,3.0,3.0,1.0,3.0,2.0,1.3526614473434875
1.0,3.0,3.0,1.0,3.0,3.0,1.3664199626228386
1.0,3.0,3.0,1.0,4.0,1.0,1.2161678588216156
1.0,3.0,3.0,1.0,4.0,2.0,1.3526642122333725
1.0,3.0,3.0,1.0,4.0,4.0,1.91232428846057
1.0,3.0,3.0,2.0,1.0,1.0,1.2822180967463974
1.0,3.0,3.0,2.0,1.0,2.0,1.3762725838715535
1.0,3.0,3.0,2.0,1.0,3.0,1.5953761193423095
1.0,3.0,3.0,2.0,2.0,1.0,1.2822198731016914
1.0,3.0,3.0,2.0,2.0,2.0,1.558589870889454
1.0,3.0,3.0,2.0,2.0,3.0,1.6837019678607807
1.0,3.0,3.0,2.0,3.0,1.0,1.2822221354365515
1.0,3.0,3.0,2.0,3.0,2.0,1.5585901048106647
1.0,3.0,3.0,2.0,3.0,3.0,1.6837017539424544
1.0,3.0,3.0,2.0,3.0,4.0,1.6837011453321227
1.0,3.0,3.0,2.0,4.0,3.0,1.7955308740310256
1.0,3.0,3.0,3.0,1.0,1.0,1.2822199266137357
1.0,3.0,3.0,3.0,1.0,2.0,1.3762732057134504
1.0,3.0,3.0,3.0,1.0,3.0,1.595376327066475
1.0,3.0,3.0,3.0,2.0,2.0,1.5650693145106187
1.0,3.0,3.0,3.0,2.0,3.0,1.6837017740293299
1.0,3.0,3.0,3.0,3.0,2.0,1.6285015149167743
1.0,3.0,3.0,3.0,3.0,3.0,1.6837015579066332
1.0,3.0,3.0,3.0,3.0,5.0,1.68370225200185
1.0,3.0,3.0,3.0,4.0,2.0,1.752743328443275
1.0,3.0,3.0,3.0,4.0,3.0,1.7955317191031694
1.0,3.0,3.0,3.0,4.0,4.0,1.912323116290209
1.0,3.0,3.0,3.0,5.0,4.0,2.0711036652358725
1.0,3.0,3.0,4.0,1.0,1.0,1.4196529189963638
1.0,3.0,3.0,4.0,1.0,2.0,1.5137402073624249
1.0,3.0,3.0,4.0,1.0,3.0,1.6638425140444466
1.0,3.0,3.0,4.0,1.0,4.0,1.66384249269222
1.0,3.0,3.0,4.0,2.0,2.0,1.752742898436471
1.0,3.0,3.0,4.0,2.0,3.0,1.7527419727932023
1.0,3.0,3.0,4.0,2.0,4.0,2.2007574649328028
1.0,3.0,3.0,4.0,3.0,1.0,1.419660709760859
1.0,3.0,3.0,4.0,3.0,2.0,1.7527425788433353
1.0,3.0,3.0,4.0,3.0,3.0,1.9097044705449877
1.0,3.0,3.0,4.0,3.0,4.0,2.2007571014771385
1.0,3.0,3.0,4.0,4.0,1.0,1.6382247925370044
1.0,3.0,3.0,4.0,4.0,2.0,1.752742690230319
1.0,3.0,3.0,4.0,4.0,3.0,1.9097046246953775
1.0,3.0,3.0,4.0,4.0,4.0,2.271166509057728
1.0,3.0,3.0,4.0,4.0,5.0,2.2711664215425618
1.0,3.0,3.0,4.0,5.0,4.0,2.4867697406428033
1.0,3.0,3.0,5.0,1.0,1.0,1.704087358298878
1.0,3.0,3.0,5.0,1.0,3.0,1.7614619942862384
1.0,3.0,3.0,5.0,2.0,3.0,1.8847666700062167
1.0,3.0,3.0,5.0,2.0,4.0,2.200759594189014
1.0,3.0,3.0,5.0,3.0,1.0,1.7527437224860087
1.0,3.0,3.0,5.0,3.0,2.0,1.7527441341694325
1.0,3.0,3.0,5.0,3.0,3.0,2.2007566161312266
1.0,3.0,3.0,5.0,3.0,5.0,2.3185259905766715
1.0,3.0,3.0,5.0,4.0,3.0,2.2711662584221752
1.0,3.0,3.0,5.0,4.0,4.0,2.2711668109331073
1.0,3.0,3.0,5.0,5.0,2.0,1.7527431191602547
1.0,3.0,3.0,5.0,5.0,3.0,2.4750632066968286
1.0,3.0,3.0,5.0,5.0,4.0,2.486769676979554
1.0,3.0,3.0,5.0,5.0,5.0,2.486769913438138
1.0,3.0,4.0,1.0,1.0,1.0,1.2161153752894278
1.0,3.0,4.0,1.0,1.0,3.0,1.3664121730603755
1.0,3.0,4.0,1.0,3.0,2.0,1.3526595042441483
1.0,3.0,4.0,2.0,1.0,1.0,1.2822173244401291
1.0,3.0,4.0,2.0,4.0,3.0,1.9123244540703772
1.0,3.0,4.0,3.0,1.0,2.0,1.6638432189075418
1.0,3.0,4.0,3.0,1.0,3.0,1.6638408288403237
1.0,3.0,4.0,3.0,2.0,3.0,1.683701616874155
1.0,3.0,4.0,3.0,3.0,3.0,1.6837014349616037
1.0,3.0,4.0,3.0,4.0,4.0,1.9123244247790867
1.0,3.0,4.0,4.0,2.0,3.0,1.752741221480478
1.0,3.0,4.0,4.0,3.0,2.0,1.7527405275297459
1.0,3.0,4.0,4.0,3.0,3.0,2.2796807294547294
1.0,3.0,4.0,4.0,3.0,4.0,2.279680860313709
1.0,3.0,4.0,4.0,4.0,3.0,2.2796806164780694
1.0,3.0,4.0,4.0,4.0,4.0,2.2796804341233257
1.0,3.0,4.0,4.0,4.0,5.0,2.2796808376289657
1.0,3.0,4.0,5.0,2.0,4.0,2.200763137508342
1.0,3.0,4.0,5.0,4.0,4.0,2.475062634293094
1.0,3.0,4.0,5.0,5.0,5.0,2.7404078732826718
1.0,3.0,5.0,1.0,3.0,2.0,1.3526582547793529
1.0,3.0,5.0,3.0,4.0,3.0,2.279681990699356
1.0,3.0,5.0,5.0,3.0,5.0,2.7404078262748097
1.0,3.0,5.0,5.0,5.0,3.0,2.4750634772188835
1.0,3.0,5.0,5.0,5.0,4.0,2.4867692901259586
1.0,4.0,1.0,1.0,1.0,1.0,1.2166124296679282
1.0,4.0,1.0,1.0,1.0,2.0,1.2163535654307347
1.0,4.0,1.0,1.0,1.0,3.0,1.216266144180582
1.0,4.0,1.0,1.0,2.0,1.0,1.2163650843166385
1.0,4.0,1.0,1.0,2.0,2.0,1.2163004122647563
1.0,4.0,1.0,1.0,2.0,3.0,1.2162259010071794
1.0,4.0,1.0,1.0,3.0,1.0,1.2162790173480906
1.0,4.0,1.0,1.0,3.0,2.0,1.2162628933943822
1.0,4.0,1.0,1.0,3.0,3.0,1.2162283744428115
1.0,4.0,1.0,1.0,3.0,4.0,1.21621755743943
1.0,4.0,1.0,1.0,4.0,1.0,1.2162551152433467
1.0,4.0,1.0,1.0,4.0,2.0,1.2162604717202434
1.0,4.0,1.0,1.0,4.0,3.0,1.2162138606535253
1.0,4.0,1.0,1.0,4.0,4.0,1.2162055165127947
1.0,4.0,1.0,1.0,5.0,4.0,1.5680211168384968
1.0,4.0,1.0,2.0,1.0,1.0,1.2163083749623145
1.0,4.0,1.0,2.0,1.0,2.0,1.2162647905204658
1.0,4.0,1.0,2.0,2.0,1.0,1.2162901058384163
1.0,4.0,1.0,2.0,2.0,2.0,1.3394848664126058
1.0,4.0,1.0,2.0,2.0,3.0,1.3394841521515148
1.0,4.0,1.0,2.0,3.0,1.0,1.2162667702975205
1.0,4.0,1.0,2.0,3.0,2.0,1.3394843350707761
1.0,4.0,1.0,2.0,3.0,3.0,1.339483974281786
1.0,4.0,1.0,2.0,3.0,4.0,1.5209929472917454
1.0,4.0,1.0,2.0,4.0,1.0,1.216282611714526
1.0,4.0,1.0,2.0,4.0,3.0,1.3394839729221277
1.0,4.0,1.0,2.0,4.0,5.0,1.6916088982345212
1.0,4.0,1.0,3.0,1.0,1.0,1.216163370634636
1.0,4.0,1.0,3.0,1.0,2.0,1.2396180720484502
1.0,4.0,1.0,3.0,1.0,3.0,1.2396190231800992
1.0,4.0,1.0,3.0,2.0,1.0,1.2161971729853862
1.0,4.0,1.0,3.0,2.0,2.0,1.3394861294504208
1.0,4.0,1.0,3.0,2.0,3.0,1.35770646588003
1.0,4.0,1.0,3.0,3.0,1.0,1.2162060642409498
1.0,4.0,1.0,3.0,3.0,2.0,1.3880260598218486
1.0,4.0,1.0,3.0,3.0,3.0,1.3880252580980572
1.0,4.0,1.0,3.0,3.0,4.0,1.5209934573190276
1.0,4.0,1.0,3.0,4.0,2.0,1.402375435006785
1.0,4.0,1.0,3.0,4.0,3.0,1.4512790065087824
1.0,4.0,1.0,3.0,4.0,4.0,1.5209936353110152
1.0,4.0,1.0,4.0,1.0,1.0,1.2160838091645862
1.0,4.0,1.0,4.0,1.0,2.0,1.239618060673095
1.0,4.0,1.0,4.0,1.0,3.0,1.4023798484675065
1.0,4.0,1.0,4.0,1.0,4.0,1.4023792241924071
1.0,4.0,1.0,4.0,2.0,1.0,1.2161732502574496
1.0,4.0,1.0,4.0,2.0,4.0,1.4023803095003302
1.0,4.0,1.0,4.0,3.0,1.0,1.2161544899890913
1.0,4.0,1.0,4.0,3.0,3.0,1.4023792106212518
1.0,4.0,1.0,4.0,3.0,4.0,1.5209943295355839
1.0,4.0,1.0,4.0,4.0,1.0,1.2763293821665622
1.0,4.0,1.0,4.0,4.0,2.0,1.4512793304335994
1.0,4.0,1.0,4.0,4.0,3.0,1.4512788738022273
1.0,4.0,1.0,4.0,4.0,4.0,1.5209933659427823
1.0,4.0,1.0,4.0,5.0,2.0,1.545313605838839
1.0,4.0,1.0,4.0,5.0,4.0,1.5680204114470517
1.0,4.0,1.0,5.0,2.0,4.0,1.5210056470071334
1.0,4.0,1.0,5.0,2.0,5.0,1.691610862163677
1.0,4.0,1.0,5.0,3.0,2.0,1.481529332674923
1.0,4.0,1.0,5.0,3.0,4.0,1.5209989289546197
1.0,4.0,1.0,5.0,4.0,3.0,1.4815307879830155
1.0,4.0,1.0,5.0,4.0,4.0,1.520996313283712
1.0,4.0,1.0,5.0,5.0,4.0,1.5680186659972948
1.0,4.0,1.0,5.0,5.0,5.0,1.6916098963733923
1.0,4.0,2.0,1.0,1.0,1.0,1.2163380337747114
1.0,4.0,2.0,1.0,1.0,2.0,1.3526615271892821
1.0,4.0,2.0,1.0,2.0,1.0,1.21628682844395
1.0,4.0,2.0,1.0,2.0,2.0,1.4012106262403317
1.0,4.0,2.0,1.0,2.0,3.0,1.4012111239049931
1.0,4.0,2.0,1.0,3.0,1.0,1.2162266638869705
1.0,4.0,2.0,1.0,3.0,2.0,1.4012082661567478
1.0,4.0,2.0,1.0,3.0,3.0,1.4086948351370083
1.0,4.0,2.0,1.0,4.0,2.0,1.4086935826299858
1.0,4.0,2.0,1.0,4.0,3.0,1.408693771891407
1.0,4.0,2.0,1.0,4.0,4.0,1.4086949465801613
1.0,4.0,2.0,2.0,1.0,2.0,1.3762731476518004
1.0,4.0,2.0,2.0,2.0,1.0,1.2729699981261382
1.0,4.0,2.0,2.0,2.0,2.0,1.5585905419545796
1.0,4.0,2.0,2.0,2.0,3.0,1.5585915977801335
1.0,4.0,2.0,2.0,3.0,1.0,1.285833981370486
1.0,4.0,2.0,2.0,3.0,2.0,1.5585907756652233
1.0,4.0,2.0,2.0,3.0,3.0,1.5585911771409924
1.0,4.0,2.0,2.0,3.0,4.0,1.7524219194149506
1.0,4.0,2.0,2.0,4.0,1.0,1.2858326743965658
1.0,4.0,2.0,2.0,4.0,2.0,1.5585915395220127
1.0,4.0,2.0,2.0,4.0,3.0,1.7955291391801134
1.0,4.0,2.0,2.0,4.0,4.0,2.005836701696018
1.0,4.0,2.0,2.0,5.0,1.0,1.5585934674682635
1.0,4.0,2.0,3.0,1.0,1.0,1.4196596451657402
1.0,4.0,2.0,3.0,1.0,2.0,1.4879178756787936
1.0,4.0,2.0,3.0,1.0,3.0,1.5953759838841235
1.0,4.0,2.0,3.0,2.0,1.0,1.419659572423966
1.0,4.0,2.0,3.0,2.0,2.0,1.5650689319565663
1.0,4.0,2.0,3.0,2.0,3.0,1.5953758320052107
1.0,4.0,2.0,3.0,2.0,4.0,1.7955599013923031
1.0,4.0,2.0,3.0,3.0,1.0,1.4196591053767378
1.0,4.0,2.0,3.0,3.0,2.0,1.6911643695585845
1.0,4.0,2.0,3.0,3.0,3.0,1.795558954390632
1.0,4.0,2.0,3.0,3.0,4.0,1.7955596521255919
1.0,4.0,2.0,3.0,4.0,2.0,1.71989528065324
1.0,4.0,2.0,3.0,4.0,3.0,1.8847650781996068
1.0,4.0,2.0,3.0,4.0,4.0,2.0058377249131154
1.0,4.0,2.0,3.0,5.0,2.0,2.005838254155213
1.0,4.0,2.0,3.0,5.0,4.0,2.0446942181958625
1.0,4.0,2.0,4.0,1.0,1.0,1.5851970013406178
1.0,4.0,2.0,4.0,1.0,3.0,1.6638413477704348
1.0,4.0,2.0,4.0,1.0,4.0,1.8016503700828097
1.0,4.0,2.0,4.0,2.0,1.0,1.5851970599494993
1.0,4.0,2.0,4.0,2.0,2.0,1.719895004424101
1.0,4.0,2.0,4.0,2.0,3.0,1.7955532759490125
1.0,4.0,2.0,4.0,2.0,4.0,2.005837036701262
1.0,4.0,2.0,4.0,3.0,2.0,1.719895477914935
1.0,4.0,2.0,4.0,3.0,3.0,1.7955536797658862
1.0,4.0,2.0,4.0,3.0,4.0,2.0058373375195235
1.0,4.0,2.0,4.0,4.0,3.0,2.0058374956919294
1.0,4.0,2.0,4.0,4.0,4.0,2.005837564068854
1.0,4.0,2.0,4.0,4.0,5.0,2.4867697852072945
1.0,4.0,2.0,4.0,5.0,3.0,2.0058373561676595
1.0,4.0,2.0,4.0,5.0,4.0,2.2283552126981836
1.0,4.0,2.0,5.0,1.0,3.0,1.6638395311269585
1.0,4.0,2.0,5.0,2.0,3.0,1.7955558098032793
1.0,4.0,2.0,5.0,3.0,3.0,1.7955543765661566
1.0,4.0,2.0,5.0,3.0,4.0,2.0058368213047517
1.0,4.0,2.0,5.0,4.0,5.0,2.486769402877047
1.0,4.0,3.0,1.0,1.0,1.0,1.2162079705680584
1.0,4.0,3.0,1.0,1.0,3.0,1.366414908520941
1.0,4.0,3.0,1.0,1.0,4.0,1.3664144841110664
1.0,4.0,3.0,1.0,2.0,1.0,1.2161982644055322
1.0,4.0,3.0,1.0,2.0,2.0,1.401212396666063
1.0,4.0,3.0,1.0,2.0,3.0,1.401212193626472
1.0,4.0,3.0,1.0,3.0,1.0,1.2161899291816027
1.0,4.0,3.0,1.0,3.0,2.0,1.408695515743798
1.0,4.0,3.0,1.0,3.0,3.0,1.4086950560841724
1.0,4.0,3.0,1.0,3.0,4.0,1.4086944702215074
1.0,4.0,3.0,1.0,4.0,1.0,1.2162052933863092
1.0,4.0,3.0,1.0,4.0,3.0,1.5361389229569868
1.0,4.0,3.0,1.0,4.0,4.0,2.129000728016988
1.0,4.0,3.0,1.0,5.0,1.0,1.2162079342502532
1.0,4.0,3.0,2.0,1.0,1.0,1.2858337788300596
1.0,4.0,3.0,2.0,1.0,2.0,1.376272768216371
1.0,4.0,3.0,2.0,1.0,3.0,1.5953764024000803
1.0,4.0,3.0,2.0,2.0,1.0,1.2858353199585504
1.0,4.0,3.0,2.0,2.0,2.0,1.5585890149792958
1.0,4.0,3.0,2.0,2.0,3.0,1.6837016127168694
1.0,4.0,3.0,2.0,2.0,4.0,2.0032094769769424
1.0,4.0,3.0,2.0,3.0,1.0,1.2858353368528421
1.0,4.0,3.0,2.0,3.0,2.0,1.5585893984638444
1.0,4.0,3.0,2.0,3.0,3.0,1.8847653336050019
1.0,4.0,3.0,2.0,3.0,5.0,2.3185256696633822
1.0,4.0,3.0,2.0,4.0,2.0,1.8847654576482298
1.0,4.0,3.0,2.0,4.0,3.0,1.8847653390900745
1.0,4.0,3.0,2.0,4.0,4.0,2.1290014864241202
1.0,4.0,3.0,2.0,5.0,2.0,1.996689461763975
1.0,4.0,3.0,3.0,1.0,1.0,1.4196589809694495
1.0,4.0,3.0,3.0,1.0,3.0,1.5953762671537242
1.0,4.0,3.0,3.0,2.0,2.0,1.5650691618940038
1.0,4.0,3.0,3.0,2.0,3.0,1.884766180486035
1.0,4.0,3.0,3.0,2.0,4.0,2.200757398564436
1.0,4.0,3.0,3.0,3.0,1.0,1.5126997589079343
1.0,4.0,3.0,3.0,3.0,2.0,1.884765865341126
1.0,4.0,3.0,3.0,3.0,3.0,1.8847654004470313
1.0,4.0,3.0,3.0,3.0,4.0,2.200756754230373
1.0,4.0,3.0,3.0,4.0,1.0,1.6382268903024602
1.0,4.0,3.0,3.0,4.0,2.0,1.8847655859900299
1.0,4.0,3.0,3.0,4.0,3.0,1.8847654272194574
1.0,4.0,3.0,3.0,4.0,4.0,2.271166863502377
1.0,4.0,3.0,3.0,4.0,5.0,2.318525798707876
1.0,4.0,3.0,3.0,5.0,3.0,2.0411094076317284
1.0,4.0,3.0,3.0,5.0,5.0,2.3185266851906916
1.0,4.0,3.0,4.0,1.0,1.0,1.585198110572419
1.0,4.0,3.0,4.0,1.0,2.0,1.6638453758912808
1.0,4.0,3.0,4.0,1.0,3.0,1.6638425177880312
1.0,4.0,3.0,4.0,1.0,4.0,1.8016507819454333
1.0,4.0,3.0,4.0,2.0,1.0,1.5851976318682335
1.0,4.0,3.0,4.0,2.0,2.0,1.8847651022323249
1.0,4.0,3.0,4.0,2.0,3.0,1.8847664419011716
1.0,4.0,3.0,4.0,3.0,1.0,1.5851984683954556
1.0,4.0,3.0,4.0,3.0,2.0,1.8847670091354491
1.0,4.0,3.0,4.0,3.0,3.0,2.054130325836952
1.0,4.0,3.0,4.0,3.0,4.0,2.2007564560855926
1.0,4.0,3.0,4.0,4.0,2.0,1.884765745249247
1.0,4.0,3.0,4.0,4.0,3.0,2.0927489028989026
1.0,4.0,3.0,4.0,4.0,4.0,2.271166812355146
1.0,4.0,3.0,4.0,4.0,5.0,2.4867696989357735
1.0,4.0,3.0,4.0,5.0,3.0,2.092748763450495
1.0,4.0,3.0,4.0,5.0,4.0,2.4867697018109203
1.0,4.0,3.0,5.0,2.0,2.0,1.8847655422475478
1.0,4.0,3.0,5.0,2.0,3.0,1.8847657950878354
1.0,4.0,3.0,5.0,2.0,4.0,2.2007578114292508
1.0,4.0,3.0,5.0,3.0,3.0,2.2007568493595038
1.0,4.0,3.0,5.0,3.0,4.0,2.2007569127558693
1.0,4.0,3.0,5.0,4.0,2.0,2.040538348215063
1.0,4.0,3.0,5.0,4.0,3.0,2.4750646669202765
1.0,4.0,3.0,5.0,4.0,4.0,2.475062835839989
1.0,4.0,3.0,5.0,5.0,1.0,2.0273898462825417
1.0,4.0,3.0,5.0,5.0,4.0,2.486769710257413
1.0,4.0,3.0,5.0,5.0,5.0,2.486769572472411
1.0,4.0,4.0,1.0,1.0,1.0,1.2161428348330408
1.0,4.0,4.0,1.0,1.0,2.0,1.352659625247611
1.0,4.0,4.0,1.0,2.0,1.0,1.5585830159154535
1.0,4.0,4.0,2.0,1.0,1.0,1.2858335255545257
1.0,4.0,4.0,2.0,2.0,2.0,1.5585868798104479
1.0,4.0,4.0,2.0,3.0,2.0,1.558588289739795
1.0,4.0,4.0,2.0,4.0,3.0,2.2796813300779863
1.0,4.0,4.0,2.0,4.0,4.0,2.2796812266515096
1.0,4.0,4.0,3.0,1.0,1.0,1.4196549151853581
1.0,4.0,4.0,3.0,1.0,3.0,1.6638415252188492
1.0,4.0,4.0,3.0,3.0,1.0,1.5585877095885374
1.0,4.0,4.0,3.0,3.0,3.0,1.8847655344317389
1.0,4.0,4.0,3.0,4.0,2.0,1.8847658715752273
1.0,4.0,4.0,3.0,4.0,3.0,2.2796811017278547
1.0,4.0,4.0,3.0,4.0,4.0,2.2796810142497064
1.0,4.0,4.0,4.0,1.0,1.0,1.5851976109325188
1.0,4.0,4.0,4.0,1.0,2.0,1.6638469383843986
1.0,4.0,4.0,4.0,1.0,3.0,1.6638434648561073
1.0,4.0,4.0,4.0,1.0,4.0,2.202216527643341
1.0,4.0,4.0,4.0,2.0,3.0,1.884767244672
1.0,4.0,4.0,4.0,2.0,4.0,2.2796802078478797
1.0,4.0,4.0,4.0,3.0,4.0,2.2796808838589313
1.0,4.0,4.0,4.0,4.0,1.0,1.638225447718348
1.0,4.0,4.0,4.0,4.0,2.0,1.8847654818602773
1.0,4.0,4.0,4.0,4.0,3.0,2.279680870444576
1.0,4.0,4.0,4.0,4.0,4.0,2.2796806958091422
1.0,4.0,4.0,4.0,5.0,2.0,2.0781756705117203
1.0,4.0,4.0,4.0,5.0,5.0,2.7404087973790605
1.0,4.0,4.0,5.0,1.0,4.0,2.202213746023345
1.0,4.0,4.0,5.0,3.0,4.0,2.2796803828337175
1.0,4.0,4.0,5.0,3.0,5.0,2.3185263443763553
1.0,4.0,4.0,5.0,4.0,4.0,2.47506328071005
1.0,4.0,4.0,5.0,4.0,5.0,2.7404078456261707
1.0,4.0,4.0,5.0,5.0,4.0,2.7404080204989714
1.0,4.0,4.0,5.0,5.0,5.0,2.7404080877936225
1.0,4.0,5.0,1.0,2.0,1.0,1.5585776058106642
1.0,4.0,5.0,1.0,3.0,3.0,1.6414572918543728
1.0,4.0,5.0,1.0,3.0,4.0,1.6414564208470597
1.0,4.0,5.0,3.0,4.0,3.0,2.2796812843734613
1.0,4.0,5.0,3.0,4.0,4.0,2.7404092990949174
1.0,4.0,5.0,4.0,4.0,3.0,2.279680779082923
1.0,4.0,5.0,4.0,4.0,4.0,2.740408689374961
1.0,4.0,5.0,5.0,5.0,4.0,2.740408275434111
1.0,4.0,5.0,5.0,5.0,5.0,2.740408069867386
1.0,5.0,1.0,1.0,1.0,1.0,1.2168586767974547
1.0,5.0,1.0,1.0,1.0,2.0,1.2165076705903497
1.0,5.0,1.0,1.0,1.0,3.0,1.2163670478420012
1.0,5.0,1.0,1.0,1.0,4.0,1.4023778661279507
1.0,5.0,1.0,1.0,1.0,5.0,1.4023722212271774
1.0,5.0,1.0,1.0,2.0,1.0,1.2165040698060938
1.0,5.0,1.0,1.0,2.0,2.0,1.2164241354426042
1.0,5.0,1.0,1.0,3.0,1.0,1.2163712042929784
1.0,5.0,1.0,1.0,3.0,2.0,1.2163402321628187
1.0,5.0,1.0,1.0,3.0,3.0,1.2163163301975444
1.0,5.0,1.0,1.0,4.0,2.0,1.2163084066370964
1.0,5.0,1.0,1.0,5.0,1.0,1.2163181716041263
1.0,5.0,1.0,1.0,5.0,3.0,1.2163177056609498
1.0,5.0,1.0,1.0,5.0,4.0,1.5680221992660353
1.0,5.0,1.0,1.0,5.0,5.0,1.5680228471091633
1.0,5.0,1.0,2.0,1.0,1.0,1.216565943315055
1.0,5.0,1.0,2.0,1.0,2.0,1.258784646165352
1.0,5.0,1.0,2.0,1.0,3.0,1.3394865375828977
1.0,5.0,1.0,2.0,2.0,1.0,1.2164315484745971
1.0,5.0,1.0,2.0,2.0,2.0,1.3394845893947114
1.0,5.0,1.0,2.0,2.0,3.0,1.339484274244423
1.0,5.0,1.0,2.0,2.0,4.0,1.402381374810811
1.0,5.0,1.0,2.0,3.0,1.0,1.2163550708126079
1.0,5.0,1.0,2.0,3.0,2.0,1.3394851971765995
1.0,5.0,1.0,2.0,3.0,3.0,1.3394840599363667
1.0,5.0,1.0,2.0,3.0,4.0,1.5209930500100572
1.0,5.0,1.0,2.0,4.0,1.0,1.2163218485517804
1.0,5.0,1.0,2.0,5.0,2.0,1.339487135728866
1.0,5.0,1.0,2.0,5.0,4.0,1.6916060664241181
1.0,5.0,1.0,3.0,1.0,1.0,1.2587827904633346
1.0,5.0,1.0,3.0,1.0,2.0,1.258782548707496
1.0,5.0,1.0,3.0,1.0,3.0,1.3394867042955005
1.0,5.0,1.0,3.0,2.0,1.0,1.2763329692796321
1.0,5.0,1.0,3.0,2.0,2.0,1.3577092436475486
1.0,5.0,1.0,3.0,2.0,3.0,1.3577053058238102
1.0,5.0,1.0,3.0,2.0,5.0,1.4023797281309855
1.0,5.0,1.0,3.0,3.0,1.0,1.27633435954248
1.0,5.0,1.0,3.0,3.0,3.0,1.4512788552845581
1.0,5.0,1.0,3.0,3.0,4.0,1.5482242139406146
1.0,5.0,1.0,3.0,4.0,1.0,1.2763318403756672
1.0,5.0,1.0,3.0,4.0,2.0,1.4023739071656198
1.0,5.0,1.0,3.0,4.0,3.0,1.4512786740493964
1.0,5.0,1.0,3.0,5.0,3.0,1.5739712286197545
1.0,5.0,1.0,3.0,5.0,5.0,1.6916068787963225
1.0,5.0,1.0,4.0,1.0,1.0,1.2587822811950338
1.0,5.0,1.0,4.0,1.0,2.0,1.2587849621767082
1.0,5.0,1.0,4.0,1.0,3.0,1.4023814684292306
1.0,5.0,1.0,4.0,2.0,3.0,1.40238286603299
1.0,5.0,1.0,4.0,3.0,3.0,1.4512786712619428
1.0,5.0,1.0,4.0,3.0,5.0,1.5482235594678329
1.0,5.0,1.0,4.0,4.0,1.0,1.2763306756243473
1.0,5.0,1.0,4.0,4.0,2.0,1.4512787984379225
1.0,5.0,1.0,4.0,4.0,3.0,1.4512787972403018
1.0,5.0,1.0,4.0,4.0,4.0,1.6916070846373925
1.0,5.0,1.0,4.0,4.0,5.0,1.6916088347565965
1.0,5.0,1.0,4.0,5.0,2.0,1.5453140818348239
1.0,5.0,1.0,4.0,5.0,3.0,1.5739680200599415
1.0,5.0,1.0,4.0,5.0,4.0,1.6916066982770888
1.0,5.0,1.0,5.0,1.0,1.0,1.2587822239010107
1.0,5.0,1.0,5.0,1.0,2.0,1.2587838603584027
1.0,5.0,1.0,5.0,1.0,3.0,1.4023791161210435
1.0,5.0,1.0,5.0,1.0,4.0,1.402379091895144
1.0,5.0,1.0,5.0,1.0,5.0,1.691612484977631
1.0,5.0,1.0,5.0,2.0,2.0,1.3577072801176957
1.0,5.0,1.0,5.0,2.0,3.0,1.481541174661605
1.0,5.0,1.0,5.0,2.0,5.0,1.69161137364544
1.0,5.0,1.0,5.0,3.0,3.0,1.4815341794697445
1.0,5.0,1.0,5.0,3.0,4.0,1.5482237903169098
1.0,5.0,1.0,5.0,3.0,5.0,1.6916103402653486
1.0,5.0,1.0,5.0,4.0,1.0,1.5300318671403004
1.0,5.0,1.0,5.0,4.0,3.0,1.6916106152462926
1.0,5.0,1.0,5.0,4.0,5.0,1.6916097249468225
1.0,5.0,1.0,5.0,5.0,1.0,1.5300307342863264
1.0,5.0,1.0,5.0,5.0,3.0,1.6916064021134287
1.0,5.0,1.0,5.0,5.0,5.0,1.6916076597488987
1.0,5.0,2.0,1.0,1.0,1.0,1.2164704267142634
1.0,5.0,2.0,1.0,2.0,1.0,1.2164300363270237
1.0,5.0,2.0,1.0,3.0,1.0,1.4012057852035678
1.0,5.0,2.0,1.0,3.0,2.0,1.4012068644508864
1.0,5.0,2.0,1.0,3.0,3.0,1.5148746043910744
1.0,5.0,2.0,1.0,4.0,1.0,1.4860982672870844
1.0,5.0,2.0,1.0,4.0,2.0,1.54329784453101
1.0,5.0,2.0,2.0,1.0,1.0,1.2858310267432351
1.0,5.0,2.0,2.0,1.0,2.0,1.3762718149891586
1.0,5.0,2.0,2.0,1.0,3.0,1.7524227526735492
1.0,5.0,2.0,2.0,2.0,1.0,1.3266406032858837
1.0,5.0,2.0,2.0,2.0,2.0,1.5585905398452775
1.0,5.0,2.0,2.0,3.0,1.0,1.4868720878847075
1.0,5.0,2.0,2.0,3.0,2.0,1.5585910645078724
1.0,5.0,2.0,2.0,3.0,3.0,1.7524223224045763
1.0,5.0,2.0,2.0,3.0,4.0,1.752422243418602
1.0,5.0,2.0,2.0,4.0,3.0,1.8847663004372044
1.0,5.0,2.0,2.0,5.0,2.0,1.5585920423624264
1.0,5.0,2.0,2.0,5.0,3.0,2.0097155534915188
1.0,5.0,2.0,3.0,1.0,5.0,1.9940666285339397
1.0,5.0,2.0,3.0,2.0,1.0,1.4196604992236663
1.0,5.0,2.0,3.0,2.0,2.0,1.7198953727376682
1.0,5.0,2.0,3.0,2.0,3.0,1.7955589246607702
1.0,5.0,2.0,3.0,3.0,1.0,1.5851973890471318
1.0,5.0,2.0,3.0,3.0,2.0,1.719895842797873
1.0,5.0,2.0,3.0,3.0,3.0,1.795558875187534
1.0,5.0,2.0,3.0,3.0,4.0,2.017790321788326
1.0,5.0,2.0,3.0,4.0,2.0,1.7198973155392578
1.0,5.0,2.0,3.0,4.0,3.0,2.0046394834712684
1.0,5.0,2.0,3.0,5.0,2.0,2.005838254526483
1.0,5.0,2.0,3.0,5.0,3.0,2.0097148094811903
1.0,5.0,2.0,4.0,1.0,3.0,1.795561310367274
1.0,5.0,2.0,4.0,1.0,4.0,1.8016501400448957
1.0,5.0,2.0,4.0,3.0,3.0,1.7955579954357361
1.0,5.0,2.0,4.0,3.0,4.0,2.0390007239929453
1.0,5.0,2.0,4.0,4.0,2.0,1.7198968047759382
1.0,5.0,2.0,4.0,4.0,3.0,2.2383676976322358
1.0,5.0,2.0,4.0,4.0,4.0,2.2383684614846078
1.0,5.0,2.0,4.0,5.0,1.0,1.5851954134344697
1.0,5.0,2.0,4.0,5.0,3.0,2.238368541588372
1.0,5.0,2.0,4.0,5.0,4.0,2.238368304607174
1.0,5.0,2.0,4.0,5.0,5.0,2.486769924661343
1.0,5.0,2.0,5.0,1.0,4.0,1.9940617915497958
1.0,5.0,2.0,5.0,1.0,5.0,1.9940616626703567
1.0,5.0,2.0,5.0,2.0,2.0,1.7198945300471744
1.0,5.0,2.0,5.0,3.0,4.0,2.2007563422142806
1.0,5.0,2.0,5.0,3.0,5.0,2.200755889198166
1.0,5.0,2.0,5.0,4.0,1.0,2.049686124237706
1.0,5.0,2.0,5.0,4.0,5.0,2.4867697395869452
1.0,5.0,2.0,5.0,5.0,4.0,2.2383680401595285
1.0,5.0,2.0,5.0,5.0,5.0,2.486769887411671
1.0,5.0,3.0,1.0,1.0,1.0,1.2162692297266617
1.0,5.0,3.0,1.0,1.0,2.0,1.366413836218422
1.0,5.0,3.0,1.0,1.0,3.0,1.3664141917876869
1.0,5.0,3.0,1.0,2.0,2.0,1.401214270915813
1.0,5.0,3.0,1.0,3.0,1.0,1.4012051949874829
1.0,5.0,3.0,1.0,3.0,3.0,1.514874434634862
1.0,5.0,3.0,1.0,4.0,3.0,1.5432989813440157
1.0,5.0,3.0,1.0,4.0,4.0,2.1290009689881977
1.0,5.0,3.0,2.0,1.0,1.0,1.2858325750781439
1.0,5.0,3.0,2.0,1.0,2.0,1.3762721719488396
1.0,5.0,3.0,2.0,1.0,3.0,1.7524220510015611
1.0,5.0,3.0,2.0,2.0,1.0,1.558583394729894
1.0,5.0,3.0,2.0,2.0,2.0,1.67503675216707
1.0,5.0,3.0,2.0,3.0,1.0,1.6382297066510274
1.0,5.0,3.0,2.0,3.0,2.0,1.6750364409229048
1.0,5.0,3.0,2.0,3.0,3.0,1.884765438497325
1.0,5.0,3.0,2.0,3.0,5.0,2.3185259659266295
1.0,5.0,3.0,2.0,4.0,3.0,1.8847655591562145
1.0,5.0,3.0,2.0,4.0,4.0,2.1290013165666033
1.0,5.0,3.0,2.0,5.0,5.0,2.318526105155822
1.0,5.0,3.0,3.0,1.0,1.0,1.6051432255513935
1.0,5.0,3.0,3.0,1.0,2.0,1.7955651550376068
1.0,5.0,3.0,3.0,1.0,3.0,1.7955643971694955
1.0,5.0,3.0,3.0,2.0,1.0,1.6051429272685742
1.0,5.0,3.0,3.0,2.0,2.0,1.8847650261078608
1.0,5.0,3.0,3.0,2.0,3.0,1.8847655088777011
1.0,5.0,3.0,3.0,3.0,2.0,1.884765426478867
1.0,5.0,3.0,3.0,3.0,3.0,1.884765395577096
1.0,5.0,3.0,3.0,3.0,4.0,2.2007563696965406
1.0,5.0,3.0,3.0,4.0,1.0,1.6382259240212653
1.0,5.0,3.0,3.0,4.0,3.0,2.0411091596045288
1.0,5.0,3.0,3.0,4.0,4.0,2.438780307364409
1.0,5.0,3.0,3.0,4.0,5.0,2.438779927415059
1.0,5.0,3.0,3.0,5.0,3.0,2.0411091152097094
1.0,5.0,3.0,4.0,1.0,1.0,1.605143988437091
1.0,5.0,3.0,4.0,1.0,4.0,1.801650457078696
1.0,5.0,3.0,4.0,2.0,2.0,1.992425118885836
1.0,5.0,3.0,4.0,2.0,3.0,2.2007568285674948
1.0,5.0,3.0,4.0,2.0,5.0,2.2007568976473855
1.0,5.0,3.0,4.0,3.0,2.0,2.0066190950088196
1.0,5.0,3.0,4.0,3.0,3.0,2.2007567548389186
1.0,5.0,3.0,4.0,3.0,4.0,2.200756380544223
1.0,5.0,3.0,4.0,3.0,5.0,2.318525460192582
1.0,5.0,3.0,4.0,4.0,3.0,2.4750626802432345
1.0,5.0,3.0,4.0,4.0,4.0,2.4867699804089876
1.0,5.0,3.0,4.0,4.0,5.0,2.486769899120234
1.0,5.0,3.0,4.0,5.0,2.0,2.0517658743299183
1.0,5.0,3.0,4.0,5.0,4.0,2.486769845489628
1.0,5.0,3.0,5.0,1.0,3.0,2.2007562699462047
1.0,5.0,3.0,5.0,1.0,5.0,2.200757787533956
1.0,5.0,3.0,5.0,2.0,3.0,2.200756204649371
1.0,5.0,3.0,5.0,2.0,5.0,2.4867691422703895
1.0,5.0,3.0,5.0,3.0,3.0,2.200756571446319
1.0,5.0,3.0,5.0,3.0,4.0,2.200756423549419
1.0,5.0,3.0,5.0,3.0,5.0,2.48676958691541
1.0,5.0,3.0,5.0,4.0,3.0,2.4750635272060553
1.0,5.0,3.0,5.0,4.0,4.0,2.486769987716266
1.0,5.0,3.0,5.0,4.0,5.0,2.4867698328156673
1.0,5.0,3.0,5.0,5.0,3.0,2.4750636945312174
1.0,5.0,3.0,5.0,5.0,4.0,2.486769809358127
1.0,5.0,3.0,5.0,5.0,5.0,2.4867697787432053
1.0,5.0,4.0,1.0,3.0,2.0,2.002887319914003
1.0,5.0,4.0,1.0,3.0,3.0,2.0028876901030634
1.0,5.0,4.0,2.0,1.0,1.0,1.2858327690348808
1.0,5.0,4.0,2.0,2.0,1.0,1.5585833426054276
1.0,5.0,4.0,2.0,2.0,2.0,1.9890717648391996
1.0,5.0,4.0,2.0,3.0,2.0,2.0194578086783177
1.0,5.0,4.0,3.0,1.0,4.0,2.202208007625394
1.0,5.0,4.0,3.0,3.0,2.0,2.019457230080829
1.0,5.0,4.0,3.0,3.0,3.0,2.438780327775889
1.0,5.0,4.0,3.0,4.0,5.0,2.4387805670790184
1.0,5.0,4.0,3.0,5.0,2.0,2.0696225207204875
1.0,5.0,4.0,3.0,5.0,5.0,2.4387812397060924
1.0,5.0,4.0,4.0,1.0,1.0,1.6051440392738399
1.0,5.0,4.0,4.0,1.0,3.0,1.7955628661797207
1.0,5.0,4.0,4.0,2.0,3.0,2.200757129013722
1.0,5.0,4.0,4.0,3.0,3.0,2.4867710460400043
1.0,5.0,4.0,4.0,3.0,4.0,2.486770776132704
1.0,5.0,4.0,4.0,4.0,4.0,2.486770340454645
1.0,5.0,4.0,4.0,4.0,5.0,2.4867701286387827
1.0,5.0,4.0,4.0,5.0,3.0,2.740408880290018
1.0,5.0,4.0,4.0,5.0,4.0,2.7404085162996097
1.0,5.0,4.0,4.0,5.0,5.0,2.7404083448214656
1.0,5.0,4.0,5.0,1.0,4.0,2.2022101116796233
1.0,5.0,4.0,5.0,4.0,4.0,2.740408060912667
1.0,5.0,4.0,5.0,4.0,5.0,2.740407849980671
1.0,5.0,4.0,5.0,5.0,4.0,2.740408096466186
1.0,5.0,4.0,5.0,5.0,5.0,2.740407951318241
1.0,5.0,5.0,1.0,1.0,1.0,1.2161125811199587
1.0,5.0,5.0,1.0,2.0,2.0,2.00693120884537
1.0,5.0,5.0,1.0,4.0,3.0,2.129002344003445
1.0,5.0,5.0,1.0,5.0,4.0,2.1290016873632855
1.0,5.0,5.0,1.0,5.0,5.0,2.740408584225032
1.0,5.0,5.0,2.0,3.0,3.0,2.0808501793127836
1.0,5.0,5.0,3.0,3.0,3.0,2.543830383468003
1.0,5.0,5.0,3.0,5.0,3.0,2.543830295725619
1.0,5.0,5.0,3.0,5.0,4.0,2.740409387426325
1.0,5.0,5.0,4.0,1.0,3.0,1.7955624392012934
1.0,5.0,5.0,4.0,5.0,3.0,2.740409046396494
1.0,5.0,5.0,4.0,5.0,4.0,2.7404087885530037
1.0,5.0,5.0,5.0,1.0,1.0,1.7040927992495707
1.0,5.0,5.0,5.0,1.0,4.0,2.7404094884646835
1.0,5.0,5.0,5.0,1.0,5.0,2.7404091457520026
1.0,5.0,5.0,5.0,3.0,4.0,2.740409153923247
1.0,5.0,5.0,5.0,3.0,5.0,2.7404085827282603
1.0,5.0,5.0,5.0,4.0,2.0,2.740407766153525
1.0,5.0,5.0,5.0,4.0,4.0,2.740408337775321
1.0,5.0,5.0,5.0,5.0,1.0,2.0496906848321395
1.0,5.0,5.0,5.0,5.0,4.0,2.7404082201222764
1.0,5.0,5.0,5.0,5.0,5.0,2.740407985653212
2.0,1.0,1.0,1.0,1.0,1.0,1.215414351538871
2.0,1.0,1.0,1.0,1.0,2.0,1.2158427301352852
2.0,1.0,1.0,1.0,2.0,1.0,1.2158865206119953
2.0,1.0,1.0,1.0,3.0,1.0,1.2160750064977357
2.0,1.0,1.0,1.0,3.0,2.0,1.2159439712670632
2.0,1.0,1.0,2.0,1.0,1.0,1.2156748266934314
2.0,1.0,1.0,2.0,1.0,2.0,1.215830054273173
2.0,1.0,1.0,2.0,1.0,3.0,1.2158627745991764
2.0,1.0,1.0,2.0,2.0,1.0,1.215823815865449
2.0,1.0,1.0,2.0,2.0,2.0,1.4440178093172424
2.0,1.0,1.0,2.0,2.0,3.0,1.4440033100875855
2.0,1.0,1.0,2.0,3.0,1.0,1.2159493409379492
2.0,1.0,1.0,2.0,3.0,2.0,1.44402060942548
2.0,1.0,1.0,2.0,3.0,3.0,1.7719126033101225
2.0,1.0,1.0,3.0,1.0,1.0,1.2220587872130089
2.0,1.0,1.0,3.0,1.0,2.0,1.2227299113952377
2.0,1.0,1.0,3.0,1.0,3.0,1.2231426115258544
2.0,1.0,1.0,3.0,2.0,2.0,1.4440314780433794
2.0,1.0,1.0,3.0,3.0,1.0,1.4036378263704896
2.0,1.0,1.0,3.0,3.0,2.0,1.4440415834189455
2.0,1.0,1.0,3.0,3.0,3.0,1.7719071282908812
2.0,1.0,1.0,3.0,4.0,2.0,1.4440552450198383
2.0,1.0,1.0,4.0,1.0,3.0,1.5278108949569795
2.0,1.0,1.0,4.0,4.0,4.0,2.0150468284687326
2.0,1.0,1.0,4.0,5.0,3.0,1.7718993389937967
2.0,1.0,1.0,5.0,1.0,4.0,1.5278732716723293
2.0,1.0,2.0,1.0,1.0,1.0,1.2157287091340958
2.0,1.0,2.0,1.0,1.0,2.0,1.352663312070407
2.0,1.0,2.0,1.0,2.0,1.0,1.21585388292988
2.0,1.0,2.0,1.0,2.0,2.0,1.6691258903890496
2.0,1.0,2.0,1.0,3.0,1.0,1.215952915065751
2.0,1.0,2.0,1.0,3.0,2.0,1.669129792356574
2.0,1.0,2.0,2.0,1.0,1.0,1.37948427217193
2.0,1.0,2.0,2.0,1.0,2.0,1.7429621440951961
2.0,1.0,2.0,2.0,1.0,3.0,1.7429593529800387
2.0,1.0,2.0,2.0,2.0,2.0,1.8459198049314003
2.0,1.0,2.0,2.0,2.0,3.0,1.8459241301065805
2.0,1.0,2.0,2.0,2.0,4.0,2.1209630765971963
2.0,1.0,2.0,2.0,3.0,2.0,1.845915665486214
2.0,1.0,2.0,2.0,3.0,3.0,1.8459194094274336
2.0,1.0,2.0,2.0,3.0,4.0,2.120988351940572
2.0,1.0,2.0,2.0,4.0,2.0,1.9912331692167922
2.0,1.0,2.0,3.0,1.0,1.0,1.6308385342331249
2.0,1.0,2.0,3.0,1.0,3.0,1.8225663314896932
2.0,1.0,2.0,3.0,2.0,2.0,1.8459225731911795
2.0,1.0,2.0,3.0,2.0,3.0,1.9604112160654406
2.0,1.0,2.0,3.0,3.0,1.0,1.6308617441172124
2.0,1.0,2.0,3.0,3.0,2.0,1.8459145345615022
2.0,1.0,2.0,3.0,3.0,3.0,1.991242654896439
2.0,1.0,2.0,3.0,3.0,4.0,2.1209881526214063
2.0,1.0,2.0,3.0,5.0,3.0,2.019758362646937
2.0,1.0,2.0,4.0,1.0,1.0,1.6308254745393627
2.0,1.0,2.0,4.0,1.0,4.0,1.8456901840501396
2.0,1.0,2.0,4.0,1.0,5.0,1.8458256452516355
2.0,1.0,2.0,4.0,2.0,3.0,1.9816469620518378
2.0,1.0,2.0,4.0,3.0,1.0,1.630852395830827
2.0,1.0,2.0,4.0,4.0,1.0,1.6308552260393028
2.0,1.0,2.0,4.0,4.0,3.0,1.9912432014292656
2.0,1.0,3.0,1.0,2.0,2.0,1.7049801205559065
2.0,1.0,3.0,1.0,3.0,2.0,1.7049773953883458
2.0,1.0,3.0,2.0,1.0,1.0,1.6308316424729634
2.0,1.0,3.0,2.0,1.0,2.0,1.8226094215577608
2.0,1.0,3.0,2.0,2.0,2.0,1.8459222029961333
2.0,1.0,3.0,2.0,3.0,3.0,2.3234174697652796
2.0,1.0,3.0,2.0,4.0,2.0,1.9912394519289935
2.0,1.0,3.0,3.0,1.0,1.0,1.6308414230480939
2.0,1.0,3.0,3.0,1.0,2.0,1.8225983067470233
2.0,1.0,3.0,3.0,3.0,3.0,2.361241727150015
2.0,1.0,3.0,3.0,4.0,2.0,2.0033165910835034
2.0,1.0,3.0,4.0,3.0,4.0,2.557883356265493
2.0,1.0,3.0,4.0,4.0,3.0,2.5578755277262935
2.0,1.0,3.0,5.0,1.0,3.0,1.8225693352597385
2.0,1.0,3.0,5.0,2.0,2.0,2.464771349756546
2.0,1.0,3.0,5.0,5.0,5.0,2.5578762278317178
2.0,1.0,4.0,1.0,2.0,1.0,1.5585797099250474
2.0,1.0,4.0,2.0,3.0,2.0,2.004184846576642
2.0,1.0,4.0,4.0,1.0,3.0,2.0399624415278446
2.0,1.0,4.0,4.0,3.0,4.0,2.8305173930478507
2.0,1.0,4.0,4.0,4.0,3.0,2.6633387519528116
2.0,1.0,4.0,5.0,5.0,3.0,2.8849074475320826
2.0,2.0,1.0,1.0,1.0,1.0,1.2149038545474506
2.0,2.0,1.0,1.0,1.0,2.0,1.2397974447867401
2.0,2.0,1.0,1.0,2.0,1.0,1.216326558127197
2.0,2.0,1.0,1.0,2.0,2.0,1.4879488796718585
2.0,2.0,1.0,1.0,3.0,1.0,1.2164737457871775
2.0,2.0,1.0,1.0,3.0,2.0,1.5222732462338386
2.0,2.0,1.0,1.0,3.0,3.0,1.5222823992973658
2.0,2.0,1.0,1.0,4.0,2.0,1.5223121961087756
2.0,2.0,1.0,1.0,4.0,4.0,1.522299615282195
2.0,2.0,1.0,2.0,1.0,1.0,1.215766964657895
2.0,2.0,1.0,2.0,1.0,2.0,1.4142950946747543
2.0,2.0,1.0,2.0,2.0,1.0,1.403704611004234
2.0,2.0,1.0,2.0,2.0,2.0,1.4879462474452925
2.0,2.0,1.0,2.0,3.0,1.0,1.4037067964199863
2.0,2.0,1.0,2.0,3.0,2.0,1.5965559383742813
2.0,2.0,1.0,2.0,4.0,3.0,1.7719166634698982
2.0,2.0,1.0,3.0,1.0,1.0,1.2213135782104476
2.0,2.0,1.0,3.0,1.0,2.0,1.4262678027579652
2.0,2.0,1.0,3.0,1.0,3.0,1.4261814491830103
2.0,2.0,1.0,3.0,2.0,1.0,1.4036922523720368
2.0,2.0,1.0,3.0,2.0,2.0,1.596561117774413
2.0,2.0,1.0,3.0,2.0,3.0,1.6869282123216984
2.0,2.0,1.0,3.0,3.0,1.0,1.403695067714671
2.0,2.0,1.0,3.0,3.0,2.0,1.5965592431018032
2.0,2.0,1.0,3.0,3.0,3.0,1.771923903160319
2.0,2.0,1.0,3.0,3.0,4.0,1.7719247991355804
2.0,2.0,1.0,3.0,4.0,1.0,1.500046452190885
2.0,2.0,1.0,4.0,2.0,3.0,1.7719450968137904
2.0,2.0,1.0,4.0,3.0,1.0,1.4037399992351194
2.0,2.0,1.0,4.0,3.0,3.0,1.7719335176721402
2.0,2.0,1.0,4.0,3.0,4.0,1.7719247023482794
2.0,2.0,1.0,4.0,4.0,3.0,1.9947891168206588
2.0,2.0,1.0,5.0,4.0,2.0,1.596550753743265
2.0,2.0,1.0,5.0,4.0,3.0,2.1902654806235584
2.0,2.0,1.0,5.0,4.0,4.0,2.190273745182193
2.0,2.0,1.0,5.0,5.0,4.0,2.211482712191851
2.0,2.0,2.0,1.0,1.0,1.0,1.2159036975340243
2.0,2.0,2.0,1.0,2.0,1.0,1.4006599964333564
2.0,2.0,2.0,1.0,2.0,2.0,1.6691186187348463
2.0,2.0,2.0,1.0,3.0,3.0,1.806175869028545
2.0,2.0,2.0,1.0,4.0,1.0,1.400578367179643
2.0,2.0,2.0,2.0,1.0,1.0,1.3794980100260958
2.0,2.0,2.0,2.0,1.0,2.0,1.7429638921742492
2.0,2.0,2.0,2.0,2.0,1.0,1.5397359835074664
2.0,2.0,2.0,2.0,2.0,2.0,1.8459222216145879
2.0,2.0,2.0,2.0,2.0,3.0,1.8459259728407735
2.0,2.0,2.0,2.0,3.0,1.0,1.5397354753612247
2.0,2.0,2.0,2.0,3.0,2.0,1.9269464684093853
2.0,2.0,2.0,2.0,3.0,3.0,2.120976825541135
2.0,2.0,2.0,2.0,4.0,4.0,2.1210069593209524
2.0,2.0,2.0,3.0,1.0,1.0,1.6308130265582084
2.0,2.0,2.0,3.0,1.0,2.0,1.742972283812887
2.0,2.0,2.0,3.0,1.0,3.0,1.9328827805838038
2.0,2.0,2.0,3.0,2.0,1.0,1.6368776215907939
2.0,2.0,2.0,3.0,2.0,2.0,1.9269439847049765
2.0,2.0,2.0,3.0,2.0,3.0,2.1209858824579473
2.0,2.0,2.0,3.0,3.0,1.0,1.636871226643912
2.0,2.0,2.0,3.0,3.0,2.0,1.9269422502996039
2.0,2.0,2.0,3.0,3.0,3.0,2.1209836101347763
2.0,2.0,2.0,3.0,3.0,4.0,2.1209870868221183
2.0,2.0,2.0,3.0,4.0,2.0,1.9912201605166224
2.0,2.0,2.0,3.0,4.0,3.0,2.1209894674949528
2.0,2.0,2.0,4.0,2.0,2.0,1.9269416741604022
2.0,2.0,2.0,4.0,2.0,3.0,2.1902657372719996
2.0,2.0,2.0,4.0,2.0,4.0,2.1902750140910983
2.0,2.0,2.0,4.0,3.0,2.0,1.9269378648354343
2.0,2.0,2.0,4.0,3.0,3.0,2.1902645948555914
2.0,2.0,2.0,4.0,3.0,4.0,2.1902652988105054
2.0,2.0,2.0,4.0,4.0,2.0,2.0004944519200496
2.0,2.0,2.0,4.0,4.0,3.0,2.1902595264653315
2.0,2.0,2.0,4.0,4.0,4.0,2.350673993811547
2.0,2.0,2.0,4.0,5.0,3.0,2.3219950316942626
2.0,2.0,2.0,4.0,5.0,4.0,2.3506729471239236
2.0,2.0,2.0,5.0,1.0,2.0,1.9627868660773113
2.0,2.0,2.0,5.0,1.0,4.0,1.9940783723584823
2.0,2.0,2.0,5.0,3.0,4.0,2.1902568646325573
2.0,2.0,2.0,5.0,4.0,3.0,2.190260558662044
2.0,2.0,2.0,5.0,5.0,4.0,2.4387496077892017
2.0,2.0,2.0,5.0,5.0,5.0,2.4387458115309233
2.0,2.0,3.0,1.0,2.0,1.0,1.4006656834799098
2.0,2.0,3.0,1.0,2.0,2.0,1.7049884129078854
2.0,2.0,3.0,1.0,3.0,2.0,1.7049964859574551
2.0,2.0,3.0,1.0,3.0,3.0,1.8061639725830674
2.0,2.0,3.0,1.0,4.0,3.0,1.8061516397763344
2.0,2.0,3.0,2.0,1.0,1.0,1.63082862159882
2.0,2.0,3.0,2.0,1.0,2.0,1.8459315186790475
2.0,2.0,3.0,2.0,2.0,2.0,1.8459262545362023
2.0,2.0,3.0,2.0,2.0,3.0,1.845930642831839
2.0,2.0,3.0,2.0,3.0,2.0,1.987948867862272
2.0,2.0,3.0,2.0,3.0,3.0,2.323420569825155
2.0,2.0,3.0,2.0,4.0,4.0,2.3234248305292056
2.0,2.0,3.0,3.0,1.0,3.0,2.0689979539210497
2.0,2.0,3.0,3.0,2.0,1.0,1.9708691719180382
2.0,2.0,3.0,3.0,2.0,2.0,1.9887201564596135
2.0,2.0,3.0,3.0,2.0,3.0,2.141183016260376
2.0,2.0,3.0,3.0,3.0,2.0,1.9997681749441796
2.0,2.0,3.0,3.0,3.0,3.0,2.361242153966479
2.0,2.0,3.0,3.0,3.0,4.0,2.5578786736511523
2.0,2.0,3.0,3.0,3.0,5.0,2.5578723494856055
2.0,2.0,3.0,3.0,4.0,3.0,2.5625644865204595
2.0,2.0,3.0,3.0,4.0,4.0,2.7601433227655447
2.0,2.0,3.0,3.0,5.0,3.0,2.5625637837788324
2.0,2.0,3.0,4.0,1.0,2.0,1.980634056609203
2.0,2.0,3.0,4.0,2.0,3.0,2.200489570927341
2.0,2.0,3.0,4.0,2.0,4.0,2.55470859284914
2.0,2.0,3.0,4.0,3.0,3.0,2.4045240099883043
2.0,2.0,3.0,4.0,3.0,4.0,2.5578873154389057
2.0,2.0,3.0,4.0,4.0,2.0,2.4735032032711586
2.0,2.0,3.0,4.0,4.0,3.0,2.5687489307086753
2.0,2.0,3.0,4.0,4.0,4.0,2.8282835920896674
2.0,2.0,3.0,4.0,4.0,5.0,2.94662135171834
2.0,2.0,3.0,4.0,5.0,4.0,2.884912046373583
2.0,2.0,3.0,5.0,2.0,2.0,2.464776849791777
2.0,2.0,3.0,5.0,2.0,3.0,2.4647878006908583
2.0,2.0,3.0,5.0,4.0,3.0,2.7195822142691437
2.0,2.0,3.0,5.0,4.0,4.0,2.8282826940069987
2.0,2.0,3.0,5.0,4.0,5.0,2.9466216755273167
2.0,2.0,3.0,5.0,5.0,4.0,2.8849099497250865
2.0,2.0,3.0,5.0,5.0,5.0,2.9466280219386944
2.0,2.0,4.0,1.0,3.0,3.0,2.028561368203793
2.0,2.0,4.0,2.0,1.0,2.0,1.9772820757374387
2.0,2.0,4.0,2.0,1.0,3.0,2.0102120735755236
2.0,2.0,4.0,2.0,2.0,3.0,2.0299931903846784
2.0,2.0,4.0,3.0,1.0,2.0,1.9984914818684665
2.0,2.0,4.0,3.0,3.0,3.0,2.361243127549612
2.0,2.0,4.0,3.0,3.0,4.0,2.8352903200986352
2.0,2.0,4.0,3.0,4.0,3.0,2.6633371933179055
2.0,2.0,4.0,4.0,1.0,4.0,2.1024976183932766
2.0,2.0,4.0,4.0,2.0,4.0,2.5547099287839137
2.0,2.0,4.0,4.0,3.0,3.0,2.404525641069271
2.0,2.0,4.0,4.0,3.0,4.0,2.884909892995625
2.0,2.0,4.0,4.0,4.0,3.0,2.663337277989056
2.0,2.0,4.0,4.0,4.0,4.0,2.8849116272685627
2.0,2.0,4.0,4.0,5.0,4.0,2.8849110931792388
2.0,2.0,4.0,5.0,5.0,4.0,2.884908724461473
2.0,2.0,4.0,5.0,5.0,5.0,3.0340608111923553
2.0,2.0,5.0,3.0,4.0,2.0,2.0969039261495355
2.0,2.0,5.0,5.0,4.0,5.0,3.0820944507900943
2.0,3.0,1.0,1.0,1.0,1.0,1.2154501913104157
2.0,3.0,1.0,1.0,1.0,2.0,1.2398034401077684
2.0,3.0,1.0,1.0,2.0,1.0,1.2170487083946024
2.0,3.0,1.0,1.0,2.0,2.0,1.5222818903446635
2.0,3.0,1.0,1.0,3.0,1.0,1.2169581185787137
2.0,3.0,1.0,1.0,3.0,2.0,1.5222933320074303
2.0,3.0,1.0,1.0,3.0,3.0,1.522316269359625
2.0,3.0,1.0,1.0,5.0,3.0,1.7151289443130697
2.0,3.0,1.0,2.0,1.0,1.0,1.2158917089062937
2.0,3.0,1.0,2.0,1.0,2.0,1.414284755348338
2.0,3.0,1.0,2.0,1.0,3.0,1.591649427887716
2.0,3.0,1.0,2.0,2.0,1.0,1.4037067691569147
2.0,3.0,1.0,2.0,2.0,2.0,1.65680207863285
2.0,3.0,1.0,2.0,2.0,3.0,1.656802082599981
2.0,3.0,1.0,2.0,3.0,1.0,1.403712110256273
2.0,3.0,1.0,2.0,3.0,2.0,1.662062185483271
2.0,3.0,1.0,2.0,3.0,3.0,1.882537192105502
2.0,3.0,1.0,2.0,4.0,2.0,1.7423330137358837
2.0,3.0,1.0,2.0,4.0,3.0,1.965009233209853
2.0,3.0,1.0,3.0,1.0,1.0,1.2205550362881892
2.0,3.0,1.0,3.0,1.0,2.0,1.577721713470344
2.0,3.0,1.0,3.0,1.0,3.0,1.5916517440716638
2.0,3.0,1.0,3.0,2.0,1.0,1.4036916923127727
2.0,3.0,1.0,3.0,2.0,2.0,1.6869212104902096
2.0,3.0,1.0,3.0,2.0,3.0,1.6869222498059702
2.0,3.0,1.0,3.0,3.0,1.0,1.4037041690072471
2.0,3.0,1.0,3.0,3.0,2.0,1.7829527170184618
2.0,3.0,1.0,3.0,3.0,3.0,1.8825328026941766
2.0,3.0,1.0,3.0,3.0,4.0,1.9993699557890885
2.0,3.0,1.0,3.0,4.0,3.0,1.992529857832543
2.0,3.0,1.0,3.0,4.0,4.0,2.0191535241211356
2.0,3.0,1.0,4.0,1.0,1.0,1.331126504244521
2.0,3.0,1.0,4.0,1.0,2.0,1.5777266590483527
2.0,3.0,1.0,4.0,1.0,3.0,1.591641964557203
2.0,3.0,1.0,4.0,2.0,1.0,1.4747667872067822
2.0,3.0,1.0,4.0,2.0,2.0,1.7719421908619117
2.0,3.0,1.0,4.0,2.0,3.0,1.7719449216996146
2.0,3.0,1.0,4.0,3.0,2.0,1.8285088554767368
2.0,3.0,1.0,4.0,3.0,3.0,1.8825326178033148
2.0,3.0,1.0,4.0,4.0,2.0,1.9974989267717957
2.0,3.0,1.0,4.0,4.0,3.0,1.997501540984227
2.0,3.0,1.0,4.0,4.0,4.0,2.027252330491016
2.0,3.0,1.0,4.0,4.0,5.0,2.419934639431577
2.0,3.0,1.0,4.0,5.0,3.0,2.027209074547738
2.0,3.0,1.0,4.0,5.0,4.0,2.0272508034661856
2.0,3.0,1.0,4.0,5.0,5.0,2.4199356916570522
2.0,3.0,1.0,5.0,1.0,1.0,1.3311519545601738
2.0,3.0,1.0,5.0,1.0,2.0,1.5777188754810454
2.0,3.0,1.0,5.0,1.0,3.0,1.9693017279090363
2.0,3.0,1.0,5.0,2.0,2.0,1.9561478360504951
2.0,3.0,1.0,5.0,3.0,1.0,1.4747578537470767
2.0,3.0,1.0,5.0,3.0,3.0,2.0088612224980738
2.0,3.0,1.0,5.0,5.0,2.0,1.9974995930717583
2.0,3.0,1.0,5.0,5.0,5.0,2.419940009432852
2.0,3.0,2.0,1.0,1.0,1.0,1.2160828404576594
2.0,3.0,2.0,1.0,1.0,2.0,1.6691163669436992
2.0,3.0,2.0,1.0,1.0,3.0,1.6691161029146735
2.0,3.0,2.0,1.0,2.0,1.0,1.4176271666455127
2.0,3.0,2.0,1.0,2.0,2.0,1.6691190773245834
2.0,3.0,2.0,1.0,2.0,3.0,1.6691194812269028
2.0,3.0,2.0,1.0,3.0,1.0,1.4176286035181886
2.0,3.0,2.0,1.0,3.0,2.0,1.6691198638960463
2.0,3.0,2.0,1.0,3.0,3.0,1.8061843525878705
2.0,3.0,2.0,1.0,4.0,1.0,1.4176255310115011
2.0,3.0,2.0,1.0,4.0,2.0,1.8967093691548496
2.0,3.0,2.0,1.0,4.0,3.0,2.0012366269540864
2.0,3.0,2.0,2.0,1.0,1.0,1.495430428511404
2.0,3.0,2.0,2.0,1.0,2.0,1.7429646940977648
2.0,3.0,2.0,2.0,1.0,3.0,1.7429693350813287
2.0,3.0,2.0,2.0,2.0,1.0,1.5397130467246107
2.0,3.0,2.0,2.0,2.0,2.0,1.845910084074994
2.0,3.0,2.0,2.0,2.0,3.0,2.1793339978824435
2.0,3.0,2.0,2.0,3.0,1.0,1.5396973838727828
2.0,3.0,2.0,2.0,3.0,2.0,2.025581590482826
2.0,3.0,2.0,2.0,3.0,3.0,2.1793350645326104
2.0,3.0,2.0,2.0,4.0,1.0,1.938214091107505
2.0,3.0,2.0,2.0,4.0,2.0,2.0590704247523988
2.0,3.0,2.0,2.0,4.0,3.0,2.1923937451870503
2.0,3.0,2.0,2.0,5.0,2.0,2.0590711278908143
2.0,3.0,2.0,2.0,5.0,3.0,2.1923941093466612
2.0,3.0,2.0,3.0,1.0,1.0,1.6308166742857915
2.0,3.0,2.0,3.0,1.0,2.0,1.8478079104643275
2.0,3.0,2.0,3.0,1.0,3.0,1.9328928900021622
2.0,3.0,2.0,3.0,2.0,1.0,1.636871090346772
2.0,3.0,2.0,3.0,2.0,2.0,2.0183258000638036
2.0,3.0,2.0,3.0,2.0,3.0,2.1793349695501756
2.0,3.0,2.0,3.0,3.0,1.0,1.6368764710031434
2.0,3.0,2.0,3.0,3.0,2.0,2.0342474401102115
2.0,3.0,2.0,3.0,3.0,3.0,2.321993883886638
2.0,3.0,2.0,3.0,3.0,4.0,2.328285472271645
2.0,3.0,2.0,3.0,4.0,2.0,2.0590701677169148
2.0,3.0,2.0,3.0,4.0,3.0,2.321993783804276
2.0,3.0,2.0,3.0,4.0,4.0,2.419934417651887
2.0,3.0,2.0,3.0,5.0,2.0,2.059071036374241
2.0,3.0,2.0,4.0,1.0,2.0,1.8478114184501435
2.0,3.0,2.0,4.0,1.0,3.0,1.932896609941244
2.0,3.0,2.0,4.0,2.0,2.0,2.01832650406015
2.0,3.0,2.0,4.0,2.0,3.0,2.3219941674580906
2.0,3.0,2.0,4.0,2.0,5.0,2.4199288376844703
2.0,3.0,2.0,4.0,3.0,2.0,2.034247438860086
2.0,3.0,2.0,4.0,3.0,3.0,2.3219940572107403
2.0,3.0,2.0,4.0,4.0,2.0,2.0590690305235038
2.0,3.0,2.0,4.0,4.0,3.0,2.321993801100092
2.0,3.0,2.0,4.0,4.0,4.0,2.4199345476401852
2.0,3.0,2.0,4.0,5.0,3.0,2.321992250779238
2.0,3.0,2.0,4.0,5.0,4.0,2.419934418816207
2.0,3.0,2.0,4.0,5.0,5.0,2.41993084430869
2.0,3.0,2.0,5.0,1.0,4.0,1.9940678348188274
2.0,3.0,2.0,5.0,2.0,4.0,2.4199348134168077
2.0,3.0,2.0,5.0,3.0,2.0,2.034240941493252
2.0,3.0,2.0,5.0,3.0,3.0,2.349035174107295
2.0,3.0,2.0,5.0,3.0,4.0,2.419935947431553
2.0,3.0,2.0,5.0,4.0,2.0,2.325413776952817
2.0,3.0,2.0,5.0,4.0,3.0,2.3490340262912106
2.0,3.0,2.0,5.0,4.0,4.0,2.419933931847852
2.0,3.0,2.0,5.0,4.0,5.0,2.4199316932244654
2.0,3.0,2.0,5.0,5.0,2.0,2.3254121265367926
2.0,3.0,2.0,5.0,5.0,3.0,2.3490345707373166
2.0,3.0,2.0,5.0,5.0,4.0,2.438749993438297
2.0,3.0,2.0,5.0,5.0,5.0,2.5144334199196066
2.0,3.0,3.0,1.0,1.0,1.0,1.2858292137891336
2.0,3.0,3.0,1.0,1.0,2.0,1.6691138548456477
2.0,3.0,3.0,1.0,1.0,4.0,1.9448064267293306
2.0,3.0,3.0,1.0,2.0,1.0,1.4176315235406753
2.0,3.0,3.0,1.0,2.0,2.0,1.7049841971945674
2.0,3.0,3.0,1.0,2.0,3.0,1.8061883082547912
2.0,3.0,3.0,1.0,3.0,1.0,1.4176304932771606
2.0,3.0,3.0,1.0,3.0,2.0,1.7049839402847935
2.0,3.0,3.0,1.0,3.0,3.0,1.806183839812019
2.0,3.0,3.0,1.0,5.0,3.0,2.3024997981409423
2.0,3.0,3.0,2.0,1.0,1.0,1.6308365300838141
2.0,3.0,3.0,2.0,1.0,2.0,1.9448092825948098
2.0,3.0,3.0,2.0,1.0,3.0,1.944805568201865
2.0,3.0,3.0,2.0,1.0,4.0,1.9448053714976696
2.0,3.0,3.0,2.0,2.0,1.0,1.630838895304797
2.0,3.0,3.0,2.0,2.0,2.0,1.9977099390402133
2.0,3.0,3.0,2.0,2.0,3.0,2.323419111045545
2.0,3.0,3.0,2.0,2.0,4.0,2.5484006829289703
2.0,3.0,3.0,2.0,3.0,1.0,1.6308396607289863
2.0,3.0,3.0,2.0,3.0,2.0,2.025581490625061
2.0,3.0,3.0,2.0,3.0,3.0,2.3234195242869076
2.0,3.0,3.0,2.0,4.0,2.0,2.2418475090959467
2.0,3.0,3.0,2.0,4.0,3.0,2.4826394761257933
2.0,3.0,3.0,2.0,4.0,4.0,2.548399704012916
2.0,3.0,3.0,3.0,1.0,1.0,1.6308413339469405
2.0,3.0,3.0,3.0,1.0,2.0,1.9448079775077396
2.0,3.0,3.0,3.0,1.0,3.0,2.06899262711485
2.0,3.0,3.0,3.0,2.0,1.0,1.9777284034939135
2.0,3.0,3.0,3.0,2.0,2.0,2.15737384935376
2.0,3.0,3.0,3.0,2.0,3.0,2.3234198741958543
2.0,3.0,3.0,3.0,2.0,4.0,2.5547062038129407
2.0,3.0,3.0,3.0,3.0,1.0,2.076114060756825
2.0,3.0,3.0,3.0,3.0,2.0,2.157372424576858
2.0,3.0,3.0,3.0,3.0,3.0,2.361242210631149
2.0,3.0,3.0,3.0,3.0,4.0,2.5578753085329926
2.0,3.0,3.0,3.0,4.0,3.0,2.7195820102814094
2.0,3.0,3.0,3.0,4.0,4.0,2.7601432335344818
2.0,3.0,3.0,3.0,5.0,3.0,2.719581070624606
2.0,3.0,3.0,3.0,5.0,4.0,2.7601428660020244
2.0,3.0,3.0,3.0,5.0,5.0,2.9939762257404996
2.0,3.0,3.0,4.0,1.0,1.0,1.6308628369338518
2.0,3.0,3.0,4.0,1.0,3.0,2.068990965454314
2.0,3.0,3.0,4.0,1.0,4.0,2.068999160768735
2.0,3.0,3.0,4.0,2.0,2.0,2.3947273386719514
2.0,3.0,3.0,4.0,2.0,3.0,2.3947346743400857
2.0,3.0,3.0,4.0,2.0,4.0,2.5547073134835574
2.0,3.0,3.0,4.0,3.0,2.0,2.473504446796741
2.0,3.0,3.0,4.0,3.0,3.0,2.67951229278549
2.0,3.0,3.0,4.0,3.0,4.0,2.7008710164310834
2.0,3.0,3.0,4.0,3.0,5.0,2.946623819492437
2.0,3.0,3.0,4.0,4.0,2.0,2.4735033998697817
2.0,3.0,3.0,4.0,4.0,3.0,2.719581900826008
2.0,3.0,3.0,4.0,4.0,4.0,2.9081357447088267
2.0,3.0,3.0,4.0,4.0,5.0,2.9466207991042754
2.0,3.0,3.0,4.0,5.0,3.0,2.719581660175018
2.0,3.0,3.0,4.0,5.0,4.0,2.9081351688734083
2.0,3.0,3.0,5.0,1.0,1.0,1.7040839502630576
2.0,3.0,3.0,5.0,1.0,3.0,2.068998043829766
2.0,3.0,3.0,5.0,1.0,4.0,2.068997542972639
2.0,3.0,3.0,5.0,2.0,3.0,2.700872168137043
2.0,3.0,3.0,5.0,3.0,2.0,2.4735059130584625
2.0,3.0,3.0,5.0,3.0,3.0,2.7008715086023285
2.0,3.0,3.0,5.0,3.0,4.0,2.7008710795815496
2.0,3.0,3.0,5.0,3.0,5.0,2.9466259613893846
2.0,3.0,3.0,5.0,4.0,3.0,2.7195820613291555
2.0,3.0,3.0,5.0,4.0,4.0,2.946624252292456
2.0,3.0,3.0,5.0,4.0,5.0,2.9466229839885427
2.0,3.0,3.0,5.0,5.0,3.0,2.719581656346622
2.0,3.0,3.0,5.0,5.0,4.0,3.001880127066797
2.0,3.0,3.0,5.0,5.0,5.0,3.2655087105857263
2.0,3.0,4.0,1.0,2.0,1.0,1.5585794919457285
2.0,3.0,4.0,1.0,2.0,2.0,1.7049863894136166
2.0,3.0,4.0,1.0,3.0,1.0,1.5585796840910557
2.0,3.0,4.0,1.0,3.0,3.0,2.2550061065251605
2.0,3.0,4.0,2.0,1.0,2.0,1.9899395397047865
2.0,3.0,4.0,2.0,2.0,2.0,2.157366168144082
2.0,3.0,4.0,2.0,3.0,2.0,2.157366220508187
2.0,3.0,4.0,2.0,3.0,3.0,2.637309769353123
2.0,3.0,4.0,2.0,4.0,3.0,2.7675821808320222
2.0,3.0,4.0,3.0,3.0,2.0,2.157369009573777
2.0,3.0,4.0,3.0,3.0,3.0,2.637309108760508
2.0,3.0,4.0,3.0,3.0,4.0,2.835290180320255
2.0,3.0,4.0,3.0,4.0,2.0,2.505272669322801
2.0,3.0,4.0,3.0,4.0,3.0,2.8352893364722305
2.0,3.0,4.0,3.0,4.0,4.0,2.8352895793460617
2.0,3.0,4.0,4.0,1.0,2.0,2.0323609521123127
2.0,3.0,4.0,4.0,2.0,3.0,2.459179554241507
2.0,3.0,4.0,4.0,2.0,4.0,2.554708659678976
2.0,3.0,4.0,4.0,3.0,3.0,2.9770122217728527
2.0,3.0,4.0,4.0,3.0,4.0,2.97701242984622
2.0,3.0,4.0,4.0,4.0,3.0,2.9770121475148756
2.0,3.0,4.0,4.0,4.0,4.0,3.164850634202722
2.0,3.0,4.0,4.0,4.0,5.0,3.164850287587639
2.0,3.0,4.0,4.0,5.0,3.0,2.9883917082061973
2.0,3.0,4.0,4.0,5.0,4.0,3.2861110154351483
2.0,3.0,4.0,4.0,5.0,5.0,3.2861115484351724
2.0,3.0,4.0,5.0,1.0,4.0,2.1024864462671045
2.0,3.0,4.0,5.0,3.0,3.0,2.9770118991772545
2.0,3.0,4.0,5.0,3.0,4.0,3.001237630148216
2.0,3.0,4.0,5.0,4.0,4.0,3.1648509227320667
2.0,3.0,4.0,5.0,4.0,5.0,3.2861112922034983
2.0,3.0,4.0,5.0,5.0,5.0,3.2861111116354342
2.0,3.0,5.0,1.0,3.0,1.0,1.5585774991052714
2.0,3.0,5.0,1.0,3.0,2.0,1.7049857846340055
2.0,3.0,5.0,2.0,5.0,3.0,2.767582100647753
2.0,3.0,5.0,3.0,3.0,1.0,2.076114076542354
2.0,3.0,5.0,3.0,3.0,3.0,2.637309077724403
2.0,3.0,5.0,3.0,4.0,2.0,2.5052717589032336
2.0,3.0,5.0,5.0,5.0,5.0,3.286111225612631
2.0,4.0,1.0,1.0,1.0,1.0,1.216224314203446
2.0,4.0,1.0,1.0,1.0,2.0,1.5667481609545653
2.0,4.0,1.0,1.0,2.0,1.0,1.2728929856707027
2.0,4.0,1.0,1.0,2.0,2.0,1.6266549988473076
2.0,4.0,1.0,1.0,3.0,1.0,1.272892622392221
2.0,4.0,1.0,1.0,3.0,2.0,1.669110829898746
2.0,4.0,1.0,1.0,3.0,3.0,1.7151249892518585
2.0,4.0,1.0,1.0,4.0,1.0,1.4176346845385177
2.0,4.0,1.0,1.0,4.0,2.0,1.7151249987829276
2.0,4.0,1.0,1.0,4.0,3.0,1.7151217291814014
2.0,4.0,1.0,2.0,1.0,1.0,1.2161368398735926
2.0,4.0,1.0,2.0,1.0,2.0,1.5667414518936575
2.0,4.0,1.0,2.0,2.0,1.0,1.403709294433396
2.0,4.0,1.0,2.0,2.0,2.0,1.7269114312155962
2.0,4.0,1.0,2.0,3.0,1.0,1.4037188108714076
2.0,4.0,1.0,2.0,3.0,2.0,1.7423352182128393
2.0,4.0,1.0,2.0,3.0,3.0,1.9928215874027293
2.0,4.0,1.0,2.0,4.0,1.0,1.4176368745473724
2.0,4.0,1.0,2.0,4.0,2.0,1.7423366942638503
2.0,4.0,1.0,2.0,4.0,3.0,1.9928244976170912
2.0,4.0,1.0,2.0,5.0,2.0,1.9645171071432805
2.0,4.0,1.0,3.0,1.0,1.0,1.2198630168468638
2.0,4.0,1.0,3.0,1.0,2.0,1.5916316006769902
2.0,4.0,1.0,3.0,1.0,3.0,1.5916385871625565
2.0,4.0,1.0,3.0,2.0,1.0,1.403689058349891
2.0,4.0,1.0,3.0,2.0,2.0,1.7269118592382093
2.0,4.0,1.0,3.0,2.0,3.0,1.7269094955461413
2.0,4.0,1.0,3.0,3.0,1.0,1.5000466650510473
2.0,4.0,1.0,3.0,3.0,2.0,1.8280013627293432
2.0,4.0,1.0,3.0,3.0,3.0,1.992822166725349
2.0,4.0,1.0,3.0,4.0,1.0,1.5000400041031299
2.0,4.0,1.0,3.0,4.0,2.0,1.9975008686734044
2.0,4.0,1.0,3.0,4.0,3.0,1.9988787767206753
2.0,4.0,1.0,3.0,4.0,4.0,2.4116439824422415
2.0,4.0,1.0,3.0,5.0,3.0,2.374905668608003
2.0,4.0,1.0,4.0,1.0,1.0,1.4747516599971076
2.0,4.0,1.0,4.0,1.0,2.0,1.5916181986858011
2.0,4.0,1.0,4.0,1.0,3.0,1.5916351150175843
2.0,4.0,1.0,4.0,1.0,4.0,1.591643041698069
2.0,4.0,1.0,4.0,2.0,1.0,1.4747610668000903
2.0,4.0,1.0,4.0,2.0,3.0,1.989439934293013
2.0,4.0,1.0,4.0,3.0,1.0,1.5000359733088844
2.0,4.0,1.0,4.0,3.0,2.0,1.8285164466305341
2.0,4.0,1.0,4.0,3.0,3.0,2.2494727996238373
2.0,4.0,1.0,4.0,3.0,4.0,2.411643055371433
2.0,4.0,1.0,4.0,4.0,2.0,1.9975009237493377
2.0,4.0,1.0,4.0,4.0,3.0,2.249472832011065
2.0,4.0,1.0,4.0,4.0,4.0,2.4116455977138083
2.0,4.0,1.0,5.0,1.0,2.0,1.949026154197899
2.0,4.0,1.0,5.0,1.0,3.0,1.994057142946175
2.0,4.0,1.0,5.0,3.0,3.0,2.249475123309569
2.0,4.0,1.0,5.0,4.0,3.0,2.249474464219715
2.0,4.0,1.0,5.0,4.0,4.0,2.411648880904966
2.0,4.0,1.0,5.0,5.0,2.0,1.9975034103918718
2.0,4.0,2.0,1.0,1.0,1.0,1.2162825464091662
2.0,4.0,2.0,1.0,1.0,2.0,1.6691148427635643
2.0,4.0,2.0,1.0,1.0,3.0,1.8219745792530229
2.0,4.0,2.0,1.0,2.0,1.0,1.4176299181120813
2.0,4.0,2.0,1.0,2.0,2.0,1.6691154261094838
2.0,4.0,2.0,1.0,2.0,3.0,1.9559644137609118
2.0,4.0,2.0,1.0,3.0,1.0,1.4176298599877453
2.0,4.0,2.0,1.0,3.0,2.0,1.6691156660299562
2.0,4.0,2.0,1.0,3.0,3.0,1.9944565649468566
2.0,4.0,2.0,1.0,4.0,1.0,1.4176302849392624
2.0,4.0,2.0,1.0,4.0,3.0,2.0012369071858083
2.0,4.0,2.0,1.0,4.0,4.0,2.0012391463126438
2.0,4.0,2.0,2.0,1.0,1.0,1.5397143470096168
2.0,4.0,2.0,2.0,1.0,2.0,1.7429698451333837
2.0,4.0,2.0,2.0,1.0,3.0,1.9573958538285945
2.0,4.0,2.0,2.0,2.0,1.0,1.5397145358419326
2.0,4.0,2.0,2.0,2.0,2.0,1.8459027278428972
2.0,4.0,2.0,2.0,2.0,3.0,2.179335754167896
2.0,4.0,2.0,2.0,3.0,1.0,1.544353151788127
2.0,4.0,2.0,2.0,3.0,2.0,2.025581462067825
2.0,4.0,2.0,2.0,3.0,3.0,2.3580594106187087
2.0,4.0,2.0,2.0,3.0,4.0,2.419936082625519
2.0,4.0,2.0,2.0,4.0,2.0,2.0590710853722105
2.0,4.0,2.0,2.0,4.0,3.0,2.3580593691784504
2.0,4.0,2.0,2.0,4.0,4.0,2.4199332921327628
2.0,4.0,2.0,3.0,1.0,2.0,1.847809206887151
2.0,4.0,2.0,3.0,1.0,3.0,1.9918289656457007
2.0,4.0,2.0,3.0,2.0,2.0,2.018325557255913
2.0,4.0,2.0,3.0,2.0,3.0,2.2680484796953775
2.0,4.0,2.0,3.0,3.0,1.0,1.6368706059623834
2.0,4.0,2.0,3.0,3.0,2.0,2.070339321674342
2.0,4.0,2.0,3.0,3.0,3.0,2.358059430763321
2.0,4.0,2.0,3.0,3.0,4.0,2.4199347082074185
2.0,4.0,2.0,3.0,4.0,2.0,2.1229025377347472
2.0,4.0,2.0,3.0,4.0,3.0,2.3580594092087614
2.0,4.0,2.0,3.0,4.0,4.0,2.4199349537569415
2.0,4.0,2.0,3.0,5.0,5.0,2.651543168898262
2.0,4.0,2.0,4.0,1.0,1.0,1.8478014038150428
2.0,4.0,2.0,4.0,1.0,2.0,1.8478077233968824
2.0,4.0,2.0,4.0,1.0,3.0,1.9940644922497042
2.0,4.0,2.0,4.0,2.0,2.0,2.018325176300544
2.0,4.0,2.0,4.0,2.0,3.0,2.3219939587819862
2.0,4.0,2.0,4.0,2.0,4.0,2.3988506706930517
2.0,4.0,2.0,4.0,3.0,1.0,2.076128519160442
2.0,4.0,2.0,4.0,3.0,2.0,2.238090690382113
2.0,4.0,2.0,4.0,3.0,3.0,2.3640770052931237
2.0,4.0,2.0,4.0,3.0,4.0,2.419933810530647
2.0,4.0,2.0,4.0,4.0,2.0,2.325416825741653
2.0,4.0,2.0,4.0,4.0,3.0,2.364076844265759
2.0,4.0,2.0,4.0,4.0,4.0,2.4199337442051343
2.0,4.0,2.0,4.0,5.0,4.0,2.4199348811237646
2.0,4.0,2.0,5.0,2.0,3.0,2.3219946354774867
2.0,4.0,2.0,5.0,2.0,5.0,2.4199314251130626
2.0,4.0,2.0,5.0,3.0,2.0,2.2380957905983005
2.0,4.0,2.0,5.0,3.0,3.0,2.3640777600841143
2.0,4.0,2.0,5.0,3.0,4.0,2.5084092787821413
2.0,4.0,2.0,5.0,3.0,5.0,2.9434191102709306
2.0,4.0,2.0,5.0,4.0,1.0,2.0761242255997665
2.0,4.0,2.0,5.0,4.0,2.0,2.3254159025592545
2.0,4.0,2.0,5.0,4.0,3.0,2.3640777300950777
2.0,4.0,2.0,5.0,4.0,4.0,2.6130516913257757
2.0,4.0,2.0,5.0,4.0,5.0,2.9434197708551237
2.0,4.0,2.0,5.0,5.0,4.0,2.613051985242242
2.0,4.0,2.0,5.0,5.0,5.0,2.9434193914636646
2.0,4.0,3.0,1.0,1.0,1.0,1.2858294106350934
2.0,4.0,3.0,1.0,1.0,2.0,1.8219742718276208
2.0,4.0,3.0,1.0,2.0,1.0,1.4176286131990334
2.0,4.0,3.0,1.0,2.0,2.0,1.896715594733251
2.0,4.0,3.0,1.0,2.0,4.0,2.433565922295673
2.0,4.0,3.0,1.0,3.0,1.0,1.4176289802786706
2.0,4.0,3.0,1.0,3.0,2.0,1.8967153582551977
2.0,4.0,3.0,1.0,3.0,3.0,2.2550113535567213
2.0,4.0,3.0,1.0,4.0,2.0,1.8967123138359452
2.0,4.0,3.0,2.0,1.0,1.0,1.6308349586323545
2.0,4.0,3.0,2.0,1.0,2.0,1.9448088410134585
2.0,4.0,3.0,2.0,1.0,3.0,2.0980488729448665
2.0,4.0,3.0,2.0,2.0,1.0,1.9503772107287323
2.0,4.0,3.0,2.0,2.0,2.0,2.1573647694564095
2.0,4.0,3.0,2.0,2.0,3.0,2.4268984109988696
2.0,4.0,3.0,2.0,2.0,4.0,2.548400910268285
2.0,4.0,3.0,2.0,3.0,2.0,2.157364576912794
2.0,4.0,3.0,2.0,3.0,3.0,2.4826356339190396
2.0,4.0,3.0,2.0,3.0,4.0,2.5484026749714563
2.0,4.0,3.0,2.0,4.0,2.0,2.3012858109866126
2.0,4.0,3.0,2.0,4.0,3.0,2.4826348413444066
2.0,4.0,3.0,2.0,4.0,4.0,2.5484032864048607
2.0,4.0,3.0,2.0,4.0,5.0,2.9656430252224677
2.0,4.0,3.0,2.0,5.0,2.0,2.30128567066109
2.0,4.0,3.0,2.0,5.0,4.0,2.9852960137634255
2.0,4.0,3.0,3.0,1.0,2.0,1.9448080107222476
2.0,4.0,3.0,3.0,1.0,3.0,2.098049396473683
2.0,4.0,3.0,3.0,1.0,4.0,2.4268984555079007
2.0,4.0,3.0,3.0,2.0,2.0,2.394730442982069
2.0,4.0,3.0,3.0,2.0,3.0,2.4268981549624216
2.0,4.0,3.0,3.0,2.0,4.0,2.7245137322888096
2.0,4.0,3.0,3.0,3.0,1.0,2.0761157680671345
2.0,4.0,3.0,3.0,3.0,2.0,2.4735052395463897
2.0,4.0,3.0,3.0,3.0,3.0,2.6795107817079655
2.0,4.0,3.0,3.0,3.0,4.0,2.724513523544719
2.0,4.0,3.0,3.0,4.0,2.0,2.4735052847081325
2.0,4.0,3.0,3.0,4.0,3.0,2.719581970492307
2.0,4.0,3.0,3.0,4.0,4.0,2.76014273850128
2.0,4.0,3.0,3.0,5.0,2.0,2.4735060697980766
2.0,4.0,3.0,3.0,5.0,3.0,2.7195814800309215
2.0,4.0,3.0,3.0,5.0,4.0,2.98529697574149
2.0,4.0,3.0,3.0,5.0,5.0,3.0051213359896596
2.0,4.0,3.0,4.0,1.0,1.0,1.9730188153117396
2.0,4.0,3.0,4.0,1.0,2.0,2.163705059846522
2.0,4.0,3.0,4.0,1.0,3.0,2.4591793242403974
2.0,4.0,3.0,4.0,1.0,4.0,2.4591785884386117
2.0,4.0,3.0,4.0,2.0,1.0,1.9927998648647733
2.0,4.0,3.0,4.0,2.0,2.0,2.3947291707554337
2.0,4.0,3.0,4.0,2.0,3.0,2.4591791959331863
2.0,4.0,3.0,4.0,2.0,4.0,2.724513654299097
2.0,4.0,3.0,4.0,3.0,1.0,2.0761292467970134
2.0,4.0,3.0,4.0,3.0,2.0,2.473505080009725
2.0,4.0,3.0,4.0,3.0,3.0,2.679511649137928
2.0,4.0,3.0,4.0,3.0,4.0,2.724513465976401
2.0,4.0,3.0,4.0,4.0,1.0,2.473506441853288
2.0,4.0,3.0,4.0,4.0,2.0,2.4735047303683757
2.0,4.0,3.0,4.0,4.0,3.0,2.7195819445902933
2.0,4.0,3.0,4.0,4.0,4.0,2.9726431574390118
2.0,4.0,3.0,4.0,4.0,5.0,3.1981312345603827
2.0,4.0,3.0,4.0,5.0,3.0,2.719581862953098
2.0,4.0,3.0,4.0,5.0,4.0,2.9988375805605094
2.0,4.0,3.0,4.0,5.0,5.0,3.265508880870821
2.0,4.0,3.0,5.0,1.0,3.0,2.4591798841986097
2.0,4.0,3.0,5.0,1.0,4.0,2.459179252493476
2.0,4.0,3.0,5.0,2.0,4.0,2.7245134133097517
2.0,4.0,3.0,5.0,3.0,3.0,2.724513338612522
2.0,4.0,3.0,5.0,3.0,4.0,2.7245135031289323
2.0,4.0,3.0,5.0,3.0,5.0,2.946626726796255
2.0,4.0,3.0,5.0,4.0,2.0,2.473503958564356
2.0,4.0,3.0,5.0,4.0,4.0,3.047486395088391
2.0,4.0,3.0,5.0,4.0,5.0,3.1981307384959576
2.0,4.0,3.0,5.0,5.0,3.0,2.9937470599310823
2.0,4.0,3.0,5.0,5.0,4.0,3.0474863667233163
2.0,4.0,3.0,5.0,5.0,5.0,3.265508836039947
2.0,4.0,4.0,1.0,1.0,1.0,1.2858306828685593
2.0,4.0,4.0,1.0,2.0,1.0,1.5585803010332733
2.0,4.0,4.0,2.0,1.0,1.0,1.6308345238789872
2.0,4.0,4.0,2.0,1.0,2.0,2.0025960184839287
2.0,4.0,4.0,2.0,2.0,2.0,2.157364654180926
2.0,4.0,4.0,2.0,2.0,3.0,2.4268987625554055
2.0,4.0,4.0,2.0,3.0,3.0,2.6373100613902944
2.0,4.0,4.0,2.0,4.0,2.0,2.3012856498166063
2.0,4.0,4.0,2.0,4.0,3.0,2.7675825804079217
2.0,4.0,4.0,2.0,4.0,4.0,2.7675819200864327
2.0,4.0,4.0,3.0,1.0,1.0,1.6308363801104906
2.0,4.0,4.0,3.0,1.0,2.0,2.023807066500419
2.0,4.0,4.0,3.0,1.0,3.0,2.4591802490439525
2.0,4.0,4.0,3.0,2.0,3.0,2.459180640996899
2.0,4.0,4.0,3.0,3.0,2.0,2.4920598258576856
2.0,4.0,4.0,3.0,3.0,3.0,2.83528950014929
2.0,4.0,4.0,3.0,3.0,4.0,3.0012374954732364
2.0,4.0,4.0,3.0,4.0,2.0,2.50527209935293
2.0,4.0,4.0,3.0,4.0,3.0,2.8352895045942694
2.0,4.0,4.0,3.0,4.0,4.0,3.0012376538227095
2.0,4.0,4.0,3.0,5.0,4.0,3.4149364439156074
2.0,4.0,4.0,4.0,1.0,2.0,2.4591792241554273
2.0,4.0,4.0,4.0,2.0,2.0,2.4591797263680295
2.0,4.0,4.0,4.0,2.0,3.0,2.459179893891125
2.0,4.0,4.0,4.0,2.0,4.0,2.724513606707209
2.0,4.0,4.0,4.0,3.0,3.0,2.985672545082381
2.0,4.0,4.0,4.0,3.0,4.0,3.001237259275634
2.0,4.0,4.0,4.0,4.0,2.0,2.514288556550189
2.0,4.0,4.0,4.0,4.0,3.0,3.000881931128117
2.0,4.0,4.0,4.0,4.0,4.0,3.168449603862204
2.0,4.0,4.0,4.0,4.0,5.0,3.286111549019784
2.0,4.0,4.0,4.0,5.0,4.0,3.414936527284943
2.0,4.0,4.0,4.0,5.0,5.0,3.4149365438139703
2.0,4.0,4.0,5.0,2.0,2.0,2.464784374317993
2.0,4.0,4.0,5.0,3.0,3.0,3.0008822373667727
2.0,4.0,4.0,5.0,3.0,4.0,3.00123714648206
2.0,4.0,4.0,5.0,3.0,5.0,3.001236770412638
2.0,4.0,4.0,5.0,4.0,3.0,3.000882105951056
2.0,4.0,4.0,5.0,4.0,4.0,3.1684496319007747
2.0,4.0,4.0,5.0,4.0,5.0,3.286111238655774
2.0,4.0,4.0,5.0,5.0,4.0,3.5969855837687432
2.0,4.0,4.0,5.0,5.0,5.0,3.59698522321807
2.0,4.0,5.0,2.0,3.0,2.0,2.157365136720089
2.0,4.0,5.0,3.0,4.0,3.0,2.9995257043813743
2.0,4.0,5.0,3.0,5.0,4.0,3.491557348318799
2.0,4.0,5.0,4.0,4.0,4.0,3.168449650979528
2.0,4.0,5.0,4.0,5.0,3.0,3.0401159639542086
2.0,4.0,5.0,4.0,5.0,4.0,3.4915574046020845
2.0,4.0,5.0,5.0,4.0,3.0,3.0008825426902965
2.0,4.0,5.0,5.0,4.0,4.0,3.168449611322401
2.0,4.0,5.0,5.0,5.0,5.0,3.596985234350382
2.0,5.0,1.0,1.0,1.0,1.0,1.2165626147394322
2.0,5.0,1.0,1.0,1.0,2.0,1.5667495908074236
2.0,5.0,1.0,1.0,2.0,1.0,1.2728930872081041
2.0,5.0,1.0,1.0,2.0,3.0,1.6266489632983439
2.0,5.0,1.0,1.0,3.0,1.0,1.3305970852898747
2.0,5.0,1.0,1.0,3.0,2.0,1.6691134084826185
2.0,5.0,1.0,1.0,4.0,1.0,1.4176377808130685
2.0,5.0,1.0,1.0,4.0,3.0,1.7151135884099067
2.0,5.0,1.0,1.0,5.0,3.0,1.7151208488644023
2.0,5.0,1.0,2.0,1.0,1.0,1.488630968290191
2.0,5.0,1.0,2.0,1.0,2.0,1.566745305835351
2.0,5.0,1.0,2.0,1.0,3.0,1.5916441152871545
2.0,5.0,1.0,2.0,2.0,1.0,1.5397134679099198
2.0,5.0,1.0,2.0,2.0,2.0,1.7719336766410927
2.0,5.0,1.0,2.0,2.0,3.0,1.950763199798148
2.0,5.0,1.0,2.0,3.0,1.0,1.5443522525526026
2.0,5.0,1.0,2.0,3.0,2.0,1.7742027784753511
2.0,5.0,1.0,2.0,3.0,3.0,1.9928225073598025
2.0,5.0,1.0,2.0,4.0,1.0,2.059070739496977
2.0,5.0,1.0,2.0,4.0,3.0,2.0590720610771642
2.0,5.0,1.0,3.0,1.0,1.0,1.488625252595069
2.0,5.0,1.0,3.0,1.0,2.0,1.7719379140505371
2.0,5.0,1.0,3.0,1.0,3.0,1.982212831317634
2.0,5.0,1.0,3.0,2.0,1.0,1.5397187322580168
2.0,5.0,1.0,3.0,2.0,2.0,1.7719408291959344
2.0,5.0,1.0,3.0,3.0,1.0,1.5443523420145036
2.0,5.0,1.0,3.0,3.0,2.0,1.9928222818281238
2.0,5.0,1.0,3.0,3.0,3.0,1.992822532952519
2.0,5.0,1.0,3.0,4.0,2.0,2.0590701743002056
2.0,5.0,1.0,3.0,4.0,3.0,2.059072134774719
2.0,5.0,1.0,3.0,4.0,4.0,2.411643652540581
2.0,5.0,1.0,3.0,5.0,2.0,2.374900453282974
2.0,5.0,1.0,3.0,5.0,5.0,2.4116436631168785
2.0,5.0,1.0,4.0,2.0,2.0,1.7719519268740127
2.0,5.0,1.0,4.0,3.0,4.0,2.4116401105021907
2.0,5.0,1.0,4.0,4.0,1.0,2.249472602629352
2.0,5.0,1.0,4.0,4.0,2.0,2.249473862903499
2.0,5.0,1.0,4.0,4.0,3.0,2.249472865799817
2.0,5.0,1.0,4.0,4.0,4.0,2.4116442121764967
2.0,5.0,1.0,4.0,5.0,3.0,2.3749048990148927
2.0,5.0,1.0,4.0,5.0,4.0,2.4116474419593628
2.0,5.0,1.0,5.0,2.0,1.0,1.539710587628395
2.0,5.0,1.0,5.0,3.0,4.0,2.4116403468677223
2.0,5.0,1.0,5.0,5.0,4.0,2.4116478151152427
2.0,5.0,1.0,5.0,5.0,5.0,2.419934374290952
2.0,5.0,2.0,1.0,1.0,1.0,1.21644276580364
2.0,5.0,2.0,1.0,1.0,2.0,1.730911379459458
2.0,5.0,2.0,1.0,2.0,1.0,1.4322499766676495
2.0,5.0,2.0,1.0,2.0,2.0,1.7309121937684568
2.0,5.0,2.0,1.0,2.0,3.0,1.9686210825506665
2.0,5.0,2.0,1.0,3.0,1.0,1.5189353609663856
2.0,5.0,2.0,1.0,3.0,2.0,1.9037112044373719
2.0,5.0,2.0,1.0,3.0,3.0,1.9956853219239736
2.0,5.0,2.0,1.0,4.0,1.0,1.5189365079897004
2.0,5.0,2.0,1.0,4.0,3.0,2.2422150106601504
2.0,5.0,2.0,1.0,4.0,4.0,2.2422138165017196
2.0,5.0,2.0,1.0,5.0,5.0,2.651542274776988
2.0,5.0,2.0,2.0,1.0,1.0,1.539712344155303
2.0,5.0,2.0,2.0,1.0,2.0,1.7429779229655369
2.0,5.0,2.0,2.0,1.0,3.0,1.970053344699515
2.0,5.0,2.0,2.0,1.0,4.0,1.9940754633664883
2.0,5.0,2.0,2.0,2.0,1.0,1.5397126520536168
2.0,5.0,2.0,2.0,2.0,2.0,1.8458989382097926
2.0,5.0,2.0,2.0,2.0,3.0,2.1793337130398687
2.0,5.0,2.0,2.0,2.0,4.0,2.17932926989231
2.0,5.0,2.0,2.0,3.0,1.0,1.5443524492882146
2.0,5.0,2.0,2.0,3.0,2.0,2.0255816179435238
2.0,5.0,2.0,2.0,3.0,3.0,2.3580594663821146
2.0,5.0,2.0,2.0,4.0,1.0,2.0590715252196476
2.0,5.0,2.0,2.0,4.0,2.0,2.0590710169079265
2.0,5.0,2.0,2.0,4.0,3.0,2.3580595933479196
2.0,5.0,2.0,2.0,5.0,3.0,2.548403486611612
2.0,5.0,2.0,2.0,5.0,4.0,2.651540175353251
2.0,5.0,2.0,3.0,1.0,2.0,1.8478093109816192
2.0,5.0,2.0,3.0,1.0,3.0,1.99182869692216
2.0,5.0,2.0,3.0,2.0,2.0,2.1351273586640085
2.0,5.0,2.0,3.0,2.0,3.0,2.363596769849279
2.0,5.0,2.0,3.0,2.0,4.0,2.4199347962322677
2.0,5.0,2.0,3.0,3.0,2.0,2.1351273581632277
2.0,5.0,2.0,3.0,3.0,3.0,2.3635970943256317
2.0,5.0,2.0,3.0,3.0,4.0,2.4199343404362432
2.0,5.0,2.0,3.0,3.0,5.0,2.4199337678748756
2.0,5.0,2.0,3.0,4.0,2.0,2.1351274736392276
2.0,5.0,2.0,3.0,4.0,3.0,2.3635970989889015
2.0,5.0,2.0,3.0,4.0,4.0,2.651540423357621
2.0,5.0,2.0,3.0,5.0,3.0,2.5484028193946133
2.0,5.0,2.0,3.0,5.0,4.0,2.6515404993634215
2.0,5.0,2.0,3.0,5.0,5.0,2.651541607097034
2.0,5.0,2.0,4.0,1.0,2.0,1.9795391884008895
2.0,5.0,2.0,4.0,1.0,4.0,1.9940696843222099
2.0,5.0,2.0,4.0,2.0,2.0,2.135126530853296
2.0,5.0,2.0,4.0,2.0,3.0,2.419933801411866
2.0,5.0,2.0,4.0,3.0,2.0,2.468052971203299
2.0,5.0,2.0,4.0,3.0,3.0,2.548402291791667
2.0,5.0,2.0,4.0,3.0,4.0,2.651539891196402
2.0,5.0,2.0,4.0,3.0,5.0,2.651540675582907
2.0,5.0,2.0,4.0,4.0,2.0,2.5484024677289923
2.0,5.0,2.0,4.0,4.0,3.0,2.548402618255995
2.0,5.0,2.0,4.0,4.0,4.0,2.6515402112913313
2.0,5.0,2.0,4.0,5.0,3.0,2.5484027807684027
2.0,5.0,2.0,4.0,5.0,4.0,2.651539878801269
2.0,5.0,2.0,4.0,5.0,5.0,2.6515407427330007
2.0,5.0,2.0,5.0,1.0,2.0,1.9940498001750895
2.0,5.0,2.0,5.0,1.0,3.0,1.9940575765593571
2.0,5.0,2.0,5.0,1.0,4.0,1.994062563154385
2.0,5.0,2.0,5.0,1.0,5.0,1.994060054065354
2.0,5.0,2.0,5.0,2.0,3.0,2.41993483896795
2.0,5.0,2.0,5.0,2.0,4.0,2.419935029147425
2.0,5.0,2.0,5.0,2.0,5.0,2.4199346128253625
2.0,5.0,2.0,5.0,3.0,2.0,2.5484013564716723
2.0,5.0,2.0,5.0,3.0,3.0,2.5484017620079964
2.0,5.0,2.0,5.0,3.0,4.0,2.651540248966001
2.0,5.0,2.0,5.0,3.0,5.0,2.943419902927528
2.0,5.0,2.0,5.0,4.0,3.0,2.5484022000021462
2.0,5.0,2.0,5.0,4.0,4.0,2.6515401641803553
2.0,5.0,2.0,5.0,4.0,5.0,2.943419850010945
2.0,5.0,2.0,5.0,5.0,3.0,2.5484025555674625
2.0,5.0,2.0,5.0,5.0,4.0,2.6515396043825756
2.0,5.0,2.0,5.0,5.0,5.0,2.9434199315313334
2.0,5.0,3.0,1.0,1.0,1.0,1.2858281556130304
2.0,5.0,3.0,1.0,1.0,2.0,1.9037111174702013
2.0,5.0,3.0,1.0,2.0,1.0,1.4322500160475329
2.0,5.0,3.0,1.0,3.0,1.0,1.5189360679669957
2.0,5.0,3.0,1.0,3.0,2.0,1.9037110322130018
2.0,5.0,3.0,1.0,3.0,3.0,2.3024984415616827
2.0,5.0,3.0,1.0,4.0,4.0,2.7561599857577006
2.0,5.0,3.0,1.0,5.0,1.0,1.5189365570879823
2.0,5.0,3.0,1.0,5.0,3.0,2.3025006043846656
2.0,5.0,3.0,2.0,1.0,2.0,1.944808061979763
2.0,5.0,3.0,2.0,2.0,2.0,2.1573649466445266
2.0,5.0,3.0,2.0,2.0,5.0,2.9466276591130973
2.0,5.0,3.0,2.0,3.0,2.0,2.1573650997713916
2.0,5.0,3.0,2.0,3.0,3.0,2.548403645675333
2.0,5.0,3.0,2.0,3.0,4.0,2.548403755605605
2.0,5.0,3.0,2.0,4.0,1.0,2.0590706567148858
2.0,5.0,3.0,2.0,4.0,2.0,2.3012856924786824
2.0,5.0,3.0,2.0,4.0,3.0,2.5484038302207175
2.0,5.0,3.0,2.0,4.0,4.0,2.76758207856711
2.0,5.0,3.0,2.0,5.0,2.0,2.3012857875729265
2.0,5.0,3.0,2.0,5.0,3.0,2.548403464829487
2.0,5.0,3.0,2.0,5.0,5.0,3.0051209340028633
2.0,5.0,3.0,3.0,1.0,2.0,2.394730876833788
2.0,5.0,3.0,3.0,1.0,3.0,2.4268980621877057
2.0,5.0,3.0,3.0,1.0,4.0,2.426897512417352
2.0,5.0,3.0,3.0,2.0,1.0,1.984245687974239
2.0,5.0,3.0,3.0,2.0,3.0,2.4268980634103134
2.0,5.0,3.0,3.0,2.0,4.0,2.724513711672603
2.0,5.0,3.0,3.0,3.0,2.0,2.5456629751620987
2.0,5.0,3.0,3.0,3.0,3.0,2.8036014726751546
2.0,5.0,3.0,3.0,3.0,4.0,2.94662398863963
2.0,5.0,3.0,3.0,4.0,3.0,2.8621178822553537
2.0,5.0,3.0,3.0,4.0,4.0,2.98529597019174
2.0,5.0,3.0,3.0,5.0,4.0,2.9852962951230806
2.0,5.0,3.0,3.0,5.0,5.0,3.005121498691379
2.0,5.0,3.0,4.0,1.0,4.0,2.4591801583568658
2.0,5.0,3.0,4.0,1.0,5.0,2.9466190361035145
2.0,5.0,3.0,4.0,2.0,2.0,2.394730987718228
2.0,5.0,3.0,4.0,2.0,3.0,2.7245135549737394
2.0,5.0,3.0,4.0,2.0,4.0,2.7245137073595265
2.0,5.0,3.0,4.0,3.0,2.0,2.5456629146447987
2.0,5.0,3.0,4.0,3.0,3.0,2.803601431229548
2.0,5.0,3.0,4.0,3.0,4.0,2.946624326741226
2.0,5.0,3.0,4.0,3.0,5.0,2.9466233799535635
2.0,5.0,3.0,4.0,4.0,2.0,2.593716144691816
2.0,5.0,3.0,4.0,4.0,3.0,2.8621178310799564
2.0,5.0,3.0,4.0,4.0,4.0,3.0644720290576473
2.0,5.0,3.0,4.0,4.0,5.0,3.19813107590239
2.0,5.0,3.0,4.0,5.0,2.0,2.669704378010188
2.0,5.0,3.0,4.0,5.0,3.0,3.064472065537436
2.0,5.0,3.0,4.0,5.0,4.0,3.0644720616009744
2.0,5.0,3.0,4.0,5.0,5.0,3.2655088052664047
2.0,5.0,3.0,5.0,1.0,1.0,2.4374930572232727
2.0,5.0,3.0,5.0,1.0,3.0,2.459181196475676
2.0,5.0,3.0,5.0,1.0,4.0,2.459180154561542
2.0,5.0,3.0,5.0,2.0,3.0,2.724513777635871
2.0,5.0,3.0,5.0,2.0,4.0,2.724514078088116
2.0,5.0,3.0,5.0,2.0,5.0,2.946623181185842
2.0,5.0,3.0,5.0,3.0,2.0,2.593717516801729
2.0,5.0,3.0,5.0,3.0,3.0,2.9466240729432784
2.0,5.0,3.0,5.0,3.0,5.0,2.946624003862918
2.0,5.0,3.0,5.0,4.0,3.0,2.976069577473687
2.0,5.0,3.0,5.0,4.0,4.0,3.064471990418413
2.0,5.0,3.0,5.0,4.0,5.0,3.1981312615190496
2.0,5.0,3.0,5.0,5.0,2.0,2.669704595184318
2.0,5.0,3.0,5.0,5.0,3.0,3.0644718201594463
2.0,5.0,3.0,5.0,5.0,4.0,3.064472008315523
2.0,5.0,3.0,5.0,5.0,5.0,3.265508943322822
2.0,5.0,4.0,1.0,1.0,1.0,1.5212175122896872
2.0,5.0,4.0,1.0,2.0,2.0,2.013823142195174
2.0,5.0,4.0,2.0,3.0,2.0,2.1573651659766067
2.0,5.0,4.0,2.0,3.0,3.0,2.637310126159625
2.0,5.0,4.0,2.0,4.0,2.0,2.301285357864101
2.0,5.0,4.0,2.0,4.0,4.0,2.767581920450866
2.0,5.0,4.0,2.0,5.0,4.0,3.004216889451368
2.0,5.0,4.0,3.0,2.0,2.0,2.5937164359182625
2.0,5.0,4.0,3.0,3.0,3.0,2.8621182185235616
2.0,5.0,4.0,3.0,3.0,4.0,3.001237641737409
2.0,5.0,4.0,3.0,4.0,3.0,2.8621181283570234
2.0,5.0,4.0,3.0,4.0,4.0,3.001237673735517
2.0,5.0,4.0,3.0,4.0,5.0,3.478615361103186
2.0,5.0,4.0,3.0,5.0,3.0,2.86211806702786
2.0,5.0,4.0,3.0,5.0,4.0,3.5969854814269606
2.0,5.0,4.0,4.0,1.0,4.0,2.4591796438193088
2.0,5.0,4.0,4.0,2.0,2.0,2.5937163329541164
2.0,5.0,4.0,4.0,2.0,3.0,2.8068393982563555
2.0,5.0,4.0,4.0,3.0,1.0,2.593719260086728
2.0,5.0,4.0,4.0,3.0,2.0,2.593717372730419
2.0,5.0,4.0,4.0,3.0,3.0,3.0822060388078607
2.0,5.0,4.0,4.0,3.0,4.0,3.082205918356199
2.0,5.0,4.0,4.0,4.0,2.0,2.5937166348038487
2.0,5.0,4.0,4.0,4.0,3.0,3.082206164667556
2.0,5.0,4.0,4.0,4.0,4.0,3.211188914651854
2.0,5.0,4.0,4.0,4.0,5.0,3.5969857829445533
2.0,5.0,4.0,4.0,5.0,3.0,3.25158267735999
2.0,5.0,4.0,4.0,5.0,4.0,3.596985502764316
2.0,5.0,4.0,4.0,5.0,5.0,3.5969856492250307
2.0,5.0,4.0,5.0,2.0,3.0,2.8068388419444523
2.0,5.0,4.0,5.0,2.0,4.0,2.8068397007718757
2.0,5.0,4.0,5.0,2.0,5.0,2.946624833506321
2.0,5.0,4.0,5.0,3.0,2.0,2.5937167791076274
2.0,5.0,4.0,5.0,3.0,3.0,3.082205958986038
2.0,5.0,4.0,5.0,3.0,5.0,3.5969848210984714
2.0,5.0,4.0,5.0,4.0,2.0,2.9822050096757455
2.0,5.0,4.0,5.0,4.0,3.0,3.211189882311289
2.0,5.0,4.0,5.0,4.0,4.0,3.3318679492720835
2.0,5.0,4.0,5.0,4.0,5.0,3.5969853566004453
2.0,5.0,4.0,5.0,5.0,3.0,3.251582856046135
2.0,5.0,4.0,5.0,5.0,4.0,3.59698531632247
2.0,5.0,4.0,5.0,5.0,5.0,3.596985251817848
2.0,5.0,5.0,1.0,2.0,3.0,2.767582862439428
2.0,5.0,5.0,1.0,5.0,5.0,3.0550053884061463
2.0,5.0,5.0,2.0,1.0,1.0,2.02139294925481
2.0,5.0,5.0,2.0,2.0,2.0,2.15736479969206
2.0,5.0,5.0,2.0,5.0,1.0,2.1005119243868133
2.0,5.0,5.0,2.0,5.0,3.0,2.7675831877654073
2.0,5.0,5.0,3.0,5.0,3.0,3.2515822694206107
2.0,5.0,5.0,4.0,3.0,3.0,3.2111891349519635
2.0,5.0,5.0,4.0,4.0,3.0,3.211189409093728
2.0,5.0,5.0,4.0,4.0,4.0,3.2111891935663004
2.0,5.0,5.0,4.0,4.0,5.0,3.5969858017115146
2.0,5.0,5.0,4.0,5.0,3.0,3.2515822451998955
2.0,5.0,5.0,4.0,5.0,5.0,3.5969858836149706
2.0,5.0,5.0,5.0,1.0,3.0,2.994861840245495
2.0,5.0,5.0,5.0,2.0,5.0,3.5969853322137815
2.0,5.0,5.0,5.0,3.0,4.0,3.494221249121489
2.0,5.0,5.0,5.0,3.0,5.0,3.596985132993344
2.0,5.0,5.0,5.0,4.0,1.0,2.9883399237185846
2.0,5.0,5.0,5.0,4.0,3.0,3.211189841366846
2.0,5.0,5.0,5.0,4.0,5.0,3.5969854588866155
2.0,5.0,5.0,5.0,5.0,3.0,3.2515821863922567
2.0,5.0,5.0,5.0,5.0,4.0,3.5969853335406925
2.0,5.0,5.0,5.0,5.0,5.0,3.614583386111386
3.0,1.0,1.0,1.0,1.0,1.0,1.215703894666429
3.0,1.0,1.0,1.0,1.0,2.0,1.215792366514838
3.0,1.0,1.0,1.0,1.0,3.0,1.5667968406412196
3.0,1.0,1.0,1.0,2.0,1.0,1.2159297163009113
3.0,1.0,1.0,1.0,2.0,2.0,1.2158638248236604
3.0,1.0,1.0,1.0,2.0,4.0,1.5667858957022933
3.0,1.0,1.0,1.0,3.0,1.0,1.2162378684513582
3.0,1.0,1.0,1.0,3.0,2.0,1.6266701420284435
3.0,1.0,1.0,2.0,1.0,1.0,1.2157225038324109
3.0,1.0,1.0,2.0,1.0,2.0,1.2157723058159118
3.0,1.0,1.0,2.0,1.0,3.0,1.5668473561376888
3.0,1.0,1.0,2.0,2.0,2.0,1.4440287711751374
3.0,1.0,1.0,2.0,3.0,1.0,1.4037313889511858
3.0,1.0,1.0,2.0,3.0,2.0,1.7804809838015796
3.0,1.0,1.0,2.0,3.0,3.0,1.9658878100446382
3.0,1.0,1.0,3.0,1.0,1.0,1.221979126394095
3.0,1.0,1.0,3.0,1.0,2.0,1.222253996978472
3.0,1.0,1.0,3.0,2.0,1.0,1.2937577882186362
3.0,1.0,1.0,3.0,2.0,3.0,2.104533297985533
3.0,1.0,1.0,3.0,3.0,2.0,1.7804872989481848
3.0,1.0,1.0,3.0,3.0,3.0,2.104512317244777
3.0,1.0,1.0,3.0,4.0,3.0,2.1731571430032037
3.0,1.0,1.0,4.0,1.0,2.0,1.2219160244004863
3.0,1.0,1.0,4.0,4.0,3.0,2.1732363441900997
3.0,1.0,1.0,4.0,4.0,4.0,2.211551974140861
3.0,1.0,1.0,5.0,3.0,2.0,2.211569997797734
3.0,1.0,1.0,5.0,5.0,5.0,2.211558845757452
3.0,1.0,2.0,1.0,1.0,1.0,1.2157542644514663
3.0,1.0,2.0,1.0,1.0,2.0,1.3526798485440101
3.0,1.0,2.0,1.0,2.0,1.0,1.2158233322707677
3.0,1.0,2.0,1.0,2.0,2.0,1.821978557582975
3.0,1.0,2.0,1.0,3.0,1.0,1.6604490446448161
3.0,1.0,2.0,1.0,3.0,2.0,1.8219676770267843
3.0,1.0,2.0,2.0,1.0,1.0,1.495419573414455
3.0,1.0,2.0,2.0,1.0,2.0,1.8320141267769723
3.0,1.0,2.0,2.0,2.0,2.0,1.8459171482476595
3.0,1.0,2.0,2.0,2.0,3.0,1.985171347830238
3.0,1.0,2.0,2.0,3.0,1.0,1.7561736334829163
3.0,1.0,2.0,2.0,3.0,2.0,1.8459162593272507
3.0,1.0,2.0,2.0,3.0,3.0,2.0026786389022386
3.0,1.0,2.0,2.0,3.0,4.0,2.1209864163977454
3.0,1.0,2.0,3.0,1.0,1.0,1.6331055156670828
3.0,1.0,2.0,3.0,1.0,2.0,1.8460361681220345
3.0,1.0,2.0,3.0,1.0,3.0,1.8460645095737338
3.0,1.0,2.0,3.0,2.0,2.0,1.8459405927816015
3.0,1.0,2.0,3.0,2.0,3.0,2.1716791260156865
3.0,1.0,2.0,3.0,3.0,2.0,1.8459296581856326
3.0,1.0,2.0,3.0,3.0,3.0,2.1716825256854446
3.0,1.0,2.0,3.0,4.0,2.0,2.3383511018218464
3.0,1.0,2.0,3.0,4.0,3.0,2.338364124414242
3.0,1.0,2.0,4.0,1.0,5.0,1.8459826688629788
3.0,1.0,2.0,4.0,2.0,4.0,2.5927725743623102
3.0,1.0,2.0,4.0,3.0,3.0,2.4833126846800533
3.0,1.0,2.0,4.0,4.0,2.0,2.4391673145365695
3.0,1.0,2.0,4.0,4.0,3.0,2.592481308914555
3.0,1.0,2.0,5.0,4.0,2.0,2.4391721054606195
3.0,1.0,3.0,1.0,3.0,3.0,1.8219756734236114
3.0,1.0,3.0,1.0,4.0,3.0,2.0719195247560256
3.0,1.0,3.0,2.0,1.0,1.0,1.7561292319275956
3.0,1.0,3.0,2.0,1.0,2.0,1.8320253486675009
3.0,1.0,3.0,2.0,2.0,2.0,1.9913035528979122
3.0,1.0,3.0,2.0,3.0,3.0,2.4040587145464216
3.0,1.0,3.0,2.0,4.0,2.0,2.469320691753711
3.0,1.0,3.0,2.0,4.0,3.0,2.469319730118487
3.0,1.0,3.0,3.0,1.0,2.0,1.997306099857866
3.0,1.0,3.0,3.0,1.0,3.0,2.0196196797313677
3.0,1.0,3.0,3.0,1.0,4.0,2.3836127741878226
3.0,1.0,3.0,3.0,2.0,2.0,2.0125332295945313
3.0,1.0,3.0,3.0,2.0,3.0,2.5760339773174508
3.0,1.0,3.0,3.0,3.0,3.0,2.576034174990845
3.0,1.0,3.0,3.0,4.0,3.0,2.576030631247681
3.0,1.0,3.0,3.0,5.0,3.0,2.7167599680190486
3.0,1.0,3.0,4.0,1.0,3.0,2.0196566978010315
3.0,1.0,3.0,4.0,2.0,2.0,2.5377290864640316
3.0,1.0,3.0,4.0,2.0,3.0,2.5903183730958492
3.0,1.0,3.0,4.0,2.0,4.0,2.7167481556389963
3.0,1.0,3.0,4.0,3.0,2.0,2.5903341844542305
3.0,1.0,3.0,4.0,3.0,3.0,2.5903219177753933
3.0,1.0,3.0,4.0,3.0,5.0,2.716764375470717
3.0,1.0,3.0,4.0,4.0,3.0,2.71675731945666
3.0,1.0,3.0,5.0,1.0,5.0,2.716750975434176
3.0,1.0,3.0,5.0,2.0,3.0,2.590337821694531
3.0,1.0,3.0,5.0,5.0,2.0,2.716767693137396
3.0,1.0,3.0,5.0,5.0,5.0,2.7167604997413806
3.0,1.0,4.0,1.0,1.0,3.0,2.022310425256551
3.0,1.0,4.0,1.0,3.0,3.0,2.061871378716706
3.0,1.0,4.0,3.0,3.0,3.0,2.7777317701815663
3.0,1.0,4.0,3.0,4.0,1.0,1.7560971711602635
3.0,1.0,4.0,4.0,3.0,4.0,2.8305182566375438
3.0,1.0,4.0,4.0,4.0,4.0,2.8305190203058426
3.0,1.0,4.0,4.0,4.0,5.0,3.055122544881222
3.0,1.0,4.0,4.0,5.0,4.0,2.8305187319490663
3.0,1.0,5.0,1.0,1.0,1.0,1.2158083819217333
3.0,1.0,5.0,4.0,3.0,3.0,3.0085514273266827
3.0,1.0,5.0,5.0,4.0,4.0,3.8690977223170435
3.0,1.0,5.0,5.0,5.0,3.0,3.9454340956140803
3.0,2.0,1.0,1.0,1.0,1.0,1.2160665886059179
3.0,2.0,1.0,1.0,1.0,2.0,1.2398097979563962
3.0,2.0,1.0,1.0,2.0,1.0,1.2162472096804682
3.0,2.0,1.0,1.0,2.0,2.0,1.6266714459636078
3.0,2.0,1.0,2.0,1.0,1.0,1.2207595811178016
3.0,2.0,1.0,2.0,1.0,2.0,1.4263002696890377
3.0,2.0,1.0,2.0,2.0,1.0,1.4037533256071817
3.0,2.0,1.0,2.0,2.0,3.0,2.0069181262000972
3.0,2.0,1.0,2.0,3.0,1.0,1.4037328319358602
3.0,2.0,1.0,2.0,3.0,2.0,1.7804799095054378
3.0,2.0,1.0,2.0,3.0,3.0,2.0069389453637174
3.0,2.0,1.0,2.0,4.0,2.0,1.7804711015838046
3.0,2.0,1.0,3.0,1.0,1.0,1.2211972304903336
3.0,2.0,1.0,3.0,1.0,2.0,1.4263001575480607
3.0,2.0,1.0,3.0,2.0,2.0,1.78049477099855
3.0,2.0,1.0,3.0,2.0,3.0,2.1045606451353898
3.0,2.0,1.0,3.0,3.0,1.0,1.4037038806752444
3.0,2.0,1.0,3.0,3.0,2.0,1.780492388727028
3.0,2.0,1.0,3.0,3.0,3.0,2.104542271741801
3.0,2.0,1.0,3.0,4.0,2.0,1.780481389066464
3.0,2.0,1.0,4.0,1.0,3.0,1.9812197443970465
3.0,2.0,1.0,4.0,2.0,2.0,1.8989371918174627
3.0,2.0,1.0,4.0,2.0,3.0,2.104569658160006
3.0,2.0,1.0,4.0,3.0,3.0,2.1045473506723655
3.0,2.0,1.0,4.0,4.0,3.0,2.173300323930388
3.0,2.0,1.0,4.0,4.0,4.0,2.2115381892846155
3.0,2.0,1.0,5.0,2.0,3.0,2.1045969706276
3.0,2.0,1.0,5.0,3.0,2.0,2.2115726377214004
3.0,2.0,1.0,5.0,5.0,5.0,2.2115372312561736
3.0,2.0,2.0,1.0,1.0,1.0,1.23856516587914
3.0,2.0,2.0,1.0,1.0,2.0,1.3526937074320171
3.0,2.0,2.0,1.0,1.0,3.0,1.8219749810203483
3.0,2.0,2.0,1.0,2.0,1.0,1.400655785526182
3.0,2.0,2.0,1.0,2.0,2.0,1.8219743941364521
3.0,2.0,2.0,1.0,2.0,3.0,2.006932905027036
3.0,2.0,2.0,1.0,3.0,2.0,1.8967087575421147
3.0,2.0,2.0,1.0,3.0,3.0,2.006934515568875
3.0,2.0,2.0,1.0,4.0,3.0,2.006933066648576
3.0,2.0,2.0,2.0,1.0,1.0,1.495415993763825
3.0,2.0,2.0,2.0,1.0,2.0,1.9549200030112825
3.0,2.0,2.0,2.0,2.0,1.0,1.5397447239856568
3.0,2.0,2.0,2.0,2.0,2.0,2.1436304726141415
3.0,2.0,2.0,2.0,3.0,1.0,1.9200413793661446
3.0,2.0,2.0,2.0,3.0,2.0,2.1436240165046696
3.0,2.0,2.0,2.0,3.0,3.0,2.404059187660466
3.0,2.0,2.0,2.0,4.0,2.0,2.1436299580671534
3.0,2.0,2.0,2.0,4.0,3.0,2.4040605827230372
3.0,2.0,2.0,2.0,4.0,4.0,2.4040657593002566
3.0,2.0,2.0,3.0,1.0,1.0,1.6331142562472372
3.0,2.0,2.0,3.0,1.0,2.0,1.9817453422098057
3.0,2.0,2.0,3.0,1.0,3.0,1.9996062301539914
3.0,2.0,2.0,3.0,1.0,4.0,2.032185733888419
3.0,2.0,2.0,3.0,2.0,1.0,1.920044469557003
3.0,2.0,2.0,3.0,2.0,2.0,2.1931427305006923
3.0,2.0,2.0,3.0,2.0,3.0,2.48685352768249
3.0,2.0,2.0,3.0,3.0,1.0,1.9200463416815117
3.0,2.0,2.0,3.0,3.0,2.0,2.2114782467471077
3.0,2.0,2.0,3.0,3.0,3.0,2.6265756672568368
3.0,2.0,2.0,3.0,4.0,1.0,1.9200408671790246
3.0,2.0,2.0,3.0,4.0,2.0,2.4392198019241924
3.0,2.0,2.0,3.0,4.0,3.0,2.7370744624677164
3.0,2.0,2.0,3.0,4.0,4.0,2.7370738383093682
3.0,2.0,2.0,3.0,5.0,3.0,2.73707714930604
3.0,2.0,2.0,3.0,5.0,5.0,2.7370783819272906
3.0,2.0,2.0,4.0,1.0,3.0,2.217447027524573
3.0,2.0,2.0,4.0,1.0,4.0,2.2174515918724014
3.0,2.0,2.0,4.0,2.0,2.0,2.193156501422572
3.0,2.0,2.0,4.0,2.0,3.0,2.6014606526879813
3.0,2.0,2.0,4.0,2.0,4.0,2.8107371019165037
3.0,2.0,2.0,4.0,3.0,2.0,2.2114864484565984
3.0,2.0,2.0,4.0,3.0,3.0,2.741752166494597
3.0,2.0,2.0,4.0,3.0,4.0,2.8107547309514334
3.0,2.0,2.0,4.0,4.0,2.0,2.4391997580822977
3.0,2.0,2.0,4.0,4.0,3.0,2.8237240709669686
3.0,2.0,2.0,4.0,4.0,4.0,2.8863581813108627
3.0,2.0,2.0,4.0,4.0,5.0,3.1906680831295073
3.0,2.0,2.0,4.0,5.0,1.0,1.9200279070302062
3.0,2.0,2.0,5.0,2.0,2.0,2.193160302534742
3.0,2.0,2.0,5.0,2.0,3.0,2.6014487040803767
3.0,2.0,2.0,5.0,2.0,5.0,2.9712993885185703
3.0,2.0,2.0,5.0,3.0,2.0,2.2115624983978504
3.0,2.0,2.0,5.0,4.0,3.0,2.9067360256678576
3.0,2.0,2.0,5.0,4.0,4.0,2.977926587562156
3.0,2.0,2.0,5.0,5.0,5.0,3.1906708193148656
3.0,2.0,3.0,1.0,1.0,1.0,1.238566616578335
3.0,2.0,3.0,1.0,2.0,1.0,1.5474240726265451
3.0,2.0,3.0,1.0,2.0,2.0,1.8219704797733505
3.0,2.0,3.0,1.0,2.0,3.0,2.0097120960699155
3.0,2.0,3.0,1.0,3.0,3.0,2.035458912989328
3.0,2.0,3.0,2.0,1.0,1.0,1.7561308579809367
3.0,2.0,3.0,2.0,1.0,2.0,2.1579147917822104
3.0,2.0,3.0,2.0,2.0,2.0,2.1579186724289325
3.0,2.0,3.0,2.0,2.0,3.0,2.1579160313682024
3.0,2.0,3.0,2.0,2.0,4.0,2.671817508593694
3.0,2.0,3.0,2.0,3.0,1.0,1.9759986921059862
3.0,2.0,3.0,2.0,3.0,2.0,2.3279174310472315
3.0,2.0,3.0,2.0,3.0,3.0,2.4040588688198046
3.0,2.0,3.0,2.0,3.0,4.0,2.787251011357795
3.0,2.0,3.0,2.0,4.0,2.0,2.508031560925523
3.0,2.0,3.0,3.0,1.0,2.0,2.1579127227436077
3.0,2.0,3.0,3.0,1.0,3.0,2.321969942948065
3.0,2.0,3.0,3.0,2.0,2.0,2.433407191260952
3.0,2.0,3.0,3.0,2.0,3.0,2.6779917078297997
3.0,2.0,3.0,3.0,2.0,4.0,2.6779882969503874
3.0,2.0,3.0,3.0,3.0,2.0,2.4334003514240186
3.0,2.0,3.0,3.0,3.0,3.0,2.9688718546947888
3.0,2.0,3.0,3.0,3.0,4.0,2.983180785807924
3.0,2.0,3.0,3.0,4.0,3.0,2.9920069800348896
3.0,2.0,3.0,3.0,5.0,3.0,2.992008321233593
3.0,2.0,3.0,3.0,5.0,5.0,3.0272824508252603
3.0,2.0,3.0,4.0,1.0,3.0,2.321970856282885
3.0,2.0,3.0,4.0,2.0,2.0,2.53759686786403
3.0,2.0,3.0,4.0,2.0,3.0,2.9231809614150848
3.0,2.0,3.0,4.0,3.0,2.0,2.590342321878409
3.0,2.0,3.0,4.0,3.0,3.0,2.968873291759506
3.0,2.0,3.0,4.0,3.0,4.0,3.156962953025272
3.0,2.0,3.0,4.0,4.0,2.0,2.886988514466226
3.0,2.0,3.0,4.0,4.0,3.0,2.9959391092710237
3.0,2.0,3.0,4.0,4.0,4.0,3.1767178928050464
3.0,2.0,3.0,4.0,4.0,5.0,3.1906706052097635
3.0,2.0,3.0,4.0,5.0,3.0,2.9959393860251726
3.0,2.0,3.0,4.0,5.0,4.0,3.176717765995945
3.0,2.0,3.0,5.0,2.0,4.0,2.923176278466186
3.0,2.0,3.0,5.0,3.0,5.0,3.156967184717058
3.0,2.0,3.0,5.0,4.0,2.0,2.9511440295668643
3.0,2.0,3.0,5.0,4.0,3.0,2.995935281621982
3.0,2.0,3.0,5.0,4.0,4.0,3.19149062749351
3.0,2.0,3.0,5.0,4.0,5.0,3.1914904935250523
3.0,2.0,3.0,5.0,5.0,4.0,3.1914897080809386
3.0,2.0,3.0,5.0,5.0,5.0,3.1914896083925495
3.0,2.0,4.0,1.0,2.0,1.0,1.5585774125757406
3.0,2.0,4.0,1.0,3.0,2.0,2.041594585116161
3.0,2.0,4.0,2.0,2.0,2.0,2.348968786489588
3.0,2.0,4.0,2.0,3.0,3.0,2.4040599815836226
3.0,2.0,4.0,2.0,5.0,4.0,3.012209685804875
3.0,2.0,4.0,3.0,2.0,2.0,2.433420956234875
3.0,2.0,4.0,3.0,2.0,3.0,2.6779915100255955
3.0,2.0,4.0,3.0,2.0,4.0,2.97407542023102
3.0,2.0,4.0,3.0,3.0,2.0,2.829899328897021
3.0,2.0,4.0,3.0,3.0,3.0,3.085267461360442
3.0,2.0,4.0,3.0,3.0,4.0,3.2152920353710606
3.0,2.0,4.0,3.0,4.0,3.0,3.109601746062617
3.0,2.0,4.0,3.0,4.0,4.0,3.2152921714022007
3.0,2.0,4.0,4.0,2.0,2.0,2.537495389973147
3.0,2.0,4.0,4.0,2.0,3.0,3.111018356222886
3.0,2.0,4.0,4.0,3.0,3.0,3.1110268303024498
3.0,2.0,4.0,4.0,3.0,4.0,3.2152921078571586
3.0,2.0,4.0,4.0,4.0,3.0,3.2446310549449002
3.0,2.0,4.0,4.0,4.0,4.0,3.413862876294495
3.0,2.0,4.0,4.0,5.0,4.0,3.4138631364428877
3.0,2.0,4.0,5.0,3.0,3.0,3.111038771401206
3.0,2.0,4.0,5.0,4.0,2.0,2.99019966880388
3.0,2.0,4.0,5.0,5.0,4.0,3.4138629981868114
3.0,2.0,4.0,5.0,5.0,5.0,3.894213695479847
3.0,2.0,5.0,2.0,3.0,1.0,2.7009449106882424
3.0,2.0,5.0,3.0,4.0,4.0,3.679498942232972
3.0,2.0,5.0,4.0,3.0,3.0,3.4150568987564607
3.0,2.0,5.0,4.0,5.0,3.0,3.4150556131076732
3.0,2.0,5.0,5.0,2.0,5.0,3.1110070538856114
3.0,2.0,5.0,5.0,4.0,3.0,3.4926641490397676
3.0,2.0,5.0,5.0,5.0,5.0,4.153927390551636
3.0,3.0,1.0,1.0,1.0,1.0,1.2163222960664724
3.0,3.0,1.0,1.0,1.0,2.0,1.4930653824211637
3.0,3.0,1.0,1.0,1.0,3.0,1.5667806487219296
3.0,3.0,1.0,1.0,2.0,1.0,1.216665613421382
3.0,3.0,1.0,1.0,2.0,2.0,1.6266679135259265
3.0,3.0,1.0,1.0,2.0,3.0,1.626665549625782
3.0,3.0,1.0,1.0,3.0,1.0,1.216726778684861
3.0,3.0,1.0,1.0,3.0,2.0,1.6266708795283777
3.0,3.0,1.0,1.0,3.0,3.0,1.6266660840075113
3.0,3.0,1.0,1.0,4.0,1.0,1.2167803651976326
3.0,3.0,1.0,1.0,4.0,2.0,1.8967173314256152
3.0,3.0,1.0,1.0,4.0,3.0,2.006916749139914
3.0,3.0,1.0,2.0,1.0,1.0,1.2203396534112436
3.0,3.0,1.0,2.0,1.0,2.0,1.7781400420241031
3.0,3.0,1.0,2.0,1.0,3.0,1.7781284036012661
3.0,3.0,1.0,2.0,2.0,1.0,1.6244107723399501
3.0,3.0,1.0,2.0,2.0,2.0,1.8902595343695612
3.0,3.0,1.0,2.0,2.0,3.0,2.006945798198534
3.0,3.0,1.0,2.0,3.0,1.0,1.6582287973082415
3.0,3.0,1.0,2.0,3.0,2.0,1.9453390360595644
3.0,3.0,1.0,2.0,3.0,3.0,2.0069420148371573
3.0,3.0,1.0,2.0,4.0,3.0,2.0069254694686536
3.0,3.0,1.0,2.0,4.0,4.0,2.006911581052323
3.0,3.0,1.0,3.0,1.0,1.0,1.2206302692730087
3.0,3.0,1.0,3.0,1.0,2.0,1.7781879800576252
3.0,3.0,1.0,3.0,1.0,3.0,1.778143503225218
3.0,3.0,1.0,3.0,1.0,4.0,1.7781327213981408
3.0,3.0,1.0,3.0,2.0,1.0,1.6244047142346965
3.0,3.0,1.0,3.0,2.0,2.0,1.8902597070015696
3.0,3.0,1.0,3.0,2.0,3.0,2.104583314753736
3.0,3.0,1.0,3.0,3.0,1.0,1.7779334903075665
3.0,3.0,1.0,3.0,3.0,2.0,1.9453378894900435
3.0,3.0,1.0,3.0,3.0,3.0,2.235575656405351
3.0,3.0,1.0,3.0,3.0,4.0,2.4510655984536998
3.0,3.0,1.0,3.0,4.0,2.0,1.9995928971441297
3.0,3.0,1.0,3.0,4.0,3.0,2.235577456982505
3.0,3.0,1.0,4.0,1.0,1.0,1.4747499630442396
3.0,3.0,1.0,4.0,1.0,2.0,1.7782568751591301
3.0,3.0,1.0,4.0,1.0,3.0,1.9940225256777566
3.0,3.0,1.0,4.0,1.0,4.0,1.9940454094427198
3.0,3.0,1.0,4.0,2.0,2.0,1.8989194930402427
3.0,3.0,1.0,4.0,2.0,3.0,2.1045843867872933
3.0,3.0,1.0,4.0,3.0,1.0,1.957851065419291
3.0,3.0,1.0,4.0,3.0,2.0,2.3162507326995745
3.0,3.0,1.0,4.0,3.0,3.0,2.4510668883501805
3.0,3.0,1.0,4.0,3.0,4.0,2.4510661053054217
3.0,3.0,1.0,4.0,4.0,2.0,2.3162508957777646
3.0,3.0,1.0,4.0,4.0,3.0,2.4510610294482427
3.0,3.0,1.0,4.0,4.0,4.0,2.451066708517694
3.0,3.0,1.0,5.0,1.0,1.0,1.5148701514962546
3.0,3.0,1.0,5.0,1.0,2.0,1.9940341329380173
3.0,3.0,1.0,5.0,5.0,5.0,2.911342863613333
3.0,3.0,2.0,1.0,1.0,1.0,1.416938924707022
3.0,3.0,2.0,1.0,1.0,2.0,1.6691132696718523
3.0,3.0,2.0,1.0,1.0,3.0,1.8219746039741014
3.0,3.0,2.0,1.0,2.0,1.0,1.5001173342161447
3.0,3.0,2.0,1.0,2.0,2.0,1.821972937486915
3.0,3.0,2.0,1.0,2.0,3.0,2.0069274604898437
3.0,3.0,2.0,1.0,3.0,1.0,1.6604266322642554
3.0,3.0,2.0,1.0,3.0,2.0,1.8967131339239
3.0,3.0,2.0,1.0,3.0,3.0,2.006927611601556
3.0,3.0,2.0,1.0,3.0,4.0,2.041975397473194
3.0,3.0,2.0,1.0,4.0,1.0,1.660427262240501
3.0,3.0,2.0,1.0,4.0,2.0,1.8967141730152597
3.0,3.0,2.0,1.0,4.0,3.0,2.006921321578378
3.0,3.0,2.0,1.0,4.0,4.0,2.6403108502486687
3.0,3.0,2.0,2.0,1.0,1.0,1.495420229562009
3.0,3.0,2.0,2.0,1.0,2.0,1.9549218001455124
3.0,3.0,2.0,2.0,1.0,3.0,1.994955984685742
3.0,3.0,2.0,2.0,1.0,4.0,2.023632819183686
3.0,3.0,2.0,2.0,2.0,1.0,1.7774778895012422
3.0,3.0,2.0,2.0,2.0,2.0,2.143631011084925
3.0,3.0,2.0,2.0,2.0,3.0,2.4040637212755582
3.0,3.0,2.0,2.0,3.0,1.0,1.9759968463282578
3.0,3.0,2.0,2.0,3.0,2.0,2.169245173341855
3.0,3.0,2.0,2.0,3.0,3.0,2.4040635106535713
3.0,3.0,2.0,2.0,4.0,1.0,1.9759969872408267
3.0,3.0,2.0,2.0,4.0,2.0,2.1692492675655184
3.0,3.0,2.0,2.0,4.0,3.0,2.6158082396893723
3.0,3.0,2.0,2.0,5.0,3.0,2.6158060596347297
3.0,3.0,2.0,3.0,1.0,1.0,1.633112747279682
3.0,3.0,2.0,3.0,1.0,2.0,2.0840907212633377
3.0,3.0,2.0,3.0,1.0,3.0,2.134500356966017
3.0,3.0,2.0,3.0,1.0,4.0,2.1345048127300137
3.0,3.0,2.0,3.0,2.0,1.0,1.9759968458366215
3.0,3.0,2.0,3.0,2.0,2.0,2.193162984796607
3.0,3.0,2.0,3.0,2.0,3.0,2.486853651722981
3.0,3.0,2.0,3.0,2.0,4.0,2.6081164925790468
3.0,3.0,2.0,3.0,3.0,1.0,1.975994700350242
3.0,3.0,2.0,3.0,3.0,2.0,2.379006920294246
3.0,3.0,2.0,3.0,3.0,3.0,2.701397053810567
3.0,3.0,2.0,3.0,3.0,4.0,2.8005337124818683
3.0,3.0,2.0,3.0,4.0,1.0,1.975995898438095
3.0,3.0,2.0,3.0,4.0,2.0,2.4392170273286227
3.0,3.0,2.0,3.0,4.0,3.0,2.8005337531830845
3.0,3.0,2.0,3.0,4.0,4.0,2.800534384148405
3.0,3.0,2.0,3.0,4.0,5.0,2.9522104389136157
3.0,3.0,2.0,3.0,5.0,3.0,2.9522127679390233
3.0,3.0,2.0,3.0,5.0,4.0,2.9522118970232785
3.0,3.0,2.0,4.0,1.0,2.0,2.110494859589397
3.0,3.0,2.0,4.0,1.0,3.0,2.217442281210554
3.0,3.0,2.0,4.0,1.0,4.0,2.2174444188585705
3.0,3.0,2.0,4.0,2.0,2.0,2.193166642070394
3.0,3.0,2.0,4.0,2.0,3.0,2.601459057324008
3.0,3.0,2.0,4.0,2.0,4.0,2.8107585812564873
3.0,3.0,2.0,4.0,2.0,5.0,2.962748675841282
3.0,3.0,2.0,4.0,3.0,2.0,2.5912378123666575
3.0,3.0,2.0,4.0,3.0,3.0,2.8107597809816016
3.0,3.0,2.0,4.0,3.0,4.0,2.8107641125151246
3.0,3.0,2.0,4.0,4.0,2.0,2.591236561976202
3.0,3.0,2.0,4.0,4.0,3.0,2.8314933626609124
3.0,3.0,2.0,4.0,4.0,4.0,2.886357660910757
3.0,3.0,2.0,4.0,4.0,5.0,3.190668565690795
3.0,3.0,2.0,4.0,5.0,3.0,3.053133725930653
3.0,3.0,2.0,4.0,5.0,4.0,3.053133707267645
3.0,3.0,2.0,5.0,1.0,3.0,2.509257169374454
3.0,3.0,2.0,5.0,1.0,5.0,2.5092535080510796
3.0,3.0,2.0,5.0,2.0,1.0,2.0082513029513858
3.0,3.0,2.0,5.0,2.0,2.0,2.1931868644683843
3.0,3.0,2.0,5.0,2.0,3.0,2.6014460904188503
3.0,3.0,2.0,5.0,2.0,5.0,2.983952110740015
3.0,3.0,2.0,5.0,3.0,2.0,2.591241971842436
3.0,3.0,2.0,5.0,3.0,3.0,2.9066978398796395
3.0,3.0,2.0,5.0,3.0,4.0,2.9708017352817175
3.0,3.0,2.0,5.0,4.0,4.0,3.1190212282004377
3.0,3.0,2.0,5.0,4.0,5.0,3.2246464971668143
3.0,3.0,2.0,5.0,5.0,3.0,3.0531316094293244
3.0,3.0,2.0,5.0,5.0,4.0,3.1190213196270204
3.0,3.0,2.0,5.0,5.0,5.0,3.2246464499931924
3.0,3.0,3.0,1.0,1.0,1.0,1.416939577126827
3.0,3.0,3.0,1.0,1.0,2.0,1.6691127927809377
3.0,3.0,3.0,1.0,2.0,1.0,1.547428513177385
3.0,3.0,3.0,1.0,2.0,2.0,1.860060678974689
3.0,3.0,3.0,1.0,2.0,3.0,2.0097119204395764
3.0,3.0,3.0,1.0,3.0,1.0,1.6604331484520778
3.0,3.0,3.0,1.0,3.0,2.0,2.0025039808704435
3.0,3.0,3.0,1.0,3.0,3.0,2.255011353778326
3.0,3.0,3.0,1.0,4.0,1.0,1.6604288263021647
3.0,3.0,3.0,1.0,4.0,2.0,2.332755673784239
3.0,3.0,3.0,1.0,4.0,3.0,2.4980628138067114
3.0,3.0,3.0,1.0,4.0,4.0,2.640306506947551
3.0,3.0,3.0,1.0,5.0,5.0,2.640307492837365
3.0,3.0,3.0,2.0,1.0,1.0,1.756104338871885
3.0,3.0,3.0,2.0,1.0,2.0,2.1579175109541797
3.0,3.0,3.0,2.0,1.0,3.0,2.2473844594078374
3.0,3.0,3.0,2.0,2.0,1.0,1.777481363104182
3.0,3.0,3.0,2.0,2.0,2.0,2.157918654280943
3.0,3.0,3.0,2.0,2.0,3.0,2.6718348790691944
3.0,3.0,3.0,2.0,3.0,1.0,1.9759987155460061
3.0,3.0,3.0,2.0,3.0,2.0,2.4201435622108
3.0,3.0,3.0,2.0,3.0,3.0,2.748827340963161
3.0,3.0,3.0,2.0,3.0,4.0,2.787251040088512
3.0,3.0,3.0,2.0,4.0,2.0,2.558336781789355
3.0,3.0,3.0,2.0,4.0,3.0,2.837414542368759
3.0,3.0,3.0,2.0,4.0,4.0,2.8374144540400006
3.0,3.0,3.0,2.0,5.0,2.0,2.91993572768226
3.0,3.0,3.0,2.0,5.0,3.0,2.952867251678145
3.0,3.0,3.0,2.0,5.0,4.0,2.9857978167625294
3.0,3.0,3.0,3.0,1.0,1.0,2.076121118082079
3.0,3.0,3.0,3.0,1.0,2.0,2.1579180563694864
3.0,3.0,3.0,3.0,1.0,3.0,2.321972719527955
3.0,3.0,3.0,3.0,2.0,1.0,2.076121254784005
3.0,3.0,3.0,3.0,2.0,2.0,2.537540865079418
3.0,3.0,3.0,3.0,2.0,3.0,2.810077036023868
3.0,3.0,3.0,3.0,2.0,4.0,2.9943457307454513
3.0,3.0,3.0,3.0,3.0,1.0,2.076115609309252
3.0,3.0,3.0,3.0,3.0,2.0,2.5583371492301907
3.0,3.0,3.0,3.0,3.0,3.0,2.9688660748194122
3.0,3.0,3.0,3.0,3.0,4.0,3.129170112152514
3.0,3.0,3.0,3.0,4.0,2.0,2.5583374039795417
3.0,3.0,3.0,3.0,4.0,3.0,2.9989696994286903
3.0,3.0,3.0,3.0,4.0,4.0,3.2833033941032723
3.0,3.0,3.0,3.0,5.0,1.0,2.076120302601923
3.0,3.0,3.0,3.0,5.0,3.0,2.9989696109761654
3.0,3.0,3.0,3.0,5.0,4.0,3.444876576453377
3.0,3.0,3.0,3.0,5.0,5.0,3.444876515884934
3.0,3.0,3.0,4.0,1.0,2.0,2.163700914744663
3.0,3.0,3.0,4.0,1.0,3.0,2.3219746800020116
3.0,3.0,3.0,4.0,1.0,4.0,2.7954976743175717
3.0,3.0,3.0,4.0,1.0,5.0,2.910178248020403
3.0,3.0,3.0,4.0,2.0,2.0,2.537522800488166
3.0,3.0,3.0,4.0,2.0,3.0,2.9231823896457145
3.0,3.0,3.0,4.0,2.0,4.0,2.994344052866448
3.0,3.0,3.0,4.0,3.0,1.0,2.076106821336811
3.0,3.0,3.0,4.0,3.0,2.0,2.7236024599065134
3.0,3.0,3.0,4.0,3.0,3.0,3.0366169971266617
3.0,3.0,3.0,4.0,3.0,4.0,3.1873394234585737
3.0,3.0,3.0,4.0,4.0,2.0,2.8869949323210298
3.0,3.0,3.0,4.0,4.0,3.0,3.098307414684952
3.0,3.0,3.0,4.0,4.0,4.0,3.319270304067733
3.0,3.0,3.0,4.0,4.0,5.0,3.4504474214588683
3.0,3.0,3.0,4.0,5.0,3.0,3.0983073737607394
3.0,3.0,3.0,4.0,5.0,4.0,3.444876769213742
3.0,3.0,3.0,4.0,5.0,5.0,3.4504478299518273
3.0,3.0,3.0,5.0,1.0,2.0,2.1637067533814593
3.0,3.0,3.0,5.0,1.0,3.0,2.7107299381268444
3.0,3.0,3.0,5.0,1.0,4.0,2.9101764996571364
3.0,3.0,3.0,5.0,2.0,3.0,2.957157723047718
3.0,3.0,3.0,5.0,2.0,4.0,2.9943423270624567
3.0,3.0,3.0,5.0,2.0,5.0,2.994341430679257
3.0,3.0,3.0,5.0,3.0,3.0,3.0366170310188014
3.0,3.0,3.0,5.0,3.0,4.0,3.187339208806568
3.0,3.0,3.0,5.0,4.0,2.0,3.056926142344772
3.0,3.0,3.0,5.0,4.0,3.0,3.1213493343980647
3.0,3.0,3.0,5.0,4.0,4.0,3.386867342084437
3.0,3.0,3.0,5.0,4.0,5.0,3.5260706794170793
3.0,3.0,3.0,5.0,5.0,3.0,3.1213497335031453
3.0,3.0,3.0,5.0,5.0,4.0,3.526070738168849
3.0,3.0,3.0,5.0,5.0,5.0,3.5260707219398535
3.0,3.0,4.0,1.0,1.0,2.0,1.6691124417787557
3.0,3.0,4.0,1.0,2.0,1.0,1.6604309538780975
3.0,3.0,4.0,1.0,3.0,2.0,2.0542512158221915
3.0,3.0,4.0,1.0,4.0,4.0,2.640303407682762
3.0,3.0,4.0,1.0,5.0,3.0,2.9707227500285285
3.0,3.0,4.0,2.0,1.0,2.0,2.157920016716675
3.0,3.0,4.0,2.0,2.0,1.0,2.0227492951158075
3.0,3.0,4.0,2.0,2.0,2.0,2.3489638948466762
3.0,3.0,4.0,2.0,3.0,1.0,2.0425320965043863
3.0,3.0,4.0,2.0,3.0,2.0,2.6323612294347503
3.0,3.0,4.0,2.0,3.0,3.0,2.9172442781918506
3.0,3.0,4.0,2.0,3.0,4.0,2.9477006231863823
3.0,3.0,4.0,2.0,4.0,2.0,2.632361592070511
3.0,3.0,4.0,2.0,4.0,3.0,2.9896403657823414
3.0,3.0,4.0,2.0,4.0,4.0,3.0027563667266683
3.0,3.0,4.0,3.0,1.0,2.0,2.157919941517264
3.0,3.0,4.0,3.0,2.0,2.0,2.7673906599983997
3.0,3.0,4.0,3.0,2.0,3.0,3.044862151915563
3.0,3.0,4.0,3.0,2.0,4.0,3.044862629549163
3.0,3.0,4.0,3.0,3.0,2.0,2.8299007009569634
3.0,3.0,4.0,3.0,3.0,3.0,3.089783962892343
3.0,3.0,4.0,3.0,3.0,4.0,3.2152920274883248
3.0,3.0,4.0,3.0,4.0,2.0,2.88699246310133
3.0,3.0,4.0,3.0,4.0,3.0,3.120299995883607
3.0,3.0,4.0,3.0,4.0,4.0,3.360411789334125
3.0,3.0,4.0,3.0,5.0,3.0,3.325888242134284
3.0,3.0,4.0,3.0,5.0,4.0,3.6324061278886077
3.0,3.0,4.0,4.0,1.0,4.0,2.9935812318180104
3.0,3.0,4.0,4.0,2.0,2.0,2.8299070973163705
3.0,3.0,4.0,4.0,2.0,3.0,3.1110227757029922
3.0,3.0,4.0,4.0,2.0,4.0,3.3765091702143417
3.0,3.0,4.0,4.0,3.0,2.0,2.8299041523480337
3.0,3.0,4.0,4.0,3.0,3.0,3.111021724372397
3.0,3.0,4.0,4.0,3.0,4.0,3.476585167556358
3.0,3.0,4.0,4.0,4.0,2.0,2.88699225781213
3.0,3.0,4.0,4.0,4.0,3.0,3.3505566947088123
3.0,3.0,4.0,4.0,4.0,4.0,3.679497378315661
3.0,3.0,4.0,4.0,4.0,5.0,3.772557771465362
3.0,3.0,4.0,4.0,5.0,3.0,3.392299330885139
3.0,3.0,4.0,4.0,5.0,4.0,3.6794973814069447
3.0,3.0,4.0,4.0,5.0,5.0,3.772557538987641
3.0,3.0,4.0,5.0,2.0,4.0,3.45892560833948
3.0,3.0,4.0,5.0,3.0,4.0,3.4765849568145555
3.0,3.0,4.0,5.0,3.0,5.0,3.502091073095819
3.0,3.0,4.0,5.0,4.0,2.0,3.0569282086983125
3.0,3.0,4.0,5.0,4.0,3.0,3.3505563336170807
3.0,3.0,4.0,5.0,4.0,4.0,3.679497262769642
3.0,3.0,4.0,5.0,4.0,5.0,3.7725576388460977
3.0,3.0,4.0,5.0,5.0,3.0,3.3922999720721916
3.0,3.0,4.0,5.0,5.0,4.0,3.8824143342613087
3.0,3.0,4.0,5.0,5.0,5.0,3.894213661418481
3.0,3.0,5.0,1.0,1.0,3.0,2.0866945516104876
3.0,3.0,5.0,1.0,3.0,1.0,2.06039537721003
3.0,3.0,5.0,2.0,3.0,2.0,2.9172448654003063
3.0,3.0,5.0,2.0,3.0,3.0,2.9172440326921047
3.0,3.0,5.0,2.0,4.0,5.0,3.8690779981605594
3.0,3.0,5.0,2.0,5.0,3.0,3.0310009078692475
3.0,3.0,5.0,3.0,3.0,3.0,3.089784198305869
3.0,3.0,5.0,3.0,3.0,4.0,3.6324068587077796
3.0,3.0,5.0,3.0,4.0,3.0,3.4029683302741844
3.0,3.0,5.0,3.0,4.0,4.0,3.679497378128203
3.0,3.0,5.0,4.0,3.0,3.0,3.4150559072382682
3.0,3.0,5.0,4.0,3.0,4.0,3.6476987569320984
3.0,3.0,5.0,4.0,4.0,3.0,3.4150555188258416
3.0,3.0,5.0,4.0,4.0,4.0,3.6794968281479714
3.0,3.0,5.0,4.0,4.0,5.0,3.86908249460936
3.0,3.0,5.0,4.0,5.0,3.0,3.4150552506824954
3.0,3.0,5.0,4.0,5.0,4.0,3.94543720704068
3.0,3.0,5.0,4.0,5.0,5.0,3.9909238580938675
3.0,3.0,5.0,5.0,2.0,2.0,3.002370501879321
3.0,3.0,5.0,5.0,4.0,4.0,3.869095702767489
3.0,3.0,5.0,5.0,4.0,5.0,3.8690877648057556
3.0,3.0,5.0,5.0,5.0,3.0,3.945436511630656
3.0,3.0,5.0,5.0,5.0,4.0,3.945437866694251
3.0,3.0,5.0,5.0,5.0,5.0,4.153927303618724
3.0,4.0,1.0,1.0,1.0,1.0,1.251339195705087
3.0,4.0,1.0,1.0,1.0,2.0,1.5667585568130153
3.0,4.0,1.0,1.0,2.0,1.0,1.330597311939489
3.0,4.0,1.0,1.0,2.0,2.0,1.6266643218056664
3.0,4.0,1.0,1.0,2.0,3.0,1.6266675696365827
3.0,4.0,1.0,1.0,3.0,1.0,1.3305970472923403
3.0,4.0,1.0,1.0,3.0,2.0,1.868303824962038
3.0,4.0,1.0,1.0,4.0,1.0,1.584215421153751
3.0,4.0,1.0,1.0,4.0,2.0,1.9834537333053697
3.0,4.0,1.0,2.0,1.0,1.0,1.3744223958318706
3.0,4.0,1.0,2.0,1.0,2.0,1.7781359161249333
3.0,4.0,1.0,2.0,2.0,1.0,1.6244147309917487
3.0,4.0,1.0,2.0,2.0,2.0,1.8902595579856054
3.0,4.0,1.0,2.0,2.0,3.0,2.1045807550725213
3.0,4.0,1.0,2.0,3.0,1.0,1.7779290277761148
3.0,4.0,1.0,2.0,3.0,2.0,1.9453384321826168
3.0,4.0,1.0,2.0,3.0,3.0,2.1045758765258125
3.0,4.0,1.0,2.0,4.0,2.0,1.9906983353028112
3.0,4.0,1.0,2.0,4.0,3.0,2.104573662035113
3.0,4.0,1.0,2.0,4.0,4.0,2.104575514264845
3.0,4.0,1.0,3.0,1.0,1.0,1.4747578070993752
3.0,4.0,1.0,3.0,1.0,2.0,1.7781758495504623
3.0,4.0,1.0,3.0,1.0,3.0,1.8437391592565209
3.0,4.0,1.0,3.0,1.0,4.0,1.8437407166610558
3.0,4.0,1.0,3.0,2.0,1.0,1.777932077885833
3.0,4.0,1.0,3.0,2.0,2.0,1.8987990858004722
3.0,4.0,1.0,3.0,2.0,3.0,2.1045924767238886
3.0,4.0,1.0,3.0,2.0,4.0,2.451057999290587
3.0,4.0,1.0,3.0,3.0,2.0,1.9453386798317274
3.0,4.0,1.0,3.0,3.0,3.0,2.235575464497519
3.0,4.0,1.0,3.0,4.0,2.0,2.0033724010794822
3.0,4.0,1.0,3.0,4.0,3.0,2.4510676380073364
3.0,4.0,1.0,3.0,5.0,4.0,2.6665339811516446
3.0,4.0,1.0,4.0,1.0,1.0,1.4747451283034105
3.0,4.0,1.0,4.0,1.0,2.0,1.7782720669541325
3.0,4.0,1.0,4.0,1.0,3.0,1.9940358839376473
3.0,4.0,1.0,4.0,2.0,1.0,1.777936933541421
3.0,4.0,1.0,4.0,2.0,2.0,1.8988378255919167
3.0,4.0,1.0,4.0,2.0,3.0,2.1045956438485427
3.0,4.0,1.0,4.0,3.0,2.0,2.316254273475188
3.0,4.0,1.0,4.0,3.0,3.0,2.4510677108408814
3.0,4.0,1.0,4.0,3.0,4.0,2.451066058117174
3.0,4.0,1.0,4.0,4.0,1.0,1.957934760070835
3.0,4.0,1.0,4.0,4.0,2.0,2.3162526058467354
3.0,4.0,1.0,4.0,4.0,3.0,2.451067424693629
3.0,4.0,1.0,4.0,4.0,4.0,2.451068698790885
3.0,4.0,1.0,4.0,5.0,1.0,2.4874469065280733
3.0,4.0,1.0,5.0,2.0,1.0,1.981839944123266
3.0,4.0,1.0,5.0,3.0,1.0,2.3377552262547674
3.0,4.0,1.0,5.0,4.0,2.0,2.337729446951581
3.0,4.0,1.0,5.0,5.0,2.0,2.666527952236744
3.0,4.0,1.0,5.0,5.0,4.0,2.666530240295525
3.0,4.0,1.0,5.0,5.0,5.0,2.9113416960438703
3.0,4.0,2.0,1.0,1.0,1.0,1.5258862167646818
3.0,4.0,2.0,1.0,1.0,2.0,1.8219726787602566
3.0,4.0,2.0,1.0,2.0,1.0,1.6604313922577705
3.0,4.0,2.0,1.0,2.0,2.0,1.8219737025417528
3.0,4.0,2.0,1.0,3.0,1.0,1.6604300468459865
3.0,4.0,2.0,1.0,3.0,2.0,2.006930253124315
3.0,4.0,2.0,1.0,3.0,3.0,2.006928230497292
3.0,4.0,2.0,1.0,4.0,3.0,2.04148691276689
3.0,4.0,2.0,2.0,1.0,1.0,1.6331213750712328
3.0,4.0,2.0,2.0,1.0,2.0,1.9549210655613247
3.0,4.0,2.0,2.0,1.0,3.0,2.229435950128182
3.0,4.0,2.0,2.0,2.0,1.0,1.7986593876828814
3.0,4.0,2.0,2.0,2.0,2.0,2.1931461426926933
3.0,4.0,2.0,2.0,2.0,3.0,2.4040643353438256
3.0,4.0,2.0,2.0,3.0,1.0,1.9759963006600094
3.0,4.0,2.0,2.0,3.0,2.0,2.287214719746165
3.0,4.0,2.0,2.0,3.0,3.0,2.508349559099906
3.0,4.0,2.0,2.0,4.0,2.0,2.3306517074012234
3.0,4.0,2.0,2.0,4.0,3.0,2.615805739893092
3.0,4.0,2.0,2.0,4.0,4.0,2.93960962135682
3.0,4.0,2.0,3.0,1.0,1.0,1.6331200126586254
3.0,4.0,2.0,3.0,1.0,2.0,2.084091380473233
3.0,4.0,2.0,3.0,1.0,3.0,2.229435611194985
3.0,4.0,2.0,3.0,2.0,1.0,1.9759955537566163
3.0,4.0,2.0,3.0,2.0,2.0,2.193156006070134
3.0,4.0,2.0,3.0,2.0,3.0,2.6081312199900792
3.0,4.0,2.0,3.0,2.0,4.0,2.6081234218997236
3.0,4.0,2.0,3.0,3.0,1.0,1.9759955337274906
3.0,4.0,2.0,3.0,3.0,2.0,2.3790069477697466
3.0,4.0,2.0,3.0,3.0,3.0,2.800532364971774
3.0,4.0,2.0,3.0,3.0,4.0,2.8234261671373204
3.0,4.0,2.0,3.0,4.0,1.0,1.9759971895376387
3.0,4.0,2.0,3.0,4.0,2.0,2.5912340159444702
3.0,4.0,2.0,3.0,4.0,3.0,2.8005331622856615
3.0,4.0,2.0,3.0,4.0,4.0,3.1190215952669136
3.0,4.0,2.0,3.0,5.0,3.0,2.9522127640066285
3.0,4.0,2.0,3.0,5.0,4.0,3.119021631626442
3.0,4.0,2.0,3.0,5.0,5.0,3.1190215337133527
3.0,4.0,2.0,4.0,1.0,1.0,1.9548639947944635
3.0,4.0,2.0,4.0,1.0,2.0,2.1105046408388954
3.0,4.0,2.0,4.0,1.0,3.0,2.540288166362805
3.0,4.0,2.0,4.0,1.0,4.0,2.5402880929882814
3.0,4.0,2.0,4.0,2.0,2.0,2.433960693734547
3.0,4.0,2.0,4.0,2.0,3.0,2.608130649981564
3.0,4.0,2.0,4.0,2.0,4.0,2.81076513116731
3.0,4.0,2.0,4.0,2.0,5.0,2.975400357898806
3.0,4.0,2.0,4.0,3.0,1.0,2.0761321643622384
3.0,4.0,2.0,4.0,3.0,2.0,2.5912333803571936
3.0,4.0,2.0,4.0,3.0,3.0,2.90670413317105
3.0,4.0,2.0,4.0,3.0,4.0,2.996445106283513
3.0,4.0,2.0,4.0,3.0,5.0,2.996446471209853
3.0,4.0,2.0,4.0,4.0,1.0,2.0761220259065922
3.0,4.0,2.0,4.0,4.0,2.0,2.591233041675542
3.0,4.0,2.0,4.0,4.0,3.0,2.906704287042741
3.0,4.0,2.0,4.0,4.0,4.0,3.1190216100934487
3.0,4.0,2.0,4.0,4.0,5.0,3.1906679590418103
3.0,4.0,2.0,4.0,5.0,2.0,2.59123290621574
3.0,4.0,2.0,4.0,5.0,3.0,3.0531344757988492
3.0,4.0,2.0,4.0,5.0,4.0,3.1190215552147786
3.0,4.0,2.0,4.0,5.0,5.0,3.2246472010059195
3.0,4.0,2.0,5.0,1.0,2.0,2.1105248598487694
3.0,4.0,2.0,5.0,1.0,4.0,2.5402876222691493
3.0,4.0,2.0,5.0,1.0,5.0,2.976829035981866
3.0,4.0,2.0,5.0,2.0,3.0,2.608129163248452
3.0,4.0,2.0,5.0,3.0,2.0,2.7789115605954398
3.0,4.0,2.0,5.0,3.0,3.0,2.906704942605366
3.0,4.0,2.0,5.0,3.0,4.0,3.1190213296954465
3.0,4.0,2.0,5.0,4.0,3.0,2.906714498911861
3.0,4.0,2.0,5.0,4.0,4.0,3.1190211422175707
3.0,4.0,2.0,5.0,4.0,5.0,3.2246466376392386
3.0,4.0,2.0,5.0,5.0,3.0,3.0531340665855384
3.0,4.0,2.0,5.0,5.0,4.0,3.119021473133473
3.0,4.0,2.0,5.0,5.0,5.0,3.224646657176222
3.0,4.0,3.0,1.0,1.0,1.0,1.525885928638078
3.0,4.0,3.0,1.0,1.0,2.0,1.8219739534279744
3.0,4.0,3.0,1.0,2.0,1.0,1.6604331588341383
3.0,4.0,3.0,1.0,2.0,2.0,2.2280063239134265
3.0,4.0,3.0,1.0,2.0,3.0,2.255010036479348
3.0,4.0,3.0,1.0,3.0,1.0,1.6604335515782307
3.0,4.0,3.0,1.0,3.0,2.0,2.2280061048306403
3.0,4.0,3.0,1.0,3.0,3.0,2.255010923396588
3.0,4.0,3.0,1.0,4.0,3.0,2.6403120465051804
3.0,4.0,3.0,1.0,5.0,2.0,2.332754608434846
3.0,4.0,3.0,1.0,5.0,5.0,2.6403111497345217
3.0,4.0,3.0,2.0,1.0,1.0,1.9759968804674448
3.0,4.0,3.0,2.0,1.0,2.0,2.163503604579832
3.0,4.0,3.0,2.0,1.0,3.0,2.3219714586258395
3.0,4.0,3.0,2.0,2.0,1.0,1.975994041497559
3.0,4.0,3.0,2.0,2.0,2.0,2.237654806459528
3.0,4.0,3.0,2.0,2.0,3.0,2.6718343673342457
3.0,4.0,3.0,2.0,2.0,4.0,2.671823683978162
3.0,4.0,3.0,2.0,3.0,1.0,1.9759965918235436
3.0,4.0,3.0,2.0,3.0,2.0,2.4990518143928457
3.0,4.0,3.0,2.0,3.0,3.0,2.7809594287792696
3.0,4.0,3.0,2.0,3.0,4.0,2.9477005311510895
3.0,4.0,3.0,2.0,4.0,2.0,2.56807741568897
3.0,4.0,3.0,2.0,4.0,3.0,2.938068472406115
3.0,4.0,3.0,2.0,4.0,4.0,2.9964833193497613
3.0,4.0,3.0,2.0,4.0,5.0,3.0788251637258375
3.0,4.0,3.0,2.0,5.0,3.0,3.0525077168811254
3.0,4.0,3.0,2.0,5.0,4.0,3.0525075760027556
3.0,4.0,3.0,3.0,1.0,1.0,2.0761244048022287
3.0,4.0,3.0,3.0,1.0,2.0,2.1637058765231987
3.0,4.0,3.0,3.0,1.0,3.0,2.321971421550993
3.0,4.0,3.0,3.0,1.0,4.0,2.8822054845928284
3.0,4.0,3.0,3.0,2.0,1.0,2.0761247236809446
3.0,4.0,3.0,3.0,2.0,2.0,2.7673903072512482
3.0,4.0,3.0,3.0,2.0,3.0,2.820484945074653
3.0,4.0,3.0,3.0,2.0,4.0,3.110036708900781
3.0,4.0,3.0,3.0,3.0,1.0,2.437492935245398
3.0,4.0,3.0,3.0,3.0,2.0,2.767389684555624
3.0,4.0,3.0,3.0,3.0,3.0,2.9799089177450124
3.0,4.0,3.0,3.0,3.0,4.0,3.247114389788599
3.0,4.0,3.0,3.0,4.0,2.0,2.792053526467346
3.0,4.0,3.0,3.0,4.0,3.0,3.0404996363973993
3.0,4.0,3.0,3.0,4.0,4.0,3.2939355575424254
3.0,4.0,3.0,3.0,4.0,5.0,3.293935877944869
3.0,4.0,3.0,3.0,5.0,3.0,3.052507512351155
3.0,4.0,3.0,3.0,5.0,4.0,3.4448768335565525
3.0,4.0,3.0,4.0,1.0,2.0,2.1637045809887017
3.0,4.0,3.0,4.0,1.0,3.0,2.540287354804606
3.0,4.0,3.0,4.0,1.0,4.0,2.8822082418440167
3.0,4.0,3.0,4.0,2.0,2.0,2.7673907151522834
3.0,4.0,3.0,4.0,2.0,3.0,2.937896469622198
3.0,4.0,3.0,4.0,2.0,4.0,3.2016759430901462
3.0,4.0,3.0,4.0,3.0,2.0,2.767390431387037
3.0,4.0,3.0,4.0,3.0,3.0,3.0905805734738805
3.0,4.0,3.0,4.0,3.0,4.0,3.2994023323275266
3.0,4.0,3.0,4.0,3.0,5.0,3.4935086592808817
3.0,4.0,3.0,4.0,4.0,2.0,3.052506207589596
3.0,4.0,3.0,4.0,4.0,3.0,3.166368831611741
3.0,4.0,3.0,4.0,4.0,4.0,3.4177155797387995
3.0,4.0,3.0,4.0,4.0,5.0,3.4935110610927587
3.0,4.0,3.0,4.0,5.0,2.0,3.0525061584735784
3.0,4.0,3.0,4.0,5.0,3.0,3.1663687630409862
3.0,4.0,3.0,4.0,5.0,4.0,3.555835690345606
3.0,4.0,3.0,4.0,5.0,5.0,3.555835513297122
3.0,4.0,3.0,5.0,1.0,1.0,2.076126432367681
3.0,4.0,3.0,5.0,1.0,2.0,2.163704097928977
3.0,4.0,3.0,5.0,1.0,4.0,2.9101733906389122
3.0,4.0,3.0,5.0,2.0,3.0,2.979850589280825
3.0,4.0,3.0,5.0,2.0,4.0,3.2016751111519963
3.0,4.0,3.0,5.0,2.0,5.0,3.201674538220587
3.0,4.0,3.0,5.0,3.0,3.0,3.1948453869376543
3.0,4.0,3.0,5.0,3.0,4.0,3.3276855206576625
3.0,4.0,3.0,5.0,3.0,5.0,3.493614425629852
3.0,4.0,3.0,5.0,4.0,2.0,3.0569292172402016
3.0,4.0,3.0,5.0,4.0,3.0,3.1948453234265664
3.0,4.0,3.0,5.0,4.0,4.0,3.498598479047615
3.0,4.0,3.0,5.0,4.0,5.0,3.5327111259980244
3.0,4.0,3.0,5.0,5.0,2.0,3.0569291975305974
3.0,4.0,3.0,5.0,5.0,3.0,3.221421207554136
3.0,4.0,3.0,5.0,5.0,4.0,3.5558356572157197
3.0,4.0,3.0,5.0,5.0,5.0,3.5558356279676033
3.0,4.0,4.0,1.0,1.0,1.0,1.5258809240676432
3.0,4.0,4.0,1.0,2.0,2.0,2.2550127790997894
3.0,4.0,4.0,1.0,2.0,4.0,2.433562984338272
3.0,4.0,4.0,1.0,3.0,2.0,2.2550117822276885
3.0,4.0,4.0,1.0,3.0,3.0,2.255009704094669
3.0,4.0,4.0,1.0,4.0,1.0,1.6604314803048967
3.0,4.0,4.0,1.0,4.0,2.0,2.53165954650974
3.0,4.0,4.0,1.0,4.0,3.0,2.9636006368835885
3.0,4.0,4.0,1.0,5.0,1.0,1.6604313308056589
3.0,4.0,4.0,2.0,1.0,1.0,1.9759980132660224
3.0,4.0,4.0,2.0,2.0,2.0,2.3489728493124025
3.0,4.0,4.0,2.0,2.0,3.0,2.6718354856994555
3.0,4.0,4.0,2.0,3.0,1.0,2.055189315414528
3.0,4.0,4.0,2.0,3.0,2.0,2.6323611583755095
3.0,4.0,4.0,2.0,3.0,3.0,2.917244503492718
3.0,4.0,4.0,2.0,3.0,4.0,2.947700535130421
3.0,4.0,4.0,2.0,4.0,2.0,2.7673912276097754
3.0,4.0,4.0,2.0,4.0,3.0,3.04050090218224
3.0,4.0,4.0,2.0,4.0,4.0,3.24951047218426
3.0,4.0,4.0,3.0,1.0,2.0,2.70618002228071
3.0,4.0,4.0,3.0,1.0,3.0,2.7061803507718976
3.0,4.0,4.0,3.0,1.0,4.0,2.9796111135820844
3.0,4.0,4.0,3.0,2.0,2.0,2.767390852015526
3.0,4.0,4.0,3.0,2.0,3.0,3.1231311446399888
3.0,4.0,4.0,3.0,2.0,4.0,3.123131433348014
3.0,4.0,4.0,3.0,3.0,2.0,2.8298998210449167
3.0,4.0,4.0,3.0,3.0,3.0,3.128601337820966
3.0,4.0,4.0,3.0,3.0,4.0,3.5508667895315
3.0,4.0,4.0,3.0,4.0,2.0,2.8869913765283717
3.0,4.0,4.0,3.0,4.0,3.0,3.314272514727531
3.0,4.0,4.0,3.0,4.0,4.0,3.550866755608476
3.0,4.0,4.0,3.0,4.0,5.0,3.5508669485889124
3.0,4.0,4.0,3.0,5.0,3.0,3.3681729438839594
3.0,4.0,4.0,3.0,5.0,4.0,3.6324060546410655
3.0,4.0,4.0,3.0,5.0,5.0,3.6324058216745585
3.0,4.0,4.0,4.0,1.0,3.0,2.7107311333586925
3.0,4.0,4.0,4.0,1.0,4.0,3.2350431147272216
3.0,4.0,4.0,4.0,2.0,2.0,2.8299080195174087
3.0,4.0,4.0,4.0,2.0,3.0,3.1231310284422684
3.0,4.0,4.0,4.0,2.0,4.0,3.376509172821043
3.0,4.0,4.0,4.0,3.0,2.0,2.8299032326712417
3.0,4.0,4.0,4.0,3.0,3.0,3.3594563878409427
3.0,4.0,4.0,4.0,3.0,4.0,3.647698613503372
3.0,4.0,4.0,4.0,4.0,2.0,3.0525066715375146
3.0,4.0,4.0,4.0,4.0,3.0,3.485550086308078
3.0,4.0,4.0,4.0,4.0,4.0,3.683104183680803
3.0,4.0,4.0,4.0,4.0,5.0,3.8262049857643783
3.0,4.0,4.0,4.0,5.0,3.0,3.4855500746665444
3.0,4.0,4.0,4.0,5.0,4.0,3.8164783363218655
3.0,4.0,4.0,4.0,5.0,5.0,3.826204970023497
3.0,4.0,4.0,5.0,1.0,1.0,2.7107274600263715
3.0,4.0,4.0,5.0,1.0,3.0,2.710729875871965
3.0,4.0,4.0,5.0,1.0,4.0,3.235045347638284
3.0,4.0,4.0,5.0,1.0,5.0,3.458920415423618
3.0,4.0,4.0,5.0,2.0,3.0,3.237095253657499
3.0,4.0,4.0,5.0,3.0,3.0,3.359456122826426
3.0,4.0,4.0,5.0,3.0,4.0,3.8111837167364553
3.0,4.0,4.0,5.0,3.0,5.0,3.8742559006176194
3.0,4.0,4.0,5.0,4.0,3.0,3.4855497728810114
3.0,4.0,4.0,5.0,4.0,4.0,3.874256087249209
3.0,4.0,4.0,5.0,4.0,5.0,3.874256014151116
3.0,4.0,4.0,5.0,5.0,3.0,3.4855499410544346
3.0,4.0,4.0,5.0,5.0,4.0,3.901714815282452
3.0,4.0,4.0,5.0,5.0,5.0,3.9059809279416804
3.0,4.0,5.0,2.0,3.0,3.0,2.9172436383205502
3.0,4.0,5.0,2.0,4.0,4.0,3.24951064693926
3.0,4.0,5.0,3.0,3.0,2.0,2.992376654461303
3.0,4.0,5.0,3.0,3.0,3.0,3.402968246356929
3.0,4.0,5.0,3.0,3.0,4.0,3.632406745223452
3.0,4.0,5.0,3.0,4.0,2.0,3.0121567227655546
3.0,4.0,5.0,3.0,4.0,3.0,3.4029682085971755
3.0,4.0,5.0,3.0,4.0,4.0,3.871880973795231
3.0,4.0,5.0,3.0,4.0,5.0,3.8718812098156414
3.0,4.0,5.0,3.0,5.0,4.0,3.871881107064826
3.0,4.0,5.0,3.0,5.0,5.0,4.115320742918286
3.0,4.0,5.0,4.0,2.0,2.0,2.993814243903677
3.0,4.0,5.0,4.0,2.0,3.0,3.3274723324336883
3.0,4.0,5.0,4.0,2.0,4.0,3.5044531726820183
3.0,4.0,5.0,4.0,3.0,3.0,3.415055481207482
3.0,4.0,5.0,4.0,3.0,4.0,3.6476987243077925
3.0,4.0,5.0,4.0,4.0,2.0,3.0525070363365887
3.0,4.0,5.0,4.0,4.0,3.0,3.492663575655869
3.0,4.0,5.0,4.0,4.0,4.0,3.8718807163763693
3.0,4.0,5.0,4.0,5.0,2.0,3.0525068360606915
3.0,4.0,5.0,4.0,5.0,3.0,3.570921380268151
3.0,4.0,5.0,4.0,5.0,4.0,4.058626873929688
3.0,4.0,5.0,4.0,5.0,5.0,4.115320687776719
3.0,4.0,5.0,5.0,2.0,4.0,3.509198041763284
3.0,4.0,5.0,5.0,2.0,5.0,3.947466636733607
3.0,4.0,5.0,5.0,3.0,3.0,3.4150554219108047
3.0,4.0,5.0,5.0,4.0,3.0,3.492664587497894
3.0,4.0,5.0,5.0,4.0,4.0,3.9474663426650176
3.0,4.0,5.0,5.0,4.0,5.0,4.040639730498548
3.0,4.0,5.0,5.0,5.0,3.0,3.9454381655949975
3.0,4.0,5.0,5.0,5.0,4.0,4.058626726079386
3.0,4.0,5.0,5.0,5.0,5.0,4.153927760144061
3.0,5.0,1.0,1.0,1.0,1.0,1.2513387122231503
3.0,5.0,1.0,1.0,1.0,2.0,1.566757026252563
3.0,5.0,1.0,1.0,2.0,1.0,1.3305973696434377
3.0,5.0,1.0,1.0,3.0,1.0,1.330597338065686
3.0,5.0,1.0,1.0,3.0,5.0,2.376405939963836
3.0,5.0,1.0,1.0,4.0,1.0,1.584214442924622
3.0,5.0,1.0,2.0,2.0,1.0,1.777941471498035
3.0,5.0,1.0,2.0,2.0,2.0,1.8988338705844565
3.0,5.0,1.0,2.0,3.0,2.0,1.991089773659248
3.0,5.0,1.0,2.0,4.0,3.0,2.1045738471892936
3.0,5.0,1.0,2.0,4.0,5.0,2.3764092144598488
3.0,5.0,1.0,2.0,5.0,2.0,2.0590683963589442
3.0,5.0,1.0,2.0,5.0,5.0,2.3764133958197484
3.0,5.0,1.0,3.0,1.0,1.0,1.4886277284471479
3.0,5.0,1.0,3.0,1.0,2.0,1.778129169826721
3.0,5.0,1.0,3.0,1.0,3.0,1.9940500571085127
3.0,5.0,1.0,3.0,2.0,2.0,1.8988128971558045
3.0,5.0,1.0,3.0,2.0,3.0,2.3160551112834757
3.0,5.0,1.0,3.0,3.0,1.0,1.7779337597367944
3.0,5.0,1.0,3.0,3.0,2.0,2.3160539115649303
3.0,5.0,1.0,3.0,3.0,3.0,2.316053599089782
3.0,5.0,1.0,3.0,4.0,1.0,2.0590708725773808
3.0,5.0,1.0,3.0,4.0,2.0,2.4510674634226537
3.0,5.0,1.0,3.0,4.0,3.0,2.4510669125304663
3.0,5.0,1.0,3.0,4.0,4.0,2.9113389179827593
3.0,5.0,1.0,3.0,5.0,3.0,2.763583280334197
3.0,5.0,1.0,3.0,5.0,4.0,2.9113390709325286
3.0,5.0,1.0,4.0,1.0,3.0,1.9940470674383712
3.0,5.0,1.0,4.0,2.0,1.0,1.7779449429657588
3.0,5.0,1.0,4.0,2.0,2.0,1.898808747138495
3.0,5.0,1.0,4.0,2.0,3.0,2.451082425467156
3.0,5.0,1.0,4.0,3.0,2.0,2.451071131375032
3.0,5.0,1.0,4.0,3.0,3.0,2.4510708427946306
3.0,5.0,1.0,4.0,3.0,4.0,2.45106869420595
3.0,5.0,1.0,4.0,4.0,1.0,2.249466149765354
3.0,5.0,1.0,4.0,4.0,2.0,2.4510688394206315
3.0,5.0,1.0,4.0,4.0,3.0,2.740505195869828
3.0,5.0,1.0,4.0,4.0,4.0,2.911337754048593
3.0,5.0,1.0,5.0,1.0,3.0,1.9940538756417008
3.0,5.0,1.0,5.0,1.0,4.0,2.1310435914607986
3.0,5.0,1.0,5.0,2.0,2.0,2.0274264416504697
3.0,5.0,1.0,5.0,3.0,3.0,2.4510616829247427
3.0,5.0,1.0,5.0,3.0,4.0,2.451066688531197
3.0,5.0,1.0,5.0,4.0,3.0,2.740502557879442
3.0,5.0,1.0,5.0,4.0,4.0,2.911337861225314
3.0,5.0,1.0,5.0,5.0,3.0,2.911341043408439
3.0,5.0,1.0,5.0,5.0,5.0,2.9113396952687642
3.0,5.0,2.0,1.0,1.0,1.0,1.6272134109346468
3.0,5.0,2.0,1.0,1.0,2.0,1.8219732550268093
3.0,5.0,2.0,1.0,1.0,3.0,1.8219755722541697
3.0,5.0,2.0,1.0,2.0,1.0,1.6604329030955898
3.0,5.0,2.0,1.0,2.0,2.0,2.0069305301163363
3.0,5.0,2.0,1.0,2.0,3.0,2.014584503130708
3.0,5.0,2.0,1.0,3.0,1.0,1.6604325598370715
3.0,5.0,2.0,1.0,3.0,2.0,2.006930245715489
3.0,5.0,2.0,1.0,3.0,3.0,2.3024992154102875
3.0,5.0,2.0,1.0,4.0,1.0,1.660433199317056
3.0,5.0,2.0,1.0,4.0,2.0,2.0212142930788293
3.0,5.0,2.0,1.0,5.0,1.0,1.660440885257384
3.0,5.0,2.0,1.0,5.0,5.0,2.983768356709347
3.0,5.0,2.0,2.0,1.0,2.0,1.9549214913868438
3.0,5.0,2.0,2.0,2.0,1.0,1.9699324371945592
3.0,5.0,2.0,2.0,2.0,2.0,2.193143532968735
3.0,5.0,2.0,2.0,2.0,3.0,2.4040642654030493
3.0,5.0,2.0,2.0,2.0,4.0,2.5083213711808954
3.0,5.0,2.0,2.0,2.0,5.0,2.793082492068015
3.0,5.0,2.0,2.0,3.0,2.0,2.2872147515228978
3.0,5.0,2.0,2.0,3.0,3.0,2.5083459132219232
3.0,5.0,2.0,2.0,3.0,4.0,2.508334886838267
3.0,5.0,2.0,2.0,4.0,2.0,2.3306519275608224
3.0,5.0,2.0,2.0,4.0,3.0,2.615805271325605
3.0,5.0,2.0,2.0,5.0,2.0,2.330651684258591
3.0,5.0,2.0,2.0,5.0,3.0,2.6158052781462193
3.0,5.0,2.0,3.0,1.0,1.0,2.0761254017371904
3.0,5.0,2.0,3.0,1.0,2.0,2.2294413795339323
3.0,5.0,2.0,3.0,1.0,3.0,2.229437191786461
3.0,5.0,2.0,3.0,2.0,1.0,2.0761267257261022
3.0,5.0,2.0,3.0,2.0,2.0,2.2823324910161813
3.0,5.0,2.0,3.0,2.0,3.0,2.7930816174505515
3.0,5.0,2.0,3.0,2.0,4.0,2.7930829724544957
3.0,5.0,2.0,3.0,2.0,5.0,2.7930823755367906
3.0,5.0,2.0,3.0,3.0,1.0,2.0761306335756413
3.0,5.0,2.0,3.0,3.0,2.0,2.3790069473971744
3.0,5.0,2.0,3.0,3.0,3.0,2.8005321600312816
3.0,5.0,2.0,3.0,3.0,4.0,2.8234258521288345
3.0,5.0,2.0,3.0,4.0,2.0,2.591233954154666
3.0,5.0,2.0,3.0,4.0,3.0,2.9042951110747204
3.0,5.0,2.0,3.0,4.0,4.0,3.1190218265146505
3.0,5.0,2.0,3.0,5.0,3.0,2.990933450700104
3.0,5.0,2.0,3.0,5.0,4.0,3.1190219760612514
3.0,5.0,2.0,3.0,5.0,5.0,3.1190219677767947
3.0,5.0,2.0,4.0,1.0,2.0,2.2294405241873063
3.0,5.0,2.0,4.0,1.0,3.0,2.5649618686142333
3.0,5.0,2.0,4.0,1.0,4.0,2.661960886585967
3.0,5.0,2.0,4.0,2.0,1.0,2.0761260625742093
3.0,5.0,2.0,4.0,2.0,2.0,2.4339646836478823
3.0,5.0,2.0,4.0,2.0,3.0,2.7930807338410695
3.0,5.0,2.0,4.0,2.0,4.0,2.9551261842982255
3.0,5.0,2.0,4.0,3.0,1.0,2.076131289688233
3.0,5.0,2.0,4.0,3.0,2.0,2.646231078357644
3.0,5.0,2.0,4.0,3.0,3.0,2.9067038048371487
3.0,5.0,2.0,4.0,3.0,4.0,2.9964452954535097
3.0,5.0,2.0,4.0,4.0,2.0,2.6462324385224307
3.0,5.0,2.0,4.0,4.0,3.0,2.906703906163663
3.0,5.0,2.0,4.0,4.0,4.0,3.1190216802492503
3.0,5.0,2.0,4.0,4.0,5.0,3.1906692727477406
3.0,5.0,2.0,4.0,5.0,1.0,2.7789040428504284
3.0,5.0,2.0,4.0,5.0,3.0,3.0531338942240343
3.0,5.0,2.0,4.0,5.0,4.0,3.295033182574089
3.0,5.0,2.0,4.0,5.0,5.0,3.4833988133400373
3.0,5.0,2.0,5.0,1.0,1.0,2.3630282067473374
3.0,5.0,2.0,5.0,1.0,3.0,2.5649568319341975
3.0,5.0,2.0,5.0,2.0,2.0,2.433957391020388
3.0,5.0,2.0,5.0,2.0,3.0,2.7930813770441896
3.0,5.0,2.0,5.0,2.0,5.0,3.0092661607988886
3.0,5.0,2.0,5.0,3.0,2.0,2.7789163869279396
3.0,5.0,2.0,5.0,3.0,3.0,2.906704052517816
3.0,5.0,2.0,5.0,3.0,4.0,3.2892607840458403
3.0,5.0,2.0,5.0,3.0,5.0,3.2892606481098667
3.0,5.0,2.0,5.0,4.0,3.0,2.906706237089629
3.0,5.0,2.0,5.0,4.0,4.0,3.2892610186287112
3.0,5.0,2.0,5.0,4.0,5.0,3.289260952975347
3.0,5.0,2.0,5.0,5.0,3.0,3.1934969248263694
3.0,5.0,2.0,5.0,5.0,4.0,3.295033118616649
3.0,5.0,2.0,5.0,5.0,5.0,3.6208156564481873
3.0,5.0,3.0,1.0,1.0,1.0,1.6272092625851737
3.0,5.0,3.0,1.0,1.0,2.0,2.206347533551632
3.0,5.0,3.0,1.0,2.0,1.0,1.7016078178501521
3.0,5.0,3.0,1.0,3.0,1.0,1.701607244812399
3.0,5.0,3.0,1.0,3.0,2.0,2.2280062900595534
3.0,5.0,3.0,1.0,3.0,3.0,2.3024987081500776
3.0,5.0,3.0,1.0,4.0,1.0,2.213954921661565
3.0,5.0,3.0,1.0,4.0,4.0,2.756158045040824
3.0,5.0,3.0,1.0,5.0,3.0,2.956972560360868
3.0,5.0,3.0,2.0,1.0,2.0,2.2063478035710125
3.0,5.0,3.0,2.0,2.0,1.0,2.003347718050915
3.0,5.0,3.0,2.0,2.0,2.0,2.596706396785692
3.0,5.0,3.0,2.0,2.0,3.0,2.788584098414226
3.0,5.0,3.0,2.0,3.0,2.0,2.7014744314666594
3.0,5.0,3.0,2.0,3.0,3.0,2.796489575250036
3.0,5.0,3.0,2.0,3.0,4.0,2.947700312687443
3.0,5.0,3.0,2.0,4.0,2.0,2.7014743857764953
3.0,5.0,3.0,2.0,4.0,3.0,3.0405005720506058
3.0,5.0,3.0,2.0,4.0,4.0,3.0788251908084607
3.0,5.0,3.0,2.0,4.0,5.0,3.078825168027742
3.0,5.0,3.0,2.0,5.0,2.0,3.0525069562346334
3.0,5.0,3.0,2.0,5.0,3.0,3.0525077785836072
3.0,5.0,3.0,2.0,5.0,4.0,3.078825361594079
3.0,5.0,3.0,2.0,5.0,5.0,3.0788248996724805
3.0,5.0,3.0,3.0,1.0,1.0,2.0761269580243145
3.0,5.0,3.0,3.0,1.0,3.0,2.710728910169058
3.0,5.0,3.0,3.0,1.0,4.0,2.9532016256536777
3.0,5.0,3.0,3.0,1.0,5.0,2.9861342098085166
3.0,5.0,3.0,3.0,2.0,1.0,2.372538772322988
3.0,5.0,3.0,3.0,2.0,2.0,2.7673916969256447
3.0,5.0,3.0,3.0,2.0,3.0,2.9798694639125674
3.0,5.0,3.0,3.0,2.0,4.0,3.1100362866446463
3.0,5.0,3.0,3.0,3.0,2.0,2.829899997188988
3.0,5.0,3.0,3.0,3.0,3.0,2.9798851952807497
3.0,5.0,3.0,3.0,3.0,4.0,3.353734849556198
3.0,5.0,3.0,3.0,3.0,5.0,3.353734271911932
3.0,5.0,3.0,3.0,4.0,1.0,2.4374953733514615
3.0,5.0,3.0,3.0,4.0,2.0,2.829900243698833
3.0,5.0,3.0,3.0,4.0,3.0,3.040500279886913
3.0,5.0,3.0,3.0,4.0,4.0,3.494595652922016
3.0,5.0,3.0,3.0,5.0,3.0,3.131662690512763
3.0,5.0,3.0,3.0,5.0,4.0,3.494595719489856
3.0,5.0,3.0,3.0,5.0,5.0,3.5718895709024054
3.0,5.0,3.0,4.0,1.0,1.0,2.076128841793445
3.0,5.0,3.0,4.0,1.0,2.0,2.4374930860797295
3.0,5.0,3.0,4.0,1.0,3.0,2.7107283834211358
3.0,5.0,3.0,4.0,1.0,4.0,2.974412237026825
3.0,5.0,3.0,4.0,2.0,3.0,2.97985772467256
3.0,5.0,3.0,4.0,2.0,4.0,3.201675950118455
3.0,5.0,3.0,4.0,2.0,5.0,3.4589261830218
3.0,5.0,3.0,4.0,3.0,2.0,2.829900051213212
3.0,5.0,3.0,4.0,3.0,3.0,3.141863509910989
3.0,5.0,3.0,4.0,3.0,4.0,3.5200201551195085
3.0,5.0,3.0,4.0,3.0,5.0,3.5718894036677855
3.0,5.0,3.0,4.0,4.0,2.0,3.052506542054257
3.0,5.0,3.0,4.0,4.0,3.0,3.194845043619993
3.0,5.0,3.0,4.0,4.0,4.0,3.571889730313258
3.0,5.0,3.0,4.0,4.0,5.0,3.5718895196845213
3.0,5.0,3.0,4.0,5.0,2.0,3.052506887766058
3.0,5.0,3.0,4.0,5.0,3.0,3.2214214501269076
3.0,5.0,3.0,4.0,5.0,4.0,3.571889547340187
3.0,5.0,3.0,4.0,5.0,5.0,3.5718895387489518
3.0,5.0,3.0,5.0,1.0,2.0,2.437495642627057
3.0,5.0,3.0,5.0,1.0,3.0,2.710729159227449
3.0,5.0,3.0,5.0,1.0,4.0,2.9983711791003818
3.0,5.0,3.0,5.0,1.0,5.0,3.458919485073007
3.0,5.0,3.0,5.0,2.0,2.0,2.9495408042830378
3.0,5.0,3.0,5.0,2.0,3.0,2.97985323328327
3.0,5.0,3.0,5.0,2.0,4.0,3.2016755282977547
3.0,5.0,3.0,5.0,2.0,5.0,3.4589219354884344
3.0,5.0,3.0,5.0,3.0,1.0,2.4374903573031874
3.0,5.0,3.0,5.0,3.0,2.0,2.9693209952917354
3.0,5.0,3.0,5.0,3.0,3.0,3.1948453306759017
3.0,5.0,3.0,5.0,3.0,4.0,3.603430528431849
3.0,5.0,3.0,5.0,3.0,5.0,3.6620355390386874
3.0,5.0,3.0,5.0,4.0,3.0,3.194845274017064
3.0,5.0,3.0,5.0,4.0,4.0,3.603430493408718
3.0,5.0,3.0,5.0,4.0,5.0,3.764801919404154
3.0,5.0,3.0,5.0,5.0,1.0,2.857458745323502
3.0,5.0,3.0,5.0,5.0,2.0,3.2214214746580487
3.0,5.0,3.0,5.0,5.0,3.0,3.221421428347779
3.0,5.0,3.0,5.0,5.0,4.0,3.603430451532707
3.0,5.0,3.0,5.0,5.0,5.0,3.7648019312765153
3.0,5.0,4.0,1.0,3.0,1.0,2.0466352315177843
3.0,5.0,4.0,1.0,5.0,5.0,3.061900824609158
3.0,5.0,4.0,2.0,1.0,3.0,2.9381266773801107
3.0,5.0,4.0,2.0,2.0,1.0,2.0480672051961366
3.0,5.0,4.0,2.0,2.0,2.0,2.7673905283447238
3.0,5.0,4.0,2.0,2.0,3.0,2.9477009772996605
3.0,5.0,4.0,2.0,3.0,2.0,2.7673910767412706
3.0,5.0,4.0,2.0,3.0,3.0,2.94770073839911
3.0,5.0,4.0,2.0,3.0,4.0,2.947700496050399
3.0,5.0,4.0,2.0,4.0,2.0,2.767391242731933
3.0,5.0,4.0,2.0,4.0,3.0,3.040500775353844
3.0,5.0,4.0,2.0,4.0,4.0,3.3681737197862347
3.0,5.0,4.0,2.0,5.0,3.0,3.368173142690525
3.0,5.0,4.0,2.0,5.0,5.0,3.3681734325426773
3.0,5.0,4.0,3.0,2.0,2.0,2.7673911071546606
3.0,5.0,4.0,3.0,2.0,3.0,3.1231312515755216
3.0,5.0,4.0,3.0,2.0,4.0,3.4589248230308165
3.0,5.0,4.0,3.0,3.0,2.0,2.829899260000134
3.0,5.0,4.0,3.0,3.0,3.0,3.1807660052356392
3.0,5.0,4.0,3.0,3.0,4.0,3.6324059407345857
3.0,5.0,4.0,3.0,4.0,2.0,2.9922706539958304
3.0,5.0,4.0,3.0,4.0,3.0,3.3142725181594983
3.0,5.0,4.0,3.0,4.0,4.0,3.63240568629808
3.0,5.0,4.0,3.0,4.0,5.0,3.632405716188133
3.0,5.0,4.0,3.0,5.0,3.0,3.368172729602295
3.0,5.0,4.0,3.0,5.0,4.0,3.6324058877381318
3.0,5.0,4.0,3.0,5.0,5.0,3.632405815774804
3.0,5.0,4.0,4.0,1.0,3.0,2.9805478375875265
3.0,5.0,4.0,4.0,2.0,2.0,2.982319951906492
3.0,5.0,4.0,4.0,2.0,3.0,3.1231311307589924
3.0,5.0,4.0,4.0,2.0,4.0,3.4589247689867224
3.0,5.0,4.0,4.0,3.0,2.0,2.996369829669658
3.0,5.0,4.0,4.0,3.0,3.0,3.3594563165727416
3.0,5.0,4.0,4.0,3.0,4.0,3.8262051193231907
3.0,5.0,4.0,4.0,3.0,5.0,3.8262051245541455
3.0,5.0,4.0,4.0,4.0,2.0,3.0525066060467716
3.0,5.0,4.0,4.0,4.0,3.0,3.492663491855934
3.0,5.0,4.0,4.0,4.0,4.0,3.826205150607201
3.0,5.0,4.0,4.0,4.0,5.0,3.826205065314682
3.0,5.0,4.0,4.0,5.0,2.0,3.052506887127288
3.0,5.0,4.0,4.0,5.0,3.0,3.723642735714717
3.0,5.0,4.0,4.0,5.0,4.0,3.8262050656591193
3.0,5.0,4.0,4.0,5.0,5.0,3.826205007344319
3.0,5.0,4.0,5.0,1.0,1.0,2.8574555864354063
3.0,5.0,4.0,5.0,1.0,4.0,3.4589253459662688
3.0,5.0,4.0,5.0,2.0,3.0,3.2370966837894066
3.0,5.0,4.0,5.0,2.0,4.0,3.4589244364740446
3.0,5.0,4.0,5.0,2.0,5.0,3.458921986153442
3.0,5.0,4.0,5.0,3.0,2.0,3.008387475920957
3.0,5.0,4.0,5.0,3.0,3.0,3.492970876837281
3.0,5.0,4.0,5.0,3.0,4.0,3.8262050314378944
3.0,5.0,4.0,5.0,3.0,5.0,3.947466305604143
3.0,5.0,4.0,5.0,4.0,2.0,3.056929081531594
3.0,5.0,4.0,5.0,4.0,3.0,3.5962175703024677
3.0,5.0,4.0,5.0,4.0,4.0,3.874256100770856
3.0,5.0,4.0,5.0,4.0,5.0,4.0406389552608015
3.0,5.0,4.0,5.0,5.0,2.0,3.2214216185562625
3.0,5.0,4.0,5.0,5.0,3.0,3.8239198589973307
3.0,5.0,4.0,5.0,5.0,4.0,3.953603733746945
3.0,5.0,4.0,5.0,5.0,5.0,4.040638484537695
3.0,5.0,5.0,1.0,1.0,1.0,1.6272111338147872
3.0,5.0,5.0,1.0,5.0,5.0,3.1009680350016504
3.0,5.0,5.0,2.0,1.0,2.0,2.2063499140838334
3.0,5.0,5.0,2.0,4.0,4.0,3.4953670449627534
3.0,5.0,5.0,2.0,5.0,5.0,3.981646892960736
3.0,5.0,5.0,3.0,1.0,1.0,2.0885636907757545
3.0,5.0,5.0,3.0,1.0,3.0,2.9991353618323764
3.0,5.0,5.0,3.0,2.0,2.0,2.7673915653490813
3.0,5.0,5.0,3.0,3.0,3.0,3.4029680659797505
3.0,5.0,5.0,3.0,3.0,4.0,3.632406326232181
3.0,5.0,5.0,3.0,3.0,5.0,3.871880990355736
3.0,5.0,5.0,3.0,4.0,3.0,3.4029680077536466
3.0,5.0,5.0,3.0,4.0,4.0,3.8718809613417924
3.0,5.0,5.0,3.0,5.0,3.0,3.402967924498913
3.0,5.0,5.0,3.0,5.0,4.0,3.871881052287491
3.0,5.0,5.0,3.0,5.0,5.0,4.149232559881594
3.0,5.0,5.0,4.0,1.0,4.0,3.4851407991683945
3.0,5.0,5.0,4.0,2.0,5.0,3.504453237573777
3.0,5.0,5.0,4.0,3.0,3.0,3.4926634786652717
3.0,5.0,5.0,4.0,3.0,4.0,3.826205233942522
3.0,5.0,5.0,4.0,4.0,1.0,3.0130922197647
3.0,5.0,5.0,4.0,4.0,3.0,3.4926633875923776
3.0,5.0,5.0,4.0,4.0,4.0,3.871880690030112
3.0,5.0,5.0,4.0,4.0,5.0,3.871880853678153
3.0,5.0,5.0,4.0,5.0,2.0,3.0525073912001774
3.0,5.0,5.0,4.0,5.0,3.0,3.723642827620691
3.0,5.0,5.0,4.0,5.0,4.0,4.058626839932221
3.0,5.0,5.0,4.0,5.0,5.0,4.149232448719687
3.0,5.0,5.0,5.0,1.0,3.0,3.0221395109456086
3.0,5.0,5.0,5.0,1.0,4.0,3.485140670264718
3.0,5.0,5.0,5.0,1.0,5.0,3.838204213285167
3.0,5.0,5.0,5.0,2.0,3.0,3.327470665672795
3.0,5.0,5.0,5.0,2.0,4.0,3.5091981483289536
3.0,5.0,5.0,5.0,2.0,5.0,3.94746597406518
3.0,5.0,5.0,5.0,3.0,2.0,3.6384722152662867
3.0,5.0,5.0,5.0,3.0,3.0,3.6384710270389746
3.0,5.0,5.0,5.0,3.0,4.0,3.9474662601615953
3.0,5.0,5.0,5.0,3.0,5.0,3.9474657675575986
3.0,5.0,5.0,5.0,4.0,3.0,3.94543620670659
3.0,5.0,5.0,5.0,4.0,4.0,3.9474665355454825
3.0,5.0,5.0,5.0,4.0,5.0,4.04063934728289
3.0,5.0,5.0,5.0,5.0,3.0,3.945436950309548
3.0,5.0,5.0,5.0,5.0,4.0,4.070235188055755
3.0,5.0,5.0,5.0,5.0,5.0,4.153927897816411
4.0,1.0,1.0,1.0,1.0,1.0,1.2157522081794838
4.0,1.0,1.0,1.0,1.0,3.0,1.5667763147804448
4.0,1.0,1.0,1.0,2.0,1.0,1.2158146722185463
4.0,1.0,1.0,1.0,4.0,1.0,1.5438314043073664
4.0,1.0,1.0,2.0,2.0,1.0,1.2157793938099333
4.0,1.0,1.0,3.0,1.0,3.0,1.9940428500787426
4.0,1.0,1.0,3.0,2.0,1.0,1.2937491757363115
4.0,1.0,1.0,3.0,3.0,3.0,2.104527508477024
4.0,1.0,1.0,3.0,4.0,1.0,1.5437193966529397
4.0,1.0,1.0,4.0,1.0,1.0,1.2217118568611363
4.0,1.0,1.0,4.0,1.0,2.0,1.2214124125350556
4.0,1.0,1.0,4.0,1.0,4.0,1.9940766012113795
4.0,1.0,1.0,4.0,2.0,1.0,1.2937711342598806
4.0,1.0,1.0,4.0,3.0,2.0,2.1044939460512406
4.0,1.0,1.0,4.0,3.0,3.0,2.1044936520623385
4.0,1.0,1.0,4.0,4.0,4.0,2.535298558730225
4.0,1.0,1.0,4.0,5.0,3.0,2.592677149320112
4.0,1.0,2.0,1.0,1.0,1.0,1.2157932513316423
4.0,1.0,2.0,1.0,1.0,2.0,1.3526918309992657
4.0,1.0,2.0,2.0,1.0,1.0,1.6331242419597733
4.0,1.0,2.0,2.0,2.0,2.0,1.845898300538025
4.0,1.0,2.0,2.0,2.0,3.0,2.031138207239097
4.0,1.0,2.0,2.0,3.0,4.0,2.120987307221067
4.0,1.0,2.0,3.0,2.0,2.0,1.845904933230624
4.0,1.0,2.0,3.0,2.0,3.0,2.1717383472301313
4.0,1.0,2.0,3.0,3.0,2.0,2.039194583948975
4.0,1.0,2.0,3.0,4.0,4.0,2.3383731461295474
4.0,1.0,2.0,4.0,1.0,4.0,2.086702605764556
4.0,1.0,2.0,4.0,2.0,3.0,2.1718224221477658
4.0,1.0,2.0,4.0,3.0,3.0,2.5083422742842694
4.0,1.0,2.0,4.0,4.0,4.0,2.5925992163075238
4.0,1.0,2.0,5.0,1.0,4.0,2.5924990512428026
4.0,1.0,2.0,5.0,3.0,3.0,2.592483064325863
4.0,1.0,3.0,1.0,1.0,1.0,1.215899220905481
4.0,1.0,3.0,1.0,5.0,5.0,3.0181968368611507
4.0,1.0,3.0,2.0,1.0,1.0,1.8319582087728497
4.0,1.0,3.0,2.0,2.0,1.0,2.004347632337568
4.0,1.0,3.0,2.0,2.0,3.0,2.5903229658707856
4.0,1.0,3.0,3.0,1.0,2.0,2.0386826440610846
4.0,1.0,3.0,3.0,1.0,4.0,2.383605315204572
4.0,1.0,3.0,3.0,2.0,2.0,2.4334165942807453
4.0,1.0,3.0,3.0,3.0,3.0,2.5903120028729685
4.0,1.0,3.0,3.0,4.0,3.0,2.974943530142508
4.0,1.0,3.0,3.0,4.0,4.0,3.0078794024900204
4.0,1.0,3.0,3.0,5.0,4.0,3.0560928504563303
4.0,1.0,3.0,4.0,1.0,2.0,2.0596723503445706
4.0,1.0,3.0,4.0,1.0,4.0,2.8240639534776646
4.0,1.0,3.0,4.0,2.0,3.0,2.5903298226587395
4.0,1.0,3.0,4.0,2.0,4.0,2.8240549299969304
4.0,1.0,3.0,4.0,3.0,3.0,2.590327568571882
4.0,1.0,3.0,4.0,3.0,4.0,2.824049845213535
4.0,1.0,3.0,4.0,3.0,5.0,2.8240509521025645
4.0,1.0,3.0,4.0,4.0,4.0,3.187658159238743
4.0,1.0,3.0,4.0,4.0,5.0,3.187654108686995
4.0,1.0,3.0,5.0,1.0,3.0,2.59036239265364
4.0,1.0,3.0,5.0,3.0,3.0,2.998689531817296
4.0,1.0,3.0,5.0,5.0,5.0,3.187650343502683
4.0,1.0,4.0,1.0,1.0,1.0,1.216016954210643
4.0,1.0,4.0,3.0,1.0,4.0,2.383595245704435
4.0,1.0,4.0,3.0,4.0,3.0,3.014063584854782
4.0,1.0,4.0,3.0,4.0,4.0,3.4098759936116236
4.0,1.0,4.0,4.0,1.0,2.0,2.590364320877134
4.0,1.0,4.0,4.0,3.0,2.0,2.5903650384498365
4.0,1.0,4.0,4.0,4.0,4.0,3.4098750624317544
4.0,1.0,4.0,4.0,5.0,4.0,3.4098703896011835
4.0,1.0,4.0,5.0,4.0,4.0,3.7823746304563564
4.0,1.0,4.0,5.0,5.0,4.0,3.953125726561977
4.0,1.0,4.0,5.0,5.0,5.0,3.9860548129576885
4.0,1.0,5.0,4.0,3.0,3.0,3.054512094127614
4.0,1.0,5.0,4.0,5.0,4.0,4.15248800570582
4.0,1.0,5.0,4.0,5.0,5.0,4.152487170990687
4.0,1.0,5.0,5.0,3.0,3.0,3.9104577164531262
4.0,2.0,1.0,1.0,1.0,1.0,1.2385588547719315
4.0,2.0,1.0,2.0,1.0,1.0,1.4570299289392514
4.0,2.0,1.0,2.0,2.0,1.0,1.4570337748892757
4.0,2.0,1.0,2.0,2.0,2.0,1.8902538570136143
4.0,2.0,1.0,2.0,3.0,1.0,1.5702174699858964
4.0,2.0,1.0,3.0,1.0,1.0,1.457053870913593
4.0,2.0,1.0,3.0,3.0,2.0,2.004757436294452
4.0,2.0,1.0,3.0,4.0,3.0,2.173080561082704
4.0,2.0,1.0,4.0,1.0,3.0,1.9940976011891605
4.0,2.0,1.0,4.0,2.0,1.0,1.4570518053036914
4.0,2.0,1.0,4.0,4.0,4.0,2.535310141920544
4.0,2.0,2.0,1.0,1.0,1.0,1.2385618057534464
4.0,2.0,2.0,1.0,2.0,1.0,1.4006338583554663
4.0,2.0,2.0,1.0,2.0,2.0,1.821974943520391
4.0,2.0,2.0,1.0,2.0,3.0,2.006932080279358
4.0,2.0,2.0,1.0,3.0,2.0,2.006926481578636
4.0,2.0,2.0,2.0,1.0,1.0,1.6331141425617064
4.0,2.0,2.0,2.0,3.0,2.0,2.271562494063925
4.0,2.0,2.0,2.0,3.0,3.0,2.4040625053647537
4.0,2.0,2.0,2.0,4.0,3.0,2.615795454902097
4.0,2.0,2.0,3.0,1.0,2.0,2.1930957838304916
4.0,2.0,2.0,3.0,1.0,3.0,2.404063551224562
4.0,2.0,2.0,3.0,1.0,4.0,2.5170737006958577
4.0,2.0,2.0,3.0,2.0,2.0,2.1931226735232605
4.0,2.0,2.0,3.0,3.0,1.0,2.2008342059534702
4.0,2.0,2.0,3.0,3.0,2.0,2.464998349544883
4.0,2.0,2.0,3.0,3.0,3.0,2.8612186273340123
4.0,2.0,2.0,3.0,3.0,4.0,2.8612248006671535
4.0,2.0,2.0,3.0,4.0,4.0,2.9522138621960767
4.0,2.0,2.0,4.0,2.0,2.0,2.193171955730194
4.0,2.0,2.0,4.0,2.0,3.0,2.793081618813945
4.0,2.0,2.0,4.0,3.0,1.0,2.200810420333264
4.0,2.0,2.0,4.0,3.0,2.0,2.497323453890228
4.0,2.0,2.0,4.0,3.0,3.0,2.861221048317934
4.0,2.0,2.0,4.0,3.0,4.0,2.9593034906148556
4.0,2.0,2.0,4.0,3.0,5.0,2.959298888788905
4.0,2.0,2.0,4.0,4.0,2.0,2.508041417849944
4.0,2.0,2.0,4.0,4.0,3.0,2.9593082030930074
4.0,2.0,2.0,4.0,4.0,4.0,2.959309742395843
4.0,2.0,2.0,4.0,4.0,5.0,3.1906694984373667
4.0,2.0,2.0,5.0,2.0,2.0,2.1931501328883924
4.0,2.0,2.0,5.0,3.0,3.0,2.9711721733378718
4.0,2.0,2.0,5.0,4.0,4.0,3.4483328381237492
4.0,2.0,2.0,5.0,4.0,5.0,3.4483317101412294
4.0,2.0,3.0,1.0,4.0,3.0,2.071904206204788
4.0,2.0,3.0,2.0,1.0,1.0,1.954939089308484
4.0,2.0,3.0,2.0,1.0,2.0,2.1579201306901674
4.0,2.0,3.0,2.0,2.0,1.0,2.0169914928142956
4.0,2.0,3.0,2.0,2.0,3.0,2.590318891672016
4.0,2.0,3.0,2.0,3.0,2.0,2.46499417934656
4.0,2.0,3.0,2.0,3.0,3.0,2.8018436048187687
4.0,2.0,3.0,2.0,4.0,4.0,2.8018380102901244
4.0,2.0,3.0,2.0,5.0,2.0,2.9532439600045075
4.0,2.0,3.0,3.0,1.0,3.0,2.50818666132976
4.0,2.0,3.0,3.0,2.0,1.0,2.038201270364474
4.0,2.0,3.0,3.0,2.0,2.0,2.4334109780862803
4.0,2.0,3.0,3.0,2.0,3.0,2.722128598528874
4.0,2.0,3.0,3.0,3.0,2.0,2.4649957148535226
4.0,2.0,3.0,3.0,3.0,3.0,3.0457779991013796
4.0,2.0,3.0,3.0,3.0,4.0,3.0457774011715952
4.0,2.0,3.0,3.0,4.0,2.0,2.669153061926478
4.0,2.0,3.0,3.0,4.0,3.0,3.0457784403743173
4.0,2.0,3.0,3.0,4.0,4.0,3.357904748838163
4.0,2.0,3.0,3.0,4.0,5.0,3.3579047770719046
4.0,2.0,3.0,3.0,5.0,3.0,3.1096011778266015
4.0,2.0,3.0,3.0,5.0,4.0,3.357904523565464
4.0,2.0,3.0,4.0,1.0,2.0,2.2094553112813426
4.0,2.0,3.0,4.0,1.0,3.0,2.5081842931510105
4.0,2.0,3.0,4.0,1.0,4.0,2.824069555187323
4.0,2.0,3.0,4.0,2.0,2.0,2.662331145863735
4.0,2.0,3.0,4.0,2.0,3.0,3.060537394469807
4.0,2.0,3.0,4.0,2.0,4.0,3.060538042616599
4.0,2.0,3.0,4.0,3.0,2.0,2.829905372501147
4.0,2.0,3.0,4.0,3.0,3.0,3.0605380141462435
4.0,2.0,3.0,4.0,3.0,4.0,3.1569607142364307
4.0,2.0,3.0,4.0,3.0,5.0,3.156961369990486
4.0,2.0,3.0,4.0,4.0,2.0,2.9257019343184054
4.0,2.0,3.0,4.0,4.0,3.0,3.1748247290024287
4.0,2.0,3.0,4.0,4.0,4.0,3.5567013913042533
4.0,2.0,3.0,4.0,5.0,3.0,3.247052514740596
4.0,2.0,3.0,4.0,5.0,4.0,3.5567014857918497
4.0,2.0,3.0,4.0,5.0,5.0,3.7071492762743508
4.0,2.0,3.0,5.0,2.0,3.0,3.0605383303582343
4.0,2.0,3.0,5.0,2.0,4.0,3.060535233715745
4.0,2.0,3.0,5.0,3.0,2.0,2.977316430899307
4.0,2.0,3.0,5.0,3.0,3.0,3.1693529456078986
4.0,2.0,3.0,5.0,3.0,4.0,3.7071484964143973
4.0,2.0,3.0,5.0,3.0,5.0,3.7071473382730264
4.0,2.0,3.0,5.0,4.0,3.0,3.174825030409018
4.0,2.0,3.0,5.0,4.0,4.0,3.707149832116608
4.0,2.0,3.0,5.0,4.0,5.0,3.7071488059371216
4.0,2.0,3.0,5.0,5.0,3.0,3.52049791496393
4.0,2.0,3.0,5.0,5.0,4.0,3.7071502166619683
4.0,2.0,3.0,5.0,5.0,5.0,3.7071499580515646
4.0,2.0,4.0,2.0,2.0,2.0,2.348984187580215
4.0,2.0,4.0,2.0,2.0,3.0,2.5903101987907715
4.0,2.0,4.0,2.0,4.0,2.0,2.508018984206027
4.0,2.0,4.0,2.0,4.0,3.0,3.001544402400972
4.0,2.0,4.0,3.0,1.0,2.0,2.5354117949922665
4.0,2.0,4.0,3.0,3.0,3.0,3.109603366915428
4.0,2.0,4.0,3.0,3.0,4.0,3.4098744974048807
4.0,2.0,4.0,3.0,4.0,3.0,3.1096015260766308
4.0,2.0,4.0,3.0,4.0,4.0,3.4098757279564995
4.0,2.0,4.0,3.0,5.0,4.0,3.4098750939568765
4.0,2.0,4.0,3.0,5.0,5.0,3.4098739999920005
4.0,2.0,4.0,4.0,1.0,4.0,3.0550711199521348
4.0,2.0,4.0,4.0,2.0,2.0,2.975397442709092
4.0,2.0,4.0,4.0,2.0,3.0,3.2392295071062818
4.0,2.0,4.0,4.0,2.0,4.0,3.473844540702438
4.0,2.0,4.0,4.0,3.0,2.0,2.995171768878762
4.0,2.0,4.0,4.0,3.0,3.0,3.239228984008803
4.0,2.0,4.0,4.0,3.0,4.0,3.737152028932738
4.0,2.0,4.0,4.0,3.0,5.0,3.9379414343663535
4.0,2.0,4.0,4.0,4.0,2.0,3.0081036233215204
4.0,2.0,4.0,4.0,4.0,3.0,3.520495732451961
4.0,2.0,4.0,4.0,4.0,4.0,3.7718316493682047
4.0,2.0,4.0,4.0,5.0,4.0,3.986092620472349
4.0,2.0,4.0,4.0,5.0,5.0,3.986092081805406
4.0,2.0,4.0,5.0,2.0,4.0,3.473846408068501
4.0,2.0,4.0,5.0,3.0,4.0,3.737151438054086
4.0,2.0,4.0,5.0,4.0,3.0,3.5204966698438676
4.0,2.0,4.0,5.0,4.0,4.0,3.782372643043206
4.0,2.0,4.0,5.0,4.0,5.0,3.9789320903822873
4.0,2.0,4.0,5.0,5.0,3.0,3.5204984792156426
4.0,2.0,4.0,5.0,5.0,4.0,3.986092342785374
4.0,2.0,4.0,5.0,5.0,5.0,4.244122277232506
4.0,2.0,5.0,3.0,1.0,3.0,3.0064033620908055
4.0,2.0,5.0,3.0,2.0,3.0,3.0261742080926433
4.0,2.0,5.0,3.0,4.0,3.0,3.1096024828179543
4.0,2.0,5.0,3.0,5.0,3.0,3.109602164094536
4.0,2.0,5.0,4.0,1.0,3.0,3.02760589721843
4.0,2.0,5.0,4.0,3.0,3.0,3.5688455341750265
4.0,2.0,5.0,4.0,3.0,4.0,3.793455924025875
4.0,2.0,5.0,4.0,3.0,5.0,3.977008363038312
4.0,2.0,5.0,4.0,4.0,4.0,3.793455572546456
4.0,2.0,5.0,4.0,5.0,2.0,3.0737936759804194
4.0,2.0,5.0,4.0,5.0,5.0,4.152486439409564
4.0,2.0,5.0,5.0,1.0,4.0,3.5264547070012777
4.0,2.0,5.0,5.0,3.0,5.0,4.104001642156806
4.0,2.0,5.0,5.0,4.0,3.0,3.9521361829129398
4.0,2.0,5.0,5.0,4.0,4.0,3.9850677449575285
4.0,2.0,5.0,5.0,4.0,5.0,4.104000810107901
4.0,2.0,5.0,5.0,5.0,5.0,4.244122450353042
4.0,3.0,1.0,1.0,1.0,1.0,1.2385550794865468
4.0,3.0,1.0,1.0,1.0,2.0,1.5667652902616078
4.0,3.0,1.0,1.0,2.0,1.0,1.238557418239793
4.0,3.0,1.0,1.0,2.0,2.0,1.6266681187581735
4.0,3.0,1.0,1.0,3.0,1.0,1.330600123652503
4.0,3.0,1.0,1.0,3.0,3.0,1.626671320483493
4.0,3.0,1.0,2.0,1.0,1.0,1.5174524923122081
4.0,3.0,1.0,2.0,1.0,3.0,1.9939951837048537
4.0,3.0,1.0,2.0,2.0,2.0,1.8902580120273769
4.0,3.0,1.0,2.0,2.0,3.0,2.0173735567356763
4.0,3.0,1.0,2.0,3.0,1.0,1.7779235450959614
4.0,3.0,1.0,2.0,3.0,2.0,2.0011947225632256
4.0,3.0,1.0,2.0,3.0,3.0,2.060136948431189
4.0,3.0,1.0,2.0,4.0,1.0,1.7779244463301558
4.0,3.0,1.0,3.0,1.0,1.0,1.517458028327265
4.0,3.0,1.0,3.0,2.0,1.0,1.624420442848291
4.0,3.0,1.0,3.0,2.0,2.0,1.8902582591614958
4.0,3.0,1.0,3.0,3.0,1.0,1.7779257558229038
4.0,3.0,1.0,3.0,3.0,2.0,2.009461902446396
4.0,3.0,1.0,3.0,3.0,3.0,2.487453162386734
4.0,3.0,1.0,4.0,1.0,3.0,1.9940420915186619
4.0,3.0,1.0,4.0,2.0,2.0,2.0144503611691555
4.0,3.0,1.0,4.0,2.0,3.0,2.104596189092733
4.0,3.0,1.0,4.0,3.0,2.0,2.4874535510454456
4.0,3.0,1.0,4.0,3.0,3.0,2.487454601811802
4.0,3.0,1.0,4.0,3.0,4.0,2.487455598019419
4.0,3.0,1.0,4.0,4.0,3.0,2.574901563986531
4.0,3.0,1.0,4.0,4.0,4.0,2.574901387613153
4.0,3.0,1.0,4.0,5.0,4.0,2.956890712864515
4.0,3.0,1.0,4.0,5.0,5.0,2.9568895561712742
4.0,3.0,1.0,5.0,1.0,1.0,1.9548968252157093
4.0,3.0,1.0,5.0,1.0,2.0,1.9940913545746457
4.0,3.0,1.0,5.0,1.0,5.0,1.994078325151655
4.0,3.0,1.0,5.0,4.0,3.0,2.5748902488245324
4.0,3.0,1.0,5.0,4.0,4.0,2.57489597027222
4.0,3.0,1.0,5.0,5.0,4.0,2.9568936606432885
4.0,3.0,2.0,1.0,1.0,1.0,1.4169388137107684
4.0,3.0,2.0,1.0,1.0,2.0,1.8219711840506736
4.0,3.0,2.0,1.0,2.0,1.0,1.5474361116309006
4.0,3.0,2.0,1.0,2.0,2.0,1.8219723279906006
4.0,3.0,2.0,1.0,2.0,3.0,2.006926933054289
4.0,3.0,2.0,1.0,3.0,1.0,1.660429029045735
4.0,3.0,2.0,1.0,3.0,2.0,2.0069301832700592
4.0,3.0,2.0,1.0,3.0,3.0,2.0204653486577047
4.0,3.0,2.0,1.0,3.0,4.0,2.4335735924774693
4.0,3.0,2.0,1.0,4.0,4.0,2.721086329047013
4.0,3.0,2.0,2.0,1.0,1.0,1.9549063120648815
4.0,3.0,2.0,2.0,1.0,2.0,1.954918279486565
4.0,3.0,2.0,2.0,1.0,3.0,2.4040642936476555
4.0,3.0,2.0,2.0,2.0,1.0,1.9549129119093922
4.0,3.0,2.0,2.0,2.0,2.0,2.1436302549264057
4.0,3.0,2.0,2.0,3.0,1.0,2.0103589097233985
4.0,3.0,2.0,2.0,3.0,2.0,2.271561027180389
4.0,3.0,2.0,2.0,3.0,3.0,2.4040638636928824
4.0,3.0,2.0,2.0,4.0,2.0,2.5912342271230577
4.0,3.0,2.0,2.0,4.0,3.0,2.615805760949356
4.0,3.0,2.0,2.0,4.0,4.0,2.8374124550275703
4.0,3.0,2.0,3.0,1.0,1.0,1.954874643562354
4.0,3.0,2.0,3.0,1.0,2.0,2.1930669118586983
4.0,3.0,2.0,3.0,1.0,3.0,2.404065625692735
4.0,3.0,2.0,3.0,2.0,1.0,2.2008228337397355
4.0,3.0,2.0,3.0,2.0,2.0,2.2008263185134496
4.0,3.0,2.0,3.0,2.0,3.0,2.48685184029277
4.0,3.0,2.0,3.0,3.0,1.0,2.2008357186944263
4.0,3.0,2.0,3.0,3.0,2.0,2.5206673918654054
4.0,3.0,2.0,3.0,3.0,3.0,2.889223545896447
4.0,3.0,2.0,3.0,4.0,1.0,2.2008354192748723
4.0,3.0,2.0,3.0,4.0,2.0,2.5912366555497863
4.0,3.0,2.0,3.0,4.0,3.0,2.9522127031100815
4.0,3.0,2.0,3.0,4.0,4.0,2.9522122139159404
4.0,3.0,2.0,4.0,1.0,1.0,1.9548854043982822
4.0,3.0,2.0,4.0,1.0,2.0,2.2520570039587193
4.0,3.0,2.0,4.0,1.0,3.0,2.404068281117403
4.0,3.0,2.0,4.0,1.0,4.0,2.517070907981762
4.0,3.0,2.0,4.0,2.0,1.0,2.2211109802147746
4.0,3.0,2.0,4.0,2.0,2.0,2.400809955522501
4.0,3.0,2.0,4.0,2.0,3.0,2.7930832475453538
4.0,3.0,2.0,4.0,2.0,4.0,2.9868605347405457
4.0,3.0,2.0,4.0,3.0,1.0,2.4114027782112344
4.0,3.0,2.0,4.0,3.0,2.0,2.591239431643632
4.0,3.0,2.0,4.0,3.0,3.0,2.8892235969881863
4.0,3.0,2.0,4.0,3.0,4.0,3.3824846651594975
4.0,3.0,2.0,4.0,4.0,2.0,2.5912404846740507
4.0,3.0,2.0,4.0,4.0,3.0,2.9593017315898695
4.0,3.0,2.0,4.0,4.0,4.0,3.3824854924997565
4.0,3.0,2.0,4.0,4.0,5.0,3.3824853717810663
4.0,3.0,2.0,4.0,5.0,1.0,2.4113955451711493
4.0,3.0,2.0,4.0,5.0,2.0,2.9472997772178573
4.0,3.0,2.0,4.0,5.0,4.0,3.38248550083688
4.0,3.0,2.0,4.0,5.0,5.0,3.3824853716518346
4.0,3.0,2.0,5.0,1.0,2.0,2.2520535128630232
4.0,3.0,2.0,5.0,1.0,3.0,2.5120870389237684
4.0,3.0,2.0,5.0,2.0,2.0,2.4264022025872376
4.0,3.0,2.0,5.0,2.0,3.0,2.7930866935017384
4.0,3.0,2.0,5.0,2.0,4.0,2.996974487111033
4.0,3.0,2.0,5.0,3.0,3.0,2.9912329435756764
4.0,3.0,2.0,5.0,3.0,4.0,3.3824835543368446
4.0,3.0,2.0,5.0,4.0,2.0,2.591245836077708
4.0,3.0,2.0,5.0,4.0,3.0,3.0036154986910466
4.0,3.0,2.0,5.0,4.0,4.0,3.4483307858243344
4.0,3.0,2.0,5.0,4.0,5.0,3.448328191740881
4.0,3.0,2.0,5.0,5.0,3.0,3.0531290730636425
4.0,3.0,2.0,5.0,5.0,4.0,3.49852181937376
4.0,3.0,2.0,5.0,5.0,5.0,3.4985224187799644
4.0,3.0,3.0,1.0,1.0,1.0,1.41693710042114
4.0,3.0,3.0,1.0,2.0,1.0,1.5474301785891533
4.0,3.0,3.0,1.0,3.0,3.0,2.348984277346229
4.0,3.0,3.0,1.0,4.0,3.0,2.519440352072681
4.0,3.0,3.0,1.0,4.0,4.0,2.721095286302814
4.0,3.0,3.0,2.0,1.0,2.0,2.1579172145980254
4.0,3.0,3.0,2.0,1.0,3.0,2.508222479567754
4.0,3.0,3.0,2.0,2.0,2.0,2.386684418994651
4.0,3.0,3.0,2.0,2.0,3.0,2.717248815010732
4.0,3.0,3.0,2.0,2.0,4.0,2.7172504186002957
4.0,3.0,3.0,2.0,3.0,2.0,2.505235832034475
4.0,3.0,3.0,2.0,3.0,3.0,2.832755228815417
4.0,3.0,3.0,2.0,3.0,4.0,2.8374122646311237
4.0,3.0,3.0,2.0,4.0,2.0,2.5912338535235016
4.0,3.0,3.0,2.0,4.0,3.0,2.837414396594364
4.0,3.0,3.0,2.0,4.0,4.0,2.837413562649164
4.0,3.0,3.0,2.0,5.0,5.0,3.0646936802263958
4.0,3.0,3.0,3.0,1.0,2.0,2.5081914603516227
4.0,3.0,3.0,3.0,1.0,3.0,2.50819701531207
4.0,3.0,3.0,3.0,2.0,1.0,2.2310044270036498
4.0,3.0,3.0,3.0,2.0,2.0,2.683917180027411
4.0,3.0,3.0,3.0,2.0,3.0,2.9985121680103672
4.0,3.0,3.0,3.0,2.0,4.0,2.9985105977414643
4.0,3.0,3.0,3.0,3.0,1.0,2.2310093379858413
4.0,3.0,3.0,3.0,3.0,2.0,2.6839171522645833
4.0,3.0,3.0,3.0,3.0,3.0,3.1508861298009583
4.0,3.0,3.0,3.0,3.0,4.0,3.4372291935436525
4.0,3.0,3.0,3.0,4.0,2.0,2.683917457914396
4.0,3.0,3.0,3.0,4.0,3.0,3.278945591549782
4.0,3.0,3.0,3.0,4.0,4.0,3.4981277735212677
4.0,3.0,3.0,3.0,4.0,5.0,3.4981277007762963
4.0,3.0,3.0,3.0,5.0,3.0,3.2789456971702062
4.0,3.0,3.0,3.0,5.0,4.0,3.4981276039472453
4.0,3.0,3.0,3.0,5.0,5.0,3.498127664498086
4.0,3.0,3.0,4.0,1.0,2.0,2.6380884783741227
4.0,3.0,3.0,4.0,1.0,3.0,2.740049770837463
4.0,3.0,3.0,4.0,1.0,4.0,2.83736812285508
4.0,3.0,3.0,4.0,2.0,2.0,2.7673921112597233
4.0,3.0,3.0,4.0,2.0,3.0,3.1411596147860537
4.0,3.0,3.0,4.0,2.0,4.0,3.1519200518365382
4.0,3.0,3.0,4.0,3.0,2.0,2.9257010602438633
4.0,3.0,3.0,4.0,3.0,3.0,3.336697661321728
4.0,3.0,3.0,4.0,3.0,4.0,3.5603059861967754
4.0,3.0,3.0,4.0,3.0,5.0,3.7142088714764054
4.0,3.0,3.0,4.0,4.0,1.0,2.8574610699278375
4.0,3.0,3.0,4.0,4.0,2.0,2.9257008456621962
4.0,3.0,3.0,4.0,4.0,3.0,3.3366964247054924
4.0,3.0,3.0,4.0,4.0,4.0,3.804351184874216
4.0,3.0,3.0,4.0,4.0,5.0,3.8043510562927207
4.0,3.0,3.0,4.0,5.0,3.0,3.3975385362918558
4.0,3.0,3.0,4.0,5.0,4.0,3.840330233437173
4.0,3.0,3.0,4.0,5.0,5.0,3.9919345485215354
4.0,3.0,3.0,5.0,1.0,1.0,2.076113062326851
4.0,3.0,3.0,5.0,1.0,4.0,2.9101773777813826
4.0,3.0,3.0,5.0,1.0,5.0,2.910174864012813
4.0,3.0,3.0,5.0,2.0,2.0,2.970188394870501
4.0,3.0,3.0,5.0,2.0,3.0,3.220054327465723
4.0,3.0,3.0,5.0,2.0,4.0,3.474505721733542
4.0,3.0,3.0,5.0,2.0,5.0,3.4745051733909054
4.0,3.0,3.0,5.0,3.0,3.0,3.3366976352493105
4.0,3.0,3.0,5.0,3.0,4.0,3.7142109905573917
4.0,3.0,3.0,5.0,3.0,5.0,3.7142106446234027
4.0,3.0,3.0,5.0,4.0,3.0,3.578250842242594
4.0,3.0,3.0,5.0,4.0,4.0,3.85059898480291
4.0,3.0,3.0,5.0,4.0,5.0,4.087525246184809
4.0,3.0,3.0,5.0,5.0,3.0,3.5782506828493568
4.0,3.0,3.0,5.0,5.0,4.0,4.029730320954802
4.0,3.0,3.0,5.0,5.0,5.0,4.087527408875472
4.0,3.0,4.0,1.0,4.0,1.0,1.660423182019917
4.0,3.0,4.0,1.0,4.0,4.0,2.721099722708991
4.0,3.0,4.0,2.0,2.0,2.0,2.5128193076121357
4.0,3.0,4.0,2.0,2.0,4.0,2.718770437048359
4.0,3.0,4.0,2.0,3.0,2.0,2.7195305388763185
4.0,3.0,4.0,2.0,3.0,3.0,2.9990974090479017
4.0,3.0,4.0,2.0,4.0,3.0,3.006739285595993
4.0,3.0,4.0,2.0,4.0,4.0,3.477997882284973
4.0,3.0,4.0,2.0,5.0,3.0,3.0378966767975286
4.0,3.0,4.0,2.0,5.0,4.0,3.697946258813164
4.0,3.0,4.0,3.0,1.0,3.0,2.8612846697494145
4.0,3.0,4.0,3.0,2.0,1.0,2.2309872463586395
4.0,3.0,4.0,3.0,2.0,2.0,2.7673933323671474
4.0,3.0,4.0,3.0,2.0,3.0,3.044860864705627
4.0,3.0,4.0,3.0,3.0,2.0,2.9962104595562202
4.0,3.0,4.0,3.0,3.0,3.0,3.2892849010930085
4.0,3.0,4.0,3.0,3.0,4.0,3.769043841833691
4.0,3.0,4.0,3.0,4.0,2.0,3.003467245685373
4.0,3.0,4.0,3.0,4.0,3.0,3.5159631965102913
4.0,3.0,4.0,3.0,4.0,4.0,3.7690438647601274
4.0,3.0,4.0,3.0,4.0,5.0,3.98560810295599
4.0,3.0,4.0,3.0,5.0,3.0,3.515963244050813
4.0,3.0,4.0,3.0,5.0,4.0,3.792509398709118
4.0,3.0,4.0,3.0,5.0,5.0,4.1171939744177815
4.0,3.0,4.0,4.0,1.0,3.0,2.8612831912519985
4.0,3.0,4.0,4.0,1.0,4.0,3.522040096536921
4.0,3.0,4.0,4.0,2.0,2.0,3.186403649634281
4.0,3.0,4.0,4.0,2.0,3.0,3.30478098554878
4.0,3.0,4.0,4.0,2.0,4.0,3.5703562848913224
4.0,3.0,4.0,4.0,3.0,2.0,3.186408468922575
4.0,3.0,4.0,4.0,3.0,3.0,3.412707892086678
4.0,3.0,4.0,4.0,3.0,4.0,3.873206185520461
4.0,3.0,4.0,4.0,3.0,5.0,4.081574417841536
4.0,3.0,4.0,4.0,4.0,3.0,3.6320929708477694
4.0,3.0,4.0,4.0,4.0,4.0,3.9669224783844093
4.0,3.0,4.0,4.0,4.0,5.0,4.0815742875014065
4.0,3.0,4.0,4.0,5.0,3.0,3.720801968200807
4.0,3.0,4.0,4.0,5.0,4.0,4.010298015656881
4.0,3.0,4.0,4.0,5.0,5.0,4.234277354565732
4.0,3.0,4.0,5.0,2.0,3.0,3.304780816337843
4.0,3.0,4.0,5.0,2.0,4.0,3.5703561522854836
4.0,3.0,4.0,5.0,2.0,5.0,3.5703566172640495
4.0,3.0,4.0,5.0,3.0,3.0,3.4127077763886056
4.0,3.0,4.0,5.0,3.0,4.0,3.998404253620011
4.0,3.0,4.0,5.0,3.0,5.0,4.087522667709793
4.0,3.0,4.0,5.0,4.0,3.0,3.6856319288146464
4.0,3.0,4.0,5.0,4.0,4.0,4.044529581428003
4.0,3.0,4.0,5.0,4.0,5.0,4.087523159230687
4.0,3.0,4.0,5.0,5.0,2.0,3.4948966222627016
4.0,3.0,4.0,5.0,5.0,3.0,3.720801959354066
4.0,3.0,4.0,5.0,5.0,4.0,4.086139692278348
4.0,3.0,4.0,5.0,5.0,5.0,4.3165238746872125
4.0,3.0,5.0,2.0,1.0,1.0,1.9549159793814854
4.0,3.0,5.0,3.0,2.0,3.0,3.044860488265969
4.0,3.0,5.0,3.0,3.0,3.0,3.289285080501665
4.0,3.0,5.0,3.0,3.0,4.0,3.7881096883543353
4.0,3.0,5.0,3.0,4.0,3.0,3.661758534790088
4.0,3.0,5.0,3.0,4.0,4.0,3.959689735431017
4.0,3.0,5.0,3.0,5.0,3.0,3.7208014017108724
4.0,3.0,5.0,3.0,5.0,5.0,4.234277449823713
4.0,3.0,5.0,4.0,1.0,4.0,3.7292042940145658
4.0,3.0,5.0,4.0,2.0,4.0,3.895631701234412
4.0,3.0,5.0,4.0,3.0,2.0,3.315272052287951
4.0,3.0,5.0,4.0,3.0,3.0,3.5688459956995002
4.0,3.0,5.0,4.0,3.0,4.0,3.8956311193828084
4.0,3.0,5.0,4.0,3.0,5.0,4.104000592487483
4.0,3.0,5.0,4.0,4.0,3.0,3.720802136673122
4.0,3.0,5.0,4.0,4.0,4.0,4.023996792748755
4.0,3.0,5.0,4.0,4.0,5.0,4.104000486600672
4.0,3.0,5.0,4.0,5.0,3.0,3.7208019693098078
4.0,3.0,5.0,4.0,5.0,4.0,4.152488035024613
4.0,3.0,5.0,4.0,5.0,5.0,4.234277228326416
4.0,3.0,5.0,5.0,1.0,5.0,3.729203671908014
4.0,3.0,5.0,5.0,2.0,4.0,3.91323533902502
4.0,3.0,5.0,5.0,3.0,2.0,3.6320225910915136
4.0,3.0,5.0,5.0,3.0,3.0,3.9104581158975953
4.0,3.0,5.0,5.0,3.0,4.0,4.042011007913202
4.0,3.0,5.0,5.0,3.0,5.0,4.104000947978886
4.0,3.0,5.0,5.0,4.0,3.0,3.990031993660925
4.0,3.0,5.0,5.0,4.0,4.0,4.102700655250432
4.0,3.0,5.0,5.0,4.0,5.0,4.104000292446492
4.0,3.0,5.0,5.0,5.0,3.0,4.189343759020542
4.0,3.0,5.0,5.0,5.0,4.0,4.271569567264611
4.0,3.0,5.0,5.0,5.0,5.0,4.5358405037918805
4.0,4.0,1.0,1.0,1.0,1.0,1.2513385254538276
4.0,4.0,1.0,1.0,1.0,2.0,1.5667667328262604
4.0,4.0,1.0,1.0,1.0,4.0,1.5667729242186537
4.0,4.0,1.0,1.0,2.0,1.0,1.330596820374134
4.0,4.0,1.0,1.0,2.0,2.0,1.6266639785412762
4.0,4.0,1.0,1.0,3.0,1.0,1.330597703101226
4.0,4.0,1.0,1.0,4.0,4.0,2.7561508793596348
4.0,4.0,1.0,2.0,1.0,1.0,1.7778925678390711
4.0,4.0,1.0,2.0,2.0,1.0,1.777905575819008
4.0,4.0,1.0,2.0,2.0,2.0,1.8902615709148343
4.0,4.0,1.0,2.0,2.0,3.0,2.104580635031425
4.0,4.0,1.0,2.0,3.0,1.0,1.7779195155637517
4.0,4.0,1.0,2.0,3.0,2.0,2.009154534624582
4.0,4.0,1.0,2.0,3.0,3.0,2.104576097585435
4.0,4.0,1.0,2.0,4.0,4.0,2.937151132511925
4.0,4.0,1.0,2.0,5.0,3.0,2.1045716684256184
4.0,4.0,1.0,3.0,1.0,1.0,1.7778912339159907
4.0,4.0,1.0,3.0,1.0,2.0,1.9939896722295052
4.0,4.0,1.0,3.0,1.0,3.0,1.993995388740958
4.0,4.0,1.0,3.0,2.0,2.0,2.0068129797069414
4.0,4.0,1.0,3.0,3.0,1.0,1.777915538474756
4.0,4.0,1.0,3.0,3.0,2.0,2.3122032922961266
4.0,4.0,1.0,3.0,3.0,3.0,2.4874531463593708
4.0,4.0,1.0,3.0,4.0,1.0,2.3122130681167135
4.0,4.0,1.0,3.0,4.0,2.0,2.312208665635539
4.0,4.0,1.0,3.0,4.0,4.0,2.9371509716293978
4.0,4.0,1.0,3.0,5.0,3.0,2.487458676178375
4.0,4.0,1.0,4.0,1.0,3.0,1.9940414498972179
4.0,4.0,1.0,4.0,1.0,4.0,1.9940560816658004
4.0,4.0,1.0,4.0,2.0,1.0,2.2211064170250876
4.0,4.0,1.0,4.0,2.0,2.0,2.2211246992067535
4.0,4.0,1.0,4.0,3.0,2.0,2.487451877493792
4.0,4.0,1.0,4.0,3.0,3.0,2.4874541682890015
4.0,4.0,1.0,4.0,3.0,4.0,2.487455126803231
4.0,4.0,1.0,4.0,4.0,2.0,2.4874495487353703
4.0,4.0,1.0,4.0,4.0,3.0,2.6696421594880944
4.0,4.0,1.0,4.0,4.0,4.0,2.9371453687666
4.0,4.0,1.0,5.0,1.0,4.0,2.10681573352807
4.0,4.0,1.0,5.0,2.0,3.0,2.5697028352109754
4.0,4.0,1.0,5.0,3.0,4.0,2.5697005752604873
4.0,4.0,1.0,5.0,4.0,2.0,2.778903924086114
4.0,4.0,1.0,5.0,5.0,4.0,2.956891364795531
4.0,4.0,1.0,5.0,5.0,5.0,2.9568873107787397
4.0,4.0,2.0,1.0,1.0,1.0,1.525885224263284
4.0,4.0,2.0,1.0,1.0,2.0,1.8219725131062658
4.0,4.0,2.0,1.0,2.0,1.0,1.7719756367429782
4.0,4.0,2.0,1.0,2.0,2.0,1.821973251201348
4.0,4.0,2.0,1.0,3.0,1.0,1.7719755996547348
4.0,4.0,2.0,1.0,3.0,2.0,2.006929686197788
4.0,4.0,2.0,1.0,3.0,3.0,2.067669301154351
4.0,4.0,2.0,2.0,1.0,1.0,1.9549008257647384
4.0,4.0,2.0,2.0,1.0,2.0,1.9549158028627907
4.0,4.0,2.0,2.0,1.0,3.0,2.5082729846651337
4.0,4.0,2.0,2.0,2.0,1.0,1.9549003909502354
4.0,4.0,2.0,2.0,2.0,2.0,2.1931424398102903
4.0,4.0,2.0,2.0,2.0,3.0,2.5082983999286768
4.0,4.0,2.0,2.0,2.0,4.0,2.508299342673746
4.0,4.0,2.0,2.0,3.0,1.0,2.2688822583896684
4.0,4.0,2.0,2.0,3.0,2.0,2.2872145461709414
4.0,4.0,2.0,2.0,3.0,3.0,2.50832408116848
4.0,4.0,2.0,2.0,4.0,2.0,2.591233919684398
4.0,4.0,2.0,2.0,4.0,3.0,2.6158065567482325
4.0,4.0,2.0,2.0,4.0,4.0,2.985571616310647
4.0,4.0,2.0,2.0,5.0,3.0,2.615805732779155
4.0,4.0,2.0,3.0,1.0,1.0,1.954883004570057
4.0,4.0,2.0,3.0,1.0,2.0,2.2520001464544808
4.0,4.0,2.0,3.0,1.0,3.0,2.5897157712831396
4.0,4.0,2.0,3.0,1.0,4.0,2.882210495606132
4.0,4.0,2.0,3.0,2.0,1.0,2.221110487675505
4.0,4.0,2.0,3.0,2.0,2.0,2.2742984320185853
4.0,4.0,2.0,3.0,2.0,3.0,2.6239573864324455
4.0,4.0,2.0,3.0,3.0,1.0,2.3963436362886834
4.0,4.0,2.0,3.0,3.0,2.0,2.5206673776867
4.0,4.0,2.0,3.0,3.0,3.0,2.889223606115023
4.0,4.0,2.0,3.0,3.0,4.0,3.0894630982200697
4.0,4.0,2.0,3.0,4.0,1.0,2.396341136314385
4.0,4.0,2.0,3.0,4.0,2.0,2.5912345296879447
4.0,4.0,2.0,3.0,4.0,3.0,2.9522123277253582
4.0,4.0,2.0,3.0,4.0,4.0,3.2791102500655356
4.0,4.0,2.0,3.0,5.0,3.0,2.952212753614089
4.0,4.0,2.0,3.0,5.0,4.0,3.571090724045141
4.0,4.0,2.0,4.0,1.0,1.0,1.9548758933896802
4.0,4.0,2.0,4.0,1.0,2.0,2.25202477090618
4.0,4.0,2.0,4.0,1.0,3.0,2.589712254096436
4.0,4.0,2.0,4.0,1.0,4.0,2.8822105046065674
4.0,4.0,2.0,4.0,2.0,1.0,2.2211079823951936
4.0,4.0,2.0,4.0,2.0,2.0,2.433959166791386
4.0,4.0,2.0,4.0,2.0,3.0,2.7930841609037227
4.0,4.0,2.0,4.0,2.0,5.0,3.0213629261797714
4.0,4.0,2.0,4.0,3.0,1.0,2.4113972008405207
4.0,4.0,2.0,4.0,3.0,2.0,2.5912341250513076
4.0,4.0,2.0,4.0,3.0,3.0,3.112511589470784
4.0,4.0,2.0,4.0,3.0,4.0,3.382485516025019
4.0,4.0,2.0,4.0,4.0,2.0,2.7789110409033193
4.0,4.0,2.0,4.0,4.0,3.0,3.11251156786937
4.0,4.0,2.0,4.0,4.0,4.0,3.4305942627980506
4.0,4.0,2.0,4.0,4.0,5.0,3.430594258221473
4.0,4.0,2.0,4.0,5.0,3.0,3.2786546360982443
4.0,4.0,2.0,4.0,5.0,4.0,3.5710907655901742
4.0,4.0,2.0,4.0,5.0,5.0,3.663453333440181
4.0,4.0,2.0,5.0,1.0,1.0,1.9548741912847554
4.0,4.0,2.0,5.0,1.0,2.0,2.252053050657685
4.0,4.0,2.0,5.0,1.0,3.0,2.589703233223969
4.0,4.0,2.0,5.0,1.0,4.0,2.9101663412700156
4.0,4.0,2.0,5.0,2.0,3.0,2.987369314051878
4.0,4.0,2.0,5.0,3.0,1.0,2.411404133415223
4.0,4.0,2.0,5.0,3.0,2.0,2.7789074646232916
4.0,4.0,2.0,5.0,3.0,3.0,3.1125112633528107
4.0,4.0,2.0,5.0,3.0,4.0,3.5074553129006896
4.0,4.0,2.0,5.0,3.0,5.0,3.507456412789822
4.0,4.0,2.0,5.0,4.0,2.0,2.7789077010398446
4.0,4.0,2.0,5.0,4.0,3.0,3.2786557184665557
4.0,4.0,2.0,5.0,4.0,4.0,3.50745553820123
4.0,4.0,2.0,5.0,4.0,5.0,3.5973766657524995
4.0,4.0,2.0,5.0,5.0,3.0,3.2786550533900423
4.0,4.0,2.0,5.0,5.0,4.0,3.5710907010929436
4.0,4.0,2.0,5.0,5.0,5.0,3.66345325742747
4.0,4.0,3.0,1.0,1.0,2.0,1.8219739921452942
4.0,4.0,3.0,1.0,2.0,1.0,2.0160016823740663
4.0,4.0,3.0,1.0,2.0,2.0,2.433563086587876
4.0,4.0,3.0,1.0,2.0,3.0,2.433566813410793
4.0,4.0,3.0,1.0,3.0,1.0,2.0160012561455543
4.0,4.0,3.0,1.0,3.0,2.0,2.433566573998162
4.0,4.0,3.0,1.0,3.0,3.0,2.4335693599960955
4.0,4.0,3.0,1.0,3.0,4.0,2.4335704785768235
4.0,4.0,3.0,1.0,4.0,3.0,2.6763838676591534
4.0,4.0,3.0,1.0,5.0,3.0,2.9902767538871884
4.0,4.0,3.0,2.0,1.0,1.0,2.022520898323986
4.0,4.0,3.0,2.0,1.0,2.0,2.487769322759535
4.0,4.0,3.0,2.0,1.0,3.0,2.5082471548786325
4.0,4.0,3.0,2.0,1.0,4.0,2.71724835022249
4.0,4.0,3.0,2.0,2.0,2.0,2.596706028890562
4.0,4.0,3.0,2.0,2.0,3.0,2.7172485224691854
4.0,4.0,3.0,2.0,2.0,4.0,2.7172498189474577
4.0,4.0,3.0,2.0,3.0,2.0,2.5967057841551497
4.0,4.0,3.0,2.0,3.0,3.0,2.9991859063911686
4.0,4.0,3.0,2.0,3.0,4.0,2.9991860071810583
4.0,4.0,3.0,2.0,4.0,2.0,2.9472989746285503
4.0,4.0,3.0,2.0,4.0,3.0,3.05250795335799
4.0,4.0,3.0,2.0,4.0,4.0,3.1698382945940127
4.0,4.0,3.0,2.0,4.0,5.0,3.4976316259213878
4.0,4.0,3.0,2.0,5.0,2.0,3.0525069859882565
4.0,4.0,3.0,2.0,5.0,3.0,3.052507652883281
4.0,4.0,3.0,2.0,5.0,4.0,3.169838238591627
4.0,4.0,3.0,2.0,5.0,5.0,3.4976308859872396
4.0,4.0,3.0,3.0,1.0,1.0,2.1499956597205747
4.0,4.0,3.0,3.0,1.0,2.0,2.516286222769575
4.0,4.0,3.0,3.0,1.0,3.0,2.6018603003114453
4.0,4.0,3.0,3.0,2.0,1.0,2.2310125827479603
4.0,4.0,3.0,3.0,2.0,2.0,2.767390262965532
4.0,4.0,3.0,3.0,2.0,3.0,3.1020176537858206
4.0,4.0,3.0,3.0,2.0,4.0,3.321021232263139
4.0,4.0,3.0,3.0,3.0,1.0,2.659552912528072
4.0,4.0,3.0,3.0,3.0,2.0,2.910567384961496
4.0,4.0,3.0,3.0,3.0,3.0,3.2818120010403242
4.0,4.0,3.0,3.0,3.0,4.0,3.498388267288534
4.0,4.0,3.0,3.0,3.0,5.0,3.6123025153514465
4.0,4.0,3.0,3.0,4.0,2.0,2.9472989828804566
4.0,4.0,3.0,3.0,4.0,3.0,3.3181760254861
4.0,4.0,3.0,3.0,4.0,4.0,3.6123026372315423
4.0,4.0,3.0,3.0,4.0,5.0,3.612302410910139
4.0,4.0,3.0,3.0,5.0,2.0,3.0525066655861117
4.0,4.0,3.0,3.0,5.0,3.0,3.3181760225544243
4.0,4.0,3.0,3.0,5.0,4.0,3.612302605801186
4.0,4.0,3.0,3.0,5.0,5.0,4.063649579859892
4.0,4.0,3.0,4.0,1.0,2.0,2.6380875975506286
4.0,4.0,3.0,4.0,1.0,3.0,2.882207860016974
4.0,4.0,3.0,4.0,1.0,4.0,2.8822086102544193
4.0,4.0,3.0,4.0,2.0,2.0,2.7673909541143926
4.0,4.0,3.0,4.0,2.0,3.0,3.199415566677172
4.0,4.0,3.0,4.0,2.0,4.0,3.3210206552755643
4.0,4.0,3.0,4.0,3.0,1.0,2.6595568105645664
4.0,4.0,3.0,4.0,3.0,2.0,2.9257012391664117
4.0,4.0,3.0,4.0,3.0,3.0,3.423671818661174
4.0,4.0,3.0,4.0,3.0,4.0,3.793386626390892
4.0,4.0,3.0,4.0,3.0,5.0,4.019944857484227
4.0,4.0,3.0,4.0,4.0,1.0,2.857459747011426
4.0,4.0,3.0,4.0,4.0,2.0,3.0569279741279227
4.0,4.0,3.0,4.0,4.0,3.0,3.5196806229324564
4.0,4.0,3.0,4.0,4.0,4.0,3.8891944355414774
4.0,4.0,3.0,4.0,4.0,5.0,4.0199446432323445
4.0,4.0,3.0,4.0,5.0,2.0,3.056928188456669
4.0,4.0,3.0,4.0,5.0,3.0,3.519680526673671
4.0,4.0,3.0,4.0,5.0,4.0,3.9367679019391137
4.0,4.0,3.0,4.0,5.0,5.0,4.063649569462729
4.0,4.0,3.0,5.0,1.0,2.0,2.638082036850741
4.0,4.0,3.0,5.0,1.0,3.0,2.8822059120585526
4.0,4.0,3.0,5.0,1.0,4.0,2.9101726048315775
4.0,4.0,3.0,5.0,2.0,2.0,2.9906963143743757
4.0,4.0,3.0,5.0,2.0,3.0,3.2468352251457606
4.0,4.0,3.0,5.0,2.0,4.0,3.4970665114356954
4.0,4.0,3.0,5.0,2.0,5.0,3.4970668208622597
4.0,4.0,3.0,5.0,3.0,2.0,3.056928668548126
4.0,4.0,3.0,5.0,3.0,3.0,3.423671845204526
4.0,4.0,3.0,5.0,3.0,4.0,3.7933863252044024
4.0,4.0,3.0,5.0,3.0,5.0,4.0922664065407695
4.0,4.0,3.0,5.0,4.0,2.0,3.056928615677126
4.0,4.0,3.0,5.0,4.0,3.0,3.5782509891398875
4.0,4.0,3.0,5.0,4.0,4.0,3.9600559654637255
4.0,4.0,3.0,5.0,4.0,5.0,4.09226666561669
4.0,4.0,3.0,5.0,5.0,2.0,3.056928327578845
4.0,4.0,3.0,5.0,5.0,3.0,3.578250932774291
4.0,4.0,3.0,5.0,5.0,4.0,4.074846875538198
4.0,4.0,3.0,5.0,5.0,5.0,4.092266553313005
4.0,4.0,4.0,1.0,2.0,1.0,2.0602125289361854
4.0,4.0,4.0,1.0,3.0,1.0,2.5183983096837586
4.0,4.0,4.0,1.0,3.0,2.0,2.5183987120154954
4.0,4.0,4.0,1.0,4.0,2.0,2.5316611521155066
4.0,4.0,4.0,1.0,4.0,3.0,3.0095633112952993
4.0,4.0,4.0,2.0,1.0,2.0,2.7187621312143477
4.0,4.0,4.0,2.0,1.0,3.0,2.718766076525399
4.0,4.0,4.0,2.0,2.0,1.0,2.081374472896484
4.0,4.0,4.0,2.0,2.0,2.0,2.7187667303845666
4.0,4.0,4.0,2.0,2.0,3.0,2.718766972953827
4.0,4.0,4.0,2.0,2.0,4.0,2.7187682640156385
4.0,4.0,4.0,2.0,3.0,2.0,2.719530524374452
4.0,4.0,4.0,2.0,3.0,3.0,3.001164612610964
4.0,4.0,4.0,2.0,3.0,4.0,3.0163417981146066
4.0,4.0,4.0,2.0,4.0,2.0,2.947299318768501
4.0,4.0,4.0,2.0,4.0,3.0,3.0525081248626966
4.0,4.0,4.0,2.0,4.0,4.0,3.477998152168528
4.0,4.0,4.0,2.0,4.0,5.0,4.104084012336485
4.0,4.0,4.0,2.0,5.0,4.0,3.697946894431221
4.0,4.0,4.0,2.0,5.0,5.0,4.104084199059338
4.0,4.0,4.0,3.0,1.0,1.0,2.563540121496717
4.0,4.0,4.0,3.0,1.0,2.0,2.7674038271377195
4.0,4.0,4.0,3.0,2.0,2.0,2.7673953179618866
4.0,4.0,4.0,3.0,2.0,3.0,3.1231313641436653
4.0,4.0,4.0,3.0,2.0,4.0,3.6363604884630134
4.0,4.0,4.0,3.0,3.0,2.0,3.0052231388046304
4.0,4.0,4.0,3.0,3.0,3.0,3.399689299489055
4.0,4.0,4.0,3.0,3.0,4.0,3.7876501243879126
4.0,4.0,4.0,3.0,3.0,5.0,3.7876501582642095
4.0,4.0,4.0,3.0,4.0,2.0,3.0052233570350175
4.0,4.0,4.0,3.0,4.0,3.0,3.5493133329304167
4.0,4.0,4.0,3.0,4.0,4.0,3.8667074636627663
4.0,4.0,4.0,3.0,4.0,5.0,4.10408405037042
4.0,4.0,4.0,3.0,5.0,3.0,3.581461715223575
4.0,4.0,4.0,3.0,5.0,4.0,3.9596897206222024
4.0,4.0,4.0,3.0,5.0,5.0,4.238011608099412
4.0,4.0,4.0,4.0,1.0,1.0,2.767409699302326
4.0,4.0,4.0,4.0,1.0,3.0,3.196034923937954
4.0,4.0,4.0,4.0,1.0,4.0,3.5220423321052508
4.0,4.0,4.0,4.0,1.0,5.0,3.522041640884192
4.0,4.0,4.0,4.0,2.0,1.0,2.8574582127861556
4.0,4.0,4.0,4.0,2.0,2.0,3.249967593276607
4.0,4.0,4.0,4.0,2.0,3.0,3.5842642199779893
4.0,4.0,4.0,4.0,2.0,4.0,3.7687323218825495
4.0,4.0,4.0,4.0,2.0,5.0,3.768732442617892
4.0,4.0,4.0,4.0,3.0,1.0,2.8574571930648904
4.0,4.0,4.0,4.0,3.0,2.0,3.2670077435787346
4.0,4.0,4.0,4.0,3.0,3.0,3.7374888459546005
4.0,4.0,4.0,4.0,3.0,4.0,3.958811634531389
4.0,4.0,4.0,4.0,3.0,5.0,4.148955968715894
4.0,4.0,4.0,4.0,4.0,1.0,3.267011206640554
4.0,4.0,4.0,4.0,4.0,2.0,3.2670076712061618
4.0,4.0,4.0,4.0,4.0,3.0,3.776585661761176
4.0,4.0,4.0,4.0,4.0,4.0,4.04689719309932
4.0,4.0,4.0,4.0,4.0,5.0,4.183940743959406
4.0,4.0,4.0,4.0,5.0,3.0,3.7765822461835357
4.0,4.0,4.0,4.0,5.0,4.0,4.072924023908709
4.0,4.0,4.0,4.0,5.0,5.0,4.238011524190865
4.0,4.0,4.0,5.0,1.0,3.0,3.548152884123995
4.0,4.0,4.0,5.0,1.0,4.0,3.5481526842181235
4.0,4.0,4.0,5.0,2.0,2.0,3.2499674969200405
4.0,4.0,4.0,5.0,2.0,3.0,3.6320192735764074
4.0,4.0,4.0,5.0,2.0,4.0,3.768732333854212
4.0,4.0,4.0,5.0,2.0,5.0,3.7687327397790797
4.0,4.0,4.0,5.0,3.0,2.0,3.4866650023324284
4.0,4.0,4.0,5.0,3.0,3.0,3.7374896957591166
4.0,4.0,4.0,5.0,3.0,4.0,3.998404251053517
4.0,4.0,4.0,5.0,3.0,5.0,4.25313018346915
4.0,4.0,4.0,5.0,4.0,3.0,3.8315886054351416
4.0,4.0,4.0,5.0,4.0,4.0,4.0845220212924715
4.0,4.0,4.0,5.0,4.0,5.0,4.258493759442804
4.0,4.0,4.0,5.0,5.0,3.0,3.832557684665311
4.0,4.0,4.0,5.0,5.0,4.0,4.169284576890698
4.0,4.0,4.0,5.0,5.0,5.0,4.3777848620651385
4.0,4.0,5.0,1.0,3.0,3.0,3.065097254533058
4.0,4.0,5.0,1.0,5.0,4.0,3.065095391165298
4.0,4.0,5.0,2.0,3.0,2.0,3.005221854117443
4.0,4.0,5.0,2.0,5.0,4.0,3.697947538442233
4.0,4.0,5.0,3.0,2.0,2.0,2.855011672238321
4.0,4.0,5.0,3.0,2.0,4.0,3.6363609378502386
4.0,4.0,5.0,3.0,3.0,2.0,3.0052222854118473
4.0,4.0,5.0,3.0,3.0,3.0,3.6872345525394614
4.0,4.0,5.0,3.0,3.0,4.0,3.7881096779108216
4.0,4.0,5.0,3.0,3.0,5.0,4.239646402295053
4.0,4.0,5.0,3.0,4.0,3.0,3.7208002555574966
4.0,4.0,5.0,3.0,4.0,4.0,3.959689636286134
4.0,4.0,5.0,3.0,4.0,5.0,4.2396462905451635
4.0,4.0,5.0,3.0,5.0,3.0,3.7208008828578536
4.0,4.0,5.0,3.0,5.0,4.0,3.959689700478376
4.0,4.0,5.0,3.0,5.0,5.0,4.349033906316927
4.0,4.0,5.0,4.0,1.0,4.0,3.729204625146059
4.0,4.0,5.0,4.0,2.0,2.0,3.249968170230251
4.0,4.0,5.0,4.0,2.0,3.0,3.660807406586267
4.0,4.0,5.0,4.0,2.0,4.0,3.9132361015509236
4.0,4.0,5.0,4.0,2.0,5.0,3.982546479326788
4.0,4.0,5.0,4.0,3.0,3.0,3.77657029298012
4.0,4.0,5.0,4.0,3.0,4.0,4.0420282105201055
4.0,4.0,5.0,4.0,3.0,5.0,4.242640184112897
4.0,4.0,5.0,4.0,4.0,2.0,3.315272045204815
4.0,4.0,5.0,4.0,4.0,3.0,3.7765768389143797
4.0,4.0,5.0,4.0,4.0,4.0,4.057914164642265
4.0,4.0,5.0,4.0,4.0,5.0,4.276067222671799
4.0,4.0,5.0,4.0,5.0,3.0,3.7765792021472353
4.0,4.0,5.0,4.0,5.0,4.0,4.177485507186573
4.0,4.0,5.0,4.0,5.0,5.0,4.41137615277445
4.0,4.0,5.0,5.0,1.0,3.0,3.6687666113354784
4.0,4.0,5.0,5.0,1.0,4.0,3.8382037901279022
4.0,4.0,5.0,5.0,2.0,4.0,3.9132355851779512
4.0,4.0,5.0,5.0,3.0,3.0,3.910456136435431
4.0,4.0,5.0,5.0,3.0,4.0,4.042011609772866
4.0,4.0,5.0,5.0,3.0,5.0,4.270713121005339
4.0,4.0,5.0,5.0,4.0,3.0,3.9976112985058743
4.0,4.0,5.0,5.0,4.0,4.0,4.16654342644597
4.0,4.0,5.0,5.0,4.0,5.0,4.460452940298195
4.0,4.0,5.0,5.0,5.0,3.0,4.217175797045218
4.0,4.0,5.0,5.0,5.0,4.0,4.2715696159545375
4.0,4.0,5.0,5.0,5.0,5.0,4.535839645126172
4.0,5.0,1.0,1.0,1.0,1.0,1.3037147764267587
4.0,5.0,1.0,1.0,1.0,3.0,1.566764265535459
4.0,5.0,1.0,1.0,2.0,1.0,1.330596498034183
4.0,5.0,1.0,1.0,2.0,2.0,1.6266639694381557
4.0,5.0,1.0,1.0,3.0,1.0,1.3305979643183405
4.0,5.0,1.0,1.0,3.0,2.0,2.0083304918355958
4.0,5.0,1.0,1.0,4.0,1.0,1.5842084130459888
4.0,5.0,1.0,1.0,4.0,2.0,2.0281121631864187
4.0,5.0,1.0,2.0,2.0,1.0,2.1214655350193
4.0,5.0,1.0,2.0,2.0,2.0,2.1214615726821293
4.0,5.0,1.0,2.0,3.0,1.0,2.12146609415271
4.0,5.0,1.0,2.0,3.0,2.0,2.1214623759465567
4.0,5.0,1.0,2.0,3.0,3.0,2.4973250278057146
4.0,5.0,1.0,2.0,4.0,1.0,2.1214646994969377
4.0,5.0,1.0,3.0,3.0,1.0,2.121470768619771
4.0,5.0,1.0,3.0,3.0,2.0,2.4874538004941535
4.0,5.0,1.0,3.0,3.0,3.0,2.497324686735426
4.0,5.0,1.0,3.0,3.0,4.0,2.9371516465764413
4.0,5.0,1.0,3.0,3.0,5.0,2.9371555496530264
4.0,5.0,1.0,3.0,4.0,1.0,2.3122074938203223
4.0,5.0,1.0,4.0,1.0,1.0,1.777914520397659
4.0,5.0,1.0,4.0,1.0,2.0,2.0816710334947106
4.0,5.0,1.0,4.0,1.0,5.0,2.0816942274825054
4.0,5.0,1.0,4.0,2.0,2.0,2.221142326594833
4.0,5.0,1.0,4.0,2.0,3.0,2.7405020655250465
4.0,5.0,1.0,4.0,3.0,1.0,2.2211100627518285
4.0,5.0,1.0,4.0,3.0,2.0,2.4874511588171364
4.0,5.0,1.0,4.0,3.0,3.0,2.7405073359244754
4.0,5.0,1.0,4.0,3.0,5.0,2.937157566888822
4.0,5.0,1.0,4.0,4.0,3.0,2.7405082900990423
4.0,5.0,1.0,4.0,4.0,4.0,2.9371458056036817
4.0,5.0,1.0,4.0,5.0,2.0,2.4874497147514267
4.0,5.0,1.0,5.0,2.0,1.0,2.2210944919029894
4.0,5.0,1.0,5.0,2.0,2.0,2.4974987130014945
4.0,5.0,1.0,5.0,2.0,4.0,2.983233387040355
4.0,5.0,1.0,5.0,3.0,2.0,2.7405067273395654
4.0,5.0,1.0,5.0,3.0,3.0,2.7405093032585275
4.0,5.0,1.0,5.0,4.0,4.0,3.008478698365042
4.0,5.0,1.0,5.0,5.0,5.0,3.040946539791588
4.0,5.0,2.0,1.0,1.0,1.0,1.6272167910981676
4.0,5.0,2.0,1.0,2.0,1.0,1.7719782245233948
4.0,5.0,2.0,1.0,3.0,2.0,2.0472414427417243
4.0,5.0,2.0,1.0,3.0,3.0,2.3024984891358997
4.0,5.0,2.0,1.0,4.0,3.0,2.67638501214757
4.0,5.0,2.0,1.0,5.0,2.0,2.047241835087439
4.0,5.0,2.0,2.0,1.0,2.0,1.9549209543769157
4.0,5.0,2.0,2.0,2.0,2.0,2.1931422443075297
4.0,5.0,2.0,2.0,2.0,4.0,2.50830854804913
4.0,5.0,2.0,2.0,3.0,2.0,2.2896768968054273
4.0,5.0,2.0,2.0,3.0,3.0,2.8278772068873144
4.0,5.0,2.0,2.0,4.0,2.0,2.932364972458085
4.0,5.0,2.0,2.0,4.0,4.0,2.99822799153905
4.0,5.0,2.0,2.0,5.0,3.0,2.985077772626939
4.0,5.0,2.0,3.0,1.0,2.0,2.251992309885037
4.0,5.0,2.0,3.0,1.0,3.0,2.58971501809746
4.0,5.0,2.0,3.0,2.0,2.0,2.661918020385576
4.0,5.0,2.0,3.0,2.0,3.0,2.7930818022923516
4.0,5.0,2.0,3.0,2.0,4.0,3.08946434298918
4.0,5.0,2.0,3.0,3.0,1.0,2.498655535936398
4.0,5.0,2.0,3.0,3.0,2.0,2.6657580132560743
4.0,5.0,2.0,3.0,3.0,3.0,3.089463799864785
4.0,5.0,2.0,3.0,3.0,4.0,3.0894635821860477
4.0,5.0,2.0,3.0,4.0,2.0,2.947300093492076
4.0,5.0,2.0,3.0,4.0,3.0,3.244378357090428
4.0,5.0,2.0,3.0,4.0,4.0,3.2791101057741083
4.0,5.0,2.0,3.0,5.0,1.0,2.4986582263309636
4.0,5.0,2.0,3.0,5.0,3.0,3.244378277413774
4.0,5.0,2.0,3.0,5.0,4.0,3.6755870590038513
4.0,5.0,2.0,4.0,1.0,2.0,2.252004763172321
4.0,5.0,2.0,4.0,1.0,3.0,2.589711574531635
4.0,5.0,2.0,4.0,2.0,1.0,2.221114945860041
4.0,5.0,2.0,4.0,2.0,3.0,2.7930824389951985
4.0,5.0,2.0,4.0,2.0,4.0,3.089463925445164
4.0,5.0,2.0,4.0,3.0,2.0,2.665760227613348
4.0,5.0,2.0,4.0,3.0,3.0,3.112511510307312
4.0,5.0,2.0,4.0,3.0,4.0,3.5074541753055417
4.0,5.0,2.0,4.0,4.0,2.0,2.947299826594657
4.0,5.0,2.0,4.0,4.0,3.0,3.2443781865522676
4.0,5.0,2.0,4.0,4.0,4.0,3.5074550161244384
4.0,5.0,2.0,4.0,4.0,5.0,3.5074525376730525
4.0,5.0,2.0,4.0,5.0,2.0,2.9472993002057812
4.0,5.0,2.0,4.0,5.0,3.0,3.2786561465900856
4.0,5.0,2.0,4.0,5.0,4.0,3.6755869923058366
4.0,5.0,2.0,4.0,5.0,5.0,3.9218248113268763
4.0,5.0,2.0,5.0,1.0,2.0,2.3630259800116766
4.0,5.0,2.0,5.0,1.0,3.0,2.589710072066825
4.0,5.0,2.0,5.0,1.0,4.0,3.0013650927010946
4.0,5.0,2.0,5.0,2.0,2.0,2.661914427686614
4.0,5.0,2.0,5.0,2.0,3.0,3.2429737906158347
4.0,5.0,2.0,5.0,2.0,4.0,3.2429748882213296
4.0,5.0,2.0,5.0,3.0,2.0,2.7789139415282946
4.0,5.0,2.0,5.0,3.0,3.0,3.242973042466241
4.0,5.0,2.0,5.0,3.0,4.0,3.5074538278304943
4.0,5.0,2.0,5.0,4.0,1.0,2.7789076324323068
4.0,5.0,2.0,5.0,4.0,2.0,2.9959967660038505
4.0,5.0,2.0,5.0,4.0,4.0,3.6833105827351162
4.0,5.0,2.0,5.0,4.0,5.0,3.6833105410128346
4.0,5.0,2.0,5.0,5.0,3.0,3.589738209875679
4.0,5.0,2.0,5.0,5.0,4.0,3.7901330561648368
4.0,5.0,2.0,5.0,5.0,5.0,3.9218247770718864
4.0,5.0,3.0,1.0,1.0,3.0,2.4335673760542176
4.0,5.0,3.0,1.0,2.0,4.0,2.4335658655360093
4.0,5.0,3.0,1.0,3.0,1.0,2.213954699530847
4.0,5.0,3.0,1.0,3.0,2.0,2.433568517807431
4.0,5.0,3.0,1.0,3.0,3.0,2.433569265147653
4.0,5.0,3.0,1.0,4.0,3.0,2.676384491028038
4.0,5.0,3.0,1.0,4.0,5.0,2.756151376760145
4.0,5.0,3.0,2.0,1.0,1.0,2.149990057835302
4.0,5.0,3.0,2.0,1.0,2.0,2.596705861098373
4.0,5.0,3.0,2.0,2.0,1.0,2.149991302693995
4.0,5.0,3.0,2.0,2.0,2.0,2.5967066273020842
4.0,5.0,3.0,2.0,3.0,2.0,2.7673902015332383
4.0,5.0,3.0,2.0,3.0,3.0,2.999185937965334
4.0,5.0,3.0,2.0,3.0,4.0,2.9991862248458894
4.0,5.0,3.0,2.0,4.0,2.0,2.9472990941002126
4.0,5.0,3.0,2.0,4.0,3.0,3.0525078695175707
4.0,5.0,3.0,2.0,4.0,4.0,3.3932822444126476
4.0,5.0,3.0,2.0,5.0,2.0,3.052507303831802
4.0,5.0,3.0,2.0,5.0,3.0,3.0525077864575576
4.0,5.0,3.0,2.0,5.0,4.0,3.393282221308642
4.0,5.0,3.0,2.0,5.0,5.0,3.497631118531448
4.0,5.0,3.0,3.0,1.0,2.0,2.638094064207237
4.0,5.0,3.0,3.0,1.0,3.0,2.8822091742235156
4.0,5.0,3.0,3.0,2.0,2.0,2.7673905688360234
4.0,5.0,3.0,3.0,2.0,3.0,3.1020177049470283
4.0,5.0,3.0,3.0,2.0,4.0,3.321021686573594
4.0,5.0,3.0,3.0,3.0,1.0,2.8574587749573923
4.0,5.0,3.0,3.0,3.0,2.0,2.9472992463562253
4.0,5.0,3.0,3.0,3.0,3.0,3.281811736469195
4.0,5.0,3.0,3.0,3.0,4.0,3.6182285806617274
4.0,5.0,3.0,3.0,3.0,5.0,3.618228093783868
4.0,5.0,3.0,3.0,4.0,2.0,2.9472992980125
4.0,5.0,3.0,3.0,4.0,3.0,3.3181756921909127
4.0,5.0,3.0,3.0,4.0,4.0,3.6182283891162625
4.0,5.0,3.0,3.0,4.0,5.0,3.825942128441517
4.0,5.0,3.0,3.0,5.0,2.0,3.052507016759959
4.0,5.0,3.0,3.0,5.0,3.0,3.5347709491677533
4.0,5.0,3.0,3.0,5.0,4.0,3.675587158058559
4.0,5.0,3.0,3.0,5.0,5.0,4.063649483946373
4.0,5.0,3.0,4.0,1.0,1.0,2.149993323843186
4.0,5.0,3.0,4.0,1.0,2.0,2.6380921679336793
4.0,5.0,3.0,4.0,1.0,3.0,2.882208163918227
4.0,5.0,3.0,4.0,1.0,4.0,3.02121009560117
4.0,5.0,3.0,4.0,1.0,5.0,3.053303123000267
4.0,5.0,3.0,4.0,2.0,2.0,2.7673901558594594
4.0,5.0,3.0,4.0,2.0,3.0,3.2468355290141333
4.0,5.0,3.0,4.0,2.0,4.0,3.492747964454147
4.0,5.0,3.0,4.0,2.0,5.0,3.76873223134663
4.0,5.0,3.0,4.0,3.0,2.0,2.9940733988247206
4.0,5.0,3.0,4.0,3.0,3.0,3.459477083083498
4.0,5.0,3.0,4.0,3.0,4.0,3.793387959551854
4.0,5.0,3.0,4.0,3.0,5.0,4.019944236823227
4.0,5.0,3.0,4.0,4.0,2.0,3.3075165967358457
4.0,5.0,3.0,4.0,4.0,3.0,3.592898063987633
4.0,5.0,3.0,4.0,4.0,4.0,3.9217764409080815
4.0,5.0,3.0,4.0,4.0,5.0,4.09050357108007
4.0,5.0,3.0,4.0,5.0,2.0,3.315273809346874
4.0,5.0,3.0,4.0,5.0,3.0,3.6059589894181756
4.0,5.0,3.0,4.0,5.0,4.0,4.010825875907125
4.0,5.0,3.0,4.0,5.0,5.0,4.090503561504711
4.0,5.0,3.0,5.0,1.0,2.0,2.6380892112750267
4.0,5.0,3.0,5.0,1.0,3.0,2.8822056592991605
4.0,5.0,3.0,5.0,1.0,4.0,3.021210455999407
4.0,5.0,3.0,5.0,1.0,5.0,3.548153059535739
4.0,5.0,3.0,5.0,2.0,2.0,3.0569285011561633
4.0,5.0,3.0,5.0,2.0,3.0,3.2468351833670113
4.0,5.0,3.0,5.0,2.0,4.0,3.640226543703182
4.0,5.0,3.0,5.0,2.0,5.0,3.768732818932315
4.0,5.0,3.0,5.0,3.0,2.0,3.0569281315449235
4.0,5.0,3.0,5.0,3.0,3.0,3.498651748811287
4.0,5.0,3.0,5.0,3.0,4.0,3.8047541318111864
4.0,5.0,3.0,5.0,3.0,5.0,4.118403526344843
4.0,5.0,3.0,5.0,4.0,2.0,3.3152758290570827
4.0,5.0,3.0,5.0,4.0,3.0,3.6346924836456496
4.0,5.0,3.0,5.0,4.0,4.0,4.0397368947102
4.0,5.0,3.0,5.0,4.0,5.0,4.118403545964517
4.0,5.0,3.0,5.0,5.0,2.0,3.3152766229551554
4.0,5.0,3.0,5.0,5.0,3.0,3.775590245440864
4.0,5.0,3.0,5.0,5.0,4.0,4.074846666113291
4.0,5.0,3.0,5.0,5.0,5.0,4.204238036128494
4.0,5.0,4.0,1.0,1.0,1.0,2.053086783641583
4.0,5.0,4.0,1.0,3.0,3.0,3.0024431596204226
4.0,5.0,4.0,1.0,5.0,4.0,3.6979462237816416
4.0,5.0,4.0,2.0,1.0,1.0,2.1499886457706454
4.0,5.0,4.0,2.0,2.0,4.0,3.036802103187867
4.0,5.0,4.0,2.0,3.0,2.0,2.767390838324338
4.0,5.0,4.0,2.0,3.0,3.0,3.0992269243686654
4.0,5.0,4.0,2.0,3.0,4.0,3.099226953995336
4.0,5.0,4.0,2.0,4.0,2.0,3.0105001203738677
4.0,5.0,4.0,2.0,4.0,3.0,3.0992268755501624
4.0,5.0,4.0,2.0,4.0,4.0,3.6249058039285043
4.0,5.0,4.0,2.0,5.0,1.0,2.997349581730585
4.0,5.0,4.0,2.0,5.0,4.0,3.6979469279661923
4.0,5.0,4.0,2.0,5.0,5.0,4.104084393314199
4.0,5.0,4.0,3.0,1.0,3.0,3.0028745948701214
4.0,5.0,4.0,3.0,1.0,4.0,3.038232223363827
4.0,5.0,4.0,3.0,2.0,2.0,2.8550133568948075
4.0,5.0,4.0,3.0,2.0,3.0,3.4342311011518047
4.0,5.0,4.0,3.0,3.0,2.0,3.1697617159600293
4.0,5.0,4.0,3.0,3.0,3.0,3.4342310523960866
4.0,5.0,4.0,3.0,3.0,4.0,3.7876501269194778
4.0,5.0,4.0,3.0,3.0,5.0,3.7876501788527754
4.0,5.0,4.0,3.0,4.0,2.0,3.1697615294081642
4.0,5.0,4.0,3.0,4.0,3.0,3.6417739241989806
4.0,5.0,4.0,3.0,4.0,4.0,3.9986198026424704
4.0,5.0,4.0,3.0,4.0,5.0,4.3024787153967745
4.0,5.0,4.0,3.0,5.0,2.0,3.16976179156269
4.0,5.0,4.0,3.0,5.0,3.0,3.6417739479849045
4.0,5.0,4.0,3.0,5.0,4.0,3.9986197526227727
4.0,5.0,4.0,3.0,5.0,5.0,4.312392305500751
4.0,5.0,4.0,4.0,1.0,2.0,2.767407430805336
4.0,5.0,4.0,4.0,1.0,3.0,3.3762871200065008
4.0,5.0,4.0,4.0,1.0,4.0,3.5220430696695133
4.0,5.0,4.0,4.0,2.0,2.0,3.3075171380629227
4.0,5.0,4.0,4.0,2.0,3.0,3.5842642558841877
4.0,5.0,4.0,4.0,2.0,4.0,3.768732359350233
4.0,5.0,4.0,4.0,2.0,5.0,3.7687322414037077
4.0,5.0,4.0,4.0,3.0,2.0,3.307516778438442
4.0,5.0,4.0,4.0,3.0,3.0,3.7374806006438805
4.0,5.0,4.0,4.0,3.0,4.0,4.022447382697238
4.0,5.0,4.0,4.0,3.0,5.0,4.1489559936161005
4.0,5.0,4.0,4.0,4.0,2.0,3.3075164066705844
4.0,5.0,4.0,4.0,4.0,3.0,3.836226311011692
4.0,5.0,4.0,4.0,4.0,4.0,4.083282723454965
4.0,5.0,4.0,4.0,4.0,5.0,4.302478730892497
4.0,5.0,4.0,4.0,5.0,2.0,3.3152719722279933
4.0,5.0,4.0,4.0,5.0,3.0,3.8362261710813605
4.0,5.0,4.0,4.0,5.0,4.0,4.130431866668867
4.0,5.0,4.0,4.0,5.0,5.0,4.368183115601268
4.0,5.0,4.0,5.0,1.0,3.0,3.5481527141993205
4.0,5.0,4.0,5.0,1.0,5.0,3.54815225425331
4.0,5.0,4.0,5.0,2.0,2.0,3.6320202632030014
4.0,5.0,4.0,5.0,2.0,3.0,3.6320196765707866
4.0,5.0,4.0,5.0,2.0,4.0,3.7687322545706383
4.0,5.0,4.0,5.0,2.0,5.0,3.801953175767624
4.0,5.0,4.0,5.0,3.0,3.0,3.917978242079647
4.0,5.0,4.0,5.0,3.0,4.0,4.04196240369943
4.0,5.0,4.0,5.0,3.0,5.0,4.253130187632334
4.0,5.0,4.0,5.0,4.0,2.0,3.6320204497505246
4.0,5.0,4.0,5.0,4.0,3.0,3.949385476366612
4.0,5.0,4.0,5.0,4.0,4.0,4.1591849178138425
4.0,5.0,4.0,5.0,4.0,5.0,4.369169975590527
4.0,5.0,4.0,5.0,5.0,2.0,3.9493855489661946
4.0,5.0,4.0,5.0,5.0,3.0,3.94938545179719
4.0,5.0,4.0,5.0,5.0,4.0,4.257977331544919
4.0,5.0,4.0,5.0,5.0,5.0,4.482666173677169
4.0,5.0,5.0,1.0,4.0,4.0,3.094219305361992
4.0,5.0,5.0,2.0,3.0,3.0,3.491706733277722
4.0,5.0,5.0,2.0,4.0,3.0,3.624906378490721
4.0,5.0,5.0,2.0,4.0,4.0,3.624905905111663
4.0,5.0,5.0,3.0,1.0,5.0,3.838206009846579
4.0,5.0,5.0,3.0,2.0,2.0,2.855012024111689
4.0,5.0,5.0,3.0,3.0,3.0,3.6872345560477036
4.0,5.0,5.0,3.0,3.0,4.0,3.988912245251417
4.0,5.0,5.0,3.0,4.0,3.0,3.807752863312199
4.0,5.0,5.0,3.0,4.0,4.0,4.0248289935918455
4.0,5.0,5.0,3.0,4.0,5.0,4.349034020941717
4.0,5.0,5.0,3.0,5.0,3.0,3.8794007757264124
4.0,5.0,5.0,3.0,5.0,4.0,4.024828980013203
4.0,5.0,5.0,3.0,5.0,5.0,4.349033828135742
4.0,5.0,5.0,4.0,1.0,4.0,3.729206138962947
4.0,5.0,5.0,4.0,2.0,3.0,3.766013827973164
4.0,5.0,5.0,4.0,2.0,4.0,3.9132361817526307
4.0,5.0,5.0,4.0,2.0,5.0,3.997397247692327
4.0,5.0,5.0,4.0,3.0,2.0,3.315272073704545
4.0,5.0,5.0,4.0,3.0,3.0,3.879400906179303
4.0,5.0,5.0,4.0,3.0,4.0,4.042023576540614
4.0,5.0,5.0,4.0,3.0,5.0,4.26980696924504
4.0,5.0,5.0,4.0,4.0,2.0,3.3152721718815004
4.0,5.0,5.0,4.0,4.0,3.0,3.879400772814639
4.0,5.0,5.0,4.0,4.0,4.0,4.128215877152436
4.0,5.0,5.0,4.0,4.0,5.0,4.374499210050131
4.0,5.0,5.0,4.0,5.0,2.0,3.3152716840645864
4.0,5.0,5.0,4.0,5.0,3.0,3.8794006785485107
4.0,5.0,5.0,4.0,5.0,4.0,4.222156138804242
4.0,5.0,5.0,4.0,5.0,5.0,4.449867571889985
4.0,5.0,5.0,5.0,1.0,2.0,3.053855352989507
4.0,5.0,5.0,5.0,1.0,4.0,3.8382029958504806
4.0,5.0,5.0,5.0,1.0,5.0,3.838204263602419
4.0,5.0,5.0,5.0,2.0,3.0,3.7660139660595346
4.0,5.0,5.0,5.0,2.0,4.0,3.913236151501232
4.0,5.0,5.0,5.0,2.0,5.0,4.196619434466695
4.0,5.0,5.0,5.0,3.0,3.0,3.995106872858383
4.0,5.0,5.0,5.0,3.0,4.0,4.041996202757096
4.0,5.0,5.0,5.0,3.0,5.0,4.442999519616141
4.0,5.0,5.0,5.0,4.0,1.0,3.267007611238317
4.0,5.0,5.0,5.0,4.0,3.0,3.9993554182939284
4.0,5.0,5.0,5.0,4.0,4.0,4.232595549036034
4.0,5.0,5.0,5.0,4.0,5.0,4.5154268206775665
4.0,5.0,5.0,5.0,5.0,3.0,4.348964903884472
4.0,5.0,5.0,5.0,5.0,4.0,4.361381245123777
4.0,5.0,5.0,5.0,5.0,5.0,4.592051639345256
5.0,1.0,1.0,1.0,1.0,1.0,1.2819162356114366
5.0,1.0,1.0,1.0,1.0,3.0,1.5667598362349597
5.0,1.0,1.0,1.0,2.0,1.0,1.2819442115071213
5.0,1.0,1.0,1.0,3.0,1.0,1.281969523110428
5.0,1.0,1.0,3.0,1.0,1.0,1.2818913063826867
5.0,1.0,1.0,4.0,1.0,4.0,1.9940020009118133
5.0,1.0,1.0,4.0,4.0,4.0,2.592581451847207
5.0,1.0,1.0,5.0,1.0,1.0,1.957856794197118
5.0,1.0,1.0,5.0,1.0,2.0,1.9579125146379919
5.0,1.0,1.0,5.0,1.0,5.0,1.993942090885866
5.0,1.0,2.0,3.0,3.0,2.0,2.085152821278101
5.0,1.0,2.0,5.0,4.0,4.0,2.592532978199419
5.0,1.0,3.0,3.0,1.0,2.0,2.0846576909986405
5.0,1.0,3.0,3.0,3.0,3.0,2.7777364773551496
5.0,1.0,3.0,3.0,3.0,4.0,3.056088991549555
5.0,1.0,3.0,3.0,5.0,3.0,3.040690034958637
5.0,1.0,3.0,3.0,5.0,5.0,3.056089062629827
5.0,1.0,3.0,4.0,3.0,3.0,3.0121133759097365
5.0,1.0,3.0,4.0,4.0,4.0,3.409876198675635
5.0,1.0,3.0,4.0,4.0,5.0,3.935758261603712
5.0,1.0,3.0,5.0,2.0,3.0,2.5903406783961382
5.0,1.0,3.0,5.0,3.0,3.0,3.043550668468203
5.0,1.0,3.0,5.0,4.0,2.0,3.0303997142655144
5.0,1.0,3.0,5.0,5.0,2.0,3.0501862171372283
5.0,1.0,3.0,5.0,5.0,4.0,3.860663499435645
5.0,1.0,3.0,5.0,5.0,5.0,3.9357595631139635
5.0,1.0,4.0,1.0,5.0,5.0,3.9472301795404654
5.0,1.0,4.0,3.0,2.0,2.0,2.4334117647730964
5.0,1.0,4.0,3.0,3.0,3.0,2.7777310502578696
5.0,1.0,4.0,4.0,4.0,3.0,3.409873515968744
5.0,1.0,4.0,4.0,4.0,4.0,3.409874965658692
5.0,1.0,4.0,5.0,4.0,4.0,3.782379416106064
5.0,1.0,5.0,2.0,1.0,2.0,1.83201894136736
5.0,1.0,5.0,5.0,1.0,5.0,3.147977712889301
5.0,1.0,5.0,5.0,3.0,5.0,4.031523511458737
5.0,1.0,5.0,5.0,5.0,3.0,4.005226596335426
5.0,1.0,5.0,5.0,5.0,4.0,4.37389718176723
5.0,1.0,5.0,5.0,5.0,5.0,4.373899277143373
5.0,2.0,1.0,1.0,1.0,2.0,1.821974647199367
5.0,2.0,1.0,2.0,1.0,1.0,1.4570087097469648
5.0,2.0,1.0,3.0,3.0,1.0,1.570245566869235
5.0,2.0,1.0,5.0,5.0,4.0,2.5926216894549676
5.0,2.0,2.0,1.0,3.0,2.0,2.0069251179780445
5.0,2.0,2.0,2.0,1.0,2.0,2.0370441585277463
5.0,2.0,2.0,2.0,2.0,1.0,1.6330849735297903
5.0,2.0,2.0,2.0,2.0,2.0,2.143634419111374
5.0,2.0,2.0,3.0,1.0,1.0,1.6331136503150125
5.0,2.0,2.0,3.0,2.0,2.0,2.1931082028576143
5.0,2.0,2.0,3.0,3.0,2.0,2.5107365188877915
5.0,2.0,2.0,3.0,3.0,3.0,2.8612218936357565
5.0,2.0,2.0,3.0,3.0,4.0,2.861225227000474
5.0,2.0,2.0,4.0,1.0,2.0,2.1931704744135487
5.0,2.0,2.0,4.0,1.0,4.0,2.8240665334505017
5.0,2.0,2.0,4.0,4.0,3.0,3.1748292696990217
5.0,2.0,2.0,4.0,5.0,3.0,3.174828653235737
5.0,2.0,2.0,5.0,3.0,4.0,3.448329061732413
5.0,2.0,2.0,5.0,4.0,4.0,3.448333270828048
5.0,2.0,2.0,5.0,5.0,2.0,3.315285868112226
5.0,2.0,2.0,5.0,5.0,4.0,3.448334621401558
5.0,2.0,2.0,5.0,5.0,5.0,3.4483347516967346
5.0,2.0,3.0,1.0,5.0,2.0,2.134034270717085
5.0,2.0,3.0,2.0,2.0,1.0,2.268885107019515
5.0,2.0,3.0,2.0,3.0,2.0,2.4649959187817125
5.0,2.0,3.0,3.0,1.0,2.0,2.5162739093018116
5.0,2.0,3.0,3.0,1.0,3.0,2.7221323248942704
5.0,2.0,3.0,3.0,2.0,3.0,2.722128825769394
5.0,2.0,3.0,3.0,3.0,3.0,3.0605382937278716
5.0,2.0,3.0,3.0,4.0,3.0,3.0605378622969868
5.0,2.0,3.0,3.0,4.0,4.0,3.5364370480518206
5.0,2.0,3.0,3.0,5.0,3.0,3.1096007685595337
5.0,2.0,3.0,4.0,1.0,4.0,2.8240704100094747
5.0,2.0,3.0,4.0,2.0,3.0,3.0605367280485773
5.0,2.0,3.0,4.0,3.0,2.0,2.948932426730404
5.0,2.0,3.0,4.0,3.0,3.0,3.060538457049007
5.0,2.0,3.0,4.0,3.0,4.0,3.339256189209907
5.0,2.0,3.0,4.0,4.0,3.0,3.174826780380876
5.0,2.0,3.0,4.0,4.0,4.0,3.5567014573207234
5.0,2.0,3.0,4.0,5.0,4.0,3.860665841483389
5.0,2.0,3.0,5.0,1.0,5.0,2.910181981312076
5.0,2.0,3.0,5.0,2.0,3.0,3.060536074036668
5.0,2.0,3.0,5.0,2.0,4.0,3.06052962011237
5.0,2.0,3.0,5.0,2.0,5.0,3.513165319928853
5.0,2.0,3.0,5.0,3.0,3.0,3.169353281304771
5.0,2.0,3.0,5.0,3.0,4.0,3.7071493148844414
5.0,2.0,3.0,5.0,3.0,5.0,3.707147695423376
5.0,2.0,3.0,5.0,4.0,3.0,3.174826323815997
5.0,2.0,3.0,5.0,4.0,4.0,3.860664796734509
5.0,2.0,3.0,5.0,4.0,5.0,3.935755501211801
5.0,2.0,3.0,5.0,5.0,1.0,2.2688936325671167
5.0,2.0,3.0,5.0,5.0,3.0,3.58320718421874
5.0,2.0,3.0,5.0,5.0,4.0,3.8606650370760005
5.0,2.0,3.0,5.0,5.0,5.0,3.9357551511452757
5.0,2.0,4.0,2.0,2.0,2.0,2.3489913785899748
5.0,2.0,4.0,2.0,5.0,2.0,3.0382717399331747
5.0,2.0,4.0,3.0,1.0,2.0,2.535418498352679
5.0,2.0,4.0,3.0,1.0,3.0,3.0132933883333175
5.0,2.0,4.0,3.0,4.0,3.0,3.109598287855737
5.0,2.0,4.0,3.0,4.0,4.0,3.537442978149596
5.0,2.0,4.0,3.0,5.0,4.0,3.5374426285508975
5.0,2.0,4.0,4.0,3.0,3.0,3.2392284001024767
5.0,2.0,4.0,4.0,3.0,4.0,3.7471623705775956
5.0,2.0,4.0,4.0,3.0,5.0,4.104642542975563
5.0,2.0,4.0,4.0,4.0,3.0,3.520495481520208
5.0,2.0,4.0,4.0,4.0,4.0,3.7718315577350388
5.0,2.0,4.0,4.0,4.0,5.0,4.104642097111771
5.0,2.0,4.0,4.0,5.0,3.0,3.520494403966894
5.0,2.0,4.0,4.0,5.0,4.0,3.9994563941297727
5.0,2.0,4.0,4.0,5.0,5.0,4.104641270639855
5.0,2.0,4.0,5.0,1.0,4.0,3.0550626219277954
5.0,2.0,4.0,5.0,2.0,5.0,3.9853335073363443
5.0,2.0,4.0,5.0,3.0,3.0,3.239227884451552
5.0,2.0,4.0,5.0,3.0,4.0,3.9721838246318426
5.0,2.0,4.0,5.0,3.0,5.0,4.104642634495301
5.0,2.0,4.0,5.0,4.0,3.0,3.923927120545126
5.0,2.0,4.0,5.0,4.0,4.0,3.9994565495944108
5.0,2.0,4.0,5.0,4.0,5.0,4.143286925577832
5.0,2.0,4.0,5.0,5.0,3.0,3.9885097869763597
5.0,2.0,4.0,5.0,5.0,4.0,3.9994565005558687
5.0,2.0,4.0,5.0,5.0,5.0,4.383921571906671
5.0,2.0,5.0,2.0,5.0,3.0,3.1102695989149773
5.0,2.0,5.0,3.0,4.0,3.0,3.759974929731611
5.0,2.0,5.0,4.0,1.0,4.0,3.526457297061738
5.0,2.0,5.0,4.0,3.0,4.0,3.9900393147423325
5.0,2.0,5.0,4.0,5.0,4.0,4.152488171664033
5.0,2.0,5.0,4.0,5.0,5.0,4.436123793418028
5.0,2.0,5.0,5.0,2.0,4.0,3.5264608195031037
5.0,2.0,5.0,5.0,2.0,5.0,4.024398888473311
5.0,2.0,5.0,5.0,3.0,3.0,3.9104535509437635
5.0,2.0,5.0,5.0,3.0,4.0,4.209363419726446
5.0,2.0,5.0,5.0,3.0,5.0,4.209362641622885
5.0,2.0,5.0,5.0,4.0,4.0,4.387590711385923
5.0,2.0,5.0,5.0,4.0,5.0,4.436123841138941
5.0,2.0,5.0,5.0,5.0,3.0,4.217175529167223
5.0,2.0,5.0,5.0,5.0,4.0,4.4361237390799895
5.0,2.0,5.0,5.0,5.0,5.0,4.436123819077572
5.0,3.0,1.0,1.0,1.0,1.0,1.2819408846086302
5.0,3.0,1.0,1.0,2.0,1.0,1.2819509587387752
5.0,3.0,1.0,1.0,3.0,1.0,1.330595779295177
5.0,3.0,1.0,1.0,3.0,2.0,1.868301751687842
5.0,3.0,1.0,2.0,1.0,1.0,1.517454149852977
5.0,3.0,1.0,2.0,2.0,1.0,1.624407123249008
5.0,3.0,1.0,2.0,3.0,3.0,2.0601402953908914
5.0,3.0,1.0,3.0,1.0,1.0,1.5417147015542727
5.0,3.0,1.0,3.0,2.0,1.0,1.6244077093959022
5.0,3.0,1.0,3.0,3.0,1.0,1.7779340349343333
5.0,3.0,1.0,3.0,3.0,3.0,2.543245478482343
5.0,3.0,1.0,4.0,1.0,1.0,1.777903133757798
5.0,3.0,1.0,4.0,3.0,1.0,1.9578007445470966
5.0,3.0,1.0,4.0,3.0,4.0,2.569711765234212
5.0,3.0,1.0,4.0,4.0,2.0,2.5450196409006094
5.0,3.0,1.0,5.0,1.0,4.0,1.9940225068117363
5.0,3.0,1.0,5.0,3.0,1.0,1.9577980174649916
5.0,3.0,1.0,5.0,4.0,1.0,2.1006670766854536
5.0,3.0,1.0,5.0,4.0,2.0,2.544959342279404
5.0,3.0,1.0,5.0,4.0,4.0,2.592598232729045
5.0,3.0,1.0,5.0,5.0,5.0,2.9568911113016005
5.0,3.0,2.0,1.0,2.0,1.0,1.5474230665305058
5.0,3.0,2.0,1.0,2.0,2.0,2.006932276911525
5.0,3.0,2.0,1.0,3.0,1.0,1.6604423108637305
5.0,3.0,2.0,1.0,3.0,2.0,2.0069288905391867
5.0,3.0,2.0,1.0,4.0,2.0,2.0878276371504016
5.0,3.0,2.0,2.0,2.0,1.0,2.0365386992132124
5.0,3.0,2.0,2.0,2.0,2.0,2.1436299203928537
5.0,3.0,2.0,2.0,3.0,1.0,2.268884138342427
5.0,3.0,2.0,2.0,3.0,2.0,2.4335804339046767
5.0,3.0,2.0,2.0,3.0,4.0,2.433578551911736
5.0,3.0,2.0,2.0,4.0,3.0,2.615806560368232
5.0,3.0,2.0,3.0,1.0,1.0,1.9548406684325859
5.0,3.0,2.0,3.0,1.0,2.0,2.2520266026942317
5.0,3.0,2.0,3.0,1.0,3.0,2.5897368958931763
5.0,3.0,2.0,3.0,2.0,1.0,2.3016977465933235
5.0,3.0,2.0,3.0,2.0,2.0,2.4264061976270375
5.0,3.0,2.0,3.0,2.0,3.0,2.720235932615771
5.0,3.0,2.0,3.0,2.0,4.0,2.952210313248922
5.0,3.0,2.0,3.0,3.0,2.0,2.5912377905984023
5.0,3.0,2.0,3.0,3.0,3.0,2.8892234788932876
5.0,3.0,2.0,3.0,3.0,4.0,2.9522089621329997
5.0,3.0,2.0,3.0,4.0,2.0,2.5912364821385725
5.0,3.0,2.0,3.0,4.0,3.0,2.9522112135301546
5.0,3.0,2.0,3.0,5.0,5.0,2.9522106048779713
5.0,3.0,2.0,4.0,1.0,1.0,1.9548444266779783
5.0,3.0,2.0,4.0,2.0,3.0,2.9939438602610107
5.0,3.0,2.0,4.0,3.0,2.0,2.5912447360842927
5.0,3.0,2.0,4.0,3.0,3.0,3.0019623097072903
5.0,3.0,2.0,4.0,3.0,4.0,3.38248566728309
5.0,3.0,2.0,4.0,4.0,1.0,2.7789162753751633
5.0,3.0,2.0,4.0,4.0,4.0,3.3824853636653422
5.0,3.0,2.0,4.0,4.0,5.0,3.382485788098593
5.0,3.0,2.0,4.0,5.0,3.0,3.174829536171017
5.0,3.0,2.0,5.0,1.0,3.0,2.589741783937223
5.0,3.0,2.0,5.0,2.0,2.0,2.4264047792866505
5.0,3.0,2.0,5.0,2.0,3.0,3.010019503932524
5.0,3.0,2.0,5.0,3.0,1.0,2.411411950759528
5.0,3.0,2.0,5.0,3.0,3.0,3.016159603956857
5.0,3.0,2.0,5.0,3.0,5.0,3.7475912972626184
5.0,3.0,2.0,5.0,4.0,3.0,3.1748342795017512
5.0,3.0,2.0,5.0,4.0,4.0,3.4483323494695473
5.0,3.0,2.0,5.0,4.0,5.0,3.7475880776839836
5.0,3.0,2.0,5.0,5.0,3.0,3.3152879511729436
5.0,3.0,2.0,5.0,5.0,4.0,3.5131667234473505
5.0,3.0,2.0,5.0,5.0,5.0,3.7475852584634777
5.0,3.0,3.0,1.0,1.0,1.0,1.7345388645671838
5.0,3.0,3.0,1.0,1.0,2.0,2.0647376277483445
5.0,3.0,3.0,1.0,2.0,1.0,1.7345421234961536
5.0,3.0,3.0,1.0,3.0,1.0,2.0647310059095836
5.0,3.0,3.0,1.0,3.0,2.0,2.064734487650385
5.0,3.0,3.0,1.0,4.0,5.0,3.069663749228588
5.0,3.0,3.0,2.0,1.0,2.0,2.386684985480767
5.0,3.0,3.0,2.0,1.0,3.0,2.7400538008486865
5.0,3.0,3.0,2.0,2.0,1.0,2.2688781608375073
5.0,3.0,3.0,2.0,2.0,2.0,2.3866860414044377
5.0,3.0,3.0,2.0,2.0,3.0,2.850272157268042
5.0,3.0,3.0,2.0,3.0,2.0,2.5052360897477146
5.0,3.0,3.0,2.0,3.0,3.0,2.850272117685216
5.0,3.0,3.0,2.0,3.0,4.0,3.038164000560668
5.0,3.0,3.0,2.0,4.0,2.0,2.591232771491425
5.0,3.0,3.0,2.0,4.0,3.0,2.850272744808757
5.0,3.0,3.0,2.0,5.0,4.0,3.077723998249337
5.0,3.0,3.0,3.0,1.0,1.0,2.0770351206430426
5.0,3.0,3.0,3.0,1.0,3.0,2.7400545705621457
5.0,3.0,3.0,3.0,2.0,2.0,2.8678879059547207
5.0,3.0,3.0,3.0,2.0,3.0,3.0018861539434916
5.0,3.0,3.0,3.0,3.0,1.0,2.3016967169381943
5.0,3.0,3.0,3.0,3.0,2.0,2.8678862725886667
5.0,3.0,3.0,3.0,3.0,3.0,3.150886183287316
5.0,3.0,3.0,3.0,3.0,4.0,3.536437015598655
5.0,3.0,3.0,3.0,3.0,5.0,3.53643680808584
5.0,3.0,3.0,3.0,4.0,2.0,2.947297925340435
5.0,3.0,3.0,3.0,4.0,3.0,3.30753203453
5.0,3.0,3.0,3.0,4.0,4.0,3.5364368871041942
5.0,3.0,3.0,3.0,5.0,3.0,3.4008214513735817
5.0,3.0,3.0,3.0,5.0,4.0,3.5364369475678603
5.0,3.0,3.0,4.0,1.0,3.0,2.7400529779844867
5.0,3.0,3.0,4.0,2.0,1.0,2.3016828870916277
5.0,3.0,3.0,4.0,2.0,2.0,2.8678885539931835
5.0,3.0,3.0,4.0,2.0,3.0,3.1519198860932733
5.0,3.0,3.0,4.0,2.0,4.0,3.1519195933649593
5.0,3.0,3.0,4.0,3.0,2.0,2.9489316422235716
5.0,3.0,3.0,4.0,3.0,3.0,3.466873364565962
5.0,3.0,3.0,4.0,3.0,4.0,3.582319288765705
5.0,3.0,3.0,4.0,3.0,5.0,4.123540259307863
5.0,3.0,3.0,4.0,4.0,2.0,3.0187136828864087
5.0,3.0,3.0,4.0,4.0,3.0,3.5832102600327795
5.0,3.0,3.0,4.0,4.0,4.0,3.9172026311052575
5.0,3.0,3.0,4.0,4.0,5.0,4.174526216319827
5.0,3.0,3.0,4.0,5.0,1.0,2.8574609728860882
5.0,3.0,3.0,4.0,5.0,3.0,3.5832099366514405
5.0,3.0,3.0,4.0,5.0,4.0,4.029730264024222
5.0,3.0,3.0,4.0,5.0,5.0,4.3228058529055495
5.0,3.0,3.0,5.0,1.0,1.0,2.1194642257571212
5.0,3.0,3.0,5.0,1.0,5.0,2.9101768530401553
5.0,3.0,3.0,5.0,2.0,2.0,3.006009146450989
5.0,3.0,3.0,5.0,2.0,3.0,3.2200547562513897
5.0,3.0,3.0,5.0,2.0,4.0,3.5929299382857782
5.0,3.0,3.0,5.0,3.0,1.0,2.857466098973272
5.0,3.0,3.0,5.0,3.0,2.0,3.019487173241477
5.0,3.0,3.0,5.0,3.0,3.0,3.498935793203952
5.0,3.0,3.0,5.0,3.0,4.0,3.8955066855623066
5.0,3.0,3.0,5.0,3.0,5.0,4.174529022833669
5.0,3.0,3.0,5.0,4.0,3.0,3.583210281959754
5.0,3.0,3.0,5.0,4.0,4.0,4.029730327404105
5.0,3.0,3.0,5.0,4.0,5.0,4.174526737908669
5.0,3.0,3.0,5.0,5.0,3.0,3.5832096310304458
5.0,3.0,3.0,5.0,5.0,4.0,4.029730272280945
5.0,3.0,3.0,5.0,5.0,5.0,4.438300207754013
5.0,3.0,4.0,1.0,3.0,5.0,2.433568075392131
5.0,3.0,4.0,1.0,4.0,2.0,2.7210925134655315
5.0,3.0,4.0,1.0,4.0,4.0,2.721097035035437
5.0,3.0,4.0,2.0,2.0,4.0,3.4779965780228643
5.0,3.0,4.0,2.0,3.0,3.0,3.044299323676063
5.0,3.0,4.0,2.0,4.0,3.0,3.346273577421596
5.0,3.0,4.0,3.0,1.0,3.0,3.1183107699888293
5.0,3.0,4.0,3.0,1.0,4.0,3.1183112331082703
5.0,3.0,4.0,3.0,2.0,3.0,3.118308721400489
5.0,3.0,4.0,3.0,3.0,3.0,3.6530893727152103
5.0,3.0,4.0,3.0,3.0,4.0,3.7690442273448146
5.0,3.0,4.0,3.0,3.0,5.0,3.9753487301718433
5.0,3.0,4.0,3.0,4.0,2.0,3.052359380434685
5.0,3.0,4.0,3.0,4.0,3.0,3.653089239591052
5.0,3.0,4.0,3.0,4.0,4.0,3.996192320841029
5.0,3.0,4.0,3.0,4.0,5.0,3.9973594610281777
5.0,3.0,4.0,3.0,5.0,3.0,3.759973965931466
5.0,3.0,4.0,3.0,5.0,4.0,3.9961924494225025
5.0,3.0,4.0,3.0,5.0,5.0,4.11719220932713
5.0,3.0,4.0,4.0,1.0,4.0,3.54814918354397
5.0,3.0,4.0,4.0,2.0,2.0,3.186400816134815
5.0,3.0,4.0,4.0,2.0,3.0,3.37628607750978
5.0,3.0,4.0,4.0,2.0,4.0,3.570356607907458
5.0,3.0,4.0,4.0,3.0,3.0,3.7322461964626226
5.0,3.0,4.0,4.0,3.0,4.0,4.0648307449519745
5.0,3.0,4.0,4.0,3.0,5.0,4.1235402694490375
5.0,3.0,4.0,4.0,4.0,3.0,3.881427815158783
5.0,3.0,4.0,4.0,4.0,4.0,4.098047505196817
5.0,3.0,4.0,4.0,4.0,5.0,4.425745612403456
5.0,3.0,4.0,4.0,5.0,3.0,3.881427786811498
5.0,3.0,4.0,4.0,5.0,4.0,4.240677389344493
5.0,3.0,4.0,4.0,5.0,5.0,4.516566867987452
5.0,3.0,4.0,5.0,2.0,3.0,3.632026739566126
5.0,3.0,4.0,5.0,2.0,4.0,3.993306648201413
5.0,3.0,4.0,5.0,3.0,3.0,3.884921313501167
5.0,3.0,4.0,5.0,3.0,4.0,4.174533248020259
5.0,3.0,4.0,5.0,3.0,5.0,4.1745313376348125
5.0,3.0,4.0,5.0,4.0,3.0,3.9239274081015694
5.0,3.0,4.0,5.0,4.0,4.0,4.212837123350515
5.0,3.0,4.0,5.0,4.0,5.0,4.562399872837321
5.0,3.0,4.0,5.0,5.0,3.0,4.0991623557055945
5.0,3.0,4.0,5.0,5.0,4.0,4.35263632378045
5.0,3.0,4.0,5.0,5.0,5.0,4.562398768666927
5.0,3.0,5.0,1.0,3.0,2.0,3.032149222838112
5.0,3.0,5.0,1.0,3.0,3.0,3.03215371120931
5.0,3.0,5.0,1.0,4.0,3.0,3.520859271415445
5.0,3.0,5.0,2.0,4.0,4.0,3.8486377221743613
5.0,3.0,5.0,3.0,1.0,2.0,3.0320831051355333
5.0,3.0,5.0,3.0,1.0,3.0,3.1183125053086225
5.0,3.0,5.0,3.0,2.0,4.0,3.80123643696859
5.0,3.0,5.0,3.0,3.0,3.0,3.7046632799582535
5.0,3.0,5.0,3.0,3.0,4.0,3.801235705811185
5.0,3.0,5.0,3.0,4.0,2.0,3.4402606907441102
5.0,3.0,5.0,3.0,4.0,3.0,3.759976656133365
5.0,3.0,5.0,3.0,4.0,4.0,4.00047180956465
5.0,3.0,5.0,3.0,4.0,5.0,4.239646411469862
5.0,3.0,5.0,3.0,5.0,3.0,3.7599753504478977
5.0,3.0,5.0,3.0,5.0,4.0,4.125223738984466
5.0,3.0,5.0,3.0,5.0,5.0,4.239646254054079
5.0,3.0,5.0,4.0,1.0,3.0,3.3762870787116688
5.0,3.0,5.0,4.0,1.0,4.0,3.838197080985327
5.0,3.0,5.0,4.0,2.0,3.0,3.376286246936777
5.0,3.0,5.0,4.0,3.0,3.0,3.851783555691997
5.0,3.0,5.0,4.0,3.0,4.0,4.123540171228182
5.0,3.0,5.0,4.0,3.0,5.0,4.123540127992079
5.0,3.0,5.0,4.0,4.0,2.0,3.440262116164024
5.0,3.0,5.0,4.0,4.0,3.0,3.895105527837327
5.0,3.0,5.0,4.0,4.0,4.0,4.3556919001187655
5.0,3.0,5.0,4.0,4.0,5.0,4.497370662338654
5.0,3.0,5.0,4.0,5.0,3.0,4.106294878719513
5.0,3.0,5.0,4.0,5.0,4.0,4.355691857210315
5.0,3.0,5.0,4.0,5.0,5.0,4.725836908038131
5.0,3.0,5.0,5.0,1.0,4.0,3.8382027311660414
5.0,3.0,5.0,5.0,1.0,5.0,3.8382012505789707
5.0,3.0,5.0,5.0,2.0,2.0,3.6320250855485137
5.0,3.0,5.0,5.0,2.0,3.0,3.6320259409318747
5.0,3.0,5.0,5.0,2.0,4.0,4.0015356033600815
5.0,3.0,5.0,5.0,2.0,5.0,4.037058086365291
5.0,3.0,5.0,5.0,3.0,3.0,3.910456653305677
5.0,3.0,5.0,5.0,3.0,4.0,4.209362949081083
5.0,3.0,5.0,5.0,3.0,5.0,4.524754662948072
5.0,3.0,5.0,5.0,4.0,3.0,4.179482568336139
5.0,3.0,5.0,5.0,4.0,4.0,4.387590927510045
5.0,3.0,5.0,5.0,4.0,5.0,4.6534613103264695
5.0,3.0,5.0,5.0,5.0,3.0,4.217175899306108
5.0,3.0,5.0,5.0,5.0,4.0,4.552999800445703
5.0,3.0,5.0,5.0,5.0,5.0,4.809458939513559
5.0,4.0,1.0,1.0,1.0,1.0,1.3037291077977877
5.0,4.0,1.0,1.0,3.0,2.0,1.868304436046257
5.0,4.0,1.0,1.0,3.0,3.0,1.8683062230898084
5.0,4.0,1.0,2.0,1.0,3.0,1.9939585546539822
5.0,4.0,1.0,2.0,2.0,1.0,1.7778933245470925
5.0,4.0,1.0,2.0,2.0,3.0,2.104585946622929
5.0,4.0,1.0,2.0,3.0,1.0,2.0299090873902266
5.0,4.0,1.0,3.0,1.0,3.0,1.993962555347318
5.0,4.0,1.0,3.0,2.0,2.0,2.312210858263317
5.0,4.0,1.0,3.0,2.0,3.0,2.3122084821073483
5.0,4.0,1.0,3.0,3.0,1.0,2.3122039516683977
5.0,4.0,1.0,3.0,4.0,2.0,2.312207622646453
5.0,4.0,1.0,3.0,5.0,2.0,2.3122063935732293
5.0,4.0,1.0,3.0,5.0,4.0,2.956885790861562
5.0,4.0,1.0,4.0,3.0,3.0,2.5432554869250747
5.0,4.0,1.0,4.0,4.0,3.0,2.763582083604008
5.0,4.0,1.0,5.0,1.0,1.0,1.9578429092679543
5.0,4.0,1.0,5.0,1.0,4.0,2.131073394627903
5.0,4.0,1.0,5.0,3.0,4.0,2.5696993465572247
5.0,4.0,1.0,5.0,4.0,1.0,2.337760817065217
5.0,4.0,1.0,5.0,5.0,5.0,2.956887943146447
5.0,4.0,2.0,1.0,1.0,3.0,1.8219723998448896
5.0,4.0,2.0,1.0,2.0,2.0,2.006929592204142
5.0,4.0,2.0,1.0,3.0,1.0,1.7719720704179756
5.0,4.0,2.0,1.0,3.0,2.0,2.006928733730981
5.0,4.0,2.0,1.0,4.0,1.0,2.0675521948666145
5.0,4.0,2.0,2.0,1.0,1.0,2.029421355075937
5.0,4.0,2.0,2.0,1.0,2.0,2.0623542849934307
5.0,4.0,2.0,2.0,1.0,4.0,2.5082797857922
5.0,4.0,2.0,2.0,2.0,2.0,2.1931439474888186
5.0,4.0,2.0,2.0,2.0,3.0,2.508298518256696
5.0,4.0,2.0,2.0,3.0,1.0,2.2688817199998494
5.0,4.0,2.0,2.0,3.0,2.0,2.512963413295985
5.0,4.0,2.0,2.0,4.0,3.0,2.6158073147093495
5.0,4.0,2.0,2.0,5.0,3.0,3.0106412409310903
5.0,4.0,2.0,3.0,1.0,1.0,2.050630035101647
5.0,4.0,2.0,3.0,1.0,3.0,2.589725707459001
5.0,4.0,2.0,3.0,2.0,1.0,2.3017005150128376
5.0,4.0,2.0,3.0,2.0,2.0,2.6418044460216143
5.0,4.0,2.0,3.0,2.0,3.0,2.720233778047867
5.0,4.0,2.0,3.0,3.0,1.0,2.6418025992337357
5.0,4.0,2.0,3.0,3.0,2.0,2.6418050185485273
5.0,4.0,2.0,3.0,3.0,3.0,2.8892232009904983
5.0,4.0,2.0,3.0,4.0,1.0,2.6418036794553226
5.0,4.0,2.0,3.0,4.0,2.0,2.77890923284177
5.0,4.0,2.0,3.0,4.0,3.0,3.2786561152461053
5.0,4.0,2.0,3.0,5.0,4.0,3.688580602351025
5.0,4.0,2.0,4.0,1.0,1.0,2.0718424368958925
5.0,4.0,2.0,4.0,1.0,2.0,2.252017435840702
5.0,4.0,2.0,4.0,1.0,3.0,2.589719898832185
5.0,4.0,2.0,4.0,1.0,4.0,3.0146177627092103
5.0,4.0,2.0,4.0,2.0,2.0,2.641806467911986
5.0,4.0,2.0,4.0,2.0,3.0,3.000794975451202
5.0,4.0,2.0,4.0,2.0,4.0,3.0343947991724782
5.0,4.0,2.0,4.0,3.0,1.0,2.7789200692745992
5.0,4.0,2.0,4.0,3.0,3.0,3.156082940084682
5.0,4.0,2.0,4.0,3.0,4.0,3.3824874335012094
5.0,4.0,2.0,4.0,4.0,2.0,2.7789120932056095
5.0,4.0,2.0,4.0,4.0,3.0,3.278655531745234
5.0,4.0,2.0,4.0,4.0,4.0,3.6606649089086747
5.0,4.0,2.0,4.0,5.0,2.0,2.9473000647635446
5.0,4.0,2.0,4.0,5.0,3.0,3.2786545541693877
5.0,4.0,2.0,4.0,5.0,4.0,3.688580541955084
5.0,4.0,2.0,5.0,1.0,3.0,3.0029004074616443
5.0,4.0,2.0,5.0,2.0,1.0,2.761697588368549
5.0,4.0,2.0,5.0,2.0,2.0,2.7616812248083997
5.0,4.0,2.0,5.0,2.0,4.0,3.2429742094807597
5.0,4.0,2.0,5.0,3.0,3.0,3.156085083919009
5.0,4.0,2.0,5.0,3.0,5.0,3.747588111903805
5.0,4.0,2.0,5.0,4.0,2.0,2.778911501686608
5.0,4.0,2.0,5.0,4.0,3.0,3.278655813353301
5.0,4.0,2.0,5.0,4.0,4.0,3.7456049342708413
5.0,4.0,2.0,5.0,4.0,5.0,4.2532482910647
5.0,4.0,2.0,5.0,5.0,3.0,3.31528458815223
5.0,4.0,2.0,5.0,5.0,4.0,3.749414150427232
5.0,4.0,2.0,5.0,5.0,5.0,4.253248239157231
5.0,4.0,3.0,1.0,2.0,1.0,2.0160005693843406
5.0,4.0,3.0,1.0,2.0,2.0,2.4335576993372148
5.0,4.0,3.0,1.0,3.0,2.0,2.4335638129737487
5.0,4.0,3.0,1.0,4.0,2.0,2.4335660025104886
5.0,4.0,3.0,1.0,4.0,3.0,3.0164591583040115
5.0,4.0,3.0,1.0,4.0,4.0,3.0493897887509767
5.0,4.0,3.0,1.0,5.0,3.0,3.5347698401213794
5.0,4.0,3.0,2.0,2.0,2.0,2.638085841907604
5.0,4.0,3.0,2.0,2.0,4.0,3.016834505593035
5.0,4.0,3.0,2.0,3.0,2.0,2.910567281524965
5.0,4.0,3.0,2.0,3.0,3.0,3.0025896026119514
5.0,4.0,3.0,2.0,3.0,4.0,3.332892052967895
5.0,4.0,3.0,2.0,4.0,2.0,2.947298921470241
5.0,4.0,3.0,2.0,4.0,3.0,3.0525081804884917
5.0,4.0,3.0,2.0,4.0,4.0,3.4779981873258365
5.0,4.0,3.0,2.0,5.0,3.0,3.534770102502924
5.0,4.0,3.0,2.0,5.0,4.0,3.700925967953117
5.0,4.0,3.0,3.0,1.0,1.0,2.3725413181421255
5.0,4.0,3.0,3.0,1.0,2.0,2.5162819884786174
5.0,4.0,3.0,3.0,1.0,3.0,3.0161972901353593
5.0,4.0,3.0,3.0,2.0,2.0,2.867888232106874
5.0,4.0,3.0,3.0,2.0,3.0,3.102017646379333
5.0,4.0,3.0,3.0,2.0,4.0,3.3210214138988254
5.0,4.0,3.0,3.0,3.0,1.0,2.8574612495083254
5.0,4.0,3.0,3.0,3.0,2.0,2.910567569099279
5.0,4.0,3.0,3.0,3.0,3.0,3.2818118770287126
5.0,4.0,3.0,3.0,3.0,4.0,3.660539626424621
5.0,4.0,3.0,3.0,4.0,2.0,2.947298553584896
5.0,4.0,3.0,3.0,4.0,3.0,3.451172892028194
5.0,4.0,3.0,3.0,4.0,4.0,3.721654019963311
5.0,4.0,3.0,3.0,4.0,5.0,3.721654117892183
5.0,4.0,3.0,3.0,5.0,2.0,3.0525063701335555
5.0,4.0,3.0,3.0,5.0,3.0,3.5347705779314893
5.0,4.0,3.0,3.0,5.0,4.0,3.99448457892024
5.0,4.0,3.0,3.0,5.0,5.0,4.229781341473358
5.0,4.0,3.0,4.0,1.0,2.0,2.6380886927027154
5.0,4.0,3.0,4.0,1.0,3.0,3.0161990295117986
5.0,4.0,3.0,4.0,2.0,2.0,2.867889291472902
5.0,4.0,3.0,4.0,2.0,3.0,3.1994154107785335
5.0,4.0,3.0,4.0,2.0,4.0,3.321020824236061
5.0,4.0,3.0,4.0,3.0,2.0,2.948925957300514
5.0,4.0,3.0,4.0,3.0,3.0,3.466873413486851
5.0,4.0,3.0,4.0,3.0,4.0,3.9981938805600654
5.0,4.0,3.0,4.0,3.0,5.0,4.123540118214664
5.0,4.0,3.0,4.0,4.0,2.0,3.302341119460036
5.0,4.0,3.0,4.0,4.0,3.0,3.592889951610861
5.0,4.0,3.0,4.0,4.0,4.0,4.086540705943527
5.0,4.0,3.0,4.0,4.0,5.0,4.345853686951715
5.0,4.0,3.0,4.0,5.0,2.0,3.3023405993973065
5.0,4.0,3.0,4.0,5.0,3.0,3.6737266300724594
5.0,4.0,3.0,4.0,5.0,4.0,4.152418268444621
5.0,4.0,3.0,4.0,5.0,5.0,4.3458536624786275
5.0,4.0,3.0,5.0,1.0,3.0,3.016198217242563
5.0,4.0,3.0,5.0,1.0,4.0,3.0161968554860197
5.0,4.0,3.0,5.0,2.0,2.0,3.0288096348409455
5.0,4.0,3.0,5.0,2.0,3.0,3.5929309256626816
5.0,4.0,3.0,5.0,2.0,4.0,3.5929306797523033
5.0,4.0,3.0,5.0,2.0,5.0,3.592931088652333
5.0,4.0,3.0,5.0,3.0,3.0,3.642160824793875
5.0,4.0,3.0,5.0,3.0,4.0,4.036309079539651
5.0,4.0,3.0,5.0,3.0,5.0,4.306666308755379
5.0,4.0,3.0,5.0,4.0,2.0,3.315280440464819
5.0,4.0,3.0,5.0,4.0,3.0,3.6737266847644316
5.0,4.0,3.0,5.0,4.0,4.0,4.269583231410486
5.0,4.0,3.0,5.0,4.0,5.0,4.525343208419006
5.0,4.0,3.0,5.0,5.0,1.0,2.8574596784113138
5.0,4.0,3.0,5.0,5.0,2.0,3.3152848800821517
5.0,4.0,3.0,5.0,5.0,3.0,3.6737264586815876
5.0,4.0,3.0,5.0,5.0,4.0,4.332544995896021
5.0,4.0,3.0,5.0,5.0,5.0,4.614989488087304
5.0,4.0,4.0,1.0,1.0,1.0,2.0863792720391925
5.0,4.0,4.0,1.0,3.0,2.0,2.7399567179050175
5.0,4.0,4.0,1.0,3.0,3.0,2.739956817994217
5.0,4.0,4.0,1.0,3.0,4.0,2.739956962389986
5.0,4.0,4.0,1.0,3.0,5.0,2.7399573498457817
5.0,4.0,4.0,1.0,4.0,3.0,3.055525994269135
5.0,4.0,4.0,1.0,5.0,5.0,4.233811119628559
5.0,4.0,4.0,2.0,3.0,1.0,2.7009652195784866
5.0,4.0,4.0,2.0,3.0,2.0,2.9105650372600818
5.0,4.0,4.0,2.0,3.0,4.0,3.4779993508538602
5.0,4.0,4.0,2.0,4.0,2.0,2.9472997811232187
5.0,4.0,4.0,2.0,4.0,3.0,3.3462742755125356
5.0,4.0,4.0,2.0,4.0,4.0,3.477998692650514
5.0,4.0,4.0,2.0,5.0,2.0,3.063585816331295
5.0,4.0,4.0,2.0,5.0,3.0,3.5380404890259247
5.0,4.0,4.0,2.0,5.0,4.0,3.8147217946941585
5.0,4.0,4.0,3.0,2.0,2.0,3.123125767115461
5.0,4.0,4.0,3.0,2.0,3.0,3.123130089050069
5.0,4.0,4.0,3.0,2.0,4.0,3.6363602850013406
5.0,4.0,4.0,3.0,3.0,2.0,3.309451093475984
5.0,4.0,4.0,3.0,3.0,3.0,3.653089387267703
5.0,4.0,4.0,3.0,3.0,4.0,3.906505026700394
5.0,4.0,4.0,3.0,3.0,5.0,4.215900719367325
5.0,4.0,4.0,3.0,4.0,2.0,3.309450752491363
5.0,4.0,4.0,3.0,4.0,3.0,3.653089381658445
5.0,4.0,4.0,3.0,4.0,4.0,4.020347540078717
5.0,4.0,4.0,3.0,4.0,5.0,4.215900749027887
5.0,4.0,4.0,3.0,5.0,2.0,3.309450937830526
5.0,4.0,4.0,3.0,5.0,3.0,3.759973949396384
5.0,4.0,4.0,3.0,5.0,4.0,4.020347516908716
5.0,4.0,4.0,3.0,5.0,5.0,4.3418373050520485
5.0,4.0,4.0,4.0,1.0,4.0,3.5481512909088884
5.0,4.0,4.0,4.0,2.0,2.0,3.2499674321008256
5.0,4.0,4.0,4.0,2.0,3.0,3.584264256946642
5.0,4.0,4.0,4.0,2.0,4.0,3.7687323158200114
5.0,4.0,4.0,4.0,2.0,5.0,4.009255774274939
5.0,4.0,4.0,4.0,3.0,1.0,2.8574597087280775
5.0,4.0,4.0,4.0,3.0,3.0,3.8392520237097276
5.0,4.0,4.0,4.0,3.0,4.0,4.139461278124375
5.0,4.0,4.0,4.0,3.0,5.0,4.215900635307433
5.0,4.0,4.0,4.0,4.0,2.0,3.6320204945700314
5.0,4.0,4.0,4.0,4.0,3.0,3.881427829254419
5.0,4.0,4.0,4.0,4.0,4.0,4.276691554495362
5.0,4.0,4.0,4.0,4.0,5.0,4.470647644640766
5.0,4.0,4.0,4.0,5.0,2.0,3.7804902310727395
5.0,4.0,4.0,4.0,5.0,3.0,3.881427756425498
5.0,4.0,4.0,4.0,5.0,4.0,4.292093444257104
5.0,4.0,4.0,4.0,5.0,5.0,4.660216650331495
5.0,4.0,4.0,5.0,1.0,2.0,2.767409525648748
5.0,4.0,4.0,5.0,1.0,3.0,3.5481522975295254
5.0,4.0,4.0,5.0,1.0,4.0,3.5481530236762917
5.0,4.0,4.0,5.0,1.0,5.0,3.7565476268237656
5.0,4.0,4.0,5.0,2.0,3.0,3.632027413571248
5.0,4.0,4.0,5.0,2.0,4.0,4.017792546713896
5.0,4.0,4.0,5.0,2.0,5.0,4.096916001891771
5.0,4.0,4.0,5.0,3.0,2.0,3.4866643595426714
5.0,4.0,4.0,5.0,3.0,3.0,3.918920213388761
5.0,4.0,4.0,5.0,3.0,4.0,4.243546014367663
5.0,4.0,4.0,5.0,3.0,5.0,4.540535511602067
5.0,4.0,4.0,5.0,4.0,2.0,3.632020193562278
5.0,4.0,4.0,5.0,4.0,3.0,3.976414265707613
5.0,4.0,4.0,5.0,4.0,4.0,4.373711837409144
5.0,4.0,4.0,5.0,4.0,5.0,4.680589709352662
5.0,4.0,4.0,5.0,5.0,2.0,3.9711965396717863
5.0,4.0,4.0,5.0,5.0,3.0,4.099162407092854
5.0,4.0,4.0,5.0,5.0,4.0,4.477663710388772
5.0,4.0,4.0,5.0,5.0,5.0,4.776461934262931
5.0,4.0,5.0,1.0,2.0,2.0,2.433550986833375
5.0,4.0,5.0,1.0,5.0,5.0,4.233813138118752
5.0,4.0,5.0,2.0,2.0,2.0,3.043308688401121
5.0,4.0,5.0,2.0,4.0,3.0,3.5208602726102733
5.0,4.0,5.0,2.0,5.0,3.0,3.5380398142877145
5.0,4.0,5.0,2.0,5.0,5.0,4.233813843900793
5.0,4.0,5.0,3.0,2.0,2.0,3.123128365331855
5.0,4.0,5.0,3.0,3.0,3.0,3.7046637344486877
5.0,4.0,5.0,3.0,3.0,4.0,4.1901555995273725
5.0,4.0,5.0,3.0,4.0,2.0,3.440262364886578
5.0,4.0,5.0,3.0,4.0,3.0,3.7599738093891806
5.0,4.0,5.0,3.0,4.0,4.0,4.190155519348094
5.0,4.0,5.0,3.0,4.0,5.0,4.239646192090286
5.0,4.0,5.0,3.0,5.0,3.0,3.7599738732473216
5.0,4.0,5.0,3.0,5.0,4.0,4.190155490334586
5.0,4.0,5.0,3.0,5.0,5.0,4.444095405163941
5.0,4.0,5.0,4.0,2.0,2.0,3.2499674918349175
5.0,4.0,5.0,4.0,2.0,3.0,3.6608073131536663
5.0,4.0,5.0,4.0,2.0,4.0,3.9976012019331657
5.0,4.0,5.0,4.0,3.0,2.0,3.4284601335401934
5.0,4.0,5.0,4.0,3.0,3.0,3.851783495862475
5.0,4.0,5.0,4.0,3.0,4.0,4.242768448309097
5.0,4.0,5.0,4.0,3.0,5.0,4.242685362243247
5.0,4.0,5.0,4.0,4.0,2.0,3.78049040172096
5.0,4.0,5.0,4.0,4.0,3.0,4.027708039304344
5.0,4.0,5.0,4.0,4.0,4.0,4.359207276274848
5.0,4.0,5.0,4.0,4.0,5.0,4.712408127398469
5.0,4.0,5.0,4.0,5.0,3.0,4.106294841866256
5.0,4.0,5.0,4.0,5.0,4.0,4.4588417602685
5.0,4.0,5.0,4.0,5.0,5.0,4.725836958383713
5.0,4.0,5.0,5.0,2.0,3.0,3.668766286437866
5.0,4.0,5.0,5.0,2.0,4.0,4.017792696726034
5.0,4.0,5.0,5.0,2.0,5.0,4.115288299020749
5.0,4.0,5.0,5.0,3.0,2.0,3.632024120046271
5.0,4.0,5.0,5.0,3.0,3.0,4.000526353175795
5.0,4.0,5.0,5.0,3.0,4.0,4.243068020856303
5.0,4.0,5.0,5.0,3.0,5.0,4.540535486154137
5.0,4.0,5.0,5.0,4.0,3.0,4.179482556915221
5.0,4.0,5.0,5.0,4.0,4.0,4.562555535640692
5.0,4.0,5.0,5.0,4.0,5.0,4.808074280133719
5.0,4.0,5.0,5.0,5.0,2.0,4.0050311102904494
5.0,4.0,5.0,5.0,5.0,3.0,4.217175915960412
5.0,4.0,5.0,5.0,5.0,4.0,4.632330102658576
5.0,4.0,5.0,5.0,5.0,5.0,4.89209699137906
5.0,5.0,1.0,1.0,1.0,1.0,1.3037141372931138
5.0,5.0,1.0,1.0,1.0,2.0,1.8219762557644628
5.0,5.0,1.0,1.0,2.0,1.0,1.5485281050987343
5.0,5.0,1.0,1.0,2.0,2.0,1.8219784722114747
5.0,5.0,1.0,1.0,3.0,1.0,1.5485262380628833
5.0,5.0,1.0,1.0,4.0,3.0,2.1070032815878905
5.0,5.0,1.0,2.0,1.0,1.0,1.7778851536807974
5.0,5.0,1.0,3.0,1.0,1.0,1.7778803463147876
5.0,5.0,1.0,3.0,1.0,2.0,2.0571548073286947
5.0,5.0,1.0,3.0,3.0,1.0,2.312203147198541
5.0,5.0,1.0,3.0,3.0,2.0,2.7635854387379903
5.0,5.0,1.0,3.0,4.0,1.0,2.312202864167646
5.0,5.0,1.0,3.0,5.0,4.0,2.956887469419436
5.0,5.0,1.0,4.0,1.0,1.0,1.777893288439533
5.0,5.0,1.0,4.0,2.0,2.0,2.3122129769641857
5.0,5.0,1.0,4.0,5.0,3.0,2.7635840344539035
5.0,5.0,1.0,4.0,5.0,5.0,3.849742455405865
5.0,5.0,1.0,5.0,1.0,1.0,1.9577977820798143
5.0,5.0,1.0,5.0,1.0,2.0,2.0995879937806103
5.0,5.0,1.0,5.0,1.0,3.0,2.131055610198891
5.0,5.0,1.0,5.0,1.0,4.0,2.13105730976615
5.0,5.0,1.0,5.0,2.0,1.0,2.22111226932049
5.0,5.0,1.0,5.0,4.0,3.0,3.035825437114141
5.0,5.0,1.0,5.0,4.0,5.0,3.512840655135455
5.0,5.0,1.0,5.0,5.0,1.0,2.4874464121256255
5.0,5.0,1.0,5.0,5.0,4.0,3.8497375732996075
5.0,5.0,1.0,5.0,5.0,5.0,3.8497405798778312
5.0,5.0,2.0,1.0,1.0,1.0,1.6272188940901595
5.0,5.0,2.0,1.0,1.0,5.0,3.489476811396543
5.0,5.0,2.0,1.0,2.0,1.0,1.771977054736064
5.0,5.0,2.0,1.0,2.0,2.0,2.073579489134657
5.0,5.0,2.0,1.0,2.0,3.0,2.1065096214369228
5.0,5.0,2.0,1.0,3.0,1.0,1.771973899788502
5.0,5.0,2.0,1.0,3.0,3.0,2.3024981342043582
5.0,5.0,2.0,1.0,4.0,1.0,2.0802063035626612
5.0,5.0,2.0,2.0,1.0,1.0,2.042077919122762
5.0,5.0,2.0,2.0,2.0,1.0,2.1214668556530523
5.0,5.0,2.0,2.0,2.0,2.0,2.5090997688952004
5.0,5.0,2.0,2.0,2.0,3.0,2.97169991897237
5.0,5.0,2.0,2.0,3.0,2.0,2.670593337508099
5.0,5.0,2.0,2.0,3.0,3.0,3.010640695047886
5.0,5.0,2.0,2.0,5.0,2.0,2.9472979595839743
5.0,5.0,2.0,2.0,5.0,3.0,3.010641211825346
5.0,5.0,2.0,2.0,5.0,5.0,3.9408855195415633
5.0,5.0,2.0,3.0,1.0,1.0,2.0761258024190425
5.0,5.0,2.0,3.0,2.0,2.0,2.6711275342763043
5.0,5.0,2.0,3.0,3.0,1.0,2.7789078280859267
5.0,5.0,2.0,3.0,3.0,2.0,2.9472995902425034
5.0,5.0,2.0,3.0,4.0,2.0,2.9473003521080283
5.0,5.0,2.0,3.0,4.0,3.0,3.2786559847477394
5.0,5.0,2.0,3.0,4.0,4.0,3.279109945094048
5.0,5.0,2.0,3.0,5.0,3.0,3.3334240617573347
5.0,5.0,2.0,4.0,2.0,2.0,2.761689837734706
5.0,5.0,2.0,4.0,2.0,4.0,3.0894636006486547
5.0,5.0,2.0,4.0,3.0,3.0,3.156083159232267
5.0,5.0,2.0,4.0,3.0,4.0,3.507452725746299
5.0,5.0,2.0,4.0,3.0,5.0,3.7475798927550397
5.0,5.0,2.0,4.0,4.0,2.0,2.947299678061961
5.0,5.0,2.0,4.0,4.0,3.0,3.278655553295569
5.0,5.0,2.0,4.0,4.0,4.0,3.6606646577720885
5.0,5.0,2.0,4.0,5.0,2.0,2.9472995091296577
5.0,5.0,2.0,4.0,5.0,3.0,3.6885806270673824
5.0,5.0,2.0,4.0,5.0,4.0,3.688580708956834
5.0,5.0,2.0,4.0,5.0,5.0,3.9833033882527373
5.0,5.0,2.0,5.0,1.0,2.0,2.3630335385351615
5.0,5.0,2.0,5.0,1.0,3.0,3.0057876845295595
5.0,5.0,2.0,5.0,1.0,5.0,3.4894828709618158
5.0,5.0,2.0,5.0,2.0,2.0,2.761679305961254
5.0,5.0,2.0,5.0,2.0,3.0,3.2429741591508203
5.0,5.0,2.0,5.0,2.0,4.0,3.242974472208056
5.0,5.0,2.0,5.0,3.0,2.0,3.0082520886929855
5.0,5.0,2.0,5.0,3.0,3.0,3.4875816419226817
5.0,5.0,2.0,5.0,3.0,4.0,3.5074544076851493
5.0,5.0,2.0,5.0,3.0,5.0,3.747583155224754
5.0,5.0,2.0,5.0,4.0,3.0,3.6737267490446817
5.0,5.0,2.0,5.0,4.0,4.0,3.7456056923331587
5.0,5.0,2.0,5.0,4.0,5.0,4.253248309549689
5.0,5.0,2.0,5.0,5.0,1.0,2.7789122523231558
5.0,5.0,2.0,5.0,5.0,2.0,3.315283960518805
5.0,5.0,2.0,5.0,5.0,3.0,3.688580384292959
5.0,5.0,2.0,5.0,5.0,4.0,3.993505578161316
5.0,5.0,2.0,5.0,5.0,5.0,4.422040229799079
5.0,5.0,3.0,1.0,1.0,1.0,2.213955680959779
5.0,5.0,3.0,1.0,1.0,2.0,2.5247445799325923
5.0,5.0,3.0,1.0,2.0,2.0,2.5247460048470916
5.0,5.0,3.0,1.0,3.0,1.0,2.2139556633314967
5.0,5.0,3.0,1.0,3.0,2.0,2.9105687425049047
5.0,5.0,3.0,1.0,3.0,3.0,3.097406875861788
5.0,5.0,3.0,1.0,4.0,1.0,2.2139553143328445
5.0,5.0,3.0,1.0,4.0,4.0,3.0974069119225036
5.0,5.0,3.0,1.0,5.0,1.0,2.2139547038117495
5.0,5.0,3.0,1.0,5.0,2.0,3.015966035514631
5.0,5.0,3.0,1.0,5.0,4.0,3.700925706912487
5.0,5.0,3.0,2.0,1.0,2.0,2.6380873047376676
5.0,5.0,3.0,2.0,2.0,2.0,2.6380855854821283
5.0,5.0,3.0,2.0,3.0,1.0,2.2688794018081517
5.0,5.0,3.0,2.0,3.0,2.0,2.9105688003588366
5.0,5.0,3.0,2.0,3.0,3.0,3.097406574708741
5.0,5.0,3.0,2.0,4.0,2.0,3.017395910633592
5.0,5.0,3.0,2.0,4.0,3.0,3.4605432480768656
5.0,5.0,3.0,2.0,4.0,4.0,3.700925832738799
5.0,5.0,3.0,2.0,4.0,5.0,3.9601687228656695
5.0,5.0,3.0,2.0,5.0,1.0,2.2688832065975424
5.0,5.0,3.0,2.0,5.0,3.0,3.534769969024641
5.0,5.0,3.0,2.0,5.0,4.0,3.7009258888115872
5.0,5.0,3.0,2.0,5.0,5.0,3.9925406966894883
5.0,5.0,3.0,3.0,1.0,1.0,2.372545053774356
5.0,5.0,3.0,3.0,1.0,2.0,2.638089241946148
5.0,5.0,3.0,3.0,1.0,3.0,3.016197578332217
5.0,5.0,3.0,3.0,2.0,2.0,2.8678859623638764
5.0,5.0,3.0,3.0,2.0,3.0,3.1020181927671184
5.0,5.0,3.0,3.0,2.0,5.0,3.4894668801545548
5.0,5.0,3.0,3.0,3.0,1.0,2.8574604874587246
5.0,5.0,3.0,3.0,3.0,2.0,3.2502214805217036
5.0,5.0,3.0,3.0,3.0,3.0,3.2818117821010455
5.0,5.0,3.0,3.0,3.0,4.0,3.818903298648957
5.0,5.0,3.0,3.0,4.0,2.0,3.309451321009913
5.0,5.0,3.0,3.0,4.0,3.0,3.4605429910383743
5.0,5.0,3.0,3.0,4.0,4.0,3.8189032690074747
5.0,5.0,3.0,3.0,4.0,5.0,4.229782314313462
5.0,5.0,3.0,3.0,5.0,1.0,2.8574615103582692
5.0,5.0,3.0,3.0,5.0,3.0,3.5347708576328505
5.0,5.0,3.0,3.0,5.0,4.0,3.9944844734407785
5.0,5.0,3.0,3.0,5.0,5.0,4.229781644077341
5.0,5.0,3.0,4.0,1.0,1.0,2.3725474735386283
5.0,5.0,3.0,4.0,1.0,3.0,3.0212089453152746
5.0,5.0,3.0,4.0,1.0,4.0,3.021209707311318
5.0,5.0,3.0,4.0,1.0,5.0,3.548150943231401
5.0,5.0,3.0,4.0,2.0,1.0,2.372551899608565
5.0,5.0,3.0,4.0,2.0,2.0,3.0202577087988933
5.0,5.0,3.0,4.0,2.0,3.0,3.252052910470133
5.0,5.0,3.0,4.0,2.0,4.0,3.598287364401904
5.0,5.0,3.0,4.0,2.0,5.0,3.7687327504661368
5.0,5.0,3.0,4.0,3.0,2.0,3.250221404529641
5.0,5.0,3.0,4.0,3.0,3.0,3.4668733827601383
5.0,5.0,3.0,4.0,3.0,4.0,4.0664937858113746
5.0,5.0,3.0,4.0,3.0,5.0,4.306666669594695
5.0,5.0,3.0,4.0,4.0,2.0,3.315274382947223
5.0,5.0,3.0,4.0,4.0,3.0,3.5928933570193555
5.0,5.0,3.0,4.0,4.0,4.0,4.14358113988116
5.0,5.0,3.0,4.0,4.0,5.0,4.471146991057962
5.0,5.0,3.0,4.0,5.0,2.0,3.315276141431412
5.0,5.0,3.0,4.0,5.0,3.0,3.8553716960489033
5.0,5.0,3.0,4.0,5.0,4.0,4.172224004484473
5.0,5.0,3.0,4.0,5.0,5.0,4.471146995303884
5.0,5.0,3.0,5.0,1.0,2.0,2.638089248411322
5.0,5.0,3.0,5.0,1.0,4.0,3.0212093285158734
5.0,5.0,3.0,5.0,1.0,5.0,3.54815270379276
5.0,5.0,3.0,5.0,2.0,2.0,3.056928454720649
5.0,5.0,3.0,5.0,2.0,3.0,3.5929307524087637
5.0,5.0,3.0,5.0,2.0,4.0,3.640226470215911
5.0,5.0,3.0,5.0,2.0,5.0,3.7687325710950903
5.0,5.0,3.0,5.0,3.0,2.0,3.2502211783600377
5.0,5.0,3.0,5.0,3.0,3.0,3.6421608169155917
5.0,5.0,3.0,5.0,3.0,4.0,4.18606966645741
5.0,5.0,3.0,5.0,3.0,5.0,4.3066664505377545
5.0,5.0,3.0,5.0,4.0,2.0,3.315277664420261
5.0,5.0,3.0,5.0,4.0,3.0,3.6737266385495664
5.0,5.0,3.0,5.0,4.0,4.0,4.26956969926057
5.0,5.0,3.0,5.0,4.0,5.0,4.525341543866108
5.0,5.0,3.0,5.0,5.0,1.0,2.8574589357304423
5.0,5.0,3.0,5.0,5.0,2.0,3.3152810246207145
5.0,5.0,3.0,5.0,5.0,3.0,3.933021776991644
5.0,5.0,3.0,5.0,5.0,4.0,4.365518577141879
5.0,5.0,3.0,5.0,5.0,5.0,4.717467597463671
5.0,5.0,4.0,1.0,3.0,3.0,3.097407099579296
5.0,5.0,4.0,1.0,4.0,2.0,2.9105683232142354
5.0,5.0,4.0,1.0,4.0,3.0,3.0974069314642847
5.0,5.0,4.0,1.0,4.0,4.0,3.1011152639277304
5.0,5.0,4.0,1.0,5.0,5.0,4.32043597360626
5.0,5.0,4.0,2.0,1.0,2.0,2.910568373710627
5.0,5.0,4.0,2.0,1.0,3.0,3.030048628182952
5.0,5.0,4.0,2.0,1.0,4.0,3.0629878617757855
5.0,5.0,4.0,2.0,2.0,3.0,3.6249062578938864
5.0,5.0,4.0,2.0,2.0,4.0,3.624905904649525
5.0,5.0,4.0,2.0,3.0,2.0,2.91056748223363
5.0,5.0,4.0,2.0,3.0,3.0,3.6249061563533096
5.0,5.0,4.0,2.0,3.0,4.0,3.6249060283102836
5.0,5.0,4.0,2.0,4.0,3.0,3.624906377364997
5.0,5.0,4.0,2.0,4.0,4.0,3.814721905954843
5.0,5.0,4.0,2.0,5.0,3.0,3.814721716129019
5.0,5.0,4.0,2.0,5.0,4.0,3.8147217924000016
5.0,5.0,4.0,2.0,5.0,5.0,4.341837425679225
5.0,5.0,4.0,3.0,1.0,3.0,3.1183109278974217
5.0,5.0,4.0,3.0,2.0,3.0,3.6249061086475867
5.0,5.0,4.0,3.0,2.0,4.0,3.768732427480763
5.0,5.0,4.0,3.0,3.0,2.0,3.3094509405679475
5.0,5.0,4.0,3.0,3.0,3.0,3.653089418403958
5.0,5.0,4.0,3.0,3.0,4.0,3.906505028584504
5.0,5.0,4.0,3.0,4.0,2.0,3.309451084045065
5.0,5.0,4.0,3.0,4.0,3.0,3.6530893411033505
5.0,5.0,4.0,3.0,4.0,4.0,4.050662608611661
5.0,5.0,4.0,3.0,4.0,5.0,4.321592025073393
5.0,5.0,4.0,3.0,5.0,2.0,3.3094511379209712
5.0,5.0,4.0,3.0,5.0,3.0,3.8147213429323896
5.0,5.0,4.0,3.0,5.0,4.0,4.090541210361177
5.0,5.0,4.0,3.0,5.0,5.0,4.341837291183932
5.0,5.0,4.0,4.0,1.0,3.0,3.376287012906056
5.0,5.0,4.0,4.0,1.0,4.0,3.756546610033036
5.0,5.0,4.0,4.0,2.0,1.0,2.8574594877810164
5.0,5.0,4.0,4.0,2.0,2.0,3.3075162128156115
5.0,5.0,4.0,4.0,2.0,3.0,3.624906406427033
5.0,5.0,4.0,4.0,2.0,4.0,3.7687323495905227
5.0,5.0,4.0,4.0,2.0,5.0,4.0092560411134475
5.0,5.0,4.0,4.0,3.0,2.0,3.309450826205913
5.0,5.0,4.0,4.0,3.0,3.0,3.923810698126767
5.0,5.0,4.0,4.0,3.0,4.0,4.215307908333748
5.0,5.0,4.0,4.0,3.0,5.0,4.306666324888211
5.0,5.0,4.0,4.0,4.0,2.0,3.632020610732429
5.0,5.0,4.0,4.0,4.0,3.0,3.95219197495022
5.0,5.0,4.0,4.0,4.0,4.0,4.341168997497933
5.0,5.0,4.0,4.0,4.0,5.0,4.680262879884567
5.0,5.0,4.0,4.0,5.0,2.0,3.780490298385494
5.0,5.0,4.0,4.0,5.0,3.0,4.045145699224166
5.0,5.0,4.0,4.0,5.0,4.0,4.400743166656317
5.0,5.0,4.0,4.0,5.0,5.0,4.680345496180797
5.0,5.0,4.0,5.0,1.0,3.0,3.5481521182232965
5.0,5.0,4.0,5.0,1.0,4.0,3.75654687174318
5.0,5.0,4.0,5.0,1.0,5.0,3.7565469741710293
5.0,5.0,4.0,5.0,2.0,2.0,3.632021848620517
5.0,5.0,4.0,5.0,2.0,3.0,3.6320279210175923
5.0,5.0,4.0,5.0,2.0,4.0,4.017792601608933
5.0,5.0,4.0,5.0,2.0,5.0,4.096916111661409
5.0,5.0,4.0,5.0,3.0,1.0,2.8574589644778974
5.0,5.0,4.0,5.0,3.0,3.0,3.9737911397448804
5.0,5.0,4.0,5.0,3.0,4.0,4.2441025204684335
5.0,5.0,4.0,5.0,3.0,5.0,4.587811646110151
5.0,5.0,4.0,5.0,4.0,2.0,3.6320206806171407
5.0,5.0,4.0,5.0,4.0,3.0,4.069217429633408
5.0,5.0,4.0,5.0,4.0,4.0,4.527489261291663
5.0,5.0,4.0,5.0,4.0,5.0,4.778678081207405
5.0,5.0,4.0,5.0,5.0,1.0,3.2670080026013366
5.0,5.0,4.0,5.0,5.0,2.0,3.9838539363681535
5.0,5.0,4.0,5.0,5.0,3.0,4.114926919380274
5.0,5.0,4.0,5.0,5.0,4.0,4.594621318237792
5.0,5.0,4.0,5.0,5.0,5.0,4.863710814451393
5.0,5.0,5.0,1.0,5.0,5.0,4.3204361216568286
5.0,5.0,5.0,2.0,2.0,2.0,3.123133077063597
5.0,5.0,5.0,2.0,2.0,3.0,3.624906843510844
5.0,5.0,5.0,2.0,3.0,1.0,2.700952210076569
5.0,5.0,5.0,2.0,3.0,4.0,3.848629516990274
5.0,5.0,5.0,2.0,3.0,5.0,4.018521955457298
5.0,5.0,5.0,2.0,4.0,3.0,3.6249068305654153
5.0,5.0,5.0,2.0,5.0,3.0,3.8486339384252726
5.0,5.0,5.0,2.0,5.0,4.0,3.8486339943569816
5.0,5.0,5.0,2.0,5.0,5.0,4.5734207201662285
5.0,5.0,5.0,3.0,2.0,1.0,2.5635495858378334
5.0,5.0,5.0,3.0,2.0,2.0,3.123131701507158
5.0,5.0,5.0,3.0,2.0,3.0,3.624906398691636
5.0,5.0,5.0,3.0,2.0,5.0,4.009257825984752
5.0,5.0,5.0,3.0,3.0,2.0,3.4284594224358425
5.0,5.0,5.0,3.0,3.0,3.0,3.7046637379422998
5.0,5.0,5.0,3.0,3.0,4.0,4.220665794850679
5.0,5.0,5.0,3.0,3.0,5.0,4.441900711673182
5.0,5.0,5.0,3.0,4.0,3.0,3.807752857351674
5.0,5.0,5.0,3.0,4.0,4.0,4.220665495643102
5.0,5.0,5.0,3.0,4.0,5.0,4.441900635667887
5.0,5.0,5.0,3.0,5.0,2.0,3.440263339942041
5.0,5.0,5.0,3.0,5.0,3.0,4.1062948845689435
5.0,5.0,5.0,3.0,5.0,4.0,4.332892911941241
5.0,5.0,5.0,3.0,5.0,5.0,4.5734205267274834
5.0,5.0,5.0,4.0,1.0,3.0,3.376286381203172
5.0,5.0,5.0,4.0,1.0,4.0,3.8382003729188687
5.0,5.0,5.0,4.0,1.0,5.0,3.8382036721459754
5.0,5.0,5.0,4.0,2.0,3.0,3.766013868929569
5.0,5.0,5.0,4.0,2.0,4.0,4.00306206876031
5.0,5.0,5.0,4.0,2.0,5.0,4.009256640836683
5.0,5.0,5.0,4.0,3.0,2.0,3.42845990168526
5.0,5.0,5.0,4.0,3.0,3.0,3.999851259766751
5.0,5.0,5.0,4.0,3.0,4.0,4.249729763103848
5.0,5.0,5.0,4.0,3.0,5.0,4.581860399861762
5.0,5.0,5.0,4.0,4.0,3.0,4.047827785701125
5.0,5.0,5.0,4.0,4.0,4.0,4.411582653694252
5.0,5.0,5.0,4.0,4.0,5.0,4.712411592389304
5.0,5.0,5.0,4.0,5.0,2.0,3.7804904529743864
5.0,5.0,5.0,4.0,5.0,3.0,4.106294811935623
5.0,5.0,5.0,4.0,5.0,4.0,4.5268914795991355
5.0,5.0,5.0,4.0,5.0,5.0,4.759612253904514
5.0,5.0,5.0,5.0,1.0,1.0,3.267006096861765
5.0,5.0,5.0,5.0,1.0,3.0,3.838205619727577
5.0,5.0,5.0,5.0,1.0,4.0,3.8382029871841445
5.0,5.0,5.0,5.0,1.0,5.0,3.8382040778982764
5.0,5.0,5.0,5.0,2.0,2.0,3.632023973948284
5.0,5.0,5.0,5.0,2.0,3.0,4.0177926040440255
5.0,5.0,5.0,5.0,2.0,4.0,4.017792618819477
5.0,5.0,5.0,5.0,2.0,5.0,4.461319668187959
5.0,5.0,5.0,5.0,3.0,3.0,4.039451170357602
5.0,5.0,5.0,5.0,3.0,4.0,4.39248715282738
5.0,5.0,5.0,5.0,3.0,5.0,4.760603475863228
5.0,5.0,5.0,5.0,4.0,2.0,4.005030211707633
5.0,5.0,5.0,5.0,4.0,3.0,4.333034503879866
5.0,5.0,5.0,5.0,4.0,4.0,4.651523015209752
5.0,5.0,5.0,5.0,4.0,5.0,4.868048950885107
5.0,5.0,5.0,5.0,5.0,1.0,3.267006142773587
5.0,5.0,5.0,5.0,5.0,2.0,4.005031076102708
5.0,5.0,5.0,5.0,5.0,3.0,4.3489648775082195
5.0,5.0,5.0,5.0,5.0,4.0,4.685183208707942
5.0,5.0,5.0,5.0,5.0,5.0,4.954325399439223
