0,1,2,3,4,5,function_value
1.0,1.0,1.0,1.0,1.0,1.0,1.1969938694116695
1.0,1.0,1.0,1.0,1.0,2.0,1.1970430012626023
1.0,1.0,1.0,1.0,1.0,3.0,1.1970636604773988
1.0,1.0,1.0,1.0,1.0,5.0,1.5332169020610609
1.0,1.0,1.0,1.0,2.0,1.0,1.1970327508171386
1.0,1.0,1.0,1.0,2.0,2.0,1.1970515892544935
1.0,1.0,1.0,1.0,2.0,3.0,1.197067263746924
1.0,1.0,1.0,1.0,3.0,1.0,1.1970496593582625
1.0,1.0,1.0,1.0,3.0,3.0,1.1970752873587498
1.0,1.0,1.0,1.0,4.0,1.0,1.1970580811663458
1.0,1.0,1.0,1.0,5.0,1.0,1.1970509177697268
1.0,1.0,1.0,1.0,5.0,5.0,1.533217224820479
1.0,1.0,1.0,2.0,1.0,1.0,1.197032322207965
1.0,1.0,1.0,2.0,1.0,2.0,1.1970533029110102
1.0,1.0,1.0,2.0,1.0,3.0,1.1970669974637524
1.0,1.0,1.0,2.0,1.0,5.0,1.5332164801202606
1.0,1.0,1.0,2.0,2.0,1.0,1.1970471705526007
1.0,1.0,1.0,2.0,2.0,2.0,1.1970602694429942
1.0,1.0,1.0,2.0,2.0,3.0,1.1970667951638534
1.0,1.0,1.0,2.0,3.0,1.0,1.1970532377293617
1.0,1.0,1.0,2.0,3.0,2.0,1.1970706657708001
1.0,1.0,1.0,2.0,3.0,3.0,1.1970727671963366
1.0,1.0,1.0,3.0,1.0,1.0,1.1970590358886184
1.0,1.0,1.0,3.0,1.0,2.0,1.1970688722626326
1.0,1.0,1.0,3.0,1.0,3.0,1.197073533170709
1.0,1.0,1.0,3.0,2.0,1.0,1.197060327317042
1.0,1.0,1.0,3.0,2.0,2.0,1.1970679865117146
1.0,1.0,1.0,3.0,2.0,3.0,1.251542590398105
1.0,1.0,1.0,3.0,3.0,1.0,1.197062307765568
1.0,1.0,1.0,3.0,3.0,2.0,1.2515428354725255
1.0,1.0,1.0,3.0,3.0,3.0,1.2515428726792324
1.0,1.0,1.0,3.0,4.0,1.0,1.251544310329883
1.0,1.0,1.0,3.0,4.0,2.0,1.251543650151225
1.0,1.0,1.0,3.0,4.0,3.0,1.2515434331436237
1.0,1.0,1.0,3.0,4.0,4.0,1.2958138559100174
1.0,1.0,1.0,3.0,5.0,3.0,1.2585016601991754
1.0,1.0,1.0,4.0,1.0,1.0,1.1970793557850314
1.0,1.0,1.0,4.0,1.0,2.0,1.1970827136729107
1.0,1.0,1.0,4.0,2.0,2.0,1.1970761453806538
1.0,1.0,1.0,4.0,3.0,2.0,1.2515426181242473
1.0,1.0,1.0,4.0,4.0,1.0,1.251545779401754
1.0,1.0,1.0,4.0,4.0,2.0,1.4325427258218644
1.0,1.0,1.0,4.0,4.0,3.0,1.4325427344144122
1.0,1.0,1.0,4.0,4.0,4.0,1.6203755072912935
1.0,1.0,1.0,4.0,5.0,5.0,1.6203750167242743
1.0,1.0,1.0,5.0,1.0,1.0,1.1970899536501431
1.0,1.0,1.0,5.0,1.0,2.0,1.1970904237219826
1.0,1.0,1.0,5.0,1.0,5.0,1.533216050556276
1.0,1.0,1.0,5.0,2.0,3.0,1.2983181817864158
1.0,1.0,1.0,5.0,5.0,5.0,1.6203747364531433
1.0,1.0,2.0,1.0,1.0,1.0,1.1970276643742273
1.0,1.0,2.0,1.0,1.0,2.0,1.2935204086268115
1.0,1.0,2.0,1.0,2.0,1.0,1.197041110959022
1.0,1.0,2.0,1.0,3.0,1.0,1.1970426909708882
1.0,1.0,2.0,2.0,1.0,1.0,1.1970409053761266
1.0,1.0,2.0,2.0,1.0,2.0,1.2935201586144982
1.0,1.0,2.0,2.0,2.0,2.0,1.347968193724774
1.0,1.0,2.0,2.0,3.0,1.0,1.1970467628783392
1.0,1.0,2.0,2.0,3.0,2.0,1.3633644062835966
1.0,1.0,2.0,3.0,1.0,1.0,1.1970521799611726
1.0,1.0,2.0,3.0,1.0,3.0,1.4003474199756913
1.0,1.0,2.0,3.0,2.0,1.0,1.1970511187636474
1.0,1.0,2.0,3.0,2.0,2.0,1.363364708975398
1.0,1.0,2.0,3.0,3.0,1.0,1.1970527693134805
1.0,1.0,2.0,3.0,3.0,2.0,1.5203004053656035
1.0,1.0,2.0,3.0,3.0,3.0,1.520300287205679
1.0,1.0,2.0,3.0,4.0,3.0,1.5203002381803519
1.0,1.0,2.0,3.0,4.0,4.0,1.8638016265259212
1.0,1.0,2.0,4.0,1.0,4.0,1.4210934551723642
1.0,1.0,2.0,4.0,3.0,3.0,1.714638499297828
1.0,1.0,2.0,4.0,3.0,4.0,1.8638013105995475
1.0,1.0,2.0,4.0,4.0,3.0,1.7929454396551558
1.0,1.0,2.0,4.0,4.0,4.0,1.8638019900219798
1.0,1.0,2.0,5.0,1.0,2.0,1.293519794088277
1.0,1.0,2.0,5.0,1.0,5.0,1.9764025313266689
1.0,1.0,3.0,1.0,1.0,1.0,1.1970329535660469
1.0,1.0,3.0,1.0,1.0,2.0,1.2935204385665744
1.0,1.0,3.0,1.0,1.0,3.0,1.436682760798896
1.0,1.0,3.0,1.0,2.0,3.0,1.4366826912427946
1.0,1.0,3.0,1.0,3.0,1.0,1.1970361031152248
1.0,1.0,3.0,2.0,1.0,1.0,1.1970367590904942
1.0,1.0,3.0,2.0,1.0,2.0,1.4053793024841903
1.0,1.0,3.0,2.0,2.0,2.0,1.5431887842840528
1.0,1.0,3.0,2.0,3.0,3.0,1.7106559848440466
1.0,1.0,3.0,2.0,5.0,5.0,1.835006106484363
1.0,1.0,3.0,3.0,1.0,3.0,1.4366829475241703
1.0,1.0,3.0,3.0,2.0,2.0,1.543188817426626
1.0,1.0,3.0,3.0,3.0,1.0,1.260437680569683
1.0,1.0,3.0,3.0,3.0,3.0,1.714638163674669
1.0,1.0,3.0,4.0,1.0,3.0,1.4438940946999221
1.0,1.0,3.0,4.0,3.0,3.0,1.7146383578012918
1.0,1.0,3.0,4.0,4.0,3.0,1.7929454344855071
1.0,1.0,3.0,4.0,4.0,4.0,2.056937394158438
1.0,1.0,3.0,5.0,3.0,5.0,1.9764023622249154
1.0,1.0,4.0,1.0,2.0,3.0,1.4366831103927329
1.0,1.0,4.0,2.0,3.0,3.0,1.7106560147387018
1.0,1.0,4.0,4.0,1.0,2.0,1.7834783079126173
1.0,1.0,4.0,4.0,4.0,4.0,2.0569373625075835
1.0,1.0,4.0,5.0,5.0,3.0,2.371055432098523
1.0,1.0,5.0,1.0,1.0,1.0,1.2533138021367236
1.0,1.0,5.0,1.0,2.0,1.0,1.3272862138139156
1.0,1.0,5.0,3.0,2.0,3.0,1.7374164276324504
1.0,2.0,1.0,1.0,1.0,1.0,1.1969964938304467
1.0,2.0,1.0,1.0,1.0,2.0,1.1970587204700636
1.0,2.0,1.0,1.0,1.0,3.0,1.1970785356309164
1.0,2.0,1.0,1.0,2.0,1.0,1.1970441735322448
1.0,2.0,1.0,1.0,2.0,2.0,1.1970714221047767
1.0,2.0,1.0,1.0,2.0,3.0,1.1970805795222847
1.0,2.0,1.0,1.0,3.0,1.0,1.1970580671568893
1.0,2.0,1.0,1.0,3.0,2.0,1.1970895167835625
1.0,2.0,1.0,1.0,4.0,1.0,1.1970709201482634
1.0,2.0,1.0,2.0,1.0,1.0,1.1970476820550584
1.0,2.0,1.0,2.0,1.0,2.0,1.1970667587151085
1.0,2.0,1.0,2.0,2.0,1.0,1.1970660648928195
1.0,2.0,1.0,2.0,2.0,2.0,1.1970717253579426
1.0,2.0,1.0,2.0,3.0,1.0,1.19707865921321
1.0,2.0,1.0,2.0,3.0,2.0,1.197079331710177
1.0,2.0,1.0,2.0,3.0,3.0,1.1970778673257536
1.0,2.0,1.0,3.0,1.0,1.0,1.1970706648719212
1.0,2.0,1.0,3.0,1.0,2.0,1.1970780893620083
1.0,2.0,1.0,3.0,1.0,3.0,1.1970843521299785
1.0,2.0,1.0,3.0,2.0,1.0,1.197076718673492
1.0,2.0,1.0,3.0,2.0,2.0,1.1970735764141451
1.0,2.0,1.0,3.0,2.0,3.0,1.2515423971982313
1.0,2.0,1.0,3.0,3.0,1.0,1.1970845416564604
1.0,2.0,1.0,3.0,3.0,2.0,1.2515421930179542
1.0,2.0,1.0,3.0,3.0,3.0,1.251542317639941
1.0,2.0,1.0,3.0,4.0,2.0,1.4325431221623122
1.0,2.0,1.0,3.0,4.0,3.0,1.432542978872094
1.0,2.0,1.0,4.0,1.0,1.0,1.1970837197078754
1.0,2.0,1.0,4.0,1.0,3.0,1.1970846523002965
1.0,2.0,1.0,4.0,2.0,2.0,1.3221631087785717
1.0,2.0,1.0,4.0,3.0,1.0,1.1970938633604034
1.0,2.0,1.0,4.0,3.0,2.0,1.3221630388287087
1.0,2.0,1.0,4.0,3.0,3.0,1.3221629255958018
1.0,2.0,1.0,4.0,4.0,2.0,1.4325429624333974
1.0,2.0,1.0,4.0,4.0,3.0,1.4325429300073955
1.0,2.0,1.0,4.0,4.0,4.0,1.6203760820910538
1.0,2.0,1.0,5.0,1.0,4.0,1.3970180813772348
1.0,2.0,1.0,5.0,3.0,3.0,1.4186260658407563
1.0,2.0,1.0,5.0,3.0,5.0,1.5332157043401478
1.0,2.0,1.0,5.0,5.0,2.0,1.440233706035434
1.0,2.0,2.0,1.0,1.0,1.0,1.1970348835374411
1.0,2.0,2.0,1.0,2.0,1.0,1.1970476581655742
1.0,2.0,2.0,1.0,2.0,2.0,1.2935203614622186
1.0,2.0,2.0,1.0,2.0,3.0,1.2935202702467625
1.0,2.0,2.0,1.0,3.0,1.0,1.2089660138235143
1.0,2.0,2.0,1.0,3.0,2.0,1.2935203844699252
1.0,2.0,2.0,1.0,3.0,3.0,1.3626605287442304
1.0,2.0,2.0,2.0,1.0,1.0,1.1970476356411828
1.0,2.0,2.0,2.0,2.0,1.0,1.233888626828507
1.0,2.0,2.0,2.0,2.0,2.0,1.363364557573567
1.0,2.0,2.0,2.0,2.0,3.0,1.5224794008640699
1.0,2.0,2.0,2.0,2.0,4.0,1.5224795055873712
1.0,2.0,2.0,2.0,3.0,1.0,1.2338888685158378
1.0,2.0,2.0,2.0,3.0,2.0,1.3633643767815629
1.0,2.0,2.0,2.0,3.0,3.0,1.557619855583859
1.0,2.0,2.0,2.0,4.0,3.0,1.822596130883863
1.0,2.0,2.0,3.0,1.0,1.0,1.1970596475615713
1.0,2.0,2.0,3.0,1.0,2.0,1.363364730014979
1.0,2.0,2.0,3.0,1.0,3.0,1.4003475347889096
1.0,2.0,2.0,3.0,2.0,1.0,1.233888842355631
1.0,2.0,2.0,3.0,2.0,2.0,1.363364650489147
1.0,2.0,2.0,3.0,2.0,3.0,1.527104493300064
1.0,2.0,2.0,3.0,3.0,1.0,1.2338890334708428
1.0,2.0,2.0,3.0,3.0,2.0,1.5203003397380828
1.0,2.0,2.0,3.0,3.0,3.0,1.5917178188978487
1.0,2.0,2.0,3.0,4.0,3.0,1.822596082472491
1.0,2.0,2.0,3.0,4.0,4.0,1.8638023993159156
1.0,2.0,2.0,4.0,1.0,1.0,1.1970719060135837
1.0,2.0,2.0,4.0,1.0,3.0,1.7243305096577524
1.0,2.0,2.0,4.0,3.0,3.0,1.8638102189725767
1.0,2.0,2.0,4.0,4.0,1.0,1.3103348914250763
1.0,2.0,2.0,4.0,4.0,3.0,1.863810109046585
1.0,2.0,2.0,4.0,4.0,4.0,1.8638041595882207
1.0,2.0,2.0,4.0,5.0,5.0,1.8896585433375914
1.0,2.0,2.0,5.0,3.0,4.0,1.932572789928216
1.0,2.0,2.0,5.0,5.0,4.0,2.2454520461619123
1.0,2.0,3.0,1.0,1.0,1.0,1.197042771676152
1.0,2.0,3.0,1.0,2.0,1.0,1.1970513699281895
1.0,2.0,3.0,1.0,2.0,3.0,1.4366823858873474
1.0,2.0,3.0,1.0,3.0,1.0,1.2089661760278723
1.0,2.0,3.0,2.0,1.0,1.0,1.1970403169543686
1.0,2.0,3.0,2.0,1.0,2.0,1.405379173496642
1.0,2.0,3.0,2.0,1.0,3.0,1.436682899569476
1.0,2.0,3.0,2.0,2.0,1.0,1.3128469571686303
1.0,2.0,3.0,2.0,2.0,2.0,1.54318872728519
1.0,2.0,3.0,2.0,3.0,2.0,1.5431886382913094
1.0,2.0,3.0,2.0,3.0,3.0,1.7146378340380284
1.0,2.0,3.0,3.0,1.0,1.0,1.3128472133801308
1.0,2.0,3.0,3.0,1.0,2.0,1.405379167835362
1.0,2.0,3.0,3.0,1.0,3.0,1.4366829277173732
1.0,2.0,3.0,3.0,2.0,1.0,1.312847008729242
1.0,2.0,3.0,3.0,2.0,2.0,1.5798141927755947
1.0,2.0,3.0,3.0,2.0,3.0,1.714637870431174
1.0,2.0,3.0,3.0,2.0,4.0,1.7146378976806933
1.0,2.0,3.0,3.0,3.0,1.0,1.312846823539255
1.0,2.0,3.0,3.0,3.0,2.0,1.5960607424796658
1.0,2.0,3.0,3.0,3.0,3.0,1.714637879666621
1.0,2.0,3.0,3.0,4.0,3.0,1.8225960369809078
1.0,2.0,3.0,3.0,4.0,4.0,2.0987357162658844
1.0,2.0,3.0,4.0,2.0,4.0,2.1596467099654486
1.0,2.0,3.0,4.0,3.0,2.0,1.8638309690228798
1.0,2.0,3.0,4.0,3.0,3.0,1.8638203554663362
1.0,2.0,3.0,4.0,3.0,4.0,2.1596463448932623
1.0,2.0,3.0,4.0,4.0,2.0,1.8638290579621264
1.0,2.0,3.0,4.0,4.0,3.0,1.8638197424383816
1.0,2.0,3.0,4.0,4.0,4.0,2.15964622418035
1.0,2.0,3.0,4.0,5.0,4.0,2.559911649159981
1.0,2.0,3.0,5.0,3.0,4.0,2.1596460826277286
1.0,2.0,3.0,5.0,4.0,3.0,1.863819489256804
1.0,2.0,4.0,2.0,1.0,3.0,1.7834779797802263
1.0,2.0,4.0,3.0,1.0,4.0,2.0903821027005645
1.0,2.0,4.0,3.0,3.0,2.0,1.8638682815237804
1.0,2.0,4.0,3.0,3.0,3.0,1.8638777590140136
1.0,2.0,4.0,4.0,3.0,4.0,2.3170553614469114
1.0,2.0,4.0,4.0,4.0,4.0,2.370824156481264
1.0,2.0,4.0,5.0,4.0,2.0,2.5599119865504956
1.0,2.0,4.0,5.0,5.0,4.0,2.5599117638919466
1.0,2.0,5.0,3.0,3.0,3.0,1.8986215658722543
1.0,2.0,5.0,4.0,4.0,3.0,2.460165249959517
1.0,3.0,1.0,1.0,1.0,1.0,1.1971103260448173
1.0,3.0,1.0,1.0,1.0,2.0,1.197105055795108
1.0,3.0,1.0,1.0,1.0,3.0,1.1971055268587745
1.0,3.0,1.0,1.0,2.0,1.0,1.1970835972390867
1.0,3.0,1.0,1.0,2.0,2.0,1.197107058365517
1.0,3.0,1.0,1.0,2.0,3.0,1.1971076022086424
1.0,3.0,1.0,1.0,3.0,1.0,1.1970863826494438
1.0,3.0,1.0,1.0,3.0,2.0,1.1971151321407134
1.0,3.0,1.0,1.0,3.0,3.0,1.1971112410457223
1.0,3.0,1.0,1.0,4.0,1.0,1.1970971478554138
1.0,3.0,1.0,1.0,4.0,3.0,1.224024176991681
1.0,3.0,1.0,1.0,4.0,4.0,1.3143282385683117
1.0,3.0,1.0,1.0,5.0,3.0,1.2921629688096272
1.0,3.0,1.0,1.0,5.0,4.0,1.74160141138601
1.0,3.0,1.0,2.0,1.0,1.0,1.1970926715981713
1.0,3.0,1.0,2.0,1.0,2.0,1.1970987570580758
1.0,3.0,1.0,2.0,1.0,3.0,1.1970948752176633
1.0,3.0,1.0,2.0,2.0,1.0,1.1971016522998825
1.0,3.0,1.0,2.0,2.0,2.0,1.1970967627195255
1.0,3.0,1.0,2.0,2.0,3.0,1.2135779419490587
1.0,3.0,1.0,2.0,2.0,5.0,1.533216610448444
1.0,3.0,1.0,2.0,3.0,1.0,1.197109678340896
1.0,3.0,1.0,2.0,3.0,2.0,1.2515412564048936
1.0,3.0,1.0,2.0,3.0,3.0,1.2515409685798908
1.0,3.0,1.0,2.0,3.0,4.0,1.4970917649721844
1.0,3.0,1.0,2.0,4.0,3.0,1.2515406064601977
1.0,3.0,1.0,3.0,1.0,1.0,1.1971003617146414
1.0,3.0,1.0,3.0,1.0,2.0,1.1970964410652527
1.0,3.0,1.0,3.0,1.0,3.0,1.1971038176624
1.0,3.0,1.0,3.0,1.0,4.0,1.285898753664163
1.0,3.0,1.0,3.0,2.0,1.0,1.197104779921462
1.0,3.0,1.0,3.0,2.0,2.0,1.2390285780434616
1.0,3.0,1.0,3.0,2.0,3.0,1.2515419348995631
1.0,3.0,1.0,3.0,2.0,4.0,1.3598712637232315
1.0,3.0,1.0,3.0,3.0,1.0,1.1971095185401095
1.0,3.0,1.0,3.0,3.0,2.0,1.2515416191060995
1.0,3.0,1.0,3.0,3.0,3.0,1.2515414766007877
1.0,3.0,1.0,3.0,3.0,4.0,1.4970917041057312
1.0,3.0,1.0,3.0,4.0,2.0,1.4629004813616648
1.0,3.0,1.0,3.0,4.0,3.0,1.4629005261134949
1.0,3.0,1.0,3.0,4.0,4.0,1.6203767769378121
1.0,3.0,1.0,3.0,5.0,3.0,1.6119813701719723
1.0,3.0,1.0,4.0,1.0,1.0,1.1971011429651448
1.0,3.0,1.0,4.0,1.0,2.0,1.197094853407023
1.0,3.0,1.0,4.0,1.0,3.0,1.4629013373806996
1.0,3.0,1.0,4.0,1.0,4.0,1.462901246995331
1.0,3.0,1.0,4.0,2.0,1.0,1.197108469021685
1.0,3.0,1.0,4.0,2.0,2.0,1.403767159046134
1.0,3.0,1.0,4.0,2.0,3.0,1.4629011185796985
1.0,3.0,1.0,4.0,3.0,2.0,1.462900909975771
1.0,3.0,1.0,4.0,3.0,3.0,1.4629009438657465
1.0,3.0,1.0,4.0,3.0,4.0,1.620376817171822
1.0,3.0,1.0,4.0,4.0,2.0,1.462900645751902
1.0,3.0,1.0,4.0,4.0,3.0,1.4629006471835284
1.0,3.0,1.0,4.0,4.0,4.0,1.6203767355129457
1.0,3.0,1.0,4.0,5.0,3.0,1.6680788687639823
1.0,3.0,1.0,4.0,5.0,4.0,1.8521191232177552
1.0,3.0,1.0,5.0,1.0,1.0,1.1970966850539546
1.0,3.0,1.0,5.0,1.0,2.0,1.1970951772594474
1.0,3.0,1.0,5.0,1.0,3.0,1.4744413479011478
1.0,3.0,1.0,5.0,1.0,5.0,1.9116143372382426
1.0,3.0,1.0,5.0,2.0,2.0,1.4037670502111232
1.0,3.0,1.0,5.0,3.0,3.0,1.474441399602539
1.0,3.0,1.0,5.0,4.0,3.0,1.6356026887301995
1.0,3.0,1.0,5.0,4.0,5.0,1.9116141284245194
1.0,3.0,1.0,5.0,5.0,5.0,1.9116140741978724
1.0,3.0,2.0,1.0,1.0,1.0,1.1970758696213557
1.0,3.0,2.0,1.0,1.0,2.0,1.362661054649727
1.0,3.0,2.0,1.0,2.0,1.0,1.1970764054638705
1.0,3.0,2.0,1.0,2.0,2.0,1.362660810367605
1.0,3.0,2.0,1.0,2.0,3.0,1.3626606975771562
1.0,3.0,2.0,1.0,3.0,1.0,1.2089666539995032
1.0,3.0,2.0,1.0,3.0,2.0,1.3626606610358691
1.0,3.0,2.0,1.0,3.0,3.0,1.3626605671909793
1.0,3.0,2.0,1.0,4.0,3.0,1.5354941176617873
1.0,3.0,2.0,1.0,4.0,5.0,1.625839046013817
1.0,3.0,2.0,2.0,1.0,1.0,1.1970684282202697
1.0,3.0,2.0,2.0,1.0,2.0,1.4053789065360824
1.0,3.0,2.0,2.0,1.0,3.0,1.4513139752927455
1.0,3.0,2.0,2.0,2.0,1.0,1.2338885537702216
1.0,3.0,2.0,2.0,2.0,2.0,1.5576200297769287
1.0,3.0,2.0,2.0,3.0,1.0,1.2338887778044714
1.0,3.0,2.0,2.0,3.0,2.0,1.5576198920946487
1.0,3.0,2.0,2.0,3.0,3.0,1.557619827026105
1.0,3.0,2.0,2.0,3.0,4.0,1.62022171731163
1.0,3.0,2.0,2.0,4.0,2.0,1.5576198300909168
1.0,3.0,2.0,2.0,4.0,3.0,1.822596118789467
1.0,3.0,2.0,3.0,1.0,1.0,1.2078663330296902
1.0,3.0,2.0,3.0,1.0,2.0,1.4053789742484362
1.0,3.0,2.0,3.0,1.0,3.0,1.5047060120614084
1.0,3.0,2.0,3.0,2.0,1.0,1.2338887073507143
1.0,3.0,2.0,3.0,2.0,2.0,1.5651696188538087
1.0,3.0,2.0,3.0,2.0,3.0,1.5651695998397326
1.0,3.0,2.0,3.0,3.0,1.0,1.4006046704883652
1.0,3.0,2.0,3.0,3.0,2.0,1.6033251972576623
1.0,3.0,2.0,3.0,3.0,3.0,1.6033252736053514
1.0,3.0,2.0,3.0,3.0,4.0,1.6202217290390164
1.0,3.0,2.0,3.0,4.0,2.0,1.7325958264597003
1.0,3.0,2.0,3.0,4.0,3.0,1.8638153079097128
1.0,3.0,2.0,4.0,1.0,1.0,1.4474127055916557
1.0,3.0,2.0,4.0,1.0,3.0,1.724330536402464
1.0,3.0,2.0,4.0,1.0,4.0,1.7243307450846828
1.0,3.0,2.0,4.0,2.0,2.0,1.6962746465991634
1.0,3.0,2.0,4.0,2.0,3.0,1.8437058438299854
1.0,3.0,2.0,4.0,3.0,2.0,1.6962746095803556
1.0,3.0,2.0,4.0,3.0,3.0,1.863800604008011
1.0,3.0,2.0,4.0,3.0,4.0,1.8638013152362878
1.0,3.0,2.0,4.0,4.0,1.0,1.4474121478699369
1.0,3.0,2.0,4.0,4.0,2.0,1.7325958878807322
1.0,3.0,2.0,4.0,4.0,3.0,1.8638069555490775
1.0,3.0,2.0,4.0,4.0,4.0,1.8638032178392536
1.0,3.0,2.0,4.0,5.0,4.0,2.340742123940024
1.0,3.0,2.0,5.0,3.0,3.0,1.863796005408672
1.0,3.0,2.0,5.0,3.0,4.0,1.932572690057325
1.0,3.0,2.0,5.0,4.0,3.0,1.9739566214563176
1.0,3.0,2.0,5.0,4.0,4.0,1.973956690626489
1.0,3.0,2.0,5.0,4.0,5.0,2.3407422910384503
1.0,3.0,2.0,5.0,5.0,3.0,2.165450039611595
1.0,3.0,2.0,5.0,5.0,5.0,2.340742200218993
1.0,3.0,3.0,1.0,1.0,1.0,1.1970668669773152
1.0,3.0,3.0,1.0,1.0,2.0,1.3626609658058366
1.0,3.0,3.0,1.0,1.0,3.0,1.4366822283827736
1.0,3.0,3.0,1.0,2.0,1.0,1.1970691358782715
1.0,3.0,3.0,1.0,2.0,2.0,1.3626607921343306
1.0,3.0,3.0,1.0,2.0,3.0,1.4366820280768309
1.0,3.0,3.0,1.0,3.0,1.0,1.2089667034345264
1.0,3.0,3.0,1.0,3.0,2.0,1.3626606502099279
1.0,3.0,3.0,1.0,3.0,3.0,1.4366817949669513
1.0,3.0,3.0,1.0,4.0,1.0,1.2089669838939747
1.0,3.0,3.0,1.0,4.0,2.0,1.395963911977942
1.0,3.0,3.0,1.0,4.0,4.0,2.098735845120711
1.0,3.0,3.0,2.0,1.0,1.0,1.3128470823419982
1.0,3.0,3.0,2.0,1.0,2.0,1.4053789957539453
1.0,3.0,3.0,2.0,1.0,3.0,1.6231544411824133
1.0,3.0,3.0,2.0,2.0,1.0,1.312846939590771
1.0,3.0,3.0,2.0,2.0,2.0,1.5576199775649802
1.0,3.0,3.0,2.0,2.0,3.0,1.7146377240744017
1.0,3.0,3.0,2.0,3.0,1.0,1.3128467944885116
1.0,3.0,3.0,2.0,3.0,2.0,1.557619946635963
1.0,3.0,3.0,2.0,3.0,3.0,1.714637729407596
1.0,3.0,3.0,2.0,3.0,4.0,1.7530250316088696
1.0,3.0,3.0,2.0,4.0,3.0,1.863824822877759
1.0,3.0,3.0,3.0,1.0,1.0,1.312847244032081
1.0,3.0,3.0,3.0,1.0,2.0,1.4053790361678205
1.0,3.0,3.0,3.0,1.0,3.0,1.6231544068954802
1.0,3.0,3.0,3.0,2.0,2.0,1.5798141219753028
1.0,3.0,3.0,3.0,2.0,3.0,1.7146377640010286
1.0,3.0,3.0,3.0,3.0,2.0,1.6528709904140515
1.0,3.0,3.0,3.0,3.0,3.0,1.7146378396464719
1.0,3.0,3.0,3.0,3.0,5.0,1.8584596462049188
1.0,3.0,3.0,3.0,4.0,2.0,1.8638302373159406
1.0,3.0,3.0,3.0,4.0,3.0,1.8638237893398788
1.0,3.0,3.0,3.0,4.0,4.0,2.098735711195153
1.0,3.0,3.0,3.0,5.0,4.0,2.2834712281546112
1.0,3.0,3.0,4.0,1.0,1.0,1.465643546623
1.0,3.0,3.0,4.0,1.0,2.0,1.5797559863074564
1.0,3.0,3.0,4.0,1.0,3.0,1.7243304789144935
1.0,3.0,3.0,4.0,1.0,4.0,1.759800740186561
1.0,3.0,3.0,4.0,2.0,2.0,1.8437057524886302
1.0,3.0,3.0,4.0,2.0,3.0,1.8437057765263831
1.0,3.0,3.0,4.0,2.0,4.0,2.2677435174421072
1.0,3.0,3.0,4.0,3.0,1.0,1.4656438087872306
1.0,3.0,3.0,4.0,3.0,2.0,1.8638421592252732
1.0,3.0,3.0,4.0,3.0,3.0,1.9423671401652682
1.0,3.0,3.0,4.0,3.0,4.0,2.2677434775335525
1.0,3.0,3.0,4.0,4.0,1.0,1.8052481108017855
1.0,3.0,3.0,4.0,4.0,2.0,1.863835656192358
1.0,3.0,3.0,4.0,4.0,3.0,1.9423670116968592
1.0,3.0,3.0,4.0,4.0,4.0,2.296471907179499
1.0,3.0,3.0,4.0,4.0,5.0,2.414563622065767
1.0,3.0,3.0,4.0,5.0,4.0,2.562041063105383
1.0,3.0,3.0,5.0,1.0,1.0,1.82087222316568
1.0,3.0,3.0,5.0,1.0,3.0,1.825941285083769
1.0,3.0,3.0,5.0,2.0,3.0,1.9532644615500236
1.0,3.0,3.0,5.0,2.0,4.0,2.267743264077472
1.0,3.0,3.0,5.0,3.0,1.0,1.8638456658077638
1.0,3.0,3.0,5.0,3.0,2.0,1.863843205355101
1.0,3.0,3.0,5.0,3.0,3.0,2.2677413599741114
1.0,3.0,3.0,5.0,3.0,5.0,2.517055504073121
1.0,3.0,3.0,5.0,4.0,3.0,2.2964712971403953
1.0,3.0,3.0,5.0,4.0,4.0,2.2964715215464677
1.0,3.0,3.0,5.0,5.0,2.0,1.863840091958016
1.0,3.0,3.0,5.0,5.0,3.0,2.537223702981297
1.0,3.0,3.0,5.0,5.0,4.0,2.5911913307497767
1.0,3.0,3.0,5.0,5.0,5.0,2.591191341648023
1.0,3.0,4.0,1.0,1.0,1.0,1.1970733811134795
1.0,3.0,4.0,1.0,1.0,3.0,1.449521911264798
1.0,3.0,4.0,1.0,3.0,2.0,1.4711295719110993
1.0,3.0,4.0,2.0,1.0,1.0,1.3128469857359197
1.0,3.0,4.0,2.0,4.0,3.0,2.098735711875148
1.0,3.0,4.0,3.0,1.0,2.0,1.783478019022202
1.0,3.0,4.0,3.0,1.0,3.0,1.7834778438477839
1.0,3.0,4.0,3.0,2.0,3.0,1.7834776248144004
1.0,3.0,4.0,3.0,3.0,3.0,1.8638843606012498
1.0,3.0,4.0,3.0,4.0,4.0,2.098735675134673
1.0,3.0,4.0,4.0,2.0,3.0,1.8437057516976187
1.0,3.0,4.0,4.0,3.0,2.0,1.8638562335127717
1.0,3.0,4.0,4.0,3.0,3.0,2.3708241717760044
1.0,3.0,4.0,4.0,3.0,4.0,2.3708242055581694
1.0,3.0,4.0,4.0,4.0,3.0,2.3708240828237352
1.0,3.0,4.0,4.0,4.0,4.0,2.370824149008791
1.0,3.0,4.0,4.0,4.0,5.0,2.563702146724487
1.0,3.0,4.0,5.0,2.0,4.0,2.368146084556997
1.0,3.0,4.0,5.0,4.0,4.0,2.5599121083696716
1.0,3.0,4.0,5.0,5.0,5.0,2.8709352409169235
1.0,3.0,5.0,1.0,3.0,2.0,1.6202685797446958
1.0,3.0,5.0,3.0,4.0,3.0,2.370823407328552
1.0,3.0,5.0,5.0,3.0,5.0,2.8709357694588857
1.0,3.0,5.0,5.0,5.0,3.0,2.612865718736021
1.0,3.0,5.0,5.0,5.0,4.0,2.7392034103347465
1.0,4.0,1.0,1.0,1.0,1.0,1.1971834903929606
1.0,4.0,1.0,1.0,1.0,2.0,1.197142657700469
1.0,4.0,1.0,1.0,1.0,3.0,1.1971325681322762
1.0,4.0,1.0,1.0,2.0,1.0,1.1971358703360833
1.0,4.0,1.0,1.0,2.0,2.0,1.197136406282022
1.0,4.0,1.0,1.0,2.0,3.0,1.1971279371455943
1.0,4.0,1.0,1.0,3.0,1.0,1.197128408547469
1.0,4.0,1.0,1.0,3.0,2.0,1.197136517975714
1.0,4.0,1.0,1.0,3.0,3.0,1.1971304588063434
1.0,4.0,1.0,1.0,3.0,4.0,1.3143282566649852
1.0,4.0,1.0,1.0,4.0,1.0,1.1971198365011104
1.0,4.0,1.0,1.0,4.0,2.0,1.1971432039562424
1.0,4.0,1.0,1.0,4.0,3.0,1.2703602323600685
1.0,4.0,1.0,1.0,4.0,4.0,1.314328233340521
1.0,4.0,1.0,1.0,5.0,4.0,1.7416014347371174
1.0,4.0,1.0,2.0,1.0,1.0,1.197140367210997
1.0,4.0,1.0,2.0,1.0,2.0,1.1971334042926798
1.0,4.0,1.0,2.0,2.0,1.0,1.1971320452450207
1.0,4.0,1.0,2.0,2.0,2.0,1.3467011496534127
1.0,4.0,1.0,2.0,2.0,3.0,1.3467009485652541
1.0,4.0,1.0,2.0,3.0,1.0,1.1971344362027114
1.0,4.0,1.0,2.0,3.0,2.0,1.3467009825663636
1.0,4.0,1.0,2.0,3.0,3.0,1.3467008269509328
1.0,4.0,1.0,2.0,3.0,4.0,1.620376458175116
1.0,4.0,1.0,2.0,4.0,1.0,1.197145817352822
1.0,4.0,1.0,2.0,4.0,3.0,1.3467006261185333
1.0,4.0,1.0,2.0,4.0,5.0,1.9116140166117883
1.0,4.0,1.0,3.0,1.0,1.0,1.1971232674135552
1.0,4.0,1.0,3.0,1.0,2.0,1.2411951572859465
1.0,4.0,1.0,3.0,1.0,3.0,1.2411951374078554
1.0,4.0,1.0,3.0,2.0,1.0,1.1971207750394832
1.0,4.0,1.0,3.0,2.0,2.0,1.346701347775112
1.0,4.0,1.0,3.0,2.0,3.0,1.3795612288803678
1.0,4.0,1.0,3.0,3.0,1.0,1.1971225804197398
1.0,4.0,1.0,3.0,3.0,2.0,1.3958178245005486
1.0,4.0,1.0,3.0,3.0,3.0,1.3958178848499385
1.0,4.0,1.0,3.0,3.0,4.0,1.620376730419135
1.0,4.0,1.0,3.0,4.0,2.0,1.4629002123744153
1.0,4.0,1.0,3.0,4.0,3.0,1.5144353169955704
1.0,4.0,1.0,3.0,4.0,4.0,1.6203768364454496
1.0,4.0,1.0,4.0,1.0,1.0,1.1971165949510447
1.0,4.0,1.0,4.0,1.0,2.0,1.2411951844082734
1.0,4.0,1.0,4.0,1.0,3.0,1.4629012374527768
1.0,4.0,1.0,4.0,1.0,4.0,1.4629011580783369
1.0,4.0,1.0,4.0,2.0,1.0,1.1971155158929068
1.0,4.0,1.0,4.0,2.0,4.0,1.4629010931144029
1.0,4.0,1.0,4.0,3.0,1.0,1.1971121388985957
1.0,4.0,1.0,4.0,3.0,3.0,1.462901046802304
1.0,4.0,1.0,4.0,3.0,4.0,1.6203769020837493
1.0,4.0,1.0,4.0,4.0,1.0,1.341125974638464
1.0,4.0,1.0,4.0,4.0,2.0,1.5144348742832063
1.0,4.0,1.0,4.0,4.0,3.0,1.5144353219625821
1.0,4.0,1.0,4.0,4.0,4.0,1.6203771565493508
1.0,4.0,1.0,4.0,5.0,2.0,1.679048524433941
1.0,4.0,1.0,4.0,5.0,4.0,1.8521190793917761
1.0,4.0,1.0,5.0,2.0,4.0,1.7144345290691212
1.0,4.0,1.0,5.0,2.0,5.0,1.9116142287716589
1.0,4.0,1.0,5.0,3.0,2.0,1.626207545022995
1.0,4.0,1.0,5.0,3.0,4.0,1.7144345304710713
1.0,4.0,1.0,5.0,4.0,3.0,1.6356026253259077
1.0,4.0,1.0,5.0,4.0,4.0,1.7144345812742319
1.0,4.0,1.0,5.0,5.0,4.0,1.8521190973237036
1.0,4.0,1.0,5.0,5.0,5.0,1.9116140594572868
1.0,4.0,2.0,1.0,1.0,1.0,1.1971221504620706
1.0,4.0,2.0,1.0,1.0,2.0,1.3626612009308725
1.0,4.0,2.0,1.0,2.0,1.0,1.1971132163111897
1.0,4.0,2.0,1.0,2.0,2.0,1.4143243666362626
1.0,4.0,2.0,1.0,2.0,3.0,1.4366817409746655
1.0,4.0,2.0,1.0,3.0,1.0,1.2089670645986201
1.0,4.0,2.0,1.0,3.0,2.0,1.4143239788376176
1.0,4.0,2.0,1.0,3.0,3.0,1.5354943414577304
1.0,4.0,2.0,1.0,4.0,2.0,1.5354939581647258
1.0,4.0,2.0,1.0,4.0,3.0,1.5354940729535236
1.0,4.0,2.0,1.0,4.0,4.0,1.5354939585190504
1.0,4.0,2.0,2.0,1.0,2.0,1.4053787545714
1.0,4.0,2.0,2.0,2.0,1.0,1.233887931914813
1.0,4.0,2.0,2.0,2.0,2.0,1.5576198401154828
1.0,4.0,2.0,2.0,2.0,3.0,1.557619776079175
1.0,4.0,2.0,2.0,3.0,1.0,1.3383828477116644
1.0,4.0,2.0,2.0,3.0,2.0,1.5576197260737006
1.0,4.0,2.0,2.0,3.0,3.0,1.5576197448692175
1.0,4.0,2.0,2.0,3.0,4.0,1.787913008341792
1.0,4.0,2.0,2.0,4.0,1.0,1.33838277626739
1.0,4.0,2.0,2.0,4.0,2.0,1.5576197283734408
1.0,4.0,2.0,2.0,4.0,3.0,1.8225960867254993
1.0,4.0,2.0,2.0,4.0,4.0,2.0391825996416806
1.0,4.0,2.0,2.0,5.0,1.0,1.6362777415457779
1.0,4.0,2.0,3.0,1.0,1.0,1.4006048610913389
1.0,4.0,2.0,3.0,1.0,2.0,1.4504060843828397
1.0,4.0,2.0,3.0,1.0,3.0,1.6130334932798442
1.0,4.0,2.0,3.0,2.0,1.0,1.4006046493137987
1.0,4.0,2.0,3.0,2.0,2.0,1.5798139007024794
1.0,4.0,2.0,3.0,2.0,3.0,1.6130334555954324
1.0,4.0,2.0,3.0,2.0,4.0,1.8532386588862744
1.0,4.0,2.0,3.0,3.0,1.0,1.400604656711203
1.0,4.0,2.0,3.0,3.0,2.0,1.6860784243416531
1.0,4.0,2.0,3.0,3.0,3.0,1.8162829286619524
1.0,4.0,2.0,3.0,3.0,4.0,1.8532385942168312
1.0,4.0,2.0,3.0,4.0,2.0,1.7325957833166359
1.0,4.0,2.0,3.0,4.0,3.0,1.926677254607731
1.0,4.0,2.0,3.0,4.0,4.0,2.039182662206741
1.0,4.0,2.0,3.0,5.0,2.0,2.0391808019553204
1.0,4.0,2.0,3.0,5.0,4.0,2.180668551311685
1.0,4.0,2.0,4.0,1.0,1.0,1.5904720887432147
1.0,4.0,2.0,4.0,1.0,3.0,1.7243304273194466
1.0,4.0,2.0,4.0,1.0,4.0,1.9603908190817543
1.0,4.0,2.0,4.0,2.0,1.0,1.5904720960571228
1.0,4.0,2.0,4.0,2.0,2.0,1.7325962423585726
1.0,4.0,2.0,4.0,2.0,3.0,1.8637897017079665
1.0,4.0,2.0,4.0,2.0,4.0,2.037477405986178
1.0,4.0,2.0,4.0,3.0,2.0,1.7325960209563525
1.0,4.0,2.0,4.0,3.0,3.0,1.8637912903889222
1.0,4.0,2.0,4.0,3.0,4.0,2.039182746882138
1.0,4.0,2.0,4.0,4.0,3.0,2.0391820065088146
1.0,4.0,2.0,4.0,4.0,4.0,2.039182710022222
1.0,4.0,2.0,4.0,4.0,5.0,2.5736171781612827
1.0,4.0,2.0,4.0,5.0,3.0,2.039181254695724
1.0,4.0,2.0,4.0,5.0,4.0,2.3407419372227407
1.0,4.0,2.0,5.0,1.0,3.0,1.7243304268962654
1.0,4.0,2.0,5.0,2.0,3.0,1.8637904527373776
1.0,4.0,2.0,5.0,3.0,3.0,1.8637924141386413
1.0,4.0,2.0,5.0,3.0,4.0,2.039182645664845
1.0,4.0,2.0,5.0,4.0,5.0,2.591191410477837
1.0,4.0,3.0,1.0,1.0,1.0,1.1970955240985357
1.0,4.0,3.0,1.0,1.0,3.0,1.4366818515569104
1.0,4.0,3.0,1.0,1.0,4.0,1.4366816777933094
1.0,4.0,3.0,1.0,2.0,1.0,1.1970924348903378
1.0,4.0,3.0,1.0,2.0,2.0,1.4320736833726497
1.0,4.0,3.0,1.0,2.0,3.0,1.4366818074618748
1.0,4.0,3.0,1.0,3.0,1.0,1.2469352584929583
1.0,4.0,3.0,1.0,3.0,2.0,1.535494472651275
1.0,4.0,3.0,1.0,3.0,3.0,1.5354944600869
1.0,4.0,3.0,1.0,3.0,4.0,1.6210025726954096
1.0,4.0,3.0,1.0,4.0,1.0,1.315962054819449
1.0,4.0,3.0,1.0,4.0,3.0,1.6603200110299283
1.0,4.0,3.0,1.0,4.0,4.0,2.186519314252735
1.0,4.0,3.0,1.0,5.0,1.0,1.389935308488999
1.0,4.0,3.0,2.0,1.0,1.0,1.3383827521858414
1.0,4.0,3.0,2.0,1.0,2.0,1.4053788437623203
1.0,4.0,3.0,2.0,1.0,3.0,1.666512184246362
1.0,4.0,3.0,2.0,2.0,1.0,1.3383827655470835
1.0,4.0,3.0,2.0,2.0,2.0,1.557619899299352
1.0,4.0,3.0,2.0,2.0,3.0,1.7229475722782321
1.0,4.0,3.0,2.0,2.0,4.0,2.029160874151066
1.0,4.0,3.0,2.0,3.0,1.0,1.3383827798875838
1.0,4.0,3.0,2.0,3.0,2.0,1.6592732996971744
1.0,4.0,3.0,2.0,3.0,3.0,1.9266775530518698
1.0,4.0,3.0,2.0,3.0,5.0,2.473054571174952
1.0,4.0,3.0,2.0,4.0,2.0,1.926677091717669
1.0,4.0,3.0,2.0,4.0,3.0,1.9266772521791518
1.0,4.0,3.0,2.0,4.0,4.0,2.186519340798258
1.0,4.0,3.0,2.0,5.0,2.0,1.9984043842457466
1.0,4.0,3.0,3.0,1.0,1.0,1.4391852356467603
1.0,4.0,3.0,3.0,1.0,3.0,1.6665121585191165
1.0,4.0,3.0,3.0,2.0,2.0,1.5798139756643188
1.0,4.0,3.0,3.0,2.0,3.0,1.92667788774912
1.0,4.0,3.0,3.0,2.0,4.0,2.2677429900193027
1.0,4.0,3.0,3.0,3.0,1.0,1.5720722267227758
1.0,4.0,3.0,3.0,3.0,2.0,1.9266773825287735
1.0,4.0,3.0,3.0,3.0,3.0,1.926677799953835
1.0,4.0,3.0,3.0,3.0,4.0,2.267742939345392
1.0,4.0,3.0,3.0,4.0,1.0,1.7192957757801453
1.0,4.0,3.0,3.0,4.0,2.0,1.9266770427242172
1.0,4.0,3.0,3.0,4.0,3.0,1.9266773270452224
1.0,4.0,3.0,3.0,4.0,4.0,2.296472361048662
1.0,4.0,3.0,3.0,4.0,5.0,2.473054438926098
1.0,4.0,3.0,3.0,5.0,3.0,2.174907463001425
1.0,4.0,3.0,3.0,5.0,5.0,2.4730543430562166
1.0,4.0,3.0,4.0,1.0,1.0,1.5904720060242385
1.0,4.0,3.0,4.0,1.0,2.0,1.7243303385837394
1.0,4.0,3.0,4.0,1.0,3.0,1.7243303746143595
1.0,4.0,3.0,4.0,1.0,4.0,1.9603908153026197
1.0,4.0,3.0,4.0,2.0,1.0,1.5904720016318976
1.0,4.0,3.0,4.0,2.0,2.0,1.9266770791864567
1.0,4.0,3.0,4.0,2.0,3.0,1.9523628549327847
1.0,4.0,3.0,4.0,3.0,1.0,1.6281697272285003
1.0,4.0,3.0,4.0,3.0,2.0,1.9266770681487322
1.0,4.0,3.0,4.0,3.0,3.0,2.065081477085267
1.0,4.0,3.0,4.0,3.0,4.0,2.2677428133139044
1.0,4.0,3.0,4.0,4.0,2.0,1.926676833438735
1.0,4.0,3.0,4.0,4.0,3.0,2.1446877442390946
1.0,4.0,3.0,4.0,4.0,4.0,2.2964724342277623
1.0,4.0,3.0,4.0,4.0,5.0,2.591191334660391
1.0,4.0,3.0,4.0,5.0,3.0,2.1749076031284638
1.0,4.0,3.0,4.0,5.0,4.0,2.562041060891372
1.0,4.0,3.0,5.0,2.0,2.0,1.953264490242257
1.0,4.0,3.0,5.0,2.0,3.0,1.9532644468353868
1.0,4.0,3.0,5.0,2.0,4.0,2.2677428096325425
1.0,4.0,3.0,5.0,3.0,3.0,2.2677414479985947
1.0,4.0,3.0,5.0,3.0,4.0,2.267742102185892
1.0,4.0,3.0,5.0,4.0,2.0,2.160613674499908
1.0,4.0,3.0,5.0,4.0,3.0,2.5372238338200397
1.0,4.0,3.0,5.0,4.0,4.0,2.5599125195587753
1.0,4.0,3.0,5.0,5.0,1.0,2.10824882527298
1.0,4.0,3.0,5.0,5.0,4.0,2.5911913709858916
1.0,4.0,3.0,5.0,5.0,5.0,2.591191392810927
1.0,4.0,4.0,1.0,1.0,1.0,1.1970822905464802
1.0,4.0,4.0,1.0,1.0,2.0,1.3695199255840753
1.0,4.0,4.0,1.0,2.0,1.0,1.6452644122312867
1.0,4.0,4.0,2.0,1.0,1.0,1.3383827642689812
1.0,4.0,4.0,2.0,2.0,2.0,1.6592733184262587
1.0,4.0,4.0,2.0,3.0,2.0,1.6592732803021184
1.0,4.0,4.0,2.0,4.0,3.0,2.370823708005166
1.0,4.0,4.0,2.0,4.0,4.0,2.370823749781547
1.0,4.0,4.0,3.0,1.0,1.0,1.4391852109696146
1.0,4.0,4.0,3.0,1.0,3.0,1.7834778110538207
1.0,4.0,4.0,3.0,3.0,1.0,1.6452642324623978
1.0,4.0,4.0,3.0,3.0,3.0,1.9266777519820641
1.0,4.0,4.0,3.0,4.0,2.0,1.9266767570778778
1.0,4.0,4.0,3.0,4.0,3.0,2.3708237249061215
1.0,4.0,4.0,3.0,4.0,4.0,2.3708238631684098
1.0,4.0,4.0,4.0,1.0,1.0,1.590471956580874
1.0,4.0,4.0,4.0,1.0,2.0,1.7834780548036284
1.0,4.0,4.0,4.0,1.0,3.0,1.783477882100271
1.0,4.0,4.0,4.0,1.0,4.0,2.33742343537856
1.0,4.0,4.0,4.0,2.0,3.0,1.9523628472046417
1.0,4.0,4.0,4.0,2.0,4.0,2.370824304666961
1.0,4.0,4.0,4.0,3.0,4.0,2.370824260626715
1.0,4.0,4.0,4.0,4.0,1.0,1.8052479347755424
1.0,4.0,4.0,4.0,4.0,2.0,1.92667664605046
1.0,4.0,4.0,4.0,4.0,3.0,2.3708239616718303
1.0,4.0,4.0,4.0,4.0,4.0,2.3708242006084714
1.0,4.0,4.0,4.0,5.0,2.0,2.3049978149845183
1.0,4.0,4.0,4.0,5.0,5.0,2.870935175736441
1.0,4.0,4.0,5.0,1.0,4.0,2.3374233864665315
1.0,4.0,4.0,5.0,3.0,4.0,2.4884549700598675
1.0,4.0,4.0,5.0,3.0,5.0,2.517055445293362
1.0,4.0,4.0,5.0,4.0,4.0,2.559912327855088
1.0,4.0,4.0,5.0,4.0,5.0,2.8709352987337766
1.0,4.0,4.0,5.0,5.0,4.0,2.870935241259425
1.0,4.0,4.0,5.0,5.0,5.0,2.8709353055871443
1.0,4.0,5.0,1.0,2.0,1.0,1.64526466463231
1.0,4.0,5.0,1.0,3.0,3.0,2.057812766936082
1.0,4.0,5.0,1.0,3.0,4.0,2.0578127227653433
1.0,4.0,5.0,3.0,4.0,3.0,2.370823477865247
1.0,4.0,5.0,3.0,4.0,4.0,2.8709350524184627
1.0,4.0,5.0,4.0,4.0,3.0,2.4601651362486283
1.0,4.0,5.0,4.0,4.0,4.0,2.8709351913391963
1.0,4.0,5.0,5.0,5.0,4.0,2.8709353081730713
1.0,4.0,5.0,5.0,5.0,5.0,2.870935580064798
1.0,5.0,1.0,1.0,1.0,1.0,1.1971793304936476
1.0,5.0,1.0,1.0,1.0,2.0,1.1971571606293625
1.0,5.0,1.0,1.0,1.0,3.0,1.1971471096041935
1.0,5.0,1.0,1.0,1.0,4.0,1.4991673737262379
1.0,5.0,1.0,1.0,1.0,5.0,1.533216790759119
1.0,5.0,1.0,1.0,2.0,1.0,1.1971551885415423
1.0,5.0,1.0,1.0,2.0,2.0,1.1971535374179214
1.0,5.0,1.0,1.0,3.0,1.0,1.1971526890875321
1.0,5.0,1.0,1.0,3.0,2.0,1.2065345463365809
1.0,5.0,1.0,1.0,3.0,3.0,1.2065343221251592
1.0,5.0,1.0,1.0,4.0,2.0,1.2065345498664186
1.0,5.0,1.0,1.0,5.0,1.0,1.2921627180945645
1.0,5.0,1.0,1.0,5.0,3.0,1.292162623343714
1.0,5.0,1.0,1.0,5.0,4.0,1.7416014967043778
1.0,5.0,1.0,1.0,5.0,5.0,1.7416015183715132
1.0,5.0,1.0,2.0,1.0,1.0,1.1971606274374118
1.0,5.0,1.0,2.0,1.0,2.0,1.2425603006951678
1.0,5.0,1.0,2.0,1.0,3.0,1.3467008521480512
1.0,5.0,1.0,2.0,2.0,1.0,1.197150686505755
1.0,5.0,1.0,2.0,2.0,2.0,1.3467008945707026
1.0,5.0,1.0,2.0,2.0,3.0,1.346700832043111
1.0,5.0,1.0,2.0,2.0,4.0,1.4991672743676092
1.0,5.0,1.0,2.0,3.0,1.0,1.1971501377525133
1.0,5.0,1.0,2.0,3.0,2.0,1.3467007332788776
1.0,5.0,1.0,2.0,3.0,3.0,1.3467007268619773
1.0,5.0,1.0,2.0,3.0,4.0,1.6203762557373462
1.0,5.0,1.0,2.0,4.0,1.0,1.1971510710971827
1.0,5.0,1.0,2.0,5.0,2.0,1.3467002567914101
1.0,5.0,1.0,2.0,5.0,4.0,1.9116139182870269
1.0,5.0,1.0,3.0,1.0,1.0,1.2425602602361914
1.0,5.0,1.0,3.0,1.0,2.0,1.242560274788649
1.0,5.0,1.0,3.0,1.0,3.0,1.346700940070697
1.0,5.0,1.0,3.0,2.0,1.0,1.2707891685434964
1.0,5.0,1.0,3.0,2.0,2.0,1.3795609733907253
1.0,5.0,1.0,3.0,2.0,3.0,1.3795610849011797
1.0,5.0,1.0,3.0,2.0,5.0,1.5788814558442887
1.0,5.0,1.0,3.0,3.0,1.0,1.2707889656025004
1.0,5.0,1.0,3.0,3.0,3.0,1.5144353586041435
1.0,5.0,1.0,3.0,3.0,4.0,1.7487228835663293
1.0,5.0,1.0,3.0,4.0,1.0,1.2707885537221641
1.0,5.0,1.0,3.0,4.0,2.0,1.4628999235947246
1.0,5.0,1.0,3.0,4.0,3.0,1.5144352592157042
1.0,5.0,1.0,3.0,5.0,3.0,1.7891902926876349
1.0,5.0,1.0,3.0,5.0,5.0,1.9116139971513315
1.0,5.0,1.0,4.0,1.0,1.0,1.2425601560321198
1.0,5.0,1.0,4.0,1.0,2.0,1.2425601666322572
1.0,5.0,1.0,4.0,1.0,3.0,1.4744410163137436
1.0,5.0,1.0,4.0,2.0,3.0,1.4744409554106308
1.0,5.0,1.0,4.0,3.0,3.0,1.597148803587993
1.0,5.0,1.0,4.0,3.0,5.0,1.7487227222189583
1.0,5.0,1.0,4.0,4.0,1.0,1.3411261923316296
1.0,5.0,1.0,4.0,4.0,2.0,1.5144345056136221
1.0,5.0,1.0,4.0,4.0,3.0,1.5971486769682484
1.0,5.0,1.0,4.0,4.0,4.0,1.91161395112627
1.0,5.0,1.0,4.0,4.0,5.0,1.9116139427104202
1.0,5.0,1.0,4.0,5.0,2.0,1.6790481411477094
1.0,5.0,1.0,4.0,5.0,3.0,1.7891902597129905
1.0,5.0,1.0,4.0,5.0,4.0,1.9116139459196415
1.0,5.0,1.0,5.0,1.0,1.0,1.242560056203596
1.0,5.0,1.0,5.0,1.0,2.0,1.28335010442334
1.0,5.0,1.0,5.0,1.0,3.0,1.4744411426736594
1.0,5.0,1.0,5.0,1.0,4.0,1.536025651874823
1.0,5.0,1.0,5.0,1.0,5.0,1.9116143151459293
1.0,5.0,1.0,5.0,2.0,2.0,1.4037669357148277
1.0,5.0,1.0,5.0,2.0,3.0,1.6262076147113467
1.0,5.0,1.0,5.0,2.0,5.0,1.9116142096141977
1.0,5.0,1.0,5.0,3.0,3.0,1.6262076305676407
1.0,5.0,1.0,5.0,3.0,4.0,1.7487230684932913
1.0,5.0,1.0,5.0,3.0,5.0,1.9116140853442585
1.0,5.0,1.0,5.0,4.0,1.0,1.6176195150057193
1.0,5.0,1.0,5.0,4.0,3.0,1.9116139282160596
1.0,5.0,1.0,5.0,4.0,5.0,1.9116139996695543
1.0,5.0,1.0,5.0,5.0,1.0,1.6176194575936396
1.0,5.0,1.0,5.0,5.0,3.0,1.9116140262833636
1.0,5.0,1.0,5.0,5.0,5.0,1.9116141172420449
1.0,5.0,2.0,1.0,1.0,1.0,1.1971391882700744
1.0,5.0,2.0,1.0,2.0,1.0,1.197137025062033
1.0,5.0,2.0,1.0,3.0,1.0,1.4143233287159873
1.0,5.0,2.0,1.0,3.0,2.0,1.4143235607376814
1.0,5.0,2.0,1.0,3.0,3.0,1.593055641070083
1.0,5.0,2.0,1.0,4.0,1.0,1.4393340789414135
1.0,5.0,2.0,1.0,4.0,2.0,1.6362770505212196
1.0,5.0,2.0,2.0,1.0,1.0,1.317959211699934
1.0,5.0,2.0,2.0,1.0,2.0,1.40537860088764
1.0,5.0,2.0,2.0,1.0,3.0,1.7501192631269598
1.0,5.0,2.0,2.0,2.0,1.0,1.3179592605434776
1.0,5.0,2.0,2.0,2.0,2.0,1.5576196364960435
1.0,5.0,2.0,2.0,3.0,1.0,1.4427219835360745
1.0,5.0,2.0,2.0,3.0,2.0,1.557619568307986
1.0,5.0,2.0,2.0,3.0,3.0,1.7879132121764991
1.0,5.0,2.0,2.0,3.0,4.0,1.7879130581719138
1.0,5.0,2.0,2.0,4.0,3.0,1.9266768596943822
1.0,5.0,2.0,2.0,5.0,2.0,1.636277268326876
1.0,5.0,2.0,2.0,5.0,3.0,2.051013634002758
1.0,5.0,2.0,3.0,1.0,5.0,2.0574505285855635
1.0,5.0,2.0,3.0,2.0,1.0,1.4006044230501473
1.0,5.0,2.0,3.0,2.0,2.0,1.7325963671381186
1.0,5.0,2.0,3.0,2.0,3.0,1.8218390189146318
1.0,5.0,2.0,3.0,3.0,1.0,1.6362772732243462
1.0,5.0,2.0,3.0,3.0,2.0,1.732596241962995
1.0,5.0,2.0,3.0,3.0,3.0,1.821839032193992
1.0,5.0,2.0,3.0,3.0,4.0,2.0790585781058675
1.0,5.0,2.0,3.0,4.0,2.0,1.7325959238579374
1.0,5.0,2.0,3.0,4.0,3.0,2.0266937768520763
1.0,5.0,2.0,3.0,5.0,2.0,2.0391805093735758
1.0,5.0,2.0,3.0,5.0,3.0,2.0510135453922858
1.0,5.0,2.0,4.0,1.0,3.0,1.8637853553461148
1.0,5.0,2.0,4.0,1.0,4.0,1.9603907396549218
1.0,5.0,2.0,4.0,3.0,3.0,1.8637874221240762
1.0,5.0,2.0,4.0,3.0,4.0,2.157786263943702
1.0,5.0,2.0,4.0,4.0,2.0,1.732595854456845
1.0,5.0,2.0,4.0,4.0,3.0,2.27031136260161
1.0,5.0,2.0,4.0,4.0,4.0,2.270311281673894
1.0,5.0,2.0,4.0,5.0,1.0,1.6362774321390985
1.0,5.0,2.0,4.0,5.0,3.0,2.270311316305097
1.0,5.0,2.0,4.0,5.0,4.0,2.3407418023771625
1.0,5.0,2.0,4.0,5.0,5.0,2.5736170992968503
1.0,5.0,2.0,5.0,1.0,4.0,2.063109416993165
1.0,5.0,2.0,5.0,1.0,5.0,2.119034892143138
1.0,5.0,2.0,5.0,2.0,2.0,1.7325963055254223
1.0,5.0,2.0,5.0,3.0,4.0,2.2677405996186257
1.0,5.0,2.0,5.0,3.0,5.0,2.2677401435024795
1.0,5.0,2.0,5.0,4.0,1.0,2.1921677565910263
1.0,5.0,2.0,5.0,4.0,5.0,2.59119149137389
1.0,5.0,2.0,5.0,5.0,4.0,2.3407416809197334
1.0,5.0,2.0,5.0,5.0,5.0,2.5911916747333796
1.0,5.0,3.0,1.0,1.0,1.0,1.1971173078047945
1.0,5.0,3.0,1.0,1.0,2.0,1.4225529431482926
1.0,5.0,3.0,1.0,1.0,3.0,1.4366817182882912
1.0,5.0,3.0,1.0,2.0,2.0,1.4320736827487741
1.0,5.0,3.0,1.0,3.0,1.0,1.4143232070635707
1.0,5.0,3.0,1.0,3.0,3.0,1.5930556055878724
1.0,5.0,3.0,1.0,4.0,3.0,1.6603199454122604
1.0,5.0,3.0,1.0,4.0,4.0,2.186519278066563
1.0,5.0,3.0,2.0,1.0,1.0,1.3383827039500995
1.0,5.0,3.0,2.0,1.0,2.0,1.4225528729256667
1.0,5.0,3.0,2.0,1.0,3.0,1.7501192883566328
1.0,5.0,3.0,2.0,2.0,1.0,1.6437790995942296
1.0,5.0,3.0,2.0,2.0,2.0,1.71929631897712
1.0,5.0,3.0,2.0,3.0,1.0,1.7192958536604594
1.0,5.0,3.0,2.0,3.0,2.0,1.719296152181005
1.0,5.0,3.0,2.0,3.0,3.0,1.9266773764997946
1.0,5.0,3.0,2.0,3.0,5.0,2.4730546106640703
1.0,5.0,3.0,2.0,4.0,3.0,1.9266770871212586
1.0,5.0,3.0,2.0,4.0,4.0,2.1865192636547435
1.0,5.0,3.0,2.0,5.0,5.0,2.4730544970507387
1.0,5.0,3.0,3.0,1.0,1.0,1.64377923391174
1.0,5.0,3.0,3.0,1.0,2.0,1.8275758549242407
1.0,5.0,3.0,3.0,1.0,3.0,1.925916322705572
1.0,5.0,3.0,3.0,2.0,1.0,1.6437791351444848
1.0,5.0,3.0,3.0,2.0,2.0,1.9015487404083762
1.0,5.0,3.0,3.0,2.0,3.0,1.9266777517047002
1.0,5.0,3.0,3.0,3.0,2.0,1.9266774406577247
1.0,5.0,3.0,3.0,3.0,3.0,1.926677660170389
1.0,5.0,3.0,3.0,3.0,4.0,2.2677425908080164
1.0,5.0,3.0,3.0,4.0,1.0,1.7192957306363201
1.0,5.0,3.0,3.0,4.0,3.0,2.174907350655123
1.0,5.0,3.0,3.0,4.0,4.0,2.56351855639705
1.0,5.0,3.0,3.0,4.0,5.0,2.563517929508129
1.0,5.0,3.0,3.0,5.0,3.0,2.1749073684097824
1.0,5.0,3.0,4.0,1.0,1.0,1.6437792899319585
1.0,5.0,3.0,4.0,1.0,4.0,1.9603907331777843
1.0,5.0,3.0,4.0,2.0,2.0,1.9802762822107984
1.0,5.0,3.0,4.0,2.0,3.0,2.247489741694779
1.0,5.0,3.0,4.0,2.0,5.0,2.359289633822494
1.0,5.0,3.0,4.0,3.0,2.0,2.0386556336554773
1.0,5.0,3.0,4.0,3.0,3.0,2.2474896887391824
1.0,5.0,3.0,4.0,3.0,4.0,2.26774225793912
1.0,5.0,3.0,4.0,3.0,5.0,2.47305463401615
1.0,5.0,3.0,4.0,4.0,3.0,2.4802109138445148
1.0,5.0,3.0,4.0,4.0,4.0,2.563519055326049
1.0,5.0,3.0,4.0,4.0,5.0,2.5911913002622
1.0,5.0,3.0,4.0,5.0,2.0,2.202195320609776
1.0,5.0,3.0,4.0,5.0,4.0,2.5911913807969094
1.0,5.0,3.0,5.0,1.0,3.0,2.267740381899159
1.0,5.0,3.0,5.0,1.0,5.0,2.3640441616464027
1.0,5.0,3.0,5.0,2.0,3.0,2.267740575484551
1.0,5.0,3.0,5.0,2.0,5.0,2.5911917042110737
1.0,5.0,3.0,5.0,3.0,3.0,2.2677410508430693
1.0,5.0,3.0,5.0,3.0,4.0,2.2677414302876535
1.0,5.0,3.0,5.0,3.0,5.0,2.5911916396160595
1.0,5.0,3.0,5.0,4.0,3.0,2.537223738754861
1.0,5.0,3.0,5.0,4.0,4.0,2.5911916003572064
1.0,5.0,3.0,5.0,4.0,5.0,2.5911915119393805
1.0,5.0,3.0,5.0,5.0,3.0,2.5372236452126793
1.0,5.0,3.0,5.0,5.0,4.0,2.5911914941504395
1.0,5.0,3.0,5.0,5.0,5.0,2.591191677228158
1.0,5.0,4.0,1.0,3.0,2.0,2.025275944358232
1.0,5.0,4.0,1.0,3.0,3.0,2.02527595893183
1.0,5.0,4.0,2.0,1.0,1.0,1.3682453327329576
1.0,5.0,4.0,2.0,2.0,1.0,1.6452642936250583
1.0,5.0,4.0,2.0,2.0,2.0,1.971959765255176
1.0,5.0,4.0,2.0,3.0,2.0,2.0852963923395627
1.0,5.0,4.0,3.0,1.0,4.0,2.33742341899388
1.0,5.0,4.0,3.0,3.0,2.0,2.085296399549386
1.0,5.0,4.0,3.0,3.0,3.0,2.4785992674705994
1.0,5.0,4.0,3.0,4.0,5.0,2.563517393255892
1.0,5.0,4.0,3.0,5.0,2.0,2.2726061930735963
1.0,5.0,4.0,3.0,5.0,5.0,2.563517057365377
1.0,5.0,4.0,4.0,1.0,1.0,1.64377921389022
1.0,5.0,4.0,4.0,1.0,3.0,1.9259162671015853
1.0,5.0,4.0,4.0,2.0,3.0,2.255752559185761
1.0,5.0,4.0,4.0,3.0,3.0,2.5635189566083842
1.0,5.0,4.0,4.0,3.0,4.0,2.5635189571375374
1.0,5.0,4.0,4.0,4.0,4.0,2.5635189863047083
1.0,5.0,4.0,4.0,4.0,5.0,2.5911911538460446
1.0,5.0,4.0,4.0,5.0,3.0,2.870934888452628
1.0,5.0,4.0,4.0,5.0,4.0,2.8709350560488924
1.0,5.0,4.0,4.0,5.0,5.0,2.870935170838662
1.0,5.0,4.0,5.0,1.0,4.0,2.337423362504148
1.0,5.0,4.0,5.0,4.0,4.0,2.8709352625327416
1.0,5.0,4.0,5.0,4.0,5.0,2.8709352876137952
1.0,5.0,4.0,5.0,5.0,4.0,2.870935246921988
1.0,5.0,4.0,5.0,5.0,5.0,2.8709354446470523
1.0,5.0,5.0,1.0,1.0,1.0,1.43865692404786
1.0,5.0,5.0,1.0,2.0,2.0,2.0423709570132473
1.0,5.0,5.0,1.0,4.0,3.0,2.4168099243024317
1.0,5.0,5.0,1.0,5.0,4.0,2.416809841058614
1.0,5.0,5.0,1.0,5.0,5.0,2.870936031270825
1.0,5.0,5.0,2.0,3.0,3.0,2.321409074952099
1.0,5.0,5.0,3.0,3.0,3.0,2.6758112660776003
1.0,5.0,5.0,3.0,5.0,3.0,2.6758111719875224
1.0,5.0,5.0,3.0,5.0,4.0,2.87093493252863
1.0,5.0,5.0,4.0,1.0,3.0,1.92751465586997
1.0,5.0,5.0,4.0,5.0,3.0,2.870934877988686
1.0,5.0,5.0,4.0,5.0,4.0,2.870935040172961
1.0,5.0,5.0,5.0,1.0,1.0,1.8208721391101639
1.0,5.0,5.0,5.0,1.0,4.0,2.870935861843005
1.0,5.0,5.0,5.0,1.0,5.0,2.8709359101282463
1.0,5.0,5.0,5.0,3.0,4.0,2.8709356799438392
1.0,5.0,5.0,5.0,3.0,5.0,2.870935837901712
1.0,5.0,5.0,5.0,4.0,2.0,2.870935573418041
1.0,5.0,5.0,5.0,4.0,4.0,2.870935380634401
1.0,5.0,5.0,5.0,5.0,1.0,2.192167719548462
1.0,5.0,5.0,5.0,5.0,4.0,2.870935364510507
1.0,5.0,5.0,5.0,5.0,5.0,2.87093603870035
2.0,1.0,1.0,1.0,1.0,1.0,1.1970248359516362
2.0,1.0,1.0,1.0,1.0,2.0,1.1970447813314677
2.0,1.0,1.0,1.0,2.0,1.0,1.1970282671383485
2.0,1.0,1.0,1.0,3.0,1.0,1.1970392671273704
2.0,1.0,1.0,1.0,3.0,2.0,1.197042579175775
2.0,1.0,1.0,2.0,1.0,1.0,1.1970291006642626
2.0,1.0,1.0,2.0,1.0,2.0,1.1970421649179066
2.0,1.0,1.0,2.0,1.0,3.0,1.1970509227684678
2.0,1.0,1.0,2.0,2.0,1.0,1.1970320309533844
2.0,1.0,1.0,2.0,2.0,2.0,1.4176997805416065
2.0,1.0,1.0,2.0,2.0,3.0,1.417699897999706
2.0,1.0,1.0,2.0,3.0,1.0,1.1970386570945506
2.0,1.0,1.0,2.0,3.0,2.0,1.4437631729872376
2.0,1.0,1.0,2.0,3.0,3.0,1.7727371307511715
2.0,1.0,1.0,3.0,1.0,1.0,1.201097757097836
2.0,1.0,1.0,3.0,1.0,2.0,1.2725024495235677
2.0,1.0,1.0,3.0,1.0,3.0,1.2725022696637007
2.0,1.0,1.0,3.0,2.0,2.0,1.4176988299171414
2.0,1.0,1.0,3.0,3.0,1.0,1.3766868978259887
2.0,1.0,1.0,3.0,3.0,2.0,1.443762121283938
2.0,1.0,1.0,3.0,3.0,3.0,1.7727368412883207
2.0,1.0,1.0,3.0,4.0,2.0,1.4437608469082088
2.0,1.0,1.0,4.0,1.0,3.0,1.6010913915378213
2.0,1.0,1.0,4.0,4.0,4.0,2.074284738881139
2.0,1.0,1.0,4.0,5.0,3.0,1.7727371756674635
2.0,1.0,1.0,5.0,1.0,4.0,1.6010894509104099
2.0,1.0,2.0,1.0,1.0,1.0,1.1970427067889797
2.0,1.0,2.0,1.0,1.0,2.0,1.3771622363226905
2.0,1.0,2.0,1.0,2.0,1.0,1.1970615216309348
2.0,1.0,2.0,1.0,2.0,2.0,1.6482251980252713
2.0,1.0,2.0,1.0,3.0,1.0,1.1970726642702285
2.0,1.0,2.0,1.0,3.0,2.0,1.6482249186451305
2.0,1.0,2.0,2.0,1.0,1.0,1.3041580824475087
2.0,1.0,2.0,2.0,1.0,2.0,1.5913747639847935
2.0,1.0,2.0,2.0,1.0,3.0,1.688147849608771
2.0,1.0,2.0,2.0,2.0,2.0,1.8265027560157208
2.0,1.0,2.0,2.0,2.0,3.0,1.8265082381663584
2.0,1.0,2.0,2.0,2.0,4.0,2.104269760477925
2.0,1.0,2.0,2.0,3.0,2.0,1.8265051789681415
2.0,1.0,2.0,2.0,3.0,3.0,1.8265070839000976
2.0,1.0,2.0,2.0,3.0,4.0,2.104269327652868
2.0,1.0,2.0,2.0,4.0,2.0,1.967057845610712
2.0,1.0,2.0,3.0,1.0,1.0,1.5959137813476625
2.0,1.0,2.0,3.0,1.0,3.0,1.8035752675386938
2.0,1.0,2.0,3.0,2.0,2.0,1.8265043689546396
2.0,1.0,2.0,3.0,2.0,3.0,1.8704121538001919
2.0,1.0,2.0,3.0,3.0,1.0,1.5959149801310102
2.0,1.0,2.0,3.0,3.0,2.0,1.8265051157704584
2.0,1.0,2.0,3.0,3.0,3.0,1.967057201485229
2.0,1.0,2.0,3.0,3.0,4.0,2.1042690367362202
2.0,1.0,2.0,3.0,5.0,3.0,2.0923307625083205
2.0,1.0,2.0,4.0,1.0,1.0,1.6051779662909649
2.0,1.0,2.0,4.0,1.0,4.0,2.0015044569436315
2.0,1.0,2.0,4.0,1.0,5.0,2.014644368459884
2.0,1.0,2.0,4.0,2.0,3.0,1.9491401619192603
2.0,1.0,2.0,4.0,3.0,1.0,1.6057215611625042
2.0,1.0,2.0,4.0,4.0,1.0,1.6057213802571026
2.0,1.0,2.0,4.0,4.0,3.0,1.967057699353936
2.0,1.0,3.0,1.0,2.0,2.0,1.736086076749229
2.0,1.0,3.0,1.0,3.0,2.0,1.736085975201952
2.0,1.0,3.0,2.0,1.0,1.0,1.6051791944989542
2.0,1.0,3.0,2.0,1.0,2.0,1.8035748962738778
2.0,1.0,3.0,2.0,2.0,2.0,1.8265088025095595
2.0,1.0,3.0,2.0,3.0,3.0,2.304726632563987
2.0,1.0,3.0,2.0,4.0,2.0,1.9670588893682295
2.0,1.0,3.0,3.0,1.0,1.0,1.6051790317445942
2.0,1.0,3.0,3.0,1.0,2.0,1.8035748080470184
2.0,1.0,3.0,3.0,3.0,3.0,2.358439081407718
2.0,1.0,3.0,3.0,4.0,2.0,2.0293278255590157
2.0,1.0,3.0,4.0,3.0,4.0,2.5649982196499685
2.0,1.0,3.0,4.0,4.0,3.0,2.5661136693949107
2.0,1.0,3.0,5.0,1.0,3.0,1.8035742469105578
2.0,1.0,3.0,5.0,2.0,2.0,2.392606740885367
2.0,1.0,3.0,5.0,5.0,5.0,2.6516002593093098
2.0,1.0,4.0,1.0,2.0,1.0,1.687841493167431
2.0,1.0,4.0,2.0,3.0,2.0,2.037596568613499
2.0,1.0,4.0,4.0,1.0,3.0,2.1734439241121453
2.0,1.0,4.0,4.0,3.0,4.0,2.8511312864150367
2.0,1.0,4.0,4.0,4.0,3.0,2.6689465664077514
2.0,1.0,4.0,5.0,5.0,3.0,2.920646750663345
2.0,2.0,1.0,1.0,1.0,1.0,1.1970113049640865
2.0,2.0,1.0,1.0,1.0,2.0,1.2091841467517368
2.0,2.0,1.0,1.0,2.0,1.0,1.1970344886457556
2.0,2.0,1.0,1.0,2.0,2.0,1.4316957275987379
2.0,2.0,1.0,1.0,3.0,1.0,1.1970441321756744
2.0,2.0,1.0,1.0,3.0,2.0,1.4756723277973387
2.0,2.0,1.0,1.0,3.0,3.0,1.4756725576676635
2.0,2.0,1.0,1.0,4.0,2.0,1.5563978259179079
2.0,2.0,1.0,1.0,4.0,4.0,1.5563977897988612
2.0,2.0,1.0,2.0,1.0,1.0,1.1970356377588887
2.0,2.0,1.0,2.0,1.0,2.0,1.3481341513116718
2.0,2.0,1.0,2.0,2.0,1.0,1.3766894703632295
2.0,2.0,1.0,2.0,2.0,2.0,1.4316959235302225
2.0,2.0,1.0,2.0,3.0,1.0,1.37669012640886
2.0,2.0,1.0,2.0,3.0,2.0,1.5755573347977139
2.0,2.0,1.0,2.0,4.0,3.0,1.772737081159654
2.0,2.0,1.0,3.0,1.0,1.0,1.2010838486393574
2.0,2.0,1.0,3.0,1.0,2.0,1.4287654939185954
2.0,2.0,1.0,3.0,1.0,3.0,1.4287641031883551
2.0,2.0,1.0,3.0,2.0,1.0,1.376690111243316
2.0,2.0,1.0,3.0,2.0,2.0,1.5907141269322578
2.0,2.0,1.0,3.0,2.0,3.0,1.6666994103181014
2.0,2.0,1.0,3.0,3.0,1.0,1.3766926317496495
2.0,2.0,1.0,3.0,3.0,2.0,1.5907149339671587
2.0,2.0,1.0,3.0,3.0,3.0,1.7727359427406721
2.0,2.0,1.0,3.0,3.0,4.0,1.843827024383877
2.0,2.0,1.0,3.0,4.0,1.0,1.5083324322683034
2.0,2.0,1.0,4.0,2.0,3.0,1.743043580692878
2.0,2.0,1.0,4.0,3.0,1.0,1.3767074962177948
2.0,2.0,1.0,4.0,3.0,3.0,1.843824641048692
2.0,2.0,1.0,4.0,3.0,4.0,1.8438262308167335
2.0,2.0,1.0,4.0,4.0,3.0,1.9906245882691576
2.0,2.0,1.0,5.0,4.0,2.0,1.5907132145528484
2.0,2.0,1.0,5.0,4.0,3.0,2.2060880605878386
2.0,2.0,1.0,5.0,4.0,4.0,2.206087834545678
2.0,2.0,1.0,5.0,5.0,4.0,2.4055704419136217
2.0,2.0,2.0,1.0,1.0,1.0,1.2050356436410543
2.0,2.0,2.0,1.0,2.0,1.0,1.411670976027575
2.0,2.0,2.0,1.0,2.0,2.0,1.6482246847184785
2.0,2.0,2.0,1.0,3.0,3.0,1.8468375839974054
2.0,2.0,2.0,1.0,4.0,1.0,1.4116772721069313
2.0,2.0,2.0,2.0,1.0,1.0,1.3041582538455905
2.0,2.0,2.0,2.0,1.0,2.0,1.6705022257283095
2.0,2.0,2.0,2.0,2.0,1.0,1.5056773864984243
2.0,2.0,2.0,2.0,2.0,2.0,1.8265182006407952
2.0,2.0,2.0,2.0,2.0,3.0,1.8265138645729266
2.0,2.0,2.0,2.0,3.0,1.0,1.5056765476944218
2.0,2.0,2.0,2.0,3.0,2.0,1.8969771741790087
2.0,2.0,2.0,2.0,3.0,3.0,2.0938189524140363
2.0,2.0,2.0,2.0,4.0,4.0,2.1123041531506654
2.0,2.0,2.0,3.0,1.0,1.0,1.5959122469011142
2.0,2.0,2.0,3.0,1.0,2.0,1.6891852248854398
2.0,2.0,2.0,3.0,1.0,3.0,1.8427739636240748
2.0,2.0,2.0,3.0,2.0,1.0,1.5959116797650152
2.0,2.0,2.0,3.0,2.0,2.0,1.8969775888242848
2.0,2.0,2.0,3.0,2.0,3.0,2.0938189087719716
2.0,2.0,2.0,3.0,3.0,1.0,1.6263005160253092
2.0,2.0,2.0,3.0,3.0,2.0,1.8969770923489961
2.0,2.0,2.0,3.0,3.0,3.0,2.093818954478609
2.0,2.0,2.0,3.0,3.0,4.0,2.1042690362806185
2.0,2.0,2.0,3.0,4.0,2.0,1.9670568276609275
2.0,2.0,2.0,3.0,4.0,3.0,2.0938189417387725
2.0,2.0,2.0,4.0,2.0,2.0,1.896976436595338
2.0,2.0,2.0,4.0,2.0,3.0,2.2060884750319283
2.0,2.0,2.0,4.0,2.0,4.0,2.2060882915940483
2.0,2.0,2.0,4.0,3.0,2.0,1.896975679758251
2.0,2.0,2.0,4.0,3.0,3.0,2.2060885273632547
2.0,2.0,2.0,4.0,3.0,4.0,2.206088244018242
2.0,2.0,2.0,4.0,4.0,2.0,2.0121730081041447
2.0,2.0,2.0,4.0,4.0,3.0,2.206088483582067
2.0,2.0,2.0,4.0,4.0,4.0,2.423106242678394
2.0,2.0,2.0,4.0,5.0,3.0,2.315136872987397
2.0,2.0,2.0,4.0,5.0,4.0,2.4231062211917767
2.0,2.0,2.0,5.0,1.0,2.0,1.873892479477293
2.0,2.0,2.0,5.0,1.0,4.0,2.119034213196486
2.0,2.0,2.0,5.0,3.0,4.0,2.2745135654261968
2.0,2.0,2.0,5.0,4.0,3.0,2.2060882355948435
2.0,2.0,2.0,5.0,5.0,4.0,2.590221697207638
2.0,2.0,2.0,5.0,5.0,5.0,2.59022178357326
2.0,2.0,3.0,1.0,2.0,1.0,1.4116687038243938
2.0,2.0,3.0,1.0,2.0,2.0,1.7360859861827904
2.0,2.0,3.0,1.0,3.0,2.0,1.7360860272847394
2.0,2.0,3.0,1.0,3.0,3.0,1.8468370443921083
2.0,2.0,3.0,1.0,4.0,3.0,1.8468356791931246
2.0,2.0,3.0,2.0,1.0,1.0,1.6051791874485364
2.0,2.0,3.0,2.0,1.0,2.0,1.826515047372055
2.0,2.0,3.0,2.0,2.0,2.0,1.8265143084754765
2.0,2.0,3.0,2.0,2.0,3.0,1.8265145147573507
2.0,2.0,3.0,2.0,3.0,2.0,1.9535374100526897
2.0,2.0,3.0,2.0,3.0,3.0,2.3047263980300485
2.0,2.0,3.0,2.0,4.0,4.0,2.3047261401254855
2.0,2.0,3.0,3.0,1.0,3.0,2.1190309748936076
2.0,2.0,3.0,3.0,2.0,1.0,1.8669027012304118
2.0,2.0,3.0,3.0,2.0,2.0,1.9569253710723211
2.0,2.0,3.0,3.0,2.0,3.0,2.1372024003419683
2.0,2.0,3.0,3.0,3.0,2.0,2.00517363047767
2.0,2.0,3.0,3.0,3.0,3.0,2.358439017554101
2.0,2.0,3.0,3.0,3.0,4.0,2.5649979329395567
2.0,2.0,3.0,3.0,3.0,5.0,2.5649978173193873
2.0,2.0,3.0,3.0,4.0,3.0,2.5265727182243753
2.0,2.0,3.0,3.0,4.0,4.0,2.74254255071003
2.0,2.0,3.0,3.0,5.0,3.0,2.5265726623042246
2.0,2.0,3.0,4.0,1.0,2.0,1.9443040595274037
2.0,2.0,3.0,4.0,2.0,3.0,2.2096781355771324
2.0,2.0,3.0,4.0,2.0,4.0,2.564038713010491
2.0,2.0,3.0,4.0,3.0,3.0,2.433965267693532
2.0,2.0,3.0,4.0,3.0,4.0,2.5649981193443065
2.0,2.0,3.0,4.0,4.0,2.0,2.4321479367298813
2.0,2.0,3.0,4.0,4.0,3.0,2.566113672009201
2.0,2.0,3.0,4.0,4.0,4.0,2.8118023676869557
2.0,2.0,3.0,4.0,4.0,5.0,2.948639111234152
2.0,2.0,3.0,4.0,5.0,4.0,2.8962741514935804
2.0,2.0,3.0,5.0,2.0,2.0,2.392606834487267
2.0,2.0,3.0,5.0,2.0,3.0,2.392607151026165
2.0,2.0,3.0,5.0,4.0,3.0,2.7109908453324825
2.0,2.0,3.0,5.0,4.0,4.0,2.811802523488852
2.0,2.0,3.0,5.0,4.0,5.0,2.9713687138372586
2.0,2.0,3.0,5.0,5.0,4.0,2.9206467433902024
2.0,2.0,3.0,5.0,5.0,5.0,2.971368637855505
2.0,2.0,4.0,1.0,3.0,3.0,2.1315429762926827
2.0,2.0,4.0,2.0,1.0,2.0,1.935987024154805
2.0,2.0,4.0,2.0,1.0,3.0,2.062324614283572
2.0,2.0,4.0,2.0,2.0,3.0,2.1362974035847766
2.0,2.0,4.0,3.0,1.0,2.0,2.014714361965459
2.0,2.0,4.0,3.0,3.0,3.0,2.3584392290249516
2.0,2.0,4.0,3.0,3.0,4.0,2.81052401380457
2.0,2.0,4.0,3.0,4.0,3.0,2.668946434992834
2.0,2.0,4.0,4.0,1.0,4.0,2.4086493734673957
2.0,2.0,4.0,4.0,2.0,4.0,2.5640387216725427
2.0,2.0,4.0,4.0,3.0,3.0,2.4339652625162373
2.0,2.0,4.0,4.0,3.0,4.0,2.9206458226365712
2.0,2.0,4.0,4.0,4.0,3.0,2.668946467487271
2.0,2.0,4.0,4.0,4.0,4.0,2.9206462108173934
2.0,2.0,4.0,4.0,5.0,4.0,2.920646469241091
2.0,2.0,4.0,5.0,5.0,4.0,2.9206466592161173
2.0,2.0,4.0,5.0,5.0,5.0,3.178479050344728
2.0,2.0,5.0,3.0,4.0,2.0,2.3857714827834715
2.0,2.0,5.0,5.0,4.0,5.0,3.3256436161394434
2.0,3.0,1.0,1.0,1.0,1.0,1.1970861122698588
2.0,3.0,1.0,1.0,1.0,2.0,1.2091836450806237
2.0,3.0,1.0,1.0,2.0,1.0,1.1970549308043918
2.0,3.0,1.0,1.0,2.0,2.0,1.4756727598963322
2.0,3.0,1.0,1.0,3.0,1.0,1.1970550959454145
2.0,3.0,1.0,1.0,3.0,2.0,1.4756725776728048
2.0,3.0,1.0,1.0,3.0,3.0,1.4756726906572355
2.0,3.0,1.0,1.0,5.0,3.0,1.7348633913687919
2.0,3.0,1.0,2.0,1.0,1.0,1.197079538228709
2.0,3.0,1.0,2.0,1.0,2.0,1.3590089527946536
2.0,3.0,1.0,2.0,1.0,3.0,1.5888156767052874
2.0,3.0,1.0,2.0,2.0,1.0,1.3766892276022724
2.0,3.0,1.0,2.0,2.0,2.0,1.6131466596361288
2.0,3.0,1.0,2.0,2.0,3.0,1.6131468371195858
2.0,3.0,1.0,2.0,3.0,1.0,1.3766890550277768
2.0,3.0,1.0,2.0,3.0,2.0,1.6386858424761264
2.0,3.0,1.0,2.0,3.0,3.0,1.874049337076988
2.0,3.0,1.0,2.0,4.0,2.0,1.7121341304797733
2.0,3.0,1.0,2.0,4.0,3.0,1.8831635182050313
2.0,3.0,1.0,3.0,1.0,1.0,1.2010553376160633
2.0,3.0,1.0,3.0,1.0,2.0,1.5566137086273217
2.0,3.0,1.0,3.0,1.0,3.0,1.6010890629871553
2.0,3.0,1.0,3.0,2.0,1.0,1.376688772825233
2.0,3.0,1.0,3.0,2.0,2.0,1.6666988486864955
2.0,3.0,1.0,3.0,2.0,3.0,1.6666991440574002
2.0,3.0,1.0,3.0,3.0,1.0,1.3766886573013568
2.0,3.0,1.0,3.0,3.0,2.0,1.768005640447912
2.0,3.0,1.0,3.0,3.0,3.0,1.8740495747207506
2.0,3.0,1.0,3.0,3.0,4.0,2.014256006567278
2.0,3.0,1.0,3.0,4.0,3.0,1.9728452947359176
2.0,3.0,1.0,3.0,4.0,4.0,2.088228894435023
2.0,3.0,1.0,4.0,1.0,1.0,1.3359291369716635
2.0,3.0,1.0,4.0,1.0,2.0,1.5566136312163346
2.0,3.0,1.0,4.0,1.0,3.0,1.6010897146088952
2.0,3.0,1.0,4.0,2.0,1.0,1.4815256784911304
2.0,3.0,1.0,4.0,2.0,2.0,1.7430436104879883
2.0,3.0,1.0,4.0,2.0,3.0,1.7430436213681562
2.0,3.0,1.0,4.0,3.0,2.0,1.812803868495325
2.0,3.0,1.0,4.0,3.0,3.0,1.8740494287864429
2.0,3.0,1.0,4.0,4.0,2.0,1.990624223501672
2.0,3.0,1.0,4.0,4.0,3.0,1.9906242821546778
2.0,3.0,1.0,4.0,4.0,4.0,2.1453203271501855
2.0,3.0,1.0,4.0,4.0,5.0,2.5202637772491205
2.0,3.0,1.0,4.0,5.0,3.0,2.114591762483711
2.0,3.0,1.0,4.0,5.0,4.0,2.145320384119168
2.0,3.0,1.0,4.0,5.0,5.0,2.5202631509737894
2.0,3.0,1.0,5.0,1.0,1.0,1.3359290308895346
2.0,3.0,1.0,5.0,1.0,2.0,1.5566136504754984
2.0,3.0,1.0,5.0,1.0,3.0,1.8974275103187286
2.0,3.0,1.0,5.0,2.0,2.0,1.8450625086579873
2.0,3.0,1.0,5.0,3.0,1.0,1.4815242030742892
2.0,3.0,1.0,5.0,3.0,3.0,2.045373070460571
2.0,3.0,1.0,5.0,5.0,2.0,1.9906238024461376
2.0,3.0,1.0,5.0,5.0,5.0,2.5202627108300124
2.0,3.0,2.0,1.0,1.0,1.0,1.2050361164609462
2.0,3.0,2.0,1.0,1.0,2.0,1.648224010946471
2.0,3.0,2.0,1.0,1.0,3.0,1.6482240049368782
2.0,3.0,2.0,1.0,2.0,1.0,1.417148972647229
2.0,3.0,2.0,1.0,2.0,2.0,1.6482241129862445
2.0,3.0,2.0,1.0,2.0,3.0,1.6482239484599066
2.0,3.0,2.0,1.0,3.0,1.0,1.4171489106407413
2.0,3.0,2.0,1.0,3.0,2.0,1.6482242720225544
2.0,3.0,2.0,1.0,3.0,3.0,1.8468378012099447
2.0,3.0,2.0,1.0,4.0,1.0,1.4171484820398481
2.0,3.0,2.0,1.0,4.0,2.0,1.8898930000998677
2.0,3.0,2.0,1.0,4.0,3.0,2.018938261639339
2.0,3.0,2.0,2.0,1.0,1.0,1.480932120100234
2.0,3.0,2.0,2.0,1.0,2.0,1.6705021416154389
2.0,3.0,2.0,2.0,1.0,3.0,1.6881481683980173
2.0,3.0,2.0,2.0,2.0,1.0,1.5056761033847232
2.0,3.0,2.0,2.0,2.0,2.0,1.8265362457739422
2.0,3.0,2.0,2.0,2.0,3.0,2.143521140461105
2.0,3.0,2.0,2.0,3.0,1.0,1.5056758330563396
2.0,3.0,2.0,2.0,3.0,2.0,2.0134553686202614
2.0,3.0,2.0,2.0,3.0,3.0,2.1487096885386703
2.0,3.0,2.0,2.0,4.0,1.0,1.7796262862781576
2.0,3.0,2.0,2.0,4.0,2.0,2.026975839231712
2.0,3.0,2.0,2.0,4.0,3.0,2.168830468388062
2.0,3.0,2.0,2.0,5.0,2.0,2.0269763571836967
2.0,3.0,2.0,2.0,5.0,3.0,2.168830332183789
2.0,3.0,2.0,3.0,1.0,1.0,1.5959117940999548
2.0,3.0,2.0,3.0,1.0,2.0,1.814176595680713
2.0,3.0,2.0,3.0,1.0,3.0,1.9245671879124189
2.0,3.0,2.0,3.0,2.0,1.0,1.626300726971988
2.0,3.0,2.0,3.0,2.0,2.0,2.000024614545685
2.0,3.0,2.0,3.0,2.0,3.0,2.143521242928225
2.0,3.0,2.0,3.0,3.0,1.0,1.626300538959002
2.0,3.0,2.0,3.0,3.0,2.0,2.0269759314259965
2.0,3.0,2.0,3.0,3.0,3.0,2.314056433603406
2.0,3.0,2.0,3.0,3.0,4.0,2.314056361756767
2.0,3.0,2.0,3.0,4.0,2.0,2.0269758597039047
2.0,3.0,2.0,3.0,4.0,3.0,2.3140563127401244
2.0,3.0,2.0,3.0,4.0,4.0,2.4318276376630594
2.0,3.0,2.0,3.0,5.0,2.0,2.0586646646239677
2.0,3.0,2.0,4.0,1.0,2.0,1.8141765416144817
2.0,3.0,2.0,4.0,1.0,3.0,1.9245671854942863
2.0,3.0,2.0,4.0,2.0,2.0,2.000024654729185
2.0,3.0,2.0,4.0,2.0,3.0,2.306789544337422
2.0,3.0,2.0,4.0,2.0,5.0,2.4769638058236794
2.0,3.0,2.0,4.0,3.0,2.0,2.0269754928869252
2.0,3.0,2.0,4.0,3.0,3.0,2.3140563372233287
2.0,3.0,2.0,4.0,4.0,2.0,2.063419333279995
2.0,3.0,2.0,4.0,4.0,3.0,2.314056253133594
2.0,3.0,2.0,4.0,4.0,4.0,2.4318276659671505
2.0,3.0,2.0,4.0,5.0,3.0,2.3151368970814326
2.0,3.0,2.0,4.0,5.0,4.0,2.4381761109907107
2.0,3.0,2.0,4.0,5.0,5.0,2.520263030909305
2.0,3.0,2.0,5.0,1.0,4.0,2.11903409539567
2.0,3.0,2.0,5.0,2.0,4.0,2.476963831527441
2.0,3.0,2.0,5.0,3.0,2.0,2.0269751879901277
2.0,3.0,2.0,5.0,3.0,3.0,2.4012157726626446
2.0,3.0,2.0,5.0,3.0,4.0,2.5160691273710842
2.0,3.0,2.0,5.0,4.0,2.0,2.304424852056965
2.0,3.0,2.0,5.0,4.0,3.0,2.401215678122497
2.0,3.0,2.0,5.0,4.0,4.0,2.520264783423145
2.0,3.0,2.0,5.0,4.0,5.0,2.5202643482636584
2.0,3.0,2.0,5.0,5.0,2.0,2.304424771995061
2.0,3.0,2.0,5.0,5.0,3.0,2.401215585783744
2.0,3.0,2.0,5.0,5.0,4.0,2.5902216459965253
2.0,3.0,2.0,5.0,5.0,5.0,2.5983870728603344
2.0,3.0,3.0,1.0,1.0,1.0,1.3272765579766832
2.0,3.0,3.0,1.0,1.0,2.0,1.6482240068341496
2.0,3.0,3.0,1.0,1.0,4.0,1.934415100831468
2.0,3.0,3.0,1.0,2.0,1.0,1.4454328194095465
2.0,3.0,3.0,1.0,2.0,2.0,1.7360857239094714
2.0,3.0,3.0,1.0,2.0,3.0,1.8468382129476397
2.0,3.0,3.0,1.0,3.0,1.0,1.4454326286763954
2.0,3.0,3.0,1.0,3.0,2.0,1.7360856034915049
2.0,3.0,3.0,1.0,3.0,3.0,1.846837841520582
2.0,3.0,3.0,1.0,5.0,3.0,2.3565780929318607
2.0,3.0,3.0,2.0,1.0,1.0,1.6051790791971017
2.0,3.0,3.0,2.0,1.0,2.0,1.9344148215785761
2.0,3.0,3.0,2.0,1.0,3.0,1.9344149120289562
2.0,3.0,3.0,2.0,1.0,4.0,1.934415003803947
2.0,3.0,3.0,2.0,2.0,1.0,1.6051790059245423
2.0,3.0,3.0,2.0,2.0,2.0,1.98603371347502
2.0,3.0,3.0,2.0,2.0,3.0,2.3047265309168896
2.0,3.0,3.0,2.0,2.0,4.0,2.512071315643047
2.0,3.0,3.0,2.0,3.0,1.0,1.6051788223798291
2.0,3.0,3.0,2.0,3.0,2.0,2.0134553426640043
2.0,3.0,3.0,2.0,3.0,3.0,2.304726459002302
2.0,3.0,3.0,2.0,4.0,2.0,2.2074492745574408
2.0,3.0,3.0,2.0,4.0,3.0,2.4664603958678777
2.0,3.0,3.0,2.0,4.0,4.0,2.5120712200291204
2.0,3.0,3.0,3.0,1.0,1.0,1.6051789924628797
2.0,3.0,3.0,3.0,1.0,2.0,1.9344147175198187
2.0,3.0,3.0,3.0,1.0,3.0,2.1190310253887907
2.0,3.0,3.0,3.0,2.0,1.0,1.899919796001441
2.0,3.0,3.0,3.0,2.0,2.0,2.1606114483651857
2.0,3.0,3.0,3.0,2.0,3.0,2.3047265639757035
2.0,3.0,3.0,3.0,2.0,4.0,2.564038750810822
2.0,3.0,3.0,3.0,3.0,1.0,2.079498025112184
2.0,3.0,3.0,3.0,3.0,2.0,2.160611606604788
2.0,3.0,3.0,3.0,3.0,3.0,2.3584390876690353
2.0,3.0,3.0,3.0,3.0,4.0,2.564997832097875
2.0,3.0,3.0,3.0,4.0,3.0,2.710991167134425
2.0,3.0,3.0,3.0,4.0,4.0,2.7425423412842407
2.0,3.0,3.0,3.0,5.0,3.0,2.710990990311741
2.0,3.0,3.0,3.0,5.0,4.0,2.7425421980735054
2.0,3.0,3.0,3.0,5.0,5.0,2.990220350418966
2.0,3.0,3.0,4.0,1.0,1.0,1.6051788274914116
2.0,3.0,3.0,4.0,1.0,3.0,2.1190321389768196
2.0,3.0,3.0,4.0,1.0,4.0,2.1190327342168307
2.0,3.0,3.0,4.0,2.0,2.0,2.329469312554436
2.0,3.0,3.0,4.0,2.0,3.0,2.3294694157072415
2.0,3.0,3.0,4.0,2.0,4.0,2.564038659960972
2.0,3.0,3.0,4.0,3.0,2.0,2.4321478083267793
2.0,3.0,3.0,4.0,3.0,3.0,2.6724527575476618
2.0,3.0,3.0,4.0,3.0,4.0,2.688285147386935
2.0,3.0,3.0,4.0,3.0,5.0,2.958862560209313
2.0,3.0,3.0,4.0,4.0,2.0,2.4321477321645895
2.0,3.0,3.0,4.0,4.0,3.0,2.71099104068789
2.0,3.0,3.0,4.0,4.0,4.0,2.9035564654204076
2.0,3.0,3.0,4.0,4.0,5.0,2.9713687954659407
2.0,3.0,3.0,4.0,5.0,3.0,2.7109908847277153
2.0,3.0,3.0,4.0,5.0,4.0,2.9035563507834854
2.0,3.0,3.0,5.0,1.0,1.0,1.8208721690360858
2.0,3.0,3.0,5.0,1.0,3.0,2.119032805910384
2.0,3.0,3.0,5.0,1.0,4.0,2.119033224104754
2.0,3.0,3.0,5.0,2.0,3.0,2.6882853608700525
2.0,3.0,3.0,5.0,3.0,2.0,2.432147776439381
2.0,3.0,3.0,5.0,3.0,3.0,2.6882852235731733
2.0,3.0,3.0,5.0,3.0,4.0,2.688285153718075
2.0,3.0,3.0,5.0,3.0,5.0,2.9588625658342225
2.0,3.0,3.0,5.0,4.0,3.0,2.7109908385530557
2.0,3.0,3.0,5.0,4.0,4.0,2.971369016210184
2.0,3.0,3.0,5.0,4.0,5.0,2.971368816231487
2.0,3.0,3.0,5.0,5.0,3.0,2.71099075141237
2.0,3.0,3.0,5.0,5.0,4.0,3.0152042387653903
2.0,3.0,3.0,5.0,5.0,5.0,3.268274458931498
2.0,3.0,4.0,1.0,2.0,1.0,1.6878405971038657
2.0,3.0,4.0,1.0,2.0,2.0,1.7360856910433993
2.0,3.0,4.0,1.0,3.0,1.0,1.6878399948358085
2.0,3.0,4.0,1.0,3.0,3.0,2.2931658401529647
2.0,3.0,4.0,2.0,1.0,2.0,1.9823228314284969
2.0,3.0,4.0,2.0,2.0,2.0,2.1606123264186983
2.0,3.0,4.0,2.0,3.0,2.0,2.1606121306450654
2.0,3.0,4.0,2.0,3.0,3.0,2.5991247513682225
2.0,3.0,4.0,2.0,4.0,3.0,2.7666518487802203
2.0,3.0,4.0,3.0,3.0,2.0,2.16061185745844
2.0,3.0,4.0,3.0,3.0,3.0,2.64175421206009
2.0,3.0,4.0,3.0,3.0,4.0,2.8105239274203617
2.0,3.0,4.0,3.0,4.0,2.0,2.5355059406190517
2.0,3.0,4.0,3.0,4.0,3.0,2.8105237483240724
2.0,3.0,4.0,3.0,4.0,4.0,2.8105238107422292
2.0,3.0,4.0,4.0,1.0,2.0,2.1397777996015117
2.0,3.0,4.0,4.0,2.0,3.0,2.5062342141002203
2.0,3.0,4.0,4.0,2.0,4.0,2.564038676651799
2.0,3.0,4.0,4.0,3.0,3.0,2.9206449799425687
2.0,3.0,4.0,4.0,3.0,4.0,2.9206453327577306
2.0,3.0,4.0,4.0,4.0,3.0,2.920644801233013
2.0,3.0,4.0,4.0,4.0,4.0,3.1606482900213537
2.0,3.0,4.0,4.0,4.0,5.0,3.1606483103394027
2.0,3.0,4.0,4.0,5.0,3.0,2.9654108478571803
2.0,3.0,4.0,4.0,5.0,4.0,3.2967618936122594
2.0,3.0,4.0,4.0,5.0,5.0,3.2967618814146444
2.0,3.0,4.0,5.0,1.0,4.0,2.4086492562742046
2.0,3.0,4.0,5.0,3.0,3.0,2.9206448716598765
2.0,3.0,4.0,5.0,3.0,4.0,3.0140153344984655
2.0,3.0,4.0,5.0,4.0,4.0,3.16064827483543
2.0,3.0,4.0,5.0,4.0,5.0,3.342805395911599
2.0,3.0,4.0,5.0,5.0,5.0,3.3428053477315567
2.0,3.0,5.0,1.0,3.0,1.0,1.687839683700661
2.0,3.0,5.0,1.0,3.0,2.0,1.7972759958958882
2.0,3.0,5.0,2.0,5.0,3.0,2.801728518151145
2.0,3.0,5.0,3.0,3.0,1.0,2.0794981524772425
2.0,3.0,5.0,3.0,3.0,3.0,2.6417542492730157
2.0,3.0,5.0,3.0,4.0,2.0,2.5355059224824785
2.0,3.0,5.0,5.0,5.0,5.0,3.445952501412363
2.0,4.0,1.0,1.0,1.0,1.0,1.1972073300627313
2.0,4.0,1.0,1.0,1.0,2.0,1.470604702841798
2.0,4.0,1.0,1.0,2.0,1.0,1.2516353196341972
2.0,4.0,1.0,1.0,2.0,2.0,1.6456779450034078
2.0,4.0,1.0,1.0,3.0,1.0,1.2516350264667773
2.0,4.0,1.0,1.0,3.0,2.0,1.6456782742647256
2.0,4.0,1.0,1.0,3.0,3.0,1.7348640911434499
2.0,4.0,1.0,1.0,4.0,1.0,1.445421365265113
2.0,4.0,1.0,1.0,4.0,2.0,1.712133420341693
2.0,4.0,1.0,1.0,4.0,3.0,1.7348639473091738
2.0,4.0,1.0,2.0,1.0,1.0,1.1971426332295785
2.0,4.0,1.0,2.0,1.0,2.0,1.470604467209985
2.0,4.0,1.0,2.0,2.0,1.0,1.3766886693195457
2.0,4.0,1.0,2.0,2.0,2.0,1.6982034458312882
2.0,4.0,1.0,2.0,3.0,1.0,1.3766885904052713
2.0,4.0,1.0,2.0,3.0,2.0,1.7121340544346761
2.0,4.0,1.0,2.0,3.0,3.0,1.9613298660642255
2.0,4.0,1.0,2.0,4.0,1.0,1.445421416226803
2.0,4.0,1.0,2.0,4.0,2.0,1.7121337945316621
2.0,4.0,1.0,2.0,4.0,3.0,1.9613296877635422
2.0,4.0,1.0,2.0,5.0,2.0,1.8771338898060759
2.0,4.0,1.0,3.0,1.0,1.0,1.2010334726791156
2.0,4.0,1.0,3.0,1.0,2.0,1.6010893693186645
2.0,4.0,1.0,3.0,1.0,3.0,1.6010889441150886
2.0,4.0,1.0,3.0,2.0,1.0,1.3766885066407362
2.0,4.0,1.0,3.0,2.0,2.0,1.6982034322579223
2.0,4.0,1.0,3.0,2.0,3.0,1.6994022457198354
2.0,4.0,1.0,3.0,3.0,1.0,1.508335979984136
2.0,4.0,1.0,3.0,3.0,2.0,1.8026239317408024
2.0,4.0,1.0,3.0,3.0,3.0,1.9613300105425768
2.0,4.0,1.0,3.0,4.0,1.0,1.5083346438138079
2.0,4.0,1.0,3.0,4.0,2.0,1.9906256576980348
2.0,4.0,1.0,3.0,4.0,3.0,2.008226963420756
2.0,4.0,1.0,3.0,4.0,4.0,2.4225683493802475
2.0,4.0,1.0,3.0,5.0,3.0,2.2885539700896724
2.0,4.0,1.0,4.0,1.0,1.0,1.481525148943363
2.0,4.0,1.0,4.0,1.0,2.0,1.6010889843194775
2.0,4.0,1.0,4.0,1.0,3.0,1.6010890017767363
2.0,4.0,1.0,4.0,1.0,4.0,1.7064067406665542
2.0,4.0,1.0,4.0,2.0,1.0,1.481526166448338
2.0,4.0,1.0,4.0,2.0,3.0,1.9565407611909067
2.0,4.0,1.0,4.0,3.0,1.0,1.5083327995847855
2.0,4.0,1.0,4.0,3.0,2.0,1.8128057266153645
2.0,4.0,1.0,4.0,3.0,3.0,2.2089180968819564
2.0,4.0,1.0,4.0,3.0,4.0,2.386719094873357
2.0,4.0,1.0,4.0,4.0,2.0,1.9906244672332138
2.0,4.0,1.0,4.0,4.0,3.0,2.208918105592207
2.0,4.0,1.0,4.0,4.0,4.0,2.422568101895138
2.0,4.0,1.0,5.0,1.0,2.0,1.8174253106510616
2.0,4.0,1.0,5.0,1.0,3.0,2.105697986867991
2.0,4.0,1.0,5.0,3.0,3.0,2.208918105557212
2.0,4.0,1.0,5.0,4.0,3.0,2.208918073188466
2.0,4.0,1.0,5.0,4.0,4.0,2.422567893639041
2.0,4.0,1.0,5.0,5.0,2.0,1.9906236224857505
2.0,4.0,2.0,1.0,1.0,1.0,1.2050367445868615
2.0,4.0,2.0,1.0,1.0,2.0,1.648223860937019
2.0,4.0,2.0,1.0,1.0,3.0,1.7779910056353883
2.0,4.0,2.0,1.0,2.0,1.0,1.417148601445907
2.0,4.0,2.0,1.0,2.0,2.0,1.648223781315394
2.0,4.0,2.0,1.0,2.0,3.0,1.851964606657428
2.0,4.0,2.0,1.0,3.0,1.0,1.4454317095350668
2.0,4.0,2.0,1.0,3.0,2.0,1.6482237827466235
2.0,4.0,2.0,1.0,3.0,3.0,1.9716629096311955
2.0,4.0,2.0,1.0,4.0,1.0,1.445431646906075
2.0,4.0,2.0,1.0,4.0,3.0,2.0189382399536253
2.0,4.0,2.0,1.0,4.0,4.0,2.0189382151012247
2.0,4.0,2.0,2.0,1.0,1.0,1.511483183841653
2.0,4.0,2.0,2.0,1.0,2.0,1.6705020695469877
2.0,4.0,2.0,2.0,1.0,3.0,1.856719270460937
2.0,4.0,2.0,2.0,2.0,1.0,1.5114832997901833
2.0,4.0,2.0,2.0,2.0,2.0,1.8265463628722802
2.0,4.0,2.0,2.0,2.0,3.0,2.143521043922182
2.0,4.0,2.0,2.0,3.0,1.0,1.5877267222240234
2.0,4.0,2.0,2.0,3.0,2.0,2.0134552988453747
2.0,4.0,2.0,2.0,3.0,3.0,2.3334226252139243
2.0,4.0,2.0,2.0,3.0,4.0,2.431827600422104
2.0,4.0,2.0,2.0,4.0,2.0,2.0269754811928076
2.0,4.0,2.0,2.0,4.0,3.0,2.3334225222342755
2.0,4.0,2.0,2.0,4.0,4.0,2.4318275057160905
2.0,4.0,2.0,3.0,1.0,2.0,1.8141764907941946
2.0,4.0,2.0,3.0,1.0,3.0,1.9642722400667756
2.0,4.0,2.0,3.0,2.0,2.0,2.00002457798085
2.0,4.0,2.0,3.0,2.0,3.0,2.2422768836610167
2.0,4.0,2.0,3.0,3.0,1.0,1.6263001080996238
2.0,4.0,2.0,3.0,3.0,2.0,2.064233856322528
2.0,4.0,2.0,3.0,3.0,3.0,2.3486454911456938
2.0,4.0,2.0,3.0,3.0,4.0,2.4318276309385336
2.0,4.0,2.0,3.0,4.0,2.0,2.1062210385515905
2.0,4.0,2.0,3.0,4.0,3.0,2.348645314968185
2.0,4.0,2.0,3.0,4.0,4.0,2.4318275980765374
2.0,4.0,2.0,3.0,5.0,5.0,2.7281976703283255
2.0,4.0,2.0,4.0,1.0,1.0,1.7614986936569226
2.0,4.0,2.0,4.0,1.0,2.0,1.8141764945228847
2.0,4.0,2.0,4.0,1.0,3.0,2.0064131746863256
2.0,4.0,2.0,4.0,2.0,2.0,2.000024478760729
2.0,4.0,2.0,4.0,2.0,3.0,2.3067894286043096
2.0,4.0,2.0,4.0,2.0,4.0,2.39478399289568
2.0,4.0,2.0,4.0,3.0,1.0,2.0794963446472816
2.0,4.0,2.0,4.0,3.0,2.0,2.197269094952097
2.0,4.0,2.0,4.0,3.0,3.0,2.36371153858057
2.0,4.0,2.0,4.0,3.0,4.0,2.431827680468768
2.0,4.0,2.0,4.0,4.0,2.0,2.3044251046712585
2.0,4.0,2.0,4.0,4.0,3.0,2.363711463407448
2.0,4.0,2.0,4.0,4.0,4.0,2.431827701132619
2.0,4.0,2.0,4.0,5.0,4.0,2.438176042780371
2.0,4.0,2.0,5.0,2.0,3.0,2.3067893577837775
2.0,4.0,2.0,5.0,2.0,5.0,2.4769637322963107
2.0,4.0,2.0,5.0,3.0,2.0,2.197269081049727
2.0,4.0,2.0,5.0,3.0,3.0,2.4012157410579076
2.0,4.0,2.0,5.0,3.0,4.0,2.5490859648303443
2.0,4.0,2.0,5.0,3.0,5.0,2.9265548553049077
2.0,4.0,2.0,5.0,4.0,1.0,2.0794950080671
2.0,4.0,2.0,5.0,4.0,2.0,2.30442496961613
2.0,4.0,2.0,5.0,4.0,3.0,2.40121566819516
2.0,4.0,2.0,5.0,4.0,4.0,2.6748780679387854
2.0,4.0,2.0,5.0,4.0,5.0,2.9652495807173933
2.0,4.0,2.0,5.0,5.0,4.0,2.674878114283897
2.0,4.0,2.0,5.0,5.0,5.0,2.9652495641074146
2.0,4.0,3.0,1.0,1.0,1.0,1.3272765072249466
2.0,4.0,3.0,1.0,1.0,2.0,1.8007925506911493
2.0,4.0,3.0,1.0,2.0,1.0,1.445432450561193
2.0,4.0,3.0,1.0,2.0,2.0,1.88989659692365
2.0,4.0,3.0,1.0,2.0,4.0,2.492216821188825
2.0,4.0,3.0,1.0,3.0,1.0,1.4454322063034297
2.0,4.0,3.0,1.0,3.0,2.0,1.8898965185635406
2.0,4.0,3.0,1.0,3.0,3.0,2.2648206061591525
2.0,4.0,3.0,1.0,4.0,2.0,1.8898948571745888
2.0,4.0,3.0,2.0,1.0,1.0,1.6099161659527221
2.0,4.0,3.0,2.0,1.0,2.0,1.934414688057051
2.0,4.0,3.0,2.0,1.0,3.0,2.1190299017522816
2.0,4.0,3.0,2.0,2.0,1.0,1.8271552927467694
2.0,4.0,3.0,2.0,2.0,2.0,2.148914381415942
2.0,4.0,3.0,2.0,2.0,3.0,2.4002634124954176
2.0,4.0,3.0,2.0,2.0,4.0,2.512071202837161
2.0,4.0,3.0,2.0,3.0,2.0,2.1489143392150107
2.0,4.0,3.0,2.0,3.0,3.0,2.4664606800218505
2.0,4.0,3.0,2.0,3.0,4.0,2.512070968100327
2.0,4.0,3.0,2.0,4.0,2.0,2.3157601204002156
2.0,4.0,3.0,2.0,4.0,3.0,2.4664602994047464
2.0,4.0,3.0,2.0,4.0,4.0,2.512071089678135
2.0,4.0,3.0,2.0,4.0,5.0,2.883855647797036
2.0,4.0,3.0,2.0,5.0,2.0,2.3157600500089055
2.0,4.0,3.0,2.0,5.0,4.0,2.9303384751354016
2.0,4.0,3.0,3.0,1.0,2.0,1.9344146644783322
2.0,4.0,3.0,3.0,1.0,3.0,2.1190301889080034
2.0,4.0,3.0,3.0,1.0,4.0,2.4002639729289816
2.0,4.0,3.0,3.0,2.0,2.0,2.3294691954435898
2.0,4.0,3.0,3.0,2.0,3.0,2.4002634299153467
2.0,4.0,3.0,3.0,2.0,4.0,2.7121136537937263
2.0,4.0,3.0,3.0,3.0,1.0,2.079497402691091
2.0,4.0,3.0,3.0,3.0,2.0,2.432147987920592
2.0,4.0,3.0,3.0,3.0,3.0,2.672444378848794
2.0,4.0,3.0,3.0,3.0,4.0,2.712113606334375
2.0,4.0,3.0,3.0,4.0,2.0,2.432147662397073
2.0,4.0,3.0,3.0,4.0,3.0,2.7109911926403
2.0,4.0,3.0,3.0,4.0,4.0,2.742542272231394
2.0,4.0,3.0,3.0,5.0,2.0,2.432147553245019
2.0,4.0,3.0,3.0,5.0,3.0,2.710990968054488
2.0,4.0,3.0,3.0,5.0,4.0,2.930338452962738
2.0,4.0,3.0,3.0,5.0,5.0,3.03247153574769
2.0,4.0,3.0,4.0,1.0,1.0,1.910637605108187
2.0,4.0,3.0,4.0,1.0,2.0,2.199399525773916
2.0,4.0,3.0,4.0,1.0,3.0,2.449819751483368
2.0,4.0,3.0,4.0,1.0,4.0,2.5062325442690625
2.0,4.0,3.0,4.0,2.0,1.0,1.9846105782458696
2.0,4.0,3.0,4.0,2.0,2.0,2.3294692135708397
2.0,4.0,3.0,4.0,2.0,3.0,2.4498197111323705
2.0,4.0,3.0,4.0,2.0,4.0,2.7144133210689194
2.0,4.0,3.0,4.0,3.0,1.0,2.0794968055548257
2.0,4.0,3.0,4.0,3.0,2.0,2.4321477489169747
2.0,4.0,3.0,4.0,3.0,3.0,2.6724491646299957
2.0,4.0,3.0,4.0,3.0,4.0,2.7144134152557076
2.0,4.0,3.0,4.0,4.0,1.0,2.4321467981697795
2.0,4.0,3.0,4.0,4.0,2.0,2.4321474551606688
2.0,4.0,3.0,4.0,4.0,3.0,2.71099113825033
2.0,4.0,3.0,4.0,4.0,4.0,2.970710050785375
2.0,4.0,3.0,4.0,4.0,5.0,3.1926628526738523
2.0,4.0,3.0,4.0,5.0,3.0,2.7109909136254036
2.0,4.0,3.0,4.0,5.0,4.0,2.9957707050897313
2.0,4.0,3.0,4.0,5.0,5.0,3.26827451406158
2.0,4.0,3.0,5.0,1.0,3.0,2.4498197196404785
2.0,4.0,3.0,5.0,1.0,4.0,2.506232480372684
2.0,4.0,3.0,5.0,2.0,4.0,2.714413215672628
2.0,4.0,3.0,5.0,3.0,3.0,2.7144132181010345
2.0,4.0,3.0,5.0,3.0,4.0,2.714413263341545
2.0,4.0,3.0,5.0,3.0,5.0,2.9588624367182317
2.0,4.0,3.0,5.0,4.0,2.0,2.43214753014375
2.0,4.0,3.0,5.0,4.0,4.0,3.0480905070422772
2.0,4.0,3.0,5.0,4.0,5.0,3.1926628580675382
2.0,4.0,3.0,5.0,5.0,3.0,2.9675316213268634
2.0,4.0,3.0,5.0,5.0,4.0,3.0480903672399897
2.0,4.0,3.0,5.0,5.0,5.0,3.2682745560041355
2.0,4.0,4.0,1.0,1.0,1.0,1.420190008845112
2.0,4.0,4.0,1.0,2.0,1.0,1.6878404581837259
2.0,4.0,4.0,2.0,1.0,1.0,1.609916296580927
2.0,4.0,4.0,2.0,1.0,2.0,2.0286586628088807
2.0,4.0,4.0,2.0,2.0,2.0,2.1627860015664
2.0,4.0,4.0,2.0,2.0,3.0,2.400263407001486
2.0,4.0,4.0,2.0,3.0,3.0,2.599124659016807
2.0,4.0,4.0,2.0,4.0,2.0,2.31576011816844
2.0,4.0,4.0,2.0,4.0,3.0,2.766651757204184
2.0,4.0,4.0,2.0,4.0,4.0,2.766651666605314
2.0,4.0,4.0,3.0,1.0,1.0,1.6099164450059829
2.0,4.0,4.0,3.0,1.0,2.0,2.107386208942997
2.0,4.0,4.0,3.0,1.0,3.0,2.5062334233218246
2.0,4.0,4.0,3.0,2.0,3.0,2.506233748266427
2.0,4.0,4.0,3.0,3.0,2.0,2.469384305507325
2.0,4.0,4.0,3.0,3.0,3.0,2.810523779938259
2.0,4.0,4.0,3.0,3.0,4.0,3.014014681548723
2.0,4.0,4.0,3.0,4.0,2.0,2.535505887801605
2.0,4.0,4.0,3.0,4.0,3.0,2.810523713142343
2.0,4.0,4.0,3.0,4.0,4.0,3.0140145227143473
2.0,4.0,4.0,3.0,5.0,4.0,3.3624218353458453
2.0,4.0,4.0,4.0,1.0,2.0,2.3961393069880903
2.0,4.0,4.0,4.0,2.0,2.0,2.3961393203380856
2.0,4.0,4.0,4.0,2.0,3.0,2.506234024680245
2.0,4.0,4.0,4.0,2.0,4.0,2.714413338474045
2.0,4.0,4.0,4.0,3.0,3.0,2.924618905346627
2.0,4.0,4.0,4.0,3.0,4.0,3.0140149500482756
2.0,4.0,4.0,4.0,4.0,2.0,2.5781916410078902
2.0,4.0,4.0,4.0,4.0,3.0,3.009725927559936
2.0,4.0,4.0,4.0,4.0,4.0,3.168835297958948
2.0,4.0,4.0,4.0,4.0,5.0,3.3428054040699116
2.0,4.0,4.0,4.0,5.0,4.0,3.3624218254592755
2.0,4.0,4.0,4.0,5.0,5.0,3.362421824948596
2.0,4.0,4.0,5.0,2.0,2.0,2.3961394085267957
2.0,4.0,4.0,5.0,3.0,3.0,3.009725826341819
2.0,4.0,4.0,5.0,3.0,4.0,3.0140151710221867
2.0,4.0,4.0,5.0,3.0,5.0,3.0140151656604672
2.0,4.0,4.0,5.0,4.0,3.0,3.0097258035705234
2.0,4.0,4.0,5.0,4.0,4.0,3.2050792384638225
2.0,4.0,4.0,5.0,4.0,5.0,3.3428053829129185
2.0,4.0,4.0,5.0,5.0,4.0,3.5699466699310864
2.0,4.0,4.0,5.0,5.0,5.0,3.5950586450551953
2.0,4.0,5.0,2.0,3.0,2.0,2.325743043818762
2.0,4.0,5.0,3.0,4.0,3.0,3.0058321435788926
2.0,4.0,5.0,3.0,5.0,4.0,3.4640595965364454
2.0,4.0,5.0,4.0,4.0,4.0,3.21021352568429
2.0,4.0,5.0,4.0,5.0,3.0,3.1608853749567114
2.0,4.0,5.0,4.0,5.0,4.0,3.4640595648376884
2.0,4.0,5.0,5.0,4.0,3.0,3.009725724386797
2.0,4.0,5.0,5.0,4.0,4.0,3.2102134790576584
2.0,4.0,5.0,5.0,5.0,5.0,3.5950585007475437
2.0,5.0,1.0,1.0,1.0,1.0,1.1973257685470624
2.0,5.0,1.0,1.0,1.0,2.0,1.4706047203912869
2.0,5.0,1.0,1.0,2.0,1.0,1.25163553120926
2.0,5.0,1.0,1.0,2.0,3.0,1.6456773401110298
2.0,5.0,1.0,1.0,3.0,1.0,1.3874213896276129
2.0,5.0,1.0,1.0,3.0,2.0,1.6456781823978308
2.0,5.0,1.0,1.0,4.0,1.0,1.4454211077532217
2.0,5.0,1.0,1.0,4.0,3.0,1.7348636015519747
2.0,5.0,1.0,1.0,5.0,3.0,1.7348633443912533
2.0,5.0,1.0,2.0,1.0,1.0,1.4706036975173367
2.0,5.0,1.0,2.0,1.0,2.0,1.4706042731085405
2.0,5.0,1.0,2.0,1.0,3.0,1.5888157842503852
2.0,5.0,1.0,2.0,2.0,1.0,1.5114832740300803
2.0,5.0,1.0,2.0,2.0,2.0,1.7015515732426707
2.0,5.0,1.0,2.0,2.0,3.0,1.8278894125973508
2.0,5.0,1.0,2.0,3.0,1.0,1.543664265938485
2.0,5.0,1.0,2.0,3.0,2.0,1.7560382611475063
2.0,5.0,1.0,2.0,3.0,3.0,1.9613298566066153
2.0,5.0,1.0,2.0,4.0,1.0,1.9906265464744828
2.0,5.0,1.0,2.0,4.0,3.0,2.015199181217666
2.0,5.0,1.0,3.0,1.0,1.0,1.4706026512288348
2.0,5.0,1.0,3.0,1.0,2.0,1.7144057855535029
2.0,5.0,1.0,3.0,1.0,3.0,1.9073748042756973
2.0,5.0,1.0,3.0,2.0,1.0,1.5309673344797017
2.0,5.0,1.0,3.0,2.0,2.0,1.7144058467623906
2.0,5.0,1.0,3.0,3.0,1.0,1.5436639550758113
2.0,5.0,1.0,3.0,3.0,2.0,1.9613298349259498
2.0,5.0,1.0,3.0,3.0,3.0,1.9613299043654868
2.0,5.0,1.0,3.0,4.0,2.0,1.990626248404707
2.0,5.0,1.0,3.0,4.0,3.0,2.0151991360178454
2.0,5.0,1.0,3.0,4.0,4.0,2.422568122272457
2.0,5.0,1.0,3.0,5.0,2.0,2.288553955985761
2.0,5.0,1.0,3.0,5.0,5.0,2.422568060390467
2.0,5.0,1.0,4.0,2.0,2.0,1.74304333561432
2.0,5.0,1.0,4.0,3.0,4.0,2.422567827126556
2.0,5.0,1.0,4.0,4.0,1.0,2.1161978991890886
2.0,5.0,1.0,4.0,4.0,2.0,2.1161982379906643
2.0,5.0,1.0,4.0,4.0,3.0,2.208918031209202
2.0,5.0,1.0,4.0,4.0,4.0,2.4225679237441575
2.0,5.0,1.0,4.0,5.0,3.0,2.2885539416410032
2.0,5.0,1.0,4.0,5.0,4.0,2.4225677606336764
2.0,5.0,1.0,5.0,2.0,1.0,1.530966872472742
2.0,5.0,1.0,5.0,3.0,4.0,2.4225678762250187
2.0,5.0,1.0,5.0,5.0,4.0,2.422567755000745
2.0,5.0,1.0,5.0,5.0,5.0,2.5202623789781264
2.0,5.0,2.0,1.0,1.0,1.0,1.2050373028056278
2.0,5.0,2.0,1.0,1.0,2.0,1.6674330702943634
2.0,5.0,2.0,1.0,2.0,1.0,1.4589953957182138
2.0,5.0,2.0,1.0,2.0,2.0,1.6674330532677786
2.0,5.0,2.0,1.0,2.0,3.0,1.8983004117142968
2.0,5.0,2.0,1.0,3.0,1.0,1.5877265469766775
2.0,5.0,2.0,1.0,3.0,2.0,1.8898982991949866
2.0,5.0,2.0,1.0,3.0,3.0,1.984654498792353
2.0,5.0,2.0,1.0,4.0,1.0,1.587726461984431
2.0,5.0,2.0,1.0,4.0,3.0,2.2216876018097573
2.0,5.0,2.0,1.0,4.0,4.0,2.2216875312736146
2.0,5.0,2.0,1.0,5.0,5.0,2.7281973127248293
2.0,5.0,2.0,2.0,1.0,1.0,1.5114829212605054
2.0,5.0,2.0,2.0,1.0,2.0,1.6705019507435015
2.0,5.0,2.0,2.0,1.0,3.0,1.9030552552557598
2.0,5.0,2.0,2.0,1.0,4.0,2.0293929511837936
2.0,5.0,2.0,2.0,2.0,1.0,1.5114830985525118
2.0,5.0,2.0,2.0,2.0,2.0,1.8265515712031843
2.0,5.0,2.0,2.0,2.0,3.0,2.1435208558748124
2.0,5.0,2.0,2.0,2.0,4.0,2.143520774995535
2.0,5.0,2.0,2.0,3.0,1.0,1.587726647465726
2.0,5.0,2.0,2.0,3.0,2.0,2.013455171402891
2.0,5.0,2.0,2.0,3.0,3.0,2.333422507578656
2.0,5.0,2.0,2.0,4.0,1.0,1.9906265410550885
2.0,5.0,2.0,2.0,4.0,2.0,2.0269752643400225
2.0,5.0,2.0,2.0,4.0,3.0,2.333422431751838
2.0,5.0,2.0,2.0,5.0,3.0,2.5269432620405508
2.0,5.0,2.0,2.0,5.0,4.0,2.622047728390593
2.0,5.0,2.0,3.0,1.0,2.0,1.8141763127095043
2.0,5.0,2.0,3.0,1.0,3.0,1.9817827789083844
2.0,5.0,2.0,3.0,2.0,2.0,2.1062215771877026
2.0,5.0,2.0,3.0,2.0,3.0,2.348645351697506
2.0,5.0,2.0,3.0,2.0,4.0,2.476963646675408
2.0,5.0,2.0,3.0,3.0,2.0,2.1062213757067076
2.0,5.0,2.0,3.0,3.0,3.0,2.3486453833807337
2.0,5.0,2.0,3.0,3.0,4.0,2.4769636021896897
2.0,5.0,2.0,3.0,3.0,5.0,2.476963570233916
2.0,5.0,2.0,3.0,4.0,2.0,2.1062210490573614
2.0,5.0,2.0,3.0,4.0,3.0,2.348645239217006
2.0,5.0,2.0,3.0,4.0,4.0,2.6220477673953804
2.0,5.0,2.0,3.0,5.0,3.0,2.5269435263745708
2.0,5.0,2.0,3.0,5.0,4.0,2.622047722462736
2.0,5.0,2.0,3.0,5.0,5.0,2.728197383551058
2.0,5.0,2.0,4.0,1.0,2.0,1.9341725728892643
2.0,5.0,2.0,4.0,1.0,4.0,2.1190351280378037
2.0,5.0,2.0,4.0,2.0,2.0,2.1062216746112
2.0,5.0,2.0,4.0,2.0,3.0,2.3832731999392216
2.0,5.0,2.0,4.0,3.0,2.0,2.345960382420259
2.0,5.0,2.0,4.0,3.0,3.0,2.524883860058856
2.0,5.0,2.0,4.0,3.0,4.0,2.6838605027620845
2.0,5.0,2.0,4.0,3.0,5.0,2.6838604912949595
2.0,5.0,2.0,4.0,4.0,2.0,2.526944282118679
2.0,5.0,2.0,4.0,4.0,3.0,2.5269441838102487
2.0,5.0,2.0,4.0,4.0,4.0,2.683860442794736
2.0,5.0,2.0,4.0,5.0,3.0,2.5269438087010925
2.0,5.0,2.0,4.0,5.0,4.0,2.683860177592341
2.0,5.0,2.0,4.0,5.0,5.0,2.72819719767216
2.0,5.0,2.0,5.0,1.0,2.0,2.1190351278418627
2.0,5.0,2.0,5.0,1.0,3.0,2.11903502530599
2.0,5.0,2.0,5.0,1.0,4.0,2.119034804978254
2.0,5.0,2.0,5.0,1.0,5.0,2.119034864655555
2.0,5.0,2.0,5.0,2.0,3.0,2.4393706698741413
2.0,5.0,2.0,5.0,2.0,4.0,2.4769636719835884
2.0,5.0,2.0,5.0,2.0,5.0,2.476963627609223
2.0,5.0,2.0,5.0,3.0,2.0,2.5248836499617977
2.0,5.0,2.0,5.0,3.0,3.0,2.524883671477017
2.0,5.0,2.0,5.0,3.0,4.0,2.683860451324151
2.0,5.0,2.0,5.0,3.0,5.0,2.943262756722908
2.0,5.0,2.0,5.0,4.0,3.0,2.526944080950247
2.0,5.0,2.0,5.0,4.0,4.0,2.6838603327685604
2.0,5.0,2.0,5.0,4.0,5.0,2.96524960227736
2.0,5.0,2.0,5.0,5.0,3.0,2.5269438920829015
2.0,5.0,2.0,5.0,5.0,4.0,2.6838601232516504
2.0,5.0,2.0,5.0,5.0,5.0,2.9652496394167294
2.0,5.0,3.0,1.0,1.0,1.0,1.327276294981039
2.0,5.0,3.0,1.0,1.0,2.0,1.8898980112924029
2.0,5.0,3.0,1.0,2.0,1.0,1.458995330276205
2.0,5.0,3.0,1.0,3.0,1.0,1.5877264065452594
2.0,5.0,3.0,1.0,3.0,2.0,1.889897690235734
2.0,5.0,3.0,1.0,3.0,3.0,2.3565787971218763
2.0,5.0,3.0,1.0,4.0,4.0,2.725126017019523
2.0,5.0,3.0,1.0,5.0,1.0,1.5877262614788084
2.0,5.0,3.0,1.0,5.0,3.0,2.3565783038267467
2.0,5.0,3.0,2.0,1.0,2.0,1.9344145509685546
2.0,5.0,3.0,2.0,2.0,2.0,2.148914307811466
2.0,5.0,3.0,2.0,2.0,5.0,2.9588624073999323
2.0,5.0,3.0,2.0,3.0,2.0,2.1489142506574046
2.0,5.0,3.0,2.0,3.0,3.0,2.5120703127614914
2.0,5.0,3.0,2.0,3.0,4.0,2.5120705910681234
2.0,5.0,3.0,2.0,4.0,1.0,2.0152751346289324
2.0,5.0,3.0,2.0,4.0,2.0,2.3157601378878834
2.0,5.0,3.0,2.0,4.0,3.0,2.5120701156007588
2.0,5.0,3.0,2.0,4.0,4.0,2.769646746822691
2.0,5.0,3.0,2.0,5.0,2.0,2.315760071459995
2.0,5.0,3.0,2.0,5.0,3.0,2.5269431051499405
2.0,5.0,3.0,2.0,5.0,5.0,3.0324715332398
2.0,5.0,3.0,3.0,1.0,2.0,2.2907126038088514
2.0,5.0,3.0,3.0,1.0,3.0,2.4002636909047173
2.0,5.0,3.0,3.0,1.0,4.0,2.4002638350283125
2.0,5.0,3.0,3.0,2.0,1.0,1.9522186918152478
2.0,5.0,3.0,3.0,2.0,3.0,2.4002635247281354
2.0,5.0,3.0,3.0,2.0,4.0,2.712113630541781
2.0,5.0,3.0,3.0,3.0,2.0,2.4976972664269956
2.0,5.0,3.0,3.0,3.0,3.0,2.7796766177101895
2.0,5.0,3.0,3.0,3.0,4.0,2.9134057374476003
2.0,5.0,3.0,3.0,4.0,3.0,2.847886184706615
2.0,5.0,3.0,3.0,4.0,4.0,2.930338433999398
2.0,5.0,3.0,3.0,5.0,4.0,2.9303384321050254
2.0,5.0,3.0,3.0,5.0,5.0,3.032471546183863
2.0,5.0,3.0,4.0,1.0,4.0,2.5062326259191967
2.0,5.0,3.0,4.0,1.0,5.0,2.865727982177558
2.0,5.0,3.0,4.0,2.0,2.0,2.3294690703694427
2.0,5.0,3.0,4.0,2.0,3.0,2.714413123537219
2.0,5.0,3.0,4.0,2.0,4.0,2.7144131707087276
2.0,5.0,3.0,4.0,3.0,2.0,2.4976972460937614
2.0,5.0,3.0,4.0,3.0,3.0,2.77967659165993
2.0,5.0,3.0,4.0,3.0,4.0,2.9568934293294307
2.0,5.0,3.0,4.0,3.0,5.0,2.9588624003747532
2.0,5.0,3.0,4.0,4.0,2.0,2.5898068360723627
2.0,5.0,3.0,4.0,4.0,3.0,2.8478861655479992
2.0,5.0,3.0,4.0,4.0,4.0,3.0589233865018035
2.0,5.0,3.0,4.0,4.0,5.0,3.1926628432179083
2.0,5.0,3.0,4.0,5.0,2.0,2.6840049749843713
2.0,5.0,3.0,4.0,5.0,3.0,3.0589214642309055
2.0,5.0,3.0,4.0,5.0,4.0,3.0589229650135303
2.0,5.0,3.0,4.0,5.0,5.0,3.268274595946324
2.0,5.0,3.0,5.0,1.0,1.0,2.4236561483291443
2.0,5.0,3.0,5.0,1.0,3.0,2.44981964277385
2.0,5.0,3.0,5.0,1.0,4.0,2.506232477730979
2.0,5.0,3.0,5.0,2.0,3.0,2.7144130869702336
2.0,5.0,3.0,5.0,2.0,4.0,2.714413126265456
2.0,5.0,3.0,5.0,2.0,5.0,2.958862327478556
2.0,5.0,3.0,5.0,3.0,2.0,2.5898066599374627
2.0,5.0,3.0,5.0,3.0,3.0,2.8857960651778733
2.0,5.0,3.0,5.0,3.0,5.0,2.958862340017169
2.0,5.0,3.0,5.0,4.0,3.0,2.913698784459173
2.0,5.0,3.0,5.0,4.0,4.0,3.0589229919779273
2.0,5.0,3.0,5.0,4.0,5.0,3.1926628648394986
2.0,5.0,3.0,5.0,5.0,2.0,2.6840051028056418
2.0,5.0,3.0,5.0,5.0,3.0,3.058921851556862
2.0,5.0,3.0,5.0,5.0,4.0,3.058922548786827
2.0,5.0,3.0,5.0,5.0,5.0,3.2682748614993167
2.0,5.0,4.0,1.0,1.0,1.0,1.619871144892467
2.0,5.0,4.0,1.0,2.0,2.0,2.070239967089799
2.0,5.0,4.0,2.0,3.0,2.0,2.1627859250945876
2.0,5.0,4.0,2.0,3.0,3.0,2.599124559036451
2.0,5.0,4.0,2.0,4.0,2.0,2.315760087257725
2.0,5.0,4.0,2.0,4.0,4.0,2.7696466845635284
2.0,5.0,4.0,2.0,5.0,4.0,3.0269652602506807
2.0,5.0,4.0,3.0,2.0,2.0,2.5579274067895317
2.0,5.0,4.0,3.0,3.0,3.0,2.8510373810053995
2.0,5.0,4.0,3.0,3.0,4.0,3.0140145200555226
2.0,5.0,4.0,3.0,4.0,3.0,2.8510372028345454
2.0,5.0,4.0,3.0,4.0,4.0,3.0140144279432093
2.0,5.0,4.0,3.0,4.0,5.0,3.4000711434872004
2.0,5.0,4.0,3.0,5.0,3.0,2.851037040444072
2.0,5.0,4.0,3.0,5.0,4.0,3.5090964097247594
2.0,5.0,4.0,4.0,1.0,4.0,2.506232968361267
2.0,5.0,4.0,4.0,2.0,2.0,2.557927383793186
2.0,5.0,4.0,4.0,2.0,3.0,2.8394668294610406
2.0,5.0,4.0,4.0,3.0,1.0,2.589807521127991
2.0,5.0,4.0,4.0,3.0,2.0,2.589807101969019
2.0,5.0,4.0,4.0,3.0,3.0,3.047332577516547
2.0,5.0,4.0,4.0,3.0,4.0,3.0473325228995356
2.0,5.0,4.0,4.0,4.0,2.0,2.589806948910657
2.0,5.0,4.0,4.0,4.0,3.0,3.0473325488309806
2.0,5.0,4.0,4.0,4.0,4.0,3.2181379353328547
2.0,5.0,4.0,4.0,4.0,5.0,3.569946580241152
2.0,5.0,4.0,4.0,5.0,3.0,3.2489371710111135
2.0,5.0,4.0,4.0,5.0,4.0,3.5699466492554794
2.0,5.0,4.0,4.0,5.0,5.0,3.5699465838667575
2.0,5.0,4.0,5.0,2.0,3.0,2.839466766945603
2.0,5.0,4.0,5.0,2.0,4.0,2.8394667428432108
2.0,5.0,4.0,5.0,2.0,5.0,2.9588622861811142
2.0,5.0,4.0,5.0,3.0,2.0,2.589806844991886
2.0,5.0,4.0,5.0,3.0,3.0,3.0473325369756856
2.0,5.0,4.0,5.0,3.0,5.0,3.595058819754999
2.0,5.0,4.0,5.0,4.0,2.0,2.936499348686506
2.0,5.0,4.0,5.0,4.0,3.0,3.217685047513902
2.0,5.0,4.0,5.0,4.0,4.0,3.3279700910621135
2.0,5.0,4.0,5.0,4.0,5.0,3.595058796889278
2.0,5.0,4.0,5.0,5.0,3.0,3.248937195554926
2.0,5.0,4.0,5.0,5.0,4.0,3.569946629805702
2.0,5.0,4.0,5.0,5.0,5.0,3.595058827232071
2.0,5.0,5.0,1.0,2.0,3.0,2.7491195573233096
2.0,5.0,5.0,1.0,5.0,5.0,3.2237140055821034
2.0,5.0,5.0,2.0,1.0,1.0,2.0977954887087193
2.0,5.0,5.0,2.0,2.0,2.0,2.298106011192565
2.0,5.0,5.0,2.0,5.0,1.0,2.3936870343646643
2.0,5.0,5.0,2.0,5.0,3.0,2.801728386717447
2.0,5.0,5.0,3.0,5.0,3.0,3.2692722580012217
2.0,5.0,5.0,4.0,3.0,3.0,3.217685209178682
2.0,5.0,5.0,4.0,4.0,3.0,3.217685117154764
2.0,5.0,5.0,4.0,4.0,4.0,3.2181378231950593
2.0,5.0,5.0,4.0,4.0,5.0,3.5974132743560765
2.0,5.0,5.0,4.0,5.0,3.0,3.269272182585403
2.0,5.0,5.0,4.0,5.0,5.0,3.5974131479013556
2.0,5.0,5.0,5.0,1.0,3.0,2.9900570597710767
2.0,5.0,5.0,5.0,2.0,5.0,3.597413846462927
2.0,5.0,5.0,5.0,3.0,4.0,3.4758033582249968
2.0,5.0,5.0,5.0,3.0,5.0,3.5974136641146877
2.0,5.0,5.0,5.0,4.0,1.0,2.9592998713417957
2.0,5.0,5.0,5.0,4.0,3.0,3.2176850333072533
2.0,5.0,5.0,5.0,4.0,5.0,3.597413436204269
2.0,5.0,5.0,5.0,5.0,3.0,3.269272143733159
2.0,5.0,5.0,5.0,5.0,4.0,3.5699465608025083
2.0,5.0,5.0,5.0,5.0,5.0,3.626104839529572
3.0,1.0,1.0,1.0,1.0,1.0,1.1971431100968375
3.0,1.0,1.0,1.0,1.0,2.0,1.197083294780258
3.0,1.0,1.0,1.0,1.0,3.0,1.6456831562415117
3.0,1.0,1.0,1.0,2.0,1.0,1.1976831132030854
3.0,1.0,1.0,1.0,2.0,2.0,1.1976918999504917
3.0,1.0,1.0,1.0,2.0,4.0,1.6456964045462505
3.0,1.0,1.0,1.0,3.0,1.0,1.1976806658281764
3.0,1.0,1.0,1.0,3.0,2.0,1.645676944425519
3.0,1.0,1.0,2.0,1.0,1.0,1.2207793088470114
3.0,1.0,1.0,2.0,1.0,2.0,1.220779894644582
3.0,1.0,1.0,2.0,1.0,3.0,1.645680579034603
3.0,1.0,1.0,2.0,2.0,2.0,1.417701019640542
3.0,1.0,1.0,2.0,3.0,1.0,1.3766882951175528
3.0,1.0,1.0,2.0,3.0,2.0,1.7543371196771802
3.0,1.0,1.0,2.0,3.0,3.0,1.8935270772863229
3.0,1.0,1.0,3.0,1.0,1.0,1.2600510229041402
3.0,1.0,1.0,3.0,1.0,2.0,1.2945669097039223
3.0,1.0,1.0,3.0,2.0,1.0,1.4193836412047884
3.0,1.0,1.0,3.0,2.0,3.0,2.105700752825169
3.0,1.0,1.0,3.0,3.0,2.0,1.786583291887905
3.0,1.0,1.0,3.0,3.0,3.0,2.1057000852652075
3.0,1.0,1.0,3.0,4.0,3.0,2.1959323787151073
3.0,1.0,1.0,4.0,1.0,2.0,1.3732948246414012
3.0,1.0,1.0,4.0,4.0,3.0,2.19593214815487
3.0,1.0,1.0,4.0,4.0,4.0,2.339291102112919
3.0,1.0,1.0,5.0,3.0,2.0,2.218443245443729
3.0,1.0,1.0,5.0,5.0,5.0,2.405570037220586
3.0,1.0,2.0,1.0,1.0,1.0,1.197074132484426
3.0,1.0,2.0,1.0,1.0,2.0,1.3771625589384662
3.0,1.0,2.0,1.0,2.0,1.0,1.1976923508135628
3.0,1.0,2.0,1.0,2.0,2.0,1.8264388387232329
3.0,1.0,2.0,1.0,3.0,1.0,1.702975194728899
3.0,1.0,2.0,1.0,3.0,2.0,1.8264371633416643
3.0,1.0,2.0,2.0,1.0,1.0,1.4809327349424473
3.0,1.0,2.0,2.0,1.0,2.0,1.8264712484864036
3.0,1.0,2.0,2.0,2.0,2.0,1.8264708109871508
3.0,1.0,2.0,2.0,2.0,3.0,1.9686924991464099
3.0,1.0,2.0,2.0,3.0,1.0,1.7899903351332747
3.0,1.0,2.0,2.0,3.0,2.0,1.88007907521888
3.0,1.0,2.0,2.0,3.0,3.0,2.030401238744646
3.0,1.0,2.0,2.0,3.0,4.0,2.1690043179949705
3.0,1.0,2.0,3.0,1.0,1.0,1.6487517407005314
3.0,1.0,2.0,3.0,1.0,2.0,1.880079641368418
3.0,1.0,2.0,3.0,1.0,3.0,1.9734475557050049
3.0,1.0,2.0,3.0,2.0,2.0,1.8800796389549186
3.0,1.0,2.0,3.0,2.0,3.0,2.186641916116987
3.0,1.0,2.0,3.0,3.0,2.0,1.8800794187544803
3.0,1.0,2.0,3.0,3.0,3.0,2.1866418792849416
3.0,1.0,2.0,3.0,4.0,2.0,2.3336855384963684
3.0,1.0,2.0,3.0,4.0,3.0,2.333685370412853
3.0,1.0,2.0,4.0,1.0,5.0,2.0146443924650748
3.0,1.0,2.0,4.0,2.0,4.0,2.643432706301978
3.0,1.0,2.0,4.0,3.0,3.0,2.4300430213318616
3.0,1.0,2.0,4.0,4.0,2.0,2.385748196812859
3.0,1.0,2.0,4.0,4.0,3.0,2.6434338954125955
3.0,1.0,2.0,5.0,4.0,2.0,2.385748190145867
3.0,1.0,3.0,1.0,3.0,3.0,1.8264372056312435
3.0,1.0,3.0,1.0,4.0,3.0,2.2987185580539204
3.0,1.0,3.0,2.0,1.0,1.0,1.7884076476901232
3.0,1.0,3.0,2.0,1.0,2.0,1.9175205350536209
3.0,1.0,3.0,2.0,2.0,2.0,1.9914931759201349
3.0,1.0,3.0,2.0,3.0,3.0,2.411170398633892
3.0,1.0,3.0,2.0,4.0,2.0,2.4111706320888127
3.0,1.0,3.0,2.0,4.0,3.0,2.4111706226458214
3.0,1.0,3.0,3.0,1.0,2.0,1.9979233437690986
3.0,1.0,3.0,3.0,1.0,3.0,2.115397829875686
3.0,1.0,3.0,3.0,1.0,4.0,2.551109335667688
3.0,1.0,3.0,3.0,2.0,2.0,2.070220707879555
3.0,1.0,3.0,3.0,2.0,3.0,2.5482765095713935
3.0,1.0,3.0,3.0,3.0,3.0,2.5482763670313218
3.0,1.0,3.0,3.0,4.0,3.0,2.548275865459721
3.0,1.0,3.0,3.0,5.0,3.0,2.8083082281093836
3.0,1.0,3.0,4.0,1.0,3.0,2.115397721276419
3.0,1.0,3.0,4.0,2.0,2.0,2.4988080656758296
3.0,1.0,3.0,4.0,2.0,3.0,2.5975302378722707
3.0,1.0,3.0,4.0,2.0,4.0,2.805027335795737
3.0,1.0,3.0,4.0,3.0,2.0,2.54047719552266
3.0,1.0,3.0,4.0,3.0,3.0,2.636524915429039
3.0,1.0,3.0,4.0,3.0,5.0,2.808308507567039
3.0,1.0,3.0,4.0,4.0,3.0,2.739043773775554
3.0,1.0,3.0,5.0,1.0,5.0,2.808306781314941
3.0,1.0,3.0,5.0,2.0,3.0,2.597530337100864
3.0,1.0,3.0,5.0,5.0,2.0,2.8083091668270916
3.0,1.0,3.0,5.0,5.0,5.0,2.80830810503885
3.0,1.0,4.0,1.0,1.0,3.0,2.1142692105968797
3.0,1.0,4.0,1.0,3.0,3.0,2.2622145511005627
3.0,1.0,4.0,3.0,3.0,3.0,2.8739304626767646
3.0,1.0,4.0,3.0,4.0,1.0,1.8375639799661683
3.0,1.0,4.0,4.0,3.0,4.0,2.9714791865094545
3.0,1.0,4.0,4.0,4.0,4.0,2.971479078677967
3.0,1.0,4.0,4.0,4.0,5.0,3.228449498748587
3.0,1.0,4.0,4.0,5.0,4.0,2.9714789150313945
3.0,1.0,5.0,1.0,1.0,1.0,1.607328959903012
3.0,1.0,5.0,4.0,3.0,3.0,3.05093990204531
3.0,1.0,5.0,5.0,4.0,4.0,3.7333816318884487
3.0,1.0,5.0,5.0,5.0,3.0,3.8773881120523135
3.0,2.0,1.0,1.0,1.0,1.0,1.1970125045548858
3.0,2.0,1.0,1.0,1.0,2.0,1.2091836741779378
3.0,2.0,1.0,1.0,2.0,1.0,1.1981922412202555
3.0,2.0,1.0,1.0,2.0,2.0,1.6456785662271542
3.0,2.0,1.0,2.0,1.0,1.0,1.2600499222786083
3.0,2.0,1.0,2.0,1.0,2.0,1.4391878436394065
3.0,2.0,1.0,2.0,2.0,1.0,1.3766893072155184
3.0,2.0,1.0,2.0,2.0,3.0,2.0191653128294726
3.0,2.0,1.0,2.0,3.0,1.0,1.3766896718751975
3.0,2.0,1.0,2.0,3.0,2.0,1.7543368202405643
3.0,2.0,1.0,2.0,3.0,3.0,2.019164129433833
3.0,2.0,1.0,2.0,4.0,2.0,1.754336618980072
3.0,2.0,1.0,3.0,1.0,1.0,1.2600502803536535
3.0,2.0,1.0,3.0,1.0,2.0,1.4391881571335396
3.0,2.0,1.0,3.0,2.0,2.0,1.7865824980209297
3.0,2.0,1.0,3.0,2.0,3.0,2.105700233769389
3.0,2.0,1.0,3.0,3.0,1.0,1.4193832507496658
3.0,2.0,1.0,3.0,3.0,2.0,1.7865831906767968
3.0,2.0,1.0,3.0,3.0,3.0,2.1056999272006447
3.0,2.0,1.0,3.0,4.0,2.0,1.786583592313461
3.0,2.0,1.0,4.0,1.0,3.0,1.9493714460114058
3.0,2.0,1.0,4.0,2.0,2.0,1.8970066936314471
3.0,2.0,1.0,4.0,2.0,3.0,2.1057000672411363
3.0,2.0,1.0,4.0,3.0,3.0,2.1056999734255495
3.0,2.0,1.0,4.0,4.0,3.0,2.195932292241205
3.0,2.0,1.0,4.0,4.0,4.0,2.3392911357049626
3.0,2.0,1.0,5.0,2.0,3.0,2.1057000259654246
3.0,2.0,1.0,5.0,3.0,2.0,2.21844277171834
3.0,2.0,1.0,5.0,5.0,5.0,2.405570160911565
3.0,2.0,2.0,1.0,1.0,1.0,1.354181288042512
3.0,2.0,2.0,1.0,1.0,2.0,1.3771632070799986
3.0,2.0,2.0,1.0,1.0,3.0,1.8427066363158597
3.0,2.0,2.0,1.0,2.0,1.0,1.4116686576304822
3.0,2.0,2.0,1.0,2.0,2.0,1.8264099789998773
3.0,2.0,2.0,1.0,2.0,3.0,2.029550769822578
3.0,2.0,2.0,1.0,3.0,2.0,1.8898904722139778
3.0,2.0,2.0,1.0,3.0,3.0,2.0295502319075194
3.0,2.0,2.0,1.0,4.0,3.0,2.029549882161609
3.0,2.0,2.0,2.0,1.0,1.0,1.4809324649099538
3.0,2.0,2.0,2.0,1.0,2.0,1.9161697717662383
3.0,2.0,2.0,2.0,2.0,1.0,1.5056791564492231
3.0,2.0,2.0,2.0,2.0,2.0,2.1298827112502376
3.0,2.0,2.0,2.0,3.0,1.0,1.9094125258004646
3.0,2.0,2.0,2.0,3.0,2.0,2.129882726998051
3.0,2.0,2.0,2.0,3.0,3.0,2.389022057679983
3.0,2.0,2.0,2.0,4.0,2.0,2.1298828853060603
3.0,2.0,2.0,2.0,4.0,3.0,2.38902331783411
3.0,2.0,2.0,2.0,4.0,4.0,2.389023945331921
3.0,2.0,2.0,3.0,1.0,1.0,1.6487515729727142
3.0,2.0,2.0,3.0,1.0,2.0,1.9240736552969524
3.0,2.0,2.0,3.0,1.0,3.0,2.0140964087882622
3.0,2.0,2.0,3.0,1.0,4.0,2.146120694408461
3.0,2.0,2.0,3.0,2.0,1.0,1.9195496989854686
3.0,2.0,2.0,3.0,2.0,2.0,2.1968566601004293
3.0,2.0,2.0,3.0,2.0,3.0,2.473703381445406
3.0,2.0,2.0,3.0,3.0,1.0,1.9195510108899712
3.0,2.0,2.0,3.0,3.0,2.0,2.200519136769929
3.0,2.0,2.0,3.0,3.0,3.0,2.614486148123256
3.0,2.0,2.0,3.0,4.0,1.0,1.9195537972009697
3.0,2.0,2.0,3.0,4.0,2.0,2.385747958395601
3.0,2.0,2.0,3.0,4.0,3.0,2.697266802087102
3.0,2.0,2.0,3.0,4.0,4.0,2.6972668550642234
3.0,2.0,2.0,3.0,5.0,3.0,2.697266933446589
3.0,2.0,2.0,3.0,5.0,5.0,2.6972669862182186
3.0,2.0,2.0,4.0,1.0,3.0,2.2426676406552724
3.0,2.0,2.0,4.0,1.0,4.0,2.2426676075620087
3.0,2.0,2.0,4.0,2.0,2.0,2.196858456320568
3.0,2.0,2.0,4.0,2.0,3.0,2.557389479833119
3.0,2.0,2.0,4.0,2.0,4.0,2.7022244049568505
3.0,2.0,2.0,4.0,3.0,2.0,2.2005190564764163
3.0,2.0,2.0,4.0,3.0,3.0,2.697437120493307
3.0,2.0,2.0,4.0,3.0,4.0,2.7879867982052615
3.0,2.0,2.0,4.0,4.0,2.0,2.3857480422503747
3.0,2.0,2.0,4.0,4.0,3.0,2.7747540629659646
3.0,2.0,2.0,4.0,4.0,4.0,2.8746069217116306
3.0,2.0,2.0,4.0,4.0,5.0,3.1704253455505094
3.0,2.0,2.0,4.0,5.0,1.0,1.9195564117233448
3.0,2.0,2.0,5.0,2.0,2.0,2.1968601203320866
3.0,2.0,2.0,5.0,2.0,3.0,2.5573895330870466
3.0,2.0,2.0,5.0,2.0,5.0,2.907289836813222
3.0,2.0,2.0,5.0,3.0,2.0,2.218444150647341
3.0,2.0,2.0,5.0,4.0,3.0,2.802560272427321
3.0,2.0,2.0,5.0,4.0,4.0,2.928897815527918
3.0,2.0,2.0,5.0,5.0,5.0,3.170424606489338
3.0,2.0,3.0,1.0,1.0,1.0,1.3541814079162444
3.0,2.0,3.0,1.0,2.0,1.0,1.5906050012499284
3.0,2.0,3.0,1.0,2.0,2.0,1.8264085895461963
3.0,2.0,3.0,1.0,2.0,3.0,2.067663659299649
3.0,2.0,3.0,1.0,3.0,3.0,2.1594124392810006
3.0,2.0,3.0,2.0,1.0,1.0,1.7884076136937554
3.0,2.0,3.0,2.0,1.0,2.0,2.1576332068049497
3.0,2.0,3.0,2.0,2.0,2.0,2.157633054748155
3.0,2.0,3.0,2.0,2.0,3.0,2.1576333147438747
3.0,2.0,3.0,2.0,2.0,4.0,2.6468323505620925
3.0,2.0,3.0,2.0,3.0,1.0,1.9771723209737284
3.0,2.0,3.0,2.0,3.0,2.0,2.3044758192776977
3.0,2.0,3.0,2.0,3.0,3.0,2.4111702528263104
3.0,2.0,3.0,2.0,3.0,4.0,2.7441581457437896
3.0,2.0,3.0,2.0,4.0,2.0,2.5499240894592634
3.0,2.0,3.0,3.0,1.0,2.0,2.157633285310827
3.0,2.0,3.0,3.0,1.0,3.0,2.3298236794848544
3.0,2.0,3.0,3.0,2.0,2.0,2.426402200530952
3.0,2.0,3.0,3.0,2.0,3.0,2.66155006664765
3.0,2.0,3.0,3.0,2.0,4.0,2.661550173516054
3.0,2.0,3.0,3.0,3.0,2.0,2.4264020309319148
3.0,2.0,3.0,3.0,3.0,3.0,2.9627038552742406
3.0,2.0,3.0,3.0,3.0,4.0,2.9627040238324946
3.0,2.0,3.0,3.0,4.0,3.0,2.962703764498356
3.0,2.0,3.0,3.0,5.0,3.0,2.962703696463706
3.0,2.0,3.0,3.0,5.0,5.0,3.120892230413378
3.0,2.0,3.0,4.0,1.0,3.0,2.3298237238393673
3.0,2.0,3.0,4.0,2.0,2.0,2.498807883153925
3.0,2.0,3.0,4.0,2.0,3.0,2.8913573629924456
3.0,2.0,3.0,4.0,3.0,2.0,2.5404775797646706
3.0,2.0,3.0,4.0,3.0,3.0,2.9627040178265824
3.0,2.0,3.0,4.0,3.0,4.0,3.151174967185783
3.0,2.0,3.0,4.0,4.0,2.0,2.819462572939086
3.0,2.0,3.0,4.0,4.0,3.0,2.9768321488745055
3.0,2.0,3.0,4.0,4.0,4.0,3.1673227339322367
3.0,2.0,3.0,4.0,4.0,5.0,3.170425749461275
3.0,2.0,3.0,4.0,5.0,3.0,2.9768315728660033
3.0,2.0,3.0,4.0,5.0,4.0,3.1673227412948304
3.0,2.0,3.0,5.0,2.0,4.0,2.8913574564752818
3.0,2.0,3.0,5.0,3.0,5.0,3.151175241465365
3.0,2.0,3.0,5.0,4.0,2.0,2.82536086808745
3.0,2.0,3.0,5.0,4.0,3.0,2.9768322838122634
3.0,2.0,3.0,5.0,4.0,4.0,3.2175107864738877
3.0,2.0,3.0,5.0,4.0,5.0,3.2175107552912765
3.0,2.0,3.0,5.0,5.0,4.0,3.21751074535069
3.0,2.0,3.0,5.0,5.0,5.0,3.2175107420451745
3.0,2.0,4.0,1.0,2.0,1.0,1.6878419145999606
3.0,2.0,4.0,1.0,3.0,2.0,2.1822131695261646
3.0,2.0,4.0,2.0,2.0,2.0,2.4051037999965583
3.0,2.0,4.0,2.0,3.0,3.0,2.4111708156197196
3.0,2.0,4.0,2.0,5.0,4.0,3.0649645704286437
3.0,2.0,4.0,3.0,2.0,2.0,2.426402334301156
3.0,2.0,4.0,3.0,2.0,3.0,2.6615501855072248
3.0,2.0,4.0,3.0,2.0,4.0,2.9217742601097254
3.0,2.0,4.0,3.0,3.0,2.0,2.799042845449613
3.0,2.0,4.0,3.0,3.0,3.0,3.054193622370782
3.0,2.0,4.0,3.0,3.0,4.0,3.186121863330462
3.0,2.0,4.0,3.0,4.0,3.0,3.090690779967555
3.0,2.0,4.0,3.0,4.0,4.0,3.1861218564529348
3.0,2.0,4.0,4.0,2.0,2.0,2.498807887287775
3.0,2.0,4.0,4.0,2.0,3.0,3.0547442980763146
3.0,2.0,4.0,4.0,3.0,3.0,3.054744303887406
3.0,2.0,4.0,4.0,3.0,4.0,3.186121852068938
3.0,2.0,4.0,4.0,4.0,3.0,3.216776879305795
3.0,2.0,4.0,4.0,4.0,4.0,3.4055471709425866
3.0,2.0,4.0,4.0,5.0,4.0,3.4055471598420834
3.0,2.0,4.0,5.0,3.0,3.0,3.0547442409598475
3.0,2.0,4.0,5.0,4.0,2.0,2.974499442037634
3.0,2.0,4.0,5.0,5.0,4.0,3.405547112936116
3.0,2.0,4.0,5.0,5.0,5.0,3.8308893951352614
3.0,2.0,5.0,2.0,3.0,1.0,2.687144817105959
3.0,2.0,5.0,3.0,4.0,4.0,3.6036266995909956
3.0,2.0,5.0,4.0,3.0,3.0,3.395335147736591
3.0,2.0,5.0,4.0,5.0,3.0,3.395335097600874
3.0,2.0,5.0,5.0,2.0,5.0,3.354705658498708
3.0,2.0,5.0,5.0,4.0,3.0,3.4879458799500007
3.0,2.0,5.0,5.0,5.0,5.0,4.151956670130471
3.0,3.0,1.0,1.0,1.0,1.0,1.1985520757039232
3.0,3.0,1.0,1.0,1.0,2.0,1.4690009729764097
3.0,3.0,1.0,1.0,1.0,3.0,1.6456801635653735
3.0,3.0,1.0,1.0,2.0,1.0,1.1986206888000048
3.0,3.0,1.0,1.0,2.0,2.0,1.645677965555749
3.0,3.0,1.0,1.0,2.0,3.0,1.6456783067168632
3.0,3.0,1.0,1.0,3.0,1.0,1.1989007921292925
3.0,3.0,1.0,1.0,3.0,2.0,1.6456773652309857
3.0,3.0,1.0,1.0,3.0,3.0,1.6456773537832068
3.0,3.0,1.0,1.0,4.0,1.0,1.2318354450480211
3.0,3.0,1.0,1.0,4.0,2.0,1.8551057306573662
3.0,3.0,1.0,1.0,4.0,3.0,2.0295507466963825
3.0,3.0,1.0,2.0,1.0,1.0,1.2600488598566946
3.0,3.0,1.0,2.0,1.0,2.0,1.774904018876193
3.0,3.0,1.0,2.0,1.0,3.0,1.7749040657022626
3.0,3.0,1.0,2.0,2.0,1.0,1.639004066474395
3.0,3.0,1.0,2.0,2.0,2.0,1.866284859836439
3.0,3.0,1.0,2.0,2.0,3.0,2.0191640370641255
3.0,3.0,1.0,2.0,3.0,1.0,1.6390044821717908
3.0,3.0,1.0,2.0,3.0,2.0,1.9369353349610055
3.0,3.0,1.0,2.0,3.0,3.0,2.0191631375701067
3.0,3.0,1.0,2.0,4.0,3.0,2.029550588833577
3.0,3.0,1.0,2.0,4.0,4.0,2.0295493834132783
3.0,3.0,1.0,3.0,1.0,1.0,1.2600496272550012
3.0,3.0,1.0,3.0,1.0,2.0,1.7749039034955674
3.0,3.0,1.0,3.0,1.0,3.0,1.774903968921952
3.0,3.0,1.0,3.0,1.0,4.0,1.7749040021678926
3.0,3.0,1.0,3.0,2.0,1.0,1.6390039201286675
3.0,3.0,1.0,3.0,2.0,2.0,1.8662849051386452
3.0,3.0,1.0,3.0,2.0,3.0,2.1057001846618335
3.0,3.0,1.0,3.0,3.0,1.0,1.7683533806152532
3.0,3.0,1.0,3.0,3.0,2.0,1.9369353153692077
3.0,3.0,1.0,3.0,3.0,3.0,2.2304860545505205
3.0,3.0,1.0,3.0,3.0,4.0,2.437865963787442
3.0,3.0,1.0,3.0,4.0,2.0,2.008950745625619
3.0,3.0,1.0,3.0,4.0,3.0,2.230485956109227
3.0,3.0,1.0,4.0,1.0,1.0,1.4815230232353311
3.0,3.0,1.0,4.0,1.0,2.0,1.7749039278429688
3.0,3.0,1.0,4.0,1.0,3.0,1.9980581225069345
3.0,3.0,1.0,4.0,1.0,4.0,2.1987165215178166
3.0,3.0,1.0,4.0,2.0,2.0,1.9029749611751114
3.0,3.0,1.0,4.0,2.0,3.0,2.1056999924629767
3.0,3.0,1.0,4.0,3.0,1.0,1.9593348805810096
3.0,3.0,1.0,4.0,3.0,2.0,2.252632030669556
3.0,3.0,1.0,4.0,3.0,3.0,2.437867631775779
3.0,3.0,1.0,4.0,3.0,4.0,2.4378670990004987
3.0,3.0,1.0,4.0,4.0,2.0,2.252631967661031
3.0,3.0,1.0,4.0,4.0,3.0,2.4378675704611648
3.0,3.0,1.0,4.0,4.0,4.0,2.437867530994719
3.0,3.0,1.0,5.0,1.0,1.0,1.585547653867601
3.0,3.0,1.0,5.0,1.0,2.0,2.0366014957705563
3.0,3.0,1.0,5.0,5.0,5.0,2.935531210049251
3.0,3.0,2.0,1.0,1.0,1.0,1.4426731977954943
3.0,3.0,2.0,1.0,1.0,2.0,1.6482239919821027
3.0,3.0,2.0,1.0,1.0,3.0,1.8427069393038111
3.0,3.0,2.0,1.0,2.0,1.0,1.5045251037297807
3.0,3.0,2.0,1.0,2.0,2.0,1.8263880424773855
3.0,3.0,2.0,1.0,2.0,3.0,2.029550716383704
3.0,3.0,2.0,1.0,3.0,1.0,1.702972708666098
3.0,3.0,2.0,1.0,3.0,2.0,1.889890361552882
3.0,3.0,2.0,1.0,3.0,3.0,2.0295502948704325
3.0,3.0,2.0,1.0,3.0,4.0,2.182948319174618
3.0,3.0,2.0,1.0,4.0,1.0,1.702972337238754
3.0,3.0,2.0,1.0,4.0,2.0,1.889891508220691
3.0,3.0,2.0,1.0,4.0,3.0,2.029550310709552
3.0,3.0,2.0,1.0,4.0,4.0,2.6603233581673402
3.0,3.0,2.0,2.0,1.0,1.0,1.4809323867653106
3.0,3.0,2.0,2.0,1.0,2.0,1.9748979283289576
3.0,3.0,2.0,2.0,1.0,3.0,1.9910155157444904
3.0,3.0,2.0,2.0,1.0,4.0,2.1137285224698266
3.0,3.0,2.0,2.0,2.0,1.0,1.772455043095216
3.0,3.0,2.0,2.0,2.0,2.0,2.1298818860994864
3.0,3.0,2.0,2.0,2.0,3.0,2.3890174397486232
3.0,3.0,2.0,2.0,3.0,1.0,1.9771719464020396
3.0,3.0,2.0,2.0,3.0,2.0,2.164698742396558
3.0,3.0,2.0,2.0,3.0,3.0,2.3890199708784134
3.0,3.0,2.0,2.0,4.0,1.0,1.9771713856625757
3.0,3.0,2.0,2.0,4.0,2.0,2.164698848198663
3.0,3.0,2.0,2.0,4.0,3.0,2.623927907132659
3.0,3.0,2.0,2.0,5.0,3.0,2.623928131670466
3.0,3.0,2.0,3.0,1.0,1.0,1.6487510382667576
3.0,3.0,2.0,3.0,1.0,2.0,2.0699714965736726
3.0,3.0,2.0,3.0,1.0,3.0,2.139796813309592
3.0,3.0,2.0,3.0,1.0,4.0,2.1924562131823886
3.0,3.0,2.0,3.0,2.0,1.0,1.9771716963445205
3.0,3.0,2.0,3.0,2.0,2.0,2.1968372453706677
3.0,3.0,2.0,3.0,2.0,3.0,2.4737032346587124
3.0,3.0,2.0,3.0,2.0,4.0,2.5930099929742
3.0,3.0,2.0,3.0,3.0,1.0,1.97717145091549
3.0,3.0,2.0,3.0,3.0,2.0,2.3734040009652326
3.0,3.0,2.0,3.0,3.0,3.0,2.6968098776474005
3.0,3.0,2.0,3.0,3.0,4.0,2.7879877927235253
3.0,3.0,2.0,3.0,4.0,1.0,1.9771709830111026
3.0,3.0,2.0,3.0,4.0,2.0,2.385747829333541
3.0,3.0,2.0,3.0,4.0,3.0,2.787988545847436
3.0,3.0,2.0,3.0,4.0,4.0,2.787988132547616
3.0,3.0,2.0,3.0,4.0,5.0,2.944116589913405
3.0,3.0,2.0,3.0,5.0,3.0,2.824067772456964
3.0,3.0,2.0,3.0,5.0,4.0,2.9228672975181995
3.0,3.0,2.0,4.0,1.0,2.0,2.1162877481592646
3.0,3.0,2.0,4.0,1.0,3.0,2.2426674835638676
3.0,3.0,2.0,4.0,1.0,4.0,2.242667529486334
3.0,3.0,2.0,4.0,2.0,2.0,2.1968518958148997
3.0,3.0,2.0,4.0,2.0,3.0,2.5573893673163863
3.0,3.0,2.0,4.0,2.0,4.0,2.78592403163248
3.0,3.0,2.0,4.0,2.0,5.0,2.8748982879442226
3.0,3.0,2.0,4.0,3.0,2.0,2.578012343133861
3.0,3.0,2.0,4.0,3.0,3.0,2.787986041439116
3.0,3.0,2.0,4.0,3.0,4.0,2.7879867832733694
3.0,3.0,2.0,4.0,4.0,2.0,2.5780122295161645
3.0,3.0,2.0,4.0,4.0,3.0,2.8206465218715615
3.0,3.0,2.0,4.0,4.0,4.0,2.8746069101640908
3.0,3.0,2.0,4.0,4.0,5.0,3.1704252570762117
3.0,3.0,2.0,4.0,5.0,3.0,2.9932144967683114
3.0,3.0,2.0,4.0,5.0,4.0,2.9932145374765513
3.0,3.0,2.0,5.0,1.0,3.0,2.5392613444586507
3.0,3.0,2.0,5.0,1.0,5.0,2.5392613703567006
3.0,3.0,2.0,5.0,2.0,1.0,2.044871031535522
3.0,3.0,2.0,5.0,2.0,2.0,2.1968566892676598
3.0,3.0,2.0,5.0,2.0,3.0,2.557389510934128
3.0,3.0,2.0,5.0,2.0,5.0,2.9536256925362476
3.0,3.0,2.0,5.0,3.0,2.0,2.5780122388646105
3.0,3.0,2.0,5.0,3.0,3.0,2.7879860173787794
3.0,3.0,2.0,5.0,3.0,4.0,2.90126092748608
3.0,3.0,2.0,5.0,4.0,4.0,3.095472901269502
3.0,3.0,2.0,5.0,4.0,5.0,3.241451146653259
3.0,3.0,2.0,5.0,5.0,3.0,2.9932144944269656
3.0,3.0,2.0,5.0,5.0,4.0,3.095472836304701
3.0,3.0,2.0,5.0,5.0,5.0,3.241451131174307
3.0,3.0,3.0,1.0,1.0,1.0,1.4426732557794197
3.0,3.0,3.0,1.0,1.0,2.0,1.6482239628864899
3.0,3.0,3.0,1.0,2.0,1.0,1.5906047389158215
3.0,3.0,3.0,1.0,2.0,2.0,1.883650086547137
3.0,3.0,3.0,1.0,2.0,3.0,2.067663732780649
3.0,3.0,3.0,1.0,3.0,1.0,1.7029719994226065
3.0,3.0,3.0,1.0,3.0,2.0,2.0232165965511006
3.0,3.0,3.0,1.0,3.0,3.0,2.293165859678767
3.0,3.0,3.0,1.0,4.0,1.0,1.7318247530297939
3.0,3.0,3.0,1.0,4.0,2.0,2.345543135560891
3.0,3.0,3.0,1.0,4.0,3.0,2.493842498740013
3.0,3.0,3.0,1.0,4.0,4.0,2.682329903378333
3.0,3.0,3.0,1.0,5.0,5.0,2.8312392531002573
3.0,3.0,3.0,2.0,1.0,1.0,1.7884075106841641
3.0,3.0,3.0,2.0,1.0,2.0,2.157633086490669
3.0,3.0,3.0,2.0,1.0,3.0,2.244290341044498
3.0,3.0,3.0,2.0,2.0,1.0,1.7984010047704613
3.0,3.0,3.0,2.0,2.0,2.0,2.1576327560691086
3.0,3.0,3.0,2.0,2.0,3.0,2.646833259967358
3.0,3.0,3.0,2.0,3.0,1.0,1.9771724038580512
3.0,3.0,3.0,2.0,3.0,2.0,2.415209277817177
3.0,3.0,3.0,2.0,3.0,3.0,2.7418350581487556
3.0,3.0,3.0,2.0,3.0,4.0,2.7441581701175894
3.0,3.0,3.0,2.0,4.0,2.0,2.549925743536584
3.0,3.0,3.0,2.0,4.0,3.0,2.8345990086663666
3.0,3.0,3.0,2.0,4.0,4.0,2.834598993341966
3.0,3.0,3.0,2.0,5.0,2.0,2.709487157662704
3.0,3.0,3.0,2.0,5.0,3.0,2.835824865393998
3.0,3.0,3.0,2.0,5.0,4.0,2.9621627492784195
3.0,3.0,3.0,3.0,1.0,1.0,2.0794997280077516
3.0,3.0,3.0,3.0,1.0,2.0,2.157633233291123
3.0,3.0,3.0,3.0,1.0,3.0,2.329823409743782
3.0,3.0,3.0,3.0,2.0,1.0,2.0794991800212768
3.0,3.0,3.0,3.0,2.0,2.0,2.515894248337808
3.0,3.0,3.0,3.0,2.0,3.0,2.8024568778100876
3.0,3.0,3.0,3.0,2.0,4.0,2.9745908736633337
3.0,3.0,3.0,3.0,3.0,1.0,2.0794985714778207
3.0,3.0,3.0,3.0,3.0,2.0,2.549926269419042
3.0,3.0,3.0,3.0,3.0,3.0,2.9657974034907886
3.0,3.0,3.0,3.0,3.0,4.0,3.1052629610584708
3.0,3.0,3.0,3.0,4.0,2.0,2.5499263010819995
3.0,3.0,3.0,3.0,4.0,3.0,2.9928552322312827
3.0,3.0,3.0,3.0,4.0,4.0,3.26859851442703
3.0,3.0,3.0,3.0,5.0,1.0,2.2584727699882583
3.0,3.0,3.0,3.0,5.0,3.0,2.9928552072888013
3.0,3.0,3.0,3.0,5.0,4.0,3.3715791465245317
3.0,3.0,3.0,3.0,5.0,5.0,3.3715791352331954
3.0,3.0,3.0,4.0,1.0,2.0,2.199399757976302
3.0,3.0,3.0,4.0,1.0,3.0,2.3298235726873124
3.0,3.0,3.0,4.0,1.0,4.0,2.778208420531016
3.0,3.0,3.0,4.0,1.0,5.0,2.9500637934639475
3.0,3.0,3.0,4.0,2.0,2.0,2.515894263169731
3.0,3.0,3.0,4.0,2.0,3.0,2.8913572616896697
3.0,3.0,3.0,4.0,2.0,4.0,2.9745906931174875
3.0,3.0,3.0,4.0,3.0,1.0,2.1892552466972433
3.0,3.0,3.0,4.0,3.0,2.0,2.703773595241066
3.0,3.0,3.0,4.0,3.0,3.0,3.032333699500569
3.0,3.0,3.0,4.0,3.0,4.0,3.179683789460366
3.0,3.0,3.0,4.0,4.0,2.0,2.8555947167056392
3.0,3.0,3.0,4.0,4.0,3.0,3.094108492412665
3.0,3.0,3.0,4.0,4.0,4.0,3.3167597612368582
3.0,3.0,3.0,4.0,4.0,5.0,3.432448074203404
3.0,3.0,3.0,4.0,5.0,3.0,3.0941083892891745
3.0,3.0,3.0,4.0,5.0,4.0,3.371579129266473
3.0,3.0,3.0,4.0,5.0,5.0,3.432448046776994
3.0,3.0,3.0,5.0,1.0,2.0,2.2463745833605064
3.0,3.0,3.0,5.0,1.0,3.0,2.6975430872607555
3.0,3.0,3.0,5.0,1.0,4.0,2.9304929301677727
3.0,3.0,3.0,5.0,2.0,3.0,2.8913573562719814
3.0,3.0,3.0,5.0,2.0,4.0,2.9745906683179455
3.0,3.0,3.0,5.0,2.0,5.0,2.9745907442181
3.0,3.0,3.0,5.0,3.0,3.0,3.032333738916158
3.0,3.0,3.0,5.0,3.0,4.0,3.1796838190144445
3.0,3.0,3.0,5.0,4.0,2.0,3.039532923261684
3.0,3.0,3.0,5.0,4.0,3.0,3.1071043290080382
3.0,3.0,3.0,5.0,4.0,4.0,3.37519084247038
3.0,3.0,3.0,5.0,4.0,5.0,3.5173027575162417
3.0,3.0,3.0,5.0,5.0,3.0,3.107104212131477
3.0,3.0,3.0,5.0,5.0,4.0,3.5173027508691663
3.0,3.0,3.0,5.0,5.0,5.0,3.5173027237727097
3.0,3.0,4.0,1.0,1.0,2.0,1.677199981783077
3.0,3.0,4.0,1.0,2.0,1.0,1.9134814851539212
3.0,3.0,4.0,1.0,3.0,2.0,2.228548715791887
3.0,3.0,4.0,1.0,4.0,4.0,2.6823298822457358
3.0,3.0,4.0,1.0,5.0,3.0,2.9062359773509483
3.0,3.0,4.0,2.0,1.0,2.0,2.1593305767289364
3.0,3.0,4.0,2.0,2.0,1.0,2.1069658399124713
3.0,3.0,4.0,2.0,2.0,2.0,2.4051036780306867
3.0,3.0,4.0,2.0,3.0,1.0,2.180938662153686
3.0,3.0,4.0,2.0,3.0,2.0,2.6208159614131312
3.0,3.0,4.0,2.0,3.0,3.0,2.883866355733848
3.0,3.0,4.0,2.0,3.0,4.0,2.939773876856288
3.0,3.0,4.0,2.0,4.0,2.0,2.620815941334947
3.0,3.0,4.0,2.0,4.0,3.0,2.9507366420563845
3.0,3.0,4.0,2.0,4.0,4.0,3.0265984882204156
3.0,3.0,4.0,3.0,1.0,2.0,2.238058189222341
3.0,3.0,4.0,3.0,2.0,2.0,2.7509074397858235
3.0,3.0,4.0,3.0,2.0,3.0,3.0235411111347843
3.0,3.0,4.0,3.0,2.0,4.0,3.0235411870897844
3.0,3.0,4.0,3.0,3.0,2.0,2.799042388431205
3.0,3.0,4.0,3.0,3.0,3.0,3.084160217583179
3.0,3.0,4.0,3.0,3.0,4.0,3.1861217638323645
3.0,3.0,4.0,3.0,4.0,2.0,2.862827148799147
3.0,3.0,4.0,3.0,4.0,3.0,3.1152737287580607
3.0,3.0,4.0,3.0,4.0,4.0,3.343595112957304
3.0,3.0,4.0,3.0,5.0,3.0,3.288529366088767
3.0,3.0,4.0,3.0,5.0,4.0,3.5920135523433907
3.0,3.0,4.0,4.0,1.0,4.0,2.980664596476227
3.0,3.0,4.0,4.0,2.0,2.0,2.7990426504813493
3.0,3.0,4.0,4.0,2.0,3.0,3.0766230363279736
3.0,3.0,4.0,4.0,2.0,4.0,3.3266145269509275
3.0,3.0,4.0,4.0,3.0,2.0,2.7990424728199126
3.0,3.0,4.0,4.0,3.0,3.0,3.1063611100594013
3.0,3.0,4.0,4.0,3.0,4.0,3.4576220701180147
3.0,3.0,4.0,4.0,4.0,2.0,2.8628271606257227
3.0,3.0,4.0,4.0,4.0,3.0,3.3429643412588215
3.0,3.0,4.0,4.0,4.0,4.0,3.6673021208027206
3.0,3.0,4.0,4.0,4.0,5.0,3.747284704034173
3.0,3.0,4.0,4.0,5.0,3.0,3.364577943094994
3.0,3.0,4.0,4.0,5.0,4.0,3.667302066380917
3.0,3.0,4.0,4.0,5.0,5.0,3.7472846314334283
3.0,3.0,4.0,5.0,2.0,4.0,3.376918365830636
3.0,3.0,4.0,5.0,3.0,4.0,3.4576221075268543
3.0,3.0,4.0,5.0,3.0,5.0,3.519650428207
3.0,3.0,4.0,5.0,4.0,2.0,3.03953292047496
3.0,3.0,4.0,5.0,4.0,3.0,3.342964321291642
3.0,3.0,4.0,5.0,4.0,4.0,3.6673021550832345
3.0,3.0,4.0,5.0,4.0,5.0,3.7472847056015337
3.0,3.0,4.0,5.0,5.0,3.0,3.3645779365854582
3.0,3.0,4.0,5.0,5.0,4.0,3.8456397242345655
3.0,3.0,4.0,5.0,5.0,5.0,3.8755264038278168
3.0,3.0,5.0,1.0,1.0,3.0,2.3560792938581367
3.0,3.0,5.0,1.0,3.0,1.0,2.2513496195501976
3.0,3.0,5.0,2.0,3.0,2.0,2.8598184713293087
3.0,3.0,5.0,2.0,3.0,3.0,2.9139052142612427
3.0,3.0,5.0,2.0,4.0,5.0,3.7162082276265975
3.0,3.0,5.0,2.0,5.0,3.0,3.134102001493128
3.0,3.0,5.0,3.0,3.0,3.0,3.084160292666969
3.0,3.0,5.0,3.0,3.0,4.0,3.5796478078411305
3.0,3.0,5.0,3.0,4.0,3.0,3.3863893380904404
3.0,3.0,5.0,3.0,4.0,4.0,3.6036265770185465
3.0,3.0,5.0,4.0,3.0,3.0,3.3953350170767345
3.0,3.0,5.0,4.0,3.0,4.0,3.6342279929294183
3.0,3.0,5.0,4.0,4.0,3.0,3.3953349010556386
3.0,3.0,5.0,4.0,4.0,4.0,3.667302176554009
3.0,3.0,5.0,4.0,4.0,5.0,3.837156634255678
3.0,3.0,5.0,4.0,5.0,3.0,3.395334906055694
3.0,3.0,5.0,4.0,5.0,4.0,3.877388489781343
3.0,3.0,5.0,4.0,5.0,5.0,3.96268795019769
3.0,3.0,5.0,5.0,2.0,2.0,3.022028115715958
3.0,3.0,5.0,5.0,4.0,4.0,3.837156613499928
3.0,3.0,5.0,5.0,4.0,5.0,3.8371565847291764
3.0,3.0,5.0,5.0,5.0,3.0,3.877388078090834
3.0,3.0,5.0,5.0,5.0,4.0,3.8773883317590485
3.0,3.0,5.0,5.0,5.0,5.0,4.151956410312273
3.0,4.0,1.0,1.0,1.0,1.0,1.2718722051517368
3.0,4.0,1.0,1.0,1.0,2.0,1.4841967437526076
3.0,4.0,1.0,1.0,2.0,1.0,1.3874220231481322
3.0,4.0,1.0,1.0,2.0,2.0,1.6456779906362966
3.0,4.0,1.0,1.0,2.0,3.0,1.6456784517954874
3.0,4.0,1.0,1.0,3.0,1.0,1.3874221630187675
3.0,4.0,1.0,1.0,3.0,2.0,1.9045106139777146
3.0,4.0,1.0,1.0,4.0,1.0,1.622995978690131
3.0,4.0,1.0,1.0,4.0,2.0,1.9297722984599577
3.0,4.0,1.0,2.0,1.0,1.0,1.3762514933278502
3.0,4.0,1.0,2.0,1.0,2.0,1.7749037932544418
3.0,4.0,1.0,2.0,2.0,1.0,1.6390037960043644
3.0,4.0,1.0,2.0,2.0,2.0,1.8968039035790418
3.0,4.0,1.0,2.0,2.0,3.0,2.1057012669289668
3.0,4.0,1.0,2.0,3.0,1.0,1.7683529198720365
3.0,4.0,1.0,2.0,3.0,2.0,1.936935259214167
3.0,4.0,1.0,2.0,3.0,3.0,2.1057020832333424
3.0,4.0,1.0,2.0,4.0,2.0,1.980169505641779
3.0,4.0,1.0,2.0,4.0,3.0,2.1057023256894385
3.0,4.0,1.0,2.0,4.0,4.0,2.232844685530296
3.0,4.0,1.0,3.0,1.0,1.0,1.4706013707332681
3.0,4.0,1.0,3.0,1.0,2.0,1.7749037491671378
3.0,4.0,1.0,3.0,1.0,3.0,1.9030240934454483
3.0,4.0,1.0,3.0,1.0,4.0,1.9030240649561716
3.0,4.0,1.0,3.0,2.0,1.0,1.7683529867950172
3.0,4.0,1.0,3.0,2.0,2.0,1.9029751713232415
3.0,4.0,1.0,3.0,2.0,3.0,2.1057003984195632
3.0,4.0,1.0,3.0,2.0,4.0,2.4378660288905007
3.0,4.0,1.0,3.0,3.0,2.0,1.9369352618984477
3.0,4.0,1.0,3.0,3.0,3.0,2.230486005040334
3.0,4.0,1.0,3.0,4.0,2.0,2.026647820288775
3.0,4.0,1.0,3.0,4.0,3.0,2.4378672013934675
3.0,4.0,1.0,3.0,5.0,4.0,2.675225771377946
3.0,4.0,1.0,4.0,1.0,1.0,1.4815239504630913
3.0,4.0,1.0,4.0,1.0,2.0,1.774903851345841
3.0,4.0,1.0,4.0,1.0,3.0,2.1056991561918075
3.0,4.0,1.0,4.0,2.0,1.0,1.7683527976436546
3.0,4.0,1.0,4.0,2.0,2.0,1.9029749741062054
3.0,4.0,1.0,4.0,2.0,3.0,2.105699793580804
3.0,4.0,1.0,4.0,3.0,2.0,2.2526319779753377
3.0,4.0,1.0,4.0,3.0,3.0,2.437867495523004
3.0,4.0,1.0,4.0,3.0,4.0,2.4378670936506746
3.0,4.0,1.0,4.0,4.0,1.0,1.959336405181635
3.0,4.0,1.0,4.0,4.0,2.0,2.2526317898774604
3.0,4.0,1.0,4.0,4.0,3.0,2.437867481907426
3.0,4.0,1.0,4.0,4.0,4.0,2.4378674668344247
3.0,4.0,1.0,4.0,5.0,1.0,2.4886631105968267
3.0,4.0,1.0,5.0,2.0,1.0,1.942068337600652
3.0,4.0,1.0,5.0,3.0,1.0,2.3178988737853503
3.0,4.0,1.0,5.0,4.0,2.0,2.3178977219078787
3.0,4.0,1.0,5.0,5.0,2.0,2.675226100056173
3.0,4.0,1.0,5.0,5.0,4.0,2.675225802073137
3.0,4.0,1.0,5.0,5.0,5.0,2.9355311618048163
3.0,4.0,2.0,1.0,1.0,1.0,1.559796052034068
3.0,4.0,2.0,1.0,1.0,2.0,1.8263712050129093
3.0,4.0,2.0,1.0,2.0,1.0,1.7029719665028822
3.0,4.0,2.0,1.0,2.0,2.0,1.8263744453361348
3.0,4.0,2.0,1.0,3.0,1.0,1.7029719631460902
3.0,4.0,2.0,1.0,3.0,2.0,2.029550586952663
3.0,4.0,2.0,1.0,3.0,3.0,2.0295503659507177
3.0,4.0,2.0,1.0,4.0,3.0,2.1769182406490155
3.0,4.0,2.0,2.0,1.0,1.0,1.6487504620267412
3.0,4.0,2.0,2.0,1.0,2.0,1.9748979064336196
3.0,4.0,2.0,2.0,1.0,3.0,2.197777752617186
3.0,4.0,2.0,2.0,2.0,1.0,1.7944595346977312
3.0,4.0,2.0,2.0,2.0,2.0,2.1967474816612946
3.0,4.0,2.0,2.0,2.0,3.0,2.3890156156400564
3.0,4.0,2.0,2.0,3.0,1.0,1.9771722180088138
3.0,4.0,2.0,2.0,3.0,2.0,2.287366821631089
3.0,4.0,2.0,2.0,3.0,3.0,2.5026814718752566
3.0,4.0,2.0,2.0,4.0,2.0,2.325580078133108
3.0,4.0,2.0,2.0,4.0,3.0,2.623928607124573
3.0,4.0,2.0,2.0,4.0,4.0,2.785387110086549
3.0,4.0,2.0,3.0,1.0,1.0,1.6487506096067686
3.0,4.0,2.0,3.0,1.0,2.0,2.0699714241296916
3.0,4.0,2.0,3.0,1.0,3.0,2.2129691132547684
3.0,4.0,2.0,3.0,2.0,1.0,1.9771717191827607
3.0,4.0,2.0,3.0,2.0,2.0,2.196788359408787
3.0,4.0,2.0,3.0,2.0,3.0,2.5930114909374185
3.0,4.0,2.0,3.0,2.0,4.0,2.5930109553161125
3.0,4.0,2.0,3.0,3.0,1.0,1.9771716448720962
3.0,4.0,2.0,3.0,3.0,2.0,2.3734024963342866
3.0,4.0,2.0,3.0,3.0,3.0,2.7879892924290135
3.0,4.0,2.0,3.0,3.0,4.0,2.7879886065030384
3.0,4.0,2.0,3.0,4.0,1.0,1.9771710030278156
3.0,4.0,2.0,3.0,4.0,2.0,2.5780124460003524
3.0,4.0,2.0,3.0,4.0,3.0,2.7879890269105743
3.0,4.0,2.0,3.0,4.0,4.0,3.080645767976876
3.0,4.0,2.0,3.0,5.0,3.0,2.824067698010804
3.0,4.0,2.0,3.0,5.0,4.0,3.080645677536908
3.0,4.0,2.0,3.0,5.0,5.0,3.0806455818960536
3.0,4.0,2.0,4.0,1.0,1.0,1.938506644212824
3.0,4.0,2.0,4.0,1.0,2.0,2.116287682203991
3.0,4.0,2.0,4.0,1.0,3.0,2.5361895515453057
3.0,4.0,2.0,4.0,1.0,4.0,2.539261202675863
3.0,4.0,2.0,4.0,2.0,2.0,2.4216229179962405
3.0,4.0,2.0,4.0,2.0,3.0,2.593011112744939
3.0,4.0,2.0,4.0,2.0,4.0,2.78592396305138
3.0,4.0,2.0,4.0,2.0,5.0,2.9212340880059435
3.0,4.0,2.0,4.0,3.0,1.0,2.079497079900203
3.0,4.0,2.0,4.0,3.0,2.0,2.5780123289847015
3.0,4.0,2.0,4.0,3.0,3.0,2.8927997972114086
3.0,4.0,2.0,4.0,3.0,4.0,2.9776582733001757
3.0,4.0,2.0,4.0,3.0,5.0,2.9952069824964553
3.0,4.0,2.0,4.0,4.0,1.0,2.160425528276135
3.0,4.0,2.0,4.0,4.0,2.0,2.578012012040731
3.0,4.0,2.0,4.0,4.0,3.0,2.8927997137099504
3.0,4.0,2.0,4.0,4.0,4.0,3.0954731498105432
3.0,4.0,2.0,4.0,4.0,5.0,3.170425031066253
3.0,4.0,2.0,4.0,5.0,2.0,2.578010700304944
3.0,4.0,2.0,4.0,5.0,3.0,2.9932146471546353
3.0,4.0,2.0,4.0,5.0,4.0,3.0954729324872305
3.0,4.0,2.0,4.0,5.0,5.0,3.2414510052895134
3.0,4.0,2.0,5.0,1.0,2.0,2.116287717760212
3.0,4.0,2.0,5.0,1.0,4.0,2.5392612890710398
3.0,4.0,2.0,5.0,1.0,5.0,2.9259887143938768
3.0,4.0,2.0,5.0,2.0,3.0,2.5930109786288504
3.0,4.0,2.0,5.0,3.0,2.0,2.75513253022737
3.0,4.0,2.0,5.0,3.0,3.0,2.8927996082654435
3.0,4.0,2.0,5.0,3.0,4.0,3.0954729861224073
3.0,4.0,2.0,5.0,4.0,3.0,2.8927995917468468
3.0,4.0,2.0,5.0,4.0,4.0,3.095472956495556
3.0,4.0,2.0,5.0,4.0,5.0,3.2414510830740433
3.0,4.0,2.0,5.0,5.0,3.0,2.993214556105191
3.0,4.0,2.0,5.0,5.0,4.0,3.095472842512406
3.0,4.0,2.0,5.0,5.0,5.0,3.2414510529411835
3.0,4.0,3.0,1.0,1.0,1.0,1.5597960331442071
3.0,4.0,3.0,1.0,1.0,2.0,1.921686832530702
3.0,4.0,3.0,1.0,2.0,1.0,1.735462652148204
3.0,4.0,3.0,1.0,2.0,2.0,2.2217522184080902
3.0,4.0,3.0,1.0,2.0,3.0,2.29316585979851
3.0,4.0,3.0,1.0,3.0,1.0,1.842559383823714
3.0,4.0,3.0,1.0,3.0,2.0,2.221752157771766
3.0,4.0,3.0,1.0,3.0,3.0,2.293165853415711
3.0,4.0,3.0,1.0,4.0,3.0,2.626997722032263
3.0,4.0,3.0,1.0,5.0,2.0,2.3455428091111363
3.0,4.0,3.0,1.0,5.0,5.0,2.8312390696025327
3.0,4.0,3.0,2.0,1.0,1.0,1.9771739560750756
3.0,4.0,3.0,2.0,1.0,2.0,2.157633106494715
3.0,4.0,3.0,2.0,1.0,3.0,2.3298229606582117
3.0,4.0,3.0,2.0,2.0,1.0,1.9771734299176706
3.0,4.0,3.0,2.0,2.0,2.0,2.2368220034333643
3.0,4.0,3.0,2.0,2.0,3.0,2.646833411641202
3.0,4.0,3.0,2.0,2.0,4.0,2.646832960131938
3.0,4.0,3.0,2.0,3.0,1.0,1.9771726953450264
3.0,4.0,3.0,2.0,3.0,2.0,2.493794315629099
3.0,4.0,3.0,2.0,3.0,3.0,2.7758657640710114
3.0,4.0,3.0,2.0,3.0,4.0,2.9397737442944303
3.0,4.0,3.0,2.0,4.0,2.0,2.5531660338355273
3.0,4.0,3.0,2.0,4.0,3.0,2.9201530524491504
3.0,4.0,3.0,2.0,4.0,4.0,2.980857835466356
3.0,4.0,3.0,2.0,4.0,5.0,3.0889769576070694
3.0,4.0,3.0,2.0,5.0,3.0,3.0384506105757167
3.0,4.0,3.0,2.0,5.0,4.0,3.038450532738258
3.0,4.0,3.0,3.0,1.0,1.0,2.0794998559524918
3.0,4.0,3.0,3.0,1.0,2.0,2.199399593814826
3.0,4.0,3.0,3.0,1.0,3.0,2.3298230579047257
3.0,4.0,3.0,3.0,1.0,4.0,2.845637547647534
3.0,4.0,3.0,3.0,2.0,1.0,2.082890521553757
3.0,4.0,3.0,3.0,2.0,2.0,2.750907205581523
3.0,4.0,3.0,3.0,2.0,3.0,2.8147656057070187
3.0,4.0,3.0,3.0,2.0,4.0,3.0408001467514265
3.0,4.0,3.0,3.0,3.0,1.0,2.4439803202277828
3.0,4.0,3.0,3.0,3.0,2.0,2.7509060332298287
3.0,4.0,3.0,3.0,3.0,3.0,2.976190939712658
3.0,4.0,3.0,3.0,3.0,4.0,3.2295813050503264
3.0,4.0,3.0,3.0,4.0,2.0,2.7540472325616143
3.0,4.0,3.0,3.0,4.0,3.0,3.0375912396516727
3.0,4.0,3.0,3.0,4.0,4.0,3.2873595191412543
3.0,4.0,3.0,3.0,4.0,5.0,3.2873594598214293
3.0,4.0,3.0,3.0,5.0,3.0,3.0384506424872835
3.0,4.0,3.0,3.0,5.0,4.0,3.371579107229254
3.0,4.0,3.0,4.0,1.0,2.0,2.1993996107762186
3.0,4.0,3.0,4.0,1.0,3.0,2.5417275670026918
3.0,4.0,3.0,4.0,1.0,4.0,2.8738318016764746
3.0,4.0,3.0,4.0,2.0,2.0,2.750907611856349
3.0,4.0,3.0,4.0,2.0,3.0,2.9288866142014687
3.0,4.0,3.0,4.0,2.0,4.0,3.1759424325651207
3.0,4.0,3.0,4.0,3.0,2.0,2.752625039531278
3.0,4.0,3.0,4.0,3.0,3.0,3.0884884462626188
3.0,4.0,3.0,4.0,3.0,4.0,3.2956379800663433
3.0,4.0,3.0,4.0,3.0,5.0,3.461231211028764
3.0,4.0,3.0,4.0,4.0,2.0,3.0277032917799094
3.0,4.0,3.0,4.0,4.0,3.0,3.164533277591444
3.0,4.0,3.0,4.0,4.0,4.0,3.4164630651870196
3.0,4.0,3.0,4.0,4.0,5.0,3.461231162890959
3.0,4.0,3.0,4.0,5.0,2.0,3.027703353484693
3.0,4.0,3.0,4.0,5.0,3.0,3.164532854001503
3.0,4.0,3.0,4.0,5.0,4.0,3.54951270557068
3.0,4.0,3.0,4.0,5.0,5.0,3.5495126304714923
3.0,4.0,3.0,5.0,1.0,1.0,2.079500016548069
3.0,4.0,3.0,5.0,1.0,2.0,2.2927104764286548
3.0,4.0,3.0,5.0,1.0,4.0,2.957526561918773
3.0,4.0,3.0,5.0,2.0,3.0,2.9656696964609046
3.0,4.0,3.0,5.0,2.0,4.0,3.1759425209491923
3.0,4.0,3.0,5.0,2.0,5.0,3.17594255977588
3.0,4.0,3.0,5.0,3.0,3.0,3.186482870723202
3.0,4.0,3.0,5.0,3.0,4.0,3.299481994735709
3.0,4.0,3.0,5.0,3.0,5.0,3.4659647001407703
3.0,4.0,3.0,5.0,4.0,2.0,3.039532827505046
3.0,4.0,3.0,5.0,4.0,3.0,3.1864828585662988
3.0,4.0,3.0,5.0,4.0,4.0,3.4899525275925165
3.0,4.0,3.0,5.0,4.0,5.0,3.530153469856612
3.0,4.0,3.0,5.0,5.0,2.0,3.0395326411038366
3.0,4.0,3.0,5.0,5.0,3.0,3.2183327540876925
3.0,4.0,3.0,5.0,5.0,4.0,3.5495126690503764
3.0,4.0,3.0,5.0,5.0,5.0,3.549512612027684
3.0,4.0,4.0,1.0,1.0,1.0,1.5971974721182092
3.0,4.0,4.0,1.0,2.0,2.0,2.29316619290939
3.0,4.0,4.0,1.0,2.0,4.0,2.492216307202639
3.0,4.0,4.0,1.0,3.0,2.0,2.2931660274900088
3.0,4.0,4.0,1.0,3.0,3.0,2.2931658882069246
3.0,4.0,4.0,1.0,4.0,1.0,1.9134812292137309
3.0,4.0,4.0,1.0,4.0,2.0,2.639063330744696
3.0,4.0,4.0,1.0,4.0,3.0,2.878598958618331
3.0,4.0,4.0,1.0,5.0,1.0,1.9134810069475496
3.0,4.0,4.0,2.0,1.0,1.0,1.9771740531932285
3.0,4.0,4.0,2.0,2.0,2.0,2.4051037131944413
3.0,4.0,4.0,2.0,2.0,3.0,2.6468334503507998
3.0,4.0,4.0,2.0,3.0,1.0,2.227274440866149
3.0,4.0,4.0,2.0,3.0,2.0,2.6208159973728136
3.0,4.0,4.0,2.0,3.0,3.0,2.9139050724052042
3.0,4.0,4.0,2.0,3.0,4.0,2.939773763732208
3.0,4.0,4.0,2.0,4.0,2.0,2.758863883200336
3.0,4.0,4.0,2.0,4.0,3.0,3.02220729820589
3.0,4.0,4.0,2.0,4.0,4.0,3.254110187961008
3.0,4.0,4.0,3.0,1.0,2.0,2.6751633653574833
3.0,4.0,4.0,3.0,1.0,3.0,2.6751633030734023
3.0,4.0,4.0,3.0,1.0,4.0,2.940473054709607
3.0,4.0,4.0,3.0,2.0,2.0,2.7509073055567064
3.0,4.0,4.0,3.0,2.0,3.0,3.1021556472973657
3.0,4.0,4.0,3.0,2.0,4.0,3.102155716380945
3.0,4.0,4.0,3.0,3.0,2.0,2.7990414525484693
3.0,4.0,4.0,3.0,3.0,3.0,3.126017568275146
3.0,4.0,4.0,3.0,3.0,4.0,3.535063334566972
3.0,4.0,4.0,3.0,4.0,2.0,2.8628270828045603
3.0,4.0,4.0,3.0,4.0,3.0,3.3084908311525063
3.0,4.0,4.0,3.0,4.0,4.0,3.5350632153814767
3.0,4.0,4.0,3.0,4.0,5.0,3.5350632154745556
3.0,4.0,4.0,3.0,5.0,3.0,3.335659801665539
3.0,4.0,4.0,3.0,5.0,4.0,3.5920133830883576
3.0,4.0,4.0,3.0,5.0,5.0,3.5920132878336255
3.0,4.0,4.0,4.0,1.0,3.0,2.730524811882072
3.0,4.0,4.0,4.0,1.0,4.0,3.1854534381382584
3.0,4.0,4.0,4.0,2.0,2.0,2.799042513615524
3.0,4.0,4.0,4.0,2.0,3.0,3.1021556357588125
3.0,4.0,4.0,4.0,2.0,4.0,3.340858669241853
3.0,4.0,4.0,4.0,3.0,2.0,2.799042195366558
3.0,4.0,4.0,4.0,3.0,3.0,3.3510907775007235
3.0,4.0,4.0,4.0,3.0,4.0,3.634227742485733
3.0,4.0,4.0,4.0,4.0,2.0,3.0542447404229636
3.0,4.0,4.0,4.0,4.0,3.0,3.4784501355906254
3.0,4.0,4.0,4.0,4.0,4.0,3.681623558740828
3.0,4.0,4.0,4.0,4.0,5.0,3.8179381085234603
3.0,4.0,4.0,4.0,5.0,3.0,3.478449934928887
3.0,4.0,4.0,4.0,5.0,4.0,3.8057414427564704
3.0,4.0,4.0,4.0,5.0,5.0,3.8179382265992396
3.0,4.0,4.0,5.0,1.0,1.0,2.7189145280186273
3.0,4.0,4.0,5.0,1.0,3.0,2.7305248026004705
3.0,4.0,4.0,5.0,1.0,4.0,3.185453419243971
3.0,4.0,4.0,5.0,1.0,5.0,3.4329120726416007
3.0,4.0,4.0,5.0,2.0,3.0,3.1926980137583514
3.0,4.0,4.0,5.0,3.0,3.0,3.3510907366652916
3.0,4.0,4.0,5.0,3.0,4.0,3.770059249582247
3.0,4.0,4.0,5.0,3.0,5.0,3.8610734270148774
3.0,4.0,4.0,5.0,4.0,3.0,3.47844997836083
3.0,4.0,4.0,5.0,4.0,4.0,3.8610734861610947
3.0,4.0,4.0,5.0,4.0,5.0,3.8610733782212825
3.0,4.0,4.0,5.0,5.0,3.0,3.478449867363143
3.0,4.0,4.0,5.0,5.0,4.0,3.8921557220548606
3.0,4.0,4.0,5.0,5.0,5.0,3.904731523378944
3.0,4.0,5.0,2.0,3.0,3.0,2.913905140976819
3.0,4.0,5.0,2.0,4.0,4.0,3.2541101785225983
3.0,4.0,5.0,3.0,3.0,2.0,2.9848820398327085
3.0,4.0,5.0,3.0,3.0,3.0,3.36669644022325
3.0,4.0,5.0,3.0,3.0,4.0,3.5796476398778765
3.0,4.0,5.0,3.0,4.0,2.0,3.0588548232227764
3.0,4.0,5.0,3.0,4.0,3.0,3.38667291331378
3.0,4.0,5.0,3.0,4.0,4.0,3.8468284440407197
3.0,4.0,5.0,3.0,4.0,5.0,3.8468284164973703
3.0,4.0,5.0,3.0,5.0,4.0,3.846828364161916
3.0,4.0,5.0,3.0,5.0,5.0,4.07072178206579
3.0,4.0,5.0,4.0,2.0,2.0,2.989636719890232
3.0,4.0,5.0,4.0,2.0,3.0,3.316391159248038
3.0,4.0,5.0,4.0,2.0,4.0,3.530350625260828
3.0,4.0,5.0,4.0,3.0,3.0,3.395334983109989
3.0,4.0,5.0,4.0,3.0,4.0,3.6342278969940454
3.0,4.0,5.0,4.0,4.0,2.0,3.06787518334317
3.0,4.0,5.0,4.0,4.0,3.0,3.487945899535177
3.0,4.0,5.0,4.0,4.0,4.0,3.8468285220367826
3.0,4.0,5.0,4.0,5.0,2.0,3.0678750991832433
3.0,4.0,5.0,4.0,5.0,3.0,3.5705459125349295
3.0,4.0,5.0,4.0,5.0,4.0,4.036382381939093
3.0,4.0,5.0,4.0,5.0,5.0,4.07072174611101
3.0,4.0,5.0,5.0,2.0,4.0,3.545909302402447
3.0,4.0,5.0,5.0,2.0,5.0,3.8507808854976693
3.0,4.0,5.0,5.0,3.0,3.0,3.395334974389005
3.0,4.0,5.0,5.0,4.0,3.0,3.4879458048927305
3.0,4.0,5.0,5.0,4.0,4.0,3.930876131614658
3.0,4.0,5.0,5.0,4.0,5.0,4.038028530218492
3.0,4.0,5.0,5.0,5.0,3.0,3.8773877712695617
3.0,4.0,5.0,5.0,5.0,4.0,4.036382353254047
3.0,4.0,5.0,5.0,5.0,5.0,4.1519560034305085
3.0,5.0,1.0,1.0,1.0,1.0,1.2718720849408303
3.0,5.0,1.0,1.0,1.0,2.0,1.5172133455960213
3.0,5.0,1.0,1.0,2.0,1.0,1.3874216788189007
3.0,5.0,1.0,1.0,3.0,1.0,1.387421621261226
3.0,5.0,1.0,1.0,3.0,5.0,2.5137447266180577
3.0,5.0,1.0,1.0,4.0,1.0,1.6229959867323587
3.0,5.0,1.0,2.0,2.0,1.0,1.768353085055717
3.0,5.0,1.0,2.0,2.0,2.0,1.9029750297541617
3.0,5.0,1.0,2.0,3.0,2.0,1.9661769738020314
3.0,5.0,1.0,2.0,4.0,3.0,2.1057025721231604
3.0,5.0,1.0,2.0,4.0,5.0,2.513744868602803
3.0,5.0,1.0,2.0,5.0,2.0,2.100478425140939
3.0,5.0,1.0,2.0,5.0,5.0,2.513744813192668
3.0,5.0,1.0,3.0,1.0,1.0,1.4706016857427733
3.0,5.0,1.0,3.0,1.0,2.0,1.7749035713604666
3.0,5.0,1.0,3.0,1.0,3.0,2.009651907924252
3.0,5.0,1.0,3.0,2.0,2.0,1.9029750800055545
3.0,5.0,1.0,3.0,2.0,3.0,2.2563506109474343
3.0,5.0,1.0,3.0,3.0,1.0,1.7683530870241428
3.0,5.0,1.0,3.0,3.0,2.0,2.256350573447548
3.0,5.0,1.0,3.0,3.0,3.0,2.2563505866680686
3.0,5.0,1.0,3.0,4.0,1.0,1.9906266587464823
3.0,5.0,1.0,3.0,4.0,2.0,2.4227665729918244
3.0,5.0,1.0,3.0,4.0,3.0,2.437866947029636
3.0,5.0,1.0,3.0,4.0,4.0,2.761311509568332
3.0,5.0,1.0,3.0,5.0,3.0,2.708947150196024
3.0,5.0,1.0,3.0,5.0,4.0,2.8352847801047787
3.0,5.0,1.0,4.0,1.0,3.0,2.1056986004397005
3.0,5.0,1.0,4.0,2.0,1.0,1.7683529508263351
3.0,5.0,1.0,4.0,2.0,2.0,1.9029749246325265
3.0,5.0,1.0,4.0,2.0,3.0,2.437867321555382
3.0,5.0,1.0,4.0,3.0,2.0,2.422766871588912
3.0,5.0,1.0,4.0,3.0,3.0,2.4378673233266124
3.0,5.0,1.0,4.0,3.0,4.0,2.4378672689299457
3.0,5.0,1.0,4.0,4.0,1.0,2.116197352625115
3.0,5.0,1.0,4.0,4.0,2.0,2.422766697501629
3.0,5.0,1.0,4.0,4.0,3.0,2.719065227652645
3.0,5.0,1.0,4.0,4.0,4.0,2.93553162209473
3.0,5.0,1.0,5.0,1.0,3.0,2.1056981249745017
3.0,5.0,1.0,5.0,1.0,4.0,2.500908561720489
3.0,5.0,1.0,5.0,2.0,2.0,2.1147421040899346
3.0,5.0,1.0,5.0,3.0,3.0,2.437867106477277
3.0,5.0,1.0,5.0,3.0,4.0,2.5009081183041846
3.0,5.0,1.0,5.0,4.0,3.0,2.7190651500448197
3.0,5.0,1.0,5.0,4.0,4.0,2.9355314092937514
3.0,5.0,1.0,5.0,5.0,3.0,2.866402225889519
3.0,5.0,1.0,5.0,5.0,5.0,2.935531184305144
3.0,5.0,2.0,1.0,1.0,1.0,1.7323831734822264
3.0,5.0,2.0,1.0,1.0,2.0,1.8427062986605187
3.0,5.0,2.0,1.0,1.0,3.0,1.8427065796219824
3.0,5.0,2.0,1.0,2.0,1.0,1.7370964555911288
3.0,5.0,2.0,1.0,2.0,2.0,2.029550589738962
3.0,5.0,2.0,1.0,2.0,3.0,2.075308212418302
3.0,5.0,2.0,1.0,3.0,1.0,1.7370963933570085
3.0,5.0,2.0,1.0,3.0,2.0,2.0295505134121687
3.0,5.0,2.0,1.0,3.0,3.0,2.3565795022530045
3.0,5.0,2.0,1.0,4.0,1.0,1.73709607006196
3.0,5.0,2.0,1.0,4.0,2.0,2.096916452163998
3.0,5.0,2.0,1.0,5.0,1.0,1.7370954736214541
3.0,5.0,2.0,1.0,5.0,5.0,2.953306125453402
3.0,5.0,2.0,2.0,1.0,2.0,1.974897874098479
3.0,5.0,2.0,2.0,2.0,1.0,1.9013606135943208
3.0,5.0,2.0,2.0,2.0,2.0,2.196738626248803
3.0,5.0,2.0,2.0,2.0,3.0,2.389014735799849
3.0,5.0,2.0,2.0,2.0,4.0,2.5026798459791855
3.0,5.0,2.0,2.0,2.0,5.0,2.764089764356183
3.0,5.0,2.0,2.0,3.0,2.0,2.2873663030410665
3.0,5.0,2.0,2.0,3.0,3.0,2.5026814956203594
3.0,5.0,2.0,2.0,3.0,4.0,2.502680736643033
3.0,5.0,2.0,2.0,4.0,2.0,2.3255799219677407
3.0,5.0,2.0,2.0,4.0,3.0,2.62392852023274
3.0,5.0,2.0,2.0,5.0,2.0,2.3255797685492725
3.0,5.0,2.0,2.0,5.0,3.0,2.623928331476469
3.0,5.0,2.0,3.0,1.0,1.0,2.0794991478885287
3.0,5.0,2.0,3.0,1.0,2.0,2.2129690388019947
3.0,5.0,2.0,3.0,1.0,3.0,2.2129690702191698
3.0,5.0,2.0,3.0,2.0,1.0,2.0794983892850762
3.0,5.0,2.0,3.0,2.0,2.0,2.2669943697871173
3.0,5.0,2.0,3.0,2.0,3.0,2.7640916020360096
3.0,5.0,2.0,3.0,2.0,4.0,2.7640907471805694
3.0,5.0,2.0,3.0,2.0,5.0,2.7640901163237976
3.0,5.0,2.0,3.0,3.0,1.0,2.0794980812408124
3.0,5.0,2.0,3.0,3.0,2.0,2.373401714646287
3.0,5.0,2.0,3.0,3.0,3.0,2.7879891013275486
3.0,5.0,2.0,3.0,3.0,4.0,2.7879887949530904
3.0,5.0,2.0,3.0,4.0,2.0,2.578012373229765
3.0,5.0,2.0,3.0,4.0,3.0,2.876979308523093
3.0,5.0,2.0,3.0,4.0,4.0,3.080645720825519
3.0,5.0,2.0,3.0,5.0,3.0,2.9457019954277057
3.0,5.0,2.0,3.0,5.0,4.0,3.0806456280807533
3.0,5.0,2.0,3.0,5.0,5.0,3.0806455579807466
3.0,5.0,2.0,4.0,1.0,2.0,2.2129690283226306
3.0,5.0,2.0,4.0,1.0,3.0,2.5395490165513004
3.0,5.0,2.0,4.0,1.0,4.0,2.647917986473488
3.0,5.0,2.0,4.0,2.0,1.0,2.079497992595458
3.0,5.0,2.0,4.0,2.0,2.0,2.4216227548257514
3.0,5.0,2.0,4.0,2.0,3.0,2.7640921903195417
3.0,5.0,2.0,4.0,2.0,4.0,2.841232287393765
3.0,5.0,2.0,4.0,3.0,1.0,2.0794976921574815
3.0,5.0,2.0,4.0,3.0,2.0,2.582104649773405
3.0,5.0,2.0,4.0,3.0,3.0,2.892799687153363
3.0,5.0,2.0,4.0,3.0,4.0,2.977658202255539
3.0,5.0,2.0,4.0,4.0,2.0,2.582104669069603
3.0,5.0,2.0,4.0,4.0,3.0,2.8927996310463184
3.0,5.0,2.0,4.0,4.0,4.0,3.0954731594975926
3.0,5.0,2.0,4.0,4.0,5.0,3.170424826146243
3.0,5.0,2.0,4.0,5.0,1.0,2.684138256909475
3.0,5.0,2.0,4.0,5.0,3.0,2.9932146808342797
3.0,5.0,2.0,4.0,5.0,4.0,3.2707440280572717
3.0,5.0,2.0,4.0,5.0,5.0,3.4224675050109568
3.0,5.0,2.0,5.0,1.0,1.0,2.416944532358141
3.0,5.0,2.0,5.0,1.0,3.0,2.539548984238384
3.0,5.0,2.0,5.0,2.0,2.0,2.421622681063461
3.0,5.0,2.0,5.0,2.0,3.0,2.764091959115052
3.0,5.0,2.0,5.0,2.0,5.0,3.0462976508508843
3.0,5.0,2.0,5.0,3.0,2.0,2.755132478690416
3.0,5.0,2.0,5.0,3.0,3.0,2.8927995450679176
3.0,5.0,2.0,5.0,3.0,4.0,3.2403814031909106
3.0,5.0,2.0,5.0,3.0,5.0,3.255777191829643
3.0,5.0,2.0,5.0,4.0,3.0,2.892799502137675
3.0,5.0,2.0,5.0,4.0,4.0,3.240381341380535
3.0,5.0,2.0,5.0,4.0,5.0,3.255777218980765
3.0,5.0,2.0,5.0,5.0,3.0,3.160293225022671
3.0,5.0,2.0,5.0,5.0,4.0,3.2707439999806374
3.0,5.0,2.0,5.0,5.0,5.0,3.5976304728403306
3.0,5.0,3.0,1.0,1.0,1.0,1.7323831463105521
3.0,5.0,3.0,1.0,1.0,2.0,2.188970468225166
3.0,5.0,3.0,1.0,2.0,1.0,1.842559281571572
3.0,5.0,3.0,1.0,3.0,1.0,1.8425592744703847
3.0,5.0,3.0,1.0,3.0,2.0,2.2217520457453834
3.0,5.0,3.0,1.0,3.0,3.0,2.3565792447328815
3.0,5.0,3.0,1.0,4.0,1.0,2.324206731875507
3.0,5.0,3.0,1.0,4.0,4.0,2.8689381721701848
3.0,5.0,3.0,1.0,5.0,3.0,2.849769172488783
3.0,5.0,3.0,2.0,1.0,2.0,2.18897034560709
3.0,5.0,3.0,2.0,2.0,1.0,2.0279493417420005
3.0,5.0,3.0,2.0,2.0,2.0,2.575839765052103
3.0,5.0,3.0,2.0,2.0,3.0,2.7333862274849126
3.0,5.0,3.0,2.0,3.0,2.0,2.6454066986569322
3.0,5.0,3.0,2.0,3.0,3.0,2.778376643345083
3.0,5.0,3.0,2.0,3.0,4.0,2.9397736876424125
3.0,5.0,3.0,2.0,4.0,2.0,2.6454066304085555
3.0,5.0,3.0,2.0,4.0,3.0,3.0222073280062602
3.0,5.0,3.0,2.0,4.0,4.0,3.0889769131528806
3.0,5.0,3.0,2.0,4.0,5.0,3.0889769124111877
3.0,5.0,3.0,2.0,5.0,2.0,3.0266512942775483
3.0,5.0,3.0,2.0,5.0,3.0,3.053974303570617
3.0,5.0,3.0,2.0,5.0,4.0,3.0889767802732915
3.0,5.0,3.0,2.0,5.0,5.0,3.1290950689375254
3.0,5.0,3.0,3.0,1.0,1.0,2.0794995810374806
3.0,5.0,3.0,3.0,1.0,3.0,2.697542883128089
3.0,5.0,3.0,3.0,1.0,4.0,2.845637517514835
3.0,5.0,3.0,3.0,1.0,5.0,2.9640080323502915
3.0,5.0,3.0,3.0,2.0,1.0,2.4439802474084944
3.0,5.0,3.0,3.0,2.0,2.0,2.750907382820899
3.0,5.0,3.0,3.0,2.0,3.0,2.976137185439799
3.0,5.0,3.0,3.0,2.0,4.0,3.0408001203089756
3.0,5.0,3.0,3.0,3.0,2.0,2.799037969305028
3.0,5.0,3.0,3.0,3.0,3.0,2.9761640953101582
3.0,5.0,3.0,3.0,3.0,4.0,3.303906244589071
3.0,5.0,3.0,3.0,3.0,5.0,3.3039060444131536
3.0,5.0,3.0,3.0,4.0,1.0,2.443980207717977
3.0,5.0,3.0,3.0,4.0,2.0,2.799037197171348
3.0,5.0,3.0,3.0,4.0,3.0,3.0375903107194913
3.0,5.0,3.0,3.0,4.0,4.0,3.4629012002121997
3.0,5.0,3.0,3.0,5.0,3.0,3.1224540643166017
3.0,5.0,3.0,3.0,5.0,4.0,3.462901085776041
3.0,5.0,3.0,3.0,5.0,5.0,3.5632245242659493
3.0,5.0,3.0,4.0,1.0,1.0,2.0954687998770822
3.0,5.0,3.0,4.0,1.0,2.0,2.4236562948092666
3.0,5.0,3.0,4.0,1.0,3.0,2.697542867934318
3.0,5.0,3.0,4.0,1.0,4.0,2.9163979110200975
3.0,5.0,3.0,4.0,2.0,3.0,2.976116607960952
3.0,5.0,3.0,4.0,2.0,4.0,3.1759423944385445
3.0,5.0,3.0,4.0,2.0,5.0,3.364462939036141
3.0,5.0,3.0,4.0,3.0,2.0,2.799037522151449
3.0,5.0,3.0,4.0,3.0,3.0,3.1356274041975754
3.0,5.0,3.0,4.0,3.0,4.0,3.496443234261282
3.0,5.0,3.0,4.0,3.0,5.0,3.5632250519326254
3.0,5.0,3.0,4.0,4.0,2.0,3.0542446496147644
3.0,5.0,3.0,4.0,4.0,3.0,3.186483169723998
3.0,5.0,3.0,4.0,4.0,4.0,3.56322561593256
3.0,5.0,3.0,4.0,4.0,5.0,3.563225086545278
3.0,5.0,3.0,4.0,5.0,2.0,3.054244483761015
3.0,5.0,3.0,4.0,5.0,3.0,3.2183330434741184
3.0,5.0,3.0,4.0,5.0,4.0,3.563225027418391
3.0,5.0,3.0,4.0,5.0,5.0,3.5632247536613675
3.0,5.0,3.0,5.0,1.0,2.0,2.4236562281109015
3.0,5.0,3.0,5.0,1.0,3.0,2.6975429352104037
3.0,5.0,3.0,5.0,1.0,4.0,2.9973020770029617
3.0,5.0,3.0,5.0,1.0,5.0,3.364463285736221
3.0,5.0,3.0,5.0,2.0,2.0,2.8164231777547655
3.0,5.0,3.0,5.0,2.0,3.0,2.976111421160944
3.0,5.0,3.0,5.0,2.0,4.0,3.180784951361771
3.0,5.0,3.0,5.0,2.0,5.0,3.3644630643967024
3.0,5.0,3.0,5.0,3.0,1.0,2.4439803379544562
3.0,5.0,3.0,5.0,3.0,2.0,2.890395661144133
3.0,5.0,3.0,5.0,3.0,3.0,3.186482862445302
3.0,5.0,3.0,5.0,3.0,4.0,3.5770228339468875
3.0,5.0,3.0,5.0,3.0,5.0,3.6363105974275314
3.0,5.0,3.0,5.0,4.0,3.0,3.186482908865569
3.0,5.0,3.0,5.0,4.0,4.0,3.5952204962888983
3.0,5.0,3.0,5.0,4.0,5.0,3.758807905695897
3.0,5.0,3.0,5.0,5.0,1.0,2.9120038453992882
3.0,5.0,3.0,5.0,5.0,2.0,3.218332357441532
3.0,5.0,3.0,5.0,5.0,3.0,3.218332737909436
3.0,5.0,3.0,5.0,5.0,4.0,3.5952203424322255
3.0,5.0,3.0,5.0,5.0,5.0,3.7619585260607957
3.0,5.0,4.0,1.0,3.0,1.0,2.194882922130742
3.0,5.0,4.0,1.0,5.0,5.0,3.2515833375701186
3.0,5.0,4.0,2.0,1.0,3.0,2.7817432931362283
3.0,5.0,4.0,2.0,2.0,1.0,2.1996374849322753
3.0,5.0,4.0,2.0,2.0,2.0,2.7509072402842
3.0,5.0,4.0,2.0,2.0,3.0,2.8971902834859113
3.0,5.0,4.0,2.0,3.0,2.0,2.758864295604204
3.0,5.0,4.0,2.0,3.0,3.0,2.9397736174132545
3.0,5.0,4.0,2.0,3.0,4.0,2.9397736631936557
3.0,5.0,4.0,2.0,4.0,2.0,2.7588639568812905
3.0,5.0,4.0,2.0,4.0,3.0,3.0222072936134357
3.0,5.0,4.0,2.0,4.0,4.0,3.359371516550664
3.0,5.0,4.0,2.0,5.0,3.0,3.3356598201910166
3.0,5.0,4.0,2.0,5.0,5.0,3.3593714666397263
3.0,5.0,4.0,3.0,2.0,2.0,2.750907265946095
3.0,5.0,4.0,3.0,2.0,3.0,3.102155623003338
3.0,5.0,4.0,3.0,2.0,4.0,3.330756789634473
3.0,5.0,4.0,3.0,3.0,2.0,2.7990396365126675
3.0,5.0,4.0,3.0,3.0,3.0,3.1746245844707635
3.0,5.0,4.0,3.0,3.0,4.0,3.579647190904285
3.0,5.0,4.0,3.0,4.0,2.0,2.96868491031581
3.0,5.0,4.0,3.0,4.0,3.0,3.3084906800541902
3.0,5.0,4.0,3.0,4.0,4.0,3.579646989525776
3.0,5.0,4.0,3.0,4.0,5.0,3.5920131905402672
3.0,5.0,4.0,3.0,5.0,3.0,3.3356598473822823
3.0,5.0,4.0,3.0,5.0,4.0,3.5920132682221273
3.0,5.0,4.0,3.0,5.0,5.0,3.592013207255036
3.0,5.0,4.0,4.0,1.0,3.0,2.9391987307912975
3.0,5.0,4.0,4.0,2.0,2.0,2.9193630612354955
3.0,5.0,4.0,4.0,2.0,3.0,3.1021555991471907
3.0,5.0,4.0,4.0,2.0,4.0,3.428156604052752
3.0,5.0,4.0,4.0,3.0,2.0,2.9822672395614314
3.0,5.0,4.0,4.0,3.0,3.0,3.3510909885036764
3.0,5.0,4.0,4.0,3.0,4.0,3.785759568762686
3.0,5.0,4.0,4.0,3.0,5.0,3.817937826786207
3.0,5.0,4.0,4.0,4.0,2.0,3.054244601836702
3.0,5.0,4.0,4.0,4.0,3.0,3.4879462981975715
3.0,5.0,4.0,4.0,4.0,4.0,3.817936944125917
3.0,5.0,4.0,4.0,4.0,5.0,3.817937738679443
3.0,5.0,4.0,4.0,5.0,2.0,3.0542444537290807
3.0,5.0,4.0,4.0,5.0,3.0,3.7025950358808313
3.0,5.0,4.0,4.0,5.0,4.0,3.8179378060811806
3.0,5.0,4.0,4.0,5.0,5.0,3.8179380375018663
3.0,5.0,4.0,5.0,1.0,1.0,2.7652506574155
3.0,5.0,4.0,5.0,1.0,4.0,3.3902422600928412
3.0,5.0,4.0,5.0,2.0,3.0,3.192697988843904
3.0,5.0,4.0,5.0,2.0,4.0,3.432911604859994
3.0,5.0,4.0,5.0,2.0,5.0,3.4329117735029566
3.0,5.0,4.0,5.0,3.0,2.0,3.0395341594797496
3.0,5.0,4.0,5.0,3.0,3.0,3.4561069296393256
3.0,5.0,4.0,5.0,3.0,4.0,3.785759556663354
3.0,5.0,4.0,5.0,3.0,5.0,3.9278057658693952
3.0,5.0,4.0,5.0,4.0,2.0,3.1135071919677313
3.0,5.0,4.0,5.0,4.0,3.0,3.5744931663844315
3.0,5.0,4.0,5.0,4.0,4.0,3.8610735526233246
3.0,5.0,4.0,5.0,4.0,5.0,4.038023535549702
3.0,5.0,4.0,5.0,5.0,2.0,3.218332147420975
3.0,5.0,4.0,5.0,5.0,3.0,3.772562851088685
3.0,5.0,4.0,5.0,5.0,4.0,3.9474965038789196
3.0,5.0,4.0,5.0,5.0,5.0,4.038018651134614
3.0,5.0,5.0,1.0,1.0,1.0,1.7926721763709783
3.0,5.0,5.0,1.0,5.0,5.0,3.40072191023175
3.0,5.0,5.0,2.0,1.0,2.0,2.4011406986453125
3.0,5.0,5.0,2.0,4.0,4.0,3.4863477989823375
3.0,5.0,5.0,2.0,5.0,5.0,3.9165264303670297
3.0,5.0,5.0,3.0,1.0,1.0,2.353530593009991
3.0,5.0,5.0,3.0,1.0,3.0,3.006847333662571
3.0,5.0,5.0,3.0,2.0,2.0,2.750907192036142
3.0,5.0,5.0,3.0,3.0,3.0,3.3866729660946437
3.0,5.0,5.0,3.0,3.0,4.0,3.579647397378334
3.0,5.0,5.0,3.0,3.0,5.0,3.8136346740808675
3.0,5.0,5.0,3.0,4.0,3.0,3.3866728755837388
3.0,5.0,5.0,3.0,4.0,4.0,3.846828370844881
3.0,5.0,5.0,3.0,5.0,3.0,3.3866727362452163
3.0,5.0,5.0,3.0,5.0,4.0,3.84682830753832
3.0,5.0,5.0,3.0,5.0,5.0,4.125623799184801
3.0,5.0,5.0,4.0,1.0,4.0,3.455740525871135
3.0,5.0,5.0,4.0,2.0,5.0,3.5303505597989395
3.0,5.0,5.0,4.0,3.0,3.0,3.487946037528205
3.0,5.0,5.0,4.0,3.0,4.0,3.7887386134120575
3.0,5.0,5.0,4.0,4.0,1.0,3.057579998569811
3.0,5.0,5.0,4.0,4.0,3.0,3.487946045501208
3.0,5.0,5.0,4.0,4.0,4.0,3.8468283825254947
3.0,5.0,5.0,4.0,4.0,5.0,3.846828339856197
3.0,5.0,5.0,4.0,5.0,2.0,3.067875023116431
3.0,5.0,5.0,4.0,5.0,3.0,3.702594970461098
3.0,5.0,5.0,4.0,5.0,4.0,4.036382369538676
3.0,5.0,5.0,4.0,5.0,5.0,4.125623790956823
3.0,5.0,5.0,5.0,1.0,3.0,3.1190425619678708
3.0,5.0,5.0,5.0,1.0,4.0,3.4557404819015494
3.0,5.0,5.0,5.0,1.0,5.0,3.823143816514652
3.0,5.0,5.0,5.0,2.0,3.0,3.316391080575307
3.0,5.0,5.0,5.0,2.0,4.0,3.5459092623827853
3.0,5.0,5.0,5.0,2.0,5.0,3.8971167408418714
3.0,5.0,5.0,5.0,3.0,2.0,3.545264507757525
3.0,5.0,5.0,5.0,3.0,3.0,3.5452644955742976
3.0,5.0,5.0,5.0,3.0,4.0,3.914075933876438
3.0,5.0,5.0,5.0,3.0,5.0,3.9278057470751433
3.0,5.0,5.0,5.0,4.0,3.0,3.8773873906669905
3.0,5.0,5.0,5.0,4.0,4.0,3.9308760838363765
3.0,5.0,5.0,5.0,4.0,5.0,4.03802714397744
3.0,5.0,5.0,5.0,5.0,3.0,3.8773874841621874
3.0,5.0,5.0,5.0,5.0,4.0,4.063434643369673
3.0,5.0,5.0,5.0,5.0,5.0,4.151955419264997
4.0,1.0,1.0,1.0,1.0,1.0,1.2656946608936273
4.0,1.0,1.0,1.0,1.0,3.0,1.6456756295883574
4.0,1.0,1.0,1.0,2.0,1.0,1.2656983864102205
4.0,1.0,1.0,1.0,4.0,1.0,1.6901052344622787
4.0,1.0,1.0,2.0,2.0,1.0,1.3404829952987318
4.0,1.0,1.0,3.0,1.0,3.0,2.000937883796158
4.0,1.0,1.0,3.0,2.0,1.0,1.4193832173684129
4.0,1.0,1.0,3.0,3.0,3.0,2.149261854874794
4.0,1.0,1.0,3.0,4.0,1.0,1.690151308655569
4.0,1.0,1.0,4.0,1.0,1.0,1.3020975275117423
4.0,1.0,1.0,4.0,1.0,2.0,1.5503020697561107
4.0,1.0,1.0,4.0,1.0,4.0,2.198716275754743
4.0,1.0,1.0,4.0,2.0,1.0,1.4979372029207827
4.0,1.0,1.0,4.0,3.0,2.0,2.164821188221227
4.0,1.0,1.0,4.0,3.0,3.0,2.164820700809518
4.0,1.0,1.0,4.0,4.0,4.0,2.6434331570534977
4.0,1.0,1.0,4.0,5.0,3.0,2.7793401741717454
4.0,1.0,2.0,1.0,1.0,1.0,1.3369221365198907
4.0,1.0,2.0,1.0,1.0,2.0,1.4632582310223732
4.0,1.0,2.0,2.0,1.0,1.0,1.778781262042787
4.0,1.0,2.0,2.0,2.0,2.0,1.8800800095316474
4.0,1.0,2.0,2.0,2.0,3.0,2.145699697454904
4.0,1.0,2.0,2.0,3.0,4.0,2.346011008191875
4.0,1.0,2.0,3.0,2.0,2.0,1.8800798784114698
4.0,1.0,2.0,3.0,2.0,3.0,2.2244276828428546
4.0,1.0,2.0,3.0,3.0,2.0,2.1720628856752042
4.0,1.0,2.0,3.0,4.0,4.0,2.498713424461384
4.0,1.0,2.0,4.0,1.0,4.0,2.355520075270618
4.0,1.0,2.0,4.0,2.0,3.0,2.303155199630582
4.0,1.0,2.0,4.0,3.0,3.0,2.556170325591712
4.0,1.0,2.0,4.0,4.0,4.0,2.6434332674453898
4.0,1.0,2.0,5.0,1.0,4.0,2.7838486986296447
4.0,1.0,2.0,5.0,3.0,3.0,2.783847580048105
4.0,1.0,3.0,1.0,1.0,1.0,1.4860597457367177
4.0,1.0,3.0,1.0,5.0,5.0,3.0941079390715007
4.0,1.0,3.0,2.0,1.0,1.0,1.9681899341077471
4.0,1.0,3.0,2.0,2.0,1.0,2.0421608577579127
4.0,1.0,3.0,2.0,2.0,3.0,2.6003237383616833
4.0,1.0,3.0,3.0,1.0,2.0,2.1732558085634253
4.0,1.0,3.0,3.0,1.0,4.0,2.5511092010488423
4.0,1.0,3.0,3.0,2.0,2.0,2.4466178683989246
4.0,1.0,3.0,3.0,3.0,3.0,2.6365240440073077
4.0,1.0,3.0,3.0,4.0,3.0,2.924918272314284
4.0,1.0,3.0,3.0,4.0,4.0,3.0512537970713023
4.0,1.0,3.0,3.0,5.0,4.0,3.236028485712861
4.0,1.0,3.0,4.0,1.0,2.0,2.251983309248902
4.0,1.0,3.0,4.0,1.0,4.0,2.887471091748986
4.0,1.0,3.0,4.0,2.0,3.0,2.609730109460986
4.0,1.0,3.0,4.0,2.0,4.0,2.946226137316422
4.0,1.0,3.0,4.0,3.0,3.0,2.6365247172498196
4.0,1.0,3.0,4.0,3.0,4.0,2.9462259974784923
4.0,1.0,3.0,4.0,3.0,5.0,2.9462259130259443
4.0,1.0,3.0,4.0,4.0,4.0,3.241327348147093
4.0,1.0,3.0,4.0,4.0,5.0,3.256318579322593
4.0,1.0,3.0,5.0,1.0,3.0,2.7842399215169413
4.0,1.0,3.0,5.0,3.0,3.0,3.0059837622425167
4.0,1.0,3.0,5.0,5.0,5.0,3.409019341620231
4.0,1.0,4.0,1.0,1.0,1.0,1.6351974919624968
4.0,1.0,4.0,3.0,1.0,4.0,2.5511091486850925
4.0,1.0,4.0,3.0,4.0,3.0,3.0740543810188936
4.0,1.0,4.0,3.0,4.0,4.0,3.4427796820549963
4.0,1.0,4.0,4.0,1.0,2.0,2.6767962698401457
4.0,1.0,4.0,4.0,3.0,2.0,2.676796431650596
4.0,1.0,4.0,4.0,4.0,4.0,3.442779574491971
4.0,1.0,4.0,4.0,5.0,4.0,3.442779410539467
4.0,1.0,4.0,5.0,4.0,4.0,3.7710078612712854
4.0,1.0,4.0,5.0,5.0,4.0,3.8352234294463736
4.0,1.0,4.0,5.0,5.0,5.0,3.961561261081451
4.0,1.0,5.0,4.0,3.0,3.0,3.2279474175272447
4.0,1.0,5.0,4.0,5.0,4.0,4.135932340635382
4.0,1.0,5.0,4.0,5.0,5.0,4.135932646569309
4.0,1.0,5.0,5.0,3.0,3.0,3.7100784107246123
4.0,2.0,1.0,1.0,1.0,1.0,1.2718728246823043
4.0,2.0,1.0,2.0,1.0,1.0,1.574424570250945
4.0,2.0,1.0,2.0,2.0,1.0,1.5744244728783878
4.0,2.0,1.0,2.0,2.0,2.0,1.8968041177601775
4.0,2.0,1.0,2.0,3.0,1.0,1.7903608052547124
4.0,2.0,1.0,3.0,1.0,1.0,1.57442401237666
4.0,2.0,1.0,3.0,3.0,2.0,2.0383324617470056
4.0,2.0,1.0,3.0,4.0,3.0,2.269572403761145
4.0,2.0,1.0,4.0,1.0,3.0,2.1263796418736876
4.0,2.0,1.0,4.0,2.0,1.0,1.5744245039570053
4.0,2.0,1.0,4.0,4.0,4.0,2.64343530897874
4.0,2.0,2.0,1.0,1.0,1.0,1.3541815482654864
4.0,2.0,2.0,1.0,2.0,1.0,1.4572297306071906
4.0,2.0,2.0,1.0,2.0,2.0,1.8264085063722215
4.0,2.0,2.0,1.0,2.0,3.0,2.0295511669890813
4.0,2.0,2.0,1.0,3.0,2.0,2.052402705008885
4.0,2.0,2.0,2.0,1.0,1.0,1.7787811595785126
4.0,2.0,2.0,2.0,3.0,2.0,2.272773540924456
4.0,2.0,2.0,2.0,3.0,3.0,2.3892683786513547
4.0,2.0,2.0,2.0,4.0,3.0,2.623930041747645
4.0,2.0,2.0,3.0,1.0,2.0,2.196874652586858
4.0,2.0,2.0,3.0,1.0,3.0,2.393058592609717
4.0,2.0,2.0,3.0,1.0,4.0,2.5873619306253772
4.0,2.0,2.0,3.0,2.0,2.0,2.1968658676967032
4.0,2.0,2.0,3.0,3.0,1.0,2.215875167099391
4.0,2.0,2.0,3.0,3.0,2.0,2.4430669219417362
4.0,2.0,2.0,3.0,3.0,3.0,2.8471680490776587
4.0,2.0,2.0,3.0,3.0,4.0,2.8471681354761333
4.0,2.0,2.0,3.0,4.0,4.0,2.948451390132575
4.0,2.0,2.0,4.0,2.0,2.0,2.196863018875166
4.0,2.0,2.0,4.0,2.0,3.0,2.764097612197922
4.0,2.0,2.0,4.0,3.0,1.0,2.2158720628325708
4.0,2.0,2.0,4.0,3.0,2.0,2.4991643345709043
4.0,2.0,2.0,4.0,3.0,3.0,2.847167775875279
4.0,2.0,2.0,4.0,3.0,4.0,2.9620865842025124
4.0,2.0,2.0,4.0,3.0,5.0,2.962086697801031
4.0,2.0,2.0,4.0,4.0,2.0,2.5518759720304036
4.0,2.0,2.0,4.0,4.0,3.0,2.962086157077416
4.0,2.0,2.0,4.0,4.0,4.0,2.962086275270508
4.0,2.0,2.0,4.0,4.0,5.0,3.1704255774239893
4.0,2.0,2.0,5.0,2.0,2.0,2.1968627260206612
4.0,2.0,2.0,5.0,3.0,3.0,2.9055948639886227
4.0,2.0,2.0,5.0,4.0,4.0,3.4244297006890116
4.0,2.0,2.0,5.0,4.0,5.0,3.4244297223185387
4.0,2.0,3.0,1.0,4.0,3.0,2.298720382388047
4.0,2.0,3.0,2.0,1.0,1.0,1.9851308600678716
4.0,2.0,3.0,2.0,1.0,2.0,2.1640318198377226
4.0,2.0,3.0,2.0,2.0,1.0,2.0884984212746924
4.0,2.0,3.0,2.0,2.0,3.0,2.6003234994432183
4.0,2.0,3.0,2.0,3.0,2.0,2.504105998486677
4.0,2.0,3.0,2.0,3.0,3.0,2.8236902249970472
4.0,2.0,3.0,2.0,4.0,4.0,2.823691191325917
4.0,2.0,3.0,2.0,5.0,2.0,2.840156662017221
4.0,2.0,3.0,3.0,1.0,3.0,2.546463717698198
4.0,2.0,3.0,3.0,2.0,1.0,2.1672263005358374
4.0,2.0,3.0,3.0,2.0,2.0,2.4466178957015314
4.0,2.0,3.0,3.0,2.0,3.0,2.7375372325678984
4.0,2.0,3.0,3.0,3.0,2.0,2.5041054628709984
4.0,2.0,3.0,3.0,3.0,3.0,3.03731185427531
4.0,2.0,3.0,3.0,3.0,4.0,3.0373119482926763
4.0,2.0,3.0,3.0,4.0,2.0,2.6857481116541875
4.0,2.0,3.0,3.0,4.0,3.0,3.0373118136871673
4.0,2.0,3.0,3.0,4.0,4.0,3.338303364349681
4.0,2.0,3.0,3.0,4.0,5.0,3.3383035472467326
4.0,2.0,3.0,3.0,5.0,3.0,3.1934108887630264
4.0,2.0,3.0,3.0,5.0,4.0,3.3383034519702655
4.0,2.0,3.0,4.0,1.0,2.0,2.2684873092509763
4.0,2.0,3.0,4.0,1.0,3.0,2.546463738360995
4.0,2.0,3.0,4.0,1.0,4.0,2.8874707569716134
4.0,2.0,3.0,4.0,2.0,2.0,2.652586911003156
4.0,2.0,3.0,4.0,2.0,3.0,3.0593298074508257
4.0,2.0,3.0,4.0,2.0,4.0,3.1108100246091994
4.0,2.0,3.0,4.0,3.0,2.0,2.8164626710860827
4.0,2.0,3.0,4.0,3.0,3.0,3.0683114173705834
4.0,2.0,3.0,4.0,3.0,4.0,3.1511747705938276
4.0,2.0,3.0,4.0,3.0,5.0,3.2286816143613803
4.0,2.0,3.0,4.0,4.0,2.0,2.9218930693844625
4.0,2.0,3.0,4.0,4.0,3.0,3.181686961266022
4.0,2.0,3.0,4.0,4.0,4.0,3.541275447333532
4.0,2.0,3.0,4.0,5.0,3.0,3.238599704273872
4.0,2.0,3.0,4.0,5.0,4.0,3.5412754338649095
4.0,2.0,3.0,4.0,5.0,5.0,3.6768582082289796
4.0,2.0,3.0,5.0,2.0,3.0,3.0593300106059518
4.0,2.0,3.0,5.0,2.0,4.0,3.110810073278702
4.0,2.0,3.0,5.0,3.0,2.0,2.928395759997411
4.0,2.0,3.0,5.0,3.0,3.0,3.1752886837537493
4.0,2.0,3.0,5.0,3.0,4.0,3.6768587231348238
4.0,2.0,3.0,5.0,3.0,5.0,3.676858696663276
4.0,2.0,3.0,5.0,4.0,3.0,3.1816869716140532
4.0,2.0,3.0,5.0,4.0,4.0,3.6768585160203506
4.0,2.0,3.0,5.0,4.0,5.0,3.67685850742095
4.0,2.0,3.0,5.0,5.0,3.0,3.5209673450224224
4.0,2.0,3.0,5.0,5.0,4.0,3.6768583620066586
4.0,2.0,3.0,5.0,5.0,5.0,3.6768582949631416
4.0,2.0,4.0,2.0,2.0,2.0,2.405104039373656
4.0,2.0,4.0,2.0,2.0,3.0,2.63682089466294
4.0,2.0,4.0,2.0,4.0,2.0,2.5499250988203794
4.0,2.0,4.0,2.0,4.0,3.0,3.0188505013875466
4.0,2.0,4.0,3.0,1.0,2.0,2.6589355563663606
4.0,2.0,4.0,3.0,3.0,3.0,3.157795119470964
4.0,2.0,4.0,3.0,3.0,4.0,3.452838373239413
4.0,2.0,4.0,3.0,4.0,3.0,3.1577950313302865
4.0,2.0,4.0,3.0,4.0,4.0,3.452838193897456
4.0,2.0,4.0,3.0,5.0,4.0,3.452838005263013
4.0,2.0,4.0,3.0,5.0,5.0,3.452838094198737
4.0,2.0,4.0,4.0,1.0,4.0,3.2314043533486356
4.0,2.0,4.0,4.0,2.0,2.0,2.9248340289469166
4.0,2.0,4.0,4.0,2.0,3.0,3.22978434874412
4.0,2.0,4.0,4.0,2.0,4.0,3.4185750884514063
4.0,2.0,4.0,4.0,3.0,2.0,2.9988069520784637
4.0,2.0,4.0,4.0,3.0,3.0,3.229784230936365
4.0,2.0,4.0,4.0,3.0,4.0,3.6791463391958543
4.0,2.0,4.0,4.0,3.0,5.0,3.7812237308105696
4.0,2.0,4.0,4.0,4.0,2.0,3.051859532983763
4.0,2.0,4.0,4.0,4.0,3.0,3.5209674012225327
4.0,2.0,4.0,4.0,4.0,4.0,3.767759966834267
4.0,2.0,4.0,4.0,5.0,4.0,3.9286019945568227
4.0,2.0,4.0,4.0,5.0,5.0,3.9291696265465457
4.0,2.0,4.0,5.0,2.0,4.0,3.418575078351801
4.0,2.0,4.0,5.0,3.0,4.0,3.67914635876585
4.0,2.0,4.0,5.0,4.0,3.0,3.5209674262115613
4.0,2.0,4.0,5.0,4.0,4.0,3.771007626354281
4.0,2.0,4.0,5.0,4.0,5.0,3.933924189976035
4.0,2.0,4.0,5.0,5.0,3.0,3.52096738217176
4.0,2.0,4.0,5.0,5.0,4.0,3.928602029756296
4.0,2.0,4.0,5.0,5.0,5.0,4.219829579643672
4.0,2.0,5.0,3.0,1.0,3.0,3.0476100699192172
4.0,2.0,5.0,3.0,2.0,3.0,3.1215827860365883
4.0,2.0,5.0,3.0,4.0,3.0,3.1934105799756196
4.0,2.0,5.0,3.0,5.0,3.0,3.1934107070174704
4.0,2.0,5.0,4.0,1.0,3.0,3.126337307597551
4.0,2.0,5.0,4.0,3.0,3.0,3.558722258268509
4.0,2.0,5.0,4.0,3.0,4.0,3.77528512224481
4.0,2.0,5.0,4.0,3.0,5.0,3.930362267575212
4.0,2.0,5.0,4.0,4.0,4.0,3.7752851441092
4.0,2.0,5.0,4.0,5.0,2.0,3.2958915888282942
4.0,2.0,5.0,4.0,5.0,5.0,4.135932528374749
4.0,2.0,5.0,5.0,1.0,4.0,3.6318017144175134
4.0,2.0,5.0,5.0,3.0,5.0,4.1014317887395775
4.0,2.0,5.0,5.0,4.0,3.0,3.830387165827175
4.0,2.0,5.0,5.0,4.0,4.0,3.956725025126022
4.0,2.0,5.0,5.0,4.0,5.0,4.101431676745305
4.0,2.0,5.0,5.0,5.0,5.0,4.219829653816247
4.0,3.0,1.0,1.0,1.0,1.0,1.2718731113651554
4.0,3.0,1.0,1.0,1.0,2.0,1.6693022223435308
4.0,3.0,1.0,1.0,2.0,1.0,1.2718739770164538
4.0,3.0,1.0,1.0,2.0,2.0,1.6693023598240841
4.0,3.0,1.0,1.0,3.0,1.0,1.4069931853205122
4.0,3.0,1.0,1.0,3.0,3.0,1.6693026294367341
4.0,3.0,1.0,2.0,1.0,1.0,1.6041241497978114
4.0,3.0,1.0,2.0,1.0,3.0,2.143013993359084
4.0,3.0,1.0,2.0,2.0,2.0,1.8968040968373683
4.0,3.0,1.0,2.0,2.0,3.0,2.1430137913490253
4.0,3.0,1.0,2.0,3.0,1.0,1.855270393569735
4.0,3.0,1.0,2.0,3.0,2.0,2.0166809752815653
4.0,3.0,1.0,2.0,3.0,3.0,2.1926988119027753
4.0,3.0,1.0,2.0,4.0,1.0,1.8552694481175114
4.0,3.0,1.0,3.0,1.0,1.0,1.6041238672741507
4.0,3.0,1.0,3.0,2.0,1.0,1.6978711231201207
4.0,3.0,1.0,3.0,2.0,2.0,1.8968041190572567
4.0,3.0,1.0,3.0,3.0,1.0,1.8552715689860566
4.0,3.0,1.0,3.0,3.0,2.0,2.063978065654457
4.0,3.0,1.0,3.0,3.0,3.0,2.502342182792922
4.0,3.0,1.0,4.0,1.0,3.0,2.1430135390887832
4.0,3.0,1.0,4.0,2.0,2.0,2.085756274324781
4.0,3.0,1.0,4.0,2.0,3.0,2.246688241933558
4.0,3.0,1.0,4.0,3.0,2.0,2.502341958645152
4.0,3.0,1.0,4.0,3.0,3.0,2.502342027995144
4.0,3.0,1.0,4.0,3.0,4.0,2.5590977386461433
4.0,3.0,1.0,4.0,4.0,3.0,2.664952715738466
4.0,3.0,1.0,4.0,4.0,4.0,2.666057757379457
4.0,3.0,1.0,4.0,5.0,4.0,2.9983485039875775
4.0,3.0,1.0,4.0,5.0,5.0,3.124686114885381
4.0,3.0,1.0,5.0,1.0,1.0,1.9987673686727752
4.0,3.0,1.0,5.0,1.0,2.0,2.036600953842619
4.0,3.0,1.0,5.0,1.0,5.0,2.1987164955673753
4.0,3.0,1.0,5.0,4.0,3.0,2.6660578989407338
4.0,3.0,1.0,5.0,4.0,4.0,2.666057871074515
4.0,3.0,1.0,5.0,5.0,4.0,3.1602340215336717
4.0,3.0,2.0,1.0,1.0,1.0,1.4426733171539032
4.0,3.0,2.0,1.0,1.0,2.0,1.9216870776088597
4.0,3.0,2.0,1.0,2.0,1.0,1.723729392167603
4.0,3.0,2.0,1.0,2.0,2.0,1.9216868661238422
4.0,3.0,2.0,1.0,2.0,3.0,2.029551091052634
4.0,3.0,2.0,1.0,3.0,1.0,1.762037353992288
4.0,3.0,2.0,1.0,3.0,2.0,2.052402756385908
4.0,3.0,2.0,1.0,3.0,3.0,2.129298497860645
4.0,3.0,2.0,1.0,3.0,4.0,2.6448260780029575
4.0,3.0,2.0,1.0,4.0,4.0,2.837328649532079
4.0,3.0,2.0,2.0,1.0,1.0,1.9794440003020464
4.0,3.0,2.0,2.0,1.0,2.0,1.9794440250087892
4.0,3.0,2.0,2.0,1.0,3.0,2.3892675022922836
4.0,3.0,2.0,2.0,2.0,1.0,1.9794437508984297
4.0,3.0,2.0,2.0,2.0,2.0,2.1506942335559565
4.0,3.0,2.0,2.0,3.0,1.0,2.0596691924574464
4.0,3.0,2.0,2.0,3.0,2.0,2.272773810302234
4.0,3.0,2.0,2.0,3.0,3.0,2.389267855871814
4.0,3.0,2.0,2.0,4.0,2.0,2.6012807798372353
4.0,3.0,2.0,2.0,4.0,3.0,2.623927501323715
4.0,3.0,2.0,2.0,4.0,4.0,2.886802724841221
4.0,3.0,2.0,3.0,1.0,1.0,1.9794441168980734
4.0,3.0,2.0,3.0,1.0,2.0,2.196881451080389
4.0,3.0,2.0,3.0,1.0,3.0,2.3930584220007876
4.0,3.0,2.0,3.0,2.0,1.0,2.2158763086571414
4.0,3.0,2.0,3.0,2.0,2.0,2.215874172120718
4.0,3.0,2.0,3.0,2.0,3.0,2.4737033213177297
4.0,3.0,2.0,3.0,3.0,1.0,2.215877251146717
4.0,3.0,2.0,3.0,3.0,2.0,2.5172765341607044
4.0,3.0,2.0,3.0,3.0,3.0,2.8844553651960974
4.0,3.0,2.0,3.0,4.0,1.0,2.21587805640518
4.0,3.0,2.0,3.0,4.0,2.0,2.601280105996067
4.0,3.0,2.0,3.0,4.0,3.0,2.9545482536697385
4.0,3.0,2.0,3.0,4.0,4.0,2.994786708322338
4.0,3.0,2.0,4.0,1.0,1.0,2.06702097960526
4.0,3.0,2.0,4.0,1.0,2.0,2.3110877628534667
4.0,3.0,2.0,4.0,1.0,3.0,2.39305827771589
4.0,3.0,2.0,4.0,1.0,4.0,2.587361810915512
4.0,3.0,2.0,4.0,2.0,1.0,2.251990192877226
4.0,3.0,2.0,4.0,2.0,2.0,2.411803648421125
4.0,3.0,2.0,4.0,2.0,3.0,2.7640970673700282
4.0,3.0,2.0,4.0,2.0,4.0,2.946963313832013
4.0,3.0,2.0,4.0,3.0,1.0,2.4655887421268723
4.0,3.0,2.0,4.0,3.0,2.0,2.601279802460314
4.0,3.0,2.0,4.0,3.0,3.0,2.8844565766743266
4.0,3.0,2.0,4.0,3.0,4.0,3.323579419772557
4.0,3.0,2.0,4.0,4.0,2.0,2.6012798610656422
4.0,3.0,2.0,4.0,4.0,3.0,2.9620859593706204
4.0,3.0,2.0,4.0,4.0,4.0,3.3711372312981167
4.0,3.0,2.0,4.0,4.0,5.0,3.3711371744366025
4.0,3.0,2.0,4.0,5.0,1.0,2.465587536945603
4.0,3.0,2.0,4.0,5.0,2.0,2.9250474417969565
4.0,3.0,2.0,4.0,5.0,4.0,3.371137108262391
4.0,3.0,2.0,4.0,5.0,5.0,3.371137053184301
4.0,3.0,2.0,5.0,1.0,2.0,2.3110877459208026
4.0,3.0,2.0,5.0,1.0,3.0,2.5728822922118955
4.0,3.0,2.0,5.0,2.0,2.0,2.537988112221505
4.0,3.0,2.0,5.0,2.0,3.0,2.76409753084344
4.0,3.0,2.0,5.0,2.0,4.0,3.004295798293798
4.0,3.0,2.0,5.0,3.0,3.0,2.9657482111066433
4.0,3.0,2.0,5.0,3.0,4.0,3.3235794444920184
4.0,3.0,2.0,5.0,4.0,2.0,2.601279955934185
4.0,3.0,2.0,5.0,4.0,3.0,3.0259038923575887
4.0,3.0,2.0,5.0,4.0,4.0,3.4244296380314005
4.0,3.0,2.0,5.0,4.0,5.0,3.424429654408896
4.0,3.0,2.0,5.0,5.0,3.0,3.099876777257273
4.0,3.0,2.0,5.0,5.0,4.0,3.495966580884167
4.0,3.0,2.0,5.0,5.0,5.0,3.49596654560687
4.0,3.0,3.0,1.0,1.0,1.0,1.5435747627190979
4.0,3.0,3.0,1.0,2.0,1.0,1.7237293726508216
4.0,3.0,3.0,1.0,3.0,3.0,2.4351098072176875
4.0,3.0,3.0,1.0,4.0,3.0,2.6128904083463524
4.0,3.0,3.0,1.0,4.0,4.0,2.8689391598472027
4.0,3.0,3.0,2.0,1.0,2.0,2.164031637936339
4.0,3.0,3.0,2.0,1.0,3.0,2.546463839517293
4.0,3.0,3.0,2.0,2.0,2.0,2.4086217948330946
4.0,3.0,3.0,2.0,2.0,3.0,2.743356239085635
4.0,3.0,3.0,2.0,2.0,4.0,2.7433563854949923
4.0,3.0,3.0,2.0,3.0,2.0,2.5424096208403775
4.0,3.0,3.0,2.0,3.0,3.0,2.8305235552818897
4.0,3.0,3.0,2.0,3.0,4.0,2.886801690959865
4.0,3.0,3.0,2.0,4.0,2.0,2.601280866240833
4.0,3.0,3.0,2.0,4.0,3.0,2.834599084757403
4.0,3.0,3.0,2.0,4.0,4.0,2.8868020060825366
4.0,3.0,3.0,2.0,5.0,5.0,3.265508290063454
4.0,3.0,3.0,3.0,1.0,2.0,2.546463475640969
4.0,3.0,3.0,3.0,1.0,3.0,2.5464636721929796
4.0,3.0,3.0,3.0,2.0,1.0,2.342128137538349
4.0,3.0,3.0,3.0,2.0,2.0,2.685748539567848
4.0,3.0,3.0,3.0,2.0,3.0,2.991141516862293
4.0,3.0,3.0,3.0,2.0,4.0,2.9959793135185855
4.0,3.0,3.0,3.0,3.0,1.0,2.342127761494914
4.0,3.0,3.0,3.0,3.0,2.0,2.685748468724045
4.0,3.0,3.0,3.0,3.0,3.0,3.149238035714228
4.0,3.0,3.0,3.0,3.0,4.0,3.3982670764916296
4.0,3.0,3.0,3.0,4.0,2.0,2.6857490531489114
4.0,3.0,3.0,3.0,4.0,3.0,3.2728471358315994
4.0,3.0,3.0,3.0,4.0,4.0,3.4896446487045076
4.0,3.0,3.0,3.0,4.0,5.0,3.489644700123404
4.0,3.0,3.0,3.0,5.0,3.0,3.2728471416563694
4.0,3.0,3.0,3.0,5.0,4.0,3.489644670392171
4.0,3.0,3.0,3.0,5.0,5.0,3.4896446985082705
4.0,3.0,3.0,4.0,1.0,2.0,2.701528824513418
4.0,3.0,3.0,4.0,1.0,3.0,2.7880285563617906
4.0,3.0,3.0,4.0,1.0,4.0,2.8874697018881235
4.0,3.0,3.0,4.0,2.0,2.0,2.750908182708213
4.0,3.0,3.0,4.0,2.0,3.0,3.1313485068012117
4.0,3.0,3.0,4.0,2.0,4.0,3.1685971510797053
4.0,3.0,3.0,4.0,3.0,2.0,2.921893094914154
4.0,3.0,3.0,4.0,3.0,3.0,3.3332372686872223
4.0,3.0,3.0,4.0,3.0,4.0,3.5535083265671434
4.0,3.0,3.0,4.0,3.0,5.0,3.6719847345472902
4.0,3.0,3.0,4.0,4.0,1.0,2.8436396366367975
4.0,3.0,3.0,4.0,4.0,2.0,2.921893283887546
4.0,3.0,3.0,4.0,4.0,3.0,3.3339740865307492
4.0,3.0,3.0,4.0,4.0,4.0,3.8015283394531507
4.0,3.0,3.0,4.0,4.0,5.0,3.8015284452938283
4.0,3.0,3.0,4.0,5.0,3.0,3.3852394424071033
4.0,3.0,3.0,4.0,5.0,4.0,3.8291847215774117
4.0,3.0,3.0,4.0,5.0,5.0,3.949236279623946
4.0,3.0,3.0,5.0,1.0,1.0,2.297044466712369
4.0,3.0,3.0,5.0,1.0,4.0,2.9575269554818635
4.0,3.0,3.0,5.0,1.0,5.0,3.1370370497370867
4.0,3.0,3.0,5.0,2.0,2.0,2.900758859729819
4.0,3.0,3.0,5.0,2.0,3.0,3.1947777707203175
4.0,3.0,3.0,5.0,2.0,4.0,3.4183050163743687
4.0,3.0,3.0,5.0,2.0,5.0,3.418304996293653
4.0,3.0,3.0,5.0,3.0,3.0,3.3332373890985165
4.0,3.0,3.0,5.0,3.0,4.0,3.6862320756815454
4.0,3.0,3.0,5.0,3.0,5.0,3.686232086619472
4.0,3.0,3.0,5.0,4.0,3.0,3.5644080492001473
4.0,3.0,3.0,5.0,4.0,4.0,3.842610191564198
4.0,3.0,3.0,5.0,4.0,5.0,4.076875866285387
4.0,3.0,3.0,5.0,5.0,3.0,3.564407979077167
4.0,3.0,3.0,5.0,5.0,4.0,4.020491381807088
4.0,3.0,3.0,5.0,5.0,5.0,4.076873569933793
4.0,3.0,4.0,1.0,4.0,1.0,1.9497864862946472
4.0,3.0,4.0,1.0,4.0,4.0,2.8689391011018746
4.0,3.0,4.0,2.0,2.0,2.0,2.5798151984828195
4.0,3.0,4.0,2.0,2.0,4.0,2.887856461115486
4.0,3.0,4.0,2.0,3.0,2.0,2.7588654914318833
4.0,3.0,4.0,2.0,3.0,3.0,3.009993847808788
4.0,3.0,4.0,2.0,4.0,3.0,3.0487038379613636
4.0,3.0,4.0,2.0,4.0,4.0,3.484101264241048
4.0,3.0,4.0,2.0,5.0,3.0,3.1619713535110603
4.0,3.0,4.0,2.0,5.0,4.0,3.6556083139801903
4.0,3.0,4.0,3.0,1.0,3.0,2.891695296915173
4.0,3.0,4.0,3.0,2.0,1.0,2.3627010856519717
4.0,3.0,4.0,3.0,2.0,2.0,2.820928999552518
4.0,3.0,4.0,3.0,2.0,3.0,3.023541118403933
4.0,3.0,4.0,3.0,3.0,2.0,2.9848046904427816
4.0,3.0,4.0,3.0,3.0,3.0,3.2891360499306526
4.0,3.0,4.0,3.0,3.0,4.0,3.7484297047785873
4.0,3.0,4.0,3.0,4.0,2.0,3.0287787850037526
4.0,3.0,4.0,3.0,4.0,3.0,3.5087119308263977
4.0,3.0,4.0,3.0,4.0,4.0,3.748429341262353
4.0,3.0,4.0,3.0,4.0,5.0,3.9198287568960986
4.0,3.0,4.0,3.0,5.0,3.0,3.5087119404786833
4.0,3.0,4.0,3.0,5.0,4.0,3.7578205853693576
4.0,3.0,4.0,3.0,5.0,5.0,4.084599777541536
4.0,3.0,4.0,4.0,1.0,3.0,2.8916952674186738
4.0,3.0,4.0,4.0,1.0,4.0,3.4913114115432116
4.0,3.0,4.0,4.0,2.0,2.0,3.1491784939283582
4.0,3.0,4.0,4.0,2.0,3.0,3.29318432894024
4.0,3.0,4.0,4.0,2.0,4.0,3.5707406945160565
4.0,3.0,4.0,4.0,3.0,2.0,3.149178376963904
4.0,3.0,4.0,4.0,3.0,3.0,3.411186009728999
4.0,3.0,4.0,4.0,3.0,4.0,3.86894747325132
4.0,3.0,4.0,4.0,3.0,5.0,4.051177104955109
4.0,3.0,4.0,4.0,4.0,3.0,3.629719309261211
4.0,3.0,4.0,4.0,4.0,4.0,3.9660715203531374
4.0,3.0,4.0,4.0,4.0,5.0,4.0511769109043225
4.0,3.0,4.0,4.0,5.0,3.0,3.7147831773003435
4.0,3.0,4.0,4.0,5.0,4.0,4.006697768297876
4.0,3.0,4.0,4.0,5.0,5.0,4.220612762547896
4.0,3.0,4.0,5.0,2.0,3.0,3.293184423845386
4.0,3.0,4.0,5.0,2.0,4.0,3.570740762326888
4.0,3.0,4.0,5.0,2.0,5.0,3.5707408402440346
4.0,3.0,4.0,5.0,3.0,3.0,3.4111860793753124
4.0,3.0,4.0,5.0,3.0,4.0,3.9883739703458843
4.0,3.0,4.0,5.0,3.0,5.0,4.076878782959775
4.0,3.0,4.0,5.0,4.0,3.0,3.675306184885892
4.0,3.0,4.0,5.0,4.0,4.0,4.041233383281851
4.0,3.0,4.0,5.0,4.0,5.0,4.076878056741553
4.0,3.0,4.0,5.0,5.0,2.0,3.4811300317885214
4.0,3.0,4.0,5.0,5.0,3.0,3.714783687779202
4.0,3.0,4.0,5.0,5.0,4.0,4.083630545022487
4.0,3.0,4.0,5.0,5.0,5.0,4.3130663622095184
4.0,3.0,5.0,2.0,1.0,1.0,1.9851307658561657
4.0,3.0,5.0,3.0,2.0,3.0,3.1679185828392558
4.0,3.0,5.0,3.0,3.0,3.0,3.28913615848895
4.0,3.0,5.0,3.0,3.0,4.0,3.770077902800114
4.0,3.0,5.0,3.0,4.0,3.0,3.6395316840057887
4.0,3.0,5.0,3.0,4.0,4.0,3.9145484317859887
4.0,3.0,5.0,3.0,5.0,3.0,3.714781060438662
4.0,3.0,5.0,3.0,5.0,5.0,4.22061281532751
4.0,3.0,5.0,4.0,1.0,4.0,3.68758201328123
4.0,3.0,5.0,4.0,2.0,4.0,3.8687127420973653
4.0,3.0,5.0,4.0,3.0,2.0,3.4084952799426502
4.0,3.0,5.0,4.0,3.0,3.0,3.5587220726772184
4.0,3.0,5.0,4.0,3.0,4.0,3.8716945817508703
4.0,3.0,5.0,4.0,3.0,5.0,4.10143164555651
4.0,3.0,5.0,4.0,4.0,3.0,3.714782936757434
4.0,3.0,5.0,4.0,4.0,4.0,4.021711213792403
4.0,3.0,5.0,4.0,4.0,5.0,4.101431441001547
4.0,3.0,5.0,4.0,5.0,3.0,3.714782412558911
4.0,3.0,5.0,4.0,5.0,4.0,4.13593175488809
4.0,3.0,5.0,4.0,5.0,5.0,4.220612736488947
4.0,3.0,5.0,5.0,1.0,5.0,3.6875820298460673
4.0,3.0,5.0,5.0,2.0,4.0,3.8687127779829926
4.0,3.0,5.0,5.0,3.0,2.0,3.6413972321220958
4.0,3.0,5.0,5.0,3.0,3.0,3.8839958681015356
4.0,3.0,5.0,5.0,3.0,4.0,4.037029750038837
4.0,3.0,5.0,5.0,3.0,5.0,4.101431666196823
4.0,3.0,5.0,5.0,4.0,3.0,3.9442238276561774
4.0,3.0,5.0,5.0,4.0,4.0,4.098677647608618
4.0,3.0,5.0,5.0,4.0,5.0,4.10143143996068
4.0,3.0,5.0,5.0,5.0,3.0,4.135482652713531
4.0,3.0,5.0,5.0,5.0,4.0,4.270243225473935
4.0,3.0,5.0,5.0,5.0,5.0,4.534703920141273
4.0,4.0,1.0,1.0,1.0,1.0,1.2718726264598945
4.0,4.0,1.0,1.0,1.0,2.0,1.6693021772290404
4.0,4.0,1.0,1.0,1.0,4.0,1.70580268158281
4.0,4.0,1.0,1.0,2.0,1.0,1.3874219012064866
4.0,4.0,1.0,1.0,2.0,2.0,1.6693022132112316
4.0,4.0,1.0,1.0,3.0,1.0,1.4069927160109665
4.0,4.0,1.0,1.0,4.0,4.0,2.7345286154382764
4.0,4.0,1.0,2.0,1.0,1.0,1.8552723061695335
4.0,4.0,1.0,2.0,2.0,1.0,1.8552721184263414
4.0,4.0,1.0,2.0,2.0,2.0,1.896804015908735
4.0,4.0,1.0,2.0,2.0,3.0,2.1926986528472954
4.0,4.0,1.0,2.0,3.0,1.0,1.8552712841298695
4.0,4.0,1.0,2.0,3.0,2.0,2.0592876209487705
4.0,4.0,1.0,2.0,3.0,3.0,2.1926986203884025
4.0,4.0,1.0,2.0,4.0,4.0,2.8132558329299644
4.0,4.0,1.0,2.0,5.0,3.0,2.357487762075487
4.0,4.0,1.0,3.0,1.0,1.0,1.8552722592226658
4.0,4.0,1.0,3.0,1.0,2.0,2.0139860115740755
4.0,4.0,1.0,3.0,1.0,3.0,2.1430141140812875
4.0,4.0,1.0,3.0,2.0,2.0,2.048682039342372
4.0,4.0,1.0,3.0,3.0,1.0,1.8552717675686732
4.0,4.0,1.0,3.0,3.0,2.0,2.3417287885384668
4.0,4.0,1.0,3.0,3.0,3.0,2.502342009850904
4.0,4.0,1.0,3.0,4.0,1.0,2.3417272044479733
4.0,4.0,1.0,3.0,4.0,2.0,2.3417283801204993
4.0,4.0,1.0,3.0,4.0,4.0,2.940281207200119
4.0,4.0,1.0,3.0,5.0,3.0,2.50234159593005
4.0,4.0,1.0,4.0,1.0,3.0,2.1987168214151485
4.0,4.0,1.0,4.0,1.0,4.0,2.1987165292507234
4.0,4.0,1.0,4.0,2.0,1.0,2.251990040271525
4.0,4.0,1.0,4.0,2.0,2.0,2.251990358770074
4.0,4.0,1.0,4.0,3.0,2.0,2.502341824810061
4.0,4.0,1.0,4.0,3.0,3.0,2.502341929236061
4.0,4.0,1.0,4.0,3.0,4.0,2.5590975779498875
4.0,4.0,1.0,4.0,4.0,2.0,2.502341620667077
4.0,4.0,1.0,4.0,4.0,3.0,2.6905979897250405
4.0,4.0,1.0,4.0,4.0,4.0,2.940281492884919
4.0,4.0,1.0,5.0,1.0,4.0,2.424116895359659
4.0,4.0,1.0,5.0,2.0,3.0,2.719066262962413
4.0,4.0,1.0,5.0,3.0,4.0,2.7828476112799407
4.0,4.0,1.0,5.0,4.0,2.0,2.7944704022171125
4.0,4.0,1.0,5.0,5.0,4.0,3.1602339766791223
4.0,4.0,1.0,5.0,5.0,5.0,3.16023401240508
4.0,4.0,2.0,1.0,1.0,1.0,1.580367971888485
4.0,4.0,2.0,1.0,1.0,2.0,1.9216872041278281
4.0,4.0,2.0,1.0,2.0,1.0,1.9195483651866685
4.0,4.0,2.0,1.0,2.0,2.0,1.9216869358084525
4.0,4.0,2.0,1.0,3.0,1.0,2.026260127709977
4.0,4.0,2.0,1.0,3.0,2.0,2.157201175113053
4.0,4.0,2.0,1.0,3.0,3.0,2.279953139533033
4.0,4.0,2.0,2.0,1.0,1.0,1.9794440345759916
4.0,4.0,2.0,2.0,1.0,2.0,1.9794439341353571
4.0,4.0,2.0,2.0,1.0,3.0,2.5464630406247872
4.0,4.0,2.0,2.0,2.0,1.0,1.9794439537181368
4.0,4.0,2.0,2.0,2.0,2.0,2.1967351965481687
4.0,4.0,2.0,2.0,2.0,3.0,2.5464624252112893
4.0,4.0,2.0,2.0,2.0,4.0,2.546461822129972
4.0,4.0,2.0,2.0,3.0,1.0,2.2873692160538885
4.0,4.0,2.0,2.0,3.0,2.0,2.287368242359243
4.0,4.0,2.0,2.0,3.0,3.0,2.5464628501888904
4.0,4.0,2.0,2.0,4.0,2.0,2.601280742451125
4.0,4.0,2.0,2.0,4.0,3.0,2.6507813654893373
4.0,4.0,2.0,2.0,4.0,4.0,2.9623948122732298
4.0,4.0,2.0,2.0,5.0,3.0,2.650781347295946
4.0,4.0,2.0,3.0,1.0,1.0,2.0367867844878176
4.0,4.0,2.0,3.0,1.0,2.0,2.3160769621293475
4.0,4.0,2.0,3.0,1.0,3.0,2.63185502899781
4.0,4.0,2.0,3.0,1.0,4.0,2.8711727768126707
4.0,4.0,2.0,3.0,2.0,1.0,2.251990685210419
4.0,4.0,2.0,3.0,2.0,2.0,2.31607696369722
4.0,4.0,2.0,3.0,2.0,3.0,2.631854707674337
4.0,4.0,2.0,3.0,3.0,1.0,2.389459222954193
4.0,4.0,2.0,3.0,3.0,2.0,2.517276467719777
4.0,4.0,2.0,3.0,3.0,3.0,2.8844539049081432
4.0,4.0,2.0,3.0,3.0,4.0,3.0768490948385354
4.0,4.0,2.0,3.0,4.0,1.0,2.389458484931922
4.0,4.0,2.0,3.0,4.0,2.0,2.601280445842283
4.0,4.0,2.0,3.0,4.0,3.0,2.9545481267989175
4.0,4.0,2.0,3.0,4.0,4.0,3.2588510616927495
4.0,4.0,2.0,3.0,5.0,3.0,2.9545477976732495
4.0,4.0,2.0,3.0,5.0,4.0,3.5135700256330384
4.0,4.0,2.0,4.0,1.0,1.0,2.067020606990665
4.0,4.0,2.0,4.0,1.0,2.0,2.3386851390454333
4.0,4.0,2.0,4.0,1.0,3.0,2.631855525492312
4.0,4.0,2.0,4.0,1.0,4.0,2.887468626112723
4.0,4.0,2.0,4.0,2.0,1.0,2.2519904188085524
4.0,4.0,2.0,4.0,2.0,2.0,2.421622892133695
4.0,4.0,2.0,4.0,2.0,3.0,2.7640953953480554
4.0,4.0,2.0,4.0,2.0,5.0,3.0982417990363142
4.0,4.0,2.0,4.0,3.0,1.0,2.465589309276538
4.0,4.0,2.0,4.0,3.0,2.0,2.601279647233563
4.0,4.0,2.0,4.0,3.0,3.0,3.1000598901323135
4.0,4.0,2.0,4.0,3.0,4.0,3.3672317855285243
4.0,4.0,2.0,4.0,4.0,2.0,2.794470727786579
4.0,4.0,2.0,4.0,4.0,3.0,3.1000601168754227
4.0,4.0,2.0,4.0,4.0,4.0,3.4239416457865355
4.0,4.0,2.0,4.0,4.0,5.0,3.423941592172852
4.0,4.0,2.0,4.0,5.0,3.0,3.2690814824604595
4.0,4.0,2.0,4.0,5.0,4.0,3.513569995952914
4.0,4.0,2.0,4.0,5.0,5.0,3.650825926701157
4.0,4.0,2.0,5.0,1.0,1.0,2.0670203218672345
4.0,4.0,2.0,5.0,1.0,2.0,2.338685132235408
4.0,4.0,2.0,5.0,1.0,3.0,2.671787181449743
4.0,4.0,2.0,5.0,1.0,4.0,2.957526743934684
4.0,4.0,2.0,5.0,2.0,3.0,2.9460552822945343
4.0,4.0,2.0,5.0,3.0,1.0,2.4655894592924583
4.0,4.0,2.0,5.0,3.0,2.0,2.7551324741200967
4.0,4.0,2.0,5.0,3.0,3.0,3.1000598469755745
4.0,4.0,2.0,5.0,3.0,4.0,3.467722970943684
4.0,4.0,2.0,5.0,3.0,5.0,3.4677232755212
4.0,4.0,2.0,5.0,4.0,2.0,2.7944704888675913
4.0,4.0,2.0,5.0,4.0,3.0,3.2690813978089865
4.0,4.0,2.0,5.0,4.0,4.0,3.467723373524002
4.0,4.0,2.0,5.0,4.0,5.0,3.58735748369805
4.0,4.0,2.0,5.0,5.0,3.0,3.2690813354974564
4.0,4.0,2.0,5.0,5.0,4.0,3.5135699566491745
4.0,4.0,2.0,5.0,5.0,5.0,3.6508259069816162
4.0,4.0,3.0,1.0,1.0,2.0,1.9216870089226372
4.0,4.0,3.0,1.0,2.0,1.0,2.1030013394599587
4.0,4.0,3.0,1.0,2.0,2.0,2.538094760182608
4.0,4.0,3.0,1.0,2.0,3.0,2.5380945100547923
4.0,4.0,3.0,1.0,3.0,1.0,2.103001316285144
4.0,4.0,3.0,1.0,3.0,2.0,2.5380947935361506
4.0,4.0,3.0,1.0,3.0,3.0,2.5380948735773474
4.0,4.0,3.0,1.0,3.0,4.0,2.644825561966204
4.0,4.0,3.0,1.0,4.0,3.0,2.728310786675326
4.0,4.0,3.0,1.0,5.0,3.0,2.980441098232177
4.0,4.0,3.0,2.0,1.0,1.0,2.1071978433565977
4.0,4.0,3.0,2.0,1.0,2.0,2.45385319702904
4.0,4.0,3.0,2.0,1.0,3.0,2.546463578741726
4.0,4.0,3.0,2.0,1.0,4.0,2.74335642063569
4.0,4.0,3.0,2.0,2.0,2.0,2.575839789961804
4.0,4.0,3.0,2.0,2.0,3.0,2.7433562346776896
4.0,4.0,3.0,2.0,2.0,4.0,2.7433563421913947
4.0,4.0,3.0,2.0,3.0,2.0,2.5923324898112083
4.0,4.0,3.0,2.0,3.0,3.0,2.999326216799467
4.0,4.0,3.0,2.0,3.0,4.0,2.999326286766781
4.0,4.0,3.0,2.0,4.0,2.0,2.943423908888965
4.0,4.0,3.0,2.0,4.0,3.0,3.0539748007175587
4.0,4.0,3.0,2.0,4.0,4.0,3.193834637666571
4.0,4.0,3.0,2.0,4.0,5.0,3.5038200131249755
4.0,4.0,3.0,2.0,5.0,2.0,3.026651602456271
4.0,4.0,3.0,2.0,5.0,3.0,3.053974569171848
4.0,4.0,3.0,2.0,5.0,4.0,3.1938345516056055
4.0,4.0,3.0,2.0,5.0,5.0,3.5038199254857703
4.0,4.0,3.0,3.0,1.0,1.0,2.245932267088432
4.0,4.0,3.0,3.0,1.0,2.0,2.5890983811764294
4.0,4.0,3.0,3.0,1.0,3.0,2.6318546272054064
4.0,4.0,3.0,3.0,2.0,1.0,2.342128498019275
4.0,4.0,3.0,3.0,2.0,2.0,2.7509076625459272
4.0,4.0,3.0,3.0,2.0,3.0,3.098317922516341
4.0,4.0,3.0,3.0,2.0,4.0,3.3110411039242225
4.0,4.0,3.0,3.0,3.0,1.0,2.6462822537078527
4.0,4.0,3.0,3.0,3.0,2.0,2.915782579974502
4.0,4.0,3.0,3.0,3.0,3.0,3.2800967102546044
4.0,4.0,3.0,3.0,3.0,4.0,3.488571433833946
4.0,4.0,3.0,3.0,3.0,5.0,3.603400870444083
4.0,4.0,3.0,3.0,4.0,2.0,2.9434238903397913
4.0,4.0,3.0,3.0,4.0,3.0,3.315556586747624
4.0,4.0,3.0,3.0,4.0,4.0,3.6034003182419823
4.0,4.0,3.0,3.0,4.0,5.0,3.6034006398772647
4.0,4.0,3.0,3.0,5.0,2.0,3.0266514193645295
4.0,4.0,3.0,3.0,5.0,3.0,3.315556389627396
4.0,4.0,3.0,3.0,5.0,4.0,3.6033997191863416
4.0,4.0,3.0,3.0,5.0,5.0,4.007813209443962
4.0,4.0,3.0,4.0,1.0,2.0,2.701528666035039
4.0,4.0,3.0,4.0,1.0,3.0,2.8874678516660928
4.0,4.0,3.0,4.0,1.0,4.0,2.887468633700581
4.0,4.0,3.0,4.0,2.0,2.0,2.7509078704423233
4.0,4.0,3.0,4.0,2.0,3.0,3.196910990542834
4.0,4.0,3.0,4.0,2.0,4.0,3.312139963940619
4.0,4.0,3.0,4.0,3.0,1.0,2.646282273551529
4.0,4.0,3.0,4.0,3.0,2.0,2.9218927017379466
4.0,4.0,3.0,4.0,3.0,3.0,3.420940104562679
4.0,4.0,3.0,4.0,3.0,4.0,3.78795325880662
4.0,4.0,3.0,4.0,3.0,5.0,3.982357940997795
4.0,4.0,3.0,4.0,4.0,1.0,2.889975155846826
4.0,4.0,3.0,4.0,4.0,2.0,3.060019924936816
4.0,4.0,3.0,4.0,4.0,3.0,3.5176706665105035
4.0,4.0,3.0,4.0,4.0,4.0,3.888502808677522
4.0,4.0,3.0,4.0,4.0,5.0,3.9823577932958063
4.0,4.0,3.0,4.0,5.0,2.0,3.0600197888563443
4.0,4.0,3.0,4.0,5.0,3.0,3.5176706833188343
4.0,4.0,3.0,4.0,5.0,4.0,3.931998232433004
4.0,4.0,3.0,4.0,5.0,5.0,4.046175768329438
4.0,4.0,3.0,5.0,1.0,2.0,2.7015285634219275
4.0,4.0,3.0,5.0,1.0,3.0,2.887467718154546
4.0,4.0,3.0,5.0,1.0,4.0,2.957526731316764
4.0,4.0,3.0,5.0,2.0,2.0,2.9623021273377805
4.0,4.0,3.0,5.0,2.0,3.0,3.2314143638268185
4.0,4.0,3.0,5.0,2.0,4.0,3.4864711004002635
4.0,4.0,3.0,5.0,2.0,5.0,3.486471103174774
4.0,4.0,3.0,5.0,3.0,2.0,3.0600198582796803
4.0,4.0,3.0,5.0,3.0,3.0,3.4209402841793874
4.0,4.0,3.0,5.0,3.0,4.0,3.7879486985012263
4.0,4.0,3.0,5.0,3.0,5.0,4.060485988123837
4.0,4.0,3.0,5.0,4.0,2.0,3.060019818429829
4.0,4.0,3.0,5.0,4.0,3.0,3.5644080100882305
4.0,4.0,3.0,5.0,4.0,4.0,3.9562811326621024
4.0,4.0,3.0,5.0,4.0,5.0,4.083150110277178
4.0,4.0,3.0,5.0,5.0,2.0,3.06001973315642
4.0,4.0,3.0,5.0,5.0,3.0,3.564407935464068
4.0,4.0,3.0,5.0,5.0,4.0,4.070004230806074
4.0,4.0,3.0,5.0,5.0,5.0,4.087661772887972
4.0,4.0,4.0,1.0,2.0,1.0,2.2515819944633155
4.0,4.0,4.0,1.0,3.0,1.0,2.5904252660521974
4.0,4.0,4.0,1.0,3.0,2.0,2.590425366038592
4.0,4.0,4.0,1.0,4.0,2.0,2.6390634575091263
4.0,4.0,4.0,1.0,4.0,3.0,3.053974900013562
4.0,4.0,4.0,2.0,1.0,2.0,2.7588661969703616
4.0,4.0,4.0,2.0,1.0,3.0,2.7900479168672248
4.0,4.0,4.0,2.0,2.0,1.0,2.330309199837161
4.0,4.0,4.0,2.0,2.0,2.0,2.758865837857732
4.0,4.0,4.0,2.0,2.0,3.0,2.7900478368030677
4.0,4.0,4.0,2.0,2.0,4.0,2.88785641423193
4.0,4.0,4.0,2.0,3.0,2.0,2.7588653749899184
4.0,4.0,4.0,2.0,3.0,3.0,3.0119906222177293
4.0,4.0,4.0,2.0,3.0,4.0,3.1033309256397508
4.0,4.0,4.0,2.0,4.0,2.0,3.0025861257435693
4.0,4.0,4.0,2.0,4.0,3.0,3.0539748857420808
4.0,4.0,4.0,2.0,4.0,4.0,3.4841011245950018
4.0,4.0,4.0,2.0,4.0,5.0,3.968919861861744
4.0,4.0,4.0,2.0,5.0,4.0,3.655608030735892
4.0,4.0,4.0,2.0,5.0,5.0,3.968919741035404
4.0,4.0,4.0,3.0,1.0,1.0,2.7384672240256136
4.0,4.0,4.0,3.0,1.0,2.0,2.8209289785455005
4.0,4.0,4.0,3.0,2.0,2.0,2.8209289384779668
4.0,4.0,4.0,3.0,2.0,3.0,3.1021556551182345
4.0,4.0,4.0,3.0,2.0,4.0,3.6092336331447306
4.0,4.0,4.0,3.0,3.0,2.0,3.038969947891362
4.0,4.0,4.0,3.0,3.0,3.0,3.397881373296628
4.0,4.0,4.0,3.0,3.0,4.0,3.7700773852326868
4.0,4.0,4.0,3.0,3.0,5.0,3.7700774201811713
4.0,4.0,4.0,3.0,4.0,2.0,3.038969896396608
4.0,4.0,4.0,3.0,4.0,3.0,3.5474694918139673
4.0,4.0,4.0,3.0,4.0,4.0,3.864524781005092
4.0,4.0,4.0,3.0,4.0,5.0,3.9689198895780646
4.0,4.0,4.0,3.0,5.0,3.0,3.572118529495489
4.0,4.0,4.0,3.0,5.0,4.0,3.9484437673051285
4.0,4.0,4.0,3.0,5.0,5.0,4.233014335880962
4.0,4.0,4.0,4.0,1.0,1.0,2.820928988420498
4.0,4.0,4.0,4.0,1.0,3.0,3.181080211540951
4.0,4.0,4.0,4.0,1.0,4.0,3.491311165965378
4.0,4.0,4.0,4.0,1.0,5.0,3.4913112426312245
4.0,4.0,4.0,4.0,2.0,1.0,2.9442567671528255
4.0,4.0,4.0,4.0,2.0,2.0,3.245998394916572
4.0,4.0,4.0,4.0,2.0,3.0,3.5625705753717916
4.0,4.0,4.0,4.0,2.0,4.0,3.7593867275745074
4.0,4.0,4.0,4.0,2.0,5.0,3.7593866614804345
4.0,4.0,4.0,4.0,3.0,1.0,2.944256763270073
4.0,4.0,4.0,4.0,3.0,2.0,3.2647300923345037
4.0,4.0,4.0,4.0,3.0,3.0,3.7335898380016084
4.0,4.0,4.0,4.0,3.0,4.0,3.9574784234842757
4.0,4.0,4.0,4.0,3.0,5.0,4.120508451192485
4.0,4.0,4.0,4.0,4.0,1.0,3.2647305305603247
4.0,4.0,4.0,4.0,4.0,2.0,3.2647300214546355
4.0,4.0,4.0,4.0,4.0,3.0,3.7747464060431852
4.0,4.0,4.0,4.0,4.0,4.0,4.04678585000441
4.0,4.0,4.0,4.0,4.0,5.0,4.180617983727727
4.0,4.0,4.0,4.0,5.0,3.0,3.77475168057605
4.0,4.0,4.0,4.0,5.0,4.0,4.072126685131606
4.0,4.0,4.0,4.0,5.0,5.0,4.2330142711252625
4.0,4.0,4.0,5.0,1.0,3.0,3.5373087113943025
4.0,4.0,4.0,5.0,1.0,4.0,3.537308723205476
4.0,4.0,4.0,5.0,2.0,2.0,3.2459983723733283
4.0,4.0,4.0,5.0,2.0,3.0,3.5674788127125883
4.0,4.0,4.0,5.0,2.0,4.0,3.759386794684277
4.0,4.0,4.0,5.0,2.0,5.0,3.7593867817077804
4.0,4.0,4.0,5.0,3.0,2.0,3.460411773845531
4.0,4.0,4.0,5.0,3.0,3.0,3.73359020387392
4.0,4.0,4.0,5.0,3.0,4.0,3.988373730192037
4.0,4.0,4.0,5.0,3.0,5.0,4.236738348461923
4.0,4.0,4.0,5.0,4.0,3.0,3.8210115318342446
4.0,4.0,4.0,5.0,4.0,4.0,4.083805807503426
4.0,4.0,4.0,5.0,4.0,5.0,4.25714247824124
4.0,4.0,4.0,5.0,5.0,3.0,3.828208566356648
4.0,4.0,4.0,5.0,5.0,4.0,4.168543336437842
4.0,4.0,4.0,5.0,5.0,5.0,4.377169359371367
4.0,4.0,5.0,1.0,3.0,3.0,3.267913874440853
4.0,4.0,5.0,1.0,5.0,4.0,3.267914402903408
4.0,4.0,5.0,2.0,3.0,2.0,3.038969982241356
4.0,4.0,5.0,2.0,5.0,4.0,3.6556079759962814
4.0,4.0,5.0,3.0,2.0,2.0,2.9534180139094657
4.0,4.0,5.0,3.0,2.0,4.0,3.6092337126493446
4.0,4.0,5.0,3.0,3.0,2.0,3.038969956658
4.0,4.0,5.0,3.0,3.0,3.0,3.6741336973117726
4.0,4.0,5.0,3.0,3.0,4.0,3.770077692911648
4.0,4.0,5.0,3.0,3.0,5.0,4.152280099772631
4.0,4.0,5.0,3.0,4.0,3.0,3.7147787234147653
4.0,4.0,5.0,3.0,4.0,4.0,3.948443559470181
4.0,4.0,5.0,3.0,4.0,5.0,4.152280036694582
4.0,4.0,5.0,3.0,5.0,3.0,3.7147797167821746
4.0,4.0,5.0,3.0,5.0,4.0,3.948443646828406
4.0,4.0,5.0,3.0,5.0,5.0,4.310923319695098
4.0,4.0,5.0,4.0,1.0,4.0,3.6875818722834404
4.0,4.0,5.0,4.0,2.0,2.0,3.245998400855847
4.0,4.0,5.0,4.0,2.0,3.0,3.653148213361256
4.0,4.0,5.0,4.0,2.0,4.0,3.8806756885689158
4.0,4.0,5.0,4.0,2.0,5.0,3.9490623553983712
4.0,4.0,5.0,4.0,3.0,3.0,3.7747729114663806
4.0,4.0,5.0,4.0,3.0,4.0,4.037031950425943
4.0,4.0,5.0,4.0,3.0,5.0,4.2404042001809445
4.0,4.0,5.0,4.0,4.0,2.0,3.40849522436646
4.0,4.0,5.0,4.0,4.0,3.0,3.7747611927605225
4.0,4.0,5.0,4.0,4.0,4.0,4.057589664343059
4.0,4.0,5.0,4.0,4.0,5.0,4.273118241403468
4.0,4.0,5.0,4.0,5.0,3.0,3.7747569418947458
4.0,4.0,5.0,4.0,5.0,4.0,4.176640972155284
4.0,4.0,5.0,4.0,5.0,5.0,4.4091003135682545
4.0,4.0,5.0,5.0,1.0,3.0,3.6878832658635696
4.0,4.0,5.0,5.0,1.0,4.0,3.82747795224927
4.0,4.0,5.0,5.0,2.0,4.0,3.8806756665483024
4.0,4.0,5.0,5.0,3.0,3.0,3.8839957355386328
4.0,4.0,5.0,5.0,3.0,4.0,4.037029485569731
4.0,4.0,5.0,5.0,3.0,5.0,4.260620554387779
4.0,4.0,5.0,5.0,4.0,3.0,3.984715803433919
4.0,4.0,5.0,5.0,4.0,4.0,4.165847838679907
4.0,4.0,5.0,5.0,4.0,5.0,4.458408671959379
4.0,4.0,5.0,5.0,5.0,3.0,4.2124633781567695
4.0,4.0,5.0,5.0,5.0,4.0,4.2702433667394715
4.0,4.0,5.0,5.0,5.0,5.0,4.534701615583202
4.0,5.0,1.0,1.0,1.0,1.0,1.4166844763454847
4.0,5.0,1.0,1.0,1.0,3.0,1.6693022577724237
4.0,5.0,1.0,1.0,2.0,1.0,1.4470983729441897
4.0,5.0,1.0,1.0,2.0,2.0,1.669302088713523
4.0,5.0,1.0,1.0,3.0,1.0,1.5210713335946702
4.0,5.0,1.0,1.0,3.0,2.0,2.0508128004484356
4.0,5.0,1.0,1.0,4.0,1.0,1.7114464559210654
4.0,5.0,1.0,1.0,4.0,2.0,2.1247855806535942
4.0,5.0,1.0,2.0,2.0,1.0,2.101881853674877
4.0,5.0,1.0,2.0,2.0,2.0,2.1018817718150804
4.0,5.0,1.0,2.0,3.0,1.0,2.101881774385933
4.0,5.0,1.0,2.0,3.0,2.0,2.1295401923987063
4.0,5.0,1.0,2.0,3.0,3.0,2.502341968810693
4.0,5.0,1.0,2.0,4.0,1.0,2.1018822251712708
4.0,5.0,1.0,3.0,3.0,1.0,2.1018811318992374
4.0,5.0,1.0,3.0,3.0,2.0,2.502341828751734
4.0,5.0,1.0,3.0,3.0,3.0,2.502341946677978
4.0,5.0,1.0,3.0,3.0,4.0,2.940281415582043
4.0,5.0,1.0,3.0,3.0,5.0,2.940281266339093
4.0,5.0,1.0,3.0,4.0,1.0,2.3417292833793093
4.0,5.0,1.0,4.0,1.0,1.0,1.8552723070683181
4.0,5.0,1.0,4.0,1.0,2.0,2.2900449140616166
4.0,5.0,1.0,4.0,1.0,5.0,2.290044904929287
4.0,5.0,1.0,4.0,2.0,2.0,2.2900449742874605
4.0,5.0,1.0,4.0,2.0,3.0,2.7190661064466877
4.0,5.0,1.0,4.0,3.0,1.0,2.2519893420541397
4.0,5.0,1.0,4.0,3.0,2.0,2.5023417111833095
4.0,5.0,1.0,4.0,3.0,3.0,2.719065947925739
4.0,5.0,1.0,4.0,3.0,5.0,2.940281134575461
4.0,5.0,1.0,4.0,4.0,3.0,2.7190653992315936
4.0,5.0,1.0,4.0,4.0,4.0,2.9402813395696623
4.0,5.0,1.0,4.0,5.0,2.0,2.50234143997717
4.0,5.0,1.0,5.0,2.0,1.0,2.251990026130792
4.0,5.0,1.0,5.0,2.0,2.0,2.495333902518733
4.0,5.0,1.0,5.0,2.0,4.0,2.947828803669931
4.0,5.0,1.0,5.0,3.0,2.0,2.7190662871688476
4.0,5.0,1.0,5.0,3.0,3.0,2.719066161595909
4.0,5.0,1.0,5.0,4.0,4.0,3.0530078365365725
4.0,5.0,1.0,5.0,5.0,5.0,3.210976824484244
4.0,5.0,2.0,1.0,1.0,1.0,1.7323831657218354
4.0,5.0,2.0,1.0,2.0,1.0,1.9195482608683438
4.0,5.0,2.0,1.0,3.0,2.0,2.2279470252152347
4.0,5.0,2.0,1.0,3.0,3.0,2.3565792814966513
4.0,5.0,2.0,1.0,4.0,3.0,2.7283104984297317
4.0,5.0,2.0,1.0,5.0,2.0,2.227946922697396
4.0,5.0,2.0,2.0,1.0,2.0,1.9794436832379652
4.0,5.0,2.0,2.0,2.0,2.0,2.196734094877406
4.0,5.0,2.0,2.0,2.0,4.0,2.5464620495730714
4.0,5.0,2.0,2.0,3.0,2.0,2.3173545932416304
4.0,5.0,2.0,2.0,3.0,3.0,2.80279081131091
4.0,5.0,2.0,2.0,4.0,2.0,2.7560552668582114
4.0,5.0,2.0,2.0,4.0,4.0,3.0087307231609115
4.0,5.0,2.0,2.0,5.0,3.0,2.9563659135876943
4.0,5.0,2.0,3.0,1.0,2.0,2.316076969301784
4.0,5.0,2.0,3.0,1.0,3.0,2.6318552421412997
4.0,5.0,2.0,3.0,2.0,2.0,2.646980151819919
4.0,5.0,2.0,3.0,2.0,3.0,2.764092315916233
4.0,5.0,2.0,3.0,2.0,4.0,3.076849062614452
4.0,5.0,2.0,3.0,3.0,1.0,2.506743241183306
4.0,5.0,2.0,3.0,3.0,2.0,2.66626835414661
4.0,5.0,2.0,3.0,3.0,3.0,3.0627454534698364
4.0,5.0,2.0,3.0,3.0,4.0,3.0768490376244846
4.0,5.0,2.0,3.0,4.0,2.0,2.943423736781288
4.0,5.0,2.0,3.0,4.0,3.0,3.214138455103842
4.0,5.0,2.0,3.0,4.0,4.0,3.2588510112008007
4.0,5.0,2.0,3.0,5.0,1.0,2.5067431343034454
4.0,5.0,2.0,3.0,5.0,3.0,3.214138323711824
4.0,5.0,2.0,3.0,5.0,4.0,3.602090374455733
4.0,5.0,2.0,4.0,1.0,2.0,2.3386849279186444
4.0,5.0,2.0,4.0,1.0,3.0,2.631855426979942
4.0,5.0,2.0,4.0,2.0,1.0,2.2519907072807697
4.0,5.0,2.0,4.0,2.0,3.0,2.7640932436400756
4.0,5.0,2.0,4.0,2.0,4.0,3.086076327251763
4.0,5.0,2.0,4.0,3.0,2.0,2.666268308779978
4.0,5.0,2.0,4.0,3.0,3.0,3.100059703714226
4.0,5.0,2.0,4.0,3.0,4.0,3.4677220653628393
4.0,5.0,2.0,4.0,4.0,2.0,2.943423706392498
4.0,5.0,2.0,4.0,4.0,3.0,3.2141384978428165
4.0,5.0,2.0,4.0,4.0,4.0,3.4677227697279918
4.0,5.0,2.0,4.0,4.0,5.0,3.4677227634337204
4.0,5.0,2.0,4.0,5.0,2.0,2.987483298347804
4.0,5.0,2.0,4.0,5.0,3.0,3.269081421392972
4.0,5.0,2.0,4.0,5.0,4.0,3.6020903945468046
4.0,5.0,2.0,4.0,5.0,5.0,3.8360414636329043
4.0,5.0,2.0,5.0,1.0,2.0,2.416944659245741
4.0,5.0,2.0,5.0,1.0,3.0,2.6717870423241417
4.0,5.0,2.0,5.0,1.0,4.0,3.016384853623356
4.0,5.0,2.0,5.0,2.0,2.0,2.6469799911251437
4.0,5.0,2.0,5.0,2.0,3.0,3.1718678541274534
4.0,5.0,2.0,5.0,2.0,4.0,3.171867875665727
4.0,5.0,2.0,5.0,3.0,2.0,2.755132458190161
4.0,5.0,2.0,5.0,3.0,3.0,3.1718677696769277
4.0,5.0,2.0,5.0,3.0,4.0,3.4677218786141957
4.0,5.0,2.0,5.0,4.0,1.0,2.823294901044405
4.0,5.0,2.0,5.0,4.0,2.0,2.99223784053415
4.0,5.0,2.0,5.0,4.0,4.0,3.660804803388711
4.0,5.0,2.0,5.0,4.0,5.0,3.660804720520878
4.0,5.0,2.0,5.0,5.0,3.0,3.536712482651427
4.0,5.0,2.0,5.0,5.0,4.0,3.7393978173088542
4.0,5.0,2.0,5.0,5.0,5.0,3.8979711151848884
4.0,5.0,3.0,1.0,1.0,3.0,2.5207946475811447
4.0,5.0,3.0,1.0,2.0,4.0,2.5380936847855713
4.0,5.0,3.0,1.0,3.0,1.0,2.3242076980756634
4.0,5.0,3.0,1.0,3.0,2.0,2.538094772106004
4.0,5.0,3.0,1.0,3.0,3.0,2.5380948511260586
4.0,5.0,3.0,1.0,4.0,3.0,2.7283106274794706
4.0,5.0,3.0,1.0,4.0,5.0,2.868938696689791
4.0,5.0,3.0,2.0,1.0,1.0,2.2459322332814278
4.0,5.0,3.0,2.0,1.0,2.0,2.5758398500231188
4.0,5.0,3.0,2.0,2.0,1.0,2.245932096349732
4.0,5.0,3.0,2.0,2.0,2.0,2.575839785671392
4.0,5.0,3.0,2.0,3.0,2.0,2.7588646816297238
4.0,5.0,3.0,2.0,3.0,3.0,2.9993261593254177
4.0,5.0,3.0,2.0,3.0,4.0,2.9993261940070104
4.0,5.0,3.0,2.0,4.0,2.0,2.9434238426398265
4.0,5.0,3.0,2.0,4.0,3.0,3.053974668109602
4.0,5.0,3.0,2.0,4.0,4.0,3.3727228236341746
4.0,5.0,3.0,2.0,5.0,2.0,3.026651394829438
4.0,5.0,3.0,2.0,5.0,3.0,3.0539745035055317
4.0,5.0,3.0,2.0,5.0,4.0,3.3727227957375465
4.0,5.0,3.0,2.0,5.0,5.0,3.503819791516695
4.0,5.0,3.0,3.0,1.0,2.0,2.701528602034444
4.0,5.0,3.0,3.0,1.0,3.0,2.8874676534370978
4.0,5.0,3.0,3.0,2.0,2.0,2.750907646829917
4.0,5.0,3.0,3.0,2.0,3.0,3.0983179509284735
4.0,5.0,3.0,3.0,2.0,4.0,3.3110410982866547
4.0,5.0,3.0,3.0,3.0,1.0,2.886645771861862
4.0,5.0,3.0,3.0,3.0,2.0,2.9434239013667516
4.0,5.0,3.0,3.0,3.0,3.0,3.2800952214568917
4.0,5.0,3.0,3.0,3.0,4.0,3.6039068425468654
4.0,5.0,3.0,3.0,3.0,5.0,3.6039070431269975
4.0,5.0,3.0,3.0,4.0,2.0,2.9434238432619244
4.0,5.0,3.0,3.0,4.0,3.0,3.315557315199057
4.0,5.0,3.0,3.0,4.0,4.0,3.6039061978332354
4.0,5.0,3.0,3.0,4.0,5.0,3.7888426366623076
4.0,5.0,3.0,3.0,5.0,2.0,3.026651287776397
4.0,5.0,3.0,3.0,5.0,3.0,3.515003952175149
4.0,5.0,3.0,3.0,5.0,4.0,3.6506368657699686
4.0,5.0,3.0,3.0,5.0,5.0,4.007813197447072
4.0,5.0,3.0,4.0,1.0,1.0,2.245932205649057
4.0,5.0,3.0,4.0,1.0,2.0,2.70152856266496
4.0,5.0,3.0,4.0,1.0,3.0,2.8874676486728057
4.0,5.0,3.0,4.0,1.0,4.0,3.1250929582956193
4.0,5.0,3.0,4.0,1.0,5.0,3.2197433691510184
4.0,5.0,3.0,4.0,2.0,2.0,2.750907793200934
4.0,5.0,3.0,4.0,2.0,3.0,3.2314142312519336
4.0,5.0,3.0,4.0,2.0,4.0,3.456606156729525
4.0,5.0,3.0,4.0,2.0,5.0,3.759385602957768
4.0,5.0,3.0,4.0,3.0,2.0,2.9886760218303032
4.0,5.0,3.0,4.0,3.0,3.0,3.4541812110023224
4.0,5.0,3.0,4.0,3.0,4.0,3.7879737072459765
4.0,5.0,3.0,4.0,3.0,5.0,3.9823579691960926
4.0,5.0,3.0,4.0,4.0,2.0,3.289692732303953
4.0,5.0,3.0,4.0,4.0,3.0,3.5913626761199877
4.0,5.0,3.0,4.0,4.0,4.0,3.9200710503397116
4.0,5.0,3.0,4.0,4.0,5.0,4.077517691750566
4.0,5.0,3.0,4.0,5.0,2.0,3.3527254319757414
4.0,5.0,3.0,4.0,5.0,3.0,3.5987960560848355
4.0,5.0,3.0,4.0,5.0,4.0,4.005557049569614
4.0,5.0,3.0,4.0,5.0,5.0,4.077517607805945
4.0,5.0,3.0,5.0,1.0,2.0,2.7015284818779963
4.0,5.0,3.0,5.0,1.0,3.0,2.8874676410190183
4.0,5.0,3.0,5.0,1.0,4.0,3.1250929033786323
4.0,5.0,3.0,5.0,1.0,5.0,3.5757296510032357
4.0,5.0,3.0,5.0,2.0,2.0,3.060019901407425
4.0,5.0,3.0,5.0,2.0,3.0,3.231414278041733
4.0,5.0,3.0,5.0,2.0,4.0,3.628555838631778
4.0,5.0,3.0,5.0,2.0,5.0,3.75938525631469
4.0,5.0,3.0,5.0,3.0,2.0,3.0600198817526385
4.0,5.0,3.0,5.0,3.0,3.0,3.490567775094137
4.0,5.0,3.0,5.0,3.0,4.0,3.7941598949772253
4.0,5.0,3.0,5.0,3.0,5.0,4.108248473501684
4.0,5.0,3.0,5.0,4.0,2.0,3.352725682143057
4.0,5.0,3.0,5.0,4.0,3.0,3.6245452219588365
4.0,5.0,3.0,5.0,4.0,4.0,4.035845950376489
4.0,5.0,3.0,5.0,4.0,5.0,4.108248372090212
4.0,5.0,3.0,5.0,5.0,2.0,3.3527255224834254
4.0,5.0,3.0,5.0,5.0,3.0,3.762209652889475
4.0,5.0,3.0,5.0,5.0,4.0,4.070003227472141
4.0,5.0,3.0,5.0,5.0,5.0,4.2022376661025165
4.0,5.0,4.0,1.0,1.0,1.0,2.2239448406983637
4.0,5.0,4.0,1.0,3.0,3.0,3.0279697882451253
4.0,5.0,4.0,1.0,5.0,4.0,3.6556076745856463
4.0,5.0,4.0,2.0,1.0,1.0,2.30267224593816
4.0,5.0,4.0,2.0,2.0,4.0,3.1590617884004106
4.0,5.0,4.0,2.0,3.0,2.0,2.7588647486435245
4.0,5.0,4.0,2.0,3.0,3.0,3.143199879914013
4.0,5.0,4.0,2.0,3.0,4.0,3.1660498618941664
4.0,5.0,4.0,2.0,4.0,2.0,3.054332427007382
4.0,5.0,4.0,2.0,4.0,3.0,3.1431998208529626
4.0,5.0,4.0,2.0,4.0,4.0,3.6289382292271806
4.0,5.0,4.0,2.0,5.0,1.0,3.001967950176387
4.0,5.0,4.0,2.0,5.0,4.0,3.6556077138198866
4.0,5.0,4.0,2.0,5.0,5.0,3.968919626657769
4.0,5.0,4.0,3.0,1.0,3.0,3.0267056616909773
4.0,5.0,4.0,3.0,1.0,4.0,3.163816907907234
4.0,5.0,4.0,3.0,2.0,2.0,2.9534179847359927
4.0,5.0,4.0,3.0,2.0,3.0,3.4269838221788103
4.0,5.0,4.0,3.0,3.0,2.0,3.1855175990859586
4.0,5.0,4.0,3.0,3.0,3.0,3.4269836857967224
4.0,5.0,4.0,3.0,3.0,4.0,3.7700773180148657
4.0,5.0,4.0,3.0,3.0,5.0,3.770077367688422
4.0,5.0,4.0,3.0,4.0,2.0,3.1855175693120703
4.0,5.0,4.0,3.0,4.0,3.0,3.635529308963614
4.0,5.0,4.0,3.0,4.0,4.0,3.9899713942035917
4.0,5.0,4.0,3.0,4.0,5.0,4.2272191073817975
4.0,5.0,4.0,3.0,5.0,2.0,3.2070327869928548
4.0,5.0,4.0,3.0,5.0,3.0,3.6355292065401885
4.0,5.0,4.0,3.0,5.0,4.0,3.9899713231249043
4.0,5.0,4.0,3.0,5.0,5.0,4.29170727219935
4.0,5.0,4.0,4.0,1.0,2.0,2.8209289959280306
4.0,5.0,4.0,4.0,1.0,3.0,3.429609876600127
4.0,5.0,4.0,4.0,1.0,4.0,3.491311058717077
4.0,5.0,4.0,4.0,2.0,2.0,3.2896932416216935
4.0,5.0,4.0,4.0,2.0,3.0,3.562570536366418
4.0,5.0,4.0,4.0,2.0,4.0,3.7593866981607404
4.0,5.0,4.0,4.0,2.0,5.0,3.759386326068257
4.0,5.0,4.0,4.0,3.0,2.0,3.289693030456638
4.0,5.0,4.0,4.0,3.0,3.0,3.7335866131996913
4.0,5.0,4.0,4.0,3.0,4.0,4.0197705214452775
4.0,5.0,4.0,4.0,3.0,5.0,4.120508386680014
4.0,5.0,4.0,4.0,4.0,2.0,3.289692841569456
4.0,5.0,4.0,4.0,4.0,3.0,3.833633893154492
4.0,5.0,4.0,4.0,4.0,4.0,4.0829504903531015
4.0,5.0,4.0,4.0,4.0,5.0,4.295486352924807
4.0,5.0,4.0,4.0,5.0,2.0,3.3527252583832334
4.0,5.0,4.0,4.0,5.0,3.0,3.8336329055130403
4.0,5.0,4.0,4.0,5.0,4.0,4.1297873493391934
4.0,5.0,4.0,4.0,5.0,5.0,4.3666353345148305
4.0,5.0,4.0,5.0,1.0,3.0,3.5373086672500316
4.0,5.0,4.0,5.0,1.0,5.0,3.5757296568306707
4.0,5.0,4.0,5.0,2.0,2.0,3.5459726335936255
4.0,5.0,4.0,5.0,2.0,3.0,3.5674787487866086
4.0,5.0,4.0,5.0,2.0,4.0,3.7593867441682387
4.0,5.0,4.0,5.0,2.0,5.0,3.816951643044254
4.0,5.0,4.0,5.0,3.0,3.0,3.8874956175893263
4.0,5.0,4.0,5.0,3.0,4.0,4.037019491339362
4.0,5.0,4.0,5.0,3.0,5.0,4.236738241274471
4.0,5.0,4.0,5.0,4.0,2.0,3.6325208481703757
4.0,5.0,4.0,5.0,4.0,3.0,3.941107162743533
4.0,5.0,4.0,5.0,4.0,4.0,4.158480604371758
4.0,5.0,4.0,5.0,4.0,5.0,4.368071244906076
4.0,5.0,4.0,5.0,5.0,2.0,3.8346103053399423
4.0,5.0,4.0,5.0,5.0,3.0,3.9411071857772373
4.0,5.0,4.0,5.0,5.0,4.0,4.257399825093715
4.0,5.0,4.0,5.0,5.0,5.0,4.482316660657347
4.0,5.0,5.0,1.0,4.0,4.0,3.3774188676874446
4.0,5.0,5.0,2.0,3.0,3.0,3.469743145202452
4.0,5.0,5.0,2.0,4.0,3.0,3.6132963061432246
4.0,5.0,5.0,2.0,4.0,4.0,3.6289382155273344
4.0,5.0,5.0,3.0,1.0,5.0,3.8426966081126572
4.0,5.0,5.0,3.0,2.0,2.0,2.953417981090682
4.0,5.0,5.0,3.0,3.0,3.0,3.674133637157584
4.0,5.0,5.0,3.0,3.0,4.0,3.938605087027643
4.0,5.0,5.0,3.0,4.0,3.0,3.810290170788871
4.0,5.0,5.0,3.0,4.0,4.0,4.020910636949496
4.0,5.0,5.0,3.0,4.0,5.0,4.31092330358201
4.0,5.0,5.0,3.0,5.0,3.0,3.876355121367997
4.0,5.0,5.0,3.0,5.0,4.0,4.02091055207696
4.0,5.0,5.0,3.0,5.0,5.0,4.310923258204447
4.0,5.0,5.0,4.0,1.0,4.0,3.687581746266143
4.0,5.0,5.0,4.0,2.0,3.0,3.7545773726746954
4.0,5.0,5.0,4.0,2.0,4.0,3.880675662730679
4.0,5.0,5.0,4.0,2.0,5.0,3.9967199672175884
4.0,5.0,5.0,4.0,3.0,2.0,3.408495199790704
4.0,5.0,5.0,4.0,3.0,3.0,3.8763556311501985
4.0,5.0,5.0,4.0,3.0,4.0,4.037030559535917
4.0,5.0,5.0,4.0,3.0,5.0,4.254186024589222
4.0,5.0,5.0,4.0,4.0,2.0,3.4084951460483404
4.0,5.0,5.0,4.0,4.0,3.0,3.8763554901064188
4.0,5.0,5.0,4.0,4.0,4.0,4.127887486487428
4.0,5.0,5.0,4.0,4.0,5.0,4.371533382401095
4.0,5.0,5.0,4.0,5.0,2.0,3.4348989390748357
4.0,5.0,5.0,4.0,5.0,3.0,3.876355224965472
4.0,5.0,5.0,4.0,5.0,4.0,4.2217843064529275
4.0,5.0,5.0,4.0,5.0,5.0,4.449103733364268
4.0,5.0,5.0,5.0,1.0,2.0,3.2177347730054207
4.0,5.0,5.0,5.0,1.0,4.0,3.875434502156526
4.0,5.0,5.0,5.0,1.0,5.0,3.8754344030077488
4.0,5.0,5.0,5.0,2.0,3.0,3.7545773798673023
4.0,5.0,5.0,5.0,2.0,4.0,3.8806755945974007
4.0,5.0,5.0,5.0,2.0,5.0,4.1827078049071655
4.0,5.0,5.0,5.0,3.0,3.0,3.9694253304788947
4.0,5.0,5.0,5.0,3.0,4.0,4.037026375082175
4.0,5.0,5.0,5.0,3.0,5.0,4.434255382077156
4.0,5.0,5.0,5.0,4.0,1.0,3.408707702420931
4.0,5.0,5.0,5.0,4.0,3.0,3.9961051575471687
4.0,5.0,5.0,5.0,4.0,4.0,4.232148445646531
4.0,5.0,5.0,5.0,4.0,5.0,4.514619628497593
4.0,5.0,5.0,5.0,5.0,3.0,4.346767863160368
4.0,5.0,5.0,5.0,5.0,4.0,4.360991212593913
4.0,5.0,5.0,5.0,5.0,5.0,4.591909655350224
5.0,1.0,1.0,1.0,1.0,1.0,1.416686195297454
5.0,1.0,1.0,1.0,1.0,3.0,1.645668955957025
5.0,1.0,1.0,1.0,2.0,1.0,1.4166860987515646
5.0,1.0,1.0,1.0,3.0,1.0,1.512735205339521
5.0,1.0,1.0,3.0,1.0,1.0,1.5222448532781758
5.0,1.0,1.0,4.0,1.0,4.0,2.3744094144716854
5.0,1.0,1.0,4.0,4.0,4.0,2.783847249777893
5.0,1.0,1.0,5.0,1.0,1.0,2.1183002786669274
5.0,1.0,1.0,5.0,1.0,2.0,2.118300412377661
5.0,1.0,1.0,5.0,1.0,5.0,2.3744088130400796
5.0,1.0,2.0,3.0,3.0,2.0,2.3490707259394616
5.0,1.0,2.0,5.0,4.0,4.0,2.783847753415832
5.0,1.0,3.0,3.0,1.0,2.0,2.3502638041030126
5.0,1.0,3.0,3.0,3.0,3.0,2.9008173821212817
5.0,1.0,3.0,3.0,3.0,4.0,3.2360290516147563
5.0,1.0,3.0,3.0,5.0,3.0,3.1758966852932873
5.0,1.0,3.0,3.0,5.0,5.0,3.236028784311425
5.0,1.0,3.0,4.0,3.0,3.0,3.068312027109194
5.0,1.0,3.0,4.0,4.0,4.0,3.49876996111231
5.0,1.0,3.0,4.0,4.0,5.0,3.8367301517124797
5.0,1.0,3.0,5.0,2.0,3.0,2.784240051331432
5.0,1.0,3.0,5.0,3.0,3.0,3.185405427376562
5.0,1.0,3.0,5.0,4.0,2.0,3.1330420606669955
5.0,1.0,3.0,5.0,5.0,2.0,3.2070135548633996
5.0,1.0,3.0,5.0,5.0,4.0,3.8388113542877296
5.0,1.0,3.0,5.0,5.0,5.0,3.9468917818881044
5.0,1.0,4.0,1.0,5.0,5.0,3.8236574787460316
5.0,1.0,4.0,3.0,2.0,2.0,2.573374571983681
5.0,1.0,4.0,3.0,3.0,3.0,2.900817152042709
5.0,1.0,4.0,4.0,4.0,3.0,3.4987692918214837
5.0,1.0,4.0,4.0,4.0,4.0,3.498769619757774
5.0,1.0,4.0,5.0,4.0,4.0,3.7710079090828703
5.0,1.0,5.0,2.0,1.0,2.0,2.1664095773209415
5.0,1.0,5.0,5.0,1.0,5.0,3.5884122209724705
5.0,1.0,5.0,5.0,3.0,5.0,4.139761848468064
5.0,1.0,5.0,5.0,5.0,3.0,4.035032077373828
5.0,1.0,5.0,5.0,5.0,4.0,4.375368697328561
5.0,1.0,5.0,5.0,5.0,5.0,4.375368563253334
5.0,2.0,1.0,1.0,1.0,2.0,1.9232413990806587
5.0,2.0,1.0,2.0,1.0,1.0,1.5744255213722629
5.0,2.0,1.0,3.0,3.0,1.0,1.790359893835713
5.0,2.0,1.0,5.0,5.0,4.0,2.8043447641530985
5.0,2.0,2.0,1.0,3.0,2.0,2.157202021271889
5.0,2.0,2.0,2.0,1.0,2.0,2.1687330283960744
5.0,2.0,2.0,2.0,2.0,1.0,1.7787800825240492
5.0,2.0,2.0,2.0,2.0,2.0,2.2347775813870467
5.0,2.0,2.0,3.0,1.0,1.0,1.778781290847187
5.0,2.0,2.0,3.0,2.0,2.0,2.3214335113168945
5.0,2.0,2.0,3.0,3.0,2.0,2.5691947568899955
5.0,2.0,2.0,3.0,3.0,3.0,2.8471684699366384
5.0,2.0,2.0,3.0,3.0,4.0,2.84716832631652
5.0,2.0,2.0,4.0,1.0,2.0,2.326188353644473
5.0,2.0,2.0,4.0,1.0,4.0,2.8874714502484644
5.0,2.0,2.0,4.0,4.0,3.0,3.2303867764092216
5.0,2.0,2.0,4.0,5.0,3.0,3.2303861223886083
5.0,2.0,2.0,5.0,3.0,4.0,3.467718225369821
5.0,2.0,2.0,5.0,4.0,4.0,3.4677159110184705
5.0,2.0,2.0,5.0,5.0,2.0,3.3527251604966466
5.0,2.0,2.0,5.0,5.0,4.0,3.4677144319559035
5.0,2.0,2.0,5.0,5.0,5.0,3.467713424407064
5.0,2.0,3.0,1.0,5.0,2.0,2.535034233305636
5.0,2.0,3.0,2.0,2.0,1.0,2.4786159789590743
5.0,2.0,3.0,2.0,3.0,2.0,2.504106346497095
5.0,2.0,3.0,3.0,1.0,2.0,2.5890988647293494
5.0,2.0,3.0,3.0,1.0,3.0,2.788030311206888
5.0,2.0,3.0,3.0,2.0,3.0,2.7880301494845674
5.0,2.0,3.0,3.0,3.0,3.0,3.068311919223932
5.0,2.0,3.0,3.0,4.0,3.0,3.1482592725566945
5.0,2.0,3.0,3.0,4.0,4.0,3.532869469305353
5.0,2.0,3.0,3.0,5.0,3.0,3.222232188096527
5.0,2.0,3.0,4.0,1.0,4.0,2.8874712258715514
5.0,2.0,3.0,4.0,2.0,3.0,3.0683120565433804
5.0,2.0,3.0,4.0,3.0,2.0,2.9796303664296993
5.0,2.0,3.0,4.0,3.0,3.0,3.0683118468980006
5.0,2.0,3.0,4.0,3.0,4.0,3.3778792836102274
5.0,2.0,3.0,4.0,4.0,3.0,3.2303868465680323
5.0,2.0,3.0,4.0,4.0,4.0,3.541275538550188
5.0,2.0,3.0,4.0,5.0,4.0,3.830700933286325
5.0,2.0,3.0,5.0,1.0,5.0,3.1370372638973887
5.0,2.0,3.0,5.0,2.0,3.0,3.1108102724534716
5.0,2.0,3.0,5.0,2.0,4.0,3.110810192902259
5.0,2.0,3.0,5.0,2.0,5.0,3.5799097489020095
5.0,2.0,3.0,5.0,3.0,3.0,3.230386891470236
5.0,2.0,3.0,5.0,3.0,4.0,3.6862363639072053
5.0,2.0,3.0,5.0,3.0,5.0,3.6862363872200614
5.0,2.0,3.0,5.0,4.0,3.0,3.2303867852207864
5.0,2.0,3.0,5.0,4.0,4.0,3.8388113400935797
5.0,2.0,3.0,5.0,4.0,5.0,3.946891734925132
5.0,2.0,3.0,5.0,5.0,1.0,2.7236101602456086
5.0,2.0,3.0,5.0,5.0,3.0,3.584529234641295
5.0,2.0,3.0,5.0,5.0,4.0,3.8388114283658026
5.0,2.0,3.0,5.0,5.0,5.0,3.9468916471031705
5.0,2.0,4.0,2.0,2.0,2.0,2.5409833234728434
5.0,2.0,4.0,2.0,5.0,2.0,3.166305116731151
5.0,2.0,4.0,3.0,1.0,2.0,2.6589353988766047
5.0,2.0,4.0,3.0,1.0,3.0,3.0754791773177153
5.0,2.0,4.0,3.0,4.0,3.0,3.297397778088314
5.0,2.0,4.0,3.0,4.0,4.0,3.6624239396168212
5.0,2.0,4.0,3.0,5.0,4.0,3.662423898272182
5.0,2.0,4.0,4.0,3.0,3.0,3.3192256262331923
5.0,2.0,4.0,4.0,3.0,4.0,3.741422762703051
5.0,2.0,4.0,4.0,3.0,5.0,4.089242788483154
5.0,2.0,4.0,4.0,4.0,3.0,3.5209673850728054
5.0,2.0,4.0,4.0,4.0,4.0,3.767760087611033
5.0,2.0,4.0,4.0,4.0,5.0,4.08924259983947
5.0,2.0,4.0,4.0,5.0,3.0,3.52096748886812
5.0,2.0,4.0,4.0,5.0,4.0,4.003468836577632
5.0,2.0,4.0,4.0,5.0,5.0,4.089242512074772
5.0,2.0,4.0,5.0,1.0,4.0,3.2314041589688554
5.0,2.0,4.0,5.0,2.0,5.0,3.962986126586876
5.0,2.0,4.0,5.0,3.0,3.0,3.3808798847661796
5.0,2.0,4.0,5.0,3.0,4.0,3.9106210447494174
5.0,2.0,4.0,5.0,3.0,5.0,4.089242816460716
5.0,2.0,4.0,5.0,4.0,3.0,3.8582563514125536
5.0,2.0,4.0,5.0,4.0,4.0,4.003468804918828
5.0,2.0,4.0,5.0,4.0,5.0,4.150371862517179
5.0,2.0,4.0,5.0,5.0,3.0,3.951709708810903
5.0,2.0,4.0,5.0,5.0,4.0,4.003468757149357
5.0,2.0,4.0,5.0,5.0,5.0,4.380595957536557
5.0,2.0,5.0,2.0,5.0,3.0,3.4417806365218424
5.0,2.0,5.0,3.0,4.0,3.0,3.779111630996799
5.0,2.0,5.0,4.0,1.0,4.0,3.6318015133230084
5.0,2.0,5.0,4.0,3.0,4.0,3.981032206441157
5.0,2.0,5.0,4.0,5.0,4.0,4.1359323555865695
5.0,2.0,5.0,4.0,5.0,5.0,4.437006782484367
5.0,2.0,5.0,5.0,2.0,4.0,3.631801529510491
5.0,2.0,5.0,5.0,2.0,5.0,4.1121247825484515
5.0,2.0,5.0,5.0,3.0,3.0,3.8839960780320157
5.0,2.0,5.0,5.0,3.0,4.0,4.207898729548833
5.0,2.0,5.0,5.0,3.0,5.0,4.207898942844605
5.0,2.0,5.0,5.0,4.0,4.0,4.3840238932538
5.0,2.0,5.0,5.0,4.0,5.0,4.437006819903577
5.0,2.0,5.0,5.0,5.0,3.0,4.212463405829879
5.0,2.0,5.0,5.0,5.0,4.0,4.437006723662111
5.0,2.0,5.0,5.0,5.0,5.0,4.4370066281146645
5.0,3.0,1.0,1.0,1.0,1.0,1.4166854312766506
5.0,3.0,1.0,1.0,2.0,1.0,1.416685695987005
5.0,3.0,1.0,1.0,3.0,1.0,1.6054072361916254
5.0,3.0,1.0,1.0,3.0,2.0,2.0736826706338447
5.0,3.0,1.0,2.0,1.0,1.0,1.6041242383974312
5.0,3.0,1.0,2.0,2.0,1.0,1.6978725650279172
5.0,3.0,1.0,2.0,3.0,3.0,2.1926988583926454
5.0,3.0,1.0,3.0,1.0,1.0,1.6978724179767952
5.0,3.0,1.0,3.0,2.0,1.0,1.6978719858950728
5.0,3.0,1.0,3.0,3.0,1.0,1.855272643590747
5.0,3.0,1.0,3.0,3.0,3.0,2.6831750423732403
5.0,3.0,1.0,4.0,1.0,1.0,1.9514704701370889
5.0,3.0,1.0,4.0,3.0,1.0,2.118300773309057
5.0,3.0,1.0,4.0,3.0,4.0,2.782847790353628
5.0,3.0,1.0,4.0,4.0,2.0,2.6863686608066
5.0,3.0,1.0,5.0,1.0,4.0,2.3744094227055674
5.0,3.0,1.0,5.0,3.0,1.0,2.118300380049568
5.0,3.0,1.0,5.0,4.0,1.0,2.397696844062168
5.0,3.0,1.0,5.0,4.0,2.0,2.686372712271581
5.0,3.0,1.0,5.0,4.0,4.0,2.8408922863136348
5.0,3.0,1.0,5.0,5.0,5.0,3.1602340786316048
5.0,3.0,2.0,1.0,2.0,1.0,1.7237292432627973
5.0,3.0,2.0,1.0,2.0,2.0,2.1572011093024432
5.0,3.0,2.0,1.0,3.0,1.0,1.7620372117578904
5.0,3.0,2.0,1.0,3.0,2.0,2.157201609027381
5.0,3.0,2.0,1.0,4.0,2.0,2.3582578614116483
5.0,3.0,2.0,2.0,2.0,1.0,2.162703926826743
5.0,3.0,2.0,2.0,2.0,2.0,2.2347776495314795
5.0,3.0,2.0,2.0,3.0,1.0,2.2873703943440757
5.0,3.0,2.0,2.0,3.0,2.0,2.542409608556578
5.0,3.0,2.0,2.0,3.0,4.0,2.644826145321793
5.0,3.0,2.0,2.0,4.0,3.0,2.623926707463124
5.0,3.0,2.0,3.0,1.0,1.0,2.067020825039742
5.0,3.0,2.0,3.0,1.0,2.0,2.3386854237031907
5.0,3.0,2.0,3.0,1.0,3.0,2.63185823046472
5.0,3.0,2.0,3.0,2.0,1.0,2.4663013615927842
5.0,3.0,2.0,3.0,2.0,2.0,2.5379882732065195
5.0,3.0,2.0,3.0,2.0,3.0,2.759660012650481
5.0,3.0,2.0,3.0,2.0,4.0,3.0238481050079398
5.0,3.0,2.0,3.0,3.0,2.0,2.6162110354590684
5.0,3.0,2.0,3.0,3.0,3.0,2.8969135461402664
5.0,3.0,2.0,3.0,3.0,4.0,3.033261464656584
5.0,3.0,2.0,3.0,4.0,2.0,2.6162115315205416
5.0,3.0,2.0,3.0,4.0,3.0,3.0323899890737676
5.0,3.0,2.0,3.0,5.0,5.0,3.0332612805370744
5.0,3.0,2.0,4.0,1.0,1.0,2.067020920909137
5.0,3.0,2.0,4.0,2.0,3.0,2.983068391118798
5.0,3.0,2.0,4.0,3.0,2.0,2.6162108101772135
5.0,3.0,2.0,4.0,3.0,3.0,3.0192113227384647
5.0,3.0,2.0,4.0,3.0,4.0,3.3711379138776576
5.0,3.0,2.0,4.0,4.0,1.0,2.823294140265037
5.0,3.0,2.0,4.0,4.0,4.0,3.3711375641004935
5.0,3.0,2.0,4.0,4.0,5.0,3.3711373088204404
5.0,3.0,2.0,4.0,5.0,3.0,3.230386187121999
5.0,3.0,2.0,5.0,1.0,3.0,2.6318583250418763
5.0,3.0,2.0,5.0,2.0,2.0,2.537988185908636
5.0,3.0,2.0,5.0,2.0,3.0,3.0549657019623373
5.0,3.0,2.0,5.0,3.0,1.0,2.472859508853078
5.0,3.0,2.0,5.0,3.0,3.0,3.091875685147705
5.0,3.0,2.0,5.0,3.0,5.0,3.7476097350557422
5.0,3.0,2.0,5.0,4.0,3.0,3.230387118751623
5.0,3.0,2.0,5.0,4.0,4.0,3.4677152314641315
5.0,3.0,2.0,5.0,4.0,5.0,3.7476095175992437
5.0,3.0,2.0,5.0,5.0,3.0,3.35272606138884
5.0,3.0,2.0,5.0,5.0,4.0,3.5747640252425286
5.0,3.0,2.0,5.0,5.0,5.0,3.7476092741414044
5.0,3.0,3.0,1.0,1.0,1.0,1.99536239432008
5.0,3.0,3.0,1.0,1.0,2.0,2.2854802445015867
5.0,3.0,3.0,1.0,2.0,1.0,1.995362417986159
5.0,3.0,3.0,1.0,3.0,1.0,2.307088022536012
5.0,3.0,3.0,1.0,3.0,2.0,2.308839332256747
5.0,3.0,3.0,1.0,4.0,5.0,3.289814334523849
5.0,3.0,3.0,2.0,1.0,2.0,2.5017017207379024
5.0,3.0,3.0,2.0,1.0,3.0,2.7880304461232313
5.0,3.0,3.0,2.0,2.0,1.0,2.4786161762179555
5.0,3.0,3.0,2.0,2.0,2.0,2.5017017755436477
5.0,3.0,3.0,2.0,2.0,3.0,2.934036782815341
5.0,3.0,3.0,2.0,3.0,2.0,2.5424095015014907
5.0,3.0,3.0,2.0,3.0,3.0,2.9340366667823936
5.0,3.0,3.0,2.0,3.0,4.0,3.1682323467718603
5.0,3.0,3.0,2.0,4.0,2.0,2.601281351635386
5.0,3.0,3.0,2.0,4.0,3.0,2.9340364179537786
5.0,3.0,3.0,2.0,5.0,4.0,3.3161782605914945
5.0,3.0,3.0,3.0,1.0,1.0,2.3165972335434764
5.0,3.0,3.0,3.0,1.0,3.0,2.7880299293142925
5.0,3.0,3.0,3.0,2.0,2.0,2.8894205431574336
5.0,3.0,3.0,3.0,2.0,3.0,3.0211061953907197
5.0,3.0,3.0,3.0,3.0,1.0,2.478616188492005
5.0,3.0,3.0,3.0,3.0,2.0,2.889420495275602
5.0,3.0,3.0,3.0,3.0,3.0,3.1509541939403594
5.0,3.0,3.0,3.0,3.0,4.0,3.53286958450614
5.0,3.0,3.0,3.0,3.0,5.0,3.532869662617733
5.0,3.0,3.0,3.0,4.0,2.0,3.002585666014185
5.0,3.0,3.0,3.0,4.0,3.0,3.3095801856629437
5.0,3.0,3.0,3.0,4.0,4.0,3.532869427634374
5.0,3.0,3.0,3.0,5.0,3.0,3.4114513816479755
5.0,3.0,3.0,3.0,5.0,4.0,3.568838080988555
5.0,3.0,3.0,4.0,1.0,3.0,2.788029130687077
5.0,3.0,3.0,4.0,2.0,1.0,2.478616394248282
5.0,3.0,3.0,4.0,2.0,2.0,2.9025693954777485
5.0,3.0,3.0,4.0,2.0,3.0,3.16859735003189
5.0,3.0,3.0,4.0,2.0,4.0,3.1685972773147326
5.0,3.0,3.0,4.0,3.0,2.0,2.9796303285220676
5.0,3.0,3.0,4.0,3.0,3.0,3.4650813201455817
5.0,3.0,3.0,4.0,3.0,4.0,3.5792270780249633
5.0,3.0,3.0,4.0,3.0,5.0,4.039979064649905
5.0,3.0,3.0,4.0,4.0,2.0,3.104734324783583
5.0,3.0,3.0,4.0,4.0,3.0,3.584529289042971
5.0,3.0,3.0,4.0,4.0,4.0,3.9121593622203195
5.0,3.0,3.0,4.0,4.0,5.0,4.159499938892434
5.0,3.0,3.0,4.0,5.0,1.0,3.0122384663658037
5.0,3.0,3.0,4.0,5.0,3.0,3.5845293102828855
5.0,3.0,3.0,4.0,5.0,4.0,4.020491581091025
5.0,3.0,3.0,4.0,5.0,5.0,4.268537205628501
5.0,3.0,3.0,5.0,1.0,1.0,2.4740522679597796
5.0,3.0,3.0,5.0,1.0,5.0,3.1370369556160207
5.0,3.0,3.0,5.0,2.0,2.0,3.0430408243345344
5.0,3.0,3.0,5.0,2.0,3.0,3.2324397028128717
5.0,3.0,3.0,5.0,2.0,4.0,3.597366394861293
5.0,3.0,3.0,5.0,3.0,1.0,3.0122387324221522
5.0,3.0,3.0,5.0,3.0,2.0,3.1081224820860003
5.0,3.0,3.0,5.0,3.0,3.0,3.495633154090517
5.0,3.0,3.0,5.0,3.0,4.0,3.871381363213413
5.0,3.0,3.0,5.0,3.0,5.0,4.159518437815443
5.0,3.0,3.0,5.0,4.0,3.0,3.584529332031017
5.0,3.0,3.0,5.0,4.0,4.0,4.020490243643959
5.0,3.0,3.0,5.0,4.0,5.0,4.15950378087351
5.0,3.0,3.0,5.0,5.0,3.0,3.5845293297103598
5.0,3.0,3.0,5.0,5.0,4.0,4.020491114348767
5.0,3.0,3.0,5.0,5.0,5.0,4.4336846763365685
5.0,3.0,4.0,1.0,3.0,5.0,2.9615767934774078
5.0,3.0,4.0,1.0,4.0,2.0,2.984576134238811
5.0,3.0,4.0,1.0,4.0,4.0,2.984576047699601
5.0,3.0,4.0,2.0,2.0,4.0,3.488183218562336
5.0,3.0,4.0,2.0,3.0,3.0,3.1910331694630543
5.0,3.0,4.0,2.0,4.0,3.0,3.4076518291303546
5.0,3.0,4.0,3.0,1.0,3.0,3.1931742603304616
5.0,3.0,4.0,3.0,1.0,4.0,3.1931743205541046
5.0,3.0,4.0,3.0,2.0,3.0,3.1931741161031497
5.0,3.0,4.0,3.0,3.0,3.0,3.649882961038842
5.0,3.0,4.0,3.0,3.0,4.0,3.7484299080346197
5.0,3.0,4.0,3.0,3.0,5.0,3.9258398286313274
5.0,3.0,4.0,3.0,4.0,2.0,3.2173959324025327
5.0,3.0,4.0,3.0,4.0,3.0,3.649882997880711
5.0,3.0,4.0,3.0,4.0,4.0,3.9777572308660543
5.0,3.0,4.0,3.0,4.0,5.0,3.99986650497582
5.0,3.0,4.0,3.0,5.0,3.0,3.779111164998755
5.0,3.0,4.0,3.0,5.0,4.0,3.9777572724967496
5.0,3.0,4.0,3.0,5.0,5.0,4.084599890500978
5.0,3.0,4.0,4.0,1.0,4.0,3.5525749698786595
5.0,3.0,4.0,4.0,2.0,2.0,3.1491785402346664
5.0,3.0,4.0,4.0,2.0,3.0,3.4583386019059894
5.0,3.0,4.0,4.0,2.0,4.0,3.5707407676378153
5.0,3.0,4.0,4.0,3.0,3.0,3.726323460217035
5.0,3.0,4.0,4.0,3.0,4.0,4.05394533862044
5.0,3.0,4.0,4.0,3.0,5.0,4.120381091485851
5.0,3.0,4.0,4.0,4.0,3.0,3.8797112903123514
5.0,3.0,4.0,4.0,4.0,4.0,4.096753890692553
5.0,3.0,4.0,4.0,4.0,5.0,4.409036466146238
5.0,3.0,4.0,4.0,5.0,3.0,3.879711293315555
5.0,3.0,4.0,4.0,5.0,4.0,4.23646845858883
5.0,3.0,4.0,4.0,5.0,5.0,4.504867154995871
5.0,3.0,4.0,5.0,2.0,3.0,3.648711312329459
5.0,3.0,4.0,5.0,2.0,4.0,3.9612145209318244
5.0,3.0,4.0,5.0,3.0,3.0,3.864501114762536
5.0,3.0,4.0,5.0,3.0,4.0,4.159544615629215
5.0,3.0,4.0,5.0,3.0,5.0,4.1595333012964675
5.0,3.0,4.0,5.0,4.0,3.0,3.91861002581719
5.0,3.0,4.0,5.0,4.0,4.0,4.211183203242932
5.0,3.0,4.0,5.0,4.0,5.0,4.559556684217074
5.0,3.0,4.0,5.0,5.0,3.0,4.090359109937214
5.0,3.0,4.0,5.0,5.0,4.0,4.35076715804458
5.0,3.0,4.0,5.0,5.0,5.0,4.560924249134425
5.0,3.0,5.0,1.0,3.0,2.0,3.164995042968024
5.0,3.0,5.0,1.0,3.0,3.0,3.164995379052747
5.0,3.0,5.0,1.0,4.0,3.0,3.5996506891400273
5.0,3.0,5.0,2.0,4.0,4.0,3.9163253257616324
5.0,3.0,5.0,3.0,1.0,2.0,3.144615581887844
5.0,3.0,5.0,3.0,1.0,3.0,3.2709534794587483
5.0,3.0,5.0,3.0,2.0,4.0,3.8192967594188953
5.0,3.0,5.0,3.0,3.0,3.0,3.7144456559706605
5.0,3.0,5.0,3.0,3.0,4.0,3.8192965812980333
5.0,3.0,5.0,3.0,4.0,2.0,3.5824253228404928
5.0,3.0,5.0,3.0,4.0,3.0,3.7791113968415795
5.0,3.0,5.0,3.0,4.0,4.0,4.012515602555285
5.0,3.0,5.0,3.0,4.0,5.0,4.254955417979327
5.0,3.0,5.0,3.0,5.0,3.0,3.779111241535443
5.0,3.0,5.0,3.0,5.0,4.0,4.130756448218449
5.0,3.0,5.0,3.0,5.0,5.0,4.254955425137395
5.0,3.0,5.0,4.0,1.0,3.0,3.4296101073912793
5.0,3.0,5.0,4.0,1.0,4.0,3.8754348572973036
5.0,3.0,5.0,4.0,2.0,3.0,3.4583386149963715
5.0,3.0,5.0,4.0,3.0,3.0,3.8539343628779554
5.0,3.0,5.0,4.0,3.0,4.0,4.120380753661013
5.0,3.0,5.0,4.0,3.0,5.0,4.1203809673167795
5.0,3.0,5.0,4.0,4.0,2.0,3.5824254400361673
5.0,3.0,5.0,4.0,4.0,3.0,3.899312732189307
5.0,3.0,5.0,4.0,4.0,4.0,4.352229566594524
5.0,3.0,5.0,4.0,4.0,5.0,4.484749408683192
5.0,3.0,5.0,4.0,5.0,3.0,4.109361684665688
5.0,3.0,5.0,4.0,5.0,4.0,4.3522295015276935
5.0,3.0,5.0,4.0,5.0,5.0,4.723300767232084
5.0,3.0,5.0,5.0,1.0,4.0,3.8754347408938075
5.0,3.0,5.0,5.0,1.0,5.0,3.8754346285102317
5.0,3.0,5.0,5.0,2.0,2.0,3.6413972743836536
5.0,3.0,5.0,5.0,2.0,3.0,3.6487114589417726
5.0,3.0,5.0,5.0,2.0,4.0,4.0177785731177735
5.0,3.0,5.0,5.0,2.0,5.0,4.146666718464763
5.0,3.0,5.0,5.0,3.0,3.0,3.8839959101934247
5.0,3.0,5.0,5.0,3.0,4.0,4.2078982818795625
5.0,3.0,5.0,5.0,3.0,5.0,4.516442542537665
5.0,3.0,5.0,5.0,4.0,3.0,4.177145752929061
5.0,3.0,5.0,5.0,4.0,4.0,4.384023635362194
5.0,3.0,5.0,5.0,4.0,5.0,4.651236323498872
5.0,3.0,5.0,5.0,5.0,3.0,4.212463322004173
5.0,3.0,5.0,5.0,5.0,4.0,4.551869367535096
5.0,3.0,5.0,5.0,5.0,5.0,4.809059340528634
5.0,4.0,1.0,1.0,1.0,1.0,1.4166847613369389
5.0,4.0,1.0,1.0,3.0,2.0,2.073683148833908
5.0,4.0,1.0,1.0,3.0,3.0,2.073683971745029
5.0,4.0,1.0,2.0,1.0,3.0,2.14301413070508
5.0,4.0,1.0,2.0,2.0,1.0,1.8552726177297254
5.0,4.0,1.0,2.0,2.0,3.0,2.312577146917736
5.0,4.0,1.0,2.0,3.0,1.0,2.1338742057784486
5.0,4.0,1.0,3.0,1.0,3.0,2.143014086719011
5.0,4.0,1.0,3.0,2.0,2.0,2.4656543805130715
5.0,4.0,1.0,3.0,2.0,3.0,2.465654594027746
5.0,4.0,1.0,3.0,3.0,1.0,2.3417280415994535
5.0,4.0,1.0,3.0,4.0,2.0,2.4656546156687127
5.0,4.0,1.0,3.0,5.0,2.0,2.4868856125875864
5.0,4.0,1.0,3.0,5.0,4.0,3.160234319375762
5.0,4.0,1.0,4.0,3.0,3.0,2.6831750754413473
5.0,4.0,1.0,4.0,4.0,3.0,2.879834473729113
5.0,4.0,1.0,5.0,1.0,1.0,2.1182999796606365
5.0,4.0,1.0,5.0,1.0,4.0,2.50090888924786
5.0,4.0,1.0,5.0,3.0,4.0,2.782847673079399
5.0,4.0,1.0,5.0,4.0,1.0,2.4440299594200825
5.0,4.0,1.0,5.0,5.0,5.0,3.160234125642406
5.0,4.0,2.0,1.0,1.0,3.0,1.9232362818593915
5.0,4.0,2.0,1.0,2.0,2.0,2.157201092566185
5.0,4.0,2.0,1.0,3.0,1.0,2.026260305671914
5.0,4.0,2.0,1.0,3.0,2.0,2.1572012454996634
5.0,4.0,2.0,1.0,4.0,1.0,2.278256079902922
5.0,4.0,2.0,2.0,1.0,1.0,2.1350670130376126
5.0,4.0,2.0,2.0,1.0,2.0,2.2347777299655696
5.0,4.0,2.0,2.0,1.0,4.0,2.5464628598016033
5.0,4.0,2.0,2.0,2.0,2.0,2.2347776812409417
5.0,4.0,2.0,2.0,2.0,3.0,2.5464621452256155
5.0,4.0,2.0,2.0,3.0,1.0,2.2873698238738407
5.0,4.0,2.0,2.0,3.0,2.0,2.5791308951837433
5.0,4.0,2.0,2.0,4.0,3.0,2.6507815176767924
5.0,4.0,2.0,2.0,5.0,3.0,3.0604804345631167
5.0,4.0,2.0,3.0,1.0,1.0,2.2137946734905807
5.0,4.0,2.0,3.0,1.0,3.0,2.631857536148754
5.0,4.0,2.0,3.0,2.0,1.0,2.466301309330435
5.0,4.0,2.0,3.0,2.0,2.0,2.6800920784879025
5.0,4.0,2.0,3.0,2.0,3.0,2.759660257857674
5.0,4.0,2.0,3.0,3.0,1.0,2.667495136084282
5.0,4.0,2.0,3.0,3.0,2.0,2.680092077833894
5.0,4.0,2.0,3.0,3.0,3.0,2.896913425875081
5.0,4.0,2.0,3.0,4.0,1.0,2.667495516158929
5.0,4.0,2.0,3.0,4.0,2.0,2.8232951837134763
5.0,4.0,2.0,3.0,4.0,3.0,3.2690824991380247
5.0,4.0,2.0,3.0,5.0,4.0,3.64528488990939
5.0,4.0,2.0,4.0,1.0,1.0,2.2925220693184927
5.0,4.0,2.0,4.0,1.0,2.0,2.338685303280477
5.0,4.0,2.0,4.0,1.0,3.0,2.6318563497319305
5.0,4.0,2.0,4.0,1.0,4.0,3.074938886952125
5.0,4.0,2.0,4.0,2.0,2.0,2.68009209472794
5.0,4.0,2.0,4.0,2.0,3.0,3.0160852509475937
5.0,4.0,2.0,4.0,2.0,4.0,3.086076347196693
5.0,4.0,2.0,4.0,3.0,1.0,2.823295022270674
5.0,4.0,2.0,4.0,3.0,3.0,3.173389269101562
5.0,4.0,2.0,4.0,3.0,4.0,3.3711380493905696
5.0,4.0,2.0,4.0,4.0,2.0,2.8232950503324594
5.0,4.0,2.0,4.0,4.0,3.0,3.2690823172158243
5.0,4.0,2.0,4.0,4.0,4.0,3.6344493385775567
5.0,4.0,2.0,4.0,5.0,2.0,2.995546320853106
5.0,4.0,2.0,4.0,5.0,3.0,3.26908188633201
5.0,4.0,2.0,4.0,5.0,4.0,3.6452848476398882
5.0,4.0,2.0,5.0,1.0,3.0,3.0273286899620007
5.0,4.0,2.0,5.0,2.0,1.0,2.818415587766377
5.0,4.0,2.0,5.0,2.0,2.0,2.8184155193238496
5.0,4.0,2.0,5.0,2.0,4.0,3.276519382125537
5.0,4.0,2.0,5.0,3.0,3.0,3.1752744827224024
5.0,4.0,2.0,5.0,3.0,5.0,3.7476097959620165
5.0,4.0,2.0,5.0,4.0,2.0,2.823295003003296
5.0,4.0,2.0,5.0,4.0,3.0,3.2952890616559536
5.0,4.0,2.0,5.0,4.0,4.0,3.7279685498866257
5.0,4.0,2.0,5.0,4.0,5.0,4.18491662995829
5.0,4.0,2.0,5.0,5.0,3.0,3.3527268210795844
5.0,4.0,2.0,5.0,5.0,4.0,3.75095504109678
5.0,4.0,2.0,5.0,5.0,5.0,4.18491658760776
5.0,4.0,3.0,1.0,2.0,1.0,2.1030014088547055
5.0,4.0,3.0,1.0,2.0,2.0,2.538094649905196
5.0,4.0,3.0,1.0,3.0,2.0,2.538094714413011
5.0,4.0,3.0,1.0,4.0,2.0,2.538095060143792
5.0,4.0,3.0,1.0,4.0,3.0,3.0611595153927493
5.0,4.0,3.0,1.0,4.0,4.0,3.17612910536667
5.0,4.0,3.0,1.0,5.0,3.0,3.4999347142721944
5.0,4.0,3.0,2.0,2.0,2.0,2.704018938254124
5.0,4.0,3.0,2.0,2.0,4.0,3.1001815721166475
5.0,4.0,3.0,2.0,3.0,2.0,2.915782962079764
5.0,4.0,3.0,2.0,3.0,3.0,3.02307387632697
5.0,4.0,3.0,2.0,3.0,4.0,3.3420241871056677
5.0,4.0,3.0,2.0,4.0,2.0,3.0025857533248117
5.0,4.0,3.0,2.0,4.0,3.0,3.061159535568803
5.0,4.0,3.0,2.0,4.0,4.0,3.488182738441767
5.0,4.0,3.0,2.0,5.0,3.0,3.4999341886461592
5.0,4.0,3.0,2.0,5.0,4.0,3.6628104534296093
5.0,4.0,3.0,3.0,1.0,1.0,2.5054210027865875
5.0,4.0,3.0,3.0,1.0,2.0,2.5890985281647603
5.0,4.0,3.0,3.0,1.0,3.0,3.0942527395301513
5.0,4.0,3.0,3.0,2.0,2.0,2.9025691445858577
5.0,4.0,3.0,3.0,2.0,3.0,3.0987518980377105
5.0,4.0,3.0,3.0,2.0,4.0,3.311041214886244
5.0,4.0,3.0,3.0,3.0,1.0,2.8866458081636184
5.0,4.0,3.0,3.0,3.0,2.0,2.9157827908028255
5.0,4.0,3.0,3.0,3.0,3.0,3.2800961933661457
5.0,4.0,3.0,3.0,3.0,4.0,3.63205120210085
5.0,4.0,3.0,3.0,4.0,2.0,3.0025857614491054
5.0,4.0,3.0,3.0,4.0,3.0,3.4494376635252912
5.0,4.0,3.0,3.0,4.0,4.0,3.722118656849745
5.0,4.0,3.0,3.0,4.0,5.0,3.722118732159536
5.0,4.0,3.0,3.0,5.0,2.0,3.18856623959153
5.0,4.0,3.0,3.0,5.0,3.0,3.499934034166734
5.0,4.0,3.0,3.0,5.0,4.0,3.9654307275137115
5.0,4.0,3.0,3.0,5.0,5.0,4.147189927128838
5.0,4.0,3.0,4.0,1.0,2.0,2.7040189240599792
5.0,4.0,3.0,4.0,1.0,3.0,3.094252633706404
5.0,4.0,3.0,4.0,2.0,2.0,2.902569270233673
5.0,4.0,3.0,4.0,2.0,3.0,3.196911093153278
5.0,4.0,3.0,4.0,2.0,4.0,3.312140000144484
5.0,4.0,3.0,4.0,3.0,2.0,2.979630150458414
5.0,4.0,3.0,4.0,3.0,3.0,3.4650809358811134
5.0,4.0,3.0,4.0,3.0,4.0,3.9868947322875004
5.0,4.0,3.0,4.0,3.0,5.0,4.039978964360535
5.0,4.0,3.0,4.0,4.0,2.0,3.3196387745794356
5.0,4.0,3.0,4.0,4.0,3.0,3.5915271022911703
5.0,4.0,3.0,4.0,4.0,4.0,4.08386734031998
5.0,4.0,3.0,4.0,4.0,5.0,4.327758918671151
5.0,4.0,3.0,4.0,5.0,2.0,3.3196387409142085
5.0,4.0,3.0,4.0,5.0,3.0,3.672627354687924
5.0,4.0,3.0,4.0,5.0,4.0,4.143532713169008
5.0,4.0,3.0,4.0,5.0,5.0,4.327758835255786
5.0,4.0,3.0,5.0,1.0,3.0,3.0942524997054788
5.0,4.0,3.0,5.0,1.0,4.0,3.0942523943857747
5.0,4.0,3.0,5.0,2.0,2.0,3.1225515160391755
5.0,4.0,3.0,5.0,2.0,3.0,3.5863270217021745
5.0,4.0,3.0,5.0,2.0,4.0,3.597366293051991
5.0,4.0,3.0,5.0,2.0,5.0,3.597366268190787
5.0,4.0,3.0,5.0,3.0,3.0,3.6388932208754072
5.0,4.0,3.0,5.0,3.0,4.0,4.023234580897026
5.0,4.0,3.0,5.0,3.0,5.0,4.286623950761902
5.0,4.0,3.0,5.0,4.0,2.0,3.3527258399815976
5.0,4.0,3.0,5.0,4.0,3.0,3.6726238816956003
5.0,4.0,3.0,5.0,4.0,4.0,4.266338275099539
5.0,4.0,3.0,5.0,4.0,5.0,4.520597683540634
5.0,4.0,3.0,5.0,5.0,1.0,3.012238220127086
5.0,4.0,3.0,5.0,5.0,2.0,3.3527254683116543
5.0,4.0,3.0,5.0,5.0,3.0,3.672625914727521
5.0,4.0,3.0,5.0,5.0,4.0,4.327419534589783
5.0,4.0,3.0,5.0,5.0,5.0,4.612373035464845
5.0,4.0,4.0,1.0,1.0,1.0,2.354616553654797
5.0,4.0,4.0,1.0,3.0,2.0,3.0025862467894195
5.0,4.0,4.0,1.0,3.0,3.0,3.002586065318338
5.0,4.0,4.0,1.0,3.0,4.0,3.002585746015683
5.0,4.0,4.0,1.0,3.0,5.0,3.007913485032554
5.0,4.0,4.0,1.0,4.0,3.0,3.188226768127144
5.0,4.0,4.0,1.0,5.0,5.0,4.19639418588099
5.0,4.0,4.0,2.0,3.0,1.0,2.880729215697128
5.0,4.0,4.0,2.0,3.0,2.0,3.002586103576068
5.0,4.0,4.0,2.0,3.0,4.0,3.4881831013557236
5.0,4.0,4.0,2.0,4.0,2.0,3.0025859609230006
5.0,4.0,4.0,2.0,4.0,3.0,3.407651722118872
5.0,4.0,4.0,2.0,4.0,4.0,3.488182897254188
5.0,4.0,4.0,2.0,5.0,2.0,3.258977388980864
5.0,4.0,4.0,2.0,5.0,3.0,3.6615860840787717
5.0,4.0,4.0,2.0,5.0,4.0,3.8320019229196594
5.0,4.0,4.0,3.0,2.0,2.0,3.223746235380308
5.0,4.0,4.0,3.0,2.0,3.0,3.2237462224642517
5.0,4.0,4.0,3.0,2.0,4.0,3.6092337268107375
5.0,4.0,4.0,3.0,3.0,2.0,3.3543835273489075
5.0,4.0,4.0,3.0,3.0,3.0,3.6498833044131036
5.0,4.0,4.0,3.0,3.0,4.0,3.893843032531545
5.0,4.0,4.0,3.0,3.0,5.0,4.185927799938248
5.0,4.0,4.0,3.0,4.0,2.0,3.3543834164737487
5.0,4.0,4.0,3.0,4.0,3.0,3.6498834312829533
5.0,4.0,4.0,3.0,4.0,4.0,4.0157294446898275
5.0,4.0,4.0,3.0,4.0,5.0,4.1859277953285785
5.0,4.0,4.0,3.0,5.0,2.0,3.354383298845462
5.0,4.0,4.0,3.0,5.0,3.0,3.779111063025472
5.0,4.0,4.0,3.0,5.0,4.0,4.015729392971925
5.0,4.0,4.0,3.0,5.0,5.0,4.326822598240311
5.0,4.0,4.0,4.0,1.0,4.0,3.552574804840184
5.0,4.0,4.0,4.0,2.0,2.0,3.245998399412854
5.0,4.0,4.0,4.0,2.0,3.0,3.5625706677506432
5.0,4.0,4.0,4.0,2.0,4.0,3.759386887296388
5.0,4.0,4.0,4.0,2.0,5.0,4.055396184253753
5.0,4.0,4.0,4.0,3.0,1.0,2.9442567434869167
5.0,4.0,4.0,4.0,3.0,3.0,3.8348804105070298
5.0,4.0,4.0,4.0,3.0,4.0,4.136117015049588
5.0,4.0,4.0,4.0,3.0,5.0,4.185927653339472
5.0,4.0,4.0,4.0,4.0,2.0,3.632521046109786
5.0,4.0,4.0,4.0,4.0,3.0,3.879711270886837
5.0,4.0,4.0,4.0,4.0,4.0,4.276324811412355
5.0,4.0,4.0,4.0,4.0,5.0,4.467482613270237
5.0,4.0,4.0,4.0,5.0,2.0,3.7988226244044165
5.0,4.0,4.0,4.0,5.0,3.0,3.879711254018061
5.0,4.0,4.0,4.0,5.0,4.0,4.291392227544004
5.0,4.0,4.0,4.0,5.0,5.0,4.657698497085163
5.0,4.0,4.0,5.0,1.0,2.0,2.8209289449199795
5.0,4.0,4.0,5.0,1.0,3.0,3.552574563596826
5.0,4.0,4.0,5.0,1.0,4.0,3.552574659656982
5.0,4.0,4.0,5.0,1.0,5.0,3.801568799230891
5.0,4.0,4.0,5.0,2.0,3.0,3.6487110505150535
5.0,4.0,4.0,5.0,2.0,4.0,4.0203121478671
5.0,4.0,4.0,5.0,2.0,5.0,4.099853464641651
5.0,4.0,4.0,5.0,3.0,2.0,3.460411744120898
5.0,4.0,4.0,5.0,3.0,3.0,3.912948917554878
5.0,4.0,4.0,5.0,3.0,4.0,4.241042551613403
5.0,4.0,4.0,5.0,3.0,5.0,4.53379855509491
5.0,4.0,4.0,5.0,4.0,2.0,3.6325209984478604
5.0,4.0,4.0,5.0,4.0,3.0,3.974782541193084
5.0,4.0,4.0,5.0,4.0,4.0,4.373276836528813
5.0,4.0,4.0,5.0,4.0,5.0,4.679717817955165
5.0,4.0,4.0,5.0,5.0,2.0,3.8985631740006292
5.0,4.0,4.0,5.0,5.0,3.0,4.09561751034361
5.0,4.0,4.0,5.0,5.0,4.0,4.477173307045767
5.0,4.0,4.0,5.0,5.0,5.0,4.776206990655852
5.0,4.0,5.0,1.0,2.0,2.0,2.704066244790789
5.0,4.0,5.0,1.0,5.0,5.0,4.196393878651601
5.0,4.0,5.0,2.0,2.0,2.0,3.1861970068857044
5.0,4.0,5.0,2.0,4.0,3.0,3.5996506883938495
5.0,4.0,5.0,2.0,5.0,3.0,3.6615860792498953
5.0,4.0,5.0,2.0,5.0,5.0,4.196393655460945
5.0,4.0,5.0,3.0,2.0,2.0,3.223746148218793
5.0,4.0,5.0,3.0,3.0,3.0,3.7144454846398447
5.0,4.0,5.0,3.0,3.0,4.0,4.181122152801729
5.0,4.0,5.0,3.0,4.0,2.0,3.5824251212280225
5.0,4.0,5.0,3.0,4.0,3.0,3.7791112180081785
5.0,4.0,5.0,3.0,4.0,4.0,4.181121975795113
5.0,4.0,5.0,3.0,4.0,5.0,4.2549553222706376
5.0,4.0,5.0,3.0,5.0,3.0,3.7791111186552673
5.0,4.0,5.0,3.0,5.0,4.0,4.181121789179039
5.0,4.0,5.0,3.0,5.0,5.0,4.445415731736314
5.0,4.0,5.0,4.0,2.0,2.0,3.3436519656517265
5.0,4.0,5.0,4.0,2.0,3.0,3.6531481738173217
5.0,4.0,5.0,4.0,2.0,4.0,3.9998090353723628
5.0,4.0,5.0,4.0,3.0,2.0,3.5447153951932253
5.0,4.0,5.0,4.0,3.0,3.0,3.853934229697773
5.0,4.0,5.0,4.0,3.0,4.0,4.240511008972132
5.0,4.0,5.0,4.0,3.0,5.0,4.240441859876819
5.0,4.0,5.0,4.0,4.0,2.0,3.7988226363620834
5.0,4.0,5.0,4.0,4.0,3.0,4.02809305757518
5.0,4.0,5.0,4.0,4.0,4.0,4.358788814213913
5.0,4.0,5.0,4.0,4.0,5.0,4.710429335037072
5.0,4.0,5.0,4.0,5.0,3.0,4.109361503977199
5.0,4.0,5.0,4.0,5.0,4.0,4.458317102815158
5.0,4.0,5.0,4.0,5.0,5.0,4.723301819104978
5.0,4.0,5.0,5.0,2.0,3.0,3.687883189009751
5.0,4.0,5.0,5.0,2.0,4.0,4.020312175368165
5.0,4.0,5.0,5.0,2.0,5.0,4.146666524342423
5.0,4.0,5.0,5.0,3.0,2.0,3.641397208869556
5.0,4.0,5.0,5.0,3.0,3.0,4.006824122841878
5.0,4.0,5.0,5.0,3.0,4.0,4.240726816356972
5.0,4.0,5.0,5.0,3.0,5.0,4.533798888758101
5.0,4.0,5.0,5.0,4.0,3.0,4.177145653752211
5.0,4.0,5.0,5.0,4.0,4.0,4.562044011555917
5.0,4.0,5.0,5.0,4.0,5.0,4.807510572773963
5.0,4.0,5.0,5.0,5.0,2.0,4.032251202377974
5.0,4.0,5.0,5.0,5.0,3.0,4.2124633593019825
5.0,4.0,5.0,5.0,5.0,4.0,4.63201887564342
5.0,4.0,5.0,5.0,5.0,5.0,4.892014157808232
5.0,5.0,1.0,1.0,1.0,1.0,1.416684493093252
5.0,5.0,1.0,1.0,1.0,2.0,1.9395466908709527
5.0,5.0,1.0,1.0,2.0,1.0,1.7585106498561816
5.0,5.0,1.0,1.0,2.0,2.0,1.9395468294765725
5.0,5.0,1.0,1.0,3.0,1.0,1.7585105992318846
5.0,5.0,1.0,1.0,4.0,3.0,2.428131305024557
5.0,5.0,1.0,2.0,1.0,1.0,1.8552723298166798
5.0,5.0,1.0,3.0,1.0,1.0,1.8552723304880454
5.0,5.0,1.0,3.0,1.0,2.0,2.237329711757757
5.0,5.0,1.0,3.0,3.0,1.0,2.3417288926972493
5.0,5.0,1.0,3.0,3.0,2.0,2.7886790623302202
5.0,5.0,1.0,3.0,4.0,1.0,2.341729551073859
5.0,5.0,1.0,3.0,5.0,4.0,3.160234127884849
5.0,5.0,1.0,4.0,1.0,1.0,1.9514702457460695
5.0,5.0,1.0,4.0,2.0,2.0,2.465654302396971
5.0,5.0,1.0,4.0,5.0,3.0,2.8798339851886268
5.0,5.0,1.0,4.0,5.0,5.0,3.824069534699404
5.0,5.0,1.0,5.0,1.0,1.0,2.1182998745846264
5.0,5.0,1.0,5.0,1.0,2.0,2.394784638798258
5.0,5.0,1.0,5.0,1.0,3.0,2.5009086823430153
5.0,5.0,1.0,5.0,1.0,4.0,2.500908737972376
5.0,5.0,1.0,5.0,2.0,1.0,2.3424199071149534
5.0,5.0,1.0,5.0,4.0,3.0,3.146445203755162
5.0,5.0,1.0,5.0,4.0,5.0,3.571841205791884
5.0,5.0,1.0,5.0,5.0,1.0,2.5643388027650413
5.0,5.0,1.0,5.0,5.0,4.0,3.7501590604701787
5.0,5.0,1.0,5.0,5.0,5.0,3.8240695916105585
5.0,5.0,2.0,1.0,1.0,1.0,1.785715203101644
5.0,5.0,2.0,1.0,1.0,5.0,3.460779263632559
5.0,5.0,2.0,1.0,2.0,1.0,1.919548109613464
5.0,5.0,2.0,1.0,2.0,2.0,2.30298606884078
5.0,5.0,2.0,1.0,2.0,3.0,2.3565794944552385
5.0,5.0,2.0,1.0,3.0,1.0,2.0262601643161955
5.0,5.0,2.0,1.0,3.0,3.0,2.356579208945639
5.0,5.0,2.0,1.0,4.0,1.0,2.3242082753274445
5.0,5.0,2.0,2.0,1.0,1.0,2.1814028730995125
5.0,5.0,2.0,2.0,2.0,1.0,2.255375965810096
5.0,5.0,2.0,2.0,2.0,2.0,2.559438131362036
5.0,5.0,2.0,2.0,2.0,3.0,2.9114548852659077
5.0,5.0,2.0,2.0,3.0,2.0,2.698742993271198
5.0,5.0,2.0,2.0,3.0,3.0,3.060480444634742
5.0,5.0,2.0,2.0,5.0,2.0,2.9955469314313374
5.0,5.0,2.0,2.0,5.0,3.0,3.0604803343773854
5.0,5.0,2.0,2.0,5.0,5.0,3.7894528878128586
5.0,5.0,2.0,3.0,1.0,1.0,2.2601304305377266
5.0,5.0,2.0,3.0,2.0,2.0,2.701374405129837
5.0,5.0,2.0,3.0,3.0,1.0,2.811479812235759
5.0,5.0,2.0,3.0,3.0,2.0,2.9434239785226204
5.0,5.0,2.0,3.0,4.0,2.0,2.943423730722481
5.0,5.0,2.0,3.0,4.0,3.0,3.26908243005899
5.0,5.0,2.0,3.0,4.0,4.0,3.269082414403445
5.0,5.0,2.0,3.0,5.0,3.0,3.340658875829863
5.0,5.0,2.0,4.0,2.0,2.0,2.818415556724302
5.0,5.0,2.0,4.0,2.0,4.0,3.086076302594896
5.0,5.0,2.0,4.0,3.0,3.0,3.1733892158558485
5.0,5.0,2.0,4.0,3.0,4.0,3.4677213044607704
5.0,5.0,2.0,4.0,3.0,5.0,3.7476097610640755
5.0,5.0,2.0,4.0,4.0,2.0,2.995546471214512
5.0,5.0,2.0,4.0,4.0,3.0,3.269082377080226
5.0,5.0,2.0,4.0,4.0,4.0,3.634449274205678
5.0,5.0,2.0,4.0,5.0,2.0,2.995546528375283
5.0,5.0,2.0,4.0,5.0,3.0,3.6452847305758085
5.0,5.0,2.0,4.0,5.0,4.0,3.645284773439274
5.0,5.0,2.0,4.0,5.0,5.0,3.9469078535091424
5.0,5.0,2.0,5.0,1.0,2.0,2.543923244068101
5.0,5.0,2.0,5.0,1.0,3.0,3.0407705412638424
5.0,5.0,2.0,5.0,1.0,5.0,3.4607788491623053
5.0,5.0,2.0,5.0,2.0,2.0,2.818415533764848
5.0,5.0,2.0,5.0,2.0,3.0,3.2765192973723827
5.0,5.0,2.0,5.0,2.0,4.0,3.2765193099619467
5.0,5.0,2.0,5.0,3.0,2.0,3.0527298676156005
5.0,5.0,2.0,5.0,3.0,3.0,3.445355858839975
5.0,5.0,2.0,5.0,3.0,4.0,3.467720472583728
5.0,5.0,2.0,5.0,3.0,5.0,3.7476097702214783
5.0,5.0,2.0,5.0,4.0,3.0,3.6726199031819466
5.0,5.0,2.0,5.0,4.0,4.0,3.727968519401792
5.0,5.0,2.0,5.0,4.0,5.0,4.184916609106958
5.0,5.0,2.0,5.0,5.0,1.0,2.823294582403031
5.0,5.0,2.0,5.0,5.0,2.0,3.352725094103362
5.0,5.0,2.0,5.0,5.0,3.0,3.672619217586184
5.0,5.0,2.0,5.0,5.0,4.0,3.9614700768429416
5.0,5.0,2.0,5.0,5.0,5.0,4.407888423121643
5.0,5.0,3.0,1.0,1.0,1.0,2.3242077662049705
5.0,5.0,3.0,1.0,1.0,2.0,2.616839977531482
5.0,5.0,3.0,1.0,2.0,2.0,2.6168399884784534
5.0,5.0,3.0,1.0,3.0,1.0,2.3242075875010073
5.0,5.0,3.0,1.0,3.0,2.0,3.0025865116884916
5.0,5.0,3.0,1.0,3.0,3.0,3.176128973862482
5.0,5.0,3.0,1.0,4.0,1.0,2.324207426869829
5.0,5.0,3.0,1.0,4.0,4.0,3.1761289191168625
5.0,5.0,3.0,1.0,5.0,1.0,2.488531946361955
5.0,5.0,3.0,1.0,5.0,2.0,3.077447052057047
5.0,5.0,3.0,1.0,5.0,4.0,3.6628102436001755
5.0,5.0,3.0,2.0,1.0,2.0,2.704018909046035
5.0,5.0,3.0,2.0,2.0,2.0,2.7040188807852417
5.0,5.0,3.0,2.0,3.0,1.0,2.478616063045121
5.0,5.0,3.0,2.0,3.0,2.0,3.0025862790644635
5.0,5.0,3.0,2.0,3.0,3.0,3.1761290873864834
5.0,5.0,3.0,2.0,4.0,2.0,3.0822015665083793
5.0,5.0,3.0,2.0,4.0,3.0,3.4360419135025237
5.0,5.0,3.0,2.0,4.0,4.0,3.6628103259056215
5.0,5.0,3.0,2.0,4.0,5.0,3.8646184311260727
5.0,5.0,3.0,2.0,5.0,1.0,2.4885318449291804
5.0,5.0,3.0,2.0,5.0,3.0,3.4999337876111283
5.0,5.0,3.0,2.0,5.0,4.0,3.662810339308519
5.0,5.0,3.0,2.0,5.0,5.0,3.9660125440334473
5.0,5.0,3.0,3.0,1.0,1.0,2.505420913636985
5.0,5.0,3.0,3.0,1.0,2.0,2.7040188816239987
5.0,5.0,3.0,3.0,1.0,3.0,3.0942527427008457
5.0,5.0,3.0,3.0,2.0,2.0,2.9025690296479305
5.0,5.0,3.0,3.0,2.0,3.0,3.098751875851188
5.0,5.0,3.0,3.0,2.0,5.0,3.460778608281524
5.0,5.0,3.0,3.0,3.0,1.0,2.886645700916122
5.0,5.0,3.0,3.0,3.0,2.0,3.2560168452057763
5.0,5.0,3.0,3.0,3.0,3.0,3.2800955695536835
5.0,5.0,3.0,3.0,3.0,4.0,3.7950370854165945
5.0,5.0,3.0,3.0,4.0,2.0,3.3527256706529416
5.0,5.0,3.0,3.0,4.0,3.0,3.4596785688732496
5.0,5.0,3.0,3.0,4.0,4.0,3.7950370198531957
5.0,5.0,3.0,3.0,4.0,5.0,4.14718990225354
5.0,5.0,3.0,3.0,5.0,1.0,2.8866455428884352
5.0,5.0,3.0,3.0,5.0,3.0,3.5398100815957405
5.0,5.0,3.0,3.0,5.0,4.0,3.965430659474533
5.0,5.0,3.0,3.0,5.0,5.0,4.147189867799111
5.0,5.0,3.0,4.0,1.0,1.0,2.5054207848593038
5.0,5.0,3.0,4.0,1.0,3.0,3.1250930242785544
5.0,5.0,3.0,4.0,1.0,4.0,3.1250929748892116
5.0,5.0,3.0,4.0,1.0,5.0,3.5757296601242166
5.0,5.0,3.0,4.0,2.0,1.0,2.5054206566468764
5.0,5.0,3.0,4.0,2.0,2.0,3.09171078151294
5.0,5.0,3.0,4.0,2.0,3.0,3.2680184266697094
5.0,5.0,3.0,4.0,2.0,4.0,3.5948072691178488
5.0,5.0,3.0,4.0,2.0,5.0,3.7593852453297534
5.0,5.0,3.0,4.0,3.0,2.0,3.2560167474209947
5.0,5.0,3.0,4.0,3.0,3.0,3.465080552534285
5.0,5.0,3.0,4.0,3.0,4.0,4.0511227294235335
5.0,5.0,3.0,4.0,3.0,5.0,4.286623961721323
5.0,5.0,3.0,4.0,4.0,2.0,3.3527257028784296
5.0,5.0,3.0,4.0,4.0,3.0,3.591455856055106
5.0,5.0,3.0,4.0,4.0,4.0,4.139951017631643
5.0,5.0,3.0,4.0,4.0,5.0,4.4516017333562
5.0,5.0,3.0,4.0,5.0,2.0,3.3527255257117035
5.0,5.0,3.0,4.0,5.0,3.0,3.8457081447899735
5.0,5.0,3.0,4.0,5.0,4.0,4.166886547435357
5.0,5.0,3.0,4.0,5.0,5.0,4.4576829048048365
5.0,5.0,3.0,5.0,1.0,2.0,2.704018858545766
5.0,5.0,3.0,5.0,1.0,4.0,3.1250929156937475
5.0,5.0,3.0,5.0,1.0,5.0,3.575729635555292
5.0,5.0,3.0,5.0,2.0,2.0,3.122551466978391
5.0,5.0,3.0,5.0,2.0,3.0,3.5863269402589766
5.0,5.0,3.0,5.0,2.0,4.0,3.62855580961139
5.0,5.0,3.0,5.0,2.0,5.0,3.759385012030309
5.0,5.0,3.0,5.0,3.0,2.0,3.2560166606837053
5.0,5.0,3.0,5.0,3.0,3.0,3.6388931615256457
5.0,5.0,3.0,5.0,3.0,4.0,4.176910170832081
5.0,5.0,3.0,5.0,3.0,5.0,4.286623838136088
5.0,5.0,3.0,5.0,4.0,2.0,3.3527256991449472
5.0,5.0,3.0,5.0,4.0,3.0,3.672621084263252
5.0,5.0,3.0,5.0,4.0,4.0,4.266300567303287
5.0,5.0,3.0,5.0,4.0,5.0,4.520590668667192
5.0,5.0,3.0,5.0,5.0,1.0,3.0122380407413676
5.0,5.0,3.0,5.0,5.0,2.0,3.3527255560812548
5.0,5.0,3.0,5.0,5.0,3.0,3.9312997949746644
5.0,5.0,3.0,5.0,5.0,4.0,4.363309557854501
5.0,5.0,3.0,5.0,5.0,5.0,4.716625655292113
5.0,5.0,4.0,1.0,3.0,3.0,3.188226569016118
5.0,5.0,4.0,1.0,4.0,2.0,3.002586514062945
5.0,5.0,4.0,1.0,4.0,3.0,3.188226585217816
5.0,5.0,4.0,1.0,4.0,4.0,3.4052881061892446
5.0,5.0,4.0,1.0,5.0,5.0,4.269522438943368
5.0,5.0,4.0,2.0,1.0,2.0,3.0025861792252373
5.0,5.0,4.0,2.0,1.0,3.0,3.1357588492304376
5.0,5.0,4.0,2.0,1.0,4.0,3.262096696241125
5.0,5.0,4.0,2.0,2.0,3.0,3.613296933260049
5.0,5.0,4.0,2.0,2.0,4.0,3.6132970859873668
5.0,5.0,4.0,2.0,3.0,2.0,3.0025861519771953
5.0,5.0,4.0,2.0,3.0,3.0,3.6132967744685858
5.0,5.0,4.0,2.0,3.0,4.0,3.61329707498781
5.0,5.0,4.0,2.0,4.0,3.0,3.613296552775376
5.0,5.0,4.0,2.0,4.0,4.0,3.83200202006053
5.0,5.0,4.0,2.0,5.0,3.0,3.814782981836266
5.0,5.0,4.0,2.0,5.0,4.0,3.8320019554731664
5.0,5.0,4.0,2.0,5.0,5.0,4.326822543234974
5.0,5.0,4.0,3.0,1.0,3.0,3.2144865511732608
5.0,5.0,4.0,3.0,2.0,3.0,3.613296894946351
5.0,5.0,4.0,3.0,2.0,4.0,3.7593871262293557
5.0,5.0,4.0,3.0,3.0,2.0,3.3543834948064664
5.0,5.0,4.0,3.0,3.0,3.0,3.649883838133518
5.0,5.0,4.0,3.0,3.0,4.0,3.893842968541837
5.0,5.0,4.0,3.0,4.0,2.0,3.3543833634000984
5.0,5.0,4.0,3.0,4.0,3.0,3.6498841643006337
5.0,5.0,4.0,3.0,4.0,4.0,4.0473352740125295
5.0,5.0,4.0,3.0,4.0,5.0,4.27445533838142
5.0,5.0,4.0,3.0,5.0,2.0,3.3543832392736186
5.0,5.0,4.0,3.0,5.0,3.0,3.814782995969341
5.0,5.0,4.0,3.0,5.0,4.0,4.089418674381311
5.0,5.0,4.0,3.0,5.0,5.0,4.32682254293528
5.0,5.0,4.0,4.0,1.0,3.0,3.4296099075289415
5.0,5.0,4.0,4.0,1.0,4.0,3.7593872630697787
5.0,5.0,4.0,4.0,2.0,1.0,2.9442567179782326
5.0,5.0,4.0,4.0,2.0,2.0,3.2896933470172325
5.0,5.0,4.0,4.0,2.0,3.0,3.6235130199195567
5.0,5.0,4.0,4.0,2.0,4.0,3.759386995442404
5.0,5.0,4.0,4.0,2.0,5.0,4.055396030908423
5.0,5.0,4.0,4.0,3.0,2.0,3.354383518449988
5.0,5.0,4.0,4.0,3.0,3.0,3.919504379920009
5.0,5.0,4.0,4.0,3.0,4.0,4.211534367069127
5.0,5.0,4.0,4.0,3.0,5.0,4.290566252634219
5.0,5.0,4.0,4.0,4.0,2.0,3.6325209817837707
5.0,5.0,4.0,4.0,4.0,3.0,3.951145806853088
5.0,5.0,4.0,4.0,4.0,4.0,4.34072113737267
5.0,5.0,4.0,4.0,4.0,5.0,4.6788892245845535
5.0,5.0,4.0,4.0,5.0,2.0,3.7988225897157233
5.0,5.0,4.0,4.0,5.0,3.0,4.043568146231494
5.0,5.0,4.0,4.0,5.0,4.0,4.400212259992518
5.0,5.0,4.0,4.0,5.0,5.0,4.678918873821031
5.0,5.0,4.0,5.0,1.0,3.0,3.5525744574851053
5.0,5.0,4.0,5.0,1.0,4.0,3.7593873538095512
5.0,5.0,4.0,5.0,1.0,5.0,3.8015686963562856
5.0,5.0,4.0,5.0,2.0,2.0,3.632521091744941
5.0,5.0,4.0,5.0,2.0,3.0,3.6487107915408696
5.0,5.0,4.0,5.0,2.0,4.0,4.020312055707067
5.0,5.0,4.0,5.0,2.0,5.0,4.09985330988661
5.0,5.0,4.0,5.0,3.0,1.0,3.0122390917776793
5.0,5.0,4.0,5.0,3.0,3.0,3.9705981033739595
5.0,5.0,4.0,5.0,3.0,4.0,4.2413541441059746
5.0,5.0,4.0,5.0,3.0,5.0,4.585080309767445
5.0,5.0,4.0,5.0,4.0,2.0,3.6325209640727545
5.0,5.0,4.0,5.0,4.0,3.0,4.067954434599049
5.0,5.0,4.0,5.0,4.0,4.0,4.5270269637725
5.0,5.0,4.0,5.0,4.0,5.0,4.778278801704435
5.0,5.0,4.0,5.0,5.0,1.0,3.408707441790948
5.0,5.0,4.0,5.0,5.0,2.0,3.944899128534728
5.0,5.0,4.0,5.0,5.0,3.0,4.115017131437818
5.0,5.0,4.0,5.0,5.0,4.0,4.594320732150849
5.0,5.0,4.0,5.0,5.0,5.0,4.863632622346762
5.0,5.0,5.0,1.0,5.0,5.0,4.269522398667718
5.0,5.0,5.0,2.0,2.0,2.0,3.223746020790608
5.0,5.0,5.0,2.0,2.0,3.0,3.613296760206505
5.0,5.0,5.0,2.0,3.0,1.0,2.880729011350662
5.0,5.0,5.0,2.0,3.0,4.0,3.9163250976273125
5.0,5.0,5.0,2.0,3.0,5.0,4.088922589316607
5.0,5.0,5.0,2.0,4.0,3.0,3.6132964715763793
5.0,5.0,5.0,2.0,5.0,3.0,3.916324937046769
5.0,5.0,5.0,2.0,5.0,4.0,3.9163250645980154
5.0,5.0,5.0,2.0,5.0,5.0,4.567869293570294
5.0,5.0,5.0,3.0,2.0,1.0,2.781519236787591
5.0,5.0,5.0,3.0,2.0,2.0,3.2237460337645047
5.0,5.0,5.0,3.0,2.0,3.0,3.6132968166510846
5.0,5.0,5.0,3.0,2.0,5.0,4.055395862340768
5.0,5.0,5.0,3.0,3.0,2.0,3.5447153321328755
5.0,5.0,5.0,3.0,3.0,3.0,3.714445306401913
5.0,5.0,5.0,3.0,3.0,4.0,4.213239596940709
5.0,5.0,5.0,3.0,3.0,5.0,4.430128313931172
5.0,5.0,5.0,3.0,4.0,3.0,3.8102901600899135
5.0,5.0,5.0,3.0,4.0,4.0,4.213239465156553
5.0,5.0,5.0,3.0,4.0,5.0,4.430128205700746
5.0,5.0,5.0,3.0,5.0,2.0,3.582424935596766
5.0,5.0,5.0,3.0,5.0,3.0,4.109361008404235
5.0,5.0,5.0,3.0,5.0,4.0,4.331888100720366
5.0,5.0,5.0,3.0,5.0,5.0,4.567869240876162
5.0,5.0,5.0,4.0,1.0,3.0,3.429609951428218
5.0,5.0,5.0,4.0,1.0,4.0,3.8754346907693984
5.0,5.0,5.0,4.0,1.0,5.0,3.875434547482331
5.0,5.0,5.0,4.0,2.0,3.0,3.754577327876492
5.0,5.0,5.0,4.0,2.0,4.0,4.020312216815723
5.0,5.0,5.0,4.0,2.0,5.0,4.055395867439749
5.0,5.0,5.0,4.0,3.0,2.0,3.5447153401903044
5.0,5.0,5.0,4.0,3.0,3.0,3.999614303026001
5.0,5.0,5.0,4.0,3.0,4.0,4.2485416533090605
5.0,5.0,5.0,4.0,3.0,5.0,4.573444879388751
5.0,5.0,5.0,4.0,4.0,3.0,4.0498577379383605
5.0,5.0,5.0,4.0,4.0,4.0,4.411331668580205
5.0,5.0,5.0,4.0,4.0,5.0,4.7104498673272674
5.0,5.0,5.0,4.0,5.0,2.0,3.7988225673464573
5.0,5.0,5.0,4.0,5.0,3.0,4.109361205041429
5.0,5.0,5.0,4.0,5.0,4.0,4.5266637577482784
5.0,5.0,5.0,4.0,5.0,5.0,4.759427844538715
5.0,5.0,5.0,5.0,1.0,1.0,3.4087079020955295
5.0,5.0,5.0,5.0,1.0,3.0,3.875434612528141
5.0,5.0,5.0,5.0,1.0,4.0,3.8754345804341757
5.0,5.0,5.0,5.0,1.0,5.0,3.8754343583854225
5.0,5.0,5.0,5.0,2.0,2.0,3.6413972201950826
5.0,5.0,5.0,5.0,2.0,3.0,4.020312177466601
5.0,5.0,5.0,5.0,2.0,4.0,4.020312130295406
5.0,5.0,5.0,5.0,2.0,5.0,4.460415765680181
5.0,5.0,5.0,5.0,3.0,3.0,4.041531846837045
5.0,5.0,5.0,5.0,3.0,4.0,4.391948661277638
5.0,5.0,5.0,5.0,3.0,5.0,4.7597616164172925
5.0,5.0,5.0,5.0,4.0,2.0,4.032251111967491
5.0,5.0,5.0,5.0,4.0,3.0,4.3313163764889975
5.0,5.0,5.0,5.0,4.0,4.0,4.651234589417897
5.0,5.0,5.0,5.0,4.0,5.0,4.8679078276681755
5.0,5.0,5.0,5.0,5.0,1.0,3.408707646782308
5.0,5.0,5.0,5.0,5.0,2.0,4.032251171235341
5.0,5.0,5.0,5.0,5.0,3.0,4.346767954270931
5.0,5.0,5.0,5.0,5.0,4.0,4.685094627112519
5.0,5.0,5.0,5.0,5.0,5.0,4.954319805440886
