0,1,2,3,4,5,function_value
1.0,1.0,1.0,1.0,1.0,1.0,1.1538434730197942
1.0,1.0,1.0,1.0,1.0,2.0,1.1535189004702044
1.0,1.0,1.0,1.0,1.0,3.0,1.1534805021399075
1.0,1.0,1.0,1.0,1.0,5.0,1.5585197656952985
1.0,1.0,1.0,1.0,2.0,1.0,1.1534685798907294
1.0,1.0,1.0,1.0,2.0,2.0,1.1534449321233033
1.0,1.0,1.0,1.0,2.0,3.0,1.1534624247528795
1.0,1.0,1.0,1.0,3.0,1.0,1.1533425723516948
1.0,1.0,1.0,1.0,3.0,3.0,1.1534580046066718
1.0,1.0,1.0,1.0,4.0,1.0,1.1532962239735267
1.0,1.0,1.0,1.0,5.0,1.0,1.1532876637298948
1.0,1.0,1.0,1.0,5.0,5.0,1.7119759801127497
1.0,1.0,1.0,2.0,1.0,1.0,1.1534701034240153
1.0,1.0,1.0,2.0,1.0,2.0,1.1534309179114701
1.0,1.0,1.0,2.0,1.0,3.0,1.1534751692024654
1.0,1.0,1.0,2.0,1.0,5.0,1.5585195328311867
1.0,1.0,1.0,2.0,2.0,1.0,1.1533911658844311
1.0,1.0,1.0,2.0,2.0,2.0,1.153403859182964
1.0,1.0,1.0,2.0,2.0,3.0,1.1534695574320704
1.0,1.0,1.0,2.0,3.0,1.0,1.1533408951988455
1.0,1.0,1.0,2.0,3.0,2.0,1.1826779212768814
1.0,1.0,1.0,2.0,3.0,3.0,1.190622704755919
1.0,1.0,1.0,3.0,1.0,1.0,1.1533530349400067
1.0,1.0,1.0,3.0,1.0,2.0,1.1533938418474654
1.0,1.0,1.0,3.0,1.0,3.0,1.1924757457004342
1.0,1.0,1.0,3.0,2.0,1.0,1.1533442540521126
1.0,1.0,1.0,3.0,2.0,2.0,1.1533958546942364
1.0,1.0,1.0,3.0,2.0,3.0,1.2822640163242365
1.0,1.0,1.0,3.0,3.0,1.0,1.1533268635508256
1.0,1.0,1.0,3.0,3.0,2.0,1.2783040790877733
1.0,1.0,1.0,3.0,3.0,3.0,1.2822640327087385
1.0,1.0,1.0,3.0,4.0,1.0,1.2337172744127016
1.0,1.0,1.0,3.0,4.0,2.0,1.2783040562077344
1.0,1.0,1.0,3.0,4.0,3.0,1.3981257451058926
1.0,1.0,1.0,3.0,4.0,4.0,1.5596644463758564
1.0,1.0,1.0,3.0,5.0,3.0,1.4873489574487753
1.0,1.0,1.0,4.0,1.0,1.0,1.153307891941684
1.0,1.0,1.0,4.0,1.0,2.0,1.1533879797177509
1.0,1.0,1.0,4.0,2.0,2.0,1.1743672663356504
1.0,1.0,1.0,4.0,3.0,2.0,1.2783041414373333
1.0,1.0,1.0,4.0,4.0,1.0,1.2337173819960126
1.0,1.0,1.0,4.0,4.0,2.0,1.4809714955361648
1.0,1.0,1.0,4.0,4.0,3.0,1.5567124757283786
1.0,1.0,1.0,4.0,4.0,4.0,1.7517825027321667
1.0,1.0,1.0,4.0,5.0,5.0,2.0158940256053555
1.0,1.0,1.0,5.0,1.0,1.0,1.1532908090092164
1.0,1.0,1.0,5.0,1.0,2.0,1.180062097022089
1.0,1.0,1.0,5.0,1.0,5.0,1.7347536943775723
1.0,1.0,1.0,5.0,2.0,3.0,1.4670838030966045
1.0,1.0,1.0,5.0,5.0,5.0,2.015894104971977
1.0,1.0,2.0,1.0,1.0,1.0,1.154356292588825
1.0,1.0,2.0,1.0,1.0,2.0,1.2237160156678468
1.0,1.0,2.0,1.0,2.0,1.0,1.1544673013776094
1.0,1.0,2.0,1.0,3.0,1.0,1.1544794757581218
1.0,1.0,2.0,2.0,1.0,1.0,1.1544665529782434
1.0,1.0,2.0,2.0,1.0,2.0,1.223715993953814
1.0,1.0,2.0,2.0,2.0,2.0,1.2769636520275316
1.0,1.0,2.0,2.0,3.0,1.0,1.1544793173028778
1.0,1.0,2.0,2.0,3.0,2.0,1.3596725312652698
1.0,1.0,2.0,3.0,1.0,1.0,1.1544941769252284
1.0,1.0,2.0,3.0,1.0,3.0,1.4418262456789972
1.0,1.0,2.0,3.0,2.0,1.0,1.1544871437465047
1.0,1.0,2.0,3.0,2.0,2.0,1.3596728552653843
1.0,1.0,2.0,3.0,3.0,1.0,1.1974585847103971
1.0,1.0,2.0,3.0,3.0,2.0,1.5171427205686234
1.0,1.0,2.0,3.0,3.0,3.0,1.5973316021123058
1.0,1.0,2.0,3.0,4.0,3.0,1.669378452245111
1.0,1.0,2.0,3.0,4.0,4.0,1.989042237778583
1.0,1.0,2.0,4.0,1.0,4.0,1.6557204696322194
1.0,1.0,2.0,4.0,3.0,3.0,1.7733808734210554
1.0,1.0,2.0,4.0,3.0,4.0,1.9890423255001
1.0,1.0,2.0,4.0,4.0,3.0,1.9217984175637988
1.0,1.0,2.0,4.0,4.0,4.0,1.989042344795975
1.0,1.0,2.0,5.0,1.0,2.0,1.3937430364510524
1.0,1.0,2.0,5.0,1.0,5.0,2.0930380080781643
1.0,1.0,3.0,1.0,1.0,1.0,1.1544698533272941
1.0,1.0,3.0,1.0,1.0,2.0,1.2237156656181702
1.0,1.0,3.0,1.0,1.0,3.0,1.5349099911979471
1.0,1.0,3.0,1.0,2.0,3.0,1.565527617397096
1.0,1.0,3.0,1.0,3.0,1.0,1.19550320726039
1.0,1.0,3.0,2.0,1.0,1.0,1.154502088074582
1.0,1.0,3.0,2.0,1.0,2.0,1.4202242132230738
1.0,1.0,3.0,2.0,2.0,2.0,1.545188515710905
1.0,1.0,3.0,2.0,3.0,3.0,1.7651030263901974
1.0,1.0,3.0,2.0,5.0,5.0,2.2471621394610897
1.0,1.0,3.0,3.0,1.0,3.0,1.534910051263021
1.0,1.0,3.0,3.0,2.0,2.0,1.545188589686933
1.0,1.0,3.0,3.0,3.0,1.0,1.4111420754677693
1.0,1.0,3.0,3.0,3.0,3.0,1.7651031616158739
1.0,1.0,3.0,4.0,1.0,3.0,1.6845065131894352
1.0,1.0,3.0,4.0,3.0,3.0,1.8887564094540388
1.0,1.0,3.0,4.0,4.0,3.0,1.9908813033744048
1.0,1.0,3.0,4.0,4.0,4.0,2.27388390886471
1.0,1.0,3.0,5.0,3.0,5.0,2.36637048192213
1.0,1.0,4.0,1.0,2.0,3.0,1.6768568150408745
1.0,1.0,4.0,2.0,3.0,3.0,1.8868010403490607
1.0,1.0,4.0,4.0,1.0,2.0,1.8578927721071254
1.0,1.0,4.0,4.0,4.0,4.0,2.3402604665444975
1.0,1.0,4.0,5.0,5.0,3.0,2.559109917510628
1.0,1.0,5.0,1.0,1.0,1.0,1.418620417529445
1.0,1.0,5.0,1.0,2.0,1.0,1.5207454140034962
1.0,1.0,5.0,3.0,2.0,3.0,2.106179028936924
1.0,2.0,1.0,1.0,1.0,1.0,1.153402517112276
1.0,2.0,1.0,1.0,1.0,2.0,1.1533990431160748
1.0,2.0,1.0,1.0,1.0,3.0,1.1534677614615283
1.0,2.0,1.0,1.0,2.0,1.0,1.1533287530593732
1.0,2.0,1.0,1.0,2.0,2.0,1.153378338918805
1.0,2.0,1.0,1.0,2.0,3.0,1.1534629588916026
1.0,2.0,1.0,1.0,3.0,1.0,1.1532777373973027
1.0,2.0,1.0,1.0,3.0,2.0,1.1533654028331235
1.0,2.0,1.0,1.0,4.0,1.0,1.1532669559733115
1.0,2.0,1.0,2.0,1.0,1.0,1.1533439797710783
1.0,2.0,1.0,2.0,1.0,2.0,1.1533761175348145
1.0,2.0,1.0,2.0,2.0,1.0,1.153327059395289
1.0,2.0,1.0,2.0,2.0,2.0,1.153368621050365
1.0,2.0,1.0,2.0,3.0,1.0,1.153311401278516
1.0,2.0,1.0,2.0,3.0,2.0,1.1826780421633254
1.0,2.0,1.0,2.0,3.0,3.0,1.2672191968602422
1.0,2.0,1.0,3.0,1.0,1.0,1.1533061269709872
1.0,2.0,1.0,3.0,1.0,2.0,1.1533718720336896
1.0,2.0,1.0,3.0,1.0,3.0,1.192475950523293
1.0,2.0,1.0,3.0,2.0,1.0,1.1533150261059641
1.0,2.0,1.0,3.0,2.0,2.0,1.1718556153536028
1.0,2.0,1.0,3.0,2.0,3.0,1.2822641701960598
1.0,2.0,1.0,3.0,3.0,1.0,1.153305912313058
1.0,2.0,1.0,3.0,3.0,2.0,1.2783041951637546
1.0,2.0,1.0,3.0,3.0,3.0,1.2822641292645987
1.0,2.0,1.0,3.0,4.0,2.0,1.4154346697288485
1.0,2.0,1.0,3.0,4.0,3.0,1.5567124761555333
1.0,2.0,1.0,4.0,1.0,1.0,1.1532882081955733
1.0,2.0,1.0,4.0,1.0,3.0,1.3172483406187545
1.0,2.0,1.0,4.0,2.0,2.0,1.3578384754014174
1.0,2.0,1.0,4.0,3.0,1.0,1.153299153159347
1.0,2.0,1.0,4.0,3.0,2.0,1.3578385604165895
1.0,2.0,1.0,4.0,3.0,3.0,1.4556155665017596
1.0,2.0,1.0,4.0,4.0,2.0,1.4809716336685972
1.0,2.0,1.0,4.0,4.0,3.0,1.5567125357416256
1.0,2.0,1.0,4.0,4.0,4.0,1.7517827154117078
1.0,2.0,1.0,5.0,1.0,4.0,1.6099648240214408
1.0,2.0,1.0,5.0,3.0,3.0,1.598860290186458
1.0,2.0,1.0,5.0,3.0,5.0,1.8728911293633848
1.0,2.0,1.0,5.0,5.0,2.0,1.6486700377585684
1.0,2.0,2.0,1.0,1.0,1.0,1.1545129397469458
1.0,2.0,2.0,1.0,2.0,1.0,1.1545327449912919
1.0,2.0,2.0,1.0,2.0,2.0,1.2237164748211162
1.0,2.0,2.0,1.0,2.0,3.0,1.3095983926637922
1.0,2.0,2.0,1.0,3.0,1.0,1.1761666757770697
1.0,2.0,2.0,1.0,3.0,2.0,1.2268259907862016
1.0,2.0,2.0,1.0,3.0,3.0,1.4306850777442326
1.0,2.0,2.0,2.0,1.0,1.0,1.1545211100130002
1.0,2.0,2.0,2.0,2.0,1.0,1.1761667692264088
1.0,2.0,2.0,2.0,2.0,2.0,1.359672990459313
1.0,2.0,2.0,2.0,2.0,3.0,1.5620184070663605
1.0,2.0,2.0,2.0,2.0,4.0,1.6023150953909018
1.0,2.0,2.0,2.0,3.0,1.0,1.176166785506866
1.0,2.0,2.0,2.0,3.0,2.0,1.3596727870242686
1.0,2.0,2.0,2.0,3.0,3.0,1.5864726378246234
1.0,2.0,2.0,2.0,4.0,3.0,1.8212540288630292
1.0,2.0,2.0,3.0,1.0,1.0,1.1545160330018807
1.0,2.0,2.0,3.0,1.0,2.0,1.3344534540022923
1.0,2.0,2.0,3.0,1.0,3.0,1.441826369772542
1.0,2.0,2.0,3.0,2.0,1.0,1.2404148684637204
1.0,2.0,2.0,3.0,2.0,2.0,1.359673008242466
1.0,2.0,2.0,3.0,2.0,3.0,1.585215360173705
1.0,2.0,2.0,3.0,3.0,1.0,1.257567528605367
1.0,2.0,2.0,3.0,3.0,2.0,1.5171429051081362
1.0,2.0,2.0,3.0,3.0,3.0,1.624106756059888
1.0,2.0,2.0,3.0,4.0,3.0,1.8740875687863652
1.0,2.0,2.0,3.0,4.0,4.0,1.9998272713814522
1.0,2.0,2.0,4.0,1.0,1.0,1.1611372546815208
1.0,2.0,2.0,4.0,1.0,3.0,1.6755320761576853
1.0,2.0,2.0,4.0,3.0,3.0,1.913911751193436
1.0,2.0,2.0,4.0,4.0,1.0,1.467511444403835
1.0,2.0,2.0,4.0,4.0,3.0,1.9556816070276761
1.0,2.0,2.0,4.0,4.0,4.0,1.9998274667405103
1.0,2.0,2.0,4.0,5.0,5.0,2.3092260180837685
1.0,2.0,2.0,5.0,3.0,4.0,2.1214702947523447
1.0,2.0,2.0,5.0,5.0,4.0,2.3767486107909086
1.0,2.0,3.0,1.0,1.0,1.0,1.1545345131407474
1.0,2.0,3.0,1.0,2.0,1.0,1.15454691598007
1.0,2.0,3.0,1.0,2.0,3.0,1.5655277685570557
1.0,2.0,3.0,1.0,3.0,1.0,1.2496629285309453
1.0,2.0,3.0,2.0,1.0,1.0,1.1545235300953307
1.0,2.0,3.0,2.0,1.0,2.0,1.420224536176048
1.0,2.0,3.0,2.0,1.0,3.0,1.5349100196778052
1.0,2.0,3.0,2.0,2.0,1.0,1.3441923260048423
1.0,2.0,3.0,2.0,2.0,2.0,1.5695665859411314
1.0,2.0,3.0,2.0,3.0,2.0,1.5695666599434206
1.0,2.0,3.0,2.0,3.0,3.0,1.7651033871728814
1.0,2.0,3.0,3.0,1.0,1.0,1.3441926188637425
1.0,2.0,3.0,3.0,1.0,2.0,1.4601931651685554
1.0,2.0,3.0,3.0,1.0,3.0,1.6367956991770782
1.0,2.0,3.0,3.0,2.0,1.0,1.3691258970318552
1.0,2.0,3.0,3.0,2.0,2.0,1.6224448123864472
1.0,2.0,3.0,3.0,2.0,3.0,1.76510367328816
1.0,2.0,3.0,3.0,2.0,4.0,1.9238179858382525
1.0,2.0,3.0,3.0,3.0,1.0,1.4712509997850143
1.0,2.0,3.0,3.0,3.0,2.0,1.699588133686576
1.0,2.0,3.0,3.0,3.0,3.0,1.7651035728285802
1.0,2.0,3.0,3.0,4.0,3.0,1.950349974330451
1.0,2.0,3.0,3.0,4.0,4.0,2.2297854944752236
1.0,2.0,3.0,4.0,2.0,4.0,2.273883923445911
1.0,2.0,3.0,4.0,3.0,2.0,1.9201191145815593
1.0,2.0,3.0,4.0,3.0,3.0,2.0264029143954714
1.0,2.0,3.0,4.0,3.0,4.0,2.2738840939221703
1.0,2.0,3.0,4.0,4.0,2.0,1.9684470136966334
1.0,2.0,3.0,4.0,4.0,3.0,2.0509898134679703
1.0,2.0,3.0,4.0,4.0,4.0,2.2738840640148226
1.0,2.0,3.0,4.0,5.0,4.0,2.626889001565156
1.0,2.0,3.0,5.0,3.0,4.0,2.2738843206686785
1.0,2.0,3.0,5.0,4.0,3.0,2.1588094003205387
1.0,2.0,4.0,2.0,1.0,3.0,1.8872603509976311
1.0,2.0,4.0,3.0,1.0,4.0,2.1799771241199033
1.0,2.0,4.0,3.0,3.0,2.0,2.0144321902452775
1.0,2.0,4.0,3.0,3.0,3.0,2.053696274322791
1.0,2.0,4.0,4.0,3.0,4.0,2.487586509570345
1.0,2.0,4.0,4.0,4.0,4.0,2.4875868111782804
1.0,2.0,4.0,5.0,4.0,2.0,2.621397415473588
1.0,2.0,4.0,5.0,5.0,4.0,2.659514894604192
1.0,2.0,5.0,3.0,3.0,3.0,2.2345035351992957
1.0,2.0,5.0,4.0,4.0,3.0,2.6830657965240445
1.0,3.0,1.0,1.0,1.0,1.0,1.153124778505515
1.0,3.0,1.0,1.0,1.0,2.0,1.1533275830356422
1.0,3.0,1.0,1.0,1.0,3.0,1.153461785583386
1.0,3.0,1.0,1.0,2.0,1.0,1.15318259292654
1.0,3.0,1.0,1.0,2.0,2.0,1.1533246339892127
1.0,3.0,1.0,1.0,2.0,3.0,1.1534612126669852
1.0,3.0,1.0,1.0,3.0,1.0,1.1531824876806076
1.0,3.0,1.0,1.0,3.0,2.0,1.170550590127326
1.0,3.0,1.0,1.0,3.0,3.0,1.198185055629119
1.0,3.0,1.0,1.0,4.0,1.0,1.1532375073937395
1.0,3.0,1.0,1.0,4.0,3.0,1.3602734298932195
1.0,3.0,1.0,1.0,4.0,4.0,1.5364399477187374
1.0,3.0,1.0,1.0,5.0,3.0,1.4623982946665377
1.0,3.0,1.0,1.0,5.0,4.0,1.791896116163319
1.0,3.0,1.0,2.0,1.0,1.0,1.15322468028669
1.0,3.0,1.0,2.0,1.0,2.0,1.1533237479351055
1.0,3.0,1.0,2.0,1.0,3.0,1.1534756116936715
1.0,3.0,1.0,2.0,2.0,1.0,1.1532816169540847
1.0,3.0,1.0,2.0,2.0,2.0,1.1533325354515984
1.0,3.0,1.0,2.0,2.0,3.0,1.2587701371337479
1.0,3.0,1.0,2.0,2.0,5.0,1.633637470109069
1.0,3.0,1.0,2.0,3.0,1.0,1.1532790409301492
1.0,3.0,1.0,2.0,3.0,2.0,1.2822644234651757
1.0,3.0,1.0,2.0,3.0,3.0,1.2822643816043215
1.0,3.0,1.0,2.0,3.0,4.0,1.6076054029688198
1.0,3.0,1.0,2.0,4.0,3.0,1.4089570421414257
1.0,3.0,1.0,3.0,1.0,1.0,1.1532494537873381
1.0,3.0,1.0,3.0,1.0,2.0,1.1533580099675578
1.0,3.0,1.0,3.0,1.0,3.0,1.1924760799044143
1.0,3.0,1.0,3.0,1.0,4.0,1.454434664305011
1.0,3.0,1.0,3.0,2.0,1.0,1.1532908526497883
1.0,3.0,1.0,3.0,2.0,2.0,1.2365394173325563
1.0,3.0,1.0,3.0,2.0,3.0,1.2822643192894259
1.0,3.0,1.0,3.0,2.0,4.0,1.5565595544492745
1.0,3.0,1.0,3.0,3.0,1.0,1.1532856982475785
1.0,3.0,1.0,3.0,3.0,2.0,1.2822644238697138
1.0,3.0,1.0,3.0,3.0,3.0,1.2822641589989217
1.0,3.0,1.0,3.0,3.0,4.0,1.6230870487620954
1.0,3.0,1.0,3.0,4.0,2.0,1.5223460673360787
1.0,3.0,1.0,3.0,4.0,3.0,1.6006988017158956
1.0,3.0,1.0,3.0,4.0,4.0,1.7517830506124563
1.0,3.0,1.0,3.0,5.0,3.0,1.718711143282187
1.0,3.0,1.0,4.0,1.0,1.0,1.1532577923081344
1.0,3.0,1.0,4.0,1.0,2.0,1.1681455613000007
1.0,3.0,1.0,4.0,1.0,3.0,1.520470973528311
1.0,3.0,1.0,4.0,1.0,4.0,1.52047107207872
1.0,3.0,1.0,4.0,2.0,1.0,1.1532832908249269
1.0,3.0,1.0,4.0,2.0,2.0,1.4207942854227813
1.0,3.0,1.0,4.0,2.0,3.0,1.5238025980518282
1.0,3.0,1.0,4.0,3.0,2.0,1.5238028272109334
1.0,3.0,1.0,4.0,3.0,3.0,1.5238026502582547
1.0,3.0,1.0,4.0,3.0,4.0,1.7517830506585736
1.0,3.0,1.0,4.0,4.0,2.0,1.523803035556075
1.0,3.0,1.0,4.0,4.0,3.0,1.6006989877385456
1.0,3.0,1.0,4.0,4.0,4.0,1.7517828517814
1.0,3.0,1.0,4.0,5.0,3.0,1.8129093567297794
1.0,3.0,1.0,4.0,5.0,4.0,2.0731082238098466
1.0,3.0,1.0,5.0,1.0,1.0,1.1532822306696824
1.0,3.0,1.0,5.0,1.0,2.0,1.3002788223155048
1.0,3.0,1.0,5.0,1.0,3.0,1.5988607322724584
1.0,3.0,1.0,5.0,1.0,5.0,1.9995714129387194
1.0,3.0,1.0,5.0,2.0,2.0,1.420794399165373
1.0,3.0,1.0,5.0,3.0,3.0,1.598860480444934
1.0,3.0,1.0,5.0,4.0,3.0,1.817884414786182
1.0,3.0,1.0,5.0,4.0,5.0,2.1494158922649738
1.0,3.0,1.0,5.0,5.0,5.0,2.149415892966763
1.0,3.0,2.0,1.0,1.0,1.0,1.1545948483892257
1.0,3.0,2.0,1.0,1.0,2.0,1.3394618406943526
1.0,3.0,2.0,1.0,2.0,1.0,1.1545966549591649
1.0,3.0,2.0,1.0,2.0,2.0,1.3394618675267906
1.0,3.0,2.0,1.0,2.0,3.0,1.358702218536842
1.0,3.0,2.0,1.0,3.0,1.0,1.2025489166211125
1.0,3.0,2.0,1.0,3.0,2.0,1.3394619963705234
1.0,3.0,2.0,1.0,3.0,3.0,1.4306852375565993
1.0,3.0,2.0,1.0,4.0,3.0,1.630710643379635
1.0,3.0,2.0,1.0,4.0,5.0,1.9437512515127335
1.0,3.0,2.0,2.0,1.0,1.0,1.1545719003434127
1.0,3.0,2.0,2.0,1.0,2.0,1.3764910375463784
1.0,3.0,2.0,2.0,1.0,3.0,1.4543088285150017
1.0,3.0,2.0,2.0,2.0,1.0,1.2164735611414246
1.0,3.0,2.0,2.0,2.0,2.0,1.5302585544578384
1.0,3.0,2.0,2.0,3.0,1.0,1.2164735511270417
1.0,3.0,2.0,2.0,3.0,2.0,1.5864730223693333
1.0,3.0,2.0,2.0,3.0,3.0,1.586472860032192
1.0,3.0,2.0,2.0,3.0,4.0,1.830698680152477
1.0,3.0,2.0,2.0,4.0,2.0,1.5888467814272793
1.0,3.0,2.0,2.0,4.0,3.0,1.8212543064482534
1.0,3.0,2.0,3.0,1.0,1.0,1.1799598166629102
1.0,3.0,2.0,3.0,1.0,2.0,1.3920132661867808
1.0,3.0,2.0,3.0,1.0,3.0,1.5387230065111446
1.0,3.0,2.0,3.0,2.0,1.0,1.2404149998571858
1.0,3.0,2.0,3.0,2.0,2.0,1.558318673091235
1.0,3.0,2.0,3.0,2.0,3.0,1.5914947279808376
1.0,3.0,2.0,3.0,3.0,1.0,1.381888139812861
1.0,3.0,2.0,3.0,3.0,2.0,1.6192858231548137
1.0,3.0,2.0,3.0,3.0,3.0,1.6241067218139056
1.0,3.0,2.0,3.0,3.0,4.0,1.8306987882326629
1.0,3.0,2.0,3.0,4.0,2.0,1.7649031060060594
1.0,3.0,2.0,3.0,4.0,3.0,1.8954354163792526
1.0,3.0,2.0,4.0,1.0,1.0,1.3658459943269363
1.0,3.0,2.0,4.0,1.0,3.0,1.7987550621348931
1.0,3.0,2.0,4.0,1.0,4.0,1.7987550911606716
1.0,3.0,2.0,4.0,2.0,2.0,1.678167527887496
1.0,3.0,2.0,4.0,2.0,3.0,1.8868500247169178
1.0,3.0,2.0,4.0,3.0,2.0,1.6781676006418345
1.0,3.0,2.0,4.0,3.0,3.0,1.913912140049643
1.0,3.0,2.0,4.0,3.0,4.0,1.9998278010293915
1.0,3.0,2.0,4.0,4.0,1.0,1.5276207418023608
1.0,3.0,2.0,4.0,4.0,2.0,1.7649032248663454
1.0,3.0,2.0,4.0,4.0,3.0,1.9556817046418138
1.0,3.0,2.0,4.0,4.0,4.0,1.9998276613526116
1.0,3.0,2.0,4.0,5.0,4.0,2.402305214667097
1.0,3.0,2.0,5.0,3.0,3.0,1.913912363293131
1.0,3.0,2.0,5.0,3.0,4.0,2.121470403347704
1.0,3.0,2.0,5.0,4.0,3.0,2.1318511138081235
1.0,3.0,2.0,5.0,4.0,4.0,2.1318510543961406
1.0,3.0,2.0,5.0,4.0,5.0,2.51962959921306
1.0,3.0,2.0,5.0,5.0,3.0,2.2519598171773256
1.0,3.0,2.0,5.0,5.0,5.0,2.5432060642570393
1.0,3.0,3.0,1.0,1.0,1.0,1.154601828896177
1.0,3.0,3.0,1.0,1.0,2.0,1.3420484437286047
1.0,3.0,3.0,1.0,1.0,3.0,1.5349103183219108
1.0,3.0,3.0,1.0,2.0,1.0,1.1660776097574168
1.0,3.0,3.0,1.0,2.0,2.0,1.4037414240044812
1.0,3.0,3.0,1.0,2.0,3.0,1.5807813792932215
1.0,3.0,3.0,1.0,3.0,1.0,1.2496632397758702
1.0,3.0,3.0,1.0,3.0,2.0,1.4037415827678372
1.0,3.0,3.0,1.0,3.0,3.0,1.5807815120727309
1.0,3.0,3.0,1.0,4.0,1.0,1.3241123830280432
1.0,3.0,3.0,1.0,4.0,2.0,1.6027428880372359
1.0,3.0,3.0,1.0,4.0,4.0,2.2297853040509827
1.0,3.0,3.0,2.0,1.0,1.0,1.344192731830531
1.0,3.0,3.0,2.0,1.0,2.0,1.4202248020119048
1.0,3.0,3.0,2.0,1.0,3.0,1.682206704797383
1.0,3.0,3.0,2.0,2.0,1.0,1.3441925998135371
1.0,3.0,3.0,2.0,2.0,2.0,1.5864719750076344
1.0,3.0,3.0,2.0,2.0,3.0,1.7651038313695142
1.0,3.0,3.0,2.0,3.0,1.0,1.3700332644646418
1.0,3.0,3.0,2.0,3.0,2.0,1.586472406470228
1.0,3.0,3.0,2.0,3.0,3.0,1.7651037762348334
1.0,3.0,3.0,2.0,3.0,4.0,1.9809821052590049
1.0,3.0,3.0,2.0,4.0,3.0,1.9667341788967299
1.0,3.0,3.0,3.0,1.0,1.0,1.34419275044621
1.0,3.0,3.0,3.0,1.0,2.0,1.4601932844926364
1.0,3.0,3.0,3.0,1.0,3.0,1.68220687827871
1.0,3.0,3.0,3.0,2.0,2.0,1.6224450434376858
1.0,3.0,3.0,3.0,2.0,3.0,1.7651038997371007
1.0,3.0,3.0,3.0,3.0,2.0,1.7152652467679699
1.0,3.0,3.0,3.0,3.0,3.0,1.7651039700739657
1.0,3.0,3.0,3.0,3.0,5.0,2.270948760626466
1.0,3.0,3.0,3.0,4.0,2.0,1.9667342825562777
1.0,3.0,3.0,3.0,4.0,3.0,1.966734307164699
1.0,3.0,3.0,3.0,4.0,4.0,2.229785526161457
1.0,3.0,3.0,3.0,5.0,4.0,2.434901846797801
1.0,3.0,3.0,4.0,1.0,1.0,1.5063161567113568
1.0,3.0,3.0,4.0,1.0,2.0,1.6678548362186287
1.0,3.0,3.0,4.0,1.0,3.0,1.7987549451376077
1.0,3.0,3.0,4.0,1.0,4.0,1.9909322170659571
1.0,3.0,3.0,4.0,2.0,2.0,1.8665517724128164
1.0,3.0,3.0,4.0,2.0,3.0,1.9186166480225477
1.0,3.0,3.0,4.0,2.0,4.0,2.3166729731833744
1.0,3.0,3.0,4.0,3.0,1.0,1.6391784251713164
1.0,3.0,3.0,4.0,3.0,2.0,1.956566571297683
1.0,3.0,3.0,4.0,3.0,3.0,2.0264030090042957
1.0,3.0,3.0,4.0,3.0,4.0,2.3166731367058966
1.0,3.0,3.0,4.0,4.0,1.0,1.8859043742946342
1.0,3.0,3.0,4.0,4.0,2.0,1.9684471566476534
1.0,3.0,3.0,4.0,4.0,3.0,2.0594867225716014
1.0,3.0,3.0,4.0,4.0,4.0,2.3420712860112816
1.0,3.0,3.0,4.0,4.0,5.0,2.6254936908115005
1.0,3.0,3.0,4.0,5.0,4.0,2.626889260135676
1.0,3.0,3.0,5.0,1.0,1.0,1.8164439552780038
1.0,3.0,3.0,5.0,1.0,3.0,1.939003371071287
1.0,3.0,3.0,5.0,2.0,3.0,2.0886136960525152
1.0,3.0,3.0,5.0,2.0,4.0,2.344165891304308
1.0,3.0,3.0,5.0,3.0,1.0,1.9052933923097484
1.0,3.0,3.0,5.0,3.0,2.0,1.956566704953206
1.0,3.0,3.0,5.0,3.0,3.0,2.3802994279666447
1.0,3.0,3.0,5.0,3.0,5.0,2.754513772330369
1.0,3.0,3.0,5.0,4.0,3.0,2.4252230996339605
1.0,3.0,3.0,5.0,4.0,4.0,2.425223212015998
1.0,3.0,3.0,5.0,5.0,2.0,2.136145330380895
1.0,3.0,3.0,5.0,5.0,3.0,2.5620166185976494
1.0,3.0,3.0,5.0,5.0,4.0,2.7167721456204923
1.0,3.0,3.0,5.0,5.0,5.0,2.7545140588959094
1.0,3.0,4.0,1.0,1.0,1.0,1.291896287394948
1.0,3.0,4.0,1.0,1.0,3.0,1.6949488926200431
1.0,3.0,4.0,1.0,3.0,2.0,1.7143014170630795
1.0,3.0,4.0,2.0,1.0,1.0,1.4329736504979198
1.0,3.0,4.0,2.0,4.0,3.0,2.2537436640802695
1.0,3.0,4.0,3.0,1.0,2.0,1.8866777807413126
1.0,3.0,4.0,3.0,1.0,3.0,1.9218836634033742
1.0,3.0,4.0,3.0,2.0,3.0,2.0111067869160753
1.0,3.0,4.0,3.0,3.0,3.0,2.0536966069089617
1.0,3.0,4.0,3.0,4.0,4.0,2.401859806397153
1.0,3.0,4.0,4.0,2.0,3.0,2.120532069692099
1.0,3.0,4.0,4.0,3.0,2.0,2.0377596288982893
1.0,3.0,4.0,4.0,3.0,3.0,2.4875867888147454
1.0,3.0,4.0,4.0,3.0,4.0,2.487586853706882
1.0,3.0,4.0,4.0,4.0,3.0,2.487586947432035
1.0,3.0,4.0,4.0,4.0,4.0,2.4875869922983296
1.0,3.0,4.0,4.0,4.0,5.0,2.838650708155301
1.0,3.0,4.0,5.0,2.0,4.0,2.5578493374228555
1.0,3.0,4.0,5.0,4.0,4.0,2.685839666813151
1.0,3.0,4.0,5.0,5.0,5.0,3.0449756769844645
1.0,3.0,5.0,1.0,3.0,2.0,1.9279848779892672
1.0,3.0,5.0,3.0,4.0,3.0,2.5644880970260373
1.0,3.0,5.0,5.0,3.0,5.0,3.044974746713709
1.0,3.0,5.0,5.0,5.0,3.0,2.89301014273342
1.0,3.0,5.0,5.0,5.0,4.0,3.0449749214949122
1.0,4.0,1.0,1.0,1.0,1.0,1.1528433782262915
1.0,4.0,1.0,1.0,1.0,2.0,1.1532888238320866
1.0,4.0,1.0,1.0,1.0,3.0,1.1534603692573564
1.0,4.0,1.0,1.0,2.0,1.0,1.1531345338265921
1.0,4.0,1.0,1.0,2.0,2.0,1.1532844963543905
1.0,4.0,1.0,1.0,2.0,3.0,1.198185518155158
1.0,4.0,1.0,1.0,3.0,1.0,1.153135505224031
1.0,4.0,1.0,1.0,3.0,2.0,1.170550755195434
1.0,4.0,1.0,1.0,3.0,3.0,1.1981853629616064
1.0,4.0,1.0,1.0,3.0,4.0,1.5031542443975365
1.0,4.0,1.0,1.0,4.0,1.0,1.1532198531600757
1.0,4.0,1.0,1.0,4.0,2.0,1.2354846188529889
1.0,4.0,1.0,1.0,4.0,3.0,1.4203818148037846
1.0,4.0,1.0,1.0,4.0,4.0,1.5364400609902107
1.0,4.0,1.0,1.0,5.0,4.0,1.8225854415596523
1.0,4.0,1.0,2.0,1.0,1.0,1.1532025209027528
1.0,4.0,1.0,2.0,1.0,2.0,1.1532913326279446
1.0,4.0,1.0,2.0,2.0,1.0,1.1532582524939508
1.0,4.0,1.0,2.0,2.0,2.0,1.3289684752231112
1.0,4.0,1.0,2.0,2.0,3.0,1.3289686028784227
1.0,4.0,1.0,2.0,3.0,1.0,1.1532568403877195
1.0,4.0,1.0,2.0,3.0,2.0,1.3289683736023583
1.0,4.0,1.0,2.0,3.0,3.0,1.4304662521134033
1.0,4.0,1.0,2.0,3.0,4.0,1.7316271090291562
1.0,4.0,1.0,2.0,4.0,1.0,1.1584068036982855
1.0,4.0,1.0,2.0,4.0,3.0,1.4692426366577704
1.0,4.0,1.0,2.0,4.0,5.0,2.0425965038330216
1.0,4.0,1.0,3.0,1.0,1.0,1.1532349642775852
1.0,4.0,1.0,3.0,1.0,2.0,1.241540498932478
1.0,4.0,1.0,3.0,1.0,3.0,1.2415400807340977
1.0,4.0,1.0,3.0,2.0,1.0,1.1707472464172475
1.0,4.0,1.0,3.0,2.0,2.0,1.3289685198896881
1.0,4.0,1.0,3.0,2.0,3.0,1.4304661006796424
1.0,4.0,1.0,3.0,3.0,1.0,1.1707470903179165
1.0,4.0,1.0,3.0,3.0,2.0,1.4304656301042762
1.0,4.0,1.0,3.0,3.0,3.0,1.430465738706392
1.0,4.0,1.0,3.0,3.0,4.0,1.7316270757482162
1.0,4.0,1.0,3.0,4.0,2.0,1.5223463404032904
1.0,4.0,1.0,3.0,4.0,3.0,1.6228632278415966
1.0,4.0,1.0,3.0,4.0,4.0,1.751783104732386
1.0,4.0,1.0,4.0,1.0,1.0,1.153245871447908
1.0,4.0,1.0,4.0,1.0,2.0,1.2415407997932015
1.0,4.0,1.0,4.0,1.0,3.0,1.5204710597169442
1.0,4.0,1.0,4.0,1.0,4.0,1.6223626144912302
1.0,4.0,1.0,4.0,2.0,1.0,1.1707474790550165
1.0,4.0,1.0,4.0,2.0,4.0,1.6329606061586495
1.0,4.0,1.0,4.0,3.0,1.0,1.2719203535490506
1.0,4.0,1.0,4.0,3.0,3.0,1.5238029326811746
1.0,4.0,1.0,4.0,3.0,4.0,1.7517830830469008
1.0,4.0,1.0,4.0,4.0,1.0,1.4162144864386328
1.0,4.0,1.0,4.0,4.0,2.0,1.6228641823944683
1.0,4.0,1.0,4.0,4.0,3.0,1.6228634700481845
1.0,4.0,1.0,4.0,4.0,4.0,1.7517828001821572
1.0,4.0,1.0,4.0,5.0,2.0,1.7634221118866102
1.0,4.0,1.0,4.0,5.0,4.0,2.0731083678870292
1.0,4.0,1.0,5.0,2.0,4.0,1.9265789021644142
1.0,4.0,1.0,5.0,2.0,5.0,2.133102471174251
1.0,4.0,1.0,5.0,3.0,2.0,1.7092379249751886
1.0,4.0,1.0,5.0,3.0,4.0,1.9265789632316461
1.0,4.0,1.0,5.0,4.0,3.0,1.851659384328012
1.0,4.0,1.0,5.0,4.0,4.0,1.9265789477431796
1.0,4.0,1.0,5.0,5.0,4.0,2.138681646756297
1.0,4.0,1.0,5.0,5.0,5.0,2.1494159385732012
1.0,4.0,2.0,1.0,1.0,1.0,1.1546346764064142
1.0,4.0,2.0,1.0,1.0,2.0,1.3394619230445057
1.0,4.0,2.0,1.0,2.0,1.0,1.154634645228626
1.0,4.0,2.0,1.0,2.0,2.0,1.3939169127265623
1.0,4.0,2.0,1.0,2.0,3.0,1.501475642518157
1.0,4.0,2.0,1.0,3.0,1.0,1.2025490723925079
1.0,4.0,2.0,1.0,3.0,2.0,1.4190966460321155
1.0,4.0,2.0,1.0,3.0,3.0,1.6082268193545775
1.0,4.0,2.0,1.0,4.0,2.0,1.5888468814706505
1.0,4.0,2.0,1.0,4.0,3.0,1.6307107822675238
1.0,4.0,2.0,1.0,4.0,4.0,1.7155006431000737
1.0,4.0,2.0,2.0,1.0,2.0,1.376491338833313
1.0,4.0,2.0,2.0,2.0,1.0,1.2164736800635176
1.0,4.0,2.0,2.0,2.0,2.0,1.530258986774894
1.0,4.0,2.0,2.0,2.0,3.0,1.5960466514950755
1.0,4.0,2.0,2.0,3.0,1.0,1.36219247658436
1.0,4.0,2.0,2.0,3.0,2.0,1.5864739295199644
1.0,4.0,2.0,2.0,3.0,3.0,1.608226856121864
1.0,4.0,2.0,2.0,3.0,4.0,1.9270116046505357
1.0,4.0,2.0,2.0,4.0,1.0,1.3720899795498096
1.0,4.0,2.0,2.0,4.0,2.0,1.5888469251528408
1.0,4.0,2.0,2.0,4.0,3.0,1.8212545841012626
1.0,4.0,2.0,2.0,4.0,4.0,2.10946346418902
1.0,4.0,2.0,2.0,5.0,1.0,1.6188156036115822
1.0,4.0,2.0,3.0,1.0,1.0,1.358932124510961
1.0,4.0,2.0,3.0,1.0,2.0,1.4394830277513615
1.0,4.0,2.0,3.0,1.0,3.0,1.6514137461379081
1.0,4.0,2.0,3.0,2.0,1.0,1.378013997567024
1.0,4.0,2.0,3.0,2.0,2.0,1.5815677888067596
1.0,4.0,2.0,3.0,2.0,3.0,1.6514137959617805
1.0,4.0,2.0,3.0,2.0,4.0,1.9595614995138175
1.0,4.0,2.0,3.0,3.0,1.0,1.3818882722685388
1.0,4.0,2.0,3.0,3.0,2.0,1.6815153703878587
1.0,4.0,2.0,3.0,3.0,3.0,1.8254427196003022
1.0,4.0,2.0,3.0,3.0,4.0,1.9595615207687027
1.0,4.0,2.0,3.0,4.0,2.0,1.7828603277847166
1.0,4.0,2.0,3.0,4.0,3.0,1.9894919352215825
1.0,4.0,2.0,3.0,4.0,4.0,2.109463525594386
1.0,4.0,2.0,3.0,5.0,2.0,2.0138866924625383
1.0,4.0,2.0,3.0,5.0,4.0,2.2813269110354946
1.0,4.0,2.0,4.0,1.0,1.0,1.5108201677303368
1.0,4.0,2.0,4.0,1.0,3.0,1.7987553369377263
1.0,4.0,2.0,4.0,1.0,4.0,1.9806466412674169
1.0,4.0,2.0,4.0,2.0,1.0,1.510820256430796
1.0,4.0,2.0,4.0,2.0,2.0,1.766069640347556
1.0,4.0,2.0,4.0,2.0,3.0,1.9139126552355483
1.0,4.0,2.0,4.0,2.0,4.0,2.0827715546627164
1.0,4.0,2.0,4.0,3.0,2.0,1.7660695790230743
1.0,4.0,2.0,4.0,3.0,3.0,1.9139126603477647
1.0,4.0,2.0,4.0,3.0,4.0,2.1106047532362098
1.0,4.0,2.0,4.0,4.0,3.0,2.1106051767227796
1.0,4.0,2.0,4.0,4.0,4.0,2.110604734320949
1.0,4.0,2.0,4.0,4.0,5.0,2.616519323626821
1.0,4.0,2.0,4.0,5.0,3.0,2.110605606227907
1.0,4.0,2.0,4.0,5.0,4.0,2.402305403923183
1.0,4.0,2.0,5.0,1.0,3.0,1.798755756674426
1.0,4.0,2.0,5.0,2.0,3.0,1.9855036460884241
1.0,4.0,2.0,5.0,3.0,3.0,1.9855036867175235
1.0,4.0,2.0,5.0,3.0,4.0,2.1481153020516905
1.0,4.0,2.0,5.0,4.0,5.0,2.6820926199573734
1.0,4.0,3.0,1.0,1.0,1.0,1.1546362287938068
1.0,4.0,3.0,1.0,1.0,3.0,1.5870592581862666
1.0,4.0,3.0,1.0,1.0,4.0,1.6345196001541387
1.0,4.0,3.0,1.0,2.0,1.0,1.2737039236288141
1.0,4.0,3.0,1.0,2.0,2.0,1.5231333762772377
1.0,4.0,3.0,1.0,2.0,3.0,1.5870592692285486
1.0,4.0,3.0,1.0,3.0,1.0,1.3297195796834054
1.0,4.0,3.0,1.0,3.0,2.0,1.616221250540066
1.0,4.0,3.0,1.0,3.0,3.0,1.62088396508352
1.0,4.0,3.0,1.0,3.0,4.0,1.9305212092352588
1.0,4.0,3.0,1.0,4.0,1.0,1.477954189871533
1.0,4.0,3.0,1.0,4.0,3.0,1.8669830826798175
1.0,4.0,3.0,1.0,4.0,4.0,2.259793931173359
1.0,4.0,3.0,1.0,5.0,1.0,1.5800791070350273
1.0,4.0,3.0,2.0,1.0,1.0,1.381676550338613
1.0,4.0,3.0,2.0,1.0,2.0,1.4723056090441695
1.0,4.0,3.0,2.0,1.0,3.0,1.775054368525904
1.0,4.0,3.0,2.0,2.0,1.0,1.3816765511891544
1.0,4.0,3.0,2.0,2.0,2.0,1.5864719071466236
1.0,4.0,3.0,2.0,2.0,3.0,1.8071041181298104
1.0,4.0,3.0,2.0,2.0,4.0,2.0808162423253904
1.0,4.0,3.0,2.0,3.0,1.0,1.4836485152224115
1.0,4.0,3.0,2.0,3.0,2.0,1.7428996680473725
1.0,4.0,3.0,2.0,3.0,3.0,1.989491280717093
1.0,4.0,3.0,2.0,3.0,5.0,2.565060707853249
1.0,4.0,3.0,2.0,4.0,2.0,1.934278176055461
1.0,4.0,3.0,2.0,4.0,3.0,1.9894915049049289
1.0,4.0,3.0,2.0,4.0,4.0,2.2597943239928693
1.0,4.0,3.0,2.0,5.0,2.0,2.0173962779293975
1.0,4.0,3.0,3.0,1.0,1.0,1.4646326809168926
1.0,4.0,3.0,3.0,1.0,3.0,1.7750544291863455
1.0,4.0,3.0,3.0,2.0,2.0,1.6430876473223743
1.0,4.0,3.0,3.0,2.0,3.0,1.9894911555139623
1.0,4.0,3.0,3.0,2.0,4.0,2.3166736461883466
1.0,4.0,3.0,3.0,3.0,1.0,1.6430789277969975
1.0,4.0,3.0,3.0,3.0,2.0,1.9894916024564304
1.0,4.0,3.0,3.0,3.0,3.0,1.9894912479220836
1.0,4.0,3.0,3.0,3.0,4.0,2.3166737400756743
1.0,4.0,3.0,3.0,4.0,1.0,1.7959473209725751
1.0,4.0,3.0,3.0,4.0,2.0,1.989491909579658
1.0,4.0,3.0,3.0,4.0,3.0,1.9894916820541981
1.0,4.0,3.0,3.0,4.0,4.0,2.3420714300924153
1.0,4.0,3.0,3.0,4.0,5.0,2.6288452482077918
1.0,4.0,3.0,3.0,5.0,3.0,2.31723116833849
1.0,4.0,3.0,3.0,5.0,5.0,2.628845326549012
1.0,4.0,3.0,4.0,1.0,1.0,1.6184001626434432
1.0,4.0,3.0,4.0,1.0,2.0,1.7987549958035574
1.0,4.0,3.0,4.0,1.0,3.0,1.798755092452697
1.0,4.0,3.0,4.0,1.0,4.0,2.1520840258584877
1.0,4.0,3.0,4.0,2.0,1.0,1.6184002384635539
1.0,4.0,3.0,4.0,2.0,2.0,1.9894920825972715
1.0,4.0,3.0,4.0,2.0,3.0,2.08861371387235
1.0,4.0,3.0,4.0,3.0,1.0,1.7372772176329132
1.0,4.0,3.0,4.0,3.0,2.0,1.9894919750340019
1.0,4.0,3.0,4.0,3.0,3.0,2.099444929100286
1.0,4.0,3.0,4.0,3.0,4.0,2.3166734813829124
1.0,4.0,3.0,4.0,4.0,2.0,1.989492265004486
1.0,4.0,3.0,4.0,4.0,3.0,2.2134670070686946
1.0,4.0,3.0,4.0,4.0,4.0,2.3420712567291337
1.0,4.0,3.0,4.0,4.0,5.0,2.7545145185334134
1.0,4.0,3.0,4.0,5.0,3.0,2.324178881371224
1.0,4.0,3.0,4.0,5.0,4.0,2.6268894893315493
1.0,4.0,3.0,5.0,2.0,2.0,2.088613827700092
1.0,4.0,3.0,5.0,2.0,3.0,2.0886137997434897
1.0,4.0,3.0,5.0,2.0,4.0,2.3802999924345762
1.0,4.0,3.0,5.0,3.0,3.0,2.3802998930955357
1.0,4.0,3.0,5.0,3.0,4.0,2.3803001420363636
1.0,4.0,3.0,5.0,4.0,2.0,2.238729513069134
1.0,4.0,3.0,5.0,4.0,3.0,2.56201674797613
1.0,4.0,3.0,5.0,4.0,4.0,2.6858397850633544
1.0,4.0,3.0,5.0,5.0,1.0,2.1559570044812686
1.0,4.0,3.0,5.0,5.0,4.0,2.7167723048795556
1.0,4.0,3.0,5.0,5.0,5.0,2.754514420648746
1.0,4.0,4.0,1.0,1.0,1.0,1.2918965676293932
1.0,4.0,4.0,1.0,1.0,2.0,1.5701600989346847
1.0,4.0,4.0,1.0,2.0,1.0,1.7109917909478853
1.0,4.0,4.0,2.0,1.0,1.0,1.4930821491978041
1.0,4.0,4.0,2.0,2.0,2.0,1.8425505811060476
1.0,4.0,4.0,2.0,3.0,2.0,1.842550677609163
1.0,4.0,4.0,2.0,4.0,3.0,2.487587013894284
1.0,4.0,4.0,2.0,4.0,4.0,2.4875870980101027
1.0,4.0,4.0,3.0,1.0,1.0,1.6009015725821363
1.0,4.0,4.0,3.0,1.0,3.0,1.9743984114019553
1.0,4.0,4.0,3.0,3.0,1.0,1.805151360952811
1.0,4.0,4.0,3.0,3.0,3.0,2.053696908616207
1.0,4.0,4.0,3.0,4.0,2.0,2.0921736660465293
1.0,4.0,4.0,3.0,4.0,3.0,2.4875871402989156
1.0,4.0,4.0,3.0,4.0,4.0,2.4875872134610346
1.0,4.0,4.0,4.0,1.0,1.0,1.708720944227925
1.0,4.0,4.0,4.0,1.0,2.0,1.8936183457811595
1.0,4.0,4.0,4.0,1.0,3.0,2.0785156557846287
1.0,4.0,4.0,4.0,1.0,4.0,2.4673807963365553
1.0,4.0,4.0,4.0,2.0,3.0,2.157819732169794
1.0,4.0,4.0,4.0,2.0,4.0,2.487587272575244
1.0,4.0,4.0,4.0,3.0,4.0,2.487587189511424
1.0,4.0,4.0,4.0,4.0,1.0,2.0150955958358594
1.0,4.0,4.0,4.0,4.0,2.0,2.1999930413932867
1.0,4.0,4.0,4.0,4.0,3.0,2.4875871782164305
1.0,4.0,4.0,4.0,4.0,4.0,2.4875872210790924
1.0,4.0,4.0,4.0,5.0,2.0,2.446718528853966
1.0,4.0,4.0,4.0,5.0,5.0,3.044975796572934
1.0,4.0,4.0,5.0,1.0,4.0,2.4673810043988618
1.0,4.0,4.0,5.0,3.0,4.0,2.685839817833524
1.0,4.0,4.0,5.0,3.0,5.0,2.7603796095438646
1.0,4.0,4.0,5.0,4.0,4.0,2.685839762323396
1.0,4.0,4.0,5.0,4.0,5.0,3.0449758307968415
1.0,4.0,4.0,5.0,5.0,4.0,3.044975479507482
1.0,4.0,4.0,5.0,5.0,5.0,3.044975635898533
1.0,4.0,5.0,1.0,2.0,1.0,1.710991556449491
1.0,4.0,5.0,1.0,3.0,3.0,2.3175913619961164
1.0,4.0,5.0,1.0,3.0,4.0,2.357888100706435
1.0,4.0,5.0,3.0,4.0,3.0,2.564488259627932
1.0,4.0,5.0,3.0,4.0,4.0,2.964852973696903
1.0,4.0,5.0,4.0,4.0,3.0,2.683066081994321
1.0,4.0,5.0,4.0,4.0,4.0,3.044974955292126
1.0,4.0,5.0,5.0,5.0,4.0,3.04497513819485
1.0,4.0,5.0,5.0,5.0,5.0,3.0449751180748232
1.0,5.0,1.0,1.0,1.0,1.0,1.1526909398957033
1.0,5.0,1.0,1.0,1.0,2.0,1.1532681036525738
1.0,5.0,1.0,1.0,1.0,3.0,1.1741159046535885
1.0,5.0,1.0,1.0,1.0,4.0,1.5036136063032175
1.0,5.0,1.0,1.0,1.0,5.0,1.558520468084653
1.0,5.0,1.0,1.0,2.0,1.0,1.1531089065728488
1.0,5.0,1.0,1.0,2.0,2.0,1.1532646466244194
1.0,5.0,1.0,1.0,3.0,1.0,1.1531100238064387
1.0,5.0,1.0,1.0,3.0,2.0,1.2357845439864639
1.0,5.0,1.0,1.0,3.0,3.0,1.3305652142800892
1.0,5.0,1.0,1.0,4.0,2.0,1.2955930121509898
1.0,5.0,1.0,1.0,5.0,1.0,1.2772421489816288
1.0,5.0,1.0,1.0,5.0,3.0,1.5090114673644943
1.0,5.0,1.0,1.0,5.0,4.0,1.8225855361274006
1.0,5.0,1.0,1.0,5.0,5.0,1.9524099539551236
1.0,5.0,1.0,2.0,1.0,1.0,1.1531919026939272
1.0,5.0,1.0,2.0,1.0,2.0,1.2415410293913047
1.0,5.0,1.0,2.0,1.0,3.0,1.35409511098636
1.0,5.0,1.0,2.0,2.0,1.0,1.1532479378552845
1.0,5.0,1.0,2.0,2.0,2.0,1.3289687179815697
1.0,5.0,1.0,2.0,2.0,3.0,1.3540951283923668
1.0,5.0,1.0,2.0,2.0,4.0,1.5689572688215354
1.0,5.0,1.0,2.0,3.0,1.0,1.1532463316223098
1.0,5.0,1.0,2.0,3.0,2.0,1.3427082845604885
1.0,5.0,1.0,2.0,3.0,3.0,1.4304667428221838
1.0,5.0,1.0,2.0,3.0,4.0,1.7316272053303914
1.0,5.0,1.0,2.0,4.0,1.0,1.2185151822547697
1.0,5.0,1.0,2.0,5.0,2.0,1.5055373322867882
1.0,5.0,1.0,2.0,5.0,4.0,2.0876529056341746
1.0,5.0,1.0,3.0,1.0,1.0,1.2112771896726764
1.0,5.0,1.0,3.0,1.0,2.0,1.2415408840535629
1.0,5.0,1.0,3.0,1.0,3.0,1.3818398675057249
1.0,5.0,1.0,3.0,2.0,1.0,1.2464682245761862
1.0,5.0,1.0,3.0,2.0,2.0,1.3945325524171077
1.0,5.0,1.0,3.0,2.0,3.0,1.430466496824801
1.0,5.0,1.0,3.0,2.0,5.0,1.861674008304967
1.0,5.0,1.0,3.0,3.0,1.0,1.246468248257315
1.0,5.0,1.0,3.0,3.0,3.0,1.5826467447869281
1.0,5.0,1.0,3.0,3.0,4.0,1.923502168076358
1.0,5.0,1.0,3.0,4.0,1.0,1.3263344157001848
1.0,5.0,1.0,3.0,4.0,2.0,1.5223466646220214
1.0,5.0,1.0,3.0,4.0,3.0,1.6228632947577293
1.0,5.0,1.0,3.0,5.0,3.0,1.924463996791889
1.0,5.0,1.0,3.0,5.0,5.0,2.0876530403232727
1.0,5.0,1.0,4.0,1.0,1.0,1.2112775033145189
1.0,5.0,1.0,4.0,1.0,2.0,1.3126764291367576
1.0,5.0,1.0,4.0,1.0,3.0,1.598861427860013
1.0,5.0,1.0,4.0,2.0,3.0,1.5996986727484213
1.0,5.0,1.0,4.0,3.0,3.0,1.7394925821330613
1.0,5.0,1.0,4.0,3.0,5.0,2.071618313827213
1.0,5.0,1.0,4.0,4.0,1.0,1.4162146293952158
1.0,5.0,1.0,4.0,4.0,2.0,1.6228647031026389
1.0,5.0,1.0,4.0,4.0,3.0,1.803948539785353
1.0,5.0,1.0,4.0,4.0,4.0,2.1165871976914574
1.0,5.0,1.0,4.0,4.0,5.0,2.149416227832852
1.0,5.0,1.0,4.0,5.0,2.0,1.7634222588565065
1.0,5.0,1.0,4.0,5.0,3.0,1.9244641161868967
1.0,5.0,1.0,4.0,5.0,4.0,2.1494158987847567
1.0,5.0,1.0,5.0,1.0,1.0,1.2112778162769449
1.0,5.0,1.0,5.0,1.0,2.0,1.4204958385639022
1.0,5.0,1.0,5.0,1.0,3.0,1.5988612462934169
1.0,5.0,1.0,5.0,1.0,4.0,1.7902905113989713
1.0,5.0,1.0,5.0,1.0,5.0,2.1197884700647216
1.0,5.0,1.0,5.0,2.0,2.0,1.522620723426109
1.0,5.0,1.0,5.0,2.0,3.0,1.7421970928249984
1.0,5.0,1.0,5.0,2.0,5.0,2.133102667074842
1.0,5.0,1.0,5.0,3.0,3.0,1.742196989830298
1.0,5.0,1.0,5.0,3.0,4.0,1.9265789581960209
1.0,5.0,1.0,5.0,3.0,5.0,2.133102772983453
1.0,5.0,1.0,5.0,4.0,1.0,1.6653359467330866
1.0,5.0,1.0,5.0,4.0,3.0,2.149416060080572
1.0,5.0,1.0,5.0,4.0,5.0,2.149416075738174
1.0,5.0,1.0,5.0,5.0,1.0,1.6653360227593306
1.0,5.0,1.0,5.0,5.0,3.0,2.149415887371034
1.0,5.0,1.0,5.0,5.0,5.0,2.1494157282037185
1.0,5.0,2.0,1.0,1.0,1.0,1.1546505812579624
1.0,5.0,2.0,1.0,2.0,1.0,1.1546514518270306
1.0,5.0,2.0,1.0,3.0,1.0,1.3668548407258352
1.0,5.0,2.0,1.0,3.0,2.0,1.4190967956053384
1.0,5.0,2.0,1.0,3.0,3.0,1.7103556210354103
1.0,5.0,2.0,1.0,4.0,1.0,1.4097321877785634
1.0,5.0,2.0,1.0,4.0,2.0,1.6538770710617599
1.0,5.0,2.0,2.0,1.0,1.0,1.2362606029448948
1.0,5.0,2.0,2.0,1.0,2.0,1.3764916421365747
1.0,5.0,2.0,2.0,1.0,3.0,1.685671072283391
1.0,5.0,2.0,2.0,2.0,1.0,1.2889766092601158
1.0,5.0,2.0,2.0,2.0,2.0,1.5302593786054908
1.0,5.0,2.0,2.0,3.0,1.0,1.4147072269980479
1.0,5.0,2.0,2.0,3.0,2.0,1.586474538922926
1.0,5.0,2.0,2.0,3.0,3.0,1.8098503931153305
1.0,5.0,2.0,2.0,3.0,4.0,1.9270117485191192
1.0,5.0,2.0,2.0,4.0,3.0,1.946593774770698
1.0,5.0,2.0,2.0,5.0,2.0,1.7192207501478445
1.0,5.0,2.0,2.0,5.0,3.0,2.095708353146425
1.0,5.0,2.0,3.0,1.0,5.0,2.117833133726695
1.0,5.0,2.0,3.0,2.0,1.0,1.3780141434147306
1.0,5.0,2.0,3.0,2.0,2.0,1.715641454056412
1.0,5.0,2.0,3.0,2.0,3.0,1.850163339030135
1.0,5.0,2.0,3.0,3.0,1.0,1.582493539592891
1.0,5.0,2.0,3.0,3.0,2.0,1.7156415156958718
1.0,5.0,2.0,3.0,3.0,3.0,1.8658717815432284
1.0,5.0,2.0,3.0,3.0,4.0,2.1371856213087845
1.0,5.0,2.0,3.0,4.0,2.0,1.7828604383182183
1.0,5.0,2.0,3.0,4.0,3.0,2.0544131777400443
1.0,5.0,2.0,3.0,5.0,2.0,2.0138868355111468
1.0,5.0,2.0,3.0,5.0,3.0,2.0957085233827044
1.0,5.0,2.0,4.0,1.0,3.0,1.8881922011541212
1.0,5.0,2.0,4.0,1.0,4.0,2.0407551606627137
1.0,5.0,2.0,4.0,3.0,3.0,1.9139132123576874
1.0,5.0,2.0,4.0,3.0,4.0,2.2450050134305024
1.0,5.0,2.0,4.0,4.0,2.0,1.8327346422157784
1.0,5.0,2.0,4.0,4.0,3.0,2.2663386151529323
1.0,5.0,2.0,4.0,4.0,4.0,2.3471299374052315
1.0,5.0,2.0,4.0,5.0,1.0,1.74996215535268
1.0,5.0,2.0,4.0,5.0,3.0,2.266338745902095
1.0,5.0,2.0,4.0,5.0,4.0,2.4606373856010486
1.0,5.0,2.0,4.0,5.0,5.0,2.6341521947503552
1.0,5.0,2.0,5.0,1.0,4.0,2.1298043405880787
1.0,5.0,2.0,5.0,1.0,5.0,2.333471911991547
1.0,5.0,2.0,5.0,2.0,2.0,1.7660699693183246
1.0,5.0,2.0,5.0,3.0,4.0,2.38030092742136
1.0,5.0,2.0,5.0,3.0,5.0,2.4697892978207356
1.0,5.0,2.0,5.0,4.0,1.0,2.044857773452876
1.0,5.0,2.0,5.0,4.0,5.0,2.6820927637369025
1.0,5.0,2.0,5.0,5.0,4.0,2.4866968428531635
1.0,5.0,2.0,5.0,5.0,5.0,2.70698669098779
1.0,5.0,3.0,1.0,1.0,1.0,1.1546518798693826
1.0,5.0,3.0,1.0,1.0,2.0,1.4902896643880614
1.0,5.0,3.0,1.0,1.0,3.0,1.587059409178164
1.0,5.0,3.0,1.0,2.0,2.0,1.5231335287355148
1.0,5.0,3.0,1.0,3.0,1.0,1.4359374502095588
1.0,5.0,3.0,1.0,3.0,3.0,1.7103555902063834
1.0,5.0,3.0,1.0,4.0,3.0,1.9078572916051266
1.0,5.0,3.0,1.0,4.0,4.0,2.259794204500126
1.0,5.0,3.0,2.0,1.0,1.0,1.3816766928612974
1.0,5.0,3.0,2.0,1.0,2.0,1.5244045801473256
1.0,5.0,3.0,2.0,1.0,3.0,1.775054484872593
1.0,5.0,3.0,2.0,2.0,1.0,1.5862326996247804
1.0,5.0,3.0,2.0,2.0,2.0,1.7667558015284655
1.0,5.0,3.0,2.0,3.0,1.0,1.6883576244723566
1.0,5.0,3.0,2.0,3.0,2.0,1.7667558683411797
1.0,5.0,3.0,2.0,3.0,3.0,1.9894914744444803
1.0,5.0,3.0,2.0,3.0,5.0,2.5650610843197272
1.0,5.0,3.0,2.0,4.0,3.0,1.9894916185055402
1.0,5.0,3.0,2.0,4.0,4.0,2.259794412911635
1.0,5.0,3.0,2.0,5.0,5.0,2.5650612501262886
1.0,5.0,3.0,3.0,1.0,1.0,1.6314715595686535
1.0,5.0,3.0,3.0,1.0,2.0,1.7768245342882143
1.0,5.0,3.0,3.0,1.0,3.0,1.9733028810434103
1.0,5.0,3.0,3.0,2.0,1.0,1.6314715897645646
1.0,5.0,3.0,3.0,2.0,2.0,1.8789494548367476
1.0,5.0,3.0,3.0,2.0,3.0,1.989491353111675
1.0,5.0,3.0,3.0,3.0,2.0,1.989491595090138
1.0,5.0,3.0,3.0,3.0,3.0,1.9894914209595527
1.0,5.0,3.0,3.0,3.0,4.0,2.3166741345120556
1.0,5.0,3.0,3.0,4.0,1.0,1.7959474616671867
1.0,5.0,3.0,3.0,4.0,3.0,2.268096656521511
1.0,5.0,3.0,3.0,4.0,4.0,2.618491993042152
1.0,5.0,3.0,3.0,4.0,5.0,2.7545144683627196
1.0,5.0,3.0,3.0,5.0,3.0,2.317231284175699
1.0,5.0,3.0,4.0,1.0,1.0,1.63147165957098
1.0,5.0,3.0,4.0,1.0,4.0,2.152084169608331
1.0,5.0,3.0,4.0,2.0,2.0,1.9894922942303557
1.0,5.0,3.0,4.0,2.0,3.0,2.2561919284470684
1.0,5.0,3.0,4.0,2.0,5.0,2.541460907474769
1.0,5.0,3.0,4.0,3.0,2.0,2.0776633535637288
1.0,5.0,3.0,4.0,3.0,3.0,2.2561920075632
1.0,5.0,3.0,4.0,3.0,4.0,2.3803005345330637
1.0,5.0,3.0,4.0,3.0,5.0,2.5650614271774748
1.0,5.0,3.0,4.0,4.0,3.0,2.4638829773887507
1.0,5.0,3.0,4.0,4.0,4.0,2.620670673187777
1.0,5.0,3.0,4.0,4.0,5.0,2.754514677849039
1.0,5.0,3.0,4.0,5.0,2.0,2.2931436050825216
1.0,5.0,3.0,4.0,5.0,4.0,2.716772526518656
1.0,5.0,3.0,5.0,1.0,3.0,2.281286762335062
1.0,5.0,3.0,5.0,1.0,5.0,2.547155398416894
1.0,5.0,3.0,5.0,2.0,3.0,2.3803002691480226
1.0,5.0,3.0,5.0,2.0,5.0,2.754515365840476
1.0,5.0,3.0,5.0,3.0,3.0,2.3803002779527973
1.0,5.0,3.0,5.0,3.0,4.0,2.380300531237997
1.0,5.0,3.0,5.0,3.0,5.0,2.754515209421411
1.0,5.0,3.0,5.0,4.0,3.0,2.562016892677483
1.0,5.0,3.0,5.0,4.0,4.0,2.7167722504080225
1.0,5.0,3.0,5.0,4.0,5.0,2.7545149114461758
1.0,5.0,3.0,5.0,5.0,3.0,2.562016901512683
1.0,5.0,3.0,5.0,5.0,4.0,2.7167724183536763
1.0,5.0,3.0,5.0,5.0,5.0,2.7545143823607448
1.0,5.0,4.0,1.0,3.0,2.0,2.066742235511479
1.0,5.0,4.0,1.0,3.0,3.0,2.066742333123045
1.0,5.0,4.0,2.0,1.0,1.0,1.5531906851681354
1.0,5.0,4.0,2.0,2.0,1.0,1.7109921756542807
1.0,5.0,4.0,2.0,2.0,2.0,1.9848135345303255
1.0,5.0,4.0,2.0,3.0,2.0,2.1408480878247813
1.0,5.0,4.0,3.0,1.0,4.0,2.467381055728373
1.0,5.0,4.0,3.0,3.0,2.0,2.1408482113263787
1.0,5.0,4.0,3.0,3.0,3.0,2.466491337586805
1.0,5.0,4.0,3.0,4.0,5.0,2.754514369585102
1.0,5.0,4.0,3.0,5.0,2.0,2.3990076900520627
1.0,5.0,4.0,3.0,5.0,5.0,2.8090991832113583
1.0,5.0,4.0,4.0,1.0,1.0,1.7688294783625318
1.0,5.0,4.0,4.0,1.0,3.0,2.1211113559216592
1.0,5.0,4.0,4.0,2.0,3.0,2.385349678614492
1.0,5.0,4.0,4.0,3.0,3.0,2.6320751560860662
1.0,5.0,4.0,4.0,3.0,4.0,2.674656374239502
1.0,5.0,4.0,4.0,4.0,4.0,2.6746564235618093
1.0,5.0,4.0,4.0,4.0,5.0,2.838650963926579
1.0,5.0,4.0,4.0,5.0,3.0,2.980925626871205
1.0,5.0,4.0,4.0,5.0,4.0,3.016461077130038
1.0,5.0,4.0,4.0,5.0,5.0,3.0449758616955207
1.0,5.0,4.0,5.0,1.0,4.0,2.4673811933225256
1.0,5.0,4.0,5.0,4.0,4.0,3.0269168220953726
1.0,5.0,4.0,5.0,4.0,5.0,3.044975943856991
1.0,5.0,4.0,5.0,5.0,4.0,3.044975502840545
1.0,5.0,4.0,5.0,5.0,5.0,3.0449755811922494
1.0,5.0,5.0,1.0,1.0,1.0,1.6590545971427146
1.0,5.0,5.0,1.0,2.0,2.0,2.0906776373985037
1.0,5.0,5.0,1.0,4.0,3.0,2.623335852817563
1.0,5.0,5.0,1.0,5.0,4.0,2.6233360107038735
1.0,5.0,5.0,1.0,5.0,5.0,3.0449743457802
1.0,5.0,5.0,2.0,3.0,3.0,2.4855192315908825
1.0,5.0,5.0,3.0,3.0,3.0,2.7379392472119606
1.0,5.0,5.0,3.0,5.0,3.0,2.7975885125520548
1.0,5.0,5.0,3.0,5.0,4.0,3.044974982891982
1.0,5.0,5.0,4.0,1.0,3.0,2.352307674072792
1.0,5.0,5.0,4.0,5.0,3.0,3.044975040987493
1.0,5.0,5.0,4.0,5.0,4.0,3.044975068161148
1.0,5.0,5.0,5.0,1.0,1.0,2.0903322955411276
1.0,5.0,5.0,5.0,1.0,4.0,3.0449745068007905
1.0,5.0,5.0,5.0,1.0,5.0,3.0449745616539348
1.0,5.0,5.0,5.0,3.0,4.0,3.0449747662672766
1.0,5.0,5.0,5.0,3.0,5.0,3.0449747585495714
1.0,5.0,5.0,5.0,4.0,2.0,2.8708056144548912
1.0,5.0,5.0,5.0,4.0,4.0,3.0449750203360497
1.0,5.0,5.0,5.0,5.0,1.0,2.498832005765948
1.0,5.0,5.0,5.0,5.0,4.0,3.0449751565916188
1.0,5.0,5.0,5.0,5.0,5.0,3.044974797249489
2.0,1.0,1.0,1.0,1.0,1.0,1.1545093172556034
2.0,1.0,1.0,1.0,1.0,2.0,1.1545663197290708
2.0,1.0,1.0,1.0,2.0,1.0,1.1546360309503367
2.0,1.0,1.0,1.0,3.0,1.0,1.1546682729987419
2.0,1.0,1.0,1.0,3.0,2.0,1.2112235681743557
2.0,1.0,1.0,2.0,1.0,1.0,1.1546257943166476
2.0,1.0,1.0,2.0,1.0,2.0,1.154605484016014
2.0,1.0,1.0,2.0,1.0,3.0,1.2996906447177274
2.0,1.0,1.0,2.0,2.0,1.0,1.1546517385105743
2.0,1.0,1.0,2.0,2.0,2.0,1.389349129291115
2.0,1.0,1.0,2.0,2.0,3.0,1.4018157970824126
2.0,1.0,1.0,2.0,3.0,1.0,1.1546694131158
2.0,1.0,1.0,2.0,3.0,2.0,1.4369380559471288
2.0,1.0,1.0,2.0,3.0,3.0,1.7478857968425323
2.0,1.0,1.0,3.0,1.0,1.0,1.1823159331813555
2.0,1.0,1.0,3.0,1.0,2.0,1.2848383125273528
2.0,1.0,1.0,3.0,1.0,3.0,1.4075101947600568
2.0,1.0,1.0,3.0,2.0,2.0,1.3893491401896692
2.0,1.0,1.0,3.0,3.0,1.0,1.344396376353058
2.0,1.0,1.0,3.0,3.0,2.0,1.4992688590244263
2.0,1.0,1.0,3.0,3.0,3.0,1.778246057485726
2.0,1.0,1.0,3.0,4.0,2.0,1.5289875366979473
2.0,1.0,1.0,4.0,1.0,3.0,1.6526845769762502
2.0,1.0,1.0,4.0,4.0,4.0,2.1512022894138196
2.0,1.0,1.0,4.0,5.0,3.0,1.9238292672840553
2.0,1.0,1.0,5.0,1.0,4.0,1.8080462478252917
2.0,1.0,2.0,1.0,1.0,1.0,1.1545335212943137
2.0,1.0,2.0,1.0,1.0,2.0,1.3652577452549115
2.0,1.0,2.0,1.0,2.0,1.0,1.154653864120555
2.0,1.0,2.0,1.0,2.0,2.0,1.5932036815548363
2.0,1.0,2.0,1.0,3.0,1.0,1.2400094700767244
2.0,1.0,2.0,1.0,3.0,2.0,1.5932037163379464
2.0,1.0,2.0,2.0,1.0,1.0,1.2517736246032138
2.0,1.0,2.0,2.0,1.0,2.0,1.473077284354224
2.0,1.0,2.0,2.0,1.0,3.0,1.657974831283953
2.0,1.0,2.0,2.0,2.0,2.0,1.785854757098052
2.0,1.0,2.0,2.0,2.0,3.0,1.7858552924001667
2.0,1.0,2.0,2.0,2.0,4.0,2.0637507520974587
2.0,1.0,2.0,2.0,3.0,2.0,1.7858550699634004
2.0,1.0,2.0,2.0,3.0,3.0,1.7858552441937572
2.0,1.0,2.0,2.0,3.0,4.0,2.063750856708541
2.0,1.0,2.0,2.0,4.0,2.0,1.924052945468174
2.0,1.0,2.0,3.0,1.0,1.0,1.5033419299992787
2.0,1.0,2.0,3.0,1.0,3.0,1.7953823413169803
2.0,1.0,2.0,3.0,2.0,2.0,1.7858550665796706
2.0,1.0,2.0,3.0,2.0,3.0,1.8679191328308997
2.0,1.0,2.0,3.0,3.0,1.0,1.5244185219426234
2.0,1.0,2.0,3.0,3.0,2.0,1.7858552468171174
2.0,1.0,2.0,3.0,3.0,3.0,1.9826145384262013
2.0,1.0,2.0,3.0,3.0,4.0,2.1549414088912373
2.0,1.0,2.0,3.0,5.0,3.0,2.174293924626601
2.0,1.0,2.0,4.0,1.0,1.0,1.5038159710047108
2.0,1.0,2.0,4.0,1.0,4.0,2.058511370146146
2.0,1.0,2.0,4.0,1.0,5.0,2.243408335063582
2.0,1.0,2.0,4.0,2.0,3.0,1.9757388134262546
2.0,1.0,2.0,4.0,3.0,1.0,1.686830968438371
2.0,1.0,2.0,4.0,4.0,1.0,1.6868310401962483
2.0,1.0,2.0,4.0,4.0,3.0,2.0309171899906513
2.0,1.0,3.0,1.0,2.0,2.0,1.7640687290037689
2.0,1.0,3.0,1.0,3.0,2.0,1.764068803417357
2.0,1.0,3.0,2.0,1.0,1.0,1.605099539293154
2.0,1.0,3.0,2.0,1.0,2.0,1.726333913564549
2.0,1.0,3.0,2.0,2.0,2.0,1.785854494090955
2.0,1.0,3.0,2.0,3.0,3.0,2.273607618717377
2.0,1.0,3.0,2.0,4.0,2.0,1.9931356945421175
2.0,1.0,3.0,3.0,1.0,1.0,1.6050997460507963
2.0,1.0,3.0,3.0,1.0,2.0,1.7945801502507106
2.0,1.0,3.0,3.0,3.0,3.0,2.3534272562725134
2.0,1.0,3.0,3.0,4.0,2.0,2.0882015291363807
2.0,1.0,3.0,4.0,3.0,4.0,2.591093329419494
2.0,1.0,3.0,4.0,4.0,3.0,2.5296872200833205
2.0,1.0,3.0,5.0,1.0,3.0,2.050516569211028
2.0,1.0,3.0,5.0,2.0,2.0,2.2569452376131958
2.0,1.0,3.0,5.0,5.0,5.0,2.973410713624045
2.0,1.0,4.0,1.0,2.0,1.0,1.7465081925927244
2.0,1.0,4.0,2.0,3.0,2.0,2.1046942925232925
2.0,1.0,4.0,4.0,1.0,3.0,2.3009815821932738
2.0,1.0,4.0,4.0,3.0,4.0,2.8347282429292484
2.0,1.0,4.0,4.0,4.0,3.0,2.7097097640581578
2.0,1.0,4.0,5.0,5.0,3.0,2.9619000326406475
2.0,2.0,1.0,1.0,1.0,1.0,1.154666701733644
2.0,2.0,1.0,1.0,1.0,2.0,1.1775524438747733
2.0,2.0,1.0,1.0,2.0,1.0,1.1546686229927892
2.0,2.0,1.0,1.0,2.0,2.0,1.3893490793111223
2.0,2.0,1.0,1.0,3.0,1.0,1.1546807334500262
2.0,2.0,1.0,1.0,3.0,2.0,1.4159327941506354
2.0,2.0,1.0,1.0,3.0,3.0,1.5209215819476376
2.0,2.0,1.0,1.0,4.0,2.0,1.5180581457091462
2.0,2.0,1.0,1.0,4.0,4.0,1.7432520342583064
2.0,2.0,1.0,2.0,1.0,1.0,1.154709874757831
2.0,2.0,1.0,2.0,1.0,2.0,1.2791389757894427
2.0,2.0,1.0,2.0,2.0,1.0,1.3350992047886692
2.0,2.0,1.0,2.0,2.0,2.0,1.389349223225789
2.0,2.0,1.0,2.0,3.0,1.0,1.3350992011939655
2.0,2.0,1.0,2.0,3.0,2.0,1.5184242996596797
2.0,2.0,1.0,2.0,4.0,3.0,1.7478860072167488
2.0,2.0,1.0,3.0,1.0,1.0,1.183554071617435
2.0,2.0,1.0,3.0,1.0,2.0,1.4273219639571106
2.0,2.0,1.0,3.0,1.0,3.0,1.4676187573385835
2.0,2.0,1.0,3.0,2.0,1.0,1.344396509178483
2.0,2.0,1.0,3.0,2.0,2.0,1.570672611274452
2.0,2.0,1.0,3.0,2.0,3.0,1.6895734704482477
2.0,2.0,1.0,3.0,3.0,1.0,1.3443965134267366
2.0,2.0,1.0,3.0,3.0,2.0,1.5706726961713293
2.0,2.0,1.0,3.0,3.0,3.0,1.7782462087745177
2.0,2.0,1.0,3.0,3.0,4.0,1.9829758578518668
2.0,2.0,1.0,3.0,4.0,1.0,1.5349687238309213
2.0,2.0,1.0,4.0,2.0,3.0,1.7947566386002407
2.0,2.0,1.0,4.0,3.0,1.0,1.409892544549485
2.0,2.0,1.0,4.0,3.0,3.0,1.878822944094736
2.0,2.0,1.0,4.0,3.0,4.0,1.9829759768665682
2.0,2.0,1.0,4.0,4.0,3.0,2.0166110376365345
2.0,2.0,1.0,5.0,4.0,2.0,1.8047350865078464
2.0,2.0,1.0,5.0,4.0,3.0,2.2410746101625367
2.0,2.0,1.0,5.0,4.0,4.0,2.319130191292503
2.0,2.0,1.0,5.0,5.0,4.0,2.511417718133864
2.0,2.0,2.0,1.0,1.0,1.0,1.1865261965895566
2.0,2.0,2.0,1.0,2.0,1.0,1.4110193958969746
2.0,2.0,2.0,1.0,2.0,2.0,1.6212177826015244
2.0,2.0,2.0,1.0,3.0,3.0,1.9210685311365656
2.0,2.0,2.0,1.0,4.0,1.0,1.4110193562816276
2.0,2.0,2.0,2.0,1.0,1.0,1.270158910620619
2.0,2.0,2.0,2.0,1.0,2.0,1.621217148494826
2.0,2.0,2.0,2.0,2.0,1.0,1.4959639490567376
2.0,2.0,2.0,2.0,2.0,2.0,1.8127489205039593
2.0,2.0,2.0,2.0,2.0,3.0,1.8202082808849818
2.0,2.0,2.0,2.0,3.0,1.0,1.4959639976363404
2.0,2.0,2.0,2.0,3.0,2.0,1.865426241142628
2.0,2.0,2.0,2.0,3.0,3.0,2.046683103313392
2.0,2.0,2.0,2.0,4.0,4.0,2.2093554821175116
2.0,2.0,2.0,3.0,1.0,1.0,1.5033422160489758
2.0,2.0,2.0,3.0,1.0,2.0,1.6487697436792106
2.0,2.0,2.0,3.0,1.0,3.0,1.8259027693691772
2.0,2.0,2.0,3.0,2.0,1.0,1.5451702259855733
2.0,2.0,2.0,3.0,2.0,2.0,1.865426468123473
2.0,2.0,2.0,3.0,2.0,3.0,2.0593382880444553
2.0,2.0,2.0,3.0,3.0,1.0,1.6394941022996556
2.0,2.0,2.0,3.0,3.0,2.0,1.8654264633705597
2.0,2.0,2.0,3.0,3.0,3.0,2.0593384289980983
2.0,2.0,2.0,3.0,3.0,4.0,2.187882128464618
2.0,2.0,2.0,3.0,4.0,2.0,1.9473801364231966
2.0,2.0,2.0,3.0,4.0,3.0,2.1155665569301596
2.0,2.0,2.0,4.0,2.0,2.0,1.8654265594271577
2.0,2.0,2.0,4.0,2.0,3.0,2.1804476532036245
2.0,2.0,2.0,4.0,2.0,4.0,2.2207443917740637
2.0,2.0,2.0,4.0,3.0,2.0,1.8654266006930318
2.0,2.0,2.0,4.0,3.0,3.0,2.2215220836394556
2.0,2.0,2.0,4.0,3.0,4.0,2.3228693629295214
2.0,2.0,2.0,4.0,4.0,2.0,2.048226095291672
2.0,2.0,2.0,4.0,4.0,3.0,2.2215221857811724
2.0,2.0,2.0,4.0,4.0,4.0,2.465596427616809
2.0,2.0,2.0,4.0,5.0,3.0,2.388411591211149
2.0,2.0,2.0,4.0,5.0,4.0,2.527119200641764
2.0,2.0,2.0,5.0,1.0,2.0,1.8566443000730495
2.0,2.0,2.0,5.0,1.0,4.0,2.226438996079843
2.0,2.0,2.0,5.0,3.0,4.0,2.4306887110386475
2.0,2.0,2.0,5.0,4.0,3.0,2.2410745777651337
2.0,2.0,2.0,5.0,5.0,4.0,2.7415241068186416
2.0,2.0,2.0,5.0,5.0,5.0,2.741524172800379
2.0,2.0,3.0,1.0,2.0,1.0,1.4314908800264636
2.0,2.0,3.0,1.0,2.0,2.0,1.7640691910307047
2.0,2.0,3.0,1.0,3.0,2.0,1.7640692653297851
2.0,2.0,3.0,1.0,3.0,3.0,1.9210684720731253
2.0,2.0,3.0,1.0,4.0,3.0,1.9857216520609824
2.0,2.0,3.0,2.0,1.0,1.0,1.6050997325029306
2.0,2.0,3.0,2.0,1.0,2.0,1.7788485737124207
2.0,2.0,3.0,2.0,2.0,2.0,1.8330537977720767
2.0,2.0,3.0,2.0,2.0,3.0,1.8330539184428618
2.0,2.0,3.0,2.0,3.0,2.0,1.9572948938026737
2.0,2.0,3.0,2.0,3.0,3.0,2.2736082613254216
2.0,2.0,3.0,2.0,4.0,4.0,2.42303892309827
2.0,2.0,3.0,3.0,1.0,3.0,2.1302815293384407
2.0,2.0,3.0,3.0,2.0,1.0,1.8007312486544638
2.0,2.0,3.0,3.0,2.0,2.0,1.9622699930562273
2.0,2.0,3.0,3.0,2.0,3.0,2.1533048634297414
2.0,2.0,3.0,3.0,3.0,2.0,2.0373412236206248
2.0,2.0,3.0,3.0,3.0,3.0,2.35342761383321
2.0,2.0,3.0,3.0,3.0,4.0,2.5910935710576863
2.0,2.0,3.0,3.0,3.0,5.0,2.6136307556093503
2.0,2.0,3.0,3.0,4.0,3.0,2.5040206710966717
2.0,2.0,3.0,3.0,4.0,4.0,2.6754589160549065
2.0,2.0,3.0,3.0,5.0,3.0,2.5040206950266404
2.0,2.0,3.0,4.0,1.0,2.0,1.9625082081243197
2.0,2.0,3.0,4.0,2.0,3.0,2.2497028620591606
2.0,2.0,3.0,4.0,2.0,4.0,2.584612693570462
2.0,2.0,3.0,4.0,3.0,3.0,2.4469634368668127
2.0,2.0,3.0,4.0,3.0,4.0,2.5910935067168785
2.0,2.0,3.0,4.0,4.0,2.0,2.400223404372034
2.0,2.0,3.0,4.0,4.0,3.0,2.552677761155564
2.0,2.0,3.0,4.0,4.0,4.0,2.8176293775283425
2.0,2.0,3.0,4.0,4.0,5.0,2.968175661299682
2.0,2.0,3.0,4.0,5.0,4.0,2.885403224843338
2.0,2.0,3.0,5.0,2.0,2.0,2.3170532485576762
2.0,2.0,3.0,5.0,2.0,3.0,2.357349883745668
2.0,2.0,3.0,5.0,4.0,3.0,2.7062003493830096
2.0,2.0,3.0,5.0,4.0,4.0,2.8176295138484164
2.0,2.0,3.0,5.0,4.0,5.0,3.078107750494196
2.0,2.0,3.0,5.0,5.0,4.0,2.9932226218053324
2.0,2.0,3.0,5.0,5.0,5.0,3.078107769264948
2.0,2.0,4.0,1.0,3.0,3.0,2.241880740398935
2.0,2.0,4.0,2.0,1.0,2.0,1.960552952813025
2.0,2.0,4.0,2.0,1.0,3.0,2.145450283604633
2.0,2.0,4.0,2.0,2.0,3.0,2.247575260146438
2.0,2.0,4.0,3.0,1.0,2.0,2.0683723991890774
2.0,2.0,4.0,3.0,3.0,3.0,2.45751952676709
2.0,2.0,4.0,3.0,3.0,4.0,2.787017455821975
2.0,2.0,4.0,3.0,4.0,3.0,2.704245024444435
2.0,2.0,4.0,4.0,1.0,4.0,2.629950241137442
2.0,2.0,4.0,4.0,2.0,4.0,2.6481113629144106
2.0,2.0,4.0,4.0,3.0,3.0,2.565338869595919
2.0,2.0,4.0,4.0,3.0,4.0,2.9382786377065995
2.0,2.0,4.0,4.0,4.0,3.0,2.7097099099770072
2.0,2.0,4.0,4.0,4.0,4.0,2.975723915949819
2.0,2.0,4.0,4.0,5.0,4.0,2.9757239900689756
2.0,2.0,4.0,5.0,5.0,4.0,3.0623055465249327
2.0,2.0,4.0,5.0,5.0,5.0,3.3423057279518735
2.0,2.0,5.0,3.0,4.0,2.0,2.588430615680326
2.0,2.0,5.0,5.0,4.0,5.0,3.503361937043581
2.0,3.0,1.0,1.0,1.0,1.0,1.1547561876159187
2.0,3.0,1.0,1.0,1.0,2.0,1.1775525502687585
2.0,3.0,1.0,1.0,2.0,1.0,1.1662879885459991
2.0,3.0,1.0,1.0,2.0,2.0,1.4261864344824011
2.0,3.0,1.0,1.0,3.0,1.0,1.1751398480935007
2.0,3.0,1.0,1.0,3.0,2.0,1.4261865133419553
2.0,3.0,1.0,1.0,3.0,3.0,1.5209217180387895
2.0,3.0,1.0,1.0,5.0,3.0,1.8529968544272752
2.0,3.0,1.0,2.0,1.0,1.0,1.1547660409531129
2.0,3.0,1.0,2.0,1.0,2.0,1.3321155906594542
2.0,3.0,1.0,2.0,1.0,3.0,1.5645084788777144
2.0,3.0,1.0,2.0,2.0,1.0,1.3538036731103469
2.0,3.0,1.0,2.0,2.0,2.0,1.5676464756618393
2.0,3.0,1.0,2.0,2.0,3.0,1.5824157221826058
2.0,3.0,1.0,2.0,3.0,1.0,1.3538037135526595
2.0,3.0,1.0,2.0,3.0,2.0,1.605925770489446
2.0,3.0,1.0,2.0,3.0,3.0,1.8788224869237582
2.0,3.0,1.0,2.0,4.0,2.0,1.6843466675707282
2.0,3.0,1.0,2.0,4.0,3.0,1.878822575020048
2.0,3.0,1.0,3.0,1.0,1.0,1.1835544590633398
2.0,3.0,1.0,3.0,1.0,2.0,1.5469436583731255
2.0,3.0,1.0,3.0,1.0,3.0,1.6526851371709577
2.0,3.0,1.0,3.0,2.0,1.0,1.3538037544841308
2.0,3.0,1.0,3.0,2.0,2.0,1.6253775854530552
2.0,3.0,1.0,3.0,2.0,3.0,1.6895736059681299
2.0,3.0,1.0,3.0,3.0,1.0,1.3538037178849383
2.0,3.0,1.0,3.0,3.0,2.0,1.7423013668689487
2.0,3.0,1.0,3.0,3.0,3.0,1.8788225078494192
2.0,3.0,1.0,3.0,3.0,4.0,2.061475036698327
2.0,3.0,1.0,3.0,4.0,3.0,1.9813929623813318
2.0,3.0,1.0,3.0,4.0,4.0,2.1635999565895006
2.0,3.0,1.0,4.0,1.0,1.0,1.3585116148146947
2.0,3.0,1.0,4.0,1.0,2.0,1.5469438348304874
2.0,3.0,1.0,4.0,1.0,3.0,1.6526850675200608
2.0,3.0,1.0,4.0,2.0,1.0,1.4739920453634956
2.0,3.0,1.0,4.0,2.0,2.0,1.7412957095679016
2.0,3.0,1.0,4.0,2.0,3.0,1.794756765194296
2.0,3.0,1.0,4.0,3.0,2.0,1.8117075613720917
2.0,3.0,1.0,4.0,3.0,3.0,1.8788228403926721
2.0,3.0,1.0,4.0,4.0,2.0,2.0166115933979816
2.0,3.0,1.0,4.0,4.0,3.0,2.016611300246215
2.0,3.0,1.0,4.0,4.0,4.0,2.2817413822810733
2.0,3.0,1.0,4.0,4.0,5.0,2.600917269602028
2.0,3.0,1.0,4.0,5.0,3.0,2.1886469211378157
2.0,3.0,1.0,4.0,5.0,4.0,2.281741460389816
2.0,3.0,1.0,4.0,5.0,5.0,2.684651548269137
2.0,3.0,1.0,5.0,1.0,1.0,1.3735714417044578
2.0,3.0,1.0,5.0,1.0,2.0,1.5584687371264492
2.0,3.0,1.0,5.0,1.0,3.0,1.8879666436325695
2.0,3.0,1.0,5.0,2.0,2.0,1.805194141669752
2.0,3.0,1.0,5.0,3.0,1.0,1.577821369725944
2.0,3.0,1.0,5.0,3.0,3.0,2.0922164656700533
2.0,3.0,1.0,5.0,5.0,2.0,2.0166118819249617
2.0,3.0,1.0,5.0,5.0,5.0,2.684651667605329
2.0,3.0,2.0,1.0,1.0,1.0,1.2099631014803502
2.0,3.0,2.0,1.0,1.0,2.0,1.6212179233068664
2.0,3.0,2.0,1.0,1.0,3.0,1.6212179228802137
2.0,3.0,2.0,1.0,2.0,1.0,1.4129177137515523
2.0,3.0,2.0,1.0,2.0,2.0,1.621218213429359
2.0,3.0,2.0,1.0,2.0,3.0,1.6212180864125625
2.0,3.0,2.0,1.0,3.0,1.0,1.4129176161510946
2.0,3.0,2.0,1.0,3.0,2.0,1.6212186201770091
2.0,3.0,2.0,1.0,3.0,3.0,1.9210687741887085
2.0,3.0,2.0,1.0,4.0,1.0,1.4623521541318103
2.0,3.0,2.0,1.0,4.0,2.0,1.8548267165693286
2.0,3.0,2.0,1.0,4.0,3.0,2.0685407412797017
2.0,3.0,2.0,2.0,1.0,1.0,1.4846137211628547
2.0,3.0,2.0,2.0,1.0,2.0,1.621217532115345
2.0,3.0,2.0,2.0,1.0,3.0,1.7157865428728156
2.0,3.0,2.0,2.0,2.0,1.0,1.4959641165164805
2.0,3.0,2.0,2.0,2.0,2.0,1.8127495852998499
2.0,3.0,2.0,2.0,2.0,3.0,2.0217696415782953
2.0,3.0,2.0,2.0,3.0,1.0,1.495964167687703
2.0,3.0,2.0,2.0,3.0,2.0,1.9867132512389036
2.0,3.0,2.0,2.0,3.0,3.0,2.1203639038500173
2.0,3.0,2.0,2.0,4.0,1.0,1.7147719720227321
2.0,3.0,2.0,2.0,4.0,2.0,2.001282111536022
2.0,3.0,2.0,2.0,4.0,3.0,2.1598318956123026
2.0,3.0,2.0,2.0,5.0,2.0,2.001794336293394
2.0,3.0,2.0,2.0,5.0,3.0,2.1866915928570956
2.0,3.0,2.0,3.0,1.0,1.0,1.5033425662833877
2.0,3.0,2.0,3.0,1.0,2.0,1.7946493323401822
2.0,3.0,2.0,3.0,1.0,3.0,1.9317597623047325
2.0,3.0,2.0,3.0,2.0,1.0,1.639494279239665
2.0,3.0,2.0,3.0,2.0,2.0,1.9695636406252834
2.0,3.0,2.0,3.0,2.0,3.0,2.10705496544044
2.0,3.0,2.0,3.0,3.0,1.0,1.6394942722459898
2.0,3.0,2.0,3.0,3.0,2.0,2.0128868374998845
2.0,3.0,2.0,3.0,3.0,3.0,2.3026556311778275
2.0,3.0,2.0,3.0,3.0,4.0,2.3255961311983993
2.0,3.0,2.0,3.0,4.0,2.0,2.0128869818181485
2.0,3.0,2.0,3.0,4.0,3.0,2.302656140167346
2.0,3.0,2.0,3.0,4.0,4.0,2.442543171910694
2.0,3.0,2.0,3.0,5.0,2.0,2.1096136502602425
2.0,3.0,2.0,4.0,1.0,2.0,1.7946494421718147
2.0,3.0,2.0,4.0,1.0,3.0,1.9317599011359625
2.0,3.0,2.0,4.0,2.0,2.0,1.9695639086217198
2.0,3.0,2.0,4.0,2.0,3.0,2.2630574563528696
2.0,3.0,2.0,4.0,2.0,5.0,2.6103509452299476
2.0,3.0,2.0,4.0,3.0,2.0,2.0425064185706407
2.0,3.0,2.0,4.0,3.0,3.0,2.3026557725893047
2.0,3.0,2.0,4.0,4.0,2.0,2.1153080911557818
2.0,3.0,2.0,4.0,4.0,3.0,2.302656543835511
2.0,3.0,2.0,4.0,4.0,4.0,2.4655966856999303
2.0,3.0,2.0,4.0,5.0,3.0,2.3884116971581433
2.0,3.0,2.0,4.0,5.0,4.0,2.6024650161879546
2.0,3.0,2.0,4.0,5.0,5.0,2.766018087897478
2.0,3.0,2.0,5.0,1.0,4.0,2.2695590594357835
2.0,3.0,2.0,5.0,2.0,4.0,2.521081065054434
2.0,3.0,2.0,5.0,3.0,2.0,2.042506649310415
2.0,3.0,2.0,5.0,3.0,3.0,2.429262642534787
2.0,3.0,2.0,5.0,3.0,4.0,2.5551260470118966
2.0,3.0,2.0,5.0,4.0,2.0,2.3035360833259086
2.0,3.0,2.0,5.0,4.0,3.0,2.429262717043163
2.0,3.0,2.0,5.0,4.0,4.0,2.6152332203228896
2.0,3.0,2.0,5.0,4.0,5.0,2.679555084968457
2.0,3.0,2.0,5.0,5.0,2.0,2.32525241374655
2.0,3.0,2.0,5.0,5.0,3.0,2.5101497787950366
2.0,3.0,2.0,5.0,5.0,4.0,2.7415241512788087
2.0,3.0,2.0,5.0,5.0,5.0,2.7660180138124097
2.0,3.0,3.0,1.0,1.0,1.0,1.3783003413270556
2.0,3.0,3.0,1.0,1.0,2.0,1.6991586555250349
2.0,3.0,3.0,1.0,1.0,4.0,2.050562682522263
2.0,3.0,3.0,1.0,2.0,1.0,1.5267390064253095
2.0,3.0,3.0,1.0,2.0,2.0,1.7640698249618714
2.0,3.0,3.0,1.0,2.0,3.0,1.9210685522922866
2.0,3.0,3.0,1.0,3.0,1.0,1.5468268092606334
2.0,3.0,3.0,1.0,3.0,2.0,1.7640699053910793
2.0,3.0,3.0,1.0,3.0,3.0,1.9210686772300174
2.0,3.0,3.0,1.0,5.0,3.0,2.376607281040037
2.0,3.0,3.0,2.0,1.0,1.0,1.605100012377162
2.0,3.0,3.0,2.0,1.0,2.0,1.924421650162904
2.0,3.0,3.0,2.0,1.0,3.0,1.9918753919457732
2.0,3.0,3.0,2.0,1.0,4.0,2.0505628022818785
2.0,3.0,3.0,2.0,2.0,1.0,1.605946390198436
2.0,3.0,3.0,2.0,2.0,2.0,1.9699458830122338
2.0,3.0,3.0,2.0,2.0,3.0,2.2736097660015506
2.0,3.0,3.0,2.0,2.0,4.0,2.4234982305055306
2.0,3.0,3.0,2.0,3.0,1.0,1.681729946982689
2.0,3.0,3.0,2.0,3.0,2.0,2.0032469451936503
2.0,3.0,3.0,2.0,3.0,3.0,2.273609198685953
2.0,3.0,3.0,2.0,4.0,2.0,2.1799089757159833
2.0,3.0,3.0,2.0,4.0,3.0,2.441976553849921
2.0,3.0,3.0,2.0,4.0,4.0,2.541876852923008
2.0,3.0,3.0,3.0,1.0,1.0,1.6051000948010161
2.0,3.0,3.0,3.0,1.0,2.0,1.9244217527848533
2.0,3.0,3.0,3.0,1.0,3.0,2.1302819214878848
2.0,3.0,3.0,3.0,2.0,1.0,1.8532459986919354
2.0,3.0,3.0,3.0,2.0,2.0,2.15620947836272
2.0,3.0,3.0,3.0,2.0,3.0,2.2736104156073487
2.0,3.0,3.0,3.0,2.0,4.0,2.5313176218684776
2.0,3.0,3.0,3.0,3.0,1.0,2.079543439418711
2.0,3.0,3.0,3.0,3.0,2.0,2.156209564472787
2.0,3.0,3.0,3.0,3.0,3.0,2.3537706492793937
2.0,3.0,3.0,3.0,3.0,4.0,2.5910937530226392
2.0,3.0,3.0,3.0,4.0,3.0,2.694473508825559
2.0,3.0,3.0,3.0,4.0,4.0,2.752148501318762
2.0,3.0,3.0,3.0,5.0,3.0,2.6944736804581826
2.0,3.0,3.0,3.0,5.0,4.0,2.752148548821955
2.0,3.0,3.0,3.0,5.0,5.0,3.022589755311271
2.0,3.0,3.0,4.0,1.0,1.0,1.6931191946449526
2.0,3.0,3.0,4.0,1.0,3.0,2.214827577887928
2.0,3.0,3.0,4.0,1.0,4.0,2.3267697862785193
2.0,3.0,3.0,4.0,2.0,2.0,2.2806114785602993
2.0,3.0,3.0,4.0,2.0,3.0,2.2806114241844395
2.0,3.0,3.0,4.0,2.0,4.0,2.584612851881758
2.0,3.0,3.0,4.0,3.0,2.0,2.400223532653012
2.0,3.0,3.0,4.0,3.0,3.0,2.6554340646751347
2.0,3.0,3.0,4.0,3.0,4.0,2.6922481025768343
2.0,3.0,3.0,4.0,3.0,5.0,2.982586729076312
2.0,3.0,3.0,4.0,4.0,2.0,2.400223537267571
2.0,3.0,3.0,4.0,4.0,3.0,2.694473591567637
2.0,3.0,3.0,4.0,4.0,4.0,2.900517819391499
2.0,3.0,3.0,4.0,4.0,5.0,3.0282842028052777
2.0,3.0,3.0,4.0,5.0,3.0,2.694473748315392
2.0,3.0,3.0,4.0,5.0,4.0,2.900518044381402
2.0,3.0,3.0,5.0,1.0,1.0,1.8164440004523792
2.0,3.0,3.0,5.0,1.0,3.0,2.214827685113124
2.0,3.0,3.0,5.0,1.0,4.0,2.32676990669713
2.0,3.0,3.0,5.0,2.0,3.0,2.6173853673739225
2.0,3.0,3.0,5.0,3.0,2.0,2.404428712406461
2.0,3.0,3.0,5.0,3.0,3.0,2.6922483912244624
2.0,3.0,3.0,5.0,3.0,4.0,2.6922483489192772
2.0,3.0,3.0,5.0,3.0,5.0,2.9825868204134673
2.0,3.0,3.0,5.0,4.0,3.0,2.7310959510061097
2.0,3.0,3.0,5.0,4.0,4.0,2.978797854045821
2.0,3.0,3.0,5.0,4.0,5.0,3.0781078653535836
2.0,3.0,3.0,5.0,5.0,3.0,2.731096081175755
2.0,3.0,3.0,5.0,5.0,4.0,3.0465934309355407
2.0,3.0,3.0,5.0,5.0,5.0,3.283034247264663
2.0,3.0,4.0,1.0,2.0,1.0,1.7878235957375943
2.0,3.0,4.0,1.0,2.0,2.0,1.870366444007174
2.0,3.0,4.0,1.0,3.0,1.0,1.8144283006249164
2.0,3.0,4.0,1.0,3.0,3.0,2.396372765612721
2.0,3.0,4.0,2.0,1.0,2.0,2.0206614884284395
2.0,3.0,4.0,2.0,2.0,2.0,2.2163798611312506
2.0,3.0,4.0,2.0,3.0,2.0,2.216380070808317
2.0,3.0,4.0,2.0,3.0,3.0,2.578994916309087
2.0,3.0,4.0,2.0,4.0,3.0,2.726182652488378
2.0,3.0,4.0,3.0,3.0,2.0,2.2163802624191122
2.0,3.0,4.0,3.0,3.0,3.0,2.6642907953808272
2.0,3.0,4.0,3.0,3.0,4.0,2.825888145427035
2.0,3.0,4.0,3.0,4.0,2.0,2.5602846540533877
2.0,3.0,4.0,3.0,4.0,3.0,2.7995724156702364
2.0,3.0,4.0,3.0,4.0,4.0,2.8258882198946003
2.0,3.0,4.0,4.0,1.0,2.0,2.2363003845470293
2.0,3.0,4.0,4.0,2.0,3.0,2.565756089187357
2.0,3.0,4.0,4.0,2.0,4.0,2.7082199126686644
2.0,3.0,4.0,4.0,3.0,3.0,2.8822264504150072
2.0,3.0,4.0,4.0,3.0,4.0,2.938278797706321
2.0,3.0,4.0,4.0,4.0,3.0,2.882226423242688
2.0,3.0,4.0,4.0,4.0,4.0,3.150460971267872
2.0,3.0,4.0,4.0,4.0,5.0,3.2419676796877765
2.0,3.0,4.0,4.0,5.0,3.0,2.9742978798724016
2.0,3.0,4.0,4.0,5.0,4.0,3.265416371470212
2.0,3.0,4.0,4.0,5.0,5.0,3.344092588540692
2.0,3.0,4.0,5.0,1.0,4.0,2.6299504952024413
2.0,3.0,4.0,5.0,3.0,3.0,2.882226510605967
2.0,3.0,4.0,5.0,3.0,4.0,3.0299835041019896
2.0,3.0,4.0,5.0,4.0,4.0,3.1648897149643673
2.0,3.0,4.0,5.0,4.0,5.0,3.412317322060985
2.0,3.0,4.0,5.0,5.0,5.0,3.412317309259236
2.0,3.0,5.0,1.0,3.0,1.0,2.0012774926057633
2.0,3.0,5.0,1.0,3.0,2.0,2.1861748189880474
2.0,3.0,5.0,2.0,5.0,3.0,2.960150695826334
2.0,3.0,5.0,3.0,3.0,1.0,2.2169162299507064
2.0,3.0,5.0,3.0,3.0,3.0,2.731311577575693
2.0,3.0,5.0,3.0,4.0,2.0,2.6485391213493426
2.0,3.0,5.0,5.0,5.0,5.0,3.6655954354537745
2.0,4.0,1.0,1.0,1.0,1.0,1.154758894503109
2.0,4.0,1.0,1.0,1.0,2.0,1.387824682789554
2.0,4.0,1.0,1.0,2.0,1.0,1.2319240499990047
2.0,4.0,1.0,1.0,2.0,2.0,1.575640713651737
2.0,4.0,1.0,1.0,3.0,1.0,1.2319240950605492
2.0,4.0,1.0,1.0,3.0,2.0,1.5756407825347352
2.0,4.0,1.0,1.0,3.0,3.0,1.756288197784958
2.0,4.0,1.0,1.0,4.0,1.0,1.4399477980968252
2.0,4.0,1.0,1.0,4.0,2.0,1.6382749842266737
2.0,4.0,1.0,1.0,4.0,3.0,1.7809262598557112
2.0,4.0,1.0,2.0,1.0,1.0,1.1616005291391287
2.0,4.0,1.0,2.0,1.0,2.0,1.3878249785636578
2.0,4.0,1.0,2.0,2.0,1.0,1.3538039689861323
2.0,4.0,1.0,2.0,2.0,2.0,1.6310527013792837
2.0,4.0,1.0,2.0,3.0,1.0,1.353803905915524
2.0,4.0,1.0,2.0,3.0,2.0,1.6843465140599612
2.0,4.0,1.0,2.0,3.0,3.0,1.9318721173582438
2.0,4.0,1.0,2.0,4.0,1.0,1.4399478699043744
2.0,4.0,1.0,2.0,4.0,2.0,1.6843467077685053
2.0,4.0,1.0,2.0,4.0,3.0,1.9318721931194032
2.0,4.0,1.0,2.0,5.0,2.0,1.8482194995653674
2.0,4.0,1.0,3.0,1.0,1.0,1.1835549833846017
2.0,4.0,1.0,3.0,1.0,2.0,1.601063707966777
2.0,4.0,1.0,3.0,1.0,3.0,1.6526853391246112
2.0,4.0,1.0,3.0,2.0,1.0,1.3538039739244534
2.0,4.0,1.0,3.0,2.0,2.0,1.6310526987625449
2.0,4.0,1.0,3.0,2.0,3.0,1.7595102115541732
2.0,4.0,1.0,3.0,3.0,1.0,1.5349693414985148
2.0,4.0,1.0,3.0,3.0,2.0,1.7720185495294174
2.0,4.0,1.0,3.0,3.0,3.0,1.9318720228593504
2.0,4.0,1.0,3.0,4.0,1.0,1.5349690986665974
2.0,4.0,1.0,3.0,4.0,2.0,1.9592167112216818
2.0,4.0,1.0,3.0,4.0,3.0,2.0388111446562087
2.0,4.0,1.0,3.0,4.0,4.0,2.3577263324449023
2.0,4.0,1.0,3.0,5.0,3.0,2.277161074068614
2.0,4.0,1.0,4.0,1.0,1.0,1.4704611626545114
2.0,4.0,1.0,4.0,1.0,2.0,1.6010639108524343
2.0,4.0,1.0,4.0,1.0,3.0,1.6526853966358996
2.0,4.0,1.0,4.0,1.0,4.0,1.895642419009341
2.0,4.0,1.0,4.0,2.0,1.0,1.4739921669371336
2.0,4.0,1.0,4.0,2.0,3.0,1.949659630319021
2.0,4.0,1.0,4.0,3.0,1.0,1.5349696535217427
2.0,4.0,1.0,4.0,3.0,2.0,1.8117076508742707
2.0,4.0,1.0,4.0,3.0,3.0,2.17071552286669
2.0,4.0,1.0,4.0,3.0,4.0,2.3267542460945205
2.0,4.0,1.0,4.0,4.0,2.0,2.0166117118242215
2.0,4.0,1.0,4.0,4.0,3.0,2.2046052017453204
2.0,4.0,1.0,4.0,4.0,4.0,2.4655985816168777
2.0,4.0,1.0,5.0,1.0,2.0,1.7631778224415773
2.0,4.0,1.0,5.0,1.0,3.0,2.092675759431949
2.0,4.0,1.0,5.0,3.0,3.0,2.170715642205453
2.0,4.0,1.0,5.0,4.0,3.0,2.254449934888179
2.0,4.0,1.0,5.0,4.0,4.0,2.465599406096608
2.0,4.0,1.0,5.0,5.0,2.0,2.027076839309645
2.0,4.0,2.0,1.0,1.0,1.0,1.2099631413519372
2.0,4.0,2.0,1.0,1.0,2.0,1.6212182723145976
2.0,4.0,2.0,1.0,1.0,3.0,1.7304811059324265
2.0,4.0,2.0,1.0,2.0,1.0,1.412917820372212
2.0,4.0,2.0,1.0,2.0,2.0,1.6212186017786259
2.0,4.0,2.0,1.0,2.0,3.0,1.8326059751934989
2.0,4.0,2.0,1.0,3.0,1.0,1.5381778960759418
2.0,4.0,2.0,1.0,3.0,2.0,1.621218879473097
2.0,4.0,2.0,1.0,3.0,3.0,1.9586486421986835
2.0,4.0,2.0,1.0,4.0,1.0,1.5381779573421073
2.0,4.0,2.0,1.0,4.0,3.0,2.068540996360787
2.0,4.0,2.0,1.0,4.0,4.0,2.0685412124221774
2.0,4.0,2.0,2.0,1.0,1.0,1.4846140544403672
2.0,4.0,2.0,2.0,1.0,2.0,1.6373749062958798
2.0,4.0,2.0,2.0,1.0,3.0,1.8383004587784668
2.0,4.0,2.0,2.0,2.0,1.0,1.5067912034665978
2.0,4.0,2.0,2.0,2.0,2.0,1.8127504665844245
2.0,4.0,2.0,2.0,2.0,3.0,2.0729090704377944
2.0,4.0,2.0,2.0,3.0,1.0,1.6173730704425326
2.0,4.0,2.0,2.0,3.0,2.0,1.9867136566833132
2.0,4.0,2.0,2.0,3.0,3.0,2.2848779374337616
2.0,4.0,2.0,2.0,3.0,4.0,2.442543389065792
2.0,4.0,2.0,2.0,4.0,2.0,2.0012822622841644
2.0,4.0,2.0,2.0,4.0,3.0,2.284878109958985
2.0,4.0,2.0,2.0,4.0,4.0,2.4425434294347927
2.0,4.0,2.0,3.0,1.0,2.0,1.7946496044172808
2.0,4.0,2.0,3.0,1.0,3.0,1.958206512053062
2.0,4.0,2.0,3.0,2.0,2.0,1.969563874013921
2.0,4.0,2.0,3.0,2.0,3.0,2.197074667782628
2.0,4.0,2.0,3.0,3.0,1.0,1.645260274156401
2.0,4.0,2.0,3.0,3.0,2.0,2.05192920583023
2.0,4.0,2.0,3.0,3.0,3.0,2.3291475365600762
2.0,4.0,2.0,3.0,3.0,4.0,2.4425434978238543
2.0,4.0,2.0,3.0,4.0,2.0,2.105454952917714
2.0,4.0,2.0,3.0,4.0,3.0,2.329147878170423
2.0,4.0,2.0,3.0,4.0,4.0,2.4425434039705363
2.0,4.0,2.0,3.0,5.0,5.0,2.8384486715884707
2.0,4.0,2.0,4.0,1.0,1.0,1.6841447390280222
2.0,4.0,2.0,4.0,1.0,2.0,1.794649630366213
2.0,4.0,2.0,4.0,1.0,3.0,2.0376194646464243
2.0,4.0,2.0,4.0,2.0,2.0,1.9695640786805222
2.0,4.0,2.0,4.0,2.0,3.0,2.2630576630532775
2.0,4.0,2.0,4.0,2.0,4.0,2.3994787205941996
2.0,4.0,2.0,4.0,3.0,1.0,2.0795445370336223
2.0,4.0,2.0,4.0,3.0,2.0,2.1690131508003714
2.0,4.0,2.0,4.0,3.0,3.0,2.3652128136854964
2.0,4.0,2.0,4.0,3.0,4.0,2.4425436769253506
2.0,4.0,2.0,4.0,4.0,2.0,2.279588333195441
2.0,4.0,2.0,4.0,4.0,3.0,2.3652129064033893
2.0,4.0,2.0,4.0,4.0,4.0,2.4655972562956365
2.0,4.0,2.0,4.0,5.0,4.0,2.602465167586209
2.0,4.0,2.0,5.0,2.0,3.0,2.2638835880425012
2.0,4.0,2.0,5.0,2.0,5.0,2.6189798168358176
2.0,4.0,2.0,5.0,3.0,2.0,2.1811111134035226
2.0,4.0,2.0,5.0,3.0,3.0,2.456374965480151
2.0,4.0,2.0,5.0,3.0,4.0,2.6076407944679456
2.0,4.0,2.0,5.0,3.0,5.0,2.8955122797092163
2.0,4.0,2.0,5.0,4.0,1.0,2.0983385871897298
2.0,4.0,2.0,5.0,4.0,2.0,2.3035362574767384
2.0,4.0,2.0,5.0,4.0,3.0,2.4563750018423325
2.0,4.0,2.0,5.0,4.0,4.0,2.75683511484981
2.0,4.0,2.0,5.0,4.0,5.0,3.020193846954059
2.0,4.0,2.0,5.0,5.0,4.0,2.7568351443619465
2.0,4.0,2.0,5.0,5.0,5.0,3.0201938140930067
2.0,4.0,3.0,1.0,1.0,1.0,1.3783004894381912
2.0,4.0,3.0,1.0,1.0,2.0,1.7592671756710427
2.0,4.0,3.0,1.0,2.0,1.0,1.5267392166114262
2.0,4.0,3.0,1.0,2.0,2.0,1.8924858169498675
2.0,4.0,3.0,1.0,2.0,4.0,2.375787386288418
2.0,4.0,3.0,1.0,3.0,1.0,1.5539219219188005
2.0,4.0,3.0,1.0,3.0,2.0,1.9364985085729463
2.0,4.0,3.0,1.0,3.0,3.0,2.227284320322301
2.0,4.0,3.0,1.0,4.0,2.0,1.9364984818274225
2.0,4.0,3.0,2.0,1.0,1.0,1.6821892056844612
2.0,4.0,3.0,2.0,1.0,2.0,1.924421859355757
2.0,4.0,3.0,2.0,1.0,3.0,2.1302823063742986
2.0,4.0,3.0,2.0,2.0,1.0,1.784314166903995
2.0,4.0,3.0,2.0,2.0,2.0,2.105647005641966
2.0,4.0,3.0,2.0,2.0,3.0,2.3754896234118488
2.0,4.0,3.0,2.0,2.0,4.0,2.4836067438341525
2.0,4.0,3.0,2.0,3.0,2.0,2.1354983140311252
2.0,4.0,3.0,2.0,3.0,3.0,2.4419767274090964
2.0,4.0,3.0,2.0,3.0,4.0,2.5418772407438466
2.0,4.0,3.0,2.0,4.0,2.0,2.296824038880449
2.0,4.0,3.0,2.0,4.0,3.0,2.4419767122786427
2.0,4.0,3.0,2.0,4.0,4.0,2.5418770681276914
2.0,4.0,3.0,2.0,4.0,5.0,2.872753994852103
2.0,4.0,3.0,2.0,5.0,2.0,2.296824114361772
2.0,4.0,3.0,2.0,5.0,4.0,2.8944471156614218
2.0,4.0,3.0,3.0,1.0,2.0,1.9244218979136378
2.0,4.0,3.0,3.0,1.0,3.0,2.1302822950688993
2.0,4.0,3.0,3.0,1.0,4.0,2.4169122654343194
2.0,4.0,3.0,3.0,2.0,2.0,2.280611559260766
2.0,4.0,3.0,3.0,2.0,3.0,2.3754900956735567
2.0,4.0,3.0,3.0,2.0,4.0,2.6632279228649662
2.0,4.0,3.0,3.0,3.0,1.0,2.0795438166809435
2.0,4.0,3.0,3.0,3.0,2.0,2.4044277510395244
2.0,4.0,3.0,3.0,3.0,3.0,2.6554339991579563
2.0,4.0,3.0,3.0,3.0,4.0,2.6632278479221716
2.0,4.0,3.0,3.0,4.0,2.0,2.404428041467629
2.0,4.0,3.0,3.0,4.0,3.0,2.694473600460128
2.0,4.0,3.0,3.0,4.0,4.0,2.7521486231271632
2.0,4.0,3.0,3.0,5.0,2.0,2.4044281399486227
2.0,4.0,3.0,3.0,5.0,3.0,2.694473778824975
2.0,4.0,3.0,3.0,5.0,4.0,2.894447351468889
2.0,4.0,3.0,3.0,5.0,5.0,3.0791959948402043
2.0,4.0,3.0,4.0,1.0,1.0,1.8978281243476578
2.0,4.0,3.0,4.0,1.0,2.0,2.1986072230870692
2.0,4.0,3.0,4.0,1.0,3.0,2.443069826407883
2.0,4.0,3.0,4.0,1.0,4.0,2.578729991839014
2.0,4.0,3.0,4.0,2.0,1.0,1.9999529000899088
2.0,4.0,3.0,4.0,2.0,2.0,2.2806117476901013
2.0,4.0,3.0,4.0,2.0,3.0,2.443069549623587
2.0,4.0,3.0,4.0,2.0,4.0,2.7170284895305485
2.0,4.0,3.0,4.0,3.0,1.0,2.0795442715647914
2.0,4.0,3.0,4.0,3.0,2.0,2.4044280096480293
2.0,4.0,3.0,4.0,3.0,3.0,2.6554341472473397
2.0,4.0,3.0,4.0,3.0,4.0,2.720090755651875
2.0,4.0,3.0,4.0,4.0,1.0,2.348803251941194
2.0,4.0,3.0,4.0,4.0,2.0,2.4044283176479793
2.0,4.0,3.0,4.0,4.0,3.0,2.705876791246366
2.0,4.0,3.0,4.0,4.0,4.0,2.9666222875837818
2.0,4.0,3.0,4.0,4.0,5.0,3.200912810949052
2.0,4.0,3.0,4.0,5.0,3.0,2.705877180884719
2.0,4.0,3.0,4.0,5.0,4.0,3.003560137599679
2.0,4.0,3.0,4.0,5.0,5.0,3.2830343177457872
2.0,4.0,3.0,5.0,1.0,3.0,2.4430703347555998
2.0,4.0,3.0,5.0,1.0,4.0,2.5787301118650516
2.0,4.0,3.0,5.0,2.0,4.0,2.717030804326922
2.0,4.0,3.0,5.0,3.0,3.0,2.706857205141219
2.0,4.0,3.0,5.0,3.0,4.0,2.7592424472038157
2.0,4.0,3.0,5.0,3.0,5.0,3.0519176527942866
2.0,4.0,3.0,5.0,4.0,2.0,2.404428728021399
2.0,4.0,3.0,5.0,4.0,4.0,3.0567363891343966
2.0,4.0,3.0,5.0,4.0,5.0,3.200912838267705
2.0,4.0,3.0,5.0,5.0,3.0,2.944571631435692
2.0,4.0,3.0,5.0,5.0,4.0,3.056736643892667
2.0,4.0,3.0,5.0,5.0,5.0,3.2830342327917577
2.0,4.0,4.0,1.0,1.0,1.0,1.6434527282264584
2.0,4.0,4.0,1.0,2.0,1.0,1.7878237389970966
2.0,4.0,4.0,2.0,1.0,1.0,1.751272130595638
2.0,4.0,4.0,2.0,1.0,2.0,2.0807700067803325
2.0,4.0,4.0,2.0,2.0,2.0,2.2640115748895915
2.0,4.0,4.0,2.0,2.0,3.0,2.3754893370914467
2.0,4.0,4.0,2.0,3.0,3.0,2.5789951477103967
2.0,4.0,4.0,2.0,4.0,2.0,2.389069230593111
2.0,4.0,4.0,2.0,4.0,3.0,2.726182833792611
2.0,4.0,4.0,2.0,4.0,4.0,2.7876460356147894
2.0,4.0,4.0,3.0,1.0,1.0,1.859091471304787
2.0,4.0,4.0,3.0,1.0,2.0,2.188589441381023
2.0,4.0,4.0,3.0,1.0,3.0,2.5180873564206205
2.0,4.0,4.0,3.0,2.0,3.0,2.5418592701219263
2.0,4.0,4.0,3.0,3.0,2.0,2.469543704179382
2.0,4.0,4.0,3.0,3.0,3.0,2.7995725971990972
2.0,4.0,4.0,3.0,3.0,4.0,3.029983712253335
2.0,4.0,4.0,3.0,4.0,2.0,2.5602848133089284
2.0,4.0,4.0,3.0,4.0,3.0,2.7995726047842644
2.0,4.0,4.0,3.0,4.0,4.0,3.0299836974874887
2.0,4.0,4.0,3.0,5.0,4.0,3.256084948585591
2.0,4.0,4.0,4.0,1.0,2.0,2.419771539808736
2.0,4.0,4.0,4.0,2.0,2.0,2.419771615499871
2.0,4.0,4.0,4.0,2.0,3.0,2.5657562839641277
2.0,4.0,4.0,4.0,2.0,4.0,2.797596158778102
2.0,4.0,4.0,4.0,3.0,3.0,2.8822265906174
2.0,4.0,4.0,4.0,3.0,4.0,3.029983893096413
2.0,4.0,4.0,4.0,4.0,2.0,2.6432089330228643
2.0,4.0,4.0,4.0,4.0,3.0,3.0142098182061274
2.0,4.0,4.0,4.0,4.0,4.0,3.166448902110522
2.0,4.0,4.0,4.0,4.0,5.0,3.386083119763795
2.0,4.0,4.0,4.0,5.0,4.0,3.317931119664751
2.0,4.0,4.0,4.0,5.0,5.0,3.3860831553924524
2.0,4.0,4.0,5.0,2.0,2.0,2.5063531273526323
2.0,4.0,4.0,5.0,3.0,3.0,3.0142099899194705
2.0,4.0,4.0,5.0,3.0,4.0,3.029983712145288
2.0,4.0,4.0,5.0,3.0,5.0,3.1631701332293325
2.0,4.0,4.0,5.0,4.0,3.0,3.014209988357305
2.0,4.0,4.0,5.0,4.0,4.0,3.2234279919513855
2.0,4.0,4.0,5.0,4.0,5.0,3.412317452053322
2.0,4.0,4.0,5.0,5.0,4.0,3.5167971053278997
2.0,4.0,4.0,5.0,5.0,5.0,3.6059074340086874
2.0,4.0,5.0,2.0,3.0,2.0,2.498703365139779
2.0,4.0,5.0,3.0,4.0,3.0,3.0333266627632773
2.0,4.0,5.0,3.0,5.0,4.0,3.457520301655323
2.0,4.0,5.0,4.0,4.0,4.0,3.294068644397542
2.0,4.0,5.0,4.0,5.0,3.0,3.2480898920711225
2.0,4.0,5.0,4.0,5.0,4.0,3.457520425109243
2.0,4.0,5.0,5.0,4.0,3.0,3.1091837998414342
2.0,4.0,5.0,5.0,4.0,4.0,3.294081165001517
2.0,4.0,5.0,5.0,5.0,5.0,3.6662347232550836
2.0,5.0,1.0,1.0,1.0,1.0,1.1547662342897718
2.0,5.0,1.0,1.0,1.0,2.0,1.3878247803364272
2.0,5.0,1.0,1.0,2.0,1.0,1.2319241809933048
2.0,5.0,1.0,1.0,2.0,3.0,1.5756409321320792
2.0,5.0,1.0,1.0,3.0,1.0,1.3877534813111931
2.0,5.0,1.0,1.0,3.0,2.0,1.5756410164639505
2.0,5.0,1.0,1.0,4.0,1.0,1.439947926094881
2.0,5.0,1.0,1.0,4.0,3.0,1.7809264025931781
2.0,5.0,1.0,1.0,5.0,3.0,1.8529971378099597
2.0,5.0,1.0,2.0,1.0,1.0,1.3688405786194209
2.0,5.0,1.0,2.0,1.0,2.0,1.3878249822513289
2.0,5.0,1.0,2.0,1.0,3.0,1.5982220749697955
2.0,5.0,1.0,2.0,2.0,1.0,1.4555874500665456
2.0,5.0,1.0,2.0,2.0,2.0,1.6310529236107556
2.0,5.0,1.0,2.0,2.0,3.0,1.78685044708392
2.0,5.0,1.0,2.0,3.0,1.0,1.5121515010120756
2.0,5.0,1.0,2.0,3.0,2.0,1.728707597801962
2.0,5.0,1.0,2.0,3.0,3.0,1.9318722723334911
2.0,5.0,1.0,2.0,4.0,1.0,1.7659061993790275
2.0,5.0,1.0,2.0,4.0,3.0,2.045009915941076
2.0,5.0,1.0,3.0,1.0,1.0,1.3688405496048976
2.0,5.0,1.0,3.0,1.0,2.0,1.6572143991916028
2.0,5.0,1.0,3.0,1.0,3.0,1.8390820623365816
2.0,5.0,1.0,3.0,2.0,1.0,1.524875415712522
2.0,5.0,1.0,3.0,2.0,2.0,1.6627146883081243
2.0,5.0,1.0,3.0,3.0,1.0,1.5477891655714682
2.0,5.0,1.0,3.0,3.0,2.0,1.9318724516583863
2.0,5.0,1.0,3.0,3.0,3.0,1.9318723278346224
2.0,5.0,1.0,3.0,4.0,2.0,1.9592168922042084
2.0,5.0,1.0,3.0,4.0,3.0,2.0450100389718027
2.0,5.0,1.0,3.0,4.0,4.0,2.4284176165347526
2.0,5.0,1.0,3.0,5.0,2.0,2.1404396712232203
2.0,5.0,1.0,3.0,5.0,5.0,2.5708393026757665
2.0,5.0,1.0,4.0,2.0,2.0,1.74129601936331
2.0,5.0,1.0,4.0,3.0,4.0,2.4157214283528394
2.0,5.0,1.0,4.0,4.0,1.0,1.9815448888451672
2.0,5.0,1.0,4.0,4.0,2.0,2.0218417189499247
2.0,5.0,1.0,4.0,4.0,3.0,2.204605394295739
2.0,5.0,1.0,4.0,4.0,4.0,2.4802748085607442
2.0,5.0,1.0,4.0,5.0,3.0,2.2771612794418292
2.0,5.0,1.0,4.0,5.0,4.0,2.4802748142442055
2.0,5.0,1.0,5.0,2.0,1.0,1.5959134244090125
2.0,5.0,1.0,5.0,3.0,4.0,2.4157215481443504
2.0,5.0,1.0,5.0,5.0,4.0,2.5114181455337867
2.0,5.0,1.0,5.0,5.0,5.0,2.6871193579878927
2.0,5.0,2.0,1.0,1.0,1.0,1.2761939812654446
2.0,5.0,2.0,1.0,1.0,2.0,1.6369515380016828
2.0,5.0,2.0,1.0,2.0,1.0,1.506791246127129
2.0,5.0,2.0,1.0,2.0,2.0,1.6369516104613357
2.0,5.0,2.0,1.0,2.0,3.0,1.8927145048606466
2.0,5.0,2.0,1.0,3.0,1.0,1.617373143866121
2.0,5.0,2.0,1.0,3.0,2.0,1.8896936273360558
2.0,5.0,2.0,1.0,3.0,3.0,1.9959969156240074
2.0,5.0,2.0,1.0,4.0,1.0,1.6762095274371782
2.0,5.0,2.0,1.0,4.0,3.0,2.2286500922580745
2.0,5.0,2.0,1.0,4.0,4.0,2.228650227452383
2.0,5.0,2.0,1.0,5.0,5.0,2.7134845707510675
2.0,5.0,2.0,2.0,1.0,1.0,1.5067913041546632
2.0,5.0,2.0,2.0,1.0,2.0,1.6373750494602808
2.0,5.0,2.0,2.0,1.0,3.0,1.8984089944305198
2.0,5.0,2.0,2.0,1.0,4.0,2.08330633399585
2.0,5.0,2.0,2.0,2.0,1.0,1.506791307982846
2.0,5.0,2.0,2.0,2.0,2.0,1.8127511080178624
2.0,5.0,2.0,2.0,2.0,3.0,2.072909268517984
2.0,5.0,2.0,2.0,2.0,4.0,2.185431263004245
2.0,5.0,2.0,2.0,3.0,1.0,1.6173731961625388
2.0,5.0,2.0,2.0,3.0,2.0,1.986714083843616
2.0,5.0,2.0,2.0,3.0,3.0,2.2848781893539956
2.0,5.0,2.0,2.0,4.0,1.0,1.8349890417824615
2.0,5.0,2.0,2.0,4.0,2.0,2.0154250469143746
2.0,5.0,2.0,2.0,4.0,3.0,2.2848783072713124
2.0,5.0,2.0,2.0,5.0,3.0,2.52070378588478
2.0,5.0,2.0,2.0,5.0,4.0,2.626044292128226
2.0,5.0,2.0,3.0,1.0,2.0,1.7946498762840504
2.0,5.0,2.0,3.0,1.0,3.0,2.006228390010294
2.0,5.0,2.0,3.0,2.0,2.0,2.060618718202943
2.0,5.0,2.0,3.0,2.0,3.0,2.329149152875068
2.0,5.0,2.0,3.0,2.0,4.0,2.4378512344473324
2.0,5.0,2.0,3.0,3.0,2.0,2.0606186668603814
2.0,5.0,2.0,3.0,3.0,3.0,2.3291483112280282
2.0,5.0,2.0,3.0,3.0,4.0,2.4717591502405805
2.0,5.0,2.0,3.0,3.0,5.0,2.5802729415238197
2.0,5.0,2.0,3.0,4.0,2.0,2.1277057955808774
2.0,5.0,2.0,3.0,4.0,3.0,2.329148312903897
2.0,5.0,2.0,3.0,4.0,4.0,2.62604437871432
2.0,5.0,2.0,3.0,5.0,3.0,2.5310218477155373
2.0,5.0,2.0,3.0,5.0,4.0,2.6260443992767586
2.0,5.0,2.0,3.0,5.0,5.0,2.8384487619724874
2.0,5.0,2.0,4.0,1.0,2.0,1.9291504342915669
2.0,5.0,2.0,4.0,1.0,4.0,2.2695594058676662
2.0,5.0,2.0,4.0,2.0,2.0,2.06061885091883
2.0,5.0,2.0,4.0,2.0,3.0,2.3291497070642087
2.0,5.0,2.0,4.0,3.0,2.0,2.242879949771908
2.0,5.0,2.0,4.0,3.0,3.0,2.4882813372625994
2.0,5.0,2.0,4.0,3.0,4.0,2.6968071723512472
2.0,5.0,2.0,4.0,3.0,5.0,2.6968075064967
2.0,5.0,2.0,4.0,4.0,2.0,2.40701611001461
2.0,5.0,2.0,4.0,4.0,3.0,2.5310217092103553
2.0,5.0,2.0,4.0,4.0,4.0,2.6968068352317345
2.0,5.0,2.0,4.0,5.0,3.0,2.5310219564966823
2.0,5.0,2.0,4.0,5.0,4.0,2.7864539404665454
2.0,5.0,2.0,4.0,5.0,5.0,2.8923421623022767
2.0,5.0,2.0,5.0,1.0,2.0,2.1815704429283023
2.0,5.0,2.0,5.0,1.0,3.0,2.221867139362598
2.0,5.0,2.0,5.0,1.0,4.0,2.2695593455209853
2.0,5.0,2.0,5.0,1.0,5.0,2.3905823916529085
2.0,5.0,2.0,5.0,2.0,3.0,2.4093937034710406
2.0,5.0,2.0,5.0,2.0,4.0,2.521081347212605
2.0,5.0,2.0,5.0,2.0,5.0,2.618979909588498
2.0,5.0,2.0,5.0,3.0,2.0,2.385820194247256
2.0,5.0,2.0,5.0,3.0,3.0,2.488281761089456
2.0,5.0,2.0,5.0,3.0,4.0,2.6982731264817272
2.0,5.0,2.0,5.0,3.0,5.0,2.940512295037131
2.0,5.0,2.0,5.0,4.0,3.0,2.584798342150583
2.0,5.0,2.0,5.0,4.0,4.0,2.7864536588187065
2.0,5.0,2.0,5.0,4.0,5.0,3.0201938294276025
2.0,5.0,2.0,5.0,5.0,3.0,2.5847985765081334
2.0,5.0,2.0,5.0,5.0,4.0,2.786453885690866
2.0,5.0,2.0,5.0,5.0,5.0,3.020193690039098
2.0,5.0,3.0,1.0,1.0,1.0,1.489877734394521
2.0,5.0,3.0,1.0,1.0,2.0,1.8421946365872812
2.0,5.0,3.0,1.0,2.0,1.0,1.5267395027614807
2.0,5.0,3.0,1.0,3.0,1.0,1.7327694444696038
2.0,5.0,3.0,1.0,3.0,2.0,1.9364986550864072
2.0,5.0,3.0,1.0,3.0,3.0,2.376607554325161
2.0,5.0,3.0,1.0,4.0,4.0,2.6401457317264656
2.0,5.0,3.0,1.0,5.0,1.0,1.7848829022824801
2.0,5.0,3.0,1.0,5.0,3.0,2.376607562134481
2.0,5.0,3.0,2.0,1.0,2.0,1.9244221215444266
2.0,5.0,3.0,2.0,2.0,2.0,2.1354986113932934
2.0,5.0,3.0,2.0,2.0,5.0,2.873213329158621
2.0,5.0,3.0,2.0,3.0,2.0,2.1354985573163163
2.0,5.0,3.0,2.0,3.0,3.0,2.4801585869640803
2.0,5.0,3.0,2.0,3.0,4.0,2.541877472954335
2.0,5.0,3.0,2.0,4.0,1.0,2.0425235323042807
2.0,5.0,3.0,2.0,4.0,2.0,2.352726072187131
2.0,5.0,3.0,2.0,4.0,3.0,2.480158697143504
2.0,5.0,3.0,2.0,4.0,4.0,2.8045028007426915
2.0,5.0,3.0,2.0,5.0,2.0,2.3527261850369285
2.0,5.0,3.0,2.0,5.0,3.0,2.5207037779025407
2.0,5.0,3.0,2.0,5.0,5.0,3.0791960463328985
2.0,5.0,3.0,3.0,1.0,2.0,2.156923835736639
2.0,5.0,3.0,3.0,1.0,3.0,2.36451242815314
2.0,5.0,3.0,3.0,1.0,4.0,2.416912412503795
2.0,5.0,3.0,3.0,2.0,1.0,1.9522421737078766
2.0,5.0,3.0,3.0,2.0,3.0,2.375490450125257
2.0,5.0,3.0,3.0,2.0,4.0,2.663228110247847
2.0,5.0,3.0,3.0,3.0,2.0,2.4346816193836385
2.0,5.0,3.0,3.0,3.0,3.0,2.721903044531549
2.0,5.0,3.0,3.0,3.0,4.0,2.8281903879596855
2.0,5.0,3.0,3.0,4.0,3.0,2.8133829790734155
2.0,5.0,3.0,3.0,4.0,4.0,2.8944477433452036
2.0,5.0,3.0,3.0,5.0,4.0,2.8944476342059424
2.0,5.0,3.0,3.0,5.0,5.0,3.079196064675574
2.0,5.0,3.0,4.0,1.0,4.0,2.6372793531558463
2.0,5.0,3.0,4.0,1.0,5.0,2.842126539888261
2.0,5.0,3.0,4.0,2.0,2.0,2.280612127170442
2.0,5.0,3.0,4.0,2.0,3.0,2.7170296059991896
2.0,5.0,3.0,4.0,2.0,4.0,2.717029103651077
2.0,5.0,3.0,4.0,3.0,2.0,2.434681808674836
2.0,5.0,3.0,4.0,3.0,3.0,2.737058226037282
2.0,5.0,3.0,4.0,3.0,4.0,2.9122391291625798
2.0,5.0,3.0,4.0,3.0,5.0,3.0463763448873142
2.0,5.0,3.0,4.0,4.0,2.0,2.5938092244663746
2.0,5.0,3.0,4.0,4.0,3.0,2.8133830854937365
2.0,5.0,3.0,4.0,4.0,4.0,3.06472019422514
2.0,5.0,3.0,4.0,4.0,5.0,3.200912862866606
2.0,5.0,3.0,4.0,5.0,2.0,2.6959341539564488
2.0,5.0,3.0,4.0,5.0,3.0,3.0046743833823486
2.0,5.0,3.0,4.0,5.0,4.0,3.064720335879019
2.0,5.0,3.0,4.0,5.0,5.0,3.283034264547545
2.0,5.0,3.0,5.0,1.0,1.0,2.210356269658148
2.0,5.0,3.0,5.0,1.0,3.0,2.4430707433535295
2.0,5.0,3.0,5.0,1.0,4.0,2.637279555459471
2.0,5.0,3.0,5.0,2.0,3.0,2.7170302396181065
2.0,5.0,3.0,5.0,2.0,4.0,2.717030700351213
2.0,5.0,3.0,5.0,2.0,5.0,3.0519177930896446
2.0,5.0,3.0,5.0,3.0,2.0,2.599503829961422
2.0,5.0,3.0,5.0,3.0,3.0,2.811637963597166
2.0,5.0,3.0,5.0,3.0,5.0,3.0519177952529413
2.0,5.0,3.0,5.0,4.0,3.0,2.8865259528632365
2.0,5.0,3.0,5.0,4.0,4.0,3.064720772115124
2.0,5.0,3.0,5.0,4.0,5.0,3.2009128347891824
2.0,5.0,3.0,5.0,5.0,2.0,2.702212754012365
2.0,5.0,3.0,5.0,5.0,3.0,3.004674605940166
2.0,5.0,3.0,5.0,5.0,4.0,3.0647211410288113
2.0,5.0,3.0,5.0,5.0,5.0,3.2830338406564525
2.0,5.0,4.0,1.0,1.0,1.0,1.7410115226472636
2.0,5.0,4.0,1.0,2.0,2.0,2.135184245914648
2.0,5.0,4.0,2.0,3.0,2.0,2.2640117918618166
2.0,5.0,4.0,2.0,3.0,3.0,2.5789954131017248
2.0,5.0,4.0,2.0,4.0,2.0,2.3890693680841184
2.0,5.0,4.0,2.0,4.0,4.0,2.817048040295374
2.0,5.0,4.0,2.0,5.0,4.0,3.0637735446369523
2.0,5.0,4.0,3.0,2.0,2.0,2.512294112985786
2.0,5.0,4.0,3.0,3.0,3.0,2.848267472292515
2.0,5.0,4.0,3.0,3.0,4.0,3.029983973021654
2.0,5.0,4.0,3.0,4.0,3.0,2.8725475513215923
2.0,5.0,4.0,3.0,4.0,4.0,3.0299838621470228
2.0,5.0,4.0,3.0,4.0,5.0,3.3485632432714243
2.0,5.0,4.0,3.0,5.0,3.0,2.872547642019227
2.0,5.0,4.0,3.0,5.0,4.0,3.3161934851144914
2.0,5.0,4.0,4.0,1.0,4.0,2.6372791932720583
2.0,5.0,4.0,4.0,2.0,2.0,2.5122942312973686
2.0,5.0,4.0,4.0,2.0,3.0,2.8149049942221747
2.0,5.0,4.0,4.0,3.0,1.0,2.5204705072520093
2.0,5.0,4.0,4.0,3.0,2.0,2.643209091109672
2.0,5.0,4.0,4.0,3.0,3.0,3.0299850719891275
2.0,5.0,4.0,4.0,3.0,4.0,3.029984387412954
2.0,5.0,4.0,4.0,4.0,2.0,2.643209082339121
2.0,5.0,4.0,4.0,4.0,3.0,3.0299853447331997
2.0,5.0,4.0,4.0,4.0,4.0,3.2940688249416024
2.0,5.0,4.0,4.0,4.0,5.0,3.5167971967433402
2.0,5.0,4.0,4.0,5.0,3.0,3.2132246588795943
2.0,5.0,4.0,4.0,5.0,4.0,3.5167970498485754
2.0,5.0,4.0,4.0,5.0,5.0,3.516797185809672
2.0,5.0,4.0,5.0,2.0,3.0,2.8959596067019673
2.0,5.0,4.0,5.0,2.0,4.0,2.944309094027932
2.0,5.0,4.0,5.0,2.0,5.0,3.1211537492635335
2.0,5.0,4.0,5.0,3.0,2.0,2.6685866017997197
2.0,5.0,4.0,5.0,3.0,3.0,3.02998544745425
2.0,5.0,4.0,5.0,3.0,5.0,3.5124797911710743
2.0,5.0,4.0,5.0,4.0,2.0,2.915312059379928
2.0,5.0,4.0,5.0,4.0,3.0,3.213224119294162
2.0,5.0,4.0,5.0,4.0,4.0,3.333312373890411
2.0,5.0,4.0,5.0,4.0,5.0,3.605907814170443
2.0,5.0,4.0,5.0,5.0,3.0,3.213224541995823
2.0,5.0,4.0,5.0,5.0,4.0,3.516797129955845
2.0,5.0,4.0,5.0,5.0,5.0,3.605907515905346
2.0,5.0,5.0,1.0,2.0,3.0,2.6783654475526655
2.0,5.0,5.0,1.0,5.0,5.0,3.3545349671086315
2.0,5.0,5.0,2.0,1.0,1.0,2.1696646824816024
2.0,5.0,5.0,2.0,2.0,2.0,2.456686965044395
2.0,5.0,5.0,2.0,5.0,1.0,2.5781643507958307
2.0,5.0,5.0,2.0,5.0,3.0,2.9601509806907362
2.0,5.0,5.0,3.0,5.0,3.0,3.325062126225862
2.0,5.0,5.0,4.0,3.0,3.0,3.2132225103515304
2.0,5.0,5.0,4.0,4.0,3.0,3.2132229096639175
2.0,5.0,5.0,4.0,4.0,4.0,3.2940688016938275
2.0,5.0,5.0,4.0,4.0,5.0,3.6645653922731416
2.0,5.0,5.0,4.0,5.0,3.0,3.325062387064605
2.0,5.0,5.0,4.0,5.0,5.0,3.6662348230613033
2.0,5.0,5.0,5.0,1.0,3.0,3.0075180884229664
2.0,5.0,5.0,5.0,2.0,5.0,3.6645651244333903
2.0,5.0,5.0,5.0,3.0,4.0,3.4728861513097784
2.0,5.0,5.0,5.0,3.0,5.0,3.664565294202499
2.0,5.0,5.0,5.0,4.0,1.0,2.9440984527478475
2.0,5.0,5.0,5.0,4.0,3.0,3.2132235374828024
2.0,5.0,5.0,5.0,4.0,5.0,3.6645654395572866
2.0,5.0,5.0,5.0,5.0,3.0,3.325062628136335
2.0,5.0,5.0,5.0,5.0,4.0,3.5782768306954242
2.0,5.0,5.0,5.0,5.0,5.0,3.666234631161663
3.0,1.0,1.0,1.0,1.0,1.0,1.1546228059052233
3.0,1.0,1.0,1.0,1.0,2.0,1.2651636681410254
3.0,1.0,1.0,1.0,1.0,3.0,1.6932820152334749
3.0,1.0,1.0,1.0,2.0,1.0,1.2402842674589416
3.0,1.0,1.0,1.0,2.0,2.0,1.3208887647251697
3.0,1.0,1.0,1.0,2.0,4.0,1.7370835118937509
3.0,1.0,1.0,1.0,3.0,1.0,1.252574555600968
3.0,1.0,1.0,1.0,3.0,2.0,1.6627774134395725
3.0,1.0,1.0,2.0,1.0,1.0,1.2580568112149266
3.0,1.0,1.0,2.0,1.0,2.0,1.3258636004571878
3.0,1.0,1.0,2.0,1.0,3.0,1.6932818189054921
3.0,1.0,1.0,2.0,2.0,2.0,1.4806926952882704
3.0,1.0,1.0,2.0,3.0,1.0,1.4321948994706382
3.0,1.0,1.0,2.0,3.0,2.0,1.7569756003522508
3.0,1.0,1.0,2.0,3.0,3.0,1.9067311698784795
3.0,1.0,1.0,3.0,1.0,1.0,1.326511215140586
3.0,1.0,1.0,3.0,1.0,2.0,1.480802798423301
3.0,1.0,1.0,3.0,2.0,1.0,1.5426306652292299
3.0,1.0,1.0,3.0,2.0,3.0,2.049822152258263
3.0,1.0,1.0,3.0,3.0,2.0,1.8296532287767513
3.0,1.0,1.0,3.0,3.0,3.0,2.076448578592016
3.0,1.0,1.0,3.0,4.0,3.0,2.2122010604811413
3.0,1.0,1.0,4.0,1.0,2.0,1.588622190419564
3.0,1.0,1.0,4.0,4.0,3.0,2.2122011818090614
3.0,1.0,1.0,4.0,4.0,4.0,2.4470962074761577
3.0,1.0,1.0,5.0,3.0,2.0,2.147646625017064
3.0,1.0,1.0,5.0,5.0,5.0,2.7106102954320965
3.0,1.0,2.0,1.0,1.0,1.0,1.2050153278049778
3.0,1.0,2.0,1.0,1.0,2.0,1.4788474443200539
3.0,1.0,2.0,1.0,2.0,1.0,1.3072258846569556
3.0,1.0,2.0,1.0,2.0,2.0,1.785854108799149
3.0,1.0,2.0,1.0,3.0,1.0,1.6428005204607379
3.0,1.0,2.0,1.0,3.0,2.0,1.8276978757667202
3.0,1.0,2.0,2.0,1.0,1.0,1.499994726449297
3.0,1.0,2.0,2.0,1.0,2.0,1.765217695728851
3.0,1.0,2.0,2.0,2.0,2.0,1.7858544598952704
3.0,1.0,2.0,2.0,2.0,3.0,2.0182897221824807
3.0,1.0,2.0,2.0,3.0,1.0,1.7506198071213959
3.0,1.0,2.0,2.0,3.0,2.0,1.9318985010967349
3.0,1.0,2.0,2.0,3.0,3.0,2.1052026429532362
3.0,1.0,2.0,2.0,3.0,4.0,2.305312024360953
3.0,1.0,2.0,3.0,1.0,1.0,1.678527317561063
3.0,1.0,2.0,3.0,1.0,2.0,1.9097295485761698
3.0,1.0,2.0,3.0,1.0,3.0,2.023984206682783
3.0,1.0,2.0,3.0,2.0,2.0,1.909729747166106
3.0,1.0,2.0,3.0,2.0,3.0,2.20385992787648
3.0,1.0,2.0,3.0,3.0,2.0,1.9318985207152402
3.0,1.0,2.0,3.0,3.0,3.0,2.203860006514967
3.0,1.0,2.0,3.0,4.0,2.0,2.290062162880004
3.0,1.0,2.0,3.0,4.0,3.0,2.3312592067466094
3.0,1.0,2.0,4.0,1.0,5.0,2.3569977402936413
3.0,1.0,2.0,4.0,2.0,4.0,2.5634263953237872
3.0,1.0,2.0,4.0,3.0,3.0,2.4199317955435307
3.0,1.0,2.0,4.0,4.0,2.0,2.362012715470615
3.0,1.0,2.0,4.0,4.0,3.0,2.5827789150093254
3.0,1.0,2.0,5.0,4.0,2.0,2.3620130095087855
3.0,1.0,3.0,1.0,3.0,3.0,2.081678207085165
3.0,1.0,3.0,1.0,4.0,3.0,2.454613585129184
3.0,1.0,3.0,2.0,1.0,1.0,1.8007708105870845
3.0,1.0,3.0,2.0,1.0,2.0,1.9449509081926566
3.0,1.0,3.0,2.0,2.0,2.0,2.0470758414507886
3.0,1.0,3.0,2.0,3.0,3.0,2.418223776307191
3.0,1.0,3.0,2.0,4.0,2.0,2.39592623802823
3.0,1.0,3.0,2.0,4.0,3.0,2.4546137071630136
3.0,1.0,3.0,3.0,1.0,2.0,2.040933417567573
3.0,1.0,3.0,3.0,1.0,3.0,2.2547420546584105
3.0,1.0,3.0,3.0,1.0,4.0,2.5671655878358504
3.0,1.0,3.0,3.0,2.0,2.0,2.154895209100286
3.0,1.0,3.0,3.0,2.0,3.0,2.487894864999039
3.0,1.0,3.0,3.0,3.0,3.0,2.5463265354244937
3.0,1.0,3.0,3.0,4.0,3.0,2.601645092822033
3.0,1.0,3.0,3.0,5.0,3.0,2.790767901689841
3.0,1.0,3.0,4.0,1.0,3.0,2.2547421846040296
3.0,1.0,3.0,4.0,2.0,2.0,2.4073154033771145
3.0,1.0,3.0,4.0,2.0,3.0,2.602557255634014
3.0,1.0,3.0,4.0,2.0,4.0,2.777109895277082
3.0,1.0,3.0,4.0,3.0,2.0,2.50311881907465
3.0,1.0,3.0,4.0,3.0,3.0,2.6943374746936346
3.0,1.0,3.0,4.0,3.0,5.0,3.0641321834558854
3.0,1.0,3.0,4.0,4.0,3.0,2.7571926566973985
3.0,1.0,3.0,5.0,1.0,5.0,2.9677016145184507
3.0,1.0,3.0,5.0,2.0,3.0,2.6025573408414324
3.0,1.0,3.0,5.0,5.0,2.0,2.821509435568641
3.0,1.0,3.0,5.0,5.0,5.0,3.0870002353872272
3.0,1.0,4.0,1.0,1.0,3.0,2.2357123203074623
3.0,1.0,4.0,1.0,3.0,3.0,2.396372282639997
3.0,1.0,4.0,3.0,3.0,3.0,2.8254431033920637
3.0,1.0,4.0,3.0,4.0,1.0,2.2433303470643913
3.0,1.0,4.0,4.0,3.0,4.0,3.0811799807414677
3.0,1.0,4.0,4.0,4.0,4.0,3.1738053485851125
3.0,1.0,4.0,4.0,4.0,5.0,3.379940543272063
3.0,1.0,4.0,4.0,5.0,4.0,3.173805422353362
3.0,1.0,5.0,1.0,1.0,1.0,1.9350006115483134
3.0,1.0,5.0,4.0,3.0,3.0,3.1217043015994173
3.0,1.0,5.0,5.0,4.0,4.0,3.6611466672777055
3.0,1.0,5.0,5.0,5.0,3.0,3.7229748326550336
3.0,2.0,1.0,1.0,1.0,1.0,1.1546655524683664
3.0,2.0,1.0,1.0,1.0,2.0,1.3252723808324047
3.0,2.0,1.0,1.0,2.0,1.0,1.2402845951839592
3.0,2.0,1.0,1.0,2.0,2.0,1.6466085530470596
3.0,2.0,1.0,2.0,1.0,1.0,1.3137032916735525
3.0,2.0,1.0,2.0,1.0,2.0,1.519025480257988
3.0,2.0,1.0,2.0,2.0,1.0,1.3503195251376372
3.0,2.0,1.0,2.0,2.0,3.0,1.9842578591623454
3.0,2.0,1.0,2.0,3.0,1.0,1.4321950934594394
3.0,2.0,1.0,2.0,3.0,2.0,1.7768391643981203
3.0,2.0,1.0,2.0,3.0,3.0,1.9842577862460538
3.0,2.0,1.0,2.0,4.0,2.0,1.7768392272936417
3.0,2.0,1.0,3.0,1.0,1.0,1.3265115019708076
3.0,2.0,1.0,3.0,1.0,2.0,1.5190255811515678
3.0,2.0,1.0,3.0,2.0,2.0,1.7876368391007598
3.0,2.0,1.0,3.0,2.0,3.0,2.0764486790414463
3.0,2.0,1.0,3.0,3.0,1.0,1.560263857597629
3.0,2.0,1.0,3.0,3.0,2.0,1.8385464023372926
3.0,2.0,1.0,3.0,3.0,3.0,2.0764487039742168
3.0,2.0,1.0,3.0,4.0,2.0,1.8665788978457265
3.0,2.0,1.0,4.0,1.0,3.0,1.9782286500343125
3.0,2.0,1.0,4.0,2.0,2.0,1.895456249294198
3.0,2.0,1.0,4.0,2.0,3.0,2.1296610549702706
3.0,2.0,1.0,4.0,3.0,3.0,2.1296607352084265
3.0,2.0,1.0,4.0,4.0,3.0,2.284603421181812
3.0,2.0,1.0,4.0,4.0,4.0,2.447096350895211
3.0,2.0,1.0,5.0,2.0,3.0,2.188173023855055
3.0,2.0,1.0,5.0,3.0,2.0,2.147646773920016
3.0,2.0,1.0,5.0,5.0,5.0,2.710610401329843
3.0,2.0,2.0,1.0,1.0,1.0,1.4802741507110793
3.0,2.0,2.0,1.0,1.0,2.0,1.5389560486411247
3.0,2.0,2.0,1.0,1.0,3.0,1.8684539868063945
3.0,2.0,2.0,1.0,2.0,1.0,1.48027431996219
3.0,2.0,2.0,1.0,2.0,2.0,1.8354312067363492
3.0,2.0,2.0,1.0,2.0,3.0,2.080814635615227
3.0,2.0,2.0,1.0,3.0,2.0,1.9019805190939316
3.0,2.0,2.0,1.0,3.0,3.0,2.080814789205486
3.0,2.0,2.0,1.0,4.0,3.0,2.140022713025108
3.0,2.0,2.0,2.0,1.0,1.0,1.4999951968579728
3.0,2.0,2.0,2.0,1.0,2.0,1.8544966598114918
3.0,2.0,2.0,2.0,2.0,1.0,1.5640029946517593
3.0,2.0,2.0,2.0,2.0,2.0,2.0983543057469842
3.0,2.0,2.0,2.0,3.0,1.0,1.8531874791167535
3.0,2.0,2.0,2.0,3.0,2.0,2.09835440682077
3.0,2.0,2.0,2.0,3.0,3.0,2.3530142237502365
3.0,2.0,2.0,2.0,4.0,2.0,2.098354364488177
3.0,2.0,2.0,2.0,4.0,3.0,2.373273320373915
3.0,2.0,2.0,2.0,4.0,4.0,2.4675454096811347
3.0,2.0,2.0,3.0,1.0,1.0,1.6785278255337968
3.0,2.0,2.0,3.0,1.0,2.0,1.9119306351100418
3.0,2.0,2.0,3.0,1.0,3.0,2.073469326915962
3.0,2.0,2.0,3.0,1.0,4.0,2.2689900848228843
3.0,2.0,2.0,3.0,2.0,1.0,1.936819899509919
3.0,2.0,2.0,3.0,2.0,2.0,2.188096847315637
3.0,2.0,2.0,3.0,2.0,3.0,2.457646112143305
3.0,2.0,2.0,3.0,3.0,1.0,1.936820099513547
3.0,2.0,2.0,3.0,3.0,2.0,2.200393780560968
3.0,2.0,2.0,3.0,3.0,3.0,2.5864283820523926
3.0,2.0,2.0,3.0,4.0,1.0,1.9368201625934314
3.0,2.0,2.0,3.0,4.0,2.0,2.362011815812126
3.0,2.0,2.0,3.0,4.0,3.0,2.613829639566991
3.0,2.0,2.0,3.0,4.0,4.0,2.7199654285895365
3.0,2.0,2.0,3.0,5.0,3.0,2.6371929791329887
3.0,2.0,2.0,3.0,5.0,5.0,2.8623870998230094
3.0,2.0,2.0,4.0,1.0,3.0,2.2780453285382225
3.0,2.0,2.0,4.0,1.0,4.0,2.3592246134379344
3.0,2.0,2.0,4.0,2.0,2.0,2.18809695384277
3.0,2.0,2.0,4.0,2.0,3.0,2.515006530167087
3.0,2.0,2.0,4.0,2.0,4.0,2.6235349797187792
3.0,2.0,2.0,4.0,3.0,2.0,2.2003938541937647
3.0,2.0,2.0,4.0,3.0,3.0,2.628050455449638
3.0,2.0,2.0,4.0,3.0,4.0,2.753990312626429
3.0,2.0,2.0,4.0,4.0,2.0,2.362012394851619
3.0,2.0,2.0,4.0,4.0,3.0,2.7088146936419926
3.0,2.0,2.0,4.0,4.0,4.0,2.867043056415254
3.0,2.0,2.0,4.0,4.0,5.0,3.1572827216090134
3.0,2.0,2.0,4.0,5.0,1.0,2.086017272521673
3.0,2.0,2.0,5.0,2.0,2.0,2.297783753103517
3.0,2.0,2.0,5.0,2.0,3.0,2.51500665409571
3.0,2.0,2.0,5.0,2.0,5.0,2.916251651515059
3.0,2.0,2.0,5.0,3.0,2.0,2.3190839753585055
3.0,2.0,2.0,5.0,4.0,3.0,2.7507068423411005
3.0,2.0,2.0,5.0,4.0,4.0,2.935604207232706
3.0,2.0,2.0,5.0,5.0,5.0,3.2226264273194176
3.0,2.0,3.0,1.0,1.0,1.0,1.4960181629409712
3.0,2.0,3.0,1.0,2.0,1.0,1.686813209764189
3.0,2.0,3.0,1.0,2.0,2.0,1.8731129295361244
3.0,2.0,3.0,1.0,2.0,3.0,2.176117111676588
3.0,2.0,3.0,1.0,3.0,3.0,2.2863872566132106
3.0,2.0,3.0,2.0,1.0,1.0,1.8007711114245348
3.0,2.0,3.0,2.0,1.0,2.0,2.1552623858130073
3.0,2.0,3.0,2.0,2.0,2.0,2.155262224599687
3.0,2.0,3.0,2.0,2.0,3.0,2.255182618276144
3.0,2.0,3.0,2.0,2.0,4.0,2.6212298822101605
3.0,2.0,3.0,2.0,3.0,1.0,1.984419199049312
3.0,2.0,3.0,2.0,3.0,2.0,2.289327354575667
3.0,2.0,3.0,2.0,3.0,3.0,2.4312546972896403
3.0,2.0,3.0,2.0,3.0,4.0,2.7382356972325184
3.0,2.0,3.0,2.0,4.0,2.0,2.456034750565873
3.0,2.0,3.0,3.0,1.0,2.0,2.1552624639775617
3.0,2.0,3.0,3.0,1.0,3.0,2.367190076635838
3.0,2.0,3.0,3.0,2.0,2.0,2.4112727318775247
3.0,2.0,3.0,3.0,2.0,3.0,2.6554772850713806
3.0,2.0,3.0,3.0,2.0,4.0,2.65547716421724
3.0,2.0,3.0,3.0,3.0,2.0,2.4112728929113514
3.0,2.0,3.0,3.0,3.0,3.0,2.9200917934650827
3.0,2.0,3.0,3.0,3.0,4.0,2.9200915447770015
3.0,2.0,3.0,3.0,4.0,3.0,2.920091567042245
3.0,2.0,3.0,3.0,5.0,3.0,2.9200914467078416
3.0,2.0,3.0,3.0,5.0,5.0,3.2206711633323217
3.0,2.0,3.0,4.0,1.0,3.0,2.367190118521905
3.0,2.0,3.0,4.0,2.0,2.0,2.4674237468187292
3.0,2.0,3.0,4.0,2.0,3.0,2.847779210450285
3.0,2.0,3.0,4.0,3.0,2.0,2.5031189907166884
3.0,2.0,3.0,4.0,3.0,3.0,2.920091865448303
3.0,2.0,3.0,4.0,3.0,4.0,3.1223734947057515
3.0,2.0,3.0,4.0,4.0,2.0,2.713152133336513
3.0,2.0,3.0,4.0,4.0,3.0,2.9547403104545404
3.0,2.0,3.0,4.0,4.0,4.0,3.157660723816357
3.0,2.0,3.0,4.0,4.0,5.0,3.197768209639173
3.0,2.0,3.0,4.0,5.0,3.0,2.963913944438481
3.0,2.0,3.0,4.0,5.0,4.0,3.1576607459171497
3.0,2.0,3.0,5.0,2.0,4.0,2.847779219840433
3.0,2.0,3.0,5.0,3.0,5.0,3.2320601589003455
3.0,2.0,3.0,5.0,4.0,2.0,2.7794929442617784
3.0,2.0,3.0,5.0,4.0,3.0,2.96888901364242
3.0,2.0,3.0,5.0,4.0,4.0,3.2347868685594325
3.0,2.0,3.0,5.0,4.0,5.0,3.3033354120720886
3.0,2.0,3.0,5.0,5.0,4.0,3.251412568459056
3.0,2.0,3.0,5.0,5.0,5.0,3.3384340717650822
3.0,2.0,4.0,1.0,2.0,1.0,1.8835505188223862
3.0,2.0,4.0,1.0,3.0,2.0,2.3151733719577963
3.0,2.0,4.0,2.0,2.0,2.0,2.438017078647889
3.0,2.0,4.0,2.0,3.0,3.0,2.6078900938224754
3.0,2.0,4.0,2.0,5.0,4.0,3.141638068361863
3.0,2.0,4.0,3.0,2.0,2.0,2.4380169299415693
3.0,2.0,4.0,3.0,2.0,3.0,2.6554769617052867
3.0,2.0,4.0,3.0,2.0,4.0,2.943082509748022
3.0,2.0,4.0,3.0,3.0,2.0,2.7164191563626896
3.0,2.0,4.0,3.0,3.0,3.0,2.9967458061242387
3.0,2.0,4.0,3.0,3.0,4.0,3.170852905083111
3.0,2.0,4.0,3.0,4.0,3.0,3.053193949639942
3.0,2.0,4.0,3.0,4.0,4.0,3.170852815148406
3.0,2.0,4.0,4.0,2.0,2.0,2.5283178526692347
3.0,2.0,4.0,4.0,2.0,3.0,2.996745511211714
3.0,2.0,4.0,4.0,3.0,3.0,2.996745627036462
3.0,2.0,4.0,4.0,3.0,4.0,3.1708530004112485
3.0,2.0,4.0,4.0,4.0,3.0,3.178638265472925
3.0,2.0,4.0,4.0,4.0,4.0,3.3864768631845714
3.0,2.0,4.0,4.0,5.0,4.0,3.438473767022712
3.0,2.0,4.0,5.0,3.0,3.0,3.0759489154436803
3.0,2.0,4.0,5.0,4.0,2.0,2.9931764143370523
3.0,2.0,4.0,5.0,5.0,4.0,3.4650960485353175
3.0,2.0,4.0,5.0,5.0,5.0,3.7945939671499413
3.0,2.0,5.0,2.0,3.0,1.0,2.5963794642222986
3.0,2.0,5.0,3.0,4.0,4.0,3.5056163620415397
3.0,2.0,5.0,4.0,3.0,3.0,3.38230128849232
3.0,2.0,5.0,4.0,5.0,3.0,3.386062768727489
3.0,2.0,5.0,5.0,2.0,5.0,3.5573021417061153
3.0,2.0,5.0,5.0,4.0,3.0,3.488823889257847
3.0,2.0,5.0,5.0,5.0,5.0,4.1185836446102915
3.0,3.0,1.0,1.0,1.0,1.0,1.2151816220239786
3.0,3.0,1.0,1.0,1.0,2.0,1.470485457230491
3.0,3.0,1.0,1.0,1.0,3.0,1.6932826457030907
3.0,3.0,1.0,1.0,2.0,1.0,1.2402850315579121
3.0,3.0,1.0,1.0,2.0,2.0,1.646608909193197
3.0,3.0,1.0,1.0,2.0,3.0,1.6932829818000839
3.0,3.0,1.0,1.0,3.0,1.0,1.2525749690795756
3.0,3.0,1.0,1.0,3.0,2.0,1.6816874982976058
3.0,3.0,1.0,1.0,3.0,3.0,1.7129445545639832
3.0,3.0,1.0,1.0,4.0,1.0,1.4428258596617873
3.0,3.0,1.0,1.0,4.0,2.0,1.8363564120827462
3.0,3.0,1.0,1.0,4.0,3.0,2.1400234088851158
3.0,3.0,1.0,2.0,1.0,1.0,1.313703523879764
3.0,3.0,1.0,2.0,1.0,2.0,1.7793720721457418
3.0,3.0,1.0,2.0,1.0,3.0,1.779371888151105
3.0,3.0,1.0,2.0,2.0,1.0,1.615050409542649
3.0,3.0,1.0,2.0,2.0,2.0,1.83130538317859
3.0,3.0,1.0,2.0,2.0,3.0,1.9842581675920579
3.0,3.0,1.0,2.0,3.0,1.0,1.6219000745048673
3.0,3.0,1.0,2.0,3.0,2.0,1.9299766193427166
3.0,3.0,1.0,2.0,3.0,3.0,1.984258405997667
3.0,3.0,1.0,2.0,4.0,3.0,2.140023716927121
3.0,3.0,1.0,2.0,4.0,4.0,2.1693699508352227
3.0,3.0,1.0,3.0,1.0,1.0,1.3265118478175615
3.0,3.0,1.0,3.0,1.0,2.0,1.779372388596882
3.0,3.0,1.0,3.0,1.0,3.0,1.8079444327682415
3.0,3.0,1.0,3.0,1.0,4.0,1.97081460164698
3.0,3.0,1.0,3.0,2.0,1.0,1.6150504813617075
3.0,3.0,1.0,3.0,2.0,2.0,1.8313055125720241
3.0,3.0,1.0,3.0,2.0,3.0,2.120311403402707
3.0,3.0,1.0,3.0,3.0,1.0,1.7614298898412823
3.0,3.0,1.0,3.0,3.0,2.0,1.9299767280698996
3.0,3.0,1.0,3.0,3.0,3.0,2.2317246435102662
3.0,3.0,1.0,3.0,3.0,4.0,2.464265595002132
3.0,3.0,1.0,3.0,4.0,2.0,2.0454264193341007
3.0,3.0,1.0,3.0,4.0,3.0,2.2317248776103784
3.0,3.0,1.0,4.0,1.0,1.0,1.5671237787184116
3.0,3.0,1.0,4.0,1.0,2.0,1.7793725376086595
3.0,3.0,1.0,4.0,1.0,3.0,2.026737972498595
3.0,3.0,1.0,4.0,1.0,4.0,2.359224994084894
3.0,3.0,1.0,4.0,2.0,2.0,1.9555647572025137
3.0,3.0,1.0,4.0,2.0,3.0,2.1296618369288383
3.0,3.0,1.0,4.0,3.0,1.0,1.9570166260269362
3.0,3.0,1.0,4.0,3.0,2.0,2.1909310826670616
3.0,3.0,1.0,4.0,3.0,3.0,2.422823786616464
3.0,3.0,1.0,4.0,3.0,4.0,2.488752034881084
3.0,3.0,1.0,4.0,4.0,2.0,2.229048301143327
3.0,3.0,1.0,4.0,4.0,3.0,2.4228239162685474
3.0,3.0,1.0,4.0,4.0,4.0,2.4887519420115027
3.0,3.0,1.0,5.0,1.0,1.0,1.6782819285604829
3.0,3.0,1.0,5.0,1.0,2.0,2.090354203800876
3.0,3.0,1.0,5.0,5.0,5.0,3.0312528272168837
3.0,3.0,2.0,1.0,1.0,1.0,1.4999962113190415
3.0,3.0,2.0,1.0,1.0,2.0,1.6833813323348077
3.0,3.0,2.0,1.0,1.0,3.0,1.9220094432635926
3.0,3.0,2.0,1.0,2.0,1.0,1.5307636838509877
3.0,3.0,2.0,1.0,2.0,2.0,1.8354315819353733
3.0,3.0,2.0,1.0,2.0,3.0,2.080814873859043
3.0,3.0,2.0,1.0,3.0,1.0,1.7546977304844462
3.0,3.0,2.0,1.0,3.0,2.0,1.9240777158369764
3.0,3.0,2.0,1.0,3.0,3.0,2.0808152138172358
3.0,3.0,2.0,1.0,3.0,4.0,2.3177096877411443
3.0,3.0,2.0,1.0,4.0,1.0,1.7546976594258792
3.0,3.0,2.0,1.0,4.0,2.0,1.926651964477845
3.0,3.0,2.0,1.0,4.0,3.0,2.1400230446974255
3.0,3.0,2.0,1.0,4.0,4.0,2.5644351762092863
3.0,3.0,2.0,2.0,1.0,1.0,1.4999958001965272
3.0,3.0,2.0,2.0,1.0,2.0,1.9531353568417493
3.0,3.0,2.0,2.0,1.0,3.0,2.0317858827814206
3.0,3.0,2.0,2.0,1.0,4.0,2.2212792421209127
3.0,3.0,2.0,2.0,2.0,1.0,1.761855561524334
3.0,3.0,2.0,2.0,2.0,2.0,2.1065495486677293
3.0,3.0,2.0,2.0,2.0,3.0,2.353015028146079
3.0,3.0,2.0,2.0,3.0,1.0,1.984110565214622
3.0,3.0,2.0,2.0,3.0,2.0,2.1610902082610592
3.0,3.0,2.0,2.0,3.0,3.0,2.3530146116879025
3.0,3.0,2.0,2.0,4.0,1.0,1.9841104621554984
3.0,3.0,2.0,2.0,4.0,2.0,2.1610902567073462
3.0,3.0,2.0,2.0,4.0,3.0,2.5908560797682822
3.0,3.0,2.0,2.0,5.0,3.0,2.5908559945201604
3.0,3.0,2.0,3.0,1.0,1.0,1.6785285863850958
3.0,3.0,2.0,3.0,1.0,2.0,2.0531939407950284
3.0,3.0,2.0,3.0,1.0,3.0,2.1504970648585897
3.0,3.0,2.0,3.0,1.0,4.0,2.3290986243085157
3.0,3.0,2.0,3.0,2.0,1.0,1.98411086878229
3.0,3.0,2.0,3.0,2.0,2.0,2.188096958140522
3.0,3.0,2.0,3.0,2.0,3.0,2.457646418496558
3.0,3.0,2.0,3.0,2.0,4.0,2.574007646095597
3.0,3.0,2.0,3.0,3.0,1.0,1.9841108062652306
3.0,3.0,2.0,3.0,3.0,2.0,2.3620105295559184
3.0,3.0,2.0,3.0,3.0,3.0,2.684675364905544
3.0,3.0,2.0,3.0,3.0,4.0,2.7501334523929315
3.0,3.0,2.0,3.0,4.0,1.0,1.9841109592735056
3.0,3.0,2.0,3.0,4.0,2.0,2.3620112514083558
3.0,3.0,2.0,3.0,4.0,3.0,2.756382533837065
3.0,3.0,2.0,3.0,4.0,4.0,2.756382640462501
3.0,3.0,2.0,3.0,4.0,5.0,2.9649713392027803
3.0,3.0,2.0,3.0,5.0,3.0,2.7563826320607183
3.0,3.0,2.0,3.0,5.0,4.0,2.897080860980572
3.0,3.0,2.0,4.0,1.0,2.0,2.147666258785556
3.0,3.0,2.0,4.0,1.0,3.0,2.278045509434705
3.0,3.0,2.0,4.0,1.0,4.0,2.359224840814522
3.0,3.0,2.0,4.0,2.0,2.0,2.188097098454348
3.0,3.0,2.0,4.0,2.0,3.0,2.515006670260288
3.0,3.0,2.0,4.0,2.0,4.0,2.7366121876462124
3.0,3.0,2.0,4.0,2.0,5.0,2.8685408639424215
3.0,3.0,2.0,4.0,3.0,2.0,2.533439403058835
3.0,3.0,2.0,4.0,3.0,3.0,2.7539904404294804
3.0,3.0,2.0,4.0,3.0,4.0,2.753990424193291
3.0,3.0,2.0,4.0,4.0,2.0,2.533439597936494
3.0,3.0,2.0,4.0,4.0,3.0,2.797631764689959
3.0,3.0,2.0,4.0,4.0,4.0,2.867043133168062
3.0,3.0,2.0,4.0,4.0,5.0,3.1633357650010776
3.0,3.0,2.0,4.0,5.0,3.0,2.917271854724427
3.0,3.0,2.0,4.0,5.0,4.0,2.9912790464997836
3.0,3.0,2.0,5.0,1.0,3.0,2.5044406935240175
3.0,3.0,2.0,5.0,1.0,5.0,2.7296347468364903
3.0,3.0,2.0,5.0,2.0,1.0,2.092170529597345
3.0,3.0,2.0,5.0,2.0,2.0,2.2977838929193886
3.0,3.0,2.0,5.0,2.0,3.0,2.515006795027081
3.0,3.0,2.0,5.0,2.0,5.0,2.97636026289425
3.0,3.0,2.0,5.0,3.0,2.0,2.533439469408637
3.0,3.0,2.0,5.0,3.0,3.0,2.7539907193906292
3.0,3.0,2.0,5.0,3.0,4.0,2.8935878168090423
3.0,3.0,2.0,5.0,4.0,4.0,3.0790895728319523
3.0,3.0,2.0,5.0,4.0,5.0,3.269879665007369
3.0,3.0,2.0,5.0,5.0,3.0,2.9172719535615568
3.0,3.0,2.0,5.0,5.0,4.0,3.079089616029136
3.0,3.0,2.0,5.0,5.0,5.0,3.2698796096085223
3.0,3.0,3.0,1.0,1.0,1.0,1.4999963690084628
3.0,3.0,3.0,1.0,1.0,2.0,1.7425912449638368
3.0,3.0,3.0,1.0,2.0,1.0,1.6868135258575614
3.0,3.0,3.0,1.0,2.0,2.0,1.9544198567125597
3.0,3.0,3.0,1.0,2.0,3.0,2.176117376932935
3.0,3.0,3.0,1.0,3.0,1.0,1.754697572673243
3.0,3.0,3.0,1.0,3.0,2.0,2.086527830302856
3.0,3.0,3.0,1.0,3.0,3.0,2.3963740298343583
3.0,3.0,3.0,1.0,4.0,1.0,1.9425352349818172
3.0,3.0,3.0,1.0,4.0,2.0,2.3567395066583576
3.0,3.0,3.0,1.0,4.0,3.0,2.5121426914750553
3.0,3.0,3.0,1.0,4.0,4.0,2.7781186479030358
3.0,3.0,3.0,1.0,5.0,5.0,3.0228948155187334
3.0,3.0,3.0,2.0,1.0,1.0,1.8007715277259289
3.0,3.0,3.0,2.0,1.0,2.0,2.155263018171149
3.0,3.0,3.0,2.0,1.0,3.0,2.275258985933011
3.0,3.0,3.0,2.0,2.0,1.0,1.886871317659985
3.0,3.0,3.0,2.0,2.0,2.0,2.155263767774465
3.0,3.0,3.0,2.0,2.0,3.0,2.6212306822847204
3.0,3.0,3.0,2.0,3.0,1.0,1.9844194144737413
3.0,3.0,3.0,2.0,3.0,2.0,2.4067619660879824
3.0,3.0,3.0,2.0,3.0,3.0,2.7259841976899706
3.0,3.0,3.0,2.0,3.0,4.0,2.7382358632212638
3.0,3.0,3.0,2.0,4.0,2.0,2.5386725262060694
3.0,3.0,3.0,2.0,4.0,3.0,2.8099771792013293
3.0,3.0,3.0,2.0,4.0,4.0,2.8498771442805335
3.0,3.0,3.0,2.0,5.0,2.0,2.6182682419868892
3.0,3.0,3.0,2.0,5.0,3.0,2.8099771046681634
3.0,3.0,3.0,2.0,5.0,4.0,2.9880629539591315
3.0,3.0,3.0,3.0,1.0,1.0,2.097442163768002
3.0,3.0,3.0,3.0,1.0,2.0,2.155262885985378
3.0,3.0,3.0,3.0,1.0,3.0,2.367190525812819
3.0,3.0,3.0,3.0,2.0,1.0,2.0974420430506666
3.0,3.0,3.0,3.0,2.0,2.0,2.4912786996587086
3.0,3.0,3.0,3.0,2.0,3.0,2.7838544022810425
3.0,3.0,3.0,3.0,2.0,4.0,2.9424326021201206
3.0,3.0,3.0,3.0,3.0,1.0,2.0974421076714393
3.0,3.0,3.0,3.0,3.0,2.0,2.5386727959849065
3.0,3.0,3.0,3.0,3.0,3.0,2.962975616631691
3.0,3.0,3.0,3.0,3.0,4.0,3.05979166113882
3.0,3.0,3.0,3.0,4.0,2.0,2.538672718807252
3.0,3.0,3.0,3.0,4.0,3.0,2.979351938013644
3.0,3.0,3.0,3.0,4.0,4.0,3.2346069055461513
3.0,3.0,3.0,3.0,5.0,1.0,2.3965898712937634
3.0,3.0,3.0,3.0,5.0,3.0,2.979351930924809
3.0,3.0,3.0,3.0,5.0,4.0,3.308636532073551
3.0,3.0,3.0,3.0,5.0,5.0,3.3086365406558023
3.0,3.0,3.0,4.0,1.0,2.0,2.2715891621467295
3.0,3.0,3.0,4.0,1.0,3.0,2.3671903822237876
3.0,3.0,3.0,4.0,1.0,4.0,2.7786380675114466
3.0,3.0,3.0,4.0,1.0,5.0,2.9800994345122835
3.0,3.0,3.0,4.0,2.0,2.0,2.491278762540846
3.0,3.0,3.0,4.0,2.0,3.0,2.8477795005576683
3.0,3.0,3.0,4.0,2.0,4.0,2.945024292694554
3.0,3.0,3.0,4.0,3.0,1.0,2.30015941895672
3.0,3.0,3.0,4.0,3.0,2.0,2.671241876995418
3.0,3.0,3.0,4.0,3.0,3.0,3.021810839588522
3.0,3.0,3.0,4.0,3.0,4.0,3.165630885538198
3.0,3.0,3.0,4.0,4.0,2.0,2.808597236702946
3.0,3.0,3.0,4.0,4.0,3.0,3.084673632955952
3.0,3.0,3.0,4.0,4.0,4.0,3.3086366170117207
3.0,3.0,3.0,4.0,4.0,5.0,3.423379768999276
3.0,3.0,3.0,4.0,5.0,3.0,3.084673746876195
3.0,3.0,3.0,4.0,5.0,4.0,3.3086366204219733
3.0,3.0,3.0,4.0,5.0,5.0,3.423379814497718
3.0,3.0,3.0,5.0,1.0,2.0,2.388626215002251
3.0,3.0,3.0,5.0,1.0,3.0,2.725759839698786
3.0,3.0,3.0,5.0,1.0,4.0,2.9152730662684396
3.0,3.0,3.0,5.0,2.0,3.0,2.8477796539223377
3.0,3.0,3.0,5.0,2.0,4.0,3.0039918636633165
3.0,3.0,3.0,5.0,2.0,5.0,3.0397021095611407
3.0,3.0,3.0,5.0,3.0,3.0,3.021810957281974
3.0,3.0,3.0,5.0,3.0,4.0,3.165631052463694
3.0,3.0,3.0,5.0,4.0,2.0,2.9492887632252853
3.0,3.0,3.0,5.0,4.0,3.0,3.103125252426201
3.0,3.0,3.0,5.0,4.0,4.0,3.3532462155933214
3.0,3.0,3.0,5.0,4.0,5.0,3.5082004128720206
3.0,3.0,3.0,5.0,5.0,3.0,3.1031253496620743
3.0,3.0,3.0,5.0,5.0,4.0,3.5082002984009697
3.0,3.0,3.0,5.0,5.0,5.0,3.5082003766067555
3.0,3.0,4.0,1.0,1.0,2.0,2.026431504459302
3.0,3.0,4.0,1.0,2.0,1.0,2.0882596605403485
3.0,3.0,4.0,1.0,3.0,2.0,2.3752819158839222
3.0,3.0,4.0,1.0,4.0,4.0,2.8472015203303522
3.0,3.0,4.0,1.0,5.0,3.0,2.909029651275112
3.0,3.0,4.0,2.0,1.0,2.0,2.2788514492880516
3.0,3.0,4.0,2.0,2.0,1.0,2.1960790365026592
3.0,3.0,4.0,2.0,2.0,2.0,2.438017604044442
3.0,3.0,4.0,2.0,3.0,1.0,2.298203951856219
3.0,3.0,4.0,2.0,3.0,2.0,2.631192418737499
3.0,3.0,4.0,2.0,3.0,3.0,2.836274409734107
3.0,3.0,4.0,2.0,3.0,4.0,3.0078846261605685
3.0,3.0,4.0,2.0,4.0,2.0,2.631192272742396
3.0,3.0,4.0,2.0,4.0,3.0,2.933854143271719
3.0,3.0,4.0,2.0,4.0,4.0,3.0870362218100404
3.0,3.0,4.0,3.0,1.0,2.0,2.386670842076887
3.0,3.0,4.0,3.0,2.0,2.0,2.6797107732565673
3.0,3.0,4.0,3.0,2.0,3.0,2.984830757028316
3.0,3.0,4.0,3.0,2.0,4.0,3.0024756036896982
3.0,3.0,4.0,3.0,3.0,2.0,2.783495749856361
3.0,3.0,4.0,3.0,3.0,3.0,3.0735290691762
3.0,3.0,4.0,3.0,3.0,4.0,3.170853145103913
3.0,3.0,4.0,3.0,4.0,2.0,2.8754410372383092
3.0,3.0,4.0,3.0,4.0,3.0,3.1067929557837477
3.0,3.0,4.0,3.0,4.0,4.0,3.3212764880388783
3.0,3.0,4.0,3.0,5.0,3.0,3.2402028486516863
3.0,3.0,4.0,3.0,5.0,4.0,3.4541663587200104
3.0,3.0,4.0,4.0,1.0,4.0,3.0077632317930774
3.0,3.0,4.0,4.0,2.0,2.0,2.773908961983524
3.0,3.0,4.0,4.0,2.0,3.0,3.03278678102845
3.0,3.0,4.0,4.0,2.0,4.0,3.2535552724976458
3.0,3.0,4.0,4.0,3.0,2.0,2.7834957871622668
3.0,3.0,4.0,4.0,3.0,3.0,3.1000889818724215
3.0,3.0,4.0,4.0,3.0,4.0,3.4260941756359284
3.0,3.0,4.0,4.0,4.0,2.0,2.875441077695714
3.0,3.0,4.0,4.0,4.0,3.0,3.32733291371885
3.0,3.0,4.0,4.0,4.0,4.0,3.644631110093929
3.0,3.0,4.0,4.0,4.0,5.0,3.7174783521625088
3.0,3.0,4.0,4.0,5.0,3.0,3.329449832803596
3.0,3.0,4.0,4.0,5.0,4.0,3.6446310847655923
3.0,3.0,4.0,4.0,5.0,5.0,3.7304855637123695
3.0,3.0,4.0,5.0,2.0,4.0,3.317517337811315
3.0,3.0,4.0,5.0,3.0,4.0,3.426094228632188
3.0,3.0,4.0,5.0,3.0,5.0,3.5682791560260503
3.0,3.0,4.0,5.0,4.0,2.0,3.053284972359138
3.0,3.0,4.0,5.0,4.0,3.0,3.327332925702472
3.0,3.0,4.0,5.0,4.0,4.0,3.644631153891236
3.0,3.0,4.0,5.0,4.0,5.0,3.7174784748716636
3.0,3.0,4.0,5.0,5.0,3.0,3.3761303753976115
3.0,3.0,4.0,5.0,5.0,4.0,3.7798615875954344
3.0,3.0,4.0,5.0,5.0,5.0,3.8655889054662764
3.0,3.0,5.0,1.0,1.0,3.0,2.5696129657570244
3.0,3.0,5.0,1.0,3.0,1.0,2.4040679878990354
3.0,3.0,5.0,2.0,3.0,2.0,2.8413853361814754
3.0,3.0,5.0,2.0,3.0,3.0,2.984036585156163
3.0,3.0,5.0,2.0,4.0,5.0,3.6428029554064434
3.0,3.0,5.0,2.0,5.0,3.0,3.2305325770529447
3.0,3.0,5.0,3.0,3.0,3.0,3.1040200663404365
3.0,3.0,5.0,3.0,3.0,4.0,3.463600007292891
3.0,3.0,5.0,3.0,4.0,3.0,3.332716859231804
3.0,3.0,5.0,3.0,4.0,4.0,3.550981518054591
3.0,3.0,5.0,4.0,3.0,3.0,3.3823017119875805
3.0,3.0,5.0,4.0,3.0,4.0,3.6002372685239106
3.0,3.0,5.0,4.0,4.0,3.0,3.3823018566496112
3.0,3.0,5.0,4.0,4.0,4.0,3.644630796078789
3.0,3.0,5.0,4.0,4.0,5.0,3.8205952920611304
3.0,3.0,5.0,4.0,5.0,3.0,3.4582466994497687
3.0,3.0,5.0,4.0,5.0,4.0,3.8307149411220687
3.0,3.0,5.0,4.0,5.0,5.0,3.9655483577875072
3.0,3.0,5.0,5.0,2.0,2.0,3.0627186227063636
3.0,3.0,5.0,5.0,4.0,4.0,3.8089847068280536
3.0,3.0,5.0,5.0,4.0,5.0,3.8756177779584178
3.0,3.0,5.0,5.0,5.0,3.0,3.7366691369443026
3.0,3.0,5.0,5.0,5.0,4.0,3.830715047719948
3.0,3.0,5.0,5.0,5.0,5.0,4.151073418998861
3.0,4.0,1.0,1.0,1.0,1.0,1.3039835748844535
3.0,4.0,1.0,1.0,1.0,2.0,1.5155425842067336
3.0,4.0,1.0,1.0,2.0,1.0,1.4485787551931633
3.0,4.0,1.0,1.0,2.0,2.0,1.6466092296282455
3.0,4.0,1.0,1.0,2.0,3.0,1.7325118716876478
3.0,4.0,1.0,1.0,3.0,1.0,1.448578856663236
3.0,4.0,1.0,1.0,3.0,2.0,1.840474904246181
3.0,4.0,1.0,1.0,4.0,1.0,1.6641074960073292
3.0,4.0,1.0,1.0,4.0,2.0,1.9095447607655236
3.0,4.0,1.0,2.0,1.0,1.0,1.3986734488294896
3.0,4.0,1.0,2.0,1.0,2.0,1.7793723299715585
3.0,4.0,1.0,2.0,2.0,1.0,1.6150505369248653
3.0,4.0,1.0,2.0,2.0,2.0,1.8605347140275414
3.0,4.0,1.0,2.0,2.0,3.0,2.100474869810594
3.0,4.0,1.0,2.0,3.0,1.0,1.7519802109829525
3.0,4.0,1.0,2.0,3.0,2.0,1.9380126788049985
3.0,4.0,1.0,2.0,3.0,3.0,2.1344494215106726
3.0,4.0,1.0,2.0,4.0,2.0,2.0042843697754
3.0,4.0,1.0,2.0,4.0,3.0,2.170055206680919
3.0,4.0,1.0,2.0,4.0,4.0,2.3740790810171055
3.0,4.0,1.0,3.0,1.0,1.0,1.5033649257021133
3.0,4.0,1.0,3.0,1.0,2.0,1.779372676289871
3.0,4.0,1.0,3.0,1.0,3.0,2.0083574232277845
3.0,4.0,1.0,3.0,1.0,4.0,2.0083575142774586
3.0,4.0,1.0,3.0,2.0,1.0,1.7614300691701987
3.0,4.0,1.0,3.0,2.0,2.0,1.9280396884510065
3.0,4.0,1.0,3.0,2.0,3.0,2.120311636198306
3.0,4.0,1.0,3.0,2.0,4.0,2.4222492231753394
3.0,4.0,1.0,3.0,3.0,2.0,1.941503928397985
3.0,4.0,1.0,3.0,3.0,3.0,2.2317248741924556
3.0,4.0,1.0,3.0,4.0,2.0,2.078185876677565
3.0,4.0,1.0,3.0,4.0,3.0,2.421932143313813
3.0,4.0,1.0,3.0,5.0,4.0,2.7286239603978095
3.0,4.0,1.0,4.0,1.0,1.0,1.5840504459882958
3.0,4.0,1.0,4.0,1.0,2.0,1.7793731200738439
3.0,4.0,1.0,4.0,1.0,3.0,2.1296636120899737
3.0,4.0,1.0,4.0,2.0,1.0,1.802788267835819
3.0,4.0,1.0,4.0,2.0,2.0,1.9734272200768823
3.0,4.0,1.0,4.0,2.0,3.0,2.129662777410994
3.0,4.0,1.0,4.0,3.0,2.0,2.1909311682389383
3.0,4.0,1.0,4.0,3.0,3.0,2.4228239106487846
3.0,4.0,1.0,4.0,3.0,4.0,2.4887523570860046
3.0,4.0,1.0,4.0,4.0,1.0,1.957016859139527
3.0,4.0,1.0,4.0,4.0,2.0,2.2290484454569435
3.0,4.0,1.0,4.0,4.0,3.0,2.488751884978211
3.0,4.0,1.0,4.0,4.0,4.0,2.4887520815662896
3.0,4.0,1.0,4.0,5.0,1.0,2.281751406670861
3.0,4.0,1.0,5.0,2.0,1.0,1.9385953310541475
3.0,4.0,1.0,5.0,3.0,1.0,2.1853208437556897
3.0,4.0,1.0,5.0,4.0,2.0,2.3277425083206205
3.0,4.0,1.0,5.0,5.0,2.0,2.5744680322403006
3.0,4.0,1.0,5.0,5.0,4.0,2.7996621474157886
3.0,4.0,1.0,5.0,5.0,5.0,3.0312530738664205
3.0,4.0,2.0,1.0,1.0,1.0,1.5980788007724689
3.0,4.0,2.0,1.0,1.0,2.0,1.828563735237295
3.0,4.0,2.0,1.0,2.0,1.0,1.717623438367589
3.0,4.0,2.0,1.0,2.0,2.0,1.8354319362026104
3.0,4.0,2.0,1.0,3.0,1.0,1.7546978657235532
3.0,4.0,2.0,1.0,3.0,2.0,2.0371711174446125
3.0,4.0,2.0,1.0,3.0,3.0,2.0808157083014565
3.0,4.0,2.0,1.0,4.0,3.0,2.2950457922552725
3.0,4.0,2.0,2.0,1.0,1.0,1.6758422911042974
3.0,4.0,2.0,2.0,1.0,2.0,1.957141020719901
3.0,4.0,2.0,2.0,1.0,3.0,2.1681482456355115
3.0,4.0,2.0,2.0,2.0,1.0,1.7999568131936978
3.0,4.0,2.0,2.0,2.0,2.0,2.188096395968666
3.0,4.0,2.0,2.0,2.0,3.0,2.353015596799283
3.0,4.0,2.0,2.0,3.0,1.0,2.026606823008695
3.0,4.0,2.0,2.0,3.0,2.0,2.2842623064480967
3.0,4.0,2.0,2.0,3.0,3.0,2.49343387300418
3.0,4.0,2.0,2.0,4.0,2.0,2.3387227816690315
3.0,4.0,2.0,2.0,4.0,3.0,2.590856415082866
3.0,4.0,2.0,2.0,4.0,4.0,2.732363102252723
3.0,4.0,2.0,3.0,1.0,1.0,1.678529205090511
3.0,4.0,2.0,3.0,1.0,2.0,2.053194103767585
3.0,4.0,2.0,3.0,1.0,3.0,2.229577497361501
3.0,4.0,2.0,3.0,2.0,1.0,1.9841110625740317
3.0,4.0,2.0,3.0,2.0,2.0,2.188096770665719
3.0,4.0,2.0,3.0,2.0,3.0,2.5740078006227187
3.0,4.0,2.0,3.0,2.0,4.0,2.5740077875945544
3.0,4.0,2.0,3.0,3.0,1.0,2.026607059884807
3.0,4.0,2.0,3.0,3.0,2.0,2.3620102776214575
3.0,4.0,2.0,3.0,3.0,3.0,2.7648416821249318
3.0,4.0,2.0,3.0,3.0,4.0,2.764843036436336
3.0,4.0,2.0,3.0,4.0,1.0,2.0266072693291055
3.0,4.0,2.0,3.0,4.0,2.0,2.5334400488623765
3.0,4.0,2.0,3.0,4.0,3.0,2.7648421117258435
3.0,4.0,2.0,3.0,4.0,4.0,3.02519504503292
3.0,4.0,2.0,3.0,5.0,3.0,2.7648425458359522
3.0,4.0,2.0,3.0,5.0,4.0,3.0251952081291824
3.0,4.0,2.0,3.0,5.0,5.0,3.0792300957979224
3.0,4.0,2.0,4.0,1.0,1.0,1.9423344958143243
3.0,4.0,2.0,4.0,1.0,2.0,2.1488546872910956
3.0,4.0,2.0,4.0,1.0,3.0,2.472585880191689
3.0,4.0,2.0,4.0,1.0,4.0,2.5897278537292707
3.0,4.0,2.0,4.0,2.0,2.0,2.3933799147239885
3.0,4.0,2.0,4.0,2.0,3.0,2.574008372317354
3.0,4.0,2.0,4.0,2.0,4.0,2.736612344476448
3.0,4.0,2.0,4.0,2.0,5.0,2.9286494121672746
3.0,4.0,2.0,4.0,3.0,1.0,2.0912235914780966
3.0,4.0,2.0,4.0,3.0,2.0,2.533439543312921
3.0,4.0,2.0,4.0,3.0,3.0,2.8646187898755473
3.0,4.0,2.0,4.0,3.0,4.0,2.9464810004062203
3.0,4.0,2.0,4.0,3.0,5.0,3.0307743233724587
3.0,4.0,2.0,4.0,4.0,1.0,2.2487091753067405
3.0,4.0,2.0,4.0,4.0,2.0,2.533439799533743
3.0,4.0,2.0,4.0,4.0,3.0,2.868897660063292
3.0,4.0,2.0,4.0,4.0,4.0,3.0789314492005655
3.0,4.0,2.0,4.0,4.0,5.0,3.163335941443978
3.0,4.0,2.0,4.0,5.0,2.0,2.535731438396582
3.0,4.0,2.0,4.0,5.0,3.0,2.917271899197743
3.0,4.0,2.0,4.0,5.0,4.0,3.079089722005078
3.0,4.0,2.0,4.0,5.0,5.0,3.2968469897492505
3.0,4.0,2.0,5.0,1.0,2.0,2.148854835979637
3.0,4.0,2.0,5.0,1.0,4.0,2.6048459260733803
3.0,4.0,2.0,5.0,1.0,5.0,2.9343438901639076
3.0,4.0,2.0,5.0,2.0,3.0,2.5740088740311573
3.0,4.0,2.0,5.0,3.0,2.0,2.6364683404855045
3.0,4.0,2.0,5.0,3.0,3.0,2.864619121395772
3.0,4.0,2.0,5.0,3.0,4.0,3.079089593924001
3.0,4.0,2.0,5.0,4.0,3.0,2.868898216720616
3.0,4.0,2.0,5.0,4.0,4.0,3.079089607667489
3.0,4.0,2.0,5.0,4.0,5.0,3.2698798360342347
3.0,4.0,2.0,5.0,5.0,3.0,2.9764532888943234
3.0,4.0,2.0,5.0,5.0,4.0,3.079089661110347
3.0,4.0,2.0,5.0,5.0,5.0,3.2968470642420606
3.0,4.0,3.0,1.0,1.0,1.0,1.5980787896207356
3.0,4.0,3.0,1.0,1.0,2.0,2.0152520829101417
3.0,4.0,3.0,1.0,2.0,1.0,1.837174198745976
3.0,4.0,3.0,1.0,2.0,2.0,2.204920099791015
3.0,4.0,3.0,1.0,2.0,3.0,2.3483400986579457
3.0,4.0,3.0,1.0,3.0,1.0,1.93170929265921
3.0,4.0,3.0,1.0,3.0,2.0,2.251116094900925
3.0,4.0,3.0,1.0,3.0,3.0,2.3963738080173416
3.0,4.0,3.0,1.0,4.0,3.0,2.618934164033679
3.0,4.0,3.0,1.0,5.0,2.0,2.4259568059691183
3.0,4.0,3.0,1.0,5.0,5.0,3.022894957892451
3.0,4.0,3.0,2.0,1.0,1.0,2.033048842710075
3.0,4.0,3.0,2.0,1.0,2.0,2.1566323145083155
3.0,4.0,3.0,2.0,1.0,3.0,2.367190976049085
3.0,4.0,3.0,2.0,2.0,1.0,2.0330491022955854
3.0,4.0,3.0,2.0,2.0,2.0,2.244193731504732
3.0,4.0,3.0,2.0,2.0,3.0,2.621230675181922
3.0,4.0,3.0,2.0,2.0,4.0,2.6212303366389538
3.0,4.0,3.0,2.0,3.0,1.0,2.0330493150656763
3.0,4.0,3.0,2.0,3.0,2.0,2.4838025917531104
3.0,4.0,3.0,2.0,3.0,3.0,2.761810063533974
3.0,4.0,3.0,2.0,3.0,4.0,2.9094150585534484
3.0,4.0,3.0,2.0,4.0,2.0,2.540828873142441
3.0,4.0,3.0,2.0,4.0,3.0,2.8842799595053386
3.0,4.0,3.0,2.0,4.0,4.0,2.9711108804129056
3.0,4.0,3.0,2.0,4.0,5.0,3.150142670669737
3.0,4.0,3.0,2.0,5.0,3.0,3.02775655909264
3.0,4.0,3.0,2.0,5.0,4.0,3.048171483584899
3.0,4.0,3.0,3.0,1.0,1.0,2.0974424695106726
3.0,4.0,3.0,3.0,1.0,2.0,2.2392906687937595
3.0,4.0,3.0,3.0,1.0,3.0,2.367190949708892
3.0,4.0,3.0,3.0,1.0,4.0,2.779391426827719
3.0,4.0,3.0,3.0,2.0,1.0,2.15032349349385
3.0,4.0,3.0,3.0,2.0,2.0,2.6955472172641755
3.0,4.0,3.0,3.0,2.0,3.0,2.8010409508355028
3.0,4.0,3.0,3.0,2.0,4.0,2.9665019997504003
3.0,4.0,3.0,3.0,3.0,1.0,2.41775765146903
3.0,4.0,3.0,3.0,3.0,2.0,2.7117430878777022
3.0,4.0,3.0,3.0,3.0,3.0,2.971162548998396
3.0,4.0,3.0,3.0,3.0,4.0,3.1894082287670917
3.0,4.0,3.0,3.0,4.0,2.0,2.711743173521497
3.0,4.0,3.0,3.0,4.0,3.0,3.0277564585049217
3.0,4.0,3.0,3.0,4.0,4.0,3.2749329781700998
3.0,4.0,3.0,3.0,4.0,5.0,3.274933167549489
3.0,4.0,3.0,3.0,5.0,3.0,3.0277566027789264
3.0,4.0,3.0,3.0,5.0,4.0,3.308636612715295
3.0,4.0,3.0,4.0,1.0,2.0,2.2715893291654417
3.0,4.0,3.0,4.0,1.0,3.0,2.56230346529469
3.0,4.0,3.0,4.0,1.0,4.0,2.8658709284345303
3.0,4.0,3.0,4.0,2.0,2.0,2.7017783916781393
3.0,4.0,3.0,4.0,2.0,3.0,2.90818494546256
3.0,4.0,3.0,4.0,2.0,4.0,3.1295372630797074
3.0,4.0,3.0,4.0,3.0,2.0,2.727977993444927
3.0,4.0,3.0,4.0,3.0,3.0,3.0826911993806188
3.0,4.0,3.0,4.0,3.0,4.0,3.2834931663609956
3.0,4.0,3.0,4.0,3.0,5.0,3.4233799309826116
3.0,4.0,3.0,4.0,4.0,2.0,2.948659978260677
3.0,4.0,3.0,4.0,4.0,3.0,3.159881054791726
3.0,4.0,3.0,4.0,4.0,4.0,3.4129671506855845
3.0,4.0,3.0,4.0,4.0,5.0,3.4233798986716186
3.0,4.0,3.0,4.0,5.0,2.0,2.94866013348824
3.0,4.0,3.0,4.0,5.0,3.0,3.1598813734798625
3.0,4.0,3.0,4.0,5.0,4.0,3.5391086599687287
3.0,4.0,3.0,4.0,5.0,5.0,3.5391088776869504
3.0,4.0,3.0,5.0,1.0,1.0,2.119236767761648
3.0,4.0,3.0,5.0,1.0,2.0,2.4487347146001253
3.0,4.0,3.0,5.0,1.0,4.0,3.0434957639538323
3.0,4.0,3.0,5.0,2.0,3.0,2.930561388557923
3.0,4.0,3.0,5.0,2.0,4.0,3.1295374436085277
3.0,4.0,3.0,5.0,2.0,5.0,3.250152264270471
3.0,4.0,3.0,5.0,3.0,3.0,3.1454714311521874
3.0,4.0,3.0,5.0,3.0,4.0,3.2834934849610966
3.0,4.0,3.0,5.0,3.0,5.0,3.4473963212545877
3.0,4.0,3.0,5.0,4.0,2.0,2.949288889069097
3.0,4.0,3.0,5.0,4.0,3.0,3.1635866991465416
3.0,4.0,3.0,5.0,4.0,4.0,3.469539022944612
3.0,4.0,3.0,5.0,4.0,5.0,3.532733988826538
3.0,4.0,3.0,5.0,5.0,2.0,3.0016029508731026
3.0,4.0,3.0,5.0,5.0,3.0,3.215970348565712
3.0,4.0,3.0,5.0,5.0,4.0,3.539108793813795
3.0,4.0,3.0,5.0,5.0,5.0,3.5391089123614723
3.0,4.0,4.0,1.0,1.0,1.0,1.9016427174100061
3.0,4.0,4.0,1.0,2.0,2.0,2.3963728064744716
3.0,4.0,4.0,1.0,2.0,4.0,2.703060229446084
3.0,4.0,4.0,1.0,3.0,2.0,2.3963728966288715
3.0,4.0,4.0,1.0,3.0,3.0,2.396373007449199
3.0,4.0,4.0,1.0,4.0,1.0,2.208017436015083
3.0,4.0,4.0,1.0,4.0,2.0,2.6821159513342065
3.0,4.0,4.0,1.0,4.0,3.0,2.867013279128049
3.0,4.0,4.0,1.0,5.0,1.0,2.310142252932109
3.0,4.0,4.0,2.0,1.0,1.0,2.033048636139541
3.0,4.0,4.0,2.0,2.0,2.0,2.4380180219485768
3.0,4.0,4.0,2.0,2.0,3.0,2.6732332295653083
3.0,4.0,4.0,2.0,3.0,1.0,2.358312417923452
3.0,4.0,4.0,2.0,3.0,2.0,2.631192635967375
3.0,4.0,4.0,2.0,3.0,3.0,2.936740375112944
3.0,4.0,4.0,2.0,3.0,4.0,3.0078849378545063
3.0,4.0,4.0,2.0,4.0,2.0,2.7795644597906715
3.0,4.0,4.0,2.0,4.0,3.0,3.003096218641187
3.0,4.0,4.0,2.0,4.0,4.0,3.2403785089205317
3.0,4.0,4.0,3.0,1.0,2.0,2.6615711443580063
3.0,4.0,4.0,3.0,1.0,3.0,2.6615712553777637
3.0,4.0,4.0,3.0,1.0,4.0,2.9611746710763884
3.0,4.0,4.0,3.0,2.0,2.0,2.695547087750974
3.0,4.0,4.0,3.0,2.0,3.0,3.070259840622545
3.0,4.0,4.0,3.0,2.0,4.0,3.07025969950742
3.0,4.0,4.0,3.0,3.0,2.0,2.783495997631638
3.0,4.0,4.0,3.0,3.0,3.0,3.119954189028668
3.0,4.0,4.0,3.0,3.0,4.0,3.5006797904710103
3.0,4.0,4.0,3.0,4.0,2.0,2.8754411313550365
3.0,4.0,4.0,3.0,4.0,3.0,3.2943129215035705
3.0,4.0,4.0,3.0,4.0,4.0,3.5012272583064323
3.0,4.0,4.0,3.0,4.0,5.0,3.501227277549943
3.0,4.0,4.0,3.0,5.0,3.0,3.3053440028046013
3.0,4.0,4.0,3.0,5.0,4.0,3.5534352785876155
3.0,4.0,4.0,3.0,5.0,5.0,3.621782639106535
3.0,4.0,4.0,4.0,1.0,3.0,2.865706031064858
3.0,4.0,4.0,4.0,1.0,4.0,3.1705433986332805
3.0,4.0,4.0,4.0,2.0,2.0,2.7834959730344617
3.0,4.0,4.0,4.0,2.0,3.0,3.070259968701637
3.0,4.0,4.0,4.0,2.0,4.0,3.300626055190138
3.0,4.0,4.0,4.0,3.0,2.0,2.7834959857296186
3.0,4.0,4.0,4.0,3.0,3.0,3.331113549306598
3.0,4.0,4.0,4.0,3.0,4.0,3.6082311878106608
3.0,4.0,4.0,4.0,4.0,2.0,3.076023509520368
3.0,4.0,4.0,4.0,4.0,3.0,3.4622533835342146
3.0,4.0,4.0,4.0,4.0,4.0,3.677451544056618
3.0,4.0,4.0,4.0,4.0,5.0,3.8019620891170858
3.0,4.0,4.0,4.0,5.0,3.0,3.4622535739398677
3.0,4.0,4.0,4.0,5.0,4.0,3.7786634373219994
3.0,4.0,4.0,4.0,5.0,5.0,3.8065307192806093
3.0,4.0,4.0,5.0,1.0,1.0,2.6221214451613126
3.0,4.0,4.0,5.0,1.0,3.0,2.8657061529238304
3.0,4.0,4.0,5.0,1.0,4.0,3.1705435183677086
3.0,4.0,4.0,5.0,1.0,5.0,3.4803949576391533
3.0,4.0,4.0,5.0,2.0,3.0,3.171584282090705
3.0,4.0,4.0,5.0,3.0,3.0,3.3311136449079433
3.0,4.0,4.0,5.0,3.0,4.0,3.687843126438652
3.0,4.0,4.0,5.0,3.0,5.0,3.7981317025422574
3.0,4.0,4.0,5.0,4.0,3.0,3.462253623788106
3.0,4.0,4.0,5.0,4.0,4.0,3.8342736193787923
3.0,4.0,4.0,5.0,4.0,5.0,3.8342736617569333
3.0,4.0,4.0,5.0,5.0,3.0,3.462253733419449
3.0,4.0,4.0,5.0,5.0,4.0,3.8681366560857238
3.0,4.0,4.0,5.0,5.0,5.0,3.9053386543639217
3.0,4.0,5.0,2.0,3.0,3.0,2.984036729263905
3.0,4.0,5.0,2.0,4.0,4.0,3.3734135062555946
3.0,4.0,5.0,3.0,3.0,2.0,3.009313267083248
3.0,4.0,5.0,3.0,3.0,3.0,3.2960084741584783
3.0,4.0,5.0,3.0,3.0,4.0,3.5006796583851036
3.0,4.0,5.0,3.0,4.0,2.0,3.111438183044805
3.0,4.0,5.0,3.0,4.0,3.0,3.3852316055404437
3.0,4.0,5.0,3.0,4.0,4.0,3.8054581485637478
3.0,4.0,5.0,3.0,4.0,5.0,3.810730806045487
3.0,4.0,5.0,3.0,5.0,4.0,3.8054581988214164
3.0,4.0,5.0,3.0,5.0,5.0,4.027246187265304
3.0,4.0,5.0,4.0,2.0,2.0,3.015007732560913
3.0,4.0,5.0,4.0,2.0,3.0,3.300983515714455
3.0,4.0,5.0,4.0,2.0,4.0,3.5294030244739942
3.0,4.0,5.0,4.0,3.0,3.0,3.3823020016043794
3.0,4.0,5.0,4.0,3.0,4.0,3.608231000339926
3.0,4.0,5.0,4.0,4.0,2.0,3.219257588653179
3.0,4.0,5.0,4.0,4.0,3.0,3.484063402711031
3.0,4.0,5.0,4.0,4.0,4.0,3.8205957646954767
3.0,4.0,5.0,4.0,5.0,2.0,3.279136415363567
3.0,4.0,5.0,4.0,5.0,3.0,3.5807883593479355
3.0,4.0,5.0,4.0,5.0,4.0,3.9950596203677735
3.0,4.0,5.0,4.0,5.0,5.0,4.027246311323032
3.0,4.0,5.0,5.0,2.0,4.0,3.5949763259104217
3.0,4.0,5.0,5.0,2.0,5.0,3.8221197729828797
3.0,4.0,5.0,5.0,3.0,3.0,3.4098494040491594
3.0,4.0,5.0,5.0,4.0,3.0,3.4888241922834013
3.0,4.0,5.0,5.0,4.0,4.0,3.9099305406843787
3.0,4.0,5.0,5.0,4.0,5.0,4.033756191413158
3.0,4.0,5.0,5.0,5.0,3.0,3.828226688436169
3.0,4.0,5.0,5.0,5.0,4.0,3.9950596785395613
3.0,4.0,5.0,5.0,5.0,5.0,4.1510738112956265
3.0,5.0,1.0,1.0,1.0,1.0,1.3039837366577198
3.0,5.0,1.0,1.0,1.0,2.0,1.5680573414213637
3.0,5.0,1.0,1.0,2.0,1.0,1.4485789145082466
3.0,5.0,1.0,1.0,3.0,1.0,1.44857901549122
3.0,5.0,1.0,1.0,3.0,5.0,2.5537413762649828
3.0,5.0,1.0,1.0,4.0,1.0,1.6741880456774492
3.0,5.0,1.0,2.0,2.0,1.0,1.7162727584816706
3.0,5.0,1.0,2.0,2.0,2.0,1.8778114491952502
3.0,5.0,1.0,2.0,3.0,2.0,1.967034588256542
3.0,5.0,1.0,2.0,4.0,3.0,2.1700552995326623
3.0,5.0,1.0,2.0,4.0,5.0,2.6701473689743027
3.0,5.0,1.0,2.0,5.0,2.0,2.1665177992942826
3.0,5.0,1.0,2.0,5.0,5.0,2.670147449632574
3.0,5.0,1.0,3.0,1.0,1.0,1.5033651134597321
3.0,5.0,1.0,3.0,1.0,2.0,1.8055772989055179
3.0,5.0,1.0,3.0,1.0,3.0,2.05073488936436
3.0,5.0,1.0,3.0,2.0,2.0,1.928039872211546
3.0,5.0,1.0,3.0,2.0,3.0,2.241326295188949
3.0,5.0,1.0,3.0,3.0,1.0,1.7614301547281501
3.0,5.0,1.0,3.0,3.0,2.0,2.1875655611349574
3.0,5.0,1.0,3.0,3.0,3.0,2.24132630320077
3.0,5.0,1.0,3.0,4.0,1.0,1.9901600549891671
3.0,5.0,1.0,3.0,4.0,2.0,2.316812861021907
3.0,5.0,1.0,3.0,4.0,3.0,2.4219324326070506
3.0,5.0,1.0,3.0,4.0,4.0,2.686607562248466
3.0,5.0,1.0,3.0,5.0,3.0,2.603835159710443
3.0,5.0,1.0,3.0,5.0,4.0,2.7887324932881596
3.0,5.0,1.0,4.0,1.0,3.0,2.1296644638956277
3.0,5.0,1.0,4.0,2.0,1.0,1.8027884280254842
3.0,5.0,1.0,4.0,2.0,2.0,1.973427360354892
3.0,5.0,1.0,4.0,2.0,3.0,2.405279785866412
3.0,5.0,1.0,4.0,3.0,2.0,2.3263752568423834
3.0,5.0,1.0,4.0,3.0,3.0,2.4433024544613846
3.0,5.0,1.0,4.0,3.0,4.0,2.488752807796211
3.0,5.0,1.0,4.0,4.0,1.0,2.0951342789610847
3.0,5.0,1.0,4.0,4.0,2.0,2.3263754184367382
3.0,5.0,1.0,4.0,4.0,3.0,2.6640137934921055
3.0,5.0,1.0,4.0,4.0,4.0,2.9347817820018056
3.0,5.0,1.0,5.0,1.0,3.0,2.1296650499055976
3.0,5.0,1.0,5.0,1.0,4.0,2.595871617725441
3.0,5.0,1.0,5.0,2.0,2.0,2.1836012640676885
3.0,5.0,1.0,5.0,3.0,3.0,2.4706234655815624
3.0,5.0,1.0,5.0,3.0,4.0,2.6555208827369086
3.0,5.0,1.0,5.0,4.0,3.0,2.66401397761227
3.0,5.0,1.0,5.0,4.0,4.0,2.9347820764651043
3.0,5.0,1.0,5.0,5.0,3.0,2.8194739248797567
3.0,5.0,1.0,5.0,5.0,5.0,3.0312532785244453
3.0,5.0,2.0,1.0,1.0,1.0,1.7645878006409617
3.0,5.0,2.0,1.0,1.0,2.0,1.8810784697056513
3.0,5.0,2.0,1.0,1.0,3.0,1.9220097046513547
3.0,5.0,2.0,1.0,2.0,1.0,1.8087629089265482
3.0,5.0,2.0,1.0,2.0,2.0,2.037171305712167
3.0,5.0,2.0,1.0,2.0,3.0,2.1509044809369353
3.0,5.0,2.0,1.0,3.0,1.0,1.8177113034575676
3.0,5.0,2.0,1.0,3.0,2.0,2.037171286363831
3.0,5.0,2.0,1.0,3.0,3.0,2.4022676104973226
3.0,5.0,2.0,1.0,4.0,1.0,1.840759059344318
3.0,5.0,2.0,1.0,4.0,2.0,2.170256962239221
3.0,5.0,2.0,1.0,5.0,1.0,1.9428839586570987
3.0,5.0,2.0,1.0,5.0,5.0,2.9716744708982312
3.0,5.0,2.0,2.0,1.0,2.0,1.957141166123077
3.0,5.0,2.0,2.0,2.0,1.0,1.8889291700518458
3.0,5.0,2.0,2.0,2.0,2.0,2.1880966091668785
3.0,5.0,2.0,2.0,2.0,3.0,2.353016030203179
3.0,5.0,2.0,2.0,2.0,4.0,2.5287547264732377
3.0,5.0,2.0,2.0,2.0,5.0,2.717402067796461
3.0,5.0,2.0,2.0,3.0,2.0,2.284262564111821
3.0,5.0,2.0,2.0,3.0,3.0,2.493434145786805
3.0,5.0,2.0,2.0,3.0,4.0,2.5287547817173732
3.0,5.0,2.0,2.0,4.0,2.0,2.3387230649989315
3.0,5.0,2.0,2.0,4.0,3.0,2.5908567564338987
3.0,5.0,2.0,2.0,5.0,2.0,2.3387233017107527
3.0,5.0,2.0,2.0,5.0,3.0,2.6200406646568193
3.0,5.0,2.0,3.0,1.0,1.0,2.0741939145858233
3.0,5.0,2.0,3.0,1.0,2.0,2.205730919185526
3.0,5.0,2.0,3.0,1.0,3.0,2.2295776862865435
3.0,5.0,2.0,3.0,2.0,1.0,2.0741939885213685
3.0,5.0,2.0,3.0,2.0,2.0,2.252112570881029
3.0,5.0,2.0,3.0,2.0,3.0,2.717402001790871
3.0,5.0,2.0,3.0,2.0,4.0,2.7174020631350366
3.0,5.0,2.0,3.0,2.0,5.0,2.7174021518828604
3.0,5.0,2.0,3.0,3.0,1.0,2.0863824223546894
3.0,5.0,2.0,3.0,3.0,2.0,2.36201049062864
3.0,5.0,2.0,3.0,3.0,3.0,2.764842324519155
3.0,5.0,2.0,3.0,3.0,4.0,2.764842905117401
3.0,5.0,2.0,3.0,4.0,2.0,2.533440448611573
3.0,5.0,2.0,3.0,4.0,3.0,2.8245268187534607
3.0,5.0,2.0,3.0,4.0,4.0,3.025195212277443
3.0,5.0,2.0,3.0,5.0,3.0,2.884387817347814
3.0,5.0,2.0,3.0,5.0,4.0,3.0251953573173322
3.0,5.0,2.0,3.0,5.0,5.0,3.0792301935924673
3.0,5.0,2.0,4.0,1.0,2.0,2.2057310401709596
3.0,5.0,2.0,4.0,1.0,3.0,2.510667488790307
3.0,5.0,2.0,4.0,1.0,4.0,2.6564807705154507
3.0,5.0,2.0,4.0,2.0,1.0,2.0912238121789546
3.0,5.0,2.0,4.0,2.0,2.0,2.3933801504925762
3.0,5.0,2.0,4.0,2.0,3.0,2.717402388344612
3.0,5.0,2.0,4.0,2.0,4.0,2.803860586342494
3.0,5.0,2.0,4.0,3.0,1.0,2.091223773001126
3.0,5.0,2.0,4.0,3.0,2.0,2.5361908044225747
3.0,5.0,2.0,4.0,3.0,3.0,2.8646194632886908
3.0,5.0,2.0,4.0,3.0,4.0,2.9496595062966353
3.0,5.0,2.0,4.0,4.0,2.0,2.55767522555261
3.0,5.0,2.0,4.0,4.0,3.0,2.8688980000023774
3.0,5.0,2.0,4.0,4.0,4.0,3.0789318558102545
3.0,5.0,2.0,4.0,4.0,5.0,3.1686241006822944
3.0,5.0,2.0,4.0,5.0,1.0,2.5555432574584547
3.0,5.0,2.0,4.0,5.0,3.0,2.952696799033209
3.0,5.0,2.0,4.0,5.0,4.0,3.2414112404068605
3.0,5.0,2.0,4.0,5.0,5.0,3.3841800185717545
3.0,5.0,2.0,5.0,1.0,1.0,2.254863021785333
3.0,5.0,2.0,5.0,1.0,3.0,2.5457427203146197
3.0,5.0,2.0,5.0,2.0,2.0,2.420325943471499
3.0,5.0,2.0,5.0,2.0,3.0,2.7174027775177874
3.0,5.0,2.0,5.0,2.0,5.0,3.0965773245282335
3.0,5.0,2.0,5.0,3.0,2.0,2.6440101970137424
3.0,5.0,2.0,5.0,3.0,3.0,2.864620108778464
3.0,5.0,2.0,5.0,3.0,4.0,3.1383932587721604
3.0,5.0,2.0,5.0,3.0,5.0,3.2813771396279314
3.0,5.0,2.0,5.0,4.0,3.0,2.868898438187532
3.0,5.0,2.0,5.0,4.0,4.0,3.1817050332824093
3.0,5.0,2.0,5.0,4.0,5.0,3.281377105602106
3.0,5.0,2.0,5.0,5.0,3.0,3.112617816508011
3.0,5.0,2.0,5.0,5.0,4.0,3.2414113697080986
3.0,5.0,2.0,5.0,5.0,5.0,3.559561712292962
3.0,5.0,3.0,1.0,1.0,1.0,1.7645878016789345
3.0,5.0,3.0,1.0,1.0,2.0,2.178032218885072
3.0,5.0,3.0,1.0,2.0,1.0,1.9753385192753168
3.0,5.0,3.0,1.0,3.0,1.0,1.975338612960479
3.0,5.0,3.0,1.0,3.0,2.0,2.251116177036788
3.0,5.0,3.0,1.0,3.0,3.0,2.4022675784759513
3.0,5.0,3.0,1.0,4.0,1.0,2.3002303095884495
3.0,5.0,3.0,1.0,4.0,4.0,2.8983356611337943
3.0,5.0,3.0,1.0,5.0,3.0,2.815563263405228
3.0,5.0,3.0,2.0,1.0,2.0,2.1780323768835332
3.0,5.0,3.0,2.0,2.0,1.0,2.0795941690382795
3.0,5.0,3.0,2.0,2.0,2.0,2.5486006963447854
3.0,5.0,3.0,2.0,2.0,3.0,2.6657426653045357
3.0,5.0,3.0,2.0,3.0,2.0,2.5892015424532824
3.0,5.0,3.0,2.0,3.0,3.0,2.7618102153588775
3.0,5.0,3.0,2.0,3.0,4.0,2.9161542387542516
3.0,5.0,3.0,2.0,4.0,2.0,2.5892016211749462
3.0,5.0,3.0,2.0,4.0,3.0,2.9851647310372806
3.0,5.0,3.0,2.0,4.0,4.0,3.0903314088668044
3.0,5.0,3.0,2.0,4.0,5.0,3.150142801525316
3.0,5.0,3.0,2.0,5.0,2.0,2.8830858917277644
3.0,5.0,3.0,2.0,5.0,3.0,3.0643435483697417
3.0,5.0,3.0,2.0,5.0,4.0,3.0903315480609432
3.0,5.0,3.0,2.0,5.0,5.0,3.256139192493824
3.0,5.0,3.0,3.0,1.0,1.0,2.0974428013897377
3.0,5.0,3.0,3.0,1.0,3.0,2.6736029152449916
3.0,5.0,3.0,3.0,1.0,4.0,2.8075997465593803
3.0,5.0,3.0,3.0,1.0,5.0,2.9924971034262855
3.0,5.0,3.0,3.0,2.0,1.0,2.3550325907254814
3.0,5.0,3.0,3.0,2.0,2.0,2.695547242505854
3.0,5.0,3.0,3.0,2.0,3.0,2.9418866914028863
3.0,5.0,3.0,3.0,2.0,4.0,2.966502162258534
3.0,5.0,3.0,3.0,3.0,2.0,2.7742122866101204
3.0,5.0,3.0,3.0,3.0,3.0,2.9711628898534466
3.0,5.0,3.0,3.0,3.0,4.0,3.238382563226733
3.0,5.0,3.0,3.0,3.0,5.0,3.238382736752501
3.0,5.0,3.0,3.0,4.0,1.0,2.4177578601419487
3.0,5.0,3.0,3.0,4.0,2.0,2.7742122713186137
3.0,5.0,3.0,3.0,4.0,3.0,3.0277567134797447
3.0,5.0,3.0,3.0,4.0,4.0,3.3986090959033035
3.0,5.0,3.0,3.0,5.0,3.0,3.1059387126238724
3.0,5.0,3.0,3.0,5.0,4.0,3.3986093185092052
3.0,5.0,3.0,3.0,5.0,5.0,3.544410761330485
3.0,5.0,3.0,4.0,1.0,1.0,2.1888226804805515
3.0,5.0,3.0,4.0,1.0,2.0,2.491684853210752
3.0,5.0,3.0,4.0,1.0,3.0,2.6736030653875202
3.0,5.0,3.0,4.0,1.0,4.0,2.915419129913202
3.0,5.0,3.0,4.0,2.0,3.0,2.941887000680113
3.0,5.0,3.0,4.0,2.0,4.0,3.1295374100778224
3.0,5.0,3.0,4.0,2.0,5.0,3.3031989700557802
3.0,5.0,3.0,4.0,3.0,2.0,2.77421244546533
3.0,5.0,3.0,4.0,3.0,3.0,3.119253823112181
3.0,5.0,3.0,4.0,3.0,4.0,3.4394319249822534
3.0,5.0,3.0,4.0,3.0,5.0,3.5444103343732483
3.0,5.0,3.0,4.0,4.0,2.0,2.9808884631756682
3.0,5.0,3.0,4.0,4.0,3.0,3.1724911383495282
3.0,5.0,3.0,4.0,4.0,4.0,3.5444093859111505
3.0,5.0,3.0,4.0,4.0,5.0,3.5444101329739137
3.0,5.0,3.0,4.0,5.0,2.0,2.9808886338295513
3.0,5.0,3.0,4.0,5.0,3.0,3.2159700556642825
3.0,5.0,3.0,4.0,5.0,4.0,3.5444098880326953
3.0,5.0,3.0,4.0,5.0,5.0,3.5444103910905143
3.0,5.0,3.0,5.0,1.0,2.0,2.491684967703641
3.0,5.0,3.0,5.0,1.0,3.0,2.7257601283531376
3.0,5.0,3.0,5.0,1.0,4.0,3.043496018197278
3.0,5.0,3.0,5.0,1.0,5.0,3.331498591127648
3.0,5.0,3.0,5.0,2.0,2.0,2.755568708683468
3.0,5.0,3.0,5.0,2.0,3.0,2.9418874056826936
3.0,5.0,3.0,5.0,2.0,4.0,3.1710356428036754
3.0,5.0,3.0,5.0,2.0,5.0,3.3314986657359724
3.0,5.0,3.0,5.0,3.0,1.0,2.52819581996135
3.0,5.0,3.0,5.0,3.0,2.0,2.8576936530471837
3.0,5.0,3.0,5.0,3.0,3.0,3.1724921948755154
3.0,5.0,3.0,5.0,3.0,4.0,3.5061011257671595
3.0,5.0,3.0,5.0,3.0,5.0,3.593464724619474
3.0,5.0,3.0,5.0,4.0,3.0,3.172491888732155
3.0,5.0,3.0,5.0,4.0,4.0,3.578170081855576
3.0,5.0,3.0,5.0,4.0,5.0,3.738138458134839
3.0,5.0,3.0,5.0,5.0,1.0,2.8770461200911335
3.0,5.0,3.0,5.0,5.0,2.0,3.206544067831568
3.0,5.0,3.0,5.0,5.0,3.0,3.2159702782377986
3.0,5.0,3.0,5.0,5.0,4.0,3.578170172245362
3.0,5.0,3.0,5.0,5.0,5.0,3.759483305948366
3.0,5.0,4.0,1.0,3.0,1.0,2.3106015265010855
3.0,5.0,4.0,1.0,5.0,5.0,3.3990414850257804
3.0,5.0,4.0,2.0,1.0,3.0,2.72856662348126
3.0,5.0,4.0,2.0,2.0,1.0,2.3162959948475565
3.0,5.0,4.0,2.0,2.0,2.0,2.695546993788781
3.0,5.0,4.0,2.0,2.0,3.0,2.8520807526235568
3.0,5.0,4.0,2.0,3.0,2.0,2.747918964126701
3.0,5.0,4.0,2.0,3.0,3.0,2.9531431297556354
3.0,5.0,4.0,2.0,3.0,4.0,3.0078851943048783
3.0,5.0,4.0,2.0,4.0,2.0,2.7795646314433737
3.0,5.0,4.0,2.0,4.0,3.0,3.0030963953686842
3.0,5.0,4.0,2.0,4.0,4.0,3.318398501050855
3.0,5.0,4.0,2.0,5.0,3.0,3.2460829354601928
3.0,5.0,4.0,2.0,5.0,5.0,3.5068608032356985
3.0,5.0,4.0,3.0,2.0,2.0,2.6955471339157104
3.0,5.0,4.0,3.0,2.0,3.0,3.0702599658472294
3.0,5.0,4.0,3.0,2.0,4.0,3.234150435894395
3.0,5.0,4.0,3.0,3.0,2.0,2.7834962628247
3.0,5.0,4.0,3.0,3.0,3.0,3.1614010662718557
3.0,5.0,4.0,3.0,3.0,4.0,3.500679861184995
3.0,5.0,4.0,3.0,4.0,2.0,2.963186509345733
3.0,5.0,4.0,3.0,4.0,3.0,3.294313049127019
3.0,5.0,4.0,3.0,4.0,4.0,3.5386385831906386
3.0,5.0,4.0,3.0,4.0,5.0,3.621782839999433
3.0,5.0,4.0,3.0,5.0,3.0,3.305344119061151
3.0,5.0,4.0,3.0,5.0,4.0,3.5534353912608885
3.0,5.0,4.0,3.0,5.0,5.0,3.6217827816769614
3.0,5.0,4.0,4.0,1.0,3.0,2.9442052381505204
3.0,5.0,4.0,4.0,2.0,2.0,2.8789384491203145
3.0,5.0,4.0,4.0,2.0,3.0,3.0702600945945977
3.0,5.0,4.0,4.0,2.0,4.0,3.3629710376124846
3.0,5.0,4.0,4.0,3.0,2.0,2.9745833838365625
3.0,5.0,4.0,4.0,3.0,3.0,3.3311137070078716
3.0,5.0,4.0,4.0,3.0,4.0,3.692684300094769
3.0,5.0,4.0,4.0,3.0,5.0,3.7648558714580616
3.0,5.0,4.0,4.0,4.0,2.0,3.076023769468096
3.0,5.0,4.0,4.0,4.0,3.0,3.484063832301528
3.0,5.0,4.0,4.0,4.0,4.0,3.801962290384428
3.0,5.0,4.0,4.0,4.0,5.0,3.8019622770643546
3.0,5.0,4.0,4.0,5.0,2.0,3.07602398022224
3.0,5.0,4.0,4.0,5.0,3.0,3.660812303627068
3.0,5.0,4.0,4.0,5.0,4.0,3.8019625080762673
3.0,5.0,4.0,4.0,5.0,5.0,3.8065308277731074
3.0,5.0,4.0,5.0,1.0,1.0,2.682230029019862
3.0,5.0,4.0,5.0,1.0,4.0,3.333323685962617
3.0,5.0,4.0,5.0,2.0,3.0,3.1715844207362007
3.0,5.0,4.0,5.0,2.0,4.0,3.4381691058106334
3.0,5.0,4.0,5.0,2.0,5.0,3.4803951620204945
3.0,5.0,4.0,5.0,3.0,2.0,3.071377136620797
3.0,5.0,4.0,5.0,3.0,3.0,3.400507482388342
3.0,5.0,4.0,5.0,3.0,4.0,3.692684486328335
3.0,5.0,4.0,5.0,3.0,5.0,3.909685975229341
3.0,5.0,4.0,5.0,4.0,2.0,3.173502055154127
3.0,5.0,4.0,5.0,4.0,3.0,3.532718762858093
3.0,5.0,4.0,5.0,4.0,4.0,3.8342737888704295
3.0,5.0,4.0,5.0,4.0,5.0,4.033756618426747
3.0,5.0,4.0,5.0,5.0,2.0,3.240806029094362
3.0,5.0,4.0,5.0,5.0,3.0,3.6868973887116905
3.0,5.0,4.0,5.0,5.0,4.0,3.9308405619788616
3.0,5.0,4.0,5.0,5.0,5.0,4.033756731185225
3.0,5.0,5.0,1.0,1.0,1.0,2.1754347065055883
3.0,5.0,5.0,1.0,5.0,5.0,3.612724881094569
3.0,5.0,5.0,2.0,1.0,2.0,2.6127520465136156
3.0,5.0,5.0,2.0,4.0,4.0,3.5050868437567764
3.0,5.0,5.0,2.0,5.0,5.0,3.882181433593058
3.0,5.0,5.0,3.0,1.0,1.0,2.535674038099507
3.0,5.0,5.0,3.0,1.0,3.0,3.043744151834064
3.0,5.0,5.0,3.0,2.0,2.0,2.8450958198032366
3.0,5.0,5.0,3.0,3.0,3.0,3.3973249797627307
3.0,5.0,5.0,3.0,3.0,4.0,3.5006797841718305
3.0,5.0,5.0,3.0,3.0,5.0,3.768714455273424
3.0,5.0,5.0,3.0,4.0,3.0,3.397325157716767
3.0,5.0,5.0,3.0,4.0,4.0,3.806834145504811
3.0,5.0,5.0,3.0,5.0,3.0,3.397325324176296
3.0,5.0,5.0,3.0,5.0,4.0,3.806834224211306
3.0,5.0,5.0,3.0,5.0,5.0,4.095512612811591
3.0,5.0,5.0,4.0,1.0,4.0,3.468996005027523
3.0,5.0,5.0,4.0,2.0,5.0,3.629808336982907
3.0,5.0,5.0,4.0,3.0,3.0,3.484063564794342
3.0,5.0,5.0,4.0,3.0,4.0,3.7371077697201915
3.0,5.0,5.0,4.0,4.0,1.0,3.0944693390436475
3.0,5.0,5.0,4.0,4.0,3.0,3.484063631230218
3.0,5.0,5.0,4.0,4.0,4.0,3.8205957946711813
3.0,5.0,5.0,4.0,4.0,5.0,3.820595658574641
3.0,5.0,5.0,4.0,5.0,2.0,3.2791365572886155
3.0,5.0,5.0,4.0,5.0,3.0,3.6608123035981346
3.0,5.0,5.0,4.0,5.0,4.0,3.995059743064591
3.0,5.0,5.0,4.0,5.0,5.0,4.095512712669478
3.0,5.0,5.0,5.0,1.0,3.0,3.2321405562749175
3.0,5.0,5.0,5.0,1.0,4.0,3.468996124609611
3.0,5.0,5.0,5.0,1.0,5.0,3.78010339539527
3.0,5.0,5.0,5.0,2.0,3.0,3.3678330150221005
3.0,5.0,5.0,5.0,2.0,4.0,3.594976468685534
3.0,5.0,5.0,5.0,2.0,5.0,3.882228307271205
3.0,5.0,5.0,5.0,3.0,2.0,3.4296611621244724
3.0,5.0,5.0,5.0,3.0,3.0,3.5369195988285203
3.0,5.0,5.0,5.0,3.0,4.0,3.844442959843743
3.0,5.0,5.0,5.0,3.0,5.0,3.909686022938569
3.0,5.0,5.0,5.0,4.0,3.0,3.780238513958576
3.0,5.0,5.0,5.0,4.0,4.0,3.9099306701873
3.0,5.0,5.0,5.0,4.0,5.0,4.033756400461544
3.0,5.0,5.0,5.0,5.0,3.0,3.8282268068972534
3.0,5.0,5.0,5.0,5.0,4.0,4.051498341178804
3.0,5.0,5.0,5.0,5.0,5.0,4.151074348413141
4.0,1.0,1.0,1.0,1.0,1.0,1.3369074246674169
4.0,1.0,1.0,1.0,1.0,3.0,1.7082514022629458
4.0,1.0,1.0,1.0,2.0,1.0,1.4374367069087537
4.0,1.0,1.0,1.0,4.0,1.0,1.789432160258063
4.0,1.0,1.0,2.0,2.0,1.0,1.5484007433638127
4.0,1.0,1.0,3.0,1.0,3.0,2.0598384065246775
4.0,1.0,1.0,3.0,2.0,1.0,1.5733185849481692
4.0,1.0,1.0,3.0,3.0,3.0,2.2727405201082966
4.0,1.0,1.0,3.0,4.0,1.0,1.860470073098887
4.0,1.0,1.0,4.0,1.0,1.0,1.578293714708819
4.0,1.0,1.0,4.0,1.0,2.0,1.8468121557639432
4.0,1.0,1.0,4.0,1.0,4.0,2.3612074829431635
4.0,1.0,1.0,4.0,2.0,1.0,1.7640397372924908
4.0,1.0,1.0,4.0,3.0,2.0,2.2881112115355835
4.0,1.0,1.0,4.0,3.0,3.0,2.2881112969008774
4.0,1.0,1.0,4.0,4.0,4.0,2.769936676025175
4.0,1.0,1.0,4.0,5.0,3.0,2.729410332242371
4.0,1.0,2.0,1.0,1.0,1.0,1.5321906354154176
4.0,1.0,2.0,1.0,1.0,2.0,1.737037459872206
4.0,1.0,2.0,2.0,1.0,1.0,1.8045600613833424
4.0,1.0,2.0,2.0,2.0,2.0,2.0731916807095914
4.0,1.0,2.0,2.0,2.0,3.0,2.2764796845859516
4.0,1.0,2.0,2.0,3.0,4.0,2.5635019607080354
4.0,1.0,2.0,3.0,2.0,2.0,2.073191800718964
4.0,1.0,2.0,3.0,2.0,3.0,2.3842990729635956
4.0,1.0,2.0,3.0,3.0,2.0,2.3015266377070276
4.0,1.0,2.0,3.0,4.0,4.0,2.773446277973754
4.0,1.0,2.0,4.0,1.0,4.0,2.574890849852559
4.0,1.0,2.0,4.0,2.0,3.0,2.492118462876758
4.0,1.0,2.0,4.0,3.0,3.0,2.6455039617714116
4.0,1.0,2.0,4.0,4.0,4.0,2.8812656682170985
4.0,1.0,2.0,5.0,1.0,4.0,2.8273112029821896
4.0,1.0,2.0,5.0,3.0,3.0,2.8466634983531964
4.0,1.0,3.0,1.0,1.0,1.0,1.7658234043029195
4.0,1.0,3.0,1.0,5.0,5.0,3.2031138363930194
4.0,1.0,3.0,2.0,1.0,1.0,2.018243531129256
4.0,1.0,3.0,2.0,2.0,1.0,2.120368440402868
4.0,1.0,3.0,2.0,2.0,3.0,2.6199926029969296
4.0,1.0,3.0,3.0,1.0,2.0,2.310960259287548
4.0,1.0,3.0,3.0,1.0,4.0,2.7875967469033873
4.0,1.0,3.0,3.0,2.0,2.0,2.4862497475032233
4.0,1.0,3.0,3.0,3.0,3.0,2.7531164034666595
4.0,1.0,3.0,3.0,4.0,3.0,2.9468329514099056
4.0,1.0,3.0,3.0,4.0,4.0,3.131730295688512
4.0,1.0,3.0,3.0,5.0,4.0,3.3470601289251616
4.0,1.0,3.0,4.0,1.0,2.0,2.404230852371655
4.0,1.0,3.0,4.0,1.0,4.0,2.933174929330009
4.0,1.0,3.0,4.0,2.0,3.0,2.742969179271307
4.0,1.0,3.0,4.0,2.0,4.0,3.035299848888544
4.0,1.0,3.0,4.0,3.0,3.0,2.7531166642218605
4.0,1.0,3.0,4.0,3.0,4.0,3.120063794205849
4.0,1.0,3.0,4.0,3.0,5.0,3.1777215507770866
4.0,1.0,3.0,4.0,4.0,4.0,3.2679246931589674
4.0,1.0,3.0,4.0,4.0,5.0,3.424447045368487
4.0,1.0,3.0,5.0,1.0,3.0,2.8560969096034223
4.0,1.0,3.0,5.0,3.0,3.0,3.0527232897763876
4.0,1.0,3.0,5.0,5.0,5.0,3.6343913210813983
4.0,1.0,4.0,1.0,1.0,1.0,1.979506869362908
4.0,1.0,4.0,3.0,1.0,4.0,2.787596711977539
4.0,1.0,4.0,3.0,4.0,3.0,3.1605164482906356
4.0,1.0,4.0,3.0,4.0,4.0,3.477989706218452
4.0,1.0,4.0,4.0,1.0,2.0,2.777063844158127
4.0,1.0,4.0,4.0,3.0,2.0,2.83671296504435
4.0,1.0,4.0,4.0,4.0,4.0,3.4779899780083237
4.0,1.0,4.0,4.0,5.0,4.0,3.5553580810972942
4.0,1.0,4.0,5.0,4.0,4.0,3.752558724306381
4.0,1.0,4.0,5.0,5.0,4.0,3.80777804291943
4.0,1.0,4.0,5.0,5.0,5.0,3.992675386259103
4.0,1.0,5.0,4.0,3.0,3.0,3.379894363206247
4.0,1.0,5.0,4.0,5.0,4.0,4.058242670893703
4.0,1.0,5.0,4.0,5.0,5.0,4.098539486453526
4.0,1.0,5.0,5.0,3.0,3.0,3.632314323848113
4.0,2.0,1.0,1.0,1.0,1.0,1.3678147798346758
4.0,2.0,1.0,2.0,1.0,1.0,1.6509851298109364
4.0,2.0,1.0,2.0,2.0,1.0,1.6579679027923107
4.0,2.0,1.0,2.0,2.0,2.0,1.988920267074155
4.0,2.0,1.0,2.0,3.0,1.0,1.8552349787256837
4.0,2.0,1.0,3.0,1.0,1.0,1.6629429597979113
4.0,2.0,1.0,3.0,3.0,2.0,2.1147624820599753
4.0,2.0,1.0,3.0,4.0,3.0,2.4349739751744304
4.0,2.0,1.0,4.0,1.0,3.0,2.2364186210753867
4.0,2.0,1.0,4.0,2.0,1.0,1.8241483780888663
4.0,2.0,1.0,4.0,4.0,4.0,2.769936820300519
4.0,2.0,2.0,1.0,1.0,1.0,1.5321910985954625
4.0,2.0,2.0,1.0,2.0,1.0,1.714373571102959
4.0,2.0,2.0,1.0,2.0,2.0,1.9119967326430045
4.0,2.0,2.0,1.0,2.0,3.0,2.1865227537622767
4.0,2.0,2.0,1.0,3.0,2.0,2.144671625809813
4.0,2.0,2.0,2.0,1.0,1.0,1.8646686106244053
4.0,2.0,2.0,2.0,3.0,2.0,2.3033686555389212
4.0,2.0,2.0,2.0,3.0,3.0,2.447463906178507
4.0,2.0,2.0,2.0,4.0,3.0,2.6251027347189924
4.0,2.0,2.0,3.0,1.0,2.0,2.2301956909120273
4.0,2.0,2.0,3.0,1.0,3.0,2.4253742625455375
4.0,2.0,2.0,3.0,1.0,4.0,2.6717806277501617
4.0,2.0,2.0,3.0,2.0,2.0,2.230195681533495
4.0,2.0,2.0,3.0,3.0,1.0,2.2340451183897683
4.0,2.0,2.0,3.0,3.0,2.0,2.4422818226098424
4.0,2.0,2.0,3.0,3.0,3.0,2.8100658647026533
4.0,2.0,2.0,3.0,3.0,4.0,2.8760304566873987
4.0,2.0,2.0,3.0,4.0,4.0,2.978155371643126
4.0,2.0,2.0,4.0,2.0,2.0,2.3489390231219422
4.0,2.0,2.0,4.0,2.0,3.0,2.7648372643510983
4.0,2.0,2.0,4.0,3.0,1.0,2.2845573285839773
4.0,2.0,2.0,4.0,3.0,2.0,2.53648001587359
4.0,2.0,2.0,4.0,3.0,3.0,2.8100659865563076
4.0,2.0,2.0,4.0,3.0,4.0,3.0252406827839713
4.0,2.0,2.0,4.0,3.0,5.0,3.025240743480798
4.0,2.0,2.0,4.0,4.0,2.0,2.6257031533362745
4.0,2.0,2.0,4.0,4.0,3.0,2.96696161942413
4.0,2.0,2.0,4.0,4.0,4.0,3.0252407306711584
4.0,2.0,2.0,4.0,4.0,5.0,3.2708721110024648
4.0,2.0,2.0,5.0,2.0,2.0,2.348939142494735
4.0,2.0,2.0,5.0,3.0,3.0,2.906771885371287
4.0,2.0,2.0,5.0,4.0,4.0,3.3383947137268977
4.0,2.0,2.0,5.0,4.0,5.0,3.420633256139349
4.0,2.0,3.0,1.0,4.0,3.0,2.5021015667365734
4.0,2.0,3.0,2.0,1.0,1.0,2.078352106479471
4.0,2.0,3.0,2.0,1.0,2.0,2.293303617181601
4.0,2.0,3.0,2.0,2.0,1.0,2.1804769896380196
4.0,2.0,3.0,2.0,2.0,3.0,2.6199926895329178
4.0,2.0,3.0,2.0,3.0,2.0,2.559370438993625
4.0,2.0,3.0,2.0,3.0,3.0,2.8351131129248293
4.0,2.0,3.0,2.0,4.0,4.0,2.947072501941709
4.0,2.0,3.0,2.0,5.0,2.0,2.8163498429508342
4.0,2.0,3.0,3.0,1.0,3.0,2.610498451223574
4.0,2.0,3.0,3.0,2.0,1.0,2.2882963893996138
4.0,2.0,3.0,3.0,2.0,2.0,2.486250010746964
4.0,2.0,3.0,3.0,2.0,3.0,2.7615374807298094
4.0,2.0,3.0,3.0,3.0,2.0,2.5593704429719333
4.0,2.0,3.0,3.0,3.0,3.0,3.026813544190303
4.0,2.0,3.0,3.0,3.0,4.0,3.0783803454156944
4.0,2.0,3.0,3.0,4.0,2.0,2.7230729548755517
4.0,2.0,3.0,3.0,4.0,3.0,3.0268135395911586
4.0,2.0,3.0,3.0,4.0,4.0,3.347060552725113
4.0,2.0,3.0,3.0,4.0,5.0,3.3767361978194783
4.0,2.0,3.0,3.0,5.0,3.0,3.221620685250866
4.0,2.0,3.0,3.0,5.0,4.0,3.3470603816022515
4.0,2.0,3.0,4.0,1.0,2.0,2.4042311549951805
4.0,2.0,3.0,4.0,1.0,3.0,2.6637855645953272
4.0,2.0,3.0,4.0,1.0,4.0,2.947063990428038
4.0,2.0,3.0,4.0,2.0,2.0,2.675003221606795
4.0,2.0,3.0,4.0,2.0,3.0,3.0243819587993634
4.0,2.0,3.0,4.0,2.0,4.0,3.1558532256297696
4.0,2.0,3.0,4.0,3.0,2.0,2.8160995110073053
4.0,2.0,3.0,4.0,3.0,3.0,3.087281680292061
4.0,2.0,3.0,4.0,3.0,4.0,3.1558533773947963
4.0,2.0,3.0,4.0,3.0,5.0,3.3824306739209775
4.0,2.0,3.0,4.0,4.0,2.0,2.9274705068987656
4.0,2.0,3.0,4.0,4.0,3.0,3.1780992199664766
4.0,2.0,3.0,4.0,4.0,4.0,3.5437174808523917
4.0,2.0,3.0,4.0,5.0,3.0,3.252117584946432
4.0,2.0,3.0,4.0,5.0,4.0,3.5437174611250755
4.0,2.0,3.0,4.0,5.0,5.0,3.668707606375975
4.0,2.0,3.0,5.0,2.0,3.0,3.024381944144258
4.0,2.0,3.0,5.0,2.0,4.0,3.203227773270763
4.0,2.0,3.0,5.0,3.0,2.0,2.9355579954913047
4.0,2.0,3.0,5.0,3.0,3.0,3.1679269718248206
4.0,2.0,3.0,5.0,3.0,4.0,3.616372073028896
4.0,2.0,3.0,5.0,3.0,5.0,3.6687076080548673
4.0,2.0,3.0,5.0,4.0,3.0,3.213105288304988
4.0,2.0,3.0,5.0,4.0,4.0,3.6168761606284603
4.0,2.0,3.0,5.0,4.0,5.0,3.6687076532196836
4.0,2.0,3.0,5.0,5.0,3.0,3.469305746011307
4.0,2.0,3.0,5.0,5.0,4.0,3.631458467482787
4.0,2.0,3.0,5.0,5.0,5.0,3.6687076998328516
4.0,2.0,4.0,2.0,2.0,2.0,2.5790578892106795
4.0,2.0,4.0,2.0,2.0,3.0,2.793775907906435
4.0,2.0,4.0,2.0,4.0,2.0,2.7833076279257525
4.0,2.0,4.0,2.0,4.0,3.0,3.078676658758676
4.0,2.0,4.0,3.0,1.0,2.0,2.729352906162671
4.0,2.0,4.0,3.0,3.0,3.0,3.187607262577348
4.0,2.0,4.0,3.0,3.0,4.0,3.447997960904876
4.0,2.0,4.0,3.0,4.0,3.0,3.1876073378097933
4.0,2.0,4.0,3.0,4.0,4.0,3.493224837857036
4.0,2.0,4.0,3.0,5.0,4.0,3.4932249445921286
4.0,2.0,4.0,3.0,5.0,5.0,3.692544571314722
4.0,2.0,4.0,4.0,1.0,4.0,3.351567517403846
4.0,2.0,4.0,4.0,2.0,2.0,2.9392971276161703
4.0,2.0,4.0,4.0,2.0,3.0,3.2276020477006138
4.0,2.0,4.0,4.0,2.0,4.0,3.435301779648231
4.0,2.0,4.0,4.0,3.0,2.0,3.041422079054124
4.0,2.0,4.0,4.0,3.0,3.0,3.227602232359162
4.0,2.0,4.0,4.0,3.0,4.0,3.6269547773387867
4.0,2.0,4.0,4.0,3.0,5.0,3.74071470234144
4.0,2.0,4.0,4.0,4.0,2.0,3.125412629815198
4.0,2.0,4.0,4.0,4.0,3.0,3.5500295777238287
4.0,2.0,4.0,4.0,4.0,4.0,3.7525596804225434
4.0,2.0,4.0,4.0,5.0,4.0,3.860747770113488
4.0,2.0,4.0,4.0,5.0,5.0,3.944964534928867
4.0,2.0,4.0,5.0,2.0,4.0,3.435301899641959
4.0,2.0,4.0,5.0,3.0,4.0,3.62695485123975
4.0,2.0,4.0,5.0,4.0,3.0,3.5500295577182364
4.0,2.0,4.0,5.0,4.0,4.0,3.7525592113629664
4.0,2.0,4.0,5.0,4.0,5.0,3.9506590127382335
4.0,2.0,4.0,5.0,5.0,3.0,3.550029641905329
4.0,2.0,4.0,5.0,5.0,4.0,3.884576909797417
4.0,2.0,4.0,5.0,5.0,5.0,4.198482209752955
4.0,2.0,5.0,3.0,1.0,3.0,3.1279336889070173
4.0,2.0,5.0,3.0,2.0,3.0,3.230058596052442
4.0,2.0,5.0,3.0,4.0,3.0,3.4130705666287584
4.0,2.0,5.0,3.0,5.0,3.0,3.4130706411420446
4.0,2.0,5.0,4.0,1.0,3.0,3.2357529714527193
4.0,2.0,5.0,4.0,3.0,3.0,3.5613935573108604
4.0,2.0,5.0,4.0,3.0,4.0,3.793133138256323
4.0,2.0,5.0,4.0,3.0,5.0,3.9543981679400413
4.0,2.0,5.0,4.0,4.0,4.0,3.7931331756472804
4.0,2.0,5.0,4.0,5.0,2.0,3.459355318297499
4.0,2.0,5.0,4.0,5.0,5.0,4.158648003866909
4.0,2.0,5.0,5.0,1.0,4.0,3.6730703942706477
4.0,2.0,5.0,5.0,3.0,5.0,4.120716380029446
4.0,2.0,5.0,5.0,4.0,3.0,3.7945477834302683
4.0,2.0,5.0,5.0,4.0,4.0,3.9794451268203583
4.0,2.0,5.0,5.0,4.0,5.0,4.120716535885967
4.0,2.0,5.0,5.0,5.0,5.0,4.232803951001392
4.0,3.0,1.0,1.0,1.0,1.0,1.367815137678108
4.0,3.0,1.0,1.0,1.0,2.0,1.788171635884775
4.0,3.0,1.0,1.0,2.0,1.0,1.4374370704885517
4.0,3.0,1.0,1.0,2.0,2.0,1.8582958246210788
4.0,3.0,1.0,1.0,3.0,1.0,1.6288747544131845
4.0,3.0,1.0,1.0,3.0,3.0,1.9132158817223603
4.0,3.0,1.0,2.0,1.0,1.0,1.7315249351744053
4.0,3.0,1.0,2.0,1.0,3.0,2.204251089971452
4.0,3.0,1.0,2.0,2.0,2.0,1.9889206276375826
4.0,3.0,1.0,2.0,2.0,3.0,2.204251165112216
4.0,3.0,1.0,2.0,3.0,1.0,1.9507917953301923
4.0,3.0,1.0,2.0,3.0,2.0,2.0699127457805098
4.0,3.0,1.0,2.0,3.0,3.0,2.3237635544838096
4.0,3.0,1.0,2.0,4.0,1.0,1.9507917022549128
4.0,3.0,1.0,3.0,1.0,1.0,1.7315250554246284
4.0,3.0,1.0,3.0,2.0,1.0,1.921037972584145
4.0,3.0,1.0,3.0,2.0,2.0,1.988920809760922
4.0,3.0,1.0,3.0,3.0,1.0,1.9507919550222856
4.0,3.0,1.0,3.0,3.0,2.0,2.1613869412185363
4.0,3.0,1.0,3.0,3.0,3.0,2.51905956585141
4.0,3.0,1.0,4.0,1.0,3.0,2.25906607291021
4.0,3.0,1.0,4.0,2.0,2.0,2.1867505071620164
4.0,3.0,1.0,4.0,2.0,3.0,2.398652091421997
4.0,3.0,1.0,4.0,3.0,2.0,2.493134954778224
4.0,3.0,1.0,4.0,3.0,3.0,2.56246500896893
4.0,3.0,1.0,4.0,3.0,4.0,2.7253838131097767
4.0,3.0,1.0,4.0,4.0,3.0,2.6919809700085344
4.0,3.0,1.0,4.0,4.0,4.0,2.8235593799459036
4.0,3.0,1.0,4.0,5.0,4.0,3.0345247687844195
4.0,3.0,1.0,4.0,5.0,5.0,3.2194221336658218
4.0,3.0,1.0,5.0,1.0,1.0,2.0345518580147157
4.0,3.0,1.0,5.0,1.0,2.0,2.0903542509787347
4.0,3.0,1.0,5.0,1.0,5.0,2.629540605824673
4.0,3.0,1.0,5.0,4.0,3.0,2.8235595856895332
4.0,3.0,1.0,5.0,4.0,4.0,2.8235595513933602
4.0,3.0,1.0,5.0,5.0,4.0,3.244698651422963
4.0,3.0,2.0,1.0,1.0,1.0,1.5321916349882572
4.0,3.0,2.0,1.0,1.0,2.0,2.0018551014283545
4.0,3.0,2.0,1.0,2.0,1.0,1.902477231637523
4.0,3.0,2.0,1.0,2.0,2.0,2.054002042761807
4.0,3.0,2.0,1.0,2.0,3.0,2.1865228963854033
4.0,3.0,2.0,1.0,3.0,1.0,1.9042877273428782
4.0,3.0,2.0,1.0,3.0,2.0,2.144671864531564
4.0,3.0,2.0,1.0,3.0,3.0,2.303290682216743
4.0,3.0,2.0,1.0,3.0,4.0,2.720500219363264
4.0,3.0,2.0,1.0,4.0,4.0,2.822625104838282
4.0,3.0,2.0,2.0,1.0,1.0,2.0326101495713296
4.0,3.0,2.0,2.0,1.0,2.0,2.0591318256354234
4.0,3.0,2.0,2.0,1.0,3.0,2.4474638906406367
4.0,3.0,2.0,2.0,2.0,1.0,2.0326099855455526
4.0,3.0,2.0,2.0,2.0,2.0,2.1880955910089215
4.0,3.0,2.0,2.0,3.0,1.0,2.1290269857132182
4.0,3.0,2.0,2.0,3.0,2.0,2.3033689162218356
4.0,3.0,2.0,2.0,3.0,3.0,2.447464025912908
4.0,3.0,2.0,2.0,4.0,2.0,2.610930917844384
4.0,3.0,2.0,2.0,4.0,3.0,2.6251029095750447
4.0,3.0,2.0,2.0,4.0,4.0,2.939231686845434
4.0,3.0,2.0,3.0,1.0,1.0,2.0326101721374314
4.0,3.0,2.0,3.0,1.0,2.0,2.2301959658266983
4.0,3.0,2.0,3.0,1.0,3.0,2.457646692234658
4.0,3.0,2.0,3.0,2.0,1.0,2.2340452154598083
4.0,3.0,2.0,3.0,2.0,2.0,2.2694248334074376
4.0,3.0,2.0,3.0,2.0,3.0,2.4576466102363987
4.0,3.0,2.0,3.0,3.0,1.0,2.2340452306003815
4.0,3.0,2.0,3.0,3.0,2.0,2.5239240505545957
4.0,3.0,2.0,3.0,3.0,3.0,2.8722354887196775
4.0,3.0,2.0,3.0,4.0,1.0,2.338971301820026
4.0,3.0,2.0,3.0,4.0,2.0,2.6192603798426757
4.0,3.0,2.0,3.0,4.0,3.0,2.9362852757751945
4.0,3.0,2.0,3.0,4.0,4.0,3.0382639251902073
4.0,3.0,2.0,4.0,1.0,1.0,2.1973986878255998
4.0,3.0,2.0,4.0,1.0,2.0,2.364500255545081
4.0,3.0,2.0,4.0,1.0,3.0,2.4576468694118514
4.0,3.0,2.0,4.0,1.0,4.0,2.695107985938812
4.0,3.0,2.0,4.0,2.0,1.0,2.281314183855336
4.0,3.0,2.0,4.0,2.0,2.0,2.4540284025211783
4.0,3.0,2.0,4.0,2.0,3.0,2.7700277320424047
4.0,3.0,2.0,4.0,2.0,4.0,2.949181822451997
4.0,3.0,2.0,4.0,3.0,1.0,2.4943415217256817
4.0,3.0,2.0,4.0,3.0,2.0,2.633407930917069
4.0,3.0,2.0,4.0,3.0,3.0,2.8722355570874907
4.0,3.0,2.0,4.0,3.0,4.0,3.2452282255466183
4.0,3.0,2.0,4.0,4.0,2.0,2.633407974950998
4.0,3.0,2.0,4.0,4.0,3.0,2.9669617548845593
4.0,3.0,2.0,4.0,4.0,4.0,3.378428557723656
4.0,3.0,2.0,4.0,4.0,5.0,3.3784287059659346
4.0,3.0,2.0,4.0,5.0,1.0,2.5489155445153515
4.0,3.0,2.0,4.0,5.0,2.0,2.8937738115830736
4.0,3.0,2.0,4.0,5.0,4.0,3.378428660566399
4.0,3.0,2.0,4.0,5.0,5.0,3.43310559046642
4.0,3.0,2.0,5.0,1.0,2.0,2.4331327102758977
4.0,3.0,2.0,5.0,1.0,3.0,2.666285395269388
4.0,3.0,2.0,5.0,2.0,2.0,2.6647370657639784
4.0,3.0,2.0,5.0,2.0,3.0,2.770027738080055
4.0,3.0,2.0,5.0,2.0,4.0,3.049652855061596
4.0,3.0,2.0,5.0,3.0,3.0,2.9710644381692948
4.0,3.0,2.0,5.0,3.0,4.0,3.2452284134222307
4.0,3.0,2.0,5.0,4.0,2.0,2.7395074259066177
4.0,3.0,2.0,5.0,4.0,3.0,3.06900536158358
4.0,3.0,2.0,5.0,4.0,4.0,3.4206332509812265
4.0,3.0,2.0,5.0,4.0,5.0,3.420633340415454
4.0,3.0,2.0,5.0,5.0,3.0,3.171130268127136
4.0,3.0,2.0,5.0,5.0,4.0,3.488109878019294
4.0,3.0,2.0,5.0,5.0,5.0,3.5317439047139785
4.0,3.0,3.0,1.0,1.0,1.0,1.7994425793100632
4.0,3.0,3.0,1.0,2.0,1.0,1.9024773224407858
4.0,3.0,3.0,1.0,3.0,3.0,2.581202525086417
4.0,3.0,3.0,1.0,4.0,3.0,2.7438503481435137
4.0,3.0,3.0,1.0,4.0,4.0,3.0247532514059015
4.0,3.0,3.0,2.0,1.0,2.0,2.293303764882529
4.0,3.0,3.0,2.0,1.0,3.0,2.6104985465855175
4.0,3.0,3.0,2.0,2.0,2.0,2.452790234149474
4.0,3.0,3.0,2.0,2.0,3.0,2.78217476284597
4.0,3.0,3.0,2.0,2.0,4.0,2.849508415179504
4.0,3.0,3.0,2.0,3.0,2.0,2.6166821638777846
4.0,3.0,3.0,2.0,3.0,3.0,2.835113580967307
4.0,3.0,3.0,2.0,3.0,4.0,3.0247533385695604
4.0,3.0,3.0,2.0,4.0,2.0,2.646891023789643
4.0,3.0,3.0,2.0,4.0,3.0,2.865098600550771
4.0,3.0,3.0,2.0,4.0,4.0,3.024753373032152
4.0,3.0,3.0,2.0,5.0,5.0,3.4311502444637334
4.0,3.0,3.0,3.0,1.0,2.0,2.548009923088904
4.0,3.0,3.0,3.0,1.0,3.0,2.610498673685903
4.0,3.0,3.0,3.0,2.0,1.0,2.4203669482709445
4.0,3.0,3.0,3.0,2.0,2.0,2.7023495754295697
4.0,3.0,3.0,3.0,2.0,3.0,2.976810595843508
4.0,3.0,3.0,3.0,2.0,4.0,3.04769753474534
4.0,3.0,3.0,3.0,3.0,1.0,2.4505298494111725
4.0,3.0,3.0,3.0,3.0,2.0,2.702349750615742
4.0,3.0,3.0,3.0,3.0,3.0,3.1441696409091575
4.0,3.0,3.0,3.0,3.0,4.0,3.337640955248586
4.0,3.0,3.0,3.0,4.0,2.0,2.7230731598832305
4.0,3.0,3.0,3.0,4.0,3.0,3.260662658395906
4.0,3.0,3.0,3.0,4.0,4.0,3.4814914120531313
4.0,3.0,3.0,3.0,4.0,5.0,3.4814913745607363
4.0,3.0,3.0,3.0,5.0,3.0,3.2606625579257367
4.0,3.0,3.0,3.0,5.0,4.0,3.4814913549535396
4.0,3.0,3.0,3.0,5.0,5.0,3.538969658175349
4.0,3.0,3.0,4.0,1.0,2.0,2.72356963399754
4.0,3.0,3.0,4.0,1.0,3.0,2.894615783161045
4.0,3.0,3.0,4.0,1.0,4.0,2.947064354918943
4.0,3.0,3.0,4.0,2.0,2.0,2.7706500146321944
4.0,3.0,3.0,4.0,2.0,3.0,3.111949157209067
4.0,3.0,3.0,4.0,2.0,4.0,3.181814163074975
4.0,3.0,3.0,4.0,3.0,2.0,2.9274709968283044
4.0,3.0,3.0,4.0,3.0,3.0,3.323015619089977
4.0,3.0,3.0,4.0,3.0,4.0,3.536937652229979
4.0,3.0,3.0,4.0,3.0,5.0,3.611200942635478
4.0,3.0,3.0,4.0,4.0,1.0,2.8050746849073227
4.0,3.0,3.0,4.0,4.0,2.0,2.9274707806132296
4.0,3.0,3.0,4.0,4.0,3.0,3.329977973189657
4.0,3.0,3.0,4.0,4.0,4.0,3.794041881219199
4.0,3.0,3.0,4.0,4.0,5.0,3.7940417529025985
4.0,3.0,3.0,4.0,5.0,3.0,3.3716844739063543
4.0,3.0,3.0,4.0,5.0,4.0,3.801406816485669
4.0,3.0,3.0,4.0,5.0,5.0,3.8883003528183795
4.0,3.0,3.0,5.0,1.0,1.0,2.4619187820154886
4.0,3.0,3.0,5.0,1.0,4.0,3.043495321906832
4.0,3.0,3.0,5.0,1.0,5.0,3.3461088026642036
4.0,3.0,3.0,5.0,2.0,2.0,2.8935415981745236
4.0,3.0,3.0,5.0,2.0,3.0,3.155558284676262
4.0,3.0,3.0,5.0,2.0,4.0,3.407936907622141
4.0,3.0,3.0,5.0,2.0,5.0,3.44823368504375
4.0,3.0,3.0,5.0,3.0,3.0,3.3230156459071445
4.0,3.0,3.0,5.0,3.0,4.0,3.6622778934586844
4.0,3.0,3.0,5.0,3.0,5.0,3.66870771633965
4.0,3.0,3.0,5.0,4.0,3.0,3.5234846322799083
4.0,3.0,3.0,5.0,4.0,4.0,3.8217165414255736
4.0,3.0,3.0,5.0,4.0,5.0,4.054122370907136
4.0,3.0,3.0,5.0,5.0,3.0,3.5234847427661014
4.0,3.0,3.0,5.0,5.0,4.0,4.000012599642261
4.0,3.0,3.0,5.0,5.0,5.0,4.054122936719717
4.0,3.0,4.0,1.0,4.0,1.0,2.406098860980364
4.0,3.0,4.0,1.0,4.0,4.0,3.0920773677147815
4.0,3.0,4.0,2.0,2.0,2.0,2.6847519381238283
4.0,3.0,4.0,2.0,2.0,4.0,3.1113155349912507
4.0,3.0,4.0,2.0,3.0,2.0,2.8259315777375207
4.0,3.0,4.0,2.0,3.0,3.0,3.0561711516150756
4.0,3.0,4.0,2.0,4.0,3.0,3.1341254735960544
4.0,3.0,4.0,2.0,4.0,4.0,3.4802042028414193
4.0,3.0,4.0,2.0,5.0,3.0,3.2750390125314186
4.0,3.0,4.0,2.0,5.0,4.0,3.654767692670163
4.0,3.0,4.0,3.0,1.0,3.0,2.967659915244743
4.0,3.0,4.0,3.0,2.0,1.0,2.562088394318066
4.0,3.0,4.0,3.0,2.0,2.0,2.8774397181662605
4.0,3.0,4.0,3.0,2.0,3.0,3.0443904660935974
4.0,3.0,4.0,3.0,3.0,2.0,2.9956145640874974
4.0,3.0,4.0,3.0,3.0,3.0,3.289085724378139
4.0,3.0,4.0,3.0,3.0,4.0,3.713128457406427
4.0,3.0,4.0,3.0,4.0,2.0,3.083729168134006
4.0,3.0,4.0,3.0,4.0,3.0,3.4953253525396293
4.0,3.0,4.0,3.0,4.0,4.0,3.7131289707023165
4.0,3.0,4.0,3.0,4.0,5.0,3.8571135851924274
4.0,3.0,4.0,3.0,5.0,3.0,3.4953251223681914
4.0,3.0,4.0,3.0,5.0,4.0,3.7261511033587658
4.0,3.0,4.0,3.0,5.0,5.0,4.024291785785086
4.0,3.0,4.0,4.0,1.0,3.0,2.9676599980218823
4.0,3.0,4.0,4.0,1.0,4.0,3.4116760468107725
4.0,3.0,4.0,4.0,2.0,2.0,3.107258990601556
4.0,3.0,4.0,4.0,2.0,3.0,3.293774735130689
4.0,3.0,4.0,4.0,2.0,4.0,3.5647597875074877
4.0,3.0,4.0,4.0,3.0,2.0,3.1072591319636027
4.0,3.0,4.0,4.0,3.0,3.0,3.4113146541415293
4.0,3.0,4.0,4.0,3.0,4.0,3.8575375240316156
4.0,3.0,4.0,4.0,3.0,5.0,3.9986049500487244
4.0,3.0,4.0,4.0,4.0,3.0,3.623900373532102
4.0,3.0,4.0,4.0,4.0,4.0,3.9636917702053873
4.0,3.0,4.0,4.0,4.0,5.0,3.9986051688598216
4.0,3.0,4.0,4.0,5.0,3.0,3.716101882404127
4.0,3.0,4.0,4.0,5.0,4.0,3.997512330194076
4.0,3.0,4.0,4.0,5.0,5.0,4.202973997698658
4.0,3.0,4.0,5.0,2.0,3.0,3.293774692522259
4.0,3.0,4.0,5.0,2.0,4.0,3.57705310379223
4.0,3.0,4.0,5.0,2.0,5.0,3.661917160438953
4.0,3.0,4.0,5.0,3.0,3.0,3.411314599808882
4.0,3.0,4.0,5.0,3.0,4.0,3.9633177753683286
4.0,3.0,4.0,5.0,3.0,5.0,4.054121465669912
4.0,3.0,4.0,5.0,4.0,3.0,3.658558979811142
4.0,3.0,4.0,5.0,4.0,4.0,4.032466126763346
4.0,3.0,4.0,5.0,4.0,5.0,4.054121811526569
4.0,3.0,4.0,5.0,5.0,2.0,3.4876815052297054
4.0,3.0,4.0,5.0,5.0,3.0,3.7161022482461963
4.0,3.0,4.0,5.0,5.0,4.0,4.077350697116561
4.0,3.0,4.0,5.0,5.0,5.0,4.304618566739658
4.0,3.0,5.0,2.0,1.0,1.0,2.42122664194184
4.0,3.0,5.0,3.0,2.0,3.0,3.2901671590415416
4.0,3.0,5.0,3.0,3.0,3.0,3.3401502381058386
4.0,3.0,5.0,3.0,3.0,4.0,3.744040848129797
4.0,3.0,5.0,3.0,4.0,3.0,3.622645898788462
4.0,3.0,5.0,3.0,4.0,4.0,3.863415813452936
4.0,3.0,5.0,3.0,5.0,3.0,3.716100956542916
4.0,3.0,5.0,3.0,5.0,5.0,4.202973215201936
4.0,3.0,5.0,4.0,1.0,4.0,3.685467767845497
4.0,3.0,5.0,4.0,2.0,4.0,3.788617267816617
4.0,3.0,5.0,4.0,3.0,2.0,3.447622783851293
4.0,3.0,5.0,4.0,3.0,3.0,3.561393972121441
4.0,3.0,5.0,4.0,3.0,4.0,3.8613023430765208
4.0,3.0,5.0,4.0,3.0,5.0,4.120716562366512
4.0,3.0,5.0,4.0,4.0,3.0,3.7161017804811176
4.0,3.0,5.0,4.0,4.0,4.0,4.017379392079485
4.0,3.0,5.0,4.0,4.0,5.0,4.120716831514495
4.0,3.0,5.0,4.0,5.0,3.0,3.7161015148337873
4.0,3.0,5.0,4.0,5.0,4.0,4.1248443062130775
4.0,3.0,5.0,4.0,5.0,5.0,4.202973653737913
4.0,3.0,5.0,5.0,1.0,5.0,3.7734757101578413
4.0,3.0,5.0,5.0,2.0,4.0,3.835303834187299
4.0,3.0,5.0,5.0,3.0,2.0,3.567634080438805
4.0,3.0,5.0,5.0,3.0,3.0,3.821337814438525
4.0,3.0,5.0,5.0,3.0,4.0,4.027561338089614
4.0,3.0,5.0,5.0,3.0,5.0,4.120716591476221
4.0,3.0,5.0,5.0,4.0,3.0,3.8986309255396447
4.0,3.0,5.0,5.0,4.0,4.0,4.093756001500165
4.0,3.0,5.0,5.0,4.0,5.0,4.120716872282197
4.0,3.0,5.0,5.0,5.0,3.0,4.064230967829382
4.0,3.0,5.0,5.0,5.0,4.0,4.261950251699328
4.0,3.0,5.0,5.0,5.0,5.0,4.529560240545696
4.0,4.0,1.0,1.0,1.0,1.0,1.3678153920783578
4.0,4.0,1.0,1.0,1.0,2.0,1.8379022300294634
4.0,4.0,1.0,1.0,1.0,4.0,2.073474108053753
4.0,4.0,1.0,1.0,2.0,1.0,1.4816218186408807
4.0,4.0,1.0,1.0,2.0,2.0,1.8582959496289548
4.0,4.0,1.0,1.0,3.0,1.0,1.6288749117486996
4.0,4.0,1.0,1.0,4.0,4.0,2.6690503117912425
4.0,4.0,1.0,2.0,1.0,1.0,1.9090619453120852
4.0,4.0,1.0,2.0,2.0,1.0,1.909061787498486
4.0,4.0,1.0,2.0,2.0,2.0,1.988920864838424
4.0,4.0,1.0,2.0,2.0,3.0,2.3237636958986663
4.0,4.0,1.0,2.0,3.0,1.0,1.9507919758944041
4.0,4.0,1.0,2.0,3.0,2.0,2.1400919922951593
4.0,4.0,1.0,2.0,3.0,3.0,2.3237636971563345
4.0,4.0,1.0,2.0,4.0,4.0,2.7768695859730737
4.0,4.0,1.0,2.0,5.0,3.0,2.5494965916380012
4.0,4.0,1.0,3.0,1.0,1.0,1.9090624050375018
4.0,4.0,1.0,3.0,1.0,2.0,2.063918966058125
4.0,4.0,1.0,3.0,1.0,3.0,2.3213155718389924
4.0,4.0,1.0,3.0,2.0,2.0,2.1287958282873674
4.0,4.0,1.0,3.0,3.0,1.0,1.9507921103451862
4.0,4.0,1.0,3.0,3.0,2.0,2.3597820736804644
4.0,4.0,1.0,3.0,3.0,3.0,2.5190597325376185
4.0,4.0,1.0,3.0,4.0,1.0,2.3299969498859396
4.0,4.0,1.0,3.0,4.0,2.0,2.3597821524520097
4.0,4.0,1.0,3.0,4.0,4.0,2.958222917251001
4.0,4.0,1.0,3.0,5.0,3.0,2.657315997898061
4.0,4.0,1.0,4.0,1.0,3.0,2.3566357263702495
4.0,4.0,1.0,4.0,1.0,4.0,2.3969325363757714
4.0,4.0,1.0,4.0,2.0,1.0,2.270475286093702
4.0,4.0,1.0,4.0,2.0,2.0,2.2704751373795258
4.0,4.0,1.0,4.0,3.0,2.0,2.493135282733604
4.0,4.0,1.0,4.0,3.0,3.0,2.5624651319157574
4.0,4.0,1.0,4.0,3.0,4.0,2.7457829064788917
4.0,4.0,1.0,4.0,4.0,2.0,2.493135457696916
4.0,4.0,1.0,4.0,4.0,3.0,2.7386054179031984
4.0,4.0,1.0,4.0,4.0,4.0,2.958222980606554
4.0,4.0,1.0,5.0,1.0,4.0,2.6493524962106236
4.0,4.0,1.0,5.0,2.0,3.0,2.7111806259108007
4.0,4.0,1.0,5.0,3.0,4.0,2.998202838191489
4.0,4.0,1.0,5.0,4.0,2.0,2.7305330809294275
4.0,4.0,1.0,5.0,5.0,4.0,3.244698795517331
4.0,4.0,1.0,5.0,5.0,5.0,3.387350066730045
4.0,4.0,2.0,1.0,1.0,1.0,1.7125585105241705
4.0,4.0,2.0,1.0,1.0,2.0,2.054002132099797
4.0,4.0,2.0,1.0,2.0,1.0,1.979191208099467
4.0,4.0,2.0,1.0,2.0,2.0,2.054002187759172
4.0,4.0,2.0,1.0,3.0,1.0,2.0813161267142584
4.0,4.0,2.0,1.0,3.0,2.0,2.312556398113901
4.0,4.0,2.0,1.0,3.0,3.0,2.451110832870422
4.0,4.0,2.0,2.0,1.0,1.0,2.0326103972883875
4.0,4.0,2.0,2.0,1.0,2.0,2.059132086850898
4.0,4.0,2.0,2.0,1.0,3.0,2.5855375947256287
4.0,4.0,2.0,2.0,2.0,1.0,2.0326106085759257
4.0,4.0,2.0,2.0,2.0,2.0,2.1880959639567203
4.0,4.0,2.0,2.0,2.0,3.0,2.5855376912388435
4.0,4.0,2.0,2.0,2.0,4.0,2.6717568820670485
4.0,4.0,2.0,2.0,3.0,1.0,2.312556489263512
4.0,4.0,2.0,2.0,3.0,2.0,2.3125565527671053
4.0,4.0,2.0,2.0,3.0,3.0,2.6146518190778125
4.0,4.0,2.0,2.0,4.0,2.0,2.610931076977216
4.0,4.0,2.0,2.0,4.0,3.0,2.7844178510991506
4.0,4.0,2.0,2.0,4.0,4.0,2.990553069092412
4.0,4.0,2.0,2.0,5.0,3.0,2.7844179255330115
4.0,4.0,2.0,3.0,1.0,1.0,2.0927050745805795
4.0,4.0,2.0,3.0,1.0,2.0,2.353900304234689
4.0,4.0,2.0,3.0,1.0,3.0,2.641280684047348
4.0,4.0,2.0,3.0,1.0,4.0,2.8182752523264103
4.0,4.0,2.0,3.0,2.0,1.0,2.281314257091284
4.0,4.0,2.0,3.0,2.0,2.0,2.3539002790119365
4.0,4.0,2.0,3.0,2.0,3.0,2.6412806592647646
4.0,4.0,2.0,3.0,3.0,1.0,2.404813535127397
4.0,4.0,2.0,3.0,3.0,2.0,2.5239242036225287
4.0,4.0,2.0,3.0,3.0,3.0,2.8722356256481802
4.0,4.0,2.0,3.0,3.0,4.0,3.044101060114456
4.0,4.0,2.0,3.0,4.0,1.0,2.4048136074191055
4.0,4.0,2.0,3.0,4.0,2.0,2.6192605201409607
4.0,4.0,2.0,3.0,4.0,3.0,2.9531748178581685
4.0,4.0,2.0,3.0,4.0,4.0,3.211779781492666
4.0,4.0,2.0,3.0,5.0,3.0,2.953175047946349
4.0,4.0,2.0,3.0,5.0,4.0,3.3450979415831825
4.0,4.0,2.0,4.0,1.0,1.0,2.1973989403758516
4.0,4.0,2.0,4.0,1.0,2.0,2.487776306772639
4.0,4.0,2.0,4.0,1.0,3.0,2.6900198040308076
4.0,4.0,2.0,4.0,1.0,4.0,2.8998171082421136
4.0,4.0,2.0,4.0,2.0,1.0,2.281314304557668
4.0,4.0,2.0,4.0,2.0,2.0,2.4903402580332
4.0,4.0,2.0,4.0,2.0,3.0,2.7700280084661526
4.0,4.0,2.0,4.0,2.0,5.0,3.186839332730921
4.0,4.0,2.0,4.0,3.0,1.0,2.494341812066038
4.0,4.0,2.0,4.0,3.0,2.0,2.6334080453392392
4.0,4.0,2.0,4.0,3.0,3.0,3.07832959021386
4.0,4.0,2.0,4.0,3.0,4.0,3.2879989942531127
4.0,4.0,2.0,4.0,4.0,2.0,2.821123825510299
4.0,4.0,2.0,4.0,4.0,3.0,3.078329441756147
4.0,4.0,2.0,4.0,4.0,4.0,3.4142940074287425
4.0,4.0,2.0,4.0,4.0,5.0,3.4142944224302574
4.0,4.0,2.0,4.0,5.0,3.0,3.251314709185237
4.0,4.0,2.0,4.0,5.0,4.0,3.4881098716544727
4.0,4.0,2.0,4.0,5.0,5.0,3.6465432891403715
4.0,4.0,2.0,5.0,1.0,1.0,2.1973991892681717
4.0,4.0,2.0,5.0,1.0,2.0,2.493241219746544
4.0,4.0,2.0,5.0,1.0,3.0,2.7804930532216807
4.0,4.0,2.0,5.0,1.0,4.0,3.0076364869334076
4.0,4.0,2.0,5.0,2.0,3.0,2.934356058010019
4.0,4.0,2.0,5.0,3.0,1.0,2.494342094505412
4.0,4.0,2.0,5.0,3.0,2.0,2.813340930196115
4.0,4.0,2.0,5.0,3.0,3.0,3.0783299395259296
4.0,4.0,2.0,5.0,3.0,4.0,3.430626814184896
4.0,4.0,2.0,5.0,3.0,5.0,3.472989361472374
4.0,4.0,2.0,5.0,4.0,2.0,2.844566903505956
4.0,4.0,2.0,5.0,4.0,3.0,3.242781893384283
4.0,4.0,2.0,5.0,4.0,4.0,3.430626752262067
4.0,4.0,2.0,5.0,4.0,5.0,3.5909197049568085
4.0,4.0,2.0,5.0,5.0,3.0,3.2513148983930193
4.0,4.0,2.0,5.0,5.0,4.0,3.4881099752775206
4.0,4.0,2.0,5.0,5.0,5.0,3.655621019296288
4.0,4.0,3.0,1.0,1.0,2.0,2.1310465502656224
4.0,4.0,3.0,1.0,2.0,1.0,2.2451898971716155
4.0,4.0,3.0,1.0,2.0,2.0,2.5928149206035838
4.0,4.0,3.0,1.0,2.0,3.0,2.662530334098914
4.0,4.0,3.0,1.0,3.0,1.0,2.2451902847215472
4.0,4.0,3.0,1.0,3.0,2.0,2.592814864055336
4.0,4.0,3.0,1.0,3.0,3.0,2.662530460711368
4.0,4.0,3.0,1.0,3.0,4.0,2.849691652619758
4.0,4.0,3.0,1.0,4.0,3.0,2.8331610419453637
4.0,4.0,3.0,1.0,5.0,3.0,3.0136446950973603
4.0,4.0,3.0,2.0,1.0,1.0,2.1985691515645223
4.0,4.0,3.0,2.0,1.0,2.0,2.4613552049477163
4.0,4.0,3.0,2.0,1.0,3.0,2.610498631229305
4.0,4.0,3.0,2.0,1.0,4.0,2.8495085574370065
4.0,4.0,3.0,2.0,2.0,2.0,2.592815292942951
4.0,4.0,3.0,2.0,2.0,3.0,2.7821748503167645
4.0,4.0,3.0,2.0,2.0,4.0,2.8495085604312647
4.0,4.0,3.0,2.0,3.0,2.0,2.616682386541998
4.0,4.0,3.0,2.0,3.0,3.0,3.0067952547427215
4.0,4.0,3.0,2.0,3.0,4.0,3.0598655242122055
4.0,4.0,3.0,2.0,4.0,2.0,2.93150460632068
4.0,4.0,3.0,2.0,4.0,3.0,3.0643430028795566
4.0,4.0,3.0,2.0,4.0,4.0,3.2432952835702955
4.0,4.0,3.0,2.0,4.0,5.0,3.5337344495937972
4.0,4.0,3.0,2.0,5.0,2.0,3.0173876792765184
4.0,4.0,3.0,2.0,5.0,3.0,3.06434316364881
4.0,4.0,3.0,2.0,5.0,4.0,3.267657907712449
4.0,4.0,3.0,2.0,5.0,5.0,3.5535885727495335
4.0,4.0,3.0,3.0,1.0,1.0,2.3484112201953358
4.0,4.0,3.0,3.0,1.0,2.0,2.635886475692855
4.0,4.0,3.0,3.0,1.0,3.0,2.6708019461886914
4.0,4.0,3.0,3.0,2.0,1.0,2.420367058559809
4.0,4.0,3.0,3.0,2.0,2.0,2.7456171043581556
4.0,4.0,3.0,3.0,2.0,3.0,3.0800437509651934
4.0,4.0,3.0,3.0,2.0,4.0,3.2605661364745036
4.0,4.0,3.0,3.0,3.0,1.0,2.6552389535461804
4.0,4.0,3.0,3.0,3.0,2.0,2.9158742912009834
4.0,4.0,3.0,3.0,3.0,3.0,3.2756670922417883
4.0,4.0,3.0,3.0,3.0,4.0,3.4657070015870115
4.0,4.0,3.0,3.0,3.0,5.0,3.5394289411142004
4.0,4.0,3.0,3.0,4.0,2.0,2.9315047629368407
4.0,4.0,3.0,3.0,4.0,3.0,3.310083629559747
4.0,4.0,3.0,3.0,4.0,4.0,3.5842387065957424
4.0,4.0,3.0,3.0,4.0,5.0,3.5842387868541192
4.0,4.0,3.0,3.0,5.0,2.0,3.0173878069679034
4.0,4.0,3.0,3.0,5.0,3.0,3.3100836905015356
4.0,4.0,3.0,3.0,5.0,4.0,3.584238748651194
4.0,4.0,3.0,3.0,5.0,5.0,3.897771005744842
4.0,4.0,3.0,4.0,1.0,2.0,2.7293702888776106
4.0,4.0,3.0,4.0,1.0,3.0,2.936659170436716
4.0,4.0,3.0,4.0,1.0,4.0,2.9470647230084897
4.0,4.0,3.0,4.0,2.0,2.0,2.7706503244240017
4.0,4.0,3.0,4.0,2.0,3.0,3.2005530320515927
4.0,4.0,3.0,4.0,2.0,4.0,3.3269029811462687
4.0,4.0,3.0,4.0,3.0,1.0,2.6666591522066914
4.0,4.0,3.0,4.0,3.0,2.0,2.927471277934126
4.0,4.0,3.0,4.0,3.0,3.0,3.4137838505996014
4.0,4.0,3.0,4.0,3.0,4.0,3.77220788871528
4.0,4.0,3.0,4.0,3.0,5.0,3.892108106732779
4.0,4.0,3.0,4.0,4.0,1.0,2.865183263083385
4.0,4.0,3.0,4.0,4.0,2.0,3.084592139452753
4.0,4.0,3.0,4.0,4.0,3.0,3.5123440904000827
4.0,4.0,3.0,4.0,4.0,4.0,3.886420641617822
4.0,4.0,3.0,4.0,4.0,5.0,3.9169622391646124
4.0,4.0,3.0,4.0,5.0,2.0,3.1293716617149046
4.0,4.0,3.0,4.0,5.0,3.0,3.5123442845117037
4.0,4.0,3.0,4.0,5.0,4.0,3.918504550940813
4.0,4.0,3.0,4.0,5.0,5.0,4.023781044433409
4.0,4.0,3.0,5.0,1.0,2.0,2.72937034082427
4.0,4.0,3.0,5.0,1.0,3.0,2.9366593910963537
4.0,4.0,3.0,5.0,1.0,4.0,3.043495550342786
4.0,4.0,3.0,5.0,2.0,2.0,2.9595057112487377
4.0,4.0,3.0,5.0,2.0,3.0,3.2146307119522866
4.0,4.0,3.0,5.0,2.0,4.0,3.4828898331367246
4.0,4.0,3.0,5.0,2.0,5.0,3.5064705894659642
4.0,4.0,3.0,5.0,3.0,2.0,3.0822532131286464
4.0,4.0,3.0,5.0,3.0,3.0,3.4137840676442948
4.0,4.0,3.0,5.0,3.0,4.0,3.7722081118131623
4.0,4.0,3.0,5.0,3.0,5.0,3.946277473317126
4.0,4.0,3.0,5.0,4.0,2.0,3.1293717492877295
4.0,4.0,3.0,5.0,4.0,3.0,3.5393378204579142
4.0,4.0,3.0,5.0,4.0,4.0,3.9453316267810457
4.0,4.0,3.0,5.0,4.0,5.0,4.065868088140698
4.0,4.0,3.0,5.0,5.0,2.0,3.129371778522955
4.0,4.0,3.0,5.0,5.0,3.0,3.5561918824483634
4.0,4.0,3.0,5.0,5.0,4.0,4.056005758612615
4.0,4.0,3.0,5.0,5.0,5.0,4.081029930167157
4.0,4.0,4.0,1.0,2.0,1.0,2.406558154853938
4.0,4.0,4.0,1.0,3.0,1.0,2.6532836032213596
4.0,4.0,4.0,1.0,3.0,2.0,2.6935804093357554
4.0,4.0,4.0,1.0,4.0,2.0,2.7957053284060325
4.0,4.0,4.0,1.0,4.0,3.0,3.1252032351792343
4.0,4.0,4.0,2.0,1.0,2.0,2.741750566586478
4.0,4.0,4.0,2.0,1.0,3.0,2.911788003964192
4.0,4.0,4.0,2.0,2.0,1.0,2.514377485646355
4.0,4.0,4.0,2.0,2.0,2.0,2.790260969129526
4.0,4.0,4.0,2.0,2.0,3.0,2.911788040146495
4.0,4.0,4.0,2.0,2.0,4.0,3.1113156787210947
4.0,4.0,4.0,2.0,3.0,2.0,2.8259320888126633
4.0,4.0,4.0,2.0,3.0,3.0,3.05617148447412
4.0,4.0,4.0,2.0,3.0,4.0,3.2449543647996055
4.0,4.0,4.0,2.0,4.0,2.0,3.0420457281603754
4.0,4.0,4.0,2.0,4.0,3.0,3.135242540549129
4.0,4.0,4.0,2.0,4.0,4.0,3.480204442762878
4.0,4.0,4.0,2.0,4.0,5.0,3.870780617818277
4.0,4.0,4.0,2.0,5.0,4.0,3.6547680727898855
4.0,4.0,4.0,2.0,5.0,5.0,3.8707806926801815
4.0,4.0,4.0,3.0,1.0,1.0,2.664672595751134
4.0,4.0,4.0,3.0,1.0,2.0,2.877440207340422
4.0,4.0,4.0,3.0,2.0,2.0,2.8774400797694573
4.0,4.0,4.0,3.0,2.0,3.0,3.0976432379859213
4.0,4.0,4.0,3.0,2.0,4.0,3.579513205912877
4.0,4.0,4.0,3.0,3.0,2.0,3.0919977763779753
4.0,4.0,4.0,3.0,3.0,3.0,3.394083828377906
4.0,4.0,4.0,3.0,3.0,4.0,3.744042504139304
4.0,4.0,4.0,3.0,3.0,5.0,3.7440424760083184
4.0,4.0,4.0,3.0,4.0,2.0,3.0987993520983705
4.0,4.0,4.0,3.0,4.0,3.0,3.5430873952713005
4.0,4.0,4.0,3.0,4.0,4.0,3.8587055281948306
4.0,4.0,4.0,3.0,4.0,5.0,3.887711339702981
4.0,4.0,4.0,3.0,5.0,3.0,3.561710752690064
4.0,4.0,4.0,3.0,5.0,4.0,3.9339991224960036
4.0,4.0,4.0,3.0,5.0,5.0,4.1431010349599395
4.0,4.0,4.0,4.0,1.0,1.0,2.8012340261780584
4.0,4.0,4.0,4.0,1.0,3.0,3.1817583901897395
4.0,4.0,4.0,4.0,1.0,4.0,3.4726180666407616
4.0,4.0,4.0,4.0,1.0,5.0,3.512081396120256
4.0,4.0,4.0,4.0,2.0,1.0,2.99823510400543
4.0,4.0,4.0,4.0,2.0,2.0,3.2254276957739663
4.0,4.0,4.0,4.0,2.0,3.0,3.5176152195854224
4.0,4.0,4.0,4.0,2.0,4.0,3.749896162084591
4.0,4.0,4.0,4.0,2.0,5.0,3.7498961839692777
4.0,4.0,4.0,4.0,3.0,1.0,2.9982351257285096
4.0,4.0,4.0,4.0,3.0,2.0,3.249501127615871
4.0,4.0,4.0,4.0,3.0,3.0,3.7228649863724654
4.0,4.0,4.0,4.0,3.0,4.0,3.95364430712537
4.0,4.0,4.0,4.0,3.0,5.0,4.061378980827989
4.0,4.0,4.0,4.0,4.0,1.0,3.2234673524881727
4.0,4.0,4.0,4.0,4.0,2.0,3.2495012423516942
4.0,4.0,4.0,4.0,4.0,3.0,3.771238330969895
4.0,4.0,4.0,4.0,4.0,4.0,4.046460362950288
4.0,4.0,4.0,4.0,4.0,5.0,4.172101336123918
4.0,4.0,4.0,4.0,5.0,3.0,3.771238398966196
4.0,4.0,4.0,4.0,5.0,4.0,4.069920594320794
4.0,4.0,4.0,4.0,5.0,5.0,4.227387789930375
4.0,4.0,4.0,5.0,1.0,3.0,3.4635466354668365
4.0,4.0,4.0,5.0,1.0,4.0,3.4726180748090303
4.0,4.0,4.0,5.0,2.0,2.0,3.225427779344719
4.0,4.0,4.0,5.0,2.0,3.0,3.5176152142760193
4.0,4.0,4.0,5.0,2.0,4.0,3.7498962814937844
4.0,4.0,4.0,5.0,2.0,5.0,3.7571429224706985
4.0,4.0,4.0,5.0,3.0,2.0,3.4140591325642164
4.0,4.0,4.0,5.0,3.0,3.0,3.7228649157631755
4.0,4.0,4.0,5.0,3.0,4.0,3.96331806352458
4.0,4.0,4.0,5.0,3.0,5.0,4.200314182423239
4.0,4.0,4.0,5.0,4.0,3.0,3.7971893368320178
4.0,4.0,4.0,5.0,4.0,4.0,4.081798636311199
4.0,4.0,4.0,5.0,4.0,5.0,4.253679038109166
4.0,4.0,4.0,5.0,5.0,3.0,3.8207974915883924
4.0,4.0,4.0,5.0,5.0,4.0,4.166483277547537
4.0,4.0,4.0,5.0,5.0,5.0,4.375518403483749
4.0,4.0,5.0,1.0,3.0,3.0,3.381362413634864
4.0,4.0,5.0,1.0,5.0,4.0,3.481308481329014
4.0,4.0,5.0,2.0,3.0,2.0,3.1412932182680406
4.0,4.0,5.0,2.0,5.0,4.0,3.7337283751759274
4.0,4.0,5.0,3.0,2.0,2.0,3.1231322468020286
4.0,4.0,5.0,3.0,2.0,4.0,3.593896182093251
4.0,4.0,5.0,3.0,3.0,2.0,3.14129333565232
4.0,4.0,5.0,3.0,3.0,3.0,3.653249104121637
4.0,4.0,5.0,3.0,3.0,4.0,3.7440415148587753
4.0,4.0,5.0,3.0,3.0,5.0,4.084079656335453
4.0,4.0,5.0,3.0,4.0,3.0,3.709273788177492
4.0,4.0,5.0,3.0,4.0,4.0,3.933998799920955
4.0,4.0,5.0,3.0,4.0,5.0,4.084079750661667
4.0,4.0,5.0,3.0,5.0,3.0,3.7161008410751193
4.0,4.0,5.0,3.0,5.0,4.0,3.9339989046244055
4.0,4.0,5.0,3.0,5.0,5.0,4.273217058995474
4.0,4.0,5.0,4.0,1.0,4.0,3.6854680619338187
4.0,4.0,5.0,4.0,2.0,2.0,3.2731977109614334
4.0,4.0,5.0,4.0,2.0,3.0,3.602695639853194
4.0,4.0,5.0,4.0,2.0,4.0,3.8501500370042603
4.0,4.0,5.0,4.0,2.0,5.0,3.9724903385790817
4.0,4.0,5.0,4.0,3.0,3.0,3.7712362810782833
4.0,4.0,5.0,4.0,3.0,4.0,4.027562007893856
4.0,4.0,5.0,4.0,3.0,5.0,4.194804233185668
4.0,4.0,5.0,4.0,4.0,2.0,3.4825069146536256
4.0,4.0,5.0,4.0,4.0,3.0,3.7712370782250333
4.0,4.0,5.0,4.0,4.0,4.0,4.057020028860055
4.0,4.0,5.0,4.0,4.0,5.0,4.268772781701095
4.0,4.0,5.0,4.0,5.0,3.0,3.771238367605888
4.0,4.0,5.0,4.0,5.0,4.0,4.1750925954936635
4.0,4.0,5.0,4.0,5.0,5.0,4.404901366228578
4.0,4.0,5.0,5.0,1.0,3.0,3.608390120224806
4.0,4.0,5.0,5.0,1.0,4.0,3.7932874481264793
4.0,4.0,5.0,5.0,2.0,4.0,3.89215316333936
4.0,4.0,5.0,5.0,3.0,3.0,3.821338023212964
4.0,4.0,5.0,5.0,3.0,4.0,4.027561823832867
4.0,4.0,5.0,5.0,3.0,5.0,4.251935921171709
4.0,4.0,5.0,5.0,4.0,3.0,3.96515349662719
4.0,4.0,5.0,5.0,4.0,4.0,4.164763688250521
4.0,4.0,5.0,5.0,4.0,5.0,4.453761146393873
4.0,4.0,5.0,5.0,5.0,3.0,4.1252639111723814
4.0,4.0,5.0,5.0,5.0,4.0,4.269201229254769
4.0,4.0,5.0,5.0,5.0,5.0,4.532614470096018
4.0,5.0,1.0,1.0,1.0,1.0,1.5611936608134587
4.0,5.0,1.0,1.0,1.0,3.0,1.8379024608930088
4.0,5.0,1.0,1.0,2.0,1.0,1.6810157208441534
4.0,5.0,1.0,1.0,2.0,2.0,1.8659132734878738
4.0,5.0,1.0,1.0,3.0,1.0,1.7831406160825953
4.0,5.0,1.0,1.0,3.0,2.0,2.1126385632392366
4.0,5.0,1.0,1.0,4.0,1.0,1.8997601934427641
4.0,5.0,1.0,1.0,4.0,2.0,2.214763475542625
4.0,5.0,1.0,2.0,2.0,1.0,2.078036241262215
4.0,5.0,1.0,2.0,2.0,2.0,2.1183330309576016
4.0,5.0,1.0,2.0,3.0,1.0,2.080782355663878
4.0,5.0,1.0,2.0,3.0,2.0,2.2204579361309498
4.0,5.0,1.0,2.0,3.0,3.0,2.527577280420105
4.0,5.0,1.0,2.0,4.0,1.0,2.080782416970423
4.0,5.0,1.0,3.0,3.0,1.0,2.143379991819341
4.0,5.0,1.0,3.0,3.0,2.0,2.4728779191702586
4.0,5.0,1.0,3.0,3.0,3.0,2.527577344366881
4.0,5.0,1.0,3.0,3.0,4.0,2.95822359913723
4.0,5.0,1.0,3.0,3.0,5.0,3.00917932554328
4.0,5.0,1.0,3.0,4.0,1.0,2.340822158256488
4.0,5.0,1.0,4.0,1.0,1.0,1.9090629090642837
4.0,5.0,1.0,4.0,1.0,2.0,2.3552096088680385
4.0,5.0,1.0,4.0,1.0,5.0,2.64193835265295
4.0,5.0,1.0,4.0,2.0,2.0,2.3552096855883824
4.0,5.0,1.0,4.0,2.0,3.0,2.6634697338402074
4.0,5.0,1.0,4.0,3.0,1.0,2.2704754684920285
4.0,5.0,1.0,4.0,3.0,2.0,2.4931355554258445
4.0,5.0,1.0,4.0,3.0,3.0,2.762108208210597
4.0,5.0,1.0,4.0,3.0,5.0,3.009179446590279
4.0,5.0,1.0,4.0,4.0,3.0,2.7621081937058083
4.0,5.0,1.0,4.0,4.0,4.0,2.958223495440514
4.0,5.0,1.0,4.0,5.0,2.0,2.640346520068456
4.0,5.0,1.0,5.0,2.0,1.0,2.2704755493058983
4.0,5.0,1.0,5.0,2.0,2.0,2.5123109780001562
4.0,5.0,1.0,5.0,2.0,4.0,2.9561864710326153
4.0,5.0,1.0,5.0,3.0,2.0,2.6885166522840866
4.0,5.0,1.0,5.0,3.0,3.0,2.7621083835414875
4.0,5.0,1.0,5.0,4.0,4.0,3.124445389451472
4.0,5.0,1.0,5.0,5.0,5.0,3.3909292277147913
4.0,5.0,2.0,1.0,1.0,1.0,1.8187791339761878
4.0,5.0,2.0,1.0,2.0,1.0,2.039299759167198
4.0,5.0,2.0,1.0,3.0,2.0,2.3938573046534404
4.0,5.0,2.0,1.0,3.0,3.0,2.511219370711026
4.0,5.0,2.0,1.0,4.0,3.0,2.757944880612678
4.0,5.0,2.0,1.0,5.0,2.0,2.3938574674558457
4.0,5.0,2.0,2.0,1.0,2.0,2.0591323734130356
4.0,5.0,2.0,2.0,2.0,2.0,2.2315636731858888
4.0,5.0,2.0,2.0,2.0,4.0,2.671757026777375
4.0,5.0,2.0,2.0,3.0,2.0,2.393857299888589
4.0,5.0,2.0,2.0,3.0,3.0,2.7788966790169134
4.0,5.0,2.0,2.0,4.0,2.0,2.6808669146703563
4.0,5.0,2.0,2.0,4.0,4.0,3.0506615906756838
4.0,5.0,2.0,2.0,5.0,3.0,2.9678891623945307
4.0,5.0,2.0,3.0,1.0,2.0,2.353900470065333
4.0,5.0,2.0,3.0,1.0,3.0,2.6412808523618483
4.0,5.0,2.0,3.0,2.0,2.0,2.6451066942427413
4.0,5.0,2.0,3.0,2.0,3.0,2.762248668734922
4.0,5.0,2.0,3.0,2.0,4.0,3.0441013134289783
4.0,5.0,2.0,3.0,3.0,1.0,2.501664037581464
4.0,5.0,2.0,3.0,3.0,2.0,2.683666496992657
4.0,5.0,2.0,3.0,3.0,3.0,3.0069776227979235
4.0,5.0,2.0,3.0,3.0,4.0,3.0441012793036184
4.0,5.0,2.0,3.0,4.0,2.0,2.9315060998448437
4.0,5.0,2.0,3.0,4.0,3.0,3.165373322728176
4.0,5.0,2.0,3.0,4.0,4.0,3.2117799721878035
4.0,5.0,2.0,3.0,5.0,1.0,2.56131327692655
4.0,5.0,2.0,3.0,5.0,3.0,3.1653735342643206
4.0,5.0,2.0,3.0,5.0,4.0,3.480348070849587
4.0,5.0,2.0,4.0,1.0,2.0,2.487776449801558
4.0,5.0,2.0,4.0,1.0,3.0,2.690019952280182
4.0,5.0,2.0,4.0,2.0,1.0,2.3169296400066464
4.0,5.0,2.0,4.0,2.0,3.0,2.770028323033531
4.0,5.0,2.0,4.0,2.0,4.0,3.1602935525693154
4.0,5.0,2.0,4.0,3.0,2.0,2.683666637474308
4.0,5.0,2.0,4.0,3.0,3.0,3.0783298561925245
4.0,5.0,2.0,4.0,3.0,4.0,3.4249504791732286
4.0,5.0,2.0,4.0,4.0,2.0,2.9315066674913517
4.0,5.0,2.0,4.0,4.0,3.0,3.165373285408335
4.0,5.0,2.0,4.0,4.0,4.0,3.424950381667555
4.0,5.0,2.0,4.0,4.0,5.0,3.451197747402091
4.0,5.0,2.0,4.0,5.0,2.0,2.9986306131942766
4.0,5.0,2.0,4.0,5.0,3.0,3.251314757505779
4.0,5.0,2.0,4.0,5.0,4.0,3.50825167692553
4.0,5.0,2.0,4.0,5.0,5.0,3.73608495600587
4.0,5.0,2.0,5.0,1.0,2.0,2.553349758199738
4.0,5.0,2.0,5.0,1.0,3.0,2.7804931972477753
4.0,5.0,2.0,5.0,1.0,4.0,3.059186374224475
4.0,5.0,2.0,5.0,2.0,2.0,2.6647375937223075
4.0,5.0,2.0,5.0,2.0,3.0,3.108335297151607
4.0,5.0,2.0,5.0,2.0,4.0,3.169869949626429
4.0,5.0,2.0,5.0,3.0,2.0,2.81334104858612
4.0,5.0,2.0,5.0,3.0,3.0,3.108335371945185
4.0,5.0,2.0,5.0,3.0,4.0,3.430627022042322
4.0,5.0,2.0,5.0,4.0,1.0,2.8194277579350437
4.0,5.0,2.0,5.0,4.0,2.0,3.00432505891153
4.0,5.0,2.0,5.0,4.0,4.0,3.6125761708791653
4.0,5.0,2.0,5.0,4.0,5.0,3.6579401864716594
4.0,5.0,2.0,5.0,5.0,3.0,3.4594186895177788
4.0,5.0,2.0,5.0,5.0,4.0,3.6681726822683394
4.0,5.0,2.0,5.0,5.0,5.0,3.869196362874708
4.0,5.0,3.0,1.0,1.0,3.0,2.5812104552292805
4.0,5.0,3.0,1.0,2.0,4.0,2.7056395297257394
4.0,5.0,3.0,1.0,3.0,1.0,2.436579315486977
4.0,5.0,3.0,1.0,3.0,2.0,2.5928149545832886
4.0,5.0,3.0,1.0,3.0,3.0,2.7249028420354646
4.0,5.0,3.0,1.0,4.0,3.0,2.833161182721099
4.0,5.0,3.0,1.0,4.0,5.0,3.1968224302233623
4.0,5.0,3.0,2.0,1.0,1.0,2.3484112674888307
4.0,5.0,3.0,2.0,1.0,2.0,2.5881756121735937
4.0,5.0,3.0,2.0,2.0,1.0,2.348411289206463
4.0,5.0,3.0,2.0,2.0,2.0,2.592815549876718
4.0,5.0,3.0,2.0,3.0,2.0,2.8259329219249527
4.0,5.0,3.0,2.0,3.0,3.0,3.0067953862295447
4.0,5.0,3.0,2.0,3.0,4.0,3.0598656677017813
4.0,5.0,3.0,2.0,4.0,2.0,2.931504885150585
4.0,5.0,3.0,2.0,4.0,3.0,3.0643432185992725
4.0,5.0,3.0,2.0,4.0,4.0,3.3572823073889517
4.0,5.0,3.0,2.0,5.0,2.0,3.017387821128265
4.0,5.0,3.0,2.0,5.0,3.0,3.064343387451739
4.0,5.0,3.0,2.0,5.0,4.0,3.3964239650329966
4.0,5.0,3.0,2.0,5.0,5.0,3.553588701029371
4.0,5.0,3.0,3.0,1.0,2.0,2.6959950082200823
4.0,5.0,3.0,3.0,1.0,3.0,2.895939626118774
4.0,5.0,3.0,3.0,2.0,2.0,2.755948529465087
4.0,5.0,3.0,3.0,2.0,3.0,3.080043905073502
4.0,5.0,3.0,3.0,2.0,4.0,3.260566281373702
4.0,5.0,3.0,3.0,3.0,1.0,2.801470164887878
4.0,5.0,3.0,3.0,3.0,2.0,2.931505176950426
4.0,5.0,3.0,3.0,3.0,3.0,3.275667290447215
4.0,5.0,3.0,3.0,3.0,4.0,3.5842389122945897
4.0,5.0,3.0,3.0,3.0,5.0,3.584239080982827
4.0,5.0,3.0,3.0,4.0,2.0,2.93150525813868
4.0,5.0,3.0,3.0,4.0,3.0,3.3100838641250143
4.0,5.0,3.0,3.0,4.0,4.0,3.584238833845588
4.0,5.0,3.0,3.0,4.0,5.0,3.7429261898675
4.0,5.0,3.0,3.0,5.0,2.0,3.017387949999782
4.0,5.0,3.0,3.0,5.0,3.0,3.47586718764988
4.0,5.0,3.0,3.0,5.0,4.0,3.629618226011224
4.0,5.0,3.0,3.0,5.0,5.0,3.897771077120987
4.0,5.0,3.0,4.0,1.0,1.0,2.3484114135204504
4.0,5.0,3.0,4.0,1.0,2.0,2.729370406540902
4.0,5.0,3.0,4.0,1.0,3.0,2.936659384930827
4.0,5.0,3.0,4.0,1.0,4.0,3.158139561869016
4.0,5.0,3.0,4.0,1.0,5.0,3.358506472461829
4.0,5.0,3.0,4.0,2.0,2.0,2.7706506392256784
4.0,5.0,3.0,4.0,2.0,3.0,3.2146304736554776
4.0,5.0,3.0,4.0,2.0,4.0,3.4118015161339894
4.0,5.0,3.0,4.0,2.0,5.0,3.6551039164827124
4.0,5.0,3.0,4.0,3.0,2.0,3.008064225996915
4.0,5.0,3.0,4.0,3.0,3.0,3.440167935737107
4.0,5.0,3.0,4.0,3.0,4.0,3.7722081335043924
4.0,5.0,3.0,4.0,3.0,5.0,3.89210824660541
4.0,5.0,3.0,4.0,4.0,2.0,3.27759999964065
4.0,5.0,3.0,4.0,4.0,3.0,3.589862451683666
4.0,5.0,3.0,4.0,4.0,4.0,3.9149388371595695
4.0,5.0,3.0,4.0,4.0,5.0,4.046651685526218
4.0,5.0,3.0,4.0,5.0,2.0,3.4029226567411723
4.0,5.0,3.0,4.0,5.0,3.0,3.5898624148793337
4.0,5.0,3.0,4.0,5.0,4.0,3.990317439052613
4.0,5.0,3.0,4.0,5.0,5.0,4.046651756596378
4.0,5.0,3.0,5.0,1.0,2.0,2.796464517877063
4.0,5.0,3.0,5.0,1.0,3.0,2.936659568069415
4.0,5.0,3.0,5.0,1.0,4.0,3.281428481706019
4.0,5.0,3.0,5.0,1.0,5.0,3.6667612384374797
4.0,5.0,3.0,5.0,2.0,2.0,3.082253382641748
4.0,5.0,3.0,5.0,2.0,3.0,3.214630721615755
4.0,5.0,3.0,5.0,2.0,4.0,3.640857313542596
4.0,5.0,3.0,5.0,2.0,5.0,3.7493020998842286
4.0,5.0,3.0,5.0,3.0,2.0,3.082253352950632
4.0,5.0,3.0,5.0,3.0,3.0,3.4724983482936302
4.0,5.0,3.0,5.0,3.0,4.0,3.772208291154221
4.0,5.0,3.0,5.0,3.0,5.0,4.042672023853398
4.0,5.0,3.0,5.0,4.0,2.0,3.402922731892956
4.0,5.0,3.0,5.0,4.0,3.0,3.601324074594125
4.0,5.0,3.0,5.0,4.0,4.0,4.024241888526924
4.0,5.0,3.0,5.0,4.0,5.0,4.091940463228404
4.0,5.0,3.0,5.0,5.0,2.0,3.4029227746759467
4.0,5.0,3.0,5.0,5.0,3.0,3.7314295546233742
4.0,5.0,3.0,5.0,5.0,4.0,4.056005971403119
4.0,5.0,3.0,5.0,5.0,5.0,4.196745871902808
4.0,5.0,4.0,1.0,1.0,1.0,2.3645418022591937
4.0,5.0,4.0,1.0,3.0,3.0,3.083186841405584
4.0,5.0,4.0,1.0,5.0,4.0,3.6169347870006274
4.0,5.0,4.0,2.0,1.0,1.0,2.472361028004602
4.0,5.0,4.0,2.0,2.0,4.0,3.2737787143419554
4.0,5.0,4.0,2.0,3.0,2.0,2.8259325997730023
4.0,5.0,4.0,2.0,3.0,3.0,3.208730352602582
4.0,5.0,4.0,2.0,3.0,4.0,3.3284147294604765
4.0,5.0,4.0,2.0,4.0,2.0,3.1082338386378585
4.0,5.0,4.0,2.0,4.0,3.0,3.208730436088695
4.0,5.0,4.0,2.0,4.0,4.0,3.654768731763937
4.0,5.0,4.0,2.0,5.0,1.0,3.025461823478351
4.0,5.0,4.0,2.0,5.0,4.0,3.654768521812341
4.0,5.0,4.0,2.0,5.0,5.0,3.9210652634758287
4.0,5.0,4.0,3.0,1.0,3.0,3.082627966845056
4.0,5.0,4.0,3.0,1.0,4.0,3.2794731714682546
4.0,5.0,4.0,3.0,2.0,2.0,3.008232503466143
4.0,5.0,4.0,3.0,2.0,3.0,3.399456390749568
4.0,5.0,4.0,3.0,3.0,2.0,3.1949962472297875
4.0,5.0,4.0,3.0,3.0,3.0,3.4143099697483033
4.0,5.0,4.0,3.0,3.0,4.0,3.7440430150138244
4.0,5.0,4.0,3.0,3.0,5.0,3.768880333279301
4.0,5.0,4.0,3.0,4.0,2.0,3.194996347307652
4.0,5.0,4.0,3.0,4.0,3.0,3.622897428582186
4.0,5.0,4.0,3.0,4.0,4.0,3.968133241484859
4.0,5.0,4.0,3.0,4.0,5.0,4.0523731130180085
4.0,5.0,4.0,3.0,5.0,2.0,3.3181781304876856
4.0,5.0,4.0,3.0,5.0,3.0,3.6228975075892453
4.0,5.0,4.0,3.0,5.0,4.0,3.9681332690700097
4.0,5.0,4.0,3.0,5.0,5.0,4.2456621581522365
4.0,5.0,4.0,4.0,1.0,2.0,2.8774405388983557
4.0,5.0,4.0,4.0,1.0,3.0,3.381318748940792
4.0,5.0,4.0,4.0,1.0,4.0,3.4726181865652257
4.0,5.0,4.0,4.0,2.0,2.0,3.2308433838945856
4.0,5.0,4.0,4.0,2.0,3.0,3.5176153302846096
4.0,5.0,4.0,4.0,2.0,4.0,3.749896314148936
4.0,5.0,4.0,4.0,2.0,5.0,3.7498963294804755
4.0,5.0,4.0,4.0,3.0,2.0,3.277599873333069
4.0,5.0,4.0,4.0,3.0,3.0,3.7228651361252445
4.0,5.0,4.0,4.0,3.0,4.0,4.012023688341072
4.0,5.0,4.0,4.0,3.0,5.0,4.069514805298823
4.0,5.0,4.0,4.0,4.0,2.0,3.2775999586019102
4.0,5.0,4.0,4.0,4.0,3.0,3.8265544969989764
4.0,5.0,4.0,4.0,4.0,4.0,4.0819699183016835
4.0,5.0,4.0,4.0,4.0,5.0,4.284756922075929
4.0,5.0,4.0,4.0,5.0,2.0,3.4259975392737703
4.0,5.0,4.0,4.0,5.0,3.0,3.8265546277366456
4.0,5.0,4.0,4.0,5.0,4.0,4.127944487018389
4.0,5.0,4.0,4.0,5.0,5.0,4.362311776212995
4.0,5.0,4.0,5.0,1.0,3.0,3.4635467722975593
4.0,5.0,4.0,5.0,1.0,5.0,3.6800092854432283
4.0,5.0,4.0,5.0,2.0,2.0,3.372042746542286
4.0,5.0,4.0,5.0,2.0,3.0,3.5360743546960127
4.0,5.0,4.0,5.0,2.0,4.0,3.7498964376571458
4.0,5.0,4.0,5.0,2.0,5.0,3.861970324640507
4.0,5.0,4.0,5.0,3.0,3.0,3.8224865142304925
4.0,5.0,4.0,5.0,3.0,4.0,4.027474567134529
4.0,5.0,4.0,5.0,3.0,5.0,4.200314324642988
4.0,5.0,4.0,5.0,4.0,2.0,3.5762925807362134
4.0,5.0,4.0,5.0,4.0,3.0,3.9220840650123385
4.0,5.0,4.0,5.0,4.0,4.0,4.156419991801217
4.0,5.0,4.0,5.0,4.0,5.0,4.364971445949346
4.0,5.0,4.0,5.0,5.0,2.0,3.719043746227612
4.0,5.0,4.0,5.0,5.0,3.0,3.9220841761849505
4.0,5.0,4.0,5.0,5.0,4.0,4.255687225294456
4.0,5.0,4.0,5.0,5.0,5.0,4.481296000649601
4.0,5.0,5.0,1.0,4.0,4.0,3.5838927078938863
4.0,5.0,5.0,2.0,3.0,3.0,3.479897168351054
4.0,5.0,5.0,2.0,4.0,3.0,3.6514152263466277
4.0,5.0,5.0,2.0,4.0,4.0,3.6547687634482395
4.0,5.0,5.0,3.0,1.0,5.0,3.8226546009802616
4.0,5.0,5.0,3.0,2.0,2.0,3.1231323882138886
4.0,5.0,5.0,3.0,3.0,3.0,3.6532492651815374
4.0,5.0,5.0,3.0,3.0,4.0,3.8898086205262037
4.0,5.0,5.0,3.0,4.0,3.0,3.8348498708653795
4.0,5.0,5.0,3.0,4.0,4.0,4.0183654859132325
4.0,5.0,5.0,3.0,4.0,5.0,4.2732172177309335
4.0,5.0,5.0,3.0,5.0,3.0,3.8766839463914757
4.0,5.0,5.0,3.0,5.0,4.0,4.018365545587897
4.0,5.0,5.0,3.0,5.0,5.0,4.273217234797238
4.0,5.0,5.0,4.0,1.0,4.0,3.6854683579940097
4.0,5.0,5.0,4.0,2.0,3.0,3.724180925013371
4.0,5.0,5.0,4.0,2.0,4.0,3.8501501272331864
4.0,5.0,5.0,4.0,2.0,5.0,4.028480596723819
4.0,5.0,5.0,4.0,3.0,2.0,3.4476230654066247
4.0,5.0,5.0,4.0,3.0,3.0,3.863612866058191
4.0,5.0,5.0,4.0,3.0,4.0,4.027562234608207
4.0,5.0,5.0,4.0,3.0,5.0,4.232430245937539
4.0,5.0,5.0,4.0,4.0,2.0,3.537556058853766
4.0,5.0,5.0,4.0,4.0,3.0,3.8762527949671375
4.0,5.0,5.0,4.0,4.0,4.0,4.127242313032158
4.0,5.0,5.0,4.0,4.0,5.0,4.365626004251126
4.0,5.0,5.0,4.0,5.0,2.0,3.6396810196380103
4.0,5.0,5.0,4.0,5.0,3.0,3.8766840888260323
4.0,5.0,5.0,4.0,5.0,4.0,4.221184161071544
4.0,5.0,5.0,4.0,5.0,5.0,4.447821937054894
4.0,5.0,5.0,5.0,1.0,2.0,3.3390007663666297
4.0,5.0,5.0,5.0,1.0,4.0,3.871916959453644
4.0,5.0,5.0,5.0,1.0,5.0,3.9965477533340934
4.0,5.0,5.0,5.0,2.0,3.0,3.7241810250151293
4.0,5.0,5.0,5.0,2.0,4.0,3.8921533268415005
4.0,5.0,5.0,5.0,2.0,5.0,4.180574189626507
4.0,5.0,5.0,5.0,3.0,3.0,3.931863728967818
4.0,5.0,5.0,5.0,3.0,4.0,4.027562242763111
4.0,5.0,5.0,5.0,3.0,5.0,4.415527318875065
4.0,5.0,5.0,5.0,4.0,1.0,3.600515100267806
4.0,5.0,5.0,5.0,4.0,3.0,3.992734106812262
4.0,5.0,5.0,5.0,4.0,4.0,4.231367478696376
4.0,5.0,5.0,5.0,4.0,5.0,4.51267036747967
4.0,5.0,5.0,5.0,5.0,3.0,4.308808372818164
4.0,5.0,5.0,5.0,5.0,4.0,4.360162977894021
4.0,5.0,5.0,5.0,5.0,5.0,4.591596954508083
5.0,1.0,1.0,1.0,1.0,1.0,1.599313270259132
5.0,1.0,1.0,1.0,1.0,3.0,1.9664410118472773
5.0,1.0,1.0,1.0,2.0,1.0,1.6630088452318548
5.0,1.0,1.0,1.0,3.0,1.0,1.8008964479164093
5.0,1.0,1.0,3.0,1.0,1.0,1.8122854032775777
5.0,1.0,1.0,4.0,1.0,4.0,2.733415473188849
5.0,1.0,1.0,4.0,4.0,4.0,3.07037275505271
5.0,1.0,1.0,5.0,1.0,1.0,2.2743494406307514
5.0,1.0,1.0,5.0,1.0,2.0,2.27434902686843
5.0,1.0,1.0,5.0,1.0,5.0,2.76751353715011
5.0,1.0,2.0,3.0,3.0,2.0,2.5597166325776803
5.0,1.0,2.0,5.0,4.0,4.0,3.1026743708021627
5.0,1.0,3.0,3.0,1.0,2.0,2.5691502638377033
5.0,1.0,3.0,3.0,3.0,3.0,3.1028980296027546
5.0,1.0,3.0,3.0,3.0,4.0,3.410068543628189
5.0,1.0,3.0,3.0,5.0,3.0,3.3071478240332346
5.0,1.0,3.0,3.0,5.0,5.0,3.410068776163917
5.0,1.0,3.0,4.0,3.0,3.0,3.134993065577089
5.0,1.0,3.0,4.0,4.0,4.0,3.5554710935750347
5.0,1.0,3.0,4.0,4.0,5.0,3.8272375816427773
5.0,1.0,3.0,5.0,2.0,3.0,3.0718113279855714
5.0,1.0,3.0,5.0,3.0,3.0,3.3185367733461306
5.0,1.0,3.0,5.0,4.0,2.0,3.2357642350518483
5.0,1.0,3.0,5.0,5.0,2.0,3.33788927879554
5.0,1.0,3.0,5.0,5.0,4.0,3.844409326406575
5.0,1.0,3.0,5.0,5.0,5.0,3.9970608342625416
5.0,1.0,4.0,1.0,5.0,5.0,3.8195878430778367
5.0,1.0,4.0,3.0,2.0,2.0,2.884958679005518
5.0,1.0,4.0,3.0,3.0,3.0,3.171980895086569
5.0,1.0,4.0,4.0,4.0,3.0,3.567763648659866
5.0,1.0,4.0,4.0,4.0,4.0,3.5677635340771485
5.0,1.0,4.0,5.0,4.0,4.0,3.859791544796229
5.0,1.0,5.0,2.0,1.0,2.0,2.744097239346905
5.0,1.0,5.0,5.0,1.0,5.0,3.9114485368240404
5.0,1.0,5.0,5.0,3.0,5.0,4.260299027090029
5.0,1.0,5.0,5.0,5.0,3.0,4.0947541399888365
5.0,1.0,5.0,5.0,5.0,4.0,4.410797176906928
5.0,1.0,5.0,5.0,5.0,5.0,4.410797454929122
5.0,2.0,1.0,1.0,1.0,2.0,1.9862531296856893
5.0,2.0,1.0,2.0,1.0,1.0,1.7410507483568594
5.0,2.0,1.0,3.0,3.0,1.0,2.076643727532806
5.0,2.0,1.0,5.0,5.0,4.0,3.195824966028695
5.0,2.0,2.0,1.0,3.0,2.0,2.3569784329544397
5.0,2.0,2.0,2.0,1.0,2.0,2.307755936584039
5.0,2.0,2.0,2.0,2.0,1.0,2.0803829102050995
5.0,2.0,2.0,2.0,2.0,2.0,2.4098808568431727
5.0,2.0,2.0,3.0,1.0,1.0,2.086077399254248
5.0,2.0,2.0,3.0,2.0,2.0,2.517700235227478
5.0,2.0,2.0,3.0,3.0,2.0,2.6678539823911875
5.0,2.0,2.0,3.0,3.0,3.0,2.9493230942415862
5.0,2.0,2.0,3.0,3.0,4.0,2.9896198572776913
5.0,2.0,2.0,4.0,1.0,2.0,2.499419365570858
5.0,2.0,2.0,4.0,1.0,4.0,3.0377900044622423
5.0,2.0,2.0,4.0,4.0,3.0,3.2819946028098967
5.0,2.0,2.0,4.0,5.0,3.0,3.2819948049565295
5.0,2.0,2.0,5.0,3.0,4.0,3.5055771288698314
5.0,2.0,2.0,5.0,4.0,4.0,3.5055767019462603
5.0,2.0,2.0,5.0,5.0,2.0,3.4029224169658745
5.0,2.0,2.0,5.0,5.0,4.0,3.5055765728701984
5.0,2.0,2.0,5.0,5.0,5.0,3.616268213471297
5.0,2.0,3.0,1.0,5.0,2.0,2.8221199392535308
5.0,2.0,3.0,2.0,2.0,1.0,2.541021455070955
5.0,2.0,3.0,2.0,3.0,2.0,2.680453316522289
5.0,2.0,3.0,3.0,1.0,2.0,2.710311917938387
5.0,2.0,3.0,3.0,1.0,3.0,2.8946139209610036
5.0,2.0,3.0,3.0,2.0,3.0,2.9268578830407566
5.0,2.0,3.0,3.0,3.0,3.0,3.134993367308423
5.0,2.0,3.0,3.0,4.0,3.0,3.2651314602164208
5.0,2.0,3.0,3.0,4.0,4.0,3.5554715107597343
5.0,2.0,3.0,3.0,5.0,3.0,3.367256347964884
5.0,2.0,3.0,4.0,1.0,4.0,3.0933716574780346
5.0,2.0,3.0,4.0,2.0,3.0,3.1349931557275497
5.0,2.0,3.0,4.0,3.0,2.0,3.0567825524096124
5.0,2.0,3.0,4.0,3.0,3.0,3.1349933133121595
5.0,2.0,3.0,4.0,3.0,4.0,3.4656560015149256
5.0,2.0,3.0,4.0,4.0,3.0,3.3980793431932725
5.0,2.0,3.0,4.0,4.0,4.0,3.555471368742651
5.0,2.0,3.0,4.0,5.0,4.0,3.8045736855553027
5.0,2.0,3.0,5.0,1.0,5.0,3.4385322059510606
5.0,2.0,3.0,5.0,2.0,3.0,3.276520410082756
5.0,2.0,3.0,5.0,2.0,4.0,3.316817184595745
5.0,2.0,3.0,5.0,2.0,5.0,3.660117315873729
5.0,2.0,3.0,5.0,3.0,3.0,3.3786453190483337
5.0,2.0,3.0,5.0,3.0,4.0,3.745014459921441
5.0,2.0,3.0,5.0,3.0,5.0,3.7484400292940365
5.0,2.0,3.0,5.0,4.0,3.0,3.3980794479803285
5.0,2.0,3.0,5.0,4.0,4.0,3.84440960493787
5.0,2.0,3.0,5.0,4.0,5.0,3.9962500334186917
5.0,2.0,3.0,5.0,5.0,1.0,3.0684998345076777
5.0,2.0,3.0,5.0,5.0,3.0,3.5993197258998193
5.0,2.0,3.0,5.0,5.0,4.0,3.844409534922122
5.0,2.0,3.0,5.0,5.0,5.0,3.997061002133007
5.0,2.0,4.0,2.0,2.0,2.0,2.8372476828210744
5.0,2.0,4.0,2.0,5.0,2.0,3.2882230810312687
5.0,2.0,4.0,3.0,1.0,2.0,2.8429422558042075
5.0,2.0,4.0,3.0,1.0,3.0,3.1724402019049047
5.0,2.0,4.0,3.0,4.0,3.0,3.4788149354148934
5.0,2.0,4.0,3.0,4.0,4.0,3.7870749784228557
5.0,2.0,4.0,3.0,5.0,4.0,3.7870750536650593
5.0,2.0,4.0,4.0,3.0,3.0,3.4387712062920333
5.0,2.0,4.0,4.0,3.0,4.0,3.769429512973323
5.0,2.0,4.0,4.0,3.0,5.0,4.102294612486609
5.0,2.0,4.0,4.0,4.0,3.0,3.5677640399516877
5.0,2.0,4.0,4.0,4.0,4.0,3.81459748785369
5.0,2.0,4.0,4.0,4.0,5.0,4.102294629879526
5.0,2.0,4.0,4.0,5.0,3.0,3.6887592449488498
5.0,2.0,4.0,4.0,5.0,4.0,4.039123540219107
5.0,2.0,4.0,4.0,5.0,5.0,4.157581904169742
5.0,2.0,4.0,5.0,1.0,4.0,3.428375641728529
5.0,2.0,4.0,5.0,2.0,5.0,4.004599153073235
5.0,2.0,4.0,5.0,3.0,3.0,3.592328796809142
5.0,2.0,4.0,5.0,3.0,4.0,3.9218267282838974
5.0,2.0,4.0,5.0,3.0,5.0,4.102294774679026
5.0,2.0,4.0,5.0,4.0,3.0,3.839054281293976
5.0,2.0,4.0,5.0,4.0,4.0,4.039123698645475
5.0,2.0,4.0,5.0,4.0,5.0,4.189253348491499
5.0,2.0,4.0,5.0,5.0,3.0,3.9486103686860985
5.0,2.0,4.0,5.0,5.0,4.0,4.039123720813572
5.0,2.0,4.0,5.0,5.0,5.0,4.3807097650545925
5.0,2.0,5.0,2.0,5.0,3.0,3.686803960916568
5.0,2.0,5.0,3.0,4.0,3.0,3.834845794757205
5.0,2.0,5.0,4.0,1.0,4.0,3.7983892077383565
5.0,2.0,5.0,4.0,3.0,4.0,4.027690788430354
5.0,2.0,5.0,4.0,5.0,4.0,4.231940625613542
5.0,2.0,5.0,4.0,5.0,5.0,4.454890087465051
5.0,2.0,5.0,5.0,2.0,4.0,3.7983894577560195
5.0,2.0,5.0,5.0,2.0,5.0,4.218282603681236
5.0,2.0,5.0,5.0,3.0,3.0,3.9326973567752352
5.0,2.0,5.0,5.0,3.0,4.0,4.210851923436636
5.0,2.0,5.0,5.0,3.0,5.0,4.320407533483321
5.0,2.0,5.0,5.0,4.0,4.0,4.379035345803483
5.0,2.0,5.0,5.0,4.0,5.0,4.454890203985026
5.0,2.0,5.0,5.0,5.0,3.0,4.2216580240415045
5.0,2.0,5.0,5.0,5.0,4.0,4.454890253957163
5.0,2.0,5.0,5.0,5.0,5.0,4.454890478624687
5.0,3.0,1.0,1.0,1.0,1.0,1.5993135673356063
5.0,3.0,1.0,1.0,2.0,1.0,1.663009217420248
5.0,3.0,1.0,1.0,3.0,1.0,1.9211135209822903
5.0,3.0,1.0,1.0,3.0,2.0,2.2506114478440433
5.0,3.0,1.0,2.0,1.0,1.0,1.741050928163188
5.0,3.0,1.0,2.0,2.0,1.0,1.9270015400221012
5.0,3.0,1.0,2.0,3.0,3.0,2.39872762171073
5.0,3.0,1.0,3.0,1.0,1.0,1.9270016289395646
5.0,3.0,1.0,3.0,2.0,1.0,1.9270016484064292
5.0,3.0,1.0,3.0,3.0,1.0,2.119476109494543
5.0,3.0,1.0,3.0,3.0,3.0,2.795748167885253
5.0,3.0,1.0,4.0,1.0,1.0,2.1610841427467413
5.0,3.0,1.0,4.0,3.0,1.0,2.3707816332064615
5.0,3.0,1.0,4.0,3.0,4.0,3.0278281589665754
5.0,3.0,1.0,4.0,4.0,2.0,2.802404452415742
5.0,3.0,1.0,5.0,1.0,4.0,2.7334158759063985
5.0,3.0,1.0,5.0,3.0,1.0,2.3707817531521234
5.0,3.0,1.0,5.0,4.0,1.0,2.599116599174575
5.0,3.0,1.0,5.0,4.0,2.0,2.8024045703317606
5.0,3.0,1.0,5.0,4.0,4.0,3.134377286482022
5.0,3.0,1.0,5.0,5.0,5.0,3.4391352084781155
5.0,3.0,2.0,1.0,2.0,1.0,2.032672073497967
5.0,3.0,2.0,1.0,2.0,2.0,2.356978812733275
5.0,3.0,2.0,1.0,3.0,1.0,2.134796995752887
5.0,3.0,2.0,1.0,3.0,2.0,2.3569787625572847
5.0,3.0,2.0,1.0,4.0,2.0,2.566419809787623
5.0,3.0,2.0,2.0,2.0,1.0,2.285092039282499
5.0,3.0,2.0,2.0,2.0,2.0,2.436871879663579
5.0,3.0,2.0,2.0,3.0,1.0,2.3891366198659303
5.0,3.0,2.0,2.0,3.0,2.0,2.626170525150968
5.0,3.0,2.0,2.0,3.0,4.0,2.9419089983005913
5.0,3.0,2.0,2.0,4.0,3.0,2.859136573020018
5.0,3.0,2.0,3.0,1.0,1.0,2.2723958858127804
5.0,3.0,2.0,3.0,1.0,2.0,2.4994194617134533
5.0,3.0,2.0,3.0,1.0,3.0,2.7597530691560785
5.0,3.0,2.0,3.0,2.0,1.0,2.4952659238604333
5.0,3.0,2.0,3.0,2.0,2.0,2.6647361063116914
5.0,3.0,2.0,3.0,2.0,3.0,2.8477860814663774
5.0,3.0,2.0,3.0,2.0,4.0,3.0922040371030417
5.0,3.0,2.0,3.0,3.0,2.0,2.7514091807394125
5.0,3.0,2.0,3.0,3.0,3.0,2.9758983350678476
5.0,3.0,2.0,3.0,3.0,4.0,3.194328985862513
5.0,3.0,2.0,3.0,4.0,2.0,2.782058615026336
5.0,3.0,2.0,3.0,4.0,3.0,3.0974633447199946
5.0,3.0,2.0,3.0,5.0,5.0,3.4388755561639655
5.0,3.0,2.0,4.0,1.0,1.0,2.27239600532952
5.0,3.0,2.0,4.0,2.0,3.0,3.013215261603975
5.0,3.0,2.0,4.0,3.0,2.0,2.7514092810958877
5.0,3.0,2.0,4.0,3.0,3.0,3.0742845931118756
5.0,3.0,2.0,4.0,3.0,4.0,3.3784287376851765
5.0,3.0,2.0,4.0,4.0,1.0,2.8495812086207915
5.0,3.0,2.0,4.0,4.0,4.0,3.3784286588711936
5.0,3.0,2.0,4.0,4.0,5.0,3.514738919825657
5.0,3.0,2.0,4.0,5.0,3.0,3.281995058832749
5.0,3.0,2.0,5.0,1.0,3.0,2.876219974756403
5.0,3.0,2.0,5.0,2.0,2.0,2.6647365900311097
5.0,3.0,2.0,5.0,2.0,3.0,3.1229454891818063
5.0,3.0,2.0,5.0,3.0,1.0,2.710675107523095
5.0,3.0,2.0,5.0,3.0,3.0,3.1966365975822524
5.0,3.0,2.0,5.0,3.0,5.0,3.787004189343039
5.0,3.0,2.0,5.0,4.0,3.0,3.3271953047087264
5.0,3.0,2.0,5.0,4.0,4.0,3.505576639209407
5.0,3.0,2.0,5.0,4.0,5.0,3.7870038942142896
5.0,3.0,2.0,5.0,5.0,3.0,3.4029223785768443
5.0,3.0,2.0,5.0,5.0,4.0,3.662954327529716
5.0,3.0,2.0,5.0,5.0,5.0,3.7870036550577213
5.0,3.0,3.0,1.0,1.0,1.0,2.2451884739250056
5.0,3.0,3.0,1.0,1.0,2.0,2.473728547497677
5.0,3.0,3.0,1.0,2.0,1.0,2.2451888303885505
5.0,3.0,3.0,1.0,3.0,1.0,2.4834374487767925
5.0,3.0,3.0,1.0,3.0,2.0,2.5923278783779016
5.0,3.0,3.0,1.0,4.0,5.0,3.479395964876152
5.0,3.0,3.0,2.0,1.0,2.0,2.6573819602912847
5.0,3.0,3.0,2.0,1.0,3.0,2.894613974843768
5.0,3.0,3.0,2.0,2.0,1.0,2.5410215973092787
5.0,3.0,3.0,2.0,2.0,2.0,2.6573820873576235
5.0,3.0,3.0,2.0,2.0,3.0,3.0131707634068907
5.0,3.0,3.0,2.0,3.0,2.0,2.6804535786879757
5.0,3.0,3.0,2.0,3.0,3.0,3.0772931983898713
5.0,3.0,3.0,2.0,3.0,4.0,3.3001930375132766
5.0,3.0,3.0,2.0,4.0,2.0,2.8879226902161914
5.0,3.0,3.0,2.0,4.0,3.0,3.0772933606523942
5.0,3.0,3.0,2.0,5.0,4.0,3.504442821680966
5.0,3.0,3.0,3.0,1.0,1.0,2.504469994503857
5.0,3.0,3.0,3.0,1.0,3.0,2.894614323119651
5.0,3.0,3.0,3.0,2.0,2.0,2.940616336483406
5.0,3.0,3.0,3.0,2.0,3.0,3.084384670384915
5.0,3.0,3.0,3.0,3.0,1.0,2.708719815183144
5.0,3.0,3.0,3.0,3.0,2.0,2.940616509435198
5.0,3.0,3.0,3.0,3.0,3.0,3.168399866984569
5.0,3.0,3.0,3.0,3.0,4.0,3.5554718463907338
5.0,3.0,3.0,3.0,3.0,5.0,3.5929097980746243
5.0,3.0,3.0,3.0,4.0,2.0,3.1164184050961206
5.0,3.0,3.0,3.0,4.0,3.0,3.3303746867280033
5.0,3.0,3.0,3.0,4.0,4.0,3.555471846909501
5.0,3.0,3.0,3.0,5.0,3.0,3.4539820957360896
5.0,3.0,3.0,3.0,5.0,4.0,3.6612462883465096
5.0,3.0,3.0,4.0,1.0,3.0,2.894615191144487
5.0,3.0,3.0,4.0,2.0,1.0,2.7123169009106585
5.0,3.0,3.0,4.0,2.0,2.0,3.001455795165218
5.0,3.0,3.0,4.0,2.0,3.0,3.2005527707002868
5.0,3.0,3.0,4.0,2.0,4.0,3.320901950092464
5.0,3.0,3.0,4.0,3.0,2.0,3.056782943317624
5.0,3.0,3.0,4.0,3.0,3.0,3.4658463186038406
5.0,3.0,3.0,4.0,3.0,4.0,3.5898373319272383
5.0,3.0,3.0,4.0,3.0,5.0,3.96157490644869
5.0,3.0,3.0,4.0,4.0,2.0,3.2168111784551052
5.0,3.0,3.0,4.0,4.0,3.0,3.5898652581732593
5.0,3.0,3.0,4.0,4.0,4.0,3.900739871822434
5.0,3.0,3.0,4.0,4.0,5.0,4.117610368970757
5.0,3.0,3.0,4.0,5.0,1.0,3.1653896101055157
5.0,3.0,3.0,4.0,5.0,3.0,3.589865384666425
5.0,3.0,3.0,4.0,5.0,4.0,4.000012381212227
5.0,3.0,3.0,4.0,5.0,5.0,4.1966222113842475
5.0,3.0,3.0,5.0,1.0,1.0,2.720108736705938
5.0,3.0,3.0,5.0,1.0,5.0,3.438532387747549
5.0,3.0,3.0,5.0,2.0,2.0,3.1176945187625984
5.0,3.0,3.0,5.0,2.0,3.0,3.304884096786275
5.0,3.0,3.0,5.0,2.0,4.0,3.6383789638008963
5.0,3.0,3.0,5.0,3.0,1.0,3.2070535528070856
5.0,3.0,3.0,5.0,3.0,2.0,3.221786254961546
5.0,3.0,3.0,5.0,3.0,3.0,3.5048032584966653
5.0,3.0,3.0,5.0,3.0,4.0,3.8364700558619926
5.0,3.0,3.0,5.0,3.0,5.0,4.139945041726085
5.0,3.0,3.0,5.0,4.0,3.0,3.599319833558189
5.0,3.0,3.0,5.0,4.0,4.0,4.000012570752569
5.0,3.0,3.0,5.0,4.0,5.0,4.139945657616288
5.0,3.0,3.0,5.0,5.0,3.0,3.5993198535452557
5.0,3.0,3.0,5.0,5.0,4.0,4.0000125598467635
5.0,3.0,3.0,5.0,5.0,5.0,4.421864954193751
5.0,3.0,4.0,1.0,3.0,5.0,3.4463539717452316
5.0,3.0,4.0,1.0,4.0,2.0,3.1383873607412807
5.0,3.0,4.0,1.0,4.0,4.0,3.363581470619314
5.0,3.0,4.0,2.0,2.0,4.0,3.556352178145352
5.0,3.0,4.0,2.0,3.0,3.0,3.3289791760338896
5.0,3.0,4.0,2.0,4.0,3.0,3.4974900641272124
5.0,3.0,4.0,3.0,1.0,3.0,3.276071874707117
5.0,3.0,4.0,3.0,1.0,4.0,3.3647093478999825
5.0,3.0,4.0,3.0,2.0,3.0,3.2760720343435117
5.0,3.0,4.0,3.0,3.0,3.0,3.6510052490741414
5.0,3.0,4.0,3.0,3.0,4.0,3.7131280867819565
5.0,3.0,4.0,3.0,3.0,5.0,3.9511938156931317
5.0,3.0,4.0,3.0,4.0,2.0,3.354026112405359
5.0,3.0,4.0,3.0,4.0,3.0,3.651005345591755
5.0,3.0,4.0,3.0,4.0,4.0,3.9613745632668045
5.0,3.0,4.0,3.0,4.0,5.0,4.0465829863048235
5.0,3.0,4.0,3.0,5.0,3.0,3.8223892526260794
5.0,3.0,4.0,3.0,5.0,4.0,3.961374438845198
5.0,3.0,4.0,3.0,5.0,5.0,4.135806104707292
5.0,3.0,4.0,4.0,1.0,4.0,3.629787403104712
5.0,3.0,4.0,4.0,2.0,2.0,3.2575956688478227
5.0,3.0,4.0,4.0,2.0,3.0,3.512924749234716
5.0,3.0,4.0,4.0,2.0,4.0,3.6392740207627994
5.0,3.0,4.0,4.0,3.0,3.0,3.717414518044736
5.0,3.0,4.0,4.0,3.0,4.0,4.031447337940312
5.0,3.0,4.0,4.0,3.0,5.0,4.139943996598588
5.0,3.0,4.0,4.0,4.0,3.0,3.8736672220487898
5.0,3.0,4.0,4.0,4.0,4.0,4.0940985941797505
5.0,3.0,4.0,4.0,4.0,5.0,4.37578123887308
5.0,3.0,4.0,4.0,5.0,3.0,3.8802651364271217
5.0,3.0,4.0,4.0,5.0,4.0,4.227518137383749
5.0,3.0,4.0,4.0,5.0,5.0,4.480642370319743
5.0,3.0,4.0,5.0,2.0,3.0,3.6917865869590405
5.0,3.0,4.0,5.0,2.0,4.0,3.930244481764407
5.0,3.0,4.0,5.0,3.0,3.0,3.838853341044626
5.0,3.0,4.0,5.0,3.0,4.0,4.139944214842646
5.0,3.0,4.0,5.0,3.0,5.0,4.1399443965723535
5.0,3.0,4.0,5.0,4.0,3.0,3.9154851126785477
5.0,3.0,4.0,5.0,4.0,4.0,4.207803711866355
5.0,3.0,4.0,5.0,4.0,5.0,4.5484208912683055
5.0,3.0,4.0,5.0,5.0,3.0,4.067641127355142
5.0,3.0,4.0,5.0,5.0,4.0,4.346534701348769
5.0,3.0,4.0,5.0,5.0,5.0,4.5589251603643595
5.0,3.0,5.0,1.0,3.0,2.0,3.3193088347919986
5.0,3.0,5.0,1.0,3.0,3.0,3.319308847530628
5.0,3.0,5.0,1.0,4.0,3.0,3.6815687085825424
5.0,3.0,5.0,2.0,4.0,4.0,3.9742855255392096
5.0,3.0,5.0,3.0,1.0,2.0,3.261334915545298
5.0,3.0,5.0,3.0,1.0,3.0,3.4462321674735708
5.0,3.0,5.0,3.0,2.0,4.0,3.877855052183884
5.0,3.0,5.0,3.0,3.0,3.0,3.7540759702725555
5.0,3.0,5.0,3.0,3.0,4.0,3.885186671485945
5.0,3.0,5.0,3.0,4.0,2.0,3.6939194979898726
5.0,3.0,5.0,3.0,4.0,3.0,3.834846636333028
5.0,3.0,5.0,3.0,4.0,4.0,4.063687141440958
5.0,3.0,5.0,3.0,4.0,5.0,4.322694990747158
5.0,3.0,5.0,3.0,5.0,3.0,3.8348468417329107
5.0,3.0,5.0,3.0,5.0,4.0,4.163418731364052
5.0,3.0,5.0,3.0,5.0,5.0,4.369127133650037
5.0,3.0,5.0,4.0,1.0,3.0,3.599738103084948
5.0,3.0,5.0,4.0,1.0,4.0,3.8835494963267494
5.0,3.0,5.0,4.0,2.0,3.0,3.656176490115586
5.0,3.0,5.0,4.0,3.0,3.0,3.87311027902051
5.0,3.0,5.0,4.0,3.0,4.0,4.140672385952094
5.0,3.0,5.0,4.0,3.0,5.0,4.140672279831177
5.0,3.0,5.0,4.0,4.0,2.0,3.693919617818246
5.0,3.0,5.0,4.0,4.0,3.0,3.9211248328670343
5.0,3.0,5.0,4.0,4.0,4.0,4.344234107531042
5.0,3.0,5.0,4.0,4.0,5.0,4.47702419253172
5.0,3.0,5.0,4.0,5.0,3.0,4.125992801374233
5.0,3.0,5.0,4.0,5.0,4.0,4.3526885762043745
5.0,3.0,5.0,4.0,5.0,5.0,4.717976666564146
5.0,3.0,5.0,5.0,1.0,4.0,3.987954105383591
5.0,3.0,5.0,5.0,1.0,5.0,3.996547255050561
5.0,3.0,5.0,5.0,2.0,2.0,3.730959076248935
5.0,3.0,5.0,5.0,2.0,3.0,3.7639958877414728
5.0,3.0,5.0,5.0,2.0,4.0,4.047550841173495
5.0,3.0,5.0,5.0,2.0,5.0,4.2412224103522105
5.0,3.0,5.0,5.0,3.0,3.0,3.932697668616947
5.0,3.0,5.0,5.0,3.0,4.0,4.21085238623539
5.0,3.0,5.0,5.0,3.0,5.0,4.506971890697913
5.0,3.0,5.0,5.0,4.0,3.0,4.177523538824817
5.0,3.0,5.0,5.0,4.0,4.0,4.37903599762461
5.0,3.0,5.0,5.0,4.0,5.0,4.647528805462679
5.0,3.0,5.0,5.0,5.0,3.0,4.221658563155567
5.0,3.0,5.0,5.0,5.0,4.0,4.549739760998706
5.0,3.0,5.0,5.0,5.0,5.0,4.808174338270745
5.0,4.0,1.0,1.0,1.0,1.0,1.6202979253053702
5.0,4.0,1.0,1.0,3.0,2.0,2.3107199890861168
5.0,4.0,1.0,1.0,3.0,3.0,2.351016765913488
5.0,4.0,1.0,2.0,1.0,3.0,2.3213154303560644
5.0,4.0,1.0,2.0,2.0,1.0,1.9869165336975059
5.0,4.0,1.0,2.0,2.0,3.0,2.501311819555405
5.0,4.0,1.0,2.0,3.0,1.0,2.2336420276444313
5.0,4.0,1.0,3.0,1.0,3.0,2.321315557932189
5.0,4.0,1.0,3.0,2.0,2.0,2.568834431489723
5.0,4.0,1.0,3.0,2.0,3.0,2.609131207513074
5.0,4.0,1.0,3.0,3.0,1.0,2.415575201619418
5.0,4.0,1.0,3.0,4.0,2.0,2.6284836895708485
5.0,4.0,1.0,3.0,5.0,2.0,2.730608612190222
5.0,4.0,1.0,3.0,5.0,4.0,3.2750580742098045
5.0,4.0,1.0,4.0,3.0,3.0,2.8190755171783635
5.0,4.0,1.0,4.0,4.0,3.0,3.065801019730179
5.0,4.0,1.0,5.0,1.0,1.0,2.274350439480492
5.0,4.0,1.0,5.0,1.0,4.0,2.865296344037524
5.0,4.0,1.0,5.0,3.0,4.0,3.0278284217056455
5.0,4.0,1.0,5.0,4.0,1.0,2.659225097657419
5.0,4.0,1.0,5.0,5.0,5.0,3.4391354089363273
5.0,4.0,2.0,1.0,1.0,3.0,2.3604504087370253
5.0,4.0,2.0,1.0,2.0,2.0,2.3569790329985194
5.0,4.0,2.0,1.0,3.0,1.0,2.297260017016567
5.0,4.0,2.0,1.0,3.0,2.0,2.356979067896548
5.0,4.0,2.0,1.0,4.0,1.0,2.4416310162014736
5.0,4.0,2.0,2.0,1.0,1.0,2.243075651205469
5.0,4.0,2.0,2.0,1.0,2.0,2.427972997603694
5.0,4.0,2.0,2.0,1.0,4.0,2.7977677561568464
5.0,4.0,2.0,2.0,2.0,2.0,2.436872070680161
5.0,4.0,2.0,2.0,2.0,3.0,2.714995272668769
5.0,4.0,2.0,2.0,3.0,1.0,2.3891367400697323
5.0,4.0,2.0,2.0,3.0,2.0,2.67868526565064
5.0,4.0,2.0,2.0,4.0,3.0,2.9192451163242947
5.0,4.0,2.0,2.0,5.0,3.0,3.1316157305620074
5.0,4.0,2.0,3.0,1.0,1.0,2.3508950524445242
5.0,4.0,2.0,3.0,1.0,3.0,2.759753341288823
5.0,4.0,2.0,3.0,2.0,1.0,2.4952660678639877
5.0,4.0,2.0,3.0,2.0,2.0,2.7587496892973418
5.0,4.0,2.0,3.0,2.0,3.0,2.8477861889569285
5.0,4.0,2.0,3.0,3.0,1.0,2.70018440160952
5.0,4.0,2.0,3.0,3.0,2.0,2.7587497760349518
5.0,4.0,2.0,3.0,3.0,3.0,2.9758984869920697
5.0,4.0,2.0,3.0,4.0,1.0,2.7001844698839
5.0,4.0,2.0,3.0,4.0,2.0,2.951597153717673
5.0,4.0,2.0,3.0,4.0,3.0,3.2985192274760817
5.0,4.0,2.0,3.0,5.0,4.0,3.6032879107348394
5.0,4.0,2.0,4.0,1.0,1.0,2.458714443829132
5.0,4.0,2.0,4.0,1.0,2.0,2.4994196040886565
5.0,4.0,2.0,4.0,1.0,3.0,2.75975361383438
5.0,4.0,2.0,4.0,1.0,4.0,3.1580070547560615
5.0,4.0,2.0,4.0,2.0,2.0,2.7778585183105675
5.0,4.0,2.0,4.0,2.0,3.0,3.0657300087406645
5.0,4.0,2.0,4.0,2.0,4.0,3.203194770611513
5.0,4.0,2.0,4.0,3.0,1.0,2.807564852462338
5.0,4.0,2.0,4.0,3.0,3.0,3.204302309926618
5.0,4.0,2.0,4.0,3.0,4.0,3.3784289359032837
5.0,4.0,2.0,4.0,4.0,2.0,2.9612056494289836
5.0,4.0,2.0,4.0,4.0,3.0,3.298519238868543
5.0,4.0,2.0,4.0,4.0,4.0,3.616317370268862
5.0,4.0,2.0,4.0,5.0,2.0,3.1440509140739166
5.0,4.0,2.0,4.0,5.0,3.0,3.2985193959127455
5.0,4.0,2.0,4.0,5.0,4.0,3.668861220481883
5.0,4.0,2.0,5.0,1.0,3.0,3.0809291164293326
5.0,4.0,2.0,5.0,2.0,1.0,2.8368508025910613
5.0,4.0,2.0,5.0,2.0,2.0,2.9177780171878003
5.0,4.0,2.0,5.0,2.0,4.0,3.3711697802643847
5.0,4.0,2.0,5.0,3.0,3.0,3.2851789280720824
5.0,4.0,2.0,5.0,3.0,5.0,3.7870046790563703
5.0,4.0,2.0,5.0,4.0,2.0,3.0578059443436927
5.0,4.0,2.0,5.0,4.0,3.0,3.37097437174172
5.0,4.0,2.0,5.0,4.0,4.0,3.7225937367598982
5.0,4.0,2.0,5.0,4.0,5.0,4.094130938598402
5.0,4.0,2.0,5.0,5.0,3.0,3.442200910346774
5.0,4.0,2.0,5.0,5.0,4.0,3.7728592048332223
5.0,4.0,2.0,5.0,5.0,5.0,4.094130877967096
5.0,4.0,3.0,1.0,2.0,1.0,2.2451894669366483
5.0,4.0,3.0,1.0,2.0,2.0,2.6359619915234758
5.0,4.0,3.0,1.0,3.0,2.0,2.644842636123957
5.0,4.0,3.0,1.0,4.0,2.0,2.7340657772906454
5.0,4.0,3.0,1.0,4.0,3.0,3.164244887264073
5.0,4.0,3.0,1.0,4.0,4.0,3.2912999772729616
5.0,4.0,3.0,1.0,5.0,3.0,3.4849748435755545
5.0,4.0,3.0,2.0,2.0,2.0,2.823530143593366
5.0,4.0,3.0,2.0,2.0,4.0,3.2255606623002997
5.0,4.0,3.0,2.0,3.0,2.0,2.959274624889563
5.0,4.0,3.0,2.0,3.0,3.0,3.0871705195648977
5.0,4.0,3.0,2.0,3.0,4.0,3.391639742484298
5.0,4.0,3.0,2.0,4.0,2.0,3.116418511899002
5.0,4.0,3.0,2.0,4.0,3.0,3.164245075286104
5.0,4.0,3.0,2.0,4.0,4.0,3.5303397139771335
5.0,4.0,3.0,2.0,5.0,3.0,3.484975114861796
5.0,4.0,3.0,2.0,5.0,4.0,3.666942469262704
5.0,4.0,3.0,3.0,1.0,1.0,2.6893903095127296
5.0,4.0,3.0,3.0,1.0,2.0,2.7103122490647533
5.0,4.0,3.0,3.0,1.0,3.0,3.1525925928646914
5.0,4.0,3.0,3.0,2.0,2.0,2.9592749512724015
5.0,4.0,3.0,3.0,2.0,3.0,3.1525927008220345
5.0,4.0,3.0,3.0,2.0,4.0,3.357644105014608
5.0,4.0,3.0,3.0,3.0,1.0,2.9134289230982318
5.0,4.0,3.0,3.0,3.0,2.0,2.9592748628662098
5.0,4.0,3.0,3.0,3.0,3.0,3.2850163715969893
5.0,4.0,3.0,3.0,3.0,4.0,3.607383494594924
5.0,4.0,3.0,3.0,4.0,2.0,3.116418568555016
5.0,4.0,3.0,3.0,4.0,3.0,3.451432946139515
5.0,4.0,3.0,3.0,4.0,4.0,3.7144711859035455
5.0,4.0,3.0,3.0,4.0,5.0,3.810070821655625
5.0,4.0,3.0,3.0,5.0,2.0,3.302576092031963
5.0,4.0,3.0,3.0,5.0,3.0,3.4932926419202026
5.0,4.0,3.0,3.0,5.0,4.0,3.9239764688977106
5.0,4.0,3.0,3.0,5.0,5.0,4.085646166471452
5.0,4.0,3.0,4.0,1.0,2.0,2.898354761727901
5.0,4.0,3.0,4.0,1.0,3.0,3.1525926689738486
5.0,4.0,3.0,4.0,2.0,2.0,3.001455980180363
5.0,4.0,3.0,4.0,2.0,3.0,3.2005529671172765
5.0,4.0,3.0,4.0,2.0,4.0,3.3576442458567257
5.0,4.0,3.0,4.0,3.0,2.0,3.05678335780016
5.0,4.0,3.0,4.0,3.0,3.0,3.4658466988589396
5.0,4.0,3.0,4.0,3.0,4.0,3.958806380052553
5.0,4.0,3.0,4.0,3.0,5.0,3.9615750532577407
5.0,4.0,3.0,4.0,4.0,2.0,3.3650740110690776
5.0,4.0,3.0,4.0,4.0,3.0,3.5898648006874496
5.0,4.0,3.0,4.0,4.0,4.0,4.076527486232765
5.0,4.0,3.0,4.0,4.0,5.0,4.288355128790094
5.0,4.0,3.0,4.0,5.0,2.0,3.3650741044234005
5.0,4.0,3.0,4.0,5.0,3.0,3.6841284050242917
5.0,4.0,3.0,4.0,5.0,4.0,4.122003982623093
5.0,4.0,3.0,4.0,5.0,5.0,4.288355220263845
5.0,4.0,3.0,5.0,1.0,3.0,3.2573934204303012
5.0,4.0,3.0,5.0,1.0,4.0,3.2925993270880203
5.0,4.0,3.0,5.0,2.0,2.0,3.211840143552411
5.0,4.0,3.0,5.0,2.0,3.0,3.5599018329664527
5.0,4.0,3.0,5.0,2.0,4.0,3.640857025561779
5.0,4.0,3.0,5.0,2.0,5.0,3.6601176013960446
5.0,4.0,3.0,5.0,3.0,3.0,3.634750053035682
5.0,4.0,3.0,5.0,3.0,4.0,3.994140982167849
5.0,4.0,3.0,5.0,3.0,5.0,4.241888026503231
5.0,4.0,3.0,5.0,4.0,2.0,3.4029224611089224
5.0,4.0,3.0,5.0,4.0,3.0,3.6841282384156178
5.0,4.0,3.0,5.0,4.0,4.0,4.256984457850332
5.0,4.0,3.0,5.0,4.0,5.0,4.507162010663268
5.0,4.0,3.0,5.0,5.0,1.0,3.2070540571422104
5.0,4.0,3.0,5.0,5.0,2.0,3.4029225444503215
5.0,4.0,3.0,5.0,5.0,3.0,3.6841284472222986
5.0,4.0,3.0,5.0,5.0,4.0,4.313240830957506
5.0,4.0,3.0,5.0,5.0,5.0,4.6047524062175595
5.0,4.0,4.0,1.0,1.0,1.0,2.562623209478097
5.0,4.0,4.0,1.0,3.0,2.0,3.1494720587988896
5.0,4.0,4.0,1.0,3.0,3.0,3.149472125571144
5.0,4.0,4.0,1.0,3.0,4.0,3.321565092565569
5.0,4.0,4.0,1.0,3.0,5.0,3.506462421147975
5.0,4.0,4.0,1.0,4.0,3.0,3.361215642493155
5.0,4.0,4.0,1.0,5.0,5.0,4.144514048480335
5.0,4.0,4.0,2.0,3.0,1.0,3.019293013000334
5.0,4.0,4.0,2.0,3.0,2.0,3.1618677363250685
5.0,4.0,4.0,2.0,3.0,4.0,3.60925005446035
5.0,4.0,4.0,2.0,4.0,2.0,3.161867737197334
5.0,4.0,4.0,2.0,4.0,3.0,3.4974901723352003
5.0,4.0,4.0,2.0,4.0,4.0,3.6092501295359014
5.0,4.0,4.0,2.0,5.0,2.0,3.408440190410729
5.0,4.0,4.0,2.0,5.0,3.0,3.73793810193952
5.0,4.0,4.0,2.0,5.0,4.0,3.8956748648415704
5.0,4.0,4.0,3.0,2.0,2.0,3.2981701336815545
5.0,4.0,4.0,3.0,2.0,3.0,3.2981702620654136
5.0,4.0,4.0,3.0,2.0,4.0,3.6327799892490487
5.0,4.0,4.0,3.0,3.0,2.0,3.398925738051471
5.0,4.0,4.0,3.0,3.0,3.0,3.6510056541155964
5.0,4.0,4.0,3.0,3.0,4.0,3.8821994529445645
5.0,4.0,4.0,3.0,3.0,5.0,4.136207389854879
5.0,4.0,4.0,3.0,4.0,2.0,3.43339677430478
5.0,4.0,4.0,3.0,4.0,3.0,3.651005786750811
5.0,4.0,4.0,3.0,4.0,4.0,4.012200196526749
5.0,4.0,4.0,3.0,4.0,5.0,4.163474251318948
5.0,4.0,4.0,3.0,5.0,2.0,3.5094783794478706
5.0,4.0,4.0,3.0,5.0,3.0,3.822389629393373
5.0,4.0,4.0,3.0,5.0,4.0,4.01220020597439
5.0,4.0,4.0,3.0,5.0,5.0,4.319254373482493
5.0,4.0,4.0,4.0,1.0,4.0,3.6297877718526874
5.0,4.0,4.0,4.0,2.0,2.0,3.2981702197355296
5.0,4.0,4.0,4.0,2.0,3.0,3.543472040535954
5.0,4.0,4.0,4.0,2.0,4.0,3.760551981357273
5.0,4.0,4.0,4.0,2.0,5.0,4.119351319059613
5.0,4.0,4.0,4.0,3.0,1.0,3.0789196752775894
5.0,4.0,4.0,4.0,3.0,3.0,3.825924334318539
5.0,4.0,4.0,4.0,3.0,4.0,4.12788610292504
5.0,4.0,4.0,4.0,3.0,5.0,4.166934730489894
5.0,4.0,4.0,4.0,4.0,2.0,3.6548217767540483
5.0,4.0,4.0,4.0,4.0,3.0,3.880265765269343
5.0,4.0,4.0,4.0,4.0,4.0,4.275331928977551
5.0,4.0,4.0,4.0,4.0,5.0,4.459716931621668
5.0,4.0,4.0,4.0,5.0,2.0,3.7878014783997833
5.0,4.0,4.0,4.0,5.0,3.0,3.8802654666930887
5.0,4.0,4.0,4.0,5.0,4.0,4.289751891685006
5.0,4.0,4.0,4.0,5.0,5.0,4.650826008290015
5.0,4.0,4.0,5.0,1.0,2.0,3.1787980518003187
5.0,4.0,4.0,5.0,1.0,3.0,3.5974707185723287
5.0,4.0,4.0,5.0,1.0,4.0,3.629788066361335
5.0,4.0,4.0,5.0,1.0,5.0,3.9325339308125797
5.0,4.0,4.0,5.0,2.0,3.0,3.6917867205379955
5.0,4.0,4.0,5.0,2.0,4.0,4.041888407320954
5.0,4.0,4.0,5.0,2.0,5.0,4.1200535355773775
5.0,4.0,4.0,5.0,3.0,2.0,3.5276485106503883
5.0,4.0,4.0,5.0,3.0,3.0,3.903352485883285
5.0,4.0,4.0,5.0,3.0,4.0,4.236282616403762
5.0,4.0,4.0,5.0,3.0,5.0,4.520291119941125
5.0,4.0,4.0,5.0,4.0,2.0,3.65482189620018
5.0,4.0,4.0,5.0,4.0,3.0,3.973798487056263
5.0,4.0,4.0,5.0,4.0,4.0,4.372100170843801
5.0,4.0,4.0,5.0,4.0,5.0,4.677247729873211
5.0,4.0,4.0,5.0,5.0,2.0,3.8764989289277576
5.0,4.0,4.0,5.0,5.0,3.0,4.094309582559521
5.0,4.0,4.0,5.0,5.0,4.0,4.4758363247565685
5.0,4.0,4.0,5.0,5.0,5.0,4.775475444753764
5.0,4.0,5.0,1.0,2.0,2.0,3.0633289401882404
5.0,4.0,5.0,1.0,5.0,5.0,4.249469841733896
5.0,4.0,5.0,2.0,2.0,2.0,3.315748950884842
5.0,4.0,5.0,2.0,4.0,3.0,3.704896057526155
5.0,4.0,5.0,2.0,5.0,3.0,3.807020988157461
5.0,4.0,5.0,2.0,5.0,5.0,4.2494699908848474
5.0,4.0,5.0,3.0,2.0,2.0,3.3900956249749767
5.0,4.0,5.0,3.0,3.0,3.0,3.7540764344342055
5.0,4.0,5.0,3.0,3.0,4.0,4.164945507502692
5.0,4.0,5.0,3.0,4.0,2.0,3.7285600318429046
5.0,4.0,5.0,3.0,4.0,3.0,3.834847780463801
5.0,4.0,5.0,3.0,4.0,4.0,4.1649457111294526
5.0,4.0,5.0,3.0,4.0,5.0,4.322695188407615
5.0,4.0,5.0,3.0,5.0,3.0,3.8348474044914536
5.0,4.0,5.0,3.0,5.0,4.0,4.205952024716062
5.0,4.0,5.0,3.0,5.0,5.0,4.467190606957198
5.0,4.0,5.0,4.0,2.0,2.0,3.5313876780019258
5.0,4.0,5.0,4.0,2.0,3.0,3.7521278305431545
5.0,4.0,5.0,4.0,2.0,4.0,4.039999315131988
5.0,4.0,5.0,4.0,3.0,2.0,3.6862510570773033
5.0,4.0,5.0,4.0,3.0,3.0,3.8731105999921036
5.0,4.0,5.0,4.0,3.0,4.0,4.2425815521251256
5.0,4.0,5.0,4.0,3.0,5.0,4.277078103533922
5.0,4.0,5.0,4.0,4.0,2.0,3.880238095963527
5.0,4.0,5.0,4.0,4.0,3.0,4.03460432495399
5.0,4.0,5.0,4.0,4.0,4.0,4.35811578577158
5.0,4.0,5.0,4.0,4.0,5.0,4.705750320413801
5.0,4.0,5.0,4.0,5.0,3.0,4.125993315800937
5.0,4.0,5.0,4.0,5.0,4.0,4.4576244982867985
5.0,4.0,5.0,4.0,5.0,5.0,4.717977373546111
5.0,4.0,5.0,5.0,2.0,3.0,3.846326022841563
5.0,4.0,5.0,5.0,2.0,4.0,4.047551291388226
5.0,4.0,5.0,5.0,2.0,5.0,4.241222672491991
5.0,4.0,5.0,5.0,3.0,2.0,3.741331999164805
5.0,4.0,5.0,5.0,3.0,3.0,4.035200476141657
5.0,4.0,5.0,5.0,3.0,4.0,4.242581720868702
5.0,4.0,5.0,5.0,3.0,5.0,4.5202911419937495
5.0,4.0,5.0,5.0,4.0,3.0,4.1775238169921005
5.0,4.0,5.0,5.0,4.0,4.0,4.56078547714985
5.0,4.0,5.0,5.0,4.0,5.0,4.806091704455214
5.0,4.0,5.0,5.0,5.0,2.0,4.077528569615426
5.0,4.0,5.0,5.0,5.0,3.0,4.221659181711416
5.0,4.0,5.0,5.0,5.0,4.0,4.631326385492473
5.0,4.0,5.0,5.0,5.0,5.0,4.891810682099809
5.0,5.0,1.0,1.0,1.0,1.0,1.6202980894803871
5.0,5.0,1.0,1.0,1.0,2.0,2.126979575277566
5.0,5.0,1.0,1.0,2.0,1.0,1.9914976074670876
5.0,5.0,1.0,1.0,2.0,2.0,2.1269796498517852
5.0,5.0,1.0,1.0,3.0,1.0,1.9914976861778424
5.0,5.0,1.0,1.0,4.0,3.0,2.657850750445263
5.0,5.0,1.0,2.0,1.0,1.0,1.9518612033284706
5.0,5.0,1.0,3.0,1.0,1.0,2.046059340086666
5.0,5.0,1.0,3.0,1.0,2.0,2.3822174719607436
5.0,5.0,1.0,3.0,3.0,1.0,2.4155754513572028
5.0,5.0,1.0,3.0,3.0,2.0,2.7310678774297275
5.0,5.0,1.0,3.0,4.0,1.0,2.4155756556191834
5.0,5.0,1.0,3.0,5.0,4.0,3.275058221454594
5.0,5.0,1.0,4.0,1.0,1.0,2.1610844261400026
5.0,5.0,1.0,4.0,2.0,2.0,2.5921617838388338
5.0,5.0,1.0,4.0,5.0,3.0,3.0834338666356707
5.0,5.0,1.0,4.0,5.0,5.0,3.806014364020561
5.0,5.0,1.0,5.0,1.0,1.0,2.274351145429946
5.0,5.0,1.0,5.0,1.0,2.0,2.5978562750493195
5.0,5.0,1.0,5.0,1.0,3.0,2.782753606353026
5.0,5.0,1.0,5.0,1.0,4.0,2.865296486992483
5.0,5.0,1.0,5.0,2.0,1.0,2.515083820231082
5.0,5.0,1.0,5.0,4.0,3.0,3.233728962442845
5.0,5.0,1.0,5.0,4.0,5.0,3.6536110254332685
5.0,5.0,1.0,5.0,5.0,1.0,2.8214585926881077
5.0,5.0,1.0,5.0,5.0,4.0,3.665351787648512
5.0,5.0,1.0,5.0,5.0,5.0,3.806014039835897
5.0,5.0,2.0,1.0,1.0,1.0,2.0443512948768454
5.0,5.0,2.0,1.0,1.0,5.0,3.3687560640972882
5.0,5.0,2.0,1.0,2.0,1.0,2.1335744293480494
5.0,5.0,2.0,1.0,2.0,2.0,2.482387073705896
5.0,5.0,2.0,1.0,2.0,3.0,2.6460465641208284
5.0,5.0,2.0,1.0,3.0,1.0,2.297260160090229
5.0,5.0,2.0,1.0,3.0,3.0,2.6460466386228507
5.0,5.0,2.0,1.0,4.0,1.0,2.501739582409497
5.0,5.0,2.0,2.0,1.0,1.0,2.3031841817422634
5.0,5.0,2.0,2.0,2.0,1.0,2.405309077066105
5.0,5.0,2.0,2.0,2.0,2.0,2.641976885429268
5.0,5.0,2.0,2.0,2.0,3.0,2.919704392146466
5.0,5.0,2.0,2.0,3.0,2.0,2.761349384876837
5.0,5.0,2.0,2.0,3.0,3.0,3.1316156931236625
5.0,5.0,2.0,2.0,5.0,2.0,3.0411817779571244
5.0,5.0,2.0,2.0,5.0,3.0,3.1316158117730253
5.0,5.0,2.0,2.0,5.0,5.0,3.740474405654923
5.0,5.0,2.0,3.0,1.0,1.0,2.4110035824319302
5.0,5.0,2.0,3.0,2.0,2.0,2.7657664074234547
5.0,5.0,2.0,3.0,3.0,1.0,2.759854009241848
5.0,5.0,2.0,3.0,3.0,2.0,2.9515972663260146
5.0,5.0,2.0,3.0,4.0,2.0,2.951597277406142
5.0,5.0,2.0,3.0,4.0,3.0,3.298519496599462
5.0,5.0,2.0,3.0,4.0,4.0,3.41667095829276
5.0,5.0,2.0,3.0,5.0,3.0,3.3711589753012534
5.0,5.0,2.0,4.0,2.0,2.0,2.917778100115113
5.0,5.0,2.0,4.0,2.0,4.0,3.203194897457836
5.0,5.0,2.0,4.0,3.0,3.0,3.204302515866927
5.0,5.0,2.0,4.0,3.0,4.0,3.5055782158792526
5.0,5.0,2.0,4.0,3.0,5.0,3.7518633469662186
5.0,5.0,2.0,4.0,4.0,2.0,3.119993038843656
5.0,5.0,2.0,4.0,4.0,3.0,3.298519735692125
5.0,5.0,2.0,4.0,4.0,4.0,3.616317626557502
5.0,5.0,2.0,4.0,5.0,2.0,3.1440510319224937
5.0,5.0,2.0,4.0,5.0,3.0,3.586318499444377
5.0,5.0,2.0,4.0,5.0,4.0,3.668861364324217
5.0,5.0,2.0,4.0,5.0,5.0,3.9561131865884174
5.0,5.0,2.0,5.0,1.0,2.0,2.811539731804342
5.0,5.0,2.0,5.0,1.0,3.0,3.1093989602638508
5.0,5.0,2.0,5.0,1.0,5.0,3.457128785356247
5.0,5.0,2.0,5.0,2.0,2.0,2.9177781358018073
5.0,5.0,2.0,5.0,2.0,3.0,3.338775726029593
5.0,5.0,2.0,5.0,2.0,4.0,3.371169903652203
5.0,5.0,2.0,5.0,3.0,2.0,3.124410055430314
5.0,5.0,2.0,5.0,3.0,3.0,3.427998861621822
5.0,5.0,2.0,5.0,3.0,4.0,3.5055779196668224
5.0,5.0,2.0,5.0,3.0,5.0,3.787005071905766
5.0,5.0,2.0,5.0,4.0,3.0,3.6499062243454055
5.0,5.0,2.0,5.0,4.0,4.0,3.7225938219736268
5.0,5.0,2.0,5.0,4.0,5.0,4.094130970103539
5.0,5.0,2.0,5.0,5.0,1.0,3.0351419901733037
5.0,5.0,2.0,5.0,5.0,2.0,3.4029227714060015
5.0,5.0,2.0,5.0,5.0,3.0,3.6546349632513775
5.0,5.0,2.0,5.0,5.0,4.0,3.9233615351359816
5.0,5.0,2.0,5.0,5.0,5.0,4.371113754145511
5.0,5.0,3.0,1.0,1.0,1.0,2.483437802409287
5.0,5.0,3.0,1.0,1.0,2.0,2.7173083236591835
5.0,5.0,3.0,1.0,2.0,2.0,2.7173083982483845
5.0,5.0,3.0,1.0,3.0,1.0,2.483437806577716
5.0,5.0,3.0,1.0,3.0,2.0,3.064353260545164
5.0,5.0,3.0,1.0,3.0,3.0,3.253027821864241
5.0,5.0,3.0,1.0,4.0,1.0,2.5708224625633647
5.0,5.0,3.0,1.0,4.0,4.0,3.2913001319639914
5.0,5.0,3.0,1.0,5.0,1.0,2.8126992441861156
5.0,5.0,3.0,1.0,5.0,2.0,3.147045845045486
5.0,5.0,3.0,1.0,5.0,4.0,3.661441137068562
5.0,5.0,3.0,2.0,1.0,2.0,2.8235301978114995
5.0,5.0,3.0,2.0,2.0,2.0,2.8235302453512228
5.0,5.0,3.0,2.0,3.0,1.0,2.7211174859379197
5.0,5.0,3.0,2.0,3.0,2.0,3.064353399813335
5.0,5.0,3.0,2.0,3.0,3.0,3.2530279697018156
5.0,5.0,3.0,2.0,4.0,2.0,3.1527403359434856
5.0,5.0,3.0,2.0,4.0,3.0,3.421315765754521
5.0,5.0,3.0,2.0,4.0,4.0,3.666942587675335
5.0,5.0,3.0,2.0,4.0,5.0,3.852032941555167
5.0,5.0,3.0,2.0,5.0,1.0,2.812699371696044
5.0,5.0,3.0,2.0,5.0,3.0,3.484975408291092
5.0,5.0,3.0,2.0,5.0,4.0,3.6669426028867536
5.0,5.0,3.0,2.0,5.0,5.0,3.9644412049830247
5.0,5.0,3.0,3.0,1.0,1.0,2.689390483892158
5.0,5.0,3.0,3.0,1.0,2.0,2.8336402947402837
5.0,5.0,3.0,3.0,1.0,3.0,3.1525926473265913
5.0,5.0,3.0,3.0,2.0,2.0,2.9592751526618364
5.0,5.0,3.0,3.0,2.0,3.0,3.1870982650353117
5.0,5.0,3.0,3.0,2.0,5.0,3.6110019111935805
5.0,5.0,3.0,3.0,3.0,1.0,2.9768806471184783
5.0,5.0,3.0,3.0,3.0,2.0,3.279365266771245
5.0,5.0,3.0,3.0,3.0,3.0,3.285016550459249
5.0,5.0,3.0,3.0,3.0,4.0,3.7141623072162773
5.0,5.0,3.0,3.0,4.0,2.0,3.35397525890619
5.0,5.0,3.0,3.0,4.0,3.0,3.470677432362669
5.0,5.0,3.0,3.0,4.0,4.0,3.7821566158864623
5.0,5.0,3.0,3.0,4.0,5.0,4.081021168670539
5.0,5.0,3.0,3.0,5.0,1.0,3.0331867081921144
5.0,5.0,3.0,3.0,5.0,3.0,3.5635435630078356
5.0,5.0,3.0,3.0,5.0,4.0,3.9239766011233357
5.0,5.0,3.0,3.0,5.0,5.0,4.085646327965817
5.0,5.0,3.0,4.0,1.0,1.0,2.712317332536409
5.0,5.0,3.0,4.0,1.0,3.0,3.246901726016483
5.0,5.0,3.0,4.0,1.0,4.0,3.385534158359004
5.0,5.0,3.0,4.0,1.0,5.0,3.6667610907337918
5.0,5.0,3.0,4.0,2.0,1.0,2.712317235095393
5.0,5.0,3.0,4.0,2.0,2.0,3.164129289818425
5.0,5.0,3.0,4.0,2.0,3.0,3.3171782057941486
5.0,5.0,3.0,4.0,2.0,4.0,3.613104361774266
5.0,5.0,3.0,4.0,2.0,5.0,3.8008835851796086
5.0,5.0,3.0,4.0,3.0,2.0,3.27936539898844
5.0,5.0,3.0,4.0,3.0,3.0,3.4658470974270714
5.0,5.0,3.0,4.0,3.0,4.0,4.013834962667527
5.0,5.0,3.0,4.0,3.0,5.0,4.161395751752582
5.0,5.0,3.0,4.0,4.0,2.0,3.4029225679410913
5.0,5.0,3.0,4.0,4.0,3.0,3.589863799491855
5.0,5.0,3.0,4.0,4.0,4.0,4.129916877823311
5.0,5.0,3.0,4.0,4.0,5.0,4.396602025370796
5.0,5.0,3.0,4.0,5.0,2.0,3.402922668784114
5.0,5.0,3.0,4.0,5.0,3.0,3.8301274075534404
5.0,5.0,3.0,4.0,5.0,4.0,4.153595252124771
5.0,5.0,3.0,4.0,5.0,5.0,4.430263806604557
5.0,5.0,3.0,5.0,1.0,2.0,2.898355038118211
5.0,5.0,3.0,5.0,1.0,4.0,3.385534269914098
5.0,5.0,3.0,5.0,1.0,5.0,3.6667611819344312
5.0,5.0,3.0,5.0,2.0,2.0,3.2375925930115903
5.0,5.0,3.0,5.0,2.0,3.0,3.559901954637317
5.0,5.0,3.0,5.0,2.0,4.0,3.6408572224581714
5.0,5.0,3.0,5.0,2.0,5.0,3.8008836268631976
5.0,5.0,3.0,5.0,3.0,2.0,3.290158967479658
5.0,5.0,3.0,5.0,3.0,3.0,3.6399865381788645
5.0,5.0,3.0,5.0,3.0,4.0,4.152621644638306
5.0,5.0,3.0,5.0,3.0,5.0,4.256805751177562
5.0,5.0,3.0,5.0,4.0,2.0,3.4029226600760314
5.0,5.0,3.0,5.0,4.0,3.0,3.684128193680042
5.0,5.0,3.0,5.0,4.0,4.0,4.256984627805782
5.0,5.0,3.0,5.0,4.0,5.0,4.507162249633709
5.0,5.0,3.0,5.0,5.0,1.0,3.2070544654384663
5.0,5.0,3.0,5.0,5.0,2.0,3.402922710912968
5.0,5.0,3.0,5.0,5.0,3.0,3.9285585210974476
5.0,5.0,3.0,5.0,5.0,4.0,4.356890086707773
5.0,5.0,3.0,5.0,5.0,5.0,4.714036906608371
5.0,5.0,4.0,1.0,3.0,3.0,3.3413768409373112
5.0,5.0,4.0,1.0,4.0,2.0,3.149472245239619
5.0,5.0,4.0,1.0,4.0,3.0,3.3612158394429787
5.0,5.0,4.0,1.0,4.0,4.0,3.628399108432587
5.0,5.0,4.0,1.0,5.0,5.0,4.178771982542589
5.0,5.0,4.0,2.0,1.0,2.0,3.0600490624082006
5.0,5.0,4.0,2.0,1.0,3.0,3.244946399851703
5.0,5.0,4.0,2.0,1.0,4.0,3.4298437684253726
5.0,5.0,4.0,2.0,2.0,3.0,3.5831910067184047
5.0,5.0,4.0,2.0,2.0,4.0,3.6553313657883084
5.0,5.0,4.0,2.0,3.0,2.0,3.1618678787040184
5.0,5.0,4.0,2.0,3.0,3.0,3.583191130612204
5.0,5.0,4.0,2.0,3.0,4.0,3.655331440479374
5.0,5.0,4.0,2.0,4.0,3.0,3.583191313553807
5.0,5.0,4.0,2.0,4.0,4.0,3.8808190713159303
5.0,5.0,4.0,2.0,5.0,3.0,3.8223900272866795
5.0,5.0,4.0,2.0,5.0,4.0,3.8956750226975476
5.0,5.0,4.0,2.0,5.0,5.0,4.272970206105347
5.0,5.0,4.0,3.0,1.0,3.0,3.3527657919118727
5.0,5.0,4.0,3.0,2.0,3.0,3.583191062724022
5.0,5.0,4.0,3.0,2.0,4.0,3.760551926669965
5.0,5.0,4.0,3.0,3.0,2.0,3.4008056675560745
5.0,5.0,4.0,3.0,3.0,3.0,3.65100590943488
5.0,5.0,4.0,3.0,3.0,4.0,3.8821996196627415
5.0,5.0,4.0,3.0,4.0,2.0,3.480021218284382
5.0,5.0,4.0,3.0,4.0,3.0,3.651006123135743
5.0,5.0,4.0,3.0,4.0,4.0,4.042778700472454
5.0,5.0,4.0,3.0,4.0,5.0,4.2467700751682695
5.0,5.0,4.0,3.0,5.0,2.0,3.5094785394889767
5.0,5.0,4.0,3.0,5.0,3.0,3.822390055080109
5.0,5.0,4.0,3.0,5.0,4.0,4.094129547992511
5.0,5.0,4.0,3.0,5.0,5.0,4.319254552888073
5.0,5.0,4.0,4.0,1.0,3.0,3.4605851885480443
5.0,5.0,4.0,4.0,1.0,4.0,3.7605520145361457
5.0,5.0,4.0,4.0,2.0,1.0,3.0483148746321445
5.0,5.0,4.0,4.0,2.0,2.0,3.3778127501566106
5.0,5.0,4.0,4.0,2.0,3.0,3.6389576247247932
5.0,5.0,4.0,4.0,2.0,4.0,3.7605520496057236
5.0,5.0,4.0,4.0,2.0,5.0,4.119351463057306
5.0,5.0,4.0,4.0,3.0,2.0,3.435582053522871
5.0,5.0,4.0,4.0,3.0,3.0,3.9097375682849154
5.0,5.0,4.0,4.0,3.0,4.0,4.201892043193926
5.0,5.0,4.0,4.0,3.0,5.0,4.27934850015994
5.0,5.0,4.0,4.0,4.0,2.0,3.654821923236413
5.0,5.0,4.0,4.0,4.0,3.0,3.9494064556642687
5.0,5.0,4.0,4.0,4.0,4.0,4.339471527115737
5.0,5.0,4.0,4.0,4.0,5.0,4.67454092617469
5.0,5.0,4.0,4.0,5.0,2.0,3.7878016244830244
5.0,5.0,4.0,4.0,5.0,3.0,4.041963622541603
5.0,5.0,4.0,4.0,5.0,4.0,4.398789747750963
5.0,5.0,4.0,4.0,5.0,5.0,4.675084720526582
5.0,5.0,4.0,5.0,1.0,3.0,3.597470872462329
5.0,5.0,4.0,5.0,1.0,4.0,3.808642658108596
5.0,5.0,4.0,5.0,1.0,5.0,3.9325340834341493
5.0,5.0,4.0,5.0,2.0,2.0,3.654822010282654
5.0,5.0,4.0,5.0,2.0,3.0,3.6925401165965703
5.0,5.0,4.0,5.0,2.0,4.0,4.041888567077294
5.0,5.0,4.0,5.0,2.0,5.0,4.120053649703446
5.0,5.0,4.0,5.0,3.0,1.0,3.2582591064723796
5.0,5.0,4.0,5.0,3.0,3.0,3.96499577846623
5.0,5.0,4.0,5.0,3.0,4.0,4.236282935225796
5.0,5.0,4.0,5.0,3.0,5.0,4.5777033669554985
5.0,5.0,4.0,5.0,4.0,2.0,3.6548220384431924
5.0,5.0,4.0,5.0,4.0,3.0,4.065892033110317
5.0,5.0,4.0,5.0,4.0,4.0,4.525650350462603
5.0,5.0,4.0,5.0,4.0,5.0,4.777091110928284
5.0,5.0,4.0,5.0,5.0,1.0,3.6005154193733566
5.0,5.0,4.0,5.0,5.0,2.0,3.9366074631482504
5.0,5.0,4.0,5.0,5.0,3.0,4.116667913031747
5.0,5.0,4.0,5.0,5.0,4.0,4.593429740219646
5.0,5.0,4.0,5.0,5.0,5.0,4.863398428402478
5.0,5.0,5.0,1.0,5.0,5.0,4.29174637992316
5.0,5.0,5.0,2.0,2.0,2.0,3.3900958431460997
5.0,5.0,5.0,2.0,2.0,3.0,3.6833470961609946
5.0,5.0,5.0,2.0,3.0,1.0,3.1484845239108368
5.0,5.0,5.0,2.0,3.0,4.0,3.992377619038516
5.0,5.0,5.0,2.0,3.0,5.0,4.177274982121238
5.0,5.0,5.0,2.0,4.0,3.0,3.705557533519297
5.0,5.0,5.0,2.0,5.0,3.0,4.010248368309385
5.0,5.0,5.0,2.0,5.0,4.0,4.0454542691592295
5.0,5.0,5.0,2.0,5.0,5.0,4.561310703294532
5.0,5.0,5.0,3.0,2.0,1.0,3.15417911903924
5.0,5.0,5.0,3.0,2.0,2.0,3.3900957961864284
5.0,5.0,5.0,3.0,2.0,3.0,3.6833473146218823
5.0,5.0,5.0,3.0,2.0,5.0,4.143787181162733
5.0,5.0,5.0,3.0,3.0,2.0,3.6381287966030076
5.0,5.0,5.0,3.0,3.0,3.0,3.7540769098351268
5.0,5.0,5.0,3.0,3.0,4.0,4.20839189061155
5.0,5.0,5.0,3.0,3.0,5.0,4.424034523081244
5.0,5.0,5.0,3.0,4.0,3.0,3.8348491849685797
5.0,5.0,5.0,3.0,4.0,4.0,4.208392132452369
5.0,5.0,5.0,3.0,4.0,5.0,4.424034673186161
5.0,5.0,5.0,3.0,5.0,2.0,3.7285602770987327
5.0,5.0,5.0,3.0,5.0,3.0,4.125994101914613
5.0,5.0,5.0,3.0,5.0,4.0,4.339719496351919
5.0,5.0,5.0,3.0,5.0,5.0,4.561311049268125
5.0,5.0,5.0,4.0,1.0,3.0,3.599738470608839
5.0,5.0,5.0,4.0,1.0,4.0,3.9879544481657976
5.0,5.0,5.0,4.0,1.0,5.0,3.996547583836456
5.0,5.0,5.0,4.0,2.0,3.0,3.802845499766133
5.0,5.0,5.0,4.0,2.0,4.0,4.047551807784204
5.0,5.0,5.0,4.0,2.0,5.0,4.143787327688108
5.0,5.0,5.0,4.0,3.0,2.0,3.6862512327879093
5.0,5.0,5.0,4.0,3.0,3.0,4.003559743504425
5.0,5.0,5.0,4.0,3.0,4.0,4.249251878838616
5.0,5.0,5.0,4.0,3.0,5.0,4.558813467439303
5.0,5.0,5.0,4.0,4.0,3.0,4.0598164366033265
5.0,5.0,5.0,4.0,4.0,4.0,4.4109621690801575
5.0,5.0,5.0,4.0,4.0,5.0,4.70575085590743
5.0,5.0,5.0,4.0,5.0,2.0,3.9107732583068247
5.0,5.0,5.0,4.0,5.0,3.0,4.125993957301205
5.0,5.0,5.0,4.0,5.0,4.0,4.526317539935817
5.0,5.0,5.0,4.0,5.0,5.0,4.7591085569315785
5.0,5.0,5.0,5.0,1.0,1.0,3.486540315007848
5.0,5.0,5.0,5.0,1.0,3.0,3.943134500380025
5.0,5.0,5.0,5.0,1.0,4.0,3.987954428143255
5.0,5.0,5.0,5.0,1.0,5.0,3.9965476710119976
5.0,5.0,5.0,5.0,2.0,2.0,3.7309594011959963
5.0,5.0,5.0,5.0,2.0,3.0,4.047552007212601
5.0,5.0,5.0,5.0,2.0,4.0,4.047551849295059
5.0,5.0,5.0,5.0,2.0,5.0,4.4619932777042735
5.0,5.0,5.0,5.0,3.0,3.0,4.05104958896253
5.0,5.0,5.0,5.0,3.0,4.0,4.391611693900434
5.0,5.0,5.0,5.0,3.0,5.0,4.7576109002432565
5.0,5.0,5.0,5.0,4.0,2.0,4.077528701446694
5.0,5.0,5.0,5.0,4.0,3.0,4.328108214846632
5.0,5.0,5.0,5.0,4.0,4.0,4.650456000385135
5.0,5.0,5.0,5.0,4.0,5.0,4.8675372099365415
5.0,5.0,5.0,5.0,5.0,1.0,3.600515292425666
5.0,5.0,5.0,5.0,5.0,2.0,4.077528723033179
5.0,5.0,5.0,5.0,5.0,3.0,4.3453369457909075
5.0,5.0,5.0,5.0,5.0,4.0,4.6848929352903355
5.0,5.0,5.0,5.0,5.0,5.0,4.954305415111946
