0,1,2,3,4,5,function_value
1.0,1.0,1.0,1.0,1.0,1.0,1.1576187763941765
1.0,1.0,1.0,1.0,1.0,2.0,1.158791885842682
1.0,1.0,1.0,1.0,1.0,3.0,1.1589886813883157
1.0,1.0,1.0,1.0,2.0,1.0,1.1586182823222604
1.0,1.0,1.0,1.0,2.0,2.0,1.1590816269135673
1.0,1.0,1.0,1.0,2.0,3.0,1.1590327079651388
1.0,1.0,1.0,1.0,2.0,4.0,1.1590310300430224
1.0,1.0,1.0,1.0,3.0,1.0,1.158954634199731
1.0,1.0,1.0,1.0,3.0,2.0,1.1592578296841285
1.0,1.0,1.0,1.0,3.0,3.0,1.1592632366636952
1.0,1.0,1.0,1.0,4.0,1.0,1.1591676675681886
1.0,1.0,1.0,1.0,4.0,4.0,1.287859924468423
1.0,1.0,1.0,1.0,5.0,3.0,1.1592139376597888
1.0,1.0,1.0,2.0,1.0,1.0,1.1585907011356982
1.0,1.0,1.0,2.0,1.0,2.0,1.1589302820936749
1.0,1.0,1.0,2.0,1.0,3.0,1.1589095671846668
1.0,1.0,1.0,2.0,1.0,4.0,1.1588740668303819
1.0,1.0,1.0,2.0,2.0,1.0,1.1586757487604753
1.0,1.0,1.0,2.0,2.0,2.0,1.2376533108600485
1.0,1.0,1.0,2.0,2.0,3.0,1.237653281867218
1.0,1.0,1.0,2.0,2.0,4.0,1.2376532701626346
1.0,1.0,1.0,2.0,3.0,1.0,1.1588563275303723
1.0,1.0,1.0,2.0,3.0,2.0,1.237653316903607
1.0,1.0,1.0,2.0,4.0,2.0,1.2525947790905758
1.0,1.0,1.0,2.0,5.0,5.0,1.5464419328688885
1.0,1.0,1.0,3.0,1.0,1.0,1.1588456893207977
1.0,1.0,1.0,3.0,1.0,2.0,1.1588586743251414
1.0,1.0,1.0,3.0,1.0,3.0,1.1588519061900278
1.0,1.0,1.0,3.0,2.0,1.0,1.15876333671524
1.0,1.0,1.0,3.0,2.0,2.0,1.2376532708504013
1.0,1.0,1.0,3.0,2.0,3.0,1.2711150999728305
1.0,1.0,1.0,3.0,3.0,1.0,1.1589478711972516
1.0,1.0,1.0,3.0,3.0,2.0,1.245079487243479
1.0,1.0,1.0,3.0,3.0,3.0,1.2878599294472768
1.0,1.0,1.0,3.0,4.0,2.0,1.2525947721776856
1.0,1.0,1.0,3.0,4.0,3.0,1.2878599227665053
1.0,1.0,1.0,3.0,4.0,4.0,1.2878599286886052
1.0,1.0,1.0,4.0,1.0,1.0,1.1587990539932724
1.0,1.0,1.0,4.0,1.0,2.0,1.1588309027460009
1.0,1.0,1.0,4.0,1.0,3.0,1.1588378159922548
1.0,1.0,1.0,4.0,1.0,4.0,1.1588411002885664
1.0,1.0,1.0,4.0,2.0,2.0,1.2376532650014018
1.0,1.0,1.0,4.0,2.0,3.0,1.2711150978770598
1.0,1.0,1.0,4.0,3.0,2.0,1.2878599486794724
1.0,1.0,1.0,4.0,3.0,3.0,1.2878599272863553
1.0,1.0,1.0,4.0,3.0,4.0,1.2878599177951686
1.0,1.0,1.0,4.0,4.0,1.0,1.1590567475258808
1.0,1.0,1.0,4.0,4.0,2.0,1.2878599480980946
1.0,1.0,1.0,4.0,4.0,3.0,1.2878599254431717
1.0,1.0,1.0,4.0,4.0,4.0,1.287859917650357
1.0,1.0,1.0,5.0,1.0,1.0,1.1587930035173881
1.0,1.0,1.0,5.0,1.0,4.0,1.1588141690036655
1.0,1.0,1.0,5.0,1.0,5.0,1.158811268795851
1.0,1.0,1.0,5.0,2.0,1.0,1.1587767536327005
1.0,1.0,1.0,5.0,2.0,5.0,1.5787330217821232
1.0,1.0,1.0,5.0,3.0,1.0,1.158943399516412
1.0,1.0,1.0,5.0,3.0,3.0,1.4246077201341103
1.0,1.0,1.0,5.0,4.0,4.0,1.6209730898708592
1.0,1.0,1.0,5.0,5.0,5.0,1.6209730955515314
1.0,1.0,2.0,1.0,1.0,1.0,1.1836563906661783
1.0,1.0,2.0,1.0,1.0,2.0,1.293917900689724
1.0,1.0,2.0,1.0,2.0,1.0,1.183656231988074
1.0,1.0,2.0,1.0,2.0,2.0,1.293917881771502
1.0,1.0,2.0,1.0,2.0,3.0,1.2939178596753882
1.0,1.0,2.0,1.0,3.0,1.0,1.1836561817485212
1.0,1.0,2.0,1.0,3.0,2.0,1.2939178665599675
1.0,1.0,2.0,1.0,3.0,3.0,1.2939178468419807
1.0,1.0,2.0,1.0,3.0,5.0,1.6727293224868003
1.0,1.0,2.0,1.0,4.0,1.0,1.1836561817690392
1.0,1.0,2.0,1.0,4.0,3.0,1.293917848697126
1.0,1.0,2.0,2.0,1.0,1.0,1.1836562619703441
1.0,1.0,2.0,2.0,1.0,2.0,1.4432070256964744
1.0,1.0,2.0,2.0,1.0,3.0,1.4432069446816016
1.0,1.0,2.0,2.0,2.0,1.0,1.1836562403350919
1.0,1.0,2.0,2.0,2.0,2.0,1.4432070042892733
1.0,1.0,2.0,2.0,3.0,2.0,1.443206979868843
1.0,1.0,2.0,2.0,3.0,3.0,1.4432069670653163
1.0,1.0,2.0,2.0,3.0,4.0,1.443206964878896
1.0,1.0,2.0,2.0,4.0,2.0,1.4432069671152397
1.0,1.0,2.0,2.0,4.0,4.0,1.443206965048935
1.0,1.0,2.0,3.0,1.0,1.0,1.1836562250640856
1.0,1.0,2.0,3.0,1.0,2.0,1.443206941017365
1.0,1.0,2.0,3.0,1.0,3.0,1.4432069008881614
1.0,1.0,2.0,3.0,2.0,1.0,1.1836562287402554
1.0,1.0,2.0,3.0,2.0,2.0,1.443206954299082
1.0,1.0,2.0,3.0,2.0,3.0,1.443206918857786
1.0,1.0,2.0,3.0,3.0,1.0,1.3794527345888747
1.0,1.0,2.0,3.0,3.0,2.0,1.4432069757163675
1.0,1.0,2.0,3.0,3.0,3.0,1.4432069510137453
1.0,1.0,2.0,3.0,3.0,5.0,1.9880566891707259
1.0,1.0,2.0,3.0,4.0,3.0,1.4432069581849025
1.0,1.0,2.0,4.0,1.0,3.0,1.4432068557119833
1.0,1.0,2.0,4.0,1.0,4.0,1.64915796038039
1.0,1.0,2.0,4.0,2.0,3.0,1.443206886438951
1.0,1.0,2.0,4.0,3.0,2.0,1.5065608610134518
1.0,1.0,2.0,4.0,3.0,3.0,1.6582065008747433
1.0,1.0,2.0,4.0,4.0,2.0,1.5065608467189144
1.0,1.0,2.0,4.0,4.0,3.0,1.6582064884669632
1.0,1.0,2.0,4.0,4.0,4.0,1.6582064756591048
1.0,1.0,2.0,4.0,4.0,5.0,2.1069132369016503
1.0,1.0,2.0,4.0,5.0,5.0,2.1069131990538947
1.0,1.0,2.0,5.0,1.0,3.0,1.4432068417339572
1.0,1.0,2.0,5.0,4.0,4.0,2.0084349548010687
1.0,1.0,2.0,5.0,5.0,5.0,2.1069132296338866
1.0,1.0,3.0,1.0,1.0,1.0,1.183656267479278
1.0,1.0,3.0,1.0,1.0,2.0,1.2939178849396153
1.0,1.0,3.0,1.0,1.0,4.0,1.3623362399175165
1.0,1.0,3.0,1.0,2.0,1.0,1.1836562053847515
1.0,1.0,3.0,1.0,2.0,2.0,1.2939178791513624
1.0,1.0,3.0,1.0,2.0,3.0,1.2939178697671274
1.0,1.0,3.0,1.0,3.0,2.0,1.298474463979
1.0,1.0,3.0,1.0,3.0,3.0,1.4825984377419765
1.0,1.0,3.0,2.0,1.0,1.0,1.3145047057778545
1.0,1.0,3.0,2.0,2.0,1.0,1.3145046996629308
1.0,1.0,3.0,2.0,2.0,2.0,1.4432069804627605
1.0,1.0,3.0,2.0,2.0,3.0,1.5711484670820268
1.0,1.0,3.0,2.0,3.0,2.0,1.4432069749576257
1.0,1.0,3.0,2.0,3.0,3.0,1.6776664847914176
1.0,1.0,3.0,3.0,1.0,1.0,1.3145047254019175
1.0,1.0,3.0,3.0,1.0,2.0,1.4432069330246544
1.0,1.0,3.0,3.0,1.0,3.0,1.4432068965017033
1.0,1.0,3.0,3.0,2.0,2.0,1.4432069572282873
1.0,1.0,3.0,3.0,2.0,3.0,1.5711484371743387
1.0,1.0,3.0,3.0,3.0,1.0,1.443206979698335
1.0,1.0,3.0,3.0,3.0,2.0,1.4432069687507836
1.0,1.0,3.0,3.0,3.0,3.0,1.677666466401789
1.0,1.0,3.0,3.0,5.0,3.0,1.6776664326065263
1.0,1.0,3.0,4.0,1.0,1.0,1.3323078624020241
1.0,1.0,3.0,4.0,1.0,4.0,1.6491579515072319
1.0,1.0,3.0,4.0,2.0,2.0,1.7091351351146782
1.0,1.0,3.0,4.0,3.0,3.0,1.9310154378910267
1.0,1.0,3.0,4.0,3.0,4.0,2.003267795212338
1.0,1.0,3.0,4.0,4.0,4.0,2.0032677763005604
1.0,1.0,3.0,5.0,3.0,3.0,2.0079875927986155
1.0,1.0,3.0,5.0,4.0,4.0,2.1069132896771583
1.0,1.0,3.0,5.0,5.0,5.0,2.1069132500651597
1.0,1.0,4.0,1.0,1.0,1.0,1.1836561508741223
1.0,1.0,4.0,1.0,3.0,1.0,1.1836561817413724
1.0,1.0,4.0,2.0,1.0,2.0,1.677666493354214
1.0,1.0,4.0,2.0,2.0,1.0,1.314504704285084
1.0,1.0,4.0,2.0,3.0,2.0,1.6776664681551587
1.0,1.0,4.0,3.0,2.0,2.0,1.6776664709502087
1.0,1.0,4.0,3.0,2.0,4.0,2.0082563560193543
1.0,1.0,4.0,3.0,3.0,2.0,1.6776664547065292
1.0,1.0,4.0,3.0,4.0,4.0,2.1561626042807736
1.0,1.0,4.0,3.0,4.0,5.0,2.448480833340586
1.0,1.0,4.0,4.0,4.0,2.0,1.7091351196744846
1.0,1.0,5.0,1.0,1.0,1.0,1.18365614661209
1.0,1.0,5.0,3.0,3.0,3.0,2.4484808801669207
1.0,1.0,5.0,4.0,3.0,4.0,2.448480874457005
1.0,1.0,5.0,5.0,1.0,3.0,2.0821327816362807
1.0,1.0,5.0,5.0,5.0,5.0,2.448480838811589
1.0,2.0,1.0,1.0,1.0,1.0,1.1593057802179307
1.0,2.0,1.0,1.0,1.0,2.0,1.1593799957692683
1.0,2.0,1.0,1.0,1.0,3.0,1.1592324153715938
1.0,2.0,1.0,1.0,1.0,4.0,1.1592312610374955
1.0,2.0,1.0,1.0,2.0,1.0,1.1593846504118002
1.0,2.0,1.0,1.0,2.0,2.0,1.1594340124821825
1.0,2.0,1.0,1.0,2.0,3.0,1.1593301094091015
1.0,2.0,1.0,1.0,3.0,1.0,1.1594130867311465
1.0,2.0,1.0,1.0,3.0,2.0,1.1593894175924275
1.0,2.0,1.0,1.0,3.0,3.0,1.159325805138393
1.0,2.0,1.0,1.0,3.0,4.0,1.210032834577209
1.0,2.0,1.0,1.0,4.0,1.0,1.1594487337303647
1.0,2.0,1.0,2.0,1.0,1.0,1.159426261902348
1.0,2.0,1.0,2.0,1.0,2.0,1.1592373447134943
1.0,2.0,1.0,2.0,1.0,3.0,1.1592342588364164
1.0,2.0,1.0,2.0,2.0,1.0,1.159420681341565
1.0,2.0,1.0,2.0,2.0,2.0,1.2376532817742423
1.0,2.0,1.0,2.0,2.0,3.0,1.2376532585199014
1.0,2.0,1.0,2.0,3.0,1.0,1.159429488878463
1.0,2.0,1.0,2.0,3.0,2.0,1.237653278080411
1.0,2.0,1.0,2.0,3.0,3.0,1.237653241710299
1.0,2.0,1.0,2.0,4.0,1.0,1.1594385154863922
1.0,2.0,1.0,2.0,5.0,2.0,1.2525947795146806
1.0,2.0,1.0,2.0,5.0,3.0,1.5003480176714186
1.0,2.0,1.0,3.0,1.0,1.0,1.159488102390734
1.0,2.0,1.0,3.0,1.0,2.0,1.225663839990516
1.0,2.0,1.0,3.0,1.0,3.0,1.2735986526857825
1.0,2.0,1.0,3.0,2.0,1.0,1.1594466923742166
1.0,2.0,1.0,3.0,2.0,2.0,1.2878599571944924
1.0,2.0,1.0,3.0,2.0,3.0,1.287859956394472
1.0,2.0,1.0,3.0,3.0,1.0,1.1594350505033102
1.0,2.0,1.0,3.0,3.0,2.0,1.287859920885012
1.0,2.0,1.0,3.0,3.0,3.0,1.2878599233391685
1.0,2.0,1.0,3.0,4.0,2.0,1.2878599262886457
1.0,2.0,1.0,3.0,4.0,3.0,1.2878599196293974
1.0,2.0,1.0,3.0,4.0,4.0,1.2878599180980774
1.0,2.0,1.0,3.0,5.0,4.0,1.6564551458330659
1.0,2.0,1.0,4.0,1.0,2.0,1.2735986418339265
1.0,2.0,1.0,4.0,1.0,3.0,1.273598635573599
1.0,2.0,1.0,4.0,2.0,2.0,1.2878599507060287
1.0,2.0,1.0,4.0,2.0,3.0,1.2878599434163638
1.0,2.0,1.0,4.0,3.0,3.0,1.2878599233391943
1.0,2.0,1.0,4.0,3.0,4.0,1.287859918213749
1.0,2.0,1.0,4.0,4.0,3.0,1.2878599189459476
1.0,2.0,1.0,4.0,4.0,4.0,1.2878599181667056
1.0,2.0,1.0,4.0,5.0,2.0,1.2878599419379286
1.0,2.0,1.0,5.0,1.0,1.0,1.2897217748141692
1.0,2.0,1.0,5.0,1.0,5.0,1.2897217622545072
1.0,2.0,1.0,5.0,2.0,5.0,1.5787330209556396
1.0,2.0,1.0,5.0,5.0,5.0,1.7508176922802747
1.0,2.0,2.0,1.0,1.0,1.0,1.1836561680336808
1.0,2.0,2.0,1.0,1.0,2.0,1.2939178524857637
1.0,2.0,2.0,1.0,1.0,3.0,1.2939178270589282
1.0,2.0,2.0,1.0,2.0,1.0,1.1836561689161056
1.0,2.0,2.0,1.0,2.0,2.0,1.2939178589685112
1.0,2.0,2.0,1.0,2.0,3.0,1.2939178444470663
1.0,2.0,2.0,1.0,3.0,1.0,1.1836561429565855
1.0,2.0,2.0,1.0,3.0,3.0,1.2939178374871219
1.0,2.0,2.0,1.0,4.0,3.0,1.4825984600425781
1.0,2.0,2.0,1.0,4.0,4.0,1.5249971593564557
1.0,2.0,2.0,1.0,5.0,4.0,1.5249971432043943
1.0,2.0,2.0,2.0,1.0,1.0,1.183656164231637
1.0,2.0,2.0,2.0,1.0,2.0,1.4432069343971576
1.0,2.0,2.0,2.0,1.0,3.0,1.4432068986373194
1.0,2.0,2.0,2.0,2.0,1.0,1.1903063776334137
1.0,2.0,2.0,2.0,2.0,2.0,1.4432069800106584
1.0,2.0,2.0,2.0,2.0,3.0,1.4825985787101914
1.0,2.0,2.0,2.0,3.0,1.0,1.1903063773156632
1.0,2.0,2.0,2.0,3.0,2.0,1.4432069770259655
1.0,2.0,2.0,2.0,3.0,3.0,1.4825985518303895
1.0,2.0,2.0,2.0,3.0,4.0,1.4825985504646035
1.0,2.0,2.0,2.0,4.0,3.0,1.4825984981057758
1.0,2.0,2.0,3.0,1.0,1.0,1.1836561515473638
1.0,2.0,2.0,3.0,1.0,2.0,1.4432069147937858
1.0,2.0,2.0,3.0,1.0,3.0,1.4432068797400988
1.0,2.0,2.0,3.0,2.0,1.0,1.1903063726500025
1.0,2.0,2.0,3.0,2.0,2.0,1.4432069455697552
1.0,2.0,2.0,3.0,2.0,3.0,1.5826558866081992
1.0,2.0,2.0,3.0,2.0,4.0,1.819505392591714
1.0,2.0,2.0,3.0,3.0,1.0,1.3794527094833728
1.0,2.0,2.0,3.0,3.0,2.0,1.443206951686268
1.0,2.0,2.0,3.0,3.0,3.0,1.658206457572144
1.0,2.0,2.0,3.0,4.0,2.0,1.66754668204516
1.0,2.0,2.0,3.0,4.0,3.0,1.7091350335363404
1.0,2.0,2.0,3.0,4.0,4.0,1.9022968128408275
1.0,2.0,2.0,4.0,1.0,1.0,1.183656124706616
1.0,2.0,2.0,4.0,1.0,5.0,1.6491579439292603
1.0,2.0,2.0,4.0,2.0,1.0,1.379452755749919
1.0,2.0,2.0,4.0,2.0,2.0,1.4432069423625398
1.0,2.0,2.0,4.0,2.0,3.0,1.5826558882474282
1.0,2.0,2.0,4.0,2.0,4.0,1.8416329005351757
1.0,2.0,2.0,4.0,3.0,1.0,1.379452729297203
1.0,2.0,2.0,4.0,3.0,2.0,1.6582064944411958
1.0,2.0,2.0,4.0,3.0,3.0,1.658206475891494
1.0,2.0,2.0,4.0,3.0,4.0,1.9944734972472813
1.0,2.0,2.0,4.0,4.0,1.0,1.3794527217321328
1.0,2.0,2.0,4.0,4.0,2.0,1.7091351105398056
1.0,2.0,2.0,4.0,4.0,3.0,1.7091350551091902
1.0,2.0,2.0,4.0,4.0,4.0,2.106913068621244
1.0,2.0,2.0,4.0,5.0,5.0,2.1069131215562518
1.0,2.0,2.0,5.0,1.0,2.0,1.7091351443084049
1.0,2.0,2.0,5.0,3.0,2.0,1.7091351396377676
1.0,2.0,2.0,5.0,5.0,5.0,2.2262079172852265
1.0,2.0,3.0,1.0,1.0,1.0,1.1836561433051629
1.0,2.0,3.0,1.0,1.0,2.0,1.298474491258256
1.0,2.0,3.0,1.0,2.0,1.0,1.1836561389106544
1.0,2.0,3.0,1.0,2.0,2.0,1.2984744728239694
1.0,2.0,3.0,1.0,3.0,1.0,1.260097023559909
1.0,2.0,3.0,1.0,3.0,2.0,1.2984744586253225
1.0,2.0,3.0,1.0,3.0,3.0,1.4825984290659657
1.0,2.0,3.0,1.0,4.0,5.0,2.01027247509351
1.0,2.0,3.0,2.0,1.0,1.0,1.3145046541015954
1.0,2.0,3.0,2.0,2.0,1.0,1.3145046416495734
1.0,2.0,3.0,2.0,2.0,2.0,1.4432069733701995
1.0,2.0,3.0,2.0,3.0,2.0,1.443206973035783
1.0,2.0,3.0,2.0,3.0,3.0,1.6776664531258292
1.0,2.0,3.0,2.0,4.0,2.0,1.66754665916057
1.0,2.0,3.0,3.0,1.0,1.0,1.314504646758906
1.0,2.0,3.0,3.0,1.0,2.0,1.4432069156153182
1.0,2.0,3.0,3.0,1.0,3.0,1.4432068885275746
1.0,2.0,3.0,3.0,2.0,1.0,1.3145046336382744
1.0,2.0,3.0,3.0,2.0,2.0,1.4432069516769188
1.0,2.0,3.0,3.0,2.0,3.0,1.6776664621492665
1.0,2.0,3.0,3.0,3.0,1.0,1.4432069766019124
1.0,2.0,3.0,3.0,3.0,2.0,1.4432069575173894
1.0,2.0,3.0,3.0,3.0,3.0,1.6776664463985367
1.0,2.0,3.0,3.0,4.0,2.0,1.6675466651803383
1.0,2.0,3.0,3.0,4.0,3.0,1.8052956259068704
1.0,2.0,3.0,3.0,4.0,4.0,2.1561625797743647
1.0,2.0,3.0,4.0,1.0,1.0,1.3323078587254042
1.0,2.0,3.0,4.0,1.0,3.0,1.4432068691557558
1.0,2.0,3.0,4.0,1.0,4.0,1.8100541959073628
1.0,2.0,3.0,4.0,2.0,4.0,1.8416328971006364
1.0,2.0,3.0,4.0,3.0,1.0,1.4432069735344277
1.0,2.0,3.0,4.0,3.0,3.0,1.9310154239271773
1.0,2.0,3.0,4.0,3.0,4.0,2.0032677745435583
1.0,2.0,3.0,4.0,4.0,3.0,2.0037373522641144
1.0,2.0,3.0,4.0,4.0,4.0,2.1561625330244407
1.0,2.0,3.0,4.0,4.0,5.0,2.1561625054149167
1.0,2.0,3.0,4.0,5.0,5.0,2.3833489147567395
1.0,2.0,3.0,5.0,2.0,3.0,2.068772514575151
1.0,2.0,3.0,5.0,3.0,3.0,2.0687725049230834
1.0,2.0,3.0,5.0,4.0,2.0,1.7091351217065316
1.0,2.0,3.0,5.0,4.0,3.0,2.0687725070737515
1.0,2.0,4.0,2.0,1.0,2.0,1.67766649119165
1.0,2.0,4.0,2.0,2.0,3.0,1.6776664907749959
1.0,2.0,4.0,3.0,2.0,3.0,1.6776664633424812
1.0,2.0,4.0,3.0,3.0,3.0,1.6776664327943065
1.0,2.0,4.0,3.0,4.0,4.0,2.156162569651272
1.0,2.0,4.0,4.0,1.0,3.0,1.6776664798834438
1.0,2.0,4.0,4.0,4.0,3.0,2.0037373313987756
1.0,2.0,4.0,4.0,5.0,5.0,2.4484808278996284
1.0,2.0,4.0,5.0,4.0,3.0,2.068772512365704
1.0,2.0,4.0,5.0,4.0,4.0,2.156162553008187
1.0,2.0,5.0,3.0,5.0,5.0,2.954818271265931
1.0,2.0,5.0,5.0,5.0,2.0,1.7091351145805478
1.0,2.0,5.0,5.0,5.0,5.0,2.954818231468356
1.0,3.0,1.0,1.0,1.0,1.0,1.1613419777883116
1.0,3.0,1.0,1.0,1.0,2.0,1.1602857106957287
1.0,3.0,1.0,1.0,1.0,3.0,1.1622296792073246
1.0,3.0,1.0,1.0,1.0,4.0,1.1622580365415487
1.0,3.0,1.0,1.0,2.0,1.0,1.1603765888997541
1.0,3.0,1.0,1.0,2.0,2.0,1.160044275983896
1.0,3.0,1.0,1.0,2.0,3.0,1.2100328866124026
1.0,3.0,1.0,1.0,3.0,1.0,1.1599934585617944
1.0,3.0,1.0,1.0,3.0,2.0,1.2100328418982407
1.0,3.0,1.0,1.0,3.0,3.0,1.2100328323613838
1.0,3.0,1.0,1.0,3.0,4.0,1.210032821682012
1.0,3.0,1.0,1.0,3.0,5.0,1.5450231276787665
1.0,3.0,1.0,1.0,4.0,1.0,1.1598448030747566
1.0,3.0,1.0,1.0,4.0,2.0,1.210032847452234
1.0,3.0,1.0,1.0,4.0,3.0,1.2100328300661007
1.0,3.0,1.0,1.0,4.0,4.0,1.287859906593191
1.0,3.0,1.0,1.0,5.0,2.0,1.4825983738324158
1.0,3.0,1.0,2.0,1.0,1.0,1.1605440751302845
1.0,3.0,1.0,2.0,1.0,2.0,1.2256638462668665
1.0,3.0,1.0,2.0,1.0,3.0,1.225663826406782
1.0,3.0,1.0,2.0,2.0,1.0,1.1604358439168203
1.0,3.0,1.0,2.0,2.0,2.0,1.237653275477801
1.0,3.0,1.0,2.0,2.0,3.0,1.237653246535995
1.0,3.0,1.0,2.0,2.0,4.0,1.4200937007422731
1.0,3.0,1.0,2.0,3.0,1.0,1.160410660096718
1.0,3.0,1.0,2.0,3.0,2.0,1.237653254069561
1.0,3.0,1.0,2.0,3.0,3.0,1.237653210009109
1.0,3.0,1.0,2.0,3.0,4.0,1.545023134703941
1.0,3.0,1.0,2.0,3.0,5.0,1.5450231112630866
1.0,3.0,1.0,2.0,4.0,1.0,1.1669443323021207
1.0,3.0,1.0,2.0,4.0,3.0,1.2525947643786026
1.0,3.0,1.0,3.0,1.0,1.0,1.1602515963280726
1.0,3.0,1.0,3.0,1.0,2.0,1.2256638031426514
1.0,3.0,1.0,3.0,1.0,3.0,1.2735986345511456
1.0,3.0,1.0,3.0,1.0,4.0,1.4200937148169603
1.0,3.0,1.0,3.0,2.0,1.0,1.160408051745926
1.0,3.0,1.0,3.0,2.0,2.0,1.3021328312166827
1.0,3.0,1.0,3.0,2.0,3.0,1.3021327971830465
1.0,3.0,1.0,3.0,2.0,4.0,1.4200937034099042
1.0,3.0,1.0,3.0,3.0,1.0,1.1603988950538824
1.0,3.0,1.0,3.0,3.0,2.0,1.30213285162065
1.0,3.0,1.0,3.0,3.0,3.0,1.3021327915221799
1.0,3.0,1.0,3.0,3.0,4.0,1.5450231313604548
1.0,3.0,1.0,3.0,4.0,1.0,1.1669443133226158
1.0,3.0,1.0,3.0,4.0,2.0,1.3021328418032503
1.0,3.0,1.0,3.0,4.0,3.0,1.3370170058477968
1.0,3.0,1.0,3.0,4.0,4.0,1.545023133949454
1.0,3.0,1.0,3.0,5.0,2.0,1.5037435150531342
1.0,3.0,1.0,3.0,5.0,3.0,1.656455128416465
1.0,3.0,1.0,3.0,5.0,5.0,1.7101260803790617
1.0,3.0,1.0,4.0,1.0,1.0,1.1603787388440634
1.0,3.0,1.0,4.0,1.0,2.0,1.2735986247091315
1.0,3.0,1.0,4.0,1.0,3.0,1.2735986316355379
1.0,3.0,1.0,4.0,1.0,4.0,1.420093718589089
1.0,3.0,1.0,4.0,1.0,5.0,1.420093724383067
1.0,3.0,1.0,4.0,2.0,1.0,1.1603930581884214
1.0,3.0,1.0,4.0,2.0,2.0,1.3021327899662931
1.0,3.0,1.0,4.0,2.0,3.0,1.4200937535693894
1.0,3.0,1.0,4.0,3.0,1.0,1.200968117183109
1.0,3.0,1.0,4.0,3.0,2.0,1.424607682590412
1.0,3.0,1.0,4.0,3.0,3.0,1.4246076770127438
1.0,3.0,1.0,4.0,3.0,4.0,1.545023108984544
1.0,3.0,1.0,4.0,4.0,2.0,1.4246076781841568
1.0,3.0,1.0,4.0,4.0,3.0,1.424607634028711
1.0,3.0,1.0,4.0,4.0,4.0,1.5450231192044739
1.0,3.0,1.0,4.0,4.0,5.0,1.5450230838226975
1.0,3.0,1.0,4.0,5.0,3.0,1.6564551296463697
1.0,3.0,1.0,4.0,5.0,4.0,1.6564551271757326
1.0,3.0,1.0,5.0,1.0,1.0,1.2897217437616195
1.0,3.0,1.0,5.0,1.0,2.0,1.3775579568770242
1.0,3.0,1.0,5.0,1.0,3.0,1.377557944585322
1.0,3.0,1.0,5.0,1.0,4.0,1.4200936995314555
1.0,3.0,1.0,5.0,1.0,5.0,1.4200937068758677
1.0,3.0,1.0,5.0,2.0,5.0,1.578732998622235
1.0,3.0,1.0,5.0,3.0,1.0,1.2897217493310198
1.0,3.0,1.0,5.0,3.0,2.0,1.4246076794303273
1.0,3.0,1.0,5.0,3.0,3.0,1.4246076813726305
1.0,3.0,1.0,5.0,3.0,4.0,1.5787329946353328
1.0,3.0,1.0,5.0,3.0,5.0,1.5787329751726984
1.0,3.0,1.0,5.0,4.0,5.0,1.690383375440101
1.0,3.0,1.0,5.0,5.0,1.0,1.2897217455028052
1.0,3.0,1.0,5.0,5.0,3.0,1.6564551272357408
1.0,3.0,1.0,5.0,5.0,4.0,1.656455119395153
1.0,3.0,1.0,5.0,5.0,5.0,1.7508176656659145
1.0,3.0,2.0,1.0,1.0,1.0,1.1836560193828691
1.0,3.0,2.0,1.0,1.0,2.0,1.2939178181948259
1.0,3.0,2.0,1.0,1.0,3.0,1.2939177909500328
1.0,3.0,2.0,1.0,1.0,4.0,1.2939177733998883
1.0,3.0,2.0,1.0,2.0,1.0,1.1836560386820512
1.0,3.0,2.0,1.0,2.0,2.0,1.4093517362119325
1.0,3.0,2.0,1.0,2.0,3.0,1.4093517331327305
1.0,3.0,2.0,1.0,2.0,4.0,1.5895439363667807
1.0,3.0,2.0,1.0,3.0,1.0,1.1836560683401238
1.0,3.0,2.0,1.0,3.0,2.0,1.4825983910741605
1.0,3.0,2.0,1.0,3.0,3.0,1.4825983864272507
1.0,3.0,2.0,1.0,3.0,4.0,1.5895439665796862
1.0,3.0,2.0,1.0,4.0,2.0,1.482598391588817
1.0,3.0,2.0,1.0,4.0,3.0,1.4825984021284502
1.0,3.0,2.0,1.0,5.0,3.0,1.482598372360129
1.0,3.0,2.0,2.0,1.0,1.0,1.1836560786036812
1.0,3.0,2.0,2.0,1.0,2.0,1.4432068650843872
1.0,3.0,2.0,2.0,1.0,3.0,1.443206846271245
1.0,3.0,2.0,2.0,2.0,1.0,1.2839022677947554
1.0,3.0,2.0,2.0,2.0,2.0,1.512373467202449
1.0,3.0,2.0,2.0,2.0,3.0,1.5123734650405758
1.0,3.0,2.0,2.0,3.0,1.0,1.2839022479156177
1.0,3.0,2.0,2.0,3.0,2.0,1.5895441136256145
1.0,3.0,2.0,2.0,3.0,3.0,1.5895440404186425
1.0,3.0,2.0,2.0,4.0,2.0,1.589544078532839
1.0,3.0,2.0,2.0,4.0,3.0,1.5895440260575346
1.0,3.0,2.0,2.0,4.0,4.0,1.5895439813367787
1.0,3.0,2.0,2.0,4.0,5.0,2.008799559282221
1.0,3.0,2.0,2.0,5.0,3.0,1.9226277639020926
1.0,3.0,2.0,3.0,1.0,1.0,1.1836561068711957
1.0,3.0,2.0,3.0,1.0,2.0,1.44320686409563
1.0,3.0,2.0,3.0,1.0,3.0,1.4432068031572682
1.0,3.0,2.0,3.0,1.0,4.0,1.6491579691416347
1.0,3.0,2.0,3.0,2.0,1.0,1.3145045423480117
1.0,3.0,2.0,3.0,2.0,2.0,1.5123734440098473
1.0,3.0,2.0,3.0,2.0,3.0,1.639664549345164
1.0,3.0,2.0,3.0,2.0,4.0,1.8195053553416591
1.0,3.0,2.0,3.0,2.0,5.0,2.0152649439491337
1.0,3.0,2.0,3.0,3.0,1.0,1.3794526599658832
1.0,3.0,2.0,3.0,3.0,2.0,1.6719612286776635
1.0,3.0,2.0,3.0,3.0,3.0,1.6719610231754325
1.0,3.0,2.0,3.0,3.0,4.0,1.8678310170444754
1.0,3.0,2.0,3.0,4.0,2.0,1.6719612326141862
1.0,3.0,2.0,3.0,4.0,3.0,1.7091349922789898
1.0,3.0,2.0,3.0,4.0,4.0,1.9022967996148696
1.0,3.0,2.0,3.0,4.0,5.0,2.0249505229021265
1.0,3.0,2.0,3.0,5.0,3.0,1.9226277612549771
1.0,3.0,2.0,3.0,5.0,4.0,2.188289177974446
1.0,3.0,2.0,4.0,1.0,1.0,1.1836561042273652
1.0,3.0,2.0,4.0,1.0,2.0,1.4432068403325127
1.0,3.0,2.0,4.0,1.0,3.0,1.6491579422389675
1.0,3.0,2.0,4.0,1.0,4.0,1.6491579478421832
1.0,3.0,2.0,4.0,2.0,1.0,1.5667913649064467
1.0,3.0,2.0,4.0,2.0,2.0,1.812711636116341
1.0,3.0,2.0,4.0,2.0,3.0,1.8127116283863105
1.0,3.0,2.0,4.0,2.0,4.0,1.8416328926136445
1.0,3.0,2.0,4.0,3.0,1.0,1.5667913723816076
1.0,3.0,2.0,4.0,3.0,2.0,1.812711624144523
1.0,3.0,2.0,4.0,3.0,3.0,1.812711596584422
1.0,3.0,2.0,4.0,3.0,4.0,2.0032677650197597
1.0,3.0,2.0,4.0,4.0,1.0,1.5667913624622174
1.0,3.0,2.0,4.0,4.0,3.0,2.001898856130294
1.0,3.0,2.0,4.0,4.0,4.0,2.106912955358563
1.0,3.0,2.0,4.0,5.0,3.0,2.2262079042106464
1.0,3.0,2.0,4.0,5.0,4.0,2.2262078970126207
1.0,3.0,2.0,5.0,1.0,2.0,1.7091350989989886
1.0,3.0,2.0,5.0,1.0,3.0,1.7091350665004483
1.0,3.0,2.0,5.0,1.0,5.0,1.7091350471847218
1.0,3.0,2.0,5.0,2.0,2.0,1.8288011024560424
1.0,3.0,2.0,5.0,2.0,3.0,1.828801083339886
1.0,3.0,2.0,5.0,2.0,4.0,2.005667907697681
1.0,3.0,2.0,5.0,2.0,5.0,2.023181010103635
1.0,3.0,2.0,5.0,3.0,1.0,1.566791360781233
1.0,3.0,2.0,5.0,3.0,2.0,1.8980711845671339
1.0,3.0,2.0,5.0,3.0,3.0,1.977277848257487
1.0,3.0,2.0,5.0,3.0,4.0,2.005667875254367
1.0,3.0,2.0,5.0,3.0,5.0,2.023181008799509
1.0,3.0,2.0,5.0,4.0,3.0,2.0018988306751773
1.0,3.0,2.0,5.0,4.0,4.0,2.1069129289395496
1.0,3.0,2.0,5.0,5.0,3.0,2.2262079011283893
1.0,3.0,2.0,5.0,5.0,4.0,2.226207901054275
1.0,3.0,2.0,5.0,5.0,5.0,2.226207887973827
1.0,3.0,3.0,1.0,1.0,1.0,1.1836559611046558
1.0,3.0,3.0,1.0,1.0,2.0,1.3542172316666767
1.0,3.0,3.0,1.0,1.0,3.0,1.3542172138646287
1.0,3.0,3.0,1.0,1.0,4.0,1.3623362195309505
1.0,3.0,3.0,1.0,2.0,1.0,1.1836560273816459
1.0,3.0,3.0,1.0,2.0,2.0,1.4825983780942045
1.0,3.0,3.0,1.0,2.0,3.0,1.482598376130412
1.0,3.0,3.0,1.0,3.0,1.0,1.260097004196653
1.0,3.0,3.0,1.0,3.0,2.0,1.48259838838211
1.0,3.0,3.0,1.0,3.0,3.0,1.4825983696712606
1.0,3.0,3.0,1.0,3.0,4.0,1.6727293260498697
1.0,3.0,3.0,1.0,4.0,1.0,1.260096975054172
1.0,3.0,3.0,1.0,4.0,3.0,1.4825983806810041
1.0,3.0,3.0,1.0,4.0,4.0,2.1561626545269985
1.0,3.0,3.0,1.0,5.0,1.0,1.2600969635633028
1.0,3.0,3.0,1.0,5.0,3.0,1.996118208216803
1.0,3.0,3.0,2.0,1.0,1.0,1.3145046008410828
1.0,3.0,3.0,2.0,1.0,2.0,1.443206832144823
1.0,3.0,3.0,2.0,1.0,3.0,1.5012067192860858
1.0,3.0,3.0,2.0,1.0,4.0,1.5895438630369052
1.0,3.0,3.0,2.0,2.0,1.0,1.3145045957152632
1.0,3.0,3.0,2.0,2.0,2.0,1.5386637499087048
1.0,3.0,3.0,2.0,2.0,3.0,1.6776664393570158
1.0,3.0,3.0,2.0,2.0,4.0,1.8195053736949751
1.0,3.0,3.0,2.0,3.0,1.0,1.3145045753344913
1.0,3.0,3.0,2.0,3.0,2.0,1.66754662433057
1.0,3.0,3.0,2.0,3.0,3.0,1.6776664335741378
1.0,3.0,3.0,2.0,3.0,4.0,1.819505351919866
1.0,3.0,3.0,2.0,4.0,1.0,1.5128637965719403
1.0,3.0,3.0,2.0,4.0,2.0,1.667546639553391
1.0,3.0,3.0,2.0,4.0,3.0,1.836056164753152
1.0,3.0,3.0,2.0,4.0,4.0,2.156162628693338
1.0,3.0,3.0,3.0,1.0,1.0,1.3145045897714531
1.0,3.0,3.0,3.0,1.0,2.0,1.4432068519727397
1.0,3.0,3.0,3.0,1.0,3.0,1.5012066865966425
1.0,3.0,3.0,3.0,1.0,4.0,1.6917249590115633
1.0,3.0,3.0,3.0,2.0,1.0,1.3145045809966858
1.0,3.0,3.0,3.0,2.0,2.0,1.538663743602278
1.0,3.0,3.0,3.0,2.0,3.0,1.6776664296956418
1.0,3.0,3.0,3.0,2.0,4.0,1.8195053553901934
1.0,3.0,3.0,3.0,3.0,1.0,1.4432069704047275
1.0,3.0,3.0,3.0,3.0,2.0,1.67766634023702
1.0,3.0,3.0,3.0,3.0,3.0,1.6776663313443274
1.0,3.0,3.0,3.0,3.0,4.0,2.003267767242205
1.0,3.0,3.0,3.0,3.0,5.0,2.015264914855346
1.0,3.0,3.0,3.0,4.0,2.0,1.6776663046015854
1.0,3.0,3.0,3.0,4.0,3.0,2.0037373809729577
1.0,3.0,3.0,3.0,4.0,4.0,2.1561625819255172
1.0,3.0,3.0,3.0,5.0,4.0,2.1882891768918387
1.0,3.0,3.0,4.0,1.0,1.0,1.4493742829230636
1.0,3.0,3.0,4.0,1.0,2.0,1.4493742753207357
1.0,3.0,3.0,4.0,1.0,3.0,1.8100541896915554
1.0,3.0,3.0,4.0,1.0,4.0,1.810054185731664
1.0,3.0,3.0,4.0,2.0,2.0,1.841632920827277
1.0,3.0,3.0,4.0,2.0,3.0,1.8416329209108142
1.0,3.0,3.0,4.0,2.0,4.0,1.8416328821649803
1.0,3.0,3.0,4.0,3.0,2.0,1.8980712303920455
1.0,3.0,3.0,4.0,3.0,3.0,1.931015361861988
1.0,3.0,3.0,4.0,3.0,4.0,2.0032677465844646
1.0,3.0,3.0,4.0,4.0,2.0,1.914680267859406
1.0,3.0,3.0,4.0,4.0,3.0,2.00373733557509
1.0,3.0,3.0,4.0,4.0,4.0,2.1561624504968586
1.0,3.0,3.0,4.0,5.0,3.0,2.3833489252180358
1.0,3.0,3.0,4.0,5.0,4.0,2.3833489141342983
1.0,3.0,3.0,4.0,5.0,5.0,2.3833488891022183
1.0,3.0,3.0,5.0,1.0,2.0,1.8932314490409121
1.0,3.0,3.0,5.0,1.0,3.0,1.893231445691843
1.0,3.0,3.0,5.0,1.0,4.0,1.8932314171084035
1.0,3.0,3.0,5.0,2.0,3.0,2.068772502391203
1.0,3.0,3.0,5.0,2.0,4.0,2.0687724683873263
1.0,3.0,3.0,5.0,2.0,5.0,2.142612449517497
1.0,3.0,3.0,5.0,3.0,2.0,1.8980711971756472
1.0,3.0,3.0,5.0,3.0,3.0,2.068772493279585
1.0,3.0,3.0,5.0,3.0,4.0,2.142612380252155
1.0,3.0,3.0,5.0,3.0,5.0,2.142612361970556
1.0,3.0,3.0,5.0,4.0,3.0,2.0687724987757834
1.0,3.0,3.0,5.0,4.0,4.0,2.3168255694622752
1.0,3.0,3.0,5.0,4.0,5.0,2.448480665943641
1.0,3.0,3.0,5.0,5.0,2.0,2.3475111359218532
1.0,3.0,3.0,5.0,5.0,3.0,2.590015119693875
1.0,3.0,3.0,5.0,5.0,5.0,2.5900151147332324
1.0,3.0,4.0,1.0,1.0,1.0,1.1836560070524198
1.0,3.0,4.0,1.0,1.0,4.0,1.3623362095109388
1.0,3.0,4.0,1.0,2.0,1.0,1.1836560170172878
1.0,3.0,4.0,1.0,5.0,1.0,1.2600969614762625
1.0,3.0,4.0,2.0,1.0,2.0,1.6776664651222608
1.0,3.0,4.0,2.0,2.0,1.0,1.602087140046563
1.0,3.0,4.0,2.0,2.0,2.0,1.6776664451662933
1.0,3.0,4.0,2.0,3.0,2.0,1.6776664352250938
1.0,3.0,4.0,2.0,3.0,4.0,2.0205421763010776
1.0,3.0,4.0,2.0,4.0,4.0,2.21264921941401
1.0,3.0,4.0,3.0,1.0,1.0,1.3145045787006613
1.0,3.0,4.0,3.0,1.0,3.0,1.6776664458013621
1.0,3.0,4.0,3.0,1.0,4.0,1.6917249406048043
1.0,3.0,4.0,3.0,2.0,2.0,1.677666450981622
1.0,3.0,4.0,3.0,2.0,3.0,1.6776664423501186
1.0,3.0,4.0,3.0,3.0,1.0,1.6020871351716317
1.0,3.0,4.0,3.0,3.0,3.0,1.6776663782150691
1.0,3.0,4.0,3.0,4.0,3.0,2.0037373545099615
1.0,3.0,4.0,3.0,4.0,4.0,2.2126491939798396
1.0,3.0,4.0,3.0,5.0,3.0,2.0565705300997417
1.0,3.0,4.0,4.0,1.0,3.0,1.8100541627714135
1.0,3.0,4.0,4.0,1.0,4.0,1.8100541608728844
1.0,3.0,4.0,4.0,2.0,3.0,1.841632908281495
1.0,3.0,4.0,4.0,2.0,4.0,2.19991650063396
1.0,3.0,4.0,4.0,3.0,1.0,1.6020871371872962
1.0,3.0,4.0,4.0,3.0,3.0,2.13280679220787
1.0,3.0,4.0,4.0,3.0,4.0,2.1999164751705367
1.0,3.0,4.0,4.0,3.0,5.0,2.19991647127149
1.0,3.0,4.0,4.0,4.0,1.0,1.6020871236932752
1.0,3.0,4.0,4.0,4.0,3.0,2.1328067895666734
1.0,3.0,4.0,4.0,4.0,4.0,2.212649185817319
1.0,3.0,4.0,4.0,4.0,5.0,2.44848077802899
1.0,3.0,4.0,4.0,5.0,4.0,2.5147761332830494
1.0,3.0,4.0,5.0,1.0,3.0,1.8932314237026269
1.0,3.0,4.0,5.0,2.0,1.0,2.000831293686497
1.0,3.0,4.0,5.0,2.0,3.0,2.0687725032521915
1.0,3.0,4.0,5.0,3.0,3.0,2.132806793233489
1.0,3.0,4.0,5.0,3.0,4.0,2.19991647255309
1.0,3.0,4.0,5.0,4.0,3.0,2.3168255865807796
1.0,3.0,4.0,5.0,4.0,4.0,2.316825561127405
1.0,3.0,4.0,5.0,4.0,5.0,2.4484807027418083
1.0,3.0,4.0,5.0,5.0,4.0,2.6704377256175493
1.0,3.0,4.0,5.0,5.0,5.0,2.670437746309269
1.0,3.0,5.0,1.0,1.0,1.0,1.4196008452407032
1.0,3.0,5.0,1.0,2.0,1.0,1.4196008253201886
1.0,3.0,5.0,1.0,2.0,3.0,1.4825983636879245
1.0,3.0,5.0,2.0,1.0,2.0,1.7027910060598292
1.0,3.0,5.0,2.0,3.0,1.0,1.702791007443276
1.0,3.0,5.0,2.0,3.0,2.0,1.7027909969980772
1.0,3.0,5.0,3.0,3.0,3.0,2.448480859142706
1.0,3.0,5.0,4.0,2.0,3.0,1.841632887105432
1.0,3.0,5.0,4.0,4.0,4.0,2.448480847775311
1.0,3.0,5.0,5.0,1.0,5.0,2.0821327408990067
1.0,3.0,5.0,5.0,3.0,4.0,2.9317915573981397
1.0,3.0,5.0,5.0,5.0,4.0,2.9317915677003232
1.0,3.0,5.0,5.0,5.0,5.0,2.9548182125674596
1.0,4.0,1.0,1.0,1.0,1.0,1.1618019071128387
1.0,4.0,1.0,1.0,1.0,2.0,1.162032958419253
1.0,4.0,1.0,1.0,1.0,3.0,1.1621663805308355
1.0,4.0,1.0,1.0,2.0,1.0,1.1609225463802948
1.0,4.0,1.0,1.0,2.0,2.0,1.210032895962109
1.0,4.0,1.0,1.0,2.0,3.0,1.2100328853175493
1.0,4.0,1.0,1.0,3.0,1.0,1.160341398036374
1.0,4.0,1.0,1.0,3.0,2.0,1.2787106153223913
1.0,4.0,1.0,1.0,3.0,3.0,1.2787105797569474
1.0,4.0,1.0,1.0,3.0,4.0,1.2787105726704338
1.0,4.0,1.0,1.0,4.0,1.0,1.1600933513919858
1.0,4.0,1.0,1.0,4.0,2.0,1.2787105947435138
1.0,4.0,1.0,1.0,4.0,3.0,1.4200936424855872
1.0,4.0,1.0,1.0,4.0,4.0,1.5052811484734974
1.0,4.0,1.0,1.0,5.0,1.0,1.160093391422561
1.0,4.0,1.0,1.0,5.0,2.0,1.4825983556321911
1.0,4.0,1.0,2.0,1.0,1.0,1.1611624384119625
1.0,4.0,1.0,2.0,1.0,2.0,1.2256638050244424
1.0,4.0,1.0,2.0,1.0,3.0,1.2256638124948864
1.0,4.0,1.0,2.0,1.0,4.0,1.4200937036224348
1.0,4.0,1.0,2.0,2.0,1.0,1.1610549488033894
1.0,4.0,1.0,2.0,2.0,2.0,1.3023847881310961
1.0,4.0,1.0,2.0,2.0,3.0,1.3023847683951906
1.0,4.0,1.0,2.0,3.0,1.0,1.1653979352164454
1.0,4.0,1.0,2.0,3.0,2.0,1.4200936593895557
1.0,4.0,1.0,2.0,3.0,3.0,1.4200936068896408
1.0,4.0,1.0,2.0,3.0,4.0,1.545023143718971
1.0,4.0,1.0,2.0,4.0,1.0,1.1669443393685461
1.0,4.0,1.0,2.0,4.0,2.0,1.4200936394052088
1.0,4.0,1.0,2.0,4.0,3.0,1.4200936169085563
1.0,4.0,1.0,2.0,4.0,4.0,1.5450231160794086
1.0,4.0,1.0,2.0,5.0,2.0,1.4825983272027254
1.0,4.0,1.0,2.0,5.0,5.0,1.5464419162017653
1.0,4.0,1.0,3.0,1.0,1.0,1.1606406949786123
1.0,4.0,1.0,3.0,1.0,2.0,1.2256637772282633
1.0,4.0,1.0,3.0,1.0,3.0,1.2735985963097576
1.0,4.0,1.0,3.0,1.0,4.0,1.4200937130050597
1.0,4.0,1.0,3.0,2.0,1.0,1.2929890932214045
1.0,4.0,1.0,3.0,2.0,2.0,1.3023847830752446
1.0,4.0,1.0,3.0,2.0,3.0,1.3023847716816854
1.0,4.0,1.0,3.0,2.0,4.0,1.4200937010045207
1.0,4.0,1.0,3.0,3.0,1.0,1.292989087457438
1.0,4.0,1.0,3.0,3.0,2.0,1.4200936332424396
1.0,4.0,1.0,3.0,3.0,3.0,1.4200935790025508
1.0,4.0,1.0,3.0,3.0,4.0,1.54502310535777
1.0,4.0,1.0,3.0,4.0,1.0,1.4200936419432892
1.0,4.0,1.0,3.0,4.0,2.0,1.4200936175583478
1.0,4.0,1.0,3.0,4.0,3.0,1.4200935780770834
1.0,4.0,1.0,3.0,4.0,4.0,1.54502306270752
1.0,4.0,1.0,3.0,5.0,2.0,1.656455139099598
1.0,4.0,1.0,3.0,5.0,3.0,1.6564551229773337
1.0,4.0,1.0,4.0,1.0,1.0,1.1605051051358821
1.0,4.0,1.0,4.0,1.0,2.0,1.3325345871283638
1.0,4.0,1.0,4.0,1.0,3.0,1.420093749351824
1.0,4.0,1.0,4.0,1.0,4.0,1.4200937103663693
1.0,4.0,1.0,4.0,2.0,2.0,1.3325345859624627
1.0,4.0,1.0,4.0,2.0,3.0,1.4200937355169099
1.0,4.0,1.0,4.0,2.0,4.0,1.5184308573299368
1.0,4.0,1.0,4.0,3.0,1.0,1.292989077948329
1.0,4.0,1.0,4.0,3.0,2.0,1.4246076668270478
1.0,4.0,1.0,4.0,3.0,3.0,1.4246076553802078
1.0,4.0,1.0,4.0,3.0,4.0,1.5450230761370052
1.0,4.0,1.0,4.0,4.0,1.0,1.5041633532796117
1.0,4.0,1.0,4.0,4.0,2.0,1.5041633111994235
1.0,4.0,1.0,4.0,4.0,3.0,1.5450230109263463
1.0,4.0,1.0,4.0,4.0,4.0,1.5450230077461398
1.0,4.0,1.0,4.0,4.0,5.0,1.5450230308314723
1.0,4.0,1.0,4.0,5.0,3.0,1.6564551101005425
1.0,4.0,1.0,4.0,5.0,5.0,1.710126067858144
1.0,4.0,1.0,5.0,1.0,2.0,1.3775578924508418
1.0,4.0,1.0,5.0,1.0,3.0,1.4200937215484173
1.0,4.0,1.0,5.0,1.0,4.0,1.4200937016867339
1.0,4.0,1.0,5.0,1.0,5.0,1.4200936948109852
1.0,4.0,1.0,5.0,2.0,3.0,1.4200937253430452
1.0,4.0,1.0,5.0,2.0,4.0,1.5184308443761048
1.0,4.0,1.0,5.0,3.0,5.0,1.5787329426439973
1.0,4.0,1.0,5.0,4.0,1.0,1.5041633432046935
1.0,4.0,1.0,5.0,4.0,3.0,1.5450229990282436
1.0,4.0,1.0,5.0,4.0,4.0,1.6209730720971904
1.0,4.0,1.0,5.0,4.0,5.0,1.7508175791237424
1.0,4.0,1.0,5.0,5.0,4.0,1.65645510689362
1.0,4.0,1.0,5.0,5.0,5.0,1.7508175705374474
1.0,4.0,2.0,1.0,1.0,1.0,1.183655878468854
1.0,4.0,2.0,1.0,1.0,2.0,1.2939177642100692
1.0,4.0,2.0,1.0,1.0,3.0,1.2939177696743236
1.0,4.0,2.0,1.0,1.0,4.0,1.2939177659344545
1.0,4.0,2.0,1.0,2.0,1.0,1.1836559252853986
1.0,4.0,2.0,1.0,2.0,2.0,1.4093517254773456
1.0,4.0,2.0,1.0,2.0,3.0,1.5879645850836153
1.0,4.0,2.0,1.0,3.0,1.0,1.2352023563907715
1.0,4.0,2.0,1.0,3.0,2.0,1.6313165122274642
1.0,4.0,2.0,1.0,3.0,3.0,1.6313164898571542
1.0,4.0,2.0,1.0,3.0,4.0,1.6313164839300327
1.0,4.0,2.0,1.0,4.0,1.0,1.2352023461247852
1.0,4.0,2.0,1.0,4.0,2.0,1.6313164979954418
1.0,4.0,2.0,1.0,4.0,3.0,1.6313164907518103
1.0,4.0,2.0,1.0,4.0,4.0,1.9072412384351087
1.0,4.0,2.0,1.0,5.0,4.0,1.9072412318812553
1.0,4.0,2.0,2.0,1.0,1.0,1.3145045222650527
1.0,4.0,2.0,2.0,1.0,2.0,1.4432067893971072
1.0,4.0,2.0,2.0,1.0,3.0,1.44511626072533
1.0,4.0,2.0,2.0,1.0,4.0,1.4451162345305202
1.0,4.0,2.0,2.0,2.0,1.0,1.3145045414051129
1.0,4.0,2.0,2.0,2.0,2.0,1.671961518201964
1.0,4.0,2.0,2.0,2.0,3.0,1.6719615023773358
1.0,4.0,2.0,2.0,2.0,4.0,1.8195053395259555
1.0,4.0,2.0,2.0,3.0,1.0,1.3145045389635222
1.0,4.0,2.0,2.0,3.0,2.0,1.671961450829646
1.0,4.0,2.0,2.0,3.0,3.0,1.67196146921736
1.0,4.0,2.0,2.0,4.0,1.0,1.314504533647646
1.0,4.0,2.0,2.0,4.0,2.0,1.7658108859502437
1.0,4.0,2.0,2.0,4.0,3.0,1.9088858928872814
1.0,4.0,2.0,2.0,4.0,4.0,1.908885852077961
1.0,4.0,2.0,2.0,5.0,3.0,1.9226277601419366
1.0,4.0,2.0,3.0,1.0,1.0,1.3145044695838795
1.0,4.0,2.0,3.0,1.0,2.0,1.4571879626096687
1.0,4.0,2.0,3.0,1.0,3.0,1.6719615973667836
1.0,4.0,2.0,3.0,1.0,4.0,1.6719616018669565
1.0,4.0,2.0,3.0,2.0,1.0,1.3145045163094995
1.0,4.0,2.0,3.0,2.0,2.0,1.6719614911397167
1.0,4.0,2.0,3.0,2.0,3.0,1.6719615073795653
1.0,4.0,2.0,3.0,2.0,4.0,1.8195053364704974
1.0,4.0,2.0,3.0,3.0,1.0,1.3794526309576036
1.0,4.0,2.0,3.0,3.0,2.0,1.671961381432386
1.0,4.0,2.0,3.0,3.0,3.0,1.8678309935724369
1.0,4.0,2.0,3.0,3.0,4.0,1.8678309967438784
1.0,4.0,2.0,3.0,4.0,2.0,1.8980711871390124
1.0,4.0,2.0,3.0,4.0,3.0,1.9226277573428339
1.0,4.0,2.0,3.0,4.0,4.0,1.922627681838572
1.0,4.0,2.0,3.0,5.0,3.0,1.9226277511022412
1.0,4.0,2.0,3.0,5.0,4.0,2.1882891509223765
1.0,4.0,2.0,4.0,1.0,1.0,1.3976803479515245
1.0,4.0,2.0,4.0,1.0,2.0,1.6839421125471639
1.0,4.0,2.0,4.0,1.0,3.0,1.6839420346178433
1.0,4.0,2.0,4.0,1.0,4.0,1.6839419595340683
1.0,4.0,2.0,4.0,2.0,1.0,1.5667913600741699
1.0,4.0,2.0,4.0,2.0,2.0,1.8288011138184588
1.0,4.0,2.0,4.0,2.0,3.0,1.8288010994238377
1.0,4.0,2.0,4.0,2.0,4.0,1.8416328805850246
1.0,4.0,2.0,4.0,3.0,1.0,1.7658108755747273
1.0,4.0,2.0,4.0,3.0,2.0,1.8980711948482287
1.0,4.0,2.0,4.0,3.0,3.0,1.977277898205017
1.0,4.0,2.0,4.0,3.0,4.0,2.0032677576389792
1.0,4.0,2.0,4.0,4.0,2.0,1.8980711787624802
1.0,4.0,2.0,4.0,4.0,3.0,2.0025946674122954
1.0,4.0,2.0,4.0,4.0,4.0,2.1069128971644697
1.0,4.0,2.0,4.0,4.0,5.0,2.2676473459234527
1.0,4.0,2.0,4.0,5.0,3.0,2.2262078980141555
1.0,4.0,2.0,4.0,5.0,4.0,2.226207878860536
1.0,4.0,2.0,4.0,5.0,5.0,2.2676473361782326
1.0,4.0,2.0,5.0,1.0,1.0,1.4493742165056513
1.0,4.0,2.0,5.0,1.0,3.0,1.82910299578483
1.0,4.0,2.0,5.0,1.0,4.0,1.829102992470935
1.0,4.0,2.0,5.0,2.0,2.0,1.8288010883337724
1.0,4.0,2.0,5.0,2.0,3.0,1.9772778434827698
1.0,4.0,2.0,5.0,3.0,4.0,2.0058147257159873
1.0,4.0,2.0,5.0,3.0,5.0,2.267647377718515
1.0,4.0,2.0,5.0,4.0,4.0,2.1069129053844136
1.0,4.0,2.0,5.0,4.0,5.0,2.2676473519202642
1.0,4.0,2.0,5.0,5.0,3.0,2.267647341310825
1.0,4.0,2.0,5.0,5.0,4.0,2.267647329317309
1.0,4.0,2.0,5.0,5.0,5.0,2.267647335926554
1.0,4.0,3.0,1.0,1.0,1.0,1.1836558514412214
1.0,4.0,3.0,1.0,1.0,2.0,1.354217214793133
1.0,4.0,3.0,1.0,1.0,3.0,1.3542172034441242
1.0,4.0,3.0,1.0,1.0,4.0,1.5895438742483972
1.0,4.0,3.0,1.0,2.0,1.0,1.2026784462659512
1.0,4.0,3.0,1.0,2.0,2.0,1.5879645909167703
1.0,4.0,3.0,1.0,2.0,3.0,1.5879645771641422
1.0,4.0,3.0,1.0,2.0,4.0,1.5895438962063817
1.0,4.0,3.0,1.0,3.0,1.0,1.2600969615516535
1.0,4.0,3.0,1.0,3.0,2.0,1.6313164639007827
1.0,4.0,3.0,1.0,3.0,3.0,1.67272932479409
1.0,4.0,3.0,1.0,3.0,4.0,1.6727293129287635
1.0,4.0,3.0,1.0,3.0,5.0,1.672729307676219
1.0,4.0,3.0,1.0,4.0,1.0,1.2600969656211167
1.0,4.0,3.0,1.0,4.0,2.0,1.6727293189736683
1.0,4.0,3.0,1.0,4.0,3.0,1.6727293175539055
1.0,4.0,3.0,1.0,4.0,4.0,2.202002094060366
1.0,4.0,3.0,1.0,5.0,2.0,1.9997228520332637
1.0,4.0,3.0,1.0,5.0,5.0,2.2020020878051176
1.0,4.0,3.0,2.0,1.0,1.0,1.3145045569500606
1.0,4.0,3.0,2.0,1.0,2.0,1.4432067941327982
1.0,4.0,3.0,2.0,1.0,3.0,1.5012066748963697
1.0,4.0,3.0,2.0,1.0,4.0,1.5895438594416793
1.0,4.0,3.0,2.0,2.0,1.0,1.314504561801738
1.0,4.0,3.0,2.0,2.0,2.0,1.6773687045052927
1.0,4.0,3.0,2.0,2.0,3.0,1.6776664257210405
1.0,4.0,3.0,2.0,3.0,1.0,1.31450454783437
1.0,4.0,3.0,2.0,3.0,2.0,1.8205409906788463
1.0,4.0,3.0,2.0,3.0,3.0,1.928977353117956
1.0,4.0,3.0,2.0,3.0,4.0,2.0205422017895027
1.0,4.0,3.0,2.0,4.0,1.0,1.5128637779916945
1.0,4.0,3.0,2.0,4.0,2.0,1.9146802815177535
1.0,4.0,3.0,2.0,4.0,3.0,2.0037373382973143
1.0,4.0,3.0,2.0,4.0,4.0,2.202002092324959
1.0,4.0,3.0,2.0,5.0,2.0,1.9997228376087457
1.0,4.0,3.0,2.0,5.0,3.0,2.003737309006189
1.0,4.0,3.0,2.0,5.0,5.0,2.3833488889318044
1.0,4.0,3.0,3.0,1.0,1.0,1.3145045245834979
1.0,4.0,3.0,3.0,1.0,2.0,1.4571879641062473
1.0,4.0,3.0,3.0,1.0,3.0,1.671961604084102
1.0,4.0,3.0,3.0,1.0,4.0,1.8100541635446175
1.0,4.0,3.0,3.0,2.0,1.0,1.512863796795721
1.0,4.0,3.0,3.0,2.0,2.0,1.6773686219789259
1.0,4.0,3.0,3.0,2.0,3.0,1.928977398885778
1.0,4.0,3.0,3.0,2.0,4.0,2.104962436802503
1.0,4.0,3.0,3.0,3.0,1.0,1.5128637820187665
1.0,4.0,3.0,3.0,3.0,2.0,1.8205409827935994
1.0,4.0,3.0,3.0,3.0,3.0,1.928977333373808
1.0,4.0,3.0,3.0,3.0,4.0,2.1049624158401454
1.0,4.0,3.0,3.0,4.0,1.0,1.5128637734034678
1.0,4.0,3.0,3.0,4.0,2.0,1.9146802759237904
1.0,4.0,3.0,3.0,4.0,3.0,2.003737339518943
1.0,4.0,3.0,3.0,4.0,4.0,2.2895462862783984
1.0,4.0,3.0,3.0,4.0,5.0,2.2895462343623714
1.0,4.0,3.0,3.0,5.0,3.0,2.2103423463194583
1.0,4.0,3.0,3.0,5.0,4.0,2.289546240192387
1.0,4.0,3.0,3.0,5.0,5.0,2.3833488820615765
1.0,4.0,3.0,4.0,1.0,1.0,1.449374262851519
1.0,4.0,3.0,4.0,1.0,3.0,1.8100541788279665
1.0,4.0,3.0,4.0,1.0,4.0,1.8100541641719137
1.0,4.0,3.0,4.0,1.0,5.0,2.03225683611925
1.0,4.0,3.0,4.0,2.0,1.0,1.6749315935729467
1.0,4.0,3.0,4.0,2.0,2.0,1.8416329085964487
1.0,4.0,3.0,4.0,2.0,3.0,2.1049624182000546
1.0,4.0,3.0,4.0,2.0,4.0,2.1049624050883704
1.0,4.0,3.0,4.0,3.0,1.0,1.7658108749006907
1.0,4.0,3.0,4.0,3.0,2.0,1.8980711920550466
1.0,4.0,3.0,4.0,3.0,3.0,2.1049623478739887
1.0,4.0,3.0,4.0,3.0,4.0,2.1049623484952606
1.0,4.0,3.0,4.0,3.0,5.0,2.104962339620802
1.0,4.0,3.0,4.0,4.0,2.0,1.9146802601486588
1.0,4.0,3.0,4.0,4.0,3.0,2.104962340914481
1.0,4.0,3.0,4.0,4.0,4.0,2.2895462879678874
1.0,4.0,3.0,4.0,4.0,5.0,2.289546229481578
1.0,4.0,3.0,4.0,5.0,3.0,2.383348918374467
1.0,4.0,3.0,4.0,5.0,4.0,2.3833489054753043
1.0,4.0,3.0,4.0,5.0,5.0,2.3833488868505293
1.0,4.0,3.0,5.0,1.0,3.0,1.8932314218360868
1.0,4.0,3.0,5.0,1.0,4.0,1.8932314086803488
1.0,4.0,3.0,5.0,1.0,5.0,2.0484077790746014
1.0,4.0,3.0,5.0,2.0,1.0,1.674931549323955
1.0,4.0,3.0,5.0,2.0,3.0,2.10496238326309
1.0,4.0,3.0,5.0,2.0,5.0,2.267647384467699
1.0,4.0,3.0,5.0,3.0,2.0,2.0162313336496127
1.0,4.0,3.0,5.0,3.0,3.0,2.104962352629648
1.0,4.0,3.0,5.0,3.0,4.0,2.2676474376875837
1.0,4.0,3.0,5.0,3.0,5.0,2.2676473758632
1.0,4.0,3.0,5.0,4.0,2.0,2.1049623666049895
1.0,4.0,3.0,5.0,4.0,3.0,2.1049623402334756
1.0,4.0,3.0,5.0,4.0,4.0,2.3168255619526015
1.0,4.0,3.0,5.0,4.0,5.0,2.448480607017416
1.0,4.0,3.0,5.0,5.0,2.0,2.3475111125193475
1.0,4.0,3.0,5.0,5.0,3.0,2.5900150645860056
1.0,4.0,3.0,5.0,5.0,5.0,2.59001506291371
1.0,4.0,4.0,1.0,1.0,1.0,1.1836559175989343
1.0,4.0,4.0,1.0,1.0,2.0,1.3542171934785763
1.0,4.0,4.0,1.0,2.0,1.0,1.3695461425100586
1.0,4.0,4.0,1.0,2.0,2.0,1.5879645874492034
1.0,4.0,4.0,1.0,2.0,3.0,1.672729292332724
1.0,4.0,4.0,1.0,2.0,5.0,1.6727292715623976
1.0,4.0,4.0,1.0,3.0,1.0,1.3695461232996078
1.0,4.0,4.0,1.0,3.0,2.0,1.6727293129017795
1.0,4.0,4.0,1.0,3.0,3.0,1.6727292936251343
1.0,4.0,4.0,1.0,3.0,4.0,1.6727292834600684
1.0,4.0,4.0,1.0,4.0,1.0,1.369546113941966
1.0,4.0,4.0,1.0,4.0,2.0,1.6727293116643678
1.0,4.0,4.0,2.0,1.0,1.0,1.3145045500698354
1.0,4.0,4.0,2.0,1.0,2.0,1.8100542813655165
1.0,4.0,4.0,2.0,2.0,1.0,1.6020871316335996
1.0,4.0,4.0,2.0,2.0,2.0,1.8100542225993679
1.0,4.0,4.0,2.0,2.0,3.0,1.8100541993647696
1.0,4.0,4.0,2.0,3.0,2.0,1.8205409431509114
1.0,4.0,4.0,2.0,3.0,3.0,1.9289773259498388
1.0,4.0,4.0,2.0,3.0,4.0,2.0205421738018146
1.0,4.0,4.0,2.0,4.0,2.0,2.0053415427866508
1.0,4.0,4.0,2.0,4.0,3.0,2.32774608690736
1.0,4.0,4.0,3.0,1.0,1.0,1.4229053741383086
1.0,4.0,4.0,3.0,1.0,2.0,1.810054233260752
1.0,4.0,4.0,3.0,1.0,3.0,1.8100541783995143
1.0,4.0,4.0,3.0,1.0,4.0,1.8100541572283164
1.0,4.0,4.0,3.0,2.0,2.0,1.99931471754941
1.0,4.0,4.0,3.0,2.0,3.0,2.3271318959088148
1.0,4.0,4.0,3.0,2.0,4.0,2.32774617274265
1.0,4.0,4.0,3.0,3.0,2.0,2.0054532285464477
1.0,4.0,4.0,3.0,3.0,3.0,2.3277462143004652
1.0,4.0,4.0,3.0,3.0,4.0,2.3277461620683986
1.0,4.0,4.0,3.0,3.0,5.0,2.514776156131597
1.0,4.0,4.0,3.0,4.0,1.0,1.602087113704576
1.0,4.0,4.0,3.0,4.0,2.0,2.0309958560867556
1.0,4.0,4.0,3.0,4.0,4.0,2.32774605938713
1.0,4.0,4.0,4.0,1.0,1.0,1.4493742154020628
1.0,4.0,4.0,4.0,1.0,3.0,1.810054156751505
1.0,4.0,4.0,4.0,1.0,4.0,1.8100541535254144
1.0,4.0,4.0,4.0,2.0,3.0,2.3277461768082865
1.0,4.0,4.0,4.0,2.0,4.0,2.3277461628059632
1.0,4.0,4.0,4.0,3.0,3.0,2.479402001990058
1.0,4.0,4.0,4.0,3.0,4.0,2.5147761393776102
1.0,4.0,4.0,4.0,3.0,5.0,2.514776142708184
1.0,4.0,4.0,4.0,4.0,1.0,2.026886085327557
1.0,4.0,4.0,4.0,4.0,2.0,2.0471468252386686
1.0,4.0,4.0,4.0,4.0,3.0,2.514776112072092
1.0,4.0,4.0,4.0,4.0,4.0,2.514776117998538
1.0,4.0,4.0,4.0,4.0,5.0,2.5147760966517585
1.0,4.0,4.0,4.0,5.0,4.0,2.514776114081191
1.0,4.0,4.0,4.0,5.0,5.0,2.670437717132408
1.0,4.0,4.0,5.0,1.0,3.0,2.0190714379412023
1.0,4.0,4.0,5.0,1.0,4.0,2.0297938559618474
1.0,4.0,4.0,5.0,1.0,5.0,2.0765582585023172
1.0,4.0,4.0,5.0,3.0,4.0,2.514776143336678
1.0,4.0,4.0,5.0,3.0,5.0,2.51477613479079
1.0,4.0,4.0,5.0,4.0,4.0,2.514776107097151
1.0,4.0,4.0,5.0,4.0,5.0,2.5147760735309106
1.0,4.0,4.0,5.0,5.0,3.0,2.670437701691182
1.0,4.0,4.0,5.0,5.0,5.0,2.670437701580676
1.0,4.0,5.0,1.0,1.0,1.0,1.4196008252886718
1.0,4.0,5.0,1.0,3.0,4.0,1.6727292636229845
1.0,4.0,5.0,1.0,4.0,1.0,1.7851059161303549
1.0,4.0,5.0,2.0,3.0,1.0,2.238335661422846
1.0,4.0,5.0,3.0,3.0,3.0,2.479402000934191
1.0,4.0,5.0,3.0,3.0,4.0,2.514776105147168
1.0,4.0,5.0,4.0,1.0,4.0,2.068297056646406
1.0,4.0,5.0,4.0,3.0,2.0,2.2383356573298054
1.0,4.0,5.0,4.0,3.0,3.0,2.4794019803127454
1.0,4.0,5.0,4.0,4.0,4.0,2.5147760947043687
1.0,4.0,5.0,4.0,5.0,4.0,2.514776090067482
1.0,4.0,5.0,4.0,5.0,5.0,2.9548182488099806
1.0,4.0,5.0,5.0,3.0,4.0,2.9317915411982787
1.0,4.0,5.0,5.0,4.0,2.0,2.385398863285659
1.0,4.0,5.0,5.0,4.0,4.0,2.931791528795978
1.0,4.0,5.0,5.0,5.0,4.0,2.9317915090385096
1.0,4.0,5.0,5.0,5.0,5.0,2.954818208296824
1.0,5.0,1.0,1.0,1.0,1.0,1.1621553018249577
1.0,5.0,1.0,1.0,1.0,2.0,1.1622011043918137
1.0,5.0,1.0,1.0,1.0,3.0,1.162210926118907
1.0,5.0,1.0,1.0,1.0,4.0,1.16223999610071
1.0,5.0,1.0,1.0,2.0,1.0,1.196407156486141
1.0,5.0,1.0,1.0,2.0,2.0,1.2100328624429193
1.0,5.0,1.0,1.0,2.0,3.0,1.2100328627825137
1.0,5.0,1.0,1.0,3.0,1.0,1.1964071110870635
1.0,5.0,1.0,1.0,3.0,2.0,1.2787106019179568
1.0,5.0,1.0,1.0,3.0,3.0,1.2787105872580322
1.0,5.0,1.0,1.0,3.0,4.0,1.5450231339991942
1.0,5.0,1.0,1.0,4.0,1.0,1.1964070722764755
1.0,5.0,1.0,1.0,4.0,2.0,1.420093628161315
1.0,5.0,1.0,1.0,4.0,3.0,1.420093616804547
1.0,5.0,1.0,1.0,4.0,4.0,1.5450231144037816
1.0,5.0,1.0,1.0,5.0,1.0,1.1964070347214604
1.0,5.0,1.0,1.0,5.0,3.0,1.6564550788744206
1.0,5.0,1.0,1.0,5.0,5.0,1.7508176573466752
1.0,5.0,1.0,2.0,1.0,1.0,1.1616988445252316
1.0,5.0,1.0,2.0,1.0,2.0,1.2483419125691553
1.0,5.0,1.0,2.0,1.0,3.0,1.3287553241863002
1.0,5.0,1.0,2.0,1.0,4.0,1.4200936893408627
1.0,5.0,1.0,2.0,2.0,1.0,1.1964071559139788
1.0,5.0,1.0,2.0,2.0,2.0,1.3023847268114064
1.0,5.0,1.0,2.0,2.0,3.0,1.4200936595165956
1.0,5.0,1.0,2.0,2.0,4.0,1.4200936783660951
1.0,5.0,1.0,2.0,3.0,1.0,1.4200936483088558
1.0,5.0,1.0,2.0,3.0,2.0,1.4200936374689963
1.0,5.0,1.0,2.0,3.0,3.0,1.4200936379627243
1.0,5.0,1.0,2.0,3.0,4.0,1.5450231158308811
1.0,5.0,1.0,2.0,3.0,5.0,1.5787329335107114
1.0,5.0,1.0,2.0,4.0,2.0,1.4200936246320828
1.0,5.0,1.0,2.0,4.0,3.0,1.4200936205602448
1.0,5.0,1.0,2.0,4.0,4.0,1.5450231137765422
1.0,5.0,1.0,2.0,4.0,5.0,1.7508176353862022
1.0,5.0,1.0,2.0,5.0,2.0,1.4825983126519384
1.0,5.0,1.0,2.0,5.0,3.0,1.6564550787575014
1.0,5.0,1.0,2.0,5.0,4.0,1.656455057226563
1.0,5.0,1.0,2.0,5.0,5.0,1.7508176447272685
1.0,5.0,1.0,3.0,1.0,1.0,1.3145042134373655
1.0,5.0,1.0,3.0,1.0,2.0,1.3695650392484144
1.0,5.0,1.0,3.0,1.0,3.0,1.420093723367543
1.0,5.0,1.0,3.0,1.0,4.0,1.4200937026987104
1.0,5.0,1.0,3.0,1.0,5.0,1.4200936955386398
1.0,5.0,1.0,3.0,2.0,1.0,1.3145041125486148
1.0,5.0,1.0,3.0,2.0,2.0,1.3695650161845248
1.0,5.0,1.0,3.0,2.0,3.0,1.4200936907669923
1.0,5.0,1.0,3.0,2.0,4.0,1.4200936898875096
1.0,5.0,1.0,3.0,3.0,1.0,1.4200936188735005
1.0,5.0,1.0,3.0,3.0,2.0,1.420093632489676
1.0,5.0,1.0,3.0,3.0,3.0,1.4200936125407768
1.0,5.0,1.0,3.0,3.0,4.0,1.5450230904643314
1.0,5.0,1.0,3.0,4.0,1.0,1.495779719800182
1.0,5.0,1.0,3.0,4.0,2.0,1.5787329396999166
1.0,5.0,1.0,3.0,4.0,3.0,1.5787329225657782
1.0,5.0,1.0,3.0,4.0,4.0,1.5787329182341407
1.0,5.0,1.0,3.0,5.0,2.0,1.6564551136035093
1.0,5.0,1.0,3.0,5.0,3.0,1.6564550928844939
1.0,5.0,1.0,3.0,5.0,4.0,1.7508176695128517
1.0,5.0,1.0,3.0,5.0,5.0,1.7508176577236767
1.0,5.0,1.0,4.0,1.0,1.0,1.3145040897150257
1.0,5.0,1.0,4.0,1.0,2.0,1.3695650272871576
1.0,5.0,1.0,4.0,1.0,3.0,1.4200937361022938
1.0,5.0,1.0,4.0,1.0,4.0,1.4200937186843239
1.0,5.0,1.0,4.0,2.0,2.0,1.3695650000279174
1.0,5.0,1.0,4.0,2.0,3.0,1.4200937146951504
1.0,5.0,1.0,4.0,2.0,4.0,1.578732982890171
1.0,5.0,1.0,4.0,3.0,1.0,1.4200936068278054
1.0,5.0,1.0,4.0,3.0,2.0,1.5066663911194282
1.0,5.0,1.0,4.0,3.0,3.0,1.5687346791568018
1.0,5.0,1.0,4.0,3.0,4.0,1.5787329417399794
1.0,5.0,1.0,4.0,4.0,1.0,1.5041633097294937
1.0,5.0,1.0,4.0,4.0,2.0,1.5787329317250451
1.0,5.0,1.0,4.0,4.0,3.0,1.578732897774824
1.0,5.0,1.0,4.0,4.0,4.0,1.5787328937830618
1.0,5.0,1.0,4.0,4.0,5.0,1.7508176211077657
1.0,5.0,1.0,4.0,5.0,1.0,1.5041632804950404
1.0,5.0,1.0,4.0,5.0,2.0,1.656455100240728
1.0,5.0,1.0,4.0,5.0,3.0,1.6564550973405145
1.0,5.0,1.0,4.0,5.0,4.0,1.7508176451257422
1.0,5.0,1.0,4.0,5.0,5.0,1.7508176149622219
1.0,5.0,1.0,5.0,1.0,1.0,1.3145040135591664
1.0,5.0,1.0,5.0,1.0,2.0,1.3775578488324587
1.0,5.0,1.0,5.0,1.0,3.0,1.420093717572791
1.0,5.0,1.0,5.0,1.0,4.0,1.4200937016050745
1.0,5.0,1.0,5.0,1.0,5.0,1.4200936843206051
1.0,5.0,1.0,5.0,2.0,1.0,1.3145040415206346
1.0,5.0,1.0,5.0,2.0,2.0,1.377557837361802
1.0,5.0,1.0,5.0,2.0,3.0,1.4200937080935225
1.0,5.0,1.0,5.0,3.0,1.0,1.568734661453145
1.0,5.0,1.0,5.0,3.0,2.0,1.5687346472844121
1.0,5.0,1.0,5.0,3.0,3.0,1.5687346194024503
1.0,5.0,1.0,5.0,3.0,5.0,1.5787329238234447
1.0,5.0,1.0,5.0,4.0,3.0,1.6209730602460712
1.0,5.0,1.0,5.0,4.0,4.0,1.6209730576820667
1.0,5.0,1.0,5.0,4.0,5.0,1.750817576608729
1.0,5.0,1.0,5.0,5.0,1.0,1.6564551239544165
1.0,5.0,1.0,5.0,5.0,3.0,1.656455106054502
1.0,5.0,1.0,5.0,5.0,4.0,1.7508175762845866
1.0,5.0,1.0,5.0,5.0,5.0,1.7508175285531438
1.0,5.0,2.0,1.0,1.0,1.0,1.18365582826606
1.0,5.0,2.0,1.0,1.0,2.0,1.4571879478759988
1.0,5.0,2.0,1.0,1.0,3.0,1.4571879380574404
1.0,5.0,2.0,1.0,2.0,1.0,1.197657437843541
1.0,5.0,2.0,1.0,2.0,2.0,1.4935818317930014
1.0,5.0,2.0,1.0,2.0,3.0,1.5998914289806885
1.0,5.0,2.0,1.0,3.0,1.0,1.2352023486512345
1.0,5.0,2.0,1.0,3.0,2.0,1.6313164854869153
1.0,5.0,2.0,1.0,3.0,3.0,1.6313164722701134
1.0,5.0,2.0,1.0,3.0,4.0,1.6313164670407494
1.0,5.0,2.0,1.0,4.0,2.0,1.631316485752787
1.0,5.0,2.0,1.0,4.0,4.0,1.9072412277028024
1.0,5.0,2.0,1.0,5.0,1.0,1.6255113891672637
1.0,5.0,2.0,1.0,5.0,2.0,1.63131646504305
1.0,5.0,2.0,1.0,5.0,3.0,1.9072412179575693
1.0,5.0,2.0,1.0,5.0,4.0,1.907241216584779
1.0,5.0,2.0,1.0,5.0,5.0,1.9072411877283109
1.0,5.0,2.0,2.0,1.0,1.0,1.314504445446903
1.0,5.0,2.0,2.0,1.0,2.0,1.457187941795156
1.0,5.0,2.0,2.0,1.0,3.0,1.4571879188353893
1.0,5.0,2.0,2.0,1.0,4.0,1.7757139584552513
1.0,5.0,2.0,2.0,1.0,5.0,1.8291029635474234
1.0,5.0,2.0,2.0,2.0,1.0,1.454294713328089
1.0,5.0,2.0,2.0,2.0,2.0,1.671961523010779
1.0,5.0,2.0,2.0,2.0,3.0,1.671961488177346
1.0,5.0,2.0,2.0,2.0,4.0,1.8815925629470072
1.0,5.0,2.0,2.0,3.0,1.0,1.4542947114933353
1.0,5.0,2.0,2.0,3.0,2.0,1.6912120499150063
1.0,5.0,2.0,2.0,3.0,3.0,1.8815925838391936
1.0,5.0,2.0,2.0,3.0,4.0,1.881592563037465
1.0,5.0,2.0,2.0,4.0,1.0,1.765810868445499
1.0,5.0,2.0,2.0,4.0,2.0,1.765810864727957
1.0,5.0,2.0,2.0,4.0,4.0,2.0095920559022526
1.0,5.0,2.0,2.0,5.0,1.0,1.7725618112330093
1.0,5.0,2.0,2.0,5.0,2.0,1.922627730550012
1.0,5.0,2.0,2.0,5.0,3.0,1.9226277305812776
1.0,5.0,2.0,2.0,5.0,4.0,2.1882891544988943
1.0,5.0,2.0,2.0,5.0,5.0,2.2676473229389753
1.0,5.0,2.0,3.0,1.0,1.0,1.314504358988836
1.0,5.0,2.0,3.0,1.0,2.0,1.4571879398969567
1.0,5.0,2.0,3.0,1.0,3.0,1.7126307912298622
1.0,5.0,2.0,3.0,2.0,2.0,1.8157221029584307
1.0,5.0,2.0,3.0,2.0,3.0,1.8815925954501465
1.0,5.0,2.0,3.0,2.0,4.0,2.0908685945585925
1.0,5.0,2.0,3.0,3.0,1.0,1.6666705274683289
1.0,5.0,2.0,3.0,3.0,2.0,1.820540982527534
1.0,5.0,2.0,3.0,3.0,3.0,1.8815925839174803
1.0,5.0,2.0,3.0,3.0,4.0,2.090868570497214
1.0,5.0,2.0,3.0,4.0,1.0,1.7658108671938981
1.0,5.0,2.0,3.0,4.0,2.0,2.002594633776681
1.0,5.0,2.0,3.0,4.0,3.0,2.00259458832533
1.0,5.0,2.0,3.0,4.0,4.0,2.090868553188614
1.0,5.0,2.0,3.0,4.0,5.0,2.2676473360977996
1.0,5.0,2.0,3.0,5.0,2.0,2.002594624959081
1.0,5.0,2.0,3.0,5.0,3.0,2.0213228629420867
1.0,5.0,2.0,3.0,5.0,4.0,2.1882891400033153
1.0,5.0,2.0,3.0,5.0,5.0,2.2676473196565015
1.0,5.0,2.0,4.0,1.0,1.0,1.3976803505811257
1.0,5.0,2.0,4.0,1.0,2.0,1.7757139664716048
1.0,5.0,2.0,4.0,1.0,3.0,1.7757139603005212
1.0,5.0,2.0,4.0,1.0,4.0,1.7757139549365637
1.0,5.0,2.0,4.0,2.0,2.0,1.828801079108065
1.0,5.0,2.0,4.0,2.0,3.0,1.8815925680583896
1.0,5.0,2.0,4.0,2.0,4.0,2.106912897891293
1.0,5.0,2.0,4.0,3.0,2.0,1.898071196550031
1.0,5.0,2.0,4.0,3.0,3.0,1.9772778848836816
1.0,5.0,2.0,4.0,3.0,4.0,2.1069128761189444
1.0,5.0,2.0,4.0,4.0,1.0,1.765810860022047
1.0,5.0,2.0,4.0,4.0,2.0,2.0025946139172013
1.0,5.0,2.0,4.0,4.0,3.0,2.002594603423967
1.0,5.0,2.0,4.0,4.0,4.0,2.106912812504283
1.0,5.0,2.0,4.0,4.0,5.0,2.267647334047297
1.0,5.0,2.0,4.0,5.0,3.0,2.267647328294879
1.0,5.0,2.0,4.0,5.0,4.0,2.2676473224600886
1.0,5.0,2.0,4.0,5.0,5.0,2.2676473031808335
1.0,5.0,2.0,5.0,1.0,3.0,1.829102990928107
1.0,5.0,2.0,5.0,1.0,4.0,1.8291029755088684
1.0,5.0,2.0,5.0,1.0,5.0,1.8291029625094057
1.0,5.0,2.0,5.0,2.0,2.0,1.8288010709030997
1.0,5.0,2.0,5.0,2.0,3.0,1.977277840687074
1.0,5.0,2.0,5.0,2.0,5.0,2.2676474238301285
1.0,5.0,2.0,5.0,3.0,2.0,1.898071163043537
1.0,5.0,2.0,5.0,3.0,3.0,1.9772778385718712
1.0,5.0,2.0,5.0,3.0,4.0,2.1069128649642486
1.0,5.0,2.0,5.0,3.0,5.0,2.267647381945523
1.0,5.0,2.0,5.0,4.0,3.0,2.0135956521082274
1.0,5.0,2.0,5.0,4.0,4.0,2.267647333954498
1.0,5.0,2.0,5.0,4.0,5.0,2.2676473315404047
1.0,5.0,2.0,5.0,5.0,1.0,1.7725617907802163
1.0,5.0,2.0,5.0,5.0,2.0,2.00259460519833
1.0,5.0,2.0,5.0,5.0,3.0,2.2676473282283736
1.0,5.0,2.0,5.0,5.0,4.0,2.267647315590795
1.0,5.0,2.0,5.0,5.0,5.0,2.2676472575678117
1.0,5.0,3.0,1.0,1.0,1.0,1.1836557813244835
1.0,5.0,3.0,1.0,1.0,2.0,1.457187946692036
1.0,5.0,3.0,1.0,1.0,3.0,1.4571879357095334
1.0,5.0,3.0,1.0,1.0,4.0,1.589543856465558
1.0,5.0,3.0,1.0,2.0,1.0,1.2026784328218438
1.0,5.0,3.0,1.0,2.0,2.0,1.5879645748410924
1.0,5.0,3.0,1.0,2.0,3.0,1.5998914192486056
1.0,5.0,3.0,1.0,2.0,4.0,2.0045741464652562
1.0,5.0,3.0,1.0,3.0,1.0,1.260096931370054
1.0,5.0,3.0,1.0,3.0,2.0,1.6674005594312002
1.0,5.0,3.0,1.0,3.0,3.0,1.857342621154825
1.0,5.0,3.0,1.0,3.0,4.0,2.0045741173168836
1.0,5.0,3.0,1.0,3.0,5.0,2.3052331252970055
1.0,5.0,3.0,1.0,4.0,2.0,1.6727292871400983
1.0,5.0,3.0,1.0,4.0,3.0,2.0004788560303957
1.0,5.0,3.0,1.0,4.0,4.0,2.2020020841024617
1.0,5.0,3.0,1.0,5.0,2.0,1.9997228355800711
1.0,5.0,3.0,1.0,5.0,3.0,2.210342346034742
1.0,5.0,3.0,1.0,5.0,4.0,2.32774602740759
1.0,5.0,3.0,1.0,5.0,5.0,2.3277460138168267
1.0,5.0,3.0,2.0,1.0,1.0,1.399055948843647
1.0,5.0,3.0,2.0,1.0,2.0,1.4571879398867598
1.0,5.0,3.0,2.0,1.0,3.0,1.67766641031415
1.0,5.0,3.0,2.0,2.0,1.0,1.454294709549017
1.0,5.0,3.0,2.0,2.0,2.0,1.677368690817231
1.0,5.0,3.0,2.0,2.0,3.0,1.677666406344149
1.0,5.0,3.0,2.0,3.0,1.0,1.4542947036032365
1.0,5.0,3.0,2.0,3.0,2.0,1.8205409834384207
1.0,5.0,3.0,2.0,3.0,3.0,2.111106926720031
1.0,5.0,3.0,2.0,3.0,4.0,2.305233148269667
1.0,5.0,3.0,2.0,4.0,2.0,1.9985293254174563
1.0,5.0,3.0,2.0,4.0,3.0,2.111106915439042
1.0,5.0,3.0,2.0,4.0,4.0,2.327746050372496
1.0,5.0,3.0,2.0,5.0,2.0,1.999722821181768
1.0,5.0,3.0,2.0,5.0,3.0,2.21034232920332
1.0,5.0,3.0,2.0,5.0,5.0,2.383348878934172
1.0,5.0,3.0,3.0,1.0,1.0,1.4229053705778056
1.0,5.0,3.0,3.0,1.0,2.0,1.8100541839572934
1.0,5.0,3.0,3.0,1.0,3.0,1.8100541789079228
1.0,5.0,3.0,3.0,1.0,5.0,2.026632524159524
1.0,5.0,3.0,3.0,2.0,2.0,1.8157220943132464
1.0,5.0,3.0,3.0,2.0,3.0,2.111106933365015
1.0,5.0,3.0,3.0,2.0,4.0,2.2795128415074704
1.0,5.0,3.0,3.0,3.0,1.0,1.6666705075367754
1.0,5.0,3.0,3.0,3.0,2.0,1.8205409814710711
1.0,5.0,3.0,3.0,3.0,3.0,2.1111069035290786
1.0,5.0,3.0,3.0,3.0,4.0,2.3052331472917915
1.0,5.0,3.0,3.0,4.0,1.0,1.772561802786584
1.0,5.0,3.0,3.0,4.0,2.0,2.002594619711263
1.0,5.0,3.0,3.0,4.0,3.0,2.1111068868656817
1.0,5.0,3.0,3.0,4.0,4.0,2.429607532500658
1.0,5.0,3.0,3.0,5.0,1.0,1.772561795954294
1.0,5.0,3.0,3.0,5.0,2.0,2.0025946071666954
1.0,5.0,3.0,3.0,5.0,3.0,2.21034231973461
1.0,5.0,3.0,3.0,5.0,4.0,2.59001499403669
1.0,5.0,3.0,3.0,5.0,5.0,2.5900149457101915
1.0,5.0,3.0,4.0,1.0,1.0,1.4493742227927535
1.0,5.0,3.0,4.0,1.0,2.0,1.8100541806872916
1.0,5.0,3.0,4.0,1.0,3.0,1.8100541627199556
1.0,5.0,3.0,4.0,1.0,4.0,2.0821327507663483
1.0,5.0,3.0,4.0,1.0,5.0,2.0821327279945647
1.0,5.0,3.0,4.0,2.0,2.0,1.8416328809272267
1.0,5.0,3.0,4.0,2.0,3.0,2.111106916412019
1.0,5.0,3.0,4.0,2.0,4.0,2.2795128071238877
1.0,5.0,3.0,4.0,3.0,1.0,1.7658108580096716
1.0,5.0,3.0,4.0,3.0,2.0,1.898071167392599
1.0,5.0,3.0,4.0,3.0,3.0,2.1111069084901226
1.0,5.0,3.0,4.0,3.0,4.0,2.305233130791334
1.0,5.0,3.0,4.0,3.0,5.0,2.3052331098274212
1.0,5.0,3.0,4.0,4.0,2.0,2.015624184966106
1.0,5.0,3.0,4.0,4.0,3.0,2.311744937655229
1.0,5.0,3.0,4.0,4.0,4.0,2.4484805297126693
1.0,5.0,3.0,4.0,4.0,5.0,2.4484805064917614
1.0,5.0,3.0,4.0,5.0,1.0,2.2383356715735983
1.0,5.0,3.0,4.0,5.0,3.0,2.383348904874433
1.0,5.0,3.0,4.0,5.0,4.0,2.590015001728782
1.0,5.0,3.0,4.0,5.0,5.0,2.590014950433621
1.0,5.0,3.0,5.0,1.0,1.0,1.4493741969342333
1.0,5.0,3.0,5.0,1.0,2.0,1.8932314127046181
1.0,5.0,3.0,5.0,1.0,3.0,1.893231404922977
1.0,5.0,3.0,5.0,1.0,4.0,2.0821327294611858
1.0,5.0,3.0,5.0,1.0,5.0,2.0821327120621436
1.0,5.0,3.0,5.0,2.0,2.0,2.0162313587043275
1.0,5.0,3.0,5.0,2.0,3.0,2.1111068893139833
1.0,5.0,3.0,5.0,2.0,4.0,2.2795127740855334
1.0,5.0,3.0,5.0,2.0,5.0,2.2795127573574674
1.0,5.0,3.0,5.0,3.0,2.0,2.0162313309824373
1.0,5.0,3.0,5.0,3.0,3.0,2.11110687595106
1.0,5.0,3.0,5.0,3.0,4.0,2.3052330999739366
1.0,5.0,3.0,5.0,3.0,5.0,2.305233049684478
1.0,5.0,3.0,5.0,4.0,2.0,2.104962363249582
1.0,5.0,3.0,5.0,4.0,3.0,2.3117449306247253
1.0,5.0,3.0,5.0,4.0,4.0,2.4484805367620996
1.0,5.0,3.0,5.0,4.0,5.0,2.4484805302839017
1.0,5.0,3.0,5.0,5.0,2.0,2.3475110989876162
1.0,5.0,3.0,5.0,5.0,3.0,2.590014996779632
1.0,5.0,3.0,5.0,5.0,4.0,2.590014981935754
1.0,5.0,3.0,5.0,5.0,5.0,2.590014958939064
1.0,5.0,4.0,1.0,1.0,1.0,1.419600820444401
1.0,5.0,4.0,1.0,2.0,1.0,1.419600809429328
1.0,5.0,4.0,1.0,2.0,2.0,1.5879645710690309
1.0,5.0,4.0,1.0,2.0,4.0,2.004574116676888
1.0,5.0,4.0,1.0,3.0,3.0,2.3277460574580005
1.0,5.0,4.0,1.0,3.0,5.0,2.3277460513016064
1.0,5.0,4.0,1.0,4.0,4.0,2.327746033159748
1.0,5.0,4.0,2.0,1.0,5.0,2.046552292682562
1.0,5.0,4.0,2.0,2.0,1.0,1.8100542115158564
1.0,5.0,4.0,2.0,2.0,2.0,1.8100542038745064
1.0,5.0,4.0,2.0,2.0,5.0,2.046552263462612
1.0,5.0,4.0,2.0,3.0,1.0,1.810054186060522
1.0,5.0,4.0,2.0,3.0,2.0,2.238335689701291
1.0,5.0,4.0,2.0,3.0,3.0,2.327746052173938
1.0,5.0,4.0,2.0,4.0,1.0,2.23833565222426
1.0,5.0,4.0,2.0,4.0,4.0,2.3277460420982
1.0,5.0,4.0,2.0,5.0,3.0,2.3277460623273236
1.0,5.0,4.0,2.0,5.0,4.0,2.327746030053523
1.0,5.0,4.0,3.0,1.0,3.0,2.014261513323336
1.0,5.0,4.0,3.0,2.0,3.0,2.329529564911313
1.0,5.0,4.0,3.0,3.0,2.0,2.238335656861506
1.0,5.0,4.0,3.0,3.0,3.0,2.4794020013457505
1.0,5.0,4.0,3.0,3.0,4.0,2.514776117758828
1.0,5.0,4.0,3.0,4.0,2.0,2.2383356327098434
1.0,5.0,4.0,3.0,4.0,3.0,2.514776080893081
1.0,5.0,4.0,3.0,4.0,4.0,2.5297014176790937
1.0,5.0,4.0,3.0,4.0,5.0,2.5297013985771515
1.0,5.0,4.0,3.0,5.0,2.0,2.385398858461861
1.0,5.0,4.0,3.0,5.0,5.0,2.5900149365329352
1.0,5.0,4.0,4.0,1.0,3.0,2.0821327640144967
1.0,5.0,4.0,4.0,1.0,4.0,2.082132742069574
1.0,5.0,4.0,4.0,2.0,2.0,2.3295295335471367
1.0,5.0,4.0,4.0,3.0,3.0,2.4794020009817057
1.0,5.0,4.0,4.0,3.0,4.0,2.514776093937505
1.0,5.0,4.0,4.0,3.0,5.0,2.5250850374671012
1.0,5.0,4.0,4.0,4.0,4.0,2.52970141153843
1.0,5.0,4.0,4.0,4.0,5.0,2.5947348113207758
1.0,5.0,4.0,4.0,5.0,4.0,2.6704377449222942
1.0,5.0,4.0,4.0,5.0,5.0,2.6704376533633
1.0,5.0,4.0,5.0,1.0,1.0,1.4493741788262566
1.0,5.0,4.0,5.0,1.0,5.0,2.0821326944337613
1.0,5.0,4.0,5.0,2.0,4.0,2.3295295221583805
1.0,5.0,4.0,5.0,3.0,3.0,2.514776075105287
1.0,5.0,4.0,5.0,3.0,4.0,2.514776087705375
1.0,5.0,4.0,5.0,3.0,5.0,2.533632473421731
1.0,5.0,4.0,5.0,4.0,3.0,2.5147760659047744
1.0,5.0,4.0,5.0,4.0,4.0,2.529701409137586
1.0,5.0,4.0,5.0,4.0,5.0,2.594734793053865
1.0,5.0,4.0,5.0,5.0,4.0,2.670437689989112
1.0,5.0,4.0,5.0,5.0,5.0,2.6704376288160256
1.0,5.0,5.0,1.0,1.0,1.0,1.4196008164552942
1.0,5.0,5.0,1.0,1.0,4.0,1.5895438337318737
1.0,5.0,5.0,1.0,2.0,1.0,1.4196008124241035
1.0,5.0,5.0,1.0,2.0,2.0,2.005689907808473
1.0,5.0,5.0,1.0,4.0,3.0,2.3277460183707683
1.0,5.0,5.0,1.0,5.0,4.0,2.3277460220282515
1.0,5.0,5.0,2.0,1.0,5.0,2.0821327384248436
1.0,5.0,5.0,2.0,3.0,5.0,2.3277460301798927
1.0,5.0,5.0,2.0,4.0,2.0,2.238335654930959
1.0,5.0,5.0,2.0,4.0,4.0,2.782436928727798
1.0,5.0,5.0,2.0,5.0,4.0,2.813536168331781
1.0,5.0,5.0,3.0,1.0,1.0,1.422905365964906
1.0,5.0,5.0,3.0,1.0,2.0,2.082132795668759
1.0,5.0,5.0,3.0,1.0,4.0,2.082132746706303
1.0,5.0,5.0,3.0,1.0,5.0,2.082132715658298
1.0,5.0,5.0,3.0,2.0,3.0,2.3295295362388435
1.0,5.0,5.0,3.0,3.0,3.0,2.4794019894699724
1.0,5.0,5.0,3.0,3.0,4.0,2.514776101831668
1.0,5.0,5.0,3.0,4.0,3.0,2.514776085431276
1.0,5.0,5.0,3.0,4.0,4.0,2.782436922085925
1.0,5.0,5.0,3.0,4.0,5.0,2.782436899598375
1.0,5.0,5.0,3.0,5.0,3.0,2.8135361530626897
1.0,5.0,5.0,3.0,5.0,4.0,2.8135361364675036
1.0,5.0,5.0,3.0,5.0,5.0,2.9548182676802357
1.0,5.0,5.0,4.0,2.0,3.0,2.329529524730225
1.0,5.0,5.0,4.0,2.0,5.0,2.3295295139442125
1.0,5.0,5.0,4.0,3.0,3.0,2.4794019803907856
1.0,5.0,5.0,4.0,4.0,3.0,2.5147760789428992
1.0,5.0,5.0,4.0,4.0,4.0,2.782436900922899
1.0,5.0,5.0,4.0,5.0,4.0,2.931791452781812
1.0,5.0,5.0,4.0,5.0,5.0,2.954818236601987
1.0,5.0,5.0,5.0,1.0,1.0,1.4493741514802199
1.0,5.0,5.0,5.0,1.0,3.0,2.0821327607036744
1.0,5.0,5.0,5.0,1.0,4.0,2.0821327342098237
1.0,5.0,5.0,5.0,1.0,5.0,2.0821326973378134
1.0,5.0,5.0,5.0,2.0,5.0,2.3295295134238234
1.0,5.0,5.0,5.0,3.0,3.0,2.5147760425504098
1.0,5.0,5.0,5.0,3.0,5.0,2.931791505508684
1.0,5.0,5.0,5.0,4.0,3.0,2.5147760568936817
1.0,5.0,5.0,5.0,4.0,5.0,2.93179143888957
1.0,5.0,5.0,5.0,5.0,1.0,2.238335648283467
1.0,5.0,5.0,5.0,5.0,2.0,2.38539884100281
1.0,5.0,5.0,5.0,5.0,3.0,2.8135361141297888
1.0,5.0,5.0,5.0,5.0,4.0,2.931791453926646
1.0,5.0,5.0,5.0,5.0,5.0,2.954818190059206
2.0,1.0,1.0,1.0,1.0,1.0,1.158285491196829
2.0,1.0,1.0,1.0,2.0,1.0,1.1585478399656906
2.0,1.0,1.0,1.0,2.0,2.0,1.1901507684012742
2.0,1.0,1.0,1.0,3.0,1.0,1.1587461824709009
2.0,1.0,1.0,1.0,3.0,3.0,1.4868642514220534
2.0,1.0,1.0,2.0,1.0,1.0,1.158533558790786
2.0,1.0,1.0,2.0,1.0,2.0,1.1589010573058107
2.0,1.0,1.0,2.0,1.0,3.0,1.1901507311199093
2.0,1.0,1.0,2.0,2.0,1.0,1.1585818252319613
2.0,1.0,1.0,2.0,2.0,2.0,1.350119684900841
2.0,1.0,1.0,2.0,2.0,3.0,1.3501196773554978
2.0,1.0,1.0,2.0,3.0,1.0,1.3630891767789919
2.0,1.0,1.0,2.0,3.0,2.0,1.6602286555568109
2.0,1.0,1.0,2.0,3.0,3.0,1.6934224031875778
2.0,1.0,1.0,2.0,4.0,3.0,1.6934224019840896
2.0,1.0,1.0,2.0,4.0,4.0,1.693422390854616
2.0,1.0,1.0,3.0,1.0,1.0,1.1587034917723409
2.0,1.0,1.0,3.0,1.0,2.0,1.3151536475922845
2.0,1.0,1.0,3.0,1.0,3.0,1.3151536480365462
2.0,1.0,1.0,3.0,2.0,1.0,1.249864496412692
2.0,1.0,1.0,3.0,2.0,2.0,1.3501196779798574
2.0,1.0,1.0,3.0,2.0,3.0,1.3501196710337346
2.0,1.0,1.0,3.0,3.0,1.0,1.363089179715345
2.0,1.0,1.0,3.0,3.0,2.0,1.660228642318406
2.0,1.0,1.0,3.0,3.0,3.0,1.6934223783400186
2.0,1.0,1.0,3.0,3.0,4.0,1.6934223499354097
2.0,1.0,1.0,4.0,1.0,1.0,1.1587483755302563
2.0,1.0,1.0,4.0,1.0,2.0,1.3151536318525172
2.0,1.0,1.0,4.0,1.0,3.0,1.3151536416897935
2.0,1.0,1.0,4.0,1.0,4.0,1.3151536427101127
2.0,1.0,1.0,4.0,2.0,1.0,1.4877979885846047
2.0,1.0,1.0,4.0,2.0,2.0,1.4877979366502891
2.0,1.0,1.0,4.0,2.0,3.0,1.834608152252708
2.0,1.0,1.0,4.0,3.0,1.0,1.5944417962898403
2.0,1.0,1.0,4.0,3.0,2.0,1.8346081407802348
2.0,1.0,1.0,4.0,3.0,3.0,1.834608141903274
2.0,1.0,1.0,4.0,4.0,4.0,2.0045157123823945
2.0,1.0,1.0,5.0,1.0,3.0,1.3151536361246476
2.0,1.0,1.0,5.0,2.0,2.0,1.8346081243221124
2.0,1.0,1.0,5.0,3.0,3.0,1.8346081243329804
2.0,1.0,1.0,5.0,3.0,4.0,2.000867878524782
2.0,1.0,1.0,5.0,5.0,5.0,2.285651590538794
2.0,1.0,2.0,1.0,1.0,1.0,1.3043736991334647
2.0,1.0,2.0,1.0,1.0,2.0,1.315324150804674
2.0,1.0,2.0,1.0,1.0,3.0,1.3153241441704109
2.0,1.0,2.0,1.0,2.0,1.0,1.3153241269423446
2.0,1.0,2.0,1.0,2.0,2.0,1.3153241456885552
2.0,1.0,2.0,1.0,2.0,3.0,1.3153241444382848
2.0,1.0,2.0,1.0,4.0,2.0,1.627719611981842
2.0,1.0,2.0,2.0,1.0,1.0,1.3043736957836594
2.0,1.0,2.0,2.0,1.0,2.0,1.4432069590787413
2.0,1.0,2.0,2.0,1.0,3.0,1.7317168732967643
2.0,1.0,2.0,2.0,2.0,1.0,1.3153241192791483
2.0,1.0,2.0,2.0,2.0,2.0,1.6175947586127861
2.0,1.0,2.0,2.0,2.0,3.0,1.7938042828731893
2.0,1.0,2.0,2.0,3.0,2.0,1.660228623583117
2.0,1.0,2.0,2.0,3.0,3.0,1.7938042750527965
2.0,1.0,2.0,2.0,4.0,2.0,1.9598428555377134
2.0,1.0,2.0,3.0,1.0,1.0,1.4432069639248903
2.0,1.0,2.0,3.0,1.0,2.0,1.4432069470638684
2.0,1.0,2.0,3.0,1.0,3.0,1.7482695429661197
2.0,1.0,2.0,3.0,2.0,1.0,1.4877980221912799
2.0,1.0,2.0,3.0,2.0,2.0,1.6175947388364054
2.0,1.0,2.0,3.0,2.0,3.0,1.9367618420937287
2.0,1.0,2.0,3.0,3.0,1.0,1.7678084082445138
2.0,1.0,2.0,3.0,3.0,2.0,1.8346081665661007
2.0,1.0,2.0,3.0,3.0,3.0,1.9978871501020532
2.0,1.0,2.0,3.0,3.0,4.0,2.0006746880339454
2.0,1.0,2.0,3.0,4.0,3.0,2.1191647663817568
2.0,1.0,2.0,3.0,4.0,4.0,2.119164753801215
2.0,1.0,2.0,4.0,1.0,2.0,1.443206945689426
2.0,1.0,2.0,4.0,1.0,3.0,1.748269515049689
2.0,1.0,2.0,4.0,1.0,4.0,1.7482695009118423
2.0,1.0,2.0,4.0,2.0,1.0,1.4877980013241705
2.0,1.0,2.0,4.0,2.0,2.0,1.6175947307076133
2.0,1.0,2.0,4.0,3.0,2.0,1.8346081286726503
2.0,1.0,2.0,4.0,3.0,3.0,1.997887128734091
2.0,1.0,2.0,4.0,3.0,4.0,2.1191647496894332
2.0,1.0,2.0,4.0,4.0,2.0,1.9921447896309359
2.0,1.0,2.0,4.0,4.0,3.0,2.119164749052895
2.0,1.0,2.0,4.0,4.0,4.0,2.1191647415331034
2.0,1.0,2.0,4.0,5.0,5.0,2.119164712880345
2.0,1.0,2.0,5.0,1.0,4.0,1.9550402422132016
2.0,1.0,2.0,5.0,3.0,3.0,2.304030381915493
2.0,1.0,2.0,5.0,4.0,1.0,2.304030364973006
2.0,1.0,2.0,5.0,4.0,4.0,2.3040303725167623
2.0,1.0,3.0,1.0,1.0,1.0,1.3153241282462844
2.0,1.0,3.0,1.0,1.0,2.0,1.3153241519315044
2.0,1.0,3.0,1.0,2.0,1.0,1.3153241214355957
2.0,1.0,3.0,1.0,2.0,2.0,1.3153241430815512
2.0,1.0,3.0,1.0,3.0,1.0,1.3153241078058462
2.0,1.0,3.0,1.0,3.0,2.0,1.315324143522516
2.0,1.0,3.0,1.0,3.0,3.0,1.7938042686897404
2.0,1.0,3.0,2.0,1.0,1.0,1.3153241049262407
2.0,1.0,3.0,2.0,1.0,2.0,1.4432069493913504
2.0,1.0,3.0,2.0,1.0,3.0,1.7482695566921536
2.0,1.0,3.0,2.0,2.0,2.0,1.6175947552638132
2.0,1.0,3.0,2.0,3.0,2.0,1.6602285961203544
2.0,1.0,3.0,2.0,3.0,3.0,1.7938042612438536
2.0,1.0,3.0,2.0,4.0,3.0,2.224579531529494
2.0,1.0,3.0,3.0,1.0,2.0,1.4432069277814565
2.0,1.0,3.0,3.0,1.0,3.0,1.74826954253443
2.0,1.0,3.0,3.0,2.0,2.0,1.617594732086884
2.0,1.0,3.0,3.0,2.0,3.0,1.992723850743406
2.0,1.0,3.0,3.0,3.0,1.0,1.8808022352443088
2.0,1.0,3.0,3.0,3.0,2.0,1.880802221499471
2.0,1.0,3.0,3.0,3.0,3.0,2.2778901921631696
2.0,1.0,3.0,3.0,3.0,4.0,2.2778901560269778
2.0,1.0,3.0,3.0,3.0,5.0,2.2778901231678303
2.0,1.0,3.0,3.0,4.0,4.0,2.2778901260581907
2.0,1.0,3.0,3.0,5.0,1.0,2.584327862411102
2.0,1.0,3.0,4.0,2.0,3.0,2.008874796939447
2.0,1.0,3.0,4.0,3.0,2.0,2.3179504138768836
2.0,1.0,3.0,4.0,3.0,3.0,2.317950390431719
2.0,1.0,3.0,4.0,3.0,4.0,2.5949959568904952
2.0,1.0,3.0,4.0,4.0,3.0,2.659452092608567
2.0,1.0,3.0,4.0,4.0,4.0,2.659452070381259
2.0,1.0,3.0,4.0,4.0,5.0,2.659452056166345
2.0,1.0,3.0,5.0,1.0,4.0,2.4232217698671192
2.0,1.0,3.0,5.0,2.0,1.0,1.9845061690527583
2.0,1.0,3.0,5.0,3.0,3.0,2.5949959290054734
2.0,1.0,3.0,5.0,5.0,2.0,2.620138663131065
2.0,1.0,4.0,1.0,3.0,2.0,1.7715550181070128
2.0,1.0,4.0,1.0,4.0,1.0,1.7851059272080856
2.0,1.0,4.0,2.0,2.0,2.0,1.9844626495427369
2.0,1.0,4.0,2.0,3.0,1.0,1.8808021511624755
2.0,1.0,4.0,3.0,1.0,3.0,1.8787417394735222
2.0,1.0,4.0,3.0,4.0,4.0,2.277890123590485
2.0,1.0,4.0,3.0,5.0,2.0,2.5843278741228075
2.0,1.0,4.0,4.0,5.0,3.0,2.8884460902537117
2.0,1.0,4.0,5.0,3.0,4.0,2.5949959380930654
2.0,1.0,5.0,1.0,1.0,1.0,1.3153241254997148
2.0,1.0,5.0,5.0,5.0,5.0,3.7522520291086483
2.0,2.0,1.0,1.0,1.0,1.0,1.1587806809595265
2.0,2.0,1.0,1.0,1.0,2.0,1.2364110111331965
2.0,2.0,1.0,1.0,2.0,1.0,1.1591529910455671
2.0,2.0,1.0,1.0,2.0,2.0,1.4553432541094882
2.0,2.0,1.0,1.0,2.0,3.0,1.45534323895189
2.0,2.0,1.0,1.0,3.0,1.0,1.159314178588266
2.0,2.0,1.0,1.0,3.0,2.0,1.4924342877597865
2.0,2.0,1.0,1.0,3.0,3.0,1.4924342677179134
2.0,2.0,1.0,1.0,3.0,4.0,1.4924342592148698
2.0,2.0,1.0,1.0,4.0,1.0,1.1593807995417098
2.0,2.0,1.0,2.0,1.0,1.0,1.2592739218443345
2.0,2.0,1.0,2.0,1.0,2.0,1.4084731595757785
2.0,2.0,1.0,2.0,1.0,3.0,1.408473153710738
2.0,2.0,1.0,2.0,2.0,1.0,1.3672140425142545
2.0,2.0,1.0,2.0,2.0,2.0,1.6716346347497677
2.0,2.0,1.0,2.0,2.0,3.0,1.6716346162337254
2.0,2.0,1.0,2.0,3.0,1.0,1.4310458277860008
2.0,2.0,1.0,2.0,3.0,2.0,1.6716346086683023
2.0,2.0,1.0,2.0,3.0,3.0,1.6934224005447764
2.0,2.0,1.0,2.0,3.0,4.0,1.6934223845778005
2.0,2.0,1.0,2.0,4.0,3.0,1.6934223941056674
2.0,2.0,1.0,2.0,5.0,3.0,1.6934223783993998
2.0,2.0,1.0,3.0,1.0,1.0,1.323552200312931
2.0,2.0,1.0,3.0,1.0,2.0,1.4084731695536143
2.0,2.0,1.0,3.0,1.0,3.0,1.4084731521223588
2.0,2.0,1.0,3.0,2.0,1.0,1.4797011894959635
2.0,2.0,1.0,3.0,2.0,2.0,1.6716346153402677
2.0,2.0,1.0,3.0,2.0,3.0,1.6716346020883077
2.0,2.0,1.0,3.0,3.0,1.0,1.4880843439022808
2.0,2.0,1.0,3.0,3.0,2.0,1.7584343749574123
2.0,2.0,1.0,3.0,3.0,3.0,1.758434369756069
2.0,2.0,1.0,3.0,4.0,1.0,1.7584343550567767
2.0,2.0,1.0,3.0,4.0,2.0,1.7584343561997808
2.0,2.0,1.0,3.0,4.0,3.0,1.7584343590553069
2.0,2.0,1.0,3.0,5.0,3.0,1.7584343304791539
2.0,2.0,1.0,3.0,5.0,4.0,1.758434315781943
2.0,2.0,1.0,3.0,5.0,5.0,2.2856515926567185
2.0,2.0,1.0,4.0,1.0,2.0,1.4084731751939938
2.0,2.0,1.0,4.0,1.0,3.0,1.408473162231463
2.0,2.0,1.0,4.0,2.0,1.0,1.4943927696120285
2.0,2.0,1.0,4.0,2.0,3.0,1.8656000719663128
2.0,2.0,1.0,4.0,3.0,1.0,1.5944417581607762
2.0,2.0,1.0,4.0,3.0,3.0,1.8656000641111203
2.0,2.0,1.0,4.0,3.0,4.0,2.0008679056180405
2.0,2.0,1.0,4.0,4.0,2.0,1.865600049436437
2.0,2.0,1.0,4.0,4.0,3.0,1.8656000410929279
2.0,2.0,1.0,4.0,4.0,4.0,2.005412613588996
2.0,2.0,1.0,4.0,4.0,5.0,2.018683180090949
2.0,2.0,1.0,5.0,2.0,2.0,1.8656000640664014
2.0,2.0,1.0,5.0,3.0,2.0,1.8656000543329119
2.0,2.0,1.0,5.0,3.0,3.0,1.8656000428492872
2.0,2.0,1.0,5.0,3.0,4.0,2.0008678806961653
2.0,2.0,1.0,5.0,5.0,3.0,1.8656000321917783
2.0,2.0,2.0,1.0,1.0,1.0,1.3043736857879562
2.0,2.0,2.0,1.0,1.0,2.0,1.5712805601724102
2.0,2.0,2.0,1.0,2.0,1.0,1.445783993527526
2.0,2.0,2.0,1.0,2.0,2.0,1.6277196084300922
2.0,2.0,2.0,1.0,2.0,3.0,1.6277196034198207
2.0,2.0,2.0,1.0,2.0,4.0,1.97143870873961
2.0,2.0,2.0,1.0,3.0,2.0,1.6277196055218983
2.0,2.0,2.0,1.0,4.0,4.0,2.1188649829145967
2.0,2.0,2.0,1.0,5.0,2.0,1.6277196000873564
2.0,2.0,2.0,2.0,1.0,1.0,1.4937365445320083
2.0,2.0,2.0,2.0,1.0,2.0,1.5712805340756262
2.0,2.0,2.0,2.0,1.0,3.0,1.7317168600699457
2.0,2.0,2.0,2.0,2.0,1.0,1.6825971910458564
2.0,2.0,2.0,2.0,2.0,2.0,1.7368163048800318
2.0,2.0,2.0,2.0,2.0,3.0,1.7958394671284237
2.0,2.0,2.0,2.0,3.0,2.0,1.7368162763788149
2.0,2.0,2.0,2.0,3.0,3.0,1.9714386824906434
2.0,2.0,2.0,2.0,3.0,4.0,1.9714386835565152
2.0,2.0,2.0,2.0,4.0,2.0,1.970370951747137
2.0,2.0,2.0,2.0,4.0,4.0,2.118864983558672
2.0,2.0,2.0,2.0,5.0,5.0,2.5401673751364
2.0,2.0,2.0,3.0,1.0,1.0,1.4937365509707985
2.0,2.0,2.0,3.0,1.0,2.0,1.8067232359941607
2.0,2.0,2.0,3.0,1.0,3.0,1.8621004556832055
2.0,2.0,2.0,3.0,2.0,1.0,1.7441738571340102
2.0,2.0,2.0,3.0,2.0,2.0,1.9199363175122541
2.0,2.0,2.0,3.0,2.0,3.0,1.9367618051273539
2.0,2.0,2.0,3.0,2.0,4.0,1.997544824226774
2.0,2.0,2.0,3.0,3.0,1.0,1.7678083895114445
2.0,2.0,2.0,3.0,3.0,2.0,1.9970389000842732
2.0,2.0,2.0,3.0,3.0,3.0,2.1413012338401822
2.0,2.0,2.0,3.0,3.0,4.0,2.1413012360992205
2.0,2.0,2.0,3.0,4.0,2.0,1.9970389084298357
2.0,2.0,2.0,3.0,4.0,3.0,2.247084536353231
2.0,2.0,2.0,3.0,4.0,4.0,2.247084526773769
2.0,2.0,2.0,3.0,5.0,3.0,2.3291023532885973
2.0,2.0,2.0,4.0,1.0,1.0,1.7777559908892795
2.0,2.0,2.0,4.0,1.0,3.0,1.8787416953272198
2.0,2.0,2.0,4.0,1.0,4.0,1.9550402171042163
2.0,2.0,2.0,4.0,2.0,2.0,1.9550403513886125
2.0,2.0,2.0,4.0,2.0,3.0,2.2355311365806485
2.0,2.0,2.0,4.0,2.0,4.0,2.2819550678400695
2.0,2.0,2.0,4.0,3.0,2.0,2.14769114449912
2.0,2.0,2.0,4.0,3.0,3.0,2.2818546829477526
2.0,2.0,2.0,4.0,3.0,4.0,2.281955052310084
2.0,2.0,2.0,4.0,3.0,5.0,2.540167361490537
2.0,2.0,2.0,4.0,4.0,2.0,2.30403034418798
2.0,2.0,2.0,4.0,4.0,3.0,2.3040303386562457
2.0,2.0,2.0,4.0,4.0,4.0,2.5401673618142597
2.0,2.0,2.0,4.0,5.0,3.0,2.3291023464942398
2.0,2.0,2.0,4.0,5.0,4.0,2.540167347666597
2.0,2.0,2.0,5.0,1.0,2.0,1.955040350617289
2.0,2.0,2.0,5.0,1.0,3.0,1.9550403287855616
2.0,2.0,2.0,5.0,2.0,2.0,1.9550403415597293
2.0,2.0,2.0,5.0,2.0,3.0,2.2355311288102317
2.0,2.0,2.0,5.0,3.0,3.0,2.3040303770817694
2.0,2.0,2.0,5.0,3.0,4.0,2.5401673639014137
2.0,2.0,2.0,5.0,3.0,5.0,2.5401673558220277
2.0,2.0,2.0,5.0,4.0,4.0,2.5401673597762793
2.0,2.0,2.0,5.0,5.0,4.0,2.5401673463021495
2.0,2.0,2.0,5.0,5.0,5.0,2.5401673502986335
2.0,2.0,3.0,1.0,1.0,1.0,1.4267503277647917
2.0,2.0,3.0,1.0,1.0,2.0,1.571280557528645
2.0,2.0,3.0,1.0,1.0,3.0,1.571280538761404
2.0,2.0,3.0,1.0,2.0,1.0,1.4457838686889561
2.0,2.0,3.0,1.0,2.0,2.0,1.6277196072015139
2.0,2.0,3.0,1.0,3.0,2.0,1.7715550027834865
2.0,2.0,3.0,1.0,3.0,3.0,1.9714387739031454
2.0,2.0,3.0,1.0,4.0,1.0,1.4457838580179618
2.0,2.0,3.0,1.0,4.0,4.0,2.485518120942937
2.0,2.0,3.0,2.0,1.0,1.0,1.5864255307288557
2.0,2.0,3.0,2.0,1.0,2.0,1.8621005922771294
2.0,2.0,3.0,2.0,1.0,3.0,1.8621005292143524
2.0,2.0,3.0,2.0,2.0,2.0,2.072242558458796
2.0,2.0,3.0,2.0,2.0,3.0,2.22457948339881
2.0,2.0,3.0,2.0,3.0,2.0,2.0801007362202766
2.0,2.0,3.0,2.0,3.0,3.0,2.224579481698961
2.0,2.0,3.0,2.0,4.0,2.0,2.080100734430367
2.0,2.0,3.0,2.0,4.0,3.0,2.2245794989759373
2.0,2.0,3.0,2.0,5.0,3.0,2.2245794990000185
2.0,2.0,3.0,3.0,1.0,2.0,1.8621005859290936
2.0,2.0,3.0,3.0,1.0,3.0,1.8787417363320933
2.0,2.0,3.0,3.0,2.0,2.0,2.1298220905540193
2.0,2.0,3.0,3.0,2.0,3.0,2.3227020494615123
2.0,2.0,3.0,3.0,3.0,1.0,1.8808022032617069
2.0,2.0,3.0,3.0,3.0,2.0,2.129822088304037
2.0,2.0,3.0,3.0,3.0,3.0,2.3739599184202955
2.0,2.0,3.0,3.0,3.0,4.0,2.6485374157683133
2.0,2.0,3.0,3.0,4.0,2.0,2.342102661456598
2.0,2.0,3.0,3.0,4.0,3.0,2.557346393230819
2.0,2.0,3.0,3.0,4.0,4.0,2.6518144163594055
2.0,2.0,3.0,4.0,1.0,2.0,1.8621005777422959
2.0,2.0,3.0,4.0,1.0,3.0,1.8787417060160094
2.0,2.0,3.0,4.0,1.0,4.0,2.3820149595064413
2.0,2.0,3.0,4.0,2.0,2.0,2.3227020455257095
2.0,2.0,3.0,4.0,2.0,3.0,2.3227020327921473
2.0,2.0,3.0,4.0,2.0,4.0,2.5432438093190113
2.0,2.0,3.0,4.0,3.0,1.0,1.994720536063022
2.0,2.0,3.0,4.0,3.0,2.0,2.342102645763837
2.0,2.0,3.0,4.0,3.0,3.0,2.594995875141866
2.0,2.0,3.0,4.0,3.0,4.0,2.6485374045308907
2.0,2.0,3.0,4.0,3.0,5.0,2.6737395862624425
2.0,2.0,3.0,4.0,4.0,3.0,2.659452063397454
2.0,2.0,3.0,4.0,4.0,4.0,2.775047489262487
2.0,2.0,3.0,4.0,4.0,5.0,2.8884461145463654
2.0,2.0,3.0,5.0,3.0,3.0,2.594995899888706
2.0,2.0,3.0,5.0,3.0,5.0,2.6737395748297232
2.0,2.0,3.0,5.0,4.0,3.0,2.719414790849685
2.0,2.0,3.0,5.0,4.0,4.0,2.775047493940819
2.0,2.0,3.0,5.0,4.0,5.0,2.888446108279163
2.0,2.0,3.0,5.0,5.0,4.0,2.775047484871865
2.0,2.0,3.0,5.0,5.0,5.0,2.8884460953501443
2.0,2.0,4.0,1.0,1.0,1.0,1.4457836177240762
2.0,2.0,4.0,1.0,2.0,1.0,1.445783742840993
2.0,2.0,4.0,1.0,2.0,2.0,1.6277195934208177
2.0,2.0,4.0,1.0,3.0,2.0,1.7715550017165338
2.0,2.0,4.0,2.0,1.0,1.0,1.8017821854388938
2.0,2.0,4.0,2.0,2.0,2.0,2.0722425321599918
2.0,2.0,4.0,2.0,3.0,2.0,2.080100735190447
2.0,2.0,4.0,2.0,4.0,4.0,2.4855181112424822
2.0,2.0,4.0,3.0,1.0,3.0,1.8787417278181495
2.0,2.0,4.0,3.0,3.0,2.0,2.342102639820148
2.0,2.0,4.0,3.0,3.0,4.0,2.7457607185352875
2.0,2.0,4.0,4.0,1.0,2.0,2.0821328833101447
2.0,2.0,4.0,4.0,1.0,3.0,2.0821328466960196
2.0,2.0,4.0,4.0,2.0,3.0,2.7096679322831503
2.0,2.0,4.0,4.0,2.0,4.0,2.888446120114085
2.0,2.0,4.0,4.0,3.0,3.0,2.8884461370497405
2.0,2.0,4.0,4.0,3.0,4.0,2.8884461309225147
2.0,2.0,4.0,4.0,4.0,4.0,2.888446117498416
2.0,2.0,4.0,5.0,2.0,4.0,2.8884461208441374
2.0,2.0,4.0,5.0,2.0,5.0,2.88844610690172
2.0,2.0,4.0,5.0,3.0,4.0,2.888446113807832
2.0,2.0,4.0,5.0,3.0,5.0,2.888446100547377
2.0,2.0,4.0,5.0,4.0,4.0,2.88844609630368
2.0,2.0,4.0,5.0,5.0,4.0,2.8884460797950715
2.0,2.0,4.0,5.0,5.0,5.0,2.888446074743996
2.0,2.0,5.0,1.0,4.0,5.0,3.475476256594965
2.0,2.0,5.0,3.0,4.0,3.0,2.74186625040845
2.0,2.0,5.0,4.0,2.0,2.0,2.656985061107947
2.0,2.0,5.0,4.0,2.0,4.0,2.888446116007592
2.0,2.0,5.0,4.0,4.0,4.0,3.0172140227163635
2.0,2.0,5.0,4.0,5.0,5.0,3.4754762458551545
2.0,2.0,5.0,5.0,1.0,3.0,2.0821328031740634
2.0,3.0,1.0,1.0,1.0,1.0,1.1619027180832524
2.0,3.0,1.0,1.0,1.0,2.0,1.2364109904214777
2.0,3.0,1.0,1.0,1.0,3.0,1.4392805288394017
2.0,3.0,1.0,1.0,1.0,4.0,1.6354899078844454
2.0,3.0,1.0,1.0,2.0,1.0,1.2471773245875257
2.0,3.0,1.0,1.0,2.0,2.0,1.4553432145016665
2.0,3.0,1.0,1.0,2.0,3.0,1.4553432086898757
2.0,3.0,1.0,1.0,3.0,1.0,1.2471773039054157
2.0,3.0,1.0,1.0,3.0,2.0,1.5115425631398443
2.0,3.0,1.0,1.0,3.0,3.0,1.6134756747190715
2.0,3.0,1.0,1.0,4.0,1.0,1.3198803558673382
2.0,3.0,1.0,1.0,4.0,3.0,1.7308522899906138
2.0,3.0,1.0,2.0,1.0,1.0,1.2740200490047893
2.0,3.0,1.0,2.0,1.0,2.0,1.4084731381450561
2.0,3.0,1.0,2.0,1.0,3.0,1.4392805111163236
2.0,3.0,1.0,2.0,2.0,1.0,1.367213965405758
2.0,3.0,1.0,2.0,2.0,2.0,1.7401137906339827
2.0,3.0,1.0,2.0,2.0,3.0,1.7471609099112795
2.0,3.0,1.0,2.0,2.0,4.0,1.7471608767175602
2.0,3.0,1.0,2.0,3.0,1.0,1.4310457937590786
2.0,3.0,1.0,2.0,3.0,2.0,1.758434364450664
2.0,3.0,1.0,2.0,3.0,3.0,1.772931423778382
2.0,3.0,1.0,2.0,4.0,1.0,1.7584343719975708
2.0,3.0,1.0,2.0,4.0,2.0,1.7584343577060428
2.0,3.0,1.0,2.0,4.0,3.0,1.7729314218861363
2.0,3.0,1.0,2.0,4.0,4.0,1.7729314058361987
2.0,3.0,1.0,2.0,5.0,3.0,1.7729314178240225
2.0,3.0,1.0,2.0,5.0,5.0,1.7729314023587617
2.0,3.0,1.0,3.0,1.0,1.0,1.3235521718879546
2.0,3.0,1.0,3.0,1.0,2.0,1.570633492074651
2.0,3.0,1.0,3.0,1.0,3.0,1.635489898175494
2.0,3.0,1.0,3.0,1.0,4.0,1.6354898845867367
2.0,3.0,1.0,3.0,2.0,1.0,1.4943927425311558
2.0,3.0,1.0,3.0,2.0,2.0,1.7411146935476762
2.0,3.0,1.0,3.0,2.0,3.0,1.7729314496126727
2.0,3.0,1.0,3.0,2.0,4.0,1.772931430414945
2.0,3.0,1.0,3.0,2.0,5.0,1.9979977745806574
2.0,3.0,1.0,3.0,3.0,1.0,1.5944417494715837
2.0,3.0,1.0,3.0,3.0,2.0,1.7584343500173154
2.0,3.0,1.0,3.0,3.0,3.0,1.7729314018494018
2.0,3.0,1.0,3.0,3.0,4.0,2.000867922531385
2.0,3.0,1.0,3.0,4.0,2.0,1.7584343504003044
2.0,3.0,1.0,3.0,4.0,3.0,1.9304020561407846
2.0,3.0,1.0,3.0,4.0,4.0,2.0049842273858305
2.0,3.0,1.0,3.0,5.0,3.0,2.0017983587688075
2.0,3.0,1.0,3.0,5.0,4.0,2.025258619609817
2.0,3.0,1.0,4.0,1.0,1.0,1.3235521285195535
2.0,3.0,1.0,4.0,1.0,2.0,1.635489902388751
2.0,3.0,1.0,4.0,1.0,3.0,1.6354898782642473
2.0,3.0,1.0,4.0,1.0,4.0,1.6354898652950407
2.0,3.0,1.0,4.0,2.0,1.0,1.494392742770968
2.0,3.0,1.0,4.0,2.0,2.0,1.8764500226431553
2.0,3.0,1.0,4.0,2.0,3.0,1.9928114105736705
2.0,3.0,1.0,4.0,2.0,4.0,1.9938878849906283
2.0,3.0,1.0,4.0,3.0,2.0,1.988919950198904
2.0,3.0,1.0,4.0,3.0,3.0,2.000867921655548
2.0,3.0,1.0,4.0,3.0,4.0,2.000867897100111
2.0,3.0,1.0,4.0,4.0,3.0,2.2005906501233006
2.0,3.0,1.0,4.0,4.0,4.0,2.2005906159614077
2.0,3.0,1.0,4.0,4.0,5.0,2.2005905940793684
2.0,3.0,1.0,4.0,5.0,2.0,2.0008880859289695
2.0,3.0,1.0,4.0,5.0,3.0,2.200590649269893
2.0,3.0,1.0,5.0,1.0,1.0,1.635489919718881
2.0,3.0,1.0,5.0,1.0,2.0,1.6354899045869589
2.0,3.0,1.0,5.0,1.0,3.0,1.6354898769673816
2.0,3.0,1.0,5.0,1.0,4.0,1.6354898632840162
2.0,3.0,1.0,5.0,2.0,4.0,2.0100388617252034
2.0,3.0,1.0,5.0,3.0,3.0,2.005618663734752
2.0,3.0,1.0,5.0,3.0,4.0,2.015426031302131
2.0,3.0,1.0,5.0,3.0,5.0,2.015426000400329
2.0,3.0,1.0,5.0,4.0,3.0,2.2005906214743622
2.0,3.0,1.0,5.0,4.0,4.0,2.2005906094702836
2.0,3.0,2.0,1.0,1.0,1.0,1.3936031999393665
2.0,3.0,2.0,1.0,1.0,2.0,1.5712805570231718
2.0,3.0,2.0,1.0,1.0,3.0,1.5712805488016648
2.0,3.0,2.0,1.0,2.0,1.0,1.4731574976588206
2.0,3.0,2.0,1.0,2.0,2.0,1.6583178814705597
2.0,3.0,2.0,1.0,2.0,3.0,1.7676065622659407
2.0,3.0,2.0,1.0,3.0,1.0,1.5427073303954104
2.0,3.0,2.0,1.0,3.0,2.0,1.7676065925931324
2.0,3.0,2.0,1.0,3.0,3.0,1.76760654655668
2.0,3.0,2.0,1.0,3.0,4.0,1.9894260235660768
2.0,3.0,2.0,1.0,4.0,1.0,1.5427073191974054
2.0,3.0,2.0,1.0,4.0,3.0,1.9714387366393105
2.0,3.0,2.0,1.0,5.0,3.0,2.0008465419875217
2.0,3.0,2.0,2.0,1.0,1.0,1.5066702551193458
2.0,3.0,2.0,2.0,1.0,2.0,1.8067231941122928
2.0,3.0,2.0,2.0,1.0,3.0,1.8621004799902978
2.0,3.0,2.0,2.0,2.0,1.0,1.682597151766013
2.0,3.0,2.0,2.0,2.0,2.0,1.949476097001833
2.0,3.0,2.0,2.0,2.0,3.0,1.9978421203657382
2.0,3.0,2.0,2.0,2.0,4.0,1.997842122520442
2.0,3.0,2.0,2.0,2.0,5.0,2.4741205935238586
2.0,3.0,2.0,2.0,3.0,1.0,1.6825971286543784
2.0,3.0,2.0,2.0,3.0,2.0,1.9494760451123125
2.0,3.0,2.0,2.0,3.0,3.0,2.1290273350773474
2.0,3.0,2.0,2.0,4.0,1.0,1.7678083724243838
2.0,3.0,2.0,2.0,4.0,2.0,1.994792747283449
2.0,3.0,2.0,2.0,4.0,3.0,2.3634680318005494
2.0,3.0,2.0,2.0,4.0,4.0,2.390526165425881
2.0,3.0,2.0,2.0,5.0,4.0,2.3905261571105307
2.0,3.0,2.0,2.0,5.0,5.0,2.540167351028586
2.0,3.0,2.0,3.0,1.0,1.0,1.5066702457997758
2.0,3.0,2.0,3.0,1.0,2.0,1.8067231813917795
2.0,3.0,2.0,3.0,1.0,3.0,1.8621004152660696
2.0,3.0,2.0,3.0,1.0,4.0,1.9550402155711462
2.0,3.0,2.0,3.0,2.0,1.0,1.7678083285405688
2.0,3.0,2.0,3.0,2.0,2.0,1.9991909773076642
2.0,3.0,2.0,3.0,2.0,3.0,2.21775971135196
2.0,3.0,2.0,3.0,2.0,4.0,2.217759706636494
2.0,3.0,2.0,3.0,3.0,1.0,1.767808355696482
2.0,3.0,2.0,3.0,3.0,2.0,1.9995409073725874
2.0,3.0,2.0,3.0,3.0,3.0,2.2476146215481463
2.0,3.0,2.0,3.0,3.0,4.0,2.5401673589569853
2.0,3.0,2.0,3.0,4.0,2.0,1.999540882567654
2.0,3.0,2.0,3.0,4.0,3.0,2.4122317522157086
2.0,3.0,2.0,3.0,4.0,4.0,2.5401673433171252
2.0,3.0,2.0,3.0,4.0,5.0,2.5401673452738933
2.0,3.0,2.0,3.0,5.0,1.0,1.7678083557452102
2.0,3.0,2.0,3.0,5.0,3.0,2.4190313471887004
2.0,3.0,2.0,3.0,5.0,4.0,2.540167342145828
2.0,3.0,2.0,4.0,1.0,1.0,1.777755981493761
2.0,3.0,2.0,4.0,1.0,2.0,1.8067231593941702
2.0,3.0,2.0,4.0,1.0,3.0,1.8787416758030462
2.0,3.0,2.0,4.0,1.0,4.0,1.9550402130956082
2.0,3.0,2.0,4.0,2.0,1.0,1.9823886490725202
2.0,3.0,2.0,4.0,2.0,2.0,2.1021808641896906
2.0,3.0,2.0,4.0,2.0,3.0,2.2355311153798243
2.0,3.0,2.0,4.0,2.0,4.0,2.3004261683842526
2.0,3.0,2.0,4.0,3.0,1.0,2.1173607802002894
2.0,3.0,2.0,4.0,3.0,2.0,2.1476911183505747
2.0,3.0,2.0,4.0,3.0,3.0,2.4062729996725185
2.0,3.0,2.0,4.0,3.0,4.0,2.540167385068344
2.0,3.0,2.0,4.0,4.0,2.0,2.304030339084884
2.0,3.0,2.0,4.0,4.0,3.0,2.412231737193814
2.0,3.0,2.0,4.0,4.0,4.0,2.540167349810542
2.0,3.0,2.0,4.0,4.0,5.0,2.5401673478288185
2.0,3.0,2.0,4.0,5.0,2.0,2.3040303331082943
2.0,3.0,2.0,4.0,5.0,3.0,2.501142959234806
2.0,3.0,2.0,4.0,5.0,4.0,2.540167343555125
2.0,3.0,2.0,4.0,5.0,5.0,2.5401673405088983
2.0,3.0,2.0,5.0,1.0,1.0,1.8299581632618287
2.0,3.0,2.0,5.0,1.0,2.0,1.9550403124447502
2.0,3.0,2.0,5.0,1.0,3.0,1.9550402968492782
2.0,3.0,2.0,5.0,1.0,4.0,1.9550402425505284
2.0,3.0,2.0,5.0,2.0,3.0,2.235531120632959
2.0,3.0,2.0,5.0,3.0,3.0,2.465467691131428
2.0,3.0,2.0,5.0,3.0,4.0,2.540167355325702
2.0,3.0,2.0,5.0,3.0,5.0,2.540167356603967
2.0,3.0,2.0,5.0,4.0,2.0,2.3040303438513017
2.0,3.0,2.0,5.0,4.0,3.0,2.4994013912473356
2.0,3.0,2.0,5.0,4.0,4.0,2.5401673455768785
2.0,3.0,2.0,5.0,4.0,5.0,2.5401673416746853
2.0,3.0,2.0,5.0,5.0,2.0,2.304030335034296
2.0,3.0,2.0,5.0,5.0,3.0,2.501142947505577
2.0,3.0,2.0,5.0,5.0,4.0,2.540167334949512
2.0,3.0,2.0,5.0,5.0,5.0,2.5401673316532007
2.0,3.0,3.0,1.0,1.0,1.0,1.4457833305940437
2.0,3.0,3.0,1.0,1.0,2.0,1.571280554749183
2.0,3.0,3.0,1.0,1.0,3.0,1.5712805309507016
2.0,3.0,3.0,1.0,2.0,1.0,1.4731574366808062
2.0,3.0,3.0,1.0,2.0,2.0,1.6583178460160841
2.0,3.0,3.0,1.0,2.0,3.0,1.971438734984224
2.0,3.0,3.0,1.0,2.0,5.0,1.9714387079592781
2.0,3.0,3.0,1.0,3.0,1.0,1.5427072952977348
2.0,3.0,3.0,1.0,3.0,2.0,1.7715549795118801
2.0,3.0,3.0,1.0,3.0,3.0,1.9714387383145089
2.0,3.0,3.0,1.0,4.0,1.0,1.5427073022679256
2.0,3.0,3.0,1.0,4.0,2.0,1.971438737032481
2.0,3.0,3.0,1.0,4.0,3.0,1.9714387331084329
2.0,3.0,3.0,1.0,4.0,4.0,2.48551811128866
2.0,3.0,3.0,2.0,1.0,1.0,1.5864255073111153
2.0,3.0,3.0,2.0,1.0,2.0,1.862100549738826
2.0,3.0,3.0,2.0,1.0,3.0,1.8621005109353728
2.0,3.0,3.0,2.0,2.0,1.0,1.6825970804571555
2.0,3.0,3.0,2.0,2.0,2.0,2.0846869322744777
2.0,3.0,3.0,2.0,2.0,3.0,2.2245794356081063
2.0,3.0,3.0,2.0,2.0,4.0,2.2245794219031962
2.0,3.0,3.0,2.0,3.0,1.0,1.8808021472471952
2.0,3.0,3.0,2.0,3.0,2.0,2.212043398500457
2.0,3.0,3.0,2.0,3.0,3.0,2.382907761363283
2.0,3.0,3.0,2.0,3.0,4.0,2.5406756021484207
2.0,3.0,3.0,2.0,4.0,2.0,2.2449407272842623
2.0,3.0,3.0,2.0,4.0,3.0,2.382907756813647
2.0,3.0,3.0,2.0,4.0,4.0,2.5406755991506587
2.0,3.0,3.0,2.0,5.0,4.0,2.808520229923541
2.0,3.0,3.0,2.0,5.0,5.0,2.808520223700049
2.0,3.0,3.0,3.0,1.0,1.0,1.7678083141588656
2.0,3.0,3.0,3.0,1.0,2.0,1.8621005715563785
2.0,3.0,3.0,3.0,1.0,3.0,2.076886440450057
2.0,3.0,3.0,3.0,1.0,4.0,2.07688643837657
2.0,3.0,3.0,3.0,2.0,1.0,1.767808314736415
2.0,3.0,3.0,3.0,2.0,2.0,2.1507272845270244
2.0,3.0,3.0,3.0,2.0,3.0,2.3505936505863407
2.0,3.0,3.0,3.0,2.0,4.0,2.54324380494888
2.0,3.0,3.0,3.0,3.0,1.0,1.8808021613995414
2.0,3.0,3.0,3.0,3.0,2.0,2.3421026505020173
2.0,3.0,3.0,3.0,3.0,3.0,2.557346323560571
2.0,3.0,3.0,3.0,3.0,4.0,2.6518144731509814
2.0,3.0,3.0,3.0,3.0,5.0,2.6518144549930884
2.0,3.0,3.0,3.0,4.0,1.0,2.004936739465707
2.0,3.0,3.0,3.0,4.0,2.0,2.3421026344466345
2.0,3.0,3.0,3.0,4.0,3.0,2.557346325047566
2.0,3.0,3.0,3.0,4.0,4.0,2.6518144107270705
2.0,3.0,3.0,3.0,4.0,5.0,2.9540695108919044
2.0,3.0,3.0,3.0,5.0,3.0,2.9540695600638163
2.0,3.0,3.0,3.0,5.0,4.0,2.9540695471033445
2.0,3.0,3.0,3.0,5.0,5.0,2.9540695132194865
2.0,3.0,3.0,4.0,1.0,1.0,1.829958149589959
2.0,3.0,3.0,4.0,1.0,2.0,2.1621551119038616
2.0,3.0,3.0,4.0,1.0,3.0,2.1673564723201486
2.0,3.0,3.0,4.0,1.0,4.0,2.3820149151957692
2.0,3.0,3.0,4.0,1.0,5.0,2.5432438061056852
2.0,3.0,3.0,4.0,2.0,2.0,2.3421026503442723
2.0,3.0,3.0,4.0,2.0,3.0,2.5432437783252655
2.0,3.0,3.0,4.0,2.0,4.0,2.5432437899048117
2.0,3.0,3.0,4.0,2.0,5.0,2.543243790918612
2.0,3.0,3.0,4.0,3.0,2.0,2.3421026292460634
2.0,3.0,3.0,4.0,3.0,3.0,2.659950100430114
2.0,3.0,3.0,4.0,3.0,4.0,2.6661024646528135
2.0,3.0,3.0,4.0,4.0,1.0,2.465894853899901
2.0,3.0,3.0,4.0,4.0,2.0,2.4658948683315063
2.0,3.0,3.0,4.0,4.0,3.0,2.719414832349022
2.0,3.0,3.0,4.0,4.0,4.0,2.775047417879714
2.0,3.0,3.0,4.0,4.0,5.0,2.954069505471319
2.0,3.0,3.0,4.0,5.0,4.0,2.9540695350028674
2.0,3.0,3.0,4.0,5.0,5.0,2.9540695056427877
2.0,3.0,3.0,5.0,1.0,1.0,1.829958152674816
2.0,3.0,3.0,5.0,1.0,3.0,2.1673564715007636
2.0,3.0,3.0,5.0,1.0,4.0,2.42322176033125
2.0,3.0,3.0,5.0,1.0,5.0,2.6637996024084307
2.0,3.0,3.0,5.0,2.0,3.0,2.5432437428975114
2.0,3.0,3.0,5.0,2.0,4.0,2.543243743473698
2.0,3.0,3.0,5.0,3.0,3.0,2.6599500950226505
2.0,3.0,3.0,5.0,3.0,4.0,2.8730010883520283
2.0,3.0,3.0,5.0,3.0,5.0,2.9540695299453152
2.0,3.0,3.0,5.0,4.0,3.0,2.7194147747833375
2.0,3.0,3.0,5.0,4.0,4.0,2.9540695058823974
2.0,3.0,3.0,5.0,4.0,5.0,2.954069495900336
2.0,3.0,3.0,5.0,5.0,2.0,2.620138638935277
2.0,3.0,3.0,5.0,5.0,3.0,2.954069514382092
2.0,3.0,3.0,5.0,5.0,4.0,2.954069521398052
2.0,3.0,3.0,5.0,5.0,5.0,2.954069461566511
2.0,3.0,4.0,1.0,1.0,1.0,1.4457834655527753
2.0,3.0,4.0,1.0,2.0,2.0,1.7676065841751891
2.0,3.0,4.0,1.0,2.0,3.0,1.9714387271918705
2.0,3.0,4.0,1.0,3.0,2.0,1.7715549713655812
2.0,3.0,4.0,1.0,4.0,3.0,1.9714387170954644
2.0,3.0,4.0,1.0,4.0,4.0,2.557047889358402
2.0,3.0,4.0,2.0,2.0,1.0,1.8808021615504689
2.0,3.0,4.0,2.0,2.0,2.0,2.1671785711480007
2.0,3.0,4.0,2.0,2.0,3.0,2.224579430388939
2.0,3.0,4.0,2.0,3.0,2.0,2.3304966830126523
2.0,3.0,4.0,2.0,3.0,3.0,2.382907719358223
2.0,3.0,4.0,2.0,4.0,3.0,2.640110472098739
2.0,3.0,4.0,2.0,4.0,4.0,2.6401104727924
2.0,3.0,4.0,2.0,5.0,3.0,2.9628679838253276
2.0,3.0,4.0,3.0,1.0,2.0,1.8621005547526093
2.0,3.0,4.0,3.0,1.0,3.0,2.1476880938814022
2.0,3.0,4.0,3.0,2.0,2.0,2.167178546179861
2.0,3.0,4.0,3.0,2.0,3.0,2.4896428102821075
2.0,3.0,4.0,3.0,2.0,4.0,2.745760714492191
2.0,3.0,4.0,3.0,3.0,1.0,1.8808021511865338
2.0,3.0,4.0,3.0,3.0,2.0,2.342102624166896
2.0,3.0,4.0,3.0,3.0,3.0,2.7014375342268893
2.0,3.0,4.0,3.0,3.0,4.0,2.7457607055695266
2.0,3.0,4.0,3.0,4.0,2.0,2.342102620869696
2.0,3.0,4.0,3.0,4.0,3.0,2.741866233318187
2.0,3.0,4.0,3.0,4.0,4.0,3.1711217987721816
2.0,3.0,4.0,3.0,5.0,3.0,2.979019052600377
2.0,3.0,4.0,3.0,5.0,4.0,3.1711217734097494
2.0,3.0,4.0,3.0,5.0,5.0,3.171121754576912
2.0,3.0,4.0,4.0,1.0,1.0,1.8299581414706236
2.0,3.0,4.0,4.0,1.0,3.0,2.266273855537338
2.0,3.0,4.0,4.0,1.0,4.0,2.382014896731221
2.0,3.0,4.0,4.0,2.0,3.0,2.8510305533093505
2.0,3.0,4.0,4.0,2.0,4.0,2.8884461075736616
2.0,3.0,4.0,4.0,3.0,1.0,2.1173607785932296
2.0,3.0,4.0,4.0,3.0,2.0,2.465894882298496
2.0,3.0,4.0,4.0,3.0,3.0,2.9695396593699668
2.0,3.0,4.0,4.0,3.0,4.0,3.1711217793353295
2.0,3.0,4.0,4.0,3.0,5.0,3.1711217474996345
2.0,3.0,4.0,4.0,4.0,2.0,2.4658948600846733
2.0,3.0,4.0,4.0,4.0,3.0,2.9695396594929666
2.0,3.0,4.0,4.0,4.0,4.0,3.171121780563209
2.0,3.0,4.0,4.0,5.0,2.0,2.584327860514348
2.0,3.0,4.0,4.0,5.0,4.0,3.1711217705462262
2.0,3.0,4.0,4.0,5.0,5.0,3.1711217449435636
2.0,3.0,4.0,5.0,1.0,4.0,2.7663938919625757
2.0,3.0,4.0,5.0,2.0,5.0,2.888446093578468
2.0,3.0,4.0,5.0,3.0,3.0,2.969539649215743
2.0,3.0,4.0,5.0,3.0,4.0,3.171121760541985
2.0,3.0,4.0,5.0,3.0,5.0,3.171121749392683
2.0,3.0,4.0,5.0,4.0,2.0,2.465894822614371
2.0,3.0,4.0,5.0,4.0,4.0,3.171121760915629
2.0,3.0,4.0,5.0,4.0,5.0,3.171121743415533
2.0,3.0,4.0,5.0,5.0,4.0,3.17112173703561
2.0,3.0,4.0,5.0,5.0,5.0,3.49821510013664
2.0,3.0,5.0,1.0,1.0,1.0,1.4457834559070881
2.0,3.0,5.0,2.0,2.0,2.0,2.1671785685364573
2.0,3.0,5.0,3.0,3.0,3.0,2.741866246502261
2.0,3.0,5.0,3.0,4.0,3.0,2.7418662369025895
2.0,3.0,5.0,3.0,4.0,4.0,3.1711217947501646
2.0,3.0,5.0,3.0,4.0,5.0,3.484710782954108
2.0,3.0,5.0,3.0,5.0,2.0,2.986908680394783
2.0,3.0,5.0,4.0,3.0,3.0,2.969539643223534
2.0,3.0,5.0,4.0,3.0,4.0,3.1716620475558814
2.0,3.0,5.0,4.0,4.0,3.0,2.9695396237325515
2.0,3.0,5.0,4.0,4.0,4.0,3.171662022578926
2.0,3.0,5.0,4.0,4.0,5.0,3.4847107686486396
2.0,3.0,5.0,4.0,5.0,3.0,3.023320479017995
2.0,3.0,5.0,5.0,1.0,1.0,1.8299581366670676
2.0,3.0,5.0,5.0,1.0,4.0,2.8884461090426123
2.0,3.0,5.0,5.0,2.0,4.0,2.888446106760987
2.0,3.0,5.0,5.0,4.0,4.0,3.171662019421838
2.0,3.0,5.0,5.0,5.0,5.0,3.7522519835251167
2.0,4.0,1.0,1.0,1.0,1.0,1.1620927921459676
2.0,4.0,1.0,1.0,1.0,2.0,1.2364109870257638
2.0,4.0,1.0,1.0,1.0,3.0,1.5292011783045862
2.0,4.0,1.0,1.0,2.0,1.0,1.2471772921245463
2.0,4.0,1.0,1.0,2.0,2.0,1.4798073518400288
2.0,4.0,1.0,1.0,2.0,3.0,1.5292011742298053
2.0,4.0,1.0,1.0,3.0,1.0,1.3198803702533446
2.0,4.0,1.0,1.0,3.0,2.0,1.5115425536925016
2.0,4.0,1.0,1.0,3.0,3.0,1.6134756567364805
2.0,4.0,1.0,1.0,3.0,4.0,1.6354898938083504
2.0,4.0,1.0,1.0,4.0,1.0,1.3198803485907389
2.0,4.0,1.0,1.0,4.0,2.0,1.6627786715953132
2.0,4.0,1.0,1.0,4.0,3.0,1.9304020838125233
2.0,4.0,1.0,1.0,5.0,1.0,1.3198803416342109
2.0,4.0,1.0,2.0,1.0,1.0,1.3015234690209567
2.0,4.0,1.0,2.0,1.0,2.0,1.5804502200864317
2.0,4.0,1.0,2.0,1.0,3.0,1.5804501910252058
2.0,4.0,1.0,2.0,2.0,1.0,1.3672138854294198
2.0,4.0,1.0,2.0,2.0,2.0,1.7411146401248525
2.0,4.0,1.0,2.0,2.0,3.0,1.747160910235365
2.0,4.0,1.0,2.0,3.0,1.0,1.4310457708614495
2.0,4.0,1.0,2.0,3.0,2.0,1.8349560449804563
2.0,4.0,1.0,2.0,3.0,3.0,1.930402062549271
2.0,4.0,1.0,2.0,3.0,4.0,1.930402056959589
2.0,4.0,1.0,2.0,4.0,1.0,1.7584343685372252
2.0,4.0,1.0,2.0,4.0,2.0,1.8349560108254086
2.0,4.0,1.0,2.0,4.0,3.0,1.9304020521686232
2.0,4.0,1.0,2.0,4.0,4.0,1.9304020490489557
2.0,4.0,1.0,2.0,5.0,2.0,1.9304020263400508
2.0,4.0,1.0,2.0,5.0,3.0,1.9304020223514837
2.0,4.0,1.0,3.0,1.0,1.0,1.3235520862503931
2.0,4.0,1.0,3.0,1.0,2.0,1.5804502024126665
2.0,4.0,1.0,3.0,1.0,3.0,1.6519152295543
2.0,4.0,1.0,3.0,1.0,4.0,1.651915191061721
2.0,4.0,1.0,3.0,2.0,1.0,1.543198708177957
2.0,4.0,1.0,3.0,2.0,2.0,1.7411146311836059
2.0,4.0,1.0,3.0,2.0,3.0,1.906871956310095
2.0,4.0,1.0,3.0,2.0,4.0,2.050554222007609
2.0,4.0,1.0,3.0,3.0,1.0,1.5944417297106133
2.0,4.0,1.0,3.0,3.0,2.0,1.834956045933384
2.0,4.0,1.0,3.0,3.0,3.0,1.930402054035167
2.0,4.0,1.0,3.0,3.0,4.0,2.0505542127785343
2.0,4.0,1.0,3.0,4.0,1.0,1.7584343513582719
2.0,4.0,1.0,3.0,4.0,3.0,1.930402046889365
2.0,4.0,1.0,3.0,4.0,5.0,2.0505542180525986
2.0,4.0,1.0,3.0,5.0,3.0,2.2110889374655387
2.0,4.0,1.0,3.0,5.0,4.0,2.211088927031331
2.0,4.0,1.0,4.0,1.0,1.0,1.3745587397155048
2.0,4.0,1.0,4.0,1.0,2.0,1.6519152482952963
2.0,4.0,1.0,4.0,1.0,3.0,1.651915225686256
2.0,4.0,1.0,4.0,1.0,4.0,1.9546071182597715
2.0,4.0,1.0,4.0,2.0,2.0,1.876450014302861
2.0,4.0,1.0,4.0,2.0,3.0,2.0505542280860336
2.0,4.0,1.0,4.0,3.0,1.0,1.594441727907366
2.0,4.0,1.0,4.0,3.0,2.0,1.9927076758854938
2.0,4.0,1.0,4.0,3.0,3.0,2.050554237035866
2.0,4.0,1.0,4.0,3.0,4.0,2.050554205901087
2.0,4.0,1.0,4.0,3.0,5.0,2.0505542058576713
2.0,4.0,1.0,4.0,4.0,1.0,2.0505542852154734
2.0,4.0,1.0,4.0,4.0,2.0,2.139241740136453
2.0,4.0,1.0,4.0,4.0,3.0,2.200590600031882
2.0,4.0,1.0,4.0,4.0,4.0,2.2005905889370934
2.0,4.0,1.0,4.0,5.0,5.0,2.2856515704526803
2.0,4.0,1.0,5.0,1.0,1.0,1.7520673103025528
2.0,4.0,1.0,5.0,2.0,3.0,2.0505542071860963
2.0,4.0,1.0,5.0,4.0,3.0,2.200590605316233
2.0,4.0,1.0,5.0,4.0,4.0,2.200590598349074
2.0,4.0,1.0,5.0,4.0,5.0,2.2005905939116284
2.0,4.0,1.0,5.0,5.0,4.0,2.2856515786986016
2.0,4.0,1.0,5.0,5.0,5.0,2.2856515612252575
2.0,4.0,2.0,1.0,1.0,1.0,1.3936031265733306
2.0,4.0,2.0,1.0,1.0,2.0,1.6193554419226142
2.0,4.0,2.0,1.0,1.0,3.0,1.6193554342563892
2.0,4.0,2.0,1.0,2.0,1.0,1.4731574530291962
2.0,4.0,2.0,1.0,2.0,2.0,1.7676065831338557
2.0,4.0,2.0,1.0,2.0,3.0,1.7676065644003056
2.0,4.0,2.0,1.0,3.0,1.0,1.5427073133442426
2.0,4.0,2.0,1.0,3.0,2.0,1.7676065831804486
2.0,4.0,2.0,1.0,3.0,3.0,1.9756133141769516
2.0,4.0,2.0,1.0,3.0,4.0,1.9999749433211258
2.0,4.0,2.0,1.0,4.0,1.0,1.542707305380267
2.0,4.0,2.0,1.0,4.0,2.0,1.767606567634325
2.0,4.0,2.0,1.0,4.0,3.0,1.9955324771751428
2.0,4.0,2.0,1.0,4.0,4.0,2.3905261706347796
2.0,4.0,2.0,2.0,1.0,1.0,1.506670190917768
2.0,4.0,2.0,2.0,1.0,2.0,1.9195803178897224
2.0,4.0,2.0,2.0,1.0,3.0,1.919580310179502
2.0,4.0,2.0,2.0,1.0,4.0,1.9195802865594531
2.0,4.0,2.0,2.0,2.0,1.0,1.7678082991388073
2.0,4.0,2.0,2.0,2.0,2.0,1.9988432698960423
2.0,4.0,2.0,2.0,2.0,3.0,2.0511144486753032
2.0,4.0,2.0,2.0,3.0,1.0,1.830897274416431
2.0,4.0,2.0,2.0,3.0,2.0,2.0942219692061954
2.0,4.0,2.0,2.0,3.0,3.0,2.1659645596246264
2.0,4.0,2.0,2.0,3.0,4.0,2.39052617851049
2.0,4.0,2.0,2.0,4.0,1.0,1.8808021040313532
2.0,4.0,2.0,2.0,4.0,2.0,2.0942219669388553
2.0,4.0,2.0,2.0,4.0,3.0,2.363468014995542
2.0,4.0,2.0,2.0,4.0,4.0,2.3905261523205508
2.0,4.0,2.0,2.0,5.0,2.0,2.0942219625985437
2.0,4.0,2.0,3.0,1.0,1.0,1.506670175927615
2.0,4.0,2.0,3.0,1.0,2.0,1.9290108136699038
2.0,4.0,2.0,3.0,1.0,3.0,1.9290107368433986
2.0,4.0,2.0,3.0,2.0,1.0,1.7678083012408734
2.0,4.0,2.0,3.0,2.0,2.0,2.075520187204478
2.0,4.0,2.0,3.0,2.0,3.0,2.217759685169366
2.0,4.0,2.0,3.0,2.0,4.0,2.2177596824903993
2.0,4.0,2.0,3.0,3.0,1.0,1.907490527255976
2.0,4.0,2.0,3.0,3.0,2.0,2.1476910448840454
2.0,4.0,2.0,3.0,3.0,3.0,2.3330431156594242
2.0,4.0,2.0,3.0,3.0,4.0,2.5401673196709322
2.0,4.0,2.0,3.0,3.0,5.0,2.5536006920714147
2.0,4.0,2.0,3.0,4.0,2.0,2.147691026538238
2.0,4.0,2.0,3.0,4.0,3.0,2.419031346546714
2.0,4.0,2.0,3.0,4.0,4.0,2.5401673268140588
2.0,4.0,2.0,3.0,5.0,3.0,2.419031326092254
2.0,4.0,2.0,3.0,5.0,4.0,2.5401673259879503
2.0,4.0,2.0,4.0,1.0,1.0,1.7777559542808021
2.0,4.0,2.0,4.0,1.0,2.0,1.955040190491004
2.0,4.0,2.0,4.0,1.0,3.0,1.9550401958892862
2.0,4.0,2.0,4.0,1.0,4.0,1.955040174148675
2.0,4.0,2.0,4.0,2.0,1.0,1.9823886155866732
2.0,4.0,2.0,4.0,2.0,2.0,2.1021808356658283
2.0,4.0,2.0,4.0,2.0,3.0,2.235531033402873
2.0,4.0,2.0,4.0,2.0,4.0,2.300426133611094
2.0,4.0,2.0,4.0,3.0,1.0,2.117360703981774
2.0,4.0,2.0,4.0,3.0,2.0,2.1476910443376944
2.0,4.0,2.0,4.0,3.0,3.0,2.4654677029019347
2.0,4.0,2.0,4.0,3.0,4.0,2.54016735609647
2.0,4.0,2.0,4.0,3.0,5.0,2.5536006796045494
2.0,4.0,2.0,4.0,4.0,1.0,2.445024068385085
2.0,4.0,2.0,4.0,4.0,2.0,2.445024032287141
2.0,4.0,2.0,4.0,4.0,3.0,2.499401367146173
2.0,4.0,2.0,4.0,4.0,4.0,2.5401673186763523
2.0,4.0,2.0,4.0,4.0,5.0,2.5536006490022127
2.0,4.0,2.0,4.0,5.0,2.0,2.5017151901108265
2.0,4.0,2.0,4.0,5.0,3.0,2.5017151605415657
2.0,4.0,2.0,4.0,5.0,4.0,2.5401673286430433
2.0,4.0,2.0,4.0,5.0,5.0,2.553600633912616
2.0,4.0,2.0,5.0,1.0,3.0,2.09466566089557
2.0,4.0,2.0,5.0,1.0,5.0,2.5536006762112766
2.0,4.0,2.0,5.0,2.0,2.0,2.1021808236248973
2.0,4.0,2.0,5.0,2.0,3.0,2.250231049692529
2.0,4.0,2.0,5.0,2.0,4.0,2.3004261253099196
2.0,4.0,2.0,5.0,3.0,1.0,2.1173606700514327
2.0,4.0,2.0,5.0,3.0,3.0,2.4654676846096937
2.0,4.0,2.0,5.0,3.0,4.0,2.5401673375885454
2.0,4.0,2.0,5.0,3.0,5.0,2.5536006703482297
2.0,4.0,2.0,5.0,4.0,2.0,2.445024020502635
2.0,4.0,2.0,5.0,4.0,3.0,2.499401357021996
2.0,4.0,2.0,5.0,4.0,4.0,2.540167316954688
2.0,4.0,2.0,5.0,4.0,5.0,2.8653636141937207
2.0,4.0,2.0,5.0,5.0,3.0,2.501715145253025
2.0,4.0,2.0,5.0,5.0,4.0,2.8653636220220795
2.0,4.0,2.0,5.0,5.0,5.0,2.8653636062913495
2.0,4.0,3.0,1.0,1.0,1.0,1.4849214400607955
2.0,4.0,3.0,1.0,1.0,2.0,1.754696100220824
2.0,4.0,3.0,1.0,1.0,3.0,1.975613344104
2.0,4.0,3.0,1.0,1.0,4.0,1.9786388987996406
2.0,4.0,3.0,1.0,2.0,1.0,1.484921431981905
2.0,4.0,3.0,1.0,2.0,2.0,1.767606579289893
2.0,4.0,3.0,1.0,2.0,3.0,1.9756133432151155
2.0,4.0,3.0,1.0,3.0,1.0,1.5427072900066208
2.0,4.0,3.0,1.0,3.0,2.0,1.9756134121968303
2.0,4.0,3.0,1.0,3.0,3.0,1.9756133098755329
2.0,4.0,3.0,1.0,3.0,4.0,2.4855180744576963
2.0,4.0,3.0,1.0,4.0,1.0,1.6738529032723928
2.0,4.0,3.0,1.0,4.0,3.0,2.0125335109006697
2.0,4.0,3.0,1.0,4.0,4.0,2.485518083879462
2.0,4.0,3.0,1.0,4.0,5.0,2.743988761844989
2.0,4.0,3.0,2.0,1.0,1.0,1.8084172747225074
2.0,4.0,3.0,2.0,1.0,2.0,1.929010850981045
2.0,4.0,3.0,2.0,1.0,3.0,2.0821448415084527
2.0,4.0,3.0,2.0,2.0,1.0,1.8808021333534015
2.0,4.0,3.0,2.0,2.0,2.0,2.180725873740692
2.0,4.0,3.0,2.0,2.0,3.0,2.3311519426817937
2.0,4.0,3.0,2.0,2.0,5.0,2.4741205771403165
2.0,4.0,3.0,2.0,3.0,1.0,1.880802125296449
2.0,4.0,3.0,2.0,3.0,2.0,2.260985767794283
2.0,4.0,3.0,2.0,3.0,3.0,2.4577761694602454
2.0,4.0,3.0,2.0,3.0,4.0,2.540675576564098
2.0,4.0,3.0,2.0,3.0,5.0,2.5406755581547817
2.0,4.0,3.0,2.0,4.0,1.0,1.8808021013959106
2.0,4.0,3.0,2.0,4.0,2.0,2.260985741675053
2.0,4.0,3.0,2.0,4.0,3.0,2.457776161989143
2.0,4.0,3.0,2.0,4.0,4.0,2.640110479721698
2.0,4.0,3.0,2.0,4.0,5.0,2.808520211684472
2.0,4.0,3.0,2.0,5.0,3.0,2.5001252099216966
2.0,4.0,3.0,2.0,5.0,4.0,2.808520227329889
2.0,4.0,3.0,3.0,1.0,1.0,1.8299581504014677
2.0,4.0,3.0,3.0,1.0,2.0,1.9290108127663148
2.0,4.0,3.0,3.0,1.0,3.0,2.099855888371548
2.0,4.0,3.0,3.0,1.0,4.0,2.3820148829772996
2.0,4.0,3.0,3.0,2.0,1.0,1.9074905394942991
2.0,4.0,3.0,3.0,2.0,2.0,2.270624241810347
2.0,4.0,3.0,3.0,2.0,3.0,2.489642787716363
2.0,4.0,3.0,3.0,2.0,4.0,2.651211335082824
2.0,4.0,3.0,3.0,3.0,1.0,1.907490515509881
2.0,4.0,3.0,3.0,3.0,2.0,2.342102606669759
2.0,4.0,3.0,3.0,3.0,3.0,2.5573461924420338
2.0,4.0,3.0,3.0,3.0,4.0,2.745760698094473
2.0,4.0,3.0,3.0,4.0,1.0,2.015463414230933
2.0,4.0,3.0,3.0,4.0,2.0,2.62013862158865
2.0,4.0,3.0,3.0,4.0,3.0,2.62013855377353
2.0,4.0,3.0,3.0,4.0,4.0,2.7457606847195244
2.0,4.0,3.0,3.0,4.0,5.0,2.986076091174279
2.0,4.0,3.0,3.0,5.0,2.0,2.620138598961869
2.0,4.0,3.0,3.0,5.0,3.0,2.9540695550120355
2.0,4.0,3.0,3.0,5.0,4.0,2.954069545396999
2.0,4.0,3.0,3.0,5.0,5.0,3.0019166988078188
2.0,4.0,3.0,4.0,1.0,1.0,1.8299581449624065
2.0,4.0,3.0,4.0,1.0,2.0,2.2662738555509114
2.0,4.0,3.0,4.0,1.0,3.0,2.266273846780617
2.0,4.0,3.0,4.0,1.0,4.0,2.382014870144163
2.0,4.0,3.0,4.0,2.0,1.0,1.999933252956739
2.0,4.0,3.0,4.0,2.0,2.0,2.361619075989824
2.0,4.0,3.0,4.0,2.0,3.0,2.543243740803533
2.0,4.0,3.0,4.0,2.0,4.0,2.772578807037932
2.0,4.0,3.0,4.0,2.0,5.0,2.9705459307485254
2.0,4.0,3.0,4.0,3.0,2.0,2.4602593643583144
2.0,4.0,3.0,4.0,3.0,3.0,2.6659324384440204
2.0,4.0,3.0,4.0,3.0,4.0,2.772578808547881
2.0,4.0,3.0,4.0,3.0,5.0,2.9927954388838987
2.0,4.0,3.0,4.0,4.0,2.0,2.6201386268962534
2.0,4.0,3.0,4.0,4.0,3.0,2.719414820973452
2.0,4.0,3.0,4.0,4.0,4.0,2.9237955168474326
2.0,4.0,3.0,4.0,4.0,5.0,3.078030622717814
2.0,4.0,3.0,4.0,5.0,3.0,2.9540695288420515
2.0,4.0,3.0,4.0,5.0,4.0,2.954069529338431
2.0,4.0,3.0,4.0,5.0,5.0,3.0780305987035903
2.0,4.0,3.0,5.0,1.0,2.0,2.266273822435826
2.0,4.0,3.0,5.0,1.0,3.0,2.2662738252853205
2.0,4.0,3.0,5.0,1.0,4.0,2.503075149116007
2.0,4.0,3.0,5.0,1.0,5.0,2.663799588934245
2.0,4.0,3.0,5.0,2.0,2.0,2.62013863743603
2.0,4.0,3.0,5.0,2.0,3.0,2.6659324396128556
2.0,4.0,3.0,5.0,2.0,4.0,2.9059719386929515
2.0,4.0,3.0,5.0,2.0,5.0,2.986696903049607
2.0,4.0,3.0,5.0,3.0,3.0,2.6659324196491045
2.0,4.0,3.0,5.0,3.0,4.0,2.90597192834024
2.0,4.0,3.0,5.0,3.0,5.0,3.0009130391303747
2.0,4.0,3.0,5.0,4.0,3.0,2.751489391205234
2.0,4.0,3.0,5.0,4.0,4.0,2.9540694904750615
2.0,4.0,3.0,5.0,4.0,5.0,3.0780305999847593
2.0,4.0,3.0,5.0,5.0,3.0,2.998617273783191
2.0,4.0,3.0,5.0,5.0,4.0,3.0022024563781473
2.0,4.0,3.0,5.0,5.0,5.0,3.0780305954262928
2.0,4.0,4.0,1.0,1.0,1.0,1.484921379592551
2.0,4.0,4.0,1.0,1.0,2.0,1.7546960627045805
2.0,4.0,4.0,1.0,1.0,4.0,1.97863886959122
2.0,4.0,4.0,1.0,2.0,1.0,1.5728882150170544
2.0,4.0,4.0,1.0,2.0,2.0,1.767606573807364
2.0,4.0,4.0,1.0,3.0,2.0,2.005660776169351
2.0,4.0,4.0,1.0,3.0,3.0,2.035992853006887
2.0,4.0,4.0,1.0,4.0,4.0,2.640110476857659
2.0,4.0,4.0,2.0,1.0,2.0,1.9290108329714242
2.0,4.0,4.0,2.0,1.0,3.0,2.082144823781811
2.0,4.0,4.0,2.0,1.0,4.0,2.382014900815509
2.0,4.0,4.0,2.0,2.0,2.0,2.2302540262426014
2.0,4.0,4.0,2.0,2.0,3.0,2.331151922297089
2.0,4.0,4.0,2.0,3.0,1.0,1.8808021371543768
2.0,4.0,4.0,2.0,3.0,2.0,2.3578720306822873
2.0,4.0,4.0,2.0,3.0,3.0,2.4577761624079035
2.0,4.0,4.0,2.0,4.0,2.0,2.3578720285508243
2.0,4.0,4.0,2.0,4.0,4.0,2.6401104683539387
2.0,4.0,4.0,2.0,5.0,3.0,2.992320657103347
2.0,4.0,4.0,3.0,1.0,2.0,1.9290108106764674
2.0,4.0,4.0,3.0,1.0,3.0,2.1476880500087137
2.0,4.0,4.0,3.0,1.0,4.0,2.382014885841228
2.0,4.0,4.0,3.0,2.0,1.0,1.907490523461586
2.0,4.0,4.0,3.0,2.0,2.0,2.3375737552103435
2.0,4.0,4.0,3.0,2.0,3.0,2.489642776789749
2.0,4.0,4.0,3.0,3.0,2.0,2.3578720290208035
2.0,4.0,4.0,3.0,3.0,3.0,2.701437412458358
2.0,4.0,4.0,3.0,3.0,4.0,2.7457606810582207
2.0,4.0,4.0,3.0,4.0,2.0,2.620138614564779
2.0,4.0,4.0,3.0,4.0,3.0,2.7418662061164207
2.0,4.0,4.0,3.0,4.0,4.0,3.171121762592132
2.0,4.0,4.0,3.0,4.0,5.0,3.171121749463448
2.0,4.0,4.0,3.0,5.0,3.0,2.9962382985889287
2.0,4.0,4.0,3.0,5.0,4.0,3.234406232982367
2.0,4.0,4.0,3.0,5.0,5.0,3.39621239845707
2.0,4.0,4.0,4.0,1.0,3.0,2.26627383798648
2.0,4.0,4.0,4.0,1.0,4.0,2.5049266487555837
2.0,4.0,4.0,4.0,2.0,2.0,2.496363880781489
2.0,4.0,4.0,4.0,2.0,3.0,2.8510304986938233
2.0,4.0,4.0,4.0,2.0,4.0,3.0922895224959426
2.0,4.0,4.0,4.0,2.0,5.0,3.1689503993050296
2.0,4.0,4.0,4.0,3.0,2.0,2.744328148815
2.0,4.0,4.0,4.0,3.0,3.0,2.969539650164443
2.0,4.0,4.0,4.0,3.0,4.0,3.1711217601836696
2.0,4.0,4.0,4.0,3.0,5.0,3.1711217204604716
2.0,4.0,4.0,4.0,4.0,2.0,2.7443281343069357
2.0,4.0,4.0,4.0,4.0,3.0,3.152646513095993
2.0,4.0,4.0,4.0,4.0,4.0,3.171121705739916
2.0,4.0,4.0,4.0,4.0,5.0,3.5072284504693676
2.0,4.0,4.0,4.0,5.0,3.0,3.152646513967452
2.0,4.0,4.0,4.0,5.0,4.0,3.234406223038161
2.0,4.0,4.0,4.0,5.0,5.0,3.507228443972922
2.0,4.0,4.0,5.0,1.0,3.0,2.266273813477021
2.0,4.0,4.0,5.0,1.0,5.0,2.9990067712925597
2.0,4.0,4.0,5.0,2.0,3.0,2.9695396355039847
2.0,4.0,4.0,5.0,2.0,4.0,3.0922895150639085
2.0,4.0,4.0,5.0,3.0,3.0,2.9695396353413486
2.0,4.0,4.0,5.0,3.0,4.0,3.197442271529103
2.0,4.0,4.0,5.0,3.0,5.0,3.5072284546545758
2.0,4.0,4.0,5.0,4.0,3.0,3.152646490030351
2.0,4.0,4.0,5.0,4.0,4.0,3.2344062442859016
2.0,4.0,4.0,5.0,4.0,5.0,3.5072284419261375
2.0,4.0,4.0,5.0,5.0,3.0,3.152646470791863
2.0,4.0,4.0,5.0,5.0,4.0,3.234406214268563
2.0,4.0,4.0,5.0,5.0,5.0,3.50722843665003
2.0,4.0,5.0,1.0,1.0,2.0,1.7546960401128389
2.0,4.0,5.0,2.0,3.0,3.0,2.5132723949768003
2.0,4.0,5.0,2.0,4.0,3.0,2.640110458276065
2.0,4.0,5.0,2.0,4.0,4.0,2.6401104532956285
2.0,4.0,5.0,2.0,4.0,5.0,3.475476235501317
2.0,4.0,5.0,2.0,5.0,4.0,3.021805917926392
2.0,4.0,5.0,3.0,1.0,3.0,2.35632453411204
2.0,4.0,5.0,3.0,3.0,1.0,2.7457606745019927
2.0,4.0,5.0,3.0,3.0,2.0,2.7457606673500496
2.0,4.0,5.0,3.0,3.0,3.0,2.745760653546922
2.0,4.0,5.0,3.0,3.0,4.0,2.745760648152443
2.0,4.0,5.0,3.0,4.0,3.0,3.1971924250883546
2.0,4.0,5.0,3.0,5.0,3.0,3.19719241235143
2.0,4.0,5.0,3.0,5.0,4.0,3.234406222132528
2.0,4.0,5.0,4.0,1.0,1.0,1.8299581307139878
2.0,4.0,5.0,4.0,1.0,3.0,2.761282407986674
2.0,4.0,5.0,4.0,3.0,3.0,3.001146277969667
2.0,4.0,5.0,4.0,4.0,3.0,3.197192411039693
2.0,4.0,5.0,4.0,4.0,4.0,3.2344062365269757
2.0,4.0,5.0,4.0,5.0,4.0,3.2344062198668078
2.0,4.0,5.0,4.0,5.0,5.0,3.5101364150955696
2.0,4.0,5.0,5.0,4.0,4.0,3.2344062285138038
2.0,4.0,5.0,5.0,5.0,4.0,3.2344062120157786
2.0,4.0,5.0,5.0,5.0,5.0,3.7522519292336147
2.0,5.0,1.0,1.0,1.0,1.0,1.1622143820987996
2.0,5.0,1.0,1.0,1.0,2.0,1.479807298128499
2.0,5.0,1.0,1.0,1.0,3.0,1.5292011573312814
2.0,5.0,1.0,1.0,2.0,1.0,1.2471772311274134
2.0,5.0,1.0,1.0,2.0,2.0,1.4798072966708071
2.0,5.0,1.0,1.0,2.0,3.0,1.529201156206145
2.0,5.0,1.0,1.0,3.0,1.0,1.4245999390508945
2.0,5.0,1.0,1.0,3.0,2.0,1.5115425342986475
2.0,5.0,1.0,1.0,3.0,3.0,1.7471858246009173
2.0,5.0,1.0,1.0,4.0,1.0,1.5991426682394583
2.0,5.0,1.0,1.0,4.0,2.0,1.6627786401281797
2.0,5.0,1.0,2.0,1.0,1.0,1.3015234094918782
2.0,5.0,1.0,2.0,1.0,2.0,1.5804502150915885
2.0,5.0,1.0,2.0,1.0,3.0,1.5804501929759263
2.0,5.0,1.0,2.0,1.0,5.0,1.9870594409826305
2.0,5.0,1.0,2.0,2.0,1.0,1.3672138695218594
2.0,5.0,1.0,2.0,2.0,2.0,1.7411146234334407
2.0,5.0,1.0,2.0,2.0,3.0,1.747160866100753
2.0,5.0,1.0,2.0,2.0,4.0,1.7471608622389383
2.0,5.0,1.0,2.0,3.0,1.0,1.4310457384537187
2.0,5.0,1.0,2.0,3.0,2.0,1.834956041386855
2.0,5.0,1.0,2.0,3.0,3.0,1.9304020702363929
2.0,5.0,1.0,2.0,3.0,5.0,2.009917893728477
2.0,5.0,1.0,2.0,4.0,2.0,1.9304020426590998
2.0,5.0,1.0,2.0,4.0,3.0,1.9304020430892765
2.0,5.0,1.0,2.0,4.0,4.0,1.9304020351753268
2.0,5.0,1.0,2.0,5.0,4.0,1.9304020139869695
2.0,5.0,1.0,2.0,5.0,5.0,2.0504216307695295
2.0,5.0,1.0,3.0,1.0,1.0,1.4385764725862014
2.0,5.0,1.0,3.0,1.0,2.0,1.5804501945301792
2.0,5.0,1.0,3.0,1.0,3.0,1.796468020211138
2.0,5.0,1.0,3.0,1.0,4.0,2.050554211360893
2.0,5.0,1.0,3.0,2.0,1.0,1.7073003786947174
2.0,5.0,1.0,3.0,2.0,2.0,1.7411146229072765
2.0,5.0,1.0,3.0,2.0,3.0,2.050554226398084
2.0,5.0,1.0,3.0,3.0,1.0,1.7073003449081008
2.0,5.0,1.0,3.0,3.0,2.0,2.050554241903996
2.0,5.0,1.0,3.0,3.0,3.0,2.0505542142082107
2.0,5.0,1.0,3.0,3.0,4.0,2.0505542070034943
2.0,5.0,1.0,3.0,4.0,1.0,1.9696891041078786
2.0,5.0,1.0,3.0,4.0,2.0,2.0505542255128586
2.0,5.0,1.0,3.0,4.0,3.0,2.0505542133561407
2.0,5.0,1.0,3.0,4.0,4.0,2.050554203630042
2.0,5.0,1.0,3.0,4.0,5.0,2.0505541941632077
2.0,5.0,1.0,3.0,5.0,1.0,1.985529707375292
2.0,5.0,1.0,3.0,5.0,3.0,2.211088922225244
2.0,5.0,1.0,3.0,5.0,4.0,2.2110889208009765
2.0,5.0,1.0,4.0,1.0,1.0,1.4965777864366032
2.0,5.0,1.0,4.0,1.0,2.0,1.7462348213188772
2.0,5.0,1.0,4.0,1.0,3.0,2.050554217439115
2.0,5.0,1.0,4.0,1.0,4.0,2.050554198384501
2.0,5.0,1.0,4.0,2.0,1.0,1.8764499921411086
2.0,5.0,1.0,4.0,2.0,2.0,1.876449990457264
2.0,5.0,1.0,4.0,2.0,3.0,2.050554212777389
2.0,5.0,1.0,4.0,2.0,4.0,2.0505542039910054
2.0,5.0,1.0,4.0,3.0,1.0,2.0505542502070973
2.0,5.0,1.0,4.0,3.0,3.0,2.050554222120232
2.0,5.0,1.0,4.0,4.0,2.0,2.139241725378824
2.0,5.0,1.0,4.0,4.0,3.0,2.2005905710629747
2.0,5.0,1.0,4.0,4.0,4.0,2.200590563982086
2.0,5.0,1.0,4.0,4.0,5.0,2.2005905744901995
2.0,5.0,1.0,4.0,5.0,2.0,2.1392417203467
2.0,5.0,1.0,4.0,5.0,3.0,2.2110889157858176
2.0,5.0,1.0,5.0,1.0,3.0,2.0505542077531906
2.0,5.0,1.0,5.0,1.0,4.0,2.0505542014361704
2.0,5.0,1.0,5.0,2.0,2.0,1.9905706271790629
2.0,5.0,1.0,5.0,2.0,5.0,2.0505541933508296
2.0,5.0,1.0,5.0,3.0,3.0,2.050554200377763
2.0,5.0,1.0,5.0,3.0,4.0,2.050554197152568
2.0,5.0,1.0,5.0,3.0,5.0,2.067193377879514
2.0,5.0,1.0,5.0,4.0,3.0,2.345514108956824
2.0,5.0,1.0,5.0,4.0,5.0,2.5147222977928267
2.0,5.0,1.0,5.0,5.0,1.0,2.050554252891247
2.0,5.0,1.0,5.0,5.0,3.0,2.345514069688619
2.0,5.0,1.0,5.0,5.0,4.0,2.345514049805461
2.0,5.0,1.0,5.0,5.0,5.0,2.746708482289674
2.0,5.0,2.0,1.0,1.0,1.0,1.3936031170936445
2.0,5.0,2.0,1.0,1.0,2.0,1.9786389417726298
2.0,5.0,2.0,1.0,1.0,5.0,1.9990566539635757
2.0,5.0,2.0,1.0,2.0,1.0,1.497994000212764
2.0,5.0,2.0,1.0,2.0,2.0,1.9786389423554573
2.0,5.0,2.0,1.0,3.0,1.0,1.6255113933519239
2.0,5.0,2.0,1.0,3.0,2.0,1.9951593950245619
2.0,5.0,2.0,1.0,3.0,3.0,1.9951593639057845
2.0,5.0,2.0,1.0,4.0,3.0,2.006059102379825
2.0,5.0,2.0,1.0,4.0,4.0,2.390526154329798
2.0,5.0,2.0,1.0,5.0,1.0,1.6255113784280186
2.0,5.0,2.0,1.0,5.0,2.0,2.0008673536000297
2.0,5.0,2.0,2.0,1.0,1.0,1.5066701478378293
2.0,5.0,2.0,2.0,1.0,2.0,1.978638936789044
2.0,5.0,2.0,2.0,1.0,3.0,1.9786389341829242
2.0,5.0,2.0,2.0,2.0,1.0,1.7678082586529063
2.0,5.0,2.0,2.0,2.0,2.0,2.0564453097625135
2.0,5.0,2.0,2.0,2.0,5.0,2.589219579837227
2.0,5.0,2.0,2.0,3.0,1.0,1.8808021019624255
2.0,5.0,2.0,2.0,3.0,2.0,2.147690987461201
2.0,5.0,2.0,2.0,3.0,3.0,2.3545108274264344
2.0,5.0,2.0,2.0,3.0,4.0,2.390526151157855
2.0,5.0,2.0,2.0,4.0,1.0,1.9816886210032505
2.0,5.0,2.0,2.0,4.0,2.0,2.1476909798229844
2.0,5.0,2.0,2.0,4.0,3.0,2.363467923505205
2.0,5.0,2.0,2.0,4.0,4.0,2.609927754108059
2.0,5.0,2.0,2.0,5.0,1.0,1.9975291944750935
2.0,5.0,2.0,2.0,5.0,2.0,2.147690959121115
2.0,5.0,2.0,2.0,5.0,3.0,2.4953213809626935
2.0,5.0,2.0,2.0,5.0,4.0,2.609927735990293
2.0,5.0,2.0,2.0,5.0,5.0,2.609927729332218
2.0,5.0,2.0,3.0,1.0,1.0,1.5066701536744584
2.0,5.0,2.0,3.0,1.0,2.0,1.978638911849779
2.0,5.0,2.0,3.0,1.0,3.0,1.9985545095787918
2.0,5.0,2.0,3.0,2.0,1.0,1.9074905088220437
2.0,5.0,2.0,3.0,2.0,2.0,2.1344811253586173
2.0,5.0,2.0,3.0,2.0,3.0,2.3452378521097397
2.0,5.0,2.0,3.0,2.0,4.0,2.345237847477433
2.0,5.0,2.0,3.0,3.0,1.0,1.9074905139727314
2.0,5.0,2.0,3.0,3.0,2.0,2.147690994086902
2.0,5.0,2.0,3.0,3.0,3.0,2.540167189327046
2.0,5.0,2.0,3.0,3.0,4.0,2.540167241789394
2.0,5.0,2.0,3.0,4.0,1.0,1.9978395915569302
2.0,5.0,2.0,3.0,4.0,2.0,2.540167106642656
2.0,5.0,2.0,3.0,4.0,3.0,2.540167102786566
2.0,5.0,2.0,3.0,4.0,4.0,2.6099277523920477
2.0,5.0,2.0,3.0,5.0,3.0,2.5401670241439804
2.0,5.0,2.0,3.0,5.0,4.0,2.6099277336930404
2.0,5.0,2.0,4.0,1.0,1.0,1.7777559296366439
2.0,5.0,2.0,4.0,1.0,2.0,1.9867295724789322
2.0,5.0,2.0,4.0,1.0,3.0,2.094665664959676
2.0,5.0,2.0,4.0,2.0,2.0,2.1344811140493665
2.0,5.0,2.0,4.0,2.0,3.0,2.34523782901935
2.0,5.0,2.0,4.0,2.0,4.0,2.345237816933062
2.0,5.0,2.0,4.0,3.0,2.0,2.1476909957366703
2.0,5.0,2.0,4.0,3.0,3.0,2.55212944564062
2.0,5.0,2.0,4.0,3.0,4.0,2.58282472453492
2.0,5.0,2.0,4.0,4.0,2.0,2.589916927750283
2.0,5.0,2.0,4.0,4.0,3.0,2.6099277782876373
2.0,5.0,2.0,4.0,4.0,4.0,2.6099277579276103
2.0,5.0,2.0,4.0,4.0,5.0,2.609927732415998
2.0,5.0,2.0,4.0,5.0,2.0,2.5899169173050107
2.0,5.0,2.0,4.0,5.0,3.0,2.6099277313474487
2.0,5.0,2.0,4.0,5.0,4.0,2.6099277210005156
2.0,5.0,2.0,4.0,5.0,5.0,2.609927715156253
2.0,5.0,2.0,5.0,1.0,2.0,2.094665666310059
2.0,5.0,2.0,5.0,1.0,3.0,2.0946656402065345
2.0,5.0,2.0,5.0,1.0,4.0,2.0946656063260987
2.0,5.0,2.0,5.0,1.0,5.0,2.5536006686786736
2.0,5.0,2.0,5.0,2.0,1.0,1.9823885837068886
2.0,5.0,2.0,5.0,2.0,2.0,2.1344810940008583
2.0,5.0,2.0,5.0,2.0,3.0,2.4914090012819727
2.0,5.0,2.0,5.0,2.0,4.0,2.589219572845
2.0,5.0,2.0,5.0,2.0,5.0,2.589219572733439
2.0,5.0,2.0,5.0,3.0,2.0,2.552129470208823
2.0,5.0,2.0,5.0,3.0,3.0,2.552129415448985
2.0,5.0,2.0,5.0,3.0,4.0,2.5892195629420582
2.0,5.0,2.0,5.0,3.0,5.0,2.589219561775506
2.0,5.0,2.0,5.0,4.0,3.0,2.609927774709003
2.0,5.0,2.0,5.0,4.0,4.0,2.6099277605477416
2.0,5.0,2.0,5.0,4.0,5.0,2.865363613376518
2.0,5.0,2.0,5.0,5.0,2.0,2.58991688291743
2.0,5.0,2.0,5.0,5.0,3.0,2.671302409592975
2.0,5.0,2.0,5.0,5.0,4.0,2.8653636029379452
2.0,5.0,2.0,5.0,5.0,5.0,2.8653635986351187
2.0,5.0,3.0,1.0,1.0,1.0,1.4849214141442881
2.0,5.0,3.0,1.0,1.0,2.0,1.978638919908022
2.0,5.0,3.0,1.0,1.0,5.0,2.663799568410805
2.0,5.0,3.0,1.0,2.0,1.0,1.5728881934051768
2.0,5.0,3.0,1.0,2.0,2.0,1.978638915830435
2.0,5.0,3.0,1.0,2.0,3.0,2.3295477391618356
2.0,5.0,3.0,1.0,3.0,1.0,1.785105912553514
2.0,5.0,3.0,1.0,3.0,2.0,2.073974338053844
2.0,5.0,3.0,1.0,3.0,3.0,2.3295477019672557
2.0,5.0,3.0,1.0,4.0,2.0,2.0739742992361423
2.0,5.0,3.0,1.0,4.0,3.0,2.3295476815686156
2.0,5.0,3.0,1.0,4.0,4.0,2.705630385644963
2.0,5.0,3.0,1.0,5.0,3.0,2.329547669325238
2.0,5.0,3.0,1.0,5.0,4.0,2.7439887592407874
2.0,5.0,3.0,1.0,5.0,5.0,2.743988753811118
2.0,5.0,3.0,2.0,1.0,2.0,1.978638918131474
2.0,5.0,3.0,2.0,1.0,3.0,2.082144806604902
2.0,5.0,3.0,2.0,1.0,4.0,2.3820148845543385
2.0,5.0,3.0,2.0,2.0,1.0,1.8808021026934751
2.0,5.0,3.0,2.0,2.0,2.0,2.2302540167915077
2.0,5.0,3.0,2.0,2.0,3.0,2.331151899467027
2.0,5.0,3.0,2.0,3.0,1.0,1.8808021002933935
2.0,5.0,3.0,2.0,3.0,2.0,2.4658947690036324
2.0,5.0,3.0,2.0,3.0,3.0,2.6283896071055204
2.0,5.0,3.0,2.0,3.0,4.0,2.70563041861578
2.0,5.0,3.0,2.0,4.0,1.0,2.46589481438789
2.0,5.0,3.0,2.0,4.0,2.0,2.465894752958958
2.0,5.0,3.0,2.0,4.0,3.0,2.6283895798968526
2.0,5.0,3.0,2.0,4.0,4.0,2.7056303808666375
2.0,5.0,3.0,2.0,4.0,5.0,2.8085202074166555
2.0,5.0,3.0,2.0,5.0,2.0,2.4658947209815247
2.0,5.0,3.0,2.0,5.0,3.0,2.8085202263538274
2.0,5.0,3.0,2.0,5.0,4.0,2.8085202192511387
2.0,5.0,3.0,2.0,5.0,5.0,2.808520202155943
2.0,5.0,3.0,3.0,1.0,1.0,1.9074905048547437
2.0,5.0,3.0,3.0,1.0,2.0,2.2634676856908875
2.0,5.0,3.0,3.0,1.0,3.0,2.2634676458478875
2.0,5.0,3.0,3.0,1.0,4.0,2.382014867654288
2.0,5.0,3.0,3.0,2.0,2.0,2.2706242203580587
2.0,5.0,3.0,3.0,2.0,3.0,2.651211321966208
2.0,5.0,3.0,3.0,2.0,4.0,2.651211301694638
2.0,5.0,3.0,3.0,3.0,2.0,2.620138616543401
2.0,5.0,3.0,3.0,3.0,3.0,2.77886645874165
2.0,5.0,3.0,3.0,3.0,4.0,2.7788664546603368
2.0,5.0,3.0,3.0,4.0,2.0,2.6201386069082733
2.0,5.0,3.0,3.0,4.0,3.0,2.802182778698767
2.0,5.0,3.0,3.0,4.0,4.0,2.9319882069152157
2.0,5.0,3.0,3.0,4.0,5.0,2.999073978748976
2.0,5.0,3.0,3.0,5.0,2.0,2.620138594063287
2.0,5.0,3.0,3.0,5.0,3.0,2.9555513096421713
2.0,5.0,3.0,3.0,5.0,4.0,2.9555513005390694
2.0,5.0,3.0,3.0,5.0,5.0,3.323136510545057
2.0,5.0,3.0,4.0,1.0,1.0,1.9074904768702856
2.0,5.0,3.0,4.0,1.0,2.0,2.2662738180421544
2.0,5.0,3.0,4.0,1.0,3.0,2.3820148709964486
2.0,5.0,3.0,4.0,1.0,4.0,2.382014851177401
2.0,5.0,3.0,4.0,2.0,1.0,2.4658948316812013
2.0,5.0,3.0,4.0,2.0,2.0,2.590805893378353
2.0,5.0,3.0,4.0,2.0,3.0,2.6512113068334444
2.0,5.0,3.0,4.0,2.0,4.0,2.772578799935394
2.0,5.0,3.0,4.0,2.0,5.0,2.981072558877946
2.0,5.0,3.0,4.0,3.0,2.0,2.6201386200742225
2.0,5.0,3.0,4.0,3.0,3.0,2.8021827786388007
2.0,5.0,3.0,4.0,3.0,4.0,2.931988223813464
2.0,5.0,3.0,4.0,3.0,5.0,3.001094422188687
2.0,5.0,3.0,4.0,4.0,1.0,2.4658948187949385
2.0,5.0,3.0,4.0,4.0,2.0,2.620138605911633
2.0,5.0,3.0,4.0,4.0,3.0,2.8021827630302956
2.0,5.0,3.0,4.0,4.0,4.0,2.9319881207253116
2.0,5.0,3.0,4.0,4.0,5.0,3.3231365533041943
2.0,5.0,3.0,4.0,5.0,3.0,2.9555513150049944
2.0,5.0,3.0,4.0,5.0,4.0,2.9555512881598123
2.0,5.0,3.0,4.0,5.0,5.0,3.3231365056988866
2.0,5.0,3.0,5.0,1.0,3.0,2.663799632117343
2.0,5.0,3.0,5.0,1.0,4.0,2.6637996076806236
2.0,5.0,3.0,5.0,1.0,5.0,2.663799565492809
2.0,5.0,3.0,5.0,2.0,3.0,2.9182946808054706
2.0,5.0,3.0,5.0,2.0,4.0,2.9319882118171607
2.0,5.0,3.0,5.0,2.0,5.0,2.999243194235585
2.0,5.0,3.0,5.0,3.0,2.0,2.62013862517488
2.0,5.0,3.0,5.0,3.0,3.0,2.9182946724221788
2.0,5.0,3.0,5.0,3.0,4.0,2.931988213908059
2.0,5.0,3.0,5.0,3.0,5.0,3.0010943949150413
2.0,5.0,3.0,5.0,4.0,3.0,2.918294646008811
2.0,5.0,3.0,5.0,4.0,4.0,3.0907681007990786
2.0,5.0,3.0,5.0,4.0,5.0,3.323136538911755
2.0,5.0,3.0,5.0,5.0,2.0,2.6201385975117146
2.0,5.0,3.0,5.0,5.0,3.0,3.099242818767128
2.0,5.0,3.0,5.0,5.0,4.0,3.1877634502114214
2.0,5.0,3.0,5.0,5.0,5.0,3.3231364935644447
2.0,5.0,4.0,1.0,1.0,1.0,1.4849213884752488
2.0,5.0,4.0,1.0,1.0,2.0,1.978638903964483
2.0,5.0,4.0,1.0,1.0,4.0,1.978638870179044
2.0,5.0,4.0,1.0,2.0,1.0,1.57288818631658
2.0,5.0,4.0,1.0,2.0,3.0,2.340053641843252
2.0,5.0,4.0,1.0,3.0,2.0,2.0739743290055066
2.0,5.0,4.0,1.0,3.0,4.0,2.4855180532674046
2.0,5.0,4.0,1.0,4.0,2.0,2.073974294986845
2.0,5.0,4.0,1.0,4.0,3.0,2.3400536308816715
2.0,5.0,4.0,1.0,5.0,2.0,2.073974260808503
2.0,5.0,4.0,2.0,1.0,3.0,2.0821448091705252
2.0,5.0,4.0,2.0,1.0,4.0,2.382014869666226
2.0,5.0,4.0,2.0,2.0,2.0,2.2302540088155567
2.0,5.0,4.0,2.0,2.0,3.0,2.8200792484443244
2.0,5.0,4.0,2.0,2.0,5.0,2.9769211278061665
2.0,5.0,4.0,2.0,3.0,2.0,2.493223111036535
2.0,5.0,4.0,2.0,3.0,3.0,2.827945010675842
2.0,5.0,4.0,2.0,3.0,4.0,3.1027822719176816
2.0,5.0,4.0,2.0,4.0,2.0,2.970895600494667
2.0,5.0,4.0,2.0,4.0,3.0,2.9708955689564798
2.0,5.0,4.0,2.0,4.0,4.0,3.1027822494500645
2.0,5.0,4.0,2.0,5.0,3.0,2.992320624611891
2.0,5.0,4.0,2.0,5.0,4.0,3.1027822346392884
2.0,5.0,4.0,2.0,5.0,5.0,3.102782198194697
2.0,5.0,4.0,3.0,1.0,2.0,2.2634676535188922
2.0,5.0,4.0,3.0,2.0,1.0,1.9074905025810016
2.0,5.0,4.0,3.0,2.0,2.0,2.3375737026634305
2.0,5.0,4.0,3.0,2.0,3.0,2.820079223781369
2.0,5.0,4.0,3.0,3.0,1.0,1.9074905013977361
2.0,5.0,4.0,3.0,3.0,3.0,3.1526465139026802
2.0,5.0,4.0,3.0,3.0,4.0,3.23938164314564
2.0,5.0,4.0,3.0,4.0,2.0,2.9809326853634914
2.0,5.0,4.0,3.0,4.0,3.0,3.1526464824370253
2.0,5.0,4.0,3.0,4.0,4.0,3.281444560002887
2.0,5.0,4.0,3.0,4.0,5.0,3.3289949793098526
2.0,5.0,4.0,3.0,5.0,3.0,3.152646410772921
2.0,5.0,4.0,3.0,5.0,4.0,3.3537247673371455
2.0,5.0,4.0,3.0,5.0,5.0,3.3962123817587613
2.0,5.0,4.0,4.0,1.0,2.0,2.266273799334109
2.0,5.0,4.0,4.0,1.0,3.0,2.5049266127428753
2.0,5.0,4.0,4.0,1.0,4.0,2.504926599747124
2.0,5.0,4.0,4.0,1.0,5.0,2.993382405010707
2.0,5.0,4.0,4.0,2.0,2.0,2.590805873682913
2.0,5.0,4.0,4.0,2.0,3.0,2.851030477658068
2.0,5.0,4.0,4.0,2.0,4.0,3.0922895147256635
2.0,5.0,4.0,4.0,2.0,5.0,3.168950374049333
2.0,5.0,4.0,4.0,3.0,2.0,2.9871475947947954
2.0,5.0,4.0,4.0,3.0,3.0,3.1526465051575134
2.0,5.0,4.0,4.0,3.0,4.0,3.2814935384570574
2.0,5.0,4.0,4.0,3.0,5.0,3.4839237099663483
2.0,5.0,4.0,4.0,4.0,2.0,3.1526464944702544
2.0,5.0,4.0,4.0,4.0,3.0,3.152646491215583
2.0,5.0,4.0,4.0,4.0,4.0,3.317445397079003
2.0,5.0,4.0,4.0,4.0,5.0,3.5072284236623363
2.0,5.0,4.0,4.0,5.0,2.0,3.152646453916206
2.0,5.0,4.0,4.0,5.0,3.0,3.3537248146136096
2.0,5.0,4.0,4.0,5.0,4.0,3.3537247678234987
2.0,5.0,4.0,4.0,5.0,5.0,3.5072284315785573
2.0,5.0,4.0,5.0,1.0,1.0,2.0389208171093958
2.0,5.0,4.0,5.0,1.0,4.0,3.1390571900847277
2.0,5.0,4.0,5.0,1.0,5.0,3.1390571667502662
2.0,5.0,4.0,5.0,2.0,3.0,2.9848525448167025
2.0,5.0,4.0,5.0,2.0,5.0,3.1689503287202654
2.0,5.0,4.0,5.0,3.0,2.0,3.1574628227593275
2.0,5.0,4.0,5.0,3.0,3.0,3.1574628152718263
2.0,5.0,4.0,5.0,3.0,4.0,3.35372466501977
2.0,5.0,4.0,5.0,3.0,5.0,3.5888923967258886
2.0,5.0,4.0,5.0,4.0,3.0,3.353724806086037
2.0,5.0,4.0,5.0,4.0,4.0,3.560092038337168
2.0,5.0,4.0,5.0,4.0,5.0,3.5888923636757832
2.0,5.0,4.0,5.0,5.0,1.0,3.1574628328800083
2.0,5.0,4.0,5.0,5.0,2.0,3.157462808251547
2.0,5.0,4.0,5.0,5.0,3.0,3.353724793328173
2.0,5.0,4.0,5.0,5.0,4.0,3.5600920325451213
2.0,5.0,4.0,5.0,5.0,5.0,3.5888923417136174
2.0,5.0,5.0,1.0,1.0,1.0,1.5305267470136852
2.0,5.0,5.0,1.0,2.0,1.0,1.572888168518685
2.0,5.0,5.0,1.0,3.0,4.0,2.9845003504960035
2.0,5.0,5.0,1.0,5.0,1.0,1.7851059100759612
2.0,5.0,5.0,1.0,5.0,5.0,3.5914221754753806
2.0,5.0,5.0,2.0,1.0,2.0,1.9786388953067402
2.0,5.0,5.0,2.0,1.0,3.0,2.0821448026043856
2.0,5.0,5.0,2.0,1.0,5.0,2.989231002511634
2.0,5.0,5.0,2.0,2.0,1.0,2.03445884997767
2.0,5.0,5.0,2.0,2.0,2.0,2.2302539932045797
2.0,5.0,5.0,2.0,3.0,3.0,2.9803906514041127
2.0,5.0,5.0,2.0,4.0,3.0,2.9962312231528294
2.0,5.0,5.0,2.0,5.0,3.0,3.012071809585492
2.0,5.0,5.0,2.0,5.0,5.0,3.5914221378202527
2.0,5.0,5.0,3.0,1.0,3.0,2.3563244921532007
2.0,5.0,5.0,3.0,2.0,2.0,2.3375736809743035
2.0,5.0,5.0,3.0,2.0,3.0,2.820079196716555
2.0,5.0,5.0,3.0,3.0,3.0,3.152646504254702
2.0,5.0,5.0,3.0,3.0,4.0,3.353724725427642
2.0,5.0,5.0,3.0,4.0,3.0,3.1971924077211384
2.0,5.0,5.0,3.0,5.0,3.0,3.1971924054308087
2.0,5.0,5.0,3.0,5.0,4.0,3.3537247297214474
2.0,5.0,5.0,3.0,5.0,5.0,3.5914221045256944
2.0,5.0,5.0,4.0,1.0,4.0,3.139057172503554
2.0,5.0,5.0,4.0,2.0,3.0,3.1526464786526276
2.0,5.0,5.0,4.0,2.0,4.0,3.152646464782869
2.0,5.0,5.0,4.0,3.0,2.0,2.9959947667139253
2.0,5.0,5.0,4.0,3.0,3.0,3.1526464893769495
2.0,5.0,5.0,4.0,3.0,4.0,3.3537247076395293
2.0,5.0,5.0,4.0,3.0,5.0,3.4839236952764434
2.0,5.0,5.0,4.0,4.0,2.0,3.1971924278311334
2.0,5.0,5.0,4.0,4.0,3.0,3.197192406764784
2.0,5.0,5.0,4.0,4.0,4.0,3.615013970677381
2.0,5.0,5.0,4.0,4.0,5.0,3.6150139659201312
2.0,5.0,5.0,4.0,5.0,4.0,3.615013958165409
2.0,5.0,5.0,4.0,5.0,5.0,3.6150139544169297
2.0,5.0,5.0,5.0,1.0,1.0,2.5219863981849957
2.0,5.0,5.0,5.0,1.0,2.0,2.521986383228099
2.0,5.0,5.0,5.0,1.0,3.0,2.917140669992639
2.0,5.0,5.0,5.0,1.0,5.0,3.139057150019433
2.0,5.0,5.0,5.0,2.0,3.0,3.1526464654302155
2.0,5.0,5.0,5.0,2.0,4.0,3.1526464607220572
2.0,5.0,5.0,5.0,2.0,5.0,3.168950290362888
2.0,5.0,5.0,5.0,3.0,4.0,3.3537246551506015
2.0,5.0,5.0,5.0,3.0,5.0,3.588892381409057
2.0,5.0,5.0,5.0,4.0,3.0,3.353724782431404
2.0,5.0,5.0,5.0,4.0,4.0,3.7522519629852114
2.0,5.0,5.0,5.0,4.0,5.0,3.7522519580161213
2.0,5.0,5.0,5.0,5.0,3.0,3.3537247721828463
2.0,5.0,5.0,5.0,5.0,4.0,3.7522519657646893
2.0,5.0,5.0,5.0,5.0,5.0,3.752251899058621
3.0,1.0,1.0,1.0,1.0,1.0,1.1581323206503338
3.0,1.0,1.0,1.0,1.0,2.0,1.1901507560379425
3.0,1.0,1.0,1.0,1.0,3.0,1.1901507473265311
3.0,1.0,1.0,1.0,2.0,1.0,1.1901507693981084
3.0,1.0,1.0,1.0,2.0,3.0,1.455343255091564
3.0,1.0,1.0,1.0,3.0,1.0,1.190150761363834
3.0,1.0,1.0,1.0,3.0,2.0,1.1901507607720019
3.0,1.0,1.0,1.0,4.0,1.0,1.1901507623407446
3.0,1.0,1.0,1.0,4.0,2.0,1.1901507644376397
3.0,1.0,1.0,2.0,1.0,1.0,1.1901507670860452
3.0,1.0,1.0,2.0,1.0,2.0,1.1901507494549344
3.0,1.0,1.0,2.0,1.0,3.0,1.190150739561636
3.0,1.0,1.0,2.0,2.0,1.0,1.1901507603236967
3.0,1.0,1.0,2.0,2.0,2.0,1.3501196447101667
3.0,1.0,1.0,2.0,3.0,2.0,1.6716346531829143
3.0,1.0,1.0,2.0,4.0,3.0,1.9848318111846066
3.0,1.0,1.0,3.0,1.0,1.0,1.249864503061289
3.0,1.0,1.0,3.0,1.0,2.0,1.555060340502082
3.0,1.0,1.0,3.0,1.0,3.0,1.6354900876333816
3.0,1.0,1.0,3.0,2.0,1.0,1.2498644992558514
3.0,1.0,1.0,3.0,2.0,2.0,1.5985110731405532
3.0,1.0,1.0,3.0,2.0,3.0,1.6354900793662037
3.0,1.0,1.0,3.0,2.0,4.0,1.6934223504721975
3.0,1.0,1.0,3.0,3.0,1.0,1.363089172666988
3.0,1.0,1.0,3.0,3.0,2.0,1.6716346545718892
3.0,1.0,1.0,3.0,3.0,3.0,1.6934223180179442
3.0,1.0,1.0,3.0,3.0,4.0,1.6934223349738662
3.0,1.0,1.0,3.0,4.0,3.0,2.013295061827976
3.0,1.0,1.0,3.0,4.0,4.0,2.0320861032625417
3.0,1.0,1.0,4.0,1.0,1.0,1.2498644907035117
3.0,1.0,1.0,4.0,1.0,2.0,1.5550603421214806
3.0,1.0,1.0,4.0,1.0,3.0,1.6354900895963305
3.0,1.0,1.0,4.0,2.0,1.0,1.6354901805845288
3.0,1.0,1.0,4.0,2.0,2.0,1.9367619732974026
3.0,1.0,1.0,4.0,2.0,5.0,2.0504889374096553
3.0,1.0,1.0,4.0,3.0,3.0,1.9367619556230316
3.0,1.0,1.0,4.0,4.0,1.0,1.9766134897521725
3.0,1.0,1.0,4.0,4.0,2.0,2.013295033920284
3.0,1.0,1.0,4.0,4.0,3.0,2.013295000663159
3.0,1.0,1.0,4.0,4.0,4.0,2.0320860796518896
3.0,1.0,1.0,5.0,1.0,1.0,1.6354901629153886
3.0,1.0,1.0,5.0,1.0,2.0,1.6354901438627392
3.0,1.0,1.0,5.0,1.0,3.0,1.63549010256741
3.0,1.0,1.0,5.0,3.0,1.0,1.6354901645524444
3.0,1.0,1.0,5.0,3.0,3.0,2.013294948207929
3.0,1.0,1.0,5.0,3.0,4.0,2.013294921517255
3.0,1.0,1.0,5.0,4.0,3.0,2.0132949420377013
3.0,1.0,1.0,5.0,5.0,2.0,2.2856516127421083
3.0,1.0,2.0,1.0,1.0,1.0,1.3153240968518116
3.0,1.0,2.0,1.0,1.0,2.0,1.3153241267156763
3.0,1.0,2.0,1.0,1.0,3.0,1.480239047570628
3.0,1.0,2.0,1.0,2.0,1.0,1.3153241134465217
3.0,1.0,2.0,1.0,2.0,2.0,1.5987070811140167
3.0,1.0,2.0,1.0,2.0,3.0,1.8886898769827465
3.0,1.0,2.0,1.0,3.0,1.0,1.315324113459414
3.0,1.0,2.0,1.0,3.0,2.0,1.5987070777751442
3.0,1.0,2.0,1.0,3.0,3.0,1.888689867148426
3.0,1.0,2.0,1.0,4.0,2.0,1.8886898583895648
3.0,1.0,2.0,1.0,5.0,4.0,1.888689849085318
3.0,1.0,2.0,2.0,1.0,1.0,1.3153241086918461
3.0,1.0,2.0,2.0,1.0,2.0,1.443206912296311
3.0,1.0,2.0,2.0,1.0,3.0,1.8459849319255297
3.0,1.0,2.0,2.0,2.0,1.0,1.5727433143546188
3.0,1.0,2.0,2.0,2.0,2.0,1.6662721203794129
3.0,1.0,2.0,2.0,2.0,3.0,1.8886898226847981
3.0,1.0,2.0,2.0,2.0,4.0,2.001561945904272
3.0,1.0,2.0,2.0,3.0,1.0,1.6825971817796812
3.0,1.0,2.0,2.0,3.0,2.0,1.9367619588061908
3.0,1.0,2.0,2.0,3.0,3.0,2.239238062447407
3.0,1.0,2.0,2.0,3.0,4.0,2.2392380594853654
3.0,1.0,2.0,2.0,4.0,4.0,2.386857543691872
3.0,1.0,2.0,3.0,1.0,1.0,1.510380469228216
3.0,1.0,2.0,3.0,1.0,2.0,1.8958119608043935
3.0,1.0,2.0,3.0,1.0,3.0,1.8958119333566918
3.0,1.0,2.0,3.0,2.0,1.0,1.5727433125029893
3.0,1.0,2.0,3.0,2.0,2.0,1.9367619336709554
3.0,1.0,2.0,3.0,2.0,3.0,1.9367618773235258
3.0,1.0,2.0,3.0,3.0,3.0,2.239531438818582
3.0,1.0,2.0,3.0,3.0,4.0,2.3366686967510204
3.0,1.0,2.0,3.0,4.0,2.0,2.0088725420194056
3.0,1.0,2.0,3.0,4.0,3.0,2.2395314391753263
3.0,1.0,2.0,3.0,4.0,4.0,2.3868575233050646
3.0,1.0,2.0,4.0,1.0,3.0,1.895811923577952
3.0,1.0,2.0,4.0,2.0,3.0,2.2395314343123673
3.0,1.0,2.0,4.0,2.0,4.0,2.239531434285154
3.0,1.0,2.0,4.0,3.0,2.0,1.936761949487829
3.0,1.0,2.0,4.0,3.0,3.0,2.2395314168750224
3.0,1.0,2.0,4.0,3.0,4.0,2.3366686741130964
3.0,1.0,2.0,4.0,3.0,5.0,2.386857517973129
3.0,1.0,2.0,4.0,4.0,2.0,2.0250235413543405
3.0,1.0,2.0,4.0,4.0,3.0,2.3363825520924113
3.0,1.0,2.0,4.0,4.0,4.0,2.386857500133692
3.0,1.0,2.0,4.0,5.0,4.0,2.386857498964512
3.0,1.0,2.0,4.0,5.0,5.0,2.38685750477125
3.0,1.0,2.0,5.0,1.0,4.0,2.034174314884976
3.0,1.0,2.0,5.0,2.0,2.0,2.0094933506472774
3.0,1.0,2.0,5.0,2.0,3.0,2.33079443712814
3.0,1.0,2.0,5.0,3.0,5.0,2.386857510273578
3.0,1.0,2.0,5.0,4.0,4.0,2.3868574451471356
3.0,1.0,3.0,1.0,1.0,1.0,1.3153241206934632
3.0,1.0,3.0,1.0,1.0,2.0,1.315324132994289
3.0,1.0,3.0,1.0,2.0,1.0,1.3153241172041599
3.0,1.0,3.0,1.0,3.0,1.0,1.315324112967789
3.0,1.0,3.0,1.0,3.0,3.0,2.123681056266338
3.0,1.0,3.0,2.0,1.0,1.0,1.3153241147806307
3.0,1.0,3.0,2.0,1.0,2.0,1.515117448703709
3.0,1.0,3.0,2.0,1.0,4.0,2.0138734355446637
3.0,1.0,3.0,2.0,2.0,1.0,1.5727432967967538
3.0,1.0,3.0,2.0,2.0,2.0,2.15681779096372
3.0,1.0,3.0,2.0,2.0,3.0,2.1568177876377304
3.0,1.0,3.0,2.0,3.0,2.0,2.2275463878113313
3.0,1.0,3.0,2.0,3.0,3.0,2.3403016369000285
3.0,1.0,3.0,2.0,4.0,2.0,2.2275463930952317
3.0,1.0,3.0,3.0,1.0,1.0,1.5103804544850539
3.0,1.0,3.0,3.0,1.0,2.0,1.8958119886860128
3.0,1.0,3.0,3.0,1.0,3.0,2.2410751029312346
3.0,1.0,3.0,3.0,2.0,2.0,2.156817742656238
3.0,1.0,3.0,3.0,2.0,3.0,2.3651238037715223
3.0,1.0,3.0,3.0,3.0,2.0,2.227546382243886
3.0,1.0,3.0,3.0,3.0,3.0,2.3651237893212933
3.0,1.0,3.0,3.0,5.0,3.0,2.679657615556917
3.0,1.0,3.0,4.0,1.0,3.0,2.2410750244551
3.0,1.0,3.0,4.0,1.0,4.0,2.423221767510522
3.0,1.0,3.0,4.0,2.0,2.0,2.5077739232531218
3.0,1.0,3.0,4.0,2.0,3.0,2.568059789020174
3.0,1.0,3.0,4.0,2.0,4.0,2.793916757692542
3.0,1.0,3.0,4.0,3.0,2.0,2.5077739198165814
3.0,1.0,3.0,4.0,3.0,3.0,2.790130904178712
3.0,1.0,3.0,4.0,3.0,4.0,2.886745833172393
3.0,1.0,3.0,4.0,4.0,2.0,2.790130948287796
3.0,1.0,3.0,4.0,4.0,3.0,2.7901309313900686
3.0,1.0,3.0,4.0,4.0,4.0,2.8867458200798213
3.0,1.0,3.0,4.0,5.0,3.0,2.886745891939433
3.0,1.0,3.0,5.0,3.0,4.0,2.886745837875166
3.0,1.0,3.0,5.0,4.0,3.0,2.7901309192842
3.0,1.0,3.0,5.0,4.0,4.0,2.886745834652402
3.0,1.0,3.0,5.0,5.0,3.0,2.8867458833598936
3.0,1.0,3.0,5.0,5.0,4.0,2.8867458374561843
3.0,1.0,3.0,5.0,5.0,5.0,2.8867457871399917
3.0,1.0,4.0,1.0,2.0,5.0,2.0619735568390842
3.0,1.0,4.0,2.0,1.0,1.0,1.3153241147045844
3.0,1.0,4.0,2.0,1.0,3.0,2.0115166535390525
3.0,1.0,4.0,2.0,2.0,3.0,2.360925514564549
3.0,1.0,4.0,2.0,3.0,3.0,2.3609254954724426
3.0,1.0,4.0,3.0,1.0,2.0,2.017651795869458
3.0,1.0,4.0,3.0,2.0,1.0,2.3474118278517215
3.0,1.0,4.0,3.0,2.0,3.0,2.36512381204209
3.0,1.0,4.0,3.0,3.0,2.0,2.347411817356038
3.0,1.0,4.0,3.0,3.0,3.0,2.3651237933560894
3.0,1.0,4.0,3.0,4.0,3.0,2.6796576151115366
3.0,1.0,4.0,3.0,5.0,3.0,2.6796576054794223
3.0,1.0,4.0,4.0,3.0,3.0,2.7901308963374487
3.0,1.0,4.0,4.0,3.0,4.0,2.886745808763476
3.0,1.0,4.0,4.0,4.0,4.0,3.3241958236473415
3.0,1.0,4.0,5.0,3.0,3.0,2.9914653355450045
3.0,1.0,4.0,5.0,4.0,3.0,3.0073059015559287
3.0,1.0,4.0,5.0,5.0,4.0,3.335707143091953
3.0,1.0,4.0,5.0,5.0,5.0,3.8112299250617174
3.0,1.0,5.0,1.0,1.0,1.0,1.3153241229339323
3.0,1.0,5.0,3.0,1.0,4.0,2.241075102420869
3.0,1.0,5.0,5.0,5.0,5.0,3.843842909233108
3.0,2.0,1.0,1.0,1.0,1.0,1.158497045361662
3.0,2.0,1.0,1.0,1.0,2.0,1.455343214756371
3.0,2.0,1.0,1.0,1.0,3.0,1.4553432283308712
3.0,2.0,1.0,1.0,2.0,1.0,1.2485930422082727
3.0,2.0,1.0,1.0,2.0,2.0,1.455343242781121
3.0,2.0,1.0,1.0,2.0,3.0,1.4553432335806524
3.0,2.0,1.0,1.0,3.0,1.0,1.2497934032080555
3.0,2.0,1.0,1.0,3.0,2.0,1.671634633099602
3.0,2.0,1.0,1.0,4.0,3.0,1.7308523023108657
3.0,2.0,1.0,2.0,1.0,1.0,1.25927383871931
3.0,2.0,1.0,2.0,1.0,2.0,1.455343211410222
3.0,2.0,1.0,2.0,1.0,3.0,1.5706335018693363
3.0,2.0,1.0,2.0,2.0,1.0,1.4553465818534024
3.0,2.0,1.0,2.0,2.0,2.0,1.671634618641735
3.0,2.0,1.0,2.0,2.0,3.0,1.8702965661632116
3.0,2.0,1.0,2.0,3.0,1.0,1.4553465776335142
3.0,2.0,1.0,2.0,3.0,2.0,1.6716346221030751
3.0,2.0,1.0,2.0,3.0,3.0,1.989160450149102
3.0,2.0,1.0,2.0,4.0,3.0,1.9975436129597999
3.0,2.0,1.0,2.0,5.0,2.0,1.9909391565757304
3.0,2.0,1.0,3.0,1.0,1.0,1.3235522138662734
3.0,2.0,1.0,3.0,1.0,2.0,1.5706335494500936
3.0,2.0,1.0,3.0,1.0,3.0,1.6354900156339498
3.0,2.0,1.0,3.0,1.0,4.0,1.635489988134523
3.0,2.0,1.0,3.0,2.0,1.0,1.59517737783224
3.0,2.0,1.0,3.0,2.0,2.0,1.6716345985479126
3.0,2.0,1.0,3.0,2.0,3.0,2.0505544544475134
3.0,2.0,1.0,3.0,3.0,1.0,1.6340020719789303
3.0,2.0,1.0,3.0,3.0,2.0,1.7584343890829286
3.0,2.0,1.0,3.0,3.0,3.0,2.062211863933982
3.0,2.0,1.0,3.0,3.0,4.0,2.198570395467331
3.0,2.0,1.0,3.0,4.0,2.0,1.9953686344889436
3.0,2.0,1.0,3.0,4.0,3.0,2.0622118728999155
3.0,2.0,1.0,4.0,1.0,2.0,1.5706335539761993
3.0,2.0,1.0,4.0,1.0,3.0,1.6354900362628448
3.0,2.0,1.0,4.0,1.0,4.0,1.9546071809012708
3.0,2.0,1.0,4.0,2.0,1.0,1.93808946879647
3.0,2.0,1.0,4.0,2.0,2.0,1.9380894482379059
3.0,2.0,1.0,4.0,2.0,3.0,2.216363149629232
3.0,2.0,1.0,4.0,3.0,3.0,2.216363126406876
3.0,2.0,1.0,5.0,3.0,3.0,2.216363099740837
3.0,2.0,1.0,5.0,3.0,4.0,2.2163630996946915
3.0,2.0,1.0,5.0,4.0,5.0,2.2163630702257846
3.0,2.0,1.0,5.0,5.0,3.0,2.285651608097164
3.0,2.0,2.0,1.0,1.0,1.0,1.3153239870740892
3.0,2.0,2.0,1.0,1.0,2.0,1.689828158518725
3.0,2.0,2.0,1.0,2.0,1.0,1.4457840392306769
3.0,2.0,2.0,1.0,2.0,2.0,1.6898281464785632
3.0,2.0,2.0,1.0,3.0,1.0,1.4457840513238993
3.0,2.0,2.0,1.0,3.0,2.0,1.68982814034683
3.0,2.0,2.0,1.0,3.0,3.0,1.9915173607393328
3.0,2.0,2.0,1.0,4.0,2.0,1.9870980535092688
3.0,2.0,2.0,1.0,5.0,5.0,2.747723354983509
3.0,2.0,2.0,2.0,1.0,1.0,1.582104095249275
3.0,2.0,2.0,2.0,1.0,2.0,1.884945904700196
3.0,2.0,2.0,2.0,1.0,3.0,2.0795904966559693
3.0,2.0,2.0,2.0,2.0,1.0,1.6825971649160851
3.0,2.0,2.0,2.0,2.0,2.0,2.094153210197947
3.0,2.0,2.0,2.0,2.0,3.0,2.273967439193429
3.0,2.0,2.0,2.0,3.0,1.0,1.6825971605529315
3.0,2.0,2.0,2.0,3.0,2.0,2.1038396787663274
3.0,2.0,2.0,2.0,3.0,3.0,2.27396741836427
3.0,2.0,2.0,2.0,4.0,1.0,1.982988925676562
3.0,2.0,2.0,2.0,4.0,2.0,2.1986242099147226
3.0,2.0,2.0,2.0,4.0,3.0,2.4269915977253573
3.0,2.0,2.0,2.0,5.0,5.0,2.7477233474214264
3.0,2.0,2.0,3.0,1.0,1.0,1.6683984528227325
3.0,2.0,2.0,3.0,1.0,2.0,2.0386846322771106
3.0,2.0,2.0,3.0,1.0,3.0,2.2030252118817737
3.0,2.0,2.0,3.0,1.0,4.0,2.2030252118100875
3.0,2.0,2.0,3.0,2.0,1.0,1.744173833235704
3.0,2.0,2.0,3.0,2.0,2.0,2.09415318298572
3.0,2.0,2.0,3.0,2.0,3.0,2.4174968086361948
3.0,2.0,2.0,3.0,2.0,4.0,2.592465058893111
3.0,2.0,2.0,3.0,3.0,1.0,1.8011811386554992
3.0,2.0,2.0,3.0,3.0,2.0,2.198458924395434
3.0,2.0,2.0,3.0,3.0,3.0,2.5924650995595035
3.0,2.0,2.0,3.0,3.0,4.0,2.5924650538652685
3.0,2.0,2.0,3.0,4.0,1.0,1.9991384543177086
3.0,2.0,2.0,3.0,4.0,2.0,2.3881376590973526
3.0,2.0,2.0,3.0,4.0,3.0,2.592465052641901
3.0,2.0,2.0,3.0,4.0,4.0,2.5924650435229295
3.0,2.0,2.0,3.0,5.0,2.0,2.388137672213684
3.0,2.0,2.0,3.0,5.0,3.0,2.5924650115877617
3.0,2.0,2.0,3.0,5.0,5.0,2.747723331412403
3.0,2.0,2.0,4.0,1.0,1.0,2.1173608347656354
3.0,2.0,2.0,4.0,1.0,2.0,2.1238795243511017
3.0,2.0,2.0,4.0,1.0,3.0,2.203025196954977
3.0,2.0,2.0,4.0,2.0,2.0,2.1238795150765637
3.0,2.0,2.0,4.0,2.0,3.0,2.4174967762622077
3.0,2.0,2.0,4.0,2.0,4.0,2.592465036393245
3.0,2.0,2.0,4.0,3.0,2.0,2.1984588895181854
3.0,2.0,2.0,4.0,3.0,3.0,2.5924650102841413
3.0,2.0,2.0,4.0,3.0,4.0,2.5924650149461543
3.0,2.0,2.0,4.0,4.0,3.0,2.7586412085763983
3.0,2.0,2.0,4.0,4.0,4.0,2.849989938523811
3.0,2.0,2.0,4.0,5.0,3.0,2.8499899393504506
3.0,2.0,2.0,4.0,5.0,4.0,2.8499899341993795
3.0,2.0,2.0,4.0,5.0,5.0,2.8499899167251623
3.0,2.0,2.0,5.0,1.0,1.0,2.117360815387313
3.0,2.0,2.0,5.0,2.0,2.0,2.123879515321554
3.0,2.0,2.0,5.0,2.0,3.0,2.5924650229284913
3.0,2.0,2.0,5.0,3.0,4.0,2.592465004314658
3.0,2.0,2.0,5.0,4.0,3.0,2.8499899358726015
3.0,2.0,2.0,5.0,4.0,4.0,2.849989927928959
3.0,2.0,2.0,5.0,4.0,5.0,2.849989928031769
3.0,2.0,2.0,5.0,5.0,2.0,2.3881376590175813
3.0,2.0,2.0,5.0,5.0,3.0,2.8499899348596514
3.0,2.0,2.0,5.0,5.0,5.0,2.849989919954486
3.0,2.0,3.0,1.0,1.0,1.0,1.4267503205773724
3.0,2.0,3.0,1.0,2.0,2.0,1.9327718565993504
3.0,2.0,3.0,1.0,2.0,3.0,2.0010432201886887
3.0,2.0,3.0,1.0,2.0,4.0,2.024088066740003
3.0,2.0,3.0,1.0,3.0,3.0,2.1236809982505553
3.0,2.0,3.0,1.0,4.0,2.0,2.0152476679403093
3.0,2.0,3.0,1.0,4.0,3.0,2.4855181208888713
3.0,2.0,3.0,2.0,1.0,1.0,1.5864255241155718
3.0,2.0,3.0,2.0,1.0,2.0,2.016468106016411
3.0,2.0,3.0,2.0,1.0,3.0,2.079590498358187
3.0,2.0,3.0,2.0,2.0,1.0,1.8017822165068722
3.0,2.0,3.0,2.0,2.0,2.0,2.2275463681137677
3.0,2.0,3.0,2.0,2.0,3.0,2.4240980815907567
3.0,2.0,3.0,2.0,3.0,1.0,1.880802216336388
3.0,2.0,3.0,2.0,3.0,2.0,2.227546352376783
3.0,2.0,3.0,2.0,3.0,3.0,2.527925252326185
3.0,2.0,3.0,2.0,4.0,1.0,2.011137951325055
3.0,2.0,3.0,2.0,4.0,3.0,2.5967973199165875
3.0,2.0,3.0,2.0,4.0,4.0,2.979619627960085
3.0,2.0,3.0,2.0,4.0,5.0,2.981750654108537
3.0,2.0,3.0,2.0,5.0,4.0,2.9880027845111545
3.0,2.0,3.0,3.0,1.0,1.0,1.6683984360729966
3.0,2.0,3.0,3.0,1.0,2.0,2.038684604164926
3.0,2.0,3.0,3.0,1.0,3.0,2.4028801368316794
3.0,2.0,3.0,3.0,2.0,1.0,1.801782208411846
3.0,2.0,3.0,3.0,2.0,2.0,2.5077737829050393
3.0,2.0,3.0,3.0,2.0,3.0,2.6650824254703163
3.0,2.0,3.0,3.0,2.0,4.0,2.9408291160492843
3.0,2.0,3.0,3.0,2.0,5.0,2.9822091184577437
3.0,2.0,3.0,3.0,3.0,1.0,1.8808022022835424
3.0,2.0,3.0,3.0,3.0,2.0,2.507773754963131
3.0,2.0,3.0,3.0,3.0,3.0,2.790130844760293
3.0,2.0,3.0,3.0,3.0,4.0,2.940829096104052
3.0,2.0,3.0,3.0,4.0,1.0,2.3338017949315946
3.0,2.0,3.0,3.0,4.0,2.0,2.5077737446672854
3.0,2.0,3.0,3.0,4.0,3.0,2.9114384051691156
3.0,2.0,3.0,3.0,4.0,4.0,2.996064334112313
3.0,2.0,3.0,3.0,5.0,3.0,2.9732207082822115
3.0,2.0,3.0,3.0,5.0,4.0,2.9960643384213457
3.0,2.0,3.0,4.0,1.0,1.0,2.117360827212768
3.0,2.0,3.0,4.0,1.0,2.0,2.1238795141208318
3.0,2.0,3.0,4.0,1.0,3.0,2.4232217103219096
3.0,2.0,3.0,4.0,1.0,4.0,2.423221741223491
3.0,2.0,3.0,4.0,2.0,2.0,2.656985091186765
3.0,2.0,3.0,4.0,2.0,3.0,2.6650824072293107
3.0,2.0,3.0,4.0,2.0,4.0,2.9408291004256335
3.0,2.0,3.0,4.0,2.0,5.0,2.982209090696803
3.0,2.0,3.0,4.0,3.0,1.0,2.48538514804526
3.0,2.0,3.0,4.0,3.0,2.0,2.6569850858100876
3.0,2.0,3.0,4.0,3.0,3.0,2.790130851661618
3.0,2.0,3.0,4.0,3.0,4.0,3.0756271526543055
3.0,2.0,3.0,4.0,4.0,2.0,3.0141355942933483
3.0,2.0,3.0,4.0,4.0,3.0,3.0141355622984607
3.0,2.0,3.0,4.0,4.0,4.0,3.075627148343823
3.0,2.0,3.0,4.0,4.0,5.0,3.357751964654459
3.0,2.0,3.0,4.0,5.0,2.0,3.014135590765715
3.0,2.0,3.0,4.0,5.0,4.0,3.3011910210460695
3.0,2.0,3.0,4.0,5.0,5.0,3.3577519662224398
3.0,2.0,3.0,5.0,1.0,1.0,2.1173608148970073
3.0,2.0,3.0,5.0,1.0,2.0,2.123879513897794
3.0,2.0,3.0,5.0,1.0,4.0,2.4232217526584914
3.0,2.0,3.0,5.0,2.0,2.0,2.6569850760982003
3.0,2.0,3.0,5.0,2.0,3.0,2.98488774902399
3.0,2.0,3.0,5.0,2.0,4.0,2.9884956322675875
3.0,2.0,3.0,5.0,3.0,3.0,2.9928698455725917
3.0,2.0,3.0,5.0,3.0,5.0,3.3580570502510625
3.0,2.0,3.0,5.0,4.0,1.0,2.949160523329679
3.0,2.0,3.0,5.0,4.0,3.0,3.0141355621950323
3.0,2.0,3.0,5.0,4.0,4.0,3.358057028743667
3.0,2.0,3.0,5.0,4.0,5.0,3.358057024866383
3.0,2.0,3.0,5.0,5.0,3.0,3.187244207328337
3.0,2.0,3.0,5.0,5.0,4.0,3.358057026872816
3.0,2.0,3.0,5.0,5.0,5.0,3.3580570021269955
3.0,2.0,4.0,1.0,2.0,1.0,1.5607595266721928
3.0,2.0,4.0,1.0,2.0,2.0,2.0955183671925814
3.0,2.0,4.0,2.0,2.0,2.0,2.227546366122816
3.0,2.0,4.0,2.0,2.0,3.0,2.618912078534044
3.0,2.0,4.0,2.0,2.0,5.0,2.9782199774947373
3.0,2.0,4.0,2.0,3.0,3.0,2.95353906275999
3.0,2.0,4.0,2.0,4.0,3.0,2.969379639016182
3.0,2.0,4.0,3.0,1.0,3.0,2.402880082231117
3.0,2.0,4.0,3.0,1.0,4.0,2.4028800758808724
3.0,2.0,4.0,3.0,2.0,2.0,2.5077737589179123
3.0,2.0,4.0,3.0,2.0,3.0,2.66508238974138
3.0,2.0,4.0,3.0,3.0,2.0,2.5077737340447452
3.0,2.0,4.0,3.0,3.0,3.0,2.998218344453192
3.0,2.0,4.0,3.0,3.0,4.0,3.186600498614017
3.0,2.0,4.0,3.0,4.0,3.0,2.998537814116326
3.0,2.0,4.0,3.0,4.0,4.0,3.3276395705277975
3.0,2.0,4.0,3.0,5.0,3.0,3.0013712351405966
3.0,2.0,4.0,4.0,2.0,3.0,2.709667912823429
3.0,2.0,4.0,4.0,2.0,4.0,2.990261170168117
3.0,2.0,4.0,4.0,3.0,3.0,3.186600522098062
3.0,2.0,4.0,4.0,3.0,4.0,3.1866004838162842
3.0,2.0,4.0,4.0,4.0,3.0,3.186600499148558
3.0,2.0,4.0,4.0,4.0,4.0,3.5479008680090494
3.0,2.0,4.0,4.0,4.0,5.0,3.640736681720719
3.0,2.0,4.0,4.0,5.0,4.0,3.5479008553603424
3.0,2.0,4.0,5.0,2.0,4.0,3.00641216505214
3.0,2.0,4.0,5.0,3.0,4.0,3.328095248937198
3.0,2.0,4.0,5.0,3.0,5.0,3.640736682067946
3.0,2.0,4.0,5.0,4.0,3.0,3.4830912483360734
3.0,2.0,4.0,5.0,4.0,4.0,3.624034447997686
3.0,2.0,4.0,5.0,4.0,5.0,3.640736672264527
3.0,2.0,4.0,5.0,5.0,3.0,3.4925332220525886
3.0,2.0,4.0,5.0,5.0,4.0,3.7196893937638307
3.0,2.0,4.0,5.0,5.0,5.0,3.811229903700575
3.0,2.0,5.0,1.0,4.0,3.0,2.9813790660131354
3.0,2.0,5.0,2.0,4.0,4.0,3.39556477180641
3.0,2.0,5.0,3.0,4.0,5.0,3.475476243884956
3.0,2.0,5.0,4.0,3.0,2.0,2.993730709038605
3.0,2.0,5.0,4.0,3.0,4.0,3.1866004762598923
3.0,2.0,5.0,4.0,4.0,3.0,3.4080721962085208
3.0,2.0,5.0,4.0,4.0,4.0,3.662875998294643
3.0,2.0,5.0,4.0,4.0,5.0,3.6628759926326278
3.0,2.0,5.0,4.0,5.0,4.0,3.6628759782768268
3.0,2.0,5.0,4.0,5.0,5.0,3.6628759762698078
3.0,2.0,5.0,5.0,2.0,2.0,2.656985046772402
3.0,2.0,5.0,5.0,2.0,4.0,3.484610788926423
3.0,2.0,5.0,5.0,3.0,5.0,3.843842865327751
3.0,2.0,5.0,5.0,5.0,3.0,3.4925332074292657
3.0,2.0,5.0,5.0,5.0,5.0,3.843842868332697
3.0,3.0,1.0,1.0,1.0,1.0,1.1618450884265021
3.0,3.0,1.0,1.0,1.0,2.0,1.4553432072221835
3.0,3.0,1.0,1.0,1.0,3.0,1.4553432139404263
3.0,3.0,1.0,1.0,2.0,1.0,1.249793410510391
3.0,3.0,1.0,1.0,2.0,2.0,1.455343209582923
3.0,3.0,1.0,1.0,2.0,3.0,1.4553432082929665
3.0,3.0,1.0,1.0,3.0,1.0,1.2497933939019978
3.0,3.0,1.0,1.0,3.0,2.0,1.6716346107451552
3.0,3.0,1.0,1.0,3.0,3.0,1.7308523239879627
3.0,3.0,1.0,1.0,3.0,4.0,1.7964680357971055
3.0,3.0,1.0,1.0,4.0,1.0,1.4693071314720725
3.0,3.0,1.0,1.0,4.0,2.0,1.6716346028885065
3.0,3.0,1.0,1.0,4.0,3.0,1.7308522984123071
3.0,3.0,1.0,1.0,5.0,2.0,1.9853139831934512
3.0,3.0,1.0,2.0,1.0,1.0,1.3235522768691128
3.0,3.0,1.0,2.0,1.0,2.0,1.5706334812598908
3.0,3.0,1.0,2.0,1.0,3.0,1.570633482120591
3.0,3.0,1.0,2.0,2.0,1.0,1.4553465597335966
3.0,3.0,1.0,2.0,2.0,2.0,1.840682468794023
3.0,3.0,1.0,2.0,2.0,3.0,1.8702965541411283
3.0,3.0,1.0,2.0,3.0,1.0,1.6825971860800217
3.0,3.0,1.0,2.0,3.0,2.0,1.8980436021401934
3.0,3.0,1.0,2.0,3.0,3.0,1.99953061736081
3.0,3.0,1.0,2.0,3.0,4.0,1.9995305902529459
3.0,3.0,1.0,2.0,4.0,1.0,1.8992532594299443
3.0,3.0,1.0,2.0,4.0,2.0,1.9995306541219824
3.0,3.0,1.0,2.0,4.0,3.0,1.9995306214935613
3.0,3.0,1.0,2.0,4.0,4.0,2.1985703557655976
3.0,3.0,1.0,3.0,1.0,1.0,1.323552201702049
3.0,3.0,1.0,3.0,1.0,2.0,1.570633486167664
3.0,3.0,1.0,3.0,1.0,3.0,1.6354899209153644
3.0,3.0,1.0,3.0,1.0,4.0,1.9546072076438383
3.0,3.0,1.0,3.0,2.0,1.0,1.5951773599533285
3.0,3.0,1.0,3.0,2.0,2.0,1.8980436570203834
3.0,3.0,1.0,3.0,2.0,3.0,2.0505543769741736
3.0,3.0,1.0,3.0,3.0,1.0,1.6825971795800885
3.0,3.0,1.0,3.0,3.0,2.0,1.898043596601797
3.0,3.0,1.0,3.0,3.0,3.0,2.062211840034291
3.0,3.0,1.0,3.0,3.0,4.0,2.198570370109223
3.0,3.0,1.0,3.0,4.0,1.0,1.8992532507357363
3.0,3.0,1.0,3.0,4.0,3.0,2.0622118229915465
3.0,3.0,1.0,3.0,4.0,4.0,2.1985703287033327
3.0,3.0,1.0,3.0,4.0,5.0,2.1985702972483883
3.0,3.0,1.0,3.0,5.0,3.0,2.0622117963754163
3.0,3.0,1.0,3.0,5.0,4.0,2.509217766317984
3.0,3.0,1.0,4.0,1.0,1.0,1.3376954303147042
3.0,3.0,1.0,4.0,1.0,2.0,1.7170165331076055
3.0,3.0,1.0,4.0,1.0,3.0,1.9546071530500986
3.0,3.0,1.0,4.0,1.0,4.0,1.9546071428913536
3.0,3.0,1.0,4.0,2.0,1.0,1.9380894503847113
3.0,3.0,1.0,4.0,2.0,3.0,2.216363132665785
3.0,3.0,1.0,4.0,3.0,2.0,2.216363099781216
3.0,3.0,1.0,4.0,3.0,3.0,2.216363108526398
3.0,3.0,1.0,4.0,3.0,4.0,2.2163630715274087
3.0,3.0,1.0,4.0,3.0,5.0,2.2163630665481064
3.0,3.0,1.0,4.0,4.0,1.0,1.997665537145294
3.0,3.0,1.0,4.0,4.0,2.0,2.3294442555889665
3.0,3.0,1.0,4.0,4.0,3.0,2.341822252382092
3.0,3.0,1.0,4.0,4.0,4.0,2.509217785912822
3.0,3.0,1.0,4.0,4.0,5.0,2.5092177835425646
3.0,3.0,1.0,5.0,1.0,1.0,1.717016552681441
3.0,3.0,1.0,5.0,1.0,2.0,1.7170165342618942
3.0,3.0,1.0,5.0,1.0,3.0,1.9546071378418985
3.0,3.0,1.0,5.0,1.0,4.0,1.9546071094146578
3.0,3.0,1.0,5.0,1.0,5.0,1.9546070855265294
3.0,3.0,1.0,5.0,2.0,2.0,2.0023961320365036
3.0,3.0,1.0,5.0,2.0,5.0,2.216363128182744
3.0,3.0,1.0,5.0,3.0,1.0,1.9979759430009483
3.0,3.0,1.0,5.0,3.0,3.0,2.2163631024809582
3.0,3.0,1.0,5.0,4.0,2.0,2.329444238280618
3.0,3.0,1.0,5.0,4.0,3.0,2.3418222483874382
3.0,3.0,1.0,5.0,4.0,5.0,2.5092177635897523
3.0,3.0,1.0,5.0,5.0,1.0,2.0296571422109873
3.0,3.0,1.0,5.0,5.0,3.0,2.5092177866578864
3.0,3.0,1.0,5.0,5.0,4.0,2.5092177668793565
3.0,3.0,2.0,1.0,1.0,1.0,1.4457830921359824
3.0,3.0,2.0,1.0,1.0,2.0,1.689828144174768
3.0,3.0,2.0,1.0,1.0,3.0,1.689828132921124
3.0,3.0,2.0,1.0,2.0,1.0,1.4731574993836611
3.0,3.0,2.0,1.0,2.0,2.0,1.7318067976321967
3.0,3.0,2.0,1.0,2.0,3.0,2.0007203695531173
3.0,3.0,2.0,1.0,2.0,4.0,2.0064642001276356
3.0,3.0,2.0,1.0,3.0,1.0,1.6253375231482652
3.0,3.0,2.0,1.0,3.0,2.0,1.9176214921191956
3.0,3.0,2.0,1.0,3.0,3.0,2.026535931302769
3.0,3.0,2.0,1.0,4.0,1.0,1.6253375014196878
3.0,3.0,2.0,1.0,4.0,2.0,1.998742493481885
3.0,3.0,2.0,1.0,4.0,3.0,2.118864974733766
3.0,3.0,2.0,1.0,4.0,4.0,2.118864957108829
3.0,3.0,2.0,1.0,5.0,1.0,1.7170235602268553
3.0,3.0,2.0,2.0,1.0,1.0,1.58210401527406
3.0,3.0,2.0,2.0,1.0,2.0,2.0164680663902614
3.0,3.0,2.0,2.0,1.0,3.0,2.079590464880915
3.0,3.0,2.0,2.0,1.0,4.0,2.0795904489288044
3.0,3.0,2.0,2.0,2.0,1.0,1.6825971263719288
3.0,3.0,2.0,2.0,2.0,2.0,2.1509262876209143
3.0,3.0,2.0,2.0,2.0,3.0,2.403403017512277
3.0,3.0,2.0,2.0,3.0,1.0,1.6825971189679196
3.0,3.0,2.0,2.0,3.0,2.0,2.1564801687258273
3.0,3.0,2.0,2.0,3.0,3.0,2.403403029766763
3.0,3.0,2.0,2.0,3.0,4.0,2.4967895607089634
3.0,3.0,2.0,2.0,3.0,5.0,2.665554798890499
3.0,3.0,2.0,2.0,4.0,1.0,1.9935140866976695
3.0,3.0,2.0,2.0,4.0,2.0,2.1986241938436923
3.0,3.0,2.0,2.0,4.0,3.0,2.4269915703356997
3.0,3.0,2.0,2.0,4.0,4.0,2.4967895473982527
3.0,3.0,2.0,2.0,5.0,2.0,2.489793951157924
3.0,3.0,2.0,3.0,1.0,1.0,1.7492854582949238
3.0,3.0,2.0,3.0,1.0,2.0,2.038684611710095
3.0,3.0,2.0,3.0,1.0,3.0,2.203025186436817
3.0,3.0,2.0,3.0,1.0,4.0,2.2030251820833637
3.0,3.0,2.0,3.0,2.0,1.0,1.9319487432547533
3.0,3.0,2.0,3.0,2.0,2.0,2.320044960058988
3.0,3.0,2.0,3.0,2.0,3.0,2.4993811825329453
3.0,3.0,2.0,3.0,2.0,4.0,2.7318850070274974
3.0,3.0,2.0,3.0,3.0,1.0,2.0662376705332766
3.0,3.0,2.0,3.0,3.0,2.0,2.3881375999003107
3.0,3.0,2.0,3.0,3.0,3.0,2.6792543077821414
3.0,3.0,2.0,3.0,3.0,4.0,2.7586412276339254
3.0,3.0,2.0,3.0,3.0,5.0,2.871460983020309
3.0,3.0,2.0,3.0,4.0,1.0,2.0662376758284537
3.0,3.0,2.0,3.0,4.0,2.0,2.3881376136329537
3.0,3.0,2.0,3.0,4.0,3.0,2.6792541697735865
3.0,3.0,2.0,3.0,4.0,4.0,2.8714609658790624
3.0,3.0,2.0,3.0,4.0,5.0,2.871460948511111
3.0,3.0,2.0,3.0,5.0,3.0,2.8074656678511953
3.0,3.0,2.0,3.0,5.0,4.0,2.871460946449323
3.0,3.0,2.0,3.0,5.0,5.0,2.87146092079697
3.0,3.0,2.0,4.0,1.0,1.0,2.117360808829982
3.0,3.0,2.0,4.0,1.0,2.0,2.1654715248654304
3.0,3.0,2.0,4.0,1.0,3.0,2.203025192811739
3.0,3.0,2.0,4.0,1.0,4.0,2.2030251769785
3.0,3.0,2.0,4.0,2.0,1.0,2.1173607931380034
3.0,3.0,2.0,4.0,2.0,2.0,2.364756539746343
3.0,3.0,2.0,4.0,2.0,3.0,2.731885005966371
3.0,3.0,2.0,4.0,2.0,4.0,2.731885003771103
3.0,3.0,2.0,4.0,2.0,5.0,2.9742137717669825
3.0,3.0,2.0,4.0,3.0,1.0,2.1173607783225896
3.0,3.0,2.0,4.0,3.0,2.0,2.526764867758488
3.0,3.0,2.0,4.0,3.0,3.0,2.7586411997078946
3.0,3.0,2.0,4.0,3.0,4.0,2.7586412009611028
3.0,3.0,2.0,4.0,3.0,5.0,2.980588145947969
3.0,3.0,2.0,4.0,4.0,1.0,2.1173607773565837
3.0,3.0,2.0,4.0,4.0,2.0,2.526764804582951
3.0,3.0,2.0,4.0,4.0,3.0,2.758641180526162
3.0,3.0,2.0,4.0,4.0,4.0,2.871460943346526
3.0,3.0,2.0,4.0,4.0,5.0,2.9981100045553983
3.0,3.0,2.0,4.0,5.0,2.0,2.664156037638771
3.0,3.0,2.0,4.0,5.0,3.0,2.9750419512297044
3.0,3.0,2.0,4.0,5.0,4.0,2.975041942721801
3.0,3.0,2.0,4.0,5.0,5.0,3.003344313867311
3.0,3.0,2.0,5.0,1.0,2.0,2.1654714939698505
3.0,3.0,2.0,5.0,1.0,3.0,2.2030251855478813
3.0,3.0,2.0,5.0,1.0,5.0,2.5870927017605374
3.0,3.0,2.0,5.0,2.0,2.0,2.364756511369145
3.0,3.0,2.0,5.0,2.0,3.0,2.731884996616816
3.0,3.0,2.0,5.0,2.0,4.0,2.731884991028978
3.0,3.0,2.0,5.0,2.0,5.0,2.9742137471188834
3.0,3.0,2.0,5.0,3.0,2.0,2.5723204690213297
3.0,3.0,2.0,5.0,3.0,3.0,2.878419242361271
3.0,3.0,2.0,5.0,3.0,4.0,3.0233826814746676
3.0,3.0,2.0,5.0,4.0,2.0,2.572320453326225
3.0,3.0,2.0,5.0,4.0,3.0,2.970868332129119
3.0,3.0,2.0,5.0,4.0,4.0,3.0233826669184185
3.0,3.0,2.0,5.0,4.0,5.0,3.023382657449136
3.0,3.0,2.0,5.0,5.0,2.0,2.664156026709927
3.0,3.0,2.0,5.0,5.0,3.0,2.9750419406306357
3.0,3.0,2.0,5.0,5.0,4.0,3.023382668355273
3.0,3.0,2.0,5.0,5.0,5.0,3.1881729583860805
3.0,3.0,3.0,1.0,1.0,1.0,1.4457831804972456
3.0,3.0,3.0,1.0,1.0,2.0,1.7359624333055537
3.0,3.0,3.0,1.0,1.0,3.0,1.7359624143424113
3.0,3.0,3.0,1.0,2.0,1.0,1.5607595156618936
3.0,3.0,3.0,1.0,2.0,2.0,1.9327718460361811
3.0,3.0,3.0,1.0,2.0,3.0,2.1236809805578902
3.0,3.0,3.0,1.0,3.0,1.0,1.6253374815771977
3.0,3.0,3.0,1.0,3.0,2.0,2.1180914843851255
3.0,3.0,3.0,1.0,3.0,3.0,2.123680960162995
3.0,3.0,3.0,1.0,3.0,4.0,2.1236809470221427
3.0,3.0,3.0,1.0,4.0,2.0,2.118091445455499
3.0,3.0,3.0,1.0,4.0,3.0,2.4855181155059114
3.0,3.0,3.0,1.0,4.0,4.0,2.4855181132405417
3.0,3.0,3.0,1.0,5.0,1.0,1.7170235408505927
3.0,3.0,3.0,1.0,5.0,2.0,2.3418778817706887
3.0,3.0,3.0,1.0,5.0,4.0,2.9717060688643544
3.0,3.0,3.0,2.0,1.0,1.0,1.8017821834232428
3.0,3.0,3.0,2.0,1.0,2.0,2.0164680682979976
3.0,3.0,3.0,2.0,1.0,3.0,2.079590467563824
3.0,3.0,3.0,2.0,2.0,1.0,1.8017821827471443
3.0,3.0,3.0,2.0,2.0,2.0,2.4240980667329612
3.0,3.0,3.0,2.0,2.0,3.0,2.4240980496679634
3.0,3.0,3.0,2.0,2.0,4.0,2.8095643466549185
3.0,3.0,3.0,2.0,3.0,1.0,2.066237672451906
3.0,3.0,3.0,2.0,3.0,2.0,2.4240980139545485
3.0,3.0,3.0,2.0,3.0,3.0,2.730092532085908
3.0,3.0,3.0,2.0,3.0,4.0,2.9925356190218206
3.0,3.0,3.0,2.0,4.0,1.0,2.0662376710848593
3.0,3.0,3.0,2.0,4.0,2.0,2.5673163803389185
3.0,3.0,3.0,2.0,4.0,3.0,2.837982637545604
3.0,3.0,3.0,2.0,4.0,4.0,2.9977727975943536
3.0,3.0,3.0,2.0,5.0,2.0,2.567316377660643
3.0,3.0,3.0,2.0,5.0,3.0,2.837982619781104
3.0,3.0,3.0,2.0,5.0,5.0,3.0081178325604943
3.0,3.0,3.0,3.0,1.0,1.0,1.99892227076076
3.0,3.0,3.0,3.0,1.0,2.0,2.4028801101700017
3.0,3.0,3.0,3.0,1.0,3.0,2.4028800935748764
3.0,3.0,3.0,3.0,1.0,4.0,2.4028800888916733
3.0,3.0,3.0,3.0,2.0,1.0,2.066237660162912
3.0,3.0,3.0,3.0,2.0,2.0,2.636661499270168
3.0,3.0,3.0,3.0,2.0,3.0,2.7913486836725356
3.0,3.0,3.0,3.0,2.0,4.0,3.0211116763786796
3.0,3.0,3.0,3.0,3.0,1.0,2.0662376542323817
3.0,3.0,3.0,3.0,3.0,2.0,2.6928160054188663
3.0,3.0,3.0,3.0,3.0,3.0,3.043986514371861
3.0,3.0,3.0,3.0,3.0,4.0,3.1094557008362154
3.0,3.0,3.0,3.0,3.0,5.0,3.1870651472236333
3.0,3.0,3.0,3.0,4.0,1.0,2.3338017681136636
3.0,3.0,3.0,3.0,4.0,2.0,2.7669292334756372
3.0,3.0,3.0,3.0,4.0,3.0,3.04398580256199
3.0,3.0,3.0,3.0,4.0,4.0,3.2678781716836722
3.0,3.0,3.0,3.0,4.0,5.0,3.267878169792089
3.0,3.0,3.0,3.0,5.0,2.0,2.9445510364741345
3.0,3.0,3.0,3.0,5.0,3.0,3.1315185423540726
3.0,3.0,3.0,3.0,5.0,4.0,3.409714808272605
3.0,3.0,3.0,3.0,5.0,5.0,3.409714789276506
3.0,3.0,3.0,4.0,1.0,2.0,2.4232216553756376
3.0,3.0,3.0,4.0,1.0,3.0,2.423221654083683
3.0,3.0,3.0,4.0,1.0,4.0,2.6494611797347214
3.0,3.0,3.0,4.0,2.0,1.0,2.117360801366142
3.0,3.0,3.0,4.0,2.0,2.0,2.6925926045102746
3.0,3.0,3.0,4.0,2.0,3.0,2.897127248683689
3.0,3.0,3.0,4.0,2.0,4.0,3.0211115968681974
3.0,3.0,3.0,4.0,3.0,2.0,2.797773335221859
3.0,3.0,3.0,4.0,3.0,3.0,3.0439857070073915
3.0,3.0,3.0,4.0,3.0,4.0,3.1731776071329945
3.0,3.0,3.0,4.0,3.0,5.0,3.18706513731389
3.0,3.0,3.0,4.0,4.0,2.0,3.014135591823162
3.0,3.0,3.0,4.0,4.0,3.0,3.108867931065584
3.0,3.0,3.0,4.0,4.0,4.0,3.3179570366965714
3.0,3.0,3.0,4.0,4.0,5.0,3.357751943615177
3.0,3.0,3.0,4.0,5.0,3.0,3.1315185130112977
3.0,3.0,3.0,4.0,5.0,4.0,3.4097148065094425
3.0,3.0,3.0,4.0,5.0,5.0,3.4097147525754687
3.0,3.0,3.0,5.0,1.0,1.0,2.1173608002307502
3.0,3.0,3.0,5.0,1.0,2.0,2.4934595514045026
3.0,3.0,3.0,5.0,1.0,3.0,2.5048214249536875
3.0,3.0,3.0,5.0,1.0,4.0,2.649461172963637
3.0,3.0,3.0,5.0,1.0,5.0,2.6774680403629865
3.0,3.0,3.0,5.0,2.0,1.0,2.117360785574002
3.0,3.0,3.0,5.0,2.0,2.0,2.71182072195764
3.0,3.0,3.0,5.0,2.0,3.0,3.0211116040872104
3.0,3.0,3.0,5.0,2.0,4.0,3.021111585261026
3.0,3.0,3.0,5.0,2.0,5.0,3.02111155557146
3.0,3.0,3.0,5.0,3.0,2.0,2.9868789045240036
3.0,3.0,3.0,5.0,3.0,3.0,3.043985582858299
3.0,3.0,3.0,5.0,3.0,4.0,3.173177607979912
3.0,3.0,3.0,5.0,3.0,5.0,3.4250309263701566
3.0,3.0,3.0,5.0,4.0,3.0,3.108867931443601
3.0,3.0,3.0,5.0,4.0,4.0,3.35805699208893
3.0,3.0,3.0,5.0,4.0,5.0,3.533645900117971
3.0,3.0,3.0,5.0,5.0,3.0,3.330775501350351
3.0,3.0,3.0,5.0,5.0,4.0,3.53364582118684
3.0,3.0,3.0,5.0,5.0,5.0,3.533645810039317
3.0,3.0,4.0,1.0,1.0,1.0,1.532990785799168
3.0,3.0,4.0,1.0,1.0,4.0,2.046924605975677
3.0,3.0,4.0,1.0,2.0,1.0,1.5607595062485307
3.0,3.0,4.0,1.0,2.0,2.0,2.095518338242522
3.0,3.0,4.0,1.0,3.0,1.0,1.6253374450916154
3.0,3.0,4.0,1.0,3.0,2.0,2.118091482676737
3.0,3.0,4.0,1.0,3.0,3.0,2.4855180923558757
3.0,3.0,4.0,1.0,4.0,1.0,2.03366406235293
3.0,3.0,4.0,1.0,4.0,3.0,2.485518076429015
3.0,3.0,4.0,1.0,5.0,3.0,2.48551803444489
3.0,3.0,4.0,2.0,1.0,1.0,1.8017821739454338
3.0,3.0,4.0,2.0,1.0,2.0,2.016468040324134
3.0,3.0,4.0,2.0,1.0,3.0,2.4028800469083103
3.0,3.0,4.0,2.0,2.0,2.0,2.4776230532200776
3.0,3.0,4.0,2.0,2.0,3.0,2.743412585282889
3.0,3.0,4.0,2.0,3.0,1.0,2.0662376662340303
3.0,3.0,4.0,2.0,3.0,2.0,2.477623040425113
3.0,3.0,4.0,2.0,3.0,3.0,2.9853757328181687
3.0,3.0,4.0,2.0,4.0,3.0,2.985375733209739
3.0,3.0,4.0,2.0,4.0,4.0,3.000088377439347
3.0,3.0,4.0,2.0,4.0,5.0,3.020427732900073
3.0,3.0,4.0,3.0,1.0,1.0,2.009761110921657
3.0,3.0,4.0,3.0,1.0,3.0,2.4028800400880987
3.0,3.0,4.0,3.0,1.0,4.0,2.6494611564914856
3.0,3.0,4.0,3.0,2.0,2.0,2.6366614578882883
3.0,3.0,4.0,3.0,2.0,3.0,2.977859133508918
3.0,3.0,4.0,3.0,2.0,4.0,3.021111675330295
3.0,3.0,4.0,3.0,3.0,2.0,2.692815949410662
3.0,3.0,4.0,3.0,3.0,3.0,3.17747574115649
3.0,3.0,4.0,3.0,3.0,4.0,3.3896119310156707
3.0,3.0,4.0,3.0,4.0,2.0,2.892849461016608
3.0,3.0,4.0,3.0,4.0,3.0,3.2804949206664427
3.0,3.0,4.0,3.0,4.0,4.0,3.3896119154186435
3.0,3.0,4.0,3.0,4.0,5.0,3.6999794093592104
3.0,3.0,4.0,3.0,5.0,3.0,3.2804949183332393
3.0,3.0,4.0,3.0,5.0,4.0,3.4097148014838385
3.0,3.0,4.0,3.0,5.0,5.0,3.82097605764026
3.0,3.0,4.0,4.0,1.0,3.0,2.4232216033870517
3.0,3.0,4.0,4.0,1.0,4.0,2.6494611452841847
3.0,3.0,4.0,4.0,1.0,5.0,2.6494611074056267
3.0,3.0,4.0,4.0,2.0,2.0,2.6925925780169107
3.0,3.0,4.0,4.0,2.0,3.0,3.213485736116139
3.0,3.0,4.0,4.0,2.0,4.0,3.2751181048135085
3.0,3.0,4.0,4.0,2.0,5.0,3.6039060355573445
3.0,3.0,4.0,4.0,3.0,2.0,2.991402703026482
3.0,3.0,4.0,4.0,3.0,3.0,3.2945307723791486
3.0,3.0,4.0,4.0,3.0,4.0,3.5460348100404464
3.0,3.0,4.0,4.0,3.0,5.0,3.643422394194169
3.0,3.0,4.0,4.0,4.0,3.0,3.4830912460665826
3.0,3.0,4.0,4.0,4.0,4.0,3.6240344294954445
3.0,3.0,4.0,4.0,4.0,5.0,3.6999794089987903
3.0,3.0,4.0,4.0,5.0,3.0,3.483091220877098
3.0,3.0,4.0,4.0,5.0,4.0,3.6967808971143556
3.0,3.0,4.0,4.0,5.0,5.0,3.8730654518457217
3.0,3.0,4.0,5.0,1.0,3.0,2.5048213681925118
3.0,3.0,4.0,5.0,1.0,4.0,2.7663938832296258
3.0,3.0,4.0,5.0,2.0,3.0,3.2134857173601286
3.0,3.0,4.0,5.0,2.0,4.0,3.4379103817804997
3.0,3.0,4.0,5.0,3.0,3.0,3.3722943066406232
3.0,3.0,4.0,5.0,3.0,4.0,3.62403443643665
3.0,3.0,4.0,5.0,3.0,5.0,3.6592614716680156
3.0,3.0,4.0,5.0,4.0,3.0,3.483091226352069
3.0,3.0,4.0,5.0,4.0,4.0,3.6240344319094304
3.0,3.0,4.0,5.0,4.0,5.0,3.8580037972804546
3.0,3.0,4.0,5.0,5.0,3.0,3.4969974892502185
3.0,3.0,4.0,5.0,5.0,4.0,3.719689372819763
3.0,3.0,4.0,5.0,5.0,5.0,3.9274399273842784
3.0,3.0,5.0,1.0,2.0,1.0,1.560759506122879
3.0,3.0,5.0,1.0,3.0,1.0,1.6253374312165625
3.0,3.0,5.0,1.0,3.0,2.0,2.118091481869208
3.0,3.0,5.0,1.0,4.0,3.0,2.9853757168800836
3.0,3.0,5.0,2.0,2.0,2.0,2.477623032205929
3.0,3.0,5.0,2.0,2.0,3.0,2.97637556979829
3.0,3.0,5.0,2.0,3.0,2.0,2.477623023274585
3.0,3.0,5.0,2.0,3.0,3.0,2.985375725009254
3.0,3.0,5.0,2.0,5.0,3.0,2.985375715928258
3.0,3.0,5.0,3.0,2.0,2.0,2.989148968063173
3.0,3.0,5.0,3.0,2.0,3.0,3.189591923918037
3.0,3.0,5.0,3.0,3.0,2.0,2.9891489542985825
3.0,3.0,5.0,3.0,3.0,3.0,3.1969903338832437
3.0,3.0,5.0,3.0,3.0,4.0,3.49328320117461
3.0,3.0,5.0,3.0,4.0,2.0,2.989148926729735
3.0,3.0,5.0,3.0,4.0,3.0,3.3956201905071386
3.0,3.0,5.0,3.0,4.0,4.0,3.493283186667863
3.0,3.0,5.0,3.0,5.0,4.0,3.7464928427017017
3.0,3.0,5.0,4.0,2.0,5.0,3.6434223938651424
3.0,3.0,5.0,4.0,3.0,2.0,3.0022531015891594
3.0,3.0,5.0,4.0,3.0,3.0,3.4669859688510134
3.0,3.0,5.0,4.0,3.0,4.0,3.5460347749698564
3.0,3.0,5.0,4.0,3.0,5.0,3.6434223842657003
3.0,3.0,5.0,4.0,4.0,3.0,3.5811026093763827
3.0,3.0,5.0,4.0,4.0,4.0,3.7464928499849908
3.0,3.0,5.0,4.0,4.0,5.0,3.8312875625140066
3.0,3.0,5.0,4.0,5.0,3.0,3.7342929111107876
3.0,3.0,5.0,4.0,5.0,4.0,3.7464928354240743
3.0,3.0,5.0,4.0,5.0,5.0,3.873065444406222
3.0,3.0,5.0,5.0,2.0,3.0,3.4388312499923472
3.0,3.0,5.0,5.0,2.0,4.0,3.4846107723524713
3.0,3.0,5.0,5.0,2.0,5.0,3.7715772694063356
3.0,3.0,5.0,5.0,3.0,3.0,3.4669859568768597
3.0,3.0,5.0,5.0,3.0,4.0,3.7715772683718303
3.0,3.0,5.0,5.0,3.0,5.0,3.8438428522909427
3.0,3.0,5.0,5.0,4.0,3.0,3.786562766403788
3.0,3.0,5.0,5.0,4.0,4.0,3.7865627610520076
3.0,3.0,5.0,5.0,4.0,5.0,3.9336110014297154
3.0,3.0,5.0,5.0,5.0,3.0,3.786562764434139
3.0,3.0,5.0,5.0,5.0,4.0,3.7865627427686395
3.0,3.0,5.0,5.0,5.0,5.0,3.9336109974110705
3.0,4.0,1.0,1.0,1.0,1.0,1.1622707304060762
3.0,4.0,1.0,1.0,1.0,2.0,1.4553431529691732
3.0,4.0,1.0,1.0,1.0,3.0,1.5292011777089103
3.0,4.0,1.0,1.0,2.0,1.0,1.2673772969241313
3.0,4.0,1.0,1.0,2.0,2.0,1.7964680775886182
3.0,4.0,1.0,1.0,2.0,3.0,1.796468064494864
3.0,4.0,1.0,1.0,3.0,1.0,1.4245999527431357
3.0,4.0,1.0,1.0,3.0,2.0,1.7964680610251866
3.0,4.0,1.0,1.0,3.0,3.0,1.7964680525208871
3.0,4.0,1.0,1.0,4.0,1.0,1.4693071253082217
3.0,4.0,1.0,1.0,4.0,3.0,2.0043298335151922
3.0,4.0,1.0,1.0,5.0,3.0,2.004329798692558
3.0,4.0,1.0,2.0,1.0,1.0,1.4385764523221667
3.0,4.0,1.0,2.0,1.0,2.0,1.7109304418890268
3.0,4.0,1.0,2.0,1.0,3.0,1.7490453230647192
3.0,4.0,1.0,2.0,2.0,1.0,1.4553465462427966
3.0,4.0,1.0,2.0,2.0,2.0,1.8972810601987538
3.0,4.0,1.0,2.0,2.0,3.0,1.9945057036461507
3.0,4.0,1.0,2.0,2.0,4.0,2.0049913247650464
3.0,4.0,1.0,2.0,3.0,1.0,1.8925507469489287
3.0,4.0,1.0,2.0,3.0,2.0,2.0196883045905203
3.0,4.0,1.0,2.0,3.0,3.0,2.1985703548212725
3.0,4.0,1.0,2.0,4.0,1.0,1.8992532619661613
3.0,4.0,1.0,2.0,4.0,2.0,2.019688273420934
3.0,4.0,1.0,2.0,4.0,3.0,2.198570344390037
3.0,4.0,1.0,2.0,4.0,5.0,2.1985703321471988
3.0,4.0,1.0,3.0,1.0,1.0,1.4385764504987169
3.0,4.0,1.0,3.0,1.0,2.0,1.7373179583551213
3.0,4.0,1.0,3.0,1.0,3.0,1.7964680300220832
3.0,4.0,1.0,3.0,2.0,1.0,1.8925507631468392
3.0,4.0,1.0,3.0,2.0,2.0,1.898043603840302
3.0,4.0,1.0,3.0,2.0,3.0,2.0505542798472414
3.0,4.0,1.0,3.0,2.0,4.0,2.474002643002595
3.0,4.0,1.0,3.0,3.0,1.0,1.8925507320724368
3.0,4.0,1.0,3.0,3.0,2.0,2.0196882414876662
3.0,4.0,1.0,3.0,3.0,3.0,2.341822235964899
3.0,4.0,1.0,3.0,3.0,4.0,2.4945426943860007
3.0,4.0,1.0,3.0,4.0,2.0,2.0196882423450817
3.0,4.0,1.0,3.0,4.0,3.0,2.3418222066261127
3.0,4.0,1.0,3.0,4.0,4.0,2.494542680042232
3.0,4.0,1.0,3.0,5.0,1.0,1.8992532385683705
3.0,4.0,1.0,3.0,5.0,3.0,2.3418221982271796
3.0,4.0,1.0,4.0,1.0,1.0,1.501472898879246
3.0,4.0,1.0,4.0,1.0,2.0,1.7373179025476317
3.0,4.0,1.0,4.0,1.0,3.0,1.9546071397386862
3.0,4.0,1.0,4.0,1.0,4.0,1.9546071172479464
3.0,4.0,1.0,4.0,1.0,5.0,2.0220756345215603
3.0,4.0,1.0,4.0,2.0,1.0,1.9380894368184451
3.0,4.0,1.0,4.0,2.0,2.0,2.2375913305397153
3.0,4.0,1.0,4.0,2.0,3.0,2.341822235993962
3.0,4.0,1.0,4.0,2.0,4.0,2.474002628721756
3.0,4.0,1.0,4.0,3.0,1.0,1.938089430094903
3.0,4.0,1.0,4.0,3.0,2.0,2.3418222200590715
3.0,4.0,1.0,4.0,3.0,3.0,2.341822221002803
3.0,4.0,1.0,4.0,3.0,4.0,2.5092177840310654
3.0,4.0,1.0,4.0,4.0,1.0,2.0505542867854536
3.0,4.0,1.0,4.0,4.0,2.0,2.3418222067367473
3.0,4.0,1.0,4.0,4.0,3.0,2.3418222140516867
3.0,4.0,1.0,4.0,4.0,4.0,2.5092177678825167
3.0,4.0,1.0,4.0,5.0,4.0,2.5092177482302134
3.0,4.0,1.0,5.0,1.0,1.0,1.7520672354453042
3.0,4.0,1.0,5.0,1.0,2.0,1.7520672152255239
3.0,4.0,1.0,5.0,1.0,3.0,1.9546071154250455
3.0,4.0,1.0,5.0,1.0,4.0,1.9546070952747339
3.0,4.0,1.0,5.0,2.0,1.0,1.938089398500574
3.0,4.0,1.0,5.0,2.0,3.0,2.3418222284108663
3.0,4.0,1.0,5.0,3.0,1.0,2.0085026719182064
3.0,4.0,1.0,5.0,3.0,3.0,2.3418222225325214
3.0,4.0,1.0,5.0,3.0,5.0,2.5092177470587678
3.0,4.0,1.0,5.0,4.0,4.0,2.509217761014719
3.0,4.0,1.0,5.0,5.0,5.0,2.509217754566266
3.0,4.0,2.0,1.0,1.0,1.0,1.5630513271172526
3.0,4.0,2.0,1.0,1.0,2.0,1.7109304308834936
3.0,4.0,2.0,1.0,1.0,3.0,1.9931235896208919
3.0,4.0,2.0,1.0,2.0,1.0,1.563051262482087
3.0,4.0,2.0,1.0,2.0,2.0,1.9514085880553778
3.0,4.0,2.0,1.0,2.0,3.0,2.026535905223507
3.0,4.0,2.0,1.0,2.0,4.0,2.0265359034378387
3.0,4.0,2.0,1.0,3.0,1.0,1.847575471987313
3.0,4.0,2.0,1.0,3.0,2.0,2.0265359223448467
3.0,4.0,2.0,1.0,3.0,3.0,2.0265358962438147
3.0,4.0,2.0,1.0,3.0,4.0,2.4895145204284455
3.0,4.0,2.0,1.0,4.0,1.0,2.0662376664351747
3.0,4.0,2.0,1.0,4.0,3.0,2.1188649706292724
3.0,4.0,2.0,1.0,4.0,4.0,2.48951450639376
3.0,4.0,2.0,2.0,1.0,1.0,1.7771696479437786
3.0,4.0,2.0,2.0,1.0,2.0,2.155878490634227
3.0,4.0,2.0,2.0,1.0,3.0,2.164604533768943
3.0,4.0,2.0,2.0,1.0,4.0,2.164604527642246
3.0,4.0,2.0,2.0,2.0,1.0,1.9149571218478807
3.0,4.0,2.0,2.0,2.0,2.0,2.1558784499687933
3.0,4.0,2.0,2.0,2.0,3.0,2.4034029800811654
3.0,4.0,2.0,2.0,2.0,4.0,2.4883183171726673
3.0,4.0,2.0,2.0,3.0,1.0,2.066237650798465
3.0,4.0,2.0,2.0,3.0,2.0,2.15648010870262
3.0,4.0,2.0,2.0,3.0,3.0,2.4034029284170595
3.0,4.0,2.0,2.0,3.0,4.0,2.496789528767568
3.0,4.0,2.0,2.0,4.0,2.0,2.198624159742022
3.0,4.0,2.0,2.0,4.0,3.0,2.426991521632409
3.0,4.0,2.0,2.0,4.0,4.0,2.6655547979305703
3.0,4.0,2.0,2.0,4.0,5.0,2.66555478772248
3.0,4.0,2.0,2.0,5.0,1.0,2.0662376571899577
3.0,4.0,2.0,2.0,5.0,3.0,2.489793934428358
3.0,4.0,2.0,2.0,5.0,4.0,2.745029701119101
3.0,4.0,2.0,3.0,1.0,1.0,1.8548151496961855
3.0,4.0,2.0,3.0,1.0,2.0,2.155878457009521
3.0,4.0,2.0,3.0,1.0,3.0,2.2030251655903896
3.0,4.0,2.0,3.0,1.0,4.0,2.203025145436141
3.0,4.0,2.0,3.0,2.0,1.0,1.9319486961117498
3.0,4.0,2.0,3.0,2.0,2.0,2.3200449245559356
3.0,4.0,2.0,3.0,2.0,3.0,2.4993811496634333
3.0,4.0,2.0,3.0,2.0,4.0,2.7318849929693862
3.0,4.0,2.0,3.0,3.0,1.0,2.066237660092498
3.0,4.0,2.0,3.0,3.0,2.0,2.435882856414708
3.0,4.0,2.0,3.0,3.0,3.0,2.7792686897000065
3.0,4.0,2.0,3.0,3.0,4.0,2.8720440312385227
3.0,4.0,2.0,3.0,3.0,5.0,2.872044003400756
3.0,4.0,2.0,3.0,4.0,1.0,2.066237647777065
3.0,4.0,2.0,3.0,4.0,2.0,2.572320487487714
3.0,4.0,2.0,3.0,4.0,3.0,2.8074656504070417
3.0,4.0,2.0,3.0,4.0,4.0,2.975041979838155
3.0,4.0,2.0,3.0,4.0,5.0,2.999520168975945
3.0,4.0,2.0,3.0,5.0,2.0,2.5723204710102547
3.0,4.0,2.0,3.0,5.0,3.0,2.8074656471146566
3.0,4.0,2.0,3.0,5.0,5.0,3.18817296993738
3.0,4.0,2.0,4.0,1.0,1.0,2.1340857788891006
3.0,4.0,2.0,4.0,1.0,2.0,2.1654714519828384
3.0,4.0,2.0,4.0,1.0,3.0,2.3827180268426464
3.0,4.0,2.0,4.0,1.0,4.0,2.382718022937114
3.0,4.0,2.0,4.0,2.0,1.0,2.2456187428621046
3.0,4.0,2.0,4.0,2.0,2.0,2.3647565285093
3.0,4.0,2.0,4.0,2.0,3.0,2.731884985651482
3.0,4.0,2.0,4.0,2.0,4.0,2.7318849929080535
3.0,4.0,2.0,4.0,3.0,1.0,2.2456187370008935
3.0,4.0,2.0,4.0,3.0,2.0,2.5723204622341407
3.0,4.0,2.0,4.0,3.0,3.0,2.81333835772797
3.0,4.0,2.0,4.0,3.0,4.0,2.953319579604505
3.0,4.0,2.0,4.0,3.0,5.0,2.991114782717486
3.0,4.0,2.0,4.0,4.0,1.0,2.4450240578445794
3.0,4.0,2.0,4.0,4.0,2.0,2.5723204537087367
3.0,4.0,2.0,4.0,4.0,3.0,2.9708683455384985
3.0,4.0,2.0,4.0,4.0,4.0,2.9750419358628792
3.0,4.0,2.0,4.0,4.0,5.0,2.9995201394978306
3.0,4.0,2.0,4.0,5.0,2.0,2.746084660627726
3.0,4.0,2.0,4.0,5.0,3.0,2.9750419359323854
3.0,4.0,2.0,4.0,5.0,4.0,2.9750419291820167
3.0,4.0,2.0,5.0,1.0,1.0,2.134085776697936
3.0,4.0,2.0,5.0,1.0,2.0,2.165471468478873
3.0,4.0,2.0,5.0,1.0,3.0,2.4807401855354025
3.0,4.0,2.0,5.0,1.0,4.0,2.7463281527204453
3.0,4.0,2.0,5.0,1.0,5.0,2.7463281377497397
3.0,4.0,2.0,5.0,2.0,1.0,2.245618720102867
3.0,4.0,2.0,5.0,2.0,2.0,2.5723204686946386
3.0,4.0,2.0,5.0,2.0,3.0,2.731884949967895
3.0,4.0,2.0,5.0,3.0,2.0,2.5723204553817944
3.0,4.0,2.0,5.0,3.0,3.0,2.878419224570517
3.0,4.0,2.0,5.0,3.0,4.0,3.0233826652253804
3.0,4.0,2.0,5.0,3.0,5.0,3.023382672536952
3.0,4.0,2.0,5.0,4.0,2.0,2.5723204373784703
3.0,4.0,2.0,5.0,4.0,3.0,2.9708683253405948
3.0,4.0,2.0,5.0,4.0,4.0,3.02338265780429
3.0,4.0,2.0,5.0,4.0,5.0,3.023382652032904
3.0,4.0,2.0,5.0,5.0,3.0,2.9750419243338606
3.0,4.0,2.0,5.0,5.0,4.0,3.1881729625412256
3.0,4.0,2.0,5.0,5.0,5.0,3.188172948061465
3.0,4.0,3.0,1.0,1.0,1.0,1.5630513204197007
3.0,4.0,3.0,1.0,1.0,2.0,1.8522515464788156
3.0,4.0,3.0,1.0,1.0,3.0,2.095518297429001
3.0,4.0,3.0,1.0,1.0,4.0,2.2581646748318382
3.0,4.0,3.0,1.0,2.0,1.0,1.7087632894528983
3.0,4.0,3.0,1.0,2.0,2.0,2.0955183273195113
3.0,4.0,3.0,1.0,2.0,3.0,2.123680980563671
3.0,4.0,3.0,1.0,3.0,1.0,1.8475754418091044
3.0,4.0,3.0,1.0,3.0,2.0,2.1236809593378645
3.0,4.0,3.0,1.0,3.0,3.0,2.1236809341759777
3.0,4.0,3.0,1.0,3.0,4.0,2.7764454848530997
3.0,4.0,3.0,1.0,4.0,1.0,2.1331606296315977
3.0,4.0,3.0,1.0,4.0,2.0,2.341877887185249
3.0,4.0,3.0,1.0,4.0,3.0,2.5779665870786403
3.0,4.0,3.0,1.0,4.0,4.0,2.776445492199187
3.0,4.0,3.0,1.0,5.0,1.0,2.1331606069540756
3.0,4.0,3.0,1.0,5.0,2.0,2.341877868103398
3.0,4.0,3.0,1.0,5.0,3.0,2.7028124808050964
3.0,4.0,3.0,1.0,5.0,5.0,3.002493498932933
3.0,4.0,3.0,2.0,1.0,1.0,1.808417162666275
3.0,4.0,3.0,2.0,1.0,2.0,2.229876432399351
3.0,4.0,3.0,2.0,1.0,3.0,2.229876425324081
3.0,4.0,3.0,2.0,1.0,4.0,2.2581646633784906
3.0,4.0,3.0,2.0,2.0,1.0,2.0662376616701503
3.0,4.0,3.0,2.0,2.0,2.0,2.4465241631265164
3.0,4.0,3.0,2.0,2.0,3.0,2.730092505594405
3.0,4.0,3.0,2.0,2.0,4.0,2.809564339741893
3.0,4.0,3.0,2.0,3.0,1.0,2.066237650088037
3.0,4.0,3.0,2.0,3.0,2.0,2.4987854675335908
3.0,4.0,3.0,2.0,3.0,3.0,2.730092472412751
3.0,4.0,3.0,2.0,3.0,4.0,2.995897592812988
3.0,4.0,3.0,2.0,4.0,1.0,2.3338017631075587
3.0,4.0,3.0,2.0,4.0,2.0,2.6345626658069414
3.0,4.0,3.0,2.0,4.0,3.0,2.984140498435615
3.0,4.0,3.0,2.0,4.0,4.0,3.052838376862226
3.0,4.0,3.0,2.0,5.0,1.0,2.3338017530688315
3.0,4.0,3.0,2.0,5.0,2.0,2.944551038690139
3.0,4.0,3.0,2.0,5.0,3.0,2.9841404972840735
3.0,4.0,3.0,2.0,5.0,4.0,3.0528383715763825
3.0,4.0,3.0,3.0,1.0,1.0,2.0008970267013635
3.0,4.0,3.0,3.0,1.0,2.0,2.458156822514042
3.0,4.0,3.0,3.0,1.0,3.0,2.53149987677998
3.0,4.0,3.0,3.0,1.0,4.0,2.754373907420211
3.0,4.0,3.0,3.0,2.0,1.0,2.228956305265859
3.0,4.0,3.0,3.0,2.0,2.0,2.6415206483231897
3.0,4.0,3.0,3.0,2.0,3.0,2.9196526551185764
3.0,4.0,3.0,3.0,2.0,4.0,3.1005348343172288
3.0,4.0,3.0,3.0,3.0,1.0,2.3338017623381018
3.0,4.0,3.0,3.0,3.0,2.0,2.779592050046582
3.0,4.0,3.0,3.0,3.0,3.0,3.0439889627459547
3.0,4.0,3.0,3.0,3.0,4.0,3.151896081037415
3.0,4.0,3.0,3.0,3.0,5.0,3.187065132888304
3.0,4.0,3.0,3.0,4.0,1.0,2.3338017476129918
3.0,4.0,3.0,3.0,4.0,2.0,2.779592011615681
3.0,4.0,3.0,3.0,4.0,3.0,3.090693923793421
3.0,4.0,3.0,3.0,4.0,4.0,3.3329370510859926
3.0,4.0,3.0,3.0,4.0,5.0,3.490116345140105
3.0,4.0,3.0,3.0,5.0,2.0,2.944551031322221
3.0,4.0,3.0,3.0,5.0,3.0,3.1315185249601747
3.0,4.0,3.0,3.0,5.0,4.0,3.425961473266912
3.0,4.0,3.0,3.0,5.0,5.0,3.592741176259531
3.0,4.0,3.0,4.0,1.0,1.0,2.1340857776256255
3.0,4.0,3.0,4.0,1.0,2.0,2.458156791279978
3.0,4.0,3.0,4.0,1.0,3.0,2.6227753452877813
3.0,4.0,3.0,4.0,1.0,4.0,2.7543739164385133
3.0,4.0,3.0,4.0,1.0,5.0,2.761252471970051
3.0,4.0,3.0,4.0,2.0,1.0,2.562058444782166
3.0,4.0,3.0,4.0,2.0,2.0,2.692592565785492
3.0,4.0,3.0,4.0,2.0,3.0,2.9869988996444348
3.0,4.0,3.0,4.0,2.0,4.0,3.1005347987505014
3.0,4.0,3.0,4.0,3.0,1.0,2.5620584286942356
3.0,4.0,3.0,4.0,3.0,2.0,2.81709250642696
3.0,4.0,3.0,4.0,3.0,3.0,3.137821448942712
3.0,4.0,3.0,4.0,3.0,4.0,3.337634257402824
3.0,4.0,3.0,4.0,3.0,5.0,3.414186676432917
3.0,4.0,3.0,4.0,4.0,2.0,3.0141355901624065
3.0,4.0,3.0,4.0,4.0,3.0,3.1934203303377338
3.0,4.0,3.0,4.0,4.0,4.0,3.4770577670497054
3.0,4.0,3.0,4.0,4.0,5.0,3.5927411743548276
3.0,4.0,3.0,4.0,5.0,2.0,3.0141355750929955
3.0,4.0,3.0,4.0,5.0,3.0,3.193420314614796
3.0,4.0,3.0,4.0,5.0,4.0,3.5491580756554146
3.0,4.0,3.0,4.0,5.0,5.0,3.5927411536184444
3.0,4.0,3.0,5.0,1.0,2.0,2.7118207064676674
3.0,4.0,3.0,5.0,1.0,3.0,2.7118206970053795
3.0,4.0,3.0,5.0,1.0,4.0,2.761252477556923
3.0,4.0,3.0,5.0,1.0,5.0,2.761252464508549
3.0,4.0,3.0,5.0,2.0,3.0,3.0211115661513293
3.0,4.0,3.0,5.0,2.0,4.0,3.100534780039464
3.0,4.0,3.0,5.0,2.0,5.0,3.4776985388190464
3.0,4.0,3.0,5.0,3.0,2.0,2.9868789040325536
3.0,4.0,3.0,5.0,3.0,3.0,3.137821434623376
3.0,4.0,3.0,5.0,3.0,4.0,3.343942764764998
3.0,4.0,3.0,5.0,3.0,5.0,3.4776985245857595
3.0,4.0,3.0,5.0,4.0,2.0,3.0141355895287516
3.0,4.0,3.0,5.0,4.0,3.0,3.1934202732960317
3.0,4.0,3.0,5.0,4.0,4.0,3.4770577653109567
3.0,4.0,3.0,5.0,4.0,5.0,3.5927411543710406
3.0,4.0,3.0,5.0,5.0,3.0,3.3980461978448795
3.0,4.0,3.0,5.0,5.0,4.0,3.6077048278181314
3.0,4.0,3.0,5.0,5.0,5.0,3.749559430239436
3.0,4.0,4.0,1.0,1.0,1.0,1.5630512643459793
3.0,4.0,4.0,1.0,1.0,2.0,2.016929727138885
3.0,4.0,4.0,1.0,1.0,3.0,2.6189119639203122
3.0,4.0,4.0,1.0,2.0,1.0,1.8571397365900202
3.0,4.0,4.0,1.0,2.0,3.0,2.618911953341398
3.0,4.0,4.0,1.0,3.0,1.0,1.8571397259881148
3.0,4.0,4.0,1.0,3.0,2.0,2.123680925583641
3.0,4.0,4.0,1.0,3.0,3.0,2.7764454953356563
3.0,4.0,4.0,1.0,3.0,4.0,2.7764454896077537
3.0,4.0,4.0,1.0,4.0,2.0,2.3418778473690973
3.0,4.0,4.0,1.0,4.0,3.0,2.7764454923869994
3.0,4.0,4.0,1.0,4.0,5.0,2.7764454833616043
3.0,4.0,4.0,2.0,1.0,1.0,1.8084171163625915
3.0,4.0,4.0,2.0,1.0,3.0,2.6189118948645014
3.0,4.0,4.0,2.0,1.0,4.0,2.618911844761425
3.0,4.0,4.0,2.0,2.0,2.0,2.4776230390067195
3.0,4.0,4.0,2.0,2.0,3.0,2.931410536583141
3.0,4.0,4.0,2.0,2.0,4.0,2.9888929703693594
3.0,4.0,4.0,2.0,3.0,1.0,2.0662376576361137
3.0,4.0,4.0,2.0,3.0,2.0,2.5267061333946987
3.0,4.0,4.0,2.0,3.0,3.0,2.985375729293106
3.0,4.0,4.0,2.0,3.0,4.0,3.1027822959997926
3.0,4.0,4.0,2.0,4.0,1.0,2.5033707387243087
3.0,4.0,4.0,2.0,4.0,2.0,2.6691790416644667
3.0,4.0,4.0,2.0,4.0,3.0,2.985375718839204
3.0,4.0,4.0,2.0,4.0,4.0,3.2501611327388726
3.0,4.0,4.0,2.0,5.0,2.0,2.9953831032697558
3.0,4.0,4.0,2.0,5.0,3.0,3.00170999169416
3.0,4.0,4.0,2.0,5.0,4.0,3.250161114476655
3.0,4.0,4.0,2.0,5.0,5.0,3.2501611052054504
3.0,4.0,4.0,3.0,1.0,1.0,2.0153320236077126
3.0,4.0,4.0,3.0,1.0,2.0,2.498369044594193
3.0,4.0,4.0,3.0,1.0,3.0,2.6227752959854356
3.0,4.0,4.0,3.0,1.0,4.0,2.7543739051566494
3.0,4.0,4.0,3.0,1.0,5.0,3.390326172505498
3.0,4.0,4.0,3.0,2.0,1.0,2.6415206259797754
3.0,4.0,4.0,3.0,2.0,2.0,2.641520608005775
3.0,4.0,4.0,3.0,2.0,3.0,2.977859120422283
3.0,4.0,4.0,3.0,2.0,4.0,3.2751181137608785
3.0,4.0,4.0,3.0,3.0,2.0,2.8928494906948035
3.0,4.0,4.0,3.0,3.0,3.0,3.1810942295768383
3.0,4.0,4.0,3.0,3.0,4.0,3.442138620618219
3.0,4.0,4.0,3.0,3.0,5.0,3.4421386037830377
3.0,4.0,4.0,3.0,4.0,2.0,2.8928494490546535
3.0,4.0,4.0,3.0,4.0,3.0,3.3220448166376437
3.0,4.0,4.0,3.0,4.0,4.0,3.699979428140657
3.0,4.0,4.0,3.0,4.0,5.0,3.6999793928495435
3.0,4.0,4.0,3.0,5.0,2.0,3.0001545375463734
3.0,4.0,4.0,3.0,5.0,3.0,3.3315609508670567
3.0,4.0,4.0,3.0,5.0,4.0,3.699979310037324
3.0,4.0,4.0,3.0,5.0,5.0,3.820976052598559
3.0,4.0,4.0,4.0,1.0,3.0,2.622775296926804
3.0,4.0,4.0,4.0,1.0,4.0,2.7543739037691632
3.0,4.0,4.0,4.0,2.0,2.0,2.692592561681567
3.0,4.0,4.0,4.0,2.0,3.0,3.2476893857668045
3.0,4.0,4.0,4.0,2.0,4.0,3.27511809777862
3.0,4.0,4.0,4.0,2.0,5.0,3.6039060229928697
3.0,4.0,4.0,4.0,3.0,2.0,3.157462851835395
3.0,4.0,4.0,4.0,3.0,3.0,3.3722942874054183
3.0,4.0,4.0,4.0,3.0,4.0,3.6694458734650937
3.0,4.0,4.0,4.0,3.0,5.0,3.66944585104992
3.0,4.0,4.0,4.0,4.0,1.0,2.982213321826518
3.0,4.0,4.0,4.0,4.0,2.0,3.1574628302451297
3.0,4.0,4.0,4.0,4.0,3.0,3.483091246632871
3.0,4.0,4.0,4.0,4.0,4.0,3.7793396987739616
3.0,4.0,4.0,4.0,4.0,5.0,3.8580038250861017
3.0,4.0,4.0,4.0,5.0,3.0,3.569476422712711
3.0,4.0,4.0,4.0,5.0,4.0,3.8024952052756125
3.0,4.0,4.0,4.0,5.0,5.0,3.9274399795600887
3.0,4.0,4.0,5.0,1.0,1.0,2.134085776280288
3.0,4.0,4.0,5.0,1.0,3.0,2.7118206938213407
3.0,4.0,4.0,5.0,1.0,4.0,2.7663938654308184
3.0,4.0,4.0,5.0,1.0,5.0,3.39626976120126
3.0,4.0,4.0,5.0,2.0,3.0,3.2476893782938263
3.0,4.0,4.0,5.0,2.0,4.0,3.4379103178282384
3.0,4.0,4.0,5.0,2.0,5.0,3.603906021546054
3.0,4.0,4.0,5.0,3.0,3.0,3.372294270695999
3.0,4.0,4.0,5.0,3.0,4.0,3.6694458667144665
3.0,4.0,4.0,5.0,3.0,5.0,3.669445793092683
3.0,4.0,4.0,5.0,4.0,3.0,3.4830911789750054
3.0,4.0,4.0,5.0,4.0,4.0,3.7793396360237286
3.0,4.0,4.0,5.0,4.0,5.0,3.8580037798565074
3.0,4.0,4.0,5.0,5.0,3.0,3.6347925078634056
3.0,4.0,4.0,5.0,5.0,4.0,3.8245484332367083
3.0,4.0,4.0,5.0,5.0,5.0,3.9274399126351374
3.0,4.0,5.0,1.0,2.0,1.0,1.993018922255592
3.0,4.0,5.0,1.0,5.0,5.0,3.5938297205436456
3.0,4.0,5.0,2.0,1.0,1.0,1.8084170934180392
3.0,4.0,5.0,2.0,4.0,2.0,2.9983225294653453
3.0,4.0,5.0,2.0,4.0,3.0,3.2431803624772333
3.0,4.0,5.0,2.0,4.0,4.0,3.3955647501131043
3.0,4.0,5.0,2.0,5.0,4.0,3.3955647358992582
3.0,4.0,5.0,3.0,1.0,1.0,2.5120366549584436
3.0,4.0,5.0,3.0,1.0,2.0,2.512036640066225
3.0,4.0,5.0,3.0,1.0,3.0,2.7612824074875864
3.0,4.0,5.0,3.0,1.0,4.0,3.007473388070728
3.0,4.0,5.0,3.0,2.0,2.0,2.98914895133557
3.0,4.0,5.0,3.0,2.0,3.0,3.1895919101280827
3.0,4.0,5.0,3.0,3.0,2.0,2.9891489370766666
3.0,4.0,5.0,3.0,3.0,3.0,3.357081629387809
3.0,4.0,5.0,3.0,3.0,4.0,3.6196209895466116
3.0,4.0,5.0,3.0,3.0,5.0,3.6196209676560467
3.0,4.0,5.0,3.0,4.0,2.0,3.0141680654639025
3.0,4.0,5.0,3.0,4.0,3.0,3.472246217407411
3.0,4.0,5.0,3.0,4.0,4.0,3.74820450309213
3.0,4.0,5.0,3.0,4.0,5.0,3.7482044788717035
3.0,4.0,5.0,3.0,5.0,3.0,3.499180628729538
3.0,4.0,5.0,3.0,5.0,4.0,3.7482044200986158
3.0,4.0,5.0,3.0,5.0,5.0,3.989768106654525
3.0,4.0,5.0,4.0,1.0,3.0,2.761282400877827
3.0,4.0,5.0,4.0,1.0,4.0,3.354946040594745
3.0,4.0,5.0,4.0,2.0,2.0,2.998943417195991
3.0,4.0,5.0,4.0,2.0,3.0,3.247709433170424
3.0,4.0,5.0,4.0,2.0,4.0,3.491664652548075
3.0,4.0,5.0,4.0,2.0,5.0,3.771577265397158
3.0,4.0,5.0,4.0,3.0,3.0,3.466985945061881
3.0,4.0,5.0,4.0,3.0,4.0,3.771577278430369
3.0,4.0,5.0,4.0,3.0,5.0,3.77157725868919
3.0,4.0,5.0,4.0,4.0,3.0,3.7207580504782793
3.0,4.0,5.0,4.0,4.0,4.0,3.7793396592729582
3.0,4.0,5.0,4.0,4.0,5.0,4.157451775821352
3.0,4.0,5.0,4.0,5.0,3.0,3.734292893401783
3.0,4.0,5.0,4.0,5.0,4.0,3.8024951838430923
3.0,4.0,5.0,4.0,5.0,5.0,4.229338495362763
3.0,4.0,5.0,5.0,1.0,2.0,2.9171407047078444
3.0,4.0,5.0,5.0,1.0,4.0,3.354946028203012
3.0,4.0,5.0,5.0,1.0,5.0,3.3962697676424813
3.0,4.0,5.0,5.0,2.0,4.0,3.5002120874843454
3.0,4.0,5.0,5.0,3.0,3.0,3.6097526877110973
3.0,4.0,5.0,5.0,3.0,4.0,3.771577253138587
3.0,4.0,5.0,5.0,3.0,5.0,4.152673267182888
3.0,4.0,5.0,5.0,4.0,3.0,3.88715669441379
3.0,4.0,5.0,5.0,4.0,4.0,3.887156689732292
3.0,4.0,5.0,5.0,4.0,5.0,4.157451736334532
3.0,4.0,5.0,5.0,5.0,1.0,3.874827232153138
3.0,4.0,5.0,5.0,5.0,3.0,3.9053642828995985
3.0,4.0,5.0,5.0,5.0,4.0,3.9411241642179204
3.0,4.0,5.0,5.0,5.0,5.0,4.229338427445021
3.0,5.0,1.0,1.0,1.0,1.0,1.1622880565179037
3.0,5.0,1.0,1.0,1.0,2.0,1.7109304352234396
3.0,5.0,1.0,1.0,1.0,3.0,1.7964680968788858
3.0,5.0,1.0,1.0,1.0,5.0,2.0505541760261274
3.0,5.0,1.0,1.0,2.0,1.0,1.2673772495013265
3.0,5.0,1.0,1.0,2.0,2.0,1.7964680609437558
3.0,5.0,1.0,1.0,2.0,3.0,1.7964680568402351
3.0,5.0,1.0,1.0,3.0,1.0,1.4245999395482678
3.0,5.0,1.0,1.0,3.0,2.0,1.7964680547789484
3.0,5.0,1.0,1.0,3.0,3.0,1.7964680351031885
3.0,5.0,1.0,1.0,3.0,4.0,1.7964680254720549
3.0,5.0,1.0,1.0,4.0,1.0,1.599142644897672
3.0,5.0,1.0,1.0,4.0,2.0,1.9905266508664434
3.0,5.0,1.0,1.0,5.0,1.0,2.050554169511873
3.0,5.0,1.0,1.0,5.0,2.0,2.050554151285921
3.0,5.0,1.0,1.0,5.0,3.0,2.0505541392474402
3.0,5.0,1.0,1.0,5.0,5.0,2.0505541404112404
3.0,5.0,1.0,2.0,1.0,1.0,1.438576446736267
3.0,5.0,1.0,2.0,1.0,2.0,1.7109304219963797
3.0,5.0,1.0,2.0,1.0,3.0,1.7964680204211134
3.0,5.0,1.0,2.0,2.0,1.0,1.5997604021553171
3.0,5.0,1.0,2.0,2.0,2.0,1.9058435817149277
3.0,5.0,1.0,2.0,2.0,3.0,2.050554243173914
3.0,5.0,1.0,2.0,2.0,4.0,2.050554237630366
3.0,5.0,1.0,2.0,3.0,1.0,2.019688317703961
3.0,5.0,1.0,2.0,3.0,2.0,2.0196882922099597
3.0,5.0,1.0,2.0,3.0,3.0,2.198570313368118
3.0,5.0,1.0,2.0,4.0,3.0,2.1985702989135247
3.0,5.0,1.0,2.0,4.0,4.0,2.745029732014677
3.0,5.0,1.0,2.0,5.0,2.0,2.0505541485658383
3.0,5.0,1.0,2.0,5.0,3.0,2.19857028998865
3.0,5.0,1.0,3.0,1.0,1.0,1.4385764147508049
3.0,5.0,1.0,3.0,1.0,2.0,1.737317927955992
3.0,5.0,1.0,3.0,1.0,3.0,1.796468005149323
3.0,5.0,1.0,3.0,1.0,4.0,2.0505542043392064
3.0,5.0,1.0,3.0,2.0,1.0,1.9058435402723661
3.0,5.0,1.0,3.0,2.0,2.0,1.9058435385383605
3.0,5.0,1.0,3.0,2.0,3.0,2.050554228280662
3.0,5.0,1.0,3.0,3.0,1.0,2.0602670603152924
3.0,5.0,1.0,3.0,3.0,2.0,2.06026705482355
3.0,5.0,1.0,3.0,3.0,3.0,2.341822207070374
3.0,5.0,1.0,3.0,3.0,4.0,2.5870927020732792
3.0,5.0,1.0,3.0,4.0,1.0,2.060267052650323
3.0,5.0,1.0,3.0,4.0,2.0,2.0602670524666813
3.0,5.0,1.0,3.0,4.0,3.0,2.341822190625676
3.0,5.0,1.0,3.0,5.0,2.0,2.3418221906395726
3.0,5.0,1.0,3.0,5.0,3.0,2.341822168873282
3.0,5.0,1.0,3.0,5.0,4.0,2.7467085135709235
3.0,5.0,1.0,4.0,1.0,1.0,1.5139779050310012
3.0,5.0,1.0,4.0,1.0,2.0,1.99145783428656
3.0,5.0,1.0,4.0,1.0,3.0,2.0505542263673875
3.0,5.0,1.0,4.0,1.0,5.0,2.0505541915065804
3.0,5.0,1.0,4.0,2.0,2.0,2.2375912988567115
3.0,5.0,1.0,4.0,2.0,3.0,2.3418222198491248
3.0,5.0,1.0,4.0,2.0,4.0,2.741110690308002
3.0,5.0,1.0,4.0,3.0,2.0,2.3418222124212758
3.0,5.0,1.0,4.0,3.0,3.0,2.3418222013417833
3.0,5.0,1.0,4.0,3.0,4.0,2.745029706638639
3.0,5.0,1.0,4.0,3.0,5.0,2.745029699315932
3.0,5.0,1.0,4.0,4.0,3.0,2.341822164568091
3.0,5.0,1.0,4.0,4.0,4.0,2.7450297078565424
3.0,5.0,1.0,4.0,5.0,3.0,2.7467085134697515
3.0,5.0,1.0,4.0,5.0,4.0,2.7467085076113316
3.0,5.0,1.0,4.0,5.0,5.0,2.7467084994563598
3.0,5.0,1.0,5.0,1.0,1.0,1.7520672005504005
3.0,5.0,1.0,5.0,1.0,2.0,2.00760879686159
3.0,5.0,1.0,5.0,1.0,3.0,2.05055421471509
3.0,5.0,1.0,5.0,1.0,4.0,2.0505541855174068
3.0,5.0,1.0,5.0,1.0,5.0,2.0505541862312806
3.0,5.0,1.0,5.0,2.0,1.0,2.060267077385896
3.0,5.0,1.0,5.0,2.0,2.0,2.341822210950123
3.0,5.0,1.0,5.0,2.0,3.0,2.3418222158295356
3.0,5.0,1.0,5.0,2.0,5.0,2.7411106852255904
3.0,5.0,1.0,5.0,3.0,2.0,2.3418221984639653
3.0,5.0,1.0,5.0,3.0,3.0,2.341822196722262
3.0,5.0,1.0,5.0,3.0,5.0,2.7450296862256045
3.0,5.0,1.0,5.0,4.0,3.0,2.746708517220456
3.0,5.0,1.0,5.0,4.0,4.0,2.7467085147873855
3.0,5.0,1.0,5.0,4.0,5.0,2.7467085131757534
3.0,5.0,1.0,5.0,5.0,1.0,2.0602670503330853
3.0,5.0,1.0,5.0,5.0,2.0,2.3418221952006104
3.0,5.0,1.0,5.0,5.0,3.0,2.7467085119771584
3.0,5.0,1.0,5.0,5.0,4.0,2.746708496946325
3.0,5.0,1.0,5.0,5.0,5.0,2.746708475066241
3.0,5.0,2.0,1.0,1.0,1.0,1.5630513016567418
3.0,5.0,2.0,1.0,1.0,2.0,1.9786389354237637
3.0,5.0,2.0,1.0,1.0,3.0,1.9954572405837498
3.0,5.0,2.0,1.0,1.0,4.0,2.006178466113706
3.0,5.0,2.0,1.0,2.0,1.0,1.6261272433346867
3.0,5.0,2.0,1.0,2.0,2.0,1.978638928870994
3.0,5.0,2.0,1.0,2.0,3.0,2.026535897923067
3.0,5.0,2.0,1.0,3.0,1.0,1.847575468257844
3.0,5.0,2.0,1.0,3.0,2.0,2.026535898369087
3.0,5.0,2.0,1.0,3.0,3.0,2.0265358956073833
3.0,5.0,2.0,1.0,3.0,4.0,2.4895145024712058
3.0,5.0,2.0,1.0,4.0,1.0,2.066237638931385
3.0,5.0,2.0,1.0,4.0,2.0,2.1767533383304247
3.0,5.0,2.0,1.0,4.0,3.0,2.1767533185851318
3.0,5.0,2.0,1.0,5.0,1.0,2.0662376302241183
3.0,5.0,2.0,1.0,5.0,3.0,2.1767532795173374
3.0,5.0,2.0,2.0,1.0,1.0,1.8548151394139702
3.0,5.0,2.0,2.0,1.0,2.0,2.197034888742584
3.0,5.0,2.0,2.0,1.0,3.0,2.203025116753485
3.0,5.0,2.0,2.0,2.0,1.0,1.995216773853034
3.0,5.0,2.0,2.0,2.0,2.0,2.288245225837628
3.0,5.0,2.0,2.0,2.0,3.0,2.4034029627028506
3.0,5.0,2.0,2.0,3.0,2.0,2.2882451638085786
3.0,5.0,2.0,2.0,3.0,3.0,2.411356186078568
3.0,5.0,2.0,2.0,3.0,4.0,2.7450297359645313
3.0,5.0,2.0,2.0,4.0,1.0,2.0662376249491334
3.0,5.0,2.0,2.0,4.0,2.0,2.397950102428059
3.0,5.0,2.0,2.0,4.0,3.0,2.664383510960101
3.0,5.0,2.0,2.0,4.0,4.0,2.7450297217328803
3.0,5.0,2.0,2.0,5.0,1.0,2.0662376256988515
3.0,5.0,2.0,2.0,5.0,2.0,2.656370317703433
3.0,5.0,2.0,2.0,5.0,3.0,2.7450297079522032
3.0,5.0,2.0,2.0,5.0,4.0,2.7450296923341506
3.0,5.0,2.0,3.0,1.0,1.0,1.854815108135268
3.0,5.0,2.0,3.0,1.0,2.0,2.1970348835900793
3.0,5.0,2.0,3.0,1.0,3.0,2.203025104646392
3.0,5.0,2.0,3.0,1.0,4.0,2.2030251018382336
3.0,5.0,2.0,3.0,2.0,1.0,1.9952167456636487
3.0,5.0,2.0,3.0,2.0,2.0,2.5268407098044126
3.0,5.0,2.0,3.0,2.0,3.0,2.6403554540879055
3.0,5.0,2.0,3.0,3.0,2.0,2.5982756554112925
3.0,5.0,2.0,3.0,3.0,3.0,2.8031876377996205
3.0,5.0,2.0,3.0,3.0,4.0,2.989444643823718
3.0,5.0,2.0,3.0,3.0,5.0,2.989444640397019
3.0,5.0,2.0,3.0,4.0,1.0,2.0662376200880064
3.0,5.0,2.0,3.0,4.0,2.0,2.598275630200473
3.0,5.0,2.0,3.0,4.0,3.0,2.807465510004175
3.0,5.0,2.0,3.0,4.0,4.0,2.9980870765176193
3.0,5.0,2.0,3.0,4.0,5.0,3.276131545100733
3.0,5.0,2.0,3.0,5.0,2.0,2.6563703094641986
3.0,5.0,2.0,3.0,5.0,3.0,2.9948774757945102
3.0,5.0,2.0,3.0,5.0,5.0,3.276131539214204
3.0,5.0,2.0,4.0,1.0,1.0,2.1340857638293356
3.0,5.0,2.0,4.0,1.0,2.0,2.2478196019091676
3.0,5.0,2.0,4.0,1.0,3.0,2.4807402141641344
3.0,5.0,2.0,4.0,1.0,4.0,2.480740180754686
3.0,5.0,2.0,4.0,1.0,5.0,2.4807401332206984
3.0,5.0,2.0,4.0,2.0,2.0,2.6634624289631827
3.0,5.0,2.0,4.0,2.0,3.0,2.7318849181654983
3.0,5.0,2.0,4.0,2.0,4.0,2.748132225293727
3.0,5.0,2.0,4.0,3.0,1.0,2.5843278177767766
3.0,5.0,2.0,4.0,3.0,2.0,2.7460847167414797
3.0,5.0,2.0,4.0,3.0,3.0,2.8133383115163144
3.0,5.0,2.0,4.0,3.0,4.0,2.9974236398521814
3.0,5.0,2.0,4.0,4.0,1.0,2.5843278114759345
3.0,5.0,2.0,4.0,4.0,2.0,2.7460846727466386
3.0,5.0,2.0,4.0,4.0,3.0,3.0612069901206516
3.0,5.0,2.0,4.0,4.0,4.0,3.2757028229045577
3.0,5.0,2.0,4.0,4.0,5.0,3.2761315350873352
3.0,5.0,2.0,4.0,5.0,2.0,2.7460846515624375
3.0,5.0,2.0,4.0,5.0,3.0,3.061206941975979
3.0,5.0,2.0,4.0,5.0,4.0,3.2761315517779077
3.0,5.0,2.0,4.0,5.0,5.0,3.2761315313920725
3.0,5.0,2.0,5.0,1.0,2.0,2.332955232049877
3.0,5.0,2.0,5.0,1.0,3.0,2.480740180259702
3.0,5.0,2.0,5.0,1.0,5.0,2.7612524404636605
3.0,5.0,2.0,5.0,2.0,1.0,2.245618673286042
3.0,5.0,2.0,5.0,2.0,2.0,2.7118207062035533
3.0,5.0,2.0,5.0,2.0,3.0,2.7318849110145598
3.0,5.0,2.0,5.0,2.0,4.0,2.9742136914974084
3.0,5.0,2.0,5.0,2.0,5.0,2.974213701443719
3.0,5.0,2.0,5.0,3.0,1.0,2.717368681430871
3.0,5.0,2.0,5.0,3.0,2.0,2.750184625962367
3.0,5.0,2.0,5.0,3.0,3.0,2.8784191995326722
3.0,5.0,2.0,5.0,3.0,4.0,3.0233826557873216
3.0,5.0,2.0,5.0,3.0,5.0,3.2761315441273644
3.0,5.0,2.0,5.0,4.0,2.0,2.750184612098176
3.0,5.0,2.0,5.0,4.0,3.0,3.0612069702596374
3.0,5.0,2.0,5.0,4.0,4.0,3.2761315570728993
3.0,5.0,2.0,5.0,4.0,5.0,3.2761315415167607
3.0,5.0,2.0,5.0,5.0,2.0,2.7501845893827905
3.0,5.0,2.0,5.0,5.0,3.0,3.061206935079364
3.0,5.0,2.0,5.0,5.0,4.0,3.276131531764952
3.0,5.0,2.0,5.0,5.0,5.0,3.276131519042937
3.0,5.0,3.0,1.0,1.0,1.0,1.563051282637769
3.0,5.0,3.0,1.0,1.0,2.0,2.0955182657860636
3.0,5.0,3.0,1.0,1.0,3.0,2.0955182453490213
3.0,5.0,3.0,1.0,1.0,4.0,2.2581646640883744
3.0,5.0,3.0,1.0,2.0,1.0,1.7087632804932191
3.0,5.0,3.0,1.0,2.0,2.0,2.0955182863404778
3.0,5.0,3.0,1.0,3.0,1.0,1.8475754187184943
3.0,5.0,3.0,1.0,3.0,2.0,2.336302657359652
3.0,5.0,3.0,1.0,3.0,3.0,2.5779665663340814
3.0,5.0,3.0,1.0,3.0,4.0,2.7764454676409884
3.0,5.0,3.0,1.0,4.0,1.0,2.1331606020645353
3.0,5.0,3.0,1.0,4.0,3.0,2.5779665559753067
3.0,5.0,3.0,1.0,4.0,4.0,2.7764454487632
3.0,5.0,3.0,1.0,5.0,1.0,2.133160586987145
3.0,5.0,3.0,1.0,5.0,2.0,2.341877825215969
3.0,5.0,3.0,1.0,5.0,5.0,3.0130200908939795
3.0,5.0,3.0,2.0,1.0,1.0,1.9982714457242592
3.0,5.0,3.0,2.0,1.0,2.0,2.4987855748255337
3.0,5.0,3.0,2.0,1.0,3.0,2.646474880936689
3.0,5.0,3.0,2.0,1.0,4.0,2.7543738933298236
3.0,5.0,3.0,2.0,2.0,1.0,2.228956254238434
3.0,5.0,3.0,2.0,2.0,2.0,2.498785541621666
3.0,5.0,3.0,2.0,2.0,3.0,2.7456739190512174
3.0,5.0,3.0,2.0,2.0,4.0,2.809564304858981
3.0,5.0,3.0,2.0,3.0,1.0,2.3297592632309394
3.0,5.0,3.0,2.0,3.0,2.0,2.498785445529914
3.0,5.0,3.0,2.0,3.0,3.0,2.817402847898996
3.0,5.0,3.0,2.0,3.0,4.0,2.996406928528714
3.0,5.0,3.0,2.0,3.0,5.0,2.9974899136609814
3.0,5.0,3.0,2.0,4.0,1.0,2.5033707404922394
3.0,5.0,3.0,2.0,4.0,2.0,2.8280015682966573
3.0,5.0,3.0,2.0,4.0,3.0,2.9841404346240963
3.0,5.0,3.0,2.0,4.0,4.0,3.0528383686300287
3.0,5.0,3.0,2.0,4.0,5.0,3.1256866415883904
3.0,5.0,3.0,2.0,5.0,1.0,2.503370728938313
3.0,5.0,3.0,2.0,5.0,2.0,2.9445510449901264
3.0,5.0,3.0,2.0,5.0,3.0,3.069897399368194
3.0,5.0,3.0,2.0,5.0,4.0,3.1256866921891056
3.0,5.0,3.0,2.0,5.0,5.0,3.125686596849167
3.0,5.0,3.0,3.0,1.0,1.0,2.0008969949761
3.0,5.0,3.0,3.0,1.0,2.0,2.5413467890116532
3.0,5.0,3.0,3.0,1.0,3.0,2.646474862196043
3.0,5.0,3.0,3.0,1.0,4.0,2.754373892340398
3.0,5.0,3.0,3.0,1.0,5.0,2.7612524454756566
3.0,5.0,3.0,3.0,2.0,1.0,2.228956254015493
3.0,5.0,3.0,3.0,2.0,2.0,2.6415206066431733
3.0,5.0,3.0,3.0,2.0,3.0,2.9196526447391298
3.0,5.0,3.0,3.0,2.0,4.0,3.100534827053964
3.0,5.0,3.0,3.0,3.0,1.0,2.584327842785809
3.0,5.0,3.0,3.0,3.0,2.0,2.911218602318572
3.0,5.0,3.0,3.0,3.0,3.0,3.0977623943379897
3.0,5.0,3.0,3.0,3.0,4.0,3.3963444701218926
3.0,5.0,3.0,3.0,3.0,5.0,3.4776985084989107
3.0,5.0,3.0,3.0,4.0,1.0,2.584327840166531
3.0,5.0,3.0,3.0,4.0,2.0,2.944551023780614
3.0,5.0,3.0,3.0,4.0,3.0,3.1315186814577114
3.0,5.0,3.0,3.0,4.0,4.0,3.4158072396433696
3.0,5.0,3.0,3.0,4.0,5.0,3.4929856460407875
3.0,5.0,3.0,3.0,5.0,1.0,2.5843278357694195
3.0,5.0,3.0,3.0,5.0,2.0,2.944551014942656
3.0,5.0,3.0,3.0,5.0,3.0,3.1315184943161354
3.0,5.0,3.0,3.0,5.0,4.0,3.4273865274354702
3.0,5.0,3.0,3.0,5.0,5.0,3.5984438723418486
3.0,5.0,3.0,4.0,1.0,1.0,2.134085763436264
3.0,5.0,3.0,4.0,1.0,2.0,2.5413467817138
3.0,5.0,3.0,4.0,1.0,3.0,2.7118206627998664
3.0,5.0,3.0,4.0,1.0,4.0,2.754373888455398
3.0,5.0,3.0,4.0,1.0,5.0,2.761252442513928
3.0,5.0,3.0,4.0,2.0,2.0,2.6925925251401686
3.0,5.0,3.0,4.0,2.0,3.0,3.042345769806708
3.0,5.0,3.0,4.0,2.0,4.0,3.1005347806956873
3.0,5.0,3.0,4.0,2.0,5.0,3.24627764133842
3.0,5.0,3.0,4.0,3.0,1.0,2.584327810040976
3.0,5.0,3.0,4.0,3.0,2.0,3.073294857908842
3.0,5.0,3.0,4.0,3.0,3.0,3.184801146283971
3.0,5.0,3.0,4.0,3.0,4.0,3.3963442119274445
3.0,5.0,3.0,4.0,3.0,5.0,3.4776984955306216
3.0,5.0,3.0,4.0,4.0,2.0,3.073294850806347
3.0,5.0,3.0,4.0,4.0,3.0,3.193420305253917
3.0,5.0,3.0,4.0,4.0,4.0,3.510475601680366
3.0,5.0,3.0,4.0,4.0,5.0,3.767539065652239
3.0,5.0,3.0,4.0,5.0,1.0,2.5843278127765195
3.0,5.0,3.0,4.0,5.0,2.0,3.073294829326715
3.0,5.0,3.0,4.0,5.0,3.0,3.284870637335079
3.0,5.0,3.0,4.0,5.0,4.0,3.621421110560828
3.0,5.0,3.0,4.0,5.0,5.0,3.802661168359861
3.0,5.0,3.0,5.0,1.0,1.0,2.711820715946185
3.0,5.0,3.0,5.0,1.0,2.0,2.7118207099406617
3.0,5.0,3.0,5.0,1.0,3.0,2.7118206556877005
3.0,5.0,3.0,5.0,1.0,4.0,2.7612524637603255
3.0,5.0,3.0,5.0,1.0,5.0,2.761252435707795
3.0,5.0,3.0,5.0,2.0,2.0,2.711820699976846
3.0,5.0,3.0,5.0,2.0,3.0,3.0423457556992464
3.0,5.0,3.0,5.0,2.0,4.0,3.1005347609855187
3.0,5.0,3.0,5.0,2.0,5.0,3.4776985238244733
3.0,5.0,3.0,5.0,3.0,2.0,3.0732948327173126
3.0,5.0,3.0,5.0,3.0,3.0,3.1848010216916
3.0,5.0,3.0,5.0,3.0,4.0,3.396344090207156
3.0,5.0,3.0,5.0,3.0,5.0,3.4776984869530434
3.0,5.0,3.0,5.0,4.0,3.0,3.374294900010431
3.0,5.0,3.0,5.0,4.0,4.0,3.51047554670876
3.0,5.0,3.0,5.0,4.0,5.0,3.802661128589732
3.0,5.0,3.0,5.0,5.0,2.0,3.0732948125445714
3.0,5.0,3.0,5.0,5.0,3.0,3.4992206019928034
3.0,5.0,3.0,5.0,5.0,4.0,3.6214210011027412
3.0,5.0,3.0,5.0,5.0,5.0,3.8026610410229464
3.0,5.0,4.0,1.0,1.0,1.0,1.5630512463964588
3.0,5.0,4.0,1.0,2.0,2.0,2.095518289458321
3.0,5.0,4.0,1.0,2.0,3.0,2.931410443376671
3.0,5.0,4.0,1.0,3.0,1.0,1.857139699146865
3.0,5.0,4.0,1.0,3.0,2.0,2.3363026447032977
3.0,5.0,4.0,1.0,3.0,4.0,2.9314104109660453
3.0,5.0,4.0,1.0,4.0,1.0,2.5033707343493314
3.0,5.0,4.0,1.0,4.0,4.0,2.931410378507202
3.0,5.0,4.0,1.0,5.0,3.0,3.146502978743204
3.0,5.0,4.0,1.0,5.0,5.0,3.5938297487984725
3.0,5.0,4.0,2.0,1.0,2.0,2.498785570948371
3.0,5.0,4.0,2.0,1.0,3.0,2.646474867891882
3.0,5.0,4.0,2.0,1.0,4.0,2.778588210898105
3.0,5.0,4.0,2.0,2.0,1.0,2.5033707341788722
3.0,5.0,4.0,2.0,2.0,2.0,2.6002435399157817
3.0,5.0,4.0,2.0,2.0,3.0,2.9314104497839355
3.0,5.0,4.0,2.0,3.0,2.0,2.600243506385952
3.0,5.0,4.0,2.0,3.0,3.0,3.0378906320282555
3.0,5.0,4.0,2.0,3.0,4.0,3.10278227229476
3.0,5.0,4.0,2.0,3.0,5.0,3.1027822642549587
3.0,5.0,4.0,2.0,4.0,1.0,2.5033707211156786
3.0,5.0,4.0,2.0,4.0,2.0,2.9897853873221765
3.0,5.0,4.0,2.0,4.0,3.0,3.0378905624209454
3.0,5.0,4.0,2.0,4.0,4.0,3.582647381884246
3.0,5.0,4.0,2.0,4.0,5.0,3.905925277308043
3.0,5.0,4.0,2.0,5.0,1.0,2.503370702798827
3.0,5.0,4.0,2.0,5.0,2.0,2.9953830719459065
3.0,5.0,4.0,2.0,5.0,3.0,3.1465029681904557
3.0,5.0,4.0,2.0,5.0,4.0,3.5826473704557764
3.0,5.0,4.0,2.0,5.0,5.0,3.980890231940831
3.0,5.0,4.0,3.0,1.0,1.0,2.573027371467043
3.0,5.0,4.0,3.0,1.0,2.0,2.5730273454838852
3.0,5.0,4.0,3.0,1.0,3.0,2.778588216742123
3.0,5.0,4.0,3.0,1.0,4.0,2.778588208958677
3.0,5.0,4.0,3.0,2.0,1.0,2.641520612159925
3.0,5.0,4.0,3.0,2.0,2.0,2.6415205914113375
3.0,5.0,4.0,3.0,2.0,3.0,2.9988403224388422
3.0,5.0,4.0,3.0,2.0,4.0,3.275118098966225
3.0,5.0,4.0,3.0,3.0,1.0,2.654325837150044
3.0,5.0,4.0,3.0,3.0,2.0,3.000154568931284
3.0,5.0,4.0,3.0,3.0,3.0,3.3570816538334554
3.0,5.0,4.0,3.0,3.0,4.0,3.641517479551555
3.0,5.0,4.0,3.0,3.0,5.0,3.6415174455906505
3.0,5.0,4.0,3.0,4.0,2.0,3.000154536589194
3.0,5.0,4.0,3.0,4.0,3.0,3.460808274473942
3.0,5.0,4.0,3.0,4.0,4.0,3.738608882127836
3.0,5.0,4.0,3.0,4.0,5.0,3.905925259661522
3.0,5.0,4.0,3.0,5.0,2.0,3.000154507020499
3.0,5.0,4.0,3.0,5.0,3.0,3.4975278965632337
3.0,5.0,4.0,3.0,5.0,4.0,3.738608838351055
3.0,5.0,4.0,3.0,5.0,5.0,3.995896380036835
3.0,5.0,4.0,4.0,1.0,2.0,2.5730273423159282
3.0,5.0,4.0,4.0,1.0,3.0,2.9171407176378947
3.0,5.0,4.0,4.0,1.0,4.0,3.396269796505684
3.0,5.0,4.0,4.0,1.0,5.0,3.396269762962442
3.0,5.0,4.0,4.0,2.0,2.0,2.6925925255939673
3.0,5.0,4.0,4.0,2.0,3.0,3.2476893373060634
3.0,5.0,4.0,4.0,2.0,4.0,3.5836675842761334
3.0,5.0,4.0,4.0,2.0,5.0,3.6039060193500676
3.0,5.0,4.0,4.0,3.0,2.0,3.157462828476159
3.0,5.0,4.0,4.0,3.0,3.0,3.5152111218037883
3.0,5.0,4.0,4.0,3.0,4.0,3.669445781213111
3.0,5.0,4.0,4.0,3.0,5.0,3.6971567407184107
3.0,5.0,4.0,4.0,4.0,2.0,3.157462819068461
3.0,5.0,4.0,4.0,4.0,3.0,3.5152111167443993
3.0,5.0,4.0,4.0,4.0,4.0,3.8594913281222967
3.0,5.0,4.0,4.0,4.0,5.0,3.9988271112431515
3.0,5.0,4.0,4.0,5.0,2.0,3.1574628124407185
3.0,5.0,4.0,4.0,5.0,3.0,3.599232376498457
3.0,5.0,4.0,4.0,5.0,4.0,3.882264572011573
3.0,5.0,4.0,4.0,5.0,5.0,4.019786704936516
3.0,5.0,4.0,5.0,1.0,3.0,2.9171406791616312
3.0,5.0,4.0,5.0,1.0,4.0,3.3962697757964015
3.0,5.0,4.0,5.0,1.0,5.0,3.3962697513692954
3.0,5.0,4.0,5.0,2.0,2.0,2.998661333984485
3.0,5.0,4.0,5.0,2.0,3.0,3.3264683291787898
3.0,5.0,4.0,5.0,2.0,4.0,3.583667570712458
3.0,5.0,4.0,5.0,2.0,5.0,3.6039060136518972
3.0,5.0,4.0,5.0,3.0,2.0,3.157462822221314
3.0,5.0,4.0,5.0,3.0,3.0,3.5152110661663807
3.0,5.0,4.0,5.0,3.0,4.0,3.6971568011097102
3.0,5.0,4.0,5.0,3.0,5.0,3.6971567408231327
3.0,5.0,4.0,5.0,4.0,2.0,3.2594123094648224
3.0,5.0,4.0,5.0,4.0,3.0,3.648750560731631
3.0,5.0,4.0,5.0,4.0,4.0,3.882264569268449
3.0,5.0,4.0,5.0,4.0,5.0,3.999676048032896
3.0,5.0,4.0,5.0,5.0,1.0,3.790489418030411
3.0,5.0,4.0,5.0,5.0,3.0,3.7904893855167185
3.0,5.0,4.0,5.0,5.0,4.0,3.8822645500600674
3.0,5.0,4.0,5.0,5.0,5.0,4.019786709210071
3.0,5.0,5.0,1.0,1.0,1.0,1.5630512111166843
3.0,5.0,5.0,1.0,2.0,1.0,1.9930189211408245
3.0,5.0,5.0,1.0,2.0,2.0,2.095518253229317
3.0,5.0,5.0,1.0,3.0,2.0,2.8057422062481927
3.0,5.0,5.0,1.0,4.0,2.0,2.8057421817746517
3.0,5.0,5.0,1.0,4.0,3.0,3.243180325528043
3.0,5.0,5.0,1.0,5.0,3.0,3.2431803122889873
3.0,5.0,5.0,1.0,5.0,5.0,3.593829709006663
3.0,5.0,5.0,2.0,2.0,2.0,2.8057422014955664
3.0,5.0,5.0,2.0,2.0,3.0,2.9974288402761187
3.0,5.0,5.0,2.0,3.0,2.0,2.80574219669766
3.0,5.0,5.0,2.0,3.0,3.0,3.0378906251691644
3.0,5.0,5.0,2.0,3.0,4.0,3.102782264691007
3.0,5.0,5.0,2.0,4.0,3.0,3.2431803228533327
3.0,5.0,5.0,2.0,4.0,4.0,3.582647348514581
3.0,5.0,5.0,2.0,4.0,5.0,3.9059252663697825
3.0,5.0,5.0,2.0,5.0,3.0,3.4991805898089616
3.0,5.0,5.0,2.0,5.0,4.0,3.582647338386198
3.0,5.0,5.0,3.0,1.0,2.0,2.5730273267250188
3.0,5.0,5.0,3.0,1.0,3.0,2.8043492906137035
3.0,5.0,5.0,3.0,2.0,2.0,2.9964643058195564
3.0,5.0,5.0,3.0,2.0,3.0,3.1981338900563667
3.0,5.0,5.0,3.0,2.0,5.0,3.6415174662953094
3.0,5.0,5.0,3.0,3.0,2.0,3.0001545373977474
3.0,5.0,5.0,3.0,3.0,3.0,3.357081622412435
3.0,5.0,5.0,3.0,3.0,4.0,3.6415174628925264
3.0,5.0,5.0,3.0,3.0,5.0,3.641517433578281
3.0,5.0,5.0,3.0,4.0,2.0,3.014168064745847
3.0,5.0,5.0,3.0,4.0,3.0,3.47224616662876
3.0,5.0,5.0,3.0,4.0,4.0,3.748204487908042
3.0,5.0,5.0,3.0,4.0,5.0,3.905925256310449
3.0,5.0,5.0,3.0,5.0,2.0,3.0141680343686246
3.0,5.0,5.0,3.0,5.0,3.0,3.4991805803387956
3.0,5.0,5.0,3.0,5.0,4.0,3.77721991354756
3.0,5.0,5.0,3.0,5.0,5.0,4.178899184949285
3.0,5.0,5.0,4.0,1.0,2.0,2.8896250750509607
3.0,5.0,5.0,4.0,2.0,2.0,3.0094700609775358
3.0,5.0,5.0,4.0,2.0,3.0,3.4388312826609435
3.0,5.0,5.0,4.0,3.0,2.0,3.259412266776946
3.0,5.0,5.0,4.0,3.0,3.0,3.5152110621100157
3.0,5.0,5.0,4.0,3.0,4.0,3.7715772762270237
3.0,5.0,5.0,4.0,3.0,5.0,4.15267330655409
3.0,5.0,5.0,4.0,4.0,3.0,3.720758031613187
3.0,5.0,5.0,4.0,4.0,4.0,3.8594912636206593
3.0,5.0,5.0,4.0,4.0,5.0,4.2068653451145375
3.0,5.0,5.0,4.0,5.0,2.0,3.259412252874388
3.0,5.0,5.0,4.0,5.0,3.0,3.73429285341827
3.0,5.0,5.0,4.0,5.0,4.0,3.9996469089596594
3.0,5.0,5.0,4.0,5.0,5.0,4.229338472517124
3.0,5.0,5.0,5.0,1.0,2.0,2.917140670654644
3.0,5.0,5.0,5.0,1.0,3.0,2.9171406651293488
3.0,5.0,5.0,5.0,1.0,4.0,3.49866076618837
3.0,5.0,5.0,5.0,1.0,5.0,3.5021236368892263
3.0,5.0,5.0,5.0,2.0,3.0,3.438831242888697
3.0,5.0,5.0,5.0,2.0,4.0,3.7454533834370367
3.0,5.0,5.0,5.0,2.0,5.0,3.7715772328959805
3.0,5.0,5.0,5.0,3.0,2.0,3.2594122608468274
3.0,5.0,5.0,5.0,3.0,3.0,3.6097526240986944
3.0,5.0,5.0,5.0,3.0,4.0,3.771577223170563
3.0,5.0,5.0,5.0,3.0,5.0,4.152673249959772
3.0,5.0,5.0,5.0,4.0,2.0,3.2594122636799834
3.0,5.0,5.0,5.0,4.0,3.0,3.9053642895260663
3.0,5.0,5.0,5.0,4.0,4.0,4.080428218853774
3.0,5.0,5.0,5.0,4.0,5.0,4.234690295579758
3.0,5.0,5.0,5.0,5.0,2.0,3.9053642503533528
3.0,5.0,5.0,5.0,5.0,3.0,3.905364251604768
3.0,5.0,5.0,5.0,5.0,4.0,4.110829918484348
3.0,5.0,5.0,5.0,5.0,5.0,4.2824956966975485
4.0,1.0,1.0,1.0,1.0,1.0,1.1581880507370743
4.0,1.0,1.0,1.0,2.0,1.0,1.2497933758153454
4.0,1.0,1.0,1.0,2.0,2.0,1.2497933817791034
4.0,1.0,1.0,1.0,3.0,2.0,1.7308525286360328
4.0,1.0,1.0,2.0,1.0,1.0,1.1901507451300852
4.0,1.0,1.0,2.0,1.0,2.0,1.1901507469460801
4.0,1.0,1.0,2.0,2.0,2.0,1.350119618125422
4.0,1.0,1.0,2.0,3.0,1.0,1.3630891774645393
4.0,1.0,1.0,2.0,3.0,2.0,1.7308525451636467
4.0,1.0,1.0,3.0,1.0,2.0,1.5550603325448824
4.0,1.0,1.0,3.0,2.0,1.0,1.6340020854861366
4.0,1.0,1.0,3.0,3.0,2.0,1.7308525530995935
4.0,1.0,1.0,3.0,3.0,3.0,2.018020982244851
4.0,1.0,1.0,3.0,4.0,2.0,1.730852542706562
4.0,1.0,1.0,3.0,5.0,3.0,2.285651604223283
4.0,1.0,1.0,4.0,1.0,1.0,1.3428790527868786
4.0,1.0,1.0,4.0,1.0,2.0,1.635490123794936
4.0,1.0,1.0,4.0,1.0,3.0,1.6354901016242493
4.0,1.0,1.0,4.0,3.0,3.0,2.0320860630534447
4.0,1.0,1.0,4.0,3.0,4.0,2.0320860594850005
4.0,1.0,1.0,4.0,4.0,4.0,2.0320860525558126
4.0,1.0,1.0,5.0,2.0,5.0,2.0504889087550007
4.0,1.0,1.0,5.0,5.0,5.0,2.2856515923218566
4.0,1.0,2.0,1.0,1.0,1.0,1.480239007616953
4.0,1.0,2.0,1.0,1.0,3.0,1.4802390219008144
4.0,1.0,2.0,1.0,2.0,1.0,1.5671259883054764
4.0,1.0,2.0,1.0,3.0,2.0,1.9176215298619155
4.0,1.0,2.0,2.0,1.0,3.0,1.8459848996222974
4.0,1.0,2.0,2.0,2.0,2.0,1.9939191671734489
4.0,1.0,2.0,3.0,2.0,1.0,2.0058051595902944
4.0,1.0,2.0,3.0,2.0,2.0,2.2143400946413783
4.0,1.0,2.0,3.0,2.0,3.0,2.214340094250218
4.0,1.0,2.0,3.0,3.0,2.0,2.2143400835842346
4.0,1.0,2.0,3.0,3.0,3.0,2.2395314389977714
4.0,1.0,2.0,3.0,4.0,3.0,2.68123864345173
4.0,1.0,2.0,3.0,5.0,4.0,2.9367820909485833
4.0,1.0,2.0,4.0,1.0,3.0,1.8958119063779926
4.0,1.0,2.0,4.0,1.0,4.0,1.8958118519733387
4.0,1.0,2.0,4.0,2.0,2.0,2.2143400861826845
4.0,1.0,2.0,4.0,2.0,3.0,2.239531424233281
4.0,1.0,2.0,4.0,2.0,5.0,2.4697831221002295
4.0,1.0,2.0,4.0,3.0,1.0,2.005805131294143
4.0,1.0,2.0,4.0,3.0,3.0,2.46978311474124
4.0,1.0,2.0,4.0,4.0,4.0,2.6812386494504903
4.0,1.0,2.0,4.0,5.0,3.0,2.936782092593865
4.0,1.0,2.0,5.0,1.0,2.0,2.026531497709945
4.0,1.0,2.0,5.0,3.0,3.0,2.4697831194896946
4.0,1.0,2.0,5.0,3.0,5.0,2.4697831020403203
4.0,1.0,2.0,5.0,4.0,4.0,2.681238638110657
4.0,1.0,3.0,1.0,1.0,1.0,1.4802390098347973
4.0,1.0,3.0,1.0,2.0,1.0,1.5671259708414307
4.0,1.0,3.0,1.0,3.0,3.0,2.3403016201885043
4.0,1.0,3.0,1.0,4.0,1.0,2.0173390637527406
4.0,1.0,3.0,2.0,1.0,1.0,1.845984912605342
4.0,1.0,3.0,2.0,1.0,2.0,1.845984905154189
4.0,1.0,3.0,2.0,1.0,3.0,1.8459848908025416
4.0,1.0,3.0,2.0,2.0,2.0,2.156817787906324
4.0,1.0,3.0,2.0,2.0,3.0,2.1568177891194162
4.0,1.0,3.0,2.0,3.0,3.0,2.3403016157144645
4.0,1.0,3.0,2.0,4.0,2.0,2.227546395852188
4.0,1.0,3.0,3.0,1.0,2.0,1.895812007157181
4.0,1.0,3.0,3.0,1.0,4.0,2.672349262962361
4.0,1.0,3.0,3.0,2.0,2.0,2.507773870029132
4.0,1.0,3.0,3.0,2.0,3.0,2.66121937485063
4.0,1.0,3.0,3.0,3.0,3.0,2.814259905383104
4.0,1.0,3.0,3.0,3.0,4.0,2.8142598865510284
4.0,1.0,3.0,3.0,4.0,3.0,3.0081467500316994
4.0,1.0,3.0,3.0,5.0,2.0,2.9753120113483966
4.0,1.0,3.0,4.0,1.0,1.0,2.150747798120163
4.0,1.0,3.0,4.0,1.0,2.0,2.15074776962688
4.0,1.0,3.0,4.0,1.0,3.0,2.6531803512732757
4.0,1.0,3.0,4.0,1.0,4.0,2.7939167575803623
4.0,1.0,3.0,4.0,2.0,2.0,2.507773903075113
4.0,1.0,3.0,4.0,2.0,3.0,2.6846895373730866
4.0,1.0,3.0,4.0,2.0,4.0,2.793916747686314
4.0,1.0,3.0,4.0,3.0,2.0,2.5077739088464677
4.0,1.0,3.0,4.0,3.0,3.0,2.8142598806388097
4.0,1.0,3.0,4.0,3.0,4.0,3.0003033825640677
4.0,1.0,3.0,4.0,4.0,3.0,3.0081467195366787
4.0,1.0,3.0,4.0,4.0,4.0,3.2325129208611294
4.0,1.0,3.0,4.0,5.0,3.0,3.0117238073316126
4.0,1.0,3.0,5.0,1.0,2.0,2.544056688879059
4.0,1.0,3.0,5.0,1.0,3.0,2.6846895359397203
4.0,1.0,3.0,5.0,2.0,3.0,2.6846895282275214
4.0,1.0,3.0,5.0,2.0,5.0,3.020874463185707
4.0,1.0,3.0,5.0,3.0,1.0,2.654325956126222
4.0,1.0,3.0,5.0,3.0,3.0,2.8142598639395313
4.0,1.0,3.0,5.0,3.0,5.0,3.036715061408386
4.0,1.0,3.0,5.0,4.0,4.0,3.2325129147438965
4.0,1.0,3.0,5.0,4.0,5.0,3.662137664314445
4.0,1.0,3.0,5.0,5.0,2.0,3.0076139639329296
4.0,1.0,3.0,5.0,5.0,4.0,3.232512901199972
4.0,1.0,4.0,1.0,1.0,3.0,1.4802390143148856
4.0,1.0,4.0,1.0,2.0,2.0,2.0955183994951656
4.0,1.0,4.0,2.0,1.0,3.0,2.0546402870037257
4.0,1.0,4.0,2.0,4.0,3.0,2.360925456815534
4.0,1.0,4.0,3.0,2.0,3.0,2.68468954148607
4.0,1.0,4.0,3.0,3.0,2.0,2.5142871497949657
4.0,1.0,4.0,3.0,3.0,3.0,2.992042150185974
4.0,1.0,4.0,3.0,3.0,4.0,3.3245150788933917
4.0,1.0,4.0,4.0,1.0,1.0,2.1507477974956046
4.0,1.0,4.0,4.0,1.0,4.0,2.814079706705227
4.0,1.0,4.0,4.0,2.0,3.0,2.6846895305339413
4.0,1.0,4.0,4.0,2.0,4.0,3.0066752203349973
4.0,1.0,4.0,4.0,3.0,4.0,3.583179284045272
4.0,1.0,4.0,4.0,4.0,3.0,3.008146687255184
4.0,1.0,4.0,4.0,4.0,4.0,3.583179280725724
4.0,1.0,4.0,5.0,2.0,4.0,3.028764233015948
4.0,1.0,4.0,5.0,3.0,4.0,3.5831792724726457
4.0,1.0,4.0,5.0,4.0,3.0,3.008146660612441
4.0,1.0,4.0,5.0,4.0,4.0,3.8112299115520463
4.0,1.0,4.0,5.0,4.0,5.0,3.8112299053431347
4.0,1.0,4.0,5.0,5.0,4.0,3.811229914483476
4.0,1.0,4.0,5.0,5.0,5.0,3.811229907781112
4.0,1.0,5.0,3.0,3.0,1.0,2.34741181908944
4.0,1.0,5.0,3.0,4.0,4.0,3.5831792964735296
4.0,1.0,5.0,4.0,1.0,3.0,2.6531803537750283
4.0,1.0,5.0,4.0,2.0,3.0,3.020503037611198
4.0,1.0,5.0,4.0,4.0,4.0,3.5831792816125705
4.0,1.0,5.0,5.0,3.0,3.0,3.0524945485765778
4.0,1.0,5.0,5.0,5.0,5.0,4.0142669264894835
4.0,2.0,1.0,1.0,1.0,1.0,1.1583323203792542
4.0,2.0,1.0,1.0,1.0,3.0,1.6845463713233855
4.0,2.0,1.0,1.0,2.0,2.0,1.6716345482686628
4.0,2.0,1.0,1.0,3.0,1.0,1.249793372837316
4.0,2.0,1.0,1.0,3.0,2.0,1.7308524950804922
4.0,2.0,1.0,2.0,1.0,1.0,1.2592738016885332
4.0,2.0,1.0,2.0,1.0,2.0,1.6716345955335081
4.0,2.0,1.0,2.0,2.0,1.0,1.455346568188826
4.0,2.0,1.0,2.0,2.0,2.0,1.671634575008967
4.0,2.0,1.0,2.0,3.0,2.0,1.7308525245457935
4.0,2.0,1.0,2.0,3.0,3.0,2.01239663496454
4.0,2.0,1.0,3.0,1.0,1.0,1.323552215590321
4.0,2.0,1.0,3.0,1.0,2.0,1.710930512902736
4.0,2.0,1.0,3.0,2.0,1.0,1.6340020672819902
4.0,2.0,1.0,3.0,2.0,2.0,1.7584344045883196
4.0,2.0,1.0,3.0,3.0,1.0,1.6340020564243682
4.0,2.0,1.0,3.0,3.0,2.0,1.7584343897252506
4.0,2.0,1.0,3.0,3.0,3.0,2.2163631590714497
4.0,2.0,1.0,3.0,4.0,2.0,2.024127462298716
4.0,2.0,1.0,4.0,1.0,2.0,1.9927566952491162
4.0,2.0,1.0,4.0,3.0,3.0,2.2163631188738053
4.0,2.0,1.0,4.0,4.0,1.0,2.0200177255633482
4.0,2.0,1.0,4.0,4.0,3.0,2.216363080404659
4.0,2.0,1.0,4.0,4.0,4.0,2.5870927322524384
4.0,2.0,1.0,5.0,1.0,3.0,2.0291683719301794
4.0,2.0,1.0,5.0,3.0,5.0,2.5870927276185505
4.0,2.0,1.0,5.0,4.0,4.0,2.587092741577114
4.0,2.0,1.0,5.0,5.0,5.0,2.5870927302745987
4.0,2.0,2.0,1.0,1.0,1.0,1.523849720807324
4.0,2.0,2.0,1.0,1.0,2.0,1.689828155109855
4.0,2.0,2.0,1.0,1.0,4.0,2.012976434673029
4.0,2.0,2.0,1.0,2.0,1.0,1.5671259547529868
4.0,2.0,2.0,1.0,2.0,2.0,1.6898281474134127
4.0,2.0,2.0,1.0,3.0,1.0,1.5671259437768892
4.0,2.0,2.0,1.0,3.0,2.0,1.9176215170164703
4.0,2.0,2.0,1.0,3.0,3.0,2.0243961162889748
4.0,2.0,2.0,2.0,1.0,2.0,1.9886052301470767
4.0,2.0,2.0,2.0,2.0,1.0,1.9943094291240555
4.0,2.0,2.0,2.0,2.0,2.0,2.0941532078666727
4.0,2.0,2.0,2.0,2.0,3.0,2.3348934742464738
4.0,2.0,2.0,2.0,3.0,1.0,2.000013576091882
4.0,2.0,2.0,2.0,3.0,2.0,2.4119373489536327
4.0,2.0,2.0,2.0,3.0,3.0,2.5017713786533102
4.0,2.0,2.0,3.0,1.0,2.0,2.210288502872766
4.0,2.0,2.0,3.0,1.0,3.0,2.2102885047597614
4.0,2.0,2.0,3.0,2.0,2.0,2.21434007834638
4.0,2.0,2.0,3.0,2.0,3.0,2.6812386319476063
4.0,2.0,2.0,3.0,3.0,2.0,2.5355414094480744
4.0,2.0,2.0,3.0,3.0,3.0,2.681238623603899
4.0,2.0,2.0,3.0,4.0,2.0,2.5355414026327097
4.0,2.0,2.0,3.0,4.0,3.0,2.681238620587984
4.0,2.0,2.0,3.0,4.0,4.0,2.9367820739616475
4.0,2.0,2.0,3.0,4.0,5.0,2.9367820727568517
4.0,2.0,2.0,3.0,5.0,3.0,2.6812386046454004
4.0,2.0,2.0,4.0,1.0,1.0,2.1173608417547314
4.0,2.0,2.0,4.0,1.0,2.0,2.210288485077926
4.0,2.0,2.0,4.0,1.0,3.0,2.2102884803787384
4.0,2.0,2.0,4.0,1.0,4.0,2.2102884749859086
4.0,2.0,2.0,4.0,2.0,1.0,2.2143400931893114
4.0,2.0,2.0,4.0,2.0,2.0,2.214340077299558
4.0,2.0,2.0,4.0,2.0,3.0,2.681238628362841
4.0,2.0,2.0,4.0,3.0,2.0,2.656985066567435
4.0,2.0,2.0,4.0,3.0,3.0,2.936782038449289
4.0,2.0,2.0,4.0,3.0,4.0,2.936782054303072
4.0,2.0,2.0,4.0,4.0,3.0,2.9367820596260157
4.0,2.0,2.0,4.0,4.0,4.0,2.93678206704752
4.0,2.0,2.0,4.0,4.0,5.0,2.9367820649817777
4.0,2.0,2.0,4.0,5.0,4.0,2.9367820802237183
4.0,2.0,2.0,4.0,5.0,5.0,2.936782061845631
4.0,2.0,2.0,5.0,1.0,1.0,2.1173607945008524
4.0,2.0,2.0,5.0,1.0,4.0,2.210288472671452
4.0,2.0,2.0,5.0,2.0,3.0,2.936782026976043
4.0,2.0,2.0,5.0,2.0,5.0,2.9367820421787907
4.0,2.0,2.0,5.0,3.0,3.0,2.9367820460059795
4.0,2.0,2.0,5.0,3.0,5.0,2.9367820502324227
4.0,2.0,2.0,5.0,4.0,4.0,2.9367820578418233
4.0,2.0,2.0,5.0,4.0,5.0,2.9367820506246094
4.0,2.0,2.0,5.0,5.0,3.0,3.0102509139852667
4.0,2.0,3.0,1.0,2.0,1.0,1.5671259605342378
4.0,2.0,3.0,1.0,3.0,2.0,2.032285834438231
4.0,2.0,3.0,1.0,3.0,3.0,2.340301597809088
4.0,2.0,3.0,1.0,5.0,3.0,2.485518105908198
4.0,2.0,3.0,2.0,1.0,2.0,2.016468111714307
4.0,2.0,3.0,2.0,1.0,3.0,2.0795905018802108
4.0,2.0,3.0,2.0,2.0,2.0,2.465340419212562
4.0,2.0,3.0,2.0,2.0,3.0,2.5852228389667746
4.0,2.0,3.0,2.0,3.0,1.0,2.028176123254704
4.0,2.0,3.0,2.0,3.0,2.0,2.5852228108516906
4.0,2.0,3.0,2.0,3.0,3.0,2.5852228218749453
4.0,2.0,3.0,2.0,3.0,4.0,2.585222809974813
4.0,2.0,3.0,2.0,4.0,3.0,2.9841405292446916
4.0,2.0,3.0,2.0,4.0,4.0,2.994368658723296
4.0,2.0,3.0,3.0,1.0,3.0,2.6531803632108035
4.0,2.0,3.0,3.0,1.0,4.0,2.672349250753734
4.0,2.0,3.0,3.0,2.0,1.0,2.497786225117085
4.0,2.0,3.0,3.0,2.0,2.0,2.5077738187334635
4.0,2.0,3.0,3.0,2.0,3.0,2.877815169287084
4.0,2.0,3.0,3.0,2.0,4.0,2.978838496501407
4.0,2.0,3.0,3.0,3.0,2.0,2.6569850874451837
4.0,2.0,3.0,3.0,3.0,3.0,3.032015152577518
4.0,2.0,3.0,3.0,3.0,4.0,3.032015154056803
4.0,2.0,3.0,3.0,4.0,3.0,3.0825963379538455
4.0,2.0,3.0,3.0,4.0,4.0,3.18193247041805
4.0,2.0,3.0,3.0,4.0,5.0,3.1819324687026187
4.0,2.0,3.0,3.0,5.0,2.0,2.98583870179519
4.0,2.0,3.0,3.0,5.0,3.0,3.082596340117031
4.0,2.0,3.0,4.0,1.0,2.0,2.4232216585417183
4.0,2.0,3.0,4.0,1.0,3.0,2.6531803320222305
4.0,2.0,3.0,4.0,1.0,4.0,2.814079697815635
4.0,2.0,3.0,4.0,2.0,2.0,2.656985081915233
4.0,2.0,3.0,4.0,2.0,3.0,2.8778151610293934
4.0,2.0,3.0,4.0,2.0,4.0,2.9986342539753728
4.0,2.0,3.0,4.0,3.0,2.0,2.6569850720952672
4.0,2.0,3.0,4.0,3.0,3.0,3.0660400145981
4.0,2.0,3.0,4.0,3.0,4.0,3.301191079671126
4.0,2.0,3.0,4.0,3.0,5.0,3.358057069228284
4.0,2.0,3.0,4.0,4.0,2.0,3.014135597399543
4.0,2.0,3.0,4.0,4.0,3.0,3.1680954023161227
4.0,2.0,3.0,4.0,4.0,4.0,3.3011910204706556
4.0,2.0,3.0,4.0,4.0,5.0,3.7897917162002415
4.0,2.0,3.0,4.0,5.0,2.0,3.014135597215354
4.0,2.0,3.0,4.0,5.0,3.0,3.1680953835871786
4.0,2.0,3.0,4.0,5.0,4.0,3.301191014270442
4.0,2.0,3.0,5.0,1.0,3.0,2.9642793074995626
4.0,2.0,3.0,5.0,1.0,4.0,2.9642793148815256
4.0,2.0,3.0,5.0,2.0,3.0,2.9908796764774634
4.0,2.0,3.0,5.0,2.0,4.0,3.00400859509085
4.0,2.0,3.0,5.0,3.0,2.0,2.6569850673373145
4.0,2.0,3.0,5.0,3.0,3.0,3.1872442109911447
4.0,2.0,3.0,5.0,3.0,4.0,3.3580570659497138
4.0,2.0,3.0,5.0,3.0,5.0,3.358057058993209
4.0,2.0,3.0,5.0,4.0,3.0,3.1872442024457817
4.0,2.0,3.0,5.0,4.0,4.0,3.3580570362296966
4.0,2.0,3.0,5.0,4.0,5.0,3.7897916873136013
4.0,2.0,3.0,5.0,5.0,2.0,3.187244214702792
4.0,2.0,3.0,5.0,5.0,3.0,3.1872441953139248
4.0,2.0,3.0,5.0,5.0,4.0,3.3580570258449627
4.0,2.0,3.0,5.0,5.0,5.0,3.944952440171724
4.0,2.0,4.0,1.0,1.0,1.0,1.532990798036456
4.0,2.0,4.0,1.0,2.0,2.0,2.0955183627846576
4.0,2.0,4.0,1.0,3.0,3.0,2.5570478783930692
4.0,2.0,4.0,1.0,4.0,2.0,2.0955183442534735
4.0,2.0,4.0,2.0,1.0,3.0,2.0795905017690743
4.0,2.0,4.0,2.0,2.0,2.0,2.465340410508448
4.0,2.0,4.0,2.0,4.0,3.0,2.9841405056905095
4.0,2.0,4.0,3.0,1.0,4.0,2.6723492299163762
4.0,2.0,4.0,3.0,2.0,3.0,3.001992822825862
4.0,2.0,4.0,3.0,2.0,4.0,3.2810968934338636
4.0,2.0,4.0,3.0,3.0,1.0,2.6543259430025357
4.0,2.0,4.0,3.0,3.0,2.0,2.656985079926832
4.0,2.0,4.0,3.0,3.0,3.0,3.0320151442408263
4.0,2.0,4.0,3.0,3.0,4.0,3.7554235431776744
4.0,2.0,4.0,3.0,4.0,3.0,3.282931068807746
4.0,2.0,4.0,3.0,4.0,4.0,3.7554235219262564
4.0,2.0,4.0,3.0,5.0,1.0,3.1527177878077994
4.0,2.0,4.0,3.0,5.0,4.0,3.9131680923696783
4.0,2.0,4.0,4.0,1.0,3.0,2.653180321625652
4.0,2.0,4.0,4.0,1.0,4.0,2.8140796927043024
4.0,2.0,4.0,4.0,2.0,4.0,3.483025128875251
4.0,2.0,4.0,4.0,3.0,2.0,2.999184473724984
4.0,2.0,4.0,4.0,3.0,3.0,3.2715755016536687
4.0,2.0,4.0,4.0,3.0,4.0,3.755423536536504
4.0,2.0,4.0,4.0,3.0,5.0,3.7554235230426305
4.0,2.0,4.0,4.0,4.0,3.0,3.2829310384455055
4.0,2.0,4.0,4.0,4.0,4.0,3.7554235173033157
4.0,2.0,4.0,4.0,4.0,5.0,3.981015743949324
4.0,2.0,4.0,4.0,5.0,3.0,3.282931024597857
4.0,2.0,4.0,4.0,5.0,4.0,3.913168091035257
4.0,2.0,4.0,4.0,5.0,5.0,3.981015745260544
4.0,2.0,4.0,5.0,2.0,3.0,3.001992795965369
4.0,2.0,4.0,5.0,2.0,4.0,3.5053731547434652
4.0,2.0,4.0,5.0,2.0,5.0,3.5053731387287983
4.0,2.0,4.0,5.0,3.0,4.0,3.7954426993567907
4.0,2.0,4.0,5.0,3.0,5.0,3.7954426833519377
4.0,2.0,4.0,5.0,4.0,3.0,3.8243829161612153
4.0,2.0,4.0,5.0,4.0,4.0,3.853405936637319
4.0,2.0,4.0,5.0,4.0,5.0,4.090065674622784
4.0,2.0,4.0,5.0,5.0,4.0,3.9935624188446868
4.0,2.0,4.0,5.0,5.0,5.0,4.234440047118431
4.0,2.0,5.0,3.0,1.0,1.0,2.036488154072346
4.0,2.0,5.0,3.0,3.0,3.0,3.282931113078288
4.0,2.0,5.0,3.0,4.0,3.0,3.2829310861685084
4.0,2.0,5.0,3.0,5.0,3.0,3.2829310816702924
4.0,2.0,5.0,3.0,5.0,4.0,3.913168089714539
4.0,2.0,5.0,4.0,1.0,1.0,2.1507477957152923
4.0,2.0,5.0,4.0,3.0,3.0,3.2829311083494366
4.0,2.0,5.0,4.0,3.0,4.0,3.9104368421841915
4.0,2.0,5.0,4.0,4.0,3.0,3.4080721766720106
4.0,2.0,5.0,4.0,4.0,4.0,3.9131680922490006
4.0,2.0,5.0,4.0,4.0,5.0,3.9961906931660494
4.0,2.0,5.0,4.0,5.0,3.0,3.4080721372776823
4.0,2.0,5.0,4.0,5.0,4.0,3.9131680830841455
4.0,2.0,5.0,4.0,5.0,5.0,4.008642611993033
4.0,2.0,5.0,5.0,2.0,2.0,3.0269198642021435
4.0,2.0,5.0,5.0,2.0,5.0,3.505373124921717
4.0,2.0,5.0,5.0,3.0,4.0,3.9728516761641215
4.0,2.0,5.0,5.0,3.0,5.0,3.9931124357876637
4.0,2.0,5.0,5.0,4.0,1.0,3.7547845205927204
4.0,2.0,5.0,5.0,4.0,4.0,3.988692278265879
4.0,2.0,5.0,5.0,5.0,4.0,4.2786196253794015
4.0,2.0,5.0,5.0,5.0,5.0,4.278619621304535
4.0,3.0,1.0,1.0,1.0,1.0,1.2497933232819205
4.0,3.0,1.0,1.0,1.0,2.0,1.6845464216113466
4.0,3.0,1.0,1.0,2.0,1.0,1.2497933667326866
4.0,3.0,1.0,1.0,3.0,1.0,1.249793377825068
4.0,3.0,1.0,1.0,3.0,2.0,1.7308524189892835
4.0,3.0,1.0,1.0,3.0,3.0,1.7308523528752997
4.0,3.0,1.0,1.0,4.0,3.0,2.022612858594461
4.0,3.0,1.0,2.0,1.0,1.0,1.3428790568675502
4.0,3.0,1.0,2.0,1.0,2.0,1.7109304831634373
4.0,3.0,1.0,2.0,1.0,3.0,1.7686757312082027
4.0,3.0,1.0,2.0,2.0,1.0,1.455346559606226
4.0,3.0,1.0,2.0,2.0,2.0,1.840682464911675
4.0,3.0,1.0,2.0,2.0,3.0,2.0070827064743537
4.0,3.0,1.0,2.0,3.0,1.0,1.6825971922760121
4.0,3.0,1.0,2.0,3.0,2.0,2.0014090717889013
4.0,3.0,1.0,2.0,3.0,3.0,2.1985703057335995
4.0,3.0,1.0,2.0,3.0,4.0,2.5870927428353316
4.0,3.0,1.0,2.0,4.0,3.0,2.227647636561287
4.0,3.0,1.0,3.0,1.0,1.0,1.3428790507637685
4.0,3.0,1.0,3.0,1.0,2.0,1.710930494882081
4.0,3.0,1.0,3.0,1.0,3.0,2.0505543432560205
4.0,3.0,1.0,3.0,1.0,4.0,2.3827180277559914
4.0,3.0,1.0,3.0,2.0,1.0,1.6825971902587777
4.0,3.0,1.0,3.0,2.0,2.0,2.0010697304406095
4.0,3.0,1.0,3.0,2.0,3.0,2.0505543470769942
4.0,3.0,1.0,3.0,3.0,1.0,1.6825971755435345
4.0,3.0,1.0,3.0,3.0,2.0,2.2375913480725944
4.0,3.0,1.0,3.0,3.0,3.0,2.3418222852511548
4.0,3.0,1.0,3.0,3.0,4.0,2.5870927290936048
4.0,3.0,1.0,3.0,4.0,3.0,2.3418222597533935
4.0,3.0,1.0,3.0,4.0,4.0,2.5870927237759025
4.0,3.0,1.0,3.0,5.0,3.0,2.341822254744847
4.0,3.0,1.0,4.0,1.0,1.0,1.3428790320393962
4.0,3.0,1.0,4.0,1.0,2.0,2.0505543432345372
4.0,3.0,1.0,4.0,1.0,3.0,2.0505543264851753
4.0,3.0,1.0,4.0,1.0,5.0,2.587092726267039
4.0,3.0,1.0,4.0,2.0,2.0,2.0505543482269735
4.0,3.0,1.0,4.0,2.0,3.0,2.216363119482263
4.0,3.0,1.0,4.0,3.0,1.0,1.9380894396970103
4.0,3.0,1.0,4.0,3.0,2.0,2.237591338805351
4.0,3.0,1.0,4.0,3.0,3.0,2.5323658146029997
4.0,3.0,1.0,4.0,3.0,4.0,2.5870927089765163
4.0,3.0,1.0,4.0,4.0,3.0,2.5323657967061726
4.0,3.0,1.0,4.0,4.0,4.0,2.587092703257175
4.0,3.0,1.0,4.0,5.0,5.0,3.3229648417108275
4.0,3.0,1.0,5.0,1.0,3.0,2.050554331528269
4.0,3.0,1.0,5.0,1.0,5.0,2.587092704219136
4.0,3.0,1.0,5.0,3.0,2.0,2.5323658497347457
4.0,3.0,1.0,5.0,3.0,3.0,2.53236582489823
4.0,3.0,1.0,5.0,5.0,3.0,2.9926270671956368
4.0,3.0,1.0,5.0,5.0,5.0,3.3229648351811782
4.0,3.0,2.0,1.0,1.0,1.0,1.532990794491339
4.0,3.0,2.0,1.0,1.0,2.0,1.68982814438936
4.0,3.0,2.0,1.0,2.0,1.0,1.5671259377996392
4.0,3.0,2.0,1.0,2.0,2.0,1.7318067434323257
4.0,3.0,2.0,1.0,2.0,3.0,2.0007203431182465
4.0,3.0,2.0,1.0,3.0,1.0,1.6253375116734905
4.0,3.0,2.0,1.0,3.0,2.0,1.9176214946695156
4.0,3.0,2.0,1.0,3.0,3.0,2.0265358824765864
4.0,3.0,2.0,1.0,4.0,2.0,2.0305026058212343
4.0,3.0,2.0,1.0,4.0,3.0,2.118864973715624
4.0,3.0,2.0,1.0,5.0,1.0,1.7170235403583165
4.0,3.0,2.0,2.0,1.0,1.0,1.6723091417863871
4.0,3.0,2.0,2.0,1.0,2.0,2.251867684828938
4.0,3.0,2.0,2.0,1.0,3.0,2.2518676587067397
4.0,3.0,2.0,2.0,2.0,1.0,2.0009470701974075
4.0,3.0,2.0,2.0,2.0,2.0,2.251867695481222
4.0,3.0,2.0,2.0,2.0,3.0,2.542331043288114
4.0,3.0,2.0,2.0,3.0,1.0,2.0009470392905735
4.0,3.0,2.0,2.0,3.0,2.0,2.4119372549586022
4.0,3.0,2.0,2.0,3.0,3.0,2.5604919973781746
4.0,3.0,2.0,2.0,4.0,2.0,2.411937251414219
4.0,3.0,2.0,2.0,4.0,3.0,2.600201927364576
4.0,3.0,2.0,2.0,4.0,4.0,2.9767447952416872
4.0,3.0,2.0,3.0,1.0,1.0,2.009727447963978
4.0,3.0,2.0,3.0,1.0,2.0,2.320044988532593
4.0,3.0,2.0,3.0,1.0,3.0,2.3827180546000113
4.0,3.0,2.0,3.0,1.0,4.0,2.382718037641542
4.0,3.0,2.0,3.0,2.0,1.0,2.251183494779229
4.0,3.0,2.0,3.0,2.0,2.0,2.3200449496072584
4.0,3.0,2.0,3.0,2.0,3.0,2.7041383488857322
4.0,3.0,2.0,3.0,2.0,4.0,2.8827871434601997
4.0,3.0,2.0,3.0,3.0,1.0,2.2511834776782242
4.0,3.0,2.0,3.0,3.0,2.0,2.535541395556317
4.0,3.0,2.0,3.0,3.0,3.0,2.861862071946524
4.0,3.0,2.0,3.0,3.0,4.0,2.89666164875221
4.0,3.0,2.0,3.0,4.0,2.0,2.53554139143391
4.0,3.0,2.0,3.0,4.0,3.0,2.8618620630810456
4.0,3.0,2.0,3.0,4.0,4.0,3.160337742776697
4.0,3.0,2.0,3.0,5.0,2.0,3.062556901854697
4.0,3.0,2.0,3.0,5.0,3.0,3.0625568907151135
4.0,3.0,2.0,3.0,5.0,4.0,3.1603377393362155
4.0,3.0,2.0,4.0,1.0,1.0,2.1505803175390095
4.0,3.0,2.0,4.0,1.0,2.0,2.320044966941799
4.0,3.0,2.0,4.0,1.0,3.0,2.3827180655538354
4.0,3.0,2.0,4.0,1.0,4.0,2.3827180287916536
4.0,3.0,2.0,4.0,2.0,2.0,2.5599127209239185
4.0,3.0,2.0,4.0,2.0,3.0,2.747884658346088
4.0,3.0,2.0,4.0,2.0,4.0,2.9742137645291784
4.0,3.0,2.0,4.0,2.0,5.0,2.974213767934659
4.0,3.0,2.0,4.0,3.0,1.0,2.2511834588503095
4.0,3.0,2.0,4.0,3.0,2.0,2.6569850447669414
4.0,3.0,2.0,4.0,3.0,3.0,2.936781982222051
4.0,3.0,2.0,4.0,3.0,4.0,2.999418081242931
4.0,3.0,2.0,4.0,4.0,2.0,2.7509383185307708
4.0,3.0,2.0,4.0,4.0,3.0,2.998866782203617
4.0,3.0,2.0,4.0,4.0,4.0,3.1917831553420486
4.0,3.0,2.0,4.0,5.0,2.0,3.0625568956045197
4.0,3.0,2.0,4.0,5.0,3.0,3.062556891574157
4.0,3.0,2.0,4.0,5.0,4.0,3.406102304758207
4.0,3.0,2.0,4.0,5.0,5.0,3.7837501898685084
4.0,3.0,2.0,5.0,1.0,3.0,2.3827180582495973
4.0,3.0,2.0,5.0,1.0,4.0,2.5309998592805183
4.0,3.0,2.0,5.0,1.0,5.0,2.587092686904516
4.0,3.0,2.0,5.0,2.0,1.0,2.251183481218058
4.0,3.0,2.0,5.0,2.0,2.0,2.6569850370946253
4.0,3.0,2.0,5.0,2.0,3.0,2.9367819840056937
4.0,3.0,2.0,5.0,2.0,4.0,2.974213765264489
4.0,3.0,2.0,5.0,3.0,2.0,2.656985025132903
4.0,3.0,2.0,5.0,3.0,3.0,2.994229593860285
4.0,3.0,2.0,5.0,3.0,4.0,3.26689068370868
4.0,3.0,2.0,5.0,4.0,3.0,3.002612772570356
4.0,3.0,2.0,5.0,4.0,4.0,3.406102296409048
4.0,3.0,2.0,5.0,4.0,5.0,3.453625255802699
4.0,3.0,2.0,5.0,5.0,2.0,3.0625568948515087
4.0,3.0,2.0,5.0,5.0,3.0,3.299406699349166
4.0,3.0,2.0,5.0,5.0,4.0,3.4061022855514826
4.0,3.0,2.0,5.0,5.0,5.0,3.794066802944049
4.0,3.0,3.0,1.0,1.0,1.0,1.532990773776978
4.0,3.0,3.0,1.0,1.0,2.0,1.8522515496769474
4.0,3.0,3.0,1.0,1.0,3.0,2.3173928350820256
4.0,3.0,3.0,1.0,1.0,4.0,2.485518098836099
4.0,3.0,3.0,1.0,2.0,1.0,1.5671259379457263
4.0,3.0,3.0,1.0,2.0,2.0,2.0955183567657265
4.0,3.0,3.0,1.0,3.0,1.0,1.9930189752303955
4.0,3.0,3.0,1.0,3.0,2.0,2.1180914617834437
4.0,3.0,3.0,1.0,3.0,3.0,2.3403015522807924
4.0,3.0,3.0,1.0,4.0,1.0,2.053640179799555
4.0,3.0,3.0,1.0,4.0,2.0,2.118091453522855
4.0,3.0,3.0,1.0,4.0,3.0,2.4855181063126355
4.0,3.0,3.0,1.0,4.0,4.0,2.4855180967081303
4.0,3.0,3.0,2.0,1.0,1.0,2.009727448992552
4.0,3.0,3.0,2.0,1.0,2.0,2.2518676523474803
4.0,3.0,3.0,2.0,1.0,3.0,2.485518087230166
4.0,3.0,3.0,2.0,1.0,4.0,2.4855180861564525
4.0,3.0,3.0,2.0,2.0,1.0,2.009727448354436
4.0,3.0,3.0,2.0,2.0,2.0,2.465340406876533
4.0,3.0,3.0,2.0,2.0,3.0,2.803492246396178
4.0,3.0,3.0,2.0,3.0,1.0,2.066237675059306
4.0,3.0,3.0,2.0,3.0,2.0,2.58522276456785
4.0,3.0,3.0,2.0,3.0,3.0,2.8034922007195684
4.0,3.0,3.0,2.0,3.0,4.0,2.9925355898533756
4.0,3.0,3.0,2.0,4.0,2.0,2.7454835491622753
4.0,3.0,3.0,2.0,4.0,3.0,2.9841405208607057
4.0,3.0,3.0,2.0,4.0,4.0,3.000677362512559
4.0,3.0,3.0,2.0,5.0,3.0,3.000475097812727
4.0,3.0,3.0,2.0,5.0,4.0,3.020735862876828
4.0,3.0,3.0,2.0,5.0,5.0,3.4082576469040062
4.0,3.0,3.0,3.0,1.0,1.0,2.0097274315485203
4.0,3.0,3.0,3.0,1.0,2.0,2.4028800994702832
4.0,3.0,3.0,3.0,1.0,3.0,2.7212260395027665
4.0,3.0,3.0,3.0,2.0,1.0,2.5620584777835504
4.0,3.0,3.0,3.0,2.0,2.0,2.7296578638569247
4.0,3.0,3.0,3.0,2.0,3.0,2.877815144792545
4.0,3.0,3.0,3.0,2.0,4.0,3.2262029087774415
4.0,3.0,3.0,3.0,2.0,5.0,3.226202901889518
4.0,3.0,3.0,3.0,3.0,1.0,2.5620584656391006
4.0,3.0,3.0,3.0,3.0,2.0,2.9437522222584414
4.0,3.0,3.0,3.0,3.0,3.0,3.17066975545211
4.0,3.0,3.0,3.0,3.0,4.0,3.5335577355913235
4.0,3.0,3.0,3.0,4.0,2.0,2.943752204746705
4.0,3.0,3.0,3.0,4.0,3.0,3.2495819468356593
4.0,3.0,3.0,3.0,4.0,4.0,3.5617496161193167
4.0,3.0,3.0,3.0,4.0,5.0,3.657889542658609
4.0,3.0,3.0,3.0,5.0,3.0,3.329628389663955
4.0,3.0,3.0,3.0,5.0,4.0,3.5617495926634417
4.0,3.0,3.0,3.0,5.0,5.0,3.6578895332014683
4.0,3.0,3.0,4.0,1.0,1.0,2.1507477477251995
4.0,3.0,3.0,4.0,1.0,2.0,2.4232216317467343
4.0,3.0,3.0,4.0,1.0,3.0,2.814079671946608
4.0,3.0,3.0,4.0,1.0,4.0,2.814079663075769
4.0,3.0,3.0,4.0,1.0,5.0,3.0099362262837626
4.0,3.0,3.0,4.0,2.0,1.0,2.562058480184443
4.0,3.0,3.0,4.0,2.0,2.0,2.918481722876943
4.0,3.0,3.0,4.0,2.0,3.0,3.1205353072196815
4.0,3.0,3.0,4.0,2.0,4.0,3.226202890204486
4.0,3.0,3.0,4.0,2.0,5.0,3.5836709849256265
4.0,3.0,3.0,4.0,3.0,2.0,2.943752185702031
4.0,3.0,3.0,4.0,3.0,3.0,3.304289703684689
4.0,3.0,3.0,4.0,3.0,4.0,3.6147196294727633
4.0,3.0,3.0,4.0,3.0,5.0,3.639496501885971
4.0,3.0,3.0,4.0,4.0,1.0,2.6122462506894606
4.0,3.0,3.0,4.0,4.0,2.0,3.0762614805786774
4.0,3.0,3.0,4.0,4.0,3.0,3.343107805122032
4.0,3.0,3.0,4.0,4.0,4.0,3.7343660622871324
4.0,3.0,3.0,4.0,4.0,5.0,3.789791706359345
4.0,3.0,3.0,4.0,5.0,2.0,3.0762614491900035
4.0,3.0,3.0,4.0,5.0,3.0,3.6362404986460657
4.0,3.0,3.0,4.0,5.0,4.0,3.734365969886181
4.0,3.0,3.0,4.0,5.0,5.0,3.811354813430553
4.0,3.0,3.0,5.0,1.0,1.0,2.1507477429289326
4.0,3.0,3.0,5.0,1.0,3.0,2.9642792953765307
4.0,3.0,3.0,5.0,1.0,4.0,3.0687184827082397
4.0,3.0,3.0,5.0,1.0,5.0,3.068718476858892
4.0,3.0,3.0,5.0,2.0,1.0,2.5620584808039437
4.0,3.0,3.0,5.0,2.0,2.0,3.1205353143031083
4.0,3.0,3.0,5.0,2.0,3.0,3.120535298805761
4.0,3.0,3.0,5.0,2.0,4.0,3.226202827905825
4.0,3.0,3.0,5.0,2.0,5.0,3.61905027806306
4.0,3.0,3.0,5.0,3.0,2.0,3.1872442135429737
4.0,3.0,3.0,5.0,3.0,3.0,3.304289688899148
4.0,3.0,3.0,5.0,3.0,4.0,3.6147195481988788
4.0,3.0,3.0,5.0,3.0,5.0,3.63949645973007
4.0,3.0,3.0,5.0,4.0,2.0,3.1872442070193734
4.0,3.0,3.0,5.0,4.0,3.0,3.3991761076140246
4.0,3.0,3.0,5.0,4.0,4.0,3.8510060695934656
4.0,3.0,3.0,5.0,4.0,5.0,3.944952444891595
4.0,3.0,3.0,5.0,5.0,2.0,3.1872442048527216
4.0,3.0,3.0,5.0,5.0,3.0,3.636240476130797
4.0,3.0,3.0,5.0,5.0,4.0,3.9449524408700305
4.0,3.0,3.0,5.0,5.0,5.0,3.9449524311693827
4.0,3.0,4.0,1.0,1.0,1.0,1.5329907763709425
4.0,3.0,4.0,1.0,1.0,2.0,2.0557212274252032
4.0,3.0,4.0,1.0,2.0,1.0,1.9930189609173496
4.0,3.0,4.0,1.0,4.0,5.0,2.5570478760733484
4.0,3.0,4.0,2.0,1.0,2.0,2.4232216548804963
4.0,3.0,4.0,2.0,2.0,1.0,2.051012630679358
4.0,3.0,4.0,2.0,2.0,2.0,2.713559264794341
4.0,3.0,4.0,2.0,2.0,3.0,2.981103860473685
4.0,3.0,4.0,2.0,3.0,1.0,2.066853197397001
4.0,3.0,4.0,2.0,3.0,2.0,2.7938248443061893
4.0,3.0,4.0,2.0,3.0,3.0,2.9853757079128322
4.0,3.0,4.0,2.0,3.0,4.0,3.004689704369175
4.0,3.0,4.0,2.0,4.0,2.0,2.7938248290446817
4.0,3.0,4.0,2.0,4.0,3.0,3.0034848845902435
4.0,3.0,4.0,2.0,4.0,4.0,3.4082576463765757
4.0,3.0,4.0,2.0,5.0,3.0,3.0286255888870377
4.0,3.0,4.0,2.0,5.0,5.0,3.4082576407609544
4.0,3.0,4.0,3.0,1.0,2.0,2.4232216368562742
4.0,3.0,4.0,3.0,1.0,3.0,2.8539410662783546
4.0,3.0,4.0,3.0,2.0,2.0,2.72965785292614
4.0,3.0,4.0,3.0,2.0,3.0,3.238926867767186
4.0,3.0,4.0,3.0,2.0,4.0,3.2810968754472922
4.0,3.0,4.0,3.0,3.0,1.0,2.6543259263711647
4.0,3.0,4.0,3.0,3.0,2.0,2.9437522015822193
4.0,3.0,4.0,3.0,3.0,3.0,3.401540879997945
4.0,3.0,4.0,3.0,3.0,4.0,3.8041475622359853
4.0,3.0,4.0,3.0,4.0,2.0,3.0086752626796174
4.0,3.0,4.0,3.0,4.0,3.0,3.6018236336518386
4.0,3.0,4.0,3.0,4.0,4.0,3.8368326588334467
4.0,3.0,4.0,3.0,4.0,5.0,3.8368326522633827
4.0,3.0,4.0,3.0,5.0,3.0,3.6018235598528596
4.0,3.0,4.0,3.0,5.0,4.0,3.929219549453698
4.0,3.0,4.0,3.0,5.0,5.0,3.9292195272011528
4.0,3.0,4.0,4.0,1.0,2.0,2.4232216294559006
4.0,3.0,4.0,4.0,1.0,3.0,2.8539410456156604
4.0,3.0,4.0,4.0,1.0,4.0,3.2052174116065935
4.0,3.0,4.0,4.0,1.0,5.0,3.390326177342496
4.0,3.0,4.0,4.0,2.0,2.0,3.2211793640300725
4.0,3.0,4.0,4.0,2.0,3.0,3.4882025359389823
4.0,3.0,4.0,4.0,2.0,4.0,3.606077828732997
4.0,3.0,4.0,4.0,2.0,5.0,3.606077810499891
4.0,3.0,4.0,4.0,3.0,2.0,3.3284946190099776
4.0,3.0,4.0,4.0,3.0,3.0,3.570103325357814
4.0,3.0,4.0,4.0,3.0,4.0,3.910436831823675
4.0,3.0,4.0,4.0,3.0,5.0,3.910436832142451
4.0,3.0,4.0,4.0,4.0,2.0,3.328494569547545
4.0,3.0,4.0,4.0,4.0,3.0,3.833556271999974
4.0,3.0,4.0,4.0,4.0,4.0,4.016253763097309
4.0,3.0,4.0,4.0,4.0,5.0,4.0900657449963145
4.0,3.0,4.0,4.0,5.0,3.0,3.833556236231516
4.0,3.0,4.0,4.0,5.0,4.0,4.083755059337277
4.0,3.0,4.0,4.0,5.0,5.0,4.208465699816913
4.0,3.0,4.0,5.0,1.0,4.0,3.2608197131818493
4.0,3.0,4.0,5.0,2.0,3.0,3.4882025257162628
4.0,3.0,4.0,5.0,2.0,4.0,3.6637340629435275
4.0,3.0,4.0,5.0,2.0,5.0,3.827330172909821
4.0,3.0,4.0,5.0,3.0,2.0,3.4507537126623338
4.0,3.0,4.0,5.0,3.0,3.0,3.570103310435179
4.0,3.0,4.0,5.0,3.0,4.0,3.910436830937295
4.0,3.0,4.0,5.0,3.0,5.0,4.068849914034558
4.0,3.0,4.0,5.0,4.0,3.0,3.873023856557982
4.0,3.0,4.0,5.0,4.0,4.0,4.033763846256579
4.0,3.0,4.0,5.0,4.0,5.0,4.090065652747681
4.0,3.0,4.0,5.0,5.0,3.0,3.8730238348097368
4.0,3.0,4.0,5.0,5.0,4.0,4.104065153954623
4.0,3.0,4.0,5.0,5.0,5.0,4.2344399962559285
4.0,3.0,5.0,2.0,2.0,2.0,2.9889936173060097
4.0,3.0,5.0,2.0,2.0,4.0,3.0295150644200626
4.0,3.0,5.0,2.0,3.0,2.0,3.004834179130709
4.0,3.0,5.0,2.0,3.0,3.0,3.0132807605760896
4.0,3.0,5.0,2.0,4.0,3.0,3.0409354896008858
4.0,3.0,5.0,3.0,2.0,3.0,3.5334674210460344
4.0,3.0,5.0,3.0,2.0,4.0,3.606077775389805
4.0,3.0,5.0,3.0,3.0,3.0,3.553078613072041
4.0,3.0,5.0,3.0,3.0,4.0,3.910436848166355
4.0,3.0,5.0,3.0,4.0,3.0,3.723624763769736
4.0,3.0,5.0,3.0,4.0,4.0,3.958127932071981
4.0,3.0,5.0,3.0,4.0,5.0,3.958127898038176
4.0,3.0,5.0,3.0,5.0,3.0,3.7473026843444948
4.0,3.0,5.0,3.0,5.0,4.0,3.9581278861607965
4.0,3.0,5.0,3.0,5.0,5.0,3.9581278639708115
4.0,3.0,5.0,4.0,1.0,3.0,3.0257156362006237
4.0,3.0,5.0,4.0,2.0,2.0,3.339785621723511
4.0,3.0,5.0,4.0,2.0,3.0,3.5334674213500703
4.0,3.0,5.0,4.0,2.0,4.0,3.6060777776114703
4.0,3.0,5.0,4.0,3.0,2.0,3.3397856165452686
4.0,3.0,5.0,4.0,3.0,3.0,3.5701032116153852
4.0,3.0,5.0,4.0,3.0,4.0,3.9104368313781666
4.0,3.0,5.0,4.0,3.0,5.0,3.91043682296362
4.0,3.0,5.0,4.0,4.0,3.0,3.8335562708202087
4.0,3.0,5.0,4.0,4.0,4.0,4.044927734103681
4.0,3.0,5.0,4.0,4.0,5.0,4.273931993763632
4.0,3.0,5.0,4.0,5.0,3.0,3.9966307661015046
4.0,3.0,5.0,4.0,5.0,4.0,4.206042030754436
4.0,3.0,5.0,4.0,5.0,5.0,4.273931978920059
4.0,3.0,5.0,5.0,1.0,4.0,3.2608197066676547
4.0,3.0,5.0,5.0,2.0,3.0,3.7094163790220485
4.0,3.0,5.0,5.0,2.0,4.0,3.7977236561344845
4.0,3.0,5.0,5.0,3.0,1.0,2.6543259342288508
4.0,3.0,5.0,5.0,3.0,2.0,3.4507537020560703
4.0,3.0,5.0,5.0,3.0,3.0,3.873023871689294
4.0,3.0,5.0,5.0,3.0,4.0,4.07636013519216
4.0,3.0,5.0,5.0,3.0,5.0,4.076360108850824
4.0,3.0,5.0,5.0,4.0,3.0,3.8730238454514523
4.0,3.0,5.0,5.0,4.0,4.0,4.076360127557741
4.0,3.0,5.0,5.0,4.0,5.0,4.424230854909918
4.0,3.0,5.0,5.0,5.0,3.0,3.9994224750269596
4.0,3.0,5.0,5.0,5.0,4.0,4.278619599946739
4.0,3.0,5.0,5.0,5.0,5.0,4.451437245033925
4.0,4.0,1.0,1.0,1.0,1.0,1.3632643700238882
4.0,4.0,1.0,1.0,1.0,2.0,1.7109304512631647
4.0,4.0,1.0,1.0,2.0,1.0,1.3632643499236083
4.0,4.0,1.0,1.0,2.0,2.0,1.7964680559303918
4.0,4.0,1.0,1.0,2.0,3.0,2.001458351295619
4.0,4.0,1.0,1.0,3.0,1.0,1.4283690635999051
4.0,4.0,1.0,1.0,3.0,2.0,1.9984325445364943
4.0,4.0,1.0,1.0,3.0,3.0,2.0172989209190355
4.0,4.0,1.0,1.0,4.0,1.0,1.4693071173548042
4.0,4.0,1.0,1.0,5.0,1.0,1.4693071059898126
4.0,4.0,1.0,2.0,1.0,1.0,1.539680612048402
4.0,4.0,1.0,2.0,1.0,2.0,1.7109304490648598
4.0,4.0,1.0,2.0,2.0,1.0,1.8560167831963525
4.0,4.0,1.0,2.0,2.0,2.0,2.1828008119029554
4.0,4.0,1.0,2.0,2.0,4.0,2.587092727962099
4.0,4.0,1.0,2.0,3.0,1.0,1.8925507433981028
4.0,4.0,1.0,2.0,3.0,2.0,2.1828007872228112
4.0,4.0,1.0,2.0,4.0,1.0,1.8992532556765065
4.0,4.0,1.0,2.0,4.0,2.0,2.182800783200528
4.0,4.0,1.0,2.0,4.0,3.0,2.2276476145083293
4.0,4.0,1.0,3.0,1.0,1.0,1.539680556566669
4.0,4.0,1.0,3.0,1.0,2.0,2.0012518712564997
4.0,4.0,1.0,3.0,1.0,3.0,2.050554326395488
4.0,4.0,1.0,3.0,2.0,1.0,1.8925507529270866
4.0,4.0,1.0,3.0,2.0,2.0,2.2375913640042624
4.0,4.0,1.0,3.0,2.0,3.0,2.3348654169141176
4.0,4.0,1.0,3.0,3.0,1.0,1.8925507355128295
4.0,4.0,1.0,3.0,3.0,2.0,2.2375913394081324
4.0,4.0,1.0,3.0,3.0,3.0,2.341822228678744
4.0,4.0,1.0,3.0,3.0,4.0,2.5870927026221913
4.0,4.0,1.0,3.0,4.0,1.0,1.8992532464765204
4.0,4.0,1.0,3.0,4.0,2.0,2.2375913337432363
4.0,4.0,1.0,3.0,4.0,3.0,2.341822225290944
4.0,4.0,1.0,3.0,5.0,1.0,1.8992532294751112
4.0,4.0,1.0,4.0,1.0,1.0,1.5396805043024133
4.0,4.0,1.0,4.0,1.0,2.0,2.050554292299613
4.0,4.0,1.0,4.0,1.0,3.0,2.0505542865751356
4.0,4.0,1.0,4.0,1.0,4.0,2.3827180140705297
4.0,4.0,1.0,4.0,2.0,2.0,2.2375913168517916
4.0,4.0,1.0,4.0,2.0,3.0,2.341822236154474
4.0,4.0,1.0,4.0,2.0,4.0,2.5870927140996707
4.0,4.0,1.0,4.0,3.0,1.0,1.9380894217850015
4.0,4.0,1.0,4.0,3.0,2.0,2.532365812626713
4.0,4.0,1.0,4.0,3.0,3.0,2.532365792783639
4.0,4.0,1.0,4.0,3.0,4.0,2.5870926887286063
4.0,4.0,1.0,4.0,4.0,2.0,2.532365802779264
4.0,4.0,1.0,4.0,4.0,3.0,2.532365796218418
4.0,4.0,1.0,4.0,4.0,4.0,2.8604411786949306
4.0,4.0,1.0,4.0,5.0,4.0,3.3229648446638294
4.0,4.0,1.0,4.0,5.0,5.0,3.322964825664146
4.0,4.0,1.0,5.0,1.0,1.0,1.8504898938801324
4.0,4.0,1.0,5.0,1.0,3.0,2.2651732977114145
4.0,4.0,1.0,5.0,2.0,4.0,2.8134386473191952
4.0,4.0,1.0,5.0,3.0,3.0,2.5323657863059474
4.0,4.0,1.0,5.0,3.0,4.0,2.8134386393026296
4.0,4.0,1.0,5.0,4.0,4.0,3.007573872964859
4.0,4.0,1.0,5.0,4.0,5.0,3.396394200527208
4.0,4.0,1.0,5.0,5.0,5.0,3.3963941835252136
4.0,4.0,2.0,1.0,1.0,1.0,1.5630512803191272
4.0,4.0,2.0,1.0,1.0,2.0,1.7109304283430178
4.0,4.0,2.0,1.0,2.0,1.0,1.9930189950718866
4.0,4.0,2.0,1.0,2.0,2.0,2.001475059773687
4.0,4.0,2.0,1.0,2.0,3.0,2.026535897715695
4.0,4.0,2.0,1.0,2.0,4.0,2.502574755652577
4.0,4.0,2.0,1.0,3.0,1.0,1.9930189806929357
4.0,4.0,2.0,1.0,3.0,2.0,2.0265358946871017
4.0,4.0,2.0,1.0,3.0,3.0,2.026535892127867
4.0,4.0,2.0,1.0,3.0,4.0,2.5025747411828774
4.0,4.0,2.0,1.0,4.0,2.0,2.344940370973595
4.0,4.0,2.0,1.0,4.0,3.0,2.3449403602757033
4.0,4.0,2.0,2.0,1.0,1.0,1.7771696323184178
4.0,4.0,2.0,2.0,1.0,2.0,2.2518676487165994
4.0,4.0,2.0,2.0,1.0,3.0,2.2518676356158336
4.0,4.0,2.0,2.0,2.0,1.0,2.0018848775705473
4.0,4.0,2.0,2.0,2.0,2.0,2.25186763734298
4.0,4.0,2.0,2.0,2.0,3.0,2.5423310321032644
4.0,4.0,2.0,2.0,2.0,5.0,2.9758510817389583
4.0,4.0,2.0,2.0,3.0,1.0,2.0662376214462213
4.0,4.0,2.0,2.0,3.0,2.0,2.4119372286879064
4.0,4.0,2.0,2.0,3.0,3.0,2.560491925740717
4.0,4.0,2.0,2.0,3.0,4.0,2.8966616412147945
4.0,4.0,2.0,2.0,4.0,2.0,2.600201906458649
4.0,4.0,2.0,2.0,4.0,3.0,2.600201901157085
4.0,4.0,2.0,2.0,4.0,4.0,3.158313974501867
4.0,4.0,2.0,2.0,5.0,2.0,2.6732634834681788
4.0,4.0,2.0,2.0,5.0,3.0,2.673263473387937
4.0,4.0,2.0,2.0,5.0,4.0,3.158313964105671
4.0,4.0,2.0,3.0,1.0,1.0,2.0662376271664376
4.0,4.0,2.0,3.0,1.0,2.0,2.3200449811569146
4.0,4.0,2.0,3.0,1.0,3.0,2.382718041848228
4.0,4.0,2.0,3.0,1.0,4.0,2.3827180194151953
4.0,4.0,2.0,3.0,2.0,1.0,2.4780882353903904
4.0,4.0,2.0,3.0,2.0,2.0,2.5599126499438043
4.0,4.0,2.0,3.0,2.0,3.0,2.88278714641628
4.0,4.0,2.0,3.0,2.0,4.0,2.8827871309746254
4.0,4.0,2.0,3.0,3.0,1.0,2.4780882080531166
4.0,4.0,2.0,3.0,3.0,2.0,2.632364147882544
4.0,4.0,2.0,3.0,3.0,3.0,2.8827871490653916
4.0,4.0,2.0,3.0,3.0,4.0,2.8966616404849437
4.0,4.0,2.0,3.0,4.0,1.0,2.584327861763223
4.0,4.0,2.0,3.0,4.0,2.0,2.7509383654811073
4.0,4.0,2.0,3.0,4.0,3.0,3.0625569055845254
4.0,4.0,2.0,3.0,4.0,4.0,3.3482974267630374
4.0,4.0,2.0,3.0,5.0,3.0,3.06255688001309
4.0,4.0,2.0,3.0,5.0,4.0,3.3482974140952004
4.0,4.0,2.0,4.0,1.0,1.0,2.150580292723581
4.0,4.0,2.0,4.0,1.0,2.0,2.33518654983003
4.0,4.0,2.0,4.0,1.0,3.0,2.382718031414455
4.0,4.0,2.0,4.0,1.0,4.0,2.382718003874882
4.0,4.0,2.0,4.0,1.0,5.0,2.6058018475867946
4.0,4.0,2.0,4.0,2.0,2.0,2.5599126387111735
4.0,4.0,2.0,4.0,2.0,3.0,2.936781940942505
4.0,4.0,2.0,4.0,2.0,4.0,3.2668907158852316
4.0,4.0,2.0,4.0,3.0,1.0,2.4780881960781014
4.0,4.0,2.0,4.0,3.0,2.0,2.7509383301560977
4.0,4.0,2.0,4.0,3.0,3.0,2.9367819400132613
4.0,4.0,2.0,4.0,3.0,4.0,3.2668907371171425
4.0,4.0,2.0,4.0,3.0,5.0,3.2668906947216567
4.0,4.0,2.0,4.0,4.0,2.0,2.7509383009612725
4.0,4.0,2.0,4.0,4.0,3.0,3.0625568933628853
4.0,4.0,2.0,4.0,4.0,4.0,3.348297433157556
4.0,4.0,2.0,4.0,4.0,5.0,3.4536253138637045
4.0,4.0,2.0,4.0,5.0,2.0,3.0625568921218527
4.0,4.0,2.0,4.0,5.0,3.0,3.062556888814512
4.0,4.0,2.0,4.0,5.0,4.0,3.593233368072558
4.0,4.0,2.0,4.0,5.0,5.0,3.7837501765360306
4.0,4.0,2.0,5.0,1.0,1.0,2.5800793542070535
4.0,4.0,2.0,5.0,1.0,3.0,2.8063607187731274
4.0,4.0,2.0,5.0,1.0,4.0,2.9515923867249065
4.0,4.0,2.0,5.0,2.0,1.0,2.702812498728836
4.0,4.0,2.0,5.0,2.0,2.0,2.750938328647423
4.0,4.0,2.0,5.0,2.0,3.0,2.9367819351407514
4.0,4.0,2.0,5.0,3.0,2.0,2.750938314916341
4.0,4.0,2.0,5.0,3.0,3.0,3.109316124829324
4.0,4.0,2.0,5.0,3.0,4.0,3.266890658859862
4.0,4.0,2.0,5.0,3.0,5.0,3.2668906616588713
4.0,4.0,2.0,5.0,4.0,3.0,3.2436082017768753
4.0,4.0,2.0,5.0,4.0,4.0,3.453083079614765
4.0,4.0,2.0,5.0,4.0,5.0,3.45362525081485
4.0,4.0,2.0,5.0,5.0,1.0,2.9907825169686713
4.0,4.0,2.0,5.0,5.0,2.0,3.0625568932300373
4.0,4.0,2.0,5.0,5.0,3.0,3.299406674905042
4.0,4.0,2.0,5.0,5.0,4.0,3.662918189897995
4.0,4.0,2.0,5.0,5.0,5.0,3.992913789678088
4.0,4.0,3.0,1.0,1.0,1.0,1.5630512800889658
4.0,4.0,3.0,1.0,1.0,2.0,1.8522515419689465
4.0,4.0,3.0,1.0,1.0,3.0,2.3173928065215006
4.0,4.0,3.0,1.0,2.0,1.0,1.9930189565646699
4.0,4.0,3.0,1.0,2.0,2.0,2.0955183480368444
4.0,4.0,3.0,1.0,2.0,3.0,2.317392759194484
4.0,4.0,3.0,1.0,3.0,1.0,1.9930189684009152
4.0,4.0,3.0,1.0,3.0,2.0,2.1672095119605803
4.0,4.0,3.0,1.0,3.0,3.0,2.4092059828094743
4.0,4.0,3.0,1.0,4.0,1.0,2.439864531084657
4.0,4.0,3.0,1.0,4.0,2.0,2.702812501590393
4.0,4.0,3.0,1.0,4.0,3.0,2.702812476679848
4.0,4.0,3.0,1.0,4.0,4.0,2.8365779072808066
4.0,4.0,3.0,2.0,1.0,1.0,2.2518676411657
4.0,4.0,3.0,2.0,1.0,2.0,2.2518676445973274
4.0,4.0,3.0,2.0,1.0,3.0,2.570634349717146
4.0,4.0,3.0,2.0,1.0,4.0,2.804009614403759
4.0,4.0,3.0,2.0,2.0,2.0,2.618264703971736
4.0,4.0,3.0,2.0,2.0,3.0,2.8256762858885613
4.0,4.0,3.0,2.0,2.0,4.0,2.991395263575338
4.0,4.0,3.0,2.0,3.0,2.0,2.7454835280071714
4.0,4.0,3.0,2.0,3.0,3.0,2.9523302923574497
4.0,4.0,3.0,2.0,3.0,4.0,3.123884606141152
4.0,4.0,3.0,2.0,3.0,5.0,3.1238845997756983
4.0,4.0,3.0,2.0,4.0,2.0,2.8327126227460746
4.0,4.0,3.0,2.0,4.0,3.0,2.9841404898446977
4.0,4.0,3.0,2.0,4.0,4.0,3.3418015885136767
4.0,4.0,3.0,2.0,5.0,3.0,3.2431803980333553
4.0,4.0,3.0,2.0,5.0,4.0,3.5917694305045127
4.0,4.0,3.0,3.0,1.0,1.0,2.523278521397771
4.0,4.0,3.0,3.0,1.0,2.0,2.729657842875788
4.0,4.0,3.0,3.0,1.0,3.0,2.799016230039623
4.0,4.0,3.0,3.0,1.0,4.0,2.833784189813055
4.0,4.0,3.0,3.0,2.0,1.0,2.562058439366312
4.0,4.0,3.0,3.0,2.0,2.0,2.7296578500336066
4.0,4.0,3.0,3.0,2.0,3.0,3.070956222542164
4.0,4.0,3.0,3.0,2.0,4.0,3.266890721170074
4.0,4.0,3.0,3.0,3.0,1.0,2.562058437382976
4.0,4.0,3.0,3.0,3.0,2.0,2.9437522074478664
4.0,4.0,3.0,3.0,3.0,3.0,3.3078919473457056
4.0,4.0,3.0,3.0,3.0,4.0,3.6686590008505564
4.0,4.0,3.0,3.0,4.0,2.0,2.9437522043291917
4.0,4.0,3.0,3.0,4.0,3.0,3.3666698126727344
4.0,4.0,3.0,3.0,4.0,4.0,3.688834767334667
4.0,4.0,3.0,3.0,4.0,5.0,3.8015209325294954
4.0,4.0,3.0,3.0,5.0,1.0,2.5843278538362537
4.0,4.0,3.0,3.0,5.0,3.0,3.3905236617849757
4.0,4.0,3.0,3.0,5.0,4.0,3.780712282425405
4.0,4.0,3.0,3.0,5.0,5.0,3.8015209015021085
4.0,4.0,3.0,4.0,1.0,1.0,2.523278475894218
4.0,4.0,3.0,4.0,1.0,2.0,2.7510422758988495
4.0,4.0,3.0,4.0,1.0,3.0,2.8896252014648502
4.0,4.0,3.0,4.0,1.0,4.0,3.0402093545968447
4.0,4.0,3.0,4.0,1.0,5.0,3.0402093512899833
4.0,4.0,3.0,4.0,2.0,1.0,2.562058435624174
4.0,4.0,3.0,4.0,2.0,2.0,2.918481711624382
4.0,4.0,3.0,4.0,2.0,3.0,3.213727257881723
4.0,4.0,3.0,4.0,2.0,4.0,3.5091592853421223
4.0,4.0,3.0,4.0,2.0,5.0,3.5836709768233463
4.0,4.0,3.0,4.0,3.0,1.0,2.5620584286739168
4.0,4.0,3.0,4.0,3.0,2.0,3.0365095263032766
4.0,4.0,3.0,4.0,3.0,3.0,3.3683064704499452
4.0,4.0,3.0,4.0,3.0,4.0,3.7879290437354194
4.0,4.0,3.0,4.0,3.0,5.0,3.943294734328298
4.0,4.0,3.0,4.0,4.0,1.0,3.0080737084265903
4.0,4.0,3.0,4.0,4.0,2.0,3.2436082277254306
4.0,4.0,3.0,4.0,4.0,3.0,3.5541650890545307
4.0,4.0,3.0,4.0,4.0,4.0,3.8949741024714184
4.0,4.0,3.0,4.0,4.0,5.0,3.943294733203842
4.0,4.0,3.0,4.0,5.0,2.0,3.2436082219812636
4.0,4.0,3.0,4.0,5.0,3.0,3.6362404623246913
4.0,4.0,3.0,4.0,5.0,4.0,3.9383160574145344
4.0,4.0,3.0,4.0,5.0,5.0,4.022495339748974
4.0,4.0,3.0,5.0,1.0,1.0,2.580079354334345
4.0,4.0,3.0,5.0,1.0,2.0,2.9642792813016943
4.0,4.0,3.0,5.0,1.0,3.0,2.9642792880432856
4.0,4.0,3.0,5.0,1.0,4.0,3.06871847373322
4.0,4.0,3.0,5.0,1.0,5.0,3.2889171076381887
4.0,4.0,3.0,5.0,2.0,2.0,3.2466478732932362
4.0,4.0,3.0,5.0,2.0,3.0,3.248546663638771
4.0,4.0,3.0,5.0,2.0,4.0,3.5091592454308502
4.0,4.0,3.0,5.0,2.0,5.0,3.6190502728960796
4.0,4.0,3.0,5.0,3.0,2.0,3.2466478613768657
4.0,4.0,3.0,5.0,3.0,3.0,3.418685358710642
4.0,4.0,3.0,5.0,3.0,4.0,3.7879289761748063
4.0,4.0,3.0,5.0,3.0,5.0,3.943294722126502
4.0,4.0,3.0,5.0,4.0,2.0,3.2466478584140384
4.0,4.0,3.0,5.0,4.0,3.0,3.5744429383355922
4.0,4.0,3.0,5.0,4.0,4.0,3.9589291480858457
4.0,4.0,3.0,5.0,4.0,5.0,4.116783210350397
4.0,4.0,3.0,5.0,5.0,2.0,3.2466478513820456
4.0,4.0,3.0,5.0,5.0,3.0,3.6362404662396512
4.0,4.0,3.0,5.0,5.0,4.0,3.9589290580159098
4.0,4.0,3.0,5.0,5.0,5.0,4.178924872698973
4.0,4.0,4.0,1.0,1.0,1.0,1.8524817269106937
4.0,4.0,4.0,1.0,1.0,2.0,2.0955183623075095
4.0,4.0,4.0,1.0,2.0,2.0,2.0955183360792073
4.0,4.0,4.0,1.0,2.0,3.0,2.618911933433718
4.0,4.0,4.0,1.0,3.0,1.0,1.9930189608371733
4.0,4.0,4.0,1.0,3.0,3.0,2.802941047403426
4.0,4.0,4.0,1.0,3.0,4.0,3.0103203881315816
4.0,4.0,4.0,1.0,4.0,2.0,2.860477662710848
4.0,4.0,4.0,1.0,4.0,3.0,3.0071606611891015
4.0,4.0,4.0,1.0,4.0,4.0,3.010320389922816
4.0,4.0,4.0,2.0,1.0,2.0,2.6189119169534085
4.0,4.0,4.0,2.0,1.0,3.0,2.6189118959983966
4.0,4.0,4.0,2.0,2.0,1.0,2.2518676125010706
4.0,4.0,4.0,2.0,2.0,2.0,2.713559246045525
4.0,4.0,4.0,2.0,2.0,3.0,3.094349667319408
4.0,4.0,4.0,2.0,2.0,4.0,3.0943496584189623
4.0,4.0,4.0,2.0,2.0,5.0,3.094349653799001
4.0,4.0,4.0,2.0,3.0,1.0,2.251867605923965
4.0,4.0,4.0,2.0,3.0,2.0,2.793824835836843
4.0,4.0,4.0,2.0,3.0,3.0,3.243180421346708
4.0,4.0,4.0,2.0,3.0,4.0,3.2500338682014953
4.0,4.0,4.0,2.0,3.0,5.0,3.591769440664554
4.0,4.0,4.0,2.0,4.0,2.0,2.860477655232772
4.0,4.0,4.0,2.0,4.0,3.0,3.243180414588795
4.0,4.0,4.0,2.0,4.0,4.0,3.591769489370139
4.0,4.0,4.0,2.0,5.0,3.0,3.243180398710601
4.0,4.0,4.0,2.0,5.0,4.0,3.591769444174229
4.0,4.0,4.0,2.0,5.0,5.0,3.591769432360247
4.0,4.0,4.0,3.0,1.0,1.0,2.5232784956328778
4.0,4.0,4.0,3.0,1.0,2.0,2.729657835779368
4.0,4.0,4.0,3.0,1.0,3.0,2.853941057642824
4.0,4.0,4.0,3.0,1.0,4.0,3.354946182649891
4.0,4.0,4.0,3.0,2.0,2.0,2.99855770140239
4.0,4.0,4.0,3.0,2.0,3.0,3.23892680975857
4.0,4.0,4.0,3.0,2.0,4.0,3.452306768628144
4.0,4.0,4.0,3.0,2.0,5.0,3.698929692862425
4.0,4.0,4.0,3.0,3.0,2.0,3.0002879107415925
4.0,4.0,4.0,3.0,3.0,3.0,3.5328942207641405
4.0,4.0,4.0,3.0,3.0,4.0,3.804147509673931
4.0,4.0,4.0,3.0,3.0,5.0,3.8041474742523036
4.0,4.0,4.0,3.0,4.0,1.0,2.6543258591016747
4.0,4.0,4.0,3.0,4.0,2.0,3.1527177932041854
4.0,4.0,4.0,3.0,4.0,3.0,3.6018236259800434
4.0,4.0,4.0,3.0,4.0,4.0,3.9605257326805043
4.0,4.0,4.0,3.0,4.0,5.0,4.105139434366685
4.0,4.0,4.0,3.0,5.0,3.0,3.601823562904075
4.0,4.0,4.0,3.0,5.0,4.0,3.9994556059485027
4.0,4.0,4.0,3.0,5.0,5.0,4.105139418125538
4.0,4.0,4.0,4.0,1.0,1.0,2.523278470917289
4.0,4.0,4.0,4.0,1.0,2.0,2.88962514926864
4.0,4.0,4.0,4.0,1.0,3.0,2.8896251619313196
4.0,4.0,4.0,4.0,1.0,4.0,3.3549461644021075
4.0,4.0,4.0,4.0,1.0,5.0,3.3903261579330515
4.0,4.0,4.0,4.0,2.0,2.0,3.2211793378835574
4.0,4.0,4.0,4.0,2.0,3.0,3.4882025269431307
4.0,4.0,4.0,4.0,2.0,4.0,3.6060778051669358
4.0,4.0,4.0,4.0,2.0,5.0,3.698929691956437
4.0,4.0,4.0,4.0,3.0,1.0,2.7309007699929153
4.0,4.0,4.0,4.0,3.0,2.0,3.358913708137607
4.0,4.0,4.0,4.0,3.0,3.0,3.7714328067195226
4.0,4.0,4.0,4.0,3.0,4.0,3.964884882608068
4.0,4.0,4.0,4.0,3.0,5.0,4.20047107503516
4.0,4.0,4.0,4.0,4.0,1.0,3.0218243636602784
4.0,4.0,4.0,4.0,4.0,2.0,3.358913690534821
4.0,4.0,4.0,4.0,4.0,3.0,3.871748774414584
4.0,4.0,4.0,4.0,4.0,4.0,4.080793913852725
4.0,4.0,4.0,4.0,4.0,5.0,4.200969402491088
4.0,4.0,4.0,4.0,5.0,3.0,3.871748746642195
4.0,4.0,4.0,4.0,5.0,4.0,4.121263405107948
4.0,4.0,4.0,4.0,5.0,5.0,4.293102652183857
4.0,4.0,4.0,5.0,1.0,2.0,3.0014328535435713
4.0,4.0,4.0,5.0,1.0,4.0,3.3549461549148085
4.0,4.0,4.0,5.0,1.0,5.0,3.396269747900837
4.0,4.0,4.0,5.0,2.0,2.0,3.3252080318771795
4.0,4.0,4.0,5.0,2.0,3.0,3.488202505028601
4.0,4.0,4.0,5.0,2.0,4.0,3.679340105011619
4.0,4.0,4.0,5.0,2.0,5.0,3.827330161920475
4.0,4.0,4.0,5.0,3.0,2.0,3.450753688163649
4.0,4.0,4.0,5.0,3.0,3.0,3.7714327864216948
4.0,4.0,4.0,5.0,3.0,4.0,3.9996155094208445
4.0,4.0,4.0,5.0,3.0,5.0,4.200471032078564
4.0,4.0,4.0,5.0,4.0,2.0,3.4507536744998855
4.0,4.0,4.0,5.0,4.0,3.0,4.012370727856752
4.0,4.0,4.0,5.0,4.0,4.0,4.143305844339494
4.0,4.0,4.0,5.0,4.0,5.0,4.31857585001662
4.0,4.0,4.0,5.0,5.0,1.0,3.874827231854309
4.0,4.0,4.0,5.0,5.0,3.0,4.012370717600805
4.0,4.0,4.0,5.0,5.0,4.0,4.187741002764047
4.0,4.0,4.0,5.0,5.0,5.0,4.467095512529573
4.0,4.0,5.0,1.0,2.0,3.0,3.0036299347094397
4.0,4.0,5.0,2.0,1.0,3.0,3.00394033739293
4.0,4.0,5.0,2.0,2.0,3.0,3.094349656205124
4.0,4.0,5.0,2.0,4.0,3.0,3.243180381713845
4.0,4.0,5.0,2.0,4.0,4.0,3.74697445160272
4.0,4.0,5.0,2.0,5.0,3.0,3.24318038303906
4.0,4.0,5.0,3.0,1.0,2.0,2.8896250779684665
4.0,4.0,5.0,3.0,1.0,3.0,3.274687894868161
4.0,4.0,5.0,3.0,2.0,2.0,3.339785616194278
4.0,4.0,5.0,3.0,2.0,3.0,3.5334673924200435
4.0,4.0,5.0,3.0,2.0,4.0,3.6060777624535403
4.0,4.0,5.0,3.0,2.0,5.0,3.749414712745423
4.0,4.0,5.0,3.0,3.0,1.0,3.339785618139761
4.0,4.0,5.0,3.0,3.0,2.0,3.339785610529125
4.0,4.0,5.0,3.0,3.0,3.0,3.774920000795878
4.0,4.0,5.0,3.0,3.0,4.0,3.9353042316109197
4.0,4.0,5.0,3.0,3.0,5.0,4.246705543623936
4.0,4.0,5.0,3.0,4.0,3.0,3.9304276319498
4.0,4.0,5.0,3.0,4.0,4.0,4.014380956938957
4.0,4.0,5.0,3.0,4.0,5.0,4.246705532780303
4.0,4.0,5.0,3.0,5.0,3.0,3.9304275948292613
4.0,4.0,5.0,3.0,5.0,4.0,4.0143809162816515
4.0,4.0,5.0,3.0,5.0,5.0,4.331611752784631
4.0,4.0,5.0,4.0,1.0,3.0,3.274687887294109
4.0,4.0,5.0,4.0,1.0,4.0,3.3549460071482433
4.0,4.0,5.0,4.0,1.0,5.0,3.3962697344378645
4.0,4.0,5.0,4.0,2.0,3.0,3.6226565616979283
4.0,4.0,5.0,4.0,2.0,4.0,3.8443467666085223
4.0,4.0,5.0,4.0,2.0,5.0,3.9821741384914624
4.0,4.0,5.0,4.0,3.0,2.0,3.3589136908972685
4.0,4.0,5.0,4.0,3.0,3.0,3.7749199899693346
4.0,4.0,5.0,4.0,3.0,4.0,4.118732166654896
4.0,4.0,5.0,4.0,3.0,5.0,4.24670553800998
4.0,4.0,5.0,4.0,4.0,2.0,3.35891368520245
4.0,4.0,5.0,4.0,4.0,3.0,3.992204478272721
4.0,4.0,5.0,4.0,4.0,4.0,4.144249845868987
4.0,4.0,5.0,4.0,4.0,5.0,4.459208303055021
4.0,4.0,5.0,4.0,5.0,3.0,3.9992893364377378
4.0,4.0,5.0,4.0,5.0,4.0,4.206042001296629
4.0,4.0,5.0,4.0,5.0,5.0,4.4592082735840926
4.0,4.0,5.0,5.0,1.0,4.0,3.3962697255203276
4.0,4.0,5.0,5.0,1.0,5.0,3.3962697183537447
4.0,4.0,5.0,5.0,2.0,1.0,3.0277122407383446
4.0,4.0,5.0,5.0,2.0,3.0,3.7094163684477004
4.0,4.0,5.0,5.0,2.0,4.0,3.856170868680999
4.0,4.0,5.0,5.0,2.0,5.0,3.999113600499157
4.0,4.0,5.0,5.0,3.0,2.0,3.6375428670399432
4.0,4.0,5.0,5.0,3.0,3.0,4.010336655030057
4.0,4.0,5.0,5.0,3.0,4.0,4.147129242469571
4.0,4.0,5.0,5.0,3.0,5.0,4.246705517509856
4.0,4.0,5.0,5.0,4.0,3.0,4.044665215315224
4.0,4.0,5.0,5.0,4.0,4.0,4.298087094351127
4.0,4.0,5.0,5.0,4.0,5.0,4.5873492550895145
4.0,4.0,5.0,5.0,5.0,3.0,4.172087628670583
4.0,4.0,5.0,5.0,5.0,4.0,4.422217393671933
4.0,4.0,5.0,5.0,5.0,5.0,4.611977354689028
4.0,5.0,1.0,1.0,1.0,1.0,1.3632643223551417
4.0,5.0,1.0,1.0,1.0,2.0,1.7109304309444981
4.0,5.0,1.0,1.0,1.0,3.0,1.7964680734990235
4.0,5.0,1.0,1.0,2.0,1.0,1.4283690548124333
4.0,5.0,1.0,1.0,2.0,3.0,2.011984968579562
4.0,5.0,1.0,1.0,3.0,1.0,1.4283690464245642
4.0,5.0,1.0,1.0,3.0,3.0,2.0505541754310133
4.0,5.0,1.0,1.0,4.0,3.0,2.050554150485209
4.0,5.0,1.0,1.0,5.0,1.0,2.05055413245364
4.0,5.0,1.0,1.0,5.0,3.0,2.050554129698878
4.0,5.0,1.0,2.0,1.0,1.0,1.5770222315217357
4.0,5.0,1.0,2.0,1.0,2.0,1.9920346488951428
4.0,5.0,1.0,2.0,1.0,3.0,2.012295381104276
4.0,5.0,1.0,2.0,3.0,2.0,2.19857029111901
4.0,5.0,1.0,2.0,3.0,3.0,2.1985702788772765
4.0,5.0,1.0,2.0,4.0,3.0,2.2276475680779715
4.0,5.0,1.0,2.0,5.0,1.0,2.0505541009887676
4.0,5.0,1.0,2.0,5.0,3.0,2.227647530348675
4.0,5.0,1.0,3.0,1.0,1.0,1.5770222118783506
4.0,5.0,1.0,3.0,1.0,2.0,2.0012518395229533
4.0,5.0,1.0,3.0,1.0,3.0,2.0505542915922597
4.0,5.0,1.0,3.0,2.0,3.0,2.3348654048266004
4.0,5.0,1.0,3.0,3.0,1.0,2.0602670564757135
4.0,5.0,1.0,3.0,3.0,2.0,2.346827431759683
4.0,5.0,1.0,3.0,3.0,3.0,2.5870926846874878
4.0,5.0,1.0,3.0,3.0,4.0,2.587092683148488
4.0,5.0,1.0,3.0,3.0,5.0,2.813438604481488
4.0,5.0,1.0,3.0,4.0,2.0,2.6633279302456137
4.0,5.0,1.0,3.0,4.0,3.0,2.860441140440305
4.0,5.0,1.0,3.0,4.0,4.0,2.860441140696469
4.0,5.0,1.0,4.0,1.0,1.0,1.5770222091245127
4.0,5.0,1.0,4.0,1.0,2.0,2.0505542756832456
4.0,5.0,1.0,4.0,1.0,3.0,2.050554261653051
4.0,5.0,1.0,4.0,2.0,1.0,2.019916422856079
4.0,5.0,1.0,4.0,2.0,2.0,2.2375912845498425
4.0,5.0,1.0,4.0,2.0,3.0,2.608687168188546
4.0,5.0,1.0,4.0,3.0,3.0,2.8134386328276886
4.0,5.0,1.0,4.0,3.0,5.0,2.8134386015672974
4.0,5.0,1.0,4.0,4.0,3.0,2.860441138590764
4.0,5.0,1.0,4.0,4.0,4.0,2.8604411342509377
4.0,5.0,1.0,4.0,4.0,5.0,2.8604410769023025
4.0,5.0,1.0,4.0,5.0,1.0,2.663327932362189
4.0,5.0,1.0,4.0,5.0,2.0,2.6633279216470696
4.0,5.0,1.0,4.0,5.0,3.0,2.9975293543424617
4.0,5.0,1.0,4.0,5.0,5.0,3.3229647815862418
4.0,5.0,1.0,5.0,1.0,3.0,2.5870927627052143
4.0,5.0,1.0,5.0,2.0,1.0,2.0602670762638646
4.0,5.0,1.0,5.0,2.0,3.0,2.6086871504840987
4.0,5.0,1.0,5.0,3.0,5.0,2.8134385932091748
4.0,5.0,1.0,5.0,4.0,2.0,3.1945348258478594
4.0,5.0,1.0,5.0,4.0,5.0,3.716339283330246
4.0,5.0,1.0,5.0,5.0,3.0,3.194534808324081
4.0,5.0,1.0,5.0,5.0,5.0,3.7163392790021295
4.0,5.0,2.0,1.0,1.0,1.0,1.5630512780870742
4.0,5.0,2.0,1.0,2.0,1.0,1.9930189766259943
4.0,5.0,2.0,1.0,2.0,2.0,2.0105181150314166
4.0,5.0,2.0,1.0,2.0,3.0,2.0401354766943753
4.0,5.0,2.0,1.0,2.0,4.0,2.949965952755228
4.0,5.0,2.0,1.0,3.0,1.0,1.9930189730296317
4.0,5.0,2.0,1.0,3.0,2.0,2.0265358863203926
4.0,5.0,2.0,1.0,3.0,3.0,2.659368419471038
4.0,5.0,2.0,1.0,4.0,1.0,2.3437624404541113
4.0,5.0,2.0,1.0,4.0,2.0,2.7028124417529233
4.0,5.0,2.0,1.0,5.0,1.0,2.343762421479527
4.0,5.0,2.0,1.0,5.0,3.0,2.70281243264798
4.0,5.0,2.0,2.0,1.0,1.0,2.0662376066826336
4.0,5.0,2.0,2.0,1.0,2.0,2.2518676442416616
4.0,5.0,2.0,2.0,1.0,3.0,2.605801924107657
4.0,5.0,2.0,2.0,2.0,2.0,2.3331893517023428
4.0,5.0,2.0,2.0,2.0,3.0,2.65936843723233
4.0,5.0,2.0,2.0,3.0,1.0,2.0662375950280736
4.0,5.0,2.0,2.0,3.0,2.0,2.4119371668159766
4.0,5.0,2.0,2.0,3.0,3.0,2.6593684149126338
4.0,5.0,2.0,2.0,3.0,4.0,2.9904515391606625
4.0,5.0,2.0,2.0,4.0,2.0,2.7028124365145616
4.0,5.0,2.0,2.0,4.0,3.0,2.780208233539664
4.0,5.0,2.0,2.0,5.0,1.0,2.343762412453597
4.0,5.0,2.0,2.0,5.0,2.0,2.7028124172756987
4.0,5.0,2.0,2.0,5.0,3.0,2.7802082075527
4.0,5.0,2.0,2.0,5.0,5.0,3.5535703393246525
4.0,5.0,2.0,3.0,1.0,2.0,2.4058598565950846
4.0,5.0,2.0,3.0,1.0,3.0,2.605801902682699
4.0,5.0,2.0,3.0,2.0,2.0,2.632364145773481
4.0,5.0,2.0,3.0,2.0,3.0,2.882787140661957
4.0,5.0,2.0,3.0,2.0,4.0,3.266890711331014
4.0,5.0,2.0,3.0,3.0,1.0,2.4780881877925385
4.0,5.0,2.0,3.0,3.0,2.0,2.632364140775054
4.0,5.0,2.0,3.0,3.0,3.0,2.882787136417153
4.0,5.0,2.0,3.0,3.0,4.0,3.26689070201073
4.0,5.0,2.0,3.0,3.0,5.0,3.372224244803529
4.0,5.0,2.0,3.0,4.0,2.0,2.7890494896048668
4.0,5.0,2.0,3.0,4.0,3.0,3.0625568629092785
4.0,5.0,2.0,3.0,4.0,4.0,3.3482973910847305
4.0,5.0,2.0,3.0,5.0,2.0,3.062556896321417
4.0,5.0,2.0,3.0,5.0,3.0,3.062556867104119
4.0,5.0,2.0,3.0,5.0,4.0,3.3482973839754653
4.0,5.0,2.0,4.0,1.0,2.0,2.4058598520129024
4.0,5.0,2.0,4.0,1.0,3.0,2.605801891332373
4.0,5.0,2.0,4.0,1.0,4.0,2.60580185976661
4.0,5.0,2.0,4.0,1.0,5.0,2.6058018351875947
4.0,5.0,2.0,4.0,2.0,1.0,2.5620584337211514
4.0,5.0,2.0,4.0,2.0,2.0,2.6634624000096827
4.0,5.0,2.0,4.0,2.0,3.0,2.9367819363664163
4.0,5.0,2.0,4.0,2.0,4.0,3.2668906877083725
4.0,5.0,2.0,4.0,3.0,1.0,2.58432779821363
4.0,5.0,2.0,4.0,3.0,2.0,2.7509383178950366
4.0,5.0,2.0,4.0,3.0,3.0,3.102717651516377
4.0,5.0,2.0,4.0,3.0,4.0,3.26689068369273
4.0,5.0,2.0,4.0,3.0,5.0,3.372224230857314
4.0,5.0,2.0,4.0,4.0,2.0,2.997159366041439
4.0,5.0,2.0,4.0,4.0,3.0,3.102717649418189
4.0,5.0,2.0,4.0,4.0,4.0,3.6041163777835
4.0,5.0,2.0,4.0,4.0,5.0,3.7163392978937537
4.0,5.0,2.0,4.0,5.0,3.0,3.2494745510485514
4.0,5.0,2.0,4.0,5.0,4.0,3.6629181981264254
4.0,5.0,2.0,4.0,5.0,5.0,4.134698696028901
4.0,5.0,2.0,5.0,1.0,2.0,2.798344047182207
4.0,5.0,2.0,5.0,1.0,3.0,2.8063607143811016
4.0,5.0,2.0,5.0,1.0,5.0,2.9515923671775917
4.0,5.0,2.0,5.0,2.0,1.0,2.7028124861602385
4.0,5.0,2.0,5.0,2.0,3.0,2.9367819055552618
4.0,5.0,2.0,5.0,2.0,4.0,3.2668906598742398
4.0,5.0,2.0,5.0,2.0,5.0,3.266890632625377
4.0,5.0,2.0,5.0,3.0,1.0,2.7173686738509826
4.0,5.0,2.0,5.0,3.0,2.0,2.7983440433694886
4.0,5.0,2.0,5.0,3.0,3.0,3.1093161155120916
4.0,5.0,2.0,5.0,3.0,4.0,3.2668906637519917
4.0,5.0,2.0,5.0,3.0,5.0,3.37222421986155
4.0,5.0,2.0,5.0,4.0,1.0,2.717368652406539
4.0,5.0,2.0,5.0,4.0,2.0,3.243608202613953
4.0,5.0,2.0,5.0,4.0,3.0,3.2436081714588303
4.0,5.0,2.0,5.0,4.0,4.0,3.6041163556814255
4.0,5.0,2.0,5.0,4.0,5.0,3.716339283146575
4.0,5.0,2.0,5.0,5.0,2.0,3.243608199277666
4.0,5.0,2.0,5.0,5.0,3.0,3.2994066447502055
4.0,5.0,2.0,5.0,5.0,4.0,3.6629181682390537
4.0,5.0,2.0,5.0,5.0,5.0,4.1346986903119936
4.0,5.0,3.0,1.0,1.0,1.0,1.5630512740884186
4.0,5.0,3.0,1.0,1.0,2.0,2.095518249131033
4.0,5.0,3.0,1.0,1.0,3.0,2.551247654385601
4.0,5.0,3.0,1.0,2.0,1.0,1.9930189625663475
4.0,5.0,3.0,1.0,2.0,2.0,2.5512476556236043
4.0,5.0,3.0,1.0,2.0,3.0,2.551247645350388
4.0,5.0,3.0,1.0,3.0,1.0,1.99301896311784
4.0,5.0,3.0,1.0,3.0,2.0,2.5512476644336743
4.0,5.0,3.0,1.0,3.0,3.0,2.702812456821532
4.0,5.0,3.0,1.0,3.0,4.0,3.0018772867836856
4.0,5.0,3.0,1.0,4.0,3.0,2.7028124476941437
4.0,5.0,3.0,1.0,4.0,4.0,3.001877257505357
4.0,5.0,3.0,1.0,5.0,1.0,2.7028124154938786
4.0,5.0,3.0,2.0,1.0,2.0,2.498785571139263
4.0,5.0,3.0,2.0,1.0,3.0,2.665744495874741
4.0,5.0,3.0,2.0,1.0,4.0,2.8040096081879073
4.0,5.0,3.0,2.0,2.0,2.0,2.6189119897300426
4.0,5.0,3.0,2.0,2.0,3.0,2.825676229952694
4.0,5.0,3.0,2.0,2.0,4.0,2.9979372680545215
4.0,5.0,3.0,2.0,2.0,5.0,3.014528111560488
4.0,5.0,3.0,2.0,3.0,1.0,2.5749587339974775
4.0,5.0,3.0,2.0,3.0,2.0,2.8573335051774147
4.0,5.0,3.0,2.0,3.0,3.0,2.952330224350922
4.0,5.0,3.0,2.0,3.0,4.0,3.454063599950917
4.0,5.0,3.0,2.0,3.0,5.0,3.4540635796920145
4.0,5.0,3.0,2.0,4.0,2.0,2.953816205833405
4.0,5.0,3.0,2.0,4.0,3.0,2.9841404317875755
4.0,5.0,3.0,2.0,4.0,4.0,3.454063588062958
4.0,5.0,3.0,2.0,4.0,5.0,3.5917693564295927
4.0,5.0,3.0,2.0,5.0,1.0,2.702812412639951
4.0,5.0,3.0,2.0,5.0,2.0,3.0090014257185307
4.0,5.0,3.0,2.0,5.0,3.0,3.243180391155214
4.0,5.0,3.0,2.0,5.0,4.0,3.591769407219693
4.0,5.0,3.0,2.0,5.0,5.0,3.591769355096601
4.0,5.0,3.0,3.0,1.0,1.0,2.523278492106216
4.0,5.0,3.0,3.0,1.0,2.0,2.7296578242961504
4.0,5.0,3.0,3.0,1.0,3.0,2.799016155953314
4.0,5.0,3.0,3.0,2.0,1.0,2.5620584211478286
4.0,5.0,3.0,3.0,2.0,2.0,2.918481718087102
4.0,5.0,3.0,3.0,2.0,3.0,3.0709561961985603
4.0,5.0,3.0,3.0,2.0,4.0,3.2668907061822767
4.0,5.0,3.0,3.0,2.0,5.0,3.2668906919541216
4.0,5.0,3.0,3.0,3.0,1.0,2.584327833524556
4.0,5.0,3.0,3.0,3.0,2.0,2.9989399008426685
4.0,5.0,3.0,3.0,3.0,3.0,3.307891931985753
4.0,5.0,3.0,3.0,3.0,4.0,3.7531954687292477
4.0,5.0,3.0,3.0,3.0,5.0,3.801520952931694
4.0,5.0,3.0,3.0,4.0,1.0,2.5843278326811103
4.0,5.0,3.0,3.0,4.0,2.0,3.1272273007226326
4.0,5.0,3.0,3.0,4.0,3.0,3.4889771132852534
4.0,5.0,3.0,3.0,4.0,4.0,3.753195414534151
4.0,5.0,3.0,3.0,4.0,5.0,3.801520940813466
4.0,5.0,3.0,3.0,5.0,1.0,2.7028124021549282
4.0,5.0,3.0,3.0,5.0,2.0,3.127227281913982
4.0,5.0,3.0,3.0,5.0,3.0,3.71547098715935
4.0,5.0,3.0,3.0,5.0,4.0,3.7902927740908523
4.0,5.0,3.0,3.0,5.0,5.0,3.801520883712216
4.0,5.0,3.0,4.0,1.0,1.0,2.5232784377627313
4.0,5.0,3.0,4.0,1.0,2.0,2.889625115381556
4.0,5.0,3.0,4.0,1.0,3.0,3.0456453537828425
4.0,5.0,3.0,4.0,1.0,4.0,3.2135189463049065
4.0,5.0,3.0,4.0,2.0,1.0,2.5620584236076294
4.0,5.0,3.0,4.0,2.0,2.0,2.9184816931002198
4.0,5.0,3.0,4.0,2.0,3.0,3.2695575437192868
4.0,5.0,3.0,4.0,2.0,4.0,3.509159258163776
4.0,5.0,3.0,4.0,3.0,1.0,2.730900775723674
4.0,5.0,3.0,4.0,3.0,2.0,3.275629065920626
4.0,5.0,3.0,4.0,3.0,3.0,3.503821114515269
4.0,5.0,3.0,4.0,3.0,4.0,3.78949667287932
4.0,5.0,3.0,4.0,3.0,5.0,3.9453774344119803
4.0,5.0,3.0,4.0,4.0,2.0,3.2756290573924582
4.0,5.0,3.0,4.0,4.0,3.0,3.715471070571681
4.0,5.0,3.0,4.0,4.0,4.0,3.961357180534656
4.0,5.0,3.0,4.0,4.0,5.0,4.068200899007455
4.0,5.0,3.0,4.0,5.0,2.0,3.2756290389599196
4.0,5.0,3.0,4.0,5.0,3.0,3.715470979408708
4.0,5.0,3.0,4.0,5.0,4.0,4.067379535479956
4.0,5.0,3.0,4.0,5.0,5.0,4.13469870040489
4.0,5.0,3.0,5.0,1.0,1.0,2.9642792419225716
4.0,5.0,3.0,5.0,1.0,2.0,2.9642792452463036
4.0,5.0,3.0,5.0,1.0,3.0,3.200807174138062
4.0,5.0,3.0,5.0,1.0,4.0,3.21351891326519
4.0,5.0,3.0,5.0,1.0,5.0,3.288917094911405
4.0,5.0,3.0,5.0,2.0,2.0,3.246647859882568
4.0,5.0,3.0,5.0,2.0,3.0,3.3975891359564585
4.0,5.0,3.0,5.0,2.0,4.0,3.5091592396115945
4.0,5.0,3.0,5.0,2.0,5.0,3.642219638505267
4.0,5.0,3.0,5.0,3.0,3.0,3.5781915413471284
4.0,5.0,3.0,5.0,3.0,4.0,3.925018512705322
4.0,5.0,3.0,5.0,3.0,5.0,3.945377352527871
4.0,5.0,3.0,5.0,4.0,2.0,3.408119689414936
4.0,5.0,3.0,5.0,4.0,3.0,3.7154710380047242
4.0,5.0,3.0,5.0,4.0,4.0,3.9613570730710532
4.0,5.0,3.0,5.0,4.0,5.0,4.1564984987487925
4.0,5.0,3.0,5.0,5.0,2.0,3.7800389241917527
4.0,5.0,3.0,5.0,5.0,3.0,3.7800389147705253
4.0,5.0,3.0,5.0,5.0,4.0,4.09062855378287
4.0,5.0,3.0,5.0,5.0,5.0,4.209493777497293
4.0,5.0,4.0,1.0,1.0,1.0,1.8524816997509572
4.0,5.0,4.0,1.0,2.0,1.0,1.993018955794776
4.0,5.0,4.0,1.0,3.0,1.0,1.9930189497788888
4.0,5.0,4.0,1.0,3.0,3.0,3.017981123364556
4.0,5.0,4.0,1.0,3.0,4.0,3.0179811121197475
4.0,5.0,4.0,1.0,4.0,3.0,3.0179811221645996
4.0,5.0,4.0,1.0,5.0,4.0,3.146502971018445
4.0,5.0,4.0,2.0,1.0,1.0,2.5749587396472897
4.0,5.0,4.0,2.0,1.0,3.0,2.753795368214081
4.0,5.0,4.0,2.0,1.0,4.0,2.804009590308643
4.0,5.0,4.0,2.0,1.0,5.0,3.39626976920024
4.0,5.0,4.0,2.0,2.0,1.0,2.5749587291814207
4.0,5.0,4.0,2.0,2.0,2.0,2.9960284065734806
4.0,5.0,4.0,2.0,3.0,1.0,2.5749587225605297
4.0,5.0,4.0,2.0,3.0,2.0,3.152717793083172
4.0,5.0,4.0,2.0,3.0,3.0,3.2431804040421013
4.0,5.0,4.0,2.0,3.0,4.0,3.704828309319288
4.0,5.0,4.0,2.0,3.0,5.0,3.7048282819650393
4.0,5.0,4.0,2.0,4.0,2.0,3.1527177775424016
4.0,5.0,4.0,2.0,4.0,3.0,3.243180392270784
4.0,5.0,4.0,2.0,4.0,4.0,3.723616245486315
4.0,5.0,4.0,2.0,4.0,5.0,3.9809107288797705
4.0,5.0,4.0,2.0,5.0,2.0,3.152717746151174
4.0,5.0,4.0,2.0,5.0,3.0,3.2431803839590474
4.0,5.0,4.0,2.0,5.0,4.0,3.7236162274468882
4.0,5.0,4.0,2.0,5.0,5.0,3.9892939002547463
4.0,5.0,4.0,3.0,1.0,1.0,2.6543258765468076
4.0,5.0,4.0,3.0,1.0,2.0,2.889625105339553
4.0,5.0,4.0,3.0,1.0,3.0,2.889625073685537
4.0,5.0,4.0,3.0,1.0,4.0,3.3549461729162884
4.0,5.0,4.0,3.0,2.0,1.0,2.654325871571757
4.0,5.0,4.0,3.0,2.0,2.0,2.9985576685079063
4.0,5.0,4.0,3.0,2.0,3.0,3.3671057212817
4.0,5.0,4.0,3.0,2.0,4.0,3.6989296972727015
4.0,5.0,4.0,3.0,2.0,5.0,3.698929688934073
4.0,5.0,4.0,3.0,3.0,2.0,3.1527177921204346
4.0,5.0,4.0,3.0,3.0,3.0,3.64315393399254
4.0,5.0,4.0,3.0,3.0,4.0,3.9498892694141103
4.0,5.0,4.0,3.0,3.0,5.0,3.990252675383952
4.0,5.0,4.0,3.0,4.0,1.0,2.6543258315733516
4.0,5.0,4.0,3.0,4.0,2.0,3.1527177748788597
4.0,5.0,4.0,3.0,4.0,3.0,3.809043062128409
4.0,5.0,4.0,3.0,4.0,4.0,3.960525659261333
4.0,5.0,4.0,3.0,4.0,5.0,4.105139409328006
4.0,5.0,4.0,3.0,5.0,2.0,3.152717754977554
4.0,5.0,4.0,3.0,5.0,3.0,3.8090430294133015
4.0,5.0,4.0,3.0,5.0,4.0,3.9994555423358586
4.0,5.0,4.0,3.0,5.0,5.0,4.17762018088475
4.0,5.0,4.0,4.0,1.0,2.0,2.889625105700258
4.0,5.0,4.0,4.0,1.0,3.0,3.100841143633374
4.0,5.0,4.0,4.0,1.0,4.0,3.3962697986743993
4.0,5.0,4.0,4.0,1.0,5.0,3.396269758169582
4.0,5.0,4.0,4.0,2.0,1.0,2.73090075672093
4.0,5.0,4.0,4.0,2.0,2.0,3.3252080356233975
4.0,5.0,4.0,4.0,2.0,3.0,3.488202501806768
4.0,5.0,4.0,4.0,2.0,4.0,3.6989297023778245
4.0,5.0,4.0,4.0,2.0,5.0,3.6989296853318927
4.0,5.0,4.0,4.0,3.0,1.0,2.7309007501654285
4.0,5.0,4.0,4.0,3.0,2.0,3.3589137017772215
4.0,5.0,4.0,4.0,3.0,3.0,3.8287754423410316
4.0,5.0,4.0,4.0,3.0,4.0,4.0092602853167225
4.0,5.0,4.0,4.0,3.0,5.0,4.200471060362901
4.0,5.0,4.0,4.0,4.0,2.0,3.6330708491168546
4.0,5.0,4.0,4.0,4.0,3.0,3.9120653734150133
4.0,5.0,4.0,4.0,4.0,4.0,4.119928671444644
4.0,5.0,4.0,4.0,4.0,5.0,4.362813964820241
4.0,5.0,4.0,4.0,5.0,2.0,3.6330708266225793
4.0,5.0,4.0,4.0,5.0,3.0,3.9590958998113797
4.0,5.0,4.0,4.0,5.0,4.0,4.196777445981648
4.0,5.0,4.0,4.0,5.0,5.0,4.406772240533123
4.0,5.0,4.0,5.0,1.0,3.0,3.200807158982557
4.0,5.0,4.0,5.0,1.0,4.0,3.5491266009711304
4.0,5.0,4.0,5.0,1.0,5.0,3.8512246633508416
4.0,5.0,4.0,5.0,2.0,2.0,3.3252080275584737
4.0,5.0,4.0,5.0,2.0,3.0,3.4882024979091457
4.0,5.0,4.0,5.0,2.0,4.0,3.9253542033418927
4.0,5.0,4.0,5.0,2.0,5.0,4.087944379868179
4.0,5.0,4.0,5.0,3.0,2.0,3.4507536433104824
4.0,5.0,4.0,5.0,3.0,3.0,4.010336679417817
4.0,5.0,4.0,5.0,3.0,4.0,4.096153013420901
4.0,5.0,4.0,5.0,3.0,5.0,4.252587428101056
4.0,5.0,4.0,5.0,4.0,2.0,3.951600212201617
4.0,5.0,4.0,5.0,4.0,3.0,4.0834774719595925
4.0,5.0,4.0,5.0,4.0,4.0,4.216662921234282
4.0,5.0,4.0,5.0,4.0,5.0,4.465396736595498
4.0,5.0,4.0,5.0,5.0,2.0,4.0437909369535845
4.0,5.0,4.0,5.0,5.0,3.0,4.083477427890346
4.0,5.0,4.0,5.0,5.0,4.0,4.28788423029584
4.0,5.0,4.0,5.0,5.0,5.0,4.528711273324566
4.0,5.0,5.0,1.0,2.0,1.0,1.9930189220853818
4.0,5.0,5.0,1.0,3.0,1.0,1.9930189205647917
4.0,5.0,5.0,1.0,3.0,3.0,3.0179811079945105
4.0,5.0,5.0,1.0,3.0,4.0,3.0179810942767653
4.0,5.0,5.0,2.0,2.0,1.0,2.9999164884199203
4.0,5.0,5.0,2.0,2.0,2.0,2.99991645863069
4.0,5.0,5.0,2.0,2.0,3.0,3.0943496489454336
4.0,5.0,5.0,2.0,3.0,1.0,3.2431803720479846
4.0,5.0,5.0,2.0,3.0,2.0,3.243180354425652
4.0,5.0,5.0,2.0,3.0,3.0,3.2431803666456216
4.0,5.0,5.0,2.0,3.0,4.0,3.722822680261154
4.0,5.0,5.0,2.0,4.0,3.0,3.3423932093232502
4.0,5.0,5.0,2.0,4.0,4.0,3.804431486838274
4.0,5.0,5.0,2.0,4.0,5.0,4.257675404599161
4.0,5.0,5.0,2.0,5.0,2.0,3.2431803432618365
4.0,5.0,5.0,2.0,5.0,3.0,3.6681812114958263
4.0,5.0,5.0,2.0,5.0,5.0,4.331611715140866
4.0,5.0,5.0,3.0,1.0,4.0,3.602835242454048
4.0,5.0,5.0,3.0,2.0,2.0,3.339785602521818
4.0,5.0,5.0,3.0,2.0,3.0,3.533467383584654
4.0,5.0,5.0,3.0,2.0,4.0,3.6989296694736393
4.0,5.0,5.0,3.0,2.0,5.0,3.7494147068711436
4.0,5.0,5.0,3.0,3.0,1.0,3.3397856012043396
4.0,5.0,5.0,3.0,3.0,2.0,3.339785593860983
4.0,5.0,5.0,3.0,3.0,3.0,3.8901732300642484
4.0,5.0,5.0,3.0,3.0,4.0,3.998271355860554
4.0,5.0,5.0,3.0,3.0,5.0,4.257675409588479
4.0,5.0,5.0,3.0,4.0,2.0,3.500726098245471
4.0,5.0,5.0,3.0,4.0,3.0,3.981535589985413
4.0,5.0,5.0,3.0,4.0,4.0,4.166149260127189
4.0,5.0,5.0,3.0,4.0,5.0,4.257675391317929
4.0,5.0,5.0,3.0,5.0,2.0,3.6375428965865186
4.0,5.0,5.0,3.0,5.0,3.0,3.998853143352372
4.0,5.0,5.0,3.0,5.0,4.0,4.170944654525931
4.0,5.0,5.0,3.0,5.0,5.0,4.331611704507089
4.0,5.0,5.0,4.0,1.0,2.0,2.8896250761447417
4.0,5.0,5.0,4.0,1.0,3.0,3.3369167643466207
4.0,5.0,5.0,4.0,1.0,4.0,3.6028352013910294
4.0,5.0,5.0,4.0,2.0,1.0,3.0220880235039687
4.0,5.0,5.0,4.0,2.0,2.0,3.339785603107618
4.0,5.0,5.0,4.0,2.0,3.0,3.6355891306246395
4.0,5.0,5.0,4.0,2.0,4.0,3.925354205210431
4.0,5.0,5.0,4.0,2.0,5.0,3.998010395035171
4.0,5.0,5.0,4.0,3.0,2.0,3.6375429101737007
4.0,5.0,5.0,4.0,3.0,3.0,3.942582643133979
4.0,5.0,5.0,4.0,3.0,4.0,4.1822204744743265
4.0,5.0,5.0,4.0,3.0,5.0,4.288132922810184
4.0,5.0,5.0,4.0,4.0,2.0,3.6375429018761984
4.0,5.0,5.0,4.0,4.0,3.0,4.0482233925135205
4.0,5.0,5.0,4.0,4.0,4.0,4.213272468094605
4.0,5.0,5.0,4.0,4.0,5.0,4.5277732448599
4.0,5.0,5.0,4.0,5.0,2.0,3.63754288880309
4.0,5.0,5.0,4.0,5.0,3.0,4.048223334728487
4.0,5.0,5.0,4.0,5.0,4.0,4.337010275565894
4.0,5.0,5.0,4.0,5.0,5.0,4.527773021990476
4.0,5.0,5.0,5.0,1.0,1.0,3.022398404490276
4.0,5.0,5.0,5.0,1.0,3.0,3.504077531590316
4.0,5.0,5.0,5.0,1.0,4.0,3.602835136554542
4.0,5.0,5.0,5.0,1.0,5.0,4.10515837345236
4.0,5.0,5.0,5.0,2.0,2.0,3.339785597713239
4.0,5.0,5.0,5.0,2.0,3.0,3.7094163412641845
4.0,5.0,5.0,5.0,2.0,4.0,3.9253542021601295
4.0,5.0,5.0,5.0,2.0,5.0,4.105158355069449
4.0,5.0,5.0,5.0,3.0,2.0,3.6375428550465503
4.0,5.0,5.0,5.0,3.0,3.0,4.010336631159936
4.0,5.0,5.0,5.0,3.0,4.0,4.209616790327835
4.0,5.0,5.0,5.0,3.0,5.0,4.288132900199868
4.0,5.0,5.0,5.0,4.0,3.0,4.150590916618633
4.0,5.0,5.0,5.0,4.0,4.0,4.41231258644216
4.0,5.0,5.0,5.0,4.0,5.0,4.5923342598042085
4.0,5.0,5.0,5.0,5.0,1.0,3.8748272227225278
4.0,5.0,5.0,5.0,5.0,2.0,4.043790930144195
4.0,5.0,5.0,5.0,5.0,3.0,4.17208758121198
4.0,5.0,5.0,5.0,5.0,4.0,4.470432172133296
4.0,5.0,5.0,5.0,5.0,5.0,4.681010506355885
5.0,1.0,1.0,1.0,1.0,1.0,1.4802389831566156
5.0,1.0,1.0,1.0,2.0,1.0,1.4802388729737408
5.0,1.0,1.0,2.0,2.0,3.0,2.0189081678819867
5.0,1.0,1.0,2.0,3.0,2.0,1.730852526605714
5.0,1.0,1.0,3.0,1.0,1.0,1.4802389822454416
5.0,1.0,1.0,3.0,1.0,2.0,1.6354901227249197
5.0,1.0,1.0,3.0,1.0,3.0,1.6354901011376746
5.0,1.0,1.0,4.0,1.0,1.0,1.635490196422254
5.0,1.0,1.0,4.0,1.0,3.0,2.265173383188729
5.0,1.0,1.0,4.0,1.0,4.0,2.3318698668364983
5.0,1.0,1.0,4.0,3.0,2.0,2.0467899530352565
5.0,1.0,1.0,4.0,4.0,5.0,2.331869863668427
5.0,1.0,1.0,5.0,2.0,1.0,1.6354901743980375
5.0,1.0,1.0,5.0,3.0,4.0,2.331869849231422
5.0,1.0,1.0,5.0,5.0,3.0,2.2856516085582204
5.0,1.0,1.0,5.0,5.0,5.0,2.331869838600694
5.0,1.0,2.0,1.0,1.0,1.0,1.4802389719007043
5.0,1.0,2.0,2.0,4.0,2.0,2.05847911570343
5.0,1.0,2.0,3.0,1.0,3.0,1.8958119130531244
5.0,1.0,2.0,3.0,2.0,1.0,2.3315093664024813
5.0,1.0,2.0,4.0,1.0,1.0,2.0229985429558073
5.0,1.0,2.0,4.0,1.0,2.0,2.382718123715588
5.0,1.0,2.0,4.0,3.0,4.0,2.4697831064856715
5.0,1.0,2.0,5.0,2.0,5.0,2.9742138139081624
5.0,1.0,2.0,5.0,3.0,4.0,2.9742138322004514
5.0,1.0,2.0,5.0,3.0,5.0,2.9742138224254666
5.0,1.0,2.0,5.0,4.0,4.0,3.037023180418018
5.0,1.0,2.0,5.0,5.0,5.0,3.0386989955684918
5.0,1.0,3.0,1.0,1.0,2.0,1.8958120540582784
5.0,1.0,3.0,1.0,2.0,1.0,1.5671259421394759
5.0,1.0,3.0,2.0,1.0,1.0,1.8958120465967705
5.0,1.0,3.0,2.0,2.0,2.0,2.6189120556431456
5.0,1.0,3.0,2.0,4.0,3.0,2.9841405352257553
5.0,1.0,3.0,3.0,1.0,1.0,1.895812036596474
5.0,1.0,3.0,3.0,1.0,2.0,1.8958120158357632
5.0,1.0,3.0,3.0,2.0,3.0,2.8142599113708955
5.0,1.0,3.0,3.0,3.0,3.0,2.814259900339116
5.0,1.0,3.0,3.0,4.0,2.0,3.0188104556624333
5.0,1.0,3.0,3.0,5.0,3.0,3.0188104296021434
5.0,1.0,3.0,4.0,1.0,3.0,2.653180338979695
5.0,1.0,3.0,4.0,2.0,2.0,2.9768200467494768
5.0,1.0,3.0,4.0,2.0,4.0,3.0173415474722463
5.0,1.0,3.0,4.0,3.0,3.0,3.018810442331459
5.0,1.0,3.0,4.0,4.0,3.0,3.0188104297987772
5.0,1.0,3.0,4.0,4.0,4.0,3.232512912396238
5.0,1.0,3.0,4.0,4.0,5.0,3.6621376638826475
5.0,1.0,3.0,4.0,5.0,3.0,3.0188104015506743
5.0,1.0,3.0,5.0,1.0,3.0,2.6846895315069585
5.0,1.0,3.0,5.0,1.0,4.0,2.964279292812955
5.0,1.0,3.0,5.0,2.0,3.0,3.013231763514338
5.0,1.0,3.0,5.0,2.0,4.0,3.033492534973206
5.0,1.0,3.0,5.0,3.0,3.0,3.018810431127211
5.0,1.0,3.0,5.0,3.0,5.0,3.0695938305585413
5.0,1.0,3.0,5.0,4.0,3.0,3.018810417295603
5.0,1.0,3.0,5.0,4.0,4.0,3.2325129067102085
5.0,1.0,3.0,5.0,4.0,5.0,3.66213765445399
5.0,1.0,3.0,5.0,5.0,4.0,3.6729723904681135
5.0,1.0,3.0,5.0,5.0,5.0,3.6729723743926495
5.0,1.0,4.0,2.0,1.0,2.0,2.067258314489885
5.0,1.0,4.0,2.0,5.0,1.0,2.1103599114753315
5.0,1.0,4.0,3.0,1.0,3.0,2.2410750739649465
5.0,1.0,4.0,3.0,2.0,2.0,2.9940830391103854
5.0,1.0,4.0,3.0,2.0,3.0,3.009080318698062
5.0,1.0,4.0,4.0,2.0,3.0,3.0252313001047297
5.0,1.0,4.0,4.0,4.0,2.0,3.0366515869446125
5.0,1.0,4.0,4.0,4.0,3.0,3.4248624307681825
5.0,1.0,4.0,4.0,4.0,4.0,3.5831792748709326
5.0,1.0,4.0,5.0,1.0,3.0,2.684689514612341
5.0,1.0,4.0,5.0,3.0,3.0,3.424862441238957
5.0,1.0,4.0,5.0,4.0,4.0,3.8112299044225546
5.0,1.0,4.0,5.0,4.0,5.0,3.8112298878424413
5.0,1.0,4.0,5.0,5.0,3.0,3.4248624334710613
5.0,1.0,4.0,5.0,5.0,5.0,3.811229844720094
5.0,1.0,5.0,2.0,2.0,5.0,3.0616011788777167
5.0,1.0,5.0,3.0,3.0,2.0,3.0328106282873266
5.0,1.0,5.0,4.0,1.0,3.0,2.6531803398903855
5.0,1.0,5.0,4.0,5.0,5.0,4.481042751856353
5.0,1.0,5.0,5.0,1.0,2.0,2.5440566744883824
5.0,1.0,5.0,5.0,1.0,5.0,2.9642792599152115
5.0,1.0,5.0,5.0,2.0,2.0,3.453701343864582
5.0,1.0,5.0,5.0,3.0,5.0,3.5831792450438926
5.0,1.0,5.0,5.0,4.0,3.0,3.453701338624099
5.0,1.0,5.0,5.0,4.0,5.0,4.487346314324868
5.0,1.0,5.0,5.0,5.0,5.0,4.65500340993243
5.0,2.0,1.0,1.0,1.0,1.0,1.4802388380704972
5.0,2.0,1.0,2.0,3.0,2.0,1.7308525186106065
5.0,2.0,1.0,2.0,3.0,3.0,2.1985702811816665
5.0,2.0,1.0,3.0,1.0,1.0,1.6340020378173794
5.0,2.0,1.0,3.0,1.0,3.0,2.0505545068469404
5.0,2.0,1.0,3.0,2.0,1.0,1.6340020448845076
5.0,2.0,1.0,3.0,2.0,3.0,2.0505544695489313
5.0,2.0,1.0,3.0,3.0,1.0,1.6340020437996292
5.0,2.0,1.0,3.0,4.0,4.0,2.9870972799339106
5.0,2.0,1.0,4.0,4.0,3.0,2.982987582849705
5.0,2.0,1.0,5.0,1.0,1.0,1.8504899009537699
5.0,2.0,1.0,5.0,2.0,3.0,2.532365872182159
5.0,2.0,1.0,5.0,4.0,1.0,2.0690473755408902
5.0,2.0,1.0,5.0,5.0,4.0,3.035239833492812
5.0,2.0,2.0,1.0,1.0,1.0,1.5238497270144966
5.0,2.0,2.0,1.0,1.0,2.0,2.026535921950403
5.0,2.0,2.0,2.0,1.0,2.0,2.0265359283941553
5.0,2.0,2.0,2.0,1.0,3.0,2.0795905014201206
5.0,2.0,2.0,2.0,2.0,2.0,2.0941531791330967
5.0,2.0,2.0,2.0,2.0,3.0,2.334893468495851
5.0,2.0,2.0,2.0,3.0,3.0,2.501771364088157
5.0,2.0,2.0,3.0,1.0,2.0,2.3336301384023606
5.0,2.0,2.0,3.0,2.0,1.0,2.3315093444308275
5.0,2.0,2.0,3.0,2.0,2.0,2.3827181145418033
5.0,2.0,2.0,3.0,2.0,3.0,2.8522870047163855
5.0,2.0,2.0,3.0,3.0,1.0,2.3315093329106413
5.0,2.0,2.0,3.0,4.0,1.0,2.6122462364104724
5.0,2.0,2.0,4.0,1.0,2.0,2.382718094361134
5.0,2.0,2.0,4.0,2.0,2.0,2.38271810063099
5.0,2.0,2.0,4.0,3.0,2.0,2.6569850524265033
5.0,2.0,2.0,4.0,4.0,3.0,3.1680954498174434
5.0,2.0,2.0,4.0,4.0,4.0,3.251033417173361
5.0,2.0,2.0,4.0,5.0,2.0,3.006717852024681
5.0,2.0,2.0,5.0,1.0,1.0,2.117360760672094
5.0,2.0,2.0,5.0,1.0,2.0,2.3827180937932213
5.0,2.0,2.0,5.0,1.0,3.0,2.53099988812024
5.0,2.0,2.0,5.0,2.0,2.0,2.3827180960847025
5.0,2.0,2.0,5.0,3.0,2.0,2.97421383162556
5.0,2.0,2.0,5.0,3.0,3.0,2.9742138246072094
5.0,2.0,2.0,5.0,3.0,5.0,2.974213811747675
5.0,2.0,2.0,5.0,4.0,3.0,3.1680954529084904
5.0,2.0,2.0,5.0,4.0,4.0,3.3009526093024264
5.0,2.0,2.0,5.0,5.0,3.0,3.1680954547290106
5.0,2.0,2.0,5.0,5.0,4.0,3.3009525662026644
5.0,2.0,2.0,5.0,5.0,5.0,3.300952527331771
5.0,2.0,3.0,1.0,2.0,2.0,2.0493240144327975
5.0,2.0,3.0,1.0,3.0,1.0,2.0248055433426573
5.0,2.0,3.0,2.0,3.0,2.0,2.7454835615739963
5.0,2.0,3.0,2.0,4.0,3.0,2.9841405259499103
5.0,2.0,3.0,3.0,1.0,2.0,2.587595226960231
5.0,2.0,3.0,3.0,2.0,2.0,2.7296578201891886
5.0,2.0,3.0,3.0,2.0,3.0,2.9954786007472656
5.0,2.0,3.0,3.0,2.0,4.0,3.157101399003537
5.0,2.0,3.0,3.0,3.0,2.0,2.9931393584237456
5.0,2.0,3.0,3.0,3.0,3.0,3.0320151548617305
5.0,2.0,3.0,3.0,3.0,4.0,3.1571013958760443
5.0,2.0,3.0,3.0,4.0,2.0,3.0188104539439244
5.0,2.0,3.0,3.0,4.0,3.0,3.0825963359788924
5.0,2.0,3.0,3.0,5.0,4.0,3.3394575440748975
5.0,2.0,3.0,3.0,5.0,5.0,3.969069426196646
5.0,2.0,3.0,4.0,1.0,2.0,2.5875952253816283
5.0,2.0,3.0,4.0,1.0,5.0,2.841875860747861
5.0,2.0,3.0,4.0,2.0,1.0,2.497786210931614
5.0,2.0,3.0,4.0,2.0,3.0,3.1205353384342303
5.0,2.0,3.0,4.0,2.0,4.0,3.1571013544680753
5.0,2.0,3.0,4.0,3.0,3.0,3.1205353123618798
5.0,2.0,3.0,4.0,3.0,4.0,3.335815644356151
5.0,2.0,3.0,4.0,4.0,3.0,3.168095416814464
5.0,2.0,3.0,4.0,4.0,4.0,3.3394576048742555
5.0,2.0,3.0,4.0,5.0,3.0,3.295532507866079
5.0,2.0,3.0,4.0,5.0,4.0,3.3394575202695216
5.0,2.0,3.0,4.0,5.0,5.0,3.999687598479785
5.0,2.0,3.0,5.0,1.0,3.0,2.9642793060225014
5.0,2.0,3.0,5.0,1.0,4.0,2.964279286859259
5.0,2.0,3.0,5.0,1.0,5.0,3.048439266591605
5.0,2.0,3.0,5.0,2.0,2.0,3.0034976419154997
5.0,2.0,3.0,5.0,2.0,3.0,3.120535318834499
5.0,2.0,3.0,5.0,2.0,4.0,3.1571013423294954
5.0,2.0,3.0,5.0,2.0,5.0,3.1571013321514587
5.0,2.0,3.0,5.0,3.0,1.0,3.187244239658444
5.0,2.0,3.0,5.0,3.0,2.0,3.1872442303702018
5.0,2.0,3.0,5.0,3.0,3.0,3.187244211360788
5.0,2.0,3.0,5.0,3.0,4.0,3.3580570733892974
5.0,2.0,3.0,5.0,3.0,5.0,3.358057057162058
5.0,2.0,3.0,5.0,4.0,3.0,3.1872442023586105
5.0,2.0,3.0,5.0,4.0,4.0,3.557323568446085
5.0,2.0,3.0,5.0,4.0,5.0,3.789791684945851
5.0,2.0,3.0,5.0,5.0,3.0,3.2955324925865614
5.0,2.0,3.0,5.0,5.0,4.0,3.8007012918891343
5.0,2.0,3.0,5.0,5.0,5.0,4.3317454580740495
5.0,2.0,4.0,2.0,2.0,3.0,2.6189120612936523
5.0,2.0,4.0,2.0,4.0,2.0,3.0078728317902854
5.0,2.0,4.0,2.0,5.0,3.0,3.3467823284210247
5.0,2.0,4.0,3.0,1.0,3.0,2.8418758766400107
5.0,2.0,4.0,3.0,2.0,2.0,3.0826767302872473
5.0,2.0,4.0,3.0,2.0,4.0,3.281096887874122
5.0,2.0,4.0,3.0,3.0,3.0,3.082676733177433
5.0,2.0,4.0,3.0,3.0,4.0,3.7554235259543325
5.0,2.0,4.0,3.0,4.0,2.0,3.082676734177358
5.0,2.0,4.0,3.0,4.0,4.0,3.7554234993467275
5.0,2.0,4.0,3.0,5.0,3.0,3.629102609635508
5.0,2.0,4.0,4.0,1.0,3.0,2.8418758699768447
5.0,2.0,4.0,4.0,1.0,5.0,2.841875854035931
5.0,2.0,4.0,4.0,2.0,2.0,3.082676734066976
5.0,2.0,4.0,4.0,2.0,3.0,3.1205353363034374
5.0,2.0,4.0,4.0,3.0,3.0,3.4248624661454277
5.0,2.0,4.0,4.0,3.0,5.0,3.795442666775293
5.0,2.0,4.0,4.0,4.0,3.0,3.4248624051407117
5.0,2.0,4.0,4.0,4.0,4.0,3.9078084014995556
5.0,2.0,4.0,4.0,4.0,5.0,3.998692996666868
5.0,2.0,4.0,4.0,5.0,4.0,3.997520870473901
5.0,2.0,4.0,4.0,5.0,5.0,3.999687571741551
5.0,2.0,4.0,5.0,1.0,4.0,3.353854997688916
5.0,2.0,4.0,5.0,1.0,5.0,3.353854946692691
5.0,2.0,4.0,5.0,3.0,3.0,3.7954426723253483
5.0,2.0,4.0,5.0,3.0,5.0,3.795442659711549
5.0,2.0,4.0,5.0,4.0,3.0,3.824382871892404
5.0,2.0,4.0,5.0,4.0,4.0,4.1393296470499745
5.0,2.0,4.0,5.0,4.0,5.0,4.165799579800339
5.0,2.0,4.0,5.0,5.0,3.0,3.9941787587457855
5.0,2.0,4.0,5.0,5.0,4.0,4.244999212088853
5.0,2.0,4.0,5.0,5.0,5.0,4.331745427375806
5.0,2.0,5.0,1.0,4.0,2.0,2.0955183204029773
5.0,2.0,5.0,3.0,3.0,2.0,3.282931133637064
5.0,2.0,5.0,3.0,3.0,3.0,3.282931120742836
5.0,2.0,5.0,3.0,4.0,3.0,3.723624662051134
5.0,2.0,5.0,3.0,4.0,5.0,4.30417405839346
5.0,2.0,5.0,4.0,3.0,3.0,3.512983827158174
5.0,2.0,5.0,4.0,4.0,2.0,3.282931100653699
5.0,2.0,5.0,4.0,4.0,3.0,3.9851592861884857
5.0,2.0,5.0,4.0,4.0,4.0,4.304174066006928
5.0,2.0,5.0,4.0,4.0,5.0,4.304174058795843
5.0,2.0,5.0,4.0,5.0,4.0,4.304174069136856
5.0,2.0,5.0,4.0,5.0,5.0,4.4810427350992805
5.0,2.0,5.0,5.0,1.0,3.0,3.064218730629928
5.0,2.0,5.0,5.0,2.0,5.0,4.005371848542879
5.0,2.0,5.0,5.0,3.0,3.0,3.9413594077441654
5.0,2.0,5.0,5.0,3.0,4.0,4.304174071785862
5.0,2.0,5.0,5.0,3.0,5.0,4.48453406789938
5.0,2.0,5.0,5.0,4.0,3.0,4.194492926721122
5.0,2.0,5.0,5.0,4.0,4.0,4.3041740570855005
5.0,2.0,5.0,5.0,4.0,5.0,4.594641313571173
5.0,2.0,5.0,5.0,5.0,3.0,4.194492908358718
5.0,2.0,5.0,5.0,5.0,4.0,4.3041740470372885
5.0,2.0,5.0,5.0,5.0,5.0,4.655003391505805
5.0,3.0,1.0,1.0,1.0,1.0,1.480238741182058
5.0,3.0,1.0,1.0,2.0,1.0,1.4802387662575556
5.0,3.0,1.0,1.0,2.0,3.0,1.6845463939175573
5.0,3.0,1.0,1.0,3.0,1.0,1.679598606559172
5.0,3.0,1.0,1.0,3.0,3.0,1.7308523317207363
5.0,3.0,1.0,1.0,4.0,1.0,2.0536401781086893
5.0,3.0,1.0,2.0,1.0,1.0,1.4802387350461803
5.0,3.0,1.0,2.0,1.0,3.0,1.7686756867298232
5.0,3.0,1.0,2.0,2.0,1.0,1.4802387388121807
5.0,3.0,1.0,2.0,2.0,3.0,2.0399614161503017
5.0,3.0,1.0,2.0,3.0,1.0,2.0152805255691084
5.0,3.0,1.0,2.0,3.0,2.0,2.1985703113880817
5.0,3.0,1.0,3.0,1.0,1.0,1.6340020054154991
5.0,3.0,1.0,3.0,2.0,3.0,2.5004748603892177
5.0,3.0,1.0,3.0,3.0,1.0,2.0273445646840043
5.0,3.0,1.0,3.0,3.0,2.0,2.237591331908193
5.0,3.0,1.0,3.0,4.0,2.0,2.532365873846893
5.0,3.0,1.0,3.0,4.0,4.0,2.9976240300742267
5.0,3.0,1.0,4.0,1.0,1.0,1.8504898874309954
5.0,3.0,1.0,4.0,1.0,3.0,2.2651733518708466
5.0,3.0,1.0,4.0,2.0,3.0,2.532365844794997
5.0,3.0,1.0,4.0,2.0,5.0,2.58709272335766
5.0,3.0,1.0,4.0,3.0,1.0,2.0273445376595687
5.0,3.0,1.0,4.0,3.0,3.0,2.532365821990947
5.0,3.0,1.0,4.0,4.0,1.0,2.0536401526650145
5.0,3.0,1.0,4.0,4.0,3.0,2.99351427254545
5.0,3.0,1.0,4.0,4.0,4.0,3.321032697939741
5.0,3.0,1.0,4.0,5.0,5.0,3.4971745929093845
5.0,3.0,1.0,5.0,1.0,2.0,2.0523130276534194
5.0,3.0,1.0,5.0,1.0,4.0,2.382718011706035
5.0,3.0,1.0,5.0,2.0,3.0,2.5323658511375013
5.0,3.0,1.0,5.0,3.0,1.0,2.4221727786880467
5.0,3.0,1.0,5.0,3.0,3.0,2.5323658189781044
5.0,3.0,1.0,5.0,3.0,5.0,2.58709270540981
5.0,3.0,1.0,5.0,4.0,2.0,2.532365856567092
5.0,3.0,1.0,5.0,5.0,5.0,3.5085074728457446
5.0,3.0,2.0,1.0,1.0,1.0,1.5329907875037572
5.0,3.0,2.0,1.0,2.0,1.0,1.5671259168446525
5.0,3.0,2.0,1.0,2.0,2.0,2.0265359031209966
5.0,3.0,2.0,1.0,3.0,1.0,2.0248055626673334
5.0,3.0,2.0,1.0,3.0,2.0,2.0265358946156744
5.0,3.0,2.0,1.0,3.0,3.0,2.035881974333162
5.0,3.0,2.0,2.0,1.0,3.0,2.251867638396642
5.0,3.0,2.0,2.0,2.0,2.0,2.339200051180205
5.0,3.0,2.0,2.0,2.0,3.0,2.5423310425544363
5.0,3.0,2.0,2.0,3.0,1.0,2.0434310131483784
5.0,3.0,2.0,2.0,3.0,2.0,2.411937227151691
5.0,3.0,2.0,2.0,3.0,3.0,2.5604919835921267
5.0,3.0,2.0,2.0,4.0,3.0,2.81379464292219
5.0,3.0,2.0,2.0,5.0,3.0,3.0052033011139514
5.0,3.0,2.0,3.0,1.0,1.0,2.009727438676675
5.0,3.0,2.0,3.0,1.0,2.0,2.3374178733079667
5.0,3.0,2.0,3.0,1.0,3.0,2.382718053904654
5.0,3.0,2.0,3.0,2.0,2.0,2.5023951313873303
5.0,3.0,2.0,3.0,2.0,3.0,2.8522869959388517
5.0,3.0,2.0,3.0,3.0,1.0,2.4780881915716506
5.0,3.0,2.0,3.0,3.0,2.0,2.612246218192597
5.0,3.0,2.0,3.0,3.0,3.0,3.0815280281406894
5.0,3.0,2.0,3.0,4.0,2.0,2.61224621923987
5.0,3.0,2.0,3.0,4.0,3.0,3.081528018771734
5.0,3.0,2.0,3.0,4.0,4.0,3.3482974057999675
5.0,3.0,2.0,3.0,5.0,3.0,3.081528015859147
5.0,3.0,2.0,4.0,1.0,3.0,2.3827180639896044
5.0,3.0,2.0,4.0,2.0,2.0,2.6323641753706633
5.0,3.0,2.0,4.0,2.0,3.0,2.936781919144455
5.0,3.0,2.0,4.0,2.0,4.0,2.974213766712284
5.0,3.0,2.0,4.0,3.0,1.0,2.478088182791593
5.0,3.0,2.0,4.0,3.0,2.0,3.103498746239594
5.0,3.0,2.0,4.0,3.0,3.0,3.1058015192174215
5.0,3.0,2.0,4.0,3.0,4.0,3.406102314377249
5.0,3.0,2.0,4.0,3.0,5.0,3.4963938731749007
5.0,3.0,2.0,4.0,4.0,2.0,3.103498745476409
5.0,3.0,2.0,4.0,4.0,3.0,3.2436082145251426
5.0,3.0,2.0,4.0,4.0,4.0,3.4061022973963353
5.0,3.0,2.0,4.0,5.0,3.0,3.243608210853621
5.0,3.0,2.0,4.0,5.0,5.0,3.885957580705353
5.0,3.0,2.0,5.0,1.0,2.0,2.382718064123528
5.0,3.0,2.0,5.0,1.0,3.0,2.530999868533808
5.0,3.0,2.0,5.0,1.0,4.0,2.530999832970374
5.0,3.0,2.0,5.0,2.0,2.0,2.7509383390840223
5.0,3.0,2.0,5.0,2.0,3.0,2.9742137702814135
5.0,3.0,2.0,5.0,2.0,4.0,2.974213767874647
5.0,3.0,2.0,5.0,2.0,5.0,2.974213767244657
5.0,3.0,2.0,5.0,3.0,2.0,3.103498741389939
5.0,3.0,2.0,5.0,3.0,3.0,3.105801516133457
5.0,3.0,2.0,5.0,3.0,4.0,3.40610228509092
5.0,3.0,2.0,5.0,3.0,5.0,3.881950899676202
5.0,3.0,2.0,5.0,4.0,2.0,3.2436082427729747
5.0,3.0,2.0,5.0,4.0,3.0,3.3336951898284775
5.0,3.0,2.0,5.0,4.0,4.0,3.4061022909429246
5.0,3.0,2.0,5.0,5.0,3.0,3.381702805406973
5.0,3.0,2.0,5.0,5.0,4.0,3.4061022774442096
5.0,3.0,2.0,5.0,5.0,5.0,3.885957577068179
5.0,3.0,3.0,1.0,1.0,1.0,1.5329907663845899
5.0,3.0,3.0,1.0,1.0,2.0,2.0440100730789648
5.0,3.0,3.0,1.0,2.0,1.0,1.5671259208201378
5.0,3.0,3.0,1.0,2.0,2.0,2.118091472820767
5.0,3.0,3.0,1.0,3.0,1.0,2.0248055378994327
5.0,3.0,3.0,1.0,3.0,2.0,2.118091448166093
5.0,3.0,3.0,1.0,3.0,3.0,2.3403015305266615
5.0,3.0,3.0,1.0,4.0,3.0,2.6804019924991658
5.0,3.0,3.0,1.0,5.0,1.0,2.053640151750181
5.0,3.0,3.0,1.0,5.0,5.0,3.057724238013907
5.0,3.0,3.0,2.0,1.0,1.0,2.009727438809881
5.0,3.0,3.0,2.0,1.0,2.0,2.2518676178983474
5.0,3.0,3.0,2.0,1.0,3.0,2.618911996313526
5.0,3.0,3.0,2.0,1.0,4.0,2.82306700348101
5.0,3.0,3.0,2.0,2.0,1.0,2.2178101430049018
5.0,3.0,3.0,2.0,2.0,3.0,2.80349221024779
5.0,3.0,3.0,2.0,3.0,1.0,2.217810124601725
5.0,3.0,3.0,2.0,3.0,2.0,2.7454835479957156
5.0,3.0,3.0,2.0,3.0,3.0,2.8034922030984
5.0,3.0,3.0,2.0,3.0,4.0,3.3418016379706934
5.0,3.0,3.0,2.0,4.0,2.0,2.7454835464388156
5.0,3.0,3.0,2.0,4.0,3.0,2.9841405068452773
5.0,3.0,3.0,2.0,5.0,3.0,3.2431804081258395
5.0,3.0,3.0,2.0,5.0,5.0,3.4082576354082947
5.0,3.0,3.0,3.0,1.0,1.0,2.0097274276640187
5.0,3.0,3.0,3.0,1.0,2.0,2.587595213070691
5.0,3.0,3.0,3.0,1.0,3.0,2.8230670101486477
5.0,3.0,3.0,3.0,2.0,2.0,2.7296577979326195
5.0,3.0,3.0,3.0,2.0,3.0,3.0709562344335186
5.0,3.0,3.0,3.0,2.0,4.0,3.489999837198614
5.0,3.0,3.0,3.0,3.0,1.0,2.562058452941309
5.0,3.0,3.0,3.0,3.0,2.0,3.062556964111586
5.0,3.0,3.0,3.0,3.0,3.0,3.1706696928542732
5.0,3.0,3.0,3.0,3.0,4.0,3.561749668557974
5.0,3.0,3.0,3.0,3.0,5.0,3.668658934936021
5.0,3.0,3.0,3.0,4.0,2.0,3.062556942610497
5.0,3.0,3.0,3.0,4.0,3.0,3.4438055455932965
5.0,3.0,3.0,3.0,4.0,4.0,3.5617496111020275
5.0,3.0,3.0,3.0,4.0,5.0,3.827750770792424
5.0,3.0,3.0,3.0,5.0,3.0,3.561749590649252
5.0,3.0,3.0,3.0,5.0,4.0,3.561749580373221
5.0,3.0,3.0,3.0,5.0,5.0,3.994438388567184
5.0,3.0,3.0,4.0,1.0,1.0,2.5800793507550144
5.0,3.0,3.0,4.0,1.0,2.0,2.5875952075286213
5.0,3.0,3.0,4.0,1.0,3.0,2.8230669987541686
5.0,3.0,3.0,4.0,1.0,4.0,2.8230669977536613
5.0,3.0,3.0,4.0,1.0,5.0,3.0428149770729687
5.0,3.0,3.0,4.0,2.0,2.0,3.117787289431698
5.0,3.0,3.0,4.0,2.0,3.0,3.1205352998644686
5.0,3.0,3.0,4.0,2.0,4.0,3.495415196985138
5.0,3.0,3.0,4.0,2.0,5.0,3.5836709806729443
5.0,3.0,3.0,4.0,3.0,2.0,3.117787243439168
5.0,3.0,3.0,4.0,3.0,3.0,3.4629444580211923
5.0,3.0,3.0,4.0,3.0,4.0,3.8825988927188346
5.0,3.0,3.0,4.0,3.0,5.0,3.882598869490256
5.0,3.0,3.0,4.0,4.0,1.0,2.612246236222148
5.0,3.0,3.0,4.0,4.0,2.0,3.1177872184979853
5.0,3.0,3.0,4.0,4.0,3.0,3.539779830393761
5.0,3.0,3.0,4.0,4.0,4.0,3.9209210276505564
5.0,3.0,3.0,4.0,4.0,5.0,3.9209209287236626
5.0,3.0,3.0,4.0,5.0,3.0,3.636240489135926
5.0,3.0,3.0,4.0,5.0,4.0,3.920920925872896
5.0,3.0,3.0,4.0,5.0,5.0,3.9996875930900875
5.0,3.0,3.0,5.0,1.0,1.0,2.5800793455116926
5.0,3.0,3.0,5.0,1.0,2.0,2.5875951916711433
5.0,3.0,3.0,5.0,1.0,3.0,2.9642792876236315
5.0,3.0,3.0,5.0,1.0,4.0,3.068718474207482
5.0,3.0,3.0,5.0,1.0,5.0,3.0687184712970974
5.0,3.0,3.0,5.0,2.0,1.0,3.1205353307221153
5.0,3.0,3.0,5.0,2.0,2.0,3.120535301159682
5.0,3.0,3.0,5.0,2.0,3.0,3.1205353006400123
5.0,3.0,3.0,5.0,2.0,4.0,3.499817554577188
5.0,3.0,3.0,5.0,2.0,5.0,3.9724378322909164
5.0,3.0,3.0,5.0,3.0,1.0,3.187244219849916
5.0,3.0,3.0,5.0,3.0,2.0,3.1872442116107225
5.0,3.0,3.0,5.0,3.0,3.0,3.48375147612795
5.0,3.0,3.0,5.0,3.0,4.0,3.8825988561747145
5.0,3.0,3.0,5.0,3.0,5.0,4.089781215913113
5.0,3.0,3.0,5.0,4.0,2.0,3.246647862853954
5.0,3.0,3.0,5.0,4.0,3.0,3.571656453536517
5.0,3.0,3.0,5.0,4.0,4.0,4.097165956590167
5.0,3.0,3.0,5.0,4.0,5.0,4.440394366029454
5.0,3.0,3.0,5.0,5.0,2.0,3.246647859366538
5.0,3.0,3.0,5.0,5.0,3.0,3.6362404644031803
5.0,3.0,3.0,5.0,5.0,4.0,4.097165931510303
5.0,3.0,3.0,5.0,5.0,5.0,4.517403080842775
5.0,3.0,4.0,1.0,1.0,2.0,2.0557211980527637
5.0,3.0,4.0,1.0,2.0,3.0,2.317392828896253
5.0,3.0,4.0,1.0,3.0,2.0,2.557047863929513
5.0,3.0,4.0,1.0,3.0,4.0,2.5570478633787572
5.0,3.0,4.0,1.0,5.0,1.0,2.0536401244658933
5.0,3.0,4.0,1.0,5.0,2.0,2.5570478498611533
5.0,3.0,4.0,2.0,1.0,3.0,2.8539410550052047
5.0,3.0,4.0,2.0,2.0,2.0,2.793824850627614
5.0,3.0,4.0,2.0,2.0,3.0,3.0139826015541535
5.0,3.0,4.0,2.0,2.0,4.0,3.0342433418090518
5.0,3.0,4.0,2.0,3.0,2.0,2.7938248426577927
5.0,3.0,4.0,2.0,3.0,4.0,3.5049991521714694
5.0,3.0,4.0,2.0,3.0,5.0,3.5049991371821734
5.0,3.0,4.0,2.0,4.0,3.0,3.294614846755579
5.0,3.0,4.0,2.0,4.0,4.0,3.7856108695241146
5.0,3.0,4.0,2.0,5.0,3.0,3.3467823061772877
5.0,3.0,4.0,2.0,5.0,5.0,3.9915955380907993
5.0,3.0,4.0,3.0,1.0,1.0,2.0842017987156733
5.0,3.0,4.0,3.0,1.0,2.0,2.8539410559957306
5.0,3.0,4.0,3.0,1.0,4.0,2.853941051239571
5.0,3.0,4.0,3.0,2.0,2.0,3.082676687397629
5.0,3.0,4.0,3.0,2.0,3.0,3.3879589263835315
5.0,3.0,4.0,3.0,2.0,4.0,3.489999807661331
5.0,3.0,4.0,3.0,3.0,2.0,3.0826766638394236
5.0,3.0,4.0,3.0,3.0,3.0,3.6291026555863724
5.0,3.0,4.0,3.0,3.0,4.0,3.92568171953111
5.0,3.0,4.0,3.0,3.0,5.0,3.976065405455065
5.0,3.0,4.0,3.0,4.0,2.0,3.4517015722030027
5.0,3.0,4.0,3.0,4.0,3.0,3.629102630984574
5.0,3.0,4.0,3.0,4.0,4.0,3.958573718710031
5.0,3.0,4.0,3.0,4.0,5.0,3.995716477042872
5.0,3.0,4.0,3.0,5.0,3.0,3.6291025939174713
5.0,3.0,4.0,3.0,5.0,4.0,3.9585736960459377
5.0,3.0,4.0,3.0,5.0,5.0,4.001699445607822
5.0,3.0,4.0,4.0,1.0,2.0,2.889625165953352
5.0,3.0,4.0,4.0,1.0,3.0,3.0128483278249503
5.0,3.0,4.0,4.0,1.0,4.0,3.205217406499397
5.0,3.0,4.0,4.0,2.0,1.0,3.0057629764856726
5.0,3.0,4.0,4.0,2.0,2.0,3.2211793511571076
5.0,3.0,4.0,4.0,2.0,3.0,3.4882025405106822
5.0,3.0,4.0,4.0,2.0,4.0,3.665368013223803
5.0,3.0,4.0,4.0,2.0,5.0,3.9724378082458687
5.0,3.0,4.0,4.0,3.0,2.0,3.6603048006935355
5.0,3.0,4.0,4.0,3.0,3.0,3.7169746260016905
5.0,3.0,4.0,4.0,3.0,4.0,3.999257573764984
5.0,3.0,4.0,4.0,3.0,5.0,3.9992575133166497
5.0,3.0,4.0,4.0,4.0,2.0,3.7547845230936967
5.0,3.0,4.0,4.0,4.0,3.0,3.8723518441092457
5.0,3.0,4.0,4.0,4.0,4.0,4.269906526610633
5.0,3.0,4.0,4.0,4.0,5.0,4.475002161996289
5.0,3.0,4.0,4.0,5.0,3.0,3.998764383130731
5.0,3.0,4.0,4.0,5.0,4.0,4.269906487755364
5.0,3.0,4.0,4.0,5.0,5.0,4.486320327873244
5.0,3.0,4.0,5.0,1.0,1.0,3.2510463013669773
5.0,3.0,4.0,5.0,1.0,3.0,3.251046264548189
5.0,3.0,4.0,5.0,1.0,4.0,3.5491266462649156
5.0,3.0,4.0,5.0,1.0,5.0,3.6767459147442922
5.0,3.0,4.0,5.0,2.0,2.0,3.453701356655658
5.0,3.0,4.0,5.0,2.0,3.0,3.488202516995663
5.0,3.0,4.0,5.0,2.0,4.0,3.700599047328238
5.0,3.0,4.0,5.0,2.0,5.0,3.972437808425364
5.0,3.0,4.0,5.0,3.0,2.0,3.7547844979613005
5.0,3.0,4.0,5.0,3.0,3.0,3.941359419035603
5.0,3.0,4.0,5.0,3.0,4.0,4.113501149703761
5.0,3.0,4.0,5.0,3.0,5.0,4.438200331320191
5.0,3.0,4.0,5.0,4.0,3.0,3.9413594030688808
5.0,3.0,4.0,5.0,4.0,4.0,4.3094582017169065
5.0,3.0,4.0,5.0,4.0,5.0,4.611160748951768
5.0,3.0,4.0,5.0,5.0,2.0,3.993372698080392
5.0,3.0,4.0,5.0,5.0,3.0,4.241143601763491
5.0,3.0,4.0,5.0,5.0,4.0,4.401306260269647
5.0,3.0,4.0,5.0,5.0,5.0,4.656839742697204
5.0,3.0,5.0,1.0,2.0,2.0,2.5512476586703254
5.0,3.0,5.0,1.0,3.0,1.0,2.1117314527033946
5.0,3.0,5.0,1.0,4.0,4.0,3.0779239109487686
5.0,3.0,5.0,2.0,1.0,2.0,2.5324131020305605
5.0,3.0,5.0,2.0,1.0,3.0,3.0262925518202213
5.0,3.0,5.0,2.0,2.0,2.0,3.1555860833973433
5.0,3.0,5.0,2.0,2.0,4.0,3.5177052811579834
5.0,3.0,5.0,2.0,3.0,2.0,3.1555860739367447
5.0,3.0,5.0,2.0,3.0,3.0,3.7228227166997816
5.0,3.0,5.0,2.0,5.0,3.0,3.7856107780510078
5.0,3.0,5.0,3.0,1.0,5.0,3.6767458920691407
5.0,3.0,5.0,3.0,2.0,4.0,3.6767459164106024
5.0,3.0,5.0,3.0,3.0,2.0,3.282931125299787
5.0,3.0,5.0,3.0,3.0,3.0,3.7228227433738565
5.0,3.0,5.0,3.0,3.0,4.0,4.107622575422252
5.0,3.0,5.0,3.0,4.0,3.0,3.723624650019842
5.0,3.0,5.0,3.0,4.0,4.0,4.173053946041011
5.0,3.0,5.0,3.0,4.0,5.0,4.304174036688759
5.0,3.0,5.0,3.0,5.0,3.0,3.785610778917266
5.0,3.0,5.0,3.0,5.0,4.0,4.199283844758755
5.0,3.0,5.0,3.0,5.0,5.0,4.333165729793301
5.0,3.0,5.0,4.0,1.0,3.0,3.3540006737269787
5.0,3.0,5.0,4.0,1.0,4.0,3.6767459055401837
5.0,3.0,5.0,4.0,2.0,1.0,3.4537013403733114
5.0,3.0,5.0,4.0,2.0,3.0,3.666959870269089
5.0,3.0,5.0,4.0,2.0,4.0,3.6767459066732235
5.0,3.0,5.0,4.0,3.0,2.0,3.660304791345152
5.0,3.0,5.0,4.0,3.0,3.0,3.791799547967178
5.0,3.0,5.0,4.0,3.0,4.0,4.191398432722197
5.0,3.0,5.0,4.0,3.0,5.0,4.553340077637068
5.0,3.0,5.0,4.0,4.0,3.0,4.037712166897139
5.0,3.0,5.0,4.0,4.0,4.0,4.392596358917385
5.0,3.0,5.0,4.0,4.0,5.0,4.627508681660474
5.0,3.0,5.0,4.0,5.0,2.0,3.9912655851547045
5.0,3.0,5.0,4.0,5.0,3.0,4.037712152539524
5.0,3.0,5.0,4.0,5.0,4.0,4.392596325638101
5.0,3.0,5.0,4.0,5.0,5.0,4.6602953702764935
5.0,3.0,5.0,5.0,1.0,1.0,3.2510462949260974
5.0,3.0,5.0,5.0,1.0,2.0,3.3492096841032595
5.0,3.0,5.0,5.0,1.0,3.0,3.3540006539214557
5.0,3.0,5.0,5.0,1.0,4.0,3.676745899893738
5.0,3.0,5.0,5.0,1.0,5.0,3.67674588318605
5.0,3.0,5.0,5.0,2.0,3.0,3.908183128048169
5.0,3.0,5.0,5.0,2.0,4.0,4.124112247083914
5.0,3.0,5.0,5.0,2.0,5.0,4.124112232070152
5.0,3.0,5.0,5.0,3.0,3.0,3.941359399944507
5.0,3.0,5.0,5.0,3.0,4.0,4.496925216079645
5.0,3.0,5.0,5.0,3.0,5.0,4.564586171968734
5.0,3.0,5.0,5.0,4.0,2.0,3.754784507314365
5.0,3.0,5.0,5.0,4.0,3.0,4.257462746257192
5.0,3.0,5.0,5.0,4.0,4.0,4.503095610118515
5.0,3.0,5.0,5.0,4.0,5.0,4.723480564937031
5.0,3.0,5.0,5.0,5.0,2.0,4.003925079136669
5.0,3.0,5.0,5.0,5.0,3.0,4.261871543713434
5.0,3.0,5.0,5.0,5.0,4.0,4.582876822220683
5.0,3.0,5.0,5.0,5.0,5.0,4.831748091795452
5.0,4.0,1.0,1.0,1.0,1.0,1.4802386667794087
5.0,4.0,1.0,1.0,1.0,2.0,1.7109304330357569
5.0,4.0,1.0,1.0,3.0,1.0,2.009656190584671
5.0,4.0,1.0,1.0,4.0,3.0,2.06601825220054
5.0,4.0,1.0,2.0,1.0,2.0,1.7109304355258956
5.0,4.0,1.0,2.0,2.0,2.0,2.182800788178763
5.0,4.0,1.0,2.0,3.0,2.0,2.19857028381266
5.0,4.0,1.0,2.0,4.0,2.0,2.198570279199762
5.0,4.0,1.0,2.0,5.0,2.0,2.702812430512552
5.0,4.0,1.0,3.0,1.0,3.0,2.0507984685121032
5.0,4.0,1.0,3.0,3.0,1.0,2.2375913180334845
5.0,4.0,1.0,3.0,3.0,2.0,2.237591318001822
5.0,4.0,1.0,3.0,3.0,3.0,2.5353399828746968
5.0,4.0,1.0,3.0,3.0,4.0,2.9923101411633146
5.0,4.0,1.0,3.0,5.0,4.0,3.0239911528694328
5.0,4.0,1.0,4.0,1.0,4.0,2.3827180174020377
5.0,4.0,1.0,4.0,2.0,1.0,2.422172776997868
5.0,4.0,1.0,4.0,3.0,2.0,2.5323657968558138
5.0,4.0,1.0,4.0,3.0,3.0,2.5353399684150832
5.0,4.0,1.0,4.0,4.0,4.0,3.3210326866208817
5.0,4.0,1.0,5.0,1.0,1.0,1.8504898868771436
5.0,4.0,1.0,5.0,1.0,3.0,2.2651732962696287
5.0,4.0,1.0,5.0,1.0,4.0,2.3827180030639465
5.0,4.0,1.0,5.0,3.0,1.0,2.4221727681864986
5.0,4.0,1.0,5.0,3.0,2.0,2.813438602426378
5.0,4.0,1.0,5.0,4.0,1.0,2.422172759053054
5.0,4.0,1.0,5.0,5.0,5.0,3.5085074558270115
5.0,4.0,2.0,1.0,1.0,1.0,2.0061255086447534
5.0,4.0,2.0,1.0,1.0,2.0,2.0265358981526544
5.0,4.0,2.0,1.0,1.0,3.0,2.0265358692497903
5.0,4.0,2.0,1.0,2.0,1.0,2.019073829434154
5.0,4.0,2.0,1.0,3.0,1.0,2.0248055585169893
5.0,4.0,2.0,1.0,3.0,2.0,2.026535882575455
5.0,4.0,2.0,1.0,3.0,3.0,2.409205975836217
5.0,4.0,2.0,1.0,4.0,2.0,2.3449403615862994
5.0,4.0,2.0,1.0,4.0,3.0,2.5206150578879
5.0,4.0,2.0,1.0,4.0,4.0,3.0039992215822213
5.0,4.0,2.0,1.0,5.0,1.0,2.439864540886796
5.0,4.0,2.0,1.0,5.0,4.0,3.4807755952508326
5.0,4.0,2.0,2.0,1.0,1.0,2.0080156245308203
5.0,4.0,2.0,2.0,1.0,2.0,2.2518676318915634
5.0,4.0,2.0,2.0,1.0,3.0,2.2518676227055328
5.0,4.0,2.0,2.0,1.0,4.0,2.9515924255195514
5.0,4.0,2.0,2.0,2.0,2.0,2.3392000389057297
5.0,4.0,2.0,2.0,2.0,3.0,2.6593684519812135
5.0,4.0,2.0,2.0,3.0,2.0,2.411937220344335
5.0,4.0,2.0,2.0,4.0,1.0,2.06979821373253
5.0,4.0,2.0,2.0,4.0,2.0,2.6725817196179573
5.0,4.0,2.0,2.0,4.0,3.0,2.8137946338233246
5.0,4.0,2.0,3.0,1.0,3.0,2.3827180287139007
5.0,4.0,2.0,3.0,2.0,2.0,2.6323641622149796
5.0,4.0,2.0,3.0,2.0,3.0,2.882787126453977
5.0,4.0,2.0,3.0,3.0,1.0,2.4780881804521213
5.0,4.0,2.0,3.0,3.0,2.0,2.6323641196448495
5.0,4.0,2.0,3.0,3.0,3.0,3.0815280207663784
5.0,4.0,2.0,3.0,4.0,1.0,2.702812482402774
5.0,4.0,2.0,3.0,4.0,2.0,2.750938350833462
5.0,4.0,2.0,3.0,4.0,3.0,3.2436082243214295
5.0,4.0,2.0,3.0,4.0,4.0,3.3482973851468936
5.0,4.0,2.0,3.0,5.0,4.0,3.48077558104089
5.0,4.0,2.0,3.0,5.0,5.0,3.55357034157556
5.0,4.0,2.0,4.0,1.0,2.0,2.382718063900002
5.0,4.0,2.0,4.0,1.0,3.0,2.382718044191881
5.0,4.0,2.0,4.0,2.0,1.0,2.580079341856804
5.0,4.0,2.0,4.0,2.0,2.0,2.6323641673136784
5.0,4.0,2.0,4.0,2.0,3.0,2.936781915779637
5.0,4.0,2.0,4.0,2.0,4.0,3.2668906865450196
5.0,4.0,2.0,4.0,3.0,2.0,3.1034987325210746
5.0,4.0,2.0,4.0,3.0,3.0,3.1058014943827055
5.0,4.0,2.0,4.0,3.0,4.0,3.4061022908079894
5.0,4.0,2.0,4.0,3.0,5.0,3.496393856652138
5.0,4.0,2.0,4.0,4.0,1.0,2.7028124739232466
5.0,4.0,2.0,4.0,4.0,2.0,3.243608209978248
5.0,4.0,2.0,4.0,4.0,3.0,3.2436082069921257
5.0,4.0,2.0,4.0,4.0,4.0,3.5020081906727776
5.0,4.0,2.0,4.0,4.0,5.0,3.5020081006378514
5.0,4.0,2.0,4.0,5.0,4.0,3.881950875331321
5.0,4.0,2.0,4.0,5.0,5.0,3.9781232089032104
5.0,4.0,2.0,5.0,1.0,1.0,2.580079341267362
5.0,4.0,2.0,5.0,1.0,3.0,2.80636071630617
5.0,4.0,2.0,5.0,1.0,4.0,2.9515924040095673
5.0,4.0,2.0,5.0,2.0,2.0,2.7509383269943677
5.0,4.0,2.0,5.0,2.0,3.0,3.367716638473911
5.0,4.0,2.0,5.0,3.0,3.0,3.381702812698351
5.0,4.0,2.0,5.0,3.0,4.0,3.659161595634403
5.0,4.0,2.0,5.0,4.0,1.0,3.243608219849239
5.0,4.0,2.0,5.0,4.0,2.0,3.243608216123986
5.0,4.0,2.0,5.0,4.0,4.0,3.881950918577455
5.0,4.0,2.0,5.0,4.0,5.0,3.8819508951112183
5.0,4.0,2.0,5.0,5.0,1.0,3.243608199864129
5.0,4.0,2.0,5.0,5.0,2.0,3.2436082053017476
5.0,4.0,2.0,5.0,5.0,3.0,3.3817027935637136
5.0,4.0,2.0,5.0,5.0,4.0,3.881950869792488
5.0,4.0,2.0,5.0,5.0,5.0,4.164429272569391
5.0,4.0,3.0,1.0,2.0,1.0,2.019073829201492
5.0,4.0,3.0,1.0,2.0,2.0,2.1672095235602313
5.0,4.0,3.0,1.0,2.0,3.0,2.3173927491778827
5.0,4.0,3.0,1.0,3.0,1.0,2.034905900399195
5.0,4.0,3.0,1.0,3.0,2.0,2.167209498647911
5.0,4.0,3.0,1.0,3.0,3.0,2.4092059705071045
5.0,4.0,3.0,1.0,4.0,2.0,2.7028124658807227
5.0,4.0,3.0,1.0,5.0,1.0,2.4398645235604213
5.0,4.0,3.0,1.0,5.0,3.0,2.702812471502287
5.0,4.0,3.0,2.0,1.0,2.0,2.618911988383431
5.0,4.0,3.0,2.0,1.0,3.0,2.6189119826760408
5.0,4.0,3.0,2.0,2.0,2.0,2.6189119991025893
5.0,4.0,3.0,2.0,2.0,3.0,2.825676271279612
5.0,4.0,3.0,2.0,2.0,4.0,3.00879539209785
5.0,4.0,3.0,2.0,3.0,1.0,2.6822836482048786
5.0,4.0,3.0,2.0,3.0,2.0,2.745483511345482
5.0,4.0,3.0,2.0,3.0,3.0,2.9523302719665625
5.0,4.0,3.0,2.0,3.0,4.0,3.341801588338239
5.0,4.0,3.0,2.0,4.0,1.0,2.7028124705940777
5.0,4.0,3.0,2.0,4.0,2.0,2.953816245644935
5.0,4.0,3.0,2.0,4.0,3.0,2.9841404697550913
5.0,4.0,3.0,2.0,4.0,4.0,3.3418015224944058
5.0,4.0,3.0,2.0,5.0,2.0,3.0090013998500607
5.0,4.0,3.0,2.0,5.0,3.0,3.243180389102292
5.0,4.0,3.0,2.0,5.0,4.0,3.59176942056844
5.0,4.0,3.0,2.0,5.0,5.0,3.5917694007045067
5.0,4.0,3.0,3.0,1.0,1.0,2.523278520809232
5.0,4.0,3.0,3.0,1.0,2.0,2.7510422379308497
5.0,4.0,3.0,3.0,1.0,3.0,2.8230669747546795
5.0,4.0,3.0,3.0,1.0,4.0,3.015360918358962
5.0,4.0,3.0,3.0,1.0,5.0,3.469014081293377
5.0,4.0,3.0,3.0,2.0,1.0,2.5620584052570123
5.0,4.0,3.0,3.0,2.0,2.0,2.819427534239224
5.0,4.0,3.0,3.0,2.0,3.0,3.070956223150502
5.0,4.0,3.0,3.0,2.0,4.0,3.5471361850588647
5.0,4.0,3.0,3.0,2.0,5.0,3.6686589114983574
5.0,4.0,3.0,3.0,3.0,2.0,3.0625569633060183
5.0,4.0,3.0,3.0,3.0,3.0,3.440291733813911
5.0,4.0,3.0,3.0,3.0,4.0,3.6686589466067607
5.0,4.0,3.0,3.0,3.0,5.0,3.6686589063954083
5.0,4.0,3.0,3.0,4.0,2.0,3.0625569200256666
5.0,4.0,3.0,3.0,4.0,3.0,3.4789628899636753
5.0,4.0,3.0,3.0,4.0,4.0,3.827750784568387
5.0,4.0,3.0,3.0,4.0,5.0,3.827750766131416
5.0,4.0,3.0,3.0,5.0,1.0,2.7028124680717958
5.0,4.0,3.0,3.0,5.0,2.0,3.0625568942003945
5.0,4.0,3.0,3.0,5.0,3.0,3.5993086157264127
5.0,4.0,3.0,3.0,5.0,4.0,3.8277507347132214
5.0,4.0,3.0,3.0,5.0,5.0,4.3785060874683115
5.0,4.0,3.0,4.0,1.0,2.0,2.7510422385729383
5.0,4.0,3.0,4.0,1.0,3.0,2.889625175815905
5.0,4.0,3.0,4.0,1.0,4.0,3.0402093204906797
5.0,4.0,3.0,4.0,2.0,1.0,2.58007932885216
5.0,4.0,3.0,4.0,2.0,2.0,3.2211793283381813
5.0,4.0,3.0,4.0,2.0,3.0,3.2211792826545556
5.0,4.0,3.0,4.0,2.0,4.0,3.54713616150334
5.0,4.0,3.0,4.0,3.0,1.0,3.004891662361942
5.0,4.0,3.0,4.0,3.0,2.0,3.2436082319266433
5.0,4.0,3.0,4.0,3.0,3.0,3.5838341091354367
5.0,4.0,3.0,4.0,3.0,4.0,4.086389699287936
5.0,4.0,3.0,4.0,3.0,5.0,4.0863896872817564
5.0,4.0,3.0,4.0,4.0,1.0,3.008073678111718
5.0,4.0,3.0,4.0,4.0,2.0,3.243608213992242
5.0,4.0,3.0,4.0,4.0,3.0,3.68546770507384
5.0,4.0,3.0,4.0,4.0,4.0,4.153285634390759
5.0,4.0,3.0,4.0,4.0,5.0,4.404288731891701
5.0,4.0,3.0,4.0,5.0,2.0,3.24360821469433
5.0,4.0,3.0,4.0,5.0,3.0,3.692284628654416
5.0,4.0,3.0,4.0,5.0,4.0,4.153285595313748
5.0,4.0,3.0,4.0,5.0,5.0,4.404288719692528
5.0,4.0,3.0,5.0,1.0,1.0,2.5800793416053414
5.0,4.0,3.0,5.0,1.0,3.0,2.9642792582144133
5.0,4.0,3.0,5.0,1.0,4.0,3.068718468174495
5.0,4.0,3.0,5.0,1.0,5.0,3.4690140690479865
5.0,4.0,3.0,5.0,2.0,2.0,3.246647853680109
5.0,4.0,3.0,5.0,2.0,3.0,3.4003765139066764
5.0,4.0,3.0,5.0,2.0,4.0,3.5471361430894226
5.0,4.0,3.0,5.0,2.0,5.0,3.9724378246997256
5.0,4.0,3.0,5.0,3.0,1.0,3.1872442123117533
5.0,4.0,3.0,5.0,3.0,2.0,3.2466478519015443
5.0,4.0,3.0,5.0,3.0,3.0,3.5838341001128433
5.0,4.0,3.0,5.0,3.0,4.0,4.089781107381483
5.0,4.0,3.0,5.0,3.0,5.0,4.089781072435414
5.0,4.0,3.0,5.0,4.0,2.0,3.2466478470464346
5.0,4.0,3.0,5.0,4.0,3.0,3.7498030222105827
5.0,4.0,3.0,5.0,4.0,4.0,4.217398896348633
5.0,4.0,3.0,5.0,4.0,5.0,4.4403943209668535
5.0,4.0,3.0,5.0,5.0,2.0,3.2466478506281047
5.0,4.0,3.0,5.0,5.0,3.0,3.9990369594957245
5.0,4.0,3.0,5.0,5.0,4.0,4.320402434221746
5.0,4.0,3.0,5.0,5.0,5.0,4.638894348045333
5.0,4.0,4.0,1.0,2.0,3.0,3.0083582467262624
5.0,4.0,4.0,1.0,3.0,3.0,3.024198822468007
5.0,4.0,4.0,1.0,4.0,2.0,3.082676672080922
5.0,4.0,4.0,1.0,4.0,3.0,3.0826766666163996
5.0,4.0,4.0,2.0,1.0,3.0,2.853941053313014
5.0,4.0,4.0,2.0,2.0,2.0,3.082676671700557
5.0,4.0,4.0,2.0,2.0,3.0,3.155586107712829
5.0,4.0,4.0,2.0,3.0,1.0,2.6822836284660747
5.0,4.0,4.0,2.0,3.0,3.0,3.2946148680078893
5.0,4.0,4.0,2.0,3.0,4.0,3.722822693699405
5.0,4.0,4.0,2.0,4.0,2.0,3.0826766531762377
5.0,4.0,4.0,2.0,4.0,3.0,3.2946148406268136
5.0,4.0,4.0,2.0,4.0,4.0,3.7856108252046483
5.0,4.0,4.0,2.0,5.0,2.0,3.08267664951721
5.0,4.0,4.0,2.0,5.0,3.0,3.7843432243136252
5.0,4.0,4.0,2.0,5.0,4.0,3.785610817235102
5.0,4.0,4.0,2.0,5.0,5.0,4.171210297064496
5.0,4.0,4.0,3.0,1.0,3.0,2.8539410496698587
5.0,4.0,4.0,3.0,1.0,4.0,3.354946174835835
5.0,4.0,4.0,3.0,2.0,2.0,3.0826766688380762
5.0,4.0,4.0,3.0,2.0,3.0,3.387958905156502
5.0,4.0,4.0,3.0,2.0,4.0,3.7939838584699794
5.0,4.0,4.0,3.0,3.0,1.0,3.0159792421707583
5.0,4.0,4.0,3.0,3.0,2.0,3.082676651734958
5.0,4.0,4.0,3.0,3.0,3.0,3.6663998405060996
5.0,4.0,4.0,3.0,3.0,4.0,3.961737095725899
5.0,4.0,4.0,3.0,3.0,5.0,4.132602407088215
5.0,4.0,4.0,3.0,4.0,2.0,3.4517015666225057
5.0,4.0,4.0,3.0,4.0,3.0,3.731202254096356
5.0,4.0,4.0,3.0,4.0,4.0,4.148082104332749
5.0,4.0,4.0,3.0,4.0,5.0,4.180035019903592
5.0,4.0,4.0,3.0,5.0,2.0,3.4517015386747008
5.0,4.0,4.0,3.0,5.0,3.0,3.784343220669952
5.0,4.0,4.0,3.0,5.0,4.0,4.148082092870674
5.0,4.0,4.0,3.0,5.0,5.0,4.3785060694068125
5.0,4.0,4.0,4.0,1.0,2.0,2.8896251296861495
5.0,4.0,4.0,4.0,1.0,3.0,3.0128483257431684
5.0,4.0,4.0,4.0,1.0,4.0,3.549126617516338
5.0,4.0,4.0,4.0,1.0,5.0,3.851224620453394
5.0,4.0,4.0,4.0,2.0,2.0,3.221179332250249
5.0,4.0,4.0,4.0,2.0,3.0,3.4882025213772296
5.0,4.0,4.0,4.0,2.0,4.0,3.881123256520403
5.0,4.0,4.0,4.0,2.0,5.0,4.144079581547402
5.0,4.0,4.0,4.0,3.0,1.0,3.0170040226422365
5.0,4.0,4.0,4.0,3.0,2.0,3.7547845530137245
5.0,4.0,4.0,4.0,3.0,3.0,3.9793984494799157
5.0,4.0,4.0,4.0,3.0,4.0,4.185510849439643
5.0,4.0,4.0,4.0,3.0,5.0,4.391138265881943
5.0,4.0,4.0,4.0,4.0,1.0,3.0218243345779765
5.0,4.0,4.0,4.0,4.0,2.0,3.7955876752094
5.0,4.0,4.0,4.0,4.0,3.0,4.045026830814862
5.0,4.0,4.0,4.0,4.0,4.0,4.3205817609678165
5.0,4.0,4.0,4.0,4.0,5.0,4.654515936329463
5.0,4.0,4.0,4.0,5.0,2.0,3.973641912250253
5.0,4.0,4.0,4.0,5.0,3.0,4.188371929997853
5.0,4.0,4.0,4.0,5.0,4.0,4.338033234178305
5.0,4.0,4.0,4.0,5.0,5.0,4.6553757180313875
5.0,4.0,4.0,5.0,1.0,1.0,3.3012133935330623
5.0,4.0,4.0,5.0,1.0,2.0,3.301213343422805
5.0,4.0,4.0,5.0,1.0,3.0,3.3012133027074575
5.0,4.0,4.0,5.0,1.0,4.0,3.5491266171649927
5.0,4.0,4.0,5.0,1.0,5.0,3.8512246196967035
5.0,4.0,4.0,5.0,2.0,2.0,3.453701339939811
5.0,4.0,4.0,5.0,2.0,3.0,3.4882024958745514
5.0,4.0,4.0,5.0,2.0,4.0,3.8996556578815835
5.0,4.0,4.0,5.0,2.0,5.0,4.241797963188609
5.0,4.0,4.0,5.0,3.0,3.0,3.999542347984911
5.0,4.0,4.0,5.0,3.0,4.0,4.29260850458843
5.0,4.0,4.0,5.0,3.0,5.0,4.439666596169057
5.0,4.0,4.0,5.0,4.0,2.0,3.9862150180484086
5.0,4.0,4.0,5.0,4.0,3.0,4.075516970290621
5.0,4.0,4.0,5.0,4.0,4.0,4.446477767367494
5.0,4.0,4.0,5.0,4.0,5.0,4.724031417770814
5.0,4.0,4.0,5.0,5.0,1.0,3.87482723652096
5.0,4.0,4.0,5.0,5.0,2.0,3.993372696564688
5.0,4.0,4.0,5.0,5.0,3.0,4.2411435128184065
5.0,4.0,4.0,5.0,5.0,4.0,4.548738972416572
5.0,4.0,4.0,5.0,5.0,5.0,4.803444638138194
5.0,4.0,5.0,1.0,4.0,5.0,3.617978003171977
5.0,4.0,5.0,1.0,5.0,5.0,3.6179779764675817
5.0,4.0,5.0,2.0,2.0,2.0,3.1555860653159855
5.0,4.0,5.0,2.0,3.0,4.0,3.72282269823541
5.0,4.0,5.0,2.0,3.0,5.0,3.9985915088716344
5.0,4.0,5.0,2.0,4.0,2.0,3.1555860659074177
5.0,4.0,5.0,2.0,4.0,3.0,3.7856108032384435
5.0,4.0,5.0,2.0,4.0,4.0,3.785610804994939
5.0,4.0,5.0,2.0,4.0,5.0,4.014432042024383
5.0,4.0,5.0,2.0,5.0,4.0,4.005298503167984
5.0,4.0,5.0,3.0,1.0,4.0,3.602835242552738
5.0,4.0,5.0,3.0,2.0,3.0,3.533467377554558
5.0,4.0,5.0,3.0,2.0,5.0,3.998901888118307
5.0,4.0,5.0,3.0,3.0,1.0,3.3397855926792674
5.0,4.0,5.0,3.0,3.0,2.0,3.3397855940270333
5.0,4.0,5.0,3.0,3.0,3.0,3.9989695967679095
5.0,4.0,5.0,3.0,3.0,4.0,4.173054008560836
5.0,4.0,5.0,3.0,3.0,5.0,4.420920988082759
5.0,4.0,5.0,3.0,4.0,3.0,4.036455639118439
5.0,4.0,5.0,3.0,4.0,4.0,4.173053913615087
5.0,4.0,5.0,3.0,4.0,5.0,4.420920968041005
5.0,4.0,5.0,3.0,5.0,2.0,3.451701524693869
5.0,4.0,5.0,3.0,5.0,3.0,4.256707543856743
5.0,4.0,5.0,3.0,5.0,4.0,4.321055542769053
5.0,4.0,5.0,3.0,5.0,5.0,4.59037594481256
5.0,4.0,5.0,4.0,1.0,3.0,3.453791976550355
5.0,4.0,5.0,4.0,1.0,5.0,3.85122461147432
5.0,4.0,5.0,4.0,2.0,2.0,3.4537013243075516
5.0,4.0,5.0,4.0,2.0,3.0,3.799257932168477
5.0,4.0,5.0,4.0,2.0,4.0,3.999358364484677
5.0,4.0,5.0,4.0,2.0,5.0,4.144079570423764
5.0,4.0,5.0,4.0,3.0,1.0,3.577422612694512
5.0,4.0,5.0,4.0,3.0,2.0,3.926318989272695
5.0,4.0,5.0,4.0,3.0,3.0,4.1465718642091165
5.0,4.0,5.0,4.0,3.0,4.0,4.285504556659416
5.0,4.0,5.0,4.0,3.0,5.0,4.553340031804811
5.0,4.0,5.0,4.0,4.0,3.0,4.146571790729765
5.0,4.0,5.0,4.0,4.0,4.0,4.482807908637611
5.0,4.0,5.0,4.0,4.0,5.0,4.722886138920217
5.0,4.0,5.0,4.0,5.0,2.0,4.001792395032547
5.0,4.0,5.0,4.0,5.0,3.0,4.256707545167221
5.0,4.0,5.0,4.0,5.0,4.0,4.557127661522842
5.0,4.0,5.0,4.0,5.0,5.0,4.804100579989067
5.0,4.0,5.0,5.0,1.0,2.0,3.349209643168345
5.0,4.0,5.0,5.0,1.0,3.0,3.515906752589981
5.0,4.0,5.0,5.0,1.0,4.0,3.851224620009407
5.0,4.0,5.0,5.0,1.0,5.0,3.851224601559773
5.0,4.0,5.0,5.0,2.0,2.0,3.453701325474345
5.0,4.0,5.0,5.0,2.0,3.0,3.908183094818647
5.0,4.0,5.0,5.0,2.0,4.0,4.172951868926289
5.0,4.0,5.0,5.0,2.0,5.0,4.250250723130207
5.0,4.0,5.0,5.0,3.0,3.0,4.1838030411391
5.0,4.0,5.0,5.0,3.0,4.0,4.496925165346141
5.0,4.0,5.0,5.0,3.0,5.0,4.6196360611976655
5.0,4.0,5.0,5.0,4.0,2.0,4.002102731115818
5.0,4.0,5.0,5.0,4.0,3.0,4.333076062571834
5.0,4.0,5.0,5.0,4.0,4.0,4.635936046402643
5.0,4.0,5.0,5.0,4.0,5.0,4.8408988863185725
5.0,4.0,5.0,5.0,5.0,1.0,3.874827236812592
5.0,4.0,5.0,5.0,5.0,3.0,4.395206654211683
5.0,4.0,5.0,5.0,5.0,4.0,4.739144971264564
5.0,4.0,5.0,5.0,5.0,5.0,4.910256626136164
5.0,5.0,1.0,1.0,1.0,1.0,1.5770222613102622
5.0,5.0,1.0,1.0,1.0,3.0,1.7964680470859518
5.0,5.0,1.0,1.0,2.0,1.0,1.577022223269889
5.0,5.0,1.0,1.0,2.0,2.0,2.0246029693992242
5.0,5.0,1.0,1.0,3.0,1.0,2.026535920915809
5.0,5.0,1.0,1.0,4.0,2.0,2.254333486740142
5.0,5.0,1.0,1.0,5.0,1.0,2.0536401734486383
5.0,5.0,1.0,1.0,5.0,3.0,2.2543334733458895
5.0,5.0,1.0,1.0,5.0,5.0,2.2543334662928265
5.0,5.0,1.0,2.0,1.0,1.0,1.5770222294716545
5.0,5.0,1.0,2.0,2.0,1.0,2.02049320339315
5.0,5.0,1.0,2.0,2.0,2.0,2.182800774600637
5.0,5.0,1.0,2.0,3.0,1.0,2.0363337988217056
5.0,5.0,1.0,2.0,3.0,2.0,2.1985702722736575
5.0,5.0,1.0,2.0,3.0,3.0,2.1985702505866827
5.0,5.0,1.0,2.0,4.0,1.0,2.053640144309331
5.0,5.0,1.0,2.0,4.0,2.0,2.2543334771032537
5.0,5.0,1.0,3.0,1.0,1.0,1.850489886306354
5.0,5.0,1.0,3.0,2.0,2.0,2.2375913392141644
5.0,5.0,1.0,3.0,2.0,3.0,2.6086871713824036
5.0,5.0,1.0,3.0,2.0,4.0,2.9869961185890137
5.0,5.0,1.0,3.0,3.0,1.0,2.237591301542695
5.0,5.0,1.0,3.0,3.0,2.0,2.346827412867771
5.0,5.0,1.0,3.0,3.0,3.0,2.813438596705648
5.0,5.0,1.0,3.0,3.0,4.0,3.0028367773259474
5.0,5.0,1.0,3.0,4.0,2.0,2.7890494907433365
5.0,5.0,1.0,3.0,4.0,3.0,2.998416568979386
5.0,5.0,1.0,4.0,1.0,1.0,1.85048987817705
5.0,5.0,1.0,4.0,1.0,2.0,2.4058598477888675
5.0,5.0,1.0,4.0,1.0,3.0,2.587092734731204
5.0,5.0,1.0,4.0,1.0,5.0,2.587092707466464
5.0,5.0,1.0,4.0,2.0,1.0,2.4221727504627673
5.0,5.0,1.0,4.0,2.0,2.0,2.4221727213525255
5.0,5.0,1.0,4.0,2.0,3.0,2.60868716075308
5.0,5.0,1.0,4.0,4.0,3.0,3.194534842461001
5.0,5.0,1.0,4.0,4.0,5.0,3.499933232500036
5.0,5.0,1.0,5.0,1.0,1.0,1.8504898579531164
5.0,5.0,1.0,5.0,1.0,3.0,2.587092724099595
5.0,5.0,1.0,5.0,1.0,5.0,2.587092683239196
5.0,5.0,1.0,5.0,2.0,2.0,2.422172707215608
5.0,5.0,1.0,5.0,2.0,4.0,3.3677166382448567
5.0,5.0,1.0,5.0,3.0,1.0,2.422172738089243
5.0,5.0,1.0,5.0,3.0,3.0,2.813438592864895
5.0,5.0,1.0,5.0,3.0,5.0,3.994577268125153
5.0,5.0,1.0,5.0,4.0,3.0,3.1945348196753525
5.0,5.0,1.0,5.0,4.0,5.0,3.9945772444985543
5.0,5.0,1.0,5.0,5.0,1.0,3.0060375553271412
5.0,5.0,1.0,5.0,5.0,3.0,3.194534796595716
5.0,5.0,1.0,5.0,5.0,4.0,3.506141419764424
5.0,5.0,1.0,5.0,5.0,5.0,3.994577226450192
5.0,5.0,2.0,1.0,1.0,1.0,2.023088863210888
5.0,5.0,2.0,1.0,1.0,3.0,2.6593684200468872
5.0,5.0,2.0,1.0,2.0,1.0,2.0230888633802917
5.0,5.0,2.0,1.0,2.0,2.0,2.0265358897185566
5.0,5.0,2.0,1.0,3.0,1.0,2.0265358950787684
5.0,5.0,2.0,1.0,3.0,2.0,2.0265358722076456
5.0,5.0,2.0,1.0,3.0,3.0,2.659368417964196
5.0,5.0,2.0,1.0,3.0,4.0,3.1072335611403177
5.0,5.0,2.0,1.0,5.0,1.0,2.7028124254252335
5.0,5.0,2.0,1.0,5.0,3.0,2.7028124174738846
5.0,5.0,2.0,2.0,1.0,2.0,2.3677993493055896
5.0,5.0,2.0,2.0,1.0,3.0,2.659368417071142
5.0,5.0,2.0,2.0,2.0,1.0,2.0662376024548217
5.0,5.0,2.0,2.0,2.0,2.0,2.3677993445032617
5.0,5.0,2.0,2.0,2.0,3.0,2.6593684302501885
5.0,5.0,2.0,2.0,3.0,2.0,2.6593684227302608
5.0,5.0,2.0,2.0,3.0,3.0,2.6593684079850926
5.0,5.0,2.0,2.0,4.0,1.0,2.702812453844887
5.0,5.0,2.0,2.0,4.0,2.0,2.702812432956525
5.0,5.0,2.0,2.0,4.0,3.0,2.813794612735192
5.0,5.0,2.0,2.0,5.0,1.0,2.70281243998332
5.0,5.0,2.0,2.0,5.0,2.0,2.702812420035064
5.0,5.0,2.0,2.0,5.0,3.0,3.026256644250103
5.0,5.0,2.0,2.0,5.0,4.0,3.553570339327415
5.0,5.0,2.0,2.0,5.0,5.0,3.553570328775448
5.0,5.0,2.0,3.0,1.0,1.0,2.0662376002370224
5.0,5.0,2.0,3.0,1.0,3.0,2.659368394710567
5.0,5.0,2.0,3.0,2.0,1.0,2.478088201716207
5.0,5.0,2.0,3.0,2.0,2.0,2.63236414463583
5.0,5.0,2.0,3.0,2.0,3.0,3.1404576755352744
5.0,5.0,2.0,3.0,3.0,1.0,2.4780881844627483
5.0,5.0,2.0,3.0,3.0,2.0,2.7890495193191955
5.0,5.0,2.0,3.0,3.0,3.0,3.140457648434368
5.0,5.0,2.0,3.0,3.0,4.0,3.3312381218813427
5.0,5.0,2.0,3.0,4.0,2.0,2.7890494864279645
5.0,5.0,2.0,3.0,4.0,3.0,3.243608205229214
5.0,5.0,2.0,3.0,4.0,4.0,3.5535703501935925
5.0,5.0,2.0,3.0,5.0,3.0,3.33534745602055
5.0,5.0,2.0,3.0,5.0,4.0,3.5535703386311805
5.0,5.0,2.0,3.0,5.0,5.0,3.553570326339231
5.0,5.0,2.0,4.0,1.0,1.0,2.1505802863593053
5.0,5.0,2.0,4.0,1.0,2.0,2.405859842002807
5.0,5.0,2.0,4.0,1.0,3.0,2.7185063229430977
5.0,5.0,2.0,4.0,1.0,5.0,2.9515923848168244
5.0,5.0,2.0,4.0,2.0,1.0,2.7028124627248067
5.0,5.0,2.0,4.0,2.0,2.0,3.1387148018786473
5.0,5.0,2.0,4.0,2.0,3.0,3.1404576583890553
5.0,5.0,2.0,4.0,2.0,4.0,3.266890680785141
5.0,5.0,2.0,4.0,2.0,5.0,3.743354919996964
5.0,5.0,2.0,4.0,3.0,2.0,3.1387147818209504
5.0,5.0,2.0,4.0,3.0,3.0,3.381702844242114
5.0,5.0,2.0,4.0,3.0,4.0,3.4061022772168728
5.0,5.0,2.0,4.0,3.0,5.0,4.134698648547479
5.0,5.0,2.0,4.0,4.0,2.0,3.2436081876279768
5.0,5.0,2.0,4.0,4.0,3.0,3.3817028070917172
5.0,5.0,2.0,4.0,4.0,4.0,3.665355592988518
5.0,5.0,2.0,4.0,4.0,5.0,4.134698646603189
5.0,5.0,2.0,4.0,5.0,1.0,2.7028124524373314
5.0,5.0,2.0,4.0,5.0,3.0,3.3817028270627185
5.0,5.0,2.0,4.0,5.0,4.0,3.968389105924601
5.0,5.0,2.0,4.0,5.0,5.0,4.134698660168715
5.0,5.0,2.0,5.0,1.0,1.0,2.5800793031949287
5.0,5.0,2.0,5.0,1.0,2.0,2.8063607107367874
5.0,5.0,2.0,5.0,1.0,3.0,2.806360706645231
5.0,5.0,2.0,5.0,1.0,4.0,2.9515923644367845
5.0,5.0,2.0,5.0,1.0,5.0,2.951592346157815
5.0,5.0,2.0,5.0,2.0,1.0,2.7028124644281006
5.0,5.0,2.0,5.0,2.0,3.0,3.3677166190741987
5.0,5.0,2.0,5.0,2.0,4.0,3.3677166022318517
5.0,5.0,2.0,5.0,2.0,5.0,3.743354914115522
5.0,5.0,2.0,5.0,3.0,1.0,2.7173686707710156
5.0,5.0,2.0,5.0,3.0,2.0,3.1387147440216174
5.0,5.0,2.0,5.0,3.0,3.0,3.381702805759584
5.0,5.0,2.0,5.0,3.0,4.0,3.8819508939867964
5.0,5.0,2.0,5.0,3.0,5.0,4.134698633184283
5.0,5.0,2.0,5.0,4.0,3.0,3.381702786844575
5.0,5.0,2.0,5.0,4.0,4.0,3.8819508880113816
5.0,5.0,2.0,5.0,4.0,5.0,4.3878875584830865
5.0,5.0,2.0,5.0,5.0,1.0,3.243608179913865
5.0,5.0,2.0,5.0,5.0,2.0,3.2436081760945807
5.0,5.0,2.0,5.0,5.0,3.0,3.381702765114021
5.0,5.0,2.0,5.0,5.0,4.0,4.160450449473973
5.0,5.0,2.0,5.0,5.0,5.0,4.402019356241923
5.0,5.0,3.0,1.0,1.0,1.0,2.023088835355463
5.0,5.0,3.0,1.0,1.0,2.0,2.0955182395250587
5.0,5.0,3.0,1.0,1.0,3.0,2.7028124546534404
5.0,5.0,3.0,1.0,2.0,1.0,2.504803066997477
5.0,5.0,3.0,1.0,2.0,2.0,2.5512476464865084
5.0,5.0,3.0,1.0,3.0,1.0,2.504803038977798
5.0,5.0,3.0,1.0,3.0,2.0,2.551247631844564
5.0,5.0,3.0,1.0,3.0,3.0,2.702812439567913
5.0,5.0,3.0,1.0,3.0,5.0,3.1072335528898254
5.0,5.0,3.0,1.0,4.0,1.0,2.702812451123908
5.0,5.0,3.0,1.0,4.0,2.0,2.7028124442147643
5.0,5.0,3.0,1.0,4.0,3.0,3.0224155552126564
5.0,5.0,3.0,1.0,4.0,4.0,3.1072335541128577
5.0,5.0,3.0,1.0,4.0,5.0,3.1072335463463316
5.0,5.0,3.0,1.0,5.0,2.0,2.702812411639835
5.0,5.0,3.0,1.0,5.0,4.0,3.6179779477597176
5.0,5.0,3.0,1.0,5.0,5.0,3.6179779397207628
5.0,5.0,3.0,2.0,1.0,1.0,2.2518676229076835
5.0,5.0,3.0,2.0,1.0,2.0,2.6189119609734406
5.0,5.0,3.0,2.0,1.0,3.0,2.9181943903499796
5.0,5.0,3.0,2.0,1.0,4.0,3.0113055656603676
5.0,5.0,3.0,2.0,2.0,2.0,2.618911948026795
5.0,5.0,3.0,2.0,2.0,3.0,3.047549801525642
5.0,5.0,3.0,2.0,2.0,4.0,3.047549794141935
5.0,5.0,3.0,2.0,3.0,2.0,2.8573334581956553
5.0,5.0,3.0,2.0,3.0,3.0,3.047549757732703
5.0,5.0,3.0,2.0,3.0,4.0,3.4540635853121215
5.0,5.0,3.0,2.0,4.0,1.0,2.7028124512484815
5.0,5.0,3.0,2.0,4.0,2.0,2.9538161976994495
5.0,5.0,3.0,2.0,4.0,3.0,3.1284264253676217
5.0,5.0,3.0,2.0,4.0,4.0,3.5983698040836605
5.0,5.0,3.0,2.0,4.0,5.0,3.9686577908808105
5.0,5.0,3.0,2.0,5.0,2.0,3.0090013991062965
5.0,5.0,3.0,2.0,5.0,3.0,3.243180381370339
5.0,5.0,3.0,2.0,5.0,4.0,3.6670436506074413
5.0,5.0,3.0,2.0,5.0,5.0,4.171210293571968
5.0,5.0,3.0,3.0,1.0,1.0,2.7826489139207506
5.0,5.0,3.0,3.0,1.0,3.0,2.9181943896342313
5.0,5.0,3.0,3.0,1.0,4.0,3.015360917967208
5.0,5.0,3.0,3.0,2.0,1.0,2.782648889012227
5.0,5.0,3.0,3.0,2.0,2.0,3.095257023182214
5.0,5.0,3.0,3.0,2.0,3.0,3.2728278083187856
5.0,5.0,3.0,3.0,2.0,4.0,3.7198468889224054
5.0,5.0,3.0,3.0,2.0,5.0,3.719846848420049
5.0,5.0,3.0,3.0,3.0,2.0,3.095256992372396
5.0,5.0,3.0,3.0,3.0,3.0,3.5119282033658528
5.0,5.0,3.0,3.0,3.0,4.0,3.8277508349138696
5.0,5.0,3.0,3.0,3.0,5.0,3.9951033934659406
5.0,5.0,3.0,3.0,4.0,2.0,3.127227279850608
5.0,5.0,3.0,3.0,4.0,3.0,3.5119282026905405
5.0,5.0,3.0,3.0,4.0,4.0,3.8277507655964302
5.0,5.0,3.0,3.0,4.0,5.0,3.9989408992830695
5.0,5.0,3.0,3.0,5.0,2.0,3.1272272730204658
5.0,5.0,3.0,3.0,5.0,3.0,3.719599469754601
5.0,5.0,3.0,3.0,5.0,4.0,4.172026037611927
5.0,5.0,3.0,3.0,5.0,5.0,4.3785060353306715
5.0,5.0,3.0,4.0,1.0,1.0,2.7826488889672834
5.0,5.0,3.0,4.0,1.0,2.0,3.003086025974724
5.0,5.0,3.0,4.0,1.0,3.0,3.0456452521598734
5.0,5.0,3.0,4.0,1.0,4.0,3.417707514510989
5.0,5.0,3.0,4.0,2.0,2.0,3.246647831357429
5.0,5.0,3.0,4.0,2.0,3.0,3.272827726764124
5.0,5.0,3.0,4.0,2.0,4.0,3.719846883049779
5.0,5.0,3.0,4.0,2.0,5.0,3.743354893504189
5.0,5.0,3.0,4.0,3.0,1.0,3.0048916315106737
5.0,5.0,3.0,4.0,3.0,2.0,3.275629051079105
5.0,5.0,3.0,4.0,3.0,3.0,3.6117301409739153
5.0,5.0,3.0,4.0,3.0,4.0,4.0863896687904555
5.0,5.0,3.0,4.0,3.0,5.0,4.39113812728568
5.0,5.0,3.0,4.0,4.0,2.0,3.2756290500229674
5.0,5.0,3.0,4.0,4.0,3.0,3.8262968401975392
5.0,5.0,3.0,4.0,4.0,4.0,4.288682596180726
5.0,5.0,3.0,4.0,4.0,5.0,4.515617842496555
5.0,5.0,3.0,4.0,5.0,1.0,3.0080736467117086
5.0,5.0,3.0,4.0,5.0,2.0,3.2756290391803105
5.0,5.0,3.0,4.0,5.0,3.0,3.963495204205363
5.0,5.0,3.0,4.0,5.0,4.0,4.28868253801639
5.0,5.0,3.0,4.0,5.0,5.0,4.521241081210899
5.0,5.0,3.0,5.0,1.0,1.0,3.194439851688674
5.0,5.0,3.0,5.0,1.0,2.0,3.194439804897712
5.0,5.0,3.0,5.0,1.0,3.0,3.2008071609819897
5.0,5.0,3.0,5.0,1.0,4.0,3.4177075070637253
5.0,5.0,3.0,5.0,1.0,5.0,3.469014042673321
5.0,5.0,3.0,5.0,2.0,2.0,3.2466478354168893
5.0,5.0,3.0,5.0,2.0,3.0,3.400376507021937
5.0,5.0,3.0,5.0,2.0,4.0,3.719846861871922
5.0,5.0,3.0,5.0,2.0,5.0,3.9724377847559453
5.0,5.0,3.0,5.0,3.0,1.0,3.4081196901078883
5.0,5.0,3.0,5.0,3.0,2.0,3.4081196782812504
5.0,5.0,3.0,5.0,3.0,3.0,3.796827501023579
5.0,5.0,3.0,5.0,3.0,4.0,4.168580376327552
5.0,5.0,3.0,5.0,3.0,5.0,4.424359352384698
5.0,5.0,3.0,5.0,4.0,1.0,3.408119683124977
5.0,5.0,3.0,5.0,4.0,2.0,3.4081196606662125
5.0,5.0,3.0,5.0,4.0,3.0,3.9512859721167355
5.0,5.0,3.0,5.0,4.0,4.0,4.358989777518473
5.0,5.0,3.0,5.0,4.0,5.0,4.599737066361082
5.0,5.0,3.0,5.0,5.0,1.0,3.7931992959519816
5.0,5.0,3.0,5.0,5.0,2.0,3.7931992772690513
5.0,5.0,3.0,5.0,5.0,3.0,4.184603213226918
5.0,5.0,3.0,5.0,5.0,4.0,4.369011481754946
5.0,5.0,3.0,5.0,5.0,5.0,4.733345186829132
5.0,5.0,4.0,1.0,2.0,1.0,2.5512476517432723
5.0,5.0,4.0,1.0,2.0,3.0,3.1072335910351856
5.0,5.0,4.0,1.0,3.0,3.0,3.107233569267582
5.0,5.0,4.0,1.0,3.0,4.0,3.1072335509304727
5.0,5.0,4.0,1.0,4.0,1.0,3.0100445723081863
5.0,5.0,4.0,1.0,4.0,4.0,3.107233555677057
5.0,5.0,4.0,1.0,4.0,5.0,3.1072335356881986
5.0,5.0,4.0,1.0,5.0,3.0,3.617977993608728
5.0,5.0,4.0,2.0,1.0,2.0,2.618911927710247
5.0,5.0,4.0,2.0,2.0,3.0,3.155586086968312
5.0,5.0,4.0,2.0,2.0,5.0,3.722822657809657
5.0,5.0,4.0,2.0,3.0,2.0,3.1527177371217903
5.0,5.0,4.0,2.0,3.0,3.0,3.29461485852395
5.0,5.0,4.0,2.0,3.0,4.0,3.722822673722304
5.0,5.0,4.0,2.0,3.0,5.0,3.7228226566779656
5.0,5.0,4.0,2.0,4.0,2.0,3.152717752714425
5.0,5.0,4.0,2.0,4.0,3.0,3.503135129985378
5.0,5.0,4.0,2.0,4.0,4.0,3.7856108120657286
5.0,5.0,4.0,2.0,4.0,5.0,4.171210319582917
5.0,5.0,4.0,2.0,5.0,2.0,3.152717743699457
5.0,5.0,4.0,2.0,5.0,3.0,3.784343216850058
5.0,5.0,4.0,2.0,5.0,4.0,3.785610811703718
5.0,5.0,4.0,2.0,5.0,5.0,4.171210286160402
5.0,5.0,4.0,3.0,1.0,2.0,3.2746878924406
5.0,5.0,4.0,3.0,1.0,3.0,3.274687890406531
5.0,5.0,4.0,3.0,1.0,4.0,3.354946150727736
5.0,5.0,4.0,3.0,1.0,5.0,3.753768187603401
5.0,5.0,4.0,3.0,2.0,2.0,3.274687876197643
5.0,5.0,4.0,3.0,2.0,3.0,3.4882025159838452
5.0,5.0,4.0,3.0,2.0,4.0,3.881123178882322
5.0,5.0,4.0,3.0,2.0,5.0,3.993263405122068
5.0,5.0,4.0,3.0,3.0,2.0,3.3369159512955844
5.0,5.0,4.0,3.0,3.0,3.0,3.814987329229844
5.0,5.0,4.0,3.0,3.0,4.0,4.132602449844699
5.0,5.0,4.0,3.0,3.0,5.0,4.1326024005168795
5.0,5.0,4.0,3.0,4.0,2.0,3.6627039564957626
5.0,5.0,4.0,3.0,4.0,3.0,4.01726558565053
5.0,5.0,4.0,3.0,4.0,4.0,4.148082104669873
5.0,5.0,4.0,3.0,4.0,5.0,4.443741967143944
5.0,5.0,4.0,3.0,5.0,3.0,4.024594251413396
5.0,5.0,4.0,3.0,5.0,4.0,4.3152712557008845
5.0,5.0,4.0,3.0,5.0,5.0,4.443741879310088
5.0,5.0,4.0,4.0,1.0,1.0,2.782648888545288
5.0,5.0,4.0,4.0,1.0,3.0,3.4537919903145258
5.0,5.0,4.0,4.0,1.0,4.0,3.5491265932784186
5.0,5.0,4.0,4.0,1.0,5.0,3.851224623896839
5.0,5.0,4.0,4.0,2.0,1.0,3.034736629099506
5.0,5.0,4.0,4.0,2.0,2.0,3.488202479377542
5.0,5.0,4.0,4.0,2.0,3.0,3.4882024876918685
5.0,5.0,4.0,4.0,2.0,4.0,3.8811231834766518
5.0,5.0,4.0,4.0,2.0,5.0,4.1440795773691494
5.0,5.0,4.0,4.0,3.0,1.0,3.034736599778635
5.0,5.0,4.0,4.0,3.0,2.0,3.7547845043528887
5.0,5.0,4.0,4.0,3.0,3.0,3.9793983878175068
5.0,5.0,4.0,4.0,3.0,4.0,4.20781567638113
5.0,5.0,4.0,4.0,3.0,5.0,4.3911381096093685
5.0,5.0,4.0,4.0,4.0,1.0,3.577422614923914
5.0,5.0,4.0,4.0,4.0,2.0,3.988603656208663
5.0,5.0,4.0,4.0,4.0,3.0,4.14412577308654
5.0,5.0,4.0,4.0,4.0,4.0,4.402160601333276
5.0,5.0,4.0,4.0,4.0,5.0,4.6827231739928425
5.0,5.0,4.0,4.0,5.0,1.0,3.8748272077766144
5.0,5.0,4.0,4.0,5.0,2.0,3.9943034656020933
5.0,5.0,4.0,4.0,5.0,3.0,4.202276818240984
5.0,5.0,4.0,4.0,5.0,4.0,4.504993785036288
5.0,5.0,4.0,4.0,5.0,5.0,4.7463879363154335
5.0,5.0,4.0,5.0,1.0,1.0,3.3347491726058442
5.0,5.0,4.0,5.0,1.0,2.0,3.33474916172668
5.0,5.0,4.0,5.0,1.0,3.0,3.4537919877593146
5.0,5.0,4.0,5.0,1.0,4.0,3.549126596696541
5.0,5.0,4.0,5.0,1.0,5.0,3.8512246189364543
5.0,5.0,4.0,5.0,2.0,2.0,3.4882024166395085
5.0,5.0,4.0,5.0,2.0,3.0,3.8630325903537224
5.0,5.0,4.0,5.0,2.0,4.0,4.092581323826842
5.0,5.0,4.0,5.0,2.0,5.0,4.241797952341225
5.0,5.0,4.0,5.0,3.0,1.0,3.408119646210367
5.0,5.0,4.0,5.0,3.0,2.0,3.7547844796331304
5.0,5.0,4.0,5.0,3.0,3.0,4.142549235410474
5.0,5.0,4.0,5.0,3.0,4.0,4.38719095530905
5.0,5.0,4.0,5.0,3.0,5.0,4.608203691614287
5.0,5.0,4.0,5.0,4.0,2.0,4.043790944974788
5.0,5.0,4.0,5.0,4.0,3.0,4.259336902012939
5.0,5.0,4.0,5.0,4.0,4.0,4.5785108518269935
5.0,5.0,4.0,5.0,4.0,5.0,4.802255345965342
5.0,5.0,4.0,5.0,5.0,2.0,4.043790921955945
5.0,5.0,4.0,5.0,5.0,3.0,4.34233313760335
5.0,5.0,4.0,5.0,5.0,4.0,4.66328605266199
5.0,5.0,4.0,5.0,5.0,5.0,4.8829038491697645
5.0,5.0,5.0,1.0,1.0,1.0,2.023088804056961
5.0,5.0,5.0,1.0,2.0,2.0,2.551247641135503
5.0,5.0,5.0,1.0,2.0,3.0,3.1072335872003314
5.0,5.0,5.0,1.0,3.0,1.0,3.3397855722988403
5.0,5.0,5.0,1.0,3.0,2.0,3.339785567450555
5.0,5.0,5.0,1.0,3.0,3.0,3.3397855211955556
5.0,5.0,5.0,1.0,4.0,4.0,3.3397854766875015
5.0,5.0,5.0,1.0,4.0,5.0,3.6179779892198014
5.0,5.0,5.0,1.0,5.0,1.0,3.3397855593099437
5.0,5.0,5.0,1.0,5.0,3.0,3.617977985033343
5.0,5.0,5.0,1.0,5.0,5.0,3.617977938325026
5.0,5.0,5.0,2.0,1.0,5.0,3.5172801221042933
5.0,5.0,5.0,2.0,2.0,3.0,3.155586052057369
5.0,5.0,5.0,2.0,2.0,4.0,3.51770526297931
5.0,5.0,5.0,2.0,2.0,5.0,3.993277562937875
5.0,5.0,5.0,2.0,3.0,2.0,3.339785564398698
5.0,5.0,5.0,2.0,3.0,3.0,3.7228226988910813
5.0,5.0,5.0,2.0,3.0,4.0,3.722822678510799
5.0,5.0,5.0,2.0,3.0,5.0,4.368406307587424
5.0,5.0,5.0,2.0,4.0,3.0,3.7856107827820162
5.0,5.0,5.0,2.0,4.0,4.0,3.8044314767448832
5.0,5.0,5.0,2.0,4.0,5.0,4.36840629837173
5.0,5.0,5.0,2.0,5.0,2.0,3.339785543569028
5.0,5.0,5.0,2.0,5.0,3.0,3.785610762186439
5.0,5.0,5.0,2.0,5.0,4.0,4.00739024634255
5.0,5.0,5.0,2.0,5.0,5.0,4.368406309213253
5.0,5.0,5.0,3.0,1.0,3.0,3.274687881400409
5.0,5.0,5.0,3.0,1.0,4.0,3.6028352315344967
5.0,5.0,5.0,3.0,1.0,5.0,3.7537681844267303
5.0,5.0,5.0,3.0,2.0,2.0,3.33978559655615
5.0,5.0,5.0,3.0,2.0,3.0,3.5334673688587843
5.0,5.0,5.0,3.0,2.0,4.0,4.144079577283284
5.0,5.0,5.0,3.0,2.0,5.0,4.144079566141594
5.0,5.0,5.0,3.0,3.0,1.0,3.339785574747728
5.0,5.0,5.0,3.0,3.0,2.0,3.3397855742918874
5.0,5.0,5.0,3.0,3.0,3.0,3.9996998494398284
5.0,5.0,5.0,3.0,3.0,4.0,4.276979060374726
5.0,5.0,5.0,3.0,3.0,5.0,4.530833920000264
5.0,5.0,5.0,3.0,4.0,2.0,3.752162893553508
5.0,5.0,5.0,3.0,4.0,3.0,4.223935959090353
5.0,5.0,5.0,3.0,4.0,4.0,4.36345764766541
5.0,5.0,5.0,3.0,4.0,5.0,4.590375932139647
5.0,5.0,5.0,3.0,5.0,1.0,3.339785561403851
5.0,5.0,5.0,3.0,5.0,2.0,4.1066285851905215
5.0,5.0,5.0,3.0,5.0,3.0,4.256707532559903
5.0,5.0,5.0,3.0,5.0,4.0,4.363457634910532
5.0,5.0,5.0,3.0,5.0,5.0,4.5903759221754035
5.0,5.0,5.0,4.0,1.0,3.0,3.4537919618740887
5.0,5.0,5.0,4.0,1.0,4.0,3.6767458998744518
5.0,5.0,5.0,4.0,1.0,5.0,4.003504289461484
5.0,5.0,5.0,4.0,2.0,2.0,3.797840443844437
5.0,5.0,5.0,4.0,2.0,3.0,3.9988107668402972
5.0,5.0,5.0,4.0,2.0,4.0,4.144079576899596
5.0,5.0,5.0,4.0,2.0,5.0,4.144079570385484
5.0,5.0,5.0,4.0,3.0,2.0,3.926318959198486
5.0,5.0,5.0,4.0,3.0,3.0,4.152991152409238
5.0,5.0,5.0,4.0,3.0,4.0,4.3909665927245785
5.0,5.0,5.0,4.0,3.0,5.0,4.558600174471082
5.0,5.0,5.0,4.0,4.0,1.0,3.577422604318644
5.0,5.0,5.0,4.0,4.0,2.0,4.106628569159617
5.0,5.0,5.0,4.0,4.0,3.0,4.309407187918991
5.0,5.0,5.0,4.0,4.0,4.0,4.608703791788734
5.0,5.0,5.0,4.0,4.0,5.0,4.801356186434196
5.0,5.0,5.0,4.0,5.0,2.0,4.1066285684851405
5.0,5.0,5.0,4.0,5.0,3.0,4.424636373078476
5.0,5.0,5.0,4.0,5.0,4.0,4.612917017533736
5.0,5.0,5.0,4.0,5.0,5.0,4.805114558618313
5.0,5.0,5.0,5.0,1.0,1.0,3.3347491348259917
5.0,5.0,5.0,5.0,1.0,2.0,3.6938717782516206
5.0,5.0,5.0,5.0,1.0,3.0,3.6938717737396747
5.0,5.0,5.0,5.0,1.0,4.0,3.945174107388096
5.0,5.0,5.0,5.0,1.0,5.0,4.105158355111467
5.0,5.0,5.0,5.0,2.0,2.0,3.797840441803177
5.0,5.0,5.0,5.0,2.0,3.0,4.000056335532873
5.0,5.0,5.0,5.0,2.0,4.0,4.172951847597725
5.0,5.0,5.0,5.0,2.0,5.0,4.524847972068468
5.0,5.0,5.0,5.0,3.0,1.0,3.5774225636684647
5.0,5.0,5.0,5.0,3.0,2.0,3.926318952411987
5.0,5.0,5.0,5.0,3.0,3.0,4.335338950648925
5.0,5.0,5.0,5.0,3.0,4.0,4.558130724109226
5.0,5.0,5.0,5.0,3.0,5.0,4.765372653990097
5.0,5.0,5.0,5.0,4.0,1.0,3.8748272719555317
5.0,5.0,5.0,5.0,4.0,2.0,4.106628557107648
5.0,5.0,5.0,5.0,4.0,3.0,4.4338826001482525
5.0,5.0,5.0,5.0,4.0,4.0,4.71791328093733
5.0,5.0,5.0,5.0,4.0,5.0,4.890814866648457
5.0,5.0,5.0,5.0,5.0,1.0,3.8748272035179956
5.0,5.0,5.0,5.0,5.0,2.0,4.106628531478238
5.0,5.0,5.0,5.0,5.0,3.0,4.522977864312111
5.0,5.0,5.0,5.0,5.0,4.0,4.773491399548209
5.0,5.0,5.0,5.0,5.0,5.0,4.965481725415051
