0,1,2,3,4,5,function_value
1.0,1.0,1.0,1.0,1.0,1.0,1.0
1.0,1.0,1.0,1.0,1.0,2.0,1.0
1.0,1.0,1.0,1.0,1.0,3.0,1.0
1.0,1.0,1.0,1.0,2.0,1.0,1.0
1.0,1.0,1.0,1.0,2.0,2.0,1.0
1.0,1.0,1.0,1.0,2.0,3.0,1.0943210990393206
1.0,1.0,1.0,1.0,2.0,4.0,1.2965546789484543
1.0,1.0,1.0,1.0,3.0,1.0,1.0
1.0,1.0,1.0,1.0,3.0,2.0,1.0336201338194495
1.0,1.0,1.0,1.0,3.0,3.0,1.2313481911135633
1.0,1.0,1.0,1.0,4.0,1.0,1.0
1.0,1.0,1.0,1.0,4.0,4.0,1.5750139508432401
1.0,1.0,1.0,1.0,5.0,3.0,1.5045279094385315
1.0,1.0,1.0,2.0,1.0,1.0,1.0
1.0,1.0,1.0,2.0,1.0,2.0,1.0
1.0,1.0,1.0,2.0,1.0,3.0,1.0793018406985408
1.0,1.0,1.0,2.0,1.0,4.0,1.28178766289597
1.0,1.0,1.0,2.0,2.0,1.0,1.0
1.0,1.0,1.0,2.0,2.0,2.0,1.0436001713825485
1.0,1.0,1.0,2.0,2.0,3.0,1.2193927786812526
1.0,1.0,1.0,2.0,2.0,4.0,1.419057690589237
1.0,1.0,1.0,2.0,3.0,1.0,1.0
1.0,1.0,1.0,2.0,3.0,2.0,1.1598097506740497
1.0,1.0,1.0,2.0,4.0,2.0,1.2937894997555153
1.0,1.0,1.0,2.0,5.0,5.0,2.036653388517103
1.0,1.0,1.0,3.0,1.0,1.0,1.0
1.0,1.0,1.0,3.0,1.0,2.0,1.0116757608980682
1.0,1.0,1.0,3.0,1.0,3.0,1.199343608155117
1.0,1.0,1.0,3.0,2.0,1.0,1.0
1.0,1.0,1.0,3.0,2.0,2.0,1.138496236684794
1.0,1.0,1.0,3.0,2.0,3.0,1.3395520072028013
1.0,1.0,1.0,3.0,3.0,1.0,1.0756762090131171
1.0,1.0,1.0,3.0,3.0,2.0,1.2757814279406128
1.0,1.0,1.0,3.0,3.0,3.0,1.474452700408035
1.0,1.0,1.0,3.0,4.0,2.0,1.412376238246177
1.0,1.0,1.0,3.0,4.0,3.0,1.60862079032256
1.0,1.0,1.0,3.0,4.0,4.0,1.8200215568470126
1.0,1.0,1.0,4.0,1.0,1.0,1.0
1.0,1.0,1.0,4.0,1.0,2.0,1.1230664471551122
1.0,1.0,1.0,4.0,1.0,3.0,1.3211562184308914
1.0,1.0,1.0,4.0,1.0,4.0,1.5267946177963383
1.0,1.0,1.0,4.0,2.0,2.0,1.2603377983780213
1.0,1.0,1.0,4.0,2.0,3.0,1.4607047082768403
1.0,1.0,1.0,4.0,3.0,2.0,1.3999593533734567
1.0,1.0,1.0,4.0,3.0,3.0,1.5971337757180257
1.0,1.0,1.0,4.0,3.0,4.0,1.8013371929975162
1.0,1.0,1.0,4.0,4.0,1.0,1.3330156582679364
1.0,1.0,1.0,4.0,4.0,2.0,1.53879708134299
1.0,1.0,1.0,4.0,4.0,3.0,1.7338693745643585
1.0,1.0,1.0,4.0,4.0,4.0,1.9313114520655001
1.0,1.0,1.0,5.0,1.0,1.0,1.0431983176393351
1.0,1.0,1.0,5.0,1.0,4.0,1.6492983000444936
1.0,1.0,1.0,5.0,1.0,5.0,1.8511623137778994
1.0,1.0,1.0,5.0,2.0,1.0,1.1809760585094267
1.0,1.0,1.0,5.0,2.0,5.0,1.992350666344413
1.0,1.0,1.0,5.0,3.0,1.0,1.31700633953969
1.0,1.0,1.0,5.0,3.0,3.0,1.7269633090463588
1.0,1.0,1.0,5.0,4.0,4.0,2.0650292431008856
1.0,1.0,1.0,5.0,5.0,5.0,2.3986852910929377
1.0,1.0,2.0,1.0,1.0,1.0,1.0
1.0,1.0,2.0,1.0,1.0,2.0,1.0220130821707245
1.0,1.0,2.0,1.0,2.0,1.0,1.0
1.0,1.0,2.0,1.0,2.0,2.0,1.1532247887912452
1.0,1.0,2.0,1.0,2.0,3.0,1.345737184392708
1.0,1.0,2.0,1.0,3.0,1.0,1.0786638884850783
1.0,1.0,2.0,1.0,3.0,2.0,1.2828457531666886
1.0,1.0,2.0,1.0,3.0,3.0,1.4792537014482507
1.0,1.0,2.0,1.0,3.0,5.0,1.8906533623658783
1.0,1.0,2.0,1.0,4.0,1.0,1.2165527052855802
1.0,1.0,2.0,1.0,4.0,3.0,1.6202797301048582
1.0,1.0,2.0,2.0,1.0,1.0,1.0
1.0,1.0,2.0,2.0,1.0,2.0,1.1883247488715167
1.0,1.0,2.0,2.0,1.0,3.0,1.3309698298047974
1.0,1.0,2.0,2.0,2.0,1.0,1.0645129050204143
1.0,1.0,2.0,2.0,2.0,2.0,1.2843128189385649
1.0,1.0,2.0,2.0,3.0,2.0,1.4067032435345266
1.0,1.0,2.0,2.0,3.0,3.0,1.6085787870615744
1.0,1.0,2.0,2.0,3.0,4.0,1.8073764099037615
1.0,1.0,2.0,2.0,4.0,2.0,1.5409195715082713
1.0,1.0,2.0,2.0,4.0,4.0,1.9446476839092406
1.0,1.0,2.0,3.0,1.0,1.0,1.056691981373317
1.0,1.0,2.0,3.0,1.0,2.0,1.2506276238853127
1.0,1.0,2.0,3.0,1.0,3.0,1.4524464719567767
1.0,1.0,2.0,3.0,2.0,1.0,1.1862868769153576
1.0,1.0,2.0,3.0,2.0,2.0,1.3873631993056816
1.0,1.0,2.0,3.0,2.0,3.0,1.5884396095242048
1.0,1.0,2.0,3.0,3.0,1.0,1.3282047970288433
1.0,1.0,2.0,3.0,3.0,2.0,1.5355276463493401
1.0,1.0,2.0,3.0,3.0,3.0,1.7234312538958447
1.0,1.0,2.0,3.0,3.0,5.0,2.135661770892286
1.0,1.0,2.0,3.0,4.0,3.0,1.8652873773516643
1.0,1.0,2.0,4.0,1.0,3.0,1.5670910664648505
1.0,1.0,2.0,4.0,1.0,4.0,1.7856747669452906
1.0,1.0,2.0,4.0,2.0,3.0,1.7132485860059607
1.0,1.0,2.0,4.0,3.0,2.0,1.6525726358358714
1.0,1.0,2.0,4.0,3.0,3.0,1.8555683271184404
1.0,1.0,2.0,4.0,4.0,2.0,1.7859269462130347
1.0,1.0,2.0,4.0,4.0,3.0,1.9878383904263177
1.0,1.0,2.0,4.0,4.0,4.0,2.1835796511736816
1.0,1.0,2.0,4.0,4.0,5.0,2.3993528973949982
1.0,1.0,2.0,4.0,5.0,5.0,2.5327073334403662
1.0,1.0,2.0,5.0,1.0,3.0,1.6984809565968417
1.0,1.0,2.0,5.0,4.0,4.0,2.314842393203031
1.0,1.0,2.0,5.0,5.0,5.0,2.65521103259717
1.0,1.0,3.0,1.0,1.0,1.0,1.083214079409564
1.0,1.0,3.0,1.0,1.0,2.0,1.2566431347899027
1.0,1.0,3.0,1.0,1.0,4.0,1.665294477076709
1.0,1.0,3.0,1.0,2.0,1.0,1.1923023422770485
1.0,1.0,3.0,1.0,2.0,2.0,1.3949198866823938
1.0,1.0,3.0,1.0,2.0,3.0,1.5967840504229716
1.0,1.0,3.0,1.0,3.0,2.0,1.5319408383594537
1.0,1.0,3.0,1.0,3.0,3.0,1.7350928057121022
1.0,1.0,3.0,2.0,1.0,1.0,1.1839612290404447
1.0,1.0,3.0,2.0,2.0,1.0,1.320880291240035
1.0,1.0,3.0,2.0,2.0,2.0,1.5193064575456332
1.0,1.0,3.0,2.0,2.0,3.0,1.7242848219516524
1.0,1.0,3.0,2.0,3.0,2.0,1.654694947048309
1.0,1.0,3.0,2.0,3.0,3.0,1.864392698523394
1.0,1.0,3.0,3.0,1.0,1.0,1.3127856865873249
1.0,1.0,3.0,3.0,1.0,2.0,1.5065730227685408
1.0,1.0,3.0,3.0,1.0,3.0,1.6945076344597347
1.0,1.0,3.0,3.0,2.0,2.0,1.6399274723320312
1.0,1.0,3.0,3.0,2.0,3.0,1.8365182989618494
1.0,1.0,3.0,3.0,3.0,1.0,1.5769913999669936
1.0,1.0,3.0,3.0,3.0,2.0,1.7771988260927636
1.0,1.0,3.0,3.0,3.0,3.0,1.9759005170765986
1.0,1.0,3.0,3.0,5.0,3.0,2.248713116778454
1.0,1.0,3.0,4.0,1.0,1.0,1.4255458595686215
1.0,1.0,3.0,4.0,1.0,4.0,2.028888098516418
1.0,1.0,3.0,4.0,2.0,2.0,1.7681645935259174
1.0,1.0,3.0,4.0,3.0,3.0,2.1054835012503093
1.0,1.0,3.0,4.0,3.0,4.0,2.3100500943095414
1.0,1.0,3.0,4.0,4.0,4.0,2.4389819025538895
1.0,1.0,3.0,5.0,3.0,3.0,2.2279872978206208
1.0,1.0,3.0,5.0,4.0,4.0,2.5710392734166425
1.0,1.0,3.0,5.0,5.0,5.0,2.9023410598305115
1.0,1.0,4.0,1.0,1.0,1.0,1.3056337749203832
1.0,1.0,4.0,1.0,3.0,1.0,1.5813757261264854
1.0,1.0,4.0,2.0,1.0,2.0,1.6390330731752611
1.0,1.0,4.0,2.0,2.0,1.0,1.56660636822325
1.0,1.0,4.0,2.0,3.0,2.0,1.9096582682400498
1.0,1.0,4.0,3.0,2.0,2.0,1.894890877768012
1.0,1.0,4.0,3.0,2.0,4.0,2.298619200374627
1.0,1.0,4.0,3.0,3.0,2.0,2.0282448496023417
1.0,1.0,4.0,3.0,4.0,4.0,2.577078502700822
1.0,1.0,4.0,3.0,4.0,5.0,2.782859435648286
1.0,1.0,4.0,4.0,4.0,2.0,2.2880211381218
1.0,1.0,5.0,1.0,1.0,1.0,1.5535411848184348
1.0,1.0,5.0,3.0,3.0,3.0,2.488990043452066
1.0,1.0,5.0,4.0,3.0,4.0,2.8172749046281225
1.0,1.0,5.0,5.0,1.0,3.0,2.4594553863706037
1.0,1.0,5.0,5.0,5.0,5.0,3.4044342187949033
1.0,2.0,1.0,1.0,1.0,1.0,1.0
1.0,2.0,1.0,1.0,1.0,2.0,1.0
1.0,2.0,1.0,1.0,1.0,3.0,1.0220827542176953
1.0,2.0,1.0,1.0,1.0,4.0,1.224032702650923
1.0,2.0,1.0,1.0,2.0,1.0,1.0
1.0,2.0,1.0,1.0,2.0,2.0,1.0
1.0,2.0,1.0,1.0,2.0,3.0,1.1588183268074597
1.0,2.0,1.0,1.0,3.0,1.0,1.0
1.0,2.0,1.0,1.0,3.0,2.0,1.0972414990268307
1.0,2.0,1.0,1.0,3.0,3.0,1.2921343199651234
1.0,2.0,1.0,1.0,3.0,4.0,1.5005322351122983
1.0,2.0,1.0,1.0,4.0,1.0,1.0302548482740972
1.0,2.0,1.0,2.0,1.0,1.0,1.0
1.0,2.0,1.0,2.0,1.0,2.0,1.0
1.0,2.0,1.0,2.0,1.0,3.0,1.1446729471909136
1.0,2.0,1.0,2.0,2.0,1.0,1.0
1.0,2.0,1.0,2.0,2.0,2.0,1.0901042287775682
1.0,2.0,1.0,2.0,2.0,3.0,1.2797524431542444
1.0,2.0,1.0,2.0,3.0,1.0,1.01910532363732
1.0,2.0,1.0,2.0,3.0,2.0,1.2204673571696742
1.0,2.0,1.0,2.0,3.0,3.0,1.414345942853801
1.0,2.0,1.0,2.0,4.0,1.0,1.1527584592812894
1.0,2.0,1.0,2.0,5.0,2.0,1.4918938645277129
1.0,2.0,1.0,2.0,5.0,3.0,1.6949526195756275
1.0,2.0,1.0,3.0,1.0,1.0,1.0
1.0,2.0,1.0,3.0,1.0,2.0,1.075584590785729
1.0,2.0,1.0,3.0,1.0,3.0,1.2738891870177629
1.0,2.0,1.0,3.0,2.0,1.0,1.0046010185296734
1.0,2.0,1.0,3.0,2.0,2.0,1.2124284021849856
1.0,2.0,1.0,3.0,2.0,3.0,1.4089047540210369
1.0,2.0,1.0,3.0,3.0,1.0,1.1358619826618994
1.0,2.0,1.0,3.0,3.0,2.0,1.334582853865031
1.0,2.0,1.0,3.0,3.0,3.0,1.5171787592591874
1.0,2.0,1.0,3.0,4.0,2.0,1.4771263780282848
1.0,2.0,1.0,3.0,4.0,3.0,1.676340884060886
1.0,2.0,1.0,3.0,4.0,4.0,1.8774172557414266
1.0,2.0,1.0,3.0,5.0,4.0,2.0220428600695017
1.0,2.0,1.0,4.0,1.0,2.0,1.1933784237622913
1.0,2.0,1.0,4.0,1.0,3.0,1.3881598644586535
1.0,2.0,1.0,4.0,2.0,2.0,1.3264471357298395
1.0,2.0,1.0,4.0,2.0,3.0,1.5269517646329904
1.0,2.0,1.0,4.0,3.0,3.0,1.6578319814980054
1.0,2.0,1.0,4.0,3.0,4.0,1.8598983500189958
1.0,2.0,1.0,4.0,4.0,3.0,1.7983666071438325
1.0,2.0,1.0,4.0,4.0,4.0,2.0033584381086
1.0,2.0,1.0,4.0,5.0,2.0,1.7369020821111953
1.0,2.0,1.0,5.0,1.0,1.0,1.1162895955004615
1.0,2.0,1.0,5.0,1.0,5.0,1.9159124103463512
1.0,2.0,1.0,5.0,2.0,5.0,2.057100671774488
1.0,2.0,1.0,5.0,5.0,5.0,2.4670843398853584
1.0,2.0,2.0,1.0,1.0,1.0,1.0
1.0,2.0,2.0,1.0,1.0,2.0,1.0746841387549817
1.0,2.0,2.0,1.0,1.0,3.0,1.2732158115683179
1.0,2.0,2.0,1.0,2.0,1.0,1.032286772315061
1.0,2.0,2.0,1.0,2.0,2.0,1.2150282342031127
1.0,2.0,2.0,1.0,2.0,3.0,1.4104871452091838
1.0,2.0,2.0,1.0,3.0,1.0,1.1462291995166332
1.0,2.0,2.0,1.0,3.0,3.0,1.5456210019961132
1.0,2.0,2.0,1.0,4.0,3.0,1.6889465244527855
1.0,2.0,2.0,1.0,4.0,4.0,1.8908104769700738
1.0,2.0,2.0,1.0,5.0,4.0,2.024165514618782
1.0,2.0,2.0,2.0,1.0,1.0,1.0
1.0,2.0,2.0,2.0,1.0,2.0,1.2077465073466456
1.0,2.0,2.0,2.0,1.0,3.0,1.3957196926296218
1.0,2.0,2.0,2.0,2.0,1.0,1.1321447667585776
1.0,2.0,2.0,2.0,2.0,2.0,1.3447756350159177
1.0,2.0,2.0,2.0,2.0,3.0,1.5369077070280475
1.0,2.0,2.0,2.0,3.0,1.0,1.2665340267229845
1.0,2.0,2.0,2.0,3.0,2.0,1.4727425680465331
1.0,2.0,2.0,2.0,3.0,3.0,1.6741790847185896
1.0,2.0,2.0,2.0,3.0,4.0,1.8721263847903133
1.0,2.0,2.0,2.0,4.0,3.0,1.8043822973062744
1.0,2.0,2.0,3.0,1.0,1.0,1.1136052083726389
1.0,2.0,2.0,3.0,1.0,2.0,1.319026739821059
1.0,2.0,2.0,3.0,1.0,3.0,1.5179424310840075
1.0,2.0,2.0,3.0,2.0,1.0,1.2517665280555361
1.0,2.0,2.0,3.0,2.0,2.0,1.4526002935052393
1.0,2.0,2.0,3.0,2.0,3.0,1.6558753098570247
1.0,2.0,2.0,3.0,2.0,4.0,1.8651926422187812
1.0,2.0,2.0,3.0,3.0,1.0,1.3899001727087426
1.0,2.0,2.0,3.0,3.0,2.0,1.583392086921704
1.0,2.0,2.0,3.0,3.0,3.0,1.7881186650622463
1.0,2.0,2.0,3.0,4.0,2.0,1.7320898567871248
1.0,2.0,2.0,3.0,4.0,3.0,1.9342118519204086
1.0,2.0,2.0,3.0,4.0,4.0,2.13476235206015
1.0,2.0,2.0,4.0,1.0,1.0,1.236998763553888
1.0,2.0,2.0,4.0,1.0,5.0,2.0444595847430542
1.0,2.0,2.0,4.0,2.0,1.0,1.3781871755077837
1.0,2.0,2.0,4.0,2.0,2.0,1.5761345179072006
1.0,2.0,2.0,4.0,2.0,3.0,1.7788644821690272
1.0,2.0,2.0,4.0,2.0,4.0,1.9837795465489916
1.0,2.0,2.0,4.0,3.0,1.0,1.5115415833475487
1.0,2.0,2.0,4.0,3.0,2.0,1.717322482142883
1.0,2.0,2.0,4.0,3.0,3.0,1.9120410857562424
1.0,2.0,2.0,4.0,3.0,4.0,2.1210507556397324
1.0,2.0,2.0,4.0,4.0,1.0,1.648812967478424
1.0,2.0,2.0,4.0,4.0,2.0,1.858510580873881
1.0,2.0,2.0,4.0,4.0,3.0,2.048245082476129
1.0,2.0,2.0,4.0,4.0,4.0,2.265117760104039
1.0,2.0,2.0,4.0,5.0,5.0,2.5935397307773655
1.0,2.0,2.0,5.0,1.0,2.0,1.570881979066112
1.0,2.0,2.0,5.0,3.0,2.0,1.8404514205908493
1.0,2.0,2.0,5.0,5.0,5.0,2.723877812978862
1.0,2.0,3.0,1.0,1.0,1.0,1.1286475451632212
1.0,2.0,3.0,1.0,1.0,2.0,1.3263977189300575
1.0,2.0,3.0,1.0,2.0,1.0,1.2576856195692925
1.0,2.0,3.0,1.0,2.0,2.0,1.4596697835436812
1.0,2.0,3.0,1.0,3.0,1.0,1.3951718260275243
1.0,2.0,3.0,1.0,3.0,2.0,1.594611732246461
1.0,2.0,3.0,1.0,3.0,3.0,1.806638756906455
1.0,2.0,3.0,1.0,4.0,5.0,2.3437214811893337
1.0,2.0,3.0,2.0,1.0,1.0,1.2459917550530741
1.0,2.0,3.0,2.0,2.0,1.0,1.3773529557344493
1.0,2.0,3.0,2.0,2.0,2.0,1.5838037500375564
1.0,2.0,3.0,2.0,3.0,2.0,1.7171501879527582
1.0,2.0,3.0,2.0,3.0,3.0,1.9186658452483007
1.0,2.0,3.0,2.0,4.0,2.0,1.8606328322842203
1.0,2.0,3.0,3.0,1.0,1.0,1.3627002573391371
1.0,2.0,3.0,3.0,1.0,2.0,1.5729957988551495
1.0,2.0,3.0,3.0,1.0,3.0,1.7651158731806016
1.0,2.0,3.0,3.0,2.0,1.0,1.5067300781362851
1.0,2.0,3.0,3.0,2.0,2.0,1.7042355823629585
1.0,2.0,3.0,3.0,2.0,3.0,1.9143751022915714
1.0,2.0,3.0,3.0,3.0,1.0,1.644001325471606
1.0,2.0,3.0,3.0,3.0,2.0,1.8354031381253855
1.0,2.0,3.0,3.0,3.0,3.0,1.9800514758503052
1.0,2.0,3.0,3.0,4.0,2.0,1.9792199329384677
1.0,2.0,3.0,3.0,4.0,3.0,2.1782896378935668
1.0,2.0,3.0,3.0,4.0,4.0,2.3931590337065125
1.0,2.0,3.0,4.0,1.0,1.0,1.4880458306972393
1.0,2.0,3.0,4.0,1.0,3.0,1.8887280520069207
1.0,2.0,3.0,4.0,1.0,4.0,2.097555009720905
1.0,2.0,3.0,4.0,2.0,4.0,2.234826286365734
1.0,2.0,3.0,4.0,3.0,1.0,1.7625883052824955
1.0,2.0,3.0,4.0,3.0,3.0,2.1708050893392405
1.0,2.0,3.0,4.0,3.0,4.0,2.3720975333856216
1.0,2.0,3.0,4.0,4.0,3.0,2.310206509482767
1.0,2.0,3.0,4.0,4.0,4.0,2.5111954893546766
1.0,2.0,3.0,4.0,4.0,5.0,2.707315562403683
1.0,2.0,3.0,4.0,5.0,5.0,2.852420952376465
1.0,2.0,3.0,5.0,2.0,3.0,2.1593827941851256
1.0,2.0,3.0,5.0,3.0,3.0,2.2915947692855454
1.0,2.0,3.0,5.0,4.0,2.0,2.2242272724004484
1.0,2.0,3.0,5.0,4.0,3.0,2.430008419729943
1.0,2.0,4.0,2.0,1.0,2.0,1.7021993192535196
1.0,2.0,4.0,2.0,2.0,3.0,2.038849065130857
1.0,2.0,4.0,3.0,2.0,3.0,2.1615050167424052
1.0,2.0,4.0,3.0,3.0,3.0,2.2948595267230485
1.0,2.0,4.0,3.0,4.0,4.0,2.633994877752432
1.0,2.0,4.0,4.0,1.0,3.0,2.1428203331588027
1.0,2.0,4.0,4.0,4.0,3.0,2.5546344293101826
1.0,2.0,4.0,4.0,5.0,5.0,3.0995506727861404
1.0,2.0,4.0,5.0,4.0,3.0,2.681054918103705
1.0,2.0,4.0,5.0,4.0,4.0,2.882919101071199
1.0,2.0,5.0,3.0,5.0,5.0,3.2398438541085612
1.0,2.0,5.0,5.0,5.0,2.0,2.8635921916848943
1.0,2.0,5.0,5.0,5.0,5.0,3.47310133162204
1.0,3.0,1.0,1.0,1.0,1.0,1.0
1.0,3.0,1.0,1.0,1.0,2.0,1.0
1.0,3.0,1.0,1.0,1.0,3.0,1.096187072909463
1.0,3.0,1.0,1.0,1.0,4.0,1.2881852599668302
1.0,3.0,1.0,1.0,2.0,1.0,1.0
1.0,3.0,1.0,1.0,2.0,2.0,1.0300796926190603
1.0,3.0,1.0,1.0,2.0,3.0,1.231692333979613
1.0,3.0,1.0,1.0,3.0,1.0,1.0
1.0,3.0,1.0,1.0,3.0,2.0,1.1643258149870728
1.0,3.0,1.0,1.0,3.0,3.0,1.344844642613607
1.0,3.0,1.0,1.0,3.0,4.0,1.5567823289425868
1.0,3.0,1.0,1.0,3.0,5.0,1.769106201843194
1.0,3.0,1.0,1.0,4.0,1.0,1.0942660841676115
1.0,3.0,1.0,1.0,4.0,2.0,1.30078562104316
1.0,3.0,1.0,1.0,4.0,3.0,1.4929396852406462
1.0,3.0,1.0,1.0,4.0,4.0,1.6978631682531726
1.0,3.0,1.0,1.0,5.0,2.0,1.4380568383799235
1.0,3.0,1.0,2.0,1.0,1.0,1.0
1.0,3.0,1.0,2.0,1.0,2.0,1.0359491927444002
1.0,3.0,1.0,2.0,1.0,3.0,1.2100491641681728
1.0,3.0,1.0,2.0,2.0,1.0,1.0
1.0,3.0,1.0,2.0,2.0,2.0,1.1630236380833192
1.0,3.0,1.0,2.0,2.0,3.0,1.3424557244300055
1.0,3.0,1.0,2.0,2.0,4.0,1.5524750855219016
1.0,3.0,1.0,2.0,3.0,1.0,1.0865647365215263
1.0,3.0,1.0,2.0,3.0,2.0,1.279095903787527
1.0,3.0,1.0,2.0,3.0,3.0,1.4424372110739245
1.0,3.0,1.0,2.0,3.0,4.0,1.6897461329555423
1.0,3.0,1.0,2.0,3.0,5.0,1.8876955274098115
1.0,3.0,1.0,2.0,4.0,1.0,1.2197042790818824
1.0,3.0,1.0,2.0,4.0,3.0,1.6212367080723218
1.0,3.0,1.0,3.0,1.0,1.0,1.0
1.0,3.0,1.0,3.0,1.0,2.0,1.1315133797261514
1.0,3.0,1.0,3.0,1.0,3.0,1.3226811481151968
1.0,3.0,1.0,3.0,1.0,4.0,1.537707482082088
1.0,3.0,1.0,3.0,2.0,1.0,1.068054106939813
1.0,3.0,1.0,3.0,2.0,2.0,1.2808590603582402
1.0,3.0,1.0,3.0,2.0,3.0,1.4576440900617604
1.0,3.0,1.0,3.0,2.0,4.0,1.6710620593351593
1.0,3.0,1.0,3.0,3.0,1.0,1.1967047307972365
1.0,3.0,1.0,3.0,3.0,2.0,1.407628882659387
1.0,3.0,1.0,3.0,3.0,3.0,1.5171674861492013
1.0,3.0,1.0,3.0,3.0,4.0,1.811289903417733
1.0,3.0,1.0,3.0,4.0,1.0,1.3400121302740904
1.0,3.0,1.0,3.0,4.0,2.0,1.5397617274061863
1.0,3.0,1.0,3.0,4.0,3.0,1.7325350792708187
1.0,3.0,1.0,3.0,4.0,4.0,1.9539796242548573
1.0,3.0,1.0,3.0,5.0,2.0,1.6803992780059807
1.0,3.0,1.0,3.0,5.0,3.0,1.881936147532893
1.0,3.0,1.0,3.0,5.0,5.0,2.2886562115077327
1.0,3.0,1.0,4.0,1.0,1.0,1.0585560214121437
1.0,3.0,1.0,4.0,1.0,2.0,1.252526568364688
1.0,3.0,1.0,4.0,1.0,3.0,1.449927265239854
1.0,3.0,1.0,4.0,1.0,4.0,1.6577399716277803
1.0,3.0,1.0,4.0,1.0,5.0,1.8620757222804676
1.0,3.0,1.0,4.0,2.0,1.0,1.1879735006455472
1.0,3.0,1.0,4.0,2.0,2.0,1.3868068088752319
1.0,3.0,1.0,4.0,2.0,3.0,1.5895954052431558
1.0,3.0,1.0,4.0,3.0,1.0,1.324083387571817
1.0,3.0,1.0,4.0,3.0,2.0,1.5305470755384416
1.0,3.0,1.0,4.0,3.0,3.0,1.7234675622945566
1.0,3.0,1.0,4.0,3.0,4.0,1.9277679915997443
1.0,3.0,1.0,4.0,4.0,2.0,1.669591267543084
1.0,3.0,1.0,4.0,4.0,3.0,1.846350339848526
1.0,3.0,1.0,4.0,4.0,4.0,2.0570594203084767
1.0,3.0,1.0,4.0,4.0,5.0,2.2699721823664056
1.0,3.0,1.0,4.0,5.0,3.0,2.007403150522777
1.0,3.0,1.0,4.0,5.0,4.0,2.2053795523568382
1.0,3.0,1.0,5.0,1.0,1.0,1.1723955083386837
1.0,3.0,1.0,5.0,1.0,2.0,1.386200566110214
1.0,3.0,1.0,5.0,1.0,3.0,1.5741042301488457
1.0,3.0,1.0,5.0,1.0,4.0,1.7757591077045596
1.0,3.0,1.0,5.0,1.0,5.0,1.9769253642880849
1.0,3.0,1.0,5.0,2.0,5.0,2.1174732026673055
1.0,3.0,1.0,5.0,3.0,1.0,1.4481541635259263
1.0,3.0,1.0,5.0,3.0,2.0,1.6496126338967267
1.0,3.0,1.0,5.0,3.0,3.0,1.844856961892102
1.0,3.0,1.0,5.0,3.0,4.0,2.057257564656429
1.0,3.0,1.0,5.0,3.0,5.0,2.255204635508884
1.0,3.0,1.0,5.0,4.0,5.0,2.389424306547913
1.0,3.0,1.0,5.0,5.0,1.0,1.722290991622451
1.0,3.0,1.0,5.0,5.0,3.0,2.1294289148410623
1.0,3.0,1.0,5.0,5.0,4.0,2.326603341317365
1.0,3.0,1.0,5.0,5.0,5.0,2.5313367693467206
1.0,3.0,2.0,1.0,1.0,1.0,1.0
1.0,3.0,2.0,1.0,1.0,2.0,1.1477215870985351
1.0,3.0,2.0,1.0,1.0,3.0,1.3366091206390738
1.0,3.0,2.0,1.0,1.0,4.0,1.5398298328716387
1.0,3.0,2.0,1.0,2.0,1.0,1.0799779652398254
1.0,3.0,2.0,1.0,2.0,2.0,1.2841030504270774
1.0,3.0,2.0,1.0,2.0,3.0,1.4741894779725384
1.0,3.0,2.0,1.0,2.0,4.0,1.6810183840957582
1.0,3.0,2.0,1.0,3.0,1.0,1.2030909911178873
1.0,3.0,2.0,1.0,3.0,2.0,1.418398742756636
1.0,3.0,2.0,1.0,3.0,3.0,1.610569520944736
1.0,3.0,2.0,1.0,3.0,4.0,1.8182892886013076
1.0,3.0,2.0,1.0,4.0,2.0,1.5479154194866076
1.0,3.0,2.0,1.0,4.0,3.0,1.7536964758696212
1.0,3.0,2.0,1.0,5.0,3.0,1.883589280976494
1.0,3.0,2.0,2.0,1.0,1.0,1.0626122163770335
1.0,3.0,2.0,2.0,1.0,2.0,1.2844487905103377
1.0,3.0,2.0,2.0,1.0,3.0,1.4602259955705024
1.0,3.0,2.0,2.0,2.0,1.0,1.2010028550690528
1.0,3.0,2.0,2.0,2.0,2.0,1.4167645291460516
1.0,3.0,2.0,2.0,2.0,3.0,1.5955815917114073
1.0,3.0,2.0,2.0,3.0,1.0,1.3313076151048766
1.0,3.0,2.0,2.0,3.0,2.0,1.551280820839541
1.0,3.0,2.0,2.0,3.0,3.0,1.7173825299086658
1.0,3.0,2.0,2.0,4.0,2.0,1.6743360649964079
1.0,3.0,2.0,2.0,4.0,3.0,1.866539515749186
1.0,3.0,2.0,2.0,4.0,4.0,2.0699558807763467
1.0,3.0,2.0,2.0,4.0,5.0,2.2799282244034096
1.0,3.0,2.0,2.0,5.0,3.0,2.0134715456978522
1.0,3.0,2.0,3.0,1.0,1.0,1.1803980078192304
1.0,3.0,2.0,3.0,1.0,2.0,1.3962620990249188
1.0,3.0,2.0,3.0,1.0,3.0,1.5567561838135626
1.0,3.0,2.0,3.0,1.0,4.0,1.7895787048154788
1.0,3.0,2.0,3.0,2.0,1.0,1.318120146475148
1.0,3.0,2.0,3.0,2.0,2.0,1.5169230591058707
1.0,3.0,2.0,3.0,2.0,3.0,1.7156410826615145
1.0,3.0,2.0,3.0,2.0,4.0,1.9224123146607512
1.0,3.0,2.0,3.0,2.0,5.0,2.131807403991067
1.0,3.0,2.0,3.0,3.0,1.0,1.4548486852390694
1.0,3.0,2.0,3.0,3.0,2.0,1.6661342177237553
1.0,3.0,2.0,3.0,3.0,3.0,1.8059787472534479
1.0,3.0,2.0,3.0,3.0,4.0,2.0625616877703337
1.0,3.0,2.0,3.0,4.0,2.0,1.7945323892501295
1.0,3.0,2.0,3.0,4.0,3.0,1.9873483142850268
1.0,3.0,2.0,3.0,4.0,4.0,2.19213464678598
1.0,3.0,2.0,3.0,4.0,5.0,2.402431919106849
1.0,3.0,2.0,3.0,5.0,3.0,2.1359753228952663
1.0,3.0,2.0,3.0,5.0,4.0,2.341756104285513
1.0,3.0,2.0,4.0,1.0,1.0,1.3005714373149495
1.0,3.0,2.0,4.0,1.0,2.0,1.5016478194199938
1.0,3.0,2.0,4.0,1.0,3.0,1.7068299277033947
1.0,3.0,2.0,4.0,1.0,4.0,1.9041743052751368
1.0,3.0,2.0,4.0,2.0,1.0,1.4429371273432252
1.0,3.0,2.0,4.0,2.0,2.0,1.647562496651708
1.0,3.0,2.0,4.0,2.0,3.0,1.848446431327786
1.0,3.0,2.0,4.0,2.0,4.0,2.0481521364046635
1.0,3.0,2.0,4.0,3.0,1.0,1.5818463043262465
1.0,3.0,2.0,4.0,3.0,2.0,1.7829227026635477
1.0,3.0,2.0,4.0,3.0,3.0,1.9665736085398338
1.0,3.0,2.0,4.0,3.0,4.0,2.184654293600167
1.0,3.0,2.0,4.0,4.0,1.0,1.7135627199559684
1.0,3.0,2.0,4.0,4.0,3.0,2.121785219614836
1.0,3.0,2.0,4.0,4.0,4.0,2.3144486782687195
1.0,3.0,2.0,4.0,5.0,3.0,2.261372218827528
1.0,3.0,2.0,4.0,5.0,4.0,2.460651101544892
1.0,3.0,2.0,5.0,1.0,2.0,1.6275754416257342
1.0,3.0,2.0,5.0,1.0,3.0,1.8286518429549738
1.0,3.0,2.0,5.0,1.0,5.0,2.2317087933089983
1.0,3.0,2.0,5.0,2.0,2.0,1.7721148581399848
1.0,3.0,2.0,5.0,2.0,3.0,1.9652522333916453
1.0,3.0,2.0,5.0,2.0,4.0,2.174950071960005
1.0,3.0,2.0,5.0,2.0,5.0,2.372897146465798
1.0,3.0,2.0,5.0,3.0,1.0,1.698795446536157
1.0,3.0,2.0,5.0,3.0,2.0,1.904576224971128
1.0,3.0,2.0,5.0,3.0,3.0,2.1043951320425798
1.0,3.0,2.0,5.0,3.0,4.0,2.3008510508511804
1.0,3.0,2.0,5.0,3.0,5.0,2.5081776450495292
1.0,3.0,2.0,5.0,4.0,3.0,2.2388585599598443
1.0,3.0,2.0,5.0,4.0,4.0,2.4438368892839173
1.0,3.0,2.0,5.0,5.0,3.0,2.3809828631899213
1.0,3.0,2.0,5.0,5.0,4.0,2.584474340362835
1.0,3.0,2.0,5.0,5.0,5.0,2.777746920869259
1.0,3.0,3.0,1.0,1.0,1.0,1.1644074665462782
1.0,3.0,3.0,1.0,1.0,2.0,1.392067855928661
1.0,3.0,3.0,1.0,1.0,3.0,1.5890124260484713
1.0,3.0,3.0,1.0,1.0,4.0,1.7908766736095687
1.0,3.0,3.0,1.0,2.0,1.0,1.3106541264150078
1.0,3.0,3.0,1.0,2.0,2.0,1.525675107892789
1.0,3.0,3.0,1.0,2.0,3.0,1.7302005036410602
1.0,3.0,3.0,1.0,3.0,1.0,1.4565075499429065
1.0,3.0,3.0,1.0,3.0,2.0,1.6643481864998697
1.0,3.0,3.0,1.0,3.0,3.0,1.8268670933116855
1.0,3.0,3.0,1.0,3.0,4.0,2.0693359812921823
1.0,3.0,3.0,1.0,4.0,1.0,1.5970980047993373
1.0,3.0,3.0,1.0,4.0,3.0,2.0008262801024297
1.0,3.0,3.0,1.0,4.0,4.0,2.210524119929296
1.0,3.0,3.0,1.0,5.0,1.0,1.7315035316066245
1.0,3.0,3.0,1.0,5.0,3.0,2.1420151947986565
1.0,3.0,3.0,2.0,1.0,1.0,1.308659001174509
1.0,3.0,3.0,2.0,1.0,2.0,1.5092893977581292
1.0,3.0,3.0,2.0,1.0,3.0,1.7198241031218975
1.0,3.0,3.0,2.0,1.0,4.0,1.9172971458142003
1.0,3.0,3.0,2.0,2.0,1.0,1.447224604888769
1.0,3.0,3.0,2.0,2.0,2.0,1.6422152515257573
1.0,3.0,3.0,2.0,2.0,3.0,1.8516925427072946
1.0,3.0,3.0,2.0,2.0,4.0,2.058257581192667
1.0,3.0,3.0,2.0,3.0,1.0,1.5738511576959147
1.0,3.0,3.0,2.0,3.0,2.0,1.7788806223659939
1.0,3.0,3.0,2.0,3.0,3.0,1.9664930810044476
1.0,3.0,3.0,2.0,3.0,4.0,2.1879229282376893
1.0,3.0,3.0,2.0,4.0,1.0,1.7235185499983918
1.0,3.0,3.0,2.0,4.0,2.0,1.9217721246248445
1.0,3.0,3.0,2.0,4.0,3.0,2.1209605102251827
1.0,3.0,3.0,2.0,4.0,4.0,2.331728801226187
1.0,3.0,3.0,3.0,1.0,1.0,1.423905850442595
1.0,3.0,3.0,3.0,1.0,2.0,1.6229097226104692
1.0,3.0,3.0,3.0,1.0,3.0,1.8002953251894642
1.0,3.0,3.0,3.0,1.0,4.0,2.0396457803468464
1.0,3.0,3.0,3.0,2.0,1.0,1.5588066953111717
1.0,3.0,3.0,3.0,2.0,2.0,1.7553386793004133
1.0,3.0,3.0,3.0,2.0,3.0,1.9526117652347301
1.0,3.0,3.0,3.0,2.0,4.0,2.1724795217582518
1.0,3.0,3.0,3.0,3.0,1.0,1.7016739004508217
1.0,3.0,3.0,3.0,3.0,2.0,1.8968110415585933
1.0,3.0,3.0,3.0,3.0,3.0,1.9800405384843527
1.0,3.0,3.0,3.0,3.0,4.0,2.305113503130784
1.0,3.0,3.0,3.0,3.0,5.0,2.5122906440396022
1.0,3.0,3.0,3.0,4.0,2.0,2.0398959577397475
1.0,3.0,3.0,3.0,4.0,3.0,2.249765015005963
1.0,3.0,3.0,3.0,4.0,4.0,2.458307461411451
1.0,3.0,3.0,3.0,5.0,4.0,2.5888861286544906
1.0,3.0,3.0,4.0,1.0,1.0,1.5554104990677515
1.0,3.0,3.0,4.0,1.0,2.0,1.7546598317658375
1.0,3.0,3.0,4.0,1.0,3.0,1.9583198393992716
1.0,3.0,3.0,4.0,1.0,4.0,2.1598009715966344
1.0,3.0,3.0,4.0,2.0,2.0,1.89625427453883
1.0,3.0,3.0,4.0,2.0,3.0,2.1000614759931238
1.0,3.0,3.0,4.0,2.0,4.0,2.282294558662953
1.0,3.0,3.0,4.0,3.0,2.0,2.0406353881777313
1.0,3.0,3.0,4.0,3.0,3.0,2.192867956899935
1.0,3.0,3.0,4.0,3.0,4.0,2.4112892475318506
1.0,3.0,3.0,4.0,4.0,2.0,2.170390375718461
1.0,3.0,3.0,4.0,4.0,3.0,2.3467592590515274
1.0,3.0,3.0,4.0,4.0,4.0,2.5214984271481735
1.0,3.0,3.0,4.0,5.0,3.0,2.5113506487431505
1.0,3.0,3.0,4.0,5.0,4.0,2.7153067567467186
1.0,3.0,3.0,4.0,5.0,5.0,2.905788292775705
1.0,3.0,3.0,5.0,1.0,2.0,1.8854463375686485
1.0,3.0,3.0,5.0,1.0,3.0,2.090073361092723
1.0,3.0,3.0,5.0,1.0,4.0,2.2797953163831406
1.0,3.0,3.0,5.0,2.0,3.0,2.2241325834415497
1.0,3.0,3.0,5.0,2.0,4.0,2.4165309297199338
1.0,3.0,3.0,5.0,2.0,5.0,2.635694606603262
1.0,3.0,3.0,5.0,3.0,2.0,2.1517061507079576
1.0,3.0,3.0,5.0,3.0,3.0,2.349276948497129
1.0,3.0,3.0,5.0,3.0,4.0,2.5588894757251777
1.0,3.0,3.0,5.0,3.0,5.0,2.740757209863011
1.0,3.0,3.0,5.0,4.0,3.0,2.4928275775796744
1.0,3.0,3.0,5.0,4.0,4.0,2.685439400442886
1.0,3.0,3.0,5.0,4.0,5.0,2.899275156974785
1.0,3.0,3.0,5.0,5.0,2.0,2.4340823155681437
1.0,3.0,3.0,5.0,5.0,3.0,2.6412688419612436
1.0,3.0,3.0,5.0,5.0,5.0,3.030989402001423
1.0,3.0,4.0,1.0,1.0,1.0,1.4312630234456132
1.0,3.0,4.0,1.0,1.0,4.0,2.0419236212143463
1.0,3.0,4.0,1.0,2.0,1.0,1.573602142665126
1.0,3.0,4.0,1.0,5.0,1.0,1.9854169562196704
1.0,3.0,4.0,2.0,1.0,2.0,1.7646155866284126
1.0,3.0,4.0,2.0,2.0,1.0,1.7000227314716705
1.0,3.0,4.0,2.0,2.0,2.0,1.897970155609965
1.0,3.0,4.0,2.0,3.0,2.0,2.0391582179122074
1.0,3.0,4.0,2.0,3.0,4.0,2.442886447189239
1.0,3.0,4.0,2.0,4.0,4.0,2.584074612419546
1.0,3.0,4.0,3.0,1.0,1.0,1.678679732227295
1.0,3.0,4.0,3.0,1.0,3.0,2.08506669374192
1.0,3.0,4.0,3.0,1.0,4.0,2.28693067778706
1.0,3.0,4.0,3.0,2.0,2.0,2.02039381302837
1.0,3.0,4.0,3.0,2.0,3.0,2.2301716988963327
1.0,3.0,4.0,3.0,3.0,1.0,1.959797818499989
1.0,3.0,4.0,3.0,3.0,3.0,2.3271339817049532
1.0,3.0,4.0,3.0,4.0,3.0,2.493017376785383
1.0,3.0,4.0,3.0,4.0,4.0,2.697199022260005
1.0,3.0,4.0,3.0,5.0,3.0,2.6380686751510756
1.0,3.0,4.0,4.0,1.0,3.0,2.2075704031438472
1.0,3.0,4.0,4.0,1.0,4.0,2.4094345029105835
1.0,3.0,4.0,4.0,2.0,3.0,2.348758597933675
1.0,3.0,4.0,4.0,2.0,4.0,2.5545395655914653
1.0,3.0,4.0,4.0,3.0,1.0,2.0823017079459727
1.0,3.0,4.0,4.0,3.0,3.0,2.4786956991875484
1.0,3.0,4.0,4.0,3.0,4.0,2.6825462727646996
1.0,3.0,4.0,4.0,3.0,5.0,2.889757722693271
1.0,3.0,4.0,4.0,4.0,1.0,2.215656130211411
1.0,3.0,4.0,4.0,4.0,3.0,2.610477754974841
1.0,3.0,4.0,4.0,4.0,4.0,2.8131549611057705
1.0,3.0,4.0,4.0,4.0,5.0,3.030946485379043
1.0,3.0,4.0,4.0,5.0,4.0,2.966353488635972
1.0,3.0,4.0,5.0,1.0,3.0,2.3300741633664606
1.0,3.0,4.0,5.0,2.0,1.0,2.0675338324949264
1.0,3.0,4.0,5.0,2.0,3.0,2.471262721005865
1.0,3.0,4.0,5.0,3.0,3.0,2.6085336587150536
1.0,3.0,4.0,5.0,3.0,4.0,2.8103979389314198
1.0,3.0,4.0,5.0,4.0,3.0,2.7497217950998545
1.0,3.0,4.0,5.0,4.0,4.0,2.936660691927112
1.0,3.0,4.0,5.0,4.0,5.0,3.1456162748902843
1.0,3.0,4.0,5.0,5.0,4.0,3.088857273419508
1.0,3.0,4.0,5.0,5.0,5.0,3.2851358953375973
1.0,3.0,5.0,1.0,1.0,1.0,1.6924993712857068
1.0,3.0,5.0,1.0,2.0,1.0,1.8246485288091172
1.0,3.0,5.0,1.0,2.0,3.0,2.2283772964023005
1.0,3.0,5.0,2.0,1.0,2.0,2.015662599633649
1.0,3.0,5.0,2.0,3.0,1.0,2.088340771598784
1.0,3.0,5.0,2.0,3.0,2.0,2.2862885369741184
1.0,3.0,5.0,3.0,3.0,3.0,2.6145728140426234
1.0,3.0,5.0,4.0,2.0,3.0,2.5958885397418285
1.0,3.0,5.0,4.0,4.0,4.0,3.072295246945246
1.0,3.0,5.0,5.0,1.0,5.0,2.9887660041964166
1.0,3.0,5.0,5.0,3.0,4.0,3.065361199909859
1.0,3.0,5.0,5.0,5.0,4.0,3.3463813202593533
1.0,3.0,5.0,5.0,5.0,5.0,3.5234947962738987
1.0,4.0,1.0,1.0,1.0,1.0,1.0
1.0,4.0,1.0,1.0,1.0,2.0,1.0
1.0,4.0,1.0,1.0,1.0,3.0,1.152014223009191
1.0,4.0,1.0,1.0,2.0,1.0,1.0
1.0,4.0,1.0,1.0,2.0,2.0,1.098134143384754
1.0,4.0,1.0,1.0,2.0,3.0,1.2905810082422782
1.0,4.0,1.0,1.0,3.0,1.0,1.0276173879119481
1.0,4.0,1.0,1.0,3.0,2.0,1.2367247833195603
1.0,4.0,1.0,1.0,3.0,3.0,1.4161162972121024
1.0,4.0,1.0,1.0,3.0,4.0,1.6280756699516323
1.0,4.0,1.0,1.0,4.0,1.0,1.1588767253252465
1.0,4.0,1.0,1.0,4.0,2.0,1.360207498673814
1.0,4.0,1.0,1.0,4.0,3.0,1.570762883222423
1.0,4.0,1.0,1.0,4.0,4.0,1.7662622688825018
1.0,4.0,1.0,1.0,5.0,1.0,1.29702576535367
1.0,4.0,1.0,1.0,5.0,2.0,1.502806826320197
1.0,4.0,1.0,2.0,1.0,1.0,1.0
1.0,4.0,1.0,2.0,1.0,2.0,1.0791051588386473
1.0,4.0,1.0,2.0,1.0,3.0,1.2724044074055951
1.0,4.0,1.0,2.0,1.0,4.0,1.479953591329379
1.0,4.0,1.0,2.0,2.0,1.0,1.0148532614502503
1.0,4.0,1.0,2.0,2.0,2.0,1.2278796347344354
1.0,4.0,1.0,2.0,2.0,3.0,1.4073821737145749
1.0,4.0,1.0,2.0,3.0,1.0,1.1465089876579098
1.0,4.0,1.0,2.0,3.0,2.0,1.3683022769152735
1.0,4.0,1.0,2.0,3.0,3.0,1.5373142440065937
1.0,4.0,1.0,2.0,3.0,4.0,1.766246586439099
1.0,4.0,1.0,2.0,4.0,1.0,1.2811568321111009
1.0,4.0,1.0,2.0,4.0,2.0,1.4901144610360433
1.0,4.0,1.0,2.0,4.0,3.0,1.6831168801957883
1.0,4.0,1.0,2.0,4.0,4.0,1.8921898634023713
1.0,4.0,1.0,2.0,5.0,2.0,1.6213936606864408
1.0,4.0,1.0,2.0,5.0,5.0,2.2269857495898617
1.0,4.0,1.0,3.0,1.0,1.0,1.0041679350138233
1.0,4.0,1.0,3.0,1.0,2.0,1.1922563022615096
1.0,4.0,1.0,3.0,1.0,3.0,1.3837810733463294
1.0,4.0,1.0,3.0,1.0,4.0,1.60087730738733
1.0,4.0,1.0,3.0,2.0,1.0,1.1398624488491316
1.0,4.0,1.0,3.0,2.0,2.0,1.3321533790427127
1.0,4.0,1.0,3.0,2.0,3.0,1.5251287500149588
1.0,4.0,1.0,3.0,2.0,4.0,1.7339784998660146
1.0,4.0,1.0,3.0,3.0,1.0,1.2691533036746196
1.0,4.0,1.0,3.0,3.0,2.0,1.4746618375255567
1.0,4.0,1.0,3.0,3.0,3.0,1.6199160545365632
1.0,4.0,1.0,3.0,3.0,4.0,1.8716788155743478
1.0,4.0,1.0,3.0,4.0,1.0,1.4093890071286335
1.0,4.0,1.0,3.0,4.0,2.0,1.6042589522479287
1.0,4.0,1.0,3.0,4.0,3.0,1.7834143560963656
1.0,4.0,1.0,3.0,4.0,4.0,1.9871513794433866
1.0,4.0,1.0,3.0,5.0,2.0,1.7517312664954916
1.0,4.0,1.0,3.0,5.0,3.0,1.9498747158617635
1.0,4.0,1.0,4.0,1.0,1.0,1.1160155620752348
1.0,4.0,1.0,4.0,1.0,2.0,1.32013442648294
1.0,4.0,1.0,4.0,1.0,3.0,1.5258021195348939
1.0,4.0,1.0,4.0,1.0,4.0,1.6984100689953956
1.0,4.0,1.0,4.0,2.0,2.0,1.4531786871363863
1.0,4.0,1.0,4.0,2.0,3.0,1.6552349914766453
1.0,4.0,1.0,4.0,2.0,4.0,1.8594167252391827
1.0,4.0,1.0,4.0,3.0,1.0,1.3893360420727234
1.0,4.0,1.0,4.0,3.0,2.0,1.5904410151861699
1.0,4.0,1.0,4.0,3.0,3.0,1.7698710999667209
1.0,4.0,1.0,4.0,3.0,4.0,1.988032700786577
1.0,4.0,1.0,4.0,4.0,1.0,1.5416297916594173
1.0,4.0,1.0,4.0,4.0,2.0,1.7234614236584491
1.0,4.0,1.0,4.0,4.0,3.0,1.921991159585508
1.0,4.0,1.0,4.0,4.0,4.0,2.0570489095476217
1.0,4.0,1.0,4.0,4.0,5.0,2.329513800324603
1.0,4.0,1.0,4.0,5.0,3.0,2.0682652951101748
1.0,4.0,1.0,4.0,5.0,5.0,2.47015126393957
1.0,4.0,1.0,5.0,1.0,2.0,1.4381036222319503
1.0,4.0,1.0,5.0,1.0,3.0,1.641684023239476
1.0,4.0,1.0,5.0,1.0,4.0,1.840256418281151
1.0,4.0,1.0,5.0,1.0,5.0,2.045412022050817
1.0,4.0,1.0,5.0,2.0,3.0,1.7828721674547885
1.0,4.0,1.0,5.0,2.0,4.0,1.9808196680952816
1.0,4.0,1.0,5.0,3.0,5.0,2.319954616483815
1.0,4.0,1.0,5.0,4.0,1.0,1.6497712577086976
1.0,4.0,1.0,5.0,4.0,3.0,2.053497869713156
1.0,4.0,1.0,5.0,4.0,4.0,2.2475642375286946
1.0,4.0,1.0,5.0,4.0,5.0,2.4611428038170637
1.0,4.0,1.0,5.0,5.0,4.0,2.3926330542510867
1.0,4.0,1.0,5.0,5.0,5.0,2.562479835453818
1.0,4.0,2.0,1.0,1.0,1.0,1.0159587304379112
1.0,4.0,2.0,1.0,1.0,2.0,1.2023034846541938
1.0,4.0,2.0,1.0,1.0,3.0,1.4027156385794752
1.0,4.0,2.0,1.0,1.0,4.0,1.6045798311951158
1.0,4.0,2.0,1.0,2.0,1.0,1.1323982428062869
1.0,4.0,2.0,1.0,2.0,2.0,1.3405376590728537
1.0,4.0,2.0,1.0,2.0,3.0,1.543562970721002
1.0,4.0,2.0,1.0,3.0,1.0,1.2741647416245159
1.0,4.0,2.0,1.0,3.0,2.0,1.4970446574920293
1.0,4.0,2.0,1.0,3.0,3.0,1.6782469378353169
1.0,4.0,2.0,1.0,3.0,4.0,1.883039137400613
1.0,4.0,2.0,1.0,4.0,1.0,1.410801226458607
1.0,4.0,2.0,1.0,4.0,2.0,1.615676244437539
1.0,4.0,2.0,1.0,4.0,3.0,1.8152529329762563
1.0,4.0,2.0,1.0,4.0,4.0,2.0200747943282282
1.0,4.0,2.0,1.0,5.0,4.0,2.1569668523498
1.0,4.0,2.0,2.0,1.0,1.0,1.1395306320768464
1.0,4.0,2.0,2.0,1.0,2.0,1.3238046556447747
1.0,4.0,2.0,2.0,1.0,3.0,1.5284682201653863
1.0,4.0,2.0,2.0,1.0,4.0,1.7242464737710423
1.0,4.0,2.0,2.0,2.0,1.0,1.2643027436669796
1.0,4.0,2.0,2.0,2.0,2.0,1.4889225247075653
1.0,4.0,2.0,2.0,2.0,3.0,1.6676863164240117
1.0,4.0,2.0,2.0,2.0,4.0,1.8682715110104195
1.0,4.0,2.0,2.0,3.0,1.0,1.396033796160939
1.0,4.0,2.0,2.0,3.0,2.0,1.6023857663147338
1.0,4.0,2.0,2.0,3.0,3.0,1.7888800241557488
1.0,4.0,2.0,2.0,4.0,1.0,1.5333050839852536
1.0,4.0,2.0,2.0,4.0,2.0,1.7411144326400727
1.0,4.0,2.0,2.0,4.0,3.0,1.945508027544911
1.0,4.0,2.0,2.0,4.0,4.0,2.1318799247146147
1.0,4.0,2.0,2.0,5.0,3.0,2.0818180644916575
1.0,4.0,2.0,3.0,1.0,1.0,1.244265307633473
1.0,4.0,2.0,3.0,1.0,2.0,1.449974091577668
1.0,4.0,2.0,3.0,1.0,3.0,1.658612437701707
1.0,4.0,2.0,3.0,1.0,4.0,1.8507563980921435
1.0,4.0,2.0,3.0,2.0,1.0,1.3807093668554957
1.0,4.0,2.0,3.0,2.0,2.0,1.5957977567652604
1.0,4.0,2.0,3.0,2.0,3.0,1.7733968891177723
1.0,4.0,2.0,3.0,2.0,4.0,1.9869096578821743
1.0,4.0,2.0,3.0,3.0,1.0,1.5142841182838347
1.0,4.0,2.0,3.0,3.0,2.0,1.715285535627507
1.0,4.0,2.0,3.0,3.0,3.0,1.9148526800116847
1.0,4.0,2.0,3.0,3.0,4.0,2.1231644833173133
1.0,4.0,2.0,3.0,4.0,2.0,1.8626657653750744
1.0,4.0,2.0,3.0,4.0,3.0,2.0686011666521513
1.0,4.0,2.0,3.0,4.0,4.0,2.2477426486775873
1.0,4.0,2.0,3.0,5.0,3.0,2.19680832140339
1.0,4.0,2.0,3.0,5.0,4.0,2.399459473849463
1.0,4.0,2.0,4.0,1.0,1.0,1.3689704974984662
1.0,4.0,2.0,4.0,1.0,2.0,1.5827358139710004
1.0,4.0,2.0,4.0,1.0,3.0,1.7707987038035413
1.0,4.0,2.0,4.0,1.0,4.0,1.9575844381296181
1.0,4.0,2.0,4.0,2.0,1.0,1.5057061455188954
1.0,4.0,2.0,4.0,2.0,2.0,1.7195827923015328
1.0,4.0,2.0,4.0,2.0,3.0,1.9082169442414134
1.0,4.0,2.0,4.0,2.0,4.0,2.1076746628189507
1.0,4.0,2.0,4.0,3.0,1.0,1.6463436209793147
1.0,4.0,2.0,4.0,3.0,2.0,1.8503398351111962
1.0,4.0,2.0,4.0,3.0,3.0,2.0449849260219355
1.0,4.0,2.0,4.0,3.0,4.0,2.2438631239398927
1.0,4.0,2.0,4.0,4.0,2.0,1.9801768254433394
1.0,4.0,2.0,4.0,4.0,3.0,2.1857859106484594
1.0,4.0,2.0,4.0,4.0,4.0,2.377396114039533
1.0,4.0,2.0,4.0,4.0,5.0,2.5912866532305645
1.0,4.0,2.0,4.0,5.0,3.0,2.325869456243067
1.0,4.0,2.0,4.0,5.0,4.0,2.5211762000477163
1.0,4.0,2.0,4.0,5.0,5.0,2.730874005511032
1.0,4.0,2.0,5.0,1.0,1.0,1.492919813637127
1.0,4.0,2.0,5.0,1.0,3.0,1.89664755198178
1.0,4.0,2.0,5.0,1.0,4.0,2.098127319146314
1.0,4.0,2.0,5.0,2.0,2.0,1.8281378634243135
1.0,4.0,2.0,5.0,2.0,3.0,2.033918933193832
1.0,4.0,2.0,5.0,3.0,4.0,2.3658871620719695
1.0,4.0,2.0,5.0,3.0,5.0,2.57883513384264
1.0,4.0,2.0,5.0,4.0,4.0,2.504397340642748
1.0,4.0,2.0,5.0,4.0,5.0,2.713312330007847
1.0,4.0,2.0,5.0,5.0,3.0,2.4496495035439905
1.0,4.0,2.0,5.0,5.0,4.0,2.6475968119021935
1.0,4.0,2.0,5.0,5.0,5.0,2.843823334388611
1.0,4.0,3.0,1.0,1.0,1.0,1.2307522144854408
1.0,4.0,3.0,1.0,1.0,2.0,1.4543932065628593
1.0,4.0,3.0,1.0,1.0,3.0,1.651211422253799
1.0,4.0,3.0,1.0,1.0,4.0,1.859543359994892
1.0,4.0,3.0,1.0,2.0,1.0,1.3845947697213228
1.0,4.0,3.0,1.0,2.0,2.0,1.5955080374366115
1.0,4.0,3.0,1.0,2.0,3.0,1.7887711568091407
1.0,4.0,3.0,1.0,2.0,4.0,1.992897706565061
1.0,4.0,3.0,1.0,3.0,1.0,1.5122498125959263
1.0,4.0,3.0,1.0,3.0,2.0,1.7195606298641692
1.0,4.0,3.0,1.0,3.0,3.0,1.927238794991673
1.0,4.0,3.0,1.0,3.0,4.0,2.134085940932001
1.0,4.0,3.0,1.0,3.0,5.0,2.3320331766362283
1.0,4.0,3.0,1.0,4.0,1.0,1.661847870092685
1.0,4.0,3.0,1.0,4.0,2.0,1.871545700845153
1.0,4.0,3.0,1.0,4.0,3.0,2.0607073634117374
1.0,4.0,3.0,1.0,4.0,4.0,2.2742003086856224
1.0,4.0,3.0,1.0,5.0,2.0,2.0088169917388625
1.0,4.0,3.0,1.0,5.0,5.0,2.6104923695371904
1.0,4.0,3.0,2.0,1.0,1.0,1.3759545636347792
1.0,4.0,3.0,2.0,1.0,2.0,1.5705104673597086
1.0,4.0,3.0,2.0,1.0,3.0,1.770231601518939
1.0,4.0,3.0,2.0,1.0,4.0,1.978130032562367
1.0,4.0,3.0,2.0,2.0,1.0,1.5097328666129304
1.0,4.0,3.0,2.0,2.0,2.0,1.724619574816537
1.0,4.0,3.0,2.0,2.0,3.0,1.911695763916861
1.0,4.0,3.0,2.0,3.0,1.0,1.6395640096461428
1.0,4.0,3.0,2.0,3.0,2.0,1.857855014600912
1.0,4.0,3.0,2.0,3.0,3.0,2.05056668711765
1.0,4.0,3.0,2.0,3.0,4.0,2.2594904270719463
1.0,4.0,3.0,2.0,4.0,1.0,1.784351695712392
1.0,4.0,3.0,2.0,4.0,2.0,1.9902094701884907
1.0,4.0,3.0,2.0,4.0,3.0,2.1943911981163615
1.0,4.0,3.0,2.0,4.0,4.0,2.390136838689214
1.0,4.0,3.0,2.0,5.0,2.0,2.1274041149783343
1.0,4.0,3.0,2.0,5.0,3.0,2.325351151265122
1.0,4.0,3.0,2.0,5.0,5.0,2.7369132421001954
1.0,4.0,3.0,3.0,1.0,1.0,1.4874042999407815
1.0,4.0,3.0,3.0,1.0,2.0,1.690922839390563
1.0,4.0,3.0,3.0,1.0,3.0,1.8834810802963318
1.0,4.0,3.0,3.0,1.0,4.0,2.1045508895304113
1.0,4.0,3.0,3.0,2.0,1.0,1.6362299204761768
1.0,4.0,3.0,3.0,2.0,2.0,1.819173346698524
1.0,4.0,3.0,3.0,2.0,3.0,2.041441299700038
1.0,4.0,3.0,3.0,2.0,4.0,2.248682461291502
1.0,4.0,3.0,3.0,3.0,1.0,1.7683884603472184
1.0,4.0,3.0,3.0,3.0,2.0,1.9655049059768945
1.0,4.0,3.0,3.0,3.0,3.0,2.113799763938854
1.0,4.0,3.0,3.0,3.0,4.0,2.371906030350316
1.0,4.0,3.0,3.0,4.0,1.0,1.906855453299994
1.0,4.0,3.0,3.0,4.0,2.0,2.110898676344777
1.0,4.0,3.0,3.0,4.0,3.0,2.2911886947944144
1.0,4.0,3.0,3.0,4.0,4.0,2.519371295374221
1.0,4.0,3.0,3.0,4.0,5.0,2.7115242806864064
1.0,4.0,3.0,3.0,5.0,3.0,2.455688757776954
1.0,4.0,3.0,3.0,5.0,4.0,2.647183424212775
1.0,4.0,3.0,3.0,5.0,5.0,2.8555000702886577
1.0,4.0,3.0,4.0,1.0,1.0,1.624892515311607
1.0,4.0,3.0,4.0,1.0,3.0,2.0289942954120423
1.0,4.0,3.0,4.0,1.0,4.0,2.215008676594647
1.0,4.0,3.0,4.0,1.0,5.0,2.4289184480544797
1.0,4.0,3.0,4.0,2.0,1.0,1.7626505718314895
1.0,4.0,3.0,4.0,2.0,2.0,1.9610554761694947
1.0,4.0,3.0,4.0,2.0,3.0,2.175848997580925
1.0,4.0,3.0,4.0,2.0,4.0,2.361169120551361
1.0,4.0,3.0,4.0,3.0,1.0,1.8964107365777765
1.0,4.0,3.0,4.0,3.0,2.0,2.0925019943199343
1.0,4.0,3.0,4.0,3.0,3.0,2.2769456228044733
1.0,4.0,3.0,4.0,3.0,4.0,2.451665808710625
1.0,4.0,3.0,4.0,3.0,5.0,2.6979925634843154
1.0,4.0,3.0,4.0,4.0,2.0,2.230320764901625
1.0,4.0,3.0,4.0,4.0,3.0,2.4029697547748214
1.0,4.0,3.0,4.0,4.0,4.0,2.5812338549701503
1.0,4.0,3.0,4.0,4.0,5.0,2.8270946657607254
1.0,4.0,3.0,4.0,5.0,3.0,2.578192498115386
1.0,4.0,3.0,4.0,5.0,4.0,2.766862447998605
1.0,4.0,3.0,4.0,5.0,5.0,2.970515029695805
1.0,4.0,3.0,5.0,1.0,3.0,2.147118032370104
1.0,4.0,3.0,5.0,1.0,4.0,2.3429541239512632
1.0,4.0,3.0,5.0,1.0,5.0,2.5514225802462875
1.0,4.0,3.0,5.0,2.0,1.0,1.8738970056311262
1.0,4.0,3.0,5.0,2.0,3.0,2.2838536551132056
1.0,4.0,3.0,5.0,2.0,5.0,2.687226746769062
1.0,4.0,3.0,5.0,3.0,2.0,2.2203728291039493
1.0,4.0,3.0,5.0,3.0,3.0,2.4157222892708385
1.0,4.0,3.0,5.0,3.0,4.0,2.6284669183257514
1.0,4.0,3.0,5.0,3.0,5.0,2.8149382671475296
1.0,4.0,3.0,5.0,4.0,2.0,2.3615608096113583
1.0,4.0,3.0,5.0,4.0,3.0,2.5491367548689943
1.0,4.0,3.0,5.0,4.0,4.0,2.742152544560289
1.0,4.0,3.0,5.0,4.0,5.0,2.963521741700106
1.0,4.0,3.0,5.0,5.0,2.0,2.4949153254468306
1.0,4.0,3.0,5.0,5.0,3.0,2.70069629013578
1.0,4.0,3.0,5.0,5.0,5.0,3.0891778019747793
1.0,4.0,4.0,1.0,1.0,1.0,1.4896542536285624
1.0,4.0,4.0,1.0,1.0,2.0,1.7002021154330467
1.0,4.0,4.0,1.0,2.0,1.0,1.642268875143327
1.0,4.0,4.0,1.0,2.0,2.0,1.844133054066354
1.0,4.0,4.0,1.0,2.0,3.0,2.045817933842254
1.0,4.0,4.0,1.0,2.0,5.0,2.445808538550558
1.0,4.0,4.0,1.0,3.0,1.0,1.7756231581847006
1.0,4.0,4.0,1.0,3.0,2.0,1.9814770780153634
1.0,4.0,4.0,1.0,3.0,3.0,2.1747496074721333
1.0,4.0,4.0,1.0,3.0,4.0,2.3812155481333472
1.0,4.0,4.0,1.0,4.0,1.0,1.912894329725326
1.0,4.0,4.0,1.0,4.0,2.0,2.1143106708550787
1.0,4.0,4.0,2.0,1.0,1.0,1.6235846933567584
1.0,4.0,4.0,2.0,1.0,2.0,1.8423530475529475
1.0,4.0,4.0,2.0,2.0,1.0,1.7647727266403148
1.0,4.0,4.0,2.0,2.0,2.0,1.9628652889489089
1.0,4.0,4.0,2.0,2.0,3.0,2.1645842088775384
1.0,4.0,4.0,2.0,3.0,2.0,2.0956989283380145
1.0,4.0,4.0,2.0,3.0,3.0,2.3018555019398654
1.0,4.0,4.0,2.0,3.0,4.0,2.5037199476857985
1.0,4.0,4.0,2.0,4.0,2.0,2.239304608930544
1.0,4.0,4.0,2.0,4.0,3.0,2.4537432980991847
1.0,4.0,4.0,3.0,1.0,1.0,1.747079074256299
1.0,4.0,4.0,3.0,1.0,2.0,1.9518692607977777
1.0,4.0,4.0,3.0,1.0,3.0,2.1486517540587315
1.0,4.0,4.0,3.0,1.0,4.0,2.351680777988171
1.0,4.0,4.0,3.0,2.0,2.0,2.0891406708441713
1.0,4.0,4.0,3.0,2.0,3.0,2.29262948137901
1.0,4.0,4.0,3.0,2.0,4.0,2.4967857226345136
1.0,4.0,4.0,3.0,3.0,2.0,2.2246519008989347
1.0,4.0,4.0,3.0,3.0,3.0,2.429361567369571
1.0,4.0,4.0,3.0,3.0,4.0,2.629561153703927
1.0,4.0,4.0,3.0,3.0,5.0,2.8359211609145705
1.0,4.0,4.0,3.0,4.0,1.0,2.1533838548660995
1.0,4.0,4.0,3.0,4.0,2.0,2.36368321911834
1.0,4.0,4.0,3.0,4.0,4.0,2.7440007998670506
1.0,4.0,4.0,4.0,1.0,1.0,1.8685922594731863
1.0,4.0,4.0,4.0,1.0,3.0,2.267355569493639
1.0,4.0,4.0,4.0,1.0,4.0,2.461232548415351
1.0,4.0,4.0,4.0,2.0,3.0,2.4157969387264244
1.0,4.0,4.0,4.0,2.0,4.0,2.6105887939897077
1.0,4.0,4.0,4.0,3.0,3.0,2.553853130099861
1.0,4.0,4.0,4.0,3.0,4.0,2.7497196165171376
1.0,4.0,4.0,4.0,3.0,5.0,2.9623416950463453
1.0,4.0,4.0,4.0,4.0,1.0,2.284322051829221
1.0,4.0,4.0,4.0,4.0,2.0,2.4861868885528526
1.0,4.0,4.0,4.0,4.0,3.0,2.692270601639694
1.0,4.0,4.0,4.0,4.0,4.0,2.8160405356096505
1.0,4.0,4.0,4.0,4.0,5.0,3.08786256438652
1.0,4.0,4.0,4.0,5.0,4.0,3.027080082568888
1.0,4.0,4.0,4.0,5.0,5.0,3.2398622228426377
1.0,4.0,4.0,5.0,1.0,3.0,2.397185047278906
1.0,4.0,4.0,5.0,1.0,4.0,2.598261562956065
1.0,4.0,4.0,5.0,1.0,5.0,2.802469252043028
1.0,4.0,4.0,5.0,3.0,4.0,2.884787322224154
1.0,4.0,4.0,5.0,3.0,5.0,3.084845445745452
1.0,4.0,4.0,5.0,4.0,4.0,3.0045127736717983
1.0,4.0,4.0,5.0,4.0,5.0,3.1818730751213997
1.0,4.0,4.0,5.0,5.0,3.0,2.951743041773125
1.0,4.0,4.0,5.0,5.0,5.0,3.339652454211543
1.0,4.0,5.0,1.0,1.0,1.0,1.7521267775194258
1.0,4.0,5.0,1.0,3.0,4.0,2.63226301442738
1.0,4.0,5.0,1.0,4.0,1.0,2.1678615660035225
1.0,4.0,5.0,2.0,3.0,1.0,2.1570087377587486
1.0,4.0,5.0,3.0,3.0,3.0,2.6844756771351626
1.0,4.0,5.0,3.0,3.0,4.0,2.885103720911371
1.0,4.0,5.0,4.0,1.0,4.0,2.729148147303349
1.0,4.0,5.0,4.0,3.0,2.0,2.5999623493597657
1.0,4.0,5.0,4.0,3.0,3.0,2.797909866555182
1.0,4.0,5.0,4.0,4.0,4.0,3.1365094025793616
1.0,4.0,5.0,4.0,5.0,4.0,3.273245305158931
1.0,4.0,5.0,4.0,5.0,5.0,3.4879310214166375
1.0,4.0,5.0,5.0,3.0,4.0,3.1340280804991494
1.0,4.0,5.0,5.0,4.0,2.0,2.8636542087558245
1.0,4.0,5.0,5.0,4.0,4.0,3.2769644919242884
1.0,4.0,5.0,5.0,5.0,4.0,3.399172832743251
1.0,4.0,5.0,5.0,5.0,5.0,3.562165990953878
1.0,5.0,1.0,1.0,1.0,1.0,1.0
1.0,5.0,1.0,1.0,1.0,2.0,1.021628370689739
1.0,5.0,1.0,1.0,1.0,3.0,1.2114496714863834
1.0,5.0,1.0,1.0,1.0,4.0,1.415031462755194
1.0,5.0,1.0,1.0,2.0,1.0,1.0
1.0,5.0,1.0,1.0,2.0,2.0,1.1504404908624608
1.0,5.0,1.0,1.0,2.0,3.0,1.3509406800099906
1.0,5.0,1.0,1.0,3.0,1.0,1.0990966642863662
1.0,5.0,1.0,1.0,3.0,2.0,1.290113507876848
1.0,5.0,1.0,1.0,3.0,3.0,1.4854838180596763
1.0,5.0,1.0,1.0,3.0,4.0,1.7006590692172965
1.0,5.0,1.0,1.0,4.0,1.0,1.2257685291808267
1.0,5.0,1.0,1.0,4.0,2.0,1.4302853651047052
1.0,5.0,1.0,1.0,4.0,3.0,1.623348731650202
1.0,5.0,1.0,1.0,4.0,4.0,1.8300967269833455
1.0,5.0,1.0,1.0,5.0,1.0,1.3561941124826324
1.0,5.0,1.0,1.0,5.0,3.0,1.7694205767340552
1.0,5.0,1.0,1.0,5.0,5.0,2.172473301586907
1.0,5.0,1.0,2.0,1.0,1.0,1.0
1.0,5.0,1.0,2.0,1.0,2.0,1.144253804835844
1.0,5.0,1.0,2.0,1.0,3.0,1.3401748236170008
1.0,5.0,1.0,2.0,1.0,4.0,1.540786773882326
1.0,5.0,1.0,2.0,2.0,1.0,1.0772740236485039
1.0,5.0,1.0,2.0,2.0,2.0,1.2694967475749834
1.0,5.0,1.0,2.0,2.0,3.0,1.4782376275766074
1.0,5.0,1.0,2.0,2.0,4.0,1.6780580141782917
1.0,5.0,1.0,2.0,3.0,1.0,1.221076342101577
1.0,5.0,1.0,2.0,3.0,2.0,1.4120540760288949
1.0,5.0,1.0,2.0,3.0,3.0,1.619428437099928
1.0,5.0,1.0,2.0,3.0,4.0,1.815329255456782
1.0,5.0,1.0,2.0,3.0,5.0,2.021110221391525
1.0,5.0,1.0,2.0,4.0,2.0,1.5467304903901782
1.0,5.0,1.0,2.0,4.0,3.0,1.750736409630945
1.0,5.0,1.0,2.0,4.0,4.0,1.9527851969316372
1.0,5.0,1.0,2.0,4.0,5.0,2.1583814130234336
1.0,5.0,1.0,2.0,5.0,2.0,1.6861436260209055
1.0,5.0,1.0,2.0,5.0,3.0,1.891924400821872
1.0,5.0,1.0,2.0,5.0,4.0,2.089871660327525
1.0,5.0,1.0,2.0,5.0,5.0,2.2905971591956944
1.0,5.0,1.0,3.0,1.0,1.0,1.0989456799732042
1.0,5.0,1.0,3.0,1.0,2.0,1.2703581718544308
1.0,5.0,1.0,3.0,1.0,3.0,1.4637027082504555
1.0,5.0,1.0,3.0,1.0,4.0,1.663290539011537
1.0,5.0,1.0,3.0,1.0,5.0,1.8656806174151321
1.0,5.0,1.0,3.0,2.0,1.0,1.1958183565182394
1.0,5.0,1.0,3.0,2.0,2.0,1.3968942739832533
1.0,5.0,1.0,3.0,2.0,3.0,1.6018170600737407
1.0,5.0,1.0,3.0,2.0,4.0,1.7974379031171617
1.0,5.0,1.0,3.0,3.0,1.0,1.3322655319575143
1.0,5.0,1.0,3.0,3.0,2.0,1.5371487442027463
1.0,5.0,1.0,3.0,3.0,3.0,1.704288567202143
1.0,5.0,1.0,3.0,3.0,4.0,1.9275004787062981
1.0,5.0,1.0,3.0,4.0,1.0,1.4715816917076576
1.0,5.0,1.0,3.0,4.0,2.0,1.676559977801148
1.0,5.0,1.0,3.0,4.0,3.0,1.8771570998916065
1.0,5.0,1.0,3.0,4.0,4.0,2.0742313758044464
1.0,5.0,1.0,3.0,5.0,2.0,1.8125641980654523
1.0,5.0,1.0,3.0,5.0,3.0,2.0065681106087365
1.0,5.0,1.0,3.0,5.0,4.0,2.2202091288547647
1.0,5.0,1.0,3.0,5.0,5.0,2.420426677266342
1.0,5.0,1.0,4.0,1.0,1.0,1.1812786513968552
1.0,5.0,1.0,4.0,1.0,2.0,1.385371689963134
1.0,5.0,1.0,4.0,1.0,3.0,1.5874091473184302
1.0,5.0,1.0,4.0,1.0,4.0,1.7874591858306477
1.0,5.0,1.0,4.0,2.0,2.0,1.513304576733215
1.0,5.0,1.0,4.0,2.0,3.0,1.721201579345475
1.0,5.0,1.0,4.0,2.0,4.0,1.9308991491274718
1.0,5.0,1.0,4.0,3.0,1.0,1.4547444897433066
1.0,5.0,1.0,4.0,3.0,2.0,1.6579481842179122
1.0,5.0,1.0,4.0,3.0,3.0,1.861722157293385
1.0,5.0,1.0,4.0,3.0,4.0,2.0640030047481934
1.0,5.0,1.0,4.0,4.0,1.0,1.592015746373317
1.0,5.0,1.0,4.0,4.0,2.0,1.7985857126317664
1.0,5.0,1.0,4.0,4.0,3.0,1.9842379593307182
1.0,5.0,1.0,4.0,4.0,4.0,2.1732687227655214
1.0,5.0,1.0,4.0,4.0,5.0,2.4073057298021556
1.0,5.0,1.0,4.0,5.0,1.0,1.72644111725816
1.0,5.0,1.0,4.0,5.0,2.0,1.9314192815182276
1.0,5.0,1.0,4.0,5.0,3.0,2.13301525957319
1.0,5.0,1.0,4.0,5.0,4.0,2.345277804818627
1.0,5.0,1.0,4.0,5.0,5.0,2.5406602983964004
1.0,5.0,1.0,5.0,1.0,1.0,1.2950637303764232
1.0,5.0,1.0,5.0,1.0,2.0,1.500641939177445
1.0,5.0,1.0,5.0,1.0,3.0,1.7032486501142197
1.0,5.0,1.0,5.0,1.0,4.0,1.9016190076089392
1.0,5.0,1.0,5.0,1.0,5.0,2.092676689806666
1.0,5.0,1.0,5.0,2.0,1.0,1.4399771751313473
1.0,5.0,1.0,5.0,2.0,2.0,1.6418410268595809
1.0,5.0,1.0,5.0,2.0,3.0,1.8371460040135001
1.0,5.0,1.0,5.0,3.0,1.0,1.5811651052240345
1.0,5.0,1.0,5.0,3.0,2.0,1.7830291949235062
1.0,5.0,1.0,5.0,3.0,3.0,1.9622751354986987
1.0,5.0,1.0,5.0,3.0,5.0,2.3591844361121916
1.0,5.0,1.0,5.0,4.0,3.0,2.117327843512335
1.0,5.0,1.0,5.0,4.0,4.0,2.312520763138533
1.0,5.0,1.0,5.0,4.0,5.0,2.5159119133761996
1.0,5.0,1.0,5.0,5.0,1.0,1.8540762495429648
1.0,5.0,1.0,5.0,5.0,3.0,2.2496449582352906
1.0,5.0,1.0,5.0,5.0,4.0,2.4573831076571535
1.0,5.0,1.0,5.0,5.0,5.0,2.5624687037604676
1.0,5.0,2.0,1.0,1.0,1.0,1.0691360591962178
1.0,5.0,2.0,1.0,1.0,2.0,1.2713105992818254
1.0,5.0,2.0,1.0,1.0,3.0,1.4713824606312806
1.0,5.0,2.0,1.0,2.0,1.0,1.2017647753426333
1.0,5.0,2.0,1.0,2.0,2.0,1.4059369893272078
1.0,5.0,2.0,1.0,2.0,3.0,1.6086536833837088
1.0,5.0,2.0,1.0,3.0,1.0,1.3382799262851972
1.0,5.0,2.0,1.0,3.0,2.0,1.543049862654372
1.0,5.0,2.0,1.0,3.0,3.0,1.7392801740610684
1.0,5.0,2.0,1.0,3.0,4.0,1.9438722470733407
1.0,5.0,2.0,1.0,4.0,2.0,1.681332097216496
1.0,5.0,2.0,1.0,4.0,4.0,2.0850603016433857
1.0,5.0,2.0,1.0,5.0,1.0,1.6167393166720287
1.0,5.0,2.0,1.0,5.0,2.0,1.8146864984026805
1.0,5.0,2.0,1.0,5.0,3.0,2.020467575316167
1.0,5.0,2.0,1.0,5.0,4.0,2.222331481474483
1.0,5.0,2.0,1.0,5.0,5.0,2.420278750470664
1.0,5.0,2.0,2.0,1.0,1.0,1.1910820188849298
1.0,5.0,2.0,2.0,1.0,2.0,1.3936887113565288
1.0,5.0,2.0,2.0,1.0,3.0,1.5853830198180061
1.0,5.0,2.0,2.0,1.0,4.0,1.7957503261220775
1.0,5.0,2.0,2.0,1.0,5.0,1.9976140796945072
1.0,5.0,2.0,2.0,2.0,1.0,1.3274983532487898
1.0,5.0,2.0,2.0,2.0,2.0,1.5389133801879058
1.0,5.0,2.0,2.0,2.0,3.0,1.7226650142986604
1.0,5.0,2.0,2.0,2.0,4.0,1.9330213278020227
1.0,5.0,2.0,2.0,3.0,1.0,1.463174973557888
1.0,5.0,2.0,2.0,3.0,2.0,1.6665701525037069
1.0,5.0,2.0,2.0,3.0,3.0,1.8709567331095291
1.0,5.0,2.0,2.0,3.0,4.0,2.0658596777350953
1.0,5.0,2.0,2.0,4.0,1.0,1.6019718532648464
1.0,5.0,2.0,2.0,4.0,2.0,1.7999190453052616
1.0,5.0,2.0,2.0,4.0,4.0,2.2075641088299585
1.0,5.0,2.0,2.0,5.0,1.0,1.7431599398640194
1.0,5.0,2.0,2.0,5.0,2.0,1.94110719940001
1.0,5.0,2.0,2.0,5.0,3.0,2.139054319816512
1.0,5.0,2.0,2.0,5.0,4.0,2.347391681685527
1.0,5.0,2.0,2.0,5.0,5.0,2.54633626288172
1.0,5.0,2.0,3.0,1.0,1.0,1.3039816636959916
1.0,5.0,2.0,3.0,1.0,2.0,1.5085497601725466
1.0,5.0,2.0,3.0,1.0,3.0,1.7152487156497211
1.0,5.0,2.0,3.0,2.0,2.0,1.655966464762155
1.0,5.0,2.0,3.0,2.0,3.0,1.8586858986222483
1.0,5.0,2.0,3.0,2.0,4.0,2.059442190294068
1.0,5.0,2.0,3.0,3.0,1.0,1.5888151157142525
1.0,5.0,2.0,3.0,3.0,2.0,1.789278545932639
1.0,5.0,2.0,3.0,3.0,3.0,1.9806225142189016
1.0,5.0,2.0,3.0,3.0,4.0,2.19204436922013
1.0,5.0,2.0,3.0,4.0,1.0,1.724475598401117
1.0,5.0,2.0,3.0,4.0,2.0,1.9395135376152655
1.0,5.0,2.0,3.0,4.0,3.0,2.117156239780547
1.0,5.0,2.0,3.0,4.0,4.0,2.32125829700543
1.0,5.0,2.0,3.0,4.0,5.0,2.535848838018161
1.0,5.0,2.0,3.0,5.0,2.0,2.0672645254919524
1.0,5.0,2.0,3.0,5.0,3.0,2.2654751798882002
1.0,5.0,2.0,3.0,5.0,4.0,2.461910397714191
1.0,5.0,2.0,3.0,5.0,5.0,2.6653016059881933
1.0,5.0,2.0,4.0,1.0,1.0,1.431782933642397
1.0,5.0,2.0,4.0,1.0,2.0,1.6370296598590308
1.0,5.0,2.0,4.0,1.0,3.0,1.8368934483146315
1.0,5.0,2.0,4.0,1.0,4.0,2.036554219341571
1.0,5.0,2.0,4.0,2.0,2.0,1.7703841097764659
1.0,5.0,2.0,4.0,2.0,3.0,1.9722482384112041
1.0,5.0,2.0,4.0,2.0,4.0,2.181946034608861
1.0,5.0,2.0,4.0,3.0,2.0,1.920033337991483
1.0,5.0,2.0,4.0,3.0,3.0,2.113787417144618
1.0,5.0,2.0,4.0,3.0,4.0,2.319541726797123
1.0,5.0,2.0,4.0,4.0,1.0,1.8430626460030632
1.0,5.0,2.0,4.0,4.0,2.0,2.0488434549680883
1.0,5.0,2.0,4.0,4.0,3.0,2.236390029370235
1.0,5.0,2.0,4.0,4.0,4.0,2.422608000552935
1.0,5.0,2.0,4.0,4.0,5.0,2.658352599524462
1.0,5.0,2.0,4.0,5.0,3.0,2.3888493023111765
1.0,5.0,2.0,4.0,5.0,4.0,2.5937598209072963
1.0,5.0,2.0,4.0,5.0,5.0,2.781665201811505
1.0,5.0,2.0,5.0,1.0,3.0,1.9615481599645297
1.0,5.0,2.0,5.0,1.0,4.0,2.1587227006130583
1.0,5.0,2.0,5.0,1.0,5.0,2.3584004069618154
1.0,5.0,2.0,5.0,2.0,2.0,1.8928878038209362
1.0,5.0,2.0,5.0,2.0,3.0,2.098668808690259
1.0,5.0,2.0,5.0,2.0,5.0,2.508240365324546
1.0,5.0,2.0,5.0,3.0,2.0,2.0261390513628625
1.0,5.0,2.0,5.0,3.0,3.0,2.226332004538611
1.0,5.0,2.0,5.0,3.0,4.0,2.4360957235147156
1.0,5.0,2.0,5.0,3.0,5.0,2.641074070102193
1.0,5.0,2.0,5.0,4.0,3.0,2.370309780130293
1.0,5.0,2.0,5.0,4.0,4.0,2.5739166010086656
1.0,5.0,2.0,5.0,4.0,5.0,2.7717862475390502
1.0,5.0,2.0,5.0,5.0,1.0,2.1028368682355554
1.0,5.0,2.0,5.0,5.0,2.0,2.3035121995405414
1.0,5.0,2.0,5.0,5.0,3.0,2.508424307190533
1.0,5.0,2.0,5.0,5.0,4.0,2.7106954545402626
1.0,5.0,2.0,5.0,5.0,5.0,2.8438158340737676
1.0,5.0,3.0,1.0,1.0,1.0,1.2951307476441833
1.0,5.0,3.0,1.0,1.0,2.0,1.5204057157554196
1.0,5.0,3.0,1.0,1.0,3.0,1.7168136805029754
1.0,5.0,3.0,1.0,1.0,4.0,1.9242930748243912
1.0,5.0,3.0,1.0,2.0,1.0,1.4502914434829386
1.0,5.0,3.0,1.0,2.0,2.0,1.654067607924509
1.0,5.0,3.0,1.0,2.0,3.0,1.8535868599863146
1.0,5.0,3.0,1.0,2.0,4.0,2.0693982020244603
1.0,5.0,3.0,1.0,3.0,1.0,1.5796206970432312
1.0,5.0,3.0,1.0,3.0,2.0,1.7928138120840549
1.0,5.0,3.0,1.0,3.0,3.0,1.9932145542514812
1.0,5.0,3.0,1.0,3.0,4.0,2.194919008184176
1.0,5.0,3.0,1.0,3.0,5.0,2.4046166718806656
1.0,5.0,3.0,1.0,4.0,2.0,1.9251309524374112
1.0,5.0,3.0,1.0,4.0,3.0,2.1331995684234712
1.0,5.0,3.0,1.0,4.0,4.0,2.3361070500475094
1.0,5.0,3.0,1.0,5.0,2.0,2.069650116602177
1.0,5.0,3.0,1.0,5.0,3.0,2.274356585956866
1.0,5.0,3.0,1.0,5.0,4.0,2.4772951145028483
1.0,5.0,3.0,1.0,5.0,5.0,2.675242400662075
1.0,5.0,3.0,2.0,1.0,1.0,1.4382555668541643
1.0,5.0,3.0,2.0,1.0,2.0,1.6370052927132215
1.0,5.0,3.0,2.0,1.0,3.0,1.8428627559275361
1.0,5.0,3.0,2.0,2.0,1.0,1.576219006332206
1.0,5.0,3.0,2.0,2.0,2.0,1.7760155448648836
1.0,5.0,3.0,2.0,2.0,3.0,1.9782874585936263
1.0,5.0,3.0,2.0,3.0,1.0,1.711830428897106
1.0,5.0,3.0,2.0,3.0,2.0,1.9150257500420813
1.0,5.0,3.0,2.0,3.0,3.0,2.1243870682922226
1.0,5.0,3.0,2.0,3.0,4.0,2.3227285380530653
1.0,5.0,3.0,2.0,4.0,2.0,2.054668584710416
1.0,5.0,3.0,2.0,4.0,3.0,2.2586376738865597
1.0,5.0,3.0,2.0,4.0,4.0,2.4607232647552046
1.0,5.0,3.0,2.0,5.0,2.0,2.188236961739863
1.0,5.0,3.0,2.0,5.0,3.0,2.3940180499772663
1.0,5.0,3.0,2.0,5.0,5.0,2.7954313362699854
1.0,5.0,3.0,3.0,1.0,1.0,1.5615091367678817
1.0,5.0,3.0,3.0,1.0,2.0,1.7664873430188
1.0,5.0,3.0,3.0,1.0,3.0,1.9644936376698685
1.0,5.0,3.0,3.0,1.0,5.0,2.3711648734141573
1.0,5.0,3.0,3.0,2.0,2.0,1.900100731480767
1.0,5.0,3.0,3.0,2.0,3.0,2.11166780377782
1.0,5.0,3.0,3.0,2.0,4.0,2.311962639383831
1.0,5.0,3.0,3.0,3.0,1.0,1.8343342892879695
1.0,5.0,3.0,3.0,3.0,2.0,2.035639356692138
1.0,5.0,3.0,3.0,3.0,3.0,2.218620749839042
1.0,5.0,3.0,3.0,3.0,4.0,2.4447096897899754
1.0,5.0,3.0,3.0,4.0,1.0,1.975522241384524
1.0,5.0,3.0,3.0,4.0,2.0,2.177386401352592
1.0,5.0,3.0,3.0,4.0,3.0,2.360872176344309
1.0,5.0,3.0,3.0,4.0,4.0,2.5792516536937637
1.0,5.0,3.0,3.0,5.0,1.0,2.10887672850489
1.0,5.0,3.0,3.0,5.0,2.0,2.3095277778615064
1.0,5.0,3.0,3.0,5.0,3.0,2.512604943431136
1.0,5.0,3.0,3.0,5.0,4.0,2.723795516502072
1.0,5.0,3.0,3.0,5.0,5.0,2.913432147921482
1.0,5.0,3.0,4.0,1.0,1.0,1.6822953716527687
1.0,5.0,3.0,4.0,1.0,2.0,1.8889465944037327
1.0,5.0,3.0,4.0,1.0,3.0,2.0817857178647765
1.0,5.0,3.0,4.0,1.0,4.0,2.29846979888092
1.0,5.0,3.0,4.0,1.0,5.0,2.4917424073795615
1.0,5.0,3.0,4.0,2.0,2.0,2.0214308052256396
1.0,5.0,3.0,4.0,2.0,3.0,2.229332324935234
1.0,5.0,3.0,4.0,2.0,4.0,2.4279636272059513
1.0,5.0,3.0,4.0,3.0,1.0,1.9570060328557377
1.0,5.0,3.0,4.0,3.0,2.0,2.1535808949832767
1.0,5.0,3.0,4.0,3.0,3.0,2.3514510788869956
1.0,5.0,3.0,4.0,3.0,4.0,2.5621953181390986
1.0,5.0,3.0,4.0,3.0,5.0,2.7670314215278378
1.0,5.0,3.0,4.0,4.0,2.0,2.2987199252946633
1.0,5.0,3.0,4.0,4.0,3.0,2.4979020614080434
1.0,5.0,3.0,4.0,4.0,4.0,2.693863128372286
1.0,5.0,3.0,4.0,4.0,5.0,2.8984431451918535
1.0,5.0,3.0,4.0,5.0,1.0,2.239213349092972
1.0,5.0,3.0,4.0,5.0,3.0,2.6390256383812303
1.0,5.0,3.0,4.0,5.0,4.0,2.845723623614516
1.0,5.0,3.0,4.0,5.0,5.0,3.0346472309441976
1.0,5.0,3.0,5.0,1.0,1.0,1.8016586227187876
1.0,5.0,3.0,5.0,1.0,2.0,2.006663337459629
1.0,5.0,3.0,5.0,1.0,3.0,2.2069058644724397
1.0,5.0,3.0,5.0,1.0,4.0,2.409495778246837
1.0,5.0,3.0,5.0,1.0,5.0,2.599726731264142
1.0,5.0,3.0,5.0,2.0,2.0,2.151176322048397
1.0,5.0,3.0,5.0,2.0,3.0,2.34565311996701
1.0,5.0,3.0,5.0,2.0,4.0,2.549427304321779
1.0,5.0,3.0,5.0,2.0,5.0,2.7505036446316398
1.0,5.0,3.0,5.0,3.0,2.0,2.2812058843373966
1.0,5.0,3.0,5.0,3.0,3.0,2.4756161786547732
1.0,5.0,3.0,5.0,3.0,4.0,2.6927678074638046
1.0,5.0,3.0,5.0,3.0,5.0,2.8659188116561793
1.0,5.0,3.0,5.0,4.0,2.0,2.422393861560995
1.0,5.0,3.0,5.0,4.0,3.0,2.6208783031629546
1.0,5.0,3.0,5.0,4.0,4.0,2.827473382481523
1.0,5.0,3.0,5.0,4.0,5.0,3.0120792394015403
1.0,5.0,3.0,5.0,5.0,2.0,2.559665262129027
1.0,5.0,3.0,5.0,5.0,3.0,2.755608873883294
1.0,5.0,3.0,5.0,5.0,4.0,2.9599460444767907
1.0,5.0,3.0,5.0,5.0,5.0,3.0959525402075023
1.0,5.0,4.0,1.0,1.0,1.0,1.569747485285828
1.0,5.0,4.0,1.0,2.0,1.0,1.7031019789448552
1.0,5.0,4.0,1.0,2.0,2.0,1.9049661543951366
1.0,5.0,4.0,1.0,2.0,4.0,2.308694040915678
1.0,5.0,4.0,1.0,3.0,3.0,2.259768800116201
1.0,5.0,4.0,1.0,3.0,5.0,2.6556640339700412
1.0,5.0,4.0,1.0,4.0,4.0,2.584862740900405
1.0,5.0,4.0,2.0,1.0,5.0,2.503624568129297
1.0,5.0,4.0,2.0,2.0,1.0,1.8334394000189678
1.0,5.0,4.0,2.0,2.0,2.0,2.027469950479247
1.0,5.0,4.0,2.0,2.0,5.0,2.6330627359302357
1.0,5.0,4.0,2.0,3.0,1.0,1.962877126155689
1.0,5.0,4.0,2.0,3.0,2.0,2.1790077465333026
1.0,5.0,4.0,2.0,3.0,3.0,2.374439175190002
1.0,5.0,4.0,2.0,4.0,1.0,2.107981471651978
1.0,5.0,4.0,2.0,4.0,4.0,2.705740672918043
1.0,5.0,4.0,2.0,5.0,3.0,2.6489814258980386
1.0,5.0,4.0,2.0,5.0,4.0,2.843012144308053
1.0,5.0,4.0,3.0,1.0,3.0,2.2184834549083177
1.0,5.0,4.0,3.0,2.0,3.0,2.3660723057152246
1.0,5.0,4.0,3.0,3.0,2.0,2.2911619638412652
1.0,5.0,4.0,3.0,3.0,3.0,2.496942767731008
1.0,5.0,4.0,3.0,3.0,4.0,2.7027238619865734
1.0,5.0,4.0,3.0,4.0,2.0,2.422859350966554
1.0,5.0,4.0,3.0,4.0,3.0,2.633171004431848
1.0,5.0,4.0,3.0,4.0,4.0,2.8315432473559885
1.0,5.0,4.0,3.0,4.0,5.0,3.0340253071954795
1.0,5.0,4.0,3.0,5.0,2.0,2.569621276669892
1.0,5.0,4.0,3.0,5.0,5.0,3.170628014410527
1.0,5.0,4.0,4.0,1.0,3.0,2.344903944275919
1.0,5.0,4.0,4.0,1.0,4.0,2.54676818828947
1.0,5.0,4.0,4.0,2.0,2.0,2.2803112722488064
1.0,5.0,4.0,4.0,3.0,3.0,2.6176039876237467
1.0,5.0,4.0,4.0,3.0,4.0,2.8055328996616686
1.0,5.0,4.0,4.0,3.0,5.0,3.0191825040843723
1.0,5.0,4.0,4.0,4.0,4.0,2.937759418841584
1.0,5.0,4.0,4.0,4.0,5.0,3.154710549306704
1.0,5.0,4.0,4.0,5.0,4.0,3.1055380681060414
1.0,5.0,4.0,4.0,5.0,5.0,3.2699822139938157
1.0,5.0,4.0,5.0,1.0,1.0,2.051725818854422
1.0,5.0,4.0,5.0,1.0,5.0,2.8494018720547656
1.0,5.0,4.0,5.0,2.0,4.0,2.795592269368939
1.0,5.0,4.0,5.0,3.0,3.0,2.7458671602412497
1.0,5.0,4.0,5.0,3.0,4.0,2.932328047384183
1.0,5.0,4.0,5.0,3.0,5.0,3.141208315661998
1.0,5.0,4.0,5.0,4.0,3.0,2.867987129098352
1.0,5.0,4.0,5.0,4.0,4.0,3.0724000377039866
1.0,5.0,4.0,5.0,4.0,5.0,3.260146131814138
1.0,5.0,4.0,5.0,5.0,4.0,3.2097011241486
1.0,5.0,4.0,5.0,5.0,5.0,3.347346394472926
1.0,5.0,5.0,1.0,1.0,1.0,1.8144141629549493
1.0,5.0,5.0,1.0,1.0,4.0,2.422469814938021
1.0,5.0,5.0,1.0,2.0,1.0,1.9541485246404282
1.0,5.0,5.0,1.0,2.0,2.0,2.1599300228552307
1.0,5.0,5.0,1.0,4.0,3.0,2.632418964558885
1.0,5.0,5.0,1.0,5.0,4.0,2.9754716934987697
1.0,5.0,5.0,2.0,1.0,5.0,2.7546713154765445
1.0,5.0,5.0,2.0,3.0,5.0,3.0213778727858682
1.0,5.0,5.0,2.0,4.0,2.0,2.5530582682920158
1.0,5.0,5.0,2.0,4.0,4.0,2.964621174830373
1.0,5.0,5.0,2.0,5.0,4.0,3.105809182509908
1.0,5.0,5.0,3.0,1.0,1.0,2.061884999566955
1.0,5.0,5.0,3.0,1.0,2.0,2.279417013174797
1.0,5.0,5.0,3.0,1.0,4.0,2.671393888593029
1.0,5.0,5.0,3.0,1.0,5.0,2.869341762992221
1.0,5.0,5.0,3.0,2.0,3.0,2.604433496729893
1.0,5.0,5.0,3.0,3.0,3.0,2.7421751742357725
1.0,5.0,5.0,3.0,3.0,4.0,2.945936913776889
1.0,5.0,5.0,3.0,4.0,3.0,2.885260869162776
1.0,5.0,5.0,3.0,4.0,4.0,3.0910416059087775
1.0,5.0,5.0,3.0,4.0,5.0,3.2850724136882574
1.0,5.0,5.0,3.0,5.0,3.0,3.026142265118595
1.0,5.0,5.0,3.0,5.0,4.0,3.2157167917846956
1.0,5.0,5.0,3.0,5.0,5.0,3.4284988846137785
1.0,5.0,5.0,4.0,2.0,3.0,2.7293051794632492
1.0,5.0,5.0,4.0,2.0,5.0,3.1330331992268454
1.0,5.0,5.0,4.0,3.0,3.0,2.8631948880791867
1.0,5.0,5.0,4.0,4.0,3.0,3.0038476267253227
1.0,5.0,5.0,4.0,4.0,4.0,3.205711843954414
1.0,5.0,5.0,4.0,5.0,4.0,3.346899898967007
1.0,5.0,5.0,4.0,5.0,5.0,3.540297555586797
1.0,5.0,5.0,5.0,1.0,1.0,2.3017928500914238
1.0,5.0,5.0,5.0,1.0,3.0,2.710620528187204
1.0,5.0,5.0,5.0,1.0,4.0,2.9128258828001967
1.0,5.0,5.0,5.0,1.0,5.0,3.0979118593804404
1.0,5.0,5.0,5.0,2.0,5.0,3.2555370053368655
1.0,5.0,5.0,5.0,3.0,3.0,2.9851632952270557
1.0,5.0,5.0,5.0,3.0,5.0,3.399079227325752
1.0,5.0,5.0,5.0,4.0,3.0,3.1263514140290307
1.0,5.0,5.0,5.0,4.0,5.0,3.4949794588687038
1.0,5.0,5.0,5.0,5.0,1.0,2.852636265084068
1.0,5.0,5.0,5.0,5.0,2.0,3.057841619282925
1.0,5.0,5.0,5.0,5.0,3.0,3.2576858662189965
1.0,5.0,5.0,5.0,5.0,4.0,3.4579807127996935
1.0,5.0,5.0,5.0,5.0,5.0,3.5621517149625688
2.0,1.0,1.0,1.0,1.0,1.0,1.0
2.0,1.0,1.0,1.0,2.0,1.0,1.0310036845662152
2.0,1.0,1.0,1.0,2.0,2.0,1.2248487251073361
2.0,1.0,1.0,1.0,3.0,1.0,1.1562637069681674
2.0,1.0,1.0,1.0,3.0,3.0,1.5635379167606398
2.0,1.0,1.0,2.0,1.0,1.0,1.0096762411596885
2.0,1.0,1.0,2.0,1.0,2.0,1.2060739925170116
2.0,1.0,1.0,2.0,1.0,3.0,1.408901603454133
2.0,1.0,1.0,2.0,2.0,1.0,1.1416677435529514
2.0,1.0,1.0,2.0,2.0,2.0,1.3585722551341053
2.0,1.0,1.0,2.0,2.0,3.0,1.5470604466725204
2.0,1.0,1.0,2.0,3.0,1.0,1.2850882782179534
2.0,1.0,1.0,2.0,3.0,2.0,1.4943092545899588
2.0,1.0,1.0,2.0,3.0,3.0,1.690672652134543
2.0,1.0,1.0,2.0,4.0,3.0,1.8255202505760577
2.0,1.0,1.0,2.0,4.0,4.0,2.0234675923919307
2.0,1.0,1.0,3.0,1.0,1.0,1.1260954466471378
2.0,1.0,1.0,3.0,1.0,2.0,1.3356342301014297
2.0,1.0,1.0,3.0,1.0,3.0,1.5320421530465949
2.0,1.0,1.0,3.0,2.0,1.0,1.2687009657855923
2.0,1.0,1.0,3.0,2.0,2.0,1.467700517730519
2.0,1.0,1.0,3.0,2.0,3.0,1.6669518535183243
2.0,1.0,1.0,3.0,3.0,1.0,1.405436555633652
2.0,1.0,1.0,3.0,3.0,2.0,1.607208912714577
2.0,1.0,1.0,3.0,3.0,3.0,1.8175295352153775
2.0,1.0,1.0,3.0,3.0,4.0,2.008699964132349
2.0,1.0,1.0,4.0,1.0,1.0,1.250089158310282
2.0,1.0,1.0,4.0,1.0,2.0,1.4511655934905683
2.0,1.0,1.0,4.0,1.0,3.0,1.6535934656896767
2.0,1.0,1.0,4.0,1.0,4.0,1.8505819676644397
2.0,1.0,1.0,4.0,2.0,1.0,1.3961740913973693
2.0,1.0,1.0,4.0,2.0,2.0,1.5856158836918075
2.0,1.0,1.0,4.0,2.0,3.0,1.7959850985053947
2.0,1.0,1.0,4.0,3.0,1.0,1.5313639130643226
2.0,1.0,1.0,4.0,3.0,2.0,1.7313916904766342
2.0,1.0,1.0,4.0,3.0,3.0,1.9337753326458802
2.0,1.0,1.0,4.0,4.0,4.0,2.2723917952589083
2.0,1.0,1.0,5.0,1.0,3.0,1.777300925223377
2.0,1.0,1.0,5.0,2.0,2.0,1.716624961681195
2.0,1.0,1.0,5.0,3.0,3.0,2.0518433529016886
2.0,1.0,1.0,5.0,3.0,4.0,2.2576243552649804
2.0,1.0,1.0,5.0,5.0,5.0,2.7379475591776807
2.0,1.0,2.0,1.0,1.0,1.0,1.1461768014255342
2.0,1.0,2.0,1.0,1.0,2.0,1.3416266148941962
2.0,1.0,2.0,1.0,1.0,3.0,1.538332507427871
2.0,1.0,2.0,1.0,2.0,1.0,1.2771149612209456
2.0,1.0,2.0,1.0,2.0,2.0,1.4757929626845112
2.0,1.0,2.0,1.0,2.0,3.0,1.6756037855825932
2.0,1.0,2.0,1.0,4.0,2.0,1.7521990390383908
2.0,1.0,2.0,2.0,1.0,1.0,1.2579936092719746
2.0,1.0,2.0,2.0,1.0,2.0,1.4616817602770142
2.0,1.0,2.0,2.0,1.0,3.0,1.6647529350473973
2.0,1.0,2.0,2.0,2.0,1.0,1.3943794102564346
2.0,1.0,2.0,2.0,2.0,2.0,1.6054124948180832
2.0,1.0,2.0,2.0,2.0,3.0,1.8020244514450297
2.0,1.0,2.0,2.0,3.0,2.0,1.7345543097025193
2.0,1.0,2.0,2.0,3.0,3.0,1.9395326244894808
2.0,1.0,2.0,2.0,4.0,2.0,1.874702140722014
2.0,1.0,2.0,3.0,1.0,1.0,1.3835287487373658
2.0,1.0,2.0,3.0,1.0,2.0,1.5814760413254454
2.0,1.0,2.0,3.0,1.0,3.0,1.792290823552237
2.0,1.0,2.0,3.0,2.0,1.0,1.5208001985676032
2.0,1.0,2.0,3.0,2.0,2.0,1.7192291625954848
2.0,1.0,2.0,3.0,2.0,3.0,1.926542945126809
2.0,1.0,2.0,3.0,3.0,1.0,1.6580709150745792
2.0,1.0,2.0,3.0,3.0,2.0,1.864911204136356
2.0,1.0,2.0,3.0,3.0,3.0,2.063478910763545
2.0,1.0,2.0,3.0,3.0,4.0,2.2636635200834068
2.0,1.0,2.0,3.0,4.0,3.0,2.202987678722437
2.0,1.0,2.0,3.0,4.0,4.0,2.400934854257732
2.0,1.0,2.0,4.0,1.0,2.0,1.7039795510756062
2.0,1.0,2.0,4.0,1.0,3.0,1.905843938199699
2.0,1.0,2.0,4.0,1.0,4.0,2.107707977131375
2.0,1.0,2.0,4.0,2.0,1.0,1.6393864525638002
2.0,1.0,2.0,4.0,2.0,2.0,1.8412512444827038
2.0,1.0,2.0,4.0,3.0,2.0,1.9748018753616978
2.0,1.0,2.0,4.0,3.0,3.0,2.1796821096710577
2.0,1.0,2.0,4.0,3.0,4.0,2.3870520847774666
2.0,1.0,2.0,4.0,4.0,2.0,2.119710592602302
2.0,1.0,2.0,4.0,4.0,3.0,2.320319610118589
2.0,1.0,2.0,4.0,4.0,4.0,2.523438678653037
2.0,1.0,2.0,4.0,5.0,5.0,2.8586568762513527
2.0,1.0,2.0,5.0,1.0,4.0,2.2341282299200182
2.0,1.0,2.0,5.0,3.0,3.0,2.30951167185479
2.0,1.0,2.0,5.0,4.0,1.0,2.044271235321019
2.0,1.0,2.0,5.0,4.0,4.0,2.6459418461820365
2.0,1.0,3.0,1.0,1.0,1.0,1.3912725547117002
2.0,1.0,3.0,1.0,1.0,2.0,1.5914320107689142
2.0,1.0,3.0,1.0,2.0,1.0,1.5227440660637053
2.0,1.0,3.0,1.0,2.0,2.0,1.7219582861821654
2.0,1.0,3.0,1.0,3.0,1.0,1.6576191559688673
2.0,1.0,3.0,1.0,3.0,2.0,1.8620575539727313
2.0,1.0,3.0,1.0,3.0,3.0,2.06783861780263
2.0,1.0,3.0,2.0,1.0,1.0,1.5042046723034006
2.0,1.0,3.0,2.0,1.0,2.0,1.7111501056404241
2.0,1.0,3.0,2.0,1.0,3.0,1.9158004133947246
2.0,1.0,3.0,2.0,2.0,2.0,1.8512070339143216
2.0,1.0,3.0,2.0,3.0,2.0,1.9807942761628134
2.0,1.0,3.0,2.0,3.0,3.0,2.186425553494776
2.0,1.0,3.0,2.0,4.0,3.0,2.331530471646191
2.0,1.0,3.0,3.0,1.0,2.0,1.8228522486887366
2.0,1.0,3.0,3.0,1.0,3.0,2.0343867200532606
2.0,1.0,3.0,3.0,2.0,2.0,1.966009665550482
2.0,1.0,3.0,3.0,2.0,3.0,2.175574914582883
2.0,1.0,3.0,3.0,3.0,1.0,1.9133740950694396
2.0,1.0,3.0,3.0,3.0,2.0,2.1066468575867785
2.0,1.0,3.0,3.0,3.0,3.0,2.319590560666798
2.0,1.0,3.0,3.0,3.0,4.0,2.5186270782865123
2.0,1.0,3.0,3.0,3.0,5.0,2.71265781518448
2.0,1.0,3.0,3.0,4.0,4.0,2.646912898449873
2.0,1.0,3.0,3.0,5.0,1.0,2.1875774716021583
2.0,1.0,3.0,4.0,2.0,3.0,2.2980787327943686
2.0,1.0,3.0,4.0,3.0,2.0,2.2374028653532405
2.0,1.0,3.0,4.0,3.0,3.0,2.433651118850446
2.0,1.0,3.0,4.0,3.0,4.0,2.6411309920940536
2.0,1.0,3.0,4.0,4.0,3.0,2.5820924988279796
2.0,1.0,3.0,4.0,4.0,4.0,2.775365037597039
2.0,1.0,3.0,4.0,4.0,5.0,2.9763493697341388
2.0,1.0,3.0,5.0,1.0,4.0,2.489092684429197
2.0,1.0,3.0,5.0,2.0,1.0,2.0168551987207235
2.0,1.0,3.0,5.0,3.0,3.0,2.5617706558587803
2.0,1.0,3.0,5.0,5.0,2.0,2.6344481374320092
2.0,1.0,4.0,1.0,3.0,2.0,2.117020660105168
2.0,1.0,4.0,1.0,4.0,1.0,2.052401116895486
2.0,1.0,4.0,2.0,2.0,2.0,2.1022531599781002
2.0,1.0,4.0,2.0,3.0,1.0,2.0376599311975587
2.0,1.0,4.0,3.0,1.0,3.0,2.289349952869381
2.0,1.0,4.0,3.0,4.0,4.0,2.9030305263303857
2.0,1.0,4.0,3.0,5.0,2.0,2.6404924408149335
2.0,1.0,4.0,4.0,5.0,3.0,2.9648523328361307
2.0,1.0,4.0,5.0,3.0,4.0,3.010764506726988
2.0,1.0,5.0,1.0,1.0,1.0,1.8877442616460764
2.0,1.0,5.0,5.0,5.0,5.0,3.7499691716691568
2.0,2.0,1.0,1.0,1.0,1.0,1.0
2.0,2.0,1.0,1.0,1.0,2.0,1.1582060649818064
2.0,2.0,1.0,1.0,2.0,1.0,1.086123467963179
2.0,2.0,1.0,1.0,2.0,2.0,1.3026487555880786
2.0,2.0,1.0,1.0,2.0,3.0,1.4932238041391284
2.0,2.0,1.0,1.0,3.0,1.0,1.221117567526696
2.0,2.0,1.0,1.0,3.0,2.0,1.431396420734876
2.0,2.0,1.0,1.0,3.0,3.0,1.626578123985187
2.0,2.0,1.0,1.0,3.0,4.0,1.8284424491252487
2.0,2.0,1.0,1.0,4.0,1.0,1.3601209121928979
2.0,2.0,1.0,2.0,1.0,1.0,1.0853831789612156
2.0,2.0,1.0,2.0,1.0,2.0,1.2839450651456514
2.0,2.0,1.0,2.0,1.0,3.0,1.474737358937387
2.0,2.0,1.0,2.0,2.0,1.0,1.224550053624293
2.0,2.0,1.0,2.0,2.0,2.0,1.436912366182967
2.0,2.0,1.0,2.0,2.0,3.0,1.6133252527565145
2.0,2.0,1.0,2.0,3.0,1.0,1.3518098982376328
2.0,2.0,1.0,2.0,3.0,2.0,1.5478640907510794
2.0,2.0,1.0,2.0,3.0,3.0,1.7539627706779461
2.0,2.0,1.0,2.0,3.0,4.0,1.9509461851941476
2.0,2.0,1.0,2.0,4.0,3.0,1.8902701896695837
2.0,2.0,1.0,2.0,5.0,3.0,2.023624497985051
2.0,2.0,1.0,3.0,1.0,1.0,1.2003581036257516
2.0,2.0,1.0,3.0,1.0,2.0,1.3991139267770942
2.0,2.0,1.0,3.0,1.0,3.0,1.5924017906262626
2.0,2.0,1.0,3.0,2.0,1.0,1.3331981253001857
2.0,2.0,1.0,3.0,2.0,2.0,1.5393599571884817
2.0,2.0,1.0,3.0,2.0,3.0,1.7317340209721945
2.0,2.0,1.0,3.0,3.0,1.0,1.4699338509360982
2.0,2.0,1.0,3.0,3.0,2.0,1.6809691199297552
2.0,2.0,1.0,3.0,3.0,3.0,1.872174607135334
2.0,2.0,1.0,3.0,4.0,1.0,1.6090456457421178
2.0,2.0,1.0,3.0,4.0,2.0,1.8069929732603818
2.0,2.0,1.0,3.0,4.0,3.0,2.012723974376617
2.0,2.0,1.0,3.0,5.0,3.0,2.146128155073466
2.0,2.0,1.0,3.0,5.0,4.0,2.347992321799946
2.0,2.0,1.0,3.0,5.0,5.0,2.5576897521639563
2.0,2.0,1.0,4.0,1.0,2.0,1.5194131741244938
2.0,2.0,1.0,4.0,1.0,3.0,1.7195471105812854
2.0,2.0,1.0,4.0,2.0,1.0,1.4570071230938644
2.0,2.0,1.0,4.0,2.0,3.0,1.8607351442909374
2.0,2.0,1.0,4.0,3.0,1.0,1.590361147357215
2.0,2.0,1.0,4.0,3.0,3.0,2.0019088004956522
2.0,2.0,1.0,4.0,3.0,4.0,2.2029924758864663
2.0,2.0,1.0,4.0,4.0,2.0,1.9336734791830097
2.0,2.0,1.0,4.0,4.0,3.0,2.130339008549186
2.0,2.0,1.0,4.0,4.0,4.0,2.3345206345341243
2.0,2.0,1.0,4.0,4.0,5.0,2.5369025805655103
2.0,2.0,1.0,5.0,2.0,2.0,1.7813748026551879
2.0,2.0,1.0,5.0,3.0,2.0,1.9186466520302414
2.0,2.0,1.0,5.0,3.0,3.0,2.1156862506925
2.0,2.0,1.0,5.0,3.0,4.0,2.318457341767858
2.0,2.0,1.0,5.0,5.0,3.0,2.391135765185105
2.0,2.0,2.0,1.0,1.0,1.0,1.2074243546828096
2.0,2.0,2.0,1.0,1.0,2.0,1.4111424217314967
2.0,2.0,2.0,1.0,2.0,1.0,1.3480327306198405
2.0,2.0,2.0,1.0,2.0,2.0,1.5452610650608998
2.0,2.0,2.0,1.0,2.0,3.0,1.7413665768930786
2.0,2.0,2.0,1.0,2.0,4.0,1.9500520859036192
2.0,2.0,2.0,1.0,3.0,2.0,1.6782812653826553
2.0,2.0,2.0,1.0,4.0,4.0,2.2245941184222127
2.0,2.0,2.0,1.0,5.0,2.0,1.9503038525369554
2.0,2.0,2.0,2.0,1.0,1.0,1.329817470216995
2.0,2.0,2.0,2.0,1.0,2.0,1.5260108381386155
2.0,2.0,2.0,2.0,1.0,3.0,1.7277193079821576
2.0,2.0,2.0,2.0,2.0,1.0,1.4753777890651436
2.0,2.0,2.0,2.0,2.0,2.0,1.6828081068196008
2.0,2.0,2.0,2.0,2.0,3.0,1.8649731794178805
2.0,2.0,2.0,2.0,3.0,2.0,1.794560452402841
2.0,2.0,2.0,2.0,3.0,3.0,2.0038936586606804
2.0,2.0,2.0,2.0,3.0,4.0,2.2004221059977214
2.0,2.0,2.0,2.0,4.0,2.0,1.9394529204265951
2.0,2.0,2.0,2.0,4.0,4.0,2.343180726715984
2.0,2.0,2.0,2.0,5.0,5.0,2.690149624714022
2.0,2.0,2.0,3.0,1.0,1.0,1.4465296702169912
2.0,2.0,2.0,3.0,1.0,2.0,1.6633697401929124
2.0,2.0,2.0,3.0,1.0,3.0,1.8575864643650222
2.0,2.0,2.0,3.0,2.0,1.0,1.5887719366587112
2.0,2.0,2.0,3.0,2.0,2.0,1.793217613727629
2.0,2.0,2.0,3.0,2.0,3.0,1.9859129652218712
2.0,2.0,2.0,3.0,2.0,4.0,2.1903963963302493
2.0,2.0,2.0,3.0,3.0,1.0,1.7228212612581464
2.0,2.0,2.0,3.0,3.0,2.0,1.928601036941118
2.0,2.0,2.0,3.0,3.0,3.0,2.1287214825487446
2.0,2.0,2.0,3.0,3.0,4.0,2.328413594506355
2.0,2.0,2.0,3.0,4.0,2.0,2.061956545750734
2.0,2.0,2.0,3.0,4.0,3.0,2.265656461760011
2.0,2.0,2.0,3.0,4.0,4.0,2.4623569968854113
2.0,2.0,2.0,3.0,5.0,3.0,2.403428593505638
2.0,2.0,2.0,4.0,1.0,1.0,1.5724572729494517
2.0,2.0,2.0,4.0,1.0,3.0,1.9745105723024938
2.0,2.0,2.0,4.0,1.0,4.0,2.1763747731313563
2.0,2.0,2.0,4.0,2.0,2.0,1.9099177979583768
2.0,2.0,2.0,4.0,2.0,3.0,2.115698775796635
2.0,2.0,2.0,4.0,2.0,4.0,2.3163240312341014
2.0,2.0,2.0,4.0,3.0,2.0,2.0507090824724545
2.0,2.0,2.0,4.0,3.0,3.0,2.250988353979686
2.0,2.0,2.0,4.0,3.0,4.0,2.4478172263277815
2.0,2.0,2.0,4.0,3.0,5.0,2.6566977732360257
2.0,2.0,2.0,4.0,4.0,2.0,2.1876424703741515
2.0,2.0,2.0,4.0,4.0,3.0,2.386324459113365
2.0,2.0,2.0,4.0,4.0,4.0,2.592257084432103
2.0,2.0,2.0,4.0,5.0,3.0,2.5235956607728087
2.0,2.0,2.0,4.0,5.0,4.0,2.725459655088042
2.0,2.0,2.0,5.0,1.0,2.0,1.9029839597684866
2.0,2.0,2.0,5.0,1.0,3.0,2.096635793049087
2.0,2.0,2.0,5.0,2.0,2.0,2.0285048534004058
2.0,2.0,2.0,5.0,2.0,3.0,2.234285747398111
2.0,2.0,2.0,5.0,3.0,3.0,2.3715569582825333
2.0,2.0,2.0,5.0,3.0,4.0,2.5773379825817258
2.0,2.0,2.0,5.0,3.0,5.0,2.7752849846893213
2.0,2.0,2.0,5.0,4.0,4.0,2.714609158474503
2.0,2.0,2.0,5.0,5.0,4.0,2.8479635024624224
2.0,2.0,2.0,5.0,5.0,5.0,3.0498275551941627
2.0,2.0,3.0,1.0,1.0,1.0,1.4525453613828825
2.0,2.0,3.0,1.0,1.0,2.0,1.6561818149158707
2.0,2.0,3.0,1.0,1.0,3.0,1.8541291792884158
2.0,2.0,3.0,1.0,2.0,1.0,1.5840671987237287
2.0,2.0,3.0,1.0,2.0,2.0,1.791980962853582
2.0,2.0,3.0,1.0,3.0,2.0,1.9312631775173295
2.0,2.0,3.0,1.0,3.0,3.0,2.136505405452696
2.0,2.0,3.0,1.0,4.0,1.0,1.8622147755568923
2.0,2.0,3.0,1.0,4.0,4.0,2.4756403133578773
2.0,2.0,3.0,2.0,1.0,1.0,1.5784729863822815
2.0,2.0,3.0,2.0,1.0,2.0,1.7928724830024236
2.0,2.0,3.0,2.0,1.0,3.0,1.9728218928276826
2.0,2.0,3.0,2.0,2.0,2.0,1.92694096172231
2.0,2.0,3.0,2.0,2.0,3.0,2.1251651497630712
2.0,2.0,3.0,2.0,3.0,2.0,2.0556208815810617
2.0,2.0,3.0,2.0,3.0,3.0,2.253016091045217
2.0,2.0,3.0,2.0,4.0,2.0,2.1897561167587485
2.0,2.0,3.0,2.0,4.0,3.0,2.3893133205106465
2.0,2.0,3.0,2.0,5.0,3.0,2.52963435213981
2.0,2.0,3.0,3.0,1.0,2.0,1.9015750613948197
2.0,2.0,3.0,3.0,1.0,3.0,2.1065534305167075
2.0,2.0,3.0,3.0,2.0,2.0,2.0414052267991103
2.0,2.0,3.0,3.0,2.0,3.0,2.245277094736986
2.0,2.0,3.0,3.0,3.0,1.0,1.9738679465855389
2.0,2.0,3.0,3.0,3.0,2.0,2.174854655505317
2.0,2.0,3.0,3.0,3.0,3.0,2.3787305528480904
2.0,2.0,3.0,3.0,3.0,4.0,2.5833771055160395
2.0,2.0,3.0,3.0,4.0,2.0,2.316920111064281
2.0,2.0,3.0,3.0,4.0,3.0,2.525810401694293
2.0,2.0,3.0,3.0,4.0,4.0,2.718933281136613
2.0,2.0,3.0,4.0,1.0,2.0,2.0196222224378837
2.0,2.0,3.0,4.0,1.0,3.0,2.220775287739008
2.0,2.0,3.0,4.0,1.0,4.0,2.433557442759439
2.0,2.0,3.0,4.0,2.0,2.0,2.1642382769827657
2.0,2.0,3.0,4.0,2.0,3.0,2.3600079158693292
2.0,2.0,3.0,4.0,2.0,4.0,2.5686097005906174
2.0,2.0,3.0,4.0,3.0,1.0,2.096371922412144
2.0,2.0,3.0,4.0,3.0,2.0,2.3009738598308767
2.0,2.0,3.0,4.0,3.0,3.0,2.5057720037655966
2.0,2.0,3.0,4.0,3.0,4.0,2.7031266727629615
2.0,2.0,3.0,4.0,3.0,5.0,2.9077449849538795
2.0,2.0,3.0,4.0,4.0,3.0,2.6377109966811987
2.0,2.0,3.0,4.0,4.0,4.0,2.849428925962478
2.0,2.0,3.0,4.0,4.0,5.0,3.044666245972573
2.0,2.0,3.0,5.0,3.0,3.0,2.6240760389683313
2.0,2.0,3.0,5.0,3.0,5.0,3.0262287445428724
2.0,2.0,3.0,5.0,4.0,3.0,2.76379148091017
2.0,2.0,3.0,5.0,4.0,4.0,2.965655816578776
2.0,2.0,3.0,5.0,4.0,5.0,3.167520072547441
2.0,2.0,3.0,5.0,5.0,4.0,3.09862360199435
2.0,2.0,3.0,5.0,5.0,5.0,3.302421593647676
2.0,2.0,4.0,1.0,1.0,1.0,1.7053644017812883
2.0,2.0,4.0,1.0,2.0,1.0,1.8387187914105598
2.0,2.0,4.0,1.0,2.0,2.0,2.040582994683659
2.0,2.0,4.0,1.0,3.0,2.0,2.1817706958609167
2.0,2.0,4.0,2.0,1.0,1.0,1.827867990746616
2.0,2.0,4.0,2.0,2.0,2.0,2.163086869843507
2.0,2.0,4.0,2.0,3.0,2.0,2.303087756404958
2.0,2.0,4.0,2.0,4.0,4.0,2.845276315669899
2.0,2.0,4.0,3.0,1.0,3.0,2.348816623201468
2.0,2.0,4.0,3.0,3.0,2.0,2.4290152011308237
2.0,2.0,4.0,3.0,3.0,4.0,2.834423864137934
2.0,2.0,4.0,4.0,1.0,2.0,2.2786570162271094
2.0,2.0,4.0,4.0,1.0,3.0,2.4766039496292778
2.0,2.0,4.0,4.0,2.0,3.0,2.6192837353957112
2.0,2.0,4.0,4.0,2.0,4.0,2.819656444066148
2.0,2.0,4.0,4.0,3.0,3.0,2.7550635070887326
2.0,2.0,4.0,4.0,3.0,4.0,2.960844529142429
2.0,2.0,4.0,4.0,4.0,4.0,3.092389061218462
2.0,2.0,4.0,5.0,2.0,4.0,2.9460768500877967
2.0,2.0,4.0,5.0,2.0,5.0,3.144024014161543
2.0,2.0,4.0,5.0,3.0,4.0,3.079431448380026
2.0,2.0,4.0,5.0,3.0,5.0,3.281295565838462
2.0,2.0,4.0,5.0,4.0,4.0,3.211955048927832
2.0,2.0,4.0,5.0,5.0,4.0,3.350057278181908
2.0,2.0,4.0,5.0,5.0,5.0,3.543742944913546
2.0,2.0,5.0,1.0,4.0,5.0,3.1874341325410174
2.0,2.0,5.0,3.0,4.0,3.0,3.020879941073777
2.0,2.0,5.0,4.0,2.0,2.0,2.6669747984125203
2.0,2.0,5.0,4.0,2.0,4.0,3.07070339721197
2.0,2.0,5.0,4.0,4.0,4.0,3.3452453871321812
2.0,2.0,5.0,4.0,5.0,5.0,3.6843816813502044
2.0,2.0,5.0,5.0,1.0,3.0,2.84623757925773
2.0,3.0,1.0,1.0,1.0,1.0,1.072497795574878
2.0,3.0,1.0,1.0,1.0,2.0,1.2133063553974464
2.0,3.0,1.0,1.0,1.0,3.0,1.4213192329686621
2.0,3.0,1.0,1.0,1.0,4.0,1.626489466443894
2.0,3.0,1.0,1.0,2.0,1.0,1.1721376565428592
2.0,3.0,1.0,1.0,2.0,2.0,1.3537652018885697
2.0,3.0,1.0,1.0,2.0,3.0,1.5497496863338414
2.0,3.0,1.0,1.0,3.0,1.0,1.2828872696137064
2.0,3.0,1.0,1.0,3.0,2.0,1.493864570596419
2.0,3.0,1.0,1.0,3.0,3.0,1.6928137057889414
2.0,3.0,1.0,1.0,4.0,1.0,1.4287880647315556
2.0,3.0,1.0,1.0,4.0,3.0,1.8305900941574635
2.0,3.0,1.0,2.0,1.0,1.0,1.1549844326089995
2.0,3.0,1.0,2.0,1.0,2.0,1.3453487668497843
2.0,3.0,1.0,2.0,1.0,3.0,1.536613749439645
2.0,3.0,1.0,2.0,2.0,1.0,1.2804788785397545
2.0,3.0,1.0,2.0,2.0,2.0,1.5054114649098747
2.0,3.0,1.0,2.0,2.0,3.0,1.686167171536472
2.0,3.0,1.0,2.0,2.0,4.0,1.8784242722176256
2.0,3.0,1.0,2.0,3.0,1.0,1.4119397341474036
2.0,3.0,1.0,2.0,3.0,2.0,1.631559411172203
2.0,3.0,1.0,2.0,3.0,3.0,1.8184490522221086
2.0,3.0,1.0,2.0,4.0,1.0,1.5530427791700239
2.0,3.0,1.0,2.0,4.0,2.0,1.7502172156635414
2.0,3.0,1.0,2.0,4.0,3.0,1.955195545557742
2.0,3.0,1.0,2.0,4.0,4.0,2.152370053672358
2.0,3.0,1.0,2.0,5.0,3.0,2.0922913850777114
2.0,3.0,1.0,2.0,5.0,5.0,2.4921022763845193
2.0,3.0,1.0,3.0,1.0,1.0,1.2736594897501177
2.0,3.0,1.0,3.0,1.0,2.0,1.4669698329794536
2.0,3.0,1.0,3.0,1.0,3.0,1.6682539739672795
2.0,3.0,1.0,3.0,1.0,4.0,1.8636568229350854
2.0,3.0,1.0,3.0,2.0,1.0,1.400792492036045
2.0,3.0,1.0,3.0,2.0,2.0,1.6202197864740078
2.0,3.0,1.0,3.0,2.0,3.0,1.8095115891507432
2.0,3.0,1.0,3.0,2.0,4.0,2.000927775540076
2.0,3.0,1.0,3.0,2.0,5.0,2.206719537392418
2.0,3.0,1.0,3.0,3.0,1.0,1.5419080328295949
2.0,3.0,1.0,3.0,3.0,2.0,1.7339323840032537
2.0,3.0,1.0,3.0,3.0,3.0,1.9194542643863424
2.0,3.0,1.0,3.0,3.0,4.0,2.144337776239344
2.0,3.0,1.0,3.0,4.0,2.0,1.8722430377023578
2.0,3.0,1.0,3.0,4.0,3.0,2.0772212402167822
2.0,3.0,1.0,3.0,4.0,4.0,2.278297651102814
2.0,3.0,1.0,3.0,5.0,3.0,2.213125080950311
2.0,3.0,1.0,3.0,5.0,4.0,2.4166591196053404
2.0,3.0,1.0,4.0,1.0,1.0,1.3785540860150112
2.0,3.0,1.0,4.0,1.0,2.0,1.5879638275363006
2.0,3.0,1.0,4.0,1.0,3.0,1.7820865242998343
2.0,3.0,1.0,4.0,1.0,4.0,1.982381313788686
2.0,3.0,1.0,4.0,2.0,1.0,1.5178401505128811
2.0,3.0,1.0,4.0,2.0,2.0,1.7236209464779901
2.0,3.0,1.0,4.0,2.0,3.0,1.9263505707016741
2.0,3.0,1.0,4.0,2.0,4.0,2.1273493896721294
2.0,3.0,1.0,4.0,3.0,2.0,1.8619736590160807
2.0,3.0,1.0,4.0,3.0,3.0,2.065644886033141
2.0,3.0,1.0,4.0,3.0,4.0,2.2557838930704825
2.0,3.0,1.0,4.0,4.0,3.0,2.215395243023378
2.0,3.0,1.0,4.0,4.0,4.0,2.4042253140484875
2.0,3.0,1.0,4.0,4.0,5.0,2.6037546714324344
2.0,3.0,1.0,4.0,5.0,2.0,2.1354347300777112
2.0,3.0,1.0,4.0,5.0,3.0,2.3372985691733894
2.0,3.0,1.0,5.0,1.0,1.0,1.5069893729922093
2.0,3.0,1.0,5.0,1.0,2.0,1.70885350270749
2.0,3.0,1.0,5.0,1.0,3.0,1.9068006323288902
2.0,3.0,1.0,5.0,1.0,4.0,2.1086646458609724
2.0,3.0,1.0,5.0,2.0,4.0,2.249853266325307
2.0,3.0,1.0,5.0,3.0,3.0,2.185260128583502
2.0,3.0,1.0,5.0,3.0,4.0,2.389515341045604
2.0,3.0,1.0,5.0,3.0,5.0,2.580522106717807
2.0,3.0,1.0,5.0,4.0,3.0,2.3225313420786846
2.0,3.0,1.0,5.0,4.0,4.0,2.5223490081415862
2.0,3.0,2.0,1.0,1.0,1.0,1.292113911672379
2.0,3.0,2.0,1.0,1.0,2.0,1.47744520520147
2.0,3.0,2.0,1.0,1.0,3.0,1.670414480669439
2.0,3.0,2.0,1.0,2.0,1.0,1.4243938314065274
2.0,3.0,2.0,1.0,2.0,2.0,1.6161150897414778
2.0,3.0,2.0,1.0,2.0,3.0,1.8088479657080183
2.0,3.0,2.0,1.0,3.0,1.0,1.549090307267903
2.0,3.0,2.0,1.0,3.0,2.0,1.7521015635939257
2.0,3.0,2.0,1.0,3.0,3.0,1.9324746407951743
2.0,3.0,2.0,1.0,3.0,4.0,2.148154682648795
2.0,3.0,2.0,1.0,4.0,1.0,1.6798347294269655
2.0,3.0,2.0,1.0,4.0,3.0,2.083562778322148
2.0,3.0,2.0,1.0,5.0,3.0,2.220835526457615
2.0,3.0,2.0,2.0,1.0,1.0,1.4036461677703285
2.0,3.0,2.0,2.0,1.0,2.0,1.611712796746566
2.0,3.0,2.0,2.0,1.0,3.0,1.8034296416669107
2.0,3.0,2.0,2.0,2.0,1.0,1.5452567006085247
2.0,3.0,2.0,2.0,2.0,2.0,1.7926560918200065
2.0,3.0,2.0,2.0,2.0,3.0,1.936270552486286
2.0,3.0,2.0,2.0,2.0,4.0,2.1333881773039476
2.0,3.0,2.0,2.0,2.0,5.0,2.339169141476186
2.0,3.0,2.0,2.0,3.0,1.0,1.662520957991678
2.0,3.0,2.0,2.0,3.0,2.0,1.8787021527666912
2.0,3.0,2.0,2.0,3.0,3.0,2.079678073585393
2.0,3.0,2.0,2.0,4.0,1.0,1.803109776786053
2.0,3.0,2.0,2.0,4.0,2.0,2.004153890262983
2.0,3.0,2.0,2.0,4.0,3.0,2.2128169600574257
2.0,3.0,2.0,2.0,4.0,4.0,2.4118479985868078
2.0,3.0,2.0,2.0,5.0,4.0,2.5452018277469968
2.0,3.0,2.0,2.0,5.0,5.0,2.7470662773800685
2.0,3.0,2.0,3.0,1.0,1.0,1.518124431619952
2.0,3.0,2.0,3.0,1.0,2.0,1.7168996895277338
2.0,3.0,2.0,3.0,1.0,3.0,1.901666380133538
2.0,3.0,2.0,3.0,1.0,4.0,2.117243200301178
2.0,3.0,2.0,3.0,2.0,1.0,1.6545034201562634
2.0,3.0,2.0,3.0,2.0,2.0,1.8751562111168019
2.0,3.0,2.0,3.0,2.0,3.0,2.080583443084828
2.0,3.0,2.0,3.0,2.0,4.0,2.258795572882583
2.0,3.0,2.0,3.0,3.0,1.0,1.785335532906049
2.0,3.0,2.0,3.0,3.0,2.0,1.9944075497429798
2.0,3.0,2.0,3.0,3.0,3.0,2.209662803596327
2.0,3.0,2.0,3.0,3.0,4.0,2.3994329958813005
2.0,3.0,2.0,3.0,4.0,2.0,2.121362640896404
2.0,3.0,2.0,3.0,4.0,3.0,2.3374377498880508
2.0,3.0,2.0,3.0,4.0,4.0,2.531770783949274
2.0,3.0,2.0,3.0,4.0,5.0,2.733342630392769
2.0,3.0,2.0,3.0,5.0,1.0,2.058198385912194
2.0,3.0,2.0,3.0,5.0,3.0,2.4697583168988277
2.0,3.0,2.0,3.0,5.0,4.0,2.6702887290031923
2.0,3.0,2.0,4.0,1.0,1.0,1.6369545339845408
2.0,3.0,2.0,4.0,1.0,2.0,1.8328360150471807
2.0,3.0,2.0,4.0,1.0,3.0,2.0343999721402652
2.0,3.0,2.0,4.0,1.0,4.0,2.2364925481538744
2.0,3.0,2.0,4.0,2.0,1.0,1.7767204542811248
2.0,3.0,2.0,4.0,2.0,2.0,1.9830981822489255
2.0,3.0,2.0,4.0,2.0,3.0,2.188016563093322
2.0,3.0,2.0,4.0,2.0,4.0,2.3832279077898875
2.0,3.0,2.0,4.0,3.0,1.0,1.922131554273832
2.0,3.0,2.0,4.0,3.0,2.0,2.119027732838871
2.0,3.0,2.0,4.0,3.0,3.0,2.3239069209564667
2.0,3.0,2.0,4.0,3.0,4.0,2.5339244723734113
2.0,3.0,2.0,4.0,4.0,2.0,2.2530789929166635
2.0,3.0,2.0,4.0,4.0,3.0,2.4491480459987716
2.0,3.0,2.0,4.0,4.0,4.0,2.647810483789584
2.0,3.0,2.0,4.0,4.0,5.0,2.8553687676095962
2.0,3.0,2.0,4.0,5.0,2.0,2.386481466227692
2.0,3.0,2.0,4.0,5.0,3.0,2.5915452508104124
2.0,3.0,2.0,4.0,5.0,4.0,2.794126511230239
2.0,3.0,2.0,4.0,5.0,5.0,2.992073934529019
2.0,3.0,2.0,5.0,1.0,1.0,1.7589802982170637
2.0,3.0,2.0,5.0,1.0,2.0,1.9561547708995888
2.0,3.0,2.0,5.0,1.0,3.0,2.1605067234253816
2.0,3.0,2.0,5.0,1.0,4.0,2.3583074056981306
2.0,3.0,2.0,5.0,2.0,3.0,2.2990356401333027
2.0,3.0,2.0,5.0,3.0,3.0,2.4385060837202968
2.0,3.0,2.0,5.0,3.0,4.0,2.6381708746845307
2.0,3.0,2.0,5.0,3.0,5.0,2.84395193405447
2.0,3.0,2.0,5.0,4.0,2.0,2.3717134776516087
2.0,3.0,2.0,5.0,4.0,3.0,2.579143650343514
2.0,3.0,2.0,5.0,4.0,4.0,2.7771873784014907
2.0,3.0,2.0,5.0,4.0,5.0,2.973595265000989
2.0,3.0,2.0,5.0,5.0,2.0,2.5089852598919595
2.0,3.0,2.0,5.0,5.0,3.0,2.7108494217362655
2.0,3.0,2.0,5.0,5.0,4.0,2.9091516427105413
2.0,3.0,2.0,5.0,5.0,5.0,3.110660814970406
2.0,3.0,3.0,1.0,1.0,1.0,1.5116886916097059
2.0,3.0,3.0,1.0,1.0,2.0,1.7142224880377497
2.0,3.0,3.0,1.0,1.0,3.0,1.9117358212829128
2.0,3.0,3.0,1.0,2.0,1.0,1.6370708356536217
2.0,3.0,3.0,1.0,2.0,2.0,1.844701360656136
2.0,3.0,3.0,1.0,2.0,3.0,2.063487344836668
2.0,3.0,3.0,1.0,2.0,5.0,2.459876680753725
2.0,3.0,3.0,1.0,3.0,1.0,1.774631971643077
2.0,3.0,3.0,1.0,3.0,2.0,1.9810661118771655
2.0,3.0,3.0,1.0,3.0,3.0,2.186834981631294
2.0,3.0,3.0,1.0,4.0,1.0,1.9269643772195817
2.0,3.0,3.0,1.0,4.0,2.0,2.132745587265876
2.0,3.0,3.0,1.0,4.0,3.0,2.334609610610277
2.0,3.0,3.0,1.0,4.0,4.0,2.540390829055799
2.0,3.0,3.0,2.0,1.0,1.0,1.6362359572076601
2.0,3.0,3.0,2.0,1.0,2.0,1.8404361564868594
2.0,3.0,3.0,2.0,1.0,3.0,2.0364658869598173
2.0,3.0,3.0,2.0,2.0,1.0,1.7665720544029684
2.0,3.0,3.0,2.0,2.0,2.0,1.9933529037306237
2.0,3.0,3.0,2.0,2.0,3.0,2.1861211214276026
2.0,3.0,3.0,2.0,2.0,4.0,2.38293491281905
2.0,3.0,3.0,2.0,3.0,1.0,1.9164413630901995
2.0,3.0,3.0,2.0,3.0,2.0,2.1331625084770622
2.0,3.0,3.0,2.0,3.0,3.0,2.337316292548604
2.0,3.0,3.0,2.0,3.0,4.0,2.5274744634774664
2.0,3.0,3.0,2.0,4.0,2.0,2.2561563376013862
2.0,3.0,3.0,2.0,4.0,3.0,2.4549606747019945
2.0,3.0,3.0,2.0,4.0,4.0,2.6590667497604525
2.0,3.0,3.0,2.0,5.0,4.0,2.800165767121561
2.0,3.0,3.0,2.0,5.0,5.0,3.0020219890702333
2.0,3.0,3.0,3.0,1.0,1.0,1.7645426077334858
2.0,3.0,3.0,3.0,1.0,2.0,1.9635916743834134
2.0,3.0,3.0,3.0,1.0,3.0,2.161123018484905
2.0,3.0,3.0,3.0,1.0,4.0,2.3682251205045715
2.0,3.0,3.0,3.0,2.0,1.0,1.8978296119763145
2.0,3.0,3.0,3.0,2.0,2.0,2.109124227858319
2.0,3.0,3.0,3.0,2.0,3.0,2.3120074937200834
2.0,3.0,3.0,3.0,2.0,4.0,2.5108556729772
2.0,3.0,3.0,3.0,3.0,1.0,2.0342973491953558
2.0,3.0,3.0,3.0,3.0,2.0,2.270426335692646
2.0,3.0,3.0,3.0,3.0,3.0,2.4970831607367434
2.0,3.0,3.0,3.0,3.0,4.0,2.6576222707993313
2.0,3.0,3.0,3.0,3.0,5.0,2.8460734518879565
2.0,3.0,3.0,3.0,4.0,1.0,2.175889026243377
2.0,3.0,3.0,3.0,4.0,2.0,2.374338138412425
2.0,3.0,3.0,3.0,4.0,3.0,2.570729798192696
2.0,3.0,3.0,3.0,4.0,4.0,2.770869976061618
2.0,3.0,3.0,3.0,4.0,5.0,2.9873121609551996
2.0,3.0,3.0,3.0,5.0,3.0,2.729698764227638
2.0,3.0,3.0,3.0,5.0,4.0,2.9271575405120984
2.0,3.0,3.0,3.0,5.0,5.0,3.1192151279598606
2.0,3.0,3.0,4.0,1.0,1.0,1.8870214640475427
2.0,3.0,3.0,4.0,1.0,2.0,2.0905863339218533
2.0,3.0,3.0,4.0,1.0,3.0,2.286903084147667
2.0,3.0,3.0,4.0,1.0,4.0,2.494198139779519
2.0,3.0,3.0,4.0,1.0,5.0,2.6979520193820528
2.0,3.0,3.0,4.0,2.0,2.0,2.2308362124116483
2.0,3.0,3.0,4.0,2.0,3.0,2.4411740736588197
2.0,3.0,3.0,4.0,2.0,4.0,2.632718997069512
2.0,3.0,3.0,4.0,2.0,5.0,2.8313053355911006
2.0,3.0,3.0,4.0,3.0,2.0,2.3560121049032587
2.0,3.0,3.0,4.0,3.0,3.0,2.5837110953565356
2.0,3.0,3.0,4.0,3.0,4.0,2.7639869878448815
2.0,3.0,3.0,4.0,4.0,1.0,2.302309650409632
2.0,3.0,3.0,4.0,4.0,2.0,2.504141474192354
2.0,3.0,3.0,4.0,4.0,3.0,2.714922909379829
2.0,3.0,3.0,4.0,4.0,4.0,2.886434900865777
2.0,3.0,3.0,4.0,4.0,5.0,3.109337891470857
2.0,3.0,3.0,4.0,5.0,4.0,3.048520242237848
2.0,3.0,3.0,4.0,5.0,5.0,3.2432258935222844
2.0,3.0,3.0,5.0,1.0,1.0,2.009083003528221
2.0,3.0,3.0,5.0,1.0,3.0,2.4128110187720186
2.0,3.0,3.0,5.0,1.0,4.0,2.6146751176516854
2.0,3.0,3.0,5.0,1.0,5.0,2.8204561566492403
2.0,3.0,3.0,5.0,2.0,3.0,2.5471986811433043
2.0,3.0,3.0,5.0,2.0,4.0,2.7461006158050196
2.0,3.0,3.0,5.0,3.0,3.0,2.6883194892865365
2.0,3.0,3.0,5.0,3.0,4.0,2.8921736109846714
2.0,3.0,3.0,5.0,3.0,5.0,3.0985300166108725
2.0,3.0,3.0,5.0,4.0,3.0,2.815758845851535
2.0,3.0,3.0,5.0,4.0,4.0,3.0297070761793505
2.0,3.0,3.0,5.0,4.0,5.0,3.2222572042555893
2.0,3.0,3.0,5.0,5.0,2.0,2.763948875429861
2.0,3.0,3.0,5.0,5.0,3.0,2.958142443466266
2.0,3.0,3.0,5.0,5.0,4.0,3.1721396124981647
2.0,3.0,3.0,5.0,5.0,5.0,3.3419168144241156
2.0,3.0,4.0,1.0,1.0,1.0,1.7661974353785177
2.0,3.0,4.0,1.0,2.0,2.0,2.1092497059623208
2.0,3.0,4.0,1.0,2.0,3.0,2.3111136970118697
2.0,3.0,4.0,1.0,3.0,2.0,2.2368309746662414
2.0,3.0,4.0,1.0,4.0,3.0,2.5817412214601707
2.0,3.0,4.0,1.0,4.0,4.0,2.7914369518184277
2.0,3.0,4.0,2.0,2.0,1.0,2.0338065423956517
2.0,3.0,4.0,2.0,2.0,2.0,2.234986117428756
2.0,3.0,4.0,2.0,2.0,3.0,2.4336177207422938
2.0,3.0,4.0,2.0,3.0,2.0,2.369620105002682
2.0,3.0,4.0,2.0,3.0,3.0,2.561138611571769
2.0,3.0,4.0,2.0,4.0,3.0,2.712076990636286
2.0,3.0,4.0,2.0,4.0,4.0,2.910723440817352
2.0,3.0,4.0,2.0,5.0,3.0,2.849348173022592
2.0,3.0,4.0,3.0,1.0,2.0,2.2122375657966256
2.0,3.0,4.0,3.0,1.0,3.0,2.42172884386349
2.0,3.0,4.0,3.0,2.0,2.0,2.34879198773817
2.0,3.0,4.0,3.0,2.0,3.0,2.561277316907388
2.0,3.0,4.0,3.0,2.0,4.0,2.76190244353569
2.0,3.0,4.0,3.0,3.0,1.0,2.28463239543117
2.0,3.0,4.0,3.0,3.0,2.0,2.4858190379293017
2.0,3.0,4.0,3.0,3.0,3.0,2.710988740156625
2.0,3.0,4.0,3.0,3.0,4.0,2.896473181111521
2.0,3.0,4.0,3.0,4.0,2.0,2.6263476370896255
2.0,3.0,4.0,3.0,4.0,3.0,2.8345524170750642
2.0,3.0,4.0,3.0,4.0,4.0,3.050917954214215
2.0,3.0,4.0,3.0,5.0,3.0,2.9718517435041436
2.0,3.0,4.0,3.0,5.0,4.0,3.1737164133428872
2.0,3.0,4.0,3.0,5.0,5.0,3.374114847325295
2.0,3.0,4.0,4.0,1.0,1.0,2.137626455313999
2.0,3.0,4.0,4.0,1.0,3.0,2.543143208595474
2.0,3.0,4.0,4.0,1.0,4.0,2.740317916305228
2.0,3.0,4.0,4.0,2.0,3.0,2.691297037387686
2.0,3.0,4.0,4.0,2.0,4.0,2.8853049690850123
2.0,3.0,4.0,4.0,3.0,1.0,2.4121675577315966
2.0,3.0,4.0,4.0,3.0,2.0,2.6170325171436524
2.0,3.0,4.0,4.0,3.0,3.0,2.827778847208928
2.0,3.0,4.0,4.0,3.0,4.0,3.036075084307819
2.0,3.0,4.0,4.0,3.0,5.0,3.223541982420602
2.0,3.0,4.0,4.0,4.0,2.0,2.752273732442391
2.0,3.0,4.0,4.0,4.0,3.0,2.961897477338049
2.0,3.0,4.0,4.0,4.0,4.0,3.1710610171383244
2.0,3.0,4.0,4.0,5.0,2.0,2.888574318878778
2.0,3.0,4.0,4.0,5.0,4.0,3.3016908570887824
2.0,3.0,4.0,4.0,5.0,5.0,3.4922384805031803
2.0,3.0,4.0,5.0,1.0,4.0,2.8696386717941444
2.0,3.0,4.0,5.0,2.0,5.0,3.20485713143738
2.0,3.0,4.0,5.0,3.0,3.0,2.9423172152234165
2.0,3.0,4.0,5.0,3.0,4.0,3.1436186075218604
2.0,3.0,4.0,5.0,3.0,5.0,3.3460454413700984
2.0,3.0,4.0,5.0,4.0,2.0,2.869890441689705
2.0,3.0,4.0,5.0,4.0,4.0,3.2842561285896736
2.0,3.0,4.0,5.0,4.0,5.0,3.47585966260538
2.0,3.0,4.0,5.0,5.0,4.0,3.4068369832869756
2.0,3.0,4.0,5.0,5.0,5.0,3.622068138383364
2.0,3.0,5.0,1.0,1.0,1.0,2.0172435858721944
2.0,3.0,5.0,2.0,2.0,2.0,2.4828004479147068
2.0,3.0,5.0,3.0,3.0,3.0,2.948356221550661
2.0,3.0,5.0,3.0,4.0,3.0,3.081710660522923
2.0,3.0,5.0,3.0,4.0,4.0,3.2874917260839935
2.0,3.0,5.0,3.0,4.0,5.0,3.493272496500174
2.0,3.0,5.0,3.0,5.0,2.0,3.021033393063704
2.0,3.0,5.0,4.0,3.0,3.0,3.070583615660218
2.0,3.0,5.0,4.0,3.0,4.0,3.276641025987279
2.0,3.0,5.0,4.0,4.0,3.0,3.199515393339843
2.0,3.0,5.0,4.0,4.0,4.0,3.405232944637323
2.0,3.0,5.0,4.0,4.0,5.0,3.6118595688741384
2.0,3.0,5.0,4.0,5.0,3.0,3.3454033204186344
2.0,3.0,5.0,5.0,1.0,1.0,2.507260541822217
2.0,3.0,5.0,5.0,1.0,4.0,3.1206853544473625
2.0,3.0,5.0,5.0,2.0,4.0,3.2530481630897645
2.0,3.0,5.0,5.0,4.0,4.0,3.5324993539438148
2.0,3.0,5.0,5.0,5.0,5.0,3.8755512576277082
2.0,4.0,1.0,1.0,1.0,1.0,1.0968756786053468
2.0,4.0,1.0,1.0,1.0,2.0,1.2796713150866428
2.0,4.0,1.0,1.0,1.0,3.0,1.4876539199890426
2.0,4.0,1.0,1.0,2.0,1.0,1.222066064056021
2.0,4.0,1.0,1.0,2.0,2.0,1.4281560001439697
2.0,4.0,1.0,1.0,2.0,3.0,1.62176998227748
2.0,4.0,1.0,1.0,3.0,1.0,1.352180475790085
2.0,4.0,1.0,1.0,3.0,2.0,1.5555220599461508
2.0,4.0,1.0,1.0,3.0,3.0,1.756078060447783
2.0,4.0,1.0,1.0,3.0,4.0,1.9581057396255008
2.0,4.0,1.0,1.0,4.0,1.0,1.487710462384902
2.0,4.0,1.0,1.0,4.0,2.0,1.697770158222048
2.0,4.0,1.0,1.0,4.0,3.0,1.9011829677034935
2.0,4.0,1.0,1.0,5.0,1.0,1.6268921663016336
2.0,4.0,1.0,2.0,1.0,1.0,1.2156068375161067
2.0,4.0,1.0,2.0,1.0,2.0,1.4205564592066755
2.0,4.0,1.0,2.0,1.0,3.0,1.6016503365270711
2.0,4.0,1.0,2.0,2.0,1.0,1.3324068724628841
2.0,4.0,1.0,2.0,2.0,2.0,1.5588074227142419
2.0,4.0,1.0,2.0,2.0,3.0,1.7501222864819967
2.0,4.0,1.0,2.0,3.0,1.0,1.4756177043163206
2.0,4.0,1.0,2.0,3.0,2.0,1.6954695742402865
2.0,4.0,1.0,2.0,3.0,3.0,1.8856351794692325
2.0,4.0,1.0,2.0,3.0,4.0,2.0843627374358213
2.0,4.0,1.0,2.0,4.0,1.0,1.617539965316269
2.0,4.0,1.0,2.0,4.0,2.0,1.8130013152950353
2.0,4.0,1.0,2.0,4.0,3.0,2.019692767219214
2.0,4.0,1.0,2.0,4.0,4.0,2.221634229457975
2.0,4.0,1.0,2.0,5.0,2.0,1.9551770304340639
2.0,4.0,1.0,2.0,5.0,3.0,2.1531243040272208
2.0,4.0,1.0,3.0,1.0,1.0,1.3146271649685568
2.0,4.0,1.0,3.0,1.0,2.0,1.5275185184295605
2.0,4.0,1.0,3.0,1.0,3.0,1.7313380082765246
2.0,4.0,1.0,3.0,1.0,4.0,1.924784315918061
2.0,4.0,1.0,3.0,2.0,1.0,1.4653602943412756
2.0,4.0,1.0,3.0,2.0,2.0,1.6609573633251966
2.0,4.0,1.0,3.0,2.0,3.0,1.8689479141366538
2.0,4.0,1.0,3.0,2.0,4.0,2.073225657809306
2.0,4.0,1.0,3.0,3.0,1.0,1.597407703220103
2.0,4.0,1.0,3.0,3.0,2.0,1.8030780957568415
2.0,4.0,1.0,3.0,3.0,3.0,1.9974484892655462
2.0,4.0,1.0,3.0,3.0,4.0,2.20605932227175
2.0,4.0,1.0,3.0,4.0,1.0,1.734628539495301
2.0,4.0,1.0,3.0,4.0,3.0,2.137280689100618
2.0,4.0,1.0,3.0,4.0,5.0,2.549917335624181
2.0,4.0,1.0,3.0,5.0,3.0,2.2834616696154604
2.0,4.0,1.0,3.0,5.0,4.0,2.4814089802694834
2.0,4.0,1.0,4.0,1.0,1.0,1.444871305531797
2.0,4.0,1.0,4.0,1.0,2.0,1.6524610421700812
2.0,4.0,1.0,4.0,1.0,3.0,1.8442620275954589
2.0,4.0,1.0,4.0,1.0,4.0,2.0548277684662937
2.0,4.0,1.0,4.0,2.0,2.0,1.7916358201811116
2.0,4.0,1.0,4.0,2.0,3.0,1.9941977077563176
2.0,4.0,1.0,4.0,3.0,1.0,1.7170521226487612
2.0,4.0,1.0,4.0,3.0,2.0,1.9262200460567251
2.0,4.0,1.0,4.0,3.0,3.0,2.1332527659459832
2.0,4.0,1.0,4.0,3.0,4.0,2.325453666375696
2.0,4.0,1.0,4.0,3.0,5.0,2.531232788553056
2.0,4.0,1.0,4.0,4.0,1.0,1.8654933307883388
2.0,4.0,1.0,4.0,4.0,2.0,2.06605420815037
2.0,4.0,1.0,4.0,4.0,3.0,2.262523836472757
2.0,4.0,1.0,4.0,4.0,4.0,2.4579991446721485
2.0,4.0,1.0,4.0,5.0,5.0,2.8057775412982133
2.0,4.0,1.0,5.0,1.0,1.0,1.5812146100877913
2.0,4.0,1.0,5.0,2.0,3.0,2.112298727888717
2.0,4.0,1.0,5.0,4.0,3.0,2.387281272359644
2.0,4.0,1.0,5.0,4.0,4.0,2.5891453262501853
2.0,4.0,1.0,5.0,4.0,5.0,2.7910097245608045
2.0,4.0,1.0,5.0,5.0,4.0,2.730333268490783
2.0,4.0,1.0,5.0,5.0,5.0,2.920756221143397
2.0,4.0,2.0,1.0,1.0,1.0,1.3280105764269095
2.0,4.0,2.0,1.0,1.0,2.0,1.5358916786016006
2.0,4.0,2.0,1.0,1.0,3.0,1.7336255787756778
2.0,4.0,2.0,1.0,2.0,1.0,1.4635368252161702
2.0,4.0,2.0,1.0,2.0,2.0,1.6812174805172984
2.0,4.0,2.0,1.0,2.0,3.0,1.8703610880869372
2.0,4.0,2.0,1.0,3.0,1.0,1.6055517812274929
2.0,4.0,2.0,1.0,3.0,2.0,1.806287465868853
2.0,4.0,2.0,1.0,3.0,3.0,2.0107887409297525
2.0,4.0,2.0,1.0,3.0,4.0,2.2120750131450824
2.0,4.0,2.0,1.0,4.0,1.0,1.736954614450438
2.0,4.0,2.0,1.0,4.0,2.0,1.9427557859419629
2.0,4.0,2.0,1.0,4.0,3.0,2.1483129277583966
2.0,4.0,2.0,1.0,4.0,4.0,2.3566144186569415
2.0,4.0,2.0,2.0,1.0,1.0,1.4559088763372487
2.0,4.0,2.0,2.0,1.0,2.0,1.6724700530372718
2.0,4.0,2.0,2.0,1.0,3.0,1.8622415919914648
2.0,4.0,2.0,2.0,1.0,4.0,2.0565068241884745
2.0,4.0,2.0,2.0,2.0,1.0,1.6019035742318943
2.0,4.0,2.0,2.0,2.0,2.0,1.8210563244767053
2.0,4.0,2.0,2.0,2.0,3.0,2.0001810508244047
2.0,4.0,2.0,2.0,3.0,1.0,1.7334681989119096
2.0,4.0,2.0,2.0,3.0,2.0,1.9592521103798954
2.0,4.0,2.0,2.0,3.0,3.0,2.138117958736918
2.0,4.0,2.0,2.0,3.0,4.0,2.3444628161871575
2.0,4.0,2.0,2.0,4.0,1.0,1.8670884396913328
2.0,4.0,2.0,2.0,4.0,2.0,2.070388478221745
2.0,4.0,2.0,2.0,4.0,3.0,2.28644656479566
2.0,4.0,2.0,2.0,4.0,4.0,2.4653882082470453
2.0,4.0,2.0,2.0,5.0,2.0,2.205419245852331
2.0,4.0,2.0,3.0,1.0,1.0,1.5651772141275218
2.0,4.0,2.0,3.0,1.0,2.0,1.8007397191456023
2.0,4.0,2.0,3.0,1.0,3.0,1.9684341464471378
2.0,4.0,2.0,3.0,2.0,1.0,1.7128397316075734
2.0,4.0,2.0,3.0,2.0,2.0,1.9314661218139482
2.0,4.0,2.0,3.0,2.0,3.0,2.1260266944701676
2.0,4.0,2.0,3.0,2.0,4.0,2.3169175417041177
2.0,4.0,2.0,3.0,3.0,1.0,1.8562625544452034
2.0,4.0,2.0,3.0,3.0,2.0,2.0730305798724107
2.0,4.0,2.0,3.0,3.0,3.0,2.2779593480073252
2.0,4.0,2.0,3.0,3.0,4.0,2.4632694547289504
2.0,4.0,2.0,3.0,3.0,5.0,2.6636930224504622
2.0,4.0,2.0,3.0,4.0,2.0,2.1880083255595917
2.0,4.0,2.0,3.0,4.0,3.0,2.399612137250046
2.0,4.0,2.0,3.0,4.0,4.0,2.5960902167110342
2.0,4.0,2.0,3.0,5.0,3.0,2.5266749988479
2.0,4.0,2.0,3.0,5.0,4.0,2.730648357579028
2.0,4.0,2.0,4.0,1.0,1.0,1.7017931319699966
2.0,4.0,2.0,4.0,1.0,2.0,1.9054789229092703
2.0,4.0,2.0,4.0,1.0,3.0,2.105854537031254
2.0,4.0,2.0,4.0,1.0,4.0,2.293441590950211
2.0,4.0,2.0,4.0,2.0,1.0,1.838187456596591
2.0,4.0,2.0,4.0,2.0,2.0,2.0388093427892713
2.0,4.0,2.0,4.0,2.0,3.0,2.2330644645809055
2.0,4.0,2.0,4.0,2.0,4.0,2.438474614471832
2.0,4.0,2.0,4.0,3.0,1.0,1.97102098140292
2.0,4.0,2.0,4.0,3.0,2.0,2.172496614240646
2.0,4.0,2.0,4.0,3.0,3.0,2.3942931245507917
2.0,4.0,2.0,4.0,3.0,4.0,2.5889032360833757
2.0,4.0,2.0,4.0,3.0,5.0,2.7870324235294253
2.0,4.0,2.0,4.0,4.0,1.0,2.1199297420943926
2.0,4.0,2.0,4.0,4.0,2.0,2.315612483724881
2.0,4.0,2.0,4.0,4.0,3.0,2.518713824141862
2.0,4.0,2.0,4.0,4.0,4.0,2.6910307327226586
2.0,4.0,2.0,4.0,4.0,5.0,2.9195525527047677
2.0,4.0,2.0,4.0,5.0,2.0,2.4572742620314005
2.0,4.0,2.0,4.0,5.0,3.0,2.6530955964912937
2.0,4.0,2.0,4.0,5.0,4.0,2.8555251896253524
2.0,4.0,2.0,4.0,5.0,5.0,3.056823591313232
2.0,4.0,2.0,5.0,1.0,3.0,2.2268763100248137
2.0,4.0,2.0,5.0,1.0,5.0,2.634159276682655
2.0,4.0,2.0,5.0,2.0,2.0,2.16004025525437
2.0,4.0,2.0,5.0,2.0,3.0,2.3634314420936193
2.0,4.0,2.0,5.0,2.0,4.0,2.5656494769148415
2.0,4.0,2.0,5.0,3.0,1.0,2.093412502745505
2.0,4.0,2.0,5.0,3.0,3.0,2.4991080528089347
2.0,4.0,2.0,5.0,3.0,4.0,2.702921016324447
2.0,4.0,2.0,5.0,3.0,5.0,2.9047848731752928
2.0,4.0,2.0,5.0,4.0,2.0,2.4364638780159313
2.0,4.0,2.0,5.0,4.0,3.0,2.6323361839007453
2.0,4.0,2.0,5.0,4.0,4.0,2.831085897711978
2.0,4.0,2.0,5.0,4.0,5.0,3.045793653415374
2.0,4.0,2.0,5.0,5.0,3.0,2.77345621334189
2.0,4.0,2.0,5.0,5.0,4.0,2.985296994801529
2.0,4.0,2.0,5.0,5.0,5.0,3.17793269682773
2.0,4.0,3.0,1.0,1.0,1.0,1.5911139390297426
2.0,4.0,3.0,1.0,1.0,2.0,1.7889889234345737
2.0,4.0,3.0,1.0,1.0,3.0,1.9876429658008608
2.0,4.0,3.0,1.0,1.0,4.0,2.193325929821759
2.0,4.0,3.0,1.0,2.0,1.0,1.710573538520051
2.0,4.0,3.0,1.0,2.0,2.0,1.9176986694369613
2.0,4.0,3.0,1.0,2.0,3.0,2.12674890322416
2.0,4.0,3.0,1.0,3.0,1.0,1.8436732823381008
2.0,4.0,3.0,1.0,3.0,2.0,2.06798348656407
2.0,4.0,3.0,1.0,3.0,3.0,2.2324845784460687
2.0,4.0,3.0,1.0,3.0,4.0,2.4678693763152664
2.0,4.0,3.0,1.0,4.0,1.0,1.9917785865401405
2.0,4.0,3.0,1.0,4.0,3.0,2.39780132429311
2.0,4.0,3.0,1.0,4.0,4.0,2.600436711998707
2.0,4.0,3.0,1.0,4.0,5.0,2.807004687741239
2.0,4.0,3.0,2.0,1.0,1.0,1.7213486812986631
2.0,4.0,3.0,2.0,1.0,2.0,1.915735342051209
2.0,4.0,3.0,2.0,1.0,3.0,2.116066160834946
2.0,4.0,3.0,2.0,2.0,1.0,1.8504399617348948
2.0,4.0,3.0,2.0,2.0,2.0,2.061286775935361
2.0,4.0,3.0,2.0,2.0,3.0,2.2612636723532025
2.0,4.0,3.0,2.0,2.0,5.0,2.6510500485720274
2.0,4.0,3.0,2.0,3.0,1.0,1.981086358972805
2.0,4.0,3.0,2.0,3.0,2.0,2.1950661372851306
2.0,4.0,3.0,2.0,3.0,3.0,2.3988978691187834
2.0,4.0,3.0,2.0,3.0,4.0,2.587387845515492
2.0,4.0,3.0,2.0,3.0,5.0,2.7883202085835728
2.0,4.0,3.0,2.0,4.0,1.0,2.1142183558134477
2.0,4.0,3.0,2.0,4.0,2.0,2.3154758564075095
2.0,4.0,3.0,2.0,4.0,3.0,2.518661509640083
2.0,4.0,3.0,2.0,4.0,4.0,2.7238740866020024
2.0,4.0,3.0,2.0,4.0,5.0,2.9295085123779008
2.0,4.0,3.0,2.0,5.0,3.0,2.6592218253193685
2.0,4.0,3.0,2.0,5.0,4.0,2.864915631610065
2.0,4.0,3.0,3.0,1.0,1.0,1.8294931205631149
2.0,4.0,3.0,3.0,1.0,2.0,2.022076817270506
2.0,4.0,3.0,3.0,1.0,3.0,2.2237359195019835
2.0,4.0,3.0,3.0,1.0,4.0,2.4388141905327387
2.0,4.0,3.0,3.0,2.0,1.0,1.9702469420411983
2.0,4.0,3.0,3.0,2.0,2.0,2.1771394756730302
2.0,4.0,3.0,3.0,2.0,3.0,2.3910032638767578
2.0,4.0,3.0,3.0,2.0,4.0,2.5799169667169277
2.0,4.0,3.0,3.0,3.0,1.0,2.0990623831658457
2.0,4.0,3.0,3.0,3.0,2.0,2.306550024541224
2.0,4.0,3.0,3.0,3.0,3.0,2.515584735354308
2.0,4.0,3.0,3.0,3.0,4.0,2.718184581806166
2.0,4.0,3.0,3.0,4.0,1.0,2.2406390083355823
2.0,4.0,3.0,3.0,4.0,2.0,2.4652726623038688
2.0,4.0,3.0,3.0,4.0,3.0,2.6365081824652483
2.0,4.0,3.0,3.0,4.0,4.0,2.8360825792480324
2.0,4.0,3.0,3.0,4.0,5.0,3.052012431047352
2.0,4.0,3.0,3.0,5.0,2.0,2.5797741786729675
2.0,4.0,3.0,3.0,5.0,3.0,2.79029398233478
2.0,4.0,3.0,3.0,5.0,4.0,2.987661044909988
2.0,4.0,3.0,3.0,5.0,5.0,3.1892835321892696
2.0,4.0,3.0,4.0,1.0,1.0,1.9513289306320354
2.0,4.0,3.0,4.0,1.0,2.0,2.1662574947913638
2.0,4.0,3.0,4.0,1.0,3.0,2.353851607868726
2.0,4.0,3.0,4.0,1.0,4.0,2.5475949774278073
2.0,4.0,3.0,4.0,2.0,1.0,2.0886003325722364
2.0,4.0,3.0,4.0,2.0,2.0,2.2945932591442624
2.0,4.0,3.0,4.0,2.0,3.0,2.496594809458013
2.0,4.0,3.0,4.0,2.0,4.0,2.7015560072908134
2.0,4.0,3.0,4.0,2.0,5.0,2.899973656838319
2.0,4.0,3.0,4.0,3.0,2.0,2.4309793858285684
2.0,4.0,3.0,4.0,3.0,3.0,2.6396860846672467
2.0,4.0,3.0,4.0,3.0,4.0,2.8270757472052126
2.0,4.0,3.0,4.0,3.0,5.0,3.0370995461446926
2.0,4.0,3.0,4.0,4.0,2.0,2.5711682359943073
2.0,4.0,3.0,4.0,4.0,3.0,2.762980705111047
2.0,4.0,3.0,4.0,4.0,4.0,2.9596106489596345
2.0,4.0,3.0,4.0,4.0,5.0,3.1795374088921085
2.0,4.0,3.0,4.0,5.0,3.0,2.904886827885305
2.0,4.0,3.0,4.0,5.0,4.0,3.1027840413520558
2.0,4.0,3.0,4.0,5.0,5.0,3.302312461013164
2.0,4.0,3.0,5.0,1.0,2.0,2.2717797880208277
2.0,4.0,3.0,5.0,1.0,3.0,2.4775610327406223
2.0,4.0,3.0,5.0,1.0,4.0,2.6806756756309857
2.0,4.0,3.0,5.0,1.0,5.0,2.8852059761183755
2.0,4.0,3.0,5.0,2.0,2.0,2.416884920693679
2.0,4.0,3.0,5.0,2.0,3.0,2.6202367549355965
2.0,4.0,3.0,5.0,2.0,4.0,2.822696920982013
2.0,4.0,3.0,5.0,2.0,5.0,3.022477357842855
2.0,4.0,3.0,5.0,3.0,3.0,2.748213409639842
2.0,4.0,3.0,5.0,3.0,4.0,2.955023869970423
2.0,4.0,3.0,5.0,3.0,5.0,3.158506600588679
2.0,4.0,3.0,5.0,4.0,3.0,2.8906590349236114
2.0,4.0,3.0,5.0,4.0,4.0,3.086172390758714
2.0,4.0,3.0,5.0,4.0,5.0,3.289091705090031
2.0,4.0,3.0,5.0,5.0,3.0,3.0300908867283183
2.0,4.0,3.0,5.0,5.0,4.0,3.227088584100581
2.0,4.0,3.0,5.0,5.0,5.0,3.4123582749822203
2.0,4.0,4.0,1.0,1.0,1.0,1.815693103411167
2.0,4.0,4.0,1.0,1.0,2.0,2.0326831803275427
2.0,4.0,4.0,1.0,1.0,4.0,2.436539621201407
2.0,4.0,4.0,1.0,2.0,1.0,1.9722444443062013
2.0,4.0,4.0,1.0,2.0,2.0,2.1694189051987225
2.0,4.0,4.0,1.0,3.0,2.0,2.3088512865009903
2.0,4.0,4.0,1.0,3.0,3.0,2.513135123745657
2.0,4.0,4.0,1.0,4.0,4.0,2.8561872260474845
2.0,4.0,4.0,2.0,1.0,2.0,2.158610956468651
2.0,4.0,4.0,2.0,1.0,3.0,2.3596873159985443
2.0,4.0,4.0,2.0,1.0,4.0,2.5707939579621444
2.0,4.0,4.0,2.0,2.0,2.0,2.2992484350520717
2.0,4.0,4.0,2.0,2.0,3.0,2.4964229023069273
2.0,4.0,4.0,2.0,3.0,1.0,2.2279937142516792
2.0,4.0,4.0,2.0,3.0,2.0,2.4336362199602513
2.0,4.0,4.0,2.0,3.0,3.0,2.6325241502094325
2.0,4.0,4.0,2.0,4.0,2.0,2.5704945654028903
2.0,4.0,4.0,2.0,4.0,4.0,2.974872243280722
2.0,4.0,4.0,2.0,5.0,3.0,2.918968060916438
2.0,4.0,4.0,3.0,1.0,2.0,2.2767347862363025
2.0,4.0,4.0,3.0,1.0,3.0,2.475953815946153
2.0,4.0,4.0,3.0,1.0,4.0,2.6854641203593195
2.0,4.0,4.0,3.0,2.0,1.0,2.21714290311275
2.0,4.0,4.0,3.0,2.0,2.0,2.425755860643726
2.0,4.0,4.0,3.0,2.0,3.0,2.6160447203029324
2.0,4.0,4.0,3.0,3.0,2.0,2.555840807737018
2.0,4.0,4.0,3.0,3.0,3.0,2.741388357849022
2.0,4.0,4.0,3.0,3.0,4.0,2.9603173006777994
2.0,4.0,4.0,3.0,4.0,2.0,2.694745213000361
2.0,4.0,4.0,3.0,4.0,3.0,2.8868355934435654
2.0,4.0,4.0,3.0,4.0,4.0,3.1103786196302203
2.0,4.0,4.0,3.0,4.0,5.0,3.3018763785226444
2.0,4.0,4.0,3.0,5.0,3.0,3.036317474082511
2.0,4.0,4.0,3.0,5.0,4.0,3.242382981110596
2.0,4.0,4.0,3.0,5.0,5.0,3.444247196076393
2.0,4.0,4.0,4.0,1.0,3.0,2.6029353586634345
2.0,4.0,4.0,4.0,1.0,4.0,2.8085504712795237
2.0,4.0,4.0,4.0,2.0,2.0,2.543299599447645
2.0,4.0,4.0,4.0,2.0,3.0,2.744462682036326
2.0,4.0,4.0,4.0,2.0,4.0,2.9539752339236953
2.0,4.0,4.0,4.0,2.0,5.0,3.1549371787147615
2.0,4.0,4.0,4.0,3.0,2.0,2.683937348640439
2.0,4.0,4.0,4.0,3.0,3.0,2.890156887212117
2.0,4.0,4.0,4.0,3.0,4.0,3.099372024815841
2.0,4.0,4.0,4.0,3.0,5.0,3.2804578723679483
2.0,4.0,4.0,4.0,4.0,2.0,2.8167709852290947
2.0,4.0,4.0,4.0,4.0,3.0,3.032198618161264
2.0,4.0,4.0,4.0,4.0,4.0,3.1937810368402917
2.0,4.0,4.0,4.0,4.0,5.0,3.433915016109162
2.0,4.0,4.0,4.0,5.0,3.0,3.1650011819912685
2.0,4.0,4.0,4.0,5.0,4.0,3.360648603550174
2.0,4.0,4.0,4.0,5.0,5.0,3.5657211771624353
2.0,4.0,4.0,5.0,1.0,3.0,2.7246908433067913
2.0,4.0,4.0,5.0,1.0,5.0,3.1362526349521906
2.0,4.0,4.0,5.0,2.0,3.0,2.870303850682546
2.0,4.0,4.0,5.0,2.0,4.0,3.071102767442547
2.0,4.0,4.0,5.0,3.0,3.0,3.00313759722914
2.0,4.0,4.0,5.0,3.0,4.0,3.209564517109735
2.0,4.0,4.0,5.0,3.0,5.0,3.4153754379093417
2.0,4.0,4.0,5.0,4.0,3.0,3.144338340911473
2.0,4.0,4.0,5.0,4.0,4.0,3.3482294005690734
2.0,4.0,4.0,5.0,4.0,5.0,3.547324509317722
2.0,4.0,4.0,5.0,5.0,3.0,3.273775987828522
2.0,4.0,4.0,5.0,5.0,4.0,3.4707914198764103
2.0,4.0,4.0,5.0,5.0,5.0,3.6718668697539436
2.0,4.0,5.0,1.0,1.0,2.0,2.283859649794495
2.0,4.0,5.0,2.0,3.0,3.0,2.887127293990363
2.0,4.0,5.0,2.0,4.0,3.0,3.023862733419803
2.0,4.0,5.0,2.0,4.0,4.0,3.2258209838889544
2.0,4.0,5.0,2.0,4.0,5.0,3.4316017354118022
2.0,4.0,5.0,2.0,5.0,4.0,3.3670089832594887
2.0,4.0,5.0,3.0,1.0,3.0,2.7395838551329095
2.0,4.0,5.0,3.0,3.0,1.0,2.609379060313545
2.0,4.0,5.0,3.0,3.0,2.0,2.8112417895846464
2.0,4.0,5.0,3.0,3.0,3.0,3.009117538326303
2.0,4.0,5.0,3.0,3.0,4.0,3.205525534647457
2.0,4.0,5.0,3.0,4.0,3.0,3.156982244899177
2.0,4.0,5.0,3.0,5.0,3.0,3.2876488223755844
2.0,4.0,5.0,3.0,5.0,4.0,3.4895129386615293
2.0,4.0,5.0,4.0,1.0,1.0,2.449506815185823
2.0,4.0,5.0,4.0,1.0,3.0,2.8610673158445126
2.0,4.0,5.0,4.0,3.0,3.0,3.1350808477638954
2.0,4.0,5.0,4.0,4.0,3.0,3.271816409727138
2.0,4.0,5.0,4.0,4.0,4.0,3.475134768537926
2.0,4.0,5.0,4.0,5.0,4.0,3.6096283962867544
2.0,4.0,5.0,4.0,5.0,5.0,3.8146067467761138
2.0,4.0,5.0,5.0,4.0,4.0,3.597249245492852
2.0,4.0,5.0,5.0,5.0,4.0,3.7259879577770074
2.0,4.0,5.0,5.0,5.0,5.0,3.932118532962294
2.0,5.0,1.0,1.0,1.0,1.0,1.1445912636882603
2.0,5.0,1.0,1.0,1.0,2.0,1.3504808649110662
2.0,5.0,1.0,1.0,1.0,3.0,1.5462853594336927
2.0,5.0,1.0,1.0,2.0,1.0,1.2720250481278061
2.0,5.0,1.0,1.0,2.0,2.0,1.4764624330167
2.0,5.0,1.0,1.0,2.0,3.0,1.682129625148852
2.0,5.0,1.0,1.0,3.0,1.0,1.4190036819381322
2.0,5.0,1.0,1.0,3.0,2.0,1.6171284201268055
2.0,5.0,1.0,1.0,3.0,3.0,1.8229089715315883
2.0,5.0,1.0,1.0,4.0,1.0,1.5600115266115997
2.0,5.0,1.0,1.0,4.0,2.0,1.7542428555232241
2.0,5.0,1.0,2.0,1.0,1.0,1.2606441926190217
2.0,5.0,1.0,2.0,1.0,2.0,1.4773403222879526
2.0,5.0,1.0,2.0,1.0,3.0,1.6687893116092458
2.0,5.0,1.0,2.0,1.0,5.0,2.0764331213676686
2.0,5.0,1.0,2.0,2.0,1.0,1.4015306611873721
2.0,5.0,1.0,2.0,2.0,2.0,1.610108060903264
2.0,5.0,1.0,2.0,2.0,3.0,1.8036809170691057
2.0,5.0,1.0,2.0,2.0,4.0,2.0078932350096887
2.0,5.0,1.0,2.0,3.0,1.0,1.5348664061283583
2.0,5.0,1.0,2.0,3.0,2.0,1.7464339482746367
2.0,5.0,1.0,2.0,3.0,3.0,1.9517333291859134
2.0,5.0,1.0,2.0,3.0,5.0,2.349607297318159
2.0,5.0,1.0,2.0,4.0,2.0,1.8826557188709563
2.0,5.0,1.0,2.0,4.0,3.0,2.080288110542363
2.0,5.0,1.0,2.0,4.0,4.0,2.2863838028278924
2.0,5.0,1.0,2.0,5.0,4.0,2.4197381791079744
2.0,5.0,1.0,2.0,5.0,5.0,2.6255191052095204
2.0,5.0,1.0,3.0,1.0,1.0,1.3978016388012973
2.0,5.0,1.0,3.0,1.0,2.0,1.5880489782300877
2.0,5.0,1.0,3.0,1.0,3.0,1.7968632728735567
2.0,5.0,1.0,3.0,1.0,4.0,2.000990603031906
2.0,5.0,1.0,3.0,2.0,1.0,1.5342269192388904
2.0,5.0,1.0,3.0,2.0,2.0,1.7288243173490234
2.0,5.0,1.0,3.0,2.0,3.0,1.9366464707136275
2.0,5.0,1.0,3.0,3.0,1.0,1.660846674091095
2.0,5.0,1.0,3.0,3.0,2.0,1.879955299081706
2.0,5.0,1.0,3.0,3.0,3.0,2.0645701364915574
2.0,5.0,1.0,3.0,3.0,4.0,2.271616482629638
2.0,5.0,1.0,3.0,4.0,1.0,1.8032953755967716
2.0,5.0,1.0,3.0,4.0,2.0,2.0051393031383675
2.0,5.0,1.0,3.0,4.0,3.0,2.207023573003884
2.0,5.0,1.0,3.0,4.0,4.0,2.40888774124711
2.0,5.0,1.0,3.0,4.0,5.0,2.606835099909576
2.0,5.0,1.0,3.0,5.0,1.0,1.9405667172717949
2.0,5.0,1.0,3.0,5.0,3.0,2.344294812468596
2.0,5.0,1.0,3.0,5.0,4.0,2.546158898884022
2.0,5.0,1.0,4.0,1.0,1.0,1.5119799507880949
2.0,5.0,1.0,4.0,1.0,2.0,1.7152783208232436
2.0,5.0,1.0,4.0,1.0,3.0,1.9219365916313356
2.0,5.0,1.0,4.0,1.0,4.0,2.115660761039031
2.0,5.0,1.0,4.0,2.0,1.0,1.651256629215979
2.0,5.0,1.0,4.0,2.0,2.0,1.8497919879621079
2.0,5.0,1.0,4.0,2.0,3.0,2.050868330923029
2.0,5.0,1.0,4.0,2.0,4.0,2.2568492375499094
2.0,5.0,1.0,4.0,3.0,1.0,1.7940588781808666
2.0,5.0,1.0,4.0,3.0,3.0,2.1915058258484823
2.0,5.0,1.0,4.0,4.0,2.0,2.1271649618464665
2.0,5.0,1.0,4.0,4.0,3.0,2.3269654524780896
2.0,5.0,1.0,4.0,4.0,4.0,2.5211824840276758
2.0,5.0,1.0,4.0,4.0,5.0,2.733255786197687
2.0,5.0,1.0,4.0,5.0,2.0,2.264934540695078
2.0,5.0,1.0,4.0,5.0,3.0,2.4667986291760453
2.0,5.0,1.0,5.0,1.0,3.0,2.040217265079816
2.0,5.0,1.0,5.0,1.0,4.0,2.24503874006176
2.0,5.0,1.0,5.0,2.0,2.0,1.9756245884556833
2.0,5.0,1.0,5.0,2.0,5.0,2.5772984443658786
2.0,5.0,1.0,5.0,3.0,3.0,2.309629680516458
2.0,5.0,1.0,5.0,3.0,4.0,2.5107059413737556
2.0,5.0,1.0,5.0,3.0,5.0,2.718488490444866
2.0,5.0,1.0,5.0,4.0,3.0,2.4580709015818414
2.0,5.0,1.0,5.0,4.0,5.0,2.8563216983849626
2.0,5.0,1.0,5.0,5.0,1.0,2.1816565807881214
2.0,5.0,1.0,5.0,5.0,3.0,2.587002729346602
2.0,5.0,1.0,5.0,5.0,4.0,2.788079026700105
2.0,5.0,1.0,5.0,5.0,5.0,2.996947403530659
2.0,5.0,2.0,1.0,1.0,1.0,1.3945379682540253
2.0,5.0,2.0,1.0,1.0,2.0,1.6094232480725417
2.0,5.0,2.0,1.0,1.0,5.0,2.204976181554591
2.0,5.0,2.0,1.0,2.0,1.0,1.5322033554160523
2.0,5.0,2.0,1.0,2.0,2.0,1.7494097476916481
2.0,5.0,2.0,1.0,3.0,1.0,1.672000970689313
2.0,5.0,2.0,1.0,3.0,2.0,1.8801920229447204
2.0,5.0,2.0,1.0,3.0,3.0,2.071315595225145
2.0,5.0,2.0,1.0,4.0,3.0,2.2130628284934515
2.0,5.0,2.0,1.0,4.0,4.0,2.4149269120360013
2.0,5.0,2.0,1.0,5.0,1.0,1.939247187042285
2.0,5.0,2.0,1.0,5.0,2.0,2.1478907897461834
2.0,5.0,2.0,2.0,1.0,1.0,1.5120022735987513
2.0,5.0,2.0,2.0,1.0,2.0,1.7351449932182348
2.0,5.0,2.0,2.0,1.0,3.0,1.9237525042461077
2.0,5.0,2.0,2.0,2.0,1.0,1.653533088769937
2.0,5.0,2.0,2.0,2.0,2.0,1.8711553603142248
2.0,5.0,2.0,2.0,2.0,5.0,2.468672008405158
2.0,5.0,2.0,2.0,3.0,1.0,1.796164227299675
2.0,5.0,2.0,2.0,3.0,2.0,2.0040902508701817
2.0,5.0,2.0,2.0,3.0,3.0,2.207324740565514
2.0,5.0,2.0,2.0,3.0,4.0,2.39859791639981
2.0,5.0,2.0,2.0,4.0,1.0,1.9318384492358203
2.0,5.0,2.0,2.0,4.0,2.0,2.1365499398070185
2.0,5.0,2.0,2.0,4.0,3.0,2.326610365231097
2.0,5.0,2.0,2.0,4.0,4.0,2.543137387164792
2.0,5.0,2.0,2.0,5.0,1.0,2.0691090507392804
2.0,5.0,2.0,2.0,5.0,2.0,2.2678259884952094
2.0,5.0,2.0,2.0,5.0,3.0,2.475089011819844
2.0,5.0,2.0,2.0,5.0,4.0,2.6759710062702147
2.0,5.0,2.0,2.0,5.0,5.0,2.880482509660714
2.0,5.0,2.0,3.0,1.0,1.0,1.6386114831237064
2.0,5.0,2.0,3.0,1.0,2.0,1.8429364521157638
2.0,5.0,2.0,3.0,1.0,3.0,2.0451946545423803
2.0,5.0,2.0,3.0,2.0,1.0,1.7797996497658706
2.0,5.0,2.0,3.0,2.0,2.0,1.989932621862571
2.0,5.0,2.0,3.0,2.0,3.0,2.1931445893635035
2.0,5.0,2.0,3.0,2.0,4.0,2.3901696693307275
2.0,5.0,2.0,3.0,3.0,1.0,1.9173944604098023
2.0,5.0,2.0,3.0,3.0,2.0,2.116033837991375
2.0,5.0,2.0,3.0,3.0,3.0,2.3470936422844013
2.0,5.0,2.0,3.0,3.0,4.0,2.5224867968892313
2.0,5.0,2.0,3.0,4.0,1.0,2.0543422381219028
2.0,5.0,2.0,3.0,4.0,2.0,2.2619881037676706
2.0,5.0,2.0,3.0,4.0,3.0,2.4631424455261106
2.0,5.0,2.0,3.0,4.0,4.0,2.6626248393844576
2.0,5.0,2.0,3.0,5.0,3.0,2.5877462655297196
2.0,5.0,2.0,3.0,5.0,4.0,2.7979967326580573
2.0,5.0,2.0,4.0,1.0,1.0,1.7611153825850163
2.0,5.0,2.0,4.0,1.0,2.0,1.9668961807741132
2.0,5.0,2.0,4.0,1.0,3.0,2.1726771084294407
2.0,5.0,2.0,4.0,2.0,2.0,2.106417241688534
2.0,5.0,2.0,4.0,2.0,3.0,2.3069611263546497
2.0,5.0,2.0,4.0,2.0,4.0,2.503978924495675
2.0,5.0,2.0,4.0,3.0,2.0,2.2332158104685487
2.0,5.0,2.0,4.0,3.0,3.0,2.4526218856440276
2.0,5.0,2.0,4.0,3.0,4.0,2.644802560092893
2.0,5.0,2.0,4.0,4.0,2.0,2.382626861416991
2.0,5.0,2.0,4.0,4.0,3.0,2.5919213526053304
2.0,5.0,2.0,4.0,4.0,4.0,2.7830992507937014
2.0,5.0,2.0,4.0,4.0,5.0,2.9843630436163875
2.0,5.0,2.0,4.0,5.0,2.0,2.521771529003465
2.0,5.0,2.0,4.0,5.0,3.0,2.7150441012988353
2.0,5.0,2.0,4.0,5.0,4.0,2.9125593476121687
2.0,5.0,2.0,4.0,5.0,5.0,3.1171969773841646
2.0,5.0,2.0,5.0,1.0,2.0,2.0933167071891465
2.0,5.0,2.0,5.0,1.0,3.0,2.2851128389406297
2.0,5.0,2.0,5.0,1.0,4.0,2.489211438573059
2.0,5.0,2.0,5.0,1.0,5.0,2.69466299261389
2.0,5.0,2.0,5.0,2.0,1.0,2.0208893056003876
2.0,5.0,2.0,5.0,2.0,2.0,2.2231738322901835
2.0,5.0,2.0,5.0,2.0,3.0,2.4307649708732693
2.0,5.0,2.0,5.0,2.0,4.0,2.6343163151033764
2.0,5.0,2.0,5.0,2.0,5.0,2.8309938807965573
2.0,5.0,2.0,5.0,3.0,2.0,2.374227873693975
2.0,5.0,2.0,5.0,3.0,3.0,2.5566397281162963
2.0,5.0,2.0,5.0,3.0,4.0,2.766496961941771
2.0,5.0,2.0,5.0,3.0,5.0,2.962435029635045
2.0,5.0,2.0,5.0,4.0,3.0,2.7069947742599125
2.0,5.0,2.0,5.0,4.0,4.0,2.9021735735230516
2.0,5.0,2.0,5.0,4.0,5.0,3.1094366069934507
2.0,5.0,2.0,5.0,5.0,2.0,2.63599342716504
2.0,5.0,2.0,5.0,5.0,3.0,2.8415896345828147
2.0,5.0,2.0,5.0,5.0,4.0,3.0417220736485735
2.0,5.0,2.0,5.0,5.0,5.0,3.223956438417617
2.0,5.0,3.0,1.0,1.0,1.0,1.6449064357285217
2.0,5.0,3.0,1.0,1.0,2.0,1.851594545927286
2.0,5.0,3.0,1.0,1.0,5.0,2.4599407444142165
2.0,5.0,3.0,1.0,2.0,1.0,1.7814294778683135
2.0,5.0,3.0,1.0,2.0,2.0,1.9838490356496115
2.0,5.0,3.0,1.0,2.0,3.0,2.196631170181564
2.0,5.0,3.0,1.0,3.0,1.0,1.923109946907153
2.0,5.0,3.0,1.0,3.0,2.0,2.128774107225382
2.0,5.0,3.0,1.0,3.0,3.0,2.3256530911507602
2.0,5.0,3.0,1.0,4.0,2.0,2.257320131407489
2.0,5.0,3.0,1.0,4.0,3.0,2.4625905183608205
2.0,5.0,3.0,1.0,4.0,4.0,2.669890508283011
2.0,5.0,3.0,1.0,5.0,3.0,2.6013806770177226
2.0,5.0,3.0,1.0,5.0,4.0,2.807161693904305
2.0,5.0,3.0,1.0,5.0,5.0,3.005088699679675
2.0,5.0,3.0,2.0,1.0,2.0,1.973250087581871
2.0,5.0,3.0,2.0,1.0,3.0,2.169553914425169
2.0,5.0,3.0,2.0,1.0,4.0,2.3829977880275157
2.0,5.0,3.0,2.0,2.0,1.0,1.9051683628462333
2.0,5.0,3.0,2.0,2.0,2.0,2.114891521377461
2.0,5.0,3.0,2.0,2.0,3.0,2.308445959874031
2.0,5.0,3.0,2.0,3.0,1.0,2.041533961598616
2.0,5.0,3.0,2.0,3.0,2.0,2.260767449070125
2.0,5.0,3.0,2.0,3.0,3.0,2.460226464422287
2.0,5.0,3.0,2.0,3.0,4.0,2.6591293828955145
2.0,5.0,3.0,2.0,4.0,1.0,2.193877140978855
2.0,5.0,3.0,2.0,4.0,2.0,2.382670183960203
2.0,5.0,3.0,2.0,4.0,3.0,2.5871180649397187
2.0,5.0,3.0,2.0,4.0,4.0,2.7854005860780795
2.0,5.0,3.0,2.0,4.0,5.0,2.994258094730997
2.0,5.0,3.0,2.0,5.0,2.0,2.519983363427126
2.0,5.0,3.0,2.0,5.0,3.0,2.7291886437099397
2.0,5.0,3.0,2.0,5.0,4.0,2.929665558144989
2.0,5.0,3.0,2.0,5.0,5.0,3.1227334979887944
2.0,5.0,3.0,3.0,1.0,1.0,1.8974917787511323
2.0,5.0,3.0,3.0,1.0,2.0,2.1089746090327965
2.0,5.0,3.0,3.0,1.0,3.0,2.2927166898024685
2.0,5.0,3.0,3.0,1.0,4.0,2.499167399903476
2.0,5.0,3.0,3.0,2.0,2.0,2.232082094174745
2.0,5.0,3.0,3.0,2.0,3.0,2.450422071279098
2.0,5.0,3.0,3.0,2.0,4.0,2.6325219456663222
2.0,5.0,3.0,3.0,3.0,2.0,2.3856011490218196
2.0,5.0,3.0,3.0,3.0,3.0,2.602757531529274
2.0,5.0,3.0,3.0,3.0,4.0,2.776787681504059
2.0,5.0,3.0,3.0,4.0,2.0,2.5091753768024394
2.0,5.0,3.0,3.0,4.0,3.0,2.7213783370518128
2.0,5.0,3.0,3.0,4.0,4.0,2.926477089408895
2.0,5.0,3.0,3.0,4.0,5.0,3.1154059082177286
2.0,5.0,3.0,3.0,5.0,2.0,2.644524317994865
2.0,5.0,3.0,3.0,5.0,3.0,2.8520440000967904
2.0,5.0,3.0,3.0,5.0,4.0,3.051563241137692
2.0,5.0,3.0,3.0,5.0,5.0,3.256944042744048
2.0,5.0,3.0,4.0,1.0,1.0,2.0121620929800526
2.0,5.0,3.0,4.0,1.0,2.0,2.217092467645067
2.0,5.0,3.0,4.0,1.0,3.0,2.4232686659074374
2.0,5.0,3.0,4.0,1.0,4.0,2.6153434150097263
2.0,5.0,3.0,4.0,2.0,1.0,2.157266968814135
2.0,5.0,3.0,4.0,2.0,2.0,2.362703607018668
2.0,5.0,3.0,4.0,2.0,3.0,2.560810158872451
2.0,5.0,3.0,4.0,2.0,4.0,2.761742206024255
2.0,5.0,3.0,4.0,2.0,5.0,2.9647231931050837
2.0,5.0,3.0,4.0,3.0,2.0,2.4983802280198395
2.0,5.0,3.0,4.0,3.0,3.0,2.7060878553006655
2.0,5.0,3.0,4.0,3.0,4.0,2.9158781542967116
2.0,5.0,3.0,4.0,3.0,5.0,3.1050886530128494
2.0,5.0,3.0,4.0,4.0,1.0,2.4245654925411184
2.0,5.0,3.0,4.0,4.0,2.0,2.6287476424645595
2.0,5.0,3.0,4.0,4.0,3.0,2.8281844686633626
2.0,5.0,3.0,4.0,4.0,4.0,3.0018698115921665
2.0,5.0,3.0,4.0,4.0,5.0,3.251914256985413
2.0,5.0,3.0,4.0,5.0,3.0,2.9769070974803227
2.0,5.0,3.0,4.0,5.0,4.0,3.1599450315094315
2.0,5.0,3.0,4.0,5.0,5.0,3.3717170865235917
2.0,5.0,3.0,5.0,1.0,3.0,2.5507132769901077
2.0,5.0,3.0,5.0,1.0,4.0,2.7490747870606804
2.0,5.0,3.0,5.0,1.0,5.0,2.935300211251847
2.0,5.0,3.0,5.0,2.0,3.0,2.6871753719388947
2.0,5.0,3.0,5.0,2.0,4.0,2.885362970510287
2.0,5.0,3.0,5.0,2.0,5.0,3.086213966790795
2.0,5.0,3.0,5.0,3.0,2.0,2.620393141733752
2.0,5.0,3.0,5.0,3.0,3.0,2.824885901348124
2.0,5.0,3.0,5.0,3.0,4.0,3.018010662852089
2.0,5.0,3.0,5.0,3.0,5.0,3.2155150884351276
2.0,5.0,3.0,5.0,4.0,3.0,2.9543032243727905
2.0,5.0,3.0,5.0,4.0,4.0,3.1576462628543434
2.0,5.0,3.0,5.0,4.0,5.0,3.365969258170933
2.0,5.0,3.0,5.0,5.0,2.0,2.8791984832108017
2.0,5.0,3.0,5.0,5.0,3.0,3.0958495671547888
2.0,5.0,3.0,5.0,5.0,4.0,3.2917808901692727
2.0,5.0,3.0,5.0,5.0,5.0,3.4686851939791814
2.0,5.0,4.0,1.0,1.0,1.0,1.895697299274803
2.0,5.0,4.0,1.0,1.0,2.0,2.1053952504858375
2.0,5.0,4.0,1.0,1.0,4.0,2.5012895340256867
2.0,5.0,4.0,1.0,2.0,1.0,2.03296847606721
2.0,5.0,4.0,1.0,2.0,3.0,2.4427963130537704
2.0,5.0,4.0,1.0,3.0,2.0,2.3799374746690782
2.0,5.0,4.0,1.0,3.0,4.0,2.779748995237731
2.0,5.0,4.0,1.0,4.0,2.0,2.513293735057734
2.0,5.0,4.0,1.0,4.0,3.0,2.715155703575891
2.0,5.0,4.0,1.0,5.0,2.0,2.6441226174679087
2.0,5.0,4.0,2.0,1.0,3.0,2.4258461417290498
2.0,5.0,4.0,2.0,1.0,4.0,2.62379332714884
2.0,5.0,4.0,2.0,2.0,2.0,2.36125329587722
2.0,5.0,4.0,2.0,2.0,3.0,2.572064100865629
2.0,5.0,4.0,2.0,2.0,5.0,2.9707626965506613
2.0,5.0,4.0,2.0,3.0,2.0,2.5004812201070936
2.0,5.0,4.0,2.0,3.0,3.0,2.7061445608804804
2.0,5.0,4.0,2.0,3.0,4.0,2.910086490679486
2.0,5.0,4.0,2.0,4.0,2.0,2.6450204955340197
2.0,5.0,4.0,2.0,4.0,3.0,2.8376600016355553
2.0,5.0,4.0,2.0,4.0,4.0,3.0432715907752983
2.0,5.0,4.0,2.0,5.0,3.0,2.9750288674720617
2.0,5.0,4.0,2.0,5.0,4.0,3.18319432032182
2.0,5.0,4.0,2.0,5.0,5.0,3.3786595086635227
2.0,5.0,4.0,3.0,1.0,2.0,2.342461310885613
2.0,5.0,4.0,3.0,2.0,1.0,2.277976423186893
2.0,5.0,4.0,3.0,2.0,2.0,2.4799964831968726
2.0,5.0,4.0,3.0,2.0,3.0,2.6895380499874606
2.0,5.0,4.0,3.0,3.0,1.0,2.415246296947754
2.0,5.0,4.0,3.0,3.0,3.0,2.8434675590306453
2.0,5.0,4.0,3.0,3.0,4.0,3.032212441523853
2.0,5.0,4.0,3.0,4.0,2.0,2.7631445009310864
2.0,5.0,4.0,3.0,4.0,3.0,2.9724551098441188
2.0,5.0,4.0,3.0,4.0,4.0,3.1697888367295817
2.0,5.0,4.0,3.0,4.0,5.0,3.3688364302622613
2.0,5.0,4.0,3.0,5.0,3.0,3.093152547463626
2.0,5.0,4.0,3.0,5.0,4.0,3.3101088076246192
2.0,5.0,4.0,3.0,5.0,5.0,3.5030849861728943
2.0,5.0,4.0,4.0,1.0,2.0,2.467159372272114
2.0,5.0,4.0,4.0,1.0,3.0,2.6734122699212715
2.0,5.0,4.0,4.0,1.0,4.0,2.8654104041666093
2.0,5.0,4.0,4.0,1.0,5.0,3.0784989383770545
2.0,5.0,4.0,4.0,2.0,2.0,2.606260981721673
2.0,5.0,4.0,4.0,2.0,3.0,2.8096162981441988
2.0,5.0,4.0,4.0,2.0,4.0,3.013906168883244
2.0,5.0,4.0,4.0,2.0,5.0,3.2188301267214277
2.0,5.0,4.0,4.0,3.0,2.0,2.749412480393833
2.0,5.0,4.0,4.0,3.0,3.0,2.9584500370101985
2.0,5.0,4.0,4.0,3.0,4.0,3.155360378112919
2.0,5.0,4.0,4.0,3.0,5.0,3.3569583099083857
2.0,5.0,4.0,4.0,4.0,2.0,2.8933902085768586
2.0,5.0,4.0,4.0,4.0,3.0,3.0845957811655196
2.0,5.0,4.0,4.0,4.0,4.0,3.291859512914395
2.0,5.0,4.0,4.0,4.0,5.0,3.4887501093713382
2.0,5.0,4.0,4.0,5.0,2.0,3.0180038094666575
2.0,5.0,4.0,4.0,5.0,3.0,3.2358296001689006
2.0,5.0,4.0,4.0,5.0,4.0,3.4172099706032912
2.0,5.0,4.0,4.0,5.0,5.0,3.625130178685198
2.0,5.0,4.0,5.0,1.0,1.0,2.3896277687837806
2.0,5.0,4.0,5.0,1.0,4.0,3.003055372659164
2.0,5.0,4.0,5.0,1.0,5.0,3.2010026104396876
2.0,5.0,4.0,5.0,2.0,3.0,2.934545850400994
2.0,5.0,4.0,5.0,2.0,5.0,3.338274037401719
2.0,5.0,4.0,5.0,3.0,2.0,2.8738699453506897
2.0,5.0,4.0,5.0,3.0,3.0,3.071816896377774
2.0,5.0,4.0,5.0,3.0,4.0,3.277814616991134
2.0,5.0,4.0,5.0,3.0,5.0,3.485395176364197
2.0,5.0,4.0,5.0,4.0,3.0,3.216076096899506
2.0,5.0,4.0,5.0,4.0,4.0,3.415531115465654
2.0,5.0,4.0,5.0,4.0,5.0,3.613185802318888
2.0,5.0,4.0,5.0,5.0,1.0,2.9465599273202696
2.0,5.0,4.0,5.0,5.0,2.0,3.140028944508903
2.0,5.0,4.0,5.0,5.0,3.0,3.3463595392611474
2.0,5.0,4.0,5.0,5.0,4.0,3.549798120965029
2.0,5.0,4.0,5.0,5.0,5.0,3.7263649875181257
2.0,5.0,5.0,1.0,1.0,1.0,2.146171182141596
2.0,5.0,5.0,1.0,2.0,1.0,2.2840151116626477
2.0,5.0,5.0,1.0,3.0,4.0,3.0347121129869405
2.0,5.0,5.0,1.0,5.0,1.0,2.6958301653630565
2.0,5.0,5.0,1.0,5.0,5.0,3.518952719281073
2.0,5.0,5.0,2.0,1.0,2.0,2.471111662606474
2.0,5.0,5.0,2.0,1.0,3.0,2.674251689799221
2.0,5.0,5.0,2.0,1.0,5.0,3.0845384098322257
2.0,5.0,5.0,2.0,2.0,1.0,2.4104358869747786
2.0,5.0,5.0,2.0,2.0,2.0,2.6099108027474682
2.0,5.0,5.0,2.0,3.0,3.0,2.955352239902497
2.0,5.0,5.0,2.0,4.0,3.0,3.092623777428783
2.0,5.0,5.0,2.0,5.0,3.0,3.229894732312673
2.0,5.0,5.0,2.0,5.0,5.0,3.6350525815191284
2.0,5.0,5.0,3.0,1.0,3.0,2.7954796693369737
2.0,5.0,5.0,3.0,2.0,2.0,2.7319364675785245
2.0,5.0,5.0,3.0,2.0,3.0,2.936668117568803
2.0,5.0,5.0,3.0,3.0,3.0,3.080512119980946
2.0,5.0,5.0,3.0,3.0,4.0,3.2836370657748164
2.0,5.0,5.0,3.0,4.0,3.0,3.2142878916235738
2.0,5.0,5.0,3.0,5.0,3.0,3.3523987220600895
2.0,5.0,5.0,3.0,5.0,4.0,3.5499538679710074
2.0,5.0,5.0,3.0,5.0,5.0,3.7531763918844123
2.0,5.0,5.0,4.0,1.0,4.0,3.13159838260871
2.0,5.0,5.0,4.0,2.0,3.0,3.066744381864587
2.0,5.0,5.0,4.0,2.0,4.0,3.264952758863442
2.0,5.0,5.0,4.0,3.0,2.0,2.9985016969219473
2.0,5.0,5.0,4.0,3.0,3.0,3.198032517237411
2.0,5.0,5.0,4.0,3.0,4.0,3.408458330452748
2.0,5.0,5.0,4.0,3.0,5.0,3.60408836218523
2.0,5.0,5.0,4.0,4.0,2.0,3.139683974527117
2.0,5.0,5.0,4.0,4.0,3.0,3.33242200144438
2.0,5.0,5.0,4.0,4.0,4.0,3.5448440371077963
2.0,5.0,5.0,4.0,4.0,5.0,3.7452762360244365
2.0,5.0,5.0,4.0,5.0,4.0,3.6780275133123914
2.0,5.0,5.0,4.0,5.0,5.0,3.8732773891239654
2.0,5.0,5.0,5.0,1.0,1.0,2.6445927734648396
2.0,5.0,5.0,5.0,1.0,2.0,2.8425400576656488
2.0,5.0,5.0,5.0,1.0,3.0,3.048132679332377
2.0,5.0,5.0,5.0,1.0,5.0,3.442926555523545
2.0,5.0,5.0,5.0,2.0,3.0,3.1855923504083217
2.0,5.0,5.0,5.0,2.0,4.0,3.3874566307645217
2.0,5.0,5.0,5.0,2.0,5.0,3.583119068041262
2.0,5.0,5.0,5.0,3.0,4.0,3.5167615464721496
2.0,5.0,5.0,5.0,3.0,5.0,3.7258954575669945
2.0,5.0,5.0,5.0,4.0,3.0,3.4601349084201125
2.0,5.0,5.0,5.0,4.0,4.0,3.6672131459271875
2.0,5.0,5.0,5.0,4.0,5.0,3.871308701401363
2.0,5.0,5.0,5.0,5.0,3.0,3.592761703650118
2.0,5.0,5.0,5.0,5.0,4.0,3.8108099845390226
2.0,5.0,5.0,5.0,5.0,5.0,3.9321127348607092
3.0,1.0,1.0,1.0,1.0,1.0,1.1954979119670357
3.0,1.0,1.0,1.0,1.0,2.0,1.4143364421334552
3.0,1.0,1.0,1.0,1.0,3.0,1.6171523497103841
3.0,1.0,1.0,1.0,2.0,1.0,1.3502971119298637
3.0,1.0,1.0,1.0,2.0,3.0,1.758339914886528
3.0,1.0,1.0,1.0,3.0,1.0,1.4824347112508185
3.0,1.0,1.0,1.0,3.0,2.0,1.687138904565559
3.0,1.0,1.0,1.0,4.0,1.0,1.6252378581887086
3.0,1.0,1.0,1.0,4.0,2.0,1.8271020188290867
3.0,1.0,1.0,2.0,1.0,1.0,1.3396960909362448
3.0,1.0,1.0,2.0,1.0,2.0,1.5356934599047172
3.0,1.0,1.0,2.0,1.0,3.0,1.7339058528266063
3.0,1.0,1.0,2.0,2.0,1.0,1.4695204890551048
3.0,1.0,1.0,2.0,2.0,2.0,1.6724290260217054
3.0,1.0,1.0,2.0,3.0,2.0,1.8169683914161805
3.0,1.0,1.0,2.0,4.0,3.0,2.1553867588943074
3.0,1.0,1.0,3.0,1.0,1.0,1.4541714183196364
3.0,1.0,1.0,3.0,1.0,2.0,1.6629794933664772
3.0,1.0,1.0,3.0,1.0,3.0,1.868649897629602
3.0,1.0,1.0,3.0,2.0,1.0,1.593378467279984
3.0,1.0,1.0,3.0,2.0,2.0,1.796832852053529
3.0,1.0,1.0,3.0,2.0,3.0,1.9994312443422
3.0,1.0,1.0,3.0,2.0,4.0,2.2052120503571238
3.0,1.0,1.0,3.0,3.0,1.0,1.7283315681465388
3.0,1.0,1.0,3.0,3.0,2.0,1.9350922401443604
3.0,1.0,1.0,3.0,3.0,3.0,2.1216147573730653
3.0,1.0,1.0,3.0,3.0,4.0,2.3385663557849656
3.0,1.0,1.0,3.0,4.0,3.0,2.2857240851025455
3.0,1.0,1.0,3.0,4.0,4.0,2.481784387136083
3.0,1.0,1.0,4.0,1.0,1.0,1.5786685727196943
3.0,1.0,1.0,4.0,1.0,2.0,1.7836467938050955
3.0,1.0,1.0,4.0,1.0,3.0,1.9886250355583914
3.0,1.0,1.0,4.0,2.0,1.0,1.722122791775524
3.0,1.0,1.0,4.0,2.0,2.0,1.9279037170999365
3.0,1.0,1.0,4.0,2.0,5.0,2.5334979873233654
3.0,1.0,1.0,4.0,3.0,3.0,2.258194289899169
3.0,1.0,1.0,4.0,4.0,1.0,1.996666347865452
3.0,1.0,1.0,4.0,4.0,2.0,2.2024469565060913
3.0,1.0,1.0,4.0,4.0,3.0,2.3949299283858494
3.0,1.0,1.0,4.0,4.0,4.0,2.602258347608892
3.0,1.0,1.0,5.0,1.0,1.0,1.7068831748626259
3.0,1.0,1.0,5.0,1.0,2.0,1.9092200806344604
3.0,1.0,1.0,5.0,1.0,3.0,2.102846705286952
3.0,1.0,1.0,5.0,3.0,1.0,1.9779821161006252
3.0,1.0,1.0,5.0,3.0,3.0,2.389543528464076
3.0,1.0,1.0,5.0,3.0,4.0,2.583574265268033
3.0,1.0,1.0,5.0,4.0,3.0,2.513054018570787
3.0,1.0,1.0,5.0,5.0,2.0,2.4622226194751367
3.0,1.0,2.0,1.0,1.0,1.0,1.4658113403157345
3.0,1.0,2.0,1.0,1.0,2.0,1.6663349663675378
3.0,1.0,2.0,1.0,1.0,3.0,1.8721157051541641
3.0,1.0,2.0,1.0,2.0,1.0,1.5978667314344013
3.0,1.0,2.0,1.0,2.0,2.0,1.8051327549914764
3.0,1.0,2.0,1.0,2.0,3.0,2.017088277001209
3.0,1.0,2.0,1.0,3.0,1.0,1.7390134150758128
3.0,1.0,2.0,1.0,3.0,2.0,1.9411079289553976
3.0,1.0,2.0,1.0,3.0,3.0,2.146658394018288
3.0,1.0,2.0,1.0,4.0,2.0,2.0820654659632845
3.0,1.0,2.0,1.0,5.0,4.0,2.6191482910591346
3.0,1.0,2.0,2.0,1.0,1.0,1.5862983602654606
3.0,1.0,2.0,2.0,1.0,2.0,1.779675725217738
3.0,1.0,2.0,2.0,1.0,3.0,1.998543417045044
3.0,1.0,2.0,2.0,2.0,1.0,1.7281627715213144
3.0,1.0,2.0,2.0,2.0,2.0,1.923687238544474
3.0,1.0,2.0,2.0,2.0,3.0,2.123092015249584
3.0,1.0,2.0,2.0,2.0,4.0,2.333754942551393
3.0,1.0,2.0,2.0,3.0,1.0,1.8654337008208037
3.0,1.0,2.0,2.0,3.0,2.0,2.066260045731052
3.0,1.0,2.0,2.0,3.0,3.0,2.270956678605832
3.0,1.0,2.0,2.0,3.0,4.0,2.4710262373137817
3.0,1.0,2.0,2.0,4.0,4.0,2.612214474847478
3.0,1.0,2.0,3.0,1.0,1.0,1.71339523424959
3.0,1.0,2.0,3.0,1.0,2.0,1.9168876382413793
3.0,1.0,2.0,3.0,1.0,3.0,2.1157631118441227
3.0,1.0,2.0,3.0,2.0,1.0,1.847347412423633
3.0,1.0,2.0,3.0,2.0,2.0,2.0564475445882384
3.0,1.0,2.0,3.0,2.0,3.0,2.2485301887691387
3.0,1.0,2.0,3.0,3.0,3.0,2.393463281198528
3.0,1.0,2.0,3.0,3.0,4.0,2.597446883961831
3.0,1.0,2.0,3.0,4.0,2.0,2.3270731628793513
3.0,1.0,2.0,3.0,4.0,3.0,2.5289370710918133
3.0,1.0,2.0,3.0,4.0,4.0,2.731851722420579
3.0,1.0,2.0,4.0,1.0,3.0,2.238692018249654
3.0,1.0,2.0,4.0,2.0,3.0,2.380264205704108
3.0,1.0,2.0,4.0,2.0,4.0,2.5787625551859246
3.0,1.0,2.0,4.0,3.0,2.0,2.307185069812548
3.0,1.0,2.0,4.0,3.0,3.0,2.5082614463868396
3.0,1.0,2.0,4.0,3.0,4.0,2.713239888675692
3.0,1.0,2.0,4.0,3.0,5.0,2.9218146620300125
3.0,1.0,2.0,4.0,4.0,2.0,2.4495771598170957
3.0,1.0,2.0,4.0,4.0,3.0,2.650263410140222
3.0,1.0,2.0,4.0,4.0,4.0,2.85777907489067
3.0,1.0,2.0,4.0,5.0,4.0,2.990576270059429
3.0,1.0,2.0,4.0,5.0,5.0,3.1924401145650543
3.0,1.0,2.0,5.0,1.0,4.0,2.563998208548712
3.0,1.0,2.0,5.0,2.0,2.0,2.297538243991269
3.0,1.0,2.0,5.0,2.0,3.0,2.4994067492331533
3.0,1.0,2.0,5.0,3.0,5.0,3.0404012331065378
3.0,1.0,2.0,5.0,4.0,4.0,2.9680989707434806
3.0,1.0,3.0,1.0,1.0,1.0,1.7121929298658591
3.0,1.0,3.0,1.0,1.0,2.0,1.9173815949164525
3.0,1.0,3.0,1.0,2.0,1.0,1.852789114299407
3.0,1.0,3.0,1.0,3.0,1.0,1.9900592313014625
3.0,1.0,3.0,1.0,3.0,3.0,2.4023873340502253
3.0,1.0,3.0,2.0,1.0,1.0,1.8380213163282084
3.0,1.0,3.0,2.0,1.0,2.0,2.0397302106448945
3.0,1.0,3.0,2.0,1.0,4.0,2.4475257778338584
3.0,1.0,3.0,2.0,2.0,1.0,1.9717073743898506
3.0,1.0,3.0,2.0,2.0,2.0,2.1891218669703227
3.0,1.0,3.0,2.0,2.0,3.0,2.3794236460875737
3.0,1.0,3.0,2.0,3.0,2.0,2.322390884291015
3.0,1.0,3.0,2.0,3.0,3.0,2.5219101222330487
3.0,1.0,3.0,2.0,4.0,2.0,2.4556161654960698
3.0,1.0,3.0,3.0,1.0,1.0,1.9605250267137282
3.0,1.0,3.0,3.0,1.0,2.0,2.1663061121733698
3.0,1.0,3.0,3.0,1.0,3.0,2.3812210092568087
3.0,1.0,3.0,3.0,2.0,2.0,2.2961791967788603
3.0,1.0,3.0,3.0,2.0,3.0,2.5053574979440656
3.0,1.0,3.0,3.0,3.0,2.0,2.4391282581102622
3.0,1.0,3.0,3.0,3.0,3.0,2.630205102833349
3.0,1.0,3.0,3.0,5.0,3.0,2.921172265734655
3.0,1.0,3.0,4.0,1.0,3.0,2.479085684957964
3.0,1.0,3.0,4.0,1.0,4.0,2.6964553058029983
3.0,1.0,3.0,4.0,2.0,2.0,2.429997976685406
3.0,1.0,3.0,4.0,2.0,3.0,2.628834237220905
3.0,1.0,3.0,4.0,2.0,4.0,2.8343750149349582
3.0,1.0,3.0,4.0,3.0,2.0,2.5650559695746047
3.0,1.0,3.0,4.0,3.0,3.0,2.771815152249195
3.0,1.0,3.0,4.0,3.0,4.0,2.97510984902879
3.0,1.0,3.0,4.0,4.0,2.0,2.7045406075768126
3.0,1.0,3.0,4.0,4.0,3.0,2.9067699110337992
3.0,1.0,3.0,4.0,4.0,4.0,3.103139139954929
3.0,1.0,3.0,4.0,5.0,3.0,3.0436759833894684
3.0,1.0,3.0,5.0,3.0,4.0,3.0935004934644725
3.0,1.0,3.0,5.0,4.0,3.0,3.0249910593451634
3.0,1.0,3.0,5.0,4.0,4.0,3.230772606379058
3.0,1.0,3.0,5.0,5.0,3.0,3.169432974019932
3.0,1.0,3.0,5.0,5.0,4.0,3.3666075132950275
3.0,1.0,3.0,5.0,5.0,5.0,3.56207426232111
3.0,1.0,4.0,1.0,2.0,5.0,2.915207764833068
3.0,1.0,4.0,2.0,1.0,1.0,2.0890685561271414
3.0,1.0,4.0,2.0,1.0,3.0,2.494773713000753
3.0,1.0,4.0,2.0,2.0,3.0,2.637901546489296
3.0,1.0,4.0,2.0,3.0,3.0,2.7751724862900446
3.0,1.0,4.0,3.0,1.0,2.0,2.4173513887809346
3.0,1.0,4.0,3.0,2.0,1.0,2.356676203311157
3.0,1.0,4.0,3.0,2.0,3.0,2.7604051350438192
3.0,1.0,4.0,3.0,3.0,2.0,2.6918957111210995
3.0,1.0,4.0,3.0,3.0,3.0,2.890271637592439
3.0,1.0,4.0,3.0,4.0,3.0,3.034949758823798
3.0,1.0,4.0,3.0,5.0,3.0,3.1683012784099676
3.0,1.0,4.0,4.0,3.0,3.0,3.0161994620193098
3.0,1.0,4.0,4.0,3.0,4.0,3.2172759575892984
3.0,1.0,4.0,4.0,4.0,4.0,3.3604087471788837
3.0,1.0,4.0,5.0,3.0,3.0,3.1426838742594896
3.0,1.0,4.0,5.0,4.0,3.0,3.279954969113006
3.0,1.0,4.0,5.0,5.0,4.0,3.6181642649210595
3.0,1.0,4.0,5.0,5.0,5.0,3.8287884941299257
3.0,1.0,5.0,1.0,1.0,1.0,2.217608972653855
3.0,1.0,5.0,3.0,1.0,4.0,3.0721337407929363
3.0,1.0,5.0,5.0,5.0,5.0,4.079834927838793
3.0,2.0,1.0,1.0,1.0,1.0,1.26946197652833
3.0,2.0,1.0,1.0,1.0,2.0,1.484080092857676
3.0,2.0,1.0,1.0,1.0,3.0,1.684374822488123
3.0,2.0,1.0,1.0,2.0,1.0,1.4119831961435776
3.0,2.0,1.0,1.0,2.0,2.0,1.6232135623994
3.0,2.0,1.0,1.0,2.0,3.0,1.8191735291858802
3.0,2.0,1.0,1.0,3.0,1.0,1.5561934332478433
3.0,2.0,1.0,1.0,3.0,2.0,1.760375116992877
3.0,2.0,1.0,1.0,4.0,3.0,2.0976329992743348
3.0,2.0,1.0,2.0,1.0,1.0,1.3968227265748385
3.0,2.0,1.0,2.0,1.0,2.0,1.6009599177294627
3.0,2.0,1.0,2.0,1.0,3.0,1.8083228591780014
3.0,2.0,1.0,2.0,2.0,1.0,1.5433159180198641
3.0,2.0,1.0,2.0,2.0,2.0,1.7467576155993627
3.0,2.0,1.0,2.0,2.0,3.0,1.9458064520248188
3.0,2.0,1.0,2.0,3.0,1.0,1.6738578914119038
3.0,2.0,1.0,2.0,3.0,2.0,1.8741526791864804
3.0,2.0,1.0,2.0,3.0,3.0,2.0825420768080942
3.0,2.0,1.0,2.0,4.0,3.0,2.219277633980029
3.0,2.0,1.0,2.0,5.0,2.0,2.1555438696570604
3.0,2.0,1.0,3.0,1.0,1.0,1.5228237751763216
3.0,2.0,1.0,3.0,1.0,2.0,1.7296022774577495
3.0,2.0,1.0,3.0,1.0,3.0,1.9283137154439458
3.0,2.0,1.0,3.0,1.0,4.0,2.128773919032939
3.0,2.0,1.0,3.0,2.0,1.0,1.6643696764927138
3.0,2.0,1.0,3.0,2.0,2.0,1.8567267490158816
3.0,2.0,1.0,3.0,2.0,3.0,2.075050738778712
3.0,2.0,1.0,3.0,3.0,1.0,1.801640915142851
3.0,2.0,1.0,3.0,3.0,2.0,1.9995955560073049
3.0,2.0,1.0,3.0,3.0,3.0,2.20215896250911
3.0,2.0,1.0,3.0,3.0,4.0,2.4095460481204647
3.0,2.0,1.0,3.0,4.0,2.0,2.140226892864443
3.0,2.0,1.0,3.0,4.0,3.0,2.346403996757122
3.0,2.0,1.0,4.0,1.0,2.0,1.8481440198108012
3.0,2.0,1.0,4.0,1.0,3.0,2.045318471174181
3.0,2.0,1.0,4.0,1.0,4.0,2.259111349228333
3.0,2.0,1.0,4.0,2.0,1.0,1.790790286462738
3.0,2.0,1.0,4.0,2.0,2.0,1.984938189203014
3.0,2.0,1.0,4.0,2.0,3.0,2.1968936760324422
3.0,2.0,1.0,4.0,3.0,3.0,2.3317897540475343
3.0,2.0,1.0,5.0,3.0,3.0,2.4464599401058393
3.0,2.0,1.0,5.0,3.0,4.0,2.656157602859935
3.0,2.0,1.0,5.0,4.0,5.0,2.9874589697352976
3.0,2.0,1.0,5.0,5.0,3.0,2.724919001443587
3.0,2.0,2.0,1.0,1.0,1.0,1.5205808290073828
3.0,2.0,2.0,1.0,1.0,2.0,1.7370621088326774
3.0,2.0,2.0,1.0,2.0,1.0,1.6626689240243833
3.0,2.0,2.0,1.0,2.0,2.0,1.868869526462831
3.0,2.0,2.0,1.0,3.0,1.0,1.8014016139578812
3.0,2.0,2.0,1.0,3.0,2.0,2.001677069891309
3.0,2.0,2.0,1.0,3.0,3.0,2.2114084681137127
3.0,2.0,2.0,1.0,4.0,2.0,2.146815547760041
3.0,2.0,2.0,1.0,5.0,5.0,2.8935956442936512
3.0,2.0,2.0,2.0,1.0,1.0,1.6622574333685405
3.0,2.0,2.0,2.0,1.0,2.0,1.8580379991630795
3.0,2.0,2.0,2.0,1.0,3.0,2.0627950664020966
3.0,2.0,2.0,2.0,2.0,1.0,1.7929124939971042
3.0,2.0,2.0,2.0,2.0,2.0,2.0061015155816753
3.0,2.0,2.0,2.0,2.0,3.0,2.2013213019588025
3.0,2.0,2.0,2.0,3.0,1.0,1.9301839253875708
3.0,2.0,2.0,2.0,3.0,2.0,2.1306694161150563
3.0,2.0,2.0,2.0,3.0,3.0,2.330144859557068
3.0,2.0,2.0,2.0,4.0,1.0,2.0674552202556518
3.0,2.0,2.0,2.0,4.0,2.0,2.2711124127342543
3.0,2.0,2.0,2.0,4.0,3.0,2.47529411824028
3.0,2.0,2.0,2.0,5.0,5.0,3.0160996817090084
3.0,2.0,2.0,3.0,1.0,1.0,1.7790108833177483
3.0,2.0,2.0,3.0,1.0,2.0,1.988346688377804
3.0,2.0,2.0,3.0,1.0,3.0,2.1877423002834147
3.0,2.0,2.0,3.0,1.0,4.0,2.3876543059489115
3.0,2.0,2.0,3.0,2.0,1.0,1.9090075511984594
3.0,2.0,2.0,3.0,2.0,2.0,2.113630635055242
3.0,2.0,2.0,3.0,2.0,3.0,2.3310325968634023
3.0,2.0,2.0,3.0,2.0,4.0,2.526779495144875
3.0,2.0,2.0,3.0,3.0,1.0,2.0480178239315467
3.0,2.0,2.0,3.0,3.0,2.0,2.2580885683807224
3.0,2.0,2.0,3.0,3.0,3.0,2.4995801072656465
3.0,2.0,2.0,3.0,3.0,4.0,2.6596131472154134
3.0,2.0,2.0,3.0,4.0,1.0,2.1899589822229837
3.0,2.0,2.0,3.0,4.0,2.0,2.3965506498434856
3.0,2.0,2.0,3.0,4.0,3.0,2.596962985285113
3.0,2.0,2.0,3.0,4.0,4.0,2.7932533618415825
3.0,2.0,2.0,3.0,5.0,2.0,2.533011405394783
3.0,2.0,2.0,3.0,5.0,3.0,2.727041658089529
3.0,2.0,2.0,3.0,5.0,5.0,3.1341607136634684
3.0,2.0,2.0,4.0,1.0,1.0,1.909195003150924
3.0,2.0,2.0,4.0,1.0,2.0,2.106014923094785
3.0,2.0,2.0,4.0,1.0,3.0,2.3020109088593292
3.0,2.0,2.0,4.0,2.0,2.0,2.238848610611401
3.0,2.0,2.0,4.0,2.0,3.0,2.43821488288156
3.0,2.0,2.0,4.0,2.0,4.0,2.644903295035862
3.0,2.0,2.0,4.0,3.0,2.0,2.3716823010158974
3.0,2.0,2.0,4.0,3.0,3.0,2.5711012577295933
3.0,2.0,2.0,4.0,3.0,4.0,2.773468179294887
3.0,2.0,2.0,4.0,4.0,3.0,2.722283657934286
3.0,2.0,2.0,4.0,4.0,4.0,2.9237635964159936
3.0,2.0,2.0,4.0,5.0,3.0,2.8579355132764146
3.0,2.0,2.0,4.0,5.0,4.0,3.0592431115702494
3.0,2.0,2.0,4.0,5.0,5.0,3.2561864294146208
3.0,2.0,2.0,5.0,1.0,1.0,2.023152783528732
3.0,2.0,2.0,5.0,2.0,2.0,2.3622883238411507
3.0,2.0,2.0,5.0,2.0,3.0,2.568069103809036
3.0,2.0,2.0,5.0,3.0,4.0,2.899762454404597
3.0,2.0,2.0,5.0,4.0,3.0,2.842611050942923
3.0,2.0,2.0,5.0,4.0,4.0,3.0402429291951845
3.0,2.0,2.0,5.0,4.0,5.0,3.246339818645932
3.0,2.0,2.0,5.0,5.0,2.0,2.77108013379827
3.0,2.0,2.0,5.0,5.0,3.0,2.9798829843919625
3.0,2.0,2.0,5.0,5.0,5.0,3.3782121124098503
3.0,2.0,3.0,1.0,1.0,1.0,1.7759437246907197
3.0,2.0,3.0,1.0,2.0,2.0,2.1223612392389555
3.0,2.0,3.0,1.0,2.0,3.0,2.321406881847662
3.0,2.0,3.0,1.0,2.0,4.0,2.5270472563225264
3.0,2.0,3.0,1.0,3.0,3.0,2.4518354542410754
3.0,2.0,3.0,1.0,4.0,2.0,2.397862216627346
3.0,2.0,3.0,1.0,4.0,3.0,2.603643039973303
3.0,2.0,3.0,2.0,1.0,1.0,1.9000285629738098
3.0,2.0,3.0,2.0,1.0,2.0,2.1103095329651493
3.0,2.0,3.0,2.0,1.0,3.0,2.3131070054700253
3.0,2.0,3.0,2.0,2.0,1.0,2.0478761796545046
3.0,2.0,3.0,2.0,2.0,2.0,2.2497493256185894
3.0,2.0,3.0,2.0,2.0,3.0,2.4523518043947723
3.0,2.0,3.0,2.0,3.0,1.0,2.1798218293834823
3.0,2.0,3.0,2.0,3.0,2.0,2.3715577797243874
3.0,2.0,3.0,2.0,3.0,3.0,2.5836343066133947
3.0,2.0,3.0,2.0,4.0,1.0,2.3185019069082573
3.0,2.0,3.0,2.0,4.0,3.0,2.7226583323984683
3.0,2.0,3.0,2.0,4.0,4.0,2.928292902492195
3.0,2.0,3.0,2.0,4.0,5.0,3.129875337789227
3.0,2.0,3.0,2.0,5.0,4.0,3.065027640362245
3.0,2.0,3.0,3.0,1.0,1.0,2.0252751431742793
3.0,2.0,3.0,3.0,1.0,2.0,2.224500315086677
3.0,2.0,3.0,3.0,1.0,3.0,2.445080573517428
3.0,2.0,3.0,3.0,2.0,1.0,2.1612822024206344
3.0,2.0,3.0,3.0,2.0,2.0,2.3817222396994553
3.0,2.0,3.0,3.0,2.0,3.0,2.5894230334810304
3.0,2.0,3.0,3.0,2.0,4.0,2.7807491306586516
3.0,2.0,3.0,3.0,2.0,5.0,2.981825286957873
3.0,2.0,3.0,3.0,3.0,1.0,2.2974862384083234
3.0,2.0,3.0,3.0,3.0,2.0,2.511000284884933
3.0,2.0,3.0,3.0,3.0,3.0,2.7288400591836783
3.0,2.0,3.0,3.0,3.0,4.0,2.911068359814869
3.0,2.0,3.0,3.0,4.0,1.0,2.444922491758059
3.0,2.0,3.0,3.0,4.0,2.0,2.64286977862802
3.0,2.0,3.0,3.0,4.0,3.0,2.8534477776110214
3.0,2.0,3.0,3.0,4.0,4.0,3.049354885545782
3.0,2.0,3.0,3.0,5.0,3.0,2.9859221060928864
3.0,2.0,3.0,3.0,5.0,4.0,3.1877861469661934
3.0,2.0,3.0,4.0,1.0,1.0,2.1556123809932686
3.0,2.0,3.0,4.0,1.0,2.0,2.352180094547798
3.0,2.0,3.0,4.0,1.0,3.0,2.558879790702735
3.0,2.0,3.0,4.0,1.0,4.0,2.757287907607634
3.0,2.0,3.0,4.0,2.0,2.0,2.4986758066633072
3.0,2.0,3.0,4.0,2.0,3.0,2.691525883261271
3.0,2.0,3.0,4.0,2.0,4.0,2.898533581229006
3.0,2.0,3.0,4.0,2.0,5.0,3.0964225741551576
3.0,2.0,3.0,4.0,3.0,1.0,2.4284772066895317
3.0,2.0,3.0,4.0,3.0,2.0,2.632421722348099
3.0,2.0,3.0,4.0,3.0,3.0,2.824974404349852
3.0,2.0,3.0,4.0,3.0,4.0,3.0380257092317424
3.0,2.0,3.0,4.0,4.0,2.0,2.7732073416276775
3.0,2.0,3.0,4.0,4.0,3.0,2.9737285005273413
3.0,2.0,3.0,4.0,4.0,4.0,3.1641350105831654
3.0,2.0,3.0,4.0,4.0,5.0,3.378271804718818
3.0,2.0,3.0,4.0,5.0,2.0,2.9065616457306724
3.0,2.0,3.0,4.0,5.0,4.0,3.3117644639422634
3.0,2.0,3.0,4.0,5.0,5.0,3.512059221352773
3.0,2.0,3.0,5.0,1.0,1.0,2.274199658968437
3.0,2.0,3.0,5.0,1.0,2.0,2.476063627111527
3.0,2.0,3.0,5.0,1.0,4.0,2.879791581708415
3.0,2.0,3.0,5.0,2.0,2.0,2.6187452451320095
3.0,2.0,3.0,5.0,2.0,3.0,2.8205219333332745
3.0,2.0,3.0,5.0,2.0,4.0,3.020898043906289
3.0,2.0,3.0,5.0,3.0,3.0,2.9568935196667683
3.0,2.0,3.0,5.0,3.0,5.0,3.363675833980116
3.0,2.0,3.0,5.0,4.0,1.0,2.689929597905249
3.0,2.0,3.0,5.0,4.0,3.0,3.092213018029978
3.0,2.0,3.0,5.0,4.0,4.0,3.3025336397706044
3.0,2.0,3.0,5.0,4.0,5.0,3.497386569851217
3.0,2.0,3.0,5.0,5.0,3.0,3.2330209772001393
3.0,2.0,3.0,5.0,5.0,4.0,3.436710522287528
3.0,2.0,3.0,5.0,5.0,5.0,3.6282792567679727
3.0,2.0,4.0,1.0,2.0,1.0,2.1725022219525227
3.0,2.0,4.0,1.0,2.0,2.0,2.3782830065764426
3.0,2.0,4.0,2.0,2.0,2.0,2.496870172586561
3.0,2.0,4.0,2.0,2.0,3.0,2.7026508567596976
3.0,2.0,4.0,2.0,2.0,5.0,3.1063835103113546
3.0,2.0,4.0,2.0,3.0,3.0,2.839922407752587
3.0,2.0,4.0,2.0,4.0,3.0,2.9771952230843666
3.0,2.0,4.0,3.0,1.0,3.0,2.6839669911691626
3.0,2.0,4.0,3.0,1.0,4.0,2.885831180659054
3.0,2.0,4.0,3.0,2.0,2.0,2.6208591940869757
3.0,2.0,4.0,3.0,2.0,3.0,2.8162819186834813
3.0,2.0,4.0,3.0,3.0,2.0,2.750762934443464
3.0,2.0,4.0,3.0,3.0,3.0,2.964901630838241
3.0,2.0,4.0,3.0,3.0,4.0,3.1669000403034677
3.0,2.0,4.0,3.0,4.0,3.0,3.095939051193417
3.0,2.0,4.0,3.0,4.0,4.0,3.3034526874101715
3.0,2.0,4.0,3.0,5.0,3.0,3.236968849746967
3.0,2.0,4.0,4.0,2.0,3.0,2.9407524944095065
3.0,2.0,4.0,4.0,2.0,4.0,3.1495229580120525
3.0,2.0,4.0,4.0,3.0,3.0,3.0971733118605247
3.0,2.0,4.0,4.0,3.0,4.0,3.2791395035733464
3.0,2.0,4.0,4.0,4.0,3.0,3.2188876738903107
3.0,2.0,4.0,4.0,4.0,4.0,3.431810978690137
3.0,2.0,4.0,4.0,4.0,5.0,3.6298460609817966
3.0,2.0,4.0,4.0,5.0,4.0,3.5613369569779065
3.0,2.0,4.0,5.0,2.0,4.0,3.2720267729878882
3.0,2.0,4.0,5.0,3.0,4.0,3.4100028240938682
3.0,2.0,4.0,5.0,3.0,5.0,3.615078558835108
3.0,2.0,4.0,5.0,4.0,3.0,3.3497988340267253
3.0,2.0,4.0,5.0,4.0,4.0,3.550486030546713
3.0,2.0,4.0,5.0,4.0,5.0,3.74843355011776
3.0,2.0,4.0,5.0,5.0,3.0,3.4858934474928485
3.0,2.0,4.0,5.0,5.0,4.0,3.6889756649202767
3.0,2.0,4.0,5.0,5.0,5.0,3.8865925295379333
3.0,2.0,5.0,1.0,4.0,3.0,3.1057384493932623
3.0,2.0,5.0,2.0,4.0,4.0,3.4340212329064763
3.0,2.0,5.0,3.0,4.0,5.0,3.754470451925304
3.0,2.0,5.0,4.0,3.0,2.0,3.1341130346131494
3.0,2.0,5.0,4.0,3.0,4.0,3.5357412325847575
3.0,2.0,5.0,4.0,4.0,3.0,3.4771645257343233
3.0,2.0,5.0,4.0,4.0,4.0,3.681524332149722
3.0,2.0,5.0,4.0,4.0,5.0,3.8808933458935075
3.0,2.0,5.0,4.0,5.0,4.0,3.812383335026951
3.0,2.0,5.0,4.0,5.0,5.0,4.0142474594221715
3.0,2.0,5.0,5.0,2.0,2.0,3.111511621737942
3.0,2.0,5.0,5.0,2.0,4.0,3.526989800434706
3.0,2.0,5.0,5.0,3.0,5.0,3.866648158384926
3.0,2.0,5.0,5.0,5.0,3.0,3.7330231617417646
3.0,2.0,5.0,5.0,5.0,5.0,4.1307837304487
3.0,3.0,1.0,1.0,1.0,1.0,1.2696023709047677
3.0,3.0,1.0,1.0,1.0,2.0,1.55181119668129
3.0,3.0,1.0,1.0,1.0,3.0,1.7409883527704448
3.0,3.0,1.0,1.0,2.0,1.0,1.4583271913868319
3.0,3.0,1.0,1.0,2.0,2.0,1.667646357408372
3.0,3.0,1.0,1.0,2.0,3.0,1.874143335323692
3.0,3.0,1.0,1.0,3.0,1.0,1.575577352421324
3.0,3.0,1.0,1.0,3.0,2.0,1.815527919892127
3.0,3.0,1.0,1.0,3.0,3.0,2.016563887473789
3.0,3.0,1.0,1.0,3.0,4.0,2.2269750201062277
3.0,3.0,1.0,1.0,4.0,1.0,1.7556941289559789
3.0,3.0,1.0,1.0,4.0,2.0,1.9567708504921832
3.0,3.0,1.0,1.0,4.0,3.0,2.158465931883799
3.0,3.0,1.0,1.0,5.0,2.0,2.0977899169565193
3.0,3.0,1.0,2.0,1.0,1.0,1.4601640259185842
3.0,3.0,1.0,2.0,1.0,2.0,1.662450829157047
3.0,3.0,1.0,2.0,1.0,3.0,1.8662859673762742
3.0,3.0,1.0,2.0,2.0,1.0,1.597359533223811
3.0,3.0,1.0,2.0,2.0,2.0,1.8103063115521811
3.0,3.0,1.0,2.0,2.0,3.0,2.0063035379092597
3.0,3.0,1.0,2.0,3.0,1.0,1.7497723868238215
3.0,3.0,1.0,2.0,3.0,2.0,1.941355487164606
3.0,3.0,1.0,2.0,3.0,3.0,2.1452729545202023
3.0,3.0,1.0,2.0,3.0,4.0,2.3455626919131545
3.0,3.0,1.0,2.0,4.0,1.0,1.8811583744801117
3.0,3.0,1.0,2.0,4.0,2.0,2.0866004278190524
3.0,3.0,1.0,2.0,4.0,3.0,2.277705432893221
3.0,3.0,1.0,2.0,4.0,4.0,2.492655096667116
3.0,3.0,1.0,3.0,1.0,1.0,1.5593116762552026
3.0,3.0,1.0,3.0,1.0,2.0,1.773888550618827
3.0,3.0,1.0,3.0,1.0,3.0,1.9667128737581112
3.0,3.0,1.0,3.0,1.0,4.0,2.2028911489439693
3.0,3.0,1.0,3.0,2.0,1.0,1.724522396412634
3.0,3.0,1.0,3.0,2.0,2.0,1.9424280138517418
3.0,3.0,1.0,3.0,2.0,3.0,2.1348708609815197
3.0,3.0,1.0,3.0,3.0,1.0,1.861273226200435
3.0,3.0,1.0,3.0,3.0,2.0,2.0494822072669785
3.0,3.0,1.0,3.0,3.0,3.0,2.2420500110571706
3.0,3.0,1.0,3.0,3.0,4.0,2.472200788683944
3.0,3.0,1.0,3.0,4.0,1.0,2.00364782107297
3.0,3.0,1.0,3.0,4.0,3.0,2.3942069580564262
3.0,3.0,1.0,3.0,4.0,4.0,2.6029749946416354
3.0,3.0,1.0,3.0,4.0,5.0,2.807200658093041
3.0,3.0,1.0,3.0,5.0,3.0,2.5407447728365513
3.0,3.0,1.0,3.0,5.0,4.0,2.750442502019328
3.0,3.0,1.0,4.0,1.0,1.0,1.70447111585516
3.0,3.0,1.0,4.0,1.0,2.0,1.9133175618691332
3.0,3.0,1.0,4.0,1.0,3.0,2.1173986142962047
3.0,3.0,1.0,4.0,1.0,4.0,2.3108920515688043
3.0,3.0,1.0,4.0,2.0,1.0,1.8522022361509565
3.0,3.0,1.0,4.0,2.0,3.0,2.25926847539119
3.0,3.0,1.0,4.0,3.0,2.0,2.1932925907686776
3.0,3.0,1.0,4.0,3.0,3.0,2.392764151223859
3.0,3.0,1.0,4.0,3.0,4.0,2.587581267775347
3.0,3.0,1.0,4.0,3.0,5.0,2.7963496112035813
3.0,3.0,1.0,4.0,4.0,1.0,2.126165811679535
3.0,3.0,1.0,4.0,4.0,2.0,2.331963053669831
3.0,3.0,1.0,4.0,4.0,3.0,2.531001868667528
3.0,3.0,1.0,4.0,4.0,4.0,2.73231160506964
3.0,3.0,1.0,4.0,4.0,5.0,2.937539138810038
3.0,3.0,1.0,5.0,1.0,1.0,1.8374924407868232
3.0,3.0,1.0,5.0,1.0,2.0,2.0348030366745125
3.0,3.0,1.0,5.0,1.0,3.0,2.2445008727953333
3.0,3.0,1.0,5.0,1.0,4.0,2.43853142566047
3.0,3.0,1.0,5.0,1.0,5.0,2.637896108319322
3.0,3.0,1.0,5.0,2.0,2.0,2.1759915320535637
3.0,3.0,1.0,5.0,2.0,5.0,2.781582022477465
3.0,3.0,1.0,5.0,3.0,1.0,2.1113985405920257
3.0,3.0,1.0,5.0,3.0,3.0,2.5151265413106687
3.0,3.0,1.0,5.0,4.0,2.0,2.4487754190001785
3.0,3.0,1.0,5.0,4.0,3.0,2.6523978719228847
3.0,3.0,1.0,5.0,4.0,5.0,3.0561263293945173
3.0,3.0,1.0,5.0,5.0,1.0,2.3859422663545566
3.0,3.0,1.0,5.0,5.0,3.0,2.793585964595296
3.0,3.0,1.0,5.0,5.0,4.0,2.9876638563707214
3.0,3.0,2.0,1.0,1.0,1.0,1.574901384195198
3.0,3.0,2.0,1.0,1.0,2.0,1.7966963725696876
3.0,3.0,2.0,1.0,1.0,3.0,1.9939011918257148
3.0,3.0,2.0,1.0,2.0,1.0,1.7176031643423137
3.0,3.0,2.0,1.0,2.0,2.0,1.927332988110223
3.0,3.0,2.0,1.0,2.0,3.0,2.1395256814571932
3.0,3.0,2.0,1.0,2.0,4.0,2.340750221454669
3.0,3.0,2.0,1.0,3.0,1.0,1.8679223957641045
3.0,3.0,2.0,1.0,3.0,2.0,2.059472963249224
3.0,3.0,2.0,1.0,3.0,3.0,2.274984670606788
3.0,3.0,2.0,1.0,4.0,1.0,2.001852090002801
3.0,3.0,2.0,1.0,4.0,2.0,2.2107398560948157
3.0,3.0,2.0,1.0,4.0,3.0,2.415718168071297
3.0,3.0,2.0,1.0,4.0,4.0,2.6066235579695083
3.0,3.0,2.0,1.0,5.0,1.0,2.150889267551562
3.0,3.0,2.0,2.0,1.0,1.0,1.701121662275637
3.0,3.0,2.0,2.0,1.0,2.0,1.9350849318961447
3.0,3.0,2.0,2.0,1.0,3.0,2.1217355848726256
3.0,3.0,2.0,2.0,1.0,4.0,2.3247111021508493
3.0,3.0,2.0,2.0,2.0,1.0,1.8456219612388511
3.0,3.0,2.0,2.0,2.0,2.0,2.0786700355148597
3.0,3.0,2.0,2.0,2.0,3.0,2.2744547531540125
3.0,3.0,2.0,2.0,3.0,1.0,1.965229383049456
3.0,3.0,2.0,2.0,3.0,2.0,2.1949345571301047
3.0,3.0,2.0,2.0,3.0,3.0,2.412985481190532
3.0,3.0,2.0,2.0,3.0,4.0,2.6075183801087003
3.0,3.0,2.0,2.0,3.0,5.0,2.8063071116277074
3.0,3.0,2.0,2.0,4.0,1.0,2.132205134329878
3.0,3.0,2.0,2.0,4.0,2.0,2.334052238468506
3.0,3.0,2.0,2.0,4.0,3.0,2.5366014913345145
3.0,3.0,2.0,2.0,4.0,4.0,2.7359485223742404
3.0,3.0,2.0,2.0,5.0,2.0,2.475257284278851
3.0,3.0,2.0,3.0,1.0,1.0,1.8368148464962202
3.0,3.0,2.0,3.0,1.0,2.0,2.043110927524852
3.0,3.0,2.0,3.0,1.0,3.0,2.241841123223558
3.0,3.0,2.0,3.0,1.0,4.0,2.447149804663907
3.0,3.0,2.0,3.0,2.0,1.0,1.984508681595706
3.0,3.0,2.0,3.0,2.0,2.0,2.2111840902904665
3.0,3.0,2.0,3.0,2.0,3.0,2.4132231801598696
3.0,3.0,2.0,3.0,2.0,4.0,2.5912767405232895
3.0,3.0,2.0,3.0,3.0,1.0,2.119023584079131
3.0,3.0,2.0,3.0,3.0,2.0,2.3346722412345398
3.0,3.0,2.0,3.0,3.0,3.0,2.596467548392025
3.0,3.0,2.0,3.0,3.0,4.0,2.730715882413124
3.0,3.0,2.0,3.0,3.0,5.0,2.9327265940404836
3.0,3.0,2.0,3.0,4.0,1.0,2.2586256861052116
3.0,3.0,2.0,3.0,4.0,2.0,2.4520123484250744
3.0,3.0,2.0,3.0,4.0,3.0,2.647944861635375
3.0,3.0,2.0,3.0,4.0,4.0,2.87175366470241
3.0,3.0,2.0,3.0,4.0,5.0,3.062165438237656
3.0,3.0,2.0,3.0,5.0,3.0,2.801182871433071
3.0,3.0,2.0,3.0,5.0,4.0,3.0014892981844525
3.0,3.0,2.0,3.0,5.0,5.0,3.1955197890144516
3.0,3.0,2.0,4.0,1.0,1.0,1.9697896227297458
3.0,3.0,2.0,4.0,1.0,2.0,2.1811720690457355
3.0,3.0,2.0,4.0,1.0,3.0,2.366521039525503
3.0,3.0,2.0,4.0,1.0,4.0,2.5643585723720035
3.0,3.0,2.0,4.0,2.0,1.0,2.1022694567225204
3.0,3.0,2.0,4.0,2.0,2.0,2.3149024721606666
3.0,3.0,2.0,4.0,2.0,3.0,2.524633969596563
3.0,3.0,2.0,4.0,2.0,4.0,2.7133024279628217
3.0,3.0,2.0,4.0,2.0,5.0,2.918280239520648
3.0,3.0,2.0,4.0,3.0,1.0,2.2380758830793583
3.0,3.0,2.0,4.0,3.0,2.0,2.4553075266997375
3.0,3.0,2.0,4.0,3.0,3.0,2.6659879958737593
3.0,3.0,2.0,4.0,3.0,4.0,2.8412432842655124
3.0,3.0,2.0,4.0,3.0,5.0,3.051314924940227
3.0,3.0,2.0,4.0,4.0,1.0,2.377212742131347
3.0,3.0,2.0,4.0,4.0,2.0,2.5717937239978004
3.0,3.0,2.0,4.0,4.0,3.0,2.7763014263965746
3.0,3.0,2.0,4.0,4.0,4.0,2.9709978808769097
3.0,3.0,2.0,4.0,4.0,5.0,3.1878499615403455
3.0,3.0,2.0,4.0,5.0,2.0,2.720264905133418
3.0,3.0,2.0,4.0,5.0,3.0,2.926334679695571
3.0,3.0,2.0,4.0,5.0,4.0,3.1230289843510963
3.0,3.0,2.0,4.0,5.0,5.0,3.3220718525926443
3.0,3.0,2.0,5.0,1.0,2.0,2.2886360126066476
3.0,3.0,2.0,5.0,1.0,3.0,2.4897122863871552
3.0,3.0,2.0,5.0,1.0,5.0,2.899275604420331
3.0,3.0,2.0,5.0,2.0,2.0,2.4237179466863252
3.0,3.0,2.0,5.0,2.0,3.0,2.638483816656033
3.0,3.0,2.0,5.0,2.0,4.0,2.8307655488495898
3.0,3.0,2.0,5.0,2.0,5.0,3.0365474646667194
3.0,3.0,2.0,5.0,3.0,2.0,2.569910806999028
3.0,3.0,2.0,5.0,3.0,3.0,2.7727606736512524
3.0,3.0,2.0,5.0,3.0,4.0,2.975965698684847
3.0,3.0,2.0,5.0,4.0,2.0,2.7027446795590064
3.0,3.0,2.0,5.0,4.0,3.0,2.9084373191941713
3.0,3.0,2.0,5.0,4.0,4.0,3.1092256009272687
3.0,3.0,2.0,5.0,4.0,5.0,3.302785972140346
3.0,3.0,2.0,5.0,5.0,2.0,2.8394801559246865
3.0,3.0,2.0,5.0,5.0,3.0,3.0444584202224196
3.0,3.0,2.0,5.0,5.0,4.0,3.244580365195376
3.0,3.0,2.0,5.0,5.0,5.0,3.4470243369003937
3.0,3.0,3.0,1.0,1.0,1.0,1.8038506138090586
3.0,3.0,3.0,1.0,1.0,2.0,2.0415018631576882
3.0,3.0,3.0,1.0,1.0,3.0,2.2410510574501554
3.0,3.0,3.0,1.0,2.0,1.0,1.964641323563617
3.0,3.0,3.0,1.0,2.0,2.0,2.176545972654656
3.0,3.0,3.0,1.0,2.0,3.0,2.3907894153923386
3.0,3.0,3.0,1.0,3.0,1.0,2.0944237094218336
3.0,3.0,3.0,1.0,3.0,2.0,2.324486551473798
3.0,3.0,3.0,1.0,3.0,3.0,2.49616321892536
3.0,3.0,3.0,1.0,3.0,4.0,2.720600563913756
3.0,3.0,3.0,1.0,4.0,2.0,2.4516180938551693
3.0,3.0,3.0,1.0,4.0,3.0,2.670971255252518
3.0,3.0,3.0,1.0,4.0,4.0,2.8702572588679502
3.0,3.0,3.0,1.0,5.0,1.0,2.3941023354647744
3.0,3.0,3.0,1.0,5.0,2.0,2.6014445590743382
3.0,3.0,3.0,1.0,5.0,4.0,3.0075276329863505
3.0,3.0,3.0,2.0,1.0,1.0,1.968508440691083
3.0,3.0,3.0,2.0,1.0,2.0,2.16552229295004
3.0,3.0,3.0,2.0,1.0,3.0,2.3637669403058945
3.0,3.0,3.0,2.0,2.0,1.0,2.099318432232339
3.0,3.0,3.0,2.0,2.0,2.0,2.338329905479542
3.0,3.0,3.0,2.0,2.0,3.0,2.4971713745744917
3.0,3.0,3.0,2.0,2.0,4.0,2.718219227382578
3.0,3.0,3.0,2.0,3.0,1.0,2.247041288350183
3.0,3.0,3.0,2.0,3.0,2.0,2.4401388086107545
3.0,3.0,3.0,2.0,3.0,3.0,2.675733470859135
3.0,3.0,3.0,2.0,3.0,4.0,2.862108497851837
3.0,3.0,3.0,2.0,4.0,1.0,2.380272330828822
3.0,3.0,3.0,2.0,4.0,2.0,2.5876595675864156
3.0,3.0,3.0,2.0,4.0,3.0,2.7966706441328593
3.0,3.0,3.0,2.0,4.0,4.0,2.9931120110801954
3.0,3.0,3.0,2.0,5.0,2.0,2.7234701597557414
3.0,3.0,3.0,2.0,5.0,3.0,2.9245464253976565
3.0,3.0,3.0,2.0,5.0,5.0,3.3318965531035722
3.0,3.0,3.0,3.0,1.0,1.0,2.0907429913027435
3.0,3.0,3.0,3.0,1.0,2.0,2.3126868082002483
3.0,3.0,3.0,3.0,1.0,3.0,2.4822610224082373
3.0,3.0,3.0,3.0,1.0,4.0,2.697983255308093
3.0,3.0,3.0,3.0,2.0,1.0,2.2254170508262416
3.0,3.0,3.0,3.0,2.0,2.0,2.484463446174623
3.0,3.0,3.0,3.0,2.0,3.0,2.6933077757433175
3.0,3.0,3.0,3.0,2.0,4.0,2.857498959524629
3.0,3.0,3.0,3.0,3.0,1.0,2.356194600691595
3.0,3.0,3.0,3.0,3.0,2.0,2.599449952361358
3.0,3.0,3.0,3.0,3.0,3.0,2.9616622723224184
3.0,3.0,3.0,3.0,3.0,4.0,2.9906590975065805
3.0,3.0,3.0,3.0,3.0,5.0,3.183774581957657
3.0,3.0,3.0,3.0,4.0,1.0,2.505755691825363
3.0,3.0,3.0,3.0,4.0,2.0,2.7132631790996222
3.0,3.0,3.0,3.0,4.0,3.0,2.9616661140006397
3.0,3.0,3.0,3.0,4.0,4.0,3.140351968690959
3.0,3.0,3.0,3.0,4.0,5.0,3.317317028010226
3.0,3.0,3.0,3.0,5.0,2.0,2.848807684667526
3.0,3.0,3.0,3.0,5.0,3.0,3.060070336467379
3.0,3.0,3.0,3.0,5.0,4.0,3.2602106584342017
3.0,3.0,3.0,3.0,5.0,5.0,3.4583170135230255
3.0,3.0,3.0,4.0,1.0,2.0,2.424013033942528
3.0,3.0,3.0,4.0,1.0,3.0,2.6100248112596667
3.0,3.0,3.0,4.0,1.0,4.0,2.826124604519373
3.0,3.0,3.0,4.0,2.0,1.0,2.353716836809954
3.0,3.0,3.0,4.0,2.0,2.0,2.570715550590937
3.0,3.0,3.0,4.0,2.0,3.0,2.7826499433455125
3.0,3.0,3.0,4.0,2.0,4.0,2.9569104895106753
3.0,3.0,3.0,4.0,3.0,2.0,2.7013929199704796
3.0,3.0,3.0,4.0,3.0,3.0,2.9616633773578016
3.0,3.0,3.0,4.0,3.0,4.0,3.1155286148234254
3.0,3.0,3.0,4.0,3.0,5.0,3.3011816073306446
3.0,3.0,3.0,4.0,4.0,2.0,2.8353304179840655
3.0,3.0,3.0,4.0,4.0,3.0,3.0582801246019407
3.0,3.0,3.0,4.0,4.0,4.0,3.2687356498537663
3.0,3.0,3.0,4.0,4.0,5.0,3.434217838948922
3.0,3.0,3.0,4.0,5.0,3.0,3.1685530385179863
3.0,3.0,3.0,4.0,5.0,4.0,3.385248861250639
3.0,3.0,3.0,4.0,5.0,5.0,3.5641460745941598
3.0,3.0,3.0,5.0,1.0,1.0,2.337626566580243
3.0,3.0,3.0,5.0,1.0,2.0,2.5426049434691067
3.0,3.0,3.0,5.0,1.0,3.0,2.7457321404552255
3.0,3.0,3.0,5.0,1.0,4.0,2.9447577276227284
3.0,3.0,3.0,5.0,1.0,5.0,3.1452672101457115
3.0,3.0,3.0,5.0,2.0,1.0,2.4723049244355098
3.0,3.0,3.0,5.0,2.0,2.0,2.683242369595179
3.0,3.0,3.0,5.0,2.0,3.0,2.893371268424113
3.0,3.0,3.0,5.0,2.0,4.0,3.0850633348937486
3.0,3.0,3.0,5.0,2.0,5.0,3.2825698112494175
3.0,3.0,3.0,5.0,3.0,2.0,2.8213719862548277
3.0,3.0,3.0,5.0,3.0,3.0,3.016322631932305
3.0,3.0,3.0,5.0,3.0,4.0,3.2225588251209993
3.0,3.0,3.0,5.0,3.0,5.0,3.426590150784797
3.0,3.0,3.0,5.0,4.0,3.0,3.1567964153587083
3.0,3.0,3.0,5.0,4.0,4.0,3.360537480769856
3.0,3.0,3.0,5.0,4.0,5.0,3.5737588944877903
3.0,3.0,3.0,5.0,5.0,3.0,3.298088596594073
3.0,3.0,3.0,5.0,5.0,4.0,3.5032035028709814
3.0,3.0,3.0,5.0,5.0,5.0,3.6751024188200767
3.0,3.0,4.0,1.0,1.0,1.0,2.09072515979319
3.0,3.0,4.0,1.0,1.0,4.0,2.705572131410196
3.0,3.0,4.0,1.0,2.0,1.0,2.228522650541349
3.0,3.0,4.0,1.0,2.0,2.0,2.4378877905696563
3.0,3.0,4.0,1.0,3.0,1.0,2.363838056211989
3.0,3.0,4.0,1.0,3.0,2.0,2.5763875003522796
3.0,3.0,4.0,1.0,3.0,3.0,2.78216840126502
3.0,3.0,4.0,1.0,4.0,1.0,2.511796594230931
3.0,3.0,4.0,1.0,4.0,3.0,2.9155225795060176
3.0,3.0,4.0,1.0,5.0,3.0,3.048877221641976
3.0,3.0,4.0,2.0,1.0,1.0,2.2185678670254134
3.0,3.0,4.0,2.0,1.0,2.0,2.4187910834600848
3.0,3.0,4.0,2.0,1.0,3.0,2.6276714122269564
3.0,3.0,4.0,2.0,2.0,2.0,2.568383507768558
3.0,3.0,4.0,2.0,2.0,3.0,2.766231434751561
3.0,3.0,4.0,2.0,3.0,1.0,2.4970271029959417
3.0,3.0,4.0,2.0,3.0,2.0,2.6969915928649963
3.0,3.0,4.0,2.0,3.0,3.0,2.9130201642117406
3.0,3.0,4.0,2.0,4.0,3.0,3.045504474703505
3.0,3.0,4.0,2.0,4.0,4.0,3.242856454361038
3.0,3.0,4.0,2.0,4.0,5.0,3.4456716715569096
3.0,3.0,4.0,3.0,1.0,1.0,2.3436422715913476
3.0,3.0,4.0,3.0,1.0,3.0,2.724262475450357
3.0,3.0,4.0,3.0,1.0,4.0,2.954497704092186
3.0,3.0,4.0,3.0,2.0,2.0,2.6798955402447135
3.0,3.0,4.0,3.0,2.0,3.0,2.8967802511768683
3.0,3.0,4.0,3.0,2.0,4.0,3.0914108916007477
3.0,3.0,4.0,3.0,3.0,2.0,2.8123415863712413
3.0,3.0,4.0,3.0,3.0,3.0,3.0609156090989424
3.0,3.0,4.0,3.0,3.0,4.0,3.2403068379907722
3.0,3.0,4.0,3.0,4.0,2.0,2.962874051011861
3.0,3.0,4.0,3.0,4.0,3.0,3.1796932815414167
3.0,3.0,4.0,3.0,4.0,4.0,3.368565068220542
3.0,3.0,4.0,3.0,4.0,5.0,3.573762330481269
3.0,3.0,4.0,3.0,5.0,3.0,3.302085736064545
3.0,3.0,4.0,3.0,5.0,4.0,3.5035546943292655
3.0,3.0,4.0,3.0,5.0,5.0,3.709363808201307
3.0,3.0,4.0,4.0,1.0,3.0,2.8583256749721793
3.0,3.0,4.0,4.0,1.0,4.0,3.0727991590256325
3.0,3.0,4.0,4.0,1.0,5.0,3.269973693231651
3.0,3.0,4.0,4.0,2.0,2.0,2.805753546451812
3.0,3.0,4.0,4.0,2.0,3.0,3.019854699609216
3.0,3.0,4.0,4.0,2.0,4.0,3.2164938944621464
3.0,3.0,4.0,4.0,2.0,5.0,3.4200537484321467
3.0,3.0,4.0,4.0,3.0,2.0,2.9482214526612953
3.0,3.0,4.0,4.0,3.0,3.0,3.1716899158804686
3.0,3.0,4.0,4.0,3.0,4.0,3.382319471174885
3.0,3.0,4.0,4.0,3.0,5.0,3.557324919362062
3.0,3.0,4.0,4.0,4.0,3.0,3.331731618591409
3.0,3.0,4.0,4.0,4.0,4.0,3.5348870917199378
3.0,3.0,4.0,4.0,4.0,5.0,3.6936449507683933
3.0,3.0,4.0,4.0,5.0,3.0,3.4237565702272956
3.0,3.0,4.0,4.0,5.0,4.0,3.631251584243778
3.0,3.0,4.0,4.0,5.0,5.0,3.833808975347777
3.0,3.0,4.0,5.0,1.0,3.0,2.985944639094582
3.0,3.0,4.0,5.0,1.0,4.0,3.1995052096897902
3.0,3.0,4.0,5.0,2.0,3.0,3.13386348402246
3.0,3.0,4.0,5.0,2.0,4.0,3.347168080286814
3.0,3.0,4.0,5.0,3.0,3.0,3.2795550645472153
3.0,3.0,4.0,5.0,3.0,4.0,3.478136111732685
3.0,3.0,4.0,5.0,3.0,5.0,3.678430984990801
3.0,3.0,4.0,5.0,4.0,3.0,3.4137772083869224
3.0,3.0,4.0,5.0,4.0,4.0,3.6121235535035736
3.0,3.0,4.0,5.0,4.0,5.0,3.8202242971700455
3.0,3.0,4.0,5.0,5.0,3.0,3.5481188367169927
3.0,3.0,4.0,5.0,5.0,4.0,3.747740598675306
3.0,3.0,4.0,5.0,5.0,5.0,3.9538836367732944
3.0,3.0,5.0,1.0,2.0,1.0,2.4824917993734243
3.0,3.0,5.0,1.0,3.0,1.0,2.6216545502527935
3.0,3.0,5.0,1.0,3.0,2.0,2.827434053005323
3.0,3.0,5.0,1.0,4.0,3.0,3.170486371091672
3.0,3.0,5.0,2.0,2.0,2.0,2.8126668081841757
3.0,3.0,5.0,2.0,2.0,3.0,3.0184477537612353
3.0,3.0,5.0,2.0,3.0,2.0,2.9462313096247574
3.0,3.0,5.0,2.0,3.0,3.0,3.1557190831152586
3.0,3.0,5.0,2.0,5.0,3.0,3.4263444622706523
3.0,3.0,5.0,3.0,2.0,2.0,2.9430044156309525
3.0,3.0,5.0,3.0,2.0,3.0,3.143742882317989
3.0,3.0,5.0,3.0,3.0,2.0,3.0802755890060136
3.0,3.0,5.0,3.0,3.0,3.0,3.2777875327028307
3.0,3.0,5.0,3.0,3.0,4.0,3.4840034692775177
3.0,3.0,5.0,3.0,4.0,2.0,3.209713065877222
3.0,3.0,5.0,3.0,4.0,3.0,3.416797760355704
3.0,3.0,5.0,3.0,4.0,4.0,3.6155475141870967
3.0,3.0,5.0,3.0,5.0,4.0,3.7585465065983055
3.0,3.0,5.0,4.0,2.0,5.0,3.6711000366224487
3.0,3.0,5.0,4.0,3.0,2.0,3.198086518560594
3.0,3.0,5.0,4.0,3.0,3.0,3.4083968411630643
3.0,3.0,5.0,4.0,3.0,4.0,3.5994629912773286
3.0,3.0,5.0,4.0,3.0,5.0,3.8044551013247814
3.0,3.0,5.0,4.0,4.0,3.0,3.5420606479096515
3.0,3.0,5.0,4.0,4.0,4.0,3.7449366238404544
3.0,3.0,5.0,4.0,4.0,5.0,3.942845149060471
3.0,3.0,5.0,4.0,5.0,3.0,3.680437899635527
3.0,3.0,5.0,4.0,5.0,4.0,3.875171297088136
3.0,3.0,5.0,4.0,5.0,5.0,4.077479118495818
3.0,3.0,5.0,5.0,2.0,3.0,3.388355022552865
3.0,3.0,5.0,5.0,2.0,4.0,3.587823294843684
3.0,3.0,5.0,5.0,2.0,5.0,3.797521189117351
3.0,3.0,5.0,5.0,3.0,3.0,3.523230557786285
3.0,3.0,5.0,5.0,3.0,4.0,3.7300689037433674
3.0,3.0,5.0,5.0,3.0,5.0,3.9280849851912265
3.0,3.0,5.0,5.0,4.0,3.0,3.664418686227153
3.0,3.0,5.0,5.0,4.0,4.0,3.8655257426608953
3.0,3.0,5.0,5.0,4.0,5.0,4.067880840121673
3.0,3.0,5.0,5.0,5.0,3.0,3.8032313572102265
3.0,3.0,5.0,5.0,5.0,4.0,3.992019928713416
3.0,3.0,5.0,5.0,5.0,5.0,4.192451929609357
3.0,4.0,1.0,1.0,1.0,1.0,1.3691819416896744
3.0,4.0,1.0,1.0,1.0,2.0,1.6008957204588865
3.0,4.0,1.0,1.0,1.0,3.0,1.8121377272887322
3.0,4.0,1.0,1.0,2.0,1.0,1.5208660828694895
3.0,4.0,1.0,1.0,2.0,2.0,1.7592163250137476
3.0,4.0,1.0,1.0,2.0,3.0,1.9525901032683808
3.0,4.0,1.0,1.0,3.0,1.0,1.6690022347802915
3.0,4.0,1.0,1.0,3.0,2.0,1.8818023687408727
3.0,4.0,1.0,1.0,3.0,3.0,2.084945957557567
3.0,4.0,1.0,1.0,4.0,1.0,1.817712153395382
3.0,4.0,1.0,1.0,4.0,3.0,2.2292539639450957
3.0,4.0,1.0,1.0,5.0,3.0,2.360487078190002
3.0,4.0,1.0,2.0,1.0,1.0,1.5288232996728155
3.0,4.0,1.0,2.0,1.0,2.0,1.7356007825592963
3.0,4.0,1.0,2.0,1.0,3.0,1.9346733493693244
3.0,4.0,1.0,2.0,2.0,1.0,1.6623606722133994
3.0,4.0,1.0,2.0,2.0,2.0,1.873763676464618
3.0,4.0,1.0,2.0,2.0,3.0,2.0745102292625277
3.0,4.0,1.0,2.0,2.0,4.0,2.2769582675516182
3.0,4.0,1.0,2.0,3.0,1.0,1.8130317842281283
3.0,4.0,1.0,2.0,3.0,2.0,2.0243602660716693
3.0,4.0,1.0,2.0,3.0,3.0,2.2198120516658633
3.0,4.0,1.0,2.0,4.0,1.0,1.9498250694440011
3.0,4.0,1.0,2.0,4.0,2.0,2.147195648216192
3.0,4.0,1.0,2.0,4.0,3.0,2.3560759412587853
3.0,4.0,1.0,2.0,4.0,5.0,2.749447417165432
3.0,4.0,1.0,3.0,1.0,1.0,1.6460573709377286
3.0,4.0,1.0,3.0,1.0,2.0,1.8637982950096768
3.0,4.0,1.0,3.0,1.0,3.0,2.0546953132924695
3.0,4.0,1.0,3.0,2.0,1.0,1.8001358290909117
3.0,4.0,1.0,3.0,2.0,2.0,1.984643223810603
3.0,4.0,1.0,3.0,2.0,3.0,2.1856792020446463
3.0,4.0,1.0,3.0,2.0,4.0,2.403378674829705
3.0,4.0,1.0,3.0,3.0,1.0,1.9239022357897033
3.0,4.0,1.0,3.0,3.0,2.0,2.1213663902763162
3.0,4.0,1.0,3.0,3.0,3.0,2.3467237028998933
3.0,4.0,1.0,3.0,3.0,4.0,2.540649878050678
3.0,4.0,1.0,3.0,4.0,2.0,2.263264562704855
3.0,4.0,1.0,3.0,4.0,3.0,2.4669118257325007
3.0,4.0,1.0,3.0,4.0,4.0,2.6726513613457175
3.0,4.0,1.0,3.0,5.0,1.0,2.2017678485830867
3.0,4.0,1.0,3.0,5.0,3.0,2.6133283337382087
3.0,4.0,1.0,4.0,1.0,1.0,1.7656940880305834
3.0,4.0,1.0,4.0,1.0,2.0,1.9695715332298094
3.0,4.0,1.0,4.0,1.0,3.0,2.1824589922185997
3.0,4.0,1.0,4.0,1.0,4.0,2.3763538878343176
3.0,4.0,1.0,4.0,1.0,5.0,2.5842694862763214
3.0,4.0,1.0,4.0,2.0,1.0,1.9206013832579156
3.0,4.0,1.0,4.0,2.0,2.0,2.125579768380676
3.0,4.0,1.0,4.0,2.0,3.0,2.3267336588459027
3.0,4.0,1.0,4.0,2.0,4.0,2.5219656352529007
3.0,4.0,1.0,4.0,3.0,1.0,2.0526135946401123
3.0,4.0,1.0,4.0,3.0,2.0,2.260284175051922
3.0,4.0,1.0,4.0,3.0,3.0,2.452160160105678
3.0,4.0,1.0,4.0,3.0,4.0,2.665782697667539
3.0,4.0,1.0,4.0,4.0,1.0,2.1901707494760463
3.0,4.0,1.0,4.0,4.0,2.0,2.392088956161357
3.0,4.0,1.0,4.0,4.0,3.0,2.5924697986024556
3.0,4.0,1.0,4.0,4.0,4.0,2.7904998969698833
3.0,4.0,1.0,4.0,5.0,4.0,2.929862513882946
3.0,4.0,1.0,5.0,1.0,1.0,1.897688904059812
3.0,4.0,1.0,5.0,1.0,2.0,2.0995530562456572
3.0,4.0,1.0,5.0,1.0,3.0,2.3002405053390533
3.0,4.0,1.0,5.0,1.0,4.0,2.495481246861061
3.0,4.0,1.0,5.0,2.0,1.0,2.03496023965497
3.0,4.0,1.0,5.0,2.0,3.0,2.4447799362104066
3.0,4.0,1.0,5.0,3.0,1.0,2.1761499821291936
3.0,4.0,1.0,5.0,3.0,3.0,2.583793186519291
3.0,4.0,1.0,5.0,3.0,5.0,2.9796885067345142
3.0,4.0,1.0,5.0,4.0,4.0,2.9193274785223853
3.0,4.0,1.0,5.0,5.0,5.0,3.258147467283148
3.0,4.0,2.0,1.0,1.0,1.0,1.6677498025465396
3.0,4.0,2.0,1.0,1.0,2.0,1.8583018235312059
3.0,4.0,2.0,1.0,1.0,3.0,2.0658499701366666
3.0,4.0,2.0,1.0,2.0,1.0,1.7789616058706803
3.0,4.0,2.0,1.0,2.0,2.0,1.9980132777179846
3.0,4.0,2.0,1.0,2.0,3.0,2.2043525853320842
3.0,4.0,2.0,1.0,2.0,4.0,2.405501040490544
3.0,4.0,2.0,1.0,3.0,1.0,1.9386230821964188
3.0,4.0,2.0,1.0,3.0,2.0,2.141382263158768
3.0,4.0,2.0,1.0,3.0,3.0,2.322952990380111
3.0,4.0,2.0,1.0,3.0,4.0,2.5484581992929987
3.0,4.0,2.0,1.0,4.0,1.0,2.0819647898107836
3.0,4.0,2.0,1.0,4.0,3.0,2.4781793436947726
3.0,4.0,2.0,1.0,4.0,4.0,2.6800435429678404
3.0,4.0,2.0,2.0,1.0,1.0,1.7862485543575743
3.0,4.0,2.0,2.0,1.0,2.0,2.006228671990186
3.0,4.0,2.0,2.0,1.0,3.0,2.189289932692369
3.0,4.0,2.0,2.0,1.0,4.0,2.390733486396197
3.0,4.0,2.0,2.0,2.0,1.0,1.9218627883034891
3.0,4.0,2.0,2.0,2.0,2.0,2.126030927967508
3.0,4.0,2.0,2.0,2.0,3.0,2.337550065582628
3.0,4.0,2.0,2.0,2.0,4.0,2.5298463611844206
3.0,4.0,2.0,2.0,3.0,1.0,2.0654670750145536
3.0,4.0,2.0,2.0,3.0,2.0,2.2343729303223943
3.0,4.0,2.0,2.0,3.0,3.0,2.439786677621003
3.0,4.0,2.0,2.0,3.0,4.0,2.6626799439017645
3.0,4.0,2.0,2.0,4.0,2.0,2.389020907326286
3.0,4.0,2.0,2.0,4.0,3.0,2.5880203318028694
3.0,4.0,2.0,2.0,4.0,4.0,2.801703653286022
3.0,4.0,2.0,2.0,4.0,5.0,3.004411506021242
3.0,4.0,2.0,2.0,5.0,1.0,2.3381434608196834
3.0,4.0,2.0,2.0,5.0,3.0,2.7379540980367074
3.0,4.0,2.0,2.0,5.0,4.0,2.94373560117852
3.0,4.0,2.0,3.0,1.0,1.0,1.9104517229237223
3.0,4.0,2.0,3.0,1.0,2.0,2.1112400953584505
3.0,4.0,2.0,3.0,1.0,3.0,2.3099347420185024
3.0,4.0,2.0,3.0,1.0,4.0,2.5112346002715715
3.0,4.0,2.0,3.0,2.0,1.0,2.0362298971915798
3.0,4.0,2.0,3.0,2.0,2.0,2.2571856608070537
3.0,4.0,2.0,3.0,2.0,3.0,2.4543753318029586
3.0,4.0,2.0,3.0,2.0,4.0,2.6533803204191333
3.0,4.0,2.0,3.0,3.0,1.0,2.180449562114718
3.0,4.0,2.0,3.0,3.0,2.0,2.394596350340959
3.0,4.0,2.0,3.0,3.0,3.0,2.648938231930084
3.0,4.0,2.0,3.0,3.0,4.0,2.7988132776939474
3.0,4.0,2.0,3.0,3.0,5.0,2.9896442826654774
3.0,4.0,2.0,3.0,4.0,1.0,2.3143100773069625
3.0,4.0,2.0,3.0,4.0,2.0,2.532069492454695
3.0,4.0,2.0,3.0,4.0,3.0,2.7554211469568437
3.0,4.0,2.0,3.0,4.0,4.0,2.938655733809468
3.0,4.0,2.0,3.0,4.0,5.0,3.1337018265730077
3.0,4.0,2.0,3.0,5.0,2.0,2.6585937740180348
3.0,4.0,2.0,3.0,5.0,3.0,2.8604582938056735
3.0,4.0,2.0,3.0,5.0,5.0,3.2720202243191645
3.0,4.0,2.0,4.0,1.0,1.0,2.03380120508672
3.0,4.0,2.0,4.0,1.0,2.0,2.219496816520434
3.0,4.0,2.0,4.0,1.0,3.0,2.4340905434853064
3.0,4.0,2.0,4.0,1.0,4.0,2.6350542929764673
3.0,4.0,2.0,4.0,2.0,1.0,2.1732188887622486
3.0,4.0,2.0,4.0,2.0,2.0,2.369457407643234
3.0,4.0,2.0,4.0,2.0,3.0,2.597266406709517
3.0,4.0,2.0,4.0,2.0,4.0,2.7740291409561015
3.0,4.0,2.0,4.0,3.0,1.0,2.304691317474231
3.0,4.0,2.0,4.0,3.0,2.0,2.5138468101722116
3.0,4.0,2.0,4.0,3.0,3.0,2.7343209168272904
3.0,4.0,2.0,4.0,3.0,4.0,2.9171031572485577
3.0,4.0,2.0,4.0,3.0,5.0,3.1160646165283
3.0,4.0,2.0,4.0,4.0,1.0,2.442413425785931
3.0,4.0,2.0,4.0,4.0,2.0,2.6408194501693325
3.0,4.0,2.0,4.0,4.0,3.0,2.864953684833693
3.0,4.0,2.0,4.0,4.0,4.0,3.0377247259149813
3.0,4.0,2.0,4.0,4.0,5.0,3.2484453228851815
3.0,4.0,2.0,4.0,5.0,2.0,2.7850148557260908
3.0,4.0,2.0,4.0,5.0,3.0,2.987080994304715
3.0,4.0,2.0,4.0,5.0,4.0,3.1819737318701153
3.0,4.0,2.0,5.0,1.0,1.0,2.1526523207579236
3.0,4.0,2.0,5.0,1.0,2.0,2.3531331808992384
3.0,4.0,2.0,5.0,1.0,3.0,2.557661445288146
3.0,4.0,2.0,5.0,1.0,4.0,2.763089698026069
3.0,4.0,2.0,5.0,1.0,5.0,2.96026422050218
3.0,4.0,2.0,5.0,2.0,1.0,2.2938417343254676
3.0,4.0,2.0,5.0,2.0,2.0,2.495704788026216
3.0,4.0,2.0,5.0,2.0,3.0,2.6909451368616617
3.0,4.0,2.0,5.0,3.0,2.0,2.629059105137132
3.0,4.0,2.0,5.0,3.0,3.0,2.835484561823801
3.0,4.0,2.0,5.0,3.0,4.0,3.0358608857135936
3.0,4.0,2.0,5.0,3.0,5.0,3.242485158812717
3.0,4.0,2.0,5.0,4.0,2.0,2.760372614743908
3.0,4.0,2.0,5.0,4.0,3.0,2.968441137758864
3.0,4.0,2.0,5.0,4.0,4.0,3.1667868749428028
3.0,4.0,2.0,5.0,4.0,5.0,3.3704710502599893
3.0,4.0,2.0,5.0,5.0,3.0,3.1054659541225305
3.0,4.0,2.0,5.0,5.0,4.0,3.310564239829677
3.0,4.0,2.0,5.0,5.0,5.0,3.505234752592389
3.0,4.0,3.0,1.0,1.0,1.0,1.9104136242753722
3.0,4.0,3.0,1.0,1.0,2.0,2.108652497030845
3.0,4.0,3.0,1.0,1.0,3.0,2.3239777373387014
3.0,4.0,3.0,1.0,1.0,4.0,2.523193439323091
3.0,4.0,3.0,1.0,2.0,1.0,2.037726631857579
3.0,4.0,3.0,1.0,2.0,2.0,2.2480247644039983
3.0,4.0,3.0,1.0,2.0,3.0,2.4589228111257904
3.0,4.0,3.0,1.0,3.0,1.0,2.173592529466896
3.0,4.0,3.0,1.0,3.0,2.0,2.3846648002142943
3.0,4.0,3.0,1.0,3.0,3.0,2.5533527049273426
3.0,4.0,3.0,1.0,3.0,4.0,2.7977357896519166
3.0,4.0,3.0,1.0,4.0,1.0,2.330741212386261
3.0,4.0,3.0,1.0,4.0,2.0,2.534922958832316
3.0,4.0,3.0,1.0,4.0,3.0,2.731617081917557
3.0,4.0,3.0,1.0,4.0,4.0,2.939634271282135
3.0,4.0,3.0,1.0,5.0,1.0,2.4627689708154845
3.0,4.0,3.0,1.0,5.0,2.0,2.66594167263648
3.0,4.0,3.0,1.0,5.0,3.0,2.870413998838264
3.0,4.0,3.0,1.0,5.0,5.0,3.2741427402859418
3.0,4.0,3.0,2.0,1.0,1.0,2.0241521726754943
3.0,4.0,3.0,2.0,1.0,2.0,2.2394855412766006
3.0,4.0,3.0,2.0,1.0,3.0,2.4297822427740696
3.0,4.0,3.0,2.0,1.0,4.0,2.63927664179963
3.0,4.0,3.0,2.0,2.0,1.0,2.172642877960222
3.0,4.0,3.0,2.0,2.0,2.0,2.385981054157133
3.0,4.0,3.0,2.0,2.0,3.0,2.6013154692161162
3.0,4.0,3.0,2.0,2.0,4.0,2.7863172241192387
3.0,4.0,3.0,2.0,3.0,1.0,2.3009189660120946
3.0,4.0,3.0,2.0,3.0,2.0,2.51399428129128
3.0,4.0,3.0,2.0,3.0,3.0,2.713249759105794
3.0,4.0,3.0,2.0,3.0,4.0,2.9226639486524824
3.0,4.0,3.0,2.0,4.0,1.0,2.4522925939631706
3.0,4.0,3.0,2.0,4.0,2.0,2.651755623584026
3.0,4.0,3.0,2.0,4.0,3.0,2.8827735010934608
3.0,4.0,3.0,2.0,4.0,4.0,3.0586705312181595
3.0,4.0,3.0,2.0,5.0,1.0,2.5852739606394293
3.0,4.0,3.0,2.0,5.0,2.0,2.791053800911402
3.0,4.0,3.0,2.0,5.0,3.0,2.992918112105548
3.0,4.0,3.0,2.0,5.0,4.0,3.193267920666388
3.0,4.0,3.0,3.0,1.0,1.0,2.155891989191949
3.0,4.0,3.0,3.0,1.0,2.0,2.374783737723548
3.0,4.0,3.0,3.0,1.0,3.0,2.559533777347494
3.0,4.0,3.0,3.0,1.0,4.0,2.7676485918953713
3.0,4.0,3.0,3.0,2.0,1.0,2.3018037158936218
3.0,4.0,3.0,3.0,2.0,2.0,2.5348291550259354
3.0,4.0,3.0,3.0,2.0,3.0,2.765866535599596
3.0,4.0,3.0,3.0,2.0,4.0,2.921819610952901
3.0,4.0,3.0,3.0,3.0,1.0,2.435945491494129
3.0,4.0,3.0,3.0,3.0,2.0,2.6735913785939367
3.0,4.0,3.0,3.0,3.0,3.0,2.9616643196616286
3.0,4.0,3.0,3.0,3.0,4.0,3.063560424851586
3.0,4.0,3.0,3.0,3.0,5.0,3.2436531149097663
3.0,4.0,3.0,3.0,4.0,1.0,2.564377206497277
3.0,4.0,3.0,3.0,4.0,2.0,2.771048759337137
3.0,4.0,3.0,3.0,4.0,3.0,3.0225059893363966
3.0,4.0,3.0,3.0,4.0,4.0,3.2262415384358696
3.0,4.0,3.0,3.0,4.0,5.0,3.3851866514226727
3.0,4.0,3.0,3.0,5.0,2.0,2.9138951146036427
3.0,4.0,3.0,3.0,5.0,3.0,3.1186096268173893
3.0,4.0,3.0,3.0,5.0,4.0,3.324275270867034
3.0,4.0,3.0,3.0,5.0,5.0,3.5263648314072795
3.0,4.0,3.0,4.0,1.0,1.0,2.281800967799026
3.0,4.0,3.0,4.0,1.0,2.0,2.479928335368868
3.0,4.0,3.0,4.0,1.0,3.0,2.6867229162218718
3.0,4.0,3.0,4.0,1.0,4.0,2.8865106829256684
3.0,4.0,3.0,4.0,1.0,5.0,3.096485603947045
3.0,4.0,3.0,4.0,2.0,1.0,2.4246376029196486
3.0,4.0,3.0,4.0,2.0,2.0,2.6279785318541387
3.0,4.0,3.0,4.0,2.0,3.0,2.86421164673041
3.0,4.0,3.0,4.0,2.0,4.0,3.0355548574323725
3.0,4.0,3.0,4.0,3.0,1.0,2.555737974609757
3.0,4.0,3.0,4.0,3.0,2.0,2.7651682133238715
3.0,4.0,3.0,4.0,3.0,3.0,3.0495421286039486
3.0,4.0,3.0,4.0,3.0,4.0,3.2284231360795648
3.0,4.0,3.0,4.0,3.0,5.0,3.3707227481577267
3.0,4.0,3.0,4.0,4.0,2.0,2.90637453099241
3.0,4.0,3.0,4.0,4.0,3.0,3.1481093581269954
3.0,4.0,3.0,4.0,4.0,4.0,3.406840041805522
3.0,4.0,3.0,4.0,4.0,5.0,3.518462569977389
3.0,4.0,3.0,4.0,5.0,2.0,3.032144759918532
3.0,4.0,3.0,4.0,5.0,3.0,3.2347247358021103
3.0,4.0,3.0,4.0,5.0,4.0,3.4562645717701748
3.0,4.0,3.0,4.0,5.0,5.0,3.6349913104528735
3.0,4.0,3.0,5.0,1.0,2.0,2.6101446046429713
3.0,4.0,3.0,5.0,1.0,3.0,2.813535763562037
3.0,4.0,3.0,5.0,1.0,4.0,3.0131057735619047
3.0,4.0,3.0,5.0,1.0,5.0,3.2150725634983592
3.0,4.0,3.0,5.0,2.0,3.0,2.9459679479643466
3.0,4.0,3.0,5.0,2.0,4.0,3.1491384735206376
3.0,4.0,3.0,5.0,2.0,5.0,3.3587727185604375
3.0,4.0,3.0,5.0,3.0,2.0,2.8840227741475113
3.0,4.0,3.0,5.0,3.0,3.0,3.089248093239746
3.0,4.0,3.0,5.0,3.0,4.0,3.2946119010716015
3.0,4.0,3.0,5.0,3.0,5.0,3.493728257607937
3.0,4.0,3.0,5.0,4.0,2.0,3.021294120084436
3.0,4.0,3.0,5.0,4.0,3.0,3.2149875143467086
3.0,4.0,3.0,5.0,4.0,4.0,3.434153678840427
3.0,4.0,3.0,5.0,4.0,5.0,3.6244703534231464
3.0,4.0,3.0,5.0,5.0,3.0,3.3632891439771337
3.0,4.0,3.0,5.0,5.0,4.0,3.5681683868891976
3.0,4.0,3.0,5.0,5.0,5.0,3.764830680332483
3.0,4.0,4.0,1.0,1.0,1.0,2.146198393178784
3.0,4.0,4.0,1.0,1.0,2.0,2.3665949861700044
3.0,4.0,4.0,1.0,1.0,3.0,2.581848631784075
3.0,4.0,4.0,1.0,2.0,1.0,2.3008236799877158
3.0,4.0,4.0,1.0,2.0,3.0,2.7096470168193614
3.0,4.0,4.0,1.0,3.0,1.0,2.4358585690518177
3.0,4.0,4.0,1.0,3.0,2.0,2.6372206847678803
3.0,4.0,4.0,1.0,3.0,3.0,2.84542382049832
3.0,4.0,4.0,1.0,3.0,4.0,3.048782546294097
3.0,4.0,4.0,1.0,4.0,2.0,2.7744918241618466
3.0,4.0,4.0,1.0,4.0,3.0,2.984189590334808
3.0,4.0,4.0,1.0,4.0,5.0,3.384001527881878
3.0,4.0,4.0,2.0,1.0,1.0,2.28331757887864
3.0,4.0,4.0,2.0,1.0,3.0,2.690962905099169
3.0,4.0,4.0,2.0,1.0,4.0,2.8889101222852958
3.0,4.0,4.0,2.0,2.0,2.0,2.6234682341792634
3.0,4.0,4.0,2.0,2.0,3.0,2.844257431213113
3.0,4.0,4.0,2.0,2.0,4.0,3.033882404635188
3.0,4.0,4.0,2.0,3.0,1.0,2.5617770959630497
3.0,4.0,4.0,2.0,3.0,2.0,2.7499335448328526
3.0,4.0,4.0,2.0,3.0,3.0,2.972052746268343
3.0,4.0,4.0,2.0,3.0,4.0,3.1718383695528556
3.0,4.0,4.0,2.0,4.0,1.0,2.702964919458973
3.0,4.0,4.0,2.0,4.0,2.0,2.9016825062383362
3.0,4.0,4.0,2.0,4.0,3.0,3.096005351434097
3.0,4.0,4.0,2.0,4.0,4.0,3.3103144839584373
3.0,4.0,4.0,2.0,5.0,2.0,3.0458381684780242
3.0,4.0,4.0,2.0,5.0,3.0,3.2411309611420203
3.0,4.0,4.0,2.0,5.0,4.0,3.4458289419477732
3.0,4.0,4.0,2.0,5.0,5.0,3.6476928483323237
3.0,4.0,4.0,3.0,1.0,1.0,2.4081395253182967
3.0,4.0,4.0,3.0,1.0,2.0,2.612242201747654
3.0,4.0,4.0,3.0,1.0,3.0,2.8108197288538648
3.0,4.0,4.0,3.0,1.0,4.0,3.0151525036790936
3.0,4.0,4.0,3.0,1.0,5.0,3.2250287876590806
3.0,4.0,4.0,3.0,2.0,1.0,2.55441761017283
3.0,4.0,4.0,3.0,2.0,2.0,2.742290264251213
3.0,4.0,4.0,3.0,2.0,3.0,2.9557668567534208
3.0,4.0,4.0,3.0,2.0,4.0,3.1644071895970396
3.0,4.0,4.0,3.0,3.0,2.0,2.895389439615012
3.0,4.0,4.0,3.0,3.0,3.0,3.128115850611843
3.0,4.0,4.0,3.0,3.0,4.0,3.3104047648749937
3.0,4.0,4.0,3.0,3.0,5.0,3.4956537946561475
3.0,4.0,4.0,3.0,4.0,2.0,3.0194226402264026
3.0,4.0,4.0,3.0,4.0,3.0,3.259852331266371
3.0,4.0,4.0,3.0,4.0,4.0,3.5272009372076107
3.0,4.0,4.0,3.0,4.0,5.0,3.6312840552143855
3.0,4.0,4.0,3.0,5.0,2.0,3.168521007761382
3.0,4.0,4.0,3.0,5.0,3.0,3.366727433771351
3.0,4.0,4.0,3.0,5.0,4.0,3.5631565255550135
3.0,4.0,4.0,3.0,5.0,5.0,3.7737418054875604
3.0,4.0,4.0,4.0,1.0,3.0,2.9139408621107816
3.0,4.0,4.0,4.0,1.0,4.0,3.1313441548061873
3.0,4.0,4.0,4.0,2.0,2.0,2.8733615232295193
3.0,4.0,4.0,4.0,2.0,3.0,3.0991791684266854
3.0,4.0,4.0,4.0,2.0,4.0,3.2766841062875445
3.0,4.0,4.0,4.0,2.0,5.0,3.4829121441123023
3.0,4.0,4.0,4.0,3.0,2.0,3.020163437701481
3.0,4.0,4.0,4.0,3.0,3.0,3.2648570624468074
3.0,4.0,4.0,4.0,3.0,4.0,3.4975294881495804
3.0,4.0,4.0,4.0,3.0,5.0,3.6264651040058946
3.0,4.0,4.0,4.0,4.0,1.0,2.947974415233915
3.0,4.0,4.0,4.0,4.0,2.0,3.1486719946349218
3.0,4.0,4.0,4.0,4.0,3.0,3.4085048732794605
3.0,4.0,4.0,4.0,4.0,4.0,3.6948533850006955
3.0,4.0,4.0,4.0,4.0,5.0,3.774931763586993
3.0,4.0,4.0,4.0,5.0,3.0,3.4950964532157407
3.0,4.0,4.0,4.0,5.0,4.0,3.7133877351713456
3.0,4.0,4.0,4.0,5.0,5.0,3.9067443466073004
3.0,4.0,4.0,5.0,1.0,1.0,2.654747461817801
3.0,4.0,4.0,5.0,1.0,3.0,3.0580192214784847
3.0,4.0,4.0,5.0,1.0,4.0,3.259322110303574
3.0,4.0,4.0,5.0,1.0,5.0,3.4700361148410894
3.0,4.0,4.0,5.0,2.0,3.0,3.2004387354865553
3.0,4.0,4.0,5.0,2.0,4.0,3.3961326383819848
3.0,4.0,4.0,5.0,2.0,5.0,3.6064734855556555
3.0,4.0,4.0,5.0,3.0,3.0,3.3330262216127267
3.0,4.0,4.0,5.0,3.0,4.0,3.556993372212879
3.0,4.0,4.0,5.0,3.0,5.0,3.7253775108244893
3.0,4.0,4.0,5.0,4.0,3.0,3.46240630162441
3.0,4.0,4.0,5.0,4.0,4.0,3.6948615578376316
3.0,4.0,4.0,5.0,4.0,5.0,3.871893254560822
3.0,4.0,4.0,5.0,5.0,3.0,3.6148115538585976
3.0,4.0,4.0,5.0,5.0,4.0,3.8176876531625323
3.0,4.0,4.0,5.0,5.0,5.0,3.990465619631624
3.0,4.0,5.0,1.0,2.0,1.0,2.5530499613346236
3.0,4.0,5.0,1.0,5.0,5.0,3.7801517912352534
3.0,4.0,5.0,2.0,1.0,1.0,2.534364871127593
3.0,4.0,5.0,2.0,4.0,2.0,3.1558752244165453
3.0,4.0,5.0,2.0,4.0,3.0,3.361657084730372
3.0,4.0,5.0,2.0,4.0,4.0,3.55914088509835
3.0,4.0,5.0,2.0,5.0,4.0,3.696875689128189
3.0,4.0,5.0,3.0,1.0,1.0,2.664702798839921
3.0,4.0,5.0,3.0,1.0,2.0,2.8626489220069673
3.0,4.0,5.0,3.0,1.0,3.0,3.0684303318240587
3.0,4.0,5.0,3.0,1.0,4.0,3.2702940992953664
3.0,4.0,5.0,3.0,2.0,2.0,3.0038374181056002
3.0,4.0,5.0,3.0,2.0,3.0,3.2048988816478503
3.0,4.0,5.0,3.0,3.0,2.0,3.1371918556038128
3.0,4.0,5.0,3.0,3.0,3.0,3.3461377339387695
3.0,4.0,5.0,3.0,3.0,4.0,3.551462227514654
3.0,4.0,5.0,3.0,3.0,5.0,3.7467011179105323
3.0,4.0,5.0,3.0,4.0,2.0,3.2783799126332713
3.0,4.0,5.0,3.0,4.0,3.0,3.488352473557524
3.0,4.0,5.0,3.0,4.0,4.0,3.703451131317876
3.0,4.0,5.0,3.0,4.0,5.0,3.8819051817433263
3.0,4.0,5.0,3.0,5.0,3.0,3.6234159042838114
3.0,4.0,5.0,3.0,5.0,4.0,3.810594694387891
3.0,4.0,5.0,3.0,5.0,5.0,4.025062260477498
3.0,4.0,5.0,4.0,1.0,3.0,3.186287099161059
3.0,4.0,5.0,4.0,1.0,4.0,3.400631800770832
3.0,4.0,5.0,4.0,2.0,2.0,3.1263411896798234
3.0,4.0,5.0,4.0,2.0,3.0,3.3282648012784968
3.0,4.0,5.0,4.0,2.0,4.0,3.5319028628278293
3.0,4.0,5.0,4.0,2.0,5.0,3.740783233662603
3.0,4.0,5.0,4.0,3.0,3.0,3.4647599555942508
3.0,4.0,5.0,4.0,3.0,4.0,3.6788072678330663
3.0,4.0,5.0,4.0,3.0,5.0,3.869204782405826
3.0,4.0,5.0,4.0,4.0,3.0,3.6130996568553657
3.0,4.0,5.0,4.0,4.0,4.0,3.7992776548054232
3.0,4.0,5.0,4.0,4.0,5.0,4.024525098848311
3.0,4.0,5.0,4.0,5.0,3.0,3.745926519411709
3.0,4.0,5.0,4.0,5.0,4.0,3.934249046624634
3.0,4.0,5.0,4.0,5.0,5.0,4.164758435797425
3.0,4.0,5.0,5.0,1.0,2.0,3.115490410276486
3.0,4.0,5.0,5.0,1.0,4.0,3.515301861017739
3.0,4.0,5.0,5.0,1.0,5.0,3.7232513309849384
3.0,4.0,5.0,5.0,2.0,4.0,3.6539286712582597
3.0,4.0,5.0,5.0,3.0,3.0,3.5989566503649835
3.0,4.0,5.0,5.0,3.0,4.0,3.791477690959209
3.0,4.0,5.0,5.0,3.0,5.0,3.9995444327910428
3.0,4.0,5.0,5.0,4.0,3.0,3.7302252019112094
3.0,4.0,5.0,5.0,4.0,4.0,3.926215036328283
3.0,4.0,5.0,5.0,4.0,5.0,4.129349231427272
3.0,4.0,5.0,5.0,5.0,1.0,3.462689107218323
3.0,4.0,5.0,5.0,5.0,3.0,3.870357646390474
3.0,4.0,5.0,5.0,5.0,4.0,4.060585782640247
3.0,4.0,5.0,5.0,5.0,5.0,4.257176239857139
3.0,5.0,1.0,1.0,1.0,1.0,1.4327837340964504
3.0,5.0,1.0,1.0,1.0,2.0,1.680706569932663
3.0,5.0,1.0,1.0,1.0,3.0,1.8969498290618523
3.0,5.0,1.0,1.0,1.0,5.0,2.2877132138403318
3.0,5.0,1.0,1.0,2.0,1.0,1.5898046016952563
3.0,5.0,1.0,1.0,2.0,2.0,1.8137477899277996
3.0,5.0,1.0,1.0,2.0,3.0,2.009359045370365
3.0,5.0,1.0,1.0,3.0,1.0,1.7384684078796806
3.0,5.0,1.0,1.0,3.0,2.0,1.9498132305112355
3.0,5.0,1.0,1.0,3.0,3.0,2.146204205822732
3.0,5.0,1.0,1.0,3.0,4.0,2.3511825525134404
3.0,5.0,1.0,1.0,4.0,1.0,1.8812502065703989
3.0,5.0,1.0,1.0,4.0,2.0,2.0900184661675016
3.0,5.0,1.0,1.0,5.0,1.0,2.0332591726787865
3.0,5.0,1.0,1.0,5.0,2.0,2.2272897288866402
3.0,5.0,1.0,1.0,5.0,3.0,2.429153738084266
3.0,5.0,1.0,1.0,5.0,5.0,2.8289650995692197
3.0,5.0,1.0,2.0,1.0,1.0,1.5958415963795816
3.0,5.0,1.0,2.0,1.0,2.0,1.7938033916950464
3.0,5.0,1.0,2.0,1.0,3.0,1.9909623617617829
3.0,5.0,1.0,2.0,2.0,1.0,1.7324731422767494
3.0,5.0,1.0,2.0,2.0,2.0,1.9427937809009344
3.0,5.0,1.0,2.0,2.0,3.0,2.1420914968380953
3.0,5.0,1.0,2.0,2.0,4.0,2.3417079567121695
3.0,5.0,1.0,2.0,3.0,1.0,1.8782581125724715
3.0,5.0,1.0,2.0,3.0,2.0,2.0691661990143007
3.0,5.0,1.0,2.0,3.0,3.0,2.2788476959186377
3.0,5.0,1.0,2.0,4.0,3.0,2.4072779261154262
3.0,5.0,1.0,2.0,4.0,4.0,2.624084129458437
3.0,5.0,1.0,2.0,5.0,2.0,2.34979341912221
3.0,5.0,1.0,2.0,5.0,3.0,2.5516574379540415
3.0,5.0,1.0,3.0,1.0,1.0,1.6915489069356686
3.0,5.0,1.0,3.0,1.0,2.0,1.9163605817346754
3.0,5.0,1.0,3.0,1.0,3.0,2.105282900776507
3.0,5.0,1.0,3.0,1.0,4.0,2.3308573183652883
3.0,5.0,1.0,3.0,2.0,1.0,1.858619325875092
3.0,5.0,1.0,3.0,2.0,2.0,2.0518364791177466
3.0,5.0,1.0,3.0,2.0,3.0,2.253520077205396
3.0,5.0,1.0,3.0,3.0,1.0,1.9998129857208262
3.0,5.0,1.0,3.0,3.0,2.0,2.197754746815754
3.0,5.0,1.0,3.0,3.0,3.0,2.3988705213595836
3.0,5.0,1.0,3.0,3.0,4.0,2.6069397180354446
3.0,5.0,1.0,3.0,4.0,1.0,2.132126640454735
3.0,5.0,1.0,3.0,4.0,2.0,2.3350260698902985
3.0,5.0,1.0,3.0,4.0,3.0,2.5383972612689956
3.0,5.0,1.0,3.0,5.0,2.0,2.476214109019785
3.0,5.0,1.0,3.0,5.0,3.0,2.662458178695742
3.0,5.0,1.0,3.0,5.0,4.0,2.87994229715043
3.0,5.0,1.0,4.0,1.0,1.0,1.8405592772083879
3.0,5.0,1.0,4.0,1.0,2.0,2.0457159629951325
3.0,5.0,1.0,4.0,1.0,3.0,2.246665972790716
3.0,5.0,1.0,4.0,1.0,5.0,2.647391596862033
3.0,5.0,1.0,4.0,2.0,2.0,2.1822731677828875
3.0,5.0,1.0,4.0,2.0,3.0,2.387251501736787
3.0,5.0,1.0,4.0,2.0,4.0,2.5906322994910713
3.0,5.0,1.0,4.0,3.0,2.0,2.3241753900561033
3.0,5.0,1.0,4.0,3.0,3.0,2.519929354828206
3.0,5.0,1.0,4.0,3.0,4.0,2.7279035711505
3.0,5.0,1.0,4.0,3.0,5.0,2.9297679600893227
3.0,5.0,1.0,4.0,4.0,3.0,2.641506322666577
3.0,5.0,1.0,4.0,4.0,4.0,2.8589971270866643
3.0,5.0,1.0,4.0,5.0,3.0,2.800581991944059
3.0,5.0,1.0,4.0,5.0,4.0,3.0024460971282814
3.0,5.0,1.0,4.0,5.0,5.0,3.2035128465896774
3.0,5.0,1.0,5.0,1.0,1.0,1.9590025593620197
3.0,5.0,1.0,5.0,1.0,2.0,2.1682197337162377
3.0,5.0,1.0,5.0,1.0,3.0,2.3710936208319144
3.0,5.0,1.0,5.0,1.0,4.0,2.5597277194165238
3.0,5.0,1.0,5.0,1.0,5.0,2.7707924963630997
3.0,5.0,1.0,5.0,2.0,1.0,2.107543796566451
3.0,5.0,1.0,5.0,2.0,2.0,2.3082008146537474
3.0,5.0,1.0,5.0,2.0,3.0,2.509277200682006
3.0,5.0,1.0,5.0,2.0,5.0,2.9117741841333764
3.0,5.0,1.0,5.0,3.0,2.0,2.4410342973716097
3.0,5.0,1.0,5.0,3.0,3.0,2.6382089508097173
3.0,5.0,1.0,5.0,3.0,5.0,3.0481654607353597
3.0,5.0,1.0,5.0,4.0,3.0,2.785814528514464
3.0,5.0,1.0,5.0,4.0,4.0,2.9877266431298395
3.0,5.0,1.0,5.0,4.0,5.0,3.1934595440494093
3.0,5.0,1.0,5.0,5.0,1.0,2.511523733530144
3.0,5.0,1.0,5.0,5.0,2.0,2.71730490132558
3.0,5.0,1.0,5.0,5.0,3.0,2.9230857066341795
3.0,5.0,1.0,5.0,5.0,4.0,3.1210331799640083
3.0,5.0,1.0,5.0,5.0,5.0,3.308725597396653
3.0,5.0,2.0,1.0,1.0,1.0,1.7209213219345219
3.0,5.0,2.0,1.0,1.0,2.0,1.929801652296315
3.0,5.0,2.0,1.0,1.0,3.0,2.130603984691288
3.0,5.0,2.0,1.0,1.0,4.0,2.331680101422059
3.0,5.0,2.0,1.0,2.0,1.0,1.8568331180635558
3.0,5.0,2.0,1.0,2.0,2.0,2.0607038382299327
3.0,5.0,2.0,1.0,2.0,3.0,2.268386774036065
3.0,5.0,2.0,1.0,3.0,1.0,2.0057795005732735
3.0,5.0,2.0,1.0,3.0,2.0,2.197601922429542
3.0,5.0,2.0,1.0,3.0,3.0,2.4025045818895077
3.0,5.0,2.0,1.0,3.0,4.0,2.6075221247900817
3.0,5.0,2.0,1.0,4.0,1.0,2.1392010504461987
3.0,5.0,2.0,1.0,4.0,2.0,2.343636300766757
3.0,5.0,2.0,1.0,4.0,3.0,2.544712633983483
3.0,5.0,2.0,1.0,5.0,1.0,2.276472388802222
3.0,5.0,2.0,1.0,5.0,3.0,2.6736441329975213
3.0,5.0,2.0,2.0,1.0,1.0,1.8538077401381832
3.0,5.0,2.0,2.0,1.0,2.0,2.057779960350781
3.0,5.0,2.0,2.0,1.0,3.0,2.2565316007589686
3.0,5.0,2.0,2.0,2.0,1.0,1.9910792300129851
3.0,5.0,2.0,2.0,2.0,2.0,2.2036836047117707
3.0,5.0,2.0,2.0,2.0,3.0,2.391065756986977
3.0,5.0,2.0,2.0,3.0,2.0,2.317120643957202
3.0,5.0,2.0,2.0,3.0,3.0,2.5228143112884407
3.0,5.0,2.0,2.0,3.0,4.0,2.734981137653657
3.0,5.0,2.0,2.0,4.0,1.0,2.2567815599530245
3.0,5.0,2.0,2.0,4.0,2.0,2.4641308487908224
3.0,5.0,2.0,2.0,4.0,3.0,2.668002676436072
3.0,5.0,2.0,2.0,4.0,4.0,2.8712140999132076
3.0,5.0,2.0,2.0,5.0,1.0,2.393517313650113
3.0,5.0,2.0,2.0,5.0,2.0,2.6047570715696557
3.0,5.0,2.0,2.0,5.0,3.0,2.8073758696979474
3.0,5.0,2.0,2.0,5.0,4.0,3.0006516209560945
3.0,5.0,2.0,3.0,1.0,1.0,1.9611000331743265
3.0,5.0,2.0,3.0,1.0,2.0,2.1752297100726747
3.0,5.0,2.0,3.0,1.0,3.0,2.3602814693515333
3.0,5.0,2.0,3.0,1.0,4.0,2.5718298728403264
3.0,5.0,2.0,3.0,2.0,1.0,2.104926675242072
3.0,5.0,2.0,3.0,2.0,2.0,2.326333790821453
3.0,5.0,2.0,3.0,2.0,3.0,2.5220642664367205
3.0,5.0,2.0,3.0,3.0,2.0,2.465364219657313
3.0,5.0,2.0,3.0,3.0,3.0,2.678400385148639
3.0,5.0,2.0,3.0,3.0,4.0,2.858114197603266
3.0,5.0,2.0,3.0,3.0,5.0,3.058310453557344
3.0,5.0,2.0,3.0,4.0,1.0,2.3802919552151733
3.0,5.0,2.0,3.0,4.0,2.0,2.585681396130414
3.0,5.0,2.0,3.0,4.0,3.0,2.775008098435967
3.0,5.0,2.0,3.0,4.0,4.0,2.993954415621867
3.0,5.0,2.0,3.0,4.0,5.0,3.199498763250494
3.0,5.0,2.0,3.0,5.0,2.0,2.724423244237252
3.0,5.0,2.0,3.0,5.0,3.0,2.9302183422713144
3.0,5.0,2.0,3.0,5.0,5.0,3.334152438776757
3.0,5.0,2.0,4.0,1.0,1.0,2.094160845267803
3.0,5.0,2.0,4.0,1.0,2.0,2.297187398107574
3.0,5.0,2.0,4.0,1.0,3.0,2.5081333480039234
3.0,5.0,2.0,4.0,1.0,4.0,2.7028190214787435
3.0,5.0,2.0,4.0,1.0,5.0,2.8984380290878233
3.0,5.0,2.0,4.0,2.0,2.0,2.4449063083641764
3.0,5.0,2.0,4.0,2.0,3.0,2.6359167322090684
3.0,5.0,2.0,4.0,2.0,4.0,2.8396463355736787
3.0,5.0,2.0,4.0,3.0,1.0,2.378229555709517
3.0,5.0,2.0,4.0,3.0,2.0,2.5833824243448418
3.0,5.0,2.0,4.0,3.0,3.0,2.7752033270807486
3.0,5.0,2.0,4.0,3.0,4.0,2.9795119695192676
3.0,5.0,2.0,4.0,4.0,1.0,2.50863702527191
3.0,5.0,2.0,4.0,4.0,2.0,2.7092149282389886
3.0,5.0,2.0,4.0,4.0,3.0,2.9371698315068335
3.0,5.0,2.0,4.0,4.0,4.0,3.1273284579847513
3.0,5.0,2.0,4.0,4.0,5.0,3.3180857386524147
3.0,5.0,2.0,4.0,5.0,2.0,2.8437657760694925
3.0,5.0,2.0,4.0,5.0,3.0,3.0469749091005394
3.0,5.0,2.0,4.0,5.0,4.0,3.2601490632153447
3.0,5.0,2.0,4.0,5.0,5.0,3.4535799850441156
3.0,5.0,2.0,5.0,1.0,2.0,2.419893858920091
3.0,5.0,2.0,5.0,1.0,3.0,2.6145209593644148
3.0,5.0,2.0,5.0,1.0,5.0,3.028775625179764
3.0,5.0,2.0,5.0,2.0,1.0,2.3493877353940187
3.0,5.0,2.0,5.0,2.0,2.0,2.5604546792317247
3.0,5.0,2.0,5.0,2.0,3.0,2.7553582102286667
3.0,5.0,2.0,5.0,2.0,4.0,2.964598847891718
3.0,5.0,2.0,5.0,2.0,5.0,3.1621301327510922
3.0,5.0,2.0,5.0,3.0,1.0,2.4958617217073904
3.0,5.0,2.0,5.0,3.0,2.0,2.6989054160168533
3.0,5.0,2.0,5.0,3.0,3.0,2.895834816741207
3.0,5.0,2.0,5.0,3.0,4.0,3.099504719141351
3.0,5.0,2.0,5.0,3.0,5.0,3.3048469855277065
3.0,5.0,2.0,5.0,4.0,2.0,2.833685467381292
3.0,5.0,2.0,5.0,4.0,3.0,3.039841540971683
3.0,5.0,2.0,5.0,4.0,4.0,3.245665153300375
3.0,5.0,2.0,5.0,4.0,5.0,3.4398090990122703
3.0,5.0,2.0,5.0,5.0,2.0,2.968351716118626
3.0,5.0,2.0,5.0,5.0,3.0,3.166944426418438
3.0,5.0,2.0,5.0,5.0,4.0,3.369773072197001
3.0,5.0,2.0,5.0,5.0,5.0,3.552793646265171
3.0,5.0,3.0,1.0,1.0,1.0,1.9673226073173502
3.0,5.0,3.0,1.0,1.0,2.0,2.1827836258537325
3.0,5.0,3.0,1.0,1.0,3.0,2.371417789355981
3.0,5.0,3.0,1.0,1.0,4.0,2.5840264499167893
3.0,5.0,3.0,1.0,2.0,1.0,2.1057987368106557
3.0,5.0,3.0,1.0,2.0,2.0,2.3102771557108333
3.0,5.0,3.0,1.0,3.0,1.0,2.2384225588612416
3.0,5.0,3.0,1.0,3.0,2.0,2.4555375681024643
3.0,5.0,3.0,1.0,3.0,3.0,2.658242085233193
3.0,5.0,3.0,1.0,3.0,4.0,2.8624857356689657
3.0,5.0,3.0,1.0,4.0,1.0,2.3872140759362703
3.0,5.0,3.0,1.0,4.0,3.0,2.7886252080183205
3.0,5.0,3.0,1.0,4.0,4.0,2.9881445088580647
3.0,5.0,3.0,1.0,5.0,1.0,2.523602134446599
3.0,5.0,3.0,1.0,5.0,2.0,2.725466203432764
3.0,5.0,3.0,1.0,5.0,5.0,3.338892443132835
3.0,5.0,3.0,2.0,1.0,1.0,2.1001532802950336
3.0,5.0,3.0,2.0,1.0,2.0,2.3121086597094727
3.0,5.0,3.0,2.0,1.0,3.0,2.5141821269386
3.0,5.0,3.0,2.0,1.0,4.0,2.710446832609876
3.0,5.0,3.0,2.0,2.0,1.0,2.239314068141443
3.0,5.0,3.0,2.0,2.0,2.0,2.453342353227734
3.0,5.0,3.0,2.0,2.0,3.0,2.647681447186532
3.0,5.0,3.0,2.0,2.0,4.0,2.8423542319785473
3.0,5.0,3.0,2.0,3.0,1.0,2.3764482095790194
3.0,5.0,3.0,2.0,3.0,2.0,2.5579544807252734
3.0,5.0,3.0,2.0,3.0,3.0,2.7864015101570265
3.0,5.0,3.0,2.0,3.0,4.0,2.9853347370099033
3.0,5.0,3.0,2.0,3.0,5.0,3.186853299768726
3.0,5.0,3.0,2.0,4.0,1.0,2.5185545389382096
3.0,5.0,3.0,2.0,4.0,2.0,2.720097915056494
3.0,5.0,3.0,2.0,4.0,3.0,2.917108087556931
3.0,5.0,3.0,2.0,4.0,4.0,3.1217837249565634
3.0,5.0,3.0,2.0,4.0,5.0,3.3293790353969035
3.0,5.0,3.0,2.0,5.0,1.0,2.6539395160743418
3.0,5.0,3.0,2.0,5.0,2.0,2.862416206928418
3.0,5.0,3.0,2.0,5.0,3.0,3.0586007609650525
3.0,5.0,3.0,2.0,5.0,4.0,3.2688818105190176
3.0,5.0,3.0,2.0,5.0,5.0,3.4371637525148673
3.0,5.0,3.0,3.0,1.0,1.0,2.217817717190949
3.0,5.0,3.0,3.0,1.0,2.0,2.430315063726668
3.0,5.0,3.0,3.0,1.0,3.0,2.627549996344582
3.0,5.0,3.0,3.0,1.0,4.0,2.830362768552913
3.0,5.0,3.0,3.0,1.0,5.0,3.0348151920488347
3.0,5.0,3.0,3.0,2.0,1.0,2.3540217850986256
3.0,5.0,3.0,3.0,2.0,2.0,2.5644738130710367
3.0,5.0,3.0,3.0,2.0,3.0,2.785218515352103
3.0,5.0,3.0,3.0,2.0,4.0,2.9783956673325322
3.0,5.0,3.0,3.0,3.0,1.0,2.507686951242169
3.0,5.0,3.0,3.0,3.0,2.0,2.7200600552788647
3.0,5.0,3.0,3.0,3.0,3.0,2.9777302012028475
3.0,5.0,3.0,3.0,3.0,4.0,3.169223887880852
3.0,5.0,3.0,3.0,3.0,5.0,3.3161556573331215
3.0,5.0,3.0,3.0,4.0,1.0,2.6391721710740077
3.0,5.0,3.0,3.0,4.0,2.0,2.8446868837227415
3.0,5.0,3.0,3.0,4.0,3.0,3.082867476178254
3.0,5.0,3.0,3.0,4.0,4.0,3.2728711000831527
3.0,5.0,3.0,3.0,4.0,5.0,3.4491843822376116
3.0,5.0,3.0,3.0,5.0,1.0,2.7734137568879595
3.0,5.0,3.0,3.0,5.0,2.0,2.9708157147619034
3.0,5.0,3.0,3.0,5.0,3.0,3.151443128193853
3.0,5.0,3.0,3.0,5.0,4.0,3.386972921379043
3.0,5.0,3.0,3.0,5.0,5.0,3.586964148714405
3.0,5.0,3.0,4.0,1.0,1.0,2.3432559466788896
3.0,5.0,3.0,4.0,1.0,2.0,2.5488118927996486
3.0,5.0,3.0,4.0,1.0,3.0,2.751547178148918
3.0,5.0,3.0,4.0,1.0,4.0,2.9452052162191107
3.0,5.0,3.0,4.0,1.0,5.0,3.1534018277869396
3.0,5.0,3.0,4.0,2.0,2.0,2.6832546281367624
3.0,5.0,3.0,4.0,2.0,3.0,2.9112222167681088
3.0,5.0,3.0,4.0,2.0,4.0,3.0882321853212864
3.0,5.0,3.0,4.0,2.0,5.0,3.2950399071069416
3.0,5.0,3.0,4.0,3.0,1.0,2.6171519285550784
3.0,5.0,3.0,4.0,3.0,2.0,2.842142259599308
3.0,5.0,3.0,4.0,3.0,3.0,3.0844787301812033
3.0,5.0,3.0,4.0,3.0,4.0,3.2535005599888116
3.0,5.0,3.0,4.0,3.0,5.0,3.4340778088814656
3.0,5.0,3.0,4.0,4.0,2.0,2.968204501056439
3.0,5.0,3.0,4.0,4.0,3.0,3.171097313321301
3.0,5.0,3.0,4.0,4.0,4.0,3.4205507714062806
3.0,5.0,3.0,4.0,4.0,5.0,3.5897291104522826
3.0,5.0,3.0,4.0,5.0,1.0,2.89503052647661
3.0,5.0,3.0,4.0,5.0,2.0,3.1008114090959134
3.0,5.0,3.0,4.0,5.0,3.0,3.3029169295669685
3.0,5.0,3.0,4.0,5.0,4.0,3.5367900955981577
3.0,5.0,3.0,4.0,5.0,5.0,3.7323419214666105
3.0,5.0,3.0,5.0,1.0,1.0,2.472366022013058
3.0,5.0,3.0,5.0,1.0,2.0,2.681886140695866
3.0,5.0,3.0,5.0,1.0,3.0,2.857069091574842
3.0,5.0,3.0,5.0,1.0,4.0,3.0776541802019217
3.0,5.0,3.0,5.0,1.0,5.0,3.2590781620345304
3.0,5.0,3.0,5.0,2.0,2.0,2.8035959414049927
3.0,5.0,3.0,5.0,2.0,3.0,3.0129589393103102
3.0,5.0,3.0,5.0,2.0,4.0,3.206337480186633
3.0,5.0,3.0,5.0,2.0,5.0,3.423988055264121
3.0,5.0,3.0,5.0,3.0,2.0,2.948772727753841
3.0,5.0,3.0,5.0,3.0,3.0,3.141309268414188
3.0,5.0,3.0,5.0,3.0,4.0,3.346697974580467
3.0,5.0,3.0,5.0,3.0,5.0,3.5392276304319514
3.0,5.0,3.0,5.0,4.0,3.0,3.298649989592588
3.0,5.0,3.0,5.0,4.0,4.0,3.4900336052622953
3.0,5.0,3.0,5.0,4.0,5.0,3.7202632200849375
3.0,5.0,3.0,5.0,5.0,2.0,3.217691935497648
3.0,5.0,3.0,5.0,5.0,3.0,3.4336355380249044
3.0,5.0,3.0,5.0,5.0,4.0,3.6163684586956824
3.0,5.0,3.0,5.0,5.0,5.0,3.803590966678693
3.0,5.0,4.0,1.0,1.0,1.0,2.225563786112032
3.0,5.0,4.0,1.0,2.0,2.0,2.5663972872230327
3.0,5.0,4.0,1.0,2.0,3.0,2.778313847751299
3.0,5.0,4.0,1.0,3.0,1.0,2.5001063023288417
3.0,5.0,4.0,1.0,3.0,2.0,2.7058873359715894
3.0,5.0,4.0,1.0,3.0,4.0,3.113089586424592
3.0,5.0,4.0,1.0,4.0,1.0,2.6452112249708564
3.0,5.0,4.0,1.0,4.0,4.0,3.2468867111377695
3.0,5.0,4.0,1.0,5.0,3.0,3.188650440730196
3.0,5.0,4.0,1.0,5.0,5.0,3.5970135385265425
3.0,5.0,4.0,2.0,1.0,2.0,2.5555893352262236
3.0,5.0,4.0,2.0,1.0,3.0,2.7566657744571414
3.0,5.0,4.0,2.0,1.0,4.0,2.961493658807166
3.0,5.0,4.0,2.0,2.0,1.0,2.4931725156581357
3.0,5.0,4.0,2.0,2.0,2.0,2.697407831309338
3.0,5.0,4.0,2.0,2.0,3.0,2.886483142529744
3.0,5.0,4.0,2.0,3.0,2.0,2.820849754914975
3.0,5.0,4.0,2.0,3.0,3.0,3.0435375817071972
3.0,5.0,4.0,2.0,3.0,4.0,3.2351151937702194
3.0,5.0,4.0,2.0,3.0,5.0,3.4361913686526284
3.0,5.0,4.0,2.0,4.0,1.0,2.759881444248143
3.0,5.0,4.0,2.0,4.0,2.0,2.969698026035147
3.0,5.0,4.0,2.0,4.0,3.0,3.1586374379359836
3.0,5.0,4.0,2.0,4.0,4.0,3.386221310077029
3.0,5.0,4.0,2.0,4.0,5.0,3.5846329453552235
3.0,5.0,4.0,2.0,5.0,1.0,2.897152663574638
3.0,5.0,4.0,2.0,5.0,2.0,3.102531712274866
3.0,5.0,4.0,2.0,5.0,3.0,3.3063147001308306
3.0,5.0,4.0,2.0,5.0,4.0,3.516390197175906
3.0,5.0,4.0,2.0,5.0,5.0,3.718564945557864
3.0,5.0,4.0,3.0,1.0,1.0,2.4804406188744976
3.0,5.0,4.0,3.0,1.0,2.0,2.6776151072840553
3.0,5.0,4.0,3.0,1.0,3.0,2.8800953143893326
3.0,5.0,4.0,3.0,1.0,4.0,3.079457822622412
3.0,5.0,4.0,3.0,2.0,1.0,2.6156763816184974
3.0,5.0,4.0,3.0,2.0,2.0,2.8097068897088247
3.0,5.0,4.0,3.0,2.0,3.0,3.0184648360143616
3.0,5.0,4.0,3.0,2.0,4.0,3.221269006488777
3.0,5.0,4.0,3.0,3.0,1.0,2.752947906420162
3.0,5.0,4.0,3.0,3.0,2.0,2.9635046354044374
3.0,5.0,4.0,3.0,3.0,3.0,3.197896162197026
3.0,5.0,4.0,3.0,3.0,4.0,3.394457997574042
3.0,5.0,4.0,3.0,3.0,5.0,3.561638401686885
3.0,5.0,4.0,3.0,4.0,2.0,3.0920831078948146
3.0,5.0,4.0,3.0,4.0,3.0,3.3233605127727373
3.0,5.0,4.0,3.0,4.0,4.0,3.54504227141794
3.0,5.0,4.0,3.0,4.0,5.0,3.707507282034681
3.0,5.0,4.0,3.0,5.0,2.0,3.2206555010785127
3.0,5.0,4.0,3.0,5.0,3.0,3.4354523833322688
3.0,5.0,4.0,3.0,5.0,4.0,3.6376267245165934
3.0,5.0,4.0,3.0,5.0,5.0,3.8443511076166796
3.0,5.0,4.0,4.0,1.0,2.0,2.7996408184148036
3.0,5.0,4.0,4.0,1.0,3.0,3.0084880813792223
3.0,5.0,4.0,4.0,1.0,4.0,3.2179030344420956
3.0,5.0,4.0,4.0,1.0,5.0,3.40836534399954
3.0,5.0,4.0,4.0,2.0,2.0,2.9327367474246566
3.0,5.0,4.0,4.0,2.0,3.0,3.140859596462678
3.0,5.0,4.0,4.0,2.0,4.0,3.3582697341743395
3.0,5.0,4.0,4.0,2.0,5.0,3.5491686237407936
3.0,5.0,4.0,4.0,3.0,2.0,3.0773155799186998
3.0,5.0,4.0,4.0,3.0,3.0,3.339156845211903
3.0,5.0,4.0,4.0,3.0,4.0,3.5085221654145866
3.0,5.0,4.0,4.0,3.0,5.0,3.6865908437861012
3.0,5.0,4.0,4.0,4.0,2.0,3.2129185140219763
3.0,5.0,4.0,4.0,4.0,3.0,3.4433862672518507
3.0,5.0,4.0,4.0,4.0,4.0,3.7330916071499627
3.0,5.0,4.0,4.0,4.0,5.0,3.844775937877103
3.0,5.0,4.0,4.0,5.0,2.0,3.3518581283279167
3.0,5.0,4.0,4.0,5.0,3.0,3.5598461135374677
3.0,5.0,4.0,4.0,5.0,4.0,3.790659860380954
3.0,5.0,4.0,4.0,5.0,5.0,3.9704843317021363
3.0,5.0,4.0,5.0,1.0,3.0,3.122743023072269
3.0,5.0,4.0,5.0,1.0,4.0,3.3316230836606917
3.0,5.0,4.0,5.0,1.0,5.0,3.526952413474281
3.0,5.0,4.0,5.0,2.0,2.0,3.062304177198302
3.0,5.0,4.0,5.0,2.0,3.0,3.2662434585620774
3.0,5.0,4.0,5.0,2.0,4.0,3.468603737020957
3.0,5.0,4.0,5.0,2.0,5.0,3.668123011069714
3.0,5.0,4.0,5.0,3.0,2.0,3.199819440895231
3.0,5.0,4.0,5.0,3.0,3.0,3.402354945662664
3.0,5.0,4.0,5.0,3.0,4.0,3.6210733514192404
3.0,5.0,4.0,5.0,3.0,5.0,3.7919945579235623
3.0,5.0,4.0,5.0,4.0,2.0,3.34357901253
3.0,5.0,4.0,5.0,4.0,3.0,3.549015678498468
3.0,5.0,4.0,5.0,4.0,4.0,3.7713798080883825
3.0,5.0,4.0,5.0,4.0,5.0,3.9580886393217276
3.0,5.0,4.0,5.0,5.0,1.0,3.280329622268203
3.0,5.0,4.0,5.0,5.0,3.0,3.678466457045546
3.0,5.0,4.0,5.0,5.0,4.0,3.8775280388718087
3.0,5.0,4.0,5.0,5.0,5.0,4.0553197203349685
3.0,5.0,5.0,1.0,1.0,1.0,2.4708487999963284
3.0,5.0,5.0,1.0,2.0,1.0,2.6177982174157184
3.0,5.0,5.0,1.0,2.0,2.0,2.8157456961052514
3.0,5.0,5.0,1.0,3.0,2.0,2.9647677035553044
3.0,5.0,5.0,1.0,4.0,2.0,3.0942048578785952
3.0,5.0,5.0,1.0,4.0,3.0,3.303903289106684
3.0,5.0,5.0,1.0,5.0,3.0,3.4372574624136365
3.0,5.0,5.0,1.0,5.0,5.0,3.8370691728505895
3.0,5.0,5.0,2.0,2.0,2.0,2.9460833543622336
3.0,5.0,5.0,2.0,2.0,3.0,3.1479474774278136
3.0,5.0,5.0,2.0,3.0,2.0,3.0791275748638633
3.0,5.0,5.0,2.0,3.0,3.0,3.284105994568142
3.0,5.0,5.0,2.0,3.0,4.0,3.485182389221574
3.0,5.0,5.0,2.0,4.0,3.0,3.4185732713369164
3.0,5.0,5.0,2.0,4.0,4.0,3.6243543137375105
3.0,5.0,5.0,2.0,4.0,5.0,3.8307983068945672
3.0,5.0,5.0,2.0,5.0,3.0,3.563678297699297
3.0,5.0,5.0,2.0,5.0,4.0,3.7546782787309265
3.0,5.0,5.0,3.0,1.0,2.0,2.9273989542905627
3.0,5.0,5.0,3.0,1.0,3.0,3.1272688518178264
3.0,5.0,5.0,3.0,2.0,2.0,3.068319712094325
3.0,5.0,5.0,3.0,2.0,3.0,3.270136043376181
3.0,5.0,5.0,3.0,2.0,5.0,3.6820105860719803
3.0,5.0,5.0,3.0,3.0,2.0,3.201153394784904
3.0,5.0,5.0,3.0,3.0,3.0,3.4013529240751494
3.0,5.0,5.0,3.0,3.0,4.0,3.6147250748813238
3.0,5.0,5.0,3.0,3.0,5.0,3.8043828097230636
3.0,5.0,5.0,3.0,4.0,2.0,3.3443492370654657
3.0,5.0,5.0,3.0,4.0,3.0,3.537501562954742
3.0,5.0,5.0,3.0,4.0,4.0,3.7479416392046474
3.0,5.0,5.0,3.0,4.0,5.0,3.949706965229347
3.0,5.0,5.0,3.0,5.0,2.0,3.4746245590724842
3.0,5.0,5.0,3.0,5.0,3.0,3.673000115346342
3.0,5.0,5.0,3.0,5.0,4.0,3.8838514368754242
3.0,5.0,5.0,3.0,5.0,5.0,4.094060194641305
3.0,5.0,5.0,4.0,1.0,2.0,3.053819582690465
3.0,5.0,5.0,4.0,2.0,2.0,3.1910910469178937
3.0,5.0,5.0,4.0,2.0,3.0,3.4007747603901657
3.0,5.0,5.0,4.0,3.0,2.0,3.3322791293663143
3.0,5.0,5.0,4.0,3.0,3.0,3.5245742635832773
3.0,5.0,5.0,4.0,3.0,4.0,3.7433579108355177
3.0,5.0,5.0,4.0,3.0,5.0,3.950591705873571
3.0,5.0,5.0,4.0,4.0,3.0,3.672239188606429
3.0,5.0,5.0,4.0,4.0,4.0,3.864651778811409
3.0,5.0,5.0,4.0,4.0,5.0,4.086901610142286
3.0,5.0,5.0,4.0,5.0,2.0,3.6005520623333527
3.0,5.0,5.0,4.0,5.0,3.0,3.7993174946643626
3.0,5.0,5.0,4.0,5.0,4.0,4.009119956856458
3.0,5.0,5.0,4.0,5.0,5.0,4.212896372982454
3.0,5.0,5.0,5.0,1.0,2.0,3.1724066302253515
3.0,5.0,5.0,5.0,1.0,3.0,3.3728100276606696
3.0,5.0,5.0,5.0,1.0,4.0,3.581057700117371
3.0,5.0,5.0,5.0,1.0,5.0,3.776297809006552
3.0,5.0,5.0,5.0,2.0,3.0,3.5115421869187875
3.0,5.0,5.0,5.0,2.0,4.0,3.720606193128751
3.0,5.0,5.0,5.0,2.0,5.0,3.909905035911686
3.0,5.0,5.0,5.0,3.0,2.0,3.4508660978207573
3.0,5.0,5.0,5.0,3.0,3.0,3.6447876072049117
3.0,5.0,5.0,5.0,3.0,4.0,3.8416331037687663
3.0,5.0,5.0,5.0,3.0,5.0,4.05897782089883
3.0,5.0,5.0,5.0,4.0,2.0,3.5819402643073306
3.0,5.0,5.0,5.0,4.0,3.0,3.8001839340366432
3.0,5.0,5.0,5.0,4.0,4.0,4.006605277202217
3.0,5.0,5.0,5.0,4.0,5.0,4.202774629267787
3.0,5.0,5.0,5.0,5.0,2.0,3.7293268186415616
3.0,5.0,5.0,5.0,5.0,3.0,3.9202058081629403
3.0,5.0,5.0,5.0,5.0,4.0,4.13079035761645
3.0,5.0,5.0,5.0,5.0,5.0,4.308625956226171
4.0,1.0,1.0,1.0,1.0,1.0,1.5203870695608162
4.0,1.0,1.0,1.0,2.0,1.0,1.6818082412436117
4.0,1.0,1.0,1.0,2.0,2.0,1.8824259077208174
4.0,1.0,1.0,1.0,3.0,2.0,2.023614107682499
4.0,1.0,1.0,2.0,1.0,1.0,1.6631964487870565
4.0,1.0,1.0,2.0,1.0,2.0,1.8642727081601593
4.0,1.0,1.0,2.0,2.0,2.0,1.9971171801656928
4.0,1.0,1.0,2.0,3.0,1.0,1.9403365021680796
4.0,1.0,1.0,2.0,3.0,2.0,2.1500347774617996
4.0,1.0,1.0,3.0,1.0,2.0,1.9901623489777707
4.0,1.0,1.0,3.0,2.0,1.0,1.9294854748857642
4.0,1.0,1.0,3.0,3.0,2.0,2.2686210666840814
4.0,1.0,1.0,3.0,3.0,3.0,2.4704856928625105
4.0,1.0,1.0,3.0,4.0,2.0,2.4019760768941163
4.0,1.0,1.0,3.0,5.0,3.0,2.746023153818117
4.0,1.0,1.0,4.0,1.0,1.0,1.9111494491542544
4.0,1.0,1.0,4.0,1.0,2.0,2.116582121498918
4.0,1.0,1.0,4.0,1.0,3.0,2.307004212312105
4.0,1.0,1.0,4.0,3.0,3.0,2.5929896894463207
4.0,1.0,1.0,4.0,3.0,4.0,2.7948543293738686
4.0,1.0,1.0,4.0,4.0,4.0,2.924585567793817
4.0,1.0,1.0,5.0,2.0,5.0,2.978034102355022
4.0,1.0,1.0,5.0,5.0,5.0,3.3898468859026325
4.0,1.0,2.0,1.0,1.0,1.0,1.7967262275753522
4.0,1.0,2.0,1.0,1.0,3.0,2.198065461614686
4.0,1.0,2.0,1.0,2.0,1.0,1.9394423165879764
4.0,1.0,2.0,1.0,3.0,2.0,2.2746608158514294
4.0,1.0,2.0,2.0,1.0,3.0,2.320569125808968
4.0,1.0,2.0,2.0,2.0,2.0,2.2598932795166444
4.0,1.0,2.0,3.0,2.0,1.0,2.1844492735464263
4.0,1.0,2.0,3.0,2.0,2.0,2.3871981305193835
4.0,1.0,2.0,3.0,2.0,3.0,2.584261317387351
4.0,1.0,2.0,3.0,3.0,2.0,2.517640471894039
4.0,1.0,2.0,3.0,3.0,3.0,2.721532543965657
4.0,1.0,2.0,3.0,4.0,3.0,2.86272070939739
4.0,1.0,2.0,3.0,5.0,4.0,3.201855639778683
4.0,1.0,2.0,4.0,1.0,3.0,2.5711733883282957
4.0,1.0,2.0,4.0,1.0,4.0,2.757587623939113
4.0,1.0,2.0,4.0,2.0,2.0,2.5049010147610278
4.0,1.0,2.0,4.0,2.0,3.0,2.704006969142563
4.0,1.0,2.0,4.0,2.0,5.0,3.114410780256925
4.0,1.0,2.0,4.0,3.0,1.0,2.436391761916888
4.0,1.0,2.0,4.0,3.0,3.0,2.84258504571207
4.0,1.0,2.0,4.0,4.0,4.0,3.1870884356473286
4.0,1.0,2.0,4.0,5.0,3.0,3.122495609578695
4.0,1.0,2.0,5.0,1.0,2.0,2.4901342937142923
4.0,1.0,2.0,5.0,3.0,3.0,2.9704566756353272
4.0,1.0,2.0,5.0,3.0,5.0,3.3663511464754494
4.0,1.0,2.0,5.0,4.0,4.0,3.30567540134669
4.0,1.0,3.0,1.0,1.0,1.0,2.0411442030496185
4.0,1.0,3.0,1.0,2.0,1.0,2.1865714976227095
4.0,1.0,3.0,1.0,3.0,3.0,2.7314885375770537
4.0,1.0,3.0,1.0,4.0,1.0,2.461114747537915
4.0,1.0,3.0,2.0,1.0,1.0,2.171804039367444
4.0,1.0,3.0,2.0,1.0,2.0,2.373668656927855
4.0,1.0,3.0,2.0,1.0,3.0,2.57161585588018
4.0,1.0,3.0,2.0,2.0,2.0,2.5089464413480806
4.0,1.0,3.0,2.0,2.0,3.0,2.712804344233376
4.0,1.0,3.0,2.0,3.0,3.0,2.8434668942963075
4.0,1.0,3.0,2.0,4.0,2.0,2.7854822019952294
4.0,1.0,3.0,3.0,1.0,2.0,2.4961725498261034
4.0,1.0,3.0,3.0,1.0,4.0,2.903817960963674
4.0,1.0,3.0,3.0,2.0,2.0,2.63629314984236
4.0,1.0,3.0,3.0,2.0,3.0,2.8365879591294796
4.0,1.0,3.0,3.0,3.0,3.0,2.9807158843119237
4.0,1.0,3.0,3.0,3.0,4.0,3.1744434393771783
4.0,1.0,3.0,3.0,4.0,3.0,3.11768436523473
4.0,1.0,3.0,3.0,5.0,2.0,3.04917462108528
4.0,1.0,3.0,4.0,1.0,1.0,2.426891641441865
4.0,1.0,3.0,4.0,1.0,2.0,2.6147596347341437
4.0,1.0,3.0,4.0,1.0,3.0,2.825822163919533
4.0,1.0,3.0,4.0,1.0,4.0,3.026218619275303
4.0,1.0,3.0,4.0,2.0,2.0,2.7568996353826187
4.0,1.0,3.0,4.0,2.0,3.0,2.9620261950764704
4.0,1.0,3.0,4.0,2.0,4.0,3.1596760203869834
4.0,1.0,3.0,4.0,3.0,2.0,2.893219044649751
4.0,1.0,3.0,4.0,3.0,3.0,3.0932557864552024
4.0,1.0,3.0,4.0,3.0,4.0,3.3008638897384097
4.0,1.0,3.0,4.0,4.0,3.0,3.2362711650725373
4.0,1.0,3.0,4.0,4.0,4.0,3.4403274328036186
4.0,1.0,3.0,4.0,5.0,3.0,3.373542442122122
4.0,1.0,3.0,5.0,1.0,2.0,2.7450970683446223
4.0,1.0,3.0,5.0,1.0,3.0,2.946961145894926
4.0,1.0,3.0,5.0,2.0,3.0,3.0803155963931177
4.0,1.0,3.0,5.0,2.0,5.0,3.4879600547074556
4.0,1.0,3.0,5.0,3.0,1.0,2.8177755409386256
4.0,1.0,3.0,5.0,3.0,3.0,3.2175869026534927
4.0,1.0,3.0,5.0,3.0,5.0,3.625231960300633
4.0,1.0,3.0,5.0,4.0,4.0,3.562353162004866
4.0,1.0,3.0,5.0,4.0,5.0,3.766419963567646
4.0,1.0,3.0,5.0,5.0,2.0,3.2941819239711183
4.0,1.0,3.0,5.0,5.0,4.0,3.695186839119087
4.0,1.0,4.0,1.0,1.0,3.0,2.700158899390125
4.0,1.0,4.0,1.0,2.0,2.0,2.6434001040962403
4.0,1.0,4.0,2.0,1.0,3.0,2.826579748556968
4.0,1.0,4.0,2.0,4.0,3.0,3.2344786849439795
4.0,1.0,4.0,3.0,2.0,3.0,3.0902713445535968
4.0,1.0,4.0,3.0,3.0,2.0,3.021676557627296
4.0,1.0,4.0,3.0,3.0,3.0,3.2275429533063247
4.0,1.0,4.0,3.0,3.0,4.0,3.4299558530767906
4.0,1.0,4.0,4.0,1.0,1.0,2.6678585027740813
4.0,1.0,4.0,4.0,1.0,4.0,3.277368199322964
4.0,1.0,4.0,4.0,2.0,3.0,3.208858595967133
4.0,1.0,4.0,4.0,2.0,4.0,3.4130215198730816
4.0,1.0,4.0,4.0,3.0,4.0,3.5558275949295095
4.0,1.0,4.0,4.0,4.0,3.0,3.4854159622549283
4.0,1.0,4.0,4.0,4.0,4.0,3.691597908277183
4.0,1.0,4.0,5.0,2.0,4.0,3.537142996332019
4.0,1.0,4.0,5.0,3.0,4.0,3.6783315217902897
4.0,1.0,4.0,5.0,4.0,3.0,3.605904704418552
4.0,1.0,4.0,5.0,4.0,4.0,3.816322183954128
4.0,1.0,4.0,5.0,4.0,5.0,4.017466937278049
4.0,1.0,4.0,5.0,5.0,4.0,3.9528740750857243
4.0,1.0,4.0,5.0,5.0,5.0,4.1574218352367325
4.0,1.0,5.0,3.0,3.0,1.0,3.070949322916675
4.0,1.0,5.0,3.0,4.0,4.0,3.8216399639262173
4.0,1.0,5.0,4.0,1.0,3.0,3.3265508941324198
4.0,1.0,5.0,4.0,2.0,3.0,3.4638220860014792
4.0,1.0,5.0,4.0,4.0,4.0,3.9402286211876993
4.0,1.0,5.0,5.0,3.0,3.0,3.723596224403797
4.0,1.0,5.0,5.0,5.0,5.0,4.4057850778878285
4.0,2.0,1.0,1.0,1.0,1.0,1.600977542570559
4.0,2.0,1.0,1.0,1.0,3.0,2.015684681451312
4.0,2.0,1.0,1.0,2.0,2.0,1.9510926402134148
4.0,2.0,1.0,1.0,3.0,1.0,1.8825828716955293
4.0,2.0,1.0,1.0,3.0,2.0,2.0883638804053692
4.0,2.0,1.0,2.0,1.0,1.0,1.7305442281748604
4.0,2.0,1.0,2.0,1.0,2.0,1.9365737714353222
4.0,2.0,1.0,2.0,2.0,1.0,1.8678154814746852
4.0,2.0,1.0,2.0,2.0,2.0,2.065505504025515
4.0,2.0,1.0,2.0,3.0,2.0,2.210867745373758
4.0,2.0,1.0,2.0,3.0,3.0,2.4127319763400963
4.0,2.0,1.0,3.0,1.0,1.0,1.8530480715929
4.0,2.0,1.0,3.0,1.0,2.0,2.0588288861840804
4.0,2.0,1.0,3.0,2.0,1.0,1.994236035010711
4.0,2.0,1.0,3.0,2.0,2.0,2.1961003672384933
4.0,2.0,1.0,3.0,3.0,1.0,2.127590581825232
4.0,2.0,1.0,3.0,3.0,2.0,2.3294547084450667
4.0,2.0,1.0,3.0,3.0,3.0,2.538848413419142
4.0,2.0,1.0,3.0,4.0,2.0,2.4706428570758283
4.0,2.0,1.0,4.0,1.0,2.0,2.181332821756758
4.0,2.0,1.0,4.0,3.0,3.0,2.65517276110482
4.0,2.0,1.0,4.0,4.0,1.0,2.391283462938964
4.0,2.0,1.0,4.0,4.0,3.0,2.788006109730198
4.0,2.0,1.0,4.0,4.0,4.0,3.000791635324188
4.0,2.0,1.0,5.0,1.0,3.0,2.5057011869071193
4.0,2.0,1.0,5.0,3.0,5.0,3.1878879414388948
4.0,2.0,1.0,5.0,4.0,4.0,3.123295174273481
4.0,2.0,1.0,5.0,5.0,5.0,3.4585141365733203
4.0,2.0,2.0,1.0,1.0,1.0,1.863004033101086
4.0,2.0,2.0,1.0,1.0,2.0,2.0648681892516945
4.0,2.0,2.0,1.0,1.0,4.0,2.468596685632351
4.0,2.0,2.0,1.0,2.0,1.0,1.9925287390262598
4.0,2.0,2.0,1.0,2.0,2.0,2.1974488691622125
4.0,2.0,2.0,1.0,3.0,1.0,2.133629654538312
4.0,2.0,2.0,1.0,3.0,2.0,2.3394106887129036
4.0,2.0,2.0,1.0,3.0,3.0,2.541274825018136
4.0,2.0,2.0,2.0,1.0,2.0,2.1873719871306867
4.0,2.0,2.0,2.0,2.0,1.0,2.1218247050216346
4.0,2.0,2.0,2.0,2.0,2.0,2.3260064732839894
4.0,2.0,2.0,2.0,2.0,3.0,2.5260983888263047
4.0,2.0,2.0,2.0,3.0,1.0,2.2590356480121354
4.0,2.0,2.0,2.0,3.0,2.0,2.474072943455711
4.0,2.0,2.0,2.0,3.0,3.0,2.667695430438033
4.0,2.0,2.0,3.0,1.0,2.0,2.31256854876435
4.0,2.0,2.0,3.0,1.0,3.0,2.5156567591514296
4.0,2.0,2.0,3.0,2.0,2.0,2.445402151003577
4.0,2.0,2.0,3.0,2.0,3.0,2.6529279259623673
4.0,2.0,2.0,3.0,3.0,2.0,2.5872189376446126
4.0,2.0,2.0,3.0,3.0,3.0,2.787599596553737
4.0,2.0,2.0,3.0,4.0,2.0,2.7227753588679517
4.0,2.0,2.0,3.0,4.0,3.0,2.9238516156771763
4.0,2.0,2.0,3.0,4.0,4.0,3.128829998527552
4.0,2.0,2.0,3.0,4.0,5.0,3.3311988322369666
4.0,2.0,2.0,3.0,5.0,3.0,3.060824936655376
4.0,2.0,2.0,4.0,1.0,1.0,2.237419580963551
4.0,2.0,2.0,4.0,1.0,2.0,2.4306923306117807
4.0,2.0,2.0,4.0,1.0,3.0,2.6293130210557827
4.0,2.0,2.0,4.0,1.0,4.0,2.836107752447726
4.0,2.0,2.0,4.0,2.0,1.0,2.3702539255119954
4.0,2.0,2.0,4.0,2.0,2.0,2.565222199022706
4.0,2.0,2.0,4.0,2.0,3.0,2.773290794801352
4.0,2.0,2.0,4.0,3.0,2.0,2.713086906642911
4.0,2.0,2.0,4.0,3.0,3.0,2.9140498187813004
4.0,2.0,2.0,4.0,3.0,4.0,3.1145669963170817
4.0,2.0,2.0,4.0,4.0,3.0,3.0490140067500375
4.0,2.0,2.0,4.0,4.0,4.0,3.248912927730563
4.0,2.0,2.0,4.0,4.0,5.0,3.4537023452550857
4.0,2.0,2.0,4.0,5.0,4.0,3.3891097419197136
4.0,2.0,2.0,4.0,5.0,5.0,3.5870570953864642
4.0,2.0,2.0,5.0,1.0,1.0,2.347739898590831
4.0,2.0,2.0,5.0,1.0,4.0,2.9586111809658795
4.0,2.0,2.0,5.0,2.0,3.0,2.8983337671585767
4.0,2.0,2.0,5.0,2.0,5.0,3.3016630418226334
4.0,2.0,2.0,5.0,3.0,3.0,3.0349329886916148
4.0,2.0,2.0,5.0,3.0,5.0,3.4389352154501287
4.0,2.0,2.0,5.0,4.0,4.0,3.372881362747
4.0,2.0,2.0,5.0,4.0,5.0,3.57228947216467
4.0,2.0,2.0,5.0,5.0,3.0,3.309749323512407
4.0,2.0,3.0,1.0,2.0,1.0,2.251322121109264
4.0,2.0,3.0,1.0,3.0,2.0,2.590457320274178
4.0,2.0,3.0,1.0,3.0,3.0,2.796238380390005
4.0,2.0,3.0,1.0,5.0,3.0,3.066863859064353
4.0,2.0,3.0,2.0,1.0,2.0,2.43670798650277
4.0,2.0,3.0,2.0,1.0,3.0,2.6402828867692607
4.0,2.0,3.0,2.0,2.0,2.0,2.5789883718757407
4.0,2.0,3.0,2.0,2.0,3.0,2.7814708874019582
4.0,2.0,3.0,2.0,3.0,1.0,2.511097220538545
4.0,2.0,3.0,2.0,3.0,2.0,2.717389528709628
4.0,2.0,3.0,2.0,3.0,3.0,2.9122822658373626
4.0,2.0,3.0,2.0,3.0,4.0,3.116690074035235
4.0,2.0,3.0,2.0,4.0,3.0,3.059930365028311
4.0,2.0,3.0,2.0,4.0,4.0,3.257877573059898
4.0,2.0,3.0,3.0,1.0,3.0,2.769413771658411
4.0,2.0,3.0,3.0,1.0,4.0,2.968567493651069
4.0,2.0,3.0,3.0,2.0,1.0,2.5002465742622664
4.0,2.0,3.0,3.0,2.0,2.0,2.6966528061453254
4.0,2.0,3.0,3.0,2.0,3.0,2.9065380870004294
4.0,2.0,3.0,3.0,2.0,4.0,3.10583893064839
4.0,2.0,3.0,3.0,3.0,2.0,2.838625555657998
4.0,2.0,3.0,3.0,3.0,3.0,3.0423433203631727
4.0,2.0,3.0,3.0,3.0,4.0,3.2421614674893022
4.0,2.0,3.0,3.0,4.0,3.0,3.1768908928781614
4.0,2.0,3.0,3.0,4.0,4.0,3.3749948833756616
4.0,2.0,3.0,3.0,4.0,5.0,3.582245551504704
4.0,2.0,3.0,3.0,5.0,2.0,3.113924481216353
4.0,2.0,3.0,3.0,5.0,3.0,3.315788581302595
4.0,2.0,3.0,4.0,1.0,2.0,2.6844531931488347
4.0,2.0,3.0,4.0,1.0,3.0,2.881835747745891
4.0,2.0,3.0,4.0,1.0,4.0,3.094988356107046
4.0,2.0,3.0,4.0,2.0,2.0,2.822091032186041
4.0,2.0,3.0,4.0,2.0,3.0,3.0178061908159357
4.0,2.0,3.0,4.0,2.0,4.0,3.2256902840282793
4.0,2.0,3.0,4.0,3.0,2.0,2.954408229778138
4.0,2.0,3.0,4.0,3.0,3.0,3.154081406210356
4.0,2.0,3.0,4.0,3.0,4.0,3.3720820385408277
4.0,2.0,3.0,4.0,3.0,5.0,3.5691654566103
4.0,2.0,3.0,4.0,4.0,2.0,3.098385802205008
4.0,2.0,3.0,4.0,4.0,3.0,3.295828298360787
4.0,2.0,3.0,4.0,4.0,4.0,3.4795780958835323
4.0,2.0,3.0,4.0,4.0,5.0,3.7125829815984615
4.0,2.0,3.0,4.0,5.0,2.0,3.23642829803922
4.0,2.0,3.0,4.0,5.0,3.0,3.433200873321059
4.0,2.0,3.0,4.0,5.0,4.0,3.6376583845633697
4.0,2.0,3.0,5.0,1.0,3.0,3.0117110152607895
4.0,2.0,3.0,5.0,1.0,4.0,3.2166436512339596
4.0,2.0,3.0,5.0,2.0,3.0,3.1489824213870943
4.0,2.0,3.0,5.0,2.0,4.0,3.348118845037072
4.0,2.0,3.0,5.0,3.0,2.0,3.080472524345891
4.0,2.0,3.0,5.0,3.0,3.0,3.2873342481580896
4.0,2.0,3.0,5.0,3.0,4.0,3.492096639824901
4.0,2.0,3.0,5.0,3.0,5.0,3.689981765943189
4.0,2.0,3.0,5.0,4.0,3.0,3.423524899030096
4.0,2.0,3.0,5.0,4.0,4.0,3.6219960199863825
4.0,2.0,3.0,5.0,4.0,5.0,3.8260605553273734
4.0,2.0,3.0,5.0,5.0,2.0,3.362849111175162
4.0,2.0,3.0,5.0,5.0,3.0,3.554705782591411
4.0,2.0,3.0,5.0,5.0,4.0,3.757672671718289
4.0,2.0,3.0,5.0,5.0,5.0,3.9686863833832544
4.0,2.0,4.0,1.0,1.0,1.0,2.3650975060523662
4.0,2.0,4.0,1.0,2.0,2.0,2.7042326385345636
4.0,2.0,4.0,1.0,3.0,3.0,3.047285005571433
4.0,2.0,4.0,1.0,4.0,2.0,2.9787774958049043
4.0,2.0,4.0,2.0,1.0,3.0,2.887851471171414
4.0,2.0,4.0,2.0,2.0,2.0,2.82673682123889
4.0,2.0,4.0,2.0,4.0,3.0,3.303143039647475
4.0,2.0,4.0,3.0,1.0,4.0,3.215697556992275
4.0,2.0,4.0,3.0,2.0,3.0,3.1583185624064187
4.0,2.0,4.0,3.0,2.0,4.0,3.3608024626525177
4.0,2.0,4.0,3.0,3.0,1.0,2.8885641196955127
4.0,2.0,4.0,3.0,3.0,2.0,3.086173845128156
4.0,2.0,4.0,3.0,3.0,3.0,3.2844915882272736
4.0,2.0,4.0,3.0,3.0,4.0,3.5039342702473597
4.0,2.0,4.0,3.0,4.0,3.0,3.429537386108175
4.0,2.0,4.0,3.0,4.0,4.0,3.6371141994305956
4.0,2.0,4.0,3.0,5.0,1.0,3.167026914101178
4.0,2.0,4.0,3.0,5.0,4.0,3.7726160441474628
4.0,2.0,4.0,4.0,1.0,3.0,3.135804883145237
4.0,2.0,4.0,4.0,1.0,4.0,3.338201112870976
4.0,2.0,4.0,4.0,2.0,4.0,3.4814206095568063
4.0,2.0,4.0,4.0,3.0,2.0,3.2121015501990717
4.0,2.0,4.0,4.0,3.0,3.0,3.410468463235976
4.0,2.0,4.0,4.0,3.0,4.0,3.62689161345627
4.0,2.0,4.0,4.0,3.0,5.0,3.819232325685772
4.0,2.0,4.0,4.0,4.0,3.0,3.5425646633211425
4.0,2.0,4.0,4.0,4.0,4.0,3.7554222368165684
4.0,2.0,4.0,4.0,4.0,5.0,3.959870151568276
4.0,2.0,4.0,4.0,5.0,3.0,3.6866489378735454
4.0,2.0,4.0,4.0,5.0,4.0,3.8959353798256564
4.0,2.0,4.0,4.0,5.0,5.0,4.096984142239954
4.0,2.0,4.0,5.0,2.0,3.0,3.396112267598169
4.0,2.0,4.0,5.0,2.0,4.0,3.605810131196263
4.0,2.0,4.0,5.0,2.0,5.0,3.8045224130543214
4.0,2.0,4.0,5.0,3.0,4.0,3.745078566602772
4.0,2.0,4.0,5.0,3.0,5.0,3.944945547231562
4.0,2.0,4.0,5.0,4.0,3.0,3.6848746730602553
4.0,2.0,4.0,5.0,4.0,4.0,3.879272431700952
4.0,2.0,4.0,5.0,4.0,5.0,4.085133399411507
4.0,2.0,4.0,5.0,5.0,4.0,4.0174188511550115
4.0,2.0,4.0,5.0,5.0,5.0,4.226797343865264
4.0,2.0,5.0,3.0,1.0,1.0,2.857791742032017
4.0,2.0,5.0,3.0,3.0,3.0,3.547255959670945
4.0,2.0,5.0,3.0,4.0,3.0,3.680610576305146
4.0,2.0,5.0,3.0,5.0,3.0,3.8178819166885924
4.0,2.0,5.0,3.0,5.0,4.0,4.02366323394995
4.0,2.0,5.0,4.0,1.0,1.0,2.9836569167632074
4.0,2.0,5.0,4.0,3.0,3.0,3.665843141396512
4.0,2.0,5.0,4.0,3.0,4.0,3.87262236410743
4.0,2.0,5.0,4.0,4.0,3.0,3.8070314582254117
4.0,2.0,5.0,4.0,4.0,4.0,4.008724612122654
4.0,2.0,5.0,4.0,4.0,5.0,4.209937218945403
4.0,2.0,5.0,4.0,5.0,3.0,3.9330750385000166
4.0,2.0,5.0,4.0,5.0,4.0,4.141694433728816
4.0,2.0,5.0,4.0,5.0,5.0,4.348030920494803
4.0,2.0,5.0,5.0,2.0,2.0,3.4492115681383377
4.0,2.0,5.0,5.0,2.0,5.0,4.054804019899635
4.0,2.0,5.0,5.0,3.0,4.0,3.9941281776301194
4.0,2.0,5.0,5.0,3.0,5.0,4.195992177825866
4.0,2.0,5.0,5.0,4.0,1.0,3.525808213794903
4.0,2.0,5.0,5.0,4.0,4.0,4.131399336813174
4.0,2.0,5.0,5.0,5.0,4.0,4.273293188446817
4.0,2.0,5.0,5.0,5.0,5.0,4.460922636065575
4.0,3.0,1.0,1.0,1.0,1.0,1.6502509626030009
4.0,3.0,1.0,1.0,1.0,2.0,1.8785712425994578
4.0,3.0,1.0,1.0,2.0,1.0,1.8006521767819297
4.0,3.0,1.0,1.0,3.0,1.0,1.947332937945239
4.0,3.0,1.0,1.0,3.0,2.0,2.1480368632348736
4.0,3.0,1.0,1.0,3.0,3.0,2.3496907635078714
4.0,3.0,1.0,1.0,4.0,3.0,2.492249136889268
4.0,3.0,1.0,2.0,1.0,1.0,1.7907383299509883
4.0,3.0,1.0,2.0,1.0,2.0,2.0010710310635753
4.0,3.0,1.0,2.0,1.0,3.0,2.2060491658523658
4.0,3.0,1.0,2.0,2.0,1.0,1.9325654630313762
4.0,3.0,1.0,2.0,2.0,2.0,2.1323552716520155
4.0,3.0,1.0,2.0,2.0,3.0,2.3402105424951998
4.0,3.0,1.0,2.0,3.0,1.0,2.0734657808315595
4.0,3.0,1.0,2.0,3.0,2.0,2.274542139527769
4.0,3.0,1.0,2.0,3.0,3.0,2.4813986616378965
4.0,3.0,1.0,2.0,3.0,4.0,2.683262853162382
4.0,3.0,1.0,2.0,4.0,3.0,2.6162560617399966
4.0,3.0,1.0,3.0,1.0,1.0,1.908203117332954
4.0,3.0,1.0,3.0,1.0,2.0,2.1191948119784456
4.0,3.0,1.0,3.0,1.0,3.0,2.3255347518493585
4.0,3.0,1.0,3.0,1.0,4.0,2.531223914840786
4.0,3.0,1.0,3.0,2.0,1.0,2.058986093017258
4.0,3.0,1.0,3.0,2.0,2.0,2.2588223200011295
4.0,3.0,1.0,3.0,2.0,3.0,2.4587975852112303
4.0,3.0,1.0,3.0,3.0,1.0,2.187687642546367
4.0,3.0,1.0,3.0,3.0,2.0,2.4012405898105373
4.0,3.0,1.0,3.0,3.0,3.0,2.608503595136897
4.0,3.0,1.0,3.0,3.0,4.0,2.8072766085558816
4.0,3.0,1.0,3.0,4.0,3.0,2.7382817909398867
4.0,3.0,1.0,3.0,4.0,4.0,2.9430378846064227
4.0,3.0,1.0,3.0,5.0,3.0,2.8745280408165845
4.0,3.0,1.0,4.0,1.0,1.0,2.028217429219446
4.0,3.0,1.0,4.0,1.0,2.0,2.2529262327568444
4.0,3.0,1.0,4.0,1.0,3.0,2.442743431923396
4.0,3.0,1.0,4.0,1.0,5.0,2.859508923936862
4.0,3.0,1.0,4.0,2.0,2.0,2.3833540495074534
4.0,3.0,1.0,4.0,2.0,3.0,2.582934455519037
4.0,3.0,1.0,4.0,3.0,1.0,2.3187611838299134
4.0,3.0,1.0,4.0,3.0,2.0,2.5185935624825886
4.0,3.0,1.0,4.0,3.0,3.0,2.7216404884405723
4.0,3.0,1.0,4.0,3.0,4.0,2.924941039049231
4.0,3.0,1.0,4.0,4.0,3.0,2.856963467105889
4.0,3.0,1.0,4.0,4.0,4.0,3.0491023270045416
4.0,3.0,1.0,4.0,5.0,5.0,3.408594096512421
4.0,3.0,1.0,5.0,1.0,3.0,2.570450490169801
4.0,3.0,1.0,5.0,1.0,5.0,2.9780955583289495
4.0,3.0,1.0,5.0,3.0,2.0,2.647045843180483
4.0,3.0,1.0,5.0,3.0,3.0,2.8494994977412773
4.0,3.0,1.0,5.0,5.0,3.0,3.123452551207338
4.0,3.0,1.0,5.0,5.0,5.0,3.527180547959058
4.0,3.0,2.0,1.0,1.0,1.0,1.9154000029170157
4.0,3.0,2.0,1.0,1.0,2.0,2.1252105391807876
4.0,3.0,2.0,1.0,2.0,1.0,2.0560923286871535
4.0,3.0,2.0,1.0,2.0,2.0,2.252173896540079
4.0,3.0,2.0,1.0,2.0,3.0,2.4648367002483664
4.0,3.0,2.0,1.0,3.0,1.0,2.1922030998604884
4.0,3.0,2.0,1.0,3.0,2.0,2.39713190216997
4.0,3.0,2.0,1.0,3.0,3.0,2.5912416762909567
4.0,3.0,2.0,1.0,4.0,2.0,2.5414318104169893
4.0,3.0,2.0,1.0,4.0,3.0,2.7432959288672416
4.0,3.0,2.0,1.0,5.0,1.0,2.472922513603068
4.0,3.0,2.0,2.0,1.0,1.0,2.045980353930256
4.0,3.0,2.0,2.0,1.0,2.0,2.2636603502441726
4.0,3.0,2.0,2.0,1.0,3.0,2.45611641526469
4.0,3.0,2.0,2.0,2.0,1.0,2.190699239568366
4.0,3.0,2.0,2.0,2.0,2.0,2.389360775274518
4.0,3.0,2.0,2.0,2.0,3.0,2.5944346152105995
4.0,3.0,2.0,2.0,3.0,1.0,2.317155609134881
4.0,3.0,2.0,2.0,3.0,2.0,2.515701022634178
4.0,3.0,2.0,2.0,3.0,3.0,2.7349925067926306
4.0,3.0,2.0,2.0,4.0,2.0,2.6626610290875585
4.0,3.0,2.0,2.0,4.0,3.0,2.8702251203187603
4.0,3.0,2.0,2.0,4.0,4.0,3.07158082698924
4.0,3.0,2.0,3.0,1.0,1.0,2.173953287480567
4.0,3.0,2.0,3.0,1.0,2.0,2.3822339564789483
4.0,3.0,2.0,3.0,1.0,3.0,2.576941479562728
4.0,3.0,2.0,3.0,1.0,4.0,2.782270746014407
4.0,3.0,2.0,3.0,2.0,1.0,2.314175257809421
4.0,3.0,2.0,3.0,2.0,2.0,2.4964227419215814
4.0,3.0,2.0,3.0,2.0,3.0,2.7158982375614658
4.0,3.0,2.0,3.0,2.0,4.0,2.920167650384326
4.0,3.0,2.0,3.0,3.0,1.0,2.4459799893315695
4.0,3.0,2.0,3.0,3.0,2.0,2.641213760495863
4.0,3.0,2.0,3.0,3.0,3.0,2.8566988985707957
4.0,3.0,2.0,3.0,3.0,4.0,3.056591607998591
4.0,3.0,2.0,3.0,4.0,2.0,2.7842123555241285
4.0,3.0,2.0,3.0,4.0,3.0,2.9850301906697725
4.0,3.0,2.0,3.0,4.0,4.0,3.1949471315851263
4.0,3.0,2.0,3.0,5.0,2.0,2.9315443077373553
4.0,3.0,2.0,3.0,5.0,3.0,3.12898639488399
4.0,3.0,2.0,3.0,5.0,4.0,3.331355952110779
4.0,3.0,2.0,4.0,1.0,1.0,2.298015100135963
4.0,3.0,2.0,4.0,1.0,2.0,2.491421158820164
4.0,3.0,2.0,4.0,1.0,3.0,2.7016763112826845
4.0,3.0,2.0,4.0,1.0,4.0,2.89734237208239
4.0,3.0,2.0,4.0,2.0,2.0,2.6452659296695713
4.0,3.0,2.0,4.0,2.0,3.0,2.8368215398040983
4.0,3.0,2.0,4.0,2.0,4.0,3.0410802656702693
4.0,3.0,2.0,4.0,2.0,5.0,3.2439096188440266
4.0,3.0,2.0,4.0,3.0,1.0,2.5653781886907994
4.0,3.0,2.0,4.0,3.0,2.0,2.77308733863999
4.0,3.0,2.0,4.0,3.0,3.0,2.9750030651511867
4.0,3.0,2.0,4.0,3.0,4.0,3.1712651194168417
4.0,3.0,2.0,4.0,4.0,2.0,2.910691570315835
4.0,3.0,2.0,4.0,4.0,3.0,3.110398510860639
4.0,3.0,2.0,4.0,4.0,4.0,3.306186801847895
4.0,3.0,2.0,4.0,5.0,2.0,3.0501315011971255
4.0,3.0,2.0,4.0,5.0,3.0,3.251012059055974
4.0,3.0,2.0,4.0,5.0,4.0,3.457776489791961
4.0,3.0,2.0,4.0,5.0,5.0,3.6609687067120618
4.0,3.0,2.0,5.0,1.0,3.0,2.82149724988059
4.0,3.0,2.0,5.0,1.0,4.0,3.027171928374419
4.0,3.0,2.0,5.0,1.0,5.0,3.220444383663643
4.0,3.0,2.0,5.0,2.0,1.0,2.555040516807693
4.0,3.0,2.0,5.0,2.0,2.0,2.7608213420367664
4.0,3.0,2.0,5.0,2.0,3.0,2.9629755175798977
4.0,3.0,2.0,5.0,2.0,4.0,3.1626380759066883
4.0,3.0,2.0,5.0,3.0,2.0,2.8911110085754674
4.0,3.0,2.0,5.0,3.0,3.0,3.0995666062012672
4.0,3.0,2.0,5.0,3.0,4.0,3.3057377289968666
4.0,3.0,2.0,5.0,4.0,3.0,3.2363022107608024
4.0,3.0,2.0,5.0,4.0,4.0,3.442182615727265
4.0,3.0,2.0,5.0,4.0,5.0,3.642356945924361
4.0,3.0,2.0,5.0,5.0,2.0,3.1719613963088067
4.0,3.0,2.0,5.0,5.0,3.0,3.3784161865435007
4.0,3.0,2.0,5.0,5.0,4.0,3.5741142012222404
4.0,3.0,2.0,5.0,5.0,5.0,3.7816481606201577
4.0,3.0,3.0,1.0,1.0,1.0,2.16963724605798
4.0,3.0,3.0,1.0,1.0,2.0,2.3806648204890397
4.0,3.0,3.0,1.0,1.0,3.0,2.585774160606127
4.0,3.0,3.0,1.0,1.0,4.0,2.788309156116884
4.0,3.0,3.0,1.0,2.0,1.0,2.310936773600865
4.0,3.0,3.0,1.0,2.0,2.0,2.5059968417928222
4.0,3.0,3.0,1.0,3.0,1.0,2.4515742289623943
4.0,3.0,3.0,1.0,3.0,2.0,2.65520741019072
4.0,3.0,3.0,1.0,3.0,3.0,2.8450443003826678
4.0,3.0,3.0,1.0,4.0,1.0,2.5922117720821816
4.0,3.0,3.0,1.0,4.0,2.0,2.7924786084195854
4.0,3.0,3.0,1.0,4.0,3.0,2.99053636866826
4.0,3.0,3.0,1.0,4.0,4.0,3.191539048557047
4.0,3.0,3.0,2.0,1.0,1.0,2.3028492051403116
4.0,3.0,3.0,2.0,1.0,2.0,2.4992688587584038
4.0,3.0,3.0,2.0,1.0,3.0,2.70618348529253
4.0,3.0,3.0,2.0,1.0,4.0,2.9068974721753036
4.0,3.0,3.0,2.0,2.0,1.0,2.4351663222503825
4.0,3.0,3.0,2.0,2.0,2.0,2.635146125274302
4.0,3.0,3.0,2.0,2.0,3.0,2.853673719399663
4.0,3.0,3.0,2.0,3.0,1.0,2.575847054909558
4.0,3.0,3.0,2.0,3.0,2.0,2.757319821359702
4.0,3.0,3.0,2.0,3.0,3.0,2.9574834617635593
4.0,3.0,3.0,2.0,3.0,4.0,3.180730992602389
4.0,3.0,3.0,2.0,4.0,2.0,2.9159696404120354
4.0,3.0,3.0,2.0,4.0,3.0,3.119980832729809
4.0,3.0,3.0,2.0,4.0,4.0,3.314016832079872
4.0,3.0,3.0,2.0,5.0,3.0,3.258034701395242
4.0,3.0,3.0,2.0,5.0,4.0,3.4598988880813297
4.0,3.0,3.0,2.0,5.0,5.0,3.665679666775324
4.0,3.0,3.0,3.0,1.0,1.0,2.416626767749305
4.0,3.0,3.0,3.0,1.0,2.0,2.621337095019626
4.0,3.0,3.0,3.0,1.0,3.0,2.8236135034396868
4.0,3.0,3.0,3.0,2.0,1.0,2.569511416248514
4.0,3.0,3.0,3.0,2.0,2.0,2.7733888593773406
4.0,3.0,3.0,3.0,2.0,3.0,2.953279129925474
4.0,3.0,3.0,3.0,2.0,4.0,3.1756710795749044
4.0,3.0,3.0,3.0,2.0,5.0,3.3724518517552853
4.0,3.0,3.0,3.0,3.0,1.0,2.70342948320311
4.0,3.0,3.0,3.0,3.0,2.0,2.9191432188044164
4.0,3.0,3.0,3.0,3.0,3.0,3.1391712794784783
4.0,3.0,3.0,3.0,3.0,4.0,3.3315608451737364
4.0,3.0,3.0,3.0,4.0,2.0,3.03676546313961
4.0,3.0,3.0,3.0,4.0,3.0,3.2454945703270885
4.0,3.0,3.0,3.0,4.0,4.0,3.465884021632424
4.0,3.0,3.0,3.0,4.0,5.0,3.6509124126482724
4.0,3.0,3.0,3.0,5.0,3.0,3.38091197985162
4.0,3.0,3.0,3.0,5.0,4.0,3.5827402525780396
4.0,3.0,3.0,3.0,5.0,5.0,3.7837376010668926
4.0,3.0,3.0,4.0,1.0,1.0,2.5402782558756885
4.0,3.0,3.0,4.0,1.0,2.0,2.7358328896244797
4.0,3.0,3.0,4.0,1.0,3.0,2.9462084794912236
4.0,3.0,3.0,4.0,1.0,4.0,3.1396914780397354
4.0,3.0,3.0,4.0,1.0,5.0,3.357685320855276
4.0,3.0,3.0,4.0,2.0,1.0,2.6914170236650317
4.0,3.0,3.0,4.0,2.0,2.0,2.8914022530528682
4.0,3.0,3.0,4.0,2.0,3.0,3.0995317572883834
4.0,3.0,3.0,4.0,2.0,4.0,3.2940243147357604
4.0,3.0,3.0,4.0,2.0,5.0,3.4988740283340176
4.0,3.0,3.0,4.0,3.0,2.0,3.0132719612241923
4.0,3.0,3.0,4.0,3.0,3.0,3.2621097125370957
4.0,3.0,3.0,4.0,3.0,4.0,3.4951768765931304
4.0,3.0,3.0,4.0,3.0,5.0,3.640371426626342
4.0,3.0,3.0,4.0,4.0,1.0,2.962042572443283
4.0,3.0,3.0,4.0,4.0,2.0,3.165266543077769
4.0,3.0,3.0,4.0,4.0,3.0,3.3589674420685207
4.0,3.0,3.0,4.0,4.0,4.0,3.6603855195785076
4.0,3.0,3.0,4.0,4.0,5.0,3.7737022701963707
4.0,3.0,3.0,4.0,5.0,2.0,3.2961008480222147
4.0,3.0,3.0,4.0,5.0,3.0,3.518142239433547
4.0,3.0,3.0,4.0,5.0,4.0,3.7012016892052926
4.0,3.0,3.0,4.0,5.0,5.0,3.9045420722003956
4.0,3.0,3.0,5.0,1.0,1.0,2.6688159803806006
4.0,3.0,3.0,5.0,1.0,3.0,3.076162560080619
4.0,3.0,3.0,5.0,1.0,4.0,3.278963905280983
4.0,3.0,3.0,5.0,1.0,5.0,3.4801892127149077
4.0,3.0,3.0,5.0,2.0,1.0,2.8068433971433864
4.0,3.0,3.0,5.0,2.0,2.0,3.0157849298157773
4.0,3.0,3.0,5.0,2.0,3.0,3.2088235641900305
4.0,3.0,3.0,5.0,2.0,4.0,3.4053272957911775
4.0,3.0,3.0,5.0,2.0,5.0,3.620433918665471
4.0,3.0,3.0,5.0,3.0,2.0,3.151866722166163
4.0,3.0,3.0,5.0,3.0,3.0,3.3476069478652484
4.0,3.0,3.0,5.0,3.0,4.0,3.5493828302485464
4.0,3.0,3.0,5.0,3.0,5.0,3.74794755948707
4.0,3.0,3.0,5.0,4.0,2.0,3.2864108197745185
4.0,3.0,3.0,5.0,4.0,3.0,3.4851680965487994
4.0,3.0,3.0,5.0,4.0,4.0,3.720703091580894
4.0,3.0,3.0,5.0,4.0,5.0,3.9023348413597105
4.0,3.0,3.0,5.0,5.0,2.0,3.4220284739185436
4.0,3.0,3.0,5.0,5.0,3.0,3.6279132370592384
4.0,3.0,3.0,5.0,5.0,4.0,3.842242326935088
4.0,3.0,3.0,5.0,5.0,5.0,4.018787429516063
4.0,3.0,4.0,1.0,1.0,1.0,2.420366381760256
4.0,3.0,4.0,1.0,1.0,2.0,2.635628173046027
4.0,3.0,4.0,1.0,2.0,1.0,2.5671185872511804
4.0,3.0,4.0,1.0,4.0,5.0,3.649119012501118
4.0,3.0,4.0,2.0,1.0,2.0,2.758132076773841
4.0,3.0,4.0,2.0,2.0,1.0,2.6896223674514594
4.0,3.0,4.0,2.0,2.0,2.0,2.8958116972413
4.0,3.0,4.0,2.0,2.0,3.0,3.097267575434298
4.0,3.0,4.0,2.0,3.0,1.0,2.826893631207612
4.0,3.0,4.0,2.0,3.0,2.0,3.0322954515466267
4.0,3.0,4.0,2.0,3.0,3.0,3.2227680244802652
4.0,3.0,4.0,2.0,3.0,4.0,3.4313339759186263
4.0,3.0,4.0,2.0,4.0,2.0,3.1653807529582125
4.0,3.0,4.0,2.0,4.0,3.0,3.36749131890101
4.0,3.0,4.0,2.0,4.0,4.0,3.575337599742535
4.0,3.0,4.0,2.0,5.0,3.0,3.509081436945797
4.0,3.0,4.0,2.0,5.0,5.0,3.9128095310990765
4.0,3.0,4.0,3.0,1.0,2.0,2.8767192795315863
4.0,3.0,4.0,3.0,1.0,3.0,3.085745804024483
4.0,3.0,4.0,3.0,2.0,2.0,3.0139355216708767
4.0,3.0,4.0,3.0,2.0,3.0,3.228611836089615
4.0,3.0,4.0,3.0,2.0,4.0,3.418987667462929
4.0,3.0,4.0,3.0,3.0,1.0,2.9572315218549545
4.0,3.0,4.0,3.0,3.0,2.0,3.1495041541590223
4.0,3.0,4.0,3.0,3.0,3.0,3.371339722246641
4.0,3.0,4.0,3.0,3.0,4.0,3.591927983380623
4.0,3.0,4.0,3.0,4.0,2.0,3.2924498474502566
4.0,3.0,4.0,3.0,4.0,3.0,3.5242509776913256
4.0,3.0,4.0,3.0,4.0,4.0,3.729150112070253
4.0,3.0,4.0,3.0,4.0,5.0,3.899614846606524
4.0,3.0,4.0,3.0,5.0,3.0,3.6232936292848525
4.0,3.0,4.0,3.0,5.0,4.0,3.843496663571916
4.0,3.0,4.0,3.0,5.0,5.0,4.034902754075268
4.0,3.0,4.0,4.0,1.0,2.0,2.9992228775048018
4.0,3.0,4.0,4.0,1.0,3.0,3.183203477665232
4.0,3.0,4.0,4.0,1.0,4.0,3.4060138610931303
4.0,3.0,4.0,4.0,1.0,5.0,3.6126489954311234
4.0,3.0,4.0,4.0,2.0,2.0,3.1481019958033234
4.0,3.0,4.0,4.0,2.0,3.0,3.3571121271054234
4.0,3.0,4.0,4.0,2.0,4.0,3.560864616191686
4.0,3.0,4.0,4.0,2.0,5.0,3.746003465116057
4.0,3.0,4.0,4.0,3.0,2.0,3.286072344114718
4.0,3.0,4.0,4.0,3.0,3.0,3.521935198294705
4.0,3.0,4.0,4.0,3.0,4.0,3.771260924650457
4.0,3.0,4.0,4.0,3.0,5.0,3.8885020210324663
4.0,3.0,4.0,4.0,4.0,2.0,3.408551354546861
4.0,3.0,4.0,4.0,4.0,3.0,3.7132771493623804
4.0,3.0,4.0,4.0,4.0,4.0,3.959242429855928
4.0,3.0,4.0,4.0,4.0,5.0,4.046059970366493
4.0,3.0,4.0,4.0,5.0,3.0,3.7591725878189033
4.0,3.0,4.0,4.0,5.0,4.0,3.9935727174466185
4.0,3.0,4.0,4.0,5.0,5.0,4.169159239000539
4.0,3.0,4.0,5.0,1.0,4.0,3.5291433053730126
4.0,3.0,4.0,5.0,2.0,3.0,3.4691790029756757
4.0,3.0,4.0,5.0,2.0,4.0,3.669175403224342
4.0,3.0,4.0,5.0,2.0,5.0,3.872921959991602
4.0,3.0,4.0,5.0,3.0,2.0,3.406428241920408
4.0,3.0,4.0,5.0,3.0,3.0,3.6012321821244173
4.0,3.0,4.0,5.0,3.0,4.0,3.815199624155376
4.0,3.0,4.0,5.0,3.0,5.0,4.012951799177033
4.0,3.0,4.0,5.0,4.0,3.0,3.754694733732374
4.0,3.0,4.0,5.0,4.0,4.0,3.9775623842493943
4.0,3.0,4.0,5.0,4.0,5.0,4.126171240432736
4.0,3.0,4.0,5.0,5.0,3.0,3.8770098539123063
4.0,3.0,4.0,5.0,5.0,4.0,4.087235135277966
4.0,3.0,4.0,5.0,5.0,5.0,4.264446950113912
4.0,3.0,5.0,2.0,2.0,2.0,3.1464502339025286
4.0,3.0,5.0,2.0,2.0,4.0,3.550178474927522
4.0,3.0,5.0,2.0,3.0,2.0,3.2837215248167433
4.0,3.0,5.0,2.0,3.0,3.0,3.4836908266578264
4.0,3.0,5.0,2.0,4.0,3.0,3.6228568435404696
4.0,3.0,5.0,3.0,2.0,3.0,3.476964945219073
4.0,3.0,5.0,3.0,2.0,4.0,3.676598703557393
4.0,3.0,5.0,3.0,3.0,3.0,3.608603260575186
4.0,3.0,5.0,3.0,3.0,4.0,3.8181452744768425
4.0,3.0,5.0,3.0,4.0,3.0,3.761426951745977
4.0,3.0,5.0,3.0,4.0,4.0,3.961253105780393
4.0,3.0,5.0,3.0,4.0,5.0,4.153005993314578
4.0,3.0,5.0,3.0,5.0,3.0,3.883994817852081
4.0,3.0,5.0,3.0,5.0,4.0,4.08319191850201
4.0,3.0,5.0,3.0,5.0,5.0,4.280246661902239
4.0,3.0,5.0,4.0,1.0,3.0,3.4560504117747093
4.0,3.0,5.0,4.0,2.0,2.0,3.3953745905597987
4.0,3.0,5.0,4.0,2.0,3.0,3.594908578107633
4.0,3.0,5.0,4.0,2.0,4.0,3.7875940302459843
4.0,3.0,5.0,4.0,3.0,2.0,3.5287287773364575
4.0,3.0,5.0,4.0,3.0,3.0,3.7061382840841786
4.0,3.0,5.0,4.0,3.0,4.0,3.931590666830588
4.0,3.0,5.0,4.0,3.0,5.0,4.132248641861266
4.0,3.0,5.0,4.0,4.0,3.0,3.8652535421652496
4.0,3.0,5.0,4.0,4.0,4.0,4.064048283886667
4.0,3.0,5.0,4.0,4.0,5.0,4.2782988353649705
4.0,3.0,5.0,4.0,5.0,3.0,4.00884437583441
4.0,3.0,5.0,4.0,5.0,4.0,4.214278544462167
4.0,3.0,5.0,4.0,5.0,5.0,4.402412132488162
4.0,3.0,5.0,5.0,1.0,4.0,3.780418111069657
4.0,3.0,5.0,5.0,2.0,3.0,3.71974253370882
4.0,3.0,5.0,5.0,2.0,4.0,3.9189592479337336
4.0,3.0,5.0,5.0,3.0,1.0,3.4454487326206387
4.0,3.0,5.0,5.0,3.0,2.0,3.651233199969568
4.0,3.0,5.0,5.0,3.0,3.0,3.8602972779893046
4.0,3.0,5.0,5.0,3.0,4.0,4.064197088474601
4.0,3.0,5.0,5.0,3.0,5.0,4.250912095638146
4.0,3.0,5.0,5.0,4.0,3.0,3.983377462990096
4.0,3.0,5.0,5.0,4.0,4.0,4.174272007358221
4.0,3.0,5.0,5.0,4.0,5.0,4.403036102194771
4.0,3.0,5.0,5.0,5.0,3.0,4.12707493622344
4.0,3.0,5.0,5.0,5.0,4.0,4.323512433650325
4.0,3.0,5.0,5.0,5.0,5.0,4.514402710996321
4.0,4.0,1.0,1.0,1.0,1.0,1.7262076561326456
4.0,4.0,1.0,1.0,1.0,2.0,1.9478519424808762
4.0,4.0,1.0,1.0,2.0,1.0,1.865172005898433
4.0,4.0,1.0,1.0,2.0,2.0,2.0766756255996435
4.0,4.0,1.0,1.0,2.0,3.0,2.282456695036348
4.0,4.0,1.0,1.0,3.0,1.0,2.004166224065927
4.0,4.0,1.0,1.0,3.0,2.0,2.2170137476610723
4.0,4.0,1.0,1.0,3.0,3.0,2.4197278964195834
4.0,4.0,1.0,1.0,4.0,1.0,2.1437469600597843
4.0,4.0,1.0,1.0,5.0,1.0,2.286625345043011
4.0,4.0,1.0,2.0,1.0,1.0,1.8655414333747644
4.0,4.0,1.0,2.0,1.0,2.0,2.057095890869582
4.0,4.0,1.0,2.0,2.0,1.0,1.9973767757799243
4.0,4.0,1.0,2.0,2.0,2.0,2.2101076291102917
4.0,4.0,1.0,2.0,2.0,4.0,2.614658133444455
4.0,4.0,1.0,2.0,3.0,1.0,2.1385034196539587
4.0,4.0,1.0,2.0,3.0,2.0,2.3364139211770065
4.0,4.0,1.0,2.0,4.0,1.0,2.2746986272110945
4.0,4.0,1.0,2.0,4.0,2.0,2.4776388752148812
4.0,4.0,1.0,2.0,4.0,3.0,2.6834197561117996
4.0,4.0,1.0,3.0,1.0,1.0,1.9788783095654305
4.0,4.0,1.0,3.0,1.0,2.0,2.1900131910042138
4.0,4.0,1.0,3.0,1.0,3.0,2.396474137656896
4.0,4.0,1.0,3.0,2.0,1.0,2.123253059473797
4.0,4.0,1.0,3.0,2.0,2.0,2.3386163550664993
4.0,4.0,1.0,3.0,2.0,3.0,2.529307862677151
4.0,4.0,1.0,3.0,3.0,1.0,2.2560867945386374
4.0,4.0,1.0,3.0,3.0,2.0,2.4628713212934357
4.0,4.0,1.0,3.0,3.0,3.0,2.6519650449917256
4.0,4.0,1.0,3.0,3.0,4.0,2.8665997532924608
4.0,4.0,1.0,3.0,4.0,1.0,2.398278450264608
4.0,4.0,1.0,3.0,4.0,2.0,2.6001427066885587
4.0,4.0,1.0,3.0,4.0,3.0,2.7988770988885947
4.0,4.0,1.0,3.0,5.0,1.0,2.531633231393885
4.0,4.0,1.0,4.0,1.0,1.0,2.087328717350535
4.0,4.0,1.0,4.0,1.0,2.0,2.306915818967392
4.0,4.0,1.0,4.0,1.0,3.0,2.5009372334964888
4.0,4.0,1.0,4.0,1.0,4.0,2.712892685019366
4.0,4.0,1.0,4.0,2.0,2.0,2.442898563811657
4.0,4.0,1.0,4.0,2.0,3.0,2.648801878829826
4.0,4.0,1.0,4.0,2.0,4.0,2.85574904305913
4.0,4.0,1.0,4.0,3.0,1.0,2.3795942025476204
4.0,4.0,1.0,4.0,3.0,2.0,2.5933398281716955
4.0,4.0,1.0,4.0,3.0,3.0,2.781966339090541
4.0,4.0,1.0,4.0,3.0,4.0,2.9776999473055272
4.0,4.0,1.0,4.0,4.0,2.0,2.7237280114308895
4.0,4.0,1.0,4.0,4.0,3.0,2.924804782490298
4.0,4.0,1.0,4.0,4.0,4.0,3.1268134844155395
4.0,4.0,1.0,4.0,5.0,4.0,3.2714796036222062
4.0,4.0,1.0,4.0,5.0,5.0,3.4714968438451597
4.0,4.0,1.0,5.0,1.0,1.0,2.231472214403972
4.0,4.0,1.0,5.0,1.0,3.0,2.63414919912816
4.0,4.0,1.0,5.0,2.0,4.0,2.9782525691053787
4.0,4.0,1.0,5.0,3.0,3.0,2.9058262665471313
4.0,4.0,1.0,5.0,3.0,4.0,3.119440781024566
4.0,4.0,1.0,5.0,4.0,4.0,3.2527952966946883
4.0,4.0,1.0,5.0,4.0,5.0,3.4585760785718724
4.0,4.0,1.0,5.0,5.0,5.0,3.58892624534125
4.0,4.0,2.0,1.0,1.0,1.0,1.9700566048314194
4.0,4.0,2.0,1.0,1.0,2.0,2.1843668891438988
4.0,4.0,2.0,1.0,2.0,1.0,2.132924414682206
4.0,4.0,2.0,1.0,2.0,2.0,2.324023858455195
4.0,4.0,2.0,1.0,2.0,3.0,2.5314216760902646
4.0,4.0,2.0,1.0,2.0,4.0,2.7392842834765894
4.0,4.0,2.0,1.0,3.0,1.0,2.2639446216870867
4.0,4.0,2.0,1.0,3.0,2.0,2.4563957846803763
4.0,4.0,2.0,1.0,3.0,3.0,2.6629831733643523
4.0,4.0,2.0,1.0,3.0,4.0,2.8726387621068077
4.0,4.0,2.0,1.0,4.0,2.0,2.6068842592311654
4.0,4.0,2.0,1.0,4.0,3.0,2.8080458905366625
4.0,4.0,2.0,2.0,1.0,1.0,2.1106570230668154
4.0,4.0,2.0,2.0,1.0,2.0,2.318469110966105
4.0,4.0,2.0,2.0,1.0,3.0,2.5147033549970876
4.0,4.0,2.0,2.0,2.0,1.0,2.2503177940883234
4.0,4.0,2.0,2.0,2.0,2.0,2.4347289926762246
4.0,4.0,2.0,2.0,2.0,3.0,2.6549312970953287
4.0,4.0,2.0,2.0,2.0,5.0,3.063653469841551
4.0,4.0,2.0,2.0,3.0,1.0,2.3880301947898164
4.0,4.0,2.0,2.0,3.0,2.0,2.5835580170369643
4.0,4.0,2.0,2.0,3.0,3.0,2.776369114567783
4.0,4.0,2.0,2.0,3.0,4.0,2.9990595183747035
4.0,4.0,2.0,2.0,4.0,2.0,2.7307944078274033
4.0,4.0,2.0,2.0,4.0,3.0,2.9177786864302653
4.0,4.0,2.0,2.0,4.0,4.0,3.1386190597909063
4.0,4.0,2.0,2.0,5.0,2.0,2.8698736121652586
4.0,4.0,2.0,2.0,5.0,3.0,3.0675560235920107
4.0,4.0,2.0,2.0,5.0,4.0,3.272534260687065
4.0,4.0,2.0,3.0,1.0,1.0,2.240486573081187
4.0,4.0,2.0,3.0,1.0,2.0,2.43814374528026
4.0,4.0,2.0,3.0,1.0,3.0,2.641823662551962
4.0,4.0,2.0,3.0,1.0,4.0,2.8398139292422595
4.0,4.0,2.0,3.0,2.0,1.0,2.3859168013094774
4.0,4.0,2.0,3.0,2.0,2.0,2.5794985752773893
4.0,4.0,2.0,3.0,2.0,3.0,2.7906299161297823
4.0,4.0,2.0,3.0,2.0,4.0,2.980375082266505
4.0,4.0,2.0,3.0,3.0,1.0,2.517585342074084
4.0,4.0,2.0,3.0,3.0,2.0,2.7165976631506017
4.0,4.0,2.0,3.0,3.0,3.0,2.9170481059536706
4.0,4.0,2.0,3.0,3.0,4.0,3.1149441625175425
4.0,4.0,2.0,3.0,4.0,1.0,2.6559381086868212
4.0,4.0,2.0,3.0,4.0,2.0,2.860567887657976
4.0,4.0,2.0,3.0,4.0,3.0,3.0681043905860834
4.0,4.0,2.0,3.0,4.0,4.0,3.2737591331034763
4.0,4.0,2.0,3.0,5.0,3.0,3.190324878003957
4.0,4.0,2.0,3.0,5.0,4.0,3.4000225784610545
4.0,4.0,2.0,4.0,1.0,1.0,2.355833249254185
4.0,4.0,2.0,4.0,1.0,2.0,2.561398100860287
4.0,4.0,2.0,4.0,1.0,3.0,2.7538589452057534
4.0,4.0,2.0,4.0,1.0,4.0,2.939835263619212
4.0,4.0,2.0,4.0,1.0,5.0,3.171388218570822
4.0,4.0,2.0,4.0,2.0,2.0,2.6812042350245076
4.0,4.0,2.0,4.0,2.0,3.0,2.9129410505647297
4.0,4.0,2.0,4.0,2.0,4.0,3.1158254975277426
4.0,4.0,2.0,4.0,3.0,1.0,2.633511505374777
4.0,4.0,2.0,4.0,3.0,2.0,2.8431782287844625
4.0,4.0,2.0,4.0,3.0,3.0,3.031079750509145
4.0,4.0,2.0,4.0,3.0,4.0,3.269229761735823
4.0,4.0,2.0,4.0,3.0,5.0,3.4459309801905955
4.0,4.0,2.0,4.0,4.0,2.0,2.9586703478365015
4.0,4.0,2.0,4.0,4.0,3.0,3.17193847558041
4.0,4.0,2.0,4.0,4.0,4.0,3.376607451728734
4.0,4.0,2.0,4.0,4.0,5.0,3.5919152617091497
4.0,4.0,2.0,4.0,5.0,2.0,3.114881316353752
4.0,4.0,2.0,4.0,5.0,3.0,3.3167454563596945
4.0,4.0,2.0,4.0,5.0,4.0,3.5221787979307746
4.0,4.0,2.0,4.0,5.0,5.0,3.7226460764901166
4.0,4.0,2.0,5.0,1.0,1.0,2.486435958108514
4.0,4.0,2.0,5.0,1.0,3.0,2.890164141463528
4.0,4.0,2.0,5.0,1.0,4.0,3.0920282038284967
4.0,4.0,2.0,5.0,2.0,1.0,2.6237071050257614
4.0,4.0,2.0,5.0,2.0,2.0,2.826251923085679
4.0,4.0,2.0,5.0,2.0,3.0,3.022977546304145
4.0,4.0,2.0,5.0,3.0,2.0,2.955530181207774
4.0,4.0,2.0,5.0,3.0,3.0,3.164751087475877
4.0,4.0,2.0,5.0,3.0,4.0,3.3504970463654917
4.0,4.0,2.0,5.0,3.0,5.0,3.561831730580258
4.0,4.0,2.0,5.0,4.0,3.0,3.306213553235948
4.0,4.0,2.0,5.0,4.0,4.0,3.5036955998630503
4.0,4.0,2.0,5.0,4.0,5.0,3.694817909851861
4.0,4.0,2.0,5.0,5.0,1.0,3.0355182438925064
4.0,4.0,2.0,5.0,5.0,2.0,3.237385356204316
4.0,4.0,2.0,5.0,5.0,3.0,3.4384942727945558
4.0,4.0,2.0,5.0,5.0,4.0,3.646649340696467
4.0,4.0,2.0,5.0,5.0,5.0,3.849835082266842
4.0,4.0,3.0,1.0,1.0,1.0,2.2291063529618182
4.0,4.0,3.0,1.0,1.0,2.0,2.4363693643291837
4.0,4.0,3.0,1.0,1.0,3.0,2.6511957333722833
4.0,4.0,3.0,1.0,2.0,1.0,2.3715321318996994
4.0,4.0,3.0,1.0,2.0,2.0,2.584314316311833
4.0,4.0,3.0,1.0,2.0,3.0,2.7754370994735096
4.0,4.0,3.0,1.0,3.0,1.0,2.512075217197659
4.0,4.0,3.0,1.0,3.0,2.0,2.7030070838821185
4.0,4.0,3.0,1.0,3.0,3.0,2.909004028284145
4.0,4.0,3.0,1.0,4.0,1.0,2.655495596239583
4.0,4.0,3.0,1.0,4.0,2.0,2.866111874652502
4.0,4.0,3.0,1.0,4.0,3.0,3.063009512538147
4.0,4.0,3.0,1.0,4.0,4.0,3.2559434429273946
4.0,4.0,3.0,2.0,1.0,1.0,2.370549031765773
4.0,4.0,3.0,2.0,1.0,2.0,2.5630138703108183
4.0,4.0,3.0,2.0,1.0,3.0,2.7674149653153055
4.0,4.0,3.0,2.0,1.0,4.0,2.975563546663811
4.0,4.0,3.0,2.0,2.0,2.0,2.7011802335330413
4.0,4.0,3.0,2.0,2.0,3.0,2.9149688783305225
4.0,4.0,3.0,2.0,2.0,4.0,3.1123946366215476
4.0,4.0,3.0,2.0,3.0,2.0,2.839247944676823
4.0,4.0,3.0,2.0,3.0,3.0,3.0455606456734965
4.0,4.0,3.0,2.0,3.0,4.0,3.248190350655999
4.0,4.0,3.0,2.0,3.0,5.0,3.45197014483687
4.0,4.0,3.0,2.0,4.0,2.0,2.976813621708937
4.0,4.0,3.0,2.0,4.0,3.0,3.1713102268956317
4.0,4.0,3.0,2.0,4.0,4.0,3.392708294702905
4.0,4.0,3.0,2.0,5.0,3.0,3.3254268794450965
4.0,4.0,3.0,2.0,5.0,4.0,3.530170017410461
4.0,4.0,3.0,3.0,1.0,1.0,2.504162540265489
4.0,4.0,3.0,3.0,1.0,2.0,2.697181383311615
4.0,4.0,3.0,3.0,1.0,3.0,2.900491857420741
4.0,4.0,3.0,3.0,1.0,4.0,3.0923417072978534
4.0,4.0,3.0,3.0,2.0,1.0,2.6301754659624526
4.0,4.0,3.0,3.0,2.0,2.0,2.819040805253911
4.0,4.0,3.0,3.0,2.0,3.0,3.0432430758020605
4.0,4.0,3.0,3.0,2.0,4.0,3.2388449646298576
4.0,4.0,3.0,3.0,3.0,1.0,2.7610551031197694
4.0,4.0,3.0,3.0,3.0,2.0,2.965145260179043
4.0,4.0,3.0,3.0,3.0,3.0,3.242913434691115
4.0,4.0,3.0,3.0,3.0,4.0,3.447108358189848
4.0,4.0,3.0,3.0,4.0,2.0,3.096203855681795
4.0,4.0,3.0,3.0,4.0,3.0,3.3322690538958013
4.0,4.0,3.0,3.0,4.0,4.0,3.5630602900175483
4.0,4.0,3.0,3.0,4.0,5.0,3.718965169258041
4.0,4.0,3.0,3.0,5.0,1.0,3.037642999411627
4.0,4.0,3.0,3.0,5.0,3.0,3.442414125307347
4.0,4.0,3.0,3.0,5.0,4.0,3.6607235289368094
4.0,4.0,3.0,3.0,5.0,5.0,3.8501898693480054
4.0,4.0,3.0,4.0,1.0,1.0,2.6108492460053716
4.0,4.0,3.0,4.0,1.0,2.0,2.81966888041268
4.0,4.0,3.0,4.0,1.0,3.0,3.0135200371035
4.0,4.0,3.0,4.0,1.0,4.0,3.2110440429738287
4.0,4.0,3.0,4.0,1.0,5.0,3.4224353874405646
4.0,4.0,3.0,4.0,2.0,1.0,2.743512163156984
4.0,4.0,3.0,4.0,2.0,2.0,2.952785575605047
4.0,4.0,3.0,4.0,2.0,3.0,3.1670084883261653
4.0,4.0,3.0,4.0,2.0,4.0,3.3895089156792855
4.0,4.0,3.0,4.0,2.0,5.0,3.5614243232747516
4.0,4.0,3.0,4.0,3.0,1.0,2.885604531328577
4.0,4.0,3.0,4.0,3.0,2.0,3.0864927771666784
4.0,4.0,3.0,4.0,3.0,3.0,3.3335048162643015
4.0,4.0,3.0,4.0,3.0,4.0,3.6384397572124225
4.0,4.0,3.0,4.0,3.0,5.0,3.7110808369779322
4.0,4.0,3.0,4.0,4.0,1.0,3.0302359875688873
4.0,4.0,3.0,4.0,4.0,2.0,3.232485215631558
4.0,4.0,3.0,4.0,4.0,3.0,3.4947234598535912
4.0,4.0,3.0,4.0,4.0,4.0,3.8319276807507716
4.0,4.0,3.0,4.0,4.0,5.0,3.85484601528475
4.0,4.0,3.0,4.0,5.0,2.0,3.365548982995956
4.0,4.0,3.0,4.0,5.0,3.0,3.5721904724559357
4.0,4.0,3.0,4.0,5.0,4.0,3.831921235812748
4.0,4.0,3.0,4.0,5.0,5.0,3.9822696349145934
4.0,4.0,3.0,5.0,1.0,1.0,2.7374823655936713
4.0,4.0,3.0,5.0,1.0,2.0,2.9432635764720225
4.0,4.0,3.0,5.0,1.0,3.0,3.143999926224764
4.0,4.0,3.0,5.0,1.0,4.0,3.3430750034502026
4.0,4.0,3.0,5.0,1.0,5.0,3.546714551683763
4.0,4.0,3.0,5.0,2.0,2.0,3.086672272653421
4.0,4.0,3.0,5.0,2.0,3.0,3.2782433721519104
4.0,4.0,3.0,5.0,2.0,4.0,3.479433512347048
4.0,4.0,3.0,5.0,2.0,5.0,3.6832557789386065
4.0,4.0,3.0,5.0,3.0,2.0,3.2152763603607317
4.0,4.0,3.0,5.0,3.0,3.0,3.4176029803970387
4.0,4.0,3.0,5.0,3.0,4.0,3.642115539820526
4.0,4.0,3.0,5.0,3.0,5.0,3.8269375559151073
4.0,4.0,3.0,5.0,4.0,2.0,3.35369205951703
4.0,4.0,3.0,5.0,4.0,3.0,3.5578905093645625
4.0,4.0,3.0,5.0,4.0,4.0,3.835761042779055
4.0,4.0,3.0,5.0,4.0,5.0,3.986763703157803
4.0,4.0,3.0,5.0,5.0,2.0,3.4884318933534053
4.0,4.0,3.0,5.0,5.0,3.0,3.6887355377088036
4.0,4.0,3.0,5.0,5.0,4.0,3.9032538929032463
4.0,4.0,3.0,5.0,5.0,5.0,4.122123362063398
4.0,4.0,4.0,1.0,1.0,1.0,2.4869672010524786
4.0,4.0,4.0,1.0,1.0,2.0,2.7003782512886616
4.0,4.0,4.0,1.0,2.0,2.0,2.8194776051147756
4.0,4.0,4.0,1.0,2.0,3.0,3.0355968624335987
4.0,4.0,4.0,1.0,3.0,1.0,2.766138543415542
4.0,4.0,4.0,1.0,3.0,3.0,3.170201028502546
4.0,4.0,4.0,1.0,3.0,4.0,3.3786491401315066
4.0,4.0,4.0,1.0,4.0,2.0,3.1117543075989267
4.0,4.0,4.0,1.0,4.0,3.0,3.3140562350378246
4.0,4.0,4.0,1.0,4.0,4.0,3.5119097135244575
4.0,4.0,4.0,2.0,1.0,2.0,2.8228821152711454
4.0,4.0,4.0,2.0,1.0,3.0,3.020829384361291
4.0,4.0,4.0,2.0,2.0,1.0,2.7485076693744808
4.0,4.0,4.0,2.0,2.0,2.0,2.9530546427405553
4.0,4.0,4.0,2.0,2.0,3.0,3.1621248437290372
4.0,4.0,4.0,2.0,2.0,4.0,3.3638816587875704
4.0,4.0,4.0,2.0,2.0,5.0,3.565745268534571
4.0,4.0,4.0,2.0,3.0,1.0,2.8916437257869068
4.0,4.0,4.0,2.0,3.0,2.0,3.086868009299468
4.0,4.0,4.0,2.0,3.0,3.0,3.2985832880531336
4.0,4.0,4.0,2.0,3.0,4.0,3.4992035655848817
4.0,4.0,4.0,2.0,3.0,5.0,3.706933865165268
4.0,4.0,4.0,2.0,4.0,2.0,3.2272181776333237
4.0,4.0,4.0,2.0,4.0,3.0,3.4313381995120924
4.0,4.0,4.0,2.0,4.0,4.0,3.640284179861588
4.0,4.0,4.0,2.0,5.0,3.0,3.5754939848385856
4.0,4.0,4.0,2.0,5.0,4.0,3.7756954614592764
4.0,4.0,4.0,2.0,5.0,5.0,3.9775595777611708
4.0,4.0,4.0,3.0,1.0,1.0,2.740620895841341
4.0,4.0,4.0,3.0,1.0,2.0,2.9419237207590685
4.0,4.0,4.0,3.0,1.0,3.0,3.1400414975795403
4.0,4.0,4.0,3.0,1.0,4.0,3.3555556655106393
4.0,4.0,4.0,3.0,2.0,2.0,3.08426422626089
4.0,4.0,4.0,3.0,2.0,3.0,3.2733907440210124
4.0,4.0,4.0,3.0,2.0,4.0,3.48689884986118
4.0,4.0,4.0,3.0,2.0,5.0,3.6921665547494946
4.0,4.0,4.0,3.0,3.0,2.0,3.210053796830858
4.0,4.0,4.0,3.0,3.0,3.0,3.4768834690614003
4.0,4.0,4.0,3.0,3.0,4.0,3.6834828197640137
4.0,4.0,4.0,3.0,3.0,5.0,3.824355486870864
4.0,4.0,4.0,3.0,4.0,1.0,3.146925456537217
4.0,4.0,4.0,3.0,4.0,2.0,3.358309691988698
4.0,4.0,4.0,3.0,4.0,3.0,3.582522232445807
4.0,4.0,4.0,3.0,4.0,4.0,3.86928382172063
4.0,4.0,4.0,3.0,4.0,5.0,3.97958080305241
4.0,4.0,4.0,3.0,5.0,3.0,3.684359391313176
4.0,4.0,4.0,3.0,5.0,4.0,3.9242024129726003
4.0,4.0,4.0,3.0,5.0,5.0,4.102205398118886
4.0,4.0,4.0,4.0,1.0,1.0,2.8587439775395374
4.0,4.0,4.0,4.0,1.0,2.0,3.070427797585216
4.0,4.0,4.0,4.0,1.0,3.0,3.232243340747594
4.0,4.0,4.0,4.0,1.0,4.0,3.480947574555325
4.0,4.0,4.0,4.0,1.0,5.0,3.668246394753925
4.0,4.0,4.0,4.0,2.0,2.0,3.2041962751293065
4.0,4.0,4.0,4.0,2.0,3.0,3.4269688577187583
4.0,4.0,4.0,4.0,2.0,4.0,3.607297518527416
4.0,4.0,4.0,4.0,2.0,5.0,3.8146703073888975
4.0,4.0,4.0,4.0,3.0,1.0,3.140019610352969
4.0,4.0,4.0,4.0,3.0,2.0,3.3495058333145193
4.0,4.0,4.0,4.0,3.0,3.0,3.681453256588955
4.0,4.0,4.0,4.0,3.0,4.0,3.9027357673032497
4.0,4.0,4.0,4.0,3.0,5.0,3.9811436142522703
4.0,4.0,4.0,4.0,4.0,1.0,3.280656964596588
4.0,4.0,4.0,4.0,4.0,2.0,3.4702762207190503
4.0,4.0,4.0,4.0,4.0,3.0,3.804504224999669
4.0,4.0,4.0,4.0,4.0,4.0,4.071189157500065
4.0,4.0,4.0,4.0,4.0,5.0,4.133400516589174
4.0,4.0,4.0,4.0,5.0,3.0,3.8264443635631213
4.0,4.0,4.0,4.0,5.0,4.0,4.087773985463818
4.0,4.0,4.0,4.0,5.0,5.0,4.257030816131912
4.0,4.0,4.0,5.0,1.0,2.0,3.188913338039989
4.0,4.0,4.0,5.0,1.0,4.0,3.5824120124038497
4.0,4.0,4.0,5.0,1.0,5.0,3.7944834043262965
4.0,4.0,4.0,5.0,2.0,2.0,3.3290042294258324
4.0,4.0,4.0,5.0,2.0,3.0,3.526630529468633
4.0,4.0,4.0,5.0,2.0,4.0,3.729410712932628
4.0,4.0,4.0,5.0,2.0,5.0,3.9340318761385347
4.0,4.0,4.0,5.0,3.0,2.0,3.471150706745451
4.0,4.0,4.0,5.0,3.0,3.0,3.6814697355165165
4.0,4.0,4.0,5.0,3.0,4.0,3.908200197938499
4.0,4.0,4.0,5.0,3.0,5.0,4.087772127029318
4.0,4.0,4.0,5.0,4.0,2.0,3.6022074788960974
4.0,4.0,4.0,5.0,4.0,3.0,3.8432242513027806
4.0,4.0,4.0,5.0,4.0,4.0,4.101218649805738
4.0,4.0,4.0,5.0,4.0,5.0,4.265275307334461
4.0,4.0,4.0,5.0,5.0,1.0,3.5415313181901893
4.0,4.0,4.0,5.0,5.0,3.0,3.949600761907531
4.0,4.0,4.0,5.0,5.0,4.0,4.172460255377967
4.0,4.0,4.0,5.0,5.0,5.0,4.429449083672519
4.0,4.0,5.0,1.0,2.0,3.0,3.29056007966711
4.0,4.0,5.0,2.0,1.0,3.0,3.2757926379135345
4.0,4.0,5.0,2.0,2.0,3.0,3.4130642183670306
4.0,4.0,5.0,2.0,4.0,3.0,3.6849236088555286
4.0,4.0,5.0,2.0,4.0,4.0,3.8907545720516485
4.0,4.0,5.0,2.0,5.0,3.0,3.8216592520592174
4.0,4.0,5.0,3.0,1.0,2.0,3.196432604018023
4.0,4.0,5.0,3.0,1.0,3.0,3.4022134922609975
4.0,4.0,5.0,3.0,2.0,2.0,3.337620732869848
4.0,4.0,5.0,3.0,2.0,3.0,3.537090786912079
4.0,4.0,5.0,3.0,2.0,4.0,3.7358072141628567
4.0,4.0,5.0,3.0,2.0,5.0,3.943213262706584
4.0,4.0,5.0,3.0,3.0,1.0,3.2769438143861906
4.0,4.0,5.0,3.0,3.0,2.0,3.4748920629620845
4.0,4.0,5.0,3.0,3.0,3.0,3.688401901206137
4.0,4.0,5.0,3.0,3.0,4.0,3.8816569814403366
4.0,4.0,5.0,3.0,3.0,5.0,4.08440117400317
4.0,4.0,5.0,3.0,4.0,3.0,3.830678497493823
4.0,4.0,5.0,3.0,4.0,4.0,4.019972611293846
4.0,4.0,5.0,3.0,4.0,5.0,4.218253188628275
4.0,4.0,5.0,3.0,5.0,3.0,3.9457990038440327
4.0,4.0,5.0,3.0,5.0,4.0,4.1399243177674565
4.0,4.0,5.0,3.0,5.0,5.0,4.362183519322184
4.0,4.0,5.0,4.0,1.0,3.0,3.520800591657816
4.0,4.0,5.0,4.0,1.0,4.0,3.6949109588342948
4.0,4.0,5.0,4.0,1.0,5.0,3.9284455624736334
4.0,4.0,5.0,4.0,2.0,3.0,3.659571971698095
4.0,4.0,5.0,4.0,2.0,4.0,3.8624825079481533
4.0,4.0,5.0,4.0,2.0,5.0,4.065716910712759
4.0,4.0,5.0,4.0,3.0,2.0,3.5934790054618055
4.0,4.0,5.0,4.0,3.0,3.0,3.792520704166248
4.0,4.0,5.0,4.0,3.0,4.0,4.040192252962331
4.0,4.0,5.0,4.0,3.0,5.0,4.207427049490653
4.0,4.0,5.0,4.0,4.0,2.0,3.730750308471567
4.0,4.0,5.0,4.0,4.0,3.0,3.9554694874570626
4.0,4.0,5.0,4.0,4.0,4.0,4.1428723825560505
4.0,4.0,5.0,4.0,4.0,5.0,4.379499496025977
4.0,4.0,5.0,4.0,5.0,3.0,4.0694470752723175
4.0,4.0,5.0,4.0,5.0,4.0,4.239740597493441
4.0,4.0,5.0,4.0,5.0,5.0,4.469729181469436
4.0,4.0,5.0,5.0,1.0,4.0,3.8457724589182023
4.0,4.0,5.0,5.0,1.0,5.0,4.027126490954616
4.0,4.0,5.0,5.0,2.0,1.0,3.3768509203189176
4.0,4.0,5.0,5.0,2.0,3.0,3.7853330471850946
4.0,4.0,5.0,5.0,2.0,4.0,3.982842393202685
4.0,4.0,5.0,5.0,2.0,5.0,4.1874862189571385
4.0,4.0,5.0,5.0,3.0,2.0,3.7198992780192874
4.0,4.0,5.0,5.0,3.0,3.0,3.929281313274015
4.0,4.0,5.0,5.0,3.0,4.0,4.1286484815212345
4.0,4.0,5.0,5.0,3.0,5.0,4.316554725205914
4.0,4.0,5.0,5.0,4.0,3.0,4.0581647745488505
4.0,4.0,5.0,5.0,4.0,4.0,4.280752869687624
4.0,4.0,5.0,5.0,4.0,5.0,4.5150290484902245
4.0,4.0,5.0,5.0,5.0,3.0,4.2009345874688675
4.0,4.0,5.0,5.0,5.0,4.0,4.411873437693031
4.0,4.0,5.0,5.0,5.0,5.0,4.60899923842316
4.0,5.0,1.0,1.0,1.0,1.0,1.7929710631527591
4.0,5.0,1.0,1.0,1.0,2.0,2.0041542572701805
4.0,5.0,1.0,1.0,1.0,3.0,2.2099352456592847
4.0,5.0,1.0,1.0,2.0,1.0,1.9363914496739243
4.0,5.0,1.0,1.0,2.0,3.0,2.3472065188782225
4.0,5.0,1.0,1.0,3.0,1.0,2.0726306919411095
4.0,5.0,1.0,1.0,3.0,3.0,2.4883945401650727
4.0,5.0,1.0,1.0,4.0,3.0,2.6217489487866215
4.0,5.0,1.0,1.0,5.0,1.0,2.355291978685025
4.0,5.0,1.0,1.0,5.0,3.0,2.7551031126053394
4.0,5.0,1.0,2.0,1.0,1.0,1.9256672705294533
4.0,5.0,1.0,2.0,1.0,2.0,2.1305749274220496
4.0,5.0,1.0,2.0,1.0,3.0,2.332439055054517
4.0,5.0,1.0,2.0,3.0,2.0,2.4081554468918926
4.0,5.0,1.0,2.0,3.0,3.0,2.60071112288981
4.0,5.0,1.0,2.0,4.0,3.0,2.744252785002543
4.0,5.0,1.0,2.0,5.0,1.0,2.4738789051023566
4.0,5.0,1.0,2.0,5.0,3.0,2.8776069392375137
4.0,5.0,1.0,3.0,1.0,1.0,2.047297743528533
4.0,5.0,1.0,3.0,1.0,2.0,2.2491618593787543
4.0,5.0,1.0,3.0,1.0,3.0,2.453167609893721
4.0,5.0,1.0,3.0,2.0,3.0,2.592214175427324
4.0,5.0,1.0,3.0,3.0,1.0,2.3244859927518045
4.0,5.0,1.0,3.0,3.0,2.0,2.5315380823511258
4.0,5.0,1.0,3.0,3.0,3.0,2.7315879679166595
4.0,5.0,1.0,3.0,3.0,4.0,2.92771524032353
4.0,5.0,1.0,3.0,3.0,5.0,3.137129764703588
4.0,5.0,1.0,3.0,4.0,2.0,2.6688093613036776
4.0,5.0,1.0,3.0,4.0,3.0,2.8706735430520713
4.0,5.0,1.0,3.0,4.0,4.0,3.0722545409485256
4.0,5.0,1.0,4.0,1.0,1.0,2.1691385434473376
4.0,5.0,1.0,4.0,1.0,2.0,2.375582462561062
4.0,5.0,1.0,4.0,1.0,3.0,2.5712913855771653
4.0,5.0,1.0,4.0,2.0,1.0,2.3109897153355536
4.0,5.0,1.0,4.0,2.0,2.0,2.506950527421166
4.0,5.0,1.0,4.0,2.0,3.0,2.719732735861746
4.0,5.0,1.0,4.0,3.0,3.0,2.8642720089325326
4.0,5.0,1.0,4.0,3.0,5.0,3.2557174520894536
4.0,5.0,1.0,4.0,4.0,3.0,2.9931772805904133
4.0,5.0,1.0,4.0,4.0,4.0,3.195041465908707
4.0,5.0,1.0,4.0,4.0,5.0,3.3890718894844136
4.0,5.0,1.0,4.0,5.0,1.0,2.726719681876277
4.0,5.0,1.0,4.0,5.0,2.0,2.924667693254915
4.0,5.0,1.0,4.0,5.0,3.0,3.1304484666273726
4.0,5.0,1.0,4.0,5.0,5.0,3.5302598971957906
4.0,5.0,1.0,5.0,1.0,3.0,2.707784111348763
4.0,5.0,1.0,5.0,2.0,1.0,2.4334935117095013
4.0,5.0,1.0,5.0,2.0,3.0,2.8372217002117135
4.0,5.0,1.0,5.0,3.0,5.0,3.374304372061028
4.0,5.0,1.0,5.0,4.0,2.0,2.9177339254319405
4.0,5.0,1.0,5.0,4.0,5.0,3.52332609897375
4.0,5.0,1.0,5.0,5.0,3.0,3.252952263272857
4.0,5.0,1.0,5.0,5.0,5.0,3.6593489142490103
4.0,5.0,2.0,1.0,1.0,1.0,2.0490351962189917
4.0,5.0,2.0,1.0,2.0,1.0,2.193766044344019
4.0,5.0,2.0,1.0,2.0,2.0,2.394842478929246
4.0,5.0,2.0,1.0,2.0,3.0,2.5982533598473516
4.0,5.0,2.0,1.0,2.0,4.0,2.8040342587989198
4.0,5.0,2.0,1.0,3.0,1.0,2.3317963365641967
4.0,5.0,2.0,1.0,3.0,2.0,2.5254273108257514
4.0,5.0,2.0,1.0,3.0,3.0,2.7394412940024986
4.0,5.0,2.0,1.0,4.0,1.0,2.4729845085603714
4.0,5.0,2.0,1.0,4.0,2.0,2.6748484422025767
4.0,5.0,2.0,1.0,5.0,1.0,2.6063387461357714
4.0,5.0,2.0,1.0,5.0,3.0,3.013983833377111
4.0,5.0,2.0,2.0,1.0,1.0,2.182958177873768
4.0,5.0,2.0,2.0,1.0,2.0,2.3810608771625748
4.0,5.0,2.0,2.0,1.0,3.0,2.5890127921243984
4.0,5.0,2.0,2.0,2.0,2.0,2.5166090186955667
4.0,5.0,2.0,2.0,2.0,3.0,2.7268145707385325
4.0,5.0,2.0,2.0,3.0,1.0,2.4468813552229864
4.0,5.0,2.0,2.0,3.0,2.0,2.6449229898805586
4.0,5.0,2.0,2.0,3.0,3.0,2.8509473059276895
4.0,5.0,2.0,2.0,3.0,4.0,3.063560373751158
4.0,5.0,2.0,2.0,4.0,2.0,2.7981431599753064
4.0,5.0,2.0,2.0,4.0,3.0,2.9954247113413004
4.0,5.0,2.0,2.0,5.0,1.0,2.7288426650559807
4.0,5.0,2.0,2.0,5.0,2.0,2.9307067726282385
4.0,5.0,2.0,2.0,5.0,3.0,3.1325707726482244
4.0,5.0,2.0,2.0,5.0,5.0,3.5441328174106483
4.0,5.0,2.0,3.0,1.0,2.0,2.506060216709048
4.0,5.0,2.0,3.0,1.0,3.0,2.705532675854391
4.0,5.0,2.0,3.0,2.0,2.0,2.644696663264495
4.0,5.0,2.0,3.0,2.0,3.0,2.847177565550901
4.0,5.0,2.0,3.0,2.0,4.0,3.056654426670943
4.0,5.0,2.0,3.0,3.0,1.0,2.5768039262290934
4.0,5.0,2.0,3.0,3.0,2.0,2.7748532011641918
4.0,5.0,2.0,3.0,3.0,3.0,2.977663886102074
4.0,5.0,2.0,3.0,3.0,4.0,3.1894880059514357
4.0,5.0,2.0,3.0,3.0,5.0,3.3920940793435994
4.0,5.0,2.0,3.0,4.0,2.0,2.9172355558551386
4.0,5.0,2.0,3.0,4.0,3.0,3.1155396111667595
4.0,5.0,2.0,3.0,4.0,4.0,3.322573340002662
4.0,5.0,2.0,3.0,5.0,2.0,3.0610442198373917
4.0,5.0,2.0,3.0,5.0,3.0,3.2540789358111426
4.0,5.0,2.0,3.0,5.0,4.0,3.4558440051855825
4.0,5.0,2.0,4.0,1.0,2.0,2.6280858986986995
4.0,5.0,2.0,4.0,1.0,3.0,2.8304851918726177
4.0,5.0,2.0,4.0,1.0,4.0,3.030238738456153
4.0,5.0,2.0,4.0,1.0,5.0,3.2274131991983346
4.0,5.0,2.0,4.0,2.0,1.0,2.565953133889324
4.0,5.0,2.0,4.0,2.0,2.0,2.7596791375910565
4.0,5.0,2.0,4.0,2.0,3.0,2.973701735884963
4.0,5.0,2.0,4.0,2.0,4.0,3.1715456058793587
4.0,5.0,2.0,4.0,3.0,1.0,2.6993077309957942
4.0,5.0,2.0,4.0,3.0,2.0,2.899613110707661
4.0,5.0,2.0,4.0,3.0,3.0,3.1072255480250495
4.0,5.0,2.0,4.0,3.0,4.0,3.301724663817976
4.0,5.0,2.0,4.0,3.0,5.0,3.5105977544267133
4.0,5.0,2.0,4.0,4.0,2.0,3.0418676616521547
4.0,5.0,2.0,4.0,4.0,3.0,3.239689910400252
4.0,5.0,2.0,4.0,4.0,4.0,3.4652960896653
4.0,5.0,2.0,4.0,4.0,5.0,3.6533831088868847
4.0,5.0,2.0,4.0,5.0,3.0,3.3809354146703825
4.0,5.0,2.0,4.0,5.0,4.0,3.5922203602111455
4.0,5.0,2.0,4.0,5.0,5.0,3.7993333062695696
4.0,5.0,2.0,5.0,1.0,2.0,2.753049855352724
4.0,5.0,2.0,5.0,1.0,3.0,2.954914073997666
4.0,5.0,2.0,5.0,1.0,5.0,3.35724273709179
4.0,5.0,2.0,5.0,2.0,1.0,2.6884571311978482
4.0,5.0,2.0,5.0,2.0,3.0,3.08337054919991
4.0,5.0,2.0,5.0,2.0,4.0,3.294505491211373
4.0,5.0,2.0,5.0,2.0,5.0,3.4920581359261793
4.0,5.0,2.0,5.0,3.0,1.0,2.8264084138307783
4.0,5.0,2.0,5.0,3.0,2.0,3.02339980418786
4.0,5.0,2.0,5.0,3.0,3.0,3.2285611060855777
4.0,5.0,2.0,5.0,3.0,4.0,3.4285227889960725
4.0,5.0,2.0,5.0,3.0,5.0,3.6297013886137544
4.0,5.0,2.0,5.0,4.0,1.0,2.95908149604385
4.0,5.0,2.0,5.0,4.0,2.0,3.171355611800526
4.0,5.0,2.0,5.0,4.0,3.0,3.3569388557380124
4.0,5.0,2.0,5.0,4.0,4.0,3.5691945111935603
4.0,5.0,2.0,5.0,4.0,5.0,3.7713513708299793
4.0,5.0,2.0,5.0,5.0,2.0,3.306051818746315
4.0,5.0,2.0,5.0,5.0,3.0,3.5000806725960367
4.0,5.0,2.0,5.0,5.0,4.0,3.7015353139951497
4.0,5.0,2.0,5.0,5.0,5.0,3.9239457392362973
4.0,5.0,3.0,1.0,1.0,1.0,2.304383581380482
4.0,5.0,3.0,1.0,1.0,2.0,2.5101645964279835
4.0,5.0,3.0,1.0,1.0,3.0,2.715945610076743
4.0,5.0,3.0,1.0,2.0,1.0,2.445571675537036
4.0,5.0,3.0,1.0,2.0,2.0,2.6501765851870487
4.0,5.0,3.0,1.0,2.0,3.0,2.8465845600838793
4.0,5.0,3.0,1.0,3.0,1.0,2.5828429974584775
4.0,5.0,3.0,1.0,3.0,2.0,2.7880286904931935
4.0,5.0,3.0,1.0,3.0,3.0,2.990562337162052
4.0,5.0,3.0,1.0,3.0,4.0,3.1962691005918034
4.0,5.0,3.0,1.0,4.0,3.0,3.1189926215308614
4.0,5.0,3.0,1.0,4.0,4.0,3.3257067091341446
4.0,5.0,3.0,1.0,5.0,1.0,2.8613023254497096
4.0,5.0,3.0,2.0,1.0,2.0,2.6341015986480367
4.0,5.0,3.0,2.0,1.0,3.0,2.8338693192376914
4.0,5.0,3.0,2.0,1.0,4.0,3.040156336067722
4.0,5.0,3.0,2.0,2.0,2.0,2.773132383898042
4.0,5.0,3.0,2.0,2.0,3.0,2.96479646522128
4.0,5.0,3.0,2.0,2.0,4.0,3.1762044786732972
4.0,5.0,3.0,2.0,2.0,5.0,3.3794485399969947
4.0,5.0,3.0,2.0,3.0,1.0,2.7076371971933266
4.0,5.0,3.0,2.0,3.0,2.0,2.9144784882184265
4.0,5.0,3.0,2.0,3.0,3.0,3.094917458604648
4.0,5.0,3.0,2.0,3.0,4.0,3.3268376069198013
4.0,5.0,3.0,2.0,3.0,5.0,3.516720347356409
4.0,5.0,3.0,2.0,4.0,2.0,3.047287760833214
4.0,5.0,3.0,2.0,4.0,3.0,3.230680348507295
4.0,5.0,3.0,2.0,4.0,4.0,3.451865743317735
4.0,5.0,3.0,2.0,4.0,5.0,3.656681044183164
4.0,5.0,3.0,2.0,5.0,1.0,2.9838061893162977
4.0,5.0,3.0,2.0,5.0,2.0,3.1895871180978155
4.0,5.0,3.0,2.0,5.0,3.0,3.3862896272575567
4.0,5.0,3.0,2.0,5.0,4.0,3.5957330760897777
4.0,5.0,3.0,2.0,5.0,5.0,3.787345981307326
4.0,5.0,3.0,3.0,1.0,1.0,2.558952796163742
4.0,5.0,3.0,3.0,1.0,2.0,2.7561272775447248
4.0,5.0,3.0,3.0,1.0,3.0,2.946744495681247
4.0,5.0,3.0,3.0,2.0,1.0,2.6905793756226766
4.0,5.0,3.0,3.0,2.0,2.0,2.900642036660621
4.0,5.0,3.0,3.0,2.0,3.0,3.0937001639271235
4.0,5.0,3.0,3.0,2.0,4.0,3.3004747277917468
4.0,5.0,3.0,3.0,2.0,5.0,3.5019529075876177
4.0,5.0,3.0,3.0,3.0,1.0,2.8285220873722015
4.0,5.0,3.0,3.0,3.0,2.0,3.0318825978246227
4.0,5.0,3.0,3.0,3.0,3.0,3.2587993535169404
4.0,5.0,3.0,3.0,3.0,4.0,3.484539107248452
4.0,5.0,3.0,3.0,3.0,5.0,3.64591518024497
4.0,5.0,3.0,3.0,4.0,1.0,2.9613557233220917
4.0,5.0,3.0,3.0,4.0,2.0,3.1759800066717596
4.0,5.0,3.0,3.0,4.0,3.0,3.405301404335226
4.0,5.0,3.0,3.0,4.0,4.0,3.6162273077029745
4.0,5.0,3.0,3.0,4.0,5.0,3.787084749063299
4.0,5.0,3.0,3.0,5.0,1.0,3.1019929314898604
4.0,5.0,3.0,3.0,5.0,2.0,3.3069715451725266
4.0,5.0,3.0,3.0,5.0,3.0,3.530882942626607
4.0,5.0,3.0,3.0,5.0,4.0,3.7213400800684835
4.0,5.0,3.0,3.0,5.0,5.0,3.902305614978733
4.0,5.0,3.0,4.0,1.0,1.0,2.6653709120095486
4.0,5.0,3.0,4.0,1.0,2.0,2.8829683826565424
4.0,5.0,3.0,4.0,1.0,3.0,3.09432309198742
4.0,5.0,3.0,4.0,1.0,4.0,3.2880461962658423
4.0,5.0,3.0,4.0,2.0,1.0,2.8130832072487593
4.0,5.0,3.0,4.0,2.0,2.0,3.010734831824344
4.0,5.0,3.0,4.0,2.0,3.0,3.227782523661439
4.0,5.0,3.0,4.0,2.0,4.0,3.428206636647418
4.0,5.0,3.0,4.0,3.0,1.0,2.9546267141225786
4.0,5.0,3.0,4.0,3.0,2.0,3.164706692505786
4.0,5.0,3.0,4.0,3.0,3.0,3.4060833266153714
4.0,5.0,3.0,4.0,3.0,4.0,3.6384268746455355
4.0,5.0,3.0,4.0,3.0,5.0,3.7852565233344073
4.0,5.0,3.0,4.0,4.0,2.0,3.2965935348779145
4.0,5.0,3.0,4.0,4.0,3.0,3.580364567301338
4.0,5.0,3.0,4.0,4.0,4.0,3.859956793287572
4.0,5.0,3.0,4.0,4.0,5.0,3.93344488211289
4.0,5.0,3.0,4.0,5.0,2.0,3.428997224094357
4.0,5.0,3.0,4.0,5.0,3.0,3.636135549825625
4.0,5.0,3.0,4.0,5.0,4.0,3.91062972509694
4.0,5.0,3.0,4.0,5.0,5.0,4.057184222515635
4.0,5.0,3.0,5.0,1.0,1.0,2.802232667717601
4.0,5.0,3.0,5.0,1.0,2.0,3.000177126566719
4.0,5.0,3.0,5.0,1.0,3.0,3.2104970126321866
4.0,5.0,3.0,5.0,1.0,4.0,3.401532798603306
4.0,5.0,3.0,5.0,1.0,5.0,3.6041394962260327
4.0,5.0,3.0,5.0,2.0,2.0,3.1447181148714574
4.0,5.0,3.0,5.0,2.0,3.0,3.3466781150086375
4.0,5.0,3.0,5.0,2.0,4.0,3.5418179275772057
4.0,5.0,3.0,5.0,2.0,5.0,3.7443104762469033
4.0,5.0,3.0,5.0,3.0,3.0,3.4949475701607327
4.0,5.0,3.0,5.0,3.0,4.0,3.727242563112065
4.0,5.0,3.0,5.0,3.0,5.0,3.882595266120748
4.0,5.0,3.0,5.0,4.0,2.0,3.4210640858113424
4.0,5.0,3.0,5.0,4.0,3.0,3.630163906317458
4.0,5.0,3.0,5.0,4.0,4.0,3.8599540047448966
4.0,5.0,3.0,5.0,4.0,5.0,4.063112635507051
4.0,5.0,3.0,5.0,5.0,2.0,3.5588267553243234
4.0,5.0,3.0,5.0,5.0,3.0,3.7583083782396205
4.0,5.0,3.0,5.0,5.0,4.0,4.0026418642837704
4.0,5.0,3.0,5.0,5.0,5.0,4.185251452225512
4.0,5.0,4.0,1.0,1.0,1.0,2.555430042215039
4.0,5.0,4.0,1.0,2.0,1.0,2.7005350564397337
4.0,5.0,4.0,1.0,3.0,1.0,2.833889614483783
4.0,5.0,4.0,1.0,3.0,3.0,3.2454515054594064
4.0,5.0,4.0,1.0,3.0,4.0,3.4399521493276346
4.0,5.0,4.0,1.0,4.0,3.0,3.3788060094578185
4.0,5.0,4.0,1.0,5.0,4.0,3.717941826962814
4.0,5.0,4.0,2.0,1.0,1.0,2.6857678401492704
4.0,5.0,4.0,2.0,1.0,3.0,3.0845850849246967
4.0,5.0,4.0,2.0,1.0,4.0,3.2863214889417427
4.0,5.0,4.0,2.0,1.0,5.0,3.4971413563741733
4.0,5.0,4.0,2.0,2.0,1.0,2.8198278316574013
4.0,5.0,4.0,2.0,2.0,2.0,3.0245194705211254
4.0,5.0,4.0,2.0,3.0,1.0,2.9563936416785586
4.0,5.0,4.0,2.0,3.0,2.0,3.1725745532730785
4.0,5.0,4.0,2.0,3.0,3.0,3.3626604247712546
4.0,5.0,4.0,2.0,3.0,4.0,3.574242296341884
4.0,5.0,4.0,2.0,3.0,5.0,3.767766965635681
4.0,5.0,4.0,2.0,4.0,2.0,3.3048916816424376
4.0,5.0,4.0,2.0,4.0,3.0,3.4917429547444634
4.0,5.0,4.0,2.0,4.0,4.0,3.7083953566323347
4.0,5.0,4.0,2.0,4.0,5.0,3.9093103688929287
4.0,5.0,4.0,2.0,5.0,2.0,3.432800229900633
4.0,5.0,4.0,2.0,5.0,3.0,3.631163451897482
4.0,5.0,4.0,2.0,5.0,4.0,3.8410676346661274
4.0,5.0,4.0,2.0,5.0,5.0,4.046045963775097
4.0,5.0,4.0,3.0,1.0,1.0,2.808271695187971
4.0,5.0,4.0,3.0,1.0,2.0,3.0139982871257214
4.0,5.0,4.0,3.0,1.0,3.0,3.208083171137408
4.0,5.0,4.0,3.0,1.0,4.0,3.4177808500334996
4.0,5.0,4.0,3.0,2.0,1.0,2.949459861711197
4.0,5.0,4.0,3.0,2.0,2.0,3.1423743327048292
4.0,5.0,4.0,3.0,2.0,3.0,3.351881215040885
4.0,5.0,4.0,3.0,2.0,4.0,3.560220999076567
4.0,5.0,4.0,3.0,2.0,5.0,3.754919381945406
4.0,5.0,4.0,3.0,3.0,2.0,3.281486120622751
4.0,5.0,4.0,3.0,3.0,3.0,3.5325636581434376
4.0,5.0,4.0,3.0,3.0,4.0,3.7413639005054695
4.0,5.0,4.0,3.0,3.0,5.0,3.895416867644969
4.0,5.0,4.0,3.0,4.0,1.0,3.207520560724492
4.0,5.0,4.0,3.0,4.0,2.0,3.4170481782724296
4.0,5.0,4.0,3.0,4.0,3.0,3.6858049664866868
4.0,5.0,4.0,3.0,4.0,4.0,3.875401672812904
4.0,5.0,4.0,3.0,4.0,5.0,4.033412357752834
4.0,5.0,4.0,3.0,5.0,2.0,3.5509863340284977
4.0,5.0,4.0,3.0,5.0,3.0,3.7659980013488017
4.0,5.0,4.0,3.0,5.0,4.0,3.9680419093316055
4.0,5.0,4.0,3.0,5.0,5.0,4.170304855697502
4.0,5.0,4.0,4.0,1.0,2.0,3.1277216170853355
4.0,5.0,4.0,4.0,1.0,3.0,3.326895969400096
4.0,5.0,4.0,4.0,1.0,4.0,3.5370212886908807
4.0,5.0,4.0,4.0,1.0,5.0,3.7314493500254646
4.0,5.0,4.0,4.0,2.0,1.0,3.068046785554738
4.0,5.0,4.0,4.0,2.0,2.0,3.2727595319793443
4.0,5.0,4.0,4.0,2.0,3.0,3.474567005230787
4.0,5.0,4.0,4.0,2.0,4.0,3.6785432954324664
4.0,5.0,4.0,4.0,2.0,5.0,3.875503286455116
4.0,5.0,4.0,4.0,3.0,1.0,3.1974839621491826
4.0,5.0,4.0,4.0,3.0,2.0,3.4079034372375627
4.0,5.0,4.0,4.0,3.0,3.0,3.705312626429682
4.0,5.0,4.0,4.0,3.0,4.0,3.9227338322427263
4.0,5.0,4.0,4.0,3.0,5.0,4.0440167758107215
4.0,5.0,4.0,4.0,4.0,2.0,3.552398546229175
4.0,5.0,4.0,4.0,4.0,3.0,3.831912184937424
4.0,5.0,4.0,4.0,4.0,4.0,4.0981856808748525
4.0,5.0,4.0,4.0,4.0,5.0,4.2639377429127014
4.0,5.0,4.0,4.0,5.0,2.0,3.6817247031627303
4.0,5.0,4.0,4.0,5.0,3.0,3.9033769726208756
4.0,5.0,4.0,4.0,5.0,4.0,4.163764168502622
4.0,5.0,4.0,4.0,5.0,5.0,4.362907619057596
4.0,5.0,4.0,5.0,1.0,3.0,3.4552241431131963
4.0,5.0,4.0,5.0,1.0,4.0,3.660277231190821
4.0,5.0,4.0,5.0,1.0,5.0,3.8700967595434608
4.0,5.0,4.0,5.0,2.0,2.0,3.3924147141801138
4.0,5.0,4.0,5.0,2.0,3.0,3.5880664287741686
4.0,5.0,4.0,5.0,2.0,4.0,3.8060202194231567
4.0,5.0,4.0,5.0,2.0,5.0,4.005620550197506
4.0,5.0,4.0,5.0,3.0,2.0,3.5255679438971015
4.0,5.0,4.0,5.0,3.0,3.0,3.780309483259488
4.0,5.0,4.0,5.0,3.0,4.0,3.9999924837389123
4.0,5.0,4.0,5.0,3.0,5.0,4.167610367168038
4.0,5.0,4.0,5.0,4.0,2.0,3.670874046077106
4.0,5.0,4.0,5.0,4.0,3.0,3.920664953815675
4.0,5.0,4.0,5.0,4.0,4.0,4.1766688275923025
4.0,5.0,4.0,5.0,4.0,5.0,4.402716747109296
4.0,5.0,4.0,5.0,5.0,2.0,3.8156726351462367
4.0,5.0,4.0,5.0,5.0,3.0,4.018131522312552
4.0,5.0,4.0,5.0,5.0,4.0,4.266698399180529
4.0,5.0,4.0,5.0,5.0,5.0,4.511221764658085
4.0,5.0,5.0,1.0,2.0,1.0,2.9437480295319287
4.0,5.0,5.0,1.0,3.0,1.0,3.081019418139945
4.0,5.0,5.0,1.0,3.0,3.0,3.492581474171046
4.0,5.0,5.0,1.0,3.0,4.0,3.690528624736563
4.0,5.0,5.0,2.0,2.0,1.0,3.078002607122236
4.0,5.0,5.0,2.0,2.0,2.0,3.2720332029356314
4.0,5.0,5.0,2.0,2.0,3.0,3.4778141492440984
4.0,5.0,5.0,2.0,3.0,1.0,3.215273856447983
4.0,5.0,5.0,2.0,3.0,2.0,3.411608894210064
4.0,5.0,5.0,2.0,3.0,3.0,3.610303766806503
4.0,5.0,5.0,2.0,3.0,4.0,3.8208662809430916
4.0,5.0,5.0,2.0,4.0,3.0,3.7503947506871604
4.0,5.0,5.0,2.0,4.0,4.0,3.9583010984887332
4.0,5.0,5.0,2.0,4.0,5.0,4.163918769380562
4.0,5.0,5.0,2.0,5.0,2.0,3.687763924117684
4.0,5.0,5.0,2.0,5.0,3.0,3.8904856116423003
4.0,5.0,5.0,2.0,5.0,5.0,4.3011898736438825
4.0,5.0,5.0,3.0,1.0,4.0,3.6740220053229224
4.0,5.0,5.0,3.0,2.0,2.0,3.3992431736007345
4.0,5.0,5.0,3.0,2.0,3.0,3.602627198459264
4.0,5.0,5.0,3.0,2.0,4.0,3.8021821164576104
4.0,5.0,5.0,3.0,2.0,5.0,4.004014525983138
4.0,5.0,5.0,3.0,3.0,1.0,3.337777367618288
4.0,5.0,5.0,3.0,3.0,2.0,3.5357251531994325
4.0,5.0,5.0,3.0,3.0,3.0,3.7672429130214384
4.0,5.0,5.0,3.0,3.0,4.0,3.946906271941083
4.0,5.0,5.0,3.0,3.0,5.0,4.1507077816674025
4.0,5.0,5.0,3.0,4.0,2.0,3.6729225234365814
4.0,5.0,5.0,3.0,4.0,3.0,3.897043101939831
4.0,5.0,5.0,3.0,4.0,4.0,4.098622755310178
4.0,5.0,5.0,3.0,4.0,5.0,4.277304296146285
4.0,5.0,5.0,3.0,5.0,2.0,3.8141843408752405
4.0,5.0,5.0,3.0,5.0,3.0,4.015156676838664
4.0,5.0,5.0,3.0,5.0,4.0,4.213042544569206
4.0,5.0,5.0,3.0,5.0,5.0,4.402942726945407
4.0,5.0,5.0,4.0,1.0,2.0,3.3797693541308185
4.0,5.0,5.0,4.0,1.0,3.0,3.584885247092874
4.0,5.0,5.0,4.0,1.0,4.0,3.7898837010426862
4.0,5.0,5.0,4.0,2.0,1.0,3.3190928888338007
4.0,5.0,5.0,4.0,2.0,2.0,3.5209576920779053
4.0,5.0,5.0,4.0,2.0,3.0,3.7219610570938455
4.0,5.0,5.0,4.0,2.0,4.0,3.928600893289469
4.0,5.0,5.0,4.0,2.0,5.0,4.128951483379473
4.0,5.0,5.0,4.0,3.0,2.0,3.668659174595956
4.0,5.0,5.0,4.0,3.0,3.0,3.8866774626259093
4.0,5.0,5.0,4.0,3.0,4.0,4.106831356166034
4.0,5.0,5.0,4.0,3.0,5.0,4.273714998121335
4.0,5.0,5.0,4.0,4.0,2.0,3.797089410870049
4.0,5.0,5.0,4.0,4.0,3.0,4.021591844424035
4.0,5.0,5.0,4.0,4.0,4.0,4.211053830349
4.0,5.0,5.0,4.0,4.0,5.0,4.4734128475617405
4.0,5.0,5.0,4.0,5.0,2.0,3.9327715119852327
4.0,5.0,5.0,4.0,5.0,3.0,4.117591387086239
4.0,5.0,5.0,4.0,5.0,4.0,4.338793905332485
4.0,5.0,5.0,4.0,5.0,5.0,4.525577619760011
4.0,5.0,5.0,5.0,1.0,1.0,3.304325253646711
4.0,5.0,5.0,5.0,1.0,3.0,3.709193189384564
4.0,5.0,5.0,5.0,1.0,4.0,3.90246575315186
4.0,5.0,5.0,5.0,1.0,5.0,4.12162835274282
4.0,5.0,5.0,5.0,2.0,2.0,3.639858530162583
4.0,5.0,5.0,5.0,2.0,3.0,3.843249807544352
4.0,5.0,5.0,5.0,2.0,4.0,4.045239090259173
4.0,5.0,5.0,5.0,2.0,5.0,4.244438637183618
4.0,5.0,5.0,5.0,3.0,2.0,3.773784135500928
4.0,5.0,5.0,5.0,3.0,3.0,3.980785348328411
4.0,5.0,5.0,5.0,3.0,4.0,4.194129977405555
4.0,5.0,5.0,5.0,3.0,5.0,4.363552982268519
4.0,5.0,5.0,5.0,4.0,3.0,4.128869114158811
4.0,5.0,5.0,5.0,4.0,4.0,4.383003729196834
4.0,5.0,5.0,5.0,4.0,5.0,4.567833165007125
4.0,5.0,5.0,5.0,5.0,1.0,3.8573327405157447
4.0,5.0,5.0,5.0,5.0,2.0,4.058503984865783
4.0,5.0,5.0,5.0,5.0,3.0,4.245112445452707
4.0,5.0,5.0,5.0,5.0,4.0,4.468556673396132
4.0,5.0,5.0,5.0,5.0,5.0,4.6791593219005
5.0,1.0,1.0,1.0,1.0,1.0,1.8938189466548185
5.0,1.0,1.0,1.0,2.0,1.0,2.0104268511792105
5.0,1.0,1.0,2.0,2.0,3.0,2.5405824174393676
5.0,1.0,1.0,2.0,3.0,2.0,2.4720669550123793
5.0,1.0,1.0,3.0,1.0,1.0,2.118164684376751
5.0,1.0,1.0,3.0,1.0,2.0,2.323944837792146
5.0,1.0,1.0,3.0,1.0,3.0,2.5218926590062574
5.0,1.0,1.0,4.0,1.0,1.0,2.244583914200776
5.0,1.0,1.0,4.0,1.0,3.0,2.6522306815066496
5.0,1.0,1.0,4.0,1.0,4.0,2.854097069929468
5.0,1.0,1.0,4.0,3.0,2.0,2.720998517457578
5.0,1.0,1.0,4.0,4.0,5.0,3.4677708125649294
5.0,1.0,1.0,5.0,2.0,1.0,2.5004533059830334
5.0,1.0,1.0,5.0,3.0,4.0,3.2472213544073245
5.0,1.0,1.0,5.0,5.0,3.0,3.319898255963867
5.0,1.0,1.0,5.0,5.0,5.0,3.719714018467336
5.0,1.0,2.0,1.0,1.0,1.0,2.111145219572652
5.0,1.0,2.0,2.0,4.0,2.0,2.864303722705906
5.0,1.0,2.0,3.0,1.0,3.0,2.7729406181155865
5.0,1.0,2.0,3.0,2.0,1.0,2.5143170264611063
5.0,1.0,2.0,4.0,1.0,1.0,2.4956320948169957
5.0,1.0,2.0,4.0,1.0,2.0,2.7014137043571353
5.0,1.0,2.0,4.0,3.0,4.0,3.375763604022427
5.0,1.0,2.0,5.0,2.0,5.0,3.5706933430674748
5.0,1.0,2.0,5.0,3.0,4.0,3.502187596150751
5.0,1.0,2.0,5.0,3.0,5.0,3.704051600216984
5.0,1.0,2.0,5.0,4.0,4.0,3.639458643804466
5.0,1.0,2.0,5.0,5.0,5.0,3.9747752711896793
5.0,1.0,3.0,1.0,1.0,2.0,2.5849482510630812
5.0,1.0,3.0,1.0,2.0,1.0,2.512522192160173
5.0,1.0,3.0,2.0,1.0,1.0,2.5016712293795664
5.0,1.0,3.0,2.0,2.0,2.0,2.848640163954563
5.0,1.0,3.0,2.0,4.0,3.0,3.3211295396207485
5.0,1.0,3.0,3.0,1.0,1.0,2.624174842706901
5.0,1.0,3.0,3.0,1.0,2.0,2.815011674973905
5.0,1.0,3.0,3.0,2.0,3.0,3.1690908319813946
5.0,1.0,3.0,3.0,3.0,3.0,3.3012652765543926
5.0,1.0,3.0,3.0,4.0,2.0,3.248630254007034
5.0,1.0,3.0,3.0,5.0,3.0,3.5809050721077775
5.0,1.0,3.0,4.0,1.0,3.0,3.150406688629408
5.0,1.0,3.0,4.0,2.0,2.0,3.089731531169112
5.0,1.0,3.0,4.0,2.0,4.0,3.4934589143528556
5.0,1.0,3.0,4.0,3.0,3.0,3.431094400966363
5.0,1.0,3.0,4.0,4.0,3.0,3.5661376345898934
5.0,1.0,3.0,4.0,4.0,4.0,3.7680021104853307
5.0,1.0,3.0,4.0,4.0,5.0,3.9737823560662715
5.0,1.0,3.0,4.0,5.0,3.0,3.6955748779904822
5.0,1.0,3.0,5.0,1.0,3.0,3.2768277087355258
5.0,1.0,3.0,5.0,1.0,4.0,3.4826080013267
5.0,1.0,3.0,5.0,2.0,3.0,3.4140980975854394
5.0,1.0,3.0,5.0,2.0,4.0,3.6159630188228165
5.0,1.0,3.0,5.0,3.0,3.0,3.5513701479040454
5.0,1.0,3.0,5.0,3.0,5.0,3.95509821642957
5.0,1.0,3.0,5.0,4.0,3.0,3.6847244161243666
5.0,1.0,3.0,5.0,4.0,4.0,3.8870304694352686
5.0,1.0,3.0,5.0,4.0,5.0,4.092369731812167
5.0,1.0,3.0,5.0,5.0,4.0,4.031693808837071
5.0,1.0,3.0,5.0,5.0,5.0,4.222240167232298
5.0,1.0,4.0,2.0,1.0,2.0,2.954582132393741
5.0,1.0,4.0,2.0,5.0,1.0,3.301802118385753
5.0,1.0,4.0,3.0,1.0,3.0,3.275033135231069
5.0,1.0,4.0,3.0,2.0,2.0,3.217422741410327
5.0,1.0,4.0,3.0,2.0,3.0,3.420138062215603
5.0,1.0,4.0,4.0,2.0,3.0,3.5426418047186363
5.0,1.0,4.0,4.0,4.0,2.0,3.6153212946264595
5.0,1.0,4.0,4.0,4.0,3.0,3.8211009754772727
5.0,1.0,4.0,4.0,4.0,4.0,4.0189737426862475
5.0,1.0,4.0,5.0,1.0,3.0,3.523957567641601
5.0,1.0,4.0,5.0,3.0,3.0,3.8031874412783426
5.0,1.0,4.0,5.0,4.0,4.0,4.145469218902228
5.0,1.0,4.0,5.0,4.0,5.0,4.347333308870353
5.0,1.0,4.0,5.0,5.0,3.0,4.076960971547631
5.0,1.0,4.0,5.0,5.0,5.0,4.465289545305073
5.0,1.0,5.0,2.0,2.0,5.0,3.952407066342623
5.0,1.0,5.0,3.0,3.0,2.0,3.606591312239267
5.0,1.0,5.0,4.0,1.0,3.0,3.6525002227765793
5.0,1.0,5.0,4.0,5.0,5.0,4.617066787753971
5.0,1.0,5.0,5.0,1.0,2.0,3.5731406206888696
5.0,1.0,5.0,5.0,1.0,5.0,4.178731807802272
5.0,1.0,5.0,5.0,2.0,2.0,3.718243647141851
5.0,1.0,5.0,5.0,3.0,5.0,4.449750173990409
5.0,1.0,5.0,5.0,4.0,3.0,4.190735163450887
5.0,1.0,5.0,5.0,4.0,5.0,4.599946883953945
5.0,1.0,5.0,5.0,5.0,5.0,4.736293202531781
5.0,2.0,1.0,1.0,1.0,1.0,1.9379068462273374
5.0,2.0,1.0,2.0,3.0,2.0,2.5368174306589397
5.0,2.0,1.0,2.0,3.0,3.0,2.7465147200385998
5.0,2.0,1.0,3.0,1.0,1.0,2.1853790219522704
5.0,2.0,1.0,3.0,1.0,3.0,2.5944768006529806
5.0,2.0,1.0,3.0,2.0,1.0,2.320185932593162
5.0,2.0,1.0,3.0,2.0,3.0,2.723913589186339
5.0,2.0,1.0,3.0,3.0,1.0,2.4574570739085453
5.0,2.0,1.0,3.0,4.0,4.0,3.2081543201675298
5.0,2.0,1.0,4.0,4.0,3.0,3.1287933638741316
5.0,2.0,1.0,5.0,1.0,1.0,2.431839269379944
5.0,2.0,1.0,5.0,2.0,3.0,2.976754209061551
5.0,2.0,1.0,5.0,4.0,1.0,2.843651928076673
5.0,2.0,1.0,5.0,5.0,4.0,3.5904341754104485
5.0,2.0,2.0,1.0,1.0,1.0,2.188953692392798
5.0,2.0,2.0,1.0,1.0,2.0,2.3986513158314016
5.0,2.0,2.0,2.0,1.0,2.0,2.5172384786682986
5.0,2.0,2.0,2.0,1.0,3.0,2.7191027255926876
5.0,2.0,2.0,2.0,2.0,2.0,2.648053930138217
5.0,2.0,2.0,2.0,2.0,3.0,2.8563734445958615
5.0,2.0,2.0,2.0,3.0,3.0,2.9936451738507817
5.0,2.0,2.0,3.0,1.0,2.0,2.6386557884962056
5.0,2.0,2.0,3.0,2.0,1.0,2.5751493494284117
5.0,2.0,2.0,3.0,2.0,2.0,2.777883380372725
5.0,2.0,2.0,3.0,2.0,3.0,2.9827945000621963
5.0,2.0,2.0,3.0,3.0,1.0,2.7124207700776073
5.0,2.0,2.0,3.0,4.0,1.0,2.853608846343824
5.0,2.0,2.0,4.0,1.0,2.0,2.7661628136688226
5.0,2.0,2.0,4.0,2.0,2.0,2.899517474109151
5.0,2.0,2.0,4.0,3.0,2.0,3.0367880475060627
5.0,2.0,2.0,4.0,4.0,3.0,3.383757611285194
5.0,2.0,2.0,4.0,4.0,4.0,3.5788196477290293
5.0,2.0,2.0,4.0,5.0,2.0,3.315247369872198
5.0,2.0,2.0,5.0,1.0,1.0,2.6763190316056935
5.0,2.0,2.0,5.0,1.0,2.0,2.888666688286257
5.0,2.0,2.0,5.0,1.0,3.0,3.0905304303711993
5.0,2.0,2.0,5.0,2.0,2.0,3.0220205090840815
5.0,2.0,2.0,5.0,3.0,2.0,3.163209292666064
5.0,2.0,2.0,5.0,3.0,3.0,3.36364874654538
5.0,2.0,2.0,5.0,3.0,5.0,3.7648845297681115
5.0,2.0,2.0,5.0,4.0,3.0,3.5023446783511076
5.0,2.0,2.0,5.0,4.0,4.0,3.709264474112182
5.0,2.0,2.0,5.0,5.0,3.0,3.6396162000193795
5.0,2.0,2.0,5.0,5.0,4.0,3.8414798589636563
5.0,2.0,2.0,5.0,5.0,5.0,4.031224207729913
5.0,2.0,3.0,1.0,2.0,2.0,2.7830525556276755
5.0,2.0,3.0,1.0,3.0,1.0,2.7184598240386277
5.0,2.0,3.0,2.0,3.0,2.0,3.046744551952491
5.0,2.0,3.0,2.0,4.0,3.0,3.3843742297853048
5.0,2.0,3.0,3.0,1.0,2.0,2.8947058852436216
5.0,2.0,3.0,3.0,2.0,2.0,3.031852479501206
5.0,2.0,3.0,3.0,2.0,3.0,3.232928748912231
5.0,2.0,3.0,3.0,2.0,4.0,3.4418090815915954
5.0,2.0,3.0,3.0,3.0,2.0,3.168587938477759
5.0,2.0,3.0,3.0,3.0,3.0,3.36966446695149
5.0,2.0,3.0,3.0,3.0,4.0,3.5729767134205317
5.0,2.0,3.0,3.0,4.0,2.0,3.3065196879200154
5.0,2.0,3.0,3.0,4.0,3.0,3.506399969811553
5.0,2.0,3.0,3.0,5.0,4.0,3.8514362262378494
5.0,2.0,3.0,3.0,5.0,5.0,4.053300220221399
5.0,2.0,3.0,4.0,1.0,2.0,3.0172096450293275
5.0,2.0,3.0,4.0,1.0,5.0,3.6228010592287294
5.0,2.0,3.0,4.0,2.0,1.0,2.9486997512000284
5.0,2.0,3.0,4.0,2.0,3.0,3.3666605787393094
5.0,2.0,3.0,4.0,2.0,4.0,3.554292364842652
5.0,2.0,3.0,4.0,3.0,3.0,3.480441291294233
5.0,2.0,3.0,4.0,3.0,4.0,3.693960601222984
5.0,2.0,3.0,4.0,4.0,3.0,3.6235589933344095
5.0,2.0,3.0,4.0,4.0,4.0,3.8302362825955356
5.0,2.0,3.0,4.0,5.0,3.0,3.769063262655445
5.0,2.0,3.0,4.0,5.0,4.0,3.947342945565115
5.0,2.0,3.0,4.0,5.0,5.0,4.178324032183878
5.0,2.0,3.0,5.0,1.0,3.0,3.3454943532348933
5.0,2.0,3.0,5.0,1.0,4.0,3.5335172058555164
5.0,2.0,3.0,5.0,1.0,5.0,3.7453056894895576
5.0,2.0,3.0,5.0,2.0,2.0,3.2769846570743018
5.0,2.0,3.0,5.0,2.0,3.0,3.4769802899486524
5.0,2.0,3.0,5.0,2.0,4.0,3.6807129712409803
5.0,2.0,3.0,5.0,2.0,5.0,3.8791332205329594
5.0,2.0,3.0,5.0,3.0,1.0,3.216307724970871
5.0,2.0,3.0,5.0,3.0,2.0,3.4181730009266706
5.0,2.0,3.0,5.0,3.0,3.0,3.6137157831547895
5.0,2.0,3.0,5.0,3.0,4.0,3.821901015087291
5.0,2.0,3.0,5.0,3.0,5.0,4.015868585493977
5.0,2.0,3.0,5.0,4.0,3.0,3.750451416752701
5.0,2.0,3.0,5.0,4.0,4.0,3.9452187557176552
5.0,2.0,3.0,5.0,4.0,5.0,4.155293814626579
5.0,2.0,3.0,5.0,5.0,3.0,3.880777680232169
5.0,2.0,3.0,5.0,5.0,4.0,4.091098300805439
5.0,2.0,3.0,5.0,5.0,5.0,4.30476006374128
5.0,2.0,4.0,2.0,2.0,3.0,3.358467297880466
5.0,2.0,4.0,2.0,4.0,2.0,3.433364835173929
5.0,2.0,4.0,2.0,5.0,3.0,3.778115255745763
5.0,2.0,4.0,3.0,1.0,3.0,3.347616716866831
5.0,2.0,4.0,3.0,2.0,2.0,3.2869405835657655
5.0,2.0,4.0,3.0,2.0,4.0,3.6867521553437723
5.0,2.0,4.0,3.0,3.0,3.0,3.6221592623160173
5.0,2.0,4.0,3.0,3.0,4.0,3.8279402826542253
5.0,2.0,4.0,3.0,4.0,2.0,3.5575666291203376
5.0,2.0,4.0,3.0,4.0,4.0,3.9573779128832194
5.0,2.0,4.0,3.0,5.0,3.0,3.900618373750741
5.0,2.0,4.0,4.0,1.0,3.0,3.468286031187929
5.0,2.0,4.0,4.0,1.0,5.0,3.8699319314516116
5.0,2.0,4.0,4.0,2.0,2.0,3.405527660055932
5.0,2.0,4.0,4.0,2.0,3.0,3.605021499641326
5.0,2.0,4.0,4.0,3.0,3.0,3.751500491810779
5.0,2.0,4.0,4.0,3.0,5.0,4.1523081470204435
5.0,2.0,4.0,4.0,4.0,3.0,3.867817705043944
5.0,2.0,4.0,4.0,4.0,4.0,4.080638259000026
5.0,2.0,4.0,4.0,4.0,5.0,4.288449416133353
5.0,2.0,4.0,4.0,5.0,4.0,4.223237425774924
5.0,2.0,4.0,4.0,5.0,5.0,4.421283116861688
5.0,2.0,4.0,5.0,1.0,4.0,3.8023218773271004
5.0,2.0,4.0,5.0,1.0,5.0,3.9885625980768102
5.0,2.0,4.0,5.0,3.0,3.0,3.871586737904367
5.0,2.0,4.0,5.0,3.0,5.0,4.264901722626592
5.0,2.0,4.0,5.0,4.0,3.0,4.00051614643726
5.0,2.0,4.0,5.0,4.0,4.0,4.2092183788706015
5.0,2.0,4.0,5.0,4.0,5.0,4.408008441397516
5.0,2.0,4.0,5.0,5.0,3.0,4.145057845042411
5.0,2.0,4.0,5.0,5.0,4.0,4.34732548778733
5.0,2.0,4.0,5.0,5.0,5.0,4.53341326339524
5.0,2.0,5.0,1.0,4.0,2.0,3.5557719793721274
5.0,2.0,5.0,3.0,3.0,2.0,3.679175598891305
5.0,2.0,5.0,3.0,3.0,3.0,3.873206084469171
5.0,2.0,5.0,3.0,4.0,3.0,4.014394056418557
5.0,2.0,5.0,3.0,4.0,5.0,4.422039664493386
5.0,2.0,5.0,4.0,3.0,3.0,3.995726207014347
5.0,2.0,5.0,4.0,4.0,2.0,3.9271995900426124
5.0,2.0,5.0,4.0,4.0,3.0,4.136898002797743
5.0,2.0,5.0,4.0,4.0,4.0,4.341342009321434
5.0,2.0,5.0,4.0,4.0,5.0,4.538218087781184
5.0,2.0,5.0,4.0,5.0,4.0,4.476583211209424
5.0,2.0,5.0,4.0,5.0,5.0,4.677897231769684
5.0,2.0,5.0,5.0,1.0,3.0,3.8436708245335542
5.0,2.0,5.0,5.0,2.0,5.0,4.387071151508386
5.0,2.0,5.0,5.0,3.0,3.0,4.121653926819624
5.0,2.0,5.0,5.0,3.0,4.0,4.3267096786881085
5.0,2.0,5.0,5.0,3.0,5.0,4.5277085785508655
5.0,2.0,5.0,5.0,4.0,3.0,4.262291323520574
5.0,2.0,5.0,5.0,4.0,4.0,4.456579647256152
5.0,2.0,5.0,5.0,4.0,5.0,4.6644696681541955
5.0,2.0,5.0,5.0,5.0,3.0,4.393589005370457
5.0,2.0,5.0,5.0,5.0,4.0,4.585720023481219
5.0,2.0,5.0,5.0,5.0,5.0,4.778502429459999
5.0,3.0,1.0,1.0,1.0,1.0,1.9910450475961985
5.0,3.0,1.0,1.0,2.0,1.0,2.126687015031805
5.0,3.0,1.0,1.0,2.0,3.0,2.5436563637944896
5.0,3.0,1.0,1.0,3.0,1.0,2.275043766336939
5.0,3.0,1.0,1.0,3.0,3.0,2.680927704693886
5.0,3.0,1.0,1.0,4.0,1.0,2.430138601194778
5.0,3.0,1.0,2.0,1.0,1.0,2.120300528653539
5.0,3.0,1.0,2.0,1.0,3.0,2.522922905044072
5.0,3.0,1.0,2.0,2.0,1.0,2.257505629141033
5.0,3.0,1.0,2.0,2.0,3.0,2.6700765233042
5.0,3.0,1.0,2.0,3.0,1.0,2.4036200384520052
5.0,3.0,1.0,2.0,3.0,2.0,2.6094009199921424
5.0,3.0,1.0,3.0,1.0,1.0,2.2409152841377127
5.0,3.0,1.0,3.0,2.0,3.0,2.793389924564037
5.0,3.0,1.0,3.0,3.0,1.0,2.5279725737481855
5.0,3.0,1.0,3.0,3.0,2.0,2.7279879817821286
5.0,3.0,1.0,3.0,4.0,2.0,2.869176087960538
5.0,3.0,1.0,3.0,4.0,4.0,3.272904287762539
5.0,3.0,1.0,4.0,1.0,1.0,2.374085128155133
5.0,3.0,1.0,4.0,1.0,3.0,2.7817299105501925
5.0,3.0,1.0,4.0,2.0,3.0,2.919001649009814
5.0,3.0,1.0,4.0,2.0,5.0,3.3227276116062554
5.0,3.0,1.0,4.0,3.0,1.0,2.6447108559051964
5.0,3.0,1.0,4.0,3.0,3.0,3.0523550899216914
5.0,3.0,1.0,4.0,4.0,1.0,2.7819821060697123
5.0,3.0,1.0,4.0,4.0,3.0,3.193544052085815
5.0,3.0,1.0,4.0,4.0,4.0,3.397766887828553
5.0,3.0,1.0,4.0,5.0,5.0,3.7355791305783197
5.0,3.0,1.0,5.0,1.0,2.0,2.6984533400400372
5.0,3.0,1.0,5.0,1.0,4.0,3.102180913983686
5.0,3.0,1.0,5.0,2.0,3.0,3.041505121973037
5.0,3.0,1.0,5.0,3.0,1.0,2.7720232970478653
5.0,3.0,1.0,5.0,3.0,3.0,3.1709428943401012
5.0,3.0,1.0,5.0,3.0,5.0,3.5746716708938004
5.0,3.0,1.0,5.0,4.0,2.0,3.110266169418255
5.0,3.0,1.0,5.0,5.0,5.0,3.8609638953478247
5.0,3.0,2.0,1.0,1.0,1.0,2.2517311010575174
5.0,3.0,2.0,1.0,2.0,1.0,2.3840482934473517
5.0,3.0,2.0,1.0,2.0,2.0,2.5967557634839227
5.0,3.0,2.0,1.0,3.0,1.0,2.5339883218772723
5.0,3.0,2.0,1.0,3.0,2.0,2.7340269650335998
5.0,3.0,2.0,1.0,3.0,3.0,2.9322391751674988
5.0,3.0,2.0,2.0,1.0,3.0,2.7838524006086125
5.0,3.0,2.0,2.0,2.0,2.0,2.7203549010414987
5.0,3.0,2.0,2.0,2.0,3.0,2.9214312756277407
5.0,3.0,2.0,2.0,3.0,1.0,2.654666813428786
5.0,3.0,2.0,2.0,3.0,2.0,2.853188555711839
5.0,3.0,2.0,2.0,3.0,3.0,3.0583951231935123
5.0,3.0,2.0,2.0,4.0,3.0,3.199582978039751
5.0,3.0,2.0,2.0,5.0,3.0,3.336854255688313
5.0,3.0,2.0,3.0,1.0,1.0,2.5006667361562602
5.0,3.0,2.0,3.0,1.0,2.0,2.7029023223600785
5.0,3.0,2.0,3.0,1.0,3.0,2.9035719201625967
5.0,3.0,2.0,3.0,2.0,2.0,2.8397292849307534
5.0,3.0,2.0,3.0,2.0,3.0,3.04278911236118
5.0,3.0,2.0,3.0,3.0,1.0,2.7810874046422396
5.0,3.0,2.0,3.0,3.0,2.0,2.9755948318652514
5.0,3.0,2.0,3.0,3.0,3.0,3.185821338559592
5.0,3.0,2.0,3.0,4.0,2.0,3.116305948497362
5.0,3.0,2.0,3.0,4.0,3.0,3.3195830208101667
5.0,3.0,2.0,3.0,4.0,4.0,3.5278680561364446
5.0,3.0,2.0,3.0,5.0,3.0,3.45756571999229
5.0,3.0,2.0,4.0,1.0,3.0,3.0247484258405577
5.0,3.0,2.0,4.0,2.0,2.0,2.964544513257023
5.0,3.0,2.0,4.0,2.0,3.0,3.1700482894464677
5.0,3.0,2.0,4.0,2.0,4.0,3.371912112896397
5.0,3.0,2.0,4.0,3.0,1.0,2.8996742131433777
5.0,3.0,2.0,4.0,3.0,2.0,3.108522369173897
5.0,3.0,2.0,4.0,3.0,3.0,3.304420719077765
5.0,3.0,2.0,4.0,3.0,4.0,3.518756417480438
5.0,3.0,2.0,4.0,3.0,5.0,3.7149647938061454
5.0,3.0,2.0,4.0,4.0,2.0,3.2427266836577973
5.0,3.0,2.0,4.0,4.0,3.0,3.4450211931933943
5.0,3.0,2.0,4.0,4.0,4.0,3.6464549250477694
5.0,3.0,2.0,4.0,5.0,3.0,3.5818621803243165
5.0,3.0,2.0,4.0,5.0,5.0,3.9895072512197465
5.0,3.0,2.0,5.0,1.0,2.0,2.9421180677769563
5.0,3.0,2.0,5.0,1.0,3.0,3.1552807306642574
5.0,3.0,2.0,5.0,1.0,4.0,3.344045397857303
5.0,3.0,2.0,5.0,2.0,2.0,3.090688009729799
5.0,3.0,2.0,5.0,2.0,3.0,3.2925519247905832
5.0,3.0,2.0,5.0,2.0,4.0,3.494416169249794
5.0,3.0,2.0,5.0,2.0,5.0,3.6923640079934623
5.0,3.0,2.0,5.0,3.0,2.0,3.2270695630632087
5.0,3.0,2.0,5.0,3.0,3.0,3.4281459395423246
5.0,3.0,2.0,5.0,3.0,4.0,3.6267763789967975
5.0,3.0,2.0,5.0,3.0,5.0,3.837468267987405
5.0,3.0,2.0,5.0,4.0,2.0,3.3691473190552625
5.0,3.0,2.0,5.0,4.0,3.0,3.566572538206307
5.0,3.0,2.0,5.0,4.0,4.0,3.769859852118786
5.0,3.0,2.0,5.0,5.0,3.0,3.7055189879670842
5.0,3.0,2.0,5.0,5.0,4.0,3.9026935438732315
5.0,3.0,2.0,5.0,5.0,5.0,4.105207541850898
5.0,3.0,3.0,1.0,1.0,1.0,2.49887858904051
5.0,3.0,3.0,1.0,1.0,2.0,2.7105312497455674
5.0,3.0,3.0,1.0,2.0,1.0,2.6356141204662444
5.0,3.0,3.0,1.0,2.0,2.0,2.848396286577976
5.0,3.0,3.0,1.0,3.0,1.0,2.7762516592775928
5.0,3.0,3.0,1.0,3.0,2.0,2.973529026762416
5.0,3.0,3.0,1.0,3.0,3.0,3.1823064366225213
5.0,3.0,3.0,1.0,4.0,3.0,3.321688172936527
5.0,3.0,3.0,1.0,5.0,1.0,3.053835354383478
5.0,3.0,3.0,1.0,5.0,5.0,3.8691260451604035
5.0,3.0,3.0,2.0,1.0,1.0,2.628708081636583
5.0,3.0,3.0,2.0,1.0,2.0,2.8201832028593166
5.0,3.0,3.0,2.0,1.0,3.0,3.0388160038439738
5.0,3.0,3.0,2.0,1.0,4.0,3.2406802761959206
5.0,3.0,3.0,2.0,2.0,1.0,2.7693457043315264
5.0,3.0,3.0,2.0,2.0,3.0,3.1656571459600578
5.0,3.0,3.0,2.0,3.0,1.0,2.8986724523240297
5.0,3.0,3.0,2.0,3.0,2.0,3.105107008796794
5.0,3.0,3.0,2.0,3.0,3.0,3.3058469958969314
5.0,3.0,3.0,2.0,3.0,4.0,3.520853768849206
5.0,3.0,3.0,2.0,4.0,2.0,3.242944720460786
5.0,3.0,3.0,2.0,4.0,3.0,3.4453955561946845
5.0,3.0,3.0,2.0,5.0,3.0,3.5895090053980065
5.0,3.0,3.0,2.0,5.0,5.0,3.9916294385226405
5.0,3.0,3.0,3.0,1.0,1.0,2.749757935496555
5.0,3.0,3.0,3.0,1.0,2.0,2.9557121637064387
5.0,3.0,3.0,3.0,1.0,3.0,3.1639528088136077
5.0,3.0,3.0,3.0,2.0,2.0,3.070462599656763
5.0,3.0,3.0,3.0,2.0,3.0,3.292206507846084
5.0,3.0,3.0,3.0,2.0,4.0,3.5063062465104835
5.0,3.0,3.0,3.0,3.0,1.0,3.028217204333418
5.0,3.0,3.0,3.0,3.0,2.0,3.234245173668105
5.0,3.0,3.0,3.0,3.0,3.0,3.393751142523585
5.0,3.0,3.0,3.0,3.0,4.0,3.6449363489663265
5.0,3.0,3.0,3.0,3.0,5.0,3.8447243150993184
5.0,3.0,3.0,3.0,4.0,2.0,3.3712697216168936
5.0,3.0,3.0,3.0,4.0,3.0,3.5628169073907414
5.0,3.0,3.0,3.0,4.0,4.0,3.766641048201686
5.0,3.0,3.0,3.0,4.0,5.0,3.980778904722288
5.0,3.0,3.0,3.0,5.0,3.0,3.712655858752607
5.0,3.0,3.0,3.0,5.0,4.0,3.9020511720084294
5.0,3.0,3.0,3.0,5.0,5.0,4.116678801323561
5.0,3.0,3.0,4.0,1.0,1.0,2.8805633280491683
5.0,3.0,3.0,4.0,1.0,2.0,3.0777378515938394
5.0,3.0,3.0,4.0,1.0,3.0,3.267602500194629
5.0,3.0,3.0,4.0,1.0,4.0,3.4761742376886846
5.0,3.0,3.0,4.0,1.0,5.0,3.6875519913562966
5.0,3.0,3.0,4.0,2.0,2.0,3.224428118131754
5.0,3.0,3.0,4.0,2.0,3.0,3.403698389977427
5.0,3.0,3.0,4.0,2.0,4.0,3.6234665542706854
5.0,3.0,3.0,4.0,2.0,5.0,3.8255065544434967
5.0,3.0,3.0,4.0,3.0,2.0,3.349653092560252
5.0,3.0,3.0,4.0,3.0,3.0,3.5470740165746677
5.0,3.0,3.0,4.0,3.0,4.0,3.7816225865661908
5.0,3.0,3.0,4.0,3.0,5.0,3.9622420578605473
5.0,3.0,3.0,4.0,4.0,1.0,3.2879924942874177
5.0,3.0,3.0,4.0,4.0,2.0,3.4824334007510136
5.0,3.0,3.0,4.0,4.0,3.0,3.6723484968701374
5.0,3.0,3.0,4.0,4.0,4.0,3.925930379721249
5.0,3.0,3.0,4.0,4.0,5.0,4.084950315011124
5.0,3.0,3.0,4.0,5.0,3.0,3.8348489864281117
5.0,3.0,3.0,4.0,5.0,4.0,4.0177096354484245
5.0,3.0,3.0,4.0,5.0,5.0,4.228044472978584
5.0,3.0,3.0,5.0,1.0,1.0,2.998687214799823
5.0,3.0,3.0,5.0,1.0,2.0,3.200546573357032
5.0,3.0,3.0,5.0,1.0,3.0,3.404741852212181
5.0,3.0,3.0,5.0,1.0,4.0,3.608191655542879
5.0,3.0,3.0,5.0,1.0,5.0,3.7975579180392933
5.0,3.0,3.0,5.0,2.0,1.0,3.143786615267944
5.0,3.0,3.0,5.0,2.0,2.0,3.333892995124299
5.0,3.0,3.0,5.0,2.0,3.0,3.524896379996363
5.0,3.0,3.0,5.0,2.0,4.0,3.7445471318051746
5.0,3.0,3.0,5.0,2.0,5.0,3.955335954520512
5.0,3.0,3.0,5.0,3.0,1.0,3.2771419359599925
5.0,3.0,3.0,5.0,3.0,2.0,3.4734415035691626
5.0,3.0,3.0,5.0,3.0,3.0,3.6618468927208716
5.0,3.0,3.0,5.0,3.0,4.0,3.8816442057286906
5.0,3.0,3.0,5.0,3.0,5.0,4.106589786249822
5.0,3.0,3.0,5.0,4.0,2.0,3.617774163814244
5.0,3.0,3.0,5.0,4.0,3.0,3.80831327574111
5.0,3.0,3.0,5.0,4.0,4.0,4.039399708547639
5.0,3.0,3.0,5.0,4.0,5.0,4.256355561843809
5.0,3.0,3.0,5.0,5.0,2.0,3.748666711745004
5.0,3.0,3.0,5.0,5.0,3.0,3.938704037465459
5.0,3.0,3.0,5.0,5.0,4.0,4.150534706048773
5.0,3.0,3.0,5.0,5.0,5.0,4.41140016675623
5.0,3.0,4.0,1.0,1.0,2.0,2.9576611618144497
5.0,3.0,4.0,1.0,2.0,3.0,3.3007133393837975
5.0,3.0,4.0,1.0,3.0,2.0,3.24003751005246
5.0,3.0,4.0,1.0,3.0,4.0,3.639848851205318
5.0,3.0,4.0,1.0,5.0,1.0,3.304881969219122
5.0,3.0,4.0,1.0,5.0,2.0,3.5106627432182087
5.0,3.0,4.0,2.0,1.0,3.0,3.289862791676601
5.0,3.0,4.0,2.0,2.0,2.0,3.2252699504171236
5.0,3.0,4.0,2.0,2.0,3.0,3.427134124500356
5.0,3.0,4.0,2.0,2.0,4.0,3.6289982741125106
5.0,3.0,4.0,2.0,3.0,2.0,3.3558360713114364
5.0,3.0,4.0,2.0,3.0,4.0,3.7701863536476785
5.0,3.0,4.0,2.0,3.0,5.0,3.968133538878954
5.0,3.0,4.0,2.0,4.0,3.0,3.7001087012067777
5.0,3.0,4.0,2.0,4.0,4.0,3.9117207024809453
5.0,3.0,4.0,2.0,5.0,3.0,3.8356741131228245
5.0,3.0,4.0,2.0,5.0,5.0,4.246593030055293
5.0,3.0,4.0,3.0,1.0,1.0,3.004721520350956
5.0,3.0,4.0,3.0,1.0,2.0,3.209681208314311
5.0,3.0,4.0,3.0,1.0,4.0,3.6103136879593065
5.0,3.0,4.0,3.0,2.0,2.0,3.3477738232852423
5.0,3.0,4.0,3.0,2.0,3.0,3.5506054494798938
5.0,3.0,4.0,3.0,2.0,4.0,3.748569586155063
5.0,3.0,4.0,3.0,3.0,2.0,3.4775617513705948
5.0,3.0,4.0,3.0,3.0,3.0,3.687632399103683
5.0,3.0,4.0,3.0,3.0,4.0,3.894162464751227
5.0,3.0,4.0,3.0,3.0,5.0,4.094554332949907
5.0,3.0,4.0,3.0,4.0,2.0,3.623789790991805
5.0,3.0,4.0,3.0,4.0,3.0,3.812881712834553
5.0,3.0,4.0,3.0,4.0,4.0,4.027986829231174
5.0,3.0,4.0,3.0,4.0,5.0,4.230920941872987
5.0,3.0,4.0,3.0,5.0,3.0,3.950665226156723
5.0,3.0,4.0,3.0,5.0,4.0,4.1601777742051915
5.0,3.0,4.0,3.0,5.0,5.0,4.363402291773132
5.0,3.0,4.0,4.0,1.0,2.0,3.3369229546227364
5.0,3.0,4.0,4.0,1.0,3.0,3.534870367559931
5.0,3.0,4.0,4.0,1.0,4.0,3.736734660845185
5.0,3.0,4.0,4.0,2.0,1.0,3.26841330273007
5.0,3.0,4.0,4.0,2.0,2.0,3.4686866676262835
5.0,3.0,4.0,4.0,2.0,3.0,3.6785770442612575
5.0,3.0,4.0,4.0,2.0,4.0,3.8725837957173557
5.0,3.0,4.0,4.0,2.0,5.0,4.0797867737736055
5.0,3.0,4.0,4.0,3.0,2.0,3.6121070698687445
5.0,3.0,4.0,4.0,3.0,3.0,3.7980135553278234
5.0,3.0,4.0,4.0,3.0,4.0,4.019387326397591
5.0,3.0,4.0,4.0,3.0,5.0,4.2059953400162575
5.0,3.0,4.0,4.0,4.0,2.0,3.749717309936192
5.0,3.0,4.0,4.0,4.0,3.0,3.936594720246923
5.0,3.0,4.0,4.0,4.0,4.0,4.209464231715305
5.0,3.0,4.0,4.0,4.0,5.0,4.372802640535349
5.0,3.0,4.0,4.0,5.0,3.0,4.08330146082233
5.0,3.0,4.0,4.0,5.0,4.0,4.283128235268598
5.0,3.0,4.0,4.0,5.0,5.0,4.49268978394897
5.0,3.0,4.0,5.0,1.0,1.0,3.26045984851888
5.0,3.0,4.0,5.0,1.0,3.0,3.653457432812283
5.0,3.0,4.0,5.0,1.0,4.0,3.863689127727219
5.0,3.0,4.0,5.0,1.0,5.0,4.064513913643899
5.0,3.0,4.0,5.0,2.0,2.0,3.5966983629885196
5.0,3.0,4.0,5.0,2.0,3.0,3.7923545873481355
5.0,3.0,4.0,5.0,2.0,4.0,3.989059564538787
5.0,3.0,4.0,5.0,2.0,5.0,4.194562139407294
5.0,3.0,4.0,5.0,3.0,2.0,3.7339695527203727
5.0,3.0,4.0,5.0,3.0,3.0,3.940494857823188
5.0,3.0,4.0,5.0,3.0,4.0,4.13534375014032
5.0,3.0,4.0,5.0,3.0,5.0,4.349771675169977
5.0,3.0,4.0,5.0,4.0,3.0,4.059444424457292
5.0,3.0,4.0,5.0,4.0,4.0,4.288811813568392
5.0,3.0,4.0,5.0,4.0,5.0,4.525677710993169
5.0,3.0,4.0,5.0,5.0,2.0,4.008412744085833
5.0,3.0,4.0,5.0,5.0,3.0,4.2237697616459755
5.0,3.0,4.0,5.0,5.0,4.0,4.409634795508072
5.0,3.0,4.0,5.0,5.0,5.0,4.638707106239335
5.0,3.0,5.0,1.0,2.0,2.0,3.3538127389244234
5.0,3.0,5.0,1.0,3.0,1.0,3.2853029023299296
5.0,3.0,5.0,1.0,4.0,4.0,4.032083868679055
5.0,3.0,5.0,2.0,1.0,2.0,3.333820919214618
5.0,3.0,5.0,2.0,1.0,3.0,3.5409095859361113
5.0,3.0,5.0,2.0,2.0,2.0,3.4802334882376607
5.0,3.0,5.0,2.0,2.0,4.0,3.8839617743628003
5.0,3.0,5.0,2.0,3.0,2.0,3.6135879472883503
5.0,3.0,5.0,2.0,3.0,3.0,3.8193688738039633
5.0,3.0,5.0,2.0,5.0,3.0,4.093545109298856
5.0,3.0,5.0,3.0,1.0,5.0,4.071058010563917
5.0,3.0,5.0,3.0,2.0,4.0,4.006465695124272
5.0,3.0,5.0,3.0,3.0,2.0,3.7360918600628823
5.0,3.0,5.0,3.0,3.0,3.0,3.9297789113308386
5.0,3.0,5.0,3.0,3.0,4.0,4.143167788875215
5.0,3.0,5.0,3.0,4.0,3.0,4.045487204959336
5.0,3.0,5.0,3.0,4.0,4.0,4.28172384767878
5.0,3.0,5.0,3.0,4.0,5.0,4.480988079775375
5.0,3.0,5.0,3.0,5.0,3.0,4.21002955060123
5.0,3.0,5.0,3.0,5.0,4.0,4.411602127434491
5.0,3.0,5.0,3.0,5.0,5.0,4.615914206062534
5.0,3.0,5.0,4.0,1.0,3.0,3.7898339446998954
5.0,3.0,5.0,4.0,1.0,4.0,3.9916977055244085
5.0,3.0,5.0,4.0,2.0,1.0,3.5233769609567482
5.0,3.0,5.0,4.0,2.0,3.0,3.9237851929297327
5.0,3.0,5.0,4.0,2.0,4.0,4.1245643763130815
5.0,3.0,5.0,4.0,3.0,2.0,3.8591470647922117
5.0,3.0,5.0,4.0,3.0,3.0,4.041083393549433
5.0,3.0,5.0,4.0,3.0,4.0,4.26033223258527
5.0,3.0,5.0,4.0,3.0,5.0,4.478487970845907
5.0,3.0,5.0,4.0,4.0,3.0,4.181720690048208
5.0,3.0,5.0,4.0,4.0,4.0,4.404078979887394
5.0,3.0,5.0,4.0,4.0,5.0,4.6102795486068775
5.0,3.0,5.0,4.0,5.0,2.0,4.137055778851931
5.0,3.0,5.0,4.0,5.0,3.0,4.323700582649629
5.0,3.0,5.0,4.0,5.0,4.0,4.512604785704325
5.0,3.0,5.0,4.0,5.0,5.0,4.730252619727939
5.0,3.0,5.0,5.0,1.0,1.0,3.5046925857848743
5.0,3.0,5.0,5.0,1.0,2.0,3.7116034122377033
5.0,3.0,5.0,5.0,1.0,3.0,3.904876054259173
5.0,3.0,5.0,5.0,1.0,4.0,4.114201933814023
5.0,3.0,5.0,5.0,1.0,5.0,4.301948485243237
5.0,3.0,5.0,5.0,2.0,3.0,4.053526008571933
5.0,3.0,5.0,5.0,2.0,4.0,4.252423944916185
5.0,3.0,5.0,5.0,2.0,5.0,4.448071347758134
5.0,3.0,5.0,5.0,3.0,3.0,4.166637752119748
5.0,3.0,5.0,5.0,3.0,4.0,4.411195324023284
5.0,3.0,5.0,5.0,3.0,5.0,4.588687831997246
5.0,3.0,5.0,5.0,4.0,2.0,4.118370755121019
5.0,3.0,5.0,5.0,4.0,3.0,4.318105970117898
5.0,3.0,5.0,5.0,4.0,4.0,4.518750283032133
5.0,3.0,5.0,5.0,4.0,5.0,4.728083151558783
5.0,3.0,5.0,5.0,5.0,2.0,4.258545758295424
5.0,3.0,5.0,5.0,5.0,3.0,4.434694759769786
5.0,3.0,5.0,5.0,5.0,4.0,4.6271576260944185
5.0,3.0,5.0,5.0,5.0,5.0,4.839470484068556
5.0,4.0,1.0,1.0,1.0,1.0,2.050938942223115
5.0,4.0,1.0,1.0,1.0,2.0,2.269270784228297
5.0,4.0,1.0,1.0,3.0,1.0,2.3458661502908975
5.0,4.0,1.0,1.0,4.0,3.0,2.8868655326625734
5.0,4.0,1.0,2.0,1.0,2.0,2.3902456287111793
5.0,4.0,1.0,2.0,2.0,2.0,2.530883135700414
5.0,4.0,1.0,2.0,3.0,2.0,2.667618702474426
5.0,4.0,1.0,2.0,4.0,2.0,2.807505254725351
5.0,4.0,1.0,2.0,5.0,2.0,2.9486933275483738
5.0,4.0,1.0,3.0,1.0,3.0,2.72005924414395
5.0,4.0,1.0,3.0,3.0,1.0,2.5924698498378094
5.0,4.0,1.0,3.0,3.0,2.0,2.788821095018969
5.0,4.0,1.0,3.0,3.0,3.0,2.998518749104218
5.0,4.0,1.0,3.0,3.0,4.0,3.200382983751798
5.0,4.0,1.0,3.0,5.0,4.0,3.4749255101911904
5.0,4.0,1.0,4.0,1.0,4.0,3.048343923923883
5.0,4.0,1.0,4.0,2.0,1.0,2.5816619901352915
5.0,4.0,1.0,4.0,3.0,2.0,2.9152410135204225
5.0,4.0,1.0,4.0,3.0,3.0,3.1171058314243933
5.0,4.0,1.0,4.0,4.0,4.0,3.460157998074346
5.0,4.0,1.0,5.0,1.0,1.0,2.561338706167138
5.0,4.0,1.0,5.0,1.0,3.0,2.9536774691964585
5.0,4.0,1.0,5.0,1.0,4.0,3.162377519410705
5.0,4.0,1.0,5.0,3.0,1.0,2.8397981043400207
5.0,4.0,1.0,5.0,3.0,2.0,3.041662232441814
5.0,4.0,1.0,5.0,4.0,1.0,2.9731526127507957
5.0,4.0,1.0,5.0,5.0,5.0,3.918517547477305
5.0,4.0,2.0,1.0,1.0,1.0,2.3223702836236098
5.0,4.0,2.0,1.0,1.0,2.0,2.5281511952743543
5.0,4.0,2.0,1.0,1.0,3.0,2.7221817380337043
5.0,4.0,2.0,1.0,2.0,1.0,2.4596416273503885
5.0,4.0,2.0,1.0,3.0,1.0,2.5945838120496023
5.0,4.0,2.0,1.0,3.0,2.0,2.7948601508275983
5.0,4.0,2.0,1.0,3.0,3.0,3.0006383809856074
5.0,4.0,2.0,1.0,4.0,2.0,2.9360481061869006
5.0,4.0,2.0,1.0,4.0,3.0,3.1373740780765957
5.0,4.0,2.0,1.0,4.0,4.0,3.3436935237256407
5.0,4.0,2.0,1.0,5.0,1.0,2.8753721010921667
5.0,4.0,2.0,1.0,5.0,4.0,3.484881273986396
5.0,4.0,2.0,2.0,1.0,1.0,2.4414159666133575
5.0,4.0,2.0,2.0,1.0,2.0,2.6467382111936333
5.0,4.0,2.0,2.0,1.0,3.0,2.8446855273124547
5.0,4.0,2.0,2.0,1.0,4.0,3.061975257173487
5.0,4.0,2.0,2.0,2.0,2.0,2.778774512488877
5.0,4.0,2.0,2.0,2.0,3.0,2.9898304670100058
5.0,4.0,2.0,2.0,3.0,2.0,2.9112664102354917
5.0,4.0,2.0,2.0,4.0,1.0,2.8566876577200824
5.0,4.0,2.0,2.0,4.0,2.0,3.058096595706522
5.0,4.0,2.0,2.0,4.0,3.0,3.2633016348612993
5.0,4.0,2.0,3.0,1.0,3.0,2.963414859673679
5.0,4.0,2.0,3.0,2.0,2.0,2.9118122899806367
5.0,4.0,2.0,3.0,2.0,3.0,3.1075345401581638
5.0,4.0,2.0,3.0,3.0,1.0,2.8380035396164858
5.0,4.0,2.0,3.0,3.0,2.0,3.0274687866789556
5.0,4.0,2.0,3.0,3.0,3.0,3.2485917063658882
5.0,4.0,2.0,3.0,4.0,1.0,2.9831745398898195
5.0,4.0,2.0,3.0,4.0,2.0,3.180349026946122
5.0,4.0,2.0,3.0,4.0,3.0,3.3916032767921513
5.0,4.0,2.0,3.0,4.0,4.0,3.580237372819009
5.0,4.0,2.0,3.0,5.0,4.0,3.7259724242586003
5.0,4.0,2.0,3.0,5.0,5.0,3.931753142534289
5.0,4.0,2.0,4.0,1.0,2.0,2.891745863847986
5.0,4.0,2.0,4.0,1.0,3.0,3.093610030770378
5.0,4.0,2.0,4.0,2.0,1.0,2.8310697125008115
5.0,4.0,2.0,4.0,2.0,2.0,3.0247119076336637
5.0,4.0,2.0,4.0,2.0,3.0,3.229085886494868
5.0,4.0,2.0,4.0,2.0,4.0,3.4332675552381686
5.0,4.0,2.0,4.0,3.0,2.0,3.168881989274812
5.0,4.0,2.0,4.0,3.0,3.0,3.363524503339568
5.0,4.0,2.0,4.0,3.0,4.0,3.5733584511498173
5.0,4.0,2.0,4.0,3.0,5.0,3.775797802112923
5.0,4.0,2.0,4.0,4.0,1.0,3.10561248033866
5.0,4.0,2.0,4.0,4.0,2.0,3.3101785504130365
5.0,4.0,2.0,4.0,4.0,3.0,3.499558464695654
5.0,4.0,2.0,4.0,4.0,4.0,3.7205942949605197
5.0,4.0,2.0,4.0,4.0,5.0,3.9017021150603477
5.0,4.0,2.0,4.0,5.0,4.0,3.852968865277752
5.0,4.0,2.0,4.0,5.0,5.0,4.054257133769743
5.0,4.0,2.0,5.0,1.0,1.0,2.8170192683695663
5.0,4.0,2.0,5.0,1.0,3.0,3.220030574226455
5.0,4.0,2.0,5.0,1.0,4.0,3.424150261087354
5.0,4.0,2.0,5.0,2.0,2.0,3.150929298592646
5.0,4.0,2.0,5.0,2.0,3.0,3.36121870591916
5.0,4.0,2.0,5.0,3.0,3.0,3.4985018651773716
5.0,4.0,2.0,5.0,3.0,4.0,3.698796668604272
5.0,4.0,2.0,5.0,4.0,1.0,3.232032536165364
5.0,4.0,2.0,5.0,4.0,2.0,3.4283023633033727
5.0,4.0,2.0,5.0,4.0,4.0,3.851126956923342
5.0,4.0,2.0,5.0,4.0,5.0,4.035572761240136
5.0,4.0,2.0,5.0,5.0,1.0,3.36538777791145
5.0,4.0,2.0,5.0,5.0,2.0,3.5711684491103437
5.0,4.0,2.0,5.0,5.0,3.0,3.7670230899673207
5.0,4.0,2.0,5.0,5.0,4.0,3.964263245889762
5.0,4.0,2.0,5.0,5.0,5.0,4.176967661870283
5.0,4.0,3.0,1.0,2.0,1.0,2.7051636132308783
5.0,4.0,3.0,1.0,2.0,2.0,2.916469103993052
5.0,4.0,3.0,1.0,2.0,3.0,3.114416488513808
5.0,4.0,3.0,1.0,3.0,1.0,2.844650783773247
5.0,4.0,3.0,1.0,3.0,2.0,3.0418253565596696
5.0,4.0,3.0,1.0,3.0,3.0,3.241020378511576
5.0,4.0,3.0,1.0,4.0,2.0,3.1870950499792845
5.0,4.0,3.0,1.0,5.0,1.0,3.1181220502962965
5.0,4.0,3.0,1.0,5.0,3.0,3.5241766247234674
5.0,4.0,3.0,2.0,1.0,2.0,2.9020855634179585
5.0,4.0,3.0,2.0,1.0,3.0,3.0996491558597183
5.0,4.0,3.0,2.0,2.0,2.0,3.0347835253780646
5.0,4.0,3.0,2.0,2.0,3.0,3.235078269920061
5.0,4.0,3.0,2.0,2.0,4.0,3.4409739913574757
5.0,4.0,3.0,2.0,3.0,1.0,2.9744802468020715
5.0,4.0,3.0,2.0,3.0,2.0,3.161954640392912
5.0,4.0,3.0,2.0,3.0,3.0,3.3655982043226826
5.0,4.0,3.0,2.0,3.0,4.0,3.5838895443347827
5.0,4.0,3.0,2.0,4.0,1.0,3.1112159834561903
5.0,4.0,3.0,2.0,4.0,2.0,3.306622659502065
5.0,4.0,3.0,2.0,4.0,3.0,3.4921223707797955
5.0,4.0,3.0,2.0,4.0,4.0,3.693117723357743
5.0,4.0,3.0,2.0,5.0,2.0,3.450786909053525
5.0,4.0,3.0,2.0,5.0,3.0,3.647577291585225
5.0,4.0,3.0,2.0,5.0,4.0,3.858432139743308
5.0,4.0,3.0,2.0,5.0,5.0,4.056379228723805
5.0,4.0,3.0,3.0,1.0,1.0,2.8191329603043593
5.0,4.0,3.0,3.0,1.0,2.0,3.0200528659270796
5.0,4.0,3.0,3.0,1.0,3.0,3.214868335693886
5.0,4.0,3.0,3.0,1.0,4.0,3.427933945559108
5.0,4.0,3.0,3.0,1.0,5.0,3.6337150920939276
5.0,4.0,3.0,3.0,2.0,1.0,2.9519666324336353
5.0,4.0,3.0,3.0,2.0,2.0,3.147850387101189
5.0,4.0,3.0,3.0,2.0,3.0,3.3430655244823586
5.0,4.0,3.0,3.0,2.0,4.0,3.5708034964412665
5.0,4.0,3.0,3.0,2.0,5.0,3.7709860845663896
5.0,4.0,3.0,3.0,3.0,2.0,3.298400250640285
5.0,4.0,3.0,3.0,3.0,3.0,3.4909273241105043
5.0,4.0,3.0,3.0,3.0,4.0,3.702382708591688
5.0,4.0,3.0,3.0,3.0,5.0,3.8942452418257343
5.0,4.0,3.0,3.0,4.0,2.0,3.425435416709353
5.0,4.0,3.0,3.0,4.0,3.0,3.614789831132367
5.0,4.0,3.0,3.0,4.0,4.0,3.851536798528395
5.0,4.0,3.0,3.0,4.0,5.0,4.041449152873607
5.0,4.0,3.0,3.0,5.0,1.0,3.3675097909845944
5.0,4.0,3.0,3.0,5.0,2.0,3.5671517068803844
5.0,4.0,3.0,3.0,5.0,3.0,3.7714593290238785
5.0,4.0,3.0,3.0,5.0,4.0,3.970005938069632
5.0,4.0,3.0,3.0,5.0,5.0,4.1961640701590825
5.0,4.0,3.0,4.0,1.0,2.0,3.137795215592317
5.0,4.0,3.0,4.0,1.0,3.0,3.3303848107861427
5.0,4.0,3.0,4.0,1.0,4.0,3.542271745651282
5.0,4.0,3.0,4.0,2.0,1.0,3.0739924488163384
5.0,4.0,3.0,4.0,2.0,2.0,3.2889413556736313
5.0,4.0,3.0,4.0,2.0,3.0,3.4631226401320685
5.0,4.0,3.0,4.0,2.0,4.0,3.6816620763591112
5.0,4.0,3.0,4.0,3.0,1.0,3.223304903551372
5.0,4.0,3.0,4.0,3.0,2.0,3.4182571254263907
5.0,4.0,3.0,4.0,3.0,3.0,3.6164508398765154
5.0,4.0,3.0,4.0,3.0,4.0,3.877778546414814
5.0,4.0,3.0,4.0,3.0,5.0,4.030522072616242
5.0,4.0,3.0,4.0,4.0,1.0,3.3566590192235535
5.0,4.0,3.0,4.0,4.0,2.0,3.5520352205654295
5.0,4.0,3.0,4.0,4.0,3.0,3.7466115349633182
5.0,4.0,3.0,4.0,4.0,4.0,4.058077564027693
5.0,4.0,3.0,4.0,4.0,5.0,4.188520589078037
5.0,4.0,3.0,4.0,5.0,2.0,3.695794614744087
5.0,4.0,3.0,4.0,5.0,3.0,3.89102689852386
5.0,4.0,3.0,4.0,5.0,4.0,4.109823818101784
5.0,4.0,3.0,4.0,5.0,5.0,4.320686556882405
5.0,4.0,3.0,5.0,1.0,1.0,3.063432506706636
5.0,4.0,3.0,5.0,1.0,3.0,3.459641417516707
5.0,4.0,3.0,5.0,1.0,4.0,3.662559130860728
5.0,4.0,3.0,5.0,1.0,5.0,3.8787225367545046
5.0,4.0,3.0,5.0,2.0,2.0,3.4056345178566536
5.0,4.0,3.0,5.0,2.0,3.0,3.6019935614986407
5.0,4.0,3.0,5.0,2.0,4.0,3.7970422776693695
5.0,4.0,3.0,5.0,2.0,5.0,4.019528529751903
5.0,4.0,3.0,5.0,3.0,1.0,3.3418915925686408
5.0,4.0,3.0,5.0,3.0,2.0,3.539223204360322
5.0,4.0,3.0,5.0,3.0,3.0,3.7287008788051956
5.0,4.0,3.0,5.0,3.0,4.0,3.9750044785847343
5.0,4.0,3.0,5.0,3.0,5.0,4.126184895554348
5.0,4.0,3.0,5.0,4.0,2.0,3.670519526546922
5.0,4.0,3.0,5.0,4.0,3.0,3.869449362641184
5.0,4.0,3.0,5.0,4.0,4.0,4.136186729849213
5.0,4.0,3.0,5.0,4.0,5.0,4.330759995644727
5.0,4.0,3.0,5.0,5.0,2.0,3.818298422065128
5.0,4.0,3.0,5.0,5.0,3.0,4.02232623677528
5.0,4.0,3.0,5.0,5.0,4.0,4.254453148092281
5.0,4.0,3.0,5.0,5.0,5.0,4.536623119565643
5.0,4.0,4.0,1.0,2.0,3.0,3.369380065312945
5.0,4.0,4.0,1.0,3.0,3.0,3.5066514383650884
5.0,4.0,4.0,1.0,4.0,2.0,3.4459754513708427
5.0,4.0,4.0,1.0,4.0,3.0,3.6439227505636897
5.0,4.0,4.0,2.0,1.0,3.0,3.354612617812359
5.0,4.0,4.0,2.0,2.0,2.0,3.292790210201768
5.0,4.0,4.0,2.0,2.0,3.0,3.4938665421006134
5.0,4.0,4.0,2.0,3.0,1.0,3.221510100998979
5.0,4.0,4.0,2.0,3.0,3.0,3.6285952872184746
5.0,4.0,4.0,2.0,3.0,4.0,3.835580458066406
5.0,4.0,4.0,2.0,4.0,2.0,3.560645532681366
5.0,4.0,4.0,2.0,4.0,3.0,3.745073828869124
5.0,4.0,4.0,2.0,4.0,4.0,3.968658750237883
5.0,4.0,4.0,2.0,5.0,2.0,3.701833910767388
5.0,4.0,4.0,2.0,5.0,3.0,3.9079752027580748
5.0,4.0,4.0,2.0,5.0,4.0,4.104335346219158
5.0,4.0,4.0,2.0,5.0,5.0,4.311598374118216
5.0,4.0,4.0,3.0,1.0,3.0,3.4695206496340325
5.0,4.0,4.0,3.0,1.0,4.0,3.682897534496231
5.0,4.0,4.0,3.0,2.0,2.0,3.412523766704585
5.0,4.0,4.0,3.0,2.0,3.0,3.604028917927339
5.0,4.0,4.0,3.0,2.0,4.0,3.819086668477031
5.0,4.0,4.0,3.0,3.0,1.0,3.3479308553896914
5.0,4.0,4.0,3.0,3.0,2.0,3.531071059896215
5.0,4.0,4.0,3.0,3.0,3.0,3.7352092801024956
5.0,4.0,4.0,3.0,3.0,4.0,3.9578216181256334
5.0,4.0,4.0,3.0,3.0,5.0,4.1607035932281216
5.0,4.0,4.0,3.0,4.0,2.0,3.688036832860271
5.0,4.0,4.0,3.0,4.0,3.0,3.8588367256842444
5.0,4.0,4.0,3.0,4.0,4.0,4.107049091686792
5.0,4.0,4.0,3.0,4.0,5.0,4.292934537091857
5.0,4.0,4.0,3.0,5.0,2.0,3.8243373345319274
5.0,4.0,4.0,3.0,5.0,3.0,4.021688721883387
5.0,4.0,4.0,3.0,5.0,4.0,4.225205393958705
5.0,4.0,4.0,3.0,5.0,5.0,4.429857160008443
5.0,4.0,4.0,4.0,1.0,2.0,3.3899224721212127
5.0,4.0,4.0,4.0,1.0,3.0,3.59036935494623
5.0,4.0,4.0,4.0,1.0,4.0,3.8061607318236597
5.0,4.0,4.0,4.0,1.0,5.0,4.007237108091268
5.0,4.0,4.0,4.0,2.0,2.0,3.5308680639366496
5.0,4.0,4.0,4.0,2.0,3.0,3.7310025305789893
5.0,4.0,4.0,4.0,2.0,4.0,3.9444196225140113
5.0,4.0,4.0,4.0,2.0,5.0,4.147299992636576
5.0,4.0,4.0,4.0,3.0,1.0,3.4685987476047337
5.0,4.0,4.0,4.0,3.0,2.0,3.682619624772299
5.0,4.0,4.0,4.0,3.0,3.0,3.9170948093235856
5.0,4.0,4.0,4.0,3.0,4.0,4.127975126693607
5.0,4.0,4.0,4.0,3.0,5.0,4.311543634628046
5.0,4.0,4.0,4.0,4.0,1.0,3.6037890336728453
5.0,4.0,4.0,4.0,4.0,2.0,3.812507324013534
5.0,4.0,4.0,4.0,4.0,3.0,4.027647886651188
5.0,4.0,4.0,4.0,4.0,4.0,4.305234189884586
5.0,4.0,4.0,4.0,4.0,5.0,4.522932219158072
5.0,4.0,4.0,4.0,5.0,2.0,3.9507582271527997
5.0,4.0,4.0,4.0,5.0,3.0,4.157792788917191
5.0,4.0,4.0,4.0,5.0,4.0,4.34481357295582
5.0,4.0,4.0,4.0,5.0,5.0,4.610931495624058
5.0,4.0,4.0,5.0,1.0,1.0,3.3262294528374055
5.0,4.0,4.0,5.0,1.0,2.0,3.520259970414309
5.0,4.0,4.0,5.0,1.0,3.0,3.7066630713369824
5.0,4.0,4.0,5.0,1.0,4.0,3.914577926456245
5.0,4.0,4.0,5.0,1.0,5.0,4.128261900935348
5.0,4.0,4.0,5.0,2.0,2.0,3.6588673405314216
5.0,4.0,4.0,5.0,2.0,3.0,3.841478995839409
5.0,4.0,4.0,5.0,2.0,4.0,4.053366749508512
5.0,4.0,4.0,5.0,2.0,5.0,4.267746556573796
5.0,4.0,4.0,5.0,3.0,3.0,4.0004860242374285
5.0,4.0,4.0,5.0,3.0,4.0,4.240509985770159
5.0,4.0,4.0,5.0,3.0,5.0,4.415525208554819
5.0,4.0,4.0,5.0,4.0,2.0,3.936240386519709
5.0,4.0,4.0,5.0,4.0,3.0,4.125488182140804
5.0,4.0,4.0,5.0,4.0,4.0,4.425456718220665
5.0,4.0,4.0,5.0,4.0,5.0,4.680630688583402
5.0,4.0,4.0,5.0,5.0,1.0,3.871397987565446
5.0,4.0,4.0,5.0,5.0,2.0,4.07326194164068
5.0,4.0,4.0,5.0,5.0,3.0,4.2614040949483485
5.0,4.0,4.0,5.0,5.0,4.0,4.53223798044107
5.0,4.0,4.0,5.0,5.0,5.0,4.791368637424001
5.0,4.0,5.0,1.0,4.0,5.0,4.306530381437421
5.0,4.0,5.0,1.0,5.0,5.0,4.439885948292356
5.0,4.0,5.0,2.0,2.0,2.0,3.5410661504182412
5.0,4.0,5.0,2.0,3.0,4.0,4.08598300293742
5.0,4.0,5.0,2.0,3.0,5.0,4.287847278229388
5.0,4.0,5.0,2.0,4.0,2.0,3.812426629729434
5.0,4.0,5.0,2.0,4.0,3.0,4.021224016661071
5.0,4.0,5.0,2.0,4.0,4.0,4.218481213804245
5.0,4.0,5.0,2.0,4.0,5.0,4.425118518251429
5.0,4.0,5.0,2.0,5.0,4.0,4.359118708359475
5.0,4.0,5.0,3.0,1.0,4.0,3.9339442234918574
5.0,4.0,5.0,3.0,2.0,3.0,3.857587594652998
5.0,4.0,5.0,3.0,2.0,5.0,4.273079983701219
5.0,4.0,5.0,3.0,3.0,1.0,3.598977553238561
5.0,4.0,5.0,3.0,3.0,2.0,3.798502790340837
5.0,4.0,5.0,3.0,3.0,3.0,4.005991659014659
5.0,4.0,5.0,3.0,3.0,4.0,4.217978464139064
5.0,4.0,5.0,3.0,3.0,5.0,4.4149346742642885
5.0,4.0,5.0,3.0,4.0,3.0,4.134146949111262
5.0,4.0,5.0,3.0,4.0,4.0,4.310956932185873
5.0,4.0,5.0,3.0,4.0,5.0,4.545132943647915
5.0,4.0,5.0,3.0,5.0,2.0,4.0753843559727345
5.0,4.0,5.0,3.0,5.0,3.0,4.282941390225904
5.0,4.0,5.0,3.0,5.0,4.0,4.468707947451458
5.0,4.0,5.0,3.0,5.0,5.0,4.686480933289827
5.0,4.0,5.0,4.0,1.0,3.0,3.854583834911817
5.0,4.0,5.0,4.0,1.0,5.0,4.258312184726602
5.0,4.0,5.0,4.0,2.0,2.0,3.786074427047441
5.0,4.0,5.0,4.0,2.0,3.0,3.9881240496818395
5.0,4.0,5.0,4.0,2.0,4.0,4.187832854846575
5.0,4.0,5.0,4.0,2.0,5.0,4.394039856795773
5.0,4.0,5.0,4.0,3.0,1.0,3.7303717079056256
5.0,4.0,5.0,4.0,3.0,2.0,3.9311791805173186
5.0,4.0,5.0,4.0,3.0,3.0,4.140276475235102
5.0,4.0,5.0,4.0,3.0,4.0,4.31805127215053
5.0,4.0,5.0,4.0,3.0,5.0,4.531485048366266
5.0,4.0,5.0,4.0,4.0,3.0,4.228807139398995
5.0,4.0,5.0,4.0,4.0,4.0,4.479748474480964
5.0,4.0,5.0,4.0,4.0,5.0,4.694605332660672
5.0,4.0,5.0,4.0,5.0,2.0,4.201804829237694
5.0,4.0,5.0,4.0,5.0,3.0,4.385461343589766
5.0,4.0,5.0,4.0,5.0,4.0,4.57474877586895
5.0,4.0,5.0,4.0,5.0,5.0,4.806775978525224
5.0,4.0,5.0,5.0,1.0,2.0,3.7673898381394055
5.0,4.0,5.0,5.0,1.0,3.0,3.9732752453274083
5.0,4.0,5.0,5.0,1.0,4.0,4.176873193926438
5.0,4.0,5.0,5.0,1.0,5.0,4.370081803742811
5.0,4.0,5.0,5.0,2.0,2.0,3.9050322860171676
5.0,4.0,5.0,5.0,2.0,3.0,4.1028959851373585
5.0,4.0,5.0,5.0,2.0,4.0,4.313248766585275
5.0,4.0,5.0,5.0,2.0,5.0,4.5041313541044214
5.0,4.0,5.0,5.0,3.0,3.0,4.243726330491732
5.0,4.0,5.0,5.0,3.0,4.0,4.466401207375494
5.0,4.0,5.0,5.0,3.0,5.0,4.645610424949438
5.0,4.0,5.0,5.0,4.0,2.0,4.187037429420978
5.0,4.0,5.0,5.0,4.0,3.0,4.379093982911876
5.0,4.0,5.0,5.0,4.0,4.0,4.626716361760846
5.0,4.0,5.0,5.0,4.0,5.0,4.832296504678654
5.0,4.0,5.0,5.0,5.0,1.0,4.125869347356132
5.0,4.0,5.0,5.0,5.0,3.0,4.509017035603371
5.0,4.0,5.0,5.0,5.0,4.0,4.737726835225444
5.0,4.0,5.0,5.0,5.0,5.0,4.91133386517083
5.0,5.0,1.0,1.0,1.0,1.0,2.123872524592308
5.0,5.0,1.0,1.0,1.0,3.0,2.5358848515214056
5.0,5.0,1.0,1.0,2.0,1.0,2.2585543054277126
5.0,5.0,1.0,1.0,2.0,2.0,2.4752088918767488
5.0,5.0,1.0,1.0,3.0,1.0,2.4113109483537754
5.0,5.0,1.0,1.0,4.0,2.0,2.7536680512681584
5.0,5.0,1.0,1.0,5.0,1.0,2.6851584308216823
5.0,5.0,1.0,1.0,5.0,3.0,3.0888866416685503
5.0,5.0,1.0,1.0,5.0,5.0,3.4926148128319197
5.0,5.0,1.0,2.0,1.0,1.0,2.24976458682403
5.0,5.0,1.0,2.0,2.0,1.0,2.3958486498489844
5.0,5.0,1.0,2.0,2.0,2.0,2.595380304137599
5.0,5.0,1.0,2.0,3.0,1.0,2.533119753590683
5.0,5.0,1.0,2.0,3.0,2.0,2.734983961732151
5.0,5.0,1.0,2.0,3.0,3.0,2.921791209037927
5.0,5.0,1.0,2.0,4.0,1.0,2.6664741864613557
5.0,5.0,1.0,2.0,4.0,2.0,2.8688515816846305
5.0,5.0,1.0,3.0,1.0,1.0,2.378118618250835
5.0,5.0,1.0,3.0,2.0,2.0,2.714617410341739
5.0,5.0,1.0,3.0,2.0,3.0,2.925997513418724
5.0,5.0,1.0,3.0,2.0,4.0,3.1278615281572377
5.0,5.0,1.0,3.0,3.0,1.0,2.6530652146353373
5.0,5.0,1.0,3.0,3.0,2.0,2.854141617103296
5.0,5.0,1.0,3.0,3.0,3.0,3.0632686899820416
5.0,5.0,1.0,3.0,3.0,4.0,3.265132924775704
5.0,5.0,1.0,3.0,4.0,2.0,2.9986759288946336
5.0,5.0,1.0,3.0,4.0,3.0,3.200540066207254
5.0,5.0,1.0,4.0,1.0,1.0,2.5035847743604602
5.0,5.0,1.0,4.0,1.0,2.0,2.706598035374361
5.0,5.0,1.0,4.0,1.0,3.0,2.9151467574510495
5.0,5.0,1.0,4.0,1.0,5.0,3.311041285966057
5.0,5.0,1.0,4.0,2.0,1.0,2.6447728956303105
5.0,5.0,1.0,4.0,2.0,2.0,2.842720459783256
5.0,5.0,1.0,4.0,2.0,3.0,3.0445842748727396
5.0,5.0,1.0,4.0,4.0,3.0,3.3269606592237757
5.0,5.0,1.0,4.0,4.0,5.0,3.727838049916368
5.0,5.0,1.0,5.0,1.0,1.0,2.613447604107277
5.0,5.0,1.0,5.0,1.0,3.0,3.029700197470332
5.0,5.0,1.0,5.0,1.0,5.0,3.418513634127059
5.0,5.0,1.0,5.0,2.0,2.0,2.965223032142443
5.0,5.0,1.0,5.0,2.0,4.0,3.3792182178050547
5.0,5.0,1.0,5.0,3.0,1.0,2.896714314322662
5.0,5.0,1.0,5.0,3.0,3.0,3.3004429965954287
5.0,5.0,1.0,5.0,3.0,5.0,3.7198381330960713
5.0,5.0,1.0,5.0,4.0,3.0,3.445547614099404
5.0,5.0,1.0,5.0,4.0,5.0,3.853192787115835
5.0,5.0,1.0,5.0,5.0,1.0,3.179090602586176
5.0,5.0,1.0,5.0,5.0,3.0,3.578902301985421
5.0,5.0,1.0,5.0,5.0,4.0,3.7855225356671744
5.0,5.0,1.0,5.0,5.0,5.0,3.987565931696359
5.0,5.0,2.0,1.0,1.0,1.0,2.391037078944296
5.0,5.0,2.0,1.0,1.0,3.0,2.7947652651505437
5.0,5.0,2.0,1.0,2.0,1.0,2.5223453669509635
5.0,5.0,2.0,1.0,2.0,2.0,2.7234217396366245
5.0,5.0,2.0,1.0,3.0,1.0,2.6616627568074747
5.0,5.0,2.0,1.0,3.0,2.0,2.842490617192135
5.0,5.0,2.0,1.0,3.0,3.0,3.069307862501711
5.0,5.0,2.0,1.0,3.0,4.0,3.2750888942066037
5.0,5.0,2.0,1.0,5.0,1.0,2.9401221966292685
5.0,5.0,2.0,1.0,5.0,3.0,3.3399334456047547
5.0,5.0,2.0,2.0,1.0,2.0,2.7082254356315
5.0,5.0,2.0,2.0,1.0,3.0,2.9172691260084975
5.0,5.0,2.0,2.0,2.0,1.0,2.6468952673728583
5.0,5.0,2.0,2.0,2.0,2.0,2.840138406456561
5.0,5.0,2.0,2.0,2.0,3.0,3.0545404626606345
5.0,5.0,2.0,2.0,3.0,2.0,2.9753408355926823
5.0,5.0,2.0,2.0,3.0,3.0,3.1727584653465732
5.0,5.0,2.0,2.0,4.0,1.0,2.92927166614371
5.0,5.0,2.0,2.0,4.0,2.0,3.1228205120656822
5.0,5.0,2.0,2.0,4.0,3.0,3.32389695845552
5.0,5.0,2.0,2.0,5.0,1.0,3.0626258268508457
5.0,5.0,2.0,2.0,5.0,2.0,3.255654228623601
5.0,5.0,2.0,2.0,5.0,3.0,3.4663542466547086
5.0,5.0,2.0,2.0,5.0,4.0,3.67213516863462
5.0,5.0,2.0,2.0,5.0,5.0,3.8700823400873534
5.0,5.0,2.0,3.0,1.0,1.0,2.6282109535894076
5.0,5.0,2.0,3.0,1.0,3.0,3.035856148541704
5.0,5.0,2.0,3.0,2.0,1.0,2.7673045927285647
5.0,5.0,2.0,3.0,2.0,2.0,2.96772476365016
5.0,5.0,2.0,3.0,2.0,3.0,3.1834417006411355
5.0,5.0,2.0,3.0,3.0,1.0,2.90667054889958
5.0,5.0,2.0,3.0,3.0,2.0,3.110716475575787
5.0,5.0,2.0,3.0,3.0,3.0,3.307097211866492
5.0,5.0,2.0,3.0,3.0,4.0,3.516053631880458
5.0,5.0,2.0,3.0,4.0,2.0,3.2400075029860753
5.0,5.0,2.0,3.0,4.0,3.0,3.449824597977425
5.0,5.0,2.0,3.0,4.0,4.0,3.6573678009521746
5.0,5.0,2.0,3.0,5.0,3.0,3.5881669292599834
5.0,5.0,2.0,3.0,5.0,4.0,3.791538506160375
5.0,5.0,2.0,3.0,5.0,5.0,3.9887130144222467
5.0,5.0,2.0,4.0,1.0,1.0,2.7546317009724404
5.0,5.0,2.0,4.0,1.0,2.0,2.9492568852994547
5.0,5.0,2.0,4.0,1.0,3.0,3.1508952204401814
5.0,5.0,2.0,4.0,1.0,5.0,3.5660049468000286
5.0,5.0,2.0,4.0,2.0,1.0,2.8958197970399913
5.0,5.0,2.0,4.0,2.0,2.0,3.1012046021548865
5.0,5.0,2.0,4.0,2.0,3.0,3.2960684349820566
5.0,5.0,2.0,4.0,2.0,4.0,3.501412372029455
5.0,5.0,2.0,4.0,2.0,5.0,3.7111097832018642
5.0,5.0,2.0,4.0,3.0,2.0,3.2370153647726254
5.0,5.0,2.0,4.0,3.0,3.0,3.4463351744590804
5.0,5.0,2.0,4.0,3.0,4.0,3.6376050149717454
5.0,5.0,2.0,4.0,3.0,5.0,3.8483812962126454
5.0,5.0,2.0,4.0,4.0,2.0,3.3722265052484723
5.0,5.0,2.0,4.0,4.0,3.0,3.5696273272984906
5.0,5.0,2.0,4.0,4.0,4.0,3.775164996542953
5.0,5.0,2.0,4.0,4.0,5.0,3.9818069058714274
5.0,5.0,2.0,4.0,5.0,1.0,3.303716582782935
5.0,5.0,2.0,4.0,5.0,3.0,3.7213789160361164
5.0,5.0,2.0,4.0,5.0,4.0,3.9171428370018564
5.0,5.0,2.0,4.0,5.0,5.0,4.117624346505977
5.0,5.0,2.0,5.0,1.0,1.0,2.8737126180912234
5.0,5.0,2.0,5.0,1.0,2.0,3.08291641425808
5.0,5.0,2.0,5.0,1.0,3.0,3.27162509887763
5.0,5.0,2.0,5.0,1.0,4.0,3.4771198842093565
5.0,5.0,2.0,5.0,1.0,5.0,3.66631536218289
5.0,5.0,2.0,5.0,2.0,1.0,3.01440606821064
5.0,5.0,2.0,5.0,2.0,3.0,3.4226575844052336
5.0,5.0,2.0,5.0,2.0,4.0,3.617579279374364
5.0,5.0,2.0,5.0,2.0,5.0,3.8271340094841073
5.0,5.0,2.0,5.0,3.0,1.0,3.1504981977446183
5.0,5.0,2.0,5.0,3.0,2.0,3.352162159918579
5.0,5.0,2.0,5.0,3.0,3.0,3.5491745919315365
5.0,5.0,2.0,5.0,3.0,4.0,3.7669300911318957
5.0,5.0,2.0,5.0,3.0,5.0,3.967097004250544
5.0,5.0,2.0,5.0,4.0,3.0,3.6923742201483916
5.0,5.0,2.0,5.0,4.0,4.0,3.8969617351196306
5.0,5.0,2.0,5.0,4.0,5.0,4.11034480454231
5.0,5.0,2.0,5.0,5.0,1.0,3.428458877428646
5.0,5.0,2.0,5.0,5.0,2.0,3.61839321065734
5.0,5.0,2.0,5.0,5.0,3.0,3.805465790572748
5.0,5.0,2.0,5.0,5.0,4.0,4.042726453277052
5.0,5.0,2.0,5.0,5.0,5.0,4.279671134953151
5.0,5.0,3.0,1.0,1.0,1.0,2.6283217505004104
5.0,5.0,3.0,1.0,1.0,2.0,2.836753264898036
5.0,5.0,3.0,1.0,1.0,3.0,3.0456335502356415
5.0,5.0,3.0,1.0,2.0,1.0,2.78021628116529
5.0,5.0,3.0,1.0,2.0,2.0,2.977478714330222
5.0,5.0,3.0,1.0,3.0,1.0,2.9059796052985702
5.0,5.0,3.0,1.0,3.0,2.0,3.101235043418422
5.0,5.0,3.0,1.0,3.0,3.0,3.3100907073450188
5.0,5.0,3.0,1.0,3.0,5.0,3.721257364170696
5.0,5.0,3.0,1.0,4.0,1.0,3.053897633465383
5.0,5.0,3.0,1.0,4.0,2.0,3.2557618257445915
5.0,5.0,3.0,1.0,4.0,3.0,3.457625887354652
5.0,5.0,3.0,1.0,4.0,4.0,3.6569165251845326
5.0,5.0,3.0,1.0,4.0,5.0,3.8613541474954554
5.0,5.0,3.0,1.0,5.0,2.0,3.376852085464274
5.0,5.0,3.0,1.0,5.0,4.0,3.8006782697053207
5.0,5.0,3.0,1.0,5.0,5.0,3.998630433754374
5.0,5.0,3.0,2.0,1.0,1.0,2.757702582469133
5.0,5.0,3.0,2.0,1.0,2.0,2.96658283344317
5.0,5.0,3.0,2.0,1.0,3.0,3.1676592098437406
5.0,5.0,3.0,2.0,1.0,4.0,3.370180000989905
5.0,5.0,3.0,2.0,2.0,2.0,3.0739833653544215
5.0,5.0,3.0,2.0,2.0,3.0,3.3097815342735775
5.0,5.0,3.0,2.0,2.0,4.0,3.5054711992979315
5.0,5.0,3.0,2.0,3.0,2.0,3.221435466630272
5.0,5.0,3.0,2.0,3.0,3.0,3.4145786317935065
5.0,5.0,3.0,2.0,3.0,4.0,3.6435973889585735
5.0,5.0,3.0,2.0,4.0,1.0,3.172484406224241
5.0,5.0,3.0,2.0,4.0,2.0,3.3661279949661345
5.0,5.0,3.0,2.0,4.0,3.0,3.5684589022974755
5.0,5.0,3.0,2.0,4.0,4.0,3.7815000835080026
5.0,5.0,3.0,2.0,4.0,5.0,3.9877748070761916
5.0,5.0,3.0,2.0,5.0,2.0,3.503726063755263
5.0,5.0,3.0,2.0,5.0,3.0,3.7146015606485574
5.0,5.0,3.0,2.0,5.0,4.0,3.9198923334763203
5.0,5.0,3.0,2.0,5.0,5.0,4.127465564348207
5.0,5.0,3.0,3.0,1.0,1.0,2.8918562407488406
5.0,5.0,3.0,3.0,1.0,3.0,3.2771320056692894
5.0,5.0,3.0,3.0,1.0,4.0,3.4907613482663966
5.0,5.0,3.0,3.0,2.0,1.0,3.020445931164634
5.0,5.0,3.0,3.0,2.0,2.0,3.2260905333768473
5.0,5.0,3.0,3.0,2.0,3.0,3.432939270949517
5.0,5.0,3.0,3.0,2.0,4.0,3.6409060609200683
5.0,5.0,3.0,3.0,2.0,5.0,3.8292395314192116
5.0,5.0,3.0,3.0,3.0,2.0,3.3497949684440784
5.0,5.0,3.0,3.0,3.0,3.0,3.560718476128805
5.0,5.0,3.0,3.0,3.0,4.0,3.782233174809032
5.0,5.0,3.0,3.0,3.0,5.0,3.9736274575472406
5.0,5.0,3.0,3.0,4.0,2.0,3.482026223770259
5.0,5.0,3.0,3.0,4.0,3.0,3.6761808948381773
5.0,5.0,3.0,3.0,4.0,4.0,3.8892237384689605
5.0,5.0,3.0,3.0,4.0,5.0,4.104156972116574
5.0,5.0,3.0,3.0,5.0,2.0,3.6306289993793714
5.0,5.0,3.0,3.0,5.0,3.0,3.8321749938524814
5.0,5.0,3.0,3.0,5.0,4.0,4.0564878508578595
5.0,5.0,3.0,3.0,5.0,5.0,4.249532759985343
5.0,5.0,3.0,4.0,1.0,1.0,3.0056784007471458
5.0,5.0,3.0,4.0,1.0,2.0,3.211459371841243
5.0,5.0,3.0,4.0,1.0,3.0,3.3908533186087024
5.0,5.0,3.0,4.0,1.0,4.0,3.6157854232601845
5.0,5.0,3.0,4.0,2.0,2.0,3.3485515954772453
5.0,5.0,3.0,4.0,2.0,3.0,3.5318433713276884
5.0,5.0,3.0,4.0,2.0,4.0,3.7561820520041267
5.0,5.0,3.0,4.0,2.0,5.0,3.950981302296681
5.0,5.0,3.0,4.0,3.0,1.0,3.278041819705869
5.0,5.0,3.0,4.0,3.0,2.0,3.475404589026166
5.0,5.0,3.0,4.0,3.0,3.0,3.674175038642421
5.0,5.0,3.0,4.0,3.0,4.0,3.925632147906343
5.0,5.0,3.0,4.0,3.0,5.0,4.1082131255635135
5.0,5.0,3.0,4.0,4.0,2.0,3.616614068468038
5.0,5.0,3.0,4.0,4.0,3.0,3.827845956792232
5.0,5.0,3.0,4.0,4.0,4.0,4.13603118771719
5.0,5.0,3.0,4.0,4.0,5.0,4.287719297349352
5.0,5.0,3.0,4.0,5.0,1.0,3.5547636288236815
5.0,5.0,3.0,4.0,5.0,2.0,3.7605444831337893
5.0,5.0,3.0,4.0,5.0,3.0,3.966002677897791
5.0,5.0,3.0,4.0,5.0,4.0,4.196171561183004
5.0,5.0,3.0,4.0,5.0,5.0,4.4114063016484915
5.0,5.0,3.0,5.0,1.0,1.0,3.139387333531628
5.0,5.0,3.0,5.0,1.0,2.0,3.3274799632278005
5.0,5.0,3.0,5.0,1.0,3.0,3.519251547679882
5.0,5.0,3.0,5.0,1.0,4.0,3.729440487469271
5.0,5.0,3.0,5.0,1.0,5.0,3.9160775629704965
5.0,5.0,3.0,5.0,2.0,2.0,3.4575584099012113
5.0,5.0,3.0,5.0,2.0,3.0,3.652145910502151
5.0,5.0,3.0,5.0,2.0,4.0,3.8644027410888677
5.0,5.0,3.0,5.0,2.0,5.0,4.06664119801189
5.0,5.0,3.0,5.0,3.0,1.0,3.4167603449061854
5.0,5.0,3.0,5.0,3.0,2.0,3.6060130569810083
5.0,5.0,3.0,5.0,3.0,3.0,3.810043196340986
5.0,5.0,3.0,5.0,3.0,4.0,4.0473655486706495
5.0,5.0,3.0,5.0,3.0,5.0,4.268195059288782
5.0,5.0,3.0,5.0,4.0,1.0,3.5478301604192084
5.0,5.0,3.0,5.0,4.0,2.0,3.7252009731575852
5.0,5.0,3.0,5.0,4.0,3.0,3.951413606568633
5.0,5.0,3.0,5.0,4.0,4.0,4.245843965531251
5.0,5.0,3.0,5.0,4.0,5.0,4.466727558419736
5.0,5.0,3.0,5.0,5.0,1.0,3.687548772410806
5.0,5.0,3.0,5.0,5.0,2.0,3.883504175112608
5.0,5.0,3.0,5.0,5.0,3.0,4.105989255139205
5.0,5.0,3.0,5.0,5.0,4.0,4.327158833827353
5.0,5.0,3.0,5.0,5.0,5.0,4.6874854455121415
5.0,5.0,4.0,1.0,2.0,1.0,3.030401829261529
5.0,5.0,4.0,1.0,2.0,3.0,3.4380468664176447
5.0,5.0,4.0,1.0,3.0,3.0,3.5714013557094924
5.0,5.0,4.0,1.0,3.0,4.0,3.7693485575743537
5.0,5.0,4.0,1.0,4.0,1.0,3.304944171849247
5.0,5.0,4.0,1.0,4.0,4.0,3.914453707887863
5.0,5.0,4.0,1.0,4.0,5.0,4.1041581403026575
5.0,5.0,4.0,1.0,5.0,3.0,3.8498609018115073
5.0,5.0,4.0,2.0,1.0,2.0,3.2135816921953904
5.0,5.0,4.0,2.0,2.0,3.0,3.556193646626712
5.0,5.0,4.0,2.0,2.0,5.0,3.964279000624178
5.0,5.0,4.0,2.0,3.0,2.0,3.482317222472896
5.0,5.0,4.0,2.0,3.0,3.0,3.68971684075849
5.0,5.0,4.0,2.0,3.0,4.0,3.8965793563621975
5.0,5.0,4.0,2.0,3.0,5.0,4.0972522676719345
5.0,5.0,4.0,2.0,4.0,2.0,3.618687780473392
5.0,5.0,4.0,2.0,4.0,3.0,3.829265350985381
5.0,5.0,4.0,2.0,4.0,4.0,4.028454164539071
5.0,5.0,4.0,2.0,4.0,5.0,4.24285119072238
5.0,5.0,4.0,2.0,5.0,2.0,3.7635922190861253
5.0,5.0,4.0,2.0,5.0,3.0,3.9688138346645867
5.0,5.0,4.0,2.0,5.0,4.0,4.16833312097302
5.0,5.0,4.0,2.0,5.0,5.0,4.3678523674137
5.0,5.0,4.0,3.0,1.0,2.0,3.34391910596968
5.0,5.0,4.0,3.0,1.0,3.0,3.5415409544741716
5.0,5.0,4.0,3.0,1.0,4.0,3.739813884172854
5.0,5.0,4.0,3.0,1.0,5.0,3.949511469548341
5.0,5.0,4.0,3.0,2.0,2.0,3.4754112105312385
5.0,5.0,4.0,3.0,2.0,3.0,3.677370565313627
5.0,5.0,4.0,3.0,2.0,4.0,3.8849186302917986
5.0,5.0,4.0,3.0,2.0,5.0,4.086108334242467
5.0,5.0,4.0,3.0,3.0,2.0,3.613654253092952
5.0,5.0,4.0,3.0,3.0,3.0,3.818761699250183
5.0,5.0,4.0,3.0,3.0,4.0,4.037920510872546
5.0,5.0,4.0,3.0,3.0,5.0,4.21674055198655
5.0,5.0,4.0,3.0,4.0,2.0,3.7537451190026148
5.0,5.0,4.0,3.0,4.0,3.0,3.96833747529936
5.0,5.0,4.0,3.0,4.0,4.0,4.156901585818679
5.0,5.0,4.0,3.0,4.0,5.0,4.381259806135637
5.0,5.0,4.0,3.0,5.0,3.0,4.085691685122272
5.0,5.0,4.0,3.0,5.0,4.0,4.301173775535083
5.0,5.0,4.0,3.0,5.0,5.0,4.479961690787316
5.0,5.0,4.0,4.0,1.0,1.0,3.2537425838751193
5.0,5.0,4.0,4.0,1.0,3.0,3.6631737602650847
5.0,5.0,4.0,4.0,1.0,4.0,3.857823714184991
5.0,5.0,4.0,4.0,1.0,5.0,4.071455625393261
5.0,5.0,4.0,4.0,2.0,1.0,3.401830006844398
5.0,5.0,4.0,4.0,2.0,2.0,3.60914264559947
5.0,5.0,4.0,4.0,2.0,3.0,3.764759330094131
5.0,5.0,4.0,4.0,2.0,4.0,3.988797981844729
5.0,5.0,4.0,4.0,2.0,5.0,4.209108270514293
5.0,5.0,4.0,4.0,3.0,1.0,3.5312676090235633
5.0,5.0,4.0,4.0,3.0,2.0,3.738434899920511
5.0,5.0,4.0,4.0,3.0,3.0,3.949368150793932
5.0,5.0,4.0,4.0,3.0,4.0,4.174768799229007
5.0,5.0,4.0,4.0,3.0,5.0,4.335679548489047
5.0,5.0,4.0,4.0,4.0,1.0,3.6763727516520435
5.0,5.0,4.0,4.0,4.0,2.0,3.8791832623654954
5.0,5.0,4.0,4.0,4.0,3.0,4.108596994012989
5.0,5.0,4.0,4.0,4.0,4.0,4.383545532062075
5.0,5.0,4.0,4.0,4.0,5.0,4.615929055042691
5.0,5.0,4.0,4.0,5.0,1.0,3.814370859089327
5.0,5.0,4.0,4.0,5.0,2.0,4.015387325904693
5.0,5.0,4.0,4.0,5.0,3.0,4.214498696530572
5.0,5.0,4.0,4.0,5.0,4.0,4.4846382923758155
5.0,5.0,4.0,4.0,5.0,5.0,4.716034813401396
5.0,5.0,4.0,5.0,1.0,1.0,3.3903107180291077
5.0,5.0,4.0,5.0,1.0,2.0,3.5820862009937695
5.0,5.0,4.0,5.0,1.0,3.0,3.7802855750251827
5.0,5.0,4.0,5.0,1.0,4.0,3.9600549699976586
5.0,5.0,4.0,5.0,1.0,5.0,4.163405759183408
5.0,5.0,4.0,5.0,2.0,2.0,3.7138909618311664
5.0,5.0,4.0,5.0,2.0,3.0,3.922669800809873
5.0,5.0,4.0,5.0,2.0,4.0,4.125026292417504
5.0,5.0,4.0,5.0,2.0,5.0,4.317642959349995
5.0,5.0,4.0,5.0,3.0,1.0,3.6537715337830656
5.0,5.0,4.0,5.0,3.0,2.0,3.8567568597356168
5.0,5.0,4.0,5.0,3.0,3.0,4.087074495115872
5.0,5.0,4.0,5.0,3.0,4.0,4.331060654511817
5.0,5.0,4.0,5.0,3.0,5.0,4.540777230508085
5.0,5.0,4.0,5.0,4.0,2.0,4.00462152844952
5.0,5.0,4.0,5.0,4.0,3.0,4.222458683518516
5.0,5.0,4.0,5.0,4.0,4.0,4.554185537163785
5.0,5.0,4.0,5.0,4.0,5.0,4.78061394346419
5.0,5.0,4.0,5.0,5.0,2.0,4.130514438314374
5.0,5.0,4.0,5.0,5.0,3.0,4.341644634641263
5.0,5.0,4.0,5.0,5.0,4.0,4.6476579259583
5.0,5.0,4.0,5.0,5.0,5.0,4.878881839230869
5.0,5.0,5.0,1.0,1.0,1.0,3.1363436119619736
5.0,5.0,5.0,1.0,2.0,2.0,3.47362303696927
5.0,5.0,5.0,1.0,2.0,3.0,3.6851768023391838
5.0,5.0,5.0,1.0,3.0,1.0,3.422636520466416
5.0,5.0,5.0,1.0,3.0,2.0,3.6284175571089503
5.0,5.0,5.0,1.0,3.0,3.0,3.8199414196838366
5.0,5.0,5.0,1.0,4.0,4.0,4.157666524997477
5.0,5.0,5.0,1.0,4.0,5.0,4.3712812836562165
5.0,5.0,5.0,1.0,5.0,1.0,3.6917598042662094
5.0,5.0,5.0,1.0,5.0,3.0,4.104824227078948
5.0,5.0,5.0,1.0,5.0,5.0,4.462427807970901
5.0,5.0,5.0,2.0,1.0,5.0,4.073848071392271
5.0,5.0,5.0,2.0,2.0,3.0,3.794427042953293
5.0,5.0,5.0,2.0,2.0,4.0,4.009544930984743
5.0,5.0,5.0,2.0,2.0,5.0,4.215325847183222
5.0,5.0,5.0,2.0,3.0,2.0,3.744090182030577
5.0,5.0,5.0,2.0,3.0,3.0,3.9488687989295306
5.0,5.0,5.0,2.0,3.0,4.0,4.1417875425796575
5.0,5.0,5.0,2.0,3.0,5.0,4.356513991232025
5.0,5.0,5.0,2.0,4.0,3.0,4.086140043524634
5.0,5.0,5.0,2.0,4.0,4.0,4.28187849561529
5.0,5.0,5.0,2.0,4.0,5.0,4.488050078043996
5.0,5.0,5.0,2.0,5.0,2.0,4.005809524697598
5.0,5.0,5.0,2.0,5.0,3.0,4.2130725406510035
5.0,5.0,5.0,2.0,5.0,4.0,4.4219694069719635
5.0,5.0,5.0,2.0,5.0,5.0,4.6084222382220155
5.0,5.0,5.0,3.0,1.0,3.0,3.786749124646441
5.0,5.0,5.0,3.0,1.0,4.0,3.994777323805917
5.0,5.0,5.0,3.0,1.0,5.0,4.195112512226932
5.0,5.0,5.0,3.0,2.0,2.0,3.7322372319970243
5.0,5.0,5.0,3.0,2.0,3.0,3.9235474432044537
5.0,5.0,5.0,3.0,2.0,4.0,4.138795475666456
5.0,5.0,5.0,3.0,2.0,5.0,4.33651135512702
5.0,5.0,5.0,3.0,3.0,1.0,3.6585676273664576
5.0,5.0,5.0,3.0,3.0,2.0,3.848962659956799
5.0,5.0,5.0,3.0,3.0,3.0,4.058537467017401
5.0,5.0,5.0,3.0,3.0,4.0,4.274745355619499
5.0,5.0,5.0,3.0,3.0,5.0,4.480108818907429
5.0,5.0,5.0,3.0,4.0,2.0,4.00282914798279
5.0,5.0,5.0,3.0,4.0,3.0,4.2118921730932355
5.0,5.0,5.0,3.0,4.0,4.0,4.404058526387427
5.0,5.0,5.0,3.0,4.0,5.0,4.61510515675051
5.0,5.0,5.0,3.0,5.0,1.0,3.9382703239805115
5.0,5.0,5.0,3.0,5.0,2.0,4.146817945609801
5.0,5.0,5.0,3.0,5.0,3.0,4.329718129553981
5.0,5.0,5.0,3.0,5.0,4.0,4.503566453355679
5.0,5.0,5.0,3.0,5.0,5.0,4.686473075124192
5.0,5.0,5.0,4.0,1.0,3.0,3.908300485042553
5.0,5.0,5.0,4.0,1.0,4.0,4.116369061865
5.0,5.0,5.0,4.0,1.0,5.0,4.320550695203962
5.0,5.0,5.0,4.0,2.0,2.0,3.854741032644633
5.0,5.0,5.0,4.0,2.0,3.0,4.053861630371362
5.0,5.0,5.0,4.0,2.0,4.0,4.252457557468245
5.0,5.0,5.0,4.0,2.0,5.0,4.448440220936977
5.0,5.0,5.0,4.0,3.0,2.0,3.9882331518133616
5.0,5.0,5.0,4.0,3.0,3.0,4.18202846763545
5.0,5.0,5.0,4.0,3.0,4.0,4.394549580366588
5.0,5.0,5.0,4.0,3.0,5.0,4.58815239004312
5.0,5.0,5.0,4.0,4.0,1.0,3.9235023970579403
5.0,5.0,5.0,4.0,4.0,2.0,4.131145750244876
5.0,5.0,5.0,4.0,4.0,3.0,4.323306517603348
5.0,5.0,5.0,4.0,4.0,4.0,4.595579696735322
5.0,5.0,5.0,4.0,4.0,5.0,4.781668952765669
5.0,5.0,5.0,4.0,5.0,2.0,4.269416472317478
5.0,5.0,5.0,4.0,5.0,3.0,4.456214953090676
5.0,5.0,5.0,4.0,5.0,4.0,4.623973773547642
5.0,5.0,5.0,4.0,5.0,5.0,4.81440924694348
5.0,5.0,5.0,5.0,1.0,1.0,3.62345550895825
5.0,5.0,5.0,5.0,1.0,2.0,3.8399733513343484
5.0,5.0,5.0,5.0,1.0,3.0,4.02508660223983
5.0,5.0,5.0,5.0,1.0,4.0,4.22481036407923
5.0,5.0,5.0,5.0,1.0,5.0,4.381478939966601
5.0,5.0,5.0,5.0,2.0,2.0,3.973637174853393
5.0,5.0,5.0,5.0,2.0,3.0,4.164301652176562
5.0,5.0,5.0,5.0,2.0,4.0,4.352068349290824
5.0,5.0,5.0,5.0,2.0,5.0,4.56581304986499
5.0,5.0,5.0,5.0,3.0,1.0,3.901670212113177
5.0,5.0,5.0,5.0,3.0,2.0,4.107237254772244
5.0,5.0,5.0,5.0,3.0,3.0,4.324368281948
5.0,5.0,5.0,5.0,3.0,4.0,4.544788936655323
5.0,5.0,5.0,5.0,3.0,5.0,4.756263224771161
5.0,5.0,5.0,5.0,4.0,1.0,4.057308696660286
5.0,5.0,5.0,5.0,4.0,2.0,4.251759269714208
5.0,5.0,5.0,5.0,4.0,3.0,4.445645836447684
5.0,5.0,5.0,5.0,4.0,4.0,4.7119123755076755
5.0,5.0,5.0,5.0,4.0,5.0,4.889229016097545
5.0,5.0,5.0,5.0,5.0,1.0,4.1643867459205275
5.0,5.0,5.0,5.0,5.0,2.0,4.36784669036621
5.0,5.0,5.0,5.0,5.0,3.0,4.5498039830213015
5.0,5.0,5.0,5.0,5.0,4.0,4.77504611954636
5.0,5.0,5.0,5.0,5.0,5.0,4.965598195503295
