,0,1,2,3,4,5,function_value
0,1.0,1.0,1.0,1.0,1.0,1.0,1.1625593083186219
1,1.0,1.0,1.0,1.0,1.0,2.0,1.1627789183001889
2,1.0,1.0,1.0,1.0,1.0,3.0,1.1628264824473724
3,1.0,1.0,1.0,1.0,2.0,1.0,1.1630270975065198
4,1.0,1.0,1.0,1.0,2.0,2.0,1.2403100816749673
5,1.0,1.0,1.0,1.0,2.0,3.0,1.240309873212853
6,1.0,1.0,1.0,1.0,2.0,4.0,1.2403099424280482
7,1.0,1.0,1.0,1.0,3.0,1.0,1.1631177392768695
8,1.0,1.0,1.0,1.0,3.0,2.0,1.240310493131854
9,1.0,1.0,1.0,1.0,3.0,3.0,1.240507447780642
10,1.0,1.0,1.0,1.0,4.0,1.0,1.163155753309985
11,1.0,1.0,1.0,1.0,4.0,2.0,1.2403096970104406
12,1.0,1.0,1.0,1.0,4.0,4.0,1.2499994610709522
13,1.0,1.0,1.0,1.0,5.0,1.0,1.1631573446128227
14,1.0,1.0,1.0,1.0,5.0,3.0,1.2405076442899177
15,1.0,1.0,1.0,1.0,5.0,5.0,1.2499994080076349
16,1.0,1.0,1.0,2.0,1.0,1.0,1.1628179418852758
17,1.0,1.0,1.0,2.0,1.0,2.0,1.1628721481063322
18,1.0,1.0,1.0,2.0,1.0,3.0,1.1628723250655872
19,1.0,1.0,1.0,2.0,1.0,4.0,1.1628899639432966
20,1.0,1.0,1.0,2.0,2.0,1.0,1.163165419596659
21,1.0,1.0,1.0,2.0,2.0,2.0,1.247421769114652
22,1.0,1.0,1.0,2.0,2.0,3.0,1.2474216635524904
23,1.0,1.0,1.0,2.0,2.0,4.0,1.247420169376827
24,1.0,1.0,1.0,2.0,3.0,1.0,1.1641224343035572
25,1.0,1.0,1.0,2.0,3.0,2.0,1.2474219635904151
26,1.0,1.0,1.0,2.0,4.0,2.0,1.278486151288717
27,1.0,1.0,1.0,2.0,5.0,1.0,1.1641305008852616
28,1.0,1.0,1.0,2.0,5.0,5.0,1.5333304427460066
29,1.0,1.0,1.0,3.0,1.0,1.0,1.1629151820248236
30,1.0,1.0,1.0,3.0,1.0,2.0,1.16290196402721
31,1.0,1.0,1.0,3.0,1.0,3.0,1.1628974697415297
32,1.0,1.0,1.0,3.0,2.0,1.0,1.16320750638703
33,1.0,1.0,1.0,3.0,2.0,2.0,1.2474206581441425
34,1.0,1.0,1.0,3.0,2.0,3.0,1.247421519460267
35,1.0,1.0,1.0,3.0,3.0,1.0,1.1641315339550296
36,1.0,1.0,1.0,3.0,3.0,2.0,1.2500016652488095
37,1.0,1.0,1.0,3.0,3.0,3.0,1.2784804192103327
38,1.0,1.0,1.0,3.0,4.0,1.0,1.2784804934837033
39,1.0,1.0,1.0,3.0,4.0,2.0,1.2784827319245153
40,1.0,1.0,1.0,3.0,4.0,3.0,1.2784805415545968
41,1.0,1.0,1.0,3.0,4.0,4.0,1.2784798462054872
42,1.0,1.0,1.0,4.0,1.0,1.0,1.1629408010509237
43,1.0,1.0,1.0,4.0,1.0,2.0,1.1629167874966804
44,1.0,1.0,1.0,4.0,1.0,3.0,1.1629082225451766
45,1.0,1.0,1.0,4.0,1.0,4.0,1.1629064899896928
46,1.0,1.0,1.0,4.0,2.0,1.0,1.1631778849481194
47,1.0,1.0,1.0,4.0,2.0,2.0,1.2474246240743012
48,1.0,1.0,1.0,4.0,2.0,3.0,1.2474202128333518
49,1.0,1.0,1.0,4.0,3.0,2.0,1.2784764605105816
50,1.0,1.0,1.0,4.0,3.0,3.0,1.2784793671904824
51,1.0,1.0,1.0,4.0,3.0,4.0,1.2784793142914097
52,1.0,1.0,1.0,4.0,4.0,1.0,1.27847886796826
53,1.0,1.0,1.0,4.0,4.0,2.0,1.2784807400038085
54,1.0,1.0,1.0,4.0,4.0,3.0,1.2784798732811218
55,1.0,1.0,1.0,4.0,4.0,4.0,1.2784793619680679
56,1.0,1.0,1.0,5.0,1.0,1.0,1.1629298328726811
57,1.0,1.0,1.0,5.0,1.0,4.0,1.1629195255140377
58,1.0,1.0,1.0,5.0,1.0,5.0,1.1629208414848322
59,1.0,1.0,1.0,5.0,2.0,1.0,1.1631455718061736
60,1.0,1.0,1.0,5.0,2.0,5.0,1.5333344134000044
61,1.0,1.0,1.0,5.0,3.0,1.0,1.1641557173920212
62,1.0,1.0,1.0,5.0,3.0,3.0,1.4047577850051403
63,1.0,1.0,1.0,5.0,4.0,4.0,1.533331367610949
64,1.0,1.0,1.0,5.0,5.0,1.0,1.2784723501742126
65,1.0,1.0,1.0,5.0,5.0,5.0,1.5333320504356236
66,1.0,1.0,2.0,1.0,1.0,1.0,1.177978762420185
67,1.0,1.0,2.0,1.0,1.0,2.0,1.3421052955571453
68,1.0,1.0,2.0,1.0,2.0,1.0,1.1779792751934914
69,1.0,1.0,2.0,1.0,2.0,2.0,1.3421052100700008
70,1.0,1.0,2.0,1.0,2.0,3.0,1.3421051220307059
71,1.0,1.0,2.0,1.0,3.0,1.0,1.177979118309747
72,1.0,1.0,2.0,1.0,3.0,2.0,1.3421049693076652
73,1.0,1.0,2.0,1.0,3.0,3.0,1.3421046311530365
74,1.0,1.0,2.0,1.0,3.0,5.0,1.7142856326738074
75,1.0,1.0,2.0,1.0,4.0,1.0,1.1779770135091763
76,1.0,1.0,2.0,1.0,4.0,3.0,1.342104007181623
77,1.0,1.0,2.0,2.0,1.0,1.0,1.1779789004413737
78,1.0,1.0,2.0,2.0,1.0,2.0,1.4174757488314866
79,1.0,1.0,2.0,2.0,1.0,3.0,1.4174754969071344
80,1.0,1.0,2.0,2.0,2.0,1.0,1.1779784844517218
81,1.0,1.0,2.0,2.0,2.0,2.0,1.4174757326506977
82,1.0,1.0,2.0,2.0,2.0,3.0,1.4174754007030421
83,1.0,1.0,2.0,2.0,3.0,2.0,1.4174758680555364
84,1.0,1.0,2.0,2.0,3.0,3.0,1.4174757372506122
85,1.0,1.0,2.0,2.0,3.0,4.0,1.4174759224502638
86,1.0,1.0,2.0,2.0,4.0,2.0,1.4174757841435714
87,1.0,1.0,2.0,2.0,4.0,4.0,1.4174760975569147
88,1.0,1.0,2.0,3.0,1.0,1.0,1.1779784381775273
89,1.0,1.0,2.0,3.0,1.0,2.0,1.417475665428298
90,1.0,1.0,2.0,3.0,1.0,3.0,1.4174752418179593
91,1.0,1.0,2.0,3.0,1.0,5.0,1.417474370652435
92,1.0,1.0,2.0,3.0,2.0,1.0,1.1779781155780924
93,1.0,1.0,2.0,3.0,2.0,2.0,1.4174757256825097
94,1.0,1.0,2.0,3.0,2.0,3.0,1.4174751036707205
95,1.0,1.0,2.0,3.0,3.0,1.0,1.3749986293398644
96,1.0,1.0,2.0,3.0,3.0,2.0,1.5294121592875773
97,1.0,1.0,2.0,3.0,3.0,3.0,1.5294120384312855
98,1.0,1.0,2.0,3.0,3.0,5.0,1.999999679954733
99,1.0,1.0,2.0,3.0,4.0,3.0,1.5294108071519732
100,1.0,1.0,2.0,3.0,4.0,4.0,1.5294120780740939
101,1.0,1.0,2.0,3.0,5.0,3.0,1.5294083916620016
102,1.0,1.0,2.0,4.0,1.0,1.0,1.1779781264460705
103,1.0,1.0,2.0,4.0,1.0,3.0,1.4174752057499875
104,1.0,1.0,2.0,4.0,1.0,4.0,1.5999998557167066
105,1.0,1.0,2.0,4.0,2.0,3.0,1.4174750036038857
106,1.0,1.0,2.0,4.0,3.0,2.0,1.650000334392734
107,1.0,1.0,2.0,4.0,3.0,3.0,1.6499999462360435
108,1.0,1.0,2.0,4.0,4.0,2.0,1.6499997735195797
109,1.0,1.0,2.0,4.0,4.0,3.0,1.6499998157964355
110,1.0,1.0,2.0,4.0,4.0,4.0,1.6499998650200525
111,1.0,1.0,2.0,4.0,4.0,5.0,2.031579192702607
112,1.0,1.0,2.0,4.0,5.0,5.0,2.0315793582568578
113,1.0,1.0,2.0,5.0,1.0,3.0,1.4174762626894004
114,1.0,1.0,2.0,5.0,4.0,4.0,2.000000380336129
115,1.0,1.0,2.0,5.0,5.0,5.0,2.031579329791493
116,1.0,1.0,3.0,1.0,1.0,1.0,1.1779789145785338
117,1.0,1.0,3.0,1.0,1.0,2.0,1.3421053728189702
118,1.0,1.0,3.0,1.0,1.0,4.0,1.4482756528516276
119,1.0,1.0,3.0,1.0,2.0,1.0,1.1779793292234748
120,1.0,1.0,3.0,1.0,2.0,2.0,1.3421052905262651
121,1.0,1.0,3.0,1.0,2.0,3.0,1.3421052230988553
122,1.0,1.0,3.0,1.0,3.0,1.0,1.177979620029476
123,1.0,1.0,3.0,1.0,3.0,2.0,1.3421052269794087
124,1.0,1.0,3.0,1.0,3.0,3.0,1.4999999244724074
125,1.0,1.0,3.0,2.0,1.0,1.0,1.3271027361317755
126,1.0,1.0,3.0,2.0,1.0,2.0,1.4174758294304821
127,1.0,1.0,3.0,2.0,1.0,3.0,1.4174756756238855
128,1.0,1.0,3.0,2.0,2.0,1.0,1.3271027974781884
129,1.0,1.0,3.0,2.0,2.0,2.0,1.4174758950646262
130,1.0,1.0,3.0,2.0,2.0,3.0,1.6666665839608883
131,1.0,1.0,3.0,2.0,3.0,2.0,1.417476047321643
132,1.0,1.0,3.0,2.0,3.0,3.0,1.6666665383997152
133,1.0,1.0,3.0,3.0,1.0,1.0,1.3488368844717482
134,1.0,1.0,3.0,3.0,1.0,2.0,1.4174757667955327
135,1.0,1.0,3.0,3.0,1.0,3.0,1.4174756234899457
136,1.0,1.0,3.0,3.0,1.0,4.0,1.448275817635398
137,1.0,1.0,3.0,3.0,2.0,2.0,1.4174756787544427
138,1.0,1.0,3.0,3.0,2.0,3.0,1.6666666369485519
139,1.0,1.0,3.0,3.0,3.0,1.0,1.4999980326867892
140,1.0,1.0,3.0,3.0,3.0,2.0,1.5294121544558756
141,1.0,1.0,3.0,3.0,3.0,3.0,1.6666665711396855
142,1.0,1.0,3.0,3.0,5.0,3.0,1.6666667656215388
143,1.0,1.0,3.0,4.0,1.0,1.0,1.3488376930841042
144,1.0,1.0,3.0,4.0,1.0,3.0,1.4174754966148988
145,1.0,1.0,3.0,4.0,1.0,4.0,1.5999994095182868
146,1.0,1.0,3.0,4.0,1.0,5.0,1.599999266080732
147,1.0,1.0,3.0,4.0,2.0,2.0,1.6666604952954451
148,1.0,1.0,3.0,4.0,3.0,3.0,1.9652174221799374
149,1.0,1.0,3.0,4.0,3.0,4.0,1.9999999732196903
150,1.0,1.0,3.0,4.0,4.0,4.0,1.9999998083207127
151,1.0,1.0,3.0,4.0,5.0,3.0,2.236841968028622
152,1.0,1.0,3.0,5.0,2.0,2.0,1.666661003714969
153,1.0,1.0,3.0,5.0,2.0,5.0,2.0000003867522076
154,1.0,1.0,3.0,5.0,3.0,3.0,1.965217753140043
155,1.0,1.0,3.0,5.0,4.0,4.0,2.2368423010070915
156,1.0,1.0,3.0,5.0,5.0,5.0,2.2368423921574316
157,1.0,1.0,4.0,1.0,1.0,1.0,1.1779792920719978
158,1.0,1.0,4.0,1.0,3.0,1.0,1.1779797099515417
159,1.0,1.0,4.0,2.0,1.0,2.0,1.666666575132462
160,1.0,1.0,4.0,2.0,2.0,1.0,1.327102802805326
161,1.0,1.0,4.0,2.0,3.0,2.0,1.6666662324897266
162,1.0,1.0,4.0,3.0,2.0,2.0,1.6666664577212227
163,1.0,1.0,4.0,3.0,2.0,4.0,1.7375001070040659
164,1.0,1.0,4.0,3.0,3.0,2.0,1.6666659270876203
165,1.0,1.0,4.0,3.0,4.0,4.0,2.0315786855515157
166,1.0,1.0,4.0,3.0,4.0,5.0,2.484848496159156
167,1.0,1.0,4.0,4.0,3.0,2.0,1.6666652179522619
168,1.0,1.0,4.0,4.0,4.0,2.0,1.6666660778334323
169,1.0,1.0,5.0,1.0,1.0,1.0,1.177979196227146
170,1.0,1.0,5.0,3.0,3.0,3.0,2.1904762062170424
171,1.0,1.0,5.0,4.0,3.0,4.0,2.4848485813350294
172,1.0,1.0,5.0,5.0,1.0,3.0,1.9333337669595863
173,1.0,1.0,5.0,5.0,5.0,5.0,2.484848434394348
174,1.0,2.0,1.0,1.0,1.0,1.0,1.160451279598747
175,1.0,2.0,1.0,1.0,1.0,2.0,1.1628394218805596
176,1.0,2.0,1.0,1.0,1.0,3.0,1.1628342791451087
177,1.0,2.0,1.0,1.0,1.0,4.0,1.1628360065386816
178,1.0,2.0,1.0,1.0,2.0,1.0,1.1632439223623092
179,1.0,2.0,1.0,1.0,2.0,2.0,1.2403100743389746
180,1.0,2.0,1.0,1.0,2.0,3.0,1.2403099360950092
181,1.0,2.0,1.0,1.0,3.0,1.0,1.1632017448492282
182,1.0,2.0,1.0,1.0,3.0,2.0,1.2403103312862993
183,1.0,2.0,1.0,1.0,3.0,3.0,1.2405067506767413
184,1.0,2.0,1.0,1.0,3.0,4.0,1.2405066382177996
185,1.0,2.0,1.0,1.0,4.0,1.0,1.1631938734203862
186,1.0,2.0,1.0,2.0,1.0,1.0,1.1629673453037153
187,1.0,2.0,1.0,2.0,1.0,2.0,1.1629258473898108
188,1.0,2.0,1.0,2.0,1.0,3.0,1.1629272985626034
189,1.0,2.0,1.0,2.0,2.0,1.0,1.1640615302574775
190,1.0,2.0,1.0,2.0,2.0,2.0,1.247422335377709
191,1.0,2.0,1.0,2.0,2.0,3.0,1.2474222291002817
192,1.0,2.0,1.0,2.0,3.0,1.0,1.1640924205706056
193,1.0,2.0,1.0,2.0,3.0,2.0,1.2474227978955317
194,1.0,2.0,1.0,2.0,3.0,3.0,1.247422587780502
195,1.0,2.0,1.0,2.0,4.0,1.0,1.1640595869433064
196,1.0,2.0,1.0,2.0,4.0,3.0,1.2784853403068301
197,1.0,2.0,1.0,2.0,5.0,2.0,1.2784893206389358
198,1.0,2.0,1.0,2.0,5.0,3.0,1.5000014658204595
199,1.0,2.0,1.0,3.0,1.0,1.0,1.1630004742190767
200,1.0,2.0,1.0,3.0,1.0,2.0,1.266666310103794
201,1.0,2.0,1.0,3.0,1.0,3.0,1.2784811836882128
202,1.0,2.0,1.0,3.0,2.0,1.0,1.1640887378068638
203,1.0,2.0,1.0,3.0,2.0,2.0,1.266666002284284
204,1.0,2.0,1.0,3.0,2.0,3.0,1.2784808681889794
205,1.0,2.0,1.0,3.0,3.0,1.0,1.1641154984889186
206,1.0,2.0,1.0,3.0,3.0,2.0,1.2666660714324645
207,1.0,2.0,1.0,3.0,3.0,3.0,1.2784807352191052
208,1.0,2.0,1.0,3.0,4.0,2.0,1.2784842824122797
209,1.0,2.0,1.0,3.0,4.0,3.0,1.2784816438323103
210,1.0,2.0,1.0,3.0,4.0,4.0,1.2784800172211803
211,1.0,2.0,1.0,3.0,5.0,4.0,1.5454547764864808
212,1.0,2.0,1.0,4.0,1.0,1.0,1.1630159402405829
213,1.0,2.0,1.0,4.0,1.0,2.0,1.278480180144772
214,1.0,2.0,1.0,4.0,1.0,3.0,1.2784798235384929
215,1.0,2.0,1.0,4.0,2.0,1.0,1.1640871247867155
216,1.0,2.0,1.0,4.0,2.0,2.0,1.2784795053067557
217,1.0,2.0,1.0,4.0,2.0,3.0,1.278480229298304
218,1.0,2.0,1.0,4.0,3.0,1.0,1.2743309710257154
219,1.0,2.0,1.0,4.0,3.0,3.0,1.278479839727146
220,1.0,2.0,1.0,4.0,3.0,4.0,1.2784792563997691
221,1.0,2.0,1.0,4.0,4.0,3.0,1.2784799510385352
222,1.0,2.0,1.0,4.0,4.0,4.0,1.278479390255453
223,1.0,2.0,1.0,4.0,5.0,2.0,1.2784851190340212
224,1.0,2.0,1.0,5.0,1.0,1.0,1.2499998269083323
225,1.0,2.0,1.0,5.0,1.0,5.0,1.278477613608014
226,1.0,2.0,1.0,5.0,2.0,5.0,1.5333331768077196
227,1.0,2.0,1.0,5.0,3.0,2.0,1.2784737968508502
228,1.0,2.0,1.0,5.0,5.0,5.0,1.6470594579590236
229,1.0,2.0,2.0,1.0,1.0,1.0,1.1779788425053148
230,1.0,2.0,2.0,1.0,1.0,2.0,1.3421052919603143
231,1.0,2.0,2.0,1.0,1.0,3.0,1.3421052506225093
232,1.0,2.0,2.0,1.0,2.0,1.0,1.1779790564248165
233,1.0,2.0,2.0,1.0,2.0,2.0,1.3421052733051293
234,1.0,2.0,2.0,1.0,2.0,3.0,1.342105184559268
235,1.0,2.0,2.0,1.0,2.0,4.0,1.5925924663817368
236,1.0,2.0,2.0,1.0,3.0,1.0,1.1779793206550233
237,1.0,2.0,2.0,1.0,3.0,3.0,1.3421049064496693
238,1.0,2.0,2.0,1.0,4.0,3.0,1.5454546689657502
239,1.0,2.0,2.0,1.0,4.0,4.0,1.592592534593513
240,1.0,2.0,2.0,1.0,5.0,4.0,1.5925925498177775
241,1.0,2.0,2.0,2.0,1.0,1.0,1.1779787038737743
242,1.0,2.0,2.0,2.0,1.0,2.0,1.4674796453327248
243,1.0,2.0,2.0,2.0,1.0,3.0,1.4674796042331688
244,1.0,2.0,2.0,2.0,2.0,1.0,1.2999976299982994
245,1.0,2.0,2.0,2.0,2.0,2.0,1.4761904107971284
246,1.0,2.0,2.0,2.0,2.0,3.0,1.4999996359913175
247,1.0,2.0,2.0,2.0,3.0,1.0,1.2999987472495833
248,1.0,2.0,2.0,2.0,3.0,2.0,1.5454551826741152
249,1.0,2.0,2.0,2.0,3.0,3.0,1.5454548901074874
250,1.0,2.0,2.0,2.0,3.0,4.0,1.5925927049840438
251,1.0,2.0,2.0,2.0,4.0,3.0,1.5454547397846887
252,1.0,2.0,2.0,3.0,1.0,1.0,1.177978009709465
253,1.0,2.0,2.0,3.0,1.0,2.0,1.4674797583855717
254,1.0,2.0,2.0,3.0,1.0,3.0,1.4674796612504477
255,1.0,2.0,2.0,3.0,2.0,1.0,1.299998200470335
256,1.0,2.0,2.0,3.0,2.0,2.0,1.4761906626443648
257,1.0,2.0,2.0,3.0,2.0,3.0,1.649999838611829
258,1.0,2.0,2.0,3.0,2.0,4.0,1.6666661778024292
259,1.0,2.0,2.0,3.0,3.0,1.0,1.3750001124944158
260,1.0,2.0,2.0,3.0,3.0,2.0,1.5454546974419636
261,1.0,2.0,2.0,3.0,3.0,3.0,1.6499998703425687
262,1.0,2.0,2.0,3.0,4.0,2.0,1.6756751693436116
263,1.0,2.0,2.0,3.0,4.0,3.0,1.6999999402221218
264,1.0,2.0,2.0,3.0,4.0,4.0,1.999999947275389
265,1.0,2.0,2.0,4.0,1.0,1.0,1.177977912445618
266,1.0,2.0,2.0,4.0,1.0,5.0,1.5999997549765084
267,1.0,2.0,2.0,4.0,2.0,1.0,1.49999734514133
268,1.0,2.0,2.0,4.0,2.0,2.0,1.4999922685720162
269,1.0,2.0,2.0,4.0,2.0,3.0,1.6500005933258353
270,1.0,2.0,2.0,4.0,2.0,4.0,1.6666657557140185
271,1.0,2.0,2.0,4.0,3.0,1.0,1.500002936733996
272,1.0,2.0,2.0,4.0,3.0,2.0,1.6500003463057356
273,1.0,2.0,2.0,4.0,3.0,3.0,1.6500001760474656
274,1.0,2.0,2.0,4.0,3.0,4.0,1.666667014364283
275,1.0,2.0,2.0,4.0,4.0,1.0,1.5000092005621095
276,1.0,2.0,2.0,4.0,4.0,2.0,1.6999998594917345
277,1.0,2.0,2.0,4.0,4.0,3.0,1.7000002749204361
278,1.0,2.0,2.0,4.0,4.0,4.0,2.03157891547561
279,1.0,2.0,2.0,4.0,5.0,5.0,2.0315790889233036
280,1.0,2.0,2.0,5.0,1.0,1.0,1.249998929731881
281,1.0,2.0,2.0,5.0,1.0,2.0,1.6666613703521413
282,1.0,2.0,2.0,5.0,1.0,3.0,1.666661863852819
283,1.0,2.0,2.0,5.0,1.0,4.0,1.6666631805506513
284,1.0,2.0,2.0,5.0,2.0,4.0,1.666665407244715
285,1.0,2.0,2.0,5.0,3.0,2.0,1.7000003426096075
286,1.0,2.0,2.0,5.0,5.0,5.0,2.0315793348199542
287,1.0,2.0,3.0,1.0,1.0,1.0,1.1779788396908666
288,1.0,2.0,3.0,1.0,1.0,2.0,1.3750000202273718
289,1.0,2.0,3.0,1.0,2.0,1.0,1.1779790055588655
290,1.0,2.0,3.0,1.0,2.0,2.0,1.375000034681927
291,1.0,2.0,3.0,1.0,3.0,1.0,1.2833333353940475
292,1.0,2.0,3.0,1.0,3.0,2.0,1.375000031368331
293,1.0,2.0,3.0,1.0,3.0,3.0,1.530612194795312
294,1.0,2.0,3.0,1.0,4.0,5.0,1.9999997873574118
295,1.0,2.0,3.0,2.0,1.0,1.0,1.3271027656280552
296,1.0,2.0,3.0,2.0,1.0,2.0,1.4674796229261422
297,1.0,2.0,3.0,2.0,2.0,1.0,1.3271027898847207
298,1.0,2.0,3.0,2.0,2.0,2.0,1.4999999955474663
299,1.0,2.0,3.0,2.0,3.0,2.0,1.5500000946204064
300,1.0,2.0,3.0,2.0,3.0,3.0,1.6666665837884003
301,1.0,2.0,3.0,2.0,4.0,2.0,1.67568020361771
302,1.0,2.0,3.0,3.0,1.0,1.0,1.3488375049651053
303,1.0,2.0,3.0,3.0,1.0,2.0,1.4674796330579019
304,1.0,2.0,3.0,3.0,1.0,3.0,1.4674796153061367
305,1.0,2.0,3.0,3.0,2.0,1.0,1.4999988098651758
306,1.0,2.0,3.0,3.0,2.0,2.0,1.5500001155796845
307,1.0,2.0,3.0,3.0,2.0,3.0,1.6666668088419143
308,1.0,2.0,3.0,3.0,3.0,1.0,1.4999991854835317
309,1.0,2.0,3.0,3.0,3.0,2.0,1.550000127089516
310,1.0,2.0,3.0,3.0,3.0,3.0,1.666666796971005
311,1.0,2.0,3.0,3.0,3.0,4.0,1.6666663296097686
312,1.0,2.0,3.0,3.0,4.0,2.0,1.6756784105470799
313,1.0,2.0,3.0,3.0,4.0,3.0,1.8000001741829066
314,1.0,2.0,3.0,3.0,4.0,4.0,2.0315789476811927
315,1.0,2.0,3.0,3.0,5.0,3.0,2.0120483107559597
316,1.0,2.0,3.0,4.0,1.0,1.0,1.3488383138961215
317,1.0,2.0,3.0,4.0,1.0,3.0,1.4674797650636482
318,1.0,2.0,3.0,4.0,1.0,4.0,1.7374998533500756
319,1.0,2.0,3.0,4.0,2.0,4.0,1.7374996665378164
320,1.0,2.0,3.0,4.0,3.0,1.0,1.500001232466898
321,1.0,2.0,3.0,4.0,3.0,3.0,1.9652175536115326
322,1.0,2.0,3.0,4.0,3.0,4.0,1.99999986938218
323,1.0,2.0,3.0,4.0,4.0,3.0,1.9652175034854953
324,1.0,2.0,3.0,4.0,4.0,4.0,2.031579006364816
325,1.0,2.0,3.0,4.0,4.0,5.0,2.0315789709999263
326,1.0,2.0,3.0,4.0,5.0,5.0,2.33333330693509
327,1.0,2.0,3.0,5.0,2.0,2.0,1.6666617770759011
328,1.0,2.0,3.0,5.0,2.0,3.0,1.9652179597760202
329,1.0,2.0,3.0,5.0,3.0,3.0,1.9652175202533044
330,1.0,2.0,3.0,5.0,4.0,2.0,1.6999997453603692
331,1.0,2.0,3.0,5.0,4.0,3.0,1.9999999352813411
332,1.0,2.0,4.0,1.0,1.0,1.0,1.177979138451361
333,1.0,2.0,4.0,2.0,1.0,2.0,1.666666701682807
334,1.0,2.0,4.0,2.0,2.0,2.0,1.6666665522589243
335,1.0,2.0,4.0,2.0,2.0,3.0,1.6666666172087277
336,1.0,2.0,4.0,3.0,2.0,3.0,1.6666665964574614
337,1.0,2.0,4.0,3.0,3.0,3.0,1.666666427344531
338,1.0,2.0,4.0,3.0,4.0,3.0,1.96521743127714
339,1.0,2.0,4.0,3.0,4.0,4.0,2.0315789182285644
340,1.0,2.0,4.0,4.0,1.0,3.0,1.6666668297461673
341,1.0,2.0,4.0,4.0,2.0,4.0,1.7375000223168962
342,1.0,2.0,4.0,4.0,4.0,3.0,1.965217344822297
343,1.0,2.0,4.0,4.0,4.0,4.0,2.0315791175194957
344,1.0,2.0,4.0,4.0,5.0,5.0,2.4848485419668545
345,1.0,2.0,4.0,5.0,4.0,3.0,2.000000040255032
346,1.0,2.0,4.0,5.0,4.0,4.0,2.23684239813873
347,1.0,2.0,5.0,3.0,5.0,5.0,2.8823531135594123
348,1.0,2.0,5.0,5.0,5.0,2.0,1.7000007796728895
349,1.0,2.0,5.0,5.0,5.0,5.0,2.8823529549314344
350,1.0,3.0,1.0,1.0,1.0,1.0,1.1584152415268303
351,1.0,3.0,1.0,1.0,1.0,2.0,1.1628951482641208
352,1.0,3.0,1.0,1.0,1.0,3.0,1.1791044590565856
353,1.0,3.0,1.0,1.0,1.0,4.0,1.1791045470401171
354,1.0,3.0,1.0,1.0,2.0,1.0,1.1635149886189426
355,1.0,3.0,1.0,1.0,2.0,2.0,1.2403100986590052
356,1.0,3.0,1.0,1.0,2.0,3.0,1.2405062588343614
357,1.0,3.0,1.0,1.0,3.0,1.0,1.1632684190315303
358,1.0,3.0,1.0,1.0,3.0,2.0,1.2403101351393964
359,1.0,3.0,1.0,1.0,3.0,3.0,1.240506335856743
360,1.0,3.0,1.0,1.0,3.0,4.0,1.2405064020277476
361,1.0,3.0,1.0,1.0,3.0,5.0,1.5000000343366398
362,1.0,3.0,1.0,1.0,4.0,1.0,1.163223384326192
363,1.0,3.0,1.0,1.0,4.0,2.0,1.2405054942986733
364,1.0,3.0,1.0,1.0,4.0,3.0,1.240505546995057
365,1.0,3.0,1.0,1.0,4.0,4.0,1.2500001255427444
366,1.0,3.0,1.0,1.0,5.0,1.0,1.2352931009860342
367,1.0,3.0,1.0,1.0,5.0,2.0,1.4285720130691426
368,1.0,3.0,1.0,2.0,1.0,1.0,1.1631067425496489
369,1.0,3.0,1.0,2.0,1.0,2.0,1.247311737608543
370,1.0,3.0,1.0,2.0,1.0,3.0,1.2473117798322464
371,1.0,3.0,1.0,2.0,2.0,1.0,1.163974600423979
372,1.0,3.0,1.0,2.0,2.0,2.0,1.2533331423752712
373,1.0,3.0,1.0,2.0,2.0,3.0,1.2533331855187455
374,1.0,3.0,1.0,2.0,2.0,4.0,1.3999999500986922
375,1.0,3.0,1.0,2.0,3.0,1.0,1.164100311752093
376,1.0,3.0,1.0,2.0,3.0,2.0,1.2533333660202093
377,1.0,3.0,1.0,2.0,3.0,3.0,1.253333269455232
378,1.0,3.0,1.0,2.0,3.0,4.0,1.4999999563721909
379,1.0,3.0,1.0,2.0,3.0,5.0,1.499999889175014
380,1.0,3.0,1.0,2.0,4.0,1.0,1.278483474091774
381,1.0,3.0,1.0,2.0,4.0,2.0,1.3096449728820843
382,1.0,3.0,1.0,2.0,4.0,3.0,1.3096456040499198
383,1.0,3.0,1.0,3.0,1.0,1.0,1.1631092535160015
384,1.0,3.0,1.0,3.0,1.0,2.0,1.2666666988589632
385,1.0,3.0,1.0,3.0,1.0,3.0,1.2784811485303353
386,1.0,3.0,1.0,3.0,1.0,4.0,1.3950614785785196
387,1.0,3.0,1.0,3.0,2.0,1.0,1.1640801878443081
388,1.0,3.0,1.0,3.0,2.0,2.0,1.3076918559279378
389,1.0,3.0,1.0,3.0,2.0,3.0,1.3076923960759255
390,1.0,3.0,1.0,3.0,2.0,4.0,1.444444403476269
391,1.0,3.0,1.0,3.0,3.0,1.0,1.164135375464266
392,1.0,3.0,1.0,3.0,3.0,2.0,1.3096445239051404
393,1.0,3.0,1.0,3.0,3.0,3.0,1.309644686989257
394,1.0,3.0,1.0,3.0,3.0,4.0,1.5333331239328136
395,1.0,3.0,1.0,3.0,4.0,1.0,1.2784798384765368
396,1.0,3.0,1.0,3.0,4.0,2.0,1.3096447302466325
397,1.0,3.0,1.0,3.0,4.0,3.0,1.3096449853428054
398,1.0,3.0,1.0,3.0,4.0,4.0,1.5333330257597155
399,1.0,3.0,1.0,3.0,5.0,2.0,1.5000010430041602
400,1.0,3.0,1.0,3.0,5.0,3.0,1.5454545789233622
401,1.0,3.0,1.0,3.0,5.0,5.0,1.6470589689787445
402,1.0,3.0,1.0,4.0,1.0,1.0,1.1630914498688443
403,1.0,3.0,1.0,4.0,1.0,2.0,1.2784812521185553
404,1.0,3.0,1.0,4.0,1.0,3.0,1.3469387068674807
405,1.0,3.0,1.0,4.0,1.0,4.0,1.3950613452177287
406,1.0,3.0,1.0,4.0,1.0,5.0,1.4666667094651145
407,1.0,3.0,1.0,4.0,2.0,1.0,1.1640811056620552
408,1.0,3.0,1.0,4.0,2.0,2.0,1.3076910584286108
409,1.0,3.0,1.0,4.0,2.0,3.0,1.375000098587032
410,1.0,3.0,1.0,4.0,2.0,4.0,1.5333323511013013
411,1.0,3.0,1.0,4.0,3.0,1.0,1.2743296130734827
412,1.0,3.0,1.0,4.0,3.0,2.0,1.4047630053637878
413,1.0,3.0,1.0,4.0,3.0,3.0,1.4047624967578831
414,1.0,3.0,1.0,4.0,3.0,4.0,1.5333330840116577
415,1.0,3.0,1.0,4.0,4.0,2.0,1.4047620318214333
416,1.0,3.0,1.0,4.0,4.0,3.0,1.4047622207667245
417,1.0,3.0,1.0,4.0,4.0,4.0,1.5333331009954898
418,1.0,3.0,1.0,4.0,4.0,5.0,1.5333328225395375
419,1.0,3.0,1.0,4.0,5.0,3.0,1.5454544601144702
420,1.0,3.0,1.0,4.0,5.0,4.0,1.545454623254787
421,1.0,3.0,1.0,5.0,1.0,1.0,1.24999944222889
422,1.0,3.0,1.0,5.0,1.0,2.0,1.346938547366219
423,1.0,3.0,1.0,5.0,1.0,3.0,1.3469385798207938
424,1.0,3.0,1.0,5.0,1.0,4.0,1.3950615463111804
425,1.0,3.0,1.0,5.0,1.0,5.0,1.4666667064222993
426,1.0,3.0,1.0,5.0,2.0,5.0,1.5333319858645964
427,1.0,3.0,1.0,5.0,3.0,1.0,1.278477422608392
428,1.0,3.0,1.0,5.0,3.0,2.0,1.4047639767402658
429,1.0,3.0,1.0,5.0,3.0,3.0,1.4047617913019563
430,1.0,3.0,1.0,5.0,3.0,4.0,1.5333330618360381
431,1.0,3.0,1.0,5.0,3.0,5.0,1.5333324174887282
432,1.0,3.0,1.0,5.0,4.0,5.0,1.6000001639570611
433,1.0,3.0,1.0,5.0,5.0,1.0,1.2784746588137206
434,1.0,3.0,1.0,5.0,5.0,3.0,1.5555552215150357
435,1.0,3.0,1.0,5.0,5.0,4.0,1.5555555063386084
436,1.0,3.0,1.0,5.0,5.0,5.0,1.6470589232644666
437,1.0,3.0,2.0,1.0,1.0,1.0,1.1779788608403559
438,1.0,3.0,2.0,1.0,1.0,2.0,1.3421052181302642
439,1.0,3.0,2.0,1.0,1.0,3.0,1.3421052579262684
440,1.0,3.0,2.0,1.0,1.0,4.0,1.3421052911531357
441,1.0,3.0,2.0,1.0,2.0,1.0,1.177978809335245
442,1.0,3.0,2.0,1.0,2.0,2.0,1.4399999976380011
443,1.0,3.0,2.0,1.0,2.0,3.0,1.4400000156913713
444,1.0,3.0,2.0,1.0,2.0,4.0,1.5925926754132151
445,1.0,3.0,2.0,1.0,3.0,1.0,1.1779793042854798
446,1.0,3.0,2.0,1.0,3.0,2.0,1.439999931657393
447,1.0,3.0,2.0,1.0,3.0,3.0,1.530612243896378
448,1.0,3.0,2.0,1.0,3.0,4.0,1.592592876166297
449,1.0,3.0,2.0,1.0,4.0,1.0,1.1779777644487202
450,1.0,3.0,2.0,1.0,4.0,2.0,1.439999883030371
451,1.0,3.0,2.0,1.0,4.0,3.0,1.5925923720188302
452,1.0,3.0,2.0,1.0,5.0,3.0,1.5925919917678153
453,1.0,3.0,2.0,2.0,1.0,1.0,1.1779789895789416
454,1.0,3.0,2.0,2.0,1.0,2.0,1.4674796579704512
455,1.0,3.0,2.0,2.0,1.0,3.0,1.467479654135112
456,1.0,3.0,2.0,2.0,2.0,1.0,1.3260864086033064
457,1.0,3.0,2.0,2.0,2.0,2.0,1.4761904700055843
458,1.0,3.0,2.0,2.0,2.0,3.0,1.5000000638308124
459,1.0,3.0,2.0,2.0,2.0,4.0,1.5925928003524403
460,1.0,3.0,2.0,2.0,3.0,1.0,1.3260870494732977
461,1.0,3.0,2.0,2.0,3.0,2.0,1.584615383708397
462,1.0,3.0,2.0,2.0,3.0,3.0,1.5846153837706836
463,1.0,3.0,2.0,2.0,4.0,1.0,1.3260871028778056
464,1.0,3.0,2.0,2.0,4.0,2.0,1.5925924205684443
465,1.0,3.0,2.0,2.0,4.0,3.0,1.5925925257397162
466,1.0,3.0,2.0,2.0,4.0,4.0,1.5925926858213264
467,1.0,3.0,2.0,2.0,4.0,5.0,1.8800001069861307
468,1.0,3.0,2.0,2.0,5.0,3.0,1.7647057419876953
469,1.0,3.0,2.0,3.0,1.0,1.0,1.2799999560976347
470,1.0,3.0,2.0,3.0,1.0,2.0,1.4674796700700181
471,1.0,3.0,2.0,3.0,1.0,3.0,1.4674796831123367
472,1.0,3.0,2.0,3.0,1.0,4.0,1.6315789596618815
473,1.0,3.0,2.0,3.0,2.0,1.0,1.3333322608811762
474,1.0,3.0,2.0,3.0,2.0,2.0,1.5172413871323613
475,1.0,3.0,2.0,3.0,2.0,3.0,1.6553672429949426
476,1.0,3.0,2.0,3.0,2.0,4.0,1.6666656016656536
477,1.0,3.0,2.0,3.0,2.0,5.0,1.9999998889155068
478,1.0,3.0,2.0,3.0,3.0,1.0,1.37499976925352
479,1.0,3.0,2.0,3.0,3.0,2.0,1.655367176974424
480,1.0,3.0,2.0,3.0,3.0,3.0,1.6553672421474805
481,1.0,3.0,2.0,3.0,3.0,4.0,1.8437500036392351
482,1.0,3.0,2.0,3.0,4.0,2.0,1.675672197843986
483,1.0,3.0,2.0,3.0,4.0,3.0,1.7647058860405012
484,1.0,3.0,2.0,3.0,4.0,4.0,1.9999999948504446
485,1.0,3.0,2.0,3.0,4.0,5.0,2.0000000538431837
486,1.0,3.0,2.0,3.0,5.0,3.0,1.7647059480020628
487,1.0,3.0,2.0,3.0,5.0,4.0,2.0000001130053624
488,1.0,3.0,2.0,4.0,1.0,1.0,1.3333330242737642
489,1.0,3.0,2.0,4.0,1.0,2.0,1.4674797053305428
490,1.0,3.0,2.0,4.0,1.0,3.0,1.6315789336282125
491,1.0,3.0,2.0,4.0,1.0,4.0,1.6315790113863964
492,1.0,3.0,2.0,4.0,2.0,1.0,1.624999151026656
493,1.0,3.0,2.0,4.0,2.0,2.0,1.7758616316856881
494,1.0,3.0,2.0,4.0,2.0,3.0,1.7758611166669513
495,1.0,3.0,2.0,4.0,2.0,4.0,1.8888888853273622
496,1.0,3.0,2.0,4.0,3.0,1.0,1.6249992878613269
497,1.0,3.0,2.0,4.0,3.0,2.0,1.7758612468858443
498,1.0,3.0,2.0,4.0,3.0,3.0,1.7758610837112438
499,1.0,3.0,2.0,4.0,3.0,4.0,1.9516129457550515
500,1.0,3.0,2.0,4.0,4.0,1.0,1.6428566862458487
501,1.0,3.0,2.0,4.0,4.0,3.0,2.012048152574024
502,1.0,3.0,2.0,4.0,4.0,4.0,2.0315789489624043
503,1.0,3.0,2.0,4.0,5.0,3.0,2.1874999850316152
504,1.0,3.0,2.0,4.0,5.0,4.0,2.187500012307023
505,1.0,3.0,2.0,5.0,1.0,2.0,1.666661761335902
506,1.0,3.0,2.0,5.0,1.0,3.0,1.6666621688844092
507,1.0,3.0,2.0,5.0,1.0,5.0,1.6666629063649407
508,1.0,3.0,2.0,5.0,2.0,2.0,1.7758622299784024
509,1.0,3.0,2.0,5.0,2.0,3.0,1.775861663196065
510,1.0,3.0,2.0,5.0,2.0,4.0,1.9516127306657114
511,1.0,3.0,2.0,5.0,2.0,5.0,2.000000010323917
512,1.0,3.0,2.0,5.0,3.0,1.0,1.6249992004997509
513,1.0,3.0,2.0,5.0,3.0,2.0,1.9516131463985804
514,1.0,3.0,2.0,5.0,3.0,3.0,1.9516129215209859
515,1.0,3.0,2.0,5.0,3.0,4.0,1.9516126763479387
516,1.0,3.0,2.0,5.0,3.0,5.0,2.0000000262624624
517,1.0,3.0,2.0,5.0,4.0,3.0,2.012048143448656
518,1.0,3.0,2.0,5.0,4.0,4.0,2.031578936774582
519,1.0,3.0,2.0,5.0,4.0,5.0,2.0315789387966317
520,1.0,3.0,2.0,5.0,5.0,3.0,2.1874999982431276
521,1.0,3.0,2.0,5.0,5.0,4.0,2.193548416831797
522,1.0,3.0,2.0,5.0,5.0,5.0,2.193548386852245
523,1.0,3.0,3.0,1.0,1.0,1.0,1.1779788862217522
524,1.0,3.0,3.0,1.0,1.0,2.0,1.448275771410024
525,1.0,3.0,3.0,1.0,1.0,3.0,1.4482758672685088
526,1.0,3.0,3.0,1.0,1.0,4.0,1.4482759651785269
527,1.0,3.0,3.0,1.0,2.0,1.0,1.1779787958835193
528,1.0,3.0,3.0,1.0,2.0,2.0,1.5000000001123683
529,1.0,3.0,3.0,1.0,2.0,3.0,1.500000101332078
530,1.0,3.0,3.0,1.0,3.0,1.0,1.283333285899682
531,1.0,3.0,3.0,1.0,3.0,2.0,1.5306122247979608
532,1.0,3.0,3.0,1.0,3.0,3.0,1.530612240772718
533,1.0,3.0,3.0,1.0,3.0,4.0,1.7142856006501912
534,1.0,3.0,3.0,1.0,4.0,1.0,1.2833331803337307
535,1.0,3.0,3.0,1.0,4.0,3.0,1.5925925452667848
536,1.0,3.0,3.0,1.0,4.0,4.0,1.9999998571097832
537,1.0,3.0,3.0,1.0,5.0,1.0,1.2833326447451667
538,1.0,3.0,3.0,1.0,5.0,3.0,1.9999998526563525
539,1.0,3.0,3.0,2.0,1.0,1.0,1.327102750490309
540,1.0,3.0,3.0,2.0,1.0,2.0,1.4674796529277159
541,1.0,3.0,3.0,2.0,1.0,3.0,1.526315749032784
542,1.0,3.0,3.0,2.0,1.0,4.0,1.7374998116672484
543,1.0,3.0,3.0,2.0,2.0,1.0,1.3271027495333785
544,1.0,3.0,3.0,2.0,2.0,2.0,1.574468084937939
545,1.0,3.0,3.0,2.0,2.0,3.0,1.7021276510276533
546,1.0,3.0,3.0,2.0,2.0,4.0,1.874999910171006
547,1.0,3.0,3.0,2.0,3.0,1.0,1.3271027774194424
548,1.0,3.0,3.0,2.0,3.0,2.0,1.6756751605716775
549,1.0,3.0,3.0,2.0,3.0,3.0,1.7021276638254803
550,1.0,3.0,3.0,2.0,3.0,4.0,1.8749999005842226
551,1.0,3.0,3.0,2.0,4.0,1.0,1.499999906801006
552,1.0,3.0,3.0,2.0,4.0,2.0,1.6756784081955198
553,1.0,3.0,3.0,2.0,4.0,3.0,1.8750001054230034
554,1.0,3.0,3.0,2.0,4.0,4.0,2.0315788589656885
555,1.0,3.0,3.0,2.0,5.0,3.0,1.999999990622082
556,1.0,3.0,3.0,3.0,1.0,1.0,1.3488370754508536
557,1.0,3.0,3.0,3.0,1.0,2.0,1.499999870376379
558,1.0,3.0,3.0,3.0,1.0,3.0,1.526315797926519
559,1.0,3.0,3.0,3.0,1.0,4.0,1.7374999225486714
560,1.0,3.0,3.0,3.0,2.0,1.0,1.4999994770884917
561,1.0,3.0,3.0,3.0,2.0,2.0,1.5744680894179532
562,1.0,3.0,3.0,3.0,2.0,3.0,1.7030074991852029
563,1.0,3.0,3.0,3.0,2.0,4.0,1.8750000116278918
564,1.0,3.0,3.0,3.0,3.0,1.0,1.499999023335126
565,1.0,3.0,3.0,3.0,3.0,2.0,1.7030075590188516
566,1.0,3.0,3.0,3.0,3.0,3.0,1.7030075199375792
567,1.0,3.0,3.0,3.0,3.0,4.0,1.9999999264651211
568,1.0,3.0,3.0,3.0,3.0,5.0,1.9999999543102653
569,1.0,3.0,3.0,3.0,4.0,2.0,1.7030077269745532
570,1.0,3.0,3.0,3.0,4.0,3.0,2.012048174973092
571,1.0,3.0,3.0,3.0,4.0,4.0,2.031578893912492
572,1.0,3.0,3.0,3.0,5.0,4.0,2.0315788728407713
573,1.0,3.0,3.0,4.0,1.0,1.0,1.4999999725025759
574,1.0,3.0,3.0,4.0,1.0,2.0,1.4999999917145865
575,1.0,3.0,3.0,4.0,1.0,3.0,1.7375000012264454
576,1.0,3.0,3.0,4.0,1.0,4.0,1.7374999890310916
577,1.0,3.0,3.0,4.0,2.0,2.0,1.9500000733890301
578,1.0,3.0,3.0,4.0,2.0,3.0,1.9499999824931593
579,1.0,3.0,3.0,4.0,2.0,4.0,1.9499999614507793
580,1.0,3.0,3.0,4.0,3.0,1.0,1.6250001204309807
581,1.0,3.0,3.0,4.0,3.0,2.0,1.965217145154644
582,1.0,3.0,3.0,4.0,3.0,3.0,1.9652173834841369
583,1.0,3.0,3.0,4.0,3.0,4.0,2.031578944037395
584,1.0,3.0,3.0,4.0,3.0,5.0,2.2368421196659796
585,1.0,3.0,3.0,4.0,4.0,2.0,1.9652169880510806
586,1.0,3.0,3.0,4.0,4.0,3.0,2.0120481920880424
587,1.0,3.0,3.0,4.0,4.0,4.0,2.0315789546560294
588,1.0,3.0,3.0,4.0,5.0,3.0,2.3333333221000454
589,1.0,3.0,3.0,4.0,5.0,4.0,2.3333333383448873
590,1.0,3.0,3.0,4.0,5.0,5.0,2.3333333478945373
591,1.0,3.0,3.0,5.0,1.0,2.0,1.7999998995132158
592,1.0,3.0,3.0,5.0,1.0,3.0,1.8333332862639489
593,1.0,3.0,3.0,5.0,1.0,4.0,1.8333334544539939
594,1.0,3.0,3.0,5.0,2.0,2.0,1.9652174641270577
595,1.0,3.0,3.0,5.0,2.0,3.0,1.9652176613575052
596,1.0,3.0,3.0,5.0,2.0,4.0,1.9652174556656388
597,1.0,3.0,3.0,5.0,2.0,5.0,2.236842074748659
598,1.0,3.0,3.0,5.0,3.0,2.0,1.9652173285048549
599,1.0,3.0,3.0,5.0,3.0,3.0,1.9652173120219527
600,1.0,3.0,3.0,5.0,3.0,4.0,2.2368420295012355
601,1.0,3.0,3.0,5.0,3.0,5.0,2.236842098516598
602,1.0,3.0,3.0,5.0,4.0,3.0,2.0120481946104887
603,1.0,3.0,3.0,5.0,4.0,4.0,2.2368420850370345
604,1.0,3.0,3.0,5.0,4.0,5.0,2.4848484560588426
605,1.0,3.0,3.0,5.0,5.0,2.0,2.3333329403079275
606,1.0,3.0,3.0,5.0,5.0,3.0,2.5789472652349867
607,1.0,3.0,3.0,5.0,5.0,4.0,2.5789472955509396
608,1.0,3.0,3.0,5.0,5.0,5.0,2.5789473480712344
609,1.0,3.0,4.0,1.0,1.0,1.0,1.3124999927073604
610,1.0,3.0,4.0,1.0,1.0,4.0,1.44827640756418
611,1.0,3.0,4.0,1.0,2.0,1.0,1.3124999925870335
612,1.0,3.0,4.0,1.0,3.0,4.0,1.714285611506543
613,1.0,3.0,4.0,1.0,5.0,1.0,1.3124999839583473
614,1.0,3.0,4.0,2.0,1.0,2.0,1.6666668402752511
615,1.0,3.0,4.0,2.0,2.0,1.0,1.5999998379067317
616,1.0,3.0,4.0,2.0,2.0,2.0,1.703007572376701
617,1.0,3.0,4.0,2.0,2.0,3.0,1.703007528019636
618,1.0,3.0,4.0,2.0,3.0,2.0,1.7030075609575486
619,1.0,3.0,4.0,2.0,3.0,3.0,1.7030075417093486
620,1.0,3.0,4.0,2.0,3.0,4.0,1.9536422953692045
621,1.0,3.0,4.0,2.0,4.0,3.0,2.012048193829222
622,1.0,3.0,4.0,2.0,4.0,4.0,2.210526309892759
623,1.0,3.0,4.0,3.0,1.0,1.0,1.348837229672717
624,1.0,3.0,4.0,3.0,1.0,3.0,1.6666670346710346
625,1.0,3.0,4.0,3.0,1.0,4.0,1.7374999610561037
626,1.0,3.0,4.0,3.0,2.0,2.0,1.7030075303921177
627,1.0,3.0,4.0,3.0,2.0,3.0,1.70300750300382
628,1.0,3.0,4.0,3.0,3.0,1.0,1.5999997701725037
629,1.0,3.0,4.0,3.0,3.0,3.0,1.703007542878699
630,1.0,3.0,4.0,3.0,3.0,4.0,1.999999915384828
631,1.0,3.0,4.0,3.0,4.0,3.0,2.012048197996289
632,1.0,3.0,4.0,3.0,4.0,4.0,2.2105263266255575
633,1.0,3.0,4.0,3.0,5.0,2.0,2.399999842949558
634,1.0,3.0,4.0,3.0,5.0,3.0,2.3999997152572408
635,1.0,3.0,4.0,4.0,1.0,3.0,1.7374999880597282
636,1.0,3.0,4.0,4.0,1.0,4.0,1.737500000397095
637,1.0,3.0,4.0,4.0,2.0,3.0,1.9500000749328703
638,1.0,3.0,4.0,4.0,2.0,4.0,2.2105263342335606
639,1.0,3.0,4.0,4.0,3.0,1.0,1.6428581294766422
640,1.0,3.0,4.0,4.0,3.0,3.0,2.124999978000193
641,1.0,3.0,4.0,4.0,3.0,4.0,2.210526279977659
642,1.0,3.0,4.0,4.0,3.0,5.0,2.4848484913624884
643,1.0,3.0,4.0,4.0,4.0,1.0,1.6428575927923372
644,1.0,3.0,4.0,4.0,4.0,3.0,2.124999986852767
645,1.0,3.0,4.0,4.0,4.0,4.0,2.2105263235782338
646,1.0,3.0,4.0,4.0,4.0,5.0,2.4848485570114467
647,1.0,3.0,4.0,4.0,5.0,4.0,2.4999999809707796
648,1.0,3.0,4.0,5.0,1.0,3.0,1.833333450736058
649,1.0,3.0,4.0,5.0,2.0,1.0,1.9999763205917152
650,1.0,3.0,4.0,5.0,2.0,3.0,2.000001994184326
651,1.0,3.0,4.0,5.0,3.0,3.0,2.1249999137785767
652,1.0,3.0,4.0,5.0,3.0,4.0,2.236842101362834
653,1.0,3.0,4.0,5.0,4.0,3.0,2.2368419929658216
654,1.0,3.0,4.0,5.0,4.0,4.0,2.236842140745413
655,1.0,3.0,4.0,5.0,4.0,5.0,2.4848484859597355
656,1.0,3.0,4.0,5.0,5.0,4.0,2.747126415582525
657,1.0,3.0,4.0,5.0,5.0,5.0,2.7471264177182744
658,1.0,3.0,5.0,1.0,1.0,1.0,1.3333333854315592
659,1.0,3.0,5.0,1.0,2.0,1.0,1.3333333094284137
660,1.0,3.0,5.0,1.0,2.0,3.0,1.5000000926132677
661,1.0,3.0,5.0,1.0,3.0,1.0,1.3333331454909045
662,1.0,3.0,5.0,1.0,4.0,5.0,1.9999999957592314
663,1.0,3.0,5.0,2.0,1.0,2.0,1.7030075165918448
664,1.0,3.0,5.0,2.0,3.0,1.0,1.7030075744296511
665,1.0,3.0,5.0,2.0,3.0,2.0,1.7030075391916502
666,1.0,3.0,5.0,3.0,3.0,2.0,2.190476087136738
667,1.0,3.0,5.0,3.0,3.0,3.0,2.1904761055829756
668,1.0,3.0,5.0,4.0,1.0,4.0,1.7375000082553327
669,1.0,3.0,5.0,4.0,2.0,3.0,1.9500000767626522
670,1.0,3.0,5.0,4.0,3.0,2.0,2.1904760359666233
671,1.0,3.0,5.0,4.0,3.0,4.0,2.484848529293666
672,1.0,3.0,5.0,4.0,4.0,4.0,2.484848531662317
673,1.0,3.0,5.0,5.0,1.0,5.0,1.9333337910817834
674,1.0,3.0,5.0,5.0,3.0,4.0,2.484848427394432
675,1.0,3.0,5.0,5.0,3.0,5.0,2.484848455440429
676,1.0,3.0,5.0,5.0,5.0,4.0,2.7499999940091415
677,1.0,3.0,5.0,5.0,5.0,5.0,2.882352969330888
678,1.0,4.0,1.0,1.0,1.0,1.0,1.1574077682419646
679,1.0,4.0,1.0,1.0,1.0,2.0,1.1629147805334223
680,1.0,4.0,1.0,1.0,1.0,3.0,1.1791044472134178
681,1.0,4.0,1.0,1.0,2.0,1.0,1.1635345688704857
682,1.0,4.0,1.0,1.0,2.0,2.0,1.2405062852213373
683,1.0,4.0,1.0,1.0,2.0,3.0,1.2405062961476045
684,1.0,4.0,1.0,1.0,3.0,1.0,1.1634081875754472
685,1.0,4.0,1.0,1.0,3.0,2.0,1.2405063352751184
686,1.0,4.0,1.0,1.0,3.0,3.0,1.2405064664565641
687,1.0,4.0,1.0,1.0,3.0,4.0,1.2405064380317132
688,1.0,4.0,1.0,1.0,4.0,1.0,1.2352946195898686
689,1.0,4.0,1.0,1.0,4.0,2.0,1.2405054881333928
690,1.0,4.0,1.0,1.0,4.0,3.0,1.406249975932078
691,1.0,4.0,1.0,1.0,4.0,4.0,1.4062498814652251
692,1.0,4.0,1.0,1.0,5.0,1.0,1.235294268994511
693,1.0,4.0,1.0,1.0,5.0,2.0,1.4285715004460462
694,1.0,4.0,1.0,2.0,1.0,1.0,1.1631585822372341
695,1.0,4.0,1.0,2.0,1.0,2.0,1.2473117474077882
696,1.0,4.0,1.0,2.0,1.0,3.0,1.2473117770022324
697,1.0,4.0,1.0,2.0,1.0,4.0,1.3950613158519132
698,1.0,4.0,1.0,2.0,2.0,1.0,1.1919186716665966
699,1.0,4.0,1.0,2.0,2.0,2.0,1.303030298405092
700,1.0,4.0,1.0,2.0,2.0,3.0,1.3030303224596231
701,1.0,4.0,1.0,2.0,3.0,1.0,1.191919113000883
702,1.0,4.0,1.0,2.0,3.0,2.0,1.4062499580317764
703,1.0,4.0,1.0,2.0,3.0,3.0,1.4062500046823936
704,1.0,4.0,1.0,2.0,3.0,4.0,1.5333329420448298
705,1.0,4.0,1.0,2.0,4.0,1.0,1.2784799531734823
706,1.0,4.0,1.0,2.0,4.0,2.0,1.4062500145832437
707,1.0,4.0,1.0,2.0,4.0,3.0,1.4062499439777196
708,1.0,4.0,1.0,2.0,4.0,4.0,1.5333326172814354
709,1.0,4.0,1.0,2.0,5.0,2.0,1.428571535439251
710,1.0,4.0,1.0,2.0,5.0,5.0,1.5333312139990773
711,1.0,4.0,1.0,3.0,1.0,1.0,1.1631447904609817
712,1.0,4.0,1.0,3.0,1.0,2.0,1.2666667618100966
713,1.0,4.0,1.0,3.0,1.0,3.0,1.280000000749516
714,1.0,4.0,1.0,3.0,1.0,4.0,1.3950615960181743
715,1.0,4.0,1.0,3.0,1.0,5.0,1.395061874915874
716,1.0,4.0,1.0,3.0,2.0,1.0,1.2743352650756226
717,1.0,4.0,1.0,3.0,2.0,2.0,1.307692378956575
718,1.0,4.0,1.0,3.0,2.0,3.0,1.3684210743174843
719,1.0,4.0,1.0,3.0,2.0,4.0,1.4444443961921978
720,1.0,4.0,1.0,3.0,3.0,1.0,1.2743351150831823
721,1.0,4.0,1.0,3.0,3.0,2.0,1.4062499686000451
722,1.0,4.0,1.0,3.0,3.0,3.0,1.4062500139135972
723,1.0,4.0,1.0,3.0,3.0,4.0,1.5333330165253274
724,1.0,4.0,1.0,3.0,4.0,1.0,1.3999998559398004
725,1.0,4.0,1.0,3.0,4.0,2.0,1.4062499322285218
726,1.0,4.0,1.0,3.0,4.0,3.0,1.4062500093623949
727,1.0,4.0,1.0,3.0,4.0,4.0,1.533333005322153
728,1.0,4.0,1.0,3.0,5.0,2.0,1.5454546313874664
729,1.0,4.0,1.0,3.0,5.0,3.0,1.5454546689033901
730,1.0,4.0,1.0,4.0,1.0,1.0,1.1631294694599525
731,1.0,4.0,1.0,4.0,1.0,2.0,1.3469387978173564
732,1.0,4.0,1.0,4.0,1.0,3.0,1.3950619031894589
733,1.0,4.0,1.0,4.0,1.0,4.0,1.3950617648347179
734,1.0,4.0,1.0,4.0,2.0,1.0,1.2743357570787417
735,1.0,4.0,1.0,4.0,2.0,2.0,1.3469389015787816
736,1.0,4.0,1.0,4.0,2.0,3.0,1.4367811481983548
737,1.0,4.0,1.0,4.0,2.0,4.0,1.5333331979135656
738,1.0,4.0,1.0,4.0,2.0,5.0,1.533333299989806
739,1.0,4.0,1.0,4.0,3.0,1.0,1.274332925120013
740,1.0,4.0,1.0,4.0,3.0,2.0,1.437500090023854
741,1.0,4.0,1.0,4.0,3.0,3.0,1.437500004352899
742,1.0,4.0,1.0,4.0,3.0,4.0,1.5333331646431163
743,1.0,4.0,1.0,4.0,4.0,1.0,1.5000002048821461
744,1.0,4.0,1.0,4.0,4.0,2.0,1.5000005887480152
745,1.0,4.0,1.0,4.0,4.0,3.0,1.5333331950027231
746,1.0,4.0,1.0,4.0,4.0,4.0,1.5333331324816628
747,1.0,4.0,1.0,4.0,4.0,5.0,1.533333079634412
748,1.0,4.0,1.0,4.0,5.0,3.0,1.5454546560942204
749,1.0,4.0,1.0,4.0,5.0,4.0,1.5454546733282215
750,1.0,4.0,1.0,4.0,5.0,5.0,1.64705875134313
751,1.0,4.0,1.0,5.0,1.0,1.0,1.2499993613585225
752,1.0,4.0,1.0,5.0,1.0,2.0,1.3469388181667812
753,1.0,4.0,1.0,5.0,1.0,3.0,1.395061679319476
754,1.0,4.0,1.0,5.0,1.0,4.0,1.3950617670819472
755,1.0,4.0,1.0,5.0,1.0,5.0,1.4666664153986806
756,1.0,4.0,1.0,5.0,2.0,3.0,1.4367833815807398
757,1.0,4.0,1.0,5.0,2.0,4.0,1.5333331386146156
758,1.0,4.0,1.0,5.0,3.0,3.0,1.5333327737003517
759,1.0,4.0,1.0,5.0,3.0,5.0,1.533332978651203
760,1.0,4.0,1.0,5.0,4.0,1.0,1.5000006245359796
761,1.0,4.0,1.0,5.0,4.0,3.0,1.5333329049279874
762,1.0,4.0,1.0,5.0,4.0,4.0,1.5333327143765216
763,1.0,4.0,1.0,5.0,4.0,5.0,1.599999903064501
764,1.0,4.0,1.0,5.0,5.0,4.0,1.5555556916253994
765,1.0,4.0,1.0,5.0,5.0,5.0,1.6470587505827576
766,1.0,4.0,2.0,1.0,1.0,1.0,1.1779789564917782
767,1.0,4.0,2.0,1.0,1.0,2.0,1.3421052011898353
768,1.0,4.0,2.0,1.0,1.0,3.0,1.3421052636979502
769,1.0,4.0,2.0,1.0,1.0,4.0,1.3421052989202908
770,1.0,4.0,2.0,1.0,2.0,1.0,1.1779787912078854
771,1.0,4.0,2.0,1.0,2.0,2.0,1.5000000040543306
772,1.0,4.0,2.0,1.0,2.0,3.0,1.523809529236465
773,1.0,4.0,2.0,1.0,3.0,1.0,1.2272726849539821
774,1.0,4.0,2.0,1.0,3.0,2.0,1.621621617470854
775,1.0,4.0,2.0,1.0,3.0,3.0,1.6216216212571155
776,1.0,4.0,2.0,1.0,3.0,4.0,1.6216215754739058
777,1.0,4.0,2.0,1.0,4.0,1.0,1.2352935517599481
778,1.0,4.0,2.0,1.0,4.0,2.0,1.621621715919253
779,1.0,4.0,2.0,1.0,4.0,3.0,1.6216216375452877
780,1.0,4.0,2.0,1.0,4.0,4.0,1.8799999684698607
781,1.0,4.0,2.0,1.0,5.0,4.0,1.8799999295052963
782,1.0,4.0,2.0,2.0,1.0,1.0,1.295454453543804
783,1.0,4.0,2.0,2.0,1.0,2.0,1.4674796642057832
784,1.0,4.0,2.0,2.0,1.0,3.0,1.467479651177767
785,1.0,4.0,2.0,2.0,1.0,4.0,1.4674796937147105
786,1.0,4.0,2.0,2.0,2.0,1.0,1.3260867636545004
787,1.0,4.0,2.0,2.0,2.0,2.0,1.6525423669307777
788,1.0,4.0,2.0,2.0,2.0,3.0,1.652542363763566
789,1.0,4.0,2.0,2.0,2.0,4.0,1.6666666575938227
790,1.0,4.0,2.0,2.0,3.0,1.0,1.3260873300688834
791,1.0,4.0,2.0,2.0,3.0,2.0,1.6525423790841853
792,1.0,4.0,2.0,2.0,3.0,3.0,1.6525423856962218
793,1.0,4.0,2.0,2.0,4.0,1.0,1.3260872202127363
794,1.0,4.0,2.0,2.0,4.0,2.0,1.7272727317998715
795,1.0,4.0,2.0,2.0,4.0,3.0,1.8799999741903501
796,1.0,4.0,2.0,2.0,4.0,4.0,1.879999971747973
797,1.0,4.0,2.0,2.0,5.0,2.0,1.7272725439554215
798,1.0,4.0,2.0,2.0,5.0,3.0,2.0000000376293756
799,1.0,4.0,2.0,3.0,1.0,1.0,1.2954544802084293
800,1.0,4.0,2.0,3.0,1.0,2.0,1.467479668398973
801,1.0,4.0,2.0,3.0,1.0,3.0,1.6739130359285974
802,1.0,4.0,2.0,3.0,1.0,4.0,1.6739130534132376
803,1.0,4.0,2.0,3.0,2.0,1.0,1.333333274136529
804,1.0,4.0,2.0,3.0,2.0,2.0,1.6756756643571489
805,1.0,4.0,2.0,3.0,2.0,3.0,1.6756756732240181
806,1.0,4.0,2.0,3.0,2.0,4.0,1.6756757586098998
807,1.0,4.0,2.0,3.0,3.0,1.0,1.3750000045460544
808,1.0,4.0,2.0,3.0,3.0,2.0,1.6799999962931265
809,1.0,4.0,2.0,3.0,3.0,3.0,1.8437499950635756
810,1.0,4.0,2.0,3.0,3.0,4.0,1.8437500093288042
811,1.0,4.0,2.0,3.0,4.0,1.0,1.3999997164501667
812,1.0,4.0,2.0,3.0,4.0,2.0,1.9230769354220878
813,1.0,4.0,2.0,3.0,4.0,3.0,1.9999999733404534
814,1.0,4.0,2.0,3.0,4.0,4.0,2.0000000470350408
815,1.0,4.0,2.0,3.0,4.0,5.0,1.999999999396766
816,1.0,4.0,2.0,3.0,5.0,3.0,2.000000003752827
817,1.0,4.0,2.0,3.0,5.0,4.0,2.000000091301826
818,1.0,4.0,2.0,3.0,5.0,5.0,1.999999928911198
819,1.0,4.0,2.0,4.0,1.0,1.0,1.374999932375349
820,1.0,4.0,2.0,4.0,1.0,2.0,1.6923077183562918
821,1.0,4.0,2.0,4.0,1.0,3.0,1.692307628069873
822,1.0,4.0,2.0,4.0,1.0,4.0,1.6923077026308608
823,1.0,4.0,2.0,4.0,2.0,1.0,1.6428580931367782
824,1.0,4.0,2.0,4.0,2.0,2.0,1.7758613860070631
825,1.0,4.0,2.0,4.0,2.0,3.0,1.7758611600260112
826,1.0,4.0,2.0,4.0,2.0,4.0,1.888888782196693
827,1.0,4.0,2.0,4.0,3.0,1.0,1.6428576341632817
828,1.0,4.0,2.0,4.0,3.0,2.0,1.9230768662162612
829,1.0,4.0,2.0,4.0,3.0,3.0,1.9516128877800172
830,1.0,4.0,2.0,4.0,3.0,4.0,1.9516129365117605
831,1.0,4.0,2.0,4.0,4.0,2.0,1.923076711804603
832,1.0,4.0,2.0,4.0,4.0,3.0,2.012048207035429
833,1.0,4.0,2.0,4.0,4.0,4.0,2.1599999988182224
834,1.0,4.0,2.0,4.0,4.0,5.0,2.193548414461436
835,1.0,4.0,2.0,4.0,5.0,3.0,2.1875000114372978
836,1.0,4.0,2.0,4.0,5.0,4.0,2.1874999928268872
837,1.0,4.0,2.0,4.0,5.0,5.0,2.1935484619055954
838,1.0,4.0,2.0,5.0,1.0,1.0,1.3749997522936255
839,1.0,4.0,2.0,5.0,1.0,3.0,1.7499997258391227
840,1.0,4.0,2.0,5.0,1.0,4.0,1.7500002651679079
841,1.0,4.0,2.0,5.0,2.0,2.0,1.7758613447373919
842,1.0,4.0,2.0,5.0,2.0,3.0,1.9999998394024088
843,1.0,4.0,2.0,5.0,3.0,1.0,1.6428571920377844
844,1.0,4.0,2.0,5.0,3.0,4.0,2.0000000371863544
845,1.0,4.0,2.0,5.0,3.0,5.0,2.193548344140001
846,1.0,4.0,2.0,5.0,4.0,4.0,2.160000000890086
847,1.0,4.0,2.0,5.0,4.0,5.0,2.193548360534342
848,1.0,4.0,2.0,5.0,5.0,1.0,1.642856976490908
849,1.0,4.0,2.0,5.0,5.0,3.0,2.19354828319579
850,1.0,4.0,2.0,5.0,5.0,4.0,2.1935483574001498
851,1.0,4.0,2.0,5.0,5.0,5.0,2.193548390903242
852,1.0,4.0,3.0,1.0,1.0,1.0,1.177979042162807
853,1.0,4.0,3.0,1.0,1.0,2.0,1.4482757578961778
854,1.0,4.0,3.0,1.0,1.0,3.0,1.448275849429066
855,1.0,4.0,3.0,1.0,1.0,4.0,1.5925923317118313
856,1.0,4.0,3.0,1.0,2.0,1.0,1.2142857092164014
857,1.0,4.0,3.0,1.0,2.0,2.0,1.5238095317488025
858,1.0,4.0,3.0,1.0,2.0,3.0,1.5238095468661919
859,1.0,4.0,3.0,1.0,2.0,4.0,1.5925925248490223
860,1.0,4.0,3.0,1.0,3.0,1.0,1.2833333184694513
861,1.0,4.0,3.0,1.0,3.0,2.0,1.6216216342022893
862,1.0,4.0,3.0,1.0,3.0,3.0,1.677419337652645
863,1.0,4.0,3.0,1.0,3.0,4.0,1.7142855955378695
864,1.0,4.0,3.0,1.0,3.0,5.0,1.7142855393469554
865,1.0,4.0,3.0,1.0,4.0,1.0,1.2833334514631796
866,1.0,4.0,3.0,1.0,4.0,2.0,1.677419331984926
867,1.0,4.0,3.0,1.0,4.0,3.0,1.6774194040420218
868,1.0,4.0,3.0,1.0,4.0,4.0,2.2222221698254105
869,1.0,4.0,3.0,1.0,5.0,2.0,2.0000000297850553
870,1.0,4.0,3.0,1.0,5.0,3.0,2.0000000145614627
871,1.0,4.0,3.0,1.0,5.0,5.0,2.2222222151842885
872,1.0,4.0,3.0,2.0,1.0,1.0,1.3271027670085878
873,1.0,4.0,3.0,2.0,1.0,2.0,1.467479674147351
874,1.0,4.0,3.0,2.0,1.0,3.0,1.5263157554057243
875,1.0,4.0,3.0,2.0,1.0,4.0,1.7374996434186976
876,1.0,4.0,3.0,2.0,2.0,1.0,1.3271027460618072
877,1.0,4.0,3.0,2.0,2.0,2.0,1.6756756325966473
878,1.0,4.0,3.0,2.0,2.0,3.0,1.7142857123148003
879,1.0,4.0,3.0,2.0,3.0,1.0,1.3271027463335345
880,1.0,4.0,3.0,2.0,3.0,2.0,1.833333325007161
881,1.0,4.0,3.0,2.0,3.0,3.0,1.953642321875611
882,1.0,4.0,3.0,2.0,3.0,4.0,1.9536423327544523
883,1.0,4.0,3.0,2.0,4.0,1.0,1.50000021526175
884,1.0,4.0,3.0,2.0,4.0,2.0,1.965217492792092
885,1.0,4.0,3.0,2.0,4.0,3.0,1.9999999996086892
886,1.0,4.0,3.0,2.0,4.0,4.0,2.2222222288253484
887,1.0,4.0,3.0,2.0,5.0,2.0,1.9999999460366338
888,1.0,4.0,3.0,2.0,5.0,3.0,2.0000000370109494
889,1.0,4.0,3.0,2.0,5.0,5.0,2.368420961505897
890,1.0,4.0,3.0,3.0,1.0,1.0,1.3488371612806724
891,1.0,4.0,3.0,3.0,1.0,2.0,1.636363644949461
892,1.0,4.0,3.0,3.0,1.0,3.0,1.6739130516747645
893,1.0,4.0,3.0,3.0,1.0,4.0,1.737499879487401
894,1.0,4.0,3.0,3.0,2.0,1.0,1.4999999588311161
895,1.0,4.0,3.0,3.0,2.0,2.0,1.6756757061624683
896,1.0,4.0,3.0,3.0,2.0,3.0,1.9536423900667774
897,1.0,4.0,3.0,3.0,2.0,4.0,2.0923076664550493
898,1.0,4.0,3.0,3.0,3.0,1.0,1.4999997058605594
899,1.0,4.0,3.0,3.0,3.0,2.0,1.8333333305301802
900,1.0,4.0,3.0,3.0,3.0,3.0,1.9536424082208543
901,1.0,4.0,3.0,3.0,3.0,4.0,2.092307665801152
902,1.0,4.0,3.0,3.0,4.0,1.0,1.499999978642538
903,1.0,4.0,3.0,3.0,4.0,2.0,1.965217465622099
904,1.0,4.0,3.0,3.0,4.0,3.0,2.01204821955354
905,1.0,4.0,3.0,3.0,4.0,4.0,2.2307692287352006
906,1.0,4.0,3.0,3.0,4.0,5.0,2.230769235235143
907,1.0,4.0,3.0,3.0,5.0,3.0,2.0120483165921943
908,1.0,4.0,3.0,3.0,5.0,4.0,2.2307692481787074
909,1.0,4.0,3.0,3.0,5.0,5.0,2.3684210235714334
910,1.0,4.0,3.0,4.0,1.0,1.0,1.500000072087151
911,1.0,4.0,3.0,4.0,1.0,2.0,1.7374999961327158
912,1.0,4.0,3.0,4.0,1.0,3.0,1.7375000445259996
913,1.0,4.0,3.0,4.0,1.0,4.0,1.737500038005131
914,1.0,4.0,3.0,4.0,1.0,5.0,1.933333293400083
915,1.0,4.0,3.0,4.0,2.0,1.0,1.6666508209656437
916,1.0,4.0,3.0,4.0,2.0,2.0,1.9652177111951732
917,1.0,4.0,3.0,4.0,2.0,3.0,2.0888889102771535
918,1.0,4.0,3.0,4.0,2.0,4.0,2.0923076577075026
919,1.0,4.0,3.0,4.0,3.0,1.0,1.7499998333967974
920,1.0,4.0,3.0,4.0,3.0,2.0,1.965217392904911
921,1.0,4.0,3.0,4.0,3.0,3.0,2.088888895769178
922,1.0,4.0,3.0,4.0,3.0,4.0,2.092307716606297
923,1.0,4.0,3.0,4.0,3.0,5.0,2.23684218310554
924,1.0,4.0,3.0,4.0,4.0,2.0,1.965217221045639
925,1.0,4.0,3.0,4.0,4.0,3.0,2.088888913705158
926,1.0,4.0,3.0,4.0,4.0,4.0,2.2524271812567087
927,1.0,4.0,3.0,4.0,4.0,5.0,2.2524272039956705
928,1.0,4.0,3.0,4.0,5.0,3.0,2.3684210305172955
929,1.0,4.0,3.0,4.0,5.0,4.0,2.368421040106608
930,1.0,4.0,3.0,4.0,5.0,5.0,2.3684210971459883
931,1.0,4.0,3.0,5.0,1.0,3.0,1.833333167502085
932,1.0,4.0,3.0,5.0,1.0,4.0,1.833333240357997
933,1.0,4.0,3.0,5.0,1.0,5.0,1.9333333813331064
934,1.0,4.0,3.0,5.0,2.0,1.0,1.6666553665494135
935,1.0,4.0,3.0,5.0,2.0,3.0,2.0888886583265167
936,1.0,4.0,3.0,5.0,2.0,5.0,2.2524272477417946
937,1.0,4.0,3.0,5.0,3.0,2.0,1.9999992737118804
938,1.0,4.0,3.0,5.0,3.0,3.0,2.088888970695922
939,1.0,4.0,3.0,5.0,3.0,4.0,2.252427175943114
940,1.0,4.0,3.0,5.0,3.0,5.0,2.2524272681406274
941,1.0,4.0,3.0,5.0,4.0,2.0,2.088888708654738
942,1.0,4.0,3.0,5.0,4.0,3.0,2.088888995388116
943,1.0,4.0,3.0,5.0,4.0,4.0,2.2524271779923226
944,1.0,4.0,3.0,5.0,4.0,5.0,2.484848458476598
945,1.0,4.0,3.0,5.0,5.0,2.0,2.3333336394958364
946,1.0,4.0,3.0,5.0,5.0,3.0,2.578947305470837
947,1.0,4.0,3.0,5.0,5.0,5.0,2.578947355059702
948,1.0,4.0,4.0,1.0,1.0,1.0,1.3125000041308463
949,1.0,4.0,4.0,1.0,1.0,2.0,1.4482757393079688
950,1.0,4.0,4.0,1.0,2.0,1.0,1.3749999303755702
951,1.0,4.0,4.0,1.0,2.0,2.0,1.5999999365926472
952,1.0,4.0,4.0,1.0,2.0,3.0,1.66666662755766
953,1.0,4.0,4.0,1.0,2.0,5.0,1.666666658292112
954,1.0,4.0,4.0,1.0,3.0,1.0,1.3749999662891879
955,1.0,4.0,4.0,1.0,3.0,2.0,1.677419365360153
956,1.0,4.0,4.0,1.0,3.0,3.0,1.6774193536386865
957,1.0,4.0,4.0,1.0,3.0,4.0,1.714285683862503
958,1.0,4.0,4.0,1.0,4.0,1.0,1.3749999904734689
959,1.0,4.0,4.0,1.0,4.0,2.0,1.677419372456049
960,1.0,4.0,4.0,2.0,1.0,1.0,1.3271028337819135
961,1.0,4.0,4.0,2.0,1.0,2.0,1.7374999068047494
962,1.0,4.0,4.0,2.0,2.0,1.0,1.5999997825607633
963,1.0,4.0,4.0,2.0,2.0,2.0,1.7374999156082813
964,1.0,4.0,4.0,2.0,2.0,3.0,1.7374999204009725
965,1.0,4.0,4.0,2.0,3.0,2.0,1.8333333426038938
966,1.0,4.0,4.0,2.0,3.0,3.0,1.953642313863046
967,1.0,4.0,4.0,2.0,3.0,4.0,1.9536423170390669
968,1.0,4.0,4.0,2.0,4.0,2.0,1.9999999882531676
969,1.0,4.0,4.0,2.0,4.0,3.0,2.272727247017415
970,1.0,4.0,4.0,2.0,4.0,4.0,2.2727272738385365
971,1.0,4.0,4.0,3.0,1.0,1.0,1.3749999202745067
972,1.0,4.0,4.0,3.0,1.0,2.0,1.7374999616749172
973,1.0,4.0,4.0,3.0,1.0,3.0,1.737500015234432
974,1.0,4.0,4.0,3.0,1.0,4.0,1.7374999863295804
975,1.0,4.0,4.0,3.0,2.0,2.0,1.7374999365072943
976,1.0,4.0,4.0,3.0,2.0,3.0,2.1428571597127792
977,1.0,4.0,4.0,3.0,2.0,4.0,2.2499999786879132
978,1.0,4.0,4.0,3.0,3.0,2.0,1.9999999557524368
979,1.0,4.0,4.0,3.0,3.0,3.0,2.250000004174382
980,1.0,4.0,4.0,3.0,3.0,4.0,2.27272727751792
981,1.0,4.0,4.0,3.0,3.0,5.0,2.5164834457089
982,1.0,4.0,4.0,3.0,4.0,1.0,1.5999996641087975
983,1.0,4.0,4.0,3.0,4.0,2.0,2.000000062282337
984,1.0,4.0,4.0,3.0,4.0,3.0,2.272727275678648
985,1.0,4.0,4.0,3.0,4.0,4.0,2.2727273042582072
986,1.0,4.0,4.0,4.0,1.0,1.0,1.5000000009135501
987,1.0,4.0,4.0,4.0,1.0,3.0,1.7375000397211273
988,1.0,4.0,4.0,4.0,1.0,4.0,1.737500049715104
989,1.0,4.0,4.0,4.0,2.0,3.0,2.1428571697333387
990,1.0,4.0,4.0,4.0,2.0,4.0,2.250000050089971
991,1.0,4.0,4.0,4.0,3.0,3.0,2.3636363708183015
992,1.0,4.0,4.0,4.0,3.0,4.0,2.5164835127193927
993,1.0,4.0,4.0,4.0,3.0,5.0,2.5164834904758075
994,1.0,4.0,4.0,4.0,4.0,1.0,1.9999999405508657
995,1.0,4.0,4.0,4.0,4.0,2.0,2.0000002326335564
996,1.0,4.0,4.0,4.0,4.0,3.0,2.516483493089504
997,1.0,4.0,4.0,4.0,4.0,4.0,2.516483524732631
998,1.0,4.0,4.0,4.0,4.0,5.0,2.5164835182464675
999,1.0,4.0,4.0,4.0,5.0,4.0,2.5714285575100315
1000,1.0,4.0,4.0,4.0,5.0,5.0,2.747126437008698
1001,1.0,4.0,4.0,5.0,1.0,3.0,1.9333333378693838
1002,1.0,4.0,4.0,5.0,1.0,4.0,1.9333332905738687
1003,1.0,4.0,4.0,5.0,1.0,5.0,1.9333333522974308
1004,1.0,4.0,4.0,5.0,3.0,4.0,2.5164835228204283
1005,1.0,4.0,4.0,5.0,3.0,5.0,2.5164835105104437
1006,1.0,4.0,4.0,5.0,4.0,4.0,2.516483547031593
1007,1.0,4.0,4.0,5.0,4.0,5.0,2.5164835530130176
1008,1.0,4.0,4.0,5.0,5.0,3.0,2.7471264151287262
1009,1.0,4.0,4.0,5.0,5.0,5.0,2.7471264196381338
1010,1.0,4.0,5.0,1.0,1.0,1.0,1.3333334819435685
1011,1.0,4.0,5.0,1.0,3.0,4.0,1.7142858086302017
1012,1.0,4.0,5.0,1.0,4.0,1.0,1.8666665796038233
1013,1.0,4.0,5.0,2.0,1.0,3.0,1.7374999789814423
1014,1.0,4.0,5.0,2.0,3.0,1.0,2.1904760283260787
1015,1.0,4.0,5.0,3.0,3.0,3.0,2.3636363313346687
1016,1.0,4.0,5.0,3.0,3.0,4.0,2.516483545256704
1017,1.0,4.0,5.0,3.0,5.0,4.0,2.5714285757085835
1018,1.0,4.0,5.0,4.0,1.0,4.0,1.737500027974508
1019,1.0,4.0,5.0,4.0,2.0,3.0,2.1428571820869884
1020,1.0,4.0,5.0,4.0,3.0,2.0,2.1904760176593046
1021,1.0,4.0,5.0,4.0,3.0,3.0,2.3636364191894086
1022,1.0,4.0,5.0,4.0,4.0,4.0,2.5164835463394697
1023,1.0,4.0,5.0,4.0,5.0,4.0,2.571428581752757
1024,1.0,4.0,5.0,4.0,5.0,5.0,2.8823530085884497
1025,1.0,4.0,5.0,5.0,3.0,4.0,2.7499999507033928
1026,1.0,4.0,5.0,5.0,4.0,2.0,2.4000001837984115
1027,1.0,4.0,5.0,5.0,4.0,4.0,2.7499999760537164
1028,1.0,4.0,5.0,5.0,5.0,4.0,2.750000018063886
1029,1.0,4.0,5.0,5.0,5.0,5.0,2.882352998386431
1030,1.0,5.0,1.0,1.0,1.0,1.0,1.1569685049588299
1031,1.0,5.0,1.0,1.0,1.0,2.0,1.1791044351729847
1032,1.0,5.0,1.0,1.0,1.0,3.0,1.1791044629246852
1033,1.0,5.0,1.0,1.0,1.0,4.0,1.1791045727430949
1034,1.0,5.0,1.0,1.0,2.0,1.0,1.191919176152237
1035,1.0,5.0,1.0,1.0,2.0,2.0,1.24050625985749
1036,1.0,5.0,1.0,1.0,2.0,3.0,1.2405062375175357
1037,1.0,5.0,1.0,1.0,3.0,1.0,1.2222222053763496
1038,1.0,5.0,1.0,1.0,3.0,2.0,1.2405064324179609
1039,1.0,5.0,1.0,1.0,3.0,3.0,1.272727267278839
1040,1.0,5.0,1.0,1.0,3.0,4.0,1.5333327633820153
1041,1.0,5.0,1.0,1.0,4.0,1.0,1.2352949859011146
1042,1.0,5.0,1.0,1.0,4.0,2.0,1.4062500079854343
1043,1.0,5.0,1.0,1.0,4.0,3.0,1.4062500184086884
1044,1.0,5.0,1.0,1.0,4.0,4.0,1.5333328500824779
1045,1.0,5.0,1.0,1.0,5.0,1.0,1.235295154025389
1046,1.0,5.0,1.0,1.0,5.0,3.0,1.4285709096565824
1047,1.0,5.0,1.0,1.0,5.0,5.0,1.714285694101185
1048,1.0,5.0,1.0,2.0,1.0,1.0,1.1631859231861301
1049,1.0,5.0,1.0,2.0,1.0,2.0,1.247311787674464
1050,1.0,5.0,1.0,2.0,1.0,3.0,1.3333333070388496
1051,1.0,5.0,1.0,2.0,1.0,4.0,1.395061355142252
1052,1.0,5.0,1.0,2.0,2.0,1.0,1.191918799551226
1053,1.0,5.0,1.0,2.0,2.0,2.0,1.3124999998904354
1054,1.0,5.0,1.0,2.0,2.0,3.0,1.3999998989765212
1055,1.0,5.0,1.0,2.0,2.0,4.0,1.3999999093940934
1056,1.0,5.0,1.0,2.0,3.0,1.0,1.3684209655294486
1057,1.0,5.0,1.0,2.0,3.0,2.0,1.406249966421614
1058,1.0,5.0,1.0,2.0,3.0,3.0,1.4367815990510597
1059,1.0,5.0,1.0,2.0,3.0,4.0,1.5333329169653644
1060,1.0,5.0,1.0,2.0,3.0,5.0,1.5333329350201783
1061,1.0,5.0,1.0,2.0,4.0,2.0,1.4062499640983974
1062,1.0,5.0,1.0,2.0,4.0,3.0,1.4367816552245745
1063,1.0,5.0,1.0,2.0,4.0,4.0,1.533332938203248
1064,1.0,5.0,1.0,2.0,4.0,5.0,1.7142856819233612
1065,1.0,5.0,1.0,2.0,5.0,2.0,1.4285723446334904
1066,1.0,5.0,1.0,2.0,5.0,3.0,1.5333330450256086
1067,1.0,5.0,1.0,2.0,5.0,4.0,1.5333331036524855
1068,1.0,5.0,1.0,2.0,5.0,5.0,1.7142856488779044
1069,1.0,5.0,1.0,3.0,1.0,1.0,1.27433621591296
1070,1.0,5.0,1.0,3.0,1.0,2.0,1.34615384095224
1071,1.0,5.0,1.0,3.0,1.0,3.0,1.3950617278691484
1072,1.0,5.0,1.0,3.0,1.0,4.0,1.395061668125802
1073,1.0,5.0,1.0,3.0,1.0,5.0,1.3950620435586665
1074,1.0,5.0,1.0,3.0,2.0,1.0,1.2743360499667957
1075,1.0,5.0,1.0,3.0,2.0,2.0,1.3461538650481226
1076,1.0,5.0,1.0,3.0,2.0,3.0,1.4367808920026828
1077,1.0,5.0,1.0,3.0,2.0,4.0,1.444444312689577
1078,1.0,5.0,1.0,3.0,3.0,1.0,1.3684209910207534
1079,1.0,5.0,1.0,3.0,3.0,2.0,1.4367815941718138
1080,1.0,5.0,1.0,3.0,3.0,3.0,1.436781440517578
1081,1.0,5.0,1.0,3.0,3.0,4.0,1.5333330210390057
1082,1.0,5.0,1.0,3.0,4.0,1.0,1.4999990228229214
1083,1.0,5.0,1.0,3.0,4.0,2.0,1.4999999225854665
1084,1.0,5.0,1.0,3.0,4.0,3.0,1.499999962200899
1085,1.0,5.0,1.0,3.0,4.0,4.0,1.5333330255810727
1086,1.0,5.0,1.0,3.0,5.0,2.0,1.5454545967305204
1087,1.0,5.0,1.0,3.0,5.0,3.0,1.545454760190597
1088,1.0,5.0,1.0,3.0,5.0,4.0,1.7142855722830257
1089,1.0,5.0,1.0,3.0,5.0,5.0,1.7142856237321744
1090,1.0,5.0,1.0,4.0,1.0,1.0,1.2743360910786727
1091,1.0,5.0,1.0,4.0,1.0,2.0,1.3469388861526967
1092,1.0,5.0,1.0,4.0,1.0,3.0,1.4367803101251082
1093,1.0,5.0,1.0,4.0,1.0,4.0,1.4367803842309341
1094,1.0,5.0,1.0,4.0,1.0,5.0,1.4666665046907892
1095,1.0,5.0,1.0,4.0,2.0,2.0,1.3469389402782859
1096,1.0,5.0,1.0,4.0,2.0,3.0,1.4367808239252422
1097,1.0,5.0,1.0,4.0,2.0,4.0,1.5333335596512532
1098,1.0,5.0,1.0,4.0,3.0,1.0,1.3684211037428196
1099,1.0,5.0,1.0,4.0,3.0,2.0,1.4999999826935515
1100,1.0,5.0,1.0,4.0,3.0,3.0,1.5333332874571606
1101,1.0,5.0,1.0,4.0,3.0,4.0,1.5333332694871384
1102,1.0,5.0,1.0,4.0,4.0,1.0,1.499998701891649
1103,1.0,5.0,1.0,4.0,4.0,2.0,1.5333334257002547
1104,1.0,5.0,1.0,4.0,4.0,3.0,1.5333333076453677
1105,1.0,5.0,1.0,4.0,4.0,4.0,1.5333331865980686
1106,1.0,5.0,1.0,4.0,4.0,5.0,1.7142857157549862
1107,1.0,5.0,1.0,4.0,5.0,1.0,1.4999967691099367
1108,1.0,5.0,1.0,4.0,5.0,2.0,1.5454545390275576
1109,1.0,5.0,1.0,4.0,5.0,3.0,1.5454547722271887
1110,1.0,5.0,1.0,4.0,5.0,4.0,1.7142856233317147
1111,1.0,5.0,1.0,4.0,5.0,5.0,1.7142856912914943
1112,1.0,5.0,1.0,5.0,1.0,1.0,1.2743359238228449
1113,1.0,5.0,1.0,5.0,1.0,2.0,1.3469388475965267
1114,1.0,5.0,1.0,5.0,1.0,3.0,1.436780336172384
1115,1.0,5.0,1.0,5.0,1.0,4.0,1.4367801935095972
1116,1.0,5.0,1.0,5.0,1.0,5.0,1.4666665123529312
1117,1.0,5.0,1.0,5.0,2.0,1.0,1.2743370787965977
1118,1.0,5.0,1.0,5.0,2.0,2.0,1.346938662046937
1119,1.0,5.0,1.0,5.0,2.0,3.0,1.4367819495060885
1120,1.0,5.0,1.0,5.0,2.0,4.0,1.5333333028721132
1121,1.0,5.0,1.0,5.0,3.0,1.0,1.5333331897766223
1122,1.0,5.0,1.0,5.0,3.0,2.0,1.5333333675264131
1123,1.0,5.0,1.0,5.0,3.0,3.0,1.5333332606467933
1124,1.0,5.0,1.0,5.0,3.0,5.0,1.5333331413902829
1125,1.0,5.0,1.0,5.0,4.0,3.0,1.533333303375858
1126,1.0,5.0,1.0,5.0,4.0,4.0,1.5999999926804567
1127,1.0,5.0,1.0,5.0,4.0,5.0,1.7142856960224524
1128,1.0,5.0,1.0,5.0,5.0,1.0,1.5555553054218991
1129,1.0,5.0,1.0,5.0,5.0,3.0,1.5555551635952347
1130,1.0,5.0,1.0,5.0,5.0,4.0,1.7142856355073355
1131,1.0,5.0,1.0,5.0,5.0,5.0,1.7142857313733317
1132,1.0,5.0,2.0,1.0,1.0,1.0,1.177979076217401
1133,1.0,5.0,2.0,1.0,1.0,2.0,1.4674796802955083
1134,1.0,5.0,2.0,1.0,1.0,3.0,1.46747967713813
1135,1.0,5.0,2.0,1.0,2.0,1.0,1.1919192408942876
1136,1.0,5.0,2.0,1.0,2.0,2.0,1.5000000059047338
1137,1.0,5.0,2.0,1.0,2.0,3.0,1.621621652955616
1138,1.0,5.0,2.0,1.0,3.0,1.0,1.2272727187412484
1139,1.0,5.0,2.0,1.0,3.0,2.0,1.6216215825901306
1140,1.0,5.0,2.0,1.0,3.0,3.0,1.621621609861152
1141,1.0,5.0,2.0,1.0,3.0,4.0,1.6216216284895073
1142,1.0,5.0,2.0,1.0,4.0,2.0,1.6216215370480394
1143,1.0,5.0,2.0,1.0,4.0,3.0,1.6216215395208866
1144,1.0,5.0,2.0,1.0,4.0,4.0,1.8799999942138443
1145,1.0,5.0,2.0,1.0,5.0,1.0,1.6216215280442186
1146,1.0,5.0,2.0,1.0,5.0,2.0,1.6216214690733801
1147,1.0,5.0,2.0,1.0,5.0,3.0,1.8800001169268798
1148,1.0,5.0,2.0,1.0,5.0,4.0,1.879999963576948
1149,1.0,5.0,2.0,1.0,5.0,5.0,1.8799998467649701
1150,1.0,5.0,2.0,2.0,1.0,1.0,1.2954544554603027
1151,1.0,5.0,2.0,2.0,1.0,2.0,1.467479670004157
1152,1.0,5.0,2.0,2.0,1.0,3.0,1.4674796716347744
1153,1.0,5.0,2.0,2.0,1.0,4.0,1.666666687247383
1154,1.0,5.0,2.0,2.0,1.0,5.0,1.66666663769597
1155,1.0,5.0,2.0,2.0,2.0,1.0,1.3333336001824567
1156,1.0,5.0,2.0,2.0,2.0,2.0,1.6525423562715276
1157,1.0,5.0,2.0,2.0,2.0,3.0,1.6525423722297656
1158,1.0,5.0,2.0,2.0,2.0,4.0,1.6666666557681262
1159,1.0,5.0,2.0,2.0,2.0,5.0,1.666666609332611
1160,1.0,5.0,2.0,2.0,3.0,1.0,1.374999940640736
1161,1.0,5.0,2.0,2.0,3.0,2.0,1.7272727366481342
1162,1.0,5.0,2.0,2.0,3.0,3.0,1.8333333265991656
1163,1.0,5.0,2.0,2.0,3.0,4.0,1.8333333441891633
1164,1.0,5.0,2.0,2.0,4.0,1.0,1.6428554988857902
1165,1.0,5.0,2.0,2.0,4.0,2.0,1.727272858858567
1166,1.0,5.0,2.0,2.0,4.0,4.0,1.880000002102075
1167,1.0,5.0,2.0,2.0,4.0,5.0,1.8800000703075443
1168,1.0,5.0,2.0,2.0,5.0,1.0,1.6428554428836488
1169,1.0,5.0,2.0,2.0,5.0,2.0,1.9999999090200333
1170,1.0,5.0,2.0,2.0,5.0,3.0,2.0000000129211934
1171,1.0,5.0,2.0,2.0,5.0,4.0,2.012048170289313
1172,1.0,5.0,2.0,2.0,5.0,5.0,2.1935483858870173
1173,1.0,5.0,2.0,3.0,1.0,1.0,1.2954545062057599
1174,1.0,5.0,2.0,3.0,1.0,2.0,1.467479686872015
1175,1.0,5.0,2.0,3.0,1.0,3.0,1.7142856946280978
1176,1.0,5.0,2.0,3.0,2.0,1.0,1.333333276733351
1177,1.0,5.0,2.0,3.0,2.0,2.0,1.7758613831944439
1178,1.0,5.0,2.0,3.0,2.0,3.0,1.8571428619380952
1179,1.0,5.0,2.0,3.0,2.0,4.0,1.9999999348369222
1180,1.0,5.0,2.0,3.0,3.0,1.0,1.6428570486834573
1181,1.0,5.0,2.0,3.0,3.0,2.0,1.8333333094798634
1182,1.0,5.0,2.0,3.0,3.0,3.0,1.9259259261955866
1183,1.0,5.0,2.0,3.0,3.0,4.0,2.0000000392802892
1184,1.0,5.0,2.0,3.0,4.0,1.0,1.642856429692553
1185,1.0,5.0,2.0,3.0,4.0,2.0,2.012048155120512
1186,1.0,5.0,2.0,3.0,4.0,3.0,2.0120481774591945
1187,1.0,5.0,2.0,3.0,4.0,4.0,2.012048186991817
1188,1.0,5.0,2.0,3.0,4.0,5.0,2.1935482888491067
1189,1.0,5.0,2.0,3.0,5.0,1.0,1.6428562255153192
1190,1.0,5.0,2.0,3.0,5.0,2.0,2.012048189766851
1191,1.0,5.0,2.0,3.0,5.0,3.0,2.012048163184658
1192,1.0,5.0,2.0,3.0,5.0,4.0,2.0120481664240955
1193,1.0,5.0,2.0,3.0,5.0,5.0,2.1935483622822947
1194,1.0,5.0,2.0,4.0,1.0,1.0,1.3749997694691467
1195,1.0,5.0,2.0,4.0,1.0,2.0,1.6923080361306937
1196,1.0,5.0,2.0,4.0,1.0,3.0,1.7142857395702733
1197,1.0,5.0,2.0,4.0,1.0,4.0,1.7142857287502882
1198,1.0,5.0,2.0,4.0,2.0,2.0,1.7758610645050268
1199,1.0,5.0,2.0,4.0,2.0,3.0,1.9999999609694916
1200,1.0,5.0,2.0,4.0,2.0,4.0,2.1599999604550084
1201,1.0,5.0,2.0,4.0,3.0,2.0,1.9999999251154859
1202,1.0,5.0,2.0,4.0,3.0,3.0,2.000000019812282
1203,1.0,5.0,2.0,4.0,3.0,4.0,2.160000031183275
1204,1.0,5.0,2.0,4.0,4.0,1.0,1.6428568196745106
1205,1.0,5.0,2.0,4.0,4.0,2.0,2.0120482185639608
1206,1.0,5.0,2.0,4.0,4.0,3.0,2.0120481996753257
1207,1.0,5.0,2.0,4.0,4.0,4.0,2.160000027467189
1208,1.0,5.0,2.0,4.0,4.0,5.0,2.193548363362132
1209,1.0,5.0,2.0,4.0,5.0,3.0,2.187500019509473
1210,1.0,5.0,2.0,4.0,5.0,4.0,2.193548355052165
1211,1.0,5.0,2.0,4.0,5.0,5.0,2.193548398678404
1212,1.0,5.0,2.0,5.0,1.0,1.0,1.374999897674125
1213,1.0,5.0,2.0,5.0,1.0,2.0,1.6923078070231112
1214,1.0,5.0,2.0,5.0,1.0,3.0,1.8666666729977464
1215,1.0,5.0,2.0,5.0,1.0,4.0,1.86666665061906
1216,1.0,5.0,2.0,5.0,1.0,5.0,1.8666667782256223
1217,1.0,5.0,2.0,5.0,2.0,2.0,1.7758611643223279
1218,1.0,5.0,2.0,5.0,2.0,3.0,2.0000001616736354
1219,1.0,5.0,2.0,5.0,2.0,4.0,2.166666745363965
1220,1.0,5.0,2.0,5.0,2.0,5.0,2.1935483916481586
1221,1.0,5.0,2.0,5.0,3.0,2.0,2.000000034959746
1222,1.0,5.0,2.0,5.0,3.0,3.0,2.0000000433686513
1223,1.0,5.0,2.0,5.0,3.0,4.0,2.166666674144945
1224,1.0,5.0,2.0,5.0,3.0,5.0,2.1935483306484733
1225,1.0,5.0,2.0,5.0,4.0,3.0,2.0120481924858127
1226,1.0,5.0,2.0,5.0,4.0,4.0,2.193548390018785
1227,1.0,5.0,2.0,5.0,4.0,5.0,2.193548370875651
1228,1.0,5.0,2.0,5.0,5.0,1.0,1.642856681532744
1229,1.0,5.0,2.0,5.0,5.0,2.0,2.0120482037590475
1230,1.0,5.0,2.0,5.0,5.0,3.0,2.1935483659700297
1231,1.0,5.0,2.0,5.0,5.0,4.0,2.1935483858400304
1232,1.0,5.0,2.0,5.0,5.0,5.0,2.19354843527947
1233,1.0,5.0,3.0,1.0,1.0,1.0,1.1779791540608018
1234,1.0,5.0,3.0,1.0,1.0,2.0,1.4674796813779707
1235,1.0,5.0,3.0,1.0,1.0,3.0,1.4674796830939845
1236,1.0,5.0,3.0,1.0,1.0,4.0,1.5925921819112308
1237,1.0,5.0,3.0,1.0,2.0,1.0,1.2142857104556413
1238,1.0,5.0,3.0,1.0,2.0,2.0,1.5238095242397418
1239,1.0,5.0,3.0,1.0,2.0,3.0,1.6216216774156407
1240,1.0,5.0,3.0,1.0,2.0,4.0,1.9166667181355694
1241,1.0,5.0,3.0,1.0,3.0,1.0,1.2833333544591166
1242,1.0,5.0,3.0,1.0,3.0,2.0,1.62162162542788
1243,1.0,5.0,3.0,1.0,3.0,3.0,1.9166666305050832
1244,1.0,5.0,3.0,1.0,3.0,4.0,1.9166666999150288
1245,1.0,5.0,3.0,1.0,3.0,5.0,2.250000024619248
1246,1.0,5.0,3.0,1.0,4.0,2.0,1.6774193872365661
1247,1.0,5.0,3.0,1.0,4.0,3.0,2.000000002109735
1248,1.0,5.0,3.0,1.0,4.0,4.0,2.222222171043375
1249,1.0,5.0,3.0,1.0,5.0,2.0,2.000000018713875
1250,1.0,5.0,3.0,1.0,5.0,3.0,2.1052631546681915
1251,1.0,5.0,3.0,1.0,5.0,4.0,2.2500000003051817
1252,1.0,5.0,3.0,1.0,5.0,5.0,2.2500000186710003
1253,1.0,5.0,3.0,2.0,1.0,1.0,1.3749999691640393
1254,1.0,5.0,3.0,2.0,1.0,2.0,1.467479683980203
1255,1.0,5.0,3.0,2.0,1.0,3.0,1.7500000031186245
1256,1.0,5.0,3.0,2.0,2.0,1.0,1.3749999692296255
1257,1.0,5.0,3.0,2.0,2.0,2.0,1.6756756414243703
1258,1.0,5.0,3.0,2.0,2.0,3.0,1.9333333554372822
1259,1.0,5.0,3.0,2.0,3.0,1.0,1.3749999504715669
1260,1.0,5.0,3.0,2.0,3.0,2.0,1.8333333279770205
1261,1.0,5.0,3.0,2.0,3.0,3.0,2.084507041713314
1262,1.0,5.0,3.0,2.0,3.0,4.0,2.22222227867278
1263,1.0,5.0,3.0,2.0,4.0,2.0,1.9999999878289207
1264,1.0,5.0,3.0,2.0,4.0,3.0,2.105263117808544
1265,1.0,5.0,3.0,2.0,4.0,4.0,2.222222227430845
1266,1.0,5.0,3.0,2.0,5.0,2.0,1.9999999742396308
1267,1.0,5.0,3.0,2.0,5.0,3.0,2.1052631440551415
1268,1.0,5.0,3.0,2.0,5.0,5.0,2.3684211320726534
1269,1.0,5.0,3.0,3.0,1.0,1.0,1.3749999832302635
1270,1.0,5.0,3.0,3.0,1.0,2.0,1.7499999665227295
1271,1.0,5.0,3.0,3.0,1.0,3.0,1.7500000205331234
1272,1.0,5.0,3.0,3.0,1.0,5.0,1.9333331658165083
1273,1.0,5.0,3.0,3.0,2.0,1.0,1.5000000581447432
1274,1.0,5.0,3.0,3.0,2.0,2.0,1.7758613978321582
1275,1.0,5.0,3.0,3.0,2.0,3.0,2.0845070428825463
1276,1.0,5.0,3.0,3.0,2.0,4.0,2.272727245516085
1277,1.0,5.0,3.0,3.0,3.0,1.0,1.6428571821631268
1278,1.0,5.0,3.0,3.0,3.0,2.0,1.8333333413251627
1279,1.0,5.0,3.0,3.0,3.0,3.0,2.0845070419275276
1280,1.0,5.0,3.0,3.0,3.0,4.0,2.2727272414487847
1281,1.0,5.0,3.0,3.0,4.0,1.0,1.6428567155457214
1282,1.0,5.0,3.0,3.0,4.0,2.0,2.1052631927319077
1283,1.0,5.0,3.0,3.0,4.0,3.0,2.105263148660622
1284,1.0,5.0,3.0,3.0,4.0,4.0,2.333333334768674
1285,1.0,5.0,3.0,3.0,5.0,1.0,1.6428565207556176
1286,1.0,5.0,3.0,3.0,5.0,2.0,2.1052632265436273
1287,1.0,5.0,3.0,3.0,5.0,3.0,2.105263190086516
1288,1.0,5.0,3.0,3.0,5.0,4.0,2.558139501479707
1289,1.0,5.0,3.0,3.0,5.0,5.0,2.558139531212854
1290,1.0,5.0,3.0,4.0,1.0,1.0,1.499999968052334
1291,1.0,5.0,3.0,4.0,1.0,2.0,1.7499999778813304
1292,1.0,5.0,3.0,4.0,1.0,3.0,1.7500000201691415
1293,1.0,5.0,3.0,4.0,1.0,4.0,1.9333332324227979
1294,1.0,5.0,3.0,4.0,1.0,5.0,1.9333332383080561
1295,1.0,5.0,3.0,4.0,2.0,2.0,1.9652174836571985
1296,1.0,5.0,3.0,4.0,2.0,3.0,2.088888927034035
1297,1.0,5.0,3.0,4.0,2.0,4.0,2.2727272522353603
1298,1.0,5.0,3.0,4.0,3.0,1.0,1.7499996288697872
1299,1.0,5.0,3.0,4.0,3.0,2.0,1.9999999196881773
1300,1.0,5.0,3.0,4.0,3.0,3.0,2.088888855926851
1301,1.0,5.0,3.0,4.0,3.0,4.0,2.2727272698305807
1302,1.0,5.0,3.0,4.0,3.0,5.0,2.2727273101377032
1303,1.0,5.0,3.0,4.0,4.0,2.0,2.1052632716546
1304,1.0,5.0,3.0,4.0,4.0,3.0,2.400000012380898
1305,1.0,5.0,3.0,4.0,4.0,4.0,2.435897428846606
1306,1.0,5.0,3.0,4.0,4.0,5.0,2.435897458284985
1307,1.0,5.0,3.0,4.0,5.0,1.0,2.19047598662717
1308,1.0,5.0,3.0,4.0,5.0,3.0,2.5000000336892905
1309,1.0,5.0,3.0,4.0,5.0,4.0,2.578947331896574
1310,1.0,5.0,3.0,4.0,5.0,5.0,2.578947350541647
1311,1.0,5.0,3.0,5.0,1.0,1.0,1.4999999802730752
1312,1.0,5.0,3.0,5.0,1.0,2.0,1.800000079907148
1313,1.0,5.0,3.0,5.0,1.0,3.0,1.866666607233933
1314,1.0,5.0,3.0,5.0,1.0,4.0,1.9333332831494745
1315,1.0,5.0,3.0,5.0,1.0,5.0,1.933333323429455
1316,1.0,5.0,3.0,5.0,2.0,2.0,2.0000003199355376
1317,1.0,5.0,3.0,5.0,2.0,3.0,2.088888930073999
1318,1.0,5.0,3.0,5.0,2.0,4.0,2.272727259224049
1319,1.0,5.0,3.0,5.0,2.0,5.0,2.2727272826174736
1320,1.0,5.0,3.0,5.0,3.0,2.0,2.000000148364273
1321,1.0,5.0,3.0,5.0,3.0,3.0,2.0888889944690114
1322,1.0,5.0,3.0,5.0,3.0,4.0,2.27272727506773
1323,1.0,5.0,3.0,5.0,3.0,5.0,2.2727273331863507
1324,1.0,5.0,3.0,5.0,4.0,2.0,2.105263265649675
1325,1.0,5.0,3.0,5.0,4.0,3.0,2.400000006116998
1326,1.0,5.0,3.0,5.0,4.0,4.0,2.4358974601672525
1327,1.0,5.0,3.0,5.0,4.0,5.0,2.4848484961163932
1328,1.0,5.0,3.0,5.0,5.0,2.0,2.3333338633076326
1329,1.0,5.0,3.0,5.0,5.0,3.0,2.578947414572828
1330,1.0,5.0,3.0,5.0,5.0,4.0,2.5789473744308853
1331,1.0,5.0,3.0,5.0,5.0,5.0,2.5789474070695566
1332,1.0,5.0,4.0,1.0,1.0,1.0,1.3749999706043894
1333,1.0,5.0,4.0,1.0,1.0,2.0,1.5999999947639736
1334,1.0,5.0,4.0,1.0,2.0,1.0,1.3749999625824094
1335,1.0,5.0,4.0,1.0,2.0,2.0,1.5999999634809101
1336,1.0,5.0,4.0,1.0,2.0,4.0,1.9166667247597857
1337,1.0,5.0,4.0,1.0,3.0,1.0,1.3749999687444678
1338,1.0,5.0,4.0,1.0,3.0,3.0,2.2727272745901717
1339,1.0,5.0,4.0,1.0,3.0,5.0,2.2727272119092494
1340,1.0,5.0,4.0,1.0,4.0,4.0,2.272727285811126
1341,1.0,5.0,4.0,1.0,5.0,3.0,2.500000069014555
1342,1.0,5.0,4.0,2.0,1.0,5.0,1.933333283365953
1343,1.0,5.0,4.0,2.0,2.0,1.0,1.7374999512636862
1344,1.0,5.0,4.0,2.0,2.0,2.0,1.7374999660591495
1345,1.0,5.0,4.0,2.0,2.0,5.0,1.9333333200036016
1346,1.0,5.0,4.0,2.0,3.0,1.0,1.7374999411762917
1347,1.0,5.0,4.0,2.0,3.0,2.0,2.1904758943200964
1348,1.0,5.0,4.0,2.0,3.0,3.0,2.2727272878550187
1349,1.0,5.0,4.0,2.0,4.0,1.0,2.1904762706791296
1350,1.0,5.0,4.0,2.0,4.0,4.0,2.2727272530597364
1351,1.0,5.0,4.0,2.0,5.0,3.0,2.558139512069355
1352,1.0,5.0,4.0,2.0,5.0,4.0,2.558139552111263
1353,1.0,5.0,4.0,3.0,1.0,1.0,1.3749999796010983
1354,1.0,5.0,4.0,3.0,1.0,3.0,1.9333332032049888
1355,1.0,5.0,4.0,3.0,2.0,2.0,1.9999999362038425
1356,1.0,5.0,4.0,3.0,2.0,3.0,2.39999988504954
1357,1.0,5.0,4.0,3.0,3.0,2.0,2.1904759545139303
1358,1.0,5.0,4.0,3.0,3.0,3.0,2.516483518887093
1359,1.0,5.0,4.0,3.0,3.0,4.0,2.516483507101892
1360,1.0,5.0,4.0,3.0,4.0,2.0,2.1904761628411067
1361,1.0,5.0,4.0,3.0,4.0,3.0,2.5164835262700813
1362,1.0,5.0,4.0,3.0,4.0,4.0,2.5581395285638138
1363,1.0,5.0,4.0,3.0,4.0,5.0,2.558139542787804
1364,1.0,5.0,4.0,3.0,5.0,2.0,2.399999959564252
1365,1.0,5.0,4.0,3.0,5.0,5.0,2.558139535409315
1366,1.0,5.0,4.0,4.0,1.0,3.0,1.9333332840664599
1367,1.0,5.0,4.0,4.0,1.0,4.0,1.9333332512186083
1368,1.0,5.0,4.0,4.0,2.0,2.0,2.4000000730980173
1369,1.0,5.0,4.0,4.0,2.0,3.0,2.3999999662261646
1370,1.0,5.0,4.0,4.0,3.0,3.0,2.516483507534877
1371,1.0,5.0,4.0,4.0,3.0,4.0,2.516483527351699
1372,1.0,5.0,4.0,4.0,3.0,5.0,2.5164835206212497
1373,1.0,5.0,4.0,4.0,4.0,4.0,2.5581395720314912
1374,1.0,5.0,4.0,4.0,4.0,5.0,2.7368421224068493
1375,1.0,5.0,4.0,4.0,5.0,4.0,2.747126421313183
1376,1.0,5.0,4.0,4.0,5.0,5.0,2.7471264738771977
1377,1.0,5.0,4.0,5.0,1.0,1.0,1.5000000020093907
1378,1.0,5.0,4.0,5.0,1.0,4.0,1.9333333013226226
1379,1.0,5.0,4.0,5.0,1.0,5.0,1.9333333452919328
1380,1.0,5.0,4.0,5.0,2.0,4.0,2.400000106119427
1381,1.0,5.0,4.0,5.0,2.0,5.0,2.7368421010206143
1382,1.0,5.0,4.0,5.0,3.0,3.0,2.516483508519195
1383,1.0,5.0,4.0,5.0,3.0,4.0,2.5164835288516407
1384,1.0,5.0,4.0,5.0,3.0,5.0,2.736842106092203
1385,1.0,5.0,4.0,5.0,4.0,3.0,2.5164835328213107
1386,1.0,5.0,4.0,5.0,4.0,4.0,2.6000000023832888
1387,1.0,5.0,4.0,5.0,4.0,5.0,2.736842123552323
1388,1.0,5.0,4.0,5.0,5.0,3.0,2.7471263953930625
1389,1.0,5.0,4.0,5.0,5.0,4.0,2.7471264279624643
1390,1.0,5.0,4.0,5.0,5.0,5.0,2.74712649011972
1391,1.0,5.0,5.0,1.0,1.0,1.0,1.3749999912955235
1392,1.0,5.0,5.0,1.0,1.0,4.0,1.5999999897876427
1393,1.0,5.0,5.0,1.0,2.0,1.0,1.3749999877879675
1394,1.0,5.0,5.0,1.0,2.0,2.0,1.999999986854182
1395,1.0,5.0,5.0,1.0,3.0,1.0,1.375000003105725
1396,1.0,5.0,5.0,1.0,4.0,3.0,2.2727273245299773
1397,1.0,5.0,5.0,1.0,5.0,2.0,2.0000000385508856
1398,1.0,5.0,5.0,1.0,5.0,4.0,2.50000008794329
1399,1.0,5.0,5.0,2.0,1.0,1.0,1.499999958826844
1400,1.0,5.0,5.0,2.0,1.0,5.0,1.933333207117148
1401,1.0,5.0,5.0,2.0,3.0,5.0,2.2727273061107383
1402,1.0,5.0,5.0,2.0,4.0,2.0,2.190476098108449
1403,1.0,5.0,5.0,2.0,4.0,4.0,2.747126410401259
1404,1.0,5.0,5.0,2.0,5.0,4.0,2.7471263889365924
1405,1.0,5.0,5.0,3.0,1.0,1.0,1.49999997001371
1406,1.0,5.0,5.0,3.0,1.0,2.0,1.9333331668258489
1407,1.0,5.0,5.0,3.0,1.0,4.0,1.933333222270588
1408,1.0,5.0,5.0,3.0,1.0,5.0,1.9333332422268525
1409,1.0,5.0,5.0,3.0,2.0,3.0,2.399999885990153
1410,1.0,5.0,5.0,3.0,3.0,3.0,2.516483525650051
1411,1.0,5.0,5.0,3.0,3.0,4.0,2.5164835266436962
1412,1.0,5.0,5.0,3.0,4.0,3.0,2.516483526326522
1413,1.0,5.0,5.0,3.0,4.0,4.0,2.747126406020069
1414,1.0,5.0,5.0,3.0,4.0,5.0,2.7471264333853704
1415,1.0,5.0,5.0,3.0,5.0,3.0,2.7471263915530324
1416,1.0,5.0,5.0,3.0,5.0,4.0,2.7471263971496063
1417,1.0,5.0,5.0,3.0,5.0,5.0,2.9135802080229554
1418,1.0,5.0,5.0,4.0,2.0,3.0,2.3999998740940565
1419,1.0,5.0,5.0,4.0,2.0,5.0,2.3999997939572015
1420,1.0,5.0,5.0,4.0,3.0,3.0,2.5164835141086006
1421,1.0,5.0,5.0,4.0,4.0,3.0,2.5164835221196733
1422,1.0,5.0,5.0,4.0,4.0,4.0,2.747126399120506
1423,1.0,5.0,5.0,4.0,5.0,4.0,2.750000073068625
1424,1.0,5.0,5.0,4.0,5.0,5.0,2.9135802333148435
1425,1.0,5.0,5.0,5.0,1.0,1.0,1.5000000092962538
1426,1.0,5.0,5.0,5.0,1.0,2.0,1.9333332837727772
1427,1.0,5.0,5.0,5.0,1.0,3.0,1.933333425187799
1428,1.0,5.0,5.0,5.0,1.0,4.0,1.933333348256493
1429,1.0,5.0,5.0,5.0,1.0,5.0,1.9333334502988369
1430,1.0,5.0,5.0,5.0,2.0,5.0,2.7368421184107117
1431,1.0,5.0,5.0,5.0,3.0,3.0,2.516483507682185
1432,1.0,5.0,5.0,5.0,3.0,5.0,2.7499999740530905
1433,1.0,5.0,5.0,5.0,4.0,3.0,2.516483533212882
1434,1.0,5.0,5.0,5.0,4.0,5.0,2.7500000013472015
1435,1.0,5.0,5.0,5.0,5.0,1.0,2.190476104771935
1436,1.0,5.0,5.0,5.0,5.0,2.0,2.40000010161454
1437,1.0,5.0,5.0,5.0,5.0,3.0,2.747126401225744
1438,1.0,5.0,5.0,5.0,5.0,4.0,2.750000088025765
1439,1.0,5.0,5.0,5.0,5.0,5.0,2.9135802520033987
1440,2.0,1.0,1.0,1.0,1.0,1.0,1.1627932535332002
1441,2.0,1.0,1.0,1.0,1.0,2.0,1.1628052073672204
1442,2.0,1.0,1.0,1.0,1.0,3.0,1.1628161281898715
1443,2.0,1.0,1.0,1.0,2.0,1.0,1.1944442687752794
1444,2.0,1.0,1.0,1.0,2.0,2.0,1.2403106225396863
1445,2.0,1.0,1.0,1.0,3.0,1.0,1.194445420663897
1446,2.0,1.0,1.0,1.0,3.0,2.0,1.240310827915196
1447,2.0,1.0,1.0,1.0,3.0,3.0,1.4999995181410697
1448,2.0,1.0,1.0,2.0,1.0,1.0,1.1628547937044211
1449,2.0,1.0,1.0,2.0,1.0,2.0,1.1628675036789342
1450,2.0,1.0,1.0,2.0,1.0,3.0,1.199999486538989
1451,2.0,1.0,1.0,2.0,2.0,1.0,1.1944430496926053
1452,2.0,1.0,1.0,2.0,2.0,2.0,1.5116272484044884
1453,2.0,1.0,1.0,2.0,2.0,3.0,1.5116267721181278
1454,2.0,1.0,1.0,2.0,3.0,1.0,1.3333347803421216
1455,2.0,1.0,1.0,2.0,3.0,2.0,1.6599997618534013
1456,2.0,1.0,1.0,2.0,3.0,3.0,1.6999971960904938
1457,2.0,1.0,1.0,2.0,4.0,1.0,1.3333330452231347
1458,2.0,1.0,1.0,2.0,4.0,3.0,1.6999972893527222
1459,2.0,1.0,1.0,2.0,4.0,4.0,1.699994731758751
1460,2.0,1.0,1.0,3.0,1.0,1.0,1.1628976659644894
1461,2.0,1.0,1.0,3.0,1.0,2.0,1.3749997637343183
1462,2.0,1.0,1.0,3.0,1.0,3.0,1.4186047727673585
1463,2.0,1.0,1.0,3.0,2.0,1.0,1.3846144315429245
1464,2.0,1.0,1.0,3.0,2.0,2.0,1.5116270292039085
1465,2.0,1.0,1.0,3.0,2.0,3.0,1.5116266664336
1466,2.0,1.0,1.0,3.0,2.0,4.0,1.5116262100949824
1467,2.0,1.0,1.0,3.0,3.0,1.0,1.3846139229734378
1468,2.0,1.0,1.0,3.0,3.0,2.0,1.6599999343927074
1469,2.0,1.0,1.0,3.0,3.0,3.0,1.7222199979904296
1470,2.0,1.0,1.0,3.0,3.0,4.0,1.722219547357826
1471,2.0,1.0,1.0,3.0,4.0,1.0,1.6599990770617992
1472,2.0,1.0,1.0,3.0,5.0,2.0,1.6600007435670394
1473,2.0,1.0,1.0,3.0,5.0,4.0,1.7222186814333595
1474,2.0,1.0,1.0,4.0,1.0,1.0,1.1629221215163714
1475,2.0,1.0,1.0,4.0,1.0,2.0,1.3750002682504003
1476,2.0,1.0,1.0,4.0,1.0,3.0,1.4186047396485524
1477,2.0,1.0,1.0,4.0,1.0,4.0,1.4186046653882436
1478,2.0,1.0,1.0,4.0,2.0,1.0,1.5116284144420347
1479,2.0,1.0,1.0,4.0,2.0,2.0,1.5116263637258274
1480,2.0,1.0,1.0,4.0,2.0,3.0,1.7000008419280945
1481,2.0,1.0,1.0,4.0,3.0,1.0,1.5555532519570323
1482,2.0,1.0,1.0,4.0,3.0,2.0,1.7222174279345002
1483,2.0,1.0,1.0,4.0,3.0,3.0,1.7222197004370063
1484,2.0,1.0,1.0,4.0,4.0,4.0,1.7222195289296756
1485,2.0,1.0,1.0,5.0,1.0,1.0,1.162927326131913
1486,2.0,1.0,1.0,5.0,1.0,2.0,1.3750005318499348
1487,2.0,1.0,1.0,5.0,1.0,3.0,1.6535428591607684
1488,2.0,1.0,1.0,5.0,2.0,2.0,1.7222257586186094
1489,2.0,1.0,1.0,5.0,3.0,3.0,1.7222230511312928
1490,2.0,1.0,1.0,5.0,3.0,4.0,1.8000003861954883
1491,2.0,1.0,1.0,5.0,5.0,5.0,2.1904761069560954
1492,2.0,1.0,2.0,1.0,1.0,1.0,1.2631578454176993
1493,2.0,1.0,2.0,1.0,1.0,2.0,1.3421053227930708
1494,2.0,1.0,2.0,1.0,1.0,3.0,1.3421052929016806
1495,2.0,1.0,2.0,1.0,2.0,1.0,1.3333333618047383
1496,2.0,1.0,2.0,1.0,2.0,2.0,1.342105189012673
1497,2.0,1.0,2.0,1.0,2.0,3.0,1.3421052325000205
1498,2.0,1.0,2.0,1.0,3.0,2.0,1.342104884759009
1499,2.0,1.0,2.0,1.0,3.0,3.0,1.4999998835365258
1500,2.0,1.0,2.0,1.0,4.0,2.0,1.714286996262496
1501,2.0,1.0,2.0,2.0,1.0,1.0,1.327102716745673
1502,2.0,1.0,2.0,2.0,1.0,2.0,1.4174758072871219
1503,2.0,1.0,2.0,2.0,1.0,3.0,1.7619046958931208
1504,2.0,1.0,2.0,2.0,2.0,1.0,1.3333332821683057
1505,2.0,1.0,2.0,2.0,2.0,2.0,1.6600002686943374
1506,2.0,1.0,2.0,2.0,2.0,3.0,1.7619047210837768
1507,2.0,1.0,2.0,2.0,3.0,2.0,1.6599998661779398
1508,2.0,1.0,2.0,2.0,3.0,3.0,1.7619047017090705
1509,2.0,1.0,2.0,2.0,4.0,2.0,1.9999997671782879
1510,2.0,1.0,2.0,3.0,1.0,1.0,1.416666475058679
1511,2.0,1.0,2.0,3.0,1.0,2.0,1.4174758312103546
1512,2.0,1.0,2.0,3.0,1.0,3.0,1.7647058504589481
1513,2.0,1.0,2.0,3.0,2.0,1.0,1.5116257428800275
1514,2.0,1.0,2.0,3.0,2.0,2.0,1.660000358803062
1515,2.0,1.0,2.0,3.0,2.0,3.0,1.9230769347541539
1516,2.0,1.0,2.0,3.0,3.0,1.0,1.7962966147816652
1517,2.0,1.0,2.0,3.0,3.0,2.0,1.8888888325942053
1518,2.0,1.0,2.0,3.0,3.0,3.0,2.0666666563300384
1519,2.0,1.0,2.0,3.0,3.0,4.0,2.0666667639912175
1520,2.0,1.0,2.0,3.0,4.0,3.0,2.171875080746218
1521,2.0,1.0,2.0,3.0,4.0,4.0,2.171874993941939
1522,2.0,1.0,2.0,4.0,1.0,1.0,1.4380950556281198
1523,2.0,1.0,2.0,4.0,1.0,2.0,1.4380953655382784
1524,2.0,1.0,2.0,4.0,1.0,3.0,1.7647058265445772
1525,2.0,1.0,2.0,4.0,1.0,4.0,1.7647058532677178
1526,2.0,1.0,2.0,4.0,2.0,1.0,1.5116250853170776
1527,2.0,1.0,2.0,4.0,2.0,2.0,1.6600004523272374
1528,2.0,1.0,2.0,4.0,3.0,2.0,1.8888889635843824
1529,2.0,1.0,2.0,4.0,3.0,3.0,2.066666745536378
1530,2.0,1.0,2.0,4.0,3.0,4.0,2.1718749169630893
1531,2.0,1.0,2.0,4.0,4.0,2.0,2.000000041621656
1532,2.0,1.0,2.0,4.0,4.0,3.0,2.171874802612294
1533,2.0,1.0,2.0,4.0,4.0,4.0,2.1718747732914827
1534,2.0,1.0,2.0,4.0,5.0,5.0,2.1718749921712472
1535,2.0,1.0,2.0,5.0,1.0,4.0,1.9999990140776047
1536,2.0,1.0,2.0,5.0,3.0,3.0,2.3333336973030665
1537,2.0,1.0,2.0,5.0,4.0,1.0,2.3333359394853024
1538,2.0,1.0,2.0,5.0,4.0,4.0,2.3333406621038812
1539,2.0,1.0,3.0,1.0,1.0,1.0,1.327102730119156
1540,2.0,1.0,3.0,1.0,1.0,2.0,1.399999969195574
1541,2.0,1.0,3.0,1.0,2.0,1.0,1.333333239463978
1542,2.0,1.0,3.0,1.0,2.0,2.0,1.3999999111727872
1543,2.0,1.0,3.0,1.0,3.0,1.0,1.3333331542410634
1544,2.0,1.0,3.0,1.0,3.0,2.0,1.49999990826348
1545,2.0,1.0,3.0,1.0,3.0,3.0,1.7619047792567364
1546,2.0,1.0,3.0,2.0,1.0,1.0,1.3271027982726702
1547,2.0,1.0,3.0,2.0,1.0,2.0,1.4174759330055622
1548,2.0,1.0,3.0,2.0,1.0,3.0,1.7619046905200455
1549,2.0,1.0,3.0,2.0,2.0,2.0,1.6600001216600282
1550,2.0,1.0,3.0,2.0,3.0,1.0,1.6599986496792345
1551,2.0,1.0,3.0,2.0,3.0,2.0,1.659999502787133
1552,2.0,1.0,3.0,2.0,3.0,3.0,1.7619047085609243
1553,2.0,1.0,3.0,2.0,4.0,3.0,2.226415835334923
1554,2.0,1.0,3.0,3.0,1.0,2.0,1.4174759149616674
1555,2.0,1.0,3.0,3.0,1.0,3.0,1.7647058738076815
1556,2.0,1.0,3.0,3.0,2.0,2.0,1.6600004928805654
1557,2.0,1.0,3.0,3.0,2.0,3.0,2.0000000036155017
1558,2.0,1.0,3.0,3.0,3.0,1.0,1.899999929717097
1559,2.0,1.0,3.0,3.0,3.0,2.0,1.8999999050363388
1560,2.0,1.0,3.0,3.0,3.0,3.0,2.2999999877774635
1561,2.0,1.0,3.0,3.0,3.0,4.0,2.300000039439133
1562,2.0,1.0,3.0,3.0,3.0,5.0,2.300000093963534
1563,2.0,1.0,3.0,3.0,4.0,2.0,2.0000002020878513
1564,2.0,1.0,3.0,3.0,4.0,3.0,2.299999901012247
1565,2.0,1.0,3.0,3.0,4.0,4.0,2.299999967881632
1566,2.0,1.0,3.0,3.0,5.0,1.0,2.500000611515988
1567,2.0,1.0,3.0,4.0,2.0,2.0,1.9999999414611127
1568,2.0,1.0,3.0,4.0,2.0,3.0,2.000000172179064
1569,2.0,1.0,3.0,4.0,3.0,2.0,2.3000000907643807
1570,2.0,1.0,3.0,4.0,3.0,3.0,2.299999938879749
1571,2.0,1.0,3.0,4.0,3.0,4.0,2.5999996799577447
1572,2.0,1.0,3.0,4.0,4.0,3.0,2.6666666541904314
1573,2.0,1.0,3.0,4.0,4.0,4.0,2.6666667080818534
1574,2.0,1.0,3.0,4.0,4.0,5.0,2.6666666890463353
1575,2.0,1.0,3.0,5.0,1.0,4.0,2.250000043731926
1576,2.0,1.0,3.0,5.0,2.0,1.0,1.9999787949079844
1577,2.0,1.0,3.0,5.0,3.0,3.0,2.5999999492180526
1578,2.0,1.0,3.0,5.0,5.0,2.0,2.622223236293298
1579,2.0,1.0,4.0,1.0,3.0,2.0,1.837837689115467
1580,2.0,1.0,4.0,1.0,4.0,1.0,1.8378380248959807
1581,2.0,1.0,4.0,2.0,2.0,2.0,1.9999998903459515
1582,2.0,1.0,4.0,2.0,3.0,1.0,1.9000000418001117
1583,2.0,1.0,4.0,3.0,1.0,3.0,1.999999890864997
1584,2.0,1.0,4.0,3.0,4.0,4.0,2.2999999197944323
1585,2.0,1.0,4.0,3.0,5.0,2.0,2.500001489543844
1586,2.0,1.0,4.0,4.0,5.0,3.0,2.918919016363842
1587,2.0,1.0,4.0,5.0,3.0,4.0,2.599999953922995
1588,2.0,1.0,5.0,1.0,1.0,1.0,1.3271026906669419
1589,2.0,1.0,5.0,5.0,5.0,5.0,3.714285563820904
1590,2.0,2.0,1.0,1.0,1.0,1.0,1.1628466998769749
1591,2.0,2.0,1.0,1.0,1.0,2.0,1.2972972611763303
1592,2.0,2.0,1.0,1.0,1.0,3.0,1.2972973778377586
1593,2.0,2.0,1.0,1.0,2.0,1.0,1.1944449439577753
1594,2.0,2.0,1.0,1.0,2.0,2.0,1.5000000075975997
1595,2.0,2.0,1.0,1.0,2.0,3.0,1.537634372334804
1596,2.0,2.0,1.0,1.0,3.0,1.0,1.1944461041620382
1597,2.0,2.0,1.0,1.0,3.0,2.0,1.5376341034454422
1598,2.0,2.0,1.0,1.0,3.0,3.0,1.5376342643350602
1599,2.0,2.0,1.0,1.0,3.0,4.0,1.5376343555674437
1600,2.0,2.0,1.0,1.0,4.0,1.0,1.1944456730554216
1601,2.0,2.0,1.0,1.0,4.0,4.0,1.741934470823814
1602,2.0,2.0,1.0,2.0,1.0,1.0,1.2799999496323986
1603,2.0,2.0,1.0,2.0,1.0,2.0,1.418604493101673
1604,2.0,2.0,1.0,2.0,1.0,3.0,1.418604508639404
1605,2.0,2.0,1.0,2.0,2.0,1.0,1.3773577555413137
1606,2.0,2.0,1.0,2.0,2.0,2.0,1.6718749964010124
1607,2.0,2.0,1.0,2.0,2.0,3.0,1.6999988391057885
1608,2.0,2.0,1.0,2.0,3.0,1.0,1.4468098505812292
1609,2.0,2.0,1.0,2.0,3.0,2.0,1.6718751181244564
1610,2.0,2.0,1.0,2.0,3.0,3.0,1.6999980612977181
1611,2.0,2.0,1.0,2.0,3.0,4.0,1.6999962413922711
1612,2.0,2.0,1.0,2.0,4.0,2.0,1.7000105790355975
1613,2.0,2.0,1.0,2.0,4.0,3.0,1.7000010302623962
1614,2.0,2.0,1.0,2.0,5.0,3.0,1.6999986431003749
1615,2.0,2.0,1.0,3.0,1.0,1.0,1.3235294590620992
1616,2.0,2.0,1.0,3.0,1.0,2.0,1.418604492281162
1617,2.0,2.0,1.0,3.0,1.0,3.0,1.4186045884756557
1618,2.0,2.0,1.0,3.0,2.0,1.0,1.4285704507718051
1619,2.0,2.0,1.0,3.0,2.0,2.0,1.6718751722304077
1620,2.0,2.0,1.0,3.0,2.0,3.0,1.7000001900473758
1621,2.0,2.0,1.0,3.0,3.0,1.0,1.500000068166172
1622,2.0,2.0,1.0,3.0,3.0,2.0,1.741934123536885
1623,2.0,2.0,1.0,3.0,3.0,3.0,1.7419338143023975
1624,2.0,2.0,1.0,3.0,4.0,1.0,1.7419487552592567
1625,2.0,2.0,1.0,3.0,4.0,2.0,1.7419399154790087
1626,2.0,2.0,1.0,3.0,4.0,3.0,1.7419358484127474
1627,2.0,2.0,1.0,3.0,5.0,3.0,1.741934890238937
1628,2.0,2.0,1.0,3.0,5.0,4.0,1.7419346287383384
1629,2.0,2.0,1.0,3.0,5.0,5.0,2.115942226165505
1630,2.0,2.0,1.0,4.0,1.0,2.0,1.5000000530617954
1631,2.0,2.0,1.0,4.0,1.0,3.0,1.653543814836901
1632,2.0,2.0,1.0,4.0,2.0,1.0,1.5555536267819567
1633,2.0,2.0,1.0,4.0,2.0,2.0,1.6718756430253972
1634,2.0,2.0,1.0,4.0,2.0,3.0,1.7000003746981076
1635,2.0,2.0,1.0,4.0,3.0,1.0,1.5555533170399238
1636,2.0,2.0,1.0,4.0,3.0,3.0,1.846153857682668
1637,2.0,2.0,1.0,4.0,3.0,4.0,1.9999997045028692
1638,2.0,2.0,1.0,4.0,4.0,2.0,1.777778140375695
1639,2.0,2.0,1.0,4.0,4.0,3.0,1.846153572333886
1640,2.0,2.0,1.0,4.0,4.0,4.0,1.999999900157876
1641,2.0,2.0,1.0,4.0,4.0,5.0,2.000000008969606
1642,2.0,2.0,1.0,5.0,1.0,1.0,1.641025922454186
1643,2.0,2.0,1.0,5.0,2.0,2.0,1.8461539881519389
1644,2.0,2.0,1.0,5.0,3.0,2.0,1.8461549345750836
1645,2.0,2.0,1.0,5.0,3.0,3.0,1.8461543820623447
1646,2.0,2.0,1.0,5.0,3.0,4.0,1.9999993553924094
1647,2.0,2.0,1.0,5.0,3.0,5.0,2.0000005643077983
1648,2.0,2.0,1.0,5.0,4.0,2.0,1.8461533440129472
1649,2.0,2.0,1.0,5.0,5.0,3.0,1.8461542188457614
1650,2.0,2.0,2.0,1.0,1.0,1.0,1.2799999655669096
1651,2.0,2.0,2.0,1.0,1.0,2.0,1.6153846107784804
1652,2.0,2.0,2.0,1.0,2.0,1.0,1.4411765664056273
1653,2.0,2.0,2.0,1.0,2.0,2.0,1.6153846062061072
1654,2.0,2.0,2.0,1.0,2.0,3.0,1.6153846087814268
1655,2.0,2.0,2.0,1.0,2.0,4.0,1.949999995161336
1656,2.0,2.0,2.0,1.0,3.0,2.0,1.7142862470067175
1657,2.0,2.0,2.0,1.0,3.0,3.0,1.7551018048353395
1658,2.0,2.0,2.0,1.0,4.0,3.0,1.91666660049164
1659,2.0,2.0,2.0,1.0,4.0,4.0,2.0877189919278165
1660,2.0,2.0,2.0,1.0,5.0,2.0,1.714285535151801
1661,2.0,2.0,2.0,2.0,1.0,1.0,1.3846153714064189
1662,2.0,2.0,2.0,2.0,1.0,2.0,1.6153846362103874
1663,2.0,2.0,2.0,2.0,1.0,3.0,1.7619047431709796
1664,2.0,2.0,2.0,2.0,2.0,1.0,1.6761899621087069
1665,2.0,2.0,2.0,2.0,2.0,2.0,1.8299999998262875
1666,2.0,2.0,2.0,2.0,2.0,3.0,1.8333332852942925
1667,2.0,2.0,2.0,2.0,3.0,2.0,1.8299999944949605
1668,2.0,2.0,2.0,2.0,3.0,3.0,1.9499999412072735
1669,2.0,2.0,2.0,2.0,3.0,4.0,1.9500000727807822
1670,2.0,2.0,2.0,2.0,4.0,2.0,2.064516309480885
1671,2.0,2.0,2.0,2.0,4.0,3.0,2.0645173726627433
1672,2.0,2.0,2.0,2.0,4.0,4.0,2.087718921806851
1673,2.0,2.0,2.0,2.0,5.0,5.0,2.524590850724329
1674,2.0,2.0,2.0,3.0,1.0,1.0,1.4166666200160782
1675,2.0,2.0,2.0,3.0,1.0,2.0,1.8421052431928577
1676,2.0,2.0,2.0,3.0,1.0,3.0,1.9142857371526716
1677,2.0,2.0,2.0,3.0,2.0,1.0,1.7777777269011883
1678,2.0,2.0,2.0,3.0,2.0,2.0,1.9285714395534166
1679,2.0,2.0,2.0,3.0,2.0,3.0,2.049999964002406
1680,2.0,2.0,2.0,3.0,2.0,4.0,2.0500001331979676
1681,2.0,2.0,2.0,3.0,3.0,1.0,1.7962960862045374
1682,2.0,2.0,2.0,3.0,3.0,2.0,1.9999999993005084
1683,2.0,2.0,2.0,3.0,3.0,3.0,2.1333333326776427
1684,2.0,2.0,2.0,3.0,3.0,4.0,2.1333333387684292
1685,2.0,2.0,2.0,3.0,4.0,2.0,2.0645159910428426
1686,2.0,2.0,2.0,3.0,4.0,3.0,2.171874875401491
1687,2.0,2.0,2.0,3.0,4.0,4.0,2.171874926387552
1688,2.0,2.0,2.0,3.0,5.0,3.0,2.250000562506687
1689,2.0,2.0,2.0,4.0,1.0,1.0,1.7000001079212272
1690,2.0,2.0,2.0,4.0,1.0,3.0,1.9142855280294209
1691,2.0,2.0,2.0,4.0,1.0,4.0,1.9295777081221372
1692,2.0,2.0,2.0,4.0,2.0,2.0,2.0000000389188712
1693,2.0,2.0,2.0,4.0,2.0,3.0,2.1718751097180435
1694,2.0,2.0,2.0,4.0,2.0,4.0,2.28571430641997
1695,2.0,2.0,2.0,4.0,3.0,2.0,2.17187503730881
1696,2.0,2.0,2.0,4.0,3.0,3.0,2.171875030832478
1697,2.0,2.0,2.0,4.0,3.0,4.0,2.2857141430311514
1698,2.0,2.0,2.0,4.0,3.0,5.0,2.524589871733703
1699,2.0,2.0,2.0,4.0,4.0,2.0,2.1718747900981565
1700,2.0,2.0,2.0,4.0,4.0,3.0,2.171874699629057
1701,2.0,2.0,2.0,4.0,4.0,4.0,2.5245900844969267
1702,2.0,2.0,2.0,4.0,5.0,3.0,2.2499998427229144
1703,2.0,2.0,2.0,4.0,5.0,4.0,2.524590215683498
1704,2.0,2.0,2.0,5.0,1.0,2.0,2.00000009608689
1705,2.0,2.0,2.0,5.0,1.0,3.0,2.000000404550691
1706,2.0,2.0,2.0,5.0,2.0,2.0,1.9999999619790056
1707,2.0,2.0,2.0,5.0,2.0,3.0,2.1718751886354246
1708,2.0,2.0,2.0,5.0,3.0,3.0,2.333333713840398
1709,2.0,2.0,2.0,5.0,3.0,4.0,2.524589903469872
1710,2.0,2.0,2.0,5.0,3.0,5.0,2.5245898920581182
1711,2.0,2.0,2.0,5.0,4.0,3.0,2.333339978495855
1712,2.0,2.0,2.0,5.0,4.0,4.0,2.5245897380021423
1713,2.0,2.0,2.0,5.0,5.0,4.0,2.524589930764823
1714,2.0,2.0,2.0,5.0,5.0,5.0,2.5245902708909185
1715,2.0,2.0,3.0,1.0,1.0,1.0,1.3271027367034147
1716,2.0,2.0,3.0,1.0,1.0,2.0,1.6153845909095603
1717,2.0,2.0,3.0,1.0,1.0,3.0,1.6153845986157838
1718,2.0,2.0,3.0,1.0,2.0,1.0,1.4411762581306347
1719,2.0,2.0,3.0,1.0,2.0,2.0,1.6153845724695108
1720,2.0,2.0,3.0,1.0,3.0,1.0,1.4411752472011312
1721,2.0,2.0,3.0,1.0,3.0,2.0,1.8378378609802655
1722,2.0,2.0,3.0,1.0,3.0,3.0,1.9166668525850168
1723,2.0,2.0,3.0,1.0,4.0,1.0,1.4411745861139584
1724,2.0,2.0,3.0,1.0,4.0,4.0,2.5769231253374727
1725,2.0,2.0,3.0,2.0,1.0,1.0,1.562499934590764
1726,2.0,2.0,3.0,2.0,1.0,2.0,1.8823529245256383
1727,2.0,2.0,3.0,2.0,1.0,3.0,1.882352936950089
1728,2.0,2.0,3.0,2.0,2.0,2.0,1.9999999900055527
1729,2.0,2.0,3.0,2.0,2.0,3.0,2.2264150091113173
1730,2.0,2.0,3.0,2.0,3.0,1.0,1.6761894060792832
1731,2.0,2.0,3.0,2.0,3.0,2.0,2.064516127875316
1732,2.0,2.0,3.0,2.0,3.0,3.0,2.2264149551957555
1733,2.0,2.0,3.0,2.0,3.0,4.0,2.499999985692888
1734,2.0,2.0,3.0,2.0,4.0,2.0,2.064516156476975
1735,2.0,2.0,3.0,2.0,4.0,3.0,2.226415225778074
1736,2.0,2.0,3.0,2.0,4.0,4.0,2.5769229946999417
1737,2.0,2.0,3.0,2.0,5.0,3.0,2.22641518985149
1738,2.0,2.0,3.0,3.0,1.0,2.0,1.8823529989464998
1739,2.0,2.0,3.0,3.0,1.0,3.0,2.0769230904844322
1740,2.0,2.0,3.0,3.0,2.0,2.0,2.0000000073508617
1741,2.0,2.0,3.0,3.0,2.0,3.0,2.266666662335839
1742,2.0,2.0,3.0,3.0,3.0,1.0,1.9000000970258264
1743,2.0,2.0,3.0,3.0,3.0,2.0,2.090909093457701
1744,2.0,2.0,3.0,3.0,3.0,3.0,2.4473684210183637
1745,2.0,2.0,3.0,3.0,3.0,4.0,2.5999999507846536
1746,2.0,2.0,3.0,3.0,4.0,2.0,2.399999817498852
1747,2.0,2.0,3.0,3.0,4.0,3.0,2.5524296294813418
1748,2.0,2.0,3.0,3.0,4.0,4.0,2.666666680117548
1749,2.0,2.0,3.0,4.0,1.0,2.0,1.882353040327965
1750,2.0,2.0,3.0,4.0,1.0,3.0,2.0769230462764727
1751,2.0,2.0,3.0,4.0,1.0,4.0,2.249999934690817
1752,2.0,2.0,3.0,4.0,2.0,2.0,2.2666666922430014
1753,2.0,2.0,3.0,4.0,2.0,3.0,2.2666666741577424
1754,2.0,2.0,3.0,4.0,2.0,4.0,2.499999964086238
1755,2.0,2.0,3.0,4.0,3.0,1.0,1.9999999144884892
1756,2.0,2.0,3.0,4.0,3.0,2.0,2.300000045723595
1757,2.0,2.0,3.0,4.0,3.0,3.0,2.4615384654043257
1758,2.0,2.0,3.0,4.0,3.0,4.0,2.6000000104294423
1759,2.0,2.0,3.0,4.0,3.0,5.0,2.6666668305479044
1760,2.0,2.0,3.0,4.0,4.0,3.0,2.666666627293805
1761,2.0,2.0,3.0,4.0,4.0,4.0,2.8269230514352572
1762,2.0,2.0,3.0,4.0,4.0,5.0,2.9032257935351526
1763,2.0,2.0,3.0,4.0,5.0,4.0,2.8269230452127942
1764,2.0,2.0,3.0,5.0,3.0,3.0,2.599999708105455
1765,2.0,2.0,3.0,5.0,3.0,5.0,2.666666626453126
1766,2.0,2.0,3.0,5.0,4.0,3.0,2.6862742622118363
1767,2.0,2.0,3.0,5.0,4.0,4.0,2.8269228981392858
1768,2.0,2.0,3.0,5.0,4.0,5.0,2.9032258286304042
1769,2.0,2.0,3.0,5.0,5.0,4.0,2.826923067891083
1770,2.0,2.0,3.0,5.0,5.0,5.0,2.918918841637093
1771,2.0,2.0,4.0,1.0,1.0,1.0,1.4411768109842917
1772,2.0,2.0,4.0,1.0,2.0,1.0,1.4411765390205256
1773,2.0,2.0,4.0,1.0,2.0,2.0,1.6153845381620608
1774,2.0,2.0,4.0,1.0,2.0,5.0,2.6666665728285355
1775,2.0,2.0,4.0,1.0,3.0,2.0,1.8378378195733174
1776,2.0,2.0,4.0,1.0,3.0,3.0,1.9166667921605183
1777,2.0,2.0,4.0,2.0,1.0,1.0,1.7647059704641044
1778,2.0,2.0,4.0,2.0,2.0,2.0,2.0000000225881305
1779,2.0,2.0,4.0,2.0,3.0,2.0,2.0645160182183906
1780,2.0,2.0,4.0,2.0,4.0,4.0,2.576922886806085
1781,2.0,2.0,4.0,3.0,1.0,3.0,2.0769231236993093
1782,2.0,2.0,4.0,3.0,2.0,3.0,2.266666700612941
1783,2.0,2.0,4.0,3.0,3.0,2.0,2.3816793592557888
1784,2.0,2.0,4.0,3.0,3.0,3.0,2.552429623943973
1785,2.0,2.0,4.0,3.0,3.0,4.0,2.8035714550998483
1786,2.0,2.0,4.0,3.0,4.0,2.0,2.399999991342949
1787,2.0,2.0,4.0,3.0,4.0,3.0,2.552429613438529
1788,2.0,2.0,4.0,3.0,4.0,4.0,2.9189189676185436
1789,2.0,2.0,4.0,4.0,1.0,2.0,2.076923083074755
1790,2.0,2.0,4.0,4.0,1.0,3.0,2.0769230852794864
1791,2.0,2.0,4.0,4.0,2.0,3.0,2.749999999899984
1792,2.0,2.0,4.0,4.0,2.0,4.0,2.9189188014606278
1793,2.0,2.0,4.0,4.0,3.0,3.0,2.857142862531791
1794,2.0,2.0,4.0,4.0,3.0,4.0,2.9189188574735154
1795,2.0,2.0,4.0,4.0,4.0,4.0,2.9189188502647316
1796,2.0,2.0,4.0,4.0,5.0,5.0,2.9189189644175193
1797,2.0,2.0,4.0,5.0,2.0,4.0,2.9189190399524363
1798,2.0,2.0,4.0,5.0,2.0,5.0,2.918919175158451
1799,2.0,2.0,4.0,5.0,3.0,4.0,2.918919034382169
1800,2.0,2.0,4.0,5.0,3.0,5.0,2.9189191630728333
1801,2.0,2.0,4.0,5.0,4.0,4.0,2.918918890331784
1802,2.0,2.0,4.0,5.0,5.0,4.0,2.9189189624232137
1803,2.0,2.0,4.0,5.0,5.0,5.0,2.918918999018923
1804,2.0,2.0,5.0,1.0,1.0,1.0,1.4666668007657466
1805,2.0,2.0,5.0,1.0,4.0,5.0,3.466666740796967
1806,2.0,2.0,5.0,2.0,3.0,4.0,2.5999999749849425
1807,2.0,2.0,5.0,3.0,2.0,1.0,1.9999997970275871
1808,2.0,2.0,5.0,3.0,4.0,3.0,2.803571447329835
1809,2.0,2.0,5.0,4.0,2.0,2.0,2.6710526069254295
1810,2.0,2.0,5.0,4.0,2.0,4.0,2.918918897500177
1811,2.0,2.0,5.0,4.0,4.0,4.0,3.0000000266084643
1812,2.0,2.0,5.0,4.0,5.0,5.0,3.4666667756439256
1813,2.0,2.0,5.0,5.0,1.0,3.0,2.0769230449606817
1814,2.0,3.0,1.0,1.0,1.0,1.0,1.1719242637573946
1815,2.0,3.0,1.0,1.0,1.0,2.0,1.297297103137609
1816,2.0,3.0,1.0,1.0,1.0,3.0,1.5376343838843007
1817,2.0,3.0,1.0,1.0,1.0,4.0,1.6535433501184442
1818,2.0,3.0,1.0,1.0,2.0,1.0,1.2295081540198785
1819,2.0,3.0,1.0,1.0,2.0,2.0,1.5000000161783198
1820,2.0,3.0,1.0,1.0,2.0,3.0,1.5376344095964505
1821,2.0,3.0,1.0,1.0,3.0,1.0,1.2450332544015021
1822,2.0,3.0,1.0,1.0,3.0,2.0,1.5376344139503137
1823,2.0,3.0,1.0,1.0,3.0,3.0,1.619047621677356
1824,2.0,3.0,1.0,1.0,4.0,1.0,1.2499992125525867
1825,2.0,3.0,1.0,1.0,4.0,3.0,1.7359550100022556
1826,2.0,3.0,1.0,2.0,1.0,1.0,1.279999960290047
1827,2.0,3.0,1.0,2.0,1.0,2.0,1.4285714293721314
1828,2.0,3.0,1.0,2.0,1.0,3.0,1.5376344005027265
1829,2.0,3.0,1.0,2.0,2.0,1.0,1.377358201860487
1830,2.0,3.0,1.0,2.0,2.0,2.0,1.7249999923827941
1831,2.0,3.0,1.0,2.0,2.0,3.0,1.7647058939806246
1832,2.0,3.0,1.0,2.0,2.0,4.0,1.7647058673439309
1833,2.0,3.0,1.0,2.0,3.0,1.0,1.4468083415751039
1834,2.0,3.0,1.0,2.0,3.0,2.0,1.7647059636964557
1835,2.0,3.0,1.0,2.0,3.0,3.0,1.8035714079699117
1836,2.0,3.0,1.0,2.0,4.0,1.0,1.7647065805766284
1837,2.0,3.0,1.0,2.0,4.0,2.0,1.7647062125277426
1838,2.0,3.0,1.0,2.0,4.0,3.0,1.8035712648369437
1839,2.0,3.0,1.0,2.0,4.0,4.0,1.8035714544473327
1840,2.0,3.0,1.0,2.0,5.0,3.0,1.8035716540869058
1841,2.0,3.0,1.0,2.0,5.0,5.0,1.8035718238197227
1842,2.0,3.0,1.0,3.0,1.0,1.0,1.3235293618397606
1843,2.0,3.0,1.0,3.0,1.0,2.0,1.5454545510487827
1844,2.0,3.0,1.0,3.0,1.0,3.0,1.653543300062151
1845,2.0,3.0,1.0,3.0,1.0,4.0,1.653543346189865
1846,2.0,3.0,1.0,3.0,2.0,1.0,1.4285703917586914
1847,2.0,3.0,1.0,3.0,2.0,2.0,1.7250000103849799
1848,2.0,3.0,1.0,3.0,2.0,3.0,1.764705867267912
1849,2.0,3.0,1.0,3.0,2.0,4.0,1.764705946803824
1850,2.0,3.0,1.0,3.0,2.0,5.0,1.999999869946945
1851,2.0,3.0,1.0,3.0,3.0,1.0,1.555555585073289
1852,2.0,3.0,1.0,3.0,3.0,2.0,1.764706182625706
1853,2.0,3.0,1.0,3.0,3.0,3.0,1.8035714146359714
1854,2.0,3.0,1.0,3.0,3.0,4.0,2.036144624277836
1855,2.0,3.0,1.0,3.0,4.0,1.0,1.7647056192639907
1856,2.0,3.0,1.0,3.0,4.0,2.0,1.7647060717650878
1857,2.0,3.0,1.0,3.0,4.0,3.0,1.9534885549859229
1858,2.0,3.0,1.0,3.0,4.0,4.0,2.0361444402106548
1859,2.0,3.0,1.0,3.0,5.0,2.0,1.999999849215603
1860,2.0,3.0,1.0,3.0,5.0,3.0,2.0000000309569423
1861,2.0,3.0,1.0,3.0,5.0,4.0,2.036144303535959
1862,2.0,3.0,1.0,3.0,5.0,5.0,2.1159418686213036
1863,2.0,3.0,1.0,4.0,1.0,1.0,1.3235296586752576
1864,2.0,3.0,1.0,4.0,1.0,2.0,1.653543428123284
1865,2.0,3.0,1.0,4.0,1.0,3.0,1.6535434535774478
1866,2.0,3.0,1.0,4.0,1.0,4.0,1.653543341600659
1867,2.0,3.0,1.0,4.0,2.0,1.0,1.555555286018217
1868,2.0,3.0,1.0,4.0,2.0,2.0,1.7777777002113386
1869,2.0,3.0,1.0,4.0,2.0,3.0,1.9999999730598157
1870,2.0,3.0,1.0,4.0,2.0,4.0,2.0000000163581375
1871,2.0,3.0,1.0,4.0,3.0,2.0,1.7777780352322918
1872,2.0,3.0,1.0,4.0,3.0,3.0,2.036144561926062
1873,2.0,3.0,1.0,4.0,3.0,4.0,2.0361445406466117
1874,2.0,3.0,1.0,4.0,4.0,2.0,1.7777780886057304
1875,2.0,3.0,1.0,4.0,4.0,3.0,2.1159418955043487
1876,2.0,3.0,1.0,4.0,4.0,4.0,2.115942029910727
1877,2.0,3.0,1.0,4.0,4.0,5.0,2.1159420562464426
1878,2.0,3.0,1.0,4.0,5.0,2.0,2.0000012043331257
1879,2.0,3.0,1.0,4.0,5.0,3.0,2.1159419727661954
1880,2.0,3.0,1.0,5.0,1.0,1.0,1.6535441969055413
1881,2.0,3.0,1.0,5.0,1.0,2.0,1.6535437696351425
1882,2.0,3.0,1.0,5.0,1.0,3.0,1.6535433813610985
1883,2.0,3.0,1.0,5.0,1.0,4.0,1.6535431497439181
1884,2.0,3.0,1.0,5.0,2.0,3.0,2.000000033337954
1885,2.0,3.0,1.0,5.0,2.0,4.0,2.0000000882309417
1886,2.0,3.0,1.0,5.0,3.0,3.0,2.036144484831855
1887,2.0,3.0,1.0,5.0,3.0,4.0,2.0361443944193747
1888,2.0,3.0,1.0,5.0,3.0,5.0,2.036144558465464
1889,2.0,3.0,1.0,5.0,4.0,3.0,2.11594207313648
1890,2.0,3.0,1.0,5.0,4.0,4.0,2.1159421200763724
1891,2.0,3.0,1.0,5.0,5.0,4.0,2.11594197701795
1892,2.0,3.0,2.0,1.0,1.0,1.0,1.3877550878046288
1893,2.0,3.0,2.0,1.0,1.0,2.0,1.6153846151532252
1894,2.0,3.0,2.0,1.0,1.0,3.0,1.6153845873123949
1895,2.0,3.0,2.0,1.0,2.0,1.0,1.466019399740835
1896,2.0,3.0,2.0,1.0,2.0,2.0,1.6610169475328613
1897,2.0,3.0,2.0,1.0,2.0,3.0,1.7551020443670655
1898,2.0,3.0,2.0,1.0,3.0,1.0,1.519999912442325
1899,2.0,3.0,2.0,1.0,3.0,2.0,1.7551020778971376
1900,2.0,3.0,2.0,1.0,3.0,3.0,1.7551020509848805
1901,2.0,3.0,2.0,1.0,3.0,4.0,2.0000000286852697
1902,2.0,3.0,2.0,1.0,4.0,1.0,1.5200001327582446
1903,2.0,3.0,2.0,1.0,4.0,2.0,1.7551019566108792
1904,2.0,3.0,2.0,1.0,4.0,3.0,1.9166668181100617
1905,2.0,3.0,2.0,1.0,4.0,4.0,2.0877189293907032
1906,2.0,3.0,2.0,1.0,5.0,3.0,1.9999998355362811
1907,2.0,3.0,2.0,2.0,1.0,1.0,1.5138888503108165
1908,2.0,3.0,2.0,2.0,1.0,2.0,1.833333335168628
1909,2.0,3.0,2.0,2.0,1.0,3.0,1.8857142733650334
1910,2.0,3.0,2.0,2.0,2.0,1.0,1.6761903938124534
1911,2.0,3.0,2.0,2.0,2.0,2.0,1.9653465194778361
1912,2.0,3.0,2.0,2.0,2.0,3.0,2.071428575336355
1913,2.0,3.0,2.0,2.0,2.0,4.0,2.071428574562074
1914,2.0,3.0,2.0,2.0,2.0,5.0,2.4999999623626543
1915,2.0,3.0,2.0,2.0,3.0,1.0,1.676190181354259
1916,2.0,3.0,2.0,2.0,3.0,2.0,1.9653465559635521
1917,2.0,3.0,2.0,2.0,3.0,3.0,2.1759999984253904
1918,2.0,3.0,2.0,2.0,4.0,1.0,1.7962944753135603
1919,2.0,3.0,2.0,2.0,4.0,2.0,2.064516340838046
1920,2.0,3.0,2.0,2.0,4.0,3.0,2.305555491926292
1921,2.0,3.0,2.0,2.0,4.0,4.0,2.3333333073730897
1922,2.0,3.0,2.0,2.0,5.0,4.0,2.333333451383025
1923,2.0,3.0,2.0,2.0,5.0,5.0,2.5245904630856493
1924,2.0,3.0,2.0,3.0,1.0,1.0,1.513888876215919
1925,2.0,3.0,2.0,3.0,1.0,2.0,1.842105274701072
1926,2.0,3.0,2.0,3.0,1.0,3.0,1.9142857222927288
1927,2.0,3.0,2.0,3.0,1.0,4.0,1.929577571677822
1928,2.0,3.0,2.0,3.0,2.0,1.0,1.79629635821899
1929,2.0,3.0,2.0,3.0,2.0,2.0,2.0229007500216327
1930,2.0,3.0,2.0,3.0,2.0,3.0,2.1938775352979216
1931,2.0,3.0,2.0,3.0,2.0,4.0,2.193877575311233
1932,2.0,3.0,2.0,3.0,3.0,1.0,1.7962959331890058
1933,2.0,3.0,2.0,3.0,3.0,2.0,2.022900776598523
1934,2.0,3.0,2.0,3.0,3.0,3.0,2.2418300659472865
1935,2.0,3.0,2.0,3.0,3.0,4.0,2.500000009994682
1936,2.0,3.0,2.0,3.0,3.0,5.0,2.500000033637549
1937,2.0,3.0,2.0,3.0,4.0,2.0,2.064516401798374
1938,2.0,3.0,2.0,3.0,4.0,3.0,2.3181818231059594
1939,2.0,3.0,2.0,3.0,4.0,4.0,2.500000027149301
1940,2.0,3.0,2.0,3.0,4.0,5.0,2.53124999141871
1941,2.0,3.0,2.0,3.0,5.0,1.0,1.7962944708449193
1942,2.0,3.0,2.0,3.0,5.0,3.0,2.4836065439389508
1943,2.0,3.0,2.0,3.0,5.0,4.0,2.5245901895037104
1944,2.0,3.0,2.0,4.0,1.0,1.0,1.6999999475990832
1945,2.0,3.0,2.0,4.0,1.0,2.0,1.8421052850397432
1946,2.0,3.0,2.0,4.0,1.0,3.0,1.9142857515361216
1947,2.0,3.0,2.0,4.0,1.0,4.0,1.929577638511224
1948,2.0,3.0,2.0,4.0,2.0,1.0,1.9142857776384958
1949,2.0,3.0,2.0,4.0,2.0,2.0,2.125000032723108
1950,2.0,3.0,2.0,4.0,2.0,3.0,2.2666666629580523
1951,2.0,3.0,2.0,4.0,2.0,4.0,2.357142873769095
1952,2.0,3.0,2.0,4.0,3.0,1.0,2.0361447098810017
1953,2.0,3.0,2.0,4.0,3.0,2.0,2.1718750203866763
1954,2.0,3.0,2.0,4.0,3.0,3.0,2.343283574145503
1955,2.0,3.0,2.0,4.0,3.0,4.0,2.5245901449012327
1956,2.0,3.0,2.0,4.0,4.0,2.0,2.3432836290742802
1957,2.0,3.0,2.0,4.0,4.0,3.0,2.343283630333063
1958,2.0,3.0,2.0,4.0,4.0,4.0,2.524590160388666
1959,2.0,3.0,2.0,4.0,4.0,5.0,2.531250040932442
1960,2.0,3.0,2.0,4.0,5.0,2.0,2.3432832358924527
1961,2.0,3.0,2.0,4.0,5.0,3.0,2.531249974939911
1962,2.0,3.0,2.0,4.0,5.0,4.0,2.53124995864557
1963,2.0,3.0,2.0,4.0,5.0,5.0,2.531250044597297
1964,2.0,3.0,2.0,5.0,1.0,1.0,1.8421053845285833
1965,2.0,3.0,2.0,5.0,1.0,2.0,2.0000001308220017
1966,2.0,3.0,2.0,5.0,1.0,3.0,2.0000002118550047
1967,2.0,3.0,2.0,5.0,1.0,4.0,2.000000082642636
1968,2.0,3.0,2.0,5.0,2.0,3.0,2.2857144529414497
1969,2.0,3.0,2.0,5.0,2.0,4.0,2.4999999496435423
1970,2.0,3.0,2.0,5.0,3.0,3.0,2.483606531335178
1971,2.0,3.0,2.0,5.0,3.0,4.0,2.524590226476252
1972,2.0,3.0,2.0,5.0,3.0,5.0,2.531249944036965
1973,2.0,3.0,2.0,5.0,4.0,2.0,2.3432830985984987
1974,2.0,3.0,2.0,5.0,4.0,3.0,2.4836064390370356
1975,2.0,3.0,2.0,5.0,4.0,4.0,2.5245901455940194
1976,2.0,3.0,2.0,5.0,4.0,5.0,2.5312500494036003
1977,2.0,3.0,2.0,5.0,5.0,2.0,2.343282961025167
1978,2.0,3.0,2.0,5.0,5.0,3.0,2.5312501190893455
1979,2.0,3.0,2.0,5.0,5.0,4.0,2.531250000377253
1980,2.0,3.0,2.0,5.0,5.0,5.0,2.6666666968495543
1981,2.0,3.0,3.0,1.0,1.0,1.0,1.3877550977741848
1982,2.0,3.0,3.0,1.0,1.0,2.0,1.6538461564703628
1983,2.0,3.0,3.0,1.0,1.0,3.0,1.6538461833037905
1984,2.0,3.0,3.0,1.0,2.0,1.0,1.466019436716635
1985,2.0,3.0,3.0,1.0,2.0,2.0,1.6610169632499188
1986,2.0,3.0,3.0,1.0,2.0,3.0,1.9166666367357001
1987,2.0,3.0,3.0,1.0,2.0,5.0,1.9499998930777616
1988,2.0,3.0,3.0,1.0,3.0,1.0,1.51999997283192
1989,2.0,3.0,3.0,1.0,3.0,2.0,1.8378378221029412
1990,2.0,3.0,3.0,1.0,3.0,3.0,1.9166666724167414
1991,2.0,3.0,3.0,1.0,4.0,1.0,1.520000067307661
1992,2.0,3.0,3.0,1.0,4.0,2.0,1.8378379684413935
1993,2.0,3.0,3.0,1.0,4.0,3.0,1.9166666468345066
1994,2.0,3.0,3.0,1.0,4.0,4.0,2.5769231025545047
1995,2.0,3.0,3.0,2.0,1.0,1.0,1.56249996255333
1996,2.0,3.0,3.0,2.0,1.0,2.0,1.8823529369309084
1997,2.0,3.0,3.0,2.0,1.0,3.0,1.88571430526961
1998,2.0,3.0,3.0,2.0,1.0,4.0,2.2264150867155648
1999,2.0,3.0,3.0,2.0,2.0,1.0,1.676190647965213
2000,2.0,3.0,3.0,2.0,2.0,2.0,2.0000000008207053
2001,2.0,3.0,3.0,2.0,2.0,3.0,2.2264151084114987
2002,2.0,3.0,3.0,2.0,2.0,4.0,2.226415139502293
2003,2.0,3.0,3.0,2.0,3.0,1.0,1.8999998593876344
2004,2.0,3.0,3.0,2.0,3.0,2.0,2.218750013226598
2005,2.0,3.0,3.0,2.0,3.0,3.0,2.3870967743829277
2006,2.0,3.0,3.0,2.0,3.0,4.0,2.5714286021964603
2007,2.0,3.0,3.0,2.0,4.0,2.0,2.2187500934943944
2008,2.0,3.0,3.0,2.0,4.0,3.0,2.3870967757555426
2009,2.0,3.0,3.0,2.0,4.0,4.0,2.5769229954879833
2010,2.0,3.0,3.0,2.0,5.0,4.0,2.6666666871520754
2011,2.0,3.0,3.0,2.0,5.0,5.0,2.6785714381387464
2012,2.0,3.0,3.0,3.0,1.0,1.0,1.7500000011780394
2013,2.0,3.0,3.0,3.0,1.0,2.0,1.882352945833997
2014,2.0,3.0,3.0,3.0,1.0,3.0,2.1333333240586763
2015,2.0,3.0,3.0,3.0,1.0,4.0,2.2264150941443996
2016,2.0,3.0,3.0,3.0,2.0,1.0,1.7962963582037683
2017,2.0,3.0,3.0,3.0,2.0,2.0,2.1379310375105742
2018,2.0,3.0,3.0,3.0,2.0,3.0,2.266666666186951
2019,2.0,3.0,3.0,3.0,2.0,4.0,2.499999902707589
2020,2.0,3.0,3.0,3.0,3.0,1.0,1.8999998438141188
2021,2.0,3.0,3.0,3.0,3.0,2.0,2.3816793657298594
2022,2.0,3.0,3.0,3.0,3.0,3.0,2.5524296315056643
2023,2.0,3.0,3.0,3.0,3.0,4.0,2.6785714164037095
2024,2.0,3.0,3.0,3.0,3.0,5.0,2.6785714202395092
2025,2.0,3.0,3.0,3.0,4.0,1.0,1.9999997258677413
2026,2.0,3.0,3.0,3.0,4.0,2.0,2.400000062326141
2027,2.0,3.0,3.0,3.0,4.0,3.0,2.5524296466248715
2028,2.0,3.0,3.0,3.0,4.0,4.0,2.6785714452194775
2029,2.0,3.0,3.0,3.0,4.0,5.0,2.678571457577145
2030,2.0,3.0,3.0,3.0,5.0,3.0,2.6862745383232363
2031,2.0,3.0,3.0,3.0,5.0,4.0,2.969696957788583
2032,2.0,3.0,3.0,3.0,5.0,5.0,2.9696969753081395
2033,2.0,3.0,3.0,4.0,1.0,1.0,1.8421051699182476
2034,2.0,3.0,3.0,4.0,1.0,2.0,2.1428571730988
2035,2.0,3.0,3.0,4.0,1.0,3.0,2.2222222216226117
2036,2.0,3.0,3.0,4.0,1.0,4.0,2.24999996340284
2037,2.0,3.0,3.0,4.0,1.0,5.0,2.5000000018783006
2038,2.0,3.0,3.0,4.0,2.0,2.0,2.2666666850274413
2039,2.0,3.0,3.0,4.0,2.0,3.0,2.4999999829043964
2040,2.0,3.0,3.0,4.0,2.0,4.0,2.5000000038760386
2041,2.0,3.0,3.0,4.0,2.0,5.0,2.5000001754432106
2042,2.0,3.0,3.0,4.0,3.0,1.0,2.381679454783584
2043,2.0,3.0,3.0,4.0,3.0,2.0,2.381679424868301
2044,2.0,3.0,3.0,4.0,3.0,3.0,2.6338028182413513
2045,2.0,3.0,3.0,4.0,3.0,4.0,2.7313432838455696
2046,2.0,3.0,3.0,4.0,3.0,5.0,2.9032258712168737
2047,2.0,3.0,3.0,4.0,4.0,1.0,2.3939391395478493
2048,2.0,3.0,3.0,4.0,4.0,2.0,2.4999995509141963
2049,2.0,3.0,3.0,4.0,4.0,3.0,2.686274504051642
2050,2.0,3.0,3.0,4.0,4.0,4.0,2.8269230952750872
2051,2.0,3.0,3.0,4.0,4.0,5.0,2.903225858370383
2052,2.0,3.0,3.0,4.0,5.0,4.0,2.9696969715903427
2053,2.0,3.0,3.0,4.0,5.0,5.0,2.9696969765024526
2054,2.0,3.0,3.0,5.0,1.0,1.0,1.8421052640367812
2055,2.0,3.0,3.0,5.0,1.0,2.0,2.142857092896653
2056,2.0,3.0,3.0,5.0,1.0,3.0,2.2222222525882227
2057,2.0,3.0,3.0,5.0,1.0,4.0,2.249999988581142
2058,2.0,3.0,3.0,5.0,1.0,5.0,2.7333335309484283
2059,2.0,3.0,3.0,5.0,2.0,3.0,2.5000001036769874
2060,2.0,3.0,3.0,5.0,2.0,4.0,2.500000114553285
2061,2.0,3.0,3.0,5.0,3.0,2.0,2.50000017874863
2062,2.0,3.0,3.0,5.0,3.0,3.0,2.666666684567557
2063,2.0,3.0,3.0,5.0,3.0,4.0,2.8750000006386713
2064,2.0,3.0,3.0,5.0,3.0,5.0,2.903225791258645
2065,2.0,3.0,3.0,5.0,4.0,3.0,2.686274638513158
2066,2.0,3.0,3.0,5.0,4.0,4.0,2.903225804936231
2067,2.0,3.0,3.0,5.0,4.0,5.0,2.903225816569791
2068,2.0,3.0,3.0,5.0,5.0,2.0,2.622223030627289
2069,2.0,3.0,3.0,5.0,5.0,3.0,2.686274653442424
2070,2.0,3.0,3.0,5.0,5.0,4.0,2.9696969749226367
2071,2.0,3.0,3.0,5.0,5.0,5.0,2.9696970065860793
2072,2.0,3.0,4.0,1.0,1.0,1.0,1.4411770984264551
2073,2.0,3.0,4.0,1.0,2.0,2.0,1.8378379299675562
2074,2.0,3.0,4.0,1.0,2.0,3.0,1.9166666185906303
2075,2.0,3.0,4.0,1.0,3.0,2.0,1.837837913642292
2076,2.0,3.0,4.0,1.0,4.0,2.0,1.8378379937881713
2077,2.0,3.0,4.0,1.0,4.0,3.0,1.9166666129539969
2078,2.0,3.0,4.0,1.0,4.0,4.0,2.576923166078671
2079,2.0,3.0,4.0,1.0,5.0,4.0,2.576923170936095
2080,2.0,3.0,4.0,2.0,1.0,1.0,1.7647059622761
2081,2.0,3.0,4.0,2.0,2.0,1.0,1.8999999792950366
2082,2.0,3.0,4.0,2.0,2.0,2.0,2.1379310341673934
2083,2.0,3.0,4.0,2.0,2.0,3.0,2.361111143308316
2084,2.0,3.0,4.0,2.0,3.0,2.0,2.2222222263780083
2085,2.0,3.0,4.0,2.0,3.0,3.0,2.387096798612274
2086,2.0,3.0,4.0,2.0,4.0,3.0,2.583333360238865
2087,2.0,3.0,4.0,2.0,4.0,4.0,2.583333338948348
2088,2.0,3.0,4.0,2.0,5.0,3.0,2.943396196277189
2089,2.0,3.0,4.0,3.0,1.0,1.0,1.842105197282287
2090,2.0,3.0,4.0,3.0,1.0,2.0,1.882352959204888
2091,2.0,3.0,4.0,3.0,1.0,3.0,2.142857128646896
2092,2.0,3.0,4.0,3.0,2.0,1.0,1.899999992501203
2093,2.0,3.0,4.0,3.0,2.0,2.0,2.13793104487272
2094,2.0,3.0,4.0,3.0,2.0,3.0,2.500000000913702
2095,2.0,3.0,4.0,3.0,2.0,4.0,2.803571327068284
2096,2.0,3.0,4.0,3.0,3.0,1.0,1.8999999510878816
2097,2.0,3.0,4.0,3.0,3.0,2.0,2.3816793826838785
2098,2.0,3.0,4.0,3.0,3.0,3.0,2.7457626728425564
2099,2.0,3.0,4.0,3.0,3.0,4.0,2.8035714448375004
2100,2.0,3.0,4.0,3.0,4.0,2.0,2.400000180031535
2101,2.0,3.0,4.0,3.0,4.0,3.0,2.803571439303435
2102,2.0,3.0,4.0,3.0,4.0,4.0,3.1764705532947204
2103,2.0,3.0,4.0,3.0,4.0,5.0,3.315789477614477
2104,2.0,3.0,4.0,3.0,5.0,3.0,2.999999975880847
2105,2.0,3.0,4.0,3.0,5.0,4.0,3.1764705718842934
2106,2.0,3.0,4.0,3.0,5.0,5.0,3.315789505114282
2107,2.0,3.0,4.0,4.0,1.0,1.0,1.8421052080292124
2108,2.0,3.0,4.0,4.0,1.0,3.0,2.2325581498361067
2109,2.0,3.0,4.0,4.0,1.0,4.0,2.250000034332277
2110,2.0,3.0,4.0,4.0,2.0,2.0,2.266666682647937
2111,2.0,3.0,4.0,4.0,2.0,3.0,2.8235293381255637
2112,2.0,3.0,4.0,4.0,2.0,4.0,2.9189186417098236
2113,2.0,3.0,4.0,4.0,2.0,5.0,2.91891879583103
2114,2.0,3.0,4.0,4.0,3.0,1.0,2.3816795515160485
2115,2.0,3.0,4.0,4.0,3.0,2.0,2.4999996248212333
2116,2.0,3.0,4.0,4.0,3.0,3.0,2.8571428596541635
2117,2.0,3.0,4.0,4.0,3.0,4.0,3.176470562515957
2118,2.0,3.0,4.0,4.0,3.0,5.0,3.176470641535359
2119,2.0,3.0,4.0,4.0,4.0,2.0,2.499999545142566
2120,2.0,3.0,4.0,4.0,4.0,3.0,2.916666670565533
2121,2.0,3.0,4.0,4.0,4.0,4.0,3.1764705701846885
2122,2.0,3.0,4.0,4.0,4.0,5.0,3.315789442570294
2123,2.0,3.0,4.0,4.0,5.0,2.0,2.5000013579902687
2124,2.0,3.0,4.0,4.0,5.0,4.0,3.1764705602841863
2125,2.0,3.0,4.0,4.0,5.0,5.0,3.3157894947293873
2126,2.0,3.0,4.0,5.0,1.0,4.0,2.437499994313577
2127,2.0,3.0,4.0,5.0,2.0,4.0,2.918918936155265
2128,2.0,3.0,4.0,5.0,2.0,5.0,2.9189190913532044
2129,2.0,3.0,4.0,5.0,3.0,3.0,3.000000011282797
2130,2.0,3.0,4.0,5.0,3.0,4.0,3.1764705940327573
2131,2.0,3.0,4.0,5.0,3.0,5.0,3.176470568430928
2132,2.0,3.0,4.0,5.0,4.0,2.0,2.5000000034004075
2133,2.0,3.0,4.0,5.0,4.0,4.0,3.1764706405939442
2134,2.0,3.0,4.0,5.0,4.0,5.0,3.3157895059434086
2135,2.0,3.0,4.0,5.0,5.0,4.0,3.176470613369892
2136,2.0,3.0,4.0,5.0,5.0,5.0,3.3157895081668496
2137,2.0,3.0,5.0,1.0,1.0,1.0,1.466666737541631
2138,2.0,3.0,5.0,1.0,2.0,3.0,1.9166667423743369
2139,2.0,3.0,5.0,2.0,2.0,2.0,2.1379309903157284
2140,2.0,3.0,5.0,3.0,3.0,3.0,2.80357142787507
2141,2.0,3.0,5.0,3.0,4.0,3.0,2.8035714423548233
2142,2.0,3.0,5.0,3.0,4.0,4.0,3.1764705414105405
2143,2.0,3.0,5.0,3.0,4.0,5.0,3.500000034653158
2144,2.0,3.0,5.0,3.0,5.0,2.0,2.9999998973000666
2145,2.0,3.0,5.0,4.0,1.0,4.0,2.2500000519739247
2146,2.0,3.0,5.0,4.0,3.0,3.0,2.9166666845032037
2147,2.0,3.0,5.0,4.0,3.0,4.0,3.1764705748803377
2148,2.0,3.0,5.0,4.0,4.0,3.0,2.9166667109571573
2149,2.0,3.0,5.0,4.0,4.0,4.0,3.176470549354481
2150,2.0,3.0,5.0,4.0,4.0,5.0,3.5000000477479225
2151,2.0,3.0,5.0,4.0,5.0,3.0,2.9999999851371424
2152,2.0,3.0,5.0,4.0,5.0,4.0,3.176470573435908
2153,2.0,3.0,5.0,4.0,5.0,5.0,3.7142858917786903
2154,2.0,3.0,5.0,5.0,1.0,1.0,1.842105295109054
2155,2.0,3.0,5.0,5.0,1.0,4.0,2.9189190429785654
2156,2.0,3.0,5.0,5.0,2.0,4.0,2.9189189764018053
2157,2.0,3.0,5.0,5.0,3.0,5.0,3.1764705970632012
2158,2.0,3.0,5.0,5.0,4.0,4.0,3.1764706124862467
2159,2.0,3.0,5.0,5.0,5.0,4.0,3.176470587639991
2160,2.0,3.0,5.0,5.0,5.0,5.0,3.714285855555701
2161,2.0,4.0,1.0,1.0,1.0,1.0,1.1719243794039476
2162,2.0,4.0,1.0,1.0,1.0,2.0,1.2972970535490824
2163,2.0,4.0,1.0,1.0,1.0,3.0,1.537634415498588
2164,2.0,4.0,1.0,1.0,2.0,1.0,1.2295081838778685
2165,2.0,4.0,1.0,1.0,2.0,2.0,1.5555555469269364
2166,2.0,4.0,1.0,1.0,2.0,3.0,1.5999999959580113
2167,2.0,4.0,1.0,1.0,3.0,1.0,1.2500003439859648
2168,2.0,4.0,1.0,1.0,3.0,2.0,1.5714285720123662
2169,2.0,4.0,1.0,1.0,3.0,3.0,1.6190476054663998
2170,2.0,4.0,1.0,1.0,3.0,4.0,1.653543160991329
2171,2.0,4.0,1.0,1.0,4.0,1.0,1.250000861966431
2172,2.0,4.0,1.0,1.0,4.0,2.0,1.6666667235635495
2173,2.0,4.0,1.0,1.0,4.0,3.0,1.9534883468915993
2174,2.0,4.0,1.0,1.0,5.0,1.0,1.25000276670742
2175,2.0,4.0,1.0,2.0,1.0,1.0,1.323529306089326
2176,2.0,4.0,1.0,2.0,1.0,2.0,1.5454545423820343
2177,2.0,4.0,1.0,2.0,1.0,3.0,1.5454545491609957
2178,2.0,4.0,1.0,2.0,2.0,1.0,1.3773585514243862
2179,2.0,4.0,1.0,2.0,2.0,2.0,1.724999992149316
2180,2.0,4.0,1.0,2.0,2.0,3.0,1.7692307555795197
2181,2.0,4.0,1.0,2.0,3.0,1.0,1.4468077977287876
2182,2.0,4.0,1.0,2.0,3.0,2.0,1.9024390244737512
2183,2.0,4.0,1.0,2.0,3.0,3.0,1.9534883746948235
2184,2.0,4.0,1.0,2.0,3.0,4.0,1.9999994991474632
2185,2.0,4.0,1.0,2.0,4.0,1.0,1.8000001809259267
2186,2.0,4.0,1.0,2.0,4.0,2.0,1.9024390583458366
2187,2.0,4.0,1.0,2.0,4.0,3.0,1.9534882981704345
2188,2.0,4.0,1.0,2.0,4.0,4.0,2.000000015316132
2189,2.0,4.0,1.0,2.0,5.0,2.0,1.953487629543937
2190,2.0,4.0,1.0,2.0,5.0,3.0,1.9534879064115667
2191,2.0,4.0,1.0,3.0,1.0,1.0,1.323529353272156
2192,2.0,4.0,1.0,3.0,1.0,2.0,1.5454545568444162
2193,2.0,4.0,1.0,3.0,1.0,3.0,1.6535432779216783
2194,2.0,4.0,1.0,3.0,1.0,4.0,1.653543365005097
2195,2.0,4.0,1.0,3.0,1.0,5.0,1.6535433115591383
2196,2.0,4.0,1.0,3.0,2.0,1.0,1.555555123205241
2197,2.0,4.0,1.0,3.0,2.0,2.0,1.7250000138765038
2198,2.0,4.0,1.0,3.0,2.0,3.0,1.9285714290081428
2199,2.0,4.0,1.0,3.0,2.0,4.0,2.0361444887489775
2200,2.0,4.0,1.0,3.0,3.0,1.0,1.5555552409308133
2201,2.0,4.0,1.0,3.0,3.0,2.0,1.9534883361811384
2202,2.0,4.0,1.0,3.0,3.0,3.0,1.953488397783181
2203,2.0,4.0,1.0,3.0,3.0,4.0,2.036144621016623
2204,2.0,4.0,1.0,3.0,4.0,1.0,1.799999737544838
2205,2.0,4.0,1.0,3.0,4.0,3.0,1.953488457272139
2206,2.0,4.0,1.0,3.0,4.0,5.0,2.1159420767852657
2207,2.0,4.0,1.0,3.0,5.0,3.0,2.11594211495826
2208,2.0,4.0,1.0,3.0,5.0,4.0,2.115942062612293
2209,2.0,4.0,1.0,3.0,5.0,5.0,2.1159420041940695
2210,2.0,4.0,1.0,4.0,1.0,1.0,1.3999998916286782
2211,2.0,4.0,1.0,4.0,1.0,2.0,1.6535433369184316
2212,2.0,4.0,1.0,4.0,1.0,3.0,1.6535433035577
2213,2.0,4.0,1.0,4.0,1.0,4.0,1.9354838522301296
2214,2.0,4.0,1.0,4.0,2.0,1.0,1.5555540343713066
2215,2.0,4.0,1.0,4.0,2.0,2.0,1.8000000093511128
2216,2.0,4.0,1.0,4.0,2.0,3.0,2.036144560467581
2217,2.0,4.0,1.0,4.0,3.0,1.0,1.5555536961577594
2218,2.0,4.0,1.0,4.0,3.0,2.0,1.9999999977184595
2219,2.0,4.0,1.0,4.0,3.0,3.0,2.036144584817602
2220,2.0,4.0,1.0,4.0,3.0,4.0,2.0361446028674433
2221,2.0,4.0,1.0,4.0,3.0,5.0,2.036144705128548
2222,2.0,4.0,1.0,4.0,4.0,1.0,2.0361442233862155
2223,2.0,4.0,1.0,4.0,4.0,2.0,2.1111111217589493
2224,2.0,4.0,1.0,4.0,4.0,3.0,2.115942037255499
2225,2.0,4.0,1.0,4.0,4.0,4.0,2.1159420507842506
2226,2.0,4.0,1.0,4.0,5.0,5.0,2.1159419997345323
2227,2.0,4.0,1.0,5.0,1.0,1.0,1.7272727068953304
2228,2.0,4.0,1.0,5.0,1.0,2.0,1.7272727942720634
2229,2.0,4.0,1.0,5.0,2.0,3.0,2.0361442296858225
2230,2.0,4.0,1.0,5.0,3.0,1.0,2.036144611659877
2231,2.0,4.0,1.0,5.0,4.0,3.0,2.190476008918586
2232,2.0,4.0,1.0,5.0,4.0,4.0,2.1904761169313227
2233,2.0,4.0,1.0,5.0,4.0,5.0,2.1904762904343906
2234,2.0,4.0,1.0,5.0,5.0,4.0,2.1904762818158314
2235,2.0,4.0,1.0,5.0,5.0,5.0,2.1904764265276997
2236,2.0,4.0,2.0,1.0,1.0,1.0,1.3877551311789362
2237,2.0,4.0,2.0,1.0,1.0,2.0,1.7878787866779224
2238,2.0,4.0,2.0,1.0,1.0,3.0,1.8571428728924506
2239,2.0,4.0,2.0,1.0,2.0,1.0,1.4660194271753713
2240,2.0,4.0,2.0,1.0,2.0,2.0,1.8378378353991018
2241,2.0,4.0,2.0,1.0,2.0,3.0,1.857142865593154
2242,2.0,4.0,2.0,1.0,3.0,1.0,1.5199998868175602
2243,2.0,4.0,2.0,1.0,3.0,2.0,1.837837896270002
2244,2.0,4.0,2.0,1.0,3.0,3.0,1.9999999969819044
2245,2.0,4.0,2.0,1.0,3.0,4.0,2.0000000166258545
2246,2.0,4.0,2.0,1.0,4.0,1.0,1.5199999936841964
2247,2.0,4.0,2.0,1.0,4.0,2.0,1.83783793639052
2248,2.0,4.0,2.0,1.0,4.0,3.0,2.111111135903455
2249,2.0,4.0,2.0,1.0,4.0,4.0,2.4000000531337404
2250,2.0,4.0,2.0,1.0,5.0,3.0,2.1111111240386244
2251,2.0,4.0,2.0,2.0,1.0,1.0,1.513888892806672
2252,2.0,4.0,2.0,2.0,1.0,2.0,1.8387096787549484
2253,2.0,4.0,2.0,2.0,1.0,3.0,1.90909090580934
2254,2.0,4.0,2.0,2.0,1.0,4.0,1.9090909620400889
2255,2.0,4.0,2.0,2.0,2.0,1.0,1.7962964357880298
2256,2.0,4.0,2.0,2.0,2.0,2.0,1.9841269849436571
2257,2.0,4.0,2.0,2.0,2.0,3.0,2.0869565239881864
2258,2.0,4.0,2.0,2.0,3.0,1.0,1.7962964376464698
2259,2.0,4.0,2.0,2.0,3.0,2.0,2.0540540548697184
2260,2.0,4.0,2.0,2.0,3.0,3.0,2.176000004302706
2261,2.0,4.0,2.0,2.0,3.0,4.0,2.3999999917161485
2262,2.0,4.0,2.0,2.0,4.0,1.0,1.9047617910740304
2263,2.0,4.0,2.0,2.0,4.0,2.0,2.130434761014888
2264,2.0,4.0,2.0,2.0,4.0,3.0,2.305555544284714
2265,2.0,4.0,2.0,2.0,4.0,4.0,2.4000000378638515
2266,2.0,4.0,2.0,2.0,5.0,2.0,2.1304348400885083
2267,2.0,4.0,2.0,3.0,1.0,1.0,1.513888906969928
2268,2.0,4.0,2.0,3.0,1.0,2.0,1.9295774101349652
2269,2.0,4.0,2.0,3.0,1.0,3.0,1.9295774450717478
2270,2.0,4.0,2.0,3.0,1.0,4.0,1.9295775079026978
2271,2.0,4.0,2.0,3.0,2.0,1.0,1.7962964237220003
2272,2.0,4.0,2.0,3.0,2.0,2.0,2.1025641034312854
2273,2.0,4.0,2.0,3.0,2.0,3.0,2.193877561837658
2274,2.0,4.0,2.0,3.0,2.0,4.0,2.1938775998934643
2275,2.0,4.0,2.0,3.0,3.0,1.0,1.9142855754214736
2276,2.0,4.0,2.0,3.0,3.0,2.0,2.1515151448909147
2277,2.0,4.0,2.0,3.0,3.0,3.0,2.3440000006652633
2278,2.0,4.0,2.0,3.0,3.0,4.0,2.5245901662653245
2279,2.0,4.0,2.0,3.0,3.0,5.0,2.5476190360769415
2280,2.0,4.0,2.0,3.0,4.0,1.0,1.9999998501546545
2281,2.0,4.0,2.0,3.0,4.0,2.0,2.1515151800261116
2282,2.0,4.0,2.0,3.0,4.0,3.0,2.4836065567423904
2283,2.0,4.0,2.0,3.0,4.0,4.0,2.52459017991872
2284,2.0,4.0,2.0,3.0,5.0,3.0,2.4836065397738896
2285,2.0,4.0,2.0,3.0,5.0,4.0,2.5245901709161216
2286,2.0,4.0,2.0,4.0,1.0,1.0,1.6999999996661623
2287,2.0,4.0,2.0,4.0,1.0,2.0,1.935483867870059
2288,2.0,4.0,2.0,4.0,1.0,3.0,1.935483878243751
2289,2.0,4.0,2.0,4.0,1.0,4.0,1.9354838853052387
2290,2.0,4.0,2.0,4.0,2.0,1.0,1.9142859694798506
2291,2.0,4.0,2.0,4.0,2.0,2.0,2.125000031114268
2292,2.0,4.0,2.0,4.0,2.0,3.0,2.266666699503365
2293,2.0,4.0,2.0,4.0,2.0,4.0,2.3571428653963227
2294,2.0,4.0,2.0,4.0,3.0,1.0,2.0361439451090355
2295,2.0,4.0,2.0,4.0,3.0,2.0,2.171875003821516
2296,2.0,4.0,2.0,4.0,3.0,3.0,2.4836065561352627
2297,2.0,4.0,2.0,4.0,3.0,4.0,2.524590149743014
2298,2.0,4.0,2.0,4.0,3.0,5.0,2.547619062304674
2299,2.0,4.0,2.0,4.0,4.0,1.0,2.393939491465342
2300,2.0,4.0,2.0,4.0,4.0,2.0,2.393939320585495
2301,2.0,4.0,2.0,4.0,4.0,3.0,2.4836065656648185
2302,2.0,4.0,2.0,4.0,4.0,4.0,2.5245901993122275
2303,2.0,4.0,2.0,4.0,4.0,5.0,2.5476190635114566
2304,2.0,4.0,2.0,4.0,5.0,2.0,2.531249947159647
2305,2.0,4.0,2.0,4.0,5.0,3.0,2.531249969625131
2306,2.0,4.0,2.0,4.0,5.0,4.0,2.531249996316709
2307,2.0,4.0,2.0,4.0,5.0,5.0,2.5476190655549793
2308,2.0,4.0,2.0,5.0,1.0,3.0,2.0625000262386846
2309,2.0,4.0,2.0,5.0,1.0,4.0,2.0625000148322186
2310,2.0,4.0,2.0,5.0,1.0,5.0,2.2500001189790315
2311,2.0,4.0,2.0,5.0,2.0,2.0,2.125000048053404
2312,2.0,4.0,2.0,5.0,2.0,3.0,2.2857142819072718
2313,2.0,4.0,2.0,5.0,2.0,4.0,2.5000001493673327
2314,2.0,4.0,2.0,5.0,3.0,1.0,2.0361441826749425
2315,2.0,4.0,2.0,5.0,3.0,3.0,2.4836066695018437
2316,2.0,4.0,2.0,5.0,3.0,4.0,2.524590308546992
2317,2.0,4.0,2.0,5.0,3.0,5.0,2.5476190904826117
2318,2.0,4.0,2.0,5.0,4.0,2.0,2.3939394157985787
2319,2.0,4.0,2.0,5.0,4.0,3.0,2.4836066278350852
2320,2.0,4.0,2.0,5.0,4.0,4.0,2.52459017053658
2321,2.0,4.0,2.0,5.0,4.0,5.0,2.833333409005583
2322,2.0,4.0,2.0,5.0,5.0,3.0,2.531250041337938
2323,2.0,4.0,2.0,5.0,5.0,4.0,2.833333356849004
2324,2.0,4.0,2.0,5.0,5.0,5.0,2.8333333409480557
2325,2.0,4.0,3.0,1.0,1.0,1.0,1.4666666316089507
2326,2.0,4.0,3.0,1.0,1.0,2.0,1.7878788041298876
2327,2.0,4.0,3.0,1.0,1.0,3.0,1.9999999939216317
2328,2.0,4.0,3.0,1.0,1.0,4.0,2.000000069722519
2329,2.0,4.0,3.0,1.0,2.0,1.0,1.4666666514371756
2330,2.0,4.0,3.0,1.0,2.0,2.0,1.8378378308336967
2331,2.0,4.0,3.0,1.0,2.0,3.0,2.0212766679255867
2332,2.0,4.0,3.0,1.0,3.0,1.0,1.520000001277142
2333,2.0,4.0,3.0,1.0,3.0,2.0,2.0212765177936114
2334,2.0,4.0,3.0,1.0,3.0,3.0,2.0212766406111577
2335,2.0,4.0,3.0,1.0,3.0,4.0,2.5000001033443
2336,2.0,4.0,3.0,1.0,4.0,1.0,1.666666676713569
2337,2.0,4.0,3.0,1.0,4.0,2.0,2.0212764297583288
2338,2.0,4.0,3.0,1.0,4.0,3.0,2.111110970463301
2339,2.0,4.0,3.0,1.0,4.0,4.0,2.5769231305989355
2340,2.0,4.0,3.0,1.0,4.0,5.0,2.6785714383495667
2341,2.0,4.0,3.0,1.0,5.0,2.0,2.021276309739638
2342,2.0,4.0,3.0,2.0,1.0,1.0,1.8421052017376238
2343,2.0,4.0,3.0,2.0,1.0,2.0,1.9393939294599665
2344,2.0,4.0,3.0,2.0,1.0,3.0,2.1176470519120425
2345,2.0,4.0,3.0,2.0,2.0,1.0,1.9047618838936873
2346,2.0,4.0,3.0,2.0,2.0,2.0,2.175000002526146
2347,2.0,4.0,3.0,2.0,2.0,3.0,2.3611111025629437
2348,2.0,4.0,3.0,2.0,2.0,4.0,2.36111110240704
2349,2.0,4.0,3.0,2.0,2.0,5.0,2.499999963792783
2350,2.0,4.0,3.0,2.0,3.0,1.0,1.9047618979068184
2351,2.0,4.0,3.0,2.0,3.0,2.0,2.2592592589951783
2352,2.0,4.0,3.0,2.0,3.0,3.0,2.4235294079430068
2353,2.0,4.0,3.0,2.0,3.0,4.0,2.57142858434075
2354,2.0,4.0,3.0,2.0,3.0,5.0,2.5714285909897368
2355,2.0,4.0,3.0,2.0,4.0,1.0,1.9047617666273147
2356,2.0,4.0,3.0,2.0,4.0,2.0,2.259259252381061
2357,2.0,4.0,3.0,2.0,4.0,3.0,2.423529434451335
2358,2.0,4.0,3.0,2.0,4.0,4.0,2.578947370961133
2359,2.0,4.0,3.0,2.0,4.0,5.0,2.6785714308785606
2360,2.0,4.0,3.0,2.0,5.0,3.0,2.4235293861138456
2361,2.0,4.0,3.0,2.0,5.0,4.0,2.666666671083586
2362,2.0,4.0,3.0,3.0,1.0,1.0,1.842105192597845
2363,2.0,4.0,3.0,3.0,1.0,2.0,1.939393951614625
2364,2.0,4.0,3.0,3.0,1.0,3.0,2.133333349184575
2365,2.0,4.0,3.0,3.0,1.0,4.0,2.3870967600620245
2366,2.0,4.0,3.0,3.0,2.0,1.0,1.9142857685704626
2367,2.0,4.0,3.0,3.0,2.0,2.0,2.210526318297916
2368,2.0,4.0,3.0,3.0,2.0,3.0,2.483870969015662
2369,2.0,4.0,3.0,3.0,2.0,4.0,2.6222222416492595
2370,2.0,4.0,3.0,3.0,3.0,1.0,1.9142857177314903
2371,2.0,4.0,3.0,3.0,3.0,2.0,2.381679410885864
2372,2.0,4.0,3.0,3.0,3.0,3.0,2.5524297226731436
2373,2.0,4.0,3.0,3.0,3.0,4.0,2.708333328619695
2374,2.0,4.0,3.0,3.0,4.0,1.0,2.0000000503399376
2375,2.0,4.0,3.0,3.0,4.0,2.0,2.6222220423058262
2376,2.0,4.0,3.0,3.0,4.0,3.0,2.642857143863671
2377,2.0,4.0,3.0,3.0,4.0,4.0,2.7083333384204775
2378,2.0,4.0,3.0,3.0,4.0,5.0,3.0000000711091297
2379,2.0,4.0,3.0,3.0,5.0,2.0,2.6222221117433184
2380,2.0,4.0,3.0,3.0,5.0,3.0,2.90000001994359
2381,2.0,4.0,3.0,3.0,5.0,4.0,2.969696958986348
2382,2.0,4.0,3.0,3.0,5.0,5.0,3.0000000571739283
2383,2.0,4.0,3.0,4.0,1.0,1.0,1.8421051798444947
2384,2.0,4.0,3.0,4.0,1.0,2.0,2.232558102424917
2385,2.0,4.0,3.0,4.0,1.0,3.0,2.2325581475648213
2386,2.0,4.0,3.0,4.0,1.0,4.0,2.3870967819100684
2387,2.0,4.0,3.0,4.0,2.0,1.0,1.9999985555769693
2388,2.0,4.0,3.0,4.0,2.0,2.0,2.3333333539179275
2389,2.0,4.0,3.0,4.0,2.0,3.0,2.5675675686617465
2390,2.0,4.0,3.0,4.0,2.0,4.0,2.727272730743553
2391,2.0,4.0,3.0,4.0,2.0,5.0,2.8181818973631265
2392,2.0,4.0,3.0,4.0,3.0,2.0,2.562500006656368
2393,2.0,4.0,3.0,4.0,3.0,3.0,2.706666670323161
2394,2.0,4.0,3.0,4.0,3.0,4.0,2.7313432865219935
2395,2.0,4.0,3.0,4.0,3.0,5.0,3.000000038193867
2396,2.0,4.0,3.0,4.0,4.0,2.0,2.622222055500718
2397,2.0,4.0,3.0,4.0,4.0,3.0,2.7450980405107592
2398,2.0,4.0,3.0,4.0,4.0,4.0,2.967741936546856
2399,2.0,4.0,3.0,4.0,4.0,5.0,3.07407406760697
2400,2.0,4.0,3.0,4.0,5.0,3.0,2.9000000089915305
2401,2.0,4.0,3.0,4.0,5.0,4.0,2.9696969648868023
2402,2.0,4.0,3.0,4.0,5.0,5.0,3.0740740841985903
2403,2.0,4.0,3.0,5.0,1.0,2.0,2.2325581241621433
2404,2.0,4.0,3.0,5.0,1.0,3.0,2.232558122140315
2405,2.0,4.0,3.0,5.0,1.0,4.0,2.4375000389088197
2406,2.0,4.0,3.0,5.0,1.0,5.0,2.733333487247289
2407,2.0,4.0,3.0,5.0,2.0,1.0,1.999999023063283
2408,2.0,4.0,3.0,5.0,2.0,2.0,2.622222183131042
2409,2.0,4.0,3.0,5.0,2.0,3.0,2.7066666108767152
2410,2.0,4.0,3.0,5.0,2.0,4.0,2.8181818148275624
2411,2.0,4.0,3.0,5.0,2.0,5.0,2.8181818749927956
2412,2.0,4.0,3.0,5.0,3.0,3.0,2.7066666835632054
2413,2.0,4.0,3.0,5.0,3.0,4.0,2.8750000137407907
2414,2.0,4.0,3.0,5.0,3.0,5.0,3.00000003155431
2415,2.0,4.0,3.0,5.0,4.0,3.0,2.800000009348409
2416,2.0,4.0,3.0,5.0,4.0,4.0,3.052631583329334
2417,2.0,4.0,3.0,5.0,4.0,5.0,3.0740740842717313
2418,2.0,4.0,3.0,5.0,5.0,3.0,3.0500000165104986
2419,2.0,4.0,3.0,5.0,5.0,4.0,3.096774197184721
2420,2.0,4.0,3.0,5.0,5.0,5.0,3.0967741958569803
2421,2.0,4.0,4.0,1.0,1.0,1.0,1.4666667007954477
2422,2.0,4.0,4.0,1.0,1.0,2.0,1.787878828228368
2423,2.0,4.0,4.0,1.0,1.0,4.0,2.0000000525581765
2424,2.0,4.0,4.0,1.0,2.0,1.0,1.636363585002311
2425,2.0,4.0,4.0,1.0,2.0,2.0,1.837837922776014
2426,2.0,4.0,4.0,1.0,3.0,2.0,2.0212765216603965
2427,2.0,4.0,4.0,1.0,3.0,3.0,2.021276546830217
2428,2.0,4.0,4.0,1.0,4.0,2.0,2.021276517093995
2429,2.0,4.0,4.0,1.0,4.0,3.0,2.5833333549377073
2430,2.0,4.0,4.0,1.0,4.0,4.0,2.58333333219437
2431,2.0,4.0,4.0,2.0,1.0,2.0,1.93939394317536
2432,2.0,4.0,4.0,2.0,1.0,3.0,2.1176470618827743
2433,2.0,4.0,4.0,2.0,1.0,4.0,2.437499993486278
2434,2.0,4.0,4.0,2.0,2.0,2.0,2.1764705854652404
2435,2.0,4.0,4.0,2.0,2.0,3.0,2.361111134670031
2436,2.0,4.0,4.0,2.0,3.0,1.0,1.9047619275769354
2437,2.0,4.0,4.0,2.0,3.0,2.0,2.3816794225443187
2438,2.0,4.0,4.0,2.0,3.0,3.0,2.50000000528302
2439,2.0,4.0,4.0,2.0,4.0,2.0,2.3816794143904363
2440,2.0,4.0,4.0,2.0,4.0,3.0,2.5833333318317226
2441,2.0,4.0,4.0,2.0,4.0,4.0,2.5833333364380424
2442,2.0,4.0,4.0,2.0,5.0,3.0,3.0000000107124127
2443,2.0,4.0,4.0,3.0,1.0,2.0,1.939393955700824
2444,2.0,4.0,4.0,3.0,1.0,3.0,2.142857167534924
2445,2.0,4.0,4.0,3.0,1.0,4.0,2.437499989144683
2446,2.0,4.0,4.0,3.0,2.0,1.0,1.9142855539701908
2447,2.0,4.0,4.0,3.0,2.0,2.0,2.2999999766520354
2448,2.0,4.0,4.0,3.0,2.0,3.0,2.50000001841754
2449,2.0,4.0,4.0,3.0,3.0,2.0,2.3816794222884714
2450,2.0,4.0,4.0,3.0,3.0,3.0,2.7457627382238807
2451,2.0,4.0,4.0,3.0,3.0,4.0,2.803571480405132
2452,2.0,4.0,4.0,3.0,4.0,2.0,2.624999994614601
2453,2.0,4.0,4.0,3.0,4.0,3.0,2.8035714392348545
2454,2.0,4.0,4.0,3.0,4.0,4.0,3.1764705733173955
2455,2.0,4.0,4.0,3.0,4.0,5.0,3.333333349739704
2456,2.0,4.0,4.0,3.0,5.0,3.0,3.0000000059794143
2457,2.0,4.0,4.0,3.0,5.0,4.0,3.176470581445706
2458,2.0,4.0,4.0,3.0,5.0,5.0,3.3750000165324323
2459,2.0,4.0,4.0,4.0,1.0,3.0,2.2325581595249355
2460,2.0,4.0,4.0,4.0,1.0,4.0,2.4375000004324177
2461,2.0,4.0,4.0,4.0,2.0,2.0,2.500000027069658
2462,2.0,4.0,4.0,4.0,2.0,3.0,2.8235293971614097
2463,2.0,4.0,4.0,4.0,2.0,4.0,3.1636363775799206
2464,2.0,4.0,4.0,4.0,2.0,5.0,3.176470625350298
2465,2.0,4.0,4.0,4.0,3.0,2.0,2.6249999971880125
2466,2.0,4.0,4.0,4.0,3.0,3.0,2.950000001790154
2467,2.0,4.0,4.0,4.0,3.0,4.0,3.176470543443638
2468,2.0,4.0,4.0,4.0,3.0,5.0,3.176470651639601
2469,2.0,4.0,4.0,4.0,4.0,2.0,2.6250000281499406
2470,2.0,4.0,4.0,4.0,4.0,3.0,3.1363636421944197
2471,2.0,4.0,4.0,4.0,4.0,4.0,3.176470618214255
2472,2.0,4.0,4.0,4.0,4.0,5.0,3.509433959095113
2473,2.0,4.0,4.0,4.0,5.0,3.0,3.1363636014014964
2474,2.0,4.0,4.0,4.0,5.0,4.0,3.282608688550389
2475,2.0,4.0,4.0,4.0,5.0,5.0,3.509433967223632
2476,2.0,4.0,4.0,5.0,1.0,3.0,2.232558126618361
2477,2.0,4.0,4.0,5.0,1.0,4.0,2.437500037357461
2478,2.0,4.0,4.0,5.0,1.0,5.0,2.928571473202444
2479,2.0,4.0,4.0,5.0,2.0,3.0,2.8235294805126063
2480,2.0,4.0,4.0,5.0,2.0,4.0,3.163636391756005
2481,2.0,4.0,4.0,5.0,2.0,5.0,3.176470581660378
2482,2.0,4.0,4.0,5.0,3.0,3.0,3.000000010307419
2483,2.0,4.0,4.0,5.0,3.0,4.0,3.1764705786763265
2484,2.0,4.0,4.0,5.0,3.0,5.0,3.5094339642786325
2485,2.0,4.0,4.0,5.0,4.0,3.0,3.1363636555982195
2486,2.0,4.0,4.0,5.0,4.0,4.0,3.2826087047435553
2487,2.0,4.0,4.0,5.0,4.0,5.0,3.5094339726521717
2488,2.0,4.0,4.0,5.0,5.0,3.0,3.136363625044437
2489,2.0,4.0,4.0,5.0,5.0,4.0,3.2826087030936733
2490,2.0,4.0,4.0,5.0,5.0,5.0,3.5094339877773817
2491,2.0,4.0,5.0,1.0,1.0,1.0,1.466666751451265
2492,2.0,4.0,5.0,1.0,1.0,2.0,1.7878788361527345
2493,2.0,4.0,5.0,2.0,3.0,3.0,2.500000075815907
2494,2.0,4.0,5.0,2.0,4.0,2.0,2.600000061545303
2495,2.0,4.0,5.0,2.0,4.0,3.0,2.6000000215804215
2496,2.0,4.0,5.0,2.0,4.0,4.0,2.599999987380964
2497,2.0,4.0,5.0,2.0,4.0,5.0,3.466666736753665
2498,2.0,4.0,5.0,2.0,5.0,4.0,3.000000023638108
2499,2.0,4.0,5.0,3.0,1.0,3.0,2.5454545452480213
2500,2.0,4.0,5.0,3.0,3.0,1.0,2.803571411163422
2501,2.0,4.0,5.0,3.0,3.0,2.0,2.803571459199893
2502,2.0,4.0,5.0,3.0,3.0,3.0,2.8035714566983274
2503,2.0,4.0,5.0,3.0,3.0,4.0,2.8035714767415074
2504,2.0,4.0,5.0,3.0,4.0,3.0,3.240000017068684
2505,2.0,4.0,5.0,3.0,5.0,3.0,3.2400000261221917
2506,2.0,4.0,5.0,3.0,5.0,4.0,3.2400000264041324
2507,2.0,4.0,5.0,4.0,1.0,1.0,1.8421051722588284
2508,2.0,4.0,5.0,4.0,1.0,3.0,2.705882375434846
2509,2.0,4.0,5.0,4.0,3.0,3.0,2.95000001348634
2510,2.0,4.0,5.0,4.0,3.0,4.0,3.2777777763937257
2511,2.0,4.0,5.0,4.0,3.0,5.0,3.2777777976761673
2512,2.0,4.0,5.0,4.0,4.0,3.0,3.240000016052773
2513,2.0,4.0,5.0,4.0,4.0,4.0,3.2826087027746307
2514,2.0,4.0,5.0,4.0,5.0,4.0,3.2826087021415917
2515,2.0,4.0,5.0,4.0,5.0,5.0,3.7142858383732484
2516,2.0,4.0,5.0,5.0,4.0,4.0,3.2826087090711464
2517,2.0,4.0,5.0,5.0,5.0,4.0,3.282608709091511
2518,2.0,4.0,5.0,5.0,5.0,5.0,3.714285860519306
2519,2.0,5.0,1.0,1.0,1.0,1.0,1.1719244483779925
2520,2.0,5.0,1.0,1.0,1.0,2.0,1.500000002324338
2521,2.0,5.0,1.0,1.0,1.0,3.0,1.5376344431676598
2522,2.0,5.0,1.0,1.0,2.0,1.0,1.2295081955159588
2523,2.0,5.0,1.0,1.0,2.0,2.0,1.5555555900373699
2524,2.0,5.0,1.0,1.0,2.0,3.0,1.600000031980557
2525,2.0,5.0,1.0,1.0,3.0,1.0,1.4468084818796954
2526,2.0,5.0,1.0,1.0,3.0,2.0,1.6666666336615745
2527,2.0,5.0,1.0,1.0,3.0,3.0,1.7500000034348708
2528,2.0,5.0,1.0,1.0,4.0,1.0,1.6666665518838786
2529,2.0,5.0,1.0,1.0,4.0,2.0,1.6666666565367896
2530,2.0,5.0,1.0,2.0,1.0,1.0,1.3235293300216826
2531,2.0,5.0,1.0,2.0,1.0,2.0,1.6666666654358289
2532,2.0,5.0,1.0,2.0,1.0,3.0,1.666666689910616
2533,2.0,5.0,1.0,2.0,1.0,5.0,1.9999999227442449
2534,2.0,5.0,1.0,2.0,2.0,1.0,1.3773586424958146
2535,2.0,5.0,1.0,2.0,2.0,2.0,1.7250000090982647
2536,2.0,5.0,1.0,2.0,2.0,3.0,1.7692307766171695
2537,2.0,5.0,1.0,2.0,2.0,4.0,1.769230800151463
2538,2.0,5.0,1.0,2.0,3.0,1.0,1.4468081388597573
2539,2.0,5.0,1.0,2.0,3.0,2.0,1.90243902752069
2540,2.0,5.0,1.0,2.0,3.0,3.0,1.9999999588976396
2541,2.0,5.0,1.0,2.0,3.0,4.0,1.9999999923796865
2542,2.0,5.0,1.0,2.0,3.0,5.0,2.0000000065575154
2543,2.0,5.0,1.0,2.0,4.0,2.0,1.99999997304661
2544,2.0,5.0,1.0,2.0,4.0,3.0,1.9999999732479588
2545,2.0,5.0,1.0,2.0,4.0,4.0,1.9999999979524543
2546,2.0,5.0,1.0,2.0,5.0,4.0,2.0000000195153405
2547,2.0,5.0,1.0,2.0,5.0,5.0,2.0000001383028922
2548,2.0,5.0,1.0,3.0,1.0,1.0,1.507936516252828
2549,2.0,5.0,1.0,3.0,1.0,2.0,1.6666666741065161
2550,2.0,5.0,1.0,3.0,1.0,3.0,1.7580644963596137
2551,2.0,5.0,1.0,3.0,1.0,4.0,2.0303029969230004
2552,2.0,5.0,1.0,3.0,2.0,1.0,1.5555557012072643
2553,2.0,5.0,1.0,3.0,2.0,2.0,1.7999998673959625
2554,2.0,5.0,1.0,3.0,2.0,3.0,2.015625071169045
2555,2.0,5.0,1.0,3.0,3.0,1.0,1.5555556936027926
2556,2.0,5.0,1.0,3.0,3.0,2.0,2.031249961698033
2557,2.0,5.0,1.0,3.0,3.0,3.0,2.031249992778949
2558,2.0,5.0,1.0,3.0,3.0,4.0,2.0361446831747836
2559,2.0,5.0,1.0,3.0,4.0,1.0,1.9999988403973634
2560,2.0,5.0,1.0,3.0,4.0,2.0,2.03124996366601
2561,2.0,5.0,1.0,3.0,4.0,3.0,2.0312499756571047
2562,2.0,5.0,1.0,3.0,4.0,4.0,2.1159420859179736
2563,2.0,5.0,1.0,3.0,4.0,5.0,2.1159420899592183
2564,2.0,5.0,1.0,3.0,5.0,1.0,1.9999982749244192
2565,2.0,5.0,1.0,3.0,5.0,2.0,2.0312500533550564
2566,2.0,5.0,1.0,3.0,5.0,3.0,2.1159420615825733
2567,2.0,5.0,1.0,3.0,5.0,4.0,2.1159420616585587
2568,2.0,5.0,1.0,4.0,1.0,1.0,1.5079365001223977
2569,2.0,5.0,1.0,4.0,1.0,2.0,1.6666666735707576
2570,2.0,5.0,1.0,4.0,1.0,3.0,2.0303030087035943
2571,2.0,5.0,1.0,4.0,1.0,4.0,2.0303029980490823
2572,2.0,5.0,1.0,4.0,2.0,1.0,1.8000003206546764
2573,2.0,5.0,1.0,4.0,2.0,2.0,1.7999999167971055
2574,2.0,5.0,1.0,4.0,2.0,3.0,2.0361446506922793
2575,2.0,5.0,1.0,4.0,2.0,4.0,2.0361445872130486
2576,2.0,5.0,1.0,4.0,3.0,1.0,2.0361443382708795
2577,2.0,5.0,1.0,4.0,3.0,3.0,2.036144447712049
2578,2.0,5.0,1.0,4.0,3.0,4.0,2.0361445215918086
2579,2.0,5.0,1.0,4.0,4.0,1.0,2.0361445060469836
2580,2.0,5.0,1.0,4.0,4.0,2.0,2.1111111458232816
2581,2.0,5.0,1.0,4.0,4.0,3.0,2.115942066115883
2582,2.0,5.0,1.0,4.0,4.0,4.0,2.115942071184049
2583,2.0,5.0,1.0,4.0,4.0,5.0,2.1159420539770823
2584,2.0,5.0,1.0,4.0,5.0,2.0,2.111111070803083
2585,2.0,5.0,1.0,4.0,5.0,3.0,2.115942021542459
2586,2.0,5.0,1.0,4.0,5.0,5.0,2.115942020535954
2587,2.0,5.0,1.0,5.0,1.0,3.0,2.030303087853244
2588,2.0,5.0,1.0,5.0,1.0,4.0,2.030303043045103
2589,2.0,5.0,1.0,5.0,2.0,2.0,2.00000004836353
2590,2.0,5.0,1.0,5.0,2.0,5.0,2.0361447548541602
2591,2.0,5.0,1.0,5.0,3.0,3.0,2.0361443554130156
2592,2.0,5.0,1.0,5.0,3.0,4.0,2.0361444131517445
2593,2.0,5.0,1.0,5.0,3.0,5.0,2.036144628025443
2594,2.0,5.0,1.0,5.0,4.0,2.0,2.1111112163361563
2595,2.0,5.0,1.0,5.0,4.0,3.0,2.1904760271288892
2596,2.0,5.0,1.0,5.0,4.0,4.0,2.1904760225913447
2597,2.0,5.0,1.0,5.0,4.0,5.0,2.500000040151106
2598,2.0,5.0,1.0,5.0,5.0,1.0,2.036144879360503
2599,2.0,5.0,1.0,5.0,5.0,3.0,2.1904760513306214
2600,2.0,5.0,1.0,5.0,5.0,4.0,2.1904761350767914
2601,2.0,5.0,1.0,5.0,5.0,5.0,2.8461538714624717
2602,2.0,5.0,2.0,1.0,1.0,1.0,1.387755136220475
2603,2.0,5.0,2.0,1.0,1.0,2.0,1.986111099830147
2604,2.0,5.0,2.0,1.0,1.0,3.0,2.000000017059437
2605,2.0,5.0,2.0,1.0,1.0,5.0,2.0000000868251275
2606,2.0,5.0,2.0,1.0,2.0,1.0,1.6000000005646922
2607,2.0,5.0,2.0,1.0,2.0,2.0,1.9861111080455074
2608,2.0,5.0,2.0,1.0,3.0,1.0,1.8666667195435205
2609,2.0,5.0,2.0,1.0,3.0,2.0,2.000000001070115
2610,2.0,5.0,2.0,1.0,3.0,3.0,2.0000000074370936
2611,2.0,5.0,2.0,1.0,3.0,4.0,2.0000000207051856
2612,2.0,5.0,2.0,1.0,4.0,3.0,2.111111464514361
2613,2.0,5.0,2.0,1.0,4.0,4.0,2.4000000178472805
2614,2.0,5.0,2.0,1.0,5.0,1.0,1.8666666521325455
2615,2.0,5.0,2.0,1.0,5.0,2.0,2.0000000164474145
2616,2.0,5.0,2.0,2.0,1.0,1.0,1.5138889444241705
2617,2.0,5.0,2.0,2.0,1.0,2.0,1.99999999679015
2618,2.0,5.0,2.0,2.0,1.0,3.0,2.000000016489683
2619,2.0,5.0,2.0,2.0,2.0,1.0,1.7962964588591348
2620,2.0,5.0,2.0,2.0,2.0,2.0,2.000000001315378
2621,2.0,5.0,2.0,2.0,2.0,3.0,2.0869565306051023
2622,2.0,5.0,2.0,2.0,2.0,4.0,2.4000000115193196
2623,2.0,5.0,2.0,2.0,2.0,5.0,2.4999999816422886
2624,2.0,5.0,2.0,2.0,3.0,1.0,1.9142856381956947
2625,2.0,5.0,2.0,2.0,3.0,2.0,2.0588235306681546
2626,2.0,5.0,2.0,2.0,3.0,3.0,2.304347828557175
2627,2.0,5.0,2.0,2.0,3.0,4.0,2.3999999977456543
2628,2.0,5.0,2.0,2.0,4.0,1.0,1.9999997512343004
2629,2.0,5.0,2.0,2.0,4.0,2.0,2.13043474179981
2630,2.0,5.0,2.0,2.0,4.0,3.0,2.305555628802383
2631,2.0,5.0,2.0,2.0,4.0,4.0,2.5476190638190386
2632,2.0,5.0,2.0,2.0,4.0,5.0,2.547619085193042
2633,2.0,5.0,2.0,2.0,5.0,1.0,1.9999997724188445
2634,2.0,5.0,2.0,2.0,5.0,2.0,2.1304347746001944
2635,2.0,5.0,2.0,2.0,5.0,3.0,2.528301890041053
2636,2.0,5.0,2.0,2.0,5.0,4.0,2.547619061171969
2637,2.0,5.0,2.0,2.0,5.0,5.0,2.678571431267599
2638,2.0,5.0,2.0,3.0,1.0,1.0,1.513888929442544
2639,2.0,5.0,2.0,3.0,1.0,2.0,2.0000000023120275
2640,2.0,5.0,2.0,3.0,1.0,3.0,2.0000000076887114
2641,2.0,5.0,2.0,3.0,1.0,4.0,2.030303043589244
2642,2.0,5.0,2.0,3.0,2.0,1.0,1.91428555836028
2643,2.0,5.0,2.0,3.0,2.0,2.0,2.171875012116707
2644,2.0,5.0,2.0,3.0,2.0,3.0,2.3571428556401335
2645,2.0,5.0,2.0,3.0,2.0,4.0,2.4999999503904418
2646,2.0,5.0,2.0,3.0,3.0,1.0,1.9142855971213524
2647,2.0,5.0,2.0,3.0,3.0,2.0,2.1718750174501698
2648,2.0,5.0,2.0,3.0,3.0,3.0,2.528301867763508
2649,2.0,5.0,2.0,3.0,3.0,4.0,2.5283018765099494
2650,2.0,5.0,2.0,3.0,4.0,1.0,1.9999998219894137
2651,2.0,5.0,2.0,3.0,4.0,2.0,2.3999999455480014
2652,2.0,5.0,2.0,3.0,4.0,3.0,2.528301919380949
2653,2.0,5.0,2.0,3.0,4.0,4.0,2.5476190696526033
2654,2.0,5.0,2.0,3.0,5.0,2.0,2.4000000402004553
2655,2.0,5.0,2.0,3.0,5.0,3.0,2.5283019434135503
2656,2.0,5.0,2.0,3.0,5.0,4.0,2.5476190776128846
2657,2.0,5.0,2.0,4.0,1.0,1.0,1.7000001478018065
2658,2.0,5.0,2.0,4.0,1.0,2.0,2.0000000301262237
2659,2.0,5.0,2.0,4.0,1.0,3.0,2.0625000076965954
2660,2.0,5.0,2.0,4.0,2.0,2.0,2.171875031964758
2661,2.0,5.0,2.0,4.0,2.0,3.0,2.357142873550331
2662,2.0,5.0,2.0,4.0,2.0,4.0,2.499999954750473
2663,2.0,5.0,2.0,4.0,2.0,5.0,2.4999999558982062
2664,2.0,5.0,2.0,4.0,3.0,2.0,2.1718750242401774
2665,2.0,5.0,2.0,4.0,3.0,3.0,2.5476190355984705
2666,2.0,5.0,2.0,4.0,3.0,4.0,2.5476190555739864
2667,2.0,5.0,2.0,4.0,4.0,2.0,2.5476190272866988
2668,2.0,5.0,2.0,4.0,4.0,3.0,2.5476190451492333
2669,2.0,5.0,2.0,4.0,4.0,4.0,2.547619058314248
2670,2.0,5.0,2.0,4.0,4.0,5.0,2.678571445330851
2671,2.0,5.0,2.0,4.0,5.0,2.0,2.5476190403305146
2672,2.0,5.0,2.0,4.0,5.0,3.0,2.547619062387851
2673,2.0,5.0,2.0,4.0,5.0,4.0,2.5476190959548037
2674,2.0,5.0,2.0,4.0,5.0,5.0,2.6785714622181285
2675,2.0,5.0,2.0,5.0,1.0,2.0,2.062499895974643
2676,2.0,5.0,2.0,5.0,1.0,3.0,2.062500013060329
2677,2.0,5.0,2.0,5.0,1.0,4.0,2.0625002507482866
2678,2.0,5.0,2.0,5.0,1.0,5.0,2.2500000138081826
2679,2.0,5.0,2.0,5.0,2.0,1.0,1.914285898081621
2680,2.0,5.0,2.0,5.0,2.0,2.0,2.1718750868265317
2681,2.0,5.0,2.0,5.0,2.0,3.0,2.3571428884587147
2682,2.0,5.0,2.0,5.0,2.0,4.0,2.499999986836779
2683,2.0,5.0,2.0,5.0,2.0,5.0,2.499999967783338
2684,2.0,5.0,2.0,5.0,3.0,2.0,2.547619057432856
2685,2.0,5.0,2.0,5.0,3.0,3.0,2.547619063063195
2686,2.0,5.0,2.0,5.0,3.0,4.0,2.5476190767723828
2687,2.0,5.0,2.0,5.0,3.0,5.0,2.5476190602440933
2688,2.0,5.0,2.0,5.0,4.0,3.0,2.727272728523178
2689,2.0,5.0,2.0,5.0,4.0,4.0,2.727272744030633
2690,2.0,5.0,2.0,5.0,4.0,5.0,2.909090892920023
2691,2.0,5.0,2.0,5.0,5.0,2.0,2.5476191436465485
2692,2.0,5.0,2.0,5.0,5.0,3.0,2.7500000122549624
2693,2.0,5.0,2.0,5.0,5.0,4.0,2.8333333592970504
2694,2.0,5.0,2.0,5.0,5.0,5.0,2.9090909208223152
2695,2.0,5.0,3.0,1.0,1.0,1.0,1.4666666419418526
2696,2.0,5.0,3.0,1.0,1.0,2.0,1.986111107800755
2697,2.0,5.0,3.0,1.0,1.0,5.0,2.6785714576853104
2698,2.0,5.0,3.0,1.0,2.0,1.0,1.6363636428842625
2699,2.0,5.0,3.0,1.0,2.0,2.0,1.986111118633758
2700,2.0,5.0,3.0,1.0,2.0,3.0,2.2941176096103555
2701,2.0,5.0,3.0,1.0,3.0,1.0,1.8666666534174263
2702,2.0,5.0,3.0,1.0,3.0,2.0,2.142857139719299
2703,2.0,5.0,3.0,1.0,3.0,3.0,2.2941176602526214
2704,2.0,5.0,3.0,1.0,3.0,5.0,2.6785714296638456
2705,2.0,5.0,3.0,1.0,4.0,2.0,2.142857173585549
2706,2.0,5.0,3.0,1.0,4.0,3.0,2.2941176627638167
2707,2.0,5.0,3.0,1.0,4.0,4.0,2.6249999867022136
2708,2.0,5.0,3.0,1.0,5.0,3.0,2.2941176436175676
2709,2.0,5.0,3.0,1.0,5.0,4.0,2.678571441097389
2710,2.0,5.0,3.0,1.0,5.0,5.0,2.678571435951094
2711,2.0,5.0,3.0,2.0,1.0,1.0,1.8421052172626282
2712,2.0,5.0,3.0,2.0,1.0,2.0,2.000000007234622
2713,2.0,5.0,3.0,2.0,1.0,3.0,2.117647064427089
2714,2.0,5.0,3.0,2.0,1.0,4.0,2.3870967282514783
2715,2.0,5.0,3.0,2.0,2.0,1.0,1.9047619814964143
2716,2.0,5.0,3.0,2.0,2.0,2.0,2.176470599476098
2717,2.0,5.0,3.0,2.0,2.0,3.0,2.3611111519901264
2718,2.0,5.0,3.0,2.0,3.0,1.0,2.2499999971849194
2719,2.0,5.0,3.0,2.0,3.0,2.0,2.3939393870268257
2720,2.0,5.0,3.0,2.0,3.0,3.0,2.6000000018200615
2721,2.0,5.0,3.0,2.0,3.0,4.0,2.6250000196187004
2722,2.0,5.0,3.0,2.0,4.0,1.0,2.3939393427105586
2723,2.0,5.0,3.0,2.0,4.0,2.0,2.3939394093840214
2724,2.0,5.0,3.0,2.0,4.0,3.0,2.6000000078664938
2725,2.0,5.0,3.0,2.0,4.0,4.0,2.6250000177102946
2726,2.0,5.0,3.0,2.0,4.0,5.0,2.678571423869363
2727,2.0,5.0,3.0,2.0,5.0,2.0,2.3939394388558863
2728,2.0,5.0,3.0,2.0,5.0,3.0,2.625000003878928
2729,2.0,5.0,3.0,2.0,5.0,4.0,2.6785714443552067
2730,2.0,5.0,3.0,2.0,5.0,5.0,2.6785714379740035
2731,2.0,5.0,3.0,3.0,1.0,1.0,1.8421052197226895
2732,2.0,5.0,3.0,3.0,1.0,2.0,2.2105263015002135
2733,2.0,5.0,3.0,3.0,1.0,3.0,2.210526336312463
2734,2.0,5.0,3.0,3.0,1.0,4.0,2.387096751294972
2735,2.0,5.0,3.0,3.0,2.0,2.0,2.2222222098735878
2736,2.0,5.0,3.0,3.0,2.0,3.0,2.622222220258682
2737,2.0,5.0,3.0,3.0,2.0,4.0,2.622222247241182
2738,2.0,5.0,3.0,3.0,3.0,1.0,2.3333333174849393
2739,2.0,5.0,3.0,3.0,3.0,2.0,2.3939393937643376
2740,2.0,5.0,3.0,3.0,3.0,3.0,2.6842105274963717
2741,2.0,5.0,3.0,3.0,3.0,4.0,2.8571428614639074
2742,2.0,5.0,3.0,3.0,3.0,5.0,3.052631613237628
2743,2.0,5.0,3.0,3.0,4.0,2.0,2.622222086204863
2744,2.0,5.0,3.0,3.0,4.0,3.0,2.833333319704037
2745,2.0,5.0,3.0,3.0,4.0,4.0,2.9696969585862276
2746,2.0,5.0,3.0,3.0,4.0,5.0,3.0526315739287475
2747,2.0,5.0,3.0,3.0,5.0,2.0,2.6222221785199467
2748,2.0,5.0,3.0,3.0,5.0,3.0,2.9000000234567525
2749,2.0,5.0,3.0,3.0,5.0,4.0,2.969696972459582
2750,2.0,5.0,3.0,3.0,5.0,5.0,3.2164948527766524
2751,2.0,5.0,3.0,4.0,1.0,1.0,1.8421051825998722
2752,2.0,5.0,3.0,4.0,1.0,2.0,2.2325581788198146
2753,2.0,5.0,3.0,4.0,1.0,3.0,2.387096790590605
2754,2.0,5.0,3.0,4.0,1.0,4.0,2.3870967980420157
2755,2.0,5.0,3.0,4.0,2.0,1.0,2.000003791375332
2756,2.0,5.0,3.0,4.0,2.0,2.0,2.6222221348817643
2757,2.0,5.0,3.0,4.0,2.0,3.0,2.6222221855476175
2758,2.0,5.0,3.0,4.0,2.0,4.0,2.727272734123135
2759,2.0,5.0,3.0,4.0,2.0,5.0,3.0000000201992005
2760,2.0,5.0,3.0,4.0,3.0,2.0,2.622222153443584
2761,2.0,5.0,3.0,4.0,3.0,3.0,2.79310345203135
2762,2.0,5.0,3.0,4.0,3.0,4.0,2.969696951409705
2763,2.0,5.0,3.0,4.0,3.0,5.0,3.0526315888503492
2764,2.0,5.0,3.0,4.0,4.0,1.0,2.393939268557552
2765,2.0,5.0,3.0,4.0,4.0,2.0,2.6222222170262697
2766,2.0,5.0,3.0,4.0,4.0,3.0,2.8333333544826482
2767,2.0,5.0,3.0,4.0,4.0,4.0,2.9696969894690493
2768,2.0,5.0,3.0,4.0,4.0,5.0,3.2164948165385563
2769,2.0,5.0,3.0,4.0,5.0,2.0,2.622222422987545
2770,2.0,5.0,3.0,4.0,5.0,3.0,2.9696969819075254
2771,2.0,5.0,3.0,4.0,5.0,4.0,2.9696969868341188
2772,2.0,5.0,3.0,4.0,5.0,5.0,3.216494854867306
2773,2.0,5.0,3.0,5.0,1.0,1.0,1.842105236795695
2774,2.0,5.0,3.0,5.0,1.0,3.0,2.705882361457985
2775,2.0,5.0,3.0,5.0,1.0,4.0,2.7333333123849117
2776,2.0,5.0,3.0,5.0,1.0,5.0,2.73333332747286
2777,2.0,5.0,3.0,5.0,2.0,3.0,2.749999998703933
2778,2.0,5.0,3.0,5.0,2.0,4.0,2.8181818443689033
2779,2.0,5.0,3.0,5.0,2.0,5.0,3.0000000274190706
2780,2.0,5.0,3.0,5.0,3.0,2.0,2.622222210902833
2781,2.0,5.0,3.0,5.0,3.0,3.0,2.9000000199743616
2782,2.0,5.0,3.0,5.0,3.0,4.0,2.969696961656795
2783,2.0,5.0,3.0,5.0,3.0,5.0,3.052631606793911
2784,2.0,5.0,3.0,5.0,4.0,2.0,2.6222224137629557
2785,2.0,5.0,3.0,5.0,4.0,3.0,2.900000029014457
2786,2.0,5.0,3.0,5.0,4.0,4.0,3.1875000048957145
2787,2.0,5.0,3.0,5.0,4.0,5.0,3.216494831626441
2788,2.0,5.0,3.0,5.0,5.0,1.0,2.500000047881722
2789,2.0,5.0,3.0,5.0,5.0,2.0,2.6222227303659924
2790,2.0,5.0,3.0,5.0,5.0,3.0,3.050000009272433
2791,2.0,5.0,3.0,5.0,5.0,4.0,3.190476193619687
2792,2.0,5.0,3.0,5.0,5.0,5.0,3.216494860174245
2793,2.0,5.0,4.0,1.0,1.0,1.0,1.466666683406409
2794,2.0,5.0,4.0,1.0,1.0,2.0,2.000000015102943
2795,2.0,5.0,4.0,1.0,1.0,4.0,2.0000000435487917
2796,2.0,5.0,4.0,1.0,2.0,1.0,1.6363636264784833
2797,2.0,5.0,4.0,1.0,2.0,3.0,2.5000000818563564
2798,2.0,5.0,4.0,1.0,3.0,2.0,2.2000000279750247
2799,2.0,5.0,4.0,1.0,3.0,4.0,2.5000000965843805
2800,2.0,5.0,4.0,1.0,4.0,2.0,2.1999999704331454
2801,2.0,5.0,4.0,1.0,4.0,3.0,2.9433962599274817
2802,2.0,5.0,4.0,1.0,5.0,2.0,2.1999999636906775
2803,2.0,5.0,4.0,2.0,1.0,3.0,2.117647071569361
2804,2.0,5.0,4.0,2.0,1.0,4.0,2.4374999808872624
2805,2.0,5.0,4.0,2.0,2.0,2.0,2.1764705980157717
2806,2.0,5.0,4.0,2.0,2.0,3.0,2.733333350260892
2807,2.0,5.0,4.0,2.0,2.0,5.0,3.0000000395037247
2808,2.0,5.0,4.0,2.0,3.0,1.0,2.333333318872166
2809,2.0,5.0,4.0,2.0,3.0,2.0,2.5789473715641975
2810,2.0,5.0,4.0,2.0,3.0,3.0,2.7333333283859758
2811,2.0,5.0,4.0,2.0,3.0,4.0,3.000000041534159
2812,2.0,5.0,4.0,2.0,4.0,2.0,3.000000004876975
2813,2.0,5.0,4.0,2.0,4.0,3.0,3.0000000381674874
2814,2.0,5.0,4.0,2.0,4.0,4.0,3.000000031805506
2815,2.0,5.0,4.0,2.0,5.0,3.0,3.0000000266099875
2816,2.0,5.0,4.0,2.0,5.0,4.0,3.000000015470968
2817,2.0,5.0,4.0,2.0,5.0,5.0,3.000000038313623
2818,2.0,5.0,4.0,3.0,1.0,2.0,2.210526322871371
2819,2.0,5.0,4.0,3.0,1.0,3.0,2.545454559552656
2820,2.0,5.0,4.0,3.0,2.0,1.0,1.9142854616762512
2821,2.0,5.0,4.0,3.0,2.0,2.0,2.3000000270079144
2822,2.0,5.0,4.0,3.0,2.0,3.0,2.733333398323398
2823,2.0,5.0,4.0,3.0,3.0,1.0,2.333333350882364
2824,2.0,5.0,4.0,3.0,3.0,2.0,3.0000000318581344
2825,2.0,5.0,4.0,3.0,3.0,3.0,3.1636363638027944
2826,2.0,5.0,4.0,3.0,3.0,4.0,3.2000000164420275
2827,2.0,5.0,4.0,3.0,4.0,2.0,3.000000043418229
2828,2.0,5.0,4.0,3.0,4.0,3.0,3.2400000135990723
2829,2.0,5.0,4.0,3.0,4.0,4.0,3.272727278892042
2830,2.0,5.0,4.0,3.0,4.0,5.0,3.3750000179320114
2831,2.0,5.0,4.0,3.0,5.0,3.0,3.240000016558213
2832,2.0,5.0,4.0,3.0,5.0,4.0,3.3750000157705475
2833,2.0,5.0,4.0,3.0,5.0,5.0,3.3750000262081694
2834,2.0,5.0,4.0,4.0,1.0,1.0,1.8421052255345425
2835,2.0,5.0,4.0,4.0,1.0,2.0,2.2325581739417046
2836,2.0,5.0,4.0,4.0,1.0,3.0,2.545454559185985
2837,2.0,5.0,4.0,4.0,1.0,4.0,2.5454545709680394
2838,2.0,5.0,4.0,4.0,1.0,5.0,2.928571449042811
2839,2.0,5.0,4.0,4.0,2.0,2.0,2.6222221843393676
2840,2.0,5.0,4.0,4.0,2.0,3.0,2.823529399726106
2841,2.0,5.0,4.0,4.0,2.0,4.0,3.163636401303737
2842,2.0,5.0,4.0,4.0,2.0,5.0,3.1764705737219745
2843,2.0,5.0,4.0,4.0,3.0,2.0,3.0000000293515567
2844,2.0,5.0,4.0,4.0,3.0,3.0,3.1636363898034254
2845,2.0,5.0,4.0,4.0,3.0,4.0,3.2727272656278292
2846,2.0,5.0,4.0,4.0,3.0,5.0,3.5094339797856167
2847,2.0,5.0,4.0,4.0,4.0,2.0,3.200000021389799
2848,2.0,5.0,4.0,4.0,4.0,3.0,3.2666666746912036
2849,2.0,5.0,4.0,4.0,4.0,4.0,3.2727272785446755
2850,2.0,5.0,4.0,4.0,4.0,5.0,3.5094339536996104
2851,2.0,5.0,4.0,4.0,5.0,2.0,3.1999999896626967
2852,2.0,5.0,4.0,4.0,5.0,3.0,3.374999993837088
2853,2.0,5.0,4.0,4.0,5.0,4.0,3.3750000256605532
2854,2.0,5.0,4.0,4.0,5.0,5.0,3.5631067895538315
2855,2.0,5.0,4.0,5.0,1.0,1.0,1.9999998119863622
2856,2.0,5.0,4.0,5.0,1.0,4.0,2.928571435187572
2857,2.0,5.0,4.0,5.0,1.0,5.0,2.9285714653344033
2858,2.0,5.0,4.0,5.0,2.0,1.0,2.000003010064528
2859,2.0,5.0,4.0,5.0,2.0,3.0,2.9999997407858157
2860,2.0,5.0,4.0,5.0,2.0,5.0,3.176470590860719
2861,2.0,5.0,4.0,5.0,3.0,2.0,3.2307691450393756
2862,2.0,5.0,4.0,5.0,3.0,3.0,3.230769167022482
2863,2.0,5.0,4.0,5.0,3.0,4.0,3.277777802164159
2864,2.0,5.0,4.0,5.0,3.0,5.0,3.563106768985111
2865,2.0,5.0,4.0,5.0,4.0,3.0,3.3749999744894175
2866,2.0,5.0,4.0,5.0,4.0,4.0,3.56310678795319
2867,2.0,5.0,4.0,5.0,4.0,5.0,3.563106794477714
2868,2.0,5.0,4.0,5.0,5.0,1.0,3.2499998247812987
2869,2.0,5.0,4.0,5.0,5.0,2.0,3.249999848172617
2870,2.0,5.0,4.0,5.0,5.0,3.0,3.3750000019587723
2871,2.0,5.0,4.0,5.0,5.0,4.0,3.5631067981454203
2872,2.0,5.0,4.0,5.0,5.0,5.0,3.563106808625647
2873,2.0,5.0,5.0,1.0,1.0,1.0,1.4999999883607633
2874,2.0,5.0,5.0,1.0,2.0,1.0,1.6363636490778242
2875,2.0,5.0,5.0,1.0,3.0,4.0,3.000000055564687
2876,2.0,5.0,5.0,1.0,5.0,1.0,1.8666666225354855
2877,2.0,5.0,5.0,1.0,5.0,5.0,3.6000000251431055
2878,2.0,5.0,5.0,2.0,1.0,2.0,2.000000038911795
2879,2.0,5.0,5.0,2.0,1.0,3.0,2.1176470795503124
2880,2.0,5.0,5.0,2.0,1.0,5.0,2.9285714906327334
2881,2.0,5.0,5.0,2.0,2.0,1.0,1.9999999966542015
2882,2.0,5.0,5.0,2.0,2.0,2.0,2.17647061118058
2883,2.0,5.0,5.0,2.0,3.0,2.0,2.578947380187112
2884,2.0,5.0,5.0,2.0,3.0,3.0,3.0000000615831413
2885,2.0,5.0,5.0,2.0,3.0,4.0,3.0000000599611356
2886,2.0,5.0,5.0,2.0,4.0,3.0,3.0000000755595377
2887,2.0,5.0,5.0,2.0,5.0,3.0,3.0000000643867537
2888,2.0,5.0,5.0,2.0,5.0,5.0,3.600000054158163
2889,2.0,5.0,5.0,3.0,1.0,3.0,2.5454545611622033
2890,2.0,5.0,5.0,3.0,2.0,2.0,2.300000008830399
2891,2.0,5.0,5.0,3.0,2.0,3.0,2.733333431337346
2892,2.0,5.0,5.0,3.0,3.0,3.0,3.163636376544615
2893,2.0,5.0,5.0,3.0,3.0,4.0,3.277777774055636
2894,2.0,5.0,5.0,3.0,3.0,5.0,3.6000001146017446
2895,2.0,5.0,5.0,3.0,4.0,3.0,3.2400000200219834
2896,2.0,5.0,5.0,3.0,5.0,3.0,3.2400000261303656
2897,2.0,5.0,5.0,3.0,5.0,4.0,3.3750000230650357
2898,2.0,5.0,5.0,3.0,5.0,5.0,3.6000000984439815
2899,2.0,5.0,5.0,4.0,1.0,4.0,2.9285714565260967
2900,2.0,5.0,5.0,4.0,2.0,3.0,3.1636363736209283
2901,2.0,5.0,5.0,4.0,2.0,4.0,3.163636389528022
2902,2.0,5.0,5.0,4.0,3.0,2.0,3.0000000590462577
2903,2.0,5.0,5.0,4.0,3.0,3.0,3.163636378537581
2904,2.0,5.0,5.0,4.0,3.0,4.0,3.277777772818649
2905,2.0,5.0,5.0,4.0,3.0,5.0,3.600000099207858
2906,2.0,5.0,5.0,4.0,4.0,2.0,3.266666691279182
2907,2.0,5.0,5.0,4.0,4.0,3.0,3.26666667583697
2908,2.0,5.0,5.0,4.0,4.0,4.0,3.500000008266518
2909,2.0,5.0,5.0,4.0,4.0,5.0,3.749999982227234
2910,2.0,5.0,5.0,4.0,5.0,4.0,3.500000015775743
2911,2.0,5.0,5.0,4.0,5.0,5.0,3.7500000007083445
2912,2.0,5.0,5.0,5.0,1.0,1.0,2.5000000000440252
2913,2.0,5.0,5.0,5.0,1.0,2.0,2.5000001042278535
2914,2.0,5.0,5.0,5.0,1.0,3.0,2.705882366789614
2915,2.0,5.0,5.0,5.0,1.0,5.0,2.9285714692069575
2916,2.0,5.0,5.0,5.0,2.0,3.0,3.1636364087624385
2917,2.0,5.0,5.0,5.0,2.0,4.0,3.163636402176073
2918,2.0,5.0,5.0,5.0,2.0,5.0,3.176470601558027
2919,2.0,5.0,5.0,5.0,3.0,3.0,3.230769219325954
2920,2.0,5.0,5.0,5.0,3.0,4.0,3.2777778038477243
2921,2.0,5.0,5.0,5.0,3.0,5.0,3.6000000747071144
2922,2.0,5.0,5.0,5.0,4.0,3.0,3.3749999905674812
2923,2.0,5.0,5.0,5.0,4.0,4.0,3.7499999717518726
2924,2.0,5.0,5.0,5.0,4.0,5.0,3.7499999769813375
2925,2.0,5.0,5.0,5.0,5.0,1.0,3.3749999777817905
2926,2.0,5.0,5.0,5.0,5.0,3.0,3.374999994563448
2927,2.0,5.0,5.0,5.0,5.0,4.0,3.749999971900512
2928,2.0,5.0,5.0,5.0,5.0,5.0,3.750000013501437
2929,3.0,1.0,1.0,1.0,1.0,1.0,1.1628506766329154
2930,3.0,1.0,1.0,1.0,1.0,2.0,1.1666662491555553
2931,3.0,1.0,1.0,1.0,1.0,3.0,1.1666662899988296
2932,3.0,1.0,1.0,1.0,2.0,1.0,1.1944444435885784
2933,3.0,1.0,1.0,1.0,2.0,2.0,1.2403108692512166
2934,3.0,1.0,1.0,1.0,2.0,3.0,1.5376343157098131
2935,3.0,1.0,1.0,1.0,3.0,1.0,1.1944454534761213
2936,3.0,1.0,1.0,1.0,3.0,2.0,1.2403109031700295
2937,3.0,1.0,1.0,1.0,4.0,1.0,1.1944454298549831
2938,3.0,1.0,1.0,1.0,4.0,2.0,1.24031057872373
2939,3.0,1.0,1.0,2.0,1.0,1.0,1.2093023076261882
2940,3.0,1.0,1.0,2.0,1.0,2.0,1.209302134634354
2941,3.0,1.0,1.0,2.0,1.0,3.0,1.209302199962133
2942,3.0,1.0,1.0,2.0,2.0,1.0,1.2093027011564599
2943,3.0,1.0,1.0,2.0,2.0,2.0,1.5116277753263712
2944,3.0,1.0,1.0,2.0,3.0,2.0,1.722222345628581
2945,3.0,1.0,1.0,2.0,4.0,3.0,1.9776124747948727
2946,3.0,1.0,1.0,3.0,1.0,1.0,1.2093021828967117
2947,3.0,1.0,1.0,3.0,1.0,2.0,1.499999977624952
2948,3.0,1.0,1.0,3.0,1.0,3.0,1.6388887661947793
2949,3.0,1.0,1.0,3.0,2.0,1.0,1.3846147754594929
2950,3.0,1.0,1.0,3.0,2.0,2.0,1.6388887249744781
2951,3.0,1.0,1.0,3.0,2.0,3.0,1.6388888541403852
2952,3.0,1.0,1.0,3.0,2.0,4.0,1.7222200601203534
2953,3.0,1.0,1.0,3.0,3.0,1.0,1.384614609352649
2954,3.0,1.0,1.0,3.0,3.0,2.0,1.7222218977782031
2955,3.0,1.0,1.0,3.0,3.0,3.0,1.7222209158699142
2956,3.0,1.0,1.0,3.0,3.0,4.0,1.722220358479964
2957,3.0,1.0,1.0,3.0,4.0,3.0,2.060605997129903
2958,3.0,1.0,1.0,3.0,4.0,4.0,2.060606227178377
2959,3.0,1.0,1.0,4.0,1.0,1.0,1.2093016549084414
2960,3.0,1.0,1.0,4.0,1.0,2.0,1.500000039142772
2961,3.0,1.0,1.0,4.0,1.0,3.0,1.6388887228694506
2962,3.0,1.0,1.0,4.0,2.0,1.0,1.6410288996277418
2963,3.0,1.0,1.0,4.0,2.0,2.0,1.7222193608219591
2964,3.0,1.0,1.0,4.0,2.0,5.0,1.9999999525902266
2965,3.0,1.0,1.0,4.0,3.0,3.0,1.7222199110739382
2966,3.0,1.0,1.0,4.0,4.0,1.0,1.999998698671997
2967,3.0,1.0,1.0,4.0,4.0,2.0,2.060606080445434
2968,3.0,1.0,1.0,4.0,4.0,3.0,2.06060601906782
2969,3.0,1.0,1.0,4.0,4.0,4.0,2.0606060948091587
2970,3.0,1.0,1.0,5.0,1.0,1.0,1.6410267247653316
2971,3.0,1.0,1.0,5.0,1.0,2.0,1.6410261140677156
2972,3.0,1.0,1.0,5.0,1.0,3.0,1.653542731026386
2973,3.0,1.0,1.0,5.0,1.0,4.0,1.6535428522713798
2974,3.0,1.0,1.0,5.0,3.0,1.0,1.6410275559900693
2975,3.0,1.0,1.0,5.0,3.0,3.0,1.8000008306431614
2976,3.0,1.0,1.0,5.0,3.0,4.0,1.800000166895883
2977,3.0,1.0,1.0,5.0,4.0,3.0,2.0606060248310563
2978,3.0,1.0,1.0,5.0,5.0,2.0,2.190477239503303
2979,3.0,1.0,2.0,1.0,1.0,1.0,1.3076922455241358
2980,3.0,1.0,2.0,1.0,1.0,2.0,1.3421053511519379
2981,3.0,1.0,2.0,1.0,1.0,3.0,1.6388889656943944
2982,3.0,1.0,2.0,1.0,2.0,1.0,1.333333197304894
2983,3.0,1.0,2.0,1.0,2.0,2.0,1.4285713285618205
2984,3.0,1.0,2.0,1.0,2.0,3.0,1.8275861108545615
2985,3.0,1.0,2.0,1.0,3.0,1.0,1.333333029380972
2986,3.0,1.0,2.0,1.0,3.0,2.0,1.4285714864112806
2987,3.0,1.0,2.0,1.0,3.0,3.0,1.8275859354408066
2988,3.0,1.0,2.0,1.0,4.0,2.0,1.8275853089826715
2989,3.0,1.0,2.0,1.0,5.0,3.0,1.8275859988504846
2990,3.0,1.0,2.0,1.0,5.0,4.0,1.8275868367470582
2991,3.0,1.0,2.0,2.0,1.0,1.0,1.3271028293787799
2992,3.0,1.0,2.0,2.0,1.0,2.0,1.4174756390326968
2993,3.0,1.0,2.0,2.0,1.0,3.0,1.7619047035787117
2994,3.0,1.0,2.0,2.0,2.0,1.0,1.5116261075936799
2995,3.0,1.0,2.0,2.0,2.0,2.0,1.827586166857397
2996,3.0,1.0,2.0,2.0,2.0,3.0,1.8275862298035215
2997,3.0,1.0,2.0,2.0,2.0,4.0,1.9999997119232757
2998,3.0,1.0,2.0,2.0,3.0,1.0,1.6599980431095096
2999,3.0,1.0,2.0,2.0,3.0,2.0,1.8888887061015955
3000,3.0,1.0,2.0,2.0,3.0,3.0,2.18965514915795
3001,3.0,1.0,2.0,2.0,3.0,4.0,2.1896551965255133
3002,3.0,1.0,2.0,2.0,4.0,2.0,2.1666666327545023
3003,3.0,1.0,2.0,2.0,4.0,4.0,2.416666349885484
3004,3.0,1.0,2.0,3.0,1.0,1.0,1.4166664717012785
3005,3.0,1.0,2.0,3.0,1.0,2.0,1.8235293861528323
3006,3.0,1.0,2.0,3.0,1.0,3.0,1.8235293485508852
3007,3.0,1.0,2.0,3.0,2.0,1.0,1.5116263788533777
3008,3.0,1.0,2.0,3.0,2.0,2.0,1.8888889267676068
3009,3.0,1.0,2.0,3.0,2.0,3.0,1.9230769019380727
3010,3.0,1.0,2.0,3.0,3.0,3.0,2.189655136895618
3011,3.0,1.0,2.0,3.0,3.0,4.0,2.1896551535044497
3012,3.0,1.0,2.0,3.0,4.0,2.0,2.166666648990351
3013,3.0,1.0,2.0,3.0,4.0,3.0,2.189655127330204
3014,3.0,1.0,2.0,3.0,4.0,4.0,2.4166664458590947
3015,3.0,1.0,2.0,4.0,1.0,3.0,1.9999999472018621
3016,3.0,1.0,2.0,4.0,1.0,4.0,2.000000004016945
3017,3.0,1.0,2.0,4.0,2.0,3.0,2.1896551705066027
3018,3.0,1.0,2.0,4.0,2.0,4.0,2.1896551187532975
3019,3.0,1.0,2.0,4.0,3.0,2.0,1.8888888961828563
3020,3.0,1.0,2.0,4.0,3.0,3.0,2.189655125666972
3021,3.0,1.0,2.0,4.0,3.0,4.0,2.1896551029947973
3022,3.0,1.0,2.0,4.0,3.0,5.0,2.4166669666064315
3023,3.0,1.0,2.0,4.0,4.0,2.0,2.1666667157466426
3024,3.0,1.0,2.0,4.0,4.0,3.0,2.1896551555825785
3025,3.0,1.0,2.0,4.0,4.0,4.0,2.4166666859026478
3026,3.0,1.0,2.0,4.0,5.0,4.0,2.416666727128427
3027,3.0,1.0,2.0,4.0,5.0,5.0,2.4166667704645053
3028,3.0,1.0,2.0,5.0,1.0,4.0,2.000000167746825
3029,3.0,1.0,2.0,5.0,2.0,2.0,2.0000006421955363
3030,3.0,1.0,2.0,5.0,2.0,3.0,2.3333334411840094
3031,3.0,1.0,2.0,5.0,3.0,5.0,2.4166669457028513
3032,3.0,1.0,2.0,5.0,4.0,4.0,2.416666708658659
3033,3.0,1.0,3.0,1.0,1.0,1.0,1.3271027384870353
3034,3.0,1.0,3.0,1.0,1.0,2.0,1.4000000812152271
3035,3.0,1.0,3.0,1.0,2.0,1.0,1.333333152547144
3036,3.0,1.0,3.0,1.0,3.0,1.0,1.3333330766419662
3037,3.0,1.0,3.0,1.0,3.0,3.0,2.159999959924922
3038,3.0,1.0,3.0,2.0,1.0,1.0,1.3271027804977242
3039,3.0,1.0,3.0,2.0,1.0,2.0,1.5000000232625674
3040,3.0,1.0,3.0,2.0,1.0,4.0,1.9999994772032592
3041,3.0,1.0,3.0,2.0,2.0,1.0,1.511626593386416
3042,3.0,1.0,3.0,2.0,2.0,2.0,2.1428571118993913
3043,3.0,1.0,3.0,2.0,2.0,3.0,2.1428571457636383
3044,3.0,1.0,3.0,2.0,3.0,2.0,2.2083332936241606
3045,3.0,1.0,3.0,2.0,3.0,3.0,2.384615425368124
3046,3.0,1.0,3.0,2.0,4.0,2.0,2.2083333052485687
3047,3.0,1.0,3.0,2.0,4.0,3.0,2.384615416355433
3048,3.0,1.0,3.0,2.0,5.0,1.0,1.6599982937493225
3049,3.0,1.0,3.0,3.0,1.0,1.0,1.4166667523526135
3050,3.0,1.0,3.0,3.0,1.0,2.0,1.9999999057464173
3051,3.0,1.0,3.0,3.0,1.0,3.0,2.0999999657045754
3052,3.0,1.0,3.0,3.0,1.0,4.0,2.0999999965893
3053,3.0,1.0,3.0,3.0,2.0,2.0,2.1428571348143923
3054,3.0,1.0,3.0,3.0,2.0,3.0,2.3333333342008027
3055,3.0,1.0,3.0,3.0,3.0,2.0,2.208333296145987
3056,3.0,1.0,3.0,3.0,3.0,3.0,2.4374999986534536
3057,3.0,1.0,3.0,3.0,4.0,3.0,2.777777732240488
3058,3.0,1.0,3.0,3.0,5.0,3.0,2.777777735449891
3059,3.0,1.0,3.0,4.0,1.0,3.0,2.100000005439474
3060,3.0,1.0,3.0,4.0,1.0,4.0,2.1000000548360314
3061,3.0,1.0,3.0,4.0,2.0,2.0,2.5263157616789584
3062,3.0,1.0,3.0,4.0,2.0,3.0,2.5263157485178653
3063,3.0,1.0,3.0,4.0,2.0,4.0,2.777777788969847
3064,3.0,1.0,3.0,4.0,3.0,2.0,2.526315771980625
3065,3.0,1.0,3.0,4.0,3.0,3.0,2.7777777753125283
3066,3.0,1.0,3.0,4.0,3.0,4.0,2.7777777968805633
3067,3.0,1.0,3.0,4.0,4.0,2.0,2.526315765181726
3068,3.0,1.0,3.0,4.0,4.0,3.0,2.7777777048797776
3069,3.0,1.0,3.0,4.0,4.0,4.0,2.7777778044954666
3070,3.0,1.0,3.0,4.0,5.0,3.0,2.8749998314185854
3071,3.0,1.0,3.0,5.0,3.0,4.0,2.7777778739753938
3072,3.0,1.0,3.0,5.0,4.0,3.0,2.7777776140682553
3073,3.0,1.0,3.0,5.0,4.0,4.0,2.875000049468551
3074,3.0,1.0,3.0,5.0,5.0,3.0,2.8750001927547646
3075,3.0,1.0,3.0,5.0,5.0,4.0,2.8750001462347834
3076,3.0,1.0,3.0,5.0,5.0,5.0,2.874999965547103
3077,3.0,1.0,4.0,1.0,2.0,1.0,1.5000002393405019
3078,3.0,1.0,4.0,1.0,2.0,5.0,1.999999939184169
3079,3.0,1.0,4.0,2.0,1.0,1.0,1.3271027346034765
3080,3.0,1.0,4.0,2.0,1.0,3.0,1.999999955015917
3081,3.0,1.0,4.0,2.0,2.0,3.0,2.384615356096679
3082,3.0,1.0,4.0,2.0,3.0,3.0,2.384615412326763
3083,3.0,1.0,4.0,3.0,1.0,2.0,1.9999999288174617
3084,3.0,1.0,4.0,3.0,2.0,1.0,2.2499998314600838
3085,3.0,1.0,4.0,3.0,2.0,3.0,2.4999999631438605
3086,3.0,1.0,4.0,3.0,3.0,2.0,2.249999856103024
3087,3.0,1.0,4.0,3.0,3.0,3.0,2.500000048508016
3088,3.0,1.0,4.0,3.0,4.0,3.0,2.7777778260027226
3089,3.0,1.0,4.0,3.0,5.0,3.0,2.77777780717887
3090,3.0,1.0,4.0,4.0,2.0,2.0,2.526315825174836
3091,3.0,1.0,4.0,4.0,3.0,3.0,2.7777778515358023
3092,3.0,1.0,4.0,4.0,3.0,4.0,2.7777777699737416
3093,3.0,1.0,4.0,4.0,4.0,3.0,2.9655171329958727
3094,3.0,1.0,4.0,4.0,4.0,4.0,3.2500000090401104
3095,3.0,1.0,4.0,5.0,1.0,4.0,2.8571428670065355
3096,3.0,1.0,4.0,5.0,3.0,3.0,2.965517270906462
3097,3.0,1.0,4.0,5.0,4.0,3.0,2.965517270745932
3098,3.0,1.0,4.0,5.0,5.0,4.0,3.33333338499768
3099,3.0,1.0,4.0,5.0,5.0,5.0,3.8421052316816726
3100,3.0,1.0,5.0,1.0,1.0,1.0,1.327102744294103
3101,3.0,1.0,5.0,3.0,1.0,4.0,2.099999929186989
3102,3.0,1.0,5.0,3.0,4.0,2.0,2.249999879129611
3103,3.0,1.0,5.0,4.0,2.0,3.0,2.526315771314711
3104,3.0,1.0,5.0,5.0,5.0,5.0,3.842105220899265
3105,3.0,2.0,1.0,1.0,1.0,1.0,1.1628698567185993
3106,3.0,2.0,1.0,1.0,1.0,2.0,1.4999998674876032
3107,3.0,2.0,1.0,1.0,1.0,3.0,1.537634446058719
3108,3.0,2.0,1.0,1.0,2.0,1.0,1.1999999335098217
3109,3.0,2.0,1.0,1.0,2.0,2.0,1.5151515070781791
3110,3.0,2.0,1.0,1.0,2.0,3.0,1.537634407182168
3111,3.0,2.0,1.0,1.0,3.0,1.0,1.2450329785611136
3112,3.0,2.0,1.0,1.0,3.0,2.0,1.722222467365339
3113,3.0,2.0,1.0,1.0,3.0,3.0,1.7359545540835157
3114,3.0,2.0,1.0,1.0,4.0,3.0,1.7359545110432135
3115,3.0,2.0,1.0,2.0,1.0,1.0,1.333333299407248
3116,3.0,2.0,1.0,2.0,1.0,2.0,1.5714285622959623
3117,3.0,2.0,1.0,2.0,1.0,3.0,1.6410255090214587
3118,3.0,2.0,1.0,2.0,2.0,1.0,1.428571392176767
3119,3.0,2.0,1.0,2.0,2.0,2.0,1.671874865657164
3120,3.0,2.0,1.0,2.0,2.0,3.0,1.8999999916594519
3121,3.0,2.0,1.0,2.0,3.0,1.0,1.5714286850086008
3122,3.0,2.0,1.0,2.0,3.0,2.0,1.7222224935658599
3123,3.0,2.0,1.0,2.0,3.0,3.0,1.9776122198874004
3124,3.0,2.0,1.0,2.0,4.0,2.0,1.9776115797435776
3125,3.0,2.0,1.0,2.0,4.0,3.0,1.9776121257209331
3126,3.0,2.0,1.0,2.0,5.0,2.0,2.000000634735739
3127,3.0,2.0,1.0,3.0,1.0,1.0,1.3333333348571954
3128,3.0,2.0,1.0,3.0,1.0,2.0,1.6410255850313786
3129,3.0,2.0,1.0,3.0,1.0,3.0,1.653543280747075
3130,3.0,2.0,1.0,3.0,1.0,4.0,1.6535427431545526
3131,3.0,2.0,1.0,3.0,2.0,1.0,1.4444446215829663
3132,3.0,2.0,1.0,3.0,2.0,2.0,1.6718749751900448
3133,3.0,2.0,1.0,3.0,2.0,3.0,2.0156249256194005
3134,3.0,2.0,1.0,3.0,3.0,1.0,1.6470539071994386
3135,3.0,2.0,1.0,3.0,3.0,2.0,1.8461537856762023
3136,3.0,2.0,1.0,3.0,3.0,3.0,2.0156249537852005
3137,3.0,2.0,1.0,3.0,3.0,4.0,2.2499997678633497
3138,3.0,2.0,1.0,3.0,4.0,1.0,1.9166657112055936
3139,3.0,2.0,1.0,3.0,4.0,2.0,1.9776117663149688
3140,3.0,2.0,1.0,3.0,4.0,3.0,2.0606059803566277
3141,3.0,2.0,1.0,3.0,4.0,4.0,2.249999893253928
3142,3.0,2.0,1.0,4.0,1.0,1.0,1.3333332687385595
3143,3.0,2.0,1.0,4.0,1.0,2.0,1.641025718786202
3144,3.0,2.0,1.0,4.0,1.0,3.0,1.6535436081496122
3145,3.0,2.0,1.0,4.0,1.0,4.0,1.9400002915258547
3146,3.0,2.0,1.0,4.0,2.0,1.0,1.909086643747363
3147,3.0,2.0,1.0,4.0,2.0,2.0,1.9090859811707865
3148,3.0,2.0,1.0,4.0,2.0,3.0,2.1428569961902966
3149,3.0,2.0,1.0,4.0,3.0,2.0,1.9999991367969003
3150,3.0,2.0,1.0,4.0,3.0,3.0,2.1428569655628436
3151,3.0,2.0,1.0,5.0,1.0,2.0,1.641026005663089
3152,3.0,2.0,1.0,5.0,1.0,3.0,1.6535429596908604
3153,3.0,2.0,1.0,5.0,3.0,3.0,2.142856828798416
3154,3.0,2.0,1.0,5.0,3.0,4.0,2.2499994470182045
3155,3.0,2.0,1.0,5.0,4.0,5.0,2.2499997399077722
3156,3.0,2.0,1.0,5.0,5.0,3.0,2.1904760117938658
3157,3.0,2.0,2.0,1.0,1.0,1.0,1.3076922510400415
3158,3.0,2.0,2.0,1.0,1.0,2.0,1.6363636573462879
3159,3.0,2.0,2.0,1.0,2.0,1.0,1.4411767036325889
3160,3.0,2.0,2.0,1.0,2.0,2.0,1.6363636398253956
3161,3.0,2.0,2.0,1.0,2.0,3.0,1.8275862702565375
3162,3.0,2.0,2.0,1.0,3.0,1.0,1.4411768204436208
3163,3.0,2.0,2.0,1.0,3.0,2.0,1.7222224039831926
3164,3.0,2.0,2.0,1.0,3.0,3.0,1.9999998987115217
3165,3.0,2.0,2.0,1.0,4.0,2.0,1.999999429161056
3166,3.0,2.0,2.0,1.0,5.0,5.0,2.66666658479768
3167,3.0,2.0,2.0,2.0,1.0,1.0,1.5757575974789133
3168,3.0,2.0,2.0,2.0,1.0,2.0,1.92307693102752
3169,3.0,2.0,2.0,2.0,1.0,3.0,2.105263232513916
3170,3.0,2.0,2.0,2.0,2.0,1.0,1.6761899127348168
3171,3.0,2.0,2.0,2.0,2.0,2.0,2.096153866011781
3172,3.0,2.0,2.0,2.0,2.0,3.0,2.1923076922711355
3173,3.0,2.0,2.0,2.0,3.0,1.0,1.676191150293273
3174,3.0,2.0,2.0,2.0,3.0,2.0,2.1304348271033104
3175,3.0,2.0,2.0,2.0,3.0,3.0,2.1923077076291606
3176,3.0,2.0,2.0,2.0,3.0,4.0,2.192307724511308
3177,3.0,2.0,2.0,2.0,4.0,1.0,1.6761937689149649
3178,3.0,2.0,2.0,2.0,4.0,2.0,2.192307993474335
3179,3.0,2.0,2.0,2.0,4.0,3.0,2.4615383743389683
3180,3.0,2.0,2.0,2.0,5.0,3.0,2.515151881041719
3181,3.0,2.0,2.0,2.0,5.0,5.0,2.800000139180358
3182,3.0,2.0,2.0,3.0,1.0,1.0,1.5999999755815615
3183,3.0,2.0,2.0,3.0,1.0,2.0,2.064516126024492
3184,3.0,2.0,2.0,3.0,1.0,3.0,2.198630031625663
3185,3.0,2.0,2.0,3.0,1.0,4.0,2.198630132961539
3186,3.0,2.0,2.0,3.0,2.0,1.0,1.7777779334354407
3187,3.0,2.0,2.0,3.0,2.0,2.0,2.0961538588622486
3188,3.0,2.0,2.0,3.0,2.0,3.0,2.3571428541906148
3189,3.0,2.0,2.0,3.0,2.0,4.0,2.586206981005452
3190,3.0,2.0,2.0,3.0,2.0,5.0,2.8000000579637367
3191,3.0,2.0,2.0,3.0,3.0,1.0,2.0000000211219984
3192,3.0,2.0,2.0,3.0,3.0,2.0,2.3999999794149076
3193,3.0,2.0,2.0,3.0,3.0,3.0,2.58620687402727
3194,3.0,2.0,2.0,3.0,3.0,4.0,2.5862069390331515
3195,3.0,2.0,2.0,3.0,4.0,1.0,2.000000876254011
3196,3.0,2.0,2.0,3.0,4.0,2.0,2.400000171609693
3197,3.0,2.0,2.0,3.0,4.0,3.0,2.5862069363186757
3198,3.0,2.0,2.0,3.0,4.0,4.0,2.586206952510386
3199,3.0,2.0,2.0,3.0,5.0,2.0,2.400000042549124
3200,3.0,2.0,2.0,3.0,5.0,3.0,2.58620689603944
3201,3.0,2.0,2.0,3.0,5.0,4.0,2.79999994807543
3202,3.0,2.0,2.0,3.0,5.0,5.0,2.8000000363941617
3203,3.0,2.0,2.0,4.0,1.0,1.0,2.087378554398424
3204,3.0,2.0,2.0,4.0,1.0,2.0,2.111111048062743
3205,3.0,2.0,2.0,4.0,1.0,3.0,2.198630011181328
3206,3.0,2.0,2.0,4.0,2.0,2.0,2.11111118244305
3207,3.0,2.0,2.0,4.0,2.0,3.0,2.357142888873436
3208,3.0,2.0,2.0,4.0,2.0,4.0,2.58620688329116
3209,3.0,2.0,2.0,4.0,3.0,2.0,2.4000000979810525
3210,3.0,2.0,2.0,4.0,3.0,3.0,2.5862069029301193
3211,3.0,2.0,2.0,4.0,3.0,4.0,2.5862068966651357
3212,3.0,2.0,2.0,4.0,3.0,5.0,2.848484931208013
3213,3.0,2.0,2.0,4.0,4.0,2.0,2.400000328668283
3214,3.0,2.0,2.0,4.0,4.0,3.0,2.7619047186987444
3215,3.0,2.0,2.0,4.0,4.0,4.0,2.8484848201768154
3216,3.0,2.0,2.0,4.0,5.0,3.0,2.761904714710744
3217,3.0,2.0,2.0,4.0,5.0,4.0,2.8484847583710824
3218,3.0,2.0,2.0,4.0,5.0,5.0,2.848484864326461
3219,3.0,2.0,2.0,5.0,1.0,1.0,2.0873787299547306
3220,3.0,2.0,2.0,5.0,1.0,4.0,2.1986301611298344
3221,3.0,2.0,2.0,5.0,2.0,2.0,2.111111020370133
3222,3.0,2.0,2.0,5.0,2.0,3.0,2.5862068258627398
3223,3.0,2.0,2.0,5.0,3.0,3.0,2.5862068623492145
3224,3.0,2.0,2.0,5.0,3.0,4.0,2.586206776654936
3225,3.0,2.0,2.0,5.0,4.0,3.0,2.848484458275336
3226,3.0,2.0,2.0,5.0,4.0,4.0,2.84848488225841
3227,3.0,2.0,2.0,5.0,4.0,5.0,2.848485013157335
3228,3.0,2.0,2.0,5.0,5.0,2.0,2.400000595462199
3229,3.0,2.0,2.0,5.0,5.0,3.0,2.848484841448891
3230,3.0,2.0,2.0,5.0,5.0,5.0,2.8484849470442812
3231,3.0,2.0,3.0,1.0,1.0,1.0,1.3271027260158923
3232,3.0,2.0,3.0,1.0,2.0,1.0,1.4411764728147007
3233,3.0,2.0,3.0,1.0,2.0,2.0,1.9999999238060604
3234,3.0,2.0,3.0,1.0,2.0,3.0,1.9999999928025438
3235,3.0,2.0,3.0,1.0,2.0,4.0,1.9999999770870542
3236,3.0,2.0,3.0,1.0,3.0,1.0,1.4999997775886158
3237,3.0,2.0,3.0,1.0,3.0,2.0,1.9999998866450237
3238,3.0,2.0,3.0,1.0,3.0,3.0,2.1599999961696548
3239,3.0,2.0,3.0,1.0,4.0,1.0,1.4999998218872899
3240,3.0,2.0,3.0,1.0,4.0,2.0,1.9999999421949568
3241,3.0,2.0,3.0,1.0,4.0,3.0,2.4444442507544837
3242,3.0,2.0,3.0,2.0,1.0,1.0,1.5757575803221988
3243,3.0,2.0,3.0,2.0,1.0,2.0,2.06451614155857
3244,3.0,2.0,3.0,2.0,1.0,3.0,2.1999999857687604
3245,3.0,2.0,3.0,2.0,1.0,4.0,2.3333334690843026
3246,3.0,2.0,3.0,2.0,2.0,1.0,1.8999999519233066
3247,3.0,2.0,3.0,2.0,2.0,2.0,2.208333319700581
3248,3.0,2.0,3.0,2.0,2.0,3.0,2.446153848424307
3249,3.0,2.0,3.0,2.0,2.0,4.0,2.6666666907735976
3250,3.0,2.0,3.0,2.0,3.0,1.0,2.000000072993593
3251,3.0,2.0,3.0,2.0,3.0,2.0,2.2083333378882637
3252,3.0,2.0,3.0,2.0,3.0,3.0,2.6666666739813616
3253,3.0,2.0,3.0,2.0,3.0,4.0,2.6666666957803393
3254,3.0,2.0,3.0,2.0,4.0,1.0,2.00000132825124
3255,3.0,2.0,3.0,2.0,4.0,2.0,2.5000000561525564
3256,3.0,2.0,3.0,2.0,4.0,3.0,2.6666666952778164
3257,3.0,2.0,3.0,2.0,4.0,4.0,3.0000000207687245
3258,3.0,2.0,3.0,2.0,4.0,5.0,3.0000000097141353
3259,3.0,2.0,3.0,2.0,5.0,4.0,3.0000001379992693
3260,3.0,2.0,3.0,3.0,1.0,1.0,1.600000051699201
3261,3.0,2.0,3.0,3.0,1.0,2.0,2.0645161445153524
3262,3.0,2.0,3.0,3.0,1.0,3.0,2.416666674015492
3263,3.0,2.0,3.0,3.0,2.0,1.0,1.9000000057485795
3264,3.0,2.0,3.0,3.0,2.0,2.0,2.4500000042135692
3265,3.0,2.0,3.0,3.0,2.0,3.0,2.671052626339071
3266,3.0,2.0,3.0,3.0,2.0,4.0,2.888888895156768
3267,3.0,2.0,3.0,3.0,2.0,5.0,2.912280743631395
3268,3.0,2.0,3.0,3.0,3.0,1.0,2.0873786465174278
3269,3.0,2.0,3.0,3.0,3.0,2.0,2.54166667078759
3270,3.0,2.0,3.0,3.0,3.0,3.0,2.7876106197389756
3271,3.0,2.0,3.0,3.0,3.0,4.0,2.8888889080491267
3272,3.0,2.0,3.0,3.0,4.0,1.0,2.3846154684914076
3273,3.0,2.0,3.0,3.0,4.0,2.0,2.5416666285111997
3274,3.0,2.0,3.0,3.0,4.0,3.0,2.931034484412835
3275,3.0,2.0,3.0,3.0,4.0,4.0,3.076923071574188
3276,3.0,2.0,3.0,3.0,5.0,3.0,2.999999968055106
3277,3.0,2.0,3.0,3.0,5.0,4.0,3.07692308169166
3278,3.0,2.0,3.0,4.0,1.0,1.0,2.0873783166342106
3279,3.0,2.0,3.0,4.0,1.0,2.0,2.1111110797697834
3280,3.0,2.0,3.0,4.0,1.0,3.0,2.4848485312386455
3281,3.0,2.0,3.0,4.0,1.0,4.0,2.484848529089389
3282,3.0,2.0,3.0,4.0,2.0,2.0,2.6710525710987065
3283,3.0,2.0,3.0,4.0,2.0,3.0,2.671052598634167
3284,3.0,2.0,3.0,4.0,2.0,4.0,2.9090909142431407
3285,3.0,2.0,3.0,4.0,2.0,5.0,2.9122807224203897
3286,3.0,2.0,3.0,4.0,3.0,1.0,2.499999894809661
3287,3.0,2.0,3.0,4.0,3.0,2.0,2.729166698398639
3288,3.0,2.0,3.0,4.0,3.0,3.0,2.7876106227173296
3289,3.0,2.0,3.0,4.0,3.0,4.0,3.0625000060797585
3290,3.0,2.0,3.0,4.0,4.0,2.0,3.0000000079499616
3291,3.0,2.0,3.0,4.0,4.0,3.0,3.0000000064505947
3292,3.0,2.0,3.0,4.0,4.0,4.0,3.097560976050945
3293,3.0,2.0,3.0,4.0,4.0,5.0,3.30000000942421
3294,3.0,2.0,3.0,4.0,5.0,2.0,3.000000080814359
3295,3.0,2.0,3.0,4.0,5.0,4.0,3.097560962467764
3296,3.0,2.0,3.0,4.0,5.0,5.0,3.3750000165008904
3297,3.0,2.0,3.0,5.0,1.0,1.0,2.0873786192889736
3298,3.0,2.0,3.0,5.0,1.0,2.0,2.111111063419218
3299,3.0,2.0,3.0,5.0,1.0,4.0,2.4848485142725774
3300,3.0,2.0,3.0,5.0,2.0,2.0,2.6710525352017704
3301,3.0,2.0,3.0,5.0,2.0,3.0,2.992957781815813
3302,3.0,2.0,3.0,5.0,2.0,4.0,2.9929577671411853
3303,3.0,2.0,3.0,5.0,3.0,3.0,3.0000000050350444
3304,3.0,2.0,3.0,5.0,3.0,4.0,3.0625000404335156
3305,3.0,2.0,3.0,5.0,3.0,5.0,3.3750000197823415
3306,3.0,2.0,3.0,5.0,4.0,1.0,2.999999131257482
3307,3.0,2.0,3.0,5.0,4.0,3.0,2.999999976255737
3308,3.0,2.0,3.0,5.0,4.0,4.0,3.375000001040111
3309,3.0,2.0,3.0,5.0,4.0,5.0,3.3750000330743157
3310,3.0,2.0,3.0,5.0,5.0,3.0,3.1666666852211223
3311,3.0,2.0,3.0,5.0,5.0,4.0,3.3749999886650457
3312,3.0,2.0,3.0,5.0,5.0,5.0,3.3750000432976464
3313,3.0,2.0,4.0,1.0,2.0,1.0,1.5000000368142903
3314,3.0,2.0,4.0,1.0,2.0,2.0,1.999999991658073
3315,3.0,2.0,4.0,1.0,3.0,1.0,1.499999742877726
3316,3.0,2.0,4.0,2.0,2.0,2.0,2.208333352641821
3317,3.0,2.0,4.0,2.0,2.0,3.0,2.6250000466224264
3318,3.0,2.0,4.0,2.0,2.0,5.0,2.999999898251613
3319,3.0,2.0,4.0,2.0,3.0,2.0,2.208333377120377
3320,3.0,2.0,4.0,2.0,3.0,3.0,2.9433962625307655
3321,3.0,2.0,4.0,2.0,3.0,4.0,3.0952380976292413
3322,3.0,2.0,4.0,2.0,4.0,2.0,2.5000001093528494
3323,3.0,2.0,4.0,2.0,4.0,3.0,2.943396252113479
3324,3.0,2.0,4.0,3.0,1.0,3.0,2.4166666676657553
3325,3.0,2.0,4.0,3.0,1.0,4.0,2.4166666940358543
3326,3.0,2.0,4.0,3.0,1.0,5.0,2.7619046181315934
3327,3.0,2.0,4.0,3.0,2.0,2.0,2.500000028840337
3328,3.0,2.0,4.0,3.0,2.0,3.0,2.671052657189676
3329,3.0,2.0,4.0,3.0,3.0,2.0,2.541666703451753
3330,3.0,2.0,4.0,3.0,3.0,3.0,3.000000001526431
3331,3.0,2.0,4.0,3.0,3.0,4.0,3.2000000188096465
3332,3.0,2.0,4.0,3.0,4.0,2.0,2.5416666515212993
3333,3.0,2.0,4.0,3.0,4.0,3.0,3.000000009354155
3334,3.0,2.0,4.0,3.0,4.0,4.0,3.3673469315291613
3335,3.0,2.0,4.0,3.0,5.0,3.0,3.000000013203939
3336,3.0,2.0,4.0,3.0,5.0,5.0,3.7037037291418793
3337,3.0,2.0,4.0,4.0,2.0,3.0,2.7500000114126375
3338,3.0,2.0,4.0,4.0,2.0,4.0,2.9999999546572576
3339,3.0,2.0,4.0,4.0,3.0,2.0,2.9999998847505243
3340,3.0,2.0,4.0,4.0,3.0,3.0,3.1999999926391314
3341,3.0,2.0,4.0,4.0,3.0,4.0,3.2000000310173924
3342,3.0,2.0,4.0,4.0,4.0,2.0,3.000000125032897
3343,3.0,2.0,4.0,4.0,4.0,3.0,3.2000000020017634
3344,3.0,2.0,4.0,4.0,4.0,4.0,3.4166666818457245
3345,3.0,2.0,4.0,4.0,4.0,5.0,3.60000001990935
3346,3.0,2.0,4.0,4.0,5.0,4.0,3.4166666597257582
3347,3.0,2.0,4.0,5.0,2.0,4.0,3.0000001009393076
3348,3.0,2.0,4.0,5.0,3.0,4.0,3.3333333736842845
3349,3.0,2.0,4.0,5.0,3.0,5.0,3.600000120607921
3350,3.0,2.0,4.0,5.0,4.0,3.0,3.4285714518464423
3351,3.0,2.0,4.0,5.0,4.0,4.0,3.6000000367670495
3352,3.0,2.0,4.0,5.0,4.0,5.0,3.6000000639563714
3353,3.0,2.0,4.0,5.0,5.0,3.0,3.5714285785938333
3354,3.0,2.0,4.0,5.0,5.0,4.0,3.6666666958935354
3355,3.0,2.0,4.0,5.0,5.0,5.0,3.842105292807064
3356,3.0,2.0,5.0,1.0,4.0,3.0,2.9433962500008004
3357,3.0,2.0,5.0,2.0,3.0,3.0,2.9433962805152634
3358,3.0,2.0,5.0,2.0,4.0,4.0,3.3846154248783704
3359,3.0,2.0,5.0,3.0,1.0,3.0,2.4166666216589188
3360,3.0,2.0,5.0,3.0,4.0,4.0,3.466666725761989
3361,3.0,2.0,5.0,3.0,4.0,5.0,3.4666667099974626
3362,3.0,2.0,5.0,4.0,1.0,5.0,3.000000094888643
3363,3.0,2.0,5.0,4.0,3.0,2.0,3.000000019178414
3364,3.0,2.0,5.0,4.0,3.0,4.0,3.2000000354832743
3365,3.0,2.0,5.0,4.0,4.0,3.0,3.428571444999488
3366,3.0,2.0,5.0,4.0,4.0,4.0,3.703703692613046
3367,3.0,2.0,5.0,4.0,4.0,5.0,3.703703700372389
3368,3.0,2.0,5.0,4.0,5.0,3.0,3.428571364757618
3369,3.0,2.0,5.0,4.0,5.0,4.0,3.7037037294703277
3370,3.0,2.0,5.0,4.0,5.0,5.0,3.7037037103494095
3371,3.0,2.0,5.0,5.0,2.0,2.0,2.6710526546589444
3372,3.0,2.0,5.0,5.0,2.0,4.0,3.464285836644402
3373,3.0,2.0,5.0,5.0,3.0,5.0,3.8421052883539604
3374,3.0,2.0,5.0,5.0,4.0,3.0,3.428571492047966
3375,3.0,2.0,5.0,5.0,4.0,4.0,3.7901235083058853
3376,3.0,2.0,5.0,5.0,5.0,3.0,3.5714286029452014
3377,3.0,2.0,5.0,5.0,5.0,5.0,3.8421053031735255
3378,3.0,3.0,1.0,1.0,1.0,1.0,1.171924224249043
3379,3.0,3.0,1.0,1.0,1.0,2.0,1.5151515029091347
3380,3.0,3.0,1.0,1.0,1.0,3.0,1.5376344356903118
3381,3.0,3.0,1.0,1.0,2.0,1.0,1.2450330749417207
3382,3.0,3.0,1.0,1.0,2.0,2.0,1.515151544705248
3383,3.0,3.0,1.0,1.0,2.0,3.0,1.5376344375482291
3384,3.0,3.0,1.0,1.0,3.0,1.0,1.2450331679081015
3385,3.0,3.0,1.0,1.0,3.0,2.0,1.7222223309041702
3386,3.0,3.0,1.0,1.0,3.0,3.0,1.735954881669018
3387,3.0,3.0,1.0,1.0,3.0,4.0,1.7580646156460251
3388,3.0,3.0,1.0,1.0,4.0,1.0,1.3333331668041375
3389,3.0,3.0,1.0,1.0,4.0,2.0,1.7222222709791524
3390,3.0,3.0,1.0,1.0,4.0,3.0,1.7359547678525207
3391,3.0,3.0,1.0,1.0,5.0,2.0,1.953488156581461
3392,3.0,3.0,1.0,2.0,1.0,1.0,1.3333332763486654
3393,3.0,3.0,1.0,2.0,1.0,2.0,1.6410256219770913
3394,3.0,3.0,1.0,2.0,1.0,3.0,1.6410255535084826
3395,3.0,3.0,1.0,2.0,2.0,1.0,1.4380951979058387
3396,3.0,3.0,1.0,2.0,2.0,2.0,1.840000002191972
3397,3.0,3.0,1.0,2.0,2.0,3.0,1.8999999772845944
3398,3.0,3.0,1.0,2.0,3.0,1.0,1.6761902856810549
3399,3.0,3.0,1.0,2.0,3.0,2.0,1.8918918886202196
3400,3.0,3.0,1.0,2.0,3.0,3.0,1.9776119117595752
3401,3.0,3.0,1.0,2.0,3.0,4.0,1.9776118959801767
3402,3.0,3.0,1.0,2.0,4.0,1.0,1.9166668773134095
3403,3.0,3.0,1.0,2.0,4.0,2.0,1.9776119979546212
3404,3.0,3.0,1.0,2.0,4.0,3.0,1.9776121600931507
3405,3.0,3.0,1.0,2.0,4.0,4.0,2.285714315698593
3406,3.0,3.0,1.0,3.0,1.0,1.0,1.3333333312446907
3407,3.0,3.0,1.0,3.0,1.0,2.0,1.6410257712133682
3408,3.0,3.0,1.0,3.0,1.0,3.0,1.6535433702252806
3409,3.0,3.0,1.0,3.0,1.0,4.0,1.9399999096224252
3410,3.0,3.0,1.0,3.0,2.0,1.0,1.4444442134406825
3411,3.0,3.0,1.0,3.0,2.0,2.0,1.9473684166958554
3412,3.0,3.0,1.0,3.0,2.0,3.0,2.015624976656592
3413,3.0,3.0,1.0,3.0,3.0,1.0,1.676190569960043
3414,3.0,3.0,1.0,3.0,3.0,2.0,1.9776119852451384
3415,3.0,3.0,1.0,3.0,3.0,3.0,2.015624993133401
3416,3.0,3.0,1.0,3.0,3.0,4.0,2.2500000249202468
3417,3.0,3.0,1.0,3.0,3.0,5.0,2.33333333954288
3418,3.0,3.0,1.0,3.0,4.0,1.0,1.9166667061381006
3419,3.0,3.0,1.0,3.0,4.0,2.0,1.9776120778401023
3420,3.0,3.0,1.0,3.0,4.0,3.0,2.060606034692069
3421,3.0,3.0,1.0,3.0,4.0,4.0,2.285714326236147
3422,3.0,3.0,1.0,3.0,4.0,5.0,2.3333334601560516
3423,3.0,3.0,1.0,3.0,5.0,2.0,2.0000003767495853
3424,3.0,3.0,1.0,3.0,5.0,3.0,2.0606060719292163
3425,3.0,3.0,1.0,3.0,5.0,4.0,2.4594595644304404
3426,3.0,3.0,1.0,4.0,1.0,1.0,1.3333333118407364
3427,3.0,3.0,1.0,4.0,1.0,2.0,1.7272728013357326
3428,3.0,3.0,1.0,4.0,1.0,3.0,1.9399999740405978
3429,3.0,3.0,1.0,4.0,1.0,4.0,1.9400000539376083
3430,3.0,3.0,1.0,4.0,1.0,5.0,1.9400000187126436
3431,3.0,3.0,1.0,4.0,2.0,1.0,1.9090876028367896
3432,3.0,3.0,1.0,4.0,2.0,2.0,2.166666283342303
3433,3.0,3.0,1.0,4.0,2.0,3.0,2.1999997789395582
3434,3.0,3.0,1.0,4.0,3.0,2.0,2.200000032811961
3435,3.0,3.0,1.0,4.0,3.0,3.0,2.2000000503619255
3436,3.0,3.0,1.0,4.0,3.0,4.0,2.2499999421668035
3437,3.0,3.0,1.0,4.0,3.0,5.0,2.333333299500421
3438,3.0,3.0,1.0,4.0,4.0,1.0,1.9999996769640227
3439,3.0,3.0,1.0,4.0,4.0,2.0,2.3333334480187355
3440,3.0,3.0,1.0,4.0,4.0,3.0,2.3706293358030446
3441,3.0,3.0,1.0,4.0,4.0,4.0,2.459459435004035
3442,3.0,3.0,1.0,4.0,4.0,5.0,2.4594594702054624
3443,3.0,3.0,1.0,5.0,1.0,1.0,1.7272724234363446
3444,3.0,3.0,1.0,5.0,1.0,2.0,1.7272725750004565
3445,3.0,3.0,1.0,5.0,1.0,3.0,1.939999888230726
3446,3.0,3.0,1.0,5.0,1.0,4.0,1.939999968516824
3447,3.0,3.0,1.0,5.0,1.0,5.0,1.9400000012753829
3448,3.0,3.0,1.0,5.0,2.0,2.0,2.1666665144880195
3449,3.0,3.0,1.0,5.0,2.0,5.0,2.2000000279714285
3450,3.0,3.0,1.0,5.0,3.0,1.0,1.9999988291285755
3451,3.0,3.0,1.0,5.0,3.0,3.0,2.2000000207384907
3452,3.0,3.0,1.0,5.0,4.0,2.0,2.333333392399931
3453,3.0,3.0,1.0,5.0,4.0,3.0,2.3706293767734947
3454,3.0,3.0,1.0,5.0,4.0,5.0,2.459459635926611
3455,3.0,3.0,1.0,5.0,5.0,1.0,1.999999506840333
3456,3.0,3.0,1.0,5.0,5.0,3.0,2.459459220202559
3457,3.0,3.0,1.0,5.0,5.0,4.0,2.4594593876061213
3458,3.0,3.0,1.0,5.0,5.0,5.0,2.4594594293498866
3459,3.0,3.0,2.0,1.0,1.0,1.0,1.428571416150931
3460,3.0,3.0,2.0,1.0,1.0,2.0,1.714285711344875
3461,3.0,3.0,2.0,1.0,1.0,3.0,1.7142857083735177
3462,3.0,3.0,2.0,1.0,2.0,1.0,1.4827586196468328
3463,3.0,3.0,2.0,1.0,2.0,2.0,1.783783780589281
3464,3.0,3.0,2.0,1.0,2.0,3.0,2.000000010082144
3465,3.0,3.0,2.0,1.0,2.0,4.0,2.0877193606328754
3466,3.0,3.0,2.0,1.0,3.0,1.0,1.6666666405520503
3467,3.0,3.0,2.0,1.0,3.0,2.0,1.9189189208479949
3468,3.0,3.0,2.0,1.0,3.0,3.0,2.087719292222605
3469,3.0,3.0,2.0,1.0,4.0,1.0,1.6666667371463235
3470,3.0,3.0,2.0,1.0,4.0,2.0,1.9999999853058212
3471,3.0,3.0,2.0,1.0,4.0,3.0,2.087719357206246
3472,3.0,3.0,2.0,1.0,4.0,4.0,2.087719304505105
3473,3.0,3.0,2.0,1.0,5.0,1.0,1.999999768168029
3474,3.0,3.0,2.0,2.0,1.0,1.0,1.5757575819592133
3475,3.0,3.0,2.0,2.0,1.0,2.0,1.9782608691663506
3476,3.0,3.0,2.0,2.0,1.0,3.0,2.105263106336555
3477,3.0,3.0,2.0,2.0,1.0,4.0,2.1052625620395164
3478,3.0,3.0,2.0,2.0,2.0,1.0,1.6761897132750117
3479,3.0,3.0,2.0,2.0,2.0,2.0,2.167647046239145
3480,3.0,3.0,2.0,2.0,2.0,3.0,2.3939393911116196
3481,3.0,3.0,2.0,2.0,3.0,1.0,1.6761896684974202
3482,3.0,3.0,2.0,2.0,3.0,2.0,2.1676470532329555
3483,3.0,3.0,2.0,2.0,3.0,3.0,2.4236110693762387
3484,3.0,3.0,2.0,2.0,3.0,4.0,2.5000000393421287
3485,3.0,3.0,2.0,2.0,3.0,5.0,2.6250000384290844
3486,3.0,3.0,2.0,2.0,4.0,1.0,2.0000001892656636
3487,3.0,3.0,2.0,2.0,4.0,2.0,2.1923078323835616
3488,3.0,3.0,2.0,2.0,4.0,3.0,2.4615384621163026
3489,3.0,3.0,2.0,2.0,4.0,4.0,2.5000000068592767
3490,3.0,3.0,2.0,2.0,5.0,2.0,2.5151514217641915
3491,3.0,3.0,2.0,3.0,1.0,1.0,1.7307691986172637
3492,3.0,3.0,2.0,3.0,1.0,2.0,2.066666667586496
3493,3.0,3.0,2.0,3.0,1.0,3.0,2.1986301109305137
3494,3.0,3.0,2.0,3.0,1.0,4.0,2.1986301242227664
3495,3.0,3.0,2.0,3.0,2.0,1.0,1.977272712717245
3496,3.0,3.0,2.0,3.0,2.0,2.0,2.2676056347950726
3497,3.0,3.0,2.0,3.0,2.0,3.0,2.505376345078588
3498,3.0,3.0,2.0,3.0,2.0,4.0,2.7000000084206803
3499,3.0,3.0,2.0,3.0,3.0,1.0,2.075268944478038
3500,3.0,3.0,2.0,3.0,3.0,2.0,2.4183673477429406
3501,3.0,3.0,2.0,3.0,3.0,3.0,2.701818174479453
3502,3.0,3.0,2.0,3.0,3.0,4.0,2.7777777849917986
3503,3.0,3.0,2.0,3.0,3.0,5.0,2.8400001018344745
3504,3.0,3.0,2.0,3.0,4.0,1.0,2.075268803286177
3505,3.0,3.0,2.0,3.0,4.0,2.0,2.4183673614653083
3506,3.0,3.0,2.0,3.0,4.0,3.0,2.7018182207388857
3507,3.0,3.0,2.0,3.0,4.0,4.0,2.840000004740668
3508,3.0,3.0,2.0,3.0,4.0,5.0,2.840000036200187
3509,3.0,3.0,2.0,3.0,5.0,3.0,2.7976190391284073
3510,3.0,3.0,2.0,3.0,5.0,4.0,2.839999958212488
3511,3.0,3.0,2.0,3.0,5.0,5.0,2.8400000151759377
3512,3.0,3.0,2.0,4.0,1.0,1.0,2.087378676729921
3513,3.0,3.0,2.0,4.0,1.0,2.0,2.1986301431699364
3514,3.0,3.0,2.0,4.0,1.0,3.0,2.1986301252698137
3515,3.0,3.0,2.0,4.0,1.0,4.0,2.1986301335529266
3516,3.0,3.0,2.0,4.0,2.0,1.0,2.0873784322915494
3517,3.0,3.0,2.0,4.0,2.0,2.0,2.414634161290219
3518,3.0,3.0,2.0,4.0,2.0,3.0,2.715686249431223
3519,3.0,3.0,2.0,4.0,2.0,4.0,2.7619047759745023
3520,3.0,3.0,2.0,4.0,2.0,5.0,2.9122807257796466
3521,3.0,3.0,2.0,4.0,3.0,1.0,2.1986301509408173
3522,3.0,3.0,2.0,4.0,3.0,2.0,2.5689655243118654
3523,3.0,3.0,2.0,4.0,3.0,3.0,2.7313432847881396
3524,3.0,3.0,2.0,4.0,3.0,4.0,2.8235294153369184
3525,3.0,3.0,2.0,4.0,3.0,5.0,3.000000039534635
3526,3.0,3.0,2.0,4.0,4.0,1.0,2.198630134727736
3527,3.0,3.0,2.0,4.0,4.0,2.0,2.5689655288625746
3528,3.0,3.0,2.0,4.0,4.0,3.0,2.761904769890489
3529,3.0,3.0,2.0,4.0,4.0,4.0,2.848484859936016
3530,3.0,3.0,2.0,4.0,4.0,5.0,3.0625000281055033
3531,3.0,3.0,2.0,4.0,5.0,2.0,2.666666523922871
3532,3.0,3.0,2.0,4.0,5.0,3.0,2.937500004496961
3533,3.0,3.0,2.0,4.0,5.0,4.0,2.948905120207029
3534,3.0,3.0,2.0,4.0,5.0,5.0,3.0625000196171848
3535,3.0,3.0,2.0,5.0,1.0,2.0,2.1986302405053526
3536,3.0,3.0,2.0,5.0,1.0,3.0,2.1986301191926123
3537,3.0,3.0,2.0,5.0,1.0,4.0,2.531915055092576
3538,3.0,3.0,2.0,5.0,1.0,5.0,2.5319150769623344
3539,3.0,3.0,2.0,5.0,2.0,2.0,2.4146341377102476
3540,3.0,3.0,2.0,5.0,2.0,3.0,2.7156862796433847
3541,3.0,3.0,2.0,5.0,2.0,4.0,2.7619047594688064
3542,3.0,3.0,2.0,5.0,2.0,5.0,2.9122807177336716
3543,3.0,3.0,2.0,5.0,3.0,2.0,2.568965418153163
3544,3.0,3.0,2.0,5.0,3.0,3.0,2.841059595615902
3545,3.0,3.0,2.0,5.0,3.0,4.0,2.999999968779162
3546,3.0,3.0,2.0,5.0,4.0,2.0,2.5689655933695636
3547,3.0,3.0,2.0,5.0,4.0,3.0,2.9056603332093247
3548,3.0,3.0,2.0,5.0,4.0,4.0,2.9999999910373143
3549,3.0,3.0,2.0,5.0,4.0,5.0,3.0625000201904546
3550,3.0,3.0,2.0,5.0,5.0,2.0,2.666666776178486
3551,3.0,3.0,2.0,5.0,5.0,3.0,2.9374999897716028
3552,3.0,3.0,2.0,5.0,5.0,4.0,3.0000000074570154
3553,3.0,3.0,2.0,5.0,5.0,5.0,3.2000000360564043
3554,3.0,3.0,3.0,1.0,1.0,1.0,1.4285714457012595
3555,3.0,3.0,3.0,1.0,1.0,2.0,1.7142857119327066
3556,3.0,3.0,3.0,1.0,1.0,3.0,1.714285718578615
3557,3.0,3.0,3.0,1.0,1.0,4.0,2.1600000548309306
3558,3.0,3.0,3.0,1.0,2.0,1.0,1.5217391209819524
3559,3.0,3.0,3.0,1.0,2.0,2.0,2.0000000015642585
3560,3.0,3.0,3.0,1.0,2.0,3.0,2.159999989133083
3561,3.0,3.0,3.0,1.0,2.0,4.0,2.1600000120551544
3562,3.0,3.0,3.0,1.0,3.0,1.0,1.6666666886822776
3563,3.0,3.0,3.0,1.0,3.0,2.0,2.0930232423853234
3564,3.0,3.0,3.0,1.0,3.0,3.0,2.1600000005445943
3565,3.0,3.0,3.0,1.0,3.0,4.0,2.159999988990273
3566,3.0,3.0,3.0,1.0,3.0,5.0,2.666666698517678
3567,3.0,3.0,3.0,1.0,4.0,1.0,1.999999899050998
3568,3.0,3.0,3.0,1.0,4.0,2.0,2.093023274698878
3569,3.0,3.0,3.0,1.0,4.0,3.0,2.4444444288541183
3570,3.0,3.0,3.0,1.0,4.0,4.0,2.576923023335956
3571,3.0,3.0,3.0,1.0,5.0,1.0,2.000000054237042
3572,3.0,3.0,3.0,1.0,5.0,2.0,2.3684209737205424
3573,3.0,3.0,3.0,1.0,5.0,4.0,2.666667161076003
3574,3.0,3.0,3.0,1.0,5.0,5.0,2.6666668387492702
3575,3.0,3.0,3.0,2.0,1.0,1.0,1.7647058738812764
3576,3.0,3.0,3.0,2.0,1.0,2.0,2.0999999999467653
3577,3.0,3.0,3.0,2.0,1.0,3.0,2.2666666590507103
3578,3.0,3.0,3.0,2.0,1.0,4.0,2.3333334677059825
3579,3.0,3.0,3.0,2.0,2.0,1.0,1.8999999769448537
3580,3.0,3.0,3.0,2.0,2.0,2.0,2.3706293372738974
3581,3.0,3.0,3.0,2.0,2.0,3.0,2.4461538481490055
3582,3.0,3.0,3.0,2.0,2.0,4.0,2.666666667242692
3583,3.0,3.0,3.0,2.0,3.0,1.0,2.075268917964996
3584,3.0,3.0,3.0,2.0,3.0,2.0,2.390243903329923
3585,3.0,3.0,3.0,2.0,3.0,3.0,2.703333302633054
3586,3.0,3.0,3.0,2.0,3.0,4.0,2.9565217430976576
3587,3.0,3.0,3.0,2.0,4.0,1.0,2.2500000648341363
3588,3.0,3.0,3.0,2.0,4.0,2.0,2.5555555299907664
3589,3.0,3.0,3.0,2.0,4.0,3.0,2.8055555629633506
3590,3.0,3.0,3.0,2.0,4.0,4.0,3.000000005985949
3591,3.0,3.0,3.0,2.0,5.0,2.0,2.555555632264143
3592,3.0,3.0,3.0,2.0,5.0,3.0,2.8055555714571656
3593,3.0,3.0,3.0,2.0,5.0,5.0,3.000000098874313
3594,3.0,3.0,3.0,3.0,1.0,1.0,2.0873786438088615
3595,3.0,3.0,3.0,3.0,1.0,2.0,2.3513513534668906
3596,3.0,3.0,3.0,3.0,1.0,3.0,2.4166666609954
3597,3.0,3.0,3.0,3.0,1.0,4.0,2.4166666519468145
3598,3.0,3.0,3.0,3.0,2.0,1.0,2.087378644196845
3599,3.0,3.0,3.0,3.0,2.0,2.0,2.639810417089817
3600,3.0,3.0,3.0,3.0,2.0,3.0,2.7664974626131635
3601,3.0,3.0,3.0,3.0,2.0,4.0,2.9122806657427356
3602,3.0,3.0,3.0,3.0,3.0,1.0,2.087378660525252
3603,3.0,3.0,3.0,3.0,3.0,2.0,2.691358024844195
3604,3.0,3.0,3.0,3.0,3.0,3.0,3.0230607776193374
3605,3.0,3.0,3.0,3.0,3.0,4.0,3.1388888911461517
3606,3.0,3.0,3.0,3.0,3.0,5.0,3.2150537329134052
3607,3.0,3.0,3.0,3.0,4.0,1.0,2.3846154725082824
3608,3.0,3.0,3.0,3.0,4.0,2.0,2.7500000014121326
3609,3.0,3.0,3.0,3.0,4.0,3.0,3.023060897534927
3610,3.0,3.0,3.0,3.0,4.0,4.0,3.2173913058301054
3611,3.0,3.0,3.0,3.0,4.0,5.0,3.300000000059906
3612,3.0,3.0,3.0,3.0,5.0,2.0,2.999999880060416
3613,3.0,3.0,3.0,3.0,5.0,3.0,3.1111111092422825
3614,3.0,3.0,3.0,3.0,5.0,4.0,3.4124999853174693
3615,3.0,3.0,3.0,3.0,5.0,5.0,3.41250000878365
3616,3.0,3.0,3.0,4.0,1.0,1.0,2.087378658618786
3617,3.0,3.0,3.0,4.0,1.0,2.0,2.4000000009467324
3618,3.0,3.0,3.0,4.0,1.0,3.0,2.4848484829747766
3619,3.0,3.0,3.0,4.0,1.0,4.0,2.761904779528214
3620,3.0,3.0,3.0,4.0,2.0,1.0,2.087378658814931
3621,3.0,3.0,3.0,4.0,2.0,2.0,2.7279411639868085
3622,3.0,3.0,3.0,4.0,2.0,3.0,2.9122807092874
3623,3.0,3.0,3.0,4.0,2.0,4.0,2.9122807211549864
3624,3.0,3.0,3.0,4.0,2.0,5.0,2.9122806928465224
3625,3.0,3.0,3.0,4.0,3.0,2.0,2.777777781487433
3626,3.0,3.0,3.0,4.0,3.0,3.0,3.0267857099676063
3627,3.0,3.0,3.0,4.0,3.0,4.0,3.172043010787424
3628,3.0,3.0,3.0,4.0,3.0,5.0,3.2999999965285776
3629,3.0,3.0,3.0,4.0,4.0,2.0,3.00000002171083
3630,3.0,3.0,3.0,4.0,4.0,3.0,3.100628930793077
3631,3.0,3.0,3.0,4.0,4.0,4.0,3.2864321615635865
3632,3.0,3.0,3.0,4.0,4.0,5.0,3.3000000080361875
3633,3.0,3.0,3.0,4.0,5.0,2.0,3.000000306625586
3634,3.0,3.0,3.0,4.0,5.0,3.0,3.111111128826274
3635,3.0,3.0,3.0,4.0,5.0,4.0,3.4124999960167215
3636,3.0,3.0,3.0,4.0,5.0,5.0,3.4125000218360437
3637,3.0,3.0,3.0,5.0,1.0,1.0,2.0873789010411623
3638,3.0,3.0,3.0,5.0,1.0,2.0,2.500000033999915
3639,3.0,3.0,3.0,5.0,1.0,3.0,2.583333340825168
3640,3.0,3.0,3.0,5.0,1.0,4.0,2.7619047707229734
3641,3.0,3.0,3.0,5.0,1.0,5.0,2.7619047876395815
3642,3.0,3.0,3.0,5.0,2.0,1.0,2.087379014594191
3643,3.0,3.0,3.0,5.0,2.0,2.0,2.727941191926387
3644,3.0,3.0,3.0,5.0,2.0,3.0,2.992957720962965
3645,3.0,3.0,3.0,5.0,2.0,4.0,2.9929578076789944
3646,3.0,3.0,3.0,5.0,2.0,5.0,2.992957783777843
3647,3.0,3.0,3.0,5.0,3.0,2.0,3.0000000145994745
3648,3.0,3.0,3.0,5.0,3.0,3.0,3.026785770301855
3649,3.0,3.0,3.0,5.0,3.0,4.0,3.172043022405588
3650,3.0,3.0,3.0,5.0,3.0,5.0,3.400000002993096
3651,3.0,3.0,3.0,5.0,4.0,2.0,3.0000001909660625
3652,3.0,3.0,3.0,5.0,4.0,3.0,3.1006289387533106
3653,3.0,3.0,3.0,5.0,4.0,4.0,3.47058823820973
3654,3.0,3.0,3.0,5.0,4.0,5.0,3.542857079147913
3655,3.0,3.0,3.0,5.0,5.0,2.0,3.000000230389531
3656,3.0,3.0,3.0,5.0,5.0,3.0,3.1818181844640554
3657,3.0,3.0,3.0,5.0,5.0,4.0,3.54285717217906
3658,3.0,3.0,3.0,5.0,5.0,5.0,3.5428571768969195
3659,3.0,3.0,4.0,1.0,1.0,1.0,1.5000000202750952
3660,3.0,3.0,4.0,1.0,1.0,3.0,2.000000013612459
3661,3.0,3.0,4.0,1.0,1.0,4.0,2.160000060434456
3662,3.0,3.0,4.0,1.0,2.0,1.0,1.521739146137178
3663,3.0,3.0,4.0,1.0,2.0,2.0,2.000000002006768
3664,3.0,3.0,4.0,1.0,3.0,1.0,1.6666666907906058
3665,3.0,3.0,4.0,1.0,3.0,2.0,2.093023240502834
3666,3.0,3.0,4.0,1.0,3.0,3.0,2.444444639958973
3667,3.0,3.0,4.0,1.0,4.0,1.0,1.9999999360577878
3668,3.0,3.0,4.0,1.0,4.0,3.0,2.444444554264203
3669,3.0,3.0,4.0,1.0,5.0,3.0,2.44444442340726
3670,3.0,3.0,4.0,2.0,1.0,1.0,1.7647059633969346
3671,3.0,3.0,4.0,2.0,1.0,2.0,2.1000000094129305
3672,3.0,3.0,4.0,2.0,1.0,3.0,2.4166667215392192
3673,3.0,3.0,4.0,2.0,2.0,2.0,2.3706293655728903
3674,3.0,3.0,4.0,2.0,2.0,3.0,2.7500000153348387
3675,3.0,3.0,4.0,2.0,3.0,1.0,2.075268936517583
3676,3.0,3.0,4.0,2.0,3.0,2.0,2.3999999997896397
3677,3.0,3.0,4.0,2.0,3.0,3.0,2.9433962443195347
3678,3.0,3.0,4.0,2.0,4.0,3.0,2.9433962464571546
3679,3.0,3.0,4.0,2.0,4.0,4.0,3.0952381005240377
3680,3.0,3.0,4.0,2.0,4.0,5.0,3.3333333914481016
3681,3.0,3.0,4.0,3.0,1.0,1.0,2.0873786177155345
3682,3.0,3.0,4.0,3.0,1.0,2.0,2.3513513692432806
3683,3.0,3.0,4.0,3.0,1.0,3.0,2.416666717040266
3684,3.0,3.0,4.0,3.0,1.0,4.0,2.733333315616952
3685,3.0,3.0,4.0,3.0,2.0,2.0,2.6398104517666594
3686,3.0,3.0,4.0,3.0,2.0,3.0,3.0103092606319057
3687,3.0,3.0,4.0,3.0,2.0,4.0,3.0103092578669512
3688,3.0,3.0,4.0,3.0,3.0,2.0,2.69135803051601
3689,3.0,3.0,4.0,3.0,3.0,3.0,3.1873111705209562
3690,3.0,3.0,4.0,3.0,3.0,4.0,3.300000002672682
3691,3.0,3.0,4.0,3.0,4.0,2.0,2.882352951107519
3692,3.0,3.0,4.0,3.0,4.0,3.0,3.191489363344695
3693,3.0,3.0,4.0,3.0,4.0,4.0,3.367346942667355
3694,3.0,3.0,4.0,3.0,4.0,5.0,3.722741421091736
3695,3.0,3.0,4.0,3.0,5.0,3.0,3.400000012273527
3696,3.0,3.0,4.0,3.0,5.0,4.0,3.5000000058862772
3697,3.0,3.0,4.0,3.0,5.0,5.0,3.916666683484202
3698,3.0,3.0,4.0,4.0,1.0,3.0,2.499999999030645
3699,3.0,3.0,4.0,4.0,1.0,4.0,2.761904756896262
3700,3.0,3.0,4.0,4.0,1.0,5.0,2.7619046959414693
3701,3.0,3.0,4.0,4.0,2.0,2.0,2.7279411656443315
3702,3.0,3.0,4.0,4.0,2.0,3.0,3.0103092630811257
3703,3.0,3.0,4.0,4.0,2.0,4.0,3.166666686199038
3704,3.0,3.0,4.0,4.0,2.0,5.0,3.5789474492592963
3705,3.0,3.0,4.0,4.0,3.0,2.0,3.0000000118516827
3706,3.0,3.0,4.0,4.0,3.0,3.0,3.3181818198889252
3707,3.0,3.0,4.0,4.0,3.0,4.0,3.581818182423159
3708,3.0,3.0,4.0,4.0,3.0,5.0,3.631578959472287
3709,3.0,3.0,4.0,4.0,4.0,2.0,3.2307691906450993
3710,3.0,3.0,4.0,4.0,4.0,3.0,3.4500000017170884
3711,3.0,3.0,4.0,4.0,4.0,4.0,3.6324324281837654
3712,3.0,3.0,4.0,4.0,4.0,5.0,3.7857142887553494
3713,3.0,3.0,4.0,4.0,5.0,3.0,3.4499999821754983
3714,3.0,3.0,4.0,4.0,5.0,4.0,3.6428571457914782
3715,3.0,3.0,4.0,4.0,5.0,5.0,3.9523809619942245
3716,3.0,3.0,4.0,5.0,1.0,3.0,2.5833333233089957
3717,3.0,3.0,4.0,5.0,1.0,4.0,2.8571428370785776
3718,3.0,3.0,4.0,5.0,2.0,3.0,3.0103092989728473
3719,3.0,3.0,4.0,5.0,2.0,4.0,3.333333320597479
3720,3.0,3.0,4.0,5.0,3.0,3.0,3.3714285750461257
3721,3.0,3.0,4.0,5.0,3.0,4.0,3.6315789669991623
3722,3.0,3.0,4.0,5.0,3.0,5.0,3.6315789703202257
3723,3.0,3.0,4.0,5.0,4.0,3.0,3.4500000053776034
3724,3.0,3.0,4.0,5.0,4.0,4.0,3.6324324733228748
3725,3.0,3.0,4.0,5.0,4.0,5.0,3.800000005673513
3726,3.0,3.0,4.0,5.0,5.0,3.0,3.5714286316510178
3727,3.0,3.0,4.0,5.0,5.0,4.0,3.6923076949436417
3728,3.0,3.0,4.0,5.0,5.0,5.0,3.954022991459703
3729,3.0,3.0,5.0,1.0,2.0,1.0,1.521739140621636
3730,3.0,3.0,5.0,1.0,3.0,1.0,1.6666667111047235
3731,3.0,3.0,5.0,1.0,3.0,2.0,2.093023232002874
3732,3.0,3.0,5.0,1.0,4.0,3.0,2.943396209923225
3733,3.0,3.0,5.0,2.0,2.0,1.0,1.9000000410219346
3734,3.0,3.0,5.0,2.0,2.0,2.0,2.370629381153852
3735,3.0,3.0,5.0,2.0,2.0,3.0,2.9433962593896514
3736,3.0,3.0,5.0,2.0,3.0,2.0,2.4000000089976896
3737,3.0,3.0,5.0,2.0,3.0,3.0,2.9433962637761444
3738,3.0,3.0,5.0,2.0,4.0,3.0,2.9433962301700505
3739,3.0,3.0,5.0,2.0,5.0,3.0,2.943396200309187
3740,3.0,3.0,5.0,2.0,5.0,5.0,3.466666720021302
3741,3.0,3.0,5.0,3.0,2.0,2.0,2.9999999918022064
3742,3.0,3.0,5.0,3.0,2.0,3.0,3.1666666692677246
3743,3.0,3.0,5.0,3.0,3.0,2.0,3.0000000099924473
3744,3.0,3.0,5.0,3.0,3.0,3.0,3.1873111711731315
3745,3.0,3.0,5.0,3.0,3.0,4.0,3.466666707930621
3746,3.0,3.0,5.0,3.0,3.0,5.0,3.466666718653533
3747,3.0,3.0,5.0,3.0,4.0,2.0,3.000000003448608
3748,3.0,3.0,5.0,3.0,4.0,3.0,3.4285714341221087
3749,3.0,3.0,5.0,3.0,4.0,4.0,3.466666715755623
3750,3.0,3.0,5.0,3.0,5.0,3.0,3.428571469069226
3751,3.0,3.0,5.0,3.0,5.0,4.0,3.722741486615022
3752,3.0,3.0,5.0,3.0,5.0,5.0,3.9523809782367954
3753,3.0,3.0,5.0,4.0,2.0,4.0,3.166666683476971
3754,3.0,3.0,5.0,4.0,2.0,5.0,3.631578955041145
3755,3.0,3.0,5.0,4.0,3.0,2.0,3.0000000265591646
3756,3.0,3.0,5.0,4.0,3.0,3.0,3.4545454536499025
3757,3.0,3.0,5.0,4.0,3.0,4.0,3.5818182064821933
3758,3.0,3.0,5.0,4.0,3.0,5.0,3.631578997683876
3759,3.0,3.0,5.0,4.0,4.0,3.0,3.533333338766398
3760,3.0,3.0,5.0,4.0,4.0,4.0,3.70370372627536
3761,3.0,3.0,5.0,4.0,4.0,5.0,3.9000000074797225
3762,3.0,3.0,5.0,4.0,5.0,3.0,3.750000007751187
3763,3.0,3.0,5.0,4.0,5.0,4.0,3.750000014413359
3764,3.0,3.0,5.0,4.0,5.0,5.0,3.952380974074855
3765,3.0,3.0,5.0,5.0,2.0,3.0,3.4347826807772868
3766,3.0,3.0,5.0,5.0,2.0,4.0,3.4642856254120904
3767,3.0,3.0,5.0,5.0,2.0,5.0,3.789473680838716
3768,3.0,3.0,5.0,5.0,3.0,3.0,3.4545454647377247
3769,3.0,3.0,5.0,5.0,3.0,4.0,3.7901234394136933
3770,3.0,3.0,5.0,5.0,3.0,5.0,3.8421053105218004
3771,3.0,3.0,5.0,5.0,4.0,3.0,3.533333339182961
3772,3.0,3.0,5.0,5.0,4.0,4.0,3.790123483162295
3773,3.0,3.0,5.0,5.0,4.0,5.0,3.954022998051178
3774,3.0,3.0,5.0,5.0,5.0,3.0,3.790123492190802
3775,3.0,3.0,5.0,5.0,5.0,4.0,3.790123502482332
3776,3.0,3.0,5.0,5.0,5.0,5.0,3.954022994085982
3777,3.0,4.0,1.0,1.0,1.0,1.0,1.1719243217660398
3778,3.0,4.0,1.0,1.0,1.0,2.0,1.5376344188786808
3779,3.0,4.0,1.0,1.0,1.0,3.0,1.5376344223651668
3780,3.0,4.0,1.0,1.0,2.0,1.0,1.2499999912698814
3781,3.0,4.0,1.0,1.0,2.0,2.0,1.7359550617802664
3782,3.0,4.0,1.0,1.0,2.0,3.0,1.7359550955926937
3783,3.0,4.0,1.0,1.0,3.0,1.0,1.423076928315789
3784,3.0,4.0,1.0,1.0,3.0,2.0,1.7359550729571778
3785,3.0,4.0,1.0,1.0,3.0,3.0,1.7359550947991669
3786,3.0,4.0,1.0,1.0,4.0,1.0,1.4705882748304935
3787,3.0,4.0,1.0,1.0,4.0,3.0,1.9534883911556975
3788,3.0,4.0,1.0,1.0,5.0,3.0,1.9534883254125779
3789,3.0,4.0,1.0,2.0,1.0,1.0,1.4814814785009485
3790,3.0,4.0,1.0,2.0,1.0,2.0,1.7359550304961382
3791,3.0,4.0,1.0,2.0,1.0,3.0,1.7359550408606819
3792,3.0,4.0,1.0,2.0,2.0,1.0,1.4814814890807317
3793,3.0,4.0,1.0,2.0,2.0,2.0,1.9473684243353213
3794,3.0,4.0,1.0,2.0,2.0,3.0,1.999999998554093
3795,3.0,4.0,1.0,2.0,2.0,4.0,2.000000003200852
3796,3.0,4.0,1.0,2.0,3.0,1.0,1.8636363596374466
3797,3.0,4.0,1.0,2.0,3.0,2.0,1.9776119268295398
3798,3.0,4.0,1.0,2.0,3.0,3.0,2.199999996886526
3799,3.0,4.0,1.0,2.0,3.0,5.0,2.2000000511266817
3800,3.0,4.0,1.0,2.0,4.0,1.0,1.916666910035478
3801,3.0,4.0,1.0,2.0,4.0,2.0,1.9776120505498012
3802,3.0,4.0,1.0,2.0,4.0,3.0,2.3124999615138297
3803,3.0,4.0,1.0,2.0,4.0,4.0,2.31250001645894
3804,3.0,4.0,1.0,2.0,4.0,5.0,2.31250005895986
3805,3.0,4.0,1.0,3.0,1.0,1.0,1.5079365004670493
3806,3.0,4.0,1.0,3.0,1.0,2.0,1.7359550477647634
3807,3.0,4.0,1.0,3.0,1.0,3.0,1.7359550461596855
3808,3.0,4.0,1.0,3.0,2.0,1.0,1.8636364249904511
3809,3.0,4.0,1.0,3.0,2.0,2.0,1.9473684499567772
3810,3.0,4.0,1.0,3.0,2.0,3.0,2.0156250387558603
3811,3.0,4.0,1.0,3.0,2.0,4.0,2.370629375492467
3812,3.0,4.0,1.0,3.0,3.0,1.0,1.8636363794449844
3813,3.0,4.0,1.0,3.0,3.0,2.0,1.977611956300101
3814,3.0,4.0,1.0,3.0,3.0,3.0,2.370629360027762
3815,3.0,4.0,1.0,3.0,3.0,4.0,2.3999999898395963
3816,3.0,4.0,1.0,3.0,4.0,2.0,1.97761210325501
3817,3.0,4.0,1.0,3.0,4.0,3.0,2.3706293955501487
3818,3.0,4.0,1.0,3.0,4.0,4.0,2.4000000277120215
3819,3.0,4.0,1.0,3.0,4.0,5.0,2.399999961701237
3820,3.0,4.0,1.0,3.0,5.0,1.0,1.9166667552074157
3821,3.0,4.0,1.0,3.0,5.0,3.0,2.370629400144871
3822,3.0,4.0,1.0,4.0,1.0,1.0,1.5128205824303815
3823,3.0,4.0,1.0,4.0,1.0,2.0,1.7359551244340263
3824,3.0,4.0,1.0,4.0,1.0,3.0,1.9399999945638327
3825,3.0,4.0,1.0,4.0,1.0,4.0,1.9400000234860113
3826,3.0,4.0,1.0,4.0,1.0,5.0,1.9999999812033318
3827,3.0,4.0,1.0,4.0,2.0,1.0,1.909086593017058
3828,3.0,4.0,1.0,4.0,2.0,2.0,2.184210668506241
3829,3.0,4.0,1.0,4.0,2.0,3.0,2.3706293568706314
3830,3.0,4.0,1.0,4.0,2.0,4.0,2.370629236025679
3831,3.0,4.0,1.0,4.0,3.0,1.0,2.0000000159598854
3832,3.0,4.0,1.0,4.0,3.0,2.0,2.370629411046334
3833,3.0,4.0,1.0,4.0,3.0,3.0,2.3706293662891507
3834,3.0,4.0,1.0,4.0,3.0,4.0,2.4594594527539657
3835,3.0,4.0,1.0,4.0,3.0,5.0,2.459459440038259
3836,3.0,4.0,1.0,4.0,4.0,1.0,2.036144551920686
3837,3.0,4.0,1.0,4.0,4.0,2.0,2.370629520294748
3838,3.0,4.0,1.0,4.0,4.0,3.0,2.370629388006298
3839,3.0,4.0,1.0,4.0,4.0,4.0,2.4594594847762705
3840,3.0,4.0,1.0,4.0,5.0,3.0,2.4594594626253277
3841,3.0,4.0,1.0,4.0,5.0,4.0,2.459459536969456
3842,3.0,4.0,1.0,5.0,1.0,1.0,1.7272726749133793
3843,3.0,4.0,1.0,5.0,1.0,2.0,1.7359551219708853
3844,3.0,4.0,1.0,5.0,1.0,3.0,1.9400000268538742
3845,3.0,4.0,1.0,5.0,1.0,4.0,1.939999916248485
3846,3.0,4.0,1.0,5.0,2.0,1.0,1.9090888610796564
3847,3.0,4.0,1.0,5.0,2.0,3.0,2.370629454950224
3848,3.0,4.0,1.0,5.0,3.0,1.0,2.0361450355992803
3849,3.0,4.0,1.0,5.0,3.0,3.0,2.370629641932675
3850,3.0,4.0,1.0,5.0,3.0,5.0,2.4594594335743105
3851,3.0,4.0,1.0,5.0,4.0,4.0,2.4999999850835577
3852,3.0,4.0,1.0,5.0,5.0,3.0,2.5000000372585425
3853,3.0,4.0,1.0,5.0,5.0,5.0,2.499999988318744
3854,3.0,4.0,2.0,1.0,1.0,1.0,1.5517241120480816
3855,3.0,4.0,2.0,1.0,1.0,2.0,1.787878779634983
3856,3.0,4.0,2.0,1.0,1.0,3.0,2.000000010180547
3857,3.0,4.0,2.0,1.0,2.0,1.0,1.551724140471349
3858,3.0,4.0,2.0,1.0,2.0,2.0,1.986111119671271
3859,3.0,4.0,2.0,1.0,2.0,3.0,2.087719319564562
3860,3.0,4.0,2.0,1.0,2.0,4.0,2.087719350482031
3861,3.0,4.0,2.0,1.0,2.0,5.0,2.0877193782495147
3862,3.0,4.0,2.0,1.0,3.0,1.0,1.8799999943026935
3863,3.0,4.0,2.0,1.0,3.0,2.0,1.9999999897954344
3864,3.0,4.0,2.0,1.0,3.0,3.0,2.087719299847496
3865,3.0,4.0,2.0,1.0,3.0,4.0,2.400000060990364
3866,3.0,4.0,2.0,1.0,4.0,1.0,2.0752683450201177
3867,3.0,4.0,2.0,1.0,4.0,3.0,2.1111110144693246
3868,3.0,4.0,2.0,1.0,4.0,4.0,2.40000004570311
3869,3.0,4.0,2.0,2.0,1.0,1.0,1.608695649785441
3870,3.0,4.0,2.0,2.0,1.0,2.0,2.12162161817469
3871,3.0,4.0,2.0,2.0,1.0,3.0,2.133333305030116
3872,3.0,4.0,2.0,2.0,1.0,4.0,2.133333472819908
3873,3.0,4.0,2.0,2.0,2.0,1.0,1.977272726556699
3874,3.0,4.0,2.0,2.0,2.0,2.0,2.167647063480457
3875,3.0,4.0,2.0,2.0,2.0,3.0,2.4146341441720836
3876,3.0,4.0,2.0,2.0,2.0,4.0,2.500000000680111
3877,3.0,4.0,2.0,2.0,3.0,1.0,2.075268589889856
3878,3.0,4.0,2.0,2.0,3.0,2.0,2.167647076132793
3879,3.0,4.0,2.0,2.0,3.0,3.0,2.4236111474292423
3880,3.0,4.0,2.0,2.0,3.0,4.0,2.500000000203983
3881,3.0,4.0,2.0,2.0,4.0,2.0,2.192307668192675
3882,3.0,4.0,2.0,2.0,4.0,3.0,2.4615384876948845
3883,3.0,4.0,2.0,2.0,4.0,4.0,2.6250000051824607
3884,3.0,4.0,2.0,2.0,4.0,5.0,2.6250000356440135
3885,3.0,4.0,2.0,2.0,5.0,1.0,2.0752683158907597
3886,3.0,4.0,2.0,2.0,5.0,3.0,2.515151564054644
3887,3.0,4.0,2.0,2.0,5.0,4.0,2.9489051845944303
3888,3.0,4.0,2.0,3.0,1.0,1.0,1.730769236336161
3889,3.0,4.0,2.0,3.0,1.0,2.0,2.1216216263449046
3890,3.0,4.0,2.0,3.0,1.0,3.0,2.241935483652532
3891,3.0,4.0,2.0,3.0,1.0,4.0,2.2419354898364077
3892,3.0,4.0,2.0,3.0,2.0,1.0,1.9772727304203501
3893,3.0,4.0,2.0,3.0,2.0,2.0,2.3538461550791694
3894,3.0,4.0,2.0,3.0,2.0,3.0,2.5483870979345027
3895,3.0,4.0,2.0,3.0,2.0,4.0,2.7000000231191144
3896,3.0,4.0,2.0,3.0,3.0,1.0,2.075268885503596
3897,3.0,4.0,2.0,3.0,3.0,2.0,2.4603174612416865
3898,3.0,4.0,2.0,3.0,3.0,3.0,2.7777777786659485
3899,3.0,4.0,2.0,3.0,3.0,4.0,2.8636363722706886
3900,3.0,4.0,2.0,3.0,3.0,5.0,2.8636363782289953
3901,3.0,4.0,2.0,3.0,4.0,1.0,2.0752686993443645
3902,3.0,4.0,2.0,3.0,4.0,2.0,2.515151525087381
3903,3.0,4.0,2.0,3.0,4.0,3.0,2.7976190297589567
3904,3.0,4.0,2.0,3.0,4.0,4.0,2.9489051038331473
3905,3.0,4.0,2.0,3.0,4.0,5.0,3.1428571500201126
3906,3.0,4.0,2.0,3.0,5.0,2.0,2.515151552429084
3907,3.0,4.0,2.0,3.0,5.0,3.0,2.79761904466305
3908,3.0,4.0,2.0,3.0,5.0,4.0,2.948905152914485
3909,3.0,4.0,2.0,3.0,5.0,5.0,3.199999961773993
3910,3.0,4.0,2.0,4.0,1.0,1.0,2.1538461666318898
3911,3.0,4.0,2.0,4.0,1.0,2.0,2.198630169844002
3912,3.0,4.0,2.0,4.0,1.0,3.0,2.350000002054293
3913,3.0,4.0,2.0,4.0,1.0,4.0,2.4285714315431792
3914,3.0,4.0,2.0,4.0,2.0,1.0,2.198630264881288
3915,3.0,4.0,2.0,4.0,2.0,2.0,2.4146341646721976
3916,3.0,4.0,2.0,4.0,2.0,3.0,2.715686265977836
3917,3.0,4.0,2.0,4.0,2.0,4.0,2.761904773255666
3918,3.0,4.0,2.0,4.0,3.0,1.0,2.1986304197872895
3919,3.0,4.0,2.0,4.0,3.0,2.0,2.56896552879975
3920,3.0,4.0,2.0,4.0,3.0,3.0,2.8410596033450193
3921,3.0,4.0,2.0,4.0,3.0,4.0,2.931034485389482
3922,3.0,4.0,2.0,4.0,3.0,5.0,3.0000000521801393
3923,3.0,4.0,2.0,4.0,4.0,1.0,2.393939343551443
3924,3.0,4.0,2.0,4.0,4.0,2.0,2.5689655355307908
3925,3.0,4.0,2.0,4.0,4.0,3.0,2.9056603825334717
3926,3.0,4.0,2.0,4.0,4.0,4.0,2.9489051223640326
3927,3.0,4.0,2.0,4.0,4.0,5.0,3.1428571728440007
3928,3.0,4.0,2.0,4.0,5.0,2.0,2.7391304428452354
3929,3.0,4.0,2.0,4.0,5.0,3.0,2.9375000124974315
3930,3.0,4.0,2.0,4.0,5.0,4.0,2.94890511960522
3931,3.0,4.0,2.0,5.0,1.0,1.0,2.198630256244426
3932,3.0,4.0,2.0,5.0,1.0,2.0,2.198630264977323
3933,3.0,4.0,2.0,5.0,1.0,3.0,2.4800000250245153
3934,3.0,4.0,2.0,5.0,1.0,4.0,2.666666676957463
3935,3.0,4.0,2.0,5.0,1.0,5.0,2.6666667053067235
3936,3.0,4.0,2.0,5.0,2.0,1.0,2.19863028817409
3937,3.0,4.0,2.0,5.0,2.0,2.0,2.500000028776976
3938,3.0,4.0,2.0,5.0,2.0,3.0,2.715686272420985
3939,3.0,4.0,2.0,5.0,2.0,4.0,2.7619047943638186
3940,3.0,4.0,2.0,5.0,3.0,1.0,2.1986303733877355
3941,3.0,4.0,2.0,5.0,3.0,2.0,2.5689655137027443
3942,3.0,4.0,2.0,5.0,3.0,3.0,2.841059602058258
3943,3.0,4.0,2.0,5.0,3.0,4.0,3.0000000033992182
3944,3.0,4.0,2.0,5.0,3.0,5.0,3.200000007312586
3945,3.0,4.0,2.0,5.0,4.0,2.0,2.5689655637429993
3946,3.0,4.0,2.0,5.0,4.0,3.0,2.9056603795871205
3947,3.0,4.0,2.0,5.0,4.0,4.0,3.0000000125881594
3948,3.0,4.0,2.0,5.0,4.0,5.0,3.2000000201978525
3949,3.0,4.0,2.0,5.0,5.0,3.0,2.937500008999188
3950,3.0,4.0,2.0,5.0,5.0,4.0,3.20000001818079
3951,3.0,4.0,2.0,5.0,5.0,5.0,3.2000000077882476
3952,3.0,4.0,3.0,1.0,1.0,1.0,1.5652173700708103
3953,3.0,4.0,3.0,1.0,1.0,2.0,1.888888887688473
3954,3.0,4.0,3.0,1.0,1.0,3.0,2.1600000152717773
3955,3.0,4.0,3.0,1.0,1.0,4.0,2.333333007585717
3956,3.0,4.0,3.0,1.0,2.0,1.0,1.7142857145484869
3957,3.0,4.0,3.0,1.0,2.0,2.0,2.033333329811379
3958,3.0,4.0,3.0,1.0,2.0,3.0,2.159999995294649
3959,3.0,4.0,3.0,1.0,3.0,1.0,1.8799999998609382
3960,3.0,4.0,3.0,1.0,3.0,2.0,2.159999980803299
3961,3.0,4.0,3.0,1.0,3.0,3.0,2.160000012412235
3962,3.0,4.0,3.0,1.0,3.0,4.0,2.8235294431503144
3963,3.0,4.0,3.0,1.0,3.0,5.0,2.8235294470205563
3964,3.0,4.0,3.0,1.0,4.0,1.0,2.111111049919979
3965,3.0,4.0,3.0,1.0,4.0,2.0,2.368421074684771
3966,3.0,4.0,3.0,1.0,4.0,3.0,2.583333343834606
3967,3.0,4.0,3.0,1.0,4.0,4.0,2.823529442013138
3968,3.0,4.0,3.0,1.0,5.0,1.0,2.111111002299894
3969,3.0,4.0,3.0,1.0,5.0,2.0,2.3684210296573838
3970,3.0,4.0,3.0,1.0,5.0,3.0,2.6799998232125346
3971,3.0,4.0,3.0,1.0,5.0,5.0,2.999999996172205
3972,3.0,4.0,3.0,2.0,1.0,1.0,1.842105261980267
3973,3.0,4.0,3.0,2.0,1.0,2.0,2.222222218891593
3974,3.0,4.0,3.0,2.0,1.0,3.0,2.2666666744296453
3975,3.0,4.0,3.0,2.0,1.0,4.0,2.333333272872229
3976,3.0,4.0,3.0,2.0,2.0,1.0,2.0752689069107384
3977,3.0,4.0,3.0,2.0,2.0,2.0,2.3706294088809603
3978,3.0,4.0,3.0,2.0,2.0,3.0,2.703333346987115
3979,3.0,4.0,3.0,2.0,2.0,4.0,2.8181818280791453
3980,3.0,4.0,3.0,2.0,3.0,1.0,2.0752688591530815
3981,3.0,4.0,3.0,2.0,3.0,2.0,2.5033557179199732
3982,3.0,4.0,3.0,2.0,3.0,3.0,2.703333354700184
3983,3.0,4.0,3.0,2.0,3.0,4.0,2.9565217519535474
3984,3.0,4.0,3.0,2.0,4.0,1.0,2.384615353294949
3985,3.0,4.0,3.0,2.0,4.0,2.0,2.6666666754698363
3986,3.0,4.0,3.0,2.0,4.0,3.0,2.987499999987829
3987,3.0,4.0,3.0,2.0,4.0,4.0,3.043478264191522
3988,3.0,4.0,3.0,2.0,4.0,5.0,3.043478272929688
3989,3.0,4.0,3.0,2.0,5.0,1.0,2.3846154665130332
3990,3.0,4.0,3.0,2.0,5.0,2.0,2.829268318762973
3991,3.0,4.0,3.0,2.0,5.0,3.0,3.000000017623427
3992,3.0,4.0,3.0,2.0,5.0,4.0,3.1739130178513326
3993,3.0,4.0,3.0,3.0,1.0,1.0,2.1052631513259805
3994,3.0,4.0,3.0,3.0,1.0,2.0,2.444444439931228
3995,3.0,4.0,3.0,3.0,1.0,3.0,2.5333333343735394
3996,3.0,4.0,3.0,3.0,1.0,4.0,2.733333343569889
3997,3.0,4.0,3.0,3.0,2.0,1.0,2.272727266862658
3998,3.0,4.0,3.0,3.0,2.0,2.0,2.6398104276375385
3999,3.0,4.0,3.0,3.0,2.0,3.0,2.9421052544802677
4000,3.0,4.0,3.0,3.0,2.0,4.0,3.1285714209819186
4001,3.0,4.0,3.0,3.0,3.0,1.0,2.384615382068421
4002,3.0,4.0,3.0,3.0,3.0,2.0,2.862068966721595
4003,3.0,4.0,3.0,3.0,3.0,3.0,3.0430879717041437
4004,3.0,4.0,3.0,3.0,3.0,4.0,3.2150537663058656
4005,3.0,4.0,3.0,3.0,3.0,5.0,3.2150537812541877
4006,3.0,4.0,3.0,3.0,4.0,1.0,2.38461541411532
4007,3.0,4.0,3.0,3.0,4.0,2.0,2.882352939986912
4008,3.0,4.0,3.0,3.0,4.0,3.0,3.1026785721290753
4009,3.0,4.0,3.0,3.0,4.0,4.0,3.3486842110587767
4010,3.0,4.0,3.0,3.0,4.0,5.0,3.348684230304519
4011,3.0,4.0,3.0,3.0,5.0,2.0,3.0000000276846124
4012,3.0,4.0,3.0,3.0,5.0,3.0,3.143712640553694
4013,3.0,4.0,3.0,3.0,5.0,4.0,3.4125000046304326
4014,3.0,4.0,3.0,3.0,5.0,5.0,3.574712658224044
4015,3.0,4.0,3.0,4.0,1.0,1.0,2.198630175863884
4016,3.0,4.0,3.0,4.0,1.0,2.0,2.4444444600120123
4017,3.0,4.0,3.0,4.0,1.0,3.0,2.6075949333010837
4018,3.0,4.0,3.0,4.0,1.0,4.0,2.7968749907906134
4019,3.0,4.0,3.0,4.0,1.0,5.0,2.796875002399596
4020,3.0,4.0,3.0,4.0,2.0,1.0,2.6000000396978256
4021,3.0,4.0,3.0,4.0,2.0,2.0,2.727941174959993
4022,3.0,4.0,3.0,4.0,2.0,3.0,2.9929577447398192
4023,3.0,4.0,3.0,4.0,2.0,4.0,3.128571432932727
4024,3.0,4.0,3.0,4.0,3.0,1.0,2.600000030891418
4025,3.0,4.0,3.0,4.0,3.0,2.0,2.888888892236958
4026,3.0,4.0,3.0,4.0,3.0,3.0,3.1327433631945922
4027,3.0,4.0,3.0,4.0,3.0,4.0,3.3173912983084146
4028,3.0,4.0,3.0,4.0,3.0,5.0,3.4615384686829227
4029,3.0,4.0,3.0,4.0,4.0,1.0,2.999999923100835
4030,3.0,4.0,3.0,4.0,4.0,2.0,3.000000043953751
4031,3.0,4.0,3.0,4.0,4.0,3.0,3.1864951743471086
4032,3.0,4.0,3.0,4.0,4.0,4.0,3.475935821468418
4033,3.0,4.0,3.0,4.0,4.0,5.0,3.5747126301757524
4034,3.0,4.0,3.0,4.0,5.0,2.0,3.0000002120942617
4035,3.0,4.0,3.0,4.0,5.0,3.0,3.186495191224495
4036,3.0,4.0,3.0,4.0,5.0,4.0,3.553191491911311
4037,3.0,4.0,3.0,4.0,5.0,5.0,3.5747126596380476
4038,3.0,4.0,3.0,5.0,1.0,2.0,2.7279412046773235
4039,3.0,4.0,3.0,5.0,1.0,3.0,2.7279411681032477
4040,3.0,4.0,3.0,5.0,1.0,4.0,2.796874991431187
4041,3.0,4.0,3.0,5.0,1.0,5.0,2.7968749764684846
4042,3.0,4.0,3.0,5.0,2.0,2.0,2.7279411927618233
4043,3.0,4.0,3.0,5.0,2.0,3.0,2.9929577665926925
4044,3.0,4.0,3.0,5.0,2.0,4.0,3.1285714430060145
4045,3.0,4.0,3.0,5.0,2.0,5.0,3.507462668530392
4046,3.0,4.0,3.0,5.0,3.0,1.0,3.0500003325037497
4047,3.0,4.0,3.0,5.0,3.0,2.0,3.050000158417378
4048,3.0,4.0,3.0,5.0,3.0,3.0,3.132743367048954
4049,3.0,4.0,3.0,5.0,3.0,4.0,3.3173913395224557
4050,3.0,4.0,3.0,5.0,3.0,5.0,3.507462678211935
4051,3.0,4.0,3.0,5.0,4.0,2.0,3.0500001142711244
4052,3.0,4.0,3.0,5.0,4.0,3.0,3.1864952071824333
4053,3.0,4.0,3.0,5.0,4.0,4.0,3.475935891074618
4054,3.0,4.0,3.0,5.0,4.0,5.0,3.5747126467748624
4055,3.0,4.0,3.0,5.0,5.0,3.0,3.333333336299957
4056,3.0,4.0,3.0,5.0,5.0,4.0,3.562500002459111
4057,3.0,4.0,3.0,5.0,5.0,5.0,3.7500000024094757
4058,3.0,4.0,4.0,1.0,1.0,1.0,1.5652174022102385
4059,3.0,4.0,4.0,1.0,1.0,2.0,2.0000000116125767
4060,3.0,4.0,4.0,1.0,1.0,3.0,2.607594892072309
4061,3.0,4.0,4.0,1.0,2.0,1.0,1.8888888909401533
4062,3.0,4.0,4.0,1.0,2.0,2.0,2.033333330719242
4063,3.0,4.0,4.0,1.0,2.0,3.0,2.6075949198791393
4064,3.0,4.0,4.0,1.0,3.0,1.0,1.8888888934584867
4065,3.0,4.0,4.0,1.0,3.0,2.0,2.160000000821491
4066,3.0,4.0,4.0,1.0,3.0,3.0,2.714285726034501
4067,3.0,4.0,4.0,1.0,3.0,4.0,2.823529436174732
4068,3.0,4.0,4.0,1.0,4.0,2.0,2.368421120703103
4069,3.0,4.0,4.0,1.0,4.0,3.0,2.823529397835877
4070,3.0,4.0,4.0,1.0,4.0,5.0,2.8235294394982087
4071,3.0,4.0,4.0,2.0,1.0,1.0,1.8421052948020444
4072,3.0,4.0,4.0,2.0,1.0,2.0,2.2222222402699052
4073,3.0,4.0,4.0,2.0,1.0,3.0,2.607594943879899
4074,3.0,4.0,4.0,2.0,1.0,4.0,2.607594950207789
4075,3.0,4.0,4.0,2.0,2.0,2.0,2.3706294136888695
4076,3.0,4.0,4.0,2.0,2.0,3.0,2.943396232522052
4077,3.0,4.0,4.0,2.0,2.0,4.0,3.00000001071922
4078,3.0,4.0,4.0,2.0,3.0,1.0,2.0752689132362114
4079,3.0,4.0,4.0,2.0,3.0,2.0,2.5238095259622084
4080,3.0,4.0,4.0,2.0,3.0,3.0,2.9433962374858167
4081,3.0,4.0,4.0,2.0,3.0,4.0,3.0952381074605624
4082,3.0,4.0,4.0,2.0,4.0,1.0,2.4705882434053072
4083,3.0,4.0,4.0,2.0,4.0,2.0,2.7500000134397444
4084,3.0,4.0,4.0,2.0,4.0,3.0,3.0000000022460553
4085,3.0,4.0,4.0,2.0,4.0,4.0,3.1666666699487758
4086,3.0,4.0,4.0,2.0,5.0,2.0,3.0000000131881293
4087,3.0,4.0,4.0,2.0,5.0,3.0,3.0000000089117895
4088,3.0,4.0,4.0,2.0,5.0,4.0,3.173913046039009
4089,3.0,4.0,4.0,2.0,5.0,5.0,3.333333382957848
4090,3.0,4.0,4.0,3.0,1.0,1.0,2.1052631694005672
4091,3.0,4.0,4.0,3.0,1.0,2.0,2.499999999457656
4092,3.0,4.0,4.0,3.0,1.0,3.0,2.6075949487080776
4093,3.0,4.0,4.0,3.0,1.0,4.0,2.733333347206297
4094,3.0,4.0,4.0,3.0,1.0,5.0,3.3678160976381153
4095,3.0,4.0,4.0,3.0,2.0,1.0,2.6398104232957014
4096,3.0,4.0,4.0,3.0,2.0,2.0,2.639810447424426
4097,3.0,4.0,4.0,3.0,2.0,3.0,3.0103092857539298
4098,3.0,4.0,4.0,3.0,2.0,4.0,3.2413793028876743
4099,3.0,4.0,4.0,3.0,3.0,2.0,2.882352949644908
4100,3.0,4.0,4.0,3.0,3.0,3.0,3.1873111831078997
4101,3.0,4.0,4.0,3.0,3.0,4.0,3.421052633787221
4102,3.0,4.0,4.0,3.0,3.0,5.0,3.4210526469002436
4103,3.0,4.0,4.0,3.0,4.0,2.0,2.882352953499596
4104,3.0,4.0,4.0,3.0,4.0,3.0,3.3251533751581506
4105,3.0,4.0,4.0,3.0,4.0,4.0,3.7227414122637605
4106,3.0,4.0,4.0,3.0,4.0,5.0,3.722741428176283
4107,3.0,4.0,4.0,3.0,5.0,2.0,3.0000000280025914
4108,3.0,4.0,4.0,3.0,5.0,3.0,3.4000000080751906
4109,3.0,4.0,4.0,3.0,5.0,4.0,3.7227415015209937
4110,3.0,4.0,4.0,3.0,5.0,5.0,3.9166666857569
4111,3.0,4.0,4.0,4.0,1.0,3.0,2.607594945126852
4112,3.0,4.0,4.0,4.0,1.0,4.0,2.8571428553145197
4113,3.0,4.0,4.0,4.0,2.0,2.0,2.727941175163422
4114,3.0,4.0,4.0,4.0,2.0,3.0,3.1886792393642436
4115,3.0,4.0,4.0,4.0,2.0,4.0,3.241379323718112
4116,3.0,4.0,4.0,4.0,2.0,5.0,3.5789473425019205
4117,3.0,4.0,4.0,4.0,3.0,2.0,3.2307692434718
4118,3.0,4.0,4.0,4.0,3.0,3.0,3.371428570927936
4119,3.0,4.0,4.0,4.0,3.0,4.0,3.6833976556483323
4120,3.0,4.0,4.0,4.0,3.0,5.0,3.683397685715353
4121,3.0,4.0,4.0,4.0,4.0,1.0,3.000000109759236
4122,3.0,4.0,4.0,4.0,4.0,2.0,3.23076925857609
4123,3.0,4.0,4.0,4.0,4.0,3.0,3.4845814921503093
4124,3.0,4.0,4.0,4.0,4.0,4.0,3.7772795202370713
4125,3.0,4.0,4.0,4.0,4.0,5.0,3.912499980266399
4126,3.0,4.0,4.0,4.0,5.0,2.0,3.461538421041216
4127,3.0,4.0,4.0,4.0,5.0,3.0,3.5625000000588978
4128,3.0,4.0,4.0,4.0,5.0,4.0,3.7772795236116865
4129,3.0,4.0,4.0,4.0,5.0,5.0,3.95402297276472
4130,3.0,4.0,4.0,5.0,1.0,1.0,2.198630200348059
4131,3.0,4.0,4.0,5.0,1.0,3.0,2.727941178557057
4132,3.0,4.0,4.0,5.0,1.0,4.0,2.8571428327588206
4133,3.0,4.0,4.0,5.0,1.0,5.0,3.4285714196521706
4134,3.0,4.0,4.0,5.0,2.0,3.0,3.188679236607339
4135,3.0,4.0,4.0,5.0,2.0,4.0,3.333333343867327
4136,3.0,4.0,4.0,5.0,2.0,5.0,3.6153846189991765
4137,3.0,4.0,4.0,5.0,3.0,3.0,3.371428595340765
4138,3.0,4.0,4.0,5.0,3.0,4.0,3.6833976920955553
4139,3.0,4.0,4.0,5.0,3.0,5.0,3.683397718204391
4140,3.0,4.0,4.0,5.0,4.0,3.0,3.4845815745577298
4141,3.0,4.0,4.0,5.0,4.0,4.0,3.7772795352756554
4142,3.0,4.0,4.0,5.0,4.0,5.0,3.9125000313350045
4143,3.0,4.0,4.0,5.0,5.0,2.0,3.6315787544198375
4144,3.0,4.0,4.0,5.0,5.0,3.0,3.631578966480021
4145,3.0,4.0,4.0,5.0,5.0,4.0,3.846153848076459
4146,3.0,4.0,4.0,5.0,5.0,5.0,3.9540229950571733
4147,3.0,4.0,5.0,1.0,2.0,1.0,1.9999998525507796
4148,3.0,4.0,5.0,1.0,4.0,2.0,2.8000000498639723
4149,3.0,4.0,5.0,1.0,5.0,5.0,3.600000036252435
4150,3.0,4.0,5.0,2.0,1.0,1.0,1.8421053265826581
4151,3.0,4.0,5.0,2.0,1.0,2.0,2.2222222458971403
4152,3.0,4.0,5.0,2.0,4.0,2.0,3.0000000297302027
4153,3.0,4.0,5.0,2.0,4.0,3.0,3.024999997207317
4154,3.0,4.0,5.0,2.0,4.0,4.0,3.384615428374571
4155,3.0,4.0,5.0,2.0,5.0,4.0,3.384615427210591
4156,3.0,4.0,5.0,3.0,1.0,1.0,2.5000000190694065
4157,3.0,4.0,5.0,3.0,1.0,2.0,2.5000000167933702
4158,3.0,4.0,5.0,3.0,1.0,3.0,2.7058823600561412
4159,3.0,4.0,5.0,3.0,1.0,4.0,2.9999999751986897
4160,3.0,4.0,5.0,3.0,2.0,2.0,3.0000000031791654
4161,3.0,4.0,5.0,3.0,2.0,3.0,3.166666680165435
4162,3.0,4.0,5.0,3.0,3.0,2.0,3.00000001896718
4163,3.0,4.0,5.0,3.0,3.0,3.0,3.3043478285711996
4164,3.0,4.0,5.0,3.0,3.0,4.0,3.666666682112154
4165,3.0,4.0,5.0,3.0,3.0,5.0,3.666666697095077
4166,3.0,4.0,5.0,3.0,4.0,2.0,3.000000044112698
4167,3.0,4.0,5.0,3.0,4.0,3.0,3.5178571344568206
4168,3.0,4.0,5.0,3.0,4.0,4.0,3.7227414344082717
4169,3.0,4.0,5.0,3.0,4.0,5.0,3.72274143543366
4170,3.0,4.0,5.0,3.0,5.0,3.0,3.5178571293016785
4171,3.0,4.0,5.0,3.0,5.0,4.0,3.7227414911783825
4172,3.0,4.0,5.0,3.0,5.0,5.0,3.9729729855249287
4173,3.0,4.0,5.0,4.0,1.0,3.0,2.7058823654247597
4174,3.0,4.0,5.0,4.0,1.0,4.0,3.367816150589126
4175,3.0,4.0,5.0,4.0,2.0,2.0,3.000000030877223
4176,3.0,4.0,5.0,4.0,2.0,3.0,3.2000000169827407
4177,3.0,4.0,5.0,4.0,2.0,4.0,3.500000009060052
4178,3.0,4.0,5.0,4.0,2.0,5.0,3.7894737038363324
4179,3.0,4.0,5.0,4.0,3.0,3.0,3.4545454661044026
4180,3.0,4.0,5.0,4.0,3.0,4.0,3.7901234458156896
4181,3.0,4.0,5.0,4.0,3.0,5.0,3.7901234604443115
4182,3.0,4.0,5.0,4.0,4.0,2.0,3.4615385194364467
4183,3.0,4.0,5.0,4.0,4.0,3.0,3.70588235916822
4184,3.0,4.0,5.0,4.0,4.0,4.0,3.790123459628666
4185,3.0,4.0,5.0,4.0,4.0,5.0,4.179487161489645
4186,3.0,4.0,5.0,4.0,5.0,3.0,3.769230773552658
4187,3.0,4.0,5.0,4.0,5.0,4.0,3.8076923101613382
4188,3.0,4.0,5.0,4.0,5.0,5.0,4.221374027204481
4189,3.0,4.0,5.0,5.0,1.0,2.0,3.00000005647616
4190,3.0,4.0,5.0,5.0,1.0,4.0,3.367816154663331
4191,3.0,4.0,5.0,5.0,1.0,5.0,3.4285713955865025
4192,3.0,4.0,5.0,5.0,2.0,4.0,3.500000005119301
4193,3.0,4.0,5.0,5.0,2.0,5.0,3.7894737218564876
4194,3.0,4.0,5.0,5.0,3.0,3.0,3.6249999782303846
4195,3.0,4.0,5.0,5.0,3.0,4.0,3.790123451160035
4196,3.0,4.0,5.0,5.0,3.0,5.0,4.138888892103366
4197,3.0,4.0,5.0,5.0,4.0,3.0,3.8437499923664458
4198,3.0,4.0,5.0,5.0,4.0,4.0,3.9090909120443724
4199,3.0,4.0,5.0,5.0,4.0,5.0,4.179487214240703
4200,3.0,4.0,5.0,5.0,5.0,1.0,3.6315790059695203
4201,3.0,4.0,5.0,5.0,5.0,3.0,3.843749988558661
4202,3.0,4.0,5.0,5.0,5.0,4.0,4.000000004794989
4203,3.0,4.0,5.0,5.0,5.0,5.0,4.221374047130667
4204,3.0,5.0,1.0,1.0,1.0,1.0,1.1719244391456711
4205,3.0,5.0,1.0,1.0,1.0,2.0,1.6666666679359696
4206,3.0,5.0,1.0,1.0,1.0,3.0,1.7580644873738989
4207,3.0,5.0,1.0,1.0,1.0,5.0,1.7580644997609474
4208,3.0,5.0,1.0,1.0,2.0,1.0,1.2500000219752774
4209,3.0,5.0,1.0,1.0,2.0,2.0,1.7359550448426135
4210,3.0,5.0,1.0,1.0,2.0,3.0,1.7580644944675965
4211,3.0,5.0,1.0,1.0,3.0,1.0,1.4545454482456341
4212,3.0,5.0,1.0,1.0,3.0,2.0,1.7359550501808425
4213,3.0,5.0,1.0,1.0,3.0,3.0,1.7580645021225203
4214,3.0,5.0,1.0,1.0,3.0,4.0,1.7580645707087421
4215,3.0,5.0,1.0,1.0,4.0,1.0,1.666666512670559
4216,3.0,5.0,1.0,1.0,4.0,2.0,1.9534886666594726
4217,3.0,5.0,1.0,1.0,4.0,3.0,1.9534885408968774
4218,3.0,5.0,1.0,1.0,5.0,1.0,1.9999993686927007
4219,3.0,5.0,1.0,1.0,5.0,2.0,1.9999999761878149
4220,3.0,5.0,1.0,1.0,5.0,3.0,2.000000461041884
4221,3.0,5.0,1.0,1.0,5.0,5.0,2.0000005564998977
4222,3.0,5.0,1.0,2.0,1.0,1.0,1.5079364952562964
4223,3.0,5.0,1.0,2.0,1.0,2.0,1.7580645007303144
4224,3.0,5.0,1.0,2.0,1.0,3.0,1.7580645154970356
4225,3.0,5.0,1.0,2.0,2.0,1.0,1.5079365040774813
4226,3.0,5.0,1.0,2.0,2.0,2.0,1.9776118978246071
4227,3.0,5.0,1.0,2.0,2.0,3.0,2.0156250538808607
4228,3.0,5.0,1.0,2.0,2.0,4.0,2.0156250284342816
4229,3.0,5.0,1.0,2.0,3.0,1.0,1.9333332908270184
4230,3.0,5.0,1.0,2.0,3.0,2.0,1.9776119136218935
4231,3.0,5.0,1.0,2.0,3.0,3.0,2.241379280879758
4232,3.0,5.0,1.0,2.0,4.0,1.0,1.9333332938962433
4233,3.0,5.0,1.0,2.0,4.0,3.0,2.3124999835828937
4234,3.0,5.0,1.0,2.0,4.0,4.0,2.714285724234956
4235,3.0,5.0,1.0,2.0,5.0,2.0,2.0000009553512674
4236,3.0,5.0,1.0,2.0,5.0,3.0,2.312500027571972
4237,3.0,5.0,1.0,3.0,1.0,1.0,1.507936533416231
4238,3.0,5.0,1.0,3.0,1.0,2.0,1.7580645091284959
4239,3.0,5.0,1.0,3.0,1.0,3.0,1.7580645107618167
4240,3.0,5.0,1.0,3.0,1.0,4.0,2.030303013662863
4241,3.0,5.0,1.0,3.0,2.0,1.0,1.9333332028427763
4242,3.0,5.0,1.0,3.0,2.0,2.0,1.977611936468624
4243,3.0,5.0,1.0,3.0,2.0,3.0,2.015625064447793
4244,3.0,5.0,1.0,3.0,3.0,1.0,1.933333265383061
4245,3.0,5.0,1.0,3.0,3.0,2.0,2.03124999071139
4246,3.0,5.0,1.0,3.0,3.0,3.0,2.3706293847034647
4247,3.0,5.0,1.0,3.0,3.0,4.0,2.619047620501463
4248,3.0,5.0,1.0,3.0,4.0,1.0,1.9999998119310807
4249,3.0,5.0,1.0,3.0,4.0,2.0,2.0312499500694323
4250,3.0,5.0,1.0,3.0,4.0,3.0,2.3706293895220547
4251,3.0,5.0,1.0,3.0,5.0,2.0,2.37062964712258
4252,3.0,5.0,1.0,3.0,5.0,3.0,2.37062944600158
4253,3.0,5.0,1.0,3.0,5.0,4.0,2.828571372371263
4254,3.0,5.0,1.0,4.0,1.0,1.0,1.512820545498054
4255,3.0,5.0,1.0,4.0,1.0,2.0,2.000000005522323
4256,3.0,5.0,1.0,4.0,1.0,3.0,2.0303029980554834
4257,3.0,5.0,1.0,4.0,1.0,4.0,2.030303007241185
4258,3.0,5.0,1.0,4.0,1.0,5.0,2.030303048001774
4259,3.0,5.0,1.0,4.0,2.0,2.0,2.1842105397112035
4260,3.0,5.0,1.0,4.0,2.0,3.0,2.370629459413984
4261,3.0,5.0,1.0,4.0,2.0,4.0,2.6190476876269524
4262,3.0,5.0,1.0,4.0,3.0,2.0,2.370629403863954
4263,3.0,5.0,1.0,4.0,3.0,3.0,2.370629425032094
4264,3.0,5.0,1.0,4.0,3.0,4.0,2.619047606139732
4265,3.0,5.0,1.0,4.0,3.0,5.0,2.619047579556185
4266,3.0,5.0,1.0,4.0,4.0,3.0,2.3706293868224924
4267,3.0,5.0,1.0,4.0,4.0,4.0,2.7142857376920593
4268,3.0,5.0,1.0,4.0,5.0,3.0,2.8461538520476757
4269,3.0,5.0,1.0,4.0,5.0,4.0,2.8461538471256564
4270,3.0,5.0,1.0,4.0,5.0,5.0,2.8461538749520123
4271,3.0,5.0,1.0,5.0,1.0,1.0,1.7272728549397092
4272,3.0,5.0,1.0,5.0,1.0,2.0,2.000000095495379
4273,3.0,5.0,1.0,5.0,1.0,3.0,2.0303030309958983
4274,3.0,5.0,1.0,5.0,1.0,4.0,2.030303029889308
4275,3.0,5.0,1.0,5.0,1.0,5.0,2.0303030420813206
4276,3.0,5.0,1.0,5.0,2.0,1.0,2.0361449446365403
4277,3.0,5.0,1.0,5.0,2.0,2.0,2.3706293904718967
4278,3.0,5.0,1.0,5.0,2.0,3.0,2.3706293504659146
4279,3.0,5.0,1.0,5.0,2.0,5.0,2.6190476419882
4280,3.0,5.0,1.0,5.0,3.0,2.0,2.370629294801112
4281,3.0,5.0,1.0,5.0,3.0,3.0,2.370629469920124
4282,3.0,5.0,1.0,5.0,3.0,4.0,2.6190475815707432
4283,3.0,5.0,1.0,5.0,3.0,5.0,2.619047612245165
4284,3.0,5.0,1.0,5.0,4.0,3.0,2.846153834228024
4285,3.0,5.0,1.0,5.0,4.0,4.0,2.846153904539354
4286,3.0,5.0,1.0,5.0,4.0,5.0,2.8461538622642166
4287,3.0,5.0,1.0,5.0,5.0,1.0,2.036144856436464
4288,3.0,5.0,1.0,5.0,5.0,2.0,2.3706294911326156
4289,3.0,5.0,1.0,5.0,5.0,3.0,2.84615380942787
4290,3.0,5.0,1.0,5.0,5.0,4.0,2.8461538718069312
4291,3.0,5.0,1.0,5.0,5.0,5.0,2.846153895371349
4292,3.0,5.0,2.0,1.0,1.0,1.0,1.5517241290323784
4293,3.0,5.0,2.0,1.0,1.0,2.0,1.9861111209193738
4294,3.0,5.0,2.0,1.0,1.0,3.0,2.0000000281275474
4295,3.0,5.0,2.0,1.0,1.0,4.0,2.000000078071887
4296,3.0,5.0,2.0,1.0,2.0,1.0,1.7272727294433117
4297,3.0,5.0,2.0,1.0,2.0,2.0,1.9861111263723523
4298,3.0,5.0,2.0,1.0,2.0,3.0,2.087719328247387
4299,3.0,5.0,2.0,1.0,3.0,1.0,1.888888850693291
4300,3.0,5.0,2.0,1.0,3.0,2.0,2.000000011643915
4301,3.0,5.0,2.0,1.0,3.0,3.0,2.142857137070767
4302,3.0,5.0,2.0,1.0,3.0,4.0,2.400000074010891
4303,3.0,5.0,2.0,1.0,4.0,1.0,2.075268288656578
4304,3.0,5.0,2.0,1.0,4.0,2.0,2.1428570943094862
4305,3.0,5.0,2.0,1.0,4.0,3.0,2.142857080751095
4306,3.0,5.0,2.0,1.0,5.0,1.0,2.0752682578137995
4307,3.0,5.0,2.0,1.0,5.0,2.0,2.1428571141005324
4308,3.0,5.0,2.0,1.0,5.0,3.0,2.1428571494974658
4309,3.0,5.0,2.0,1.0,5.0,4.0,2.4000000252502134
4310,3.0,5.0,2.0,2.0,1.0,1.0,1.730769300474553
4311,3.0,5.0,2.0,2.0,1.0,2.0,2.14285714556123
4312,3.0,5.0,2.0,2.0,1.0,3.0,2.2419354637297793
4313,3.0,5.0,2.0,2.0,2.0,1.0,1.9772727217855235
4314,3.0,5.0,2.0,2.0,2.0,2.0,2.318181815073582
4315,3.0,5.0,2.0,2.0,2.0,3.0,2.414634168319462
4316,3.0,5.0,2.0,2.0,3.0,2.0,2.318181823105395
4317,3.0,5.0,2.0,2.0,3.0,3.0,2.4236111505062583
4318,3.0,5.0,2.0,2.0,3.0,4.0,2.9489051113097657
4319,3.0,5.0,2.0,2.0,4.0,1.0,2.0752684038647002
4320,3.0,5.0,2.0,2.0,4.0,2.0,2.515151498782704
4321,3.0,5.0,2.0,2.0,4.0,3.0,2.615384618218055
4322,3.0,5.0,2.0,2.0,4.0,4.0,2.9489051371556663
4323,3.0,5.0,2.0,2.0,4.0,5.0,3.0000000443943855
4324,3.0,5.0,2.0,2.0,5.0,1.0,2.0752682522859907
4325,3.0,5.0,2.0,2.0,5.0,2.0,2.51515139528069
4326,3.0,5.0,2.0,2.0,5.0,3.0,2.7333333773937563
4327,3.0,5.0,2.0,2.0,5.0,4.0,2.948905196772453
4328,3.0,5.0,2.0,3.0,1.0,1.0,1.7307693013310659
4329,3.0,5.0,2.0,3.0,1.0,2.0,2.2272727204001863
4330,3.0,5.0,2.0,3.0,1.0,3.0,2.241935495729801
4331,3.0,5.0,2.0,3.0,1.0,4.0,2.241935508317922
4332,3.0,5.0,2.0,3.0,2.0,1.0,1.977272745378422
4333,3.0,5.0,2.0,3.0,2.0,2.0,2.428571431544852
4334,3.0,5.0,2.0,3.0,2.0,3.0,2.7156863014079287
4335,3.0,5.0,2.0,3.0,3.0,1.0,2.075268912885327
4336,3.0,5.0,2.0,3.0,3.0,2.0,2.6428571352482533
4337,3.0,5.0,2.0,3.0,3.0,3.0,2.7887323956354066
4338,3.0,5.0,2.0,3.0,3.0,4.0,2.9489050930042837
4339,3.0,5.0,2.0,3.0,3.0,5.0,3.0000000545312426
4340,3.0,5.0,2.0,3.0,4.0,1.0,2.0752687202004627
4341,3.0,5.0,2.0,3.0,4.0,2.0,2.64285716732773
4342,3.0,5.0,2.0,3.0,4.0,3.0,2.797619120010896
4343,3.0,5.0,2.0,3.0,4.0,4.0,2.9489051063096685
4344,3.0,5.0,2.0,3.0,4.0,5.0,3.244897970138735
4345,3.0,5.0,2.0,3.0,5.0,2.0,2.642857191080843
4346,3.0,5.0,2.0,3.0,5.0,3.0,2.8333333473780153
4347,3.0,5.0,2.0,3.0,5.0,4.0,3.0000000325164518
4348,3.0,5.0,2.0,3.0,5.0,5.0,3.2448979725715823
4349,3.0,5.0,2.0,4.0,1.0,1.0,2.1538461574465257
4350,3.0,5.0,2.0,4.0,1.0,2.0,2.2272727340036322
4351,3.0,5.0,2.0,4.0,1.0,3.0,2.4799999902635674
4352,3.0,5.0,2.0,4.0,1.0,4.0,2.49999999224603
4353,3.0,5.0,2.0,4.0,1.0,5.0,2.5000000625908707
4354,3.0,5.0,2.0,4.0,2.0,2.0,2.5555555613250833
4355,3.0,5.0,2.0,4.0,2.0,3.0,2.7156863113921657
4356,3.0,5.0,2.0,4.0,2.0,4.0,2.800000007277723
4357,3.0,5.0,2.0,4.0,3.0,1.0,2.5000000013974795
4358,3.0,5.0,2.0,4.0,3.0,2.0,2.7391304178254727
4359,3.0,5.0,2.0,4.0,3.0,3.0,2.841059608862596
4360,3.0,5.0,2.0,4.0,3.0,4.0,2.948905111194569
4361,3.0,5.0,2.0,4.0,3.0,5.0,3.000000108314269
4362,3.0,5.0,2.0,4.0,4.0,1.0,2.499999985063035
4363,3.0,5.0,2.0,4.0,4.0,2.0,2.739130463230813
4364,3.0,5.0,2.0,4.0,4.0,3.0,3.035714284431767
4365,3.0,5.0,2.0,4.0,4.0,4.0,3.2448979529462294
4366,3.0,5.0,2.0,4.0,4.0,5.0,3.2448979636300086
4367,3.0,5.0,2.0,4.0,5.0,2.0,2.739130472153461
4368,3.0,5.0,2.0,4.0,5.0,3.0,3.0357143058076352
4369,3.0,5.0,2.0,4.0,5.0,4.0,3.2448979584656743
4370,3.0,5.0,2.0,4.0,5.0,5.0,3.244897972470106
4371,3.0,5.0,2.0,5.0,1.0,2.0,2.2272727625919497
4372,3.0,5.0,2.0,5.0,1.0,3.0,2.480000023903647
4373,3.0,5.0,2.0,5.0,1.0,4.0,2.7968750150156536
4374,3.0,5.0,2.0,5.0,1.0,5.0,2.796875030891711
4375,3.0,5.0,2.0,5.0,2.0,1.0,2.198630296972582
4376,3.0,5.0,2.0,5.0,2.0,2.0,2.7156862903563357
4377,3.0,5.0,2.0,5.0,2.0,3.0,2.715686285268631
4378,3.0,5.0,2.0,5.0,2.0,4.0,2.912280760213221
4379,3.0,5.0,2.0,5.0,2.0,5.0,2.9122807122978913
4380,3.0,5.0,2.0,5.0,3.0,1.0,2.789473674653301
4381,3.0,5.0,2.0,5.0,3.0,2.0,2.789473678787343
4382,3.0,5.0,2.0,5.0,3.0,3.0,2.841059617857795
4383,3.0,5.0,2.0,5.0,3.0,4.0,3.1428571533986758
4384,3.0,5.0,2.0,5.0,3.0,5.0,3.2448979457473617
4385,3.0,5.0,2.0,5.0,4.0,2.0,2.789473717855271
4386,3.0,5.0,2.0,5.0,4.0,3.0,3.0357142882002863
4387,3.0,5.0,2.0,5.0,4.0,4.0,3.244897956273105
4388,3.0,5.0,2.0,5.0,4.0,5.0,3.2448979633536448
4389,3.0,5.0,2.0,5.0,5.0,2.0,2.789473721723486
4390,3.0,5.0,2.0,5.0,5.0,3.0,3.035714308234945
4391,3.0,5.0,2.0,5.0,5.0,4.0,3.2448979717348596
4392,3.0,5.0,2.0,5.0,5.0,5.0,3.2448979828085505
4393,3.0,5.0,3.0,1.0,1.0,1.0,1.565217393405473
4394,3.0,5.0,3.0,1.0,1.0,2.0,2.000000003899283
4395,3.0,5.0,3.0,1.0,1.0,3.0,2.16000005306842
4396,3.0,5.0,3.0,1.0,1.0,4.0,2.3333328465981436
4397,3.0,5.0,3.0,1.0,2.0,1.0,1.7499999992568793
4398,3.0,5.0,3.0,1.0,2.0,2.0,2.033333340881906
4399,3.0,5.0,3.0,1.0,3.0,1.0,1.8888888809447855
4400,3.0,5.0,3.0,1.0,3.0,2.0,2.368421056076274
4401,3.0,5.0,3.0,1.0,3.0,3.0,2.4444444483937047
4402,3.0,5.0,3.0,1.0,3.0,4.0,2.823529451433754
4403,3.0,5.0,3.0,1.0,4.0,1.0,2.1111110770655084
4404,3.0,5.0,3.0,1.0,4.0,2.0,2.3684210731861635
4405,3.0,5.0,3.0,1.0,4.0,3.0,2.583333327887662
4406,3.0,5.0,3.0,1.0,4.0,4.0,2.8235294650351204
4407,3.0,5.0,3.0,1.0,5.0,1.0,2.111111052505282
4408,3.0,5.0,3.0,1.0,5.0,2.0,2.3684210596748443
4409,3.0,5.0,3.0,1.0,5.0,5.0,3.000000102426229
4410,3.0,5.0,3.0,2.0,1.0,1.0,2.000000002254217
4411,3.0,5.0,3.0,2.0,1.0,2.0,2.503355665522564
4412,3.0,5.0,3.0,2.0,1.0,3.0,2.6075949621495296
4413,3.0,5.0,3.0,2.0,1.0,4.0,2.796875026556299
4414,3.0,5.0,3.0,2.0,2.0,1.0,2.200000012226469
4415,3.0,5.0,3.0,2.0,2.0,2.0,2.5033556904237257
4416,3.0,5.0,3.0,2.0,2.0,3.0,2.8000000046001916
4417,3.0,5.0,3.0,2.0,2.0,4.0,2.818181843638733
4418,3.0,5.0,3.0,2.0,3.0,1.0,2.2500000148346113
4419,3.0,5.0,3.0,2.0,3.0,2.0,2.503355731135546
4420,3.0,5.0,3.0,2.0,3.0,3.0,2.8958333354934194
4421,3.0,5.0,3.0,2.0,3.0,4.0,3.0000000053302713
4422,3.0,5.0,3.0,2.0,3.0,5.0,3.0000001341785087
4423,3.0,5.0,3.0,2.0,4.0,1.0,2.470588257544154
4424,3.0,5.0,3.0,2.0,4.0,2.0,2.7777777850819168
4425,3.0,5.0,3.0,2.0,4.0,3.0,2.9875000136228422
4426,3.0,5.0,3.0,2.0,4.0,4.0,3.0434782847773896
4427,3.0,5.0,3.0,2.0,4.0,5.0,3.173913070720732
4428,3.0,5.0,3.0,2.0,5.0,1.0,2.470588288894825
4429,3.0,5.0,3.0,2.0,5.0,2.0,3.00000000539813
4430,3.0,5.0,3.0,2.0,5.0,3.0,3.041666681224936
4431,3.0,5.0,3.0,2.0,5.0,4.0,3.1739130320425972
4432,3.0,5.0,3.0,2.0,5.0,5.0,3.173913097540787
4433,3.0,5.0,3.0,3.0,1.0,1.0,2.1052631636639974
4434,3.0,5.0,3.0,3.0,1.0,2.0,2.503355666278594
4435,3.0,5.0,3.0,3.0,1.0,3.0,2.6075949664995464
4436,3.0,5.0,3.0,3.0,1.0,4.0,2.796875035900527
4437,3.0,5.0,3.0,3.0,1.0,5.0,2.7968750507312086
4438,3.0,5.0,3.0,3.0,2.0,1.0,2.2727273011862805
4439,3.0,5.0,3.0,3.0,2.0,2.0,2.6398104660056023
4440,3.0,5.0,3.0,3.0,2.0,3.0,2.9421052953447435
4441,3.0,5.0,3.0,3.0,2.0,4.0,3.163265292628275
4442,3.0,5.0,3.0,3.0,3.0,1.0,2.5999998927115686
4443,3.0,5.0,3.0,3.0,3.0,2.0,2.8620689690475407
4444,3.0,5.0,3.0,3.0,3.0,3.0,3.1105527646107407
4445,3.0,5.0,3.0,3.0,3.0,4.0,3.377777697963669
4446,3.0,5.0,3.0,3.0,3.0,5.0,3.5074626903814363
4447,3.0,5.0,3.0,3.0,4.0,1.0,2.599999898193454
4448,3.0,5.0,3.0,3.0,4.0,2.0,2.916666676631625
4449,3.0,5.0,3.0,3.0,4.0,3.0,3.1437125523589944
4450,3.0,5.0,3.0,3.0,4.0,4.0,3.403225808216065
4451,3.0,5.0,3.0,3.0,4.0,5.0,3.6428571485257524
4452,3.0,5.0,3.0,3.0,5.0,1.0,2.5999999733180688
4453,3.0,5.0,3.0,3.0,5.0,2.0,3.0000000290338718
4454,3.0,5.0,3.0,3.0,5.0,3.0,3.1437126552397716
4455,3.0,5.0,3.0,3.0,5.0,4.0,3.412500013578379
4456,3.0,5.0,3.0,3.0,5.0,5.0,3.6428571503837204
4457,3.0,5.0,3.0,4.0,1.0,1.0,2.400000002648834
4458,3.0,5.0,3.0,4.0,1.0,2.0,2.5033556755486726
4459,3.0,5.0,3.0,4.0,1.0,3.0,2.7279412056234262
4460,3.0,5.0,3.0,4.0,1.0,4.0,2.7968750154386233
4461,3.0,5.0,3.0,4.0,1.0,5.0,2.796875030874034
4462,3.0,5.0,3.0,4.0,2.0,2.0,2.7279411971387284
4463,3.0,5.0,3.0,4.0,2.0,3.0,3.0338983056398017
4464,3.0,5.0,3.0,4.0,2.0,4.0,3.1632653046062704
4465,3.0,5.0,3.0,4.0,2.0,5.0,3.2500000177031865
4466,3.0,5.0,3.0,4.0,3.0,1.0,2.60000002094746
4467,3.0,5.0,3.0,4.0,3.0,2.0,3.0499999790494416
4468,3.0,5.0,3.0,4.0,3.0,3.0,3.204545438260869
4469,3.0,5.0,3.0,4.0,3.0,4.0,3.377777796448237
4470,3.0,5.0,3.0,4.0,3.0,5.0,3.5074626989925974
4471,3.0,5.0,3.0,4.0,4.0,2.0,3.049999983748462
4472,3.0,5.0,3.0,4.0,4.0,3.0,3.224000000835723
4473,3.0,5.0,3.0,4.0,4.0,4.0,3.5314960368841093
4474,3.0,5.0,3.0,4.0,4.0,5.0,3.7666666704787417
4475,3.0,5.0,3.0,4.0,5.0,1.0,3.000000103375699
4476,3.0,5.0,3.0,4.0,5.0,2.0,3.049999965091711
4477,3.0,5.0,3.0,4.0,5.0,3.0,3.3529411799666775
4478,3.0,5.0,3.0,4.0,5.0,4.0,3.5739130411659588
4479,3.0,5.0,3.0,4.0,5.0,5.0,3.7837837719660996
4480,3.0,5.0,3.0,5.0,1.0,1.0,2.7279412275056516
4481,3.0,5.0,3.0,5.0,1.0,2.0,2.7279411930165214
4482,3.0,5.0,3.0,5.0,1.0,3.0,2.7279412030187586
4483,3.0,5.0,3.0,5.0,1.0,4.0,2.796875016317503
4484,3.0,5.0,3.0,5.0,1.0,5.0,2.796875035711001
4485,3.0,5.0,3.0,5.0,2.0,2.0,2.7279411926806443
4486,3.0,5.0,3.0,5.0,2.0,3.0,3.0338983129368047
4487,3.0,5.0,3.0,5.0,2.0,4.0,3.1632653236415296
4488,3.0,5.0,3.0,5.0,2.0,5.0,3.507462687107455
4489,3.0,5.0,3.0,5.0,3.0,2.0,3.0500000431573593
4490,3.0,5.0,3.0,5.0,3.0,3.0,3.204545508377578
4491,3.0,5.0,3.0,5.0,3.0,4.0,3.377777827747708
4492,3.0,5.0,3.0,5.0,3.0,5.0,3.507462705380468
4493,3.0,5.0,3.0,5.0,4.0,2.0,3.050000026273649
4494,3.0,5.0,3.0,5.0,4.0,3.0,3.4324324352804148
4495,3.0,5.0,3.0,5.0,4.0,4.0,3.5314961189752974
4496,3.0,5.0,3.0,5.0,4.0,5.0,3.7837837037457653
4497,3.0,5.0,3.0,5.0,5.0,2.0,3.049999988678376
4498,3.0,5.0,3.0,5.0,5.0,3.0,3.5277777809028437
4499,3.0,5.0,3.0,5.0,5.0,4.0,3.5739130506694154
4500,3.0,5.0,3.0,5.0,5.0,5.0,3.7837838147839293
4501,3.0,5.0,4.0,1.0,1.0,1.0,1.5652174188578742
4502,3.0,5.0,4.0,1.0,1.0,4.0,2.833333384680887
4503,3.0,5.0,4.0,1.0,2.0,1.0,1.8888888789743945
4504,3.0,5.0,4.0,1.0,2.0,2.0,2.0333333523060944
4505,3.0,5.0,4.0,1.0,2.0,3.0,2.9433962704237153
4506,3.0,5.0,4.0,1.0,3.0,1.0,1.8888888980374348
4507,3.0,5.0,4.0,1.0,3.0,2.0,2.3684210433776496
4508,3.0,5.0,4.0,1.0,3.0,4.0,2.9433962836801344
4509,3.0,5.0,4.0,1.0,4.0,1.0,2.470588125225513
4510,3.0,5.0,4.0,1.0,4.0,3.0,2.9433962732958
4511,3.0,5.0,4.0,1.0,4.0,4.0,2.9433962844687325
4512,3.0,5.0,4.0,1.0,5.0,3.0,3.041666655911099
4513,3.0,5.0,4.0,1.0,5.0,5.0,3.600000037453687
4514,3.0,5.0,4.0,2.0,1.0,2.0,2.5033556667129475
4515,3.0,5.0,4.0,2.0,1.0,3.0,2.607594969314498
4516,3.0,5.0,4.0,2.0,1.0,4.0,2.8333333679751536
4517,3.0,5.0,4.0,2.0,2.0,1.0,2.4705882108980353
4518,3.0,5.0,4.0,2.0,2.0,2.0,2.5789473668584337
4519,3.0,5.0,4.0,2.0,2.0,3.0,2.943396274432797
4520,3.0,5.0,4.0,2.0,3.0,2.0,2.578947384879656
4521,3.0,5.0,4.0,2.0,3.0,3.0,3.0249999910468333
4522,3.0,5.0,4.0,2.0,3.0,4.0,3.0952381138265435
4523,3.0,5.0,4.0,2.0,3.0,5.0,3.0952381201864823
4524,3.0,5.0,4.0,2.0,4.0,1.0,2.4705882132748855
4525,3.0,5.0,4.0,2.0,4.0,2.0,3.000000018802309
4526,3.0,5.0,4.0,2.0,4.0,3.0,3.025000023133263
4527,3.0,5.0,4.0,2.0,4.0,4.0,3.5714285833318113
4528,3.0,5.0,4.0,2.0,4.0,5.0,3.8181818373997984
4529,3.0,5.0,4.0,2.0,5.0,1.0,2.470588271501175
4530,3.0,5.0,4.0,2.0,5.0,2.0,3.000000024120602
4531,3.0,5.0,4.0,2.0,5.0,3.0,3.0416666714971514
4532,3.0,5.0,4.0,2.0,5.0,4.0,3.5714285833899218
4533,3.0,5.0,4.0,2.0,5.0,5.0,3.818181853130271
4534,3.0,5.0,4.0,3.0,1.0,1.0,2.5714285868069897
4535,3.0,5.0,4.0,3.0,1.0,2.0,2.5714285978879197
4536,3.0,5.0,4.0,3.0,1.0,3.0,2.8181818231367437
4537,3.0,5.0,4.0,3.0,1.0,4.0,2.8333333522487343
4538,3.0,5.0,4.0,3.0,2.0,1.0,2.639810470450424
4539,3.0,5.0,4.0,3.0,2.0,2.0,2.63981046632855
4540,3.0,5.0,4.0,3.0,2.0,3.0,3.0103092900201935
4541,3.0,5.0,4.0,3.0,2.0,4.0,3.2413793076832813
4542,3.0,5.0,4.0,3.0,3.0,1.0,2.729166500573572
4543,3.0,5.0,4.0,3.0,3.0,2.0,3.000000009341038
4544,3.0,5.0,4.0,3.0,3.0,3.0,3.3294117660850047
4545,3.0,5.0,4.0,3.0,3.0,4.0,3.6458333332437802
4546,3.0,5.0,4.0,3.0,3.0,5.0,3.645833366757089
4547,3.0,5.0,4.0,3.0,4.0,2.0,3.000000031867318
4548,3.0,5.0,4.0,3.0,4.0,3.0,3.421875001760018
4549,3.0,5.0,4.0,3.0,4.0,4.0,3.7227414347985976
4550,3.0,5.0,4.0,3.0,4.0,5.0,3.857142863385362
4551,3.0,5.0,4.0,3.0,5.0,2.0,3.000000045406263
4552,3.0,5.0,4.0,3.0,5.0,3.0,3.517857156059313
4553,3.0,5.0,4.0,3.0,5.0,4.0,3.722741512315973
4554,3.0,5.0,4.0,3.0,5.0,5.0,3.972972975498826
4555,3.0,5.0,4.0,4.0,1.0,2.0,2.571428594155983
4556,3.0,5.0,4.0,4.0,1.0,3.0,3.0000000045963575
4557,3.0,5.0,4.0,4.0,1.0,4.0,3.3000000071649747
4558,3.0,5.0,4.0,4.0,1.0,5.0,3.3678161085566107
4559,3.0,5.0,4.0,4.0,2.0,2.0,2.727941196960437
4560,3.0,5.0,4.0,4.0,2.0,3.0,3.1886792741824084
4561,3.0,5.0,4.0,4.0,2.0,4.0,3.4666666715046097
4562,3.0,5.0,4.0,4.0,2.0,5.0,3.6153846302469064
4563,3.0,5.0,4.0,4.0,3.0,2.0,3.2307692167186786
4564,3.0,5.0,4.0,4.0,3.0,3.0,3.5078124865018987
4565,3.0,5.0,4.0,4.0,3.0,4.0,3.683397725930056
4566,3.0,5.0,4.0,4.0,3.0,5.0,3.6833977160013927
4567,3.0,5.0,4.0,4.0,4.0,2.0,3.2307692711312916
4568,3.0,5.0,4.0,4.0,4.0,3.0,3.5483870978409295
4569,3.0,5.0,4.0,4.0,4.0,4.0,3.860795447759365
4570,3.0,5.0,4.0,4.0,4.0,5.0,4.030456844866504
4571,3.0,5.0,4.0,4.0,5.0,2.0,3.4615384322659604
4572,3.0,5.0,4.0,4.0,5.0,3.0,3.5625000027017917
4573,3.0,5.0,4.0,4.0,5.0,4.0,3.9009009023643553
4574,3.0,5.0,4.0,4.0,5.0,5.0,4.030456861896557
4575,3.0,5.0,4.0,5.0,1.0,3.0,3.0000000246308165
4576,3.0,5.0,4.0,5.0,1.0,4.0,3.300000032855454
4577,3.0,5.0,4.0,5.0,1.0,5.0,3.4285714409219934
4578,3.0,5.0,4.0,5.0,2.0,2.0,2.999999795488558
4579,3.0,5.0,4.0,5.0,2.0,3.0,3.400000006937113
4580,3.0,5.0,4.0,5.0,2.0,4.0,3.5714285862468906
4581,3.0,5.0,4.0,5.0,2.0,5.0,3.6153846265979985
4582,3.0,5.0,4.0,5.0,3.0,2.0,3.2307691169205084
4583,3.0,5.0,4.0,5.0,3.0,3.0,3.5078124894807545
4584,3.0,5.0,4.0,5.0,3.0,4.0,3.721311465889369
4585,3.0,5.0,4.0,5.0,3.0,5.0,3.721311489541488
4586,3.0,5.0,4.0,5.0,4.0,2.0,3.461538477443559
4587,3.0,5.0,4.0,5.0,4.0,3.0,3.6551724162663617
4588,3.0,5.0,4.0,5.0,4.0,4.0,3.89473684381359
4589,3.0,5.0,4.0,5.0,4.0,5.0,4.0304568549239495
4590,3.0,5.0,4.0,5.0,5.0,1.0,3.6315786142474957
4591,3.0,5.0,4.0,5.0,5.0,2.0,3.631578725781258
4592,3.0,5.0,4.0,5.0,5.0,3.0,3.6666666682828906
4593,3.0,5.0,4.0,5.0,5.0,4.0,3.934210528011547
4594,3.0,5.0,4.0,5.0,5.0,5.0,4.0392156871128
4595,3.0,5.0,5.0,1.0,1.0,1.0,1.5652174424049277
4596,3.0,5.0,5.0,1.0,2.0,1.0,2.0000000126941204
4597,3.0,5.0,5.0,1.0,2.0,2.0,2.033333377033284
4598,3.0,5.0,5.0,1.0,3.0,2.0,2.800000049359436
4599,3.0,5.0,5.0,1.0,4.0,2.0,2.8000000618330043
4600,3.0,5.0,5.0,1.0,4.0,3.0,3.000000062660844
4601,3.0,5.0,5.0,1.0,4.0,4.0,3.0000000751460534
4602,3.0,5.0,5.0,1.0,5.0,3.0,3.041666631961908
4603,3.0,5.0,5.0,1.0,5.0,5.0,3.6000000376211525
4604,3.0,5.0,5.0,2.0,1.0,3.0,2.6075949938850496
4605,3.0,5.0,5.0,2.0,2.0,2.0,2.578947363420415
4606,3.0,5.0,5.0,2.0,2.0,3.0,3.000000038302273
4607,3.0,5.0,5.0,2.0,3.0,2.0,2.800000026700748
4608,3.0,5.0,5.0,2.0,3.0,3.0,3.024999997304371
4609,3.0,5.0,5.0,2.0,3.0,4.0,3.0952381160530456
4610,3.0,5.0,5.0,2.0,4.0,3.0,3.025000009570561
4611,3.0,5.0,5.0,2.0,4.0,4.0,3.5714285964674692
4612,3.0,5.0,5.0,2.0,4.0,5.0,3.8181818508716105
4613,3.0,5.0,5.0,2.0,5.0,3.0,3.5178571709356263
4614,3.0,5.0,5.0,2.0,5.0,4.0,3.571428603311491
4615,3.0,5.0,5.0,2.0,5.0,5.0,3.818181877656388
4616,3.0,5.0,5.0,3.0,1.0,2.0,2.571428614210834
4617,3.0,5.0,5.0,3.0,1.0,3.0,2.8181818252790616
4618,3.0,5.0,5.0,3.0,2.0,2.0,3.0000000151907322
4619,3.0,5.0,5.0,3.0,2.0,3.0,3.434782618094388
4620,3.0,5.0,5.0,3.0,2.0,5.0,3.6666666961759806
4621,3.0,5.0,5.0,3.0,3.0,2.0,3.0000000394820923
4622,3.0,5.0,5.0,3.0,3.0,3.0,3.4347826153550813
4623,3.0,5.0,5.0,3.0,3.0,4.0,3.66666670296625
4624,3.0,5.0,5.0,3.0,3.0,5.0,3.6666667166809956
4625,3.0,5.0,5.0,3.0,4.0,2.0,3.000000035501342
4626,3.0,5.0,5.0,3.0,4.0,3.0,3.5178571527209925
4627,3.0,5.0,5.0,3.0,4.0,4.0,3.722741456011937
4628,3.0,5.0,5.0,3.0,4.0,5.0,3.857142868761192
4629,3.0,5.0,5.0,3.0,5.0,2.0,3.0000000434648757
4630,3.0,5.0,5.0,3.0,5.0,3.0,3.517857158054402
4631,3.0,5.0,5.0,3.0,5.0,4.0,3.818181825588272
4632,3.0,5.0,5.0,3.0,5.0,5.0,3.9729729823924647
4633,3.0,5.0,5.0,4.0,1.0,2.0,2.88135595694807
4634,3.0,5.0,5.0,4.0,1.0,3.0,3.2500000116204006
4635,3.0,5.0,5.0,4.0,2.0,2.0,3.0000000818306067
4636,3.0,5.0,5.0,4.0,2.0,3.0,3.4347826231829974
4637,3.0,5.0,5.0,4.0,2.0,4.0,3.78947371399496
4638,3.0,5.0,5.0,4.0,2.0,5.0,3.789473712383453
4639,3.0,5.0,5.0,4.0,3.0,2.0,3.461538516631711
4640,3.0,5.0,5.0,4.0,3.0,3.0,3.5078125600701533
4641,3.0,5.0,5.0,4.0,3.0,4.0,3.7901234430291675
4642,3.0,5.0,5.0,4.0,3.0,5.0,4.138888884976505
4643,3.0,5.0,5.0,4.0,4.0,3.0,3.7272727299995787
4644,3.0,5.0,5.0,4.0,4.0,4.0,3.8607954788777463
4645,3.0,5.0,5.0,4.0,4.0,5.0,4.185185189184601
4646,3.0,5.0,5.0,4.0,5.0,2.0,3.4615384730725585
4647,3.0,5.0,5.0,4.0,5.0,3.0,3.7692307746137956
4648,3.0,5.0,5.0,4.0,5.0,4.0,4.000000002345037
4649,3.0,5.0,5.0,4.0,5.0,5.0,4.221374059123565
4650,3.0,5.0,5.0,5.0,1.0,2.0,3.0000000476965165
4651,3.0,5.0,5.0,5.0,1.0,3.0,3.2500000418861457
4652,3.0,5.0,5.0,5.0,1.0,4.0,3.400000018532641
4653,3.0,5.0,5.0,5.0,1.0,5.0,3.500000004257158
4654,3.0,5.0,5.0,5.0,2.0,3.0,3.4347826568853312
4655,3.0,5.0,5.0,5.0,2.0,4.0,3.789473718701379
4656,3.0,5.0,5.0,5.0,2.0,5.0,3.7894737231594515
4657,3.0,5.0,5.0,5.0,3.0,2.0,3.4615385753766734
4658,3.0,5.0,5.0,5.0,3.0,3.0,3.625000008843445
4659,3.0,5.0,5.0,5.0,3.0,4.0,3.7901234707584424
4660,3.0,5.0,5.0,5.0,3.0,5.0,4.1388889027077065
4661,3.0,5.0,5.0,5.0,4.0,2.0,3.461538556328103
4662,3.0,5.0,5.0,5.0,4.0,3.0,3.843749993947577
4663,3.0,5.0,5.0,5.0,4.0,4.0,4.083333335916285
4664,3.0,5.0,5.0,5.0,4.0,5.0,4.236363638675626
4665,3.0,5.0,5.0,5.0,5.0,2.0,3.6315788224804773
4666,3.0,5.0,5.0,5.0,5.0,3.0,3.8437500200059866
4667,3.0,5.0,5.0,5.0,5.0,4.0,4.13461538697542
4668,3.0,5.0,5.0,5.0,5.0,5.0,4.2785515328043795
4669,4.0,1.0,1.0,1.0,1.0,1.0,1.1628647377156343
4670,4.0,1.0,1.0,1.0,1.0,3.0,1.6388888163028177
4671,4.0,1.0,1.0,1.0,2.0,1.0,1.2403102031957018
4672,4.0,1.0,1.0,1.0,2.0,2.0,1.2403106579009413
4673,4.0,1.0,1.0,1.0,3.0,1.0,1.240309563741171
4674,4.0,1.0,1.0,1.0,3.0,2.0,1.735955242233515
4675,4.0,1.0,1.0,2.0,1.0,1.0,1.20930266187842
4676,4.0,1.0,1.0,2.0,1.0,2.0,1.2093024211326093
4677,4.0,1.0,1.0,2.0,2.0,2.0,1.5116281545031396
4678,4.0,1.0,1.0,2.0,3.0,1.0,1.333335154557702
4679,4.0,1.0,1.0,2.0,3.0,2.0,1.7359552538576828
4680,4.0,1.0,1.0,2.0,4.0,3.0,2.060605591888853
4681,4.0,1.0,1.0,3.0,1.0,2.0,1.4999996524833599
4682,4.0,1.0,1.0,3.0,2.0,1.0,1.6470536063320471
4683,4.0,1.0,1.0,3.0,2.0,2.0,1.735955420369652
4684,4.0,1.0,1.0,3.0,3.0,2.0,1.7359552664965694
4685,4.0,1.0,1.0,3.0,3.0,3.0,1.7499998603934073
4686,4.0,1.0,1.0,3.0,4.0,2.0,1.7359549145488606
4687,4.0,1.0,1.0,3.0,4.0,4.0,2.060605977419144
4688,4.0,1.0,1.0,3.0,5.0,3.0,2.1904762126881536
4689,4.0,1.0,1.0,4.0,1.0,1.0,1.438095418412003
4690,4.0,1.0,1.0,4.0,1.0,2.0,1.638888996953784
4691,4.0,1.0,1.0,4.0,1.0,3.0,1.6388888280101161
4692,4.0,1.0,1.0,4.0,1.0,4.0,1.6388889058424752
4693,4.0,1.0,1.0,4.0,3.0,3.0,1.749999933049154
4694,4.0,1.0,1.0,4.0,3.0,4.0,1.9999996991822218
4695,4.0,1.0,1.0,4.0,4.0,4.0,2.060606060233468
4696,4.0,1.0,1.0,5.0,1.0,2.0,1.6410262600546837
4697,4.0,1.0,1.0,5.0,2.0,5.0,2.0000005201111537
4698,4.0,1.0,1.0,5.0,5.0,5.0,2.1904764834582062
4699,4.0,1.0,2.0,1.0,1.0,1.0,1.4380952369383946
4700,4.0,1.0,2.0,1.0,1.0,3.0,1.6388889060577856
4701,4.0,1.0,2.0,1.0,2.0,1.0,1.583333339660952
4702,4.0,1.0,2.0,1.0,3.0,1.0,1.583333489048076
4703,4.0,1.0,2.0,1.0,3.0,2.0,2.000000004244968
4704,4.0,1.0,2.0,2.0,1.0,3.0,1.7619047555017022
4705,4.0,1.0,2.0,2.0,2.0,1.0,1.8275864610646084
4706,4.0,1.0,2.0,2.0,2.0,2.0,1.8275862839620347
4707,4.0,1.0,2.0,2.0,2.0,3.0,2.000000013779703
4708,4.0,1.0,2.0,3.0,1.0,3.0,1.8235293028477135
4709,4.0,1.0,2.0,3.0,2.0,1.0,2.000000705168784
4710,4.0,1.0,2.0,3.0,2.0,2.0,2.1896550057193247
4711,4.0,1.0,2.0,3.0,2.0,3.0,2.1896550468138996
4712,4.0,1.0,2.0,3.0,3.0,2.0,2.189655212894322
4713,4.0,1.0,2.0,3.0,3.0,3.0,2.1896551683403747
4714,4.0,1.0,2.0,3.0,3.0,4.0,2.1896552292227676
4715,4.0,1.0,2.0,3.0,4.0,3.0,2.6470588410770204
4716,4.0,1.0,2.0,3.0,5.0,4.0,2.9062499136499604
4717,4.0,1.0,2.0,3.0,5.0,5.0,2.9062501402135497
4718,4.0,1.0,2.0,4.0,1.0,1.0,1.438094921224237
4719,4.0,1.0,2.0,4.0,1.0,3.0,1.9999999496034104
4720,4.0,1.0,2.0,4.0,1.0,4.0,2.0000000223415872
4721,4.0,1.0,2.0,4.0,2.0,2.0,2.1896552096791386
4722,4.0,1.0,2.0,4.0,2.0,3.0,2.18965507173916
4723,4.0,1.0,2.0,4.0,2.0,5.0,2.499999869131785
4724,4.0,1.0,2.0,4.0,3.0,1.0,1.9999992208943191
4725,4.0,1.0,2.0,4.0,3.0,3.0,2.5000000156993147
4726,4.0,1.0,2.0,4.0,3.0,4.0,2.4999999621522577
4727,4.0,1.0,2.0,4.0,4.0,4.0,2.6666667169186806
4728,4.0,1.0,2.0,4.0,5.0,3.0,2.9062497210521325
4729,4.0,1.0,2.0,5.0,1.0,2.0,1.999999930639415
4730,4.0,1.0,2.0,5.0,3.0,3.0,2.5000001160161816
4731,4.0,1.0,2.0,5.0,3.0,5.0,2.4999999898897367
4732,4.0,1.0,2.0,5.0,4.0,4.0,2.666666571419255
4733,4.0,1.0,2.0,5.0,5.0,2.0,2.9999998552195093
4734,4.0,1.0,3.0,1.0,1.0,1.0,1.4380951681158733
4735,4.0,1.0,3.0,1.0,2.0,1.0,1.5833333368276394
4736,4.0,1.0,3.0,1.0,3.0,3.0,2.3846153557239584
4737,4.0,1.0,3.0,1.0,3.0,4.0,2.576923073444296
4738,4.0,1.0,3.0,1.0,4.0,1.0,1.99999924898002
4739,4.0,1.0,3.0,2.0,1.0,1.0,1.7619048285357417
4740,4.0,1.0,3.0,2.0,1.0,2.0,1.7619048865732867
4741,4.0,1.0,3.0,2.0,1.0,3.0,1.7619048050176493
4742,4.0,1.0,3.0,2.0,2.0,2.0,2.1428571269091052
4743,4.0,1.0,3.0,2.0,2.0,3.0,2.1428571684935065
4744,4.0,1.0,3.0,2.0,3.0,3.0,2.3846154293073742
4745,4.0,1.0,3.0,2.0,4.0,2.0,2.2083332394495074
4746,4.0,1.0,3.0,3.0,1.0,1.0,1.9999999705773084
4747,4.0,1.0,3.0,3.0,1.0,2.0,1.9999999069515193
4748,4.0,1.0,3.0,3.0,1.0,4.0,2.6666667232469448
4749,4.0,1.0,3.0,3.0,2.0,2.0,2.5000000025328606
4750,4.0,1.0,3.0,3.0,2.0,3.0,2.733333280335613
4751,4.0,1.0,3.0,3.0,3.0,3.0,2.8947368688080823
4752,4.0,1.0,3.0,3.0,3.0,4.0,2.8947369201129036
4753,4.0,1.0,3.0,3.0,4.0,1.0,2.5000001904349065
4754,4.0,1.0,3.0,3.0,4.0,2.0,2.500000025758416
4755,4.0,1.0,3.0,3.0,4.0,3.0,2.9655170618214677
4756,4.0,1.0,3.0,3.0,5.0,2.0,2.965516996150656
4757,4.0,1.0,3.0,4.0,1.0,1.0,2.09999994631289
4758,4.0,1.0,3.0,4.0,1.0,2.0,2.100000110255764
4759,4.0,1.0,3.0,4.0,1.0,3.0,2.5714285317276744
4760,4.0,1.0,3.0,4.0,1.0,4.0,2.777777778729683
4761,4.0,1.0,3.0,4.0,2.0,2.0,2.5263157208302935
4762,4.0,1.0,3.0,4.0,2.0,3.0,2.7333333992749136
4763,4.0,1.0,3.0,4.0,2.0,4.0,2.7777777583057723
4764,4.0,1.0,3.0,4.0,3.0,2.0,2.526315840489194
4765,4.0,1.0,3.0,4.0,3.0,3.0,2.894736863163263
4766,4.0,1.0,3.0,4.0,3.0,4.0,3.000000024781889
4767,4.0,1.0,3.0,4.0,4.0,2.0,2.9655170765778833
4768,4.0,1.0,3.0,4.0,4.0,3.0,2.965517129994624
4769,4.0,1.0,3.0,4.0,4.0,4.0,3.2000000047953208
4770,4.0,1.0,3.0,4.0,5.0,3.0,2.9655171377027263
4771,4.0,1.0,3.0,4.0,5.0,5.0,3.2000000589347732
4772,4.0,1.0,3.0,5.0,1.0,2.0,2.666666916576201
4773,4.0,1.0,3.0,5.0,1.0,3.0,2.7333332689837886
4774,4.0,1.0,3.0,5.0,2.0,3.0,2.7333333876374075
4775,4.0,1.0,3.0,5.0,2.0,5.0,3.000000082080464
4776,4.0,1.0,3.0,5.0,3.0,1.0,2.7291669466003685
4777,4.0,1.0,3.0,5.0,3.0,3.0,2.8947369543381387
4778,4.0,1.0,3.0,5.0,3.0,5.0,3.000000166982122
4779,4.0,1.0,3.0,5.0,4.0,4.0,3.2500000106746305
4780,4.0,1.0,3.0,5.0,4.0,5.0,3.4545454617816165
4781,4.0,1.0,3.0,5.0,5.0,2.0,3.00000021246024
4782,4.0,1.0,3.0,5.0,5.0,4.0,3.2500000292144957
4783,4.0,1.0,4.0,1.0,1.0,3.0,1.6388890303748798
4784,4.0,1.0,4.0,1.0,2.0,2.0,2.00000009083437
4785,4.0,1.0,4.0,2.0,1.0,3.0,1.999999994308378
4786,4.0,1.0,4.0,2.0,4.0,3.0,2.38461545990701
4787,4.0,1.0,4.0,3.0,2.0,3.0,2.7333330963742046
4788,4.0,1.0,4.0,3.0,3.0,2.0,2.5000000145524894
4789,4.0,1.0,4.0,3.0,3.0,3.0,2.9655172154678113
4790,4.0,1.0,4.0,3.0,3.0,4.0,3.33333339345947
4791,4.0,1.0,4.0,4.0,1.0,1.0,2.0999999169555643
4792,4.0,1.0,4.0,4.0,1.0,4.0,2.777777787244136
4793,4.0,1.0,4.0,4.0,2.0,3.0,2.733333244216621
4794,4.0,1.0,4.0,4.0,2.0,4.0,3.00000004634206
4795,4.0,1.0,4.0,4.0,3.0,4.0,3.600000099739576
4796,4.0,1.0,4.0,4.0,4.0,3.0,2.9655172007490727
4797,4.0,1.0,4.0,4.0,4.0,4.0,3.6000000685466427
4798,4.0,1.0,4.0,5.0,1.0,3.0,2.7333332440186138
4799,4.0,1.0,4.0,5.0,2.0,4.0,3.000000046666942
4800,4.0,1.0,4.0,5.0,3.0,4.0,3.666666859835075
4801,4.0,1.0,4.0,5.0,4.0,3.0,2.9655173160136767
4802,4.0,1.0,4.0,5.0,4.0,4.0,3.846153862969892
4803,4.0,1.0,4.0,5.0,4.0,5.0,3.8461539150042756
4804,4.0,1.0,4.0,5.0,5.0,4.0,3.846153888077392
4805,4.0,1.0,4.0,5.0,5.0,5.0,3.8461539423366324
4806,4.0,1.0,5.0,3.0,3.0,1.0,2.2500001322162793
4807,4.0,1.0,5.0,3.0,4.0,4.0,3.600000113197494
4808,4.0,1.0,5.0,4.0,1.0,3.0,2.5714286892620053
4809,4.0,1.0,5.0,4.0,2.0,3.0,3.0000000065015047
4810,4.0,1.0,5.0,4.0,4.0,4.0,3.6000000872870097
4811,4.0,1.0,5.0,5.0,3.0,3.0,3.000000120388326
4812,4.0,1.0,5.0,5.0,3.0,4.0,3.6666666809115664
4813,4.0,1.0,5.0,5.0,5.0,5.0,4.000000035118549
4814,4.0,2.0,1.0,1.0,1.0,1.0,1.1628739134243111
4815,4.0,2.0,1.0,1.0,1.0,3.0,1.7359552192857965
4816,4.0,2.0,1.0,1.0,2.0,2.0,1.6718749339701493
4817,4.0,2.0,1.0,1.0,3.0,1.0,1.245033169107546
4818,4.0,2.0,1.0,1.0,3.0,2.0,1.735955168500835
4819,4.0,2.0,1.0,2.0,1.0,1.0,1.333333129743542
4820,4.0,2.0,1.0,2.0,1.0,2.0,1.671874999637731
4821,4.0,2.0,1.0,2.0,2.0,1.0,1.4285713964049427
4822,4.0,2.0,1.0,2.0,2.0,2.0,1.6718749117047247
4823,4.0,2.0,1.0,2.0,3.0,1.0,1.5714286989617023
4824,4.0,2.0,1.0,2.0,3.0,2.0,1.7359551757230602
4825,4.0,2.0,1.0,2.0,3.0,3.0,2.0000000690545647
4826,4.0,2.0,1.0,3.0,1.0,1.0,1.3333335235078287
4827,4.0,2.0,1.0,3.0,1.0,2.0,1.735954951545248
4828,4.0,2.0,1.0,3.0,2.0,1.0,1.647053636941417
4829,4.0,2.0,1.0,3.0,2.0,2.0,1.7359553824195517
4830,4.0,2.0,1.0,3.0,3.0,1.0,1.64705404450699
4831,4.0,2.0,1.0,3.0,3.0,2.0,1.8461536869621957
4832,4.0,2.0,1.0,3.0,3.0,3.0,2.199999984917845
4833,4.0,2.0,1.0,3.0,4.0,2.0,1.9999998510855221
4834,4.0,2.0,1.0,4.0,1.0,2.0,1.9333337396224326
4835,4.0,2.0,1.0,4.0,2.0,4.0,2.1428570874260684
4836,4.0,2.0,1.0,4.0,3.0,2.0,2.2000000808696294
4837,4.0,2.0,1.0,4.0,3.0,3.0,2.20000002404185
4838,4.0,2.0,1.0,4.0,4.0,1.0,1.999998996887221
4839,4.0,2.0,1.0,4.0,4.0,3.0,2.2000000093692353
4840,4.0,2.0,1.0,4.0,4.0,4.0,2.250000606169887
4841,4.0,2.0,1.0,4.0,4.0,5.0,2.531914993658668
4842,4.0,2.0,1.0,4.0,5.0,4.0,2.2500008131757796
4843,4.0,2.0,1.0,5.0,1.0,3.0,1.9399997680787824
4844,4.0,2.0,1.0,5.0,1.0,5.0,1.9399996678868245
4845,4.0,2.0,1.0,5.0,3.0,5.0,2.5319149235061653
4846,4.0,2.0,1.0,5.0,4.0,4.0,2.531915160925599
4847,4.0,2.0,1.0,5.0,5.0,5.0,2.5319149188904992
4848,4.0,2.0,2.0,1.0,1.0,1.0,1.4999997762815271
4849,4.0,2.0,2.0,1.0,1.0,2.0,1.6363636634975722
4850,4.0,2.0,2.0,1.0,1.0,4.0,1.99999875338203
4851,4.0,2.0,2.0,1.0,2.0,1.0,1.583333287321508
4852,4.0,2.0,2.0,1.0,2.0,2.0,1.6718749971821953
4853,4.0,2.0,2.0,1.0,3.0,1.0,1.583333315942494
4854,4.0,2.0,2.0,1.0,3.0,2.0,1.999999960856453
4855,4.0,2.0,2.0,1.0,3.0,3.0,1.9999999632086927
4856,4.0,2.0,2.0,1.0,4.0,3.0,1.9999999342025128
4857,4.0,2.0,2.0,2.0,1.0,2.0,2.0000000206307673
4858,4.0,2.0,2.0,2.0,2.0,1.0,2.0000000292436106
4859,4.0,2.0,2.0,2.0,2.0,2.0,2.0961539014628663
4860,4.0,2.0,2.0,2.0,2.0,3.0,2.333333362324375
4861,4.0,2.0,2.0,2.0,3.0,1.0,2.0000001143061668
4862,4.0,2.0,2.0,2.0,3.0,2.0,2.3908045524241675
4863,4.0,2.0,2.0,2.0,3.0,3.0,2.461538502703427
4864,4.0,2.0,2.0,2.0,4.0,2.0,2.39080457468613
4865,4.0,2.0,2.0,2.0,4.0,3.0,2.461538478312449
4866,4.0,2.0,2.0,3.0,1.0,2.0,2.1428571751569447
4867,4.0,2.0,2.0,3.0,1.0,3.0,2.24999997891408
4868,4.0,2.0,2.0,3.0,2.0,2.0,2.214285697295123
4869,4.0,2.0,2.0,3.0,2.0,3.0,2.647058763612459
4870,4.0,2.0,2.0,3.0,3.0,2.0,2.500000022810617
4871,4.0,2.0,2.0,3.0,3.0,3.0,2.6470588148455203
4872,4.0,2.0,2.0,3.0,4.0,2.0,2.499999958024038
4873,4.0,2.0,2.0,3.0,4.0,3.0,2.6470587975758053
4874,4.0,2.0,2.0,3.0,4.0,4.0,2.9062501333782627
4875,4.0,2.0,2.0,3.0,4.0,5.0,2.906250038077761
4876,4.0,2.0,2.0,3.0,5.0,3.0,2.647058860146463
4877,4.0,2.0,2.0,4.0,1.0,1.0,2.087378566352831
4878,4.0,2.0,2.0,4.0,1.0,2.0,2.142857166462163
4879,4.0,2.0,2.0,4.0,1.0,3.0,2.2500000100734643
4880,4.0,2.0,2.0,4.0,1.0,4.0,2.3333332869058228
4881,4.0,2.0,2.0,4.0,2.0,1.0,2.2142860200687142
4882,4.0,2.0,2.0,4.0,2.0,2.0,2.2142855431205515
4883,4.0,2.0,2.0,4.0,2.0,3.0,2.6470588342853554
4884,4.0,2.0,2.0,4.0,2.0,4.0,2.800000063349683
4885,4.0,2.0,2.0,4.0,3.0,2.0,2.729166718509835
4886,4.0,2.0,2.0,4.0,3.0,3.0,2.7999999594233405
4887,4.0,2.0,2.0,4.0,3.0,4.0,2.800000123235016
4888,4.0,2.0,2.0,4.0,4.0,3.0,2.906250010931301
4889,4.0,2.0,2.0,4.0,4.0,4.0,2.906250006515746
4890,4.0,2.0,2.0,4.0,4.0,5.0,2.9062499523406036
4891,4.0,2.0,2.0,4.0,5.0,4.0,2.9062498327171866
4892,4.0,2.0,2.0,4.0,5.0,5.0,2.906249933740281
4893,4.0,2.0,2.0,5.0,1.0,1.0,2.08737852109605
4894,4.0,2.0,2.0,5.0,1.0,4.0,2.33333353555799
4895,4.0,2.0,2.0,5.0,2.0,3.0,2.9062498906994283
4896,4.0,2.0,2.0,5.0,2.0,5.0,2.9062503885881887
4897,4.0,2.0,2.0,5.0,3.0,3.0,2.9062497345871
4898,4.0,2.0,2.0,5.0,3.0,5.0,2.9062501682143487
4899,4.0,2.0,2.0,5.0,4.0,4.0,2.9062498805286
4900,4.0,2.0,2.0,5.0,4.0,5.0,2.906249994504247
4901,4.0,2.0,2.0,5.0,5.0,3.0,3.000000071065373
4902,4.0,2.0,3.0,1.0,1.0,1.0,1.551724190145107
4903,4.0,2.0,3.0,1.0,2.0,1.0,1.5833333615765277
4904,4.0,2.0,3.0,1.0,3.0,2.0,1.999999929811448
4905,4.0,2.0,3.0,1.0,3.0,3.0,2.4117646960376122
4906,4.0,2.0,3.0,1.0,5.0,3.0,2.4444442286808172
4907,4.0,2.0,3.0,2.0,1.0,2.0,2.064516143452185
4908,4.0,2.0,3.0,2.0,1.0,3.0,2.2000000072563486
4909,4.0,2.0,3.0,2.0,2.0,2.0,2.446153856940701
4910,4.0,2.0,3.0,2.0,2.0,3.0,2.4461538478050384
4911,4.0,2.0,3.0,2.0,3.0,1.0,2.0000001135210077
4912,4.0,2.0,3.0,2.0,3.0,2.0,2.5675675501833837
4913,4.0,2.0,3.0,2.0,3.0,3.0,2.666666684559224
4914,4.0,2.0,3.0,2.0,3.0,4.0,2.6666666992200425
4915,4.0,2.0,3.0,2.0,4.0,3.0,3.0000000232201534
4916,4.0,2.0,3.0,2.0,4.0,4.0,3.0000000267311773
4917,4.0,2.0,3.0,3.0,1.0,2.0,2.472222226552046
4918,4.0,2.0,3.0,3.0,1.0,3.0,2.636363620152767
4919,4.0,2.0,3.0,3.0,1.0,4.0,2.666666729454627
4920,4.0,2.0,3.0,3.0,2.0,1.0,2.4999999310057293
4921,4.0,2.0,3.0,3.0,2.0,2.0,2.500000025723682
4922,4.0,2.0,3.0,3.0,2.0,3.0,2.851851845427431
4923,4.0,2.0,3.0,3.0,2.0,4.0,3.000000022884555
4924,4.0,2.0,3.0,3.0,3.0,2.0,2.729166638663763
4925,4.0,2.0,3.0,3.0,3.0,3.0,3.06382978838183
4926,4.0,2.0,3.0,3.0,3.0,4.0,3.063829796324649
4927,4.0,2.0,3.0,3.0,4.0,3.0,3.071428573074995
4928,4.0,2.0,3.0,3.0,4.0,4.0,3.301204839623277
4929,4.0,2.0,3.0,3.0,4.0,5.0,3.301204838890227
4930,4.0,2.0,3.0,3.0,5.0,2.0,3.000000060986319
4931,4.0,2.0,3.0,3.0,5.0,3.0,3.0714285552015825
4932,4.0,2.0,3.0,4.0,1.0,1.0,2.099999950169595
4933,4.0,2.0,3.0,4.0,1.0,2.0,2.4722222286563125
4934,4.0,2.0,3.0,4.0,1.0,3.0,2.636363649417806
4935,4.0,2.0,3.0,4.0,1.0,4.0,2.8108107933349102
4936,4.0,2.0,3.0,4.0,2.0,2.0,2.67105255596104
4937,4.0,2.0,3.0,4.0,2.0,3.0,2.851851863785356
4938,4.0,2.0,3.0,4.0,2.0,4.0,3.08333331208318
4939,4.0,2.0,3.0,4.0,3.0,2.0,2.7291666521459343
4940,4.0,2.0,3.0,4.0,3.0,3.0,3.08108108230893
4941,4.0,2.0,3.0,4.0,3.0,4.0,3.3012047895269196
4942,4.0,2.0,3.0,4.0,3.0,5.0,3.416666694133531
4943,4.0,2.0,3.0,4.0,4.0,2.0,2.9999998334914357
4944,4.0,2.0,3.0,4.0,4.0,3.0,3.1666666678588964
4945,4.0,2.0,3.0,4.0,4.0,4.0,3.301204833121965
4946,4.0,2.0,3.0,4.0,4.0,5.0,3.814814800482047
4947,4.0,2.0,3.0,4.0,5.0,2.0,3.0000005015426447
4948,4.0,2.0,3.0,4.0,5.0,3.0,3.166666685409781
4949,4.0,2.0,3.0,4.0,5.0,4.0,3.3012048576789885
4950,4.0,2.0,3.0,5.0,1.0,3.0,2.999999922981669
4951,4.0,2.0,3.0,5.0,1.0,4.0,3.000000020540325
4952,4.0,2.0,3.0,5.0,2.0,3.0,3.000000005351648
4953,4.0,2.0,3.0,5.0,2.0,4.0,3.083333380093688
4954,4.0,2.0,3.0,5.0,2.0,5.0,3.0833334492433346
4955,4.0,2.0,3.0,5.0,3.0,2.0,2.7291663474153083
4956,4.0,2.0,3.0,5.0,3.0,3.0,3.1666666412735176
4957,4.0,2.0,3.0,5.0,3.0,4.0,3.466666674637723
4958,4.0,2.0,3.0,5.0,3.0,5.0,3.5555555703367507
4959,4.0,2.0,3.0,5.0,4.0,3.0,3.166666669738494
4960,4.0,2.0,3.0,5.0,4.0,4.0,3.4666666528561434
4961,4.0,2.0,3.0,5.0,4.0,5.0,3.814814821774391
4962,4.0,2.0,3.0,5.0,5.0,2.0,3.166666617406162
4963,4.0,2.0,3.0,5.0,5.0,3.0,3.166666660248261
4964,4.0,2.0,3.0,5.0,5.0,4.0,3.4666666793567633
4965,4.0,2.0,3.0,5.0,5.0,5.0,3.9811320706172855
4966,4.0,2.0,4.0,1.0,1.0,1.0,1.5517241488280975
4967,4.0,2.0,4.0,1.0,2.0,2.0,2.000000010090168
4968,4.0,2.0,4.0,1.0,3.0,3.0,2.666666740726176
4969,4.0,2.0,4.0,1.0,4.0,2.0,1.999999935952289
4970,4.0,2.0,4.0,2.0,1.0,3.0,2.200000031917524
4971,4.0,2.0,4.0,2.0,2.0,2.0,2.4461538514315233
4972,4.0,2.0,4.0,2.0,4.0,3.0,3.000000042613785
4973,4.0,2.0,4.0,2.0,4.0,4.0,3.3846154059213034
4974,4.0,2.0,4.0,3.0,1.0,3.0,2.636363658077303
4975,4.0,2.0,4.0,3.0,1.0,4.0,2.6666667365184664
4976,4.0,2.0,4.0,3.0,2.0,3.0,2.999999972386233
4977,4.0,2.0,4.0,3.0,2.0,4.0,3.29729731632833
4978,4.0,2.0,4.0,3.0,3.0,1.0,2.7291667359356024
4979,4.0,2.0,4.0,3.0,3.0,2.0,2.940476185703714
4980,4.0,2.0,4.0,3.0,3.0,3.0,3.0638297969556945
4981,4.0,2.0,4.0,3.0,3.0,4.0,3.5384615346785466
4982,4.0,2.0,4.0,3.0,4.0,3.0,3.370370371959326
4983,4.0,2.0,4.0,3.0,4.0,4.0,3.5384615639041637
4984,4.0,2.0,4.0,3.0,4.0,5.0,3.538461559234837
4985,4.0,2.0,4.0,3.0,5.0,1.0,3.1212121192711075
4986,4.0,2.0,4.0,3.0,5.0,4.0,3.9444444622949213
4987,4.0,2.0,4.0,4.0,1.0,3.0,2.6363636542724027
4988,4.0,2.0,4.0,4.0,1.0,4.0,2.810810832464953
4989,4.0,2.0,4.0,4.0,2.0,4.0,3.464285688865751
4990,4.0,2.0,4.0,4.0,3.0,2.0,3.000000010465931
4991,4.0,2.0,4.0,4.0,3.0,3.0,3.357142863712637
4992,4.0,2.0,4.0,4.0,3.0,4.0,3.692307690769715
4993,4.0,2.0,4.0,4.0,3.0,5.0,3.6923077100556085
4994,4.0,2.0,4.0,4.0,4.0,2.0,3.000000113614759
4995,4.0,2.0,4.0,4.0,4.0,3.0,3.3703703808494616
4996,4.0,2.0,4.0,4.0,4.0,4.0,3.6923076982174567
4997,4.0,2.0,4.0,4.0,4.0,5.0,4.000000014804334
4998,4.0,2.0,4.0,4.0,5.0,3.0,3.3703703542002565
4999,4.0,2.0,4.0,4.0,5.0,4.0,3.94444446010014
5000,4.0,2.0,4.0,4.0,5.0,5.0,4.000000044605284
5001,4.0,2.0,4.0,5.0,2.0,3.0,3.000000079650052
5002,4.0,2.0,4.0,5.0,2.0,4.0,3.464285728103846
5003,4.0,2.0,4.0,5.0,2.0,5.0,3.464285684371793
5004,4.0,2.0,4.0,5.0,3.0,4.0,3.8000000285749396
5005,4.0,2.0,4.0,5.0,3.0,5.0,3.8000000053581893
5006,4.0,2.0,4.0,5.0,4.0,3.0,3.818181839586539
5007,4.0,2.0,4.0,5.0,4.0,4.0,3.916666672623782
5008,4.0,2.0,4.0,5.0,4.0,5.0,4.09146341882284
5009,4.0,2.0,4.0,5.0,5.0,2.0,3.81818188005863
5010,4.0,2.0,4.0,5.0,5.0,4.0,4.000000010303615
5011,4.0,2.0,4.0,5.0,5.0,5.0,4.252475234259275
5012,4.0,2.0,5.0,3.0,1.0,1.0,2.000000036478813
5013,4.0,2.0,5.0,3.0,2.0,4.0,3.2972973086996786
5014,4.0,2.0,5.0,3.0,3.0,1.0,2.729166663731211
5015,4.0,2.0,5.0,3.0,3.0,3.0,3.400000038444036
5016,4.0,2.0,5.0,3.0,4.0,3.0,3.400000050947474
5017,4.0,2.0,5.0,3.0,5.0,2.0,3.121212111963828
5018,4.0,2.0,5.0,3.0,5.0,3.0,3.428571480743218
5019,4.0,2.0,5.0,3.0,5.0,4.0,3.9444444395016833
5020,4.0,2.0,5.0,4.0,1.0,1.0,2.0999998394179262
5021,4.0,2.0,5.0,4.0,3.0,3.0,3.400000048660339
5022,4.0,2.0,5.0,4.0,3.0,4.0,3.8000000128462963
5023,4.0,2.0,5.0,4.0,4.0,3.0,3.428571480766966
5024,4.0,2.0,5.0,4.0,4.0,4.0,3.94444445363392
5025,4.0,2.0,5.0,4.0,4.0,5.0,4.000000017235985
5026,4.0,2.0,5.0,4.0,5.0,3.0,3.428571429841168
5027,4.0,2.0,5.0,4.0,5.0,4.0,3.944444460243297
5028,4.0,2.0,5.0,4.0,5.0,5.0,4.250000002252371
5029,4.0,2.0,5.0,5.0,2.0,2.0,3.000000069106511
5030,4.0,2.0,5.0,5.0,2.0,4.0,3.4642858112894332
5031,4.0,2.0,5.0,5.0,2.0,5.0,3.46428573987738
5032,4.0,2.0,5.0,5.0,3.0,3.0,3.8125000106389235
5033,4.0,2.0,5.0,5.0,3.0,4.0,4.000000046490554
5034,4.0,2.0,5.0,5.0,3.0,5.0,4.0000000430374865
5035,4.0,2.0,5.0,5.0,4.0,1.0,3.7931035141288563
5036,4.0,2.0,5.0,5.0,4.0,4.0,4.000000056794452
5037,4.0,2.0,5.0,5.0,5.0,3.0,4.000000000564073
5038,4.0,2.0,5.0,5.0,5.0,4.0,4.142857151302666
5039,4.0,2.0,5.0,5.0,5.0,5.0,4.277777782364949
5040,4.0,3.0,1.0,1.0,1.0,1.0,1.2450330559186147
5041,4.0,3.0,1.0,1.0,1.0,2.0,1.7359550223933229
5042,4.0,3.0,1.0,1.0,2.0,1.0,1.2450330782054793
5043,4.0,3.0,1.0,1.0,2.0,2.0,1.7359550517738358
5044,4.0,3.0,1.0,1.0,3.0,1.0,1.2450331721838723
5045,4.0,3.0,1.0,1.0,3.0,2.0,1.7359550439203484
5046,4.0,3.0,1.0,1.0,3.0,3.0,1.7359550550957854
5047,4.0,3.0,1.0,1.0,4.0,3.0,1.9999999878132015
5048,4.0,3.0,1.0,2.0,1.0,1.0,1.4380951972845242
5049,4.0,3.0,1.0,2.0,1.0,2.0,1.7359550153143304
5050,4.0,3.0,1.0,2.0,1.0,3.0,1.9999999856186452
5051,4.0,3.0,1.0,2.0,2.0,1.0,1.4380952076765796
5052,4.0,3.0,1.0,2.0,2.0,2.0,1.8400000051536032
5053,4.0,3.0,1.0,2.0,2.0,3.0,1.9999999969540105
5054,4.0,3.0,1.0,2.0,3.0,1.0,1.7499997120716728
5055,4.0,3.0,1.0,2.0,3.0,2.0,1.999999995576912
5056,4.0,3.0,1.0,2.0,3.0,3.0,2.241379241542066
5057,4.0,3.0,1.0,2.0,3.0,4.0,2.526315804716814
5058,4.0,3.0,1.0,2.0,4.0,1.0,1.9166669217906938
5059,4.0,3.0,1.0,2.0,4.0,2.0,1.9999999496020306
5060,4.0,3.0,1.0,2.0,4.0,3.0,2.3124999608853085
5061,4.0,3.0,1.0,3.0,1.0,1.0,1.438095243467035
5062,4.0,3.0,1.0,3.0,1.0,2.0,1.7359549489480504
5063,4.0,3.0,1.0,3.0,1.0,3.0,1.9999999868816645
5064,4.0,3.0,1.0,3.0,1.0,4.0,2.333333379264111
5065,4.0,3.0,1.0,3.0,2.0,1.0,1.7499999396819963
5066,4.0,3.0,1.0,3.0,2.0,2.0,1.9473685059683725
5067,4.0,3.0,1.0,3.0,2.0,3.0,2.0156250144819756
5068,4.0,3.0,1.0,3.0,3.0,1.0,1.74999971072221
5069,4.0,3.0,1.0,3.0,3.0,2.0,2.1842105366407054
5070,4.0,3.0,1.0,3.0,3.0,3.0,2.3749999755345983
5071,4.0,3.0,1.0,3.0,3.0,4.0,2.526315794681828
5072,4.0,3.0,1.0,3.0,4.0,1.0,1.9166668140856813
5073,4.0,3.0,1.0,3.0,4.0,3.0,2.3750000039322074
5074,4.0,3.0,1.0,3.0,4.0,4.0,2.5319149253277433
5075,4.0,3.0,1.0,3.0,5.0,3.0,2.374999938270399
5076,4.0,3.0,1.0,4.0,1.0,1.0,1.4380953624324266
5077,4.0,3.0,1.0,4.0,1.0,2.0,1.9333333008027795
5078,4.0,3.0,1.0,4.0,1.0,3.0,1.999999997944885
5079,4.0,3.0,1.0,4.0,1.0,5.0,2.531915006906429
5080,4.0,3.0,1.0,4.0,2.0,1.0,1.9999780887348648
5081,4.0,3.0,1.0,4.0,2.0,2.0,2.1666667417900976
5082,4.0,3.0,1.0,4.0,2.0,3.0,2.333333347117343
5083,4.0,3.0,1.0,4.0,3.0,1.0,1.9999986988749012
5084,4.0,3.0,1.0,4.0,3.0,2.0,2.200000155731095
5085,4.0,3.0,1.0,4.0,3.0,3.0,2.5000000661082526
5086,4.0,3.0,1.0,4.0,3.0,4.0,2.5263158019518532
5087,4.0,3.0,1.0,4.0,4.0,3.0,2.500000010679865
5088,4.0,3.0,1.0,4.0,4.0,4.0,2.531914917067128
5089,4.0,3.0,1.0,4.0,5.0,5.0,3.3750000205136805
5090,4.0,3.0,1.0,5.0,1.0,3.0,2.0000000016093935
5091,4.0,3.0,1.0,5.0,1.0,5.0,2.5319150218420323
5092,4.0,3.0,1.0,5.0,2.0,1.0,1.9999823395282041
5093,4.0,3.0,1.0,5.0,3.0,2.0,2.5000001732612804
5094,4.0,3.0,1.0,5.0,3.0,3.0,2.500000133601955
5095,4.0,3.0,1.0,5.0,4.0,5.0,2.5319149814430184
5096,4.0,3.0,1.0,5.0,5.0,3.0,3.00000001060505
5097,4.0,3.0,1.0,5.0,5.0,5.0,3.375000168087255
5098,4.0,3.0,2.0,1.0,1.0,1.0,1.5517241596477418
5099,4.0,3.0,2.0,1.0,1.0,2.0,1.783783794693707
5100,4.0,3.0,2.0,1.0,2.0,1.0,1.6428571418864828
5101,4.0,3.0,2.0,1.0,2.0,2.0,1.7837838033983966
5102,4.0,3.0,2.0,1.0,2.0,3.0,2.000000023010137
5103,4.0,3.0,2.0,1.0,3.0,1.0,1.6666666653422095
5104,4.0,3.0,2.0,1.0,3.0,2.0,2.0000000061034746
5105,4.0,3.0,2.0,1.0,3.0,3.0,2.0877193106834215
5106,4.0,3.0,2.0,1.0,4.0,2.0,2.0000000237232136
5107,4.0,3.0,2.0,1.0,4.0,3.0,2.087719375480788
5108,4.0,3.0,2.0,1.0,5.0,1.0,1.999999673247574
5109,4.0,3.0,2.0,2.0,1.0,1.0,1.608695641264939
5110,4.0,3.0,2.0,2.0,1.0,2.0,2.2782608459962175
5111,4.0,3.0,2.0,2.0,1.0,3.0,2.2782608524164822
5112,4.0,3.0,2.0,2.0,2.0,1.0,2.000000044025032
5113,4.0,3.0,2.0,2.0,2.0,2.0,2.278260855644988
5114,4.0,3.0,2.0,2.0,2.0,3.0,2.393939403014048
5115,4.0,3.0,2.0,2.0,3.0,1.0,2.000000095750724
5116,4.0,3.0,2.0,2.0,3.0,2.0,2.3908046049308096
5117,4.0,3.0,2.0,2.0,3.0,3.0,2.6111110937771813
5118,4.0,3.0,2.0,2.0,3.0,4.0,2.666666709530154
5119,4.0,3.0,2.0,2.0,4.0,2.0,2.390804594111262
5120,4.0,3.0,2.0,2.0,4.0,3.0,2.6428571456423806
5121,4.0,3.0,2.0,2.0,4.0,4.0,2.6666667131088073
5122,4.0,3.0,2.0,2.0,5.0,3.0,2.66666670585708
5123,4.0,3.0,2.0,2.0,5.0,4.0,3.000000100384063
5124,4.0,3.0,2.0,3.0,1.0,1.0,2.04999998518316
5125,4.0,3.0,2.0,3.0,1.0,2.0,2.2782608520954346
5126,4.0,3.0,2.0,3.0,1.0,3.0,2.4383561529713553
5127,4.0,3.0,2.0,3.0,1.0,4.0,2.438356146209679
5128,4.0,3.0,2.0,3.0,2.0,1.0,2.2142858804650096
5129,4.0,3.0,2.0,3.0,2.0,2.0,2.315789482037847
5130,4.0,3.0,2.0,3.0,2.0,3.0,2.6666666690963896
5131,4.0,3.0,2.0,3.0,2.0,4.0,2.806451608376446
5132,4.0,3.0,2.0,3.0,3.0,1.0,2.214285725613949
5133,4.0,3.0,2.0,3.0,3.0,2.0,2.5000000035061323
5134,4.0,3.0,2.0,3.0,3.0,3.0,2.821428573371492
5135,4.0,3.0,2.0,3.0,3.0,4.0,2.8214285807576456
5136,4.0,3.0,2.0,3.0,4.0,1.0,2.5000000665005353
5137,4.0,3.0,2.0,3.0,4.0,2.0,2.4999999734016622
5138,4.0,3.0,2.0,3.0,4.0,3.0,2.866666669834129
5139,4.0,3.0,2.0,3.0,4.0,4.0,3.1666667075915256
5140,4.0,3.0,2.0,3.0,5.0,2.0,3.0500000624538526
5141,4.0,3.0,2.0,3.0,5.0,3.0,3.050000044815235
5142,4.0,3.0,2.0,3.0,5.0,4.0,3.166666677998998
5143,4.0,3.0,2.0,4.0,1.0,1.0,2.0873787203545766
5144,4.0,3.0,2.0,4.0,1.0,2.0,2.3750000172674084
5145,4.0,3.0,2.0,4.0,1.0,3.0,2.4383561527528985
5146,4.0,3.0,2.0,4.0,1.0,4.0,2.438356179103802
5147,4.0,3.0,2.0,4.0,2.0,2.0,2.4999999944233133
5148,4.0,3.0,2.0,4.0,2.0,3.0,2.857142863011784
5149,4.0,3.0,2.0,4.0,2.0,4.0,2.9655172564550942
5150,4.0,3.0,2.0,4.0,2.0,5.0,2.965517396829493
5151,4.0,3.0,2.0,4.0,3.0,1.0,2.214285800654126
5152,4.0,3.0,2.0,4.0,3.0,2.0,2.7326732847730906
5153,4.0,3.0,2.0,4.0,3.0,3.0,2.968749984240266
5154,4.0,3.0,2.0,4.0,3.0,4.0,3.058823533762385
5155,4.0,3.0,2.0,4.0,4.0,1.0,2.66666650077631
5156,4.0,3.0,2.0,4.0,4.0,2.0,2.7326732671037943
5157,4.0,3.0,2.0,4.0,4.0,3.0,3.000000005219976
5158,4.0,3.0,2.0,4.0,4.0,4.0,3.2571428586851128
5159,4.0,3.0,2.0,4.0,5.0,2.0,3.050000095646106
5160,4.0,3.0,2.0,4.0,5.0,3.0,3.050000067101475
5161,4.0,3.0,2.0,4.0,5.0,4.0,3.3333333475640714
5162,4.0,3.0,2.0,4.0,5.0,5.0,3.6666667053177666
5163,4.0,3.0,2.0,5.0,1.0,1.0,2.087378659254605
5164,4.0,3.0,2.0,5.0,1.0,3.0,2.500000030692156
5165,4.0,3.0,2.0,5.0,1.0,4.0,2.531914936373475
5166,4.0,3.0,2.0,5.0,1.0,5.0,2.531914993039752
5167,4.0,3.0,2.0,5.0,2.0,1.0,2.214285527418416
5168,4.0,3.0,2.0,5.0,2.0,2.0,2.7326731362475014
5169,4.0,3.0,2.0,5.0,2.0,3.0,2.959183669104257
5170,4.0,3.0,2.0,5.0,2.0,4.0,2.9655173045859025
5171,4.0,3.0,2.0,5.0,3.0,2.0,2.732673197780892
5172,4.0,3.0,2.0,5.0,3.0,3.0,2.9999999719602184
5173,4.0,3.0,2.0,5.0,3.0,4.0,3.237288130500848
5174,4.0,3.0,2.0,5.0,4.0,3.0,3.000000001849497
5175,4.0,3.0,2.0,5.0,4.0,4.0,3.4197530518724317
5176,4.0,3.0,2.0,5.0,4.0,5.0,3.5483871186699054
5177,4.0,3.0,2.0,5.0,5.0,2.0,3.0500000542863526
5178,4.0,3.0,2.0,5.0,5.0,3.0,3.294117610828384
5179,4.0,3.0,2.0,5.0,5.0,4.0,3.419753084669559
5180,4.0,3.0,2.0,5.0,5.0,5.0,3.857142872774473
5181,4.0,3.0,3.0,1.0,1.0,1.0,1.5517241839237008
5182,4.0,3.0,3.0,1.0,1.0,2.0,1.888888888772495
5183,4.0,3.0,3.0,1.0,1.0,3.0,2.166666666975221
5184,4.0,3.0,3.0,1.0,1.0,4.0,2.576923081596144
5185,4.0,3.0,3.0,1.0,2.0,1.0,1.7142857087097354
5186,4.0,3.0,3.0,1.0,2.0,2.0,2.0930232567327356
5187,4.0,3.0,3.0,1.0,3.0,1.0,1.7999999893949759
5188,4.0,3.0,3.0,1.0,3.0,2.0,2.093023262022059
5189,4.0,3.0,3.0,1.0,3.0,3.0,2.4117647010939343
5190,4.0,3.0,3.0,1.0,4.0,1.0,1.9999999763498213
5191,4.0,3.0,3.0,1.0,4.0,2.0,2.0930232586834467
5192,4.0,3.0,3.0,1.0,4.0,3.0,2.500000001673276
5193,4.0,3.0,3.0,1.0,4.0,4.0,2.5769230515139228
5194,4.0,3.0,3.0,2.0,1.0,1.0,2.087378586297322
5195,4.0,3.0,3.0,2.0,1.0,2.0,2.2782608613457818
5196,4.0,3.0,3.0,2.0,1.0,3.0,2.576923126868596
5197,4.0,3.0,3.0,2.0,1.0,4.0,2.57692311381915
5198,4.0,3.0,3.0,2.0,2.0,1.0,2.0873786074169756
5199,4.0,3.0,3.0,2.0,2.0,2.0,2.5000000029076515
5200,4.0,3.0,3.0,2.0,2.0,3.0,2.8333333135791405
5201,4.0,3.0,3.0,2.0,2.0,4.0,2.956521748332152
5202,4.0,3.0,3.0,2.0,3.0,1.0,2.222222221621476
5203,4.0,3.0,3.0,2.0,3.0,2.0,2.56756757343032
5204,4.0,3.0,3.0,2.0,3.0,3.0,2.8333333511814867
5205,4.0,3.0,3.0,2.0,3.0,4.0,2.9565217521541567
5206,4.0,3.0,3.0,2.0,4.0,2.0,2.750000008090915
5207,4.0,3.0,3.0,2.0,4.0,3.0,3.009174310766166
5208,4.0,3.0,3.0,2.0,4.0,4.0,3.009174310434352
5209,4.0,3.0,3.0,2.0,5.0,3.0,3.00917431925961
5210,4.0,3.0,3.0,2.0,5.0,4.0,3.0091743076237365
5211,4.0,3.0,3.0,2.0,5.0,5.0,3.3846154130597506
5212,4.0,3.0,3.0,3.0,1.0,1.0,2.0873785995682135
5213,4.0,3.0,3.0,3.0,1.0,2.0,2.472222224658229
5214,4.0,3.0,3.0,3.0,1.0,3.0,2.7000000021371413
5215,4.0,3.0,3.0,3.0,1.0,4.0,2.8108108186062823
5216,4.0,3.0,3.0,3.0,2.0,1.0,2.585365876866631
5217,4.0,3.0,3.0,3.0,2.0,2.0,2.7058823345677028
5218,4.0,3.0,3.0,3.0,2.0,3.0,2.90476190571703
5219,4.0,3.0,3.0,3.0,2.0,4.0,3.297297289900725
5220,4.0,3.0,3.0,3.0,2.0,5.0,3.297297290314532
5221,4.0,3.0,3.0,3.0,3.0,1.0,2.585365884184404
5222,4.0,3.0,3.0,3.0,3.0,2.0,2.9404761864269644
5223,4.0,3.0,3.0,3.0,3.0,3.0,3.166144196648042
5224,4.0,3.0,3.0,3.0,3.0,4.0,3.4857142890296804
5225,4.0,3.0,3.0,3.0,4.0,2.0,2.940476195293686
5226,4.0,3.0,3.0,3.0,4.0,3.0,3.206185568089393
5227,4.0,3.0,3.0,3.0,4.0,4.0,3.5544554394844505
5228,4.0,3.0,3.0,3.0,4.0,5.0,3.6666666528341607
5229,4.0,3.0,3.0,3.0,5.0,3.0,3.285714290949219
5230,4.0,3.0,3.0,3.0,5.0,4.0,3.554455472105078
5231,4.0,3.0,3.0,3.0,5.0,5.0,3.6666667107542024
5232,4.0,3.0,3.0,4.0,1.0,1.0,2.0999999638577136
5233,4.0,3.0,3.0,4.0,1.0,2.0,2.4722222293211513
5234,4.0,3.0,3.0,4.0,1.0,3.0,2.8108108142934154
5235,4.0,3.0,3.0,4.0,1.0,4.0,2.8108108201257718
5236,4.0,3.0,3.0,4.0,1.0,5.0,2.925000007039413
5237,4.0,3.0,3.0,4.0,2.0,1.0,2.6000002705643306
5238,4.0,3.0,3.0,4.0,2.0,2.0,2.9404762020436004
5239,4.0,3.0,3.0,4.0,2.0,3.0,3.1290322589152093
5240,4.0,3.0,3.0,4.0,2.0,4.0,3.2972972987574707
5241,4.0,3.0,3.0,4.0,2.0,5.0,3.5000000294190734
5242,4.0,3.0,3.0,4.0,3.0,2.0,2.9404761981341605
5243,4.0,3.0,3.0,4.0,3.0,3.0,3.2823529417371264
5244,4.0,3.0,3.0,4.0,3.0,4.0,3.624999992153814
5245,4.0,3.0,3.0,4.0,3.0,5.0,3.687499991521553
5246,4.0,3.0,3.0,4.0,4.0,1.0,2.6666667001029176
5247,4.0,3.0,3.0,4.0,4.0,2.0,3.0588235354659585
5248,4.0,3.0,3.0,4.0,4.0,3.0,3.364640884769919
5249,4.0,3.0,3.0,4.0,4.0,4.0,3.7340720228616515
5250,4.0,3.0,3.0,4.0,4.0,5.0,3.814814822042496
5251,4.0,3.0,3.0,4.0,5.0,2.0,3.05882353738974
5252,4.0,3.0,3.0,4.0,5.0,3.0,3.64583332560872
5253,4.0,3.0,3.0,4.0,5.0,4.0,3.7446808534851206
5254,4.0,3.0,3.0,4.0,5.0,5.0,3.814814824533279
5255,4.0,3.0,3.0,5.0,1.0,1.0,2.1000000890721835
5256,4.0,3.0,3.0,5.0,1.0,3.0,2.9999999399768185
5257,4.0,3.0,3.0,5.0,1.0,4.0,2.999999962042274
5258,4.0,3.0,3.0,5.0,1.0,5.0,3.0000000417255737
5259,4.0,3.0,3.0,5.0,2.0,1.0,2.5999997757079623
5260,4.0,3.0,3.0,5.0,2.0,2.0,3.0714285790172045
5261,4.0,3.0,3.0,5.0,2.0,3.0,3.235849060519859
5262,4.0,3.0,3.0,5.0,2.0,4.0,3.297297317385222
5263,4.0,3.0,3.0,5.0,2.0,5.0,3.538461544284034
5264,4.0,3.0,3.0,5.0,3.0,2.0,3.166666702427183
5265,4.0,3.0,3.0,5.0,3.0,3.0,3.2823529459658003
5266,4.0,3.0,3.0,5.0,3.0,4.0,3.625000054738362
5267,4.0,3.0,3.0,5.0,3.0,5.0,3.687500014149229
5268,4.0,3.0,3.0,5.0,4.0,2.0,3.1666666614770382
5269,4.0,3.0,3.0,5.0,4.0,3.0,3.421052631044923
5270,4.0,3.0,3.0,5.0,4.0,4.0,3.846153848147286
5271,4.0,3.0,3.0,5.0,4.0,5.0,3.971428574842919
5272,4.0,3.0,3.0,5.0,5.0,2.0,3.166666622781824
5273,4.0,3.0,3.0,5.0,5.0,3.0,3.6666666700776394
5274,4.0,3.0,3.0,5.0,5.0,4.0,3.9658119738103497
5275,4.0,3.0,3.0,5.0,5.0,5.0,3.9811320805538823
5276,4.0,3.0,4.0,1.0,1.0,1.0,1.5517241779162465
5277,4.0,3.0,4.0,1.0,1.0,2.0,2.0000000303246988
5278,4.0,3.0,4.0,1.0,1.0,3.0,2.166666686670221
5279,4.0,3.0,4.0,1.0,2.0,1.0,1.7999999669015243
5280,4.0,3.0,4.0,1.0,2.0,3.0,2.500000077514515
5281,4.0,3.0,4.0,1.0,3.0,1.0,1.799999986305689
5282,4.0,3.0,4.0,1.0,3.0,3.0,2.666666684420877
5283,4.0,3.0,4.0,1.0,4.0,5.0,2.6666667170928235
5284,4.0,3.0,4.0,2.0,1.0,2.0,2.47222223145747
5285,4.0,3.0,4.0,2.0,2.0,1.0,2.0873786218247856
5286,4.0,3.0,4.0,2.0,2.0,2.0,2.6075949328629173
5287,4.0,3.0,4.0,2.0,2.0,3.0,2.83333332367437
5288,4.0,3.0,4.0,2.0,3.0,1.0,2.2222222430408136
5289,4.0,3.0,4.0,2.0,3.0,2.0,2.8181818284235907
5290,4.0,3.0,4.0,2.0,3.0,3.0,2.9433962430897105
5291,4.0,3.0,4.0,2.0,3.0,4.0,3.0952381028219467
5292,4.0,3.0,4.0,2.0,4.0,2.0,2.8181818362661626
5293,4.0,3.0,4.0,2.0,4.0,3.0,3.009174305991681
5294,4.0,3.0,4.0,2.0,4.0,4.0,3.384615423366941
5295,4.0,3.0,4.0,2.0,5.0,3.0,3.281250016188077
5296,4.0,3.0,4.0,2.0,5.0,5.0,3.3846154228539667
5297,4.0,3.0,4.0,3.0,1.0,2.0,2.472222227962048
5298,4.0,3.0,4.0,3.0,1.0,3.0,2.881355922757342
5299,4.0,3.0,4.0,3.0,2.0,2.0,2.749999998890632
5300,4.0,3.0,4.0,3.0,2.0,3.0,3.297297294136434
5301,4.0,3.0,4.0,3.0,2.0,4.0,3.297297299507478
5302,4.0,3.0,4.0,3.0,3.0,1.0,2.729166603893415
5303,4.0,3.0,4.0,3.0,3.0,2.0,2.940476198331202
5304,4.0,3.0,4.0,3.0,3.0,3.0,3.400000001055111
5305,4.0,3.0,4.0,3.0,3.0,4.0,3.8139534920574287
5306,4.0,3.0,4.0,3.0,3.0,5.0,3.8203592896268095
5307,4.0,3.0,4.0,3.0,4.0,2.0,3.0000000133280014
5308,4.0,3.0,4.0,3.0,4.0,3.0,3.5851063803911765
5309,4.0,3.0,4.0,3.0,4.0,4.0,3.890000002261299
5310,4.0,3.0,4.0,3.0,4.0,5.0,3.89000000995095
5311,4.0,3.0,4.0,3.0,5.0,2.0,3.121212275875513
5312,4.0,3.0,4.0,3.0,5.0,3.0,3.5851064277579723
5313,4.0,3.0,4.0,3.0,5.0,4.0,3.9444444585522658
5314,4.0,3.0,4.0,3.0,5.0,5.0,3.94444448748114
5315,4.0,3.0,4.0,4.0,1.0,1.0,2.7291665628145974
5316,4.0,3.0,4.0,4.0,1.0,2.0,2.7291666678421227
5317,4.0,3.0,4.0,4.0,1.0,3.0,2.88235294066668
5318,4.0,3.0,4.0,4.0,1.0,4.0,3.2000000059614755
5319,4.0,3.0,4.0,4.0,1.0,5.0,3.367816104644724
5320,4.0,3.0,4.0,4.0,2.0,2.0,3.1923076860647135
5321,4.0,3.0,4.0,4.0,2.0,3.0,3.4642857193951038
5322,4.0,3.0,4.0,4.0,2.0,4.0,3.5789473670210143
5323,4.0,3.0,4.0,4.0,2.0,5.0,3.578947376850851
5324,4.0,3.0,4.0,4.0,3.0,2.0,3.299999995373689
5325,4.0,3.0,4.0,4.0,3.0,3.0,3.5913461444095574
5326,4.0,3.0,4.0,4.0,3.0,4.0,3.8999999950920614
5327,4.0,3.0,4.0,4.0,3.0,5.0,3.899999999603361
5328,4.0,3.0,4.0,4.0,4.0,2.0,3.300000029919532
5329,4.0,3.0,4.0,4.0,4.0,3.0,3.815624996207351
5330,4.0,3.0,4.0,4.0,4.0,4.0,4.013546798497966
5331,4.0,3.0,4.0,4.0,4.0,5.0,4.091463413157366
5332,4.0,3.0,4.0,4.0,5.0,3.0,3.8156250419253577
5333,4.0,3.0,4.0,4.0,5.0,4.0,4.079365080759422
5334,4.0,3.0,4.0,4.0,5.0,5.0,4.215686277153208
5335,4.0,3.0,4.0,5.0,1.0,4.0,3.250000052952296
5336,4.0,3.0,4.0,5.0,2.0,3.0,3.474358981010154
5337,4.0,3.0,4.0,5.0,2.0,4.0,3.692307697621421
5338,4.0,3.0,4.0,5.0,2.0,5.0,3.692307735776995
5339,4.0,3.0,4.0,5.0,3.0,2.0,3.523809590130612
5340,4.0,3.0,4.0,5.0,3.0,3.0,3.7500000057672005
5341,4.0,3.0,4.0,5.0,3.0,4.0,3.9000000453219625
5342,4.0,3.0,4.0,5.0,3.0,5.0,4.091463416157737
5343,4.0,3.0,4.0,5.0,4.0,3.0,3.8799999958299307
5344,4.0,3.0,4.0,5.0,4.0,4.0,4.033707866198817
5345,4.0,3.0,4.0,5.0,4.0,5.0,4.091463421930655
5346,4.0,3.0,4.0,5.0,5.0,3.0,3.880000006564039
5347,4.0,3.0,4.0,5.0,5.0,4.0,4.111111112661742
5348,4.0,3.0,4.0,5.0,5.0,5.0,4.252475249367802
5349,4.0,3.0,5.0,2.0,2.0,2.0,3.0000000161633795
5350,4.0,3.0,5.0,2.0,2.0,4.0,3.000000011376196
5351,4.0,3.0,5.0,2.0,3.0,2.0,3.000000017369963
5352,4.0,3.0,5.0,2.0,3.0,3.0,3.000000010562921
5353,4.0,3.0,5.0,2.0,4.0,3.0,3.2500000036600083
5354,4.0,3.0,5.0,2.0,5.0,4.0,3.38461542989013
5355,4.0,3.0,5.0,3.0,1.0,3.0,3.2272727266400882
5356,4.0,3.0,5.0,3.0,2.0,3.0,3.47826088149008
5357,4.0,3.0,5.0,3.0,2.0,4.0,3.578947385773561
5358,4.0,3.0,5.0,3.0,3.0,3.0,3.478260876959183
5359,4.0,3.0,5.0,3.0,3.0,4.0,3.81395349799485
5360,4.0,3.0,5.0,3.0,4.0,3.0,3.7464788588140037
5361,4.0,3.0,5.0,3.0,4.0,4.0,3.9999999982564156
5362,4.0,3.0,5.0,3.0,4.0,5.0,4.000000025334706
5363,4.0,3.0,5.0,3.0,5.0,3.0,3.7464788753904346
5364,4.0,3.0,5.0,3.0,5.0,4.0,4.000000026917393
5365,4.0,3.0,5.0,3.0,5.0,5.0,4.000000044261899
5366,4.0,3.0,5.0,4.0,1.0,3.0,3.2272726839711363
5367,4.0,3.0,5.0,4.0,2.0,2.0,3.318181909304195
5368,4.0,3.0,5.0,4.0,2.0,3.0,3.4782609010915677
5369,4.0,3.0,5.0,4.0,2.0,4.0,3.5789473918493506
5370,4.0,3.0,5.0,4.0,3.0,2.0,3.3181818482214314
5371,4.0,3.0,5.0,4.0,3.0,3.0,3.591346213622991
5372,4.0,3.0,5.0,4.0,3.0,4.0,3.9583333347953946
5373,4.0,3.0,5.0,4.0,3.0,5.0,3.958333349222086
5374,4.0,3.0,5.0,4.0,4.0,2.0,3.4999999930647476
5375,4.0,3.0,5.0,4.0,4.0,3.0,3.8156250012204938
5376,4.0,3.0,5.0,4.0,4.0,4.0,4.067796611195877
5377,4.0,3.0,5.0,4.0,4.0,5.0,4.2413793140285385
5378,4.0,3.0,5.0,4.0,5.0,2.0,3.888888842272762
5379,4.0,3.0,5.0,4.0,5.0,3.0,3.909090913245293
5380,4.0,3.0,5.0,4.0,5.0,4.0,4.1899736102493526
5381,4.0,3.0,5.0,4.0,5.0,5.0,4.250000006786539
5382,4.0,3.0,5.0,5.0,1.0,4.0,3.2499999856613146
5383,4.0,3.0,5.0,5.0,2.0,3.0,3.7500000143302894
5384,4.0,3.0,5.0,5.0,2.0,4.0,3.800000010960074
5385,4.0,3.0,5.0,5.0,3.0,1.0,2.729166654528838
5386,4.0,3.0,5.0,5.0,3.0,2.0,3.5238096006399453
5387,4.0,3.0,5.0,5.0,3.0,3.0,3.812500027581117
5388,4.0,3.0,5.0,5.0,3.0,4.0,4.107142859066413
5389,4.0,3.0,5.0,5.0,3.0,5.0,4.10714286563265
5390,4.0,3.0,5.0,5.0,4.0,3.0,3.880000012952064
5391,4.0,3.0,5.0,5.0,4.0,4.0,4.1267605650709775
5392,4.0,3.0,5.0,5.0,4.0,5.0,4.420000002734719
5393,4.0,3.0,5.0,5.0,5.0,3.0,4.000000006776558
5394,4.0,3.0,5.0,5.0,5.0,4.0,4.240000001746066
5395,4.0,3.0,5.0,5.0,5.0,5.0,4.457627120169533
5396,4.0,4.0,1.0,1.0,1.0,1.0,1.416666661208066
5397,4.0,4.0,1.0,1.0,1.0,2.0,1.7359550212631332
5398,4.0,4.0,1.0,1.0,1.0,3.0,1.7580644527182667
5399,4.0,4.0,1.0,1.0,2.0,1.0,1.4166666681690168
5400,4.0,4.0,1.0,1.0,2.0,2.0,1.7359550373431019
5401,4.0,4.0,1.0,1.0,2.0,3.0,1.9999999866989315
5402,4.0,4.0,1.0,1.0,3.0,1.0,1.470588250739495
5403,4.0,4.0,1.0,1.0,3.0,2.0,2.000000009108108
5404,4.0,4.0,1.0,1.0,3.0,3.0,2.0000000057476317
5405,4.0,4.0,1.0,1.0,4.0,1.0,1.470588082324476
5406,4.0,4.0,1.0,1.0,5.0,1.0,1.4705876787567491
5407,4.0,4.0,1.0,2.0,1.0,1.0,1.5128204518553592
5408,4.0,4.0,1.0,2.0,1.0,2.0,1.7359550263691337
5409,4.0,4.0,1.0,2.0,2.0,1.0,1.749999971975041
5410,4.0,4.0,1.0,2.0,2.0,2.0,2.181818181966347
5411,4.0,4.0,1.0,2.0,2.0,3.0,2.1818181909764065
5412,4.0,4.0,1.0,2.0,2.0,4.0,2.526315807800044
5413,4.0,4.0,1.0,2.0,3.0,1.0,1.8999998832117369
5414,4.0,4.0,1.0,2.0,3.0,2.0,2.181818193213878
5415,4.0,4.0,1.0,2.0,3.0,3.0,2.2413792541812243
5416,4.0,4.0,1.0,2.0,4.0,1.0,1.9166669629919868
5417,4.0,4.0,1.0,2.0,4.0,2.0,2.181818174075843
5418,4.0,4.0,1.0,2.0,4.0,3.0,2.312499981153319
5419,4.0,4.0,1.0,3.0,1.0,1.0,1.5128204987765148
5420,4.0,4.0,1.0,3.0,1.0,2.0,1.9333333252368026
5421,4.0,4.0,1.0,3.0,1.0,3.0,2.000000000970674
5422,4.0,4.0,1.0,3.0,2.0,1.0,1.9000000252823532
5423,4.0,4.0,1.0,3.0,2.0,2.0,2.1842105260222766
5424,4.0,4.0,1.0,3.0,2.0,3.0,2.3750000076877154
5425,4.0,4.0,1.0,3.0,3.0,1.0,1.8999999818068232
5426,4.0,4.0,1.0,3.0,3.0,2.0,2.1842105129917333
5427,4.0,4.0,1.0,3.0,3.0,3.0,2.375000014362016
5428,4.0,4.0,1.0,3.0,3.0,4.0,2.5263158253710336
5429,4.0,4.0,1.0,3.0,4.0,1.0,1.916666751564842
5430,4.0,4.0,1.0,3.0,4.0,2.0,2.184210503405186
5431,4.0,4.0,1.0,3.0,4.0,3.0,2.3750000323578626
5432,4.0,4.0,1.0,3.0,5.0,1.0,1.9166665854105787
5433,4.0,4.0,1.0,4.0,1.0,1.0,1.512820550639075
5434,4.0,4.0,1.0,4.0,1.0,2.0,1.9333332358024082
5435,4.0,4.0,1.0,4.0,1.0,3.0,2.0000000291599487
5436,4.0,4.0,1.0,4.0,1.0,4.0,2.333333348108755
5437,4.0,4.0,1.0,4.0,2.0,1.0,2.000000438496333
5438,4.0,4.0,1.0,4.0,2.0,2.0,2.1842106219908595
5439,4.0,4.0,1.0,4.0,2.0,3.0,2.3750000071828623
5440,4.0,4.0,1.0,4.0,2.0,4.0,2.5263157832847103
5441,4.0,4.0,1.0,4.0,3.0,1.0,1.9999998476604206
5442,4.0,4.0,1.0,4.0,3.0,2.0,2.500000012178362
5443,4.0,4.0,1.0,4.0,3.0,3.0,2.500000009517165
5444,4.0,4.0,1.0,4.0,3.0,4.0,2.5263158142370186
5445,4.0,4.0,1.0,4.0,4.0,2.0,2.4999998476313503
5446,4.0,4.0,1.0,4.0,4.0,3.0,2.5000000433353016
5447,4.0,4.0,1.0,4.0,4.0,4.0,2.8285714265201816
5448,4.0,4.0,1.0,4.0,5.0,4.0,3.375000146099414
5449,4.0,4.0,1.0,4.0,5.0,5.0,3.3750001166277928
5450,4.0,4.0,1.0,5.0,1.0,1.0,1.7272727361779736
5451,4.0,4.0,1.0,5.0,1.0,3.0,2.222222227207077
5452,4.0,4.0,1.0,5.0,2.0,4.0,2.8285718018158774
5453,4.0,4.0,1.0,5.0,3.0,3.0,2.5000000327061853
5454,4.0,4.0,1.0,5.0,3.0,4.0,2.8285715853344047
5455,4.0,4.0,1.0,5.0,4.0,4.0,3.0000000189432976
5456,4.0,4.0,1.0,5.0,4.0,5.0,3.4615384826596043
5457,4.0,4.0,1.0,5.0,5.0,5.0,3.4615384790663266
5458,4.0,4.0,2.0,1.0,1.0,1.0,1.5517241557827386
5459,4.0,4.0,2.0,1.0,1.0,2.0,1.8333333320977434
5460,4.0,4.0,2.0,1.0,2.0,1.0,1.9459459348156496
5461,4.0,4.0,2.0,1.0,2.0,2.0,2.04761904659618
5462,4.0,4.0,2.0,1.0,2.0,3.0,2.1818181757835426
5463,4.0,4.0,2.0,1.0,2.0,4.0,2.50000000954407
5464,4.0,4.0,2.0,1.0,3.0,1.0,1.9459459454221735
5465,4.0,4.0,2.0,1.0,3.0,2.0,2.047619056336463
5466,4.0,4.0,2.0,1.0,3.0,3.0,2.1818181886744616
5467,4.0,4.0,2.0,1.0,3.0,4.0,2.5000000159826508
5468,4.0,4.0,2.0,1.0,4.0,2.0,2.2857142864637194
5469,4.0,4.0,2.0,1.0,4.0,3.0,2.2857142911451906
5470,4.0,4.0,2.0,2.0,1.0,1.0,1.608695656073151
5471,4.0,4.0,2.0,2.0,1.0,2.0,2.278260881697634
5472,4.0,4.0,2.0,2.0,1.0,3.0,2.278260868960246
5473,4.0,4.0,2.0,2.0,2.0,1.0,2.0000000084572283
5474,4.0,4.0,2.0,2.0,2.0,2.0,2.278260901987935
5475,4.0,4.0,2.0,2.0,2.0,3.0,2.4146341487694736
5476,4.0,4.0,2.0,2.0,2.0,5.0,3.000000053218924
5477,4.0,4.0,2.0,2.0,3.0,1.0,2.075268725327807
5478,4.0,4.0,2.0,2.0,3.0,2.0,2.390804598697492
5479,4.0,4.0,2.0,2.0,3.0,3.0,2.611111137032154
5480,4.0,4.0,2.0,2.0,3.0,4.0,2.8958333409695407
5481,4.0,4.0,2.0,2.0,4.0,2.0,2.499999998604174
5482,4.0,4.0,2.0,2.0,4.0,3.0,2.6428571519260817
5483,4.0,4.0,2.0,2.0,4.0,4.0,3.000000016209385
5484,4.0,4.0,2.0,2.0,5.0,2.0,2.5151512404114196
5485,4.0,4.0,2.0,2.0,5.0,3.0,2.6666667343817765
5486,4.0,4.0,2.0,2.0,5.0,4.0,3.0000000604131873
5487,4.0,4.0,2.0,3.0,1.0,1.0,2.0499999860081464
5488,4.0,4.0,2.0,3.0,1.0,2.0,2.4074073937071656
5489,4.0,4.0,2.0,3.0,1.0,3.0,2.4383561644241554
5490,4.0,4.0,2.0,3.0,1.0,4.0,2.438356175569172
5491,4.0,4.0,2.0,3.0,2.0,1.0,2.4000000261673367
5492,4.0,4.0,2.0,3.0,2.0,2.0,2.499999995521709
5493,4.0,4.0,2.0,3.0,2.0,3.0,2.806451616955631
5494,4.0,4.0,2.0,3.0,2.0,4.0,2.8064516052011195
5495,4.0,4.0,2.0,3.0,3.0,1.0,2.4000000078615074
5496,4.0,4.0,2.0,3.0,3.0,2.0,2.6521739241601914
5497,4.0,4.0,2.0,3.0,3.0,3.0,2.895833336281649
5498,4.0,4.0,2.0,3.0,3.0,4.0,2.895833340406459
5499,4.0,4.0,2.0,3.0,4.0,1.0,2.599999935946004
5500,4.0,4.0,2.0,3.0,4.0,2.0,2.7326732576482264
5501,4.0,4.0,2.0,3.0,4.0,3.0,3.0999999910759364
5502,4.0,4.0,2.0,3.0,4.0,4.0,3.242424241772841
5503,4.0,4.0,2.0,3.0,5.0,3.0,3.1000000541221677
5504,4.0,4.0,2.0,3.0,5.0,4.0,3.242424253627197
5505,4.0,4.0,2.0,4.0,1.0,1.0,2.1538461737184105
5506,4.0,4.0,2.0,4.0,1.0,2.0,2.4074073708104518
5507,4.0,4.0,2.0,4.0,1.0,3.0,2.438356180607223
5508,4.0,4.0,2.0,4.0,1.0,4.0,2.438356200262981
5509,4.0,4.0,2.0,4.0,1.0,5.0,2.6400000327695285
5510,4.0,4.0,2.0,4.0,2.0,2.0,2.500000011959491
5511,4.0,4.0,2.0,4.0,2.0,3.0,2.959183677252991
5512,4.0,4.0,2.0,4.0,2.0,4.0,3.2187500100907256
5513,4.0,4.0,2.0,4.0,3.0,1.0,2.400000055093939
5514,4.0,4.0,2.0,4.0,3.0,2.0,2.73267326179822
5515,4.0,4.0,2.0,4.0,3.0,3.0,2.968750015300236
5516,4.0,4.0,2.0,4.0,3.0,4.0,3.2372881283602246
5517,4.0,4.0,2.0,4.0,3.0,5.0,3.2372881810320795
5518,4.0,4.0,2.0,4.0,4.0,2.0,2.732673280247835
5519,4.0,4.0,2.0,4.0,4.0,3.0,3.1000000034170876
5520,4.0,4.0,2.0,4.0,4.0,4.0,3.323529412846527
5521,4.0,4.0,2.0,4.0,4.0,5.0,3.54838708743967
5522,4.0,4.0,2.0,4.0,5.0,1.0,2.6666666598142146
5523,4.0,4.0,2.0,4.0,5.0,2.0,3.0500001741256
5524,4.0,4.0,2.0,4.0,5.0,3.0,3.10000002884715
5525,4.0,4.0,2.0,4.0,5.0,4.0,3.6428571492372956
5526,4.0,4.0,2.0,4.0,5.0,5.0,3.6666666862288526
5527,4.0,4.0,2.0,5.0,1.0,1.0,2.578947521531931
5528,4.0,4.0,2.0,5.0,1.0,3.0,2.732673253561121
5529,4.0,4.0,2.0,5.0,1.0,4.0,2.999999998953645
5530,4.0,4.0,2.0,5.0,2.0,1.0,2.73267364799122
5531,4.0,4.0,2.0,5.0,2.0,2.0,2.7326733584452896
5532,4.0,4.0,2.0,5.0,2.0,3.0,2.959183674785656
5533,4.0,4.0,2.0,5.0,2.0,4.0,3.2187499555761394
5534,4.0,4.0,2.0,5.0,3.0,2.0,2.732673282286821
5535,4.0,4.0,2.0,5.0,3.0,3.0,3.142857150547491
5536,4.0,4.0,2.0,5.0,3.0,4.0,3.2372881574808163
5537,4.0,4.0,2.0,5.0,3.0,5.0,3.2372882105165366
5538,4.0,4.0,2.0,5.0,4.0,2.0,3.000000039595831
5539,4.0,4.0,2.0,5.0,4.0,3.0,3.1935483619740768
5540,4.0,4.0,2.0,5.0,4.0,4.0,3.5483871169040997
5541,4.0,4.0,2.0,5.0,4.0,5.0,3.5483871109371967
5542,4.0,4.0,2.0,5.0,5.0,1.0,2.999999988350266
5543,4.0,4.0,2.0,5.0,5.0,2.0,3.0500001845940754
5544,4.0,4.0,2.0,5.0,5.0,3.0,3.2941176440690936
5545,4.0,4.0,2.0,5.0,5.0,4.0,3.642857149009776
5546,4.0,4.0,2.0,5.0,5.0,5.0,4.000000009607868
5547,4.0,4.0,3.0,1.0,1.0,1.0,1.5652173857901743
5548,4.0,4.0,3.0,1.0,1.0,2.0,1.8888888933583292
5549,4.0,4.0,3.0,1.0,1.0,3.0,2.299999991854841
5550,4.0,4.0,3.0,1.0,2.0,1.0,1.9459459541022341
5551,4.0,4.0,3.0,1.0,2.0,2.0,2.124999990476719
5552,4.0,4.0,3.0,1.0,2.0,3.0,2.3000000161480147
5553,4.0,4.0,3.0,1.0,3.0,1.0,1.945945955012567
5554,4.0,4.0,3.0,1.0,3.0,2.0,2.2499999997063442
5555,4.0,4.0,3.0,1.0,3.0,3.0,2.4117647102097663
5556,4.0,4.0,3.0,1.0,4.0,1.0,2.333333346612765
5557,4.0,4.0,3.0,1.0,4.0,2.0,2.680000033773051
5558,4.0,4.0,3.0,1.0,4.0,3.0,2.680000042760163
5559,4.0,4.0,3.0,1.0,4.0,4.0,2.8750000051773843
5560,4.0,4.0,3.0,2.0,1.0,1.0,2.266666653281205
5561,4.0,4.0,3.0,2.0,1.0,2.0,2.2782608786754874
5562,4.0,4.0,3.0,2.0,1.0,3.0,2.607594947699217
5563,4.0,4.0,3.0,2.0,1.0,4.0,2.833333331729365
5564,4.0,4.0,3.0,2.0,2.0,1.0,2.266666688818799
5565,4.0,4.0,3.0,2.0,2.0,2.0,2.6075949311920703
5566,4.0,4.0,3.0,2.0,2.0,3.0,2.843749996401599
5567,4.0,4.0,3.0,2.0,2.0,4.0,3.000000020173469
5568,4.0,4.0,3.0,2.0,3.0,1.0,2.2666666902091395
5569,4.0,4.0,3.0,2.0,3.0,2.0,2.7083333332473805
5570,4.0,4.0,3.0,2.0,3.0,3.0,2.9506172708906817
5571,4.0,4.0,3.0,2.0,3.0,4.0,3.111111122018706
5572,4.0,4.0,3.0,2.0,3.0,5.0,3.111111125390032
5573,4.0,4.0,3.0,2.0,4.0,2.0,2.8292682963434443
5574,4.0,4.0,3.0,2.0,4.0,3.0,3.0091743068940557
5575,4.0,4.0,3.0,2.0,4.0,4.0,3.317073169606501
5576,4.0,4.0,3.0,2.0,4.0,5.0,3.5333333523225128
5577,4.0,4.0,3.0,2.0,5.0,2.0,2.8292683117837054
5578,4.0,4.0,3.0,2.0,5.0,3.0,3.281250004036865
5579,4.0,4.0,3.0,2.0,5.0,4.0,3.4615384937420406
5580,4.0,4.0,3.0,2.0,5.0,5.0,3.533333382316845
5581,4.0,4.0,3.0,3.0,1.0,1.0,2.5853658492281197
5582,4.0,4.0,3.0,3.0,1.0,2.0,2.7499999990894666
5583,4.0,4.0,3.0,3.0,1.0,3.0,2.8714285734613068
5584,4.0,4.0,3.0,3.0,1.0,4.0,2.87142857526352
5585,4.0,4.0,3.0,3.0,2.0,1.0,2.585365867577272
5586,4.0,4.0,3.0,3.0,2.0,2.0,2.8139534899287244
5587,4.0,4.0,3.0,3.0,2.0,3.0,3.078431372691209
5588,4.0,4.0,3.0,3.0,2.0,4.0,3.3000000030168213
5589,4.0,4.0,3.0,3.0,2.0,5.0,3.5000000029406806
5590,4.0,4.0,3.0,3.0,3.0,1.0,2.5853658643351163
5591,4.0,4.0,3.0,3.0,3.0,2.0,2.9404761942869935
5592,4.0,4.0,3.0,3.0,3.0,3.0,3.295039165074262
5593,4.0,4.0,3.0,3.0,3.0,4.0,3.670103095134382
5594,4.0,4.0,3.0,3.0,3.0,5.0,3.670103104639709
5595,4.0,4.0,3.0,3.0,4.0,2.0,2.9473684234671382
5596,4.0,4.0,3.0,3.0,4.0,3.0,3.3832599126978202
5597,4.0,4.0,3.0,3.0,4.0,4.0,3.7132867144997466
5598,4.0,4.0,3.0,3.0,4.0,5.0,3.8571428707633286
5599,4.0,4.0,3.0,3.0,5.0,1.0,2.6000000004552835
5600,4.0,4.0,3.0,3.0,5.0,3.0,3.3846153878831435
5601,4.0,4.0,3.0,3.0,5.0,4.0,3.750000004042053
5602,4.0,4.0,3.0,3.0,5.0,5.0,3.8571428760877366
5603,4.0,4.0,3.0,4.0,1.0,1.0,2.5853658787661087
5604,4.0,4.0,3.0,4.0,1.0,2.0,2.7500000055835545
5605,4.0,4.0,3.0,4.0,1.0,3.0,2.9130434764835473
5606,4.0,4.0,3.0,4.0,1.0,4.0,2.9250000004308223
5607,4.0,4.0,3.0,4.0,1.0,5.0,2.92500002613855
5608,4.0,4.0,3.0,4.0,2.0,1.0,2.6000000070070213
5609,4.0,4.0,3.0,4.0,2.0,2.0,3.0000000041396633
5610,4.0,4.0,3.0,4.0,2.0,3.0,3.235849058626837
5611,4.0,4.0,3.0,4.0,2.0,4.0,3.5000000001418416
5612,4.0,4.0,3.0,4.0,2.0,5.0,3.500000004274897
5613,4.0,4.0,3.0,4.0,3.0,1.0,2.599999981770048
5614,4.0,4.0,3.0,4.0,3.0,2.0,3.0571428595288306
5615,4.0,4.0,3.0,4.0,3.0,3.0,3.403141361820992
5616,4.0,4.0,3.0,4.0,3.0,4.0,3.773170716271302
5617,4.0,4.0,3.0,4.0,3.0,5.0,3.8947368483251164
5618,4.0,4.0,3.0,4.0,4.0,1.0,3.05000000632878
5619,4.0,4.0,3.0,4.0,4.0,2.0,3.2500000204724193
5620,4.0,4.0,3.0,4.0,4.0,3.0,3.546195652789722
5621,4.0,4.0,3.0,4.0,4.0,4.0,3.8970814134740768
5622,4.0,4.0,3.0,4.0,4.0,5.0,4.000000001928508
5623,4.0,4.0,3.0,4.0,5.0,2.0,3.250000019168014
5624,4.0,4.0,3.0,4.0,5.0,3.0,3.64583334259627
5625,4.0,4.0,3.0,4.0,5.0,4.0,3.8970814153822206
5626,4.0,4.0,3.0,4.0,5.0,5.0,4.079365081569746
5627,4.0,4.0,3.0,5.0,1.0,1.0,2.6666666460709036
5628,4.0,4.0,3.0,5.0,1.0,2.0,2.88135596735248
5629,4.0,4.0,3.0,5.0,1.0,3.0,2.9999999926418597
5630,4.0,4.0,3.0,5.0,1.0,4.0,3.178571428646695
5631,4.0,4.0,3.0,5.0,1.0,5.0,3.250000003152846
5632,4.0,4.0,3.0,5.0,2.0,1.0,2.999999647791289
5633,4.0,4.0,3.0,5.0,2.0,2.0,3.2258064743363835
5634,4.0,4.0,3.0,5.0,2.0,3.0,3.235849060288538
5635,4.0,4.0,3.0,5.0,2.0,4.0,3.5000000247760057
5636,4.0,4.0,3.0,5.0,2.0,5.0,3.6666666746959935
5637,4.0,4.0,3.0,5.0,3.0,2.0,3.2499999998400644
5638,4.0,4.0,3.0,5.0,3.0,3.0,3.450000002068171
5639,4.0,4.0,3.0,5.0,3.0,4.0,3.773170814849853
5640,4.0,4.0,3.0,5.0,3.0,5.0,3.9285714362028483
5641,4.0,4.0,3.0,5.0,4.0,2.0,3.249999993642026
5642,4.0,4.0,3.0,5.0,4.0,3.0,3.58333333506764
5643,4.0,4.0,3.0,5.0,4.0,4.0,3.9658119483796805
5644,4.0,4.0,3.0,5.0,4.0,5.0,4.014084508663615
5645,4.0,4.0,3.0,5.0,5.0,2.0,3.2499999742130083
5646,4.0,4.0,3.0,5.0,5.0,3.0,3.7037037061752507
5647,4.0,4.0,3.0,5.0,5.0,4.0,3.965811995296782
5648,4.0,4.0,3.0,5.0,5.0,5.0,4.158273382521871
5649,4.0,4.0,4.0,1.0,1.0,1.0,1.8749999943824407
5650,4.0,4.0,4.0,1.0,1.0,2.0,2.1250000061907057
5651,4.0,4.0,4.0,1.0,2.0,2.0,2.125000015984853
5652,4.0,4.0,4.0,1.0,2.0,3.0,2.6075949280197355
5653,4.0,4.0,4.0,1.0,3.0,1.0,1.9459459685007316
5654,4.0,4.0,4.0,1.0,3.0,3.0,2.8000000145510766
5655,4.0,4.0,4.0,1.0,3.0,4.0,3.0000000210607842
5656,4.0,4.0,4.0,1.0,4.0,2.0,2.829268302013815
5657,4.0,4.0,4.0,1.0,4.0,3.0,2.8292683096192013
5658,4.0,4.0,4.0,1.0,4.0,4.0,3.0000000193942897
5659,4.0,4.0,4.0,2.0,1.0,2.0,2.6075949385208825
5660,4.0,4.0,4.0,2.0,1.0,3.0,2.607594949640332
5661,4.0,4.0,4.0,2.0,2.0,1.0,2.266666713278147
5662,4.0,4.0,4.0,2.0,2.0,2.0,2.607594937403618
5663,4.0,4.0,4.0,2.0,2.0,3.0,3.0909091111554785
5664,4.0,4.0,4.0,2.0,2.0,4.0,3.0909091170393617
5665,4.0,4.0,4.0,2.0,2.0,5.0,3.0909091130935717
5666,4.0,4.0,4.0,2.0,3.0,1.0,2.2666666962025657
5667,4.0,4.0,4.0,2.0,3.0,2.0,2.8292683002506234
5668,4.0,4.0,4.0,2.0,3.0,3.0,3.2222222258834283
5669,4.0,4.0,4.0,2.0,3.0,4.0,3.400000014259674
5670,4.0,4.0,4.0,2.0,3.0,5.0,3.53333337056875
5671,4.0,4.0,4.0,2.0,4.0,2.0,2.829268300139679
5672,4.0,4.0,4.0,2.0,4.0,3.0,3.2419354728985508
5673,4.0,4.0,4.0,2.0,4.0,4.0,3.4827586235964434
5674,4.0,4.0,4.0,2.0,5.0,3.0,3.281250010083625
5675,4.0,4.0,4.0,2.0,5.0,4.0,3.500000016420663
5676,4.0,4.0,4.0,2.0,5.0,5.0,3.533333377650733
5677,4.0,4.0,4.0,3.0,1.0,1.0,2.7291665269506034
5678,4.0,4.0,4.0,3.0,1.0,2.0,2.750000005067797
5679,4.0,4.0,4.0,3.0,1.0,3.0,2.881355936462075
5680,4.0,4.0,4.0,3.0,1.0,4.0,3.3678160810783884
5681,4.0,4.0,4.0,3.0,2.0,2.0,3.071428570262548
5682,4.0,4.0,4.0,3.0,2.0,3.0,3.2972973122431615
5683,4.0,4.0,4.0,3.0,2.0,4.0,3.38461538665749
5684,4.0,4.0,4.0,3.0,2.0,5.0,3.7500000329908274
5685,4.0,4.0,4.0,3.0,3.0,2.0,3.0999999936682827
5686,4.0,4.0,4.0,3.0,3.0,3.0,3.531343284230024
5687,4.0,4.0,4.0,3.0,3.0,4.0,3.8203592829879556
5688,4.0,4.0,4.0,3.0,3.0,5.0,3.820359287334766
5689,4.0,4.0,4.0,3.0,4.0,1.0,2.7291665937971916
5690,4.0,4.0,4.0,3.0,4.0,2.0,3.1212121440782905
5691,4.0,4.0,4.0,3.0,4.0,3.0,3.612318833810952
5692,4.0,4.0,4.0,3.0,4.0,4.0,3.9514018621487454
5693,4.0,4.0,4.0,3.0,4.0,5.0,4.1081081064878955
5694,4.0,4.0,4.0,3.0,5.0,3.0,3.6123189128678956
5695,4.0,4.0,4.0,3.0,5.0,4.0,3.9615384499798005
5696,4.0,4.0,4.0,3.0,5.0,5.0,4.117647062207716
5697,4.0,4.0,4.0,4.0,1.0,1.0,2.729166545418088
5698,4.0,4.0,4.0,4.0,1.0,2.0,2.8813559316732507
5699,4.0,4.0,4.0,4.0,1.0,3.0,2.916666667542493
5700,4.0,4.0,4.0,4.0,1.0,4.0,3.3678160963221306
5701,4.0,4.0,4.0,4.0,1.0,5.0,3.367816094602
5702,4.0,4.0,4.0,4.0,2.0,2.0,3.1923077081866276
5703,4.0,4.0,4.0,4.0,2.0,3.0,3.474358965272338
5704,4.0,4.0,4.0,4.0,2.0,4.0,3.6415094352165966
5705,4.0,4.0,4.0,4.0,2.0,5.0,3.888888916790306
5706,4.0,4.0,4.0,4.0,3.0,1.0,2.729166554576835
5707,4.0,4.0,4.0,4.0,3.0,2.0,3.3863636283109404
5708,4.0,4.0,4.0,4.0,3.0,3.0,3.767891683360502
5709,4.0,4.0,4.0,4.0,3.0,4.0,3.9690594063958136
5710,4.0,4.0,4.0,4.0,3.0,5.0,4.1609195208731276
5711,4.0,4.0,4.0,4.0,4.0,1.0,3.049999988731679
5712,4.0,4.0,4.0,4.0,4.0,2.0,3.3863636508824744
5713,4.0,4.0,4.0,4.0,4.0,3.0,3.8703403541499384
5714,4.0,4.0,4.0,4.0,4.0,4.0,4.082450483805649
5715,4.0,4.0,4.0,4.0,4.0,5.0,4.219008265356044
5716,4.0,4.0,4.0,4.0,5.0,3.0,3.870340389361058
5717,4.0,4.0,4.0,4.0,5.0,4.0,4.104134763152906
5718,4.0,4.0,4.0,4.0,5.0,5.0,4.283636364494377
5719,4.0,4.0,4.0,5.0,1.0,2.0,2.881355967770782
5720,4.0,4.0,4.0,5.0,1.0,3.0,3.000000028400627
5721,4.0,4.0,4.0,5.0,1.0,4.0,3.3678161056916682
5722,4.0,4.0,4.0,5.0,1.0,5.0,3.4285714499606845
5723,4.0,4.0,4.0,5.0,2.0,2.0,3.285714191284487
5724,4.0,4.0,4.0,5.0,2.0,3.0,3.4743589852694208
5725,4.0,4.0,4.0,5.0,2.0,4.0,3.7333333361564054
5726,4.0,4.0,4.0,5.0,2.0,5.0,3.8888889078174733
5727,4.0,4.0,4.0,5.0,3.0,2.0,3.5238095152516613
5728,4.0,4.0,4.0,5.0,3.0,3.0,3.80769231006752
5729,4.0,4.0,4.0,5.0,3.0,4.0,4.000000001179935
5730,4.0,4.0,4.0,5.0,3.0,5.0,4.160919558907016
5731,4.0,4.0,4.0,5.0,4.0,2.0,3.523809483293802
5732,4.0,4.0,4.0,5.0,4.0,3.0,3.9690721629685446
5733,4.0,4.0,4.0,5.0,4.0,4.0,4.134952767013816
5734,4.0,4.0,4.0,5.0,4.0,5.0,4.332361516825093
5735,4.0,4.0,4.0,5.0,5.0,1.0,3.8333334554534826
5736,4.0,4.0,4.0,5.0,5.0,2.0,3.969072187115024
5737,4.0,4.0,4.0,5.0,5.0,3.0,3.9690721737618646
5738,4.0,4.0,4.0,5.0,5.0,4.0,4.187279152496897
5739,4.0,4.0,4.0,5.0,5.0,5.0,4.469845722868183
5740,4.0,4.0,5.0,1.0,2.0,3.0,3.0000000615617157
5741,4.0,4.0,5.0,1.0,4.0,4.0,3.0000000780554625
5742,4.0,4.0,5.0,1.0,5.0,4.0,3.666666777733749
5743,4.0,4.0,5.0,2.0,1.0,1.0,2.4999999782111066
5744,4.0,4.0,5.0,2.0,1.0,3.0,3.0000000876087043
5745,4.0,4.0,5.0,2.0,2.0,3.0,3.0909090996989828
5746,4.0,4.0,5.0,2.0,4.0,3.0,3.2500000123592847
5747,4.0,4.0,5.0,2.0,4.0,4.0,3.78048782125061
5748,4.0,4.0,5.0,2.0,5.0,3.0,3.281250016838396
5749,4.0,4.0,5.0,2.0,5.0,4.0,3.8750000392156374
5750,4.0,4.0,5.0,3.0,1.0,2.0,2.881355942125517
5751,4.0,4.0,5.0,3.0,1.0,3.0,3.263157909039682
5752,4.0,4.0,5.0,3.0,2.0,2.0,3.3181817358382117
5753,4.0,4.0,5.0,3.0,2.0,3.0,3.4999999988944093
5754,4.0,4.0,5.0,3.0,2.0,4.0,3.5789473865548587
5755,4.0,4.0,5.0,3.0,2.0,5.0,3.8000000095468107
5756,4.0,4.0,5.0,3.0,3.0,1.0,3.230769255678797
5757,4.0,4.0,5.0,3.0,3.0,2.0,3.318181701610326
5758,4.0,4.0,5.0,3.0,3.0,3.0,3.8260869592342903
5759,4.0,4.0,5.0,3.0,3.0,4.0,3.9565217429523196
5760,4.0,4.0,5.0,3.0,3.0,5.0,4.229166665477996
5761,4.0,4.0,5.0,3.0,4.0,2.0,3.3181816567859252
5762,4.0,4.0,5.0,3.0,4.0,3.0,3.882352943156567
5763,4.0,4.0,5.0,3.0,4.0,4.0,4.011363627752897
5764,4.0,4.0,5.0,3.0,4.0,5.0,4.2291666700393336
5765,4.0,4.0,5.0,3.0,5.0,3.0,3.8823529525933047
5766,4.0,4.0,5.0,3.0,5.0,4.0,4.011363667390048
5767,4.0,4.0,5.0,3.0,5.0,5.0,4.345454538803679
5768,4.0,4.0,5.0,4.0,1.0,3.0,3.263157916987072
5769,4.0,4.0,5.0,4.0,1.0,4.0,3.367816170681325
5770,4.0,4.0,5.0,4.0,1.0,5.0,3.4285714670548333
5771,4.0,4.0,5.0,4.0,2.0,3.0,3.5000000072358795
5772,4.0,4.0,5.0,4.0,2.0,4.0,3.857142859247689
5773,4.0,4.0,5.0,4.0,2.0,5.0,4.0000000236390445
5774,4.0,4.0,5.0,4.0,3.0,2.0,3.5000000230407418
5775,4.0,4.0,5.0,4.0,3.0,3.0,3.858695653794493
5776,4.0,4.0,5.0,4.0,3.0,4.0,4.08187134612937
5777,4.0,4.0,5.0,4.0,3.0,5.0,4.229166672844314
5778,4.0,4.0,5.0,4.0,4.0,2.0,3.500000044118643
5779,4.0,4.0,5.0,4.0,4.0,3.0,3.9832402216559535
5780,4.0,4.0,5.0,4.0,4.0,4.0,4.153182308953096
5781,4.0,4.0,5.0,4.0,4.0,5.0,4.430555556932983
5782,4.0,4.0,5.0,4.0,5.0,2.0,3.888888881201267
5783,4.0,4.0,5.0,4.0,5.0,3.0,3.9832402505081403
5784,4.0,4.0,5.0,4.0,5.0,4.0,4.189973616711756
5785,4.0,4.0,5.0,4.0,5.0,5.0,4.4397905770257715
5786,4.0,4.0,5.0,5.0,1.0,4.0,3.4285714569112886
5787,4.0,4.0,5.0,5.0,1.0,5.0,3.4285714613066953
5788,4.0,4.0,5.0,5.0,2.0,1.0,2.999999580172044
5789,4.0,4.0,5.0,5.0,2.0,3.0,3.750000022949322
5790,4.0,4.0,5.0,5.0,2.0,4.0,3.9615384647408005
5791,4.0,4.0,5.0,5.0,2.0,5.0,4.000000035803618
5792,4.0,4.0,5.0,5.0,3.0,2.0,3.7500000618541542
5793,4.0,4.0,5.0,5.0,3.0,3.0,3.9821428456516905
5794,4.0,4.0,5.0,5.0,3.0,4.0,4.142857144537061
5795,4.0,4.0,5.0,5.0,3.0,5.0,4.229166675344244
5796,4.0,4.0,5.0,5.0,4.0,2.0,4.000000067479724
5797,4.0,4.0,5.0,5.0,4.0,3.0,4.101851845108862
5798,4.0,4.0,5.0,5.0,4.0,4.0,4.29005524935787
5799,4.0,4.0,5.0,5.0,4.0,5.0,4.590717300693433
5800,4.0,4.0,5.0,5.0,5.0,3.0,4.205128185810968
5801,4.0,4.0,5.0,5.0,5.0,4.0,4.407310705725353
5802,4.0,4.0,5.0,5.0,5.0,5.0,4.600570613981655
5803,4.0,5.0,1.0,1.0,1.0,1.0,1.416666674653773
5804,4.0,5.0,1.0,1.0,1.0,2.0,1.735955019564305
5805,4.0,5.0,1.0,1.0,1.0,3.0,1.7580644939536976
5806,4.0,5.0,1.0,1.0,2.0,1.0,1.4999999252441276
5807,4.0,5.0,1.0,1.0,2.0,2.0,1.7359550332953515
5808,4.0,5.0,1.0,1.0,2.0,3.0,2.000000003492948
5809,4.0,5.0,1.0,1.0,3.0,1.0,1.4999999530766315
5810,4.0,5.0,1.0,1.0,3.0,3.0,2.199999975728688
5811,4.0,5.0,1.0,1.0,4.0,2.0,2.1999999397621646
5812,4.0,5.0,1.0,1.0,4.0,3.0,2.199999978841252
5813,4.0,5.0,1.0,1.0,5.0,1.0,1.9999988390026295
5814,4.0,5.0,1.0,1.0,5.0,3.0,2.200000027792395
5815,4.0,5.0,1.0,2.0,1.0,1.0,1.5128204790112287
5816,4.0,5.0,1.0,2.0,1.0,2.0,1.9333333832608257
5817,4.0,5.0,1.0,2.0,1.0,3.0,1.9999999941415076
5818,4.0,5.0,1.0,2.0,2.0,1.0,1.7499999833573374
5819,4.0,5.0,1.0,2.0,3.0,1.0,1.9999990309837907
5820,4.0,5.0,1.0,2.0,3.0,2.0,2.2413792766900293
5821,4.0,5.0,1.0,2.0,3.0,3.0,2.2413792745814463
5822,4.0,5.0,1.0,2.0,4.0,3.0,2.3125000321688676
5823,4.0,5.0,1.0,2.0,5.0,1.0,1.9999988110812266
5824,4.0,5.0,1.0,2.0,5.0,3.0,2.3125000903375663
5825,4.0,5.0,1.0,3.0,1.0,1.0,1.5128205165784538
5826,4.0,5.0,1.0,3.0,1.0,2.0,1.9333333803036201
5827,4.0,5.0,1.0,3.0,1.0,3.0,2.000000011927039
5828,4.0,5.0,1.0,3.0,2.0,3.0,2.375000004222809
5829,4.0,5.0,1.0,3.0,3.0,1.0,2.0000001612370757
5830,4.0,5.0,1.0,3.0,3.0,2.0,2.333333280572334
5831,4.0,5.0,1.0,3.0,3.0,3.0,2.6190476468314148
5832,4.0,5.0,1.0,3.0,3.0,4.0,2.6190476481391243
5833,4.0,5.0,1.0,3.0,3.0,5.0,2.8285714434001736
5834,4.0,5.0,1.0,3.0,4.0,2.0,2.4999997967314918
5835,4.0,5.0,1.0,3.0,4.0,3.0,2.828571332491598
5836,4.0,5.0,1.0,3.0,4.0,4.0,2.828571395373474
5837,4.0,5.0,1.0,3.0,5.0,5.0,2.8285714752438706
5838,4.0,5.0,1.0,4.0,1.0,1.0,1.512820543905392
5839,4.0,5.0,1.0,4.0,1.0,2.0,2.000000023204487
5840,4.0,5.0,1.0,4.0,1.0,3.0,2.030303037225042
5841,4.0,5.0,1.0,4.0,1.0,4.0,2.333333320909688
5842,4.0,5.0,1.0,4.0,1.0,5.0,2.53191503471532
5843,4.0,5.0,1.0,4.0,2.0,1.0,2.0000004817625667
5844,4.0,5.0,1.0,4.0,2.0,2.0,2.184210627516786
5845,4.0,5.0,1.0,4.0,2.0,3.0,2.5319148712814066
5846,4.0,5.0,1.0,4.0,3.0,1.0,2.0361444944563885
5847,4.0,5.0,1.0,4.0,3.0,3.0,2.828571412180873
5848,4.0,5.0,1.0,4.0,3.0,4.0,2.8285714260320938
5849,4.0,5.0,1.0,4.0,3.0,5.0,2.828571415991741
5850,4.0,5.0,1.0,4.0,4.0,3.0,2.8285714002973235
5851,4.0,5.0,1.0,4.0,4.0,4.0,2.8285714437553233
5852,4.0,5.0,1.0,4.0,4.0,5.0,2.8285715436676675
5853,4.0,5.0,1.0,4.0,5.0,1.0,2.500000089955786
5854,4.0,5.0,1.0,4.0,5.0,2.0,2.4999998249173467
5855,4.0,5.0,1.0,4.0,5.0,3.0,3.00000004472092
5856,4.0,5.0,1.0,4.0,5.0,4.0,3.3750001324005527
5857,4.0,5.0,1.0,4.0,5.0,5.0,3.3750001305050064
5858,4.0,5.0,1.0,5.0,1.0,1.0,1.7272727235987748
5859,4.0,5.0,1.0,5.0,1.0,3.0,2.5319148616365657
5860,4.0,5.0,1.0,5.0,2.0,1.0,2.036145692258563
5861,4.0,5.0,1.0,5.0,2.0,3.0,2.531914799669744
5862,4.0,5.0,1.0,5.0,3.0,5.0,2.8285713008331483
5863,4.0,5.0,1.0,5.0,4.0,1.0,2.9999996755648577
5864,4.0,5.0,1.0,5.0,4.0,2.0,2.999999968800713
5865,4.0,5.0,1.0,5.0,4.0,3.0,3.0000001168683625
5866,4.0,5.0,1.0,5.0,4.0,4.0,3.0000001331341664
5867,4.0,5.0,1.0,5.0,4.0,5.0,3.461538499984241
5868,4.0,5.0,1.0,5.0,5.0,3.0,3.0000000772254305
5869,4.0,5.0,1.0,5.0,5.0,4.0,3.375000115918166
5870,4.0,5.0,1.0,5.0,5.0,5.0,3.461538470498489
5871,4.0,5.0,2.0,1.0,1.0,1.0,1.5517241494355198
5872,4.0,5.0,2.0,1.0,1.0,3.0,2.333333370459352
5873,4.0,5.0,2.0,1.0,2.0,1.0,1.9459459489934394
5874,4.0,5.0,2.0,1.0,2.0,2.0,2.0476190460335544
5875,4.0,5.0,2.0,1.0,2.0,3.0,2.333333377321338
5876,4.0,5.0,2.0,1.0,2.0,4.0,2.6410256766537845
5877,4.0,5.0,2.0,1.0,3.0,1.0,1.999999969011287
5878,4.0,5.0,2.0,1.0,3.0,2.0,2.1333333437911444
5879,4.0,5.0,2.0,1.0,3.0,3.0,2.641025650338191
5880,4.0,5.0,2.0,1.0,3.0,5.0,3.000000064267044
5881,4.0,5.0,2.0,1.0,4.0,1.0,2.3333330517424056
5882,4.0,5.0,2.0,1.0,4.0,2.0,2.6666666389015945
5883,4.0,5.0,2.0,1.0,4.0,3.0,2.666666673641774
5884,4.0,5.0,2.0,1.0,5.0,1.0,2.33333316058244
5885,4.0,5.0,2.0,1.0,5.0,3.0,2.6666667030427527
5886,4.0,5.0,2.0,2.0,1.0,1.0,2.049999988190357
5887,4.0,5.0,2.0,2.0,1.0,2.0,2.278260889022835
5888,4.0,5.0,2.0,2.0,1.0,3.0,2.6399999903164217
5889,4.0,5.0,2.0,2.0,2.0,1.0,2.0500000081339835
5890,4.0,5.0,2.0,2.0,2.0,2.0,2.3181818244191748
5891,4.0,5.0,2.0,2.0,2.0,3.0,2.641025623159317
5892,4.0,5.0,2.0,2.0,2.0,4.0,3.000000017360855
5893,4.0,5.0,2.0,2.0,3.0,1.0,2.075268911481418
5894,4.0,5.0,2.0,2.0,3.0,2.0,2.3908046188587044
5895,4.0,5.0,2.0,2.0,3.0,3.0,2.641025651543505
5896,4.0,5.0,2.0,2.0,3.0,4.0,3.000000024536208
5897,4.0,5.0,2.0,2.0,4.0,2.0,2.666666656355713
5898,4.0,5.0,2.0,2.0,4.0,3.0,2.7333333371648574
5899,4.0,5.0,2.0,2.0,4.0,4.0,3.0000000279007173
5900,4.0,5.0,2.0,2.0,5.0,1.0,2.333333288617118
5901,4.0,5.0,2.0,2.0,5.0,2.0,2.6666667338952745
5902,4.0,5.0,2.0,2.0,5.0,3.0,2.7333333514847418
5903,4.0,5.0,2.0,2.0,5.0,5.0,3.5000001039455477
5904,4.0,5.0,2.0,3.0,1.0,2.0,2.40740741179097
5905,4.0,5.0,2.0,3.0,1.0,3.0,2.6400000109088815
5906,4.0,5.0,2.0,3.0,2.0,1.0,2.4000000464028095
5907,4.0,5.0,2.0,3.0,2.0,2.0,2.500000014312786
5908,4.0,5.0,2.0,3.0,2.0,3.0,2.8064516326941704
5909,4.0,5.0,2.0,3.0,2.0,4.0,3.2187499753724613
5910,4.0,5.0,2.0,3.0,3.0,1.0,2.4000000406997675
5911,4.0,5.0,2.0,3.0,3.0,2.0,2.666666668996167
5912,4.0,5.0,2.0,3.0,3.0,3.0,3.0322580673526716
5913,4.0,5.0,2.0,3.0,3.0,4.0,3.2372881308839254
5914,4.0,5.0,2.0,3.0,3.0,5.0,3.4666666652300413
5915,4.0,5.0,2.0,3.0,4.0,2.0,2.8125000206864126
5916,4.0,5.0,2.0,3.0,4.0,3.0,3.100000009963967
5917,4.0,5.0,2.0,3.0,4.0,4.0,3.24242425610013
5918,4.0,5.0,2.0,3.0,5.0,2.0,3.049999958522173
5919,4.0,5.0,2.0,3.0,5.0,3.0,3.1000000431844925
5920,4.0,5.0,2.0,3.0,5.0,4.0,3.242424256680558
5921,4.0,5.0,2.0,4.0,1.0,1.0,2.578947378801321
5922,4.0,5.0,2.0,4.0,1.0,2.0,2.578947374690767
5923,4.0,5.0,2.0,4.0,1.0,3.0,2.6400000226338456
5924,4.0,5.0,2.0,4.0,1.0,4.0,2.6400000330058284
5925,4.0,5.0,2.0,4.0,1.0,5.0,2.6400000342989447
5926,4.0,5.0,2.0,4.0,2.0,1.0,2.599999919549636
5927,4.0,5.0,2.0,4.0,2.0,2.0,2.636363630499903
5928,4.0,5.0,2.0,4.0,2.0,3.0,2.9591836941544885
5929,4.0,5.0,2.0,4.0,2.0,4.0,3.21875001651851
5930,4.0,5.0,2.0,4.0,3.0,1.0,2.5999999134604805
5931,4.0,5.0,2.0,4.0,3.0,2.0,2.750000003580376
5932,4.0,5.0,2.0,4.0,3.0,3.0,3.0416666687912155
5933,4.0,5.0,2.0,4.0,3.0,4.0,3.2372881425300055
5934,4.0,5.0,2.0,4.0,3.0,5.0,3.4666666855697037
5935,4.0,5.0,2.0,4.0,4.0,2.0,3.000000010432705
5936,4.0,5.0,2.0,4.0,4.0,3.0,3.1000000095211866
5937,4.0,5.0,2.0,4.0,4.0,4.0,3.5750000030709046
5938,4.0,5.0,2.0,4.0,4.0,5.0,3.7777777845643916
5939,4.0,5.0,2.0,4.0,5.0,3.0,3.294117661694158
5940,4.0,5.0,2.0,4.0,5.0,4.0,3.642857148644254
5941,4.0,5.0,2.0,4.0,5.0,5.0,4.171641781166138
5942,4.0,5.0,2.0,5.0,1.0,2.0,2.732673352904553
5943,4.0,5.0,2.0,5.0,1.0,3.0,2.7326732625318333
5944,4.0,5.0,2.0,5.0,1.0,5.0,3.0000000287392248
5945,4.0,5.0,2.0,5.0,2.0,1.0,2.732673220809326
5946,4.0,5.0,2.0,5.0,2.0,2.0,2.732673311299125
5947,4.0,5.0,2.0,5.0,2.0,3.0,2.9591836889489054
5948,4.0,5.0,2.0,5.0,2.0,4.0,3.2187500444592514
5949,4.0,5.0,2.0,5.0,2.0,5.0,3.2187500861670153
5950,4.0,5.0,2.0,5.0,3.0,1.0,2.7894736977391927
5951,4.0,5.0,2.0,5.0,3.0,2.0,2.7894737080332406
5952,4.0,5.0,2.0,5.0,3.0,3.0,3.1666666730680877
5953,4.0,5.0,2.0,5.0,3.0,4.0,3.466666677965782
5954,4.0,5.0,2.0,5.0,3.0,5.0,3.4666666966833075
5955,4.0,5.0,2.0,5.0,4.0,1.0,2.9999996480255575
5956,4.0,5.0,2.0,5.0,4.0,2.0,3.193548449667431
5957,4.0,5.0,2.0,5.0,4.0,3.0,3.193548391248237
5958,4.0,5.0,2.0,5.0,4.0,4.0,3.575000012418226
5959,4.0,5.0,2.0,5.0,4.0,5.0,3.777777811330386
5960,4.0,5.0,2.0,5.0,5.0,2.0,3.1935484217777788
5961,4.0,5.0,2.0,5.0,5.0,3.0,3.2941176761788333
5962,4.0,5.0,2.0,5.0,5.0,4.0,3.64285717373048
5963,4.0,5.0,2.0,5.0,5.0,5.0,4.171641802967243
5964,4.0,5.0,3.0,1.0,1.0,1.0,1.874999997834071
5965,4.0,5.0,3.0,1.0,1.0,2.0,1.9999999992556141
5966,4.0,5.0,3.0,1.0,1.0,3.0,2.5000000161620344
5967,4.0,5.0,3.0,1.0,2.0,1.0,1.9999999913043491
5968,4.0,5.0,3.0,1.0,2.0,2.0,2.200000002474089
5969,4.0,5.0,3.0,1.0,2.0,3.0,2.500000023833078
5970,4.0,5.0,3.0,1.0,3.0,1.0,1.9999999926996612
5971,4.0,5.0,3.0,1.0,3.0,2.0,2.5714285680234563
5972,4.0,5.0,3.0,1.0,3.0,3.0,2.6410256452039205
5973,4.0,5.0,3.0,1.0,3.0,4.0,3.0000000212376414
5974,4.0,5.0,3.0,1.0,3.0,5.0,3.0000001009899373
5975,4.0,5.0,3.0,1.0,4.0,3.0,2.6800000916562317
5976,4.0,5.0,3.0,1.0,4.0,4.0,3.0000000296350073
5977,4.0,5.0,3.0,1.0,5.0,1.0,2.6800000685744894
5978,4.0,5.0,3.0,2.0,1.0,2.0,2.503355666601402
5979,4.0,5.0,3.0,2.0,1.0,3.0,2.6666666711602858
5980,4.0,5.0,3.0,2.0,1.0,4.0,2.8333333466264983
5981,4.0,5.0,3.0,2.0,2.0,2.0,2.624999992755793
5982,4.0,5.0,3.0,2.0,2.0,3.0,2.843750024371681
5983,4.0,5.0,3.0,2.0,2.0,4.0,3.0000000234748674
5984,4.0,5.0,3.0,2.0,2.0,5.0,3.000000069693134
5985,4.0,5.0,3.0,2.0,3.0,1.0,2.4705882561737016
5986,4.0,5.0,3.0,2.0,3.0,2.0,2.8275862080712764
5987,4.0,5.0,3.0,2.0,3.0,3.0,2.9506173189176135
5988,4.0,5.0,3.0,2.0,3.0,4.0,3.5000000054015055
5989,4.0,5.0,3.0,2.0,3.0,5.0,3.500000015782021
5990,4.0,5.0,3.0,2.0,4.0,2.0,2.9500000228175507
5991,4.0,5.0,3.0,2.0,4.0,3.0,3.0091743444008707
5992,4.0,5.0,3.0,2.0,4.0,4.0,3.5000000198923207
5993,4.0,5.0,3.0,2.0,4.0,5.0,3.6428571651444837
5994,4.0,5.0,3.0,2.0,5.0,1.0,2.680000027663889
5995,4.0,5.0,3.0,2.0,5.0,2.0,3.000000009047607
5996,4.0,5.0,3.0,2.0,5.0,3.0,3.2812500076882465
5997,4.0,5.0,3.0,2.0,5.0,4.0,3.642857150336527
5998,4.0,5.0,3.0,2.0,5.0,5.0,3.6428571703221206
5999,4.0,5.0,3.0,3.0,1.0,1.0,2.5853658641417128
6000,4.0,5.0,3.0,3.0,1.0,2.0,2.7500000101095443
6001,4.0,5.0,3.0,3.0,1.0,3.0,2.8714286005489997
6002,4.0,5.0,3.0,3.0,1.0,4.0,3.16666667843454
6003,4.0,5.0,3.0,3.0,2.0,1.0,2.585365874859101
6004,4.0,5.0,3.0,3.0,2.0,2.0,3.000000002467122
6005,4.0,5.0,3.0,3.0,2.0,3.0,3.078431377523662
6006,4.0,5.0,3.0,3.0,2.0,4.0,3.5000000130340867
6007,4.0,5.0,3.0,3.0,2.0,5.0,3.500000018699141
6008,4.0,5.0,3.0,3.0,3.0,1.0,2.5999998255888332
6009,4.0,5.0,3.0,3.0,3.0,2.0,3.000000002420452
6010,4.0,5.0,3.0,3.0,3.0,3.0,3.306122449863591
6011,4.0,5.0,3.0,3.0,3.0,4.0,3.7671232691974743
6012,4.0,5.0,3.0,3.0,3.0,5.0,3.8000000135561445
6013,4.0,5.0,3.0,3.0,4.0,1.0,2.5999998426872306
6014,4.0,5.0,3.0,3.0,4.0,2.0,3.111111108810652
6015,4.0,5.0,3.0,3.0,4.0,3.0,3.512396695522097
6016,4.0,5.0,3.0,3.0,4.0,4.0,3.7671232990920673
6017,4.0,5.0,3.0,3.0,4.0,5.0,3.8749999780266546
6018,4.0,5.0,3.0,3.0,5.0,1.0,2.6800000407727445
6019,4.0,5.0,3.0,3.0,5.0,2.0,3.1111111335787496
6020,4.0,5.0,3.0,3.0,5.0,3.0,3.7142857043854267
6021,4.0,5.0,3.0,3.0,5.0,4.0,3.781250002896005
6022,4.0,5.0,3.0,3.0,5.0,5.0,3.8750000241420532
6023,4.0,5.0,3.0,4.0,1.0,1.0,2.585365888119035
6024,4.0,5.0,3.0,4.0,1.0,2.0,2.881355942079719
6025,4.0,5.0,3.0,4.0,1.0,3.0,2.999999969926769
6026,4.0,5.0,3.0,4.0,1.0,4.0,3.17857142590102
6027,4.0,5.0,3.0,4.0,2.0,1.0,2.600000010385551
6028,4.0,5.0,3.0,4.0,2.0,2.0,3.000000012543839
6029,4.0,5.0,3.0,4.0,2.0,3.0,3.2592592620226726
6030,4.0,5.0,3.0,4.0,2.0,4.0,3.543478256025831
6031,4.0,5.0,3.0,4.0,2.0,5.0,3.6666666886335575
6032,4.0,5.0,3.0,4.0,3.0,1.0,2.7291665434080694
6033,4.0,5.0,3.0,4.0,3.0,2.0,3.200000003345698
6034,4.0,5.0,3.0,4.0,3.0,3.0,3.5125000009982883
6035,4.0,5.0,3.0,4.0,3.0,4.0,3.8188405809402113
6036,4.0,5.0,3.0,4.0,3.0,5.0,3.9444444247663606
6037,4.0,5.0,3.0,4.0,4.0,2.0,3.3636363622439647
6038,4.0,5.0,3.0,4.0,4.0,3.0,3.7214611793355714
6039,4.0,5.0,3.0,4.0,4.0,4.0,3.971212098645779
6040,4.0,5.0,3.0,4.0,4.0,5.0,4.092105264899395
6041,4.0,5.0,3.0,4.0,5.0,2.0,3.3636363914809517
6042,4.0,5.0,3.0,4.0,5.0,3.0,3.721461220824944
6043,4.0,5.0,3.0,4.0,5.0,4.0,4.079754602510452
6044,4.0,5.0,3.0,4.0,5.0,5.0,4.171641797249914
6045,4.0,5.0,3.0,5.0,1.0,1.0,2.8813559606049792
6046,4.0,5.0,3.0,5.0,1.0,2.0,2.8813559704050076
6047,4.0,5.0,3.0,5.0,1.0,3.0,3.1785714401358343
6048,4.0,5.0,3.0,5.0,1.0,4.0,3.1785714502799705
6049,4.0,5.0,3.0,5.0,1.0,5.0,3.2500000125140294
6050,4.0,5.0,3.0,5.0,2.0,2.0,3.225806436449188
6051,4.0,5.0,3.0,5.0,2.0,3.0,3.375000001920422
6052,4.0,5.0,3.0,5.0,2.0,4.0,3.543478269260603
6053,4.0,5.0,3.0,5.0,2.0,5.0,3.6875000045759303
6054,4.0,5.0,3.0,5.0,3.0,2.0,3.4166666751114882
6055,4.0,5.0,3.0,5.0,3.0,3.0,3.5714285731746336
6056,4.0,5.0,3.0,5.0,3.0,4.0,3.8684210544322637
6057,4.0,5.0,3.0,5.0,3.0,5.0,3.9444444596797896
6058,4.0,5.0,3.0,5.0,4.0,2.0,3.4166666866557445
6059,4.0,5.0,3.0,5.0,4.0,3.0,3.7307692329200806
6060,4.0,5.0,3.0,5.0,4.0,4.0,3.971212203165205
6061,4.0,5.0,3.0,5.0,4.0,5.0,4.191176471973737
6062,4.0,5.0,3.0,5.0,5.0,2.0,3.73913041852773
6063,4.0,5.0,3.0,5.0,5.0,3.0,3.7391304479211636
6064,4.0,5.0,3.0,5.0,5.0,4.0,4.128205129504452
6065,4.0,5.0,3.0,5.0,5.0,5.0,4.20186335477254
6066,4.0,5.0,4.0,1.0,1.0,1.0,1.8750000045815354
6067,4.0,5.0,4.0,1.0,2.0,1.0,1.999999993420385
6068,4.0,5.0,4.0,1.0,3.0,1.0,2.0000000123120714
6069,4.0,5.0,4.0,1.0,3.0,3.0,3.0000000497254686
6070,4.0,5.0,4.0,1.0,3.0,4.0,3.0000000504330475
6071,4.0,5.0,4.0,1.0,4.0,3.0,3.241935493190804
6072,4.0,5.0,4.0,1.0,4.0,4.0,3.333333353543395
6073,4.0,5.0,4.0,1.0,5.0,3.0,3.2419355005307002
6074,4.0,5.0,4.0,1.0,5.0,4.0,3.6470588106855466
6075,4.0,5.0,4.0,1.0,5.0,5.0,3.6666665586978198
6076,4.0,5.0,4.0,2.0,1.0,1.0,2.4705882349633113
6077,4.0,5.0,4.0,2.0,1.0,3.0,2.7500000078316686
6078,4.0,5.0,4.0,2.0,1.0,4.0,2.8333333659500006
6079,4.0,5.0,4.0,2.0,1.0,5.0,3.367816081929734
6080,4.0,5.0,4.0,2.0,2.0,1.0,2.4705882398740497
6081,4.0,5.0,4.0,2.0,2.0,2.0,3.000000012905066
6082,4.0,5.0,4.0,2.0,2.0,3.0,3.1578947567746956
6083,4.0,5.0,4.0,2.0,3.0,1.0,2.4705882617748025
6084,4.0,5.0,4.0,2.0,3.0,2.0,3.0769230817603224
6085,4.0,5.0,4.0,2.0,3.0,3.0,3.2419355012371884
6086,4.0,5.0,4.0,2.0,3.0,4.0,3.5333333469476047
6087,4.0,5.0,4.0,2.0,3.0,5.0,3.533333376593678
6088,4.0,5.0,4.0,2.0,4.0,2.0,3.07692308179768
6089,4.0,5.0,4.0,2.0,4.0,3.0,3.241935501353313
6090,4.0,5.0,4.0,2.0,4.0,4.0,3.647058844842339
6091,4.0,5.0,4.0,2.0,4.0,5.0,4.000000022861662
6092,4.0,5.0,4.0,2.0,5.0,2.0,3.076923115589274
6093,4.0,5.0,4.0,2.0,5.0,3.0,3.2812500159855134
6094,4.0,5.0,4.0,2.0,5.0,4.0,3.6470588409103013
6095,4.0,5.0,4.0,2.0,5.0,5.0,4.000000031715857
6096,4.0,5.0,4.0,3.0,1.0,1.0,2.729166499255121
6097,4.0,5.0,4.0,3.0,1.0,2.0,2.881355944897295
6098,4.0,5.0,4.0,3.0,1.0,3.0,2.88135594833647
6099,4.0,5.0,4.0,3.0,1.0,4.0,3.3678160917300897
6100,4.0,5.0,4.0,3.0,2.0,1.0,2.7291665084342642
6101,4.0,5.0,4.0,3.0,2.0,2.0,3.0714286037726377
6102,4.0,5.0,4.0,3.0,2.0,3.0,3.347826090192722
6103,4.0,5.0,4.0,3.0,2.0,4.0,3.739999983255038
6104,4.0,5.0,4.0,3.0,2.0,5.0,3.7500000372669695
6105,4.0,5.0,4.0,3.0,3.0,2.0,3.121212077613013
6106,4.0,5.0,4.0,3.0,3.0,3.0,3.6834532387078824
6107,4.0,5.0,4.0,3.0,3.0,4.0,3.9325842713389987
6108,4.0,5.0,4.0,3.0,3.0,5.0,3.9325842803307394
6109,4.0,5.0,4.0,3.0,4.0,1.0,2.729166572640737
6110,4.0,5.0,4.0,3.0,4.0,2.0,3.1212121363637504
6111,4.0,5.0,4.0,3.0,4.0,3.0,3.813333334645544
6112,4.0,5.0,4.0,3.0,4.0,4.0,3.951401882831228
6113,4.0,5.0,4.0,3.0,4.0,5.0,4.1081081208375805
6114,4.0,5.0,4.0,3.0,5.0,2.0,3.121212135008474
6115,4.0,5.0,4.0,3.0,5.0,3.0,3.837209305416488
6116,4.0,5.0,4.0,3.0,5.0,4.0,3.9615384708010626
6117,4.0,5.0,4.0,3.0,5.0,5.0,4.179487182419402
6118,4.0,5.0,4.0,4.0,1.0,2.0,2.881355949124859
6119,4.0,5.0,4.0,4.0,1.0,3.0,3.083333335192982
6120,4.0,5.0,4.0,4.0,1.0,4.0,3.3678160956514773
6121,4.0,5.0,4.0,4.0,1.0,5.0,3.3678161039799255
6122,4.0,5.0,4.0,4.0,2.0,1.0,2.7291665169609827
6123,4.0,5.0,4.0,4.0,2.0,2.0,3.285714102397887
6124,4.0,5.0,4.0,4.0,2.0,3.0,3.474358989189579
6125,4.0,5.0,4.0,4.0,2.0,4.0,3.7400000061512793
6126,4.0,5.0,4.0,4.0,2.0,5.0,3.888888908118072
6127,4.0,5.0,4.0,4.0,3.0,1.0,2.729166545268733
6128,4.0,5.0,4.0,4.0,3.0,2.0,3.5238094445731836
6129,4.0,5.0,4.0,4.0,3.0,3.0,3.833333334181122
6130,4.0,5.0,4.0,4.0,3.0,4.0,4.026066351367038
6131,4.0,5.0,4.0,4.0,3.0,5.0,4.252941166688951
6132,4.0,5.0,4.0,4.0,4.0,1.0,3.4999998282346296
6133,4.0,5.0,4.0,4.0,4.0,2.0,3.5294117559734293
6134,4.0,5.0,4.0,4.0,4.0,3.0,3.9027355630279588
6135,4.0,5.0,4.0,4.0,4.0,4.0,4.128396144005993
6136,4.0,5.0,4.0,4.0,4.0,5.0,4.346774194316676
6137,4.0,5.0,4.0,4.0,5.0,2.0,3.5294117740877913
6138,4.0,5.0,4.0,4.0,5.0,3.0,4.017857142043534
6139,4.0,5.0,4.0,4.0,5.0,4.0,4.207808564714672
6140,4.0,5.0,4.0,4.0,5.0,5.0,4.42242990719315
6141,4.0,5.0,4.0,5.0,1.0,3.0,3.4743589797813095
6142,4.0,5.0,4.0,5.0,1.0,4.0,3.578947407335523
6143,4.0,5.0,4.0,5.0,1.0,5.0,3.7551020353801117
6144,4.0,5.0,4.0,5.0,2.0,2.0,3.285714172811171
6145,4.0,5.0,4.0,5.0,2.0,3.0,3.4743589886145263
6146,4.0,5.0,4.0,5.0,2.0,4.0,3.90476190951785
6147,4.0,5.0,4.0,5.0,2.0,5.0,4.12121212373036
6148,4.0,5.0,4.0,5.0,3.0,2.0,3.523809494045528
6149,4.0,5.0,4.0,5.0,3.0,3.0,3.967741938115497
6150,4.0,5.0,4.0,5.0,3.0,4.0,4.067632851176551
6151,4.0,5.0,4.0,5.0,3.0,5.0,4.252941185297666
6152,4.0,5.0,4.0,5.0,4.0,1.0,3.500000176577621
6153,4.0,5.0,4.0,5.0,4.0,2.0,3.5294118026885983
6154,4.0,5.0,4.0,5.0,4.0,3.0,4.011111112805415
6155,4.0,5.0,4.0,5.0,4.0,4.0,4.215827338595011
6156,4.0,5.0,4.0,5.0,4.0,5.0,4.468606432442635
6157,4.0,5.0,4.0,5.0,5.0,2.0,4.000000030152183
6158,4.0,5.0,4.0,5.0,5.0,3.0,4.017857147646851
6159,4.0,5.0,4.0,5.0,5.0,4.0,4.292325056893961
6160,4.0,5.0,4.0,5.0,5.0,5.0,4.534463895310153
6161,4.0,5.0,5.0,1.0,2.0,1.0,2.000000012349072
6162,4.0,5.0,5.0,1.0,3.0,1.0,2.000000031692819
6163,4.0,5.0,5.0,1.0,3.0,3.0,3.0000000647827845
6164,4.0,5.0,5.0,1.0,3.0,4.0,3.000000065055456
6165,4.0,5.0,5.0,1.0,5.0,3.0,3.241935525729463
6166,4.0,5.0,5.0,1.0,5.0,5.0,3.666666678097619
6167,4.0,5.0,5.0,2.0,1.0,1.0,2.4999999936035904
6168,4.0,5.0,5.0,2.0,1.0,4.0,3.500000090058936
6169,4.0,5.0,5.0,2.0,2.0,1.0,3.0000000596581584
6170,4.0,5.0,5.0,2.0,2.0,2.0,3.0000000785139678
6171,4.0,5.0,5.0,2.0,2.0,3.0,3.157894769976114
6172,4.0,5.0,5.0,2.0,2.0,4.0,3.5000000966959814
6173,4.0,5.0,5.0,2.0,3.0,1.0,3.2307692454673376
6174,4.0,5.0,5.0,2.0,3.0,2.0,3.2307692771809013
6175,4.0,5.0,5.0,2.0,3.0,3.0,3.241935512701875
6176,4.0,5.0,5.0,2.0,3.0,4.0,3.5333333479200113
6177,4.0,5.0,5.0,2.0,4.0,3.0,3.40000000528397
6178,4.0,5.0,5.0,2.0,4.0,4.0,3.780487820641885
6179,4.0,5.0,5.0,2.0,4.0,5.0,4.275449084741377
6180,4.0,5.0,5.0,2.0,5.0,2.0,3.2307693185475093
6181,4.0,5.0,5.0,2.0,5.0,3.0,3.6666666983402862
6182,4.0,5.0,5.0,2.0,5.0,5.0,4.345454560441276
6183,4.0,5.0,5.0,3.0,1.0,4.0,3.5789473592723873
6184,4.0,5.0,5.0,3.0,2.0,2.0,3.3181817275013263
6185,4.0,5.0,5.0,3.0,2.0,3.0,3.5666666956263775
6186,4.0,5.0,5.0,3.0,2.0,4.0,3.750000014401089
6187,4.0,5.0,5.0,3.0,2.0,5.0,3.800000016101382
6188,4.0,5.0,5.0,3.0,3.0,1.0,3.230769262099315
6189,4.0,5.0,5.0,3.0,3.0,2.0,3.318181702757889
6190,4.0,5.0,5.0,3.0,3.0,3.0,3.911764708510981
6191,4.0,5.0,5.0,3.0,3.0,4.0,4.000000003648768
6192,4.0,5.0,5.0,3.0,3.0,5.0,4.275449090705382
6193,4.0,5.0,5.0,3.0,4.0,2.0,3.500000009031078
6194,4.0,5.0,5.0,3.0,4.0,3.0,3.965909083561449
6195,4.0,5.0,5.0,3.0,4.0,4.0,4.140740731820111
6196,4.0,5.0,5.0,3.0,4.0,5.0,4.275449099875162
6197,4.0,5.0,5.0,3.0,5.0,2.0,3.8888889940155913
6198,4.0,5.0,5.0,3.0,5.0,3.0,3.965909122538146
6199,4.0,5.0,5.0,3.0,5.0,4.0,4.140740762574668
6200,4.0,5.0,5.0,3.0,5.0,5.0,4.345454553762987
6201,4.0,5.0,5.0,4.0,1.0,2.0,2.8813559639499533
6202,4.0,5.0,5.0,4.0,1.0,3.0,3.4117647201949373
6203,4.0,5.0,5.0,4.0,1.0,4.0,3.5789473807803236
6204,4.0,5.0,5.0,4.0,2.0,1.0,3.000000096276151
6205,4.0,5.0,5.0,4.0,2.0,2.0,3.318181795964772
6206,4.0,5.0,5.0,4.0,2.0,3.0,3.625000005849323
6207,4.0,5.0,5.0,4.0,2.0,4.0,3.857142864416623
6208,4.0,5.0,5.0,4.0,2.0,5.0,4.000000023215475
6209,4.0,5.0,5.0,4.0,3.0,2.0,3.7500000203438018
6210,4.0,5.0,5.0,4.0,3.0,3.0,3.9694656501709833
6211,4.0,5.0,5.0,4.0,3.0,4.0,4.185185186323556
6212,4.0,5.0,5.0,4.0,3.0,5.0,4.275449091710489
6213,4.0,5.0,5.0,4.0,4.0,2.0,3.8888889533574025
6214,4.0,5.0,5.0,4.0,4.0,3.0,4.0560344791089395
6215,4.0,5.0,5.0,4.0,4.0,4.0,4.221172023089514
6216,4.0,5.0,5.0,4.0,4.0,5.0,4.523989813124157
6217,4.0,5.0,5.0,4.0,5.0,2.0,3.8888889513154155
6218,4.0,5.0,5.0,4.0,5.0,3.0,4.056034495463432
6219,4.0,5.0,5.0,4.0,5.0,4.0,4.341625207887089
6220,4.0,5.0,5.0,4.0,5.0,5.0,4.523989944326454
6221,4.0,5.0,5.0,5.0,1.0,1.0,3.0000000518101055
6222,4.0,5.0,5.0,5.0,1.0,3.0,3.5000000235197093
6223,4.0,5.0,5.0,5.0,1.0,4.0,3.578947409298327
6224,4.0,5.0,5.0,5.0,1.0,5.0,4.088888870901589
6225,4.0,5.0,5.0,5.0,2.0,2.0,3.318181734649037
6226,4.0,5.0,5.0,5.0,2.0,3.0,3.750000032970387
6227,4.0,5.0,5.0,5.0,2.0,4.0,3.9615384695302325
6228,4.0,5.0,5.0,5.0,2.0,5.0,4.121212129285305
6229,4.0,5.0,5.0,5.0,3.0,2.0,3.750000026113037
6230,4.0,5.0,5.0,5.0,3.0,3.0,3.9821428679191033
6231,4.0,5.0,5.0,5.0,3.0,4.0,4.210000001553404
6232,4.0,5.0,5.0,5.0,3.0,5.0,4.275449110850938
6233,4.0,5.0,5.0,5.0,4.0,1.0,4.0000000646023155
6234,4.0,5.0,5.0,5.0,4.0,3.0,4.101851858113505
6235,4.0,5.0,5.0,5.0,4.0,4.0,4.400000000583822
6236,4.0,5.0,5.0,5.0,4.0,5.0,4.60714285781787
6237,4.0,5.0,5.0,5.0,5.0,1.0,4.000000069320997
6238,4.0,5.0,5.0,5.0,5.0,2.0,4.000000046055479
6239,4.0,5.0,5.0,5.0,5.0,3.0,4.20512821839704
6240,4.0,5.0,5.0,5.0,5.0,4.0,4.477862595996145
6241,4.0,5.0,5.0,5.0,5.0,5.0,4.679271070936091
6242,5.0,1.0,1.0,1.0,1.0,1.0,1.4380952608281143
6243,5.0,1.0,1.0,1.0,2.0,1.0,1.4380952433869432
6244,5.0,1.0,1.0,2.0,2.0,3.0,1.9999999400866055
6245,5.0,1.0,1.0,2.0,3.0,2.0,1.7359551954715151
6246,5.0,1.0,1.0,3.0,1.0,1.0,1.438094679898156
6247,5.0,1.0,1.0,3.0,1.0,2.0,1.6388886935756064
6248,5.0,1.0,1.0,3.0,1.0,3.0,1.638888758620227
6249,5.0,1.0,1.0,4.0,1.0,1.0,1.6470507387254256
6250,5.0,1.0,1.0,4.0,1.0,3.0,2.1999997977826053
6251,5.0,1.0,1.0,4.0,1.0,4.0,2.199999892103116
6252,5.0,1.0,1.0,4.0,3.0,2.0,1.9999994956298548
6253,5.0,1.0,1.0,4.0,4.0,5.0,2.4999997856651612
6254,5.0,1.0,1.0,5.0,2.0,1.0,1.6470537808387953
6255,5.0,1.0,1.0,5.0,2.0,3.0,2.499999541374909
6256,5.0,1.0,1.0,5.0,3.0,4.0,2.499999985418109
6257,5.0,1.0,1.0,5.0,5.0,3.0,2.4999999475083183
6258,5.0,1.0,1.0,5.0,5.0,5.0,2.4999999682994485
6259,5.0,1.0,2.0,1.0,1.0,1.0,1.4380953109030585
6260,5.0,1.0,2.0,2.0,3.0,2.0,2.000000033476627
6261,5.0,1.0,2.0,2.0,4.0,2.0,2.1666666668708894
6262,5.0,1.0,2.0,3.0,1.0,3.0,1.8235293148569103
6263,5.0,1.0,2.0,3.0,1.0,5.0,1.82352937285589
6264,5.0,1.0,2.0,3.0,2.0,1.0,2.214285591510273
6265,5.0,1.0,2.0,4.0,1.0,1.0,2.000000108562765
6266,5.0,1.0,2.0,4.0,1.0,2.0,2.407407366883814
6267,5.0,1.0,2.0,4.0,3.0,4.0,2.5000002665069934
6268,5.0,1.0,2.0,5.0,2.0,5.0,2.9655173681140807
6269,5.0,1.0,2.0,5.0,3.0,3.0,2.965517192766219
6270,5.0,1.0,2.0,5.0,3.0,4.0,2.965517310565291
6271,5.0,1.0,2.0,5.0,3.0,5.0,2.9655172881156315
6272,5.0,1.0,2.0,5.0,4.0,4.0,3.000000031181528
6273,5.0,1.0,2.0,5.0,5.0,5.0,3.0000002109408848
6274,5.0,1.0,3.0,1.0,1.0,2.0,1.9999999139065072
6275,5.0,1.0,3.0,1.0,1.0,3.0,1.9999999535653463
6276,5.0,1.0,3.0,1.0,2.0,1.0,1.5833332885406914
6277,5.0,1.0,3.0,2.0,1.0,1.0,1.9999999416034437
6278,5.0,1.0,3.0,2.0,1.0,2.0,1.9999999386592568
6279,5.0,1.0,3.0,2.0,2.0,2.0,2.6249999845488663
6280,5.0,1.0,3.0,2.0,4.0,3.0,2.6249999291846122
6281,5.0,1.0,3.0,2.0,5.0,4.0,2.624999908377718
6282,5.0,1.0,3.0,3.0,1.0,1.0,2.0000000395068667
6283,5.0,1.0,3.0,3.0,1.0,2.0,1.9999999706275373
6284,5.0,1.0,3.0,3.0,2.0,3.0,2.8947368793980606
6285,5.0,1.0,3.0,3.0,3.0,2.0,2.7500000413528323
6286,5.0,1.0,3.0,3.0,3.0,3.0,2.8947368660197688
6287,5.0,1.0,3.0,3.0,4.0,2.0,2.9655169365197493
6288,5.0,1.0,3.0,3.0,4.0,3.0,2.965517052997181
6289,5.0,1.0,3.0,3.0,5.0,3.0,2.9655170466725846
6290,5.0,1.0,3.0,4.0,1.0,3.0,2.571428532391947
6291,5.0,1.0,3.0,4.0,2.0,2.0,2.705882394335289
6292,5.0,1.0,3.0,4.0,2.0,3.0,2.965517324665578
6293,5.0,1.0,3.0,4.0,2.0,4.0,3.0000000215719838
6294,5.0,1.0,3.0,4.0,3.0,3.0,2.9655172545264485
6295,5.0,1.0,3.0,4.0,4.0,3.0,2.965517165882577
6296,5.0,1.0,3.0,4.0,4.0,4.0,3.2000000013919228
6297,5.0,1.0,3.0,4.0,4.0,5.0,3.454545500540033
6298,5.0,1.0,3.0,4.0,5.0,3.0,2.9655171127392173
6299,5.0,1.0,3.0,5.0,1.0,3.0,2.7333334274846344
6300,5.0,1.0,3.0,5.0,1.0,4.0,3.0000000603330856
6301,5.0,1.0,3.0,5.0,2.0,1.0,2.965517846259261
6302,5.0,1.0,3.0,5.0,2.0,3.0,2.9655175925432506
6303,5.0,1.0,3.0,5.0,2.0,4.0,3.0000002182920205
6304,5.0,1.0,3.0,5.0,3.0,3.0,2.9655173127250523
6305,5.0,1.0,3.0,5.0,3.0,5.0,3.0000002974478663
6306,5.0,1.0,3.0,5.0,4.0,3.0,2.965517297158226
6307,5.0,1.0,3.0,5.0,4.0,4.0,3.250000012774352
6308,5.0,1.0,3.0,5.0,4.0,5.0,3.4545454946846412
6309,5.0,1.0,3.0,5.0,5.0,4.0,3.4545455183281693
6310,5.0,1.0,3.0,5.0,5.0,5.0,3.45454549965012
6311,5.0,1.0,4.0,1.0,4.0,4.0,2.999999943054916
6312,5.0,1.0,4.0,2.0,1.0,2.0,1.9999999749899984
6313,5.0,1.0,4.0,2.0,5.0,1.0,2.000000061596006
6314,5.0,1.0,4.0,3.0,1.0,3.0,2.0999999820890043
6315,5.0,1.0,4.0,3.0,2.0,2.0,2.6666666966392034
6316,5.0,1.0,4.0,3.0,2.0,3.0,2.99999998530474
6317,5.0,1.0,4.0,4.0,1.0,3.0,2.571428624856662
6318,5.0,1.0,4.0,4.0,2.0,3.0,3.000000067557993
6319,5.0,1.0,4.0,4.0,4.0,2.0,3.000000148698784
6320,5.0,1.0,4.0,4.0,4.0,3.0,3.4000001076074398
6321,5.0,1.0,4.0,4.0,4.0,4.0,3.6000000439931554
6322,5.0,1.0,4.0,5.0,1.0,3.0,2.7333333361686694
6323,5.0,1.0,4.0,5.0,3.0,3.0,3.400000097422427
6324,5.0,1.0,4.0,5.0,4.0,4.0,3.8461538573382645
6325,5.0,1.0,4.0,5.0,4.0,5.0,3.8461538873823393
6326,5.0,1.0,4.0,5.0,5.0,3.0,3.400000102340418
6327,5.0,1.0,4.0,5.0,5.0,4.0,3.8461538594677105
6328,5.0,1.0,4.0,5.0,5.0,5.0,3.8461539071072512
6329,5.0,1.0,5.0,2.0,2.0,5.0,3.0000001744693994
6330,5.0,1.0,5.0,3.0,3.0,2.0,3.0000000594827245
6331,5.0,1.0,5.0,3.0,4.0,3.0,3.571428608338283
6332,5.0,1.0,5.0,3.0,5.0,5.0,4.428571598455739
6333,5.0,1.0,5.0,4.0,1.0,3.0,2.5714286445817414
6334,5.0,1.0,5.0,4.0,3.0,4.0,3.600000104145866
6335,5.0,1.0,5.0,4.0,3.0,5.0,3.6666667393338286
6336,5.0,1.0,5.0,4.0,4.0,1.0,3.571428640881164
6337,5.0,1.0,5.0,4.0,5.0,5.0,4.656000055923807
6338,5.0,1.0,5.0,5.0,1.0,1.0,2.666666508509226
6339,5.0,1.0,5.0,5.0,1.0,2.0,2.6666665477252627
6340,5.0,1.0,5.0,5.0,1.0,3.0,3.0000004470335457
6341,5.0,1.0,5.0,5.0,1.0,5.0,3.0000006143810647
6342,5.0,1.0,5.0,5.0,2.0,2.0,3.3181817638578357
6343,5.0,1.0,5.0,5.0,3.0,5.0,3.6666667353209266
6344,5.0,1.0,5.0,5.0,4.0,3.0,3.5714285927081195
6345,5.0,1.0,5.0,5.0,4.0,5.0,4.500000060094061
6346,5.0,1.0,5.0,5.0,5.0,5.0,4.6590909122716315
6347,5.0,2.0,1.0,1.0,1.0,1.0,1.4380954678427575
6348,5.0,2.0,1.0,1.0,2.0,1.0,1.438095632881155
6349,5.0,2.0,1.0,2.0,3.0,2.0,1.7359549943310821
6350,5.0,2.0,1.0,2.0,3.0,3.0,2.241379321973555
6351,5.0,2.0,1.0,3.0,1.0,1.0,1.6470580444751293
6352,5.0,2.0,1.0,3.0,1.0,3.0,2.0156248628884854
6353,5.0,2.0,1.0,3.0,2.0,1.0,1.6470554943409335
6354,5.0,2.0,1.0,3.0,2.0,3.0,2.0156248861414534
6355,5.0,2.0,1.0,3.0,3.0,1.0,1.647054970551877
6356,5.0,2.0,1.0,3.0,4.0,4.0,2.9999996501572292
6357,5.0,2.0,1.0,4.0,3.0,3.0,2.2413792715657967
6358,5.0,2.0,1.0,4.0,4.0,3.0,2.666666655897403
6359,5.0,2.0,1.0,5.0,1.0,1.0,1.7272737443871107
6360,5.0,2.0,1.0,5.0,1.0,4.0,2.200000354341709
6361,5.0,2.0,1.0,5.0,2.0,3.0,2.5000003561814315
6362,5.0,2.0,1.0,5.0,2.0,5.0,2.531914964452021
6363,5.0,2.0,1.0,5.0,4.0,1.0,1.999999939936857
6364,5.0,2.0,1.0,5.0,5.0,4.0,3.0000004419051893
6365,5.0,2.0,2.0,1.0,1.0,1.0,1.4999998288865755
6366,5.0,2.0,2.0,1.0,1.0,2.0,2.0000000529607522
6367,5.0,2.0,2.0,1.0,5.0,3.0,2.0000002539862005
6368,5.0,2.0,2.0,2.0,1.0,1.0,1.9999999581871941
6369,5.0,2.0,2.0,2.0,1.0,2.0,2.0000001023808727
6370,5.0,2.0,2.0,2.0,1.0,3.0,2.1052632844865062
6371,5.0,2.0,2.0,2.0,2.0,2.0,2.096153882506089
6372,5.0,2.0,2.0,2.0,2.0,3.0,2.333333360361028
6373,5.0,2.0,2.0,2.0,3.0,3.0,2.4615385506212486
6374,5.0,2.0,2.0,3.0,1.0,2.0,2.333333266837982
6375,5.0,2.0,2.0,3.0,2.0,1.0,2.2142854528581655
6376,5.0,2.0,2.0,3.0,2.0,2.0,2.407407415548908
6377,5.0,2.0,2.0,3.0,2.0,3.0,2.6470588302773743
6378,5.0,2.0,2.0,3.0,3.0,1.0,2.214285340879502
6379,5.0,2.0,2.0,3.0,3.0,2.0,2.5294117290505658
6380,5.0,2.0,2.0,3.0,3.0,3.0,2.6470588634148307
6381,5.0,2.0,2.0,3.0,4.0,1.0,2.529411781770017
6382,5.0,2.0,2.0,4.0,1.0,1.0,2.0873786503698106
6383,5.0,2.0,2.0,4.0,1.0,2.0,2.4074075552601912
6384,5.0,2.0,2.0,4.0,2.0,2.0,2.407407633489303
6385,5.0,2.0,2.0,4.0,3.0,2.0,2.7291666644111894
6386,5.0,2.0,2.0,4.0,3.0,4.0,2.9655172846199207
6387,5.0,2.0,2.0,4.0,4.0,3.0,3.135135149769842
6388,5.0,2.0,2.0,4.0,4.0,4.0,3.249999996951975
6389,5.0,2.0,2.0,4.0,5.0,2.0,3.0000004205347426
6390,5.0,2.0,2.0,4.0,5.0,4.0,3.3333333954942086
6391,5.0,2.0,2.0,5.0,1.0,1.0,2.087378525799137
6392,5.0,2.0,2.0,5.0,1.0,2.0,2.407407639920111
6393,5.0,2.0,2.0,5.0,1.0,3.0,2.531914847521721
6394,5.0,2.0,2.0,5.0,2.0,2.0,2.4074077332705146
6395,5.0,2.0,2.0,5.0,2.0,3.0,2.965517033084659
6396,5.0,2.0,2.0,5.0,3.0,2.0,2.965517575338901
6397,5.0,2.0,2.0,5.0,3.0,3.0,2.9655172365985933
6398,5.0,2.0,2.0,5.0,3.0,5.0,2.9655172007950794
6399,5.0,2.0,2.0,5.0,4.0,3.0,3.1351352440748292
6400,5.0,2.0,2.0,5.0,4.0,4.0,3.3333333216804952
6401,5.0,2.0,2.0,5.0,5.0,3.0,3.1351352192735833
6402,5.0,2.0,2.0,5.0,5.0,4.0,3.3333333581661755
6403,5.0,2.0,2.0,5.0,5.0,5.0,3.333333369321623
6404,5.0,2.0,3.0,1.0,1.0,1.0,1.6666665952621094
6405,5.0,2.0,3.0,1.0,2.0,2.0,1.9999999545320069
6406,5.0,2.0,3.0,1.0,3.0,1.0,1.8333333414670516
6407,5.0,2.0,3.0,2.0,3.0,2.0,2.625000008661699
6408,5.0,2.0,3.0,2.0,3.0,3.0,2.9999999708074516
6409,5.0,2.0,3.0,2.0,4.0,3.0,3.0000000257688
6410,5.0,2.0,3.0,3.0,1.0,2.0,2.4722222218028778
6411,5.0,2.0,3.0,3.0,1.0,3.0,2.871428553783438
6412,5.0,2.0,3.0,3.0,2.0,2.0,2.7058824298549387
6413,5.0,2.0,3.0,3.0,2.0,3.0,3.0000000289058817
6414,5.0,2.0,3.0,3.0,2.0,4.0,3.129032250689426
6415,5.0,2.0,3.0,3.0,3.0,2.0,2.750000008918356
6416,5.0,2.0,3.0,3.0,3.0,3.0,3.0638297993476633
6417,5.0,2.0,3.0,3.0,3.0,4.0,3.1290322526845684
6418,5.0,2.0,3.0,3.0,4.0,2.0,3.0000000317079722
6419,5.0,2.0,3.0,3.0,4.0,3.0,3.07142858525483
6420,5.0,2.0,3.0,3.0,4.0,4.0,3.3012048463502484
6421,5.0,2.0,3.0,3.0,4.0,5.0,3.301204837393889
6422,5.0,2.0,3.0,3.0,5.0,4.0,3.4166667555166983
6423,5.0,2.0,3.0,3.0,5.0,5.0,3.857142945802918
6424,5.0,2.0,3.0,4.0,1.0,2.0,2.7058824415291327
6425,5.0,2.0,3.0,4.0,1.0,5.0,2.8714285524425653
6426,5.0,2.0,3.0,4.0,2.0,1.0,2.499999828531588
6427,5.0,2.0,3.0,4.0,2.0,2.0,2.7058823673025927
6428,5.0,2.0,3.0,4.0,2.0,3.0,3.1290322701840605
6429,5.0,2.0,3.0,4.0,2.0,4.0,3.1290322759277718
6430,5.0,2.0,3.0,4.0,3.0,3.0,3.1290322802054096
6431,5.0,2.0,3.0,4.0,3.0,4.0,3.416666626063748
6432,5.0,2.0,3.0,4.0,3.0,5.0,3.416666683151586
6433,5.0,2.0,3.0,4.0,4.0,3.0,3.1666666800705014
6434,5.0,2.0,3.0,4.0,4.0,4.0,3.416666651980737
6435,5.0,2.0,3.0,4.0,4.0,5.0,3.9436619962454937
6436,5.0,2.0,3.0,4.0,5.0,3.0,3.2500000075496005
6437,5.0,2.0,3.0,4.0,5.0,4.0,3.416666718987212
6438,5.0,2.0,3.0,4.0,5.0,5.0,4.00000003128566
6439,5.0,2.0,3.0,5.0,1.0,3.0,3.0000000844259684
6440,5.0,2.0,3.0,5.0,1.0,4.0,3.0000001009410964
6441,5.0,2.0,3.0,5.0,1.0,5.0,3.2000000130346447
6442,5.0,2.0,3.0,5.0,2.0,2.0,3.000000159464912
6443,5.0,2.0,3.0,5.0,2.0,3.0,3.1290322504050603
6444,5.0,2.0,3.0,5.0,2.0,4.0,3.1290322523017475
6445,5.0,2.0,3.0,5.0,2.0,5.0,3.2000000526637216
6446,5.0,2.0,3.0,5.0,3.0,1.0,3.137930925734966
6447,5.0,2.0,3.0,5.0,3.0,2.0,3.1666666796031806
6448,5.0,2.0,3.0,5.0,3.0,3.0,3.166666719008169
6449,5.0,2.0,3.0,5.0,3.0,4.0,3.555555550928652
6450,5.0,2.0,3.0,5.0,3.0,5.0,3.5555555531686704
6451,5.0,2.0,3.0,5.0,4.0,3.0,3.1666666988194283
6452,5.0,2.0,3.0,5.0,4.0,4.0,3.555555573433067
6453,5.0,2.0,3.0,5.0,4.0,5.0,3.9436620248347434
6454,5.0,2.0,3.0,5.0,5.0,3.0,3.250000020085237
6455,5.0,2.0,3.0,5.0,5.0,4.0,3.6666666761640405
6456,5.0,2.0,3.0,5.0,5.0,5.0,4.252475254321046
6457,5.0,2.0,4.0,1.0,3.0,2.0,2.0000000140616456
6458,5.0,2.0,4.0,2.0,2.0,3.0,2.6250000083033065
6459,5.0,2.0,4.0,2.0,4.0,2.0,2.9499999963042276
6460,5.0,2.0,4.0,2.0,4.0,3.0,3.000000043700232
6461,5.0,2.0,4.0,2.0,5.0,3.0,3.2857143197351415
6462,5.0,2.0,4.0,3.0,1.0,2.0,2.8714285684155865
6463,5.0,2.0,4.0,3.0,1.0,3.0,2.871428558432157
6464,5.0,2.0,4.0,3.0,2.0,2.0,3.0545454465092656
6465,5.0,2.0,4.0,3.0,2.0,4.0,3.297297310168693
6466,5.0,2.0,4.0,3.0,3.0,3.0,3.0638297976672573
6467,5.0,2.0,4.0,3.0,3.0,4.0,3.5384615406164244
6468,5.0,2.0,4.0,3.0,4.0,2.0,3.0545454387445763
6469,5.0,2.0,4.0,3.0,4.0,4.0,3.538461576885649
6470,5.0,2.0,4.0,3.0,5.0,3.0,3.643835642200694
6471,5.0,2.0,4.0,4.0,1.0,3.0,2.87142856060258
6472,5.0,2.0,4.0,4.0,1.0,5.0,2.8714285604021286
6473,5.0,2.0,4.0,4.0,2.0,2.0,3.054545420854333
6474,5.0,2.0,4.0,4.0,2.0,3.0,3.464285762442685
6475,5.0,2.0,4.0,4.0,3.0,3.0,3.4642857256084976
6476,5.0,2.0,4.0,4.0,3.0,5.0,3.8000000485007224
6477,5.0,2.0,4.0,4.0,4.0,2.0,3.4642858105907
6478,5.0,2.0,4.0,4.0,4.0,3.0,3.4642857922743646
6479,5.0,2.0,4.0,4.0,4.0,4.0,3.8666666713177458
6480,5.0,2.0,4.0,4.0,4.0,5.0,4.0000000152983946
6481,5.0,2.0,4.0,4.0,5.0,3.0,3.818181811766001
6482,5.0,2.0,4.0,4.0,5.0,4.0,4.0000000118503145
6483,5.0,2.0,4.0,4.0,5.0,5.0,4.0000000447483055
6484,5.0,2.0,4.0,5.0,1.0,4.0,3.3333333646549708
6485,5.0,2.0,4.0,5.0,1.0,5.0,3.333333360746631
6486,5.0,2.0,4.0,5.0,2.0,5.0,3.464285740402766
6487,5.0,2.0,4.0,5.0,3.0,3.0,3.80000005081808
6488,5.0,2.0,4.0,5.0,3.0,5.0,3.8000000341671916
6489,5.0,2.0,4.0,5.0,4.0,3.0,3.8181818487149966
6490,5.0,2.0,4.0,5.0,4.0,4.0,4.1250000125207364
6491,5.0,2.0,4.0,5.0,4.0,5.0,4.142857151534496
6492,5.0,2.0,4.0,5.0,5.0,3.0,3.8181818366566853
6493,5.0,2.0,4.0,5.0,5.0,4.0,4.250000012420712
6494,5.0,2.0,4.0,5.0,5.0,5.0,4.252475258222293
6495,5.0,2.0,5.0,1.0,4.0,2.0,1.999999948010018
6496,5.0,2.0,5.0,2.0,3.0,2.0,2.62500010578157
6497,5.0,2.0,5.0,2.0,4.0,3.0,3.741935503483658
6498,5.0,2.0,5.0,3.0,3.0,2.0,3.566666641975622
6499,5.0,2.0,5.0,3.0,3.0,3.0,3.566666650394281
6500,5.0,2.0,5.0,3.0,4.0,3.0,3.7464788797655695
6501,5.0,2.0,5.0,3.0,4.0,5.0,4.200000025365474
6502,5.0,2.0,5.0,4.0,3.0,2.0,3.5714285368874394
6503,5.0,2.0,5.0,4.0,3.0,3.0,3.5714286822347057
6504,5.0,2.0,5.0,4.0,4.0,2.0,3.5714285641178187
6505,5.0,2.0,5.0,4.0,4.0,3.0,4.000000024192022
6506,5.0,2.0,5.0,4.0,4.0,4.0,4.000000015205969
6507,5.0,2.0,5.0,4.0,4.0,5.0,4.20000002695735
6508,5.0,2.0,5.0,4.0,5.0,3.0,4.0000000265233036
6509,5.0,2.0,5.0,4.0,5.0,4.0,4.333333337302425
6510,5.0,2.0,5.0,4.0,5.0,5.0,4.656000060979339
6511,5.0,2.0,5.0,5.0,1.0,3.0,3.0000017510669807
6512,5.0,2.0,5.0,5.0,1.0,5.0,3.617021278310909
6513,5.0,2.0,5.0,5.0,2.0,2.0,3.3181820665078745
6514,5.0,2.0,5.0,5.0,2.0,5.0,4.000000057968855
6515,5.0,2.0,5.0,5.0,3.0,3.0,3.8124999658431062
6516,5.0,2.0,5.0,5.0,3.0,4.0,4.3333333381814185
6517,5.0,2.0,5.0,5.0,3.0,5.0,4.400000018503065
6518,5.0,2.0,5.0,5.0,4.0,3.0,4.232558124052263
6519,5.0,2.0,5.0,5.0,4.0,4.0,4.333333347464974
6520,5.0,2.0,5.0,5.0,4.0,5.0,4.6590909130283675
6521,5.0,2.0,5.0,5.0,5.0,3.0,4.250000016329019
6522,5.0,2.0,5.0,5.0,5.0,4.0,4.333333348297107
6523,5.0,2.0,5.0,5.0,5.0,5.0,4.65909091419531
6524,5.0,3.0,1.0,1.0,1.0,1.0,1.4380952181829334
6525,5.0,3.0,1.0,1.0,2.0,1.0,1.4380953244949233
6526,5.0,3.0,1.0,1.0,2.0,2.0,1.735955149725309
6527,5.0,3.0,1.0,1.0,2.0,3.0,1.735955181239144
6528,5.0,3.0,1.0,1.0,3.0,1.0,1.4999999985073516
6529,5.0,3.0,1.0,1.0,3.0,3.0,1.7359550870542475
6530,5.0,3.0,1.0,1.0,4.0,1.0,2.000000085621487
6531,5.0,3.0,1.0,2.0,1.0,1.0,1.4380951252735736
6532,5.0,3.0,1.0,2.0,1.0,3.0,2.000000031765194
6533,5.0,3.0,1.0,2.0,2.0,1.0,1.438095150360192
6534,5.0,3.0,1.0,2.0,2.0,3.0,2.0000000624341645
6535,5.0,3.0,1.0,2.0,3.0,1.0,1.999999564600475
6536,5.0,3.0,1.0,2.0,3.0,2.0,2.1842104714917596
6537,5.0,3.0,1.0,3.0,1.0,1.0,1.6470591394205116
6538,5.0,3.0,1.0,3.0,2.0,1.0,1.9999994131451622
6539,5.0,3.0,1.0,3.0,2.0,3.0,2.499999940450407
6540,5.0,3.0,1.0,3.0,3.0,1.0,1.9999996479411433
6541,5.0,3.0,1.0,3.0,3.0,2.0,2.1842104734268744
6542,5.0,3.0,1.0,3.0,4.0,2.0,2.500000094239158
6543,5.0,3.0,1.0,3.0,4.0,4.0,3.000000004444243
6544,5.0,3.0,1.0,4.0,1.0,1.0,1.7272726035065311
6545,5.0,3.0,1.0,4.0,1.0,3.0,2.222222283153373
6546,5.0,3.0,1.0,4.0,1.0,5.0,2.5319149527921003
6547,5.0,3.0,1.0,4.0,2.0,3.0,2.500000006308899
6548,5.0,3.0,1.0,4.0,2.0,5.0,2.5319148681019743
6549,5.0,3.0,1.0,4.0,3.0,1.0,2.000000089123112
6550,5.0,3.0,1.0,4.0,3.0,3.0,2.500000124154881
6551,5.0,3.0,1.0,4.0,4.0,1.0,2.0000000170941425
6552,5.0,3.0,1.0,4.0,4.0,3.0,2.6666666575109508
6553,5.0,3.0,1.0,4.0,4.0,4.0,3.0000000230945414
6554,5.0,3.0,1.0,4.0,5.0,3.0,2.6666666809194077
6555,5.0,3.0,1.0,4.0,5.0,5.0,3.500000068826054
6556,5.0,3.0,1.0,5.0,1.0,2.0,2.00000012167286
6557,5.0,3.0,1.0,5.0,1.0,3.0,2.222222251060154
6558,5.0,3.0,1.0,5.0,1.0,4.0,2.33333334861016
6559,5.0,3.0,1.0,5.0,2.0,3.0,2.5000000728156304
6560,5.0,3.0,1.0,5.0,3.0,1.0,2.0000008406044043
6561,5.0,3.0,1.0,5.0,3.0,3.0,2.5000000928764075
6562,5.0,3.0,1.0,5.0,3.0,5.0,2.5319149717414264
6563,5.0,3.0,1.0,5.0,4.0,2.0,2.500000632329957
6564,5.0,3.0,1.0,5.0,4.0,3.0,3.0000000328187832
6565,5.0,3.0,1.0,5.0,4.0,5.0,3.000000119489202
6566,5.0,3.0,1.0,5.0,5.0,1.0,2.0000024951988618
6567,5.0,3.0,1.0,5.0,5.0,5.0,3.857142834847524
6568,5.0,3.0,2.0,1.0,1.0,1.0,1.6428571395490852
6569,5.0,3.0,2.0,1.0,2.0,1.0,1.6428571571003296
6570,5.0,3.0,2.0,1.0,2.0,2.0,2.000000072017176
6571,5.0,3.0,2.0,1.0,2.0,3.0,2.300000011664703
6572,5.0,3.0,2.0,1.0,3.0,1.0,1.8333333224644992
6573,5.0,3.0,2.0,1.0,3.0,2.0,2.000000074981575
6574,5.0,3.0,2.0,1.0,3.0,3.0,2.3000000344658256
6575,5.0,3.0,2.0,2.0,1.0,3.0,2.3333333396369818
6576,5.0,3.0,2.0,2.0,2.0,2.0,2.3333333474820828
6577,5.0,3.0,2.0,2.0,2.0,3.0,2.3939394137683574
6578,5.0,3.0,2.0,2.0,3.0,1.0,2.000000001196025
6579,5.0,3.0,2.0,2.0,3.0,2.0,2.3908046339737297
6580,5.0,3.0,2.0,2.0,3.0,3.0,2.6111110958848966
6581,5.0,3.0,2.0,2.0,4.0,3.0,2.8000000223416497
6582,5.0,3.0,2.0,2.0,5.0,3.0,2.9999999989022728
6583,5.0,3.0,2.0,3.0,1.0,1.0,2.0499999780197076
6584,5.0,3.0,2.0,3.0,1.0,2.0,2.333333355966671
6585,5.0,3.0,2.0,3.0,1.0,3.0,2.438356169607663
6586,5.0,3.0,2.0,3.0,2.0,2.0,2.52941176458271
6587,5.0,3.0,2.0,3.0,2.0,3.0,2.7142857234711326
6588,5.0,3.0,2.0,3.0,2.0,4.0,2.9655172800081293
6589,5.0,3.0,2.0,3.0,3.0,1.0,2.2142855844469236
6590,5.0,3.0,2.0,3.0,3.0,2.0,2.5294117804867144
6591,5.0,3.0,2.0,3.0,3.0,3.0,3.0000000012274275
6592,5.0,3.0,2.0,3.0,4.0,2.0,2.5294118429572823
6593,5.0,3.0,2.0,3.0,4.0,3.0,3.0000000060074554
6594,5.0,3.0,2.0,3.0,4.0,4.0,3.2424242447888965
6595,5.0,3.0,2.0,3.0,5.0,3.0,3.0500000298582806
6596,5.0,3.0,2.0,4.0,1.0,2.0,2.4074075163056294
6597,5.0,3.0,2.0,4.0,1.0,3.0,2.438356165142246
6598,5.0,3.0,2.0,4.0,2.0,2.0,2.652173913833795
6599,5.0,3.0,2.0,4.0,2.0,3.0,2.959183695807935
6600,5.0,3.0,2.0,4.0,2.0,4.0,2.9655173088754014
6601,5.0,3.0,2.0,4.0,3.0,1.0,2.214285689945764
6602,5.0,3.0,2.0,4.0,3.0,2.0,3.0500000041603554
6603,5.0,3.0,2.0,4.0,3.0,3.0,3.1304347760810023
6604,5.0,3.0,2.0,4.0,3.0,4.0,3.419753069374911
6605,5.0,3.0,2.0,4.0,3.0,5.0,3.500000053746011
6606,5.0,3.0,2.0,4.0,4.0,2.0,3.0499999297553284
6607,5.0,3.0,2.0,4.0,4.0,3.0,3.1351351653761586
6608,5.0,3.0,2.0,4.0,4.0,4.0,3.4197530648534458
6609,5.0,3.0,2.0,4.0,5.0,3.0,3.135135164266685
6610,5.0,3.0,2.0,4.0,5.0,5.0,3.8888889083396534
6611,5.0,3.0,2.0,5.0,1.0,1.0,2.087378586497173
6612,5.0,3.0,2.0,5.0,1.0,2.0,2.4074074505145835
6613,5.0,3.0,2.0,5.0,1.0,3.0,2.531914871397157
6614,5.0,3.0,2.0,5.0,1.0,4.0,2.531914864493072
6615,5.0,3.0,2.0,5.0,2.0,2.0,2.7499999665714334
6616,5.0,3.0,2.0,5.0,2.0,3.0,2.96551745489614
6617,5.0,3.0,2.0,5.0,2.0,4.0,2.965517364745396
6618,5.0,3.0,2.0,5.0,2.0,5.0,2.9655173177932532
6619,5.0,3.0,2.0,5.0,3.0,2.0,3.050000159429701
6620,5.0,3.0,2.0,5.0,3.0,3.0,3.1304348023296313
6621,5.0,3.0,2.0,5.0,3.0,4.0,3.419753088718667
6622,5.0,3.0,2.0,5.0,3.0,5.0,3.548387081665596
6623,5.0,3.0,2.0,5.0,4.0,2.0,3.050000043135766
6624,5.0,3.0,2.0,5.0,4.0,3.0,3.3333333549895983
6625,5.0,3.0,2.0,5.0,4.0,4.0,3.4197530647491643
6626,5.0,3.0,2.0,5.0,4.0,5.0,3.5483871360572223
6627,5.0,3.0,2.0,5.0,5.0,2.0,3.0499998741802847
6628,5.0,3.0,2.0,5.0,5.0,3.0,3.419753068584057
6629,5.0,3.0,2.0,5.0,5.0,4.0,3.419753082395054
6630,5.0,3.0,2.0,5.0,5.0,5.0,3.8888889074619852
6631,5.0,3.0,3.0,1.0,1.0,1.0,1.6666666754467618
6632,5.0,3.0,3.0,1.0,1.0,2.0,2.000000068701218
6633,5.0,3.0,3.0,1.0,2.0,1.0,1.714285732989352
6634,5.0,3.0,3.0,1.0,2.0,2.0,2.0930232505860134
6635,5.0,3.0,3.0,1.0,3.0,1.0,1.8333333653560764
6636,5.0,3.0,3.0,1.0,3.0,2.0,2.093023278280357
6637,5.0,3.0,3.0,1.0,3.0,3.0,2.4117647042773496
6638,5.0,3.0,3.0,1.0,4.0,3.0,2.6666666630601967
6639,5.0,3.0,3.0,1.0,5.0,1.0,2.0000000186989344
6640,5.0,3.0,3.0,1.0,5.0,5.0,2.999999987079461
6641,5.0,3.0,3.0,2.0,1.0,1.0,2.0873786047392153
6642,5.0,3.0,3.0,2.0,1.0,2.0,2.27826087233206
6643,5.0,3.0,3.0,2.0,1.0,3.0,2.666666682028156
6644,5.0,3.0,3.0,2.0,1.0,4.0,2.8714285988716552
6645,5.0,3.0,3.0,2.0,2.0,1.0,2.2222222225205086
6646,5.0,3.0,3.0,2.0,2.0,3.0,2.833333331837255
6647,5.0,3.0,3.0,2.0,3.0,1.0,2.222222224719749
6648,5.0,3.0,3.0,2.0,3.0,2.0,2.7083333336117583
6649,5.0,3.0,3.0,2.0,3.0,3.0,3.0000000125550734
6650,5.0,3.0,3.0,2.0,3.0,4.0,3.3170731623877048
6651,5.0,3.0,3.0,2.0,4.0,2.0,2.7500000063445595
6652,5.0,3.0,3.0,2.0,4.0,3.0,3.0091743115477305
6653,5.0,3.0,3.0,2.0,5.0,3.0,3.281250004562298
6654,5.0,3.0,3.0,2.0,5.0,5.0,3.3846154275898117
6655,5.0,3.0,3.0,3.0,1.0,1.0,2.087378601051856
6656,5.0,3.0,3.0,3.0,1.0,2.0,2.4722222240667167
6657,5.0,3.0,3.0,3.0,1.0,3.0,2.8714285862146762
6658,5.0,3.0,3.0,3.0,1.0,5.0,3.0000000089260825
6659,5.0,3.0,3.0,3.0,2.0,2.0,2.7058823979726228
6660,5.0,3.0,3.0,3.0,2.0,3.0,3.0714285761342333
6661,5.0,3.0,3.0,3.0,2.0,4.0,3.4736842171256033
6662,5.0,3.0,3.0,3.0,3.0,1.0,2.58536583757755
6663,5.0,3.0,3.0,3.0,3.0,2.0,3.0545454506188547
6664,5.0,3.0,3.0,3.0,3.0,3.0,3.1661442254970775
6665,5.0,3.0,3.0,3.0,3.0,4.0,3.5544554283497645
6666,5.0,3.0,3.0,3.0,3.0,5.0,3.750000004369732
6667,5.0,3.0,3.0,3.0,4.0,2.0,3.0545454536937697
6668,5.0,3.0,3.0,3.0,4.0,3.0,3.4705882389439195
6669,5.0,3.0,3.0,3.0,4.0,4.0,3.5544554606563157
6670,5.0,3.0,3.0,3.0,4.0,5.0,3.8571428681193995
6671,5.0,3.0,3.0,3.0,5.0,3.0,3.5000000127800597
6672,5.0,3.0,3.0,3.0,5.0,4.0,3.5544554991133785
6673,5.0,3.0,3.0,3.0,5.0,5.0,3.857142899128139
6674,5.0,3.0,3.0,4.0,1.0,1.0,2.6250000359914476
6675,5.0,3.0,3.0,4.0,1.0,2.0,2.749999999875591
6676,5.0,3.0,3.0,4.0,1.0,3.0,2.8714285948123424
6677,5.0,3.0,3.0,4.0,1.0,4.0,2.8714285869215157
6678,5.0,3.0,3.0,4.0,1.0,5.0,3.0000000150852855
6679,5.0,3.0,3.0,4.0,2.0,2.0,3.071428586319101
6680,5.0,3.0,3.0,4.0,2.0,3.0,3.129032266481142
6681,5.0,3.0,3.0,4.0,2.0,4.0,3.4736842207231517
6682,5.0,3.0,3.0,4.0,2.0,5.0,3.5000000228266965
6683,5.0,3.0,3.0,4.0,3.0,1.0,2.666666838237353
6684,5.0,3.0,3.0,4.0,3.0,2.0,3.0714285940399226
6685,5.0,3.0,3.0,4.0,3.0,3.0,3.450980390356001
6686,5.0,3.0,3.0,4.0,3.0,4.0,3.9411764657682107
6687,5.0,3.0,3.0,4.0,3.0,5.0,3.941176486359925
6688,5.0,3.0,3.0,4.0,4.0,1.0,2.666666776053243
6689,5.0,3.0,3.0,4.0,4.0,2.0,3.071428592009604
6690,5.0,3.0,3.0,4.0,4.0,3.0,3.5333333349043397
6691,5.0,3.0,3.0,4.0,4.0,4.0,3.943661956937397
6692,5.0,3.0,3.0,4.0,4.0,5.0,3.943662010421755
6693,5.0,3.0,3.0,4.0,5.0,3.0,3.6799999889369617
6694,5.0,3.0,3.0,4.0,5.0,4.0,3.943662018523988
6695,5.0,3.0,3.0,4.0,5.0,5.0,4.000000010528115
6696,5.0,3.0,3.0,5.0,1.0,1.0,2.62500004972756
6697,5.0,3.0,3.0,5.0,1.0,2.0,2.7500000672480165
6698,5.0,3.0,3.0,5.0,1.0,3.0,3.0000000797274224
6699,5.0,3.0,3.0,5.0,1.0,4.0,3.222222227016961
6700,5.0,3.0,3.0,5.0,1.0,5.0,3.2222222318249885
6701,5.0,3.0,3.0,5.0,2.0,1.0,3.0714285292008676
6702,5.0,3.0,3.0,5.0,2.0,2.0,3.071428576923876
6703,5.0,3.0,3.0,5.0,2.0,3.0,3.2857142914641737
6704,5.0,3.0,3.0,5.0,2.0,4.0,3.4736842330241045
6705,5.0,3.0,3.0,5.0,2.0,5.0,3.5384615504600525
6706,5.0,3.0,3.0,5.0,3.0,1.0,3.1379309493891494
6707,5.0,3.0,3.0,5.0,3.0,2.0,3.1666666955108007
6708,5.0,3.0,3.0,5.0,3.0,3.0,3.4509803993667587
6709,5.0,3.0,3.0,5.0,3.0,4.0,3.9411764844745822
6710,5.0,3.0,3.0,5.0,3.0,5.0,4.129629572739576
6711,5.0,3.0,3.0,5.0,4.0,2.0,3.2499999309441883
6712,5.0,3.0,3.0,5.0,4.0,3.0,3.666666669972876
6713,5.0,3.0,3.0,5.0,4.0,4.0,4.087301580006262
6714,5.0,3.0,3.0,5.0,4.0,5.0,4.4213483141345655
6715,5.0,3.0,3.0,5.0,5.0,2.0,3.2499999954481584
6716,5.0,3.0,3.0,5.0,5.0,3.0,3.6800000100382277
6717,5.0,3.0,3.0,5.0,5.0,4.0,4.087301603946657
6718,5.0,3.0,3.0,5.0,5.0,5.0,4.471014494346097
6719,5.0,3.0,4.0,1.0,1.0,2.0,2.000000058574673
6720,5.0,3.0,4.0,1.0,2.0,3.0,2.5000000969253495
6721,5.0,3.0,4.0,1.0,3.0,2.0,2.4999999746216295
6722,5.0,3.0,4.0,1.0,3.0,4.0,2.6666666080825294
6723,5.0,3.0,4.0,1.0,5.0,1.0,2.000000008358842
6724,5.0,3.0,4.0,1.0,5.0,2.0,2.500000029592555
6725,5.0,3.0,4.0,2.0,1.0,3.0,2.833333320061527
6726,5.0,3.0,4.0,2.0,2.0,2.0,2.818181851772311
6727,5.0,3.0,4.0,2.0,2.0,3.0,2.8333333299779726
6728,5.0,3.0,4.0,2.0,2.0,4.0,3.0000000130532074
6729,5.0,3.0,4.0,2.0,3.0,2.0,2.8181818481405716
6730,5.0,3.0,4.0,2.0,3.0,3.0,3.0000000119437087
6731,5.0,3.0,4.0,2.0,3.0,4.0,3.5000000765491497
6732,5.0,3.0,4.0,2.0,3.0,5.0,3.5000000644255533
6733,5.0,3.0,4.0,2.0,4.0,3.0,3.285714291701381
6734,5.0,3.0,4.0,2.0,4.0,4.0,3.7804877844419376
6735,5.0,3.0,4.0,2.0,5.0,3.0,3.285714298589552
6736,5.0,3.0,4.0,2.0,5.0,5.0,4.000000032172006
6737,5.0,3.0,4.0,3.0,1.0,1.0,2.0873785981450017
6738,5.0,3.0,4.0,3.0,1.0,2.0,2.881355933295711
6739,5.0,3.0,4.0,3.0,1.0,4.0,2.881355942642039
6740,5.0,3.0,4.0,3.0,2.0,2.0,3.0545454443855484
6741,5.0,3.0,4.0,3.0,2.0,3.0,3.4090909084530683
6742,5.0,3.0,4.0,3.0,2.0,4.0,3.473684228423012
6743,5.0,3.0,4.0,3.0,3.0,2.0,3.05454546118714
6744,5.0,3.0,4.0,3.0,3.0,3.0,3.6438356091646975
6745,5.0,3.0,4.0,3.0,3.0,4.0,3.966101689689362
6746,5.0,3.0,4.0,3.0,3.0,5.0,4.000000019691555
6747,5.0,3.0,4.0,3.0,4.0,2.0,3.5000000235157196
6748,5.0,3.0,4.0,3.0,4.0,3.0,3.6438356257281552
6749,5.0,3.0,4.0,3.0,4.0,4.0,3.9661017021315645
6750,5.0,3.0,4.0,3.0,4.0,5.0,4.000000020241797
6751,5.0,3.0,4.0,3.0,5.0,3.0,3.6438356573406856
6752,5.0,3.0,4.0,3.0,5.0,4.0,3.9661017125601967
6753,5.0,3.0,4.0,3.0,5.0,5.0,4.000000024343547
6754,5.0,3.0,4.0,4.0,1.0,2.0,2.8813559139717118
6755,5.0,3.0,4.0,4.0,1.0,3.0,3.000000009553259
6756,5.0,3.0,4.0,4.0,1.0,4.0,3.2000000211312565
6757,5.0,3.0,4.0,4.0,2.0,1.0,3.000000179024558
6758,5.0,3.0,4.0,4.0,2.0,2.0,3.210526333843121
6759,5.0,3.0,4.0,4.0,2.0,3.0,3.539215653906784
6760,5.0,3.0,4.0,4.0,2.0,4.0,3.6315789550984654
6761,5.0,3.0,4.0,4.0,2.0,5.0,3.631578974981611
6762,5.0,3.0,4.0,4.0,3.0,2.0,3.666666705868378
6763,5.0,3.0,4.0,4.0,3.0,3.0,3.7627118661711934
6764,5.0,3.0,4.0,4.0,3.0,4.0,4.02739726000111
6765,5.0,3.0,4.0,4.0,3.0,5.0,4.027397299211427
6766,5.0,3.0,4.0,4.0,4.0,2.0,3.793103535046316
6767,5.0,3.0,4.0,4.0,4.0,3.0,3.93506493698289
6768,5.0,3.0,4.0,4.0,4.0,4.0,4.258397911639631
6769,5.0,3.0,4.0,4.0,4.0,5.0,4.481481471666273
6770,5.0,3.0,4.0,4.0,5.0,3.0,4.000000003633043
6771,5.0,3.0,4.0,4.0,5.0,4.0,4.258397997875398
6772,5.0,3.0,4.0,4.0,5.0,5.0,4.481481499017811
6773,5.0,3.0,4.0,5.0,1.0,1.0,3.1379310137568406
6774,5.0,3.0,4.0,5.0,1.0,3.0,3.1379310175041417
6775,5.0,3.0,4.0,5.0,1.0,4.0,3.6170212791896033
6776,5.0,3.0,4.0,5.0,1.0,5.0,3.6170212732860025
6777,5.0,3.0,4.0,5.0,2.0,2.0,3.3181820243606706
6778,5.0,3.0,4.0,5.0,2.0,3.0,3.5392156647324144
6779,5.0,3.0,4.0,5.0,2.0,4.0,3.75000000375806
6780,5.0,3.0,4.0,5.0,2.0,5.0,4.000000011937487
6781,5.0,3.0,4.0,5.0,3.0,2.0,3.793103588565842
6782,5.0,3.0,4.0,5.0,3.0,3.0,3.9531249995677347
6783,5.0,3.0,4.0,5.0,3.0,4.0,4.05660377528393
6784,5.0,3.0,4.0,5.0,3.0,5.0,4.333333337143136
6785,5.0,3.0,4.0,5.0,4.0,3.0,3.9531250061717547
6786,5.0,3.0,4.0,5.0,4.0,4.0,4.3051643202642875
6787,5.0,3.0,4.0,5.0,4.0,5.0,4.612021859265708
6788,5.0,3.0,4.0,5.0,5.0,2.0,4.000000047782806
6789,5.0,3.0,4.0,5.0,5.0,3.0,4.2374999643110804
6790,5.0,3.0,4.0,5.0,5.0,4.0,4.40476190596685
6791,5.0,3.0,4.0,5.0,5.0,5.0,4.638349515352667
6792,5.0,3.0,5.0,1.0,2.0,2.0,2.600000032124738
6793,5.0,3.0,5.0,1.0,3.0,1.0,1.9999998990306547
6794,5.0,3.0,5.0,1.0,4.0,4.0,3.0000002274018622
6795,5.0,3.0,5.0,2.0,1.0,2.0,2.500000033914118
6796,5.0,3.0,5.0,2.0,1.0,3.0,2.999999968827466
6797,5.0,3.0,5.0,2.0,2.0,2.0,3.1578947705217426
6798,5.0,3.0,5.0,2.0,2.0,4.0,3.500000082680657
6799,5.0,3.0,5.0,2.0,3.0,2.0,3.1578947974957807
6800,5.0,3.0,5.0,2.0,3.0,3.0,3.666666705414439
6801,5.0,3.0,5.0,2.0,5.0,3.0,3.741935518376148
6802,5.0,3.0,5.0,3.0,1.0,5.0,3.617021244285666
6803,5.0,3.0,5.0,3.0,2.0,4.0,3.578947384669448
6804,5.0,3.0,5.0,3.0,3.0,2.0,3.5666666749472116
6805,5.0,3.0,5.0,3.0,3.0,3.0,3.746478881890573
6806,5.0,3.0,5.0,3.0,3.0,4.0,4.185185141196583
6807,5.0,3.0,5.0,3.0,4.0,3.0,3.7464788915202947
6808,5.0,3.0,5.0,3.0,4.0,4.0,4.185185199682394
6809,5.0,3.0,5.0,3.0,4.0,5.0,4.20000003600101
6810,5.0,3.0,5.0,3.0,5.0,2.0,3.625000035023887
6811,5.0,3.0,5.0,3.0,5.0,3.0,3.746478888548541
6812,5.0,3.0,5.0,3.0,5.0,4.0,4.18518520711112
6813,5.0,3.0,5.0,3.0,5.0,5.0,4.428571484705618
6814,5.0,3.0,5.0,4.0,1.0,3.0,3.227272716022628
6815,5.0,3.0,5.0,4.0,1.0,4.0,3.617021238229738
6816,5.0,3.0,5.0,4.0,2.0,1.0,3.318181903244832
6817,5.0,3.0,5.0,4.0,2.0,3.0,3.6315789489197083
6818,5.0,3.0,5.0,4.0,2.0,4.0,3.631578956490524
6819,5.0,3.0,5.0,4.0,2.0,5.0,3.631578964102661
6820,5.0,3.0,5.0,4.0,3.0,2.0,3.6666666794317386
6821,5.0,3.0,5.0,4.0,3.0,3.0,3.7931034502082515
6822,5.0,3.0,5.0,4.0,3.0,4.0,4.218750003617018
6823,5.0,3.0,5.0,4.0,3.0,5.0,4.488888867901154
6824,5.0,3.0,5.0,4.0,4.0,3.0,4.101449275729079
6825,5.0,3.0,5.0,4.0,4.0,4.0,4.411764692258131
6826,5.0,3.0,5.0,4.0,4.0,5.0,4.65599998950894
6827,5.0,3.0,5.0,4.0,5.0,2.0,4.000000081738107
6828,5.0,3.0,5.0,4.0,5.0,3.0,4.101449286898606
6829,5.0,3.0,5.0,4.0,5.0,4.0,4.411764738934274
6830,5.0,3.0,5.0,4.0,5.0,5.0,4.656000014251828
6831,5.0,3.0,5.0,5.0,1.0,1.0,3.137931069142916
6832,5.0,3.0,5.0,5.0,1.0,2.0,3.227272697781837
6833,5.0,3.0,5.0,5.0,1.0,3.0,3.2272727407073285
6834,5.0,3.0,5.0,5.0,1.0,4.0,3.61702125916551
6835,5.0,3.0,5.0,5.0,1.0,5.0,3.6170212605239755
6836,5.0,3.0,5.0,5.0,2.0,2.0,3.3181820578603642
6837,5.0,3.0,5.0,5.0,2.0,3.0,3.9166666948300133
6838,5.0,3.0,5.0,5.0,2.0,4.0,4.076923084995846
6839,5.0,3.0,5.0,5.0,2.0,5.0,4.076923087568917
6840,5.0,3.0,5.0,5.0,3.0,3.0,4.000000002537691
6841,5.0,3.0,5.0,5.0,3.0,4.0,4.461538464529413
6842,5.0,3.0,5.0,5.0,3.0,5.0,4.571428573942039
6843,5.0,3.0,5.0,5.0,4.0,2.0,3.793103515238898
6844,5.0,3.0,5.0,5.0,4.0,3.0,4.232558145103615
6845,5.0,3.0,5.0,5.0,4.0,4.0,4.497607656587081
6846,5.0,3.0,5.0,5.0,4.0,5.0,4.7190476201858305
6847,5.0,3.0,5.0,5.0,5.0,2.0,4.000000137818435
6848,5.0,3.0,5.0,5.0,5.0,3.0,4.320754719327293
6849,5.0,3.0,5.0,5.0,5.0,4.0,4.5663430429612095
6850,5.0,3.0,5.0,5.0,5.0,5.0,4.837100546043929
6851,5.0,4.0,1.0,1.0,1.0,1.0,1.4380952036366916
6852,5.0,4.0,1.0,1.0,1.0,2.0,1.735955026095692
6853,5.0,4.0,1.0,1.0,2.0,1.0,1.5128205453429213
6854,5.0,4.0,1.0,1.0,3.0,1.0,2.0000000430419265
6855,5.0,4.0,1.0,1.0,4.0,1.0,2.0000001035259123
6856,5.0,4.0,1.0,1.0,4.0,3.0,2.0000001170675783
6857,5.0,4.0,1.0,2.0,1.0,2.0,1.7359550427678712
6858,5.0,4.0,1.0,2.0,2.0,2.0,2.1842104988717774
6859,5.0,4.0,1.0,2.0,3.0,2.0,2.18421048413549
6860,5.0,4.0,1.0,2.0,4.0,2.0,2.1842105361764435
6861,5.0,4.0,1.0,2.0,5.0,2.0,2.7499999216688846
6862,5.0,4.0,1.0,3.0,1.0,3.0,2.015624923196805
6863,5.0,4.0,1.0,3.0,3.0,1.0,2.0000016701064864
6864,5.0,4.0,1.0,3.0,3.0,2.0,2.184210454787152
6865,5.0,4.0,1.0,3.0,3.0,3.0,2.5000001689921185
6866,5.0,4.0,1.0,3.0,3.0,4.0,2.8285713630088463
6867,5.0,4.0,1.0,3.0,5.0,4.0,3.0000000490430057
6868,5.0,4.0,1.0,4.0,1.0,3.0,2.2222221873087027
6869,5.0,4.0,1.0,4.0,1.0,4.0,2.3333333390773188
6870,5.0,4.0,1.0,4.0,2.0,1.0,2.400000246901418
6871,5.0,4.0,1.0,4.0,3.0,2.0,2.5000000157174043
6872,5.0,4.0,1.0,4.0,3.0,3.0,2.5000001061206594
6873,5.0,4.0,1.0,4.0,4.0,4.0,3.000000076264457
6874,5.0,4.0,1.0,5.0,1.0,1.0,1.727272972683096
6875,5.0,4.0,1.0,5.0,1.0,3.0,2.2222222069587887
6876,5.0,4.0,1.0,5.0,1.0,4.0,2.3333333621736814
6877,5.0,4.0,1.0,5.0,3.0,1.0,2.3999999527697375
6878,5.0,4.0,1.0,5.0,3.0,2.0,2.828571458671097
6879,5.0,4.0,1.0,5.0,3.0,4.0,2.8285715347953664
6880,5.0,4.0,1.0,5.0,4.0,1.0,2.399999955227754
6881,5.0,4.0,1.0,5.0,4.0,4.0,3.0000000971909895
6882,5.0,4.0,1.0,5.0,5.0,5.0,3.8571429971055924
6883,5.0,4.0,2.0,1.0,1.0,1.0,1.9999999932801635
6884,5.0,4.0,2.0,1.0,1.0,2.0,2.000000076698852
6885,5.0,4.0,2.0,1.0,1.0,3.0,2.000000071250769
6886,5.0,4.0,2.0,1.0,2.0,1.0,2.049999977144816
6887,5.0,4.0,2.0,1.0,2.0,2.0,2.0499999880191635
6888,5.0,4.0,2.0,1.0,3.0,1.0,2.050000007685528
6889,5.0,4.0,2.0,1.0,3.0,2.0,2.050000013308196
6890,5.0,4.0,2.0,1.0,3.0,3.0,2.4117647107060987
6891,5.0,4.0,2.0,1.0,4.0,2.0,2.499999998523723
6892,5.0,4.0,2.0,1.0,4.0,3.0,2.5000000063673573
6893,5.0,4.0,2.0,1.0,4.0,4.0,3.0000000328011156
6894,5.0,4.0,2.0,1.0,5.0,1.0,2.333333293430458
6895,5.0,4.0,2.0,1.0,5.0,4.0,3.461538513010396
6896,5.0,4.0,2.0,2.0,1.0,1.0,1.999999989533988
6897,5.0,4.0,2.0,2.0,1.0,2.0,2.2782608991832465
6898,5.0,4.0,2.0,2.0,1.0,3.0,2.3333333773836027
6899,5.0,4.0,2.0,2.0,1.0,4.0,2.9999999895120832
6900,5.0,4.0,2.0,2.0,2.0,2.0,2.3908046072081626
6901,5.0,4.0,2.0,2.0,2.0,3.0,2.6000000092900417
6902,5.0,4.0,2.0,2.0,3.0,2.0,2.3908046100498845
6903,5.0,4.0,2.0,2.0,3.0,3.0,2.641025650959676
6904,5.0,4.0,2.0,2.0,4.0,1.0,2.0752684650147493
6905,5.0,4.0,2.0,2.0,4.0,2.0,2.5999999927757154
6906,5.0,4.0,2.0,2.0,4.0,3.0,2.800000020857775
6907,5.0,4.0,2.0,3.0,1.0,3.0,2.4383561800035247
6908,5.0,4.0,2.0,3.0,2.0,2.0,2.652173900476975
6909,5.0,4.0,2.0,3.0,2.0,3.0,2.8064516253752294
6910,5.0,4.0,2.0,3.0,3.0,1.0,2.3999999052278995
6911,5.0,4.0,2.0,3.0,3.0,2.0,2.6521739267390787
6912,5.0,4.0,2.0,3.0,3.0,3.0,3.0000000220359837
6913,5.0,4.0,2.0,3.0,4.0,1.0,2.7326732165840832
6914,5.0,4.0,2.0,3.0,4.0,2.0,2.732673214554691
6915,5.0,4.0,2.0,3.0,4.0,3.0,3.1249999994567594
6916,5.0,4.0,2.0,3.0,4.0,4.0,3.242424259921635
6917,5.0,4.0,2.0,3.0,5.0,2.0,3.049999991671062
6918,5.0,4.0,2.0,3.0,5.0,3.0,3.1250000254000114
6919,5.0,4.0,2.0,3.0,5.0,4.0,3.4615385138950256
6920,5.0,4.0,2.0,3.0,5.0,5.0,3.5000000644298472
6921,5.0,4.0,2.0,4.0,1.0,2.0,2.4074073627236516
6922,5.0,4.0,2.0,4.0,1.0,3.0,2.438356197129884
6923,5.0,4.0,2.0,4.0,2.0,1.0,2.6250000830140885
6924,5.0,4.0,2.0,4.0,2.0,2.0,2.6521739169430387
6925,5.0,4.0,2.0,4.0,2.0,3.0,2.9591836924830606
6926,5.0,4.0,2.0,4.0,2.0,4.0,3.2187500269796816
6927,5.0,4.0,2.0,4.0,3.0,2.0,3.0499999142587444
6928,5.0,4.0,2.0,4.0,3.0,3.0,3.1304348038335448
6929,5.0,4.0,2.0,4.0,3.0,4.0,3.5000000130630973
6930,5.0,4.0,2.0,4.0,3.0,5.0,3.5000000600572228
6931,5.0,4.0,2.0,4.0,4.0,1.0,2.7499997869736656
6932,5.0,4.0,2.0,4.0,4.0,2.0,3.1351350784837044
6933,5.0,4.0,2.0,4.0,4.0,3.0,3.1351351484509795
6934,5.0,4.0,2.0,4.0,4.0,4.0,3.787878799628982
6935,5.0,4.0,2.0,4.0,4.0,5.0,3.787878843070137
6936,5.0,4.0,2.0,4.0,5.0,3.0,3.1351351599066137
6937,5.0,4.0,2.0,4.0,5.0,4.0,3.7878787933864357
6938,5.0,4.0,2.0,4.0,5.0,5.0,4.166666667032491
6939,5.0,4.0,2.0,5.0,1.0,1.0,2.5789473990156218
6940,5.0,4.0,2.0,5.0,1.0,3.0,2.7326732646978096
6941,5.0,4.0,2.0,5.0,1.0,4.0,3.000000010948414
6942,5.0,4.0,2.0,5.0,2.0,2.0,2.750000093503926
6943,5.0,4.0,2.0,5.0,2.0,3.0,3.285714263964636
6944,5.0,4.0,2.0,5.0,2.0,4.0,3.2857143504579183
6945,5.0,4.0,2.0,5.0,3.0,2.0,3.050000059352819
6946,5.0,4.0,2.0,5.0,3.0,3.0,3.4197530862492203
6947,5.0,4.0,2.0,5.0,3.0,4.0,3.666666708504615
6948,5.0,4.0,2.0,5.0,4.0,1.0,3.1351352888886117
6949,5.0,4.0,2.0,5.0,4.0,2.0,3.1351350168916574
6950,5.0,4.0,2.0,5.0,4.0,3.0,3.4197531090209097
6951,5.0,4.0,2.0,5.0,4.0,4.0,3.799999985550269
6952,5.0,4.0,2.0,5.0,4.0,5.0,3.7999999977534453
6953,5.0,4.0,2.0,5.0,5.0,1.0,3.135135015496029
6954,5.0,4.0,2.0,5.0,5.0,2.0,3.193548350939247
6955,5.0,4.0,2.0,5.0,5.0,3.0,3.4197530846822053
6956,5.0,4.0,2.0,5.0,5.0,4.0,3.8000000220687418
6957,5.0,4.0,2.0,5.0,5.0,5.0,4.16666667860895
6958,5.0,4.0,3.0,1.0,2.0,1.0,2.05000000373326
6959,5.0,4.0,3.0,1.0,2.0,2.0,2.2500000045710897
6960,5.0,4.0,3.0,1.0,2.0,3.0,2.300000024587297
6961,5.0,4.0,3.0,1.0,3.0,1.0,2.050000011291448
6962,5.0,4.0,3.0,1.0,3.0,2.0,2.25000001587073
6963,5.0,4.0,3.0,1.0,3.0,3.0,2.4117647127888056
6964,5.0,4.0,3.0,1.0,3.0,5.0,3.0000000202207047
6965,5.0,4.0,3.0,1.0,4.0,2.0,2.680000003932898
6966,5.0,4.0,3.0,1.0,5.0,1.0,2.333333329923239
6967,5.0,4.0,3.0,1.0,5.0,3.0,2.679999962532332
6968,5.0,4.0,3.0,2.0,1.0,2.0,2.625000009602409
6969,5.0,4.0,3.0,2.0,1.0,3.0,2.666666700371706
6970,5.0,4.0,3.0,2.0,2.0,1.0,2.2666666951737033
6971,5.0,4.0,3.0,2.0,2.0,2.0,2.625000012442026
6972,5.0,4.0,3.0,2.0,2.0,3.0,2.8437500029276555
6973,5.0,4.0,3.0,2.0,2.0,4.0,3.0000000171681567
6974,5.0,4.0,3.0,2.0,3.0,1.0,2.6666666811891817
6975,5.0,4.0,3.0,2.0,3.0,2.0,2.7083333561915173
6976,5.0,4.0,3.0,2.0,3.0,3.0,3.000000017178234
6977,5.0,4.0,3.0,2.0,3.0,4.0,3.3170731806197606
6978,5.0,4.0,3.0,2.0,4.0,1.0,2.732673203597196
6979,5.0,4.0,3.0,2.0,4.0,2.0,2.950000009293111
6980,5.0,4.0,3.0,2.0,4.0,3.0,3.0091743176343067
6981,5.0,4.0,3.0,2.0,4.0,4.0,3.317073212440994
6982,5.0,4.0,3.0,2.0,5.0,2.0,2.9999999962573276
6983,5.0,4.0,3.0,2.0,5.0,3.0,3.2812500147612367
6984,5.0,4.0,3.0,2.0,5.0,4.0,3.4615384947385834
6985,5.0,4.0,3.0,2.0,5.0,5.0,3.5333333741347324
6986,5.0,4.0,3.0,3.0,1.0,1.0,2.585365855188784
6987,5.0,4.0,3.0,3.0,1.0,2.0,2.750000005972278
6988,5.0,4.0,3.0,3.0,1.0,3.0,2.871428589942163
6989,5.0,4.0,3.0,3.0,1.0,4.0,2.999999994347704
6990,5.0,4.0,3.0,3.0,1.0,5.0,3.444444452808976
6991,5.0,4.0,3.0,3.0,2.0,1.0,2.585365890910666
6992,5.0,4.0,3.0,3.0,2.0,2.0,2.866666670743067
6993,5.0,4.0,3.0,3.0,2.0,3.0,3.0833333354031818
6994,5.0,4.0,3.0,3.0,2.0,4.0,3.536585355456674
6995,5.0,4.0,3.0,3.0,2.0,5.0,3.7407407454942714
6996,5.0,4.0,3.0,3.0,3.0,2.0,3.054545454685767
6997,5.0,4.0,3.0,3.0,3.0,3.0,3.394736843700567
6998,5.0,4.0,3.0,3.0,3.0,4.0,3.750000008687397
6999,5.0,4.0,3.0,3.0,3.0,5.0,3.7500000185910434
7000,5.0,4.0,3.0,3.0,4.0,2.0,3.0545454695660545
7001,5.0,4.0,3.0,3.0,4.0,3.0,3.4827586225132143
7002,5.0,4.0,3.0,3.0,4.0,4.0,3.7964601794407624
7003,5.0,4.0,3.0,3.0,4.0,5.0,3.857142868408986
7004,5.0,4.0,3.0,3.0,5.0,1.0,2.7326732407673626
7005,5.0,4.0,3.0,3.0,5.0,2.0,3.054545500044031
7006,5.0,4.0,3.0,3.0,5.0,3.0,3.5714285777719903
7007,5.0,4.0,3.0,3.0,5.0,4.0,3.796460208430677
7008,5.0,4.0,3.0,3.0,5.0,5.0,4.2413793023431445
7009,5.0,4.0,3.0,4.0,1.0,2.0,2.750000020218076
7010,5.0,4.0,3.0,4.0,1.0,3.0,2.9130434958808826
7011,5.0,4.0,3.0,4.0,1.0,4.0,3.00000001366198
7012,5.0,4.0,3.0,4.0,2.0,1.0,2.6250000408291285
7013,5.0,4.0,3.0,4.0,2.0,2.0,3.2105263280906384
7014,5.0,4.0,3.0,4.0,2.0,3.0,3.2413793124682737
7015,5.0,4.0,3.0,4.0,2.0,4.0,3.536585370071024
7016,5.0,4.0,3.0,4.0,3.0,1.0,3.0500000467935537
7017,5.0,4.0,3.0,4.0,3.0,2.0,3.2258064550619947
7018,5.0,4.0,3.0,4.0,3.0,3.0,3.5480769242558643
7019,5.0,4.0,3.0,4.0,3.0,4.0,4.048780489546204
7020,5.0,4.0,3.0,4.0,3.0,5.0,4.048780512172448
7021,5.0,4.0,3.0,4.0,4.0,1.0,3.0500000457147745
7022,5.0,4.0,3.0,4.0,4.0,2.0,3.2500000225277947
7023,5.0,4.0,3.0,4.0,4.0,3.0,3.7407407405028428
7024,5.0,4.0,3.0,4.0,4.0,4.0,4.129449839012519
7025,5.0,4.0,3.0,4.0,4.0,5.0,4.357142861733597
7026,5.0,4.0,3.0,4.0,5.0,2.0,3.250000011819301
7027,5.0,4.0,3.0,4.0,5.0,3.0,3.789473687791573
7028,5.0,4.0,3.0,4.0,5.0,4.0,4.171052633610674
7029,5.0,4.0,3.0,4.0,5.0,5.0,4.387096776523453
7030,5.0,4.0,3.0,5.0,1.0,1.0,2.666666719789683
7031,5.0,4.0,3.0,5.0,1.0,3.0,3.000000035183799
7032,5.0,4.0,3.0,5.0,1.0,4.0,3.222222234543409
7033,5.0,4.0,3.0,5.0,1.0,5.0,3.4444444600215602
7034,5.0,4.0,3.0,5.0,2.0,2.0,3.225806461951603
7035,5.0,4.0,3.0,5.0,2.0,3.0,3.3749999970836306
7036,5.0,4.0,3.0,5.0,2.0,4.0,3.5365853736872768
7037,5.0,4.0,3.0,5.0,2.0,5.0,3.931818163671086
7038,5.0,4.0,3.0,5.0,3.0,1.0,3.1379309269507942
7039,5.0,4.0,3.0,5.0,3.0,2.0,3.2500000278326007
7040,5.0,4.0,3.0,5.0,3.0,3.0,3.627906978755488
7041,5.0,4.0,3.0,5.0,3.0,4.0,4.089285716831017
7042,5.0,4.0,3.0,5.0,3.0,5.0,4.1296296586744425
7043,5.0,4.0,3.0,5.0,4.0,2.0,3.2500000073216793
7044,5.0,4.0,3.0,5.0,4.0,3.0,3.740740746906695
7045,5.0,4.0,3.0,5.0,4.0,4.0,4.234375001114015
7046,5.0,4.0,3.0,5.0,4.0,5.0,4.421348317558389
7047,5.0,4.0,3.0,5.0,5.0,2.0,3.250000002074199
7048,5.0,4.0,3.0,5.0,5.0,3.0,4.066666671079681
7049,5.0,4.0,3.0,5.0,5.0,4.0,4.283687944566975
7050,5.0,4.0,3.0,5.0,5.0,5.0,4.6256830609893775
7051,5.0,4.0,4.0,1.0,2.0,2.0,2.5714285851822933
7052,5.0,4.0,4.0,1.0,2.0,3.0,2.950000022632299
7053,5.0,4.0,4.0,1.0,3.0,3.0,2.950000026164871
7054,5.0,4.0,4.0,1.0,4.0,2.0,2.9500000203177015
7055,5.0,4.0,4.0,1.0,4.0,3.0,2.950000030791833
7056,5.0,4.0,4.0,1.0,4.0,5.0,3.333333355074619
7057,5.0,4.0,4.0,1.0,5.0,3.0,3.000000002303646
7058,5.0,4.0,4.0,2.0,1.0,3.0,2.8813559340494255
7059,5.0,4.0,4.0,2.0,2.0,2.0,2.949999984872745
7060,5.0,4.0,4.0,2.0,2.0,3.0,3.1578947391601773
7061,5.0,4.0,4.0,2.0,3.0,1.0,2.6666667072828893
7062,5.0,4.0,4.0,2.0,3.0,2.0,2.950000001150112
7063,5.0,4.0,4.0,2.0,3.0,3.0,3.28571427407316
7064,5.0,4.0,4.0,2.0,3.0,4.0,3.6666666940825037
7065,5.0,4.0,4.0,2.0,4.0,2.0,2.9500000154479045
7066,5.0,4.0,4.0,2.0,4.0,3.0,3.285714307928894
7067,5.0,4.0,4.0,2.0,4.0,4.0,3.7804878047042787
7068,5.0,4.0,4.0,2.0,5.0,2.0,3.0000000516244687
7069,5.0,4.0,4.0,2.0,5.0,3.0,3.7419354989547835
7070,5.0,4.0,4.0,2.0,5.0,4.0,3.7804878183799513
7071,5.0,4.0,4.0,2.0,5.0,5.0,4.1875000215906555
7072,5.0,4.0,4.0,3.0,1.0,3.0,2.8813559394400317
7073,5.0,4.0,4.0,3.0,1.0,4.0,3.3678160909963957
7074,5.0,4.0,4.0,3.0,2.0,2.0,3.0714285803178947
7075,5.0,4.0,4.0,3.0,2.0,3.0,3.409090919489982
7076,5.0,4.0,4.0,3.0,2.0,4.0,3.740740732501895
7077,5.0,4.0,4.0,3.0,3.0,1.0,3.0000001036832984
7078,5.0,4.0,4.0,3.0,3.0,2.0,3.1000000148772133
7079,5.0,4.0,4.0,3.0,3.0,3.0,3.7222222238807317
7080,5.0,4.0,4.0,3.0,3.0,4.0,4.000000002874823
7081,5.0,4.0,4.0,3.0,3.0,5.0,4.12500000889371
7082,5.0,4.0,4.0,3.0,4.0,1.0,3.049999991009345
7083,5.0,4.0,4.0,3.0,4.0,2.0,3.500000023131128
7084,5.0,4.0,4.0,3.0,4.0,3.0,3.7419354869122756
7085,5.0,4.0,4.0,3.0,4.0,4.0,4.104838705717072
7086,5.0,4.0,4.0,3.0,4.0,5.0,4.142857148227017
7087,5.0,4.0,4.0,3.0,5.0,2.0,3.500000067847881
7088,5.0,4.0,4.0,3.0,5.0,3.0,3.7419354965372267
7089,5.0,4.0,4.0,3.0,5.0,4.0,4.1048387293747695
7090,5.0,4.0,4.0,3.0,5.0,5.0,4.333333338868054
7091,5.0,4.0,4.0,4.0,1.0,2.0,2.8813559353670835
7092,5.0,4.0,4.0,4.0,1.0,3.0,3.1428571475640656
7093,5.0,4.0,4.0,4.0,1.0,4.0,3.615384617420877
7094,5.0,4.0,4.0,4.0,1.0,5.0,3.7500000228511667
7095,5.0,4.0,4.0,4.0,2.0,2.0,3.210526319131651
7096,5.0,4.0,4.0,4.0,2.0,3.0,3.539215665621869
7097,5.0,4.0,4.0,4.0,2.0,4.0,3.8360655636052496
7098,5.0,4.0,4.0,4.0,2.0,5.0,4.159090915394622
7099,5.0,4.0,4.0,4.0,3.0,1.0,3.0499999886818814
7100,5.0,4.0,4.0,4.0,3.0,2.0,3.7931034752608475
7101,5.0,4.0,4.0,4.0,3.0,3.0,3.9729063889417673
7102,5.0,4.0,4.0,4.0,3.0,4.0,4.162454874495888
7103,5.0,4.0,4.0,4.0,3.0,5.0,4.398058197599918
7104,5.0,4.0,4.0,4.0,4.0,1.0,3.0500000058124512
7105,5.0,4.0,4.0,4.0,4.0,2.0,3.7931034965035915
7106,5.0,4.0,4.0,4.0,4.0,3.0,4.012552302128844
7107,5.0,4.0,4.0,4.0,4.0,4.0,4.324059763322162
7108,5.0,4.0,4.0,4.0,4.0,5.0,4.627737227338768
7109,5.0,4.0,4.0,4.0,5.0,2.0,4.00000005721618
7110,5.0,4.0,4.0,4.0,5.0,3.0,4.1964285741096985
7111,5.0,4.0,4.0,4.0,5.0,4.0,4.3321100923300735
7112,5.0,4.0,4.0,4.0,5.0,5.0,4.655263158742466
7113,5.0,4.0,4.0,5.0,1.0,1.0,3.137930940708245
7114,5.0,4.0,4.0,5.0,1.0,2.0,3.2272727556074776
7115,5.0,4.0,4.0,5.0,1.0,3.0,3.2272727680049194
7116,5.0,4.0,4.0,5.0,1.0,4.0,3.617021290118639
7117,5.0,4.0,4.0,5.0,1.0,5.0,3.7551020492037686
7118,5.0,4.0,4.0,5.0,2.0,2.0,3.4000000297190387
7119,5.0,4.0,4.0,5.0,2.0,3.0,3.5392156739072385
7120,5.0,4.0,4.0,5.0,2.0,4.0,3.928571431845735
7121,5.0,4.0,4.0,5.0,2.0,5.0,4.191666637826106
7122,5.0,4.0,4.0,5.0,3.0,1.0,3.137930922790785
7123,5.0,4.0,4.0,5.0,3.0,2.0,3.8333333529174936
7124,5.0,4.0,4.0,5.0,3.0,3.0,3.9729064070770885
7125,5.0,4.0,4.0,5.0,3.0,4.0,4.278008299725887
7126,5.0,4.0,4.0,5.0,3.0,5.0,4.465648856411333
7127,5.0,4.0,4.0,5.0,4.0,2.0,4.000000039878939
7128,5.0,4.0,4.0,5.0,4.0,3.0,4.101010102407386
7129,5.0,4.0,4.0,5.0,4.0,4.0,4.455893254654774
7130,5.0,4.0,4.0,5.0,4.0,5.0,4.715195632864762
7131,5.0,4.0,4.0,5.0,5.0,1.0,3.833333310609838
7132,5.0,4.0,4.0,5.0,5.0,2.0,4.000000085543978
7133,5.0,4.0,4.0,5.0,5.0,3.0,4.237500016770527
7134,5.0,4.0,4.0,5.0,5.0,4.0,4.552266420435055
7135,5.0,4.0,4.0,5.0,5.0,5.0,4.802420674141655
7136,5.0,4.0,5.0,1.0,4.0,5.0,3.6666666340230036
7137,5.0,4.0,5.0,1.0,5.0,5.0,3.666666702757122
7138,5.0,4.0,5.0,2.0,2.0,2.0,3.1578947896860337
7139,5.0,4.0,5.0,2.0,3.0,4.0,3.6666667033390787
7140,5.0,4.0,5.0,2.0,3.0,5.0,4.000000071508175
7141,5.0,4.0,5.0,2.0,4.0,2.0,3.1578947800502686
7142,5.0,4.0,5.0,2.0,4.0,3.0,3.741935496733696
7143,5.0,4.0,5.0,2.0,4.0,4.0,3.7804878223695764
7144,5.0,4.0,5.0,2.0,4.0,5.0,4.000000072624565
7145,5.0,4.0,5.0,2.0,5.0,4.0,3.875000026396445
7146,5.0,4.0,5.0,2.0,5.0,5.0,4.4000000224735
7147,5.0,4.0,5.0,3.0,1.0,3.0,3.2631579191078925
7148,5.0,4.0,5.0,3.0,1.0,4.0,3.578947344704982
7149,5.0,4.0,5.0,3.0,2.0,3.0,3.500000008819715
7150,5.0,4.0,5.0,3.0,2.0,5.0,3.9166667006269575
7151,5.0,4.0,5.0,3.0,3.0,1.0,3.2307692734368696
7152,5.0,4.0,5.0,3.0,3.0,2.0,3.5666666822217725
7153,5.0,4.0,5.0,3.0,3.0,3.0,3.9696969728347264
7154,5.0,4.0,5.0,3.0,3.0,4.0,4.185185143727023
7155,5.0,4.0,5.0,3.0,3.0,5.0,4.363636367702879
7156,5.0,4.0,5.0,3.0,4.0,2.0,3.6250000222534977
7157,5.0,4.0,5.0,3.0,4.0,3.0,3.9696969730149636
7158,5.0,4.0,5.0,3.0,4.0,4.0,4.185185219037964
7159,5.0,4.0,5.0,3.0,4.0,5.0,4.363636387351303
7160,5.0,4.0,5.0,3.0,5.0,2.0,3.625000021336003
7161,5.0,4.0,5.0,3.0,5.0,3.0,4.235294125552938
7162,5.0,4.0,5.0,3.0,5.0,4.0,4.350000003400784
7163,5.0,4.0,5.0,3.0,5.0,5.0,4.5714285772748955
7164,5.0,4.0,5.0,4.0,1.0,3.0,3.2631579192692914
7165,5.0,4.0,5.0,4.0,1.0,5.0,3.833333358405408
7166,5.0,4.0,5.0,4.0,2.0,2.0,3.3181818111968657
7167,5.0,4.0,5.0,4.0,2.0,3.0,3.6315789560584744
7168,5.0,4.0,5.0,4.0,2.0,4.0,4.000000007464355
7169,5.0,4.0,5.0,4.0,2.0,5.0,4.159090925381207
7170,5.0,4.0,5.0,4.0,3.0,1.0,3.571428689555391
7171,5.0,4.0,5.0,4.0,3.0,2.0,3.8750000132120586
7172,5.0,4.0,5.0,4.0,3.0,3.0,4.152974491826952
7173,5.0,4.0,5.0,4.0,3.0,4.0,4.304635762821633
7174,5.0,4.0,5.0,4.0,3.0,5.0,4.488888900688625
7175,5.0,4.0,5.0,4.0,4.0,2.0,3.8750000417204395
7176,5.0,4.0,5.0,4.0,4.0,3.0,4.152974493162044
7177,5.0,4.0,5.0,4.0,4.0,4.0,4.476374156675369
7178,5.0,4.0,5.0,4.0,4.0,5.0,4.721189592118081
7179,5.0,4.0,5.0,4.0,5.0,2.0,4.000000072492854
7180,5.0,4.0,5.0,4.0,5.0,3.0,4.276595747369801
7181,5.0,4.0,5.0,4.0,5.0,4.0,4.558502340699014
7182,5.0,4.0,5.0,4.0,5.0,5.0,4.793713163799714
7183,5.0,4.0,5.0,5.0,1.0,2.0,3.227272725390527
7184,5.0,4.0,5.0,5.0,1.0,3.0,3.5000000169339205
7185,5.0,4.0,5.0,5.0,1.0,4.0,3.8333333391290476
7186,5.0,4.0,5.0,5.0,1.0,5.0,3.8333333540315198
7187,5.0,4.0,5.0,5.0,2.0,2.0,3.400000016693682
7188,5.0,4.0,5.0,5.0,2.0,3.0,3.9166666783823687
7189,5.0,4.0,5.0,5.0,2.0,4.0,4.191666662587255
7190,5.0,4.0,5.0,5.0,2.0,5.0,4.191666662337132
7191,5.0,4.0,5.0,5.0,3.0,2.0,3.9090909382075036
7192,5.0,4.0,5.0,5.0,3.0,3.0,4.181818184066344
7193,5.0,4.0,5.0,5.0,3.0,4.0,4.487179488356451
7194,5.0,4.0,5.0,5.0,3.0,5.0,4.619631903178331
7195,5.0,4.0,5.0,5.0,4.0,2.0,4.000000064289432
7196,5.0,4.0,5.0,5.0,4.0,3.0,4.325842698336026
7197,5.0,4.0,5.0,5.0,4.0,4.0,4.632341110645417
7198,5.0,4.0,5.0,5.0,4.0,5.0,4.841280654362716
7199,5.0,4.0,5.0,5.0,5.0,1.0,4.111111198214199
7200,5.0,4.0,5.0,5.0,5.0,2.0,4.111111174359491
7201,5.0,4.0,5.0,5.0,5.0,3.0,4.3650793674287405
7202,5.0,4.0,5.0,5.0,5.0,4.0,4.748435544820697
7203,5.0,4.0,5.0,5.0,5.0,5.0,4.910787501951781
7204,5.0,5.0,1.0,1.0,1.0,1.0,1.512820490056532
7205,5.0,5.0,1.0,1.0,1.0,3.0,1.7580645387617047
7206,5.0,5.0,1.0,1.0,1.0,5.0,1.7580645499213914
7207,5.0,5.0,1.0,1.0,2.0,1.0,1.5128205108579604
7208,5.0,5.0,1.0,1.0,2.0,2.0,2.00000001720997
7209,5.0,5.0,1.0,1.0,2.0,3.0,2.0000000082683025
7210,5.0,5.0,1.0,1.0,3.0,1.0,2.0000001225582955
7211,5.0,5.0,1.0,1.0,4.0,1.0,2.000000134834746
7212,5.0,5.0,1.0,1.0,4.0,2.0,2.241379273288896
7213,5.0,5.0,1.0,1.0,5.0,1.0,2.0000000289692315
7214,5.0,5.0,1.0,1.0,5.0,3.0,2.2413793527464847
7215,5.0,5.0,1.0,1.0,5.0,5.0,2.241379331051271
7216,5.0,5.0,1.0,2.0,1.0,1.0,1.512820487644916
7217,5.0,5.0,1.0,2.0,1.0,3.0,2.015624793708151
7218,5.0,5.0,1.0,2.0,2.0,1.0,1.9999999700985172
7219,5.0,5.0,1.0,2.0,2.0,2.0,2.184210541947777
7220,5.0,5.0,1.0,2.0,3.0,1.0,1.9999997769088267
7221,5.0,5.0,1.0,2.0,3.0,2.0,2.2413792826656516
7222,5.0,5.0,1.0,2.0,3.0,3.0,2.2413792814169677
7223,5.0,5.0,1.0,2.0,3.0,4.0,2.5263158123319496
7224,5.0,5.0,1.0,2.0,4.0,1.0,2.000000036351376
7225,5.0,5.0,1.0,2.0,4.0,2.0,2.241379271716144
7226,5.0,5.0,1.0,3.0,1.0,1.0,1.727272515124809
7227,5.0,5.0,1.0,3.0,1.0,3.0,2.0156248799864938
7228,5.0,5.0,1.0,3.0,2.0,2.0,2.184210544698576
7229,5.0,5.0,1.0,3.0,2.0,3.0,2.531914863752155
7230,5.0,5.0,1.0,3.0,2.0,4.0,3.000000065960302
7231,5.0,5.0,1.0,3.0,3.0,1.0,2.000000827903682
7232,5.0,5.0,1.0,3.0,3.0,2.0,2.333333300823927
7233,5.0,5.0,1.0,3.0,3.0,3.0,2.833333347246691
7234,5.0,5.0,1.0,3.0,3.0,4.0,3.0000000469422257
7235,5.0,5.0,1.0,3.0,4.0,2.0,2.8124999498570946
7236,5.0,5.0,1.0,3.0,4.0,3.0,3.000000010967895
7237,5.0,5.0,1.0,3.0,5.0,1.0,1.9999998138203783
7238,5.0,5.0,1.0,3.0,5.0,4.0,3.0000000873809025
7239,5.0,5.0,1.0,4.0,1.0,1.0,1.7272725918568947
7240,5.0,5.0,1.0,4.0,1.0,2.0,2.400000129554518
7241,5.0,5.0,1.0,4.0,1.0,3.0,2.531914947778304
7242,5.0,5.0,1.0,4.0,1.0,5.0,2.5319149852775653
7243,5.0,5.0,1.0,4.0,2.0,1.0,2.4000001108189766
7244,5.0,5.0,1.0,4.0,2.0,2.0,2.4000002287965043
7245,5.0,5.0,1.0,4.0,2.0,3.0,2.531914922667525
7246,5.0,5.0,1.0,4.0,4.0,3.0,3.0000001150463635
7247,5.0,5.0,1.0,4.0,4.0,5.0,3.5000000940645015
7248,5.0,5.0,1.0,5.0,1.0,1.0,1.7272728024069532
7249,5.0,5.0,1.0,5.0,1.0,3.0,2.5319149364615123
7250,5.0,5.0,1.0,5.0,1.0,5.0,2.531914981571981
7251,5.0,5.0,1.0,5.0,2.0,2.0,2.400000338893192
7252,5.0,5.0,1.0,5.0,2.0,3.0,2.833333346630278
7253,5.0,5.0,1.0,5.0,2.0,4.0,3.285714295599061
7254,5.0,5.0,1.0,5.0,3.0,1.0,2.3999998294642704
7255,5.0,5.0,1.0,5.0,3.0,3.0,2.833333418489946
7256,5.0,5.0,1.0,5.0,3.0,5.0,3.9999999570416036
7257,5.0,5.0,1.0,5.0,4.0,3.0,3.0000001696072256
7258,5.0,5.0,1.0,5.0,4.0,5.0,3.9999999711653746
7259,5.0,5.0,1.0,5.0,5.0,1.0,3.000000225043324
7260,5.0,5.0,1.0,5.0,5.0,3.0,3.000000255412965
7261,5.0,5.0,1.0,5.0,5.0,4.0,4.000000023758038
7262,5.0,5.0,1.0,5.0,5.0,5.0,4.0000000251810786
7263,5.0,5.0,2.0,1.0,1.0,1.0,2.0499999912920113
7264,5.0,5.0,2.0,1.0,1.0,3.0,2.6399999939529777
7265,5.0,5.0,2.0,1.0,2.0,1.0,2.050000002560793
7266,5.0,5.0,2.0,1.0,2.0,2.0,2.133333296368832
7267,5.0,5.0,2.0,1.0,3.0,1.0,2.0500000137887637
7268,5.0,5.0,2.0,1.0,3.0,2.0,2.1333333434113295
7269,5.0,5.0,2.0,1.0,3.0,3.0,2.641025656106714
7270,5.0,5.0,2.0,1.0,3.0,4.0,3.000000037030032
7271,5.0,5.0,2.0,1.0,5.0,1.0,2.3333331621538216
7272,5.0,5.0,2.0,1.0,5.0,3.0,2.6666667403142266
7273,5.0,5.0,2.0,2.0,1.0,1.0,2.0499999926181216
7274,5.0,5.0,2.0,2.0,1.0,2.0,2.3333333359310813
7275,5.0,5.0,2.0,2.0,1.0,3.0,2.6400000002696378
7276,5.0,5.0,2.0,2.0,2.0,1.0,2.0500000020955946
7277,5.0,5.0,2.0,2.0,2.0,2.0,2.444444450093767
7278,5.0,5.0,2.0,2.0,2.0,3.0,2.6410256368485165
7279,5.0,5.0,2.0,2.0,3.0,1.0,2.075268946073271
7280,5.0,5.0,2.0,2.0,3.0,2.0,2.5625000063827503
7281,5.0,5.0,2.0,2.0,3.0,3.0,2.6410256569268244
7282,5.0,5.0,2.0,2.0,4.0,1.0,2.750000055661583
7283,5.0,5.0,2.0,2.0,4.0,2.0,2.7500001031545582
7284,5.0,5.0,2.0,2.0,4.0,3.0,2.8000000234290545
7285,5.0,5.0,2.0,2.0,4.0,4.0,3.000000033532948
7286,5.0,5.0,2.0,2.0,5.0,1.0,2.7500000653673657
7287,5.0,5.0,2.0,2.0,5.0,2.0,2.75000005595668
7288,5.0,5.0,2.0,2.0,5.0,3.0,3.000000014480347
7289,5.0,5.0,2.0,2.0,5.0,4.0,3.5000000455951454
7290,5.0,5.0,2.0,2.0,5.0,5.0,3.5000000893922887
7291,5.0,5.0,2.0,3.0,1.0,1.0,2.049999995752586
7292,5.0,5.0,2.0,3.0,1.0,2.0,2.40740743478214
7293,5.0,5.0,2.0,3.0,1.0,3.0,2.640000010017053
7294,5.0,5.0,2.0,3.0,2.0,1.0,2.400000007394465
7295,5.0,5.0,2.0,3.0,2.0,2.0,2.652173915162241
7296,5.0,5.0,2.0,3.0,2.0,3.0,3.0000000142606686
7297,5.0,5.0,2.0,3.0,3.0,1.0,2.3999999945146993
7298,5.0,5.0,2.0,3.0,3.0,2.0,2.8125000009877725
7299,5.0,5.0,2.0,3.0,3.0,3.0,3.0322580725442085
7300,5.0,5.0,2.0,3.0,3.0,4.0,3.2500000083343785
7301,5.0,5.0,2.0,3.0,4.0,2.0,2.8124999945575366
7302,5.0,5.0,2.0,3.0,4.0,3.0,3.125000011558968
7303,5.0,5.0,2.0,3.0,4.0,4.0,3.5000000578638937
7304,5.0,5.0,2.0,3.0,4.0,5.0,3.500000056278917
7305,5.0,5.0,2.0,3.0,5.0,2.0,3.050000014307826
7306,5.0,5.0,2.0,3.0,5.0,3.0,3.2500000165179275
7307,5.0,5.0,2.0,3.0,5.0,4.0,3.500000057167098
7308,5.0,5.0,2.0,3.0,5.0,5.0,3.5000000727114675
7309,5.0,5.0,2.0,4.0,1.0,1.0,2.578947357190031
7310,5.0,5.0,2.0,4.0,1.0,2.0,2.5789474316757595
7311,5.0,5.0,2.0,4.0,1.0,3.0,2.732673277975589
7312,5.0,5.0,2.0,4.0,1.0,4.0,3.000000003346558
7313,5.0,5.0,2.0,4.0,1.0,5.0,3.000000016536445
7314,5.0,5.0,2.0,4.0,2.0,1.0,2.7326739869948384
7315,5.0,5.0,2.0,4.0,2.0,2.0,3.0000000417484807
7316,5.0,5.0,2.0,4.0,2.0,3.0,3.0000000462925738
7317,5.0,5.0,2.0,4.0,2.0,4.0,3.218750017218932
7318,5.0,5.0,2.0,4.0,2.0,5.0,3.8333333659082562
7319,5.0,5.0,2.0,4.0,3.0,2.0,3.0499998400575756
7320,5.0,5.0,2.0,4.0,3.0,3.0,3.400000002171201
7321,5.0,5.0,2.0,4.0,3.0,4.0,3.5000000178746236
7322,5.0,5.0,2.0,4.0,3.0,5.0,4.171641769673931
7323,5.0,5.0,2.0,4.0,4.0,2.0,3.193548386896722
7324,5.0,5.0,2.0,4.0,4.0,3.0,3.4000000218990025
7325,5.0,5.0,2.0,4.0,4.0,4.0,3.787878799418251
7326,5.0,5.0,2.0,4.0,4.0,5.0,4.171641787729498
7327,5.0,5.0,2.0,4.0,5.0,1.0,2.750000085271223
7328,5.0,5.0,2.0,4.0,5.0,3.0,3.419753100153377
7329,5.0,5.0,2.0,4.0,5.0,4.0,3.787878801537463
7330,5.0,5.0,2.0,4.0,5.0,5.0,4.171641791956402
7331,5.0,5.0,2.0,5.0,1.0,1.0,2.578947420111927
7332,5.0,5.0,2.0,5.0,1.0,2.0,2.732673332150434
7333,5.0,5.0,2.0,5.0,1.0,3.0,2.7326732675959335
7334,5.0,5.0,2.0,5.0,1.0,4.0,3.000000024872901
7335,5.0,5.0,2.0,5.0,1.0,5.0,3.000000049161345
7336,5.0,5.0,2.0,5.0,2.0,1.0,2.732673162715555
7337,5.0,5.0,2.0,5.0,2.0,2.0,2.999999984082665
7338,5.0,5.0,2.0,5.0,2.0,3.0,3.2857143311724406
7339,5.0,5.0,2.0,5.0,2.0,4.0,3.285714357725261
7340,5.0,5.0,2.0,5.0,2.0,5.0,3.85714287498247
7341,5.0,5.0,2.0,5.0,3.0,1.0,2.7894736320761995
7342,5.0,5.0,2.0,5.0,3.0,2.0,3.049999933131822
7343,5.0,5.0,2.0,5.0,3.0,3.0,3.419753110815171
7344,5.0,5.0,2.0,5.0,3.0,4.0,3.799999990049625
7345,5.0,5.0,2.0,5.0,3.0,5.0,4.318181813133097
7346,5.0,5.0,2.0,5.0,4.0,1.0,3.135135294660724
7347,5.0,5.0,2.0,5.0,4.0,2.0,3.1935484107825713
7348,5.0,5.0,2.0,5.0,4.0,3.0,3.4197531058732182
7349,5.0,5.0,2.0,5.0,4.0,4.0,3.800000011679022
7350,5.0,5.0,2.0,5.0,4.0,5.0,4.318181818730975
7351,5.0,5.0,2.0,5.0,5.0,1.0,3.1351350149489288
7352,5.0,5.0,2.0,5.0,5.0,2.0,3.1935483873823145
7353,5.0,5.0,2.0,5.0,5.0,3.0,3.41975311406312
7354,5.0,5.0,2.0,5.0,5.0,4.0,4.000000022309978
7355,5.0,5.0,2.0,5.0,5.0,5.0,4.318181822088145
7356,5.0,5.0,3.0,1.0,1.0,1.0,2.266666648147294
7357,5.0,5.0,3.0,1.0,1.0,2.0,2.2666666590252706
7358,5.0,5.0,3.0,1.0,1.0,3.0,2.641025684005062
7359,5.0,5.0,3.0,1.0,2.0,1.0,2.428571428002343
7360,5.0,5.0,3.0,1.0,2.0,2.0,2.5000000100293494
7361,5.0,5.0,3.0,1.0,2.0,4.0,2.641025694760644
7362,5.0,5.0,3.0,1.0,3.0,1.0,2.428571453287913
7363,5.0,5.0,3.0,1.0,3.0,2.0,2.5714285929230556
7364,5.0,5.0,3.0,1.0,3.0,3.0,2.6410256734919377
7365,5.0,5.0,3.0,1.0,3.0,4.0,3.000000034526709
7366,5.0,5.0,3.0,1.0,3.0,5.0,3.0000000616244114
7367,5.0,5.0,3.0,1.0,4.0,1.0,2.679999952637018
7368,5.0,5.0,3.0,1.0,4.0,2.0,2.680000013205787
7369,5.0,5.0,3.0,1.0,4.0,3.0,2.680000041568662
7370,5.0,5.0,3.0,1.0,4.0,4.0,3.000000028989125
7371,5.0,5.0,3.0,1.0,4.0,5.0,3.000000041987383
7372,5.0,5.0,3.0,1.0,5.0,2.0,2.68000005136555
7373,5.0,5.0,3.0,1.0,5.0,3.0,2.6800000162830817
7374,5.0,5.0,3.0,1.0,5.0,4.0,3.6666667538602407
7375,5.0,5.0,3.0,1.0,5.0,5.0,3.666666758724878
7376,5.0,5.0,3.0,2.0,1.0,1.0,2.266666656863964
7377,5.0,5.0,3.0,2.0,1.0,2.0,2.625000009396093
7378,5.0,5.0,3.0,2.0,1.0,3.0,3.0000000117029533
7379,5.0,5.0,3.0,2.0,1.0,4.0,3.0000000125456525
7380,5.0,5.0,3.0,2.0,2.0,1.0,2.4285714359066373
7381,5.0,5.0,3.0,2.0,2.0,2.0,2.625000027089815
7382,5.0,5.0,3.0,2.0,2.0,3.0,3.1034482669785954
7383,5.0,5.0,3.0,2.0,2.0,4.0,3.1034482704548165
7384,5.0,5.0,3.0,2.0,3.0,1.0,2.8275862047055402
7385,5.0,5.0,3.0,2.0,3.0,2.0,2.8275862191826104
7386,5.0,5.0,3.0,2.0,3.0,3.0,3.1034482865011
7387,5.0,5.0,3.0,2.0,3.0,4.0,3.5000000113120118
7388,5.0,5.0,3.0,2.0,4.0,1.0,2.8275862384206167
7389,5.0,5.0,3.0,2.0,4.0,2.0,2.9500000281526946
7390,5.0,5.0,3.0,2.0,4.0,3.0,3.2727272808592613
7391,5.0,5.0,3.0,2.0,4.0,4.0,3.500000019861017
7392,5.0,5.0,3.0,2.0,4.0,5.0,3.9473684320489393
7393,5.0,5.0,3.0,2.0,5.0,2.0,3.000000026317405
7394,5.0,5.0,3.0,2.0,5.0,3.0,3.2812500117770558
7395,5.0,5.0,3.0,2.0,5.0,4.0,3.7500000184657
7396,5.0,5.0,3.0,2.0,5.0,5.0,4.0000000175799055
7397,5.0,5.0,3.0,3.0,1.0,1.0,2.777777771355007
7398,5.0,5.0,3.0,3.0,1.0,3.0,3.0000000087343057
7399,5.0,5.0,3.0,3.0,1.0,4.0,3.1666666816245765
7400,5.0,5.0,3.0,3.0,1.0,5.0,3.4444444561353027
7401,5.0,5.0,3.0,3.0,2.0,1.0,2.777777768439311
7402,5.0,5.0,3.0,3.0,2.0,2.0,3.0000000037047463
7403,5.0,5.0,3.0,3.0,2.0,3.0,3.2592592394992104
7404,5.0,5.0,3.0,3.0,2.0,4.0,3.740740731082042
7405,5.0,5.0,3.0,3.0,2.0,5.0,3.740740750045288
7406,5.0,5.0,3.0,3.0,3.0,1.0,3.0000000410911
7407,5.0,5.0,3.0,3.0,3.0,2.0,3.0545454691845433
7408,5.0,5.0,3.0,3.0,3.0,3.0,3.5412843928497812
7409,5.0,5.0,3.0,3.0,3.0,4.0,3.7964601357432057
7410,5.0,5.0,3.0,3.0,3.0,5.0,3.8750000095261345
7411,5.0,5.0,3.0,3.0,4.0,2.0,3.1111111092812447
7412,5.0,5.0,3.0,3.0,4.0,3.0,3.541284417171442
7413,5.0,5.0,3.0,3.0,4.0,4.0,3.7964601959630038
7414,5.0,5.0,3.0,3.0,4.0,5.0,3.9473684280218695
7415,5.0,5.0,3.0,3.0,5.0,2.0,3.111111136092433
7416,5.0,5.0,3.0,3.0,5.0,3.0,3.7142857287568787
7417,5.0,5.0,3.0,3.0,5.0,4.0,4.0625000041925725
7418,5.0,5.0,3.0,3.0,5.0,5.0,4.2413793244368545
7419,5.0,5.0,3.0,4.0,1.0,1.0,2.777777771187241
7420,5.0,5.0,3.0,4.0,1.0,2.0,3.00000005367031
7421,5.0,5.0,3.0,4.0,1.0,3.0,3.0000000562911366
7422,5.0,5.0,3.0,4.0,1.0,4.0,3.4444444370345932
7423,5.0,5.0,3.0,4.0,2.0,2.0,3.225806448306891
7424,5.0,5.0,3.0,4.0,2.0,3.0,3.2592592849991764
7425,5.0,5.0,3.0,4.0,2.0,4.0,3.7407407392461964
7426,5.0,5.0,3.0,4.0,2.0,5.0,3.8333333653422446
7427,5.0,5.0,3.0,4.0,3.0,1.0,3.0500000418393274
7428,5.0,5.0,3.0,4.0,3.0,2.0,3.2258064539129516
7429,5.0,5.0,3.0,4.0,3.0,3.0,3.6666666681337388
7430,5.0,5.0,3.0,4.0,3.0,4.0,4.142857144822933
7431,5.0,5.0,3.0,4.0,3.0,5.0,4.333333342696894
7432,5.0,5.0,3.0,4.0,4.0,2.0,3.4166666847601497
7433,5.0,5.0,3.0,4.0,4.0,3.0,3.803149607488857
7434,5.0,5.0,3.0,4.0,4.0,4.0,4.25609753190687
7435,5.0,5.0,3.0,4.0,4.0,5.0,4.525641028073836
7436,5.0,5.0,3.0,4.0,5.0,1.0,3.0500000687496263
7437,5.0,5.0,3.0,4.0,5.0,2.0,3.416666692270449
7438,5.0,5.0,3.0,4.0,5.0,3.0,3.971428575080614
7439,5.0,5.0,3.0,4.0,5.0,4.0,4.256097619905741
7440,5.0,5.0,3.0,4.0,5.0,5.0,4.546875001584912
7441,5.0,5.0,3.0,5.0,1.0,1.0,3.1379309931434745
7442,5.0,5.0,3.0,5.0,1.0,2.0,3.1379310626264645
7443,5.0,5.0,3.0,5.0,1.0,3.0,3.227272730549041
7444,5.0,5.0,3.0,5.0,1.0,4.0,3.4444444499440086
7445,5.0,5.0,3.0,5.0,1.0,5.0,3.444444463631469
7446,5.0,5.0,3.0,5.0,2.0,1.0,3.137930931185831
7447,5.0,5.0,3.0,5.0,2.0,2.0,3.2258064733684915
7448,5.0,5.0,3.0,5.0,2.0,3.0,3.375000005843361
7449,5.0,5.0,3.0,5.0,2.0,4.0,3.740740764630398
7450,5.0,5.0,3.0,5.0,2.0,5.0,3.931818190790864
7451,5.0,5.0,3.0,5.0,3.0,1.0,3.41666661006279
7452,5.0,5.0,3.0,5.0,3.0,2.0,3.4166666677968367
7453,5.0,5.0,3.0,5.0,3.0,3.0,3.793103449821979
7454,5.0,5.0,3.0,5.0,3.0,4.0,4.142857144787185
7455,5.0,5.0,3.0,5.0,3.0,5.0,4.390909092582127
7456,5.0,5.0,3.0,5.0,4.0,1.0,3.416666630232607
7457,5.0,5.0,3.0,5.0,4.0,2.0,3.416666675944043
7458,5.0,5.0,3.0,5.0,4.0,3.0,3.8888888903762693
7459,5.0,5.0,3.0,5.0,4.0,4.0,4.348000001014665
7460,5.0,5.0,3.0,5.0,4.0,5.0,4.620209060225462
7461,5.0,5.0,3.0,5.0,5.0,1.0,3.7391303228798285
7462,5.0,5.0,3.0,5.0,5.0,2.0,3.739130352574076
7463,5.0,5.0,3.0,5.0,5.0,3.0,4.123287673043072
7464,5.0,5.0,3.0,5.0,5.0,4.0,4.399317407032879
7465,5.0,5.0,3.0,5.0,5.0,5.0,4.732740943681869
7466,5.0,5.0,4.0,1.0,2.0,1.0,2.499999963953157
7467,5.0,5.0,4.0,1.0,2.0,3.0,3.000000031811086
7468,5.0,5.0,4.0,1.0,3.0,2.0,2.5714285933806957
7469,5.0,5.0,4.0,1.0,3.0,3.0,3.000000057306706
7470,5.0,5.0,4.0,1.0,3.0,4.0,3.00000008461487
7471,5.0,5.0,4.0,1.0,4.0,1.0,3.000000026454426
7472,5.0,5.0,4.0,1.0,4.0,4.0,3.333333393890743
7473,5.0,5.0,4.0,1.0,4.0,5.0,3.3333333910911205
7474,5.0,5.0,4.0,1.0,5.0,3.0,3.666666698717974
7475,5.0,5.0,4.0,2.0,1.0,2.0,2.625000014683178
7476,5.0,5.0,4.0,2.0,1.0,3.0,3.000000025327219
7477,5.0,5.0,4.0,2.0,2.0,3.0,3.1578947546034115
7478,5.0,5.0,4.0,2.0,2.0,5.0,3.666666736917716
7479,5.0,5.0,4.0,2.0,3.0,2.0,3.076923124739261
7480,5.0,5.0,4.0,2.0,3.0,3.0,3.2857142843130758
7481,5.0,5.0,4.0,2.0,3.0,4.0,3.6666666991957766
7482,5.0,5.0,4.0,2.0,3.0,5.0,3.6666667457332722
7483,5.0,5.0,4.0,2.0,4.0,2.0,3.090909093546884
7484,5.0,5.0,4.0,2.0,4.0,3.0,3.2857143041187715
7485,5.0,5.0,4.0,2.0,4.0,4.0,3.7804878238562454
7486,5.0,5.0,4.0,2.0,4.0,5.0,4.187500011224664
7487,5.0,5.0,4.0,2.0,5.0,2.0,3.0909091012610657
7488,5.0,5.0,4.0,2.0,5.0,3.0,3.741935499167397
7489,5.0,5.0,4.0,2.0,5.0,4.0,3.78048782355028
7490,5.0,5.0,4.0,2.0,5.0,5.0,4.18750002548217
7491,5.0,5.0,4.0,3.0,1.0,2.0,3.2631579056569255
7492,5.0,5.0,4.0,3.0,1.0,3.0,3.2631579149259924
7493,5.0,5.0,4.0,3.0,1.0,4.0,3.3678161115837195
7494,5.0,5.0,4.0,3.0,1.0,5.0,3.7551019921873285
7495,5.0,5.0,4.0,3.0,2.0,2.0,3.300000010271808
7496,5.0,5.0,4.0,3.0,2.0,3.0,3.5392157074439066
7497,5.0,5.0,4.0,3.0,2.0,4.0,3.7407407357344207
7498,5.0,5.0,4.0,3.0,2.0,5.0,3.916666701567574
7499,5.0,5.0,4.0,3.0,3.0,2.0,3.300000009138062
7500,5.0,5.0,4.0,3.0,3.0,3.0,3.7831325317689397
7501,5.0,5.0,4.0,3.0,3.0,4.0,4.176470592499956
7502,5.0,5.0,4.0,3.0,3.0,5.0,4.200000009001553
7503,5.0,5.0,4.0,3.0,4.0,2.0,3.6000000203221556
7504,5.0,5.0,4.0,3.0,4.0,3.0,3.9740259760988526
7505,5.0,5.0,4.0,3.0,4.0,4.0,4.181034484223859
7506,5.0,5.0,4.0,3.0,4.0,5.0,4.422764165387712
7507,5.0,5.0,4.0,3.0,5.0,2.0,3.6000000316003975
7508,5.0,5.0,4.0,3.0,5.0,3.0,4.0000000024458
7509,5.0,5.0,4.0,3.0,5.0,4.0,4.273809525775072
7510,5.0,5.0,4.0,3.0,5.0,5.0,4.422764255794338
7511,5.0,5.0,4.0,4.0,1.0,1.0,2.7777777907096595
7512,5.0,5.0,4.0,4.0,1.0,3.0,3.411764709978086
7513,5.0,5.0,4.0,4.0,1.0,4.0,3.615384628739953
7514,5.0,5.0,4.0,4.0,1.0,5.0,3.7551020103962487
7515,5.0,5.0,4.0,4.0,2.0,1.0,3.4166664538709512
7516,5.0,5.0,4.0,4.0,2.0,2.0,3.5392156797482484
7517,5.0,5.0,4.0,4.0,2.0,3.0,3.5392157134302957
7518,5.0,5.0,4.0,4.0,2.0,4.0,3.8360655937575583
7519,5.0,5.0,4.0,4.0,2.0,5.0,4.159090913049437
7520,5.0,5.0,4.0,4.0,3.0,1.0,3.416666553173263
7521,5.0,5.0,4.0,4.0,3.0,2.0,3.793103465696333
7522,5.0,5.0,4.0,4.0,3.0,3.0,3.9729064249584782
7523,5.0,5.0,4.0,4.0,3.0,4.0,4.19601328982896
7524,5.0,5.0,4.0,4.0,3.0,5.0,4.398058282124908
7525,5.0,5.0,4.0,4.0,4.0,1.0,3.571428593513311
7526,5.0,5.0,4.0,4.0,4.0,2.0,4.00000000835395
7527,5.0,5.0,4.0,4.0,4.0,3.0,4.1396226423816005
7528,5.0,5.0,4.0,4.0,4.0,4.0,4.400335946580962
7529,5.0,5.0,4.0,4.0,4.0,5.0,4.677570094090251
7530,5.0,5.0,4.0,4.0,5.0,1.0,3.8333332112442746
7531,5.0,5.0,4.0,4.0,5.0,2.0,4.066666691409815
7532,5.0,5.0,4.0,4.0,5.0,3.0,4.218487396329924
7533,5.0,5.0,4.0,4.0,5.0,4.0,4.504826255288839
7534,5.0,5.0,4.0,4.0,5.0,5.0,4.73447946562542
7535,5.0,5.0,4.0,5.0,1.0,1.0,3.13793101660385
7536,5.0,5.0,4.0,5.0,1.0,2.0,3.263157904434905
7537,5.0,5.0,4.0,5.0,1.0,3.0,3.535714288295374
7538,5.0,5.0,4.0,5.0,1.0,4.0,3.617021304331839
7539,5.0,5.0,4.0,5.0,1.0,5.0,3.75510206917326
7540,5.0,5.0,4.0,5.0,2.0,2.0,3.5392157043922667
7541,5.0,5.0,4.0,5.0,2.0,3.0,3.9310344871847156
7542,5.0,5.0,4.0,5.0,2.0,4.0,4.075471700547501
7543,5.0,5.0,4.0,5.0,2.0,5.0,4.202898552607046
7544,5.0,5.0,4.0,5.0,3.0,1.0,3.4166666094167994
7545,5.0,5.0,4.0,5.0,3.0,2.0,3.8333333735420827
7546,5.0,5.0,4.0,5.0,3.0,3.0,4.115384616710393
7547,5.0,5.0,4.0,5.0,3.0,4.0,4.358638744210047
7548,5.0,5.0,4.0,5.0,3.0,5.0,4.6005586600835455
7549,5.0,5.0,4.0,5.0,4.0,2.0,4.066666672150647
7550,5.0,5.0,4.0,5.0,4.0,3.0,4.280219781361022
7551,5.0,5.0,4.0,5.0,4.0,4.0,4.5692158764137245
7552,5.0,5.0,4.0,5.0,4.0,5.0,4.80059970044965
7553,5.0,5.0,4.0,5.0,5.0,1.0,3.8333332107258546
7554,5.0,5.0,4.0,5.0,5.0,2.0,4.06666668862324
7555,5.0,5.0,4.0,5.0,5.0,3.0,4.326086957644283
7556,5.0,5.0,4.0,5.0,5.0,4.0,4.6650485440058755
7557,5.0,5.0,4.0,5.0,5.0,5.0,4.884683724381459
7558,5.0,5.0,5.0,1.0,1.0,1.0,2.6000000160279124
7559,5.0,5.0,5.0,1.0,2.0,2.0,2.6000000409015276
7560,5.0,5.0,5.0,1.0,2.0,3.0,3.0000000670148235
7561,5.0,5.0,5.0,1.0,3.0,1.0,3.166666673330188
7562,5.0,5.0,5.0,1.0,3.0,2.0,3.3333333391865008
7563,5.0,5.0,5.0,1.0,3.0,3.0,3.3333333483730585
7564,5.0,5.0,5.0,1.0,4.0,4.0,3.333333424836324
7565,5.0,5.0,5.0,1.0,4.0,5.0,3.6666666548769395
7566,5.0,5.0,5.0,1.0,5.0,1.0,3.1666667201118255
7567,5.0,5.0,5.0,1.0,5.0,3.0,3.666666762726898
7568,5.0,5.0,5.0,1.0,5.0,5.0,3.6666667310265946
7569,5.0,5.0,5.0,2.0,1.0,2.0,2.625000038950266
7570,5.0,5.0,5.0,2.0,1.0,5.0,3.500000097201542
7571,5.0,5.0,5.0,2.0,2.0,2.0,3.1578947624040183
7572,5.0,5.0,5.0,2.0,2.0,3.0,3.1578947732412286
7573,5.0,5.0,5.0,2.0,2.0,4.0,3.5000000979014487
7574,5.0,5.0,5.0,2.0,2.0,5.0,3.9166666998120636
7575,5.0,5.0,5.0,2.0,3.0,2.0,3.333333343428186
7576,5.0,5.0,5.0,2.0,3.0,3.0,3.666666712412384
7577,5.0,5.0,5.0,2.0,3.0,4.0,3.666666706893221
7578,5.0,5.0,5.0,2.0,3.0,5.0,4.000000070612075
7579,5.0,5.0,5.0,2.0,4.0,2.0,3.333333383121812
7580,5.0,5.0,5.0,2.0,4.0,3.0,3.7419355012930375
7581,5.0,5.0,5.0,2.0,4.0,4.0,3.7804878290479453
7582,5.0,5.0,5.0,2.0,4.0,5.0,4.275449089004077
7583,5.0,5.0,5.0,2.0,5.0,2.0,3.333333378558258
7584,5.0,5.0,5.0,2.0,5.0,3.0,3.7419355084326837
7585,5.0,5.0,5.0,2.0,5.0,4.0,3.8750000161211795
7586,5.0,5.0,5.0,2.0,5.0,5.0,4.40000001020854
7587,5.0,5.0,5.0,3.0,1.0,3.0,3.2631579251000944
7588,5.0,5.0,5.0,3.0,1.0,4.0,3.5789473564625056
7589,5.0,5.0,5.0,3.0,1.0,5.0,3.7551020055164295
7590,5.0,5.0,5.0,3.0,2.0,2.0,3.5666666853389546
7591,5.0,5.0,5.0,3.0,2.0,3.0,3.566666694867689
7592,5.0,5.0,5.0,3.0,2.0,4.0,3.916666683256103
7593,5.0,5.0,5.0,3.0,2.0,5.0,3.9166667040056846
7594,5.0,5.0,5.0,3.0,3.0,1.0,3.230769274915797
7595,5.0,5.0,5.0,3.0,3.0,2.0,3.566666689616346
7596,5.0,5.0,5.0,3.0,3.0,3.0,3.976190477965497
7597,5.0,5.0,5.0,3.0,3.0,4.0,4.306122452062337
7598,5.0,5.0,5.0,3.0,3.0,5.0,4.5500000070297615
7599,5.0,5.0,5.0,3.0,4.0,2.0,3.625000039783422
7600,5.0,5.0,5.0,3.0,4.0,3.0,4.223880599424366
7601,5.0,5.0,5.0,3.0,4.0,4.0,4.357512934393524
7602,5.0,5.0,5.0,3.0,4.0,5.0,4.592156827161119
7603,5.0,5.0,5.0,3.0,5.0,1.0,3.2307692951596194
7604,5.0,5.0,5.0,3.0,5.0,2.0,4.111111111140132
7605,5.0,5.0,5.0,3.0,5.0,3.0,4.260869567480011
7606,5.0,5.0,5.0,3.0,5.0,4.0,4.357512972808002
7607,5.0,5.0,5.0,3.0,5.0,5.0,4.592156869753754
7608,5.0,5.0,5.0,4.0,1.0,3.0,3.411764726345934
7609,5.0,5.0,5.0,4.0,1.0,4.0,3.666666675149712
7610,5.0,5.0,5.0,4.0,1.0,5.0,4.000000018142414
7611,5.0,5.0,5.0,4.0,2.0,2.0,3.6666666595679707
7612,5.0,5.0,5.0,4.0,2.0,3.0,4.00000000692141
7613,5.0,5.0,5.0,4.0,2.0,4.0,4.159090918801872
7614,5.0,5.0,5.0,4.0,2.0,5.0,4.159090924197342
7615,5.0,5.0,5.0,4.0,3.0,2.0,3.8750000236692292
7616,5.0,5.0,5.0,4.0,3.0,3.0,4.152974522299914
7617,5.0,5.0,5.0,4.0,3.0,4.0,4.412878788831715
7618,5.0,5.0,5.0,4.0,3.0,5.0,4.5851851866866165
7619,5.0,5.0,5.0,4.0,4.0,1.0,3.571428661888713
7620,5.0,5.0,5.0,4.0,4.0,2.0,4.111111104246619
7621,5.0,5.0,5.0,4.0,4.0,3.0,4.311111112110188
7622,5.0,5.0,5.0,4.0,4.0,4.0,4.597293814816698
7623,5.0,5.0,5.0,4.0,4.0,5.0,4.797368421641089
7624,5.0,5.0,5.0,4.0,5.0,2.0,4.11111110926327
7625,5.0,5.0,5.0,4.0,5.0,3.0,4.39160839296482
7626,5.0,5.0,5.0,4.0,5.0,4.0,4.61656646665127
7627,5.0,5.0,5.0,4.0,5.0,5.0,4.807778274801569
7628,5.0,5.0,5.0,5.0,1.0,1.0,3.1379310290274383
7629,5.0,5.0,5.0,5.0,1.0,2.0,3.500000046426315
7630,5.0,5.0,5.0,5.0,1.0,3.0,3.5357142902462364
7631,5.0,5.0,5.0,5.0,1.0,4.0,3.904761909043499
7632,5.0,5.0,5.0,5.0,1.0,5.0,4.088888893603133
7633,5.0,5.0,5.0,5.0,2.0,1.0,3.4166665418044704
7634,5.0,5.0,5.0,5.0,2.0,2.0,3.6666666970649056
7635,5.0,5.0,5.0,5.0,2.0,3.0,4.030303033541187
7636,5.0,5.0,5.0,5.0,2.0,4.0,4.191666689603327
7637,5.0,5.0,5.0,5.0,2.0,5.0,4.509202455440664
7638,5.0,5.0,5.0,5.0,3.0,1.0,3.5714287635615283
7639,5.0,5.0,5.0,5.0,3.0,2.0,3.9090909175208846
7640,5.0,5.0,5.0,5.0,3.0,3.0,4.34259259370837
7641,5.0,5.0,5.0,5.0,3.0,4.0,4.550653595391455
7642,5.0,5.0,5.0,5.0,3.0,5.0,4.76986755012897
7643,5.0,5.0,5.0,5.0,4.0,1.0,4.111111120904816
7644,5.0,5.0,5.0,5.0,4.0,2.0,4.111111119438003
7645,5.0,5.0,5.0,5.0,4.0,3.0,4.467924529279813
7646,5.0,5.0,5.0,5.0,4.0,4.0,4.720535423060894
7647,5.0,5.0,5.0,5.0,4.0,5.0,4.891740704377714
7648,5.0,5.0,5.0,5.0,5.0,1.0,4.111111143232715
7649,5.0,5.0,5.0,5.0,5.0,2.0,4.111111132590003
7650,5.0,5.0,5.0,5.0,5.0,3.0,4.528089888310904
7651,5.0,5.0,5.0,5.0,5.0,4.0,4.7686762780724585
7652,5.0,5.0,5.0,5.0,5.0,5.0,4.965745273231881
