0,1,2,3,4,5,function_value
1.0,1.0,1.0,1.0,1.0,1.0,1.2861834098463008
1.0,1.0,1.0,1.0,1.0,2.0,1.2860986649172454
1.0,1.0,1.0,1.0,1.0,3.0,1.2860973342633693
1.0,1.0,1.0,1.0,1.0,5.0,1.3280518671320551
1.0,1.0,1.0,1.0,2.0,1.0,1.2860764835022895
1.0,1.0,1.0,1.0,2.0,2.0,1.2860898944147534
1.0,1.0,1.0,1.0,3.0,1.0,1.2860666966769065
1.0,1.0,1.0,1.0,3.0,2.0,1.2860945148617062
1.0,1.0,1.0,1.0,3.0,3.0,1.2860995348468258
1.0,1.0,1.0,1.0,4.0,1.0,1.2860743934817556
1.0,1.0,1.0,1.0,4.0,3.0,1.2861012359318749
1.0,1.0,1.0,1.0,5.0,1.0,1.2860827167360378
1.0,1.0,1.0,2.0,1.0,1.0,1.2860879665008806
1.0,1.0,1.0,2.0,1.0,2.0,1.2860915138087483
1.0,1.0,1.0,2.0,1.0,3.0,1.2860979265560482
1.0,1.0,1.0,2.0,2.0,1.0,1.2860810415550117
1.0,1.0,1.0,2.0,2.0,2.0,1.286095010201141
1.0,1.0,1.0,2.0,2.0,3.0,1.2860993847938678
1.0,1.0,1.0,2.0,3.0,1.0,1.2860850951302913
1.0,1.0,1.0,2.0,3.0,2.0,1.286098557441802
1.0,1.0,1.0,2.0,3.0,3.0,1.2861008671965328
1.0,1.0,1.0,2.0,4.0,2.0,1.286101071419368
1.0,1.0,1.0,2.0,4.0,3.0,1.2861017291962424
1.0,1.0,1.0,2.0,5.0,2.0,1.286102597795111
1.0,1.0,1.0,3.0,1.0,1.0,1.2860813907271835
1.0,1.0,1.0,3.0,1.0,2.0,1.2860976682954341
1.0,1.0,1.0,3.0,1.0,3.0,1.2861002706540248
1.0,1.0,1.0,3.0,2.0,1.0,1.2860836446582073
1.0,1.0,1.0,3.0,2.0,2.0,1.286098924431295
1.0,1.0,1.0,3.0,2.0,3.0,1.2861015359135566
1.0,1.0,1.0,3.0,3.0,1.0,1.2860873429937028
1.0,1.0,1.0,3.0,3.0,2.0,1.2861012566530752
1.0,1.0,1.0,3.0,3.0,3.0,1.2861031109386867
1.0,1.0,1.0,3.0,4.0,3.0,1.2861027359621415
1.0,1.0,1.0,3.0,4.0,4.0,1.2861030181641209
1.0,1.0,1.0,3.0,5.0,3.0,1.28610280899916
1.0,1.0,1.0,4.0,1.0,1.0,1.2860846068764593
1.0,1.0,1.0,4.0,1.0,2.0,1.2861016380679942
1.0,1.0,1.0,4.0,1.0,3.0,1.2861026849028188
1.0,1.0,1.0,4.0,2.0,2.0,1.2861003599947936
1.0,1.0,1.0,4.0,2.0,3.0,1.286103058796442
1.0,1.0,1.0,4.0,3.0,3.0,1.2861040164080972
1.0,1.0,1.0,4.0,3.0,4.0,1.2861048837085902
1.0,1.0,1.0,4.0,4.0,3.0,1.3280518437679003
1.0,1.0,1.0,4.0,4.0,4.0,1.3280518669286863
1.0,1.0,1.0,5.0,1.0,1.0,1.2860893478634268
1.0,1.0,1.0,5.0,1.0,2.0,1.286103097182509
1.0,1.0,1.0,5.0,1.0,3.0,1.286103808311956
1.0,1.0,1.0,5.0,1.0,4.0,1.286103919977116
1.0,1.0,1.0,5.0,1.0,5.0,1.3280518823664604
1.0,1.0,1.0,5.0,3.0,1.0,1.2860911615472752
1.0,1.0,1.0,5.0,3.0,2.0,1.2861028338808944
1.0,1.0,1.0,5.0,3.0,3.0,1.2861038708460042
1.0,1.0,1.0,5.0,4.0,4.0,1.3280518704593236
1.0,1.0,1.0,5.0,4.0,5.0,1.3280518828026304
1.0,1.0,1.0,5.0,5.0,5.0,1.3280519168962384
1.0,1.0,2.0,1.0,1.0,1.0,1.2882270800414826
1.0,1.0,2.0,1.0,1.0,2.0,1.2885610841290585
1.0,1.0,2.0,1.0,2.0,1.0,1.2885180584563227
1.0,1.0,2.0,1.0,2.0,2.0,1.2886315482676745
1.0,1.0,2.0,1.0,3.0,1.0,1.2886059274605304
1.0,1.0,2.0,1.0,4.0,3.0,1.3419882413520363
1.0,1.0,2.0,1.0,4.0,4.0,1.5719777027455262
1.0,1.0,2.0,2.0,1.0,1.0,1.2885773811715522
1.0,1.0,2.0,2.0,1.0,2.0,1.2886457635460546
1.0,1.0,2.0,2.0,1.0,3.0,1.288662268428387
1.0,1.0,2.0,2.0,2.0,1.0,1.2886453720885163
1.0,1.0,2.0,2.0,2.0,2.0,1.288654723393825
1.0,1.0,2.0,2.0,3.0,1.0,1.2886724910413614
1.0,1.0,2.0,2.0,3.0,2.0,1.2886667754854122
1.0,1.0,2.0,2.0,3.0,3.0,1.2886686693684613
1.0,1.0,2.0,2.0,5.0,2.0,1.3831521094909665
1.0,1.0,2.0,3.0,1.0,1.0,1.2886539402266497
1.0,1.0,2.0,3.0,1.0,2.0,1.288661234178768
1.0,1.0,2.0,3.0,1.0,3.0,1.2886664619083907
1.0,1.0,2.0,3.0,2.0,2.0,1.2886660528544962
1.0,1.0,2.0,3.0,2.0,3.0,1.288668411733502
1.0,1.0,2.0,3.0,3.0,1.0,1.2886651818296493
1.0,1.0,2.0,3.0,3.0,3.0,1.2886703930722263
1.0,1.0,2.0,3.0,3.0,4.0,1.2886727292567335
1.0,1.0,2.0,3.0,4.0,2.0,1.2886667778970875
1.0,1.0,2.0,4.0,1.0,2.0,1.2886652998383428
1.0,1.0,2.0,4.0,1.0,4.0,1.288667045165182
1.0,1.0,2.0,4.0,3.0,1.0,1.383152196247956
1.0,1.0,2.0,4.0,3.0,3.0,1.3831521568114107
1.0,1.0,2.0,4.0,4.0,4.0,1.6481429416638256
1.0,1.0,2.0,4.0,5.0,3.0,1.3831521293628994
1.0,1.0,2.0,4.0,5.0,5.0,1.6481429563010481
1.0,1.0,2.0,5.0,1.0,1.0,1.2886695739411216
1.0,1.0,2.0,5.0,1.0,3.0,1.3775814311543633
1.0,1.0,2.0,5.0,1.0,5.0,1.3775814294363395
1.0,1.0,2.0,5.0,2.0,3.0,1.3775814245096072
1.0,1.0,2.0,5.0,3.0,5.0,1.6481429701522619
1.0,1.0,2.0,5.0,5.0,5.0,1.648142980400513
1.0,1.0,3.0,1.0,1.0,1.0,1.2885394909321675
1.0,1.0,3.0,1.0,1.0,2.0,1.2886448180847356
1.0,1.0,3.0,1.0,2.0,1.0,1.2885866409275921
1.0,1.0,3.0,1.0,2.0,2.0,1.288652565654139
1.0,1.0,3.0,1.0,3.0,1.0,1.2886207284311166
1.0,1.0,3.0,1.0,3.0,3.0,1.2886612874565093
1.0,1.0,3.0,1.0,4.0,3.0,1.3419882336148328
1.0,1.0,3.0,2.0,1.0,1.0,1.2886393125200493
1.0,1.0,3.0,2.0,1.0,2.0,1.2886580305812947
1.0,1.0,3.0,2.0,3.0,2.0,1.4383188714935868
1.0,1.0,3.0,2.0,3.0,3.0,1.4383189168669874
1.0,1.0,3.0,3.0,1.0,1.0,1.2886691375260804
1.0,1.0,3.0,3.0,1.0,2.0,1.2886796742967643
1.0,1.0,3.0,3.0,1.0,3.0,1.288689415175717
1.0,1.0,3.0,3.0,3.0,2.0,1.4383188930865196
1.0,1.0,3.0,3.0,3.0,3.0,1.4383189378420733
1.0,1.0,3.0,3.0,4.0,3.0,1.6863293983297853
1.0,1.0,3.0,3.0,4.0,4.0,1.6863294154326054
1.0,1.0,3.0,4.0,1.0,1.0,1.2886802986605737
1.0,1.0,3.0,4.0,1.0,3.0,1.2886917696994629
1.0,1.0,3.0,4.0,3.0,4.0,1.4383189427919507
1.0,1.0,3.0,5.0,3.0,3.0,1.4383189416061823
1.0,1.0,4.0,1.0,1.0,1.0,1.2886127031653483
1.0,1.0,4.0,2.0,2.0,3.0,1.2886574721756492
1.0,1.0,4.0,2.0,3.0,2.0,1.438318883154946
1.0,1.0,4.0,3.0,1.0,1.0,1.2886835782769988
1.0,1.0,4.0,3.0,1.0,2.0,1.288682792060003
1.0,1.0,4.0,3.0,3.0,3.0,1.438318907568732
1.0,1.0,4.0,4.0,1.0,1.0,1.2886841758999235
1.0,1.0,4.0,4.0,4.0,5.0,2.065180086580633
1.0,1.0,5.0,1.0,1.0,1.0,1.2886402742067506
1.0,1.0,5.0,4.0,4.0,4.0,2.0701157716283762
1.0,1.0,5.0,5.0,1.0,5.0,2.2663400023713534
1.0,1.0,5.0,5.0,5.0,5.0,2.2663400239745393
1.0,2.0,1.0,1.0,1.0,1.0,1.2858509448142155
1.0,2.0,1.0,1.0,1.0,2.0,1.2860395891811396
1.0,2.0,1.0,1.0,2.0,1.0,1.2860117368888693
1.0,2.0,1.0,1.0,2.0,2.0,1.286084132100405
1.0,2.0,1.0,1.0,2.0,3.0,1.286096450619977
1.0,2.0,1.0,1.0,3.0,1.0,1.2860575650441946
1.0,2.0,1.0,1.0,3.0,2.0,1.286094827378542
1.0,2.0,1.0,1.0,3.0,4.0,1.2861003651459544
1.0,2.0,1.0,1.0,4.0,1.0,1.2860726347701554
1.0,2.0,1.0,1.0,4.0,2.0,1.2860990661228058
1.0,2.0,1.0,1.0,4.0,4.0,1.286100731515673
1.0,2.0,1.0,2.0,1.0,1.0,1.2860341632461723
1.0,2.0,1.0,2.0,1.0,2.0,1.2860813678525747
1.0,2.0,1.0,2.0,2.0,1.0,1.2860792034493098
1.0,2.0,1.0,2.0,2.0,2.0,1.286090254200748
1.0,2.0,1.0,2.0,2.0,3.0,1.2861009103720058
1.0,2.0,1.0,2.0,3.0,1.0,1.286090759107069
1.0,2.0,1.0,2.0,3.0,2.0,1.2860979552566731
1.0,2.0,1.0,2.0,3.0,3.0,1.2861021550776124
1.0,2.0,1.0,2.0,4.0,2.0,1.2861011442397188
1.0,2.0,1.0,2.0,4.0,3.0,1.2861022039398913
1.0,2.0,1.0,3.0,1.0,1.0,1.2860734313222695
1.0,2.0,1.0,3.0,1.0,2.0,1.286094347113955
1.0,2.0,1.0,3.0,1.0,3.0,1.2860993922510577
1.0,2.0,1.0,3.0,2.0,1.0,1.2860890358458323
1.0,2.0,1.0,3.0,2.0,2.0,1.286095645679562
1.0,2.0,1.0,3.0,2.0,3.0,1.286103959698746
1.0,2.0,1.0,3.0,3.0,1.0,1.2860934888499969
1.0,2.0,1.0,3.0,3.0,2.0,1.2861023428104932
1.0,2.0,1.0,3.0,3.0,3.0,1.2861047523837539
1.0,2.0,1.0,3.0,3.0,5.0,1.3280518944426478
1.0,2.0,1.0,3.0,4.0,2.0,1.2944000535620344
1.0,2.0,1.0,3.0,4.0,3.0,1.2944000695484812
1.0,2.0,1.0,3.0,5.0,5.0,1.3280518917356838
1.0,2.0,1.0,4.0,1.0,1.0,1.2860862919303653
1.0,2.0,1.0,4.0,2.0,1.0,1.2860930835619273
1.0,2.0,1.0,4.0,2.0,2.0,1.2861000117919261
1.0,2.0,1.0,4.0,3.0,1.0,1.2860978989309446
1.0,2.0,1.0,4.0,3.0,2.0,1.286101480094783
1.0,2.0,1.0,4.0,3.0,3.0,1.2861037654360223
1.0,2.0,1.0,4.0,4.0,1.0,1.2861003192890084
1.0,2.0,1.0,4.0,4.0,2.0,1.328051834853488
1.0,2.0,1.0,4.0,4.0,3.0,1.3280518778314105
1.0,2.0,1.0,4.0,4.0,4.0,1.3280519045321755
1.0,2.0,1.0,5.0,2.0,4.0,1.286103743235171
1.0,2.0,1.0,5.0,2.0,5.0,1.384757410513465
1.0,2.0,1.0,5.0,3.0,3.0,1.286104252968241
1.0,2.0,1.0,5.0,4.0,4.0,1.3280518862324546
1.0,2.0,1.0,5.0,4.0,5.0,1.4577780005870415
1.0,2.0,1.0,5.0,5.0,3.0,1.457777995732835
1.0,2.0,1.0,5.0,5.0,5.0,1.45777799682078
1.0,2.0,2.0,1.0,1.0,1.0,1.288603593167252
1.0,2.0,2.0,1.0,1.0,2.0,1.2886401627768247
1.0,2.0,2.0,1.0,2.0,1.0,1.2886465827522422
1.0,2.0,2.0,1.0,2.0,2.0,1.2886536805163675
1.0,2.0,2.0,1.0,2.0,4.0,1.4969006680107593
1.0,2.0,2.0,1.0,3.0,1.0,1.2886665396330856
1.0,2.0,2.0,1.0,3.0,3.0,1.2886620035777507
1.0,2.0,2.0,1.0,4.0,2.0,1.468513410846191
1.0,2.0,2.0,1.0,4.0,3.0,1.4685133997575914
1.0,2.0,2.0,1.0,5.0,1.0,1.2886946975161202
1.0,2.0,2.0,2.0,1.0,1.0,1.2886540483990254
1.0,2.0,2.0,2.0,1.0,2.0,1.288666571267151
1.0,2.0,2.0,2.0,2.0,1.0,1.2886699342711128
1.0,2.0,2.0,2.0,2.0,2.0,1.288667776295357
1.0,2.0,2.0,2.0,2.0,3.0,1.3969084187177698
1.0,2.0,2.0,2.0,3.0,2.0,1.468513522769703
1.0,2.0,2.0,2.0,3.0,3.0,1.4685135534869072
1.0,2.0,2.0,2.0,4.0,2.0,1.4685134699140794
1.0,2.0,2.0,2.0,4.0,4.0,1.5719777121244534
1.0,2.0,2.0,3.0,1.0,1.0,1.2886777152951698
1.0,2.0,2.0,3.0,1.0,3.0,1.2886710271687465
1.0,2.0,2.0,3.0,2.0,1.0,1.288681529690122
1.0,2.0,2.0,3.0,2.0,2.0,1.2886746945177314
1.0,2.0,2.0,3.0,2.0,3.0,1.5648874569104816
1.0,2.0,2.0,3.0,3.0,1.0,1.3153261197962693
1.0,2.0,2.0,3.0,3.0,2.0,1.4913827486253697
1.0,2.0,2.0,3.0,3.0,3.0,1.5648874891430868
1.0,2.0,2.0,3.0,4.0,1.0,1.3153260851040813
1.0,2.0,2.0,3.0,4.0,3.0,1.6584994861550881
1.0,2.0,2.0,3.0,4.0,4.0,1.7819239414333172
1.0,2.0,2.0,3.0,5.0,1.0,1.3153260689502564
1.0,2.0,2.0,3.0,5.0,4.0,1.7819239361968864
1.0,2.0,2.0,4.0,1.0,1.0,1.2886862823688963
1.0,2.0,2.0,4.0,1.0,2.0,1.2887026236265529
1.0,2.0,2.0,4.0,1.0,3.0,1.3775814805493998
1.0,2.0,2.0,4.0,2.0,2.0,1.5648873307006013
1.0,2.0,2.0,4.0,2.0,3.0,1.5648873850000362
1.0,2.0,2.0,4.0,3.0,2.0,1.5648873649995507
1.0,2.0,2.0,4.0,3.0,3.0,1.5648874039036849
1.0,2.0,2.0,4.0,3.0,4.0,1.658499303114259
1.0,2.0,2.0,4.0,4.0,1.0,1.3831522250338573
1.0,2.0,2.0,4.0,4.0,3.0,1.6584994828710138
1.0,2.0,2.0,4.0,4.0,4.0,1.7819239616494085
1.0,2.0,2.0,4.0,5.0,4.0,1.8030745723733637
1.0,2.0,2.0,5.0,1.0,1.0,1.2886828824673533
1.0,2.0,2.0,5.0,1.0,3.0,1.3775814630349237
1.0,2.0,2.0,5.0,1.0,4.0,1.3775814820473868
1.0,2.0,2.0,5.0,1.0,5.0,1.6579300507010606
1.0,2.0,2.0,5.0,2.0,3.0,1.564887379093171
1.0,2.0,2.0,5.0,3.0,2.0,1.5648873750052767
1.0,2.0,2.0,5.0,3.0,3.0,1.5648873834202397
1.0,2.0,2.0,5.0,5.0,4.0,1.917317723580885
1.0,2.0,2.0,5.0,5.0,5.0,1.917317743554172
1.0,2.0,3.0,1.0,1.0,1.0,1.2886451537135397
1.0,2.0,3.0,1.0,2.0,1.0,1.2886559594223406
1.0,2.0,3.0,1.0,2.0,2.0,1.2886633059767798
1.0,2.0,3.0,1.0,3.0,1.0,1.2886653182476209
1.0,2.0,3.0,1.0,3.0,2.0,1.2886648039217858
1.0,2.0,3.0,1.0,3.0,3.0,1.2886634712050826
1.0,2.0,3.0,2.0,1.0,1.0,1.2886704068581913
1.0,2.0,3.0,2.0,1.0,2.0,1.2886799859877225
1.0,2.0,3.0,2.0,2.0,1.0,1.288683499000345
1.0,2.0,3.0,2.0,2.0,2.0,1.28867774506715
1.0,2.0,3.0,2.0,3.0,1.0,1.2886881766151324
1.0,2.0,3.0,2.0,3.0,3.0,1.5091621072409245
1.0,2.0,3.0,2.0,4.0,3.0,1.8918899145784012
1.0,2.0,3.0,3.0,1.0,1.0,1.2886819955576896
1.0,2.0,3.0,3.0,1.0,3.0,1.288690174414623
1.0,2.0,3.0,3.0,2.0,1.0,1.2886858016574485
1.0,2.0,3.0,3.0,2.0,2.0,1.2886818545370087
1.0,2.0,3.0,3.0,2.0,3.0,1.5648874336142082
1.0,2.0,3.0,3.0,3.0,2.0,1.5086184679868522
1.0,2.0,3.0,3.0,3.0,3.0,1.6413415982557316
1.0,2.0,3.0,3.0,3.0,4.0,1.6584992264844833
1.0,2.0,3.0,3.0,4.0,2.0,1.508618462030566
1.0,2.0,3.0,3.0,5.0,5.0,1.9173177196096325
1.0,2.0,3.0,4.0,1.0,1.0,1.288685248144465
1.0,2.0,3.0,4.0,1.0,2.0,1.2886900709000721
1.0,2.0,3.0,4.0,1.0,3.0,1.3831525221579584
1.0,2.0,3.0,4.0,2.0,2.0,1.5648873109077994
1.0,2.0,3.0,4.0,2.0,3.0,1.6413415794319377
1.0,2.0,3.0,4.0,2.0,4.0,1.6584992271062982
1.0,2.0,3.0,4.0,3.0,2.0,1.641341574000852
1.0,2.0,3.0,4.0,3.0,3.0,1.64134159259314
1.0,2.0,3.0,4.0,3.0,4.0,1.6584992514684493
1.0,2.0,3.0,4.0,4.0,3.0,1.8918899384470842
1.0,2.0,3.0,4.0,4.0,4.0,1.8918899557793174
1.0,2.0,3.0,4.0,5.0,3.0,1.9173176755071497
1.0,2.0,3.0,5.0,1.0,3.0,1.3831525246761898
1.0,2.0,3.0,5.0,1.0,4.0,1.499143632530338
1.0,2.0,3.0,5.0,1.0,5.0,1.657930063985847
1.0,2.0,3.0,5.0,3.0,5.0,1.6584992534687464
1.0,2.0,3.0,5.0,4.0,3.0,1.891889933509461
1.0,2.0,3.0,5.0,4.0,4.0,1.8918899463473136
1.0,2.0,3.0,5.0,5.0,3.0,1.9173177057551583
1.0,2.0,3.0,5.0,5.0,5.0,1.9173177280986833
1.0,2.0,4.0,1.0,1.0,1.0,1.2886582172755365
1.0,2.0,4.0,1.0,1.0,2.0,1.2886610676675114
1.0,2.0,4.0,1.0,3.0,1.0,1.2886629213013578
1.0,2.0,4.0,1.0,3.0,2.0,1.4685133997582123
1.0,2.0,4.0,2.0,1.0,3.0,1.288668546440129
1.0,2.0,4.0,2.0,5.0,4.0,2.0348640757842533
1.0,2.0,4.0,3.0,2.0,3.0,1.6413415150772768
1.0,2.0,4.0,4.0,2.0,3.0,1.6951036838233486
1.0,2.0,4.0,4.0,2.0,4.0,1.6951036816357685
1.0,2.0,4.0,4.0,4.0,4.0,1.9161689594144928
1.0,2.0,4.0,5.0,2.0,5.0,2.266340020505215
1.0,2.0,5.0,1.0,1.0,1.0,1.2886685940768423
1.0,2.0,5.0,5.0,5.0,1.0,2.0427926546882085
1.0,3.0,1.0,1.0,1.0,1.0,1.2851161448644188
1.0,3.0,1.0,1.0,1.0,2.0,1.2860828929730006
1.0,3.0,1.0,1.0,1.0,3.0,1.2860965009241783
1.0,3.0,1.0,1.0,2.0,1.0,1.2860791537100753
1.0,3.0,1.0,1.0,2.0,2.0,1.2860926544531568
1.0,3.0,1.0,1.0,2.0,3.0,1.2860990869672533
1.0,3.0,1.0,1.0,3.0,1.0,1.2860878647382648
1.0,3.0,1.0,1.0,3.0,2.0,1.2860982496803341
1.0,3.0,1.0,1.0,3.0,3.0,1.286102225658651
1.0,3.0,1.0,1.0,4.0,1.0,1.2860857705409134
1.0,3.0,1.0,1.0,4.0,2.0,1.2861013832029315
1.0,3.0,1.0,1.0,4.0,3.0,1.286102690313834
1.0,3.0,1.0,1.0,4.0,4.0,1.2861019923895902
1.0,3.0,1.0,1.0,4.0,5.0,1.4577780061034777
1.0,3.0,1.0,1.0,5.0,1.0,1.2860887260347371
1.0,3.0,1.0,1.0,5.0,3.0,1.2861035774751124
1.0,3.0,1.0,2.0,1.0,1.0,1.2860796671812242
1.0,3.0,1.0,2.0,1.0,2.0,1.2860901373271374
1.0,3.0,1.0,2.0,1.0,3.0,1.2861003725973517
1.0,3.0,1.0,2.0,2.0,1.0,1.2860929858665626
1.0,3.0,1.0,2.0,2.0,2.0,1.2860966649758294
1.0,3.0,1.0,2.0,2.0,3.0,1.2861023477547482
1.0,3.0,1.0,2.0,3.0,1.0,1.2860976435055482
1.0,3.0,1.0,2.0,3.0,2.0,1.286102442775541
1.0,3.0,1.0,2.0,3.0,3.0,1.2861049675630989
1.0,3.0,1.0,2.0,3.0,4.0,1.2861044946119464
1.0,3.0,1.0,2.0,4.0,1.0,1.2861021713282912
1.0,3.0,1.0,2.0,4.0,2.0,1.2861030719024593
1.0,3.0,1.0,2.0,4.0,3.0,1.2861034556847155
1.0,3.0,1.0,2.0,5.0,1.0,1.2861032902709597
1.0,3.0,1.0,2.0,5.0,2.0,1.2861036299202515
1.0,3.0,1.0,3.0,1.0,1.0,1.286090715789685
1.0,3.0,1.0,3.0,1.0,2.0,1.286096998588273
1.0,3.0,1.0,3.0,1.0,3.0,1.2861025739511769
1.0,3.0,1.0,3.0,1.0,4.0,1.2861045812438814
1.0,3.0,1.0,3.0,1.0,5.0,1.3280518997034394
1.0,3.0,1.0,3.0,2.0,1.0,1.286097660628945
1.0,3.0,1.0,3.0,2.0,2.0,1.2860989473886038
1.0,3.0,1.0,3.0,2.0,3.0,1.2861077503177778
1.0,3.0,1.0,3.0,3.0,1.0,1.2861010463646307
1.0,3.0,1.0,3.0,3.0,2.0,1.2861054512090642
1.0,3.0,1.0,3.0,3.0,3.0,1.286110877911252
1.0,3.0,1.0,3.0,3.0,4.0,1.2861078513443598
1.0,3.0,1.0,3.0,4.0,1.0,1.2861025654223617
1.0,3.0,1.0,3.0,4.0,2.0,1.2944000751753235
1.0,3.0,1.0,3.0,4.0,3.0,1.2944000841360488
1.0,3.0,1.0,3.0,4.0,4.0,1.328051962852179
1.0,3.0,1.0,3.0,5.0,2.0,1.2944000826087227
1.0,3.0,1.0,3.0,5.0,3.0,1.2944000925212624
1.0,3.0,1.0,4.0,1.0,1.0,1.2860967457796002
1.0,3.0,1.0,4.0,1.0,2.0,1.2861033526185526
1.0,3.0,1.0,4.0,1.0,3.0,1.2861043793639573
1.0,3.0,1.0,4.0,2.0,1.0,1.2860988834086589
1.0,3.0,1.0,4.0,2.0,2.0,1.2861020670960994
1.0,3.0,1.0,4.0,2.0,3.0,1.328051958681823
1.0,3.0,1.0,4.0,2.0,4.0,1.328051955520826
1.0,3.0,1.0,4.0,3.0,1.0,1.2861008630869766
1.0,3.0,1.0,4.0,3.0,2.0,1.2861031004174281
1.0,3.0,1.0,4.0,3.0,3.0,1.3280519900238503
1.0,3.0,1.0,4.0,3.0,4.0,1.328051966496563
1.0,3.0,1.0,4.0,3.0,5.0,1.3280519322886364
1.0,3.0,1.0,4.0,4.0,1.0,1.2861024729338415
1.0,3.0,1.0,4.0,4.0,3.0,1.328051955305254
1.0,3.0,1.0,4.0,4.0,4.0,1.32805196529729
1.0,3.0,1.0,4.0,5.0,1.0,1.2861038197298424
1.0,3.0,1.0,4.0,5.0,5.0,1.4577780241129932
1.0,3.0,1.0,5.0,1.0,1.0,1.2860966427165537
1.0,3.0,1.0,5.0,1.0,3.0,1.2861051819197555
1.0,3.0,1.0,5.0,1.0,4.0,1.2861056135472255
1.0,3.0,1.0,5.0,2.0,2.0,1.286102872060492
1.0,3.0,1.0,5.0,2.0,4.0,1.384757437828639
1.0,3.0,1.0,5.0,3.0,1.0,1.2860963898671294
1.0,3.0,1.0,5.0,3.0,3.0,1.3280520049090339
1.0,3.0,1.0,5.0,3.0,5.0,1.3847574308845196
1.0,3.0,1.0,5.0,4.0,1.0,1.3280516369217303
1.0,3.0,1.0,5.0,4.0,4.0,1.3847574638554503
1.0,3.0,1.0,5.0,5.0,1.0,1.3280516683111938
1.0,3.0,1.0,5.0,5.0,2.0,1.3280517498917792
1.0,3.0,1.0,5.0,5.0,3.0,1.457778016300763
1.0,3.0,1.0,5.0,5.0,5.0,1.4577780260291269
1.0,3.0,2.0,1.0,1.0,1.0,1.288708875095082
1.0,3.0,2.0,1.0,1.0,2.0,1.2886864308008525
1.0,3.0,2.0,1.0,1.0,3.0,1.2886952033418766
1.0,3.0,2.0,1.0,2.0,1.0,1.2887158221648205
1.0,3.0,2.0,1.0,2.0,2.0,1.2946660972004442
1.0,3.0,2.0,1.0,2.0,3.0,1.3769668443557008
1.0,3.0,2.0,1.0,3.0,1.0,1.2887202867159515
1.0,3.0,2.0,1.0,3.0,2.0,1.3769668616766022
1.0,3.0,2.0,1.0,3.0,3.0,1.3769668641274802
1.0,3.0,2.0,1.0,4.0,1.0,1.288731616305587
1.0,3.0,2.0,1.0,4.0,2.0,1.4685134470363495
1.0,3.0,2.0,1.0,5.0,5.0,1.5719777142733053
1.0,3.0,2.0,2.0,1.0,1.0,1.2887062429050582
1.0,3.0,2.0,2.0,1.0,2.0,1.2886964506439518
1.0,3.0,2.0,2.0,1.0,3.0,1.2887002456733343
1.0,3.0,2.0,2.0,2.0,1.0,1.288702052062954
1.0,3.0,2.0,2.0,2.0,2.0,1.2946661306295164
1.0,3.0,2.0,2.0,2.0,3.0,1.396908448753977
1.0,3.0,2.0,2.0,2.0,4.0,1.496900680358207
1.0,3.0,2.0,2.0,3.0,1.0,1.2887054945167955
1.0,3.0,2.0,2.0,3.0,2.0,1.4685135471287223
1.0,3.0,2.0,2.0,3.0,3.0,1.564887601149943
1.0,3.0,2.0,2.0,4.0,2.0,1.4685134879281136
1.0,3.0,2.0,2.0,4.0,3.0,1.5719777012896199
1.0,3.0,2.0,2.0,4.0,4.0,1.571977720176415
1.0,3.0,2.0,2.0,5.0,1.0,1.2887197556180514
1.0,3.0,2.0,2.0,5.0,3.0,1.7819239506573796
1.0,3.0,2.0,3.0,1.0,1.0,1.2887021989036582
1.0,3.0,2.0,3.0,1.0,2.0,1.2887076691939015
1.0,3.0,2.0,3.0,1.0,3.0,1.2946375801596863
1.0,3.0,2.0,3.0,1.0,4.0,1.379257122312654
1.0,3.0,2.0,3.0,2.0,1.0,1.2886971774881026
1.0,3.0,2.0,3.0,2.0,2.0,1.5080718700231632
1.0,3.0,2.0,3.0,2.0,3.0,1.5648875348103477
1.0,3.0,2.0,3.0,3.0,1.0,1.3153261917335333
1.0,3.0,2.0,3.0,3.0,2.0,1.5080719166027943
1.0,3.0,2.0,3.0,3.0,3.0,1.5648876195378194
1.0,3.0,2.0,3.0,3.0,4.0,1.6584993632937544
1.0,3.0,2.0,3.0,4.0,2.0,1.50807189688932
1.0,3.0,2.0,3.0,4.0,3.0,1.6584995112259155
1.0,3.0,2.0,3.0,4.0,4.0,1.7819239633604491
1.0,3.0,2.0,3.0,5.0,2.0,1.6584993488737276
1.0,3.0,2.0,3.0,5.0,4.0,1.7819239483778595
1.0,3.0,2.0,3.0,5.0,5.0,1.7819239563935627
1.0,3.0,2.0,4.0,1.0,1.0,1.2886969346074402
1.0,3.0,2.0,4.0,1.0,2.0,1.2887085099354327
1.0,3.0,2.0,4.0,1.0,3.0,1.3831525913321105
1.0,3.0,2.0,4.0,1.0,4.0,1.3831526342865268
1.0,3.0,2.0,4.0,2.0,1.0,1.2886956415282074
1.0,3.0,2.0,4.0,2.0,2.0,1.580382694030866
1.0,3.0,2.0,4.0,2.0,3.0,1.5803826939190981
1.0,3.0,2.0,4.0,2.0,4.0,1.6584993710608884
1.0,3.0,2.0,4.0,3.0,1.0,1.3831522436636072
1.0,3.0,2.0,4.0,3.0,2.0,1.6006942710108514
1.0,3.0,2.0,4.0,3.0,3.0,1.6006943085246248
1.0,3.0,2.0,4.0,3.0,4.0,1.6584993727417876
1.0,3.0,2.0,4.0,4.0,2.0,1.6584993661923977
1.0,3.0,2.0,4.0,4.0,3.0,1.6584994964469308
1.0,3.0,2.0,4.0,4.0,4.0,1.8030746014354413
1.0,3.0,2.0,4.0,5.0,3.0,1.781923957888715
1.0,3.0,2.0,4.0,5.0,4.0,1.8030745871033058
1.0,3.0,2.0,4.0,5.0,5.0,1.8030745978749971
1.0,3.0,2.0,5.0,1.0,2.0,1.4991436041402886
1.0,3.0,2.0,5.0,1.0,3.0,1.4991436271740135
1.0,3.0,2.0,5.0,1.0,5.0,1.6579300849789211
1.0,3.0,2.0,5.0,2.0,1.0,1.2886904440370501
1.0,3.0,2.0,5.0,2.0,2.0,1.5803826884641468
1.0,3.0,2.0,5.0,2.0,3.0,1.6584994103297424
1.0,3.0,2.0,5.0,2.0,4.0,1.6584993854495313
1.0,3.0,2.0,5.0,3.0,4.0,1.6584993874417804
1.0,3.0,2.0,5.0,3.0,5.0,1.6584993973056943
1.0,3.0,2.0,5.0,4.0,2.0,1.6584993901174023
1.0,3.0,2.0,5.0,4.0,3.0,1.6584994342017516
1.0,3.0,2.0,5.0,4.0,4.0,1.8030746095537418
1.0,3.0,2.0,5.0,5.0,3.0,2.0084436182888767
1.0,3.0,2.0,5.0,5.0,4.0,2.242126868901677
1.0,3.0,2.0,5.0,5.0,5.0,2.242126882134009
1.0,3.0,3.0,1.0,1.0,1.0,1.2887148602582723
1.0,3.0,3.0,1.0,1.0,2.0,1.2886891133614524
1.0,3.0,3.0,1.0,1.0,3.0,1.2886944148805022
1.0,3.0,3.0,1.0,2.0,1.0,1.2887131927368412
1.0,3.0,3.0,1.0,2.0,2.0,1.2946660778488905
1.0,3.0,3.0,1.0,2.0,3.0,1.3769668655854865
1.0,3.0,3.0,1.0,3.0,1.0,1.288718642355961
1.0,3.0,3.0,1.0,3.0,2.0,1.3769668930742425
1.0,3.0,3.0,1.0,3.0,3.0,1.376966906955663
1.0,3.0,3.0,1.0,4.0,1.0,1.2887323489847329
1.0,3.0,3.0,1.0,4.0,2.0,1.4685134363078551
1.0,3.0,3.0,1.0,4.0,3.0,1.5719776595500772
1.0,3.0,3.0,1.0,4.0,4.0,1.8787328210038245
1.0,3.0,3.0,1.0,5.0,2.0,1.468513425128012
1.0,3.0,3.0,1.0,5.0,3.0,1.5719776541460233
1.0,3.0,3.0,1.0,5.0,5.0,2.3543129156179865
1.0,3.0,3.0,2.0,1.0,1.0,1.2887044608564533
1.0,3.0,3.0,2.0,1.0,2.0,1.288694104267307
1.0,3.0,3.0,2.0,1.0,3.0,1.3792571174719848
1.0,3.0,3.0,2.0,2.0,1.0,1.288702309766382
1.0,3.0,3.0,2.0,2.0,2.0,1.4449783806692547
1.0,3.0,3.0,2.0,2.0,3.0,1.6413415622989933
1.0,3.0,3.0,2.0,3.0,1.0,1.2887061922330747
1.0,3.0,3.0,2.0,3.0,2.0,1.468513511699474
1.0,3.0,3.0,2.0,3.0,3.0,1.6413415867053258
1.0,3.0,3.0,2.0,4.0,1.0,1.3482027650041146
1.0,3.0,3.0,2.0,4.0,2.0,1.4685134694957882
1.0,3.0,3.0,2.0,4.0,3.0,1.8918899318756959
1.0,3.0,3.0,2.0,4.0,4.0,1.91211865657289
1.0,3.0,3.0,2.0,5.0,5.0,2.3543129388696045
1.0,3.0,3.0,3.0,1.0,1.0,1.288701325705086
1.0,3.0,3.0,3.0,1.0,2.0,1.2887038144021088
1.0,3.0,3.0,3.0,1.0,3.0,1.379257131322362
1.0,3.0,3.0,3.0,2.0,1.0,1.288697784256235
1.0,3.0,3.0,3.0,2.0,2.0,1.5803827778998425
1.0,3.0,3.0,3.0,2.0,3.0,1.6413415933195374
1.0,3.0,3.0,3.0,3.0,1.0,1.3153262383748567
1.0,3.0,3.0,3.0,3.0,2.0,1.641341599219793
1.0,3.0,3.0,3.0,3.0,3.0,1.6413416434208672
1.0,3.0,3.0,3.0,3.0,4.0,1.9006244001664747
1.0,3.0,3.0,3.0,4.0,1.0,1.3482027880609642
1.0,3.0,3.0,3.0,4.0,3.0,1.8918899546289716
1.0,3.0,3.0,3.0,4.0,4.0,1.9121186694440693
1.0,3.0,3.0,3.0,4.0,5.0,2.236905401770223
1.0,3.0,3.0,3.0,5.0,4.0,2.0348640868336147
1.0,3.0,3.0,3.0,5.0,5.0,2.3543129796723923
1.0,3.0,3.0,4.0,1.0,1.0,1.3831523961747432
1.0,3.0,3.0,4.0,1.0,2.0,1.3831524569758342
1.0,3.0,3.0,4.0,1.0,3.0,1.3831525515727536
1.0,3.0,3.0,4.0,1.0,4.0,1.4991436697317768
1.0,3.0,3.0,4.0,1.0,5.0,1.6579300655066835
1.0,3.0,3.0,4.0,2.0,2.0,1.5803827218537796
1.0,3.0,3.0,4.0,2.0,3.0,1.6413415991020925
1.0,3.0,3.0,4.0,2.0,4.0,1.9006243460249157
1.0,3.0,3.0,4.0,3.0,1.0,1.3831523032846016
1.0,3.0,3.0,4.0,3.0,2.0,1.6413415964311926
1.0,3.0,3.0,4.0,3.0,3.0,1.641341631644849
1.0,3.0,3.0,4.0,3.0,4.0,1.9006243961168183
1.0,3.0,3.0,4.0,4.0,1.0,1.3831522839951784
1.0,3.0,3.0,4.0,4.0,2.0,1.6584993432424966
1.0,3.0,3.0,4.0,4.0,3.0,1.8918899882540496
1.0,3.0,3.0,4.0,4.0,4.0,1.9161690420607715
1.0,3.0,3.0,4.0,5.0,4.0,2.0348640908358164
1.0,3.0,3.0,4.0,5.0,5.0,2.35431300303327
1.0,3.0,3.0,5.0,1.0,1.0,1.4509614421062824
1.0,3.0,3.0,5.0,1.0,3.0,1.499143652167219
1.0,3.0,3.0,5.0,1.0,4.0,1.4991436567250433
1.0,3.0,3.0,5.0,1.0,5.0,1.657930075782113
1.0,3.0,3.0,5.0,2.0,1.0,1.4509614641438675
1.0,3.0,3.0,5.0,2.0,2.0,1.5803827023508168
1.0,3.0,3.0,5.0,2.0,3.0,1.7592108052931856
1.0,3.0,3.0,5.0,2.0,5.0,2.236905389656586
1.0,3.0,3.0,5.0,3.0,3.0,1.7592108245295297
1.0,3.0,3.0,5.0,3.0,4.0,1.9336243695733069
1.0,3.0,3.0,5.0,3.0,5.0,2.236905410929481
1.0,3.0,3.0,5.0,4.0,1.0,1.4509614711407912
1.0,3.0,3.0,5.0,4.0,2.0,1.9336243745668067
1.0,3.0,3.0,5.0,4.0,4.0,1.933624390518319
1.0,3.0,3.0,5.0,4.0,5.0,2.2369054247171323
1.0,3.0,3.0,5.0,5.0,1.0,1.450961473673372
1.0,3.0,3.0,5.0,5.0,3.0,2.2202428752436463
1.0,3.0,3.0,5.0,5.0,4.0,2.2421268643277044
1.0,3.0,3.0,5.0,5.0,5.0,2.5595357140363095
1.0,3.0,4.0,1.0,1.0,1.0,1.288699417396788
1.0,3.0,4.0,1.0,2.0,1.0,1.2887106829108914
1.0,3.0,4.0,1.0,3.0,3.0,1.4685133791467642
1.0,3.0,4.0,2.0,1.0,2.0,1.2886884416660325
1.0,3.0,4.0,2.0,3.0,1.0,1.2887096262086295
1.0,3.0,4.0,2.0,3.0,2.0,1.4685134500067156
1.0,3.0,4.0,2.0,3.0,3.0,1.6413415573098824
1.0,3.0,4.0,2.0,4.0,2.0,1.4685134527497594
1.0,3.0,4.0,2.0,4.0,3.0,1.8918899245476388
1.0,3.0,4.0,3.0,2.0,3.0,1.6413415534771842
1.0,3.0,4.0,3.0,2.0,4.0,1.9006242985540698
1.0,3.0,4.0,3.0,3.0,3.0,1.6413415686549722
1.0,3.0,4.0,3.0,4.0,3.0,1.8918899255841322
1.0,3.0,4.0,3.0,4.0,4.0,1.9121186694389367
1.0,3.0,4.0,4.0,1.0,1.0,1.3831524008595968
1.0,3.0,4.0,4.0,1.0,3.0,1.3831524923214487
1.0,3.0,4.0,4.0,1.0,4.0,1.7765428002396162
1.0,3.0,4.0,4.0,3.0,3.0,1.6951037010045158
1.0,3.0,4.0,4.0,3.0,4.0,1.9161689441482406
1.0,3.0,4.0,4.0,4.0,1.0,1.383152335135502
1.0,3.0,4.0,4.0,4.0,3.0,1.9161689427541064
1.0,3.0,4.0,4.0,4.0,4.0,1.9161689815597802
1.0,3.0,4.0,4.0,5.0,2.0,1.6584993431498656
1.0,3.0,4.0,4.0,5.0,4.0,2.0348640899964194
1.0,3.0,4.0,4.0,5.0,5.0,2.3543130058666994
1.0,3.0,4.0,5.0,1.0,5.0,2.057285084140886
1.0,3.0,4.0,5.0,3.0,4.0,1.9336243729387128
1.0,3.0,4.0,5.0,4.0,4.0,2.281883434243035
1.0,3.0,4.0,5.0,4.0,5.0,2.28188343395747
1.0,3.0,4.0,5.0,5.0,5.0,2.5595357094703597
1.0,3.0,5.0,2.0,3.0,3.0,1.6413415409671106
1.0,3.0,5.0,2.0,5.0,5.0,2.559535675684039
1.0,3.0,5.0,3.0,1.0,1.0,1.2886958764139123
1.0,3.0,5.0,3.0,1.0,2.0,1.2886968303500896
1.0,3.0,5.0,3.0,1.0,3.0,1.3792571086347583
1.0,3.0,5.0,3.0,3.0,3.0,1.6413415456999725
1.0,3.0,5.0,3.0,4.0,3.0,1.891889917077715
1.0,3.0,5.0,3.0,4.0,4.0,2.42823329153136
1.0,3.0,5.0,4.0,3.0,3.0,2.0605127418829685
1.0,3.0,5.0,4.0,4.0,3.0,2.0605127605024323
1.0,3.0,5.0,5.0,1.0,3.0,1.776542783931597
1.0,3.0,5.0,5.0,1.0,4.0,1.7765428030185462
1.0,3.0,5.0,5.0,1.0,5.0,2.2663400196677723
1.0,3.0,5.0,5.0,2.0,4.0,1.9006243212798906
1.0,3.0,5.0,5.0,3.0,5.0,2.2663400330921966
1.0,3.0,5.0,5.0,4.0,4.0,2.4282333010120953
1.0,3.0,5.0,5.0,5.0,3.0,2.2202428757050967
1.0,3.0,5.0,5.0,5.0,5.0,2.798310708764761
1.0,4.0,1.0,1.0,1.0,1.0,1.2846122187234263
1.0,4.0,1.0,1.0,1.0,2.0,1.286092467940919
1.0,4.0,1.0,1.0,1.0,3.0,1.286101438121925
1.0,4.0,1.0,1.0,1.0,4.0,1.286103491985628
1.0,4.0,1.0,1.0,2.0,1.0,1.2860995227358019
1.0,4.0,1.0,1.0,2.0,2.0,1.2861015884685754
1.0,4.0,1.0,1.0,2.0,3.0,1.2861027947351855
1.0,4.0,1.0,1.0,3.0,1.0,1.2861001397251075
1.0,4.0,1.0,1.0,3.0,2.0,1.28610325770255
1.0,4.0,1.0,1.0,3.0,3.0,1.286105196868134
1.0,4.0,1.0,1.0,3.0,4.0,1.2861070245941872
1.0,4.0,1.0,1.0,4.0,1.0,1.286095244313168
1.0,4.0,1.0,1.0,4.0,2.0,1.2861043712492763
1.0,4.0,1.0,1.0,4.0,3.0,1.28610466751352
1.0,4.0,1.0,1.0,4.0,4.0,1.2861078836910982
1.0,4.0,1.0,2.0,1.0,1.0,1.2860956478817782
1.0,4.0,1.0,2.0,1.0,2.0,1.286097862734438
1.0,4.0,1.0,2.0,1.0,3.0,1.2861014887805093
1.0,4.0,1.0,2.0,2.0,1.0,1.2861015828507554
1.0,4.0,1.0,2.0,2.0,2.0,1.286102472029096
1.0,4.0,1.0,2.0,2.0,3.0,1.2861049963176518
1.0,4.0,1.0,2.0,3.0,1.0,1.2861028839248942
1.0,4.0,1.0,2.0,3.0,2.0,1.2861047847425713
1.0,4.0,1.0,2.0,3.0,3.0,1.2861066580330576
1.0,4.0,1.0,2.0,4.0,2.0,1.286105016313527
1.0,4.0,1.0,2.0,4.0,3.0,1.286106862712638
1.0,4.0,1.0,2.0,4.0,4.0,1.2861077187261272
1.0,4.0,1.0,2.0,5.0,1.0,1.28610375118377
1.0,4.0,1.0,2.0,5.0,5.0,1.4577780247319134
1.0,4.0,1.0,3.0,1.0,1.0,1.2861009914303405
1.0,4.0,1.0,3.0,1.0,2.0,1.2861013167041526
1.0,4.0,1.0,3.0,1.0,3.0,1.2861034929976174
1.0,4.0,1.0,3.0,2.0,1.0,1.2861021049359058
1.0,4.0,1.0,3.0,2.0,2.0,1.286102050871502
1.0,4.0,1.0,3.0,2.0,3.0,1.2861091401937295
1.0,4.0,1.0,3.0,2.0,4.0,1.328051945174257
1.0,4.0,1.0,3.0,3.0,1.0,1.2861044977659732
1.0,4.0,1.0,3.0,3.0,2.0,1.2861065039256256
1.0,4.0,1.0,3.0,3.0,3.0,1.286110774887189
1.0,4.0,1.0,3.0,3.0,4.0,1.3280519665797035
1.0,4.0,1.0,3.0,4.0,1.0,1.2861042606031048
1.0,4.0,1.0,3.0,4.0,2.0,1.294400089386941
1.0,4.0,1.0,3.0,4.0,3.0,1.2944001122302016
1.0,4.0,1.0,3.0,4.0,4.0,1.3280519818469358
1.0,4.0,1.0,3.0,5.0,3.0,1.2944001028732772
1.0,4.0,1.0,3.0,5.0,4.0,1.328051984125648
1.0,4.0,1.0,4.0,1.0,1.0,1.2861028745837857
1.0,4.0,1.0,4.0,1.0,2.0,1.2861042563911842
1.0,4.0,1.0,4.0,1.0,3.0,1.2861051645331179
1.0,4.0,1.0,4.0,1.0,4.0,1.2861052473799108
1.0,4.0,1.0,4.0,2.0,1.0,1.286102352113322
1.0,4.0,1.0,4.0,2.0,2.0,1.2861033197351717
1.0,4.0,1.0,4.0,2.0,3.0,1.3280519639383337
1.0,4.0,1.0,4.0,3.0,1.0,1.2861040062205913
1.0,4.0,1.0,4.0,3.0,2.0,1.2861050401874878
1.0,4.0,1.0,4.0,3.0,3.0,1.3280519808403992
1.0,4.0,1.0,4.0,3.0,4.0,1.3280519827296968
1.0,4.0,1.0,4.0,3.0,5.0,1.3280519597018527
1.0,4.0,1.0,4.0,4.0,1.0,1.286104488484828
1.0,4.0,1.0,4.0,4.0,2.0,1.328051898816746
1.0,4.0,1.0,4.0,4.0,3.0,1.3280519657634142
1.0,4.0,1.0,4.0,4.0,4.0,1.3280520098438664
1.0,4.0,1.0,4.0,4.0,5.0,1.4577780144897605
1.0,4.0,1.0,5.0,1.0,1.0,1.2861028297249826
1.0,4.0,1.0,5.0,1.0,2.0,1.2861040526541914
1.0,4.0,1.0,5.0,2.0,1.0,1.328051540167935
1.0,4.0,1.0,5.0,2.0,2.0,1.328051533760632
1.0,4.0,1.0,5.0,3.0,1.0,1.3280515918480238
1.0,4.0,1.0,5.0,3.0,2.0,1.425481772215505
1.0,4.0,1.0,5.0,3.0,3.0,1.4254817788985183
1.0,4.0,1.0,5.0,3.0,5.0,1.4254817890005074
1.0,4.0,1.0,5.0,4.0,1.0,1.3280516248550491
1.0,4.0,1.0,5.0,4.0,4.0,1.457778003232204
1.0,4.0,1.0,5.0,4.0,5.0,1.4577780212954434
1.0,4.0,1.0,5.0,5.0,5.0,1.457778041965827
1.0,4.0,2.0,1.0,1.0,1.0,1.2887500889487276
1.0,4.0,2.0,1.0,1.0,2.0,1.3769667853961138
1.0,4.0,2.0,1.0,1.0,3.0,1.3769668067053664
1.0,4.0,2.0,1.0,2.0,1.0,1.28874885601497
1.0,4.0,2.0,1.0,2.0,2.0,1.3769668085032623
1.0,4.0,2.0,1.0,3.0,1.0,1.2887528353325146
1.0,4.0,2.0,1.0,3.0,2.0,1.3769668521311456
1.0,4.0,2.0,1.0,3.0,3.0,1.3769668469149579
1.0,4.0,2.0,1.0,3.0,4.0,1.5719777123787333
1.0,4.0,2.0,1.0,4.0,1.0,1.2887436143505415
1.0,4.0,2.0,1.0,4.0,2.0,1.4685134631201384
1.0,4.0,2.0,1.0,4.0,3.0,1.5719776924906945
1.0,4.0,2.0,1.0,4.0,4.0,1.5719777092511187
1.0,4.0,2.0,1.0,4.0,5.0,1.5719777270807203
1.0,4.0,2.0,1.0,5.0,2.0,1.5719777505039294
1.0,4.0,2.0,1.0,5.0,5.0,1.5719777377597088
1.0,4.0,2.0,2.0,1.0,1.0,1.2887343022241533
1.0,4.0,2.0,2.0,1.0,2.0,1.3792571357144139
1.0,4.0,2.0,2.0,1.0,3.0,1.3792571340299935
1.0,4.0,2.0,2.0,2.0,1.0,1.3792571648530427
1.0,4.0,2.0,2.0,2.0,2.0,1.3792572004871286
1.0,4.0,2.0,2.0,2.0,3.0,1.5648875641169697
1.0,4.0,2.0,2.0,3.0,1.0,1.4209765842245292
1.0,4.0,2.0,2.0,3.0,2.0,1.468513570595645
1.0,4.0,2.0,2.0,3.0,3.0,1.5648875908193935
1.0,4.0,2.0,2.0,3.0,4.0,1.5719777204479974
1.0,4.0,2.0,2.0,4.0,1.0,1.420976593874518
1.0,4.0,2.0,2.0,4.0,2.0,1.4685135132319527
1.0,4.0,2.0,2.0,4.0,3.0,1.7819239786926029
1.0,4.0,2.0,2.0,5.0,3.0,1.7819239648916454
1.0,4.0,2.0,3.0,1.0,1.0,1.379257118160638
1.0,4.0,2.0,3.0,1.0,2.0,1.3792571376596519
1.0,4.0,2.0,3.0,1.0,3.0,1.379257151599735
1.0,4.0,2.0,3.0,1.0,5.0,1.379257136138937
1.0,4.0,2.0,3.0,2.0,1.0,1.393272986825565
1.0,4.0,2.0,3.0,2.0,2.0,1.508071894619733
1.0,4.0,2.0,3.0,2.0,3.0,1.5648875560351707
1.0,4.0,2.0,3.0,2.0,4.0,1.658499307589073
1.0,4.0,2.0,3.0,3.0,1.0,1.4209765999122357
1.0,4.0,2.0,3.0,3.0,2.0,1.5080719111472267
1.0,4.0,2.0,3.0,3.0,3.0,1.5867437767785457
1.0,4.0,2.0,3.0,3.0,4.0,1.6584993519531204
1.0,4.0,2.0,3.0,4.0,1.0,1.4209766032547648
1.0,4.0,2.0,3.0,4.0,2.0,1.5080719022866833
1.0,4.0,2.0,3.0,4.0,3.0,1.7819240009177868
1.0,4.0,2.0,3.0,4.0,4.0,1.781924013975504
1.0,4.0,2.0,3.0,4.0,5.0,2.2421268678060526
1.0,4.0,2.0,3.0,5.0,4.0,2.019565252781803
1.0,4.0,2.0,4.0,1.0,1.0,1.3792570946588358
1.0,4.0,2.0,4.0,1.0,2.0,1.3792571115304115
1.0,4.0,2.0,4.0,1.0,3.0,1.383152598901507
1.0,4.0,2.0,4.0,2.0,1.0,1.3932729969457662
1.0,4.0,2.0,4.0,2.0,2.0,1.6584993864638786
1.0,4.0,2.0,4.0,2.0,3.0,1.6584994022377963
1.0,4.0,2.0,4.0,3.0,1.0,1.420976615913405
1.0,4.0,2.0,4.0,3.0,2.0,1.6584994067628034
1.0,4.0,2.0,4.0,3.0,3.0,1.6584994348908093
1.0,4.0,2.0,4.0,3.0,4.0,1.6584994140206957
1.0,4.0,2.0,4.0,4.0,1.0,1.420976620540395
1.0,4.0,2.0,4.0,4.0,2.0,1.658499383848485
1.0,4.0,2.0,4.0,4.0,3.0,1.7819240160244227
1.0,4.0,2.0,4.0,4.0,4.0,1.8363991708406382
1.0,4.0,2.0,4.0,5.0,2.0,1.6584993747421581
1.0,4.0,2.0,4.0,5.0,4.0,2.0328589987282037
1.0,4.0,2.0,5.0,1.0,1.0,1.379257084767436
1.0,4.0,2.0,5.0,1.0,2.0,1.4991436038713875
1.0,4.0,2.0,5.0,1.0,4.0,1.6579300912558714
1.0,4.0,2.0,5.0,3.0,3.0,1.658499428628171
1.0,4.0,2.0,5.0,3.0,4.0,1.8086615720386428
1.0,4.0,2.0,5.0,4.0,3.0,1.781924025282681
1.0,4.0,2.0,5.0,4.0,4.0,1.8645579183652081
1.0,4.0,2.0,5.0,4.0,5.0,2.242126888449597
1.0,4.0,2.0,5.0,5.0,2.0,1.6584993863733726
1.0,4.0,2.0,5.0,5.0,4.0,2.242126879915569
1.0,4.0,2.0,5.0,5.0,5.0,2.2421268975852975
1.0,4.0,3.0,1.0,1.0,1.0,1.2887429671491768
1.0,4.0,3.0,1.0,1.0,2.0,1.3769667900084896
1.0,4.0,3.0,1.0,1.0,3.0,1.376966796247143
1.0,4.0,3.0,1.0,2.0,1.0,1.2887412372923568
1.0,4.0,3.0,1.0,2.0,2.0,1.3769667961709582
1.0,4.0,3.0,1.0,3.0,1.0,1.2887459432408392
1.0,4.0,3.0,1.0,3.0,2.0,1.4685134185544344
1.0,4.0,3.0,1.0,3.0,3.0,1.4685134111181626
1.0,4.0,3.0,1.0,4.0,1.0,1.288741444619053
1.0,4.0,3.0,1.0,4.0,2.0,1.4685134346540925
1.0,4.0,3.0,1.0,4.0,3.0,1.5719776866042345
1.0,4.0,3.0,1.0,4.0,4.0,1.8787328424440848
1.0,4.0,3.0,1.0,5.0,1.0,1.65840750284586
1.0,4.0,3.0,1.0,5.0,3.0,1.6584075011484256
1.0,4.0,3.0,2.0,1.0,1.0,1.2887287772683709
1.0,4.0,3.0,2.0,1.0,2.0,1.3792571302449326
1.0,4.0,3.0,2.0,1.0,3.0,1.379257126591318
1.0,4.0,3.0,2.0,2.0,1.0,1.3792571210817006
1.0,4.0,3.0,2.0,2.0,2.0,1.4449783923719886
1.0,4.0,3.0,2.0,2.0,3.0,1.6584990706888223
1.0,4.0,3.0,2.0,3.0,2.0,1.637803251651969
1.0,4.0,3.0,2.0,3.0,3.0,1.7971956295719966
1.0,4.0,3.0,2.0,3.0,4.0,1.932617384978375
1.0,4.0,3.0,2.0,4.0,1.0,1.4509615067765158
1.0,4.0,3.0,2.0,4.0,2.0,1.6378032405302219
1.0,4.0,3.0,2.0,4.0,3.0,1.8918899705375447
1.0,4.0,3.0,2.0,4.0,4.0,1.9326173951405217
1.0,4.0,3.0,2.0,5.0,3.0,2.01120742057545
1.0,4.0,3.0,2.0,5.0,5.0,2.5595357430969092
1.0,4.0,3.0,3.0,1.0,1.0,1.3792571267884182
1.0,4.0,3.0,3.0,1.0,2.0,1.3792571277810015
1.0,4.0,3.0,3.0,1.0,3.0,1.38315266036591
1.0,4.0,3.0,3.0,2.0,1.0,1.4509614937803825
1.0,4.0,3.0,3.0,2.0,2.0,1.5803828328854053
1.0,4.0,3.0,3.0,2.0,3.0,1.6584991269702398
1.0,4.0,3.0,3.0,2.0,4.0,1.6584992165820738
1.0,4.0,3.0,3.0,3.0,1.0,1.4509615124932564
1.0,4.0,3.0,3.0,3.0,2.0,1.6413416096826863
1.0,4.0,3.0,3.0,3.0,3.0,1.7971956855411
1.0,4.0,3.0,3.0,3.0,4.0,1.9326173948864485
1.0,4.0,3.0,3.0,4.0,1.0,1.4509615225526253
1.0,4.0,3.0,3.0,4.0,2.0,1.7819238671191915
1.0,4.0,3.0,3.0,4.0,3.0,1.8918900108182437
1.0,4.0,3.0,3.0,4.0,4.0,1.9326174402031708
1.0,4.0,3.0,3.0,5.0,2.0,1.7819238654048233
1.0,4.0,3.0,3.0,5.0,3.0,2.284772766313933
1.0,4.0,3.0,3.0,5.0,4.0,2.284772767586501
1.0,4.0,3.0,4.0,1.0,1.0,1.3831524789505498
1.0,4.0,3.0,4.0,1.0,3.0,1.3831525769490587
1.0,4.0,3.0,4.0,1.0,4.0,1.6579300786346776
1.0,4.0,3.0,4.0,2.0,1.0,1.450961497206205
1.0,4.0,3.0,4.0,2.0,2.0,1.8195539289907579
1.0,4.0,3.0,4.0,2.0,3.0,1.8195539593489154
1.0,4.0,3.0,4.0,2.0,4.0,1.9099151462796815
1.0,4.0,3.0,4.0,3.0,2.0,1.8195539472207911
1.0,4.0,3.0,4.0,3.0,3.0,1.819553994941876
1.0,4.0,3.0,4.0,3.0,4.0,1.9326174285101856
1.0,4.0,3.0,4.0,4.0,1.0,1.4509615204236352
1.0,4.0,3.0,4.0,4.0,2.0,1.8195539354978438
1.0,4.0,3.0,4.0,4.0,3.0,1.8918900273521593
1.0,4.0,3.0,4.0,4.0,4.0,1.932617457050401
1.0,4.0,3.0,4.0,5.0,2.0,1.819553936103408
1.0,4.0,3.0,4.0,5.0,3.0,2.284772780992166
1.0,4.0,3.0,4.0,5.0,4.0,2.2847727884868845
1.0,4.0,3.0,4.0,5.0,5.0,2.5595357755597496
1.0,4.0,3.0,5.0,1.0,1.0,1.4509614614349746
1.0,4.0,3.0,5.0,1.0,2.0,1.499143611414108
1.0,4.0,3.0,5.0,1.0,4.0,1.6579300922596987
1.0,4.0,3.0,5.0,1.0,5.0,1.6579301001305997
1.0,4.0,3.0,5.0,2.0,1.0,1.4509614831932809
1.0,4.0,3.0,5.0,2.0,2.0,1.8195539179804412
1.0,4.0,3.0,5.0,2.0,5.0,2.282871389015953
1.0,4.0,3.0,5.0,3.0,2.0,1.9353998685523135
1.0,4.0,3.0,5.0,3.0,3.0,1.9353998687005511
1.0,4.0,3.0,5.0,3.0,4.0,1.935399878812447
1.0,4.0,3.0,5.0,3.0,5.0,2.282871437811189
1.0,4.0,3.0,5.0,4.0,1.0,1.4509614931148755
1.0,4.0,3.0,5.0,4.0,2.0,1.9353998750540073
1.0,4.0,3.0,5.0,4.0,4.0,1.9353998962002643
1.0,4.0,3.0,5.0,4.0,5.0,2.282871441501145
1.0,4.0,3.0,5.0,5.0,5.0,2.55953580786168
1.0,4.0,4.0,1.0,1.0,1.0,1.2887235723758845
1.0,4.0,4.0,1.0,2.0,1.0,1.2887259636386685
1.0,4.0,4.0,1.0,2.0,2.0,1.3769667736508433
1.0,4.0,4.0,1.0,3.0,1.0,1.4225881995998133
1.0,4.0,4.0,1.0,3.0,3.0,1.4685133916118955
1.0,4.0,4.0,1.0,4.0,1.0,1.422588201311943
1.0,4.0,4.0,1.0,4.0,2.0,1.4685134108416995
1.0,4.0,4.0,1.0,4.0,4.0,2.0166008689427923
1.0,4.0,4.0,1.0,5.0,5.0,2.35431291237703
1.0,4.0,4.0,2.0,2.0,1.0,1.3792570971756193
1.0,4.0,4.0,2.0,2.0,3.0,1.6584990598243214
1.0,4.0,4.0,2.0,3.0,3.0,1.7971956181319553
1.0,4.0,4.0,2.0,4.0,3.0,2.0125145858586997
1.0,4.0,4.0,2.0,4.0,4.0,2.0645082624380966
1.0,4.0,4.0,3.0,1.0,2.0,1.3792571092878791
1.0,4.0,4.0,3.0,2.0,1.0,1.4509614992501696
1.0,4.0,4.0,3.0,3.0,1.0,1.4509615141094843
1.0,4.0,4.0,3.0,3.0,2.0,1.8195539278402053
1.0,4.0,4.0,3.0,3.0,3.0,1.819553983101798
1.0,4.0,4.0,3.0,3.0,4.0,2.270425717555511
1.0,4.0,4.0,3.0,4.0,3.0,2.013467840262719
1.0,4.0,4.0,3.0,4.0,4.0,2.2704257343902907
1.0,4.0,4.0,4.0,1.0,3.0,1.3831525378680714
1.0,4.0,4.0,4.0,1.0,4.0,1.7765428375794643
1.0,4.0,4.0,4.0,2.0,3.0,1.8195539602426343
1.0,4.0,4.0,4.0,2.0,4.0,2.2913717266942957
1.0,4.0,4.0,4.0,3.0,3.0,1.8195539874577205
1.0,4.0,4.0,4.0,3.0,4.0,2.2913717586852975
1.0,4.0,4.0,4.0,3.0,5.0,2.53229395824959
1.0,4.0,4.0,4.0,4.0,1.0,1.7772807295140645
1.0,4.0,4.0,4.0,4.0,3.0,2.0134678564536386
1.0,4.0,4.0,4.0,4.0,4.0,2.2913718467351276
1.0,4.0,4.0,4.0,4.0,5.0,2.5659299656981336
1.0,4.0,4.0,4.0,5.0,2.0,1.8195539324844976
1.0,4.0,4.0,4.0,5.0,3.0,2.4282332884009206
1.0,4.0,4.0,4.0,5.0,4.0,2.428233295053484
1.0,4.0,4.0,4.0,5.0,5.0,2.565929996774137
1.0,4.0,4.0,5.0,1.0,4.0,1.7765428263593872
1.0,4.0,4.0,5.0,1.0,5.0,2.057285106923987
1.0,4.0,4.0,5.0,2.0,3.0,2.291371712630785
1.0,4.0,4.0,5.0,2.0,4.0,2.291371723108673
1.0,4.0,4.0,5.0,2.0,5.0,2.5659299611933344
1.0,4.0,4.0,5.0,3.0,3.0,2.2913717243633056
1.0,4.0,4.0,5.0,3.0,4.0,2.2913717378853913
1.0,4.0,4.0,5.0,4.0,2.0,2.3743785701889113
1.0,4.0,4.0,5.0,4.0,3.0,2.3743785970633633
1.0,4.0,4.0,5.0,4.0,4.0,2.374378613088809
1.0,4.0,4.0,5.0,4.0,5.0,2.5659299776133744
1.0,4.0,4.0,5.0,5.0,5.0,2.56593003904505
1.0,4.0,5.0,1.0,1.0,1.0,1.2887064244511326
1.0,4.0,5.0,1.0,3.0,3.0,1.468513377204682
1.0,4.0,5.0,2.0,5.0,4.0,2.064508279417053
1.0,4.0,5.0,3.0,4.0,2.0,1.8195539207851534
1.0,4.0,5.0,3.0,5.0,4.0,2.428233285999374
1.0,4.0,5.0,4.0,1.0,4.0,1.7765428320416365
1.0,4.0,5.0,4.0,4.0,4.0,2.428233301002918
1.0,4.0,5.0,4.0,5.0,4.0,2.428233300149295
1.0,4.0,5.0,4.0,5.0,5.0,2.565929998293733
1.0,4.0,5.0,5.0,1.0,4.0,1.7765428226930944
1.0,4.0,5.0,5.0,3.0,3.0,2.3559515557485065
1.0,4.0,5.0,5.0,3.0,4.0,2.355951558783358
1.0,4.0,5.0,5.0,4.0,4.0,2.7983106776722684
1.0,4.0,5.0,5.0,5.0,5.0,2.7983107228630772
1.0,5.0,1.0,1.0,1.0,1.0,1.284383307645541
1.0,5.0,1.0,1.0,1.0,2.0,1.2860949065458682
1.0,5.0,1.0,1.0,1.0,3.0,1.2861031762044293
1.0,5.0,1.0,1.0,1.0,5.0,1.3280518848320937
1.0,5.0,1.0,1.0,2.0,1.0,1.286106508521231
1.0,5.0,1.0,1.0,2.0,2.0,1.2861053866578536
1.0,5.0,1.0,1.0,3.0,1.0,1.286106304494345
1.0,5.0,1.0,1.0,3.0,2.0,1.2861059612648345
1.0,5.0,1.0,1.0,3.0,3.0,1.2861063001558901
1.0,5.0,1.0,1.0,4.0,1.0,1.2861008553968611
1.0,5.0,1.0,1.0,4.0,2.0,1.286105678329682
1.0,5.0,1.0,1.0,4.0,3.0,1.2861057722172418
1.0,5.0,1.0,1.0,5.0,1.0,1.2860968959616976
1.0,5.0,1.0,1.0,5.0,2.0,1.2861059641260786
1.0,5.0,1.0,1.0,5.0,3.0,1.3736948283229498
1.0,5.0,1.0,1.0,5.0,5.0,1.4577780208316578
1.0,5.0,1.0,2.0,1.0,1.0,1.2861030696409
1.0,5.0,1.0,2.0,1.0,2.0,1.2861030405463518
1.0,5.0,1.0,2.0,1.0,3.0,1.2861034356519523
1.0,5.0,1.0,2.0,2.0,1.0,1.2861054249227886
1.0,5.0,1.0,2.0,2.0,2.0,1.2861054823704425
1.0,5.0,1.0,2.0,2.0,3.0,1.3694774626277946
1.0,5.0,1.0,2.0,2.0,4.0,1.4577779670562347
1.0,5.0,1.0,2.0,2.0,5.0,1.457777992176977
1.0,5.0,1.0,2.0,3.0,1.0,1.2861055546237934
1.0,5.0,1.0,2.0,3.0,2.0,1.286105775889348
1.0,5.0,1.0,2.0,3.0,3.0,1.3694774875369984
1.0,5.0,1.0,2.0,3.0,4.0,1.4577779814728196
1.0,5.0,1.0,2.0,3.0,5.0,1.4577780045504984
1.0,5.0,1.0,2.0,4.0,1.0,1.2861039763294768
1.0,5.0,1.0,2.0,4.0,2.0,1.2861053383336996
1.0,5.0,1.0,2.0,4.0,3.0,1.3736948540235627
1.0,5.0,1.0,2.0,5.0,1.0,1.2861047499680185
1.0,5.0,1.0,2.0,5.0,2.0,1.286105244633691
1.0,5.0,1.0,2.0,5.0,3.0,1.3736948554091468
1.0,5.0,1.0,3.0,1.0,1.0,1.2861057740226975
1.0,5.0,1.0,3.0,1.0,2.0,1.2861044271224324
1.0,5.0,1.0,3.0,1.0,3.0,1.2861051193836057
1.0,5.0,1.0,3.0,2.0,1.0,1.2861052857860977
1.0,5.0,1.0,3.0,2.0,2.0,1.286105888368592
1.0,5.0,1.0,3.0,2.0,3.0,1.3694774882377865
1.0,5.0,1.0,3.0,3.0,1.0,1.286105601285734
1.0,5.0,1.0,3.0,3.0,2.0,1.2861062050526517
1.0,5.0,1.0,3.0,3.0,3.0,1.3694775082986497
1.0,5.0,1.0,3.0,3.0,4.0,1.4577780087956125
1.0,5.0,1.0,3.0,4.0,1.0,1.2861048462233502
1.0,5.0,1.0,3.0,4.0,2.0,1.2944000915188365
1.0,5.0,1.0,3.0,4.0,3.0,1.373694871210547
1.0,5.0,1.0,3.0,4.0,4.0,1.4577780268553098
1.0,5.0,1.0,3.0,5.0,1.0,1.2861050363119964
1.0,5.0,1.0,3.0,5.0,2.0,1.2944000936885534
1.0,5.0,1.0,3.0,5.0,3.0,1.3736948734446666
1.0,5.0,1.0,3.0,5.0,5.0,1.4577780228256478
1.0,5.0,1.0,4.0,1.0,1.0,1.2861055970945836
1.0,5.0,1.0,4.0,1.0,2.0,1.2861053189559428
1.0,5.0,1.0,4.0,1.0,3.0,1.2861060060088116
1.0,5.0,1.0,4.0,1.0,4.0,1.2861062299985466
1.0,5.0,1.0,4.0,1.0,5.0,1.3280519077159354
1.0,5.0,1.0,4.0,2.0,2.0,1.2861049541793304
1.0,5.0,1.0,4.0,2.0,3.0,1.3694774976005952
1.0,5.0,1.0,4.0,3.0,1.0,1.28610523326479
1.0,5.0,1.0,4.0,3.0,2.0,1.2861056077384536
1.0,5.0,1.0,4.0,3.0,3.0,1.3694775078857817
1.0,5.0,1.0,4.0,3.0,4.0,1.4577780075680502
1.0,5.0,1.0,4.0,3.0,5.0,1.4577780194794097
1.0,5.0,1.0,4.0,4.0,1.0,1.2861050143277941
1.0,5.0,1.0,4.0,4.0,2.0,1.328051916990151
1.0,5.0,1.0,4.0,4.0,4.0,1.4577780361060917
1.0,5.0,1.0,4.0,5.0,1.0,1.2861048442669403
1.0,5.0,1.0,4.0,5.0,3.0,1.373694880421031
1.0,5.0,1.0,4.0,5.0,4.0,1.4577780452779987
1.0,5.0,1.0,4.0,5.0,5.0,1.4577780357821375
1.0,5.0,1.0,5.0,1.0,1.0,1.2861068560930724
1.0,5.0,1.0,5.0,1.0,2.0,1.2861057143336516
1.0,5.0,1.0,5.0,1.0,3.0,1.2861063143771074
1.0,5.0,1.0,5.0,1.0,4.0,1.286106165146994
1.0,5.0,1.0,5.0,1.0,5.0,1.328051916498386
1.0,5.0,1.0,5.0,2.0,2.0,1.4577779738520236
1.0,5.0,1.0,5.0,2.0,3.0,1.4577779938937308
1.0,5.0,1.0,5.0,2.0,4.0,1.4577779919021023
1.0,5.0,1.0,5.0,2.0,5.0,1.4577780049956923
1.0,5.0,1.0,5.0,3.0,1.0,1.3280516200316546
1.0,5.0,1.0,5.0,3.0,2.0,1.457777989835055
1.0,5.0,1.0,5.0,3.0,3.0,1.4577780136550902
1.0,5.0,1.0,5.0,3.0,4.0,1.4577780130243279
1.0,5.0,1.0,5.0,3.0,5.0,1.457778021457066
1.0,5.0,1.0,5.0,4.0,2.0,1.4577779986137178
1.0,5.0,1.0,5.0,4.0,4.0,1.4577780224894021
1.0,5.0,1.0,5.0,4.0,5.0,1.4577780364329342
1.0,5.0,1.0,5.0,5.0,1.0,1.3280516435154754
1.0,5.0,1.0,5.0,5.0,2.0,1.4577779980616756
1.0,5.0,1.0,5.0,5.0,3.0,1.4577780272257288
1.0,5.0,1.0,5.0,5.0,4.0,1.4577780456929097
1.0,5.0,1.0,5.0,5.0,5.0,1.4577780575849173
1.0,5.0,2.0,1.0,1.0,1.0,1.2887717748839684
1.0,5.0,2.0,1.0,1.0,2.0,1.3769667999173028
1.0,5.0,2.0,1.0,2.0,1.0,1.2887596756611204
1.0,5.0,2.0,1.0,2.0,3.0,1.3769668131047355
1.0,5.0,2.0,1.0,3.0,1.0,1.288756358324648
1.0,5.0,2.0,1.0,3.0,2.0,1.3769668388079277
1.0,5.0,2.0,1.0,3.0,3.0,1.4033996106163351
1.0,5.0,2.0,1.0,3.0,4.0,1.5719777234235057
1.0,5.0,2.0,1.0,4.0,1.0,1.2887416995752632
1.0,5.0,2.0,1.0,4.0,2.0,1.4988165157007902
1.0,5.0,2.0,1.0,4.0,3.0,1.5719777129505106
1.0,5.0,2.0,1.0,4.0,4.0,1.5719777253124054
1.0,5.0,2.0,1.0,5.0,1.0,1.2887204961996699
1.0,5.0,2.0,1.0,5.0,2.0,1.571977757377113
1.0,5.0,2.0,1.0,5.0,4.0,1.5719777475823393
1.0,5.0,2.0,1.0,5.0,5.0,1.571977749699888
1.0,5.0,2.0,2.0,1.0,1.0,1.392700787677224
1.0,5.0,2.0,2.0,1.0,2.0,1.3927007970012282
1.0,5.0,2.0,2.0,2.0,1.0,1.3927007751303948
1.0,5.0,2.0,2.0,2.0,2.0,1.4987480126799073
1.0,5.0,2.0,2.0,2.0,3.0,1.56488755843018
1.0,5.0,2.0,2.0,3.0,2.0,1.4987480252015433
1.0,5.0,2.0,2.0,3.0,3.0,1.6584085443653742
1.0,5.0,2.0,2.0,3.0,5.0,1.929463667605073
1.0,5.0,2.0,2.0,4.0,3.0,1.7819239678176355
1.0,5.0,2.0,2.0,4.0,4.0,1.8363991705117322
1.0,5.0,2.0,2.0,5.0,1.0,1.4209766189965232
1.0,5.0,2.0,2.0,5.0,2.0,1.5719777671398667
1.0,5.0,2.0,2.0,5.0,4.0,2.0153545887486173
1.0,5.0,2.0,2.0,5.0,5.0,2.242126817343426
1.0,5.0,2.0,3.0,1.0,1.0,1.3927008279420499
1.0,5.0,2.0,3.0,1.0,2.0,1.3927008536933938
1.0,5.0,2.0,3.0,1.0,3.0,1.3927009070394947
1.0,5.0,2.0,3.0,1.0,4.0,1.3927009102222447
1.0,5.0,2.0,3.0,2.0,1.0,1.420976580921222
1.0,5.0,2.0,3.0,2.0,2.0,1.5715317237444295
1.0,5.0,2.0,3.0,2.0,3.0,1.5715317401337185
1.0,5.0,2.0,3.0,3.0,1.0,1.4209766031567943
1.0,5.0,2.0,3.0,3.0,2.0,1.658408382910212
1.0,5.0,2.0,3.0,3.0,3.0,1.6584085186252004
1.0,5.0,2.0,3.0,3.0,4.0,1.6960450236013127
1.0,5.0,2.0,3.0,4.0,2.0,1.7819239487030043
1.0,5.0,2.0,3.0,4.0,3.0,1.7819239869664172
1.0,5.0,2.0,3.0,4.0,4.0,1.836399187994081
1.0,5.0,2.0,3.0,4.0,5.0,2.242126880076809
1.0,5.0,2.0,3.0,5.0,2.0,1.7819239635043014
1.0,5.0,2.0,3.0,5.0,3.0,1.781923980548135
1.0,5.0,2.0,3.0,5.0,4.0,2.242126858892603
1.0,5.0,2.0,3.0,5.0,5.0,2.2421268636348284
1.0,5.0,2.0,4.0,1.0,1.0,1.3927008454897825
1.0,5.0,2.0,4.0,1.0,2.0,1.4077031654530034
1.0,5.0,2.0,4.0,1.0,3.0,1.407703164308207
1.0,5.0,2.0,4.0,2.0,3.0,1.6584994012480434
1.0,5.0,2.0,4.0,3.0,1.0,1.4209766128387615
1.0,5.0,2.0,4.0,3.0,2.0,1.6584994198898522
1.0,5.0,2.0,4.0,3.0,3.0,1.6584994431170488
1.0,5.0,2.0,4.0,3.0,4.0,1.6960450336104615
1.0,5.0,2.0,4.0,4.0,2.0,1.781923967068728
1.0,5.0,2.0,4.0,4.0,3.0,1.7819239903946873
1.0,5.0,2.0,4.0,4.0,4.0,1.8363992151419355
1.0,5.0,2.0,4.0,4.0,5.0,2.242126906884511
1.0,5.0,2.0,4.0,5.0,1.0,1.4209766260766097
1.0,5.0,2.0,4.0,5.0,2.0,1.7819239727710805
1.0,5.0,2.0,4.0,5.0,3.0,1.7819239786143235
1.0,5.0,2.0,4.0,5.0,5.0,2.242126906696349
1.0,5.0,2.0,5.0,1.0,1.0,1.3927008943770156
1.0,5.0,2.0,5.0,1.0,2.0,1.4991436154238107
1.0,5.0,2.0,5.0,1.0,5.0,1.6579300972510875
1.0,5.0,2.0,5.0,2.0,4.0,1.6584993690761025
1.0,5.0,2.0,5.0,2.0,5.0,1.929463674441449
1.0,5.0,2.0,5.0,3.0,1.0,1.4209766229447964
1.0,5.0,2.0,5.0,3.0,3.0,1.658499451118694
1.0,5.0,2.0,5.0,3.0,4.0,1.929463670904982
1.0,5.0,2.0,5.0,3.0,5.0,1.9294636767924076
1.0,5.0,2.0,5.0,4.0,4.0,1.9294636858526866
1.0,5.0,2.0,5.0,4.0,5.0,2.242126913704897
1.0,5.0,2.0,5.0,5.0,1.0,1.4209766286832717
1.0,5.0,2.0,5.0,5.0,3.0,2.2421268694637795
1.0,5.0,2.0,5.0,5.0,4.0,2.2421268838279294
1.0,5.0,2.0,5.0,5.0,5.0,2.242126933073077
1.0,5.0,3.0,1.0,1.0,1.0,1.2887582078346487
1.0,5.0,3.0,1.0,1.0,2.0,1.3769667935984369
1.0,5.0,3.0,1.0,1.0,3.0,1.392700747322204
1.0,5.0,3.0,1.0,2.0,1.0,1.2887570240248472
1.0,5.0,3.0,1.0,2.0,2.0,1.3769667943856685
1.0,5.0,3.0,1.0,2.0,3.0,1.6584990421179724
1.0,5.0,3.0,1.0,3.0,1.0,1.2887554100553835
1.0,5.0,3.0,1.0,3.0,2.0,1.6584077185574293
1.0,5.0,3.0,1.0,3.0,3.0,1.658499040204738
1.0,5.0,3.0,1.0,3.0,5.0,1.6584990428602302
1.0,5.0,3.0,1.0,4.0,3.0,1.996602253563872
1.0,5.0,3.0,1.0,4.0,4.0,2.0147001162951104
1.0,5.0,3.0,1.0,5.0,1.0,1.658407565209952
1.0,5.0,3.0,1.0,5.0,2.0,1.65840764151073
1.0,5.0,3.0,1.0,5.0,5.0,2.3543129337616278
1.0,5.0,3.0,2.0,1.0,1.0,1.392700779735271
1.0,5.0,3.0,2.0,1.0,3.0,1.3927007748880125
1.0,5.0,3.0,2.0,2.0,1.0,1.3927007714566297
1.0,5.0,3.0,2.0,2.0,2.0,1.6584079362791315
1.0,5.0,3.0,2.0,2.0,3.0,1.6584990687431005
1.0,5.0,3.0,2.0,3.0,2.0,1.658407808577115
1.0,5.0,3.0,2.0,3.0,3.0,1.7971956341621755
1.0,5.0,3.0,2.0,3.0,4.0,2.008991510559459
1.0,5.0,3.0,2.0,4.0,1.0,1.658407618130151
1.0,5.0,3.0,2.0,4.0,2.0,1.658407725298693
1.0,5.0,3.0,2.0,4.0,3.0,2.0036080570091745
1.0,5.0,3.0,2.0,4.0,4.0,2.0147001368346893
1.0,5.0,3.0,2.0,5.0,3.0,2.2151001982345178
1.0,5.0,3.0,2.0,5.0,4.0,2.215100200677271
1.0,5.0,3.0,2.0,5.0,5.0,2.5595357345825573
1.0,5.0,3.0,3.0,1.0,1.0,1.3927008162923895
1.0,5.0,3.0,3.0,1.0,2.0,1.4991436267178198
1.0,5.0,3.0,3.0,1.0,3.0,1.4991436538068292
1.0,5.0,3.0,3.0,2.0,1.0,1.4509614897037948
1.0,5.0,3.0,3.0,2.0,2.0,1.6584080789844766
1.0,5.0,3.0,3.0,2.0,3.0,1.6584990974401257
1.0,5.0,3.0,3.0,3.0,1.0,1.4509615050429092
1.0,5.0,3.0,3.0,3.0,2.0,1.6584082441026373
1.0,5.0,3.0,3.0,3.0,3.0,1.9353999254287342
1.0,5.0,3.0,3.0,3.0,4.0,2.00899152023048
1.0,5.0,3.0,3.0,4.0,2.0,1.7819239080671248
1.0,5.0,3.0,3.0,4.0,3.0,2.0072056060555186
1.0,5.0,3.0,3.0,4.0,4.0,2.0147001636729542
1.0,5.0,3.0,3.0,5.0,2.0,2.0125366432566083
1.0,5.0,3.0,3.0,5.0,3.0,2.2847727911897056
1.0,5.0,3.0,3.0,5.0,4.0,2.501791167627649
1.0,5.0,3.0,3.0,5.0,5.0,2.5595357629325317
1.0,5.0,3.0,4.0,1.0,1.0,1.3927008195617652
1.0,5.0,3.0,4.0,1.0,3.0,1.4991436661471045
1.0,5.0,3.0,4.0,1.0,4.0,1.909915147354172
1.0,5.0,3.0,4.0,2.0,3.0,1.8195539630542226
1.0,5.0,3.0,4.0,2.0,4.0,1.9099151638480227
1.0,5.0,3.0,4.0,2.0,5.0,1.9099151766689855
1.0,5.0,3.0,4.0,3.0,1.0,1.4509615121479735
1.0,5.0,3.0,4.0,3.0,2.0,1.9353998734521027
1.0,5.0,3.0,4.0,3.0,3.0,1.9353999162156235
1.0,5.0,3.0,4.0,3.0,4.0,2.219367635329079
1.0,5.0,3.0,4.0,4.0,2.0,2.006527576617108
1.0,5.0,3.0,4.0,4.0,3.0,2.1533513388461776
1.0,5.0,3.0,4.0,4.0,4.0,2.2193676667514755
1.0,5.0,3.0,4.0,4.0,5.0,2.2421269349817785
1.0,5.0,3.0,4.0,5.0,3.0,2.284772808355978
1.0,5.0,3.0,4.0,5.0,4.0,2.559535785525072
1.0,5.0,3.0,4.0,5.0,5.0,2.5595358043166887
1.0,5.0,3.0,5.0,1.0,2.0,1.4991436240612117
1.0,5.0,3.0,5.0,1.0,3.0,1.499143678278799
1.0,5.0,3.0,5.0,1.0,4.0,1.9099151694964913
1.0,5.0,3.0,5.0,1.0,5.0,1.9099151954594331
1.0,5.0,3.0,5.0,2.0,2.0,1.819553923945278
1.0,5.0,3.0,5.0,2.0,3.0,1.8195539597840011
1.0,5.0,3.0,5.0,2.0,4.0,1.9099151728324044
1.0,5.0,3.0,5.0,3.0,1.0,1.450961501082725
1.0,5.0,3.0,5.0,3.0,2.0,1.9353998788195717
1.0,5.0,3.0,5.0,3.0,3.0,1.9353999057684361
1.0,5.0,3.0,5.0,3.0,4.0,2.2193676638173216
1.0,5.0,3.0,5.0,3.0,5.0,2.2828714656617772
1.0,5.0,3.0,5.0,4.0,3.0,2.1533513627270415
1.0,5.0,3.0,5.0,4.0,4.0,2.219367688700567
1.0,5.0,3.0,5.0,4.0,5.0,2.282871471506131
1.0,5.0,3.0,5.0,5.0,1.0,1.6584075956815634
1.0,5.0,3.0,5.0,5.0,2.0,2.2847728340896483
1.0,5.0,3.0,5.0,5.0,3.0,2.284772850439738
1.0,5.0,3.0,5.0,5.0,4.0,2.559535831897278
1.0,5.0,3.0,5.0,5.0,5.0,2.5595358508593504
1.0,5.0,4.0,1.0,1.0,1.0,1.2887363175940512
1.0,5.0,4.0,1.0,3.0,1.0,1.4225882026020802
1.0,5.0,4.0,1.0,3.0,2.0,2.0085600609817225
1.0,5.0,4.0,1.0,4.0,1.0,1.4225882038113404
1.0,5.0,4.0,1.0,4.0,3.0,2.0195361926123194
1.0,5.0,4.0,2.0,1.0,3.0,1.392700765385451
1.0,5.0,4.0,2.0,3.0,2.0,2.0142377313334823
1.0,5.0,4.0,2.0,3.0,3.0,2.014237777721874
1.0,5.0,4.0,2.0,5.0,4.0,2.5258719173855666
1.0,5.0,4.0,3.0,2.0,1.0,1.6584074796521044
1.0,5.0,4.0,3.0,3.0,3.0,2.014237812604663
1.0,5.0,4.0,3.0,3.0,4.0,2.2704257201104525
1.0,5.0,4.0,3.0,4.0,3.0,2.153351303936438
1.0,5.0,4.0,3.0,4.0,4.0,2.3451455401775796
1.0,5.0,4.0,3.0,5.0,4.0,2.525871929940532
1.0,5.0,4.0,3.0,5.0,5.0,2.7983106661413792
1.0,5.0,4.0,4.0,1.0,2.0,1.5741021890531235
1.0,5.0,4.0,4.0,1.0,4.0,1.909915150953958
1.0,5.0,4.0,4.0,3.0,3.0,2.153351288084274
1.0,5.0,4.0,4.0,3.0,4.0,2.2913717813724914
1.0,5.0,4.0,4.0,3.0,5.0,2.5322939866910272
1.0,5.0,4.0,4.0,4.0,3.0,2.1533513214262165
1.0,5.0,4.0,4.0,4.0,4.0,2.3743786561725817
1.0,5.0,4.0,4.0,4.0,5.0,2.7983106914498013
1.0,5.0,4.0,4.0,5.0,3.0,2.428233301365449
1.0,5.0,4.0,4.0,5.0,4.0,2.559535807012548
1.0,5.0,4.0,4.0,5.0,5.0,2.798310685272133
1.0,5.0,4.0,5.0,1.0,1.0,1.5741022027971434
1.0,5.0,4.0,5.0,1.0,3.0,1.5741022047697488
1.0,5.0,4.0,5.0,1.0,4.0,2.0572851205306475
1.0,5.0,4.0,5.0,1.0,5.0,2.057285130558777
1.0,5.0,4.0,5.0,2.0,3.0,2.2913717194924894
1.0,5.0,4.0,5.0,3.0,4.0,2.2913717508864844
1.0,5.0,4.0,5.0,3.0,5.0,2.7983106725249436
1.0,5.0,4.0,5.0,4.0,3.0,2.374378613553332
1.0,5.0,4.0,5.0,4.0,4.0,2.374378640003379
1.0,5.0,4.0,5.0,4.0,5.0,2.7983107047018367
1.0,5.0,4.0,5.0,5.0,1.0,1.777280737446551
1.0,5.0,4.0,5.0,5.0,3.0,2.4282333093954858
1.0,5.0,4.0,5.0,5.0,4.0,2.7983107438795773
1.0,5.0,4.0,5.0,5.0,5.0,2.7983107708496817
1.0,5.0,5.0,1.0,1.0,1.0,1.2887247595243587
1.0,5.0,5.0,1.0,1.0,2.0,1.5741020779737387
1.0,5.0,5.0,1.0,2.0,2.0,1.5741020697306776
1.0,5.0,5.0,1.0,3.0,1.0,1.658407498638705
1.0,5.0,5.0,1.0,3.0,3.0,2.008560078703077
1.0,5.0,5.0,1.0,4.0,3.0,2.045519709892616
1.0,5.0,5.0,1.0,5.0,1.0,1.6584075422875868
1.0,5.0,5.0,1.0,5.0,3.0,2.058963811185741
1.0,5.0,5.0,1.0,5.0,5.0,2.354312946080107
1.0,5.0,5.0,2.0,4.0,3.0,2.058813468761067
1.0,5.0,5.0,2.0,5.0,3.0,2.2151002079123288
1.0,5.0,5.0,2.0,5.0,5.0,2.5595357041918074
1.0,5.0,5.0,3.0,1.0,2.0,1.5741021311246972
1.0,5.0,5.0,3.0,2.0,2.0,1.6584080715179252
1.0,5.0,5.0,3.0,3.0,1.0,1.6584075054495346
1.0,5.0,5.0,3.0,3.0,3.0,2.0142378165296853
1.0,5.0,5.0,3.0,4.0,3.0,2.1533512972735287
1.0,5.0,5.0,3.0,4.0,4.0,2.4282333047100124
1.0,5.0,5.0,3.0,5.0,1.0,1.658407553749411
1.0,5.0,5.0,3.0,5.0,2.0,2.414508371074926
1.0,5.0,5.0,3.0,5.0,3.0,2.4145083943271386
1.0,5.0,5.0,3.0,5.0,4.0,2.5258719519062227
1.0,5.0,5.0,3.0,5.0,5.0,2.79831069216453
1.0,5.0,5.0,4.0,1.0,1.0,1.3927008052800767
1.0,5.0,5.0,4.0,1.0,4.0,2.057285121471167
1.0,5.0,5.0,4.0,2.0,3.0,1.8195539612486131
1.0,5.0,5.0,4.0,3.0,1.0,1.6584074989614515
1.0,5.0,5.0,4.0,3.0,3.0,2.153351289782789
1.0,5.0,5.0,4.0,4.0,2.0,2.01423773704591
1.0,5.0,5.0,4.0,4.0,3.0,2.153351302465987
1.0,5.0,5.0,4.0,4.0,4.0,2.4282333179610758
1.0,5.0,5.0,4.0,5.0,3.0,2.798310684485762
1.0,5.0,5.0,4.0,5.0,4.0,2.7983107007551187
1.0,5.0,5.0,4.0,5.0,5.0,2.7983106968077567
1.0,5.0,5.0,5.0,1.0,1.0,1.5741022163049005
1.0,5.0,5.0,5.0,1.0,2.0,1.57410218821008
1.0,5.0,5.0,5.0,1.0,4.0,2.0572851280586595
1.0,5.0,5.0,5.0,1.0,5.0,2.4374268408841786
1.0,5.0,5.0,5.0,2.0,1.0,2.355951506388548
1.0,5.0,5.0,5.0,2.0,4.0,2.798310646455193
1.0,5.0,5.0,5.0,2.0,5.0,2.798310658063588
1.0,5.0,5.0,5.0,3.0,1.0,2.3559515646589455
1.0,5.0,5.0,5.0,3.0,3.0,2.35595157085236
1.0,5.0,5.0,5.0,3.0,5.0,2.7983106640147066
1.0,5.0,5.0,5.0,4.0,4.0,2.7983106853291786
1.0,5.0,5.0,5.0,4.0,5.0,2.798310712787554
1.0,5.0,5.0,5.0,5.0,1.0,2.3559516028392893
1.0,5.0,5.0,5.0,5.0,3.0,2.7983106862130405
1.0,5.0,5.0,5.0,5.0,4.0,2.798310735265681
1.0,5.0,5.0,5.0,5.0,5.0,2.7983108117943734
2.0,1.0,1.0,1.0,1.0,1.0,1.2859732163858633
2.0,1.0,1.0,1.0,1.0,2.0,1.2860910059251616
2.0,1.0,1.0,1.0,1.0,3.0,1.2860942052730178
2.0,1.0,1.0,1.0,2.0,1.0,1.2860305173165256
2.0,1.0,1.0,1.0,2.0,2.0,1.2860900237193487
2.0,1.0,1.0,1.0,2.0,3.0,1.3609083033970877
2.0,1.0,1.0,1.0,3.0,1.0,1.28605722921463
2.0,1.0,1.0,1.0,3.0,2.0,1.2860891069281202
2.0,1.0,1.0,1.0,4.0,1.0,1.2860750281445268
2.0,1.0,1.0,1.0,5.0,2.0,1.286082344257996
2.0,1.0,1.0,1.0,5.0,4.0,1.755865972373759
2.0,1.0,1.0,2.0,1.0,1.0,1.2860602263232193
2.0,1.0,1.0,2.0,1.0,2.0,1.2860809748600441
2.0,1.0,1.0,2.0,1.0,3.0,1.3497037264333192
2.0,1.0,1.0,2.0,2.0,1.0,1.2860735211604983
2.0,1.0,1.0,2.0,2.0,2.0,1.349703800872196
2.0,1.0,1.0,2.0,3.0,1.0,1.2860804268633659
2.0,1.0,1.0,2.0,3.0,2.0,1.3497038114405089
2.0,1.0,1.0,2.0,3.0,3.0,1.3609083098457826
2.0,1.0,1.0,2.0,4.0,1.0,1.3609081858433447
2.0,1.0,1.0,2.0,5.0,1.0,1.3609081761438118
2.0,1.0,1.0,2.0,5.0,4.0,1.858991557218754
2.0,1.0,1.0,3.0,1.0,1.0,1.286074605893612
2.0,1.0,1.0,3.0,1.0,2.0,1.349703750570538
2.0,1.0,1.0,3.0,1.0,3.0,1.3497037452618033
2.0,1.0,1.0,3.0,2.0,1.0,1.2860790630991528
2.0,1.0,1.0,3.0,2.0,2.0,1.3497037882430256
2.0,1.0,1.0,3.0,2.0,3.0,1.3609083189422884
2.0,1.0,1.0,3.0,3.0,1.0,1.2860823612254602
2.0,1.0,1.0,3.0,3.0,2.0,1.3609082709147822
2.0,1.0,1.0,3.0,3.0,3.0,1.3609083230572991
2.0,1.0,1.0,3.0,4.0,2.0,1.3609082255758036
2.0,1.0,1.0,3.0,4.0,3.0,1.6062730553223115
2.0,1.0,1.0,3.0,4.0,4.0,1.8201248922040292
2.0,1.0,1.0,4.0,1.0,1.0,1.2860806645589058
2.0,1.0,1.0,4.0,1.0,2.0,1.3497037341361837
2.0,1.0,1.0,4.0,1.0,3.0,1.3497037301928203
2.0,1.0,1.0,4.0,1.0,4.0,1.3497037244304517
2.0,1.0,1.0,4.0,2.0,1.0,1.2860799159047285
2.0,1.0,1.0,4.0,4.0,1.0,1.4913757387066915
2.0,1.0,1.0,4.0,4.0,3.0,1.7329862008665582
2.0,1.0,1.0,5.0,1.0,3.0,1.351482121510362
2.0,1.0,1.0,5.0,1.0,4.0,1.3514821232508398
2.0,1.0,1.0,5.0,1.0,5.0,1.5554685464869358
2.0,1.0,1.0,5.0,3.0,3.0,1.3609083261421064
2.0,1.0,2.0,1.0,1.0,1.0,1.2885402099529215
2.0,1.0,2.0,1.0,1.0,3.0,1.2885632698656915
2.0,1.0,2.0,1.0,2.0,1.0,1.2886209063487148
2.0,1.0,2.0,1.0,2.0,2.0,1.2886292798937273
2.0,1.0,2.0,1.0,2.0,3.0,1.4916662200236523
2.0,1.0,2.0,1.0,3.0,1.0,1.2886303055816837
2.0,1.0,2.0,1.0,3.0,2.0,1.2886331135555302
2.0,1.0,2.0,1.0,3.0,3.0,1.4916662298753829
2.0,1.0,2.0,1.0,4.0,2.0,1.2886353968364104
2.0,1.0,2.0,1.0,4.0,3.0,1.6828114627360542
2.0,1.0,2.0,2.0,1.0,1.0,1.288632461331143
2.0,1.0,2.0,2.0,1.0,2.0,1.3604436775766426
2.0,1.0,2.0,2.0,1.0,3.0,1.360443661186112
2.0,1.0,2.0,2.0,2.0,1.0,1.2886479486405853
2.0,1.0,2.0,2.0,2.0,2.0,1.696542359883878
2.0,1.0,2.0,2.0,2.0,3.0,1.696542337040051
2.0,1.0,2.0,2.0,3.0,1.0,1.2886616198056182
2.0,1.0,2.0,2.0,3.0,2.0,1.6965423682934853
2.0,1.0,2.0,2.0,3.0,4.0,1.9902487531426853
2.0,1.0,2.0,2.0,4.0,3.0,1.9738931465918248
2.0,1.0,2.0,3.0,1.0,1.0,1.2886508487519166
2.0,1.0,2.0,3.0,1.0,2.0,1.3604436894632046
2.0,1.0,2.0,3.0,1.0,3.0,1.6965424099025648
2.0,1.0,2.0,3.0,2.0,2.0,1.6965423880550234
2.0,1.0,2.0,3.0,2.0,3.0,1.6965423945749976
2.0,1.0,2.0,3.0,3.0,1.0,1.2886599889248391
2.0,1.0,2.0,3.0,3.0,3.0,2.131628103899119
2.0,1.0,2.0,3.0,4.0,3.0,2.148342982519091
2.0,1.0,2.0,3.0,4.0,4.0,2.1483429846789632
2.0,1.0,2.0,4.0,1.0,2.0,1.702209747258767
2.0,1.0,2.0,4.0,1.0,3.0,1.7022097794001803
2.0,1.0,2.0,4.0,1.0,4.0,1.7022097960178424
2.0,1.0,2.0,4.0,2.0,3.0,2.0681854762691825
2.0,1.0,2.0,4.0,2.0,4.0,2.0681854793522785
2.0,1.0,2.0,4.0,3.0,2.0,1.9659889367102383
2.0,1.0,2.0,4.0,3.0,3.0,2.131628092895764
2.0,1.0,2.0,4.0,3.0,4.0,2.1483429618083663
2.0,1.0,2.0,4.0,4.0,3.0,2.1483429840080204
2.0,1.0,2.0,5.0,1.0,3.0,1.7022098008827937
2.0,1.0,2.0,5.0,1.0,5.0,1.702209805359662
2.0,1.0,2.0,5.0,2.0,2.0,1.9658385636945015
2.0,1.0,2.0,5.0,4.0,5.0,2.4225819937720834
2.0,1.0,3.0,1.0,1.0,1.0,1.2886020868006214
2.0,1.0,3.0,1.0,2.0,1.0,1.2886325224619957
2.0,1.0,3.0,1.0,2.0,3.0,1.6965421818592636
2.0,1.0,3.0,1.0,3.0,1.0,1.288632549491327
2.0,1.0,3.0,1.0,3.0,2.0,1.5017516558057653
2.0,1.0,3.0,2.0,1.0,1.0,1.2886380681725593
2.0,1.0,3.0,2.0,1.0,2.0,1.4028228351908127
2.0,1.0,3.0,2.0,2.0,1.0,1.6058999289625706
2.0,1.0,3.0,2.0,2.0,2.0,1.696542322716886
2.0,1.0,3.0,2.0,2.0,3.0,1.6965422768614788
2.0,1.0,3.0,2.0,3.0,2.0,1.6965423392264058
2.0,1.0,3.0,2.0,4.0,3.0,1.999876931396341
2.0,1.0,3.0,3.0,1.0,2.0,1.4028228431700605
2.0,1.0,3.0,3.0,1.0,3.0,1.7022098066447102
2.0,1.0,3.0,3.0,2.0,2.0,1.6965423476712393
2.0,1.0,3.0,3.0,3.0,2.0,1.6965423391026924
2.0,1.0,3.0,3.0,3.0,3.0,2.1316280704388473
2.0,1.0,3.0,3.0,4.0,4.0,2.33293019856287
2.0,1.0,3.0,4.0,2.0,3.0,2.0681854727337767
2.0,1.0,3.0,4.0,2.0,4.0,2.0681854703694014
2.0,1.0,3.0,4.0,3.0,3.0,2.1316280737165125
2.0,1.0,3.0,4.0,3.0,4.0,2.381508539793971
2.0,1.0,3.0,5.0,2.0,3.0,2.0681854683706145
2.0,1.0,3.0,5.0,2.0,5.0,2.4225819719287287
2.0,1.0,3.0,5.0,3.0,3.0,2.1316280740742206
2.0,1.0,3.0,5.0,3.0,5.0,2.4225819887569955
2.0,1.0,3.0,5.0,5.0,5.0,2.4225820026811116
2.0,1.0,4.0,2.0,2.0,2.0,1.9201254186371741
2.0,1.0,4.0,3.0,2.0,2.0,1.9912182015766142
2.0,1.0,4.0,3.0,4.0,3.0,2.33293016206997
2.0,1.0,4.0,4.0,1.0,2.0,1.7022097501903926
2.0,1.0,4.0,4.0,1.0,4.0,2.033163057439787
2.0,1.0,4.0,5.0,4.0,4.0,2.3815085485898337
2.0,1.0,5.0,1.0,1.0,1.0,1.2886372602998297
2.0,1.0,5.0,4.0,1.0,3.0,1.7022097768480913
2.0,1.0,5.0,4.0,5.0,1.0,2.049779419239547
2.0,1.0,5.0,5.0,3.0,4.0,2.626321421296699
2.0,2.0,1.0,1.0,1.0,1.0,1.2857740976786285
2.0,2.0,1.0,1.0,1.0,2.0,1.3126278908208102
2.0,2.0,1.0,1.0,2.0,1.0,1.285995798107925
2.0,2.0,1.0,1.0,2.0,2.0,1.3126278879489568
2.0,2.0,1.0,1.0,3.0,1.0,1.2860475923039816
2.0,2.0,1.0,1.0,3.0,2.0,1.4555990669330647
2.0,2.0,1.0,1.0,3.0,3.0,1.4555990662242777
2.0,2.0,1.0,1.0,4.0,2.0,1.4555990599800306
2.0,2.0,1.0,2.0,1.0,1.0,1.2860700935876974
2.0,2.0,1.0,2.0,1.0,2.0,1.4059925658284604
2.0,2.0,1.0,2.0,1.0,3.0,1.4059925267410227
2.0,2.0,1.0,2.0,1.0,4.0,1.4059925165633453
2.0,2.0,1.0,2.0,2.0,1.0,1.2860744212485014
2.0,2.0,1.0,2.0,2.0,2.0,1.5827992322669477
2.0,2.0,1.0,2.0,2.0,3.0,1.6062730700494592
2.0,2.0,1.0,2.0,3.0,1.0,1.48055991124206
2.0,2.0,1.0,2.0,3.0,2.0,1.5827992437710028
2.0,2.0,1.0,2.0,3.0,3.0,1.606273074970394
2.0,2.0,1.0,2.0,4.0,2.0,1.6062730760056512
2.0,2.0,1.0,2.0,4.0,3.0,1.6062730801160987
2.0,2.0,1.0,2.0,5.0,3.0,1.606273079643204
2.0,2.0,1.0,3.0,1.0,1.0,1.2860772125446973
2.0,2.0,1.0,3.0,1.0,2.0,1.4059925739704915
2.0,2.0,1.0,3.0,1.0,4.0,1.5088819694218214
2.0,2.0,1.0,3.0,2.0,1.0,1.286080140497636
2.0,2.0,1.0,3.0,2.0,2.0,1.5900592498679003
2.0,2.0,1.0,3.0,2.0,3.0,1.6062730728429857
2.0,2.0,1.0,3.0,3.0,2.0,1.6062730820299274
2.0,2.0,1.0,3.0,3.0,3.0,1.6062730846916504
2.0,2.0,1.0,3.0,4.0,2.0,1.606273072509462
2.0,2.0,1.0,3.0,4.0,3.0,1.6062730769526348
2.0,2.0,1.0,4.0,1.0,2.0,1.4059925479905881
2.0,2.0,1.0,4.0,1.0,4.0,1.5088819796944508
2.0,2.0,1.0,4.0,2.0,1.0,1.4805599196470898
2.0,2.0,1.0,4.0,2.0,2.0,1.5900592540577396
2.0,2.0,1.0,4.0,2.0,3.0,1.7329861653413638
2.0,2.0,1.0,4.0,3.0,1.0,1.4805599228785917
2.0,2.0,1.0,4.0,3.0,3.0,1.732986193068442
2.0,2.0,1.0,4.0,4.0,1.0,1.5934570666961017
2.0,2.0,1.0,4.0,4.0,3.0,1.7329862133395606
2.0,2.0,1.0,4.0,4.0,4.0,2.003573336655137
2.0,2.0,1.0,4.0,5.0,3.0,1.7329862366893876
2.0,2.0,1.0,5.0,1.0,1.0,1.2860834167793243
2.0,2.0,1.0,5.0,1.0,3.0,1.4059925361159502
2.0,2.0,1.0,5.0,3.0,4.0,2.0044776127998425
2.0,2.0,1.0,5.0,4.0,2.0,1.606273075796104
2.0,2.0,1.0,5.0,4.0,4.0,2.0179218132644876
2.0,2.0,1.0,5.0,5.0,3.0,1.732986249878661
2.0,2.0,2.0,1.0,1.0,1.0,1.2886418512974773
2.0,2.0,2.0,1.0,1.0,2.0,1.4337088413163488
2.0,2.0,2.0,1.0,2.0,1.0,1.2886617311367465
2.0,2.0,2.0,1.0,2.0,2.0,1.496913357433774
2.0,2.0,2.0,1.0,3.0,1.0,1.3332085871525223
2.0,2.0,2.0,1.0,3.0,2.0,1.4991733898190727
2.0,2.0,2.0,1.0,3.0,3.0,1.4991733792414637
2.0,2.0,2.0,1.0,4.0,1.0,1.3332085722253226
2.0,2.0,2.0,2.0,1.0,1.0,1.2947035485940996
2.0,2.0,2.0,2.0,1.0,2.0,1.495048793809365
2.0,2.0,2.0,2.0,2.0,1.0,1.370281180474094
2.0,2.0,2.0,2.0,2.0,2.0,1.9201256013437618
2.0,2.0,2.0,2.0,2.0,3.0,1.9201255698333577
2.0,2.0,2.0,2.0,2.0,4.0,1.9816774525730547
2.0,2.0,2.0,2.0,3.0,1.0,1.4805599203060522
2.0,2.0,2.0,2.0,3.0,2.0,1.920125626273416
2.0,2.0,2.0,2.0,3.0,3.0,1.9962754764786963
2.0,2.0,2.0,2.0,4.0,1.0,1.593457067318412
2.0,2.0,2.0,2.0,4.0,2.0,1.98765085702776
2.0,2.0,2.0,2.0,4.0,3.0,2.10446763043387
2.0,2.0,2.0,3.0,1.0,1.0,1.5121357529548334
2.0,2.0,2.0,3.0,1.0,2.0,1.5121357355754943
2.0,2.0,2.0,3.0,1.0,3.0,1.9201255551125052
2.0,2.0,2.0,3.0,2.0,2.0,1.920125594053076
2.0,2.0,2.0,3.0,2.0,3.0,1.9201255788297766
2.0,2.0,2.0,3.0,3.0,2.0,1.9201256082395082
2.0,2.0,2.0,3.0,3.0,3.0,2.131628172774154
2.0,2.0,2.0,3.0,4.0,1.0,1.5934570726351869
2.0,2.0,2.0,3.0,4.0,2.0,1.9876508360416005
2.0,2.0,2.0,3.0,4.0,3.0,2.14834299312348
2.0,2.0,2.0,3.0,4.0,4.0,2.148342995086694
2.0,2.0,2.0,3.0,5.0,3.0,2.148342998715468
2.0,2.0,2.0,3.0,5.0,5.0,2.595597566441448
2.0,2.0,2.0,4.0,1.0,1.0,1.512135738671271
2.0,2.0,2.0,4.0,2.0,2.0,1.961628204299946
2.0,2.0,2.0,4.0,2.0,3.0,2.0681854906368287
2.0,2.0,2.0,4.0,2.0,4.0,2.0681854886363897
2.0,2.0,2.0,4.0,3.0,2.0,1.9876508071241357
2.0,2.0,2.0,4.0,3.0,3.0,2.131628135422353
2.0,2.0,2.0,4.0,3.0,4.0,2.148342986479473
2.0,2.0,2.0,4.0,4.0,1.0,1.593457073227468
2.0,2.0,2.0,4.0,4.0,2.0,1.9876508261486514
2.0,2.0,2.0,4.0,4.0,3.0,2.148342994667429
2.0,2.0,2.0,4.0,4.0,4.0,2.1483430021923495
2.0,2.0,2.0,5.0,1.0,3.0,1.9825254729577206
2.0,2.0,2.0,5.0,3.0,2.0,1.988366016252205
2.0,2.0,2.0,5.0,3.0,4.0,2.148342989831065
2.0,2.0,2.0,5.0,3.0,5.0,2.1483429934470344
2.0,2.0,2.0,5.0,4.0,4.0,2.1483430070972864
2.0,2.0,2.0,5.0,4.0,5.0,2.4902788684336836
2.0,2.0,2.0,5.0,5.0,4.0,2.148343009605386
2.0,2.0,3.0,1.0,1.0,1.0,1.288656619832259
2.0,2.0,3.0,1.0,1.0,3.0,1.503460466039614
2.0,2.0,3.0,1.0,2.0,1.0,1.288668137617265
2.0,2.0,3.0,1.0,2.0,2.0,1.4994535282482684
2.0,2.0,3.0,1.0,3.0,1.0,1.3332085671288696
2.0,2.0,3.0,1.0,3.0,2.0,1.506538684124466
2.0,2.0,3.0,1.0,3.0,3.0,1.7537712395558371
2.0,2.0,3.0,2.0,1.0,1.0,1.2947035417524078
2.0,2.0,3.0,2.0,2.0,2.0,1.9201255912001363
2.0,2.0,3.0,2.0,2.0,3.0,1.9526679975128998
2.0,2.0,3.0,2.0,3.0,2.0,1.9201255492827065
2.0,2.0,3.0,2.0,3.0,3.0,2.0018618948218934
2.0,2.0,3.0,2.0,3.0,4.0,2.001861921420836
2.0,2.0,3.0,2.0,4.0,3.0,2.104467611403705
2.0,2.0,3.0,3.0,1.0,1.0,1.6059000554287448
2.0,2.0,3.0,3.0,1.0,2.0,1.7959406112929848
2.0,2.0,3.0,3.0,1.0,3.0,1.9526680155803424
2.0,2.0,3.0,3.0,2.0,1.0,1.6058999670341572
2.0,2.0,3.0,3.0,2.0,2.0,1.9201256060802052
2.0,2.0,3.0,3.0,2.0,3.0,1.9526680240085903
2.0,2.0,3.0,3.0,2.0,4.0,2.2531484354536935
2.0,2.0,3.0,3.0,3.0,1.0,1.605899946869136
2.0,2.0,3.0,3.0,3.0,2.0,2.2212824355911645
2.0,2.0,3.0,3.0,3.0,3.0,2.332930221107594
2.0,2.0,3.0,3.0,3.0,4.0,2.332930234436922
2.0,2.0,3.0,3.0,4.0,1.0,1.6058999376684435
2.0,2.0,3.0,3.0,4.0,2.0,2.2212824244233413
2.0,2.0,3.0,3.0,4.0,3.0,2.33293021498792
2.0,2.0,3.0,3.0,4.0,4.0,2.3329302244966983
2.0,2.0,3.0,4.0,1.0,3.0,1.9526680259010962
2.0,2.0,3.0,4.0,2.0,3.0,2.0681854906205044
2.0,2.0,3.0,4.0,2.0,4.0,2.253148455906703
2.0,2.0,3.0,4.0,3.0,2.0,2.221282446499274
2.0,2.0,3.0,4.0,3.0,3.0,2.3329302524413134
2.0,2.0,3.0,4.0,3.0,4.0,2.381508559389638
2.0,2.0,3.0,4.0,4.0,2.0,2.2212824290839244
2.0,2.0,3.0,4.0,4.0,3.0,2.498153259128428
2.0,2.0,3.0,4.0,4.0,4.0,2.4981532735978362
2.0,2.0,3.0,4.0,5.0,5.0,2.9216972730694244
2.0,2.0,3.0,5.0,1.0,3.0,2.0085089906341698
2.0,2.0,3.0,5.0,2.0,3.0,2.0681854758162537
2.0,2.0,3.0,5.0,2.0,4.0,2.2531484593660096
2.0,2.0,3.0,5.0,3.0,3.0,2.626321471334998
2.0,2.0,3.0,5.0,3.0,4.0,2.626321493126946
2.0,2.0,3.0,5.0,3.0,5.0,2.6263214820502863
2.0,2.0,3.0,5.0,4.0,3.0,2.626321467178157
2.0,2.0,3.0,5.0,5.0,5.0,2.9216972816909914
2.0,2.0,4.0,1.0,2.0,1.0,1.2886866595194897
2.0,2.0,4.0,2.0,3.0,2.0,1.920125458313011
2.0,2.0,4.0,2.0,5.0,2.0,2.0273397639250286
2.0,2.0,4.0,3.0,3.0,2.0,2.2212824140875544
2.0,2.0,4.0,3.0,3.0,3.0,2.3329301987682642
2.0,2.0,4.0,3.0,5.0,3.0,2.332930194917672
2.0,2.0,4.0,4.0,1.0,4.0,2.0422461422865643
2.0,2.0,4.0,4.0,2.0,3.0,2.423167372756803
2.0,2.0,4.0,4.0,2.0,5.0,2.5720191944637016
2.0,2.0,4.0,4.0,3.0,3.0,2.601642193040744
2.0,2.0,4.0,4.0,4.0,4.0,2.6016422140283795
2.0,2.0,4.0,4.0,5.0,3.0,2.9725090134103738
2.0,2.0,4.0,5.0,4.0,4.0,2.626321478479379
2.0,2.0,5.0,2.0,1.0,2.0,1.6088697682301474
2.0,2.0,5.0,2.0,3.0,2.0,1.9201254394879246
2.0,2.0,5.0,5.0,1.0,3.0,2.060475809938483
2.0,2.0,5.0,5.0,3.0,5.0,2.6263214638453567
2.0,2.0,5.0,5.0,4.0,5.0,2.62632147264741
2.0,3.0,1.0,1.0,1.0,1.0,1.285388463697326
2.0,3.0,1.0,1.0,1.0,2.0,1.31262792292348
2.0,3.0,1.0,1.0,1.0,3.0,1.3126279256608948
2.0,3.0,1.0,1.0,2.0,1.0,1.2860684410204257
2.0,3.0,1.0,1.0,2.0,2.0,1.4555990957190004
2.0,3.0,1.0,1.0,2.0,3.0,1.4555990873877358
2.0,3.0,1.0,1.0,3.0,1.0,1.2860790085319884
2.0,3.0,1.0,1.0,3.0,2.0,1.4555990937061354
2.0,3.0,1.0,1.0,3.0,3.0,1.4555990936494114
2.0,3.0,1.0,1.0,4.0,1.0,1.2860830606158287
2.0,3.0,1.0,1.0,4.0,2.0,1.455599082464127
2.0,3.0,1.0,2.0,1.0,1.0,1.2860741190152287
2.0,3.0,1.0,2.0,1.0,2.0,1.4059926442806272
2.0,3.0,1.0,2.0,1.0,3.0,1.4946204508869694
2.0,3.0,1.0,2.0,2.0,1.0,1.2987836874175631
2.0,3.0,1.0,2.0,2.0,2.0,1.5900592825040576
2.0,3.0,1.0,2.0,2.0,3.0,1.6062730866706432
2.0,3.0,1.0,2.0,3.0,1.0,1.480559964528087
2.0,3.0,1.0,2.0,3.0,2.0,1.6062731288379808
2.0,3.0,1.0,2.0,3.0,3.0,1.6062731140584174
2.0,3.0,1.0,2.0,4.0,1.0,1.4805599715436535
2.0,3.0,1.0,2.0,4.0,2.0,1.6062730995111314
2.0,3.0,1.0,2.0,4.0,3.0,1.6062730983302114
2.0,3.0,1.0,2.0,5.0,2.0,1.6873738873169992
2.0,3.0,1.0,3.0,1.0,1.0,1.3267154639771015
2.0,3.0,1.0,3.0,1.0,2.0,1.4059926526424034
2.0,3.0,1.0,3.0,1.0,3.0,1.6092317161965626
2.0,3.0,1.0,3.0,2.0,1.0,1.4805599640212699
2.0,3.0,1.0,3.0,2.0,2.0,1.5900592749793103
2.0,3.0,1.0,3.0,2.0,3.0,1.6092317355686143
2.0,3.0,1.0,3.0,3.0,1.0,1.4805599719660714
2.0,3.0,1.0,3.0,3.0,2.0,1.7668993100332449
2.0,3.0,1.0,3.0,3.0,3.0,1.8201249104983461
2.0,3.0,1.0,3.0,3.0,4.0,1.8201249135054638
2.0,3.0,1.0,3.0,4.0,1.0,1.4930491337540128
2.0,3.0,1.0,3.0,4.0,3.0,1.8201249125329322
2.0,3.0,1.0,3.0,4.0,4.0,1.8201249092004717
2.0,3.0,1.0,3.0,4.0,5.0,2.0214650101621645
2.0,3.0,1.0,4.0,1.0,1.0,1.3267154547014246
2.0,3.0,1.0,4.0,1.0,2.0,1.4723511748354432
2.0,3.0,1.0,4.0,1.0,3.0,1.6092317150719826
2.0,3.0,1.0,4.0,2.0,1.0,1.4805599441825914
2.0,3.0,1.0,4.0,2.0,2.0,1.7668993034162168
2.0,3.0,1.0,4.0,2.0,3.0,1.8787386081450075
2.0,3.0,1.0,4.0,3.0,2.0,1.7668993159220714
2.0,3.0,1.0,4.0,3.0,3.0,1.8787386197082037
2.0,3.0,1.0,4.0,3.0,4.0,2.0001407404001967
2.0,3.0,1.0,4.0,4.0,1.0,1.6588492719288577
2.0,3.0,1.0,4.0,4.0,2.0,1.8787385893004591
2.0,3.0,1.0,4.0,4.0,3.0,2.0035733042389596
2.0,3.0,1.0,5.0,1.0,1.0,1.326715468183297
2.0,3.0,1.0,5.0,1.0,3.0,1.6092317178610895
2.0,3.0,1.0,5.0,2.0,2.0,1.8787385905077545
2.0,3.0,1.0,5.0,2.0,3.0,1.8787386020934362
2.0,3.0,1.0,5.0,2.0,4.0,2.000116720646026
2.0,3.0,1.0,5.0,3.0,1.0,1.4805599458374485
2.0,3.0,1.0,5.0,3.0,2.0,1.8787386064262614
2.0,3.0,1.0,5.0,3.0,3.0,1.878738613897214
2.0,3.0,1.0,5.0,3.0,4.0,2.0135608064950477
2.0,3.0,1.0,5.0,4.0,1.0,1.6588492840375968
2.0,3.0,1.0,5.0,5.0,2.0,1.878738604972393
2.0,3.0,2.0,1.0,1.0,1.0,1.2887176564532166
2.0,3.0,2.0,1.0,1.0,2.0,1.433708859756947
2.0,3.0,2.0,1.0,2.0,1.0,1.2887140965728874
2.0,3.0,2.0,1.0,2.0,2.0,1.4969133994855623
2.0,3.0,2.0,1.0,2.0,3.0,1.672472295766025
2.0,3.0,2.0,1.0,3.0,1.0,1.3653636039505488
2.0,3.0,2.0,1.0,3.0,2.0,1.672472313005548
2.0,3.0,2.0,1.0,3.0,3.0,1.6724723084154445
2.0,3.0,2.0,1.0,3.0,4.0,1.906767320250317
2.0,3.0,2.0,1.0,4.0,1.0,1.3653635910045567
2.0,3.0,2.0,1.0,4.0,2.0,1.6724723133606503
2.0,3.0,2.0,1.0,4.0,3.0,1.7615362329697035
2.0,3.0,2.0,2.0,1.0,1.0,1.2947035739447452
2.0,3.0,2.0,2.0,1.0,2.0,1.6088700068307413
2.0,3.0,2.0,2.0,1.0,3.0,1.6088700133295968
2.0,3.0,2.0,2.0,1.0,4.0,1.6088700104321345
2.0,3.0,2.0,2.0,2.0,1.0,1.370281201481516
2.0,3.0,2.0,2.0,2.0,2.0,1.920125699225372
2.0,3.0,2.0,2.0,2.0,3.0,1.952667995760324
2.0,3.0,2.0,2.0,2.0,4.0,1.9816774721836563
2.0,3.0,2.0,2.0,3.0,1.0,1.4805599452354974
2.0,3.0,2.0,2.0,3.0,2.0,1.9201257133322498
2.0,3.0,2.0,2.0,3.0,3.0,2.0833862744935803
2.0,3.0,2.0,2.0,3.0,4.0,2.083386262373419
2.0,3.0,2.0,2.0,4.0,1.0,1.7893445419807394
2.0,3.0,2.0,2.0,4.0,2.0,1.9876508916007158
2.0,3.0,2.0,2.0,4.0,3.0,2.1044676826905295
2.0,3.0,2.0,2.0,4.0,4.0,2.1044676751741176
2.0,3.0,2.0,2.0,5.0,3.0,2.1044677122885025
2.0,3.0,2.0,3.0,1.0,1.0,1.5121358215642917
2.0,3.0,2.0,3.0,1.0,2.0,1.6488830934751975
2.0,3.0,2.0,3.0,1.0,3.0,1.9974433989829883
2.0,3.0,2.0,3.0,2.0,1.0,1.5121358228085031
2.0,3.0,2.0,3.0,2.0,2.0,1.9296753339837462
2.0,3.0,2.0,3.0,2.0,3.0,2.048523350115682
2.0,3.0,2.0,3.0,3.0,1.0,1.9926519023949705
2.0,3.0,2.0,3.0,3.0,2.0,2.08451105520015
2.0,3.0,2.0,3.0,3.0,3.0,2.131628283328557
2.0,3.0,2.0,3.0,3.0,4.0,2.131628298076957
2.0,3.0,2.0,3.0,4.0,1.0,1.9926519078319267
2.0,3.0,2.0,3.0,4.0,2.0,2.1311917782541334
2.0,3.0,2.0,3.0,4.0,3.0,2.1532247946017073
2.0,3.0,2.0,3.0,4.0,4.0,2.428520123195128
2.0,3.0,2.0,3.0,5.0,3.0,2.1532247886708205
2.0,3.0,2.0,4.0,1.0,1.0,1.73966470139933
2.0,3.0,2.0,4.0,1.0,2.0,1.8265326423716417
2.0,3.0,2.0,4.0,1.0,3.0,1.9974434357790245
2.0,3.0,2.0,4.0,1.0,4.0,1.9974434423000977
2.0,3.0,2.0,4.0,1.0,5.0,2.0204100147988364
2.0,3.0,2.0,4.0,2.0,1.0,1.852943676883646
2.0,3.0,2.0,4.0,2.0,2.0,1.9735591284817986
2.0,3.0,2.0,4.0,2.0,3.0,2.068185520940658
2.0,3.0,2.0,4.0,2.0,4.0,2.2438462806841084
2.0,3.0,2.0,4.0,3.0,1.0,1.992651900065513
2.0,3.0,2.0,4.0,3.0,2.0,2.13119178836733
2.0,3.0,2.0,4.0,3.0,3.0,2.166849324508303
2.0,3.0,2.0,4.0,3.0,4.0,2.4010217016991966
2.0,3.0,2.0,4.0,4.0,2.0,2.131191785095948
2.0,3.0,2.0,4.0,4.0,3.0,2.166849329014102
2.0,3.0,2.0,4.0,4.0,4.0,2.428520148349125
2.0,3.0,2.0,4.0,4.0,5.0,2.4285201545296236
2.0,3.0,2.0,4.0,5.0,2.0,2.131191778850073
2.0,3.0,2.0,4.0,5.0,3.0,2.3364964725291095
2.0,3.0,2.0,5.0,1.0,2.0,1.826532652533372
2.0,3.0,2.0,5.0,1.0,4.0,1.9974434530426044
2.0,3.0,2.0,5.0,1.0,5.0,2.0337037621432286
2.0,3.0,2.0,5.0,2.0,3.0,2.068185521450433
2.0,3.0,2.0,5.0,2.0,4.0,2.2438462902451657
2.0,3.0,2.0,5.0,2.0,5.0,2.4010217108498666
2.0,3.0,2.0,5.0,3.0,2.0,2.131191792839761
2.0,3.0,2.0,5.0,3.0,3.0,2.166849328387639
2.0,3.0,2.0,5.0,3.0,4.0,2.4010217098772997
2.0,3.0,2.0,5.0,3.0,5.0,2.4010217142774186
2.0,3.0,2.0,5.0,4.0,3.0,2.166849329366415
2.0,3.0,2.0,5.0,4.0,4.0,2.4285201771715292
2.0,3.0,2.0,5.0,4.0,5.0,2.4902788777025178
2.0,3.0,2.0,5.0,5.0,3.0,2.3364964782205893
2.0,3.0,2.0,5.0,5.0,5.0,2.595597587291365
2.0,3.0,3.0,1.0,1.0,1.0,1.2887109514154285
2.0,3.0,3.0,1.0,1.0,2.0,1.4337088517516368
2.0,3.0,3.0,1.0,1.0,3.0,1.6707491447908578
2.0,3.0,3.0,1.0,2.0,1.0,1.2887066458505598
2.0,3.0,3.0,1.0,2.0,2.0,1.575657828618051
2.0,3.0,3.0,1.0,2.0,3.0,1.753771241343605
2.0,3.0,3.0,1.0,3.0,1.0,1.6507400541638408
2.0,3.0,3.0,1.0,3.0,2.0,1.672472308235172
2.0,3.0,3.0,1.0,3.0,3.0,1.7537712626433841
2.0,3.0,3.0,1.0,3.0,4.0,1.9067673317650826
2.0,3.0,3.0,1.0,4.0,2.0,1.6724723113238704
2.0,3.0,3.0,1.0,4.0,3.0,2.0047493513299868
2.0,3.0,3.0,1.0,5.0,3.0,2.3332143908794705
2.0,3.0,3.0,2.0,1.0,1.0,1.2947035621955054
2.0,3.0,3.0,2.0,1.0,2.0,1.6088699485530045
2.0,3.0,3.0,2.0,1.0,3.0,1.6707491759274702
2.0,3.0,3.0,2.0,1.0,4.0,1.6707491776957422
2.0,3.0,3.0,2.0,2.0,1.0,1.6606612945958823
2.0,3.0,3.0,2.0,2.0,2.0,1.9201256687529842
2.0,3.0,3.0,2.0,2.0,3.0,1.9526679993716316
2.0,3.0,3.0,2.0,3.0,1.0,1.6954342188997698
2.0,3.0,3.0,2.0,3.0,2.0,1.9682904261722218
2.0,3.0,3.0,2.0,3.0,3.0,2.105765751655874
2.0,3.0,3.0,2.0,3.0,4.0,2.1057657377552372
2.0,3.0,3.0,2.0,4.0,1.0,1.8705367063326708
2.0,3.0,3.0,2.0,4.0,2.0,2.1123462308280643
2.0,3.0,3.0,2.0,4.0,3.0,2.4402250519758484
2.0,3.0,3.0,2.0,4.0,4.0,2.440225061083718
2.0,3.0,3.0,2.0,5.0,2.0,2.1123462009758995
2.0,3.0,3.0,2.0,5.0,3.0,2.490278638939457
2.0,3.0,3.0,3.0,1.0,1.0,1.6995468788998807
2.0,3.0,3.0,3.0,1.0,2.0,1.9735590105044754
2.0,3.0,3.0,3.0,1.0,3.0,2.0958590298426385
2.0,3.0,3.0,3.0,2.0,1.0,1.69954687001526
2.0,3.0,3.0,3.0,2.0,2.0,1.9987763822706692
2.0,3.0,3.0,3.0,2.0,3.0,2.265470337477502
2.0,3.0,3.0,3.0,2.0,4.0,2.5720192049273733
2.0,3.0,3.0,3.0,3.0,1.0,1.9926519088886654
2.0,3.0,3.0,3.0,3.0,2.0,2.2212824881491966
2.0,3.0,3.0,3.0,3.0,3.0,2.3892921076772544
2.0,3.0,3.0,3.0,3.0,4.0,2.5720192233070454
2.0,3.0,3.0,3.0,4.0,1.0,1.9926519117339976
2.0,3.0,3.0,3.0,4.0,2.0,2.300261735844243
2.0,3.0,3.0,3.0,4.0,3.0,2.5743535333716236
2.0,3.0,3.0,3.0,4.0,4.0,2.623399382627062
2.0,3.0,3.0,3.0,4.0,5.0,2.921697258356629
2.0,3.0,3.0,3.0,5.0,3.0,2.5743535355966705
2.0,3.0,3.0,3.0,5.0,4.0,2.8069478152004295
2.0,3.0,3.0,4.0,1.0,1.0,1.8306629750969166
2.0,3.0,3.0,4.0,1.0,2.0,1.973559013341037
2.0,3.0,3.0,4.0,1.0,3.0,2.09585904677653
2.0,3.0,3.0,4.0,2.0,1.0,1.975647198563355
2.0,3.0,3.0,4.0,2.0,2.0,2.2056153319409635
2.0,3.0,3.0,4.0,2.0,3.0,2.2654703386670265
2.0,3.0,3.0,4.0,2.0,4.0,2.57201921552292
2.0,3.0,3.0,4.0,3.0,1.0,1.9926519092960233
2.0,3.0,3.0,4.0,3.0,2.0,2.221282489887071
2.0,3.0,3.0,4.0,3.0,3.0,2.608421972822622
2.0,3.0,3.0,4.0,3.0,4.0,2.6263215923733387
2.0,3.0,3.0,4.0,3.0,5.0,2.903435449262626
2.0,3.0,3.0,4.0,4.0,1.0,2.002535376284165
2.0,3.0,3.0,4.0,4.0,2.0,2.300261726769656
2.0,3.0,3.0,4.0,4.0,3.0,2.6900726385613654
2.0,3.0,3.0,4.0,4.0,4.0,2.738538205456285
2.0,3.0,3.0,4.0,4.0,5.0,2.921697267923527
2.0,3.0,3.0,4.0,5.0,3.0,2.8297044078526414
2.0,3.0,3.0,4.0,5.0,4.0,2.8297044097135022
2.0,3.0,3.0,4.0,5.0,5.0,2.9216972714295166
2.0,3.0,3.0,5.0,1.0,2.0,2.352770236663061
2.0,3.0,3.0,5.0,2.0,3.0,2.3527702496733016
2.0,3.0,3.0,5.0,3.0,1.0,1.9926519146604502
2.0,3.0,3.0,5.0,3.0,2.0,2.3527702366177254
2.0,3.0,3.0,5.0,3.0,3.0,2.6263215113622373
2.0,3.0,3.0,5.0,3.0,4.0,2.626321554762334
2.0,3.0,3.0,5.0,3.0,5.0,2.9034354520766583
2.0,3.0,3.0,5.0,4.0,1.0,2.0158291193906805
2.0,3.0,3.0,5.0,4.0,3.0,2.738538204322317
2.0,3.0,3.0,5.0,4.0,4.0,2.7385382211932146
2.0,3.0,3.0,5.0,4.0,5.0,2.921697288270743
2.0,3.0,3.0,5.0,5.0,3.0,2.829704417099435
2.0,3.0,3.0,5.0,5.0,4.0,2.829704420010442
2.0,3.0,3.0,5.0,5.0,5.0,2.9216972951754
2.0,3.0,4.0,1.0,1.0,1.0,1.2886932922197887
2.0,3.0,4.0,1.0,2.0,1.0,1.288702840492196
2.0,3.0,4.0,1.0,2.0,2.0,1.5756578158313266
2.0,3.0,4.0,1.0,3.0,1.0,1.6507400437169433
2.0,3.0,4.0,2.0,1.0,2.0,1.6088698707797626
2.0,3.0,4.0,2.0,2.0,2.0,1.9526679635197255
2.0,3.0,4.0,2.0,2.0,3.0,1.9526679855125064
2.0,3.0,4.0,2.0,2.0,4.0,2.0381860516839314
2.0,3.0,4.0,2.0,3.0,1.0,1.6954342247398464
2.0,3.0,4.0,2.0,3.0,2.0,2.0050249014784396
2.0,3.0,4.0,2.0,3.0,3.0,2.425324698161669
2.0,3.0,4.0,2.0,4.0,3.0,2.440225041574999
2.0,3.0,4.0,2.0,4.0,4.0,2.507294290219507
2.0,3.0,4.0,2.0,5.0,2.0,2.1123461842502973
2.0,3.0,4.0,2.0,5.0,3.0,2.6041107116700206
2.0,3.0,4.0,3.0,1.0,3.0,2.095859008391731
2.0,3.0,4.0,3.0,2.0,3.0,2.3320012772296375
2.0,3.0,4.0,3.0,3.0,3.0,2.4986593969750412
2.0,3.0,4.0,3.0,4.0,3.0,2.7560853200089883
2.0,3.0,4.0,3.0,4.0,4.0,2.8069478266245893
2.0,3.0,4.0,3.0,5.0,3.0,2.8069478006898323
2.0,3.0,4.0,3.0,5.0,4.0,2.8069478162538877
2.0,3.0,4.0,4.0,2.0,2.0,2.205615332095063
2.0,3.0,4.0,4.0,2.0,3.0,2.423167399505623
2.0,3.0,4.0,4.0,3.0,2.0,2.608421809618984
2.0,3.0,4.0,4.0,3.0,3.0,2.6084218943726274
2.0,3.0,4.0,4.0,3.0,4.0,2.6263216356443646
2.0,3.0,4.0,4.0,4.0,3.0,2.756085326878911
2.0,3.0,4.0,4.0,4.0,4.0,2.8069478588147097
2.0,3.0,4.0,4.0,5.0,4.0,3.0026396977770817
2.0,3.0,4.0,4.0,5.0,5.0,3.280916794682222
2.0,3.0,4.0,5.0,2.0,4.0,2.5720192070104075
2.0,3.0,4.0,5.0,4.0,3.0,2.756085342921075
2.0,3.0,4.0,5.0,4.0,4.0,2.806947868035991
2.0,3.0,4.0,5.0,5.0,2.0,2.6084217977205206
2.0,3.0,4.0,5.0,5.0,3.0,2.9948858366145044
2.0,3.0,4.0,5.0,5.0,4.0,3.2809167874073015
2.0,3.0,4.0,5.0,5.0,5.0,3.280916801439822
2.0,3.0,5.0,1.0,1.0,1.0,1.288667153463877
2.0,3.0,5.0,1.0,1.0,3.0,2.0163836688671095
2.0,3.0,5.0,2.0,1.0,2.0,1.6088698093812297
2.0,3.0,5.0,2.0,4.0,4.0,2.9885916520647573
2.0,3.0,5.0,3.0,1.0,3.0,2.4253248094643722
2.0,3.0,5.0,3.0,3.0,3.0,2.7559975816705706
2.0,3.0,5.0,3.0,3.0,4.0,2.988441307555562
2.0,3.0,5.0,3.0,5.0,5.0,3.036377088735578
2.0,3.0,5.0,4.0,1.0,1.0,2.014169709836969
2.0,3.0,5.0,4.0,5.0,3.0,3.0075756233791635
2.0,3.0,5.0,5.0,2.0,5.0,2.572019211809907
2.0,3.0,5.0,5.0,3.0,5.0,3.338830544712037
2.0,3.0,5.0,5.0,4.0,3.0,3.011966806285664
2.0,3.0,5.0,5.0,4.0,4.0,3.3351892215109653
2.0,3.0,5.0,5.0,5.0,4.0,3.3351892301458346
2.0,3.0,5.0,5.0,5.0,5.0,3.3388305627440196
2.0,4.0,1.0,1.0,1.0,1.0,1.2853336980205616
2.0,4.0,1.0,1.0,1.0,2.0,1.3126279264931167
2.0,4.0,1.0,1.0,2.0,1.0,1.286094782853077
2.0,4.0,1.0,1.0,2.0,2.0,1.4555991121919576
2.0,4.0,1.0,1.0,3.0,1.0,1.2860949765940923
2.0,4.0,1.0,1.0,3.0,2.0,1.4555991074718553
2.0,4.0,1.0,1.0,3.0,3.0,1.4555991131398953
2.0,4.0,1.0,1.0,4.0,1.0,1.2860916809979968
2.0,4.0,1.0,1.0,4.0,2.0,1.4555991012136682
2.0,4.0,1.0,1.0,4.0,3.0,1.4555991165979083
2.0,4.0,1.0,1.0,4.0,4.0,1.4555991287151795
2.0,4.0,1.0,2.0,1.0,1.0,1.2860878073512918
2.0,4.0,1.0,2.0,1.0,2.0,1.4059926897582715
2.0,4.0,1.0,2.0,1.0,3.0,1.494620451469726
2.0,4.0,1.0,2.0,1.0,4.0,1.8589915523243536
2.0,4.0,1.0,2.0,2.0,1.0,1.3959316259771086
2.0,4.0,1.0,2.0,2.0,2.0,1.5900592891224026
2.0,4.0,1.0,2.0,2.0,3.0,1.6873738852675633
2.0,4.0,1.0,2.0,3.0,1.0,1.4805599890964405
2.0,4.0,1.0,2.0,3.0,2.0,1.687373910356771
2.0,4.0,1.0,2.0,3.0,3.0,1.6873739125596743
2.0,4.0,1.0,2.0,3.0,4.0,1.8589915615619033
2.0,4.0,1.0,2.0,4.0,1.0,1.4805599799455773
2.0,4.0,1.0,2.0,4.0,2.0,1.6873739040620583
2.0,4.0,1.0,2.0,4.0,3.0,1.6873739125548013
2.0,4.0,1.0,2.0,5.0,3.0,1.6873739043633866
2.0,4.0,1.0,3.0,1.0,1.0,1.3267154555441567
2.0,4.0,1.0,3.0,1.0,2.0,1.4059927107955927
2.0,4.0,1.0,3.0,1.0,3.0,1.72945751203562
2.0,4.0,1.0,3.0,1.0,4.0,1.8620689882344381
2.0,4.0,1.0,3.0,2.0,1.0,1.4805599778491962
2.0,4.0,1.0,3.0,2.0,2.0,1.7668992962432475
2.0,4.0,1.0,3.0,2.0,3.0,1.820124891140867
2.0,4.0,1.0,3.0,3.0,1.0,1.4805600014192597
2.0,4.0,1.0,3.0,3.0,2.0,1.7668993170170526
2.0,4.0,1.0,3.0,3.0,3.0,1.8201249358967695
2.0,4.0,1.0,3.0,4.0,1.0,1.4930491447826972
2.0,4.0,1.0,3.0,4.0,2.0,1.8201249137266997
2.0,4.0,1.0,3.0,4.0,3.0,1.8201249359706475
2.0,4.0,1.0,3.0,4.0,4.0,2.0035733439407384
2.0,4.0,1.0,3.0,5.0,2.0,1.8201249156245176
2.0,4.0,1.0,3.0,5.0,4.0,2.24101609700346
2.0,4.0,1.0,4.0,1.0,1.0,1.3267154579196183
2.0,4.0,1.0,4.0,1.0,2.0,1.4977251184992642
2.0,4.0,1.0,4.0,1.0,3.0,1.7294575208126934
2.0,4.0,1.0,4.0,1.0,4.0,1.862069017614709
2.0,4.0,1.0,4.0,2.0,1.0,1.4805599598672998
2.0,4.0,1.0,4.0,2.0,2.0,1.7668993084148037
2.0,4.0,1.0,4.0,2.0,3.0,1.8787386277847589
2.0,4.0,1.0,4.0,3.0,1.0,1.497995919216697
2.0,4.0,1.0,4.0,3.0,2.0,1.7668993254974332
2.0,4.0,1.0,4.0,3.0,3.0,1.8787386349233341
2.0,4.0,1.0,4.0,3.0,4.0,2.0035733433646628
2.0,4.0,1.0,4.0,4.0,1.0,1.6588492856072925
2.0,4.0,1.0,4.0,4.0,2.0,1.8787385981951947
2.0,4.0,1.0,4.0,4.0,3.0,2.003573323866837
2.0,4.0,1.0,4.0,4.0,4.0,2.003573342758125
2.0,4.0,1.0,4.0,5.0,2.0,1.9941430682181633
2.0,4.0,1.0,5.0,1.0,1.0,1.3267154681905513
2.0,4.0,1.0,5.0,1.0,4.0,1.8620690246370712
2.0,4.0,1.0,5.0,1.0,5.0,1.8620690373302533
2.0,4.0,1.0,5.0,3.0,2.0,1.9805486771726835
2.0,4.0,1.0,5.0,3.0,3.0,2.3480730499686375
2.0,4.0,1.0,5.0,3.0,4.0,2.3480730987463057
2.0,4.0,1.0,5.0,3.0,5.0,2.3480731299730704
2.0,4.0,1.0,5.0,4.0,4.0,2.34807313194694
2.0,4.0,1.0,5.0,4.0,5.0,2.3480731530530226
2.0,4.0,1.0,5.0,5.0,2.0,2.24281269440044
2.0,4.0,1.0,5.0,5.0,5.0,2.3480731850091403
2.0,4.0,2.0,1.0,1.0,1.0,1.2887469064962382
2.0,4.0,2.0,1.0,1.0,2.0,1.4337088505455235
2.0,4.0,2.0,1.0,1.0,3.0,1.433708845113862
2.0,4.0,2.0,1.0,2.0,1.0,1.3653636456158396
2.0,4.0,2.0,1.0,2.0,2.0,1.6724723044302674
2.0,4.0,2.0,1.0,2.0,3.0,1.672472301301511
2.0,4.0,2.0,1.0,3.0,1.0,1.3653636206816477
2.0,4.0,2.0,1.0,3.0,2.0,1.6724723161962398
2.0,4.0,2.0,1.0,3.0,3.0,1.6724723149675467
2.0,4.0,2.0,1.0,3.0,4.0,1.906767336075544
2.0,4.0,2.0,1.0,4.0,1.0,1.365363603922018
2.0,4.0,2.0,1.0,4.0,2.0,1.7615362761534765
2.0,4.0,2.0,1.0,4.0,3.0,1.7615362546212716
2.0,4.0,2.0,1.0,4.0,4.0,1.9067673749001408
2.0,4.0,2.0,1.0,5.0,2.0,2.0945202469038677
2.0,4.0,2.0,1.0,5.0,3.0,2.094520241166325
2.0,4.0,2.0,2.0,1.0,1.0,1.447775764226595
2.0,4.0,2.0,2.0,1.0,2.0,1.7956218482348745
2.0,4.0,2.0,2.0,1.0,3.0,1.7966780967438607
2.0,4.0,2.0,2.0,2.0,1.0,1.447775776012854
2.0,4.0,2.0,2.0,2.0,2.0,1.9661846858163046
2.0,4.0,2.0,2.0,2.0,3.0,1.9976321316401033
2.0,4.0,2.0,2.0,2.0,4.0,2.2438462390507103
2.0,4.0,2.0,2.0,3.0,1.0,1.4805599698991725
2.0,4.0,2.0,2.0,3.0,2.0,1.9734838686000773
2.0,4.0,2.0,2.0,3.0,3.0,2.0833863279556892
2.0,4.0,2.0,2.0,3.0,4.0,2.243846238451939
2.0,4.0,2.0,2.0,4.0,1.0,1.789344555435306
2.0,4.0,2.0,2.0,4.0,2.0,2.104467732153863
2.0,4.0,2.0,2.0,4.0,3.0,2.10446774034953
2.0,4.0,2.0,2.0,4.0,4.0,2.3959050833407542
2.0,4.0,2.0,2.0,4.0,5.0,2.4902787657808427
2.0,4.0,2.0,2.0,5.0,2.0,2.1044677375693372
2.0,4.0,2.0,2.0,5.0,3.0,2.1044677333020285
2.0,4.0,2.0,3.0,1.0,1.0,1.5121358715356445
2.0,4.0,2.0,3.0,1.0,2.0,1.9419071874085172
2.0,4.0,2.0,3.0,1.0,3.0,2.0958590421921612
2.0,4.0,2.0,3.0,1.0,4.0,2.1372902324172562
2.0,4.0,2.0,3.0,2.0,1.0,1.852943677976375
2.0,4.0,2.0,3.0,2.0,2.0,1.9735591649742672
2.0,4.0,2.0,3.0,2.0,3.0,2.152013683903388
2.0,4.0,2.0,3.0,2.0,4.0,2.2438462600301636
2.0,4.0,2.0,3.0,3.0,1.0,1.99265191343685
2.0,4.0,2.0,3.0,3.0,2.0,2.131191801945829
2.0,4.0,2.0,3.0,3.0,3.0,2.3113744915444983
2.0,4.0,2.0,3.0,3.0,4.0,2.3841315238954155
2.0,4.0,2.0,3.0,4.0,2.0,2.1311918060486263
2.0,4.0,2.0,3.0,4.0,3.0,2.311374492372231
2.0,4.0,2.0,3.0,4.0,4.0,2.428520127247006
2.0,4.0,2.0,3.0,4.0,5.0,2.490278802277221
2.0,4.0,2.0,4.0,1.0,1.0,1.8529436964974835
2.0,4.0,2.0,4.0,1.0,2.0,1.9735590914168404
2.0,4.0,2.0,4.0,1.0,3.0,2.1372902343379807
2.0,4.0,2.0,4.0,1.0,4.0,2.137290252669149
2.0,4.0,2.0,4.0,2.0,1.0,1.8529436875176386
2.0,4.0,2.0,4.0,2.0,2.0,1.9735591405294202
2.0,4.0,2.0,4.0,2.0,3.0,2.1520136814893105
2.0,4.0,2.0,4.0,2.0,4.0,2.243846280740668
2.0,4.0,2.0,4.0,3.0,1.0,1.992651920930754
2.0,4.0,2.0,4.0,3.0,2.0,2.1311917953166977
2.0,4.0,2.0,4.0,3.0,3.0,2.311374495220037
2.0,4.0,2.0,4.0,3.0,4.0,2.4285201672661136
2.0,4.0,2.0,4.0,4.0,1.0,1.9948605614177792
2.0,4.0,2.0,4.0,4.0,2.0,2.131191800581638
2.0,4.0,2.0,4.0,4.0,3.0,2.311374509661605
2.0,4.0,2.0,4.0,4.0,4.0,2.428520170085469
2.0,4.0,2.0,4.0,4.0,5.0,2.490278845312596
2.0,4.0,2.0,4.0,5.0,2.0,2.1311917970862897
2.0,4.0,2.0,4.0,5.0,3.0,2.5637983511466316
2.0,4.0,2.0,4.0,5.0,4.0,2.5955976025722727
2.0,4.0,2.0,4.0,5.0,5.0,2.595597596264203
2.0,4.0,2.0,5.0,1.0,1.0,1.9585964171368693
2.0,4.0,2.0,5.0,1.0,2.0,1.9796440244813618
2.0,4.0,2.0,5.0,1.0,3.0,2.1372902577912827
2.0,4.0,2.0,5.0,1.0,4.0,2.137290266665453
2.0,4.0,2.0,5.0,2.0,2.0,2.0636111656042933
2.0,4.0,2.0,5.0,2.0,4.0,2.2438462887937787
2.0,4.0,2.0,5.0,3.0,1.0,1.9926519346579485
2.0,4.0,2.0,5.0,3.0,3.0,2.3480730344147522
2.0,4.0,2.0,5.0,3.0,4.0,2.4285201827608827
2.0,4.0,2.0,5.0,3.0,5.0,2.490278871736966
2.0,4.0,2.0,5.0,4.0,2.0,2.1311917976899744
2.0,4.0,2.0,5.0,4.0,3.0,2.3480730332586384
2.0,4.0,2.0,5.0,4.0,4.0,2.4314151059343114
2.0,4.0,2.0,5.0,4.0,5.0,2.4902788742869
2.0,4.0,2.0,5.0,5.0,3.0,2.563798363261489
2.0,4.0,2.0,5.0,5.0,4.0,2.595597608936547
2.0,4.0,2.0,5.0,5.0,5.0,2.8031786244461943
2.0,4.0,3.0,1.0,1.0,1.0,1.2887395583368821
2.0,4.0,3.0,1.0,1.0,3.0,1.7966780851620197
2.0,4.0,3.0,1.0,2.0,1.0,1.401378597744421
2.0,4.0,3.0,1.0,2.0,2.0,1.6724722896268902
2.0,4.0,3.0,1.0,2.0,4.0,2.0079918366654947
2.0,4.0,3.0,1.0,3.0,1.0,1.650740066578609
2.0,4.0,3.0,1.0,3.0,2.0,1.672472300030009
2.0,4.0,3.0,1.0,3.0,3.0,2.0841624909103458
2.0,4.0,3.0,1.0,3.0,4.0,2.0841624825772564
2.0,4.0,3.0,1.0,4.0,2.0,2.1123462457007416
2.0,4.0,3.0,1.0,4.0,3.0,2.189222611453865
2.0,4.0,3.0,1.0,4.0,4.0,2.4402250712684794
2.0,4.0,3.0,2.0,1.0,1.0,1.4477757454506144
2.0,4.0,3.0,2.0,1.0,2.0,1.7966781236157705
2.0,4.0,3.0,2.0,1.0,3.0,1.7966781041156297
2.0,4.0,3.0,2.0,2.0,1.0,1.7968101176917808
2.0,4.0,3.0,2.0,2.0,2.0,2.1034214558048747
2.0,4.0,3.0,2.0,2.0,3.0,2.232083913243036
2.0,4.0,3.0,2.0,3.0,1.0,1.7968101344627654
2.0,4.0,3.0,2.0,3.0,2.0,2.112346329871009
2.0,4.0,3.0,2.0,3.0,3.0,2.2320839340794634
2.0,4.0,3.0,2.0,3.0,4.0,2.252467952219108
2.0,4.0,3.0,2.0,4.0,1.0,1.8705367256136953
2.0,4.0,3.0,2.0,4.0,2.0,2.112346287033337
2.0,4.0,3.0,2.0,4.0,3.0,2.4402250855444527
2.0,4.0,3.0,2.0,4.0,4.0,2.4402250799317877
2.0,4.0,3.0,2.0,4.0,5.0,2.4902787501439003
2.0,4.0,3.0,2.0,5.0,3.0,2.4902786680759994
2.0,4.0,3.0,2.0,5.0,4.0,2.490278695198988
2.0,4.0,3.0,2.0,5.0,5.0,2.559535736575126
2.0,4.0,3.0,3.0,1.0,2.0,1.9735590256156157
2.0,4.0,3.0,3.0,1.0,3.0,2.095859049821135
2.0,4.0,3.0,3.0,2.0,1.0,1.98494705516185
2.0,4.0,3.0,3.0,2.0,2.0,2.2056153683980257
2.0,4.0,3.0,3.0,2.0,3.0,2.391272351338433
2.0,4.0,3.0,3.0,2.0,4.0,2.5720192097280226
2.0,4.0,3.0,3.0,3.0,1.0,1.992651916137188
2.0,4.0,3.0,3.0,3.0,2.0,2.3002617979829356
2.0,4.0,3.0,3.0,3.0,3.0,2.65488317481866
2.0,4.0,3.0,3.0,3.0,4.0,2.65488318388891
2.0,4.0,3.0,3.0,4.0,1.0,1.9926519169420325
2.0,4.0,3.0,3.0,4.0,2.0,2.3002617778345704
2.0,4.0,3.0,3.0,4.0,3.0,2.704840206122603
2.0,4.0,3.0,3.0,4.0,4.0,2.7817061811471935
2.0,4.0,3.0,3.0,4.0,5.0,2.921697256711483
2.0,4.0,3.0,3.0,5.0,3.0,2.747523122580191
2.0,4.0,3.0,3.0,5.0,4.0,2.8069478227138673
2.0,4.0,3.0,3.0,5.0,5.0,2.971239305183122
2.0,4.0,3.0,4.0,1.0,1.0,1.8529437074922817
2.0,4.0,3.0,4.0,1.0,2.0,1.9735590516142345
2.0,4.0,3.0,4.0,1.0,3.0,2.250103894297454
2.0,4.0,3.0,4.0,1.0,4.0,2.2512100509472566
2.0,4.0,3.0,4.0,2.0,2.0,2.2056153525752196
2.0,4.0,3.0,4.0,2.0,3.0,2.3912723835359566
2.0,4.0,3.0,4.0,2.0,4.0,2.893465544047408
2.0,4.0,3.0,4.0,3.0,1.0,1.992651911264843
2.0,4.0,3.0,4.0,3.0,2.0,2.3726082957528436
2.0,4.0,3.0,4.0,3.0,3.0,2.6548832070596435
2.0,4.0,3.0,4.0,3.0,4.0,2.893465590281251
2.0,4.0,3.0,4.0,3.0,5.0,2.9034354530966766
2.0,4.0,3.0,4.0,4.0,2.0,2.3726083102315156
2.0,4.0,3.0,4.0,4.0,3.0,2.7191099731775688
2.0,4.0,3.0,4.0,4.0,4.0,2.893465639586886
2.0,4.0,3.0,4.0,4.0,5.0,2.9216972768880995
2.0,4.0,3.0,4.0,5.0,1.0,2.0250622343729394
2.0,4.0,3.0,4.0,5.0,4.0,2.971239267968896
2.0,4.0,3.0,4.0,5.0,5.0,2.9712393062128126
2.0,4.0,3.0,5.0,1.0,2.0,2.3527702458494373
2.0,4.0,3.0,5.0,1.0,3.0,2.3527702682764984
2.0,4.0,3.0,5.0,1.0,4.0,2.3527703046208583
2.0,4.0,3.0,5.0,1.0,5.0,2.425324874003459
2.0,4.0,3.0,5.0,2.0,2.0,2.4231675014688614
2.0,4.0,3.0,5.0,2.0,4.0,2.9034354322305633
2.0,4.0,3.0,5.0,3.0,3.0,2.7436938085515115
2.0,4.0,3.0,5.0,3.0,4.0,2.903435445416249
2.0,4.0,3.0,5.0,3.0,5.0,2.9034354584093602
2.0,4.0,3.0,5.0,4.0,3.0,2.7560853418966342
2.0,4.0,3.0,5.0,4.0,4.0,2.9216973272003632
2.0,4.0,3.0,5.0,4.0,5.0,2.921697325715697
2.0,4.0,3.0,5.0,5.0,3.0,2.848616844511137
2.0,4.0,3.0,5.0,5.0,4.0,2.971239289570246
2.0,4.0,3.0,5.0,5.0,5.0,2.9712393136030286
2.0,4.0,4.0,1.0,1.0,2.0,1.4337088440871524
2.0,4.0,4.0,1.0,2.0,4.0,2.0339753917212082
2.0,4.0,4.0,1.0,3.0,1.0,1.6507400495810125
2.0,4.0,4.0,1.0,3.0,2.0,1.6724722872899598
2.0,4.0,4.0,1.0,3.0,3.0,2.0841624872304987
2.0,4.0,4.0,1.0,4.0,2.0,2.1123462337813894
2.0,4.0,4.0,1.0,4.0,4.0,2.4402250658855906
2.0,4.0,4.0,2.0,1.0,3.0,2.0127772043841223
2.0,4.0,4.0,2.0,2.0,3.0,2.3992442230685924
2.0,4.0,4.0,2.0,3.0,1.0,1.8705366998157946
2.0,4.0,4.0,2.0,3.0,2.0,2.166947351761958
2.0,4.0,4.0,2.0,3.0,3.0,2.4253247205360995
2.0,4.0,4.0,2.0,3.0,4.0,2.604110758496813
2.0,4.0,4.0,2.0,4.0,1.0,1.8705367201205572
2.0,4.0,4.0,2.0,4.0,2.0,2.423167495806575
2.0,4.0,4.0,2.0,4.0,3.0,2.604110741339714
2.0,4.0,4.0,2.0,4.0,4.0,2.604110772444655
2.0,4.0,4.0,2.0,4.0,5.0,2.772238727739217
2.0,4.0,4.0,2.0,5.0,2.0,2.501873221575002
2.0,4.0,4.0,3.0,1.0,1.0,1.9926519037465027
2.0,4.0,4.0,3.0,1.0,2.0,2.1038172766462995
2.0,4.0,4.0,3.0,1.0,3.0,2.1038172965249573
2.0,4.0,4.0,3.0,2.0,2.0,2.2056153510209593
2.0,4.0,4.0,3.0,2.0,3.0,2.4231674072751472
2.0,4.0,4.0,3.0,3.0,2.0,2.5018732194308106
2.0,4.0,4.0,3.0,3.0,3.0,2.6647900310964263
2.0,4.0,4.0,3.0,3.0,4.0,2.8069478413639546
2.0,4.0,4.0,3.0,4.0,2.0,2.5018732289346226
2.0,4.0,4.0,3.0,4.0,3.0,2.7560853383659527
2.0,4.0,4.0,3.0,4.0,4.0,2.806947836527611
2.0,4.0,4.0,3.0,4.0,5.0,3.0060325528701473
2.0,4.0,4.0,3.0,5.0,4.0,2.806947834314396
2.0,4.0,4.0,4.0,1.0,2.0,2.1038172857892805
2.0,4.0,4.0,4.0,1.0,3.0,2.250103895258705
2.0,4.0,4.0,4.0,1.0,4.0,2.4253248115775743
2.0,4.0,4.0,4.0,2.0,2.0,2.205615347479956
2.0,4.0,4.0,4.0,2.0,3.0,2.423167431368367
2.0,4.0,4.0,4.0,2.0,4.0,2.8934655475973
2.0,4.0,4.0,4.0,3.0,1.0,1.9926519093071875
2.0,4.0,4.0,4.0,3.0,2.0,2.6084217830357734
2.0,4.0,4.0,4.0,3.0,3.0,2.699397081724593
2.0,4.0,4.0,4.0,3.0,4.0,2.903435434120168
2.0,4.0,4.0,4.0,4.0,1.0,2.329692790321516
2.0,4.0,4.0,4.0,4.0,2.0,2.608421787649491
2.0,4.0,4.0,4.0,4.0,3.0,2.756085353624282
2.0,4.0,4.0,4.0,4.0,4.0,3.123246215084876
2.0,4.0,4.0,4.0,4.0,5.0,3.280916778721179
2.0,4.0,4.0,4.0,5.0,3.0,2.990675177636627
2.0,4.0,4.0,4.0,5.0,4.0,3.280916787350525
2.0,4.0,4.0,4.0,5.0,5.0,3.280916799333523
2.0,4.0,4.0,5.0,1.0,1.0,2.407052560810274
2.0,4.0,4.0,5.0,1.0,4.0,2.432173414745629
2.0,4.0,4.0,5.0,2.0,3.0,2.42316747645753
2.0,4.0,4.0,5.0,2.0,4.0,2.9034354277701353
2.0,4.0,4.0,5.0,3.0,3.0,2.756085343651437
2.0,4.0,4.0,5.0,3.0,4.0,2.9034354415491004
2.0,4.0,4.0,5.0,3.0,5.0,3.019175960964774
2.0,4.0,4.0,5.0,4.0,2.0,2.6084217877757294
2.0,4.0,4.0,5.0,4.0,3.0,2.756085354944281
2.0,4.0,4.0,5.0,4.0,4.0,3.1576262289760617
2.0,4.0,4.0,5.0,4.0,5.0,3.280916784626035
2.0,4.0,4.0,5.0,5.0,2.0,2.6084217854652016
2.0,4.0,4.0,5.0,5.0,3.0,3.280916805520143
2.0,4.0,4.0,5.0,5.0,4.0,3.28091680279898
2.0,4.0,4.0,5.0,5.0,5.0,3.2809168180788033
2.0,4.0,5.0,2.0,2.0,3.0,2.3992442150121276
2.0,4.0,5.0,2.0,3.0,1.0,2.354297373025697
2.0,4.0,5.0,2.0,3.0,3.0,2.4253247208522954
2.0,4.0,5.0,2.0,4.0,3.0,2.6041107289298653
2.0,4.0,5.0,2.0,4.0,4.0,3.009526837593694
2.0,4.0,5.0,3.0,2.0,2.0,2.501873207272078
2.0,4.0,5.0,3.0,3.0,3.0,2.755997587433247
2.0,4.0,5.0,3.0,4.0,2.0,2.501873224303371
2.0,4.0,5.0,3.0,4.0,3.0,2.9899208689270247
2.0,4.0,5.0,3.0,5.0,4.0,3.335189197463709
2.0,4.0,5.0,4.0,2.0,4.0,2.9034353881352923
2.0,4.0,5.0,4.0,3.0,2.0,2.6084217801916307
2.0,4.0,5.0,4.0,3.0,3.0,2.7559975932559944
2.0,4.0,5.0,4.0,3.0,4.0,3.010818129600168
2.0,4.0,5.0,4.0,3.0,5.0,3.4040030247132416
2.0,4.0,5.0,4.0,4.0,4.0,3.123246212948274
2.0,4.0,5.0,4.0,4.0,5.0,3.404003028933552
2.0,4.0,5.0,4.0,5.0,4.0,3.3351892137244468
2.0,4.0,5.0,4.0,5.0,5.0,3.4040030349520602
2.0,4.0,5.0,5.0,1.0,5.0,2.4321734169924065
2.0,4.0,5.0,5.0,2.0,3.0,2.9034353880134858
2.0,4.0,5.0,5.0,2.0,4.0,2.9034354032925678
2.0,4.0,5.0,5.0,3.0,5.0,3.4040030365966585
2.0,4.0,5.0,5.0,4.0,3.0,3.011966826028608
2.0,4.0,5.0,5.0,4.0,4.0,3.3351892297356174
2.0,4.0,5.0,5.0,5.0,2.0,2.6084217836057797
2.0,4.0,5.0,5.0,5.0,4.0,3.335189232838651
2.0,4.0,5.0,5.0,5.0,5.0,3.686092000613311
2.0,5.0,1.0,1.0,1.0,1.0,1.2853124132634917
2.0,5.0,1.0,1.0,1.0,2.0,1.3921459651278127
2.0,5.0,1.0,1.0,1.0,3.0,1.3921459641200933
2.0,5.0,1.0,1.0,2.0,1.0,1.2861038423560505
2.0,5.0,1.0,1.0,2.0,2.0,1.4555991128792707
2.0,5.0,1.0,1.0,2.0,3.0,1.4555990981303764
2.0,5.0,1.0,1.0,3.0,1.0,1.286102863095833
2.0,5.0,1.0,1.0,3.0,3.0,1.4555991113064275
2.0,5.0,1.0,1.0,3.0,4.0,1.8589915672385586
2.0,5.0,1.0,1.0,4.0,1.0,1.2861004985834057
2.0,5.0,1.0,1.0,4.0,2.0,1.4555991059863544
2.0,5.0,1.0,1.0,4.0,3.0,1.4555991197108664
2.0,5.0,1.0,1.0,5.0,1.0,1.2860975830573287
2.0,5.0,1.0,1.0,5.0,3.0,1.455599127198167
2.0,5.0,1.0,2.0,1.0,1.0,1.3267154400687602
2.0,5.0,1.0,2.0,1.0,2.0,1.590059265611015
2.0,5.0,1.0,2.0,2.0,1.0,1.3959316219628135
2.0,5.0,1.0,2.0,2.0,2.0,1.590059301535182
2.0,5.0,1.0,2.0,2.0,3.0,1.6873738911450304
2.0,5.0,1.0,2.0,3.0,1.0,1.4979958986947488
2.0,5.0,1.0,2.0,3.0,2.0,1.7337777237987577
2.0,5.0,1.0,2.0,3.0,3.0,1.733777731527459
2.0,5.0,1.0,2.0,4.0,1.0,1.4979959080931013
2.0,5.0,1.0,2.0,4.0,2.0,1.7337777240155112
2.0,5.0,1.0,2.0,4.0,3.0,1.733777732925783
2.0,5.0,1.0,2.0,5.0,1.0,1.683835074643443
2.0,5.0,1.0,2.0,5.0,2.0,1.7337777254176245
2.0,5.0,1.0,2.0,5.0,3.0,1.7337777346057348
2.0,5.0,1.0,2.0,5.0,5.0,1.8589915705542075
2.0,5.0,1.0,3.0,1.0,1.0,1.3267154637153216
2.0,5.0,1.0,3.0,1.0,2.0,1.6078667814743117
2.0,5.0,1.0,3.0,1.0,3.0,1.7294575253171385
2.0,5.0,1.0,3.0,2.0,2.0,1.8201248696537802
2.0,5.0,1.0,3.0,2.0,3.0,1.820124884615069
2.0,5.0,1.0,3.0,3.0,1.0,1.4979959161739218
2.0,5.0,1.0,3.0,3.0,2.0,1.8201248688601754
2.0,5.0,1.0,3.0,3.0,3.0,2.1945635065483344
2.0,5.0,1.0,3.0,3.0,4.0,2.194563511006577
2.0,5.0,1.0,3.0,4.0,1.0,1.4979959148893927
2.0,5.0,1.0,3.0,4.0,2.0,1.8201249007174927
2.0,5.0,1.0,3.0,4.0,3.0,2.241016088142443
2.0,5.0,1.0,3.0,4.0,4.0,2.241016101149494
2.0,5.0,1.0,3.0,5.0,1.0,1.8201249182779422
2.0,5.0,1.0,3.0,5.0,2.0,1.8201249262802344
2.0,5.0,1.0,3.0,5.0,3.0,2.2410160920410616
2.0,5.0,1.0,3.0,5.0,5.0,2.24101610591974
2.0,5.0,1.0,4.0,1.0,1.0,1.3267154721679566
2.0,5.0,1.0,4.0,1.0,2.0,1.6078668018485514
2.0,5.0,1.0,4.0,1.0,3.0,1.729457526748007
2.0,5.0,1.0,4.0,1.0,4.0,1.8620690414830054
2.0,5.0,1.0,4.0,2.0,2.0,1.8787385852510479
2.0,5.0,1.0,4.0,3.0,1.0,1.4979959208535547
2.0,5.0,1.0,4.0,3.0,2.0,1.8787386069235148
2.0,5.0,1.0,4.0,3.0,3.0,2.194563517582098
2.0,5.0,1.0,4.0,3.0,4.0,2.241016092745512
2.0,5.0,1.0,4.0,4.0,1.0,1.8383397848134069
2.0,5.0,1.0,4.0,4.0,2.0,1.8787386114064046
2.0,5.0,1.0,4.0,4.0,3.0,2.2410160866753714
2.0,5.0,1.0,4.0,4.0,4.0,2.24101610528685
2.0,5.0,1.0,4.0,4.0,5.0,2.241016116269506
2.0,5.0,1.0,4.0,5.0,1.0,1.8383397922708393
2.0,5.0,1.0,4.0,5.0,2.0,2.241016081436396
2.0,5.0,1.0,4.0,5.0,3.0,2.2410160968002497
2.0,5.0,1.0,4.0,5.0,4.0,2.2410161036651535
2.0,5.0,1.0,4.0,5.0,5.0,2.595597627679476
2.0,5.0,1.0,5.0,1.0,1.0,1.3267154771844174
2.0,5.0,1.0,5.0,1.0,2.0,1.6078667992953115
2.0,5.0,1.0,5.0,1.0,3.0,1.8620690481705986
2.0,5.0,1.0,5.0,1.0,5.0,1.8620690524280665
2.0,5.0,1.0,5.0,2.0,2.0,1.9761876709550545
2.0,5.0,1.0,5.0,3.0,3.0,2.3480730728687806
2.0,5.0,1.0,5.0,3.0,4.0,2.3480730942917987
2.0,5.0,1.0,5.0,3.0,5.0,2.3480731281348297
2.0,5.0,1.0,5.0,4.0,2.0,2.0016209689061317
2.0,5.0,1.0,5.0,4.0,4.0,2.5955976039720507
2.0,5.0,1.0,5.0,4.0,5.0,2.6705662883085584
2.0,5.0,1.0,5.0,5.0,1.0,2.0053510132147387
2.0,5.0,1.0,5.0,5.0,2.0,2.242812708717196
2.0,5.0,1.0,5.0,5.0,3.0,2.348073084643513
2.0,5.0,1.0,5.0,5.0,4.0,2.595597613535728
2.0,5.0,1.0,5.0,5.0,5.0,2.8674112987968527
2.0,5.0,2.0,1.0,1.0,1.0,1.4290645309011323
2.0,5.0,2.0,1.0,1.0,2.0,1.4337088452889808
2.0,5.0,2.0,1.0,1.0,3.0,1.4337088447325532
2.0,5.0,2.0,1.0,2.0,1.0,1.4290645539155873
2.0,5.0,2.0,1.0,2.0,2.0,1.6724723086987194
2.0,5.0,2.0,1.0,3.0,1.0,1.4998578444781638
2.0,5.0,2.0,1.0,3.0,2.0,1.8296009601096492
2.0,5.0,2.0,1.0,4.0,1.0,1.4998578390162425
2.0,5.0,2.0,1.0,4.0,2.0,1.9067673845304114
2.0,5.0,2.0,1.0,4.0,3.0,1.9067673907518579
2.0,5.0,2.0,1.0,4.0,4.0,1.9067673921936543
2.0,5.0,2.0,1.0,4.0,5.0,2.039027203647466
2.0,5.0,2.0,1.0,5.0,1.0,1.6784818724065023
2.0,5.0,2.0,1.0,5.0,2.0,2.0945202735103092
2.0,5.0,2.0,1.0,5.0,4.0,2.4902787289102215
2.0,5.0,2.0,2.0,1.0,1.0,1.4477757561230384
2.0,5.0,2.0,2.0,1.0,2.0,1.8840273114495443
2.0,5.0,2.0,2.0,2.0,1.0,1.8705367884879485
2.0,5.0,2.0,2.0,2.0,2.0,2.063611172493745
2.0,5.0,2.0,2.0,2.0,3.0,2.0636111709164364
2.0,5.0,2.0,2.0,3.0,1.0,1.870536798072699
2.0,5.0,2.0,2.0,3.0,2.0,2.063611197328012
2.0,5.0,2.0,2.0,3.0,3.0,2.08338636324541
2.0,5.0,2.0,2.0,3.0,4.0,2.3841315317860055
2.0,5.0,2.0,2.0,3.0,5.0,2.3841315382741035
2.0,5.0,2.0,2.0,4.0,1.0,1.8705367781146567
2.0,5.0,2.0,2.0,4.0,2.0,2.1044677633897853
2.0,5.0,2.0,2.0,4.0,3.0,2.1044677648791796
2.0,5.0,2.0,2.0,5.0,2.0,2.1044677801456215
2.0,5.0,2.0,2.0,5.0,5.0,2.4902787546356775
2.0,5.0,2.0,3.0,1.0,1.0,1.5960956353123872
2.0,5.0,2.0,3.0,1.0,2.0,1.9926519985112003
2.0,5.0,2.0,3.0,1.0,3.0,2.1372902291248397
2.0,5.0,2.0,3.0,2.0,1.0,1.8842050769219536
2.0,5.0,2.0,3.0,2.0,2.0,2.063611195738491
2.0,5.0,2.0,3.0,2.0,3.0,2.152383385828771
2.0,5.0,2.0,3.0,3.0,1.0,1.9926519336441502
2.0,5.0,2.0,3.0,3.0,2.0,2.1311918032316486
2.0,5.0,2.0,3.0,3.0,3.0,2.3841315405907957
2.0,5.0,2.0,3.0,3.0,4.0,2.384131539905127
2.0,5.0,2.0,3.0,3.0,5.0,2.595597609441852
2.0,5.0,2.0,3.0,4.0,2.0,2.131191818337434
2.0,5.0,2.0,3.0,4.0,3.0,2.483240892452249
2.0,5.0,2.0,3.0,4.0,4.0,2.5955975734464998
2.0,5.0,2.0,3.0,5.0,2.0,2.1311918206518357
2.0,5.0,2.0,3.0,5.0,3.0,2.4961356558580183
2.0,5.0,2.0,3.0,5.0,4.0,2.5955975887120144
2.0,5.0,2.0,4.0,1.0,1.0,1.8529437044726242
2.0,5.0,2.0,4.0,1.0,2.0,1.992652002241437
2.0,5.0,2.0,4.0,1.0,3.0,2.137290248128597
2.0,5.0,2.0,4.0,1.0,4.0,2.137290263908269
2.0,5.0,2.0,4.0,2.0,2.0,2.0636111901543797
2.0,5.0,2.0,4.0,2.0,3.0,2.1523834093776335
2.0,5.0,2.0,4.0,3.0,1.0,1.9926519453611997
2.0,5.0,2.0,4.0,3.0,2.0,2.1311918053688212
2.0,5.0,2.0,4.0,3.0,3.0,2.4832408761878657
2.0,5.0,2.0,4.0,3.0,4.0,2.595597612757337
2.0,5.0,2.0,4.0,3.0,5.0,2.5955976163517565
2.0,5.0,2.0,4.0,4.0,1.0,2.310812212618093
2.0,5.0,2.0,4.0,4.0,2.0,2.3108122218281912
2.0,5.0,2.0,4.0,4.0,3.0,2.483240897058826
2.0,5.0,2.0,4.0,4.0,4.0,2.5955976104212635
2.0,5.0,2.0,4.0,4.0,5.0,2.5955976163055943
2.0,5.0,2.0,4.0,5.0,2.0,2.310812235935327
2.0,5.0,2.0,4.0,5.0,3.0,2.5637983572507586
2.0,5.0,2.0,4.0,5.0,4.0,2.595597610050643
2.0,5.0,2.0,4.0,5.0,5.0,2.595597623538381
2.0,5.0,2.0,5.0,1.0,1.0,1.9676794987751227
2.0,5.0,2.0,5.0,1.0,2.0,1.9959668601304157
2.0,5.0,2.0,5.0,1.0,3.0,2.1372902639102835
2.0,5.0,2.0,5.0,1.0,4.0,2.137290272902881
2.0,5.0,2.0,5.0,1.0,5.0,2.137290293189717
2.0,5.0,2.0,5.0,2.0,2.0,2.0636111869354115
2.0,5.0,2.0,5.0,2.0,3.0,2.1523834361972694
2.0,5.0,2.0,5.0,2.0,5.0,2.503813291817985
2.0,5.0,2.0,5.0,3.0,1.0,1.9926519525085118
2.0,5.0,2.0,5.0,3.0,2.0,2.131191801186074
2.0,5.0,2.0,5.0,3.0,3.0,2.4832409022094404
2.0,5.0,2.0,5.0,3.0,4.0,2.5955976194887644
2.0,5.0,2.0,5.0,3.0,5.0,2.595597630647346
2.0,5.0,2.0,5.0,4.0,2.0,2.3108122537854996
2.0,5.0,2.0,5.0,4.0,3.0,2.563798326828326
2.0,5.0,2.0,5.0,4.0,4.0,2.5955976193652517
2.0,5.0,2.0,5.0,4.0,5.0,2.670566284406835
2.0,5.0,2.0,5.0,5.0,2.0,2.3108122736475467
2.0,5.0,2.0,5.0,5.0,3.0,2.563798364876677
2.0,5.0,2.0,5.0,5.0,4.0,2.5955976194504626
2.0,5.0,2.0,5.0,5.0,5.0,2.9381626779161136
2.0,5.0,3.0,1.0,1.0,1.0,1.4290645375320186
2.0,5.0,3.0,1.0,1.0,2.0,1.6724722536693144
2.0,5.0,3.0,1.0,2.0,1.0,1.4290645485967892
2.0,5.0,3.0,1.0,2.0,2.0,1.6724722807932841
2.0,5.0,3.0,1.0,2.0,3.0,1.9960273469137275
2.0,5.0,3.0,1.0,3.0,1.0,1.6507400834868768
2.0,5.0,3.0,1.0,3.0,2.0,2.0841625458123527
2.0,5.0,3.0,1.0,3.0,3.0,2.084162509370545
2.0,5.0,3.0,1.0,4.0,2.0,2.189222597475666
2.0,5.0,3.0,1.0,4.0,3.0,2.189222613594049
2.0,5.0,3.0,1.0,5.0,2.0,2.189222595492769
2.0,5.0,3.0,1.0,5.0,3.0,2.333214400512206
2.0,5.0,3.0,1.0,5.0,4.0,2.4902787129155737
2.0,5.0,3.0,1.0,5.0,5.0,2.4902787211211543
2.0,5.0,3.0,2.0,1.0,1.0,1.4477757450934972
2.0,5.0,3.0,2.0,1.0,2.0,1.9909946305444262
2.0,5.0,3.0,2.0,1.0,3.0,2.425324772607389
2.0,5.0,3.0,2.0,2.0,1.0,1.8705367872587346
2.0,5.0,3.0,2.0,2.0,2.0,2.2270563504337133
2.0,5.0,3.0,2.0,3.0,1.0,1.8705368009066232
2.0,5.0,3.0,2.0,3.0,2.0,2.227056371825908
2.0,5.0,3.0,2.0,3.0,3.0,2.425324800159448
2.0,5.0,3.0,2.0,3.0,4.0,2.4902786885369887
2.0,5.0,3.0,2.0,4.0,2.0,2.423167539060027
2.0,5.0,3.0,2.0,4.0,3.0,2.490278697470505
2.0,5.0,3.0,2.0,4.0,4.0,2.490278703029433
2.0,5.0,3.0,2.0,4.0,5.0,2.4902787365505508
2.0,5.0,3.0,2.0,5.0,1.0,1.8705367650506524
2.0,5.0,3.0,2.0,5.0,3.0,2.4902786882040213
2.0,5.0,3.0,2.0,5.0,4.0,2.4902787017421395
2.0,5.0,3.0,2.0,5.0,5.0,2.5595357410709547
2.0,5.0,3.0,3.0,1.0,1.0,1.992651966441065
2.0,5.0,3.0,3.0,1.0,2.0,1.9926519970502246
2.0,5.0,3.0,3.0,1.0,3.0,2.4253248069549977
2.0,5.0,3.0,3.0,1.0,4.0,2.425324824520933
2.0,5.0,3.0,3.0,2.0,2.0,2.2270563375600303
2.0,5.0,3.0,3.0,2.0,3.0,2.5678350315691785
2.0,5.0,3.0,3.0,3.0,1.0,1.9926519438886088
2.0,5.0,3.0,3.0,3.0,2.0,2.3002618596458917
2.0,5.0,3.0,3.0,3.0,3.0,2.7475231261254205
2.0,5.0,3.0,3.0,3.0,4.0,2.809832709972899
2.0,5.0,3.0,3.0,4.0,2.0,2.423167600371098
2.0,5.0,3.0,3.0,4.0,3.0,2.7475231321389364
2.0,5.0,3.0,3.0,4.0,4.0,2.809832716932097
2.0,5.0,3.0,3.0,5.0,2.0,2.4231676258948562
2.0,5.0,3.0,3.0,5.0,3.0,2.7475231341404958
2.0,5.0,3.0,3.0,5.0,4.0,2.9931706684359165
2.0,5.0,3.0,3.0,5.0,5.0,2.99317066413552
2.0,5.0,3.0,4.0,1.0,1.0,2.091787631059451
2.0,5.0,3.0,4.0,1.0,2.0,2.091787628405966
2.0,5.0,3.0,4.0,1.0,3.0,2.4253248421763125
2.0,5.0,3.0,4.0,1.0,4.0,2.4253248393852957
2.0,5.0,3.0,4.0,1.0,5.0,2.4253248644480685
2.0,5.0,3.0,4.0,2.0,1.0,2.091787654726313
2.0,5.0,3.0,4.0,2.0,2.0,2.2270563382296786
2.0,5.0,3.0,4.0,2.0,3.0,2.6960543656653373
2.0,5.0,3.0,4.0,2.0,4.0,2.9034354388828416
2.0,5.0,3.0,4.0,3.0,1.0,2.3296927957382483
2.0,5.0,3.0,4.0,3.0,2.0,2.372608303829717
2.0,5.0,3.0,4.0,3.0,3.0,2.747523128568154
2.0,5.0,3.0,4.0,3.0,4.0,2.9034354405866782
2.0,5.0,3.0,4.0,3.0,5.0,2.9034354537180556
2.0,5.0,3.0,4.0,4.0,2.0,2.4231676399542503
2.0,5.0,3.0,4.0,4.0,3.0,2.848616798514833
2.0,5.0,3.0,4.0,4.0,4.0,2.9931706585703672
2.0,5.0,3.0,4.0,4.0,5.0,2.993170689206827
2.0,5.0,3.0,4.0,5.0,2.0,2.423167646982814
2.0,5.0,3.0,4.0,5.0,3.0,2.848616826526446
2.0,5.0,3.0,4.0,5.0,4.0,2.993170674741944
2.0,5.0,3.0,4.0,5.0,5.0,2.9931706740094652
2.0,5.0,3.0,5.0,1.0,1.0,2.091787678111902
2.0,5.0,3.0,5.0,1.0,2.0,2.3527702502043963
2.0,5.0,3.0,5.0,1.0,3.0,2.4253248530054
2.0,5.0,3.0,5.0,1.0,4.0,2.4253248695214125
2.0,5.0,3.0,5.0,1.0,5.0,2.4253248833329275
2.0,5.0,3.0,5.0,2.0,1.0,2.091787671470866
2.0,5.0,3.0,5.0,2.0,2.0,2.423167541858427
2.0,5.0,3.0,5.0,2.0,3.0,2.747523150048019
2.0,5.0,3.0,5.0,2.0,4.0,2.9034354481457507
2.0,5.0,3.0,5.0,2.0,5.0,2.903435458226415
2.0,5.0,3.0,5.0,3.0,2.0,2.4231675930828813
2.0,5.0,3.0,5.0,3.0,3.0,2.7475231690884154
2.0,5.0,3.0,5.0,3.0,4.0,2.9034354530718365
2.0,5.0,3.0,5.0,3.0,5.0,2.903435465503083
2.0,5.0,3.0,5.0,4.0,2.0,2.4231676353240554
2.0,5.0,3.0,5.0,4.0,3.0,2.848616821350806
2.0,5.0,3.0,5.0,4.0,4.0,2.9931706909458833
2.0,5.0,3.0,5.0,4.0,5.0,2.9931707132401
2.0,5.0,3.0,5.0,5.0,1.0,2.423167671627186
2.0,5.0,3.0,5.0,5.0,2.0,2.423167664566007
2.0,5.0,3.0,5.0,5.0,3.0,2.8486168487683856
2.0,5.0,3.0,5.0,5.0,4.0,2.9931707189970327
2.0,5.0,3.0,5.0,5.0,5.0,2.9931707539093395
2.0,5.0,4.0,1.0,1.0,2.0,2.0841624471701854
2.0,5.0,4.0,1.0,2.0,1.0,1.429064547136897
2.0,5.0,4.0,1.0,3.0,3.0,2.0841624834942416
2.0,5.0,4.0,1.0,4.0,3.0,2.361219531154553
2.0,5.0,4.0,1.0,5.0,3.0,2.3612195395845856
2.0,5.0,4.0,2.0,2.0,2.0,2.423167389749014
2.0,5.0,4.0,2.0,3.0,2.0,2.4231674291885663
2.0,5.0,4.0,2.0,3.0,3.0,2.425324771330598
2.0,5.0,4.0,2.0,4.0,2.0,2.423167493358781
2.0,5.0,4.0,2.0,4.0,3.0,2.6041107380052497
2.0,5.0,4.0,2.0,4.0,5.0,2.7722387371843276
2.0,5.0,4.0,2.0,5.0,1.0,1.8705367457927666
2.0,5.0,4.0,2.0,5.0,3.0,2.6041107292864014
2.0,5.0,4.0,2.0,5.0,5.0,2.7722387515545157
2.0,5.0,4.0,3.0,2.0,1.0,1.9926519363911008
2.0,5.0,4.0,3.0,2.0,3.0,2.567835041000418
2.0,5.0,4.0,3.0,3.0,2.0,2.501873222046552
2.0,5.0,4.0,3.0,3.0,3.0,2.747523119419727
2.0,5.0,4.0,3.0,3.0,4.0,2.903435431877422
2.0,5.0,4.0,3.0,4.0,3.0,3.0920544954002196
2.0,5.0,4.0,3.0,4.0,4.0,3.273480740850424
2.0,5.0,4.0,3.0,4.0,5.0,3.2853197570105857
2.0,5.0,4.0,3.0,5.0,4.0,3.2809168227101297
2.0,5.0,4.0,3.0,5.0,5.0,3.6154606303087364
2.0,5.0,4.0,4.0,1.0,1.0,2.0917876217950395
2.0,5.0,4.0,4.0,1.0,2.0,2.1038172962469917
2.0,5.0,4.0,4.0,1.0,4.0,2.4253248363791413
2.0,5.0,4.0,4.0,2.0,3.0,2.747523123124055
2.0,5.0,4.0,4.0,2.0,4.0,2.903435431975428
2.0,5.0,4.0,4.0,3.0,3.0,2.7475231278374848
2.0,5.0,4.0,4.0,3.0,4.0,2.9034354395869597
2.0,5.0,4.0,4.0,4.0,1.0,2.3296928052849473
2.0,5.0,4.0,4.0,4.0,2.0,2.608421791437036
2.0,5.0,4.0,4.0,4.0,3.0,3.09205450837312
2.0,5.0,4.0,4.0,4.0,4.0,3.273480745491003
2.0,5.0,4.0,4.0,4.0,5.0,3.2853197672394048
2.0,5.0,4.0,4.0,5.0,2.0,2.978710649792948
2.0,5.0,4.0,4.0,5.0,3.0,3.0920545119434193
2.0,5.0,4.0,4.0,5.0,4.0,3.2809168271783
2.0,5.0,4.0,4.0,5.0,5.0,3.615460649102292
2.0,5.0,4.0,5.0,1.0,4.0,2.432173433331114
2.0,5.0,4.0,5.0,2.0,3.0,2.7475231398167086
2.0,5.0,4.0,5.0,2.0,4.0,2.903435442239958
2.0,5.0,4.0,5.0,2.0,5.0,3.170505223245087
2.0,5.0,4.0,5.0,3.0,4.0,2.9034354477801103
2.0,5.0,4.0,5.0,3.0,5.0,3.2507156252796943
2.0,5.0,4.0,5.0,4.0,3.0,3.0920545148738587
2.0,5.0,4.0,5.0,4.0,4.0,3.273480759541289
2.0,5.0,4.0,5.0,4.0,5.0,3.285319776774236
2.0,5.0,4.0,5.0,5.0,2.0,2.992004393888759
2.0,5.0,4.0,5.0,5.0,3.0,3.2809168245337568
2.0,5.0,4.0,5.0,5.0,4.0,3.2809168378841607
2.0,5.0,4.0,5.0,5.0,5.0,3.6663184155221566
2.0,5.0,5.0,1.0,2.0,1.0,2.2384490975539006
2.0,5.0,5.0,1.0,3.0,1.0,2.238449110200756
2.0,5.0,5.0,1.0,3.0,2.0,2.2384491011086514
2.0,5.0,5.0,1.0,4.0,3.0,2.3612195340540914
2.0,5.0,5.0,2.0,1.0,1.0,2.005748358573664
2.0,5.0,5.0,2.0,2.0,2.0,2.4231673943235976
2.0,5.0,5.0,2.0,3.0,2.0,2.4231674082350847
2.0,5.0,5.0,2.0,3.0,3.0,2.4253247490978644
2.0,5.0,5.0,2.0,4.0,3.0,2.6041107351431187
2.0,5.0,5.0,2.0,4.0,4.0,3.0095268641167183
2.0,5.0,5.0,2.0,5.0,1.0,2.3542973804456997
2.0,5.0,5.0,2.0,5.0,5.0,3.0095268951575997
2.0,5.0,5.0,3.0,3.0,3.0,2.7559975998748336
2.0,5.0,5.0,3.0,3.0,4.0,3.006607462216788
2.0,5.0,5.0,3.0,3.0,5.0,3.4040030395813776
2.0,5.0,5.0,3.0,5.0,2.0,2.5018732322306825
2.0,5.0,5.0,3.0,5.0,3.0,3.615460592694149
2.0,5.0,5.0,3.0,5.0,5.0,3.615460622088394
2.0,5.0,5.0,4.0,1.0,5.0,2.4253248436034363
2.0,5.0,5.0,4.0,3.0,3.0,2.7559976028631805
2.0,5.0,5.0,4.0,3.0,4.0,3.328233579034447
2.0,5.0,5.0,4.0,4.0,3.0,3.0920545085611333
2.0,5.0,5.0,4.0,4.0,4.0,3.3330435120908666
2.0,5.0,5.0,4.0,4.0,5.0,3.404003049980613
2.0,5.0,5.0,4.0,5.0,3.0,3.6764957396599605
2.0,5.0,5.0,4.0,5.0,4.0,3.6764957511838285
2.0,5.0,5.0,4.0,5.0,5.0,3.676495767497065
2.0,5.0,5.0,5.0,1.0,2.0,2.407052556076822
2.0,5.0,5.0,5.0,1.0,3.0,2.8167672058195627
2.0,5.0,5.0,5.0,1.0,4.0,2.8167672321336976
2.0,5.0,5.0,5.0,1.0,5.0,2.816767265380994
2.0,5.0,5.0,5.0,2.0,3.0,2.9987032716091795
2.0,5.0,5.0,5.0,2.0,5.0,3.170505230335132
2.0,5.0,5.0,5.0,3.0,4.0,3.399544192723352
2.0,5.0,5.0,5.0,3.0,5.0,3.4040030439541624
2.0,5.0,5.0,5.0,4.0,3.0,3.0920545138548152
2.0,5.0,5.0,5.0,4.0,4.0,3.3995442055362575
2.0,5.0,5.0,5.0,4.0,5.0,3.404003090742333
2.0,5.0,5.0,5.0,5.0,2.0,3.474672354526528
2.0,5.0,5.0,5.0,5.0,3.0,3.6860920371846775
2.0,5.0,5.0,5.0,5.0,4.0,3.6860920355837012
2.0,5.0,5.0,5.0,5.0,5.0,3.6860920366860195
3.0,1.0,1.0,1.0,1.0,1.0,1.285845200515539
3.0,1.0,1.0,1.0,1.0,2.0,1.357810855358801
3.0,1.0,1.0,1.0,2.0,1.0,1.2860505531696556
3.0,1.0,1.0,1.0,2.0,2.0,1.3578108710416938
3.0,1.0,1.0,1.0,2.0,4.0,1.7558660437928337
3.0,1.0,1.0,1.0,3.0,1.0,1.2860660239664272
3.0,1.0,1.0,1.0,3.0,2.0,1.3609083033742084
3.0,1.0,1.0,1.0,3.0,3.0,1.3609083101646366
3.0,1.0,1.0,1.0,4.0,1.0,1.2860779340179112
3.0,1.0,1.0,1.0,4.0,3.0,1.36090830899063
3.0,1.0,1.0,1.0,4.0,4.0,1.7558660213527042
3.0,1.0,1.0,1.0,5.0,1.0,1.2860851938457525
3.0,1.0,1.0,2.0,1.0,1.0,1.2860616348249723
3.0,1.0,1.0,2.0,1.0,2.0,1.4059925123316566
3.0,1.0,1.0,2.0,1.0,3.0,1.4059924939454431
3.0,1.0,1.0,2.0,2.0,1.0,1.2860657026922917
3.0,1.0,1.0,2.0,2.0,2.0,1.489760390864749
3.0,1.0,1.0,2.0,2.0,3.0,1.6054276314036258
3.0,1.0,1.0,2.0,3.0,1.0,1.4805598632066572
3.0,1.0,1.0,2.0,3.0,2.0,1.6054276590743108
3.0,1.0,1.0,2.0,3.0,3.0,1.605427653508605
3.0,1.0,1.0,3.0,1.0,1.0,1.2860684023343367
3.0,1.0,1.0,3.0,1.0,2.0,1.4723511221554366
3.0,1.0,1.0,3.0,1.0,3.0,1.4723511291650797
3.0,1.0,1.0,3.0,1.0,4.0,1.472351125691176
3.0,1.0,1.0,3.0,2.0,1.0,1.480559846243954
3.0,1.0,1.0,3.0,2.0,2.0,1.6446277833259277
3.0,1.0,1.0,3.0,2.0,3.0,1.6697593093689476
3.0,1.0,1.0,3.0,3.0,1.0,1.48055987049678
3.0,1.0,1.0,3.0,3.0,2.0,1.6446277645921459
3.0,1.0,1.0,3.0,3.0,3.0,1.9986661348629604
3.0,1.0,1.0,3.0,4.0,1.0,1.6317351446050983
3.0,1.0,1.0,3.0,4.0,2.0,1.644627760696376
3.0,1.0,1.0,3.0,4.0,4.0,2.011614085004078
3.0,1.0,1.0,3.0,5.0,1.0,1.631735174220727
3.0,1.0,1.0,3.0,5.0,3.0,1.9986661465468896
3.0,1.0,1.0,3.0,5.0,4.0,2.3417394640276488
3.0,1.0,1.0,4.0,1.0,1.0,1.3296638162894225
3.0,1.0,1.0,4.0,1.0,2.0,1.4723511388837331
3.0,1.0,1.0,4.0,1.0,3.0,1.4723511357206984
3.0,1.0,1.0,4.0,2.0,1.0,1.4805598393881085
3.0,1.0,1.0,4.0,2.0,2.0,1.6446277668446128
3.0,1.0,1.0,4.0,2.0,3.0,1.669759317239697
3.0,1.0,1.0,4.0,3.0,1.0,1.4997649366876953
3.0,1.0,1.0,4.0,3.0,3.0,2.0029712553555292
3.0,1.0,1.0,4.0,3.0,4.0,2.0114637133992512
3.0,1.0,1.0,4.0,3.0,5.0,2.341739452666849
3.0,1.0,1.0,4.0,4.0,3.0,2.002971270496814
3.0,1.0,1.0,4.0,4.0,4.0,2.0131264194399168
3.0,1.0,1.0,4.0,4.0,5.0,2.3417394557735376
3.0,1.0,1.0,4.0,5.0,3.0,2.0029712879455466
3.0,1.0,1.0,5.0,1.0,2.0,1.4723511246737753
3.0,1.0,1.0,5.0,1.0,3.0,1.472351135822568
3.0,1.0,1.0,5.0,1.0,5.0,1.555468558429501
3.0,1.0,1.0,5.0,2.0,3.0,2.109946159242894
3.0,1.0,1.0,5.0,3.0,2.0,1.6446277695228055
3.0,1.0,1.0,5.0,5.0,1.0,1.6317351706518937
3.0,1.0,1.0,5.0,5.0,2.0,1.6446277707909045
3.0,1.0,1.0,5.0,5.0,5.0,2.3417394758836005
3.0,1.0,2.0,1.0,1.0,1.0,1.2885833701552987
3.0,1.0,2.0,1.0,1.0,2.0,1.357810830045231
3.0,1.0,2.0,1.0,1.0,3.0,1.4059924404491173
3.0,1.0,2.0,1.0,2.0,1.0,1.3259128276443424
3.0,1.0,2.0,1.0,2.0,2.0,1.4992343497599898
3.0,1.0,2.0,1.0,3.0,1.0,1.3259128318407618
3.0,1.0,2.0,1.0,3.0,3.0,1.682811470883778
3.0,1.0,2.0,1.0,4.0,2.0,1.4992343382205586
3.0,1.0,2.0,2.0,1.0,1.0,1.2886457800420996
3.0,1.0,2.0,2.0,1.0,2.0,1.4059924801971846
3.0,1.0,2.0,2.0,1.0,3.0,1.4059924659331424
3.0,1.0,2.0,2.0,2.0,1.0,1.4960746997720995
3.0,1.0,2.0,2.0,2.0,2.0,1.6965424071885533
3.0,1.0,2.0,2.0,2.0,3.0,1.976368079283593
3.0,1.0,2.0,2.0,2.0,4.0,2.232714614515668
3.0,1.0,2.0,2.0,3.0,1.0,1.4994465204207679
3.0,1.0,2.0,2.0,3.0,2.0,1.6965424102898492
3.0,1.0,2.0,2.0,3.0,3.0,2.1483429543165298
3.0,1.0,2.0,2.0,4.0,2.0,1.9906239379580846
3.0,1.0,2.0,3.0,1.0,1.0,1.2886505185047958
3.0,1.0,2.0,3.0,1.0,2.0,1.6965424779853897
3.0,1.0,2.0,3.0,1.0,3.0,1.696542457836841
3.0,1.0,2.0,3.0,2.0,1.0,1.6317351388771846
3.0,1.0,2.0,3.0,2.0,2.0,1.696542435513719
3.0,1.0,2.0,3.0,2.0,3.0,2.0011621575187117
3.0,1.0,2.0,3.0,3.0,1.0,1.631735157622232
3.0,1.0,2.0,3.0,3.0,2.0,1.9935809386314158
3.0,1.0,2.0,3.0,3.0,3.0,2.148342991435293
3.0,1.0,2.0,3.0,4.0,3.0,2.1483429887744294
3.0,1.0,2.0,3.0,4.0,4.0,2.302813078116327
3.0,1.0,2.0,4.0,1.0,2.0,1.761644277974856
3.0,1.0,2.0,4.0,1.0,3.0,1.7616442907508265
3.0,1.0,2.0,4.0,1.0,4.0,1.7616443030074695
3.0,1.0,2.0,4.0,2.0,2.0,2.0681854923581895
3.0,1.0,2.0,4.0,2.0,3.0,2.068185490461386
3.0,1.0,2.0,4.0,3.0,2.0,2.1635910846539836
3.0,1.0,2.0,4.0,3.0,3.0,2.2327146179276185
3.0,1.0,2.0,4.0,3.0,4.0,2.232714632514192
3.0,1.0,2.0,4.0,4.0,2.0,2.1635910899065336
3.0,1.0,2.0,4.0,4.0,3.0,2.302813068572848
3.0,1.0,2.0,4.0,4.0,4.0,2.3028130984358097
3.0,1.0,2.0,4.0,5.0,5.0,2.982916938055553
3.0,1.0,2.0,5.0,1.0,3.0,1.7938355642530595
3.0,1.0,2.0,5.0,2.0,2.0,2.165144129582456
3.0,1.0,2.0,5.0,2.0,4.0,2.2327146133886937
3.0,1.0,2.0,5.0,3.0,2.0,2.1651441256094226
3.0,1.0,2.0,5.0,4.0,4.0,2.712265405058836
3.0,1.0,2.0,5.0,5.0,1.0,1.6317351695452886
3.0,1.0,3.0,1.0,1.0,1.0,1.2886021472511842
3.0,1.0,3.0,1.0,1.0,2.0,1.3578108143440377
3.0,1.0,3.0,1.0,1.0,3.0,1.6707490696347336
3.0,1.0,3.0,1.0,2.0,1.0,1.3259128016089212
3.0,1.0,3.0,1.0,2.0,2.0,1.6965421424500293
3.0,1.0,3.0,1.0,3.0,1.0,1.488386367396797
3.0,1.0,3.0,1.0,3.0,2.0,1.6965421315275557
3.0,1.0,3.0,1.0,3.0,3.0,1.6965421473643885
3.0,1.0,3.0,2.0,1.0,2.0,1.5100619807370406
3.0,1.0,3.0,2.0,1.0,3.0,1.9183706646479284
3.0,1.0,3.0,2.0,2.0,2.0,1.707419548480923
3.0,1.0,3.0,2.0,2.0,3.0,2.001162129497514
3.0,1.0,3.0,2.0,3.0,1.0,1.681056355047459
3.0,1.0,3.0,2.0,3.0,2.0,1.9972322327372467
3.0,1.0,3.0,2.0,3.0,3.0,2.3253005397387176
3.0,1.0,3.0,2.0,4.0,3.0,2.3253005394579964
3.0,1.0,3.0,2.0,5.0,3.0,2.739641816368839
3.0,1.0,3.0,3.0,1.0,1.0,1.5059752027137223
3.0,1.0,3.0,3.0,1.0,2.0,1.918370719939932
3.0,1.0,3.0,3.0,1.0,3.0,1.9183707005991102
3.0,1.0,3.0,3.0,1.0,5.0,2.5063571643703666
3.0,1.0,3.0,3.0,2.0,1.0,1.6810563553048827
3.0,1.0,3.0,3.0,2.0,3.0,2.0011621455064175
3.0,1.0,3.0,3.0,3.0,1.0,1.6810563670604108
3.0,1.0,3.0,3.0,3.0,3.0,2.7122648593749363
3.0,1.0,3.0,3.0,4.0,2.0,2.4983030788203426
3.0,1.0,3.0,3.0,4.0,3.0,2.712264848877371
3.0,1.0,3.0,3.0,5.0,4.0,2.9745591095210635
3.0,1.0,3.0,4.0,1.0,1.0,1.693796890274288
3.0,1.0,3.0,4.0,1.0,3.0,2.1547631257261175
3.0,1.0,3.0,4.0,1.0,4.0,2.1547631224735775
3.0,1.0,3.0,4.0,2.0,2.0,2.163591048061927
3.0,1.0,3.0,4.0,2.0,3.0,2.336115148426403
3.0,1.0,3.0,4.0,3.0,2.0,2.1635910751762655
3.0,1.0,3.0,4.0,3.0,3.0,2.712264840982869
3.0,1.0,3.0,4.0,3.0,4.0,2.712264835208581
3.0,1.0,3.0,4.0,3.0,5.0,2.982012288131992
3.0,1.0,3.0,4.0,4.0,4.0,2.7122648444122586
3.0,1.0,3.0,5.0,1.0,4.0,2.4992639408763644
3.0,1.0,3.0,5.0,1.0,5.0,2.5063571762737094
3.0,1.0,3.0,5.0,2.0,4.0,2.5063489708299422
3.0,1.0,3.0,5.0,3.0,2.0,2.1651441221844165
3.0,1.0,3.0,5.0,3.0,3.0,2.739641821152743
3.0,1.0,3.0,5.0,3.0,4.0,2.974258423404535
3.0,1.0,3.0,5.0,4.0,4.0,2.9935192240306963
3.0,1.0,3.0,5.0,5.0,3.0,2.7396418267838043
3.0,1.0,3.0,5.0,5.0,4.0,3.0942743173549756
3.0,1.0,4.0,1.0,1.0,1.0,1.2886085430755614
3.0,1.0,4.0,2.0,2.0,2.0,2.0072872904467873
3.0,1.0,4.0,3.0,1.0,4.0,2.0492319275242195
3.0,1.0,4.0,3.0,4.0,4.0,2.7122648471772943
3.0,1.0,4.0,4.0,1.0,3.0,2.154763126040128
3.0,1.0,4.0,4.0,2.0,2.0,2.163591042344321
3.0,1.0,4.0,4.0,2.0,3.0,2.336115139060654
3.0,1.0,4.0,4.0,3.0,3.0,2.7122648342010174
3.0,1.0,4.0,4.0,3.0,4.0,2.993121702571316
3.0,1.0,4.0,5.0,3.0,3.0,3.094274255509563
3.0,1.0,4.0,5.0,3.0,5.0,3.094274249423135
3.0,1.0,4.0,5.0,5.0,4.0,3.094274292572069
3.0,1.0,5.0,3.0,2.0,3.0,2.0676119260254446
3.0,1.0,5.0,4.0,5.0,5.0,3.843919666087649
3.0,1.0,5.0,5.0,1.0,5.0,2.5377426486630013
3.0,2.0,1.0,1.0,1.0,1.0,1.2856824122365291
3.0,2.0,1.0,1.0,1.0,2.0,1.3578108723518325
3.0,2.0,1.0,1.0,2.0,1.0,1.2860422702942382
3.0,2.0,1.0,1.0,2.0,2.0,1.4065224951238824
3.0,2.0,1.0,1.0,2.0,3.0,1.406522500633277
3.0,2.0,1.0,1.0,3.0,1.0,1.2860751730799653
3.0,2.0,1.0,1.0,3.0,2.0,1.4819963555044655
3.0,2.0,1.0,1.0,3.0,3.0,1.4819963574199477
3.0,2.0,1.0,1.0,4.0,1.0,1.2860850417939833
3.0,2.0,1.0,1.0,5.0,3.0,1.682811483840941
3.0,2.0,1.0,2.0,1.0,1.0,1.2860636971033006
3.0,2.0,1.0,2.0,1.0,2.0,1.4059925553768997
3.0,2.0,1.0,2.0,1.0,3.0,1.4059925228781078
3.0,2.0,1.0,2.0,2.0,1.0,1.286068095433886
3.0,2.0,1.0,2.0,2.0,2.0,1.644627839217152
3.0,2.0,1.0,2.0,2.0,3.0,1.729457420943217
3.0,2.0,1.0,2.0,3.0,1.0,1.4805599119474564
3.0,2.0,1.0,2.0,3.0,2.0,1.706105118364632
3.0,2.0,1.0,2.0,3.0,3.0,1.9729117253502864
3.0,2.0,1.0,2.0,4.0,2.0,1.7061051108403038
3.0,2.0,1.0,3.0,1.0,1.0,1.3683046199245983
3.0,2.0,1.0,3.0,1.0,2.0,1.472351153877902
3.0,2.0,1.0,3.0,1.0,3.0,1.7294574597150165
3.0,2.0,1.0,3.0,2.0,1.0,1.4805598996488134
3.0,2.0,1.0,3.0,2.0,2.0,1.6446278208369036
3.0,2.0,1.0,3.0,2.0,3.0,1.7294574397271598
3.0,2.0,1.0,3.0,2.0,4.0,2.1547668286753447
3.0,2.0,1.0,3.0,3.0,1.0,1.4805599260719442
3.0,2.0,1.0,3.0,3.0,2.0,1.7061051337974356
3.0,2.0,1.0,3.0,3.0,3.0,2.0934750695235693
3.0,2.0,1.0,3.0,4.0,1.0,1.6463345225151884
3.0,2.0,1.0,3.0,4.0,2.0,1.7061051194324302
3.0,2.0,1.0,3.0,4.0,3.0,2.09347507456186
3.0,2.0,1.0,3.0,4.0,4.0,2.15476682399858
3.0,2.0,1.0,4.0,1.0,3.0,1.7294574596360959
3.0,2.0,1.0,4.0,2.0,1.0,1.6463345026001468
3.0,2.0,1.0,4.0,2.0,3.0,1.99501089846955
3.0,2.0,1.0,4.0,3.0,1.0,1.6636157500063662
3.0,2.0,1.0,4.0,3.0,3.0,2.093475090169508
3.0,2.0,1.0,4.0,3.0,4.0,2.154766834378241
3.0,2.0,1.0,4.0,4.0,2.0,1.7061051267788283
3.0,2.0,1.0,4.0,4.0,4.0,2.1547668300564853
3.0,2.0,1.0,4.0,5.0,4.0,2.34173946740143
3.0,2.0,1.0,5.0,2.0,3.0,2.109946179480289
3.0,2.0,1.0,5.0,3.0,3.0,2.1099462186759306
3.0,2.0,1.0,5.0,5.0,3.0,2.524177105569345
3.0,2.0,2.0,1.0,1.0,1.0,1.3259129537412373
3.0,2.0,2.0,1.0,1.0,2.0,1.5987143366146477
3.0,2.0,2.0,1.0,2.0,1.0,1.3259129069095366
3.0,2.0,2.0,1.0,2.0,2.0,1.5987143377639894
3.0,2.0,2.0,1.0,2.0,3.0,1.5987143320521429
3.0,2.0,2.0,1.0,3.0,1.0,1.3332086406148937
3.0,2.0,2.0,1.0,3.0,2.0,1.6828114945486605
3.0,2.0,2.0,1.0,3.0,3.0,1.6828114886651955
3.0,2.0,2.0,1.0,4.0,2.0,1.6828114910204173
3.0,2.0,2.0,1.0,4.0,3.0,1.682811484402281
3.0,2.0,2.0,1.0,5.0,3.0,1.6828114886741774
3.0,2.0,2.0,2.0,1.0,1.0,1.3259129786718078
3.0,2.0,2.0,2.0,1.0,2.0,1.7111903519406584
3.0,2.0,2.0,2.0,1.0,3.0,1.9695918033852033
3.0,2.0,2.0,2.0,2.0,1.0,1.6437104382210574
3.0,2.0,2.0,2.0,2.0,2.0,2.0290272375215057
3.0,2.0,2.0,2.0,2.0,3.0,2.196446831965736
3.0,2.0,2.0,2.0,3.0,1.0,1.6437104428047211
3.0,2.0,2.0,2.0,3.0,2.0,2.0290272641586835
3.0,2.0,2.0,2.0,3.0,3.0,2.329022946352051
3.0,2.0,2.0,2.0,3.0,4.0,2.431324928492615
3.0,2.0,2.0,2.0,4.0,2.0,2.029027275090329
3.0,2.0,2.0,2.0,4.0,3.0,2.402633794808309
3.0,2.0,2.0,2.0,4.0,4.0,2.431324927195094
3.0,2.0,2.0,3.0,1.0,1.0,1.6059003036574073
3.0,2.0,2.0,3.0,1.0,2.0,1.7999645865506424
3.0,2.0,2.0,3.0,1.0,3.0,2.224322383791116
3.0,2.0,2.0,3.0,1.0,4.0,2.3044482997072784
3.0,2.0,2.0,3.0,2.0,1.0,1.8780718027176966
3.0,2.0,2.0,3.0,2.0,2.0,2.0463068552525705
3.0,2.0,2.0,3.0,2.0,3.0,2.3541549885442024
3.0,2.0,2.0,3.0,3.0,1.0,1.9915712691039298
3.0,2.0,2.0,3.0,3.0,2.0,2.179656743579919
3.0,2.0,2.0,3.0,3.0,3.0,2.44213459189099
3.0,2.0,2.0,3.0,3.0,4.0,2.587930446235158
3.0,2.0,2.0,3.0,4.0,2.0,2.1796567521274106
3.0,2.0,2.0,3.0,4.0,3.0,2.442134590105162
3.0,2.0,2.0,3.0,4.0,4.0,2.5879304522086466
3.0,2.0,2.0,3.0,5.0,4.0,2.7857792807114845
3.0,2.0,2.0,4.0,1.0,2.0,1.9881671197739386
3.0,2.0,2.0,4.0,1.0,3.0,2.2243223786863746
3.0,2.0,2.0,4.0,1.0,4.0,2.30444832415838
3.0,2.0,2.0,4.0,2.0,1.0,1.9915712516320587
3.0,2.0,2.0,4.0,2.0,2.0,2.068185509554814
3.0,2.0,2.0,4.0,2.0,3.0,2.442134590747891
3.0,2.0,2.0,4.0,2.0,4.0,2.587930437819774
3.0,2.0,2.0,4.0,3.0,1.0,1.9915712559670617
3.0,2.0,2.0,4.0,3.0,2.0,2.179656741072359
3.0,2.0,2.0,4.0,3.0,3.0,2.4421345981406684
3.0,2.0,2.0,4.0,3.0,4.0,2.587930450807002
3.0,2.0,2.0,4.0,4.0,2.0,2.1796567513635776
3.0,2.0,2.0,4.0,4.0,3.0,2.587930464450582
3.0,2.0,2.0,4.0,4.0,4.0,2.587930475078877
3.0,2.0,2.0,4.0,4.0,5.0,2.5879305052542865
3.0,2.0,2.0,4.0,5.0,2.0,2.1796567486124587
3.0,2.0,2.0,4.0,5.0,5.0,2.992000023208485
3.0,2.0,2.0,5.0,1.0,1.0,1.6059003048110554
3.0,2.0,2.0,5.0,1.0,3.0,2.2243223828119736
3.0,2.0,2.0,5.0,2.0,2.0,2.165144139790994
3.0,2.0,2.0,5.0,3.0,2.0,2.3998126478994055
3.0,2.0,2.0,5.0,3.0,3.0,2.4421346178817243
3.0,2.0,2.0,5.0,3.0,4.0,2.8571461318114806
3.0,2.0,2.0,5.0,4.0,2.0,2.3998126602661705
3.0,2.0,2.0,5.0,4.0,4.0,2.8571461436361254
3.0,2.0,2.0,5.0,5.0,1.0,2.0207622592480314
3.0,2.0,2.0,5.0,5.0,3.0,2.5879304699666377
3.0,2.0,2.0,5.0,5.0,5.0,2.9988806252672267
3.0,2.0,3.0,1.0,1.0,1.0,1.3347440867733475
3.0,2.0,3.0,1.0,1.0,2.0,1.5987143220588862
3.0,2.0,3.0,1.0,1.0,3.0,1.6707491053248449
3.0,2.0,3.0,1.0,2.0,1.0,1.3347440748566504
3.0,2.0,3.0,1.0,2.0,2.0,1.7691374680460732
3.0,2.0,3.0,1.0,2.0,3.0,1.7691374443753853
3.0,2.0,3.0,1.0,2.0,4.0,2.288775179348227
3.0,2.0,3.0,1.0,3.0,1.0,1.488386379273135
3.0,2.0,3.0,1.0,3.0,3.0,1.7691374614028244
3.0,2.0,3.0,2.0,1.0,1.0,1.3518416361550958
3.0,2.0,3.0,2.0,1.0,2.0,1.918370729174089
3.0,2.0,3.0,2.0,1.0,3.0,2.252505767100047
3.0,2.0,3.0,2.0,2.0,1.0,1.6437104468085555
3.0,2.0,3.0,2.0,2.0,2.0,2.2703684310101027
3.0,2.0,3.0,2.0,2.0,3.0,2.270368423496574
3.0,2.0,3.0,2.0,3.0,2.0,2.300798647866263
3.0,2.0,3.0,2.0,3.0,3.0,2.4255902722711036
3.0,2.0,3.0,2.0,3.0,4.0,2.6702960817402084
3.0,2.0,3.0,2.0,4.0,2.0,2.550486454215639
3.0,2.0,3.0,2.0,4.0,3.0,2.7352424605036143
3.0,2.0,3.0,2.0,4.0,4.0,2.735242468658376
3.0,2.0,3.0,3.0,1.0,1.0,1.6059001751786508
3.0,2.0,3.0,3.0,1.0,2.0,1.9183707401784693
3.0,2.0,3.0,3.0,1.0,3.0,2.25250576277472
3.0,2.0,3.0,3.0,1.0,4.0,2.4403794306008324
3.0,2.0,3.0,3.0,2.0,1.0,1.9826332181404134
3.0,2.0,3.0,3.0,2.0,2.0,2.416916033732757
3.0,2.0,3.0,3.0,2.0,3.0,2.436110212683523
3.0,2.0,3.0,3.0,3.0,2.0,2.416916042288255
3.0,2.0,3.0,3.0,3.0,3.0,2.869345798166055
3.0,2.0,3.0,3.0,3.0,4.0,2.869345789739659
3.0,2.0,3.0,3.0,4.0,2.0,2.5504864519121835
3.0,2.0,3.0,3.0,4.0,3.0,2.8693457994282765
3.0,2.0,3.0,3.0,4.0,4.0,2.869345794891896
3.0,2.0,3.0,3.0,5.0,3.0,2.980287350316895
3.0,2.0,3.0,4.0,1.0,1.0,1.8306629728610497
3.0,2.0,3.0,4.0,1.0,2.0,2.407052677528325
3.0,2.0,3.0,4.0,1.0,3.0,2.4403794596580966
3.0,2.0,3.0,4.0,1.0,4.0,2.4403794514457684
3.0,2.0,3.0,4.0,2.0,2.0,2.5426195077244356
3.0,2.0,3.0,4.0,2.0,3.0,2.5426195457592153
3.0,2.0,3.0,4.0,3.0,2.0,2.542619501598868
3.0,2.0,3.0,4.0,3.0,3.0,2.8865081234776495
3.0,2.0,3.0,4.0,3.0,4.0,2.886508140334683
3.0,2.0,3.0,4.0,4.0,2.0,2.5504864546515282
3.0,2.0,3.0,4.0,4.0,3.0,2.8907592430046285
3.0,2.0,3.0,4.0,4.0,4.0,3.0011178758256
3.0,2.0,3.0,4.0,5.0,4.0,3.2701420569480093
3.0,2.0,3.0,4.0,5.0,5.0,3.2701420608791216
3.0,2.0,3.0,5.0,1.0,2.0,2.4070526792778018
3.0,2.0,3.0,5.0,1.0,5.0,2.684846072724383
3.0,2.0,3.0,5.0,2.0,1.0,2.0092207091933942
3.0,2.0,3.0,5.0,2.0,3.0,2.948849821515954
3.0,2.0,3.0,5.0,2.0,5.0,2.9504414852669716
3.0,2.0,3.0,5.0,3.0,3.0,3.071080328105674
3.0,2.0,3.0,5.0,3.0,4.0,3.0710803358309655
3.0,2.0,3.0,5.0,3.0,5.0,3.071080342150819
3.0,2.0,3.0,5.0,4.0,3.0,3.071080332003658
3.0,2.0,3.0,5.0,4.0,4.0,3.0710803346615396
3.0,2.0,3.0,5.0,5.0,3.0,3.0710803355106813
3.0,2.0,3.0,5.0,5.0,4.0,3.2701420573558284
3.0,2.0,3.0,5.0,5.0,5.0,3.270142065836106
3.0,2.0,4.0,1.0,4.0,2.0,2.0299645695965554
3.0,2.0,4.0,2.0,2.0,2.0,2.270368410033096
3.0,2.0,4.0,2.0,3.0,2.0,2.534402559153538
3.0,2.0,4.0,2.0,4.0,3.0,2.8099248615945918
3.0,2.0,4.0,3.0,1.0,1.0,1.6995468505221634
3.0,2.0,4.0,3.0,1.0,3.0,2.384247320373681
3.0,2.0,4.0,3.0,2.0,1.0,2.0086164971260136
3.0,2.0,4.0,3.0,2.0,3.0,2.690076128750847
3.0,2.0,4.0,3.0,3.0,3.0,2.869345799734124
3.0,2.0,4.0,3.0,4.0,3.0,2.869345790355684
3.0,2.0,4.0,3.0,4.0,4.0,2.8693457902602635
3.0,2.0,4.0,3.0,4.0,5.0,2.8693457984779003
3.0,2.0,4.0,4.0,1.0,3.0,2.71162964474762
3.0,2.0,4.0,4.0,2.0,3.0,2.8907591806729096
3.0,2.0,4.0,4.0,3.0,3.0,2.890759196787768
3.0,2.0,4.0,4.0,3.0,4.0,3.0011178543724983
3.0,2.0,4.0,4.0,4.0,3.0,2.8907592238556736
3.0,2.0,4.0,4.0,4.0,4.0,3.001117879628184
3.0,2.0,4.0,4.0,4.0,5.0,3.001117893721558
3.0,2.0,4.0,4.0,5.0,3.0,3.0018718515332816
3.0,2.0,4.0,4.0,5.0,4.0,3.48507873903622
3.0,2.0,4.0,5.0,2.0,4.0,2.9958809534221906
3.0,2.0,4.0,5.0,3.0,3.0,3.1569779708312793
3.0,2.0,4.0,5.0,4.0,3.0,3.156977962226423
3.0,2.0,4.0,5.0,4.0,4.0,3.156977959785508
3.0,2.0,4.0,5.0,5.0,4.0,3.742020896908676
3.0,2.0,4.0,5.0,5.0,5.0,3.795112967260646
3.0,2.0,5.0,3.0,1.0,3.0,2.690076164164509
3.0,2.0,5.0,3.0,2.0,3.0,2.6900761446209476
3.0,2.0,5.0,3.0,3.0,2.0,2.5344025443632523
3.0,2.0,5.0,3.0,3.0,3.0,2.9876734561804312
3.0,2.0,5.0,3.0,3.0,4.0,3.00872106162512
3.0,2.0,5.0,4.0,3.0,3.0,3.3796351209373796
3.0,2.0,5.0,4.0,4.0,4.0,3.37963512153415
3.0,2.0,5.0,4.0,5.0,5.0,3.8439196914891274
3.0,2.0,5.0,5.0,1.0,4.0,2.7811887264413997
3.0,2.0,5.0,5.0,2.0,4.0,3.7204764218501394
3.0,2.0,5.0,5.0,3.0,5.0,3.795112967126105
3.0,2.0,5.0,5.0,4.0,4.0,3.843919714195776
3.0,2.0,5.0,5.0,5.0,5.0,3.8439197204067574
3.0,3.0,1.0,1.0,1.0,1.0,1.2854401635557808
3.0,3.0,1.0,1.0,1.0,2.0,1.3830784630302548
3.0,3.0,1.0,1.0,1.0,3.0,1.3830784676500227
3.0,3.0,1.0,1.0,2.0,1.0,1.2860779721045719
3.0,3.0,1.0,1.0,2.0,2.0,1.4819963734600605
3.0,3.0,1.0,1.0,2.0,3.0,1.4819963782987962
3.0,3.0,1.0,1.0,3.0,1.0,1.2860842685924676
3.0,3.0,1.0,1.0,3.0,2.0,1.4819963806235648
3.0,3.0,1.0,1.0,3.0,3.0,1.4819963896763395
3.0,3.0,1.0,1.0,4.0,2.0,1.48199637668897
3.0,3.0,1.0,1.0,4.0,3.0,1.8806543871631833
3.0,3.0,1.0,1.0,5.0,2.0,1.5135832037680508
3.0,3.0,1.0,2.0,1.0,1.0,1.2860552255986524
3.0,3.0,1.0,2.0,1.0,2.0,1.4059926260738707
3.0,3.0,1.0,2.0,1.0,3.0,1.4946204511006693
3.0,3.0,1.0,2.0,2.0,1.0,1.298783710383813
3.0,3.0,1.0,2.0,2.0,2.0,1.755866204227033
3.0,3.0,1.0,2.0,2.0,3.0,1.755866170264357
3.0,3.0,1.0,2.0,2.0,4.0,1.7558661090642036
3.0,3.0,1.0,2.0,3.0,1.0,1.4805599759504209
3.0,3.0,1.0,2.0,3.0,2.0,1.8552155671044293
3.0,3.0,1.0,2.0,3.0,3.0,2.0934750584670425
3.0,3.0,1.0,2.0,4.0,1.0,1.480559983010961
3.0,3.0,1.0,2.0,4.0,2.0,1.974391286695747
3.0,3.0,1.0,3.0,1.0,1.0,1.368304664155578
3.0,3.0,1.0,3.0,1.0,2.0,1.4723512049705092
3.0,3.0,1.0,3.0,1.0,3.0,1.729457502622899
3.0,3.0,1.0,3.0,2.0,1.0,1.4805599743710642
3.0,3.0,1.0,3.0,2.0,2.0,1.7558662453373386
3.0,3.0,1.0,3.0,2.0,3.0,2.0881552355655524
3.0,3.0,1.0,3.0,2.0,4.0,2.1547668492963465
3.0,3.0,1.0,3.0,3.0,1.0,1.4805599861324328
3.0,3.0,1.0,3.0,3.0,2.0,1.9975280122429402
3.0,3.0,1.0,3.0,3.0,3.0,2.093475083970757
3.0,3.0,1.0,3.0,4.0,1.0,1.6636157961288036
3.0,3.0,1.0,3.0,4.0,2.0,2.090959894251157
3.0,3.0,1.0,3.0,4.0,3.0,2.093475085237594
3.0,3.0,1.0,3.0,4.0,4.0,2.379775372277342
3.0,3.0,1.0,3.0,5.0,2.0,2.2464160098767536
3.0,3.0,1.0,4.0,1.0,1.0,1.3683046816054667
3.0,3.0,1.0,4.0,1.0,2.0,1.4723511850957818
3.0,3.0,1.0,4.0,1.0,3.0,1.857279668986206
3.0,3.0,1.0,4.0,2.0,1.0,1.6636157462169054
3.0,3.0,1.0,4.0,2.0,2.0,1.9952786149082637
3.0,3.0,1.0,4.0,2.0,3.0,2.0934750295244506
3.0,3.0,1.0,4.0,2.0,4.0,2.154766851596395
3.0,3.0,1.0,4.0,3.0,1.0,1.6636157705543926
3.0,3.0,1.0,4.0,3.0,2.0,1.9975280077494313
3.0,3.0,1.0,4.0,3.0,3.0,2.093475087454586
3.0,3.0,1.0,4.0,3.0,4.0,2.296091611681874
3.0,3.0,1.0,4.0,4.0,1.0,1.6636157831010467
3.0,3.0,1.0,4.0,4.0,2.0,2.090959902498253
3.0,3.0,1.0,4.0,4.0,3.0,2.0934750917227696
3.0,3.0,1.0,4.0,4.0,4.0,2.4367243800183536
3.0,3.0,1.0,5.0,1.0,1.0,1.3683046974614688
3.0,3.0,1.0,5.0,1.0,3.0,1.8620690640780087
3.0,3.0,1.0,5.0,1.0,5.0,2.019542761633919
3.0,3.0,1.0,5.0,2.0,4.0,2.2960916223773733
3.0,3.0,1.0,5.0,3.0,1.0,1.6636157837083796
3.0,3.0,1.0,5.0,3.0,2.0,2.1099462453238464
3.0,3.0,1.0,5.0,3.0,3.0,2.109946256598986
3.0,3.0,1.0,5.0,3.0,4.0,2.2960916192903897
3.0,3.0,1.0,5.0,3.0,5.0,2.3417394630078614
3.0,3.0,1.0,5.0,4.0,1.0,1.6636157909912068
3.0,3.0,1.0,5.0,4.0,2.0,2.1663094011932515
3.0,3.0,1.0,5.0,4.0,3.0,2.4341163805482666
3.0,3.0,1.0,5.0,5.0,1.0,1.6636157974923171
3.0,3.0,1.0,5.0,5.0,3.0,2.739691477414429
3.0,3.0,2.0,1.0,1.0,1.0,1.3347441421387631
3.0,3.0,2.0,1.0,1.0,2.0,1.5987143799198367
3.0,3.0,2.0,1.0,1.0,3.0,1.670749133862625
3.0,3.0,2.0,1.0,2.0,1.0,1.336174299145596
3.0,3.0,2.0,1.0,2.0,2.0,1.684378217119655
3.0,3.0,2.0,1.0,2.0,3.0,1.684378220708911
3.0,3.0,2.0,1.0,3.0,1.0,1.4931980332918475
3.0,3.0,2.0,1.0,3.0,2.0,1.6843782338308937
3.0,3.0,2.0,1.0,3.0,3.0,2.0002058253277344
3.0,3.0,2.0,1.0,3.0,5.0,2.5120142134172987
3.0,3.0,2.0,1.0,4.0,1.0,1.5047510347515864
3.0,3.0,2.0,1.0,4.0,2.0,1.6843782274806651
3.0,3.0,2.0,1.0,4.0,3.0,2.0002058353699224
3.0,3.0,2.0,1.0,4.0,4.0,2.288775188950114
3.0,3.0,2.0,2.0,1.0,1.0,1.5118683537794568
3.0,3.0,2.0,2.0,1.0,2.0,1.9695918069547107
3.0,3.0,2.0,2.0,1.0,3.0,1.969591821539643
3.0,3.0,2.0,2.0,2.0,1.0,1.643710469296546
3.0,3.0,2.0,2.0,2.0,2.0,2.192994154156215
3.0,3.0,2.0,2.0,2.0,3.0,2.1971403891427888
3.0,3.0,2.0,2.0,3.0,1.0,1.6437104751783198
3.0,3.0,2.0,2.0,3.0,2.0,2.1929941842300495
3.0,3.0,2.0,2.0,3.0,3.0,2.4026337992555225
3.0,3.0,2.0,2.0,3.0,4.0,2.4313249496805236
3.0,3.0,2.0,2.0,4.0,1.0,1.9793272055464346
3.0,3.0,2.0,2.0,4.0,2.0,2.19299418801486
3.0,3.0,2.0,2.0,4.0,3.0,2.402633810745727
3.0,3.0,2.0,2.0,4.0,4.0,2.7122655808191145
3.0,3.0,2.0,2.0,4.0,5.0,2.7122655895432075
3.0,3.0,2.0,2.0,5.0,3.0,2.4026338115671533
3.0,3.0,2.0,3.0,1.0,1.0,1.6059004668388388
3.0,3.0,2.0,3.0,1.0,2.0,1.9983374916959362
3.0,3.0,2.0,3.0,1.0,3.0,2.2485215193026664
3.0,3.0,2.0,3.0,2.0,1.0,1.8780718216394345
3.0,3.0,2.0,3.0,2.0,2.0,2.217462631860334
3.0,3.0,2.0,3.0,2.0,3.0,2.575623574328309
3.0,3.0,2.0,3.0,2.0,4.0,2.575623581936025
3.0,3.0,2.0,3.0,3.0,1.0,2.001500877190831
3.0,3.0,2.0,3.0,3.0,2.0,2.279333563545136
3.0,3.0,2.0,3.0,3.0,3.0,2.689796745742606
3.0,3.0,2.0,3.0,3.0,4.0,2.689796748620817
3.0,3.0,2.0,3.0,4.0,2.0,2.2793335783263213
3.0,3.0,2.0,3.0,4.0,3.0,2.7857792698094177
3.0,3.0,2.0,3.0,4.0,4.0,2.785779270555351
3.0,3.0,2.0,3.0,5.0,1.0,2.020762240573961
3.0,3.0,2.0,3.0,5.0,2.0,2.279333575881005
3.0,3.0,2.0,3.0,5.0,3.0,2.785779284052889
3.0,3.0,2.0,3.0,5.0,4.0,2.785779288124343
3.0,3.0,2.0,3.0,5.0,5.0,2.7857793238633834
3.0,3.0,2.0,4.0,1.0,1.0,1.8306629944322903
3.0,3.0,2.0,4.0,1.0,2.0,2.2096911857635737
3.0,3.0,2.0,4.0,1.0,3.0,2.267627841729663
3.0,3.0,2.0,4.0,1.0,4.0,2.3044483698984135
3.0,3.0,2.0,4.0,2.0,1.0,2.0015008636529736
3.0,3.0,2.0,4.0,2.0,2.0,2.219447726503209
3.0,3.0,2.0,4.0,2.0,3.0,2.575623594550078
3.0,3.0,2.0,4.0,2.0,4.0,2.715226718988131
3.0,3.0,2.0,4.0,3.0,1.0,2.0015008702008643
3.0,3.0,2.0,4.0,3.0,2.0,2.3998126874274845
3.0,3.0,2.0,4.0,3.0,3.0,2.72252308709514
3.0,3.0,2.0,4.0,3.0,4.0,2.7225231071313973
3.0,3.0,2.0,4.0,4.0,1.0,2.0015008718520195
3.0,3.0,2.0,4.0,4.0,2.0,2.399812687173543
3.0,3.0,2.0,4.0,4.0,3.0,2.785779277596241
3.0,3.0,2.0,4.0,4.0,4.0,2.785779281193318
3.0,3.0,2.0,4.0,4.0,5.0,2.857146165781418
3.0,3.0,2.0,4.0,5.0,3.0,2.7857792908995926
3.0,3.0,2.0,4.0,5.0,4.0,2.998880614895506
3.0,3.0,2.0,4.0,5.0,5.0,2.9988806280489286
3.0,3.0,2.0,5.0,1.0,2.0,2.304448380670226
3.0,3.0,2.0,5.0,1.0,3.0,2.304448380341366
3.0,3.0,2.0,5.0,1.0,4.0,2.3044483892351435
3.0,3.0,2.0,5.0,2.0,1.0,2.0015008764787257
3.0,3.0,2.0,5.0,2.0,3.0,2.575623604457033
3.0,3.0,2.0,5.0,2.0,4.0,2.8571461383227748
3.0,3.0,2.0,5.0,2.0,5.0,2.8571461448225013
3.0,3.0,2.0,5.0,3.0,3.0,2.722523106494722
3.0,3.0,2.0,5.0,3.0,4.0,2.857146143783368
3.0,3.0,2.0,5.0,3.0,5.0,2.8571461517587955
3.0,3.0,2.0,5.0,4.0,1.0,2.0015008812122463
3.0,3.0,2.0,5.0,4.0,2.0,2.3998126902628676
3.0,3.0,2.0,5.0,4.0,3.0,2.8289444451980006
3.0,3.0,2.0,5.0,4.0,4.0,2.8571461594974514
3.0,3.0,2.0,5.0,4.0,5.0,2.8571461647557057
3.0,3.0,2.0,5.0,5.0,1.0,2.0207622604566917
3.0,3.0,2.0,5.0,5.0,4.0,2.998880635041784
3.0,3.0,2.0,5.0,5.0,5.0,2.998880638999719
3.0,3.0,3.0,1.0,1.0,1.0,1.3347441486438574
3.0,3.0,3.0,1.0,1.0,2.0,1.6707492139893108
3.0,3.0,3.0,1.0,1.0,3.0,1.670749144909846
3.0,3.0,3.0,1.0,2.0,1.0,1.3361742886964583
3.0,3.0,3.0,1.0,2.0,2.0,1.7691375192215208
3.0,3.0,3.0,1.0,3.0,1.0,1.6741622002064394
3.0,3.0,3.0,1.0,3.0,2.0,2.074457901312018
3.0,3.0,3.0,1.0,3.0,3.0,2.0744579342904688
3.0,3.0,3.0,1.0,3.0,4.0,2.288775209040592
3.0,3.0,3.0,1.0,4.0,1.0,1.674162198832737
3.0,3.0,3.0,1.0,4.0,2.0,2.1123462363328045
3.0,3.0,3.0,1.0,4.0,3.0,2.286471685206842
3.0,3.0,3.0,1.0,4.0,4.0,2.2887752063869957
3.0,3.0,3.0,1.0,5.0,3.0,2.333214397920224
3.0,3.0,3.0,1.0,5.0,4.0,2.527894630026799
3.0,3.0,3.0,1.0,5.0,5.0,2.5278946405472063
3.0,3.0,3.0,2.0,1.0,1.0,1.511868357501222
3.0,3.0,3.0,2.0,1.0,2.0,2.252505835088811
3.0,3.0,3.0,2.0,1.0,3.0,2.2525057981535084
3.0,3.0,3.0,2.0,2.0,1.0,1.675814808052339
3.0,3.0,3.0,2.0,2.0,2.0,2.2703684929690016
3.0,3.0,3.0,2.0,2.0,3.0,2.540523106984329
3.0,3.0,3.0,2.0,2.0,4.0,2.5405231012327025
3.0,3.0,3.0,2.0,3.0,1.0,1.6954342365354973
3.0,3.0,3.0,2.0,3.0,2.0,2.3746058618913914
3.0,3.0,3.0,2.0,3.0,3.0,2.6702960995917175
3.0,3.0,3.0,2.0,3.0,4.0,2.6702961072106524
3.0,3.0,3.0,2.0,4.0,1.0,2.002798746679506
3.0,3.0,3.0,2.0,4.0,2.0,2.565509043848924
3.0,3.0,3.0,2.0,4.0,3.0,2.7885246481521424
3.0,3.0,3.0,2.0,4.0,4.0,2.809924930497485
3.0,3.0,3.0,2.0,5.0,2.0,2.638389404052382
3.0,3.0,3.0,2.0,5.0,3.0,2.8023899779227586
3.0,3.0,3.0,2.0,5.0,4.0,2.989160416414216
3.0,3.0,3.0,3.0,1.0,1.0,1.6995468955343807
3.0,3.0,3.0,3.0,1.0,2.0,2.252505919351026
3.0,3.0,3.0,3.0,1.0,3.0,2.3842474305245642
3.0,3.0,3.0,3.0,1.0,4.0,2.692103548009405
3.0,3.0,3.0,3.0,2.0,1.0,2.0733572729488765
3.0,3.0,3.0,3.0,2.0,2.0,2.5243062550347055
3.0,3.0,3.0,3.0,2.0,3.0,2.7328223289132043
3.0,3.0,3.0,3.0,2.0,4.0,2.8277700771277736
3.0,3.0,3.0,3.0,3.0,1.0,2.073357281390185
3.0,3.0,3.0,3.0,3.0,2.0,2.636461250205062
3.0,3.0,3.0,3.0,3.0,3.0,2.960789678262668
3.0,3.0,3.0,3.0,3.0,4.0,3.1137472303940914
3.0,3.0,3.0,3.0,4.0,1.0,2.0733572747880817
3.0,3.0,3.0,3.0,4.0,2.0,2.788738982956429
3.0,3.0,3.0,3.0,4.0,3.0,2.9875348523863905
3.0,3.0,3.0,3.0,4.0,4.0,3.161444842579098
3.0,3.0,3.0,3.0,4.0,5.0,3.1614448475277803
3.0,3.0,3.0,3.0,5.0,2.0,2.8586755256610616
3.0,3.0,3.0,3.0,5.0,3.0,2.987534890459554
3.0,3.0,3.0,3.0,5.0,4.0,3.161444849731
3.0,3.0,3.0,3.0,5.0,5.0,3.161444861352529
3.0,3.0,3.0,4.0,1.0,1.0,1.8306629931257803
3.0,3.0,3.0,4.0,1.0,2.0,2.4070526963367076
3.0,3.0,3.0,4.0,1.0,3.0,2.498785045973206
3.0,3.0,3.0,4.0,1.0,4.0,2.692103552942407
3.0,3.0,3.0,4.0,2.0,1.0,2.0733572649951775
3.0,3.0,3.0,4.0,2.0,2.0,2.578400933635206
3.0,3.0,3.0,4.0,2.0,3.0,2.7929985603249334
3.0,3.0,3.0,4.0,2.0,4.0,2.950441450751716
3.0,3.0,3.0,4.0,3.0,1.0,2.4252880677546793
3.0,3.0,3.0,4.0,3.0,2.0,2.6364612439914916
3.0,3.0,3.0,4.0,3.0,3.0,2.987534866190992
3.0,3.0,3.0,4.0,3.0,4.0,3.190319355274219
3.0,3.0,3.0,4.0,3.0,5.0,3.190319371020577
3.0,3.0,3.0,4.0,4.0,2.0,2.788738980104078
3.0,3.0,3.0,4.0,4.0,3.0,2.987534863131706
3.0,3.0,3.0,4.0,4.0,4.0,3.245993627528664
3.0,3.0,3.0,4.0,4.0,5.0,3.2459936704552206
3.0,3.0,3.0,4.0,5.0,2.0,2.978233451744424
3.0,3.0,3.0,4.0,5.0,3.0,2.9875349008648713
3.0,3.0,3.0,4.0,5.0,4.0,3.270142059328965
3.0,3.0,3.0,4.0,5.0,5.0,3.2701420718646563
3.0,3.0,3.0,5.0,1.0,2.0,2.407052704249049
3.0,3.0,3.0,5.0,1.0,3.0,2.6529352920409566
3.0,3.0,3.0,5.0,1.0,5.0,2.912365047594742
3.0,3.0,3.0,5.0,2.0,2.0,2.578400935182712
3.0,3.0,3.0,5.0,2.0,3.0,2.9504414672909154
3.0,3.0,3.0,5.0,2.0,4.0,2.9504414737426456
3.0,3.0,3.0,5.0,2.0,5.0,2.95044148871499
3.0,3.0,3.0,5.0,3.0,3.0,3.1569780352609644
3.0,3.0,3.0,5.0,3.0,4.0,3.1903193631892015
3.0,3.0,3.0,5.0,3.0,5.0,3.1903193826938376
3.0,3.0,3.0,5.0,4.0,2.0,2.8029537351266995
3.0,3.0,3.0,5.0,4.0,3.0,3.181569349917938
3.0,3.0,3.0,5.0,4.0,4.0,3.245993718107404
3.0,3.0,3.0,5.0,4.0,5.0,3.2459937068532754
3.0,3.0,3.0,5.0,5.0,3.0,3.1815693708609554
3.0,3.0,3.0,5.0,5.0,4.0,3.275091854144499
3.0,3.0,3.0,5.0,5.0,5.0,3.2750918651388554
3.0,3.0,4.0,1.0,1.0,1.0,1.3347441213491154
3.0,3.0,4.0,1.0,1.0,3.0,1.6707491297450308
3.0,3.0,4.0,1.0,1.0,4.0,1.6707491321054202
3.0,3.0,4.0,1.0,2.0,1.0,1.3361742720724277
3.0,3.0,4.0,1.0,2.0,2.0,2.0744578562972316
3.0,3.0,4.0,1.0,3.0,1.0,1.674162189753115
3.0,3.0,4.0,1.0,3.0,2.0,2.07445788686912
3.0,3.0,4.0,1.0,3.0,3.0,2.074457902242524
3.0,3.0,4.0,1.0,3.0,4.0,2.28877520039427
3.0,3.0,4.0,1.0,4.0,1.0,1.6741621856449824
3.0,3.0,4.0,1.0,4.0,2.0,2.112346230057207
3.0,3.0,4.0,1.0,4.0,3.0,2.5637409425376334
3.0,3.0,4.0,1.0,5.0,3.0,2.8099248626341904
3.0,3.0,4.0,2.0,2.0,1.0,1.6758148003276931
3.0,3.0,4.0,2.0,2.0,2.0,2.433363338248274
3.0,3.0,4.0,2.0,2.0,3.0,2.748610918092078
3.0,3.0,4.0,2.0,3.0,2.0,2.5344026126054455
3.0,3.0,4.0,2.0,3.0,3.0,2.7755498443826134
3.0,3.0,4.0,2.0,3.0,4.0,2.775549847097529
3.0,3.0,4.0,2.0,4.0,2.0,2.5655090375249685
3.0,3.0,4.0,2.0,4.0,3.0,2.8099248781496815
3.0,3.0,4.0,2.0,4.0,4.0,2.8099249093541125
3.0,3.0,4.0,2.0,5.0,3.0,2.809924874668879
3.0,3.0,4.0,2.0,5.0,5.0,3.026462654550379
3.0,3.0,4.0,3.0,1.0,1.0,1.6995468693919886
3.0,3.0,4.0,3.0,1.0,2.0,2.3842472854110928
3.0,3.0,4.0,3.0,1.0,3.0,2.384247351463534
3.0,3.0,4.0,3.0,1.0,4.0,2.7116296561249933
3.0,3.0,4.0,3.0,2.0,1.0,2.0733572619938165
3.0,3.0,4.0,3.0,2.0,2.0,2.524306243606842
3.0,3.0,4.0,3.0,2.0,3.0,2.748610924463976
3.0,3.0,4.0,3.0,3.0,1.0,2.0733572655943635
3.0,3.0,4.0,3.0,3.0,2.0,2.6364612335579523
3.0,3.0,4.0,3.0,3.0,3.0,3.0465048582174985
3.0,3.0,4.0,3.0,3.0,4.0,3.113747234218551
3.0,3.0,4.0,3.0,3.0,5.0,3.4011004027480176
3.0,3.0,4.0,3.0,4.0,2.0,2.788738937091961
3.0,3.0,4.0,3.0,4.0,3.0,3.162863112237281
3.0,3.0,4.0,3.0,4.0,4.0,3.4893651623039488
3.0,3.0,4.0,3.0,5.0,3.0,3.3441747039694696
3.0,3.0,4.0,4.0,1.0,2.0,2.4070526934898493
3.0,3.0,4.0,4.0,1.0,3.0,2.7116296662952823
3.0,3.0,4.0,4.0,1.0,4.0,2.711629671305319
3.0,3.0,4.0,4.0,2.0,3.0,2.907079725841617
3.0,3.0,4.0,4.0,2.0,4.0,2.9981852991626927
3.0,3.0,4.0,4.0,2.0,5.0,3.4726732457011007
3.0,3.0,4.0,4.0,3.0,2.0,2.6364612376146304
3.0,3.0,4.0,4.0,3.0,3.0,3.093882369530361
3.0,3.0,4.0,4.0,3.0,4.0,3.4893651715625427
3.0,3.0,4.0,4.0,4.0,1.0,2.4252880684270184
3.0,3.0,4.0,4.0,4.0,2.0,2.7887389607706927
3.0,3.0,4.0,4.0,4.0,3.0,3.3424508136770887
3.0,3.0,4.0,4.0,4.0,4.0,3.489365177016791
3.0,3.0,4.0,4.0,4.0,5.0,3.661435907510887
3.0,3.0,4.0,4.0,5.0,3.0,3.3793555295836946
3.0,3.0,4.0,4.0,5.0,4.0,3.7420209155365813
3.0,3.0,4.0,4.0,5.0,5.0,3.795112947232945
3.0,3.0,4.0,5.0,1.0,2.0,2.4070526969083077
3.0,3.0,4.0,5.0,1.0,5.0,3.0125675501924385
3.0,3.0,4.0,5.0,2.0,3.0,2.9915239541355865
3.0,3.0,4.0,5.0,2.0,4.0,3.3228894560781863
3.0,3.0,4.0,5.0,3.0,3.0,3.156978002518542
3.0,3.0,4.0,5.0,3.0,4.0,3.48936518895981
3.0,3.0,4.0,5.0,3.0,5.0,3.7951129598376676
3.0,3.0,4.0,5.0,4.0,3.0,3.342450822361528
3.0,3.0,4.0,5.0,4.0,4.0,3.489365191346344
3.0,3.0,4.0,5.0,4.0,5.0,3.7951129609683014
3.0,3.0,4.0,5.0,5.0,3.0,3.379355535167105
3.0,3.0,4.0,5.0,5.0,4.0,3.7420209204717745
3.0,3.0,4.0,5.0,5.0,5.0,3.7951129695566688
3.0,3.0,5.0,1.0,3.0,2.0,2.0744578637087425
3.0,3.0,5.0,1.0,4.0,1.0,1.6741621715248276
3.0,3.0,5.0,1.0,4.0,4.0,3.0046607558841067
3.0,3.0,5.0,2.0,2.0,3.0,2.848616477530692
3.0,3.0,5.0,2.0,3.0,3.0,2.8486164873157507
3.0,3.0,5.0,3.0,1.0,2.0,2.38424728630432
3.0,3.0,5.0,3.0,2.0,2.0,2.788738818249719
3.0,3.0,5.0,3.0,3.0,2.0,2.788738842548249
3.0,3.0,5.0,3.0,3.0,3.0,3.046504885152166
3.0,3.0,5.0,3.0,3.0,4.0,3.1137472253379577
3.0,3.0,5.0,3.0,4.0,2.0,2.7887388887620856
3.0,3.0,5.0,3.0,4.0,3.0,3.379635204194339
3.0,3.0,5.0,3.0,4.0,4.0,3.5742283019591694
3.0,3.0,5.0,3.0,5.0,5.0,3.9792379810846734
3.0,3.0,5.0,4.0,2.0,3.0,2.99660620632102
3.0,3.0,5.0,4.0,3.0,3.0,3.379635149503245
3.0,3.0,5.0,4.0,3.0,4.0,3.7571312760334865
3.0,3.0,5.0,4.0,4.0,3.0,3.37963518313233
3.0,3.0,5.0,4.0,4.0,4.0,3.793309810887846
3.0,3.0,5.0,4.0,5.0,3.0,3.492369440618723
3.0,3.0,5.0,4.0,5.0,4.0,3.7933098223668344
3.0,3.0,5.0,4.0,5.0,5.0,3.9792380004018773
3.0,3.0,5.0,5.0,2.0,3.0,3.009899943733014
3.0,3.0,5.0,5.0,3.0,3.0,3.3796351628503922
3.0,3.0,5.0,5.0,3.0,4.0,3.7571312821953966
3.0,3.0,5.0,5.0,3.0,5.0,3.7951129811999498
3.0,3.0,5.0,5.0,4.0,3.0,3.4923694198998487
3.0,3.0,5.0,5.0,4.0,4.0,3.892603498237191
3.0,3.0,5.0,5.0,4.0,5.0,3.8926035262155994
3.0,3.0,5.0,5.0,5.0,3.0,3.492369452238435
3.0,3.0,5.0,5.0,5.0,4.0,3.8926035123863914
3.0,3.0,5.0,5.0,5.0,5.0,4.156360688127411
3.0,4.0,1.0,1.0,1.0,1.0,1.2853499463571758
3.0,4.0,1.0,1.0,1.0,2.0,1.38307846287941
3.0,4.0,1.0,1.0,1.0,3.0,1.455744101545735
3.0,4.0,1.0,1.0,2.0,1.0,1.2860960413323692
3.0,4.0,1.0,1.0,2.0,2.0,1.4819963893291317
3.0,4.0,1.0,1.0,2.0,3.0,1.4819963944479146
3.0,4.0,1.0,1.0,3.0,1.0,1.28609567710169
3.0,4.0,1.0,1.0,3.0,2.0,1.4819963958884181
3.0,4.0,1.0,1.0,3.0,3.0,1.4992346239162089
3.0,4.0,1.0,1.0,4.0,1.0,1.2860918709967357
3.0,4.0,1.0,1.0,4.0,2.0,1.481996399760807
3.0,4.0,1.0,1.0,4.0,3.0,1.8806544042971889
3.0,4.0,1.0,2.0,1.0,1.0,1.3239541572840874
3.0,4.0,1.0,2.0,1.0,2.0,1.5147560225501375
3.0,4.0,1.0,2.0,1.0,3.0,1.5147560255028019
3.0,4.0,1.0,2.0,2.0,1.0,1.4299452343879662
3.0,4.0,1.0,2.0,2.0,2.0,1.755866227903438
3.0,4.0,1.0,2.0,2.0,3.0,1.755866204925196
3.0,4.0,1.0,2.0,2.0,4.0,1.9986814069421412
3.0,4.0,1.0,2.0,3.0,1.0,1.4805600003006085
3.0,4.0,1.0,2.0,3.0,2.0,2.0653904245304826
3.0,4.0,1.0,2.0,3.0,3.0,2.093475076009039
3.0,4.0,1.0,2.0,3.0,4.0,2.154766900269823
3.0,4.0,1.0,2.0,4.0,1.0,1.4805599927352084
3.0,4.0,1.0,2.0,4.0,2.0,2.0653904230944433
3.0,4.0,1.0,2.0,4.0,3.0,2.1547669306735564
3.0,4.0,1.0,2.0,5.0,2.0,2.065390439349727
3.0,4.0,1.0,2.0,5.0,4.0,2.1547669301230448
3.0,4.0,1.0,3.0,1.0,1.0,1.3683046909289747
3.0,4.0,1.0,3.0,1.0,2.0,1.5147560448407724
3.0,4.0,1.0,3.0,1.0,3.0,1.7294575151143772
3.0,4.0,1.0,3.0,2.0,1.0,1.480559999038283
3.0,4.0,1.0,3.0,2.0,2.0,1.9267715260751792
3.0,4.0,1.0,3.0,2.0,3.0,2.1547668949906154
3.0,4.0,1.0,3.0,3.0,1.0,1.663615787795101
3.0,4.0,1.0,3.0,3.0,2.0,2.065390431866892
3.0,4.0,1.0,3.0,3.0,3.0,2.154766899209427
3.0,4.0,1.0,3.0,3.0,4.0,2.1547668849614094
3.0,4.0,1.0,3.0,4.0,1.0,1.6636157947251575
3.0,4.0,1.0,3.0,4.0,2.0,2.0909599027693293
3.0,4.0,1.0,3.0,4.0,3.0,2.1547669433844545
3.0,4.0,1.0,3.0,4.0,4.0,2.3797753860729163
3.0,4.0,1.0,3.0,5.0,3.0,2.246416021721741
3.0,4.0,1.0,3.0,5.0,5.0,2.379775400463939
3.0,4.0,1.0,4.0,1.0,1.0,1.3683046904931664
3.0,4.0,1.0,4.0,1.0,2.0,1.5147560435239615
3.0,4.0,1.0,4.0,1.0,3.0,1.8572797078815204
3.0,4.0,1.0,4.0,1.0,4.0,1.862069045957157
3.0,4.0,1.0,4.0,2.0,1.0,1.6636157563688765
3.0,4.0,1.0,4.0,2.0,2.0,2.0909598501002136
3.0,4.0,1.0,4.0,2.0,3.0,2.2410161161174122
3.0,4.0,1.0,4.0,3.0,1.0,1.6636157782180825
3.0,4.0,1.0,4.0,3.0,2.0,2.090959875548871
3.0,4.0,1.0,4.0,3.0,3.0,2.4341163547213944
3.0,4.0,1.0,4.0,3.0,4.0,2.436724386128178
3.0,4.0,1.0,4.0,4.0,1.0,1.663615787371917
3.0,4.0,1.0,4.0,4.0,2.0,2.090959909660501
3.0,4.0,1.0,4.0,4.0,3.0,2.4341163546878963
3.0,4.0,1.0,4.0,4.0,4.0,2.4367243897797985
3.0,4.0,1.0,4.0,5.0,4.0,2.4367244058825417
3.0,4.0,1.0,5.0,1.0,1.0,1.3683046937938863
3.0,4.0,1.0,5.0,1.0,3.0,1.862069065258824
3.0,4.0,1.0,5.0,1.0,4.0,2.238327090467468
3.0,4.0,1.0,5.0,2.0,1.0,1.6636157642071001
3.0,4.0,1.0,5.0,2.0,2.0,2.1663093797728377
3.0,4.0,1.0,5.0,2.0,4.0,2.296091640575971
3.0,4.0,1.0,5.0,3.0,2.0,2.166309413502074
3.0,4.0,1.0,5.0,3.0,3.0,2.434116411676158
3.0,4.0,1.0,5.0,3.0,4.0,2.739691488502343
3.0,4.0,1.0,5.0,4.0,2.0,2.16630941837656
3.0,4.0,1.0,5.0,4.0,3.0,2.434116391716834
3.0,4.0,1.0,5.0,4.0,4.0,2.7396914946271043
3.0,4.0,1.0,5.0,5.0,5.0,2.7396915046176105
3.0,4.0,2.0,1.0,1.0,1.0,1.4648204043456325
3.0,4.0,2.0,1.0,1.0,2.0,1.6585552388010416
3.0,4.0,2.0,1.0,1.0,3.0,1.994962999045916
3.0,4.0,2.0,1.0,2.0,1.0,1.4931980037997516
3.0,4.0,2.0,1.0,2.0,2.0,1.7330827159209274
3.0,4.0,2.0,1.0,2.0,3.0,1.9967537091584906
3.0,4.0,2.0,1.0,3.0,1.0,1.4931980318672733
3.0,4.0,2.0,1.0,3.0,2.0,1.761536344695713
3.0,4.0,2.0,1.0,3.0,3.0,2.1373961769032848
3.0,4.0,2.0,1.0,4.0,1.0,1.5047510705174836
3.0,4.0,2.0,1.0,4.0,2.0,1.761536319707119
3.0,4.0,2.0,1.0,4.0,3.0,2.137396192033711
3.0,4.0,2.0,1.0,4.0,4.0,2.4402250836031687
3.0,4.0,2.0,1.0,5.0,3.0,2.137396190099215
3.0,4.0,2.0,1.0,5.0,4.0,2.560320245722868
3.0,4.0,2.0,2.0,1.0,1.0,1.5118683658174417
3.0,4.0,2.0,2.0,1.0,2.0,1.998337490156104
3.0,4.0,2.0,2.0,1.0,3.0,2.2447758877323505
3.0,4.0,2.0,2.0,2.0,1.0,1.7238718984482484
3.0,4.0,2.0,2.0,2.0,2.0,2.1929941802849404
3.0,4.0,2.0,2.0,2.0,3.0,2.3745118955446505
3.0,4.0,2.0,2.0,2.0,4.0,2.3745119080355237
3.0,4.0,2.0,2.0,3.0,1.0,1.7238719183720908
3.0,4.0,2.0,2.0,3.0,2.0,2.2102095807544515
3.0,4.0,2.0,2.0,3.0,3.0,2.402633873331117
3.0,4.0,2.0,2.0,3.0,4.0,2.4313249868220828
3.0,4.0,2.0,2.0,4.0,1.0,2.0614604891007633
3.0,4.0,2.0,2.0,4.0,2.0,2.2102095796834815
3.0,4.0,2.0,2.0,4.0,3.0,2.4651170561820894
3.0,4.0,2.0,2.0,4.0,4.0,2.712265591440518
3.0,4.0,2.0,2.0,4.0,5.0,2.7122656003894834
3.0,4.0,2.0,2.0,5.0,2.0,2.2102095810558624
3.0,4.0,2.0,2.0,5.0,3.0,2.465117071198213
3.0,4.0,2.0,2.0,5.0,4.0,2.8000598379308874
3.0,4.0,2.0,2.0,5.0,5.0,2.9913459739780417
3.0,4.0,2.0,3.0,1.0,1.0,1.8229553044250961
3.0,4.0,2.0,3.0,1.0,2.0,1.9983375084668833
3.0,4.0,2.0,3.0,1.0,3.0,2.2485215462902306
3.0,4.0,2.0,3.0,2.0,1.0,1.8780718536314613
3.0,4.0,2.0,3.0,2.0,2.0,2.3246123756070083
3.0,4.0,2.0,3.0,2.0,3.0,2.5987621148925633
3.0,4.0,2.0,3.0,3.0,1.0,2.0614605190629756
3.0,4.0,2.0,3.0,3.0,2.0,2.4131586598262262
3.0,4.0,2.0,3.0,3.0,3.0,2.6985097550156714
3.0,4.0,2.0,3.0,3.0,4.0,2.6985097625624666
3.0,4.0,2.0,3.0,4.0,1.0,2.061460516838081
3.0,4.0,2.0,3.0,4.0,2.0,2.4766261734861947
3.0,4.0,2.0,3.0,4.0,3.0,2.7857792926066494
3.0,4.0,2.0,3.0,4.0,4.0,2.8836046817251604
3.0,4.0,2.0,3.0,5.0,2.0,2.476626186442535
3.0,4.0,2.0,3.0,5.0,3.0,2.8497633492301637
3.0,4.0,2.0,3.0,5.0,5.0,2.996872435643476
3.0,4.0,2.0,4.0,1.0,1.0,1.9280492597223893
3.0,4.0,2.0,4.0,1.0,2.0,2.2096911975562668
3.0,4.0,2.0,4.0,1.0,3.0,2.2676278524350493
3.0,4.0,2.0,4.0,1.0,4.0,2.304448378281406
3.0,4.0,2.0,4.0,2.0,1.0,2.0015008686885536
3.0,4.0,2.0,4.0,2.0,2.0,2.360981907143975
3.0,4.0,2.0,4.0,2.0,3.0,2.715226689918563
3.0,4.0,2.0,4.0,2.0,4.0,2.71522672491334
3.0,4.0,2.0,4.0,2.0,5.0,2.7152267424860903
3.0,4.0,2.0,4.0,3.0,1.0,2.0614605213574664
3.0,4.0,2.0,4.0,3.0,2.0,2.585321849470004
3.0,4.0,2.0,4.0,3.0,3.0,2.7857792843939317
3.0,4.0,2.0,4.0,3.0,4.0,2.8796143751067333
3.0,4.0,2.0,4.0,4.0,1.0,2.290702561794035
3.0,4.0,2.0,4.0,4.0,2.0,2.585321859183166
3.0,4.0,2.0,4.0,4.0,3.0,2.78577930514351
3.0,4.0,2.0,4.0,4.0,4.0,2.8836047083734404
3.0,4.0,2.0,4.0,4.0,5.0,2.8836047367669275
3.0,4.0,2.0,4.0,5.0,3.0,2.849763357786681
3.0,4.0,2.0,4.0,5.0,4.0,2.9988806179817997
3.0,4.0,2.0,4.0,5.0,5.0,3.153861079995715
3.0,4.0,2.0,5.0,1.0,2.0,2.304448388509414
3.0,4.0,2.0,5.0,1.0,3.0,2.3044483886170677
3.0,4.0,2.0,5.0,1.0,4.0,2.304448396278429
3.0,4.0,2.0,5.0,1.0,5.0,2.8836047576926984
3.0,4.0,2.0,5.0,2.0,2.0,2.3959618861615044
3.0,4.0,2.0,5.0,2.0,3.0,2.715226698331519
3.0,4.0,2.0,5.0,2.0,4.0,2.857146152290845
3.0,4.0,2.0,5.0,2.0,5.0,2.8836047544563694
3.0,4.0,2.0,5.0,3.0,2.0,2.5853218681428562
3.0,4.0,2.0,5.0,3.0,3.0,2.7857793072464743
3.0,4.0,2.0,5.0,3.0,4.0,2.8836047516727343
3.0,4.0,2.0,5.0,3.0,5.0,2.8836047632009905
3.0,4.0,2.0,5.0,4.0,1.0,2.290702565234128
3.0,4.0,2.0,5.0,4.0,2.0,2.5853218766657746
3.0,4.0,2.0,5.0,4.0,3.0,2.88360473558733
3.0,4.0,2.0,5.0,4.0,4.0,2.8836047424294433
3.0,4.0,2.0,5.0,4.0,5.0,2.8836047582201805
3.0,4.0,2.0,5.0,5.0,1.0,2.5621361275390733
3.0,4.0,2.0,5.0,5.0,2.0,2.5853218871241235
3.0,4.0,2.0,5.0,5.0,3.0,2.981364714284826
3.0,4.0,2.0,5.0,5.0,4.0,3.0004395909942367
3.0,4.0,2.0,5.0,5.0,5.0,3.1538610794695257
3.0,4.0,3.0,1.0,1.0,1.0,1.5604797783958964
3.0,4.0,3.0,1.0,1.0,2.0,1.6707492372575867
3.0,4.0,3.0,1.0,1.0,3.0,2.1101499372562413
3.0,4.0,3.0,1.0,2.0,1.0,1.6741622195778436
3.0,4.0,3.0,1.0,2.0,2.0,1.8355814947508329
3.0,4.0,3.0,1.0,2.0,3.0,2.2887752760564153
3.0,4.0,3.0,1.0,3.0,1.0,1.6741622245241117
3.0,4.0,3.0,1.0,3.0,2.0,2.074457932957379
3.0,4.0,3.0,1.0,3.0,3.0,2.2887752857708
3.0,4.0,3.0,1.0,3.0,4.0,2.2887752643637183
3.0,4.0,3.0,1.0,4.0,1.0,1.674162203428017
3.0,4.0,3.0,1.0,4.0,2.0,2.1123462516767777
3.0,4.0,3.0,1.0,4.0,3.0,2.3756550390339877
3.0,4.0,3.0,1.0,4.0,4.0,2.4402250876004956
3.0,4.0,3.0,1.0,5.0,1.0,1.6741622026198553
3.0,4.0,3.0,1.0,5.0,4.0,2.5603202365453517
3.0,4.0,3.0,1.0,5.0,5.0,2.850058457785988
3.0,4.0,3.0,2.0,1.0,1.0,1.639511830181545
3.0,4.0,3.0,2.0,1.0,2.0,2.358484896035565
3.0,4.0,3.0,2.0,1.0,3.0,2.507524186035348
3.0,4.0,3.0,2.0,2.0,1.0,1.8705369157897407
3.0,4.0,3.0,2.0,2.0,2.0,2.433363399972313
3.0,4.0,3.0,2.0,2.0,3.0,2.748611063326214
3.0,4.0,3.0,2.0,2.0,4.0,2.748929743387741
3.0,4.0,3.0,2.0,3.0,1.0,1.8705369206091542
3.0,4.0,3.0,2.0,3.0,2.0,2.433363448332577
3.0,4.0,3.0,2.0,3.0,3.0,2.748929743874528
3.0,4.0,3.0,2.0,3.0,4.0,2.74892976536617
3.0,4.0,3.0,2.0,4.0,1.0,2.061460476893062
3.0,4.0,3.0,2.0,4.0,2.0,2.5866186342279445
3.0,4.0,3.0,2.0,4.0,3.0,2.802389993758683
3.0,4.0,3.0,2.0,4.0,4.0,2.997645033011695
3.0,4.0,3.0,2.0,5.0,3.0,2.802389990149022
3.0,4.0,3.0,2.0,5.0,4.0,2.997645033307205
3.0,4.0,3.0,3.0,1.0,1.0,1.8229553186549017
3.0,4.0,3.0,3.0,1.0,2.0,2.3584849090000595
3.0,4.0,3.0,3.0,1.0,3.0,2.5075241995939073
3.0,4.0,3.0,3.0,1.0,4.0,2.6921035585284274
3.0,4.0,3.0,3.0,2.0,1.0,2.3069646281138354
3.0,4.0,3.0,3.0,2.0,2.0,2.524306284655033
3.0,4.0,3.0,3.0,2.0,3.0,2.87219394315216
3.0,4.0,3.0,3.0,2.0,4.0,2.9947102428505836
3.0,4.0,3.0,3.0,3.0,1.0,2.306964641611117
3.0,4.0,3.0,3.0,3.0,2.0,2.6463828696851897
3.0,4.0,3.0,3.0,3.0,3.0,3.01699885168305
3.0,4.0,3.0,3.0,3.0,4.0,3.2304452859866553
3.0,4.0,3.0,3.0,3.0,5.0,3.34875131538323
3.0,4.0,3.0,3.0,4.0,1.0,2.306964639051114
3.0,4.0,3.0,3.0,4.0,2.0,2.788739040217079
3.0,4.0,3.0,3.0,4.0,3.0,3.0618417720629045
3.0,4.0,3.0,3.0,4.0,4.0,3.2304452906675607
3.0,4.0,3.0,3.0,4.0,5.0,3.3487513287920634
3.0,4.0,3.0,3.0,5.0,2.0,2.8586755364098826
3.0,4.0,3.0,3.0,5.0,3.0,3.144371845909401
3.0,4.0,3.0,3.0,5.0,4.0,3.2701071163356032
3.0,4.0,3.0,3.0,5.0,5.0,3.348751350180067
3.0,4.0,3.0,4.0,1.0,1.0,2.2403450239611504
3.0,4.0,3.0,4.0,1.0,2.0,2.4070527470717162
3.0,4.0,3.0,4.0,1.0,3.0,2.678805158362709
3.0,4.0,3.0,4.0,1.0,4.0,2.6921035841759413
3.0,4.0,3.0,4.0,2.0,1.0,2.458293682466838
3.0,4.0,3.0,4.0,2.0,2.0,2.6722322336996194
3.0,4.0,3.0,4.0,2.0,3.0,3.0261752680435867
3.0,4.0,3.0,4.0,2.0,4.0,3.026175264600287
3.0,4.0,3.0,4.0,2.0,5.0,3.026175272905409
3.0,4.0,3.0,4.0,3.0,1.0,2.4582936870565972
3.0,4.0,3.0,4.0,3.0,2.0,2.802953724340006
3.0,4.0,3.0,4.0,3.0,3.0,3.156978108719932
3.0,4.0,3.0,4.0,3.0,4.0,3.2304452957201955
3.0,4.0,3.0,4.0,3.0,5.0,3.3487513150705297
3.0,4.0,3.0,4.0,4.0,1.0,2.7195466316150227
3.0,4.0,3.0,4.0,4.0,2.0,2.802953754899335
3.0,4.0,3.0,4.0,4.0,3.0,3.1569781302439184
3.0,4.0,3.0,4.0,4.0,4.0,3.4035603731257313
3.0,4.0,3.0,4.0,4.0,5.0,3.403560382252792
3.0,4.0,3.0,4.0,5.0,2.0,2.9782334527943433
3.0,4.0,3.0,4.0,5.0,3.0,3.156978142460157
3.0,4.0,3.0,4.0,5.0,4.0,3.4035603858293864
3.0,4.0,3.0,4.0,5.0,5.0,3.4035603950543982
3.0,4.0,3.0,5.0,1.0,1.0,2.2403450515932684
3.0,4.0,3.0,5.0,1.0,2.0,2.407052748467503
3.0,4.0,3.0,5.0,1.0,3.0,2.7608771872621984
3.0,4.0,3.0,5.0,1.0,4.0,2.9123650388580877
3.0,4.0,3.0,5.0,1.0,5.0,2.912365050918054
3.0,4.0,3.0,5.0,2.0,2.0,2.6722322287897566
3.0,4.0,3.0,5.0,2.0,3.0,3.0261752958446673
3.0,4.0,3.0,5.0,2.0,4.0,3.026175306502775
3.0,4.0,3.0,5.0,3.0,1.0,2.4582936929003965
3.0,4.0,3.0,5.0,3.0,2.0,2.8029537295140337
3.0,4.0,3.0,5.0,3.0,3.0,3.1569780920836963
3.0,4.0,3.0,5.0,3.0,4.0,3.403560391685473
3.0,4.0,3.0,5.0,3.0,5.0,3.4035604007243045
3.0,4.0,3.0,5.0,4.0,2.0,2.802953743474111
3.0,4.0,3.0,5.0,4.0,3.0,3.1815693637364206
3.0,4.0,3.0,5.0,4.0,4.0,3.4035603956157847
3.0,4.0,3.0,5.0,4.0,5.0,3.5542684267150224
3.0,4.0,3.0,5.0,5.0,2.0,2.992780435830168
3.0,4.0,3.0,5.0,5.0,3.0,3.1815693847642224
3.0,4.0,3.0,5.0,5.0,4.0,3.403560394485761
3.0,4.0,3.0,5.0,5.0,5.0,3.6429852493426957
3.0,4.0,4.0,1.0,1.0,1.0,1.5604797527804488
3.0,4.0,4.0,1.0,1.0,2.0,1.6707492437082545
3.0,4.0,4.0,1.0,1.0,3.0,2.5637409131396085
3.0,4.0,4.0,1.0,1.0,4.0,2.685101913490553
3.0,4.0,4.0,1.0,2.0,1.0,1.6741621934305346
3.0,4.0,4.0,1.0,2.0,2.0,2.0744578734282113
3.0,4.0,4.0,1.0,2.0,3.0,2.5637409361266035
3.0,4.0,4.0,1.0,3.0,1.0,1.6741621981051698
3.0,4.0,4.0,1.0,3.0,2.0,2.0744579037431117
3.0,4.0,4.0,1.0,3.0,3.0,2.5637409522723322
3.0,4.0,4.0,1.0,4.0,1.0,1.6741621935274278
3.0,4.0,4.0,1.0,4.0,2.0,2.1123462394112815
3.0,4.0,4.0,1.0,4.0,3.0,2.5637409530993485
3.0,4.0,4.0,2.0,1.0,1.0,2.000045069030002
3.0,4.0,4.0,2.0,1.0,2.0,2.358484900391478
3.0,4.0,4.0,2.0,1.0,3.0,2.563740920834019
3.0,4.0,4.0,2.0,1.0,4.0,2.9607217865486772
3.0,4.0,4.0,2.0,2.0,2.0,2.433363380548161
3.0,4.0,4.0,2.0,2.0,3.0,2.8150786784919806
3.0,4.0,4.0,2.0,2.0,4.0,2.974165869075423
3.0,4.0,4.0,2.0,3.0,1.0,2.0165871987463597
3.0,4.0,4.0,2.0,3.0,2.0,2.534402629506346
3.0,4.0,4.0,2.0,3.0,3.0,2.815078694868139
3.0,4.0,4.0,2.0,3.0,4.0,2.9934704477974035
3.0,4.0,4.0,2.0,4.0,2.0,2.848616423832375
3.0,4.0,4.0,2.0,4.0,3.0,2.996795377401198
3.0,4.0,4.0,2.0,4.0,4.0,3.470806100936783
3.0,4.0,4.0,2.0,5.0,3.0,2.996795372027347
3.0,4.0,4.0,2.0,5.0,4.0,3.470806109101205
3.0,4.0,4.0,3.0,1.0,1.0,2.01788022450542
3.0,4.0,4.0,3.0,1.0,2.0,2.3842472737493665
3.0,4.0,4.0,3.0,1.0,3.0,2.6900762250352135
3.0,4.0,4.0,3.0,2.0,1.0,2.4582936651711598
3.0,4.0,4.0,3.0,2.0,2.0,2.711355077335248
3.0,4.0,4.0,3.0,2.0,3.0,3.050359380615115
3.0,4.0,4.0,3.0,2.0,4.0,3.338286360739819
3.0,4.0,4.0,3.0,3.0,1.0,2.5431635034744104
3.0,4.0,4.0,3.0,3.0,2.0,2.72594483085178
3.0,4.0,4.0,3.0,3.0,3.0,3.1258310191322365
3.0,4.0,4.0,3.0,3.0,4.0,3.4011004025950546
3.0,4.0,4.0,3.0,3.0,5.0,3.401100417918346
3.0,4.0,4.0,3.0,4.0,2.0,2.9839823197165067
3.0,4.0,4.0,3.0,4.0,3.0,3.1628631205289883
3.0,4.0,4.0,3.0,4.0,4.0,3.574228309481139
3.0,4.0,4.0,3.0,4.0,5.0,3.5751490454989914
3.0,4.0,4.0,3.0,5.0,2.0,3.1651365461518957
3.0,4.0,4.0,3.0,5.0,3.0,3.34417471438768
3.0,4.0,4.0,3.0,5.0,4.0,3.575149057631466
3.0,4.0,4.0,3.0,5.0,5.0,3.575149074154423
3.0,4.0,4.0,4.0,1.0,1.0,2.407052660883763
3.0,4.0,4.0,4.0,1.0,2.0,2.407052711820405
3.0,4.0,4.0,4.0,1.0,3.0,2.7608772092657974
3.0,4.0,4.0,4.0,1.0,4.0,2.997793105115388
3.0,4.0,4.0,4.0,1.0,5.0,3.0083568882114324
3.0,4.0,4.0,4.0,2.0,2.0,2.7113550818788954
3.0,4.0,4.0,4.0,2.0,3.0,3.125830976536667
3.0,4.0,4.0,4.0,2.0,4.0,3.338286366571863
3.0,4.0,4.0,4.0,3.0,1.0,2.7195466251740195
3.0,4.0,4.0,4.0,3.0,2.0,2.855066219292707
3.0,4.0,4.0,4.0,3.0,3.0,3.281222256540128
3.0,4.0,4.0,4.0,3.0,4.0,3.6481441232978793
3.0,4.0,4.0,4.0,3.0,5.0,3.6481441426519927
3.0,4.0,4.0,4.0,4.0,1.0,2.7195466380185915
3.0,4.0,4.0,4.0,4.0,2.0,2.9923829136865137
3.0,4.0,4.0,4.0,4.0,3.0,3.351091654309935
3.0,4.0,4.0,4.0,4.0,4.0,3.6552345050720403
3.0,4.0,4.0,4.0,4.0,5.0,3.9554323704496848
3.0,4.0,4.0,4.0,5.0,3.0,3.37935553480815
3.0,4.0,4.0,4.0,5.0,4.0,3.774646378713459
3.0,4.0,4.0,4.0,5.0,5.0,3.955432399563831
3.0,4.0,4.0,5.0,1.0,3.0,2.760877205006553
3.0,4.0,4.0,5.0,1.0,4.0,3.0002157455950496
3.0,4.0,4.0,5.0,1.0,5.0,3.021650630634522
3.0,4.0,4.0,5.0,2.0,2.0,2.942154444259405
3.0,4.0,4.0,5.0,2.0,3.0,3.1258309840672323
3.0,4.0,4.0,5.0,2.0,4.0,3.3382863850861515
3.0,4.0,4.0,5.0,2.0,5.0,3.4726732582698356
3.0,4.0,4.0,5.0,3.0,3.0,3.2812222669304654
3.0,4.0,4.0,5.0,3.0,4.0,3.6552345221535893
3.0,4.0,4.0,5.0,3.0,5.0,3.795112982775032
3.0,4.0,4.0,5.0,4.0,3.0,3.3510916910828663
3.0,4.0,4.0,5.0,4.0,4.0,3.6552345412438814
3.0,4.0,4.0,5.0,4.0,5.0,3.977252313000245
3.0,4.0,4.0,5.0,5.0,2.0,3.1651365497822166
3.0,4.0,4.0,5.0,5.0,3.0,3.591069860344574
3.0,4.0,4.0,5.0,5.0,4.0,3.774646386866405
3.0,4.0,4.0,5.0,5.0,5.0,3.9772523498428476
3.0,4.0,5.0,2.0,2.0,3.0,2.8486164884151983
3.0,4.0,5.0,2.0,3.0,2.0,2.6686893834054968
3.0,4.0,5.0,2.0,5.0,3.0,3.3441746971239192
3.0,4.0,5.0,2.0,5.0,5.0,3.959063173764817
3.0,4.0,5.0,3.0,1.0,3.0,2.690076207247552
3.0,4.0,5.0,3.0,2.0,3.0,3.1258309831072175
3.0,4.0,5.0,3.0,3.0,3.0,3.125830997914908
3.0,4.0,5.0,3.0,3.0,4.0,3.401100402460438
3.0,4.0,5.0,3.0,4.0,3.0,3.3796352333039783
3.0,4.0,5.0,3.0,4.0,4.0,3.574228318614934
3.0,4.0,5.0,3.0,4.0,5.0,3.9589128093166335
3.0,4.0,5.0,3.0,5.0,3.0,3.4902477290991882
3.0,4.0,5.0,4.0,1.0,3.0,2.7608772042374135
3.0,4.0,5.0,4.0,2.0,4.0,3.7126775062284594
3.0,4.0,5.0,4.0,2.0,5.0,3.795112982436769
3.0,4.0,5.0,4.0,3.0,2.0,2.99899119393581
3.0,4.0,5.0,4.0,3.0,3.0,3.4916727892222053
3.0,4.0,5.0,4.0,3.0,4.0,3.757131303516027
3.0,4.0,5.0,4.0,4.0,3.0,3.5971717695198464
3.0,4.0,5.0,4.0,4.0,4.0,3.8659100048197255
3.0,4.0,5.0,4.0,4.0,5.0,4.082977034464353
3.0,4.0,5.0,4.0,5.0,3.0,3.6764957542467624
3.0,4.0,5.0,4.0,5.0,4.0,3.8806259207699276
3.0,4.0,5.0,4.0,5.0,5.0,4.082977046821972
3.0,4.0,5.0,5.0,1.0,3.0,2.760877215523475
3.0,4.0,5.0,5.0,1.0,4.0,3.014011105233232
3.0,4.0,5.0,5.0,1.0,5.0,3.474817715378269
3.0,4.0,5.0,5.0,2.0,5.0,3.7951129959764534
3.0,4.0,5.0,5.0,3.0,4.0,3.7571312986686873
3.0,4.0,5.0,5.0,3.0,5.0,3.7951129954344447
3.0,4.0,5.0,5.0,4.0,3.0,3.597171778131637
3.0,4.0,5.0,5.0,4.0,4.0,3.935015885837205
3.0,4.0,5.0,5.0,4.0,5.0,4.08297704765481
3.0,4.0,5.0,5.0,5.0,3.0,3.6860920528360315
3.0,4.0,5.0,5.0,5.0,4.0,3.9977842146008298
3.0,4.0,5.0,5.0,5.0,5.0,4.217935733324452
3.0,5.0,1.0,1.0,1.0,1.0,1.2853175377849044
3.0,5.0,1.0,1.0,1.0,2.0,1.4281773271664797
3.0,5.0,1.0,1.0,1.0,3.0,1.4557441256380907
3.0,5.0,1.0,1.0,2.0,1.0,1.2861036434634001
3.0,5.0,1.0,1.0,2.0,2.0,1.481996418826781
3.0,5.0,1.0,1.0,2.0,3.0,1.481996414375211
3.0,5.0,1.0,1.0,3.0,1.0,1.2861024517676445
3.0,5.0,1.0,1.0,3.0,2.0,1.4819964364033493
3.0,5.0,1.0,1.0,3.0,3.0,1.5103180033617016
3.0,5.0,1.0,1.0,4.0,1.0,1.2860993339690685
3.0,5.0,1.0,1.0,4.0,2.0,1.4819964319482535
3.0,5.0,1.0,1.0,5.0,1.0,1.2860946756171097
3.0,5.0,1.0,1.0,5.0,2.0,1.6762775564281085
3.0,5.0,1.0,1.0,5.0,5.0,1.9548029964083429
3.0,5.0,1.0,2.0,1.0,1.0,1.3683047223469211
3.0,5.0,1.0,2.0,1.0,2.0,1.6078667684468748
3.0,5.0,1.0,2.0,1.0,3.0,1.6078667728337595
3.0,5.0,1.0,2.0,2.0,1.0,1.6341020393380865
3.0,5.0,1.0,2.0,2.0,2.0,1.7558662372185714
3.0,5.0,1.0,2.0,2.0,3.0,1.75586622690397
3.0,5.0,1.0,2.0,3.0,1.0,1.634102049959127
3.0,5.0,1.0,2.0,3.0,2.0,2.154766926613949
3.0,5.0,1.0,2.0,3.0,3.0,2.154766941614969
3.0,5.0,1.0,2.0,4.0,1.0,1.6807107505371903
3.0,5.0,1.0,2.0,4.0,2.0,2.1547669363219653
3.0,5.0,1.0,2.0,4.0,3.0,2.154766946159201
3.0,5.0,1.0,2.0,5.0,4.0,2.154766952890402
3.0,5.0,1.0,3.0,1.0,1.0,1.3683047176285477
3.0,5.0,1.0,3.0,1.0,2.0,1.6078667943753415
3.0,5.0,1.0,3.0,1.0,3.0,1.7294575353429102
3.0,5.0,1.0,3.0,2.0,1.0,1.663615815024988
3.0,5.0,1.0,3.0,2.0,2.0,1.9961665000906823
3.0,5.0,1.0,3.0,2.0,3.0,2.241016085578165
3.0,5.0,1.0,3.0,3.0,1.0,1.6636158095749063
3.0,5.0,1.0,3.0,3.0,2.0,2.1860371117863586
3.0,5.0,1.0,3.0,3.0,3.0,2.24101608303289
3.0,5.0,1.0,3.0,3.0,5.0,2.2410161126788033
3.0,5.0,1.0,3.0,4.0,1.0,1.8011539547133157
3.0,5.0,1.0,3.0,4.0,2.0,2.1860371318127534
3.0,5.0,1.0,3.0,4.0,3.0,2.2410160897394817
3.0,5.0,1.0,3.0,4.0,4.0,2.379775402128811
3.0,5.0,1.0,3.0,5.0,1.0,1.8383397988946588
3.0,5.0,1.0,3.0,5.0,2.0,2.3303402453303304
3.0,5.0,1.0,3.0,5.0,3.0,2.3303402550927035
3.0,5.0,1.0,4.0,1.0,1.0,1.557958731534784
3.0,5.0,1.0,4.0,1.0,2.0,1.6078668028654177
3.0,5.0,1.0,4.0,1.0,3.0,1.8620690717766675
3.0,5.0,1.0,4.0,1.0,4.0,2.238327072086555
3.0,5.0,1.0,4.0,2.0,2.0,2.2033959154185605
3.0,5.0,1.0,4.0,2.0,3.0,2.2410161212580633
3.0,5.0,1.0,4.0,3.0,1.0,1.6636158111965043
3.0,5.0,1.0,4.0,3.0,2.0,2.3284056873696706
3.0,5.0,1.0,4.0,3.0,4.0,2.436724400683164
3.0,5.0,1.0,4.0,4.0,2.0,2.4341163042181084
3.0,5.0,1.0,4.0,4.0,3.0,2.4341163386316262
3.0,5.0,1.0,4.0,4.0,4.0,2.4367243992199086
3.0,5.0,1.0,4.0,5.0,1.0,1.8383398048654267
3.0,5.0,1.0,4.0,5.0,3.0,2.792408282355256
3.0,5.0,1.0,4.0,5.0,4.0,2.7924082974448803
3.0,5.0,1.0,5.0,1.0,1.0,1.5579587324196607
3.0,5.0,1.0,5.0,1.0,2.0,1.6078668137205687
3.0,5.0,1.0,5.0,1.0,3.0,1.862069069619973
3.0,5.0,1.0,5.0,1.0,4.0,2.238327088372219
3.0,5.0,1.0,5.0,1.0,5.0,2.2383271158778406
3.0,5.0,1.0,5.0,2.0,2.0,2.2033959301260957
3.0,5.0,1.0,5.0,2.0,3.0,2.2410161316012713
3.0,5.0,1.0,5.0,2.0,4.0,2.296091651881479
3.0,5.0,1.0,5.0,2.0,5.0,2.8672619688802126
3.0,5.0,1.0,5.0,3.0,2.0,2.434116529244813
3.0,5.0,1.0,5.0,3.0,3.0,2.4341164800897017
3.0,5.0,1.0,5.0,3.0,4.0,2.867261956236646
3.0,5.0,1.0,5.0,4.0,2.0,2.487927673498968
3.0,5.0,1.0,5.0,4.0,3.0,2.8212137995636972
3.0,5.0,1.0,5.0,4.0,4.0,2.867261952555412
3.0,5.0,1.0,5.0,4.0,5.0,2.867261963826542
3.0,5.0,1.0,5.0,5.0,1.0,2.0053510338883953
3.0,5.0,1.0,5.0,5.0,2.0,2.4879276833533384
3.0,5.0,1.0,5.0,5.0,4.0,2.8674113780726302
3.0,5.0,1.0,5.0,5.0,5.0,2.8674113714608263
3.0,5.0,2.0,1.0,1.0,1.0,1.4648204365969653
3.0,5.0,2.0,1.0,1.0,2.0,1.6585552500463066
3.0,5.0,2.0,1.0,1.0,3.0,1.9967536861163508
3.0,5.0,2.0,1.0,2.0,1.0,1.493198002893138
3.0,5.0,2.0,1.0,2.0,2.0,1.8560461125665235
3.0,5.0,2.0,1.0,2.0,3.0,1.9967537062273046
3.0,5.0,2.0,1.0,3.0,1.0,1.6741622814351262
3.0,5.0,2.0,1.0,3.0,2.0,1.9106468560420005
3.0,5.0,2.0,1.0,3.0,3.0,2.137396191348555
3.0,5.0,2.0,1.0,3.0,5.0,2.512014213295775
3.0,5.0,2.0,1.0,4.0,1.0,1.6741622862915237
3.0,5.0,2.0,1.0,4.0,2.0,1.9106468657682325
3.0,5.0,2.0,1.0,4.0,3.0,2.137396211239256
3.0,5.0,2.0,1.0,4.0,4.0,2.4402250957658835
3.0,5.0,2.0,1.0,4.0,5.0,2.560320249951598
3.0,5.0,2.0,1.0,5.0,1.0,1.6784818852335046
3.0,5.0,2.0,1.0,5.0,2.0,2.0945202931105062
3.0,5.0,2.0,1.0,5.0,3.0,2.56032024333165
3.0,5.0,2.0,1.0,5.0,5.0,2.560320256555901
3.0,5.0,2.0,2.0,1.0,1.0,1.5118684084802432
3.0,5.0,2.0,2.0,1.0,2.0,2.1929941258073367
3.0,5.0,2.0,2.0,1.0,3.0,2.3745118765106916
3.0,5.0,2.0,2.0,2.0,1.0,1.8705368088668743
3.0,5.0,2.0,2.0,2.0,2.0,2.192994160023465
3.0,5.0,2.0,2.0,2.0,3.0,2.374511900690212
3.0,5.0,2.0,2.0,2.0,4.0,2.374511917032323
3.0,5.0,2.0,2.0,2.0,5.0,2.7950848651187283
3.0,5.0,2.0,2.0,3.0,1.0,1.870536833967493
3.0,5.0,2.0,2.0,3.0,2.0,2.2661104013360576
3.0,5.0,2.0,2.0,3.0,3.0,2.431325046842807
3.0,5.0,2.0,2.0,3.0,4.0,2.431325026595589
3.0,5.0,2.0,2.0,4.0,1.0,2.0614604823151454
3.0,5.0,2.0,2.0,4.0,2.0,2.4766262169608173
3.0,5.0,2.0,2.0,4.0,3.0,2.676112009800905
3.0,5.0,2.0,2.0,4.0,4.0,2.749551441879312
3.0,5.0,2.0,2.0,5.0,1.0,2.061460480054391
3.0,5.0,2.0,2.0,5.0,2.0,2.585321901899604
3.0,5.0,2.0,2.0,5.0,3.0,2.6761120254542603
3.0,5.0,2.0,2.0,5.0,4.0,2.800059856552442
3.0,5.0,2.0,3.0,1.0,1.0,1.8229553164997658
3.0,5.0,2.0,3.0,1.0,2.0,2.192994123641955
3.0,5.0,2.0,3.0,1.0,3.0,2.396592919543205
3.0,5.0,2.0,3.0,1.0,4.0,2.3965929232841914
3.0,5.0,2.0,3.0,2.0,1.0,1.8842050883675616
3.0,5.0,2.0,3.0,2.0,2.0,2.3609819135738768
3.0,5.0,2.0,3.0,2.0,3.0,2.71522667331427
3.0,5.0,2.0,3.0,2.0,4.0,2.787945169990335
3.0,5.0,2.0,3.0,3.0,1.0,2.1465355079382067
3.0,5.0,2.0,3.0,3.0,2.0,2.4719270042823647
3.0,5.0,2.0,3.0,3.0,3.0,2.795084801115439
3.0,5.0,2.0,3.0,3.0,4.0,2.7950848261795604
3.0,5.0,2.0,3.0,3.0,5.0,2.7950848656200593
3.0,5.0,2.0,3.0,4.0,1.0,2.3069646781936157
3.0,5.0,2.0,3.0,4.0,2.0,2.4766261986908726
3.0,5.0,2.0,3.0,4.0,3.0,2.7950848027432196
3.0,5.0,2.0,3.0,4.0,4.0,2.8836046925733236
3.0,5.0,2.0,3.0,4.0,5.0,2.9611500276652767
3.0,5.0,2.0,3.0,5.0,1.0,2.562136131294296
3.0,5.0,2.0,3.0,5.0,2.0,2.585321905542886
3.0,5.0,2.0,3.0,5.0,3.0,3.029070874869669
3.0,5.0,2.0,3.0,5.0,4.0,3.0290708849390016
3.0,5.0,2.0,3.0,5.0,5.0,3.0290709145798687
3.0,5.0,2.0,4.0,1.0,1.0,1.9728167371532683
3.0,5.0,2.0,4.0,1.0,2.0,2.3302364226533054
3.0,5.0,2.0,4.0,1.0,3.0,2.517767322656287
3.0,5.0,2.0,4.0,1.0,4.0,2.5177673360972013
3.0,5.0,2.0,4.0,2.0,2.0,2.3609819121367184
3.0,5.0,2.0,4.0,2.0,3.0,2.7152266978329376
3.0,5.0,2.0,4.0,2.0,4.0,2.787945172443439
3.0,5.0,2.0,4.0,3.0,1.0,2.310812213404333
3.0,5.0,2.0,4.0,3.0,2.0,2.5853218632590744
3.0,5.0,2.0,4.0,3.0,3.0,2.7950848141266698
3.0,5.0,2.0,4.0,3.0,4.0,2.879614395503002
3.0,5.0,2.0,4.0,4.0,1.0,2.3108122156075064
3.0,5.0,2.0,4.0,4.0,2.0,2.5853218740318393
3.0,5.0,2.0,4.0,4.0,3.0,2.9118942955489855
3.0,5.0,2.0,4.0,4.0,4.0,2.9118943095885026
3.0,5.0,2.0,4.0,4.0,5.0,2.9611500426813784
3.0,5.0,2.0,4.0,5.0,2.0,2.5853218993054274
3.0,5.0,2.0,4.0,5.0,3.0,3.029070888489358
3.0,5.0,2.0,4.0,5.0,4.0,3.1538610588573532
3.0,5.0,2.0,4.0,5.0,5.0,3.1538610847328936
3.0,5.0,2.0,5.0,1.0,1.0,1.9728167612466596
3.0,5.0,2.0,5.0,1.0,2.0,2.5013341094448234
3.0,5.0,2.0,5.0,1.0,3.0,2.517767344575285
3.0,5.0,2.0,5.0,1.0,4.0,2.5177673463632844
3.0,5.0,2.0,5.0,2.0,2.0,2.585321863021568
3.0,5.0,2.0,5.0,2.0,3.0,2.7434279584347485
3.0,5.0,2.0,5.0,2.0,4.0,2.8571461658738104
3.0,5.0,2.0,5.0,2.0,5.0,2.9611500510354603
3.0,5.0,2.0,5.0,3.0,1.0,2.3108122257152406
3.0,5.0,2.0,5.0,3.0,2.0,2.5853218770640125
3.0,5.0,2.0,5.0,3.0,3.0,2.796525777932398
3.0,5.0,2.0,5.0,3.0,4.0,2.9611500612971207
3.0,5.0,2.0,5.0,3.0,5.0,2.961150065752173
3.0,5.0,2.0,5.0,4.0,2.0,2.5853218886967637
3.0,5.0,2.0,5.0,4.0,3.0,2.911894340600099
3.0,5.0,2.0,5.0,4.0,4.0,2.961150054487036
3.0,5.0,2.0,5.0,4.0,5.0,2.961150074217607
3.0,5.0,2.0,5.0,5.0,1.0,2.5621361408250114
3.0,5.0,2.0,5.0,5.0,2.0,2.5853219015804254
3.0,5.0,2.0,5.0,5.0,3.0,3.029070886150535
3.0,5.0,2.0,5.0,5.0,4.0,3.1538610694932423
3.0,5.0,2.0,5.0,5.0,5.0,3.1538610797809663
3.0,5.0,3.0,1.0,1.0,1.0,1.5604797692533978
3.0,5.0,3.0,1.0,1.0,2.0,1.8778242282199422
3.0,5.0,3.0,1.0,1.0,3.0,2.1101499344847605
3.0,5.0,3.0,1.0,2.0,1.0,1.6741622399411098
3.0,5.0,3.0,1.0,2.0,2.0,1.8778242420506046
3.0,5.0,3.0,1.0,2.0,3.0,2.588311088728965
3.0,5.0,3.0,1.0,3.0,1.0,1.6741622674068344
3.0,5.0,3.0,1.0,3.0,2.0,2.0841625799182744
3.0,5.0,3.0,1.0,3.0,3.0,2.588311093722288
3.0,5.0,3.0,1.0,3.0,5.0,2.978463378007648
3.0,5.0,3.0,1.0,4.0,1.0,2.143556054057736
3.0,5.0,3.0,1.0,4.0,2.0,2.3400877586454056
3.0,5.0,3.0,1.0,4.0,3.0,2.5883111189799517
3.0,5.0,3.0,1.0,4.0,4.0,2.588311156457209
3.0,5.0,3.0,1.0,5.0,1.0,2.1435560608567323
3.0,5.0,3.0,1.0,5.0,3.0,2.8975144213851793
3.0,5.0,3.0,1.0,5.0,5.0,3.3487068868449605
3.0,5.0,3.0,2.0,1.0,1.0,1.6395118560896773
3.0,5.0,3.0,2.0,1.0,2.0,2.358484894593608
3.0,5.0,3.0,2.0,1.0,3.0,2.507524222358363
3.0,5.0,3.0,2.0,1.0,4.0,2.5075242355706098
3.0,5.0,3.0,2.0,2.0,2.0,2.4649373280629523
3.0,5.0,3.0,2.0,2.0,3.0,2.7486110633047454
3.0,5.0,3.0,2.0,2.0,4.0,3.0172103984051626
3.0,5.0,3.0,2.0,3.0,1.0,1.8705368655427554
3.0,5.0,3.0,2.0,3.0,2.0,2.464937346548149
3.0,5.0,3.0,2.0,3.0,3.0,2.781255991702041
3.0,5.0,3.0,2.0,3.0,4.0,3.0172103956032026
3.0,5.0,3.0,2.0,3.0,5.0,3.3487069055079233
3.0,5.0,3.0,2.0,4.0,2.0,2.596306171490249
3.0,5.0,3.0,2.0,4.0,3.0,2.8251675481613123
3.0,5.0,3.0,2.0,4.0,4.0,3.2443066845081914
3.0,5.0,3.0,2.0,4.0,5.0,3.348706907849503
3.0,5.0,3.0,2.0,5.0,2.0,2.662966521327393
3.0,5.0,3.0,2.0,5.0,3.0,2.9321082495648425
3.0,5.0,3.0,2.0,5.0,4.0,3.3487068891640233
3.0,5.0,3.0,2.0,5.0,5.0,3.34870690083587
3.0,5.0,3.0,3.0,1.0,1.0,1.9926520125949674
3.0,5.0,3.0,3.0,1.0,2.0,2.358484904668229
3.0,5.0,3.0,3.0,1.0,3.0,2.5075242436822314
3.0,5.0,3.0,3.0,1.0,4.0,2.912364994824868
3.0,5.0,3.0,3.0,2.0,1.0,2.306964640720761
3.0,5.0,3.0,3.0,2.0,2.0,2.7590258983609517
3.0,5.0,3.0,3.0,2.0,3.0,3.017210428773065
3.0,5.0,3.0,3.0,2.0,4.0,3.0172104230215266
3.0,5.0,3.0,3.0,3.0,1.0,2.306964658930547
3.0,5.0,3.0,3.0,3.0,2.0,2.7590259288430254
3.0,5.0,3.0,3.0,3.0,3.0,3.017210444152103
3.0,5.0,3.0,3.0,3.0,4.0,3.3520614048328987
3.0,5.0,3.0,3.0,4.0,1.0,2.306964667375182
3.0,5.0,3.0,3.0,4.0,2.0,2.858675539384532
3.0,5.0,3.0,3.0,4.0,3.0,3.1443718608287003
3.0,5.0,3.0,3.0,4.0,4.0,3.3520614048866872
3.0,5.0,3.0,3.0,4.0,5.0,3.435813832899245
3.0,5.0,3.0,3.0,5.0,1.0,2.7195466291950936
3.0,5.0,3.0,3.0,5.0,2.0,2.8586755533254835
3.0,5.0,3.0,3.0,5.0,3.0,3.1443718710513244
3.0,5.0,3.0,3.0,5.0,4.0,3.4358138185808773
3.0,5.0,3.0,3.0,5.0,5.0,3.4358138439473414
3.0,5.0,3.0,4.0,1.0,1.0,2.2426220371921284
3.0,5.0,3.0,4.0,1.0,2.0,2.7215691636586588
3.0,5.0,3.0,4.0,1.0,3.0,2.848616731107171
3.0,5.0,3.0,4.0,1.0,4.0,2.912365020274799
3.0,5.0,3.0,4.0,2.0,2.0,2.942154450105816
3.0,5.0,3.0,4.0,2.0,3.0,3.026175264883081
3.0,5.0,3.0,4.0,2.0,4.0,3.0261752749345248
3.0,5.0,3.0,4.0,2.0,5.0,3.0261752957017176
3.0,5.0,3.0,4.0,3.0,1.0,2.4922990761113044
3.0,5.0,3.0,4.0,3.0,2.0,2.9940250397565946
3.0,5.0,3.0,4.0,3.0,3.0,3.156978115616276
3.0,5.0,3.0,4.0,3.0,4.0,3.3855796482573592
3.0,5.0,3.0,4.0,3.0,5.0,3.4759571573297565
3.0,5.0,3.0,4.0,4.0,2.0,3.037243912524368
3.0,5.0,3.0,4.0,4.0,3.0,3.2420303080657997
3.0,5.0,3.0,4.0,4.0,4.0,3.440128797463045
3.0,5.0,3.0,4.0,4.0,5.0,3.4978580345741928
3.0,5.0,3.0,4.0,5.0,2.0,3.225400522968059
3.0,5.0,3.0,4.0,5.0,3.0,3.2420303210161427
3.0,5.0,3.0,4.0,5.0,4.0,3.440128836946354
3.0,5.0,3.0,4.0,5.0,5.0,3.6429851952582424
3.0,5.0,3.0,5.0,1.0,2.0,2.7215691798999293
3.0,5.0,3.0,5.0,1.0,3.0,2.912365014346689
3.0,5.0,3.0,5.0,1.0,4.0,2.912365029328551
3.0,5.0,3.0,5.0,1.0,5.0,2.912365065108249
3.0,5.0,3.0,5.0,2.0,2.0,2.9421544527829124
3.0,5.0,3.0,5.0,2.0,3.0,3.0261753130969975
3.0,5.0,3.0,5.0,2.0,4.0,3.0261753216226333
3.0,5.0,3.0,5.0,2.0,5.0,3.0261753318356464
3.0,5.0,3.0,5.0,3.0,2.0,2.994025041258089
3.0,5.0,3.0,5.0,3.0,3.0,3.1569781117062536
3.0,5.0,3.0,5.0,3.0,4.0,3.403560408383301
3.0,5.0,3.0,5.0,3.0,5.0,3.4759571699325496
3.0,5.0,3.0,5.0,4.0,1.0,2.719546667308766
3.0,5.0,3.0,5.0,4.0,2.0,3.0372439336488424
3.0,5.0,3.0,5.0,4.0,3.0,3.2420303103053705
3.0,5.0,3.0,5.0,4.0,4.0,3.554767276300565
3.0,5.0,3.0,5.0,4.0,5.0,3.554767303718631
3.0,5.0,3.0,5.0,5.0,1.0,2.9743361051762007
3.0,5.0,3.0,5.0,5.0,2.0,3.225400533281292
3.0,5.0,3.0,5.0,5.0,3.0,3.2420303397980583
3.0,5.0,3.0,5.0,5.0,4.0,3.6183610259712906
3.0,5.0,3.0,5.0,5.0,5.0,3.64298524638151
3.0,5.0,4.0,1.0,1.0,3.0,2.6851019293004086
3.0,5.0,4.0,1.0,2.0,4.0,2.685101930726446
3.0,5.0,4.0,1.0,3.0,1.0,2.0119747923629427
3.0,5.0,4.0,1.0,3.0,3.0,2.6851019615833347
3.0,5.0,4.0,1.0,3.0,4.0,2.685101959356232
3.0,5.0,4.0,1.0,4.0,1.0,2.238449235039293
3.0,5.0,4.0,1.0,4.0,2.0,2.3400877633190853
3.0,5.0,4.0,1.0,4.0,4.0,2.685101970713049
3.0,5.0,4.0,1.0,5.0,2.0,2.340087771538722
3.0,5.0,4.0,1.0,5.0,5.0,3.348706881759719
3.0,5.0,4.0,2.0,2.0,2.0,2.4959878385778183
3.0,5.0,4.0,2.0,2.0,3.0,2.8150786812767175
3.0,5.0,4.0,2.0,2.0,4.0,3.017210392631635
3.0,5.0,4.0,2.0,3.0,1.0,2.0165872092541317
3.0,5.0,4.0,2.0,3.0,2.0,2.534402639427145
3.0,5.0,4.0,2.0,3.0,3.0,2.848616535381925
3.0,5.0,4.0,2.0,3.0,4.0,3.017210392593333
3.0,5.0,4.0,2.0,4.0,2.0,2.848616451825382
3.0,5.0,4.0,2.0,4.0,3.0,3.0982211134325146
3.0,5.0,4.0,2.0,4.0,4.0,3.470806111314362
3.0,5.0,4.0,2.0,4.0,5.0,3.470806128893294
3.0,5.0,4.0,2.0,5.0,1.0,2.238449255270316
3.0,5.0,4.0,2.0,5.0,2.0,2.8486164641165024
3.0,5.0,4.0,2.0,5.0,3.0,3.3441747224729372
3.0,5.0,4.0,2.0,5.0,4.0,3.4708061196753333
3.0,5.0,4.0,2.0,5.0,5.0,3.4982114966904794
3.0,5.0,4.0,3.0,1.0,1.0,2.017880244538961
3.0,5.0,4.0,3.0,1.0,2.0,2.384247269137173
3.0,5.0,4.0,3.0,1.0,3.0,2.848616667948085
3.0,5.0,4.0,3.0,2.0,2.0,2.7590259047379657
3.0,5.0,4.0,3.0,2.0,3.0,3.1258310029709264
3.0,5.0,4.0,3.0,2.0,4.0,3.338286369343762
3.0,5.0,4.0,3.0,2.0,5.0,3.338286396068353
3.0,5.0,4.0,3.0,3.0,1.0,2.7195466038073066
3.0,5.0,4.0,3.0,3.0,2.0,2.759025918038001
3.0,5.0,4.0,3.0,3.0,3.0,3.1258310378459653
3.0,5.0,4.0,3.0,3.0,4.0,3.4011004071375415
3.0,5.0,4.0,3.0,3.0,5.0,3.401100441649562
3.0,5.0,4.0,3.0,4.0,2.0,2.9839823194702917
3.0,5.0,4.0,3.0,4.0,3.0,3.1994253754346063
3.0,5.0,4.0,3.0,4.0,4.0,3.697215606575772
3.0,5.0,4.0,3.0,4.0,5.0,3.6972156148826385
3.0,5.0,4.0,3.0,5.0,2.0,3.165136547964718
3.0,5.0,4.0,3.0,5.0,3.0,3.3441747241973214
3.0,5.0,4.0,3.0,5.0,4.0,3.770396774757016
3.0,5.0,4.0,3.0,5.0,5.0,3.7703968023645196
3.0,5.0,4.0,4.0,1.0,3.0,2.848616691559626
3.0,5.0,4.0,4.0,1.0,4.0,2.9977931041124104
3.0,5.0,4.0,4.0,1.0,5.0,3.4729289489337876
3.0,5.0,4.0,4.0,2.0,2.0,2.942154437585828
3.0,5.0,4.0,4.0,2.0,3.0,3.125830999197838
3.0,5.0,4.0,4.0,2.0,4.0,3.3710745055620217
3.0,5.0,4.0,4.0,2.0,5.0,3.4729289588155243
3.0,5.0,4.0,4.0,3.0,2.0,3.3068428493467366
3.0,5.0,4.0,4.0,3.0,3.0,3.491672806978883
3.0,5.0,4.0,4.0,3.0,4.0,3.659217317170338
3.0,5.0,4.0,4.0,3.0,5.0,3.795113001953147
3.0,5.0,4.0,4.0,4.0,2.0,3.3068428530951186
3.0,5.0,4.0,4.0,4.0,3.0,3.4916728204995304
3.0,5.0,4.0,4.0,4.0,4.0,3.7610461757140734
3.0,5.0,4.0,4.0,4.0,5.0,3.9969097802620186
3.0,5.0,4.0,4.0,5.0,2.0,3.4306302759903895
3.0,5.0,4.0,4.0,5.0,3.0,3.491672879168422
3.0,5.0,4.0,4.0,5.0,4.0,3.8806259370796634
3.0,5.0,4.0,4.0,5.0,5.0,3.999331901758953
3.0,5.0,4.0,5.0,1.0,2.0,2.7215691820370185
3.0,5.0,4.0,5.0,1.0,4.0,3.002110200691873
3.0,5.0,4.0,5.0,2.0,1.0,2.4582936763145176
3.0,5.0,4.0,5.0,2.0,3.0,3.1258310056051544
3.0,5.0,4.0,5.0,2.0,4.0,3.551424223253595
3.0,5.0,4.0,5.0,2.0,5.0,3.795112999423728
3.0,5.0,4.0,5.0,3.0,3.0,3.4916728215790753
3.0,5.0,4.0,5.0,3.0,4.0,3.659217347502181
3.0,5.0,4.0,5.0,3.0,5.0,3.7951130108145437
3.0,5.0,4.0,5.0,4.0,2.0,3.4306302879528037
3.0,5.0,4.0,5.0,4.0,3.0,3.5910698491719875
3.0,5.0,4.0,5.0,4.0,4.0,3.890649958579975
3.0,5.0,4.0,5.0,4.0,5.0,4.0808454205538265
3.0,5.0,4.0,5.0,5.0,3.0,3.591069877664834
3.0,5.0,4.0,5.0,5.0,4.0,3.9315991942423847
3.0,5.0,4.0,5.0,5.0,5.0,4.080845432863922
3.0,5.0,5.0,1.0,1.0,1.0,1.5604797605862328
3.0,5.0,5.0,1.0,2.0,1.0,2.238449116813734
3.0,5.0,5.0,1.0,2.0,2.0,2.2697177522016934
3.0,5.0,5.0,1.0,3.0,1.0,2.23844914474995
3.0,5.0,5.0,1.0,3.0,2.0,2.2697177761212286
3.0,5.0,5.0,1.0,3.0,3.0,2.6851019641562437
3.0,5.0,5.0,1.0,3.0,4.0,2.6851019646426324
3.0,5.0,5.0,1.0,3.0,5.0,3.030430422066447
3.0,5.0,5.0,1.0,4.0,1.0,2.2384492175016413
3.0,5.0,5.0,1.0,4.0,3.0,2.8975143969489037
3.0,5.0,5.0,1.0,5.0,1.0,2.2384492591810887
3.0,5.0,5.0,1.0,5.0,2.0,2.8224401013365745
3.0,5.0,5.0,1.0,5.0,3.0,2.8975144112691957
3.0,5.0,5.0,1.0,5.0,4.0,3.0362709953625577
3.0,5.0,5.0,2.0,1.0,2.0,2.6592664112257225
3.0,5.0,5.0,2.0,1.0,3.0,2.8486165677057897
3.0,5.0,5.0,2.0,2.0,2.0,2.6592664148444394
3.0,5.0,5.0,2.0,3.0,1.0,2.6908450533715453
3.0,5.0,5.0,2.0,3.0,2.0,2.8486164887138807
3.0,5.0,5.0,2.0,3.0,3.0,2.8486165154367824
3.0,5.0,5.0,2.0,4.0,2.0,2.8486164736491126
3.0,5.0,5.0,2.0,4.0,3.0,3.0982211083523383
3.0,5.0,5.0,2.0,4.0,5.0,3.47080613606119
3.0,5.0,5.0,2.0,5.0,2.0,3.239693332241537
3.0,5.0,5.0,2.0,5.0,3.0,3.344174717923485
3.0,5.0,5.0,2.0,5.0,4.0,3.4708061254640876
3.0,5.0,5.0,3.0,1.0,3.0,2.8486166338344123
3.0,5.0,5.0,3.0,1.0,5.0,3.328004730478075
3.0,5.0,5.0,3.0,2.0,2.0,2.942154430910577
3.0,5.0,5.0,3.0,2.0,3.0,3.1258309917802287
3.0,5.0,5.0,3.0,2.0,4.0,3.7126775075780443
3.0,5.0,5.0,3.0,3.0,2.0,3.3068428455725987
3.0,5.0,5.0,3.0,3.0,3.0,3.398078670832765
3.0,5.0,5.0,3.0,3.0,4.0,3.7703967333299273
3.0,5.0,5.0,3.0,4.0,3.0,3.54269535957415
3.0,5.0,5.0,3.0,4.0,4.0,3.770396761411494
3.0,5.0,5.0,3.0,4.0,5.0,3.967995894802399
3.0,5.0,5.0,3.0,5.0,2.0,3.474672368122906
3.0,5.0,5.0,3.0,5.0,3.0,3.6154606084137475
3.0,5.0,5.0,3.0,5.0,4.0,3.770396778472609
3.0,5.0,5.0,3.0,5.0,5.0,4.121706506598131
3.0,5.0,5.0,4.0,1.0,3.0,2.8486166764531813
3.0,5.0,5.0,4.0,1.0,4.0,3.4748176987177573
3.0,5.0,5.0,4.0,2.0,2.0,2.942154442814201
3.0,5.0,5.0,4.0,2.0,3.0,3.1258309962451665
3.0,5.0,5.0,4.0,2.0,4.0,3.7126775134932095
3.0,5.0,5.0,4.0,2.0,5.0,3.795112992716044
3.0,5.0,5.0,4.0,3.0,3.0,3.491672805920108
3.0,5.0,5.0,4.0,3.0,4.0,3.7740576314927456
3.0,5.0,5.0,4.0,3.0,5.0,3.795113001739833
3.0,5.0,5.0,4.0,4.0,3.0,3.5971717950235496
3.0,5.0,5.0,4.0,4.0,4.0,3.8659100550064074
3.0,5.0,5.0,4.0,4.0,5.0,4.12170651081147
3.0,5.0,5.0,4.0,5.0,1.0,2.7195466329894775
3.0,5.0,5.0,4.0,5.0,3.0,3.676495778565579
3.0,5.0,5.0,4.0,5.0,4.0,3.8806259493206388
3.0,5.0,5.0,4.0,5.0,5.0,4.121706526669996
3.0,5.0,5.0,5.0,1.0,1.0,2.8814821782789237
3.0,5.0,5.0,5.0,1.0,3.0,3.0052313660125027
3.0,5.0,5.0,5.0,1.0,4.0,3.474817703563608
3.0,5.0,5.0,5.0,1.0,5.0,3.4748177220080905
3.0,5.0,5.0,5.0,2.0,2.0,2.9421544511387556
3.0,5.0,5.0,5.0,2.0,3.0,3.4916728051239763
3.0,5.0,5.0,5.0,2.0,5.0,3.7951129958094407
3.0,5.0,5.0,5.0,3.0,3.0,3.4916728164846966
3.0,5.0,5.0,5.0,3.0,4.0,3.7756827304521137
3.0,5.0,5.0,5.0,3.0,5.0,3.795113014198277
3.0,5.0,5.0,5.0,4.0,3.0,3.686092044299149
3.0,5.0,5.0,5.0,4.0,4.0,3.9350158882902586
3.0,5.0,5.0,5.0,4.0,5.0,4.13828272513386
3.0,5.0,5.0,5.0,5.0,1.0,3.0263031577670727
3.0,5.0,5.0,5.0,5.0,2.0,3.474672370699779
3.0,5.0,5.0,5.0,5.0,3.0,3.6860920690236405
3.0,5.0,5.0,5.0,5.0,4.0,4.069246233058146
3.0,5.0,5.0,5.0,5.0,5.0,4.271659167597607
4.0,1.0,1.0,1.0,1.0,1.0,1.2859039789580027
4.0,1.0,1.0,1.0,2.0,1.0,1.28606257657509
4.0,1.0,1.0,1.0,3.0,1.0,1.2860678557945489
4.0,1.0,1.0,1.0,3.0,2.0,1.4992344944840887
4.0,1.0,1.0,2.0,1.0,1.0,1.2860518725692665
4.0,1.0,1.0,2.0,1.0,2.0,1.4194409819872742
4.0,1.0,1.0,2.0,2.0,1.0,1.286059911488366
4.0,1.0,1.0,2.0,2.0,3.0,1.7558659837382606
4.0,1.0,1.0,2.0,3.0,1.0,1.4805598533832234
4.0,1.0,1.0,2.0,4.0,1.0,1.4805598469112187
4.0,1.0,1.0,2.0,4.0,2.0,1.6446277519791737
4.0,1.0,1.0,2.0,4.0,4.0,1.7558660140405644
4.0,1.0,1.0,3.0,1.0,1.0,1.368304554664759
4.0,1.0,1.0,3.0,1.0,2.0,1.4723511190482395
4.0,1.0,1.0,3.0,1.0,3.0,1.4723511215688838
4.0,1.0,1.0,3.0,1.0,4.0,1.4723511292736018
4.0,1.0,1.0,3.0,2.0,1.0,1.48055983475875
4.0,1.0,1.0,3.0,3.0,1.0,1.4805598428447544
4.0,1.0,1.0,3.0,3.0,3.0,1.9986661451665544
4.0,1.0,1.0,3.0,4.0,2.0,1.6446277648820309
4.0,1.0,1.0,3.0,4.0,4.0,2.040976925051568
4.0,1.0,1.0,3.0,5.0,2.0,1.6446277747670144
4.0,1.0,1.0,4.0,1.0,1.0,1.3683045689377997
4.0,1.0,1.0,4.0,1.0,2.0,1.4723511338851976
4.0,1.0,1.0,4.0,1.0,4.0,1.472351137802728
4.0,1.0,1.0,4.0,2.0,1.0,1.480559834108881
4.0,1.0,1.0,4.0,2.0,4.0,2.0273824986106894
4.0,1.0,1.0,4.0,3.0,1.0,1.6636157249416215
4.0,1.0,1.0,4.0,3.0,3.0,2.019778978708925
4.0,1.0,1.0,4.0,4.0,1.0,1.6636157341182114
4.0,1.0,1.0,4.0,4.0,3.0,2.3417394529886275
4.0,1.0,1.0,4.0,5.0,2.0,1.6636157440791923
4.0,1.0,1.0,4.0,5.0,4.0,2.3417394707291477
4.0,1.0,1.0,5.0,1.0,1.0,1.3683045617398084
4.0,1.0,1.0,5.0,3.0,3.0,2.109946161915451
4.0,1.0,2.0,1.0,1.0,1.0,1.3009176624445
4.0,1.0,2.0,1.0,2.0,1.0,1.325912805416202
4.0,1.0,2.0,1.0,2.0,2.0,1.4992343934835903
4.0,1.0,2.0,2.0,1.0,1.0,1.300917684524968
4.0,1.0,2.0,2.0,1.0,2.0,1.419440975555652
4.0,1.0,2.0,2.0,1.0,3.0,1.41944098847805
4.0,1.0,2.0,2.0,2.0,2.0,1.707419483442649
4.0,1.0,2.0,2.0,3.0,3.0,2.1483429531603124
4.0,1.0,2.0,2.0,4.0,3.0,2.1483429460727606
4.0,1.0,2.0,2.0,4.0,4.0,2.71226548576333
4.0,1.0,2.0,3.0,1.0,1.0,1.681056408593461
4.0,1.0,2.0,3.0,1.0,2.0,1.6965424808671445
4.0,1.0,2.0,3.0,2.0,2.0,1.8040239064773957
4.0,1.0,2.0,3.0,2.0,3.0,2.010025992750635
4.0,1.0,2.0,3.0,3.0,3.0,2.3830354537673966
4.0,1.0,2.0,3.0,4.0,2.0,2.3830354302767893
4.0,1.0,2.0,3.0,4.0,4.0,2.712265450625412
4.0,1.0,2.0,4.0,1.0,1.0,1.6937969005738382
4.0,1.0,2.0,4.0,1.0,2.0,1.7938355429125812
4.0,1.0,2.0,4.0,1.0,3.0,1.7938355580931327
4.0,1.0,2.0,4.0,2.0,3.0,2.068185490972869
4.0,1.0,2.0,4.0,2.0,4.0,2.2327146252869383
4.0,1.0,2.0,4.0,3.0,3.0,2.3830354592778336
4.0,1.0,2.0,4.0,3.0,4.0,2.508209103132118
4.0,1.0,2.0,4.0,4.0,4.0,2.712265402701342
4.0,1.0,2.0,5.0,1.0,1.0,1.7938355638364227
4.0,1.0,2.0,5.0,1.0,4.0,1.7938355737425884
4.0,1.0,2.0,5.0,4.0,4.0,2.7122654128031654
4.0,1.0,2.0,5.0,4.0,5.0,3.2547073862266203
4.0,1.0,2.0,5.0,5.0,2.0,2.3830354475039686
4.0,1.0,2.0,5.0,5.0,3.0,2.383035458814746
4.0,1.0,3.0,1.0,1.0,1.0,1.3009176419219843
4.0,1.0,3.0,1.0,2.0,3.0,1.6965421533033587
4.0,1.0,3.0,1.0,3.0,3.0,1.696542151702977
4.0,1.0,3.0,1.0,4.0,3.0,1.6965421553204958
4.0,1.0,3.0,2.0,1.0,3.0,1.9183706671508696
4.0,1.0,3.0,2.0,2.0,2.0,1.7074195243091834
4.0,1.0,3.0,2.0,2.0,3.0,2.0167135001103205
4.0,1.0,3.0,2.0,3.0,3.0,2.7122649169855824
4.0,1.0,3.0,3.0,1.0,2.0,1.9183707262219103
4.0,1.0,3.0,3.0,1.0,3.0,2.1547631106906175
4.0,1.0,3.0,3.0,1.0,4.0,2.387705090114587
4.0,1.0,3.0,3.0,2.0,2.0,2.012627217002406
4.0,1.0,3.0,3.0,2.0,3.0,2.1547631094929978
4.0,1.0,3.0,3.0,3.0,1.0,1.6810564078286123
4.0,1.0,3.0,3.0,3.0,3.0,2.7122649433783406
4.0,1.0,3.0,3.0,3.0,4.0,2.9770335433564012
4.0,1.0,3.0,3.0,4.0,4.0,2.990477864265716
4.0,1.0,3.0,3.0,5.0,5.0,3.478278039167745
4.0,1.0,3.0,4.0,1.0,2.0,2.023810244028191
4.0,1.0,3.0,4.0,1.0,3.0,2.154763127658278
4.0,1.0,3.0,4.0,1.0,4.0,2.3877051101403812
4.0,1.0,3.0,4.0,2.0,3.0,2.5037252974293995
4.0,1.0,3.0,4.0,2.0,4.0,2.5411082503534215
4.0,1.0,3.0,4.0,3.0,3.0,2.7204994528073927
4.0,1.0,3.0,4.0,3.0,4.0,3.094274361126559
4.0,1.0,3.0,4.0,4.0,3.0,2.7749366172836454
4.0,1.0,3.0,4.0,4.0,4.0,3.0942743737793625
4.0,1.0,3.0,4.0,4.0,5.0,3.094274376681895
4.0,1.0,3.0,4.0,5.0,2.0,2.498303093976794
4.0,1.0,3.0,5.0,1.0,2.0,2.2426218576597794
4.0,1.0,3.0,5.0,1.0,3.0,2.5279661460664333
4.0,1.0,3.0,5.0,1.0,5.0,2.5279661584419437
4.0,1.0,3.0,5.0,3.0,3.0,2.7396418391305724
4.0,1.0,3.0,5.0,3.0,4.0,3.0942743666469603
4.0,1.0,3.0,5.0,3.0,5.0,3.0942743728708306
4.0,1.0,3.0,5.0,4.0,3.0,2.996017746023035
4.0,1.0,3.0,5.0,4.0,4.0,3.0942743702328186
4.0,1.0,3.0,5.0,5.0,4.0,3.0942743615278863
4.0,1.0,4.0,1.0,1.0,1.0,1.3009176311550759
4.0,1.0,4.0,3.0,3.0,4.0,3.0402966784704466
4.0,1.0,4.0,4.0,1.0,1.0,1.6937969014180032
4.0,1.0,4.0,4.0,1.0,2.0,2.154763089739839
4.0,1.0,4.0,4.0,1.0,3.0,2.154763119188017
4.0,1.0,4.0,4.0,1.0,4.0,2.3877051417979764
4.0,1.0,4.0,4.0,2.0,4.0,2.5411082574014845
4.0,1.0,4.0,4.0,3.0,3.0,2.997503831501555
4.0,1.0,4.0,4.0,3.0,4.0,3.1679685396546535
4.0,1.0,4.0,4.0,4.0,3.0,3.281461975823738
4.0,1.0,4.0,4.0,4.0,4.0,3.5019020087759682
4.0,1.0,4.0,5.0,1.0,3.0,2.7215690111173187
4.0,1.0,4.0,5.0,1.0,4.0,2.766882432592194
4.0,1.0,4.0,5.0,4.0,4.0,3.501902015756408
4.0,1.0,4.0,5.0,5.0,5.0,3.6699688590979935
4.0,1.0,5.0,1.0,1.0,1.0,2.014848220529327
4.0,1.0,5.0,2.0,3.0,3.0,2.9946592423110188
4.0,1.0,5.0,4.0,3.0,2.0,3.000199374964592
4.0,1.0,5.0,4.0,3.0,4.0,3.5019020140936576
4.0,1.0,5.0,4.0,5.0,5.0,3.8864467825725093
4.0,1.0,5.0,5.0,4.0,4.0,3.5019020311956512
4.0,1.0,5.0,5.0,4.0,5.0,3.501902075485046
4.0,2.0,1.0,1.0,1.0,1.0,1.285941763693109
4.0,2.0,1.0,1.0,2.0,1.0,1.2860719587854261
4.0,2.0,1.0,1.0,2.0,3.0,1.406522505879035
4.0,2.0,1.0,1.0,3.0,1.0,1.2860737658196588
4.0,2.0,1.0,2.0,2.0,1.0,1.3019969627072594
4.0,2.0,1.0,2.0,3.0,2.0,1.9812269369002393
4.0,2.0,1.0,2.0,3.0,3.0,2.1547667985702192
4.0,2.0,1.0,3.0,1.0,1.0,1.3683045949322556
4.0,2.0,1.0,3.0,1.0,3.0,1.8620690330410983
4.0,2.0,1.0,3.0,2.0,1.0,1.6463345338061877
4.0,2.0,1.0,3.0,2.0,2.0,1.646334537170235
4.0,2.0,1.0,3.0,2.0,3.0,2.1547668135873606
4.0,2.0,1.0,3.0,2.0,4.0,2.154766828625258
4.0,2.0,1.0,3.0,3.0,2.0,1.9945207058325265
4.0,2.0,1.0,3.0,3.0,3.0,2.1547668199518775
4.0,2.0,1.0,3.0,4.0,1.0,1.6463345366074549
4.0,2.0,1.0,3.0,4.0,2.0,2.007964792037862
4.0,2.0,1.0,3.0,4.0,4.0,2.1547668319224664
4.0,2.0,1.0,4.0,1.0,1.0,1.3683045864154149
4.0,2.0,1.0,4.0,1.0,3.0,1.8620690429921745
4.0,2.0,1.0,4.0,2.0,1.0,1.6463345197433186
4.0,2.0,1.0,4.0,2.0,2.0,2.1402285689257003
4.0,2.0,1.0,4.0,3.0,1.0,1.6636157486544023
4.0,2.0,1.0,4.0,3.0,3.0,2.154766821098013
4.0,2.0,1.0,4.0,3.0,4.0,2.154766837269621
4.0,2.0,1.0,4.0,4.0,2.0,2.140228582306427
4.0,2.0,1.0,4.0,4.0,3.0,2.4074178752402995
4.0,2.0,1.0,4.0,4.0,4.0,2.4341167707941316
4.0,2.0,1.0,5.0,1.0,3.0,1.8620690570730407
4.0,2.0,1.0,5.0,1.0,4.0,2.2383270757721885
4.0,2.0,1.0,5.0,3.0,1.0,1.6636157580233377
4.0,2.0,1.0,5.0,3.0,2.0,2.1402285700480084
4.0,2.0,1.0,5.0,3.0,4.0,2.4341167753362116
4.0,2.0,1.0,5.0,4.0,1.0,2.0135046802683974
4.0,2.0,1.0,5.0,4.0,4.0,2.434116778937069
4.0,2.0,1.0,5.0,5.0,1.0,2.344997408613485
4.0,2.0,1.0,5.0,5.0,5.0,2.524177121317116
4.0,2.0,2.0,1.0,2.0,1.0,1.4883864589828502
4.0,2.0,2.0,1.0,2.0,2.0,1.6828115084874369
4.0,2.0,2.0,1.0,2.0,3.0,1.787270964300039
4.0,2.0,2.0,1.0,2.0,4.0,1.7872709741105692
4.0,2.0,2.0,1.0,3.0,2.0,1.6828115025146997
4.0,2.0,2.0,1.0,3.0,4.0,2.4791598193745403
4.0,2.0,2.0,1.0,5.0,1.0,1.488386444320045
4.0,2.0,2.0,2.0,1.0,1.0,1.3518416401031779
4.0,2.0,2.0,2.0,1.0,2.0,1.7999645602166765
4.0,2.0,2.0,2.0,2.0,2.0,2.0290272170042973
4.0,2.0,2.0,2.0,2.0,3.0,2.1964468366603693
4.0,2.0,2.0,2.0,3.0,2.0,2.16838906380927
4.0,2.0,2.0,2.0,3.0,3.0,2.402633786116223
4.0,2.0,2.0,3.0,1.0,1.0,1.6995468574685382
4.0,2.0,2.0,3.0,1.0,2.0,1.7999645759191547
4.0,2.0,2.0,3.0,1.0,3.0,2.224322381037985
4.0,2.0,2.0,3.0,2.0,1.0,1.9728166343340612
4.0,2.0,2.0,3.0,2.0,2.0,2.046306876776279
4.0,2.0,2.0,3.0,2.0,3.0,2.4421345937344583
4.0,2.0,2.0,3.0,3.0,1.0,2.0948103565056435
4.0,2.0,2.0,3.0,3.0,2.0,2.3998126702340907
4.0,2.0,2.0,3.0,3.0,3.0,2.4421345937474275
4.0,2.0,2.0,3.0,3.0,4.0,2.5879304494518447
4.0,2.0,2.0,3.0,4.0,2.0,2.3998126759521
4.0,2.0,2.0,3.0,4.0,3.0,2.6619029829570473
4.0,2.0,2.0,3.0,4.0,4.0,2.9735774220281974
4.0,2.0,2.0,4.0,1.0,2.0,2.0069098050760386
4.0,2.0,2.0,4.0,1.0,3.0,2.224322383459068
4.0,2.0,2.0,4.0,1.0,4.0,2.3667507167368296
4.0,2.0,2.0,4.0,2.0,2.0,2.1402285611739185
4.0,2.0,2.0,4.0,2.0,3.0,2.44213459590322
4.0,2.0,2.0,4.0,3.0,2.0,2.3998126821519246
4.0,2.0,2.0,4.0,3.0,3.0,2.442134603118186
4.0,2.0,2.0,4.0,3.0,4.0,2.5879304601229145
4.0,2.0,2.0,4.0,4.0,2.0,2.3998126884851123
4.0,2.0,2.0,4.0,4.0,3.0,2.9994064858415044
4.0,2.0,2.0,4.0,4.0,4.0,2.999406514132397
4.0,2.0,2.0,4.0,5.0,4.0,3.1639089524216826
4.0,2.0,2.0,5.0,1.0,3.0,2.224322384565042
4.0,2.0,2.0,5.0,2.0,1.0,1.9915712679318676
4.0,2.0,2.0,5.0,2.0,2.0,2.1651441481467075
4.0,2.0,2.0,5.0,2.0,3.0,2.442134602342532
4.0,2.0,2.0,5.0,4.0,1.0,2.0948103563415206
4.0,2.0,2.0,5.0,4.0,4.0,2.9994065469146847
4.0,2.0,2.0,5.0,4.0,5.0,3.254707401029744
4.0,2.0,2.0,5.0,5.0,4.0,3.1639089686164708
4.0,2.0,3.0,1.0,1.0,3.0,2.1508205964777583
4.0,2.0,3.0,1.0,3.0,1.0,1.4883864241743834
4.0,2.0,3.0,1.0,3.0,2.0,2.019900263628369
4.0,2.0,3.0,1.0,4.0,2.0,2.0333443415489283
4.0,2.0,3.0,2.0,1.0,1.0,1.351841653024662
4.0,2.0,3.0,2.0,1.0,3.0,2.482842425304278
4.0,2.0,3.0,2.0,2.0,2.0,2.3007986467501147
4.0,2.0,3.0,2.0,2.0,3.0,2.482842437795411
4.0,2.0,3.0,2.0,3.0,2.0,2.3007986477165447
4.0,2.0,3.0,2.0,3.0,3.0,2.7122649096393787
4.0,2.0,3.0,2.0,3.0,4.0,2.781383614686332
4.0,2.0,3.0,2.0,4.0,1.0,2.025590229576928
4.0,2.0,3.0,2.0,4.0,2.0,2.5504864606880795
4.0,2.0,3.0,2.0,4.0,3.0,2.7885246444512446
4.0,2.0,3.0,2.0,4.0,4.0,2.9862671980634947
4.0,2.0,3.0,2.0,5.0,3.0,2.9887557633990807
4.0,2.0,3.0,3.0,1.0,3.0,2.4971332201731595
4.0,2.0,3.0,3.0,2.0,1.0,2.157507658652452
4.0,2.0,3.0,3.0,2.0,2.0,2.4169160286370275
4.0,2.0,3.0,3.0,2.0,3.0,2.6989884288982884
4.0,2.0,3.0,3.0,3.0,1.0,2.157507680570926
4.0,2.0,3.0,3.0,3.0,2.0,2.4169160347971173
4.0,2.0,3.0,3.0,3.0,3.0,3.040296715757796
4.0,2.0,3.0,3.0,3.0,4.0,3.040296714683125
4.0,2.0,3.0,3.0,4.0,3.0,3.040296729523911
4.0,2.0,3.0,3.0,4.0,4.0,3.2810605441464467
4.0,2.0,3.0,3.0,5.0,3.0,3.0402967302105157
4.0,2.0,3.0,3.0,5.0,4.0,3.325766311292226
4.0,2.0,3.0,3.0,5.0,5.0,3.4782780503207786
4.0,2.0,3.0,4.0,1.0,3.0,2.652935285192615
4.0,2.0,3.0,4.0,1.0,4.0,2.6758639145766625
4.0,2.0,3.0,4.0,2.0,1.0,2.157507653686786
4.0,2.0,3.0,4.0,2.0,2.0,2.5426195057202396
4.0,2.0,3.0,4.0,2.0,3.0,2.996098059202081
4.0,2.0,3.0,4.0,2.0,4.0,2.9960980685496845
4.0,2.0,3.0,4.0,2.0,5.0,3.0070141183588457
4.0,2.0,3.0,4.0,3.0,1.0,2.425288069247446
4.0,2.0,3.0,4.0,3.0,2.0,2.745377760718986
4.0,2.0,3.0,4.0,3.0,3.0,3.081169325938951
4.0,2.0,3.0,4.0,3.0,4.0,3.140472346184259
4.0,2.0,3.0,4.0,4.0,2.0,2.9707594772908257
4.0,2.0,3.0,4.0,4.0,3.0,3.131490008434097
4.0,2.0,3.0,4.0,4.0,4.0,3.488068298378005
4.0,2.0,3.0,4.0,4.0,5.0,3.48806830823801
4.0,2.0,3.0,4.0,5.0,3.0,3.131490022726863
4.0,2.0,3.0,4.0,5.0,4.0,3.488068317043351
4.0,2.0,3.0,4.0,5.0,5.0,3.4880683225382176
4.0,2.0,3.0,5.0,1.0,2.0,2.5426194782294598
4.0,2.0,3.0,5.0,1.0,3.0,2.6529352880125248
4.0,2.0,3.0,5.0,1.0,4.0,2.675863923459744
4.0,2.0,3.0,5.0,1.0,5.0,2.684846082727181
4.0,2.0,3.0,5.0,2.0,2.0,2.54261950175197
4.0,2.0,3.0,5.0,2.0,3.0,2.9960980667439285
4.0,2.0,3.0,5.0,2.0,4.0,2.996098076929758
4.0,2.0,3.0,5.0,3.0,3.0,3.0811693293878015
4.0,2.0,3.0,5.0,3.0,4.0,3.4880683022624672
4.0,2.0,3.0,5.0,4.0,4.0,3.488068311093752
4.0,2.0,3.0,5.0,4.0,5.0,3.4880683175085427
4.0,2.0,3.0,5.0,5.0,3.0,3.1314900279804934
4.0,2.0,3.0,5.0,5.0,4.0,3.488068325798381
4.0,2.0,3.0,5.0,5.0,5.0,3.488068329894504
4.0,2.0,4.0,2.0,4.0,1.0,2.0515735349043713
4.0,2.0,4.0,2.0,4.0,3.0,2.991203113447204
4.0,2.0,4.0,3.0,1.0,1.0,1.6995468599063943
4.0,2.0,4.0,3.0,2.0,3.0,2.6989884286399426
4.0,2.0,4.0,3.0,3.0,2.0,2.871575563748309
4.0,2.0,4.0,3.0,3.0,3.0,3.0402967137856405
4.0,2.0,4.0,3.0,3.0,4.0,3.0402967058326547
4.0,2.0,4.0,3.0,3.0,5.0,3.040296721675876
4.0,2.0,4.0,3.0,4.0,3.0,3.0402967192966757
4.0,2.0,4.0,3.0,4.0,4.0,3.3409970241287095
4.0,2.0,4.0,3.0,5.0,5.0,3.5046392387975267
4.0,2.0,4.0,4.0,1.0,3.0,2.721569022946931
4.0,2.0,4.0,4.0,1.0,4.0,2.781188736901811
4.0,2.0,4.0,4.0,2.0,2.0,2.9838323683697396
4.0,2.0,4.0,4.0,2.0,3.0,2.9967451342066918
4.0,2.0,4.0,4.0,2.0,4.0,3.00323621091329
4.0,2.0,4.0,4.0,3.0,2.0,2.983832365835531
4.0,2.0,4.0,4.0,3.0,3.0,3.2814619635891797
4.0,2.0,4.0,4.0,3.0,4.0,3.6325394491493768
4.0,2.0,4.0,4.0,4.0,2.0,3.007885605254763
4.0,2.0,4.0,4.0,4.0,3.0,3.281461989568534
4.0,2.0,4.0,4.0,4.0,4.0,3.781281855553761
4.0,2.0,4.0,4.0,4.0,5.0,3.8506011427356435
4.0,2.0,4.0,4.0,5.0,4.0,3.7812818587489216
4.0,2.0,4.0,4.0,5.0,5.0,3.8506011507446907
4.0,2.0,4.0,5.0,2.0,5.0,3.7204764341206027
4.0,2.0,4.0,5.0,3.0,5.0,3.975145359577975
4.0,2.0,4.0,5.0,4.0,3.0,3.281461994230524
4.0,2.0,4.0,5.0,4.0,4.0,3.781281863854956
4.0,2.0,4.0,5.0,4.0,5.0,3.97514536244402
4.0,2.0,4.0,5.0,5.0,4.0,3.781281868382647
4.0,2.0,4.0,5.0,5.0,5.0,4.315223245875081
4.0,2.0,5.0,3.0,5.0,4.0,3.340997027924269
4.0,2.0,5.0,4.0,3.0,3.0,3.697025103505143
4.0,2.0,5.0,4.0,3.0,4.0,3.6970251084113377
4.0,2.0,5.0,4.0,4.0,3.0,3.6970250994490947
4.0,2.0,5.0,4.0,4.0,4.0,4.011106538271905
4.0,2.0,5.0,4.0,4.0,5.0,4.011106539713504
4.0,2.0,5.0,5.0,1.0,4.0,2.7811887378946505
4.0,2.0,5.0,5.0,2.0,5.0,3.7204764310218743
4.0,2.0,5.0,5.0,3.0,4.0,3.9622052966657484
4.0,2.0,5.0,5.0,4.0,3.0,3.69702510611208
4.0,2.0,5.0,5.0,4.0,4.0,4.011106540298451
4.0,2.0,5.0,5.0,5.0,4.0,4.2043941577189345
4.0,2.0,5.0,5.0,5.0,5.0,4.467796538656344
4.0,3.0,1.0,1.0,1.0,1.0,1.2859722681021737
4.0,3.0,1.0,1.0,1.0,2.0,1.4557440682996785
4.0,3.0,1.0,1.0,1.0,3.0,1.4557440861575686
4.0,3.0,1.0,1.0,2.0,1.0,1.2860768708416637
4.0,3.0,1.0,1.0,2.0,2.0,1.4992345735696062
4.0,3.0,1.0,1.0,2.0,5.0,1.9548030132902905
4.0,3.0,1.0,1.0,3.0,1.0,1.2860796281514368
4.0,3.0,1.0,1.0,3.0,2.0,1.4992345777219096
4.0,3.0,1.0,1.0,3.0,3.0,1.4992346106679473
4.0,3.0,1.0,1.0,4.0,1.0,1.6317793626088184
4.0,3.0,1.0,1.0,4.0,2.0,1.7976849898406349
4.0,3.0,1.0,2.0,1.0,1.0,1.286035436672586
4.0,3.0,1.0,2.0,1.0,2.0,1.514756000160398
4.0,3.0,1.0,2.0,1.0,3.0,1.8620690448300272
4.0,3.0,1.0,2.0,2.0,1.0,1.3019969735947714
4.0,3.0,1.0,2.0,2.0,2.0,1.755866219615877
4.0,3.0,1.0,2.0,3.0,1.0,1.6636158049353476
4.0,3.0,1.0,2.0,3.0,2.0,2.0706159209292565
4.0,3.0,1.0,2.0,3.0,3.0,2.249748795953216
4.0,3.0,1.0,2.0,4.0,1.0,1.663615811037841
4.0,3.0,1.0,2.0,4.0,2.0,2.0706159200222407
4.0,3.0,1.0,2.0,4.0,3.0,2.2497488006540736
4.0,3.0,1.0,2.0,5.0,4.0,2.800059889086433
4.0,3.0,1.0,3.0,1.0,1.0,1.3683046077121488
4.0,3.0,1.0,3.0,1.0,2.0,1.8620690317137982
4.0,3.0,1.0,3.0,2.0,1.0,1.663615818402199
4.0,3.0,1.0,3.0,2.0,2.0,1.9977416391494793
4.0,3.0,1.0,3.0,2.0,4.0,2.15476685041314
4.0,3.0,1.0,3.0,3.0,1.0,1.663615805008853
4.0,3.0,1.0,3.0,3.0,2.0,2.1402285751963737
4.0,3.0,1.0,3.0,3.0,3.0,2.2497488123301204
4.0,3.0,1.0,3.0,4.0,2.0,2.1402285847222466
4.0,3.0,1.0,3.0,4.0,3.0,2.2945257136348083
4.0,3.0,1.0,3.0,5.0,2.0,2.246416015761767
4.0,3.0,1.0,3.0,5.0,4.0,2.800059901806082
4.0,3.0,1.0,4.0,1.0,1.0,1.4192314775951218
4.0,3.0,1.0,4.0,1.0,2.0,1.8620690574691259
4.0,3.0,1.0,4.0,1.0,3.0,1.8620690570056464
4.0,3.0,1.0,4.0,1.0,4.0,1.8620690829549686
4.0,3.0,1.0,4.0,2.0,2.0,2.1402285833259684
4.0,3.0,1.0,4.0,2.0,3.0,2.24101615572545
4.0,3.0,1.0,4.0,3.0,1.0,1.663615781469975
4.0,3.0,1.0,4.0,3.0,2.0,2.1402285944217576
4.0,3.0,1.0,4.0,3.0,3.0,2.249748819917084
4.0,3.0,1.0,4.0,3.0,4.0,2.296091636978338
4.0,3.0,1.0,4.0,4.0,1.0,1.9355508372325303
4.0,3.0,1.0,4.0,4.0,2.0,2.140228594755702
4.0,3.0,1.0,4.0,4.0,3.0,2.4074179044328905
4.0,3.0,1.0,4.0,4.0,4.0,2.800059851707301
4.0,3.0,1.0,4.0,5.0,3.0,2.4074179170285763
4.0,3.0,1.0,5.0,1.0,2.0,1.8620690704719889
4.0,3.0,1.0,5.0,1.0,4.0,2.2383270943882203
4.0,3.0,1.0,5.0,2.0,4.0,2.8000598815326834
4.0,3.0,1.0,5.0,3.0,3.0,2.665016691236401
4.0,3.0,1.0,5.0,4.0,3.0,2.799778811029405
4.0,3.0,1.0,5.0,4.0,4.0,2.8000598898453197
4.0,3.0,1.0,5.0,5.0,4.0,2.800059907424205
4.0,3.0,1.0,5.0,5.0,5.0,2.800059924086374
4.0,3.0,2.0,1.0,1.0,1.0,1.3347441271054572
4.0,3.0,2.0,1.0,1.0,2.0,1.6585552177224623
4.0,3.0,2.0,1.0,1.0,3.0,1.9971592529149584
4.0,3.0,2.0,1.0,2.0,1.0,1.4883865161759524
4.0,3.0,2.0,1.0,2.0,2.0,1.6843782126399731
4.0,3.0,2.0,1.0,2.0,3.0,2.191375584143761
4.0,3.0,2.0,1.0,3.0,1.0,1.6832255112137438
4.0,3.0,2.0,1.0,3.0,2.0,1.876314497195164
4.0,3.0,2.0,1.0,3.0,3.0,2.191375618880494
4.0,3.0,2.0,1.0,4.0,2.0,2.0058831854334844
4.0,3.0,2.0,1.0,4.0,3.0,2.1913756238949516
4.0,3.0,2.0,1.0,4.0,4.0,2.560320222372451
4.0,3.0,2.0,2.0,1.0,1.0,1.6995468805430742
4.0,3.0,2.0,2.0,1.0,2.0,1.9695918336324896
4.0,3.0,2.0,2.0,1.0,3.0,2.2447759030620476
4.0,3.0,2.0,2.0,2.0,1.0,1.9728166422508622
4.0,3.0,2.0,2.0,2.0,2.0,2.20969122223549
4.0,3.0,2.0,2.0,2.0,3.0,2.2447759256884066
4.0,3.0,2.0,2.0,3.0,1.0,1.972816664711764
4.0,3.0,2.0,2.0,3.0,2.0,2.20969124086218
4.0,3.0,2.0,2.0,3.0,3.0,2.4026337989336963
4.0,3.0,2.0,2.0,4.0,3.0,2.4997640115378905
4.0,3.0,2.0,2.0,4.0,4.0,2.712265567332296
4.0,3.0,2.0,2.0,5.0,3.0,2.6761120277332724
4.0,3.0,2.0,2.0,5.0,4.0,2.8000598812842017
4.0,3.0,2.0,3.0,1.0,1.0,1.6995468858249851
4.0,3.0,2.0,3.0,1.0,2.0,2.0004227159646786
4.0,3.0,2.0,3.0,1.0,3.0,2.267627809096499
4.0,3.0,2.0,3.0,2.0,1.0,1.9728166508651133
4.0,3.0,2.0,3.0,2.0,2.0,2.230696508022733
4.0,3.0,2.0,3.0,2.0,3.0,2.6897967284290414
4.0,3.0,2.0,3.0,3.0,1.0,2.094810370549933
4.0,3.0,2.0,3.0,3.0,2.0,2.3998126894916063
4.0,3.0,2.0,3.0,3.0,3.0,2.689796775039357
4.0,3.0,2.0,3.0,4.0,1.0,2.094810387221446
4.0,3.0,2.0,3.0,4.0,2.0,2.399812697733637
4.0,3.0,2.0,3.0,4.0,3.0,2.8162012440105584
4.0,3.0,2.0,3.0,4.0,4.0,3.1441629264055315
4.0,3.0,2.0,3.0,5.0,3.0,2.975056982439018
4.0,3.0,2.0,4.0,1.0,1.0,1.9138175600836158
4.0,3.0,2.0,4.0,1.0,2.0,2.209691209489684
4.0,3.0,2.0,4.0,1.0,3.0,2.2676278415738294
4.0,3.0,2.0,4.0,1.0,4.0,2.366750713768419
4.0,3.0,2.0,4.0,2.0,1.0,2.001500867757092
4.0,3.0,2.0,4.0,2.0,2.0,2.230696521314495
4.0,3.0,2.0,4.0,2.0,3.0,2.7644915588131354
4.0,3.0,2.0,4.0,2.0,4.0,2.7644915881130614
4.0,3.0,2.0,4.0,3.0,1.0,2.1760257356164234
4.0,3.0,2.0,4.0,3.0,2.0,2.3998126964365243
4.0,3.0,2.0,4.0,3.0,3.0,2.7644915416345897
4.0,3.0,2.0,4.0,3.0,4.0,3.1494933262810347
4.0,3.0,2.0,4.0,4.0,2.0,2.399812698475388
4.0,3.0,2.0,4.0,4.0,3.0,3.050551094768987
4.0,3.0,2.0,4.0,4.0,4.0,3.1639088899038907
4.0,3.0,2.0,4.0,4.0,5.0,3.2547073823876067
4.0,3.0,2.0,4.0,5.0,3.0,3.050551119537115
4.0,3.0,2.0,4.0,5.0,4.0,3.1639089436672916
4.0,3.0,2.0,4.0,5.0,5.0,3.254707393139147
4.0,3.0,2.0,5.0,1.0,2.0,2.3044484149456395
4.0,3.0,2.0,5.0,1.0,3.0,2.36675071445427
4.0,3.0,2.0,5.0,1.0,4.0,2.3667507212844456
4.0,3.0,2.0,5.0,2.0,3.0,2.9613122162145795
4.0,3.0,2.0,5.0,3.0,3.0,2.9909684855904555
4.0,3.0,2.0,5.0,3.0,4.0,3.1494933678204626
4.0,3.0,2.0,5.0,3.0,5.0,3.1494933988299256
4.0,3.0,2.0,5.0,4.0,2.0,2.3998127189696716
4.0,3.0,2.0,5.0,4.0,3.0,3.16390894189746
4.0,3.0,2.0,5.0,4.0,4.0,3.16390893576405
4.0,3.0,2.0,5.0,4.0,5.0,3.254707395699766
4.0,3.0,2.0,5.0,5.0,2.0,2.3998127321032645
4.0,3.0,2.0,5.0,5.0,3.0,3.163908955456297
4.0,3.0,2.0,5.0,5.0,4.0,3.1639089548569848
4.0,3.0,2.0,5.0,5.0,5.0,3.5959259457512407
4.0,3.0,3.0,1.0,1.0,1.0,1.3907289205100486
4.0,3.0,3.0,1.0,1.0,2.0,1.6707492190425595
4.0,3.0,3.0,1.0,1.0,3.0,2.1508206445117573
4.0,3.0,3.0,1.0,2.0,1.0,1.4883865500445967
4.0,3.0,3.0,1.0,2.0,2.0,2.2705885398504955
4.0,3.0,3.0,1.0,2.0,3.0,2.28877525864025
4.0,3.0,3.0,1.0,3.0,1.0,1.6832255176132038
4.0,3.0,3.0,1.0,3.0,2.0,2.270588559998913
4.0,3.0,3.0,1.0,3.0,3.0,2.479159809407518
4.0,3.0,3.0,1.0,4.0,1.0,2.1264005574663187
4.0,3.0,3.0,1.0,4.0,2.0,2.2705885611435286
4.0,3.0,3.0,1.0,4.0,3.0,2.4791598113956197
4.0,3.0,3.0,1.0,4.0,4.0,2.850058463294306
4.0,3.0,3.0,2.0,1.0,1.0,1.6995469054003005
4.0,3.0,3.0,2.0,1.0,2.0,2.3195869990951925
4.0,3.0,3.0,2.0,1.0,3.0,2.5928039574585746
4.0,3.0,3.0,2.0,2.0,1.0,2.001696112381601
4.0,3.0,3.0,2.0,2.0,2.0,2.319587013178582
4.0,3.0,3.0,2.0,2.0,3.0,2.710635169085392
4.0,3.0,3.0,2.0,3.0,1.0,2.157507705628629
4.0,3.0,3.0,2.0,3.0,2.0,2.5344026690095953
4.0,3.0,3.0,2.0,3.0,3.0,2.7813836233497065
4.0,3.0,3.0,2.0,3.0,5.0,2.7813836260793603
4.0,3.0,3.0,2.0,4.0,2.0,2.638389408670518
4.0,3.0,3.0,2.0,4.0,3.0,2.788524657578889
4.0,3.0,3.0,2.0,4.0,4.0,2.9991526966497757
4.0,3.0,3.0,2.0,4.0,5.0,3.34870689935809
4.0,3.0,3.0,2.0,5.0,3.0,2.9935425448617323
4.0,3.0,3.0,2.0,5.0,4.0,3.3487068930398296
4.0,3.0,3.0,3.0,1.0,1.0,1.6995468896254549
4.0,3.0,3.0,3.0,1.0,2.0,2.364847671739651
4.0,3.0,3.0,3.0,1.0,3.0,2.592803975588547
4.0,3.0,3.0,3.0,1.0,5.0,2.9567940962009227
4.0,3.0,3.0,3.0,2.0,1.0,2.1575076722331823
4.0,3.0,3.0,3.0,2.0,2.0,2.5243062816526907
4.0,3.0,3.0,3.0,2.0,3.0,2.997823550620709
4.0,3.0,3.0,3.0,2.0,4.0,3.234622538641604
4.0,3.0,3.0,3.0,3.0,1.0,2.157507706373117
4.0,3.0,3.0,3.0,3.0,2.0,2.705747151222556
4.0,3.0,3.0,3.0,3.0,3.0,3.1837172691769386
4.0,3.0,3.0,3.0,3.0,4.0,3.5443615414870417
4.0,3.0,3.0,3.0,4.0,2.0,2.85419648671878
4.0,3.0,3.0,3.0,4.0,3.0,3.252850899708626
4.0,3.0,3.0,3.0,4.0,4.0,3.5443615413294283
4.0,3.0,3.0,3.0,4.0,5.0,3.6552547542132374
4.0,3.0,3.0,3.0,5.0,3.0,3.2528509057314765
4.0,3.0,3.0,3.0,5.0,4.0,3.5443615627064995
4.0,3.0,3.0,3.0,5.0,5.0,3.6552547639333994
4.0,3.0,3.0,4.0,1.0,1.0,1.9138175534009727
4.0,3.0,3.0,4.0,1.0,2.0,2.5999389284173713
4.0,3.0,3.0,4.0,1.0,3.0,2.6529352987631336
4.0,3.0,3.0,4.0,1.0,4.0,2.7668825073440306
4.0,3.0,3.0,4.0,2.0,1.0,2.425288071363585
4.0,3.0,3.0,4.0,2.0,2.0,2.637335313989716
4.0,3.0,3.0,4.0,2.0,3.0,3.062608172427031
4.0,3.0,3.0,4.0,2.0,4.0,3.2776157114332793
4.0,3.0,3.0,4.0,3.0,1.0,2.425288082961588
4.0,3.0,3.0,4.0,3.0,2.0,2.8001732887244377
4.0,3.0,3.0,4.0,3.0,3.0,3.3215665398166707
4.0,3.0,3.0,4.0,3.0,4.0,3.709980832355733
4.0,3.0,3.0,4.0,3.0,5.0,3.9363121952336546
4.0,3.0,3.0,4.0,4.0,1.0,2.5075936076179173
4.0,3.0,3.0,4.0,4.0,2.0,2.9963411795643777
4.0,3.0,3.0,4.0,4.0,3.0,3.415753105182197
4.0,3.0,3.0,4.0,4.0,4.0,3.806063381736879
4.0,3.0,3.0,4.0,4.0,5.0,3.9363121840308404
4.0,3.0,3.0,4.0,5.0,3.0,3.41575314927902
4.0,3.0,3.0,4.0,5.0,4.0,3.8467500844690825
4.0,3.0,3.0,4.0,5.0,5.0,3.936312174526887
4.0,3.0,3.0,5.0,1.0,1.0,1.9138175518190739
4.0,3.0,3.0,5.0,1.0,2.0,2.65293529789119
4.0,3.0,3.0,5.0,1.0,3.0,2.6529352975488543
4.0,3.0,3.0,5.0,1.0,4.0,2.8646089124382463
4.0,3.0,3.0,5.0,1.0,5.0,2.956794113519863
4.0,3.0,3.0,5.0,2.0,2.0,2.6722322478438296
4.0,3.0,3.0,5.0,2.0,3.0,3.062608177392777
4.0,3.0,3.0,5.0,2.0,4.0,3.277615721718961
4.0,3.0,3.0,5.0,2.0,5.0,3.426296938357396
4.0,3.0,3.0,5.0,3.0,1.0,2.5075936082762382
4.0,3.0,3.0,5.0,3.0,3.0,3.3215665465484943
4.0,3.0,3.0,5.0,3.0,4.0,3.795902842538393
4.0,3.0,3.0,5.0,3.0,5.0,3.9587560430905757
4.0,3.0,3.0,5.0,4.0,1.0,2.5075936201835316
4.0,3.0,3.0,5.0,4.0,2.0,2.9963411808461697
4.0,3.0,3.0,5.0,4.0,3.0,3.4157531366256064
4.0,3.0,3.0,5.0,4.0,4.0,3.8060633970946602
4.0,3.0,3.0,5.0,4.0,5.0,4.02674352921242
4.0,3.0,3.0,5.0,5.0,3.0,3.4973996963237592
4.0,3.0,3.0,5.0,5.0,4.0,3.86370854349568
4.0,3.0,3.0,5.0,5.0,5.0,4.026743548332548
4.0,3.0,4.0,1.0,1.0,1.0,1.3907289043568039
4.0,3.0,4.0,1.0,2.0,1.0,2.020475177074827
4.0,3.0,4.0,1.0,3.0,2.0,2.27058855345873
4.0,3.0,4.0,1.0,3.0,3.0,2.6851019378871284
4.0,3.0,4.0,1.0,4.0,4.0,2.9049472796137144
4.0,3.0,4.0,1.0,5.0,2.0,2.270588556062725
4.0,3.0,4.0,2.0,1.0,2.0,2.496861426310534
4.0,3.0,4.0,2.0,2.0,2.0,2.496861436201963
4.0,3.0,4.0,2.0,2.0,3.0,2.748610952348619
4.0,3.0,4.0,2.0,2.0,4.0,3.1921146892334233
4.0,3.0,4.0,2.0,3.0,2.0,2.5344026565097986
4.0,3.0,4.0,2.0,3.0,3.0,2.996436687867403
4.0,3.0,4.0,2.0,3.0,4.0,3.1921147077253123
4.0,3.0,4.0,2.0,4.0,2.0,2.6383894097455465
4.0,3.0,4.0,2.0,4.0,3.0,3.0001023924717334
4.0,3.0,4.0,2.0,4.0,4.0,3.192114718085322
4.0,3.0,4.0,2.0,4.0,5.0,3.470806136304565
4.0,3.0,4.0,2.0,5.0,4.0,3.4708061238560868
4.0,3.0,4.0,3.0,1.0,1.0,1.6995468719934352
4.0,3.0,4.0,3.0,1.0,2.0,2.5243062260165154
4.0,3.0,4.0,3.0,1.0,3.0,2.592803968221053
4.0,3.0,4.0,3.0,2.0,2.0,2.524306249924979
4.0,3.0,4.0,3.0,2.0,3.0,3.0824130381939816
4.0,3.0,4.0,3.0,2.0,4.0,3.472410928782938
4.0,3.0,4.0,3.0,3.0,1.0,2.5048872356019394
4.0,3.0,4.0,3.0,3.0,2.0,2.8715755786245754
4.0,3.0,4.0,3.0,3.0,3.0,3.265660748623086
4.0,3.0,4.0,3.0,3.0,4.0,3.5797842775123065
4.0,3.0,4.0,3.0,4.0,2.0,3.000486878650476
4.0,3.0,4.0,3.0,4.0,3.0,3.43580416052496
4.0,3.0,4.0,3.0,4.0,4.0,3.879059071809177
4.0,3.0,4.0,3.0,4.0,5.0,3.879059091706322
4.0,3.0,4.0,3.0,5.0,3.0,3.4358041631625174
4.0,3.0,4.0,3.0,5.0,4.0,3.879059084436454
4.0,3.0,4.0,4.0,1.0,1.0,1.9138175518272018
4.0,3.0,4.0,4.0,1.0,2.0,2.7215690640115806
4.0,3.0,4.0,4.0,1.0,3.0,2.721569041150817
4.0,3.0,4.0,4.0,1.0,4.0,3.1631279411946527
4.0,3.0,4.0,4.0,2.0,2.0,2.995411444022478
4.0,3.0,4.0,4.0,2.0,3.0,3.3464412266690253
4.0,3.0,4.0,4.0,2.0,4.0,3.617448295038569
4.0,3.0,4.0,4.0,2.0,5.0,3.617448306136324
4.0,3.0,4.0,4.0,3.0,1.0,2.790276067355503
4.0,3.0,4.0,4.0,3.0,2.0,2.998611795769335
4.0,3.0,4.0,4.0,3.0,3.0,3.4994742597939004
4.0,3.0,4.0,4.0,3.0,4.0,3.906220412631894
4.0,3.0,4.0,4.0,3.0,5.0,4.06993625687497
4.0,3.0,4.0,4.0,4.0,1.0,2.8819964625466374
4.0,3.0,4.0,4.0,4.0,2.0,3.1284526971027407
4.0,3.0,4.0,4.0,4.0,3.0,3.6279749934152963
4.0,3.0,4.0,4.0,4.0,4.0,3.992916751916114
4.0,3.0,4.0,4.0,4.0,5.0,4.221802312698898
4.0,3.0,4.0,4.0,5.0,2.0,3.128452696200817
4.0,3.0,4.0,4.0,5.0,3.0,3.7626261279456865
4.0,3.0,4.0,4.0,5.0,4.0,4.0111065771605405
4.0,3.0,4.0,4.0,5.0,5.0,4.221802337517955
4.0,3.0,4.0,5.0,1.0,1.0,1.9138175559774626
4.0,3.0,4.0,5.0,1.0,3.0,2.721569029960612
4.0,3.0,4.0,5.0,1.0,4.0,3.266600634618715
4.0,3.0,4.0,5.0,1.0,5.0,3.2666006582083598
4.0,3.0,4.0,5.0,2.0,2.0,3.128452738242411
4.0,3.0,4.0,5.0,2.0,3.0,3.3464412436206827
4.0,3.0,4.0,5.0,2.0,4.0,3.757058331236637
4.0,3.0,4.0,5.0,2.0,5.0,3.75705834962287
4.0,3.0,4.0,5.0,3.0,3.0,3.661582802319798
4.0,3.0,4.0,5.0,3.0,4.0,4.008441077227601
4.0,3.0,4.0,5.0,3.0,5.0,4.06993626838567
4.0,3.0,4.0,5.0,4.0,2.0,3.128452751812195
4.0,3.0,4.0,5.0,4.0,3.0,3.762626091000046
4.0,3.0,4.0,5.0,4.0,4.0,4.088715096833437
4.0,3.0,4.0,5.0,4.0,5.0,4.221802327150682
4.0,3.0,4.0,5.0,5.0,3.0,3.762626126500977
4.0,3.0,4.0,5.0,5.0,4.0,4.176641164641304
4.0,3.0,4.0,5.0,5.0,5.0,4.315223224721113
4.0,3.0,5.0,1.0,2.0,1.0,2.0461664615841597
4.0,3.0,5.0,2.0,3.0,3.0,3.0067591051128217
4.0,3.0,5.0,2.0,4.0,2.0,3.0052221340499625
4.0,3.0,5.0,2.0,4.0,5.0,3.4708061422194385
4.0,3.0,5.0,2.0,5.0,5.0,4.029339656591419
4.0,3.0,5.0,3.0,2.0,3.0,3.0824130294605356
4.0,3.0,5.0,3.0,3.0,3.0,3.331868960711142
4.0,3.0,5.0,3.0,3.0,4.0,3.7127749998476536
4.0,3.0,5.0,3.0,4.0,3.0,3.5913043821500397
4.0,3.0,5.0,3.0,4.0,4.0,3.8973653507575645
4.0,3.0,5.0,3.0,4.0,5.0,3.979192572472489
4.0,3.0,5.0,3.0,5.0,3.0,3.591304404502061
4.0,3.0,5.0,3.0,5.0,4.0,3.904292094391783
4.0,3.0,5.0,4.0,2.0,2.0,3.0049214360079266
4.0,3.0,5.0,4.0,2.0,4.0,3.6174483007474865
4.0,3.0,5.0,4.0,3.0,2.0,3.006570686647201
4.0,3.0,5.0,4.0,3.0,3.0,3.697025118808632
4.0,3.0,5.0,4.0,3.0,4.0,3.9307404053666257
4.0,3.0,5.0,4.0,3.0,5.0,4.069936255313586
4.0,3.0,5.0,4.0,4.0,2.0,3.3556655281877705
4.0,3.0,5.0,4.0,4.0,3.0,3.720921571047169
4.0,3.0,5.0,4.0,4.0,4.0,4.011106553884238
4.0,3.0,5.0,4.0,4.0,5.0,4.331485246631328
4.0,3.0,5.0,4.0,5.0,3.0,3.931439348762472
4.0,3.0,5.0,4.0,5.0,4.0,4.011106585550381
4.0,3.0,5.0,4.0,5.0,5.0,4.467796636279223
4.0,3.0,5.0,5.0,2.0,4.0,3.757058345715331
4.0,3.0,5.0,5.0,2.0,5.0,3.9977006934001946
4.0,3.0,5.0,5.0,3.0,3.0,3.793624150011072
4.0,3.0,5.0,5.0,3.0,4.0,4.069936246810447
4.0,3.0,5.0,5.0,3.0,5.0,4.069936265345581
4.0,3.0,5.0,5.0,4.0,3.0,3.987387331389319
4.0,3.0,5.0,5.0,4.0,4.0,4.20439415593064
4.0,3.0,5.0,5.0,4.0,5.0,4.331485274605921
4.0,3.0,5.0,5.0,5.0,3.0,3.987387350964422
4.0,3.0,5.0,5.0,5.0,4.0,4.204394162437563
4.0,3.0,5.0,5.0,5.0,5.0,4.4677965474338945
4.0,4.0,1.0,1.0,1.0,1.0,1.3239541671195365
4.0,4.0,1.0,1.0,1.0,3.0,1.4557440996108184
4.0,4.0,1.0,1.0,2.0,1.0,1.3239541903185237
4.0,4.0,1.0,1.0,2.0,2.0,1.4992345990653453
4.0,4.0,1.0,1.0,3.0,1.0,1.372396993901457
4.0,4.0,1.0,1.0,3.0,2.0,1.4992346146893554
4.0,4.0,1.0,1.0,3.0,3.0,1.4992346250477877
4.0,4.0,1.0,1.0,3.0,4.0,1.7558660574751015
4.0,4.0,1.0,1.0,4.0,1.0,1.631779377067227
4.0,4.0,1.0,1.0,4.0,2.0,1.7976850012893992
4.0,4.0,1.0,1.0,4.0,4.0,1.880654433321559
4.0,4.0,1.0,1.0,5.0,1.0,1.6838350769464163
4.0,4.0,1.0,2.0,1.0,1.0,1.323954184881208
4.0,4.0,1.0,2.0,1.0,2.0,1.514756005693054
4.0,4.0,1.0,2.0,2.0,1.0,1.4299452333964922
4.0,4.0,1.0,2.0,2.0,2.0,1.7558662368920057
4.0,4.0,1.0,2.0,3.0,1.0,1.6636158191428947
4.0,4.0,1.0,2.0,3.0,2.0,2.0706159243017797
4.0,4.0,1.0,2.0,3.0,3.0,2.291703016503559
4.0,4.0,1.0,2.0,4.0,1.0,1.663615822198381
4.0,4.0,1.0,2.0,4.0,2.0,2.0706159238323756
4.0,4.0,1.0,2.0,4.0,3.0,2.291703020820532
4.0,4.0,1.0,3.0,1.0,1.0,1.3836180595526022
4.0,4.0,1.0,3.0,1.0,2.0,1.862069049749661
4.0,4.0,1.0,3.0,1.0,3.0,1.8620690463157956
4.0,4.0,1.0,3.0,2.0,1.0,1.6636158253354931
4.0,4.0,1.0,3.0,2.0,2.0,1.997741662850907
4.0,4.0,1.0,3.0,3.0,1.0,1.8742795207286504
4.0,4.0,1.0,3.0,3.0,2.0,2.1402285990113334
4.0,4.0,1.0,3.0,3.0,3.0,2.2917030206059876
4.0,4.0,1.0,3.0,4.0,1.0,1.8742795336582714
4.0,4.0,1.0,3.0,4.0,3.0,2.2945257394120797
4.0,4.0,1.0,3.0,4.0,4.0,2.5046019388270864
4.0,4.0,1.0,3.0,5.0,3.0,2.294525751465776
4.0,4.0,1.0,4.0,1.0,1.0,1.6636159242904087
4.0,4.0,1.0,4.0,1.0,2.0,1.862069061086779
4.0,4.0,1.0,4.0,1.0,3.0,1.8620690686360426
4.0,4.0,1.0,4.0,1.0,4.0,1.8620690806735842
4.0,4.0,1.0,4.0,1.0,5.0,2.2780016946004777
4.0,4.0,1.0,4.0,2.0,1.0,1.804750852580467
4.0,4.0,1.0,4.0,2.0,2.0,2.1402286020944996
4.0,4.0,1.0,4.0,2.0,3.0,2.2410161577990118
4.0,4.0,1.0,4.0,3.0,1.0,1.8742795524005944
4.0,4.0,1.0,4.0,3.0,2.0,2.1402286037423455
4.0,4.0,1.0,4.0,3.0,3.0,2.7308678804029234
4.0,4.0,1.0,4.0,4.0,1.0,1.9355508801253631
4.0,4.0,1.0,4.0,4.0,2.0,2.1402286128357972
4.0,4.0,1.0,4.0,4.0,3.0,2.7997788042268703
4.0,4.0,1.0,4.0,4.0,4.0,2.800059859899386
4.0,4.0,1.0,4.0,4.0,5.0,2.8000598837240367
4.0,4.0,1.0,4.0,5.0,3.0,2.799778826812151
4.0,4.0,1.0,4.0,5.0,4.0,2.8000599081937514
4.0,4.0,1.0,5.0,1.0,3.0,1.8620690682261103
4.0,4.0,1.0,5.0,2.0,3.0,2.2410161859846522
4.0,4.0,1.0,5.0,2.0,5.0,2.8000598844375064
4.0,4.0,1.0,5.0,3.0,2.0,2.1663094227285216
4.0,4.0,1.0,5.0,4.0,5.0,2.800059897755752
4.0,4.0,1.0,5.0,5.0,1.0,2.344997417002031
4.0,4.0,1.0,5.0,5.0,3.0,2.79977883378463
4.0,4.0,1.0,5.0,5.0,5.0,2.8000599231786536
4.0,4.0,2.0,1.0,1.0,1.0,1.464820400064013
4.0,4.0,2.0,1.0,1.0,2.0,1.6585552308300073
4.0,4.0,2.0,1.0,2.0,1.0,1.7557876389579128
4.0,4.0,2.0,1.0,2.0,2.0,1.876314507970571
4.0,4.0,2.0,1.0,2.0,3.0,2.208234226868029
4.0,4.0,2.0,1.0,3.0,1.0,1.7557876776254897
4.0,4.0,2.0,1.0,3.0,2.0,1.8763145122653864
4.0,4.0,2.0,1.0,3.0,3.0,2.2082342421495436
4.0,4.0,2.0,1.0,4.0,1.0,1.7948231976470381
4.0,4.0,2.0,1.0,4.0,2.0,2.023989044327213
4.0,4.0,2.0,1.0,4.0,3.0,2.2082342533461534
4.0,4.0,2.0,1.0,4.0,4.0,2.5603202353243586
4.0,4.0,2.0,2.0,1.0,1.0,1.6995469246248984
4.0,4.0,2.0,2.0,1.0,2.0,2.2096912159178643
4.0,4.0,2.0,2.0,1.0,3.0,2.2447759020178544
4.0,4.0,2.0,2.0,2.0,1.0,1.9728166798085378
4.0,4.0,2.0,2.0,2.0,2.0,2.209691222902566
4.0,4.0,2.0,2.0,2.0,3.0,2.427911792588978
4.0,4.0,2.0,2.0,3.0,1.0,1.972816688068981
4.0,4.0,2.0,2.0,3.0,2.0,2.210209608064477
4.0,4.0,2.0,2.0,3.0,3.0,2.427911807488859
4.0,4.0,2.0,2.0,4.0,1.0,2.0614605000736033
4.0,4.0,2.0,2.0,4.0,2.0,2.215616926024484
4.0,4.0,2.0,2.0,4.0,3.0,2.5996489600643953
4.0,4.0,2.0,2.0,4.0,4.0,2.7122655992886613
4.0,4.0,2.0,2.0,5.0,2.0,2.5853219007082866
4.0,4.0,2.0,3.0,1.0,1.0,1.822955320367925
4.0,4.0,2.0,3.0,1.0,2.0,2.209691222614882
4.0,4.0,2.0,3.0,1.0,3.0,2.333983834296334
4.0,4.0,2.0,3.0,2.0,1.0,1.9728166743342286
4.0,4.0,2.0,3.0,2.0,2.0,2.468656792720226
4.0,4.0,2.0,3.0,2.0,3.0,2.7644916048048684
4.0,4.0,2.0,3.0,3.0,1.0,2.0948103774103624
4.0,4.0,2.0,3.0,3.0,2.0,2.4686568300666805
4.0,4.0,2.0,3.0,3.0,3.0,2.7995952414411027
4.0,4.0,2.0,3.0,3.0,4.0,2.7995952580319456
4.0,4.0,2.0,3.0,4.0,1.0,2.290702572082547
4.0,4.0,2.0,3.0,4.0,2.0,2.476626174436389
4.0,4.0,2.0,3.0,4.0,3.0,2.9977362193295316
4.0,4.0,2.0,3.0,4.0,4.0,3.1441629721583073
4.0,4.0,2.0,3.0,5.0,3.0,2.9977362258910647
4.0,4.0,2.0,3.0,5.0,4.0,3.1441630014288613
4.0,4.0,2.0,4.0,1.0,1.0,1.9280492892623728
4.0,4.0,2.0,4.0,1.0,2.0,2.2096912182130892
4.0,4.0,2.0,4.0,1.0,3.0,2.3339838424316754
4.0,4.0,2.0,4.0,1.0,4.0,2.366750721889064
4.0,4.0,2.0,4.0,1.0,5.0,2.7644916649927445
4.0,4.0,2.0,4.0,2.0,1.0,2.0015008921750006
4.0,4.0,2.0,4.0,2.0,2.0,2.5853218419635113
4.0,4.0,2.0,4.0,2.0,3.0,2.7644915885280095
4.0,4.0,2.0,4.0,2.0,4.0,2.7644916208081187
4.0,4.0,2.0,4.0,2.0,5.0,2.7644916609029293
4.0,4.0,2.0,4.0,3.0,1.0,2.2907025628015707
4.0,4.0,2.0,4.0,3.0,2.0,2.5853218498939654
4.0,4.0,2.0,4.0,3.0,3.0,2.9658294368653535
4.0,4.0,2.0,4.0,3.0,4.0,3.1639088184540154
4.0,4.0,2.0,4.0,3.0,5.0,3.1639088350231237
4.0,4.0,2.0,4.0,4.0,1.0,2.2907025756785364
4.0,4.0,2.0,4.0,4.0,2.0,2.5853218675764515
4.0,4.0,2.0,4.0,4.0,3.0,3.1639088323373628
4.0,4.0,2.0,4.0,4.0,4.0,3.163908855366661
4.0,4.0,2.0,4.0,4.0,5.0,3.254707367173546
4.0,4.0,2.0,4.0,5.0,2.0,2.585321901331613
4.0,4.0,2.0,4.0,5.0,3.0,3.267573369682202
4.0,4.0,2.0,4.0,5.0,4.0,3.414999745326873
4.0,4.0,2.0,4.0,5.0,5.0,3.4149997619834576
4.0,4.0,2.0,5.0,1.0,3.0,2.4123405655966335
4.0,4.0,2.0,5.0,1.0,4.0,2.4123405779776395
4.0,4.0,2.0,5.0,1.0,5.0,2.9567941143361396
4.0,4.0,2.0,5.0,2.0,1.0,2.0015008939015875
4.0,4.0,2.0,5.0,2.0,2.0,2.672232264365236
4.0,4.0,2.0,5.0,2.0,3.0,2.9703952982642785
4.0,4.0,2.0,5.0,2.0,5.0,3.0065825007707048
4.0,4.0,2.0,5.0,3.0,2.0,2.7269988347817953
4.0,4.0,2.0,5.0,3.0,3.0,2.9942181682507076
4.0,4.0,2.0,5.0,3.0,4.0,3.4406442402833903
4.0,4.0,2.0,5.0,4.0,2.0,2.8104106101432986
4.0,4.0,2.0,5.0,4.0,3.0,3.272009278674102
4.0,4.0,2.0,5.0,4.0,4.0,3.4967074095779838
4.0,4.0,2.0,5.0,4.0,5.0,3.496707435190109
4.0,4.0,2.0,5.0,5.0,2.0,2.8104106212371724
4.0,4.0,2.0,5.0,5.0,3.0,3.272009297617398
4.0,4.0,2.0,5.0,5.0,4.0,3.595925946522422
4.0,4.0,2.0,5.0,5.0,5.0,3.595925953836753
4.0,4.0,3.0,1.0,1.0,1.0,1.7062781262556
4.0,4.0,3.0,1.0,1.0,2.0,1.7062781291385634
4.0,4.0,3.0,1.0,1.0,3.0,2.15082068426926
4.0,4.0,3.0,1.0,2.0,1.0,1.7557876481890897
4.0,4.0,3.0,1.0,2.0,2.0,2.2705885425835755
4.0,4.0,3.0,1.0,2.0,3.0,2.28877527189546
4.0,4.0,3.0,1.0,3.0,1.0,1.7948232263572568
4.0,4.0,3.0,1.0,3.0,2.0,2.2705885569398547
4.0,4.0,3.0,1.0,3.0,3.0,2.479159813837205
4.0,4.0,3.0,1.0,3.0,4.0,2.4791598346451575
4.0,4.0,3.0,1.0,4.0,1.0,2.1264005691469388
4.0,4.0,3.0,1.0,4.0,2.0,2.2705885799984924
4.0,4.0,3.0,1.0,4.0,3.0,2.850058475062179
4.0,4.0,3.0,1.0,4.0,4.0,2.8500584736169636
4.0,4.0,3.0,1.0,5.0,3.0,2.850058474552682
4.0,4.0,3.0,1.0,5.0,5.0,2.8500584814556253
4.0,4.0,3.0,2.0,1.0,1.0,1.8370693565991805
4.0,4.0,3.0,2.0,1.0,2.0,2.3584849093285065
4.0,4.0,3.0,2.0,1.0,3.0,2.5928039648157326
4.0,4.0,3.0,2.0,2.0,1.0,2.3331155977766693
4.0,4.0,3.0,2.0,2.0,2.0,2.534402639151482
4.0,4.0,3.0,2.0,2.0,3.0,2.7486110784849003
4.0,4.0,3.0,2.0,2.0,4.0,2.7489297511046074
4.0,4.0,3.0,2.0,3.0,1.0,2.3463780385333077
4.0,4.0,3.0,2.0,3.0,2.0,2.5344026853556922
4.0,4.0,3.0,2.0,3.0,3.0,2.89109999991978
4.0,4.0,3.0,2.0,3.0,4.0,3.3487068908716244
4.0,4.0,3.0,2.0,4.0,2.0,2.6815632975051353
4.0,4.0,3.0,2.0,4.0,3.0,2.99926292636333
4.0,4.0,3.0,2.0,4.0,4.0,3.348706885763427
4.0,4.0,3.0,2.0,4.0,5.0,3.3487069015167306
4.0,4.0,3.0,2.0,5.0,2.0,2.9521305114157173
4.0,4.0,3.0,2.0,5.0,3.0,3.0564381529709563
4.0,4.0,3.0,2.0,5.0,4.0,3.348706893939457
4.0,4.0,3.0,2.0,5.0,5.0,3.348706904592031
4.0,4.0,3.0,3.0,1.0,1.0,2.242622047937651
4.0,4.0,3.0,3.0,1.0,2.0,2.5789295969651262
4.0,4.0,3.0,3.0,1.0,3.0,2.5928039865276418
4.0,4.0,3.0,3.0,1.0,4.0,2.7995398984313327
4.0,4.0,3.0,3.0,2.0,2.0,2.5789296088474707
4.0,4.0,3.0,3.0,2.0,3.0,3.0580336712090403
4.0,4.0,3.0,3.0,2.0,4.0,3.4724109565679764
4.0,4.0,3.0,3.0,3.0,1.0,2.3463780493740845
4.0,4.0,3.0,3.0,3.0,2.0,2.8047084698233977
4.0,4.0,3.0,3.0,3.0,3.0,3.1837172785042758
4.0,4.0,3.0,3.0,3.0,4.0,3.544361544048689
4.0,4.0,3.0,3.0,3.0,5.0,3.569910755440693
4.0,4.0,3.0,3.0,4.0,1.0,2.7450312168331896
4.0,4.0,3.0,3.0,4.0,2.0,2.8616772903105576
4.0,4.0,3.0,3.0,4.0,3.0,3.3560706779160676
4.0,4.0,3.0,3.0,4.0,4.0,3.7005002220697687
4.0,4.0,3.0,3.0,4.0,5.0,3.7905889132461894
4.0,4.0,3.0,3.0,5.0,2.0,3.0931996012768748
4.0,4.0,3.0,3.0,5.0,3.0,3.3560707457520187
4.0,4.0,3.0,3.0,5.0,4.0,3.7005002661922166
4.0,4.0,3.0,3.0,5.0,5.0,3.99680833505879
4.0,4.0,3.0,4.0,1.0,1.0,2.2426220697603747
4.0,4.0,3.0,4.0,1.0,2.0,2.59993893196691
4.0,4.0,3.0,4.0,1.0,3.0,2.76159013909431
4.0,4.0,3.0,4.0,1.0,4.0,2.9567940439216245
4.0,4.0,3.0,4.0,2.0,1.0,2.458293701069063
4.0,4.0,3.0,4.0,2.0,2.0,2.672232248638581
4.0,4.0,3.0,4.0,2.0,3.0,3.13974036284789
4.0,4.0,3.0,4.0,2.0,4.0,3.4724109606737987
4.0,4.0,3.0,4.0,2.0,5.0,3.472410986278355
4.0,4.0,3.0,4.0,3.0,1.0,2.6633784805221357
4.0,4.0,3.0,4.0,3.0,2.0,2.92837265532804
4.0,4.0,3.0,4.0,3.0,3.0,3.4529051814495904
4.0,4.0,3.0,4.0,3.0,4.0,3.7671267966397206
4.0,4.0,3.0,4.0,3.0,5.0,3.9491342177181656
4.0,4.0,3.0,4.0,4.0,1.0,2.745031227292895
4.0,4.0,3.0,4.0,4.0,2.0,3.0372439103545634
4.0,4.0,3.0,4.0,4.0,3.0,3.5249646907962564
4.0,4.0,3.0,4.0,4.0,4.0,3.891206983449676
4.0,4.0,3.0,4.0,4.0,5.0,3.9707552076804924
4.0,4.0,3.0,4.0,5.0,1.0,2.745031242470156
4.0,4.0,3.0,4.0,5.0,2.0,3.0931996145241714
4.0,4.0,3.0,4.0,5.0,3.0,3.5249647157463273
4.0,4.0,3.0,4.0,5.0,4.0,3.9074246664805274
4.0,4.0,3.0,4.0,5.0,5.0,3.99680831754966
4.0,4.0,3.0,5.0,1.0,2.0,2.6722322500115343
4.0,4.0,3.0,5.0,1.0,3.0,2.9567940124235004
4.0,4.0,3.0,5.0,1.0,4.0,2.956794059542528
4.0,4.0,3.0,5.0,1.0,5.0,2.956794103988756
4.0,4.0,3.0,5.0,2.0,2.0,2.6722322575595983
4.0,4.0,3.0,5.0,2.0,3.0,3.236896435353696
4.0,4.0,3.0,5.0,2.0,4.0,3.4724110407927764
4.0,4.0,3.0,5.0,2.0,5.0,3.66979172479576
4.0,4.0,3.0,5.0,3.0,1.0,2.6633784927992226
4.0,4.0,3.0,5.0,3.0,2.0,3.0931995919022435
4.0,4.0,3.0,5.0,3.0,3.0,3.452905207563929
4.0,4.0,3.0,5.0,3.0,4.0,3.7959028821611884
4.0,4.0,3.0,5.0,3.0,5.0,3.9587560428455832
4.0,4.0,3.0,5.0,4.0,1.0,2.7902761346598184
4.0,4.0,3.0,5.0,4.0,2.0,3.0931996096215677
4.0,4.0,3.0,5.0,4.0,3.0,3.7408953696546874
4.0,4.0,3.0,5.0,4.0,4.0,3.957022101010782
4.0,4.0,3.0,5.0,4.0,5.0,4.026743562853194
4.0,4.0,3.0,5.0,5.0,1.0,2.790276137022576
4.0,4.0,3.0,5.0,5.0,2.0,3.093199624152552
4.0,4.0,3.0,5.0,5.0,3.0,3.747776648372469
4.0,4.0,3.0,5.0,5.0,4.0,4.0274233501791095
4.0,4.0,3.0,5.0,5.0,5.0,4.1790224772773215
4.0,4.0,4.0,1.0,1.0,1.0,1.706278123457745
4.0,4.0,4.0,1.0,1.0,2.0,2.0371617759897327
4.0,4.0,4.0,1.0,2.0,1.0,2.126400442947519
4.0,4.0,4.0,1.0,2.0,2.0,2.2705885459949404
4.0,4.0,4.0,1.0,2.0,3.0,2.68510194005314
4.0,4.0,4.0,1.0,3.0,1.0,2.126400471486962
4.0,4.0,4.0,1.0,3.0,2.0,2.270588551214028
4.0,4.0,4.0,1.0,3.0,3.0,2.6851019518515424
4.0,4.0,4.0,1.0,3.0,4.0,2.9049473166701
4.0,4.0,4.0,1.0,4.0,3.0,2.850058469590286
4.0,4.0,4.0,1.0,4.0,4.0,2.9049473225095497
4.0,4.0,4.0,2.0,1.0,1.0,2.3331155982366796
4.0,4.0,4.0,2.0,1.0,2.0,2.53440262458799
4.0,4.0,4.0,2.0,2.0,1.0,2.3331156047581123
4.0,4.0,4.0,2.0,2.0,2.0,2.5344026456139015
4.0,4.0,4.0,2.0,2.0,3.0,2.9824811088899903
4.0,4.0,4.0,2.0,3.0,2.0,2.5344026600454783
4.0,4.0,4.0,2.0,3.0,3.0,3.0549547852431767
4.0,4.0,4.0,2.0,3.0,4.0,3.372934848458245
4.0,4.0,4.0,2.0,4.0,2.0,3.0004869021307243
4.0,4.0,4.0,2.0,4.0,3.0,3.126311697836713
4.0,4.0,4.0,2.0,4.0,4.0,3.4708061157446175
4.0,4.0,4.0,2.0,4.0,5.0,3.470806137292157
4.0,4.0,4.0,2.0,5.0,3.0,3.3441747228787015
4.0,4.0,4.0,2.0,5.0,4.0,3.4708061196367495
4.0,4.0,4.0,3.0,1.0,2.0,2.6666529029377624
4.0,4.0,4.0,3.0,1.0,3.0,2.848616683774635
4.0,4.0,4.0,3.0,2.0,1.0,2.4582936775068136
4.0,4.0,4.0,3.0,2.0,2.0,2.9973424896108285
4.0,4.0,4.0,3.0,2.0,3.0,3.3395313952026804
4.0,4.0,4.0,3.0,2.0,4.0,3.4724109525438536
4.0,4.0,4.0,3.0,3.0,2.0,2.9973425117545616
4.0,4.0,4.0,3.0,3.0,3.0,3.5086421745414373
4.0,4.0,4.0,3.0,3.0,4.0,3.712775009995599
4.0,4.0,4.0,3.0,3.0,5.0,3.973042929760428
4.0,4.0,4.0,3.0,4.0,1.0,2.818379115823784
4.0,4.0,4.0,3.0,4.0,2.0,3.000486903043616
4.0,4.0,4.0,3.0,4.0,3.0,3.5913043853640874
4.0,4.0,4.0,3.0,4.0,4.0,3.8790590599911927
4.0,4.0,4.0,3.0,4.0,5.0,3.994094493071983
4.0,4.0,4.0,3.0,5.0,2.0,3.1651365608835635
4.0,4.0,4.0,3.0,5.0,3.0,3.5913044115298725
4.0,4.0,4.0,3.0,5.0,4.0,3.8790591049860095
4.0,4.0,4.0,3.0,5.0,5.0,3.996808335948823
4.0,4.0,4.0,4.0,1.0,1.0,2.407052639012918
4.0,4.0,4.0,4.0,1.0,2.0,2.7215691151799
4.0,4.0,4.0,4.0,1.0,3.0,3.040460215378058
4.0,4.0,4.0,4.0,1.0,4.0,3.1631279442617464
4.0,4.0,4.0,4.0,1.0,5.0,3.163127950871464
4.0,4.0,4.0,4.0,2.0,1.0,2.4582937065815713
4.0,4.0,4.0,4.0,2.0,2.0,3.1284526680466236
4.0,4.0,4.0,4.0,2.0,3.0,3.4275245347830414
4.0,4.0,4.0,4.0,2.0,4.0,3.7302148977750287
4.0,4.0,4.0,4.0,3.0,1.0,2.7902760830522624
4.0,4.0,4.0,4.0,3.0,2.0,3.128452691398582
4.0,4.0,4.0,4.0,3.0,3.0,3.712875758677991
4.0,4.0,4.0,4.0,3.0,4.0,3.9862180516048147
4.0,4.0,4.0,4.0,3.0,5.0,4.1590226692271
4.0,4.0,4.0,4.0,4.0,2.0,3.128452713705379
4.0,4.0,4.0,4.0,4.0,3.0,3.7908352952260578
4.0,4.0,4.0,4.0,4.0,4.0,4.064593143257129
4.0,4.0,4.0,4.0,4.0,5.0,4.224123428659753
4.0,4.0,4.0,4.0,5.0,3.0,3.8808845206735283
4.0,4.0,4.0,4.0,5.0,4.0,4.113628802883316
4.0,4.0,4.0,4.0,5.0,5.0,4.224123449555815
4.0,4.0,4.0,5.0,1.0,1.0,2.407052610385332
4.0,4.0,4.0,5.0,1.0,2.0,2.7215691506141324
4.0,4.0,4.0,5.0,1.0,3.0,3.266600655152632
4.0,4.0,4.0,5.0,1.0,4.0,3.266600650265682
4.0,4.0,4.0,5.0,1.0,5.0,3.474817722726443
4.0,4.0,4.0,5.0,2.0,3.0,3.4275245412858015
4.0,4.0,4.0,5.0,2.0,4.0,3.7570583219632034
4.0,4.0,4.0,5.0,2.0,5.0,3.8534827503275038
4.0,4.0,4.0,5.0,3.0,2.0,3.128452742107896
4.0,4.0,4.0,5.0,3.0,3.0,3.7128758167052127
4.0,4.0,4.0,5.0,3.0,4.0,4.008441087967039
4.0,4.0,4.0,5.0,3.0,5.0,4.234140249498069
4.0,4.0,4.0,5.0,4.0,3.0,3.841022595240551
4.0,4.0,4.0,5.0,4.0,4.0,4.13282003347734
4.0,4.0,4.0,5.0,4.0,5.0,4.313193306949846
4.0,4.0,4.0,5.0,5.0,2.0,3.4306302922824896
4.0,4.0,4.0,5.0,5.0,3.0,3.913446521987627
4.0,4.0,4.0,5.0,5.0,4.0,4.188363048765758
4.0,4.0,4.0,5.0,5.0,5.0,4.42515349866485
4.0,4.0,5.0,1.0,4.0,2.0,2.8224400897934476
4.0,4.0,5.0,1.0,5.0,4.0,3.0565507600826454
4.0,4.0,5.0,2.0,3.0,1.0,2.354297384198239
4.0,4.0,5.0,2.0,3.0,4.0,3.372934845628349
4.0,4.0,5.0,2.0,4.0,3.0,3.1263117172251564
4.0,4.0,5.0,2.0,4.0,4.0,3.4708061242002137
4.0,4.0,5.0,2.0,4.0,5.0,3.47080614345185
4.0,4.0,5.0,2.0,5.0,4.0,3.9948451458332896
4.0,4.0,5.0,3.0,1.0,3.0,3.0404601765446877
4.0,4.0,5.0,3.0,2.0,3.0,3.3395313946150638
4.0,4.0,5.0,3.0,3.0,3.0,3.5086422229398426
4.0,4.0,5.0,3.0,3.0,4.0,3.7127750097865975
4.0,4.0,5.0,3.0,3.0,5.0,4.23677249263004
4.0,4.0,5.0,3.0,4.0,1.0,3.0065511011301176
4.0,4.0,5.0,3.0,4.0,3.0,3.5913044018674602
4.0,4.0,5.0,3.0,4.0,4.0,3.897365357636206
4.0,4.0,5.0,3.0,5.0,2.0,3.16513656147931
4.0,4.0,5.0,3.0,5.0,3.0,3.591304410526465
4.0,4.0,5.0,3.0,5.0,4.0,3.994845162244756
4.0,4.0,5.0,3.0,5.0,5.0,4.327422697249796
4.0,4.0,5.0,4.0,1.0,3.0,3.0404602044086104
4.0,4.0,5.0,4.0,1.0,4.0,3.474817709663903
4.0,4.0,5.0,4.0,1.0,5.0,3.47481770584724
4.0,4.0,5.0,4.0,2.0,3.0,3.427524533099177
4.0,4.0,5.0,4.0,2.0,4.0,3.77152549714264
4.0,4.0,5.0,4.0,2.0,5.0,4.0946892525929215
4.0,4.0,5.0,4.0,3.0,2.0,3.3556655420723867
4.0,4.0,5.0,4.0,3.0,3.0,3.8628611190404274
4.0,4.0,5.0,4.0,3.0,4.0,4.027607990719172
4.0,4.0,5.0,4.0,3.0,5.0,4.236772486616637
4.0,4.0,5.0,4.0,4.0,2.0,3.355665540656031
4.0,4.0,5.0,4.0,4.0,3.0,3.9192812557592838
4.0,4.0,5.0,4.0,4.0,4.0,4.127151299161622
4.0,4.0,5.0,4.0,4.0,5.0,4.467796841316014
4.0,4.0,5.0,4.0,5.0,3.0,3.9984214073958784
4.0,4.0,5.0,4.0,5.0,4.0,4.16839355360973
4.0,4.0,5.0,4.0,5.0,5.0,4.4677967832612175
4.0,4.0,5.0,5.0,1.0,4.0,3.4748177180483535
4.0,4.0,5.0,5.0,1.0,5.0,3.474817732053145
4.0,4.0,5.0,5.0,2.0,3.0,3.427524540520665
4.0,4.0,5.0,5.0,2.0,4.0,3.7715255018859493
4.0,4.0,5.0,5.0,2.0,5.0,4.094689254146577
4.0,4.0,5.0,5.0,3.0,3.0,3.8628611316620924
4.0,4.0,5.0,5.0,3.0,4.0,4.06993623936993
4.0,4.0,5.0,5.0,3.0,5.0,4.2367724988201205
4.0,4.0,5.0,5.0,4.0,2.0,3.3556655469858336
4.0,4.0,5.0,5.0,4.0,3.0,3.9993003668738867
4.0,4.0,5.0,5.0,4.0,4.0,4.266051692246339
4.0,4.0,5.0,5.0,4.0,5.0,4.548090243975518
4.0,4.0,5.0,5.0,5.0,3.0,4.138405289348859
4.0,4.0,5.0,5.0,5.0,4.0,4.399772417036081
4.0,4.0,5.0,5.0,5.0,5.0,4.61624056049859
4.0,5.0,1.0,1.0,1.0,1.0,1.323954202524064
4.0,5.0,1.0,1.0,1.0,2.0,1.5102909034497078
4.0,5.0,1.0,1.0,2.0,1.0,1.3239541933542898
4.0,5.0,1.0,1.0,2.0,2.0,1.6822770320650535
4.0,5.0,1.0,1.0,3.0,1.0,1.3723970251521307
4.0,5.0,1.0,1.0,3.0,2.0,1.6822770442685306
4.0,5.0,1.0,1.0,4.0,1.0,1.6317793892515142
4.0,5.0,1.0,1.0,4.0,3.0,1.8806544116020845
4.0,5.0,1.0,1.0,5.0,1.0,1.683835085159602
4.0,5.0,1.0,1.0,5.0,3.0,1.8806544385829125
4.0,5.0,1.0,1.0,5.0,4.0,1.8806544471570956
4.0,5.0,1.0,2.0,1.0,1.0,1.3836180744722295
4.0,5.0,1.0,2.0,1.0,2.0,1.6078667728290585
4.0,5.0,1.0,2.0,2.0,1.0,1.6636158283368871
4.0,5.0,1.0,2.0,2.0,2.0,1.7558662497025435
4.0,5.0,1.0,2.0,2.0,3.0,2.0160797249171214
4.0,5.0,1.0,2.0,3.0,1.0,1.6636158319154157
4.0,5.0,1.0,2.0,3.0,2.0,2.154766932744886
4.0,5.0,1.0,2.0,3.0,3.0,2.291703021870694
4.0,5.0,1.0,2.0,3.0,4.0,2.7308678766680616
4.0,5.0,1.0,2.0,4.0,1.0,1.680710759932926
4.0,5.0,1.0,2.0,4.0,3.0,2.291703039779713
4.0,5.0,1.0,2.0,5.0,1.0,1.6838350880871211
4.0,5.0,1.0,2.0,5.0,3.0,2.2917030505926492
4.0,5.0,1.0,3.0,1.0,1.0,1.3836180854345703
4.0,5.0,1.0,3.0,1.0,2.0,1.8620690510454228
4.0,5.0,1.0,3.0,1.0,3.0,1.8620690556843675
4.0,5.0,1.0,3.0,2.0,1.0,1.6636158212234837
4.0,5.0,1.0,3.0,3.0,1.0,1.8742795342209053
4.0,5.0,1.0,3.0,3.0,2.0,2.1860371288580027
4.0,5.0,1.0,3.0,3.0,3.0,2.7095290129366902
4.0,5.0,1.0,3.0,4.0,1.0,1.8742795502338594
4.0,5.0,1.0,3.0,4.0,2.0,2.186037145292836
4.0,5.0,1.0,3.0,4.0,3.0,2.8000598955244906
4.0,5.0,1.0,3.0,4.0,4.0,2.8000598951276885
4.0,5.0,1.0,3.0,5.0,1.0,2.4446182416983584
4.0,5.0,1.0,3.0,5.0,3.0,2.800059902993424
4.0,5.0,1.0,4.0,1.0,1.0,1.7938359062678488
4.0,5.0,1.0,4.0,1.0,2.0,1.8620690631826367
4.0,5.0,1.0,4.0,1.0,3.0,1.8620690761856171
4.0,5.0,1.0,4.0,1.0,5.0,2.278001704239266
4.0,5.0,1.0,4.0,2.0,2.0,2.2033959379318886
4.0,5.0,1.0,4.0,2.0,3.0,2.241016163442084
4.0,5.0,1.0,4.0,2.0,4.0,2.241016196591008
4.0,5.0,1.0,4.0,3.0,1.0,1.9355509092858973
4.0,5.0,1.0,4.0,3.0,2.0,2.3284057043702395
4.0,5.0,1.0,4.0,3.0,3.0,2.7308678886621403
4.0,5.0,1.0,4.0,3.0,4.0,2.7308679001829064
4.0,5.0,1.0,4.0,4.0,1.0,1.9355509125296542
4.0,5.0,1.0,4.0,4.0,2.0,2.4985637876076177
4.0,5.0,1.0,4.0,4.0,4.0,2.8000598879849665
4.0,5.0,1.0,4.0,4.0,5.0,2.80005990177763
4.0,5.0,1.0,4.0,5.0,2.0,2.799778835400307
4.0,5.0,1.0,4.0,5.0,4.0,2.8000599152794488
4.0,5.0,1.0,4.0,5.0,5.0,2.8000599376234003
4.0,5.0,1.0,5.0,1.0,1.0,1.793835922000343
4.0,5.0,1.0,5.0,1.0,3.0,1.862069077600971
4.0,5.0,1.0,5.0,2.0,1.0,1.8047508660179383
4.0,5.0,1.0,5.0,3.0,3.0,2.821213803785397
4.0,5.0,1.0,5.0,3.0,5.0,3.2428001024077497
4.0,5.0,1.0,5.0,4.0,1.0,2.444618249621791
4.0,5.0,1.0,5.0,4.0,4.0,3.242800076282053
4.0,5.0,1.0,5.0,4.0,5.0,3.2428001033487903
4.0,5.0,1.0,5.0,5.0,1.0,2.4446182560029315
4.0,5.0,1.0,5.0,5.0,4.0,3.242800111036521
4.0,5.0,1.0,5.0,5.0,5.0,3.333655324948617
4.0,5.0,2.0,1.0,1.0,1.0,1.4648204275588184
4.0,5.0,2.0,1.0,1.0,2.0,1.6585552541688062
4.0,5.0,2.0,1.0,2.0,1.0,1.7948232231579822
4.0,5.0,2.0,1.0,2.0,2.0,1.8763145170872648
4.0,5.0,2.0,1.0,3.0,1.0,1.7948232331897704
4.0,5.0,2.0,1.0,3.0,2.0,2.0111544694402212
4.0,5.0,2.0,1.0,3.0,3.0,2.208234275527288
4.0,5.0,2.0,1.0,4.0,1.0,1.7948232338079697
4.0,5.0,2.0,1.0,4.0,2.0,2.3409111582394484
4.0,5.0,2.0,1.0,4.0,3.0,2.340911166317914
4.0,5.0,2.0,1.0,5.0,1.0,1.7948232464327105
4.0,5.0,2.0,2.0,1.0,1.0,1.9728166785704964
4.0,5.0,2.0,2.0,1.0,2.0,2.209691229891092
4.0,5.0,2.0,2.0,1.0,3.0,2.3965929050621684
4.0,5.0,2.0,2.0,2.0,1.0,1.9728166860014142
4.0,5.0,2.0,2.0,2.0,2.0,2.209691242777114
4.0,5.0,2.0,2.0,2.0,3.0,2.50312197389288
4.0,5.0,2.0,2.0,3.0,1.0,2.146535519272856
4.0,5.0,2.0,2.0,3.0,2.0,2.266110405391152
4.0,5.0,2.0,2.0,3.0,3.0,2.6761119997446916
4.0,5.0,2.0,2.0,3.0,4.0,2.749551460434749
4.0,5.0,2.0,2.0,4.0,1.0,2.146535521459853
4.0,5.0,2.0,2.0,4.0,2.0,2.4766262548692315
4.0,5.0,2.0,2.0,4.0,3.0,2.6761120160354452
4.0,5.0,2.0,2.0,4.0,4.0,2.749551459433299
4.0,5.0,2.0,2.0,5.0,2.0,2.5853219071433218
4.0,5.0,2.0,2.0,5.0,3.0,2.676112034546927
4.0,5.0,2.0,2.0,5.0,4.0,2.8000598790653153
4.0,5.0,2.0,3.0,1.0,1.0,1.9728167011733364
4.0,5.0,2.0,3.0,1.0,2.0,2.330236443309283
4.0,5.0,2.0,3.0,1.0,3.0,2.396592936490842
4.0,5.0,2.0,3.0,2.0,1.0,1.9728166918004935
4.0,5.0,2.0,3.0,2.0,2.0,2.475197603510326
4.0,5.0,2.0,3.0,2.0,3.0,2.7644916243814976
4.0,5.0,2.0,3.0,2.0,4.0,2.906876872390807
4.0,5.0,2.0,3.0,3.0,1.0,2.1465355310241327
4.0,5.0,2.0,3.0,3.0,2.0,2.475197598982934
4.0,5.0,2.0,3.0,3.0,3.0,2.9068768562530614
4.0,5.0,2.0,3.0,3.0,4.0,2.906876883405572
4.0,5.0,2.0,3.0,4.0,1.0,2.30696469630636
4.0,5.0,2.0,3.0,4.0,2.0,2.5560777818373377
4.0,5.0,2.0,3.0,4.0,3.0,2.998683579801791
4.0,5.0,2.0,3.0,4.0,4.0,3.1441630013868007
4.0,5.0,2.0,3.0,5.0,1.0,2.56213615009088
4.0,5.0,2.0,3.0,5.0,2.0,2.585321911533808
4.0,5.0,2.0,3.0,5.0,3.0,3.0290708901523686
4.0,5.0,2.0,3.0,5.0,4.0,3.144163021460236
4.0,5.0,2.0,3.0,5.0,5.0,3.144163035251049
4.0,5.0,2.0,4.0,1.0,1.0,1.9728167334819453
4.0,5.0,2.0,4.0,1.0,2.0,2.3302364430202167
4.0,5.0,2.0,4.0,1.0,3.0,2.5177673339219524
4.0,5.0,2.0,4.0,1.0,4.0,2.5177673533292264
4.0,5.0,2.0,4.0,1.0,5.0,3.1481596321874394
4.0,5.0,2.0,4.0,2.0,1.0,2.001500919400999
4.0,5.0,2.0,4.0,2.0,2.0,2.6628931890561947
4.0,5.0,2.0,4.0,2.0,3.0,2.988211932561394
4.0,5.0,2.0,4.0,2.0,4.0,2.9882119395786684
4.0,5.0,2.0,4.0,3.0,1.0,2.3378023165509427
4.0,5.0,2.0,4.0,3.0,2.0,2.726998823949266
4.0,5.0,2.0,4.0,3.0,3.0,3.1051928212712534
4.0,5.0,2.0,4.0,3.0,4.0,3.343768997436599
4.0,5.0,2.0,4.0,4.0,1.0,2.4446182394177662
4.0,5.0,2.0,4.0,4.0,2.0,2.884695097423915
4.0,5.0,2.0,4.0,4.0,3.0,3.1639088793409282
4.0,5.0,2.0,4.0,4.0,4.0,3.3437689959421624
4.0,5.0,2.0,4.0,5.0,2.0,2.8846951275320007
4.0,5.0,2.0,4.0,5.0,3.0,3.267573388112193
4.0,5.0,2.0,4.0,5.0,4.0,3.4149997547491804
4.0,5.0,2.0,4.0,5.0,5.0,3.414999772429116
4.0,5.0,2.0,5.0,1.0,1.0,1.9728167594626906
4.0,5.0,2.0,5.0,1.0,2.0,2.501334121624331
4.0,5.0,2.0,5.0,1.0,3.0,2.5177673559778775
4.0,5.0,2.0,5.0,1.0,4.0,2.6914592594098266
4.0,5.0,2.0,5.0,2.0,2.0,2.6722322733031496
4.0,5.0,2.0,5.0,2.0,3.0,2.988211945315152
4.0,5.0,2.0,5.0,2.0,5.0,3.4770625786681375
4.0,5.0,2.0,5.0,3.0,1.0,2.3378023310561993
4.0,5.0,2.0,5.0,3.0,2.0,2.7269988312898628
4.0,5.0,2.0,5.0,3.0,3.0,3.105192839855218
4.0,5.0,2.0,5.0,3.0,5.0,3.4770625885581916
4.0,5.0,2.0,5.0,4.0,1.0,2.444618249189451
4.0,5.0,2.0,5.0,4.0,2.0,2.8846951050925886
4.0,5.0,2.0,5.0,4.0,3.0,3.272009289648799
4.0,5.0,2.0,5.0,4.0,4.0,3.6486989626416912
4.0,5.0,2.0,5.0,4.0,5.0,3.739514083096319
4.0,5.0,2.0,5.0,5.0,1.0,2.5621361550910318
4.0,5.0,2.0,5.0,5.0,2.0,2.8846951350647307
4.0,5.0,2.0,5.0,5.0,3.0,3.2720093030115676
4.0,5.0,2.0,5.0,5.0,4.0,3.7395140516555516
4.0,5.0,2.0,5.0,5.0,5.0,3.7395140765574513
4.0,5.0,3.0,1.0,1.0,2.0,2.0202613344353915
4.0,5.0,3.0,1.0,1.0,3.0,2.592803965429543
4.0,5.0,3.0,1.0,2.0,1.0,1.7948232373716273
4.0,5.0,3.0,1.0,2.0,2.0,2.2705885526523994
4.0,5.0,3.0,1.0,2.0,3.0,2.6618160812189835
4.0,5.0,3.0,1.0,3.0,1.0,1.7948232353060356
4.0,5.0,3.0,1.0,3.0,2.0,2.557162973609805
4.0,5.0,3.0,1.0,3.0,3.0,2.6851020041456324
4.0,5.0,3.0,1.0,3.0,4.0,2.6851020230936005
4.0,5.0,3.0,1.0,4.0,1.0,2.238449340812649
4.0,5.0,3.0,1.0,4.0,2.0,2.557162988224188
4.0,5.0,3.0,1.0,4.0,3.0,2.850058489080849
4.0,5.0,3.0,1.0,4.0,4.0,2.8500584981067445
4.0,5.0,3.0,1.0,4.0,5.0,3.0076099465518356
4.0,5.0,3.0,1.0,5.0,2.0,2.822440119371089
4.0,5.0,3.0,1.0,5.0,3.0,2.8975144419765875
4.0,5.0,3.0,1.0,5.0,4.0,3.0037011289746887
4.0,5.0,3.0,1.0,5.0,5.0,3.4055048592472295
4.0,5.0,3.0,2.0,1.0,1.0,2.012507473934792
4.0,5.0,3.0,2.0,1.0,2.0,2.358484915286431
4.0,5.0,3.0,2.0,1.0,3.0,2.5928039778322964
4.0,5.0,3.0,2.0,2.0,2.0,2.562072996513047
4.0,5.0,3.0,2.0,2.0,3.0,2.748611093450886
4.0,5.0,3.0,2.0,2.0,4.0,3.017210402372812
4.0,5.0,3.0,2.0,3.0,1.0,2.3463780319439853
4.0,5.0,3.0,2.0,3.0,2.0,2.6245059460724067
4.0,5.0,3.0,2.0,3.0,3.0,2.999503151886195
4.0,5.0,3.0,2.0,3.0,4.0,3.34870690504801
4.0,5.0,3.0,2.0,3.0,5.0,3.34870691364445
4.0,5.0,3.0,2.0,4.0,2.0,2.7495932518326978
4.0,5.0,3.0,2.0,4.0,3.0,3.056438150324423
4.0,5.0,3.0,2.0,4.0,4.0,3.3487069022949747
4.0,5.0,3.0,2.0,4.0,5.0,3.405504875076272
4.0,5.0,3.0,2.0,5.0,1.0,2.818379128761961
4.0,5.0,3.0,2.0,5.0,2.0,2.952130514761029
4.0,5.0,3.0,2.0,5.0,3.0,3.056438164985702
4.0,5.0,3.0,2.0,5.0,4.0,3.3487068975143446
4.0,5.0,3.0,2.0,5.0,5.0,3.405504871705747
4.0,5.0,3.0,3.0,1.0,2.0,2.5928039996894117
4.0,5.0,3.0,3.0,1.0,3.0,2.592803994648449
4.0,5.0,3.0,3.0,2.0,1.0,2.5620729500291666
4.0,5.0,3.0,3.0,2.0,2.0,2.7766376863289692
4.0,5.0,3.0,3.0,2.0,3.0,3.2564553950966006
4.0,5.0,3.0,3.0,2.0,4.0,3.4724109665492873
4.0,5.0,3.0,3.0,2.0,5.0,3.5699107705259503
4.0,5.0,3.0,3.0,3.0,1.0,2.5620729557730275
4.0,5.0,3.0,3.0,3.0,2.0,2.9109205940310625
4.0,5.0,3.0,3.0,3.0,3.0,3.256455385862058
4.0,5.0,3.0,3.0,3.0,4.0,3.56991072184325
4.0,5.0,3.0,3.0,3.0,5.0,3.569910755845478
4.0,5.0,3.0,3.0,4.0,1.0,2.8183791314492264
4.0,5.0,3.0,3.0,4.0,2.0,2.9109206053448786
4.0,5.0,3.0,3.0,4.0,3.0,3.417199889255951
4.0,5.0,3.0,3.0,4.0,4.0,3.7370221195122633
4.0,5.0,3.0,3.0,4.0,5.0,3.9453916839169074
4.0,5.0,3.0,3.0,5.0,1.0,2.8183791423623266
4.0,5.0,3.0,3.0,5.0,2.0,3.093199606261244
4.0,5.0,3.0,3.0,5.0,3.0,3.445560776735143
4.0,5.0,3.0,3.0,5.0,4.0,3.7370221294087465
4.0,5.0,3.0,3.0,5.0,5.0,3.9968083423740124
4.0,5.0,3.0,4.0,1.0,1.0,2.2426220698406145
4.0,5.0,3.0,4.0,1.0,2.0,2.7215691833946134
4.0,5.0,3.0,4.0,1.0,3.0,2.9676174537515325
4.0,5.0,3.0,4.0,1.0,4.0,2.967617487082916
4.0,5.0,3.0,4.0,2.0,2.0,2.99370836714596
4.0,5.0,3.0,4.0,2.0,3.0,3.2564554077621106
4.0,5.0,3.0,4.0,2.0,4.0,3.4724109732546795
4.0,5.0,3.0,4.0,2.0,5.0,3.569910783416918
4.0,5.0,3.0,4.0,3.0,1.0,2.8183791353474668
4.0,5.0,3.0,4.0,3.0,2.0,3.0372439087545504
4.0,5.0,3.0,4.0,3.0,3.0,3.482349005109777
4.0,5.0,3.0,4.0,3.0,4.0,3.8988090307040832
4.0,5.0,3.0,4.0,3.0,5.0,3.949134218846977
4.0,5.0,3.0,4.0,4.0,1.0,2.8183791434912226
4.0,5.0,3.0,4.0,4.0,2.0,3.037243925619472
4.0,5.0,3.0,4.0,4.0,3.0,3.6180134623569544
4.0,5.0,3.0,4.0,4.0,4.0,3.971487894710989
4.0,5.0,3.0,4.0,4.0,5.0,4.134848830522474
4.0,5.0,3.0,4.0,5.0,2.0,3.2254005417619562
4.0,5.0,3.0,4.0,5.0,3.0,3.618013530394222
4.0,5.0,3.0,4.0,5.0,4.0,4.027959611901058
4.0,5.0,3.0,4.0,5.0,5.0,4.134848845172076
4.0,5.0,3.0,5.0,1.0,1.0,2.2426220993264336
4.0,5.0,3.0,5.0,1.0,2.0,2.7215692016280197
4.0,5.0,3.0,5.0,1.0,3.0,3.0009134454841226
4.0,5.0,3.0,5.0,1.0,4.0,3.148159606989721
4.0,5.0,3.0,5.0,1.0,5.0,3.1481596292716025
4.0,5.0,3.0,5.0,2.0,1.0,2.665780127928521
4.0,5.0,3.0,5.0,2.0,2.0,2.997159869289604
4.0,5.0,3.0,5.0,2.0,3.0,3.2564554334052356
4.0,5.0,3.0,5.0,2.0,4.0,3.725162372901678
4.0,5.0,3.0,5.0,2.0,5.0,3.7251624084463106
4.0,5.0,3.0,5.0,3.0,2.0,3.290487554045324
4.0,5.0,3.0,5.0,3.0,3.0,3.4823490490142706
4.0,5.0,3.0,5.0,3.0,4.0,3.8988090739260044
4.0,5.0,3.0,5.0,3.0,5.0,3.958756067101836
4.0,5.0,3.0,5.0,4.0,2.0,3.290487578311786
4.0,5.0,3.0,5.0,4.0,3.0,3.7408954259076346
4.0,5.0,3.0,5.0,4.0,4.0,3.9714879198879345
4.0,5.0,3.0,5.0,4.0,5.0,4.134848839733197
4.0,5.0,3.0,5.0,5.0,1.0,3.167132728573276
4.0,5.0,3.0,5.0,5.0,2.0,3.2904875977076373
4.0,5.0,3.0,5.0,5.0,3.0,3.804727452185288
4.0,5.0,3.0,5.0,5.0,4.0,4.120995283770528
4.0,5.0,3.0,5.0,5.0,5.0,4.1790224988739215
4.0,5.0,4.0,1.0,1.0,1.0,1.7062781234076345
4.0,5.0,4.0,1.0,2.0,2.0,2.2705885491661797
4.0,5.0,4.0,1.0,3.0,1.0,2.1264004672407317
4.0,5.0,4.0,1.0,3.0,3.0,2.685101988141831
4.0,5.0,4.0,1.0,4.0,3.0,3.159199509018858
4.0,5.0,4.0,1.0,4.0,4.0,3.1591995417893277
4.0,5.0,4.0,1.0,4.0,5.0,3.159199550052434
4.0,5.0,4.0,1.0,5.0,2.0,2.8224401154289613
4.0,5.0,4.0,1.0,5.0,3.0,3.344174724266574
4.0,5.0,4.0,1.0,5.0,4.0,3.4708061298507653
4.0,5.0,4.0,2.0,1.0,1.0,2.346377974852023
4.0,5.0,4.0,2.0,2.0,2.0,2.562073010721206
4.0,5.0,4.0,2.0,2.0,3.0,3.337700132127869
4.0,5.0,4.0,2.0,2.0,4.0,3.3377001389336103
4.0,5.0,4.0,2.0,3.0,1.0,2.3463780132764054
4.0,5.0,4.0,2.0,3.0,2.0,2.9990604999732584
4.0,5.0,4.0,2.0,3.0,3.0,3.337700138322481
4.0,5.0,4.0,2.0,3.0,4.0,3.3729348562616583
4.0,5.0,4.0,2.0,4.0,2.0,3.0004869010597033
4.0,5.0,4.0,2.0,4.0,3.0,3.3377001430032274
4.0,5.0,4.0,2.0,4.0,4.0,3.4708061166127275
4.0,5.0,4.0,2.0,4.0,5.0,3.9580814682900196
4.0,5.0,4.0,2.0,5.0,2.0,3.003881423491728
4.0,5.0,4.0,2.0,5.0,3.0,3.3441747273200244
4.0,5.0,4.0,2.0,5.0,4.0,3.470806127612782
4.0,5.0,4.0,2.0,5.0,5.0,4.029339663693688
4.0,5.0,4.0,3.0,1.0,1.0,2.5620729171438508
4.0,5.0,4.0,3.0,1.0,2.0,2.666652913878262
4.0,5.0,4.0,3.0,1.0,3.0,2.8486166841725993
4.0,5.0,4.0,3.0,1.0,4.0,3.0124614547896043
4.0,5.0,4.0,3.0,2.0,1.0,2.5620729348089037
4.0,5.0,4.0,3.0,2.0,2.0,2.9973425072868234
4.0,5.0,4.0,3.0,2.0,3.0,3.3395313993026363
4.0,5.0,4.0,3.0,2.0,4.0,3.472410963820353
4.0,5.0,4.0,3.0,2.0,5.0,3.7302149560287177
4.0,5.0,4.0,3.0,3.0,1.0,2.8183791179305313
4.0,5.0,4.0,3.0,3.0,2.0,3.3068428730058748
4.0,5.0,4.0,3.0,3.0,3.0,3.5602659471584452
4.0,5.0,4.0,3.0,3.0,4.0,3.900671251658469
4.0,5.0,4.0,3.0,3.0,5.0,4.159022729585666
4.0,5.0,4.0,3.0,4.0,2.0,3.306842887312307
4.0,5.0,4.0,3.0,4.0,3.0,3.631096340417613
4.0,5.0,4.0,3.0,4.0,4.0,3.926288597580339
4.0,5.0,4.0,3.0,4.0,5.0,4.162463319494362
4.0,5.0,4.0,3.0,5.0,1.0,2.818379129005661
4.0,5.0,4.0,3.0,5.0,2.0,3.3068428967244845
4.0,5.0,4.0,3.0,5.0,3.0,3.6749538873289254
4.0,5.0,4.0,3.0,5.0,4.0,3.9262886084923063
4.0,5.0,4.0,3.0,5.0,5.0,4.177244687676024
4.0,5.0,4.0,4.0,1.0,1.0,2.7215691629178784
4.0,5.0,4.0,4.0,1.0,3.0,3.090447201588859
4.0,5.0,4.0,4.0,1.0,4.0,3.328004714934298
4.0,5.0,4.0,4.0,1.0,5.0,3.4748177289917956
4.0,5.0,4.0,4.0,2.0,2.0,3.1284527070888197
4.0,5.0,4.0,4.0,2.0,3.0,3.4516674866622243
4.0,5.0,4.0,4.0,2.0,4.0,3.730214926587503
4.0,5.0,4.0,4.0,2.0,5.0,3.7302149572256895
4.0,5.0,4.0,4.0,3.0,2.0,3.3068428733754174
4.0,5.0,4.0,4.0,3.0,3.0,3.7822802649045686
4.0,5.0,4.0,4.0,3.0,4.0,3.990661615651554
4.0,5.0,4.0,4.0,3.0,5.0,4.159022717339031
4.0,5.0,4.0,4.0,4.0,1.0,2.881996472950161
4.0,5.0,4.0,4.0,4.0,2.0,3.4306302685684433
4.0,5.0,4.0,4.0,4.0,3.0,3.8808844798601925
4.0,5.0,4.0,4.0,4.0,4.0,4.125804460759123
4.0,5.0,4.0,4.0,4.0,5.0,4.331871448264928
4.0,5.0,4.0,4.0,5.0,2.0,3.430630287201923
4.0,5.0,4.0,4.0,5.0,3.0,3.880884537033298
4.0,5.0,4.0,4.0,5.0,4.0,4.125817021487158
4.0,5.0,4.0,4.0,5.0,5.0,4.3318714909038345
4.0,5.0,4.0,5.0,1.0,2.0,2.7215691775586404
4.0,5.0,4.0,5.0,1.0,3.0,3.2666006608212657
4.0,5.0,4.0,5.0,1.0,4.0,3.4748177092484966
4.0,5.0,4.0,5.0,1.0,5.0,3.474817726940223
4.0,5.0,4.0,5.0,2.0,2.0,3.128452735311285
4.0,5.0,4.0,5.0,2.0,3.0,3.5524407221855645
4.0,5.0,4.0,5.0,2.0,4.0,3.7570583329290765
4.0,5.0,4.0,5.0,2.0,5.0,3.9971003036090615
4.0,5.0,4.0,5.0,3.0,2.0,3.3296434549419156
4.0,5.0,4.0,5.0,3.0,3.0,3.782280276064175
4.0,5.0,4.0,5.0,3.0,4.0,4.08651672733193
4.0,5.0,4.0,5.0,3.0,5.0,4.2341402562589625
4.0,5.0,4.0,5.0,4.0,3.0,3.8808845554928473
4.0,5.0,4.0,5.0,4.0,4.0,4.199548998862932
4.0,5.0,4.0,5.0,4.0,5.0,4.398089329445332
4.0,5.0,4.0,5.0,5.0,2.0,3.430630298351414
4.0,5.0,4.0,5.0,5.0,3.0,3.913446567080747
4.0,5.0,4.0,5.0,5.0,4.0,4.261874976824704
4.0,5.0,4.0,5.0,5.0,5.0,4.492323008106153
4.0,5.0,5.0,1.0,2.0,4.0,3.0253015812945168
4.0,5.0,5.0,1.0,3.0,4.0,3.230415834168422
4.0,5.0,5.0,1.0,4.0,3.0,3.1591995066741316
4.0,5.0,5.0,1.0,4.0,5.0,3.2304158367513067
4.0,5.0,5.0,1.0,5.0,1.0,2.2384493024408343
4.0,5.0,5.0,1.0,5.0,4.0,3.5240184688390093
4.0,5.0,5.0,1.0,5.0,5.0,3.5240184791329527
4.0,5.0,5.0,2.0,2.0,1.0,2.3463779718848805
4.0,5.0,5.0,2.0,2.0,3.0,3.3377001393286507
4.0,5.0,5.0,2.0,3.0,2.0,2.9990605130575525
4.0,5.0,5.0,2.0,3.0,3.0,3.337700138756864
4.0,5.0,5.0,2.0,3.0,4.0,3.3729348578102503
4.0,5.0,5.0,2.0,4.0,2.0,3.0233882808904724
4.0,5.0,5.0,2.0,4.0,3.0,3.33770015418816
4.0,5.0,5.0,2.0,4.0,4.0,3.470806125401268
4.0,5.0,5.0,2.0,4.0,5.0,3.9840649946794735
4.0,5.0,5.0,2.0,5.0,2.0,3.2396933545772812
4.0,5.0,5.0,2.0,5.0,3.0,3.34417473302701
4.0,5.0,5.0,2.0,5.0,4.0,4.029339665709362
4.0,5.0,5.0,2.0,5.0,5.0,4.0293396746670815
4.0,5.0,5.0,3.0,1.0,3.0,3.1591994509014807
4.0,5.0,5.0,3.0,1.0,4.0,3.328004728574051
4.0,5.0,5.0,3.0,2.0,2.0,3.3068428383179853
4.0,5.0,5.0,3.0,2.0,3.0,3.3395314015592388
4.0,5.0,5.0,3.0,2.0,4.0,3.771525476963452
4.0,5.0,5.0,3.0,3.0,2.0,3.3068428566230534
4.0,5.0,5.0,3.0,3.0,3.0,3.560265977579882
4.0,5.0,5.0,3.0,3.0,4.0,3.900671264143889
4.0,5.0,5.0,3.0,3.0,5.0,4.236772507442272
4.0,5.0,5.0,3.0,4.0,2.0,3.3426193367459156
4.0,5.0,5.0,3.0,4.0,3.0,3.6660158454681353
4.0,5.0,5.0,3.0,4.0,4.0,3.940599650323695
4.0,5.0,5.0,3.0,4.0,5.0,4.236772525987385
4.0,5.0,5.0,3.0,5.0,2.0,3.4746723816005876
4.0,5.0,5.0,3.0,5.0,3.0,3.749607560586647
4.0,5.0,5.0,3.0,5.0,4.0,4.110443803738892
4.0,5.0,5.0,3.0,5.0,5.0,4.406135926349548
4.0,5.0,5.0,4.0,1.0,2.0,2.7215691547553265
4.0,5.0,5.0,4.0,1.0,3.0,3.159199453445067
4.0,5.0,5.0,4.0,1.0,4.0,3.474817708945095
4.0,5.0,5.0,4.0,1.0,5.0,3.4748177132055913
4.0,5.0,5.0,4.0,2.0,1.0,2.8814822339931547
4.0,5.0,5.0,4.0,2.0,3.0,3.7570584101265623
4.0,5.0,5.0,4.0,2.0,4.0,3.7715254971205483
4.0,5.0,5.0,4.0,2.0,5.0,4.094689263528055
4.0,5.0,5.0,4.0,3.0,2.0,3.35566556009322
4.0,5.0,5.0,4.0,3.0,3.0,3.895894376844446
4.0,5.0,5.0,4.0,3.0,4.0,4.134099826339386
4.0,5.0,5.0,4.0,3.0,5.0,4.3138979474472725
4.0,5.0,5.0,4.0,4.0,1.0,3.02892816968865
4.0,5.0,5.0,4.0,4.0,2.0,3.4746723871687495
4.0,5.0,5.0,4.0,4.0,3.0,3.9993003700426417
4.0,5.0,5.0,4.0,4.0,4.0,4.191170209130966
4.0,5.0,5.0,4.0,4.0,5.0,4.46779699955824
4.0,5.0,5.0,4.0,5.0,2.0,3.474672387181167
4.0,5.0,5.0,4.0,5.0,3.0,3.9994447212911077
4.0,5.0,5.0,4.0,5.0,4.0,4.2574115171415965
4.0,5.0,5.0,4.0,5.0,5.0,4.471042770312883
4.0,5.0,5.0,5.0,1.0,2.0,2.8814821928575562
4.0,5.0,5.0,5.0,1.0,3.0,3.41389551365602
4.0,5.0,5.0,5.0,1.0,4.0,3.474817712425565
4.0,5.0,5.0,5.0,1.0,5.0,3.474817731382073
4.0,5.0,5.0,5.0,2.0,2.0,3.474672374796219
4.0,5.0,5.0,5.0,2.0,3.0,3.7570584127566757
4.0,5.0,5.0,5.0,2.0,4.0,3.771525517390773
4.0,5.0,5.0,5.0,2.0,5.0,4.094689282486854
4.0,5.0,5.0,5.0,3.0,2.0,3.4746723850291024
4.0,5.0,5.0,5.0,3.0,3.0,3.9982499967624365
4.0,5.0,5.0,5.0,3.0,4.0,4.134099837792681
4.0,5.0,5.0,5.0,3.0,5.0,4.313897971071599
4.0,5.0,5.0,5.0,4.0,2.0,3.4746723886020674
4.0,5.0,5.0,5.0,4.0,3.0,3.9993003800680564
4.0,5.0,5.0,5.0,4.0,4.0,4.373484806331529
4.0,5.0,5.0,5.0,4.0,5.0,4.587145842481472
4.0,5.0,5.0,5.0,5.0,1.0,3.474672399724958
4.0,5.0,5.0,5.0,5.0,2.0,3.474672391920238
4.0,5.0,5.0,5.0,5.0,3.0,4.188465998633657
4.0,5.0,5.0,5.0,5.0,4.0,4.408483549595818
4.0,5.0,5.0,5.0,5.0,5.0,4.63868497998127
5.0,1.0,1.0,1.0,1.0,1.0,1.285925501718819
5.0,1.0,1.0,1.0,3.0,1.0,1.2860684173671477
5.0,1.0,1.0,1.0,4.0,3.0,1.4992345043315198
5.0,1.0,1.0,2.0,2.0,2.0,1.6054276280936248
5.0,1.0,1.0,2.0,3.0,1.0,1.480559849970458
5.0,1.0,1.0,2.0,3.0,2.0,1.605427655005118
5.0,1.0,1.0,3.0,1.0,1.0,1.368304545605052
5.0,1.0,1.0,3.0,3.0,1.0,1.4805598655486374
5.0,1.0,1.0,4.0,3.0,3.0,2.341739466200566
5.0,1.0,1.0,4.0,4.0,1.0,2.020490693113718
5.0,1.0,1.0,5.0,1.0,1.0,1.7938356687591226
5.0,1.0,1.0,5.0,1.0,3.0,1.7938356185221274
5.0,1.0,1.0,5.0,1.0,5.0,1.7938356245987057
5.0,1.0,1.0,5.0,2.0,1.0,1.7938356726660754
5.0,1.0,1.0,5.0,2.0,2.0,2.027943872411479
5.0,1.0,1.0,5.0,2.0,5.0,2.3417394187650102
5.0,1.0,1.0,5.0,3.0,1.0,2.020340331566983
5.0,1.0,1.0,5.0,3.0,5.0,2.3417394585772895
5.0,1.0,1.0,5.0,5.0,4.0,2.3417394899937993
5.0,1.0,1.0,5.0,5.0,5.0,2.3417395000139334
5.0,1.0,2.0,1.0,1.0,1.0,1.3009176557024769
5.0,1.0,2.0,1.0,3.0,2.0,1.4992344414260699
5.0,1.0,2.0,2.0,1.0,1.0,1.3009176543752898
5.0,1.0,2.0,2.0,3.0,2.0,2.0274902394332535
5.0,1.0,2.0,2.0,3.0,3.0,2.148342950796321
5.0,1.0,2.0,3.0,1.0,3.0,1.7938355561236456
5.0,1.0,2.0,3.0,2.0,1.0,2.1202040114730223
5.0,1.0,2.0,3.0,2.0,2.0,2.120204015697478
5.0,1.0,2.0,3.0,3.0,2.0,2.1202040116481653
5.0,1.0,2.0,3.0,3.0,3.0,2.712265142909393
5.0,1.0,2.0,3.0,4.0,3.0,2.712265251068715
5.0,1.0,2.0,4.0,1.0,2.0,1.7938355546381122
5.0,1.0,2.0,4.0,5.0,4.0,2.712265346973795
5.0,1.0,2.0,5.0,1.0,3.0,1.793835573668656
5.0,1.0,2.0,5.0,1.0,5.0,1.793835596801885
5.0,1.0,2.0,5.0,2.0,3.0,2.512512004374617
5.0,1.0,2.0,5.0,3.0,4.0,2.9994065851309366
5.0,1.0,3.0,1.0,1.0,1.0,1.3009176534146507
5.0,1.0,3.0,1.0,1.0,3.0,1.6707490756902839
5.0,1.0,3.0,1.0,3.0,1.0,1.4883863935312796
5.0,1.0,3.0,2.0,1.0,2.0,1.918370701385651
5.0,1.0,3.0,2.0,3.0,1.0,2.2637628092910944
5.0,1.0,3.0,3.0,1.0,1.0,1.6856240195827252
5.0,1.0,3.0,3.0,1.0,2.0,1.918370730791507
5.0,1.0,3.0,3.0,1.0,3.0,2.154763116717432
5.0,1.0,3.0,3.0,2.0,2.0,2.1202040052947546
5.0,1.0,3.0,3.0,2.0,3.0,2.6798171148120216
5.0,1.0,3.0,3.0,2.0,4.0,2.7668824634153673
5.0,1.0,3.0,3.0,3.0,3.0,2.712265055702471
5.0,1.0,3.0,3.0,3.0,4.0,3.0063966185955566
5.0,1.0,3.0,3.0,5.0,1.0,2.2637628139817685
5.0,1.0,3.0,4.0,1.0,4.0,2.76688246655301
5.0,1.0,3.0,4.0,2.0,3.0,2.7204994628552353
5.0,1.0,3.0,4.0,2.0,4.0,2.7668824716302036
5.0,1.0,3.0,4.0,3.0,3.0,2.7204994695901425
5.0,1.0,3.0,4.0,4.0,3.0,2.774936630031692
5.0,1.0,3.0,4.0,4.0,4.0,3.0942743780343913
5.0,1.0,3.0,4.0,5.0,3.0,2.7749366638244934
5.0,1.0,3.0,4.0,5.0,5.0,3.4880683371122996
5.0,1.0,3.0,5.0,1.0,1.0,2.242621899742304
5.0,1.0,3.0,5.0,1.0,2.0,2.242621887455737
5.0,1.0,3.0,5.0,1.0,3.0,2.6529352843904053
5.0,1.0,3.0,5.0,1.0,4.0,2.7668824530095977
5.0,1.0,3.0,5.0,3.0,2.0,2.2637628158633163
5.0,1.0,3.0,5.0,3.0,4.0,3.0942743751315205
5.0,1.0,3.0,5.0,4.0,4.0,3.094274376726136
5.0,1.0,3.0,5.0,4.0,5.0,3.712832976333353
5.0,1.0,3.0,5.0,5.0,4.0,3.0942743746456833
5.0,1.0,3.0,5.0,5.0,5.0,3.712832977720038
5.0,1.0,4.0,1.0,5.0,5.0,1.7558659981419358
5.0,1.0,4.0,3.0,2.0,3.0,2.679817121052088
5.0,1.0,4.0,4.0,1.0,3.0,2.1547631200632034
5.0,1.0,4.0,4.0,1.0,4.0,2.7668824513413566
5.0,1.0,4.0,4.0,3.0,3.0,3.167968541224601
5.0,1.0,4.0,5.0,1.0,1.0,2.2426218892074963
5.0,1.0,4.0,5.0,1.0,3.0,2.766882435653214
5.0,1.0,4.0,5.0,1.0,4.0,2.7668824464962696
5.0,1.0,4.0,5.0,1.0,5.0,2.76688245410166
5.0,1.0,4.0,5.0,3.0,4.0,3.167968556658033
5.0,1.0,4.0,5.0,3.0,5.0,3.1679685660052344
5.0,1.0,4.0,5.0,4.0,4.0,3.7128329706985403
5.0,1.0,4.0,5.0,4.0,5.0,3.71283297493694
5.0,1.0,4.0,5.0,5.0,4.0,3.7128329734697103
5.0,1.0,4.0,5.0,5.0,5.0,3.712832980881613
5.0,1.0,5.0,1.0,2.0,1.0,2.0461664569525464
5.0,1.0,5.0,2.0,1.0,2.0,2.078552641048783
5.0,1.0,5.0,4.0,1.0,2.0,2.1547630861444023
5.0,1.0,5.0,5.0,1.0,4.0,2.766882476874863
5.0,1.0,5.0,5.0,1.0,5.0,2.76688248288643
5.0,1.0,5.0,5.0,2.0,5.0,2.76688248957543
5.0,1.0,5.0,5.0,3.0,2.0,3.0428559518544955
5.0,1.0,5.0,5.0,3.0,3.0,3.167968544470314
5.0,1.0,5.0,5.0,4.0,5.0,3.712833003319581
5.0,1.0,5.0,5.0,5.0,1.0,2.263762832836339
5.0,1.0,5.0,5.0,5.0,4.0,3.8864467685760022
5.0,1.0,5.0,5.0,5.0,5.0,3.886446804730973
5.0,2.0,1.0,1.0,1.0,1.0,1.2859476012358737
5.0,2.0,1.0,1.0,1.0,2.0,1.5297341348258169
5.0,2.0,1.0,1.0,2.0,1.0,1.2860738392639308
5.0,2.0,1.0,2.0,1.0,2.0,1.7938356457560605
5.0,2.0,1.0,3.0,1.0,3.0,1.8620690348692663
5.0,2.0,1.0,3.0,2.0,1.0,1.6463345478888456
5.0,2.0,1.0,3.0,3.0,2.0,2.3486163594599083
5.0,2.0,1.0,3.0,4.0,1.0,1.6463345490146046
5.0,2.0,1.0,4.0,2.0,1.0,1.8047508580532778
5.0,2.0,1.0,4.0,3.0,2.0,2.4341166591275147
5.0,2.0,1.0,4.0,3.0,3.0,2.4341167051355614
5.0,2.0,1.0,5.0,1.0,2.0,1.7938356764488723
5.0,2.0,1.0,5.0,3.0,3.0,2.4341167376676185
5.0,2.0,1.0,5.0,3.0,4.0,2.4341167784439204
5.0,2.0,1.0,5.0,4.0,4.0,2.4341167883413917
5.0,2.0,1.0,5.0,5.0,4.0,3.0169883289513955
5.0,2.0,2.0,1.0,1.0,1.0,1.4648203051826916
5.0,2.0,2.0,1.0,2.0,1.0,1.4883864721969287
5.0,2.0,2.0,1.0,2.0,2.0,1.6828115173670632
5.0,2.0,2.0,1.0,3.0,1.0,1.4883864487030662
5.0,2.0,2.0,1.0,3.0,2.0,1.6828115172014362
5.0,2.0,2.0,1.0,3.0,3.0,1.7872709794017998
5.0,2.0,2.0,1.0,5.0,2.0,2.2846998916752934
5.0,2.0,2.0,2.0,1.0,2.0,2.0290271835510065
5.0,2.0,2.0,2.0,2.0,2.0,2.0290271965247086
5.0,2.0,2.0,2.0,2.0,3.0,2.1964468415563236
5.0,2.0,2.0,2.0,3.0,2.0,2.1683890637326053
5.0,2.0,2.0,2.0,3.0,3.0,2.402633789721149
5.0,2.0,2.0,3.0,2.0,1.0,2.1202040604106807
5.0,2.0,2.0,3.0,2.0,2.0,2.1202040353415246
5.0,2.0,2.0,3.0,2.0,5.0,2.44213460733962
5.0,2.0,2.0,3.0,3.0,1.0,2.1202041106048135
5.0,2.0,2.0,3.0,3.0,2.0,2.399812675254484
5.0,2.0,2.0,3.0,4.0,3.0,2.9904574390477867
5.0,2.0,2.0,4.0,1.0,2.0,2.2096912032456513
5.0,2.0,2.0,4.0,1.0,4.0,2.366750737768141
5.0,2.0,2.0,4.0,1.0,5.0,2.3667507465714825
5.0,2.0,2.0,4.0,2.0,3.0,2.510292987782241
5.0,2.0,2.0,4.0,3.0,3.0,2.8028884114778574
5.0,2.0,2.0,4.0,3.0,4.0,2.999406586685427
5.0,2.0,2.0,4.0,5.0,5.0,3.254707461566894
5.0,2.0,2.0,5.0,1.0,1.0,2.0285187888294574
5.0,2.0,2.0,5.0,1.0,4.0,2.517767371923604
5.0,2.0,2.0,5.0,1.0,5.0,2.9567941709355194
5.0,2.0,2.0,5.0,2.0,5.0,3.023687194511769
5.0,2.0,2.0,5.0,3.0,3.0,2.995036068392284
5.0,2.0,2.0,5.0,3.0,5.0,3.0371312802198034
5.0,2.0,2.0,5.0,4.0,4.0,2.9994065813347537
5.0,2.0,2.0,5.0,4.0,5.0,3.254707449009446
5.0,2.0,2.0,5.0,5.0,2.0,2.4341166687072904
5.0,2.0,2.0,5.0,5.0,3.0,3.011554072304854
5.0,2.0,2.0,5.0,5.0,4.0,3.163908986788788
5.0,2.0,2.0,5.0,5.0,5.0,3.2547074660761854
5.0,2.0,3.0,1.0,2.0,4.0,2.9049473323589057
5.0,2.0,3.0,1.0,3.0,2.0,2.0492631046538197
5.0,2.0,3.0,1.0,5.0,1.0,1.4883864281872856
5.0,2.0,3.0,2.0,2.0,1.0,2.0410567935537673
5.0,2.0,3.0,2.0,2.0,2.0,2.300798655832079
5.0,2.0,3.0,2.0,3.0,2.0,2.3007986734336945
5.0,2.0,3.0,2.0,3.0,3.0,2.712264917409582
5.0,2.0,3.0,2.0,4.0,3.0,2.788524650502842
5.0,2.0,3.0,2.0,4.0,4.0,3.3222669438357273
5.0,2.0,3.0,3.0,1.0,2.0,2.029027190628672
5.0,2.0,3.0,3.0,2.0,3.0,2.9809880173211902
5.0,2.0,3.0,3.0,3.0,1.0,2.5431635055929847
5.0,2.0,3.0,3.0,3.0,2.0,2.543163509059521
5.0,2.0,3.0,3.0,3.0,3.0,3.0402967265671736
5.0,2.0,3.0,3.0,3.0,5.0,3.0402967246855677
5.0,2.0,3.0,3.0,4.0,3.0,3.040296739365908
5.0,2.0,3.0,3.0,4.0,4.0,3.322266950151035
5.0,2.0,3.0,3.0,5.0,2.0,2.550486464061201
5.0,2.0,3.0,3.0,5.0,5.0,3.488068338428495
5.0,2.0,3.0,4.0,1.0,2.0,2.4070526822764693
5.0,2.0,3.0,4.0,1.0,3.0,2.6529352932002563
5.0,2.0,3.0,4.0,2.0,2.0,2.5426195101284037
5.0,2.0,3.0,4.0,2.0,4.0,3.01532935961674
5.0,2.0,3.0,4.0,3.0,1.0,2.543163517922418
5.0,2.0,3.0,4.0,3.0,3.0,3.246955041168648
5.0,2.0,3.0,4.0,4.0,3.0,3.4880683153745142
5.0,2.0,3.0,4.0,4.0,4.0,3.4880683199669047
5.0,2.0,3.0,4.0,4.0,5.0,3.4880683284271985
5.0,2.0,3.0,4.0,5.0,3.0,3.488068322911887
5.0,2.0,3.0,4.0,5.0,4.0,3.488068328775714
5.0,2.0,3.0,4.0,5.0,5.0,3.488068338620721
5.0,2.0,3.0,5.0,1.0,2.0,2.5426194863161284
5.0,2.0,3.0,5.0,1.0,3.0,2.6529352946213325
5.0,2.0,3.0,5.0,1.0,4.0,2.782512509835233
5.0,2.0,3.0,5.0,2.0,3.0,3.0039922896806215
5.0,2.0,3.0,5.0,3.0,2.0,2.999971989112189
5.0,2.0,3.0,5.0,3.0,3.0,3.2469550532820337
5.0,2.0,3.0,5.0,3.0,4.0,3.7913062091835723
5.0,2.0,3.0,5.0,3.0,5.0,3.98832612493576
5.0,2.0,3.0,5.0,4.0,1.0,2.5431635241965957
5.0,2.0,3.0,5.0,4.0,2.0,3.1284527774085236
5.0,2.0,3.0,5.0,4.0,3.0,3.4911625406979883
5.0,2.0,3.0,5.0,4.0,4.0,3.9832008301033066
5.0,2.0,3.0,5.0,4.0,5.0,3.988326133692563
5.0,2.0,3.0,5.0,5.0,4.0,3.990924899202941
5.0,2.0,3.0,5.0,5.0,5.0,4.21791510791862
5.0,2.0,4.0,1.0,3.0,2.0,2.822440058390367
5.0,2.0,4.0,2.0,2.0,1.0,2.0410568064945283
5.0,2.0,4.0,2.0,3.0,2.0,2.82244005398579
5.0,2.0,4.0,3.0,1.0,3.0,2.7825124996021042
5.0,2.0,4.0,3.0,3.0,3.0,3.040296719165901
5.0,2.0,4.0,3.0,4.0,3.0,3.3467365523261323
5.0,2.0,4.0,3.0,5.0,4.0,3.904292076141028
5.0,2.0,4.0,4.0,3.0,3.0,3.6325394583710517
5.0,2.0,4.0,4.0,3.0,4.0,3.632539457760357
5.0,2.0,4.0,4.0,4.0,2.0,3.0078856281460418
5.0,2.0,4.0,4.0,4.0,3.0,3.737007085147987
5.0,2.0,4.0,4.0,4.0,4.0,3.9877408883067074
5.0,2.0,4.0,4.0,5.0,4.0,3.9925508206235896
5.0,2.0,4.0,5.0,1.0,4.0,2.7825125117520493
5.0,2.0,4.0,5.0,2.0,3.0,3.6325394596092315
5.0,2.0,4.0,5.0,2.0,5.0,3.72047644058232
5.0,2.0,4.0,5.0,3.0,3.0,3.6325394658545425
5.0,2.0,4.0,5.0,3.0,4.0,3.9876871023261877
5.0,2.0,4.0,5.0,3.0,5.0,4.272284544740237
5.0,2.0,4.0,5.0,4.0,4.0,3.9961784690572477
5.0,2.0,4.0,5.0,4.0,5.0,4.272284558832134
5.0,2.0,4.0,5.0,5.0,4.0,4.315223277345696
5.0,2.0,4.0,5.0,5.0,5.0,4.315223266995846
5.0,2.0,5.0,3.0,2.0,3.0,3.0329550640047875
5.0,2.0,5.0,3.0,3.0,3.0,3.0402967175416094
5.0,2.0,5.0,3.0,4.0,4.0,3.8973653404839417
5.0,2.0,5.0,3.0,5.0,3.0,3.3467365570195238
5.0,2.0,5.0,4.0,2.0,4.0,3.7204764267844106
5.0,2.0,5.0,4.0,3.0,3.0,3.7370070772261013
5.0,2.0,5.0,4.0,4.0,3.0,3.7370070854552164
5.0,2.0,5.0,4.0,4.0,4.0,4.306187590401475
5.0,2.0,5.0,4.0,5.0,3.0,3.931439356748414
5.0,2.0,5.0,4.0,5.0,4.0,4.3318374995646876
5.0,2.0,5.0,4.0,5.0,5.0,4.331837514710052
5.0,2.0,5.0,5.0,1.0,1.0,2.8814821877938357
5.0,2.0,5.0,5.0,1.0,5.0,3.0881936848515887
5.0,2.0,5.0,5.0,2.0,4.0,3.7204764295335826
5.0,2.0,5.0,5.0,2.0,5.0,3.7204764437033266
5.0,2.0,5.0,5.0,3.0,4.0,3.9915681340736704
5.0,2.0,5.0,5.0,3.0,5.0,4.272284536692352
5.0,2.0,5.0,5.0,4.0,3.0,3.7370071000013407
5.0,2.0,5.0,5.0,4.0,4.0,4.35324935689851
5.0,2.0,5.0,5.0,4.0,5.0,4.396748112424564
5.0,2.0,5.0,5.0,5.0,3.0,3.999072906200385
5.0,2.0,5.0,5.0,5.0,4.0,4.353249368949388
5.0,2.0,5.0,5.0,5.0,5.0,4.676882873774353
5.0,3.0,1.0,1.0,1.0,1.0,1.2859753457634056
5.0,3.0,1.0,1.0,2.0,1.0,1.2860755051973125
5.0,3.0,1.0,1.0,2.0,2.0,1.529734143179759
5.0,3.0,1.0,1.0,3.0,1.0,1.3830266193640306
5.0,3.0,1.0,1.0,4.0,1.0,1.6636158076184495
5.0,3.0,1.0,2.0,1.0,1.0,1.2860044707433498
5.0,3.0,1.0,2.0,1.0,2.0,1.793835698577187
5.0,3.0,1.0,2.0,2.0,1.0,1.3019969221278138
5.0,3.0,1.0,2.0,2.0,2.0,2.0056759696446753
5.0,3.0,1.0,2.0,3.0,1.0,1.6636158255742055
5.0,3.0,1.0,2.0,3.0,2.0,2.0706159265444866
5.0,3.0,1.0,2.0,4.0,1.0,1.6636158203314946
5.0,3.0,1.0,3.0,1.0,1.0,1.3683046105443561
5.0,3.0,1.0,3.0,1.0,2.0,1.8620690464346294
5.0,3.0,1.0,3.0,1.0,3.0,1.8620690580189523
5.0,3.0,1.0,3.0,1.0,4.0,1.8620690772718897
5.0,3.0,1.0,3.0,2.0,1.0,1.6636158484326522
5.0,3.0,1.0,3.0,3.0,1.0,1.6636158329192519
5.0,3.0,1.0,3.0,4.0,1.0,1.6636158210125502
5.0,3.0,1.0,3.0,5.0,5.0,3.019903309020429
5.0,3.0,1.0,4.0,1.0,1.0,1.4192314941954185
5.0,3.0,1.0,4.0,1.0,2.0,1.8620690624132374
5.0,3.0,1.0,4.0,1.0,3.0,1.8620690608703825
5.0,3.0,1.0,4.0,2.0,3.0,2.241016168083263
5.0,3.0,1.0,4.0,4.0,3.0,2.7997788315908165
5.0,3.0,1.0,5.0,1.0,1.0,1.7938357443999575
5.0,3.0,1.0,5.0,1.0,3.0,1.8620690705167413
5.0,3.0,1.0,5.0,1.0,5.0,2.2780017070327667
5.0,3.0,1.0,5.0,2.0,4.0,2.8000599047790597
5.0,3.0,1.0,5.0,3.0,1.0,2.038506519475664
5.0,3.0,1.0,5.0,3.0,3.0,2.6650167088117396
5.0,3.0,1.0,5.0,3.0,4.0,2.9991832365107904
5.0,3.0,1.0,5.0,3.0,5.0,3.0199033302328213
5.0,3.0,1.0,5.0,4.0,4.0,3.012627322639991
5.0,3.0,1.0,5.0,4.0,5.0,3.0199033282832715
5.0,3.0,1.0,5.0,5.0,1.0,2.3449974190493728
5.0,3.0,1.0,5.0,5.0,4.0,3.0199033249693756
5.0,3.0,1.0,5.0,5.0,5.0,3.0199033223105154
5.0,3.0,2.0,1.0,1.0,1.0,1.4648203325686804
5.0,3.0,2.0,1.0,2.0,1.0,1.4883865010171102
5.0,3.0,2.0,1.0,2.0,2.0,1.8763145045895842
5.0,3.0,2.0,1.0,3.0,1.0,1.6832255207100462
5.0,3.0,2.0,1.0,3.0,2.0,1.8763145147915798
5.0,3.0,2.0,1.0,3.0,3.0,2.1913756287751007
5.0,3.0,2.0,1.0,4.0,1.0,2.0239890522337105
5.0,3.0,2.0,1.0,4.0,3.0,2.191375629216452
5.0,3.0,2.0,2.0,1.0,1.0,1.7240082363350293
5.0,3.0,2.0,2.0,1.0,2.0,2.2096912184540036
5.0,3.0,2.0,2.0,1.0,3.0,2.4998463673653735
5.0,3.0,2.0,2.0,2.0,1.0,2.0039944390002917
5.0,3.0,2.0,2.0,2.0,2.0,2.20969123101744
5.0,3.0,2.0,2.0,3.0,1.0,2.120204143618425
5.0,3.0,2.0,2.0,3.0,2.0,2.2096912577442716
5.0,3.0,2.0,2.0,3.0,3.0,2.507159929145865
5.0,3.0,2.0,2.0,3.0,5.0,2.5120142302068107
5.0,3.0,2.0,2.0,4.0,2.0,2.2096912655888845
5.0,3.0,2.0,2.0,4.0,3.0,2.5152382259080044
5.0,3.0,2.0,2.0,4.0,4.0,2.712265604159946
5.0,3.0,2.0,2.0,5.0,2.0,2.284699897437077
5.0,3.0,2.0,2.0,5.0,3.0,2.9953234490144176
5.0,3.0,2.0,3.0,1.0,1.0,2.005804577717443
5.0,3.0,2.0,3.0,1.0,2.0,2.2096912177826296
5.0,3.0,2.0,3.0,1.0,3.0,2.517767337330573
5.0,3.0,2.0,3.0,2.0,2.0,2.304448490299807
5.0,3.0,2.0,3.0,2.0,3.0,2.689796732745155
5.0,3.0,2.0,3.0,3.0,1.0,2.120204144391468
5.0,3.0,2.0,3.0,3.0,2.0,2.666934112065715
5.0,3.0,2.0,3.0,3.0,3.0,2.7995952977527168
5.0,3.0,2.0,3.0,4.0,2.0,2.7068981612803062
5.0,3.0,2.0,3.0,4.0,3.0,2.9967713646328726
5.0,3.0,2.0,3.0,5.0,3.0,3.001196942718423
5.0,3.0,2.0,4.0,1.0,2.0,2.209691218575693
5.0,3.0,2.0,4.0,2.0,2.0,2.3044484847290105
5.0,3.0,2.0,4.0,2.0,3.0,2.764491592316711
5.0,3.0,2.0,4.0,2.0,4.0,2.764491602027843
5.0,3.0,2.0,4.0,3.0,2.0,2.6669341227163468
5.0,3.0,2.0,4.0,3.0,3.0,2.8028884126525693
5.0,3.0,2.0,4.0,3.0,4.0,3.3286755445539584
5.0,3.0,2.0,4.0,4.0,1.0,2.176025742283933
5.0,3.0,2.0,4.0,4.0,2.0,2.706898175479917
5.0,3.0,2.0,4.0,4.0,3.0,3.0505511112530286
5.0,3.0,2.0,4.0,4.0,4.0,3.3286755684296696
5.0,3.0,2.0,4.0,4.0,5.0,3.5018536874130777
5.0,3.0,2.0,4.0,5.0,3.0,3.0505511206765075
5.0,3.0,2.0,4.0,5.0,4.0,3.328675584098771
5.0,3.0,2.0,4.0,5.0,5.0,3.5018536971451564
5.0,3.0,2.0,5.0,1.0,2.0,2.304448462621674
5.0,3.0,2.0,5.0,1.0,3.0,2.5177673622861247
5.0,3.0,2.0,5.0,1.0,4.0,2.5177673791574784
5.0,3.0,2.0,5.0,1.0,5.0,2.9567941629897545
5.0,3.0,2.0,5.0,2.0,1.0,2.120204076031479
5.0,3.0,2.0,5.0,2.0,2.0,2.304448495619414
5.0,3.0,2.0,5.0,2.0,3.0,3.1596254813150244
5.0,3.0,2.0,5.0,3.0,2.0,2.7068981826581124
5.0,3.0,2.0,5.0,3.0,3.0,3.1596254903524446
5.0,3.0,2.0,5.0,3.0,4.0,3.440644227361668
5.0,3.0,2.0,5.0,3.0,5.0,3.4406442530075894
5.0,3.0,2.0,5.0,4.0,2.0,2.7068981927821336
5.0,3.0,2.0,5.0,4.0,3.0,3.1692453479164633
5.0,3.0,2.0,5.0,4.0,4.0,3.440644224949647
5.0,3.0,2.0,5.0,4.0,5.0,3.6663149228922087
5.0,3.0,2.0,5.0,5.0,3.0,3.1692453601424004
5.0,3.0,2.0,5.0,5.0,4.0,3.4406442444981487
5.0,3.0,2.0,5.0,5.0,5.0,3.6663149292744404
5.0,3.0,3.0,1.0,1.0,1.0,1.6832255021464684
5.0,3.0,3.0,1.0,1.0,3.0,2.1508206704181356
5.0,3.0,3.0,1.0,1.0,5.0,2.150820677549221
5.0,3.0,3.0,1.0,2.0,1.0,1.6832255237591767
5.0,3.0,3.0,1.0,2.0,2.0,2.2705885425683685
5.0,3.0,3.0,1.0,3.0,1.0,1.683225527632535
5.0,3.0,3.0,1.0,3.0,3.0,2.479159823956095
5.0,3.0,3.0,1.0,4.0,1.0,2.1264005620622624
5.0,3.0,3.0,1.0,4.0,2.0,2.2705885632165193
5.0,3.0,3.0,1.0,5.0,1.0,2.126400572157492
5.0,3.0,3.0,1.0,5.0,3.0,2.4791598317386727
5.0,3.0,3.0,2.0,1.0,1.0,2.104554667985359
5.0,3.0,3.0,2.0,1.0,2.0,2.3195869960115347
5.0,3.0,3.0,2.0,1.0,3.0,2.6529352893997578
5.0,3.0,3.0,2.0,2.0,1.0,2.2637628214462446
5.0,3.0,3.0,2.0,2.0,2.0,2.5620729926855264
5.0,3.0,3.0,2.0,2.0,3.0,2.7486110255992973
5.0,3.0,3.0,2.0,3.0,1.0,2.2637628184692717
5.0,3.0,3.0,2.0,3.0,2.0,2.638389433838533
5.0,3.0,3.0,2.0,3.0,3.0,2.7885246653016176
5.0,3.0,3.0,2.0,4.0,1.0,2.263762825310022
5.0,3.0,3.0,2.0,4.0,2.0,2.638389426169562
5.0,3.0,3.0,2.0,4.0,3.0,2.7885246625960667
5.0,3.0,3.0,2.0,4.0,4.0,3.322266951440088
5.0,3.0,3.0,2.0,5.0,2.0,2.6383894215872488
5.0,3.0,3.0,2.0,5.0,3.0,3.017109604006219
5.0,3.0,3.0,2.0,5.0,4.0,3.3487069007179917
5.0,3.0,3.0,2.0,5.0,5.0,3.3487069078869607
5.0,3.0,3.0,3.0,1.0,1.0,2.1045546816504292
5.0,3.0,3.0,3.0,1.0,2.0,2.3648476791189577
5.0,3.0,3.0,3.0,1.0,3.0,2.6529353003644944
5.0,3.0,3.0,3.0,1.0,4.0,2.766882494657268
5.0,3.0,3.0,3.0,2.0,1.0,2.2637628262483296
5.0,3.0,3.0,3.0,2.0,2.0,2.56207300467114
5.0,3.0,3.0,3.0,2.0,3.0,2.997836903145601
5.0,3.0,3.0,3.0,2.0,4.0,3.2346225468780707
5.0,3.0,3.0,3.0,3.0,1.0,2.543163517932459
5.0,3.0,3.0,3.0,3.0,2.0,2.7057471534945834
5.0,3.0,3.0,3.0,3.0,3.0,3.205308167063585
5.0,3.0,3.0,3.0,3.0,4.0,3.5443615872772254
5.0,3.0,3.0,3.0,3.0,5.0,3.544361607435809
5.0,3.0,3.0,3.0,4.0,1.0,2.5431635303352182
5.0,3.0,3.0,3.0,4.0,2.0,2.998537302028214
5.0,3.0,3.0,3.0,4.0,3.0,3.445560800560361
5.0,3.0,3.0,3.0,4.0,4.0,3.5443615953841068
5.0,3.0,3.0,3.0,4.0,5.0,3.9363122336546095
5.0,3.0,3.0,3.0,5.0,3.0,3.445560821387735
5.0,3.0,3.0,3.0,5.0,4.0,3.5443615942522113
5.0,3.0,3.0,3.0,5.0,5.0,3.9363122563597908
5.0,3.0,3.0,4.0,1.0,2.0,2.599938942398764
5.0,3.0,3.0,4.0,1.0,3.0,2.652935304691437
5.0,3.0,3.0,4.0,1.0,4.0,2.7668824959604716
5.0,3.0,3.0,4.0,2.0,2.0,2.63733532559272
5.0,3.0,3.0,4.0,2.0,3.0,3.2162148434489675
5.0,3.0,3.0,4.0,2.0,4.0,3.469060131391654
5.0,3.0,3.0,4.0,3.0,1.0,2.543163523139554
5.0,3.0,3.0,4.0,3.0,2.0,2.800173298510058
5.0,3.0,3.0,4.0,3.0,3.0,3.501858460494848
5.0,3.0,3.0,4.0,3.0,4.0,3.795902856024148
5.0,3.0,3.0,4.0,3.0,5.0,3.9363122210137704
5.0,3.0,3.0,4.0,4.0,2.0,3.0372439138140526
5.0,3.0,3.0,4.0,4.0,3.0,3.5113569559416935
5.0,3.0,3.0,4.0,4.0,4.0,3.8595123698734293
5.0,3.0,3.0,4.0,4.0,5.0,3.9363122198075082
5.0,3.0,3.0,4.0,5.0,1.0,2.5431635415093776
5.0,3.0,3.0,4.0,5.0,3.0,3.5113569822411597
5.0,3.0,3.0,4.0,5.0,4.0,3.9205418038165902
5.0,3.0,3.0,4.0,5.0,5.0,4.368312378947399
5.0,3.0,3.0,5.0,1.0,1.0,2.242621994696601
5.0,3.0,3.0,5.0,1.0,2.0,2.652935308455422
5.0,3.0,3.0,5.0,1.0,3.0,2.652935324030658
5.0,3.0,3.0,5.0,1.0,4.0,2.864608932392793
5.0,3.0,3.0,5.0,1.0,5.0,2.9567941427966566
5.0,3.0,3.0,5.0,2.0,2.0,2.6773162649964037
5.0,3.0,3.0,5.0,2.0,3.0,3.2162148478437103
5.0,3.0,3.0,5.0,2.0,4.0,3.469060128181368
5.0,3.0,3.0,5.0,2.0,5.0,3.469060141269854
5.0,3.0,3.0,5.0,3.0,1.0,2.543163534907994
5.0,3.0,3.0,5.0,3.0,2.0,3.100729822809982
5.0,3.0,3.0,5.0,3.0,3.0,3.501858498424126
5.0,3.0,3.0,5.0,3.0,4.0,3.7959028733793954
5.0,3.0,3.0,5.0,3.0,5.0,3.998029482952699
5.0,3.0,3.0,5.0,4.0,1.0,2.5431635376535824
5.0,3.0,3.0,5.0,4.0,2.0,3.1284528050587435
5.0,3.0,3.0,5.0,4.0,3.0,3.682662250222788
5.0,3.0,3.0,5.0,4.0,4.0,4.045409779504087
5.0,3.0,3.0,5.0,4.0,5.0,4.406131344060774
5.0,3.0,3.0,5.0,5.0,1.0,2.5431635537036312
5.0,3.0,3.0,5.0,5.0,2.0,3.128452834004462
5.0,3.0,3.0,5.0,5.0,3.0,3.8047274414007237
5.0,3.0,3.0,5.0,5.0,4.0,4.158188964246982
5.0,3.0,3.0,5.0,5.0,5.0,4.539244882502893
5.0,3.0,4.0,1.0,3.0,5.0,3.2304158609253464
5.0,3.0,4.0,1.0,5.0,4.0,3.470806130019778
5.0,3.0,4.0,2.0,1.0,2.0,2.659266403806125
5.0,3.0,4.0,2.0,2.0,2.0,2.659266409253767
5.0,3.0,4.0,2.0,2.0,3.0,2.748610992723986
5.0,3.0,4.0,2.0,3.0,2.0,2.8224400619310055
5.0,3.0,4.0,2.0,3.0,3.0,3.3377001380677407
5.0,3.0,4.0,2.0,3.0,4.0,3.41289603673677
5.0,3.0,4.0,2.0,3.0,5.0,3.412896050814484
5.0,3.0,4.0,2.0,4.0,1.0,2.881996451931858
5.0,3.0,4.0,2.0,4.0,2.0,3.0004869289086957
5.0,3.0,4.0,2.0,4.0,3.0,3.337700142628663
5.0,3.0,4.0,2.0,5.0,5.0,3.47080613892373
5.0,3.0,4.0,3.0,1.0,1.0,2.4582936078019015
5.0,3.0,4.0,3.0,1.0,2.0,2.822869858083608
5.0,3.0,4.0,3.0,2.0,3.0,3.08241304267284
5.0,3.0,4.0,3.0,3.0,2.0,3.128452704362944
5.0,3.0,4.0,3.0,3.0,3.0,3.383773328896426
5.0,3.0,4.0,3.0,3.0,4.0,3.882238206366697
5.0,3.0,4.0,3.0,4.0,3.0,3.613128823831719
5.0,3.0,4.0,3.0,4.0,4.0,3.8973653580198735
5.0,3.0,4.0,3.0,5.0,3.0,3.6131288645867725
5.0,3.0,4.0,3.0,5.0,4.0,3.904292091932919
5.0,3.0,4.0,3.0,5.0,5.0,4.421781257004122
5.0,3.0,4.0,4.0,1.0,4.0,3.163127951699745
5.0,3.0,4.0,4.0,2.0,3.0,3.346441236099793
5.0,3.0,4.0,4.0,2.0,4.0,3.617448318046182
5.0,3.0,4.0,4.0,2.0,5.0,3.617448322174294
5.0,3.0,4.0,4.0,3.0,2.0,3.128452729858357
5.0,3.0,4.0,4.0,3.0,3.0,3.7370070456529008
5.0,3.0,4.0,4.0,3.0,4.0,3.952834041125737
5.0,3.0,4.0,4.0,3.0,5.0,4.178639292303014
5.0,3.0,4.0,4.0,4.0,2.0,3.1284527420208597
5.0,3.0,4.0,4.0,4.0,3.0,3.737007092533671
5.0,3.0,4.0,4.0,4.0,4.0,4.1731584686878875
5.0,3.0,4.0,4.0,4.0,5.0,4.291886512157158
5.0,3.0,4.0,4.0,5.0,3.0,3.762626138215314
5.0,3.0,4.0,4.0,5.0,4.0,4.221369991069085
5.0,3.0,4.0,4.0,5.0,5.0,4.5740858367554855
5.0,3.0,4.0,5.0,1.0,2.0,2.8228698867434208
5.0,3.0,4.0,5.0,1.0,3.0,2.822869902105168
5.0,3.0,4.0,5.0,1.0,4.0,3.351703477100417
5.0,3.0,4.0,5.0,1.0,5.0,3.351703488286747
5.0,3.0,4.0,5.0,2.0,3.0,3.679298222465995
5.0,3.0,4.0,5.0,2.0,4.0,3.7570583580354424
5.0,3.0,4.0,5.0,2.0,5.0,3.927535329184861
5.0,3.0,4.0,5.0,3.0,2.0,3.128452745882249
5.0,3.0,4.0,5.0,3.0,3.0,3.8315978706532525
5.0,3.0,4.0,5.0,3.0,4.0,4.2090176363337015
5.0,3.0,4.0,5.0,3.0,5.0,4.414496066871542
5.0,3.0,4.0,5.0,4.0,2.0,3.128452763692904
5.0,3.0,4.0,5.0,4.0,3.0,3.9150410577375063
5.0,3.0,4.0,5.0,4.0,4.0,4.3086501622291475
5.0,3.0,4.0,5.0,4.0,5.0,4.505323709206383
5.0,3.0,4.0,5.0,5.0,3.0,3.915041080775846
5.0,3.0,4.0,5.0,5.0,4.0,4.442420569488513
5.0,3.0,4.0,5.0,5.0,5.0,4.698773042440715
5.0,3.0,5.0,1.0,2.0,1.0,2.0461664683309597
5.0,3.0,5.0,2.0,2.0,2.0,2.6592664156631245
5.0,3.0,5.0,2.0,5.0,2.0,3.2396933568895108
5.0,3.0,5.0,2.0,5.0,3.0,3.509403574921571
5.0,3.0,5.0,3.0,1.0,4.0,3.3280047262300045
5.0,3.0,5.0,3.0,3.0,2.0,3.128452698930221
5.0,3.0,5.0,3.0,3.0,3.0,3.66207697021657
5.0,3.0,5.0,3.0,3.0,4.0,3.882238217459485
5.0,3.0,5.0,3.0,4.0,3.0,3.79934243398129
5.0,3.0,5.0,3.0,4.0,4.0,3.897365360201454
5.0,3.0,5.0,3.0,4.0,5.0,4.0085554174638744
5.0,3.0,5.0,3.0,5.0,3.0,3.7993424486133214
5.0,3.0,5.0,3.0,5.0,4.0,3.9042920980517324
5.0,3.0,5.0,3.0,5.0,5.0,4.425139347859815
5.0,3.0,5.0,4.0,2.0,3.0,3.7204764199460225
5.0,3.0,5.0,4.0,2.0,4.0,3.7204764308209244
5.0,3.0,5.0,4.0,3.0,3.0,3.8556388937895743
5.0,3.0,5.0,4.0,3.0,4.0,3.9976961937506528
5.0,3.0,5.0,4.0,3.0,5.0,4.178639304396636
5.0,3.0,5.0,4.0,4.0,3.0,3.9314393563343195
5.0,3.0,5.0,4.0,4.0,4.0,4.306187593849018
5.0,3.0,5.0,4.0,4.0,5.0,4.55126762387347
5.0,3.0,5.0,4.0,5.0,3.0,3.931439358234312
5.0,3.0,5.0,4.0,5.0,4.0,4.3318374906989705
5.0,3.0,5.0,4.0,5.0,5.0,4.749732386424426
5.0,3.0,5.0,5.0,1.0,5.0,3.723111127709952
5.0,3.0,5.0,5.0,2.0,3.0,3.7570583741466033
5.0,3.0,5.0,5.0,2.0,4.0,3.757058363662477
5.0,3.0,5.0,5.0,2.0,5.0,3.997700709854711
5.0,3.0,5.0,5.0,3.0,1.0,3.0399745100016062
5.0,3.0,5.0,5.0,3.0,3.0,4.026627466149483
5.0,3.0,5.0,5.0,3.0,4.0,4.31857423395029
5.0,3.0,5.0,5.0,3.0,5.0,4.646310048963526
5.0,3.0,5.0,5.0,4.0,3.0,4.129674328573016
5.0,3.0,5.0,5.0,4.0,4.0,4.4732807668857015
5.0,3.0,5.0,5.0,4.0,5.0,4.768193841959651
5.0,3.0,5.0,5.0,5.0,2.0,3.5193288988227978
5.0,3.0,5.0,5.0,5.0,3.0,4.265130966517985
5.0,3.0,5.0,5.0,5.0,4.0,4.511574761608525
5.0,3.0,5.0,5.0,5.0,5.0,4.842308029691396
5.0,4.0,1.0,1.0,1.0,1.0,1.3239541881056813
5.0,4.0,1.0,1.0,1.0,2.0,1.5297341409425633
5.0,4.0,1.0,1.0,1.0,3.0,1.8806544537258358
5.0,4.0,1.0,1.0,2.0,1.0,1.3239541909142807
5.0,4.0,1.0,1.0,3.0,1.0,1.3830266469782997
5.0,4.0,1.0,1.0,3.0,2.0,1.5297341499659847
5.0,4.0,1.0,1.0,4.0,1.0,1.7976850207437314
5.0,4.0,1.0,1.0,4.0,2.0,1.7976850193522085
5.0,4.0,1.0,1.0,4.0,4.0,1.8806544530766338
5.0,4.0,1.0,1.0,5.0,2.0,1.954803018979523
5.0,4.0,1.0,2.0,1.0,1.0,1.3836180899909192
5.0,4.0,1.0,2.0,1.0,3.0,1.8806544707123536
5.0,4.0,1.0,2.0,2.0,2.0,2.00567597062916
5.0,4.0,1.0,2.0,3.0,1.0,1.6816443837913915
5.0,4.0,1.0,2.0,3.0,2.0,2.2991985753005353
5.0,4.0,1.0,2.0,4.0,1.0,2.036754517125251
5.0,4.0,1.0,3.0,1.0,1.0,1.6636158827069851
5.0,4.0,1.0,3.0,2.0,1.0,1.6636158602099484
5.0,4.0,1.0,3.0,3.0,1.0,1.8742795453160228
5.0,4.0,1.0,3.0,3.0,4.0,2.9816788291717287
5.0,4.0,1.0,3.0,4.0,1.0,2.0367545383276036
5.0,4.0,1.0,3.0,4.0,2.0,2.3486163776257496
5.0,4.0,1.0,3.0,5.0,1.0,2.0367545571166534
5.0,4.0,1.0,3.0,5.0,2.0,2.3486163934851834
5.0,4.0,1.0,4.0,1.0,1.0,1.6636159123749183
5.0,4.0,1.0,4.0,1.0,3.0,1.8806544769893438
5.0,4.0,1.0,4.0,1.0,4.0,2.0705505075896786
5.0,4.0,1.0,4.0,2.0,2.0,2.1402286143025036
5.0,4.0,1.0,4.0,3.0,1.0,1.8742795547252276
5.0,4.0,1.0,4.0,3.0,3.0,2.799778834018063
5.0,4.0,1.0,4.0,3.0,4.0,3.019903296746632
5.0,4.0,1.0,4.0,4.0,3.0,2.7997788338248055
5.0,4.0,1.0,4.0,4.0,4.0,3.019903308750108
5.0,4.0,1.0,5.0,1.0,1.0,1.7938358343390346
5.0,4.0,1.0,5.0,1.0,2.0,1.8620690712732997
5.0,4.0,1.0,5.0,1.0,4.0,2.2383271090874834
5.0,4.0,1.0,5.0,3.0,1.0,2.0543116361136944
5.0,4.0,1.0,5.0,4.0,1.0,2.0543116550783824
5.0,4.0,1.0,5.0,4.0,2.0,2.799778841558092
5.0,4.0,1.0,5.0,4.0,4.0,3.336531233512626
5.0,4.0,1.0,5.0,4.0,5.0,3.336531233971507
5.0,4.0,1.0,5.0,5.0,3.0,2.7997788445705956
5.0,4.0,1.0,5.0,5.0,5.0,3.336531257238818
5.0,4.0,2.0,1.0,1.0,1.0,1.4648203758060057
5.0,4.0,2.0,1.0,2.0,1.0,1.755787657626497
5.0,4.0,2.0,1.0,3.0,1.0,1.7557876884599428
5.0,4.0,2.0,1.0,3.0,2.0,2.011223996311584
5.0,4.0,2.0,1.0,4.0,1.0,2.02398905719676
5.0,4.0,2.0,1.0,4.0,2.0,2.023989062432309
5.0,4.0,2.0,1.0,4.0,3.0,2.2082342623999383
5.0,4.0,2.0,1.0,5.0,3.0,2.2846999021717376
5.0,4.0,2.0,2.0,1.0,1.0,1.7240082348846186
5.0,4.0,2.0,2.0,1.0,2.0,2.2096912264355195
5.0,4.0,2.0,2.0,2.0,1.0,2.010670585308115
5.0,4.0,2.0,2.0,2.0,2.0,2.2991985378648327
5.0,4.0,2.0,2.0,2.0,3.0,2.4998463805504656
5.0,4.0,2.0,2.0,3.0,1.0,2.120204165221986
5.0,4.0,2.0,2.0,3.0,2.0,2.299198566856086
5.0,4.0,2.0,2.0,3.0,3.0,2.507159937260427
5.0,4.0,2.0,2.0,4.0,2.0,2.2991985691521126
5.0,4.0,2.0,2.0,4.0,4.0,2.7122656164503307
5.0,4.0,2.0,3.0,1.0,1.0,2.020097456571376
5.0,4.0,2.0,3.0,1.0,3.0,2.517767330289366
5.0,4.0,2.0,3.0,2.0,2.0,2.4751976002338494
5.0,4.0,2.0,3.0,2.0,3.0,2.764491622480501
5.0,4.0,2.0,3.0,3.0,1.0,2.120204176284244
5.0,4.0,2.0,3.0,3.0,2.0,2.6669341395817674
5.0,4.0,2.0,3.0,3.0,3.0,2.79959529963772
5.0,4.0,2.0,3.0,3.0,4.0,3.0027413827063087
5.0,4.0,2.0,3.0,4.0,1.0,2.2907025822223157
5.0,4.0,2.0,3.0,4.0,2.0,2.7068981595643313
5.0,4.0,2.0,3.0,4.0,3.0,3.0290708988513453
5.0,4.0,2.0,3.0,4.0,4.0,3.1441629897359005
5.0,4.0,2.0,3.0,5.0,5.0,3.1441630020043507
5.0,4.0,2.0,4.0,1.0,2.0,2.2096912289368404
5.0,4.0,2.0,4.0,1.0,3.0,2.517767340046618
5.0,4.0,2.0,4.0,1.0,4.0,2.5177673748944316
5.0,4.0,2.0,4.0,2.0,2.0,2.5853218606889796
5.0,4.0,2.0,4.0,2.0,3.0,2.7644916095080947
5.0,4.0,2.0,4.0,3.0,1.0,2.3560050602366203
5.0,4.0,2.0,4.0,3.0,2.0,2.6669341390200745
5.0,4.0,2.0,4.0,3.0,3.0,2.9658294651836363
5.0,4.0,2.0,4.0,3.0,4.0,3.4128132694645785
5.0,4.0,2.0,4.0,4.0,1.0,2.356005069211902
5.0,4.0,2.0,4.0,4.0,2.0,2.754853352802196
5.0,4.0,2.0,4.0,4.0,3.0,3.198444350741172
5.0,4.0,2.0,4.0,4.0,4.0,3.412813268222802
5.0,4.0,2.0,4.0,4.0,5.0,3.676102315707935
5.0,4.0,2.0,4.0,5.0,2.0,2.8104106182104927
5.0,4.0,2.0,4.0,5.0,3.0,3.332513961136976
5.0,4.0,2.0,4.0,5.0,4.0,3.676102326207525
5.0,4.0,2.0,4.0,5.0,5.0,3.6761023212635493
5.0,4.0,2.0,5.0,1.0,2.0,2.5013341471078987
5.0,4.0,2.0,5.0,1.0,3.0,2.517767367191923
5.0,4.0,2.0,5.0,1.0,4.0,2.5177673864502204
5.0,4.0,2.0,5.0,2.0,2.0,2.7215693105062053
5.0,4.0,2.0,5.0,2.0,3.0,3.2368965215383545
5.0,4.0,2.0,5.0,2.0,5.0,3.236896549237482
5.0,4.0,2.0,5.0,3.0,1.0,2.5131723798391055
5.0,4.0,2.0,5.0,3.0,2.0,2.7269988404680503
5.0,4.0,2.0,5.0,3.0,3.0,3.272009271062791
5.0,4.0,2.0,5.0,3.0,4.0,3.4406442447209793
5.0,4.0,2.0,5.0,3.0,5.0,3.4406442599107816
5.0,4.0,2.0,5.0,4.0,2.0,2.810410618454042
5.0,4.0,2.0,5.0,4.0,3.0,3.272009273179353
5.0,4.0,2.0,5.0,4.0,4.0,3.4967074226015065
5.0,4.0,2.0,5.0,4.0,5.0,3.7395141559762433
5.0,4.0,2.0,5.0,5.0,2.0,2.8104106242361304
5.0,4.0,2.0,5.0,5.0,3.0,3.4443333733703776
5.0,4.0,2.0,5.0,5.0,4.0,3.9926994923436774
5.0,4.0,2.0,5.0,5.0,5.0,4.344695205726905
5.0,4.0,3.0,1.0,1.0,1.0,2.1045546462324465
5.0,4.0,3.0,1.0,1.0,2.0,2.10455464619928
5.0,4.0,3.0,1.0,1.0,3.0,2.150820687534952
5.0,4.0,3.0,1.0,2.0,1.0,2.126400520624883
5.0,4.0,3.0,1.0,2.0,2.0,2.4679849501965245
5.0,4.0,3.0,1.0,3.0,1.0,2.1264005396059256
5.0,4.0,3.0,1.0,3.0,2.0,2.4679849565863465
5.0,4.0,3.0,1.0,3.0,3.0,2.850058472858399
5.0,4.0,3.0,1.0,4.0,1.0,2.12640056677816
5.0,4.0,3.0,1.0,4.0,2.0,2.467984964445255
5.0,4.0,3.0,1.0,4.0,3.0,2.85005847792549
5.0,4.0,3.0,1.0,4.0,4.0,2.904947339862326
5.0,4.0,3.0,2.0,1.0,1.0,2.104554669459212
5.0,4.0,3.0,2.0,1.0,2.0,2.3584849126938296
5.0,4.0,3.0,2.0,2.0,1.0,2.333115606781359
5.0,4.0,3.0,2.0,2.0,2.0,2.5620730086142873
5.0,4.0,3.0,2.0,2.0,3.0,2.748611068468577
5.0,4.0,3.0,2.0,2.0,4.0,3.3487069127307714
5.0,4.0,3.0,2.0,3.0,1.0,2.5431635094317873
5.0,4.0,3.0,2.0,3.0,2.0,2.6553981330202774
5.0,4.0,3.0,2.0,3.0,3.0,2.89110000967945
5.0,4.0,3.0,2.0,3.0,4.0,3.3487069114020036
5.0,4.0,3.0,2.0,4.0,2.0,2.802656614057985
5.0,4.0,3.0,2.0,4.0,3.0,3.212424500149643
5.0,4.0,3.0,2.0,4.0,4.0,3.348706912823882
5.0,4.0,3.0,2.0,4.0,5.0,3.4055049131412662
5.0,4.0,3.0,2.0,5.0,3.0,3.21242452049357
5.0,4.0,3.0,2.0,5.0,4.0,3.3487069068051953
5.0,4.0,3.0,2.0,5.0,5.0,3.405504928173867
5.0,4.0,3.0,3.0,1.0,2.0,2.5789296031246267
5.0,4.0,3.0,3.0,1.0,3.0,2.804579474069821
5.0,4.0,3.0,3.0,1.0,4.0,2.956794062094927
5.0,4.0,3.0,3.0,2.0,2.0,2.578929608029563
5.0,4.0,3.0,3.0,2.0,3.0,3.0824702070016574
5.0,4.0,3.0,3.0,2.0,4.0,3.626489636901688
5.0,4.0,3.0,3.0,2.0,5.0,3.6264896582779227
5.0,4.0,3.0,3.0,3.0,1.0,2.543163525518847
5.0,4.0,3.0,3.0,3.0,2.0,2.8047084945336027
5.0,4.0,3.0,3.0,3.0,3.0,3.2220127900440647
5.0,4.0,3.0,3.0,3.0,4.0,3.6264896249595004
5.0,4.0,3.0,3.0,3.0,5.0,3.949134226668541
5.0,4.0,3.0,3.0,4.0,1.0,2.7902761547794155
5.0,4.0,3.0,3.0,4.0,2.0,3.000955951863112
5.0,4.0,3.0,3.0,4.0,3.0,3.4455608297747147
5.0,4.0,3.0,3.0,4.0,4.0,3.7005002340618782
5.0,4.0,3.0,3.0,4.0,5.0,3.987718171613884
5.0,4.0,3.0,3.0,5.0,2.0,3.095795799082596
5.0,4.0,3.0,3.0,5.0,3.0,3.445560831867172
5.0,4.0,3.0,3.0,5.0,4.0,3.7754353354974666
5.0,4.0,3.0,3.0,5.0,5.0,3.9968083497525866
5.0,4.0,3.0,4.0,1.0,2.0,2.5999389487459483
5.0,4.0,3.0,4.0,1.0,3.0,2.956794063660676
5.0,4.0,3.0,4.0,1.0,4.0,2.9567940758899725
5.0,4.0,3.0,4.0,1.0,5.0,2.9567941000548483
5.0,4.0,3.0,4.0,2.0,2.0,2.672232258710351
5.0,4.0,3.0,4.0,2.0,3.0,3.236896467006544
5.0,4.0,3.0,4.0,2.0,4.0,3.669791697451012
5.0,4.0,3.0,4.0,3.0,1.0,2.7902761233843667
5.0,4.0,3.0,4.0,3.0,2.0,2.928372671812323
5.0,4.0,3.0,4.0,3.0,3.0,3.5018584741775465
5.0,4.0,3.0,4.0,3.0,4.0,3.890557534812245
5.0,4.0,3.0,4.0,3.0,5.0,3.9491342117245547
5.0,4.0,3.0,4.0,4.0,2.0,3.0372439265600506
5.0,4.0,3.0,4.0,4.0,3.0,3.570992653914356
5.0,4.0,3.0,4.0,4.0,4.0,4.053438558170181
5.0,4.0,3.0,4.0,4.0,5.0,4.281742778525901
5.0,4.0,3.0,4.0,5.0,2.0,3.095795809031465
5.0,4.0,3.0,4.0,5.0,3.0,3.571123998181634
5.0,4.0,3.0,4.0,5.0,4.0,4.1950162429562665
5.0,4.0,3.0,4.0,5.0,5.0,4.368312400527021
5.0,4.0,3.0,5.0,1.0,1.0,2.2426220644978465
5.0,4.0,3.0,5.0,1.0,2.0,2.72156927908544
5.0,4.0,3.0,5.0,1.0,3.0,3.000913435502971
5.0,4.0,3.0,5.0,1.0,4.0,3.0040762950981486
5.0,4.0,3.0,5.0,1.0,5.0,3.148159599969031
5.0,4.0,3.0,5.0,2.0,1.0,2.4582937057623995
5.0,4.0,3.0,5.0,2.0,2.0,2.7215693040570756
5.0,4.0,3.0,5.0,2.0,3.0,3.2368964939357614
5.0,4.0,3.0,5.0,2.0,4.0,3.669791716030692
5.0,4.0,3.0,5.0,2.0,5.0,3.6697917313824204
5.0,4.0,3.0,5.0,3.0,2.0,3.1007298333997957
5.0,4.0,3.0,5.0,3.0,3.0,3.501858501445663
5.0,4.0,3.0,5.0,3.0,4.0,3.999041942592075
5.0,4.0,3.0,5.0,3.0,5.0,4.424903914940635
5.0,4.0,3.0,5.0,4.0,2.0,3.128452833502598
5.0,4.0,3.0,5.0,4.0,3.0,3.7408954079377126
5.0,4.0,3.0,5.0,4.0,4.0,4.24463573600748
5.0,4.0,3.0,5.0,4.0,5.0,4.424903913682512
5.0,4.0,3.0,5.0,5.0,1.0,2.7902761565830376
5.0,4.0,3.0,5.0,5.0,2.0,3.128452850634017
5.0,4.0,3.0,5.0,5.0,3.0,3.8047274554543487
5.0,4.0,3.0,5.0,5.0,4.0,4.352958639832215
5.0,4.0,3.0,5.0,5.0,5.0,4.603348119639282
5.0,4.0,4.0,1.0,1.0,1.0,2.104554656187818
5.0,4.0,4.0,1.0,1.0,2.0,2.6592663954385043
5.0,4.0,4.0,1.0,3.0,1.0,2.1264005131664927
5.0,4.0,4.0,1.0,3.0,3.0,2.8500584720729973
5.0,4.0,4.0,1.0,4.0,3.0,2.8500584769044517
5.0,4.0,4.0,1.0,4.0,4.0,2.9049473413520337
5.0,4.0,4.0,1.0,4.0,5.0,3.2304158774394445
5.0,4.0,4.0,2.0,1.0,2.0,2.6592664094033163
5.0,4.0,4.0,2.0,2.0,2.0,2.6592664163473967
5.0,4.0,4.0,2.0,2.0,3.0,3.3377001148936167
5.0,4.0,4.0,2.0,3.0,2.0,3.0004869311371545
5.0,4.0,4.0,2.0,3.0,3.0,3.3377001422309553
5.0,4.0,4.0,2.0,4.0,2.0,3.0004869326528634
5.0,4.0,4.0,2.0,4.0,3.0,3.3377001537537296
5.0,4.0,4.0,2.0,4.0,4.0,3.4708061160066586
5.0,4.0,4.0,2.0,5.0,2.0,3.031128608012886
5.0,4.0,4.0,2.0,5.0,3.0,3.4708061129585612
5.0,4.0,4.0,2.0,5.0,4.0,3.470806128971653
5.0,4.0,4.0,2.0,5.0,5.0,3.4708061587252788
5.0,4.0,4.0,3.0,1.0,1.0,2.4582936426421735
5.0,4.0,4.0,3.0,1.0,2.0,2.822869876447355
5.0,4.0,4.0,3.0,1.0,3.0,3.006919456660347
5.0,4.0,4.0,3.0,1.0,4.0,3.1927730243527046
5.0,4.0,4.0,3.0,2.0,2.0,3.0021554769707595
5.0,4.0,4.0,3.0,2.0,3.0,3.3395314047306726
5.0,4.0,4.0,3.0,2.0,4.0,3.741695753579557
5.0,4.0,4.0,3.0,3.0,1.0,2.5431635266221693
5.0,4.0,4.0,3.0,3.0,2.0,3.128452719551321
5.0,4.0,4.0,3.0,3.0,3.0,3.532738893771971
5.0,4.0,4.0,3.0,3.0,4.0,3.9006712487047284
5.0,4.0,4.0,3.0,4.0,2.0,3.1284527276067027
5.0,4.0,4.0,3.0,4.0,3.0,3.7254849541287696
5.0,4.0,4.0,3.0,4.0,4.0,3.9994727741412635
5.0,4.0,4.0,3.0,4.0,5.0,4.23677250869
5.0,4.0,4.0,3.0,5.0,2.0,3.1651365711866704
5.0,4.0,4.0,3.0,5.0,3.0,3.7254849972903203
5.0,4.0,4.0,3.0,5.0,4.0,4.095848010489369
5.0,4.0,4.0,3.0,5.0,5.0,4.421781279501653
5.0,4.0,4.0,4.0,1.0,1.0,2.458293689098321
5.0,4.0,4.0,4.0,1.0,2.0,2.822869880614365
5.0,4.0,4.0,4.0,1.0,3.0,3.1927730310104794
5.0,4.0,4.0,4.0,1.0,4.0,3.1927730358849584
5.0,4.0,4.0,4.0,1.0,5.0,3.474817745441013
5.0,4.0,4.0,4.0,2.0,2.0,3.1284527004222795
5.0,4.0,4.0,4.0,2.0,3.0,3.4275245425528573
5.0,4.0,4.0,4.0,2.0,4.0,3.760923775639097
5.0,4.0,4.0,4.0,2.0,5.0,3.9275353249500484
5.0,4.0,4.0,4.0,3.0,1.0,2.79027610964703
5.0,4.0,4.0,4.0,3.0,2.0,3.128452722487196
5.0,4.0,4.0,4.0,3.0,3.0,3.8315978375390607
5.0,4.0,4.0,4.0,3.0,4.0,4.1786392235673055
5.0,4.0,4.0,4.0,3.0,5.0,4.178639279503773
5.0,4.0,4.0,4.0,4.0,1.0,2.8819964648877785
5.0,4.0,4.0,4.0,4.0,2.0,3.128452727537239
5.0,4.0,4.0,4.0,4.0,3.0,3.9006302449880135
5.0,4.0,4.0,4.0,4.0,4.0,4.238157412231595
5.0,4.0,4.0,4.0,4.0,5.0,4.524962558196969
5.0,4.0,4.0,4.0,5.0,2.0,3.745177648934331
5.0,4.0,4.0,4.0,5.0,3.0,4.018289116264524
5.0,4.0,4.0,4.0,5.0,4.0,4.291565988375251
5.0,4.0,4.0,4.0,5.0,5.0,4.606814071210355
5.0,4.0,4.0,5.0,1.0,2.0,2.8814822119554404
5.0,4.0,4.0,5.0,1.0,3.0,3.266600665033727
5.0,4.0,4.0,5.0,1.0,4.0,3.4748177090662127
5.0,4.0,4.0,5.0,1.0,5.0,3.5584222961880143
5.0,4.0,4.0,5.0,2.0,1.0,2.458293711428566
5.0,4.0,4.0,5.0,2.0,2.0,3.679298210335041
5.0,4.0,4.0,5.0,2.0,3.0,3.6792982241981256
5.0,4.0,4.0,5.0,2.0,4.0,3.8072661566207815
5.0,4.0,4.0,5.0,2.0,5.0,3.927535319221704
5.0,4.0,4.0,5.0,3.0,1.0,2.881996478515532
5.0,4.0,4.0,5.0,3.0,2.0,3.7451776221393542
5.0,4.0,4.0,5.0,3.0,3.0,3.831597883691077
5.0,4.0,4.0,5.0,3.0,4.0,4.2090176469293805
5.0,4.0,4.0,5.0,3.0,5.0,4.492845207864002
5.0,4.0,4.0,5.0,4.0,1.0,2.8819964856262694
5.0,4.0,4.0,5.0,4.0,2.0,3.7451776378872714
5.0,4.0,4.0,5.0,4.0,3.0,4.016466851304474
5.0,4.0,4.0,5.0,4.0,4.0,4.419170777573063
5.0,4.0,4.0,5.0,4.0,5.0,4.747482648454113
5.0,4.0,4.0,5.0,5.0,1.0,2.881996506656306
5.0,4.0,4.0,5.0,5.0,2.0,3.7451776463531954
5.0,4.0,4.0,5.0,5.0,3.0,4.132887202144388
5.0,4.0,4.0,5.0,5.0,4.0,4.523028528392972
5.0,4.0,4.0,5.0,5.0,5.0,4.778006601538636
5.0,4.0,5.0,1.0,1.0,3.0,3.0110894016181224
5.0,4.0,5.0,1.0,5.0,3.0,3.51817448080699
5.0,4.0,5.0,2.0,2.0,3.0,3.337700128755446
5.0,4.0,5.0,2.0,3.0,2.0,3.1533705711543893
5.0,4.0,5.0,2.0,3.0,3.0,3.337700139702638
5.0,4.0,5.0,2.0,4.0,2.0,3.1533705931311284
5.0,4.0,5.0,2.0,4.0,3.0,3.3377001626430602
5.0,4.0,5.0,2.0,4.0,4.0,3.9911976007378374
5.0,4.0,5.0,3.0,1.0,3.0,3.0404601746814692
5.0,4.0,5.0,3.0,2.0,3.0,3.339531405872835
5.0,4.0,5.0,3.0,3.0,3.0,3.799342432458538
5.0,4.0,5.0,3.0,3.0,4.0,3.9911183704124675
5.0,4.0,5.0,3.0,4.0,3.0,3.7993424517225325
5.0,4.0,5.0,3.0,4.0,4.0,4.152487943193494
5.0,4.0,5.0,3.0,4.0,5.0,4.236772509669405
5.0,4.0,5.0,3.0,5.0,3.0,3.7993424683003525
5.0,4.0,5.0,3.0,5.0,4.0,4.152487958854718
5.0,4.0,5.0,3.0,5.0,5.0,4.427558521375142
5.0,4.0,5.0,4.0,1.0,3.0,3.1927730332335904
5.0,4.0,5.0,4.0,1.0,4.0,3.4748177155229674
5.0,4.0,5.0,4.0,2.0,2.0,3.3372102104818113
5.0,4.0,5.0,4.0,2.0,3.0,3.7570583971208147
5.0,4.0,5.0,4.0,2.0,4.0,3.8890146050017815
5.0,4.0,5.0,4.0,2.0,5.0,4.260486020312584
5.0,4.0,5.0,4.0,3.0,3.0,3.9988630629533617
5.0,4.0,5.0,4.0,3.0,4.0,4.193719954190498
5.0,4.0,5.0,4.0,3.0,5.0,4.495366455591068
5.0,4.0,5.0,4.0,4.0,3.0,4.085988947225773
5.0,4.0,5.0,4.0,4.0,4.0,4.393291631804076
5.0,4.0,5.0,4.0,4.0,5.0,4.718566619635189
5.0,4.0,5.0,4.0,5.0,3.0,4.22096197982682
5.0,4.0,5.0,4.0,5.0,4.0,4.446791966759748
5.0,4.0,5.0,4.0,5.0,5.0,4.749732404747998
5.0,4.0,5.0,5.0,1.0,2.0,2.8814822091027565
5.0,4.0,5.0,5.0,1.0,3.0,3.266600675088818
5.0,4.0,5.0,5.0,1.0,4.0,3.474817728043524
5.0,4.0,5.0,5.0,1.0,5.0,3.723111145994926
5.0,4.0,5.0,5.0,2.0,3.0,3.757058392670795
5.0,4.0,5.0,5.0,2.0,4.0,3.88901462961452
5.0,4.0,5.0,5.0,2.0,5.0,4.260486011052184
5.0,4.0,5.0,5.0,3.0,3.0,4.026627528688537
5.0,4.0,5.0,5.0,3.0,4.0,4.407425424902336
5.0,4.0,5.0,5.0,3.0,5.0,4.646310109242063
5.0,4.0,5.0,5.0,4.0,1.0,3.474672406462291
5.0,4.0,5.0,5.0,4.0,3.0,4.129674344628454
5.0,4.0,5.0,5.0,4.0,4.0,4.571597017527017
5.0,4.0,5.0,5.0,4.0,5.0,4.833484507042558
5.0,4.0,5.0,5.0,5.0,2.0,3.88081250298314
5.0,4.0,5.0,5.0,5.0,3.0,4.332569831533312
5.0,4.0,5.0,5.0,5.0,4.0,4.647099569630013
5.0,4.0,5.0,5.0,5.0,5.0,4.893141292526619
5.0,5.0,1.0,1.0,1.0,1.0,1.3239542052232534
5.0,5.0,1.0,1.0,1.0,3.0,1.8806544588889318
5.0,5.0,1.0,1.0,2.0,1.0,1.3239542072454644
5.0,5.0,1.0,1.0,2.0,2.0,1.9548029962155633
5.0,5.0,1.0,1.0,3.0,1.0,1.3830266717304727
5.0,5.0,1.0,1.0,3.0,3.0,1.9548030079588243
5.0,5.0,1.0,1.0,4.0,2.0,1.954802997823013
5.0,5.0,1.0,1.0,4.0,4.0,1.954803017245568
5.0,5.0,1.0,1.0,5.0,1.0,1.7976850435106708
5.0,5.0,1.0,1.0,5.0,5.0,1.954803021480898
5.0,5.0,1.0,2.0,1.0,1.0,1.3836180936597287
5.0,5.0,1.0,2.0,1.0,2.0,1.7938356893810503
5.0,5.0,1.0,2.0,1.0,3.0,1.8806544758687909
5.0,5.0,1.0,2.0,2.0,1.0,1.663615857518778
5.0,5.0,1.0,2.0,2.0,2.0,2.1299378664347643
5.0,5.0,1.0,2.0,2.0,3.0,2.5009315499926026
5.0,5.0,1.0,2.0,3.0,1.0,1.6848940677978193
5.0,5.0,1.0,2.0,3.0,2.0,2.2991985900830727
5.0,5.0,1.0,2.0,3.0,3.0,2.5009315767282305
5.0,5.0,1.0,3.0,1.0,1.0,1.7938359130237707
5.0,5.0,1.0,3.0,1.0,2.0,1.8620690694941997
5.0,5.0,1.0,3.0,1.0,4.0,2.066339835425428
5.0,5.0,1.0,3.0,2.0,1.0,1.8047508623766977
5.0,5.0,1.0,3.0,2.0,2.0,2.129937875656349
5.0,5.0,1.0,3.0,2.0,3.0,2.7644916696231037
5.0,5.0,1.0,3.0,3.0,1.0,1.8742795466035045
5.0,5.0,1.0,3.0,3.0,2.0,2.434116616849947
5.0,5.0,1.0,3.0,3.0,3.0,2.8212138012634753
5.0,5.0,1.0,3.0,4.0,1.0,2.036754558959701
5.0,5.0,1.0,3.0,4.0,2.0,2.51999070007168
5.0,5.0,1.0,3.0,4.0,3.0,2.8212137974880362
5.0,5.0,1.0,3.0,5.0,5.0,3.0199033309647523
5.0,5.0,1.0,4.0,1.0,1.0,1.7938359158021884
5.0,5.0,1.0,4.0,1.0,2.0,1.8620690745090689
5.0,5.0,1.0,4.0,1.0,3.0,1.8806544896755413
5.0,5.0,1.0,4.0,1.0,5.0,2.278001719379062
5.0,5.0,1.0,4.0,2.0,1.0,1.8047508690554448
5.0,5.0,1.0,4.0,2.0,2.0,2.203395955145046
5.0,5.0,1.0,4.0,2.0,3.0,2.7644916962022537
5.0,5.0,1.0,4.0,3.0,1.0,1.9355509249278526
5.0,5.0,1.0,4.0,3.0,2.0,2.4341166317884144
5.0,5.0,1.0,4.0,3.0,3.0,2.821213806330416
5.0,5.0,1.0,4.0,3.0,4.0,3.019903303430998
5.0,5.0,1.0,4.0,4.0,2.0,2.5199907109762614
5.0,5.0,1.0,4.0,4.0,3.0,2.8212138093691763
5.0,5.0,1.0,4.0,4.0,4.0,3.0199033177415173
5.0,5.0,1.0,4.0,4.0,5.0,3.019903335882361
5.0,5.0,1.0,4.0,5.0,1.0,2.4446182521027473
5.0,5.0,1.0,4.0,5.0,3.0,2.821213819309256
5.0,5.0,1.0,4.0,5.0,4.0,3.01990333522139
5.0,5.0,1.0,4.0,5.0,5.0,3.0199033440575622
5.0,5.0,1.0,5.0,1.0,1.0,1.793835919053459
5.0,5.0,1.0,5.0,1.0,2.0,1.8620690832897602
5.0,5.0,1.0,5.0,1.0,3.0,1.880654498352502
5.0,5.0,1.0,5.0,1.0,5.0,2.278001714406511
5.0,5.0,1.0,5.0,2.0,1.0,1.8047508848036882
5.0,5.0,1.0,5.0,2.0,2.0,2.2033959601355817
5.0,5.0,1.0,5.0,3.0,1.0,2.0566726869208827
5.0,5.0,1.0,5.0,3.0,2.0,2.434116600589272
5.0,5.0,1.0,5.0,3.0,4.0,3.01990334586442
5.0,5.0,1.0,5.0,3.0,5.0,3.593592381302499
5.0,5.0,1.0,5.0,4.0,1.0,2.444618265955799
5.0,5.0,1.0,5.0,4.0,4.0,3.4862824701511284
5.0,5.0,1.0,5.0,4.0,5.0,3.739514146296925
5.0,5.0,1.0,5.0,5.0,1.0,2.4446182618148575
5.0,5.0,1.0,5.0,5.0,2.0,2.7997788363963956
5.0,5.0,1.0,5.0,5.0,3.0,2.821213805096897
5.0,5.0,1.0,5.0,5.0,4.0,3.4862824800221417
5.0,5.0,1.0,5.0,5.0,5.0,3.7818902033920927
5.0,5.0,2.0,1.0,1.0,1.0,1.528366345826219
5.0,5.0,2.0,1.0,1.0,2.0,1.6585552776524022
5.0,5.0,2.0,1.0,2.0,1.0,1.7948232356190648
5.0,5.0,2.0,1.0,3.0,1.0,1.7948232397839565
5.0,5.0,2.0,1.0,3.0,2.0,2.3550572474803846
5.0,5.0,2.0,1.0,3.0,3.0,2.35505725990154
5.0,5.0,2.0,1.0,4.0,1.0,2.042925307472083
5.0,5.0,2.0,1.0,4.0,2.0,2.4766263303220595
5.0,5.0,2.0,1.0,4.0,3.0,2.476626348059275
5.0,5.0,2.0,1.0,5.0,1.0,2.455036313038701
5.0,5.0,2.0,1.0,5.0,2.0,2.4766263466731555
5.0,5.0,2.0,1.0,5.0,3.0,2.560320259219722
5.0,5.0,2.0,1.0,5.0,4.0,2.56032025645562
5.0,5.0,2.0,1.0,5.0,5.0,3.4055048551075737
5.0,5.0,2.0,2.0,1.0,1.0,2.008372337109027
5.0,5.0,2.0,2.0,1.0,2.0,2.2096912328441096
5.0,5.0,2.0,2.0,1.0,3.0,2.5031219907757443
5.0,5.0,2.0,2.0,2.0,1.0,2.02933088319367
5.0,5.0,2.0,2.0,2.0,2.0,2.355057236253638
5.0,5.0,2.0,2.0,2.0,3.0,2.5031219887178113
5.0,5.0,2.0,2.0,3.0,1.0,2.146535541215189
5.0,5.0,2.0,2.0,3.0,2.0,2.355057253878663
5.0,5.0,2.0,2.0,3.0,3.0,2.6761120149221123
5.0,5.0,2.0,2.0,4.0,2.0,2.47662630905168
5.0,5.0,2.0,2.0,4.0,3.0,3.0045955970231746
5.0,5.0,2.0,2.0,4.0,4.0,3.004595622312877
5.0,5.0,2.0,2.0,5.0,1.0,2.4550363288449635
5.0,5.0,2.0,2.0,5.0,2.0,2.7537537693830414
5.0,5.0,2.0,2.0,5.0,3.0,3.004595585180502
5.0,5.0,2.0,2.0,5.0,4.0,3.0159891018144207
5.0,5.0,2.0,2.0,5.0,5.0,3.67610228507808
5.0,5.0,2.0,3.0,1.0,1.0,2.1465355629929337
5.0,5.0,2.0,3.0,1.0,2.0,2.475197600678722
5.0,5.0,2.0,3.0,1.0,3.0,2.517767327566156
5.0,5.0,2.0,3.0,2.0,1.0,2.14653556841219
5.0,5.0,2.0,3.0,2.0,2.0,2.4751976104447024
5.0,5.0,2.0,3.0,2.0,3.0,2.764491652005109
5.0,5.0,2.0,3.0,3.0,1.0,2.146535557187784
5.0,5.0,2.0,3.0,3.0,2.0,2.7291218473056613
5.0,5.0,2.0,3.0,3.0,3.0,3.029070932060511
5.0,5.0,2.0,3.0,3.0,4.0,3.0290709492596903
5.0,5.0,2.0,3.0,3.0,5.0,3.492917116862288
5.0,5.0,2.0,3.0,4.0,1.0,2.509633425708708
5.0,5.0,2.0,3.0,4.0,2.0,2.729121881174329
5.0,5.0,2.0,3.0,4.0,3.0,3.0290709305513066
5.0,5.0,2.0,3.0,4.0,4.0,3.144163002734377
5.0,5.0,2.0,3.0,5.0,2.0,2.8846951475058673
5.0,5.0,2.0,3.0,5.0,3.0,3.0290709236606523
5.0,5.0,2.0,3.0,5.0,4.0,3.144163037853559
5.0,5.0,2.0,4.0,1.0,1.0,2.1465355825065946
5.0,5.0,2.0,4.0,1.0,2.0,2.5013341483140485
5.0,5.0,2.0,4.0,1.0,3.0,2.5177673494295387
5.0,5.0,2.0,4.0,1.0,4.0,2.517767368468504
5.0,5.0,2.0,4.0,2.0,1.0,2.146535580378555
5.0,5.0,2.0,4.0,2.0,2.0,2.8846950626147585
5.0,5.0,2.0,4.0,2.0,3.0,2.9976535243833204
5.0,5.0,2.0,4.0,3.0,2.0,2.8846950716955764
5.0,5.0,2.0,4.0,3.0,3.0,3.197494269116496
5.0,5.0,2.0,4.0,3.0,4.0,3.4128132811315046
5.0,5.0,2.0,4.0,4.0,2.0,2.884695114354128
5.0,5.0,2.0,4.0,4.0,3.0,3.3325139287318586
5.0,5.0,2.0,4.0,4.0,4.0,3.648698933453938
5.0,5.0,2.0,4.0,5.0,1.0,2.562136155066681
5.0,5.0,2.0,4.0,5.0,2.0,2.884695144178736
5.0,5.0,2.0,4.0,5.0,3.0,3.332513958253689
5.0,5.0,2.0,4.0,5.0,4.0,3.6761023331309723
5.0,5.0,2.0,4.0,5.0,5.0,3.676102337591448
5.0,5.0,2.0,5.0,1.0,1.0,2.146535595877362
5.0,5.0,2.0,5.0,1.0,2.0,2.501334144221091
5.0,5.0,2.0,5.0,1.0,3.0,2.5177673686991557
5.0,5.0,2.0,5.0,1.0,4.0,2.691459279375956
5.0,5.0,2.0,5.0,1.0,5.0,3.148159637597972
5.0,5.0,2.0,5.0,2.0,2.0,2.884695071308291
5.0,5.0,2.0,5.0,2.0,3.0,3.2966936544889585
5.0,5.0,2.0,5.0,2.0,5.0,3.593592375651898
5.0,5.0,2.0,5.0,3.0,1.0,2.513172385357092
5.0,5.0,2.0,5.0,3.0,2.0,2.884695094138728
5.0,5.0,2.0,5.0,3.0,3.0,3.296693664344686
5.0,5.0,2.0,5.0,3.0,4.0,3.4406442492318807
5.0,5.0,2.0,5.0,3.0,5.0,3.5935923739305387
5.0,5.0,2.0,5.0,4.0,1.0,2.5131723955502445
5.0,5.0,2.0,5.0,4.0,2.0,2.884695116753338
5.0,5.0,2.0,5.0,4.0,3.0,3.33251394516706
5.0,5.0,2.0,5.0,4.0,4.0,3.6486989730298203
5.0,5.0,2.0,5.0,4.0,5.0,3.7395141376442176
5.0,5.0,2.0,5.0,5.0,1.0,2.562136176836355
5.0,5.0,2.0,5.0,5.0,2.0,2.884695151916011
5.0,5.0,2.0,5.0,5.0,3.0,3.4443333832059166
5.0,5.0,2.0,5.0,5.0,4.0,3.9926994935523754
5.0,5.0,2.0,5.0,5.0,5.0,4.344695189834659
5.0,5.0,3.0,1.0,1.0,1.0,2.112954211413267
5.0,5.0,3.0,1.0,1.0,2.0,2.467984939293042
5.0,5.0,3.0,1.0,1.0,3.0,2.7486110946555775
5.0,5.0,3.0,1.0,1.0,4.0,3.0967209941567546
5.0,5.0,3.0,1.0,2.0,1.0,2.2995388025716066
5.0,5.0,3.0,1.0,2.0,2.0,2.467984957862341
5.0,5.0,3.0,1.0,2.0,3.0,2.748611096669836
5.0,5.0,3.0,1.0,3.0,1.0,2.2995388184664467
5.0,5.0,3.0,1.0,3.0,2.0,2.5571629782788783
5.0,5.0,3.0,1.0,3.0,3.0,2.850058494356403
5.0,5.0,3.0,1.0,3.0,4.0,3.0967210059426944
5.0,5.0,3.0,1.0,4.0,1.0,2.4550362736876874
5.0,5.0,3.0,1.0,4.0,2.0,2.822440115235716
5.0,5.0,3.0,1.0,4.0,3.0,2.8500584991784437
5.0,5.0,3.0,1.0,4.0,4.0,3.0967210129785405
5.0,5.0,3.0,1.0,5.0,2.0,2.822440123892469
5.0,5.0,3.0,1.0,5.0,3.0,2.8975144803456443
5.0,5.0,3.0,1.0,5.0,5.0,3.4055048545313875
5.0,5.0,3.0,2.0,1.0,1.0,2.112954215714387
5.0,5.0,3.0,2.0,1.0,2.0,2.562072994861625
5.0,5.0,3.0,2.0,2.0,1.0,2.5620729786498924
5.0,5.0,3.0,2.0,2.0,2.0,2.562073001393673
5.0,5.0,3.0,2.0,2.0,3.0,2.7486110930049343
5.0,5.0,3.0,2.0,2.0,4.0,3.348706921979119
5.0,5.0,3.0,2.0,3.0,2.0,2.655398143860078
5.0,5.0,3.0,2.0,3.0,3.0,2.9995031896848503
5.0,5.0,3.0,2.0,3.0,4.0,3.3487069175160844
5.0,5.0,3.0,2.0,3.0,5.0,3.3487069343489413
5.0,5.0,3.0,2.0,4.0,2.0,2.9521305223647936
5.0,5.0,3.0,2.0,4.0,3.0,3.212424522674792
5.0,5.0,3.0,2.0,4.0,4.0,3.348706922898564
5.0,5.0,3.0,2.0,4.0,5.0,3.405504902694387
5.0,5.0,3.0,2.0,5.0,1.0,2.8183791558820346
5.0,5.0,3.0,2.0,5.0,2.0,2.9521305269359273
5.0,5.0,3.0,2.0,5.0,3.0,3.2124245268205964
5.0,5.0,3.0,2.0,5.0,4.0,3.676102188609617
5.0,5.0,3.0,2.0,5.0,5.0,3.676102237962671
5.0,5.0,3.0,3.0,1.0,1.0,2.242622065548943
5.0,5.0,3.0,3.0,1.0,2.0,2.5928040177044474
5.0,5.0,3.0,3.0,1.0,3.0,2.804579505070653
5.0,5.0,3.0,3.0,1.0,4.0,3.096720999377714
5.0,5.0,3.0,3.0,1.0,5.0,3.0967210054156964
5.0,5.0,3.0,3.0,2.0,1.0,2.562072969748197
5.0,5.0,3.0,3.0,2.0,2.0,2.776637695945471
5.0,5.0,3.0,3.0,2.0,3.0,3.2564554160633765
5.0,5.0,3.0,3.0,2.0,4.0,3.669791700302336
5.0,5.0,3.0,3.0,2.0,5.0,3.7251624667644068
5.0,5.0,3.0,3.0,3.0,1.0,2.8183791514575236
5.0,5.0,3.0,3.0,3.0,2.0,3.0000582867095176
5.0,5.0,3.0,3.0,3.0,3.0,3.379616360940857
5.0,5.0,3.0,3.0,3.0,4.0,3.696805690845018
5.0,5.0,3.0,3.0,3.0,5.0,3.949134227795911
5.0,5.0,3.0,3.0,4.0,2.0,3.000956002789712
5.0,5.0,3.0,3.0,4.0,3.0,3.4455608271566267
5.0,5.0,3.0,3.0,4.0,4.0,3.7905140709755316
5.0,5.0,3.0,3.0,4.0,5.0,4.064797598115149
5.0,5.0,3.0,3.0,5.0,1.0,2.8183791658472845
5.0,5.0,3.0,3.0,5.0,2.0,3.0957957996455803
5.0,5.0,3.0,3.0,5.0,3.0,3.4455608335926295
5.0,5.0,3.0,3.0,5.0,4.0,3.998344991120433
5.0,5.0,3.0,3.0,5.0,5.0,4.064797629437962
5.0,5.0,3.0,4.0,1.0,1.0,2.242622089224704
5.0,5.0,3.0,4.0,1.0,2.0,2.7215692490458836
5.0,5.0,3.0,4.0,1.0,3.0,2.9676175068975694
5.0,5.0,3.0,4.0,1.0,4.0,3.096720992304433
5.0,5.0,3.0,4.0,2.0,1.0,2.818379154253674
5.0,5.0,3.0,4.0,2.0,2.0,3.0372439134556117
5.0,5.0,3.0,4.0,2.0,3.0,3.306842972477951
5.0,5.0,3.0,4.0,2.0,4.0,3.6697917158695157
5.0,5.0,3.0,4.0,2.0,5.0,3.72516245493642
5.0,5.0,3.0,4.0,3.0,2.0,3.0372439209379736
5.0,5.0,3.0,4.0,3.0,3.0,3.5018584759929707
5.0,5.0,3.0,4.0,3.0,4.0,3.9491341275603036
5.0,5.0,3.0,4.0,3.0,5.0,3.9491342134929437
5.0,5.0,3.0,4.0,4.0,1.0,2.8183791658838357
5.0,5.0,3.0,4.0,4.0,2.0,3.0372439462453444
5.0,5.0,3.0,4.0,4.0,3.0,3.724645080826143
5.0,5.0,3.0,4.0,4.0,4.0,4.187983857780216
5.0,5.0,3.0,4.0,4.0,5.0,4.344130634649968
5.0,5.0,3.0,4.0,5.0,1.0,2.818379192721406
5.0,5.0,3.0,4.0,5.0,2.0,3.2254005791345874
5.0,5.0,3.0,4.0,5.0,3.0,3.7246452160647285
5.0,5.0,3.0,4.0,5.0,4.0,4.299300536550257
5.0,5.0,3.0,4.0,5.0,5.0,4.3964177370383934
5.0,5.0,3.0,5.0,1.0,1.0,2.242622106242381
5.0,5.0,3.0,5.0,1.0,2.0,2.7215692571964762
5.0,5.0,3.0,5.0,1.0,3.0,3.000913458831246
5.0,5.0,3.0,5.0,1.0,4.0,3.1481596046427223
5.0,5.0,3.0,5.0,1.0,5.0,3.1481596330617827
5.0,5.0,3.0,5.0,2.0,1.0,2.8183791529050213
5.0,5.0,3.0,5.0,2.0,2.0,3.1003889200491432
5.0,5.0,3.0,5.0,2.0,3.0,3.644020144731568
5.0,5.0,3.0,5.0,2.0,4.0,3.7251623767008857
5.0,5.0,3.0,5.0,2.0,5.0,3.7251624283164526
5.0,5.0,3.0,5.0,3.0,1.0,2.818379153996525
5.0,5.0,3.0,5.0,3.0,2.0,3.3326955876012216
5.0,5.0,3.0,5.0,3.0,3.0,3.6440201609399834
5.0,5.0,3.0,5.0,3.0,4.0,4.165735746615629
5.0,5.0,3.0,5.0,3.0,5.0,4.424903916246712
5.0,5.0,3.0,5.0,4.0,2.0,3.4687054900295773
5.0,5.0,3.0,5.0,4.0,3.0,3.7814462775976856
5.0,5.0,3.0,5.0,4.0,4.0,4.279343732703271
5.0,5.0,3.0,5.0,4.0,5.0,4.616986963421586
5.0,5.0,3.0,5.0,5.0,1.0,3.1671327383266425
5.0,5.0,3.0,5.0,5.0,2.0,3.468705509928635
5.0,5.0,3.0,5.0,5.0,3.0,3.8047274496379218
5.0,5.0,3.0,5.0,5.0,4.0,4.394122202482673
5.0,5.0,3.0,5.0,5.0,5.0,4.701839520702611
5.0,5.0,4.0,1.0,2.0,3.0,3.159199489151398
5.0,5.0,4.0,1.0,3.0,1.0,2.2995388436985396
5.0,5.0,4.0,1.0,3.0,3.0,3.1591995038217604
5.0,5.0,4.0,1.0,3.0,4.0,3.159199512661928
5.0,5.0,4.0,1.0,4.0,1.0,2.4550362770099428
5.0,5.0,4.0,1.0,4.0,3.0,3.159199510129328
5.0,5.0,4.0,1.0,4.0,4.0,3.2304158821730176
5.0,5.0,4.0,1.0,4.0,5.0,3.2304159034970255
5.0,5.0,4.0,1.0,5.0,5.0,3.52046219986061
5.0,5.0,4.0,2.0,1.0,2.0,2.6592664262474184
5.0,5.0,4.0,2.0,2.0,2.0,2.678843400447321
5.0,5.0,4.0,2.0,2.0,4.0,3.412896029566397
5.0,5.0,4.0,2.0,3.0,1.0,2.690845069000798
5.0,5.0,4.0,2.0,3.0,2.0,3.0070214890344658
5.0,5.0,4.0,2.0,3.0,3.0,3.3377001457605906
5.0,5.0,4.0,2.0,3.0,4.0,3.4128960396630195
5.0,5.0,4.0,2.0,3.0,5.0,3.4128960606877254
5.0,5.0,4.0,2.0,4.0,3.0,3.3377001696953124
5.0,5.0,4.0,2.0,4.0,4.0,3.4708061207823615
5.0,5.0,4.0,2.0,4.0,5.0,4.119951551546818
5.0,5.0,4.0,2.0,5.0,2.0,3.239693369183075
5.0,5.0,4.0,2.0,5.0,3.0,3.712417210614908
5.0,5.0,4.0,2.0,5.0,4.0,4.0293396384449665
5.0,5.0,4.0,2.0,5.0,5.0,4.119951556669594
5.0,5.0,4.0,3.0,1.0,3.0,3.0069194759362445
5.0,5.0,4.0,3.0,1.0,4.0,3.3280047389995078
5.0,5.0,4.0,3.0,2.0,2.0,3.002869888018787
5.0,5.0,4.0,3.0,2.0,3.0,3.3395314101715874
5.0,5.0,4.0,3.0,2.0,4.0,3.866957254613126
5.0,5.0,4.0,3.0,3.0,1.0,2.881996466656957
5.0,5.0,4.0,3.0,3.0,2.0,3.3068428934441214
5.0,5.0,4.0,3.0,3.0,3.0,3.725484952641648
5.0,5.0,4.0,3.0,3.0,4.0,3.9006712689166827
5.0,5.0,4.0,3.0,3.0,5.0,4.159022756383594
5.0,5.0,4.0,3.0,4.0,2.0,3.306842896882498
5.0,5.0,4.0,3.0,4.0,3.0,3.7254849663652956
5.0,5.0,4.0,3.0,4.0,4.0,4.0947072965995
5.0,5.0,4.0,3.0,4.0,5.0,4.329248224232361
5.0,5.0,4.0,3.0,5.0,1.0,3.264034481045123
5.0,5.0,4.0,3.0,5.0,2.0,3.7451776408057635
5.0,5.0,4.0,3.0,5.0,3.0,3.9559549704777686
5.0,5.0,4.0,3.0,5.0,4.0,4.240062585549343
5.0,5.0,4.0,3.0,5.0,5.0,4.43931295030492
5.0,5.0,4.0,4.0,1.0,1.0,2.7215691676272744
5.0,5.0,4.0,4.0,1.0,3.0,3.2666006560871943
5.0,5.0,4.0,4.0,1.0,4.0,3.328004735323847
5.0,5.0,4.0,4.0,1.0,5.0,3.4748177483856386
5.0,5.0,4.0,4.0,2.0,2.0,3.1284527075942354
5.0,5.0,4.0,4.0,2.0,3.0,3.4516674934200022
5.0,5.0,4.0,4.0,2.0,4.0,3.866957253169375
5.0,5.0,4.0,4.0,2.0,5.0,3.99540033981645
5.0,5.0,4.0,4.0,3.0,2.0,3.3556655894582077
5.0,5.0,4.0,4.0,3.0,3.0,3.9235756806748765
5.0,5.0,4.0,4.0,3.0,4.0,4.22260115248606
5.0,5.0,4.0,4.0,3.0,5.0,4.498126224228237
5.0,5.0,4.0,4.0,4.0,2.0,3.4306302855055315
5.0,5.0,4.0,4.0,4.0,3.0,4.018289109418442
5.0,5.0,4.0,4.0,4.0,4.0,4.363210235066142
5.0,5.0,4.0,4.0,4.0,5.0,4.634342378270842
5.0,5.0,4.0,4.0,5.0,1.0,3.2640344920420015
5.0,5.0,4.0,4.0,5.0,2.0,3.7451776495383156
5.0,5.0,4.0,4.0,5.0,3.0,4.018289127980161
5.0,5.0,4.0,4.0,5.0,4.0,4.418999199520152
5.0,5.0,4.0,4.0,5.0,5.0,4.700892449947144
5.0,5.0,4.0,5.0,1.0,1.0,2.881482209349158
5.0,5.0,4.0,5.0,1.0,2.0,2.881482217196188
5.0,5.0,4.0,5.0,1.0,3.0,3.2666006690680454
5.0,5.0,4.0,5.0,1.0,4.0,3.4748177188913663
5.0,5.0,4.0,5.0,1.0,5.0,3.9089049181895374
5.0,5.0,4.0,5.0,2.0,2.0,3.7451776088016464
5.0,5.0,4.0,5.0,2.0,3.0,3.7684622936643137
5.0,5.0,4.0,5.0,2.0,4.0,3.977325011451724
5.0,5.0,4.0,5.0,2.0,5.0,4.094991493384496
5.0,5.0,4.0,5.0,3.0,1.0,2.881996472881699
5.0,5.0,4.0,5.0,3.0,2.0,3.745177620340124
5.0,5.0,4.0,5.0,3.0,3.0,4.034076723497281
5.0,5.0,4.0,5.0,3.0,4.0,4.24251591612945
5.0,5.0,4.0,5.0,3.0,5.0,4.561495164736511
5.0,5.0,4.0,5.0,4.0,1.0,2.8819964907627416
5.0,5.0,4.0,5.0,4.0,2.0,3.745177639432634
5.0,5.0,4.0,5.0,4.0,3.0,4.145016995525472
5.0,5.0,4.0,5.0,4.0,4.0,4.530511497334457
5.0,5.0,4.0,5.0,4.0,5.0,4.797521595780302
5.0,5.0,4.0,5.0,5.0,1.0,3.2640345049750836
5.0,5.0,4.0,5.0,5.0,2.0,3.7451776543669224
5.0,5.0,4.0,5.0,5.0,3.0,4.185017783311561
5.0,5.0,4.0,5.0,5.0,4.0,4.618630523809381
5.0,5.0,4.0,5.0,5.0,5.0,4.877877183516157
5.0,5.0,5.0,1.0,1.0,1.0,2.1129542366461243
5.0,5.0,5.0,1.0,1.0,3.0,3.1591994686314395
5.0,5.0,5.0,1.0,1.0,5.0,3.3280047419438796
5.0,5.0,5.0,1.0,2.0,2.0,2.6592664074395227
5.0,5.0,5.0,1.0,2.0,5.0,3.3280047511837787
5.0,5.0,5.0,1.0,3.0,1.0,2.4550362840368507
5.0,5.0,5.0,1.0,3.0,2.0,2.8224400784184884
5.0,5.0,5.0,1.0,3.0,3.0,3.15919949585553
5.0,5.0,5.0,1.0,4.0,2.0,2.822440103338673
5.0,5.0,5.0,1.0,4.0,4.0,3.230415869740237
5.0,5.0,5.0,1.0,5.0,1.0,2.455036303110022
5.0,5.0,5.0,1.0,5.0,2.0,2.822440115237307
5.0,5.0,5.0,1.0,5.0,3.0,3.518174491857551
5.0,5.0,5.0,1.0,5.0,4.0,3.5240184694927983
5.0,5.0,5.0,1.0,5.0,5.0,4.125105719578726
5.0,5.0,5.0,2.0,1.0,1.0,2.3463779759585806
5.0,5.0,5.0,2.0,1.0,2.0,2.6592664252088247
5.0,5.0,5.0,2.0,2.0,2.0,2.688139605383959
5.0,5.0,5.0,2.0,2.0,3.0,3.337700147369588
5.0,5.0,5.0,2.0,3.0,1.0,2.690845068731371
5.0,5.0,5.0,2.0,3.0,2.0,3.1533705818592344
5.0,5.0,5.0,2.0,3.0,3.0,3.3377001501484624
5.0,5.0,5.0,2.0,3.0,4.0,4.025346000771977
5.0,5.0,5.0,2.0,3.0,5.0,4.229472694359133
5.0,5.0,5.0,2.0,4.0,2.0,3.2396933681089304
5.0,5.0,5.0,2.0,4.0,3.0,3.337700170569925
5.0,5.0,5.0,2.0,4.0,4.0,4.025346010221319
5.0,5.0,5.0,2.0,4.0,5.0,4.229472689851971
5.0,5.0,5.0,2.0,5.0,2.0,3.2396933752895682
5.0,5.0,5.0,2.0,5.0,3.0,3.8336712551489334
5.0,5.0,5.0,2.0,5.0,4.0,4.029339670930761
5.0,5.0,5.0,2.0,5.0,5.0,4.229472686095021
5.0,5.0,5.0,3.0,1.0,2.0,2.8228698791140006
5.0,5.0,5.0,3.0,1.0,3.0,3.159199461471642
5.0,5.0,5.0,3.0,1.0,5.0,3.3280047429261312
5.0,5.0,5.0,3.0,2.0,2.0,3.3372102000162656
5.0,5.0,5.0,3.0,2.0,3.0,3.339531413076169
5.0,5.0,5.0,3.0,2.0,4.0,4.025345988783856
5.0,5.0,5.0,3.0,3.0,1.0,3.0315531796414903
5.0,5.0,5.0,3.0,3.0,2.0,3.342619345916565
5.0,5.0,5.0,3.0,3.0,3.0,3.7993424456997875
5.0,5.0,5.0,3.0,3.0,4.0,4.02534600329254
5.0,5.0,5.0,3.0,3.0,5.0,4.54118270096898
5.0,5.0,5.0,3.0,4.0,2.0,3.3426193511192834
5.0,5.0,5.0,3.0,4.0,3.0,3.9593244236659406
5.0,5.0,5.0,3.0,4.0,4.0,4.152487996858938
5.0,5.0,5.0,3.0,4.0,5.0,4.597001379822639
5.0,5.0,5.0,3.0,5.0,2.0,3.880812496562949
5.0,5.0,5.0,3.0,5.0,3.0,3.9593244532732648
5.0,5.0,5.0,3.0,5.0,4.0,4.279858012782559
5.0,5.0,5.0,3.0,5.0,5.0,4.5970013710011886
5.0,5.0,5.0,4.0,1.0,2.0,2.8228698879982903
5.0,5.0,5.0,4.0,1.0,3.0,3.4041540226829
5.0,5.0,5.0,4.0,1.0,4.0,3.7659206484820427
5.0,5.0,5.0,4.0,1.0,5.0,3.9859615915853723
5.0,5.0,5.0,4.0,2.0,1.0,2.8814822432882683
5.0,5.0,5.0,4.0,2.0,2.0,3.337210218045168
5.0,5.0,5.0,4.0,2.0,3.0,3.7570584128793048
5.0,5.0,5.0,4.0,2.0,4.0,4.025345986588498
5.0,5.0,5.0,4.0,2.0,5.0,4.2604860332121595
5.0,5.0,5.0,4.0,3.0,2.0,3.3556655902033277
5.0,5.0,5.0,4.0,3.0,3.0,4.055118725745484
5.0,5.0,5.0,4.0,3.0,4.0,4.406723195549543
5.0,5.0,5.0,4.0,3.0,5.0,4.63379323732554
5.0,5.0,5.0,4.0,4.0,2.0,3.880812487507003
5.0,5.0,5.0,4.0,4.0,3.0,4.142615598893041
5.0,5.0,5.0,4.0,4.0,4.0,4.496005930505027
5.0,5.0,5.0,4.0,4.0,5.0,4.777648550254476
5.0,5.0,5.0,4.0,5.0,1.0,3.2640345155707173
5.0,5.0,5.0,4.0,5.0,2.0,3.8808124924095373
5.0,5.0,5.0,4.0,5.0,3.0,4.239803795164437
5.0,5.0,5.0,4.0,5.0,4.0,4.551869369780214
5.0,5.0,5.0,4.0,5.0,5.0,4.794518112660374
5.0,5.0,5.0,5.0,1.0,1.0,2.8814822176990984
5.0,5.0,5.0,5.0,1.0,2.0,2.8814822122197787
5.0,5.0,5.0,5.0,1.0,3.0,3.413895516474918
5.0,5.0,5.0,5.0,1.0,4.0,3.7659206593400762
5.0,5.0,5.0,5.0,1.0,5.0,3.9859615795791354
5.0,5.0,5.0,5.0,2.0,1.0,2.8814822559919553
5.0,5.0,5.0,5.0,2.0,2.0,3.871716393081801
5.0,5.0,5.0,5.0,2.0,3.0,4.040745192665758
5.0,5.0,5.0,5.0,2.0,4.0,4.124827831314756
5.0,5.0,5.0,5.0,2.0,5.0,4.448578370098894
5.0,5.0,5.0,5.0,3.0,1.0,3.4746723884304145
5.0,5.0,5.0,5.0,3.0,2.0,3.8808124589120374
5.0,5.0,5.0,5.0,3.0,3.0,4.226070846938063
5.0,5.0,5.0,5.0,3.0,4.0,4.5154966775033145
5.0,5.0,5.0,5.0,3.0,5.0,4.777044071963036
5.0,5.0,5.0,5.0,4.0,1.0,3.4746724138423852
5.0,5.0,5.0,5.0,4.0,2.0,3.880812498843965
5.0,5.0,5.0,5.0,4.0,3.0,4.3479711456786285
5.0,5.0,5.0,5.0,4.0,4.0,4.694095500738148
5.0,5.0,5.0,5.0,4.0,5.0,4.89869096387055
5.0,5.0,5.0,5.0,5.0,1.0,3.474672414488016
5.0,5.0,5.0,5.0,5.0,2.0,3.8808125009522105
5.0,5.0,5.0,5.0,5.0,3.0,4.428494836935995
5.0,5.0,5.0,5.0,5.0,4.0,4.7378325092603495
5.0,5.0,5.0,5.0,5.0,5.0,4.9659065832799945
