0,1,2,3,4,5,function_value
1.0,1.0,1.0,1.0,1.0,1.0,1.0
1.0,1.0,1.0,1.0,1.0,2.0,1.0
1.0,1.0,1.0,1.0,1.0,3.0,1.1003036254982617
1.0,1.0,1.0,1.0,1.0,5.0,1.610751036246891
1.0,1.0,1.0,1.0,2.0,1.0,1.0
1.0,1.0,1.0,1.0,2.0,2.0,1.0
1.0,1.0,1.0,1.0,3.0,1.0,1.0
1.0,1.0,1.0,1.0,3.0,2.0,1.086475707630934
1.0,1.0,1.0,1.0,3.0,3.0,1.3401181199322043
1.0,1.0,1.0,1.0,4.0,1.0,1.0
1.0,1.0,1.0,1.0,4.0,3.0,1.4598492610301155
1.0,1.0,1.0,1.0,5.0,1.0,1.0705350099453677
1.0,1.0,1.0,2.0,1.0,1.0,1.0
1.0,1.0,1.0,2.0,1.0,2.0,1.0
1.0,1.0,1.0,2.0,1.0,3.0,1.21406277789556
1.0,1.0,1.0,2.0,2.0,1.0,1.0
1.0,1.0,1.0,2.0,2.0,2.0,1.0801106973661672
1.0,1.0,1.0,2.0,2.0,3.0,1.3338699586639533
1.0,1.0,1.0,2.0,3.0,1.0,1.0
1.0,1.0,1.0,2.0,3.0,2.0,1.1994518650066865
1.0,1.0,1.0,2.0,3.0,3.0,1.4538786150908458
1.0,1.0,1.0,2.0,4.0,2.0,1.319100523809944
1.0,1.0,1.0,2.0,4.0,3.0,1.5735093982790143
1.0,1.0,1.0,2.0,5.0,2.0,1.438909086624987
1.0,1.0,1.0,3.0,1.0,1.0,1.0
1.0,1.0,1.0,3.0,1.0,2.0,1.0738818601544946
1.0,1.0,1.0,3.0,1.0,3.0,1.327352302845626
1.0,1.0,1.0,3.0,2.0,1.0,1.0
1.0,1.0,1.0,3.0,2.0,2.0,1.19341676197085
1.0,1.0,1.0,3.0,2.0,3.0,1.447738832202095
1.0,1.0,1.0,3.0,3.0,1.0,1.0589959901327244
1.0,1.0,1.0,3.0,3.0,2.0,1.3130254891422295
1.0,1.0,1.0,3.0,3.0,3.0,1.5663910089989386
1.0,1.0,1.0,3.0,4.0,3.0,1.6874814346925722
1.0,1.0,1.0,3.0,4.0,4.0,1.9420419263552122
1.0,1.0,1.0,3.0,5.0,3.0,1.8072866075973038
1.0,1.0,1.0,4.0,1.0,1.0,1.0
1.0,1.0,1.0,4.0,1.0,2.0,1.187419499660333
1.0,1.0,1.0,4.0,1.0,3.0,1.4418657262598251
1.0,1.0,1.0,4.0,2.0,2.0,1.3070316108635114
1.0,1.0,1.0,4.0,2.0,3.0,1.5619416824800052
1.0,1.0,1.0,4.0,3.0,3.0,1.6810282676871466
1.0,1.0,1.0,4.0,3.0,4.0,1.935550690618231
1.0,1.0,1.0,4.0,4.0,3.0,1.8018827052840782
1.0,1.0,1.0,4.0,4.0,4.0,2.0555484961476704
1.0,1.0,1.0,5.0,1.0,1.0,1.0464659736389645
1.0,1.0,1.0,5.0,1.0,2.0,1.3011184542720997
1.0,1.0,1.0,5.0,1.0,3.0,1.5556809088839039
1.0,1.0,1.0,5.0,1.0,4.0,1.8102432936804664
1.0,1.0,1.0,5.0,1.0,5.0,2.0647857657403264
1.0,1.0,1.0,5.0,3.0,1.0,1.2860994413363163
1.0,1.0,1.0,5.0,3.0,2.0,1.5407391083348663
1.0,1.0,1.0,5.0,3.0,3.0,1.7950904662111016
1.0,1.0,1.0,5.0,4.0,4.0,2.169941463334264
1.0,1.0,1.0,5.0,4.0,5.0,2.424506835184279
1.0,1.0,1.0,5.0,5.0,5.0,2.5424033270091475
1.0,1.0,2.0,1.0,1.0,1.0,1.0
1.0,1.0,2.0,1.0,1.0,2.0,1.1004466720051929
1.0,1.0,2.0,1.0,2.0,1.0,1.0
1.0,1.0,2.0,1.0,2.0,2.0,1.2163075716122302
1.0,1.0,2.0,1.0,3.0,1.0,1.0815598937786592
1.0,1.0,2.0,1.0,4.0,3.0,1.7104143752448775
1.0,1.0,2.0,1.0,4.0,4.0,1.9651689211058418
1.0,1.0,2.0,2.0,1.0,1.0,1.0
1.0,1.0,2.0,2.0,1.0,2.0,1.2099362353856473
1.0,1.0,2.0,2.0,1.0,3.0,1.4646022126524167
1.0,1.0,2.0,2.0,2.0,1.0,1.0753898340119858
1.0,1.0,2.0,2.0,2.0,2.0,1.3299742181332608
1.0,1.0,2.0,2.0,3.0,1.0,1.1952161000121029
1.0,1.0,2.0,2.0,3.0,2.0,1.4496625471695141
1.0,1.0,2.0,2.0,3.0,3.0,1.7039657046878958
1.0,1.0,2.0,2.0,5.0,2.0,1.6894816366112977
1.0,1.0,2.0,3.0,1.0,1.0,1.06937661315712
1.0,1.0,2.0,3.0,1.0,2.0,1.32371678650193
1.0,1.0,2.0,3.0,1.0,3.0,1.578535497084749
1.0,1.0,2.0,3.0,2.0,2.0,1.4439339047922002
1.0,1.0,2.0,3.0,2.0,3.0,1.6983469713983492
1.0,1.0,2.0,3.0,3.0,1.0,1.3090323810271303
1.0,1.0,2.0,3.0,3.0,3.0,1.8177233239880588
1.0,1.0,2.0,3.0,3.0,4.0,2.0727204791673306
1.0,1.0,2.0,3.0,4.0,2.0,1.68340685739878
1.0,1.0,2.0,4.0,1.0,2.0,1.437791260131875
1.0,1.0,2.0,4.0,1.0,4.0,1.9469191713453633
1.0,1.0,2.0,4.0,3.0,1.0,1.4231176504303515
1.0,1.0,2.0,4.0,3.0,3.0,1.9319719144272236
1.0,1.0,2.0,4.0,4.0,4.0,2.30661543315306
1.0,1.0,2.0,4.0,5.0,3.0,2.1716016444424193
1.0,1.0,2.0,4.0,5.0,5.0,2.680980056053771
1.0,1.0,2.0,5.0,1.0,1.0,1.2970430855422463
1.0,1.0,2.0,5.0,1.0,3.0,1.8064904791057652
1.0,1.0,2.0,5.0,1.0,5.0,2.3152994944522938
1.0,1.0,2.0,5.0,2.0,3.0,1.925981745055355
1.0,1.0,2.0,5.0,3.0,5.0,2.5551802206355085
1.0,1.0,2.0,5.0,5.0,5.0,2.7940553908768764
1.0,1.0,3.0,1.0,1.0,1.0,1.0920003455016039
1.0,1.0,3.0,1.0,1.0,2.0,1.3476345262350709
1.0,1.0,3.0,1.0,2.0,1.0,1.2117979285691085
1.0,1.0,3.0,1.0,2.0,2.0,1.466525984333269
1.0,1.0,3.0,1.0,3.0,1.0,1.3320688200792972
1.0,1.0,3.0,1.0,3.0,3.0,1.840567817678862
1.0,1.0,3.0,1.0,4.0,3.0,1.9608251791203215
1.0,1.0,3.0,2.0,1.0,1.0,1.2063557010989088
1.0,1.0,3.0,2.0,1.0,2.0,1.4607990699579765
1.0,1.0,3.0,2.0,3.0,2.0,1.7013337278914622
1.0,1.0,3.0,2.0,3.0,3.0,1.954577235520393
1.0,1.0,3.0,3.0,1.0,1.0,1.3197302126753307
1.0,1.0,3.0,3.0,1.0,2.0,1.574158370170821
1.0,1.0,3.0,3.0,1.0,3.0,1.8288500148302174
1.0,1.0,3.0,3.0,3.0,2.0,1.814350208102118
1.0,1.0,3.0,3.0,3.0,3.0,2.0677924949428195
1.0,1.0,3.0,3.0,4.0,3.0,2.188722509149556
1.0,1.0,3.0,3.0,4.0,4.0,2.4429070479891686
1.0,1.0,3.0,4.0,1.0,1.0,1.4337167649807858
1.0,1.0,3.0,4.0,1.0,3.0,1.942846452728558
1.0,1.0,3.0,4.0,3.0,4.0,2.4370277152684805
1.0,1.0,3.0,5.0,3.0,3.0,2.296276258211575
1.0,1.0,4.0,1.0,1.0,1.0,1.342672034652321
1.0,1.0,4.0,2.0,2.0,3.0,2.0854825192977535
1.0,1.0,4.0,2.0,3.0,2.0,1.9507579082551345
1.0,1.0,4.0,3.0,1.0,1.0,1.5703899586155878
1.0,1.0,4.0,3.0,1.0,2.0,1.824941503462675
1.0,1.0,4.0,3.0,3.0,3.0,2.319149508594716
1.0,1.0,4.0,4.0,1.0,1.0,1.6840304972677802
1.0,1.0,4.0,4.0,4.0,5.0,3.0621205388652095
1.0,1.0,5.0,1.0,1.0,1.0,1.5932492740589286
1.0,1.0,5.0,4.0,4.0,4.0,3.0580753252228936
1.0,1.0,5.0,5.0,1.0,5.0,3.0675614653124836
1.0,1.0,5.0,5.0,5.0,5.0,3.546004736332335
1.0,2.0,1.0,1.0,1.0,1.0,1.0
1.0,2.0,1.0,1.0,1.0,2.0,1.0
1.0,2.0,1.0,1.0,2.0,1.0,1.0
1.0,2.0,1.0,1.0,2.0,2.0,1.0045889445555005
1.0,2.0,1.0,1.0,2.0,3.0,1.2590871848296017
1.0,2.0,1.0,1.0,3.0,1.0,1.0
1.0,2.0,1.0,1.0,3.0,2.0,1.124403808430356
1.0,2.0,1.0,1.0,3.0,4.0,1.633532321484225
1.0,2.0,1.0,1.0,4.0,1.0,1.0
1.0,2.0,1.0,1.0,4.0,2.0,1.2442149537476155
1.0,2.0,1.0,1.0,4.0,4.0,1.7533368644085523
1.0,2.0,1.0,2.0,1.0,1.0,1.0
1.0,2.0,1.0,2.0,1.0,2.0,1.0
1.0,2.0,1.0,2.0,2.0,1.0,1.0
1.0,2.0,1.0,2.0,2.0,2.0,1.1181579935131891
1.0,2.0,1.0,2.0,2.0,3.0,1.3729719103359301
1.0,2.0,1.0,2.0,3.0,1.0,1.0
1.0,2.0,1.0,2.0,3.0,2.0,1.2392972248671477
1.0,2.0,1.0,2.0,3.0,3.0,1.4927910093661745
1.0,2.0,1.0,2.0,4.0,2.0,1.3580300130481433
1.0,2.0,1.0,2.0,4.0,3.0,1.6125916186636489
1.0,2.0,1.0,3.0,1.0,1.0,1.0
1.0,2.0,1.0,3.0,1.0,2.0,1.1123569009743068
1.0,2.0,1.0,3.0,1.0,3.0,1.3669503425104028
1.0,2.0,1.0,3.0,2.0,1.0,1.0
1.0,2.0,1.0,3.0,2.0,2.0,1.2316692322504035
1.0,2.0,1.0,3.0,2.0,3.0,1.4866661006975137
1.0,2.0,1.0,3.0,3.0,1.0,1.0973421622442125
1.0,2.0,1.0,3.0,3.0,2.0,1.352113789422433
1.0,2.0,1.0,3.0,3.0,3.0,1.605734939776594
1.0,2.0,1.0,3.0,3.0,5.0,2.115689348775554
1.0,2.0,1.0,3.0,4.0,2.0,1.4722545795923663
1.0,2.0,1.0,3.0,4.0,3.0,1.7262124591703256
1.0,2.0,1.0,3.0,5.0,5.0,2.3553487698148565
1.0,2.0,1.0,4.0,1.0,1.0,1.0
1.0,2.0,1.0,4.0,2.0,1.0,1.091476479644958
1.0,2.0,1.0,4.0,2.0,2.0,1.3464817480713154
1.0,2.0,1.0,4.0,3.0,1.0,1.2112869415739669
1.0,2.0,1.0,4.0,3.0,2.0,1.4658496192958357
1.0,2.0,1.0,4.0,3.0,3.0,1.7204871835307831
1.0,2.0,1.0,4.0,4.0,1.0,1.3313661327048607
1.0,2.0,1.0,4.0,4.0,2.0,1.5857678597674745
1.0,2.0,1.0,4.0,4.0,3.0,1.8404915484095565
1.0,2.0,1.0,4.0,4.0,4.0,2.0935974038957292
1.0,2.0,1.0,5.0,2.0,4.0,1.968986476328408
1.0,2.0,1.0,5.0,2.0,5.0,2.223797262833238
1.0,2.0,1.0,5.0,3.0,3.0,1.833784765633994
1.0,2.0,1.0,5.0,4.0,4.0,2.2086026801387266
1.0,2.0,1.0,5.0,4.0,5.0,2.463437706038704
1.0,2.0,1.0,5.0,5.0,3.0,2.0741173929823105
1.0,2.0,1.0,5.0,5.0,5.0,2.582929275136854
1.0,2.0,2.0,1.0,1.0,1.0,1.0
1.0,2.0,2.0,1.0,1.0,2.0,1.135167166814098
1.0,2.0,2.0,1.0,2.0,1.0,1.002115136543974
1.0,2.0,2.0,1.0,2.0,2.0,1.2550758047292572
1.0,2.0,2.0,1.0,2.0,4.0,1.7644719175612287
1.0,2.0,2.0,1.0,3.0,1.0,1.1205675462809936
1.0,2.0,2.0,1.0,3.0,3.0,1.6294583786704684
1.0,2.0,2.0,1.0,4.0,2.0,1.4957722300445104
1.0,2.0,2.0,1.0,4.0,3.0,1.7492668116738586
1.0,2.0,2.0,1.0,5.0,1.0,1.359942570446769
1.0,2.0,2.0,2.0,1.0,1.0,1.0
1.0,2.0,2.0,2.0,1.0,2.0,1.2490910248153588
1.0,2.0,2.0,2.0,2.0,1.0,1.1145115344106904
1.0,2.0,2.0,2.0,2.0,2.0,1.3683795812046229
1.0,2.0,2.0,2.0,2.0,3.0,1.6237275001123193
1.0,2.0,2.0,2.0,3.0,2.0,1.4895242590670206
1.0,2.0,2.0,2.0,3.0,3.0,1.7429443996049903
1.0,2.0,2.0,2.0,4.0,2.0,1.6085211046061254
1.0,2.0,2.0,2.0,4.0,4.0,2.117613146095998
1.0,2.0,2.0,3.0,1.0,1.0,1.1084631263301203
1.0,2.0,2.0,3.0,1.0,3.0,1.6174671860464482
1.0,2.0,2.0,3.0,2.0,1.0,1.2284187373352382
1.0,2.0,2.0,3.0,2.0,2.0,1.4823292016281795
1.0,2.0,2.0,3.0,2.0,3.0,1.7372903509706854
1.0,2.0,2.0,3.0,3.0,1.0,1.3482271851444654
1.0,2.0,2.0,3.0,3.0,2.0,1.6026312027261649
1.0,2.0,2.0,3.0,3.0,3.0,1.8568596527874814
1.0,2.0,2.0,3.0,4.0,1.0,1.4677699846793997
1.0,2.0,2.0,3.0,4.0,3.0,1.9771695646377148
1.0,2.0,2.0,3.0,4.0,4.0,2.23199550675546
1.0,2.0,2.0,3.0,5.0,1.0,1.5875887156161792
1.0,2.0,2.0,3.0,5.0,4.0,2.351539656870526
1.0,2.0,2.0,4.0,1.0,1.0,1.2221555827569872
1.0,2.0,2.0,4.0,1.0,2.0,1.4769991281019725
1.0,2.0,2.0,4.0,1.0,3.0,1.7312316142929882
1.0,2.0,2.0,4.0,2.0,2.0,1.5973315372180783
1.0,2.0,2.0,4.0,2.0,3.0,1.8513588133006154
1.0,2.0,2.0,4.0,3.0,2.0,1.716339294257559
1.0,2.0,2.0,4.0,3.0,3.0,1.9706644541400062
1.0,2.0,2.0,4.0,3.0,4.0,2.2257296062483
1.0,2.0,2.0,4.0,4.0,1.0,1.581853057656496
1.0,2.0,2.0,4.0,4.0,3.0,2.0909069683503363
1.0,2.0,2.0,4.0,4.0,4.0,2.3446402097357546
1.0,2.0,2.0,4.0,5.0,4.0,2.4652298040853347
1.0,2.0,2.0,5.0,1.0,1.0,1.3359738322607297
1.0,2.0,2.0,5.0,1.0,3.0,1.8450968074451308
1.0,2.0,2.0,5.0,1.0,4.0,2.0993717418138362
1.0,2.0,2.0,5.0,1.0,5.0,2.3550272306416797
1.0,2.0,2.0,5.0,2.0,3.0,1.9649105859039473
1.0,2.0,2.0,5.0,3.0,2.0,1.829933545495675
1.0,2.0,2.0,5.0,3.0,3.0,2.0847159159485127
1.0,2.0,2.0,5.0,5.0,4.0,2.579436316103847
1.0,2.0,2.0,5.0,5.0,5.0,2.833023458458979
1.0,2.0,3.0,1.0,1.0,1.0,1.1312198256119188
1.0,2.0,3.0,1.0,2.0,1.0,1.2507407630951641
1.0,2.0,3.0,1.0,2.0,2.0,1.5054350899524318
1.0,2.0,3.0,1.0,3.0,1.0,1.370818296077743
1.0,2.0,3.0,1.0,3.0,2.0,1.6253812370635903
1.0,2.0,3.0,1.0,3.0,3.0,1.8799406944911898
1.0,2.0,3.0,2.0,1.0,1.0,1.2457498049970837
1.0,2.0,3.0,2.0,1.0,2.0,1.5003735823880653
1.0,2.0,3.0,2.0,2.0,1.0,1.364629899428938
1.0,2.0,3.0,2.0,2.0,2.0,1.6193864083378449
1.0,2.0,3.0,2.0,3.0,1.0,1.4846302441756576
1.0,2.0,3.0,2.0,3.0,3.0,1.9937616866708492
1.0,2.0,3.0,2.0,4.0,3.0,2.114072631759518
1.0,2.0,3.0,3.0,1.0,1.0,1.3588287573677174
1.0,2.0,3.0,3.0,1.0,3.0,1.867032549816285
1.0,2.0,3.0,3.0,2.0,1.0,1.4786365595385242
1.0,2.0,3.0,3.0,2.0,2.0,1.7332016626400066
1.0,2.0,3.0,3.0,2.0,3.0,1.9877663487918193
1.0,2.0,3.0,3.0,3.0,2.0,1.8530917489491618
1.0,2.0,3.0,3.0,3.0,3.0,2.107375337469375
1.0,2.0,3.0,3.0,3.0,4.0,2.3624049264151976
1.0,2.0,3.0,3.0,4.0,2.0,1.9728236747467978
1.0,2.0,3.0,3.0,5.0,5.0,2.856586144443422
1.0,2.0,3.0,4.0,1.0,1.0,1.4726444170462232
1.0,2.0,3.0,4.0,1.0,2.0,1.727208957843548
1.0,2.0,3.0,4.0,1.0,3.0,1.982035025621873
1.0,2.0,3.0,4.0,2.0,2.0,1.8470172770186184
1.0,2.0,3.0,4.0,2.0,3.0,2.101848812005436
1.0,2.0,3.0,4.0,2.0,4.0,2.356410001508336
1.0,2.0,3.0,4.0,3.0,2.0,1.967112455713604
1.0,2.0,3.0,4.0,3.0,3.0,2.2213897364887085
1.0,2.0,3.0,4.0,3.0,4.0,2.4758267281146065
1.0,2.0,3.0,4.0,4.0,3.0,2.3417368207915223
1.0,2.0,3.0,4.0,4.0,4.0,2.5950223626371964
1.0,2.0,3.0,4.0,5.0,3.0,2.4615399279655774
1.0,2.0,3.0,5.0,1.0,3.0,2.095269304050321
1.0,2.0,3.0,5.0,1.0,4.0,2.3504160550214466
1.0,2.0,3.0,5.0,1.0,5.0,2.604715962353215
1.0,2.0,3.0,5.0,3.0,5.0,2.8443389834656183
1.0,2.0,3.0,5.0,4.0,3.0,2.455282611052125
1.0,2.0,3.0,5.0,4.0,4.0,2.7095781474819556
1.0,2.0,3.0,5.0,5.0,3.0,2.5748297561624445
1.0,2.0,3.0,5.0,5.0,5.0,3.083952209440232
1.0,2.0,4.0,1.0,1.0,1.0,1.38168627879838
1.0,2.0,4.0,1.0,1.0,2.0,1.6362548563786092
1.0,2.0,4.0,1.0,3.0,1.0,1.6213087225087857
1.0,2.0,4.0,1.0,3.0,2.0,1.8761315917784873
1.0,2.0,4.0,2.0,1.0,3.0,2.0046280378513623
1.0,2.0,4.0,2.0,5.0,4.0,2.738695936585619
1.0,2.0,4.0,3.0,2.0,3.0,2.2385243287561685
1.0,2.0,4.0,4.0,2.0,3.0,2.3522421576727317
1.0,2.0,4.0,4.0,2.0,4.0,2.6066353420368977
1.0,2.0,4.0,4.0,4.0,4.0,2.8465170695975432
1.0,2.0,4.0,5.0,2.0,5.0,2.9755386101530306
1.0,2.0,5.0,1.0,1.0,1.0,1.6321784615691861
1.0,2.0,5.0,5.0,5.0,1.0,2.5669444608465146
1.0,3.0,1.0,1.0,1.0,1.0,1.0
1.0,3.0,1.0,1.0,1.0,2.0,1.0
1.0,3.0,1.0,1.0,1.0,3.0,1.1780384554974972
1.0,3.0,1.0,1.0,2.0,1.0,1.0
1.0,3.0,1.0,1.0,2.0,2.0,1.0442869377297586
1.0,3.0,1.0,1.0,2.0,3.0,1.2982219887161663
1.0,3.0,1.0,1.0,3.0,1.0,1.0
1.0,3.0,1.0,1.0,3.0,2.0,1.1628990550325462
1.0,3.0,1.0,1.0,3.0,3.0,1.4176282844345311
1.0,3.0,1.0,1.0,4.0,1.0,1.0285483727437803
1.0,3.0,1.0,1.0,4.0,2.0,1.2829165559096707
1.0,3.0,1.0,1.0,4.0,3.0,1.5377030951567188
1.0,3.0,1.0,1.0,4.0,4.0,1.7920604281419852
1.0,3.0,1.0,1.0,4.0,5.0,2.0476139691466595
1.0,3.0,1.0,1.0,5.0,1.0,1.148574785612747
1.0,3.0,1.0,1.0,5.0,3.0,1.6571675326462176
1.0,3.0,1.0,2.0,1.0,1.0,1.0
1.0,3.0,1.0,2.0,1.0,2.0,1.0378423065295839
1.0,3.0,1.0,2.0,1.0,3.0,1.2918576980875496
1.0,3.0,1.0,2.0,2.0,1.0,1.0
1.0,3.0,1.0,2.0,2.0,2.0,1.15762334731178
1.0,3.0,1.0,2.0,2.0,3.0,1.4116192551190243
1.0,3.0,1.0,2.0,3.0,1.0,1.0233162536623317
1.0,3.0,1.0,2.0,3.0,2.0,1.27703344855888
1.0,3.0,1.0,2.0,3.0,3.0,1.529982451330326
1.0,3.0,1.0,2.0,3.0,4.0,1.7862754287645524
1.0,3.0,1.0,2.0,4.0,1.0,1.1423967419411385
1.0,3.0,1.0,2.0,4.0,2.0,1.3973845372400657
1.0,3.0,1.0,2.0,4.0,3.0,1.6511732924962617
1.0,3.0,1.0,2.0,5.0,1.0,1.262204763443441
1.0,3.0,1.0,2.0,5.0,2.0,1.5167695505101075
1.0,3.0,1.0,3.0,1.0,1.0,1.0
1.0,3.0,1.0,3.0,1.0,2.0,1.1510467804780744
1.0,3.0,1.0,3.0,1.0,3.0,1.4039095016051688
1.0,3.0,1.0,3.0,1.0,4.0,1.6604708560735515
1.0,3.0,1.0,3.0,1.0,5.0,1.9150189631025039
1.0,3.0,1.0,3.0,2.0,1.0,1.0168110792343825
1.0,3.0,1.0,3.0,2.0,2.0,1.2707762759362826
1.0,3.0,1.0,3.0,2.0,3.0,1.5245584065117919
1.0,3.0,1.0,3.0,3.0,1.0,1.1368466908565793
1.0,3.0,1.0,3.0,3.0,2.0,1.3907464863825125
1.0,3.0,1.0,3.0,3.0,3.0,1.640066662348351
1.0,3.0,1.0,3.0,3.0,4.0,1.9000864161187294
1.0,3.0,1.0,3.0,4.0,1.0,1.2562108305875443
1.0,3.0,1.0,3.0,4.0,2.0,1.5107740295180567
1.0,3.0,1.0,3.0,4.0,3.0,1.7653218803188573
1.0,3.0,1.0,3.0,4.0,4.0,2.0201644849758993
1.0,3.0,1.0,3.0,5.0,2.0,1.6306831334388074
1.0,3.0,1.0,3.0,5.0,3.0,1.8849082059331868
1.0,3.0,1.0,4.0,1.0,1.0,1.0108379488151453
1.0,3.0,1.0,4.0,1.0,2.0,1.2662778775893795
1.0,3.0,1.0,4.0,1.0,3.0,1.5184782498272862
1.0,3.0,1.0,4.0,2.0,1.0,1.1306380701311254
1.0,3.0,1.0,4.0,2.0,2.0,1.3847646987582036
1.0,3.0,1.0,4.0,2.0,3.0,1.6398209437607025
1.0,3.0,1.0,4.0,2.0,4.0,1.8941225644892614
1.0,3.0,1.0,4.0,3.0,1.0,1.2502803203234225
1.0,3.0,1.0,4.0,3.0,2.0,1.504645802975678
1.0,3.0,1.0,4.0,3.0,3.0,1.7564269079397612
1.0,3.0,1.0,4.0,3.0,4.0,2.0133623050942684
1.0,3.0,1.0,4.0,3.0,5.0,2.2681309314401044
1.0,3.0,1.0,4.0,4.0,1.0,1.370028195257918
1.0,3.0,1.0,4.0,4.0,3.0,1.878450609254065
1.0,3.0,1.0,4.0,4.0,4.0,2.1321365477683267
1.0,3.0,1.0,4.0,5.0,1.0,1.4898297815360941
1.0,3.0,1.0,4.0,5.0,5.0,2.5080870079528825
1.0,3.0,1.0,5.0,1.0,1.0,1.124278194118779
1.0,3.0,1.0,5.0,1.0,3.0,1.6333681599078638
1.0,3.0,1.0,5.0,1.0,4.0,1.8878961035691444
1.0,3.0,1.0,5.0,2.0,2.0,1.498652403421033
1.0,3.0,1.0,5.0,2.0,4.0,2.008174902147041
1.0,3.0,1.0,5.0,3.0,1.0,1.3639351086897744
1.0,3.0,1.0,5.0,3.0,3.0,1.8726919701892206
1.0,3.0,1.0,5.0,3.0,5.0,2.381917551748995
1.0,3.0,1.0,5.0,4.0,1.0,1.4839786268152475
1.0,3.0,1.0,5.0,4.0,4.0,2.2460708942016097
1.0,3.0,1.0,5.0,5.0,1.0,1.6039219085432952
1.0,3.0,1.0,5.0,5.0,2.0,1.8582164977035887
1.0,3.0,1.0,5.0,5.0,3.0,2.11277757628821
1.0,3.0,1.0,5.0,5.0,5.0,2.6210346997490213
1.0,3.0,2.0,1.0,1.0,1.0,1.0
1.0,3.0,2.0,1.0,1.0,2.0,1.1742028690311035
1.0,3.0,2.0,1.0,1.0,3.0,1.4286486206077575
1.0,3.0,2.0,1.0,2.0,1.0,1.040249565523251
1.0,3.0,2.0,1.0,2.0,2.0,1.2943725001023083
1.0,3.0,2.0,1.0,2.0,3.0,1.5486680176723078
1.0,3.0,2.0,1.0,3.0,1.0,1.1592394798890162
1.0,3.0,2.0,1.0,3.0,2.0,1.414646728619692
1.0,3.0,2.0,1.0,3.0,3.0,1.6684708152921568
1.0,3.0,2.0,1.0,4.0,1.0,1.2790362505225534
1.0,3.0,2.0,1.0,4.0,2.0,1.5336334228889328
1.0,3.0,2.0,1.0,5.0,5.0,2.417401449942346
1.0,3.0,2.0,2.0,1.0,1.0,1.034623484438675
1.0,3.0,2.0,2.0,1.0,2.0,1.2877463407633827
1.0,3.0,2.0,2.0,1.0,3.0,1.5424116513483632
1.0,3.0,2.0,2.0,2.0,1.0,1.1532842725797086
1.0,3.0,2.0,2.0,2.0,2.0,1.4073231442843446
1.0,3.0,2.0,2.0,2.0,3.0,1.6621274556303722
1.0,3.0,2.0,2.0,2.0,4.0,1.916952179269528
1.0,3.0,2.0,2.0,3.0,1.0,1.2731942447872984
1.0,3.0,2.0,2.0,3.0,2.0,1.5275631154441975
1.0,3.0,2.0,2.0,3.0,3.0,1.7820984474842154
1.0,3.0,2.0,2.0,4.0,2.0,1.6474467231378531
1.0,3.0,2.0,2.0,4.0,3.0,1.9022759588187466
1.0,3.0,2.0,2.0,4.0,4.0,2.156223723812614
1.0,3.0,2.0,2.0,5.0,1.0,1.5127027585943023
1.0,3.0,2.0,2.0,5.0,3.0,2.0220874052120377
1.0,3.0,2.0,3.0,1.0,1.0,1.1473690781029344
1.0,3.0,2.0,3.0,1.0,2.0,1.401508712667062
1.0,3.0,2.0,3.0,1.0,3.0,1.654932749469782
1.0,3.0,2.0,3.0,1.0,4.0,1.910987111132832
1.0,3.0,2.0,3.0,2.0,1.0,1.266937984650021
1.0,3.0,2.0,3.0,2.0,2.0,1.5229033784800774
1.0,3.0,2.0,3.0,2.0,3.0,1.776420332455179
1.0,3.0,2.0,3.0,3.0,1.0,1.3871284427482362
1.0,3.0,2.0,3.0,3.0,2.0,1.6401471637484644
1.0,3.0,2.0,3.0,3.0,3.0,1.8907071139580098
1.0,3.0,2.0,3.0,3.0,4.0,2.150497842898881
1.0,3.0,2.0,3.0,4.0,2.0,1.7613903703698783
1.0,3.0,2.0,3.0,4.0,3.0,2.015267518310734
1.0,3.0,2.0,3.0,4.0,4.0,2.2704390925511646
1.0,3.0,2.0,3.0,5.0,2.0,1.881339110810447
1.0,3.0,2.0,3.0,5.0,4.0,2.390464367554317
1.0,3.0,2.0,3.0,5.0,5.0,2.644760159955191
1.0,3.0,2.0,4.0,1.0,1.0,1.2609468730823556
1.0,3.0,2.0,4.0,1.0,2.0,1.5153752215268435
1.0,3.0,2.0,4.0,1.0,3.0,1.7703941304676563
1.0,3.0,2.0,4.0,1.0,4.0,2.023941722763094
1.0,3.0,2.0,4.0,2.0,1.0,1.380894598064424
1.0,3.0,2.0,4.0,2.0,2.0,1.635726196637799
1.0,3.0,2.0,4.0,2.0,3.0,1.8900503569007898
1.0,3.0,2.0,4.0,2.0,4.0,2.1448113969190925
1.0,3.0,2.0,4.0,3.0,1.0,1.5008388016493708
1.0,3.0,2.0,4.0,3.0,2.0,1.7556650095808741
1.0,3.0,2.0,4.0,3.0,3.0,2.0079274554951225
1.0,3.0,2.0,4.0,3.0,4.0,2.263707162975023
1.0,3.0,2.0,4.0,4.0,2.0,1.875378616361537
1.0,3.0,2.0,4.0,4.0,3.0,2.1286016657427465
1.0,3.0,2.0,4.0,4.0,4.0,2.383489427387686
1.0,3.0,2.0,4.0,5.0,3.0,2.2497200719941857
1.0,3.0,2.0,4.0,5.0,4.0,2.5042820532866568
1.0,3.0,2.0,4.0,5.0,5.0,2.7585764860958344
1.0,3.0,2.0,5.0,1.0,2.0,1.6297297632878769
1.0,3.0,2.0,5.0,1.0,3.0,1.8840888529102746
1.0,3.0,2.0,5.0,1.0,5.0,2.3927830351711266
1.0,3.0,2.0,5.0,2.0,1.0,1.4947095201897318
1.0,3.0,2.0,5.0,2.0,2.0,1.7495397035621045
1.0,3.0,2.0,5.0,2.0,3.0,2.004101402935923
1.0,3.0,2.0,5.0,2.0,4.0,2.258401166587352
1.0,3.0,2.0,5.0,3.0,4.0,2.378108773539204
1.0,3.0,2.0,5.0,3.0,5.0,2.632771326460181
1.0,3.0,2.0,5.0,4.0,2.0,1.9891614924095196
1.0,3.0,2.0,5.0,4.0,3.0,2.243392311135163
1.0,3.0,2.0,5.0,4.0,4.0,2.497885459394973
1.0,3.0,2.0,5.0,5.0,3.0,2.3634366277270025
1.0,3.0,2.0,5.0,5.0,4.0,2.6183645667921236
1.0,3.0,2.0,5.0,5.0,5.0,2.872229383689033
1.0,3.0,3.0,1.0,1.0,1.0,1.1682814856441825
1.0,3.0,3.0,1.0,1.0,2.0,1.4242386088937715
1.0,3.0,3.0,1.0,1.0,3.0,1.6790692666407292
1.0,3.0,3.0,1.0,2.0,1.0,1.288626392911311
1.0,3.0,3.0,1.0,2.0,2.0,1.5443306688878875
1.0,3.0,3.0,1.0,2.0,3.0,1.7990615290294625
1.0,3.0,3.0,1.0,3.0,1.0,1.408704186131942
1.0,3.0,3.0,1.0,3.0,2.0,1.6638694324911356
1.0,3.0,3.0,1.0,3.0,3.0,1.9167389070001737
1.0,3.0,3.0,1.0,4.0,1.0,1.5294151436124315
1.0,3.0,3.0,1.0,4.0,2.0,1.78438419587666
1.0,3.0,3.0,1.0,4.0,3.0,2.03893831460654
1.0,3.0,3.0,1.0,4.0,4.0,2.293513018509311
1.0,3.0,3.0,1.0,5.0,2.0,1.9039287601146033
1.0,3.0,3.0,1.0,5.0,3.0,2.1584942038424395
1.0,3.0,3.0,1.0,5.0,5.0,2.6684217002684325
1.0,3.0,3.0,2.0,1.0,1.0,1.283564319856518
1.0,3.0,3.0,2.0,1.0,2.0,1.5385046501206594
1.0,3.0,3.0,2.0,1.0,3.0,1.7931218489994531
1.0,3.0,3.0,2.0,2.0,1.0,1.4038033916934243
1.0,3.0,3.0,2.0,2.0,2.0,1.6584130792304468
1.0,3.0,3.0,2.0,2.0,3.0,1.9134344919903776
1.0,3.0,3.0,2.0,3.0,1.0,1.5232843128309828
1.0,3.0,3.0,2.0,3.0,2.0,1.7774746822965308
1.0,3.0,3.0,2.0,3.0,3.0,2.0317871233149445
1.0,3.0,3.0,2.0,4.0,1.0,1.6436388582540957
1.0,3.0,3.0,2.0,4.0,2.0,1.8979358348810005
1.0,3.0,3.0,2.0,4.0,3.0,2.152992435016344
1.0,3.0,3.0,2.0,4.0,4.0,2.407220183743305
1.0,3.0,3.0,2.0,5.0,5.0,2.781970183562097
1.0,3.0,3.0,3.0,1.0,1.0,1.3968037451706985
1.0,3.0,3.0,3.0,1.0,2.0,1.6518119394126454
1.0,3.0,3.0,3.0,1.0,3.0,1.9057769075269049
1.0,3.0,3.0,3.0,2.0,1.0,1.5174307075478486
1.0,3.0,3.0,3.0,2.0,2.0,1.772493854300535
1.0,3.0,3.0,3.0,2.0,3.0,2.0255445413988356
1.0,3.0,3.0,3.0,3.0,1.0,1.6366254002685476
1.0,3.0,3.0,3.0,3.0,2.0,1.8922562705369816
1.0,3.0,3.0,3.0,3.0,3.0,2.134661342749824
1.0,3.0,3.0,3.0,3.0,4.0,2.400801462828534
1.0,3.0,3.0,3.0,4.0,1.0,1.7569852910196677
1.0,3.0,3.0,3.0,4.0,3.0,2.2667578099315753
1.0,3.0,3.0,3.0,4.0,4.0,2.5203132240015482
1.0,3.0,3.0,3.0,4.0,5.0,2.7759778251130656
1.0,3.0,3.0,3.0,5.0,4.0,2.6409538757020976
1.0,3.0,3.0,3.0,5.0,5.0,2.8952796868893573
1.0,3.0,3.0,4.0,1.0,1.0,1.5123658603124788
1.0,3.0,3.0,4.0,1.0,2.0,1.7665263264762376
1.0,3.0,3.0,4.0,1.0,3.0,2.0185265507820715
1.0,3.0,3.0,4.0,1.0,4.0,2.274778075047389
1.0,3.0,3.0,4.0,1.0,5.0,2.529946497093591
1.0,3.0,3.0,4.0,2.0,2.0,1.8859459818712385
1.0,3.0,3.0,4.0,2.0,3.0,2.140094754366948
1.0,3.0,3.0,4.0,2.0,4.0,2.3953969234963695
1.0,3.0,3.0,4.0,3.0,1.0,1.7511928331941105
1.0,3.0,3.0,4.0,3.0,2.0,2.005756290067804
1.0,3.0,3.0,4.0,3.0,3.0,2.2556023463426493
1.0,3.0,3.0,4.0,3.0,4.0,2.5137957786589533
1.0,3.0,3.0,4.0,4.0,1.0,1.871002630506643
1.0,3.0,3.0,4.0,4.0,2.0,2.125831672195207
1.0,3.0,3.0,4.0,4.0,3.0,2.379054223364436
1.0,3.0,3.0,4.0,4.0,4.0,2.6302141224797313
1.0,3.0,3.0,4.0,5.0,4.0,2.754636812804746
1.0,3.0,3.0,4.0,5.0,5.0,3.0090643992651502
1.0,3.0,3.0,5.0,1.0,1.0,1.6259234388680286
1.0,3.0,3.0,5.0,1.0,3.0,2.134481198976049
1.0,3.0,3.0,5.0,1.0,4.0,2.3887057678607375
1.0,3.0,3.0,5.0,1.0,5.0,2.6439086784106287
1.0,3.0,3.0,5.0,2.0,1.0,1.7451984339089246
1.0,3.0,3.0,5.0,2.0,2.0,1.9997633058116608
1.0,3.0,3.0,5.0,2.0,3.0,2.254456425855826
1.0,3.0,3.0,5.0,2.0,5.0,2.7639857286083127
1.0,3.0,3.0,5.0,3.0,3.0,2.37347293325654
1.0,3.0,3.0,5.0,3.0,4.0,2.6290623153170936
1.0,3.0,3.0,5.0,3.0,5.0,2.8832911892580717
1.0,3.0,3.0,5.0,4.0,1.0,1.9850880328435443
1.0,3.0,3.0,5.0,4.0,2.0,2.239647453143244
1.0,3.0,3.0,5.0,4.0,4.0,2.7471136285272357
1.0,3.0,3.0,5.0,4.0,5.0,3.0022711031313714
1.0,3.0,3.0,5.0,5.0,1.0,2.104630091391106
1.0,3.0,3.0,5.0,5.0,3.0,2.6139609577356886
1.0,3.0,3.0,5.0,5.0,4.0,2.8679280106560596
1.0,3.0,3.0,5.0,5.0,5.0,3.123384955909846
1.0,3.0,4.0,1.0,1.0,1.0,1.4204321235803583
1.0,3.0,4.0,1.0,2.0,1.0,1.5404254965002189
1.0,3.0,4.0,1.0,3.0,3.0,2.1696281252867546
1.0,3.0,4.0,2.0,1.0,2.0,1.7889922906516178
1.0,3.0,4.0,2.0,3.0,1.0,1.7740508056076207
1.0,3.0,4.0,2.0,3.0,2.0,2.028608100622414
1.0,3.0,4.0,2.0,3.0,3.0,2.2830341233748492
1.0,3.0,4.0,2.0,4.0,2.0,2.1484219273040948
1.0,3.0,4.0,2.0,4.0,3.0,2.4029865703636824
1.0,3.0,4.0,3.0,2.0,3.0,2.2771822663732615
1.0,3.0,4.0,3.0,2.0,4.0,2.532010404353228
1.0,3.0,4.0,3.0,3.0,3.0,2.3966746054208956
1.0,3.0,4.0,3.0,4.0,3.0,2.516931736654828
1.0,3.0,4.0,3.0,4.0,4.0,2.7713644634603822
1.0,3.0,4.0,4.0,1.0,1.0,1.7620575274239374
1.0,3.0,4.0,4.0,1.0,3.0,2.271190249128282
1.0,3.0,4.0,4.0,1.0,4.0,2.5264098601513294
1.0,3.0,4.0,4.0,3.0,3.0,2.510537249274116
1.0,3.0,4.0,4.0,3.0,4.0,2.7659036724298156
1.0,3.0,4.0,4.0,4.0,1.0,2.1214917501527637
1.0,3.0,4.0,4.0,4.0,3.0,2.6311505615374036
1.0,3.0,4.0,4.0,4.0,4.0,2.8841789239568008
1.0,3.0,4.0,4.0,5.0,2.0,2.495876817522229
1.0,3.0,4.0,4.0,5.0,4.0,3.004988110866456
1.0,3.0,4.0,4.0,5.0,5.0,3.259823300068731
1.0,3.0,4.0,5.0,1.0,5.0,2.8946680234260906
1.0,3.0,4.0,5.0,3.0,4.0,2.8791856547698265
1.0,3.0,4.0,5.0,4.0,4.0,2.9989966363889566
1.0,3.0,4.0,5.0,4.0,5.0,3.253831270830319
1.0,3.0,4.0,5.0,5.0,5.0,3.3735367166340517
1.0,3.0,5.0,2.0,3.0,3.0,2.5336655489322264
1.0,3.0,5.0,2.0,5.0,5.0,3.2829453722565245
1.0,3.0,5.0,3.0,1.0,1.0,1.8987360383058856
1.0,3.0,5.0,3.0,1.0,2.0,2.153299412021697
1.0,3.0,5.0,3.0,1.0,3.0,2.4078596030944817
1.0,3.0,5.0,3.0,3.0,3.0,2.6474821613712582
1.0,3.0,5.0,3.0,4.0,3.0,2.7672922645569846
1.0,3.0,5.0,3.0,4.0,4.0,3.0223878577514025
1.0,3.0,5.0,4.0,3.0,3.0,2.761831271690099
1.0,3.0,5.0,4.0,4.0,3.0,2.8811068971384755
1.0,3.0,5.0,5.0,1.0,3.0,2.635756863266646
1.0,3.0,5.0,5.0,1.0,4.0,2.8900574804687613
1.0,3.0,5.0,5.0,1.0,5.0,3.144884355054797
1.0,3.0,5.0,5.0,2.0,4.0,3.0098600555275947
1.0,3.0,5.0,5.0,3.0,5.0,3.3842435349913917
1.0,3.0,5.0,5.0,4.0,4.0,3.2493572933882757
1.0,3.0,5.0,5.0,5.0,3.0,3.114702171704826
1.0,3.0,5.0,5.0,5.0,5.0,3.624391132418844
1.0,4.0,1.0,1.0,1.0,1.0,1.0
1.0,4.0,1.0,1.0,1.0,2.0,1.0
1.0,4.0,1.0,1.0,1.0,3.0,1.2172953873989232
1.0,4.0,1.0,1.0,1.0,4.0,1.471773456002594
1.0,4.0,1.0,1.0,2.0,1.0,1.0
1.0,4.0,1.0,1.0,2.0,2.0,1.0824984362839636
1.0,4.0,1.0,1.0,2.0,3.0,1.3370127629435848
1.0,4.0,1.0,1.0,3.0,1.0,1.0
1.0,4.0,1.0,1.0,3.0,2.0,1.2026821088163344
1.0,4.0,1.0,1.0,3.0,3.0,1.4564091167263697
1.0,4.0,1.0,1.0,3.0,4.0,1.7115390243666655
1.0,4.0,1.0,1.0,4.0,1.0,1.0673835759406944
1.0,4.0,1.0,1.0,4.0,2.0,1.3224395992960063
1.0,4.0,1.0,1.0,4.0,3.0,1.5764798738834858
1.0,4.0,1.0,1.0,4.0,4.0,1.8307527741601421
1.0,4.0,1.0,2.0,1.0,1.0,1.0
1.0,4.0,1.0,2.0,1.0,2.0,1.0765195912358811
1.0,4.0,1.0,2.0,1.0,3.0,1.3311084677740472
1.0,4.0,1.0,2.0,2.0,1.0,1.0
1.0,4.0,1.0,2.0,2.0,2.0,1.196166669859065
1.0,4.0,1.0,2.0,2.0,3.0,1.4503501234622336
1.0,4.0,1.0,2.0,3.0,1.0,1.0616823620201477
1.0,4.0,1.0,2.0,3.0,2.0,1.3161735730117186
1.0,4.0,1.0,2.0,3.0,3.0,1.5698440799160467
1.0,4.0,1.0,2.0,4.0,2.0,1.435770611577739
1.0,4.0,1.0,2.0,4.0,3.0,1.6903473680638121
1.0,4.0,1.0,2.0,4.0,4.0,1.9447597401918792
1.0,4.0,1.0,2.0,5.0,1.0,1.3011544646365232
1.0,4.0,1.0,2.0,5.0,5.0,2.3193872509432683
1.0,4.0,1.0,3.0,1.0,1.0,1.0
1.0,4.0,1.0,3.0,1.0,2.0,1.18996753269515
1.0,4.0,1.0,3.0,1.0,3.0,1.444242837750012
1.0,4.0,1.0,3.0,2.0,1.0,1.055521405671023
1.0,4.0,1.0,3.0,2.0,2.0,1.3098527664178652
1.0,4.0,1.0,3.0,2.0,3.0,1.5643237371585912
1.0,4.0,1.0,3.0,2.0,4.0,1.8194724702526712
1.0,4.0,1.0,3.0,3.0,1.0,1.1748943210171268
1.0,4.0,1.0,3.0,3.0,2.0,1.4294714013036312
1.0,4.0,1.0,3.0,3.0,3.0,1.6799024175405
1.0,4.0,1.0,3.0,3.0,4.0,1.9390345440681802
1.0,4.0,1.0,3.0,4.0,1.0,1.2950589818354532
1.0,4.0,1.0,3.0,4.0,2.0,1.54982134485366
1.0,4.0,1.0,3.0,4.0,3.0,1.8030331678287836
1.0,4.0,1.0,3.0,4.0,4.0,2.0576400239330357
1.0,4.0,1.0,3.0,5.0,3.0,1.924072691477255
1.0,4.0,1.0,3.0,5.0,4.0,2.1786356493515813
1.0,4.0,1.0,4.0,1.0,1.0,1.0498706608332824
1.0,4.0,1.0,4.0,1.0,2.0,1.304826988499039
1.0,4.0,1.0,4.0,1.0,3.0,1.5578755741710586
1.0,4.0,1.0,4.0,1.0,4.0,1.812612182866879
1.0,4.0,1.0,4.0,2.0,1.0,1.1698226222436292
1.0,4.0,1.0,4.0,2.0,2.0,1.4236732640097367
1.0,4.0,1.0,4.0,2.0,3.0,1.678450386044798
1.0,4.0,1.0,4.0,3.0,1.0,1.288835720976499
1.0,4.0,1.0,4.0,3.0,2.0,1.5436837929901908
1.0,4.0,1.0,4.0,3.0,3.0,1.7970522252048953
1.0,4.0,1.0,4.0,3.0,4.0,2.051405726591422
1.0,4.0,1.0,4.0,3.0,5.0,2.3073948885230564
1.0,4.0,1.0,4.0,4.0,1.0,1.4085662801400944
1.0,4.0,1.0,4.0,4.0,2.0,1.6636967492082846
1.0,4.0,1.0,4.0,4.0,3.0,1.9173695678863454
1.0,4.0,1.0,4.0,4.0,4.0,2.166542980967141
1.0,4.0,1.0,4.0,4.0,5.0,2.427360211838335
1.0,4.0,1.0,5.0,1.0,1.0,1.163253948178878
1.0,4.0,1.0,5.0,1.0,2.0,1.4179037597354842
1.0,4.0,1.0,5.0,2.0,1.0,1.2836868136142419
1.0,4.0,1.0,5.0,2.0,2.0,1.5377156114083346
1.0,4.0,1.0,5.0,3.0,1.0,1.403011925573888
1.0,4.0,1.0,5.0,3.0,2.0,1.6576152997990539
1.0,4.0,1.0,5.0,3.0,3.0,1.912109527715798
1.0,4.0,1.0,5.0,3.0,5.0,2.42121092753518
1.0,4.0,1.0,5.0,4.0,1.0,1.522633517746088
1.0,4.0,1.0,5.0,4.0,4.0,2.2864967953170416
1.0,4.0,1.0,5.0,4.0,5.0,2.540466969287245
1.0,4.0,1.0,5.0,5.0,5.0,2.659505818559793
1.0,4.0,2.0,1.0,1.0,1.0,1.0
1.0,4.0,2.0,1.0,1.0,2.0,1.214289944483311
1.0,4.0,2.0,1.0,1.0,3.0,1.467690401910944
1.0,4.0,2.0,1.0,2.0,1.0,1.0784337119307836
1.0,4.0,2.0,1.0,2.0,2.0,1.3333827547310295
1.0,4.0,2.0,1.0,3.0,1.0,1.1978781058700985
1.0,4.0,2.0,1.0,3.0,2.0,1.4522927257008558
1.0,4.0,2.0,1.0,3.0,3.0,1.7069370098018923
1.0,4.0,2.0,1.0,3.0,4.0,1.9621434349589932
1.0,4.0,2.0,1.0,4.0,1.0,1.3178266983719402
1.0,4.0,2.0,1.0,4.0,2.0,1.5725588600109435
1.0,4.0,2.0,1.0,4.0,3.0,1.827700247912459
1.0,4.0,2.0,1.0,4.0,4.0,2.081950616161335
1.0,4.0,2.0,1.0,4.0,5.0,2.336252027166154
1.0,4.0,2.0,1.0,5.0,2.0,1.6925368077863603
1.0,4.0,2.0,1.0,5.0,5.0,2.456059171636061
1.0,4.0,2.0,2.0,1.0,1.0,1.0727781229740998
1.0,4.0,2.0,2.0,1.0,2.0,1.3284647312866957
1.0,4.0,2.0,2.0,1.0,3.0,1.5815065412581653
1.0,4.0,2.0,2.0,2.0,1.0,1.1928977530237033
1.0,4.0,2.0,2.0,2.0,2.0,1.4459795679150478
1.0,4.0,2.0,2.0,2.0,3.0,1.7014497745242478
1.0,4.0,2.0,2.0,3.0,1.0,1.3128171127070472
1.0,4.0,2.0,2.0,3.0,2.0,1.566538834718118
1.0,4.0,2.0,2.0,3.0,3.0,1.8206636336144884
1.0,4.0,2.0,2.0,3.0,4.0,2.0756707722941403
1.0,4.0,2.0,2.0,4.0,1.0,1.4320800727861063
1.0,4.0,2.0,2.0,4.0,2.0,1.6862768587243937
1.0,4.0,2.0,2.0,4.0,3.0,1.9410017642132806
1.0,4.0,2.0,2.0,5.0,3.0,2.061012098309463
1.0,4.0,2.0,3.0,1.0,1.0,1.1869634723312834
1.0,4.0,2.0,3.0,1.0,2.0,1.4406200719542552
1.0,4.0,2.0,3.0,1.0,3.0,1.6946494754363655
1.0,4.0,2.0,3.0,1.0,5.0,2.204402778104828
1.0,4.0,2.0,3.0,2.0,1.0,1.306193772141988
1.0,4.0,2.0,3.0,2.0,2.0,1.5604410200228394
1.0,4.0,2.0,3.0,2.0,3.0,1.8147291573483568
1.0,4.0,2.0,3.0,2.0,4.0,2.069943402064963
1.0,4.0,2.0,3.0,3.0,1.0,1.4258191825180433
1.0,4.0,2.0,3.0,3.0,2.0,1.679804045935925
1.0,4.0,2.0,3.0,3.0,3.0,1.93250926513928
1.0,4.0,2.0,3.0,3.0,4.0,2.1899381890676004
1.0,4.0,2.0,3.0,4.0,1.0,1.5456267109948476
1.0,4.0,2.0,3.0,4.0,2.0,1.8000309892745219
1.0,4.0,2.0,3.0,4.0,3.0,2.054637885636431
1.0,4.0,2.0,3.0,4.0,4.0,2.3078609642709305
1.0,4.0,2.0,3.0,4.0,5.0,2.564534925760906
1.0,4.0,2.0,3.0,5.0,4.0,2.4293957308988103
1.0,4.0,2.0,4.0,1.0,1.0,1.3002813951208778
1.0,4.0,2.0,4.0,1.0,2.0,1.5545767586279873
1.0,4.0,2.0,4.0,1.0,3.0,1.8087084108100242
1.0,4.0,2.0,4.0,2.0,1.0,1.4198665890748918
1.0,4.0,2.0,4.0,2.0,2.0,1.675006274055816
1.0,4.0,2.0,4.0,2.0,3.0,1.9292156976415877
1.0,4.0,2.0,4.0,3.0,1.0,1.5396120580645452
1.0,4.0,2.0,4.0,3.0,2.0,1.7943064550942882
1.0,4.0,2.0,4.0,3.0,3.0,2.0475909772225727
1.0,4.0,2.0,4.0,3.0,4.0,2.301694470058503
1.0,4.0,2.0,4.0,4.0,1.0,1.6592668855728692
1.0,4.0,2.0,4.0,4.0,2.0,1.914053003168365
1.0,4.0,2.0,4.0,4.0,3.0,2.16776421587294
1.0,4.0,2.0,4.0,4.0,4.0,2.4193903401738885
1.0,4.0,2.0,4.0,5.0,2.0,2.0338151428072373
1.0,4.0,2.0,4.0,5.0,4.0,2.543208968803288
1.0,4.0,2.0,5.0,1.0,1.0,1.4138277640422092
1.0,4.0,2.0,5.0,1.0,2.0,1.6686614444038157
1.0,4.0,2.0,5.0,1.0,4.0,2.177778832667105
1.0,4.0,2.0,5.0,3.0,3.0,2.1628407058915484
1.0,4.0,2.0,5.0,3.0,4.0,2.4166938374510716
1.0,4.0,2.0,5.0,4.0,3.0,2.282383601922013
1.0,4.0,2.0,5.0,4.0,4.0,2.5360908113108964
1.0,4.0,2.0,5.0,4.0,5.0,2.7920425414279295
1.0,4.0,2.0,5.0,5.0,2.0,2.1476296067503653
1.0,4.0,2.0,5.0,5.0,4.0,2.6571170969475495
1.0,4.0,2.0,5.0,5.0,5.0,2.910884150992779
1.0,4.0,3.0,1.0,1.0,1.0,1.207999675604233
1.0,4.0,3.0,1.0,1.0,2.0,1.463636284644685
1.0,4.0,3.0,1.0,1.0,3.0,1.7179875677022298
1.0,4.0,3.0,1.0,2.0,1.0,1.3284270889426304
1.0,4.0,3.0,1.0,2.0,2.0,1.58307364561902
1.0,4.0,3.0,1.0,3.0,1.0,1.4479857707620294
1.0,4.0,3.0,1.0,3.0,2.0,1.703395467376399
1.0,4.0,3.0,1.0,3.0,3.0,1.957557318746002
1.0,4.0,3.0,1.0,4.0,1.0,1.5684851498709693
1.0,4.0,3.0,1.0,4.0,2.0,1.8228295891936208
1.0,4.0,3.0,1.0,4.0,3.0,2.0773039568478606
1.0,4.0,3.0,1.0,4.0,4.0,2.331645581529691
1.0,4.0,3.0,1.0,5.0,1.0,1.6890992006348318
1.0,4.0,3.0,1.0,5.0,3.0,2.1974221981709214
1.0,4.0,3.0,2.0,1.0,1.0,1.3227846099191742
1.0,4.0,3.0,2.0,1.0,2.0,1.57735086433784
1.0,4.0,3.0,2.0,1.0,3.0,1.8317731021077557
1.0,4.0,3.0,2.0,2.0,1.0,1.4426804998207285
1.0,4.0,3.0,2.0,2.0,2.0,1.696953930189911
1.0,4.0,3.0,2.0,2.0,3.0,1.9523394002646792
1.0,4.0,3.0,2.0,3.0,2.0,1.8169108104557519
1.0,4.0,3.0,2.0,3.0,3.0,2.072073619902752
1.0,4.0,3.0,2.0,3.0,4.0,2.32644691645936
1.0,4.0,3.0,2.0,4.0,1.0,1.6826515972237726
1.0,4.0,3.0,2.0,4.0,2.0,1.9368804929245786
1.0,4.0,3.0,2.0,4.0,3.0,2.1914394987746366
1.0,4.0,3.0,2.0,4.0,4.0,2.4464047966647464
1.0,4.0,3.0,2.0,5.0,3.0,2.3115061901654084
1.0,4.0,3.0,2.0,5.0,5.0,2.8208986642421086
1.0,4.0,3.0,3.0,1.0,1.0,1.4364540858383386
1.0,4.0,3.0,3.0,1.0,2.0,1.6909645444283898
1.0,4.0,3.0,3.0,1.0,3.0,1.944374964626401
1.0,4.0,3.0,3.0,2.0,1.0,1.5567619301379472
1.0,4.0,3.0,3.0,2.0,2.0,1.8105126052538276
1.0,4.0,3.0,3.0,2.0,3.0,2.0655530000103886
1.0,4.0,3.0,3.0,2.0,4.0,2.320184056330693
1.0,4.0,3.0,3.0,3.0,1.0,1.676564490315894
1.0,4.0,3.0,3.0,3.0,2.0,1.9304110734269633
1.0,4.0,3.0,3.0,3.0,3.0,2.182365759965102
1.0,4.0,3.0,3.0,3.0,4.0,2.440826020089135
1.0,4.0,3.0,3.0,4.0,1.0,1.7959580944067415
1.0,4.0,3.0,3.0,4.0,2.0,2.0512112921377113
1.0,4.0,3.0,3.0,4.0,3.0,2.3036539503364355
1.0,4.0,3.0,3.0,4.0,4.0,2.556656750497606
1.0,4.0,3.0,3.0,5.0,2.0,2.170489214206307
1.0,4.0,3.0,3.0,5.0,3.0,2.4258553588509684
1.0,4.0,3.0,3.0,5.0,4.0,2.680150541860912
1.0,4.0,3.0,4.0,1.0,1.0,1.5506218626676374
1.0,4.0,3.0,4.0,1.0,3.0,2.0584843438243134
1.0,4.0,3.0,4.0,1.0,4.0,2.314456435311083
1.0,4.0,3.0,4.0,2.0,1.0,1.670579108696608
1.0,4.0,3.0,4.0,2.0,2.0,1.9254095288867137
1.0,4.0,3.0,4.0,2.0,3.0,2.179609245087075
1.0,4.0,3.0,4.0,2.0,4.0,2.4340716930363135
1.0,4.0,3.0,4.0,3.0,2.0,2.044952226845234
1.0,4.0,3.0,4.0,3.0,3.0,2.2974416897113965
1.0,4.0,3.0,4.0,3.0,4.0,2.552337494990303
1.0,4.0,3.0,4.0,4.0,1.0,1.909449695060849
1.0,4.0,3.0,4.0,4.0,2.0,2.164718866649953
1.0,4.0,3.0,4.0,4.0,3.0,2.4176757730263048
1.0,4.0,3.0,4.0,4.0,4.0,2.666316842760163
1.0,4.0,3.0,4.0,5.0,2.0,2.2843048561586854
1.0,4.0,3.0,4.0,5.0,3.0,2.5394036157555036
1.0,4.0,3.0,4.0,5.0,4.0,2.793065474259689
1.0,4.0,3.0,4.0,5.0,5.0,3.048793978402114
1.0,4.0,3.0,5.0,1.0,1.0,1.6643182059376787
1.0,4.0,3.0,5.0,1.0,2.0,1.9188803596326742
1.0,4.0,3.0,5.0,1.0,4.0,2.4280067742372027
1.0,4.0,3.0,5.0,1.0,5.0,2.6821245518826076
1.0,4.0,3.0,5.0,2.0,1.0,1.7841278151893767
1.0,4.0,3.0,5.0,2.0,2.0,2.038958731393122
1.0,4.0,3.0,5.0,2.0,5.0,2.803232984549706
1.0,4.0,3.0,5.0,3.0,2.0,2.1587683053826288
1.0,4.0,3.0,5.0,3.0,3.0,2.4137533440609427
1.0,4.0,3.0,5.0,3.0,4.0,2.6675380541888654
1.0,4.0,3.0,5.0,3.0,5.0,2.922189117959341
1.0,4.0,3.0,5.0,4.0,1.0,2.023747546544136
1.0,4.0,3.0,5.0,4.0,2.0,2.2785781734811943
1.0,4.0,3.0,5.0,4.0,4.0,2.7850748891669954
1.0,4.0,3.0,5.0,4.0,5.0,3.041955519659601
1.0,4.0,3.0,5.0,5.0,5.0,3.1599136351056583
1.0,4.0,4.0,1.0,1.0,1.0,1.4592998962069492
1.0,4.0,4.0,1.0,2.0,1.0,1.5793522965998554
1.0,4.0,4.0,1.0,2.0,2.0,1.8339243786128503
1.0,4.0,4.0,1.0,3.0,1.0,1.6995110359254944
1.0,4.0,4.0,1.0,3.0,3.0,2.207966807549314
1.0,4.0,4.0,1.0,4.0,1.0,1.8189743159707252
1.0,4.0,4.0,1.0,4.0,2.0,2.07353759696904
1.0,4.0,4.0,1.0,4.0,4.0,2.5827749620541542
1.0,4.0,4.0,1.0,5.0,5.0,2.957834341638036
1.0,4.0,4.0,2.0,2.0,1.0,1.6931711207165265
1.0,4.0,4.0,2.0,2.0,3.0,2.202295958599797
1.0,4.0,4.0,2.0,3.0,3.0,2.3221033220575946
1.0,4.0,4.0,2.0,4.0,3.0,2.4420649311184026
1.0,4.0,4.0,2.0,4.0,4.0,2.697012526475459
1.0,4.0,4.0,3.0,1.0,2.0,1.9417372237516068
1.0,4.0,4.0,3.0,2.0,1.0,1.806985490967917
1.0,4.0,4.0,3.0,3.0,1.0,1.9265485408782648
1.0,4.0,4.0,3.0,3.0,2.0,2.1820588965948016
1.0,4.0,4.0,3.0,3.0,3.0,2.434693486423933
1.0,4.0,4.0,3.0,3.0,4.0,2.691018330311959
1.0,4.0,4.0,3.0,4.0,3.0,2.555820178580728
1.0,4.0,4.0,3.0,4.0,4.0,2.8103464921275663
1.0,4.0,4.0,4.0,1.0,3.0,2.3097653735342467
1.0,4.0,4.0,4.0,1.0,4.0,2.5639636093796407
1.0,4.0,4.0,4.0,2.0,3.0,2.430112933179461
1.0,4.0,4.0,4.0,2.0,4.0,2.6850247540640493
1.0,4.0,4.0,4.0,3.0,3.0,2.549180091689322
1.0,4.0,4.0,4.0,3.0,4.0,2.8048259430035962
1.0,4.0,4.0,4.0,3.0,5.0,3.0596665980077518
1.0,4.0,4.0,4.0,4.0,1.0,2.160603239733056
1.0,4.0,4.0,4.0,4.0,3.0,2.669191756028983
1.0,4.0,4.0,4.0,4.0,4.0,2.918454838169024
1.0,4.0,4.0,4.0,4.0,5.0,3.1793805314115406
1.0,4.0,4.0,4.0,5.0,2.0,2.534793693662564
1.0,4.0,4.0,4.0,5.0,3.0,2.7899470982633887
1.0,4.0,4.0,4.0,5.0,4.0,3.0441758459376325
1.0,4.0,4.0,4.0,5.0,5.0,3.2990177806813876
1.0,4.0,4.0,5.0,1.0,4.0,2.6787646998445607
1.0,4.0,4.0,5.0,1.0,5.0,2.933325706404217
1.0,4.0,4.0,5.0,2.0,3.0,2.544278871116363
1.0,4.0,4.0,5.0,2.0,4.0,2.7985750427408673
1.0,4.0,4.0,5.0,2.0,5.0,3.0534065285888192
1.0,4.0,4.0,5.0,3.0,3.0,2.663642689103215
1.0,4.0,4.0,5.0,3.0,4.0,2.918381231116472
1.0,4.0,4.0,5.0,4.0,2.0,2.529334853327239
1.0,4.0,4.0,5.0,4.0,3.0,2.7836289087410324
1.0,4.0,4.0,5.0,4.0,4.0,3.0373222912324995
1.0,4.0,4.0,5.0,4.0,5.0,3.29271037086169
1.0,4.0,4.0,5.0,5.0,5.0,3.409559700312554
1.0,4.0,5.0,1.0,1.0,1.0,1.7102970229120655
1.0,4.0,5.0,1.0,3.0,3.0,2.45877871505409
1.0,4.0,5.0,2.0,5.0,4.0,3.0667801989567742
1.0,4.0,5.0,3.0,4.0,2.0,2.5516600497709208
1.0,4.0,5.0,3.0,5.0,4.0,3.18112630454188
1.0,4.0,5.0,4.0,1.0,4.0,2.815167749502553
1.0,4.0,5.0,4.0,4.0,4.0,3.1747749241853622
1.0,4.0,5.0,4.0,5.0,4.0,3.2944075934630357
1.0,4.0,5.0,4.0,5.0,5.0,3.5492395919125705
1.0,4.0,5.0,5.0,1.0,4.0,2.9289830069863925
1.0,4.0,5.0,5.0,3.0,3.0,2.9145751505002964
1.0,4.0,5.0,5.0,3.0,4.0,3.168875275667401
1.0,4.0,5.0,5.0,4.0,4.0,3.289404178135491
1.0,4.0,5.0,5.0,5.0,5.0,3.663412649326997
1.0,5.0,1.0,1.0,1.0,1.0,1.0
1.0,5.0,1.0,1.0,1.0,2.0,1.0015667857426098
1.0,5.0,1.0,1.0,1.0,3.0,1.2558597243824046
1.0,5.0,1.0,1.0,1.0,5.0,1.7652413499659843
1.0,5.0,1.0,1.0,2.0,1.0,1.0
1.0,5.0,1.0,1.0,2.0,2.0,1.122014823732923
1.0,5.0,1.0,1.0,3.0,1.0,1.0
1.0,5.0,1.0,1.0,3.0,2.0,1.2406762101576074
1.0,5.0,1.0,1.0,3.0,3.0,1.4956246432293494
1.0,5.0,1.0,1.0,4.0,1.0,1.1063513554576834
1.0,5.0,1.0,1.0,4.0,2.0,1.3610726715428216
1.0,5.0,1.0,1.0,4.0,3.0,1.615398010698849
1.0,5.0,1.0,1.0,5.0,1.0,1.2256432334239502
1.0,5.0,1.0,1.0,5.0,2.0,1.4805532329161215
1.0,5.0,1.0,1.0,5.0,3.0,1.7357077130903895
1.0,5.0,1.0,1.0,5.0,5.0,2.244171663569736
1.0,5.0,1.0,2.0,1.0,1.0,1.0
1.0,5.0,1.0,2.0,1.0,2.0,1.1155904182173804
1.0,5.0,1.0,2.0,1.0,3.0,1.3697498034002182
1.0,5.0,1.0,2.0,2.0,1.0,1.0
1.0,5.0,1.0,2.0,2.0,2.0,1.2356497526116232
1.0,5.0,1.0,2.0,2.0,3.0,1.4904305064114691
1.0,5.0,1.0,2.0,2.0,4.0,1.7451872768520127
1.0,5.0,1.0,2.0,2.0,5.0,1.9988849417223173
1.0,5.0,1.0,2.0,3.0,1.0,1.1007321812096833
1.0,5.0,1.0,2.0,3.0,2.0,1.3549877620457356
1.0,5.0,1.0,2.0,3.0,3.0,1.609407062383163
1.0,5.0,1.0,2.0,3.0,4.0,1.8646606892276585
1.0,5.0,1.0,2.0,3.0,5.0,2.118694731336361
1.0,5.0,1.0,2.0,4.0,1.0,1.2202513635489391
1.0,5.0,1.0,2.0,4.0,2.0,1.4745627332062305
1.0,5.0,1.0,2.0,4.0,3.0,1.729642370979912
1.0,5.0,1.0,2.0,5.0,1.0,1.3398787235678786
1.0,5.0,1.0,2.0,5.0,2.0,1.5944154680596194
1.0,5.0,1.0,2.0,5.0,3.0,1.8489620448208188
1.0,5.0,1.0,3.0,1.0,1.0,1.0
1.0,5.0,1.0,3.0,1.0,2.0,1.2292224288886506
1.0,5.0,1.0,3.0,1.0,3.0,1.4828716017958687
1.0,5.0,1.0,3.0,2.0,1.0,1.094612402162684
1.0,5.0,1.0,3.0,2.0,2.0,1.3491706220371846
1.0,5.0,1.0,3.0,2.0,3.0,1.603517821884106
1.0,5.0,1.0,3.0,3.0,1.0,1.213971298206383
1.0,5.0,1.0,3.0,3.0,2.0,1.468587514494747
1.0,5.0,1.0,3.0,3.0,3.0,1.7217095202377677
1.0,5.0,1.0,3.0,3.0,4.0,1.9776855607463355
1.0,5.0,1.0,3.0,4.0,1.0,1.3340663494879732
1.0,5.0,1.0,3.0,4.0,2.0,1.588629405653497
1.0,5.0,1.0,3.0,4.0,3.0,1.8426040238220645
1.0,5.0,1.0,3.0,4.0,4.0,2.097145896175227
1.0,5.0,1.0,3.0,5.0,1.0,1.4537560400330403
1.0,5.0,1.0,3.0,5.0,2.0,1.7082517038044553
1.0,5.0,1.0,3.0,5.0,3.0,1.9627468778837962
1.0,5.0,1.0,3.0,5.0,5.0,2.471996468647536
1.0,5.0,1.0,4.0,1.0,1.0,1.0883337612023887
1.0,5.0,1.0,4.0,1.0,2.0,1.3428333418962413
1.0,5.0,1.0,4.0,1.0,3.0,1.5970490631782375
1.0,5.0,1.0,4.0,1.0,4.0,1.8514610976620915
1.0,5.0,1.0,4.0,1.0,5.0,2.106113761138343
1.0,5.0,1.0,4.0,2.0,2.0,1.4628249981236892
1.0,5.0,1.0,4.0,2.0,3.0,1.7173870981908488
1.0,5.0,1.0,4.0,3.0,1.0,1.3280719166345973
1.0,5.0,1.0,4.0,3.0,2.0,1.5826347376903855
1.0,5.0,1.0,4.0,3.0,3.0,1.8369751152633582
1.0,5.0,1.0,4.0,3.0,4.0,2.092243302478152
1.0,5.0,1.0,4.0,3.0,5.0,2.346323417902884
1.0,5.0,1.0,4.0,4.0,1.0,1.4480301835304974
1.0,5.0,1.0,4.0,4.0,2.0,1.7020714810122957
1.0,5.0,1.0,4.0,4.0,4.0,2.210282534127337
1.0,5.0,1.0,4.0,5.0,1.0,1.5675430000139634
1.0,5.0,1.0,4.0,5.0,3.0,2.0768145153638313
1.0,5.0,1.0,4.0,5.0,4.0,2.331023687279097
1.0,5.0,1.0,4.0,5.0,5.0,2.5845244626760064
1.0,5.0,1.0,5.0,1.0,1.0,1.2015108496853397
1.0,5.0,1.0,5.0,1.0,2.0,1.4570990355104505
1.0,5.0,1.0,5.0,1.0,3.0,1.7105242841101418
1.0,5.0,1.0,5.0,1.0,4.0,1.9659556594197334
1.0,5.0,1.0,5.0,1.0,5.0,2.21922099637531
1.0,5.0,1.0,5.0,2.0,2.0,1.5771334936628503
1.0,5.0,1.0,5.0,2.0,3.0,1.8312015968494995
1.0,5.0,1.0,5.0,2.0,4.0,2.085723145285832
1.0,5.0,1.0,5.0,2.0,5.0,2.3403324289759704
1.0,5.0,1.0,5.0,3.0,1.0,1.4417716283640978
1.0,5.0,1.0,5.0,3.0,2.0,1.6967190268324297
1.0,5.0,1.0,5.0,3.0,3.0,1.950015343379461
1.0,5.0,1.0,5.0,3.0,4.0,2.205577567046627
1.0,5.0,1.0,5.0,3.0,5.0,2.459628227625657
1.0,5.0,1.0,5.0,4.0,2.0,1.8165284188074142
1.0,5.0,1.0,5.0,4.0,4.0,2.324860753677676
1.0,5.0,1.0,5.0,4.0,5.0,2.5795272671018696
1.0,5.0,1.0,5.0,5.0,1.0,1.6811466462519755
1.0,5.0,1.0,5.0,5.0,2.0,1.9366069586133483
1.0,5.0,1.0,5.0,5.0,3.0,2.18968292586563
1.0,5.0,1.0,5.0,5.0,4.0,2.444426144975777
1.0,5.0,1.0,5.0,5.0,5.0,2.690052131481878
1.0,5.0,2.0,1.0,1.0,1.0,1.0
1.0,5.0,2.0,1.0,1.0,2.0,1.2523260741328281
1.0,5.0,2.0,1.0,2.0,1.0,1.1172736205339542
1.0,5.0,2.0,1.0,2.0,3.0,1.6264316759379234
1.0,5.0,2.0,1.0,3.0,1.0,1.237001896586626
1.0,5.0,2.0,1.0,3.0,2.0,1.491556421204589
1.0,5.0,2.0,1.0,3.0,3.0,1.7459785376396162
1.0,5.0,2.0,1.0,3.0,4.0,2.000802729175154
1.0,5.0,2.0,1.0,4.0,1.0,1.357095438081394
1.0,5.0,2.0,1.0,4.0,2.0,1.6115916087315016
1.0,5.0,2.0,1.0,4.0,3.0,1.8660873178445134
1.0,5.0,2.0,1.0,4.0,4.0,2.120613779109885
1.0,5.0,2.0,1.0,5.0,1.0,1.4766101087035788
1.0,5.0,2.0,1.0,5.0,2.0,1.7313693724005488
1.0,5.0,2.0,1.0,5.0,4.0,2.2404240362897334
1.0,5.0,2.0,1.0,5.0,5.0,2.494986899446872
1.0,5.0,2.0,2.0,1.0,1.0,1.112286534151182
1.0,5.0,2.0,2.0,1.0,2.0,1.3663109719181858
1.0,5.0,2.0,2.0,2.0,1.0,1.2313274907890066
1.0,5.0,2.0,2.0,2.0,2.0,1.4859724403663044
1.0,5.0,2.0,2.0,2.0,3.0,1.7402459654963767
1.0,5.0,2.0,2.0,3.0,2.0,1.6052685357880645
1.0,5.0,2.0,2.0,3.0,3.0,1.860243169531901
1.0,5.0,2.0,2.0,3.0,5.0,2.3694484657217507
1.0,5.0,2.0,2.0,4.0,3.0,1.9804055665043925
1.0,5.0,2.0,2.0,4.0,4.0,2.2345712184773596
1.0,5.0,2.0,2.0,5.0,1.0,1.5905013297920731
1.0,5.0,2.0,2.0,5.0,2.0,1.845156064139704
1.0,5.0,2.0,2.0,5.0,4.0,2.3545101151422534
1.0,5.0,2.0,2.0,5.0,5.0,2.6097089702948395
1.0,5.0,2.0,3.0,1.0,1.0,1.225273420465113
1.0,5.0,2.0,3.0,1.0,2.0,1.4797113704290408
1.0,5.0,2.0,3.0,1.0,3.0,1.7337359104035894
1.0,5.0,2.0,3.0,1.0,4.0,1.9888121255342288
1.0,5.0,2.0,3.0,2.0,1.0,1.3452048383040758
1.0,5.0,2.0,3.0,2.0,2.0,1.5999252424277368
1.0,5.0,2.0,3.0,2.0,3.0,1.8536465311884585
1.0,5.0,2.0,3.0,3.0,1.0,1.464622649589245
1.0,5.0,2.0,3.0,3.0,2.0,1.7198740986536527
1.0,5.0,2.0,3.0,3.0,3.0,1.9728636717823753
1.0,5.0,2.0,3.0,3.0,4.0,2.2286994241820377
1.0,5.0,2.0,3.0,4.0,2.0,1.839695557567074
1.0,5.0,2.0,3.0,4.0,3.0,2.0929756840500264
1.0,5.0,2.0,3.0,4.0,4.0,2.3485116398293817
1.0,5.0,2.0,3.0,4.0,5.0,2.603076643518484
1.0,5.0,2.0,3.0,5.0,2.0,1.9591951968367032
1.0,5.0,2.0,3.0,5.0,3.0,2.2131136873634536
1.0,5.0,2.0,3.0,5.0,4.0,2.468730079945048
1.0,5.0,2.0,3.0,5.0,5.0,2.7229612581902987
1.0,5.0,2.0,4.0,1.0,1.0,1.3391183338295016
1.0,5.0,2.0,4.0,1.0,2.0,1.5935618042479787
1.0,5.0,2.0,4.0,1.0,3.0,1.8480648488930929
1.0,5.0,2.0,4.0,2.0,3.0,1.9681503989665896
1.0,5.0,2.0,4.0,3.0,1.0,1.5788290430572092
1.0,5.0,2.0,4.0,3.0,2.0,1.8335247268228645
1.0,5.0,2.0,4.0,3.0,3.0,2.0867492417418694
1.0,5.0,2.0,4.0,3.0,4.0,2.342159513486919
1.0,5.0,2.0,4.0,4.0,2.0,1.9532019803491814
1.0,5.0,2.0,4.0,4.0,3.0,2.207277478788903
1.0,5.0,2.0,4.0,4.0,4.0,2.459377780126887
1.0,5.0,2.0,4.0,4.0,5.0,2.7169640786678984
1.0,5.0,2.0,4.0,5.0,1.0,1.8179596512733867
1.0,5.0,2.0,4.0,5.0,2.0,2.0727465562112948
1.0,5.0,2.0,4.0,5.0,3.0,2.3273057532815127
1.0,5.0,2.0,4.0,5.0,5.0,2.8362545760448845
1.0,5.0,2.0,5.0,1.0,1.0,1.4523959989505693
1.0,5.0,2.0,5.0,1.0,2.0,1.707318313273437
1.0,5.0,2.0,5.0,1.0,5.0,2.4710097439902623
1.0,5.0,2.0,5.0,2.0,4.0,2.3362588831827273
1.0,5.0,2.0,5.0,2.0,5.0,2.590927637286901
1.0,5.0,2.0,5.0,3.0,1.0,1.692457932796918
1.0,5.0,2.0,5.0,3.0,3.0,2.201130097696027
1.0,5.0,2.0,5.0,3.0,4.0,2.456596662802867
1.0,5.0,2.0,5.0,3.0,5.0,2.710440330320604
1.0,5.0,2.0,5.0,4.0,4.0,2.5752636296583344
1.0,5.0,2.0,5.0,4.0,5.0,2.830482193934386
1.0,5.0,2.0,5.0,5.0,1.0,1.9319972127756895
1.0,5.0,2.0,5.0,5.0,3.0,2.441655914435164
1.0,5.0,2.0,5.0,5.0,4.0,2.6960332266783062
1.0,5.0,2.0,5.0,5.0,5.0,2.945183700925406
1.0,5.0,3.0,1.0,1.0,1.0,1.2475894614666114
1.0,5.0,3.0,1.0,1.0,2.0,1.5024125683259517
1.0,5.0,3.0,1.0,1.0,3.0,1.757374368304999
1.0,5.0,3.0,1.0,2.0,1.0,1.367835646133139
1.0,5.0,3.0,1.0,2.0,2.0,1.622191395654783
1.0,5.0,3.0,1.0,2.0,3.0,1.8771845092900359
1.0,5.0,3.0,1.0,3.0,1.0,1.4873446507785995
1.0,5.0,3.0,1.0,3.0,2.0,1.7426388217926747
1.0,5.0,3.0,1.0,3.0,3.0,1.9967301470570757
1.0,5.0,3.0,1.0,3.0,5.0,2.505722161151515
1.0,5.0,3.0,1.0,4.0,3.0,2.1167758227986018
1.0,5.0,3.0,1.0,4.0,4.0,2.371537758614179
1.0,5.0,3.0,1.0,5.0,1.0,1.7274897972836256
1.0,5.0,3.0,1.0,5.0,2.0,1.981788919692135
1.0,5.0,3.0,1.0,5.0,5.0,2.7457418215429232
1.0,5.0,3.0,2.0,1.0,1.0,1.3620652362989976
1.0,5.0,3.0,2.0,1.0,3.0,1.8706938560398767
1.0,5.0,3.0,2.0,2.0,1.0,1.4816082491176121
1.0,5.0,3.0,2.0,2.0,2.0,1.7365794323667456
1.0,5.0,3.0,2.0,2.0,3.0,1.9907340971450873
1.0,5.0,3.0,2.0,3.0,2.0,1.8556042143455267
1.0,5.0,3.0,2.0,3.0,3.0,2.110103241328122
1.0,5.0,3.0,2.0,3.0,4.0,2.36537579233815
1.0,5.0,3.0,2.0,4.0,1.0,1.7214950431706417
1.0,5.0,3.0,2.0,4.0,2.0,1.9755388982678541
1.0,5.0,3.0,2.0,4.0,3.0,2.230560601396821
1.0,5.0,3.0,2.0,4.0,4.0,2.4851844798262634
1.0,5.0,3.0,2.0,5.0,3.0,2.3507779552230703
1.0,5.0,3.0,2.0,5.0,4.0,2.6049969191125713
1.0,5.0,3.0,2.0,5.0,5.0,2.8598275964674653
1.0,5.0,3.0,3.0,1.0,1.0,1.47564034993129
1.0,5.0,3.0,3.0,1.0,2.0,1.7304436052372671
1.0,5.0,3.0,3.0,1.0,3.0,1.9844812667101839
1.0,5.0,3.0,3.0,2.0,1.0,1.5956922798333864
1.0,5.0,3.0,3.0,2.0,2.0,1.8502932687035802
1.0,5.0,3.0,3.0,2.0,3.0,2.1045488363054297
1.0,5.0,3.0,3.0,3.0,1.0,1.7152326470949055
1.0,5.0,3.0,3.0,3.0,2.0,1.9695489650773141
1.0,5.0,3.0,3.0,3.0,3.0,2.2234927387872343
1.0,5.0,3.0,3.0,3.0,4.0,2.478808235418452
1.0,5.0,3.0,3.0,4.0,2.0,2.089607986581699
1.0,5.0,3.0,3.0,4.0,3.0,2.3442542337220815
1.0,5.0,3.0,3.0,4.0,4.0,2.5984161331815696
1.0,5.0,3.0,3.0,5.0,2.0,2.2096857979961797
1.0,5.0,3.0,3.0,5.0,3.0,2.4641255895864007
1.0,5.0,3.0,3.0,5.0,4.0,2.7188878582332787
1.0,5.0,3.0,3.0,5.0,5.0,2.973396769897172
1.0,5.0,3.0,4.0,1.0,1.0,1.5894277077179275
1.0,5.0,3.0,4.0,1.0,3.0,2.098529105386381
1.0,5.0,3.0,4.0,1.0,4.0,2.353824492256591
1.0,5.0,3.0,4.0,2.0,3.0,2.218307933685315
1.0,5.0,3.0,4.0,2.0,4.0,2.472804827888797
1.0,5.0,3.0,4.0,2.0,5.0,2.727497265784751
1.0,5.0,3.0,4.0,3.0,1.0,1.8288750597422345
1.0,5.0,3.0,4.0,3.0,2.0,2.0843679546670018
1.0,5.0,3.0,4.0,3.0,3.0,2.3373759607248643
1.0,5.0,3.0,4.0,3.0,4.0,2.5935964658766797
1.0,5.0,3.0,4.0,4.0,2.0,2.203636542593187
1.0,5.0,3.0,4.0,4.0,3.0,2.4582976148562263
1.0,5.0,3.0,4.0,4.0,4.0,2.711451283066126
1.0,5.0,3.0,4.0,4.0,5.0,2.9665973873821683
1.0,5.0,3.0,4.0,5.0,3.0,2.5780222078793593
1.0,5.0,3.0,4.0,5.0,4.0,2.8336916921508566
1.0,5.0,3.0,4.0,5.0,5.0,3.0856739330629517
1.0,5.0,3.0,5.0,1.0,2.0,1.9583425919122253
1.0,5.0,3.0,5.0,1.0,3.0,2.210645925993351
1.0,5.0,3.0,5.0,1.0,4.0,2.4672012444121556
1.0,5.0,3.0,5.0,1.0,5.0,2.720728395652528
1.0,5.0,3.0,5.0,2.0,2.0,2.0781549457595996
1.0,5.0,3.0,5.0,2.0,3.0,2.331740206689652
1.0,5.0,3.0,5.0,2.0,4.0,2.586744262430801
1.0,5.0,3.0,5.0,3.0,1.0,1.9428652738246457
1.0,5.0,3.0,5.0,3.0,2.0,2.1976438782342473
1.0,5.0,3.0,5.0,3.0,3.0,2.4503757696506705
1.0,5.0,3.0,5.0,3.0,4.0,2.7066328919349028
1.0,5.0,3.0,5.0,3.0,5.0,2.960616527673573
1.0,5.0,3.0,5.0,4.0,3.0,2.5716128894702073
1.0,5.0,3.0,5.0,4.0,4.0,2.8244312582574946
1.0,5.0,3.0,5.0,4.0,5.0,3.080352235658639
1.0,5.0,3.0,5.0,5.0,1.0,2.182485403566393
1.0,5.0,3.0,5.0,5.0,2.0,2.4375821172870435
1.0,5.0,3.0,5.0,5.0,3.0,2.6908768865806585
1.0,5.0,3.0,5.0,5.0,4.0,2.9452527613862807
1.0,5.0,3.0,5.0,5.0,5.0,3.193792233480088
1.0,5.0,4.0,1.0,1.0,1.0,1.498472008309548
1.0,5.0,4.0,1.0,3.0,1.0,1.7380948637932694
1.0,5.0,4.0,1.0,3.0,2.0,1.993188823833072
1.0,5.0,4.0,1.0,4.0,1.0,1.857899599665223
1.0,5.0,4.0,1.0,4.0,3.0,2.3672977445464403
1.0,5.0,4.0,2.0,1.0,3.0,2.121411227326153
1.0,5.0,4.0,2.0,3.0,2.0,2.1072725138009725
1.0,5.0,4.0,2.0,3.0,3.0,2.3610131412150483
1.0,5.0,4.0,2.0,5.0,4.0,2.855751442039419
1.0,5.0,4.0,3.0,2.0,1.0,1.846181367689024
1.0,5.0,4.0,3.0,3.0,3.0,2.4744845736785104
1.0,5.0,4.0,3.0,3.0,4.0,2.7296773739612674
1.0,5.0,4.0,3.0,4.0,3.0,2.5948764225847696
1.0,5.0,4.0,3.0,4.0,4.0,2.84930355236507
1.0,5.0,4.0,3.0,5.0,4.0,2.969567451964713
1.0,5.0,4.0,3.0,5.0,5.0,3.2246058989273783
1.0,5.0,4.0,4.0,1.0,2.0,2.0947540668850317
1.0,5.0,4.0,4.0,1.0,4.0,2.603606401013916
1.0,5.0,4.0,4.0,3.0,3.0,2.5893046315066357
1.0,5.0,4.0,4.0,3.0,4.0,2.842290360575196
1.0,5.0,4.0,4.0,3.0,5.0,3.097791514352959
1.0,5.0,4.0,4.0,4.0,3.0,2.707644072774405
1.0,5.0,4.0,4.0,4.0,4.0,2.9615586616451854
1.0,5.0,4.0,4.0,4.0,5.0,3.218134545575935
1.0,5.0,4.0,4.0,5.0,3.0,2.8285515079605625
1.0,5.0,4.0,4.0,5.0,4.0,3.0822070841599016
1.0,5.0,4.0,4.0,5.0,5.0,3.33865111145253
1.0,5.0,4.0,5.0,1.0,1.0,1.9539967322319425
1.0,5.0,4.0,5.0,1.0,3.0,2.462738101752427
1.0,5.0,4.0,5.0,1.0,4.0,2.717956540830267
1.0,5.0,4.0,5.0,1.0,5.0,2.9717284755112847
1.0,5.0,4.0,5.0,2.0,3.0,2.5832026341938885
1.0,5.0,4.0,5.0,3.0,4.0,2.9568023004507737
1.0,5.0,4.0,5.0,3.0,5.0,3.2124051487369805
1.0,5.0,4.0,5.0,4.0,3.0,2.8226043434281456
1.0,5.0,4.0,5.0,4.0,4.0,3.0759756917203247
1.0,5.0,4.0,5.0,4.0,5.0,3.3319511634296513
1.0,5.0,4.0,5.0,5.0,1.0,2.432976198660125
1.0,5.0,4.0,5.0,5.0,3.0,2.9423668602823514
1.0,5.0,4.0,5.0,5.0,4.0,3.1969352485185594
1.0,5.0,4.0,5.0,5.0,5.0,3.4464343946639078
1.0,5.0,5.0,1.0,1.0,1.0,1.748562243914675
1.0,5.0,5.0,1.0,1.0,2.0,2.004059446680165
1.0,5.0,5.0,1.0,2.0,2.0,2.1233336045708087
1.0,5.0,5.0,1.0,3.0,1.0,1.9891175161043146
1.0,5.0,5.0,1.0,3.0,3.0,2.497708458194222
1.0,5.0,5.0,1.0,4.0,3.0,2.617787105401191
1.0,5.0,5.0,1.0,5.0,1.0,2.2278760241939106
1.0,5.0,5.0,1.0,5.0,3.0,2.7375935269742593
1.0,5.0,5.0,1.0,5.0,5.0,3.2457895573020554
1.0,5.0,5.0,2.0,4.0,3.0,2.7316006030310507
1.0,5.0,5.0,2.0,5.0,3.0,2.8511423669379643
1.0,5.0,5.0,2.0,5.0,5.0,3.360533861126129
1.0,5.0,5.0,3.0,1.0,2.0,2.231153812658998
1.0,5.0,5.0,3.0,2.0,2.0,2.3509664468244913
1.0,5.0,5.0,3.0,3.0,1.0,2.216213957336095
1.0,5.0,5.0,3.0,3.0,3.0,2.7253379864528693
1.0,5.0,5.0,3.0,4.0,3.0,2.845414034304613
1.0,5.0,5.0,3.0,4.0,4.0,3.099977916650555
1.0,5.0,5.0,3.0,5.0,1.0,2.455830211209425
1.0,5.0,5.0,3.0,5.0,2.0,2.710930385482959
1.0,5.0,5.0,3.0,5.0,3.0,2.9647226020360313
1.0,5.0,5.0,3.0,5.0,4.0,3.2194631817117285
1.0,5.0,5.0,3.0,5.0,5.0,3.473958030913369
1.0,5.0,5.0,4.0,1.0,1.0,2.090411428410431
1.0,5.0,5.0,4.0,1.0,4.0,2.8543618292343815
1.0,5.0,5.0,4.0,2.0,3.0,2.7193423226642293
1.0,5.0,5.0,4.0,3.0,1.0,2.3300249477660424
1.0,5.0,5.0,4.0,3.0,3.0,2.8394203305727417
1.0,5.0,5.0,4.0,4.0,2.0,2.704402906286249
1.0,5.0,5.0,4.0,4.0,3.0,2.9589752746216864
1.0,5.0,5.0,4.0,4.0,4.0,3.2130918835984614
1.0,5.0,5.0,4.0,5.0,3.0,3.0792887731008567
1.0,5.0,5.0,4.0,5.0,4.0,3.3337816632405226
1.0,5.0,5.0,4.0,5.0,5.0,3.5892960377682175
1.0,5.0,5.0,5.0,1.0,1.0,2.203793892494532
1.0,5.0,5.0,5.0,1.0,2.0,2.458396112081613
1.0,5.0,5.0,5.0,1.0,4.0,2.967913501406208
1.0,5.0,5.0,5.0,1.0,5.0,3.2215892149051637
1.0,5.0,5.0,5.0,2.0,1.0,2.325101585853216
1.0,5.0,5.0,5.0,2.0,4.0,3.0887927456591555
1.0,5.0,5.0,5.0,2.0,5.0,3.3425523149197636
1.0,5.0,5.0,5.0,3.0,1.0,2.443844292450161
1.0,5.0,5.0,5.0,3.0,3.0,2.9529739544791673
1.0,5.0,5.0,5.0,3.0,5.0,3.462793486893454
1.0,5.0,5.0,5.0,4.0,4.0,3.328054424779424
1.0,5.0,5.0,5.0,4.0,5.0,3.5819750882594366
1.0,5.0,5.0,5.0,5.0,1.0,2.6834513371009474
1.0,5.0,5.0,5.0,5.0,3.0,3.1936588071485636
1.0,5.0,5.0,5.0,5.0,4.0,3.44602776820259
1.0,5.0,5.0,5.0,5.0,5.0,3.6780355634850825
2.0,1.0,1.0,1.0,1.0,1.0,1.0
2.0,1.0,1.0,1.0,1.0,2.0,1.1651967764241464
2.0,1.0,1.0,1.0,1.0,3.0,1.4199354164783733
2.0,1.0,1.0,1.0,2.0,1.0,1.0307660651675563
2.0,1.0,1.0,1.0,2.0,2.0,1.2851860815055467
2.0,1.0,1.0,1.0,2.0,3.0,1.5400060661093942
2.0,1.0,1.0,1.0,3.0,1.0,1.1506172313797747
2.0,1.0,1.0,1.0,3.0,2.0,1.4050437450355349
2.0,1.0,1.0,1.0,4.0,1.0,1.2702401636253629
2.0,1.0,1.0,1.0,5.0,2.0,1.644615256442384
2.0,1.0,1.0,1.0,5.0,4.0,2.154003874024681
2.0,1.0,1.0,2.0,1.0,1.0,1.0245477823970344
2.0,1.0,1.0,2.0,1.0,2.0,1.2790839143156434
2.0,1.0,1.0,2.0,1.0,3.0,1.5338746269651322
2.0,1.0,1.0,2.0,2.0,1.0,1.1442825623480346
2.0,1.0,1.0,2.0,2.0,2.0,1.3992665070467964
2.0,1.0,1.0,2.0,3.0,1.0,1.2643719400861881
2.0,1.0,1.0,2.0,3.0,2.0,1.5186614385191033
2.0,1.0,1.0,2.0,3.0,3.0,1.7734962988310572
2.0,1.0,1.0,2.0,4.0,1.0,1.3843222364214096
2.0,1.0,1.0,2.0,5.0,1.0,1.5038700427137242
2.0,1.0,1.0,2.0,5.0,4.0,2.2678336983704535
2.0,1.0,1.0,3.0,1.0,1.0,1.1381826161278688
2.0,1.0,1.0,3.0,1.0,2.0,1.3935449526455665
2.0,1.0,1.0,3.0,1.0,3.0,1.647049571299322
2.0,1.0,1.0,3.0,2.0,1.0,1.2584502971169456
2.0,1.0,1.0,3.0,2.0,2.0,1.512534922099709
2.0,1.0,1.0,3.0,2.0,3.0,1.7672372042634035
2.0,1.0,1.0,3.0,3.0,1.0,1.3779610601102403
2.0,1.0,1.0,3.0,3.0,2.0,1.6327209552792716
2.0,1.0,1.0,3.0,3.0,3.0,1.8862726808710777
2.0,1.0,1.0,3.0,4.0,2.0,1.7524347761461425
2.0,1.0,1.0,3.0,4.0,3.0,2.0072628432748423
2.0,1.0,1.0,3.0,4.0,4.0,2.261828646690488
2.0,1.0,1.0,4.0,1.0,1.0,1.252255945807204
2.0,1.0,1.0,4.0,1.0,2.0,1.5068200117097874
2.0,1.0,1.0,4.0,1.0,3.0,1.7614438986274594
2.0,1.0,1.0,4.0,1.0,4.0,2.0159455848581573
2.0,1.0,1.0,4.0,2.0,1.0,1.3720675061739818
2.0,1.0,1.0,4.0,4.0,1.0,1.6117961538524224
2.0,1.0,1.0,4.0,4.0,3.0,2.12104784684927
2.0,1.0,1.0,5.0,1.0,3.0,1.8752304826033266
2.0,1.0,1.0,5.0,1.0,4.0,2.129786160512148
2.0,1.0,1.0,5.0,1.0,5.0,2.384592991248153
2.0,1.0,1.0,5.0,3.0,3.0,2.114812921353443
2.0,1.0,2.0,1.0,1.0,1.0,1.1610504393885024
2.0,1.0,2.0,1.0,1.0,3.0,1.6704248340335817
2.0,1.0,2.0,1.0,2.0,1.0,1.2813412340795256
2.0,1.0,2.0,1.0,2.0,2.0,1.5356728754890974
2.0,1.0,2.0,1.0,2.0,3.0,1.7905009922731592
2.0,1.0,2.0,1.0,3.0,1.0,1.4008115807697732
2.0,1.0,2.0,1.0,3.0,2.0,1.655306567681041
2.0,1.0,2.0,1.0,3.0,3.0,1.91004472835342
2.0,1.0,2.0,1.0,4.0,2.0,1.775290601606813
2.0,1.0,2.0,1.0,4.0,3.0,2.0301196898185427
2.0,1.0,2.0,2.0,1.0,1.0,1.2751162853547828
2.0,1.0,2.0,2.0,1.0,2.0,1.5297716952793012
2.0,1.0,2.0,2.0,1.0,3.0,1.7842393179962253
2.0,1.0,2.0,2.0,2.0,1.0,1.3948195757323107
2.0,1.0,2.0,2.0,2.0,2.0,1.6504851745854365
2.0,1.0,2.0,2.0,2.0,3.0,1.9043415614984387
2.0,1.0,2.0,2.0,3.0,1.0,1.5145968201852635
2.0,1.0,2.0,2.0,3.0,2.0,1.7693563633460376
2.0,1.0,2.0,2.0,3.0,4.0,2.27861621699053
2.0,1.0,2.0,2.0,4.0,3.0,2.143940006992558
2.0,1.0,2.0,3.0,1.0,1.0,1.388989557264985
2.0,1.0,2.0,3.0,1.0,2.0,1.64324734180487
2.0,1.0,2.0,3.0,1.0,3.0,1.8986394309575865
2.0,1.0,2.0,3.0,2.0,2.0,1.7636151530720459
2.0,1.0,2.0,3.0,2.0,3.0,2.0173152974417765
2.0,1.0,2.0,3.0,3.0,1.0,1.628554404522899
2.0,1.0,2.0,3.0,3.0,3.0,2.1381000675128106
2.0,1.0,2.0,3.0,4.0,3.0,2.25795017394165
2.0,1.0,2.0,3.0,4.0,4.0,2.512318713222379
2.0,1.0,2.0,4.0,1.0,2.0,1.7578414243691602
2.0,1.0,2.0,4.0,1.0,3.0,2.0121449459081564
2.0,1.0,2.0,4.0,1.0,4.0,2.2664308149337606
2.0,1.0,2.0,4.0,2.0,3.0,2.132214106574194
2.0,1.0,2.0,4.0,2.0,4.0,2.38641214456112
2.0,1.0,2.0,4.0,3.0,2.0,1.997195718516745
2.0,1.0,2.0,4.0,3.0,3.0,2.2520271107270604
2.0,1.0,2.0,4.0,3.0,4.0,2.5065884641068457
2.0,1.0,2.0,4.0,4.0,3.0,2.3715707240845725
2.0,1.0,2.0,5.0,1.0,3.0,2.1256529965085527
2.0,1.0,2.0,5.0,1.0,5.0,2.6348154223098144
2.0,1.0,2.0,5.0,2.0,2.0,1.991199925809506
2.0,1.0,2.0,5.0,4.0,5.0,2.9947799617257203
2.0,1.0,3.0,1.0,1.0,1.0,1.4116758093059567
2.0,1.0,3.0,1.0,2.0,1.0,1.531579638879644
2.0,1.0,3.0,1.0,2.0,3.0,2.040989341101038
2.0,1.0,3.0,1.0,3.0,1.0,1.6514094916616193
2.0,1.0,3.0,1.0,3.0,2.0,1.905994192855893
2.0,1.0,3.0,2.0,1.0,1.0,1.5254611373687097
2.0,1.0,3.0,2.0,1.0,2.0,1.7802824796266412
2.0,1.0,3.0,2.0,2.0,1.0,1.6456836182325383
2.0,1.0,3.0,2.0,2.0,2.0,1.9002408821202614
2.0,1.0,3.0,2.0,2.0,3.0,2.15453946913573
2.0,1.0,3.0,2.0,3.0,2.0,2.019786751580516
2.0,1.0,3.0,2.0,4.0,3.0,2.3944241836362488
2.0,1.0,3.0,3.0,1.0,2.0,1.8937406604060076
2.0,1.0,3.0,3.0,1.0,3.0,2.1484357672200174
2.0,1.0,3.0,3.0,2.0,2.0,2.0137887287453164
2.0,1.0,3.0,3.0,3.0,2.0,2.1336010752650827
2.0,1.0,3.0,3.0,3.0,3.0,2.3885929566881257
2.0,1.0,3.0,3.0,4.0,4.0,2.7630694096109685
2.0,1.0,3.0,4.0,2.0,3.0,2.38243626422404
2.0,1.0,3.0,4.0,2.0,4.0,2.637001049589404
2.0,1.0,3.0,4.0,3.0,3.0,2.5021153012110053
2.0,1.0,3.0,4.0,3.0,4.0,2.75714143854061
2.0,1.0,3.0,5.0,2.0,3.0,2.4962538685850038
2.0,1.0,3.0,5.0,2.0,5.0,3.0056431055328248
2.0,1.0,3.0,5.0,3.0,3.0,2.6157971439597345
2.0,1.0,3.0,5.0,3.0,5.0,3.1251895418128903
2.0,1.0,3.0,5.0,5.0,5.0,3.3644456467554282
2.0,1.0,4.0,2.0,2.0,2.0,2.1507309135162487
2.0,1.0,4.0,3.0,2.0,2.0,2.2645562233644
2.0,1.0,4.0,3.0,4.0,3.0,2.758996270906983
2.0,1.0,4.0,4.0,1.0,2.0,2.2585611482513266
2.0,1.0,4.0,4.0,1.0,4.0,2.767675357590357
2.0,1.0,4.0,5.0,4.0,4.0,3.2405951369160335
2.0,1.0,5.0,1.0,1.0,1.0,1.9127707960948648
2.0,1.0,5.0,4.0,1.0,3.0,2.76327933457892
2.0,1.0,5.0,4.0,5.0,1.0,2.7336915389907968
2.0,1.0,5.0,5.0,3.0,4.0,3.372137096792198
2.0,2.0,1.0,1.0,1.0,1.0,1.0
2.0,2.0,1.0,1.0,1.0,2.0,1.2048836998763492
2.0,2.0,1.0,1.0,2.0,1.0,1.070243813238047
2.0,2.0,1.0,1.0,2.0,2.0,1.3241189478459428
2.0,2.0,1.0,1.0,3.0,1.0,1.1893726920350107
2.0,2.0,1.0,1.0,3.0,2.0,1.444072731584237
2.0,2.0,1.0,1.0,3.0,3.0,1.6987520937348175
2.0,2.0,1.0,1.0,4.0,2.0,1.5639958923284911
2.0,2.0,1.0,2.0,1.0,1.0,1.0639336931510774
2.0,2.0,1.0,2.0,1.0,2.0,1.3189395186377122
2.0,2.0,1.0,2.0,1.0,3.0,1.57294625361165
2.0,2.0,1.0,2.0,1.0,4.0,1.8272405727921675
2.0,2.0,1.0,2.0,2.0,1.0,1.183723005787418
2.0,2.0,1.0,2.0,2.0,2.0,1.4385915153023616
2.0,2.0,1.0,2.0,2.0,3.0,1.6927592006596486
2.0,2.0,1.0,2.0,3.0,1.0,1.3043448710148748
2.0,2.0,1.0,2.0,3.0,2.0,1.5577632519655273
2.0,2.0,1.0,2.0,3.0,3.0,1.8123972799004886
2.0,2.0,1.0,2.0,4.0,2.0,1.677815590955918
2.0,2.0,1.0,2.0,4.0,3.0,1.9321270102671195
2.0,2.0,1.0,2.0,5.0,3.0,2.0519198851804936
2.0,2.0,1.0,3.0,1.0,1.0,1.177445691145965
2.0,2.0,1.0,3.0,1.0,2.0,1.4328764729703485
2.0,2.0,1.0,3.0,1.0,4.0,1.9413322653498426
2.0,2.0,1.0,3.0,2.0,1.0,1.2970492851774411
2.0,2.0,1.0,3.0,2.0,2.0,1.5523112965341148
2.0,2.0,1.0,3.0,2.0,3.0,1.8064081271015857
2.0,2.0,1.0,3.0,3.0,2.0,1.6718940287110486
2.0,2.0,1.0,3.0,3.0,3.0,1.9254756048190707
2.0,2.0,1.0,3.0,4.0,2.0,1.7916277054640053
2.0,2.0,1.0,3.0,4.0,3.0,2.045649419853448
2.0,2.0,1.0,4.0,1.0,2.0,1.5457545008436384
2.0,2.0,1.0,4.0,1.0,4.0,2.054847606604226
2.0,2.0,1.0,4.0,2.0,1.0,1.4112609829847331
2.0,2.0,1.0,4.0,2.0,2.0,1.6653800283068934
2.0,2.0,1.0,4.0,2.0,3.0,1.9206974160772887
2.0,2.0,1.0,4.0,3.0,1.0,1.5308059116754174
2.0,2.0,1.0,4.0,3.0,3.0,2.039922102221846
2.0,2.0,1.0,4.0,4.0,1.0,1.650880348892202
2.0,2.0,1.0,4.0,4.0,3.0,2.159700207833978
2.0,2.0,1.0,4.0,4.0,4.0,2.414571581293085
2.0,2.0,1.0,4.0,5.0,3.0,2.2795493149248967
2.0,2.0,1.0,5.0,1.0,1.0,1.4050026155600384
2.0,2.0,1.0,5.0,1.0,3.0,1.914127268481312
2.0,2.0,1.0,5.0,3.0,4.0,2.4085763023888744
2.0,2.0,1.0,5.0,4.0,2.0,2.01899776567578
2.0,2.0,1.0,5.0,4.0,4.0,2.528386107384657
2.0,2.0,1.0,5.0,5.0,3.0,2.393366369664444
2.0,2.0,2.0,1.0,1.0,1.0,1.1998017862432089
2.0,2.0,2.0,1.0,1.0,2.0,1.4552262398922378
2.0,2.0,2.0,1.0,2.0,1.0,1.3199730738269317
2.0,2.0,2.0,1.0,2.0,2.0,1.574980651073557
2.0,2.0,2.0,1.0,3.0,1.0,1.4401451816267814
2.0,2.0,2.0,1.0,3.0,2.0,1.694366362653189
2.0,2.0,2.0,1.0,3.0,3.0,1.9489707632301128
2.0,2.0,2.0,1.0,4.0,1.0,1.559657132078064
2.0,2.0,2.0,2.0,1.0,1.0,1.3142421484038465
2.0,2.0,2.0,2.0,1.0,2.0,1.5686472301600458
2.0,2.0,2.0,2.0,2.0,1.0,1.4340050648623703
2.0,2.0,2.0,2.0,2.0,2.0,1.691977379904574
2.0,2.0,2.0,2.0,2.0,3.0,1.943541792025128
2.0,2.0,2.0,2.0,2.0,4.0,2.1980776828524684
2.0,2.0,2.0,2.0,3.0,1.0,1.5537539220928736
2.0,2.0,2.0,2.0,3.0,2.0,1.808152660127525
2.0,2.0,2.0,2.0,3.0,3.0,2.062922471887705
2.0,2.0,2.0,2.0,4.0,1.0,1.6738257806054138
2.0,2.0,2.0,2.0,4.0,2.0,1.9286056470671764
2.0,2.0,2.0,2.0,4.0,3.0,2.18313416162179
2.0,2.0,2.0,3.0,1.0,1.0,1.4282761131903035
2.0,2.0,2.0,3.0,1.0,2.0,1.6825085791082137
2.0,2.0,2.0,3.0,1.0,3.0,1.9372524396948465
2.0,2.0,2.0,3.0,2.0,2.0,1.8029705282599764
2.0,2.0,2.0,3.0,2.0,3.0,2.0564383508444775
2.0,2.0,2.0,3.0,3.0,2.0,1.922083457772291
2.0,2.0,2.0,3.0,3.0,3.0,2.1770423453656025
2.0,2.0,2.0,3.0,4.0,1.0,1.7872890080754835
2.0,2.0,2.0,3.0,4.0,2.0,2.042118622120507
2.0,2.0,2.0,3.0,4.0,3.0,2.296711385882084
2.0,2.0,2.0,3.0,4.0,4.0,2.5510685380031974
2.0,2.0,2.0,3.0,5.0,3.0,2.4164916010106525
2.0,2.0,2.0,3.0,5.0,5.0,2.9264068667220973
2.0,2.0,2.0,4.0,1.0,1.0,1.5416782429274456
2.0,2.0,2.0,4.0,2.0,2.0,1.9163159015811182
2.0,2.0,2.0,4.0,2.0,3.0,2.1710981076438833
2.0,2.0,2.0,4.0,2.0,4.0,2.425330577777089
2.0,2.0,2.0,4.0,3.0,2.0,2.0363825483940223
2.0,2.0,2.0,4.0,3.0,3.0,2.2904214556481173
2.0,2.0,2.0,4.0,3.0,4.0,2.5451051454163327
2.0,2.0,2.0,4.0,4.0,1.0,1.901103611907876
2.0,2.0,2.0,4.0,4.0,2.0,2.155666687870549
2.0,2.0,2.0,4.0,4.0,3.0,2.4104353216331385
2.0,2.0,2.0,4.0,4.0,4.0,2.664616279548487
2.0,2.0,2.0,5.0,1.0,3.0,2.1648811567748814
2.0,2.0,2.0,5.0,3.0,2.0,2.149942167994654
2.0,2.0,2.0,5.0,3.0,4.0,2.6593297869722043
2.0,2.0,2.0,5.0,3.0,5.0,2.9136379953061637
2.0,2.0,2.0,5.0,4.0,4.0,2.778608922436962
2.0,2.0,2.0,5.0,4.0,5.0,3.0337051717776333
2.0,2.0,2.0,5.0,5.0,4.0,2.898450667896433
2.0,2.0,3.0,1.0,1.0,1.0,1.4505282258545231
2.0,2.0,3.0,1.0,1.0,3.0,1.9598545381405044
2.0,2.0,3.0,1.0,2.0,1.0,1.5700696544957877
2.0,2.0,3.0,1.0,2.0,2.0,1.825135625766746
2.0,2.0,3.0,1.0,3.0,1.0,1.6903343637427064
2.0,2.0,3.0,1.0,3.0,2.0,1.9449129489689219
2.0,2.0,3.0,1.0,3.0,3.0,2.199726906092024
2.0,2.0,3.0,2.0,1.0,1.0,1.5645323494443617
2.0,2.0,3.0,2.0,2.0,2.0,1.93981639075662
2.0,2.0,3.0,2.0,2.0,3.0,2.193950245952614
2.0,2.0,3.0,2.0,3.0,2.0,2.058951146721913
2.0,2.0,3.0,2.0,3.0,3.0,2.3137433424474465
2.0,2.0,3.0,2.0,3.0,4.0,2.5674213164654573
2.0,2.0,3.0,2.0,4.0,3.0,2.4333566511002807
2.0,2.0,3.0,3.0,1.0,1.0,1.6786997188923982
2.0,2.0,3.0,3.0,1.0,2.0,1.9329824630128074
2.0,2.0,3.0,3.0,1.0,3.0,2.187905638412343
2.0,2.0,3.0,3.0,2.0,1.0,1.7984220954977532
2.0,2.0,3.0,3.0,2.0,2.0,2.052131446090687
2.0,2.0,3.0,3.0,2.0,3.0,2.306957733566815
2.0,2.0,3.0,3.0,2.0,4.0,2.5623796394695058
2.0,2.0,3.0,3.0,3.0,1.0,1.9179688229872347
2.0,2.0,3.0,3.0,3.0,2.0,2.173363575079305
2.0,2.0,3.0,3.0,3.0,3.0,2.428237547860712
2.0,2.0,3.0,3.0,3.0,4.0,2.681474170490209
2.0,2.0,3.0,3.0,4.0,1.0,2.037774636812719
2.0,2.0,3.0,3.0,4.0,2.0,2.292608082929406
2.0,2.0,3.0,3.0,4.0,3.0,2.5470247915820274
2.0,2.0,3.0,3.0,4.0,4.0,2.801252439006916
2.0,2.0,3.0,4.0,1.0,3.0,2.301205267609908
2.0,2.0,3.0,4.0,2.0,3.0,2.4209181123021497
2.0,2.0,3.0,4.0,2.0,4.0,2.6757499946599608
2.0,2.0,3.0,4.0,3.0,2.0,2.286613570229798
2.0,2.0,3.0,4.0,3.0,3.0,2.540842757731006
2.0,2.0,3.0,4.0,3.0,4.0,2.7953698225911694
2.0,2.0,3.0,4.0,4.0,2.0,2.40642128783997
2.0,2.0,3.0,4.0,4.0,3.0,2.6612565352406277
2.0,2.0,3.0,4.0,4.0,4.0,2.9153043470547764
2.0,2.0,3.0,4.0,5.0,5.0,3.290195029509711
2.0,2.0,3.0,5.0,1.0,3.0,2.4153725023688835
2.0,2.0,3.0,5.0,2.0,3.0,2.5351824124334037
2.0,2.0,3.0,5.0,2.0,4.0,2.7897385576308222
2.0,2.0,3.0,5.0,3.0,3.0,2.6559760205582976
2.0,2.0,3.0,5.0,3.0,4.0,2.909824124095831
2.0,2.0,3.0,5.0,3.0,5.0,3.16411549856349
2.0,2.0,3.0,5.0,4.0,3.0,2.7750713813002994
2.0,2.0,3.0,5.0,5.0,5.0,3.4038964066542197
2.0,2.0,4.0,1.0,2.0,1.0,1.8210135833711323
2.0,2.0,4.0,2.0,3.0,2.0,2.3094727311368124
2.0,2.0,4.0,2.0,5.0,2.0,2.549091439154689
2.0,2.0,4.0,3.0,3.0,2.0,2.423286546316287
2.0,2.0,4.0,3.0,3.0,3.0,2.6779342710423157
2.0,2.0,4.0,3.0,5.0,3.0,2.9172013885720665
2.0,2.0,4.0,4.0,1.0,4.0,2.8066108266146723
2.0,2.0,4.0,4.0,2.0,3.0,2.672121091107387
2.0,2.0,4.0,4.0,2.0,5.0,3.1812310794691103
2.0,2.0,4.0,4.0,3.0,3.0,2.791930596868664
2.0,2.0,4.0,4.0,4.0,4.0,3.165639261175145
2.0,2.0,4.0,4.0,5.0,3.0,3.0315538755216154
2.0,2.0,4.0,5.0,4.0,4.0,3.279851113625984
2.0,2.0,5.0,2.0,1.0,2.0,2.3203382577112817
2.0,2.0,5.0,2.0,3.0,2.0,2.559689489118577
2.0,2.0,5.0,5.0,1.0,3.0,2.91634689703724
2.0,2.0,5.0,5.0,3.0,5.0,3.6646609319493546
2.0,2.0,5.0,5.0,4.0,5.0,3.784907228652267
2.0,3.0,1.0,1.0,1.0,1.0,1.0
2.0,3.0,1.0,1.0,1.0,2.0,1.2433090155128959
2.0,3.0,1.0,1.0,1.0,3.0,1.4976608075682916
2.0,3.0,1.0,1.0,2.0,1.0,1.1083760655332793
2.0,3.0,1.0,1.0,2.0,2.0,1.3639380926175064
2.0,3.0,1.0,1.0,2.0,3.0,1.6178666614855914
2.0,3.0,1.0,1.0,3.0,1.0,1.2276540114164596
2.0,3.0,1.0,1.0,3.0,2.0,1.4828872764144532
2.0,3.0,1.0,1.0,3.0,3.0,1.7370900427778453
2.0,3.0,1.0,1.0,4.0,1.0,1.3484439088093734
2.0,3.0,1.0,1.0,4.0,2.0,1.6026605643560778
2.0,3.0,1.0,2.0,1.0,1.0,1.103131174004627
2.0,3.0,1.0,2.0,1.0,2.0,1.3573131585059683
2.0,3.0,1.0,2.0,1.0,3.0,1.6118153021762356
2.0,3.0,1.0,2.0,2.0,1.0,1.2230015386264044
2.0,3.0,1.0,2.0,2.0,2.0,1.478344421833098
2.0,3.0,1.0,2.0,2.0,3.0,1.7316334340342272
2.0,3.0,1.0,2.0,3.0,1.0,1.342697007170436
2.0,3.0,1.0,2.0,3.0,2.0,1.596945464022699
2.0,3.0,1.0,2.0,3.0,3.0,1.850787724997648
2.0,3.0,1.0,2.0,4.0,1.0,1.4620571042815833
2.0,3.0,1.0,2.0,4.0,2.0,1.7165517937254888
2.0,3.0,1.0,2.0,4.0,3.0,1.9710378768281074
2.0,3.0,1.0,2.0,5.0,2.0,1.8365439052276527
2.0,3.0,1.0,3.0,1.0,1.0,1.2170663715887096
2.0,3.0,1.0,3.0,1.0,2.0,1.4706563722637123
2.0,3.0,1.0,3.0,1.0,3.0,1.7258169019118212
2.0,3.0,1.0,3.0,2.0,1.0,1.3365483273655396
2.0,3.0,1.0,3.0,2.0,2.0,1.5905864168843633
2.0,3.0,1.0,3.0,2.0,3.0,1.8448676061122757
2.0,3.0,1.0,3.0,3.0,1.0,1.456252767028641
2.0,3.0,1.0,3.0,3.0,2.0,1.7112928239498435
2.0,3.0,1.0,3.0,3.0,3.0,1.9652592106564983
2.0,3.0,1.0,3.0,3.0,4.0,2.2196063865705056
2.0,3.0,1.0,3.0,4.0,1.0,1.5759962024952574
2.0,3.0,1.0,3.0,4.0,3.0,2.085030161059583
2.0,3.0,1.0,3.0,4.0,4.0,2.339416786731972
2.0,3.0,1.0,3.0,4.0,5.0,2.5942492690906525
2.0,3.0,1.0,4.0,1.0,1.0,1.3304719435001988
2.0,3.0,1.0,4.0,1.0,2.0,1.584787494036585
2.0,3.0,1.0,4.0,1.0,3.0,1.8392835310443556
2.0,3.0,1.0,4.0,2.0,1.0,1.4500719029817424
2.0,3.0,1.0,4.0,2.0,2.0,1.704753890141045
2.0,3.0,1.0,4.0,2.0,3.0,1.959594281952764
2.0,3.0,1.0,4.0,3.0,2.0,1.8242629122538325
2.0,3.0,1.0,4.0,3.0,3.0,2.07902097139894
2.0,3.0,1.0,4.0,3.0,4.0,2.3336027933275254
2.0,3.0,1.0,4.0,4.0,1.0,1.6900785074687126
2.0,3.0,1.0,4.0,4.0,2.0,1.9446581617479717
2.0,3.0,1.0,4.0,4.0,3.0,2.1990963504385257
2.0,3.0,1.0,5.0,1.0,1.0,1.4435730097190613
2.0,3.0,1.0,5.0,1.0,3.0,1.9530550908349318
2.0,3.0,1.0,5.0,2.0,2.0,1.8188366075201599
2.0,3.0,1.0,5.0,2.0,3.0,2.073130851667753
2.0,3.0,1.0,5.0,2.0,4.0,2.3276972540471137
2.0,3.0,1.0,5.0,3.0,1.0,1.6835488064700515
2.0,3.0,1.0,5.0,3.0,2.0,1.9381115770992625
2.0,3.0,1.0,5.0,3.0,3.0,2.192675548718506
2.0,3.0,1.0,5.0,3.0,4.0,2.447505323783096
2.0,3.0,1.0,5.0,4.0,1.0,1.8033616561133523
2.0,3.0,1.0,5.0,5.0,2.0,2.1777342434621043
2.0,3.0,2.0,1.0,1.0,1.0,1.2383786622973916
2.0,3.0,2.0,1.0,1.0,2.0,1.4939992233560084
2.0,3.0,2.0,1.0,2.0,1.0,1.3585378453498784
2.0,3.0,2.0,1.0,2.0,2.0,1.6130041250346543
2.0,3.0,2.0,1.0,2.0,3.0,1.8682322126637212
2.0,3.0,2.0,1.0,3.0,1.0,1.4786932073758126
2.0,3.0,2.0,1.0,3.0,2.0,1.7336766415542517
2.0,3.0,2.0,1.0,3.0,3.0,1.9876492874039782
2.0,3.0,2.0,1.0,3.0,4.0,2.2430040579922665
2.0,3.0,2.0,1.0,4.0,1.0,1.5986924560549516
2.0,3.0,2.0,1.0,4.0,2.0,1.8529999590889112
2.0,3.0,2.0,1.0,4.0,3.0,2.1079490901822284
2.0,3.0,2.0,2.0,1.0,1.0,1.3529865578504472
2.0,3.0,2.0,2.0,1.0,2.0,1.6084541368702008
2.0,3.0,2.0,2.0,1.0,3.0,1.861977736935879
2.0,3.0,2.0,2.0,1.0,4.0,2.116656543307325
2.0,3.0,2.0,2.0,2.0,1.0,1.4726839222818338
2.0,3.0,2.0,2.0,2.0,2.0,1.7302444741202423
2.0,3.0,2.0,2.0,2.0,3.0,1.9824534441448636
2.0,3.0,2.0,2.0,2.0,4.0,2.2364711872939385
2.0,3.0,2.0,2.0,3.0,1.0,1.5927018349698305
2.0,3.0,2.0,2.0,3.0,2.0,1.8477957544658046
2.0,3.0,2.0,2.0,3.0,3.0,2.1026094812684777
2.0,3.0,2.0,2.0,3.0,4.0,2.3565460487175733
2.0,3.0,2.0,2.0,4.0,1.0,1.7127461323912279
2.0,3.0,2.0,2.0,4.0,2.0,1.9669923008983325
2.0,3.0,2.0,2.0,4.0,3.0,2.222090489746448
2.0,3.0,2.0,2.0,4.0,4.0,2.476357170624701
2.0,3.0,2.0,2.0,5.0,3.0,2.341338197553674
2.0,3.0,2.0,3.0,1.0,1.0,1.4671220737243935
2.0,3.0,2.0,3.0,1.0,2.0,1.7211623153741071
2.0,3.0,2.0,3.0,1.0,3.0,1.9770418238670913
2.0,3.0,2.0,3.0,2.0,1.0,1.5865518055990049
2.0,3.0,2.0,3.0,2.0,2.0,1.8420749105036536
2.0,3.0,2.0,3.0,2.0,3.0,2.095771593842111
2.0,3.0,2.0,3.0,3.0,1.0,1.7075194427672173
2.0,3.0,2.0,3.0,3.0,2.0,1.9623815398314417
2.0,3.0,2.0,3.0,3.0,3.0,2.21468944992053
2.0,3.0,2.0,3.0,3.0,4.0,2.469738000749518
2.0,3.0,2.0,3.0,4.0,1.0,1.8265762693463172
2.0,3.0,2.0,3.0,4.0,2.0,2.0811814904850525
2.0,3.0,2.0,3.0,4.0,3.0,2.335159193872015
2.0,3.0,2.0,3.0,4.0,4.0,2.590501517829319
2.0,3.0,2.0,3.0,5.0,3.0,2.4554212564730817
2.0,3.0,2.0,4.0,1.0,1.0,1.5809360913887052
2.0,3.0,2.0,4.0,1.0,2.0,1.8355217508254855
2.0,3.0,2.0,4.0,1.0,3.0,2.08938973928053
2.0,3.0,2.0,4.0,1.0,4.0,2.3443784397316234
2.0,3.0,2.0,4.0,1.0,5.0,2.5991203566082275
2.0,3.0,2.0,4.0,2.0,1.0,1.7007603381187832
2.0,3.0,2.0,4.0,2.0,2.0,1.9552555998833578
2.0,3.0,2.0,4.0,2.0,3.0,2.2096393458887174
2.0,3.0,2.0,4.0,2.0,4.0,2.464510612629578
2.0,3.0,2.0,4.0,3.0,1.0,1.8211178339511676
2.0,3.0,2.0,4.0,3.0,2.0,2.0753826735724683
2.0,3.0,2.0,4.0,3.0,3.0,2.3290171123244336
2.0,3.0,2.0,4.0,3.0,4.0,2.584244150488206
2.0,3.0,2.0,4.0,4.0,2.0,2.1948108352531994
2.0,3.0,2.0,4.0,4.0,3.0,2.4488533125113734
2.0,3.0,2.0,4.0,4.0,4.0,2.7038990484645744
2.0,3.0,2.0,4.0,4.0,5.0,2.958550447863136
2.0,3.0,2.0,4.0,5.0,2.0,2.3149426990722786
2.0,3.0,2.0,4.0,5.0,3.0,2.5693488310152395
2.0,3.0,2.0,5.0,1.0,2.0,1.949010072019662
2.0,3.0,2.0,5.0,1.0,4.0,2.458102165192991
2.0,3.0,2.0,5.0,1.0,5.0,2.712936477194783
2.0,3.0,2.0,5.0,2.0,3.0,2.3236236243079462
2.0,3.0,2.0,5.0,2.0,4.0,2.578029057605981
2.0,3.0,2.0,5.0,2.0,5.0,2.8327924074022968
2.0,3.0,2.0,5.0,3.0,2.0,2.1888671252184793
2.0,3.0,2.0,5.0,3.0,3.0,2.443197979061228
2.0,3.0,2.0,5.0,3.0,4.0,2.697886544696212
2.0,3.0,2.0,5.0,3.0,5.0,2.9525574446007696
2.0,3.0,2.0,5.0,4.0,3.0,2.5630894701140297
2.0,3.0,2.0,5.0,4.0,4.0,2.8171526220018563
2.0,3.0,2.0,5.0,4.0,5.0,3.0723658364582813
2.0,3.0,2.0,5.0,5.0,3.0,2.6830519081047437
2.0,3.0,2.0,5.0,5.0,5.0,3.191490575989003
2.0,3.0,3.0,1.0,1.0,1.0,1.4888911833554257
2.0,3.0,3.0,1.0,1.0,2.0,1.7441451289609171
2.0,3.0,3.0,1.0,1.0,3.0,1.9993025758743195
2.0,3.0,3.0,1.0,2.0,1.0,1.6086306570422473
2.0,3.0,3.0,1.0,2.0,2.0,1.863895748511237
2.0,3.0,3.0,1.0,2.0,3.0,2.1188470049195893
2.0,3.0,3.0,1.0,3.0,1.0,1.7298398780287385
2.0,3.0,3.0,1.0,3.0,2.0,1.983334193765986
2.0,3.0,3.0,1.0,3.0,3.0,2.2378081900802953
2.0,3.0,3.0,1.0,3.0,4.0,2.492819669548076
2.0,3.0,3.0,1.0,4.0,2.0,2.1033167034379088
2.0,3.0,3.0,1.0,4.0,3.0,2.3584676912972777
2.0,3.0,3.0,1.0,5.0,3.0,2.4785446816988213
2.0,3.0,3.0,2.0,1.0,1.0,1.6029229638682634
2.0,3.0,3.0,2.0,1.0,2.0,1.857603727017456
2.0,3.0,3.0,2.0,1.0,3.0,2.112259989043645
2.0,3.0,3.0,2.0,1.0,4.0,2.367147140973389
2.0,3.0,3.0,2.0,2.0,1.0,1.7234171492006767
2.0,3.0,3.0,2.0,2.0,2.0,1.9774491312086053
2.0,3.0,3.0,2.0,2.0,3.0,2.2322724280252446
2.0,3.0,3.0,2.0,3.0,1.0,1.8435125999058346
2.0,3.0,3.0,2.0,3.0,2.0,2.0968404886823615
2.0,3.0,3.0,2.0,3.0,3.0,2.351411522082032
2.0,3.0,3.0,2.0,3.0,4.0,2.6070341641161403
2.0,3.0,3.0,2.0,4.0,1.0,1.9631569770916177
2.0,3.0,3.0,2.0,4.0,2.0,2.217929611374313
2.0,3.0,3.0,2.0,4.0,3.0,2.472844523606952
2.0,3.0,3.0,2.0,4.0,4.0,2.72691851742423
2.0,3.0,3.0,2.0,5.0,2.0,2.3375314311129682
2.0,3.0,3.0,2.0,5.0,3.0,2.592469855552805
2.0,3.0,3.0,3.0,1.0,1.0,1.7178762986401312
2.0,3.0,3.0,3.0,1.0,2.0,1.9721205643097823
2.0,3.0,3.0,3.0,1.0,3.0,2.2266322265627023
2.0,3.0,3.0,3.0,2.0,1.0,1.837172403439032
2.0,3.0,3.0,3.0,2.0,2.0,2.0915718787189084
2.0,3.0,3.0,3.0,2.0,3.0,2.3462417722445283
2.0,3.0,3.0,3.0,2.0,4.0,2.601575193254807
2.0,3.0,3.0,3.0,3.0,1.0,1.957184092393147
2.0,3.0,3.0,3.0,3.0,2.0,2.2121371778865275
2.0,3.0,3.0,3.0,3.0,3.0,2.4648660378136857
2.0,3.0,3.0,3.0,3.0,4.0,2.7208085525678025
2.0,3.0,3.0,3.0,4.0,1.0,2.076707373241851
2.0,3.0,3.0,3.0,4.0,2.0,2.331891199581239
2.0,3.0,3.0,3.0,4.0,3.0,2.586364557896767
2.0,3.0,3.0,3.0,4.0,4.0,2.8404260190784782
2.0,3.0,3.0,3.0,4.0,5.0,3.0954918672616873
2.0,3.0,3.0,3.0,5.0,3.0,2.7057998670368457
2.0,3.0,3.0,3.0,5.0,4.0,2.9607388312300076
2.0,3.0,3.0,4.0,1.0,1.0,1.831406696660752
2.0,3.0,3.0,4.0,1.0,2.0,2.0861656279098564
2.0,3.0,3.0,4.0,1.0,3.0,2.339662474828118
2.0,3.0,3.0,4.0,2.0,1.0,1.9511678993609927
2.0,3.0,3.0,4.0,2.0,2.0,2.2060985156375255
2.0,3.0,3.0,4.0,2.0,3.0,2.4597442752178247
2.0,3.0,3.0,4.0,2.0,4.0,2.714819332203397
2.0,3.0,3.0,4.0,3.0,1.0,2.0707112359065554
2.0,3.0,3.0,4.0,3.0,2.0,2.324932561010218
2.0,3.0,3.0,4.0,3.0,3.0,2.5806386539929234
2.0,3.0,3.0,4.0,3.0,4.0,2.8348848384209377
2.0,3.0,3.0,4.0,3.0,5.0,3.08949780074841
2.0,3.0,3.0,4.0,4.0,1.0,2.190788619061351
2.0,3.0,3.0,4.0,4.0,2.0,2.445354251008526
2.0,3.0,3.0,4.0,4.0,3.0,2.7000724900308053
2.0,3.0,3.0,4.0,4.0,4.0,2.953260613306243
2.0,3.0,3.0,4.0,4.0,5.0,3.209519973359926
2.0,3.0,3.0,4.0,5.0,3.0,2.820043084742204
2.0,3.0,3.0,4.0,5.0,4.0,3.0745143085448534
2.0,3.0,3.0,4.0,5.0,5.0,3.3292094145460602
2.0,3.0,3.0,5.0,1.0,2.0,2.2000062659310458
2.0,3.0,3.0,5.0,2.0,3.0,2.5740717871953693
2.0,3.0,3.0,5.0,3.0,1.0,2.184526044713566
2.0,3.0,3.0,5.0,3.0,2.0,2.439355830593676
2.0,3.0,3.0,5.0,3.0,3.0,2.6941633097540016
2.0,3.0,3.0,5.0,3.0,4.0,2.947474703375864
2.0,3.0,3.0,5.0,3.0,5.0,3.2033134033008697
2.0,3.0,3.0,5.0,4.0,1.0,2.3046013524995357
2.0,3.0,3.0,5.0,4.0,3.0,2.8140498091313257
2.0,3.0,3.0,5.0,4.0,4.0,3.0670274777390847
2.0,3.0,3.0,5.0,4.0,5.0,3.322959382324827
2.0,3.0,3.0,5.0,5.0,3.0,2.9336102150891934
2.0,3.0,3.0,5.0,5.0,4.0,3.1880547345181536
2.0,3.0,3.0,5.0,5.0,5.0,3.4410735668197376
2.0,3.0,4.0,1.0,1.0,1.0,1.7401322454826806
2.0,3.0,4.0,1.0,2.0,1.0,1.859713214808542
2.0,3.0,4.0,1.0,2.0,2.0,2.114474425409159
2.0,3.0,4.0,1.0,3.0,1.0,1.9797524315131807
2.0,3.0,4.0,2.0,1.0,2.0,2.1085106957091035
2.0,3.0,4.0,2.0,2.0,2.0,2.2285903128559674
2.0,3.0,4.0,2.0,2.0,3.0,2.4827607609953373
2.0,3.0,4.0,2.0,2.0,4.0,2.7377115653914808
2.0,3.0,4.0,2.0,3.0,1.0,2.093253300018262
2.0,3.0,4.0,2.0,3.0,2.0,2.348306152974842
2.0,3.0,4.0,2.0,3.0,3.0,2.6031718148358496
2.0,3.0,4.0,2.0,4.0,3.0,2.7227730978886915
2.0,3.0,4.0,2.0,4.0,4.0,2.9773410354471985
2.0,3.0,4.0,2.0,5.0,2.0,2.588019385773367
2.0,3.0,4.0,2.0,5.0,3.0,2.842848330194025
2.0,3.0,4.0,3.0,1.0,3.0,2.477156627758023
2.0,3.0,4.0,3.0,2.0,3.0,2.5969162130700165
2.0,3.0,4.0,3.0,3.0,3.0,2.716620909442843
2.0,3.0,4.0,3.0,4.0,3.0,2.836984388062527
2.0,3.0,4.0,3.0,4.0,4.0,3.091659907416868
2.0,3.0,4.0,3.0,5.0,3.0,2.956666019844813
2.0,3.0,4.0,3.0,5.0,4.0,3.2112288623710663
2.0,3.0,4.0,4.0,2.0,2.0,2.456219869138874
2.0,3.0,4.0,4.0,2.0,3.0,2.7107820336103905
2.0,3.0,4.0,4.0,3.0,2.0,2.5766770458478883
2.0,3.0,4.0,4.0,3.0,3.0,2.8304189518630936
2.0,3.0,4.0,4.0,3.0,4.0,3.084268961030744
2.0,3.0,4.0,4.0,4.0,3.0,2.9509497006102383
2.0,3.0,4.0,4.0,4.0,4.0,3.2043180955867117
2.0,3.0,4.0,4.0,5.0,4.0,3.3250443756640196
2.0,3.0,4.0,4.0,5.0,5.0,3.579720572417475
2.0,3.0,4.0,5.0,2.0,4.0,3.079429029341539
2.0,3.0,4.0,5.0,4.0,3.0,3.0642185763333276
2.0,3.0,4.0,5.0,4.0,4.0,3.3185280057040343
2.0,3.0,4.0,5.0,5.0,2.0,2.929464147967743
2.0,3.0,4.0,5.0,5.0,3.0,3.1842961618016745
2.0,3.0,4.0,5.0,5.0,4.0,3.4392756848957537
2.0,3.0,4.0,5.0,5.0,5.0,3.6934219287075596
2.0,3.0,5.0,1.0,1.0,1.0,1.990621918432954
2.0,3.0,5.0,1.0,1.0,3.0,2.5000089019326013
2.0,3.0,5.0,2.0,1.0,2.0,2.3590002353259147
2.0,3.0,5.0,2.0,4.0,4.0,3.2280912718710106
2.0,3.0,5.0,3.0,1.0,3.0,2.727911741616239
2.0,3.0,5.0,3.0,3.0,3.0,2.9675510031802967
2.0,3.0,5.0,3.0,3.0,4.0,3.2220984765633562
2.0,3.0,5.0,3.0,5.0,5.0,3.716283464023134
2.0,3.0,5.0,4.0,1.0,1.0,2.332285280087101
2.0,3.0,5.0,4.0,5.0,3.0,3.3209828116584217
2.0,3.0,5.0,5.0,2.0,5.0,3.583971814871562
2.0,3.0,5.0,5.0,3.0,5.0,3.7045513415453333
2.0,3.0,5.0,5.0,4.0,3.0,3.3152449063149345
2.0,3.0,5.0,5.0,4.0,4.0,3.5698048354471426
2.0,3.0,5.0,5.0,5.0,4.0,3.6892464526421804
2.0,3.0,5.0,5.0,5.0,5.0,3.943173606342487
2.0,4.0,1.0,1.0,1.0,1.0,1.0287349320510566
2.0,4.0,1.0,1.0,1.0,2.0,1.2821992990313968
2.0,4.0,1.0,1.0,2.0,1.0,1.1483167651347954
2.0,4.0,1.0,1.0,2.0,2.0,1.402336930172672
2.0,4.0,1.0,1.0,3.0,1.0,1.2668766654044246
2.0,4.0,1.0,1.0,3.0,2.0,1.521998214652887
2.0,4.0,1.0,1.0,3.0,3.0,1.7759274644265834
2.0,4.0,1.0,1.0,4.0,1.0,1.3866130379199757
2.0,4.0,1.0,1.0,4.0,2.0,1.6416844909997352
2.0,4.0,1.0,1.0,4.0,3.0,1.895966587177979
2.0,4.0,1.0,1.0,4.0,4.0,2.150369955271943
2.0,4.0,1.0,2.0,1.0,1.0,1.1416476253268462
2.0,4.0,1.0,2.0,1.0,2.0,1.3960905821973808
2.0,4.0,1.0,2.0,1.0,3.0,1.6506311514659247
2.0,4.0,1.0,2.0,1.0,4.0,1.9053652326246646
2.0,4.0,1.0,2.0,2.0,1.0,1.2616587133904298
2.0,4.0,1.0,2.0,2.0,2.0,1.5161531419602674
2.0,4.0,1.0,2.0,2.0,3.0,1.77088048784838
2.0,4.0,1.0,2.0,3.0,1.0,1.3811184618861687
2.0,4.0,1.0,2.0,3.0,2.0,1.6364193706811643
2.0,4.0,1.0,2.0,3.0,3.0,1.8897413453628689
2.0,4.0,1.0,2.0,3.0,4.0,2.1449085402083035
2.0,4.0,1.0,2.0,4.0,1.0,1.5011066454601691
2.0,4.0,1.0,2.0,4.0,2.0,1.755671509616394
2.0,4.0,1.0,2.0,4.0,3.0,2.0096921455275583
2.0,4.0,1.0,2.0,5.0,3.0,2.129777140053728
2.0,4.0,1.0,3.0,1.0,1.0,1.256006852212896
2.0,4.0,1.0,3.0,1.0,2.0,1.508834551729834
2.0,4.0,1.0,3.0,1.0,3.0,1.7648693372011446
2.0,4.0,1.0,3.0,1.0,4.0,2.0194459800438427
2.0,4.0,1.0,3.0,2.0,1.0,1.3756007790427158
2.0,4.0,1.0,3.0,2.0,2.0,1.630653502693615
2.0,4.0,1.0,3.0,2.0,3.0,1.8848799822968867
2.0,4.0,1.0,3.0,3.0,1.0,1.4944604999644964
2.0,4.0,1.0,3.0,3.0,2.0,1.749476712949944
2.0,4.0,1.0,3.0,3.0,3.0,2.0026264740304143
2.0,4.0,1.0,3.0,4.0,1.0,1.6146558322269864
2.0,4.0,1.0,3.0,4.0,2.0,1.8694886275450016
2.0,4.0,1.0,3.0,4.0,3.0,2.122655542556681
2.0,4.0,1.0,3.0,4.0,4.0,2.3785120950393304
2.0,4.0,1.0,3.0,5.0,2.0,1.9892913380947823
2.0,4.0,1.0,3.0,5.0,4.0,2.4986853706071788
2.0,4.0,1.0,4.0,1.0,1.0,1.3692102870371463
2.0,4.0,1.0,4.0,1.0,2.0,1.6236397677335332
2.0,4.0,1.0,4.0,1.0,3.0,1.8781999868941603
2.0,4.0,1.0,4.0,1.0,4.0,2.1332327125982427
2.0,4.0,1.0,4.0,2.0,1.0,1.4888525661196488
2.0,4.0,1.0,4.0,2.0,2.0,1.743552066121258
2.0,4.0,1.0,4.0,2.0,3.0,1.997979437446027
2.0,4.0,1.0,4.0,3.0,1.0,1.6087664610403667
2.0,4.0,1.0,4.0,3.0,2.0,1.8628026812397125
2.0,4.0,1.0,4.0,3.0,3.0,2.1176636858026128
2.0,4.0,1.0,4.0,3.0,4.0,2.372618910562211
2.0,4.0,1.0,4.0,4.0,1.0,1.728470872602158
2.0,4.0,1.0,4.0,4.0,2.0,1.9833013664591899
2.0,4.0,1.0,4.0,4.0,3.0,2.2378021677206816
2.0,4.0,1.0,4.0,4.0,4.0,2.4918992970895975
2.0,4.0,1.0,4.0,5.0,2.0,2.1031146940165253
2.0,4.0,1.0,5.0,1.0,1.0,1.48272844968798
2.0,4.0,1.0,5.0,1.0,4.0,2.2468111556288806
2.0,4.0,1.0,5.0,1.0,5.0,2.50137570079872
2.0,4.0,1.0,5.0,3.0,2.0,1.9773073017118419
2.0,4.0,1.0,5.0,3.0,3.0,2.232750308633921
2.0,4.0,1.0,5.0,3.0,4.0,2.4867031397123993
2.0,4.0,1.0,5.0,3.0,5.0,2.741000432799169
2.0,4.0,1.0,5.0,4.0,4.0,2.6060829082309875
2.0,4.0,1.0,5.0,4.0,5.0,2.8608057611817364
2.0,4.0,1.0,5.0,5.0,2.0,2.2171929649021003
2.0,4.0,1.0,5.0,5.0,5.0,2.980349086131964
2.0,4.0,2.0,1.0,1.0,1.0,1.2781129683464894
2.0,4.0,2.0,1.0,1.0,2.0,1.5325052131371313
2.0,4.0,2.0,1.0,1.0,3.0,1.787209509019394
2.0,4.0,2.0,1.0,2.0,1.0,1.397957126809017
2.0,4.0,2.0,1.0,2.0,2.0,1.6534161992370597
2.0,4.0,2.0,1.0,2.0,3.0,1.9070937669724275
2.0,4.0,2.0,1.0,3.0,1.0,1.5173998521062628
2.0,4.0,2.0,1.0,3.0,2.0,1.7720519062859097
2.0,4.0,2.0,1.0,3.0,3.0,2.026256346427651
2.0,4.0,2.0,1.0,3.0,4.0,2.2819258067920813
2.0,4.0,2.0,1.0,4.0,1.0,1.637344082586327
2.0,4.0,2.0,1.0,4.0,2.0,1.8924014366072301
2.0,4.0,2.0,1.0,4.0,3.0,2.1466027169407886
2.0,4.0,2.0,1.0,4.0,4.0,2.4010970802237543
2.0,4.0,2.0,1.0,5.0,2.0,2.0124189634828094
2.0,4.0,2.0,1.0,5.0,3.0,2.266716544423619
2.0,4.0,2.0,2.0,1.0,1.0,1.39239488373237
2.0,4.0,2.0,2.0,1.0,2.0,1.6470431041712486
2.0,4.0,2.0,2.0,1.0,3.0,1.901318235663405
2.0,4.0,2.0,2.0,2.0,1.0,1.511696809174031
2.0,4.0,2.0,2.0,2.0,2.0,1.7681330065354002
2.0,4.0,2.0,2.0,2.0,3.0,2.021041777556447
2.0,4.0,2.0,2.0,2.0,4.0,2.275931362772761
2.0,4.0,2.0,2.0,3.0,1.0,1.6313803617066536
2.0,4.0,2.0,2.0,3.0,2.0,1.887229162164685
2.0,4.0,2.0,2.0,3.0,3.0,2.140360870601361
2.0,4.0,2.0,2.0,3.0,4.0,2.395477937479654
2.0,4.0,2.0,2.0,4.0,1.0,1.7514622709655348
2.0,4.0,2.0,2.0,4.0,2.0,2.0074719281959097
2.0,4.0,2.0,2.0,4.0,3.0,2.2599019094757824
2.0,4.0,2.0,2.0,4.0,4.0,2.5152696066769105
2.0,4.0,2.0,2.0,4.0,5.0,2.770115680321966
2.0,4.0,2.0,2.0,5.0,2.0,2.1264346987964657
2.0,4.0,2.0,2.0,5.0,3.0,2.380230275618777
2.0,4.0,2.0,3.0,1.0,1.0,1.50582992310429
2.0,4.0,2.0,3.0,1.0,2.0,1.7613616928304452
2.0,4.0,2.0,3.0,1.0,3.0,2.0156044594870557
2.0,4.0,2.0,3.0,1.0,4.0,2.2698651643219168
2.0,4.0,2.0,3.0,2.0,1.0,1.6258932132320378
2.0,4.0,2.0,3.0,2.0,2.0,1.8811613911855387
2.0,4.0,2.0,3.0,2.0,3.0,2.135070371843148
2.0,4.0,2.0,3.0,2.0,4.0,2.389482513827748
2.0,4.0,2.0,3.0,3.0,1.0,1.7468048871772777
2.0,4.0,2.0,3.0,3.0,2.0,2.001226360826648
2.0,4.0,2.0,3.0,3.0,3.0,2.2557815916801927
2.0,4.0,2.0,3.0,3.0,4.0,2.5095575755756023
2.0,4.0,2.0,3.0,4.0,2.0,2.120049178743356
2.0,4.0,2.0,3.0,4.0,3.0,2.374507169456908
2.0,4.0,2.0,3.0,4.0,4.0,2.6292906218045204
2.0,4.0,2.0,3.0,4.0,5.0,2.883931591647618
2.0,4.0,2.0,4.0,1.0,1.0,1.620466848640792
2.0,4.0,2.0,4.0,1.0,2.0,1.8748592773524042
2.0,4.0,2.0,4.0,1.0,3.0,2.1298150222024823
2.0,4.0,2.0,4.0,1.0,4.0,2.3830782997841076
2.0,4.0,2.0,4.0,2.0,1.0,1.7394120666294404
2.0,4.0,2.0,4.0,2.0,2.0,1.9936446956216376
2.0,4.0,2.0,4.0,2.0,3.0,2.2486024169998093
2.0,4.0,2.0,4.0,2.0,4.0,2.5031617164305477
2.0,4.0,2.0,4.0,3.0,1.0,1.8594559444753125
2.0,4.0,2.0,4.0,3.0,2.0,2.1145578827624414
2.0,4.0,2.0,4.0,3.0,3.0,2.3683889540049825
2.0,4.0,2.0,4.0,3.0,4.0,2.6231768965732822
2.0,4.0,2.0,4.0,4.0,1.0,1.9792427116100135
2.0,4.0,2.0,4.0,4.0,2.0,2.2333525999955364
2.0,4.0,2.0,4.0,4.0,3.0,2.486956495033626
2.0,4.0,2.0,4.0,4.0,4.0,2.739658448115116
2.0,4.0,2.0,4.0,4.0,5.0,2.997480364899015
2.0,4.0,2.0,4.0,5.0,2.0,2.353334280307699
2.0,4.0,2.0,4.0,5.0,3.0,2.6085367005580316
2.0,4.0,2.0,4.0,5.0,4.0,2.8628017230159184
2.0,4.0,2.0,4.0,5.0,5.0,3.1172266734734104
2.0,4.0,2.0,5.0,1.0,1.0,1.7336131839582296
2.0,4.0,2.0,5.0,1.0,2.0,1.9881766089423885
2.0,4.0,2.0,5.0,1.0,3.0,2.242545926427784
2.0,4.0,2.0,5.0,1.0,4.0,2.4970357139341623
2.0,4.0,2.0,5.0,2.0,2.0,2.108194992124422
2.0,4.0,2.0,5.0,2.0,4.0,2.6171125230819503
2.0,4.0,2.0,5.0,3.0,1.0,1.9732343447624023
2.0,4.0,2.0,5.0,3.0,3.0,2.4824976611512826
2.0,4.0,2.0,5.0,3.0,4.0,2.7367286505710036
2.0,4.0,2.0,5.0,3.0,5.0,2.9917536841172523
2.0,4.0,2.0,5.0,4.0,2.0,2.347513360862464
2.0,4.0,2.0,5.0,4.0,3.0,2.6017961444389166
2.0,4.0,2.0,5.0,4.0,4.0,2.8561635539754713
2.0,4.0,2.0,5.0,4.0,5.0,3.1109996093646313
2.0,4.0,2.0,5.0,5.0,3.0,2.721980667393968
2.0,4.0,2.0,5.0,5.0,4.0,2.976808596978989
2.0,4.0,2.0,5.0,5.0,5.0,3.2308613092300966
2.0,4.0,3.0,1.0,1.0,1.0,1.5281196172355704
2.0,4.0,3.0,1.0,1.0,3.0,2.037962856670306
2.0,4.0,3.0,1.0,2.0,1.0,1.6482244038367961
2.0,4.0,3.0,1.0,2.0,2.0,1.9029971533640493
2.0,4.0,3.0,1.0,2.0,4.0,2.4123385777108677
2.0,4.0,3.0,1.0,3.0,1.0,1.7681120275882296
2.0,4.0,3.0,1.0,3.0,2.0,2.022466232811004
2.0,4.0,3.0,1.0,3.0,3.0,2.277629963258902
2.0,4.0,3.0,1.0,3.0,4.0,2.532147120894426
2.0,4.0,3.0,1.0,4.0,2.0,2.143288346889413
2.0,4.0,3.0,1.0,4.0,3.0,2.3971884139496704
2.0,4.0,3.0,1.0,4.0,4.0,2.652224745221647
2.0,4.0,3.0,2.0,1.0,1.0,1.642483198493735
2.0,4.0,3.0,2.0,1.0,2.0,1.8970614611380405
2.0,4.0,3.0,2.0,1.0,3.0,2.151476082175349
2.0,4.0,3.0,2.0,2.0,1.0,1.762780290065326
2.0,4.0,3.0,2.0,2.0,2.0,2.0174781804508894
2.0,4.0,3.0,2.0,2.0,3.0,2.2717138911903816
2.0,4.0,3.0,2.0,3.0,1.0,1.8818375384776556
2.0,4.0,3.0,2.0,3.0,2.0,2.136896522498295
2.0,4.0,3.0,2.0,3.0,3.0,2.3902929902636467
2.0,4.0,3.0,2.0,3.0,4.0,2.64571593841005
2.0,4.0,3.0,2.0,4.0,1.0,2.0020854161153987
2.0,4.0,3.0,2.0,4.0,2.0,2.2559037813294385
2.0,4.0,3.0,2.0,4.0,3.0,2.5109154995081786
2.0,4.0,3.0,2.0,4.0,4.0,2.7652883444895804
2.0,4.0,3.0,2.0,4.0,5.0,3.0203318474777783
2.0,4.0,3.0,2.0,5.0,3.0,2.631288261822825
2.0,4.0,3.0,2.0,5.0,4.0,2.8853159778486654
2.0,4.0,3.0,2.0,5.0,5.0,3.140413090687071
2.0,4.0,3.0,3.0,1.0,2.0,2.011024553999901
2.0,4.0,3.0,3.0,1.0,3.0,2.2648903862352854
2.0,4.0,3.0,3.0,2.0,1.0,1.876316246185266
2.0,4.0,3.0,3.0,2.0,2.0,2.131257601597698
2.0,4.0,3.0,3.0,2.0,3.0,2.386118483949409
2.0,4.0,3.0,3.0,2.0,4.0,2.6400674233621535
2.0,4.0,3.0,3.0,3.0,1.0,1.9960915862885298
2.0,4.0,3.0,3.0,3.0,2.0,2.2517801741654098
2.0,4.0,3.0,3.0,3.0,3.0,2.5086808043238054
2.0,4.0,3.0,3.0,3.0,4.0,2.7595674990912586
2.0,4.0,3.0,3.0,4.0,1.0,2.1156354233403185
2.0,4.0,3.0,3.0,4.0,2.0,2.370106538835921
2.0,4.0,3.0,3.0,4.0,3.0,2.6259207860920344
2.0,4.0,3.0,3.0,4.0,4.0,2.8792311015296344
2.0,4.0,3.0,3.0,4.0,5.0,3.134652444937868
2.0,4.0,3.0,3.0,5.0,3.0,2.7451078449936075
2.0,4.0,3.0,3.0,5.0,4.0,2.999667061724338
2.0,4.0,3.0,3.0,5.0,5.0,3.254232229765119
2.0,4.0,3.0,4.0,1.0,1.0,1.8700904702929566
2.0,4.0,3.0,4.0,1.0,2.0,2.124251228193595
2.0,4.0,3.0,4.0,1.0,3.0,2.379264783608481
2.0,4.0,3.0,4.0,1.0,4.0,2.63332595007505
2.0,4.0,3.0,4.0,2.0,2.0,2.244665025475008
2.0,4.0,3.0,4.0,2.0,3.0,2.4985576405571797
2.0,4.0,3.0,4.0,2.0,4.0,2.7548464688050047
2.0,4.0,3.0,4.0,3.0,1.0,2.1099093275334475
2.0,4.0,3.0,4.0,3.0,2.0,2.365021338872028
2.0,4.0,3.0,4.0,3.0,3.0,2.618866511513812
2.0,4.0,3.0,4.0,3.0,4.0,2.8740345491964425
2.0,4.0,3.0,4.0,3.0,5.0,3.1284292316657956
2.0,4.0,3.0,4.0,4.0,2.0,2.4840306582051865
2.0,4.0,3.0,4.0,4.0,3.0,2.738911974304455
2.0,4.0,3.0,4.0,4.0,4.0,2.9914165682018985
2.0,4.0,3.0,4.0,4.0,5.0,3.24837062096929
2.0,4.0,3.0,4.0,5.0,1.0,2.349504366529222
2.0,4.0,3.0,4.0,5.0,4.0,3.1140421796412125
2.0,4.0,3.0,4.0,5.0,5.0,3.366927524074429
2.0,4.0,3.0,5.0,1.0,2.0,2.23893164143422
2.0,4.0,3.0,5.0,1.0,3.0,2.4934956798015655
2.0,4.0,3.0,5.0,1.0,4.0,2.747392881909553
2.0,4.0,3.0,5.0,1.0,5.0,3.00261990155048
2.0,4.0,3.0,5.0,2.0,2.0,2.358744718566773
2.0,4.0,3.0,5.0,2.0,4.0,2.868308636808382
2.0,4.0,3.0,5.0,3.0,3.0,2.7330624061645197
2.0,4.0,3.0,5.0,3.0,4.0,2.987684270477196
2.0,4.0,3.0,5.0,3.0,5.0,3.2418467762809513
2.0,4.0,3.0,5.0,4.0,3.0,2.8530814950638934
2.0,4.0,3.0,5.0,4.0,4.0,3.106820111609612
2.0,4.0,3.0,5.0,4.0,5.0,3.3602400647451756
2.0,4.0,3.0,5.0,5.0,3.0,2.972739032426029
2.0,4.0,3.0,5.0,5.0,4.0,3.22699580268278
2.0,4.0,3.0,5.0,5.0,5.0,3.480047075504575
2.0,4.0,4.0,1.0,1.0,2.0,2.033623770454008
2.0,4.0,4.0,1.0,2.0,4.0,2.6628255314461216
2.0,4.0,4.0,1.0,3.0,1.0,2.0186767127500076
2.0,4.0,4.0,1.0,3.0,2.0,2.2732442302840843
2.0,4.0,4.0,1.0,3.0,3.0,2.5277924353040158
2.0,4.0,4.0,1.0,4.0,2.0,2.39332167698581
2.0,4.0,4.0,1.0,4.0,4.0,2.9024461783956927
2.0,4.0,4.0,2.0,1.0,3.0,2.4022679982512885
2.0,4.0,4.0,2.0,2.0,3.0,2.522194024078568
2.0,4.0,4.0,2.0,3.0,1.0,2.132763733965242
2.0,4.0,4.0,2.0,3.0,2.0,2.3870782151935455
2.0,4.0,4.0,2.0,3.0,3.0,2.6422712687468795
2.0,4.0,4.0,2.0,3.0,4.0,2.8967192700234805
2.0,4.0,4.0,2.0,4.0,1.0,2.252507388604796
2.0,4.0,4.0,2.0,4.0,2.0,2.507266889122824
2.0,4.0,4.0,2.0,4.0,3.0,2.761967895463157
2.0,4.0,4.0,2.0,4.0,4.0,3.015709783705415
2.0,4.0,4.0,2.0,4.0,5.0,3.2710918187802185
2.0,4.0,4.0,2.0,5.0,2.0,2.6272093562968624
2.0,4.0,4.0,3.0,1.0,1.0,2.007226957107329
2.0,4.0,4.0,3.0,1.0,2.0,2.2619142637080607
2.0,4.0,4.0,3.0,1.0,3.0,2.5156742140898967
2.0,4.0,4.0,3.0,2.0,2.0,2.3813318362057094
2.0,4.0,4.0,3.0,2.0,3.0,2.6362602920936786
2.0,4.0,4.0,3.0,3.0,2.0,2.5014119481805173
2.0,4.0,4.0,3.0,3.0,3.0,2.7556932751556644
2.0,4.0,4.0,3.0,3.0,4.0,3.010255932282956
2.0,4.0,4.0,3.0,4.0,2.0,2.6210556990446876
2.0,4.0,4.0,3.0,4.0,3.0,2.875546805646861
2.0,4.0,4.0,3.0,4.0,4.0,3.1299413683900865
2.0,4.0,4.0,3.0,4.0,5.0,3.38490964092367
2.0,4.0,4.0,3.0,5.0,4.0,3.249559123678454
2.0,4.0,4.0,4.0,1.0,2.0,2.3752378942069337
2.0,4.0,4.0,4.0,1.0,3.0,2.6295649954658096
2.0,4.0,4.0,4.0,1.0,4.0,2.8847603950583367
2.0,4.0,4.0,4.0,2.0,2.0,2.494880494198297
2.0,4.0,4.0,4.0,2.0,3.0,2.749580169718288
2.0,4.0,4.0,4.0,2.0,4.0,3.0042751731367328
2.0,4.0,4.0,4.0,3.0,1.0,2.3601302750392015
2.0,4.0,4.0,4.0,3.0,2.0,2.615430221128535
2.0,4.0,4.0,4.0,3.0,3.0,2.8692995000322625
2.0,4.0,4.0,4.0,3.0,4.0,3.124052585789883
2.0,4.0,4.0,4.0,4.0,1.0,2.4804702941613175
2.0,4.0,4.0,4.0,4.0,2.0,2.7347840454051187
2.0,4.0,4.0,4.0,4.0,3.0,2.9885556850973565
2.0,4.0,4.0,4.0,4.0,4.0,3.2421008461615104
2.0,4.0,4.0,4.0,4.0,5.0,3.4991256940097033
2.0,4.0,4.0,4.0,5.0,3.0,3.1094118178660866
2.0,4.0,4.0,4.0,5.0,4.0,3.364888114652927
2.0,4.0,4.0,4.0,5.0,5.0,3.6178147103521026
2.0,4.0,4.0,5.0,1.0,1.0,2.2351211277335734
2.0,4.0,4.0,5.0,1.0,4.0,2.998546652306064
2.0,4.0,4.0,5.0,2.0,3.0,2.863259024056626
2.0,4.0,4.0,5.0,2.0,4.0,3.118357833969757
2.0,4.0,4.0,5.0,3.0,3.0,2.98360401474236
2.0,4.0,4.0,5.0,3.0,4.0,3.2378380865631162
2.0,4.0,4.0,5.0,3.0,5.0,3.4927325585983207
2.0,4.0,4.0,5.0,4.0,2.0,2.8485860746895577
2.0,4.0,4.0,5.0,4.0,3.0,3.1025353435992655
2.0,4.0,4.0,5.0,4.0,4.0,3.3570590434817507
2.0,4.0,4.0,5.0,4.0,5.0,3.612463891336484
2.0,4.0,4.0,5.0,5.0,2.0,2.968664667246349
2.0,4.0,4.0,5.0,5.0,3.0,3.223491386491297
2.0,4.0,4.0,5.0,5.0,4.0,3.4779497897392435
2.0,4.0,4.0,5.0,5.0,5.0,3.728598960363319
2.0,4.0,5.0,2.0,2.0,3.0,2.7725697171271975
2.0,4.0,5.0,2.0,3.0,1.0,2.383517723916742
2.0,4.0,5.0,2.0,3.0,3.0,2.892646403050295
2.0,4.0,5.0,2.0,4.0,3.0,3.0124566633787797
2.0,4.0,5.0,2.0,4.0,4.0,3.267286211048261
2.0,4.0,5.0,3.0,2.0,2.0,2.632087064693544
2.0,4.0,5.0,3.0,3.0,3.0,3.00646205553373
2.0,4.0,5.0,3.0,4.0,2.0,2.871440694506727
2.0,4.0,5.0,3.0,4.0,3.0,3.1262746556011596
2.0,4.0,5.0,3.0,5.0,4.0,3.5009114889630637
2.0,4.0,5.0,4.0,2.0,4.0,3.2549697090109992
2.0,4.0,5.0,4.0,3.0,2.0,2.865450332461392
2.0,4.0,5.0,4.0,3.0,3.0,3.1202513027501997
2.0,4.0,5.0,4.0,3.0,4.0,3.3748402804287307
2.0,4.0,5.0,4.0,3.0,5.0,3.6296737941380837
2.0,4.0,5.0,4.0,4.0,4.0,3.4943865727327563
2.0,4.0,5.0,4.0,4.0,5.0,3.7495487835119934
2.0,4.0,5.0,4.0,5.0,4.0,3.6145640492823365
2.0,4.0,5.0,4.0,5.0,5.0,3.8690239563963433
2.0,4.0,5.0,5.0,1.0,5.0,3.5033371071608155
2.0,4.0,5.0,5.0,2.0,3.0,3.114286570505254
2.0,4.0,5.0,5.0,2.0,4.0,3.3685806511051406
2.0,4.0,5.0,5.0,3.0,5.0,3.7432184396193984
2.0,4.0,5.0,5.0,4.0,3.0,3.3536358503814405
2.0,4.0,5.0,5.0,4.0,4.0,3.608467308754677
2.0,4.0,5.0,5.0,5.0,2.0,3.218886180310403
2.0,4.0,5.0,5.0,5.0,4.0,3.7280094182278503
2.0,4.0,5.0,5.0,5.0,5.0,3.982877695955064
2.0,5.0,1.0,1.0,1.0,1.0,1.067003763472104
2.0,5.0,1.0,1.0,1.0,2.0,1.3213619418923594
2.0,5.0,1.0,1.0,1.0,3.0,1.5756474414062958
2.0,5.0,1.0,1.0,2.0,1.0,1.1864568805455815
2.0,5.0,1.0,1.0,2.0,2.0,1.4406620670290544
2.0,5.0,1.0,1.0,2.0,3.0,1.695724060975984
2.0,5.0,1.0,1.0,3.0,1.0,1.3056391727936
2.0,5.0,1.0,1.0,3.0,3.0,1.8152675148940227
2.0,5.0,1.0,1.0,3.0,4.0,2.070094804860546
2.0,5.0,1.0,1.0,4.0,1.0,1.4264107002387305
2.0,5.0,1.0,1.0,4.0,2.0,1.680782997006666
2.0,5.0,1.0,1.0,4.0,3.0,1.9348299317695763
2.0,5.0,1.0,1.0,5.0,1.0,1.5456178707583264
2.0,5.0,1.0,1.0,5.0,3.0,2.0548908640458796
2.0,5.0,1.0,2.0,1.0,1.0,1.1812371662382415
2.0,5.0,1.0,2.0,1.0,2.0,1.435620114019673
2.0,5.0,1.0,2.0,2.0,1.0,1.3003621438860176
2.0,5.0,1.0,2.0,2.0,2.0,1.5541225495598268
2.0,5.0,1.0,2.0,2.0,3.0,1.809275083108714
2.0,5.0,1.0,2.0,3.0,1.0,1.4206884824607557
2.0,5.0,1.0,2.0,3.0,2.0,1.675041750650485
2.0,5.0,1.0,2.0,3.0,3.0,1.929103621683504
2.0,5.0,1.0,2.0,4.0,1.0,1.5397708403243324
2.0,5.0,1.0,2.0,4.0,2.0,1.7945992155707733
2.0,5.0,1.0,2.0,4.0,3.0,2.0488837112923077
2.0,5.0,1.0,2.0,5.0,1.0,1.659846065734896
2.0,5.0,1.0,2.0,5.0,2.0,1.914410094718363
2.0,5.0,1.0,2.0,5.0,3.0,2.1686566502019797
2.0,5.0,1.0,2.0,5.0,5.0,2.6778293044463024
2.0,5.0,1.0,3.0,1.0,1.0,1.2939501262062392
2.0,5.0,1.0,3.0,1.0,2.0,1.5493443933630138
2.0,5.0,1.0,3.0,1.0,3.0,1.803385531407455
2.0,5.0,1.0,3.0,2.0,2.0,1.6689721366623715
2.0,5.0,1.0,3.0,2.0,3.0,1.9231132897998173
2.0,5.0,1.0,3.0,3.0,1.0,1.5337576399528148
2.0,5.0,1.0,3.0,3.0,2.0,1.7890945690336135
2.0,5.0,1.0,3.0,3.0,3.0,2.0438516576709596
2.0,5.0,1.0,3.0,3.0,4.0,2.297730829175589
2.0,5.0,1.0,3.0,4.0,1.0,1.6535848523892118
2.0,5.0,1.0,3.0,4.0,2.0,1.9084147246679768
2.0,5.0,1.0,3.0,4.0,3.0,2.163243952597044
2.0,5.0,1.0,3.0,4.0,4.0,2.417539227462594
2.0,5.0,1.0,3.0,5.0,1.0,1.7736623498705983
2.0,5.0,1.0,3.0,5.0,2.0,2.0274125297017678
2.0,5.0,1.0,3.0,5.0,3.0,2.283054952101086
2.0,5.0,1.0,3.0,5.0,5.0,2.791650735719018
2.0,5.0,1.0,4.0,1.0,1.0,1.4076924980011563
2.0,5.0,1.0,4.0,1.0,2.0,1.662270746740262
2.0,5.0,1.0,4.0,1.0,3.0,1.9171177639137529
2.0,5.0,1.0,4.0,1.0,4.0,2.1716573189290695
2.0,5.0,1.0,4.0,2.0,2.0,1.7828777929369422
2.0,5.0,1.0,4.0,3.0,1.0,1.6475892172947049
2.0,5.0,1.0,4.0,3.0,2.0,1.9021802741382854
2.0,5.0,1.0,4.0,3.0,3.0,2.1569000827004756
2.0,5.0,1.0,4.0,3.0,4.0,2.411813900196884
2.0,5.0,1.0,4.0,4.0,1.0,1.767666420107839
2.0,5.0,1.0,4.0,4.0,2.0,2.0219663533212127
2.0,5.0,1.0,4.0,4.0,3.0,2.2772531891721033
2.0,5.0,1.0,4.0,4.0,4.0,2.530949914529416
2.0,5.0,1.0,4.0,4.0,5.0,2.785919669698491
2.0,5.0,1.0,4.0,5.0,1.0,1.8874803209386508
2.0,5.0,1.0,4.0,5.0,2.0,2.1423080016036535
2.0,5.0,1.0,4.0,5.0,3.0,2.3963374130377044
2.0,5.0,1.0,4.0,5.0,4.0,2.650819975612665
2.0,5.0,1.0,4.0,5.0,5.0,2.90599448777366
2.0,5.0,1.0,5.0,1.0,1.0,1.5215080014644975
2.0,5.0,1.0,5.0,1.0,2.0,1.7766750432283875
2.0,5.0,1.0,5.0,1.0,3.0,2.031435877504145
2.0,5.0,1.0,5.0,1.0,5.0,2.5394831885565856
2.0,5.0,1.0,5.0,2.0,2.0,1.8964278882645869
2.0,5.0,1.0,5.0,3.0,3.0,2.271067379304302
2.0,5.0,1.0,5.0,3.0,4.0,2.5256164808451946
2.0,5.0,1.0,5.0,3.0,5.0,2.779659292739368
2.0,5.0,1.0,5.0,4.0,2.0,2.1360102803232768
2.0,5.0,1.0,5.0,4.0,4.0,2.6458000499926704
2.0,5.0,1.0,5.0,4.0,5.0,2.900003191183139
2.0,5.0,1.0,5.0,5.0,1.0,2.001558952715243
2.0,5.0,1.0,5.0,5.0,2.0,2.255720910027884
2.0,5.0,1.0,5.0,5.0,3.0,2.5104186901152903
2.0,5.0,1.0,5.0,5.0,4.0,2.7652501136712964
2.0,5.0,1.0,5.0,5.0,5.0,3.020584180538491
2.0,5.0,2.0,1.0,1.0,1.0,1.3179197431522074
2.0,5.0,2.0,1.0,1.0,2.0,1.5715759687822437
2.0,5.0,2.0,1.0,1.0,3.0,1.8261388308318471
2.0,5.0,2.0,1.0,2.0,1.0,1.43662317268544
2.0,5.0,2.0,1.0,2.0,2.0,1.6911622264100525
2.0,5.0,2.0,1.0,3.0,1.0,1.5567773735095705
2.0,5.0,2.0,1.0,3.0,2.0,1.8114467312329494
2.0,5.0,2.0,1.0,4.0,1.0,1.6764422608287999
2.0,5.0,2.0,1.0,4.0,2.0,1.9312731025765688
2.0,5.0,2.0,1.0,4.0,3.0,2.1857834952712
2.0,5.0,2.0,1.0,4.0,4.0,2.4401301309314762
2.0,5.0,2.0,1.0,4.0,5.0,2.6949621339164707
2.0,5.0,2.0,1.0,5.0,1.0,1.7965188350581638
2.0,5.0,2.0,1.0,5.0,2.0,2.0510554925793594
2.0,5.0,2.0,1.0,5.0,4.0,2.5604786443202783
2.0,5.0,2.0,2.0,1.0,1.0,1.430866010436119
2.0,5.0,2.0,2.0,1.0,2.0,1.686061282452523
2.0,5.0,2.0,2.0,2.0,1.0,1.5511722887453787
2.0,5.0,2.0,2.0,2.0,2.0,1.8078827573065697
2.0,5.0,2.0,2.0,2.0,3.0,2.0599825276074526
2.0,5.0,2.0,2.0,3.0,1.0,1.6707173433805944
2.0,5.0,2.0,2.0,3.0,2.0,1.9255558609762191
2.0,5.0,2.0,2.0,3.0,3.0,2.179001449667779
2.0,5.0,2.0,2.0,3.0,4.0,2.4346707899379125
2.0,5.0,2.0,2.0,3.0,5.0,2.688966559378244
2.0,5.0,2.0,2.0,4.0,1.0,1.7905250547370435
2.0,5.0,2.0,2.0,4.0,2.0,2.045040632969191
2.0,5.0,2.0,2.0,4.0,3.0,2.299173233583789
2.0,5.0,2.0,2.0,5.0,2.0,2.1641026157801972
2.0,5.0,2.0,2.0,5.0,5.0,2.928586911514689
2.0,5.0,2.0,3.0,1.0,1.0,1.5448628052472395
2.0,5.0,2.0,3.0,1.0,2.0,1.7998990389473895
2.0,5.0,2.0,3.0,1.0,3.0,2.054496517965827
2.0,5.0,2.0,3.0,2.0,1.0,1.6650763286919101
2.0,5.0,2.0,3.0,2.0,2.0,1.919209714684343
2.0,5.0,2.0,3.0,2.0,3.0,2.1741931939015
2.0,5.0,2.0,3.0,3.0,1.0,1.784969082518563
2.0,5.0,2.0,3.0,3.0,2.0,2.039776099114425
2.0,5.0,2.0,3.0,3.0,3.0,2.294236672823561
2.0,5.0,2.0,3.0,3.0,4.0,2.5479553772539223
2.0,5.0,2.0,3.0,3.0,5.0,2.8030539201393734
2.0,5.0,2.0,3.0,4.0,2.0,2.1585113796196977
2.0,5.0,2.0,3.0,4.0,3.0,2.413806541354435
2.0,5.0,2.0,3.0,4.0,4.0,2.668648272836996
2.0,5.0,2.0,3.0,5.0,2.0,2.2786404254311217
2.0,5.0,2.0,3.0,5.0,3.0,2.533383981853948
2.0,5.0,2.0,3.0,5.0,4.0,2.78795357674074
2.0,5.0,2.0,4.0,1.0,1.0,1.6584616490855042
2.0,5.0,2.0,4.0,1.0,2.0,1.9133127963260892
2.0,5.0,2.0,4.0,1.0,3.0,2.1678082341071643
2.0,5.0,2.0,4.0,1.0,4.0,2.422148299546029
2.0,5.0,2.0,4.0,2.0,2.0,2.0330827370002353
2.0,5.0,2.0,4.0,2.0,3.0,2.28762165022755
2.0,5.0,2.0,4.0,3.0,1.0,1.898132890904578
2.0,5.0,2.0,4.0,3.0,2.0,2.15270472439813
2.0,5.0,2.0,4.0,3.0,3.0,2.408564828610242
2.0,5.0,2.0,4.0,3.0,4.0,2.662129452947628
2.0,5.0,2.0,4.0,3.0,5.0,2.9168658701749193
2.0,5.0,2.0,4.0,4.0,1.0,2.018418440273307
2.0,5.0,2.0,4.0,4.0,2.0,2.2733727233878396
2.0,5.0,2.0,4.0,4.0,3.0,2.5269877384675423
2.0,5.0,2.0,4.0,4.0,4.0,2.781187552769659
2.0,5.0,2.0,4.0,4.0,5.0,3.0366747381859365
2.0,5.0,2.0,4.0,5.0,2.0,2.392957297076315
2.0,5.0,2.0,4.0,5.0,3.0,2.647123459678528
2.0,5.0,2.0,4.0,5.0,4.0,2.901469248921755
2.0,5.0,2.0,4.0,5.0,5.0,3.15494820917727
2.0,5.0,2.0,5.0,1.0,1.0,1.7725396086044016
2.0,5.0,2.0,5.0,1.0,2.0,2.02709010438189
2.0,5.0,2.0,5.0,1.0,3.0,2.281442613560115
2.0,5.0,2.0,5.0,1.0,4.0,2.536228783572466
2.0,5.0,2.0,5.0,1.0,5.0,2.7901605863413805
2.0,5.0,2.0,5.0,2.0,2.0,2.1465706534980753
2.0,5.0,2.0,5.0,2.0,3.0,2.4009982724329926
2.0,5.0,2.0,5.0,2.0,5.0,2.9104089762731906
2.0,5.0,2.0,5.0,3.0,1.0,2.011890992060151
2.0,5.0,2.0,5.0,3.0,2.0,2.2666541762464125
2.0,5.0,2.0,5.0,3.0,3.0,2.5209867431195074
2.0,5.0,2.0,5.0,3.0,4.0,2.7761180419452813
2.0,5.0,2.0,5.0,3.0,5.0,3.0301394545770868
2.0,5.0,2.0,5.0,4.0,2.0,2.3864321924976277
2.0,5.0,2.0,5.0,4.0,3.0,2.6418220788571367
2.0,5.0,2.0,5.0,4.0,4.0,2.8954245619347336
2.0,5.0,2.0,5.0,4.0,5.0,3.149797784631888
2.0,5.0,2.0,5.0,5.0,2.0,2.5054050632599676
2.0,5.0,2.0,5.0,5.0,3.0,2.759881812952261
2.0,5.0,2.0,5.0,5.0,4.0,3.0146528980154055
2.0,5.0,2.0,5.0,5.0,5.0,3.2689561910441496
2.0,5.0,3.0,1.0,1.0,1.0,1.5674645424174887
2.0,5.0,3.0,1.0,1.0,2.0,1.8223292723169018
2.0,5.0,3.0,1.0,2.0,1.0,1.6871115958725744
2.0,5.0,3.0,1.0,2.0,2.0,1.9418896681971372
2.0,5.0,3.0,1.0,2.0,3.0,2.1967038381773327
2.0,5.0,3.0,1.0,3.0,1.0,1.807008936558092
2.0,5.0,3.0,1.0,3.0,2.0,2.062150989419361
2.0,5.0,3.0,1.0,3.0,3.0,2.316345521569043
2.0,5.0,3.0,1.0,4.0,2.0,2.1820516499343534
2.0,5.0,3.0,1.0,4.0,3.0,2.435860760007381
2.0,5.0,3.0,1.0,5.0,2.0,2.301491312008416
2.0,5.0,3.0,1.0,5.0,3.0,2.5561366169722546
2.0,5.0,3.0,1.0,5.0,4.0,2.8109637220946806
2.0,5.0,3.0,1.0,5.0,5.0,3.065261361090114
2.0,5.0,3.0,2.0,1.0,1.0,1.681315308665667
2.0,5.0,3.0,2.0,1.0,2.0,1.9361819533034959
2.0,5.0,3.0,2.0,1.0,3.0,2.191725317320719
2.0,5.0,3.0,2.0,2.0,1.0,1.80139869194002
2.0,5.0,3.0,2.0,2.0,2.0,2.056398704509728
2.0,5.0,3.0,2.0,3.0,1.0,1.9212018142461909
2.0,5.0,3.0,2.0,3.0,2.0,2.1759560163902143
2.0,5.0,3.0,2.0,3.0,3.0,2.430097794021098
2.0,5.0,3.0,2.0,3.0,4.0,2.6851604202079957
2.0,5.0,3.0,2.0,4.0,2.0,2.2958442329408904
2.0,5.0,3.0,2.0,4.0,3.0,2.5502072381497585
2.0,5.0,3.0,2.0,4.0,4.0,2.8049705367910818
2.0,5.0,3.0,2.0,4.0,5.0,3.0589828793692884
2.0,5.0,3.0,2.0,5.0,1.0,2.160558621738823
2.0,5.0,3.0,2.0,5.0,3.0,2.670039027947981
2.0,5.0,3.0,2.0,5.0,4.0,2.9245127814550025
2.0,5.0,3.0,2.0,5.0,5.0,3.17907574151247
2.0,5.0,3.0,3.0,1.0,1.0,1.7957210686766936
2.0,5.0,3.0,3.0,1.0,2.0,2.049657664937759
2.0,5.0,3.0,3.0,1.0,3.0,2.3047930007194775
2.0,5.0,3.0,3.0,1.0,4.0,2.5590890213396777
2.0,5.0,3.0,3.0,2.0,2.0,2.169949350763455
2.0,5.0,3.0,3.0,2.0,3.0,2.425221390708371
2.0,5.0,3.0,3.0,3.0,1.0,2.034744259344005
2.0,5.0,3.0,3.0,3.0,2.0,2.2889216474824465
2.0,5.0,3.0,3.0,3.0,3.0,2.5460839877857517
2.0,5.0,3.0,3.0,3.0,4.0,2.7990302269177803
2.0,5.0,3.0,3.0,4.0,2.0,2.4098642944233135
2.0,5.0,3.0,3.0,4.0,3.0,2.6645859485882197
2.0,5.0,3.0,3.0,4.0,4.0,2.918425804611363
2.0,5.0,3.0,3.0,5.0,2.0,2.5293274790815072
2.0,5.0,3.0,3.0,5.0,3.0,2.7837314082689053
2.0,5.0,3.0,3.0,5.0,4.0,3.038533922260544
2.0,5.0,3.0,3.0,5.0,5.0,3.293268548860595
2.0,5.0,3.0,4.0,1.0,1.0,1.9100163419311045
2.0,5.0,3.0,4.0,1.0,2.0,2.1637803057032587
2.0,5.0,3.0,4.0,1.0,3.0,2.418316575871913
2.0,5.0,3.0,4.0,1.0,4.0,2.6736097507529344
2.0,5.0,3.0,4.0,1.0,5.0,2.9272032779703427
2.0,5.0,3.0,4.0,2.0,1.0,2.0290154679310564
2.0,5.0,3.0,4.0,2.0,2.0,2.283514323389264
2.0,5.0,3.0,4.0,2.0,3.0,2.5387235473141527
2.0,5.0,3.0,4.0,2.0,4.0,2.7930386232257165
2.0,5.0,3.0,4.0,3.0,1.0,2.1491005770218914
2.0,5.0,3.0,4.0,3.0,2.0,2.4032920194806358
2.0,5.0,3.0,4.0,3.0,3.0,2.659141868890056
2.0,5.0,3.0,4.0,3.0,4.0,2.913288016414335
2.0,5.0,3.0,4.0,3.0,5.0,3.167307075064916
2.0,5.0,3.0,4.0,4.0,2.0,2.5229302420220847
2.0,5.0,3.0,4.0,4.0,3.0,2.7790980723846044
2.0,5.0,3.0,4.0,4.0,4.0,3.033410435362742
2.0,5.0,3.0,4.0,4.0,5.0,3.286821412583346
2.0,5.0,3.0,4.0,5.0,2.0,2.6430216732612597
2.0,5.0,3.0,4.0,5.0,3.0,2.8975852441917467
2.0,5.0,3.0,4.0,5.0,4.0,3.1519863319351673
2.0,5.0,3.0,4.0,5.0,5.0,3.4067882343973612
2.0,5.0,3.0,5.0,1.0,1.0,2.0224849564695213
2.0,5.0,3.0,5.0,1.0,2.0,2.277593080879224
2.0,5.0,3.0,5.0,1.0,3.0,2.532404962423208
2.0,5.0,3.0,5.0,1.0,4.0,2.7863009747060743
2.0,5.0,3.0,5.0,1.0,5.0,3.040735069471149
2.0,5.0,3.0,5.0,2.0,1.0,2.1428005758391198
2.0,5.0,3.0,5.0,2.0,2.0,2.3976704366869317
2.0,5.0,3.0,5.0,2.0,3.0,2.6524285389164355
2.0,5.0,3.0,5.0,2.0,4.0,2.90658044761747
2.0,5.0,3.0,5.0,2.0,5.0,3.161315955795569
2.0,5.0,3.0,5.0,3.0,2.0,2.5172136588258454
2.0,5.0,3.0,5.0,3.0,3.0,2.771076208980945
2.0,5.0,3.0,5.0,3.0,4.0,3.0263190884587665
2.0,5.0,3.0,5.0,3.0,5.0,3.2803380389465167
2.0,5.0,3.0,5.0,4.0,2.0,2.6371206933840146
2.0,5.0,3.0,5.0,4.0,3.0,2.8918830970344103
2.0,5.0,3.0,5.0,4.0,4.0,3.1462911424725766
2.0,5.0,3.0,5.0,4.0,5.0,3.4005529387746054
2.0,5.0,3.0,5.0,5.0,1.0,2.50240733868452
2.0,5.0,3.0,5.0,5.0,2.0,2.756495386105417
2.0,5.0,3.0,5.0,5.0,3.0,3.0105793035167157
2.0,5.0,3.0,5.0,5.0,4.0,3.2651983775259916
2.0,5.0,3.0,5.0,5.0,5.0,3.512497204885578
2.0,5.0,4.0,1.0,1.0,2.0,2.0730889845033142
2.0,5.0,4.0,1.0,2.0,1.0,1.9375493637048904
2.0,5.0,4.0,1.0,3.0,3.0,2.566735271559289
2.0,5.0,4.0,1.0,4.0,3.0,2.6870793342792347
2.0,5.0,4.0,1.0,5.0,3.0,2.806623112654529
2.0,5.0,4.0,2.0,2.0,2.0,2.3071593310211314
2.0,5.0,4.0,2.0,3.0,2.0,2.4262564250116427
2.0,5.0,4.0,2.0,3.0,3.0,2.6801045998519526
2.0,5.0,4.0,2.0,4.0,2.0,2.5457974595499353
2.0,5.0,4.0,2.0,4.0,3.0,2.8007345130472707
2.0,5.0,4.0,2.0,4.0,5.0,3.3100196701891735
2.0,5.0,4.0,2.0,5.0,1.0,2.4110452243730145
2.0,5.0,4.0,2.0,5.0,3.0,2.920440313021778
2.0,5.0,4.0,2.0,5.0,5.0,3.4294505606005288
2.0,5.0,4.0,3.0,2.0,1.0,2.165427304575759
2.0,5.0,4.0,3.0,2.0,3.0,2.6746472523701783
2.0,5.0,4.0,3.0,3.0,2.0,2.540337826837379
2.0,5.0,4.0,3.0,3.0,3.0,2.79490758589276
2.0,5.0,4.0,3.0,3.0,4.0,3.049465362172211
2.0,5.0,4.0,3.0,4.0,3.0,2.9150462099972714
2.0,5.0,4.0,3.0,4.0,4.0,3.1695364060470967
2.0,5.0,4.0,3.0,4.0,5.0,3.4239917883340696
2.0,5.0,4.0,3.0,5.0,4.0,3.289197911682088
2.0,5.0,4.0,3.0,5.0,5.0,3.5440380117435852
2.0,5.0,4.0,4.0,1.0,1.0,2.1597027937652364
2.0,5.0,4.0,4.0,1.0,2.0,2.41399297601681
2.0,5.0,4.0,4.0,1.0,4.0,2.923147610360304
2.0,5.0,4.0,4.0,2.0,3.0,2.789019879588776
2.0,5.0,4.0,4.0,2.0,4.0,3.0437251192444648
2.0,5.0,4.0,4.0,3.0,3.0,2.90825776540164
2.0,5.0,4.0,4.0,3.0,4.0,3.162883917744302
2.0,5.0,4.0,4.0,4.0,1.0,2.5188676863760224
2.0,5.0,4.0,4.0,4.0,2.0,2.773697238092635
2.0,5.0,4.0,4.0,4.0,3.0,3.0287379234594844
2.0,5.0,4.0,4.0,4.0,4.0,3.2832883992621507
2.0,5.0,4.0,4.0,4.0,5.0,3.537491379900779
2.0,5.0,4.0,4.0,5.0,2.0,2.893772991016958
2.0,5.0,4.0,4.0,5.0,3.0,3.1482999530136886
2.0,5.0,4.0,4.0,5.0,4.0,3.40219948116585
2.0,5.0,4.0,4.0,5.0,5.0,3.657387714666032
2.0,5.0,4.0,5.0,1.0,4.0,3.0369327123935905
2.0,5.0,4.0,5.0,2.0,3.0,2.9024566953135937
2.0,5.0,4.0,5.0,2.0,4.0,3.1569770686953476
2.0,5.0,4.0,5.0,2.0,5.0,3.411894154239915
2.0,5.0,4.0,5.0,3.0,4.0,3.2766080265619184
2.0,5.0,4.0,5.0,3.0,5.0,3.5315025669441127
2.0,5.0,4.0,5.0,4.0,3.0,3.142266182679573
2.0,5.0,4.0,5.0,4.0,4.0,3.3966428905648023
2.0,5.0,4.0,5.0,4.0,5.0,3.651468012649664
2.0,5.0,4.0,5.0,5.0,2.0,3.0075891869918436
2.0,5.0,4.0,5.0,5.0,3.0,3.2621544706713186
2.0,5.0,4.0,5.0,5.0,4.0,3.5157722330282386
2.0,5.0,4.0,5.0,5.0,5.0,3.7703184632065447
2.0,5.0,5.0,1.0,2.0,1.0,2.1888248622977975
2.0,5.0,5.0,1.0,3.0,1.0,2.3083686548151405
2.0,5.0,5.0,1.0,3.0,2.0,2.562929233766522
2.0,5.0,5.0,1.0,4.0,3.0,2.937304342940224
2.0,5.0,5.0,2.0,1.0,1.0,2.182561184530951
2.0,5.0,5.0,2.0,2.0,2.0,2.556936277342083
2.0,5.0,5.0,2.0,3.0,2.0,2.6767435750490405
2.0,5.0,5.0,2.0,3.0,3.0,2.9310581663319177
2.0,5.0,5.0,2.0,4.0,3.0,3.051118455303357
2.0,5.0,5.0,2.0,4.0,4.0,3.3059452086343963
2.0,5.0,5.0,2.0,5.0,1.0,2.66179872364934
2.0,5.0,5.0,2.0,5.0,5.0,3.6796910407613375
2.0,5.0,5.0,3.0,3.0,3.0,3.0451235485934243
2.0,5.0,5.0,3.0,3.0,4.0,3.2999529829735565
2.0,5.0,5.0,3.0,3.0,5.0,3.5547826210681395
2.0,5.0,5.0,3.0,5.0,2.0,3.0299192692581163
2.0,5.0,5.0,3.0,5.0,3.0,3.285920256806289
2.0,5.0,5.0,3.0,5.0,5.0,3.793925059634141
2.0,5.0,5.0,4.0,1.0,5.0,3.4281812056227383
2.0,5.0,5.0,4.0,3.0,3.0,3.158938588235348
2.0,5.0,5.0,4.0,3.0,4.0,3.413814668051624
2.0,5.0,5.0,4.0,4.0,3.0,3.279016823416782
2.0,5.0,5.0,4.0,4.0,4.0,3.5335628091551152
2.0,5.0,5.0,4.0,4.0,5.0,3.7884080576227697
2.0,5.0,5.0,4.0,5.0,3.0,3.399788566918557
2.0,5.0,5.0,4.0,5.0,4.0,3.653666371121033
2.0,5.0,5.0,4.0,5.0,5.0,3.9077616804766953
2.0,5.0,5.0,5.0,1.0,2.0,2.778577060924993
2.0,5.0,5.0,5.0,1.0,3.0,3.033658910504713
2.0,5.0,5.0,5.0,1.0,4.0,3.2879653115798266
2.0,5.0,5.0,5.0,1.0,5.0,3.541846586541189
2.0,5.0,5.0,5.0,2.0,3.0,3.153212706211969
2.0,5.0,5.0,5.0,2.0,5.0,3.6619833891373266
2.0,5.0,5.0,5.0,3.0,4.0,3.5278520437975267
2.0,5.0,5.0,5.0,3.0,5.0,3.782738382008391
2.0,5.0,5.0,5.0,4.0,3.0,3.392623510426606
2.0,5.0,5.0,5.0,4.0,4.0,3.647143590506288
2.0,5.0,5.0,5.0,4.0,5.0,3.900226265676729
2.0,5.0,5.0,5.0,5.0,2.0,3.258343957789707
2.0,5.0,5.0,5.0,5.0,3.0,3.5133084894120117
2.0,5.0,5.0,5.0,5.0,4.0,3.7673915162555045
2.0,5.0,5.0,5.0,5.0,5.0,4.012878276903327
3.0,1.0,1.0,1.0,1.0,1.0,1.228107657180222
3.0,1.0,1.0,1.0,1.0,2.0,1.4850287375813522
3.0,1.0,1.0,1.0,2.0,1.0,1.3493929224726342
3.0,1.0,1.0,1.0,2.0,2.0,1.6046393115437254
3.0,1.0,1.0,1.0,2.0,4.0,2.1147100486174097
3.0,1.0,1.0,1.0,3.0,1.0,1.4693383503238429
3.0,1.0,1.0,1.0,3.0,2.0,1.7246587686538
3.0,1.0,1.0,1.0,3.0,3.0,1.97881321764715
3.0,1.0,1.0,1.0,4.0,1.0,1.5896010723061098
3.0,1.0,1.0,1.0,4.0,3.0,2.098885066659378
3.0,1.0,1.0,1.0,4.0,4.0,2.3534431670684937
3.0,1.0,1.0,1.0,5.0,1.0,1.7095625227762754
3.0,1.0,1.0,2.0,1.0,1.0,1.3442919684350718
3.0,1.0,1.0,2.0,1.0,2.0,1.598444958012934
3.0,1.0,1.0,2.0,1.0,3.0,1.853305754263609
3.0,1.0,1.0,2.0,2.0,1.0,1.4639913797191606
3.0,1.0,1.0,2.0,2.0,2.0,1.7185918259141448
3.0,1.0,1.0,2.0,2.0,3.0,1.9733478980694241
3.0,1.0,1.0,2.0,3.0,1.0,1.5842514154389675
3.0,1.0,1.0,2.0,3.0,2.0,1.8384550845708176
3.0,1.0,1.0,2.0,3.0,3.0,2.0925707491042798
3.0,1.0,1.0,3.0,1.0,1.0,1.4566177952375914
3.0,1.0,1.0,3.0,1.0,2.0,1.7132102977036952
3.0,1.0,1.0,3.0,1.0,3.0,1.9663405032262642
3.0,1.0,1.0,3.0,1.0,4.0,2.2216461755852324
3.0,1.0,1.0,3.0,2.0,1.0,1.5787501426654433
3.0,1.0,1.0,3.0,2.0,2.0,1.8325116520024685
3.0,1.0,1.0,3.0,2.0,3.0,2.087136591159286
3.0,1.0,1.0,3.0,3.0,1.0,1.6974745821091073
3.0,1.0,1.0,3.0,3.0,2.0,1.952411620262261
3.0,1.0,1.0,3.0,3.0,3.0,2.2071188746289034
3.0,1.0,1.0,3.0,4.0,1.0,1.8179235206919189
3.0,1.0,1.0,3.0,4.0,2.0,2.0722126607723665
3.0,1.0,1.0,3.0,4.0,4.0,2.5813469872140966
3.0,1.0,1.0,3.0,5.0,1.0,1.936954461647874
3.0,1.0,1.0,3.0,5.0,3.0,2.446333869779586
3.0,1.0,1.0,3.0,5.0,4.0,2.7014121946050875
3.0,1.0,1.0,4.0,1.0,1.0,1.571737661312122
3.0,1.0,1.0,4.0,1.0,2.0,1.826333242681626
3.0,1.0,1.0,4.0,1.0,3.0,2.080592199503031
3.0,1.0,1.0,4.0,2.0,1.0,1.6915830274312729
3.0,1.0,1.0,4.0,2.0,2.0,1.9464177344070284
3.0,1.0,1.0,4.0,2.0,3.0,2.20071055326633
3.0,1.0,1.0,4.0,3.0,1.0,1.8114468706083469
3.0,1.0,1.0,4.0,3.0,3.0,2.320968503948477
3.0,1.0,1.0,4.0,3.0,4.0,2.5753462916419547
3.0,1.0,1.0,4.0,3.0,5.0,2.8301761344830867
3.0,1.0,1.0,4.0,4.0,3.0,2.440601642684334
3.0,1.0,1.0,4.0,4.0,4.0,2.69497474107094
3.0,1.0,1.0,4.0,4.0,5.0,2.949987476484213
3.0,1.0,1.0,4.0,5.0,3.0,2.5601164800922853
3.0,1.0,1.0,5.0,1.0,2.0,1.9404319183723993
3.0,1.0,1.0,5.0,1.0,3.0,2.194395894613338
3.0,1.0,1.0,5.0,1.0,5.0,2.703840393255637
3.0,1.0,1.0,5.0,2.0,3.0,2.315059548008944
3.0,1.0,1.0,5.0,3.0,2.0,2.179716126984844
3.0,1.0,1.0,5.0,5.0,1.0,2.1650957017648236
3.0,1.0,1.0,5.0,5.0,2.0,2.4193976611692554
3.0,1.0,1.0,5.0,5.0,5.0,3.183044497428669
3.0,1.0,2.0,1.0,1.0,1.0,1.479942157839217
3.0,1.0,2.0,1.0,1.0,2.0,1.735451224352814
3.0,1.0,2.0,1.0,1.0,3.0,1.9899444458959838
3.0,1.0,2.0,1.0,2.0,1.0,1.600890889714397
3.0,1.0,2.0,1.0,2.0,2.0,1.855305811624983
3.0,1.0,2.0,1.0,3.0,1.0,1.7199347691865408
3.0,1.0,2.0,1.0,3.0,3.0,2.2298269277847025
3.0,1.0,2.0,1.0,4.0,2.0,2.09480679573501
3.0,1.0,2.0,2.0,1.0,1.0,1.5941570800884044
3.0,1.0,2.0,2.0,1.0,2.0,1.8491940270797027
3.0,1.0,2.0,2.0,1.0,3.0,2.1037568055060922
3.0,1.0,2.0,2.0,2.0,1.0,1.7144036930021187
3.0,1.0,2.0,2.0,2.0,2.0,1.9690383926314141
3.0,1.0,2.0,2.0,2.0,3.0,2.2238323585581834
3.0,1.0,2.0,2.0,2.0,4.0,2.4786762515640226
3.0,1.0,2.0,2.0,3.0,1.0,1.8342962013735153
3.0,1.0,2.0,2.0,3.0,2.0,2.088215358119827
3.0,1.0,2.0,2.0,3.0,3.0,2.34391100116787
3.0,1.0,2.0,2.0,4.0,2.0,2.2088352719034177
3.0,1.0,2.0,3.0,1.0,1.0,1.7082583390987187
3.0,1.0,2.0,3.0,1.0,2.0,1.9628430225946978
3.0,1.0,2.0,3.0,1.0,3.0,2.217193926613763
3.0,1.0,2.0,3.0,2.0,1.0,1.8285266549001649
3.0,1.0,2.0,3.0,2.0,2.0,2.0824668659480237
3.0,1.0,2.0,3.0,2.0,3.0,2.337557381226507
3.0,1.0,2.0,3.0,3.0,1.0,1.948080630553655
3.0,1.0,2.0,3.0,3.0,2.0,2.2027882022486907
3.0,1.0,2.0,3.0,3.0,3.0,2.4568737778002987
3.0,1.0,2.0,3.0,4.0,3.0,2.5771188643023426
3.0,1.0,2.0,3.0,4.0,4.0,2.8320993199663262
3.0,1.0,2.0,4.0,1.0,2.0,2.0770950260015137
3.0,1.0,2.0,4.0,1.0,3.0,2.33156176793057
3.0,1.0,2.0,4.0,1.0,4.0,2.585956489568851
3.0,1.0,2.0,4.0,2.0,2.0,2.197116378481958
3.0,1.0,2.0,4.0,2.0,3.0,2.451204779585991
3.0,1.0,2.0,4.0,3.0,2.0,2.31689514025532
3.0,1.0,2.0,4.0,3.0,3.0,2.5713137690197665
3.0,1.0,2.0,4.0,3.0,4.0,2.8251322426213092
3.0,1.0,2.0,4.0,4.0,2.0,2.4365245799437187
3.0,1.0,2.0,4.0,4.0,3.0,2.6914364738958994
3.0,1.0,2.0,4.0,4.0,4.0,2.944137403297429
3.0,1.0,2.0,4.0,5.0,5.0,3.320293844960037
3.0,1.0,2.0,5.0,1.0,3.0,2.445475966242073
3.0,1.0,2.0,5.0,2.0,2.0,2.3109044616243826
3.0,1.0,2.0,5.0,2.0,4.0,2.8198224084654453
3.0,1.0,2.0,5.0,3.0,2.0,2.4305311685660635
3.0,1.0,2.0,5.0,4.0,4.0,3.0597206310795753
3.0,1.0,2.0,5.0,5.0,1.0,2.4153194308181543
3.0,1.0,3.0,1.0,1.0,1.0,1.7303318371101373
3.0,1.0,3.0,1.0,1.0,2.0,1.9858677647950052
3.0,1.0,3.0,1.0,1.0,3.0,2.2409640497023284
3.0,1.0,3.0,1.0,2.0,1.0,1.8511134371982212
3.0,1.0,3.0,1.0,2.0,2.0,2.10559447724075
3.0,1.0,3.0,1.0,3.0,1.0,1.971191634184837
3.0,1.0,3.0,1.0,3.0,2.0,2.2257545709162203
3.0,1.0,3.0,1.0,3.0,3.0,2.4803174734342264
3.0,1.0,3.0,2.0,1.0,2.0,2.099657345180961
3.0,1.0,3.0,2.0,1.0,3.0,2.3547798601959076
3.0,1.0,3.0,2.0,2.0,2.0,2.2188776639172656
3.0,1.0,3.0,2.0,2.0,3.0,2.4743229785333454
3.0,1.0,3.0,2.0,3.0,1.0,2.085006163702656
3.0,1.0,3.0,2.0,3.0,2.0,2.3394801341672227
3.0,1.0,3.0,2.0,3.0,3.0,2.59424192429193
3.0,1.0,3.0,2.0,4.0,3.0,2.713943490028893
3.0,1.0,3.0,2.0,5.0,3.0,2.8340206318266263
3.0,1.0,3.0,3.0,1.0,1.0,1.958946500292009
3.0,1.0,3.0,3.0,1.0,2.0,2.2138035023056166
3.0,1.0,3.0,3.0,1.0,3.0,2.4678119970383086
3.0,1.0,3.0,3.0,1.0,5.0,2.977700326914649
3.0,1.0,3.0,3.0,2.0,1.0,2.079011231713464
3.0,1.0,3.0,3.0,2.0,3.0,2.5878724645626834
3.0,1.0,3.0,3.0,3.0,1.0,2.198822404710134
3.0,1.0,3.0,3.0,3.0,3.0,2.7090252317902155
3.0,1.0,3.0,3.0,4.0,2.0,2.5734645068277016
3.0,1.0,3.0,3.0,4.0,3.0,2.8278065485217265
3.0,1.0,3.0,3.0,5.0,4.0,3.20240261523182
3.0,1.0,3.0,4.0,1.0,1.0,2.07301899890929
3.0,1.0,3.0,4.0,1.0,3.0,2.582212458590344
3.0,1.0,3.0,4.0,1.0,4.0,2.8367063826750503
3.0,1.0,3.0,4.0,2.0,2.0,2.4476592246591675
3.0,1.0,3.0,4.0,2.0,3.0,2.7017385197166677
3.0,1.0,3.0,4.0,3.0,2.0,2.566939561945994
3.0,1.0,3.0,4.0,3.0,3.0,2.8218600951648747
3.0,1.0,3.0,4.0,3.0,4.0,3.0765963198027046
3.0,1.0,3.0,4.0,3.0,5.0,3.3311580655387925
3.0,1.0,3.0,4.0,4.0,4.0,3.1961371014943216
3.0,1.0,3.0,5.0,1.0,4.0,2.95053229149753
3.0,1.0,3.0,5.0,1.0,5.0,3.2050864784428037
3.0,1.0,3.0,5.0,2.0,4.0,3.0703181088002713
3.0,1.0,3.0,5.0,3.0,2.0,2.6810163334907156
3.0,1.0,3.0,5.0,3.0,3.0,2.9361169670873957
3.0,1.0,3.0,5.0,3.0,4.0,3.190410897878586
3.0,1.0,3.0,5.0,4.0,4.0,3.310138522284143
3.0,1.0,3.0,5.0,5.0,3.0,3.175202598846954
3.0,1.0,3.0,5.0,5.0,4.0,3.43029790325569
3.0,1.0,4.0,1.0,1.0,1.0,1.9817913129573004
3.0,1.0,4.0,2.0,2.0,2.0,2.470250044212392
3.0,1.0,4.0,3.0,1.0,4.0,2.9733776379618466
3.0,1.0,4.0,3.0,4.0,4.0,3.3328102320089843
3.0,1.0,4.0,4.0,1.0,3.0,2.832364201208692
3.0,1.0,4.0,4.0,2.0,2.0,2.6978796219711003
3.0,1.0,4.0,4.0,2.0,3.0,2.952445005551308
3.0,1.0,4.0,4.0,3.0,3.0,3.072234704800213
3.0,1.0,4.0,4.0,3.0,4.0,3.3269951263661093
3.0,1.0,4.0,5.0,3.0,3.0,3.1866021506917104
3.0,1.0,4.0,5.0,3.0,5.0,3.6954648371146632
3.0,1.0,4.0,5.0,5.0,4.0,3.6802541882832074
3.0,1.0,5.0,3.0,2.0,3.0,3.0891152694049007
3.0,1.0,5.0,4.0,5.0,5.0,4.0723043042003075
3.0,1.0,5.0,5.0,1.0,5.0,3.7058835940617056
3.0,2.0,1.0,1.0,1.0,1.0,1.2678080085758763
3.0,2.0,1.0,1.0,1.0,2.0,1.5238070044538432
3.0,2.0,1.0,1.0,2.0,1.0,1.3884760423413935
3.0,2.0,1.0,1.0,2.0,2.0,1.6438205537105068
3.0,2.0,1.0,1.0,2.0,3.0,1.898184994551634
3.0,2.0,1.0,1.0,3.0,1.0,1.5084657838034585
3.0,2.0,1.0,1.0,3.0,2.0,1.7637066409073003
3.0,2.0,1.0,1.0,3.0,3.0,2.0182598649047563
3.0,2.0,1.0,1.0,4.0,1.0,1.6286829991753389
3.0,2.0,1.0,1.0,5.0,3.0,2.2578961499888335
3.0,2.0,1.0,2.0,1.0,1.0,1.3825619913032714
3.0,2.0,1.0,2.0,1.0,2.0,1.6377314666828304
3.0,2.0,1.0,2.0,1.0,3.0,1.8921962374976984
3.0,2.0,1.0,2.0,2.0,1.0,1.5020769119708188
3.0,2.0,1.0,2.0,2.0,2.0,1.7576308075709626
3.0,2.0,1.0,2.0,2.0,3.0,2.0122732838834816
3.0,2.0,1.0,2.0,3.0,1.0,1.622960540275949
3.0,2.0,1.0,2.0,3.0,2.0,1.8774505422078553
3.0,2.0,1.0,2.0,3.0,3.0,2.132087257112142
3.0,2.0,1.0,2.0,4.0,2.0,1.9973309019295775
3.0,2.0,1.0,3.0,1.0,1.0,1.497024025336051
3.0,2.0,1.0,3.0,1.0,2.0,1.7515851292777997
3.0,2.0,1.0,3.0,1.0,3.0,2.006275072518744
3.0,2.0,1.0,3.0,2.0,1.0,1.6174721969926102
3.0,2.0,1.0,3.0,2.0,2.0,1.8710633635790492
3.0,2.0,1.0,3.0,2.0,3.0,2.125791709889116
3.0,2.0,1.0,3.0,2.0,4.0,2.380917037851176
3.0,2.0,1.0,3.0,3.0,1.0,1.7359208286679852
3.0,2.0,1.0,3.0,3.0,2.0,1.9905523313335491
3.0,2.0,1.0,3.0,3.0,3.0,2.246109621261529
3.0,2.0,1.0,3.0,4.0,1.0,1.8565833779141563
3.0,2.0,1.0,3.0,4.0,2.0,2.1111473237271072
3.0,2.0,1.0,3.0,4.0,3.0,2.365708882453124
3.0,2.0,1.0,3.0,4.0,4.0,2.620540385801056
3.0,2.0,1.0,4.0,1.0,3.0,2.11979572711386
3.0,2.0,1.0,4.0,2.0,1.0,1.7307803288280685
3.0,2.0,1.0,4.0,2.0,3.0,2.2397787097083754
3.0,2.0,1.0,4.0,3.0,1.0,1.8505885714379728
3.0,2.0,1.0,4.0,3.0,3.0,2.3589717548717912
3.0,2.0,1.0,4.0,3.0,4.0,2.613788067012394
3.0,2.0,1.0,4.0,4.0,2.0,2.2246979512903744
3.0,2.0,1.0,4.0,4.0,4.0,2.73408838048521
3.0,2.0,1.0,4.0,5.0,4.0,2.8539040713944144
3.0,2.0,1.0,5.0,2.0,3.0,2.353989022164567
3.0,2.0,1.0,5.0,3.0,3.0,2.473531498358467
3.0,2.0,1.0,5.0,5.0,3.0,2.713421933802396
3.0,2.0,2.0,1.0,1.0,1.0,1.5194167521843225
3.0,2.0,2.0,1.0,1.0,2.0,1.7746945024969167
3.0,2.0,2.0,1.0,2.0,1.0,1.6387257544783438
3.0,2.0,2.0,1.0,2.0,2.0,1.8939646620181867
3.0,2.0,2.0,1.0,2.0,3.0,2.1486403721936336
3.0,2.0,2.0,1.0,3.0,1.0,1.7586835339219997
3.0,2.0,2.0,1.0,3.0,2.0,2.014182598309722
3.0,2.0,2.0,1.0,3.0,3.0,2.268353011474435
3.0,2.0,2.0,1.0,4.0,2.0,2.1337396363632175
3.0,2.0,2.0,1.0,4.0,3.0,2.388298069199023
3.0,2.0,2.0,1.0,5.0,3.0,2.5081102392949046
3.0,2.0,2.0,2.0,1.0,1.0,1.6329122400696432
3.0,2.0,2.0,2.0,1.0,2.0,1.888035949352949
3.0,2.0,2.0,2.0,1.0,3.0,2.142913879860084
3.0,2.0,2.0,2.0,2.0,1.0,1.7538982531769813
3.0,2.0,2.0,2.0,2.0,2.0,2.0084467457483015
3.0,2.0,2.0,2.0,2.0,3.0,2.262891382509331
3.0,2.0,2.0,2.0,3.0,1.0,1.8734465558131967
3.0,2.0,2.0,2.0,3.0,2.0,2.1278335038913103
3.0,2.0,2.0,2.0,3.0,3.0,2.382558625695488
3.0,2.0,2.0,2.0,3.0,4.0,2.637402824766841
3.0,2.0,2.0,2.0,4.0,2.0,2.247423437169156
3.0,2.0,2.0,2.0,4.0,3.0,2.5025155368039127
3.0,2.0,2.0,2.0,4.0,4.0,2.7569455502845104
3.0,2.0,2.0,3.0,1.0,1.0,1.7480443545321176
3.0,2.0,2.0,3.0,1.0,2.0,2.0019351845391866
3.0,2.0,2.0,3.0,1.0,3.0,2.2568848507123653
3.0,2.0,2.0,3.0,1.0,4.0,2.511601606433169
3.0,2.0,2.0,3.0,2.0,1.0,1.8675246724508954
3.0,2.0,2.0,3.0,2.0,2.0,2.1221256162046744
3.0,2.0,2.0,3.0,2.0,3.0,2.3766070416601526
3.0,2.0,2.0,3.0,3.0,1.0,1.9872733830219342
3.0,2.0,2.0,3.0,3.0,2.0,2.2421906101913134
3.0,2.0,2.0,3.0,3.0,3.0,2.4964254301503623
3.0,2.0,2.0,3.0,3.0,4.0,2.751218804570654
3.0,2.0,2.0,3.0,4.0,2.0,2.361370346077329
3.0,2.0,2.0,3.0,4.0,3.0,2.616138350631232
3.0,2.0,2.0,3.0,4.0,4.0,2.8710655345101737
3.0,2.0,2.0,3.0,5.0,4.0,2.9908426957342344
3.0,2.0,2.0,4.0,1.0,2.0,2.115988817057778
3.0,2.0,2.0,4.0,1.0,3.0,2.370722558870315
3.0,2.0,2.0,4.0,1.0,4.0,2.6254167152566015
3.0,2.0,2.0,4.0,2.0,1.0,1.9815385221834982
3.0,2.0,2.0,4.0,2.0,2.0,2.235706765749161
3.0,2.0,2.0,4.0,2.0,3.0,2.490536278126156
3.0,2.0,2.0,4.0,2.0,4.0,2.7452161883136452
3.0,2.0,2.0,4.0,3.0,1.0,2.101078032824583
3.0,2.0,2.0,4.0,3.0,2.0,2.3557188903909116
3.0,2.0,2.0,4.0,3.0,3.0,2.6100729338519133
3.0,2.0,2.0,4.0,3.0,4.0,2.8650740354643225
3.0,2.0,2.0,4.0,4.0,2.0,2.475183217060461
3.0,2.0,2.0,4.0,4.0,3.0,2.730302685634436
3.0,2.0,2.0,4.0,4.0,4.0,2.9840591278172734
3.0,2.0,2.0,4.0,4.0,5.0,3.2388759480918616
3.0,2.0,2.0,4.0,5.0,2.0,2.595253863630135
3.0,2.0,2.0,4.0,5.0,5.0,3.3592191226479833
3.0,2.0,2.0,5.0,1.0,1.0,1.9749967043182246
3.0,2.0,2.0,5.0,1.0,3.0,2.4842738740171106
3.0,2.0,2.0,5.0,2.0,2.0,2.3496496278711216
3.0,2.0,2.0,5.0,3.0,2.0,2.4695978736104793
3.0,2.0,2.0,5.0,3.0,3.0,2.7237551859974083
3.0,2.0,2.0,5.0,3.0,4.0,2.9791220943271153
3.0,2.0,2.0,5.0,4.0,2.0,2.5895366567155578
3.0,2.0,2.0,5.0,4.0,4.0,3.098658338579703
3.0,2.0,2.0,5.0,5.0,1.0,2.454513875152913
3.0,2.0,2.0,5.0,5.0,3.0,2.9636503085026407
3.0,2.0,2.0,5.0,5.0,5.0,3.473297352529225
3.0,2.0,3.0,1.0,1.0,1.0,1.7702105437088773
3.0,2.0,3.0,1.0,1.0,2.0,2.024793844267623
3.0,2.0,3.0,1.0,1.0,3.0,2.2793590240896915
3.0,2.0,3.0,1.0,2.0,1.0,1.8895689233382584
3.0,2.0,3.0,1.0,2.0,2.0,2.1448724855867622
3.0,2.0,3.0,1.0,2.0,3.0,2.3997012175463466
3.0,2.0,3.0,1.0,2.0,4.0,2.6542590155039787
3.0,2.0,3.0,1.0,3.0,1.0,2.010118866204514
3.0,2.0,3.0,1.0,3.0,3.0,2.518436376449005
3.0,2.0,3.0,2.0,1.0,1.0,1.8840787368108047
3.0,2.0,3.0,2.0,1.0,2.0,2.138842283735752
3.0,2.0,3.0,2.0,1.0,3.0,2.3936037893703466
3.0,2.0,3.0,2.0,2.0,1.0,2.0033231283226547
3.0,2.0,3.0,2.0,2.0,2.0,2.259202548668864
3.0,2.0,3.0,2.0,2.0,3.0,2.5131166168335906
3.0,2.0,3.0,2.0,3.0,2.0,2.378656553191787
3.0,2.0,3.0,2.0,3.0,3.0,2.6328495790924857
3.0,2.0,3.0,2.0,3.0,4.0,2.8879224839987385
3.0,2.0,3.0,2.0,4.0,2.0,2.498577894603837
3.0,2.0,3.0,2.0,4.0,3.0,2.753271374813028
3.0,2.0,3.0,2.0,4.0,4.0,3.0074336019952312
3.0,2.0,3.0,3.0,1.0,1.0,1.9978641288451646
3.0,2.0,3.0,3.0,1.0,2.0,2.2521594697949343
3.0,2.0,3.0,3.0,1.0,3.0,2.506984383814122
3.0,2.0,3.0,3.0,1.0,4.0,2.7620876760554203
3.0,2.0,3.0,3.0,2.0,1.0,2.1179415406442152
3.0,2.0,3.0,3.0,2.0,2.0,2.3728743142886235
3.0,2.0,3.0,3.0,2.0,3.0,2.6264274542174375
3.0,2.0,3.0,3.0,3.0,2.0,2.49219445143954
3.0,2.0,3.0,3.0,3.0,3.0,2.7490948242437647
3.0,2.0,3.0,3.0,3.0,4.0,3.0017055518512916
3.0,2.0,3.0,3.0,4.0,2.0,2.6123927445880843
3.0,2.0,3.0,3.0,4.0,3.0,2.8667045981422876
3.0,2.0,3.0,3.0,4.0,4.0,3.1211546899594635
3.0,2.0,3.0,3.0,5.0,3.0,2.98676714958441
3.0,2.0,3.0,4.0,1.0,1.0,2.111945893152493
3.0,2.0,3.0,4.0,1.0,2.0,2.36677897453124
3.0,2.0,3.0,4.0,1.0,3.0,2.6210458386250024
3.0,2.0,3.0,4.0,1.0,4.0,2.875402498510145
3.0,2.0,3.0,4.0,2.0,2.0,2.4868612816642077
3.0,2.0,3.0,4.0,2.0,3.0,2.7403698974039106
3.0,2.0,3.0,4.0,3.0,2.0,2.6062354956006626
3.0,2.0,3.0,4.0,3.0,3.0,2.8613590441216363
3.0,2.0,3.0,4.0,3.0,4.0,3.114775518293939
3.0,2.0,3.0,4.0,4.0,2.0,2.7260148860819746
3.0,2.0,3.0,4.0,4.0,3.0,2.980553277014152
3.0,2.0,3.0,4.0,4.0,4.0,3.234909846109198
3.0,2.0,3.0,4.0,5.0,4.0,3.35522230637686
3.0,2.0,3.0,4.0,5.0,5.0,3.6099734457255175
3.0,2.0,3.0,5.0,1.0,2.0,2.4805941786554624
3.0,2.0,3.0,5.0,1.0,5.0,3.244280291768985
3.0,2.0,3.0,5.0,2.0,1.0,2.345577866452517
3.0,2.0,3.0,5.0,2.0,3.0,2.854963374854884
3.0,2.0,3.0,5.0,2.0,5.0,3.3640986254536447
3.0,2.0,3.0,5.0,3.0,3.0,2.9750631234417737
3.0,2.0,3.0,5.0,3.0,4.0,3.229278306514643
3.0,2.0,3.0,5.0,3.0,5.0,3.4837730762066275
3.0,2.0,3.0,5.0,4.0,3.0,3.094586990394742
3.0,2.0,3.0,5.0,4.0,4.0,3.349153171099896
3.0,2.0,3.0,5.0,5.0,3.0,3.2143402189802996
3.0,2.0,3.0,5.0,5.0,4.0,3.4691013322703625
3.0,2.0,3.0,5.0,5.0,5.0,3.7228265389322215
3.0,2.0,4.0,1.0,4.0,2.0,2.634982812853264
3.0,2.0,4.0,2.0,2.0,2.0,2.5091784842785754
3.0,2.0,4.0,2.0,3.0,2.0,2.629353454808623
3.0,2.0,4.0,2.0,4.0,3.0,3.003631447248231
3.0,2.0,4.0,3.0,1.0,1.0,2.248553558839821
3.0,2.0,4.0,3.0,1.0,3.0,2.758014043615902
3.0,2.0,4.0,3.0,2.0,1.0,2.3684300385764456
3.0,2.0,4.0,3.0,2.0,3.0,2.877855292555263
3.0,2.0,4.0,3.0,3.0,3.0,2.9971045249995023
3.0,2.0,4.0,3.0,4.0,3.0,3.1173806701345885
3.0,2.0,4.0,3.0,4.0,4.0,3.3720056559822664
3.0,2.0,4.0,3.0,4.0,5.0,3.6263038799206346
3.0,2.0,4.0,4.0,1.0,3.0,2.871897243553969
3.0,2.0,4.0,4.0,2.0,3.0,2.991639562663361
3.0,2.0,4.0,4.0,3.0,3.0,3.1113604658886764
3.0,2.0,4.0,4.0,3.0,4.0,3.366182021032108
3.0,2.0,4.0,4.0,4.0,3.0,3.230870239974339
3.0,2.0,4.0,4.0,4.0,4.0,3.4851682460479454
3.0,2.0,4.0,4.0,4.0,5.0,3.7401216467527196
3.0,2.0,4.0,4.0,5.0,3.0,3.351072338572763
3.0,2.0,4.0,4.0,5.0,4.0,3.605739928966578
3.0,2.0,4.0,5.0,2.0,4.0,3.3600325704584804
3.0,2.0,4.0,5.0,3.0,3.0,3.225470930653943
3.0,2.0,4.0,5.0,4.0,3.0,3.3450740883371624
3.0,2.0,4.0,5.0,4.0,4.0,3.5996358969938886
3.0,2.0,4.0,5.0,5.0,4.0,3.719982673642678
3.0,2.0,4.0,5.0,5.0,5.0,3.974279615958687
3.0,2.0,5.0,3.0,1.0,3.0,3.00850319637014
3.0,2.0,5.0,3.0,2.0,3.0,3.1280451307272217
3.0,2.0,5.0,3.0,3.0,2.0,2.9932924849348646
3.0,2.0,5.0,3.0,3.0,3.0,3.2481200660364014
3.0,2.0,5.0,3.0,3.0,4.0,3.502684612832
3.0,2.0,5.0,4.0,3.0,3.0,3.362380360499035
3.0,2.0,5.0,4.0,4.0,4.0,3.736312077408912
3.0,2.0,5.0,4.0,5.0,5.0,4.110948933748342
3.0,2.0,5.0,5.0,1.0,4.0,3.49070107491913
3.0,2.0,5.0,5.0,2.0,4.0,3.610768402792086
3.0,2.0,5.0,5.0,3.0,5.0,3.985147860177547
3.0,2.0,5.0,5.0,4.0,4.0,3.850435970835733
3.0,2.0,5.0,5.0,5.0,5.0,4.224113699448992
3.0,3.0,1.0,1.0,1.0,1.0,1.3001695570286698
3.0,3.0,1.0,1.0,1.0,2.0,1.562766215998244
3.0,3.0,1.0,1.0,1.0,3.0,1.8170837608972927
3.0,3.0,1.0,1.0,2.0,1.0,1.424375779301211
3.0,3.0,1.0,1.0,2.0,2.0,1.6827853139354665
3.0,3.0,1.0,1.0,2.0,3.0,1.9374476256810635
3.0,3.0,1.0,1.0,3.0,1.0,1.5451375242121415
3.0,3.0,1.0,1.0,3.0,2.0,1.8012403303915143
3.0,3.0,1.0,1.0,3.0,3.0,2.055520175295624
3.0,3.0,1.0,1.0,4.0,2.0,1.922463708908686
3.0,3.0,1.0,1.0,4.0,3.0,2.1770055722887105
3.0,3.0,1.0,1.0,5.0,2.0,2.0419756779494262
3.0,3.0,1.0,2.0,1.0,1.0,1.4207932515153368
3.0,3.0,1.0,2.0,1.0,2.0,1.675554448040491
3.0,3.0,1.0,2.0,1.0,3.0,1.9311249028739799
3.0,3.0,1.0,2.0,2.0,1.0,1.5407342362995964
3.0,3.0,1.0,2.0,2.0,2.0,1.7973981984476672
3.0,3.0,1.0,2.0,2.0,3.0,2.0508761293805264
3.0,3.0,1.0,2.0,2.0,4.0,2.305495635854096
3.0,3.0,1.0,2.0,3.0,1.0,1.661279392927234
3.0,3.0,1.0,2.0,3.0,2.0,1.9162073061366318
3.0,3.0,1.0,2.0,3.0,3.0,2.171493696171714
3.0,3.0,1.0,2.0,4.0,1.0,1.7812213573452134
3.0,3.0,1.0,2.0,4.0,2.0,2.036260928303082
3.0,3.0,1.0,3.0,1.0,1.0,1.5347359773673994
3.0,3.0,1.0,3.0,1.0,2.0,1.7889338523728864
3.0,3.0,1.0,3.0,1.0,3.0,2.0436761715599605
3.0,3.0,1.0,3.0,2.0,1.0,1.6550362145397297
3.0,3.0,1.0,3.0,2.0,2.0,1.909361686544301
3.0,3.0,1.0,3.0,2.0,3.0,2.164846643689148
3.0,3.0,1.0,3.0,2.0,4.0,2.419848743607164
3.0,3.0,1.0,3.0,3.0,1.0,1.7736449338683933
3.0,3.0,1.0,3.0,3.0,2.0,2.0301524888548506
3.0,3.0,1.0,3.0,3.0,3.0,2.2825366150560114
3.0,3.0,1.0,3.0,4.0,1.0,1.895329741903344
3.0,3.0,1.0,3.0,4.0,2.0,2.15026382923208
3.0,3.0,1.0,3.0,4.0,3.0,2.404315779257602
3.0,3.0,1.0,3.0,4.0,4.0,2.6594694134073347
3.0,3.0,1.0,3.0,5.0,2.0,2.2701565534521895
3.0,3.0,1.0,4.0,1.0,1.0,1.6493913316608884
3.0,3.0,1.0,4.0,1.0,2.0,1.9032829060366918
3.0,3.0,1.0,4.0,1.0,3.0,2.1589935724383964
3.0,3.0,1.0,4.0,2.0,1.0,1.7699762790312779
3.0,3.0,1.0,4.0,2.0,2.0,2.024238735968447
3.0,3.0,1.0,4.0,2.0,3.0,2.2794527234391357
3.0,3.0,1.0,4.0,2.0,4.0,2.5334006823667403
3.0,3.0,1.0,4.0,3.0,1.0,1.8891319395173074
3.0,3.0,1.0,4.0,3.0,2.0,2.1440437320911774
3.0,3.0,1.0,4.0,3.0,3.0,2.3971566301354277
3.0,3.0,1.0,4.0,3.0,4.0,2.6535651453399303
3.0,3.0,1.0,4.0,4.0,1.0,2.0093297318971595
3.0,3.0,1.0,4.0,4.0,2.0,2.2638194213356
3.0,3.0,1.0,4.0,4.0,3.0,2.51790259200616
3.0,3.0,1.0,4.0,4.0,4.0,2.7729334107510444
3.0,3.0,1.0,5.0,1.0,1.0,1.762834551108845
3.0,3.0,1.0,5.0,1.0,3.0,2.2728395665301564
3.0,3.0,1.0,5.0,1.0,5.0,2.7817529737195636
3.0,3.0,1.0,5.0,2.0,4.0,2.6474806051392683
3.0,3.0,1.0,5.0,3.0,1.0,2.0030663105993782
3.0,3.0,1.0,5.0,3.0,2.0,2.258095002423181
3.0,3.0,1.0,5.0,3.0,3.0,2.511655041496521
3.0,3.0,1.0,5.0,3.0,4.0,2.76702558404964
3.0,3.0,1.0,5.0,3.0,5.0,3.021578436913899
3.0,3.0,1.0,5.0,4.0,1.0,2.1228765531704608
3.0,3.0,1.0,5.0,4.0,2.0,2.377974022848007
3.0,3.0,1.0,5.0,4.0,3.0,2.632538483092668
3.0,3.0,1.0,5.0,5.0,1.0,2.2426223477265945
3.0,3.0,1.0,5.0,5.0,3.0,2.7526063693806635
3.0,3.0,2.0,1.0,1.0,1.0,1.5569635676565248
3.0,3.0,2.0,1.0,1.0,2.0,1.8128360502783736
3.0,3.0,2.0,1.0,1.0,3.0,2.0680637529600308
3.0,3.0,2.0,1.0,2.0,1.0,1.6766357315546874
3.0,3.0,2.0,1.0,2.0,2.0,1.932747276301511
3.0,3.0,2.0,1.0,2.0,3.0,2.187189726820686
3.0,3.0,2.0,1.0,3.0,1.0,1.7966040329282675
3.0,3.0,2.0,1.0,3.0,2.0,2.051274828841688
3.0,3.0,2.0,1.0,3.0,3.0,2.3070554133054704
3.0,3.0,2.0,1.0,3.0,5.0,2.8170163611262318
3.0,3.0,2.0,1.0,4.0,1.0,1.9184125528498663
3.0,3.0,2.0,1.0,4.0,2.0,2.1726200589432283
3.0,3.0,2.0,1.0,4.0,3.0,2.427001992623647
3.0,3.0,2.0,1.0,4.0,4.0,2.682324272206289
3.0,3.0,2.0,2.0,1.0,1.0,1.672469795922552
3.0,3.0,2.0,2.0,1.0,2.0,1.9284459968465204
3.0,3.0,2.0,2.0,1.0,3.0,2.1809151724828375
3.0,3.0,2.0,2.0,2.0,1.0,1.7918631012355932
3.0,3.0,2.0,2.0,2.0,2.0,2.051199278401383
3.0,3.0,2.0,2.0,2.0,3.0,2.3015027662379133
3.0,3.0,2.0,2.0,3.0,1.0,1.9110581565979843
3.0,3.0,2.0,2.0,3.0,2.0,2.1673747675218786
3.0,3.0,2.0,2.0,3.0,3.0,2.4229761197449338
3.0,3.0,2.0,2.0,3.0,4.0,2.6763250346787824
3.0,3.0,2.0,2.0,4.0,1.0,2.032187981997344
3.0,3.0,2.0,2.0,4.0,2.0,2.2864041866656333
3.0,3.0,2.0,2.0,4.0,3.0,2.540714164023311
3.0,3.0,2.0,2.0,4.0,4.0,2.7961430378128354
3.0,3.0,2.0,2.0,4.0,5.0,3.0507112107973255
3.0,3.0,2.0,2.0,5.0,3.0,2.6611211672596844
3.0,3.0,2.0,3.0,1.0,1.0,1.7853509111727766
3.0,3.0,2.0,3.0,1.0,2.0,2.0412035376059845
3.0,3.0,2.0,3.0,1.0,3.0,2.2958901850531515
3.0,3.0,2.0,3.0,2.0,1.0,1.906480570438059
3.0,3.0,2.0,3.0,2.0,2.0,2.1618183723473003
3.0,3.0,2.0,3.0,2.0,3.0,2.417793014393851
3.0,3.0,2.0,3.0,2.0,4.0,2.669977724060522
3.0,3.0,2.0,3.0,3.0,1.0,2.0263863135138287
3.0,3.0,2.0,3.0,3.0,2.0,2.281249044653858
3.0,3.0,2.0,3.0,3.0,3.0,2.540839230459235
3.0,3.0,2.0,3.0,3.0,4.0,2.789938646199625
3.0,3.0,2.0,3.0,4.0,2.0,2.399921936398031
3.0,3.0,2.0,3.0,4.0,3.0,2.6567946703977756
3.0,3.0,2.0,3.0,4.0,4.0,2.9101023773444368
3.0,3.0,2.0,3.0,5.0,1.0,2.2660739833963803
3.0,3.0,2.0,3.0,5.0,2.0,2.520373993585063
3.0,3.0,2.0,3.0,5.0,3.0,2.7750571627763767
3.0,3.0,2.0,3.0,5.0,4.0,3.0297612174432347
3.0,3.0,2.0,3.0,5.0,5.0,3.2837954310931217
3.0,3.0,2.0,4.0,1.0,1.0,1.9004668596998826
3.0,3.0,2.0,4.0,1.0,2.0,2.155399978962714
3.0,3.0,2.0,4.0,1.0,3.0,2.409269457250334
3.0,3.0,2.0,4.0,1.0,4.0,2.6638079173714067
3.0,3.0,2.0,4.0,2.0,1.0,2.020463952472247
3.0,3.0,2.0,4.0,2.0,2.0,2.27470586023079
3.0,3.0,2.0,4.0,2.0,3.0,2.5295731275072986
3.0,3.0,2.0,4.0,2.0,4.0,2.784059212312576
3.0,3.0,2.0,4.0,3.0,1.0,2.1399352924349726
3.0,3.0,2.0,4.0,3.0,2.0,2.3949119898179827
3.0,3.0,2.0,4.0,3.0,3.0,2.6507303018718473
3.0,3.0,2.0,4.0,3.0,4.0,2.9029647389490583
3.0,3.0,2.0,4.0,4.0,1.0,2.2598142988907286
3.0,3.0,2.0,4.0,4.0,2.0,2.5144838487980046
3.0,3.0,2.0,4.0,4.0,3.0,2.7697411573765938
3.0,3.0,2.0,4.0,4.0,4.0,3.0223234636574503
3.0,3.0,2.0,4.0,4.0,5.0,3.2783313101851497
3.0,3.0,2.0,4.0,5.0,3.0,2.8885824720339977
3.0,3.0,2.0,4.0,5.0,4.0,3.144078455196363
3.0,3.0,2.0,4.0,5.0,5.0,3.3980403804451873
3.0,3.0,2.0,5.0,1.0,2.0,2.2694202869964353
3.0,3.0,2.0,5.0,1.0,3.0,2.5235945701950695
3.0,3.0,2.0,5.0,1.0,4.0,2.7776224597300954
3.0,3.0,2.0,5.0,2.0,1.0,2.1340156577914233
3.0,3.0,2.0,5.0,2.0,3.0,2.6430618847662157
3.0,3.0,2.0,5.0,2.0,4.0,2.898266433781881
3.0,3.0,2.0,5.0,2.0,5.0,3.1525334476052462
3.0,3.0,2.0,5.0,3.0,3.0,2.7628086640077547
3.0,3.0,2.0,5.0,3.0,4.0,3.01777314152656
3.0,3.0,2.0,5.0,3.0,5.0,3.2723423085521386
3.0,3.0,2.0,5.0,4.0,1.0,2.3733641797190215
3.0,3.0,2.0,5.0,4.0,2.0,2.6281976059176095
3.0,3.0,2.0,5.0,4.0,3.0,2.8829149024522702
3.0,3.0,2.0,5.0,4.0,4.0,3.1365708445267453
3.0,3.0,2.0,5.0,4.0,5.0,3.3917800934869877
3.0,3.0,2.0,5.0,5.0,1.0,2.493175953364834
3.0,3.0,2.0,5.0,5.0,4.0,3.2569931076334617
3.0,3.0,2.0,5.0,5.0,5.0,3.5107503748460025
3.0,3.0,3.0,1.0,1.0,1.0,1.8046911565534467
3.0,3.0,3.0,1.0,1.0,2.0,2.063623068275765
3.0,3.0,3.0,1.0,1.0,3.0,2.3182868877654794
3.0,3.0,3.0,1.0,2.0,1.0,1.9272984051468014
3.0,3.0,3.0,1.0,2.0,2.0,2.182466454798049
3.0,3.0,3.0,1.0,3.0,1.0,2.0483077190585797
3.0,3.0,3.0,1.0,3.0,2.0,2.3040547445020483
3.0,3.0,3.0,1.0,3.0,3.0,2.5558006001174496
3.0,3.0,3.0,1.0,3.0,4.0,2.8127872551454396
3.0,3.0,3.0,1.0,4.0,1.0,2.1682364368068745
3.0,3.0,3.0,1.0,4.0,2.0,2.423349675965317
3.0,3.0,3.0,1.0,4.0,3.0,2.677435023478124
3.0,3.0,3.0,1.0,4.0,4.0,2.932280545109392
3.0,3.0,3.0,1.0,5.0,3.0,2.7977963992657586
3.0,3.0,3.0,1.0,5.0,4.0,3.0526248564467884
3.0,3.0,3.0,1.0,5.0,5.0,3.306925253745088
3.0,3.0,3.0,2.0,1.0,1.0,1.9218513040753598
3.0,3.0,3.0,2.0,1.0,2.0,2.1787589074016127
3.0,3.0,3.0,2.0,1.0,3.0,2.432255686200831
3.0,3.0,3.0,2.0,2.0,1.0,2.042741536156999
3.0,3.0,3.0,2.0,2.0,2.0,2.2972926970876726
3.0,3.0,3.0,2.0,2.0,3.0,2.552335795202999
3.0,3.0,3.0,2.0,2.0,4.0,2.806793896879194
3.0,3.0,3.0,2.0,3.0,1.0,2.1621594055770847
3.0,3.0,3.0,2.0,3.0,2.0,2.416737212317321
3.0,3.0,3.0,2.0,3.0,3.0,2.672607694387426
3.0,3.0,3.0,2.0,3.0,4.0,2.9258244291348183
3.0,3.0,3.0,2.0,4.0,1.0,2.282599780682042
3.0,3.0,3.0,2.0,4.0,2.0,2.537464030640733
3.0,3.0,3.0,2.0,4.0,3.0,2.792099194049012
3.0,3.0,3.0,2.0,4.0,4.0,3.0462902579486038
3.0,3.0,3.0,2.0,5.0,2.0,2.6573155835279882
3.0,3.0,3.0,2.0,5.0,3.0,2.9118782907920195
3.0,3.0,3.0,2.0,5.0,4.0,3.1663967658769865
3.0,3.0,3.0,3.0,1.0,1.0,2.0358852688446607
3.0,3.0,3.0,3.0,1.0,2.0,2.290826142918588
3.0,3.0,3.0,3.0,1.0,3.0,2.544831936856206
3.0,3.0,3.0,3.0,1.0,4.0,2.8010126521374024
3.0,3.0,3.0,3.0,2.0,1.0,2.156968482234967
3.0,3.0,3.0,3.0,2.0,2.0,2.413601382343038
3.0,3.0,3.0,3.0,2.0,3.0,2.6677552234938204
3.0,3.0,3.0,3.0,2.0,4.0,2.920667162289371
3.0,3.0,3.0,3.0,3.0,1.0,2.276385520860478
3.0,3.0,3.0,3.0,3.0,2.0,2.5324267047029845
3.0,3.0,3.0,3.0,3.0,3.0,2.8003167689339383
3.0,3.0,3.0,3.0,3.0,4.0,3.0410713034690287
3.0,3.0,3.0,3.0,4.0,1.0,2.3964898744683816
3.0,3.0,3.0,3.0,4.0,2.0,2.6520724380798093
3.0,3.0,3.0,3.0,4.0,3.0,2.908041912315646
3.0,3.0,3.0,3.0,4.0,4.0,3.160686452157337
3.0,3.0,3.0,3.0,4.0,5.0,3.415056549463491
3.0,3.0,3.0,3.0,5.0,2.0,2.771132221760767
3.0,3.0,3.0,3.0,5.0,3.0,3.025119941302707
3.0,3.0,3.0,3.0,5.0,4.0,3.2802249766289746
3.0,3.0,3.0,3.0,5.0,5.0,3.534411163020425
3.0,3.0,3.0,4.0,1.0,1.0,2.150183005547356
3.0,3.0,3.0,4.0,1.0,2.0,2.406180668740584
3.0,3.0,3.0,4.0,1.0,3.0,2.6594956278600193
3.0,3.0,3.0,4.0,1.0,4.0,2.914747237538554
3.0,3.0,3.0,4.0,2.0,1.0,2.270686809152871
3.0,3.0,3.0,4.0,2.0,2.0,2.5257113356794205
3.0,3.0,3.0,4.0,2.0,3.0,2.780146944254107
3.0,3.0,3.0,4.0,2.0,4.0,3.0348157483212277
3.0,3.0,3.0,4.0,3.0,1.0,2.3907625832219006
3.0,3.0,3.0,4.0,3.0,2.0,2.6451856169235937
3.0,3.0,3.0,4.0,3.0,3.0,2.902159409485586
3.0,3.0,3.0,4.0,3.0,4.0,3.1551991954455243
3.0,3.0,3.0,4.0,3.0,5.0,3.409022320683086
3.0,3.0,3.0,4.0,4.0,2.0,2.7650386699923466
3.0,3.0,3.0,4.0,4.0,3.0,3.0195791709506907
3.0,3.0,3.0,4.0,4.0,4.0,3.2755719202575113
3.0,3.0,3.0,4.0,4.0,5.0,3.5285291137045918
3.0,3.0,3.0,4.0,5.0,2.0,2.8849760075435205
3.0,3.0,3.0,4.0,5.0,3.0,3.1384880387693204
3.0,3.0,3.0,4.0,5.0,4.0,3.3938766237911953
3.0,3.0,3.0,4.0,5.0,5.0,3.64769297643328
3.0,3.0,3.0,5.0,1.0,2.0,2.5194992398049965
3.0,3.0,3.0,5.0,1.0,3.0,2.773851479147647
3.0,3.0,3.0,5.0,1.0,5.0,3.28321365015455
3.0,3.0,3.0,5.0,2.0,2.0,2.6390626260769627
3.0,3.0,3.0,5.0,2.0,3.0,2.8939261356515824
3.0,3.0,3.0,5.0,2.0,4.0,3.147993328079092
3.0,3.0,3.0,5.0,2.0,5.0,3.4026404067221936
3.0,3.0,3.0,5.0,3.0,3.0,3.014463571378051
3.0,3.0,3.0,5.0,3.0,4.0,3.2683702929326324
3.0,3.0,3.0,5.0,3.0,5.0,3.5222879566386043
3.0,3.0,3.0,5.0,4.0,2.0,2.8789532782898046
3.0,3.0,3.0,5.0,4.0,3.0,3.1341851884472107
3.0,3.0,3.0,5.0,4.0,4.0,3.385602384943864
3.0,3.0,3.0,5.0,4.0,5.0,3.6415382547317106
3.0,3.0,3.0,5.0,5.0,3.0,3.2532600363430197
3.0,3.0,3.0,5.0,5.0,4.0,3.507463276092613
3.0,3.0,3.0,5.0,5.0,5.0,3.758844255682499
3.0,3.0,4.0,1.0,1.0,1.0,2.059648123649404
3.0,3.0,4.0,1.0,1.0,3.0,2.5690422911314297
3.0,3.0,4.0,1.0,1.0,4.0,2.8233372092633235
3.0,3.0,4.0,1.0,2.0,1.0,2.179146272563269
3.0,3.0,4.0,1.0,2.0,2.0,2.4345917644205595
3.0,3.0,4.0,1.0,3.0,1.0,2.2991896366868967
3.0,3.0,4.0,1.0,3.0,2.0,2.553540117258027
3.0,3.0,4.0,1.0,3.0,3.0,2.8086655383411774
3.0,3.0,4.0,1.0,3.0,4.0,3.063218631339809
3.0,3.0,4.0,1.0,4.0,1.0,2.4190789611848653
3.0,3.0,4.0,1.0,4.0,2.0,2.6739093925109017
3.0,3.0,4.0,1.0,4.0,3.0,2.9287395293495835
3.0,3.0,4.0,1.0,5.0,3.0,3.048539990810111
3.0,3.0,4.0,2.0,2.0,1.0,2.2932751605134425
3.0,3.0,4.0,2.0,2.0,2.0,2.54849271131263
3.0,3.0,4.0,2.0,2.0,3.0,2.8032028109398883
3.0,3.0,4.0,2.0,3.0,2.0,2.667826127601453
3.0,3.0,4.0,2.0,3.0,3.0,2.922582870619961
3.0,3.0,4.0,2.0,3.0,4.0,3.1769499060445874
3.0,3.0,4.0,2.0,4.0,2.0,2.7877846378884477
3.0,3.0,4.0,2.0,4.0,3.0,3.0425448421324597
3.0,3.0,4.0,2.0,4.0,4.0,3.2967742271257623
3.0,3.0,4.0,2.0,5.0,3.0,3.1620569207371267
3.0,3.0,4.0,2.0,5.0,5.0,3.671494247134703
3.0,3.0,4.0,3.0,1.0,1.0,2.287281676065303
3.0,3.0,4.0,3.0,1.0,2.0,2.542742053728047
3.0,3.0,4.0,3.0,1.0,3.0,2.796039366099725
3.0,3.0,4.0,3.0,1.0,4.0,3.051507476275099
3.0,3.0,4.0,3.0,2.0,1.0,2.407358631378498
3.0,3.0,4.0,3.0,2.0,2.0,2.6620151410395883
3.0,3.0,4.0,3.0,2.0,3.0,2.9159515174965556
3.0,3.0,4.0,3.0,3.0,1.0,2.527168450117213
3.0,3.0,4.0,3.0,3.0,2.0,2.781904556429025
3.0,3.0,4.0,3.0,3.0,3.0,3.037282077538768
3.0,3.0,4.0,3.0,3.0,4.0,3.2907387980607172
3.0,3.0,4.0,3.0,3.0,5.0,3.5459649785116585
3.0,3.0,4.0,3.0,4.0,2.0,2.901913321557753
3.0,3.0,4.0,3.0,4.0,3.0,3.1564775443149844
3.0,3.0,4.0,3.0,4.0,4.0,3.41143699350574
3.0,3.0,4.0,3.0,5.0,3.0,3.276421214152264
3.0,3.0,4.0,4.0,1.0,2.0,2.6561951243791606
3.0,3.0,4.0,4.0,1.0,3.0,2.9103201867407122
3.0,3.0,4.0,4.0,1.0,4.0,3.164612599361772
3.0,3.0,4.0,4.0,2.0,3.0,3.030217223308673
3.0,3.0,4.0,4.0,2.0,4.0,3.28483059205284
3.0,3.0,4.0,4.0,2.0,5.0,3.5399593010629054
3.0,3.0,4.0,4.0,3.0,2.0,2.895550226722525
3.0,3.0,4.0,4.0,3.0,3.0,3.1501074433701612
3.0,3.0,4.0,4.0,3.0,4.0,3.405717540117859
3.0,3.0,4.0,4.0,4.0,1.0,2.76079493633874
3.0,3.0,4.0,4.0,4.0,2.0,3.0153580291604682
3.0,3.0,4.0,4.0,4.0,3.0,3.27097511105956
3.0,3.0,4.0,4.0,4.0,4.0,3.524321448398567
3.0,3.0,4.0,4.0,4.0,5.0,3.7793425090583246
3.0,3.0,4.0,4.0,5.0,3.0,3.390216080081854
3.0,3.0,4.0,4.0,5.0,4.0,3.6449392015001356
3.0,3.0,4.0,4.0,5.0,5.0,3.8995236502715445
3.0,3.0,4.0,5.0,1.0,2.0,2.769741115744585
3.0,3.0,4.0,5.0,1.0,5.0,3.533700351741833
3.0,3.0,4.0,5.0,2.0,3.0,3.144345095376095
3.0,3.0,4.0,5.0,2.0,4.0,3.3989989773363867
3.0,3.0,4.0,5.0,3.0,3.0,3.2641257143537286
3.0,3.0,4.0,5.0,3.0,4.0,3.5186208102762366
3.0,3.0,4.0,5.0,3.0,5.0,3.7742394505706054
3.0,3.0,4.0,5.0,4.0,3.0,3.3839023131449997
3.0,3.0,4.0,5.0,4.0,4.0,3.637877386646569
3.0,3.0,4.0,5.0,4.0,5.0,3.8931463338027297
3.0,3.0,4.0,5.0,5.0,3.0,3.503813974940363
3.0,3.0,4.0,5.0,5.0,4.0,3.7581542523579263
3.0,3.0,4.0,5.0,5.0,5.0,4.011548680500367
3.0,3.0,5.0,1.0,3.0,2.0,2.804586554730923
3.0,3.0,5.0,1.0,4.0,1.0,2.6695683470476013
3.0,3.0,5.0,1.0,4.0,4.0,3.433800629313558
3.0,3.0,5.0,2.0,2.0,3.0,3.0534252513539664
3.0,3.0,5.0,2.0,3.0,3.0,3.173235457366134
3.0,3.0,5.0,3.0,1.0,2.0,2.792334174246486
3.0,3.0,5.0,3.0,2.0,2.0,2.9126759247497302
3.0,3.0,5.0,3.0,3.0,2.0,3.032487758528962
3.0,3.0,5.0,3.0,3.0,3.0,3.286135306713828
3.0,3.0,5.0,3.0,3.0,4.0,3.5416133260963316
3.0,3.0,5.0,3.0,4.0,2.0,3.1520319606092686
3.0,3.0,5.0,3.0,4.0,3.0,3.407020177418583
3.0,3.0,5.0,3.0,4.0,4.0,3.661692126019878
3.0,3.0,5.0,3.0,5.0,5.0,4.036327974294606
3.0,3.0,5.0,4.0,2.0,3.0,3.281072748035803
3.0,3.0,5.0,4.0,3.0,3.0,3.40113418577174
3.0,3.0,5.0,4.0,3.0,4.0,3.656148237075718
3.0,3.0,5.0,4.0,4.0,3.0,3.5205418569766547
3.0,3.0,5.0,4.0,4.0,4.0,3.7757160189484607
3.0,3.0,5.0,4.0,5.0,3.0,3.640752869627968
3.0,3.0,5.0,4.0,5.0,4.0,3.895050877021069
3.0,3.0,5.0,4.0,5.0,5.0,4.149575078231285
3.0,3.0,5.0,5.0,2.0,3.0,3.3948715665169464
3.0,3.0,5.0,5.0,3.0,3.0,3.5145469417785367
3.0,3.0,5.0,5.0,3.0,4.0,3.7695764306632475
3.0,3.0,5.0,5.0,3.0,5.0,4.023531504856133
3.0,3.0,5.0,5.0,4.0,3.0,3.635122999572799
3.0,3.0,5.0,5.0,4.0,4.0,3.889914623336206
3.0,3.0,5.0,5.0,4.0,5.0,4.14320048730934
3.0,3.0,5.0,5.0,5.0,3.0,3.753765609954881
3.0,3.0,5.0,5.0,5.0,4.0,4.008864789300325
3.0,3.0,5.0,5.0,5.0,5.0,4.263227762473026
3.0,4.0,1.0,1.0,1.0,1.0,1.3445482158387208
3.0,4.0,1.0,1.0,1.0,2.0,1.6016214906868769
3.0,4.0,1.0,1.0,1.0,3.0,1.856503912034588
3.0,4.0,1.0,1.0,2.0,1.0,1.464819595891994
3.0,4.0,1.0,1.0,2.0,2.0,1.7216655882482068
3.0,4.0,1.0,1.0,2.0,3.0,1.976043829334394
3.0,4.0,1.0,1.0,3.0,1.0,1.5848532579843397
3.0,4.0,1.0,1.0,3.0,2.0,1.841282514161299
3.0,4.0,1.0,1.0,3.0,3.0,2.0958065550804825
3.0,4.0,1.0,1.0,4.0,1.0,1.70511683547015
3.0,4.0,1.0,1.0,4.0,2.0,1.9611154309910654
3.0,4.0,1.0,1.0,4.0,3.0,2.215878983560441
3.0,4.0,1.0,2.0,1.0,1.0,1.4604615184680485
3.0,4.0,1.0,2.0,1.0,2.0,1.7155653217370153
3.0,4.0,1.0,2.0,1.0,3.0,1.9698037726030693
3.0,4.0,1.0,2.0,2.0,1.0,1.5806776324201814
3.0,4.0,1.0,2.0,2.0,2.0,1.8350266407628082
3.0,4.0,1.0,2.0,2.0,3.0,2.090131289181042
3.0,4.0,1.0,2.0,2.0,4.0,2.3446917736944553
3.0,4.0,1.0,2.0,3.0,1.0,1.6999342413189686
3.0,4.0,1.0,2.0,3.0,2.0,1.9557511612203275
3.0,4.0,1.0,2.0,3.0,3.0,2.2096194138251684
3.0,4.0,1.0,2.0,3.0,4.0,2.4647728883822166
3.0,4.0,1.0,2.0,4.0,1.0,1.820139904620473
3.0,4.0,1.0,2.0,4.0,2.0,2.0754144109908026
3.0,4.0,1.0,2.0,4.0,3.0,2.330109195657416
3.0,4.0,1.0,2.0,5.0,2.0,2.1947292892795156
3.0,4.0,1.0,2.0,5.0,4.0,2.7041172923088572
3.0,4.0,1.0,3.0,1.0,1.0,1.5742726363029775
3.0,4.0,1.0,3.0,1.0,2.0,1.8279060623832082
3.0,4.0,1.0,3.0,1.0,3.0,2.083758664581518
3.0,4.0,1.0,3.0,2.0,1.0,1.6938958562573125
3.0,4.0,1.0,3.0,2.0,2.0,1.94929280109145
3.0,4.0,1.0,3.0,2.0,3.0,2.2039369853805466
3.0,4.0,1.0,3.0,3.0,1.0,1.8146593187093776
3.0,4.0,1.0,3.0,3.0,2.0,2.0692015792924074
3.0,4.0,1.0,3.0,3.0,3.0,2.32361562047616
3.0,4.0,1.0,3.0,3.0,4.0,2.578318416295779
3.0,4.0,1.0,3.0,4.0,1.0,1.933960483398775
3.0,4.0,1.0,3.0,4.0,2.0,2.188952953385
3.0,4.0,1.0,3.0,4.0,3.0,2.4423276659666087
3.0,4.0,1.0,3.0,4.0,4.0,2.698104822158052
3.0,4.0,1.0,3.0,5.0,3.0,2.5632259038699017
3.0,4.0,1.0,3.0,5.0,5.0,3.0725035145101383
3.0,4.0,1.0,4.0,1.0,1.0,1.6883760023324381
3.0,4.0,1.0,4.0,1.0,2.0,1.9429019605500237
3.0,4.0,1.0,4.0,1.0,3.0,2.1968901635541283
3.0,4.0,1.0,4.0,1.0,4.0,2.4523951092151153
3.0,4.0,1.0,4.0,2.0,1.0,1.8087392204090134
3.0,4.0,1.0,4.0,2.0,2.0,2.0636634376085925
3.0,4.0,1.0,4.0,2.0,3.0,2.3183070553379346
3.0,4.0,1.0,4.0,3.0,1.0,1.9285023017427898
3.0,4.0,1.0,4.0,3.0,2.0,2.183129206197686
3.0,4.0,1.0,4.0,3.0,3.0,2.437971181163486
3.0,4.0,1.0,4.0,3.0,4.0,2.6924850043945763
3.0,4.0,1.0,4.0,4.0,1.0,2.047978001996059
3.0,4.0,1.0,4.0,4.0,2.0,2.3019647368020677
3.0,4.0,1.0,4.0,4.0,3.0,2.557617605370654
3.0,4.0,1.0,4.0,4.0,4.0,2.8116636560533856
3.0,4.0,1.0,4.0,5.0,4.0,2.9317561309648754
3.0,4.0,1.0,5.0,1.0,1.0,1.802374584979604
3.0,4.0,1.0,5.0,1.0,3.0,2.311683110048606
3.0,4.0,1.0,5.0,1.0,4.0,2.566598228151836
3.0,4.0,1.0,5.0,2.0,1.0,1.9221834012150143
3.0,4.0,1.0,5.0,2.0,2.0,2.1774981498028776
3.0,4.0,1.0,5.0,2.0,4.0,2.6861415137847624
3.0,4.0,1.0,5.0,3.0,2.0,2.2965596030553783
3.0,4.0,1.0,5.0,3.0,3.0,2.5513890301518702
3.0,4.0,1.0,5.0,3.0,4.0,2.80621904139619
3.0,4.0,1.0,5.0,4.0,2.0,2.4163680812319606
3.0,4.0,1.0,5.0,4.0,3.0,2.6709308690076976
3.0,4.0,1.0,5.0,4.0,4.0,2.9260285426175647
3.0,4.0,1.0,5.0,5.0,5.0,3.2998659685628415
3.0,4.0,2.0,1.0,1.0,1.0,1.5978259517904154
3.0,4.0,2.0,1.0,1.0,2.0,1.852066585317577
3.0,4.0,2.0,1.0,1.0,3.0,2.106879751777436
3.0,4.0,2.0,1.0,2.0,1.0,1.7169031238085375
3.0,4.0,2.0,1.0,2.0,2.0,1.9712819369469732
3.0,4.0,2.0,1.0,2.0,3.0,2.22662370185573
3.0,4.0,2.0,1.0,3.0,1.0,1.8353418304250417
3.0,4.0,2.0,1.0,3.0,2.0,2.090935866492151
3.0,4.0,2.0,1.0,3.0,3.0,2.346868445953751
3.0,4.0,2.0,1.0,4.0,1.0,1.956035136706569
3.0,4.0,2.0,1.0,4.0,2.0,2.2111594840069473
3.0,4.0,2.0,1.0,4.0,3.0,2.4660710783195046
3.0,4.0,2.0,1.0,4.0,4.0,2.7213290399435768
3.0,4.0,2.0,1.0,5.0,3.0,2.5862352220163034
3.0,4.0,2.0,1.0,5.0,4.0,2.84106611817501
3.0,4.0,2.0,2.0,1.0,1.0,1.7114627618945883
3.0,4.0,2.0,2.0,1.0,2.0,1.9666481076497315
3.0,4.0,2.0,2.0,1.0,3.0,2.2210180788631
3.0,4.0,2.0,2.0,2.0,1.0,1.831322931887552
3.0,4.0,2.0,2.0,2.0,2.0,2.0866207651381306
3.0,4.0,2.0,2.0,2.0,3.0,2.341140835980713
3.0,4.0,2.0,2.0,2.0,4.0,2.5951811182062383
3.0,4.0,2.0,2.0,3.0,1.0,1.9501410533715497
3.0,4.0,2.0,2.0,3.0,2.0,2.2065114596696014
3.0,4.0,2.0,2.0,3.0,3.0,2.45904251149798
3.0,4.0,2.0,2.0,3.0,4.0,2.71506989451766
3.0,4.0,2.0,2.0,4.0,1.0,2.0713417020265084
3.0,4.0,2.0,2.0,4.0,2.0,2.3252613389207313
3.0,4.0,2.0,2.0,4.0,3.0,2.5802503222695687
3.0,4.0,2.0,2.0,4.0,4.0,2.83520141840603
3.0,4.0,2.0,2.0,4.0,5.0,3.089368016311691
3.0,4.0,2.0,2.0,5.0,2.0,2.44536889881366
3.0,4.0,2.0,2.0,5.0,3.0,2.69986375803412
3.0,4.0,2.0,2.0,5.0,4.0,2.954894839637484
3.0,4.0,2.0,2.0,5.0,5.0,3.2093868441211866
3.0,4.0,2.0,3.0,1.0,1.0,1.825996551610783
3.0,4.0,2.0,3.0,1.0,2.0,2.0792318842891704
3.0,4.0,2.0,3.0,1.0,3.0,2.334001885505964
3.0,4.0,2.0,3.0,2.0,1.0,1.9448922329518736
3.0,4.0,2.0,3.0,2.0,2.0,2.201355327379811
3.0,4.0,2.0,3.0,2.0,3.0,2.456097923403883
3.0,4.0,2.0,3.0,3.0,1.0,2.0654416995294476
3.0,4.0,2.0,3.0,3.0,2.0,2.3212048947792874
3.0,4.0,2.0,3.0,3.0,3.0,2.5781003520467207
3.0,4.0,2.0,3.0,3.0,4.0,2.828855644120228
3.0,4.0,2.0,3.0,4.0,1.0,2.18446732440296
3.0,4.0,2.0,3.0,4.0,2.0,2.440195807844845
3.0,4.0,2.0,3.0,4.0,3.0,2.695015962599583
3.0,4.0,2.0,3.0,4.0,4.0,2.949049290595702
3.0,4.0,2.0,3.0,5.0,2.0,2.5591559087661317
3.0,4.0,2.0,3.0,5.0,3.0,2.8142321552044396
3.0,4.0,2.0,3.0,5.0,5.0,3.3232618872425848
3.0,4.0,2.0,4.0,1.0,1.0,1.9396764420654042
3.0,4.0,2.0,4.0,1.0,2.0,2.1941078659645052
3.0,4.0,2.0,4.0,1.0,3.0,2.4478071555679315
3.0,4.0,2.0,4.0,1.0,4.0,2.70297430489525
3.0,4.0,2.0,4.0,2.0,1.0,2.0593607868065993
3.0,4.0,2.0,4.0,2.0,2.0,2.3139003312294615
3.0,4.0,2.0,4.0,2.0,3.0,2.5700920312170767
3.0,4.0,2.0,4.0,2.0,4.0,2.822518075882008
3.0,4.0,2.0,4.0,2.0,5.0,3.0773749156192056
3.0,4.0,2.0,4.0,3.0,1.0,2.178840779172468
3.0,4.0,2.0,4.0,3.0,2.0,2.434913189724068
3.0,4.0,2.0,4.0,3.0,3.0,2.6903300385618385
3.0,4.0,2.0,4.0,3.0,4.0,2.942838079089871
3.0,4.0,2.0,4.0,4.0,1.0,2.2990131459778023
3.0,4.0,2.0,4.0,4.0,2.0,2.5539389293201227
3.0,4.0,2.0,4.0,4.0,3.0,2.8070119928380195
3.0,4.0,2.0,4.0,4.0,4.0,3.0614236223107807
3.0,4.0,2.0,4.0,4.0,5.0,3.317264251211475
3.0,4.0,2.0,4.0,5.0,3.0,2.927739565871842
3.0,4.0,2.0,4.0,5.0,4.0,3.1824640195276874
3.0,4.0,2.0,4.0,5.0,5.0,3.437225356108527
3.0,4.0,2.0,5.0,1.0,2.0,2.3076126504774352
3.0,4.0,2.0,5.0,1.0,3.0,2.5622251892772274
3.0,4.0,2.0,5.0,1.0,4.0,2.8163358509400735
3.0,4.0,2.0,5.0,1.0,5.0,3.0716539870379265
3.0,4.0,2.0,5.0,2.0,2.0,2.427579114757848
3.0,4.0,2.0,5.0,2.0,3.0,2.6821540112634965
3.0,4.0,2.0,5.0,2.0,4.0,2.936896419860764
3.0,4.0,2.0,5.0,2.0,5.0,3.1917267633232904
3.0,4.0,2.0,5.0,3.0,2.0,2.5474369441695712
3.0,4.0,2.0,5.0,3.0,3.0,2.801765162011676
3.0,4.0,2.0,5.0,3.0,4.0,3.0566784597445498
3.0,4.0,2.0,5.0,3.0,5.0,3.31100250926156
3.0,4.0,2.0,5.0,4.0,1.0,2.4125613178874104
3.0,4.0,2.0,5.0,4.0,2.0,2.6672132758188236
3.0,4.0,2.0,5.0,4.0,3.0,2.9220157742102235
3.0,4.0,2.0,5.0,4.0,4.0,3.1756082590900245
3.0,4.0,2.0,5.0,4.0,5.0,3.4300885951293814
3.0,4.0,2.0,5.0,5.0,1.0,2.532638758122873
3.0,4.0,2.0,5.0,5.0,2.0,2.7872025188865255
3.0,4.0,2.0,5.0,5.0,3.0,3.0417666194364315
3.0,4.0,2.0,5.0,5.0,4.0,3.295933752707962
3.0,4.0,2.0,5.0,5.0,5.0,3.550861779074051
3.0,4.0,3.0,1.0,1.0,1.0,1.847100372178889
3.0,4.0,3.0,1.0,1.0,2.0,2.1025987619086988
3.0,4.0,3.0,1.0,1.0,3.0,2.3571788231332107
3.0,4.0,3.0,1.0,2.0,1.0,1.9676940487669823
3.0,4.0,3.0,1.0,2.0,2.0,2.2221671524043702
3.0,4.0,3.0,1.0,2.0,3.0,2.4773423444840343
3.0,4.0,3.0,1.0,3.0,1.0,2.0866780358414734
3.0,4.0,3.0,1.0,3.0,2.0,2.3412793196833372
3.0,4.0,3.0,1.0,3.0,3.0,2.5962618814769782
3.0,4.0,3.0,1.0,3.0,4.0,2.8509458151549834
3.0,4.0,3.0,1.0,4.0,1.0,2.2074093591255624
3.0,4.0,3.0,1.0,4.0,2.0,2.4616124607298517
3.0,4.0,3.0,1.0,4.0,3.0,2.7163767711371056
3.0,4.0,3.0,1.0,4.0,4.0,2.970967258349145
3.0,4.0,3.0,1.0,5.0,1.0,2.327332901206096
3.0,4.0,3.0,1.0,5.0,4.0,3.0912605682415064
3.0,4.0,3.0,1.0,5.0,5.0,3.3462878100374454
3.0,4.0,3.0,2.0,1.0,1.0,1.9619760280292844
3.0,4.0,3.0,2.0,1.0,2.0,2.2176042593170653
3.0,4.0,3.0,2.0,1.0,3.0,2.4721428868677373
3.0,4.0,3.0,2.0,2.0,1.0,2.081961956744779
3.0,4.0,3.0,2.0,2.0,2.0,2.338021810931932
3.0,4.0,3.0,2.0,2.0,3.0,2.592317051693222
3.0,4.0,3.0,2.0,2.0,4.0,2.8462047304763796
3.0,4.0,3.0,2.0,3.0,1.0,2.201149252535273
3.0,4.0,3.0,2.0,3.0,2.0,2.4558727618691543
3.0,4.0,3.0,2.0,3.0,3.0,2.712290974425837
3.0,4.0,3.0,2.0,3.0,4.0,2.9647213159748524
3.0,4.0,3.0,2.0,4.0,1.0,2.3216042024213452
3.0,4.0,3.0,2.0,4.0,2.0,2.5763726015683144
3.0,4.0,3.0,2.0,4.0,3.0,2.830717905360673
3.0,4.0,3.0,2.0,4.0,4.0,3.08528625832287
3.0,4.0,3.0,2.0,5.0,3.0,2.9503524928649005
3.0,4.0,3.0,2.0,5.0,4.0,3.205204957379029
3.0,4.0,3.0,3.0,1.0,1.0,2.0749255818868035
3.0,4.0,3.0,3.0,1.0,2.0,2.3307373550364106
3.0,4.0,3.0,3.0,1.0,3.0,2.585433670822253
3.0,4.0,3.0,3.0,1.0,4.0,2.839988188502951
3.0,4.0,3.0,3.0,2.0,1.0,2.196067451812823
3.0,4.0,3.0,3.0,2.0,2.0,2.4512955999767203
3.0,4.0,3.0,3.0,2.0,3.0,2.7078957644107056
3.0,4.0,3.0,3.0,2.0,4.0,2.959829815167508
3.0,4.0,3.0,3.0,3.0,1.0,2.315720420351804
3.0,4.0,3.0,3.0,3.0,2.0,2.5713554731286874
3.0,4.0,3.0,3.0,3.0,3.0,2.83882598059018
3.0,4.0,3.0,3.0,3.0,4.0,3.080874141185315
3.0,4.0,3.0,3.0,3.0,5.0,3.334407883215219
3.0,4.0,3.0,3.0,4.0,1.0,2.435836393486625
3.0,4.0,3.0,3.0,4.0,2.0,2.6903992393457257
3.0,4.0,3.0,3.0,4.0,3.0,2.949637272400997
3.0,4.0,3.0,3.0,4.0,4.0,3.1999651673379024
3.0,4.0,3.0,3.0,4.0,5.0,3.4542048387986637
3.0,4.0,3.0,3.0,5.0,2.0,2.8100584973161418
3.0,4.0,3.0,3.0,5.0,3.0,3.065246652140124
3.0,4.0,3.0,3.0,5.0,4.0,3.3191329025550846
3.0,4.0,3.0,3.0,5.0,5.0,3.5734439454057987
3.0,4.0,3.0,4.0,1.0,1.0,2.190287044453137
3.0,4.0,3.0,4.0,1.0,2.0,2.4440402858787893
3.0,4.0,3.0,4.0,1.0,3.0,2.698989212008966
3.0,4.0,3.0,4.0,1.0,4.0,2.9522866201267495
3.0,4.0,3.0,4.0,2.0,1.0,2.3098811244229016
3.0,4.0,3.0,4.0,2.0,2.0,2.5648495401922276
3.0,4.0,3.0,4.0,2.0,3.0,2.8223442328052464
3.0,4.0,3.0,4.0,2.0,4.0,3.0742614919246263
3.0,4.0,3.0,4.0,2.0,5.0,3.3284031100546785
3.0,4.0,3.0,4.0,3.0,1.0,2.429578617283768
3.0,4.0,3.0,4.0,3.0,2.0,2.685091068795881
3.0,4.0,3.0,4.0,3.0,3.0,2.947570634041445
3.0,4.0,3.0,4.0,3.0,4.0,3.194035563454764
3.0,4.0,3.0,4.0,3.0,5.0,3.4478786996348694
3.0,4.0,3.0,4.0,4.0,1.0,2.5501538426267047
3.0,4.0,3.0,4.0,4.0,2.0,2.8034600891902803
3.0,4.0,3.0,4.0,4.0,3.0,3.0621462832553488
3.0,4.0,3.0,4.0,4.0,4.0,3.31833092537509
3.0,4.0,3.0,4.0,4.0,5.0,3.567572663999471
3.0,4.0,3.0,4.0,5.0,2.0,2.923878445342204
3.0,4.0,3.0,4.0,5.0,3.0,3.1781889248552253
3.0,4.0,3.0,4.0,5.0,4.0,3.4328793012549927
3.0,4.0,3.0,4.0,5.0,5.0,3.6862322332217716
3.0,4.0,3.0,5.0,1.0,1.0,2.3032707076568717
3.0,4.0,3.0,5.0,1.0,2.0,2.5576209328685047
3.0,4.0,3.0,5.0,1.0,3.0,2.813260529998963
3.0,4.0,3.0,5.0,1.0,4.0,3.067576246299003
3.0,4.0,3.0,5.0,1.0,5.0,3.3221378691110135
3.0,4.0,3.0,5.0,2.0,2.0,2.6786011922995288
3.0,4.0,3.0,5.0,2.0,3.0,2.9329290298263646
3.0,4.0,3.0,5.0,2.0,4.0,3.186804619102731
3.0,4.0,3.0,5.0,3.0,1.0,2.5432385135778466
3.0,4.0,3.0,5.0,3.0,2.0,2.7981256541666086
3.0,4.0,3.0,5.0,3.0,3.0,3.052727738874343
3.0,4.0,3.0,5.0,3.0,4.0,3.3080546380372198
3.0,4.0,3.0,5.0,3.0,5.0,3.561693254617945
3.0,4.0,3.0,5.0,4.0,2.0,2.917636691017838
3.0,4.0,3.0,5.0,4.0,3.0,3.1726407295833106
3.0,4.0,3.0,5.0,4.0,4.0,3.426454237911251
3.0,4.0,3.0,5.0,4.0,5.0,3.6811455948967238
3.0,4.0,3.0,5.0,5.0,2.0,3.0376801336661625
3.0,4.0,3.0,5.0,5.0,3.0,3.2915491869126527
3.0,4.0,3.0,5.0,5.0,4.0,3.546177753639492
3.0,4.0,3.0,5.0,5.0,5.0,3.8003058707648396
3.0,4.0,4.0,1.0,1.0,1.0,2.098843316526957
3.0,4.0,4.0,1.0,1.0,2.0,2.3530469414801067
3.0,4.0,4.0,1.0,1.0,3.0,2.6085064955403965
3.0,4.0,4.0,1.0,1.0,4.0,2.8628379221872056
3.0,4.0,4.0,1.0,2.0,1.0,2.2185397537618003
3.0,4.0,4.0,1.0,2.0,2.0,2.4730904107110603
3.0,4.0,4.0,1.0,2.0,3.0,2.7277823151928473
3.0,4.0,4.0,1.0,3.0,1.0,2.3381985949992137
3.0,4.0,4.0,1.0,3.0,2.0,2.5919250229506474
3.0,4.0,4.0,1.0,3.0,3.0,2.847632269434541
3.0,4.0,4.0,1.0,4.0,1.0,2.458007488283941
3.0,4.0,4.0,1.0,4.0,2.0,2.7124605207957555
3.0,4.0,4.0,1.0,4.0,3.0,2.967401781409244
3.0,4.0,4.0,2.0,1.0,1.0,2.212661899349157
3.0,4.0,4.0,2.0,1.0,2.0,2.466958816340916
3.0,4.0,4.0,2.0,1.0,3.0,2.7217878067430865
3.0,4.0,4.0,2.0,1.0,4.0,2.9766170692780163
3.0,4.0,4.0,2.0,2.0,2.0,2.5864567425894083
3.0,4.0,4.0,2.0,2.0,3.0,2.8419505696037644
3.0,4.0,4.0,2.0,2.0,4.0,3.0964270954830355
3.0,4.0,4.0,2.0,3.0,1.0,2.452305658360701
3.0,4.0,4.0,2.0,3.0,2.0,2.7069039108205915
3.0,4.0,4.0,2.0,3.0,3.0,2.9610287453469017
3.0,4.0,4.0,2.0,3.0,4.0,3.2161808444998647
3.0,4.0,4.0,2.0,4.0,2.0,2.8272347667314004
3.0,4.0,4.0,2.0,4.0,3.0,3.0813324115012044
3.0,4.0,4.0,2.0,4.0,4.0,3.336752845746359
3.0,4.0,4.0,2.0,5.0,3.0,3.2012979186789066
3.0,4.0,4.0,2.0,5.0,4.0,3.4561274035792793
3.0,4.0,4.0,3.0,1.0,1.0,2.3267450910571315
3.0,4.0,4.0,3.0,1.0,2.0,2.5809536358306455
3.0,4.0,4.0,3.0,1.0,3.0,2.835820533579242
3.0,4.0,4.0,3.0,2.0,1.0,2.4465541188377613
3.0,4.0,4.0,3.0,2.0,2.0,2.7011394055132287
3.0,4.0,4.0,3.0,2.0,3.0,2.9561569019461307
3.0,4.0,4.0,3.0,2.0,4.0,3.2107068356168798
3.0,4.0,4.0,3.0,3.0,1.0,2.56636715534636
3.0,4.0,4.0,3.0,3.0,2.0,2.8206034857512123
3.0,4.0,4.0,3.0,3.0,3.0,3.0770697646536393
3.0,4.0,4.0,3.0,3.0,4.0,3.3308655150845454
3.0,4.0,4.0,3.0,3.0,5.0,3.5846160271737872
3.0,4.0,4.0,3.0,4.0,2.0,2.9407541893199878
3.0,4.0,4.0,3.0,4.0,3.0,3.194663153996076
3.0,4.0,4.0,3.0,4.0,4.0,3.45237775616067
3.0,4.0,4.0,3.0,4.0,5.0,3.7049288343970885
3.0,4.0,4.0,3.0,5.0,2.0,3.060815779018927
3.0,4.0,4.0,3.0,5.0,3.0,3.315223661759944
3.0,4.0,4.0,3.0,5.0,4.0,3.570056536381551
3.0,4.0,4.0,3.0,5.0,5.0,3.823405971277492
3.0,4.0,4.0,4.0,1.0,1.0,2.440708098425727
3.0,4.0,4.0,4.0,1.0,2.0,2.6943023832332345
3.0,4.0,4.0,4.0,1.0,3.0,2.9490598884745496
3.0,4.0,4.0,4.0,1.0,4.0,3.2039220252217238
3.0,4.0,4.0,4.0,1.0,5.0,3.4588188911827453
3.0,4.0,4.0,4.0,2.0,2.0,2.8146450326951666
3.0,4.0,4.0,4.0,2.0,3.0,3.0701068822035973
3.0,4.0,4.0,4.0,2.0,4.0,3.3244471727670812
3.0,4.0,4.0,4.0,3.0,1.0,2.6802660639035727
3.0,4.0,4.0,4.0,3.0,2.0,2.9345789558581927
3.0,4.0,4.0,4.0,3.0,3.0,3.1912871235202394
3.0,4.0,4.0,4.0,3.0,4.0,3.448220522392128
3.0,4.0,4.0,4.0,3.0,5.0,3.698327328137301
3.0,4.0,4.0,4.0,4.0,1.0,2.7994565369180777
3.0,4.0,4.0,4.0,4.0,2.0,3.054540287743723
3.0,4.0,4.0,4.0,4.0,3.0,3.3106908250062625
3.0,4.0,4.0,4.0,4.0,4.0,3.5706389071151055
3.0,4.0,4.0,4.0,4.0,5.0,3.819594216681735
3.0,4.0,4.0,4.0,5.0,3.0,3.4289223012524594
3.0,4.0,4.0,4.0,5.0,4.0,3.684650526212542
3.0,4.0,4.0,4.0,5.0,5.0,3.9379801610508633
3.0,4.0,4.0,5.0,1.0,3.0,3.063200836711777
3.0,4.0,4.0,5.0,1.0,4.0,3.3178956489639866
3.0,4.0,4.0,5.0,1.0,5.0,3.5726274674933736
3.0,4.0,4.0,5.0,2.0,2.0,2.9287502291487044
3.0,4.0,4.0,5.0,2.0,3.0,3.183480762397462
3.0,4.0,4.0,5.0,2.0,4.0,3.4376429219372713
3.0,4.0,4.0,5.0,2.0,5.0,3.6924407758926847
3.0,4.0,4.0,5.0,3.0,3.0,3.3029841629268684
3.0,4.0,4.0,5.0,3.0,4.0,3.558531105795625
3.0,4.0,4.0,5.0,3.0,5.0,3.8125473434572053
3.0,4.0,4.0,5.0,4.0,3.0,3.4223686331374985
3.0,4.0,4.0,5.0,4.0,4.0,3.6765863890928245
3.0,4.0,4.0,5.0,4.0,5.0,3.9332495866672676
3.0,4.0,4.0,5.0,5.0,2.0,3.288179234064328
3.0,4.0,4.0,5.0,5.0,3.0,3.5432293201283196
3.0,4.0,4.0,5.0,5.0,4.0,3.797315261138796
3.0,4.0,4.0,5.0,5.0,5.0,4.050165526705458
3.0,4.0,5.0,2.0,2.0,3.0,3.0923546666487502
3.0,4.0,5.0,2.0,3.0,2.0,2.9573576973273594
3.0,4.0,5.0,2.0,5.0,3.0,3.452050754134619
3.0,4.0,5.0,2.0,5.0,5.0,3.9611771322685407
3.0,4.0,5.0,3.0,1.0,3.0,3.0857817838456265
3.0,4.0,5.0,3.0,2.0,3.0,3.206324924503795
3.0,4.0,5.0,3.0,3.0,3.0,3.325894528813085
3.0,4.0,5.0,3.0,3.0,4.0,3.580542006282805
3.0,4.0,5.0,3.0,4.0,3.0,3.445756286845791
3.0,4.0,5.0,3.0,4.0,4.0,3.6999811238198452
3.0,4.0,5.0,3.0,4.0,5.0,3.955182329720833
3.0,4.0,5.0,3.0,5.0,3.0,3.565717381461748
3.0,4.0,5.0,4.0,1.0,3.0,3.2001798262268015
3.0,4.0,5.0,4.0,2.0,4.0,3.574814559965038
3.0,4.0,5.0,4.0,2.0,5.0,3.82964552680213
3.0,4.0,5.0,4.0,3.0,2.0,3.1851831836565117
3.0,4.0,5.0,4.0,3.0,3.0,3.4400936294425626
3.0,4.0,5.0,4.0,3.0,4.0,3.6942328549884484
3.0,4.0,5.0,4.0,4.0,3.0,3.5603070072563234
3.0,4.0,5.0,4.0,4.0,4.0,3.815797338856465
3.0,4.0,5.0,4.0,4.0,5.0,4.069419230349797
3.0,4.0,5.0,4.0,5.0,3.0,3.679939594919312
3.0,4.0,5.0,4.0,5.0,4.0,3.934468952953147
3.0,4.0,5.0,4.0,5.0,5.0,4.188457222792907
3.0,4.0,5.0,5.0,1.0,3.0,3.313455482306053
3.0,4.0,5.0,5.0,1.0,4.0,3.5684005835489496
3.0,4.0,5.0,5.0,1.0,5.0,3.823427869808817
3.0,4.0,5.0,5.0,2.0,5.0,3.9429252665531536
3.0,4.0,5.0,5.0,3.0,4.0,3.8082265029570492
3.0,4.0,5.0,5.0,3.0,5.0,4.062988242140899
3.0,4.0,5.0,5.0,4.0,3.0,3.673423528141576
3.0,4.0,5.0,5.0,4.0,4.0,3.928285668217521
3.0,4.0,5.0,5.0,4.0,5.0,4.1824723197356946
3.0,4.0,5.0,5.0,5.0,3.0,3.7936077345719403
3.0,4.0,5.0,5.0,5.0,4.0,4.047928164367533
3.0,4.0,5.0,5.0,5.0,5.0,4.301989024375071
3.0,5.0,1.0,1.0,1.0,1.0,1.382993987377719
3.0,5.0,1.0,1.0,1.0,2.0,1.6403800391422572
3.0,5.0,1.0,1.0,1.0,3.0,1.894955236861134
3.0,5.0,1.0,1.0,2.0,1.0,1.504357985323538
3.0,5.0,1.0,1.0,2.0,2.0,1.760072408459433
3.0,5.0,1.0,1.0,2.0,3.0,2.0147033009000697
3.0,5.0,1.0,1.0,3.0,1.0,1.6232332913731509
3.0,5.0,1.0,1.0,3.0,2.0,1.8788516683043741
3.0,5.0,1.0,1.0,3.0,3.0,2.1344147487352196
3.0,5.0,1.0,1.0,4.0,1.0,1.7454684944666377
3.0,5.0,1.0,1.0,4.0,2.0,1.999502099400806
3.0,5.0,1.0,1.0,5.0,1.0,1.8641301373205101
3.0,5.0,1.0,1.0,5.0,2.0,2.119780474256403
3.0,5.0,1.0,1.0,5.0,5.0,2.883814595478293
3.0,5.0,1.0,2.0,1.0,1.0,1.4997236452458222
3.0,5.0,1.0,2.0,1.0,2.0,1.7549465382744456
3.0,5.0,1.0,2.0,1.0,3.0,2.0089803692190533
3.0,5.0,1.0,2.0,2.0,1.0,1.6199701704639802
3.0,5.0,1.0,2.0,2.0,2.0,1.8741978617446116
3.0,5.0,1.0,2.0,2.0,3.0,2.1287910885400185
3.0,5.0,1.0,2.0,3.0,1.0,1.739360145371858
3.0,5.0,1.0,2.0,3.0,2.0,1.9951147939942737
3.0,5.0,1.0,2.0,3.0,3.0,2.248606495290962
3.0,5.0,1.0,2.0,4.0,1.0,1.8595520877936935
3.0,5.0,1.0,2.0,4.0,2.0,2.114230853004683
3.0,5.0,1.0,2.0,4.0,3.0,2.3684109722497957
3.0,5.0,1.0,2.0,5.0,4.0,2.7427915103319953
3.0,5.0,1.0,3.0,1.0,1.0,1.6130603686964413
3.0,5.0,1.0,3.0,1.0,2.0,1.8674867369228232
3.0,5.0,1.0,3.0,1.0,3.0,2.1220382385123844
3.0,5.0,1.0,3.0,2.0,1.0,1.733748997393939
3.0,5.0,1.0,3.0,2.0,2.0,1.9883273623349491
3.0,5.0,1.0,3.0,2.0,3.0,2.2434102708230528
3.0,5.0,1.0,3.0,3.0,1.0,1.8531438832268174
3.0,5.0,1.0,3.0,3.0,2.0,2.108746660674481
3.0,5.0,1.0,3.0,3.0,3.0,2.36290446485299
3.0,5.0,1.0,3.0,3.0,5.0,2.8715514357573495
3.0,5.0,1.0,3.0,4.0,1.0,1.973131064679793
3.0,5.0,1.0,3.0,4.0,2.0,2.2278721762894698
3.0,5.0,1.0,3.0,4.0,3.0,2.4823695064415334
3.0,5.0,1.0,3.0,4.0,4.0,2.736861099833242
3.0,5.0,1.0,3.0,5.0,1.0,2.0931298643805594
3.0,5.0,1.0,3.0,5.0,2.0,2.347916593007331
3.0,5.0,1.0,3.0,5.0,3.0,2.6023060498031985
3.0,5.0,1.0,4.0,1.0,1.0,1.727389431892094
3.0,5.0,1.0,4.0,1.0,2.0,1.9820608421676305
3.0,5.0,1.0,4.0,1.0,3.0,2.236879804730206
3.0,5.0,1.0,4.0,1.0,4.0,2.4915780508415715
3.0,5.0,1.0,4.0,2.0,2.0,2.1025514700910777
3.0,5.0,1.0,4.0,2.0,3.0,2.356957995736748
3.0,5.0,1.0,4.0,3.0,1.0,1.9666024020991275
3.0,5.0,1.0,4.0,3.0,2.0,2.2222929895928654
3.0,5.0,1.0,4.0,3.0,4.0,2.7310657111366146
3.0,5.0,1.0,4.0,4.0,2.0,2.3422738426557466
3.0,5.0,1.0,4.0,4.0,3.0,2.5959939858734273
3.0,5.0,1.0,4.0,4.0,4.0,2.8498608532437184
3.0,5.0,1.0,4.0,5.0,1.0,2.2067225639817174
3.0,5.0,1.0,4.0,5.0,3.0,2.7165448560065384
3.0,5.0,1.0,4.0,5.0,4.0,2.9706907064181434
3.0,5.0,1.0,5.0,1.0,1.0,1.8413433174519824
3.0,5.0,1.0,5.0,1.0,2.0,2.0955720334491543
3.0,5.0,1.0,5.0,1.0,3.0,2.3503360586975193
3.0,5.0,1.0,5.0,1.0,4.0,2.6053644894247556
3.0,5.0,1.0,5.0,1.0,5.0,2.859552498576728
3.0,5.0,1.0,5.0,2.0,2.0,2.2162130184606417
3.0,5.0,1.0,5.0,2.0,3.0,2.4703812802895104
3.0,5.0,1.0,5.0,2.0,4.0,2.7250707332375015
3.0,5.0,1.0,5.0,2.0,5.0,2.9799009861070864
3.0,5.0,1.0,5.0,3.0,2.0,2.3361965915488936
3.0,5.0,1.0,5.0,3.0,3.0,2.590003830622397
3.0,5.0,1.0,5.0,3.0,4.0,2.8451482853282353
3.0,5.0,1.0,5.0,4.0,2.0,2.455831453822453
3.0,5.0,1.0,5.0,4.0,3.0,2.7103929961255457
3.0,5.0,1.0,5.0,4.0,4.0,2.964975716861961
3.0,5.0,1.0,5.0,4.0,5.0,3.219138261740017
3.0,5.0,1.0,5.0,5.0,1.0,2.3204609438577175
3.0,5.0,1.0,5.0,5.0,2.0,2.575372555441446
3.0,5.0,1.0,5.0,5.0,4.0,3.084745398973201
3.0,5.0,1.0,5.0,5.0,5.0,3.337458695713458
3.0,5.0,2.0,1.0,1.0,1.0,1.6356347262281166
3.0,5.0,2.0,1.0,1.0,2.0,1.890913158513915
3.0,5.0,2.0,1.0,1.0,3.0,2.1461492148853507
3.0,5.0,2.0,1.0,2.0,1.0,1.7559302493272022
3.0,5.0,2.0,1.0,2.0,2.0,2.0108856638589576
3.0,5.0,2.0,1.0,2.0,3.0,2.265395064066665
3.0,5.0,2.0,1.0,3.0,1.0,1.8761799822369114
3.0,5.0,2.0,1.0,3.0,2.0,2.130735653858391
3.0,5.0,2.0,1.0,3.0,3.0,2.3852554229864715
3.0,5.0,2.0,1.0,3.0,5.0,2.8947055035952003
3.0,5.0,2.0,1.0,4.0,1.0,1.9959570291549538
3.0,5.0,2.0,1.0,4.0,2.0,2.250390357365885
3.0,5.0,2.0,1.0,4.0,3.0,2.5046861483971328
3.0,5.0,2.0,1.0,4.0,4.0,2.7599147830996116
3.0,5.0,2.0,1.0,4.0,5.0,3.01474143349578
3.0,5.0,2.0,1.0,5.0,1.0,2.1157378162905824
3.0,5.0,2.0,1.0,5.0,2.0,2.370304139468803
3.0,5.0,2.0,1.0,5.0,3.0,2.6256961417663236
3.0,5.0,2.0,1.0,5.0,5.0,3.1340249108403575
3.0,5.0,2.0,2.0,1.0,1.0,1.7494133735444057
3.0,5.0,2.0,2.0,1.0,2.0,2.0057036685867047
3.0,5.0,2.0,2.0,1.0,3.0,2.2602038277198058
3.0,5.0,2.0,2.0,2.0,1.0,1.8704226916668527
3.0,5.0,2.0,2.0,2.0,2.0,2.125184793615519
3.0,5.0,2.0,2.0,2.0,3.0,2.379446931735502
3.0,5.0,2.0,2.0,2.0,4.0,2.633843508724413
3.0,5.0,2.0,2.0,2.0,5.0,2.8889371483101827
3.0,5.0,2.0,2.0,3.0,1.0,1.989972229862261
3.0,5.0,2.0,2.0,3.0,2.0,2.2450233742555024
3.0,5.0,2.0,2.0,3.0,3.0,2.499228350418422
3.0,5.0,2.0,2.0,3.0,4.0,2.753720547619453
3.0,5.0,2.0,2.0,4.0,1.0,2.1100434957225485
3.0,5.0,2.0,2.0,4.0,2.0,2.3651593242761804
3.0,5.0,2.0,2.0,4.0,3.0,2.619650070743116
3.0,5.0,2.0,2.0,4.0,4.0,2.8740660576373194
3.0,5.0,2.0,2.0,5.0,1.0,2.2298536870103525
3.0,5.0,2.0,2.0,5.0,2.0,2.484683501565622
3.0,5.0,2.0,2.0,5.0,3.0,2.7390513897950686
3.0,5.0,2.0,2.0,5.0,4.0,2.993807634801537
3.0,5.0,2.0,3.0,1.0,1.0,1.8641473197014025
3.0,5.0,2.0,3.0,1.0,2.0,2.119066702711484
3.0,5.0,2.0,3.0,1.0,3.0,2.373954595834843
3.0,5.0,2.0,3.0,1.0,4.0,2.6280490182262337
3.0,5.0,2.0,3.0,2.0,1.0,1.983985170937676
3.0,5.0,2.0,3.0,2.0,2.0,2.2395184369910974
3.0,5.0,2.0,3.0,2.0,3.0,2.4945807614995714
3.0,5.0,2.0,3.0,2.0,4.0,2.7481940240844756
3.0,5.0,2.0,3.0,3.0,1.0,2.104316051368042
3.0,5.0,2.0,3.0,3.0,2.0,2.3592862476465073
3.0,5.0,2.0,3.0,3.0,3.0,2.6153949672407646
3.0,5.0,2.0,3.0,3.0,4.0,2.8681444449640523
3.0,5.0,2.0,3.0,3.0,5.0,3.1220334863017003
3.0,5.0,2.0,3.0,4.0,1.0,2.224211158314096
3.0,5.0,2.0,3.0,4.0,2.0,2.4783493497609492
3.0,5.0,2.0,3.0,4.0,3.0,2.733374353675461
3.0,5.0,2.0,3.0,4.0,4.0,2.9873111974644826
3.0,5.0,2.0,3.0,4.0,5.0,3.2425800627654606
3.0,5.0,2.0,3.0,5.0,1.0,2.3441117061795347
3.0,5.0,2.0,3.0,5.0,2.0,2.5983398531418036
3.0,5.0,2.0,3.0,5.0,3.0,2.8537881870695707
3.0,5.0,2.0,3.0,5.0,4.0,3.1077192863928595
3.0,5.0,2.0,3.0,5.0,5.0,3.361916932621763
3.0,5.0,2.0,4.0,1.0,1.0,1.9785166002691645
3.0,5.0,2.0,4.0,1.0,2.0,2.233294833294773
3.0,5.0,2.0,4.0,1.0,3.0,2.4880444610485646
3.0,5.0,2.0,4.0,1.0,4.0,2.74207030909134
3.0,5.0,2.0,4.0,2.0,2.0,2.3526795220501495
3.0,5.0,2.0,4.0,2.0,3.0,2.607112333832334
3.0,5.0,2.0,4.0,2.0,4.0,2.861854122568413
3.0,5.0,2.0,4.0,3.0,1.0,2.218132329330398
3.0,5.0,2.0,4.0,3.0,2.0,2.4728619095664808
3.0,5.0,2.0,4.0,3.0,3.0,2.7273035846528955
3.0,5.0,2.0,4.0,3.0,4.0,2.9815590388553717
3.0,5.0,2.0,4.0,4.0,1.0,2.33767349934234
3.0,5.0,2.0,4.0,4.0,2.0,2.5925705939061845
3.0,5.0,2.0,4.0,4.0,3.0,2.8481668302350593
3.0,5.0,2.0,4.0,4.0,4.0,3.1002380050660685
3.0,5.0,2.0,4.0,4.0,5.0,3.356269263266973
3.0,5.0,2.0,4.0,5.0,2.0,2.7119366411410026
3.0,5.0,2.0,4.0,5.0,3.0,2.966654347790899
3.0,5.0,2.0,4.0,5.0,4.0,3.221706819867271
3.0,5.0,2.0,4.0,5.0,5.0,3.4753582716300424
3.0,5.0,2.0,5.0,1.0,1.0,2.0916944027582662
3.0,5.0,2.0,5.0,1.0,2.0,2.3468899424253107
3.0,5.0,2.0,5.0,1.0,3.0,2.600970950003017
3.0,5.0,2.0,5.0,1.0,4.0,2.855748101213249
3.0,5.0,2.0,5.0,2.0,2.0,2.4668421257434385
3.0,5.0,2.0,5.0,2.0,3.0,2.7212181685112644
3.0,5.0,2.0,5.0,2.0,4.0,2.9755716689366993
3.0,5.0,2.0,5.0,2.0,5.0,3.2300819908278346
3.0,5.0,2.0,5.0,3.0,1.0,2.3315907548349135
3.0,5.0,2.0,5.0,3.0,2.0,2.586041333322454
3.0,5.0,2.0,5.0,3.0,3.0,2.840975216790447
3.0,5.0,2.0,5.0,3.0,4.0,3.0956107572947382
3.0,5.0,2.0,5.0,3.0,5.0,3.3501962454207663
3.0,5.0,2.0,5.0,4.0,2.0,2.7058657938745063
3.0,5.0,2.0,5.0,4.0,3.0,2.9601550379042956
3.0,5.0,2.0,5.0,4.0,4.0,3.21548222868633
3.0,5.0,2.0,5.0,4.0,5.0,3.468319304411332
3.0,5.0,2.0,5.0,5.0,1.0,2.5712998959168294
3.0,5.0,2.0,5.0,5.0,2.0,2.8254701377975167
3.0,5.0,2.0,5.0,5.0,3.0,3.0805405266274293
3.0,5.0,2.0,5.0,5.0,4.0,3.335165515136822
3.0,5.0,2.0,5.0,5.0,5.0,3.5878870934968865
3.0,5.0,3.0,1.0,1.0,1.0,1.8866961831774605
3.0,5.0,3.0,1.0,1.0,2.0,2.141809872727929
3.0,5.0,3.0,1.0,1.0,3.0,2.396307761020026
3.0,5.0,3.0,1.0,2.0,1.0,2.0068223262079377
3.0,5.0,3.0,1.0,2.0,2.0,2.261043936738904
3.0,5.0,3.0,1.0,2.0,3.0,2.516469074191842
3.0,5.0,3.0,1.0,3.0,1.0,2.1252365611611745
3.0,5.0,3.0,1.0,3.0,2.0,2.3809613783518078
3.0,5.0,3.0,1.0,3.0,3.0,2.636444256662856
3.0,5.0,3.0,1.0,3.0,5.0,3.145418852226205
3.0,5.0,3.0,1.0,4.0,1.0,2.246783343597459
3.0,5.0,3.0,1.0,4.0,2.0,2.501410091246136
3.0,5.0,3.0,1.0,4.0,3.0,2.7560368362082395
3.0,5.0,3.0,1.0,4.0,4.0,3.00959690779266
3.0,5.0,3.0,1.0,5.0,1.0,2.3663345307138974
3.0,5.0,3.0,1.0,5.0,3.0,2.8760835986234574
3.0,5.0,3.0,1.0,5.0,5.0,3.3853123861300842
3.0,5.0,3.0,2.0,1.0,1.0,2.000301496659318
3.0,5.0,3.0,2.0,1.0,2.0,2.2562577092993004
3.0,5.0,3.0,2.0,1.0,3.0,2.5102222705940225
3.0,5.0,3.0,2.0,1.0,4.0,2.764584580629482
3.0,5.0,3.0,2.0,2.0,2.0,2.376136764055066
3.0,5.0,3.0,2.0,2.0,3.0,2.6308936390313105
3.0,5.0,3.0,2.0,2.0,4.0,2.885132658755672
3.0,5.0,3.0,2.0,3.0,1.0,2.240198537799156
3.0,5.0,3.0,2.0,3.0,2.0,2.4950371887717253
3.0,5.0,3.0,2.0,3.0,3.0,2.750246201136784
3.0,5.0,3.0,2.0,3.0,4.0,3.0046760644279877
3.0,5.0,3.0,2.0,3.0,5.0,3.259508112271676
3.0,5.0,3.0,2.0,4.0,2.0,2.615238658699819
3.0,5.0,3.0,2.0,4.0,3.0,2.869621277058408
3.0,5.0,3.0,2.0,4.0,4.0,3.124788482059007
3.0,5.0,3.0,2.0,4.0,5.0,3.37905020007732
3.0,5.0,3.0,2.0,5.0,2.0,2.735043594472942
3.0,5.0,3.0,2.0,5.0,3.0,2.9895056736201115
3.0,5.0,3.0,2.0,5.0,4.0,3.2447012496996637
3.0,5.0,3.0,2.0,5.0,5.0,3.498596459984485
3.0,5.0,3.0,3.0,1.0,1.0,2.1144970796560223
3.0,5.0,3.0,3.0,1.0,2.0,2.36952006064576
3.0,5.0,3.0,3.0,1.0,3.0,2.622914482465591
3.0,5.0,3.0,3.0,1.0,4.0,2.879202935429278
3.0,5.0,3.0,3.0,2.0,1.0,2.2348652190823906
3.0,5.0,3.0,3.0,2.0,2.0,2.4910544962082097
3.0,5.0,3.0,3.0,2.0,3.0,2.7462181577832157
3.0,5.0,3.0,3.0,2.0,4.0,2.9984187458281677
3.0,5.0,3.0,3.0,3.0,1.0,2.354312592580667
3.0,5.0,3.0,3.0,3.0,2.0,2.6094310802816922
3.0,5.0,3.0,3.0,3.0,3.0,2.8686756639209445
3.0,5.0,3.0,3.0,3.0,4.0,3.1194129501481296
3.0,5.0,3.0,3.0,4.0,1.0,2.473956183982918
3.0,5.0,3.0,3.0,4.0,2.0,2.7298230515526196
3.0,5.0,3.0,3.0,4.0,3.0,2.9869279316274073
3.0,5.0,3.0,3.0,4.0,4.0,3.239398596116602
3.0,5.0,3.0,3.0,4.0,5.0,3.493144205863549
3.0,5.0,3.0,3.0,5.0,1.0,2.5944217717318887
3.0,5.0,3.0,3.0,5.0,2.0,2.84853778360964
3.0,5.0,3.0,3.0,5.0,3.0,3.1034377723505284
3.0,5.0,3.0,3.0,5.0,4.0,3.3590163155323225
3.0,5.0,3.0,3.0,5.0,5.0,3.611561205357925
3.0,5.0,3.0,4.0,1.0,1.0,2.2292857896409135
3.0,5.0,3.0,4.0,1.0,2.0,2.484104179008342
3.0,5.0,3.0,4.0,1.0,3.0,2.738764040075013
3.0,5.0,3.0,4.0,1.0,4.0,2.992423333216434
3.0,5.0,3.0,4.0,2.0,2.0,2.6041096013387928
3.0,5.0,3.0,4.0,2.0,3.0,2.859939130851018
3.0,5.0,3.0,4.0,2.0,4.0,3.113146357146999
3.0,5.0,3.0,4.0,2.0,5.0,3.367058892308522
3.0,5.0,3.0,4.0,3.0,1.0,2.4684940146953576
3.0,5.0,3.0,4.0,3.0,2.0,2.723842891254078
3.0,5.0,3.0,4.0,3.0,3.0,2.9807418015167104
3.0,5.0,3.0,4.0,3.0,4.0,3.2336416310278544
3.0,5.0,3.0,4.0,3.0,5.0,3.4872814502150633
3.0,5.0,3.0,4.0,4.0,2.0,2.843939148734066
3.0,5.0,3.0,4.0,4.0,3.0,3.10090110721766
3.0,5.0,3.0,4.0,4.0,4.0,3.35503589554743
3.0,5.0,3.0,4.0,4.0,5.0,3.606559073566243
3.0,5.0,3.0,4.0,5.0,2.0,2.9633456405902834
3.0,5.0,3.0,4.0,5.0,3.0,3.217766101198768
3.0,5.0,3.0,4.0,5.0,4.0,3.471071950778804
3.0,5.0,3.0,4.0,5.0,5.0,3.727003218726653
3.0,5.0,3.0,5.0,1.0,2.0,2.59737817151403
3.0,5.0,3.0,5.0,1.0,3.0,2.852215125957948
3.0,5.0,3.0,5.0,1.0,4.0,3.1066840770273676
3.0,5.0,3.0,5.0,1.0,5.0,3.3598834622809775
3.0,5.0,3.0,5.0,2.0,2.0,2.7173397343274095
3.0,5.0,3.0,5.0,2.0,3.0,2.971010892451984
3.0,5.0,3.0,5.0,2.0,4.0,3.2252148066631787
3.0,5.0,3.0,5.0,2.0,5.0,3.4797060233042525
3.0,5.0,3.0,5.0,3.0,2.0,2.837128516545226
3.0,5.0,3.0,5.0,3.0,3.0,3.0918444635077234
3.0,5.0,3.0,5.0,3.0,4.0,3.346408259086595
3.0,5.0,3.0,5.0,3.0,5.0,3.599938347523614
3.0,5.0,3.0,5.0,4.0,1.0,2.701873716675152
3.0,5.0,3.0,5.0,4.0,2.0,2.9565544924017453
3.0,5.0,3.0,5.0,4.0,3.0,3.2120633670150704
3.0,5.0,3.0,5.0,4.0,4.0,3.4673333861925575
3.0,5.0,3.0,5.0,4.0,5.0,3.7192812145177037
3.0,5.0,3.0,5.0,5.0,1.0,2.822056728498481
3.0,5.0,3.0,5.0,5.0,2.0,3.0765773328285047
3.0,5.0,3.0,5.0,5.0,3.0,3.3299536324054873
3.0,5.0,3.0,5.0,5.0,4.0,3.5862666648437505
3.0,5.0,3.0,5.0,5.0,5.0,3.8339189393432864
3.0,5.0,4.0,1.0,1.0,3.0,2.64743374132902
3.0,5.0,4.0,1.0,2.0,4.0,3.021540921152359
3.0,5.0,4.0,1.0,3.0,1.0,2.377293229933114
3.0,5.0,4.0,1.0,3.0,3.0,2.886550274831449
3.0,5.0,4.0,1.0,3.0,4.0,3.1410833822484108
3.0,5.0,4.0,1.0,4.0,1.0,2.497337519574235
3.0,5.0,4.0,1.0,4.0,2.0,2.7517689732512154
3.0,5.0,4.0,1.0,4.0,4.0,3.2608244821055266
3.0,5.0,4.0,1.0,5.0,2.0,2.8713456544273623
3.0,5.0,4.0,1.0,5.0,5.0,3.635461569480367
3.0,5.0,4.0,2.0,2.0,2.0,2.6260629028148883
3.0,5.0,4.0,2.0,2.0,3.0,2.8805922089500102
3.0,5.0,4.0,2.0,2.0,4.0,3.135355158728528
3.0,5.0,4.0,2.0,3.0,1.0,2.4909426834023223
3.0,5.0,4.0,2.0,3.0,2.0,2.7455763368014585
3.0,5.0,4.0,2.0,3.0,3.0,3.000335452776864
3.0,5.0,4.0,2.0,3.0,4.0,3.2550986663948445
3.0,5.0,4.0,2.0,4.0,2.0,2.865885513445102
3.0,5.0,4.0,2.0,4.0,3.0,3.1204222955197087
3.0,5.0,4.0,2.0,4.0,4.0,3.375410065101845
3.0,5.0,4.0,2.0,4.0,5.0,3.6295398055522106
3.0,5.0,4.0,2.0,5.0,1.0,2.7306325200934336
3.0,5.0,4.0,2.0,5.0,2.0,2.9853950707837407
3.0,5.0,4.0,2.0,5.0,3.0,3.240573077299508
3.0,5.0,4.0,2.0,5.0,4.0,3.494665902391924
3.0,5.0,4.0,2.0,5.0,5.0,3.749283042336026
3.0,5.0,4.0,3.0,1.0,1.0,2.3651378406736634
3.0,5.0,4.0,3.0,1.0,2.0,2.619966978476663
3.0,5.0,4.0,3.0,1.0,3.0,2.87483204069719
3.0,5.0,4.0,3.0,2.0,2.0,2.7399872666168275
3.0,5.0,4.0,3.0,2.0,3.0,2.9951506177338296
3.0,5.0,4.0,3.0,2.0,4.0,3.2495715690268816
3.0,5.0,4.0,3.0,2.0,5.0,3.5033369373402397
3.0,5.0,4.0,3.0,3.0,1.0,2.605557551508459
3.0,5.0,4.0,3.0,3.0,2.0,2.859547291092454
3.0,5.0,4.0,3.0,3.0,3.0,3.1139158713819146
3.0,5.0,4.0,3.0,3.0,4.0,3.3696940102907393
3.0,5.0,4.0,3.0,3.0,5.0,3.622616128150552
3.0,5.0,4.0,3.0,4.0,2.0,2.979667334004884
3.0,5.0,4.0,3.0,4.0,3.0,3.2339709901425886
3.0,5.0,4.0,3.0,4.0,4.0,3.490319457569382
3.0,5.0,4.0,3.0,4.0,5.0,3.743431178128841
3.0,5.0,4.0,3.0,5.0,2.0,3.0994756722779524
3.0,5.0,4.0,3.0,5.0,3.0,3.3540471577610593
3.0,5.0,4.0,3.0,5.0,4.0,3.609999461114271
3.0,5.0,4.0,3.0,5.0,5.0,3.862767135218897
3.0,5.0,4.0,4.0,1.0,3.0,2.98862022310205
3.0,5.0,4.0,4.0,1.0,4.0,3.2431777070346666
3.0,5.0,4.0,4.0,1.0,5.0,3.4980047320975935
3.0,5.0,4.0,4.0,2.0,2.0,2.8542456222346133
3.0,5.0,4.0,4.0,2.0,3.0,3.108250470355755
3.0,5.0,4.0,4.0,2.0,4.0,3.363108609819524
3.0,5.0,4.0,4.0,2.0,5.0,3.6175524101616197
3.0,5.0,4.0,4.0,3.0,2.0,2.9742147512630517
3.0,5.0,4.0,4.0,3.0,3.0,3.231636435038686
3.0,5.0,4.0,4.0,3.0,4.0,3.48522213035354
3.0,5.0,4.0,4.0,3.0,5.0,3.737836483420165
3.0,5.0,4.0,4.0,4.0,2.0,3.0934839979921396
3.0,5.0,4.0,4.0,4.0,3.0,3.3506006888355917
3.0,5.0,4.0,4.0,4.0,4.0,3.607259169304551
3.0,5.0,4.0,4.0,4.0,5.0,3.858004437905247
3.0,5.0,4.0,4.0,5.0,2.0,3.2135599718072063
3.0,5.0,4.0,4.0,5.0,3.0,3.467241419718115
3.0,5.0,4.0,4.0,5.0,4.0,3.725507099623249
3.0,5.0,4.0,4.0,5.0,5.0,3.9775522609715854
3.0,5.0,4.0,5.0,1.0,2.0,2.8476072340827594
3.0,5.0,4.0,5.0,1.0,4.0,3.3566121450376185
3.0,5.0,4.0,5.0,2.0,1.0,2.7128694412727277
3.0,5.0,4.0,5.0,2.0,3.0,3.2217957065696363
3.0,5.0,4.0,5.0,2.0,4.0,3.4771165971195908
3.0,5.0,4.0,5.0,2.0,5.0,3.731847001923164
3.0,5.0,4.0,5.0,3.0,3.0,3.3424586921030923
3.0,5.0,4.0,5.0,3.0,4.0,3.5966230163179307
3.0,5.0,4.0,5.0,3.0,5.0,3.8505460571219365
3.0,5.0,4.0,5.0,4.0,2.0,3.2075605434691807
3.0,5.0,4.0,5.0,4.0,3.0,3.4629383292466085
3.0,5.0,4.0,5.0,4.0,4.0,3.718328517958818
3.0,5.0,4.0,5.0,4.0,5.0,3.9725475942373873
3.0,5.0,4.0,5.0,5.0,3.0,3.581182458518386
3.0,5.0,4.0,5.0,5.0,4.0,3.8379400507767243
3.0,5.0,4.0,5.0,5.0,5.0,4.090306899386294
3.0,5.0,5.0,1.0,1.0,1.0,2.3876267205303128
3.0,5.0,5.0,1.0,2.0,1.0,2.508073784841819
3.0,5.0,5.0,1.0,2.0,2.0,2.7629023455807755
3.0,5.0,5.0,1.0,3.0,1.0,2.6280815726088322
3.0,5.0,5.0,1.0,3.0,2.0,2.8819780471123257
3.0,5.0,5.0,1.0,3.0,3.0,3.1369730858603004
3.0,5.0,5.0,1.0,3.0,4.0,3.3914673626796037
3.0,5.0,5.0,1.0,3.0,5.0,3.646402339325801
3.0,5.0,5.0,1.0,4.0,1.0,2.7474272527100747
3.0,5.0,5.0,1.0,4.0,3.0,3.257017234932557
3.0,5.0,5.0,1.0,5.0,1.0,2.867501581146002
3.0,5.0,5.0,1.0,5.0,2.0,3.1223012971562585
3.0,5.0,5.0,1.0,5.0,3.0,3.376429488200122
3.0,5.0,5.0,1.0,5.0,4.0,3.63145880184522
3.0,5.0,5.0,2.0,1.0,2.0,2.756905524747076
3.0,5.0,5.0,2.0,1.0,3.0,3.0114739875705987
3.0,5.0,5.0,2.0,2.0,2.0,2.8764857040887764
3.0,5.0,5.0,2.0,3.0,1.0,2.7419657072902854
3.0,5.0,5.0,2.0,3.0,2.0,2.9965286823898674
3.0,5.0,5.0,2.0,3.0,3.0,3.250757656273585
3.0,5.0,5.0,2.0,4.0,2.0,3.1160727671676844
3.0,5.0,5.0,2.0,4.0,3.0,3.3709020276886488
3.0,5.0,5.0,2.0,4.0,5.0,3.8800257085800016
3.0,5.0,5.0,2.0,5.0,2.0,3.2364170735298883
3.0,5.0,5.0,2.0,5.0,3.0,3.4907137792464358
3.0,5.0,5.0,2.0,5.0,4.0,3.745275587259231
3.0,5.0,5.0,3.0,1.0,3.0,3.125285863332435
3.0,5.0,5.0,3.0,1.0,5.0,3.6345137045953506
3.0,5.0,5.0,3.0,2.0,2.0,2.990534300736644
3.0,5.0,5.0,3.0,2.0,3.0,3.2450985522097526
3.0,5.0,5.0,3.0,2.0,4.0,3.499927384625443
3.0,5.0,5.0,3.0,3.0,2.0,3.110552404751818
3.0,5.0,5.0,3.0,3.0,3.0,3.365142069017144
3.0,5.0,5.0,3.0,3.0,4.0,3.620105399960582
3.0,5.0,5.0,3.0,4.0,3.0,3.485021967236685
3.0,5.0,5.0,3.0,4.0,4.0,3.739382215553052
3.0,5.0,5.0,3.0,4.0,5.0,3.9941121366552768
3.0,5.0,5.0,3.0,5.0,2.0,3.3502315826983198
3.0,5.0,5.0,3.0,5.0,3.0,3.6045060634746857
3.0,5.0,5.0,3.0,5.0,4.0,3.8588206398297356
3.0,5.0,5.0,3.0,5.0,5.0,4.1143240444139435
3.0,5.0,5.0,4.0,1.0,3.0,3.238567183835514
3.0,5.0,5.0,4.0,1.0,4.0,3.493932938926026
3.0,5.0,5.0,4.0,2.0,2.0,3.1040847202626383
3.0,5.0,5.0,4.0,2.0,3.0,3.358719503493818
3.0,5.0,5.0,4.0,2.0,4.0,3.6135808570683534
3.0,5.0,5.0,4.0,2.0,5.0,3.8683062353406714
3.0,5.0,5.0,4.0,3.0,3.0,3.478776830760605
3.0,5.0,5.0,4.0,3.0,4.0,3.7335864382763777
3.0,5.0,5.0,4.0,3.0,5.0,3.988120888872458
3.0,5.0,5.0,4.0,4.0,3.0,3.5983756031760628
3.0,5.0,5.0,4.0,4.0,4.0,3.8526865768858536
3.0,5.0,5.0,4.0,4.0,5.0,4.108291207807984
3.0,5.0,5.0,4.0,5.0,1.0,3.2087169551827865
3.0,5.0,5.0,4.0,5.0,3.0,3.7175316570975028
3.0,5.0,5.0,4.0,5.0,4.0,3.971586660065217
3.0,5.0,5.0,4.0,5.0,5.0,4.226211956524155
3.0,5.0,5.0,5.0,1.0,1.0,2.844453639203745
3.0,5.0,5.0,5.0,1.0,3.0,3.3527265421954597
3.0,5.0,5.0,5.0,1.0,4.0,3.607855024968819
3.0,5.0,5.0,5.0,1.0,5.0,3.861199868661598
3.0,5.0,5.0,5.0,2.0,2.0,3.217839715988874
3.0,5.0,5.0,5.0,2.0,3.0,3.473009991425367
3.0,5.0,5.0,5.0,2.0,5.0,3.982145816608465
3.0,5.0,5.0,5.0,3.0,3.0,3.5921812579138552
3.0,5.0,5.0,5.0,3.0,4.0,3.84715919562044
3.0,5.0,5.0,5.0,3.0,5.0,4.100328907326466
3.0,5.0,5.0,5.0,4.0,3.0,3.712922142026885
3.0,5.0,5.0,5.0,4.0,4.0,3.9668965624534263
3.0,5.0,5.0,5.0,4.0,5.0,4.221007413377235
3.0,5.0,5.0,5.0,5.0,1.0,3.323030543674898
3.0,5.0,5.0,5.0,5.0,2.0,3.5777111465382316
3.0,5.0,5.0,5.0,5.0,3.0,3.830827681479454
3.0,5.0,5.0,5.0,5.0,4.0,4.086811400079866
3.0,5.0,5.0,5.0,5.0,5.0,4.336825301855651
4.0,1.0,1.0,1.0,1.0,1.0,1.5477996173515043
4.0,1.0,1.0,1.0,2.0,1.0,1.6696533803817568
4.0,1.0,1.0,1.0,3.0,1.0,1.7891013093414516
4.0,1.0,1.0,1.0,3.0,2.0,2.0445583889518812
4.0,1.0,1.0,2.0,1.0,1.0,1.6634830122704791
4.0,1.0,1.0,2.0,1.0,2.0,1.9182678205762924
4.0,1.0,1.0,2.0,2.0,1.0,1.7834729913803282
4.0,1.0,1.0,2.0,2.0,3.0,2.2928504568178547
4.0,1.0,1.0,2.0,3.0,1.0,1.9033321568659336
4.0,1.0,1.0,2.0,4.0,1.0,2.0230865554948716
4.0,1.0,1.0,2.0,4.0,2.0,2.2779226370967876
4.0,1.0,1.0,2.0,4.0,4.0,2.7867822463190888
4.0,1.0,1.0,3.0,1.0,1.0,1.7781847195430265
4.0,1.0,1.0,3.0,1.0,2.0,2.032039573026956
4.0,1.0,1.0,3.0,1.0,3.0,2.2867887017504773
4.0,1.0,1.0,3.0,1.0,4.0,2.541165245145586
4.0,1.0,1.0,3.0,2.0,1.0,1.8972894190051104
4.0,1.0,1.0,3.0,3.0,1.0,2.017355106284874
4.0,1.0,1.0,3.0,3.0,3.0,2.5262264590054047
4.0,1.0,1.0,3.0,4.0,2.0,2.391470430914707
4.0,1.0,1.0,3.0,4.0,4.0,2.9008588324122635
4.0,1.0,1.0,3.0,5.0,2.0,2.511280436895303
4.0,1.0,1.0,4.0,1.0,1.0,1.8908459097346266
4.0,1.0,1.0,4.0,1.0,2.0,2.1458591012239707
4.0,1.0,1.0,4.0,1.0,4.0,2.6545384386715045
4.0,1.0,1.0,4.0,2.0,1.0,2.011101560952279
4.0,1.0,1.0,4.0,2.0,4.0,2.775053222089732
4.0,1.0,1.0,4.0,3.0,1.0,2.131448166498696
4.0,1.0,1.0,4.0,3.0,3.0,2.640302805841991
4.0,1.0,1.0,4.0,4.0,1.0,2.2507272562434744
4.0,1.0,1.0,4.0,4.0,3.0,2.760380747418476
4.0,1.0,1.0,4.0,5.0,2.0,2.6250926468132296
4.0,1.0,1.0,4.0,5.0,4.0,3.134496759479566
4.0,1.0,1.0,5.0,1.0,1.0,2.0051050364961296
4.0,1.0,1.0,5.0,3.0,3.0,2.7541334679919856
4.0,1.0,2.0,1.0,1.0,1.0,1.800491927507189
4.0,1.0,2.0,1.0,2.0,1.0,1.9201426341353958
4.0,1.0,2.0,1.0,2.0,2.0,2.174706870539684
4.0,1.0,2.0,2.0,1.0,1.0,1.9139041420802014
4.0,1.0,2.0,2.0,1.0,2.0,2.168710508360188
4.0,1.0,2.0,2.0,1.0,3.0,2.423271713972003
4.0,1.0,2.0,2.0,2.0,2.0,2.288786599860283
4.0,1.0,2.0,2.0,3.0,3.0,2.663169833752628
4.0,1.0,2.0,2.0,4.0,3.0,2.782967561908095
4.0,1.0,2.0,2.0,4.0,4.0,3.0383360157125647
4.0,1.0,2.0,3.0,1.0,1.0,2.0282317815070527
4.0,1.0,2.0,3.0,1.0,2.0,2.282527953153187
4.0,1.0,2.0,3.0,2.0,2.0,2.401909603963273
4.0,1.0,2.0,3.0,2.0,3.0,2.656996843385838
4.0,1.0,2.0,3.0,3.0,3.0,2.777036456593168
4.0,1.0,2.0,3.0,4.0,2.0,2.6424934236754685
4.0,1.0,2.0,3.0,4.0,4.0,3.1513519421751224
4.0,1.0,2.0,4.0,1.0,1.0,2.1420458396776922
4.0,1.0,2.0,4.0,1.0,2.0,2.3966091047050084
4.0,1.0,2.0,4.0,1.0,3.0,2.651174753163705
4.0,1.0,2.0,4.0,2.0,3.0,2.7709805007608663
4.0,1.0,2.0,4.0,2.0,4.0,3.025269275576853
4.0,1.0,2.0,4.0,3.0,3.0,2.8905881737411847
4.0,1.0,2.0,4.0,3.0,4.0,3.145317298165297
4.0,1.0,2.0,4.0,4.0,4.0,3.2654331829739998
4.0,1.0,2.0,5.0,1.0,1.0,2.2558736997295497
4.0,1.0,2.0,5.0,1.0,4.0,3.019269900909956
4.0,1.0,2.0,5.0,4.0,4.0,3.378983208715024
4.0,1.0,2.0,5.0,4.0,5.0,3.6340801220326036
4.0,1.0,2.0,5.0,5.0,2.0,2.98966150184543
4.0,1.0,2.0,5.0,5.0,3.0,3.244227156282587
4.0,1.0,3.0,1.0,1.0,1.0,2.0508264410134194
4.0,1.0,3.0,1.0,2.0,3.0,2.680022930327672
4.0,1.0,3.0,1.0,3.0,3.0,2.7995677861579304
4.0,1.0,3.0,1.0,4.0,3.0,2.9193780355001486
4.0,1.0,3.0,2.0,1.0,3.0,2.673761890979798
4.0,1.0,3.0,2.0,2.0,2.0,2.5388650251174845
4.0,1.0,3.0,2.0,2.0,3.0,2.7936307959039945
4.0,1.0,3.0,2.0,3.0,3.0,2.9139409541086567
4.0,1.0,3.0,3.0,1.0,2.0,2.5329985722718797
4.0,1.0,3.0,3.0,1.0,3.0,2.7881124894389075
4.0,1.0,3.0,3.0,1.0,4.0,3.0426737042466905
4.0,1.0,3.0,3.0,2.0,2.0,2.6529209993774745
4.0,1.0,3.0,3.0,2.0,3.0,2.9076565252192936
4.0,1.0,3.0,3.0,3.0,1.0,2.51767612685751
4.0,1.0,3.0,3.0,3.0,3.0,3.027450241767621
4.0,1.0,3.0,3.0,3.0,4.0,3.2822973077573026
4.0,1.0,3.0,3.0,4.0,4.0,3.4021074209214226
4.0,1.0,3.0,3.0,5.0,5.0,3.776747984779151
4.0,1.0,3.0,4.0,1.0,2.0,2.6471011323498805
4.0,1.0,3.0,4.0,1.0,3.0,2.9011823091268867
4.0,1.0,3.0,4.0,1.0,4.0,3.156144659693418
4.0,1.0,3.0,4.0,2.0,3.0,3.0214676081626437
4.0,1.0,3.0,4.0,2.0,4.0,3.2763012477583358
4.0,1.0,3.0,4.0,3.0,3.0,3.141475549261008
4.0,1.0,3.0,4.0,3.0,4.0,3.3962741973388826
4.0,1.0,3.0,4.0,4.0,3.0,3.261290171879313
4.0,1.0,3.0,4.0,4.0,4.0,3.515374978781665
4.0,1.0,3.0,4.0,4.0,5.0,3.7704862545827194
4.0,1.0,3.0,4.0,5.0,2.0,3.1263286742275533
4.0,1.0,3.0,5.0,1.0,2.0,2.761182355926743
4.0,1.0,3.0,5.0,1.0,3.0,3.0157466402771225
4.0,1.0,3.0,5.0,1.0,5.0,3.524605116743745
4.0,1.0,3.0,5.0,3.0,3.0,3.255096767160714
4.0,1.0,3.0,5.0,3.0,4.0,3.5099254683532473
4.0,1.0,3.0,5.0,3.0,5.0,3.7642894606835955
4.0,1.0,3.0,5.0,4.0,3.0,3.3751760387182927
4.0,1.0,3.0,5.0,4.0,4.0,3.6297361610288736
4.0,1.0,3.0,5.0,5.0,4.0,3.7492822553614635
4.0,1.0,4.0,1.0,1.0,1.0,2.301303907338905
4.0,1.0,4.0,3.0,3.0,4.0,3.533051065734109
4.0,1.0,4.0,4.0,1.0,1.0,2.6427599628354432
4.0,1.0,4.0,4.0,1.0,2.0,2.8978540111544246
4.0,1.0,4.0,4.0,1.0,3.0,3.151884525000663
4.0,1.0,4.0,4.0,1.0,4.0,3.4055898103061875
4.0,1.0,4.0,4.0,2.0,4.0,3.5265219970064665
4.0,1.0,4.0,4.0,3.0,3.0,3.391933812407248
4.0,1.0,4.0,4.0,3.0,4.0,3.6466964168534415
4.0,1.0,4.0,4.0,4.0,3.0,3.51198020775771
4.0,1.0,4.0,4.0,4.0,4.0,3.7664576603488915
4.0,1.0,4.0,5.0,1.0,3.0,3.2662332506574208
4.0,1.0,4.0,5.0,1.0,4.0,3.520800358051703
4.0,1.0,4.0,5.0,4.0,4.0,3.88049544667342
4.0,1.0,4.0,5.0,5.0,5.0,4.2544692492224385
4.0,1.0,5.0,1.0,1.0,1.0,2.552071496852787
4.0,1.0,5.0,2.0,3.0,3.0,3.414894014820298
4.0,1.0,5.0,4.0,3.0,2.0,3.3879563919573106
4.0,1.0,5.0,4.0,3.0,4.0,3.8973638813878297
4.0,1.0,5.0,4.0,5.0,5.0,4.3918057511013195
4.0,1.0,5.0,5.0,4.0,4.0,4.130983739152021
4.0,1.0,5.0,5.0,4.0,5.0,4.38474983172521
4.0,2.0,1.0,1.0,1.0,1.0,1.5889925978182857
4.0,2.0,1.0,1.0,2.0,1.0,1.708279530430348
4.0,2.0,1.0,1.0,2.0,3.0,2.217764954417199
4.0,2.0,1.0,1.0,3.0,1.0,1.8284382177002994
4.0,2.0,1.0,2.0,2.0,1.0,1.8227114771357575
4.0,2.0,1.0,2.0,3.0,2.0,2.197041053923254
4.0,2.0,1.0,2.0,3.0,3.0,2.451867750523173
4.0,2.0,1.0,3.0,1.0,1.0,1.8162366680300988
4.0,2.0,1.0,3.0,1.0,3.0,2.325797745467609
4.0,2.0,1.0,3.0,2.0,1.0,1.9367641371807365
4.0,2.0,1.0,3.0,2.0,2.0,2.190727161512592
4.0,2.0,1.0,3.0,2.0,3.0,2.4458743059902797
4.0,2.0,1.0,3.0,2.0,4.0,2.7004369992607913
4.0,2.0,1.0,3.0,3.0,2.0,2.31085693948491
4.0,2.0,1.0,3.0,3.0,3.0,2.565150011130897
4.0,2.0,1.0,3.0,4.0,1.0,2.1758424548886124
4.0,2.0,1.0,3.0,4.0,2.0,2.4306619231138433
4.0,2.0,1.0,3.0,4.0,4.0,2.9395240245448755
4.0,2.0,1.0,4.0,1.0,1.0,1.9297265421115015
4.0,2.0,1.0,4.0,1.0,3.0,2.439879750969891
4.0,2.0,1.0,4.0,2.0,1.0,2.050030684635292
4.0,2.0,1.0,4.0,2.0,2.0,2.305122913442861
4.0,2.0,1.0,4.0,3.0,1.0,2.170060982037895
4.0,2.0,1.0,4.0,3.0,3.0,2.6795004918137426
4.0,2.0,1.0,4.0,3.0,4.0,2.9332807720158525
4.0,2.0,1.0,4.0,4.0,2.0,2.5444798906656225
4.0,2.0,1.0,4.0,4.0,3.0,2.799579722313383
4.0,2.0,1.0,4.0,4.0,4.0,3.0538722412474955
4.0,2.0,1.0,5.0,1.0,3.0,2.5534292268079555
4.0,2.0,1.0,5.0,1.0,4.0,2.8082583429983874
4.0,2.0,1.0,5.0,3.0,1.0,2.283655943781598
4.0,2.0,1.0,5.0,3.0,2.0,2.5384955204157733
4.0,2.0,1.0,5.0,3.0,4.0,3.0478787161169207
4.0,2.0,1.0,5.0,4.0,1.0,2.4037307066220857
4.0,2.0,1.0,5.0,4.0,4.0,3.1670690947947957
4.0,2.0,1.0,5.0,5.0,1.0,2.5238077120185536
4.0,2.0,1.0,5.0,5.0,5.0,3.5417875290984666
4.0,2.0,2.0,1.0,2.0,1.0,1.9591153115540936
4.0,2.0,2.0,1.0,2.0,2.0,2.213844931753885
4.0,2.0,2.0,1.0,2.0,3.0,2.468604427341977
4.0,2.0,2.0,1.0,2.0,4.0,2.722757621578956
4.0,2.0,2.0,1.0,3.0,2.0,2.333713775909434
4.0,2.0,2.0,1.0,3.0,4.0,2.8430905782259925
4.0,2.0,2.0,1.0,5.0,1.0,2.318496865253217
4.0,2.0,2.0,2.0,1.0,1.0,1.9530895604834764
4.0,2.0,2.0,2.0,1.0,2.0,2.207852633702323
4.0,2.0,2.0,2.0,2.0,2.0,2.3276328188772752
4.0,2.0,2.0,2.0,2.0,3.0,2.582282268262614
4.0,2.0,2.0,2.0,3.0,2.0,2.4473164618417265
4.0,2.0,2.0,2.0,3.0,3.0,2.7023577204042084
4.0,2.0,2.0,3.0,1.0,1.0,2.067158187060981
4.0,2.0,2.0,3.0,1.0,2.0,2.321454300504511
4.0,2.0,2.0,3.0,1.0,3.0,2.576286728258607
4.0,2.0,2.0,3.0,2.0,1.0,2.186970855572114
4.0,2.0,2.0,3.0,2.0,2.0,2.440560524145365
4.0,2.0,2.0,3.0,2.0,3.0,2.6963635181410774
4.0,2.0,2.0,3.0,3.0,1.0,2.306883255449504
4.0,2.0,2.0,3.0,3.0,2.0,2.5618104088407048
4.0,2.0,2.0,3.0,3.0,3.0,2.8154507225642647
4.0,2.0,2.0,3.0,3.0,4.0,3.07073774288264
4.0,2.0,2.0,3.0,4.0,2.0,2.681407605628967
4.0,2.0,2.0,3.0,4.0,3.0,2.935753696750464
4.0,2.0,2.0,3.0,4.0,4.0,3.190546329389176
4.0,2.0,2.0,4.0,1.0,2.0,2.4355393290417005
4.0,2.0,2.0,4.0,1.0,3.0,2.6899174748578045
4.0,2.0,2.0,4.0,1.0,4.0,2.9449307236582634
4.0,2.0,2.0,4.0,2.0,2.0,2.5553489376028526
4.0,2.0,2.0,4.0,2.0,3.0,2.8097975762203413
4.0,2.0,2.0,4.0,3.0,2.0,2.6752461172955693
4.0,2.0,2.0,4.0,3.0,3.0,2.9285408258095766
4.0,2.0,2.0,4.0,3.0,4.0,3.183920411703064
4.0,2.0,2.0,4.0,4.0,2.0,2.794604549262395
4.0,2.0,2.0,4.0,4.0,3.0,3.050024848057209
4.0,2.0,2.0,4.0,4.0,4.0,3.304201117382971
4.0,2.0,2.0,4.0,5.0,4.0,3.42432654623611
4.0,2.0,2.0,5.0,1.0,3.0,2.8039162409832743
4.0,2.0,2.0,5.0,2.0,1.0,2.4143345455402656
4.0,2.0,2.0,5.0,2.0,2.0,2.669163824553638
4.0,2.0,2.0,5.0,2.0,3.0,2.9237249510325825
4.0,2.0,2.0,5.0,4.0,1.0,2.654229502796909
4.0,2.0,2.0,5.0,4.0,4.0,3.417954594434156
4.0,2.0,2.0,5.0,4.0,5.0,3.6732766519453297
4.0,2.0,2.0,5.0,5.0,4.0,3.537988571237026
4.0,2.0,3.0,1.0,1.0,3.0,2.5996784377969697
4.0,2.0,3.0,1.0,3.0,1.0,2.329013419965422
4.0,2.0,3.0,1.0,3.0,2.0,2.5842006672277185
4.0,2.0,3.0,1.0,4.0,2.0,2.7040106462270863
4.0,2.0,3.0,2.0,1.0,1.0,2.203242058070763
4.0,2.0,3.0,2.0,1.0,3.0,2.7132266830193257
4.0,2.0,3.0,2.0,2.0,2.0,2.578164249757857
4.0,2.0,3.0,2.0,2.0,3.0,2.832769609908222
4.0,2.0,3.0,2.0,3.0,2.0,2.6981780249218144
4.0,2.0,3.0,2.0,3.0,3.0,2.9528465511914983
4.0,2.0,3.0,2.0,3.0,4.0,3.207406380875577
4.0,2.0,3.0,2.0,4.0,1.0,2.5632786539960604
4.0,2.0,3.0,2.0,4.0,2.0,2.817874550015735
4.0,2.0,3.0,2.0,4.0,3.0,3.0726180164274832
4.0,2.0,3.0,2.0,4.0,4.0,3.3272204843277287
4.0,2.0,3.0,2.0,5.0,3.0,3.19241636962505
4.0,2.0,3.0,3.0,1.0,3.0,2.826648974225981
4.0,2.0,3.0,3.0,2.0,1.0,2.4377262889933133
4.0,2.0,3.0,3.0,2.0,2.0,2.692104786160289
4.0,2.0,3.0,3.0,2.0,3.0,2.946431703905442
4.0,2.0,3.0,3.0,3.0,1.0,2.557267118252011
4.0,2.0,3.0,3.0,3.0,2.0,2.8118345732400996
4.0,2.0,3.0,3.0,3.0,3.0,3.067158067584144
4.0,2.0,3.0,3.0,3.0,4.0,3.321226844177076
4.0,2.0,3.0,3.0,4.0,3.0,3.186074907124712
4.0,2.0,3.0,3.0,4.0,4.0,3.4408633039602674
4.0,2.0,3.0,3.0,5.0,3.0,3.306200230315184
4.0,2.0,3.0,3.0,5.0,4.0,3.5608136098591676
4.0,2.0,3.0,3.0,5.0,5.0,3.8154104521440524
4.0,2.0,3.0,4.0,1.0,3.0,2.940668510689191
4.0,2.0,3.0,4.0,1.0,4.0,3.195419957361014
4.0,2.0,3.0,4.0,2.0,1.0,2.551276536818928
4.0,2.0,3.0,4.0,2.0,2.0,2.8058893128604994
4.0,2.0,3.0,4.0,2.0,3.0,3.060788250378599
4.0,2.0,3.0,4.0,2.0,4.0,3.3148175503681423
4.0,2.0,3.0,4.0,2.0,5.0,3.569788592528412
4.0,2.0,3.0,4.0,3.0,1.0,2.6713520455088946
4.0,2.0,3.0,4.0,3.0,2.0,2.92570839108106
4.0,2.0,3.0,4.0,3.0,3.0,3.180049016133258
4.0,2.0,3.0,4.0,3.0,4.0,3.434612813589456
4.0,2.0,3.0,4.0,4.0,2.0,3.0457263415699165
4.0,2.0,3.0,4.0,4.0,3.0,3.30010091356546
4.0,2.0,3.0,4.0,4.0,4.0,3.555001030767012
4.0,2.0,3.0,4.0,4.0,5.0,3.8096160575176237
4.0,2.0,3.0,4.0,5.0,3.0,3.4197735005189376
4.0,2.0,3.0,4.0,5.0,4.0,3.6749271411572035
4.0,2.0,3.0,4.0,5.0,5.0,3.9294923308231477
4.0,2.0,3.0,5.0,1.0,2.0,2.8003790683862713
4.0,2.0,3.0,5.0,1.0,3.0,3.054674664816698
4.0,2.0,3.0,5.0,1.0,4.0,3.3088874601895424
4.0,2.0,3.0,5.0,1.0,5.0,3.5633851638384986
4.0,2.0,3.0,5.0,2.0,2.0,2.9194070929809044
4.0,2.0,3.0,5.0,2.0,3.0,3.1744375259288216
4.0,2.0,3.0,5.0,2.0,4.0,3.428667310370703
4.0,2.0,3.0,5.0,3.0,3.0,3.2941373756922885
4.0,2.0,3.0,5.0,3.0,4.0,3.549122704538921
4.0,2.0,3.0,5.0,4.0,4.0,3.6684873650075827
4.0,2.0,3.0,5.0,4.0,5.0,3.9232513885874574
4.0,2.0,3.0,5.0,5.0,3.0,3.533912547031129
4.0,2.0,3.0,5.0,5.0,4.0,3.7882681481166776
4.0,2.0,3.0,5.0,5.0,5.0,4.042197490055994
4.0,2.0,4.0,2.0,4.0,1.0,2.813753019757044
4.0,2.0,4.0,2.0,4.0,3.0,3.323144574518581
4.0,2.0,4.0,3.0,1.0,1.0,2.5678748469371793
4.0,2.0,4.0,3.0,2.0,3.0,3.197073470713595
4.0,2.0,4.0,3.0,3.0,2.0,3.0625872875819087
4.0,2.0,4.0,3.0,3.0,3.0,3.316982304515109
4.0,2.0,4.0,3.0,3.0,4.0,3.571714105544693
4.0,2.0,4.0,3.0,3.0,5.0,3.8260128470498462
4.0,2.0,4.0,3.0,4.0,3.0,3.4368458803441495
4.0,2.0,4.0,3.0,4.0,4.0,3.6916061663396853
4.0,2.0,4.0,3.0,5.0,5.0,4.065880696267666
4.0,2.0,4.0,4.0,1.0,3.0,3.191344997189546
4.0,2.0,4.0,4.0,1.0,4.0,3.44579063427795
4.0,2.0,4.0,4.0,2.0,2.0,3.0565796172657063
4.0,2.0,4.0,4.0,2.0,3.0,3.310992067038141
4.0,2.0,4.0,4.0,2.0,4.0,3.5652697150749533
4.0,2.0,4.0,4.0,3.0,2.0,3.1764044138803333
4.0,2.0,4.0,4.0,3.0,3.0,3.43130640451003
4.0,2.0,4.0,4.0,3.0,4.0,3.6856657214849675
4.0,2.0,4.0,4.0,4.0,2.0,3.29648036577644
4.0,2.0,4.0,4.0,4.0,3.0,3.550043167601782
4.0,2.0,4.0,4.0,4.0,4.0,3.8055239401364003
4.0,2.0,4.0,4.0,4.0,5.0,4.060138054267688
4.0,2.0,4.0,4.0,5.0,4.0,3.9254380499011154
4.0,2.0,4.0,4.0,5.0,5.0,4.17957043552816
4.0,2.0,4.0,5.0,2.0,5.0,3.934363154333739
4.0,2.0,4.0,5.0,3.0,5.0,4.054164434368169
4.0,2.0,4.0,5.0,4.0,3.0,3.664592152548144
4.0,2.0,4.0,5.0,4.0,4.0,3.9192212638410098
4.0,2.0,4.0,5.0,4.0,5.0,4.173986664657825
4.0,2.0,4.0,5.0,5.0,4.0,4.038958099447345
4.0,2.0,4.0,5.0,5.0,5.0,4.294013682910656
4.0,2.0,5.0,3.0,5.0,4.0,4.061824439141967
4.0,2.0,5.0,4.0,3.0,3.0,3.6818107309925927
4.0,2.0,5.0,4.0,3.0,4.0,3.936036077942196
4.0,2.0,5.0,4.0,4.0,3.0,3.801532776618884
4.0,2.0,5.0,4.0,4.0,4.0,4.056301870180973
4.0,2.0,5.0,4.0,4.0,5.0,4.3104941025042836
4.0,2.0,5.0,5.0,1.0,4.0,3.8099446544293136
4.0,2.0,5.0,5.0,2.0,5.0,4.184854770930996
4.0,2.0,5.0,5.0,3.0,4.0,4.050105380467788
4.0,2.0,5.0,5.0,4.0,3.0,3.9151042872089734
4.0,2.0,5.0,5.0,4.0,4.0,4.169685687496577
4.0,2.0,5.0,5.0,5.0,4.0,4.289836345956458
4.0,2.0,5.0,5.0,5.0,5.0,4.544529920352678
4.0,3.0,1.0,1.0,1.0,1.0,1.6254302265947365
4.0,3.0,1.0,1.0,1.0,2.0,1.8827906600654363
4.0,3.0,1.0,1.0,1.0,3.0,2.1365854005436185
4.0,3.0,1.0,1.0,2.0,1.0,1.7461823637229639
4.0,3.0,1.0,1.0,2.0,2.0,2.0024041186922075
4.0,3.0,1.0,1.0,2.0,5.0,2.764896289336632
4.0,3.0,1.0,1.0,3.0,1.0,1.865120539220606
4.0,3.0,1.0,1.0,3.0,2.0,2.121089563785828
4.0,3.0,1.0,1.0,3.0,3.0,2.3759725956037516
4.0,3.0,1.0,1.0,4.0,1.0,1.9873995477775876
4.0,3.0,1.0,1.0,4.0,2.0,2.241962595674752
4.0,3.0,1.0,2.0,1.0,1.0,1.7411898557790464
4.0,3.0,1.0,2.0,1.0,2.0,1.9960838361932103
4.0,3.0,1.0,2.0,1.0,3.0,2.250838130704178
4.0,3.0,1.0,2.0,2.0,1.0,1.8606403491820078
4.0,3.0,1.0,2.0,2.0,2.0,2.1154641665908063
4.0,3.0,1.0,2.0,3.0,1.0,1.9814140748742652
4.0,3.0,1.0,2.0,3.0,2.0,2.2360457383536967
4.0,3.0,1.0,2.0,3.0,3.0,2.490671377004434
4.0,3.0,1.0,2.0,4.0,1.0,2.1012159339273224
4.0,3.0,1.0,2.0,4.0,2.0,2.355776566718507
4.0,3.0,1.0,2.0,4.0,3.0,2.610341492986332
4.0,3.0,1.0,2.0,5.0,4.0,2.9849721333412473
4.0,3.0,1.0,3.0,1.0,1.0,1.8544609475627314
4.0,3.0,1.0,3.0,1.0,2.0,2.1103980719393594
4.0,3.0,1.0,3.0,2.0,1.0,1.9751817117810853
4.0,3.0,1.0,3.0,2.0,2.0,2.230180295534347
4.0,3.0,1.0,3.0,2.0,4.0,2.7386322184918797
4.0,3.0,1.0,3.0,3.0,1.0,2.094903757575891
4.0,3.0,1.0,3.0,3.0,2.0,2.3502890829054226
4.0,3.0,1.0,3.0,3.0,3.0,2.6038080167983555
4.0,3.0,1.0,3.0,4.0,2.0,2.469595111748718
4.0,3.0,1.0,3.0,4.0,3.0,2.7243025956712414
4.0,3.0,1.0,3.0,5.0,2.0,2.589389557548282
4.0,3.0,1.0,3.0,5.0,4.0,3.098798302902958
4.0,3.0,1.0,4.0,1.0,1.0,1.96890549869831
4.0,3.0,1.0,4.0,1.0,2.0,2.223919457151735
4.0,3.0,1.0,4.0,1.0,3.0,2.4788074448011743
4.0,3.0,1.0,4.0,1.0,4.0,2.732183281181985
4.0,3.0,1.0,4.0,2.0,2.0,2.343963734987005
4.0,3.0,1.0,4.0,2.0,3.0,2.598459597306341
4.0,3.0,1.0,4.0,3.0,1.0,2.208336012151659
4.0,3.0,1.0,4.0,3.0,2.0,2.4632088052404977
4.0,3.0,1.0,4.0,3.0,3.0,2.717664075494278
4.0,3.0,1.0,4.0,3.0,4.0,2.9724587215184095
4.0,3.0,1.0,4.0,4.0,1.0,2.329284240432344
4.0,3.0,1.0,4.0,4.0,2.0,2.5834080518606757
4.0,3.0,1.0,4.0,4.0,3.0,2.8375254794487796
4.0,3.0,1.0,4.0,4.0,4.0,3.0929947494045846
4.0,3.0,1.0,4.0,5.0,3.0,2.957786708704938
4.0,3.0,1.0,5.0,1.0,2.0,2.337525048829708
4.0,3.0,1.0,5.0,1.0,4.0,2.8469184033754864
4.0,3.0,1.0,5.0,2.0,4.0,2.9675292540860236
4.0,3.0,1.0,5.0,3.0,3.0,2.832284811578723
4.0,3.0,1.0,5.0,4.0,3.0,2.9523248717985635
4.0,3.0,1.0,5.0,4.0,4.0,3.2063509783892234
4.0,3.0,1.0,5.0,5.0,4.0,3.3264245858710244
4.0,3.0,1.0,5.0,5.0,5.0,3.5806361205360706
4.0,3.0,2.0,1.0,1.0,1.0,1.877754770503835
4.0,3.0,2.0,1.0,1.0,2.0,2.1326487071053104
4.0,3.0,2.0,1.0,1.0,3.0,2.387579715209213
4.0,3.0,2.0,1.0,2.0,1.0,1.9972069753039914
4.0,3.0,2.0,1.0,2.0,2.0,2.2524922748787817
4.0,3.0,2.0,1.0,2.0,3.0,2.507791701264551
4.0,3.0,2.0,1.0,3.0,1.0,2.118074880096425
4.0,3.0,2.0,1.0,3.0,2.0,2.3726085198625353
4.0,3.0,2.0,1.0,3.0,3.0,2.6265362136963764
4.0,3.0,2.0,1.0,4.0,2.0,2.492188170004735
4.0,3.0,2.0,1.0,4.0,3.0,2.7470126740435847
4.0,3.0,2.0,1.0,4.0,4.0,3.001845635301878
4.0,3.0,2.0,2.0,1.0,1.0,1.9922837918991854
4.0,3.0,2.0,2.0,1.0,2.0,2.245974981211301
4.0,3.0,2.0,2.0,1.0,3.0,2.5015318175274244
4.0,3.0,2.0,2.0,2.0,1.0,2.1127607200512584
4.0,3.0,2.0,2.0,2.0,2.0,2.3667357167177143
4.0,3.0,2.0,2.0,2.0,3.0,2.6206494723922265
4.0,3.0,2.0,2.0,3.0,1.0,2.2318321447976484
4.0,3.0,2.0,2.0,3.0,2.0,2.4854425402064835
4.0,3.0,2.0,2.0,3.0,3.0,2.740369831887521
4.0,3.0,2.0,2.0,4.0,3.0,2.860866965300611
4.0,3.0,2.0,2.0,4.0,4.0,3.115630161745065
4.0,3.0,2.0,2.0,5.0,3.0,2.980905663577654
4.0,3.0,2.0,2.0,5.0,4.0,3.2354702098322274
4.0,3.0,2.0,3.0,1.0,1.0,2.1057935002147214
4.0,3.0,2.0,3.0,1.0,2.0,2.360075072627782
4.0,3.0,2.0,3.0,1.0,3.0,2.6151333040243707
4.0,3.0,2.0,3.0,2.0,1.0,2.225899707187077
4.0,3.0,2.0,3.0,2.0,2.0,2.479618938778492
4.0,3.0,2.0,3.0,2.0,3.0,2.7358542326116635
4.0,3.0,2.0,3.0,3.0,1.0,2.345698012315122
4.0,3.0,2.0,3.0,3.0,2.0,2.599578276639632
4.0,3.0,2.0,3.0,3.0,3.0,2.853097424776257
4.0,3.0,2.0,3.0,4.0,1.0,2.4652466398176296
4.0,3.0,2.0,3.0,4.0,2.0,2.718962431961831
4.0,3.0,2.0,3.0,4.0,3.0,2.9744461688736803
4.0,3.0,2.0,3.0,4.0,4.0,3.229762751677026
4.0,3.0,2.0,3.0,5.0,3.0,3.0947241038330877
4.0,3.0,2.0,4.0,1.0,1.0,2.2197866627864387
4.0,3.0,2.0,4.0,1.0,2.0,2.4739756710976226
4.0,3.0,2.0,4.0,1.0,3.0,2.727866254201344
4.0,3.0,2.0,4.0,1.0,4.0,2.983600342653715
4.0,3.0,2.0,4.0,2.0,1.0,2.339891639326334
4.0,3.0,2.0,4.0,2.0,2.0,2.5934357921906837
4.0,3.0,2.0,4.0,2.0,3.0,2.849523437601652
4.0,3.0,2.0,4.0,2.0,4.0,3.103588020485339
4.0,3.0,2.0,4.0,3.0,1.0,2.459300132682389
4.0,3.0,2.0,4.0,3.0,2.0,2.7128696096551104
4.0,3.0,2.0,4.0,3.0,3.0,2.9675131776837627
4.0,3.0,2.0,4.0,3.0,4.0,3.2237436394392667
4.0,3.0,2.0,4.0,4.0,2.0,2.833542464122928
4.0,3.0,2.0,4.0,4.0,3.0,3.089021582350973
4.0,3.0,2.0,4.0,4.0,4.0,3.343332912613447
4.0,3.0,2.0,4.0,4.0,5.0,3.5981799099976555
4.0,3.0,2.0,4.0,5.0,3.0,3.208270233047687
4.0,3.0,2.0,4.0,5.0,4.0,3.462586526469399
4.0,3.0,2.0,4.0,5.0,5.0,3.7176618514404693
4.0,3.0,2.0,5.0,1.0,2.0,2.5885482685828523
4.0,3.0,2.0,5.0,1.0,3.0,2.8428884590465424
4.0,3.0,2.0,5.0,1.0,4.0,3.097117009067677
4.0,3.0,2.0,5.0,2.0,3.0,2.9629247504894773
4.0,3.0,2.0,5.0,3.0,3.0,3.0826911383907856
4.0,3.0,2.0,5.0,3.0,4.0,3.3372063374623533
4.0,3.0,2.0,5.0,3.0,5.0,3.5916476189962068
4.0,3.0,2.0,5.0,4.0,2.0,2.94718981696056
4.0,3.0,2.0,5.0,4.0,3.0,3.202812048763044
4.0,3.0,2.0,5.0,4.0,4.0,3.4566194795507115
4.0,3.0,2.0,5.0,4.0,5.0,3.7114745037357864
4.0,3.0,2.0,5.0,5.0,2.0,3.067531425050229
4.0,3.0,2.0,5.0,5.0,3.0,3.322269790775601
4.0,3.0,2.0,5.0,5.0,4.0,3.576918610705505
4.0,3.0,2.0,5.0,5.0,5.0,3.8316088514488396
4.0,3.0,3.0,1.0,1.0,1.0,2.12767579972067
4.0,3.0,3.0,1.0,1.0,2.0,2.3832398842571894
4.0,3.0,3.0,1.0,1.0,3.0,2.638338259800468
4.0,3.0,3.0,1.0,2.0,1.0,2.247360437098249
4.0,3.0,3.0,1.0,2.0,2.0,2.503716168347745
4.0,3.0,3.0,1.0,2.0,3.0,2.7579479854776996
4.0,3.0,3.0,1.0,3.0,1.0,2.368200966051666
4.0,3.0,3.0,1.0,3.0,2.0,2.622632417636586
4.0,3.0,3.0,1.0,3.0,3.0,2.8777911747734892
4.0,3.0,3.0,1.0,4.0,1.0,2.488511521037509
4.0,3.0,3.0,1.0,4.0,2.0,2.7430748963054397
4.0,3.0,3.0,1.0,4.0,3.0,2.997503174965694
4.0,3.0,3.0,1.0,4.0,4.0,3.2522660403537818
4.0,3.0,3.0,2.0,1.0,1.0,2.242098923150853
4.0,3.0,3.0,2.0,1.0,2.0,2.49719666511737
4.0,3.0,3.0,2.0,1.0,3.0,2.7521523133036476
4.0,3.0,3.0,2.0,2.0,1.0,2.362185961122931
4.0,3.0,3.0,2.0,2.0,2.0,2.6160020221401727
4.0,3.0,3.0,2.0,2.0,3.0,2.871637018738606
4.0,3.0,3.0,2.0,3.0,1.0,2.4823999419887177
4.0,3.0,3.0,2.0,3.0,2.0,2.73648228249303
4.0,3.0,3.0,2.0,3.0,3.0,2.9902473720360154
4.0,3.0,3.0,2.0,3.0,5.0,3.500711229172321
4.0,3.0,3.0,2.0,4.0,2.0,2.8569456760605347
4.0,3.0,3.0,2.0,4.0,3.0,3.11010497895554
4.0,3.0,3.0,2.0,4.0,4.0,3.3656615420535982
4.0,3.0,3.0,2.0,4.0,5.0,3.6209745333330954
4.0,3.0,3.0,2.0,5.0,3.0,3.2313343644844976
4.0,3.0,3.0,2.0,5.0,4.0,3.4860961872239766
4.0,3.0,3.0,3.0,1.0,1.0,2.3561203159957174
4.0,3.0,3.0,3.0,1.0,2.0,2.6109615132919273
4.0,3.0,3.0,3.0,1.0,3.0,2.8648016848664133
4.0,3.0,3.0,3.0,1.0,5.0,3.375373722827219
4.0,3.0,3.0,3.0,2.0,1.0,2.476653423359826
4.0,3.0,3.0,3.0,2.0,2.0,2.729484980874627
4.0,3.0,3.0,3.0,2.0,3.0,2.9858520291504234
4.0,3.0,3.0,3.0,2.0,4.0,3.2404849218225977
4.0,3.0,3.0,3.0,3.0,1.0,2.5951907960049265
4.0,3.0,3.0,3.0,3.0,2.0,2.8500773299175166
4.0,3.0,3.0,3.0,3.0,3.0,3.108030166435195
4.0,3.0,3.0,3.0,3.0,4.0,3.361494286138213
4.0,3.0,3.0,3.0,4.0,2.0,2.9706173594504026
4.0,3.0,3.0,3.0,4.0,3.0,3.2259683936491053
4.0,3.0,3.0,3.0,4.0,4.0,3.481566968455913
4.0,3.0,3.0,3.0,4.0,5.0,3.7347329067540467
4.0,3.0,3.0,3.0,5.0,3.0,3.3451092667547413
4.0,3.0,3.0,3.0,5.0,4.0,3.6000409563749263
4.0,3.0,3.0,3.0,5.0,5.0,3.8543781012478413
4.0,3.0,3.0,4.0,1.0,1.0,2.470267228945759
4.0,3.0,3.0,4.0,1.0,2.0,2.7251282490709063
4.0,3.0,3.0,4.0,1.0,3.0,2.9785250218864956
4.0,3.0,3.0,4.0,1.0,4.0,3.2327406209593943
4.0,3.0,3.0,4.0,2.0,1.0,2.5904695612535185
4.0,3.0,3.0,4.0,2.0,2.0,2.8447468545658467
4.0,3.0,3.0,4.0,2.0,3.0,3.099283638995691
4.0,3.0,3.0,4.0,2.0,4.0,3.3539649041410824
4.0,3.0,3.0,4.0,3.0,1.0,2.7096356490788653
4.0,3.0,3.0,4.0,3.0,2.0,2.9644114007697375
4.0,3.0,3.0,4.0,3.0,3.0,3.223201650209313
4.0,3.0,3.0,4.0,3.0,4.0,3.4792386143260985
4.0,3.0,3.0,4.0,3.0,5.0,3.729128477452004
4.0,3.0,3.0,4.0,4.0,1.0,2.8300952013160567
4.0,3.0,3.0,4.0,4.0,2.0,3.0845176671443975
4.0,3.0,3.0,4.0,4.0,3.0,3.342286042570706
4.0,3.0,3.0,4.0,4.0,4.0,3.6079277847897773
4.0,3.0,3.0,4.0,4.0,5.0,3.8492519371863185
4.0,3.0,3.0,4.0,5.0,3.0,3.4583571861871425
4.0,3.0,3.0,4.0,5.0,4.0,3.7149576118033014
4.0,3.0,3.0,4.0,5.0,5.0,3.968261601663085
4.0,3.0,3.0,5.0,1.0,1.0,2.5842079364614343
4.0,3.0,3.0,5.0,1.0,2.0,2.8389015585758095
4.0,3.0,3.0,5.0,1.0,3.0,3.0935768331625266
4.0,3.0,3.0,5.0,1.0,4.0,3.3484328226061453
4.0,3.0,3.0,5.0,1.0,5.0,3.602393523626565
4.0,3.0,3.0,5.0,2.0,2.0,2.9588483744185377
4.0,3.0,3.0,5.0,2.0,3.0,3.2132425104968307
4.0,3.0,3.0,5.0,2.0,4.0,3.4677347589008733
4.0,3.0,3.0,5.0,2.0,5.0,3.7222933156092513
4.0,3.0,3.0,5.0,3.0,1.0,2.824091250535704
4.0,3.0,3.0,5.0,3.0,3.0,3.3332195681906365
4.0,3.0,3.0,5.0,3.0,4.0,3.590130635102772
4.0,3.0,3.0,5.0,3.0,5.0,3.8427712494705553
4.0,3.0,3.0,5.0,4.0,1.0,2.9431501825158812
4.0,3.0,3.0,5.0,4.0,2.0,3.198469799231129
4.0,3.0,3.0,5.0,4.0,3.0,3.452620806939792
4.0,3.0,3.0,5.0,4.0,4.0,3.7089237318480355
4.0,3.0,3.0,5.0,4.0,5.0,3.9637158386827727
4.0,3.0,3.0,5.0,5.0,3.0,3.572797597608605
4.0,3.0,3.0,5.0,5.0,4.0,3.8277782766559203
4.0,3.0,3.0,5.0,5.0,5.0,4.081536747895563
4.0,3.0,4.0,1.0,1.0,1.0,2.3791665934235273
4.0,3.0,4.0,1.0,2.0,1.0,2.4992400442180145
4.0,3.0,4.0,1.0,3.0,2.0,2.873616923301162
4.0,3.0,4.0,1.0,3.0,3.0,3.128445114996306
4.0,3.0,4.0,1.0,4.0,4.0,3.503357819108553
4.0,3.0,4.0,1.0,5.0,2.0,3.1132439363386877
4.0,3.0,4.0,2.0,1.0,2.0,2.7480807376014007
4.0,3.0,4.0,2.0,2.0,2.0,2.867624904850628
4.0,3.0,4.0,2.0,2.0,3.0,3.122122148742419
4.0,3.0,4.0,2.0,2.0,4.0,3.377283039729208
4.0,3.0,4.0,2.0,3.0,2.0,2.9863896288003984
4.0,3.0,4.0,2.0,3.0,3.0,3.2420707809092217
4.0,3.0,4.0,2.0,3.0,4.0,3.4966944363388333
4.0,3.0,4.0,2.0,4.0,2.0,3.1072442220354155
4.0,3.0,4.0,2.0,4.0,3.0,3.3618817191864414
4.0,3.0,4.0,2.0,4.0,4.0,3.6164732773944652
4.0,3.0,4.0,2.0,4.0,5.0,3.871465115995677
4.0,3.0,4.0,2.0,5.0,4.0,3.736714923420084
4.0,3.0,4.0,3.0,1.0,1.0,2.606799142781443
4.0,3.0,4.0,3.0,1.0,2.0,2.8618961731399253
4.0,3.0,4.0,3.0,1.0,3.0,3.116162803463658
4.0,3.0,4.0,3.0,2.0,2.0,2.981184381435645
4.0,3.0,4.0,3.0,2.0,3.0,3.236031292887209
4.0,3.0,4.0,3.0,2.0,4.0,3.491236247956501
4.0,3.0,4.0,3.0,3.0,1.0,2.846727686377119
4.0,3.0,4.0,3.0,3.0,2.0,3.101087586363834
4.0,3.0,4.0,3.0,3.0,3.0,3.3554611393280496
4.0,3.0,4.0,3.0,3.0,4.0,3.61071679198845
4.0,3.0,4.0,3.0,4.0,2.0,3.2215954178873476
4.0,3.0,4.0,3.0,4.0,3.0,3.475788585166788
4.0,3.0,4.0,3.0,4.0,4.0,3.732581748619979
4.0,3.0,4.0,3.0,4.0,5.0,3.985017821121445
4.0,3.0,4.0,3.0,5.0,3.0,3.595597024836294
4.0,3.0,4.0,3.0,5.0,4.0,3.8506881299157434
4.0,3.0,4.0,4.0,1.0,1.0,2.720687763446
4.0,3.0,4.0,4.0,1.0,2.0,2.9757310893581854
4.0,3.0,4.0,4.0,1.0,3.0,3.2294980028196267
4.0,3.0,4.0,4.0,1.0,4.0,3.484846113933789
4.0,3.0,4.0,4.0,2.0,2.0,3.095419221508561
4.0,3.0,4.0,4.0,2.0,3.0,3.3505614155989614
4.0,3.0,4.0,4.0,2.0,4.0,3.6053695340965417
4.0,3.0,4.0,4.0,2.0,5.0,3.85954111868988
4.0,3.0,4.0,4.0,3.0,1.0,2.9607709552701578
4.0,3.0,4.0,4.0,3.0,2.0,3.215044965471729
4.0,3.0,4.0,4.0,3.0,3.0,3.4706474893192722
4.0,3.0,4.0,4.0,3.0,4.0,3.728750691595021
4.0,3.0,4.0,4.0,3.0,5.0,3.9795602232451586
4.0,3.0,4.0,4.0,4.0,1.0,3.0805792815607607
4.0,3.0,4.0,4.0,4.0,2.0,3.335141311330809
4.0,3.0,4.0,4.0,4.0,3.0,3.5905724508433683
4.0,3.0,4.0,4.0,4.0,4.0,3.859876448359516
4.0,3.0,4.0,4.0,4.0,5.0,4.100590183369859
4.0,3.0,4.0,4.0,5.0,2.0,3.4549552872905145
4.0,3.0,4.0,4.0,5.0,3.0,3.70990215516071
4.0,3.0,4.0,4.0,5.0,4.0,3.9651889814631613
4.0,3.0,4.0,4.0,5.0,5.0,4.218616409419934
4.0,3.0,4.0,5.0,1.0,1.0,2.8344291483726307
4.0,3.0,4.0,5.0,1.0,3.0,3.343823641363913
4.0,3.0,4.0,5.0,1.0,4.0,3.5989728176771103
4.0,3.0,4.0,5.0,1.0,5.0,3.8529484988693525
4.0,3.0,4.0,5.0,2.0,2.0,3.209603562192629
4.0,3.0,4.0,5.0,2.0,3.0,3.4636548193124526
4.0,3.0,4.0,5.0,2.0,4.0,3.7194454512745114
4.0,3.0,4.0,5.0,2.0,5.0,3.973020009825424
4.0,3.0,4.0,5.0,3.0,3.0,3.584062127360217
4.0,3.0,4.0,5.0,3.0,4.0,3.839747767118816
4.0,3.0,4.0,5.0,3.0,5.0,4.09295589421399
4.0,3.0,4.0,5.0,4.0,2.0,3.4488383615713447
4.0,3.0,4.0,5.0,4.0,3.0,3.7043844669814576
4.0,3.0,4.0,5.0,4.0,4.0,3.960647916440334
4.0,3.0,4.0,5.0,4.0,5.0,4.212855224220333
4.0,3.0,4.0,5.0,5.0,3.0,3.8229877112782877
4.0,3.0,4.0,5.0,5.0,4.0,4.079363996397862
4.0,3.0,4.0,5.0,5.0,5.0,4.3323863946804
4.0,3.0,5.0,1.0,2.0,1.0,2.749737138272106
4.0,3.0,5.0,2.0,3.0,3.0,3.4926215461958248
4.0,3.0,5.0,2.0,4.0,2.0,3.3580010527235964
4.0,3.0,5.0,2.0,4.0,5.0,4.1216862466945985
4.0,3.0,5.0,2.0,5.0,5.0,4.2420336875110225
4.0,3.0,5.0,3.0,2.0,3.0,3.4867598831441597
4.0,3.0,5.0,3.0,3.0,3.0,3.6062933910292387
4.0,3.0,5.0,3.0,3.0,4.0,3.8613988450045835
4.0,3.0,5.0,3.0,4.0,3.0,3.72693469769956
4.0,3.0,5.0,3.0,4.0,4.0,3.98123730592891
4.0,3.0,5.0,3.0,4.0,5.0,4.235771048230528
4.0,3.0,5.0,3.0,5.0,3.0,3.845963192510587
4.0,3.0,5.0,3.0,5.0,4.0,4.101017883659266
4.0,3.0,5.0,4.0,2.0,2.0,3.3460149420000573
4.0,3.0,5.0,4.0,2.0,4.0,3.8547943936103075
4.0,3.0,5.0,4.0,3.0,2.0,3.4655750777211933
4.0,3.0,5.0,4.0,3.0,3.0,3.720519523803001
4.0,3.0,5.0,4.0,3.0,4.0,3.9750377425624652
4.0,3.0,5.0,4.0,3.0,5.0,4.229861241264125
4.0,3.0,5.0,4.0,4.0,2.0,3.585740555779106
4.0,3.0,5.0,4.0,4.0,3.0,3.8398488062334057
4.0,3.0,5.0,4.0,4.0,4.0,4.0939000578227756
4.0,3.0,5.0,4.0,4.0,5.0,4.350051940211926
4.0,3.0,5.0,4.0,5.0,3.0,3.960323100067456
4.0,3.0,5.0,4.0,5.0,4.0,4.213270315925196
4.0,3.0,5.0,4.0,5.0,5.0,4.470197660457948
4.0,3.0,5.0,5.0,2.0,4.0,3.9689774012621566
4.0,3.0,5.0,5.0,2.0,5.0,4.224047567426927
4.0,3.0,5.0,5.0,3.0,3.0,3.8343774231232777
4.0,3.0,5.0,5.0,3.0,4.0,4.08917822182124
4.0,3.0,5.0,5.0,3.0,5.0,4.343145555563674
4.0,3.0,5.0,5.0,4.0,3.0,3.9545798521269213
4.0,3.0,5.0,5.0,4.0,4.0,4.208908762098357
4.0,3.0,5.0,5.0,4.0,5.0,4.462182344385448
4.0,3.0,5.0,5.0,5.0,3.0,4.073820848666373
4.0,3.0,5.0,5.0,5.0,4.0,4.32770455137492
4.0,3.0,5.0,5.0,5.0,5.0,4.58074226312583
4.0,4.0,1.0,1.0,1.0,1.0,1.666277261648021
4.0,4.0,1.0,1.0,1.0,3.0,2.175436643946273
4.0,4.0,1.0,1.0,2.0,1.0,1.7847279419011448
4.0,4.0,1.0,1.0,2.0,2.0,2.0409977976608302
4.0,4.0,1.0,1.0,3.0,1.0,1.9056516726021488
4.0,4.0,1.0,1.0,3.0,2.0,2.160194836452853
4.0,4.0,1.0,1.0,3.0,3.0,2.414998626978556
4.0,4.0,1.0,1.0,3.0,4.0,2.6699318390968747
4.0,4.0,1.0,1.0,4.0,1.0,2.0260534671041683
4.0,4.0,1.0,1.0,4.0,2.0,2.2808899187882963
4.0,4.0,1.0,1.0,4.0,4.0,2.790014597261367
4.0,4.0,1.0,1.0,5.0,1.0,2.146139211130385
4.0,4.0,1.0,2.0,1.0,1.0,1.780236136818409
4.0,4.0,1.0,2.0,1.0,2.0,2.0347229460839706
4.0,4.0,1.0,2.0,2.0,1.0,1.8998022200768103
4.0,4.0,1.0,2.0,2.0,2.0,2.1547777948072984
4.0,4.0,1.0,2.0,3.0,1.0,2.0200550870283274
4.0,4.0,1.0,2.0,3.0,2.0,2.2746748017757854
4.0,4.0,1.0,2.0,3.0,3.0,2.5297262471068214
4.0,4.0,1.0,2.0,4.0,1.0,2.1398756996793935
4.0,4.0,1.0,2.0,4.0,2.0,2.394704851606897
4.0,4.0,1.0,2.0,4.0,3.0,2.649535938192394
4.0,4.0,1.0,3.0,1.0,1.0,1.8938690207938549
4.0,4.0,1.0,3.0,1.0,2.0,2.1486261407478184
4.0,4.0,1.0,3.0,1.0,3.0,2.4037050757673057
4.0,4.0,1.0,3.0,2.0,1.0,2.0143289187828155
4.0,4.0,1.0,3.0,2.0,2.0,2.268491338816872
4.0,4.0,1.0,3.0,3.0,1.0,2.1346231331135552
4.0,4.0,1.0,3.0,3.0,2.0,2.3879869571678167
4.0,4.0,1.0,3.0,3.0,3.0,2.6432731549804047
4.0,4.0,1.0,3.0,4.0,1.0,2.2539562615417226
4.0,4.0,1.0,3.0,4.0,3.0,2.7626792613959377
4.0,4.0,1.0,3.0,4.0,4.0,3.0173682267802797
4.0,4.0,1.0,3.0,5.0,3.0,2.88289520028392
4.0,4.0,1.0,4.0,1.0,1.0,2.0075231657884416
4.0,4.0,1.0,4.0,1.0,2.0,2.2628359189922977
4.0,4.0,1.0,4.0,1.0,3.0,2.5163864052260148
4.0,4.0,1.0,4.0,1.0,4.0,2.7706166733286923
4.0,4.0,1.0,4.0,1.0,5.0,3.0268586586177717
4.0,4.0,1.0,4.0,2.0,1.0,2.1283850869458503
4.0,4.0,1.0,4.0,2.0,2.0,2.3827170680959817
4.0,4.0,1.0,4.0,2.0,3.0,2.6367712418756244
4.0,4.0,1.0,4.0,3.0,1.0,2.247365938495951
4.0,4.0,1.0,4.0,3.0,2.0,2.502525421196701
4.0,4.0,1.0,4.0,3.0,3.0,2.757358318318526
4.0,4.0,1.0,4.0,4.0,1.0,2.367309017619481
4.0,4.0,1.0,4.0,4.0,2.0,2.6220713345653426
4.0,4.0,1.0,4.0,4.0,3.0,2.8774984646791832
4.0,4.0,1.0,4.0,4.0,4.0,3.1304045390268365
4.0,4.0,1.0,4.0,4.0,5.0,3.386621410717791
4.0,4.0,1.0,4.0,5.0,3.0,2.9967107708387823
4.0,4.0,1.0,4.0,5.0,4.0,3.250937505787048
4.0,4.0,1.0,5.0,1.0,3.0,2.631282432127698
4.0,4.0,1.0,5.0,2.0,3.0,2.7508292031633044
4.0,4.0,1.0,5.0,2.0,5.0,3.260828294938045
4.0,4.0,1.0,5.0,3.0,2.0,2.6163414067297106
4.0,4.0,1.0,5.0,4.0,5.0,3.4995694764993073
4.0,4.0,1.0,5.0,5.0,1.0,2.601400767766985
4.0,4.0,1.0,5.0,5.0,3.0,3.1105240876829234
4.0,4.0,1.0,5.0,5.0,5.0,3.619216111538056
4.0,4.0,2.0,1.0,1.0,1.0,1.9162751012207588
4.0,4.0,2.0,1.0,1.0,2.0,2.1719470674863346
4.0,4.0,2.0,1.0,2.0,1.0,2.0376387080371665
4.0,4.0,2.0,1.0,2.0,2.0,2.29137121323324
4.0,4.0,2.0,1.0,2.0,3.0,2.5464426189449774
4.0,4.0,2.0,1.0,3.0,1.0,2.1559979536265415
4.0,4.0,2.0,1.0,3.0,2.0,2.409722913519037
4.0,4.0,2.0,1.0,3.0,3.0,2.6658673351008297
4.0,4.0,2.0,1.0,4.0,1.0,2.2767861124080975
4.0,4.0,2.0,1.0,4.0,2.0,2.531502722997495
4.0,4.0,2.0,1.0,4.0,3.0,2.7859426579491204
4.0,4.0,2.0,1.0,4.0,4.0,3.040772565665806
4.0,4.0,2.0,2.0,1.0,1.0,2.0306432068934166
4.0,4.0,2.0,2.0,1.0,2.0,2.2862576199773614
4.0,4.0,2.0,2.0,1.0,3.0,2.540184959809203
4.0,4.0,2.0,2.0,2.0,1.0,2.1503581194723127
4.0,4.0,2.0,2.0,2.0,2.0,2.404962851168268
4.0,4.0,2.0,2.0,2.0,3.0,2.6603184147643377
4.0,4.0,2.0,2.0,3.0,1.0,2.270121562680816
4.0,4.0,2.0,2.0,3.0,2.0,2.52224214462621
4.0,4.0,2.0,2.0,3.0,3.0,2.7789375275106463
4.0,4.0,2.0,2.0,4.0,1.0,2.3902153120728977
4.0,4.0,2.0,2.0,4.0,2.0,2.6437604475426015
4.0,4.0,2.0,2.0,4.0,3.0,2.8995996684332153
4.0,4.0,2.0,2.0,4.0,4.0,3.1543209808808528
4.0,4.0,2.0,2.0,5.0,2.0,2.765271734927394
4.0,4.0,2.0,3.0,1.0,1.0,2.1442908963783234
4.0,4.0,2.0,3.0,1.0,2.0,2.398942205632452
4.0,4.0,2.0,3.0,1.0,3.0,2.654235752088029
4.0,4.0,2.0,3.0,2.0,1.0,2.2648269356436197
4.0,4.0,2.0,3.0,2.0,2.0,2.5198180447631833
4.0,4.0,2.0,3.0,2.0,3.0,2.7742883274435575
4.0,4.0,2.0,3.0,3.0,1.0,2.3845346392573448
4.0,4.0,2.0,3.0,3.0,2.0,2.6375384467391125
4.0,4.0,2.0,3.0,3.0,3.0,2.894134683361162
4.0,4.0,2.0,3.0,3.0,4.0,3.1482888273291674
4.0,4.0,2.0,3.0,4.0,1.0,2.5047152021672403
4.0,4.0,2.0,3.0,4.0,2.0,2.7583195799489157
4.0,4.0,2.0,3.0,4.0,3.0,3.0137733358413703
4.0,4.0,2.0,3.0,4.0,4.0,3.2682417711511844
4.0,4.0,2.0,3.0,5.0,3.0,3.1335790463046505
4.0,4.0,2.0,3.0,5.0,4.0,3.3882169230178336
4.0,4.0,2.0,4.0,1.0,1.0,2.2578857756660153
4.0,4.0,2.0,4.0,1.0,2.0,2.5127046215799385
4.0,4.0,2.0,4.0,1.0,3.0,2.766224124673073
4.0,4.0,2.0,4.0,1.0,4.0,3.0214209862246344
4.0,4.0,2.0,4.0,1.0,5.0,3.277350095875966
4.0,4.0,2.0,4.0,2.0,1.0,2.378376562551364
4.0,4.0,2.0,4.0,2.0,2.0,2.6333912131345363
4.0,4.0,2.0,4.0,2.0,3.0,2.8875969000809163
4.0,4.0,2.0,4.0,2.0,4.0,3.141188119596078
4.0,4.0,2.0,4.0,2.0,5.0,3.3965832464031465
4.0,4.0,2.0,4.0,3.0,1.0,2.4987193696468006
4.0,4.0,2.0,4.0,3.0,2.0,2.7527376161169785
4.0,4.0,2.0,4.0,3.0,3.0,3.007788982013732
4.0,4.0,2.0,4.0,3.0,4.0,3.2629010789947324
4.0,4.0,2.0,4.0,3.0,5.0,3.5169747970482086
4.0,4.0,2.0,4.0,4.0,1.0,2.6178326980662563
4.0,4.0,2.0,4.0,4.0,2.0,2.8721650815588307
4.0,4.0,2.0,4.0,4.0,3.0,3.1287409840834104
4.0,4.0,2.0,4.0,4.0,4.0,3.3781334643124397
4.0,4.0,2.0,4.0,4.0,5.0,3.6365312930271623
4.0,4.0,2.0,4.0,5.0,2.0,2.9923743007993533
4.0,4.0,2.0,4.0,5.0,3.0,3.247933169810285
4.0,4.0,2.0,4.0,5.0,4.0,3.502291262684732
4.0,4.0,2.0,4.0,5.0,5.0,3.756860769549988
4.0,4.0,2.0,5.0,1.0,3.0,2.8816013239993534
4.0,4.0,2.0,5.0,1.0,4.0,3.1363359584052706
4.0,4.0,2.0,5.0,1.0,5.0,3.391166442670867
4.0,4.0,2.0,5.0,2.0,1.0,2.4921909012486587
4.0,4.0,2.0,5.0,2.0,2.0,2.747288248939163
4.0,4.0,2.0,5.0,2.0,3.0,3.001851137719745
4.0,4.0,2.0,5.0,2.0,5.0,3.5108351595732588
4.0,4.0,2.0,5.0,3.0,2.0,2.867100002118685
4.0,4.0,2.0,5.0,3.0,3.0,3.1215981367880734
4.0,4.0,2.0,5.0,3.0,4.0,3.376492873396049
4.0,4.0,2.0,5.0,4.0,2.0,2.9871768195080644
4.0,4.0,2.0,5.0,4.0,3.0,3.2418761725235106
4.0,4.0,2.0,5.0,4.0,4.0,3.4964417400056402
4.0,4.0,2.0,5.0,4.0,5.0,3.7506003697059644
4.0,4.0,2.0,5.0,5.0,2.0,3.106419201656191
4.0,4.0,2.0,5.0,5.0,3.0,3.3611898771623
4.0,4.0,2.0,5.0,5.0,4.0,3.6161527304624133
4.0,4.0,2.0,5.0,5.0,5.0,3.869816306687326
4.0,4.0,3.0,1.0,1.0,1.0,2.1674290850307596
4.0,4.0,3.0,1.0,1.0,2.0,2.4220574719280683
4.0,4.0,3.0,1.0,1.0,3.0,2.6763738611843864
4.0,4.0,3.0,1.0,2.0,1.0,2.2869230807825303
4.0,4.0,3.0,1.0,2.0,2.0,2.54263336624512
4.0,4.0,3.0,1.0,2.0,3.0,2.7965993074133135
4.0,4.0,3.0,1.0,3.0,1.0,2.406684975961941
4.0,4.0,3.0,1.0,3.0,2.0,2.6621478996441605
4.0,4.0,3.0,1.0,3.0,3.0,2.9166863245805166
4.0,4.0,3.0,1.0,3.0,4.0,3.1706060883569136
4.0,4.0,3.0,1.0,4.0,1.0,2.5270236432496427
4.0,4.0,3.0,1.0,4.0,2.0,2.7811868868604672
4.0,4.0,3.0,1.0,4.0,3.0,3.036687645682708
4.0,4.0,3.0,1.0,4.0,4.0,3.2914446341794683
4.0,4.0,3.0,1.0,5.0,3.0,3.1564609456890382
4.0,4.0,3.0,1.0,5.0,5.0,3.6651515508979458
4.0,4.0,3.0,2.0,1.0,1.0,2.2810490785608084
4.0,4.0,3.0,2.0,1.0,2.0,2.5360521843266204
4.0,4.0,3.0,2.0,1.0,3.0,2.7911934038252815
4.0,4.0,3.0,2.0,2.0,1.0,2.4017662281676784
4.0,4.0,3.0,2.0,2.0,2.0,2.6568780331328434
4.0,4.0,3.0,2.0,2.0,3.0,2.910332318856738
4.0,4.0,3.0,2.0,2.0,4.0,3.165147258221701
4.0,4.0,3.0,2.0,3.0,1.0,2.5214367665614197
4.0,4.0,3.0,2.0,3.0,2.0,2.773472393841463
4.0,4.0,3.0,2.0,3.0,3.0,3.0296638498673003
4.0,4.0,3.0,2.0,3.0,4.0,3.2856852142338835
4.0,4.0,3.0,2.0,4.0,2.0,2.8946698023207453
4.0,4.0,3.0,2.0,4.0,3.0,3.149553661941861
4.0,4.0,3.0,2.0,4.0,4.0,3.4056460657139445
4.0,4.0,3.0,2.0,4.0,5.0,3.659464278387319
4.0,4.0,3.0,2.0,5.0,2.0,3.015761101979928
4.0,4.0,3.0,2.0,5.0,3.0,3.270302435593411
4.0,4.0,3.0,2.0,5.0,4.0,3.525140827874126
4.0,4.0,3.0,2.0,5.0,5.0,3.7794461703463735
4.0,4.0,3.0,3.0,1.0,1.0,2.3959880427451306
4.0,4.0,3.0,3.0,1.0,2.0,2.650280825430945
4.0,4.0,3.0,3.0,1.0,3.0,2.9033905763152608
4.0,4.0,3.0,3.0,1.0,4.0,3.1590278604457898
4.0,4.0,3.0,3.0,2.0,2.0,2.7686882485452924
4.0,4.0,3.0,3.0,2.0,3.0,3.025175251551757
4.0,4.0,3.0,3.0,2.0,4.0,3.2797726085110304
4.0,4.0,3.0,3.0,3.0,1.0,2.6350551158251725
4.0,4.0,3.0,3.0,3.0,2.0,2.889652256041144
4.0,4.0,3.0,3.0,3.0,3.0,3.1461950388942403
4.0,4.0,3.0,3.0,3.0,4.0,3.4001502108064794
4.0,4.0,3.0,3.0,3.0,5.0,3.6539061538937228
4.0,4.0,3.0,3.0,4.0,1.0,2.755267890293971
4.0,4.0,3.0,3.0,4.0,2.0,3.008630383386706
4.0,4.0,3.0,3.0,4.0,3.0,3.269506395561363
4.0,4.0,3.0,3.0,4.0,4.0,3.524056209254405
4.0,4.0,3.0,3.0,4.0,5.0,3.7737006306148415
4.0,4.0,3.0,3.0,5.0,2.0,3.1298106469758467
4.0,4.0,3.0,3.0,5.0,3.0,3.382977232433138
4.0,4.0,3.0,3.0,5.0,4.0,3.6385688016618256
4.0,4.0,3.0,3.0,5.0,5.0,3.893828222748381
4.0,4.0,3.0,4.0,1.0,1.0,2.5086425717345247
4.0,4.0,3.0,4.0,1.0,2.0,2.7639944366129803
4.0,4.0,3.0,4.0,1.0,3.0,3.017285235525088
4.0,4.0,3.0,4.0,1.0,4.0,3.2718974951819435
4.0,4.0,3.0,4.0,2.0,1.0,2.629259603433421
4.0,4.0,3.0,4.0,2.0,2.0,2.8830919250967186
4.0,4.0,3.0,4.0,2.0,3.0,3.13858823672423
4.0,4.0,3.0,4.0,2.0,4.0,3.395417939636937
4.0,4.0,3.0,4.0,2.0,5.0,3.647471591594534
4.0,4.0,3.0,4.0,3.0,1.0,2.74927602698464
4.0,4.0,3.0,4.0,3.0,2.0,3.003481256241602
4.0,4.0,3.0,4.0,3.0,3.0,3.2689142724008327
4.0,4.0,3.0,4.0,3.0,4.0,3.522346214961282
4.0,4.0,3.0,4.0,3.0,5.0,3.7678574954013153
4.0,4.0,3.0,4.0,4.0,1.0,2.8690203352437473
4.0,4.0,3.0,4.0,4.0,2.0,3.1233551843150007
4.0,4.0,3.0,4.0,4.0,3.0,3.385827116057212
4.0,4.0,3.0,4.0,4.0,4.0,3.673073520382078
4.0,4.0,3.0,4.0,4.0,5.0,3.8883158283789174
4.0,4.0,3.0,4.0,5.0,1.0,2.9885643021982737
4.0,4.0,3.0,4.0,5.0,2.0,3.2433923581807202
4.0,4.0,3.0,4.0,5.0,3.0,3.4979622568189503
4.0,4.0,3.0,4.0,5.0,4.0,3.7562500612291827
4.0,4.0,3.0,4.0,5.0,5.0,4.007014604017278
4.0,4.0,3.0,5.0,1.0,2.0,2.87796597590273
4.0,4.0,3.0,5.0,1.0,3.0,3.132884625598297
4.0,4.0,3.0,5.0,1.0,4.0,3.3857364842751
4.0,4.0,3.0,5.0,1.0,5.0,3.6413893448026293
4.0,4.0,3.0,5.0,2.0,2.0,2.9967152694081194
4.0,4.0,3.0,5.0,2.0,3.0,3.252994540452305
4.0,4.0,3.0,5.0,2.0,4.0,3.5056797494490133
4.0,4.0,3.0,5.0,2.0,5.0,3.7617156092695754
4.0,4.0,3.0,5.0,3.0,1.0,2.862758129614853
4.0,4.0,3.0,5.0,3.0,2.0,3.1177913580369494
4.0,4.0,3.0,5.0,3.0,3.0,3.3723258614899496
4.0,4.0,3.0,5.0,3.0,4.0,3.627918133626194
4.0,4.0,3.0,5.0,3.0,5.0,3.8820925580747514
4.0,4.0,3.0,5.0,4.0,1.0,2.9828361605890166
4.0,4.0,3.0,5.0,4.0,2.0,3.2373340565860116
4.0,4.0,3.0,5.0,4.0,3.0,3.495466433968261
4.0,4.0,3.0,5.0,4.0,4.0,3.754375574329206
4.0,4.0,3.0,5.0,4.0,5.0,4.001071989770089
4.0,4.0,3.0,5.0,5.0,1.0,3.102911489918736
4.0,4.0,3.0,5.0,5.0,2.0,3.3569421151183763
4.0,4.0,3.0,5.0,5.0,3.0,3.612663628063223
4.0,4.0,3.0,5.0,5.0,4.0,3.8695745979774414
4.0,4.0,3.0,5.0,5.0,5.0,4.123380411156077
4.0,4.0,4.0,1.0,1.0,1.0,2.4176514906997735
4.0,4.0,4.0,1.0,1.0,2.0,2.6729259911700334
4.0,4.0,4.0,1.0,2.0,1.0,2.5384410299670797
4.0,4.0,4.0,1.0,2.0,2.0,2.7927358939705953
4.0,4.0,4.0,1.0,2.0,3.0,3.047566645213145
4.0,4.0,4.0,1.0,3.0,1.0,2.6579808799554394
4.0,4.0,4.0,1.0,3.0,2.0,2.9125473339658954
4.0,4.0,4.0,1.0,3.0,3.0,3.1672864421608398
4.0,4.0,4.0,1.0,3.0,4.0,3.4219394128845844
4.0,4.0,4.0,1.0,4.0,3.0,3.287110544311191
4.0,4.0,4.0,1.0,4.0,4.0,3.5409291536719683
4.0,4.0,4.0,2.0,1.0,1.0,2.5323039456412575
4.0,4.0,4.0,2.0,1.0,2.0,2.787008591703348
4.0,4.0,4.0,2.0,2.0,1.0,2.6518167760889098
4.0,4.0,4.0,2.0,2.0,2.0,2.9059020691023365
4.0,4.0,4.0,2.0,2.0,3.0,3.161383431092979
4.0,4.0,4.0,2.0,3.0,2.0,3.025817699964612
4.0,4.0,4.0,2.0,3.0,3.0,3.2801859345672373
4.0,4.0,4.0,2.0,3.0,4.0,3.535880131701662
4.0,4.0,4.0,2.0,4.0,2.0,3.1466580309366656
4.0,4.0,4.0,2.0,4.0,3.0,3.400518820290345
4.0,4.0,4.0,2.0,4.0,4.0,3.655076883496505
4.0,4.0,4.0,2.0,4.0,5.0,3.910393085388794
4.0,4.0,4.0,2.0,5.0,3.0,3.5209409726883893
4.0,4.0,4.0,2.0,5.0,4.0,3.7749965440052486
4.0,4.0,4.0,3.0,1.0,2.0,2.900826187185784
4.0,4.0,4.0,3.0,1.0,3.0,3.1552635329981045
4.0,4.0,4.0,3.0,2.0,1.0,2.7660710154264248
4.0,4.0,4.0,3.0,2.0,2.0,3.021150615494255
4.0,4.0,4.0,3.0,2.0,3.0,3.2756942689395045
4.0,4.0,4.0,3.0,2.0,4.0,3.5295565968701137
4.0,4.0,4.0,3.0,3.0,2.0,3.1397276797441185
4.0,4.0,4.0,3.0,3.0,3.0,3.398779877111708
4.0,4.0,4.0,3.0,3.0,4.0,3.6507889434921834
4.0,4.0,4.0,3.0,3.0,5.0,3.9044282771799588
4.0,4.0,4.0,3.0,4.0,1.0,3.005691927062105
4.0,4.0,4.0,3.0,4.0,2.0,3.2594324314709398
4.0,4.0,4.0,3.0,4.0,3.0,3.5182206810193444
4.0,4.0,4.0,3.0,4.0,4.0,3.77487753205943
4.0,4.0,4.0,3.0,4.0,5.0,4.024172456832707
4.0,4.0,4.0,3.0,5.0,2.0,3.380065018486445
4.0,4.0,4.0,3.0,5.0,3.0,3.6341298811512974
4.0,4.0,4.0,3.0,5.0,4.0,3.8883049505127483
4.0,4.0,4.0,3.0,5.0,5.0,4.143753355859879
4.0,4.0,4.0,4.0,1.0,1.0,2.7596725051618822
4.0,4.0,4.0,4.0,1.0,2.0,3.0146271694966296
4.0,4.0,4.0,4.0,1.0,3.0,3.2681077591135326
4.0,4.0,4.0,4.0,1.0,4.0,3.5210627484979082
4.0,4.0,4.0,4.0,1.0,5.0,3.7783264506431022
4.0,4.0,4.0,4.0,2.0,1.0,2.8791518591799243
4.0,4.0,4.0,4.0,2.0,2.0,3.135794365880564
4.0,4.0,4.0,4.0,2.0,3.0,3.389787098512373
4.0,4.0,4.0,4.0,2.0,4.0,3.64558590282684
4.0,4.0,4.0,4.0,3.0,1.0,2.999698534645962
4.0,4.0,4.0,4.0,3.0,2.0,3.253778750789918
4.0,4.0,4.0,4.0,3.0,3.0,3.5226589742200174
4.0,4.0,4.0,4.0,3.0,4.0,3.7870454932702557
4.0,4.0,4.0,4.0,3.0,5.0,4.019473287345653
4.0,4.0,4.0,4.0,4.0,2.0,3.3726732633394194
4.0,4.0,4.0,4.0,4.0,3.0,3.6412384177463117
4.0,4.0,4.0,4.0,4.0,4.0,3.9746535923166437
4.0,4.0,4.0,4.0,4.0,5.0,4.141397021355749
4.0,4.0,4.0,4.0,5.0,3.0,3.750176149041955
4.0,4.0,4.0,4.0,5.0,4.0,4.014470747353991
4.0,4.0,4.0,4.0,5.0,5.0,4.255822073871771
4.0,4.0,4.0,5.0,1.0,1.0,2.873356858545169
4.0,4.0,4.0,5.0,1.0,2.0,3.128188721706048
4.0,4.0,4.0,5.0,1.0,3.0,3.3831830986797393
4.0,4.0,4.0,5.0,1.0,4.0,3.6368294347028014
4.0,4.0,4.0,5.0,1.0,5.0,3.89243809236861
4.0,4.0,4.0,5.0,2.0,3.0,3.5028309578609287
4.0,4.0,4.0,5.0,2.0,4.0,3.757834540973777
4.0,4.0,4.0,5.0,2.0,5.0,4.011936471344156
4.0,4.0,4.0,5.0,3.0,2.0,3.367978736342398
4.0,4.0,4.0,5.0,3.0,3.0,3.622414557165548
4.0,4.0,4.0,5.0,3.0,4.0,3.8800640772020145
4.0,4.0,4.0,5.0,3.0,5.0,4.132977347739
4.0,4.0,4.0,5.0,4.0,3.0,3.7436442167477297
4.0,4.0,4.0,5.0,4.0,4.0,4.012958978884955
4.0,4.0,4.0,5.0,4.0,5.0,4.255043391987267
4.0,4.0,4.0,5.0,5.0,2.0,3.607962843987833
4.0,4.0,4.0,5.0,5.0,3.0,3.8635544235063968
4.0,4.0,4.0,5.0,5.0,4.0,4.122619389163842
4.0,4.0,4.0,5.0,5.0,5.0,4.3782243789815976
4.0,4.0,5.0,1.0,4.0,2.0,3.28310669047238
4.0,4.0,5.0,1.0,5.0,4.0,3.9120490957048886
4.0,4.0,5.0,2.0,3.0,1.0,3.022294575299424
4.0,4.0,5.0,2.0,3.0,4.0,3.786509205393885
4.0,4.0,5.0,2.0,4.0,3.0,3.6508794526430384
4.0,4.0,5.0,2.0,4.0,4.0,3.9063210471394867
4.0,4.0,5.0,2.0,4.0,5.0,4.160348271526698
4.0,4.0,5.0,2.0,5.0,4.0,4.026399992665975
4.0,4.0,5.0,3.0,1.0,3.0,3.4061428152913944
4.0,4.0,5.0,3.0,2.0,3.0,3.5259546648044315
4.0,4.0,5.0,3.0,3.0,3.0,3.6444041099893862
4.0,4.0,5.0,3.0,3.0,4.0,3.8999005646159546
4.0,4.0,5.0,3.0,3.0,5.0,4.1553839298877175
4.0,4.0,5.0,3.0,4.0,1.0,3.2561805838474465
4.0,4.0,5.0,3.0,4.0,3.0,3.7644565129187986
4.0,4.0,5.0,3.0,4.0,4.0,4.019219789158886
4.0,4.0,5.0,3.0,5.0,2.0,3.6305528721061955
4.0,4.0,5.0,3.0,5.0,3.0,3.8849138510253147
4.0,4.0,5.0,3.0,5.0,4.0,4.139344332921833
4.0,4.0,5.0,3.0,5.0,5.0,4.394519626054615
4.0,4.0,5.0,4.0,1.0,3.0,3.5190109841723025
4.0,4.0,5.0,4.0,1.0,4.0,3.7741691136610807
4.0,4.0,5.0,4.0,1.0,5.0,4.02934466191781
4.0,4.0,5.0,4.0,2.0,3.0,3.6395205312134924
4.0,4.0,5.0,4.0,2.0,4.0,3.894179628390565
4.0,4.0,5.0,4.0,2.0,5.0,4.14912153215153
4.0,4.0,5.0,4.0,3.0,2.0,3.5050166528686066
4.0,4.0,5.0,4.0,3.0,3.0,3.7606186612896084
4.0,4.0,5.0,4.0,3.0,4.0,4.014405090541853
4.0,4.0,5.0,4.0,3.0,5.0,4.269024879369825
4.0,4.0,5.0,4.0,4.0,2.0,3.6243279184712036
4.0,4.0,5.0,4.0,4.0,3.0,3.8798895852260276
4.0,4.0,5.0,4.0,4.0,4.0,4.133251077894722
4.0,4.0,5.0,4.0,4.0,5.0,4.393182938575221
4.0,4.0,5.0,4.0,5.0,3.0,3.9991985301676363
4.0,4.0,5.0,4.0,5.0,4.0,4.249949238642423
4.0,4.0,5.0,4.0,5.0,5.0,4.504697689745227
4.0,4.0,5.0,5.0,1.0,4.0,3.888334505995907
4.0,4.0,5.0,5.0,1.0,5.0,4.141188944368378
4.0,4.0,5.0,5.0,2.0,3.0,3.753316864046504
4.0,4.0,5.0,5.0,2.0,4.0,4.007869330885789
4.0,4.0,5.0,5.0,2.0,5.0,4.263104636439959
4.0,4.0,5.0,5.0,3.0,3.0,3.873198907421692
4.0,4.0,5.0,5.0,3.0,4.0,4.127433121787166
4.0,4.0,5.0,5.0,3.0,5.0,4.381422186393992
4.0,4.0,5.0,5.0,4.0,2.0,3.7383752764106446
4.0,4.0,5.0,5.0,4.0,3.0,3.993482744392508
4.0,4.0,5.0,5.0,4.0,4.0,4.248622724004408
4.0,4.0,5.0,5.0,4.0,5.0,4.504287530860676
4.0,4.0,5.0,5.0,5.0,3.0,4.113098824057299
4.0,4.0,5.0,5.0,5.0,4.0,4.369032662753538
4.0,4.0,5.0,5.0,5.0,5.0,4.62171129361389
4.0,5.0,1.0,1.0,1.0,1.0,1.7039484516839827
4.0,5.0,1.0,1.0,1.0,2.0,1.9601315670881838
4.0,5.0,1.0,1.0,2.0,1.0,1.8254602983221542
4.0,5.0,1.0,1.0,2.0,2.0,2.080174645020148
4.0,5.0,1.0,1.0,3.0,1.0,1.943447599713751
4.0,5.0,1.0,1.0,3.0,2.0,2.199740195207246
4.0,5.0,1.0,1.0,4.0,1.0,2.064652532214409
4.0,5.0,1.0,1.0,4.0,3.0,2.5746428588449053
4.0,5.0,1.0,1.0,5.0,1.0,2.1846990618072724
4.0,5.0,1.0,1.0,5.0,3.0,2.693922689794724
4.0,5.0,1.0,1.0,5.0,4.0,2.9484812713326654
4.0,5.0,1.0,2.0,1.0,1.0,1.819250695033414
4.0,5.0,1.0,2.0,1.0,2.0,2.0739356408815306
4.0,5.0,1.0,2.0,2.0,1.0,1.939480878363887
4.0,5.0,1.0,2.0,2.0,2.0,2.193274825220931
4.0,5.0,1.0,2.0,2.0,3.0,2.448576219401459
4.0,5.0,1.0,2.0,3.0,1.0,2.0586646360730056
4.0,5.0,1.0,2.0,3.0,2.0,2.313824029659554
4.0,5.0,1.0,2.0,3.0,3.0,2.568501719544554
4.0,5.0,1.0,2.0,3.0,4.0,2.8234850447338316
4.0,5.0,1.0,2.0,4.0,1.0,2.1787551169795463
4.0,5.0,1.0,2.0,4.0,3.0,2.687930703071877
4.0,5.0,1.0,2.0,5.0,1.0,2.298615477167298
4.0,5.0,1.0,2.0,5.0,3.0,2.8080064387610952
4.0,5.0,1.0,3.0,1.0,1.0,1.9326926230715973
4.0,5.0,1.0,3.0,1.0,2.0,2.1881845305356795
4.0,5.0,1.0,3.0,1.0,3.0,2.442345103374608
4.0,5.0,1.0,3.0,2.0,1.0,2.052999214828951
4.0,5.0,1.0,3.0,3.0,1.0,2.1728910714036562
4.0,5.0,1.0,3.0,3.0,2.0,2.427451043167205
4.0,5.0,1.0,3.0,3.0,3.0,2.68244322254728
4.0,5.0,1.0,3.0,4.0,1.0,2.292276279222561
4.0,5.0,1.0,3.0,4.0,2.0,2.5470385428546605
4.0,5.0,1.0,3.0,4.0,3.0,2.8023310779053996
4.0,5.0,1.0,3.0,4.0,4.0,3.0568458193118886
4.0,5.0,1.0,3.0,5.0,1.0,2.4131183491747357
4.0,5.0,1.0,3.0,5.0,3.0,2.9221154454998923
4.0,5.0,1.0,4.0,1.0,1.0,2.0475116063413896
4.0,5.0,1.0,4.0,1.0,2.0,2.3016739212526356
4.0,5.0,1.0,4.0,1.0,3.0,2.5550068034281725
4.0,5.0,1.0,4.0,1.0,5.0,3.0657918909926685
4.0,5.0,1.0,4.0,2.0,2.0,2.421532083601296
4.0,5.0,1.0,4.0,2.0,3.0,2.6758477377613876
4.0,5.0,1.0,4.0,2.0,4.0,2.930506688452585
4.0,5.0,1.0,4.0,3.0,1.0,2.2870807890281157
4.0,5.0,1.0,4.0,3.0,2.0,2.541313584368872
4.0,5.0,1.0,4.0,3.0,3.0,2.7962848236752356
4.0,5.0,1.0,4.0,3.0,4.0,3.0503163772848043
4.0,5.0,1.0,4.0,4.0,1.0,2.4060603857326797
4.0,5.0,1.0,4.0,4.0,2.0,2.6613539301442746
4.0,5.0,1.0,4.0,4.0,4.0,3.170522056218431
4.0,5.0,1.0,4.0,4.0,5.0,3.4254858833854214
4.0,5.0,1.0,4.0,5.0,2.0,2.7813462201480217
4.0,5.0,1.0,4.0,5.0,4.0,3.289361100372105
4.0,5.0,1.0,4.0,5.0,5.0,3.5440882455492835
4.0,5.0,1.0,5.0,1.0,1.0,2.160819515670932
4.0,5.0,1.0,5.0,1.0,3.0,2.6695877539551596
4.0,5.0,1.0,5.0,2.0,1.0,2.2808962965181387
4.0,5.0,1.0,5.0,3.0,3.0,2.9100996689500107
4.0,5.0,1.0,5.0,3.0,5.0,3.4194869632939313
4.0,5.0,1.0,5.0,4.0,1.0,2.521053108715027
4.0,5.0,1.0,5.0,4.0,4.0,3.2850451761298505
4.0,5.0,1.0,5.0,4.0,5.0,3.5386300511594326
4.0,5.0,1.0,5.0,5.0,1.0,2.640329193069595
4.0,5.0,1.0,5.0,5.0,4.0,3.4040192973125967
4.0,5.0,1.0,5.0,5.0,5.0,3.6585016726049155
4.0,5.0,2.0,1.0,1.0,1.0,1.9555368123775847
4.0,5.0,2.0,1.0,1.0,2.0,2.2105520143193997
4.0,5.0,2.0,1.0,2.0,1.0,2.076306999986774
4.0,5.0,2.0,1.0,2.0,2.0,2.330156111075184
4.0,5.0,2.0,1.0,3.0,1.0,2.195458466830406
4.0,5.0,2.0,1.0,3.0,2.0,2.4503768557347647
4.0,5.0,2.0,1.0,3.0,3.0,2.7042315106693358
4.0,5.0,2.0,1.0,4.0,1.0,2.3150430528790773
4.0,5.0,2.0,1.0,4.0,2.0,2.5704212331377394
4.0,5.0,2.0,1.0,4.0,3.0,2.824869453429155
4.0,5.0,2.0,1.0,5.0,1.0,2.435289625265857
4.0,5.0,2.0,2.0,1.0,1.0,2.0703937520672744
4.0,5.0,2.0,2.0,1.0,2.0,2.324692821043544
4.0,5.0,2.0,2.0,1.0,3.0,2.5797459589642244
4.0,5.0,2.0,2.0,2.0,1.0,2.189941176889946
4.0,5.0,2.0,2.0,2.0,2.0,2.4432610975397786
4.0,5.0,2.0,2.0,2.0,3.0,2.699226318649834
4.0,5.0,2.0,2.0,3.0,1.0,2.3101981833700753
4.0,5.0,2.0,2.0,3.0,2.0,2.5637938036563668
4.0,5.0,2.0,2.0,3.0,3.0,2.8192134856524165
4.0,5.0,2.0,2.0,3.0,4.0,3.073706184812846
4.0,5.0,2.0,2.0,4.0,1.0,2.4294462024352215
4.0,5.0,2.0,2.0,4.0,2.0,2.6844737911462984
4.0,5.0,2.0,2.0,4.0,3.0,2.938718799532048
4.0,5.0,2.0,2.0,4.0,4.0,3.1928287811487173
4.0,5.0,2.0,2.0,5.0,2.0,2.8039846769099244
4.0,5.0,2.0,2.0,5.0,3.0,3.0579175808546735
4.0,5.0,2.0,2.0,5.0,4.0,3.313058106533263
4.0,5.0,2.0,3.0,1.0,1.0,2.1838960000769765
4.0,5.0,2.0,3.0,1.0,2.0,2.4384569123004227
4.0,5.0,2.0,3.0,1.0,3.0,2.6922529706387475
4.0,5.0,2.0,3.0,2.0,1.0,2.3034881627368518
4.0,5.0,2.0,3.0,2.0,2.0,2.5584050353378593
4.0,5.0,2.0,3.0,2.0,3.0,2.8131301985549095
4.0,5.0,2.0,3.0,2.0,4.0,3.067979278129255
4.0,5.0,2.0,3.0,3.0,1.0,2.423113500977586
4.0,5.0,2.0,3.0,3.0,2.0,2.6773690963769328
4.0,5.0,2.0,3.0,3.0,3.0,2.9329948774698646
4.0,5.0,2.0,3.0,3.0,4.0,3.1868902553758494
4.0,5.0,2.0,3.0,4.0,1.0,2.5432312509178834
4.0,5.0,2.0,3.0,4.0,2.0,2.797569382000789
4.0,5.0,2.0,3.0,4.0,3.0,3.0525431470270274
4.0,5.0,2.0,3.0,4.0,4.0,3.3072507651268546
4.0,5.0,2.0,3.0,5.0,1.0,2.663187383491152
4.0,5.0,2.0,3.0,5.0,2.0,2.9177727408056806
4.0,5.0,2.0,3.0,5.0,3.0,3.172523149222056
4.0,5.0,2.0,3.0,5.0,4.0,3.427024026733453
4.0,5.0,2.0,3.0,5.0,5.0,3.681578184768679
4.0,5.0,2.0,4.0,1.0,1.0,2.2977604042478688
4.0,5.0,2.0,4.0,1.0,2.0,2.552030463198192
4.0,5.0,2.0,4.0,1.0,3.0,2.8071431147076447
4.0,5.0,2.0,4.0,1.0,4.0,3.061166665665596
4.0,5.0,2.0,4.0,1.0,5.0,3.3165454900332914
4.0,5.0,2.0,4.0,2.0,1.0,2.417081496158607
4.0,5.0,2.0,4.0,2.0,2.0,2.672304023815023
4.0,5.0,2.0,4.0,2.0,3.0,2.9272500695892716
4.0,5.0,2.0,4.0,2.0,4.0,3.1815268959584975
4.0,5.0,2.0,4.0,3.0,1.0,2.537483918249568
4.0,5.0,2.0,4.0,3.0,2.0,2.792111394573714
4.0,5.0,2.0,4.0,3.0,3.0,3.047284252887502
4.0,5.0,2.0,4.0,3.0,4.0,3.301573998952971
4.0,5.0,2.0,4.0,4.0,1.0,2.6572834862882266
4.0,5.0,2.0,4.0,4.0,2.0,2.9126460270591052
4.0,5.0,2.0,4.0,4.0,3.0,3.16587277307528
4.0,5.0,2.0,4.0,4.0,4.0,3.4208379216115516
4.0,5.0,2.0,4.0,5.0,2.0,3.031830313456826
4.0,5.0,2.0,4.0,5.0,3.0,3.2860487036255615
4.0,5.0,2.0,4.0,5.0,4.0,3.5410360441995112
4.0,5.0,2.0,4.0,5.0,5.0,3.7941431850171785
4.0,5.0,2.0,5.0,1.0,1.0,2.411196506234705
4.0,5.0,2.0,5.0,1.0,2.0,2.666316471754235
4.0,5.0,2.0,5.0,1.0,3.0,2.920457959141745
4.0,5.0,2.0,5.0,1.0,4.0,3.175483925518889
4.0,5.0,2.0,5.0,2.0,2.0,2.7860654085487178
4.0,5.0,2.0,5.0,2.0,3.0,3.040492665000345
4.0,5.0,2.0,5.0,2.0,5.0,3.5501732742520846
4.0,5.0,2.0,5.0,3.0,1.0,2.6510243395483934
4.0,5.0,2.0,5.0,3.0,2.0,2.905810737633572
4.0,5.0,2.0,5.0,3.0,3.0,3.160462880244775
4.0,5.0,2.0,5.0,3.0,5.0,3.669715005765865
4.0,5.0,2.0,5.0,4.0,1.0,2.7710064735212194
4.0,5.0,2.0,5.0,4.0,2.0,3.026362958976971
4.0,5.0,2.0,5.0,4.0,3.0,3.28051930459881
4.0,5.0,2.0,5.0,4.0,4.0,3.5354193446147244
4.0,5.0,2.0,5.0,4.0,5.0,3.7903382844876643
4.0,5.0,2.0,5.0,5.0,1.0,2.8910841596820025
4.0,5.0,2.0,5.0,5.0,2.0,3.14534250227412
4.0,5.0,2.0,5.0,5.0,3.0,3.4002119251421075
4.0,5.0,2.0,5.0,5.0,4.0,3.6553229681600774
4.0,5.0,2.0,5.0,5.0,5.0,3.9082698093577055
4.0,5.0,3.0,1.0,1.0,2.0,2.461363759056471
4.0,5.0,3.0,1.0,1.0,3.0,2.7161938551920644
4.0,5.0,3.0,1.0,2.0,1.0,2.325907668115846
4.0,5.0,3.0,1.0,2.0,2.0,2.5810200762798137
4.0,5.0,3.0,1.0,2.0,3.0,2.8358272813434016
4.0,5.0,3.0,1.0,3.0,1.0,2.4450590564373624
4.0,5.0,3.0,1.0,3.0,2.0,2.7013310766147214
4.0,5.0,3.0,1.0,3.0,3.0,2.9558375112121067
4.0,5.0,3.0,1.0,3.0,4.0,3.2100561450741325
4.0,5.0,3.0,1.0,4.0,1.0,2.566047318577936
4.0,5.0,3.0,1.0,4.0,2.0,2.8204555156983204
4.0,5.0,3.0,1.0,4.0,3.0,3.0756071266024465
4.0,5.0,3.0,1.0,4.0,4.0,3.329563952270618
4.0,5.0,3.0,1.0,4.0,5.0,3.584511834226383
4.0,5.0,3.0,1.0,5.0,2.0,2.940872909585817
4.0,5.0,3.0,1.0,5.0,3.0,3.1955990327551893
4.0,5.0,3.0,1.0,5.0,4.0,3.4496419023832425
4.0,5.0,3.0,1.0,5.0,5.0,3.7048218362883127
4.0,5.0,3.0,2.0,1.0,1.0,2.3206180895704165
4.0,5.0,3.0,2.0,1.0,2.0,2.574723258983483
4.0,5.0,3.0,2.0,1.0,3.0,2.8297441310885247
4.0,5.0,3.0,2.0,2.0,2.0,2.6953157770520777
4.0,5.0,3.0,2.0,2.0,3.0,2.9488369389319846
4.0,5.0,3.0,2.0,2.0,4.0,3.2043826465609246
4.0,5.0,3.0,2.0,3.0,1.0,2.560207864839428
4.0,5.0,3.0,2.0,3.0,2.0,2.8146141682380508
4.0,5.0,3.0,2.0,3.0,3.0,3.069904346993132
4.0,5.0,3.0,2.0,3.0,4.0,3.3243750308416002
4.0,5.0,3.0,2.0,3.0,5.0,3.5790208666516174
4.0,5.0,3.0,2.0,4.0,2.0,2.9344674922243112
4.0,5.0,3.0,2.0,4.0,3.0,3.1887146692219672
4.0,5.0,3.0,2.0,4.0,4.0,3.4438294001729477
4.0,5.0,3.0,2.0,4.0,5.0,3.699097332944478
4.0,5.0,3.0,2.0,5.0,1.0,2.8006528644109885
4.0,5.0,3.0,2.0,5.0,2.0,3.0546008485561504
4.0,5.0,3.0,2.0,5.0,3.0,3.308740002764637
4.0,5.0,3.0,2.0,5.0,4.0,3.5631472604612773
4.0,5.0,3.0,2.0,5.0,5.0,3.8177270215377987
4.0,5.0,3.0,3.0,1.0,2.0,2.68920883364609
4.0,5.0,3.0,3.0,1.0,3.0,2.942866967347455
4.0,5.0,3.0,3.0,2.0,1.0,2.5545096571691364
4.0,5.0,3.0,3.0,2.0,2.0,2.8090609070247354
4.0,5.0,3.0,3.0,2.0,3.0,3.0653383493741173
4.0,5.0,3.0,3.0,2.0,4.0,3.318379943938048
4.0,5.0,3.0,3.0,2.0,5.0,3.573091916486524
4.0,5.0,3.0,3.0,3.0,1.0,2.6740494747574446
4.0,5.0,3.0,3.0,3.0,2.0,2.928937766888663
4.0,5.0,3.0,3.0,3.0,3.0,3.1850536577763546
4.0,5.0,3.0,3.0,3.0,4.0,3.4388381981329115
4.0,5.0,3.0,3.0,3.0,5.0,3.692471224212723
4.0,5.0,3.0,3.0,4.0,1.0,2.794399187438542
4.0,5.0,3.0,3.0,4.0,2.0,3.047965518165841
4.0,5.0,3.0,3.0,4.0,3.0,3.3057037638496163
4.0,5.0,3.0,3.0,4.0,4.0,3.560086500741162
4.0,5.0,3.0,3.0,4.0,5.0,3.812654780820568
4.0,5.0,3.0,3.0,5.0,1.0,2.9136766417099342
4.0,5.0,3.0,3.0,5.0,2.0,3.1685049282004214
4.0,5.0,3.0,3.0,5.0,3.0,3.4242801380001806
4.0,5.0,3.0,3.0,5.0,4.0,3.6780989382873885
4.0,5.0,3.0,3.0,5.0,5.0,3.932600224132142
4.0,5.0,3.0,4.0,1.0,1.0,2.5485168821391966
4.0,5.0,3.0,4.0,1.0,2.0,2.80349701586108
4.0,5.0,3.0,4.0,1.0,3.0,3.058460152207865
4.0,5.0,3.0,4.0,1.0,4.0,3.311175229021459
4.0,5.0,3.0,4.0,2.0,2.0,2.9229718683629335
4.0,5.0,3.0,4.0,2.0,3.0,3.1783028343192683
4.0,5.0,3.0,4.0,2.0,4.0,3.4320742452624007
4.0,5.0,3.0,4.0,2.0,5.0,3.6866612241541543
4.0,5.0,3.0,4.0,3.0,1.0,2.7884615949342755
4.0,5.0,3.0,4.0,3.0,2.0,3.0430700887010587
4.0,5.0,3.0,4.0,3.0,3.0,3.302593729098055
4.0,5.0,3.0,4.0,3.0,4.0,3.5592402202126294
4.0,5.0,3.0,4.0,3.0,5.0,3.8068100106392637
4.0,5.0,3.0,4.0,4.0,1.0,2.907949258976885
4.0,5.0,3.0,4.0,4.0,2.0,3.16176456231233
4.0,5.0,3.0,4.0,4.0,3.0,3.424339901631237
4.0,5.0,3.0,4.0,4.0,4.0,3.694974805747922
4.0,5.0,3.0,4.0,4.0,5.0,3.9286228440376956
4.0,5.0,3.0,4.0,5.0,2.0,3.282550391808614
4.0,5.0,3.0,4.0,5.0,3.0,3.537126529916056
4.0,5.0,3.0,4.0,5.0,4.0,3.8002536745099604
4.0,5.0,3.0,4.0,5.0,5.0,4.047550708591623
4.0,5.0,3.0,5.0,1.0,1.0,2.66153623881233
4.0,5.0,3.0,5.0,1.0,2.0,2.9166732611586976
4.0,5.0,3.0,5.0,1.0,3.0,3.1716337492701285
4.0,5.0,3.0,5.0,1.0,4.0,3.425418857679421
4.0,5.0,3.0,5.0,1.0,5.0,3.6802208442094666
4.0,5.0,3.0,5.0,2.0,1.0,2.7819921333992395
4.0,5.0,3.0,5.0,2.0,2.0,3.0366559539724682
4.0,5.0,3.0,5.0,2.0,3.0,3.2909454462260617
4.0,5.0,3.0,5.0,2.0,4.0,3.547038750594603
4.0,5.0,3.0,5.0,2.0,5.0,3.800127433993903
4.0,5.0,3.0,5.0,3.0,2.0,3.1571048002314055
4.0,5.0,3.0,5.0,3.0,3.0,3.411016054217466
4.0,5.0,3.0,5.0,3.0,4.0,3.667502913019799
4.0,5.0,3.0,5.0,3.0,5.0,3.920192171624763
4.0,5.0,3.0,5.0,4.0,2.0,3.276266135062022
4.0,5.0,3.0,5.0,4.0,3.0,3.5318410339875164
4.0,5.0,3.0,5.0,4.0,4.0,3.7909178436941504
4.0,5.0,3.0,5.0,4.0,5.0,4.0417283842594625
4.0,5.0,3.0,5.0,5.0,1.0,3.141841097851201
4.0,5.0,3.0,5.0,5.0,2.0,3.39603178559251
4.0,5.0,3.0,5.0,5.0,3.0,3.6519509526046328
4.0,5.0,3.0,5.0,5.0,4.0,3.9115075469616665
4.0,5.0,3.0,5.0,5.0,5.0,4.160441762371796
4.0,5.0,4.0,1.0,1.0,1.0,2.4570215821277697
4.0,5.0,4.0,1.0,2.0,2.0,2.8316650191519535
4.0,5.0,4.0,1.0,3.0,1.0,2.696910867873948
4.0,5.0,4.0,1.0,3.0,3.0,3.2054522020369736
4.0,5.0,4.0,1.0,4.0,3.0,3.3265601016603705
4.0,5.0,4.0,1.0,4.0,4.0,3.580257964289945
4.0,5.0,4.0,1.0,4.0,5.0,3.835237855248592
4.0,5.0,4.0,1.0,5.0,2.0,3.191359754504409
4.0,5.0,4.0,1.0,5.0,3.0,3.4460739512507064
4.0,5.0,4.0,1.0,5.0,4.0,3.7005684753529566
4.0,5.0,4.0,2.0,1.0,1.0,2.5716400958531667
4.0,5.0,4.0,2.0,2.0,2.0,2.9452298857968318
4.0,5.0,4.0,2.0,2.0,3.0,3.200735716770535
4.0,5.0,4.0,2.0,2.0,4.0,3.4548725107399436
4.0,5.0,4.0,2.0,3.0,1.0,2.8104605718579054
4.0,5.0,4.0,2.0,3.0,2.0,3.065751853303767
4.0,5.0,4.0,2.0,3.0,3.0,3.320321722412442
4.0,5.0,4.0,2.0,3.0,4.0,3.574643854226562
4.0,5.0,4.0,2.0,4.0,2.0,3.1853691342648314
4.0,5.0,4.0,2.0,4.0,3.0,3.4404097891748133
4.0,5.0,4.0,2.0,4.0,4.0,3.6942423933232806
4.0,5.0,4.0,2.0,4.0,5.0,3.9493259905220572
4.0,5.0,4.0,2.0,5.0,2.0,3.3050157039084893
4.0,5.0,4.0,2.0,5.0,3.0,3.559710850812331
4.0,5.0,4.0,2.0,5.0,4.0,3.813536491985795
4.0,5.0,4.0,2.0,5.0,5.0,4.069326597770944
4.0,5.0,4.0,3.0,1.0,1.0,2.6851897874489743
4.0,5.0,4.0,3.0,1.0,2.0,2.9395028441948634
4.0,5.0,4.0,3.0,1.0,3.0,3.194048590702161
4.0,5.0,4.0,3.0,1.0,4.0,3.4488774614330278
4.0,5.0,4.0,3.0,2.0,1.0,2.8047334992195228
4.0,5.0,4.0,3.0,2.0,2.0,3.0592340367319064
4.0,5.0,4.0,3.0,2.0,3.0,3.314451746859719
4.0,5.0,4.0,3.0,2.0,4.0,3.5686168279381105
4.0,5.0,4.0,3.0,2.0,5.0,3.823563797025355
4.0,5.0,4.0,3.0,3.0,1.0,2.9248110700478143
4.0,5.0,4.0,3.0,3.0,2.0,3.1798100679614
4.0,5.0,4.0,3.0,3.0,3.0,3.4365224781501555
4.0,5.0,4.0,3.0,3.0,4.0,3.6904831317019067
4.0,5.0,4.0,3.0,3.0,5.0,3.9439219083146035
4.0,5.0,4.0,3.0,4.0,2.0,3.299371919191173
4.0,5.0,4.0,3.0,4.0,3.0,3.5554387623445
4.0,5.0,4.0,3.0,4.0,4.0,3.8122087071164747
4.0,5.0,4.0,3.0,4.0,5.0,4.063486524632638
4.0,5.0,4.0,3.0,5.0,1.0,3.164163414452269
4.0,5.0,4.0,3.0,5.0,2.0,3.418994930698202
4.0,5.0,4.0,3.0,5.0,3.0,3.6737522988109625
4.0,5.0,4.0,3.0,5.0,4.0,3.9282010579509588
4.0,5.0,4.0,3.0,5.0,5.0,4.182964047375791
4.0,5.0,4.0,4.0,1.0,1.0,2.7990051117661103
4.0,5.0,4.0,4.0,1.0,3.0,3.3075759665614393
4.0,5.0,4.0,4.0,1.0,4.0,3.5624110770709483
4.0,5.0,4.0,4.0,1.0,5.0,3.8175246011791346
4.0,5.0,4.0,4.0,2.0,2.0,3.1731478938827657
4.0,5.0,4.0,4.0,2.0,3.0,3.428246581628622
4.0,5.0,4.0,4.0,2.0,4.0,3.683088583996825
4.0,5.0,4.0,4.0,2.0,5.0,3.9368334546543156
4.0,5.0,4.0,4.0,3.0,2.0,3.293015806514507
4.0,5.0,4.0,4.0,3.0,3.0,3.555326494600001
4.0,5.0,4.0,4.0,3.0,4.0,3.8129854130679615
4.0,5.0,4.0,4.0,3.0,5.0,4.057074877091715
4.0,5.0,4.0,4.0,4.0,1.0,3.1583963569779536
4.0,5.0,4.0,4.0,4.0,2.0,3.4135577688995244
4.0,5.0,4.0,4.0,4.0,3.0,3.680623158738378
4.0,5.0,4.0,4.0,4.0,4.0,3.978839427966724
4.0,5.0,4.0,4.0,4.0,5.0,4.185093316126928
4.0,5.0,4.0,4.0,5.0,2.0,3.5323472780184666
4.0,5.0,4.0,4.0,5.0,3.0,3.7880129509706406
4.0,5.0,4.0,4.0,5.0,4.0,4.056164865174195
4.0,5.0,4.0,4.0,5.0,5.0,4.2977163337264725
4.0,5.0,4.0,5.0,1.0,2.0,3.167114232111487
4.0,5.0,4.0,5.0,1.0,3.0,3.4219886262658976
4.0,5.0,4.0,5.0,1.0,4.0,3.676759753174313
4.0,5.0,4.0,5.0,1.0,5.0,3.930843294278725
4.0,5.0,4.0,5.0,2.0,2.0,3.286774713657541
4.0,5.0,4.0,5.0,2.0,3.0,3.5419320780325583
4.0,5.0,4.0,5.0,2.0,4.0,3.795913904401286
4.0,5.0,4.0,5.0,2.0,5.0,4.051013693789591
4.0,5.0,4.0,5.0,3.0,2.0,3.407056267535418
4.0,5.0,4.0,5.0,3.0,3.0,3.662664631700025
4.0,5.0,4.0,5.0,3.0,4.0,3.921458961746685
4.0,5.0,4.0,5.0,3.0,5.0,4.171816198830862
4.0,5.0,4.0,5.0,4.0,3.0,3.781709376250217
4.0,5.0,4.0,5.0,4.0,4.0,4.057206825740494
4.0,5.0,4.0,5.0,4.0,5.0,4.299764862003996
4.0,5.0,4.0,5.0,5.0,2.0,3.6462810166271438
4.0,5.0,4.0,5.0,5.0,3.0,3.900824345537244
4.0,5.0,4.0,5.0,5.0,4.0,4.169954559422466
4.0,5.0,4.0,5.0,5.0,5.0,4.430211851864535
4.0,5.0,5.0,1.0,2.0,4.0,3.591543160848968
4.0,5.0,5.0,1.0,3.0,4.0,3.711698093177041
4.0,5.0,5.0,1.0,4.0,3.0,3.576604029790178
4.0,5.0,5.0,1.0,4.0,5.0,4.085729409416012
4.0,5.0,5.0,1.0,5.0,1.0,3.1870180296535726
4.0,5.0,5.0,1.0,5.0,4.0,3.9512447610630317
4.0,5.0,5.0,1.0,5.0,5.0,4.205539167340207
4.0,5.0,5.0,2.0,2.0,1.0,2.941398802490923
4.0,5.0,5.0,2.0,2.0,3.0,3.450799298326178
4.0,5.0,5.0,2.0,3.0,2.0,3.315696899807265
4.0,5.0,5.0,2.0,3.0,3.0,3.5709889598506415
4.0,5.0,5.0,2.0,3.0,4.0,3.8249540355581217
4.0,5.0,5.0,2.0,4.0,2.0,3.4358550469504885
4.0,5.0,5.0,2.0,4.0,3.0,3.6902356604200413
4.0,5.0,5.0,2.0,4.0,4.0,3.9449822706628814
4.0,5.0,5.0,2.0,4.0,5.0,4.1998104153486056
4.0,5.0,5.0,2.0,5.0,2.0,3.5556659886589834
4.0,5.0,5.0,2.0,5.0,3.0,3.809798455292504
4.0,5.0,5.0,2.0,5.0,4.0,4.0653078947592105
4.0,5.0,5.0,2.0,5.0,5.0,4.3187539657129435
4.0,5.0,5.0,3.0,1.0,3.0,3.44471537689737
4.0,5.0,5.0,3.0,1.0,4.0,3.699633050601718
4.0,5.0,5.0,3.0,2.0,2.0,3.3103204855490667
4.0,5.0,5.0,3.0,2.0,3.0,3.5645808762216378
4.0,5.0,5.0,3.0,2.0,4.0,3.8197129299990515
4.0,5.0,5.0,3.0,3.0,2.0,3.4296333273801096
4.0,5.0,5.0,3.0,3.0,3.0,3.6833438273348005
4.0,5.0,5.0,3.0,3.0,4.0,3.938899586196486
4.0,5.0,5.0,3.0,3.0,5.0,4.194035159759728
4.0,5.0,5.0,3.0,4.0,2.0,3.5499391993463676
4.0,5.0,5.0,3.0,4.0,3.0,3.8037868005829845
4.0,5.0,5.0,3.0,4.0,4.0,4.05801592164535
4.0,5.0,5.0,3.0,4.0,5.0,4.313462953332951
4.0,5.0,5.0,3.0,5.0,2.0,3.6694818921651
4.0,5.0,5.0,3.0,5.0,3.0,3.9235461028641256
4.0,5.0,5.0,3.0,5.0,4.0,4.178273344180806
4.0,5.0,5.0,3.0,5.0,5.0,4.433364546927347
4.0,5.0,5.0,4.0,1.0,2.0,3.3037096987210988
4.0,5.0,5.0,4.0,1.0,3.0,3.558470798283228
4.0,5.0,5.0,4.0,1.0,4.0,3.812850857137253
4.0,5.0,5.0,4.0,1.0,5.0,4.068278389702143
4.0,5.0,5.0,4.0,2.0,1.0,3.1693091310281107
4.0,5.0,5.0,4.0,2.0,3.0,3.6787723921649707
4.0,5.0,5.0,4.0,2.0,4.0,3.93306536634318
4.0,5.0,5.0,4.0,2.0,5.0,4.187991358821014
4.0,5.0,5.0,4.0,3.0,2.0,3.5439437110172736
4.0,5.0,5.0,4.0,3.0,3.0,3.7999476360849984
4.0,5.0,5.0,4.0,3.0,4.0,4.055343842239266
4.0,5.0,5.0,4.0,3.0,5.0,4.308246271634322
4.0,5.0,5.0,4.0,4.0,1.0,3.4089233126310723
4.0,5.0,5.0,4.0,4.0,2.0,3.663578896763187
4.0,5.0,5.0,4.0,4.0,3.0,3.9201470492422428
4.0,5.0,5.0,4.0,4.0,4.0,4.17558730319009
4.0,5.0,5.0,4.0,4.0,5.0,4.428399994527585
4.0,5.0,5.0,4.0,5.0,2.0,3.783354194670203
4.0,5.0,5.0,4.0,5.0,3.0,4.037769306640835
4.0,5.0,5.0,4.0,5.0,4.0,4.289073620695314
4.0,5.0,5.0,4.0,5.0,5.0,4.541222021545171
4.0,5.0,5.0,5.0,1.0,2.0,3.417870861308345
4.0,5.0,5.0,5.0,1.0,3.0,3.6725239949130235
4.0,5.0,5.0,5.0,1.0,4.0,3.927037816965389
4.0,5.0,5.0,5.0,1.0,5.0,4.1799911732914445
4.0,5.0,5.0,5.0,2.0,2.0,3.537950638288398
4.0,5.0,5.0,5.0,2.0,3.0,3.79241420551001
4.0,5.0,5.0,5.0,2.0,4.0,4.045592955720058
4.0,5.0,5.0,5.0,2.0,5.0,4.300222827435225
4.0,5.0,5.0,5.0,3.0,2.0,3.657410705217697
4.0,5.0,5.0,5.0,3.0,3.0,3.9127611675318277
4.0,5.0,5.0,5.0,3.0,4.0,4.166177692884976
4.0,5.0,5.0,5.0,3.0,5.0,4.418927759952853
4.0,5.0,5.0,5.0,4.0,2.0,3.777362834948035
4.0,5.0,5.0,5.0,4.0,3.0,4.031657304810957
4.0,5.0,5.0,5.0,4.0,4.0,4.294298351894059
4.0,5.0,5.0,5.0,4.0,5.0,4.5454266865716395
4.0,5.0,5.0,5.0,5.0,1.0,3.6428183947306456
4.0,5.0,5.0,5.0,5.0,2.0,3.8968750643228387
4.0,5.0,5.0,5.0,5.0,3.0,4.152342719344255
4.0,5.0,5.0,5.0,5.0,4.0,4.406788755094558
4.0,5.0,5.0,5.0,5.0,5.0,4.65407308395706
5.0,1.0,1.0,1.0,1.0,1.0,1.865771540053419
5.0,1.0,1.0,1.0,3.0,1.0,2.1083901405440533
5.0,1.0,1.0,1.0,4.0,3.0,2.7379118787389705
5.0,1.0,1.0,2.0,2.0,2.0,2.3578181848887176
5.0,1.0,1.0,2.0,3.0,1.0,2.2227963780032387
5.0,1.0,1.0,2.0,3.0,2.0,2.4773641343045916
5.0,1.0,1.0,3.0,1.0,1.0,2.096989788908381
5.0,1.0,1.0,3.0,3.0,1.0,2.336271467303593
5.0,1.0,1.0,4.0,3.0,3.0,2.9600883929972595
5.0,1.0,1.0,4.0,4.0,1.0,2.5704871409909225
5.0,1.0,1.0,5.0,1.0,1.0,2.3252551836056434
5.0,1.0,1.0,5.0,1.0,3.0,2.833570708225091
5.0,1.0,1.0,5.0,1.0,5.0,3.3418953043324646
5.0,1.0,1.0,5.0,2.0,1.0,2.4444358652452927
5.0,1.0,1.0,5.0,2.0,2.0,2.6992606283285414
5.0,1.0,1.0,5.0,2.0,5.0,3.4637557139390607
5.0,1.0,1.0,5.0,3.0,1.0,2.564510875133962
5.0,1.0,1.0,5.0,3.0,5.0,3.583027792505576
5.0,1.0,1.0,5.0,5.0,4.0,3.5675469961308943
5.0,1.0,1.0,5.0,5.0,5.0,3.820612478194741
5.0,1.0,2.0,1.0,1.0,1.0,2.11985002637474
5.0,1.0,2.0,1.0,3.0,2.0,2.614033156941051
5.0,1.0,2.0,2.0,1.0,1.0,2.233672261746954
5.0,1.0,2.0,2.0,3.0,2.0,2.7281161996553864
5.0,1.0,2.0,2.0,3.0,3.0,2.98268120995967
5.0,1.0,2.0,3.0,1.0,3.0,2.856873693447347
5.0,1.0,2.0,3.0,2.0,1.0,2.4683610891549557
5.0,1.0,2.0,3.0,2.0,2.0,2.7221235807320263
5.0,1.0,2.0,3.0,3.0,2.0,2.8419319392394624
5.0,1.0,2.0,3.0,3.0,3.0,3.097027562540534
5.0,1.0,2.0,3.0,4.0,3.0,3.2163074009162202
5.0,1.0,2.0,4.0,1.0,2.0,2.7161294957345095
5.0,1.0,2.0,4.0,5.0,4.0,3.7040405536744783
5.0,1.0,2.0,5.0,1.0,3.0,3.0836610802733477
5.0,1.0,2.0,5.0,1.0,5.0,3.5933668549399367
5.0,1.0,2.0,5.0,2.0,3.0,3.2042633163542265
5.0,1.0,2.0,5.0,3.0,4.0,3.578961287731933
5.0,1.0,3.0,1.0,1.0,1.0,2.3703378659946766
5.0,1.0,3.0,1.0,1.0,3.0,2.879464010707562
5.0,1.0,3.0,1.0,3.0,1.0,2.6097982936364277
5.0,1.0,3.0,2.0,1.0,2.0,2.739251905334442
5.0,1.0,3.0,2.0,3.0,1.0,2.7243051527775752
5.0,1.0,3.0,3.0,1.0,1.0,2.5976532887202173
5.0,1.0,3.0,3.0,1.0,2.0,2.85203793416399
5.0,1.0,3.0,3.0,1.0,3.0,3.107367764509939
5.0,1.0,3.0,3.0,2.0,2.0,2.972608916155221
5.0,1.0,3.0,3.0,2.0,3.0,3.227376520785486
5.0,1.0,3.0,3.0,2.0,4.0,3.482004281640392
5.0,1.0,3.0,3.0,3.0,3.0,3.3467191405836005
5.0,1.0,3.0,3.0,3.0,4.0,3.6018126633411383
5.0,1.0,3.0,3.0,5.0,1.0,3.0777431447900154
5.0,1.0,3.0,4.0,1.0,4.0,3.476008514994941
5.0,1.0,3.0,4.0,2.0,3.0,3.341256903550789
5.0,1.0,3.0,4.0,2.0,4.0,3.5958223371645532
5.0,1.0,3.0,4.0,3.0,3.0,3.460289598439834
5.0,1.0,3.0,4.0,4.0,3.0,3.5811455191743264
5.0,1.0,3.0,4.0,4.0,4.0,3.835439314018589
5.0,1.0,3.0,4.0,5.0,3.0,3.7001565240867405
5.0,1.0,3.0,4.0,5.0,5.0,4.210079505464014
5.0,1.0,3.0,5.0,1.0,1.0,2.8267152380871257
5.0,1.0,3.0,5.0,1.0,2.0,3.0801665102816775
5.0,1.0,3.0,5.0,1.0,3.0,3.3352623899587885
5.0,1.0,3.0,5.0,1.0,4.0,3.5896711362902898
5.0,1.0,3.0,5.0,3.0,2.0,3.320055373291747
5.0,1.0,3.0,5.0,3.0,4.0,3.829443799066814
5.0,1.0,3.0,5.0,4.0,4.0,3.949257534564429
5.0,1.0,3.0,5.0,4.0,5.0,4.204085869148902
5.0,1.0,3.0,5.0,5.0,4.0,4.069064191503508
5.0,1.0,3.0,5.0,5.0,5.0,4.323455800728236
5.0,1.0,4.0,1.0,5.0,5.0,4.117749379847759
5.0,1.0,4.0,3.0,2.0,3.0,3.4776679240700448
5.0,1.0,4.0,4.0,1.0,3.0,3.471666902217977
5.0,1.0,4.0,4.0,1.0,4.0,3.7264984046721676
5.0,1.0,4.0,4.0,3.0,3.0,3.7118215852884986
5.0,1.0,4.0,5.0,1.0,1.0,3.0763576587946497
5.0,1.0,4.0,5.0,1.0,3.0,3.5857539954453945
5.0,1.0,4.0,5.0,1.0,4.0,3.840582181652778
5.0,1.0,4.0,5.0,1.0,5.0,4.095143888967908
5.0,1.0,4.0,5.0,3.0,4.0,4.0796699856997325
5.0,1.0,4.0,5.0,3.0,5.0,4.334499582584874
5.0,1.0,4.0,5.0,4.0,4.0,4.200012543978666
5.0,1.0,4.0,5.0,4.0,5.0,4.454722344097147
5.0,1.0,4.0,5.0,5.0,4.0,4.3198223173803765
5.0,1.0,4.0,5.0,5.0,5.0,4.574117002206043
5.0,1.0,5.0,1.0,2.0,1.0,2.9913926911620874
5.0,1.0,5.0,2.0,1.0,2.0,3.2399629260360983
5.0,1.0,5.0,4.0,1.0,2.0,3.467594756550834
5.0,1.0,5.0,5.0,1.0,4.0,4.090270880896938
5.0,1.0,5.0,5.0,1.0,5.0,4.3448305260358495
5.0,1.0,5.0,5.0,2.0,5.0,4.463858536230502
5.0,1.0,5.0,5.0,3.0,2.0,3.8212985112216695
5.0,1.0,5.0,5.0,3.0,3.0,4.07558163984812
5.0,1.0,5.0,5.0,4.0,5.0,4.704524579789482
5.0,1.0,5.0,5.0,5.0,1.0,3.805828860364923
5.0,1.0,5.0,5.0,5.0,4.0,4.570691548308511
5.0,1.0,5.0,5.0,5.0,5.0,4.820687971790262
5.0,2.0,1.0,1.0,1.0,1.0,1.9082899342311213
5.0,2.0,1.0,1.0,1.0,2.0,2.16312205059989
5.0,2.0,1.0,1.0,2.0,1.0,2.028100673770505
5.0,2.0,1.0,2.0,1.0,2.0,2.2774749240309395
5.0,2.0,1.0,3.0,1.0,3.0,2.645584301819913
5.0,2.0,1.0,3.0,2.0,1.0,2.2557358453564462
5.0,2.0,1.0,3.0,3.0,2.0,2.630625555762356
5.0,2.0,1.0,3.0,4.0,1.0,2.4952195040312253
5.0,2.0,1.0,4.0,2.0,1.0,2.369807884026006
5.0,2.0,1.0,4.0,3.0,2.0,2.744726304810676
5.0,2.0,1.0,4.0,3.0,3.0,2.9987518395237767
5.0,2.0,1.0,5.0,1.0,2.0,2.6181064277050226
5.0,2.0,1.0,5.0,3.0,3.0,3.112831175592705
5.0,2.0,1.0,5.0,3.0,4.0,3.366862088401573
5.0,2.0,1.0,5.0,4.0,4.0,3.486940113967785
5.0,2.0,1.0,5.0,5.0,4.0,3.6070187113905354
5.0,2.0,2.0,1.0,1.0,1.0,2.158694928836039
5.0,2.0,2.0,1.0,2.0,1.0,2.2785895634936018
5.0,2.0,2.0,1.0,2.0,2.0,2.5331523802478335
5.0,2.0,2.0,1.0,3.0,1.0,2.3982926441714687
5.0,2.0,2.0,1.0,3.0,2.0,2.6529608835374265
5.0,2.0,2.0,1.0,3.0,3.0,2.9075245436093424
5.0,2.0,2.0,1.0,5.0,2.0,2.8928778040855216
5.0,2.0,2.0,2.0,1.0,2.0,2.5276918965924167
5.0,2.0,2.0,2.0,2.0,2.0,2.64689161863828
5.0,2.0,2.0,2.0,2.0,3.0,2.9018005370000584
5.0,2.0,2.0,2.0,3.0,2.0,2.7670432401930296
5.0,2.0,2.0,2.0,3.0,3.0,3.0216072831093106
5.0,2.0,2.0,3.0,2.0,1.0,2.506222406086667
5.0,2.0,2.0,3.0,2.0,2.0,2.7610522209467883
5.0,2.0,2.0,3.0,2.0,5.0,3.5247015975242304
5.0,2.0,2.0,3.0,3.0,1.0,2.6260294011675813
5.0,2.0,2.0,3.0,3.0,2.0,2.8808645499372783
5.0,2.0,2.0,3.0,4.0,3.0,3.2554290649298316
5.0,2.0,2.0,4.0,1.0,2.0,2.7553226666852844
5.0,2.0,2.0,4.0,1.0,4.0,3.2641856867724925
5.0,2.0,2.0,4.0,1.0,5.0,3.5187338588119967
5.0,2.0,2.0,4.0,2.0,3.0,3.1293930362843976
5.0,2.0,2.0,4.0,3.0,3.0,3.2495097427702992
5.0,2.0,2.0,4.0,3.0,4.0,3.5040666051027625
5.0,2.0,2.0,4.0,5.0,5.0,3.9985241553009794
5.0,2.0,2.0,5.0,1.0,1.0,2.6143103937492675
5.0,2.0,2.0,5.0,1.0,4.0,3.3782675410232907
5.0,2.0,2.0,5.0,1.0,5.0,3.632828841007354
5.0,2.0,2.0,5.0,2.0,5.0,3.7526588520697057
5.0,2.0,2.0,5.0,3.0,3.0,3.3633216976888187
5.0,2.0,2.0,5.0,3.0,5.0,3.872445630174358
5.0,2.0,2.0,5.0,4.0,4.0,3.7372341068194017
5.0,2.0,2.0,5.0,4.0,5.0,3.991989801019319
5.0,2.0,2.0,5.0,5.0,2.0,3.348102883721911
5.0,2.0,2.0,5.0,5.0,3.0,3.602786253877977
5.0,2.0,2.0,5.0,5.0,4.0,3.8575035539700284
5.0,2.0,2.0,5.0,5.0,5.0,4.110913503626036
5.0,2.0,3.0,1.0,2.0,4.0,3.293299393641708
5.0,2.0,3.0,1.0,3.0,2.0,2.903716957711156
5.0,2.0,3.0,1.0,5.0,1.0,2.8885065224448754
5.0,2.0,3.0,2.0,2.0,1.0,2.643424992442265
5.0,2.0,3.0,2.0,2.0,2.0,2.8977503011291343
5.0,2.0,3.0,2.0,3.0,2.0,3.016732698803622
5.0,2.0,3.0,2.0,3.0,3.0,3.2720242050657924
5.0,2.0,3.0,2.0,4.0,3.0,3.3921732810797205
5.0,2.0,3.0,2.0,4.0,4.0,3.6470038678712977
5.0,2.0,3.0,3.0,1.0,2.0,2.891462858735138
5.0,2.0,3.0,3.0,2.0,3.0,3.2663709237060243
5.0,2.0,3.0,3.0,3.0,1.0,2.877323537077742
5.0,2.0,3.0,3.0,3.0,2.0,3.131347403293945
5.0,2.0,3.0,3.0,3.0,3.0,3.3858692071326932
5.0,2.0,3.0,3.0,3.0,5.0,3.895309689246931
5.0,2.0,3.0,3.0,4.0,3.0,3.505589346349415
5.0,2.0,3.0,3.0,4.0,4.0,3.760553220610016
5.0,2.0,3.0,3.0,5.0,2.0,3.370968910687885
5.0,2.0,3.0,3.0,5.0,5.0,4.135191840431122
5.0,2.0,3.0,4.0,1.0,2.0,3.005544067287012
5.0,2.0,3.0,4.0,1.0,3.0,3.2599013875798803
5.0,2.0,3.0,4.0,2.0,2.0,3.1253257169299555
5.0,2.0,3.0,4.0,2.0,4.0,3.634739915592246
5.0,2.0,3.0,4.0,3.0,1.0,2.990606498241607
5.0,2.0,3.0,4.0,3.0,3.0,3.499860919968854
5.0,2.0,3.0,4.0,4.0,3.0,3.620007744229071
5.0,2.0,3.0,4.0,4.0,4.0,3.874174077778373
5.0,2.0,3.0,4.0,4.0,5.0,4.1289313050845475
5.0,2.0,3.0,4.0,5.0,3.0,3.739683815154156
5.0,2.0,3.0,4.0,5.0,4.0,3.9941785852578846
5.0,2.0,3.0,4.0,5.0,5.0,4.248473122790603
5.0,2.0,3.0,5.0,1.0,2.0,3.1193612022240513
5.0,2.0,3.0,5.0,1.0,3.0,3.37409106385029
5.0,2.0,3.0,5.0,1.0,4.0,3.6285860753624237
5.0,2.0,3.0,5.0,2.0,3.0,3.4938702923368288
5.0,2.0,3.0,5.0,3.0,2.0,3.3592462845332545
5.0,2.0,3.0,5.0,3.0,3.0,3.6136483545395826
5.0,2.0,3.0,5.0,3.0,4.0,3.868518989043583
5.0,2.0,3.0,5.0,3.0,5.0,4.123472107204142
5.0,2.0,3.0,5.0,4.0,1.0,3.224492856238257
5.0,2.0,3.0,5.0,4.0,2.0,3.479465430600417
5.0,2.0,3.0,5.0,4.0,3.0,3.7336935708608916
5.0,2.0,3.0,5.0,4.0,4.0,3.9884569500151192
5.0,2.0,3.0,5.0,4.0,5.0,4.242489081894632
5.0,2.0,3.0,5.0,5.0,4.0,4.10817431603293
5.0,2.0,3.0,5.0,5.0,5.0,4.3625829044040945
5.0,2.0,4.0,1.0,3.0,2.0,3.1544732393532193
5.0,2.0,4.0,2.0,2.0,1.0,2.8933934360926874
5.0,2.0,4.0,2.0,3.0,2.0,3.26828725263438
5.0,2.0,4.0,3.0,1.0,3.0,3.397044582783478
5.0,2.0,4.0,3.0,3.0,3.0,3.6364990052464594
5.0,2.0,4.0,3.0,4.0,3.0,3.7565444469949796
5.0,2.0,4.0,3.0,5.0,4.0,4.131384931050471
5.0,2.0,4.0,4.0,3.0,3.0,3.7507514015007337
5.0,2.0,4.0,4.0,3.0,4.0,4.005051066823308
5.0,2.0,4.0,4.0,4.0,2.0,3.61530561424201
5.0,2.0,4.0,4.0,4.0,3.0,3.870595697269232
5.0,2.0,4.0,4.0,4.0,4.0,4.125057940110709
5.0,2.0,4.0,4.0,5.0,4.0,4.244805920799917
5.0,2.0,4.0,5.0,1.0,4.0,3.878975168189379
5.0,2.0,4.0,5.0,2.0,3.0,3.7447524900447706
5.0,2.0,4.0,5.0,2.0,5.0,4.253885143949555
5.0,2.0,4.0,5.0,3.0,3.0,3.8643007402198526
5.0,2.0,4.0,5.0,3.0,4.0,4.119065154121535
5.0,2.0,4.0,5.0,3.0,5.0,4.373960374659774
5.0,2.0,4.0,5.0,4.0,4.0,4.238622219233775
5.0,2.0,4.0,5.0,4.0,5.0,4.493374479334611
5.0,2.0,4.0,5.0,5.0,4.0,4.358827007807039
5.0,2.0,4.0,5.0,5.0,5.0,4.612193242926648
5.0,2.0,5.0,3.0,2.0,3.0,3.767343200651575
5.0,2.0,5.0,3.0,3.0,3.0,3.886686716242587
5.0,2.0,5.0,3.0,4.0,4.0,4.2620625397999365
5.0,2.0,5.0,3.0,5.0,3.0,4.1267745170262655
5.0,2.0,5.0,4.0,2.0,4.0,4.135996748118288
5.0,2.0,5.0,4.0,3.0,3.0,4.0012395074833815
5.0,2.0,5.0,4.0,4.0,3.0,4.121049556303124
5.0,2.0,5.0,4.0,4.0,4.0,4.375781746021575
5.0,2.0,5.0,4.0,5.0,3.0,4.240798639405948
5.0,2.0,5.0,4.0,5.0,4.0,4.495689634712347
5.0,2.0,5.0,4.0,5.0,5.0,4.7499881777841395
5.0,2.0,5.0,5.0,1.0,1.0,3.3665682070922514
5.0,2.0,5.0,5.0,1.0,5.0,4.384295647812403
5.0,2.0,5.0,5.0,2.0,4.0,4.249811109108314
5.0,2.0,5.0,5.0,2.0,5.0,4.503703189119264
5.0,2.0,5.0,5.0,3.0,4.0,4.369618606738788
5.0,2.0,5.0,5.0,3.0,5.0,4.623950549109127
5.0,2.0,5.0,5.0,4.0,3.0,4.2346009734758745
5.0,2.0,5.0,5.0,4.0,4.0,4.4893184938287165
5.0,2.0,5.0,5.0,4.0,5.0,4.743731522675591
5.0,2.0,5.0,5.0,5.0,3.0,4.354485543513871
5.0,2.0,5.0,5.0,5.0,4.0,4.609020924194447
5.0,2.0,5.0,5.0,5.0,5.0,4.86098795944274
5.0,3.0,1.0,1.0,1.0,1.0,1.9424518522878036
5.0,3.0,1.0,1.0,2.0,1.0,2.067027094807705
5.0,3.0,1.0,1.0,2.0,2.0,2.321416596725232
5.0,3.0,1.0,1.0,3.0,1.0,2.1849628599995126
5.0,3.0,1.0,1.0,4.0,1.0,2.306918263179575
5.0,3.0,1.0,2.0,1.0,1.0,2.0607493152367984
5.0,3.0,1.0,2.0,1.0,2.0,2.3155981595955435
5.0,3.0,1.0,2.0,2.0,1.0,2.180841976631024
5.0,3.0,1.0,2.0,2.0,2.0,2.4358245539511723
5.0,3.0,1.0,2.0,3.0,1.0,2.3004948347570364
5.0,3.0,1.0,2.0,3.0,2.0,2.5550330138203647
5.0,3.0,1.0,2.0,4.0,1.0,2.4204657901790663
5.0,3.0,1.0,3.0,1.0,1.0,2.174491472459901
5.0,3.0,1.0,3.0,1.0,2.0,2.429565155526232
5.0,3.0,1.0,3.0,1.0,3.0,2.6839787900442653
5.0,3.0,1.0,3.0,1.0,4.0,2.9385222811312723
5.0,3.0,1.0,3.0,2.0,1.0,2.2945815869142017
5.0,3.0,1.0,3.0,3.0,1.0,2.414467827266574
5.0,3.0,1.0,3.0,4.0,1.0,2.5338613053041956
5.0,3.0,1.0,3.0,5.0,5.0,3.6730681151695244
5.0,3.0,1.0,4.0,1.0,1.0,2.2886643750984046
5.0,3.0,1.0,4.0,1.0,2.0,2.5434959176046923
5.0,3.0,1.0,4.0,1.0,3.0,2.7983247419689783
5.0,3.0,1.0,4.0,2.0,3.0,2.917871755056182
5.0,3.0,1.0,4.0,4.0,3.0,3.1577581171129676
5.0,3.0,1.0,5.0,1.0,1.0,2.402531464217657
5.0,3.0,1.0,5.0,1.0,3.0,2.911107117361624
5.0,3.0,1.0,5.0,1.0,5.0,3.420883654789728
5.0,3.0,1.0,5.0,2.0,4.0,3.2862489038479006
5.0,3.0,1.0,5.0,3.0,1.0,2.6423689900830905
5.0,3.0,1.0,5.0,3.0,3.0,3.1514950862022593
5.0,3.0,1.0,5.0,3.0,4.0,3.4063200145691215
5.0,3.0,1.0,5.0,3.0,5.0,3.6609477974681033
5.0,3.0,1.0,5.0,4.0,4.0,3.5261379290992263
5.0,3.0,1.0,5.0,4.0,5.0,3.780695041642887
5.0,3.0,1.0,5.0,5.0,1.0,2.88199562588143
5.0,3.0,1.0,5.0,5.0,4.0,3.6459446370531308
5.0,3.0,1.0,5.0,5.0,5.0,3.899990211969502
5.0,3.0,2.0,1.0,1.0,1.0,2.1976013896142796
5.0,3.0,2.0,1.0,2.0,1.0,2.3170815522870223
5.0,3.0,2.0,1.0,2.0,2.0,2.57234718168186
5.0,3.0,2.0,1.0,3.0,1.0,2.4369776882969303
5.0,3.0,2.0,1.0,3.0,2.0,2.6912554069200745
5.0,3.0,2.0,1.0,3.0,3.0,2.9464684040077436
5.0,3.0,2.0,1.0,4.0,1.0,2.557403689600457
5.0,3.0,2.0,1.0,4.0,3.0,3.0665301668513316
5.0,3.0,2.0,2.0,1.0,1.0,2.3111900388586935
5.0,3.0,2.0,2.0,1.0,2.0,2.5664333092063547
5.0,3.0,2.0,2.0,1.0,3.0,2.821183576773165
5.0,3.0,2.0,2.0,2.0,1.0,2.4313715352651304
5.0,3.0,2.0,2.0,2.0,2.0,2.68588131953305
5.0,3.0,2.0,2.0,3.0,1.0,2.5516484049296433
5.0,3.0,2.0,2.0,3.0,2.0,2.804852217129711
5.0,3.0,2.0,2.0,3.0,3.0,3.0607950175567282
5.0,3.0,2.0,2.0,3.0,5.0,3.569773168289754
5.0,3.0,2.0,2.0,4.0,2.0,2.9248182598566963
5.0,3.0,2.0,2.0,4.0,3.0,3.1803003321165724
5.0,3.0,2.0,2.0,4.0,4.0,3.434906828026566
5.0,3.0,2.0,2.0,5.0,2.0,3.045594419489573
5.0,3.0,2.0,2.0,5.0,3.0,3.300342923763365
5.0,3.0,2.0,3.0,1.0,1.0,2.4254917913519227
5.0,3.0,2.0,3.0,1.0,2.0,2.679987716243364
5.0,3.0,2.0,3.0,1.0,3.0,2.934767166155258
5.0,3.0,2.0,3.0,2.0,2.0,2.7994461669624946
5.0,3.0,2.0,3.0,2.0,3.0,3.0545130064716908
5.0,3.0,2.0,3.0,3.0,1.0,2.6652252328669723
5.0,3.0,2.0,3.0,3.0,2.0,2.9201614525342814
5.0,3.0,2.0,3.0,3.0,3.0,3.1741220901450165
5.0,3.0,2.0,3.0,4.0,2.0,3.039856958869141
5.0,3.0,2.0,3.0,4.0,3.0,3.294273116669595
5.0,3.0,2.0,3.0,5.0,3.0,3.4139101181097224
5.0,3.0,2.0,4.0,1.0,2.0,2.793350083519826
5.0,3.0,2.0,4.0,2.0,2.0,2.914083506230004
5.0,3.0,2.0,4.0,2.0,3.0,3.1682701419571315
5.0,3.0,2.0,4.0,2.0,4.0,3.4229210768550717
5.0,3.0,2.0,4.0,3.0,2.0,3.033284452833693
5.0,3.0,2.0,4.0,3.0,3.0,3.2879395024665454
5.0,3.0,2.0,4.0,3.0,4.0,3.5435337194021397
5.0,3.0,2.0,4.0,4.0,1.0,2.8988661353206897
5.0,3.0,2.0,4.0,4.0,2.0,3.153679354889531
5.0,3.0,2.0,4.0,4.0,3.0,3.4079189384298845
5.0,3.0,2.0,4.0,4.0,4.0,3.6622806480298875
5.0,3.0,2.0,4.0,4.0,5.0,3.9176319192949256
5.0,3.0,2.0,4.0,5.0,3.0,3.5277746314711025
5.0,3.0,2.0,4.0,5.0,4.0,3.782617526466429
5.0,3.0,2.0,4.0,5.0,5.0,4.037176098022398
5.0,3.0,2.0,5.0,1.0,2.0,2.9075592747858354
5.0,3.0,2.0,5.0,1.0,3.0,3.1623169108986215
5.0,3.0,2.0,5.0,1.0,4.0,3.41692543198508
5.0,3.0,2.0,5.0,1.0,5.0,3.67175546437098
5.0,3.0,2.0,5.0,2.0,1.0,2.772831882523824
5.0,3.0,2.0,5.0,2.0,2.0,3.0268002754169827
5.0,3.0,2.0,5.0,2.0,3.0,3.282631037267281
5.0,3.0,2.0,5.0,3.0,2.0,3.1476452342240426
5.0,3.0,2.0,5.0,3.0,3.0,3.4019294053730516
5.0,3.0,2.0,5.0,3.0,4.0,3.6570879628761404
5.0,3.0,2.0,5.0,3.0,5.0,3.9113652424588357
5.0,3.0,2.0,5.0,4.0,2.0,3.2668917394742127
5.0,3.0,2.0,5.0,4.0,3.0,3.5219102620245724
5.0,3.0,2.0,5.0,4.0,4.0,3.7763291227343165
5.0,3.0,2.0,5.0,4.0,5.0,4.031438918074206
5.0,3.0,2.0,5.0,5.0,3.0,3.6416982373263367
5.0,3.0,2.0,5.0,5.0,4.0,3.8964354075164964
5.0,3.0,2.0,5.0,5.0,5.0,4.149877704984126
5.0,3.0,3.0,1.0,1.0,1.0,2.44786487750022
5.0,3.0,3.0,1.0,1.0,3.0,2.9575891380158645
5.0,3.0,3.0,1.0,1.0,5.0,3.46669441171701
5.0,3.0,3.0,1.0,2.0,1.0,2.5675880783453873
5.0,3.0,3.0,1.0,2.0,2.0,2.8231043805913205
5.0,3.0,3.0,1.0,3.0,1.0,2.6871839293798425
5.0,3.0,3.0,1.0,3.0,3.0,3.197204297504147
5.0,3.0,3.0,1.0,4.0,1.0,2.807944685136972
5.0,3.0,3.0,1.0,4.0,2.0,3.062188487160183
5.0,3.0,3.0,1.0,5.0,1.0,2.9274555929610666
5.0,3.0,3.0,1.0,5.0,3.0,3.436564890146144
5.0,3.0,3.0,2.0,1.0,1.0,2.562394413601907
5.0,3.0,3.0,2.0,1.0,2.0,2.8168426384066527
5.0,3.0,3.0,2.0,1.0,3.0,3.0716729491202317
5.0,3.0,3.0,2.0,2.0,1.0,2.682174885520413
5.0,3.0,3.0,2.0,2.0,2.0,2.936736410662869
5.0,3.0,3.0,2.0,2.0,3.0,3.1914298479167846
5.0,3.0,3.0,2.0,3.0,1.0,2.8019004756996613
5.0,3.0,3.0,2.0,3.0,2.0,3.0558103569432977
5.0,3.0,3.0,2.0,3.0,3.0,3.3100159011140717
5.0,3.0,3.0,2.0,4.0,1.0,2.921707074512977
5.0,3.0,3.0,2.0,4.0,2.0,3.1758656632728735
5.0,3.0,3.0,2.0,4.0,3.0,3.4298822226675356
5.0,3.0,3.0,2.0,4.0,4.0,3.6856644932574003
5.0,3.0,3.0,2.0,5.0,2.0,3.2960820652142475
5.0,3.0,3.0,2.0,5.0,3.0,3.550911656525073
5.0,3.0,3.0,2.0,5.0,4.0,3.805741799165468
5.0,3.0,3.0,2.0,5.0,5.0,4.060031790449287
5.0,3.0,3.0,3.0,1.0,1.0,2.675734852281106
5.0,3.0,3.0,3.0,1.0,2.0,2.9301801512386256
5.0,3.0,3.0,3.0,1.0,3.0,3.184756052773272
5.0,3.0,3.0,3.0,1.0,4.0,3.44005303439455
5.0,3.0,3.0,3.0,2.0,1.0,2.7959037284487254
5.0,3.0,3.0,3.0,2.0,2.0,3.050175039175766
5.0,3.0,3.0,3.0,2.0,3.0,3.304973223951884
5.0,3.0,3.0,3.0,2.0,4.0,3.5598615970213667
5.0,3.0,3.0,3.0,3.0,1.0,2.9159816183253815
5.0,3.0,3.0,3.0,3.0,2.0,3.1693365371136664
5.0,3.0,3.0,3.0,3.0,3.0,3.423245440664539
5.0,3.0,3.0,3.0,3.0,4.0,3.679386959582839
5.0,3.0,3.0,3.0,3.0,5.0,3.934222470738067
5.0,3.0,3.0,3.0,4.0,1.0,3.035794702110966
5.0,3.0,3.0,3.0,4.0,2.0,3.290201273909443
5.0,3.0,3.0,3.0,4.0,3.0,3.545185957608967
5.0,3.0,3.0,3.0,4.0,4.0,3.7984179126788247
5.0,3.0,3.0,3.0,4.0,5.0,4.054565279085492
5.0,3.0,3.0,3.0,5.0,3.0,3.664554085030061
5.0,3.0,3.0,3.0,5.0,4.0,3.918824998891658
5.0,3.0,3.0,3.0,5.0,5.0,4.17371003849809
5.0,3.0,3.0,4.0,1.0,2.0,3.0444711335013457
5.0,3.0,3.0,4.0,1.0,3.0,3.298372082942651
5.0,3.0,3.0,4.0,1.0,4.0,3.5535969749075305
5.0,3.0,3.0,4.0,2.0,2.0,3.163885769731961
5.0,3.0,3.0,4.0,2.0,3.0,3.4188638915559366
5.0,3.0,3.0,4.0,2.0,4.0,3.673765767677815
5.0,3.0,3.0,4.0,3.0,1.0,3.0297986924677307
5.0,3.0,3.0,4.0,3.0,2.0,3.2832974915843702
5.0,3.0,3.0,4.0,3.0,3.0,3.5395098950202977
5.0,3.0,3.0,4.0,3.0,4.0,3.794051861350361
5.0,3.0,3.0,4.0,3.0,5.0,4.0480418023432305
5.0,3.0,3.0,4.0,4.0,2.0,3.4042223655283173
5.0,3.0,3.0,4.0,4.0,3.0,3.6579159535368335
5.0,3.0,3.0,4.0,4.0,4.0,3.9129376714449013
5.0,3.0,3.0,4.0,4.0,5.0,4.167147327714557
5.0,3.0,3.0,4.0,5.0,1.0,3.2691499586142685
5.0,3.0,3.0,4.0,5.0,3.0,3.777890447871535
5.0,3.0,3.0,4.0,5.0,4.0,4.032998653410637
5.0,3.0,3.0,4.0,5.0,5.0,4.288802581475372
5.0,3.0,3.0,5.0,1.0,1.0,2.9032192646466237
5.0,3.0,3.0,5.0,1.0,2.0,3.1585524822544646
5.0,3.0,3.0,5.0,1.0,3.0,3.4099994584826825
5.0,3.0,3.0,5.0,1.0,4.0,3.666261852123324
5.0,3.0,3.0,5.0,1.0,5.0,3.9202641282581054
5.0,3.0,3.0,5.0,2.0,2.0,3.277950964852938
5.0,3.0,3.0,5.0,2.0,3.0,3.531740521787486
5.0,3.0,3.0,5.0,2.0,4.0,3.787661289193223
5.0,3.0,3.0,5.0,2.0,5.0,4.040344660354655
5.0,3.0,3.0,5.0,3.0,1.0,3.143310679905276
5.0,3.0,3.0,5.0,3.0,2.0,3.397803145387867
5.0,3.0,3.0,5.0,3.0,3.0,3.65108417810084
5.0,3.0,3.0,5.0,3.0,4.0,3.9063894456330597
5.0,3.0,3.0,5.0,3.0,5.0,4.161441272469198
5.0,3.0,3.0,5.0,4.0,1.0,3.2630861634631803
5.0,3.0,3.0,5.0,4.0,2.0,3.5178483242534395
5.0,3.0,3.0,5.0,4.0,3.0,3.7723049864425295
5.0,3.0,3.0,5.0,4.0,4.0,4.0276034250795965
5.0,3.0,3.0,5.0,4.0,5.0,4.282759213694874
5.0,3.0,3.0,5.0,5.0,1.0,3.3825948322336497
5.0,3.0,3.0,5.0,5.0,2.0,3.6377971580820088
5.0,3.0,3.0,5.0,5.0,3.0,3.8925472155753895
5.0,3.0,3.0,5.0,5.0,4.0,4.1473109011687
5.0,3.0,3.0,5.0,5.0,5.0,4.405907872999078
5.0,3.0,4.0,1.0,3.0,5.0,3.9574354370472906
5.0,3.0,4.0,1.0,5.0,4.0,3.942412413014139
5.0,3.0,4.0,2.0,1.0,2.0,3.067599474576641
5.0,3.0,4.0,2.0,2.0,2.0,3.187404958224925
5.0,3.0,4.0,2.0,2.0,3.0,3.4417027281499104
5.0,3.0,4.0,2.0,3.0,2.0,3.3067065865739047
5.0,3.0,4.0,2.0,3.0,3.0,3.5618979091201854
5.0,3.0,4.0,2.0,3.0,4.0,3.8166117625090448
5.0,3.0,4.0,2.0,3.0,5.0,4.070891048920229
5.0,3.0,4.0,2.0,4.0,1.0,3.172464931267358
5.0,3.0,4.0,2.0,4.0,2.0,3.427026261739039
5.0,3.0,4.0,2.0,4.0,3.0,3.6816761196802745
5.0,3.0,4.0,2.0,5.0,5.0,4.310446999806478
5.0,3.0,4.0,3.0,1.0,1.0,2.9271212205695303
5.0,3.0,4.0,3.0,1.0,2.0,3.181899496655311
5.0,3.0,4.0,3.0,2.0,3.0,3.5556390286498107
5.0,3.0,4.0,3.0,3.0,2.0,3.4214549823444256
5.0,3.0,4.0,3.0,3.0,3.0,3.674768377994022
5.0,3.0,4.0,3.0,3.0,4.0,3.930520358031439
5.0,3.0,4.0,3.0,4.0,3.0,3.795945736282724
5.0,3.0,4.0,3.0,4.0,4.0,4.0501835546057885
5.0,3.0,4.0,3.0,5.0,3.0,3.914288626285544
5.0,3.0,4.0,3.0,5.0,4.0,4.169603712296353
5.0,3.0,4.0,3.0,5.0,5.0,4.425182432181726
5.0,3.0,4.0,4.0,1.0,4.0,3.8039268045664487
5.0,3.0,4.0,4.0,2.0,3.0,3.6693363564433885
5.0,3.0,4.0,4.0,2.0,4.0,3.9239386421920837
5.0,3.0,4.0,4.0,2.0,5.0,4.1787290562584145
5.0,3.0,4.0,4.0,3.0,2.0,3.5345652405475834
5.0,3.0,4.0,4.0,3.0,3.0,3.7900536584278366
5.0,3.0,4.0,4.0,3.0,4.0,4.043727917914446
5.0,3.0,4.0,4.0,3.0,5.0,4.29899281029446
5.0,3.0,4.0,4.0,4.0,2.0,3.6544844404959953
5.0,3.0,4.0,4.0,4.0,3.0,3.9077922274905723
5.0,3.0,4.0,4.0,4.0,4.0,4.164392984262121
5.0,3.0,4.0,4.0,4.0,5.0,4.418162623971395
5.0,3.0,4.0,4.0,5.0,3.0,4.028720715006606
5.0,3.0,4.0,4.0,5.0,4.0,4.283203335018933
5.0,3.0,4.0,4.0,5.0,5.0,4.538893629421053
5.0,3.0,4.0,5.0,1.0,2.0,3.408778289186848
5.0,3.0,4.0,5.0,1.0,3.0,3.6631638470314347
5.0,3.0,4.0,5.0,1.0,4.0,3.9184360235620033
5.0,3.0,4.0,5.0,1.0,5.0,4.1724218391476215
5.0,3.0,4.0,5.0,2.0,3.0,3.7836860624240485
5.0,3.0,4.0,5.0,2.0,4.0,4.037983042112929
5.0,3.0,4.0,5.0,2.0,5.0,4.2928093896465
5.0,3.0,4.0,5.0,3.0,2.0,3.648492694697926
5.0,3.0,4.0,5.0,3.0,3.0,3.9032587063440105
5.0,3.0,4.0,5.0,3.0,4.0,4.158725615533539
5.0,3.0,4.0,5.0,3.0,5.0,4.412754758373778
5.0,3.0,4.0,5.0,4.0,2.0,3.768065571585312
5.0,3.0,4.0,5.0,4.0,3.0,4.023220232259857
5.0,3.0,4.0,5.0,4.0,4.0,4.278830826937169
5.0,3.0,4.0,5.0,4.0,5.0,4.531980760536431
5.0,3.0,4.0,5.0,5.0,3.0,4.142237370770581
5.0,3.0,4.0,5.0,5.0,4.0,4.398718868280276
5.0,3.0,4.0,5.0,5.0,5.0,4.655750762540804
5.0,3.0,5.0,1.0,2.0,1.0,3.0689665289121435
5.0,3.0,5.0,2.0,2.0,2.0,3.4376318072411216
5.0,3.0,5.0,2.0,5.0,2.0,3.797591388656277
5.0,3.0,5.0,2.0,5.0,3.0,4.051876308502798
5.0,3.0,5.0,3.0,1.0,4.0,3.941285633636706
5.0,3.0,5.0,3.0,3.0,2.0,3.6715218467370976
5.0,3.0,5.0,3.0,3.0,3.0,3.9261257730820343
5.0,3.0,5.0,3.0,3.0,4.0,4.180554379136991
5.0,3.0,5.0,3.0,4.0,3.0,4.046392933342975
5.0,3.0,5.0,3.0,4.0,4.0,4.299954568667188
5.0,3.0,5.0,3.0,4.0,5.0,4.555288519305325
5.0,3.0,5.0,3.0,5.0,3.0,4.165927320235056
5.0,3.0,5.0,3.0,5.0,4.0,4.419934712616459
5.0,3.0,5.0,3.0,5.0,5.0,4.6748203277327205
5.0,3.0,5.0,4.0,2.0,3.0,3.9203741806901777
5.0,3.0,5.0,4.0,2.0,4.0,4.174656165785031
5.0,3.0,5.0,4.0,3.0,3.0,4.039493785603007
5.0,3.0,5.0,4.0,3.0,4.0,4.294339703824874
5.0,3.0,5.0,4.0,3.0,5.0,4.549296109129825
5.0,3.0,5.0,4.0,4.0,3.0,4.159112862524041
5.0,3.0,5.0,4.0,4.0,4.0,4.413137334763733
5.0,3.0,5.0,4.0,4.0,5.0,4.669009738719378
5.0,3.0,5.0,4.0,5.0,3.0,4.27907566110648
5.0,3.0,5.0,4.0,5.0,4.0,4.532274153659243
5.0,3.0,5.0,4.0,5.0,5.0,4.789321373048716
5.0,3.0,5.0,5.0,1.0,5.0,4.42375978652806
5.0,3.0,5.0,5.0,2.0,3.0,4.034166831684038
5.0,3.0,5.0,5.0,2.0,4.0,4.288392828998019
5.0,3.0,5.0,5.0,2.0,5.0,4.5424555600620895
5.0,3.0,5.0,5.0,3.0,1.0,3.6445914578030405
5.0,3.0,5.0,5.0,3.0,3.0,4.154676167962129
5.0,3.0,5.0,5.0,3.0,4.0,4.408063927852062
5.0,3.0,5.0,5.0,3.0,5.0,4.66428160840699
5.0,3.0,5.0,5.0,4.0,3.0,4.273962324437739
5.0,3.0,5.0,5.0,4.0,4.0,4.527136973376259
5.0,3.0,5.0,5.0,4.0,5.0,4.782671993472158
5.0,3.0,5.0,5.0,5.0,2.0,4.138740222083475
5.0,3.0,5.0,5.0,5.0,3.0,4.393197011862707
5.0,3.0,5.0,5.0,5.0,4.0,4.645339357428205
5.0,3.0,5.0,5.0,5.0,5.0,4.891949539726607
5.0,4.0,1.0,1.0,1.0,1.0,1.9856252887811374
5.0,4.0,1.0,1.0,1.0,2.0,2.2407078643043787
5.0,4.0,1.0,1.0,1.0,3.0,2.495807544891614
5.0,4.0,1.0,1.0,2.0,1.0,2.1059259811737094
5.0,4.0,1.0,1.0,3.0,1.0,2.224668945921665
5.0,4.0,1.0,1.0,3.0,2.0,2.4803292128240444
5.0,4.0,1.0,1.0,4.0,1.0,2.346113371947213
5.0,4.0,1.0,1.0,4.0,2.0,2.6001412403907858
5.0,4.0,1.0,1.0,4.0,4.0,3.1092667839561385
5.0,4.0,1.0,1.0,5.0,2.0,2.720210380036184
5.0,4.0,1.0,2.0,1.0,1.0,2.0993228357841107
5.0,4.0,1.0,2.0,1.0,3.0,2.6093524628713323
5.0,4.0,1.0,2.0,2.0,2.0,2.4742100275537933
5.0,4.0,1.0,2.0,3.0,1.0,2.339401935931835
5.0,4.0,1.0,2.0,3.0,2.0,2.5945173574412577
5.0,4.0,1.0,2.0,4.0,1.0,2.4599282271723637
5.0,4.0,1.0,3.0,1.0,1.0,2.2140438874024406
5.0,4.0,1.0,3.0,2.0,1.0,2.33314492501526
5.0,4.0,1.0,3.0,3.0,1.0,2.4532759787509772
5.0,4.0,1.0,3.0,3.0,4.0,3.2176348532080294
5.0,4.0,1.0,3.0,4.0,1.0,2.5737430197922713
5.0,4.0,1.0,3.0,4.0,2.0,2.828042450116073
5.0,4.0,1.0,3.0,5.0,1.0,2.6930134073684084
5.0,4.0,1.0,3.0,5.0,2.0,2.94786673078254
5.0,4.0,1.0,4.0,1.0,1.0,2.3275938344574763
5.0,4.0,1.0,4.0,1.0,3.0,2.836763724582625
5.0,4.0,1.0,4.0,1.0,4.0,3.0915483746541046
5.0,4.0,1.0,4.0,2.0,2.0,2.702235485610412
5.0,4.0,1.0,4.0,3.0,1.0,2.566759967485849
5.0,4.0,1.0,4.0,3.0,3.0,3.076875390258917
5.0,4.0,1.0,4.0,3.0,4.0,3.3317043628566974
5.0,4.0,1.0,4.0,4.0,3.0,3.1964184070076858
5.0,4.0,1.0,4.0,4.0,4.0,3.451249823074979
5.0,4.0,1.0,5.0,1.0,1.0,2.441676544489597
5.0,4.0,1.0,5.0,1.0,2.0,2.6962408447398594
5.0,4.0,1.0,5.0,1.0,4.0,3.2050980050737707
5.0,4.0,1.0,5.0,3.0,1.0,2.681565022202925
5.0,4.0,1.0,5.0,4.0,1.0,2.8008460645770903
5.0,4.0,1.0,5.0,4.0,2.0,3.055932193291993
5.0,4.0,1.0,5.0,4.0,4.0,3.5653293325268525
5.0,4.0,1.0,5.0,4.0,5.0,3.8199439730671965
5.0,4.0,1.0,5.0,5.0,3.0,3.4300396161153297
5.0,4.0,1.0,5.0,5.0,5.0,3.9386689925585205
5.0,4.0,2.0,1.0,1.0,1.0,2.235975862190779
5.0,4.0,2.0,1.0,2.0,1.0,2.3567100777203773
5.0,4.0,2.0,1.0,3.0,1.0,2.475469791283049
5.0,4.0,2.0,1.0,3.0,2.0,2.7305009331439063
5.0,4.0,2.0,1.0,4.0,1.0,2.5963331921115507
5.0,4.0,2.0,1.0,4.0,2.0,2.850402819700127
5.0,4.0,2.0,1.0,4.0,3.0,3.105459039866153
5.0,4.0,2.0,1.0,5.0,3.0,3.2252724149406604
5.0,4.0,2.0,2.0,1.0,1.0,2.350356979324701
5.0,4.0,2.0,2.0,1.0,2.0,2.605120409805727
5.0,4.0,2.0,2.0,2.0,1.0,2.4704029247478925
5.0,4.0,2.0,2.0,2.0,2.0,2.7249250698768868
5.0,4.0,2.0,2.0,2.0,3.0,2.9796532639317737
5.0,4.0,2.0,2.0,3.0,1.0,2.5901801672190654
5.0,4.0,2.0,2.0,3.0,2.0,2.8442271679050792
5.0,4.0,2.0,2.0,3.0,3.0,3.0988282016168553
5.0,4.0,2.0,2.0,4.0,2.0,2.9642080504101456
5.0,4.0,2.0,2.0,4.0,4.0,3.473836250030705
5.0,4.0,2.0,3.0,1.0,1.0,2.464532604899455
5.0,4.0,2.0,3.0,1.0,3.0,2.973674291624947
5.0,4.0,2.0,3.0,2.0,2.0,2.838811918685525
5.0,4.0,2.0,3.0,2.0,3.0,3.0937369305146016
5.0,4.0,2.0,3.0,3.0,1.0,2.7033258665369098
5.0,4.0,2.0,3.0,3.0,2.0,2.957751264820314
5.0,4.0,2.0,3.0,3.0,3.0,3.2117622176801905
5.0,4.0,2.0,3.0,3.0,4.0,3.4678599265369785
5.0,4.0,2.0,3.0,4.0,1.0,2.823965606829642
5.0,4.0,2.0,3.0,4.0,2.0,3.0784861325053514
5.0,4.0,2.0,3.0,4.0,3.0,3.3334459219102253
5.0,4.0,2.0,3.0,4.0,4.0,3.5880330519717276
5.0,4.0,2.0,3.0,5.0,5.0,3.9617619199441165
5.0,4.0,2.0,4.0,1.0,2.0,2.8320254092920805
5.0,4.0,2.0,4.0,1.0,3.0,3.0882270332577675
5.0,4.0,2.0,4.0,1.0,4.0,3.341322226340407
5.0,4.0,2.0,4.0,2.0,2.0,2.9524831782498695
5.0,4.0,2.0,4.0,2.0,3.0,3.2068545596406404
5.0,4.0,2.0,4.0,3.0,1.0,2.8180192282850727
5.0,4.0,2.0,4.0,3.0,2.0,3.0718849176517145
5.0,4.0,2.0,4.0,3.0,3.0,3.3270100982405597
5.0,4.0,2.0,4.0,3.0,4.0,3.582150558741811
5.0,4.0,2.0,4.0,4.0,1.0,2.9377765661900557
5.0,4.0,2.0,4.0,4.0,2.0,3.1921906190565292
5.0,4.0,2.0,4.0,4.0,3.0,3.4469640725504918
5.0,4.0,2.0,4.0,4.0,4.0,3.7013360528175943
5.0,4.0,2.0,4.0,4.0,5.0,3.9568361672204
5.0,4.0,2.0,4.0,5.0,2.0,3.3123328442637936
5.0,4.0,2.0,4.0,5.0,3.0,3.567251269404654
5.0,4.0,2.0,4.0,5.0,4.0,3.8218634938263727
5.0,4.0,2.0,4.0,5.0,5.0,4.076625247541345
5.0,4.0,2.0,5.0,1.0,2.0,2.9467412361976346
5.0,4.0,2.0,5.0,1.0,3.0,3.2009183065830507
5.0,4.0,2.0,5.0,1.0,4.0,3.455583558753913
5.0,4.0,2.0,5.0,2.0,2.0,3.0668046920513468
5.0,4.0,2.0,5.0,2.0,3.0,3.321635743855412
5.0,4.0,2.0,5.0,2.0,5.0,3.830271132747628
5.0,4.0,2.0,5.0,3.0,1.0,2.932052834026279
5.0,4.0,2.0,5.0,3.0,2.0,3.1862494031704505
5.0,4.0,2.0,5.0,3.0,3.0,3.441329536691785
5.0,4.0,2.0,5.0,3.0,4.0,3.696009793258412
5.0,4.0,2.0,5.0,3.0,5.0,3.9500524952724505
5.0,4.0,2.0,5.0,4.0,2.0,3.3059964212961885
5.0,4.0,2.0,5.0,4.0,3.0,3.560359102961861
5.0,4.0,2.0,5.0,4.0,4.0,3.815217289989838
5.0,4.0,2.0,5.0,4.0,5.0,4.070383301811368
5.0,4.0,2.0,5.0,5.0,2.0,3.4258559704241813
5.0,4.0,2.0,5.0,5.0,3.0,3.6810544830793317
5.0,4.0,2.0,5.0,5.0,4.0,3.9359157514290852
5.0,4.0,2.0,5.0,5.0,5.0,4.190685774559609
5.0,4.0,3.0,1.0,1.0,1.0,2.487794016412041
5.0,4.0,3.0,1.0,1.0,2.0,2.7419561697623602
5.0,4.0,3.0,1.0,1.0,3.0,2.99625157595172
5.0,4.0,3.0,1.0,2.0,1.0,2.6074690276441075
5.0,4.0,3.0,1.0,2.0,2.0,2.8620336616683772
5.0,4.0,3.0,1.0,3.0,1.0,2.726623620439158
5.0,4.0,3.0,1.0,3.0,2.0,2.981323551835759
5.0,4.0,3.0,1.0,3.0,3.0,3.2365457411138494
5.0,4.0,3.0,1.0,4.0,1.0,2.8463294469922813
5.0,4.0,3.0,1.0,4.0,2.0,3.101383183007085
5.0,4.0,3.0,1.0,4.0,3.0,3.355836634013052
5.0,4.0,3.0,1.0,4.0,4.0,3.6106141703166146
5.0,4.0,3.0,2.0,1.0,1.0,2.600780823046621
5.0,4.0,3.0,2.0,1.0,2.0,2.855769342178662
5.0,4.0,3.0,2.0,2.0,1.0,2.7210185258819752
5.0,4.0,3.0,2.0,2.0,2.0,2.974821120052532
5.0,4.0,3.0,2.0,2.0,3.0,3.230022833299004
5.0,4.0,3.0,2.0,2.0,4.0,3.4852391429016425
5.0,4.0,3.0,2.0,3.0,1.0,2.8411360478515717
5.0,4.0,3.0,2.0,3.0,2.0,3.0942874473824005
5.0,4.0,3.0,2.0,3.0,3.0,3.348384330532887
5.0,4.0,3.0,2.0,3.0,4.0,3.604783115539794
5.0,4.0,3.0,2.0,4.0,2.0,3.2149720189134245
5.0,4.0,3.0,2.0,4.0,3.0,3.4702196516759507
5.0,4.0,3.0,2.0,4.0,4.0,3.7240172492570545
5.0,4.0,3.0,2.0,4.0,5.0,3.9794169173001723
5.0,4.0,3.0,2.0,5.0,3.0,3.589684206397468
5.0,4.0,3.0,2.0,5.0,4.0,3.843770992927038
5.0,4.0,3.0,2.0,5.0,5.0,4.098964005814928
5.0,4.0,3.0,3.0,1.0,2.0,2.9695936552488704
5.0,4.0,3.0,3.0,1.0,3.0,3.224562136797045
5.0,4.0,3.0,3.0,1.0,4.0,3.4792458308127436
5.0,4.0,3.0,3.0,2.0,2.0,3.0893725197673647
5.0,4.0,3.0,3.0,2.0,3.0,3.343484524468198
5.0,4.0,3.0,3.0,2.0,4.0,3.5991601991076716
5.0,4.0,3.0,3.0,2.0,5.0,3.8534212565029593
5.0,4.0,3.0,3.0,3.0,1.0,2.9543909568691524
5.0,4.0,3.0,3.0,3.0,2.0,3.2076827899721785
5.0,4.0,3.0,3.0,3.0,3.0,3.460716592814779
5.0,4.0,3.0,3.0,3.0,4.0,3.7185921352884517
5.0,4.0,3.0,3.0,3.0,5.0,3.9734274229151683
5.0,4.0,3.0,3.0,4.0,1.0,3.074717546236807
5.0,4.0,3.0,3.0,4.0,2.0,3.3295546627450494
5.0,4.0,3.0,3.0,4.0,3.0,3.582140969542186
5.0,4.0,3.0,3.0,4.0,4.0,3.837759117246525
5.0,4.0,3.0,3.0,4.0,5.0,4.093191152366356
5.0,4.0,3.0,3.0,5.0,2.0,3.4493585793921415
5.0,4.0,3.0,3.0,5.0,3.0,3.702817333494353
5.0,4.0,3.0,3.0,5.0,4.0,3.9580426595067046
5.0,4.0,3.0,3.0,5.0,5.0,4.212826093444317
5.0,4.0,3.0,4.0,1.0,2.0,3.082780042840277
5.0,4.0,3.0,4.0,1.0,3.0,3.337691442564617
5.0,4.0,3.0,4.0,1.0,4.0,3.5917901900911935
5.0,4.0,3.0,4.0,1.0,5.0,3.8470895224205597
5.0,4.0,3.0,4.0,2.0,2.0,3.203158035393544
5.0,4.0,3.0,4.0,2.0,3.0,3.457642304116409
5.0,4.0,3.0,4.0,2.0,4.0,3.713216399739865
5.0,4.0,3.0,4.0,3.0,1.0,3.0689904047727494
5.0,4.0,3.0,4.0,3.0,2.0,3.322679061946822
5.0,4.0,3.0,4.0,3.0,3.0,3.577403319272968
5.0,4.0,3.0,4.0,3.0,4.0,3.833217536650458
5.0,4.0,3.0,4.0,3.0,5.0,4.087326048082628
5.0,4.0,3.0,4.0,4.0,2.0,3.442154184676706
5.0,4.0,3.0,4.0,4.0,3.0,3.696211901488385
5.0,4.0,3.0,4.0,4.0,4.0,3.9558848310543784
5.0,4.0,3.0,4.0,4.0,5.0,4.207402384959512
5.0,4.0,3.0,4.0,5.0,2.0,3.5629094216270385
5.0,4.0,3.0,4.0,5.0,3.0,3.8163129014157935
5.0,4.0,3.0,4.0,5.0,4.0,4.073986217984951
5.0,4.0,3.0,4.0,5.0,5.0,4.3269318270843895
5.0,4.0,3.0,5.0,1.0,1.0,2.9423855645177204
5.0,4.0,3.0,5.0,1.0,2.0,3.1974298499680094
5.0,4.0,3.0,5.0,1.0,3.0,3.450508224299965
5.0,4.0,3.0,5.0,1.0,4.0,3.705105561517827
5.0,4.0,3.0,5.0,1.0,5.0,3.9606936559102266
5.0,4.0,3.0,5.0,2.0,1.0,3.062730431873525
5.0,4.0,3.0,5.0,2.0,2.0,3.3163390721909765
5.0,4.0,3.0,5.0,2.0,3.0,3.5700677920791932
5.0,4.0,3.0,5.0,2.0,4.0,3.82608344602602
5.0,4.0,3.0,5.0,2.0,5.0,4.0800067153562285
5.0,4.0,3.0,5.0,3.0,2.0,3.4368738497836553
5.0,4.0,3.0,5.0,3.0,3.0,3.6897742448749105
5.0,4.0,3.0,5.0,3.0,4.0,3.9471749258189037
5.0,4.0,3.0,5.0,3.0,5.0,4.202489823923279
5.0,4.0,3.0,5.0,4.0,2.0,3.5559919431240203
5.0,4.0,3.0,5.0,4.0,3.0,3.8104092898064206
5.0,4.0,3.0,5.0,4.0,4.0,4.073257579930471
5.0,4.0,3.0,5.0,4.0,5.0,4.322959215611233
5.0,4.0,3.0,5.0,5.0,1.0,3.4212545447140927
5.0,4.0,3.0,5.0,5.0,2.0,3.6764574237099277
5.0,4.0,3.0,5.0,5.0,3.0,3.9304306980996766
5.0,4.0,3.0,5.0,5.0,4.0,4.189759921130297
5.0,4.0,3.0,5.0,5.0,5.0,4.452134910556249
5.0,4.0,4.0,1.0,1.0,1.0,2.7376136046462545
5.0,4.0,4.0,1.0,1.0,2.0,2.992978723744388
5.0,4.0,4.0,1.0,3.0,1.0,2.977232112724213
5.0,4.0,4.0,1.0,3.0,3.0,3.4868954067988946
5.0,4.0,4.0,1.0,4.0,3.0,3.6062768385999076
5.0,4.0,4.0,1.0,4.0,4.0,3.8609997361116193
5.0,4.0,4.0,1.0,4.0,5.0,4.116092995156581
5.0,4.0,4.0,2.0,1.0,2.0,3.106498949508575
5.0,4.0,4.0,2.0,2.0,2.0,3.22606815709339
5.0,4.0,4.0,2.0,2.0,3.0,3.481451411703332
5.0,4.0,4.0,2.0,3.0,2.0,3.346144947603158
5.0,4.0,4.0,2.0,3.0,3.0,3.600391040928654
5.0,4.0,4.0,2.0,4.0,2.0,3.4654210803801586
5.0,4.0,4.0,2.0,4.0,3.0,3.7202843607406724
5.0,4.0,4.0,2.0,4.0,4.0,3.9748505686381845
5.0,4.0,4.0,2.0,5.0,2.0,3.5857669815128284
5.0,4.0,4.0,2.0,5.0,3.0,3.8404575385251385
5.0,4.0,4.0,2.0,5.0,4.0,4.094868893159213
5.0,4.0,4.0,2.0,5.0,5.0,4.34820593645623
5.0,4.0,4.0,3.0,1.0,1.0,2.9657778749371366
5.0,4.0,4.0,3.0,1.0,2.0,3.2200756385826232
5.0,4.0,4.0,3.0,1.0,3.0,3.4750452779785204
5.0,4.0,4.0,3.0,1.0,4.0,3.7297343893155133
5.0,4.0,4.0,3.0,2.0,2.0,3.3400613113699142
5.0,4.0,4.0,3.0,2.0,3.0,3.5946655809641928
5.0,4.0,4.0,3.0,2.0,4.0,3.8494006245339385
5.0,4.0,4.0,3.0,3.0,1.0,3.2048638956703512
5.0,4.0,4.0,3.0,3.0,2.0,3.459839349827339
5.0,4.0,4.0,3.0,3.0,3.0,3.713270828289662
5.0,4.0,4.0,3.0,3.0,4.0,3.969460475209747
5.0,4.0,4.0,3.0,4.0,2.0,3.57946404800923
5.0,4.0,4.0,3.0,4.0,3.0,3.8343236984367324
5.0,4.0,4.0,3.0,4.0,4.0,4.087734328583844
5.0,4.0,4.0,3.0,4.0,5.0,4.343713731538537
5.0,4.0,4.0,3.0,5.0,2.0,3.6995829031388925
5.0,4.0,4.0,3.0,5.0,3.0,3.95297095987827
5.0,4.0,4.0,3.0,5.0,4.0,4.208106827049145
5.0,4.0,4.0,3.0,5.0,5.0,4.463103475725328
5.0,4.0,4.0,4.0,1.0,1.0,3.079059413765189
5.0,4.0,4.0,4.0,1.0,2.0,3.3341558452265376
5.0,4.0,4.0,4.0,1.0,3.0,3.5886729693100667
5.0,4.0,4.0,4.0,1.0,4.0,3.84130561414751
5.0,4.0,4.0,4.0,1.0,5.0,4.097794311396867
5.0,4.0,4.0,4.0,2.0,2.0,3.4539687772983054
5.0,4.0,4.0,4.0,2.0,3.0,3.707785524005129
5.0,4.0,4.0,4.0,2.0,4.0,3.962225190283092
5.0,4.0,4.0,4.0,2.0,5.0,4.217804082434913
5.0,4.0,4.0,4.0,3.0,1.0,3.318948053717585
5.0,4.0,4.0,4.0,3.0,2.0,3.573167361687564
5.0,4.0,4.0,4.0,3.0,3.0,3.829315278264146
5.0,4.0,4.0,4.0,3.0,4.0,4.086292135141629
5.0,4.0,4.0,4.0,3.0,5.0,4.3366511741076
5.0,4.0,4.0,4.0,4.0,1.0,3.438909553985891
5.0,4.0,4.0,4.0,4.0,2.0,3.692374661172308
5.0,4.0,4.0,4.0,4.0,3.0,3.9470314995221454
5.0,4.0,4.0,4.0,4.0,4.0,4.209270358196447
5.0,4.0,4.0,4.0,4.0,5.0,4.459739134699115
5.0,4.0,4.0,4.0,5.0,2.0,3.8136652213179283
5.0,4.0,4.0,4.0,5.0,3.0,4.068103931796542
5.0,4.0,4.0,4.0,5.0,4.0,4.320129723955415
5.0,4.0,4.0,4.0,5.0,5.0,4.579402819080622
5.0,4.0,4.0,5.0,1.0,2.0,3.447733401105558
5.0,4.0,4.0,5.0,1.0,3.0,3.7026148369146363
5.0,4.0,4.0,5.0,1.0,4.0,3.956901480926133
5.0,4.0,4.0,5.0,1.0,5.0,4.210413438828078
5.0,4.0,4.0,5.0,2.0,1.0,3.3126844613644173
5.0,4.0,4.0,5.0,2.0,2.0,3.5682791968409164
5.0,4.0,4.0,5.0,2.0,3.0,3.821674730821116
5.0,4.0,4.0,5.0,2.0,4.0,4.075334463229976
5.0,4.0,4.0,5.0,2.0,5.0,4.329180007094359
5.0,4.0,4.0,5.0,3.0,1.0,3.4330315008727745
5.0,4.0,4.0,5.0,3.0,2.0,3.688027500764157
5.0,4.0,4.0,5.0,3.0,3.0,3.94018288024592
5.0,4.0,4.0,5.0,3.0,4.0,4.197197035782266
5.0,4.0,4.0,5.0,3.0,5.0,4.452513837620304
5.0,4.0,4.0,5.0,4.0,1.0,3.552839514520196
5.0,4.0,4.0,5.0,4.0,2.0,3.8075084337078837
5.0,4.0,4.0,5.0,4.0,3.0,4.061542778082442
5.0,4.0,4.0,5.0,4.0,4.0,4.3380886343593525
5.0,4.0,4.0,5.0,4.0,5.0,4.59996725665715
5.0,4.0,4.0,5.0,5.0,1.0,3.67238391376954
5.0,4.0,4.0,5.0,5.0,2.0,3.9275000293728795
5.0,4.0,4.0,5.0,5.0,3.0,4.181317998565276
5.0,4.0,4.0,5.0,5.0,4.0,4.449856727921471
5.0,4.0,4.0,5.0,5.0,5.0,4.723080566200249
5.0,4.0,5.0,1.0,1.0,3.0,3.497764480201714
5.0,4.0,5.0,1.0,5.0,3.0,3.9772665540099053
5.0,4.0,5.0,2.0,2.0,3.0,3.731655652239568
5.0,4.0,5.0,2.0,3.0,2.0,3.597008476675743
5.0,4.0,5.0,2.0,3.0,3.0,3.8515054685663572
5.0,4.0,5.0,2.0,4.0,2.0,3.715985753638945
5.0,4.0,5.0,2.0,4.0,3.0,3.970738377736405
5.0,4.0,5.0,2.0,4.0,4.0,4.225777780405264
5.0,4.0,5.0,3.0,1.0,3.0,3.725394522117345
5.0,4.0,5.0,3.0,2.0,3.0,3.845204810317841
5.0,4.0,5.0,3.0,3.0,3.0,3.9653535237646653
5.0,4.0,5.0,3.0,3.0,4.0,4.219787293517474
5.0,4.0,5.0,3.0,4.0,3.0,4.084469191046528
5.0,4.0,5.0,3.0,4.0,4.0,4.339978027828018
5.0,4.0,5.0,3.0,4.0,5.0,4.5940601900525735
5.0,4.0,5.0,3.0,5.0,3.0,4.203831958648325
5.0,4.0,5.0,3.0,5.0,4.0,4.458160766045256
5.0,4.0,5.0,3.0,5.0,5.0,4.713153415219875
5.0,4.0,5.0,4.0,1.0,3.0,3.8392071082807577
5.0,4.0,5.0,4.0,1.0,4.0,4.094038790470495
5.0,4.0,5.0,4.0,2.0,2.0,3.7045342453791363
5.0,4.0,5.0,4.0,2.0,3.0,3.959309390149458
5.0,4.0,5.0,4.0,2.0,4.0,4.213279662979931
5.0,4.0,5.0,4.0,2.0,5.0,4.46868103180097
5.0,4.0,5.0,4.0,3.0,3.0,4.078609591468936
5.0,4.0,5.0,4.0,3.0,4.0,4.332417864456124
5.0,4.0,5.0,4.0,3.0,5.0,4.588191525504518
5.0,4.0,5.0,4.0,4.0,3.0,4.198271057499748
5.0,4.0,5.0,4.0,4.0,4.0,4.448656964792243
5.0,4.0,5.0,4.0,4.0,5.0,4.70847338949502
5.0,4.0,5.0,4.0,5.0,3.0,4.318334723774973
5.0,4.0,5.0,4.0,5.0,4.0,4.566215083416236
5.0,4.0,5.0,4.0,5.0,5.0,4.822190672336637
5.0,4.0,5.0,5.0,1.0,2.0,3.6981968944163155
5.0,4.0,5.0,5.0,1.0,3.0,3.9527680422619698
5.0,4.0,5.0,5.0,1.0,4.0,4.206302154075591
5.0,4.0,5.0,5.0,1.0,5.0,4.461004808015994
5.0,4.0,5.0,5.0,2.0,3.0,4.072816911858341
5.0,4.0,5.0,5.0,2.0,4.0,4.3266090303027696
5.0,4.0,5.0,5.0,2.0,5.0,4.581321199200942
5.0,4.0,5.0,5.0,3.0,3.0,4.190830527321438
5.0,4.0,5.0,5.0,3.0,4.0,4.446800418174919
5.0,4.0,5.0,5.0,3.0,5.0,4.699795503847749
5.0,4.0,5.0,5.0,4.0,1.0,3.8035993673120143
5.0,4.0,5.0,5.0,4.0,3.0,4.310548694938703
5.0,4.0,5.0,5.0,4.0,4.0,4.568017669479005
5.0,4.0,5.0,5.0,4.0,5.0,4.824083745567143
5.0,4.0,5.0,5.0,5.0,2.0,4.1779239475544525
5.0,4.0,5.0,5.0,5.0,3.0,4.431930634597818
5.0,4.0,5.0,5.0,5.0,4.0,4.68145607282107
5.0,4.0,5.0,5.0,5.0,5.0,4.916860862826087
5.0,5.0,1.0,1.0,1.0,1.0,2.0201205441068995
5.0,5.0,1.0,1.0,1.0,3.0,2.5344689349343454
5.0,5.0,1.0,1.0,2.0,1.0,2.143019971461824
5.0,5.0,1.0,1.0,2.0,2.0,2.399609013590173
5.0,5.0,1.0,1.0,3.0,1.0,2.2632792599695524
5.0,5.0,1.0,1.0,3.0,3.0,2.774084974511345
5.0,5.0,1.0,1.0,4.0,2.0,2.639601266786653
5.0,5.0,1.0,1.0,4.0,4.0,3.1481908349968237
5.0,5.0,1.0,1.0,5.0,1.0,2.503506823200465
5.0,5.0,1.0,1.0,5.0,5.0,3.5219658853492097
5.0,5.0,1.0,2.0,1.0,1.0,2.1379079772536325
5.0,5.0,1.0,2.0,1.0,2.0,2.3934528665112556
5.0,5.0,1.0,2.0,1.0,3.0,2.6482826330736557
5.0,5.0,1.0,2.0,2.0,1.0,2.2586992575972324
5.0,5.0,1.0,2.0,2.0,2.0,2.5131135768055475
5.0,5.0,1.0,2.0,2.0,3.0,2.768629619242906
5.0,5.0,1.0,2.0,3.0,1.0,2.3783080699812413
5.0,5.0,1.0,2.0,3.0,2.0,2.6333405581278977
5.0,5.0,1.0,2.0,3.0,3.0,2.8876372455773205
5.0,5.0,1.0,3.0,1.0,1.0,2.252906595321312
5.0,5.0,1.0,3.0,1.0,2.0,2.507535568759561
5.0,5.0,1.0,3.0,1.0,4.0,3.0166704482465447
5.0,5.0,1.0,3.0,2.0,1.0,2.3726826330807356
5.0,5.0,1.0,3.0,2.0,2.0,2.627180843438043
5.0,5.0,1.0,3.0,2.0,3.0,2.8824445802236003
5.0,5.0,1.0,3.0,3.0,1.0,2.491934012058209
5.0,5.0,1.0,3.0,3.0,2.0,2.747493571534903
5.0,5.0,1.0,3.0,3.0,3.0,3.001989063498536
5.0,5.0,1.0,3.0,4.0,1.0,2.6121365209592473
5.0,5.0,1.0,3.0,4.0,2.0,2.8672337063657505
5.0,5.0,1.0,3.0,4.0,3.0,3.1220686865000102
5.0,5.0,1.0,3.0,5.0,5.0,3.750702925931375
5.0,5.0,1.0,4.0,1.0,1.0,2.366789616847959
5.0,5.0,1.0,4.0,1.0,2.0,2.620919147338341
5.0,5.0,1.0,4.0,1.0,3.0,2.8756462921546477
5.0,5.0,1.0,4.0,1.0,5.0,3.385037233680167
5.0,5.0,1.0,4.0,2.0,1.0,2.4863329381206154
5.0,5.0,1.0,4.0,2.0,2.0,2.74116258034526
5.0,5.0,1.0,4.0,2.0,3.0,2.9957261507128097
5.0,5.0,1.0,4.0,3.0,1.0,2.6056584183879608
5.0,5.0,1.0,4.0,3.0,2.0,2.860971461080215
5.0,5.0,1.0,4.0,3.0,3.0,3.115804903014291
5.0,5.0,1.0,4.0,3.0,4.0,3.3708000818504895
5.0,5.0,1.0,4.0,4.0,2.0,2.980784536854838
5.0,5.0,1.0,4.0,4.0,3.0,3.235614109238674
5.0,5.0,1.0,4.0,4.0,4.0,3.4900461124060884
5.0,5.0,1.0,4.0,4.0,5.0,3.74474089276634
5.0,5.0,1.0,4.0,5.0,1.0,2.846300806306496
5.0,5.0,1.0,4.0,5.0,3.0,3.3551511026185565
5.0,5.0,1.0,4.0,5.0,4.0,3.609985858787101
5.0,5.0,1.0,4.0,5.0,5.0,3.864280700266136
5.0,5.0,1.0,5.0,1.0,1.0,2.47759956832794
5.0,5.0,1.0,5.0,1.0,2.0,2.734897626348493
5.0,5.0,1.0,5.0,1.0,3.0,2.988669636727116
5.0,5.0,1.0,5.0,1.0,5.0,3.4964658546140965
5.0,5.0,1.0,5.0,2.0,1.0,2.5997215852064235
5.0,5.0,1.0,5.0,2.0,2.0,2.8547102142409786
5.0,5.0,1.0,5.0,3.0,1.0,2.7202245879500664
5.0,5.0,1.0,5.0,3.0,2.0,2.97452141451516
5.0,5.0,1.0,5.0,3.0,4.0,3.4836474513362368
5.0,5.0,1.0,5.0,3.0,5.0,3.739009383603427
5.0,5.0,1.0,5.0,4.0,1.0,2.839810685864089
5.0,5.0,1.0,5.0,4.0,4.0,3.60426181056147
5.0,5.0,1.0,5.0,4.0,5.0,3.8590905507587343
5.0,5.0,1.0,5.0,5.0,1.0,2.958831553748512
5.0,5.0,1.0,5.0,5.0,2.0,3.2142914904401985
5.0,5.0,1.0,5.0,5.0,3.0,3.4683331938876387
5.0,5.0,1.0,5.0,5.0,4.0,3.723802161495187
5.0,5.0,1.0,5.0,5.0,5.0,3.977427431313943
5.0,5.0,2.0,1.0,1.0,1.0,2.2754881603636417
5.0,5.0,2.0,1.0,1.0,2.0,2.5295776305544986
5.0,5.0,2.0,1.0,2.0,1.0,2.3951636046894236
5.0,5.0,2.0,1.0,3.0,1.0,2.514909033610299
5.0,5.0,2.0,1.0,3.0,2.0,2.7697879118300857
5.0,5.0,2.0,1.0,3.0,3.0,3.0245757614264552
5.0,5.0,2.0,1.0,4.0,1.0,2.635261755023226
5.0,5.0,2.0,1.0,4.0,2.0,2.890120964237255
5.0,5.0,2.0,1.0,4.0,3.0,3.1443883985907495
5.0,5.0,2.0,1.0,5.0,1.0,2.7552015463870143
5.0,5.0,2.0,1.0,5.0,2.0,3.0096355225825615
5.0,5.0,2.0,1.0,5.0,3.0,3.2641978431948893
5.0,5.0,2.0,1.0,5.0,4.0,3.5183560055107055
5.0,5.0,2.0,1.0,5.0,5.0,3.773647299180561
5.0,5.0,2.0,2.0,1.0,1.0,2.389541963128745
5.0,5.0,2.0,2.0,1.0,2.0,2.6436185939113908
5.0,5.0,2.0,2.0,1.0,3.0,2.8988004885978595
5.0,5.0,2.0,2.0,2.0,1.0,2.5094557707395193
5.0,5.0,2.0,2.0,2.0,2.0,2.7638015427540767
5.0,5.0,2.0,2.0,2.0,3.0,3.0185822838008867
5.0,5.0,2.0,2.0,3.0,1.0,2.6290987093415747
5.0,5.0,2.0,2.0,3.0,2.0,2.8826851734855365
5.0,5.0,2.0,2.0,3.0,3.0,3.1383560322612607
5.0,5.0,2.0,2.0,4.0,2.0,3.0031062225344454
5.0,5.0,2.0,2.0,4.0,3.0,3.258735265680871
5.0,5.0,2.0,2.0,4.0,4.0,3.512764691712216
5.0,5.0,2.0,2.0,5.0,1.0,2.868889268317034
5.0,5.0,2.0,2.0,5.0,2.0,3.123352622786749
5.0,5.0,2.0,2.0,5.0,3.0,3.3780788860665925
5.0,5.0,2.0,2.0,5.0,4.0,3.6326737986980655
5.0,5.0,2.0,2.0,5.0,5.0,3.887933749331423
5.0,5.0,2.0,3.0,1.0,1.0,2.503457977435527
5.0,5.0,2.0,3.0,1.0,2.0,2.757879264869296
5.0,5.0,2.0,3.0,1.0,3.0,3.0128474552482007
5.0,5.0,2.0,3.0,2.0,1.0,2.623271503588207
5.0,5.0,2.0,3.0,2.0,2.0,2.876966177932592
5.0,5.0,2.0,3.0,2.0,3.0,3.1317266914616537
5.0,5.0,2.0,3.0,3.0,1.0,2.742223239670228
5.0,5.0,2.0,3.0,3.0,2.0,2.9976503751186416
5.0,5.0,2.0,3.0,3.0,3.0,3.2522716665027556
5.0,5.0,2.0,3.0,3.0,4.0,3.5070383358818225
5.0,5.0,2.0,3.0,3.0,5.0,3.761659965477489
5.0,5.0,2.0,3.0,4.0,1.0,2.8629276725685084
5.0,5.0,2.0,3.0,4.0,2.0,3.1171598629087702
5.0,5.0,2.0,3.0,4.0,3.0,3.370961177357068
5.0,5.0,2.0,3.0,4.0,4.0,3.6272149854261806
5.0,5.0,2.0,3.0,5.0,2.0,3.2374661578290715
5.0,5.0,2.0,3.0,5.0,3.0,3.4911748870990316
5.0,5.0,2.0,3.0,5.0,4.0,3.745926402072346
5.0,5.0,2.0,4.0,1.0,1.0,2.6169484780978376
5.0,5.0,2.0,4.0,1.0,2.0,2.8718750078663073
5.0,5.0,2.0,4.0,1.0,3.0,3.126368525675243
5.0,5.0,2.0,4.0,1.0,4.0,3.3805952009794167
5.0,5.0,2.0,4.0,2.0,1.0,2.7370882951974322
5.0,5.0,2.0,4.0,2.0,2.0,2.9919259800024283
5.0,5.0,2.0,4.0,2.0,3.0,3.246416759646489
5.0,5.0,2.0,4.0,3.0,2.0,3.1117546662445243
5.0,5.0,2.0,4.0,3.0,3.0,3.3661679944545604
5.0,5.0,2.0,4.0,3.0,4.0,3.620791784046754
5.0,5.0,2.0,4.0,4.0,2.0,3.230820993017486
5.0,5.0,2.0,4.0,4.0,3.0,3.48600760357098
5.0,5.0,2.0,4.0,4.0,4.0,3.741344643199033
5.0,5.0,2.0,4.0,5.0,1.0,3.0970487700867304
5.0,5.0,2.0,4.0,5.0,2.0,3.350628723265891
5.0,5.0,2.0,4.0,5.0,3.0,3.605752306928708
5.0,5.0,2.0,4.0,5.0,4.0,3.860778706416902
5.0,5.0,2.0,4.0,5.0,5.0,4.113586920285311
5.0,5.0,2.0,5.0,1.0,1.0,2.730703059032264
5.0,5.0,2.0,5.0,1.0,2.0,2.984876451032215
5.0,5.0,2.0,5.0,1.0,3.0,3.2388352856402847
5.0,5.0,2.0,5.0,1.0,4.0,3.494778546852168
5.0,5.0,2.0,5.0,1.0,5.0,3.748284176145595
5.0,5.0,2.0,5.0,2.0,2.0,3.1059725304209636
5.0,5.0,2.0,5.0,2.0,3.0,3.3604454852484955
5.0,5.0,2.0,5.0,2.0,5.0,3.8696903564398717
5.0,5.0,2.0,5.0,3.0,1.0,2.9704695852730834
5.0,5.0,2.0,5.0,3.0,2.0,3.2252182827317903
5.0,5.0,2.0,5.0,3.0,3.0,3.47986214609208
5.0,5.0,2.0,5.0,3.0,4.0,3.734545821158589
5.0,5.0,2.0,5.0,3.0,5.0,3.9889733010500947
5.0,5.0,2.0,5.0,4.0,1.0,3.090208997923073
5.0,5.0,2.0,5.0,4.0,2.0,3.345170557578518
5.0,5.0,2.0,5.0,4.0,3.0,3.599385436039977
5.0,5.0,2.0,5.0,4.0,4.0,3.853648812684497
5.0,5.0,2.0,5.0,4.0,5.0,4.108042294357243
5.0,5.0,2.0,5.0,5.0,1.0,3.209743432935242
5.0,5.0,2.0,5.0,5.0,2.0,3.462325470453353
5.0,5.0,2.0,5.0,5.0,3.0,3.7185653758624353
5.0,5.0,2.0,5.0,5.0,4.0,3.9743439542191483
5.0,5.0,2.0,5.0,5.0,5.0,4.231210618537109
5.0,5.0,3.0,1.0,1.0,1.0,2.5265724441954847
5.0,5.0,3.0,1.0,1.0,2.0,2.781057501902191
5.0,5.0,3.0,1.0,1.0,3.0,3.035713358033896
5.0,5.0,3.0,1.0,1.0,4.0,3.2905440962552586
5.0,5.0,3.0,1.0,2.0,1.0,2.646397812433126
5.0,5.0,3.0,1.0,2.0,2.0,2.9002143574292147
5.0,5.0,3.0,1.0,2.0,3.0,3.155132322829059
5.0,5.0,3.0,1.0,3.0,1.0,2.7658599014329632
5.0,5.0,3.0,1.0,3.0,2.0,3.020498279562174
5.0,5.0,3.0,1.0,3.0,3.0,3.274994414091809
5.0,5.0,3.0,1.0,3.0,4.0,3.529896573702272
5.0,5.0,3.0,1.0,4.0,1.0,2.885575404335275
5.0,5.0,3.0,1.0,4.0,2.0,3.140541896733425
5.0,5.0,3.0,1.0,4.0,3.0,3.3945055150817285
5.0,5.0,3.0,1.0,4.0,4.0,3.6497047061224785
5.0,5.0,3.0,1.0,5.0,2.0,3.259846851946948
5.0,5.0,3.0,1.0,5.0,3.0,3.5138724705361546
5.0,5.0,3.0,1.0,5.0,5.0,4.023531051520067
5.0,5.0,3.0,2.0,1.0,1.0,2.6399651022346644
5.0,5.0,3.0,2.0,1.0,2.0,2.894964454744648
5.0,5.0,3.0,2.0,2.0,1.0,2.7602753258601966
5.0,5.0,3.0,2.0,2.0,2.0,3.0136875667938723
5.0,5.0,3.0,2.0,2.0,3.0,3.268448199799552
5.0,5.0,3.0,2.0,2.0,4.0,3.523901664915783
5.0,5.0,3.0,2.0,3.0,2.0,3.132825344797973
5.0,5.0,3.0,2.0,3.0,3.0,3.3873744723262265
5.0,5.0,3.0,2.0,3.0,4.0,3.6437311815396476
5.0,5.0,3.0,2.0,3.0,5.0,3.8979993970798255
5.0,5.0,3.0,2.0,4.0,2.0,3.253989177958922
5.0,5.0,3.0,2.0,4.0,3.0,3.50800666492072
5.0,5.0,3.0,2.0,4.0,4.0,3.763256060437189
5.0,5.0,3.0,2.0,4.0,5.0,4.01808549355038
5.0,5.0,3.0,2.0,5.0,1.0,3.1193780081743574
5.0,5.0,3.0,2.0,5.0,2.0,3.3734421571099222
5.0,5.0,3.0,2.0,5.0,3.0,3.627293047560552
5.0,5.0,3.0,2.0,5.0,4.0,3.8832839637492405
5.0,5.0,3.0,2.0,5.0,5.0,4.1368784305451785
5.0,5.0,3.0,3.0,1.0,1.0,2.7536803929003093
5.0,5.0,3.0,3.0,1.0,2.0,3.007970488280184
5.0,5.0,3.0,3.0,1.0,3.0,3.2627413418463638
5.0,5.0,3.0,3.0,1.0,4.0,3.5179048787776686
5.0,5.0,3.0,3.0,1.0,5.0,3.77226599553433
5.0,5.0,3.0,3.0,2.0,1.0,2.8737623244335473
5.0,5.0,3.0,3.0,2.0,2.0,3.1282571636584176
5.0,5.0,3.0,3.0,2.0,3.0,3.3823834821542795
5.0,5.0,3.0,3.0,2.0,4.0,3.638273938813183
5.0,5.0,3.0,3.0,2.0,5.0,3.892541337590767
5.0,5.0,3.0,3.0,3.0,1.0,2.9938467150061845
5.0,5.0,3.0,3.0,3.0,2.0,3.247673027198116
5.0,5.0,3.0,3.0,3.0,3.0,3.501474190373329
5.0,5.0,3.0,3.0,3.0,4.0,3.7575761110868307
5.0,5.0,3.0,3.0,3.0,5.0,4.012354644351329
5.0,5.0,3.0,3.0,4.0,2.0,3.366040061542469
5.0,5.0,3.0,3.0,4.0,3.0,3.621045521937812
5.0,5.0,3.0,3.0,4.0,4.0,3.8770233902533957
5.0,5.0,3.0,3.0,4.0,5.0,4.132755559414133
5.0,5.0,3.0,3.0,5.0,1.0,3.2331932531640457
5.0,5.0,3.0,3.0,5.0,2.0,3.486980880443187
5.0,5.0,3.0,3.0,5.0,3.0,3.738051108495675
5.0,5.0,3.0,3.0,5.0,4.0,3.99742791487699
5.0,5.0,3.0,3.0,5.0,5.0,4.250238529484848
5.0,5.0,3.0,4.0,1.0,1.0,2.867073937840201
5.0,5.0,3.0,4.0,1.0,2.0,3.1210038022409448
5.0,5.0,3.0,4.0,1.0,3.0,3.3757593907231414
5.0,5.0,3.0,4.0,1.0,4.0,3.6310502131329914
5.0,5.0,3.0,4.0,2.0,1.0,2.987850138657481
5.0,5.0,3.0,4.0,2.0,2.0,3.242155502439024
5.0,5.0,3.0,4.0,2.0,3.0,3.4964462858390326
5.0,5.0,3.0,4.0,2.0,4.0,3.7507954472601903
5.0,5.0,3.0,4.0,2.0,5.0,4.006362843245381
5.0,5.0,3.0,4.0,3.0,2.0,3.3618075622511645
5.0,5.0,3.0,4.0,3.0,3.0,3.61503616899188
5.0,5.0,3.0,4.0,3.0,4.0,3.8727711427047646
5.0,5.0,3.0,4.0,3.0,5.0,4.1253094419331395
5.0,5.0,3.0,4.0,4.0,1.0,3.227199933178963
5.0,5.0,3.0,4.0,4.0,2.0,3.479686746684666
5.0,5.0,3.0,4.0,4.0,3.0,3.7387458286322803
5.0,5.0,3.0,4.0,4.0,4.0,3.998425577975575
5.0,5.0,3.0,4.0,4.0,5.0,4.246739165606657
5.0,5.0,3.0,4.0,5.0,1.0,3.3463813061467707
5.0,5.0,3.0,4.0,5.0,2.0,3.601251828098933
5.0,5.0,3.0,4.0,5.0,3.0,3.8528209941473017
5.0,5.0,3.0,4.0,5.0,4.0,4.115211963853517
5.0,5.0,3.0,4.0,5.0,5.0,4.366448204527869
5.0,5.0,3.0,5.0,1.0,1.0,2.9792286261332825
5.0,5.0,3.0,5.0,1.0,2.0,3.235362475214184
5.0,5.0,3.0,5.0,1.0,3.0,3.4890051719480195
5.0,5.0,3.0,5.0,1.0,4.0,3.7443530024042357
5.0,5.0,3.0,5.0,1.0,5.0,3.996111339300009
5.0,5.0,3.0,5.0,2.0,1.0,3.101629839301027
5.0,5.0,3.0,5.0,2.0,2.0,3.355632918251611
5.0,5.0,3.0,5.0,2.0,3.0,3.6114940253486556
5.0,5.0,3.0,5.0,2.0,4.0,3.865618336626655
5.0,5.0,3.0,5.0,2.0,5.0,4.116459915369697
5.0,5.0,3.0,5.0,3.0,1.0,3.2212057248118997
5.0,5.0,3.0,5.0,3.0,2.0,3.475700177108293
5.0,5.0,3.0,5.0,3.0,3.0,3.728936983905255
5.0,5.0,3.0,5.0,3.0,4.0,3.9882830010530537
5.0,5.0,3.0,5.0,3.0,5.0,4.243453467114717
5.0,5.0,3.0,5.0,4.0,2.0,3.5956964896563552
5.0,5.0,3.0,5.0,4.0,3.0,3.8496325157669182
5.0,5.0,3.0,5.0,4.0,4.0,4.111684304197237
5.0,5.0,3.0,5.0,4.0,5.0,4.36976004709746
5.0,5.0,3.0,5.0,5.0,1.0,3.460597431056497
5.0,5.0,3.0,5.0,5.0,2.0,3.7145787553807206
5.0,5.0,3.0,5.0,5.0,3.0,3.966892078538157
5.0,5.0,3.0,5.0,5.0,4.0,4.2342173277421455
5.0,5.0,3.0,5.0,5.0,5.0,4.530494793805474
5.0,5.0,4.0,1.0,2.0,3.0,3.4062749017672016
5.0,5.0,4.0,1.0,3.0,1.0,3.015891469578995
5.0,5.0,4.0,1.0,3.0,3.0,3.5256818861792616
5.0,5.0,4.0,1.0,3.0,4.0,3.7803858172635714
5.0,5.0,4.0,1.0,4.0,1.0,3.1364682268042867
5.0,5.0,4.0,1.0,4.0,3.0,3.6456319215830524
5.0,5.0,4.0,1.0,4.0,4.0,3.9004607957571125
5.0,5.0,4.0,1.0,4.0,5.0,4.154224474211437
5.0,5.0,4.0,1.0,5.0,5.0,4.274496086618464
5.0,5.0,4.0,2.0,1.0,2.0,3.145147831661186
5.0,5.0,4.0,2.0,2.0,2.0,3.2648559791471263
5.0,5.0,4.0,2.0,2.0,4.0,3.7746576345179594
5.0,5.0,4.0,2.0,3.0,1.0,3.1305107331314708
5.0,5.0,4.0,2.0,3.0,2.0,3.3849719698313967
5.0,5.0,4.0,2.0,3.0,3.0,3.6397554156855962
5.0,5.0,4.0,2.0,3.0,4.0,3.8944681680111453
5.0,5.0,4.0,2.0,3.0,5.0,4.148494861456958
5.0,5.0,4.0,2.0,4.0,3.0,3.7576289294198113
5.0,5.0,4.0,2.0,4.0,4.0,4.01291755700833
5.0,5.0,4.0,2.0,4.0,5.0,4.269034677089183
5.0,5.0,4.0,2.0,5.0,2.0,3.6249617663188274
5.0,5.0,4.0,2.0,5.0,3.0,3.8791848825857667
5.0,5.0,4.0,2.0,5.0,4.0,4.134298811827504
5.0,5.0,4.0,2.0,5.0,5.0,4.388134368357097
5.0,5.0,4.0,3.0,1.0,3.0,3.5132922190530214
5.0,5.0,4.0,3.0,1.0,4.0,3.7684565250809925
5.0,5.0,4.0,3.0,2.0,2.0,3.378676376374463
5.0,5.0,4.0,3.0,2.0,3.0,3.633403652298376
5.0,5.0,4.0,3.0,2.0,4.0,3.8885341471033454
5.0,5.0,4.0,3.0,3.0,1.0,3.2442636793524913
5.0,5.0,4.0,3.0,3.0,2.0,3.4987590404962092
5.0,5.0,4.0,3.0,3.0,3.0,3.7534040220651375
5.0,5.0,4.0,3.0,3.0,4.0,4.007174926612289
5.0,5.0,4.0,3.0,3.0,5.0,4.262567287596997
5.0,5.0,4.0,3.0,4.0,2.0,3.6182440415290467
5.0,5.0,4.0,3.0,4.0,3.0,3.871461458068762
5.0,5.0,4.0,3.0,4.0,4.0,4.127581866160133
5.0,5.0,4.0,3.0,4.0,5.0,4.3826407576345225
5.0,5.0,4.0,3.0,5.0,1.0,3.4840866833348465
5.0,5.0,4.0,3.0,5.0,2.0,3.738789174596876
5.0,5.0,4.0,3.0,5.0,3.0,3.9928886874543497
5.0,5.0,4.0,3.0,5.0,4.0,4.2478138458632895
5.0,5.0,4.0,3.0,5.0,5.0,4.501774388475944
5.0,5.0,4.0,4.0,1.0,1.0,3.118192117920728
5.0,5.0,4.0,4.0,1.0,3.0,3.6276801519069215
5.0,5.0,4.0,4.0,1.0,4.0,3.880866495233732
5.0,5.0,4.0,4.0,1.0,5.0,4.135795243229625
5.0,5.0,4.0,4.0,2.0,2.0,3.4928966056602646
5.0,5.0,4.0,4.0,2.0,3.0,3.746204637464365
5.0,5.0,4.0,4.0,2.0,4.0,4.001478446964951
5.0,5.0,4.0,4.0,2.0,5.0,4.256715790125018
5.0,5.0,4.0,4.0,3.0,2.0,3.6127492342669996
5.0,5.0,4.0,4.0,3.0,3.0,3.868667178732234
5.0,5.0,4.0,4.0,3.0,4.0,4.126409064094151
5.0,5.0,4.0,4.0,3.0,5.0,4.377742366663836
5.0,5.0,4.0,4.0,4.0,2.0,3.732518452155079
5.0,5.0,4.0,4.0,4.0,3.0,3.988586262086111
5.0,5.0,4.0,4.0,4.0,4.0,4.266912806808831
5.0,5.0,4.0,4.0,4.0,5.0,4.503871418603091
5.0,5.0,4.0,4.0,5.0,1.0,3.5981364170646337
5.0,5.0,4.0,4.0,5.0,2.0,3.8522559383437125
5.0,5.0,4.0,4.0,5.0,3.0,4.104798147791285
5.0,5.0,4.0,4.0,5.0,4.0,4.372302355855993
5.0,5.0,4.0,4.0,5.0,5.0,4.630231524639453
5.0,5.0,4.0,5.0,1.0,1.0,3.2326048850871487
5.0,5.0,4.0,5.0,1.0,2.0,3.486246389577428
5.0,5.0,4.0,5.0,1.0,3.0,3.740151231620817
5.0,5.0,4.0,5.0,1.0,4.0,3.9936481252594644
5.0,5.0,4.0,5.0,1.0,5.0,4.248925730812434
5.0,5.0,4.0,5.0,2.0,2.0,3.60718870810623
5.0,5.0,4.0,5.0,2.0,3.0,3.860864321947705
5.0,5.0,4.0,5.0,2.0,4.0,4.1144882341616125
5.0,5.0,4.0,5.0,2.0,5.0,4.367705140726426
5.0,5.0,4.0,5.0,3.0,1.0,3.472099209747754
5.0,5.0,4.0,5.0,3.0,2.0,3.726935398996471
5.0,5.0,4.0,5.0,3.0,3.0,3.982549678547101
5.0,5.0,4.0,5.0,3.0,4.0,4.236419437391821
5.0,5.0,4.0,5.0,3.0,5.0,4.49480577366582
5.0,5.0,4.0,5.0,4.0,1.0,3.5912354370943915
5.0,5.0,4.0,5.0,4.0,2.0,3.8462685100521714
5.0,5.0,4.0,5.0,4.0,3.0,4.102519539713276
5.0,5.0,4.0,5.0,4.0,4.0,4.401827682130337
5.0,5.0,4.0,5.0,4.0,5.0,4.663266412713609
5.0,5.0,4.0,5.0,5.0,1.0,3.7112000925690647
5.0,5.0,4.0,5.0,5.0,2.0,3.9654046234224434
5.0,5.0,4.0,5.0,5.0,3.0,4.219773354704674
5.0,5.0,4.0,5.0,5.0,4.0,4.520482780213447
5.0,5.0,4.0,5.0,5.0,5.0,4.832145458705393
5.0,5.0,5.0,1.0,1.0,1.0,3.0259383266393827
5.0,5.0,5.0,1.0,1.0,3.0,3.5369577531281133
5.0,5.0,5.0,1.0,1.0,5.0,4.046082437296411
5.0,5.0,5.0,1.0,2.0,2.0,3.401666149869924
5.0,5.0,5.0,1.0,2.0,5.0,4.165688848803842
5.0,5.0,5.0,1.0,3.0,1.0,3.2671836476978906
5.0,5.0,5.0,1.0,3.0,2.0,3.521746892129031
5.0,5.0,5.0,1.0,3.0,3.0,3.7760425231987966
5.0,5.0,5.0,1.0,4.0,2.0,3.64129079711799
5.0,5.0,5.0,1.0,4.0,4.0,4.149804540086815
5.0,5.0,5.0,1.0,5.0,1.0,3.5049355948093353
5.0,5.0,5.0,1.0,5.0,2.0,3.7610986585989408
5.0,5.0,5.0,1.0,5.0,3.0,4.01593239719479
5.0,5.0,5.0,1.0,5.0,4.0,4.270422545508203
5.0,5.0,5.0,1.0,5.0,5.0,4.5246085287967395
5.0,5.0,5.0,2.0,1.0,1.0,3.141112689521263
5.0,5.0,5.0,2.0,1.0,2.0,3.3956763072391114
5.0,5.0,5.0,2.0,2.0,2.0,3.515213362323737
5.0,5.0,5.0,2.0,2.0,3.0,3.7700487452162186
5.0,5.0,5.0,2.0,3.0,1.0,3.380734747103534
5.0,5.0,5.0,2.0,3.0,2.0,3.6352249491567687
5.0,5.0,5.0,2.0,3.0,3.0,3.889682463804148
5.0,5.0,5.0,2.0,3.0,4.0,4.145145638258944
5.0,5.0,5.0,2.0,3.0,5.0,4.399463826399345
5.0,5.0,5.0,2.0,4.0,2.0,3.755437163057836
5.0,5.0,5.0,2.0,4.0,3.0,4.008864367303969
5.0,5.0,5.0,2.0,4.0,4.0,4.2647658446624686
5.0,5.0,5.0,2.0,4.0,5.0,4.5195988260607605
5.0,5.0,5.0,2.0,5.0,2.0,3.8735202001696303
5.0,5.0,5.0,2.0,5.0,3.0,4.129574014157901
5.0,5.0,5.0,2.0,5.0,4.0,4.383430924476491
5.0,5.0,5.0,2.0,5.0,5.0,4.636804792010153
5.0,5.0,5.0,3.0,1.0,2.0,3.5096209669716973
5.0,5.0,5.0,3.0,1.0,3.0,3.7643193967609485
5.0,5.0,5.0,3.0,1.0,5.0,4.27291460633709
5.0,5.0,5.0,3.0,2.0,2.0,3.6297650515827486
5.0,5.0,5.0,3.0,2.0,3.0,3.8836622116655883
5.0,5.0,5.0,3.0,2.0,4.0,4.139119049673813
5.0,5.0,5.0,3.0,3.0,1.0,3.4948172122172227
5.0,5.0,5.0,3.0,3.0,2.0,3.749446540709699
5.0,5.0,5.0,3.0,3.0,3.0,4.0023176701178
5.0,5.0,5.0,3.0,3.0,4.0,4.257679065103378
5.0,5.0,5.0,3.0,3.0,5.0,4.513566549873588
5.0,5.0,5.0,3.0,4.0,2.0,3.868726425915989
5.0,5.0,5.0,3.0,4.0,3.0,4.123523938268455
5.0,5.0,5.0,3.0,4.0,4.0,4.374640798750697
5.0,5.0,5.0,3.0,4.0,5.0,4.63332324457462
5.0,5.0,5.0,3.0,5.0,2.0,3.989266161618745
5.0,5.0,5.0,3.0,5.0,3.0,4.239616509001533
5.0,5.0,5.0,3.0,5.0,4.0,4.494225866357276
5.0,5.0,5.0,3.0,5.0,5.0,4.747308922644282
5.0,5.0,5.0,4.0,1.0,2.0,3.6233060549445018
5.0,5.0,5.0,4.0,1.0,3.0,3.877734378400304
5.0,5.0,5.0,4.0,1.0,4.0,4.132489036284434
5.0,5.0,5.0,4.0,1.0,5.0,4.38742625612095
5.0,5.0,5.0,4.0,2.0,1.0,3.4888168269611177
5.0,5.0,5.0,4.0,2.0,2.0,3.7427915884942125
5.0,5.0,5.0,4.0,2.0,3.0,3.997685153241169
5.0,5.0,5.0,4.0,2.0,4.0,4.2518345800949
5.0,5.0,5.0,4.0,2.0,5.0,4.506928143186361
5.0,5.0,5.0,4.0,3.0,2.0,3.8625069804304797
5.0,5.0,5.0,4.0,3.0,3.0,4.117162363648044
5.0,5.0,5.0,4.0,3.0,4.0,4.373691363776159
5.0,5.0,5.0,4.0,3.0,5.0,4.627416625672206
5.0,5.0,5.0,4.0,4.0,2.0,3.983542662041016
5.0,5.0,5.0,4.0,4.0,3.0,4.235975365975867
5.0,5.0,5.0,4.0,4.0,4.0,4.493114218085317
5.0,5.0,5.0,4.0,4.0,5.0,4.7497183559454035
5.0,5.0,5.0,4.0,5.0,1.0,3.8479842532170965
5.0,5.0,5.0,4.0,5.0,2.0,4.102972410013018
5.0,5.0,5.0,4.0,5.0,3.0,4.355419520021206
5.0,5.0,5.0,4.0,5.0,4.0,4.599551526694628
5.0,5.0,5.0,4.0,5.0,5.0,4.845945415625691
5.0,5.0,5.0,5.0,1.0,1.0,3.4815134979719264
5.0,5.0,5.0,5.0,1.0,2.0,3.736141898205866
5.0,5.0,5.0,5.0,1.0,3.0,3.9898518933221507
5.0,5.0,5.0,5.0,1.0,4.0,4.245393324928407
5.0,5.0,5.0,5.0,1.0,5.0,4.492259702307166
5.0,5.0,5.0,5.0,2.0,1.0,3.601678275070344
5.0,5.0,5.0,5.0,2.0,2.0,3.8574643548141285
5.0,5.0,5.0,5.0,2.0,3.0,4.111607421324017
5.0,5.0,5.0,5.0,2.0,4.0,4.363624714996132
5.0,5.0,5.0,5.0,2.0,5.0,4.614408043063666
5.0,5.0,5.0,5.0,3.0,1.0,3.7228626624190584
5.0,5.0,5.0,5.0,3.0,2.0,3.97782771002481
5.0,5.0,5.0,5.0,3.0,3.0,4.231693505893372
5.0,5.0,5.0,5.0,3.0,4.0,4.4894328095018565
5.0,5.0,5.0,5.0,3.0,5.0,4.748539902602024
5.0,5.0,5.0,5.0,4.0,1.0,3.841989680741495
5.0,5.0,5.0,5.0,4.0,2.0,4.096212452253763
5.0,5.0,5.0,5.0,4.0,3.0,4.351632697548182
5.0,5.0,5.0,5.0,4.0,4.0,4.6363976251967305
5.0,5.0,5.0,5.0,4.0,5.0,4.88073693017929
5.0,5.0,5.0,5.0,5.0,1.0,3.960319561355957
5.0,5.0,5.0,5.0,5.0,2.0,4.214238121910223
5.0,5.0,5.0,5.0,5.0,3.0,4.468567697525614
5.0,5.0,5.0,5.0,5.0,4.0,4.732281819588711
5.0,5.0,5.0,5.0,5.0,5.0,4.966583044087056
