0,1,2,3,4,5,function_value
1.0,1.0,1.0,1.0,1.0,1.0,1.0886324081300214
1.0,1.0,1.0,1.0,1.0,2.0,1.0880501891033556
1.0,1.0,1.0,1.0,1.0,3.0,1.087938444940733
1.0,1.0,1.0,1.0,1.0,5.0,1.4685860422235733
1.0,1.0,1.0,1.0,2.0,1.0,1.0880011748214504
1.0,1.0,1.0,1.0,2.0,2.0,1.087909051790513
1.0,1.0,1.0,1.0,3.0,1.0,1.08780346081926
1.0,1.0,1.0,1.0,3.0,2.0,1.0878250399071694
1.0,1.0,1.0,1.0,3.0,3.0,1.2118342006517369
1.0,1.0,1.0,1.0,4.0,1.0,1.087713404236224
1.0,1.0,1.0,1.0,4.0,3.0,1.3239712112680693
1.0,1.0,1.0,1.0,5.0,1.0,1.0876839385903687
1.0,1.0,1.0,2.0,1.0,1.0,1.0879957260436668
1.0,1.0,1.0,2.0,1.0,2.0,1.0879067281173782
1.0,1.0,1.0,2.0,1.0,3.0,1.0879244268536687
1.0,1.0,1.0,2.0,2.0,1.0,1.0878567446923233
1.0,1.0,1.0,2.0,2.0,2.0,1.08786810510416
1.0,1.0,1.0,2.0,2.0,3.0,1.1899168018607447
1.0,1.0,1.0,2.0,3.0,1.0,1.0877727210171417
1.0,1.0,1.0,2.0,3.0,2.0,1.1098491040366238
1.0,1.0,1.0,2.0,3.0,3.0,1.3240559359610833
1.0,1.0,1.0,2.0,4.0,2.0,1.2185555718557015
1.0,1.0,1.0,2.0,4.0,3.0,1.4326900065098345
1.0,1.0,1.0,2.0,5.0,2.0,1.3403867184986114
1.0,1.0,1.0,3.0,1.0,1.0,1.0877880853971973
1.0,1.0,1.0,3.0,1.0,2.0,1.0878133506716143
1.0,1.0,1.0,3.0,1.0,3.0,1.167879681921678
1.0,1.0,1.0,3.0,2.0,1.0,1.0877652162540123
1.0,1.0,1.0,3.0,2.0,2.0,1.1097597079630526
1.0,1.0,1.0,3.0,2.0,3.0,1.3071369223281326
1.0,1.0,1.0,3.0,3.0,1.0,1.0877404310684977
1.0,1.0,1.0,3.0,3.0,2.0,1.2092023101795455
1.0,1.0,1.0,3.0,3.0,3.0,1.3892110081077642
1.0,1.0,1.0,3.0,4.0,3.0,1.555965866515277
1.0,1.0,1.0,3.0,4.0,4.0,1.7773788247176598
1.0,1.0,1.0,3.0,5.0,3.0,1.67779700472271
1.0,1.0,1.0,4.0,1.0,1.0,1.087684687441056
1.0,1.0,1.0,4.0,1.0,2.0,1.096982350719815
1.0,1.0,1.0,4.0,1.0,3.0,1.3064697424005698
1.0,1.0,1.0,4.0,2.0,2.0,1.2034649238826416
1.0,1.0,1.0,4.0,2.0,3.0,1.4451215227389713
1.0,1.0,1.0,4.0,3.0,3.0,1.5312096762564598
1.0,1.0,1.0,4.0,3.0,4.0,1.746432954576661
1.0,1.0,1.0,4.0,4.0,3.0,1.7104739495720638
1.0,1.0,1.0,4.0,4.0,4.0,1.8741143967504335
1.0,1.0,1.0,5.0,1.0,1.0,1.087635309264314
1.0,1.0,1.0,5.0,1.0,2.0,1.2010541088810311
1.0,1.0,1.0,5.0,1.0,3.0,1.4224670644840185
1.0,1.0,1.0,5.0,1.0,4.0,1.6438800248120071
1.0,1.0,1.0,5.0,1.0,5.0,1.8675208918935107
1.0,1.0,1.0,5.0,3.0,1.0,1.2196086157149588
1.0,1.0,1.0,5.0,3.0,2.0,1.4447163997939714
1.0,1.0,1.0,5.0,3.0,3.0,1.6551092315193887
1.0,1.0,1.0,5.0,4.0,4.0,2.026194111115365
1.0,1.0,1.0,5.0,4.0,5.0,2.2476070834844335
1.0,1.0,1.0,5.0,5.0,5.0,2.2673444724272453
1.0,1.0,2.0,1.0,1.0,1.0,1.0901497946030716
1.0,1.0,2.0,1.0,1.0,2.0,1.12771302120503
1.0,1.0,2.0,1.0,2.0,1.0,1.0906471801714872
1.0,1.0,2.0,1.0,2.0,2.0,1.1345442649984316
1.0,1.0,2.0,1.0,3.0,1.0,1.0907898111307812
1.0,1.0,2.0,1.0,4.0,3.0,1.594151409441737
1.0,1.0,2.0,1.0,4.0,4.0,1.8255583667226571
1.0,1.0,2.0,2.0,1.0,1.0,1.0906457863813463
1.0,1.0,2.0,2.0,1.0,2.0,1.1277162556928766
1.0,1.0,2.0,2.0,1.0,3.0,1.3322401968584303
1.0,1.0,2.0,2.0,2.0,1.0,1.0907327069985304
1.0,1.0,2.0,2.0,2.0,2.0,1.2382468263740394
1.0,1.0,2.0,2.0,3.0,1.0,1.138664990242973
1.0,1.0,2.0,2.0,3.0,2.0,1.3541212970990435
1.0,1.0,2.0,2.0,3.0,3.0,1.5625654341462034
1.0,1.0,2.0,2.0,5.0,2.0,1.6102951125218283
1.0,1.0,2.0,3.0,1.0,1.0,1.0907839402608732
1.0,1.0,2.0,3.0,1.0,2.0,1.2212482395038946
1.0,1.0,2.0,3.0,1.0,3.0,1.4538259745980853
1.0,1.0,2.0,3.0,2.0,2.0,1.3649263390498787
1.0,1.0,2.0,3.0,2.0,3.0,1.5756571187116781
1.0,1.0,2.0,3.0,3.0,1.0,1.2546623282805118
1.0,1.0,2.0,3.0,3.0,3.0,1.674787163386085
1.0,1.0,2.0,3.0,3.0,4.0,1.9189012536444292
1.0,1.0,2.0,3.0,4.0,2.0,1.5979064850386835
1.0,1.0,2.0,4.0,1.0,2.0,1.348410335397669
1.0,1.0,2.0,4.0,1.0,4.0,1.7912362559233455
1.0,1.0,2.0,4.0,3.0,1.0,1.387480296381786
1.0,1.0,2.0,4.0,3.0,3.0,1.813485603693565
1.0,1.0,2.0,4.0,4.0,4.0,2.173550328638689
1.0,1.0,2.0,4.0,5.0,3.0,2.0571479054269775
1.0,1.0,2.0,4.0,5.0,5.0,2.516794473350737
1.0,1.0,2.0,5.0,1.0,1.0,1.2429946851381695
1.0,1.0,2.0,5.0,1.0,3.0,1.7075599937298356
1.0,1.0,2.0,5.0,1.0,5.0,2.12864655062665
1.0,1.0,2.0,5.0,2.0,3.0,1.8076517724770131
1.0,1.0,2.0,5.0,3.0,5.0,2.3891294678017054
1.0,1.0,2.0,5.0,5.0,5.0,2.5892385269942952
1.0,1.0,3.0,1.0,1.0,1.0,1.0902073241404178
1.0,1.0,3.0,1.0,1.0,2.0,1.3142337828359496
1.0,1.0,3.0,1.0,2.0,1.0,1.1514545147289883
1.0,1.0,3.0,1.0,2.0,2.0,1.3792245802442795
1.0,1.0,3.0,1.0,3.0,1.0,1.2978323953471755
1.0,1.0,3.0,1.0,3.0,3.0,1.7051264719293373
1.0,1.0,3.0,1.0,4.0,3.0,1.8506783215886444
1.0,1.0,3.0,2.0,1.0,1.0,1.1751768654430037
1.0,1.0,3.0,2.0,1.0,2.0,1.3900296298794617
1.0,1.0,3.0,2.0,3.0,2.0,1.6907140657392914
1.0,1.0,3.0,2.0,3.0,3.0,1.8308688885242488
1.0,1.0,3.0,3.0,1.0,1.0,1.265424550423167
1.0,1.0,3.0,3.0,1.0,2.0,1.4796313985241316
1.0,1.0,3.0,3.0,1.0,3.0,1.7101115017274477
1.0,1.0,3.0,3.0,3.0,2.0,1.7562495027675307
1.0,1.0,3.0,3.0,3.0,3.0,1.8872230097836504
1.0,1.0,3.0,3.0,4.0,3.0,2.099493610126841
1.0,1.0,3.0,3.0,4.0,4.0,2.2990556322702886
1.0,1.0,3.0,4.0,1.0,1.0,1.390350920288317
1.0,1.0,3.0,4.0,1.0,3.0,1.833176847484094
1.0,1.0,3.0,4.0,3.0,4.0,2.2982521099118376
1.0,1.0,3.0,5.0,3.0,3.0,2.1928364781494643
1.0,1.0,4.0,1.0,1.0,1.0,1.3006558039891192
1.0,1.0,4.0,2.0,2.0,3.0,1.9863669168256675
1.0,1.0,4.0,2.0,3.0,2.0,1.8867850900671432
1.0,1.0,4.0,3.0,1.0,1.0,1.5377071520537244
1.0,1.0,4.0,3.0,1.0,2.0,1.7591201277694666
1.0,1.0,4.0,3.0,3.0,3.0,2.224195400504411
1.0,1.0,4.0,4.0,1.0,1.0,1.6428907663904975
1.0,1.0,4.0,4.0,4.0,5.0,2.9216704578339385
1.0,1.0,5.0,1.0,1.0,1.0,1.569066046972966
1.0,1.0,5.0,4.0,4.0,4.0,2.963611026956942
1.0,1.0,5.0,5.0,1.0,5.0,2.9691691161894935
1.0,1.0,5.0,5.0,5.0,5.0,3.378817983624802
1.0,2.0,1.0,1.0,1.0,1.0,1.0879654002363963
1.0,2.0,1.0,1.0,1.0,2.0,1.08787088742475
1.0,2.0,1.0,1.0,2.0,1.0,1.0878225618350557
1.0,2.0,1.0,1.0,2.0,2.0,1.087814824653175
1.0,2.0,1.0,1.0,2.0,3.0,1.12879788021565
1.0,2.0,1.0,1.0,3.0,1.0,1.0877381263581016
1.0,2.0,1.0,1.0,3.0,2.0,1.0877725602712052
1.0,2.0,1.0,1.0,3.0,4.0,1.474208707628182
1.0,2.0,1.0,1.0,4.0,1.0,1.0876845182528554
1.0,2.0,1.0,1.0,4.0,2.0,1.1532139174292078
1.0,2.0,1.0,1.0,4.0,4.0,1.5960398296955547
1.0,2.0,1.0,2.0,1.0,1.0,1.0878166294202822
1.0,2.0,1.0,2.0,1.0,2.0,1.087808506746421
1.0,2.0,1.0,2.0,2.0,1.0,1.0877660976723298
1.0,2.0,1.0,2.0,2.0,2.0,1.087812769358798
1.0,2.0,1.0,2.0,2.0,3.0,1.2469619042844375
1.0,2.0,1.0,2.0,3.0,1.0,1.0877226102254134
1.0,2.0,1.0,2.0,3.0,2.0,1.212630738181609
1.0,2.0,1.0,2.0,3.0,3.0,1.3661666436289381
1.0,2.0,1.0,2.0,4.0,2.0,1.2692112371721271
1.0,2.0,1.0,2.0,4.0,3.0,1.4906242005162404
1.0,2.0,1.0,3.0,1.0,1.0,1.0877233837591913
1.0,2.0,1.0,3.0,1.0,2.0,1.0877595639344253
1.0,2.0,1.0,3.0,1.0,3.0,1.2356968831787876
1.0,2.0,1.0,3.0,2.0,1.0,1.0877080931175325
1.0,2.0,1.0,3.0,2.0,2.0,1.122932073671589
1.0,2.0,1.0,3.0,2.0,3.0,1.3615348575826725
1.0,2.0,1.0,3.0,3.0,1.0,1.0877144782891632
1.0,2.0,1.0,3.0,3.0,2.0,1.2710775594913377
1.0,2.0,1.0,3.0,3.0,3.0,1.439955162980168
1.0,2.0,1.0,3.0,3.0,5.0,1.9276163518699558
1.0,2.0,1.0,3.0,4.0,2.0,1.4119204652354935
1.0,2.0,1.0,3.0,4.0,3.0,1.5965858889367068
1.0,2.0,1.0,3.0,5.0,5.0,2.1712786145785747
1.0,2.0,1.0,4.0,1.0,1.0,1.0876641321011864
1.0,2.0,1.0,4.0,2.0,1.0,1.0876723904643226
1.0,2.0,1.0,4.0,2.0,2.0,1.2863673717495572
1.0,2.0,1.0,4.0,3.0,1.0,1.1579617716913275
1.0,2.0,1.0,4.0,3.0,2.0,1.3793747465878403
1.0,2.0,1.0,4.0,3.0,3.0,1.575875920327717
1.0,2.0,1.0,4.0,4.0,1.0,1.2966135657222295
1.0,2.0,1.0,4.0,4.0,2.0,1.509456328286542
1.0,2.0,1.0,4.0,4.0,3.0,1.7377418875954511
1.0,2.0,1.0,4.0,4.0,4.0,1.8741081201057495
1.0,2.0,1.0,5.0,2.0,4.0,1.8163668504855621
1.0,2.0,1.0,5.0,2.0,5.0,2.0546004399640596
1.0,2.0,1.0,5.0,3.0,3.0,1.6934545943846728
1.0,2.0,1.0,5.0,4.0,4.0,2.0492291730362693
1.0,2.0,1.0,5.0,4.0,5.0,2.2982627378026517
1.0,2.0,1.0,5.0,5.0,3.0,1.9772679588579722
1.0,2.0,1.0,5.0,5.0,5.0,2.355064746437456
1.0,2.0,2.0,1.0,1.0,1.0,1.090521152238682
1.0,2.0,2.0,1.0,1.0,2.0,1.1277089773067888
1.0,2.0,2.0,1.0,2.0,1.0,1.0908551974119884
1.0,2.0,2.0,1.0,2.0,2.0,1.1777656781785293
1.0,2.0,2.0,1.0,2.0,4.0,1.6325517140415475
1.0,2.0,2.0,1.0,3.0,1.0,1.090861579105492
1.0,2.0,2.0,1.0,3.0,3.0,1.5161492783497663
1.0,2.0,2.0,1.0,4.0,2.0,1.4755364379211733
1.0,2.0,2.0,1.0,4.0,3.0,1.6379804529176183
1.0,2.0,2.0,1.0,5.0,1.0,1.3169856469313872
1.0,2.0,2.0,2.0,1.0,1.0,1.0908537198179677
1.0,2.0,2.0,2.0,1.0,2.0,1.1722992932438834
1.0,2.0,2.0,2.0,2.0,1.0,1.0908395960848016
1.0,2.0,2.0,2.0,2.0,2.0,1.2694623455694305
1.0,2.0,2.0,2.0,2.0,3.0,1.5271360942221999
1.0,2.0,2.0,2.0,3.0,2.0,1.4647526090450802
1.0,2.0,2.0,2.0,3.0,3.0,1.617791933646096
1.0,2.0,2.0,2.0,4.0,2.0,1.5325647985406805
1.0,2.0,2.0,2.0,4.0,4.0,1.9757976101685049
1.0,2.0,2.0,3.0,1.0,1.0,1.0908558687172656
1.0,2.0,2.0,3.0,1.0,3.0,1.504034115854935
1.0,2.0,2.0,3.0,2.0,1.0,1.2003074705704975
1.0,2.0,2.0,3.0,2.0,2.0,1.3854485734277435
1.0,2.0,2.0,3.0,2.0,3.0,1.6341096446119485
1.0,2.0,2.0,3.0,3.0,1.0,1.3221386282688408
1.0,2.0,2.0,3.0,3.0,2.0,1.530602755913983
1.0,2.0,2.0,3.0,3.0,3.0,1.6958735512303582
1.0,2.0,2.0,3.0,4.0,1.0,1.4271491569755546
1.0,2.0,2.0,3.0,4.0,3.0,1.8886680526359605
1.0,2.0,2.0,3.0,4.0,4.0,2.1250293153537667
1.0,2.0,2.0,3.0,5.0,1.0,1.5489803052554336
1.0,2.0,2.0,3.0,5.0,4.0,2.2300398444025014
1.0,2.0,2.0,4.0,1.0,1.0,1.177653019425538
1.0,2.0,2.0,4.0,1.0,2.0,1.418623641124965
1.0,2.0,2.0,4.0,1.0,3.0,1.622696970005584
1.0,2.0,2.0,4.0,2.0,2.0,1.5713590522530123
1.0,2.0,2.0,4.0,2.0,3.0,1.759130752738764
1.0,2.0,2.0,4.0,3.0,2.0,1.6427283079503725
1.0,2.0,2.0,4.0,3.0,3.0,1.846682511594375
1.0,2.0,2.0,4.0,3.0,4.0,2.102374852360803
1.0,2.0,2.0,4.0,4.0,1.0,1.559967112819862
1.0,2.0,2.0,4.0,4.0,3.0,1.9949059728032315
1.0,2.0,2.0,4.0,4.0,4.0,2.17854985866003
1.0,2.0,2.0,4.0,5.0,4.0,2.340312369625803
1.0,2.0,2.0,5.0,1.0,1.0,1.2936503508811328
1.0,2.0,2.0,5.0,1.0,3.0,1.7364762845335369
1.0,2.0,2.0,5.0,1.0,4.0,1.9420429977645968
1.0,2.0,2.0,5.0,1.0,5.0,2.219603804377311
1.0,2.0,2.0,5.0,2.0,3.0,1.858307432037076
1.0,2.0,2.0,5.0,3.0,2.0,1.7461737816367298
1.0,2.0,2.0,5.0,3.0,3.0,1.9801386057241597
1.0,2.0,2.0,5.0,5.0,4.0,2.4788551209452243
1.0,2.0,2.0,5.0,5.0,5.0,2.6449292820608474
1.0,2.0,3.0,1.0,1.0,1.0,1.0932689613054887
1.0,2.0,3.0,1.0,2.0,1.0,1.2013027668373546
1.0,2.0,3.0,1.0,2.0,2.0,1.429042142793133
1.0,2.0,3.0,1.0,3.0,1.0,1.3364588872600274
1.0,2.0,3.0,1.0,3.0,2.0,1.5580898806452923
1.0,2.0,3.0,1.0,3.0,3.0,1.7539696993486973
1.0,2.0,3.0,2.0,1.0,1.0,1.2471018380212648
1.0,2.0,3.0,2.0,1.0,2.0,1.4808867784723132
1.0,2.0,3.0,2.0,2.0,1.0,1.3200754078822956
1.0,2.0,3.0,2.0,2.0,2.0,1.5522560551013536
1.0,2.0,3.0,2.0,3.0,1.0,1.4526742359171416
1.0,2.0,3.0,2.0,3.0,3.0,1.88721750192598
1.0,2.0,3.0,2.0,4.0,3.0,2.0501294668022663
1.0,2.0,3.0,3.0,1.0,1.0,1.325009250587975
1.0,2.0,3.0,3.0,1.0,3.0,1.7194303791372758
1.0,2.0,3.0,3.0,2.0,1.0,1.4468404053550414
1.0,2.0,3.0,3.0,2.0,2.0,1.6682533737621228
1.0,2.0,3.0,3.0,2.0,3.0,1.8872159982663774
1.0,2.0,3.0,3.0,3.0,2.0,1.7969163892674191
1.0,2.0,3.0,3.0,3.0,3.0,1.887218623158023
1.0,2.0,3.0,3.0,3.0,4.0,2.249731082418463
1.0,2.0,3.0,3.0,4.0,2.0,1.9119156861568551
1.0,2.0,3.0,3.0,5.0,5.0,2.714806345441467
1.0,2.0,3.0,4.0,1.0,1.0,1.4410065810210693
1.0,2.0,3.0,4.0,1.0,2.0,1.6624195579425476
1.0,2.0,3.0,4.0,1.0,3.0,1.8597261192206473
1.0,2.0,3.0,4.0,2.0,2.0,1.7842507028891539
1.0,2.0,3.0,4.0,2.0,3.0,2.0224843024981953
1.0,2.0,3.0,4.0,2.0,4.0,2.243897259501394
1.0,2.0,3.0,4.0,3.0,2.0,1.9254114018966182
1.0,2.0,3.0,4.0,3.0,3.0,2.0494867850317973
1.0,2.0,3.0,4.0,3.0,4.0,2.343135813093724
1.0,2.0,3.0,4.0,4.0,3.0,2.2652189958465967
1.0,2.0,3.0,4.0,4.0,4.0,2.368892758234829
1.0,2.0,3.0,4.0,5.0,3.0,2.404798385648887
1.0,2.0,3.0,5.0,1.0,3.0,1.9835617017382994
1.0,2.0,3.0,5.0,1.0,4.0,2.238063433520938
1.0,2.0,3.0,5.0,1.0,5.0,2.4426557670471336
1.0,2.0,3.0,5.0,3.0,5.0,2.6863180633240664
1.0,2.0,3.0,5.0,4.0,3.0,2.382143924075372
1.0,2.0,3.0,5.0,4.0,4.0,2.576805172690352
1.0,2.0,3.0,5.0,5.0,3.0,2.4871544422946346
1.0,2.0,3.0,5.0,5.0,5.0,2.929980370661034
1.0,2.0,4.0,1.0,1.0,1.0,1.3563681676041761
1.0,2.0,4.0,1.0,1.0,2.0,1.5777811408579325
1.0,2.0,4.0,1.0,3.0,1.0,1.600030459982208
1.0,2.0,4.0,1.0,3.0,2.0,1.8382640446330933
1.0,2.0,4.0,2.0,1.0,3.0,1.915191443249671
1.0,2.0,4.0,2.0,5.0,4.0,2.640749647159573
1.0,2.0,4.0,3.0,2.0,3.0,2.169840521731503
1.0,2.0,4.0,4.0,2.0,3.0,2.28110953403165
1.0,2.0,4.0,4.0,2.0,4.0,2.490430220441548
1.0,2.0,4.0,4.0,4.0,4.0,2.711670068506911
1.0,2.0,4.0,5.0,2.0,5.0,2.8614817202176055
1.0,2.0,5.0,1.0,1.0,1.0,1.6197217189061657
1.0,2.0,5.0,5.0,5.0,1.0,2.587856271239698
1.0,3.0,1.0,1.0,1.0,1.0,1.0877123596191902
1.0,3.0,1.0,1.0,1.0,2.0,1.0877365745168823
1.0,3.0,1.0,1.0,1.0,3.0,1.0878431075960129
1.0,3.0,1.0,1.0,2.0,1.0,1.0876865943295158
1.0,3.0,1.0,1.0,2.0,2.0,1.0877181950535617
1.0,3.0,1.0,1.0,2.0,3.0,1.1985607123331212
1.0,3.0,1.0,1.0,3.0,1.0,1.0876624542697326
1.0,3.0,1.0,1.0,3.0,2.0,1.0877177852493438
1.0,3.0,1.0,1.0,3.0,3.0,1.3084662087400167
1.0,3.0,1.0,1.0,4.0,1.0,1.0876360766166313
1.0,3.0,1.0,1.0,4.0,2.0,1.194074857633687
1.0,3.0,1.0,1.0,4.0,3.0,1.4252825366107276
1.0,3.0,1.0,1.0,4.0,4.0,1.6359971555171688
1.0,3.0,1.0,1.0,4.0,5.0,1.9185703661604825
1.0,3.0,1.0,1.0,5.0,1.0,1.1171657126981716
1.0,3.0,1.0,1.0,5.0,3.0,1.5293060961698908
1.0,3.0,1.0,2.0,1.0,1.0,1.0876783311694538
1.0,3.0,1.0,2.0,1.0,2.0,1.0877048283536164
1.0,3.0,1.0,2.0,1.0,3.0,1.1673409167956879
1.0,3.0,1.0,2.0,2.0,1.0,1.0876621393233081
1.0,3.0,1.0,2.0,2.0,2.0,1.1128446273237977
1.0,3.0,1.0,2.0,2.0,3.0,1.2900426523444342
1.0,3.0,1.0,2.0,3.0,1.0,1.087655942878661
1.0,3.0,1.0,2.0,3.0,2.0,1.2126305911382036
1.0,3.0,1.0,2.0,3.0,3.0,1.3661658715874463
1.0,3.0,1.0,2.0,3.0,4.0,1.640861679540867
1.0,3.0,1.0,2.0,4.0,1.0,1.098453935148088
1.0,3.0,1.0,2.0,4.0,2.0,1.3476597239468542
1.0,3.0,1.0,2.0,4.0,3.0,1.5236619777356895
1.0,3.0,1.0,2.0,5.0,1.0,1.2202850811340906
1.0,3.0,1.0,2.0,5.0,2.0,1.4416980502267656
1.0,3.0,1.0,3.0,1.0,1.0,1.087645539495556
1.0,3.0,1.0,3.0,1.0,2.0,1.0877024913672724
1.0,3.0,1.0,3.0,1.0,3.0,1.2356960060134572
1.0,3.0,1.0,3.0,1.0,4.0,1.5131967015786745
1.0,3.0,1.0,3.0,1.0,5.0,1.7346097151859963
1.0,3.0,1.0,3.0,2.0,1.0,1.0876426069446614
1.0,3.0,1.0,3.0,2.0,2.0,1.1941580270699215
1.0,3.0,1.0,3.0,2.0,3.0,1.3756158049136238
1.0,3.0,1.0,3.0,3.0,1.0,1.1243382200259167
1.0,3.0,1.0,3.0,3.0,2.0,1.3230793637362042
1.0,3.0,1.0,3.0,3.0,3.0,1.4399499739453094
1.0,3.0,1.0,3.0,3.0,4.0,1.7568589991863495
1.0,3.0,1.0,3.0,4.0,1.0,1.2144512569679062
1.0,3.0,1.0,3.0,4.0,2.0,1.435864240384669
1.0,3.0,1.0,3.0,4.0,3.0,1.6555913947114984
1.0,3.0,1.0,3.0,4.0,4.0,1.8740938765936055
1.0,3.0,1.0,3.0,5.0,2.0,1.5650112950999806
1.0,3.0,1.0,3.0,5.0,3.0,1.7662191588155074
1.0,3.0,1.0,4.0,1.0,1.0,1.0876134762542207
1.0,3.0,1.0,4.0,1.0,2.0,1.257476876187928
1.0,3.0,1.0,4.0,1.0,3.0,1.3541603447624715
1.0,3.0,1.0,4.0,2.0,1.0,1.101892188924915
1.0,3.0,1.0,4.0,2.0,2.0,1.2981669088811805
1.0,3.0,1.0,4.0,2.0,3.0,1.5522067482633586
1.0,3.0,1.0,4.0,2.0,4.0,1.755143115086639
1.0,3.0,1.0,4.0,3.0,1.0,1.2167341567871868
1.0,3.0,1.0,4.0,3.0,2.0,1.4229157646393285
1.0,3.0,1.0,4.0,3.0,3.0,1.5758735994075983
1.0,3.0,1.0,4.0,3.0,4.0,1.8469366164275467
1.0,3.0,1.0,4.0,3.0,5.0,2.0761666723462295
1.0,3.0,1.0,4.0,4.0,1.0,1.3304485944426916
1.0,3.0,1.0,4.0,4.0,3.0,1.737741702970337
1.0,3.0,1.0,4.0,4.0,4.0,1.8740976777500369
1.0,3.0,1.0,4.0,5.0,1.0,1.4522797321564604
1.0,3.0,1.0,4.0,5.0,5.0,2.3379315907065745
1.0,3.0,1.0,5.0,1.0,1.0,1.0876143413161354
1.0,3.0,1.0,5.0,1.0,3.0,1.5151129745315042
1.0,3.0,1.0,5.0,1.0,4.0,1.7372097093572958
1.0,3.0,1.0,5.0,2.0,2.0,1.4171783708937409
1.0,3.0,1.0,5.0,2.0,4.0,1.8838431346813596
1.0,3.0,1.0,5.0,3.0,1.0,1.319243765907211
1.0,3.0,1.0,5.0,3.0,3.0,1.7424613240691624
1.0,3.0,1.0,5.0,3.0,5.0,2.190244982862698
1.0,3.0,1.0,5.0,4.0,1.0,1.4556019048356608
1.0,3.0,1.0,5.0,4.0,4.0,2.0492283905956126
1.0,3.0,1.0,5.0,5.0,1.0,1.5850977003921969
1.0,3.0,1.0,5.0,5.0,2.0,1.7896900284267427
1.0,3.0,1.0,5.0,5.0,3.0,2.0111029956982898
1.0,3.0,1.0,5.0,5.0,5.0,2.355056948505799
1.0,3.0,2.0,1.0,1.0,1.0,1.0908273234811308
1.0,3.0,2.0,1.0,1.0,2.0,1.12770650284683
1.0,3.0,2.0,1.0,1.0,3.0,1.3177970416027251
1.0,3.0,2.0,1.0,2.0,1.0,1.0910149542004741
1.0,3.0,2.0,1.0,2.0,2.0,1.2526023145522758
1.0,3.0,2.0,1.0,2.0,3.0,1.4556234022178667
1.0,3.0,2.0,1.0,3.0,1.0,1.1293365497459031
1.0,3.0,2.0,1.0,3.0,2.0,1.3872513665429695
1.0,3.0,2.0,1.0,3.0,3.0,1.582340239080737
1.0,3.0,2.0,1.0,4.0,1.0,1.2460735819254902
1.0,3.0,2.0,1.0,4.0,2.0,1.4755366836365134
1.0,3.0,2.0,1.0,5.0,5.0,2.2701138110543266
1.0,3.0,2.0,2.0,1.0,1.0,1.0910132663266923
1.0,3.0,2.0,2.0,1.0,2.0,1.2098392476841926
1.0,3.0,2.0,2.0,1.0,3.0,1.4340568620596128
1.0,3.0,2.0,2.0,2.0,1.0,1.1225921716953609
1.0,3.0,2.0,2.0,2.0,2.0,1.3245149322240632
1.0,3.0,2.0,2.0,2.0,3.0,1.550035322507091
1.0,3.0,2.0,2.0,2.0,4.0,1.782384080975723
1.0,3.0,2.0,2.0,3.0,1.0,1.2484384998047653
1.0,3.0,2.0,2.0,3.0,2.0,1.4669465416441856
1.0,3.0,2.0,2.0,3.0,3.0,1.6940855585814814
1.0,3.0,2.0,2.0,4.0,2.0,1.5832204612393428
1.0,3.0,2.0,2.0,4.0,3.0,1.8214540527297243
1.0,3.0,2.0,2.0,4.0,4.0,2.008924851587851
1.0,3.0,2.0,2.0,5.0,1.0,1.4836386511844997
1.0,3.0,2.0,2.0,5.0,3.0,1.9432852019401918
1.0,3.0,2.0,3.0,1.0,1.0,1.1231613366154036
1.0,3.0,2.0,3.0,1.0,2.0,1.3237922766433157
1.0,3.0,2.0,3.0,1.0,3.0,1.5040338641577968
1.0,3.0,2.0,3.0,1.0,4.0,1.7802463934681336
1.0,3.0,2.0,3.0,2.0,1.0,1.2265211111291385
1.0,3.0,2.0,3.0,2.0,2.0,1.5196294105894272
1.0,3.0,2.0,3.0,2.0,3.0,1.6958710634647716
1.0,3.0,2.0,3.0,3.0,1.0,1.3730532703275318
1.0,3.0,2.0,3.0,3.0,2.0,1.5306023311712074
1.0,3.0,2.0,3.0,3.0,3.0,1.6958718838908426
1.0,3.0,2.0,3.0,3.0,4.0,2.019554003099694
1.0,3.0,2.0,3.0,4.0,2.0,1.7090062059221556
1.0,3.0,2.0,3.0,4.0,3.0,1.8973471604358225
1.0,3.0,2.0,3.0,4.0,4.0,2.1378004711144816
1.0,3.0,2.0,3.0,5.0,2.0,1.837869551670582
1.0,3.0,2.0,3.0,5.0,4.0,2.280695494675085
1.0,3.0,2.0,3.0,5.0,5.0,2.4852878116908173
1.0,3.0,2.0,4.0,1.0,1.0,1.2208769948099143
1.0,3.0,2.0,4.0,1.0,2.0,1.4350838251656364
1.0,3.0,2.0,4.0,1.0,3.0,1.686931527394123
1.0,3.0,2.0,4.0,1.0,4.0,1.8543346877493867
1.0,3.0,2.0,4.0,2.0,1.0,1.350139846723165
1.0,3.0,2.0,4.0,2.0,2.0,1.5883734492062471
1.0,3.0,2.0,4.0,2.0,3.0,1.7963900989409602
1.0,3.0,2.0,4.0,2.0,4.0,2.030682839902444
1.0,3.0,2.0,4.0,3.0,1.0,1.4807051862433909
1.0,3.0,2.0,4.0,3.0,2.0,1.7196353599958039
1.0,3.0,2.0,4.0,3.0,3.0,1.8466816330524194
1.0,3.0,2.0,4.0,3.0,4.0,2.107706525677096
1.0,3.0,2.0,4.0,4.0,2.0,1.8348136323441484
1.0,3.0,2.0,4.0,4.0,3.0,1.994905457417484
1.0,3.0,2.0,4.0,4.0,4.0,2.20836032733358
1.0,3.0,2.0,4.0,5.0,3.0,2.1752798578048287
1.0,3.0,2.0,4.0,5.0,4.0,2.396692827643201
1.0,3.0,2.0,4.0,5.0,5.0,2.601285147167446
1.0,3.0,2.0,5.0,1.0,2.0,1.582539621532641
1.0,3.0,2.0,5.0,1.0,3.0,1.7940589330822712
1.0,3.0,2.0,5.0,1.0,5.0,2.21960327659598
1.0,3.0,2.0,5.0,2.0,1.0,1.4661371725390504
1.0,3.0,2.0,5.0,2.0,2.0,1.704370767071763
1.0,3.0,2.0,5.0,2.0,3.0,1.9257837318327191
1.0,3.0,2.0,5.0,2.0,4.0,2.13037605910843
1.0,3.0,2.0,5.0,3.0,4.0,2.248034404565998
1.0,3.0,2.0,5.0,3.0,5.0,2.473620175579207
1.0,3.0,2.0,5.0,4.0,2.0,1.9480330677493594
1.0,3.0,2.0,5.0,4.0,3.0,2.1500998004968475
1.0,3.0,2.0,5.0,4.0,4.0,2.367850109011477
1.0,3.0,2.0,5.0,5.0,3.0,2.2864579444678146
1.0,3.0,2.0,5.0,5.0,4.0,2.5295107863509543
1.0,3.0,2.0,5.0,5.0,5.0,2.690131108814136
1.0,3.0,3.0,1.0,1.0,1.0,1.0933243634453367
1.0,3.0,3.0,1.0,1.0,2.0,1.3420688283676458
1.0,3.0,3.0,1.0,1.0,3.0,1.5767943178336787
1.0,3.0,3.0,1.0,2.0,1.0,1.206464859582906
1.0,3.0,3.0,1.0,2.0,2.0,1.4795371186214035
1.0,3.0,3.0,1.0,2.0,3.0,1.7083273477737326
1.0,3.0,3.0,1.0,3.0,1.0,1.3364589737046082
1.0,3.0,3.0,1.0,3.0,2.0,1.5861302633404055
1.0,3.0,3.0,1.0,3.0,3.0,1.7539690158460877
1.0,3.0,3.0,1.0,4.0,1.0,1.5007408089650658
1.0,3.0,3.0,1.0,4.0,2.0,1.7473973178665012
1.0,3.0,3.0,1.0,4.0,3.0,1.9693262935202531
1.0,3.0,3.0,1.0,4.0,4.0,2.1902232475310806
1.0,3.0,3.0,1.0,5.0,2.0,1.8524078208262482
1.0,3.0,3.0,1.0,5.0,3.0,2.073820800018246
1.0,3.0,3.0,1.0,5.0,5.0,2.5671086352722514
1.0,3.0,3.0,2.0,1.0,1.0,1.2471019484833878
1.0,3.0,3.0,2.0,1.0,2.0,1.4810805718375255
1.0,3.0,3.0,2.0,1.0,3.0,1.7074150659887233
1.0,3.0,3.0,2.0,2.0,1.0,1.3853554335444545
1.0,3.0,3.0,2.0,2.0,2.0,1.6121845643036068
1.0,3.0,3.0,2.0,2.0,3.0,1.8603156489968713
1.0,3.0,3.0,2.0,3.0,1.0,1.4869480146248328
1.0,3.0,3.0,2.0,3.0,2.0,1.6935439877150373
1.0,3.0,3.0,2.0,3.0,3.0,1.8872164731189267
1.0,3.0,3.0,2.0,4.0,1.0,1.6419816783620713
1.0,3.0,3.0,2.0,4.0,2.0,1.8465740131664468
1.0,3.0,3.0,2.0,4.0,3.0,2.0999470453936846
1.0,3.0,3.0,2.0,4.0,4.0,2.3011549144175594
1.0,3.0,3.0,2.0,5.0,5.0,2.6662853260699264
1.0,3.0,3.0,3.0,1.0,1.0,1.3262716568499415
1.0,3.0,3.0,3.0,1.0,2.0,1.572899763978993
1.0,3.0,3.0,3.0,1.0,3.0,1.7693104955511045
1.0,3.0,3.0,3.0,2.0,1.0,1.4892660252136767
1.0,3.0,3.0,3.0,2.0,2.0,1.7427996502658285
1.0,3.0,3.0,3.0,2.0,3.0,1.8872151649141777
1.0,3.0,3.0,3.0,3.0,1.0,1.5778300318048137
1.0,3.0,3.0,3.0,3.0,2.0,1.865605542945832
1.0,3.0,3.0,3.0,3.0,3.0,1.8872169803415402
1.0,3.0,3.0,3.0,3.0,4.0,2.2770828997471555
1.0,3.0,3.0,3.0,4.0,1.0,1.7288974204560796
1.0,3.0,3.0,3.0,4.0,3.0,2.1890947774540925
1.0,3.0,3.0,3.0,4.0,4.0,2.361576624147782
1.0,3.0,3.0,3.0,4.0,5.0,2.660451496788081
1.0,3.0,3.0,3.0,5.0,4.0,2.5440490510870855
1.0,3.0,3.0,3.0,5.0,5.0,2.752799222451845
1.0,3.0,3.0,4.0,1.0,1.0,1.540752867010471
1.0,3.0,3.0,4.0,1.0,2.0,1.7386864197802039
1.0,3.0,3.0,4.0,1.0,3.0,1.8597250490431374
1.0,3.0,3.0,4.0,1.0,4.0,2.132398879375873
1.0,3.0,3.0,4.0,1.0,5.0,2.3876147319350496
1.0,3.0,3.0,4.0,2.0,2.0,1.8349063681151427
1.0,3.0,3.0,4.0,2.0,3.0,2.0370078396601596
1.0,3.0,3.0,4.0,2.0,4.0,2.301239205246691
1.0,3.0,3.0,4.0,3.0,1.0,1.735324548434184
1.0,3.0,3.0,4.0,3.0,2.0,1.957452776214188
1.0,3.0,3.0,4.0,3.0,3.0,2.049485494182086
1.0,3.0,3.0,4.0,3.0,4.0,2.347654773563412
1.0,3.0,3.0,4.0,4.0,1.0,1.8571556983926618
1.0,3.0,3.0,4.0,4.0,2.0,2.0953892910458927
1.0,3.0,3.0,4.0,4.0,3.0,2.265218232589131
1.0,3.0,3.0,4.0,4.0,4.0,2.3688870457883477
1.0,3.0,3.0,4.0,5.0,4.0,2.654836774933255
1.0,3.0,3.0,4.0,5.0,5.0,2.866877529054303
1.0,3.0,3.0,5.0,1.0,1.0,1.64130084809704
1.0,3.0,3.0,5.0,1.0,3.0,2.04964999192621
1.0,3.0,3.0,5.0,1.0,4.0,2.2508578557674013
1.0,3.0,3.0,5.0,1.0,5.0,2.5101320634425637
1.0,3.0,3.0,5.0,2.0,1.0,1.7294907207379575
1.0,3.0,3.0,5.0,2.0,2.0,1.9509036879807118
1.0,3.0,3.0,5.0,2.0,3.0,2.1829808373719874
1.0,3.0,3.0,5.0,2.0,5.0,2.648783844598329
1.0,3.0,3.0,5.0,3.0,3.0,2.259842572716771
1.0,3.0,3.0,5.0,3.0,4.0,2.540116570886343
1.0,3.0,3.0,5.0,3.0,5.0,2.741324433986452
1.0,3.0,3.0,5.0,4.0,1.0,1.9899736593435708
1.0,3.0,3.0,5.0,4.0,2.0,2.211386630132027
1.0,3.0,3.0,5.0,4.0,4.0,2.5768033672958084
1.0,3.0,3.0,5.0,4.0,5.0,2.8204236590328042
1.0,3.0,3.0,5.0,5.0,1.0,2.0949841817867925
1.0,3.0,3.0,5.0,5.0,3.0,2.5528516806924504
1.0,3.0,3.0,5.0,5.0,4.0,2.7428796343009276
1.0,3.0,3.0,5.0,5.0,5.0,2.9314799939760254
1.0,3.0,4.0,1.0,1.0,1.0,1.3971265565959394
1.0,3.0,4.0,1.0,2.0,1.0,1.5288549683746713
1.0,3.0,4.0,1.0,3.0,3.0,2.1103326841619516
1.0,3.0,4.0,2.0,1.0,2.0,1.7444341009509137
1.0,3.0,4.0,2.0,3.0,1.0,1.766683443058023
1.0,3.0,4.0,2.0,3.0,2.0,1.9882934469590403
1.0,3.0,4.0,2.0,3.0,3.0,2.2026909843509426
1.0,3.0,4.0,2.0,4.0,2.0,2.1099275596936624
1.0,3.0,4.0,2.0,4.0,3.0,2.331340527294412
1.0,3.0,4.0,3.0,2.0,3.0,2.203675555184885
1.0,3.0,4.0,3.0,2.0,4.0,2.441909164256919
1.0,3.0,4.0,3.0,3.0,3.0,2.309870302342606
1.0,3.0,4.0,3.0,4.0,3.0,2.4564801956192834
1.0,3.0,4.0,3.0,4.0,4.0,2.6687508227871897
1.0,3.0,4.0,4.0,1.0,1.0,1.7550158545439292
1.0,3.0,4.0,4.0,1.0,3.0,2.1978417215122215
1.0,3.0,4.0,4.0,1.0,4.0,2.4463864346087503
1.0,3.0,4.0,4.0,3.0,3.0,2.4271344598914406
1.0,3.0,4.0,4.0,3.0,4.0,2.6965582590031376
1.0,3.0,4.0,4.0,4.0,1.0,2.1205092454175896
1.0,3.0,4.0,4.0,4.0,3.0,2.5954672627859887
1.0,3.0,4.0,4.0,4.0,4.0,2.7116636677686943
1.0,3.0,4.0,4.0,5.0,2.0,2.4637533812585573
1.0,3.0,4.0,4.0,5.0,4.0,2.9065792923170632
1.0,3.0,4.0,4.0,5.0,5.0,3.144812891561937
1.0,3.0,4.0,5.0,1.0,5.0,2.7903062586143044
1.0,3.0,4.0,5.0,3.0,4.0,2.7789143195741315
1.0,3.0,4.0,5.0,4.0,4.0,2.9039754249964838
1.0,3.0,4.0,5.0,4.0,5.0,3.1389790775494757
1.0,3.0,4.0,5.0,5.0,5.0,3.206259414121515
1.0,3.0,5.0,2.0,3.0,3.0,2.4728629338358434
1.0,3.0,5.0,2.0,5.0,5.0,3.1929924371831153
1.0,3.0,5.0,3.0,1.0,1.0,1.9023720327433995
1.0,3.0,5.0,3.0,1.0,2.0,2.123784986989938
1.0,3.0,5.0,3.0,1.0,3.0,2.3451979530415654
1.0,3.0,5.0,3.0,3.0,3.0,2.588860254837545
1.0,3.0,5.0,3.0,4.0,3.0,2.7106914093046726
1.0,3.0,5.0,3.0,4.0,4.0,2.96574564322856
1.0,3.0,5.0,4.0,3.0,3.0,2.7384988564119404
1.0,3.0,5.0,4.0,4.0,3.0,2.8266887460320467
1.0,3.0,5.0,5.0,1.0,3.0,2.594013250944994
1.0,3.0,5.0,5.0,1.0,4.0,2.7986055670992953
1.0,3.0,5.0,5.0,1.0,5.0,3.0368391660328538
1.0,3.0,5.0,5.0,2.0,4.0,2.9204367390175476
1.0,3.0,5.0,5.0,3.0,5.0,3.2636808529302144
1.0,3.0,5.0,5.0,4.0,4.0,3.1587581963348983
1.0,3.0,5.0,5.0,5.0,3.0,3.0634497944457353
1.0,3.0,5.0,5.0,5.0,5.0,3.3788088457297074
1.0,4.0,1.0,1.0,1.0,1.0,1.087594023056613
1.0,4.0,1.0,1.0,1.0,2.0,1.0876223772374127
1.0,4.0,1.0,1.0,1.0,3.0,1.121150851115229
1.0,4.0,1.0,1.0,1.0,4.0,1.3318577126974551
1.0,4.0,1.0,1.0,2.0,1.0,1.087599437503042
1.0,4.0,1.0,1.0,2.0,2.0,1.087646827197054
1.0,4.0,1.0,1.0,2.0,3.0,1.2322759037468003
1.0,4.0,1.0,1.0,3.0,1.0,1.0875919072655644
1.0,4.0,1.0,1.0,3.0,2.0,1.1627205915825987
1.0,4.0,1.0,1.0,3.0,3.0,1.3463118804151477
1.0,4.0,1.0,1.0,3.0,4.0,1.5893344923240436
1.0,4.0,1.0,1.0,4.0,1.0,1.0875903617513352
1.0,4.0,1.0,1.0,4.0,2.0,1.2813243113540125
1.0,4.0,1.0,1.0,4.0,3.0,1.468064419664884
1.0,4.0,1.0,1.0,4.0,4.0,1.6746538023163617
1.0,4.0,1.0,2.0,1.0,1.0,1.0875889704452828
1.0,4.0,1.0,2.0,1.0,2.0,1.0876201984120897
1.0,4.0,1.0,2.0,1.0,3.0,1.2353444135230771
1.0,4.0,1.0,2.0,2.0,1.0,1.087591427968524
1.0,4.0,1.0,2.0,2.0,2.0,1.128541784011406
1.0,4.0,1.0,2.0,2.0,3.0,1.3263155480593398
1.0,4.0,1.0,2.0,3.0,1.0,1.0876061159849528
1.0,4.0,1.0,2.0,3.0,2.0,1.2568692921949798
1.0,4.0,1.0,2.0,3.0,3.0,1.435627861879091
1.0,4.0,1.0,2.0,4.0,2.0,1.364392424064389
1.0,4.0,1.0,2.0,4.0,3.0,1.588941984764841
1.0,4.0,1.0,2.0,4.0,4.0,1.799893029187586
1.0,4.0,1.0,2.0,5.0,1.0,1.2709407167808628
1.0,4.0,1.0,2.0,5.0,5.0,2.1565926208676776
1.0,4.0,1.0,3.0,1.0,1.0,1.0875743666665647
1.0,4.0,1.0,3.0,1.0,2.0,1.109928094743476
1.0,4.0,1.0,3.0,1.0,3.0,1.3158703919656531
1.0,4.0,1.0,3.0,2.0,1.0,1.0875878158898022
1.0,4.0,1.0,3.0,2.0,2.0,1.2358691415778662
1.0,4.0,1.0,3.0,2.0,3.0,1.4399456897630762
1.0,4.0,1.0,3.0,2.0,4.0,1.7025041447643599
1.0,4.0,1.0,3.0,3.0,1.0,1.1278313169987284
1.0,4.0,1.0,3.0,3.0,2.0,1.346531466299211
1.0,4.0,1.0,3.0,3.0,3.0,1.4399465797503073
1.0,4.0,1.0,3.0,3.0,4.0,1.810698078310954
1.0,4.0,1.0,3.0,4.0,1.0,1.2607204145294892
1.0,4.0,1.0,3.0,4.0,2.0,1.4950131671492677
1.0,4.0,1.0,3.0,4.0,3.0,1.6555910103393907
1.0,4.0,1.0,3.0,4.0,4.0,1.8740907016960133
1.0,4.0,1.0,3.0,5.0,3.0,1.8297640050058033
1.0,4.0,1.0,3.0,5.0,4.0,2.0511769635730377
1.0,4.0,1.0,4.0,1.0,1.0,1.0875669648553514
1.0,4.0,1.0,4.0,1.0,2.0,1.2817714358309868
1.0,4.0,1.0,4.0,1.0,3.0,1.4251883283032942
1.0,4.0,1.0,4.0,1.0,4.0,1.6527486034191394
1.0,4.0,1.0,4.0,2.0,1.0,1.168252202508352
1.0,4.0,1.0,4.0,2.0,2.0,1.347173639715604
1.0,4.0,1.0,4.0,2.0,3.0,1.584415892629747
1.0,4.0,1.0,4.0,3.0,1.0,1.2429246066215283
1.0,4.0,1.0,4.0,3.0,2.0,1.4813127705623248
1.0,4.0,1.0,4.0,3.0,3.0,1.6541524471971212
1.0,4.0,1.0,4.0,3.0,4.0,1.8563201501818904
1.0,4.0,1.0,4.0,3.0,5.0,2.144924956146956
1.0,4.0,1.0,4.0,4.0,1.0,1.3614409940288428
1.0,4.0,1.0,4.0,4.0,2.0,1.6154519030321415
1.0,4.0,1.0,4.0,4.0,3.0,1.7877453515271147
1.0,4.0,1.0,4.0,4.0,4.0,1.874091216828434
1.0,4.0,1.0,4.0,4.0,5.0,2.2788848329021425
1.0,4.0,1.0,5.0,1.0,1.0,1.1273226797759788
1.0,4.0,1.0,5.0,1.0,2.0,1.353021092500119
1.0,4.0,1.0,5.0,2.0,1.0,1.2870805512189556
1.0,4.0,1.0,5.0,2.0,2.0,1.4748522486433688
1.0,4.0,1.0,5.0,3.0,1.0,1.379327680204732
1.0,4.0,1.0,5.0,3.0,2.0,1.6033540800965458
1.0,4.0,1.0,5.0,3.0,3.0,1.818917438336579
1.0,4.0,1.0,5.0,3.0,5.0,2.260922272937196
1.0,4.0,1.0,5.0,4.0,1.0,1.4888770339739343
1.0,4.0,1.0,5.0,4.0,4.0,2.1695996734693983
1.0,4.0,1.0,5.0,4.0,5.0,2.3540208422811895
1.0,4.0,1.0,5.0,5.0,5.0,2.355042943619629
1.0,4.0,2.0,1.0,1.0,1.0,1.0910596450592218
1.0,4.0,2.0,1.0,1.0,2.0,1.2225594600360665
1.0,4.0,2.0,1.0,1.0,3.0,1.3737982973932592
1.0,4.0,2.0,1.0,2.0,1.0,1.0910854168896105
1.0,4.0,2.0,1.0,2.0,2.0,1.304209794092443
1.0,4.0,2.0,1.0,3.0,1.0,1.166334676387206
1.0,4.0,2.0,1.0,3.0,2.0,1.387251061917944
1.0,4.0,2.0,1.0,3.0,3.0,1.5973638909271
1.0,4.0,2.0,1.0,3.0,4.0,1.8556942041121833
1.0,4.0,2.0,1.0,4.0,1.0,1.2868160897167067
1.0,4.0,2.0,1.0,4.0,2.0,1.517878801820155
1.0,4.0,2.0,1.0,4.0,3.0,1.7766890208859079
1.0,4.0,2.0,1.0,4.0,4.0,1.9775253497825989
1.0,4.0,2.0,1.0,4.0,5.0,2.182117685718523
1.0,4.0,2.0,1.0,5.0,2.0,1.6514353219105218
1.0,4.0,2.0,1.0,5.0,5.0,2.30394884112738
1.0,4.0,2.0,2.0,1.0,1.0,1.0910844545941614
1.0,4.0,2.0,2.0,1.0,2.0,1.3539949675759007
1.0,4.0,2.0,2.0,1.0,3.0,1.4897956299662818
1.0,4.0,2.0,2.0,2.0,1.0,1.2112121129907145
1.0,4.0,2.0,2.0,2.0,2.0,1.357672079672032
1.0,4.0,2.0,2.0,2.0,3.0,1.6262392229958076
1.0,4.0,2.0,2.0,3.0,1.0,1.3407201071010184
1.0,4.0,2.0,2.0,3.0,2.0,1.5177628043414917
1.0,4.0,2.0,2.0,3.0,3.0,1.716387299741904
1.0,4.0,2.0,2.0,3.0,4.0,1.9556170550811902
1.0,4.0,2.0,2.0,4.0,1.0,1.4292837905808364
1.0,4.0,2.0,2.0,4.0,2.0,1.6295179290084065
1.0,4.0,2.0,2.0,4.0,3.0,1.8644103377319106
1.0,4.0,2.0,2.0,5.0,3.0,1.993940869065589
1.0,4.0,2.0,3.0,1.0,1.0,1.2091400372868655
1.0,4.0,2.0,3.0,1.0,2.0,1.383264624537867
1.0,4.0,2.0,3.0,1.0,3.0,1.5784169298734951
1.0,4.0,2.0,3.0,1.0,5.0,2.0486189691666463
1.0,4.0,2.0,3.0,2.0,1.0,1.2966287468141804
1.0,4.0,2.0,3.0,2.0,2.0,1.519629183907191
1.0,4.0,2.0,3.0,2.0,3.0,1.7154492595075936
1.0,4.0,2.0,3.0,2.0,4.0,1.9664221015158743
1.0,4.0,2.0,3.0,3.0,1.0,1.4066293379670993
1.0,4.0,2.0,3.0,3.0,2.0,1.6065326054369535
1.0,4.0,2.0,3.0,3.0,3.0,1.7718652140123314
1.0,4.0,2.0,3.0,3.0,4.0,2.101107286659378
1.0,4.0,2.0,3.0,4.0,1.0,1.5284604768754184
1.0,4.0,2.0,3.0,4.0,2.0,1.7417396667655172
1.0,4.0,2.0,3.0,4.0,3.0,1.9746882216034818
1.0,4.0,2.0,3.0,4.0,4.0,2.1377995489599355
1.0,4.0,2.0,3.0,4.0,5.0,2.4568886839902544
1.0,4.0,2.0,3.0,5.0,4.0,2.33135116022552
1.0,4.0,2.0,4.0,1.0,1.0,1.2957849836175288
1.0,4.0,2.0,4.0,1.0,2.0,1.5003773261153959
1.0,4.0,2.0,4.0,1.0,3.0,1.698297382676476
1.0,4.0,2.0,4.0,2.0,1.0,1.4040228611502579
1.0,4.0,2.0,4.0,2.0,2.0,1.6615422421694523
1.0,4.0,2.0,4.0,2.0,3.0,1.8604420717703716
1.0,4.0,2.0,4.0,3.0,1.0,1.5218887176317866
1.0,4.0,2.0,4.0,3.0,2.0,1.7523688183871147
1.0,4.0,2.0,4.0,3.0,3.0,1.9102431167059013
1.0,4.0,2.0,4.0,3.0,4.0,2.107706537680095
1.0,4.0,2.0,4.0,4.0,1.0,1.6337960163321483
1.0,4.0,2.0,4.0,4.0,2.0,1.8702346745212026
1.0,4.0,2.0,4.0,4.0,3.0,2.058622201088235
1.0,4.0,2.0,4.0,4.0,4.0,2.208358299482078
1.0,4.0,2.0,4.0,5.0,2.0,1.9877019180744178
1.0,4.0,2.0,4.0,5.0,4.0,2.4473484847699836
1.0,4.0,2.0,5.0,1.0,1.0,1.3949616813637895
1.0,4.0,2.0,5.0,1.0,2.0,1.6331952726247654
1.0,4.0,2.0,5.0,1.0,4.0,2.0760211939582103
1.0,4.0,2.0,5.0,3.0,3.0,2.0982705422315884
1.0,4.0,2.0,5.0,3.0,4.0,2.2837672311920363
1.0,4.0,2.0,5.0,4.0,3.0,2.2032810660147835
1.0,4.0,2.0,5.0,4.0,4.0,2.385757152741049
1.0,4.0,2.0,5.0,4.0,5.0,2.6797482580304557
1.0,4.0,2.0,5.0,5.0,2.0,2.1036992764054467
1.0,4.0,2.0,5.0,5.0,4.0,2.5705682585159804
1.0,4.0,2.0,5.0,5.0,5.0,2.6901263020102304
1.0,4.0,3.0,1.0,1.0,1.0,1.1472618820348575
1.0,4.0,3.0,1.0,1.0,2.0,1.4184813985829205
1.0,4.0,3.0,1.0,1.0,3.0,1.6266118885730378
1.0,4.0,3.0,1.0,2.0,1.0,1.2916300657670337
1.0,4.0,3.0,1.0,2.0,2.0,1.519441413997542
1.0,4.0,3.0,1.0,3.0,1.0,1.4008660381341647
1.0,4.0,3.0,1.0,3.0,2.0,1.6704863880045786
1.0,4.0,3.0,1.0,3.0,3.0,1.8684199397554102
1.0,4.0,3.0,1.0,4.0,1.0,1.5598193842600898
1.0,4.0,3.0,1.0,4.0,2.0,1.7683086814848457
1.0,4.0,3.0,1.0,4.0,3.0,1.9862857958770317
1.0,4.0,3.0,1.0,4.0,4.0,2.2035183883692557
1.0,4.0,3.0,1.0,5.0,1.0,1.7321124255685072
1.0,4.0,3.0,1.0,5.0,3.0,2.1244764773081086
1.0,4.0,3.0,2.0,1.0,1.0,1.3051895858621942
1.0,4.0,3.0,2.0,1.0,2.0,1.5297353730276178
1.0,4.0,3.0,2.0,1.0,3.0,1.740690196859041
1.0,4.0,3.0,2.0,2.0,1.0,1.4321544113080658
1.0,4.0,3.0,2.0,2.0,2.0,1.638183594013479
1.0,4.0,3.0,2.0,2.0,3.0,1.9086216033389378
1.0,4.0,3.0,2.0,3.0,2.0,1.7723852425907562
1.0,4.0,3.0,2.0,3.0,3.0,2.0164595823922875
1.0,4.0,3.0,2.0,3.0,4.0,2.235045085376073
1.0,4.0,3.0,2.0,4.0,1.0,1.6977215666918994
1.0,4.0,3.0,2.0,4.0,2.0,1.8989294346620669
1.0,4.0,3.0,2.0,4.0,3.0,2.124953582282816
1.0,4.0,3.0,2.0,4.0,4.0,2.361574696846201
1.0,4.0,3.0,2.0,5.0,3.0,2.2572944247256026
1.0,4.0,3.0,2.0,5.0,5.0,2.71694098373483
1.0,4.0,3.0,3.0,1.0,1.0,1.4124447691104336
1.0,4.0,3.0,3.0,1.0,2.0,1.6326297573001054
1.0,4.0,3.0,3.0,1.0,3.0,1.8044100438826576
1.0,4.0,3.0,3.0,2.0,1.0,1.5649723689478467
1.0,4.0,3.0,3.0,2.0,2.0,1.7427997188408066
1.0,4.0,3.0,3.0,2.0,3.0,1.9915457105645693
1.0,4.0,3.0,3.0,2.0,4.0,2.2123906230921255
1.0,4.0,3.0,3.0,3.0,1.0,1.6858352746440783
1.0,4.0,3.0,3.0,3.0,2.0,1.8667206619889425
1.0,4.0,3.0,3.0,3.0,3.0,2.016458743072063
1.0,4.0,3.0,3.0,3.0,4.0,2.361574503350794
1.0,4.0,3.0,3.0,4.0,1.0,1.7823156114391088
1.0,4.0,3.0,3.0,4.0,2.0,2.046868249321058
1.0,4.0,3.0,3.0,4.0,3.0,2.1890936225740156
1.0,4.0,3.0,3.0,4.0,4.0,2.36157498249694
1.0,4.0,3.0,3.0,5.0,2.0,2.1350581711514414
1.0,4.0,3.0,3.0,5.0,3.0,2.406933019145821
1.0,4.0,3.0,3.0,5.0,4.0,2.611525353793072
1.0,4.0,3.0,4.0,1.0,1.0,1.5498886415196145
1.0,4.0,3.0,4.0,1.0,3.0,1.9242319446859546
1.0,4.0,3.0,4.0,1.0,4.0,2.2233774376142876
1.0,4.0,3.0,4.0,2.0,1.0,1.6809696971155763
1.0,4.0,3.0,4.0,2.0,2.0,1.9192032998601958
1.0,4.0,3.0,4.0,2.0,3.0,2.119765837424873
1.0,4.0,3.0,4.0,2.0,4.0,2.3392054923196817
1.0,4.0,3.0,4.0,3.0,2.0,2.0242138174179845
1.0,4.0,3.0,4.0,3.0,3.0,2.153773379223163
1.0,4.0,3.0,4.0,3.0,4.0,2.3688763388902365
1.0,4.0,3.0,4.0,4.0,1.0,1.8782640719865318
1.0,4.0,3.0,4.0,4.0,2.0,2.143628488131461
1.0,4.0,3.0,4.0,4.0,3.0,2.2857477440114726
1.0,4.0,3.0,4.0,4.0,4.0,2.3688798464333702
1.0,4.0,3.0,4.0,5.0,2.0,2.251055475137734
1.0,4.0,3.0,4.0,5.0,3.0,2.506109716061306
1.0,4.0,3.0,4.0,5.0,4.0,2.6765599881724738
1.0,4.0,3.0,4.0,5.0,5.0,2.931473200663182
1.0,4.0,3.0,5.0,1.0,1.0,1.6583152454128605
1.0,4.0,3.0,5.0,1.0,2.0,1.87972820561788
1.0,4.0,3.0,5.0,1.0,4.0,2.3225541245015178
1.0,4.0,3.0,5.0,1.0,5.0,2.5184257251617104
1.0,4.0,3.0,5.0,2.0,1.0,1.7801464028378255
1.0,4.0,3.0,5.0,2.0,2.0,2.0183799924201065
1.0,4.0,3.0,5.0,2.0,5.0,2.7209536294351633
1.0,4.0,3.0,5.0,3.0,2.0,2.140211140149935
1.0,4.0,3.0,5.0,3.0,3.0,2.3491728159919796
1.0,4.0,3.0,5.0,3.0,4.0,2.564060252033939
1.0,4.0,3.0,5.0,3.0,5.0,2.7876293929955693
1.0,4.0,3.0,5.0,4.0,1.0,2.0238086858783766
1.0,4.0,3.0,5.0,4.0,2.0,2.262042295436526
1.0,4.0,3.0,5.0,4.0,4.0,2.5768018131291064
1.0,4.0,3.0,5.0,4.0,5.0,2.9151663891116986
1.0,4.0,3.0,5.0,5.0,5.0,2.9314750668288942
1.0,4.0,4.0,1.0,1.0,1.0,1.4427840684713467
1.0,4.0,4.0,1.0,2.0,1.0,1.5795106308329288
1.0,4.0,4.0,1.0,2.0,2.0,1.8009236052982902
1.0,4.0,4.0,1.0,3.0,1.0,1.7228248397704202
1.0,4.0,4.0,1.0,3.0,3.0,2.1252405721764056
1.0,4.0,4.0,1.0,4.0,1.0,1.8231729324092902
1.0,4.0,4.0,1.0,4.0,2.0,2.0445858970557245
1.0,4.0,4.0,1.0,4.0,4.0,2.4958914615491197
1.0,4.0,4.0,1.0,5.0,5.0,2.881117829256944
1.0,4.0,4.0,2.0,2.0,1.0,1.695507966146824
1.0,4.0,4.0,2.0,2.0,3.0,2.1383338834514296
1.0,4.0,4.0,2.0,3.0,3.0,2.260165038229686
1.0,4.0,4.0,2.0,4.0,3.0,2.392219460329645
1.0,4.0,4.0,2.0,4.0,4.0,2.637050426544165
1.0,4.0,4.0,3.0,1.0,2.0,1.9110871027467964
1.0,4.0,4.0,3.0,2.0,1.0,1.8115052875332958
1.0,4.0,4.0,3.0,3.0,1.0,1.917896577869511
1.0,4.0,4.0,3.0,3.0,2.0,2.1985324490717213
1.0,4.0,4.0,3.0,3.0,3.0,2.3111213919591007
1.0,4.0,4.0,3.0,3.0,4.0,2.6312166041081007
1.0,4.0,4.0,3.0,4.0,3.0,2.5060960273193955
1.0,4.0,4.0,3.0,4.0,4.0,2.7116531902639935
1.0,4.0,4.0,4.0,1.0,3.0,2.2278440933834074
1.0,4.0,4.0,4.0,1.0,4.0,2.4463859752121833
1.0,4.0,4.0,4.0,2.0,3.0,2.3845637268893936
1.0,4.0,4.0,4.0,2.0,4.0,2.6253827729509553
1.0,4.0,4.0,4.0,3.0,3.0,2.459867917214545
1.0,4.0,4.0,4.0,3.0,4.0,2.711646983088667
1.0,4.0,4.0,4.0,3.0,5.0,2.9854475201871833
1.0,4.0,4.0,4.0,4.0,1.0,2.181866663506757
1.0,4.0,4.0,4.0,4.0,3.0,2.595467308909624
1.0,4.0,4.0,4.0,4.0,4.0,2.7116540723628995
1.0,4.0,4.0,4.0,4.0,5.0,3.103787075655606
1.0,4.0,4.0,4.0,5.0,2.0,2.5144090383520674
1.0,4.0,4.0,4.0,5.0,3.0,2.773276658343738
1.0,4.0,4.0,4.0,5.0,4.0,2.974484520449688
1.0,4.0,4.0,4.0,5.0,5.0,3.2062561414812745
1.0,4.0,4.0,5.0,1.0,4.0,2.602728318728734
1.0,4.0,4.0,5.0,1.0,5.0,2.82414127929452
1.0,4.0,4.0,5.0,2.0,3.0,2.5199671417016325
1.0,4.0,4.0,5.0,2.0,4.0,2.724559481974237
1.0,4.0,4.0,5.0,2.0,5.0,2.9627930761997674
1.0,4.0,4.0,5.0,3.0,3.0,2.6146386862888633
1.0,4.0,4.0,5.0,3.0,4.0,2.846390614890183
1.0,4.0,4.0,5.0,4.0,2.0,2.542216477744218
1.0,4.0,4.0,5.0,4.0,3.0,2.7468088079592747
1.0,4.0,4.0,5.0,4.0,4.0,2.9264214267042674
1.0,4.0,4.0,5.0,4.0,5.0,3.1934393840282276
1.0,4.0,4.0,5.0,5.0,5.0,3.2062573849969445
1.0,4.0,5.0,1.0,1.0,1.0,1.737853652809789
1.0,4.0,5.0,1.0,3.0,3.0,2.4075212725067963
1.0,4.0,5.0,2.0,5.0,4.0,2.9885938668215526
1.0,4.0,5.0,3.0,4.0,2.0,2.5399341287034582
1.0,4.0,5.0,3.0,5.0,4.0,3.1382324539318214
1.0,4.0,5.0,4.0,1.0,4.0,2.733263913574972
1.0,4.0,5.0,4.0,4.0,4.0,3.1118164637992023
1.0,4.0,5.0,4.0,5.0,4.0,3.2205885162193053
1.0,4.0,5.0,4.0,5.0,5.0,3.3787877910713577
1.0,4.0,5.0,5.0,1.0,4.0,2.8492612293025807
1.0,4.0,5.0,5.0,3.0,3.0,2.9051518403821652
1.0,4.0,5.0,5.0,3.0,4.0,3.1097441819554517
1.0,4.0,5.0,5.0,4.0,4.0,3.277371737327241
1.0,4.0,5.0,5.0,5.0,5.0,3.3787925223990176
1.0,5.0,1.0,1.0,1.0,1.0,1.0875375570932095
1.0,5.0,1.0,1.0,1.0,2.0,1.0875640549808692
1.0,5.0,1.0,1.0,1.0,3.0,1.1509425192836773
1.0,5.0,1.0,1.0,1.0,5.0,1.6039263541924416
1.0,5.0,1.0,1.0,2.0,1.0,1.087544713279593
1.0,5.0,1.0,1.0,2.0,2.0,1.1032907281069455
1.0,5.0,1.0,1.0,3.0,1.0,1.0875500096115331
1.0,5.0,1.0,1.0,3.0,2.0,1.1627206460421344
1.0,5.0,1.0,1.0,3.0,3.0,1.4043904107430738
1.0,5.0,1.0,1.0,4.0,1.0,1.0875658253609857
1.0,5.0,1.0,1.0,4.0,2.0,1.3115201522774107
1.0,5.0,1.0,1.0,4.0,3.0,1.5178819905093766
1.0,5.0,1.0,1.0,5.0,1.0,1.1759889161796955
1.0,5.0,1.0,1.0,5.0,2.0,1.4131127378472976
1.0,5.0,1.0,1.0,5.0,3.0,1.6707825654431328
1.0,5.0,1.0,1.0,5.0,5.0,2.0731982996458065
1.0,5.0,1.0,2.0,1.0,1.0,1.0875458350020881
1.0,5.0,1.0,2.0,1.0,2.0,1.0875763181479237
1.0,5.0,1.0,2.0,1.0,3.0,1.2680778712582406
1.0,5.0,1.0,2.0,2.0,1.0,1.087550592569759
1.0,5.0,1.0,2.0,2.0,2.0,1.2117445249167904
1.0,5.0,1.0,2.0,2.0,3.0,1.4438139007732302
1.0,5.0,1.0,2.0,2.0,4.0,1.676248958819637
1.0,5.0,1.0,2.0,2.0,5.0,1.8417548094734058
1.0,5.0,1.0,2.0,3.0,1.0,1.09689924681382
1.0,5.0,1.0,2.0,3.0,2.0,1.300977424814482
1.0,5.0,1.0,2.0,3.0,3.0,1.512144600588173
1.0,5.0,1.0,2.0,3.0,4.0,1.7758142604570601
1.0,5.0,1.0,2.0,3.0,5.0,1.9635859590453804
1.0,5.0,1.0,2.0,4.0,1.0,1.1997652548397486
1.0,5.0,1.0,2.0,4.0,2.0,1.4074686146868471
1.0,5.0,1.0,2.0,4.0,3.0,1.6594118192063172
1.0,5.0,1.0,2.0,5.0,1.0,1.3111276453491005
1.0,5.0,1.0,2.0,5.0,2.0,1.5329343503247617
1.0,5.0,1.0,2.0,5.0,3.0,1.7517759975537912
1.0,5.0,1.0,3.0,1.0,1.0,1.0875408159934576
1.0,5.0,1.0,3.0,1.0,2.0,1.1766162897658679
1.0,5.0,1.0,3.0,1.0,3.0,1.3560131981808805
1.0,5.0,1.0,3.0,2.0,1.0,1.087562303463309
1.0,5.0,1.0,3.0,2.0,2.0,1.306527184653729
1.0,5.0,1.0,3.0,2.0,3.0,1.5144387373621202
1.0,5.0,1.0,3.0,3.0,1.0,1.1788820820407042
1.0,5.0,1.0,3.0,3.0,2.0,1.4049174009877528
1.0,5.0,1.0,3.0,3.0,3.0,1.5736335345811576
1.0,5.0,1.0,3.0,3.0,4.0,1.8439732110031122
1.0,5.0,1.0,3.0,4.0,1.0,1.3157625829848432
1.0,5.0,1.0,3.0,4.0,2.0,1.5371755516994021
1.0,5.0,1.0,3.0,4.0,3.0,1.7307652820211141
1.0,5.0,1.0,3.0,4.0,4.0,1.9489341523776065
1.0,5.0,1.0,3.0,5.0,1.0,1.4303536911263546
1.0,5.0,1.0,3.0,5.0,2.0,1.6481039999080795
1.0,5.0,1.0,3.0,5.0,3.0,1.8658543025396848
1.0,5.0,1.0,3.0,5.0,5.0,2.3178973445661577
1.0,5.0,1.0,4.0,1.0,1.0,1.0875436208665255
1.0,5.0,1.0,4.0,1.0,2.0,1.2817716372178627
1.0,5.0,1.0,4.0,1.0,3.0,1.4851090993132028
1.0,5.0,1.0,4.0,1.0,4.0,1.6954106857929399
1.0,5.0,1.0,4.0,1.0,5.0,1.9209349895745942
1.0,5.0,1.0,4.0,2.0,2.0,1.4095105781549908
1.0,5.0,1.0,4.0,2.0,3.0,1.630923539141908
1.0,5.0,1.0,4.0,3.0,1.0,1.3099287584689625
1.0,5.0,1.0,4.0,3.0,2.0,1.5313417255528206
1.0,5.0,1.0,4.0,3.0,3.0,1.7403012104098137
1.0,5.0,1.0,4.0,3.0,4.0,2.007552977016842
1.0,5.0,1.0,4.0,3.0,5.0,2.1955806130545126
1.0,5.0,1.0,4.0,4.0,1.0,1.4411587414576073
1.0,5.0,1.0,4.0,4.0,2.0,1.6319120825224454
1.0,5.0,1.0,4.0,4.0,4.0,2.026901640946686
1.0,5.0,1.0,4.0,5.0,1.0,1.5444319993401365
1.0,5.0,1.0,4.0,5.0,3.0,1.9964169806031637
1.0,5.0,1.0,4.0,5.0,4.0,2.197682913372662
1.0,5.0,1.0,4.0,5.0,5.0,2.3550248184590794
1.0,5.0,1.0,5.0,1.0,1.0,1.1508509423553084
1.0,5.0,1.0,5.0,1.0,2.0,1.4204973893544193
1.0,5.0,1.0,5.0,1.0,3.0,1.5830593499449777
1.0,5.0,1.0,5.0,1.0,4.0,1.8465026763887038
1.0,5.0,1.0,5.0,1.0,5.0,2.000589068010899
1.0,5.0,1.0,5.0,2.0,2.0,1.5572219279028152
1.0,5.0,1.0,5.0,2.0,3.0,1.74692086242631
1.0,5.0,1.0,5.0,2.0,4.0,1.9693623053082905
1.0,5.0,1.0,5.0,2.0,5.0,2.1897467896448
1.0,5.0,1.0,5.0,3.0,1.0,1.418878910787376
1.0,5.0,1.0,5.0,3.0,2.0,1.6641596903853544
1.0,5.0,1.0,5.0,3.0,3.0,1.818916946389018
1.0,5.0,1.0,5.0,3.0,4.0,2.0901649813773684
1.0,5.0,1.0,5.0,3.0,5.0,2.285161713300119
1.0,5.0,1.0,5.0,4.0,2.0,1.7859908415807537
1.0,5.0,1.0,5.0,4.0,4.0,2.1857961106961503
1.0,5.0,1.0,5.0,4.0,5.0,2.355023293527427
1.0,5.0,1.0,5.0,5.0,1.0,1.6477928499744312
1.0,5.0,1.0,5.0,5.0,2.0,1.9246426271788122
1.0,5.0,1.0,5.0,5.0,3.0,2.058972341585675
1.0,5.0,1.0,5.0,5.0,4.0,2.2904133297899545
1.0,5.0,1.0,5.0,5.0,5.0,2.3550279057408847
1.0,5.0,2.0,1.0,1.0,1.0,1.0911585127862846
1.0,5.0,2.0,1.0,1.0,2.0,1.2225595935379325
1.0,5.0,2.0,1.0,2.0,1.0,1.1017472820876482
1.0,5.0,2.0,1.0,2.0,3.0,1.5462851212250701
1.0,5.0,2.0,1.0,3.0,1.0,1.2199143131904788
1.0,5.0,2.0,1.0,3.0,2.0,1.4430783049841767
1.0,5.0,2.0,1.0,3.0,3.0,1.6575166280266869
1.0,5.0,2.0,1.0,3.0,4.0,1.891356319251593
1.0,5.0,2.0,1.0,4.0,1.0,1.357921101878293
1.0,5.0,2.0,1.0,4.0,2.0,1.5756714114754837
1.0,5.0,2.0,1.0,4.0,3.0,1.7934217170382813
1.0,5.0,2.0,1.0,4.0,4.0,2.0113603737863905
1.0,5.0,2.0,1.0,5.0,1.0,1.461194365215625
1.0,5.0,2.0,1.0,5.0,2.0,1.6954871091377377
1.0,5.0,2.0,1.0,5.0,4.0,2.133191528272691
1.0,5.0,2.0,1.0,5.0,5.0,2.354604483916405
1.0,5.0,2.0,2.0,1.0,1.0,1.1569850715528587
1.0,5.0,2.0,2.0,1.0,2.0,1.3539949532752344
1.0,5.0,2.0,2.0,2.0,1.0,1.2323680133416068
1.0,5.0,2.0,2.0,2.0,2.0,1.4615662973222596
1.0,5.0,2.0,2.0,2.0,3.0,1.6622824410546637
1.0,5.0,2.0,2.0,3.0,2.0,1.555260386789404
1.0,5.0,2.0,2.0,3.0,3.0,1.8008595643421934
1.0,5.0,2.0,2.0,3.0,5.0,2.243760150688545
1.0,5.0,2.0,2.0,4.0,3.0,1.9405849044563557
1.0,5.0,2.0,2.0,4.0,4.0,2.139484865247094
1.0,5.0,2.0,2.0,5.0,1.0,1.5821836874527215
1.0,5.0,2.0,2.0,5.0,2.0,1.8095654206033112
1.0,5.0,2.0,2.0,5.0,4.0,2.266009495413375
1.0,5.0,2.0,2.0,5.0,5.0,2.5289860921660856
1.0,5.0,2.0,3.0,1.0,1.0,1.222941999952689
1.0,5.0,2.0,3.0,1.0,2.0,1.439128941842155
1.0,5.0,2.0,3.0,1.0,3.0,1.6308235238554614
1.0,5.0,2.0,3.0,1.0,4.0,1.8778615785024082
1.0,5.0,2.0,3.0,2.0,1.0,1.3522744774482636
1.0,5.0,2.0,3.0,2.0,2.0,1.5859079231757576
1.0,5.0,2.0,3.0,2.0,3.0,1.7569036479926279
1.0,5.0,2.0,3.0,3.0,1.0,1.4497195802280527
1.0,5.0,2.0,3.0,3.0,2.0,1.7147110797904135
1.0,5.0,2.0,3.0,3.0,3.0,1.8526512455461397
1.0,5.0,2.0,3.0,3.0,4.0,2.1383445103960366
1.0,5.0,2.0,3.0,4.0,2.0,1.8369129032466698
1.0,5.0,2.0,3.0,4.0,3.0,1.989528896409926
1.0,5.0,2.0,3.0,4.0,4.0,2.245039139749248
1.0,5.0,2.0,3.0,4.0,5.0,2.4815886393890465
1.0,5.0,2.0,3.0,5.0,2.0,1.9391808919933395
1.0,5.0,2.0,3.0,5.0,3.0,2.122819079940221
1.0,5.0,2.0,3.0,5.0,4.0,2.4087716563997503
1.0,5.0,2.0,3.0,5.0,5.0,2.6099795209635626
1.0,5.0,2.0,4.0,1.0,1.0,1.3407089238593926
1.0,5.0,2.0,4.0,1.0,2.0,1.5565856990603302
1.0,5.0,2.0,4.0,1.0,3.0,1.7724459424515444
1.0,5.0,2.0,4.0,2.0,3.0,1.9125676745522726
1.0,5.0,2.0,4.0,3.0,1.0,1.5901029514763603
1.0,5.0,2.0,4.0,3.0,2.0,1.820568036394401
1.0,5.0,2.0,4.0,3.0,3.0,1.9687912795934766
1.0,5.0,2.0,4.0,3.0,4.0,2.233591245549579
1.0,5.0,2.0,4.0,4.0,2.0,1.9333470725183177
1.0,5.0,2.0,4.0,4.0,3.0,2.1292403946318967
1.0,5.0,2.0,4.0,4.0,4.0,2.2450384278718105
1.0,5.0,2.0,4.0,4.0,5.0,2.6042421278146644
1.0,5.0,2.0,4.0,5.0,1.0,1.803429280820215
1.0,5.0,2.0,4.0,5.0,2.0,2.0383575834995025
1.0,5.0,2.0,4.0,5.0,3.0,2.259770550224124
1.0,5.0,2.0,4.0,5.0,5.0,2.6901174747698255
1.0,5.0,2.0,5.0,1.0,1.0,1.4242080936693937
1.0,5.0,2.0,5.0,1.0,2.0,1.667030309247418
1.0,5.0,2.0,5.0,1.0,5.0,2.3312691911628627
1.0,5.0,2.0,5.0,2.0,4.0,2.2316873913269046
1.0,5.0,2.0,5.0,2.0,5.0,2.4621465889968017
1.0,5.0,2.0,5.0,3.0,1.0,1.69441863090874
1.0,5.0,2.0,5.0,3.0,3.0,2.1115308387540135
1.0,5.0,2.0,5.0,3.0,4.0,2.387159797895356
1.0,5.0,2.0,5.0,3.0,5.0,2.565419853495765
1.0,5.0,2.0,5.0,4.0,4.0,2.445379494618474
1.0,5.0,2.0,5.0,4.0,5.0,2.6901172868275753
1.0,5.0,2.0,5.0,5.0,1.0,1.9329419446615415
1.0,5.0,2.0,5.0,5.0,3.0,2.4094091289405255
1.0,5.0,2.0,5.0,5.0,4.0,2.620385832425479
1.0,5.0,2.0,5.0,5.0,5.0,2.690119137484016
1.0,5.0,3.0,1.0,1.0,1.0,1.2241054121933608
1.0,5.0,3.0,1.0,1.0,2.0,1.4586791584354681
1.0,5.0,3.0,1.0,1.0,3.0,1.7046281507930743
1.0,5.0,3.0,1.0,2.0,1.0,1.3693868023073386
1.0,5.0,3.0,1.0,2.0,2.0,1.5784948565043166
1.0,5.0,3.0,1.0,2.0,3.0,1.8264592998793783
1.0,5.0,3.0,1.0,3.0,1.0,1.4727397430148788
1.0,5.0,3.0,1.0,3.0,2.0,1.7399973989083481
1.0,5.0,3.0,1.0,3.0,3.0,1.933699943927272
1.0,5.0,3.0,1.0,3.0,5.0,2.3681039116048663
1.0,5.0,3.0,1.0,4.0,3.0,2.068961442014652
1.0,5.0,3.0,1.0,4.0,4.0,2.3032541867874365
1.0,5.0,3.0,1.0,5.0,1.0,1.749126820469323
1.0,5.0,3.0,1.0,5.0,2.0,1.953719162818664
1.0,5.0,3.0,1.0,5.0,5.0,2.6347786782454485
1.0,5.0,3.0,2.0,1.0,1.0,1.3777995518650556
1.0,5.0,3.0,2.0,1.0,3.0,1.7905077693356184
1.0,5.0,3.0,2.0,2.0,1.0,1.4828100746489372
1.0,5.0,3.0,2.0,2.0,2.0,1.730122269560362
1.0,5.0,3.0,2.0,2.0,3.0,1.9256359974112618
1.0,5.0,3.0,2.0,3.0,2.0,1.8054981940133967
1.0,5.0,3.0,2.0,3.0,3.0,2.0278356965097646
1.0,5.0,3.0,2.0,3.0,4.0,2.285700749994373
1.0,5.0,3.0,2.0,4.0,1.0,1.7432929847854686
1.0,5.0,3.0,2.0,4.0,2.0,1.9333074364051308
1.0,5.0,3.0,2.0,4.0,3.0,2.183039750325828
1.0,5.0,3.0,2.0,4.0,4.0,2.4075318990236085
1.0,5.0,3.0,2.0,5.0,3.0,2.330473213797344
1.0,5.0,3.0,2.0,5.0,4.0,2.529363051321441
1.0,5.0,3.0,2.0,5.0,5.0,2.767596651175434
1.0,5.0,3.0,3.0,1.0,1.0,1.4784263318818485
1.0,5.0,3.0,3.0,1.0,2.0,1.7152098452449553
1.0,5.0,3.0,3.0,1.0,3.0,1.9061384262763823
1.0,5.0,3.0,3.0,2.0,1.0,1.6156280326598886
1.0,5.0,3.0,3.0,2.0,2.0,1.8397363506916147
1.0,5.0,3.0,3.0,2.0,3.0,2.041633321919931
1.0,5.0,3.0,3.0,3.0,1.0,1.7206385427934077
1.0,5.0,3.0,3.0,3.0,2.0,1.9276633123035116
1.0,5.0,3.0,3.0,3.0,3.0,2.1366148847723783
1.0,5.0,3.0,3.0,3.0,4.0,2.3824002879257593
1.0,5.0,3.0,3.0,4.0,2.0,2.063882667948435
1.0,5.0,3.0,3.0,4.0,3.0,2.2922825440377053
1.0,5.0,3.0,3.0,4.0,4.0,2.4902160983837454
1.0,5.0,3.0,3.0,5.0,2.0,2.2025344455019
1.0,5.0,3.0,3.0,5.0,3.0,2.416933759573207
1.0,5.0,3.0,3.0,5.0,4.0,2.6512265028240014
1.0,5.0,3.0,3.0,5.0,5.0,2.8731721503271475
1.0,5.0,3.0,4.0,1.0,1.0,1.5929735878656315
1.0,5.0,3.0,4.0,1.0,3.0,2.0352068220180577
1.0,5.0,3.0,4.0,1.0,4.0,2.302584445465252
1.0,5.0,3.0,4.0,2.0,3.0,2.155022518453461
1.0,5.0,3.0,4.0,2.0,4.0,2.3727728281945386
1.0,5.0,3.0,4.0,2.0,5.0,2.6004565715745107
1.0,5.0,3.0,4.0,3.0,1.0,1.825678218489914
1.0,5.0,3.0,4.0,3.0,2.0,2.1049781459296764
1.0,5.0,3.0,4.0,3.0,3.0,2.2340099756935228
1.0,5.0,3.0,4.0,3.0,4.0,2.5568757394841417
1.0,5.0,3.0,4.0,4.0,2.0,2.1934460568717222
1.0,5.0,3.0,4.0,4.0,3.0,2.423273732153384
1.0,5.0,3.0,4.0,4.0,4.0,2.5762357312261455
1.0,5.0,3.0,4.0,4.0,5.0,2.8166446583475677
1.0,5.0,3.0,4.0,5.0,3.0,2.5386434105289113
1.0,5.0,3.0,4.0,5.0,4.0,2.8259514602051548
1.0,5.0,3.0,4.0,5.0,5.0,2.9314707815321013
1.0,5.0,3.0,5.0,1.0,2.0,1.9640251287865726
1.0,5.0,3.0,5.0,1.0,3.0,2.0605591255100193
1.0,5.0,3.0,5.0,1.0,4.0,2.390030424424432
1.0,5.0,3.0,5.0,1.0,5.0,2.557135058663451
1.0,5.0,3.0,5.0,2.0,2.0,2.0858562920447135
1.0,5.0,3.0,5.0,2.0,3.0,2.248447753617683
1.0,5.0,3.0,5.0,2.0,4.0,2.495040940786392
1.0,5.0,3.0,5.0,3.0,1.0,1.9526331930101837
1.0,5.0,3.0,5.0,3.0,2.0,2.18770866855355
1.0,5.0,3.0,5.0,3.0,3.0,2.3491714345583588
1.0,5.0,3.0,5.0,3.0,4.0,2.623209276046676
1.0,5.0,3.0,5.0,3.0,5.0,2.8140263582959797
1.0,5.0,3.0,5.0,4.0,3.0,2.5084511832715157
1.0,5.0,3.0,5.0,4.0,4.0,2.646732488299159
1.0,5.0,3.0,5.0,4.0,5.0,2.9288663977888825
1.0,5.0,3.0,5.0,5.0,1.0,2.1962955031251394
1.0,5.0,3.0,5.0,5.0,2.0,2.4513497231371235
1.0,5.0,3.0,5.0,5.0,3.0,2.5988274418479973
1.0,5.0,3.0,5.0,5.0,4.0,2.8259516599497183
1.0,5.0,3.0,5.0,5.0,5.0,2.93147040481247
1.0,5.0,4.0,1.0,1.0,1.0,1.5083351517422752
1.0,5.0,4.0,1.0,3.0,1.0,1.751997449612705
1.0,5.0,4.0,1.0,3.0,2.0,2.0070516712193167
1.0,5.0,4.0,1.0,4.0,1.0,1.873828585080196
1.0,5.0,4.0,1.0,4.0,3.0,2.3334751636640134
1.0,5.0,4.0,2.0,1.0,3.0,2.0671583924146457
1.0,5.0,4.0,2.0,3.0,2.0,2.1398696426052535
1.0,5.0,4.0,2.0,3.0,3.0,2.3119020834205073
1.0,5.0,4.0,2.0,5.0,4.0,2.8095372351085475
1.0,5.0,4.0,3.0,2.0,1.0,1.878981581060217
1.0,5.0,4.0,3.0,3.0,3.0,2.4092211213433874
1.0,5.0,4.0,3.0,3.0,4.0,2.6650516301274085
1.0,5.0,4.0,3.0,4.0,3.0,2.563338593111255
1.0,5.0,4.0,3.0,4.0,4.0,2.7775454188827124
1.0,5.0,4.0,3.0,5.0,4.0,2.9255345713521517
1.0,5.0,4.0,3.0,5.0,5.0,3.177601418194213
1.0,5.0,4.0,4.0,1.0,2.0,2.0945606891719772
1.0,5.0,4.0,4.0,1.0,4.0,2.52056602389948
1.0,5.0,4.0,4.0,3.0,3.0,2.5834628292282664
1.0,5.0,4.0,4.0,3.0,4.0,2.7116403854742006
1.0,5.0,4.0,4.0,3.0,5.0,2.9856412932794836
1.0,5.0,4.0,4.0,4.0,3.0,2.6167043838464634
1.0,5.0,4.0,4.0,4.0,4.0,2.8212182218133854
1.0,5.0,4.0,4.0,4.0,5.0,3.1411137052753695
1.0,5.0,4.0,4.0,5.0,3.0,2.8032982957397077
1.0,5.0,4.0,4.0,5.0,4.0,2.976245332669064
1.0,5.0,4.0,4.0,5.0,5.0,3.2310448341002145
1.0,5.0,4.0,5.0,1.0,1.0,1.9891450687625638
1.0,5.0,4.0,5.0,1.0,3.0,2.4082824193378505
1.0,5.0,4.0,5.0,1.0,4.0,2.6702046057425686
1.0,5.0,4.0,5.0,1.0,5.0,2.8437830275776634
1.0,5.0,4.0,5.0,2.0,3.0,2.570622802413234
1.0,5.0,4.0,5.0,3.0,4.0,2.8678497601617257
1.0,5.0,4.0,5.0,3.0,5.0,3.1521005111991998
1.0,5.0,4.0,5.0,4.0,3.0,2.8008143963581023
1.0,5.0,4.0,5.0,4.0,4.0,2.9546444607988622
1.0,5.0,4.0,5.0,4.0,5.0,3.231044205626584
1.0,5.0,4.0,5.0,5.0,1.0,2.459649061541674
1.0,5.0,4.0,5.0,5.0,3.0,2.9192956236314367
1.0,5.0,4.0,5.0,5.0,4.0,3.145306282677703
1.0,5.0,4.0,5.0,5.0,5.0,3.2310439689409836
1.0,5.0,5.0,1.0,1.0,1.0,1.746573575252896
1.0,5.0,5.0,1.0,1.0,2.0,2.0267429332774904
1.0,5.0,5.0,1.0,2.0,2.0,2.114932812055021
1.0,5.0,5.0,1.0,3.0,1.0,2.048992268900731
1.0,5.0,5.0,1.0,3.0,3.0,2.4581769309917387
1.0,5.0,5.0,1.0,4.0,3.0,2.596828712444317
1.0,5.0,5.0,1.0,5.0,1.0,2.23818621885687
1.0,5.0,5.0,1.0,5.0,3.0,2.718659858958525
1.0,5.0,5.0,1.0,5.0,5.0,3.1074108584887044
1.0,5.0,5.0,2.0,4.0,3.0,2.7128260387470933
1.0,5.0,5.0,2.0,5.0,3.0,2.8178365559395364
1.0,5.0,5.0,2.0,5.0,5.0,3.277483115710434
1.0,5.0,5.0,3.0,1.0,2.0,2.2250963205501666
1.0,5.0,5.0,3.0,2.0,2.0,2.3469274650672833
1.0,5.0,5.0,3.0,3.0,1.0,2.2473456574725446
1.0,5.0,5.0,3.0,3.0,3.0,2.6901715771485906
1.0,5.0,5.0,3.0,4.0,3.0,2.8288233631574986
1.0,5.0,5.0,3.0,4.0,4.0,3.050236333022629
1.0,5.0,5.0,3.0,5.0,1.0,2.491007953319898
1.0,5.0,5.0,3.0,5.0,2.0,2.746062188712011
1.0,5.0,5.0,3.0,5.0,3.0,2.9209995784882548
1.0,5.0,5.0,3.0,5.0,4.0,3.152678631576787
1.0,5.0,5.0,3.0,5.0,5.0,3.3704289332838817
1.0,5.0,5.0,4.0,1.0,1.0,2.1196806678953046
1.0,5.0,5.0,4.0,1.0,4.0,2.800740199056627
1.0,5.0,5.0,4.0,2.0,3.0,2.6843377769441203
1.0,5.0,5.0,4.0,3.0,1.0,2.36334297117433
1.0,5.0,5.0,4.0,3.0,3.0,2.8229895392806252
1.0,5.0,5.0,4.0,4.0,2.0,2.7065871141343623
1.0,5.0,5.0,4.0,4.0,3.0,2.9291909298181626
1.0,5.0,5.0,4.0,4.0,4.0,3.1262225615977335
1.0,5.0,5.0,4.0,5.0,3.0,3.0820915196055196
1.0,5.0,5.0,4.0,5.0,4.0,3.299841817215684
1.0,5.0,5.0,4.0,5.0,5.0,3.378782524736124
1.0,5.0,5.0,5.0,1.0,1.0,2.2083432282238338
1.0,5.0,5.0,5.0,1.0,2.0,2.432986950825268
1.0,5.0,5.0,5.0,1.0,4.0,2.899916904681993
1.0,5.0,5.0,5.0,1.0,5.0,3.079649967875075
1.0,5.0,5.0,5.0,2.0,1.0,2.4247917013567384
1.0,5.0,5.0,5.0,2.0,4.0,3.0890305755807517
1.0,5.0,5.0,5.0,2.0,5.0,3.2599816561251656
1.0,5.0,5.0,5.0,3.0,1.0,2.4793403124286812
1.0,5.0,5.0,5.0,3.0,3.0,2.9221662652666023
1.0,5.0,5.0,5.0,3.0,5.0,3.3787657575694743
1.0,5.0,5.0,5.0,4.0,4.0,3.310646869844693
1.0,5.0,5.0,5.0,4.0,5.0,3.378770454159932
1.0,5.0,5.0,5.0,5.0,1.0,2.7202951917208362
1.0,5.0,5.0,5.0,5.0,3.0,3.2331110861355983
1.0,5.0,5.0,5.0,5.0,4.0,3.326167086542401
1.0,5.0,5.0,5.0,5.0,5.0,3.378780675417347
2.0,1.0,1.0,1.0,1.0,1.0,1.0895126865125238
2.0,1.0,1.0,1.0,1.0,2.0,1.089533722761603
2.0,1.0,1.0,1.0,1.0,3.0,1.2526457249295462
2.0,1.0,1.0,1.0,2.0,1.0,1.089696277294877
2.0,1.0,1.0,1.0,2.0,2.0,1.1530638037576058
2.0,1.0,1.0,1.0,2.0,3.0,1.3912974705972485
2.0,1.0,1.0,1.0,3.0,1.0,1.0897158488451633
2.0,1.0,1.0,1.0,3.0,2.0,1.2822212249796616
2.0,1.0,1.0,1.0,4.0,1.0,1.1753130667700493
2.0,1.0,1.0,1.0,5.0,2.0,1.5185573425617982
2.0,1.0,1.0,1.0,5.0,4.0,1.9782038859083875
2.0,1.0,1.0,2.0,1.0,1.0,1.089706475555792
2.0,1.0,1.0,2.0,1.0,2.0,1.1513240061312502
2.0,1.0,1.0,2.0,1.0,3.0,1.3790871361006303
2.0,1.0,1.0,2.0,2.0,1.0,1.0897103727931536
2.0,1.0,1.0,2.0,2.0,2.0,1.294734962390116
2.0,1.0,1.0,2.0,3.0,1.0,1.1802360428885017
2.0,1.0,1.0,2.0,3.0,2.0,1.388126989723317
2.0,1.0,1.0,2.0,3.0,3.0,1.624923198511189
2.0,1.0,1.0,2.0,4.0,1.0,1.3081311632237191
2.0,1.0,1.0,2.0,5.0,1.0,1.4131416968547097
2.0,1.0,1.0,2.0,5.0,4.0,2.094201238404781
2.0,1.0,1.0,3.0,1.0,1.0,1.0897273939581305
2.0,1.0,1.0,3.0,1.0,2.0,1.3048691534628762
2.0,1.0,1.0,3.0,1.0,3.0,1.461358801545922
2.0,1.0,1.0,3.0,2.0,1.0,1.1774803409651826
2.0,1.0,1.0,3.0,2.0,2.0,1.3765435873137826
2.0,1.0,1.0,3.0,2.0,3.0,1.6030058036643189
2.0,1.0,1.0,3.0,3.0,1.0,1.2807537914107892
2.0,1.0,1.0,3.0,3.0,2.0,1.5150465327323408
2.0,1.0,1.0,3.0,3.0,3.0,1.6873165926812734
2.0,1.0,1.0,3.0,4.0,2.0,1.628720827785842
2.0,1.0,1.0,3.0,4.0,3.0,1.8669544242007892
2.0,1.0,1.0,3.0,4.0,4.0,2.088367387760203
2.0,1.0,1.0,4.0,1.0,1.0,1.1578116496304596
2.0,1.0,1.0,4.0,1.0,2.0,1.3792247075537076
2.0,1.0,1.0,4.0,1.0,3.0,1.6072437477469474
2.0,1.0,1.0,4.0,1.0,4.0,1.8220506194734742
2.0,1.0,1.0,4.0,2.0,1.0,1.2796428935425488
2.0,1.0,1.0,4.0,4.0,1.0,1.531190233242114
2.0,1.0,1.0,4.0,4.0,3.0,1.9832332901210432
2.0,1.0,1.0,5.0,1.0,3.0,1.7213220501175226
2.0,1.0,1.0,5.0,1.0,4.0,1.9380479633729883
2.0,1.0,1.0,5.0,1.0,5.0,2.176281552910939
2.0,1.0,1.0,5.0,3.0,3.0,1.9602973012420521
2.0,1.0,2.0,1.0,1.0,1.0,1.09019599255702
2.0,1.0,2.0,1.0,1.0,3.0,1.5159992111588307
2.0,1.0,2.0,1.0,2.0,1.0,1.214232779675048
2.0,1.0,2.0,1.0,2.0,2.0,1.4164174320980325
2.0,1.0,2.0,1.0,2.0,3.0,1.654651025539894
2.0,1.0,2.0,1.0,3.0,1.0,1.311594187304531
2.0,1.0,2.0,1.0,3.0,2.0,1.5293447666617717
2.0,1.0,2.0,1.0,3.0,3.0,1.7596615452928817
2.0,1.0,2.0,1.0,4.0,2.0,1.6600797217842937
2.0,1.0,2.0,1.0,4.0,3.0,1.8983133224130668
2.0,1.0,2.0,2.0,1.0,1.0,1.189170530269861
2.0,1.0,2.0,2.0,1.0,2.0,1.4252795869603092
2.0,1.0,2.0,2.0,1.0,3.0,1.6319965722856795
2.0,1.0,2.0,2.0,2.0,1.0,1.3058568902661625
2.0,1.0,2.0,2.0,2.0,2.0,1.5997221677297948
2.0,1.0,2.0,2.0,2.0,3.0,1.7744425567981446
2.0,1.0,2.0,2.0,3.0,1.0,1.425672775666571
2.0,1.0,2.0,2.0,3.0,2.0,1.6599655127851816
2.0,1.0,2.0,2.0,3.0,4.0,2.1120085665640977
2.0,1.0,2.0,2.0,4.0,3.0,2.0143106660925576
2.0,1.0,2.0,3.0,1.0,1.0,1.3115090594713452
2.0,1.0,2.0,3.0,1.0,2.0,1.5172979293241038
2.0,1.0,2.0,3.0,1.0,3.0,1.7887425412457774
2.0,1.0,2.0,3.0,2.0,2.0,1.6756883127315556
2.0,1.0,2.0,3.0,2.0,3.0,1.8465111662056803
2.0,1.0,2.0,3.0,3.0,1.0,1.5488302749887746
2.0,1.0,2.0,3.0,3.0,3.0,2.0240824973408493
2.0,1.0,2.0,3.0,4.0,3.0,2.1446947045232183
2.0,1.0,2.0,3.0,4.0,4.0,2.3517209538356014
2.0,1.0,2.0,4.0,1.0,2.0,1.6762195249434408
2.0,1.0,2.0,4.0,1.0,3.0,1.882783470179999
2.0,1.0,2.0,4.0,1.0,4.0,2.0854041829195666
2.0,1.0,2.0,4.0,2.0,3.0,2.019463647008707
2.0,1.0,2.0,4.0,2.0,4.0,2.2203494778471686
2.0,1.0,2.0,4.0,3.0,2.0,1.9030612097497719
2.0,1.0,2.0,4.0,3.0,3.0,2.1412947945666865
2.0,1.0,2.0,4.0,3.0,4.0,2.3627077602021553
2.0,1.0,2.0,4.0,4.0,3.0,2.2463053188836333
2.0,1.0,2.0,5.0,1.0,3.0,1.980319340134702
2.0,1.0,2.0,5.0,1.0,5.0,2.4228144775414124
2.0,1.0,2.0,5.0,2.0,2.0,1.8972273790340508
2.0,1.0,2.0,5.0,4.0,5.0,2.8219491973030317
2.0,1.0,3.0,1.0,1.0,1.0,1.3309602652310988
2.0,1.0,3.0,1.0,2.0,1.0,1.459714224463375
2.0,1.0,3.0,1.0,2.0,3.0,1.9180045824379126
2.0,1.0,3.0,1.0,3.0,1.0,1.5801891686829443
2.0,1.0,3.0,1.0,3.0,2.0,1.8048844895438882
2.0,1.0,3.0,2.0,1.0,1.0,1.445038653039797
2.0,1.0,3.0,2.0,1.0,2.0,1.6845502042713083
2.0,1.0,3.0,2.0,2.0,1.0,1.591175983152109
2.0,1.0,3.0,2.0,2.0,2.0,1.8125889472923118
2.0,1.0,3.0,2.0,2.0,3.0,2.017181279200963
2.0,1.0,3.0,2.0,3.0,2.0,1.9175994687026692
2.0,1.0,3.0,2.0,4.0,3.0,2.2776642068896558
2.0,1.0,3.0,3.0,1.0,2.0,1.776867270193193
2.0,1.0,3.0,3.0,1.0,3.0,2.0108033989463454
2.0,1.0,3.0,3.0,2.0,2.0,1.9132254032527403
2.0,1.0,3.0,3.0,3.0,2.0,2.0335967912278816
2.0,1.0,3.0,3.0,3.0,3.0,2.2838762906595664
2.0,1.0,3.0,3.0,4.0,4.0,2.631895122087208
2.0,1.0,3.0,4.0,2.0,3.0,2.265996565720798
2.0,1.0,3.0,4.0,2.0,4.0,2.4874095332050223
2.0,1.0,3.0,4.0,3.0,3.0,2.381412161141139
2.0,1.0,3.0,4.0,3.0,4.0,2.632247344509389
2.0,1.0,3.0,5.0,2.0,3.0,2.3819938897471196
2.0,1.0,3.0,5.0,2.0,5.0,2.84164044211068
2.0,1.0,3.0,5.0,3.0,3.0,2.4870044154550808
2.0,1.0,3.0,5.0,3.0,5.0,2.9466509718246456
2.0,1.0,3.0,5.0,5.0,5.0,3.1706224837760204
2.0,1.0,4.0,2.0,2.0,2.0,2.0759425006206818
2.0,1.0,4.0,3.0,2.0,2.0,2.191939841397349
2.0,1.0,4.0,3.0,4.0,3.0,2.6738357186373474
2.0,1.0,4.0,4.0,1.0,2.0,2.186105996031267
2.0,1.0,4.0,4.0,1.0,4.0,2.6289319353052543
2.0,1.0,4.0,5.0,4.0,4.0,3.092053757279511
2.0,1.0,5.0,1.0,1.0,1.0,1.8632339659529438
2.0,1.0,5.0,4.0,1.0,3.0,2.654052012070273
2.0,1.0,5.0,4.0,5.0,1.0,2.7153712022286127
2.0,1.0,5.0,5.0,3.0,4.0,3.28558635872043
2.0,2.0,1.0,1.0,1.0,1.0,1.0898386172285999
2.0,2.0,1.0,1.0,1.0,2.0,1.124007141770254
2.0,2.0,1.0,1.0,2.0,1.0,1.0898197160634484
2.0,2.0,1.0,1.0,2.0,2.0,1.2099455487411799
2.0,2.0,1.0,1.0,3.0,1.0,1.1115739900072488
2.0,2.0,1.0,1.0,3.0,2.0,1.3367075040487144
2.0,2.0,1.0,1.0,3.0,3.0,1.5637842870293515
2.0,2.0,1.0,1.0,4.0,2.0,1.4642024618313878
2.0,2.0,1.0,2.0,1.0,1.0,1.0898503036749287
2.0,2.0,1.0,2.0,1.0,2.0,1.2561379470089318
2.0,2.0,1.0,2.0,1.0,3.0,1.4361193096107014
2.0,2.0,1.0,2.0,1.0,4.0,1.640711637221131
2.0,2.0,1.0,2.0,2.0,1.0,1.1292042323887244
2.0,2.0,1.0,2.0,2.0,2.0,1.3707493025973678
2.0,2.0,1.0,2.0,2.0,3.0,1.557950467668185
2.0,2.0,1.0,2.0,3.0,1.0,1.2943360844380456
2.0,2.0,1.0,2.0,3.0,2.0,1.4552282958424705
2.0,2.0,1.0,2.0,3.0,3.0,1.6739299277882904
2.0,2.0,1.0,2.0,4.0,2.0,1.5801998040867828
2.0,2.0,1.0,2.0,4.0,3.0,1.7883518026461913
2.0,2.0,1.0,2.0,5.0,3.0,1.9066232722760728
2.0,2.0,1.0,3.0,1.0,1.0,1.102399674318501
2.0,2.0,1.0,3.0,1.0,2.0,1.373104447349101
2.0,2.0,1.0,3.0,1.0,4.0,1.7735295969808629
2.0,2.0,1.0,3.0,2.0,1.0,1.2131901476290183
2.0,2.0,1.0,3.0,2.0,2.0,1.4801061074892665
2.0,2.0,1.0,3.0,2.0,3.0,1.6682858076867726
2.0,2.0,1.0,3.0,3.0,2.0,1.5924525484076522
2.0,2.0,1.0,3.0,3.0,3.0,1.7606954721608479
2.0,2.0,1.0,3.0,4.0,2.0,1.6961971258741422
2.0,2.0,1.0,3.0,4.0,3.0,1.8858876725915699
2.0,2.0,1.0,4.0,1.0,2.0,1.4298803528596598
2.0,2.0,1.0,4.0,1.0,4.0,1.8727063319635213
2.0,2.0,1.0,4.0,2.0,1.0,1.3471191861729581
2.0,2.0,1.0,4.0,2.0,2.0,1.5425842731155746
2.0,2.0,1.0,4.0,2.0,3.0,1.8130540927600247
2.0,2.0,1.0,4.0,3.0,1.0,1.452129724697321
2.0,2.0,1.0,4.0,3.0,3.0,1.8966927169710162
2.0,2.0,1.0,4.0,4.0,1.0,1.590781481529312
2.0,2.0,1.0,4.0,4.0,3.0,2.016508419864741
2.0,2.0,1.0,4.0,4.0,4.0,2.2550203745721995
2.0,2.0,1.0,4.0,5.0,3.0,2.1386179324815107
2.0,2.0,1.0,5.0,1.0,1.0,1.3244647159167715
2.0,2.0,1.0,5.0,1.0,3.0,1.7672906639410595
2.0,2.0,1.0,5.0,3.0,4.0,2.2491865422081285
2.0,2.0,1.0,5.0,4.0,2.0,1.9113711732364433
2.0,2.0,1.0,5.0,4.0,4.0,2.37101770396694
2.0,2.0,1.0,5.0,5.0,3.0,2.2546152549898233
2.0,2.0,2.0,1.0,1.0,1.0,1.115418125817787
2.0,2.0,2.0,1.0,1.0,2.0,1.3766959396660563
2.0,2.0,2.0,1.0,2.0,1.0,1.2498805012766376
2.0,2.0,2.0,1.0,2.0,2.0,1.4924315213236146
2.0,2.0,2.0,1.0,3.0,1.0,1.3880772971703617
2.0,2.0,2.0,1.0,3.0,2.0,1.5960337206012234
2.0,2.0,2.0,1.0,3.0,3.0,1.8103172055914218
2.0,2.0,2.0,1.0,4.0,1.0,1.4893224195102421
2.0,2.0,2.0,2.0,1.0,1.0,1.2562282540686498
2.0,2.0,2.0,2.0,1.0,2.0,1.4720047514597612
2.0,2.0,2.0,2.0,2.0,1.0,1.3722170704252157
2.0,2.0,2.0,2.0,2.0,2.0,1.7460964439924112
2.0,2.0,2.0,2.0,2.0,3.0,1.8433933954945878
2.0,2.0,2.0,2.0,2.0,4.0,2.0595376029380286
2.0,2.0,2.0,2.0,3.0,1.0,1.4922879637484607
2.0,2.0,2.0,2.0,3.0,2.0,1.746095920240532
2.0,2.0,2.0,2.0,3.0,3.0,1.9498797970426238
2.0,2.0,2.0,2.0,4.0,1.0,1.6283909203714861
2.0,2.0,2.0,2.0,4.0,2.0,1.8649182799985804
2.0,2.0,2.0,2.0,4.0,3.0,2.081786955321287
2.0,2.0,2.0,3.0,1.0,1.0,1.3830221112480376
2.0,2.0,2.0,3.0,1.0,2.0,1.584229995510944
2.0,2.0,2.0,3.0,1.0,3.0,1.8154702027557013
2.0,2.0,2.0,3.0,2.0,2.0,1.7532432909011575
2.0,2.0,2.0,3.0,2.0,3.0,1.9124915066026658
2.0,2.0,2.0,3.0,3.0,2.0,1.8267276076349495
2.0,2.0,2.0,3.0,3.0,3.0,2.0958004723640773
2.0,2.0,2.0,3.0,4.0,1.0,1.721317085296017
2.0,2.0,2.0,3.0,4.0,2.0,1.9595506788305237
2.0,2.0,2.0,3.0,4.0,3.0,2.188282809267752
2.0,2.0,2.0,3.0,4.0,4.0,2.399059630304201
2.0,2.0,2.0,3.0,5.0,3.0,2.3027948062292793
2.0,2.0,2.0,3.0,5.0,5.0,2.7960825769494626
2.0,2.0,2.0,4.0,1.0,1.0,1.4718209615460063
2.0,2.0,2.0,4.0,2.0,2.0,1.8318857203191365
2.0,2.0,2.0,4.0,2.0,3.0,2.068959184432338
2.0,2.0,2.0,4.0,2.0,4.0,2.2701670512923613
2.0,2.0,2.0,4.0,3.0,2.0,1.9710245696577287
2.0,2.0,2.0,4.0,3.0,3.0,2.1583092082332707
2.0,2.0,2.0,4.0,3.0,4.0,2.3899827511789713
2.0,2.0,2.0,4.0,4.0,1.0,1.8373144124456218
2.0,2.0,2.0,4.0,4.0,2.0,2.058727375130892
2.0,2.0,2.0,4.0,4.0,3.0,2.2987074324524976
2.0,2.0,2.0,4.0,4.0,4.0,2.4932560100616437
2.0,2.0,2.0,5.0,1.0,3.0,2.047464842306547
2.0,2.0,2.0,5.0,3.0,2.0,2.0697141947742472
2.0,2.0,2.0,5.0,3.0,4.0,2.5293607399052846
2.0,2.0,2.0,5.0,3.0,5.0,2.7339530773070484
2.0,2.0,2.0,5.0,4.0,4.0,2.6175506297164643
2.0,2.0,2.0,5.0,4.0,5.0,2.8726048673965443
2.0,2.0,2.0,5.0,5.0,4.0,2.743692461055819
2.0,2.0,3.0,1.0,1.0,1.0,1.3822486709260091
2.0,2.0,3.0,1.0,1.0,3.0,1.8328209724747337
2.0,2.0,3.0,1.0,2.0,1.0,1.4845627025492099
2.0,2.0,3.0,1.0,2.0,2.0,1.734886366746039
2.0,2.0,3.0,1.0,3.0,1.0,1.630844834598445
2.0,2.0,3.0,1.0,3.0,2.0,1.8547020600248127
2.0,2.0,3.0,1.0,3.0,3.0,2.090491396273209
2.0,2.0,3.0,2.0,1.0,1.0,1.5031798677450923
2.0,2.0,3.0,2.0,2.0,2.0,1.9055781641192266
2.0,2.0,3.0,2.0,2.0,3.0,2.099799857062902
2.0,2.0,3.0,2.0,3.0,2.0,1.985561920085092
2.0,2.0,3.0,2.0,3.0,3.0,2.224993272592891
2.0,2.0,3.0,2.0,3.0,4.0,2.387738540627966
2.0,2.0,3.0,2.0,4.0,3.0,2.328319883249189
2.0,2.0,3.0,3.0,1.0,1.0,1.6420194115266504
2.0,2.0,3.0,3.0,1.0,2.0,1.850640389909058
2.0,2.0,3.0,3.0,1.0,3.0,2.0925320473022877
2.0,2.0,3.0,3.0,2.0,1.0,1.7578289739983322
2.0,2.0,3.0,3.0,2.0,2.0,1.9332702600958558
2.0,2.0,3.0,3.0,2.0,3.0,2.1722458678346763
2.0,2.0,3.0,3.0,2.0,4.0,2.438888507428251
2.0,2.0,3.0,3.0,3.0,1.0,1.8628394909392942
2.0,2.0,3.0,3.0,3.0,2.0,2.1397800612388855
2.0,2.0,3.0,3.0,3.0,3.0,2.3854151973663438
2.0,2.0,3.0,3.0,3.0,4.0,2.518359288944269
2.0,2.0,3.0,3.0,4.0,1.0,1.9846706280238984
2.0,2.0,3.0,3.0,4.0,2.0,2.2229042395855414
2.0,2.0,3.0,3.0,4.0,3.0,2.436967120129363
2.0,2.0,3.0,3.0,4.0,4.0,2.6381749892852926
2.0,2.0,3.0,4.0,1.0,3.0,2.1750558914519345
2.0,2.0,3.0,4.0,2.0,3.0,2.296690383563281
2.0,2.0,3.0,4.0,2.0,4.0,2.5291643367439485
2.0,2.0,3.0,4.0,3.0,2.0,2.2170704226178195
2.0,2.0,3.0,4.0,3.0,3.0,2.428844294899136
2.0,2.0,3.0,4.0,3.0,4.0,2.644209031023843
2.0,2.0,3.0,4.0,4.0,2.0,2.338901563803442
2.0,2.0,3.0,4.0,4.0,3.0,2.5814360858359366
2.0,2.0,3.0,4.0,4.0,4.0,2.768795736248348
2.0,2.0,3.0,4.0,5.0,5.0,3.1417922578803155
2.0,2.0,3.0,5.0,1.0,3.0,2.310818408041668
2.0,2.0,3.0,5.0,2.0,3.0,2.4326495581812004
2.0,2.0,3.0,5.0,2.0,4.0,2.6540625231326587
2.0,2.0,3.0,5.0,3.0,3.0,2.6178003237161374
2.0,2.0,3.0,5.0,3.0,4.0,2.783281007051558
2.0,2.0,3.0,5.0,3.0,5.0,2.9973066333655756
2.0,2.0,3.0,5.0,4.0,3.0,2.69313250093585
2.0,2.0,3.0,5.0,5.0,5.0,3.237885556626371
2.0,2.0,4.0,1.0,2.0,1.0,1.772367233279764
2.0,2.0,4.0,2.0,3.0,2.0,2.248429311420457
2.0,2.0,4.0,2.0,5.0,2.0,2.4920916114823615
2.0,2.0,4.0,3.0,3.0,2.0,2.3644266517231003
2.0,2.0,4.0,3.0,3.0,3.0,2.5926911452813806
2.0,2.0,4.0,3.0,5.0,3.0,2.812681292316453
2.0,2.0,4.0,4.0,1.0,4.0,2.6795876053674235
2.0,2.0,4.0,4.0,2.0,3.0,2.596826417214385
2.0,2.0,4.0,4.0,2.0,5.0,3.039652355623699
2.0,2.0,4.0,4.0,3.0,3.0,2.7186575728645215
2.0,2.0,4.0,4.0,4.0,4.0,3.0269034384107654
2.0,2.0,4.0,4.0,5.0,3.0,2.9623198707692295
2.0,2.0,4.0,5.0,4.0,4.0,3.1610783738879658
2.0,2.0,5.0,2.0,1.0,2.0,2.2681205664559156
2.0,2.0,5.0,2.0,3.0,2.0,2.4949622612660147
2.0,2.0,5.0,5.0,1.0,3.0,2.8375254940284185
2.0,2.0,5.0,5.0,3.0,5.0,3.4988032271139975
2.0,2.0,5.0,5.0,4.0,5.0,3.645844896716568
2.0,3.0,1.0,1.0,1.0,1.0,1.0900150847186851
2.0,3.0,1.0,1.0,1.0,2.0,1.14867821999035
2.0,3.0,1.0,1.0,1.0,3.0,1.352965958489553
2.0,3.0,1.0,1.0,2.0,1.0,1.0898852495532956
2.0,3.0,1.0,1.0,2.0,2.0,1.318537560162519
2.0,3.0,1.0,1.0,2.0,3.0,1.4926088028722702
2.0,3.0,1.0,1.0,3.0,1.0,1.1509692963278113
2.0,3.0,1.0,1.0,3.0,2.0,1.3908870796836186
2.0,3.0,1.0,1.0,3.0,3.0,1.584922878851999
2.0,3.0,1.0,1.0,4.0,1.0,1.3001671197274423
2.0,3.0,1.0,1.0,4.0,2.0,1.4980375051207713
2.0,3.0,1.0,2.0,1.0,1.0,1.0899707241192058
2.0,3.0,1.0,2.0,1.0,2.0,1.2828527985652816
2.0,3.0,1.0,2.0,1.0,3.0,1.4872049466150303
2.0,3.0,1.0,2.0,2.0,1.0,1.1995343439465775
2.0,3.0,1.0,2.0,2.0,2.0,1.4554884955744793
2.0,3.0,1.0,2.0,2.0,3.0,1.611394455912729
2.0,3.0,1.0,2.0,3.0,1.0,1.313672452076752
2.0,3.0,1.0,2.0,3.0,2.0,1.5273496251693766
2.0,3.0,1.0,2.0,3.0,3.0,1.7074406080331777
2.0,3.0,1.0,2.0,4.0,1.0,1.402668766779901
2.0,3.0,1.0,2.0,4.0,2.0,1.620419070990791
2.0,3.0,1.0,2.0,4.0,3.0,1.8354477908590567
2.0,3.0,1.0,2.0,5.0,2.0,1.752686583834949
2.0,3.0,1.0,3.0,1.0,1.0,1.197685098048675
2.0,3.0,1.0,3.0,1.0,2.0,1.3731043504837985
2.0,3.0,1.0,3.0,1.0,3.0,1.6257791810868263
2.0,3.0,1.0,3.0,2.0,1.0,1.295532751636428
2.0,3.0,1.0,3.0,2.0,2.0,1.4954628820564924
2.0,3.0,1.0,3.0,2.0,3.0,1.6946822638355001
2.0,3.0,1.0,3.0,3.0,1.0,1.4124422536375885
2.0,3.0,1.0,3.0,3.0,2.0,1.6692598139981274
2.0,3.0,1.0,3.0,3.0,3.0,1.859097363597842
2.0,3.0,1.0,3.0,3.0,4.0,2.0510269298329407
2.0,3.0,1.0,3.0,4.0,1.0,1.5254398307503367
2.0,3.0,1.0,3.0,4.0,3.0,1.9641673183350747
2.0,3.0,1.0,3.0,4.0,4.0,2.1728580822099977
2.0,3.0,1.0,3.0,4.0,5.0,2.4110916704807
2.0,3.0,1.0,4.0,1.0,1.0,1.2855652940135758
2.0,3.0,1.0,4.0,1.0,2.0,1.4891285860904844
2.0,3.0,1.0,4.0,1.0,3.0,1.70687889058568
2.0,3.0,1.0,4.0,2.0,1.0,1.391193982843619
2.0,3.0,1.0,4.0,2.0,2.0,1.6191878217261109
2.0,3.0,1.0,4.0,2.0,3.0,1.8597794695083056
2.0,3.0,1.0,4.0,3.0,2.0,1.730075958875677
2.0,3.0,1.0,4.0,3.0,3.0,1.9653436713765293
2.0,3.0,1.0,4.0,3.0,4.0,2.180803032945623
2.0,3.0,1.0,4.0,4.0,1.0,1.658257784311786
2.0,3.0,1.0,4.0,4.0,2.0,1.8816605631505952
2.0,3.0,1.0,4.0,4.0,3.0,2.097792536096993
2.0,3.0,1.0,5.0,1.0,1.0,1.3570981121374845
2.0,3.0,1.0,5.0,1.0,3.0,1.817946321302122
2.0,3.0,1.0,5.0,2.0,2.0,1.752005771603911
2.0,3.0,1.0,5.0,2.0,3.0,1.956598104334821
2.0,3.0,1.0,5.0,2.0,4.0,2.1780110652741382
2.0,3.0,1.0,5.0,3.0,1.0,1.6187826867373558
2.0,3.0,1.0,5.0,3.0,2.0,1.8401956592419721
2.0,3.0,1.0,5.0,3.0,3.0,2.0616086205604036
2.0,3.0,1.0,5.0,3.0,4.0,2.299842221675657
2.0,3.0,1.0,5.0,4.0,1.0,1.7406138505773245
2.0,3.0,1.0,5.0,5.0,2.0,2.0838579660151737
2.0,3.0,2.0,1.0,1.0,1.0,1.1625022454650946
2.0,3.0,2.0,1.0,1.0,2.0,1.4230709794460497
2.0,3.0,2.0,1.0,2.0,1.0,1.2949808551918485
2.0,3.0,2.0,1.0,2.0,2.0,1.5076466870020166
2.0,3.0,2.0,1.0,2.0,3.0,1.7555869099251915
2.0,3.0,2.0,1.0,3.0,1.0,1.421604356627177
2.0,3.0,2.0,1.0,3.0,2.0,1.6762337413584145
2.0,3.0,2.0,1.0,3.0,3.0,1.8539771247956764
2.0,3.0,2.0,1.0,3.0,4.0,2.1160271036218137
2.0,3.0,2.0,1.0,4.0,1.0,1.5475877460143141
2.0,3.0,2.0,1.0,4.0,2.0,1.7568404691020816
2.0,3.0,2.0,1.0,4.0,3.0,1.9996307911557858
2.0,3.0,2.0,2.0,1.0,1.0,1.303187315401749
2.0,3.0,2.0,2.0,1.0,2.0,1.5791226831826737
2.0,3.0,2.0,2.0,1.0,3.0,1.7343601859754862
2.0,3.0,2.0,2.0,1.0,4.0,1.9547208501215174
2.0,3.0,2.0,2.0,2.0,1.0,1.41135738112183
2.0,3.0,2.0,2.0,2.0,2.0,1.774796890767508
2.0,3.0,2.0,2.0,2.0,3.0,1.8941231068673794
2.0,3.0,2.0,2.0,2.0,4.0,2.076552024517769
2.0,3.0,2.0,2.0,3.0,1.0,1.5418503551438758
2.0,3.0,2.0,2.0,3.0,2.0,1.8173306141271626
2.0,3.0,2.0,2.0,3.0,3.0,2.0533248306429033
2.0,3.0,2.0,2.0,3.0,4.0,2.2152037929433304
2.0,3.0,2.0,2.0,4.0,1.0,1.6782084934000572
2.0,3.0,2.0,2.0,4.0,2.0,1.8832777985358833
2.0,3.0,2.0,2.0,4.0,3.0,2.135666930711155
2.0,3.0,2.0,2.0,4.0,4.0,2.3370349487153175
2.0,3.0,2.0,2.0,5.0,3.0,2.220632499733199
2.0,3.0,2.0,3.0,1.0,1.0,1.4323957798176146
2.0,3.0,2.0,3.0,1.0,2.0,1.6415310254799282
2.0,3.0,2.0,3.0,1.0,3.0,1.928596867764862
2.0,3.0,2.0,3.0,2.0,1.0,1.527388384645912
2.0,3.0,2.0,3.0,2.0,2.0,1.8184215787358506
2.0,3.0,2.0,3.0,2.0,3.0,2.003619574811574
2.0,3.0,2.0,3.0,3.0,1.0,1.7194769946158972
2.0,3.0,2.0,3.0,3.0,2.0,1.9610890330637232
2.0,3.0,2.0,3.0,3.0,3.0,2.1213748237089143
2.0,3.0,2.0,3.0,3.0,4.0,2.305506040004903
2.0,3.0,2.0,3.0,4.0,1.0,1.7956666431899477
2.0,3.0,2.0,3.0,4.0,2.0,2.0245478347535104
2.0,3.0,2.0,3.0,4.0,3.0,2.223840818132222
2.0,3.0,2.0,3.0,4.0,4.0,2.479306887118096
2.0,3.0,2.0,3.0,5.0,3.0,2.3534504618230385
2.0,3.0,2.0,4.0,1.0,1.0,1.5454148472504232
2.0,3.0,2.0,4.0,1.0,2.0,1.768497638987288
2.0,3.0,2.0,4.0,1.0,3.0,1.950955779225537
2.0,3.0,2.0,4.0,1.0,4.0,2.196911286838068
2.0,3.0,2.0,4.0,1.0,5.0,2.424949110185609
2.0,3.0,2.0,4.0,2.0,1.0,1.6667337074766424
2.0,3.0,2.0,4.0,2.0,2.0,1.8844840120105117
2.0,3.0,2.0,4.0,2.0,3.0,2.0989596535520803
2.0,3.0,2.0,4.0,2.0,4.0,2.336527059643779
2.0,3.0,2.0,4.0,3.0,1.0,1.8225690715028289
2.0,3.0,2.0,4.0,3.0,2.0,2.0325372187716715
2.0,3.0,2.0,4.0,3.0,3.0,2.2261840538894346
2.0,3.0,2.0,4.0,3.0,4.0,2.4577403466600445
2.0,3.0,2.0,4.0,4.0,2.0,2.124115411368734
2.0,3.0,2.0,4.0,4.0,3.0,2.3260444358934413
2.0,3.0,2.0,4.0,4.0,4.0,2.548882016094633
2.0,3.0,2.0,4.0,4.0,5.0,2.7904425646890174
2.0,3.0,2.0,4.0,5.0,2.0,2.2648554570051105
2.0,3.0,2.0,4.0,5.0,3.0,2.4782238565975208
2.0,3.0,2.0,5.0,1.0,2.0,1.864446097567307
2.0,3.0,2.0,5.0,1.0,4.0,2.3027128380342363
2.0,3.0,2.0,5.0,1.0,5.0,2.540946439622972
2.0,3.0,2.0,5.0,2.0,3.0,2.219951663693472
2.0,3.0,2.0,5.0,2.0,4.0,2.434062929068458
2.0,3.0,2.0,5.0,2.0,5.0,2.66835566829882
2.0,3.0,2.0,5.0,3.0,2.0,2.1203698494243723
2.0,3.0,2.0,5.0,3.0,3.0,2.3306579101998848
2.0,3.0,2.0,5.0,3.0,4.0,2.561138013753487
2.0,3.0,2.0,5.0,3.0,5.0,2.7846087412703207
2.0,3.0,2.0,5.0,4.0,3.0,2.455944021041458
2.0,3.0,2.0,5.0,4.0,4.0,2.652118021179196
2.0,3.0,2.0,5.0,4.0,5.0,2.9064398879452016
2.0,3.0,2.0,5.0,5.0,3.0,2.5854451132062026
2.0,3.0,2.0,5.0,5.0,5.0,2.994886024644418
2.0,3.0,3.0,1.0,1.0,1.0,1.4112631121766843
2.0,3.0,3.0,1.0,1.0,2.0,1.6596083219862041
2.0,3.0,3.0,1.0,1.0,3.0,1.9157234165306187
2.0,3.0,3.0,1.0,2.0,1.0,1.5222825626619045
2.0,3.0,3.0,1.0,2.0,2.0,1.7791239578499278
2.0,3.0,3.0,1.0,2.0,3.0,2.0193159113194836
2.0,3.0,3.0,1.0,3.0,1.0,1.7192778428774154
2.0,3.0,3.0,1.0,3.0,2.0,1.8864622391014276
2.0,3.0,3.0,1.0,3.0,3.0,2.099166838322412
2.0,3.0,3.0,1.0,3.0,4.0,2.3400202440763898
2.0,3.0,3.0,1.0,4.0,2.0,2.007666228160659
2.0,3.0,3.0,1.0,4.0,3.0,2.262978216435463
2.0,3.0,3.0,1.0,5.0,3.0,2.4016299946773905
2.0,3.0,3.0,2.0,1.0,1.0,1.5263862090359093
2.0,3.0,3.0,2.0,1.0,2.0,1.7540202407581662
2.0,3.0,3.0,2.0,1.0,3.0,1.9804972188032588
2.0,3.0,3.0,2.0,1.0,4.0,2.218074423796527
2.0,3.0,3.0,2.0,2.0,1.0,1.6862226978959958
2.0,3.0,3.0,2.0,2.0,2.0,1.905579247969334
2.0,3.0,3.0,2.0,2.0,3.0,2.1146363503256675
2.0,3.0,3.0,2.0,3.0,1.0,1.8260244510182286
2.0,3.0,3.0,2.0,3.0,2.0,2.01243615359562
2.0,3.0,3.0,2.0,3.0,3.0,2.226128879393921
2.0,3.0,3.0,2.0,3.0,4.0,2.4785573471262734
2.0,3.0,3.0,2.0,4.0,1.0,1.9361496123028248
2.0,3.0,3.0,2.0,4.0,2.0,2.171361098213991
2.0,3.0,3.0,2.0,4.0,3.0,2.4181262184365604
2.0,3.0,3.0,2.0,4.0,4.0,2.606999132681051
2.0,3.0,3.0,2.0,5.0,2.0,2.279393729791602
2.0,3.0,3.0,2.0,5.0,3.0,2.5256069680062234
2.0,3.0,3.0,3.0,1.0,1.0,1.7089929868702824
2.0,3.0,3.0,3.0,1.0,2.0,1.9110586770387397
2.0,3.0,3.0,3.0,1.0,3.0,2.1349509809555243
2.0,3.0,3.0,3.0,2.0,1.0,1.7984444319018233
2.0,3.0,3.0,3.0,2.0,2.0,2.0241997274155015
2.0,3.0,3.0,3.0,2.0,3.0,2.2608311474682274
2.0,3.0,3.0,3.0,2.0,4.0,2.5063647928525015
2.0,3.0,3.0,3.0,3.0,1.0,1.9325835599564014
2.0,3.0,3.0,3.0,3.0,2.0,2.1867045082717453
2.0,3.0,3.0,3.0,3.0,3.0,2.385417550639259
2.0,3.0,3.0,3.0,3.0,4.0,2.5980189602840147
2.0,3.0,3.0,3.0,4.0,1.0,2.0353263016927396
2.0,3.0,3.0,3.0,4.0,2.0,2.2972027917239473
2.0,3.0,3.0,3.0,4.0,3.0,2.5361948996578123
2.0,3.0,3.0,3.0,4.0,4.0,2.7161645873080333
2.0,3.0,3.0,3.0,4.0,5.0,2.954619434251789
2.0,3.0,3.0,3.0,5.0,3.0,2.613002204405721
2.0,3.0,3.0,3.0,5.0,4.0,2.8550376181212913
2.0,3.0,3.0,4.0,1.0,1.0,1.8059152937112648
2.0,3.0,3.0,4.0,1.0,2.0,2.0399725405892473
2.0,3.0,3.0,4.0,1.0,3.0,2.218244934178509
2.0,3.0,3.0,4.0,2.0,1.0,1.9244819642321982
2.0,3.0,3.0,4.0,2.0,2.0,2.1709114852994196
2.0,3.0,3.0,4.0,2.0,3.0,2.352539708685611
2.0,3.0,3.0,4.0,2.0,4.0,2.592465125774643
2.0,3.0,3.0,4.0,3.0,1.0,2.029492482964477
2.0,3.0,3.0,4.0,3.0,2.0,2.239522653075001
2.0,3.0,3.0,4.0,3.0,3.0,2.542614729565145
2.0,3.0,3.0,4.0,3.0,4.0,2.7415504926261076
2.0,3.0,3.0,4.0,3.0,5.0,2.9487856079813497
2.0,3.0,3.0,4.0,4.0,1.0,2.1681442681072047
2.0,3.0,3.0,4.0,4.0,2.0,2.38955723303684
2.0,3.0,3.0,4.0,4.0,3.0,2.634318576147621
2.0,3.0,3.0,4.0,4.0,4.0,2.8234989170362197
2.0,3.0,3.0,4.0,4.0,5.0,3.085990933755685
2.0,3.0,3.0,4.0,5.0,3.0,2.7537635830173612
2.0,3.0,3.0,4.0,5.0,4.0,2.9719773136370002
2.0,3.0,3.0,4.0,5.0,5.0,3.1961662574300638
2.0,3.0,3.0,5.0,1.0,2.0,2.156881744126127
2.0,3.0,3.0,5.0,2.0,3.0,2.483848101648362
2.0,3.0,3.0,5.0,3.0,1.0,2.145489801187957
2.0,3.0,3.0,5.0,3.0,2.0,2.3837234046231695
2.0,3.0,3.0,5.0,3.0,3.0,2.6241040910034195
2.0,3.0,3.0,5.0,3.0,4.0,2.7832805447087443
2.0,3.0,3.0,5.0,3.0,5.0,3.064782930969693
2.0,3.0,3.0,5.0,4.0,1.0,2.2841415890708974
2.0,3.0,3.0,5.0,4.0,3.0,2.74802618724163
2.0,3.0,3.0,5.0,4.0,4.0,2.899660466580373
2.0,3.0,3.0,5.0,4.0,5.0,3.164467110955219
2.0,3.0,3.0,5.0,5.0,3.0,2.8583293034102564
2.0,3.0,3.0,5.0,5.0,4.0,3.0690497636458964
2.0,3.0,3.0,5.0,5.0,5.0,3.237886446392404
2.0,3.0,4.0,1.0,1.0,1.0,1.701191745314236
2.0,3.0,4.0,1.0,2.0,1.0,1.80940846805137
2.0,3.0,4.0,1.0,2.0,2.0,2.0437012160821904
2.0,3.0,4.0,1.0,3.0,1.0,1.9448540444487874
2.0,3.0,4.0,2.0,1.0,2.0,2.0386020441435813
2.0,3.0,4.0,2.0,2.0,2.0,2.1772538268646415
2.0,3.0,4.0,2.0,2.0,3.0,2.375529831077975
2.0,3.0,4.0,2.0,2.0,4.0,2.620079762234966
2.0,3.0,4.0,2.0,3.0,1.0,2.04259805070836
2.0,3.0,4.0,2.0,3.0,2.0,2.2941376693595124
2.0,3.0,4.0,2.0,3.0,3.0,2.5361048033482243
2.0,3.0,4.0,2.0,4.0,3.0,2.6423290989829766
2.0,3.0,4.0,2.0,4.0,4.0,2.865996418287116
2.0,3.0,4.0,2.0,5.0,2.0,2.5427472793285126
2.0,3.0,4.0,2.0,5.0,3.0,2.780980880051265
2.0,3.0,4.0,3.0,1.0,3.0,2.392832964311966
2.0,3.0,4.0,3.0,2.0,3.0,2.514187404653424
2.0,3.0,4.0,3.0,3.0,3.0,2.6336653403628216
2.0,3.0,4.0,3.0,4.0,3.0,2.785949256094646
2.0,3.0,4.0,3.0,4.0,4.0,3.013159605539849
2.0,3.0,4.0,3.0,5.0,3.0,2.896978210466312
2.0,3.0,4.0,3.0,5.0,4.0,3.1183911696309776
2.0,3.0,4.0,4.0,2.0,2.0,2.4092484801908616
2.0,3.0,4.0,4.0,2.0,3.0,2.630661451875891
2.0,3.0,4.0,4.0,3.0,2.0,2.5719216004424066
2.0,3.0,4.0,4.0,3.0,3.0,2.744274999033998
2.0,3.0,4.0,4.0,3.0,4.0,2.9282702243239456
2.0,3.0,4.0,4.0,4.0,3.0,2.8996789099680464
2.0,3.0,4.0,4.0,4.0,4.0,3.070603649594385
2.0,3.0,4.0,4.0,5.0,4.0,3.2343885055373
2.0,3.0,4.0,4.0,5.0,5.0,3.4648039185350448
2.0,3.0,4.0,5.0,2.0,4.0,2.984892330740876
2.0,3.0,4.0,5.0,4.0,3.0,2.990321078966976
2.0,3.0,4.0,5.0,4.0,4.0,3.2015626205707126
2.0,3.0,4.0,5.0,5.0,2.0,2.8907392696147785
2.0,3.0,4.0,5.0,5.0,3.0,3.1289728661371496
2.0,3.0,4.0,5.0,5.0,4.0,3.377674360967257
2.0,3.0,4.0,5.0,5.0,5.0,3.518086532316585
2.0,3.0,5.0,1.0,1.0,1.0,1.964545307537473
2.0,3.0,5.0,1.0,1.0,3.0,2.4241918773382927
2.0,3.0,5.0,2.0,1.0,2.0,2.3019556253225018
2.0,3.0,5.0,2.0,4.0,4.0,3.1439162364741198
2.0,3.0,5.0,3.0,1.0,3.0,2.6730071175307035
2.0,3.0,5.0,3.0,3.0,3.0,2.919382584949664
2.0,3.0,5.0,3.0,3.0,4.0,3.1380824302247783
2.0,3.0,5.0,3.0,5.0,5.0,3.603157714364963
2.0,3.0,5.0,4.0,1.0,1.0,2.329357844760711
2.0,3.0,5.0,4.0,5.0,3.0,3.2763290880813405
2.0,3.0,5.0,5.0,2.0,5.0,3.4360177069475855
2.0,3.0,5.0,5.0,3.0,5.0,3.6083106620246186
2.0,3.0,5.0,5.0,4.0,3.0,3.2873159021240497
2.0,3.0,5.0,5.0,4.0,4.0,3.5087288755891892
2.0,3.0,5.0,5.0,5.0,4.0,3.610037870139496
2.0,3.0,5.0,5.0,5.0,5.0,3.7982644564410237
2.0,4.0,1.0,1.0,1.0,1.0,1.0901657904243633
2.0,4.0,1.0,1.0,1.0,2.0,1.1904109686580886
2.0,4.0,1.0,1.0,2.0,1.0,1.1433992469161895
2.0,4.0,1.0,1.0,2.0,2.0,1.3379674713400984
2.0,4.0,1.0,1.0,3.0,1.0,1.2016369943352871
2.0,4.0,1.0,1.0,3.0,2.0,1.4503594258618524
2.0,4.0,1.0,1.0,3.0,3.0,1.6271751077229046
2.0,4.0,1.0,1.0,4.0,1.0,1.3066462035360973
2.0,4.0,1.0,1.0,4.0,2.0,1.5561583344928216
2.0,4.0,1.0,1.0,4.0,3.0,1.7651358979775853
2.0,4.0,1.0,1.0,4.0,4.0,1.9755210657286595
2.0,4.0,1.0,2.0,1.0,1.0,1.1058541037534144
2.0,4.0,1.0,2.0,1.0,2.0,1.3182910434468291
2.0,4.0,1.0,2.0,1.0,3.0,1.5285398492554525
2.0,4.0,1.0,2.0,1.0,4.0,1.7588436001327763
2.0,4.0,1.0,2.0,2.0,1.0,1.2318019606012565
2.0,4.0,1.0,2.0,2.0,2.0,1.455487632389708
2.0,4.0,1.0,2.0,2.0,3.0,1.676082420357093
2.0,4.0,1.0,2.0,3.0,1.0,1.3327276917916526
2.0,4.0,1.0,2.0,3.0,2.0,1.6027570261881816
2.0,4.0,1.0,2.0,3.0,3.0,1.7476103526145956
2.0,4.0,1.0,2.0,3.0,4.0,2.002423491539097
2.0,4.0,1.0,2.0,4.0,1.0,1.461395594480644
2.0,4.0,1.0,2.0,4.0,2.0,1.6815111281549755
2.0,4.0,1.0,2.0,4.0,3.0,1.8755605221103901
2.0,4.0,1.0,2.0,5.0,3.0,2.0079346126469466
2.0,4.0,1.0,3.0,1.0,1.0,1.2414272465846135
2.0,4.0,1.0,3.0,1.0,2.0,1.3752090889271624
2.0,4.0,1.0,3.0,1.0,3.0,1.6752744379895275
2.0,4.0,1.0,3.0,1.0,4.0,1.8916615590374808
2.0,4.0,1.0,3.0,2.0,1.0,1.3531878866253475
2.0,4.0,1.0,3.0,2.0,2.0,1.6067582269181453
2.0,4.0,1.0,3.0,2.0,3.0,1.811137313713373
2.0,4.0,1.0,3.0,3.0,1.0,1.4259135237174065
2.0,4.0,1.0,3.0,3.0,2.0,1.6744875819540976
2.0,4.0,1.0,3.0,3.0,3.0,1.8590974513427547
2.0,4.0,1.0,3.0,4.0,1.0,1.5592748499400308
2.0,4.0,1.0,3.0,4.0,2.0,1.7975084538748634
2.0,4.0,1.0,3.0,4.0,3.0,1.9641668908977705
2.0,4.0,1.0,3.0,4.0,4.0,2.236358001079483
2.0,4.0,1.0,3.0,5.0,2.0,1.9193396077395752
2.0,4.0,1.0,3.0,5.0,4.0,2.378986127108157
2.0,4.0,1.0,4.0,1.0,1.0,1.321195842667059
2.0,4.0,1.0,4.0,1.0,2.0,1.5376975704841007
2.0,4.0,1.0,4.0,1.0,3.0,1.756696460898283
2.0,4.0,1.0,4.0,1.0,4.0,2.0075316440255464
2.0,4.0,1.0,4.0,2.0,1.0,1.4316098832764852
2.0,4.0,1.0,4.0,2.0,2.0,1.6643141774100527
2.0,4.0,1.0,4.0,2.0,3.0,1.874435810608552
2.0,4.0,1.0,4.0,3.0,1.0,1.560827247243868
2.0,4.0,1.0,4.0,3.0,2.0,1.7536417869199112
2.0,4.0,1.0,4.0,3.0,3.0,1.9964993853887365
2.0,4.0,1.0,4.0,3.0,4.0,2.2345005641505695
2.0,4.0,1.0,4.0,4.0,1.0,1.6752721830436021
2.0,4.0,1.0,4.0,4.0,2.0,1.9135057770533876
2.0,4.0,1.0,4.0,4.0,3.0,2.132686003246146
2.0,4.0,1.0,4.0,4.0,4.0,2.3284595442363747
2.0,4.0,1.0,4.0,5.0,2.0,2.035336928507629
2.0,4.0,1.0,5.0,1.0,1.0,1.4187317174560998
2.0,4.0,1.0,5.0,1.0,4.0,2.10683557714926
2.0,4.0,1.0,5.0,1.0,5.0,2.328248544147844
2.0,4.0,1.0,5.0,3.0,2.0,1.90767195462554
2.0,4.0,1.0,5.0,3.0,3.0,2.1869321765304544
2.0,4.0,1.0,5.0,3.0,4.0,2.367318518665107
2.0,4.0,1.0,5.0,3.0,5.0,2.5719108465930276
2.0,4.0,1.0,5.0,4.0,4.0,2.4645146154185644
2.0,4.0,1.0,5.0,4.0,5.0,2.693741991955387
2.0,4.0,1.0,5.0,5.0,2.0,2.168154883524228
2.0,4.0,1.0,5.0,5.0,5.0,2.798752516337334
2.0,4.0,2.0,1.0,1.0,1.0,1.2366846704376653
2.0,4.0,2.0,1.0,1.0,2.0,1.4391660785008216
2.0,4.0,2.0,1.0,1.0,3.0,1.6679662266953554
2.0,4.0,2.0,1.0,2.0,1.0,1.3613769810017529
2.0,4.0,2.0,1.0,2.0,2.0,1.625203540875974
2.0,4.0,2.0,1.0,2.0,3.0,1.7998949175072436
2.0,4.0,2.0,1.0,3.0,1.0,1.4576759807656174
2.0,4.0,2.0,1.0,3.0,2.0,1.6948013102222084
2.0,4.0,2.0,1.0,3.0,3.0,1.8891716836143007
2.0,4.0,2.0,1.0,3.0,4.0,2.166682765183048
2.0,4.0,2.0,1.0,4.0,1.0,1.5808628762985373
2.0,4.0,2.0,1.0,4.0,2.0,1.8344367338598286
2.0,4.0,2.0,1.0,4.0,3.0,2.0329059283388697
2.0,4.0,2.0,1.0,4.0,4.0,2.2506562308363742
2.0,4.0,2.0,1.0,5.0,2.0,1.9680562023352253
2.0,4.0,2.0,1.0,5.0,3.0,2.1721114703639803
2.0,4.0,2.0,2.0,1.0,1.0,1.3748039075684388
2.0,4.0,2.0,2.0,1.0,2.0,1.6054566998749003
2.0,4.0,2.0,2.0,1.0,3.0,1.8040795705678327
2.0,4.0,2.0,2.0,2.0,1.0,1.4653022610860573
2.0,4.0,2.0,2.0,2.0,2.0,1.7902311197802978
2.0,4.0,2.0,2.0,2.0,3.0,1.9346958917153108
2.0,4.0,2.0,2.0,2.0,4.0,2.160848940626344
2.0,4.0,2.0,2.0,3.0,1.0,1.5794528187389685
2.0,4.0,2.0,2.0,3.0,2.0,1.881775156464997
2.0,4.0,2.0,2.0,3.0,3.0,2.0533245080421088
2.0,4.0,2.0,2.0,3.0,4.0,2.265859468807299
2.0,4.0,2.0,2.0,4.0,1.0,1.7161783691063477
2.0,4.0,2.0,2.0,4.0,2.0,2.010870326811594
2.0,4.0,2.0,2.0,4.0,3.0,2.135666722947448
2.0,4.0,2.0,2.0,4.0,4.0,2.394769852216292
2.0,4.0,2.0,2.0,4.0,5.0,2.6259242055569625
2.0,4.0,2.0,2.0,5.0,2.0,2.0862207201834377
2.0,4.0,2.0,2.0,5.0,3.0,2.274267635799759
2.0,4.0,2.0,3.0,1.0,1.0,1.4709220516501544
2.0,4.0,2.0,3.0,1.0,2.0,1.750023788797168
2.0,4.0,2.0,3.0,1.0,3.0,1.956939161491467
2.0,4.0,2.0,3.0,1.0,4.0,2.152450624237981
2.0,4.0,2.0,3.0,2.0,1.0,1.6024729699878844
2.0,4.0,2.0,3.0,2.0,2.0,1.8709238851780616
2.0,4.0,2.0,3.0,2.0,3.0,2.068368828625923
2.0,4.0,2.0,3.0,2.0,4.0,2.2600256412288013
2.0,4.0,2.0,3.0,3.0,1.0,1.7893384613075953
2.0,4.0,2.0,3.0,3.0,2.0,2.004659494157333
2.0,4.0,2.0,3.0,3.0,3.0,2.2406103316279102
2.0,4.0,2.0,3.0,3.0,4.0,2.3986774145629837
2.0,4.0,2.0,3.0,4.0,2.0,2.0705589869361316
2.0,4.0,2.0,3.0,4.0,3.0,2.303132873580915
2.0,4.0,2.0,3.0,4.0,4.0,2.531950757543973
2.0,4.0,2.0,3.0,4.0,5.0,2.741921542762421
2.0,4.0,2.0,4.0,1.0,1.0,1.6278007955026699
2.0,4.0,2.0,4.0,1.0,2.0,1.8462830925495346
2.0,4.0,2.0,4.0,1.0,3.0,2.0873393811793965
2.0,4.0,2.0,4.0,1.0,4.0,2.2381658492080447
2.0,4.0,2.0,4.0,2.0,1.0,1.7000088380183613
2.0,4.0,2.0,4.0,2.0,2.0,1.905885876834437
2.0,4.0,2.0,4.0,2.0,3.0,2.1557128583449154
2.0,4.0,2.0,4.0,2.0,4.0,2.3739710280552733
2.0,4.0,2.0,4.0,3.0,1.0,1.8363669774416818
2.0,4.0,2.0,4.0,3.0,2.0,2.0963660243478492
2.0,4.0,2.0,4.0,3.0,3.0,2.297644902095475
2.0,4.0,2.0,4.0,3.0,4.0,2.5133270219032715
2.0,4.0,2.0,4.0,4.0,1.0,1.9568951119083633
2.0,4.0,2.0,4.0,4.0,2.0,2.1582251843064046
2.0,4.0,2.0,4.0,4.0,3.0,2.3564532375308533
2.0,4.0,2.0,4.0,4.0,4.0,2.548880164750402
2.0,4.0,2.0,4.0,4.0,5.0,2.84109822840575
2.0,4.0,2.0,4.0,5.0,2.0,2.28186986453223
2.0,4.0,2.0,4.0,5.0,3.0,2.5445838625910713
2.0,4.0,2.0,4.0,5.0,4.0,2.749927998833155
2.0,4.0,2.0,4.0,5.0,5.0,2.9571371885425393
2.0,4.0,2.0,5.0,1.0,1.0,1.7059502503314556
2.0,4.0,2.0,5.0,1.0,2.0,1.927363214293034
2.0,4.0,2.0,5.0,1.0,3.0,2.1416276668520084
2.0,4.0,2.0,5.0,1.0,4.0,2.3533685003737204
2.0,4.0,2.0,5.0,2.0,2.0,2.063865235546582
2.0,4.0,2.0,5.0,2.0,4.0,2.492020287717339
2.0,4.0,2.0,5.0,3.0,1.0,1.9496125470663497
2.0,4.0,2.0,5.0,3.0,3.0,2.402488334607141
2.0,4.0,2.0,5.0,3.0,4.0,2.6036962043957383
2.0,4.0,2.0,5.0,3.0,5.0,2.8520850262267374
2.0,4.0,2.0,5.0,4.0,2.0,2.288011284538836
2.0,4.0,2.0,5.0,4.0,3.0,2.497607114269961
2.0,4.0,2.0,5.0,4.0,4.0,2.714073482554156
2.0,4.0,2.0,5.0,4.0,5.0,2.941262206098019
2.0,4.0,2.0,5.0,5.0,3.0,2.6361007780125174
2.0,4.0,2.0,5.0,5.0,4.0,2.8714258798840167
2.0,4.0,2.0,5.0,5.0,5.0,3.0739485451984065
2.0,4.0,3.0,1.0,1.0,1.0,1.467133951548362
2.0,4.0,3.0,1.0,1.0,3.0,1.9481404186584566
2.0,4.0,3.0,1.0,2.0,1.0,1.6033703998669733
2.0,4.0,3.0,1.0,2.0,2.0,1.8372145202148777
2.0,4.0,3.0,1.0,2.0,4.0,2.291384539744627
2.0,4.0,3.0,1.0,3.0,1.0,1.7290102769192313
2.0,4.0,3.0,1.0,3.0,2.0,1.940736220077072
2.0,4.0,3.0,1.0,3.0,3.0,2.1986020333680294
2.0,4.0,3.0,1.0,3.0,4.0,2.413215685102744
2.0,4.0,3.0,1.0,4.0,2.0,2.1217660560366713
2.0,4.0,3.0,1.0,4.0,3.0,2.310693366184188
2.0,4.0,3.0,1.0,4.0,4.0,2.551867470827017
2.0,4.0,3.0,2.0,1.0,1.0,1.6110338103530464
2.0,4.0,3.0,2.0,1.0,2.0,1.8368796238852056
2.0,4.0,3.0,2.0,1.0,3.0,2.046534421265756
2.0,4.0,3.0,2.0,2.0,1.0,1.7630697527362962
2.0,4.0,3.0,2.0,2.0,2.0,1.9986162524832212
2.0,4.0,3.0,2.0,2.0,3.0,2.196189630222267
2.0,4.0,3.0,2.0,3.0,1.0,1.8394349020449283
2.0,4.0,3.0,2.0,3.0,2.0,2.098490974147534
2.0,4.0,3.0,2.0,3.0,3.0,2.284363432383756
2.0,4.0,3.0,2.0,3.0,4.0,2.5198034782206737
2.0,4.0,3.0,2.0,4.0,1.0,1.98680526377412
2.0,4.0,3.0,2.0,4.0,2.0,2.171360168601933
2.0,4.0,3.0,2.0,4.0,3.0,2.4253641676473734
2.0,4.0,3.0,2.0,4.0,4.0,2.631568438730357
2.0,4.0,3.0,2.0,4.0,5.0,2.8745670103360874
2.0,4.0,3.0,2.0,5.0,3.0,2.5682829883538947
2.0,4.0,3.0,2.0,5.0,4.0,2.756054677458291
2.0,4.0,3.0,2.0,5.0,5.0,3.0111089121854304
2.0,4.0,3.0,3.0,1.0,2.0,1.960704836332388
2.0,4.0,3.0,3.0,1.0,3.0,2.1541975824880515
2.0,4.0,3.0,3.0,2.0,1.0,1.8614702546600468
2.0,4.0,3.0,3.0,2.0,2.0,2.110557952674943
2.0,4.0,3.0,3.0,2.0,3.0,2.35630068691968
2.0,4.0,3.0,3.0,2.0,4.0,2.531263611306089
2.0,4.0,3.0,3.0,3.0,1.0,1.9809714519831698
2.0,4.0,3.0,3.0,3.0,2.0,2.247255592408354
2.0,4.0,3.0,3.0,3.0,3.0,2.5654008045610857
2.0,4.0,3.0,3.0,3.0,4.0,2.641702610240149
2.0,4.0,3.0,3.0,4.0,1.0,2.08598196774214
2.0,4.0,3.0,3.0,4.0,2.0,2.310803888224153
2.0,4.0,3.0,3.0,4.0,3.0,2.6104644937706074
2.0,4.0,3.0,3.0,4.0,4.0,2.780853242785786
2.0,4.0,3.0,3.0,4.0,5.0,3.021730199000093
2.0,4.0,3.0,3.0,5.0,3.0,2.6842803192367035
2.0,4.0,3.0,3.0,5.0,4.0,2.905693279464553
2.0,4.0,3.0,3.0,5.0,5.0,3.127106252983232
2.0,4.0,3.0,4.0,1.0,1.0,1.8418070459695046
2.0,4.0,3.0,4.0,1.0,2.0,2.0399723624660124
2.0,4.0,3.0,4.0,1.0,3.0,2.30237856345825
2.0,4.0,3.0,4.0,1.0,4.0,2.493123188250907
2.0,4.0,3.0,4.0,2.0,2.0,2.199919214034614
2.0,4.0,3.0,4.0,2.0,3.0,2.388982245997915
2.0,4.0,3.0,4.0,2.0,4.0,2.7093911093121568
2.0,4.0,3.0,4.0,3.0,1.0,2.096968775486027
2.0,4.0,3.0,4.0,3.0,2.0,2.354746505056059
2.0,4.0,3.0,4.0,3.0,3.0,2.565400814881256
2.0,4.0,3.0,4.0,3.0,4.0,2.811107033421283
2.0,4.0,3.0,4.0,3.0,5.0,2.9994412638493775
2.0,4.0,3.0,4.0,4.0,2.0,2.4282203280759815
2.0,4.0,3.0,4.0,4.0,3.0,2.6870374116000897
2.0,4.0,3.0,4.0,4.0,4.0,2.879843704051849
2.0,4.0,3.0,4.0,4.0,5.0,3.133598289914394
2.0,4.0,3.0,4.0,5.0,1.0,2.3406310700890915
2.0,4.0,3.0,4.0,5.0,4.0,3.0635927647482135
2.0,4.0,3.0,4.0,5.0,5.0,3.196165739183734
2.0,4.0,3.0,5.0,1.0,2.0,2.207537404980955
2.0,4.0,3.0,5.0,1.0,3.0,2.4289503576354616
2.0,4.0,3.0,5.0,1.0,4.0,2.612922529519995
2.0,4.0,3.0,5.0,1.0,5.0,2.8717762821094226
2.0,4.0,3.0,5.0,2.0,2.0,2.3293685481735134
2.0,4.0,3.0,5.0,2.0,4.0,2.8053819305607544
2.0,4.0,3.0,5.0,3.0,3.0,2.6722850196286716
2.0,4.0,3.0,5.0,3.0,4.0,2.897474058251158
2.0,4.0,3.0,5.0,3.0,5.0,3.0954076195572173
2.0,4.0,3.0,5.0,4.0,3.0,2.8074007847535114
2.0,4.0,3.0,5.0,4.0,4.0,2.9992153592715907
2.0,4.0,3.0,5.0,4.0,5.0,3.164466537661595
2.0,4.0,3.0,5.0,5.0,3.0,2.912381222258545
2.0,4.0,3.0,5.0,5.0,4.0,3.127004261324441
2.0,4.0,3.0,5.0,5.0,5.0,3.238910269887949
2.0,4.0,4.0,1.0,1.0,2.0,1.9732603867025869
2.0,4.0,4.0,1.0,2.0,4.0,2.5547380864973372
2.0,4.0,4.0,1.0,3.0,1.0,1.995584180776224
2.0,4.0,4.0,1.0,3.0,2.0,2.216922680025197
2.0,4.0,4.0,1.0,3.0,3.0,2.440343248356763
2.0,4.0,4.0,1.0,4.0,2.0,2.355574463040754
2.0,4.0,4.0,1.0,4.0,4.0,2.798400391473382
2.0,4.0,4.0,2.0,1.0,3.0,2.3274912928389133
2.0,4.0,4.0,2.0,2.0,3.0,2.4597641427235803
2.0,4.0,4.0,2.0,3.0,1.0,2.128327674709539
2.0,4.0,4.0,2.0,3.0,2.0,2.3381250441582546
2.0,4.0,4.0,2.0,3.0,3.0,2.5885529341467524
2.0,4.0,4.0,2.0,3.0,4.0,2.8093872049042354
2.0,4.0,4.0,2.0,4.0,1.0,2.2460206325316547
2.0,4.0,4.0,2.0,4.0,2.0,2.4809442475832633
2.0,4.0,4.0,2.0,4.0,3.0,2.709805392124646
2.0,4.0,4.0,2.0,4.0,4.0,2.8900082442636865
2.0,4.0,4.0,2.0,4.0,5.0,3.152631322314057
2.0,4.0,4.0,2.0,5.0,2.0,2.610223566548303
2.0,4.0,4.0,3.0,1.0,1.0,2.0174833260701903
2.0,4.0,4.0,3.0,1.0,2.0,2.2473947267183356
2.0,4.0,4.0,3.0,1.0,3.0,2.4221848957844085
2.0,4.0,4.0,3.0,2.0,2.0,2.3439068190081844
2.0,4.0,4.0,3.0,2.0,3.0,2.5890530310784317
2.0,4.0,4.0,3.0,3.0,2.0,2.4825586086816904
2.0,4.0,4.0,3.0,3.0,3.0,2.69460612650221
2.0,4.0,4.0,3.0,3.0,4.0,2.9156582155446698
2.0,4.0,4.0,3.0,4.0,2.0,2.594391687580289
2.0,4.0,4.0,3.0,4.0,3.0,2.8194889912531385
2.0,4.0,4.0,3.0,4.0,4.0,3.028479335490958
2.0,4.0,4.0,3.0,4.0,5.0,3.2686286546568133
2.0,4.0,4.0,3.0,5.0,4.0,3.13316555959912
2.0,4.0,4.0,4.0,1.0,2.0,2.3324804470568052
2.0,4.0,4.0,4.0,1.0,3.0,2.541276741509677
2.0,4.0,4.0,4.0,1.0,4.0,2.8010659422063777
2.0,4.0,4.0,4.0,2.0,2.0,2.4430835084810885
2.0,4.0,4.0,4.0,2.0,3.0,2.6754158696355055
2.0,4.0,4.0,4.0,2.0,4.0,2.9043392061795292
2.0,4.0,4.0,4.0,3.0,1.0,2.3435016978929104
2.0,4.0,4.0,4.0,3.0,2.0,2.6116214495593386
2.0,4.0,4.0,4.0,3.0,3.0,2.799812565624465
2.0,4.0,4.0,4.0,3.0,4.0,3.035941082749539
2.0,4.0,4.0,4.0,4.0,1.0,2.4989741087327895
2.0,4.0,4.0,4.0,4.0,2.0,2.7064933245545295
2.0,4.0,4.0,4.0,4.0,3.0,2.8996785512749206
2.0,4.0,4.0,4.0,4.0,4.0,3.145610149458534
2.0,4.0,4.0,4.0,4.0,5.0,3.4113482289605828
2.0,4.0,4.0,4.0,5.0,3.0,3.0636312129018046
2.0,4.0,4.0,4.0,5.0,4.0,3.3254494378023316
2.0,4.0,4.0,4.0,5.0,5.0,3.47530761614296
2.0,4.0,4.0,5.0,1.0,1.0,2.2662985477241366
2.0,4.0,4.0,5.0,1.0,4.0,2.915144253617352
2.0,4.0,4.0,5.0,2.0,3.0,2.780493835190358
2.0,4.0,4.0,5.0,2.0,4.0,3.0355480274866666
2.0,4.0,4.0,5.0,3.0,3.0,2.9359662193425202
2.0,4.0,4.0,5.0,3.0,4.0,3.138233212712694
2.0,4.0,4.0,5.0,3.0,5.0,3.3787921545010984
2.0,4.0,4.0,5.0,4.0,2.0,2.8195638042835207
2.0,4.0,4.0,5.0,4.0,3.0,3.006982236941904
2.0,4.0,4.0,5.0,4.0,4.0,3.2530527377476526
2.0,4.0,4.0,5.0,4.0,5.0,3.5080813406143894
2.0,4.0,4.0,5.0,5.0,2.0,2.9582155446562077
2.0,4.0,4.0,5.0,5.0,3.0,3.1964491615275934
2.0,4.0,4.0,5.0,5.0,4.0,3.407369646619689
2.0,4.0,4.0,5.0,5.0,5.0,3.518085139400211
2.0,4.0,5.0,2.0,2.0,3.0,2.7126760109003207
2.0,4.0,5.0,2.0,3.0,1.0,2.4085018618526903
2.0,4.0,5.0,2.0,3.0,3.0,2.8513277853740853
2.0,4.0,5.0,2.0,4.0,3.0,2.9731589515535237
2.0,4.0,5.0,2.0,4.0,4.0,3.211392549517554
2.0,4.0,5.0,3.0,2.0,2.0,2.624081001395126
2.0,4.0,5.0,3.0,3.0,3.0,2.967325128627814
2.0,4.0,5.0,3.0,4.0,2.0,2.8509226692109864
2.0,4.0,5.0,3.0,4.0,3.0,3.0891562753068182
2.0,4.0,5.0,3.0,5.0,4.0,3.4492210261207608
2.0,4.0,5.0,4.0,2.0,4.0,3.17987892497833
2.0,4.0,5.0,4.0,3.0,2.0,2.8450888538446604
2.0,4.0,5.0,4.0,3.0,3.0,3.081944317748716
2.0,4.0,5.0,4.0,3.0,4.0,3.304735419327419
2.0,4.0,5.0,4.0,3.0,5.0,3.5429690237083062
2.0,4.0,5.0,4.0,4.0,4.0,3.4126837357497783
2.0,4.0,5.0,4.0,4.0,5.0,3.6703455196253527
2.0,4.0,5.0,4.0,5.0,4.0,3.5558684673197543
2.0,4.0,5.0,4.0,5.0,5.0,3.7698106840013392
2.0,4.0,5.0,5.0,1.0,5.0,3.381662779496183
2.0,4.0,5.0,5.0,2.0,3.0,3.077488620086042
2.0,4.0,5.0,5.0,2.0,4.0,3.282080965792179
2.0,4.0,5.0,5.0,3.0,5.0,3.6421457035995637
2.0,4.0,5.0,5.0,4.0,3.0,3.304330301487543
2.0,4.0,5.0,5.0,4.0,4.0,3.542563891818817
2.0,4.0,5.0,5.0,5.0,2.0,3.2047484801887074
2.0,4.0,5.0,5.0,5.0,4.0,3.6475744104327013
2.0,4.0,5.0,5.0,5.0,5.0,3.810589125695506
2.0,5.0,1.0,1.0,1.0,1.0,1.0902454368257863
2.0,5.0,1.0,1.0,1.0,2.0,1.2546455495122193
2.0,5.0,1.0,1.0,1.0,3.0,1.4552683331159582
2.0,5.0,1.0,1.0,2.0,1.0,1.1527318838530014
2.0,5.0,1.0,1.0,2.0,2.0,1.3441091552199858
2.0,5.0,1.0,1.0,2.0,3.0,1.593920113317699
2.0,5.0,1.0,1.0,3.0,1.0,1.2415480113101907
2.0,5.0,1.0,1.0,3.0,3.0,1.6989306374696358
2.0,5.0,1.0,1.0,3.0,4.0,1.9371642106246878
2.0,5.0,1.0,1.0,4.0,1.0,1.407816811756004
2.0,5.0,1.0,1.0,4.0,2.0,1.6161694574316228
2.0,5.0,1.0,1.0,4.0,3.0,1.8071837695331658
2.0,5.0,1.0,1.0,5.0,1.0,1.4914988591831133
2.0,5.0,1.0,1.0,5.0,3.0,1.9425929407041123
2.0,5.0,1.0,2.0,1.0,1.0,1.1845931545924429
2.0,5.0,1.0,2.0,1.0,2.0,1.3970955800246712
2.0,5.0,1.0,2.0,2.0,1.0,1.2660116533359145
2.0,5.0,1.0,2.0,2.0,2.0,1.4554867353995065
2.0,5.0,1.0,2.0,2.0,3.0,1.6930968146212906
2.0,5.0,1.0,2.0,3.0,1.0,1.41827568329827
2.0,5.0,1.0,2.0,3.0,2.0,1.630774807568151
2.0,5.0,1.0,2.0,3.0,3.0,1.8179888144621508
2.0,5.0,1.0,2.0,4.0,1.0,1.4939331933069036
2.0,5.0,1.0,2.0,4.0,2.0,1.7321667861311754
2.0,5.0,1.0,2.0,4.0,3.0,1.9378045176066623
2.0,5.0,1.0,2.0,5.0,1.0,1.6325849559469043
2.0,5.0,1.0,2.0,5.0,2.0,1.8539979391830859
2.0,5.0,1.0,2.0,5.0,3.0,2.0576202118435987
2.0,5.0,1.0,2.0,5.0,5.0,2.501416184354621
2.0,5.0,1.0,3.0,1.0,1.0,1.2414272601623566
2.0,5.0,1.0,3.0,1.0,2.0,1.5075202064310873
2.0,5.0,1.0,3.0,1.0,3.0,1.6974401436316595
2.0,5.0,1.0,3.0,2.0,2.0,1.6173724477779026
2.0,5.0,1.0,3.0,2.0,3.0,1.8122514262863405
2.0,5.0,1.0,3.0,3.0,1.0,1.4884849285053274
2.0,5.0,1.0,3.0,3.0,2.0,1.7593426758882103
2.0,5.0,1.0,3.0,3.0,3.0,1.998459404321829
2.0,5.0,1.0,3.0,3.0,4.0,2.1691588873762297
2.0,5.0,1.0,3.0,4.0,1.0,1.609930513172707
2.0,5.0,1.0,3.0,4.0,2.0,1.848164109297811
2.0,5.0,1.0,3.0,4.0,3.0,2.086397714529422
2.0,5.0,1.0,3.0,4.0,4.0,2.2909900371716407
2.0,5.0,1.0,3.0,5.0,1.0,1.7485823002940033
2.0,5.0,1.0,3.0,5.0,2.0,1.9221501984185987
2.0,5.0,1.0,3.0,5.0,3.0,2.2082288564257317
2.0,5.0,1.0,3.0,5.0,5.0,2.617413532390011
2.0,5.0,1.0,4.0,1.0,1.0,1.347984020098885
2.0,5.0,1.0,4.0,1.0,2.0,1.5699067141781702
2.0,5.0,1.0,4.0,1.0,3.0,1.806514031929721
2.0,5.0,1.0,4.0,1.0,4.0,2.0246732778558467
2.0,5.0,1.0,4.0,2.0,2.0,1.7373197750888283
2.0,5.0,1.0,4.0,3.0,1.0,1.6040966896174347
2.0,5.0,1.0,4.0,3.0,2.0,1.8283951260274949
2.0,5.0,1.0,4.0,3.0,3.0,2.0616668680926766
2.0,5.0,1.0,4.0,3.0,4.0,2.3019768493719734
2.0,5.0,1.0,4.0,4.0,1.0,1.742748470020876
2.0,5.0,1.0,4.0,4.0,2.0,1.9473408194672364
2.0,5.0,1.0,4.0,4.0,3.0,2.2155884499761958
2.0,5.0,1.0,4.0,4.0,4.0,2.383711441226741
2.0,5.0,1.0,4.0,4.0,5.0,2.6284003356686205
2.0,5.0,1.0,4.0,5.0,1.0,1.864579630905154
2.0,5.0,1.0,4.0,5.0,2.0,2.102813224940261
2.0,5.0,1.0,4.0,5.0,3.0,2.2905849277307784
2.0,5.0,1.0,4.0,5.0,4.0,2.511605408311744
2.0,5.0,1.0,4.0,5.0,5.0,2.767052112940525
2.0,5.0,1.0,5.0,1.0,1.0,1.4609234122396277
2.0,5.0,1.0,5.0,1.0,2.0,1.7193844741800803
2.0,5.0,1.0,5.0,1.0,3.0,1.9536772181182467
2.0,5.0,1.0,5.0,1.0,5.0,2.3340239911537095
2.0,5.0,1.0,5.0,2.0,2.0,1.8364964763218423
2.0,5.0,1.0,5.0,3.0,3.0,2.19656121778579
2.0,5.0,1.0,5.0,3.0,4.0,2.42064197943294
2.0,5.0,1.0,5.0,3.0,5.0,2.6057458718552673
2.0,5.0,1.0,5.0,4.0,2.0,2.0788315715508423
2.0,5.0,1.0,5.0,4.0,4.0,2.5639595045176606
2.0,5.0,1.0,5.0,4.0,5.0,2.76121829640127
2.0,5.0,1.0,5.0,5.0,1.0,1.9974394083258664
2.0,5.0,1.0,5.0,5.0,2.0,2.195413491754212
2.0,5.0,1.0,5.0,5.0,3.0,2.423402878873992
2.0,5.0,1.0,5.0,5.0,4.0,2.6616364857072776
2.0,5.0,1.0,5.0,5.0,5.0,2.9386649254870036
2.0,5.0,2.0,1.0,1.0,1.0,1.3319780167010111
2.0,5.0,2.0,1.0,1.0,2.0,1.4972089298928415
2.0,5.0,2.0,1.0,1.0,3.0,1.7186218958672934
2.0,5.0,2.0,1.0,2.0,1.0,1.3883194425252257
2.0,5.0,2.0,1.0,2.0,2.0,1.6252037184963126
2.0,5.0,2.0,1.0,3.0,1.0,1.5319740018589745
2.0,5.0,2.0,1.0,3.0,2.0,1.7609728506194975
2.0,5.0,2.0,1.0,4.0,1.0,1.6412894165474765
2.0,5.0,2.0,1.0,4.0,2.0,1.879523017983356
2.0,5.0,2.0,1.0,4.0,3.0,2.0992659307125505
2.0,5.0,2.0,1.0,4.0,4.0,2.3055283142838263
2.0,5.0,2.0,1.0,4.0,5.0,2.5437618972630625
2.0,5.0,2.0,1.0,5.0,1.0,1.7799411933617835
2.0,5.0,2.0,1.0,5.0,2.0,2.0013093243949
2.0,5.0,2.0,1.0,5.0,4.0,2.4610007031807934
2.0,5.0,2.0,2.0,1.0,1.0,1.395314254978993
2.0,5.0,2.0,2.0,1.0,2.0,1.6590799037216741
2.0,5.0,2.0,2.0,2.0,1.0,1.5472657111266448
2.0,5.0,2.0,2.0,2.0,2.0,1.8750231788394398
2.0,5.0,2.0,2.0,2.0,3.0,1.974554099142574
2.0,5.0,2.0,2.0,3.0,1.0,1.652276235148089
2.0,5.0,2.0,2.0,3.0,2.0,1.8977591979619413
2.0,5.0,2.0,2.0,3.0,3.0,2.065129896187046
2.0,5.0,2.0,2.0,3.0,4.0,2.3333357524830185
2.0,5.0,2.0,2.0,3.0,5.0,2.5379280846491232
2.0,5.0,2.0,2.0,4.0,1.0,1.7741073718994484
2.0,5.0,2.0,2.0,4.0,2.0,2.010869926161337
2.0,5.0,2.0,2.0,4.0,3.0,2.197044205675088
2.0,5.0,2.0,2.0,5.0,2.0,2.0862207274824414
2.0,5.0,2.0,2.0,5.0,5.0,2.7815904012704697
2.0,5.0,2.0,3.0,1.0,1.0,1.523057928192934
2.0,5.0,2.0,3.0,1.0,2.0,1.7742361517254617
2.0,5.0,2.0,3.0,1.0,3.0,2.0009931048597465
2.0,5.0,2.0,3.0,2.0,1.0,1.668729167137343
2.0,5.0,2.0,3.0,2.0,2.0,1.8750238341805299
2.0,5.0,2.0,3.0,2.0,3.0,2.11515969577142
2.0,5.0,2.0,3.0,3.0,1.0,1.795416256595128
2.0,5.0,2.0,3.0,3.0,2.0,2.0338748596823937
2.0,5.0,2.0,3.0,3.0,3.0,2.2560304508295954
2.0,5.0,2.0,3.0,3.0,4.0,2.4156918262064795
2.0,5.0,2.0,3.0,3.0,5.0,2.670746030898637
2.0,5.0,2.0,3.0,4.0,2.0,2.090146124384275
2.0,5.0,2.0,3.0,4.0,3.0,2.3621973691266795
2.0,5.0,2.0,3.0,4.0,4.0,2.601286384298404
2.0,5.0,2.0,3.0,5.0,2.0,2.2294879476839307
2.0,5.0,2.0,3.0,5.0,3.0,2.464939525135675
2.0,5.0,2.0,3.0,5.0,4.0,2.6867129959674654
2.0,5.0,2.0,4.0,1.0,1.0,1.62780105817028
2.0,5.0,2.0,4.0,1.0,2.0,1.864303453541767
2.0,5.0,2.0,4.0,1.0,3.0,2.087339403314771
2.0,5.0,2.0,4.0,1.0,4.0,2.2880268380028803
2.0,5.0,2.0,4.0,2.0,2.0,1.984376956986125
2.0,5.0,2.0,4.0,2.0,3.0,2.2080835305746183
2.0,5.0,2.0,4.0,3.0,1.0,1.8717627137980668
2.0,5.0,2.0,4.0,3.0,2.0,2.0974818910196005
2.0,5.0,2.0,4.0,3.0,3.0,2.398116073106603
2.0,5.0,2.0,4.0,3.0,4.0,2.561209693331409
2.0,5.0,2.0,4.0,3.0,5.0,2.7867433755421094
2.0,5.0,2.0,4.0,4.0,1.0,2.0225426877832238
2.0,5.0,2.0,4.0,4.0,2.0,2.2689284926501427
2.0,5.0,2.0,4.0,4.0,3.0,2.436384643908632
2.0,5.0,2.0,4.0,4.0,4.0,2.644868428976556
2.0,5.0,2.0,4.0,4.0,5.0,2.9085745201363684
2.0,5.0,2.0,4.0,5.0,2.0,2.37665113055973
2.0,5.0,2.0,4.0,5.0,3.0,2.5795471675968007
2.0,5.0,2.0,4.0,5.0,4.0,2.78614096913898
2.0,5.0,2.0,4.0,5.0,5.0,2.9571368999511187
2.0,5.0,2.0,5.0,1.0,1.0,1.7566059051147898
2.0,5.0,2.0,5.0,1.0,2.0,1.9787328346183015
2.0,5.0,2.0,5.0,1.0,3.0,2.1898495170455186
2.0,5.0,2.0,5.0,1.0,4.0,2.4208447927576002
2.0,5.0,2.0,5.0,1.0,5.0,2.6114031545052323
2.0,5.0,2.0,5.0,2.0,2.0,2.080325417619617
2.0,5.0,2.0,5.0,2.0,3.0,2.29453224314147
2.0,5.0,2.0,5.0,2.0,5.0,2.759407029462817
2.0,5.0,2.0,5.0,3.0,1.0,1.983720414750156
2.0,5.0,2.0,5.0,3.0,2.0,2.218013159879796
2.0,5.0,2.0,5.0,3.0,3.0,2.433027929118552
2.0,5.0,2.0,5.0,3.0,4.0,2.6813277342003055
2.0,5.0,2.0,5.0,3.0,5.0,2.8712640767905944
2.0,5.0,2.0,5.0,4.0,2.0,2.3378288612892306
2.0,5.0,2.0,5.0,4.0,3.0,2.611630328600475
2.0,5.0,2.0,5.0,4.0,4.0,2.7733294736235474
2.0,5.0,2.0,5.0,4.0,5.0,2.9914993547550965
2.0,5.0,2.0,5.0,5.0,2.0,2.413722592553618
2.0,5.0,2.0,5.0,5.0,3.0,2.640281180968342
2.0,5.0,2.0,5.0,5.0,4.0,2.871425338125749
2.0,5.0,2.0,5.0,5.0,5.0,3.1034643830539186
2.0,5.0,3.0,1.0,1.0,1.0,1.5378752935963795
2.0,5.0,3.0,1.0,1.0,2.0,1.7773831189386606
2.0,5.0,3.0,1.0,2.0,1.0,1.6508321065878215
2.0,5.0,3.0,1.0,2.0,2.0,1.8843390772144066
2.0,5.0,3.0,1.0,2.0,3.0,2.1206272342258483
2.0,5.0,3.0,1.0,3.0,1.0,1.7772321266291764
2.0,5.0,3.0,1.0,3.0,2.0,2.035478951051583
2.0,5.0,3.0,1.0,3.0,3.0,2.234567207144034
2.0,5.0,3.0,1.0,4.0,2.0,2.1628236340461133
2.0,5.0,3.0,1.0,4.0,3.0,2.341324090613989
2.0,5.0,3.0,1.0,5.0,2.0,2.2603286162555505
2.0,5.0,3.0,1.0,5.0,3.0,2.486120682372776
2.0,5.0,3.0,1.0,5.0,4.0,2.724354287041153
2.0,5.0,3.0,1.0,5.0,5.0,2.9289466119672594
2.0,5.0,3.0,2.0,1.0,1.0,1.6551468500260962
2.0,5.0,3.0,2.0,1.0,2.0,1.8968504036778282
2.0,5.0,3.0,2.0,1.0,3.0,2.17906419060934
2.0,5.0,3.0,2.0,2.0,1.0,1.7937986256610823
2.0,5.0,3.0,2.0,2.0,2.0,2.044374045498402
2.0,5.0,3.0,2.0,3.0,1.0,1.9156297775388074
2.0,5.0,3.0,2.0,3.0,2.0,2.1538580662485987
2.0,5.0,3.0,2.0,3.0,3.0,2.355151495398552
2.0,5.0,3.0,2.0,3.0,4.0,2.5966893157348276
2.0,5.0,3.0,2.0,4.0,2.0,2.275694534257564
2.0,5.0,3.0,2.0,4.0,3.0,2.489573292636603
2.0,5.0,3.0,2.0,4.0,4.0,2.718520455758244
2.0,5.0,3.0,2.0,4.0,5.0,2.9078421388182156
2.0,5.0,3.0,2.0,5.0,1.0,2.142471515077834
2.0,5.0,3.0,2.0,5.0,3.0,2.6086996644642477
2.0,5.0,3.0,2.0,5.0,4.0,2.823530977413432
2.0,5.0,3.0,2.0,5.0,5.0,3.044943937593764
2.0,5.0,3.0,3.0,1.0,1.0,1.8080145667335816
2.0,5.0,3.0,3.0,1.0,2.0,1.9929139802572213
2.0,5.0,3.0,3.0,1.0,3.0,2.247611375210602
2.0,5.0,3.0,3.0,1.0,4.0,2.4522037027641352
2.0,5.0,3.0,3.0,2.0,2.0,2.1432112680677506
2.0,5.0,3.0,3.0,2.0,3.0,2.411116807180256
2.0,5.0,3.0,3.0,3.0,1.0,2.0145610871241324
2.0,5.0,3.0,3.0,3.0,2.0,2.247255312067976
2.0,5.0,3.0,3.0,3.0,3.0,2.5807478267085284
2.0,5.0,3.0,3.0,3.0,4.0,2.7237454550361155
2.0,5.0,3.0,3.0,4.0,2.0,2.404900189192431
2.0,5.0,3.0,3.0,4.0,3.0,2.6421298476065145
2.0,5.0,3.0,3.0,4.0,4.0,2.824491565598546
2.0,5.0,3.0,3.0,5.0,2.0,2.505027663056629
2.0,5.0,3.0,3.0,5.0,3.0,2.7201240219792435
2.0,5.0,3.0,3.0,5.0,4.0,2.9603488320138984
2.0,5.0,3.0,3.0,5.0,5.0,3.1882491452339092
2.0,5.0,3.0,4.0,1.0,1.0,1.9544240363583485
2.0,5.0,3.0,4.0,1.0,2.0,2.125375104093618
2.0,5.0,3.0,4.0,1.0,3.0,2.3509148562875675
2.0,5.0,3.0,4.0,1.0,4.0,2.6148006211443477
2.0,5.0,3.0,4.0,1.0,5.0,2.772793350947324
2.0,5.0,3.0,4.0,2.0,1.0,2.0253661400753136
2.0,5.0,3.0,4.0,2.0,2.0,2.243116439888613
2.0,5.0,3.0,4.0,2.0,3.0,2.5092653050020646
2.0,5.0,3.0,4.0,2.0,4.0,2.711701929183726
2.0,5.0,3.0,4.0,3.0,1.0,2.1644450679944676
2.0,5.0,3.0,4.0,3.0,2.0,2.3629321403222896
2.0,5.0,3.0,4.0,3.0,3.0,2.6639324320879125
2.0,5.0,3.0,4.0,3.0,4.0,2.867746793284478
2.0,5.0,3.0,4.0,3.0,5.0,3.049267930800045
2.0,5.0,3.0,4.0,4.0,2.0,2.474891442151455
2.0,5.0,3.0,4.0,4.0,3.0,2.7920534514124378
2.0,5.0,3.0,4.0,4.0,4.0,3.011954376832086
2.0,5.0,3.0,4.0,4.0,5.0,3.1525412004993094
2.0,5.0,3.0,4.0,5.0,2.0,2.61269970936082
2.0,5.0,3.0,4.0,5.0,3.0,2.8435955079162767
2.0,5.0,3.0,4.0,5.0,4.0,3.0693323268557506
2.0,5.0,3.0,4.0,5.0,5.0,3.238912502257605
2.0,5.0,3.0,5.0,1.0,1.0,1.986762233609758
2.0,5.0,3.0,5.0,1.0,2.0,2.241372431919939
2.0,5.0,3.0,5.0,1.0,3.0,2.4802689843150496
2.0,5.0,3.0,5.0,1.0,4.0,2.661929259747962
2.0,5.0,3.0,5.0,1.0,5.0,2.874087517297615
2.0,5.0,3.0,5.0,2.0,1.0,2.139444438019387
2.0,5.0,3.0,5.0,2.0,2.0,2.380024216238142
2.0,5.0,3.0,5.0,2.0,3.0,2.616839383814416
2.0,5.0,3.0,5.0,2.0,4.0,2.8123416652955107
2.0,5.0,3.0,5.0,2.0,5.0,3.0435305395765115
2.0,5.0,3.0,5.0,3.0,2.0,2.4850347324905715
2.0,5.0,3.0,5.0,3.0,3.0,2.6722829216722044
2.0,5.0,3.0,5.0,3.0,4.0,2.931324622834073
2.0,5.0,3.0,5.0,3.0,5.0,3.124101109893618
2.0,5.0,3.0,5.0,4.0,2.0,2.6133685853206536
2.0,5.0,3.0,5.0,4.0,3.0,2.847661333472051
2.0,5.0,3.0,5.0,4.0,4.0,3.071329631745631
2.0,5.0,3.0,5.0,4.0,5.0,3.2389095692466365
2.0,5.0,3.0,5.0,5.0,1.0,2.5154339766003506
2.0,5.0,3.0,5.0,5.0,2.0,2.709702492379608
2.0,5.0,3.0,5.0,5.0,3.0,2.9123809509604244
2.0,5.0,3.0,5.0,5.0,4.0,3.138402036698447
2.0,5.0,3.0,5.0,5.0,5.0,3.2389128196071417
2.0,5.0,4.0,1.0,1.0,2.0,2.057557276944366
2.0,5.0,4.0,1.0,2.0,1.0,1.9090436135688023
2.0,5.0,4.0,1.0,3.0,3.0,2.4889913097716843
2.0,5.0,4.0,1.0,4.0,3.0,2.64446372124845
2.0,5.0,4.0,1.0,5.0,3.0,2.7494742396452554
2.0,5.0,4.0,2.0,2.0,2.0,2.323584423663332
2.0,5.0,4.0,2.0,3.0,2.0,2.400396310424247
2.0,5.0,4.0,2.0,3.0,3.0,2.5885528532290074
2.0,5.0,4.0,2.0,4.0,2.0,2.50540681605847
2.0,5.0,4.0,2.0,4.0,3.0,2.7519841203486064
2.0,5.0,4.0,2.0,4.0,5.0,3.2032869813206206
2.0,5.0,4.0,2.0,5.0,1.0,2.4058249946136696
2.0,5.0,4.0,2.0,5.0,3.0,2.865471579335387
2.0,5.0,4.0,2.0,5.0,5.0,3.303197567525829
2.0,5.0,4.0,3.0,2.0,1.0,2.1563289093089155
2.0,5.0,4.0,3.0,2.0,3.0,2.605785721025081
2.0,5.0,4.0,3.0,3.0,2.0,2.5332142577337438
2.0,5.0,4.0,3.0,3.0,3.0,2.758147268950705
2.0,5.0,4.0,3.0,3.0,4.0,2.976040196124483
2.0,5.0,4.0,3.0,4.0,3.0,2.8984056604895136
2.0,5.0,4.0,3.0,4.0,4.0,3.119456652004169
2.0,5.0,4.0,3.0,4.0,5.0,3.330545055575596
2.0,5.0,4.0,3.0,5.0,4.0,3.2288250879076354
2.0,5.0,4.0,3.0,5.0,5.0,3.466903194205984
2.0,5.0,4.0,4.0,1.0,1.0,2.1673156877272044
2.0,5.0,4.0,4.0,1.0,2.0,2.371908041158931
2.0,5.0,4.0,4.0,1.0,4.0,2.817798628601399
2.0,5.0,4.0,4.0,2.0,3.0,2.7569691510238616
2.0,5.0,4.0,4.0,2.0,4.0,2.9872416547240976
2.0,5.0,4.0,4.0,3.0,3.0,2.8448137056135168
2.0,5.0,4.0,4.0,3.0,4.0,3.0716032325786653
2.0,5.0,4.0,4.0,4.0,1.0,2.5159885062543683
2.0,5.0,4.0,4.0,4.0,2.0,2.754222104257977
2.0,5.0,4.0,4.0,4.0,3.0,3.0082982033792227
2.0,5.0,4.0,4.0,4.0,4.0,3.2379352251269964
2.0,5.0,4.0,4.0,4.0,5.0,3.4303839257429227
2.0,5.0,4.0,4.0,5.0,2.0,2.8928738937512297
2.0,5.0,4.0,4.0,5.0,3.0,3.1123960095318703
2.0,5.0,4.0,4.0,5.0,4.0,3.3254488275697303
2.0,5.0,4.0,4.0,5.0,5.0,3.5604391977485936
2.0,5.0,4.0,5.0,1.0,4.0,2.93187694033496
2.0,5.0,4.0,5.0,2.0,3.0,2.847970095665729
2.0,5.0,4.0,5.0,2.0,4.0,3.0682350813789285
2.0,5.0,4.0,5.0,2.0,5.0,3.313877814260278
2.0,5.0,4.0,5.0,3.0,4.0,3.182027858231738
2.0,5.0,4.0,5.0,3.0,5.0,3.424830090687271
2.0,5.0,4.0,5.0,4.0,3.0,3.104922600552615
2.0,5.0,4.0,5.0,4.0,4.0,3.3197898511300394
2.0,5.0,4.0,5.0,4.0,5.0,3.551278965822896
2.0,5.0,4.0,5.0,5.0,2.0,3.008871224932826
2.0,5.0,4.0,5.0,5.0,3.0,3.2302841926684858
2.0,5.0,4.0,5.0,5.0,4.0,3.407369587866252
2.0,5.0,4.0,5.0,5.0,5.0,3.6771109457634106
2.0,5.0,5.0,1.0,2.0,1.0,2.221329047250392
2.0,5.0,5.0,1.0,3.0,1.0,2.326339569515522
2.0,5.0,5.0,1.0,3.0,2.0,2.5477525335539837
2.0,5.0,5.0,1.0,4.0,3.0,2.8909966417259003
2.0,5.0,5.0,2.0,1.0,1.0,2.1986745784240025
2.0,5.0,5.0,2.0,2.0,2.0,2.5419187075630294
2.0,5.0,5.0,2.0,3.0,2.0,2.6637498475264225
2.0,5.0,5.0,2.0,3.0,3.0,2.8705203960136783
2.0,5.0,5.0,2.0,4.0,3.0,3.0069939773584853
2.0,5.0,5.0,2.0,4.0,4.0,3.2452275730820923
2.0,5.0,5.0,2.0,5.0,1.0,2.685999179667925
2.0,5.0,5.0,2.0,5.0,5.0,3.5530464048390447
2.0,5.0,5.0,3.0,3.0,3.0,3.001160150454027
2.0,5.0,5.0,3.0,3.0,4.0,3.239393755015034
2.0,5.0,5.0,3.0,3.0,5.0,3.4776273528427546
2.0,5.0,5.0,3.0,5.0,2.0,3.0065888782757413
2.0,5.0,5.0,3.0,5.0,3.0,3.3182208551013277
2.0,5.0,5.0,3.0,5.0,5.0,3.6928156009729216
2.0,5.0,5.0,4.0,1.0,5.0,3.299500479219736
2.0,5.0,5.0,4.0,3.0,3.0,3.1171574768894947
2.0,5.0,5.0,4.0,3.0,4.0,3.3600978836937956
2.0,5.0,5.0,4.0,4.0,3.0,3.2558092663760605
2.0,5.0,5.0,4.0,4.0,4.0,3.4779637412751505
2.0,5.0,5.0,4.0,4.0,5.0,3.7154558274007594
2.0,5.0,5.0,4.0,5.0,3.0,3.4375630594728115
2.0,5.0,5.0,4.0,5.0,4.0,3.6183142207040038
2.0,5.0,5.0,4.0,5.0,5.0,3.8105852652243812
2.0,5.0,5.0,5.0,1.0,2.0,2.7680795477857787
2.0,5.0,5.0,5.0,1.0,3.0,3.022751241038365
2.0,5.0,5.0,5.0,1.0,4.0,3.227726103209433
2.0,5.0,5.0,5.0,1.0,5.0,3.40862452620105
2.0,5.0,5.0,5.0,2.0,3.0,3.1281442951673486
2.0,5.0,5.0,5.0,2.0,5.0,3.5523873094477314
2.0,5.0,5.0,5.0,3.0,4.0,3.4882090308449363
2.0,5.0,5.0,5.0,3.0,5.0,3.72551595982516
2.0,5.0,5.0,5.0,4.0,3.0,3.359705371846821
2.0,5.0,5.0,5.0,4.0,4.0,3.5807349728428295
2.0,5.0,5.0,5.0,4.0,5.0,3.7255164339802915
2.0,5.0,5.0,5.0,5.0,2.0,3.2890454069906894
2.0,5.0,5.0,5.0,5.0,3.0,3.5350989314706656
2.0,5.0,5.0,5.0,5.0,4.0,3.7287388465448306
2.0,5.0,5.0,5.0,5.0,5.0,3.8105874704849203
3.0,1.0,1.0,1.0,1.0,1.0,1.1121103095298044
3.0,1.0,1.0,1.0,1.0,2.0,1.3365603318755088
3.0,1.0,1.0,1.0,2.0,1.0,1.1990365527224887
3.0,1.0,1.0,1.0,2.0,2.0,1.448949498701603
3.0,1.0,1.0,1.0,2.0,4.0,1.940519587541423
3.0,1.0,1.0,1.0,3.0,1.0,1.3260774669671627
3.0,1.0,1.0,1.0,3.0,2.0,1.5830886280304293
3.0,1.0,1.0,1.0,3.0,3.0,1.7773995668978486
3.0,1.0,1.0,1.0,4.0,1.0,1.4617146492618889
3.0,1.0,1.0,1.0,4.0,3.0,1.9123070564326539
3.0,1.0,1.0,1.0,4.0,4.0,2.133720034633792
3.0,1.0,1.0,1.0,5.0,1.0,1.591312282755953
3.0,1.0,1.0,2.0,1.0,1.0,1.2459055893501605
3.0,1.0,1.0,2.0,1.0,2.0,1.4498367081609294
3.0,1.0,1.0,2.0,1.0,3.0,1.668388912044574
3.0,1.0,1.0,2.0,2.0,1.0,1.3517883937220716
3.0,1.0,1.0,2.0,2.0,2.0,1.5704543119453669
3.0,1.0,1.0,2.0,2.0,3.0,1.8014627292973928
3.0,1.0,1.0,2.0,3.0,1.0,1.4973768124345972
3.0,1.0,1.0,2.0,3.0,2.0,1.700189359051245
3.0,1.0,1.0,2.0,3.0,3.0,1.893243912785018
3.0,1.0,1.0,3.0,1.0,1.0,1.283522727553691
3.0,1.0,1.0,3.0,1.0,2.0,1.6155894574581071
3.0,1.0,1.0,3.0,1.0,3.0,1.7532493044251645
3.0,1.0,1.0,3.0,1.0,4.0,2.0002212327568585
3.0,1.0,1.0,3.0,2.0,1.0,1.5235139395004338
3.0,1.0,1.0,3.0,2.0,2.0,1.6994481807655348
3.0,1.0,1.0,3.0,2.0,3.0,1.9188253610029826
3.0,1.0,1.0,3.0,3.0,1.0,1.5770519967007115
3.0,1.0,1.0,3.0,3.0,2.0,1.817878249617535
3.0,1.0,1.0,3.0,3.0,3.0,2.065249177805305
3.0,1.0,1.0,3.0,4.0,1.0,1.7351170635669075
3.0,1.0,1.0,3.0,4.0,2.0,1.9397093799280118
3.0,1.0,1.0,3.0,4.0,4.0,2.3825353236871503
3.0,1.0,1.0,3.0,5.0,1.0,1.8096869654257128
3.0,1.0,1.0,3.0,5.0,3.0,2.266132883739183
3.0,1.0,1.0,3.0,5.0,4.0,2.5211870917906296
3.0,1.0,1.0,4.0,1.0,1.0,1.453542013115187
3.0,1.0,1.0,4.0,1.0,2.0,1.6733926339874776
3.0,1.0,1.0,4.0,1.0,3.0,1.8819556677870217
3.0,1.0,1.0,4.0,2.0,1.0,1.5738108188043756
3.0,1.0,1.0,4.0,2.0,2.0,1.8120444101666187
3.0,1.0,1.0,4.0,2.0,3.0,2.016636751215118
3.0,1.0,1.0,4.0,3.0,1.0,1.7006763199763137
3.0,1.0,1.0,4.0,3.0,3.0,2.1692618054669914
3.0,1.0,1.0,4.0,3.0,4.0,2.3767015018718807
3.0,1.0,1.0,4.0,3.0,5.0,2.614935113330759
3.0,1.0,1.0,4.0,4.0,3.0,2.2771196871392996
3.0,1.0,1.0,4.0,4.0,4.0,2.490285370721794
3.0,1.0,1.0,4.0,4.0,5.0,2.7367662453618005
3.0,1.0,1.0,4.0,5.0,3.0,2.3821302108097733
3.0,1.0,1.0,5.0,1.0,2.0,1.8062105837913183
3.0,1.0,1.0,5.0,1.0,3.0,1.994081395660931
3.0,1.0,1.0,5.0,1.0,5.0,2.453628843576178
3.0,1.0,1.0,5.0,2.0,3.0,2.1662753442908937
3.0,1.0,1.0,5.0,3.0,2.0,2.032504926921245
3.0,1.0,1.0,5.0,5.0,1.0,2.0721222306619693
3.0,1.0,1.0,5.0,5.0,2.0,2.276714563731644
3.0,1.0,1.0,5.0,5.0,5.0,2.941929680045869
3.0,1.0,2.0,1.0,1.0,1.0,1.3383783808371732
3.0,1.0,2.0,1.0,1.0,2.0,1.5955575872625736
3.0,1.0,2.0,1.0,1.0,3.0,1.813307889874719
3.0,1.0,2.0,1.0,2.0,1.0,1.50928241788919
3.0,1.0,2.0,1.0,2.0,2.0,1.7244895101377529
3.0,1.0,2.0,1.0,3.0,1.0,1.588246751878455
3.0,1.0,2.0,1.0,3.0,3.0,2.070650106775442
3.0,1.0,2.0,1.0,4.0,2.0,1.9542476557054511
3.0,1.0,2.0,2.0,1.0,1.0,1.4601207367805824
3.0,1.0,2.0,2.0,1.0,2.0,1.7047515391259402
3.0,1.0,2.0,2.0,1.0,3.0,1.9261644933788369
3.0,1.0,2.0,2.0,2.0,1.0,1.6081246132320028
3.0,1.0,2.0,2.0,2.0,2.0,1.837516317267775
3.0,1.0,2.0,2.0,2.0,3.0,2.0648162905320095
3.0,1.0,2.0,2.0,2.0,4.0,2.303049871072986
3.0,1.0,2.0,2.0,3.0,1.0,1.7315169919547493
3.0,1.0,2.0,2.0,3.0,2.0,1.9188671876285277
3.0,1.0,2.0,2.0,3.0,3.0,2.2034680683477754
3.0,1.0,2.0,2.0,4.0,2.0,2.0856254311098223
3.0,1.0,2.0,3.0,1.0,1.0,1.5894214577292067
3.0,1.0,2.0,3.0,1.0,2.0,1.8321619435742944
3.0,1.0,2.0,3.0,1.0,3.0,2.0245167072344423
3.0,1.0,2.0,3.0,2.0,1.0,1.737987688394842
3.0,1.0,2.0,3.0,2.0,2.0,1.9304401516011307
3.0,1.0,2.0,3.0,2.0,3.0,2.1851760985725734
3.0,1.0,2.0,3.0,3.0,1.0,1.8455952951341648
3.0,1.0,2.0,3.0,3.0,2.0,2.078588144117022
3.0,1.0,2.0,3.0,3.0,3.0,2.285813468762184
3.0,1.0,2.0,3.0,4.0,3.0,2.4174540487502396
3.0,1.0,2.0,3.0,4.0,4.0,2.6627095054116054
3.0,1.0,2.0,4.0,1.0,2.0,1.9535668268620305
3.0,1.0,2.0,4.0,1.0,3.0,2.1720852510287885
3.0,1.0,2.0,4.0,1.0,4.0,2.3795721060234265
3.0,1.0,2.0,4.0,2.0,2.0,2.0906930904155825
3.0,1.0,2.0,4.0,2.0,3.0,2.2799903120786134
3.0,1.0,2.0,4.0,3.0,2.0,2.210508787550912
3.0,1.0,2.0,4.0,3.0,3.0,2.4327118947619932
3.0,1.0,2.0,4.0,3.0,4.0,2.6029502574483887
3.0,1.0,2.0,4.0,4.0,2.0,2.3190602729205843
3.0,1.0,2.0,4.0,4.0,3.0,2.5646172296839245
3.0,1.0,2.0,4.0,4.0,4.0,2.6920423986916533
3.0,1.0,2.0,4.0,5.0,5.0,3.121950959242366
3.0,1.0,2.0,5.0,1.0,3.0,2.2909771046218244
3.0,1.0,2.0,5.0,2.0,2.0,2.2047713962500786
3.0,1.0,2.0,5.0,2.0,4.0,2.6342212484482763
3.0,1.0,2.0,5.0,3.0,2.0,2.313226455706024
3.0,1.0,2.0,5.0,4.0,4.0,2.8964458441100094
3.0,1.0,2.0,5.0,5.0,1.0,2.3186551447284285
3.0,1.0,3.0,1.0,1.0,1.0,1.5817694774432975
3.0,1.0,3.0,1.0,1.0,2.0,1.8521077643391595
3.0,1.0,3.0,1.0,1.0,3.0,2.10716198956359
3.0,1.0,3.0,1.0,2.0,1.0,1.7525259514489895
3.0,1.0,3.0,1.0,2.0,2.0,1.975192749746132
3.0,1.0,3.0,1.0,3.0,1.0,1.8911777292732574
3.0,1.0,3.0,1.0,3.0,2.0,2.112590700639701
3.0,1.0,3.0,1.0,3.0,3.0,2.3340036594864486
3.0,1.0,3.0,2.0,1.0,2.0,1.9686331799978618
3.0,1.0,3.0,2.0,1.0,3.0,2.223159321370015
3.0,1.0,3.0,2.0,2.0,2.0,2.066415944070827
3.0,1.0,3.0,2.0,2.0,3.0,2.3281698354551947
3.0,1.0,3.0,2.0,3.0,1.0,2.007175062003055
3.0,1.0,3.0,2.0,3.0,2.0,2.2248070173062118
3.0,1.0,3.0,2.0,3.0,3.0,2.4590997648915836
3.0,1.0,3.0,2.0,4.0,3.0,2.5718321439290115
3.0,1.0,3.0,2.0,5.0,3.0,2.710483914679877
3.0,1.0,3.0,3.0,1.0,1.0,1.8649611812846354
3.0,1.0,3.0,3.0,1.0,2.0,2.110322933299897
3.0,1.0,3.0,3.0,1.0,3.0,2.2955727550999296
3.0,1.0,3.0,3.0,1.0,5.0,2.7819826020156113
3.0,1.0,3.0,3.0,2.0,1.0,2.001341234041938
3.0,1.0,3.0,3.0,2.0,3.0,2.4273465382914416
3.0,1.0,3.0,3.0,3.0,1.0,2.123172389058307
3.0,1.0,3.0,3.0,3.0,3.0,2.6418168546151386
3.0,1.0,3.0,3.0,4.0,2.0,2.4832371350404143
3.0,1.0,3.0,3.0,4.0,3.0,2.6929937656407668
3.0,1.0,3.0,3.0,5.0,4.0,3.04789424373829
3.0,1.0,3.0,4.0,1.0,1.0,1.9955074179596348
3.0,1.0,3.0,4.0,1.0,3.0,2.449303103407332
3.0,1.0,3.0,4.0,1.0,4.0,2.659746305139163
3.0,1.0,3.0,4.0,2.0,2.0,2.355572165015968
3.0,1.0,3.0,4.0,2.0,3.0,2.5563729281522267
3.0,1.0,3.0,4.0,3.0,2.0,2.443762049614659
3.0,1.0,3.0,4.0,3.0,3.0,2.692346026229474
3.0,1.0,3.0,4.0,3.0,4.0,2.92022924592082
3.0,1.0,3.0,4.0,3.0,5.0,3.1416422135742406
3.0,1.0,3.0,4.0,4.0,4.0,3.025239770590688
3.0,1.0,3.0,5.0,1.0,4.0,2.7794535897039974
3.0,1.0,3.0,5.0,1.0,5.0,2.9971565932254904
3.0,1.0,3.0,5.0,2.0,4.0,2.8992692892811416
3.0,1.0,3.0,5.0,3.0,2.0,2.576580006567608
3.0,1.0,3.0,5.0,3.0,3.0,2.8316342370039367
3.0,1.0,3.0,5.0,3.0,4.0,3.036226577732239
3.0,1.0,3.0,5.0,4.0,4.0,3.1554431346304916
3.0,1.0,3.0,5.0,5.0,3.0,3.041655278508171
3.0,1.0,3.0,5.0,5.0,4.0,3.2967095072953634
3.0,1.0,4.0,1.0,1.0,1.0,1.894048348963192
3.0,1.0,4.0,2.0,2.0,2.0,2.3701104236293227
3.0,1.0,4.0,3.0,1.0,4.0,2.807102535295153
3.0,1.0,4.0,3.0,4.0,4.0,3.172596003487115
3.0,1.0,4.0,4.0,1.0,3.0,2.684866256428496
3.0,1.0,4.0,4.0,2.0,2.0,2.6021050864195945
3.0,1.0,4.0,4.0,2.0,3.0,2.823518042221004
3.0,1.0,4.0,4.0,3.0,3.0,2.946253665975174
3.0,1.0,4.0,4.0,3.0,4.0,3.180546412004987
3.0,1.0,4.0,5.0,3.0,3.0,3.0949877983096687
3.0,1.0,4.0,5.0,3.0,5.0,3.520993095244165
3.0,1.0,4.0,5.0,5.0,4.0,3.5264217981680543
3.0,1.0,5.0,3.0,2.0,3.0,2.9708742752820503
3.0,1.0,5.0,4.0,5.0,5.0,3.9456528504615465
3.0,1.0,5.0,5.0,1.0,5.0,3.5151984590971046
3.0,2.0,1.0,1.0,1.0,1.0,1.1216041933739869
3.0,2.0,1.0,1.0,1.0,2.0,1.3800903698814957
3.0,2.0,1.0,1.0,2.0,1.0,1.2708618677606773
3.0,2.0,1.0,1.0,2.0,2.0,1.5142295016277212
3.0,2.0,1.0,1.0,2.0,3.0,1.7193004254728297
3.0,2.0,1.0,1.0,3.0,1.0,1.3829211855906418
3.0,2.0,1.0,1.0,3.0,2.0,1.6365392558773353
3.0,2.0,1.0,1.0,3.0,3.0,1.8408491795514956
3.0,2.0,1.0,1.0,4.0,1.0,1.5201368068309324
3.0,2.0,1.0,1.0,5.0,3.0,2.101614504842734
3.0,2.0,1.0,2.0,1.0,1.0,1.2496443560411064
3.0,2.0,1.0,2.0,1.0,2.0,1.5004561821676137
3.0,2.0,1.0,2.0,1.0,3.0,1.7134666023510063
3.0,2.0,1.0,2.0,2.0,1.0,1.3607474549075378
3.0,2.0,1.0,2.0,2.0,2.0,1.6395094055833224
3.0,2.0,1.0,2.0,2.0,3.0,1.8521183878447542
3.0,2.0,1.0,2.0,3.0,1.0,1.531123623188722
3.0,2.0,1.0,2.0,3.0,2.0,1.759942768943629
3.0,2.0,1.0,2.0,3.0,3.0,1.9739495470521944
3.0,2.0,1.0,2.0,4.0,2.0,1.874367726088604
3.0,2.0,1.0,3.0,1.0,1.0,1.4031895237993035
3.0,2.0,1.0,3.0,1.0,2.0,1.6186260149219585
3.0,2.0,1.0,3.0,1.0,3.0,1.8512872130772735
3.0,2.0,1.0,3.0,2.0,1.0,1.552025118214836
3.0,2.0,1.0,3.0,2.0,2.0,1.722399694309713
3.0,2.0,1.0,3.0,2.0,3.0,1.9521004963405755
3.0,2.0,1.0,3.0,2.0,4.0,2.2063493261942884
3.0,2.0,1.0,3.0,3.0,1.0,1.600020883034654
3.0,2.0,1.0,3.0,3.0,2.0,1.8347481780623114
3.0,2.0,1.0,3.0,3.0,3.0,2.1166733257402552
3.0,2.0,1.0,3.0,4.0,1.0,1.7689520887436623
3.0,2.0,1.0,3.0,4.0,2.0,1.9903650515107936
3.0,2.0,1.0,3.0,4.0,3.0,2.211778021783011
3.0,2.0,1.0,3.0,4.0,4.0,2.4500116137860393
3.0,2.0,1.0,4.0,1.0,3.0,1.9463631009160067
3.0,2.0,1.0,4.0,2.0,1.0,1.6412871188033968
3.0,2.0,1.0,4.0,2.0,3.0,2.0813748061387245
3.0,2.0,1.0,4.0,3.0,1.0,1.7631182623673212
3.0,2.0,1.0,4.0,3.0,3.0,2.174449852334045
3.0,2.0,1.0,4.0,3.0,4.0,2.406826803786275
3.0,2.0,1.0,4.0,4.0,2.0,2.0895417552799764
3.0,2.0,1.0,4.0,4.0,4.0,2.5491883093664844
3.0,2.0,1.0,4.0,5.0,4.0,2.67101946867405
3.0,2.0,1.0,5.0,2.0,3.0,2.2169309992505526
3.0,2.0,1.0,5.0,3.0,3.0,2.321941522492069
3.0,2.0,1.0,5.0,5.0,3.0,2.5824244466822335
3.0,2.0,2.0,1.0,1.0,1.0,1.4177768510266324
3.0,2.0,2.0,1.0,1.0,2.0,1.6674196919030415
3.0,2.0,2.0,1.0,2.0,1.0,1.5092823591041482
3.0,2.0,2.0,1.0,2.0,2.0,1.7605335069309997
3.0,2.0,2.0,1.0,2.0,3.0,1.9829411652038387
3.0,2.0,2.0,1.0,3.0,1.0,1.6315620292077573
3.0,2.0,2.0,1.0,3.0,2.0,1.8935598893519803
3.0,2.0,2.0,1.0,3.0,3.0,2.10108495365006
3.0,2.0,2.0,1.0,4.0,2.0,2.0049033260712514
3.0,2.0,2.0,1.0,4.0,3.0,2.226316275585941
3.0,2.0,2.0,1.0,5.0,3.0,2.348147440319607
3.0,2.0,2.0,2.0,1.0,1.0,1.5078412588921823
3.0,2.0,2.0,2.0,1.0,2.0,1.7625520823660075
3.0,2.0,2.0,2.0,1.0,3.0,1.9937462099514098
3.0,2.0,2.0,2.0,2.0,1.0,1.6932834417365754
3.0,2.0,2.0,2.0,2.0,2.0,1.922598610087179
3.0,2.0,2.0,2.0,2.0,3.0,2.1279873821467414
3.0,2.0,2.0,2.0,3.0,1.0,1.7904879593865017
3.0,2.0,2.0,2.0,3.0,2.0,2.026843235562631
3.0,2.0,2.0,2.0,3.0,3.0,2.2536356089794385
3.0,2.0,2.0,2.0,3.0,4.0,2.4755367001690836
3.0,2.0,2.0,2.0,4.0,2.0,2.116965720967267
3.0,2.0,2.0,2.0,4.0,3.0,2.3697357513723882
3.0,2.0,2.0,2.0,4.0,4.0,2.580547209637351
3.0,2.0,2.0,3.0,1.0,1.0,1.681486569996191
3.0,2.0,2.0,3.0,1.0,2.0,1.8831936728849155
3.0,2.0,2.0,3.0,1.0,3.0,2.1370486513829228
3.0,2.0,2.0,3.0,1.0,4.0,2.3478717146701675
3.0,2.0,2.0,3.0,2.0,1.0,1.7955221899946994
3.0,2.0,2.0,3.0,2.0,2.0,2.035857987506247
3.0,2.0,2.0,3.0,2.0,3.0,2.258949883484752
3.0,2.0,2.0,3.0,3.0,1.0,1.9147749615676637
3.0,2.0,2.0,3.0,3.0,2.0,2.1724752525296425
3.0,2.0,2.0,3.0,3.0,3.0,2.4086380815836086
3.0,2.0,2.0,3.0,3.0,4.0,2.591534027401583
3.0,2.0,2.0,3.0,4.0,2.0,2.2368979801852205
3.0,2.0,2.0,3.0,4.0,3.0,2.4759408310553854
3.0,2.0,2.0,3.0,4.0,4.0,2.7181068042789245
3.0,2.0,2.0,3.0,5.0,4.0,2.835196328167307
3.0,2.0,2.0,4.0,1.0,2.0,2.0041525200082377
3.0,2.0,2.0,4.0,1.0,3.0,2.2429317657398173
3.0,2.0,2.0,4.0,1.0,4.0,2.4638690441182955
3.0,2.0,2.0,4.0,2.0,1.0,1.9227603512708658
3.0,2.0,2.0,4.0,2.0,2.0,2.1219507525702976
3.0,2.0,2.0,4.0,2.0,3.0,2.3628001751491303
3.0,2.0,2.0,4.0,2.0,4.0,2.5857002046858857
3.0,2.0,2.0,4.0,3.0,1.0,2.0264718320930726
3.0,2.0,2.0,4.0,3.0,2.0,2.256089882555414
3.0,2.0,2.0,4.0,3.0,3.0,2.4806381611006554
3.0,2.0,2.0,4.0,3.0,4.0,2.7123694119039623
3.0,2.0,2.0,4.0,4.0,2.0,2.35289530941075
3.0,2.0,2.0,4.0,4.0,3.0,2.6169041186412114
3.0,2.0,2.0,4.0,4.0,4.0,2.7895212118012456
3.0,2.0,2.0,4.0,4.0,5.0,3.0171341943561574
3.0,2.0,2.0,4.0,5.0,2.0,2.491547083604605
3.0,2.0,2.0,4.0,5.0,5.0,3.1726066254070537
3.0,2.0,2.0,5.0,1.0,1.0,1.8819862435331944
3.0,2.0,2.0,5.0,1.0,3.0,2.3359811291827044
3.0,2.0,2.0,5.0,2.0,2.0,2.2420509642071877
3.0,2.0,2.0,5.0,3.0,2.0,2.374404665501282
3.0,2.0,2.0,5.0,3.0,3.0,2.5684744544603695
3.0,2.0,2.0,5.0,3.0,4.0,2.840349313155704
3.0,2.0,2.0,5.0,4.0,2.0,2.5025338894598996
3.0,2.0,2.0,5.0,4.0,4.0,2.9453598327075947
3.0,2.0,2.0,5.0,5.0,1.0,2.386131433322397
3.0,2.0,2.0,5.0,5.0,3.0,2.8317863654223125
3.0,2.0,2.0,5.0,5.0,5.0,3.2931915315634517
3.0,2.0,3.0,1.0,1.0,1.0,1.6139103149368674
3.0,2.0,3.0,1.0,1.0,2.0,1.9027634213560989
3.0,2.0,3.0,1.0,1.0,3.0,2.124176386224079
3.0,2.0,3.0,1.0,2.0,1.0,1.7754785044744605
3.0,2.0,3.0,1.0,2.0,2.0,2.0379991301410656
3.0,2.0,3.0,1.0,2.0,3.0,2.279648805367618
3.0,2.0,3.0,1.0,2.0,4.0,2.5010617883949235
3.0,2.0,3.0,1.0,3.0,1.0,1.9418333940068413
3.0,2.0,3.0,1.0,3.0,3.0,2.33959445681968
3.0,2.0,3.0,2.0,1.0,1.0,1.7992023461937225
3.0,2.0,3.0,2.0,1.0,2.0,2.0349931950924423
3.0,2.0,3.0,2.0,1.0,3.0,2.269285936591345
3.0,2.0,3.0,2.0,2.0,1.0,1.8910369945539578
3.0,2.0,3.0,2.0,2.0,2.0,2.1980481888568244
3.0,2.0,3.0,2.0,2.0,3.0,2.3725591985922008
3.0,2.0,3.0,2.0,3.0,2.0,2.300967414115376
3.0,2.0,3.0,2.0,3.0,3.0,2.500598714864893
3.0,2.0,3.0,2.0,3.0,4.0,2.7414500224343543
3.0,2.0,3.0,2.0,4.0,2.0,2.420568320245394
3.0,2.0,3.0,2.0,4.0,3.0,2.6510484172760513
3.0,2.0,3.0,2.0,4.0,4.0,2.843900767536929
3.0,2.0,3.0,3.0,1.0,1.0,1.9133451191924247
3.0,2.0,3.0,3.0,1.0,2.0,2.1262639541772366
3.0,2.0,3.0,3.0,1.0,3.0,2.3652395624585285
3.0,2.0,3.0,3.0,1.0,4.0,2.611225282732934
3.0,2.0,3.0,3.0,2.0,1.0,2.051996902920771
3.0,2.0,3.0,3.0,2.0,2.0,2.3048054910937483
3.0,2.0,3.0,3.0,2.0,3.0,2.489154973813535
3.0,2.0,3.0,3.0,3.0,2.0,2.3987536630609565
3.0,2.0,3.0,3.0,3.0,3.0,2.7532242434193246
3.0,2.0,3.0,3.0,3.0,4.0,2.8596111234117654
3.0,2.0,3.0,3.0,4.0,2.0,2.5338927993057254
3.0,2.0,3.0,3.0,4.0,3.0,2.7546780189336944
3.0,2.0,3.0,3.0,4.0,4.0,2.9618252379728918
3.0,2.0,3.0,3.0,5.0,3.0,2.8791694800070253
3.0,2.0,3.0,4.0,1.0,1.0,2.04616307954537
3.0,2.0,3.0,4.0,1.0,2.0,2.2843966775945326
3.0,2.0,3.0,4.0,1.0,3.0,2.497602310133758
3.0,2.0,3.0,4.0,1.0,4.0,2.698650418845855
3.0,2.0,3.0,4.0,2.0,2.0,2.425553348931482
3.0,2.0,3.0,4.0,2.0,3.0,2.59767760061089
3.0,2.0,3.0,4.0,3.0,2.0,2.5193236457659296
3.0,2.0,3.0,4.0,3.0,3.0,2.794789518917035
3.0,2.0,3.0,4.0,3.0,4.0,2.9438554532313614
3.0,2.0,3.0,4.0,4.0,2.0,2.639139345208622
3.0,2.0,3.0,4.0,4.0,3.0,2.875435949361911
3.0,2.0,3.0,4.0,4.0,4.0,3.0924350639117746
3.0,2.0,3.0,4.0,5.0,4.0,3.223837847906234
3.0,2.0,3.0,4.0,5.0,5.0,3.4515265207893155
3.0,2.0,3.0,5.0,1.0,2.0,2.4003940073772267
3.0,2.0,3.0,5.0,1.0,5.0,3.0646328905993494
3.0,2.0,3.0,5.0,2.0,1.0,2.2839915579993453
3.0,2.0,3.0,5.0,2.0,3.0,2.7436381227413755
3.0,2.0,3.0,5.0,2.0,5.0,3.186464052292996
3.0,2.0,3.0,5.0,3.0,3.0,2.887944622233045
3.0,2.0,3.0,5.0,3.0,4.0,3.0854450074000517
3.0,2.0,3.0,5.0,3.0,5.0,3.3031953114458417
3.0,2.0,3.0,5.0,4.0,3.0,2.9873004293753787
3.0,2.0,3.0,5.0,4.0,4.0,3.208713390067843
3.0,2.0,3.0,5.0,5.0,3.0,3.10732609799031
3.0,2.0,3.0,5.0,5.0,4.0,3.3416188476041184
3.0,2.0,3.0,5.0,5.0,5.0,3.507882099831522
3.0,2.0,4.0,1.0,4.0,2.0,2.5484310696017825
3.0,2.0,4.0,2.0,2.0,2.0,2.4207660945520826
3.0,2.0,4.0,2.0,3.0,2.0,2.5667067551784237
3.0,2.0,4.0,2.0,4.0,3.0,2.902661993213897
3.0,2.0,4.0,3.0,1.0,1.0,2.1903184687228068
3.0,2.0,4.0,3.0,1.0,3.0,2.6531658665260167
3.0,2.0,4.0,3.0,2.0,1.0,2.315350456263576
3.0,2.0,4.0,3.0,2.0,3.0,2.7787196645044663
3.0,2.0,4.0,3.0,3.0,3.0,2.8757317234023394
3.0,2.0,4.0,3.0,4.0,3.0,3.0180529281136974
3.0,2.0,4.0,3.0,4.0,4.0,3.2400722854930444
3.0,2.0,4.0,3.0,4.0,5.0,3.4446646151542644
3.0,2.0,4.0,4.0,1.0,3.0,2.7766770914349324
3.0,2.0,4.0,4.0,2.0,3.0,2.890994353547111
3.0,2.0,4.0,4.0,3.0,3.0,3.0122105303664237
3.0,2.0,4.0,4.0,3.0,4.0,3.246906419740138
3.0,2.0,4.0,4.0,4.0,3.0,3.1140013881631927
3.0,2.0,4.0,4.0,4.0,4.0,3.3229531037986524
3.0,2.0,4.0,4.0,4.0,5.0,3.560661943257688
3.0,2.0,4.0,4.0,5.0,3.0,3.256487803825385
3.0,2.0,4.0,4.0,5.0,4.0,3.4865378257265345
3.0,2.0,4.0,5.0,2.0,4.0,3.228404635674401
3.0,2.0,4.0,5.0,3.0,3.0,3.1432344268685255
3.0,2.0,4.0,5.0,4.0,3.0,3.2506539783830166
3.0,2.0,4.0,5.0,4.0,4.0,3.472066947172793
3.0,2.0,4.0,5.0,5.0,4.0,3.627539367134371
3.0,2.0,4.0,5.0,5.0,5.0,3.8311413188096513
3.0,2.0,5.0,3.0,1.0,3.0,2.9165194265361793
3.0,2.0,5.0,3.0,2.0,3.0,3.02152994526315
3.0,2.0,5.0,3.0,3.0,2.0,2.9219481242489613
3.0,2.0,5.0,3.0,3.0,3.0,3.1601817278596314
3.0,2.0,5.0,3.0,3.0,4.0,3.3815946926422646
3.0,2.0,5.0,4.0,3.0,3.0,3.304695842048535
3.0,2.0,5.0,4.0,4.0,4.0,3.6194231756712734
3.0,2.0,5.0,4.0,5.0,5.0,3.9794879239252623
3.0,2.0,5.0,5.0,1.0,4.0,3.3699270423363554
3.0,2.0,5.0,5.0,2.0,4.0,3.508578832978176
3.0,2.0,5.0,5.0,3.0,5.0,3.8542747609518426
3.0,2.0,5.0,5.0,4.0,4.0,3.7563401598154877
3.0,2.0,5.0,5.0,5.0,5.0,4.059831953116302
3.0,3.0,1.0,1.0,1.0,1.0,1.1216124910907153
3.0,3.0,1.0,1.0,1.0,2.0,1.4419563244842304
3.0,3.0,1.0,1.0,1.0,3.0,1.6374033064453626
3.0,3.0,1.0,1.0,2.0,1.0,1.2772816706577141
3.0,3.0,1.0,1.0,2.0,2.0,1.5746500065193767
3.0,3.0,1.0,1.0,2.0,3.0,1.7867767175231144
3.0,3.0,1.0,1.0,3.0,1.0,1.39333983356106
3.0,3.0,1.0,1.0,3.0,2.0,1.6482306285781707
3.0,3.0,1.0,1.0,3.0,3.0,1.8408486321047628
3.0,3.0,1.0,1.0,4.0,2.0,1.8121849794351668
3.0,3.0,1.0,1.0,4.0,3.0,2.0304390236896204
3.0,3.0,1.0,1.0,5.0,2.0,1.9154582340058217
3.0,3.0,1.0,2.0,1.0,1.0,1.2972286931494914
3.0,3.0,1.0,2.0,1.0,2.0,1.5143403413720242
3.0,3.0,1.0,2.0,1.0,3.0,1.764122266070357
3.0,3.0,1.0,2.0,2.0,1.0,1.4050211501189735
3.0,3.0,1.0,2.0,2.0,2.0,1.7357506759628702
3.0,3.0,1.0,2.0,2.0,3.0,1.8931423391233104
3.0,3.0,1.0,2.0,2.0,4.0,2.107366390389452
3.0,3.0,1.0,2.0,3.0,1.0,1.5619107566307548
3.0,3.0,1.0,2.0,3.0,2.0,1.8108983298405958
3.0,3.0,1.0,2.0,3.0,3.0,2.062544330114322
3.0,3.0,1.0,2.0,4.0,1.0,1.675428103633754
3.0,3.0,1.0,2.0,4.0,2.0,1.9250233934396757
3.0,3.0,1.0,3.0,1.0,1.0,1.4247825533445333
3.0,3.0,1.0,3.0,1.0,2.0,1.618625450327686
3.0,3.0,1.0,3.0,1.0,3.0,1.8544529989624439
3.0,3.0,1.0,3.0,2.0,1.0,1.552024577965206
3.0,3.0,1.0,3.0,2.0,2.0,1.77567054028086
3.0,3.0,1.0,3.0,2.0,3.0,2.030464400866954
3.0,3.0,1.0,3.0,2.0,4.0,2.257004970926511
3.0,3.0,1.0,3.0,3.0,1.0,1.6180048042390935
3.0,3.0,1.0,3.0,3.0,2.0,1.9345884797184534
3.0,3.0,1.0,3.0,3.0,3.0,2.1166728552269984
3.0,3.0,1.0,3.0,4.0,1.0,1.812259326436412
3.0,3.0,1.0,3.0,4.0,2.0,2.055957962811135
3.0,3.0,1.0,3.0,4.0,3.0,2.2498256709879088
3.0,3.0,1.0,3.0,4.0,4.0,2.5006672850495604
3.0,3.0,1.0,3.0,5.0,2.0,2.179672508157385
3.0,3.0,1.0,4.0,1.0,1.0,1.5484031629323034
3.0,3.0,1.0,4.0,1.0,2.0,1.73424009092836
3.0,3.0,1.0,4.0,1.0,3.0,2.0194762508965938
3.0,3.0,1.0,4.0,2.0,1.0,1.7087634197370938
3.0,3.0,1.0,4.0,2.0,2.0,1.9200753289418555
3.0,3.0,1.0,4.0,2.0,3.0,2.1835266176970256
3.0,3.0,1.0,4.0,2.0,4.0,2.356181670589607
3.0,3.0,1.0,4.0,3.0,1.0,1.7971869965469955
3.0,3.0,1.0,4.0,3.0,2.0,2.034604205976411
3.0,3.0,1.0,4.0,3.0,3.0,2.1936396081244065
3.0,3.0,1.0,4.0,3.0,4.0,2.5031896935650018
3.0,3.0,1.0,4.0,4.0,1.0,1.9356050825225546
3.0,3.0,1.0,4.0,4.0,2.0,2.154419905540354
3.0,3.0,1.0,4.0,4.0,3.0,2.3545721477804578
3.0,3.0,1.0,4.0,4.0,4.0,2.6030525283554073
3.0,3.0,1.0,5.0,1.0,1.0,1.6371350719091509
3.0,3.0,1.0,5.0,1.0,3.0,2.1289348732228266
3.0,3.0,1.0,5.0,1.0,5.0,2.5623020246687975
3.0,3.0,1.0,5.0,2.0,4.0,2.4889996417848645
3.0,3.0,1.0,5.0,3.0,1.0,1.9129506232607238
3.0,3.0,1.0,5.0,3.0,2.0,2.1652249502405403
3.0,3.0,1.0,5.0,3.0,3.0,2.3279225798308194
3.0,3.0,1.0,5.0,3.0,4.0,2.5940101503179775
3.0,3.0,1.0,5.0,3.0,5.0,2.815423116125087
3.0,3.0,1.0,5.0,4.0,1.0,2.0347817682578437
3.0,3.0,1.0,5.0,4.0,2.0,2.2898360027317755
3.0,3.0,1.0,5.0,4.0,3.0,2.5112489783472713
3.0,3.0,1.0,5.0,5.0,1.0,2.1540211653173658
3.0,3.0,1.0,5.0,5.0,3.0,2.6499007252225706
3.0,3.0,2.0,1.0,1.0,1.0,1.4514498548509223
3.0,3.0,2.0,1.0,1.0,2.0,1.6823497836614356
3.0,3.0,2.0,1.0,1.0,3.0,1.9282991246310206
3.0,3.0,2.0,1.0,2.0,1.0,1.5340987799596464
3.0,3.0,2.0,1.0,2.0,2.0,1.818045135899805
3.0,3.0,2.0,1.0,2.0,3.0,2.0156973230991557
3.0,3.0,2.0,1.0,3.0,1.0,1.6591555498752104
3.0,3.0,2.0,1.0,3.0,2.0,1.893559206958995
3.0,3.0,2.0,1.0,3.0,3.0,2.159307076667326
3.0,3.0,2.0,1.0,3.0,5.0,2.631608021002175
3.0,3.0,2.0,1.0,4.0,1.0,1.8446922530985133
3.0,3.0,2.0,1.0,4.0,2.0,2.0546398303389553
3.0,3.0,2.0,1.0,4.0,3.0,2.26795754407607
3.0,3.0,2.0,1.0,4.0,4.0,2.532026175747033
3.0,3.0,2.0,2.0,1.0,1.0,1.59842513342156
3.0,3.0,2.0,2.0,1.0,2.0,1.9015111489833325
3.0,3.0,2.0,2.0,1.0,3.0,2.0092547919001453
3.0,3.0,2.0,2.0,2.0,1.0,1.7085195560604451
3.0,3.0,2.0,2.0,2.0,2.0,2.087135223354535
3.0,3.0,2.0,2.0,2.0,3.0,2.1735033066295335
3.0,3.0,2.0,2.0,3.0,1.0,1.7904878497352017
3.0,3.0,2.0,2.0,3.0,2.0,2.1330462148502796
3.0,3.0,2.0,2.0,3.0,3.0,2.3677583724767537
3.0,3.0,2.0,2.0,3.0,4.0,2.526192352037595
3.0,3.0,2.0,2.0,4.0,1.0,1.9669639849216585
3.0,3.0,2.0,2.0,4.0,2.0,2.180859628237154
3.0,3.0,2.0,2.0,4.0,3.0,2.387502048239256
3.0,3.0,2.0,2.0,4.0,4.0,2.6480235134967467
3.0,3.0,2.0,2.0,4.0,5.0,2.8694364733956843
3.0,3.0,2.0,2.0,5.0,3.0,2.531621056646275
3.0,3.0,2.0,3.0,1.0,1.0,1.6814859818691987
3.0,3.0,2.0,3.0,1.0,2.0,1.9651704109425496
3.0,3.0,2.0,3.0,1.0,3.0,2.2043999132302377
3.0,3.0,2.0,3.0,2.0,1.0,1.8494293233953325
3.0,3.0,2.0,3.0,2.0,2.0,2.137589685955669
3.0,3.0,2.0,3.0,2.0,3.0,2.4227327385626074
3.0,3.0,2.0,3.0,2.0,4.0,2.503422677951287
3.0,3.0,2.0,3.0,3.0,1.0,1.9811244059886288
3.0,3.0,2.0,3.0,3.0,2.0,2.2478395586666666
3.0,3.0,2.0,3.0,3.0,3.0,2.610898632134619
3.0,3.0,2.0,3.0,3.0,4.0,2.6315662353540046
3.0,3.0,2.0,3.0,4.0,2.0,2.2852370187717237
3.0,3.0,2.0,3.0,4.0,3.0,2.638202322782778
3.0,3.0,2.0,3.0,4.0,4.0,2.7856529327998096
3.0,3.0,2.0,3.0,5.0,1.0,2.221613077861552
3.0,3.0,2.0,3.0,5.0,2.0,2.4262054297006332
3.0,3.0,2.0,3.0,5.0,3.0,2.6590866924430796
3.0,3.0,2.0,3.0,5.0,4.0,2.887740073222805
3.0,3.0,2.0,3.0,5.0,5.0,3.0736236890738975
3.0,3.0,2.0,4.0,1.0,1.0,1.8414645139996213
3.0,3.0,2.0,4.0,1.0,2.0,2.0856381759347693
3.0,3.0,2.0,4.0,1.0,3.0,2.28586987005335
3.0,3.0,2.0,4.0,1.0,4.0,2.4808834411146714
3.0,3.0,2.0,4.0,2.0,1.0,1.9721169764859612
3.0,3.0,2.0,4.0,2.0,2.0,2.185400439900635
3.0,3.0,2.0,4.0,2.0,3.0,2.4419154083969463
3.0,3.0,2.0,4.0,2.0,4.0,2.6378115504348507
3.0,3.0,2.0,4.0,3.0,1.0,2.074616514099237
3.0,3.0,2.0,4.0,3.0,2.0,2.3367956272958184
3.0,3.0,2.0,4.0,3.0,3.0,2.6321818261727055
3.0,3.0,2.0,4.0,3.0,4.0,2.7325614867605883
3.0,3.0,2.0,4.0,4.0,1.0,2.1989586380993904
3.0,3.0,2.0,4.0,4.0,2.0,2.436282179210887
3.0,3.0,2.0,4.0,4.0,3.0,2.699931575298268
3.0,3.0,2.0,4.0,4.0,4.0,2.8453404139058254
3.0,3.0,2.0,4.0,4.0,5.0,3.1014311266867693
3.0,3.0,2.0,4.0,5.0,3.0,2.75895741081058
3.0,3.0,2.0,4.0,5.0,4.0,3.034903259363568
3.0,3.0,2.0,4.0,5.0,5.0,3.219568685145771
3.0,3.0,2.0,5.0,1.0,2.0,2.214133185401081
3.0,3.0,2.0,5.0,1.0,3.0,2.4091090739559693
3.0,3.0,2.0,5.0,1.0,4.0,2.596880762268483
3.0,3.0,2.0,5.0,2.0,1.0,2.0712936440992284
3.0,3.0,2.0,5.0,2.0,3.0,2.5136593215418928
3.0,3.0,2.0,5.0,2.0,4.0,2.772992026538131
3.0,3.0,2.0,5.0,2.0,5.0,2.9737661595296956
3.0,3.0,2.0,5.0,3.0,3.0,2.6321821805078303
3.0,3.0,2.0,5.0,3.0,4.0,2.8762652907642314
3.0,3.0,2.0,5.0,3.0,5.0,3.095597298075198
3.0,3.0,2.0,5.0,4.0,1.0,2.29813532070087
3.0,3.0,2.0,5.0,4.0,2.0,2.5363689369122433
3.0,3.0,2.0,5.0,4.0,3.0,2.776570946515564
3.0,3.0,2.0,5.0,4.0,4.0,2.950542476936207
3.0,3.0,2.0,5.0,4.0,5.0,3.1972888540160076
3.0,3.0,2.0,5.0,5.0,1.0,2.419966480113273
3.0,3.0,2.0,5.0,5.0,4.0,3.0977369934888594
3.0,3.0,2.0,5.0,5.0,5.0,3.293191149434566
3.0,3.0,3.0,1.0,1.0,1.0,1.6139101239166782
3.0,3.0,3.0,1.0,1.0,2.0,1.957691788777579
3.0,3.0,3.0,1.0,1.0,3.0,2.174832053839739
3.0,3.0,3.0,1.0,2.0,1.0,1.7754786888147354
3.0,3.0,3.0,1.0,2.0,2.0,2.0379992974008627
3.0,3.0,3.0,1.0,3.0,1.0,1.9675789109169843
3.0,3.0,3.0,1.0,3.0,2.0,2.228025982766297
3.0,3.0,3.0,1.0,3.0,3.0,2.343007463079427
3.0,3.0,3.0,1.0,3.0,4.0,2.662406902018348
3.0,3.0,3.0,1.0,4.0,1.0,2.0780533909204086
3.0,3.0,3.0,1.0,4.0,2.0,2.3356187866952904
3.0,3.0,3.0,1.0,4.0,3.0,2.5366306016866838
3.0,3.0,3.0,1.0,4.0,4.0,2.7617384746130984
3.0,3.0,3.0,1.0,5.0,3.0,2.6789772893207715
3.0,3.0,3.0,1.0,5.0,4.0,2.91721088491562
3.0,3.0,3.0,1.0,5.0,5.0,3.121803217636872
3.0,3.0,3.0,2.0,1.0,1.0,1.7992025150895474
3.0,3.0,3.0,2.0,1.0,2.0,2.150139558481045
3.0,3.0,3.0,2.0,1.0,3.0,2.30256106750266
3.0,3.0,3.0,2.0,2.0,1.0,1.9717371201388905
3.0,3.0,3.0,2.0,2.0,2.0,2.2252123671297426
3.0,3.0,3.0,2.0,2.0,3.0,2.4526728461074807
3.0,3.0,3.0,2.0,2.0,4.0,2.6566695118633166
3.0,3.0,3.0,2.0,3.0,1.0,2.0701273355527894
3.0,3.0,3.0,2.0,3.0,2.0,2.3573319414863927
3.0,3.0,3.0,2.0,3.0,3.0,2.6321690211216366
3.0,3.0,3.0,2.0,3.0,4.0,2.7414502218649037
3.0,3.0,3.0,2.0,4.0,1.0,2.2265075548129327
3.0,3.0,3.0,2.0,4.0,2.0,2.470534521721258
3.0,3.0,3.0,2.0,4.0,3.0,2.712136624659466
3.0,3.0,3.0,2.0,4.0,4.0,2.904224031358319
3.0,3.0,3.0,2.0,5.0,2.0,2.5903822884512193
3.0,3.0,3.0,2.0,5.0,3.0,2.8117952563114996
3.0,3.0,3.0,2.0,5.0,4.0,3.032659053392773
3.0,3.0,3.0,3.0,1.0,1.0,1.9270404214504753
3.0,3.0,3.0,3.0,1.0,2.0,2.1920110677159683
3.0,3.0,3.0,3.0,1.0,3.0,2.4148949780662416
3.0,3.0,3.0,3.0,1.0,4.0,2.66188094398515
3.0,3.0,3.0,3.0,2.0,1.0,2.1119419780317283
3.0,3.0,3.0,3.0,2.0,2.0,2.4417736359151365
3.0,3.0,3.0,3.0,2.0,3.0,2.663050063256339
3.0,3.0,3.0,3.0,2.0,4.0,2.7849768150833634
3.0,3.0,3.0,3.0,3.0,1.0,2.2103321937674663
3.0,3.0,3.0,3.0,3.0,2.0,2.524705064487002
3.0,3.0,3.0,3.0,3.0,3.0,2.9181269394163003
3.0,3.0,3.0,3.0,3.0,4.0,2.9471817938545595
3.0,3.0,3.0,3.0,4.0,1.0,2.3463148714011104
3.0,3.0,3.0,3.0,4.0,2.0,2.6352225245517538
3.0,3.0,3.0,3.0,4.0,3.0,2.9181275638884614
3.0,3.0,3.0,3.0,4.0,4.0,3.0885394117366833
3.0,3.0,3.0,3.0,4.0,5.0,3.2569638144087913
3.0,3.0,3.0,3.0,5.0,2.0,2.7063796199431502
3.0,3.0,3.0,3.0,5.0,3.0,2.918127741320081
3.0,3.0,3.0,3.0,5.0,4.0,3.155560125120694
3.0,3.0,3.0,3.0,5.0,5.0,3.347945224946958
3.0,3.0,3.0,4.0,1.0,1.0,2.05919457267887
3.0,3.0,3.0,4.0,1.0,2.0,2.3668078584001413
3.0,3.0,3.0,4.0,1.0,3.0,2.5383748918977425
3.0,3.0,3.0,4.0,1.0,4.0,2.7779497135521014
3.0,3.0,3.0,4.0,2.0,1.0,2.2186498978915674
3.0,3.0,3.0,4.0,2.0,2.0,2.477490841662612
3.0,3.0,3.0,4.0,2.0,3.0,2.717416727516566
3.0,3.0,3.0,4.0,2.0,4.0,2.9285492291218316
3.0,3.0,3.0,4.0,3.0,1.0,2.35730167548668
3.0,3.0,3.0,4.0,3.0,2.0,2.5779470868967946
3.0,3.0,3.0,4.0,3.0,3.0,2.918125136675153
3.0,3.0,3.0,4.0,3.0,4.0,3.1033800363674175
3.0,3.0,3.0,4.0,3.0,5.0,3.2429535367492495
3.0,3.0,3.0,4.0,4.0,2.0,2.7019928351859437
3.0,3.0,3.0,4.0,4.0,3.0,2.9727294921533627
3.0,3.0,3.0,4.0,4.0,4.0,3.2325179892497644
3.0,3.0,3.0,4.0,4.0,5.0,3.357548666845529
3.0,3.0,3.0,4.0,5.0,2.0,2.8253150588578055
3.0,3.0,3.0,4.0,5.0,3.0,2.9939389710716635
3.0,3.0,3.0,4.0,5.0,4.0,3.276644710101022
3.0,3.0,3.0,4.0,5.0,5.0,3.4515263310428255
3.0,3.0,3.0,5.0,1.0,2.0,2.4534927903729895
3.0,3.0,3.0,5.0,1.0,3.0,2.6668410220878993
3.0,3.0,3.0,5.0,1.0,5.0,3.1152885521494125
3.0,3.0,3.0,5.0,2.0,2.0,2.556060191119163
3.0,3.0,3.0,5.0,2.0,3.0,2.79769656858866
3.0,3.0,3.0,5.0,2.0,4.0,2.998972309296383
3.0,3.0,3.0,5.0,2.0,5.0,3.2166547414863884
3.0,3.0,3.0,5.0,3.0,3.0,2.9713971044696716
3.0,3.0,3.0,5.0,3.0,4.0,3.155486479158331
3.0,3.0,3.0,5.0,3.0,5.0,3.3309948774879268
3.0,3.0,3.0,5.0,4.0,2.0,2.8165431148570215
3.0,3.0,3.0,5.0,4.0,3.0,3.088805738792146
3.0,3.0,3.0,5.0,4.0,4.0,3.2325170393304563
3.0,3.0,3.0,5.0,4.0,5.0,3.4385834254378485
3.0,3.0,3.0,5.0,5.0,3.0,3.157143670846459
3.0,3.0,3.0,5.0,5.0,4.0,3.378456134559893
3.0,3.0,3.0,5.0,5.0,5.0,3.50788168754326
3.0,3.0,4.0,1.0,1.0,1.0,1.9953596678905068
3.0,3.0,4.0,1.0,1.0,3.0,2.4550062354602407
3.0,3.0,4.0,1.0,1.0,4.0,2.659598563433939
3.0,3.0,4.0,1.0,2.0,1.0,2.0987102517001337
3.0,3.0,4.0,1.0,2.0,2.0,2.376404375562221
3.0,3.0,4.0,1.0,3.0,1.0,2.235068388700156
3.0,3.0,4.0,1.0,3.0,2.0,2.4454504064671156
3.0,3.0,4.0,1.0,3.0,3.0,2.6986685436120497
3.0,3.0,4.0,1.0,3.0,4.0,2.920081506784303
3.0,3.0,4.0,1.0,4.0,1.0,2.360853120457547
3.0,3.0,4.0,1.0,4.0,2.0,2.5990867227873826
3.0,3.0,4.0,1.0,4.0,3.0,2.837320330044849
3.0,3.0,4.0,1.0,5.0,3.0,2.9598277264987582
3.0,3.0,4.0,2.0,2.0,1.0,2.2331881526524633
3.0,3.0,4.0,2.0,2.0,2.0,2.4927284859814396
3.0,3.0,4.0,2.0,2.0,3.0,2.7264759898012922
3.0,3.0,4.0,2.0,3.0,2.0,2.5937786271250514
3.0,3.0,4.0,2.0,3.0,3.0,2.8290463390922396
3.0,3.0,4.0,2.0,3.0,4.0,3.0349056188608574
3.0,3.0,4.0,2.0,4.0,2.0,2.7197975875037526
3.0,3.0,4.0,2.0,4.0,3.0,2.9540903323811727
3.0,3.0,4.0,2.0,4.0,4.0,3.1552981987943394
3.0,3.0,4.0,2.0,5.0,3.0,3.0573635955099054
3.0,3.0,4.0,2.0,5.0,5.0,3.517974746214626
3.0,3.0,4.0,3.0,1.0,1.0,2.2273543288684383
3.0,3.0,4.0,3.0,1.0,2.0,2.5072740076169966
3.0,3.0,4.0,3.0,1.0,3.0,2.6539999408103414
3.0,3.0,4.0,3.0,1.0,4.0,2.925234498683765
3.0,3.0,4.0,3.0,2.0,1.0,2.3660061147801703
3.0,3.0,4.0,3.0,2.0,2.0,2.5942444955661146
3.0,3.0,4.0,3.0,2.0,3.0,2.7989555496125713
3.0,3.0,4.0,3.0,3.0,1.0,2.487837269943594
3.0,3.0,4.0,3.0,3.0,2.0,2.723218226778578
3.0,3.0,4.0,3.0,3.0,3.0,3.0093067883433333
3.0,3.0,4.0,3.0,3.0,4.0,3.155795996055424
3.0,3.0,4.0,3.0,3.0,5.0,3.4071303949821496
3.0,3.0,4.0,3.0,4.0,2.0,2.85749169242054
3.0,3.0,4.0,3.0,4.0,3.0,3.0985008687832782
3.0,3.0,4.0,3.0,4.0,4.0,3.3352620597496454
3.0,3.0,4.0,3.0,5.0,3.0,3.210617856215803
3.0,3.0,4.0,4.0,1.0,2.0,2.5984058906315703
3.0,3.0,4.0,4.0,1.0,3.0,2.799658435859709
3.0,3.0,4.0,4.0,1.0,4.0,3.0071133620197386
3.0,3.0,4.0,4.0,2.0,3.0,2.9356555553547556
3.0,3.0,4.0,4.0,2.0,4.0,3.1527845999531317
3.0,3.0,4.0,4.0,2.0,5.0,3.4012965744605417
3.0,3.0,4.0,4.0,3.0,2.0,2.8252475687719794
3.0,3.0,4.0,4.0,3.0,3.0,3.0726795253247707
3.0,3.0,4.0,4.0,3.0,4.0,3.348384385110579
3.0,3.0,4.0,4.0,4.0,1.0,2.7256657407647045
3.0,3.0,4.0,4.0,4.0,2.0,2.9470787135152374
3.0,3.0,4.0,4.0,4.0,3.0,3.245960528605937
3.0,3.0,4.0,4.0,4.0,4.0,3.4558072671065867
3.0,3.0,4.0,4.0,4.0,5.0,3.641472432827501
3.0,3.0,4.0,4.0,5.0,3.0,3.3244147144916045
3.0,3.0,4.0,4.0,5.0,4.0,3.55827763656676
3.0,3.0,4.0,4.0,5.0,5.0,3.784883410200672
3.0,3.0,4.0,5.0,1.0,2.0,2.6975825887075473
3.0,3.0,4.0,5.0,1.0,5.0,3.378642117059827
3.0,3.0,4.0,5.0,2.0,3.0,3.056693855554613
3.0,3.0,4.0,5.0,2.0,4.0,3.2862515168472766
3.0,3.0,4.0,5.0,3.0,3.0,3.176509556250461
3.0,3.0,4.0,5.0,3.0,4.0,3.394259860877872
3.0,3.0,4.0,5.0,3.0,5.0,3.683417297551767
3.0,3.0,4.0,5.0,4.0,3.0,3.29632525553157
3.0,3.0,4.0,5.0,4.0,4.0,3.511430743339075
3.0,3.0,4.0,5.0,4.0,5.0,3.7665790060587083
3.0,3.0,4.0,5.0,5.0,3.0,3.423140790521845
3.0,3.0,4.0,5.0,5.0,4.0,3.647461628985144
3.0,3.0,4.0,5.0,5.0,5.0,3.8311412947501946
3.0,3.0,5.0,1.0,3.0,2.0,2.740609139479337
3.0,3.0,5.0,1.0,4.0,1.0,2.624206688200851
3.0,3.0,5.0,1.0,4.0,4.0,3.322086830620394
3.0,3.0,5.0,2.0,2.0,3.0,2.973008908960741
3.0,3.0,5.0,2.0,3.0,3.0,3.094840055571856
3.0,3.0,5.0,3.0,1.0,2.0,2.7121208512109756
3.0,3.0,5.0,3.0,2.0,2.0,2.8675932732586324
3.0,3.0,5.0,3.0,3.0,2.0,2.9894244228860676
3.0,3.0,5.0,3.0,3.0,3.0,3.1634522900919286
3.0,3.0,5.0,3.0,3.0,4.0,3.4322503582503505
3.0,3.0,5.0,3.0,4.0,2.0,3.09443494633612
3.0,3.0,5.0,3.0,4.0,3.0,3.343708365005107
3.0,3.0,5.0,3.0,4.0,4.0,3.5709021483021117
3.0,3.0,5.0,3.0,5.0,5.0,3.9309668798239494
3.0,3.0,5.0,4.0,2.0,3.0,3.2050035706465714
3.0,3.0,5.0,4.0,3.0,3.0,3.343655358409615
3.0,3.0,5.0,4.0,3.0,4.0,3.595498234513213
3.0,3.0,5.0,4.0,4.0,3.0,3.4412442361067357
3.0,3.0,5.0,4.0,4.0,4.0,3.709212647567786
3.0,3.0,5.0,4.0,5.0,3.0,3.587317654594372
3.0,3.0,5.0,4.0,5.0,4.0,3.791909987482578
3.0,3.0,5.0,4.0,5.0,5.0,4.013102987041698
3.0,3.0,5.0,5.0,2.0,3.0,3.3210008958962742
3.0,3.0,5.0,5.0,3.0,3.0,3.435506844599024
3.0,3.0,5.0,5.0,3.0,4.0,3.686342027346521
3.0,3.0,5.0,5.0,3.0,5.0,3.873106974244808
3.0,3.0,5.0,5.0,4.0,3.0,3.604949861332623
3.0,3.0,5.0,5.0,4.0,4.0,3.841859100882088
3.0,3.0,5.0,5.0,4.0,5.0,3.99125815082995
3.0,3.0,5.0,5.0,5.0,3.0,3.6528530743052605
3.0,3.0,5.0,5.0,5.0,4.0,3.9094309841689925
3.0,3.0,5.0,5.0,5.0,5.0,4.150917586501571
3.0,4.0,1.0,1.0,1.0,1.0,1.2134553054581652
3.0,4.0,1.0,1.0,1.0,2.0,1.47810383063821
3.0,4.0,1.0,1.0,1.0,3.0,1.7156012296828655
3.0,4.0,1.0,1.0,2.0,1.0,1.3221322978687065
3.0,4.0,1.0,1.0,2.0,2.0,1.6206611597685783
3.0,4.0,1.0,1.0,2.0,3.0,1.8206117502432482
3.0,4.0,1.0,1.0,3.0,1.0,1.4398056847556535
3.0,4.0,1.0,1.0,3.0,2.0,1.7182844101136678
3.0,4.0,1.0,1.0,3.0,3.0,1.9443156460358801
3.0,4.0,1.0,1.0,4.0,1.0,1.5543454349768968
3.0,4.0,1.0,1.0,4.0,2.0,1.8454601157700852
3.0,4.0,1.0,1.0,4.0,3.0,2.079752861932069
3.0,4.0,1.0,2.0,1.0,1.0,1.3710915700444177
3.0,4.0,1.0,2.0,1.0,2.0,1.6119404891740512
3.0,4.0,1.0,2.0,1.0,3.0,1.8045323926872765
3.0,4.0,1.0,2.0,2.0,1.0,1.501902154772342
3.0,4.0,1.0,2.0,2.0,2.0,1.7357506076925533
3.0,4.0,1.0,2.0,2.0,3.0,1.953429715650102
3.0,4.0,1.0,2.0,2.0,4.0,2.174842672014853
3.0,4.0,1.0,2.0,3.0,1.0,1.5931053021972814
3.0,4.0,1.0,2.0,3.0,2.0,1.8876701162717615
3.0,4.0,1.0,2.0,3.0,3.0,2.0625445702180816
3.0,4.0,1.0,2.0,3.0,4.0,2.3134944692163555
3.0,4.0,1.0,2.0,4.0,1.0,1.7252456771466669
3.0,4.0,1.0,2.0,4.0,2.0,1.9927429581942526
3.0,4.0,1.0,2.0,4.0,3.0,2.223223060693022
3.0,4.0,1.0,2.0,5.0,2.0,2.080689575925813
3.0,4.0,1.0,2.0,5.0,4.0,2.5403361177565102
3.0,4.0,1.0,3.0,1.0,1.0,1.4840825257721422
3.0,4.0,1.0,3.0,1.0,2.0,1.6649594069198779
3.0,4.0,1.0,3.0,1.0,3.0,1.9361436798660165
3.0,4.0,1.0,3.0,2.0,1.0,1.5779876309232042
3.0,4.0,1.0,3.0,2.0,2.0,1.861477659563335
3.0,4.0,1.0,3.0,2.0,3.0,2.0882238343321275
3.0,4.0,1.0,3.0,3.0,1.0,1.7562122866178582
3.0,4.0,1.0,3.0,3.0,2.0,1.9892014860201794
3.0,4.0,1.0,3.0,3.0,3.0,2.2092561340380743
3.0,4.0,1.0,3.0,3.0,4.0,2.4126711631979005
3.0,4.0,1.0,3.0,4.0,1.0,1.8444684700094804
3.0,4.0,1.0,3.0,4.0,2.0,2.090159168409441
3.0,4.0,1.0,3.0,4.0,3.0,2.2538271925333677
3.0,4.0,1.0,3.0,4.0,4.0,2.5408497517821584
3.0,4.0,1.0,3.0,5.0,3.0,2.4277251648497087
3.0,4.0,1.0,3.0,5.0,5.0,2.8777464251763343
3.0,4.0,1.0,4.0,1.0,1.0,1.593955191531885
3.0,4.0,1.0,4.0,1.0,2.0,1.8177345293637963
3.0,4.0,1.0,4.0,1.0,3.0,2.0194762283393453
3.0,4.0,1.0,4.0,1.0,4.0,2.2802909871915404
3.0,4.0,1.0,4.0,2.0,1.0,1.7509746149785734
3.0,4.0,1.0,4.0,2.0,2.0,1.9977984982080321
3.0,4.0,1.0,4.0,2.0,3.0,2.2245533399773767
3.0,4.0,1.0,4.0,3.0,1.0,1.8709400873210333
3.0,4.0,1.0,4.0,3.0,2.0,2.097729571195247
3.0,4.0,1.0,4.0,3.0,3.0,2.3449372175015863
3.0,4.0,1.0,4.0,3.0,4.0,2.553007266346804
3.0,4.0,1.0,4.0,4.0,1.0,1.9699447303461644
3.0,4.0,1.0,4.0,4.0,2.0,2.1630582469646056
3.0,4.0,1.0,4.0,4.0,3.0,2.4476665287787416
3.0,4.0,1.0,4.0,4.0,4.0,2.6465788692230037
3.0,4.0,1.0,4.0,5.0,4.0,2.772330788233463
3.0,4.0,1.0,5.0,1.0,1.0,1.7199439751896082
3.0,4.0,1.0,5.0,1.0,3.0,2.176618987626659
3.0,4.0,1.0,5.0,1.0,4.0,2.4178241404801306
3.0,4.0,1.0,5.0,2.0,1.0,1.841775140438344
3.0,4.0,1.0,5.0,2.0,2.0,2.11176925794269
3.0,4.0,1.0,5.0,2.0,4.0,2.5228346747114907
3.0,4.0,1.0,5.0,3.0,2.0,2.185019256131511
3.0,4.0,1.0,5.0,3.0,3.0,2.4232528440948937
3.0,4.0,1.0,5.0,3.0,4.0,2.6614864505763403
3.0,4.0,1.0,5.0,4.0,2.0,2.3068503977948085
3.0,4.0,1.0,5.0,4.0,3.0,2.5282633639951664
3.0,4.0,1.0,5.0,4.0,4.0,2.7833175961137213
3.0,4.0,1.0,5.0,5.0,5.0,3.0885464848751387
3.0,4.0,2.0,1.0,1.0,1.0,1.539802136816405
3.0,4.0,2.0,1.0,1.0,2.0,1.7528160698566795
3.0,4.0,2.0,1.0,1.0,3.0,1.980281968131807
3.0,4.0,2.0,1.0,2.0,1.0,1.6341598239665507
3.0,4.0,2.0,1.0,2.0,2.0,1.8479064070656923
3.0,4.0,2.0,1.0,2.0,3.0,2.095944584428392
3.0,4.0,2.0,1.0,3.0,1.0,1.6889415038209372
3.0,4.0,2.0,1.0,3.0,2.0,1.9595799026245406
3.0,4.0,2.0,1.0,3.0,3.0,2.243948458685079
3.0,4.0,2.0,1.0,4.0,1.0,1.8446919033700269
3.0,4.0,2.0,1.0,4.0,2.0,2.0850992776039448
3.0,4.0,2.0,1.0,4.0,3.0,2.33324192103462
3.0,4.0,2.0,1.0,4.0,4.0,2.5895853321404707
3.0,4.0,2.0,1.0,5.0,3.0,2.4662793953040083
3.0,4.0,2.0,1.0,5.0,4.0,2.7045129904816605
3.0,4.0,2.0,2.0,1.0,1.0,1.6442177291627451
3.0,4.0,2.0,2.0,1.0,2.0,1.9124487112589716
3.0,4.0,2.0,2.0,1.0,3.0,2.10992379312562
3.0,4.0,2.0,2.0,2.0,1.0,1.7761966444390735
3.0,4.0,2.0,2.0,2.0,2.0,2.087131702308104
3.0,4.0,2.0,2.0,2.0,3.0,2.258024734295529
3.0,4.0,2.0,2.0,2.0,4.0,2.4381962390759377
3.0,4.0,2.0,2.0,3.0,1.0,1.8454729474411056
3.0,4.0,2.0,2.0,3.0,2.0,2.1823782200243347
3.0,4.0,2.0,2.0,3.0,3.0,2.3677578619581046
3.0,4.0,2.0,2.0,3.0,4.0,2.5673054981472436
3.0,4.0,2.0,2.0,4.0,1.0,2.0333189053180023
3.0,4.0,2.0,2.0,4.0,2.0,2.234313278230838
3.0,4.0,2.0,2.0,4.0,3.0,2.4810823369161943
3.0,4.0,2.0,2.0,4.0,4.0,2.713153778133161
3.0,4.0,2.0,2.0,4.0,5.0,2.9032715089814145
3.0,4.0,2.0,2.0,5.0,2.0,2.3548938474683414
3.0,4.0,2.0,2.0,5.0,3.0,2.572644153062729
3.0,4.0,2.0,2.0,5.0,4.0,2.823479339497373
3.0,4.0,2.0,2.0,5.0,5.0,3.0412296415754354
3.0,4.0,2.0,3.0,1.0,1.0,1.801627063372468
3.0,4.0,2.0,3.0,1.0,2.0,1.9651706594145266
3.0,4.0,2.0,3.0,1.0,3.0,2.2044000743536802
3.0,4.0,2.0,3.0,2.0,1.0,1.8733535865373363
3.0,4.0,2.0,3.0,2.0,2.0,2.203255736327645
3.0,4.0,2.0,3.0,2.0,3.0,2.4447281570992554
3.0,4.0,2.0,3.0,3.0,1.0,2.037794934073917
3.0,4.0,2.0,3.0,3.0,2.0,2.325143487564051
3.0,4.0,2.0,3.0,3.0,3.0,2.6198039001514397
3.0,4.0,2.0,3.0,3.0,4.0,2.6813838055913015
3.0,4.0,2.0,3.0,4.0,1.0,2.1094318042158196
3.0,4.0,2.0,3.0,4.0,2.0,2.4092558094471075
3.0,4.0,2.0,3.0,4.0,3.0,2.6595070734092734
3.0,4.0,2.0,3.0,4.0,4.0,2.8457982342854495
3.0,4.0,2.0,3.0,5.0,2.0,2.468972153686031
3.0,4.0,2.0,3.0,5.0,3.0,2.7243666996569234
3.0,4.0,2.0,3.0,5.0,5.0,3.1579206088577463
3.0,4.0,2.0,4.0,1.0,1.0,1.9100206423831143
3.0,4.0,2.0,4.0,1.0,2.0,2.131636228974212
3.0,4.0,2.0,4.0,1.0,3.0,2.3140207552168963
3.0,4.0,2.0,4.0,1.0,4.0,2.5540422318039178
3.0,4.0,2.0,4.0,2.0,1.0,2.0220306628213853
3.0,4.0,2.0,4.0,2.0,2.0,2.2485581215936774
3.0,4.0,2.0,4.0,2.0,3.0,2.539760888469358
3.0,4.0,2.0,4.0,2.0,4.0,2.6647441201912083
3.0,4.0,2.0,4.0,2.0,5.0,2.8916038492170233
3.0,4.0,2.0,4.0,3.0,1.0,2.123623247171311
3.0,4.0,2.0,4.0,3.0,2.0,2.434538681493088
3.0,4.0,2.0,4.0,3.0,3.0,2.685763507231062
3.0,4.0,2.0,4.0,3.0,4.0,2.831659433913552
3.0,4.0,2.0,4.0,4.0,1.0,2.2664349335392813
3.0,4.0,2.0,4.0,4.0,2.0,2.5220878441250996
3.0,4.0,2.0,4.0,4.0,3.0,2.6999314094815468
3.0,4.0,2.0,4.0,4.0,4.0,2.9194805967030084
3.0,4.0,2.0,4.0,4.0,5.0,3.1520867880005796
3.0,4.0,2.0,4.0,5.0,3.0,2.823191967117764
3.0,4.0,2.0,4.0,5.0,4.0,3.051635953016296
3.0,4.0,2.0,4.0,5.0,5.0,3.2859286978976154
3.0,4.0,2.0,5.0,1.0,2.0,2.2178659703115806
3.0,4.0,2.0,5.0,1.0,3.0,2.444800194277532
3.0,4.0,2.0,5.0,1.0,4.0,2.6368241408180637
3.0,4.0,2.0,5.0,1.0,5.0,2.902590657207205
3.0,4.0,2.0,5.0,2.0,2.0,2.353234987505335
3.0,4.0,2.0,5.0,2.0,3.0,2.5719744155487767
3.0,4.0,2.0,5.0,2.0,4.0,2.8030088493262055
3.0,4.0,2.0,5.0,2.0,5.0,3.0412424499018074
3.0,4.0,2.0,5.0,3.0,2.0,2.4740398086127047
3.0,4.0,2.0,5.0,3.0,3.0,2.6941216386200715
3.0,4.0,2.0,5.0,3.0,4.0,2.927285283538663
3.0,4.0,2.0,5.0,3.0,5.0,3.129432336655375
3.0,4.0,2.0,5.0,4.0,1.0,2.3656116245100907
3.0,4.0,2.0,5.0,4.0,2.0,2.593855508735471
3.0,4.0,2.0,5.0,4.0,3.0,2.8336508362628896
3.0,4.0,2.0,5.0,4.0,4.0,3.0114805949003083
3.0,4.0,2.0,5.0,4.0,5.0,3.219661212436014
3.0,4.0,2.0,5.0,5.0,1.0,2.504263415022758
3.0,4.0,2.0,5.0,5.0,2.0,2.725676362146363
3.0,4.0,2.0,5.0,5.0,3.0,2.9470893491135612
3.0,4.0,2.0,5.0,5.0,4.0,3.1554273981158723
3.0,4.0,2.0,5.0,5.0,5.0,3.380814891730265
3.0,4.0,3.0,1.0,1.0,1.0,1.7458627048087938
3.0,4.0,3.0,1.0,1.0,2.0,2.0039426527497275
3.0,4.0,3.0,1.0,1.0,3.0,2.235376051666776
3.0,4.0,3.0,1.0,2.0,1.0,1.8995065590653906
3.0,4.0,3.0,1.0,2.0,2.0,2.1161394603216546
3.0,4.0,3.0,1.0,2.0,3.0,2.380255305527131
3.0,4.0,3.0,1.0,3.0,1.0,1.9793392878854077
3.0,4.0,3.0,1.0,3.0,2.0,2.2280256831609355
3.0,4.0,3.0,1.0,3.0,3.0,2.460337497267118
3.0,4.0,3.0,1.0,3.0,4.0,2.6680880187573
3.0,4.0,3.0,1.0,4.0,1.0,2.14333339332984
3.0,4.0,3.0,1.0,4.0,2.0,2.3509686415889837
3.0,4.0,3.0,1.0,4.0,3.0,2.5889226473849365
3.0,4.0,3.0,1.0,4.0,4.0,2.8053942743243656
3.0,4.0,3.0,1.0,5.0,1.0,2.26998639907194
3.0,4.0,3.0,1.0,5.0,4.0,2.951855872855705
3.0,4.0,3.0,1.0,5.0,5.0,3.202691059637554
3.0,4.0,3.0,2.0,1.0,1.0,1.909335582808693
3.0,4.0,3.0,2.0,1.0,2.0,2.1947862397478097
3.0,4.0,3.0,2.0,1.0,3.0,2.4146104537266617
3.0,4.0,3.0,2.0,2.0,1.0,2.0366937315762446
3.0,4.0,3.0,2.0,2.0,2.0,2.3469473380905725
3.0,4.0,3.0,2.0,2.0,3.0,2.563873085469805
3.0,4.0,3.0,2.0,2.0,4.0,2.735191059496242
3.0,4.0,3.0,2.0,3.0,1.0,2.1273295035434847
3.0,4.0,3.0,2.0,3.0,2.0,2.4036911669456873
3.0,4.0,3.0,2.0,3.0,3.0,2.699293685559523
3.0,4.0,3.0,2.0,3.0,4.0,2.7872348356630594
3.0,4.0,3.0,2.0,4.0,1.0,2.2809732150148516
3.0,4.0,3.0,2.0,4.0,2.0,2.5283878443815975
3.0,4.0,3.0,2.0,4.0,3.0,2.7705993255137895
3.0,4.0,3.0,2.0,4.0,4.0,2.9684098369307637
3.0,4.0,3.0,2.0,5.0,3.0,2.844503124997617
3.0,4.0,3.0,2.0,5.0,4.0,3.079835480139246
3.0,4.0,3.0,3.0,1.0,1.0,1.9844219627225375
3.0,4.0,3.0,3.0,1.0,2.0,2.276526437323017
3.0,4.0,3.0,3.0,1.0,3.0,2.502925599566927
3.0,4.0,3.0,3.0,1.0,4.0,2.717292132841257
3.0,4.0,3.0,3.0,2.0,1.0,2.170128865026785
3.0,4.0,3.0,3.0,2.0,2.0,2.4417741745401718
3.0,4.0,3.0,3.0,2.0,3.0,2.7446718264101415
3.0,4.0,3.0,3.0,2.0,4.0,2.851816174943702
3.0,4.0,3.0,3.0,3.0,1.0,2.284825623611645
3.0,4.0,3.0,3.0,3.0,2.0,2.571219561540311
3.0,4.0,3.0,3.0,3.0,3.0,2.959304927640375
3.0,4.0,3.0,3.0,3.0,4.0,3.051446871681057
3.0,4.0,3.0,3.0,3.0,5.0,3.2011054138252835
3.0,4.0,3.0,3.0,4.0,1.0,2.4234883133910112
3.0,4.0,3.0,3.0,4.0,2.0,2.6554263889114678
3.0,4.0,3.0,3.0,4.0,3.0,3.006723835123162
3.0,4.0,3.0,3.0,4.0,4.0,3.160677676566922
3.0,4.0,3.0,3.0,4.0,5.0,3.316263655951166
3.0,4.0,3.0,3.0,5.0,2.0,2.7570352740964426
3.0,4.0,3.0,3.0,5.0,3.0,3.024746693731131
3.0,4.0,3.0,3.0,5.0,4.0,3.2142790876844867
3.0,4.0,3.0,3.0,5.0,5.0,3.407563128246545
3.0,4.0,3.0,4.0,1.0,1.0,2.178119522946416
3.0,4.0,3.0,4.0,1.0,2.0,2.366807620426301
3.0,4.0,3.0,4.0,1.0,3.0,2.6242462200374415
3.0,4.0,3.0,4.0,1.0,4.0,2.7779492298457327
3.0,4.0,3.0,4.0,2.0,1.0,2.2861261893470193
3.0,4.0,3.0,4.0,2.0,2.0,2.5395982966334016
3.0,4.0,3.0,4.0,2.0,3.0,2.873126413512688
3.0,4.0,3.0,4.0,2.0,4.0,3.0133734470262348
3.0,4.0,3.0,4.0,2.0,5.0,3.188598678701442
3.0,4.0,3.0,4.0,3.0,1.0,2.401208486687842
3.0,4.0,3.0,4.0,3.0,2.0,2.6827350683737574
3.0,4.0,3.0,4.0,3.0,3.0,3.048067463465779
3.0,4.0,3.0,4.0,3.0,4.0,3.1583629090960845
3.0,4.0,3.0,4.0,3.0,5.0,3.3018626154481905
3.0,4.0,3.0,4.0,4.0,1.0,2.570651501255275
3.0,4.0,3.0,4.0,4.0,2.0,2.730548394847808
3.0,4.0,3.0,4.0,4.0,3.0,3.1011224763058753
3.0,4.0,3.0,4.0,4.0,4.0,3.3546647108912255
3.0,4.0,3.0,4.0,4.0,5.0,3.4276144848008068
3.0,4.0,3.0,4.0,5.0,2.0,2.873032607117756
3.0,4.0,3.0,4.0,5.0,3.0,3.105764175042676
3.0,4.0,3.0,4.0,5.0,4.0,3.3568751723411197
3.0,4.0,3.0,4.0,5.0,5.0,3.502858161669963
3.0,4.0,3.0,5.0,1.0,1.0,2.242570505061483
3.0,4.0,3.0,5.0,1.0,2.0,2.4534928837804375
3.0,4.0,3.0,5.0,1.0,3.0,2.7445977871340514
3.0,4.0,3.0,5.0,1.0,4.0,2.94453124871106
3.0,4.0,3.0,5.0,1.0,5.0,3.160636683351962
3.0,4.0,3.0,5.0,2.0,2.0,2.647268323513629
3.0,4.0,3.0,5.0,2.0,3.0,2.873126166031934
3.0,4.0,3.0,5.0,2.0,4.0,3.0321795682572823
3.0,4.0,3.0,5.0,3.0,1.0,2.5071340236504374
3.0,4.0,3.0,5.0,3.0,2.0,2.7495795334060023
3.0,4.0,3.0,5.0,3.0,3.0,3.0480697490609843
3.0,4.0,3.0,5.0,3.0,4.0,3.251102147531572
3.0,4.0,3.0,5.0,3.0,5.0,3.41530433196778
3.0,4.0,3.0,5.0,4.0,2.0,2.852852796695171
3.0,4.0,3.0,5.0,4.0,3.0,3.1141163917487393
3.0,4.0,3.0,5.0,4.0,4.0,3.354666041853657
3.0,4.0,3.0,5.0,4.0,5.0,3.544064629719178
3.0,4.0,3.0,5.0,5.0,2.0,2.989210933989466
3.0,4.0,3.0,5.0,5.0,3.0,3.182770849395914
3.0,4.0,3.0,5.0,5.0,4.0,3.4292352115864735
3.0,4.0,3.0,5.0,5.0,5.0,3.651465553723217
3.0,4.0,4.0,1.0,1.0,1.0,2.062835968750495
3.0,4.0,4.0,1.0,1.0,2.0,2.2630048676243795
3.0,4.0,4.0,1.0,1.0,3.0,2.5393031722993213
3.0,4.0,4.0,1.0,1.0,4.0,2.7481328035698227
3.0,4.0,4.0,1.0,2.0,1.0,2.1786577280721016
3.0,4.0,4.0,1.0,2.0,2.0,2.399363010024712
3.0,4.0,4.0,1.0,2.0,3.0,2.6274930585687137
3.0,4.0,4.0,1.0,3.0,1.0,2.2896776410555226
3.0,4.0,4.0,1.0,3.0,2.0,2.4723032892565113
3.0,4.0,4.0,1.0,3.0,3.0,2.753471454982382
3.0,4.0,4.0,1.0,4.0,1.0,2.411508785133209
3.0,4.0,4.0,1.0,4.0,2.0,2.6285962683883612
3.0,4.0,4.0,1.0,4.0,3.0,2.8711553573253057
3.0,4.0,4.0,2.0,1.0,1.0,2.1788333022669084
3.0,4.0,4.0,2.0,1.0,2.0,2.3834256317862312
3.0,4.0,4.0,2.0,1.0,3.0,2.621659235298943
3.0,4.0,4.0,2.0,1.0,4.0,2.8598928300411077
3.0,4.0,4.0,2.0,2.0,2.0,2.4927284986473173
3.0,4.0,4.0,2.0,2.0,3.0,2.7681129408864247
3.0,4.0,4.0,2.0,2.0,4.0,2.9817239859267826
3.0,4.0,4.0,2.0,3.0,1.0,2.4250185910419835
3.0,4.0,4.0,2.0,3.0,2.0,2.6569279851700927
3.0,4.0,4.0,2.0,3.0,3.0,2.8655965040636975
3.0,4.0,4.0,2.0,3.0,4.0,3.101842510873773
3.0,4.0,4.0,2.0,4.0,2.0,2.802700040354698
3.0,4.0,4.0,2.0,4.0,3.0,3.0035568646654545
3.0,4.0,4.0,2.0,4.0,4.0,3.276889919578868
3.0,4.0,4.0,2.0,5.0,3.0,3.1258044791412614
3.0,4.0,4.0,2.0,5.0,4.0,3.3640380702774655
3.0,4.0,4.0,3.0,1.0,1.0,2.311651267448654
3.0,4.0,4.0,3.0,1.0,2.0,2.5152207038709813
3.0,4.0,4.0,3.0,1.0,3.0,2.758010492225957
3.0,4.0,4.0,3.0,2.0,1.0,2.4334824151103285
3.0,4.0,4.0,3.0,2.0,2.0,2.661153455607447
3.0,4.0,4.0,3.0,2.0,3.0,2.917970448587716
3.0,4.0,4.0,3.0,2.0,4.0,3.1346009972890254
3.0,4.0,4.0,3.0,3.0,1.0,2.555313568570299
3.0,4.0,4.0,3.0,3.0,2.0,2.765680873297174
3.0,4.0,4.0,3.0,3.0,3.0,3.0724085405204185
3.0,4.0,4.0,3.0,3.0,4.0,3.2847340640988167
3.0,4.0,4.0,3.0,3.0,5.0,3.4409654288895135
3.0,4.0,4.0,3.0,4.0,2.0,2.9002359096932104
3.0,4.0,4.0,3.0,4.0,3.0,3.1454182543111835
3.0,4.0,4.0,3.0,4.0,4.0,3.4756826616922365
3.0,4.0,4.0,3.0,4.0,5.0,3.599812528119518
3.0,4.0,4.0,3.0,5.0,2.0,3.0372094754166756
3.0,4.0,4.0,3.0,5.0,3.0,3.254075402836108
3.0,4.0,4.0,3.0,5.0,4.0,3.4972302213884223
3.0,4.0,4.0,3.0,5.0,5.0,3.6470318250368066
3.0,4.0,4.0,4.0,1.0,1.0,2.4371168071596903
3.0,4.0,4.0,4.0,1.0,2.0,2.6018696615345434
3.0,4.0,4.0,4.0,1.0,3.0,2.852310241714425
3.0,4.0,4.0,4.0,1.0,4.0,3.0834653548005226
3.0,4.0,4.0,4.0,1.0,5.0,3.313300447620092
3.0,4.0,4.0,4.0,2.0,2.0,2.757635707814257
3.0,4.0,4.0,4.0,2.0,3.0,3.036611156892372
3.0,4.0,4.0,4.0,2.0,4.0,3.254672499178188
3.0,4.0,4.0,4.0,3.0,1.0,2.676748207203517
3.0,4.0,4.0,4.0,3.0,2.0,2.887279964013221
3.0,4.0,4.0,4.0,3.0,3.0,3.2129994801986665
3.0,4.0,4.0,4.0,3.0,4.0,3.518327837427782
3.0,4.0,4.0,4.0,3.0,5.0,3.5551091968736532
3.0,4.0,4.0,4.0,4.0,1.0,2.759500773209501
3.0,4.0,4.0,4.0,4.0,2.0,3.0143142109127448
3.0,4.0,4.0,4.0,4.0,3.0,3.32086798531287
3.0,4.0,4.0,4.0,4.0,4.0,3.6174136564441057
3.0,4.0,4.0,4.0,4.0,5.0,3.7763817781761717
3.0,4.0,4.0,4.0,5.0,3.0,3.3652545807835335
3.0,4.0,4.0,4.0,5.0,4.0,3.6645814508774874
3.0,4.0,4.0,4.0,5.0,5.0,3.8415944749222093
3.0,4.0,4.0,5.0,1.0,3.0,2.9706390158331684
3.0,4.0,4.0,5.0,1.0,4.0,3.2011191162172485
3.0,4.0,4.0,5.0,1.0,5.0,3.429297775589484
3.0,4.0,4.0,5.0,2.0,2.0,2.886890049484906
3.0,4.0,4.0,5.0,2.0,3.0,3.1210514182907914
3.0,4.0,4.0,5.0,2.0,4.0,3.318984972298302
3.0,4.0,4.0,5.0,2.0,5.0,3.5511289380623903
3.0,4.0,4.0,5.0,3.0,3.0,3.2277963438436776
3.0,4.0,4.0,5.0,3.0,4.0,3.518327617322206
3.0,4.0,4.0,5.0,3.0,5.0,3.702940887562644
3.0,4.0,4.0,5.0,4.0,3.0,3.3246599193735444
3.0,4.0,4.0,5.0,4.0,4.0,3.6174135133662184
3.0,4.0,4.0,5.0,4.0,5.0,3.8870520901547314
3.0,4.0,4.0,5.0,5.0,2.0,3.252383496382697
3.0,4.0,4.0,5.0,5.0,3.0,3.5067398952561275
3.0,4.0,4.0,5.0,5.0,4.0,3.7215875286495814
3.0,4.0,4.0,5.0,5.0,5.0,3.9370758735606604
3.0,4.0,5.0,2.0,2.0,3.0,3.0236645769239434
3.0,4.0,5.0,2.0,3.0,2.0,2.910281467531866
3.0,4.0,5.0,2.0,5.0,3.0,3.4059786590860552
3.0,4.0,5.0,2.0,5.0,5.0,3.8488045970002474
3.0,4.0,5.0,3.0,1.0,3.0,2.9847050458545943
3.0,4.0,5.0,3.0,2.0,3.0,3.1513907244637704
3.0,4.0,5.0,3.0,3.0,3.0,3.257167798987905
3.0,4.0,5.0,3.0,3.0,4.0,3.482906019161289
3.0,4.0,5.0,3.0,4.0,3.0,3.3880935051988152
3.0,4.0,5.0,3.0,4.0,4.0,3.5850559907097583
3.0,4.0,5.0,3.0,4.0,5.0,3.8429707717431585
3.0,4.0,5.0,3.0,5.0,3.0,3.5133416400919937
3.0,4.0,5.0,4.0,1.0,3.0,3.1338280642514613
3.0,4.0,5.0,4.0,2.0,4.0,3.4938928330900616
3.0,4.0,5.0,4.0,2.0,5.0,3.7321264376825867
3.0,4.0,5.0,4.0,3.0,2.0,3.153495800983598
3.0,4.0,5.0,4.0,3.0,3.0,3.397751590356108
3.0,4.0,5.0,4.0,3.0,4.0,3.5989903140006003
3.0,4.0,5.0,4.0,4.0,3.0,3.5452217253077425
3.0,4.0,5.0,4.0,4.0,4.0,3.80574219051415
3.0,4.0,5.0,4.0,4.0,5.0,3.993289220421759
3.0,4.0,5.0,4.0,5.0,3.0,3.642875698529834
3.0,4.0,5.0,4.0,5.0,4.0,3.8781229712095997
3.0,4.0,5.0,4.0,5.0,5.0,4.072289830904926
3.0,4.0,5.0,5.0,1.0,3.0,3.2161841357535916
3.0,4.0,5.0,5.0,1.0,4.0,3.4634433147535963
3.0,4.0,5.0,5.0,1.0,5.0,3.7098322320080115
3.0,4.0,5.0,5.0,2.0,5.0,3.8144824747566077
3.0,4.0,5.0,5.0,3.0,4.0,3.719617155396523
3.0,4.0,5.0,5.0,3.0,5.0,3.941796558509668
3.0,4.0,5.0,5.0,4.0,3.0,3.6153188595616497
3.0,4.0,5.0,5.0,4.0,4.0,3.8713572363228748
3.0,4.0,5.0,5.0,4.0,5.0,4.067070066715339
3.0,4.0,5.0,5.0,5.0,3.0,3.7423532560921418
3.0,4.0,5.0,5.0,5.0,4.0,3.978929559752683
3.0,4.0,5.0,5.0,5.0,5.0,4.206745063617546
3.0,5.0,1.0,1.0,1.0,1.0,1.2141597152919323
3.0,5.0,1.0,1.0,1.0,2.0,1.5254525350256174
3.0,5.0,1.0,1.0,1.0,3.0,1.7413173893479674
3.0,5.0,1.0,1.0,2.0,1.0,1.3787468419766287
3.0,5.0,1.0,1.0,2.0,2.0,1.634648256854811
3.0,5.0,1.0,1.0,2.0,3.0,1.8568541463163823
3.0,5.0,1.0,1.0,3.0,1.0,1.4563455826338867
3.0,5.0,1.0,1.0,3.0,2.0,1.7182840421051273
3.0,5.0,1.0,1.0,3.0,3.0,1.977416244814706
3.0,5.0,1.0,1.0,4.0,1.0,1.6721037848723326
3.0,5.0,1.0,1.0,4.0,2.0,1.8644348608024983
3.0,5.0,1.0,1.0,5.0,1.0,1.7323396317703808
3.0,5.0,1.0,1.0,5.0,2.0,2.0148472634735883
3.0,5.0,1.0,1.0,5.0,5.0,2.701429170336991
3.0,5.0,1.0,2.0,1.0,1.0,1.4254751840220294
3.0,5.0,1.0,2.0,1.0,2.0,1.6822206133481354
3.0,5.0,1.0,2.0,1.0,3.0,1.8676591963257505
3.0,5.0,1.0,2.0,2.0,1.0,1.566321475836498
3.0,5.0,1.0,2.0,2.0,2.0,1.7754653602436279
3.0,5.0,1.0,2.0,2.0,3.0,1.987264741076515
3.0,5.0,1.0,2.0,3.0,1.0,1.666303118215836
3.0,5.0,1.0,2.0,3.0,2.0,1.9597062608107074
3.0,5.0,1.0,2.0,3.0,3.0,2.1258041168017776
3.0,5.0,1.0,2.0,4.0,1.0,1.8049217455413633
3.0,5.0,1.0,2.0,4.0,2.0,2.039804715898856
3.0,5.0,1.0,2.0,4.0,3.0,2.2309270382562767
3.0,5.0,1.0,2.0,5.0,4.0,2.574171164250774
3.0,5.0,1.0,3.0,1.0,1.0,1.5119613308525925
3.0,5.0,1.0,3.0,1.0,2.0,1.7331304257155482
3.0,5.0,1.0,3.0,1.0,3.0,1.9532859237122473
3.0,5.0,1.0,3.0,2.0,1.0,1.6772567730834769
3.0,5.0,1.0,3.0,2.0,2.0,1.9065279097321859
3.0,5.0,1.0,3.0,2.0,3.0,2.153723973368025
3.0,5.0,1.0,3.0,3.0,1.0,1.7767118571287013
3.0,5.0,1.0,3.0,3.0,2.0,2.064454001390071
3.0,5.0,1.0,3.0,3.0,3.0,2.2655696578710076
3.0,5.0,1.0,3.0,3.0,5.0,2.6679191487578406
3.0,5.0,1.0,3.0,4.0,1.0,1.910141196372315
3.0,5.0,1.0,3.0,4.0,2.0,2.1399767401113787
3.0,5.0,1.0,3.0,4.0,3.0,2.3577270443995157
3.0,5.0,1.0,3.0,4.0,4.0,2.5754773496605177
3.0,5.0,1.0,3.0,5.0,1.0,2.0413571830578
3.0,5.0,1.0,3.0,5.0,2.0,2.2763348787598834
3.0,5.0,1.0,3.0,5.0,3.0,2.485576162089093
3.0,5.0,1.0,4.0,1.0,1.0,1.6557041936259052
3.0,5.0,1.0,4.0,1.0,2.0,1.8800490417696112
3.0,5.0,1.0,4.0,1.0,3.0,2.114248878810725
3.0,5.0,1.0,4.0,1.0,4.0,2.346650994624701
3.0,5.0,1.0,4.0,2.0,2.0,2.0452602052398694
3.0,5.0,1.0,4.0,2.0,3.0,2.2529006644083447
3.0,5.0,1.0,4.0,3.0,1.0,1.87112373610736
3.0,5.0,1.0,4.0,3.0,2.0,2.161964126228946
3.0,5.0,1.0,4.0,3.0,4.0,2.579324152435282
3.0,5.0,1.0,4.0,4.0,2.0,2.293955295403348
3.0,5.0,1.0,4.0,4.0,3.0,2.4641267150821466
3.0,5.0,1.0,4.0,4.0,4.0,2.6624658489097848
3.0,5.0,1.0,4.0,5.0,1.0,2.141926914844358
3.0,5.0,1.0,4.0,5.0,3.0,2.6308123896847952
3.0,5.0,1.0,4.0,5.0,4.0,2.8259137948310484
3.0,5.0,1.0,5.0,1.0,1.0,1.7743935053740192
3.0,5.0,1.0,5.0,1.0,2.0,1.9756013743166108
3.0,5.0,1.0,5.0,1.0,3.0,2.2098941175022295
3.0,5.0,1.0,5.0,1.0,4.0,2.460729302764389
3.0,5.0,1.0,5.0,1.0,5.0,2.6562514909040296
3.0,5.0,1.0,5.0,2.0,2.0,2.1474850318761907
3.0,5.0,1.0,5.0,2.0,3.0,2.346252261654874
3.0,5.0,1.0,5.0,2.0,4.0,2.5734903219293157
3.0,5.0,1.0,5.0,2.0,5.0,2.811723923612179
3.0,5.0,1.0,5.0,3.0,2.0,2.2814025339602493
3.0,5.0,1.0,5.0,3.0,3.0,2.458482593863844
3.0,5.0,1.0,5.0,3.0,4.0,2.712142107968167
3.0,5.0,1.0,5.0,4.0,2.0,2.3911473345857406
3.0,5.0,1.0,5.0,4.0,3.0,2.6125602936122174
3.0,5.0,1.0,5.0,4.0,4.0,2.839375099400526
3.0,5.0,1.0,5.0,4.0,5.0,3.037308650111557
3.0,5.0,1.0,5.0,5.0,1.0,2.2536563050261864
3.0,5.0,1.0,5.0,5.0,2.0,2.496157845197068
3.0,5.0,1.0,5.0,5.0,4.0,2.9565345475979226
3.0,5.0,1.0,5.0,5.0,5.0,3.0885457935495624
3.0,5.0,2.0,1.0,1.0,1.0,1.5398018393768795
3.0,5.0,2.0,1.0,1.0,2.0,1.7853857406791798
3.0,5.0,2.0,1.0,1.0,3.0,2.0456630556080433
3.0,5.0,2.0,1.0,2.0,1.0,1.6742118926725695
3.0,5.0,2.0,1.0,2.0,2.0,1.9211637316577213
3.0,5.0,2.0,1.0,2.0,3.0,2.132393874921438
3.0,5.0,2.0,1.0,3.0,1.0,1.8235204141825976
3.0,5.0,2.0,1.0,3.0,2.0,2.046395780646575
3.0,5.0,2.0,1.0,3.0,3.0,2.270511432241851
3.0,5.0,2.0,1.0,3.0,5.0,2.7207950659176605
3.0,5.0,2.0,1.0,4.0,1.0,1.9354573411261733
3.0,5.0,2.0,1.0,4.0,2.0,2.1517641799231226
3.0,5.0,2.0,1.0,4.0,3.0,2.3554828384148396
3.0,5.0,2.0,1.0,4.0,4.0,2.6165168641074765
3.0,5.0,2.0,1.0,4.0,5.0,2.8547504679540863
3.0,5.0,2.0,1.0,5.0,1.0,2.056340362071377
3.0,5.0,2.0,1.0,5.0,2.0,2.2813250029920544
3.0,5.0,2.0,1.0,5.0,3.0,2.550576318202347
3.0,5.0,2.0,1.0,5.0,5.0,2.9429403627162953
3.0,5.0,2.0,2.0,1.0,1.0,1.6442176831317357
3.0,5.0,2.0,2.0,1.0,2.0,1.9598611918391386
3.0,5.0,2.0,2.0,1.0,3.0,2.17628380495543
3.0,5.0,2.0,2.0,2.0,1.0,1.8246130079662335
3.0,5.0,2.0,2.0,2.0,2.0,2.0871290153608015
3.0,5.0,2.0,2.0,2.0,3.0,2.2630146211510724
3.0,5.0,2.0,2.0,2.0,4.0,2.472031263987084
3.0,5.0,2.0,2.0,2.0,5.0,2.7270854942907694
3.0,5.0,2.0,2.0,3.0,1.0,1.93191323278008
3.0,5.0,2.0,2.0,3.0,2.0,2.1986148032023185
3.0,5.0,2.0,2.0,3.0,3.0,2.404859447119514
3.0,5.0,2.0,2.0,3.0,4.0,2.600580628813236
3.0,5.0,2.0,2.0,4.0,1.0,2.0682753066653885
3.0,5.0,2.0,2.0,4.0,2.0,2.3294556685743673
3.0,5.0,2.0,2.0,4.0,3.0,2.5526960983807667
3.0,5.0,2.0,2.0,4.0,4.0,2.7574926657199197
3.0,5.0,2.0,2.0,5.0,1.0,2.1901064688217313
3.0,5.0,2.0,2.0,5.0,2.0,2.4283400562977797
3.0,5.0,2.0,2.0,5.0,3.0,2.6390041661183936
3.0,5.0,2.0,2.0,5.0,4.0,2.871165986480331
3.0,5.0,2.0,3.0,1.0,1.0,1.8077695634437583
3.0,5.0,2.0,3.0,1.0,2.0,2.051784588208419
3.0,5.0,2.0,3.0,1.0,3.0,2.2923930487157382
3.0,5.0,2.0,3.0,1.0,4.0,2.4835702831350495
3.0,5.0,2.0,3.0,2.0,1.0,1.9274493418402983
3.0,5.0,2.0,3.0,2.0,2.0,2.2147417992246825
3.0,5.0,2.0,3.0,2.0,3.0,2.4655073570489368
3.0,5.0,2.0,3.0,2.0,4.0,2.621669857577912
3.0,5.0,2.0,3.0,3.0,1.0,2.079262119426289
3.0,5.0,2.0,3.0,3.0,2.0,2.3340808808171385
3.0,5.0,2.0,3.0,3.0,3.0,2.634632845846381
3.0,5.0,2.0,3.0,3.0,4.0,2.7596697680157205
3.0,5.0,2.0,3.0,3.0,5.0,2.931272719366061
3.0,5.0,2.0,3.0,4.0,1.0,2.207444384713672
3.0,5.0,2.0,3.0,4.0,2.0,2.413310138315812
3.0,5.0,2.0,3.0,4.0,3.0,2.6663990885847846
3.0,5.0,2.0,3.0,4.0,4.0,2.853817005001164
3.0,5.0,2.0,3.0,4.0,5.0,3.1018522569480123
3.0,5.0,2.0,3.0,5.0,1.0,2.334124302542728
3.0,5.0,2.0,3.0,5.0,2.0,2.5353321676775282
3.0,5.0,2.0,3.0,5.0,3.0,2.8149525583605843
3.0,5.0,2.0,3.0,5.0,4.0,3.0036162898901724
3.0,5.0,2.0,3.0,5.0,5.0,3.191755635632862
3.0,5.0,2.0,4.0,1.0,1.0,1.9523973693342627
3.0,5.0,2.0,4.0,1.0,2.0,2.190617686766017
3.0,5.0,2.0,4.0,1.0,3.0,2.4235126750046034
3.0,5.0,2.0,4.0,1.0,4.0,2.612065289529789
3.0,5.0,2.0,4.0,2.0,2.0,2.2874812613225153
3.0,5.0,2.0,4.0,2.0,3.0,2.539760242884457
3.0,5.0,2.0,4.0,2.0,4.0,2.734255249926375
3.0,5.0,2.0,4.0,3.0,1.0,2.195259445440832
3.0,5.0,2.0,4.0,3.0,2.0,2.4345388549927343
3.0,5.0,2.0,4.0,3.0,3.0,2.6857632642184757
3.0,5.0,2.0,4.0,3.0,4.0,2.8452796822950823
3.0,5.0,2.0,4.0,4.0,1.0,2.300269955622534
3.0,5.0,2.0,4.0,4.0,2.0,2.5487584430762715
3.0,5.0,2.0,4.0,4.0,3.0,2.8328999121568064
3.0,5.0,2.0,4.0,4.0,4.0,2.949530599764131
3.0,5.0,2.0,4.0,4.0,5.0,3.212416237925076
3.0,5.0,2.0,4.0,5.0,2.0,2.6388417914655773
3.0,5.0,2.0,4.0,5.0,3.0,2.8754029027831067
3.0,5.0,2.0,4.0,5.0,4.0,3.133419462623901
3.0,5.0,2.0,4.0,5.0,5.0,3.29296745405065
3.0,5.0,2.0,5.0,1.0,1.0,2.0318101879498407
3.0,5.0,2.0,5.0,1.0,2.0,2.289007433775806
3.0,5.0,2.0,5.0,1.0,3.0,2.4858991823606806
3.0,5.0,2.0,5.0,1.0,4.0,2.7150127260431764
3.0,5.0,2.0,5.0,2.0,2.0,2.420584121953972
3.0,5.0,2.0,5.0,2.0,3.0,2.6339030563860013
3.0,5.0,2.0,5.0,2.0,4.0,2.8421528824830133
3.0,5.0,2.0,5.0,2.0,5.0,3.069250545915083
3.0,5.0,2.0,5.0,3.0,1.0,2.2895646326222283
3.0,5.0,2.0,5.0,3.0,2.0,2.507079287241189
3.0,5.0,2.0,5.0,3.0,3.0,2.7538228554478974
3.0,5.0,2.0,5.0,3.0,4.0,2.9759004321575873
3.0,5.0,2.0,5.0,3.0,5.0,3.1969086193766554
3.0,5.0,2.0,5.0,4.0,2.0,2.6271306425522987
3.0,5.0,2.0,5.0,4.0,3.0,2.843834580150356
3.0,5.0,2.0,5.0,4.0,4.0,3.1069490185540487
3.0,5.0,2.0,5.0,4.0,5.0,3.231946094696611
3.0,5.0,2.0,5.0,5.0,1.0,2.5380984408184584
3.0,5.0,2.0,5.0,5.0,2.0,2.739036211594926
3.0,5.0,2.0,5.0,5.0,3.0,2.9979779052073297
3.0,5.0,2.0,5.0,5.0,4.0,3.221099574932781
3.0,5.0,2.0,5.0,5.0,5.0,3.3808135160156554
3.0,5.0,3.0,1.0,1.0,1.0,1.8207794618330009
3.0,5.0,3.0,1.0,1.0,2.0,2.070367596840465
3.0,5.0,3.0,1.0,1.0,3.0,2.288117905189972
3.0,5.0,3.0,1.0,2.0,1.0,1.9573033309123768
3.0,5.0,3.0,1.0,2.0,2.0,2.1628646245947474
3.0,5.0,3.0,1.0,2.0,3.0,2.435927567736072
3.0,5.0,3.0,1.0,3.0,1.0,2.008301282951824
3.0,5.0,3.0,1.0,3.0,2.0,2.2907598012509927
3.0,5.0,3.0,1.0,3.0,3.0,2.570390703519538
3.0,5.0,3.0,1.0,3.0,5.0,2.9962728755869525
3.0,5.0,3.0,1.0,4.0,1.0,2.221285666283378
3.0,5.0,3.0,1.0,4.0,2.0,2.449686579224411
3.0,5.0,3.0,1.0,4.0,3.0,2.6748647162771038
3.0,5.0,3.0,1.0,4.0,4.0,2.840162923209341
3.0,5.0,3.0,1.0,5.0,1.0,2.326479259880927
3.0,5.0,3.0,1.0,5.0,3.0,2.812849469102396
3.0,5.0,3.0,1.0,5.0,5.0,3.256755809035166
3.0,5.0,3.0,2.0,1.0,1.0,1.9184177435372818
3.0,5.0,3.0,2.0,1.0,2.0,2.226577138186808
3.0,5.0,3.0,2.0,1.0,3.0,2.414610575724839
3.0,5.0,3.0,2.0,1.0,4.0,2.6199465129678603
3.0,5.0,3.0,2.0,2.0,2.0,2.355389276276927
3.0,5.0,3.0,2.0,2.0,3.0,2.589084759766412
3.0,5.0,3.0,2.0,2.0,4.0,2.785846723555945
3.0,5.0,3.0,2.0,3.0,1.0,2.1808110892741475
3.0,5.0,3.0,2.0,3.0,2.0,2.4325425739394673
3.0,5.0,3.0,2.0,3.0,3.0,2.699292470022682
3.0,5.0,3.0,2.0,3.0,4.0,2.8926627979848987
3.0,5.0,3.0,2.0,3.0,5.0,3.129090841603742
3.0,5.0,3.0,2.0,4.0,2.0,2.5654579341208086
3.0,5.0,3.0,2.0,4.0,3.0,2.798540019347781
3.0,5.0,3.0,2.0,4.0,4.0,3.0414491264790997
3.0,5.0,3.0,2.0,4.0,5.0,3.2341013570504353
3.0,5.0,3.0,2.0,5.0,2.0,2.685454366744642
3.0,5.0,3.0,2.0,5.0,3.0,2.916052213705528
3.0,5.0,3.0,2.0,5.0,4.0,3.162687843641871
3.0,5.0,3.0,2.0,5.0,5.0,3.3443481238448736
3.0,5.0,3.0,3.0,1.0,1.0,2.060244631366569
3.0,5.0,3.0,3.0,1.0,2.0,2.3110281433428894
3.0,5.0,3.0,3.0,1.0,3.0,2.5029249592386114
3.0,5.0,3.0,3.0,1.0,4.0,2.7871728769642194
3.0,5.0,3.0,3.0,2.0,1.0,2.2135984326797735
3.0,5.0,3.0,3.0,2.0,2.0,2.5284813298968176
3.0,5.0,3.0,3.0,2.0,3.0,2.7802344275171738
3.0,5.0,3.0,3.0,2.0,4.0,2.872492187587944
3.0,5.0,3.0,3.0,3.0,1.0,2.316804124645531
3.0,5.0,3.0,3.0,3.0,2.0,2.5769550472091427
3.0,5.0,3.0,3.0,3.0,3.0,2.9593043480324677
3.0,5.0,3.0,3.0,3.0,4.0,3.0746353112957214
3.0,5.0,3.0,3.0,4.0,1.0,2.4236785723895466
3.0,5.0,3.0,3.0,4.0,2.0,2.7271619143896917
3.0,5.0,3.0,3.0,4.0,3.0,3.0420578492496
3.0,5.0,3.0,3.0,4.0,4.0,3.2125463238266376
3.0,5.0,3.0,3.0,4.0,5.0,3.3791184938652
3.0,5.0,3.0,3.0,5.0,1.0,2.5862779567421974
3.0,5.0,3.0,3.0,5.0,2.0,2.781402831254817
3.0,5.0,3.0,3.0,5.0,3.0,3.051157728608147
3.0,5.0,3.0,3.0,5.0,4.0,3.3222621962741146
3.0,5.0,3.0,3.0,5.0,5.0,3.4440027935171713
3.0,5.0,3.0,4.0,1.0,1.0,2.232919692154778
3.0,5.0,3.0,4.0,1.0,2.0,2.4709809603423345
3.0,5.0,3.0,4.0,1.0,3.0,2.7053779145567796
3.0,5.0,3.0,4.0,1.0,4.0,2.862368961871126
3.0,5.0,3.0,4.0,2.0,2.0,2.604733793630516
3.0,5.0,3.0,4.0,2.0,3.0,2.879464529232613
3.0,5.0,3.0,4.0,2.0,4.0,3.047488092860668
3.0,5.0,3.0,4.0,2.0,5.0,3.222433705632634
3.0,5.0,3.0,4.0,3.0,1.0,2.4510260520035128
3.0,5.0,3.0,4.0,3.0,2.0,2.722094563193527
3.0,5.0,3.0,4.0,3.0,3.0,3.048066726979648
3.0,5.0,3.0,4.0,3.0,4.0,3.2157960473362963
3.0,5.0,3.0,4.0,3.0,5.0,3.375764595224522
3.0,5.0,3.0,4.0,4.0,2.0,2.8591818567539216
3.0,5.0,3.0,4.0,4.0,3.0,3.156026128073252
3.0,5.0,3.0,4.0,4.0,4.0,3.3821978037633884
3.0,5.0,3.0,4.0,4.0,5.0,3.4778560502166003
3.0,5.0,3.0,4.0,5.0,2.0,2.9580350787209473
3.0,5.0,3.0,4.0,5.0,3.0,3.189183840608508
3.0,5.0,3.0,4.0,5.0,4.0,3.382198923673436
3.0,5.0,3.0,4.0,5.0,5.0,3.6514644228519497
3.0,5.0,3.0,5.0,1.0,2.0,2.552360993424883
3.0,5.0,3.0,5.0,1.0,3.0,2.7976031445266316
3.0,5.0,3.0,5.0,1.0,4.0,3.0114300667115885
3.0,5.0,3.0,5.0,1.0,5.0,3.160636526590801
3.0,5.0,3.0,5.0,2.0,2.0,2.684795277430955
3.0,5.0,3.0,5.0,2.0,3.0,2.879464737575205
3.0,5.0,3.0,5.0,2.0,4.0,3.061391035511435
3.0,5.0,3.0,5.0,2.0,5.0,3.281142948395812
3.0,5.0,3.0,5.0,3.0,2.0,2.8058206448541387
3.0,5.0,3.0,5.0,3.0,3.0,3.0501658301290333
3.0,5.0,3.0,5.0,3.0,4.0,3.2794090343263216
3.0,5.0,3.0,5.0,3.0,5.0,3.4565806373664585
3.0,5.0,3.0,5.0,4.0,1.0,2.673773612514985
3.0,5.0,3.0,5.0,4.0,2.0,2.902670368060752
3.0,5.0,3.0,5.0,4.0,3.0,3.189250543393839
3.0,5.0,3.0,5.0,4.0,4.0,3.4560418267013473
3.0,5.0,3.0,5.0,4.0,5.0,3.5652502244288193
3.0,5.0,3.0,5.0,5.0,1.0,2.8182726361060686
3.0,5.0,3.0,5.0,5.0,2.0,3.0383928482920393
3.0,5.0,3.0,5.0,5.0,3.0,3.228453525383002
3.0,5.0,3.0,5.0,5.0,4.0,3.5443900445714904
3.0,5.0,3.0,5.0,5.0,5.0,3.651464859661743
3.0,5.0,4.0,1.0,1.0,3.0,2.589958843385243
3.0,5.0,4.0,1.0,2.0,4.0,2.9163823121256462
3.0,5.0,4.0,1.0,3.0,1.0,2.3512459717780994
3.0,5.0,4.0,1.0,3.0,3.0,2.8032890246744966
3.0,5.0,4.0,1.0,3.0,4.0,3.0213928313117324
3.0,5.0,4.0,1.0,4.0,1.0,2.4876041120657004
3.0,5.0,4.0,1.0,4.0,2.0,2.7003980675871104
3.0,5.0,4.0,1.0,4.0,4.0,3.14085503063658
3.0,5.0,4.0,1.0,5.0,2.0,2.8086276814807296
3.0,5.0,4.0,1.0,5.0,5.0,3.5031824386574133
3.0,5.0,4.0,2.0,2.0,2.0,2.579801329783013
3.0,5.0,4.0,2.0,2.0,3.0,2.80084639856583
3.0,5.0,4.0,2.0,2.0,4.0,3.0323796483955987
3.0,5.0,4.0,2.0,3.0,1.0,2.4563306311828383
3.0,5.0,4.0,2.0,3.0,2.0,2.6830745896527812
3.0,5.0,4.0,2.0,3.0,3.0,2.9236810468188956
3.0,5.0,4.0,2.0,3.0,4.0,3.151660081117376
3.0,5.0,4.0,2.0,4.0,2.0,2.835975164787831
3.0,5.0,4.0,2.0,4.0,3.0,3.0629767174476434
3.0,5.0,4.0,2.0,4.0,4.0,3.304560659019822
3.0,5.0,4.0,2.0,4.0,5.0,3.497454912828403
3.0,5.0,4.0,2.0,5.0,1.0,2.7049556729135644
3.0,5.0,4.0,2.0,5.0,2.0,2.938226539264839
3.0,5.0,4.0,2.0,5.0,3.0,3.203018839745772
3.0,5.0,4.0,2.0,5.0,4.0,3.403997524249877
3.0,5.0,4.0,2.0,5.0,5.0,3.6215628004992997
3.0,5.0,4.0,3.0,1.0,1.0,2.32866565806943
3.0,5.0,4.0,3.0,1.0,2.0,2.566899257780579
3.0,5.0,4.0,3.0,1.0,3.0,2.8083566817002423
3.0,5.0,4.0,3.0,2.0,2.0,2.7036834617969325
3.0,5.0,4.0,3.0,2.0,3.0,2.9647563685688585
3.0,5.0,4.0,3.0,2.0,4.0,3.176094783052891
3.0,5.0,4.0,3.0,2.0,5.0,3.3520266291864274
3.0,5.0,4.0,3.0,3.0,1.0,2.6227898476688716
3.0,5.0,4.0,3.0,3.0,2.0,2.8126495269700458
3.0,5.0,4.0,3.0,3.0,3.0,3.0724066199285858
3.0,5.0,4.0,3.0,3.0,4.0,3.3223360980873182
3.0,5.0,4.0,3.0,3.0,5.0,3.4448689765868705
3.0,5.0,4.0,3.0,4.0,2.0,2.9492133494073762
3.0,5.0,4.0,3.0,4.0,3.0,3.1834524598789957
3.0,5.0,4.0,3.0,4.0,4.0,3.488862160021405
3.0,5.0,4.0,3.0,4.0,5.0,3.6279250140769213
3.0,5.0,4.0,3.0,5.0,2.0,3.071044499423358
3.0,5.0,4.0,3.0,5.0,3.0,3.3047862630762044
3.0,5.0,4.0,3.0,5.0,4.0,3.6037045488243065
3.0,5.0,4.0,3.0,5.0,5.0,3.734032721187179
3.0,5.0,4.0,4.0,1.0,3.0,2.9236972832147963
3.0,5.0,4.0,4.0,1.0,4.0,3.1425431486204816
3.0,5.0,4.0,4.0,1.0,5.0,3.380776750114201
3.0,5.0,4.0,4.0,2.0,2.0,2.8461335027046584
3.0,5.0,4.0,4.0,2.0,3.0,3.0390231754419923
3.0,5.0,4.0,4.0,2.0,4.0,3.281671466825362
3.0,5.0,4.0,4.0,2.0,5.0,3.4857872688919014
3.0,5.0,4.0,4.0,3.0,2.0,2.977400966866498
3.0,5.0,4.0,4.0,3.0,3.0,3.3169813263767383
3.0,5.0,4.0,4.0,3.0,4.0,3.5183274097516577
3.0,5.0,4.0,4.0,3.0,5.0,3.642480540659505
3.0,5.0,4.0,4.0,4.0,2.0,3.0652106828545245
3.0,5.0,4.0,4.0,4.0,3.0,3.4019546205504487
3.0,5.0,4.0,4.0,4.0,4.0,3.6760349393983107
3.0,5.0,4.0,4.0,4.0,5.0,3.7973897297584047
3.0,5.0,4.0,4.0,5.0,2.0,3.2038624652084255
3.0,5.0,4.0,4.0,5.0,3.0,3.401954816355481
3.0,5.0,4.0,4.0,5.0,4.0,3.773146398095659
3.0,5.0,4.0,4.0,5.0,5.0,3.9290027155966656
3.0,5.0,4.0,5.0,1.0,2.0,2.7988939249620124
3.0,5.0,4.0,5.0,1.0,4.0,3.2422416317366096
3.0,5.0,4.0,5.0,2.0,1.0,2.699312163121995
3.0,5.0,4.0,5.0,2.0,3.0,3.135309534574865
3.0,5.0,4.0,5.0,2.0,4.0,3.409385395322561
3.0,5.0,4.0,5.0,2.0,5.0,3.636926705752438
3.0,5.0,4.0,5.0,3.0,3.0,3.316981293955268
3.0,5.0,4.0,5.0,3.0,4.0,3.5219045125315103
3.0,5.0,4.0,5.0,3.0,5.0,3.709991198054209
3.0,5.0,4.0,5.0,4.0,2.0,3.1980286157343225
3.0,5.0,4.0,5.0,4.0,3.0,3.4692487636576583
3.0,5.0,4.0,5.0,4.0,4.0,3.7343967462754546
3.0,5.0,4.0,5.0,4.0,5.0,3.9536919173800755
3.0,5.0,4.0,5.0,5.0,3.0,3.5067398075361247
3.0,5.0,4.0,5.0,5.0,4.0,3.8458121077715974
3.0,5.0,4.0,5.0,5.0,5.0,4.049466123545735
3.0,5.0,5.0,1.0,1.0,1.0,2.337526981465044
3.0,5.0,5.0,1.0,2.0,1.0,2.49867634154257
3.0,5.0,5.0,1.0,2.0,2.0,2.7369099409884456
3.0,5.0,5.0,1.0,3.0,1.0,2.632859638551098
3.0,5.0,5.0,1.0,3.0,2.0,2.8145199183158907
3.0,5.0,5.0,1.0,3.0,3.0,3.062286308056232
3.0,5.0,5.0,1.0,3.0,4.0,3.280036617789477
3.0,5.0,5.0,1.0,3.0,5.0,3.5229799884679536
3.0,5.0,5.0,1.0,4.0,1.0,2.725518005404083
3.0,5.0,5.0,1.0,4.0,3.0,3.1986444488585604
3.0,5.0,5.0,1.0,5.0,1.0,2.8641697794742083
3.0,5.0,5.0,1.0,5.0,2.0,3.100709847480014
3.0,5.0,5.0,1.0,5.0,3.0,3.297005006682811
3.0,5.0,5.0,1.0,5.0,4.0,3.5452293245439
3.0,5.0,5.0,2.0,1.0,2.0,2.731076112865721
3.0,5.0,5.0,2.0,1.0,3.0,2.952489084400518
3.0,5.0,5.0,2.0,2.0,2.0,2.8387986160933636
3.0,5.0,5.0,2.0,3.0,1.0,2.753325447506741
3.0,5.0,5.0,2.0,3.0,2.0,2.9751567528260807
3.0,5.0,5.0,2.0,3.0,3.0,3.176364622725165
3.0,5.0,5.0,2.0,4.0,2.0,3.0797489354807865
3.0,5.0,5.0,2.0,4.0,3.0,3.317982532967666
3.0,5.0,5.0,2.0,4.0,5.0,3.760808467583328
3.0,5.0,5.0,2.0,5.0,2.0,3.235221360208608
3.0,5.0,5.0,2.0,5.0,3.0,3.439813689028491
3.0,5.0,5.0,2.0,5.0,4.0,3.6612266509109985
3.0,5.0,5.0,3.0,1.0,3.0,3.068486407227866
3.0,5.0,5.0,3.0,1.0,5.0,3.519397019944329
3.0,5.0,5.0,3.0,2.0,2.0,2.968904599588471
3.0,5.0,5.0,3.0,2.0,3.0,3.1903175671795414
3.0,5.0,5.0,3.0,2.0,4.0,3.428551174477254
3.0,5.0,5.0,3.0,3.0,2.0,3.1040564854777637
3.0,5.0,5.0,3.0,3.0,3.0,3.3343426531299136
3.0,5.0,5.0,3.0,3.0,4.0,3.5743629930861283
3.0,5.0,5.0,3.0,4.0,3.0,3.457887252065061
3.0,5.0,5.0,3.0,4.0,4.0,3.675821951194016
3.0,5.0,5.0,3.0,4.0,5.0,3.893626430966758
3.0,5.0,5.0,3.0,5.0,2.0,3.3512186832630575
3.0,5.0,5.0,3.0,5.0,3.0,3.5647162247126327
3.0,5.0,5.0,3.0,5.0,4.0,3.770595806880892
3.0,5.0,5.0,3.0,5.0,5.0,4.054094100103524
3.0,5.0,5.0,4.0,1.0,3.0,3.1508424706648084
3.0,5.0,5.0,4.0,1.0,4.0,3.4227173416403884
3.0,5.0,5.0,4.0,2.0,2.0,3.0680812940111277
3.0,5.0,5.0,4.0,2.0,3.0,3.2963459121334977
3.0,5.0,5.0,4.0,2.0,4.0,3.5355407250668693
3.0,5.0,5.0,4.0,2.0,5.0,3.7659614550806157
3.0,5.0,5.0,4.0,3.0,3.0,3.4384940952148573
3.0,5.0,5.0,4.0,3.0,4.0,3.6762993608314662
3.0,5.0,5.0,4.0,3.0,5.0,3.8896491689434702
3.0,5.0,5.0,4.0,4.0,3.0,3.5526339077221776
3.0,5.0,5.0,4.0,4.0,4.0,3.8057416866951783
3.0,5.0,5.0,4.0,4.0,5.0,4.04798196656837
3.0,5.0,5.0,4.0,5.0,1.0,3.19534128204902
3.0,5.0,5.0,4.0,5.0,3.0,3.642875354977146
3.0,5.0,5.0,4.0,5.0,4.0,3.878123109603496
3.0,5.0,5.0,4.0,5.0,5.0,4.105033189755427
3.0,5.0,5.0,5.0,1.0,1.0,2.8965187974799838
3.0,5.0,5.0,5.0,1.0,3.0,3.2907017904867506
3.0,5.0,5.0,5.0,1.0,4.0,3.5463457689131284
3.0,5.0,5.0,5.0,1.0,5.0,3.7098320071268374
3.0,5.0,5.0,5.0,2.0,2.0,3.18103354097709
3.0,5.0,5.0,5.0,2.0,3.0,3.4411141988092098
3.0,5.0,5.0,5.0,2.0,5.0,3.8911173623566624
3.0,5.0,5.0,5.0,3.0,3.0,3.5310357493344218
3.0,5.0,5.0,5.0,3.0,4.0,3.7785379136097856
3.0,5.0,5.0,5.0,3.0,5.0,3.9417960235251917
3.0,5.0,5.0,5.0,4.0,3.0,3.702792398667505
3.0,5.0,5.0,5.0,4.0,4.0,3.9130032354089987
3.0,5.0,5.0,5.0,4.0,5.0,4.132009872361077
3.0,5.0,5.0,5.0,5.0,1.0,3.344979732935182
3.0,5.0,5.0,5.0,5.0,2.0,3.5735655229941066
3.0,5.0,5.0,5.0,5.0,3.0,3.742352669535358
3.0,5.0,5.0,5.0,5.0,4.0,4.0448282728757246
3.0,5.0,5.0,5.0,5.0,5.0,4.26823304265715
4.0,1.0,1.0,1.0,1.0,1.0,1.3222702483106337
4.0,1.0,1.0,1.0,2.0,1.0,1.5199867606973105
4.0,1.0,1.0,1.0,3.0,1.0,1.6269994623365853
4.0,1.0,1.0,1.0,3.0,2.0,1.8968721089205607
4.0,1.0,1.0,2.0,1.0,1.0,1.5056476434372408
4.0,1.0,1.0,2.0,1.0,2.0,1.7441726359230187
4.0,1.0,1.0,2.0,2.0,1.0,1.6359840915069817
4.0,1.0,1.0,2.0,2.0,3.0,2.0956306439050025
4.0,1.0,1.0,2.0,3.0,1.0,1.7656975209570296
4.0,1.0,1.0,2.0,4.0,1.0,1.8796463929228397
4.0,1.0,1.0,2.0,4.0,2.0,2.117879989508496
4.0,1.0,1.0,2.0,4.0,4.0,2.5438852874417024
4.0,1.0,1.0,3.0,1.0,1.0,1.6774519853354664
4.0,1.0,1.0,3.0,1.0,2.0,1.8515632317515036
4.0,1.0,1.0,3.0,1.0,3.0,2.0883114344129736
4.0,1.0,1.0,3.0,1.0,4.0,2.2943891524574074
4.0,1.0,1.0,3.0,2.0,1.0,1.7519814244247005
4.0,1.0,1.0,3.0,3.0,1.0,1.8906331908604095
4.0,1.0,1.0,3.0,3.0,3.0,2.3166385051037537
4.0,1.0,1.0,3.0,4.0,2.0,2.2170566878281597
4.0,1.0,1.0,3.0,4.0,4.0,2.676703228319475
4.0,1.0,1.0,3.0,5.0,2.0,2.3388878231837396
4.0,1.0,1.0,4.0,1.0,1.0,1.7263164146079912
4.0,1.0,1.0,4.0,1.0,2.0,1.9675605600102213
4.0,1.0,1.0,4.0,1.0,4.0,2.3870551686843813
4.0,1.0,1.0,4.0,2.0,1.0,1.8679787370615784
4.0,1.0,1.0,4.0,2.0,4.0,2.5490382823071887
4.0,1.0,1.0,4.0,3.0,1.0,2.0234511630504484
4.0,1.0,1.0,4.0,3.0,3.0,2.4494564648837107
4.0,1.0,1.0,4.0,4.0,1.0,2.111641056874861
4.0,1.0,1.0,4.0,4.0,3.0,2.5881082347646633
4.0,1.0,1.0,4.0,5.0,2.0,2.45488515405579
4.0,1.0,1.0,4.0,5.0,4.0,2.9145317228896634
4.0,1.0,1.0,5.0,1.0,1.0,1.862144925001096
4.0,1.0,1.0,5.0,3.0,3.0,2.5654537774600157
4.0,1.0,2.0,1.0,1.0,1.0,1.6777711885045612
4.0,1.0,2.0,1.0,2.0,1.0,1.7833403185528258
4.0,1.0,2.0,1.0,2.0,2.0,2.0047532750793122
4.0,1.0,2.0,2.0,1.0,1.0,1.7646449253025065
4.0,1.0,2.0,2.0,1.0,2.0,1.9989194552427263
4.0,1.0,2.0,2.0,1.0,3.0,2.220332419952008
4.0,1.0,2.0,2.0,2.0,2.0,2.1375712395928734
4.0,1.0,2.0,2.0,3.0,3.0,2.480815373429134
4.0,1.0,2.0,2.0,4.0,3.0,2.6026465186539585
4.0,1.0,2.0,2.0,4.0,4.0,2.8745213796021827
4.0,1.0,2.0,3.0,1.0,1.0,1.9103244541551831
4.0,1.0,2.0,3.0,1.0,2.0,2.1149167859866895
4.0,1.0,2.0,3.0,2.0,2.0,2.22182406188172
4.0,1.0,2.0,3.0,2.0,3.0,2.467124426158585
4.0,1.0,2.0,3.0,3.0,3.0,2.603482564683741
4.0,1.0,2.0,3.0,4.0,2.0,2.514051495985366
4.0,1.0,2.0,3.0,4.0,4.0,2.940056812105646
4.0,1.0,2.0,4.0,1.0,1.0,2.0263217835962735
4.0,1.0,2.0,4.0,1.0,2.0,2.2477347429185452
4.0,1.0,2.0,4.0,1.0,3.0,2.469147705055702
4.0,1.0,2.0,4.0,2.0,3.0,2.5909788618851235
4.0,1.0,2.0,4.0,2.0,4.0,2.798953037867285
4.0,1.0,2.0,4.0,3.0,3.0,2.7058839682759905
4.0,1.0,2.0,4.0,3.0,4.0,2.935311181040091
4.0,1.0,2.0,4.0,4.0,4.0,3.0728747640273926
4.0,1.0,2.0,5.0,1.0,1.0,2.1423191008952474
4.0,1.0,2.0,5.0,1.0,4.0,2.789737402448339
4.0,1.0,2.0,5.0,4.0,4.0,3.1720514560294197
4.0,1.0,2.0,5.0,4.0,5.0,3.427105690796338
4.0,1.0,2.0,5.0,5.0,2.0,2.8510566711813676
4.0,1.0,2.0,5.0,5.0,3.0,3.0724696555232516
4.0,1.0,3.0,1.0,1.0,1.0,1.9248627256839324
4.0,1.0,3.0,1.0,2.0,3.0,2.506340436594574
4.0,1.0,3.0,1.0,3.0,3.0,2.6113509507300963
4.0,1.0,3.0,1.0,4.0,3.0,2.7331821023996747
4.0,1.0,3.0,2.0,1.0,3.0,2.483685972982095
4.0,1.0,3.0,2.0,2.0,2.0,2.377750658149138
4.0,1.0,3.0,2.0,2.0,3.0,2.6120434006481514
4.0,1.0,3.0,2.0,3.0,3.0,2.764943984076314
4.0,1.0,3.0,3.0,1.0,2.0,2.382233190853774
4.0,1.0,3.0,3.0,1.0,3.0,2.6333245733775956
4.0,1.0,3.0,3.0,1.0,4.0,2.854737549886862
4.0,1.0,3.0,3.0,2.0,2.0,2.5083714038227827
4.0,1.0,3.0,3.0,2.0,3.0,2.7383350956442474
4.0,1.0,3.0,3.0,3.0,1.0,2.377351918200367
4.0,1.0,3.0,3.0,3.0,3.0,2.864718279803011
4.0,1.0,3.0,3.0,3.0,4.0,3.0983998488705633
4.0,1.0,3.0,3.0,4.0,4.0,3.220230995657783
4.0,1.0,3.0,3.0,5.0,5.0,3.580295745641275
4.0,1.0,3.0,4.0,1.0,2.0,2.51108830727179
4.0,1.0,3.0,4.0,1.0,3.0,2.708661753175937
4.0,1.0,3.0,4.0,1.0,4.0,2.955415128855642
4.0,1.0,3.0,4.0,2.0,3.0,2.856742459676891
4.0,1.0,3.0,4.0,2.0,4.0,3.092566020545486
4.0,1.0,3.0,4.0,3.0,3.0,2.993213291530247
4.0,1.0,3.0,4.0,3.0,4.0,3.2273933475203527
4.0,1.0,3.0,4.0,4.0,3.0,3.1129163011218393
4.0,1.0,3.0,4.0,4.0,4.0,3.315033558874825
4.0,1.0,3.0,4.0,4.0,5.0,3.5576412898080387
4.0,1.0,3.0,4.0,5.0,2.0,2.9984129256912904
4.0,1.0,3.0,5.0,1.0,2.0,2.6439062713938104
4.0,1.0,3.0,5.0,1.0,3.0,2.865319230794336
4.0,1.0,3.0,5.0,1.0,5.0,3.291324519316372
4.0,1.0,3.0,5.0,3.0,3.0,3.092160905662299
4.0,1.0,3.0,5.0,3.0,4.0,3.3359151252575723
4.0,1.0,3.0,5.0,3.0,5.0,3.5426795155144504
4.0,1.0,3.0,5.0,4.0,3.0,3.2308126860215554
4.0,1.0,3.0,5.0,4.0,4.0,3.452225651031704
4.0,1.0,3.0,5.0,5.0,4.0,3.5572361619512485
4.0,1.0,4.0,1.0,1.0,1.0,2.1882162624619634
4.0,1.0,4.0,3.0,3.0,4.0,3.3785740289569373
4.0,1.0,4.0,4.0,1.0,1.0,2.5362082558217556
4.0,1.0,4.0,4.0,1.0,2.0,2.7912624904650447
4.0,1.0,4.0,4.0,1.0,3.0,2.979034187345855
4.0,1.0,4.0,4.0,1.0,4.0,3.1587947088892747
4.0,1.0,4.0,4.0,2.0,4.0,3.339098935027887
4.0,1.0,4.0,4.0,3.0,3.0,3.2520978875798083
4.0,1.0,4.0,4.0,3.0,4.0,3.4863906312940096
4.0,1.0,4.0,4.0,4.0,3.0,3.3884560309998615
4.0,1.0,4.0,4.0,4.0,4.0,3.6151331392184543
4.0,1.0,4.0,5.0,1.0,3.0,3.1286727855372773
4.0,1.0,4.0,5.0,1.0,4.0,3.350085750182051
4.0,1.0,4.0,5.0,4.0,4.0,3.732399845785832
4.0,1.0,4.0,5.0,5.0,5.0,4.056909713464322
4.0,1.0,5.0,1.0,1.0,1.0,2.468390479783436
4.0,1.0,5.0,2.0,3.0,3.0,3.287696664195039
4.0,1.0,5.0,4.0,3.0,2.0,3.298278361387839
4.0,1.0,5.0,4.0,3.0,4.0,3.757924912313001
4.0,1.0,5.0,4.0,5.0,5.0,4.239820824259291
4.0,1.0,5.0,5.0,4.0,4.0,3.9957534011678666
4.0,1.0,5.0,5.0,4.0,5.0,4.1667044698789
4.0,2.0,1.0,1.0,1.0,1.0,1.4426926010595893
4.0,2.0,1.0,1.0,2.0,1.0,1.5592428471736837
4.0,2.0,1.0,1.0,2.0,3.0,2.0134683541368616
4.0,2.0,1.0,1.0,3.0,1.0,1.6722851622327441
4.0,2.0,1.0,2.0,2.0,1.0,1.705068608833608
4.0,2.0,1.0,2.0,3.0,2.0,2.046704516535607
4.0,2.0,1.0,2.0,3.0,3.0,2.284938100298988
4.0,2.0,1.0,3.0,1.0,1.0,1.6774520683655856
4.0,2.0,1.0,3.0,1.0,3.0,2.1404525020711334
4.0,2.0,1.0,3.0,2.0,1.0,1.8389865331561248
4.0,2.0,1.0,3.0,2.0,2.0,2.023651969439712
4.0,2.0,1.0,3.0,2.0,3.0,2.279104276835365
4.0,2.0,1.0,3.0,2.0,4.0,2.500517225560021
4.0,2.0,1.0,3.0,3.0,2.0,2.162701831686359
4.0,2.0,1.0,3.0,3.0,3.0,2.367294161271774
4.0,2.0,1.0,3.0,4.0,1.0,2.0462993879154165
4.0,2.0,1.0,3.0,4.0,2.0,2.2845329719265877
4.0,2.0,1.0,3.0,4.0,4.0,2.710538280977019
4.0,2.0,1.0,4.0,1.0,1.0,1.770869457840101
4.0,2.0,1.0,4.0,1.0,3.0,2.2732704514822335
4.0,2.0,1.0,4.0,2.0,1.0,1.9186344181894808
4.0,2.0,1.0,4.0,2.0,2.0,2.173688636760438
4.0,2.0,1.0,4.0,3.0,1.0,2.0563381084826062
4.0,2.0,1.0,4.0,3.0,3.0,2.516932749321418
4.0,2.0,1.0,4.0,3.0,4.0,2.6930465846353733
4.0,2.0,1.0,4.0,4.0,2.0,2.4005303057136103
4.0,2.0,1.0,4.0,4.0,3.0,2.6531055865588584
4.0,2.0,1.0,4.0,4.0,4.0,2.860176868914627
4.0,2.0,1.0,5.0,1.0,3.0,2.3724471463129917
4.0,2.0,1.0,5.0,1.0,4.0,2.610680739281778
4.0,2.0,1.0,5.0,3.0,1.0,2.156462886928228
4.0,2.0,1.0,5.0,3.0,2.0,2.3946964840253493
4.0,2.0,1.0,5.0,3.0,4.0,2.8543430485088597
4.0,2.0,1.0,5.0,4.0,1.0,2.295114672698278
4.0,2.0,1.0,5.0,4.0,4.0,2.9444023445363077
4.0,2.0,1.0,5.0,5.0,1.0,2.4337664396573637
4.0,2.0,1.0,5.0,5.0,5.0,3.3025976772992323
4.0,2.0,2.0,1.0,2.0,1.0,1.8444624925813013
4.0,2.0,2.0,1.0,2.0,2.0,2.0710350756049456
4.0,2.0,2.0,1.0,2.0,3.0,2.305327817996581
4.0,2.0,2.0,1.0,2.0,4.0,2.4982349152964582
4.0,2.0,2.0,1.0,3.0,2.0,2.194060740120571
4.0,2.0,2.0,1.0,3.0,4.0,2.6537072771800245
4.0,2.0,2.0,1.0,5.0,1.0,2.199489476676065
4.0,2.0,2.0,2.0,1.0,1.0,1.8310049397242136
4.0,2.0,2.0,2.0,1.0,2.0,2.065297683889529
4.0,2.0,2.0,2.0,2.0,2.0,2.185113386139494
4.0,2.0,2.0,2.0,2.0,3.0,2.409639876339615
4.0,2.0,2.0,2.0,3.0,2.0,2.3062728317863486
4.0,2.0,2.0,2.0,3.0,3.0,2.548291658306735
4.0,2.0,2.0,3.0,1.0,1.0,1.960980113968437
4.0,2.0,2.0,3.0,1.0,2.0,2.1655724477699936
4.0,2.0,2.0,3.0,1.0,3.0,2.4038060469684166
4.0,2.0,2.0,3.0,2.0,1.0,2.0828112808986052
4.0,2.0,2.0,3.0,2.0,2.0,2.261057418695782
4.0,2.0,2.0,3.0,2.0,3.0,2.5424578273032736
4.0,2.0,2.0,3.0,3.0,1.0,2.2142553106287144
4.0,2.0,2.0,3.0,3.0,2.0,2.4622380307159486
4.0,2.0,2.0,3.0,3.0,3.0,2.6394589801444535
4.0,2.0,2.0,3.0,3.0,4.0,2.8857019558672143
4.0,2.0,2.0,3.0,4.0,2.0,2.5622078475396775
4.0,2.0,2.0,3.0,4.0,3.0,2.7768080954349093
4.0,2.0,2.0,3.0,4.0,4.0,3.007533101903193
4.0,2.0,2.0,4.0,1.0,2.0,2.2983904130960413
4.0,2.0,2.0,4.0,1.0,3.0,2.5112046061054953
4.0,2.0,2.0,4.0,1.0,4.0,2.758036973092194
4.0,2.0,2.0,4.0,2.0,2.0,2.4202215687823236
4.0,2.0,2.0,4.0,2.0,3.0,2.6428371348530293
4.0,2.0,2.0,4.0,3.0,2.0,2.5493669811596185
4.0,2.0,2.0,4.0,3.0,3.0,2.717391518256095
4.0,2.0,2.0,4.0,3.0,4.0,2.9690975270488114
4.0,2.0,2.0,4.0,4.0,2.0,2.6480045318255407
4.0,2.0,2.0,4.0,4.0,3.0,2.9228321776001946
4.0,2.0,2.0,4.0,4.0,4.0,3.1195099337499603
4.0,2.0,2.0,4.0,5.0,4.0,3.2578450264861543
4.0,2.0,2.0,5.0,1.0,3.0,2.6358007039513787
4.0,2.0,2.0,5.0,2.0,1.0,2.2979852906488616
4.0,2.0,2.0,5.0,2.0,2.0,2.5362188756011896
4.0,2.0,2.0,5.0,2.0,3.0,2.7576318613335014
4.0,2.0,2.0,5.0,4.0,1.0,2.5584682141219894
4.0,2.0,2.0,5.0,4.0,4.0,3.2317316676773173
4.0,2.0,2.0,5.0,4.0,5.0,3.4945819929184196
4.0,2.0,2.0,5.0,5.0,4.0,3.361358909171555
4.0,2.0,3.0,1.0,1.0,3.0,2.4688062251879526
4.0,2.0,3.0,1.0,3.0,1.0,2.199012873402996
4.0,2.0,3.0,1.0,3.0,2.0,2.457414285388505
4.0,2.0,3.0,1.0,4.0,2.0,2.5792454331424173
4.0,2.0,3.0,2.0,1.0,1.0,2.0734597858654653
4.0,2.0,3.0,2.0,1.0,3.0,2.5679829125047733
4.0,2.0,3.0,2.0,2.0,2.0,2.45315731988674
4.0,2.0,3.0,2.0,2.0,3.0,2.6729934302795098
4.0,2.0,3.0,2.0,3.0,2.0,2.587296450045747
4.0,2.0,3.0,2.0,3.0,3.0,2.8116452213323666
4.0,2.0,3.0,2.0,3.0,4.0,3.0330581802621337
4.0,2.0,3.0,2.0,4.0,1.0,2.473829825806684
4.0,2.0,3.0,2.0,4.0,2.0,2.700284507600515
4.0,2.0,3.0,2.0,4.0,3.0,2.9340413114211947
4.0,2.0,3.0,2.0,4.0,4.0,3.1548893357892163
4.0,2.0,3.0,2.0,5.0,3.0,3.0543929538142174
4.0,2.0,3.0,3.0,1.0,3.0,2.667137288013754
4.0,2.0,3.0,3.0,2.0,1.0,2.3629854611628924
4.0,2.0,3.0,3.0,2.0,2.0,2.568071990382281
4.0,2.0,3.0,3.0,2.0,3.0,2.799194859610033
4.0,2.0,3.0,3.0,3.0,1.0,2.4647765325604096
4.0,2.0,3.0,3.0,3.0,2.0,2.6894089531975256
4.0,2.0,3.0,3.0,3.0,3.0,2.982980721682372
4.0,2.0,3.0,3.0,3.0,4.0,3.149055511171035
4.0,2.0,3.0,3.0,4.0,3.0,3.0436081603383847
4.0,2.0,3.0,3.0,4.0,4.0,3.27661334488763
4.0,2.0,3.0,3.0,5.0,3.0,3.1684712645854596
4.0,2.0,3.0,3.0,5.0,4.0,3.3962101023281233
4.0,2.0,3.0,3.0,5.0,5.0,3.614130786492238
4.0,2.0,3.0,4.0,1.0,3.0,2.79998105598243
4.0,2.0,3.0,4.0,1.0,4.0,3.0193713687555745
4.0,2.0,3.0,4.0,2.0,1.0,2.462162157708207
4.0,2.0,3.0,4.0,2.0,2.0,2.688809724644698
4.0,2.0,3.0,4.0,2.0,3.0,2.94670086015919
4.0,2.0,3.0,4.0,2.0,4.0,3.1321123440774428
4.0,2.0,3.0,4.0,2.0,5.0,3.3646346602995765
4.0,2.0,3.0,4.0,3.0,1.0,2.6008139415624516
4.0,2.0,3.0,4.0,3.0,2.0,2.814754724289403
4.0,2.0,3.0,4.0,3.0,3.0,3.0578347151413907
4.0,2.0,3.0,4.0,3.0,4.0,3.256035155620212
4.0,2.0,3.0,4.0,4.0,2.0,2.9440580661076017
4.0,2.0,3.0,4.0,4.0,3.0,3.172934376225763
4.0,2.0,3.0,4.0,4.0,4.0,3.431663255047396
4.0,2.0,3.0,4.0,4.0,5.0,3.632991553170715
4.0,2.0,3.0,4.0,5.0,3.0,3.2735011738436137
4.0,2.0,3.0,4.0,5.0,4.0,3.5255357794509705
4.0,2.0,3.0,4.0,5.0,5.0,3.746948735005022
4.0,2.0,3.0,5.0,1.0,2.0,2.711382563842682
4.0,2.0,3.0,5.0,1.0,3.0,2.915974899120653
4.0,2.0,3.0,5.0,1.0,4.0,3.11857293951863
4.0,2.0,3.0,5.0,1.0,5.0,3.3363232508115357
4.0,2.0,3.0,5.0,2.0,2.0,2.786345593793523
4.0,2.0,3.0,5.0,2.0,3.0,3.0371807777844104
4.0,2.0,3.0,5.0,2.0,4.0,3.2383886463125324
4.0,2.0,3.0,5.0,3.0,3.0,3.1544417565337453
4.0,2.0,3.0,5.0,3.0,4.0,3.3978708000878646
4.0,2.0,3.0,5.0,4.0,4.0,3.5027001234329997
4.0,2.0,3.0,5.0,4.0,5.0,3.7288552311866594
4.0,2.0,3.0,5.0,5.0,3.0,3.4032995045972276
4.0,2.0,3.0,5.0,5.0,4.0,3.614378184215535
4.0,2.0,3.0,5.0,5.0,5.0,3.8085452619228084
4.0,2.0,4.0,2.0,4.0,1.0,2.737183357157304
4.0,2.0,4.0,2.0,4.0,3.0,3.1968299219655667
4.0,2.0,4.0,3.0,1.0,1.0,2.4708666115659015
4.0,2.0,4.0,3.0,2.0,3.0,3.0523443113772006
4.0,2.0,4.0,3.0,3.0,2.0,2.969583130886266
4.0,2.0,4.0,3.0,3.0,3.0,3.1847810599177007
4.0,2.0,4.0,3.0,3.0,4.0,3.4124090648101673
4.0,2.0,4.0,3.0,3.0,5.0,3.6170013989859697
4.0,2.0,4.0,3.0,4.0,3.0,3.3076528520075383
4.0,2.0,4.0,3.0,4.0,4.0,3.5419455965410136
4.0,2.0,4.0,3.0,5.0,5.0,3.879511593302291
4.0,2.0,4.0,4.0,1.0,3.0,3.063331120849397
4.0,2.0,4.0,4.0,1.0,4.0,3.2800343583633764
4.0,2.0,4.0,4.0,2.0,2.0,2.9643494473023857
4.0,2.0,4.0,4.0,2.0,3.0,3.1791369385889188
4.0,2.0,4.0,4.0,2.0,4.0,3.3870458458261945
4.0,2.0,4.0,4.0,3.0,2.0,3.085580468423334
4.0,2.0,4.0,4.0,3.0,3.0,3.3349231216585844
4.0,2.0,4.0,4.0,3.0,4.0,3.5546922512124466
4.0,2.0,4.0,4.0,4.0,2.0,3.2242322462349313
4.0,2.0,4.0,4.0,4.0,3.0,3.3955589905683046
4.0,2.0,4.0,4.0,4.0,4.0,3.6967164297018567
4.0,2.0,4.0,4.0,4.0,5.0,3.8921021268164906
4.0,2.0,4.0,4.0,5.0,4.0,3.7923820461653204
4.0,2.0,4.0,4.0,5.0,5.0,3.9937961708412444
4.0,2.0,4.0,5.0,2.0,5.0,3.7608061594161293
4.0,2.0,4.0,5.0,3.0,5.0,3.8845792572679296
4.0,2.0,4.0,5.0,4.0,3.0,3.544821909482384
4.0,2.0,4.0,5.0,4.0,4.0,3.7774655150664898
4.0,2.0,4.0,5.0,4.0,5.0,4.004468476132937
4.0,2.0,4.0,5.0,5.0,4.0,3.8899179141921096
4.0,2.0,4.0,5.0,5.0,5.0,4.149859622669743
4.0,2.0,5.0,3.0,5.0,4.0,3.919424921801107
4.0,2.0,5.0,4.0,3.0,3.0,3.5939976255312627
4.0,2.0,5.0,4.0,3.0,4.0,3.7952054910560613
4.0,2.0,5.0,4.0,4.0,3.0,3.7089987764765606
4.0,2.0,5.0,4.0,4.0,4.0,3.9505619381853894
4.0,2.0,5.0,4.0,4.0,5.0,4.146884902267425
4.0,2.0,5.0,5.0,1.0,4.0,3.6472743479201646
4.0,2.0,5.0,5.0,2.0,5.0,4.024159725514138
4.0,2.0,5.0,5.0,3.0,4.0,3.924577917411955
4.0,2.0,5.0,5.0,4.0,3.0,3.81134918996568
4.0,2.0,5.0,5.0,4.0,4.0,4.0428116559674
4.0,2.0,5.0,5.0,5.0,4.0,4.179038940197282
4.0,2.0,5.0,5.0,5.0,5.0,4.409519040225805
4.0,3.0,1.0,1.0,1.0,1.0,1.4426918450529482
4.0,3.0,1.0,1.0,1.0,2.0,1.7545211690084552
4.0,3.0,1.0,1.0,1.0,3.0,1.926705085442289
4.0,3.0,1.0,1.0,2.0,1.0,1.5624343889586543
4.0,3.0,1.0,1.0,2.0,2.0,1.8595316856917892
4.0,3.0,1.0,1.0,2.0,5.0,2.523770649454215
4.0,3.0,1.0,1.0,3.0,1.0,1.6722842580788302
4.0,3.0,1.0,1.0,3.0,2.0,1.9390960230107985
4.0,3.0,1.0,1.0,3.0,3.0,2.163629629572228
4.0,3.0,1.0,1.0,4.0,1.0,1.8817810251247327
4.0,3.0,1.0,1.0,4.0,2.0,2.1031939888133353
4.0,3.0,1.0,2.0,1.0,1.0,1.6019108629380767
4.0,3.0,1.0,2.0,1.0,2.0,1.8421861005495135
4.0,3.0,1.0,2.0,1.0,3.0,2.0738682710026333
4.0,3.0,1.0,2.0,2.0,1.0,1.7050683605057098
4.0,3.0,1.0,2.0,2.0,2.0,1.9463953786137809
4.0,3.0,1.0,2.0,3.0,1.0,1.8799842617334852
4.0,3.0,1.0,2.0,3.0,2.0,2.108695429111335
4.0,3.0,1.0,2.0,3.0,3.0,2.3354849560208084
4.0,3.0,1.0,2.0,4.0,1.0,1.997778342197079
4.0,3.0,1.0,2.0,4.0,2.0,2.219191317738617
4.0,3.0,1.0,2.0,4.0,3.0,2.4406042838087827
4.0,3.0,1.0,2.0,5.0,4.0,2.8006690121758995
4.0,3.0,1.0,3.0,1.0,1.0,1.6902302368820226
4.0,3.0,1.0,3.0,1.0,2.0,1.9867387177090086
4.0,3.0,1.0,3.0,2.0,1.0,1.8667402263880837
4.0,3.0,1.0,3.0,2.0,2.0,2.106554417048953
4.0,3.0,1.0,3.0,2.0,4.0,2.5089701621814
4.0,3.0,1.0,3.0,3.0,1.0,1.9759327200692456
4.0,3.0,1.0,3.0,3.0,2.0,2.2454845728451645
4.0,3.0,1.0,3.0,3.0,3.0,2.4165560138389104
4.0,3.0,1.0,3.0,4.0,2.0,2.3351886440715446
4.0,3.0,1.0,3.0,4.0,3.0,2.571032054470995
4.0,3.0,1.0,3.0,5.0,2.0,2.457019794859008
4.0,3.0,1.0,3.0,5.0,4.0,2.9166663501397037
4.0,3.0,1.0,4.0,1.0,1.0,1.8387728209429548
4.0,3.0,1.0,4.0,1.0,2.0,2.0842745827410076
4.0,3.0,1.0,4.0,1.0,3.0,2.3134765496667242
4.0,3.0,1.0,4.0,1.0,4.0,2.478769945544244
4.0,3.0,1.0,4.0,2.0,2.0,2.220632727038819
4.0,3.0,1.0,4.0,2.0,3.0,2.438383034069625
4.0,3.0,1.0,4.0,3.0,1.0,2.0707297446190807
4.0,3.0,1.0,4.0,3.0,2.0,2.3073635455801793
4.0,3.0,1.0,4.0,3.0,3.0,2.5318055004399223
4.0,3.0,1.0,4.0,3.0,4.0,2.7553601161457553
4.0,3.0,1.0,4.0,4.0,1.0,2.2570251380898503
4.0,3.0,1.0,4.0,4.0,2.0,2.451185968120016
4.0,3.0,1.0,4.0,4.0,3.0,2.653105701333394
4.0,3.0,1.0,4.0,4.0,4.0,2.929941606935434
4.0,3.0,1.0,4.0,5.0,3.0,2.7944300759484104
4.0,3.0,1.0,5.0,1.0,2.0,2.1848692168875488
4.0,3.0,1.0,5.0,1.0,4.0,2.6445157718792713
4.0,3.0,1.0,5.0,2.0,4.0,2.8168088159401226
4.0,3.0,1.0,5.0,3.0,3.0,2.688819475132497
4.0,3.0,1.0,5.0,4.0,3.0,2.822237536850567
4.0,3.0,1.0,5.0,4.0,4.0,3.0100092420813715
4.0,3.0,1.0,5.0,5.0,4.0,3.148661012168481
4.0,3.0,1.0,5.0,5.0,5.0,3.3474090417640987
4.0,3.0,2.0,1.0,1.0,1.0,1.7421894771254538
4.0,3.0,2.0,1.0,1.0,2.0,1.9849917080284123
4.0,3.0,2.0,1.0,1.0,3.0,2.2224670578452232
4.0,3.0,2.0,1.0,2.0,1.0,1.853857264953146
4.0,3.0,2.0,1.0,2.0,2.0,2.104310212205205
4.0,3.0,2.0,1.0,2.0,3.0,2.3716878353786055
4.0,3.0,2.0,1.0,3.0,1.0,2.0224560153165974
4.0,3.0,2.0,1.0,3.0,2.0,2.2323262552810004
4.0,3.0,2.0,1.0,3.0,3.0,2.4367449445619522
4.0,3.0,2.0,1.0,4.0,2.0,2.354617982677689
4.0,3.0,2.0,1.0,4.0,3.0,2.5879605092972526
4.0,3.0,2.0,1.0,4.0,4.0,2.826194113280577
4.0,3.0,2.0,2.0,1.0,1.0,1.9052064561380804
4.0,3.0,2.0,2.0,1.0,2.0,2.0769400060796124
4.0,3.0,2.0,2.0,1.0,3.0,2.349407999843576
4.0,3.0,2.0,2.0,2.0,1.0,2.048360990716615
4.0,3.0,2.0,2.0,2.0,2.0,2.2620826272008827
4.0,3.0,2.0,2.0,2.0,3.0,2.4401028946849155
4.0,3.0,2.0,2.0,3.0,1.0,2.136996354014223
4.0,3.0,2.0,2.0,3.0,2.0,2.3289432283715974
4.0,3.0,2.0,2.0,3.0,3.0,2.5593198722571344
4.0,3.0,2.0,2.0,4.0,3.0,2.708855099291741
4.0,3.0,2.0,2.0,4.0,4.0,2.943147848508631
4.0,3.0,2.0,2.0,5.0,3.0,2.842609619461258
4.0,3.0,2.0,2.0,5.0,4.0,3.0640225904158394
4.0,3.0,2.0,3.0,1.0,1.0,1.9949008196492124
4.0,3.0,2.0,3.0,1.0,2.0,2.211684974824049
4.0,3.0,2.0,3.0,1.0,3.0,2.4667837114082665
4.0,3.0,2.0,3.0,2.0,1.0,2.133466940804738
4.0,3.0,2.0,3.0,2.0,2.0,2.3413696797960886
4.0,3.0,2.0,3.0,2.0,3.0,2.641372677449919
4.0,3.0,2.0,3.0,3.0,1.0,2.2590464759793125
4.0,3.0,2.0,3.0,3.0,2.0,2.468396469120082
4.0,3.0,2.0,3.0,3.0,3.0,2.6475282538224034
4.0,3.0,2.0,3.0,4.0,1.0,2.3603086171573633
4.0,3.0,2.0,3.0,4.0,2.0,2.562207395728273
4.0,3.0,2.0,3.0,4.0,3.0,2.831480084749236
4.0,3.0,2.0,3.0,4.0,4.0,3.086041164159337
4.0,3.0,2.0,3.0,5.0,3.0,2.958606953374788
4.0,3.0,2.0,4.0,1.0,1.0,2.1234787909381954
4.0,3.0,2.0,4.0,1.0,2.0,2.332326566495608
4.0,3.0,2.0,4.0,1.0,3.0,2.5181634948593774
4.0,3.0,2.0,4.0,1.0,4.0,2.797202876169958
4.0,3.0,2.0,4.0,2.0,1.0,2.261879703163054
4.0,3.0,2.0,4.0,2.0,2.0,2.4363223882349203
4.0,3.0,2.0,4.0,2.0,3.0,2.760714648036451
4.0,3.0,2.0,4.0,2.0,4.0,2.9293407654498433
4.0,3.0,2.0,4.0,3.0,1.0,2.3636479668203787
4.0,3.0,2.0,4.0,3.0,2.0,2.549366758467234
4.0,3.0,2.0,4.0,3.0,3.0,2.8053310195180194
4.0,3.0,2.0,4.0,3.0,4.0,3.089297489629796
4.0,3.0,2.0,4.0,4.0,2.0,2.701013786953076
4.0,3.0,2.0,4.0,4.0,3.0,2.9883691607626264
4.0,3.0,2.0,4.0,4.0,4.0,3.180427708365974
4.0,3.0,2.0,4.0,4.0,5.0,3.4124196913546236
4.0,3.0,2.0,4.0,5.0,3.0,3.057783650492788
4.0,3.0,2.0,4.0,5.0,4.0,3.2701092461902075
4.0,3.0,2.0,4.0,5.0,5.0,3.5174302086069207
4.0,3.0,2.0,5.0,1.0,2.0,2.481864034618127
4.0,3.0,2.0,5.0,1.0,3.0,2.691642924604329
4.0,3.0,2.0,5.0,1.0,4.0,2.8928507827054433
4.0,3.0,2.0,5.0,2.0,3.0,2.825108156328951
4.0,3.0,2.0,5.0,3.0,3.0,2.9486657157318734
4.0,3.0,2.0,5.0,3.0,4.0,3.1655670730698406
4.0,3.0,2.0,5.0,3.0,5.0,3.3729445931420337
4.0,3.0,2.0,5.0,4.0,2.0,2.8002548415296933
4.0,3.0,2.0,5.0,4.0,3.0,3.085591092489554
4.0,3.0,2.0,5.0,4.0,4.0,3.2718888335528713
4.0,3.0,2.0,5.0,4.0,5.0,3.5031330770281293
4.0,3.0,2.0,5.0,5.0,2.0,2.95236800104701
4.0,3.0,2.0,5.0,5.0,3.0,3.18744816404964
4.0,3.0,2.0,5.0,5.0,4.0,3.412014572947662
4.0,3.0,2.0,5.0,5.0,5.0,3.651036165638094
4.0,3.0,3.0,1.0,1.0,1.0,1.977941372628176
4.0,3.0,3.0,1.0,1.0,2.0,2.2475870142246936
4.0,3.0,3.0,1.0,1.0,3.0,2.5026412441913592
4.0,3.0,3.0,1.0,2.0,1.0,2.0899779293189136
4.0,3.0,3.0,1.0,2.0,2.0,2.41572423492257
4.0,3.0,3.0,1.0,2.0,3.0,2.6141426819328806
4.0,3.0,3.0,1.0,3.0,1.0,2.2653728915113156
4.0,3.0,3.0,1.0,3.0,2.0,2.4836645774027044
4.0,3.0,3.0,1.0,3.0,3.0,2.7424795148906043
4.0,3.0,3.0,1.0,4.0,1.0,2.418273472590827
4.0,3.0,3.0,1.0,4.0,2.0,2.641947302504236
4.0,3.0,3.0,1.0,4.0,3.0,2.858457975998079
4.0,3.0,3.0,1.0,4.0,4.0,3.088066825845575
4.0,3.0,3.0,2.0,1.0,1.0,2.121271546400411
4.0,3.0,3.0,2.0,1.0,2.0,2.3854816914886507
4.0,3.0,3.0,2.0,1.0,3.0,2.626921684663304
4.0,3.0,3.0,2.0,2.0,1.0,2.263121030509173
4.0,3.0,3.0,2.0,2.0,2.0,2.4682113825595
4.0,3.0,3.0,2.0,2.0,3.0,2.733706419103929
4.0,3.0,3.0,2.0,3.0,1.0,2.4087922696839965
4.0,3.0,3.0,2.0,3.0,2.0,2.619270374537384
4.0,3.0,3.0,2.0,3.0,3.0,2.839623952520927
4.0,3.0,3.0,2.0,3.0,5.0,3.288306184923289
4.0,3.0,3.0,2.0,4.0,2.0,2.76561274584269
4.0,3.0,3.0,2.0,4.0,3.0,2.9340418258916445
4.0,3.0,3.0,2.0,4.0,4.0,3.189600767072739
4.0,3.0,3.0,2.0,4.0,5.0,3.443778593376334
4.0,3.0,3.0,2.0,5.0,3.0,3.1042105301499103
4.0,3.0,3.0,2.0,5.0,4.0,3.338503276705212
4.0,3.0,3.0,3.0,1.0,1.0,2.249766553537996
4.0,3.0,3.0,3.0,1.0,2.0,2.496733847398236
4.0,3.0,3.0,3.0,1.0,3.0,2.6952326699646654
4.0,3.0,3.0,3.0,1.0,5.0,3.1942824253677924
4.0,3.0,3.0,3.0,2.0,1.0,2.4136411263427924
4.0,3.0,3.0,3.0,2.0,2.0,2.56807221104635
4.0,3.0,3.0,3.0,2.0,3.0,2.8912352133582213
4.0,3.0,3.0,3.0,2.0,4.0,3.091619260370512
4.0,3.0,3.0,3.0,3.0,1.0,2.4647764924153734
4.0,3.0,3.0,3.0,3.0,2.0,2.739809245559619
4.0,3.0,3.0,3.0,3.0,3.0,3.11632102603412
4.0,3.0,3.0,3.0,3.0,4.0,3.296280145790836
4.0,3.0,3.0,3.0,4.0,2.0,2.874557001366246
4.0,3.0,3.0,3.0,4.0,3.0,3.1799351915476155
4.0,3.0,3.0,3.0,4.0,4.0,3.4409056292450044
4.0,3.0,3.0,3.0,4.0,5.0,3.564911693249709
4.0,3.0,3.0,3.0,5.0,3.0,3.223728769674497
4.0,3.0,3.0,3.0,5.0,4.0,3.471041092422724
4.0,3.0,3.0,3.0,5.0,5.0,3.670331886487804
4.0,3.0,3.0,4.0,1.0,1.0,2.384518852112359
4.0,3.0,3.0,4.0,1.0,2.0,2.63265416530016
4.0,3.0,3.0,4.0,1.0,3.0,2.8084245660885676
4.0,3.0,3.0,4.0,1.0,4.0,3.019371303777737
4.0,3.0,3.0,4.0,2.0,1.0,2.529638454293196
4.0,3.0,3.0,4.0,2.0,2.0,2.7433164899694056
4.0,3.0,3.0,4.0,2.0,3.0,3.0134419507241472
4.0,3.0,3.0,4.0,2.0,4.0,3.223408106522502
4.0,3.0,3.0,4.0,3.0,1.0,2.613993279373456
4.0,3.0,3.0,4.0,3.0,2.0,2.8643428934209902
4.0,3.0,3.0,4.0,3.0,3.0,3.248620148316203
4.0,3.0,3.0,4.0,3.0,4.0,3.549798439241469
4.0,3.0,3.0,4.0,3.0,5.0,3.5778636714904333
4.0,3.0,3.0,4.0,4.0,1.0,2.7733007373867755
4.0,3.0,3.0,4.0,4.0,2.0,2.99519859370911
4.0,3.0,3.0,4.0,4.0,3.0,3.3476747497509227
4.0,3.0,3.0,4.0,4.0,4.0,3.7141357745962247
4.0,3.0,3.0,4.0,4.0,5.0,3.744531303317825
4.0,3.0,3.0,4.0,5.0,3.0,3.347674483138504
4.0,3.0,3.0,4.0,5.0,4.0,3.714137601789437
4.0,3.0,3.0,4.0,5.0,5.0,3.8201193040086547
4.0,3.0,3.0,5.0,1.0,1.0,2.506983990997607
4.0,3.0,3.0,5.0,1.0,2.0,2.741444277421449
4.0,3.0,3.0,5.0,1.0,3.0,2.967182648758762
4.0,3.0,3.0,5.0,1.0,4.0,3.192040333353244
4.0,3.0,3.0,5.0,1.0,5.0,3.396130428119737
4.0,3.0,3.0,5.0,2.0,2.0,2.8622117018768374
4.0,3.0,3.0,5.0,2.0,3.0,3.084212263467027
4.0,3.0,3.0,5.0,2.0,4.0,3.3061003741608865
4.0,3.0,3.0,5.0,2.0,5.0,3.5284199575342527
4.0,3.0,3.0,5.0,3.0,1.0,2.7674669149445896
4.0,3.0,3.0,5.0,3.0,3.0,3.24861964471329
4.0,3.0,3.0,5.0,3.0,4.0,3.5820908046125117
4.0,3.0,3.0,5.0,3.0,5.0,3.690747219006126
4.0,3.0,3.0,5.0,4.0,1.0,2.8465774314534755
4.0,3.0,3.0,5.0,4.0,2.0,3.110711046070107
4.0,3.0,3.0,5.0,4.0,3.0,3.3476738100944448
4.0,3.0,3.0,5.0,4.0,4.0,3.714136272044374
4.0,3.0,3.0,5.0,4.0,5.0,3.8983753082378843
4.0,3.0,3.0,5.0,5.0,3.0,3.4673130097951543
4.0,3.0,3.0,5.0,5.0,4.0,3.723629673513194
4.0,3.0,3.0,5.0,5.0,5.0,3.943837163040708
4.0,3.0,4.0,1.0,1.0,1.0,2.289527596934839
4.0,3.0,4.0,1.0,2.0,1.0,2.4281793870616486
4.0,3.0,4.0,1.0,3.0,2.0,2.7714234992121063
4.0,3.0,4.0,1.0,3.0,3.0,3.009657107790408
4.0,3.0,4.0,1.0,4.0,4.0,3.371972885804984
4.0,3.0,4.0,1.0,5.0,2.0,3.0150858492321913
4.0,3.0,4.0,2.0,1.0,2.0,2.660579164660567
4.0,3.0,4.0,2.0,2.0,2.0,2.765589686072376
4.0,3.0,4.0,2.0,2.0,3.0,2.9874269261729265
4.0,3.0,4.0,2.0,2.0,4.0,3.242056875705914
4.0,3.0,4.0,2.0,3.0,2.0,2.8366295948758182
4.0,3.0,4.0,2.0,3.0,3.0,3.1196200878561013
4.0,3.0,4.0,2.0,3.0,4.0,3.341326721860037
4.0,3.0,4.0,2.0,4.0,2.0,3.009251990586772
4.0,3.0,4.0,2.0,4.0,3.0,3.2394319130114204
4.0,3.0,4.0,2.0,4.0,4.0,3.4611424209175206
4.0,3.0,4.0,2.0,4.0,5.0,3.707132148730558
4.0,3.0,4.0,2.0,5.0,4.0,3.6075503294688573
4.0,3.0,4.0,3.0,1.0,1.0,2.521522261598226
4.0,3.0,4.0,3.0,1.0,2.0,2.7765764986938484
4.0,3.0,4.0,3.0,1.0,3.0,2.981480882372436
4.0,3.0,4.0,3.0,2.0,2.0,2.869168559683392
4.0,3.0,4.0,3.0,2.0,3.0,3.120438747700436
4.0,3.0,4.0,3.0,2.0,4.0,3.368674208321025
4.0,3.0,4.0,3.0,3.0,1.0,2.785611664683924
4.0,3.0,4.0,3.0,3.0,2.0,3.00310736882754
4.0,3.0,4.0,3.0,3.0,3.0,3.252880460274553
4.0,3.0,4.0,3.0,3.0,4.0,3.4901278962387297
4.0,3.0,4.0,3.0,4.0,2.0,3.1568460312790196
4.0,3.0,4.0,3.0,4.0,3.0,3.3933286092513177
4.0,3.0,4.0,3.0,4.0,4.0,3.724473858129404
4.0,3.0,4.0,3.0,4.0,5.0,3.8063088466887267
4.0,3.0,4.0,3.0,5.0,3.0,3.4862414231021166
4.0,3.0,4.0,3.0,5.0,4.0,3.740977371579482
4.0,3.0,4.0,4.0,1.0,1.0,2.643516129535572
4.0,3.0,4.0,4.0,1.0,2.0,2.8977355967517613
4.0,3.0,4.0,4.0,1.0,3.0,3.075282006853043
4.0,3.0,4.0,4.0,1.0,4.0,3.326160115326881
4.0,3.0,4.0,4.0,2.0,2.0,3.0134983233905683
4.0,3.0,4.0,4.0,2.0,3.0,3.280191205753678
4.0,3.0,4.0,4.0,2.0,4.0,3.5256100085633024
4.0,3.0,4.0,4.0,2.0,5.0,3.69546450594341
4.0,3.0,4.0,4.0,3.0,1.0,2.9148231594737055
4.0,3.0,4.0,4.0,3.0,2.0,3.1256686667725857
4.0,3.0,4.0,4.0,3.0,3.0,3.442494958483051
4.0,3.0,4.0,4.0,3.0,4.0,3.7783054328022865
4.0,3.0,4.0,4.0,3.0,5.0,3.8368609594222622
4.0,3.0,4.0,4.0,4.0,1.0,3.0366543124015024
4.0,3.0,4.0,4.0,4.0,2.0,3.2553050927742735
4.0,3.0,4.0,4.0,4.0,3.0,3.564469187724975
4.0,3.0,4.0,4.0,4.0,4.0,3.9537163982516828
4.0,3.0,4.0,4.0,4.0,5.0,4.052508845345677
4.0,3.0,4.0,4.0,5.0,2.0,3.379898422788822
4.0,3.0,4.0,4.0,5.0,3.0,3.632242532204352
4.0,3.0,4.0,4.0,5.0,4.0,3.953717290303105
4.0,3.0,4.0,4.0,5.0,5.0,4.1101612556431295
4.0,3.0,4.0,5.0,1.0,1.0,2.7535169055425293
4.0,3.0,4.0,5.0,1.0,3.0,3.2131634771560074
4.0,3.0,4.0,5.0,1.0,4.0,3.474454742984102
4.0,3.0,4.0,5.0,1.0,5.0,3.655989402222511
4.0,3.0,4.0,5.0,2.0,2.0,3.1472229295094287
4.0,3.0,4.0,5.0,2.0,3.0,3.340365404843716
4.0,3.0,4.0,5.0,2.0,4.0,3.64291062912855
4.0,3.0,4.0,5.0,2.0,5.0,3.794641200524224
4.0,3.0,4.0,5.0,3.0,3.0,3.506425179974516
4.0,3.0,4.0,5.0,3.0,4.0,3.8019863352898615
4.0,3.0,4.0,5.0,3.0,5.0,3.939409882539022
4.0,3.0,4.0,5.0,4.0,2.0,3.3678767329763524
4.0,3.0,4.0,5.0,4.0,3.0,3.6586408623967244
4.0,3.0,4.0,5.0,4.0,4.0,3.969028542211929
4.0,3.0,4.0,5.0,4.0,5.0,4.123574357409445
4.0,3.0,4.0,5.0,5.0,3.0,3.7036097741706913
4.0,3.0,4.0,5.0,5.0,4.0,4.051788331223341
4.0,3.0,4.0,5.0,5.0,5.0,4.254858395783555
4.0,3.0,5.0,1.0,2.0,1.0,2.691532942644382
4.0,3.0,5.0,2.0,3.0,3.0,3.3825737005859398
4.0,3.0,5.0,2.0,4.0,2.0,3.289426148243868
4.0,3.0,5.0,2.0,4.0,5.0,3.9536650735156793
4.0,3.0,5.0,2.0,5.0,5.0,4.109137492251446
4.0,3.0,5.0,3.0,2.0,3.0,3.383174174787845
4.0,3.0,5.0,3.0,3.0,3.0,3.496862636423813
4.0,3.0,5.0,3.0,3.0,4.0,3.743238920895653
4.0,3.0,5.0,3.0,4.0,3.0,3.656359611612991
4.0,3.0,5.0,3.0,4.0,4.0,3.8774435140307504
4.0,3.0,5.0,3.0,4.0,5.0,4.086483033086133
4.0,3.0,5.0,3.0,5.0,3.0,3.7362834072131097
4.0,3.0,5.0,3.0,5.0,4.0,3.9869012209553407
4.0,3.0,5.0,4.0,2.0,2.0,3.277758539721314
4.0,3.0,5.0,4.0,2.0,4.0,3.7112329189473106
4.0,3.0,5.0,4.0,3.0,2.0,3.3865854735704084
4.0,3.0,5.0,4.0,3.0,3.0,3.6416205717726835
4.0,3.0,5.0,4.0,3.0,4.0,3.872459561202797
4.0,3.0,5.0,4.0,3.0,5.0,4.092789748133214
4.0,3.0,5.0,4.0,4.0,2.0,3.529338149141944
4.0,3.0,5.0,4.0,4.0,3.0,3.747705967539181
4.0,3.0,5.0,4.0,4.0,4.0,4.00698635998831
4.0,3.0,5.0,4.0,4.0,5.0,4.255715670051279
4.0,3.0,5.0,4.0,5.0,3.0,3.890682337959131
4.0,3.0,5.0,4.0,5.0,4.0,4.053170286537076
4.0,3.0,5.0,4.0,5.0,5.0,4.39608880721192
4.0,3.0,5.0,5.0,2.0,4.0,3.8444336800376893
4.0,3.0,5.0,5.0,2.0,5.0,4.091636013670534
4.0,3.0,5.0,5.0,3.0,3.0,3.753581656453457
4.0,3.0,5.0,5.0,3.0,4.0,3.992673244615131
4.0,3.0,5.0,5.0,3.0,5.0,4.173974237777629
4.0,3.0,5.0,5.0,4.0,3.0,3.897639197319791
4.0,3.0,5.0,5.0,4.0,4.0,4.1427860140749795
4.0,3.0,5.0,5.0,4.0,5.0,4.307099407095946
4.0,3.0,5.0,5.0,5.0,3.0,3.980662274688366
4.0,3.0,5.0,5.0,5.0,4.0,4.210816206562086
4.0,3.0,5.0,5.0,5.0,5.0,4.44597856014761
4.0,4.0,1.0,1.0,1.0,1.0,1.5443508748751544
4.0,4.0,1.0,1.0,1.0,3.0,1.9765226606442359
4.0,4.0,1.0,1.0,2.0,1.0,1.6010858783247282
4.0,4.0,1.0,1.0,2.0,2.0,1.893366711904042
4.0,4.0,1.0,1.0,3.0,1.0,1.7681554182570223
4.0,4.0,1.0,1.0,3.0,2.0,1.982156257764203
4.0,4.0,1.0,1.0,3.0,3.0,2.2161540595917906
4.0,4.0,1.0,1.0,3.0,4.0,2.4580237977182384
4.0,4.0,1.0,1.0,4.0,1.0,1.917011588021953
4.0,4.0,1.0,1.0,4.0,2.0,2.1538496509063068
4.0,4.0,1.0,1.0,4.0,4.0,2.596675568452265
4.0,4.0,1.0,1.0,5.0,1.0,2.054267833767933
4.0,4.0,1.0,2.0,1.0,1.0,1.6551003570845184
4.0,4.0,1.0,2.0,1.0,2.0,1.8749195555080655
4.0,4.0,1.0,2.0,2.0,1.0,1.766111174245972
4.0,4.0,1.0,2.0,2.0,2.0,2.009208800087048
4.0,4.0,1.0,2.0,3.0,1.0,1.912717716587509
4.0,4.0,1.0,2.0,3.0,2.0,2.1409045740191543
4.0,4.0,1.0,2.0,3.0,3.0,2.3862494279093296
4.0,4.0,1.0,2.0,4.0,1.0,2.031613380308776
4.0,4.0,1.0,2.0,4.0,2.0,2.2698469723216306
4.0,4.0,1.0,2.0,4.0,3.0,2.5080805784747624
4.0,4.0,1.0,3.0,1.0,1.0,1.7679870022041677
4.0,4.0,1.0,3.0,1.0,2.0,2.0032547139928774
4.0,4.0,1.0,3.0,1.0,3.0,2.250167940393127
4.0,4.0,1.0,3.0,2.0,1.0,1.9233468692480609
4.0,4.0,1.0,3.0,2.0,2.0,2.121280422056924
4.0,4.0,1.0,3.0,3.0,1.0,2.0808229391099444
4.0,4.0,1.0,3.0,3.0,2.0,2.245484343127202
4.0,4.0,1.0,3.0,3.0,3.0,2.48542612700396
4.0,4.0,1.0,3.0,4.0,1.0,2.164431340778682
4.0,4.0,1.0,3.0,4.0,3.0,2.5874922371353253
4.0,4.0,1.0,3.0,4.0,4.0,2.8208867108018953
4.0,4.0,1.0,3.0,5.0,3.0,2.729088420186527
4.0,4.0,1.0,4.0,1.0,1.0,1.8822889347234077
4.0,4.0,1.0,4.0,1.0,2.0,2.134092155977967
4.0,4.0,1.0,4.0,1.0,3.0,2.3134762256639827
4.0,4.0,1.0,4.0,1.0,4.0,2.5033124209268647
4.0,4.0,1.0,4.0,1.0,5.0,2.817407710969769
4.0,4.0,1.0,4.0,2.0,1.0,2.0526999847223633
4.0,4.0,1.0,4.0,2.0,2.0,2.2581793351337587
4.0,4.0,1.0,4.0,2.0,3.0,2.4565521821004994
4.0,4.0,1.0,4.0,3.0,1.0,2.1228883745018603
4.0,4.0,1.0,4.0,3.0,2.0,2.3800104780517115
4.0,4.0,1.0,4.0,3.0,3.0,2.6182440851029507
4.0,4.0,1.0,4.0,4.0,1.0,2.257025210175054
4.0,4.0,1.0,4.0,4.0,2.0,2.4850210057435627
4.0,4.0,1.0,4.0,4.0,3.0,2.764807067604762
4.0,4.0,1.0,4.0,4.0,4.0,2.92994078813505
4.0,4.0,1.0,4.0,4.0,5.0,3.1997217946853205
4.0,4.0,1.0,4.0,5.0,3.0,2.8450857474801903
4.0,4.0,1.0,4.0,5.0,4.0,3.048855563037108
4.0,4.0,1.0,5.0,1.0,3.0,2.473758460116301
4.0,4.0,1.0,5.0,2.0,3.0,2.5787690057165467
4.0,4.0,1.0,5.0,2.0,5.0,3.0720568138694873
4.0,4.0,1.0,5.0,3.0,2.0,2.4960078041928555
4.0,4.0,1.0,5.0,4.0,5.0,3.272895910848514
4.0,4.0,1.0,5.0,5.0,1.0,2.5182571501760314
4.0,4.0,1.0,5.0,5.0,3.0,2.9610830790375218
4.0,4.0,1.0,5.0,5.0,5.0,3.380684175936528
4.0,4.0,2.0,1.0,1.0,1.0,1.7827396383196554
4.0,4.0,2.0,1.0,1.0,2.0,2.0517097543349476
4.0,4.0,2.0,1.0,2.0,1.0,1.9876412802598813
4.0,4.0,2.0,1.0,2.0,2.0,2.1600784011088123
4.0,4.0,2.0,1.0,2.0,3.0,2.40496296598814
4.0,4.0,2.0,1.0,3.0,1.0,2.0224561789548385
4.0,4.0,2.0,1.0,3.0,2.0,2.2323254286236898
4.0,4.0,2.0,1.0,3.0,3.0,2.515246888890777
4.0,4.0,2.0,1.0,4.0,1.0,2.1992077033067066
4.0,4.0,2.0,1.0,4.0,2.0,2.4268440584117186
4.0,4.0,2.0,1.0,4.0,3.0,2.638616172906711
4.0,4.0,2.0,1.0,4.0,4.0,2.8768497700150895
4.0,4.0,2.0,2.0,1.0,1.0,1.9168486587701699
4.0,4.0,2.0,2.0,1.0,2.0,2.2044158130351144
4.0,4.0,2.0,2.0,1.0,3.0,2.382683133359734
4.0,4.0,2.0,2.0,2.0,1.0,2.0483606168332167
4.0,4.0,2.0,2.0,2.0,2.0,2.2868048538070225
4.0,4.0,2.0,2.0,2.0,3.0,2.5268681093593437
4.0,4.0,2.0,2.0,3.0,1.0,2.157263530698999
4.0,4.0,2.0,2.0,3.0,2.0,2.3289430684110144
4.0,4.0,2.0,2.0,3.0,3.0,2.5992643698488442
4.0,4.0,2.0,2.0,4.0,1.0,2.2921315371482724
4.0,4.0,2.0,2.0,4.0,2.0,2.4789334814239417
4.0,4.0,2.0,2.0,4.0,3.0,2.7543224072794046
4.0,4.0,2.0,2.0,4.0,4.0,2.9760264649720285
4.0,4.0,2.0,2.0,5.0,2.0,2.6718523141641866
4.0,4.0,2.0,3.0,1.0,1.0,2.0264268069290656
4.0,4.0,2.0,3.0,1.0,2.0,2.2677954851168702
4.0,4.0,2.0,3.0,1.0,3.0,2.5131813811330095
4.0,4.0,2.0,3.0,2.0,1.0,2.1841225949273957
4.0,4.0,2.0,3.0,2.0,2.0,2.454485998779239
4.0,4.0,2.0,3.0,2.0,3.0,2.666263531413762
4.0,4.0,2.0,3.0,3.0,1.0,2.3008922320185063
4.0,4.0,2.0,3.0,3.0,2.0,2.4898978335324555
4.0,4.0,2.0,3.0,3.0,3.0,2.814813568506682
4.0,4.0,2.0,3.0,3.0,4.0,2.970685581817109
4.0,4.0,2.0,3.0,4.0,1.0,2.4446055241582205
4.0,4.0,2.0,3.0,4.0,2.0,2.6277135255185398
4.0,4.0,2.0,3.0,4.0,3.0,2.9135906670499674
4.0,4.0,2.0,3.0,4.0,4.0,3.1141442329963755
4.0,4.0,2.0,3.0,5.0,3.0,3.0089606903065937
4.0,4.0,2.0,3.0,5.0,4.0,3.23067558885209
4.0,4.0,2.0,4.0,1.0,1.0,2.1313858819147087
4.0,4.0,2.0,4.0,1.0,2.0,2.372644080169914
4.0,4.0,2.0,4.0,1.0,3.0,2.5631316276248617
4.0,4.0,2.0,4.0,1.0,4.0,2.7972027323172783
4.0,4.0,2.0,4.0,1.0,5.0,3.0807612560325666
4.0,4.0,2.0,4.0,2.0,1.0,2.2832992973158803
4.0,4.0,2.0,4.0,2.0,2.0,2.5594132973308628
4.0,4.0,2.0,4.0,2.0,3.0,2.772751709405692
4.0,4.0,2.0,4.0,2.0,4.0,2.9293405745941747
4.0,4.0,2.0,4.0,2.0,5.0,3.1661560545174363
4.0,4.0,2.0,4.0,3.0,1.0,2.4387717025052864
4.0,4.0,2.0,4.0,3.0,2.0,2.6472749700293
4.0,4.0,2.0,4.0,3.0,3.0,2.918572220048235
4.0,4.0,2.0,4.0,3.0,4.0,3.1556860770976614
4.0,4.0,2.0,4.0,3.0,5.0,3.3244235601692234
4.0,4.0,2.0,4.0,4.0,1.0,2.5182437997684035
4.0,4.0,2.0,4.0,4.0,2.0,2.7486443545480084
4.0,4.0,2.0,4.0,4.0,3.0,3.0585031814044084
4.0,4.0,2.0,4.0,4.0,4.0,3.1804272916176877
4.0,4.0,2.0,4.0,4.0,5.0,3.4408295179870443
4.0,4.0,2.0,4.0,5.0,2.0,2.8702057214524532
4.0,4.0,2.0,4.0,5.0,3.0,3.1562722999902313
4.0,4.0,2.0,4.0,5.0,4.0,3.376005603667569
4.0,4.0,2.0,4.0,5.0,5.0,3.5751114447087677
4.0,4.0,2.0,5.0,1.0,3.0,2.7337269986602726
4.0,4.0,2.0,5.0,1.0,4.0,2.958524989095188
4.0,4.0,2.0,5.0,1.0,5.0,3.196758591970706
4.0,4.0,2.0,5.0,2.0,1.0,2.3992966208635287
4.0,4.0,2.0,5.0,2.0,2.0,2.6543508487302776
4.0,4.0,2.0,5.0,2.0,3.0,2.8757638133330365
4.0,4.0,2.0,5.0,2.0,5.0,3.3133192504753
4.0,4.0,2.0,5.0,3.0,2.0,2.776182007567034
4.0,4.0,2.0,5.0,3.0,3.0,2.9976724472506935
4.0,4.0,2.0,5.0,3.0,4.0,3.235828565784775
4.0,4.0,2.0,5.0,4.0,2.0,2.9148337897404906
4.0,4.0,2.0,5.0,4.0,3.0,3.1480848520012787
4.0,4.0,2.0,5.0,4.0,4.0,3.3836761226852268
4.0,4.0,2.0,5.0,4.0,5.0,3.562252044372441
4.0,4.0,2.0,5.0,5.0,2.0,3.0029729867515496
4.0,4.0,2.0,5.0,5.0,3.0,3.2372657359521417
4.0,4.0,2.0,5.0,5.0,4.0,3.488481194899564
4.0,4.0,2.0,5.0,5.0,5.0,3.667205394913645
4.0,4.0,3.0,1.0,1.0,1.0,2.071987662963808
4.0,4.0,3.0,1.0,1.0,2.0,2.2933093639707876
4.0,4.0,3.0,1.0,1.0,3.0,2.5027434681441743
4.0,4.0,3.0,1.0,2.0,1.0,2.1731057351858136
4.0,4.0,3.0,1.0,2.0,2.0,2.462752382795274
4.0,4.0,3.0,1.0,2.0,3.0,2.6474178131261876
4.0,4.0,3.0,1.0,3.0,1.0,2.295629871807353
4.0,4.0,3.0,1.0,3.0,2.0,2.566025646495814
4.0,4.0,3.0,1.0,3.0,3.0,2.7907013650347827
4.0,4.0,3.0,1.0,3.0,4.0,2.9684413757559223
4.0,4.0,3.0,1.0,4.0,1.0,2.444200661547498
4.0,4.0,3.0,1.0,4.0,2.0,2.6421342131282146
4.0,4.0,3.0,1.0,4.0,3.0,2.9201340918709655
4.0,4.0,3.0,1.0,4.0,4.0,3.154426831811779
4.0,4.0,3.0,1.0,5.0,3.0,3.0399497793886168
4.0,4.0,3.0,1.0,5.0,5.0,3.449806167023754
4.0,4.0,3.0,2.0,1.0,1.0,2.1778688652773943
4.0,4.0,3.0,2.0,1.0,2.0,2.430800342922892
4.0,4.0,3.0,2.0,1.0,3.0,2.6800583012912815
4.0,4.0,3.0,2.0,2.0,1.0,2.3482994597931266
4.0,4.0,3.0,2.0,2.0,2.0,2.609159371686234
4.0,4.0,3.0,2.0,2.0,3.0,2.778006774545353
4.0,4.0,3.0,2.0,2.0,4.0,2.9957888634275003
4.0,4.0,3.0,2.0,3.0,1.0,2.4623536481524835
4.0,4.0,3.0,2.0,3.0,2.0,2.6192705563842655
4.0,4.0,3.0,2.0,3.0,3.0,2.9086165080748603
4.0,4.0,3.0,2.0,3.0,4.0,3.1704939563771757
4.0,4.0,3.0,2.0,4.0,2.0,2.7750815127646558
4.0,4.0,3.0,2.0,4.0,3.0,3.02478625119202
4.0,4.0,3.0,2.0,4.0,4.0,3.3102544309469657
4.0,4.0,3.0,2.0,4.0,5.0,3.4697130135749337
4.0,4.0,3.0,2.0,5.0,2.0,2.9352058796598013
4.0,4.0,3.0,2.0,5.0,3.0,3.162506301683241
4.0,4.0,3.0,2.0,5.0,4.0,3.3982751024968576
4.0,4.0,3.0,2.0,5.0,5.0,3.599444770252527
4.0,4.0,3.0,3.0,1.0,1.0,2.3580400567566895
4.0,4.0,3.0,3.0,1.0,2.0,2.5711292662458805
4.0,4.0,3.0,3.0,1.0,3.0,2.7309158719693665
4.0,4.0,3.0,3.0,1.0,4.0,2.99052248939181
4.0,4.0,3.0,3.0,2.0,2.0,2.6442853942272206
4.0,4.0,3.0,3.0,2.0,3.0,2.9769653030038703
4.0,4.0,3.0,3.0,2.0,4.0,3.167714411018057
4.0,4.0,3.0,3.0,3.0,1.0,2.5670515480490814
4.0,4.0,3.0,3.0,3.0,2.0,2.819290559063375
4.0,4.0,3.0,3.0,3.0,3.0,3.1432209821633204
4.0,4.0,3.0,3.0,3.0,4.0,3.3452720691456204
4.0,4.0,3.0,3.0,3.0,5.0,3.4886004356673057
4.0,4.0,3.0,3.0,4.0,1.0,2.712790097917221
4.0,4.0,3.0,3.0,4.0,2.0,2.906245531871729
4.0,4.0,3.0,3.0,4.0,3.0,3.3047063083986177
4.0,4.0,3.0,3.0,4.0,4.0,3.5666781366217797
4.0,4.0,3.0,3.0,4.0,5.0,3.6192307906568066
4.0,4.0,3.0,3.0,5.0,2.0,3.0668985403886246
4.0,4.0,3.0,3.0,5.0,3.0,3.3047065394750184
4.0,4.0,3.0,3.0,5.0,4.0,3.566678912806912
4.0,4.0,3.0,3.0,5.0,5.0,3.753234334564259
4.0,4.0,3.0,4.0,1.0,1.0,2.4073801606268566
4.0,4.0,3.0,4.0,1.0,2.0,2.678665318863613
4.0,4.0,3.0,4.0,1.0,3.0,2.863206528221144
4.0,4.0,3.0,4.0,1.0,4.0,3.0929865802089127
4.0,4.0,3.0,4.0,2.0,1.0,2.5752321113213315
4.0,4.0,3.0,4.0,2.0,2.0,2.774499856528867
4.0,4.0,3.0,4.0,2.0,3.0,3.0811995445002234
4.0,4.0,3.0,4.0,2.0,4.0,3.3506260269689707
4.0,4.0,3.0,4.0,2.0,5.0,3.4582382273827017
4.0,4.0,3.0,4.0,3.0,1.0,2.7070527052757614
4.0,4.0,3.0,4.0,3.0,2.0,2.931912284079985
4.0,4.0,3.0,4.0,3.0,3.0,3.3689059289239647
4.0,4.0,3.0,4.0,3.0,4.0,3.6282748656961146
4.0,4.0,3.0,4.0,3.0,5.0,3.628277872936936
4.0,4.0,3.0,4.0,4.0,1.0,2.823956423154306
4.0,4.0,3.0,4.0,4.0,2.0,3.056968411091417
4.0,4.0,3.0,4.0,4.0,3.0,3.4581057630845375
4.0,4.0,3.0,4.0,4.0,4.0,3.846328448559601
4.0,4.0,3.0,4.0,4.0,5.0,3.846335617051425
4.0,4.0,3.0,4.0,5.0,1.0,2.928966928327466
4.0,4.0,3.0,4.0,5.0,2.0,3.1672005247912356
4.0,4.0,3.0,4.0,5.0,3.0,3.458107003841909
4.0,4.0,3.0,4.0,5.0,4.0,3.8463299337044456
4.0,4.0,3.0,4.0,5.0,5.0,3.8939022359950606
4.0,4.0,3.0,5.0,1.0,2.0,2.79587325497345
4.0,4.0,3.0,5.0,1.0,3.0,3.0469765329317053
4.0,4.0,3.0,5.0,1.0,4.0,3.1920399425562915
4.0,4.0,3.0,5.0,1.0,5.0,3.4432915120568857
4.0,4.0,3.0,5.0,2.0,2.0,2.862211378337687
4.0,4.0,3.0,5.0,2.0,3.0,3.191468168921421
4.0,4.0,3.0,5.0,2.0,4.0,3.350626187159607
4.0,4.0,3.0,5.0,2.0,5.0,3.6082980263020152
4.0,4.0,3.0,5.0,3.0,1.0,2.801301957790141
4.0,4.0,3.0,5.0,3.0,2.0,3.0545216662363526
4.0,4.0,3.0,5.0,3.0,3.0,3.3689072754543266
4.0,4.0,3.0,5.0,3.0,4.0,3.628273433469812
4.0,4.0,3.0,5.0,3.0,5.0,3.7719399311971142
4.0,4.0,3.0,5.0,4.0,1.0,2.93995374529193
4.0,4.0,3.0,5.0,4.0,2.0,3.1586970149458393
4.0,4.0,3.0,5.0,4.0,3.0,3.537365863242344
4.0,4.0,3.0,5.0,4.0,4.0,3.8569436394954653
4.0,4.0,3.0,5.0,4.0,5.0,3.9043974027951562
4.0,4.0,3.0,5.0,5.0,1.0,3.078605524553126
4.0,4.0,3.0,5.0,5.0,2.0,3.266377231713781
4.0,4.0,3.0,5.0,5.0,3.0,3.573598861821719
4.0,4.0,3.0,5.0,5.0,4.0,3.897341547674111
4.0,4.0,3.0,5.0,5.0,5.0,4.116181103250003
4.0,4.0,4.0,1.0,1.0,1.0,2.3187399731075278
4.0,4.0,4.0,1.0,1.0,2.0,2.5784168635914417
4.0,4.0,4.0,1.0,2.0,1.0,2.4956556860695795
4.0,4.0,4.0,1.0,2.0,2.0,2.700248017594449
4.0,4.0,4.0,1.0,2.0,3.0,2.9384816169656154
4.0,4.0,4.0,1.0,3.0,1.0,2.6006661983140376
4.0,4.0,4.0,1.0,3.0,2.0,2.822079171179013
4.0,4.0,4.0,1.0,3.0,3.0,3.0583510521335815
4.0,4.0,4.0,1.0,3.0,4.0,3.281725731522751
4.0,4.0,4.0,1.0,4.0,3.0,3.179131377857149
4.0,4.0,4.0,1.0,4.0,4.0,3.3719728942381435
4.0,4.0,4.0,2.0,1.0,1.0,2.4817195369421494
4.0,4.0,4.0,2.0,1.0,2.0,2.7112348290549146
4.0,4.0,4.0,2.0,2.0,1.0,2.584992787708843
4.0,4.0,4.0,2.0,2.0,2.0,2.787257155437336
4.0,4.0,4.0,2.0,2.0,3.0,3.054478950896379
4.0,4.0,4.0,2.0,3.0,2.0,2.907546137961743
4.0,4.0,4.0,2.0,3.0,3.0,3.1501911451300955
4.0,4.0,4.0,2.0,3.0,4.0,3.407686730566401
4.0,4.0,4.0,2.0,4.0,2.0,3.0972822030022877
4.0,4.0,4.0,2.0,4.0,3.0,3.290060172266745
4.0,4.0,4.0,2.0,4.0,4.0,3.522335552744047
4.0,4.0,4.0,2.0,4.0,5.0,3.757787808044161
4.0,4.0,4.0,2.0,5.0,3.0,3.429567822529292
4.0,4.0,4.0,2.0,5.0,4.0,3.6340185859996232
4.0,4.0,4.0,3.0,1.0,2.0,2.827232159065983
4.0,4.0,4.0,3.0,1.0,3.0,3.0463096393614886
4.0,4.0,4.0,3.0,2.0,1.0,2.727650337112461
4.0,4.0,4.0,3.0,2.0,2.0,2.983536740732947
4.0,4.0,4.0,3.0,2.0,3.0,3.216724504649764
4.0,4.0,4.0,3.0,2.0,4.0,3.3988025216100013
4.0,4.0,4.0,3.0,3.0,2.0,3.0449955768118104
4.0,4.0,4.0,3.0,3.0,3.0,3.4491968692592447
4.0,4.0,4.0,3.0,3.0,4.0,3.6196769210318034
4.0,4.0,4.0,3.0,3.0,5.0,3.7560577829203146
4.0,4.0,4.0,3.0,4.0,1.0,2.971312641201138
4.0,4.0,4.0,3.0,4.0,2.0,3.1568461698513683
4.0,4.0,4.0,3.0,4.0,3.0,3.550524065772346
4.0,4.0,4.0,3.0,4.0,4.0,3.8147110375859667
4.0,4.0,4.0,3.0,4.0,5.0,3.885357632643136
4.0,4.0,4.0,3.0,5.0,2.0,3.314556762387112
4.0,4.0,4.0,3.0,5.0,3.0,3.550522467978079
4.0,4.0,4.0,3.0,5.0,4.0,3.814709750134595
4.0,4.0,4.0,3.0,5.0,5.0,3.996080047842138
4.0,4.0,4.0,4.0,1.0,1.0,2.6983243402539587
4.0,4.0,4.0,4.0,1.0,2.0,2.9459574459828626
4.0,4.0,4.0,4.0,1.0,3.0,3.137519219009969
4.0,4.0,4.0,4.0,1.0,4.0,3.3261598548644993
4.0,4.0,4.0,4.0,1.0,5.0,3.607468390124837
4.0,4.0,4.0,4.0,2.0,1.0,2.7999169236600703
4.0,4.0,4.0,4.0,2.0,2.0,3.127939845701646
4.0,4.0,4.0,4.0,2.0,3.0,3.359902520202452
4.0,4.0,4.0,4.0,2.0,4.0,3.633925393411463
4.0,4.0,4.0,4.0,3.0,1.0,2.9654788231998976
4.0,4.0,4.0,4.0,3.0,2.0,3.171907399302393
4.0,4.0,4.0,4.0,3.0,3.0,3.641407957876503
4.0,4.0,4.0,4.0,3.0,4.0,3.9333581878556014
4.0,4.0,4.0,4.0,3.0,5.0,3.9570963314486765
4.0,4.0,4.0,4.0,4.0,2.0,3.2553050183299397
4.0,4.0,4.0,4.0,4.0,3.0,3.746789010688327
4.0,4.0,4.0,4.0,4.0,4.0,4.0601231558546855
4.0,4.0,4.0,4.0,4.0,5.0,4.16109902807179
4.0,4.0,4.0,4.0,5.0,3.0,3.756895717364217
4.0,4.0,4.0,4.0,5.0,4.0,4.086318534319615
4.0,4.0,4.0,4.0,5.0,5.0,4.187977251120668
4.0,4.0,4.0,5.0,1.0,1.0,2.804172581753088
4.0,4.0,4.0,5.0,1.0,2.0,3.042406173788224
4.0,4.0,4.0,5.0,1.0,3.0,3.292539943923782
4.0,4.0,4.0,5.0,1.0,4.0,3.474454620103211
4.0,4.0,4.0,5.0,1.0,5.0,3.7445829925621985
4.0,4.0,4.0,5.0,2.0,3.0,3.4056454097743565
4.0,4.0,4.0,5.0,2.0,4.0,3.6684170806076692
4.0,4.0,4.0,5.0,2.0,5.0,3.859479983586975
4.0,4.0,4.0,5.0,3.0,2.0,3.297878603853218
4.0,4.0,4.0,5.0,3.0,3.0,3.641407581455388
4.0,4.0,4.0,5.0,3.0,4.0,3.9333609290104126
4.0,4.0,4.0,5.0,3.0,5.0,4.070755754358788
4.0,4.0,4.0,5.0,4.0,3.0,3.746788481781098
4.0,4.0,4.0,5.0,4.0,4.0,4.106173119890459
4.0,4.0,4.0,5.0,4.0,5.0,4.267056030507583
4.0,4.0,4.0,5.0,5.0,2.0,3.563372044809186
4.0,4.0,4.0,5.0,5.0,3.0,3.847092245735522
4.0,4.0,4.0,5.0,5.0,4.0,4.159826116765773
4.0,4.0,4.0,5.0,5.0,5.0,4.405492833778081
4.0,4.0,5.0,1.0,4.0,2.0,3.224084489872889
4.0,4.0,5.0,1.0,5.0,4.0,3.7887415942799403
4.0,4.0,5.0,2.0,3.0,1.0,2.9800171097384123
4.0,4.0,5.0,2.0,3.0,4.0,3.677897249507815
4.0,4.0,5.0,2.0,4.0,3.0,3.526948142644045
4.0,4.0,5.0,2.0,4.0,4.0,3.7997284041658554
4.0,4.0,5.0,2.0,4.0,5.0,3.9875000961123357
4.0,4.0,5.0,2.0,5.0,4.0,3.938380192413125
4.0,4.0,5.0,3.0,1.0,3.0,3.328819311987496
4.0,4.0,5.0,3.0,2.0,3.0,3.450650466171481
4.0,4.0,5.0,3.0,3.0,3.0,3.5114899120830017
4.0,4.0,5.0,3.0,3.0,4.0,3.7753695943696863
4.0,4.0,5.0,3.0,3.0,5.0,4.048139952789963
4.0,4.0,5.0,3.0,4.0,1.0,3.2346661981058733
4.0,4.0,5.0,3.0,4.0,3.0,3.656359860130191
4.0,4.0,5.0,3.0,4.0,4.0,3.90166594043419
4.0,4.0,5.0,3.0,5.0,2.0,3.577910318129218
4.0,4.0,5.0,3.0,5.0,3.0,3.789582282884478
4.0,4.0,5.0,3.0,5.0,4.0,4.018013915742804
4.0,4.0,5.0,3.0,5.0,5.0,4.269913579970384
4.0,4.0,5.0,4.0,1.0,3.0,3.3914247992596445
4.0,4.0,5.0,4.0,1.0,4.0,3.6502397369363235
4.0,4.0,5.0,4.0,1.0,5.0,3.906044419526209
4.0,4.0,5.0,4.0,2.0,3.0,3.55544137909984
4.0,4.0,5.0,4.0,2.0,4.0,3.7856635544093917
4.0,4.0,5.0,4.0,2.0,5.0,4.025860120313213
4.0,4.0,5.0,4.0,3.0,2.0,3.4670659801204384
4.0,4.0,5.0,4.0,3.0,3.0,3.7564182745997816
4.0,4.0,5.0,4.0,3.0,4.0,3.9740782442660585
4.0,4.0,5.0,4.0,3.0,5.0,4.15702430468232
4.0,4.0,5.0,4.0,4.0,2.0,3.560608777740615
4.0,4.0,5.0,4.0,4.0,3.0,3.859140569936284
4.0,4.0,5.0,4.0,4.0,4.0,4.116274150374036
4.0,4.0,5.0,4.0,4.0,5.0,4.413082547791576
4.0,4.0,5.0,4.0,5.0,3.0,3.947917350233344
4.0,4.0,5.0,4.0,5.0,4.0,4.16548936585959
4.0,4.0,5.0,4.0,5.0,5.0,4.413083965984487
4.0,4.0,5.0,5.0,1.0,4.0,3.782226924389512
4.0,4.0,5.0,5.0,1.0,5.0,3.907390358523282
4.0,4.0,5.0,5.0,2.0,3.0,3.6658244827632425
4.0,4.0,5.0,5.0,2.0,4.0,3.8948460620447642
4.0,4.0,5.0,5.0,2.0,5.0,4.1359389318522215
4.0,4.0,5.0,5.0,3.0,3.0,3.7945673143229524
4.0,4.0,5.0,5.0,3.0,4.0,4.039135705501987
4.0,4.0,5.0,5.0,3.0,5.0,4.2213721625962854
4.0,4.0,5.0,5.0,4.0,2.0,3.6880738208972983
4.0,4.0,5.0,5.0,4.0,3.0,3.9506082779434144
4.0,4.0,5.0,5.0,4.0,4.0,4.236458791320241
4.0,4.0,5.0,5.0,4.0,5.0,4.501032139521777
4.0,4.0,5.0,5.0,5.0,3.0,4.059005788201774
4.0,4.0,5.0,5.0,5.0,4.0,4.367084883810774
4.0,4.0,5.0,5.0,5.0,5.0,4.601552431937935
4.0,5.0,1.0,1.0,1.0,1.0,1.5443505511661189
4.0,5.0,1.0,1.0,1.0,2.0,1.8251323638721868
4.0,5.0,1.0,1.0,2.0,1.0,1.7316368572796024
4.0,5.0,1.0,1.0,2.0,2.0,1.9614905018793483
4.0,5.0,1.0,1.0,3.0,1.0,1.7681551410018617
4.0,5.0,1.0,1.0,3.0,2.0,2.065853533062992
4.0,5.0,1.0,1.0,4.0,1.0,1.952636073638834
4.0,5.0,1.0,1.0,4.0,3.0,2.4427388794307108
4.0,5.0,1.0,1.0,5.0,1.0,2.085234424578647
4.0,5.0,1.0,1.0,5.0,3.0,2.5309287942811554
4.0,5.0,1.0,1.0,5.0,4.0,2.752341747968031
4.0,5.0,1.0,2.0,1.0,1.0,1.7143672681515174
4.0,5.0,1.0,2.0,1.0,2.0,1.9381885497574527
4.0,5.0,1.0,2.0,2.0,1.0,1.8601318649162877
4.0,5.0,1.0,2.0,2.0,2.0,2.0404740565848356
4.0,5.0,1.0,2.0,2.0,3.0,2.298253298127074
4.0,5.0,1.0,2.0,3.0,1.0,1.947169691154008
4.0,5.0,1.0,2.0,3.0,2.0,2.198671488331575
4.0,5.0,1.0,2.0,3.0,3.0,2.429677255726971
4.0,5.0,1.0,2.0,3.0,4.0,2.6751386907217123
4.0,5.0,1.0,2.0,4.0,1.0,2.080907460905404
4.0,5.0,1.0,2.0,4.0,3.0,2.5250949733083865
4.0,5.0,1.0,2.0,5.0,1.0,2.2041002024086684
4.0,5.0,1.0,2.0,5.0,3.0,2.6637467446769976
4.0,5.0,1.0,3.0,1.0,1.0,1.8056679211561208
4.0,5.0,1.0,3.0,1.0,2.0,2.0849678447369078
4.0,5.0,1.0,3.0,1.0,3.0,2.2829013988011195
4.0,5.0,1.0,3.0,2.0,1.0,1.9546040666559499
4.0,5.0,1.0,3.0,3.0,1.0,2.087374548367146
4.0,5.0,1.0,3.0,3.0,2.0,2.3105898125999977
4.0,5.0,1.0,3.0,3.0,3.0,2.5633285339028564
4.0,5.0,1.0,3.0,4.0,1.0,2.178443332107343
4.0,5.0,1.0,3.0,4.0,2.0,2.412736080350612
4.0,5.0,1.0,3.0,4.0,3.0,2.680113704163351
4.0,5.0,1.0,3.0,4.0,4.0,2.896146537102765
4.0,5.0,1.0,3.0,5.0,1.0,2.3644287940504607
4.0,5.0,1.0,3.0,5.0,3.0,2.799929403743496
4.0,5.0,1.0,4.0,1.0,1.0,1.9829827533550686
4.0,5.0,1.0,4.0,1.0,2.0,2.1809163057123495
4.0,5.0,1.0,4.0,1.0,3.0,2.335386432305036
4.0,5.0,1.0,4.0,1.0,5.0,2.8680633768502393
4.0,5.0,1.0,4.0,2.0,2.0,2.303725424310954
4.0,5.0,1.0,4.0,2.0,3.0,2.5129889899435445
4.0,5.0,1.0,4.0,2.0,4.0,2.7348402880126685
4.0,5.0,1.0,4.0,3.0,1.0,2.222333259404404
4.0,5.0,1.0,4.0,3.0,2.0,2.42354112798224
4.0,5.0,1.0,4.0,3.0,3.0,2.6688997422096072
4.0,5.0,1.0,4.0,3.0,4.0,2.856671444467663
4.0,5.0,1.0,4.0,4.0,1.0,2.2925216463168825
4.0,5.0,1.0,4.0,4.0,2.0,2.559899263312465
4.0,5.0,1.0,4.0,4.0,4.0,3.011558599873107
4.0,5.0,1.0,4.0,4.0,5.0,3.2503774504229557
4.0,5.0,1.0,4.0,5.0,2.0,2.691149076173425
4.0,5.0,1.0,4.0,5.0,4.0,3.0782452911443983
4.0,5.0,1.0,4.0,5.0,5.0,3.2998810025732364
4.0,5.0,1.0,5.0,1.0,1.0,2.064767563143203
4.0,5.0,1.0,5.0,1.0,3.0,2.4910715928367777
4.0,5.0,1.0,5.0,2.0,1.0,2.2034193560966435
4.0,5.0,1.0,5.0,3.0,3.0,2.7848970608659784
4.0,5.0,1.0,5.0,3.0,5.0,3.2445436126048453
4.0,5.0,1.0,5.0,4.0,1.0,2.480722912315963
4.0,5.0,1.0,5.0,4.0,4.0,3.1700213458357682
4.0,5.0,1.0,5.0,4.0,5.0,3.3272284955530034
4.0,5.0,1.0,5.0,5.0,1.0,2.5689128122626017
4.0,5.0,1.0,5.0,5.0,4.0,3.233151702611096
4.0,5.0,1.0,5.0,5.0,5.0,3.4658434145828987
4.0,5.0,2.0,1.0,1.0,1.0,1.8360072241798753
4.0,5.0,2.0,1.0,1.0,2.0,2.0841296485755447
4.0,5.0,2.0,1.0,2.0,1.0,2.018368295023055
4.0,5.0,2.0,1.0,2.0,2.0,2.197413869219917
4.0,5.0,2.0,1.0,3.0,1.0,2.1009981703280864
4.0,5.0,2.0,1.0,3.0,2.0,2.3403034905551108
4.0,5.0,2.0,1.0,3.0,3.0,2.5241691495169336
4.0,5.0,2.0,1.0,4.0,1.0,2.205878067765724
4.0,5.0,2.0,1.0,4.0,2.0,2.476661632099315
4.0,5.0,2.0,1.0,4.0,3.0,2.6892718321167677
4.0,5.0,2.0,1.0,5.0,1.0,2.3514564277992958
4.0,5.0,2.0,2.0,1.0,1.0,2.0137704095230053
4.0,5.0,2.0,2.0,1.0,2.0,2.218362747478501
4.0,5.0,2.0,2.0,1.0,3.0,2.4742822587493554
4.0,5.0,2.0,2.0,2.0,1.0,2.1187809328593477
4.0,5.0,2.0,2.0,2.0,2.0,2.298513974399799
4.0,5.0,2.0,2.0,2.0,3.0,2.575874841124258
4.0,5.0,2.0,2.0,3.0,1.0,2.2697163710145487
4.0,5.0,2.0,2.0,3.0,2.0,2.443451046567044
4.0,5.0,2.0,2.0,3.0,3.0,2.7167841014541647
4.0,5.0,2.0,2.0,3.0,4.0,2.9216716129704645
4.0,5.0,2.0,2.0,4.0,1.0,2.3564471986290676
4.0,5.0,2.0,2.0,4.0,2.0,2.6072823771570657
4.0,5.0,2.0,2.0,4.0,3.0,2.8116065539385025
4.0,5.0,2.0,2.0,4.0,4.0,3.00938717477884
4.0,5.0,2.0,2.0,5.0,2.0,2.7105556366480696
4.0,5.0,2.0,2.0,5.0,3.0,2.898576112389029
4.0,5.0,2.0,2.0,5.0,4.0,3.1485132727761904
4.0,5.0,2.0,3.0,1.0,1.0,2.1110784002066287
4.0,5.0,2.0,3.0,1.0,2.0,2.339451283255734
4.0,5.0,2.0,3.0,1.0,3.0,2.5131802168716546
4.0,5.0,2.0,3.0,2.0,1.0,2.2179576262638037
4.0,5.0,2.0,3.0,2.0,2.0,2.466301238104465
4.0,5.0,2.0,3.0,2.0,3.0,2.702614171758144
4.0,5.0,2.0,3.0,2.0,4.0,2.932658417232806
4.0,5.0,2.0,3.0,3.0,1.0,2.3341268616768023
4.0,5.0,2.0,3.0,3.0,2.0,2.5614722260834277
4.0,5.0,2.0,3.0,3.0,3.0,2.8440293852767993
4.0,5.0,2.0,3.0,3.0,4.0,3.0038959865032604
4.0,5.0,2.0,3.0,4.0,1.0,2.4705255026725323
4.0,5.0,2.0,3.0,4.0,2.0,2.6909730252669837
4.0,5.0,2.0,3.0,4.0,3.0,2.95121141266341
4.0,5.0,2.0,3.0,4.0,4.0,3.1568612959032913
4.0,5.0,2.0,3.0,5.0,1.0,2.600271714590642
4.0,5.0,2.0,3.0,5.0,2.0,2.824633945987604
4.0,5.0,2.0,3.0,5.0,3.0,3.0686527940801716
4.0,5.0,2.0,3.0,5.0,4.0,3.2766769928539974
4.0,5.0,2.0,3.0,5.0,5.0,3.4944272983202667
4.0,5.0,2.0,4.0,1.0,1.0,2.228944434510444
4.0,5.0,2.0,4.0,1.0,2.0,2.4356990791777138
4.0,5.0,2.0,4.0,1.0,3.0,2.6972325423457884
4.0,5.0,2.0,4.0,1.0,4.0,2.878407623921012
4.0,5.0,2.0,4.0,1.0,5.0,3.1482375611752693
4.0,5.0,2.0,4.0,2.0,1.0,2.3230848318668595
4.0,5.0,2.0,4.0,2.0,2.0,2.58986000828199
4.0,5.0,2.0,4.0,2.0,3.0,2.8301003348788916
4.0,5.0,2.0,4.0,2.0,4.0,3.031835116112361
4.0,5.0,2.0,4.0,3.0,1.0,2.4819275095409825
4.0,5.0,2.0,4.0,3.0,2.0,2.7087170321185554
4.0,5.0,2.0,4.0,3.0,3.0,2.9875286025988546
4.0,5.0,2.0,4.0,3.0,4.0,3.1826227602060566
4.0,5.0,2.0,4.0,4.0,1.0,2.6011462472188382
4.0,5.0,2.0,4.0,4.0,2.0,2.874738907567745
4.0,5.0,2.0,4.0,4.0,3.0,3.0585025390486162
4.0,5.0,2.0,4.0,4.0,4.0,3.292711923520738
4.0,5.0,2.0,4.0,5.0,2.0,2.954502635046677
4.0,5.0,2.0,4.0,5.0,3.0,3.1698732121496556
4.0,5.0,2.0,4.0,5.0,4.0,3.41304936132462
4.0,5.0,2.0,4.0,5.0,5.0,3.5751105660484996
4.0,5.0,2.0,5.0,1.0,1.0,2.322692572500541
4.0,5.0,2.0,5.0,1.0,2.0,2.5804673630130974
4.0,5.0,2.0,5.0,1.0,3.0,2.7747356243199737
4.0,5.0,2.0,5.0,1.0,4.0,3.025570808598658
4.0,5.0,2.0,5.0,2.0,2.0,2.698333220118425
4.0,5.0,2.0,5.0,2.0,3.0,2.912540046673183
4.0,5.0,2.0,5.0,2.0,5.0,3.386066041157211
4.0,5.0,2.0,5.0,3.0,1.0,2.578866409877782
4.0,5.0,2.0,5.0,3.0,2.0,2.816199076429692
4.0,5.0,2.0,5.0,3.0,3.0,3.045931184156661
4.0,5.0,2.0,5.0,3.0,5.0,3.4910765657383
4.0,5.0,2.0,5.0,4.0,1.0,2.710435221586733
4.0,5.0,2.0,5.0,4.0,2.0,2.9826021797978175
4.0,5.0,2.0,5.0,4.0,3.0,3.180818307640428
4.0,5.0,2.0,5.0,4.0,4.0,3.4340114336783376
4.0,5.0,2.0,5.0,4.0,5.0,3.673967045574658
4.0,5.0,2.0,5.0,5.0,1.0,2.849086997599974
4.0,5.0,2.0,5.0,5.0,2.0,3.052790562994611
4.0,5.0,2.0,5.0,5.0,3.0,3.2919129310587256
4.0,5.0,2.0,5.0,5.0,4.0,3.557937074234978
4.0,5.0,2.0,5.0,5.0,5.0,3.705178878924027
4.0,5.0,3.0,1.0,1.0,2.0,2.3657189692686806
4.0,5.0,3.0,1.0,1.0,3.0,2.603952571565651
4.0,5.0,3.0,1.0,2.0,1.0,2.224929129833877
4.0,5.0,3.0,1.0,2.0,2.0,2.4794850772866814
4.0,5.0,3.0,1.0,2.0,3.0,2.7184358799394017
4.0,5.0,3.0,1.0,3.0,1.0,2.3170026648827804
4.0,5.0,3.0,1.0,3.0,2.0,2.632385657011828
4.0,5.0,3.0,1.0,3.0,3.0,2.852575010616536
4.0,5.0,3.0,1.0,3.0,4.0,3.0513438276194584
4.0,5.0,3.0,1.0,4.0,1.0,2.501322629025115
4.0,5.0,3.0,1.0,4.0,2.0,2.7166369862723694
4.0,5.0,3.0,1.0,4.0,3.0,2.969951661609187
4.0,5.0,3.0,1.0,4.0,4.0,3.154617087810317
4.0,5.0,3.0,1.0,4.0,5.0,3.3988545233439633
4.0,5.0,3.0,1.0,5.0,2.0,2.8698642111321395
4.0,5.0,3.0,1.0,5.0,3.0,3.1045799989141987
4.0,5.0,3.0,1.0,5.0,4.0,3.2976696642567283
4.0,5.0,3.0,1.0,5.0,5.0,3.5509237368628175
4.0,5.0,3.0,2.0,1.0,1.0,2.260303342708746
4.0,5.0,3.0,2.0,1.0,2.0,2.4585759784357726
4.0,5.0,3.0,2.0,1.0,3.0,2.703129266445131
4.0,5.0,3.0,2.0,2.0,2.0,2.628540730343538
4.0,5.0,3.0,2.0,2.0,3.0,2.7951712698763083
4.0,5.0,3.0,2.0,2.0,4.0,3.0631940186929243
4.0,5.0,3.0,2.0,3.0,1.0,2.50383654645136
4.0,5.0,3.0,2.0,3.0,2.0,2.7242104906389115
4.0,5.0,3.0,2.0,3.0,3.0,2.9977774361749416
4.0,5.0,3.0,2.0,3.0,4.0,3.1985070142013097
4.0,5.0,3.0,2.0,3.0,5.0,3.423258770819887
4.0,5.0,3.0,2.0,4.0,2.0,2.8482562392486885
4.0,5.0,3.0,2.0,4.0,3.0,3.0838306184174815
4.0,5.0,3.0,2.0,4.0,4.0,3.3102544501875606
4.0,5.0,3.0,2.0,4.0,5.0,3.5619105490115714
4.0,5.0,3.0,2.0,5.0,1.0,2.7980897808853835
4.0,5.0,3.0,2.0,5.0,2.0,2.9871574998761106
4.0,5.0,3.0,2.0,5.0,3.0,3.1813047629157247
4.0,5.0,3.0,2.0,5.0,4.0,3.4074942792853236
4.0,5.0,3.0,2.0,5.0,5.0,3.6188711094611485
4.0,5.0,3.0,3.0,1.0,2.0,2.6213891497931185
4.0,5.0,3.0,3.0,1.0,3.0,2.793034091830929
4.0,5.0,3.0,3.0,2.0,1.0,2.5149524405050205
4.0,5.0,3.0,3.0,2.0,2.0,2.7413020607059098
4.0,5.0,3.0,3.0,2.0,3.0,3.0650055949179875
4.0,5.0,3.0,3.0,2.0,4.0,3.192769624204743
4.0,5.0,3.0,3.0,2.0,5.0,3.4174249409666833
4.0,5.0,3.0,3.0,3.0,1.0,2.622206123421038
4.0,5.0,3.0,3.0,3.0,2.0,2.8766465602959834
4.0,5.0,3.0,3.0,3.0,3.0,3.1832124459828663
4.0,5.0,3.0,3.0,3.0,4.0,3.3730879825633986
4.0,5.0,3.0,3.0,3.0,5.0,3.5217054098014464
4.0,5.0,3.0,3.0,4.0,1.0,2.7754353846947795
4.0,5.0,3.0,3.0,4.0,2.0,2.9571862799874538
4.0,5.0,3.0,3.0,4.0,3.0,3.3272082940342376
4.0,5.0,3.0,3.0,4.0,4.0,3.5666769286348554
4.0,5.0,3.0,3.0,4.0,5.0,3.661087248351292
4.0,5.0,3.0,3.0,5.0,1.0,2.863625279022893
4.0,5.0,3.0,3.0,5.0,2.0,3.101858867526049
4.0,5.0,3.0,3.0,5.0,3.0,3.4073802657177894
4.0,5.0,3.0,3.0,5.0,4.0,3.601382820306551
4.0,5.0,3.0,3.0,5.0,5.0,3.8086648222362944
4.0,5.0,3.0,4.0,1.0,1.0,2.509118626762736
4.0,5.0,3.0,4.0,1.0,2.0,2.762491509413395
4.0,5.0,3.0,4.0,1.0,3.0,3.0151485240465896
4.0,5.0,3.0,4.0,1.0,4.0,3.1269077849831466
4.0,5.0,3.0,4.0,2.0,2.0,2.8616694222121346
4.0,5.0,3.0,4.0,2.0,3.0,3.1432682492947355
4.0,5.0,3.0,4.0,2.0,4.0,3.3506255875152915
4.0,5.0,3.0,4.0,2.0,5.0,3.5245982381850696
4.0,5.0,3.0,4.0,3.0,1.0,2.7734127144522494
4.0,5.0,3.0,4.0,3.0,2.0,3.006339526807988
4.0,5.0,3.0,4.0,3.0,3.0,3.3710136401444304
4.0,5.0,3.0,4.0,3.0,4.0,3.682330315404999
4.0,5.0,3.0,4.0,3.0,5.0,3.6823336129904516
4.0,5.0,3.0,4.0,4.0,1.0,2.874612085948995
4.0,5.0,3.0,4.0,4.0,2.0,3.066835624282406
4.0,5.0,3.0,4.0,4.0,3.0,3.5242601579454775
4.0,5.0,3.0,4.0,4.0,4.0,3.893079709346902
4.0,5.0,3.0,4.0,4.0,5.0,3.918001635490509
4.0,5.0,3.0,4.0,5.0,2.0,3.2356417774572988
4.0,5.0,3.0,4.0,5.0,3.0,3.524260849132362
4.0,5.0,3.0,4.0,5.0,4.0,3.923916993705677
4.0,5.0,3.0,4.0,5.0,5.0,4.015609101624082
4.0,5.0,3.0,5.0,1.0,1.0,2.579073038518345
4.0,5.0,3.0,5.0,1.0,2.0,2.835250136153402
4.0,5.0,3.0,5.0,1.0,3.0,3.0820035111620703
4.0,5.0,3.0,5.0,1.0,4.0,3.276487437796614
4.0,5.0,3.0,5.0,1.0,5.0,3.494143890540837
4.0,5.0,3.0,5.0,2.0,1.0,2.7389091671601418
4.0,5.0,3.0,5.0,2.0,2.0,2.970813361308063
4.0,5.0,3.0,5.0,2.0,3.0,3.191468133576649
4.0,5.0,3.0,5.0,2.0,4.0,3.495965829992175
4.0,5.0,3.0,5.0,2.0,5.0,3.642302064940415
4.0,5.0,3.0,5.0,3.0,2.0,3.129740138781327
4.0,5.0,3.0,5.0,3.0,3.0,3.3710147836023596
4.0,5.0,3.0,5.0,3.0,4.0,3.6823284920823767
4.0,5.0,3.0,5.0,3.0,5.0,3.7816748065473798
4.0,5.0,3.0,5.0,4.0,2.0,3.216524345098415
4.0,5.0,3.0,5.0,4.0,3.0,3.5373651089166036
4.0,5.0,3.0,5.0,4.0,4.0,3.893081687247076
4.0,5.0,3.0,5.0,4.0,5.0,4.013522779575048
4.0,5.0,3.0,5.0,5.0,1.0,3.1292611948488296
4.0,5.0,3.0,5.0,5.0,2.0,3.328330285310114
4.0,5.0,3.0,5.0,5.0,3.0,3.639547223601874
4.0,5.0,3.0,5.0,5.0,4.0,4.004358159810375
4.0,5.0,3.0,5.0,5.0,5.0,4.130431044832646
4.0,5.0,4.0,1.0,1.0,1.0,2.39083892819841
4.0,5.0,4.0,1.0,2.0,2.0,2.7509036750906133
4.0,5.0,4.0,1.0,3.0,1.0,2.651321852502125
4.0,5.0,4.0,1.0,3.0,3.0,3.0595059300775977
4.0,5.0,4.0,1.0,4.0,3.0,3.2620338240864304
4.0,5.0,4.0,1.0,4.0,4.0,3.4301568145644827
4.0,5.0,4.0,1.0,4.0,5.0,3.6756255027752034
4.0,5.0,4.0,1.0,5.0,2.0,3.1332177588672563
4.0,5.0,4.0,1.0,5.0,3.0,3.365307089855595
4.0,5.0,4.0,1.0,5.0,4.0,3.5830573945740953
4.0,5.0,4.0,2.0,1.0,1.0,2.5572981466945586
4.0,5.0,4.0,2.0,2.0,2.0,2.8525606720065735
4.0,5.0,4.0,2.0,2.0,3.0,3.1342602108128212
4.0,5.0,4.0,2.0,2.0,4.0,3.3265475761884487
4.0,5.0,4.0,2.0,3.0,1.0,2.7504985609197328
4.0,5.0,4.0,2.0,3.0,2.0,3.0209642823826597
4.0,5.0,4.0,2.0,3.0,3.0,3.248205413754142
4.0,5.0,4.0,2.0,3.0,4.0,3.450059620730724
4.0,5.0,4.0,2.0,4.0,2.0,3.127383949901825
4.0,5.0,4.0,2.0,4.0,3.0,3.3838021908023275
4.0,5.0,4.0,2.0,4.0,4.0,3.574501789316459
4.0,5.0,4.0,2.0,4.0,5.0,3.808443480258974
4.0,5.0,4.0,2.0,5.0,2.0,3.2411044058560647
4.0,5.0,4.0,2.0,5.0,3.0,3.471584506719425
4.0,5.0,4.0,2.0,5.0,4.0,3.659158954190795
4.0,5.0,4.0,2.0,5.0,5.0,3.9504318726561096
4.0,5.0,4.0,3.0,1.0,1.0,2.656474854173927
4.0,5.0,4.0,3.0,1.0,2.0,2.8633657143911204
4.0,5.0,4.0,3.0,1.0,3.0,3.082480148837779
4.0,5.0,4.0,3.0,1.0,4.0,3.320713749953278
4.0,5.0,4.0,3.0,2.0,1.0,2.7614853692483283
4.0,5.0,4.0,3.0,2.0,2.0,2.983976697256603
4.0,5.0,4.0,3.0,2.0,3.0,3.2539740053001682
4.0,5.0,4.0,3.0,2.0,4.0,3.4461680885668593
4.0,5.0,4.0,3.0,2.0,5.0,3.686059655227933
4.0,5.0,4.0,3.0,3.0,1.0,2.9001371573753723
4.0,5.0,4.0,3.0,3.0,2.0,3.15014097492199
4.0,5.0,4.0,3.0,3.0,3.0,3.471598077161667
4.0,5.0,4.0,3.0,3.0,4.0,3.6896621937816465
4.0,5.0,4.0,3.0,3.0,5.0,3.8465752754207005
4.0,5.0,4.0,3.0,4.0,2.0,3.255897698381681
4.0,5.0,4.0,3.0,4.0,3.0,3.562528634954856
4.0,5.0,4.0,3.0,4.0,4.0,3.8529369910773164
4.0,5.0,4.0,3.0,4.0,5.0,3.9646287758972583
4.0,5.0,4.0,3.0,5.0,1.0,3.126978822819594
4.0,5.0,4.0,3.0,5.0,2.0,3.365212423879976
4.0,5.0,4.0,3.0,5.0,3.0,3.6272890496690424
4.0,5.0,4.0,3.0,5.0,4.0,3.8770167890689224
4.0,5.0,4.0,3.0,5.0,5.0,4.089659420248345
4.0,5.0,4.0,4.0,1.0,1.0,2.7724721804434123
4.0,5.0,4.0,4.0,1.0,3.0,3.1986982872978227
4.0,5.0,4.0,4.0,1.0,4.0,3.437729493801581
4.0,5.0,4.0,4.0,1.0,5.0,3.6749446782571633
4.0,5.0,4.0,4.0,2.0,2.0,3.1279392585593864
4.0,5.0,4.0,4.0,2.0,3.0,3.3764989527778932
4.0,5.0,4.0,4.0,2.0,4.0,3.6339236054354633
4.0,5.0,4.0,4.0,2.0,5.0,3.770844060860095
4.0,5.0,4.0,4.0,3.0,2.0,3.2355331895151456
4.0,5.0,4.0,4.0,3.0,3.0,3.671122910916414
4.0,5.0,4.0,4.0,3.0,4.0,3.933355374118578
4.0,5.0,4.0,4.0,3.0,5.0,3.9570957653924688
4.0,5.0,4.0,4.0,4.0,1.0,3.135683254139027
4.0,5.0,4.0,4.0,4.0,2.0,3.3967652291663524
4.0,5.0,4.0,4.0,4.0,3.0,3.804976470870601
4.0,5.0,4.0,4.0,4.0,4.0,4.113346088987393
4.0,5.0,4.0,4.0,4.0,5.0,4.290090837855734
4.0,5.0,4.0,4.0,5.0,2.0,3.460615825260546
4.0,5.0,4.0,4.0,5.0,3.0,3.8049771089127025
4.0,5.0,4.0,4.0,5.0,4.0,4.113344201430231
4.0,5.0,4.0,4.0,5.0,5.0,4.290089149761631
4.0,5.0,4.0,5.0,1.0,2.0,3.0930618351460466
4.0,5.0,4.0,5.0,1.0,3.0,3.3367862839948637
4.0,5.0,4.0,5.0,1.0,4.0,3.5784344295650476
4.0,5.0,4.0,5.0,1.0,5.0,3.76519993847272
4.0,5.0,4.0,5.0,2.0,2.0,3.2078987661253127
4.0,5.0,4.0,5.0,2.0,3.0,3.4735118934210636
4.0,5.0,4.0,5.0,2.0,4.0,3.688782286709993
4.0,5.0,4.0,5.0,2.0,5.0,3.925333103933983
4.0,5.0,4.0,5.0,3.0,2.0,3.3583111706445843
4.0,5.0,4.0,5.0,3.0,3.0,3.671123212754931
4.0,5.0,4.0,5.0,3.0,4.0,3.9936183281485147
4.0,5.0,4.0,5.0,3.0,5.0,4.129298626699973
4.0,5.0,4.0,5.0,4.0,3.0,3.804977262756542
4.0,5.0,4.0,5.0,4.0,4.0,4.17414999749118
4.0,5.0,4.0,5.0,4.0,5.0,4.3630600587364965
4.0,5.0,4.0,5.0,5.0,2.0,3.577769611935106
4.0,5.0,4.0,5.0,5.0,3.0,3.84709196417441
4.0,5.0,4.0,5.0,5.0,4.0,4.242807811053571
4.0,5.0,4.0,5.0,5.0,5.0,4.482462881309735
4.0,5.0,5.0,1.0,2.0,4.0,3.4739037967556166
4.0,5.0,5.0,1.0,3.0,4.0,3.6189657159333763
4.0,5.0,5.0,1.0,4.0,3.0,3.4961531382160436
4.0,5.0,5.0,1.0,4.0,5.0,3.9389790665921334
4.0,5.0,5.0,1.0,5.0,1.0,3.158337723936213
4.0,5.0,5.0,1.0,5.0,4.0,3.8562178861158287
4.0,5.0,5.0,1.0,5.0,5.0,4.060810214907502
4.0,5.0,5.0,2.0,2.0,1.0,2.9088416163715354
4.0,5.0,5.0,2.0,2.0,3.0,3.368488161498478
4.0,5.0,5.0,2.0,3.0,2.0,3.2479160930192212
4.0,5.0,5.0,2.0,3.0,3.0,3.5152937187835747
4.0,5.0,5.0,2.0,3.0,4.0,3.6999591477844502
4.0,5.0,5.0,2.0,4.0,2.0,3.3907375026990945
4.0,5.0,5.0,2.0,4.0,3.0,3.602024540772999
4.0,5.0,5.0,2.0,4.0,4.0,3.833563433824703
4.0,5.0,5.0,2.0,4.0,5.0,4.071797025150211
4.0,5.0,5.0,2.0,5.0,2.0,3.5125686492619526
4.0,5.0,5.0,2.0,5.0,3.0,3.710094005899972
4.0,5.0,5.0,2.0,5.0,4.0,3.989217867096074
4.0,5.0,5.0,2.0,5.0,5.0,4.149903163615041
4.0,5.0,5.0,3.0,1.0,3.0,3.36124743465269
4.0,5.0,5.0,3.0,1.0,4.0,3.6008879411273456
4.0,5.0,5.0,3.0,2.0,2.0,3.2798931627997407
4.0,5.0,5.0,3.0,2.0,3.0,3.4849914472507257
4.0,5.0,5.0,3.0,2.0,4.0,3.73953972886877
4.0,5.0,5.0,3.0,3.0,2.0,3.3723772025606427
4.0,5.0,5.0,3.0,3.0,3.0,3.57760549232426
4.0,5.0,5.0,3.0,3.0,4.0,3.84043744961565
4.0,5.0,5.0,3.0,3.0,5.0,4.081415080452334
4.0,5.0,5.0,3.0,4.0,2.0,3.5235554555601607
4.0,5.0,5.0,3.0,4.0,3.0,3.7232009515297912
4.0,5.0,5.0,3.0,4.0,4.0,3.9567555496273448
4.0,5.0,5.0,3.0,4.0,5.0,4.181683361665708
4.0,5.0,5.0,3.0,5.0,2.0,3.62856598367002
4.0,5.0,5.0,3.0,5.0,3.0,3.8399130123581195
4.0,5.0,5.0,3.0,5.0,4.0,4.097880483951799
4.0,5.0,5.0,3.0,5.0,5.0,4.344152123288222
4.0,5.0,5.0,4.0,1.0,2.0,3.236441309341184
4.0,5.0,5.0,4.0,1.0,3.0,3.4707340527255996
4.0,5.0,5.0,4.0,1.0,4.0,3.687454021513352
4.0,5.0,5.0,4.0,1.0,5.0,3.955118864881791
4.0,5.0,5.0,4.0,2.0,1.0,3.157656891198866
4.0,5.0,5.0,4.0,2.0,3.0,3.6256703368653445
4.0,5.0,5.0,4.0,2.0,4.0,3.8331252607828086
4.0,5.0,5.0,4.0,2.0,5.0,4.074446657913964
4.0,5.0,5.0,4.0,3.0,2.0,3.517721631247004
4.0,5.0,5.0,4.0,3.0,3.0,3.815301623309547
4.0,5.0,5.0,4.0,3.0,4.0,4.073556798095336
4.0,5.0,5.0,4.0,3.0,5.0,4.235378158858199
4.0,5.0,5.0,4.0,4.0,1.0,3.4013191871692716
4.0,5.0,5.0,4.0,4.0,2.0,3.6289732921582534
4.0,5.0,5.0,4.0,4.0,3.0,3.9431740137881532
4.0,5.0,5.0,4.0,4.0,4.0,4.182207214117078
4.0,5.0,5.0,4.0,4.0,5.0,4.413080750554709
4.0,5.0,5.0,4.0,5.0,2.0,3.7487889848082343
4.0,5.0,5.0,4.0,5.0,3.0,3.989172647960812
4.0,5.0,5.0,4.0,5.0,4.0,4.251577358224133
4.0,5.0,5.0,4.0,5.0,5.0,4.465359129195465
4.0,5.0,5.0,5.0,1.0,2.0,3.3732360280667213
4.0,5.0,5.0,5.0,1.0,3.0,3.6013548020302553
4.0,5.0,5.0,5.0,1.0,4.0,3.8220491604964315
4.0,5.0,5.0,5.0,1.0,5.0,3.956990329607934
4.0,5.0,5.0,5.0,2.0,2.0,3.511887814352312
4.0,5.0,5.0,5.0,2.0,3.0,3.7301005610378324
4.0,5.0,5.0,5.0,2.0,4.0,3.894845911338184
4.0,5.0,5.0,5.0,2.0,5.0,4.135938333397299
4.0,5.0,5.0,5.0,3.0,2.0,3.6130939445988526
4.0,5.0,5.0,5.0,3.0,3.0,3.890219407240507
4.0,5.0,5.0,5.0,3.0,4.0,4.104679828073285
4.0,5.0,5.0,5.0,3.0,5.0,4.295381728378871
4.0,5.0,5.0,5.0,4.0,2.0,3.743051598980361
4.0,5.0,5.0,5.0,4.0,3.0,3.9716055170940647
4.0,5.0,5.0,5.0,4.0,4.0,4.349362616532602
4.0,5.0,5.0,5.0,4.0,5.0,4.56492093845394
4.0,5.0,5.0,5.0,5.0,1.0,3.6559682999299485
4.0,5.0,5.0,5.0,5.0,2.0,3.8463248584499494
4.0,5.0,5.0,5.0,5.0,3.0,4.134866985376707
4.0,5.0,5.0,5.0,5.0,4.0,4.398448811230079
4.0,5.0,5.0,5.0,5.0,5.0,4.635922652644389
5.0,1.0,1.0,1.0,1.0,1.0,1.5628997468791215
5.0,1.0,1.0,1.0,3.0,1.0,1.9055232271362643
5.0,1.0,1.0,1.0,4.0,3.0,2.5006429341074945
5.0,1.0,1.0,2.0,2.0,2.0,2.1683856163209723
5.0,1.0,1.0,2.0,3.0,1.0,2.051983161859202
5.0,1.0,1.0,2.0,3.0,2.0,2.273396139946574
5.0,1.0,1.0,3.0,1.0,1.0,1.9243182058874082
5.0,1.0,1.0,3.0,3.0,1.0,2.148659127705176
5.0,1.0,1.0,4.0,3.0,3.0,2.7604450025920184
5.0,1.0,1.0,4.0,4.0,1.0,2.4226295651701073
5.0,1.0,1.0,5.0,1.0,1.0,2.2000448230896916
5.0,1.0,1.0,5.0,1.0,3.0,2.595911930651712
5.0,1.0,1.0,5.0,1.0,5.0,2.99177903673507
5.0,1.0,1.0,5.0,2.0,1.0,2.278143994264962
5.0,1.0,1.0,5.0,2.0,2.0,2.5163775888687616
5.0,1.0,1.0,5.0,2.0,5.0,3.2310783954514344
5.0,1.0,1.0,5.0,3.0,1.0,2.4167957599618988
5.0,1.0,1.0,5.0,3.0,5.0,3.3192682806094633
5.0,1.0,1.0,5.0,5.0,4.0,3.30787637289292
5.0,1.0,1.0,5.0,5.0,5.0,3.446969188088811
5.0,1.0,2.0,1.0,1.0,1.0,1.9556770858167627
5.0,1.0,2.0,1.0,3.0,2.0,2.420752357912118
5.0,1.0,2.0,2.0,1.0,1.0,2.0716744473832276
5.0,1.0,2.0,2.0,3.0,2.0,2.5535703119597293
5.0,1.0,2.0,2.0,3.0,3.0,2.7749832817561297
5.0,1.0,2.0,3.0,1.0,3.0,2.6473182952188976
5.0,1.0,2.0,3.0,2.0,1.0,2.3684717724678315
5.0,1.0,2.0,3.0,2.0,2.0,2.5477364986097326
5.0,1.0,2.0,3.0,3.0,2.0,2.669567647830588
5.0,1.0,2.0,3.0,3.0,3.0,2.924621878374533
5.0,1.0,2.0,3.0,4.0,3.0,3.012811766181994
5.0,1.0,2.0,4.0,1.0,2.0,2.5419026599013095
5.0,1.0,2.0,4.0,5.0,4.0,3.4477019219914475
5.0,1.0,2.0,5.0,1.0,3.0,2.8344214299401114
5.0,1.0,2.0,5.0,1.0,5.0,3.3053182496971916
5.0,1.0,2.0,5.0,2.0,3.0,3.001125258867114
5.0,1.0,2.0,5.0,3.0,4.0,3.361208868478971
5.0,1.0,3.0,1.0,1.0,1.0,2.2190306501740196
5.0,1.0,3.0,1.0,1.0,3.0,2.661856569719237
5.0,1.0,3.0,1.0,3.0,1.0,2.4550395202057858
5.0,1.0,3.0,2.0,1.0,2.0,2.590082199200338
5.0,1.0,3.0,2.0,3.0,1.0,2.612331536820407
5.0,1.0,3.0,3.0,1.0,1.0,2.43634708020639
5.0,1.0,3.0,3.0,1.0,2.0,2.6447725997847855
5.0,1.0,3.0,3.0,1.0,3.0,2.9106718716874243
5.0,1.0,3.0,3.0,2.0,2.0,2.8110900518225517
5.0,1.0,3.0,3.0,2.0,3.0,3.0485083650761515
5.0,1.0,3.0,3.0,2.0,4.0,3.2707366231640895
5.0,1.0,3.0,3.0,3.0,3.0,3.1375135391391322
5.0,1.0,3.0,3.0,3.0,4.0,3.3925677668780803
5.0,1.0,3.0,3.0,5.0,1.0,2.9719911475811873
5.0,1.0,3.0,4.0,1.0,4.0,3.264902794535434
5.0,1.0,3.0,4.0,2.0,3.0,3.165320986118904
5.0,1.0,3.0,4.0,2.0,4.0,3.386733943229751
5.0,1.0,3.0,4.0,3.0,3.0,3.245260732443048
5.0,1.0,3.0,4.0,4.0,3.0,3.4258039202665613
5.0,1.0,3.0,4.0,4.0,4.0,3.630396252653588
5.0,1.0,3.0,4.0,5.0,3.0,3.4971731709142526
5.0,1.0,3.0,4.0,5.0,5.0,3.9904609907409094
5.0,1.0,3.0,5.0,1.0,1.0,2.7544335540075715
5.0,1.0,3.0,5.0,1.0,2.0,2.9044329210901796
5.0,1.0,3.0,5.0,1.0,3.0,3.1565143913613904
5.0,1.0,3.0,5.0,1.0,4.0,3.374599590850079
5.0,1.0,3.0,5.0,3.0,2.0,3.16491586074281
5.0,1.0,3.0,5.0,3.0,4.0,3.624562423236334
5.0,1.0,3.0,5.0,4.0,4.0,3.7463935782591844
5.0,1.0,3.0,5.0,4.0,5.0,3.9846271775302182
5.0,1.0,3.0,5.0,5.0,4.0,3.868224715412999
5.0,1.0,3.0,5.0,5.0,5.0,4.08672093149038
5.0,1.0,4.0,1.0,5.0,5.0,3.8246694428142334
5.0,1.0,4.0,3.0,2.0,3.0,3.2958565821642285
5.0,1.0,4.0,4.0,1.0,3.0,3.2900227516958407
5.0,1.0,4.0,4.0,1.0,4.0,3.5282563540682386
5.0,1.0,4.0,4.0,3.0,3.0,3.5673263209402233
5.0,1.0,4.0,5.0,1.0,1.0,2.9631941558211645
5.0,1.0,4.0,5.0,1.0,3.0,3.422840714778119
5.0,1.0,4.0,5.0,1.0,4.0,3.6610743076138372
5.0,1.0,4.0,5.0,1.0,5.0,3.882487274345943
5.0,1.0,4.0,5.0,3.0,4.0,3.8710953542830593
5.0,1.0,4.0,5.0,3.0,5.0,4.109328948121528
5.0,1.0,4.0,5.0,4.0,4.0,4.0265677709927
5.0,1.0,4.0,5.0,4.0,5.0,4.260421604267117
5.0,1.0,4.0,5.0,5.0,4.0,4.14839892277959
5.0,1.0,4.0,5.0,5.0,5.0,4.352991246616585
5.0,1.0,5.0,1.0,2.0,1.0,2.884389535368925
5.0,1.0,5.0,2.0,1.0,2.0,3.0999686900292573
5.0,1.0,5.0,4.0,1.0,2.0,3.331963354139808
5.0,1.0,5.0,5.0,1.0,4.0,3.87396595230942
5.0,1.0,5.0,5.0,1.0,5.0,4.095378910711731
5.0,1.0,5.0,5.0,2.0,5.0,4.1775958107099616
5.0,1.0,5.0,5.0,3.0,2.0,3.7084436045992306
5.0,1.0,5.0,5.0,3.0,3.0,3.9144752565358014
5.0,1.0,5.0,5.0,4.0,5.0,4.462784393580183
5.0,1.0,5.0,5.0,5.0,1.0,3.6970517028893006
5.0,1.0,5.0,5.0,5.0,4.0,4.438026720792966
5.0,1.0,5.0,5.0,5.0,5.0,4.462784810656705
5.0,2.0,1.0,1.0,1.0,1.0,1.664882318878681
5.0,2.0,1.0,1.0,1.0,2.0,1.9812128005050813
5.0,2.0,1.0,1.0,2.0,1.0,1.8648103431953817
5.0,2.0,1.0,2.0,1.0,2.0,2.1308513986416107
5.0,2.0,1.0,3.0,1.0,3.0,2.451441030957269
5.0,2.0,1.0,3.0,2.0,1.0,2.096805007054591
5.0,2.0,1.0,3.0,3.0,2.0,2.4736903925347318
5.0,2.0,1.0,3.0,4.0,1.0,2.334834828670064
5.0,2.0,1.0,4.0,2.0,1.0,2.2296229641100656
5.0,2.0,1.0,4.0,3.0,2.0,2.6065083337320756
5.0,2.0,1.0,4.0,3.0,3.0,2.7942800642879937
5.0,2.0,1.0,5.0,1.0,2.0,2.428381505365955
5.0,2.0,1.0,5.0,3.0,3.0,2.9270979917644473
5.0,2.0,1.0,5.0,3.0,4.0,3.114869701894707
5.0,2.0,1.0,5.0,4.0,4.0,3.2535214844587266
5.0,2.0,1.0,5.0,5.0,4.0,3.3921732733684093
5.0,2.0,2.0,1.0,1.0,1.0,2.006127568827094
5.0,2.0,2.0,1.0,2.0,1.0,2.128163908418623
5.0,2.0,2.0,1.0,2.0,2.0,2.349576866465621
5.0,2.0,2.0,1.0,3.0,1.0,2.2458598066092526
5.0,2.0,2.0,1.0,3.0,2.0,2.4714080150495596
5.0,2.0,2.0,1.0,3.0,3.0,2.692820976716258
5.0,2.0,2.0,1.0,5.0,2.0,2.73632637670923
5.0,2.0,2.0,2.0,1.0,2.0,2.377384319447425
5.0,2.0,2.0,2.0,2.0,2.0,2.4666952613048387
5.0,2.0,2.0,2.0,2.0,3.0,2.7038077910228635
5.0,2.0,2.0,2.0,3.0,2.0,2.600927906717529
5.0,2.0,2.0,2.0,3.0,3.0,2.825638950298784
5.0,2.0,2.0,3.0,2.0,1.0,2.368472214343858
5.0,2.0,2.0,3.0,2.0,2.0,2.5983921564156183
5.0,2.0,2.0,3.0,2.0,5.0,3.262631179179416
5.0,2.0,2.0,3.0,3.0,1.0,2.4819897118662704
5.0,2.0,2.0,3.0,3.0,2.0,2.7202233092371113
5.0,2.0,2.0,3.0,4.0,3.0,3.0789600569840316
5.0,2.0,2.0,4.0,1.0,2.0,2.6093789652411297
5.0,2.0,2.0,4.0,1.0,4.0,3.0353842710627754
5.0,2.0,2.0,4.0,1.0,5.0,3.256797253792164
5.0,2.0,2.0,4.0,2.0,3.0,2.9368645251712993
5.0,2.0,2.0,4.0,3.0,3.0,3.074454239769161
5.0,2.0,2.0,4.0,3.0,4.0,3.295867210322817
5.0,2.0,2.0,4.0,5.0,5.0,3.7777630827074864
5.0,2.0,2.0,5.0,1.0,1.0,2.4871427053618342
5.0,2.0,2.0,5.0,1.0,4.0,3.1682022048504175
5.0,2.0,2.0,5.0,1.0,5.0,3.3896151898052804
5.0,2.0,2.0,5.0,2.0,5.0,3.511446338188568
5.0,2.0,2.0,5.0,3.0,3.0,3.1904515621811136
5.0,2.0,2.0,5.0,3.0,5.0,3.6332774971561923
5.0,2.0,2.0,5.0,4.0,4.0,3.508324538504519
5.0,2.0,2.0,5.0,4.0,5.0,3.738288010515493
5.0,2.0,2.0,5.0,5.0,2.0,3.195880374811919
5.0,2.0,2.0,5.0,5.0,3.0,3.4269323695917717
5.0,2.0,2.0,5.0,5.0,4.0,3.6555268308690696
5.0,2.0,2.0,5.0,5.0,5.0,3.8188004514328355
5.0,2.0,3.0,1.0,2.0,4.0,3.089397618934034
5.0,2.0,3.0,1.0,3.0,2.0,2.7515822029116284
5.0,2.0,3.0,1.0,5.0,1.0,2.7570108980467483
5.0,2.0,3.0,2.0,2.0,1.0,2.541156046477834
5.0,2.0,3.0,2.0,2.0,2.0,2.7499548927736157
5.0,2.0,3.0,2.0,3.0,2.0,2.8201432719881003
5.0,2.0,3.0,2.0,3.0,3.0,3.0875208928158626
5.0,2.0,3.0,2.0,4.0,3.0,3.224808635988002
5.0,2.0,3.0,2.0,4.0,4.0,3.4658778960117766
5.0,2.0,3.0,3.0,1.0,2.0,2.7230939320914764
5.0,2.0,3.0,3.0,2.0,3.0,3.0999793196005982
5.0,2.0,3.0,3.0,3.0,1.0,2.795805175475357
5.0,2.0,3.0,3.0,3.0,2.0,2.983576859503873
5.0,2.0,3.0,3.0,3.0,3.0,3.2111565821859505
5.0,2.0,3.0,3.0,3.0,5.0,3.6646363946905107
5.0,2.0,3.0,3.0,4.0,3.0,3.3214149054208333
5.0,2.0,3.0,3.0,4.0,4.0,3.565054591895138
5.0,2.0,3.0,3.0,5.0,2.0,3.227239238154996
5.0,2.0,3.0,3.0,5.0,5.0,3.9251193266715156
5.0,2.0,3.0,4.0,1.0,2.0,2.8559118923888454
5.0,2.0,3.0,4.0,1.0,3.0,3.0736115798254326
5.0,2.0,3.0,4.0,2.0,2.0,2.9781115031940533
5.0,2.0,3.0,4.0,2.0,4.0,3.4373896200391476
5.0,2.0,3.0,4.0,3.0,1.0,2.880176902468439
5.0,2.0,3.0,4.0,3.0,3.0,3.3426343569008066
5.0,2.0,3.0,4.0,4.0,3.0,3.47722641766142
5.0,2.0,3.0,4.0,4.0,4.0,3.6751599682501297
5.0,2.0,3.0,4.0,4.0,5.0,3.902464871676962
5.0,2.0,3.0,4.0,5.0,3.0,3.588393787164416
5.0,2.0,3.0,4.0,5.0,4.0,3.802883063592078
5.0,2.0,3.0,4.0,5.0,5.0,4.007475402143328
5.0,2.0,3.0,5.0,1.0,2.0,2.9719092166434353
5.0,2.0,3.0,5.0,1.0,3.0,3.1565133487655666
5.0,2.0,3.0,5.0,1.0,4.0,3.4189240304063877
5.0,2.0,3.0,5.0,2.0,3.0,3.326482560080679
5.0,2.0,3.0,5.0,3.0,2.0,3.2323921651696965
5.0,2.0,3.0,5.0,3.0,3.0,3.4462982594777958
5.0,2.0,3.0,5.0,3.0,4.0,3.6956938179501244
5.0,2.0,3.0,5.0,3.0,5.0,3.9302723182841603
5.0,2.0,3.0,5.0,4.0,1.0,3.1328103506366856
5.0,2.0,3.0,5.0,4.0,2.0,3.3814485381423944
5.0,2.0,3.0,5.0,4.0,3.0,3.5826563998599483
5.0,2.0,3.0,5.0,4.0,4.0,3.8199282522124443
5.0,2.0,3.0,5.0,4.0,5.0,4.017299297731485
5.0,2.0,3.0,5.0,5.0,4.0,3.93879040234558
5.0,2.0,3.0,5.0,5.0,5.0,4.168132023700907
5.0,2.0,4.0,1.0,3.0,2.0,3.031756409825004
5.0,2.0,4.0,2.0,2.0,1.0,2.770868372917054
5.0,2.0,4.0,2.0,3.0,2.0,3.147753726593778
5.0,2.0,4.0,3.0,1.0,3.0,3.2415017200670766
5.0,2.0,4.0,3.0,3.0,3.0,3.477138930120748
5.0,2.0,4.0,3.0,4.0,3.0,3.61349707191267
5.0,2.0,4.0,3.0,5.0,4.0,3.9838805518971196
5.0,2.0,4.0,4.0,3.0,3.0,3.6179819937298032
5.0,2.0,4.0,4.0,3.0,4.0,3.825509983422743
5.0,2.0,4.0,4.0,4.0,2.0,3.476740196859691
5.0,2.0,4.0,4.0,4.0,3.0,3.73949112319893
5.0,2.0,4.0,4.0,4.0,4.0,3.962489291785586
5.0,2.0,4.0,4.0,5.0,4.0,4.080355150612283
5.0,2.0,4.0,5.0,1.0,4.0,3.678088715483021
5.0,2.0,4.0,5.0,2.0,3.0,3.6121481564397535
5.0,2.0,4.0,5.0,2.0,5.0,4.05497409407625
5.0,2.0,4.0,5.0,3.0,3.0,3.717158684768506
5.0,2.0,4.0,5.0,3.0,4.0,3.9568451676047847
5.0,2.0,4.0,5.0,3.0,5.0,4.193625887508704
5.0,2.0,4.0,5.0,4.0,4.0,4.071234795655326
5.0,2.0,4.0,5.0,4.0,5.0,4.293696738443876
5.0,2.0,4.0,5.0,5.0,4.0,4.208850157127016
5.0,2.0,4.0,5.0,5.0,5.0,4.402919169879077
5.0,2.0,5.0,3.0,2.0,3.0,3.6266864214618035
5.0,2.0,5.0,3.0,3.0,3.0,3.724157823621667
5.0,2.0,5.0,3.0,4.0,4.0,4.122412429560248
5.0,2.0,5.0,3.0,5.0,3.0,3.992179876769627
5.0,2.0,5.0,4.0,2.0,4.0,3.980917345746201
5.0,2.0,5.0,4.0,3.0,3.0,3.881335547492191
5.0,2.0,5.0,4.0,4.0,3.0,4.00316670075683
5.0,2.0,5.0,4.0,4.0,4.0,4.237407852325215
5.0,2.0,5.0,4.0,5.0,3.0,4.122930805090129
5.0,2.0,5.0,4.0,5.0,4.0,4.363231453060484
5.0,2.0,5.0,4.0,5.0,5.0,4.567823773869802
5.0,2.0,5.0,5.0,1.0,1.0,3.3276652268763818
5.0,2.0,5.0,5.0,1.0,5.0,4.17967585800787
5.0,2.0,5.0,5.0,2.0,4.0,4.096914682816941
5.0,2.0,5.0,5.0,2.0,5.0,4.279977740043835
5.0,2.0,5.0,5.0,3.0,4.0,4.218745841087116
5.0,2.0,5.0,5.0,3.0,5.0,4.435029484990937
5.0,2.0,5.0,5.0,4.0,3.0,4.102343400124141
5.0,2.0,5.0,5.0,4.0,4.0,4.3542392661664975
5.0,2.0,5.0,5.0,4.0,5.0,4.558084946413534
5.0,2.0,5.0,5.0,5.0,3.0,4.233152827705425
5.0,2.0,5.0,5.0,5.0,4.0,4.456209589335357
5.0,2.0,5.0,5.0,5.0,5.0,4.686222557834908
5.0,3.0,1.0,1.0,1.0,1.0,1.6648815755565007
5.0,3.0,1.0,1.0,2.0,1.0,1.9154660110741328
5.0,3.0,1.0,1.0,2.0,2.0,2.132424210012552
5.0,3.0,1.0,1.0,3.0,1.0,1.9605026555786316
5.0,3.0,1.0,1.0,4.0,1.0,2.1759489490414996
5.0,3.0,1.0,2.0,1.0,1.0,1.8945845619192083
5.0,3.0,1.0,2.0,1.0,2.0,2.1310451578697145
5.0,3.0,1.0,2.0,2.0,1.0,2.0314633388287238
5.0,3.0,1.0,2.0,2.0,2.0,2.281777885730425
5.0,3.0,1.0,2.0,3.0,1.0,2.1483049734467934
5.0,3.0,1.0,2.0,3.0,2.0,2.3727196842148484
5.0,3.0,1.0,2.0,4.0,1.0,2.275125638884201
5.0,3.0,1.0,3.0,1.0,1.0,2.0085217217739526
5.0,3.0,1.0,3.0,1.0,2.0,2.259498053147823
5.0,3.0,1.0,3.0,1.0,3.0,2.468455452017736
5.0,3.0,1.0,3.0,1.0,4.0,2.6898684203306824
5.0,3.0,1.0,3.0,2.0,1.0,2.1450210053498795
5.0,3.0,1.0,3.0,3.0,1.0,2.2692918124079586
5.0,3.0,1.0,3.0,4.0,1.0,2.368109974140421
5.0,3.0,1.0,3.0,5.0,5.0,3.4416390795439136
5.0,3.0,1.0,4.0,1.0,1.0,2.141626841405882
5.0,3.0,1.0,4.0,1.0,2.0,2.3798604440990068
5.0,3.0,1.0,4.0,1.0,3.0,2.6180940373304566
5.0,3.0,1.0,4.0,2.0,3.0,2.7231045681071238
5.0,3.0,1.0,4.0,4.0,3.0,2.983587486188588
5.0,3.0,1.0,5.0,1.0,1.0,2.2655117396690807
5.0,3.0,1.0,5.0,1.0,3.0,2.672320096183629
5.0,3.0,1.0,5.0,1.0,5.0,3.151376915522272
5.0,3.0,1.0,5.0,2.0,4.0,3.0605148500006205
5.0,3.0,1.0,5.0,3.0,1.0,2.5181071069973573
5.0,3.0,1.0,5.0,3.0,3.0,2.9609330387964397
5.0,3.0,1.0,5.0,3.0,4.0,3.199166626293221
5.0,3.0,1.0,5.0,3.0,5.0,3.4205795992828216
5.0,3.0,1.0,5.0,4.0,4.0,3.3209977906515
5.0,3.0,1.0,5.0,4.0,5.0,3.5424107565104825
5.0,3.0,1.0,5.0,5.0,1.0,2.7617694157642796
5.0,3.0,1.0,5.0,5.0,4.0,3.4428289379531782
5.0,3.0,1.0,5.0,5.0,5.0,3.6367108270709085
5.0,3.0,2.0,1.0,1.0,1.0,2.055134302903767
5.0,3.0,2.0,1.0,2.0,1.0,2.1567268814063283
5.0,3.0,2.0,1.0,2.0,2.0,2.4170531649424567
5.0,3.0,2.0,1.0,3.0,1.0,2.2862087734318464
5.0,3.0,2.0,1.0,3.0,2.0,2.4887995649356665
5.0,3.0,2.0,1.0,3.0,3.0,2.7477204300252263
5.0,3.0,2.0,1.0,4.0,1.0,2.4393025074558095
5.0,3.0,2.0,1.0,4.0,3.0,2.882128422899557
5.0,3.0,2.0,2.0,1.0,1.0,2.162081386190926
5.0,3.0,2.0,2.0,1.0,2.0,2.4234914119204882
5.0,3.0,2.0,2.0,1.0,3.0,2.6494529502408777
5.0,3.0,2.0,2.0,2.0,1.0,2.3014951669388504
5.0,3.0,2.0,2.0,2.0,2.0,2.523457168124174
5.0,3.0,2.0,2.0,3.0,1.0,2.4519075724418498
5.0,3.0,2.0,2.0,3.0,2.0,2.6009277733690426
5.0,3.0,2.0,2.0,3.0,3.0,2.8931152391647643
5.0,3.0,2.0,2.0,3.0,5.0,3.3191205843893794
5.0,3.0,2.0,2.0,4.0,2.0,2.731972682743234
5.0,3.0,2.0,2.0,4.0,3.0,2.9981568835648607
5.0,3.0,2.0,2.0,4.0,4.0,3.219538722296356
5.0,3.0,2.0,2.0,5.0,2.0,2.89854395689161
5.0,3.0,2.0,2.0,5.0,3.0,3.1345150225632215
5.0,3.0,2.0,3.0,1.0,1.0,2.300745036695277
5.0,3.0,2.0,3.0,1.0,2.0,2.5184953448127305
5.0,3.0,2.0,3.0,1.0,3.0,2.756811246240157
5.0,3.0,2.0,3.0,2.0,2.0,2.6297274774068082
5.0,3.0,2.0,3.0,2.0,3.0,2.8746771035035263
5.0,3.0,2.0,3.0,3.0,1.0,2.549466010903133
5.0,3.0,2.0,3.0,3.0,2.0,2.7951017134885383
5.0,3.0,2.0,3.0,3.0,3.0,2.985557700368857
5.0,3.0,2.0,3.0,4.0,2.0,2.91102732454143
5.0,3.0,2.0,3.0,4.0,3.0,3.1266820917752596
5.0,3.0,2.0,3.0,5.0,3.0,3.2406321165433747
5.0,3.0,2.0,4.0,1.0,2.0,2.6123152518890587
5.0,3.0,2.0,4.0,2.0,2.0,2.7854742302057547
5.0,3.0,2.0,4.0,2.0,3.0,2.986898838228883
5.0,3.0,2.0,4.0,2.0,4.0,3.2078710788736724
5.0,3.0,2.0,4.0,3.0,2.0,2.8819675460551313
5.0,3.0,2.0,4.0,3.0,3.0,3.1030871137034226
5.0,3.0,2.0,4.0,3.0,4.0,3.3801641406297915
5.0,3.0,2.0,4.0,4.0,1.0,2.7872944857574535
5.0,3.0,2.0,4.0,4.0,2.0,3.0255280910504085
5.0,3.0,2.0,4.0,4.0,3.0,3.2350782808584255
5.0,3.0,2.0,4.0,4.0,4.0,3.445855100850924
5.0,3.0,2.0,4.0,4.0,5.0,3.7065876039849908
5.0,3.0,2.0,4.0,5.0,3.0,3.356769683355299
5.0,3.0,2.0,4.0,5.0,4.0,3.590185167700957
5.0,3.0,2.0,4.0,5.0,5.0,3.811598139819976
5.0,3.0,2.0,5.0,1.0,2.0,2.7466519558760805
5.0,3.0,2.0,5.0,1.0,3.0,2.980944701272852
5.0,3.0,2.0,5.0,1.0,4.0,3.202037252373526
5.0,3.0,2.0,5.0,1.0,5.0,3.44027085269307
5.0,3.0,2.0,5.0,2.0,1.0,2.648717353995266
5.0,3.0,2.0,5.0,2.0,2.0,2.836093926350752
5.0,3.0,2.0,5.0,2.0,3.0,3.1338452854203185
5.0,3.0,2.0,5.0,3.0,2.0,3.019368236853027
5.0,3.0,2.0,5.0,3.0,3.0,3.2295244450679816
5.0,3.0,2.0,5.0,3.0,4.0,3.4883393848361104
5.0,3.0,2.0,5.0,3.0,5.0,3.6839331547494667
5.0,3.0,2.0,5.0,4.0,2.0,3.1060990568686138
5.0,3.0,2.0,5.0,4.0,3.0,3.361515613264675
5.0,3.0,2.0,5.0,4.0,4.0,3.579033084220461
5.0,3.0,2.0,5.0,4.0,5.0,3.828359037414821
5.0,3.0,2.0,5.0,5.0,3.0,3.4767499436073703
5.0,3.0,2.0,5.0,5.0,4.0,3.7061825009398515
5.0,3.0,2.0,5.0,5.0,5.0,3.891704492138923
5.0,3.0,3.0,1.0,1.0,1.0,2.3110088996468106
5.0,3.0,3.0,1.0,1.0,3.0,2.7799885299002702
5.0,3.0,3.0,1.0,1.0,5.0,3.222814512651509
5.0,3.0,3.0,1.0,2.0,1.0,2.4183165303161203
5.0,3.0,3.0,1.0,2.0,2.0,2.6972273580811486
5.0,3.0,3.0,1.0,3.0,1.0,2.529375512841102
5.0,3.0,3.0,1.0,3.0,3.0,3.0236508409540908
5.0,3.0,3.0,1.0,4.0,1.0,2.7075752461213862
5.0,3.0,3.0,1.0,4.0,2.0,2.9072483878937394
5.0,3.0,3.0,1.0,5.0,1.0,2.8108485016104727
5.0,3.0,3.0,1.0,5.0,3.0,3.2504925218697
5.0,3.0,3.0,2.0,1.0,1.0,2.462206456339514
5.0,3.0,3.0,2.0,1.0,2.0,2.6745729082637113
5.0,3.0,3.0,2.0,1.0,3.0,2.912806503528765
5.0,3.0,3.0,2.0,2.0,1.0,2.582022154466366
5.0,3.0,3.0,2.0,2.0,2.0,2.812201137245505
5.0,3.0,3.0,2.0,2.0,3.0,3.0340652062652635
5.0,3.0,3.0,2.0,3.0,1.0,2.6968222468977214
5.0,3.0,3.0,2.0,3.0,2.0,2.8982847995781307
5.0,3.0,3.0,2.0,3.0,3.0,3.1066815646241173
5.0,3.0,3.0,2.0,4.0,1.0,2.8186533880963016
5.0,3.0,3.0,2.0,4.0,2.0,3.022130035980331
5.0,3.0,3.0,2.0,4.0,3.0,3.2248086119567443
5.0,3.0,3.0,2.0,4.0,4.0,3.4997129203171258
5.0,3.0,3.0,2.0,5.0,2.0,3.161897511161645
5.0,3.0,3.0,2.0,5.0,3.0,3.4001311034990094
5.0,3.0,3.0,2.0,5.0,4.0,3.638364709060755
5.0,3.0,3.0,2.0,5.0,5.0,3.84295702571272
5.0,3.0,3.0,3.0,1.0,1.0,2.550633818769844
5.0,3.0,3.0,3.0,1.0,2.0,2.768606570481702
5.0,3.0,3.0,3.0,1.0,3.0,2.9954690867603007
5.0,3.0,3.0,3.0,1.0,4.0,3.250216793860542
5.0,3.0,3.0,3.0,2.0,1.0,2.69098842344789
5.0,3.0,3.0,3.0,2.0,2.0,2.898979775311339
5.0,3.0,3.0,3.0,2.0,3.0,3.1411403267792126
5.0,3.0,3.0,3.0,2.0,4.0,3.3720479506033567
5.0,3.0,3.0,3.0,3.0,1.0,2.829640200763561
5.0,3.0,3.0,3.0,3.0,2.0,3.0005160600857064
5.0,3.0,3.0,3.0,3.0,3.0,3.2509362188283593
5.0,3.0,3.0,3.0,3.0,4.0,3.4944423203414248
5.0,3.0,3.0,3.0,3.0,5.0,3.715292057214254
5.0,3.0,3.0,3.0,4.0,1.0,2.95147134511119
5.0,3.0,3.0,3.0,4.0,2.0,3.1672580389238565
5.0,3.0,3.0,3.0,4.0,3.0,3.437147850936144
5.0,3.0,3.0,3.0,4.0,4.0,3.5679456580954256
5.0,3.0,3.0,3.0,4.0,5.0,3.8729028471902547
5.0,3.0,3.0,3.0,5.0,3.0,3.51511267903883
5.0,3.0,3.0,3.0,5.0,4.0,3.7181248810580882
5.0,3.0,3.0,3.0,5.0,5.0,3.960927114457568
5.0,3.0,3.0,4.0,1.0,2.0,2.9065675575888665
5.0,3.0,3.0,4.0,1.0,3.0,3.1025375706552656
5.0,3.0,3.0,4.0,1.0,4.0,3.3493934849666602
5.0,3.0,3.0,4.0,2.0,2.0,3.0110223655581523
5.0,3.0,3.0,4.0,2.0,3.0,3.2686441700013193
5.0,3.0,3.0,4.0,2.0,4.0,3.496514564232097
5.0,3.0,3.0,4.0,3.0,1.0,2.9456375296530575
5.0,3.0,3.0,4.0,3.0,2.0,3.119356863511928
5.0,3.0,3.0,4.0,3.0,3.0,3.4661407984084183
5.0,3.0,3.0,4.0,3.0,4.0,3.6829150373062953
5.0,3.0,3.0,4.0,3.0,5.0,3.834080572708041
5.0,3.0,3.0,4.0,4.0,2.0,3.2922727049319502
5.0,3.0,3.0,4.0,4.0,3.0,3.5285675370603524
5.0,3.0,3.0,4.0,4.0,4.0,3.7935009122757943
5.0,3.0,3.0,4.0,4.0,5.0,3.9454736474405343
5.0,3.0,3.0,4.0,5.0,1.0,3.1724792121531404
5.0,3.0,3.0,4.0,5.0,3.0,3.610683837599465
5.0,3.0,3.0,4.0,5.0,4.0,3.8781384768720324
5.0,3.0,3.0,4.0,5.0,5.0,4.17192530094749
5.0,3.0,3.0,5.0,1.0,1.0,2.771356499893772
5.0,3.0,3.0,5.0,1.0,2.0,3.0393855116954733
5.0,3.0,3.0,5.0,1.0,3.0,3.1565113856966343
5.0,3.0,3.0,5.0,1.0,4.0,3.418923845825499
5.0,3.0,3.0,5.0,1.0,5.0,3.6144562700640144
5.0,3.0,3.0,5.0,2.0,2.0,3.1396965204576803
5.0,3.0,3.0,5.0,2.0,3.0,3.3505451113635485
5.0,3.0,3.0,5.0,2.0,4.0,3.6230641608362837
5.0,3.0,3.0,5.0,2.0,5.0,3.7641969763626353
5.0,3.0,3.0,5.0,3.0,1.0,3.0440727762047444
5.0,3.0,3.0,5.0,3.0,2.0,3.272379281429906
5.0,3.0,3.0,5.0,3.0,3.0,3.4863521904533616
5.0,3.0,3.0,5.0,3.0,4.0,3.721431631768494
5.0,3.0,3.0,5.0,3.0,5.0,3.9717220951978036
5.0,3.0,3.0,5.0,4.0,1.0,3.1638884783832704
5.0,3.0,3.0,5.0,4.0,2.0,3.3981812254323245
5.0,3.0,3.0,5.0,4.0,3.0,3.6485892304217833
5.0,3.0,3.0,5.0,4.0,4.0,3.940328151582105
5.0,3.0,3.0,5.0,4.0,5.0,4.175380692238351
5.0,3.0,3.0,5.0,5.0,1.0,3.26716173167698
5.0,3.0,3.0,5.0,5.0,2.0,3.526710101734868
5.0,3.0,3.0,5.0,5.0,3.0,3.7882837872904283
5.0,3.0,3.0,5.0,5.0,4.0,4.038216268324246
5.0,3.0,3.0,5.0,5.0,5.0,4.42782650300168
5.0,3.0,4.0,1.0,3.0,5.0,3.7634715869254136
5.0,3.0,4.0,1.0,5.0,4.0,3.7857209184251803
5.0,3.0,4.0,2.0,1.0,2.0,2.9547470987048334
5.0,3.0,4.0,2.0,2.0,2.0,3.076578234498591
5.0,3.0,4.0,2.0,2.0,3.0,3.281170574370997
5.0,3.0,4.0,2.0,3.0,2.0,3.1728675228128016
5.0,3.0,4.0,2.0,3.0,3.0,3.42942063422145
5.0,3.0,4.0,2.0,3.0,4.0,3.658055965775057
5.0,3.0,4.0,2.0,3.0,5.0,3.8626482832620987
5.0,3.0,4.0,2.0,4.0,1.0,3.098827570525904
5.0,3.0,4.0,2.0,4.0,2.0,3.3202405439409954
5.0,3.0,4.0,2.0,4.0,3.0,3.5492363345362974
5.0,3.0,4.0,2.0,5.0,5.0,4.0955862859440755
5.0,3.0,4.0,3.0,1.0,1.0,2.8661520992786405
5.0,3.0,4.0,3.0,1.0,2.0,3.102659675022156
5.0,3.0,4.0,3.0,2.0,3.0,3.407140799408383
5.0,3.0,4.0,3.0,3.0,2.0,3.342291077221669
5.0,3.0,4.0,3.0,3.0,3.0,3.5158143847663426
5.0,3.0,4.0,3.0,3.0,4.0,3.791585086991192
5.0,3.0,4.0,3.0,4.0,3.0,3.69972835534398
5.0,3.0,4.0,3.0,4.0,4.0,3.9024503822170953
5.0,3.0,4.0,3.0,5.0,3.0,3.7385852753177233
5.0,3.0,4.0,3.0,5.0,4.0,4.000840599480486
5.0,3.0,4.0,3.0,5.0,5.0,4.2801667932880125
5.0,3.0,4.0,4.0,1.0,4.0,3.6025020317400975
5.0,3.0,4.0,4.0,2.0,3.0,3.5205405429167698
5.0,3.0,4.0,4.0,2.0,4.0,3.7432177601525702
5.0,3.0,4.0,4.0,2.0,5.0,3.972811781353774
5.0,3.0,4.0,4.0,3.0,2.0,3.416396690448253
5.0,3.0,4.0,4.0,3.0,3.0,3.7178525212082296
5.0,3.0,4.0,4.0,3.0,4.0,3.906330890179705
5.0,3.0,4.0,4.0,3.0,5.0,4.126162739170321
5.0,3.0,4.0,4.0,4.0,2.0,3.543100202808044
5.0,3.0,4.0,4.0,4.0,3.0,3.739491815663048
5.0,3.0,4.0,4.0,4.0,4.0,4.120965763756163
5.0,3.0,4.0,4.0,4.0,5.0,4.250098218995966
5.0,3.0,4.0,4.0,5.0,3.0,3.8897843208399374
5.0,3.0,4.0,4.0,5.0,4.0,4.173516873852737
5.0,3.0,4.0,4.0,5.0,5.0,4.4386367921542815
5.0,3.0,4.0,5.0,1.0,2.0,3.285918440836203
5.0,3.0,4.0,5.0,1.0,3.0,3.4989392746664936
5.0,3.0,4.0,5.0,1.0,4.0,3.7623856331824874
5.0,3.0,4.0,5.0,1.0,5.0,3.9509823251817475
5.0,3.0,4.0,5.0,2.0,3.0,3.662803827762998
5.0,3.0,4.0,5.0,2.0,4.0,3.867396163423562
5.0,3.0,4.0,5.0,2.0,5.0,4.0956406391670654
5.0,3.0,4.0,5.0,3.0,2.0,3.537362810718901
5.0,3.0,4.0,5.0,3.0,3.0,3.802084541424666
5.0,3.0,4.0,5.0,3.0,4.0,4.078087437458304
5.0,3.0,4.0,5.0,3.0,5.0,4.285304493717951
5.0,3.0,4.0,5.0,4.0,2.0,3.646484281292757
5.0,3.0,4.0,5.0,4.0,3.0,3.92325316373862
5.0,3.0,4.0,5.0,4.0,4.0,4.246974098689322
5.0,3.0,4.0,5.0,4.0,5.0,4.444517991790195
5.0,3.0,4.0,5.0,5.0,3.0,3.995360709084042
5.0,3.0,4.0,5.0,5.0,4.0,4.362645371262853
5.0,3.0,4.0,5.0,5.0,5.0,4.661987574563228
5.0,3.0,5.0,1.0,2.0,1.0,2.969395977203973
5.0,3.0,5.0,2.0,2.0,2.0,3.323111172509932
5.0,3.0,5.0,2.0,5.0,2.0,3.719761982610507
5.0,3.0,5.0,2.0,5.0,3.0,3.928049320208971
5.0,3.0,5.0,3.0,1.0,4.0,3.793744522286595
5.0,3.0,5.0,3.0,3.0,2.0,3.5777602815766443
5.0,3.0,5.0,3.0,3.0,3.0,3.8057111036448084
5.0,3.0,5.0,3.0,3.0,4.0,4.019917931355802
5.0,3.0,5.0,3.0,4.0,3.0,3.9568269051107867
5.0,3.0,5.0,3.0,4.0,4.0,4.122412809721928
5.0,3.0,5.0,3.0,4.0,5.0,4.380650963981913
5.0,3.0,5.0,3.0,5.0,3.0,4.05432067078778
5.0,3.0,5.0,3.0,5.0,4.0,4.251556774027458
5.0,3.0,5.0,3.0,5.0,5.0,4.502259097672275
5.0,3.0,5.0,4.0,2.0,3.0,3.8133012675243605
5.0,3.0,5.0,4.0,2.0,4.0,4.014752391384987
5.0,3.0,5.0,4.0,3.0,3.0,3.9165974543156747
5.0,3.0,5.0,4.0,3.0,4.0,4.141506841671581
5.0,3.0,5.0,4.0,3.0,5.0,4.374817141203576
5.0,3.0,5.0,4.0,4.0,3.0,4.029957397415933
5.0,3.0,5.0,4.0,4.0,4.0,4.289208533165068
5.0,3.0,5.0,4.0,4.0,5.0,4.51187657731129
5.0,3.0,5.0,4.0,5.0,3.0,4.144275738601875
5.0,3.0,5.0,4.0,5.0,4.0,4.37183614454091
5.0,3.0,5.0,4.0,5.0,5.0,4.693976081149218
5.0,3.0,5.0,5.0,1.0,5.0,4.205720731470712
5.0,3.0,5.0,5.0,2.0,3.0,3.927379587086042
5.0,3.0,5.0,5.0,2.0,4.0,4.128587446161378
5.0,3.0,5.0,5.0,2.0,5.0,4.329964515873995
5.0,3.0,5.0,5.0,3.0,1.0,3.5883419833871324
5.0,3.0,5.0,5.0,3.0,3.0,4.063561329818808
5.0,3.0,5.0,5.0,3.0,4.0,4.287801370010215
5.0,3.0,5.0,5.0,3.0,5.0,4.586569691247548
5.0,3.0,5.0,5.0,4.0,3.0,4.179277502682216
5.0,3.0,5.0,5.0,4.0,4.0,4.444837054117417
5.0,3.0,5.0,5.0,4.0,5.0,4.721220723192065
5.0,3.0,5.0,5.0,5.0,2.0,4.052533928167147
5.0,3.0,5.0,5.0,5.0,3.0,4.290525972047867
5.0,3.0,5.0,5.0,5.0,4.0,4.51599197986936
5.0,3.0,5.0,5.0,5.0,5.0,4.836095746062614
5.0,4.0,1.0,1.0,1.0,1.0,1.76156894845215
5.0,4.0,1.0,1.0,1.0,2.0,2.0657035011388887
5.0,4.0,1.0,1.0,1.0,3.0,2.32075771401921
5.0,4.0,1.0,1.0,2.0,1.0,1.9447074201671144
5.0,4.0,1.0,1.0,3.0,1.0,2.034581606291646
5.0,4.0,1.0,1.0,3.0,2.0,2.309365786100995
5.0,4.0,1.0,1.0,4.0,1.0,2.2434252474023126
5.0,4.0,1.0,1.0,4.0,2.0,2.4311969365596493
5.0,4.0,1.0,1.0,4.0,4.0,2.874022861619464
5.0,4.0,1.0,1.0,5.0,2.0,2.569848718441544
5.0,4.0,1.0,2.0,1.0,1.0,1.93127009745748
5.0,4.0,1.0,2.0,1.0,3.0,2.419934416356612
5.0,4.0,1.0,2.0,2.0,2.0,2.298510580095489
5.0,4.0,1.0,2.0,3.0,1.0,2.1973117085790355
5.0,4.0,1.0,2.0,3.0,2.0,2.4514111589549574
5.0,4.0,1.0,2.0,4.0,1.0,2.3594225757322422
5.0,4.0,1.0,3.0,1.0,1.0,2.0931058119647945
5.0,4.0,1.0,3.0,2.0,1.0,2.175394311315891
5.0,4.0,1.0,3.0,3.0,1.0,2.3146542836341433
5.0,4.0,1.0,3.0,3.0,4.0,3.017827631551249
5.0,4.0,1.0,3.0,4.0,1.0,2.47541988735844
5.0,4.0,1.0,3.0,4.0,2.0,2.680012248690663
5.0,4.0,1.0,3.0,5.0,1.0,2.5636097813623313
5.0,4.0,1.0,3.0,5.0,2.0,2.8018433802457787
5.0,4.0,1.0,4.0,1.0,1.0,2.1922825048616867
5.0,4.0,1.0,4.0,1.0,3.0,2.6411442390064614
5.0,4.0,1.0,4.0,1.0,4.0,2.873342025942664
5.0,4.0,1.0,4.0,2.0,2.0,2.5523472568260477
5.0,4.0,1.0,4.0,3.0,1.0,2.415001259913229
5.0,4.0,1.0,4.0,3.0,3.0,2.912412000703177
5.0,4.0,1.0,4.0,3.0,4.0,3.1506456142312858
5.0,4.0,1.0,4.0,4.0,3.0,3.017422527416491
5.0,4.0,1.0,4.0,4.0,4.0,3.255656124931855
5.0,4.0,1.0,5.0,1.0,1.0,2.274562871368508
5.0,4.0,1.0,5.0,1.0,2.0,2.5465134188078005
5.0,4.0,1.0,5.0,1.0,4.0,2.9725187248408314
5.0,4.0,1.0,5.0,3.0,1.0,2.5855834029493434
5.0,4.0,1.0,5.0,4.0,1.0,2.6737732985885794
5.0,4.0,1.0,5.0,4.0,2.0,2.92882750744341
5.0,4.0,1.0,5.0,4.0,4.0,3.3884740857540705
5.0,4.0,1.0,5.0,4.0,5.0,3.616340024575659
5.0,4.0,1.0,5.0,5.0,3.0,3.2552509973481896
5.0,4.0,1.0,5.0,5.0,5.0,3.6753557536917927
5.0,4.0,2.0,1.0,1.0,1.0,2.0715944838825426
5.0,4.0,2.0,1.0,2.0,1.0,2.24629586468163
5.0,4.0,2.0,1.0,3.0,1.0,2.3073261974769803
5.0,4.0,2.0,1.0,3.0,2.0,2.5612201474147662
5.0,4.0,2.0,1.0,4.0,1.0,2.4899581635594106
5.0,4.0,2.0,1.0,4.0,2.0,2.6830609569420973
5.0,4.0,2.0,1.0,4.0,3.0,2.9327840943262466
5.0,4.0,2.0,1.0,5.0,3.0,3.0546152521443135
5.0,4.0,2.0,2.0,1.0,1.0,2.219941860466879
5.0,4.0,2.0,2.0,1.0,2.0,2.454234604756773
5.0,4.0,2.0,2.0,2.0,1.0,2.3562999998405956
5.0,4.0,2.0,2.0,2.0,2.0,2.584970695135877
5.0,4.0,2.0,2.0,2.0,3.0,2.8051191249438823
5.0,4.0,2.0,2.0,3.0,1.0,2.4761157028711014
5.0,4.0,2.0,2.0,3.0,2.0,2.6716447735219604
5.0,4.0,2.0,2.0,3.0,3.0,2.900035077533588
5.0,4.0,2.0,2.0,4.0,2.0,2.8036359412380607
5.0,4.0,2.0,2.0,4.0,4.0,3.2701943840438523
5.0,4.0,2.0,3.0,1.0,1.0,2.356459374296369
5.0,4.0,2.0,3.0,1.0,3.0,2.8058179782767088
5.0,4.0,2.0,3.0,2.0,2.0,2.7028741142368555
5.0,4.0,2.0,3.0,2.0,3.0,2.937937085486173
5.0,4.0,2.0,3.0,3.0,1.0,2.555279873072595
5.0,4.0,2.0,3.0,3.0,2.0,2.7951013060608942
5.0,4.0,2.0,3.0,3.0,3.0,2.985557370552764
5.0,4.0,2.0,3.0,3.0,4.0,3.2720297936878353
5.0,4.0,2.0,3.0,4.0,1.0,2.721952828863491
5.0,4.0,2.0,3.0,4.0,2.0,2.9452087204205504
5.0,4.0,2.0,3.0,4.0,3.0,3.186532057912197
5.0,4.0,2.0,3.0,4.0,4.0,3.4128879446253633
5.0,4.0,2.0,3.0,5.0,5.0,3.721968330377071
5.0,4.0,2.0,4.0,1.0,2.0,2.6501267083415767
5.0,4.0,2.0,4.0,1.0,3.0,2.966682279976396
5.0,4.0,2.0,4.0,1.0,4.0,3.099699989070242
5.0,4.0,2.0,4.0,2.0,2.0,2.8054254686552795
5.0,4.0,2.0,4.0,2.0,3.0,3.019317795228744
5.0,4.0,2.0,4.0,3.0,1.0,2.720814759678216
5.0,4.0,2.0,4.0,3.0,2.0,2.9126999714507553
5.0,4.0,2.0,4.0,3.0,3.0,3.156315368932473
5.0,4.0,2.0,4.0,3.0,4.0,3.4167980786281973
5.0,4.0,2.0,4.0,4.0,1.0,2.837950148117132
5.0,4.0,2.0,4.0,4.0,2.0,3.0565106055838385
5.0,4.0,2.0,4.0,4.0,3.0,3.2945953508251913
5.0,4.0,2.0,4.0,4.0,4.0,3.509776166219095
5.0,4.0,2.0,4.0,4.0,5.0,3.774063922856157
5.0,4.0,2.0,4.0,5.0,2.0,3.194738898495168
5.0,4.0,2.0,4.0,5.0,3.0,3.436248506354502
5.0,4.0,2.0,4.0,5.0,4.0,3.6633243950020806
5.0,4.0,2.0,4.0,5.0,5.0,3.867905149847943
5.0,4.0,2.0,5.0,1.0,2.0,2.8130119681916077
5.0,4.0,2.0,5.0,1.0,3.0,3.0137457006574726
5.0,4.0,2.0,5.0,1.0,4.0,3.235872279212722
5.0,4.0,2.0,5.0,2.0,2.0,2.948518780099647
5.0,4.0,2.0,5.0,2.0,3.0,3.1867523776781033
5.0,4.0,2.0,5.0,2.0,5.0,3.6026210241062926
5.0,4.0,2.0,5.0,3.0,1.0,2.8489369575922594
5.0,4.0,2.0,5.0,3.0,2.0,3.051786336022513
5.0,4.0,2.0,5.0,3.0,3.0,3.3034785560774753
5.0,4.0,2.0,5.0,3.0,4.0,3.5299964929828773
5.0,4.0,2.0,5.0,3.0,5.0,3.722436724604786
5.0,4.0,2.0,5.0,4.0,2.0,3.1696521929137007
5.0,4.0,2.0,5.0,4.0,3.0,3.390955724515495
5.0,4.0,2.0,5.0,4.0,4.0,3.626494791317771
5.0,4.0,2.0,5.0,4.0,5.0,3.8724360126110944
5.0,4.0,2.0,5.0,5.0,2.0,3.2567157490149223
5.0,4.0,2.0,5.0,5.0,3.0,3.553544621774521
5.0,4.0,2.0,5.0,5.0,4.0,3.793945139303376
5.0,4.0,2.0,5.0,5.0,5.0,4.04135790709602
5.0,4.0,3.0,1.0,1.0,1.0,2.4144881581711384
5.0,4.0,3.0,1.0,1.0,2.0,2.609231234963221
5.0,4.0,3.0,1.0,1.0,3.0,2.813823570660352
5.0,4.0,3.0,1.0,2.0,1.0,2.5264700579422885
5.0,4.0,3.0,1.0,2.0,2.0,2.747883026583734
5.0,4.0,3.0,1.0,3.0,1.0,2.610928793112596
5.0,4.0,3.0,1.0,3.0,2.0,2.8439487996721335
5.0,4.0,3.0,1.0,3.0,3.0,3.104435541817309
5.0,4.0,3.0,1.0,4.0,1.0,2.724307939540539
5.0,4.0,3.0,1.0,4.0,2.0,2.9747246839711114
5.0,4.0,3.0,1.0,4.0,3.0,3.1995347953182667
5.0,4.0,3.0,1.0,4.0,4.0,3.4271861743550294
5.0,4.0,3.0,2.0,1.0,1.0,2.4789391478905154
5.0,4.0,3.0,2.0,1.0,2.0,2.725228563458041
5.0,4.0,3.0,2.0,2.0,1.0,2.62564675998755
5.0,4.0,3.0,2.0,2.0,2.0,2.81524588136979
5.0,4.0,3.0,2.0,2.0,3.0,3.0662448726693285
5.0,4.0,3.0,2.0,2.0,4.0,3.3235269198868127
5.0,4.0,3.0,2.0,3.0,1.0,2.768197864334165
5.0,4.0,3.0,2.0,3.0,2.0,2.9321317400687446
5.0,4.0,3.0,2.0,3.0,3.0,3.1404201902039834
5.0,4.0,3.0,2.0,3.0,4.0,3.4285374337044536
5.0,4.0,3.0,2.0,4.0,2.0,3.085003705867282
5.0,4.0,3.0,2.0,4.0,3.0,3.3493293787365586
5.0,4.0,3.0,2.0,4.0,4.0,3.523930937180475
5.0,4.0,3.0,2.0,4.0,5.0,3.7886021728625816
5.0,4.0,3.0,2.0,5.0,3.0,3.4433298770301266
5.0,4.0,3.0,2.0,5.0,4.0,3.6455847928723935
5.0,4.0,3.0,2.0,5.0,5.0,3.8936126948504612
5.0,4.0,3.0,3.0,1.0,2.0,2.8438526381225584
5.0,4.0,3.0,3.0,1.0,3.0,3.0931473027028344
5.0,4.0,3.0,3.0,1.0,4.0,3.3176930965418516
5.0,4.0,3.0,3.0,2.0,2.0,2.9636683406297935
5.0,4.0,3.0,3.0,2.0,3.0,3.184058368515613
5.0,4.0,3.0,3.0,2.0,4.0,3.4487962716128124
5.0,4.0,3.0,3.0,2.0,5.0,3.6441165592721267
5.0,4.0,3.0,3.0,3.0,1.0,2.8491912968196993
5.0,4.0,3.0,3.0,3.0,2.0,3.028251133495084
5.0,4.0,3.0,3.0,3.0,3.0,3.2775469550268905
5.0,4.0,3.0,3.0,3.0,4.0,3.5624180581038143
5.0,4.0,3.0,3.0,3.0,5.0,3.78276836276032
5.0,4.0,3.0,3.0,4.0,1.0,3.0021270057792857
5.0,4.0,3.0,3.0,4.0,2.0,3.2130353220976917
5.0,4.0,3.0,3.0,4.0,3.0,3.4371483796867435
5.0,4.0,3.0,3.0,4.0,4.0,3.6828206705505546
5.0,4.0,3.0,3.0,4.0,5.0,3.9077050725903533
5.0,4.0,3.0,3.0,5.0,2.0,3.3552099929892747
5.0,4.0,3.0,3.0,5.0,3.0,3.5250248376157827
5.0,4.0,3.0,3.0,5.0,4.0,3.798493299897856
5.0,4.0,3.0,3.0,5.0,5.0,4.0247652563855505
5.0,4.0,3.0,4.0,1.0,2.0,2.928399709786305
5.0,4.0,3.0,4.0,1.0,3.0,3.1775435016966043
5.0,4.0,3.0,4.0,1.0,4.0,3.364819396181685
5.0,4.0,3.0,4.0,1.0,5.0,3.6214621140484655
5.0,4.0,3.0,4.0,2.0,2.0,3.0777466480139446
5.0,4.0,3.0,4.0,2.0,3.0,3.3199842795876844
5.0,4.0,3.0,4.0,2.0,4.0,3.5865838081653916
5.0,4.0,3.0,4.0,3.0,1.0,3.013113817526065
5.0,4.0,3.0,4.0,3.0,2.0,3.1882215016861712
5.0,4.0,3.0,4.0,3.0,3.0,3.4789011557669784
5.0,4.0,3.0,4.0,3.0,4.0,3.7571374652951732
5.0,4.0,3.0,4.0,3.0,5.0,3.9144669955293665
5.0,4.0,3.0,4.0,4.0,2.0,3.2922714917461144
5.0,4.0,3.0,4.0,4.0,3.0,3.5709478129970424
5.0,4.0,3.0,4.0,4.0,4.0,3.973788867770819
5.0,4.0,3.0,4.0,4.0,5.0,4.0721121404626555
5.0,4.0,3.0,4.0,5.0,2.0,3.4613684570904573
5.0,4.0,3.0,4.0,5.0,3.0,3.66194298244698
5.0,4.0,3.0,4.0,5.0,4.0,4.048460263141828
5.0,4.0,3.0,4.0,5.0,5.0,4.218053898436688
5.0,4.0,3.0,5.0,1.0,1.0,2.807595502524091
5.0,4.0,3.0,5.0,1.0,2.0,3.0865002751354624
5.0,4.0,3.0,5.0,1.0,3.0,3.262136407142815
5.0,4.0,3.0,5.0,1.0,4.0,3.4696667956016847
5.0,4.0,3.0,5.0,1.0,5.0,3.6844090738185424
5.0,4.0,3.0,5.0,2.0,1.0,2.9904593401061
5.0,4.0,3.0,5.0,2.0,2.0,3.164403741768962
5.0,4.0,3.0,5.0,2.0,3.0,3.3564993026265504
5.0,4.0,3.0,5.0,2.0,4.0,3.6612214548106903
5.0,4.0,3.0,5.0,2.0,5.0,3.8372684355758797
5.0,4.0,3.0,5.0,3.0,2.0,3.322842382361961
5.0,4.0,3.0,5.0,3.0,3.0,3.524893403835856
5.0,4.0,3.0,5.0,3.0,4.0,3.8856613091636247
5.0,4.0,3.0,5.0,3.0,5.0,4.127536390382869
5.0,4.0,3.0,5.0,4.0,2.0,3.4163307984324756
5.0,4.0,3.0,5.0,4.0,3.0,3.6868234738006618
5.0,4.0,3.0,5.0,4.0,4.0,4.152569438417141
5.0,4.0,3.0,5.0,4.0,5.0,4.2991601816091025
5.0,4.0,3.0,5.0,5.0,1.0,3.3004368726360425
5.0,4.0,3.0,5.0,5.0,2.0,3.5605451489319733
5.0,4.0,3.0,5.0,5.0,3.0,3.801487755371825
5.0,4.0,3.0,5.0,5.0,4.0,4.222135704932325
5.0,4.0,3.0,5.0,5.0,5.0,4.5447200231345075
5.0,4.0,4.0,1.0,1.0,1.0,2.6343511904960732
5.0,4.0,4.0,1.0,1.0,2.0,2.906226060174095
5.0,4.0,4.0,1.0,3.0,1.0,2.878013484047562
5.0,4.0,4.0,1.0,3.0,3.0,3.35448069455971
5.0,4.0,4.0,1.0,4.0,3.0,3.4518907158616248
5.0,4.0,4.0,1.0,4.0,4.0,3.6809041719506856
5.0,4.0,4.0,1.0,4.0,5.0,3.935958403978448
5.0,4.0,4.0,2.0,1.0,2.0,3.005314057195456
5.0,4.0,4.0,2.0,2.0,2.0,3.1104132756297034
5.0,4.0,4.0,2.0,2.0,3.0,3.3897115343283404
5.0,4.0,4.0,2.0,3.0,2.0,3.249065050848347
5.0,4.0,4.0,2.0,3.0,3.0,3.455166778261241
5.0,4.0,4.0,2.0,4.0,2.0,3.337254938475997
5.0,4.0,4.0,2.0,4.0,3.0,3.571929369021544
5.0,4.0,4.0,2.0,4.0,4.0,3.812660282785648
5.0,4.0,4.0,2.0,5.0,2.0,3.4927273548447384
5.0,4.0,4.0,2.0,5.0,3.0,3.727873939208235
5.0,4.0,4.0,2.0,5.0,4.0,3.9366199100201307
5.0,4.0,4.0,2.0,5.0,5.0,4.095586160740103
5.0,4.0,4.0,3.0,1.0,1.0,2.8999871089045355
5.0,4.0,4.0,3.0,1.0,2.0,3.104579457578992
5.0,4.0,4.0,3.0,1.0,3.0,3.353685110589006
5.0,4.0,4.0,3.0,1.0,4.0,3.5810466537295866
5.0,4.0,4.0,3.0,2.0,2.0,3.2392080639171263
5.0,4.0,4.0,3.0,2.0,3.0,3.4657959298048926
5.0,4.0,4.0,3.0,2.0,4.0,3.7011399971052423
5.0,4.0,4.0,3.0,3.0,1.0,3.1100081513071482
5.0,4.0,4.0,3.0,3.0,2.0,3.3590237655553086
5.0,4.0,4.0,3.0,3.0,3.0,3.57509006592815
5.0,4.0,4.0,3.0,3.0,4.0,3.8561600148122523
5.0,4.0,4.0,3.0,4.0,2.0,3.4710475411653396
5.0,4.0,4.0,3.0,4.0,3.0,3.7464522620346004
5.0,4.0,4.0,3.0,4.0,4.0,3.9736229715599687
5.0,4.0,4.0,3.0,4.0,5.0,4.183116510439607
5.0,4.0,4.0,3.0,5.0,2.0,3.608724689962953
5.0,4.0,4.0,3.0,5.0,3.0,3.7916079847729747
5.0,4.0,4.0,3.0,5.0,4.0,4.0789869864222945
5.0,4.0,4.0,3.0,5.0,5.0,4.291258556012981
5.0,4.0,4.0,4.0,1.0,1.0,2.9823431692334115
5.0,4.0,4.0,4.0,1.0,2.0,3.237397405486796
5.0,4.0,4.0,4.0,1.0,3.0,3.4601518117337617
5.0,4.0,4.0,4.0,1.0,4.0,3.6025019022343034
5.0,4.0,4.0,4.0,1.0,5.0,3.9048387351006526
5.0,4.0,4.0,4.0,2.0,2.0,3.3592285667101875
5.0,4.0,4.0,4.0,2.0,3.0,3.560956871155759
5.0,4.0,4.0,4.0,2.0,4.0,3.801543988859196
5.0,4.0,4.0,4.0,2.0,5.0,4.038977867820677
5.0,4.0,4.0,4.0,3.0,1.0,3.2428261093544313
5.0,4.0,4.0,4.0,3.0,2.0,3.450734154655865
5.0,4.0,4.0,4.0,3.0,3.0,3.8014516725465985
5.0,4.0,4.0,4.0,3.0,4.0,4.104361030009285
5.0,4.0,4.0,4.0,3.0,5.0,4.142892624426734
5.0,4.0,4.0,4.0,4.0,1.0,3.3751674674916146
5.0,4.0,4.0,4.0,4.0,2.0,3.546212445605845
5.0,4.0,4.0,4.0,4.0,3.0,3.8793464626561254
5.0,4.0,4.0,4.0,4.0,4.0,4.2264070281071655
5.0,4.0,4.0,4.0,4.0,5.0,4.447043806935341
5.0,4.0,4.0,4.0,5.0,2.0,3.7415426488817642
5.0,4.0,4.0,4.0,5.0,3.0,3.9978836821172754
5.0,4.0,4.0,4.0,5.0,4.0,4.277118992037295
5.0,4.0,4.0,4.0,5.0,5.0,4.571003268005929
5.0,4.0,4.0,5.0,1.0,2.0,3.341893439700294
5.0,4.0,4.0,5.0,1.0,3.0,3.5735440259324083
5.0,4.0,4.0,5.0,1.0,4.0,3.7768587808397327
5.0,4.0,4.0,5.0,1.0,5.0,3.9710676457720755
5.0,4.0,4.0,5.0,2.0,1.0,3.220171643114098
5.0,4.0,4.0,5.0,2.0,2.0,3.5085791216123243
5.0,4.0,4.0,5.0,2.0,3.0,3.6863911021779154
5.0,4.0,4.0,5.0,2.0,4.0,3.8949516578168275
5.0,4.0,4.0,5.0,2.0,5.0,4.095640851560755
5.0,4.0,4.0,5.0,3.0,1.0,3.375644076018966
5.0,4.0,4.0,5.0,3.0,2.0,3.626444978435123
5.0,4.0,4.0,5.0,3.0,3.0,3.8020863774167983
5.0,4.0,4.0,5.0,3.0,4.0,4.159895731730272
5.0,4.0,4.0,5.0,3.0,5.0,4.402614787483024
5.0,4.0,4.0,5.0,4.0,1.0,3.4974752206714186
5.0,4.0,4.0,5.0,4.0,2.0,3.728037560192048
5.0,4.0,4.0,5.0,4.0,3.0,3.9868098117869595
5.0,4.0,4.0,5.0,4.0,4.0,4.4058209293256345
5.0,4.0,4.0,5.0,4.0,5.0,4.722015744679768
5.0,4.0,4.0,5.0,5.0,1.0,3.602485732874841
5.0,4.0,4.0,5.0,5.0,2.0,3.858731447893847
5.0,4.0,4.0,5.0,5.0,3.0,4.107163243303802
5.0,4.0,4.0,5.0,5.0,4.0,4.50566285631706
5.0,4.0,4.0,5.0,5.0,5.0,4.771612300027375
5.0,4.0,5.0,1.0,1.0,3.0,3.3741719589126773
5.0,4.0,5.0,1.0,5.0,3.0,3.8783171661308833
5.0,4.0,5.0,2.0,2.0,3.0,3.628821061276742
5.0,4.0,5.0,2.0,3.0,2.0,3.537027622949606
5.0,4.0,5.0,2.0,3.0,3.0,3.754777931432104
5.0,4.0,5.0,2.0,4.0,2.0,3.6072160019856963
5.0,4.0,5.0,2.0,4.0,3.0,3.8388420906397926
5.0,4.0,5.0,2.0,4.0,4.0,4.092343936572651
5.0,4.0,5.0,3.0,1.0,3.0,3.6061666020357137
5.0,4.0,5.0,3.0,2.0,3.0,3.7279977585199657
5.0,4.0,5.0,3.0,3.0,3.0,3.8719000495377487
5.0,4.0,5.0,3.0,3.0,4.0,4.08660654268627
5.0,4.0,5.0,3.0,4.0,3.0,3.9576887930750346
5.0,4.0,5.0,3.0,4.0,4.0,4.20962882772269
5.0,4.0,5.0,3.0,4.0,5.0,4.424172548173283
5.0,4.0,5.0,3.0,5.0,3.0,4.054321269331064
5.0,4.0,5.0,3.0,5.0,4.0,4.291761393581567
5.0,4.0,5.0,3.0,5.0,5.0,4.536708809128672
5.0,4.0,5.0,4.0,1.0,3.0,3.722163929978595
5.0,4.0,5.0,4.0,1.0,4.0,3.960397532953453
5.0,4.0,5.0,4.0,2.0,2.0,3.628826096559464
5.0,4.0,5.0,4.0,2.0,3.0,3.8653469868825523
5.0,4.0,5.0,4.0,2.0,4.0,4.070394457372017
5.0,4.0,5.0,4.0,2.0,5.0,4.320462289142901
5.0,4.0,5.0,4.0,3.0,3.0,3.9874970637166895
5.0,4.0,5.0,4.0,3.0,4.0,4.202568220857378
5.0,4.0,5.0,4.0,3.0,5.0,4.440852050752949
5.0,4.0,5.0,4.0,4.0,3.0,4.100821437086877
5.0,4.0,5.0,4.0,4.0,4.0,4.384150102896323
5.0,4.0,5.0,4.0,4.0,5.0,4.654719706401754
5.0,4.0,5.0,4.0,5.0,3.0,4.228313805956873
5.0,4.0,5.0,4.0,5.0,4.0,4.448649544334952
5.0,4.0,5.0,4.0,5.0,5.0,4.731890874163836
5.0,4.0,5.0,5.0,1.0,2.0,3.599927665772873
5.0,4.0,5.0,5.0,1.0,3.0,3.811571183198679
5.0,4.0,5.0,5.0,1.0,4.0,3.992779377084554
5.0,4.0,5.0,5.0,1.0,5.0,4.205719005643143
5.0,4.0,5.0,5.0,2.0,3.0,3.960654712624751
5.0,4.0,5.0,5.0,2.0,4.0,4.149499711684058
5.0,4.0,5.0,5.0,2.0,5.0,4.396705623379079
5.0,4.0,5.0,5.0,3.0,3.0,4.063561208138277
5.0,4.0,5.0,5.0,3.0,4.0,4.372096210622507
5.0,4.0,5.0,5.0,3.0,5.0,4.586571847638644
5.0,4.0,5.0,5.0,4.0,1.0,3.7776494194893515
5.0,4.0,5.0,5.0,4.0,3.0,4.179278684736573
5.0,4.0,5.0,5.0,4.0,4.0,4.561039467929038
5.0,4.0,5.0,5.0,4.0,5.0,4.822710992780056
5.0,4.0,5.0,5.0,5.0,2.0,4.0866779120286045
5.0,4.0,5.0,5.0,5.0,3.0,4.343482690682759
5.0,4.0,5.0,5.0,5.0,4.0,4.640906553550667
5.0,4.0,5.0,5.0,5.0,5.0,4.89179357452041
5.0,5.0,1.0,1.0,1.0,1.0,1.7615677022835587
5.0,5.0,1.0,1.0,1.0,3.0,2.3545927516719316
5.0,5.0,1.0,1.0,2.0,1.0,1.9447065358543385
5.0,5.0,1.0,1.0,2.0,2.0,2.25079228394279
5.0,5.0,1.0,1.0,3.0,1.0,2.065790969864181
5.0,5.0,1.0,1.0,3.0,3.0,2.598255036939481
5.0,5.0,1.0,1.0,4.0,2.0,2.5154938659150505
5.0,5.0,1.0,1.0,4.0,4.0,2.924678537320929
5.0,5.0,1.0,1.0,5.0,1.0,2.3424101985651715
5.0,5.0,1.0,1.0,5.0,5.0,3.2304054159769784
5.0,5.0,1.0,2.0,1.0,1.0,1.9635457636333804
5.0,5.0,1.0,2.0,1.0,2.0,2.23235647131799
5.0,5.0,1.0,2.0,1.0,3.0,2.4705900753434262
5.0,5.0,1.0,2.0,2.0,1.0,2.1327746625699655
5.0,5.0,1.0,2.0,2.0,2.0,2.357740253248709
5.0,5.0,1.0,2.0,2.0,3.0,2.626062505238131
5.0,5.0,1.0,2.0,3.0,1.0,2.246318437806552
5.0,5.0,1.0,2.0,3.0,2.0,2.4928394151724964
5.0,5.0,1.0,2.0,3.0,3.0,2.6974317435538744
5.0,5.0,1.0,3.0,1.0,1.0,2.141382893494139
5.0,5.0,1.0,3.0,1.0,2.0,2.3651744380317496
5.0,5.0,1.0,3.0,1.0,4.0,2.8080003721548774
5.0,5.0,1.0,3.0,2.0,1.0,2.2611985890293513
5.0,5.0,1.0,3.0,2.0,2.0,2.478948901902809
5.0,5.0,1.0,3.0,2.0,3.0,2.74205982800667
5.0,5.0,1.0,3.0,3.0,1.0,2.352798483164722
5.0,5.0,1.0,3.0,3.0,2.0,2.631849479443344
5.0,5.0,1.0,3.0,3.0,3.0,2.847070349496228
5.0,5.0,1.0,3.0,4.0,1.0,2.4924342945595406
5.0,5.0,1.0,3.0,4.0,2.0,2.7474885269535823
5.0,5.0,1.0,3.0,4.0,3.0,2.9857221332430424
5.0,5.0,1.0,3.0,5.0,5.0,3.533558555217784
5.0,5.0,1.0,4.0,1.0,1.0,2.2597587996352457
5.0,5.0,1.0,4.0,1.0,2.0,2.4566690626448517
5.0,5.0,1.0,4.0,1.0,3.0,2.6857640921352917
5.0,5.0,1.0,4.0,1.0,5.0,3.14541065724398
5.0,5.0,1.0,4.0,2.0,1.0,2.364769318159238
5.0,5.0,1.0,4.0,2.0,2.0,2.603002912452875
5.0,5.0,1.0,4.0,2.0,3.0,2.8273199514650487
5.0,5.0,1.0,4.0,3.0,1.0,2.4632231090251837
5.0,5.0,1.0,4.0,3.0,2.0,2.724834073868587
5.0,5.0,1.0,4.0,3.0,3.0,2.9630676768068573
5.0,5.0,1.0,4.0,3.0,4.0,3.2145132760416777
5.0,5.0,1.0,4.0,4.0,2.0,2.8466652238528116
5.0,5.0,1.0,4.0,4.0,3.0,3.084898820178463
5.0,5.0,1.0,4.0,4.0,4.0,3.30124409853432
5.0,5.0,1.0,4.0,4.0,5.0,3.5277247541654138
5.0,5.0,1.0,4.0,5.0,1.0,2.763904033355447
5.0,5.0,1.0,4.0,5.0,3.0,3.1899093456183976
5.0,5.0,1.0,4.0,5.0,4.0,3.428142935773944
5.0,5.0,1.0,4.0,5.0,5.0,3.6327352595820246
5.0,5.0,1.0,5.0,1.0,1.0,2.274561186983144
5.0,5.0,1.0,5.0,1.0,2.0,2.580348450834579
5.0,5.0,1.0,5.0,1.0,3.0,2.7632444480191825
5.0,5.0,1.0,5.0,1.0,5.0,3.1513765379033463
5.0,5.0,1.0,5.0,2.0,1.0,2.4562703222883324
5.0,5.0,1.0,5.0,2.0,2.0,2.7021796062871513
5.0,5.0,1.0,5.0,3.0,1.0,2.6194184282495483
5.0,5.0,1.0,5.0,3.0,2.0,2.824010757816059
5.0,5.0,1.0,5.0,3.0,4.0,3.2668367036366535
5.0,5.0,1.0,5.0,3.0,5.0,3.538711566656618
5.0,5.0,1.0,5.0,4.0,1.0,2.7289866079990595
5.0,5.0,1.0,5.0,4.0,4.0,3.439129750519729
5.0,5.0,1.0,5.0,4.0,5.0,3.677363355245625
5.0,5.0,1.0,5.0,5.0,1.0,2.811635513432321
5.0,5.0,1.0,5.0,5.0,2.0,3.081742005878616
5.0,5.0,1.0,5.0,5.0,3.0,3.275196416620096
5.0,5.0,1.0,5.0,5.0,4.0,3.544140264319877
5.0,5.0,1.0,5.0,5.0,5.0,3.7797562943667637
5.0,5.0,2.0,1.0,1.0,1.0,2.155681123639025
5.0,5.0,2.0,1.0,1.0,2.0,2.3510813146033054
5.0,5.0,2.0,1.0,2.0,1.0,2.2710136202773774
5.0,5.0,2.0,1.0,3.0,1.0,2.388879476938466
5.0,5.0,2.0,1.0,3.0,2.0,2.6370774888985578
5.0,5.0,2.0,1.0,3.0,3.0,2.8616086043669595
5.0,5.0,2.0,1.0,4.0,1.0,2.540613831985209
5.0,5.0,2.0,1.0,4.0,2.0,2.7825058489968373
5.0,5.0,2.0,1.0,4.0,3.0,2.983439756221295
5.0,5.0,2.0,1.0,5.0,1.0,2.673431011750789
5.0,5.0,2.0,1.0,5.0,2.0,2.883857949348521
5.0,5.0,2.0,1.0,5.0,3.0,3.1052709052721528
5.0,5.0,2.0,1.0,5.0,4.0,3.304737280460892
5.0,5.0,2.0,1.0,5.0,5.0,3.5721149058722323
5.0,5.0,2.0,2.0,1.0,1.0,2.2863018720860415
5.0,5.0,2.0,2.0,1.0,2.0,2.488284881506819
5.0,5.0,2.0,2.0,1.0,3.0,2.738344922954797
5.0,5.0,2.0,2.0,2.0,1.0,2.412948855300402
5.0,5.0,2.0,2.0,2.0,2.0,2.6316958599834424
5.0,5.0,2.0,2.0,2.0,3.0,2.855774786417414
5.0,5.0,2.0,2.0,3.0,1.0,2.525933272816917
5.0,5.0,2.0,2.0,3.0,2.0,2.702149216220502
5.0,5.0,2.0,2.0,3.0,3.0,2.9779763217088355
5.0,5.0,2.0,2.0,4.0,2.0,2.849447171110262
5.0,5.0,2.0,2.0,4.0,3.0,3.133078352508235
5.0,5.0,2.0,2.0,4.0,4.0,3.3208500473888023
5.0,5.0,2.0,2.0,5.0,1.0,2.778442310445973
5.0,5.0,2.0,2.0,5.0,2.0,2.999861664662473
5.0,5.0,2.0,2.0,5.0,3.0,3.2303396767892436
5.0,5.0,2.0,2.0,5.0,4.0,3.4519004674270803
5.0,5.0,2.0,2.0,5.0,5.0,3.7145560680646605
5.0,5.0,2.0,3.0,1.0,1.0,2.412969998337792
5.0,5.0,2.0,3.0,1.0,2.0,2.6320236130662487
5.0,5.0,2.0,3.0,1.0,3.0,2.8710979831785677
5.0,5.0,2.0,3.0,2.0,1.0,2.528946181162669
5.0,5.0,2.0,3.0,2.0,2.0,2.712128482277461
5.0,5.0,2.0,3.0,2.0,3.0,2.942030402650229
5.0,5.0,2.0,3.0,3.0,1.0,2.6035017234683293
5.0,5.0,2.0,3.0,3.0,2.0,2.8873478567511914
5.0,5.0,2.0,3.0,3.0,3.0,3.1138393682924286
5.0,5.0,2.0,3.0,3.0,4.0,3.331836866032144
5.0,5.0,2.0,3.0,3.0,5.0,3.5606401131053604
5.0,5.0,2.0,3.0,4.0,1.0,2.7763697155079665
5.0,5.0,2.0,3.0,4.0,2.0,2.977577587613662
5.0,5.0,2.0,3.0,4.0,3.0,3.186531537541539
5.0,5.0,2.0,3.0,4.0,4.0,3.479247954559229
5.0,5.0,2.0,3.0,5.0,2.0,3.130478164431049
5.0,5.0,2.0,3.0,5.0,3.0,3.311099446870028
5.0,5.0,2.0,3.0,5.0,4.0,3.532893894958934
5.0,5.0,2.0,4.0,1.0,1.0,2.506086241586369
5.0,5.0,2.0,4.0,1.0,2.0,2.7487512317521468
5.0,5.0,2.0,4.0,1.0,3.0,2.966681623219282
5.0,5.0,2.0,4.0,1.0,4.0,3.167709399077271
5.0,5.0,2.0,4.0,2.0,1.0,2.6449435132840935
5.0,5.0,2.0,4.0,2.0,2.0,2.8905406785686645
5.0,5.0,2.0,4.0,2.0,3.0,3.1028596781688296
5.0,5.0,2.0,4.0,3.0,2.0,3.0192377478816135
5.0,5.0,2.0,4.0,3.0,3.0,3.227906499651063
5.0,5.0,2.0,4.0,3.0,4.0,3.449531532197641
5.0,5.0,2.0,4.0,4.0,2.0,3.088719748150306
5.0,5.0,2.0,4.0,4.0,3.0,3.364845640804596
5.0,5.0,2.0,4.0,4.0,4.0,3.6243920348771907
5.0,5.0,2.0,4.0,5.0,1.0,3.0440782163508575
5.0,5.0,2.0,4.0,5.0,2.0,3.208029772752896
5.0,5.0,2.0,4.0,5.0,3.0,3.4623067775240246
5.0,5.0,2.0,4.0,5.0,4.0,3.7131419614384957
5.0,5.0,2.0,4.0,5.0,5.0,3.8679043314882025
5.0,5.0,2.0,5.0,1.0,1.0,2.6183079772018627
5.0,5.0,2.0,5.0,1.0,2.0,2.8247939233490027
5.0,5.0,2.0,5.0,1.0,3.0,3.013745530036392
5.0,5.0,2.0,5.0,1.0,4.0,3.3033485734642225
5.0,5.0,2.0,5.0,1.0,5.0,3.4921712543501973
5.0,5.0,2.0,5.0,2.0,2.0,3.0157301185174843
5.0,5.0,2.0,5.0,2.0,3.0,3.2382004598470777
5.0,5.0,2.0,5.0,2.0,5.0,3.680233970766749
5.0,5.0,2.0,5.0,3.0,1.0,2.8723890930921847
5.0,5.0,2.0,5.0,3.0,2.0,3.1024609390214466
5.0,5.0,2.0,5.0,3.0,3.0,3.3365906746306533
5.0,5.0,2.0,5.0,3.0,4.0,3.5617532663074787
5.0,5.0,2.0,5.0,3.0,5.0,3.775960095824663
5.0,5.0,2.0,5.0,4.0,1.0,2.988178818880912
5.0,5.0,2.0,5.0,4.0,2.0,3.234932197060756
5.0,5.0,2.0,5.0,4.0,3.0,3.4437471656352976
5.0,5.0,2.0,5.0,4.0,4.0,3.653361261804969
5.0,5.0,2.0,5.0,4.0,5.0,3.8724356647371705
5.0,5.0,2.0,5.0,5.0,1.0,3.0912571544864944
5.0,5.0,2.0,5.0,5.0,2.0,3.2567142781172134
5.0,5.0,2.0,5.0,5.0,3.0,3.553543851718911
5.0,5.0,2.0,5.0,5.0,4.0,3.830322558886223
5.0,5.0,2.0,5.0,5.0,5.0,4.206380969374015
5.0,5.0,3.0,1.0,1.0,1.0,2.4567503607453016
5.0,5.0,3.0,1.0,1.0,2.0,2.6762264313896265
5.0,5.0,3.0,1.0,1.0,3.0,2.898120498543573
5.0,5.0,3.0,1.0,1.0,4.0,3.136354104159311
5.0,5.0,3.0,1.0,2.0,1.0,2.5771257231233906
5.0,5.0,3.0,1.0,2.0,2.0,2.756276494227319
5.0,5.0,3.0,1.0,2.0,3.0,3.002981712932393
5.0,5.0,3.0,1.0,3.0,1.0,2.6813938305415346
5.0,5.0,3.0,1.0,3.0,2.0,2.9051449975043266
5.0,5.0,3.0,1.0,3.0,3.0,3.1228953011792444
5.0,5.0,3.0,1.0,3.0,4.0,3.363195765881107
5.0,5.0,3.0,1.0,4.0,1.0,2.7973722912925587
5.0,5.0,3.0,1.0,4.0,2.0,3.041503133805795
5.0,5.0,3.0,1.0,4.0,3.0,3.226168562027587
5.0,5.0,3.0,1.0,4.0,4.0,3.4850269068407425
5.0,5.0,3.0,1.0,5.0,2.0,3.137931794615305
5.0,5.0,3.0,1.0,5.0,3.0,3.32962637531227
5.0,5.0,3.0,1.0,5.0,5.0,3.8044961484895237
5.0,5.0,3.0,2.0,1.0,1.0,2.545299156866278
5.0,5.0,3.0,2.0,1.0,2.0,2.792704858664653
5.0,5.0,3.0,2.0,2.0,1.0,2.6981997359014893
5.0,5.0,3.0,2.0,2.0,2.0,2.8612570363237624
5.0,5.0,3.0,2.0,2.0,3.0,3.094371775007655
5.0,5.0,3.0,2.0,2.0,4.0,3.357361947539704
5.0,5.0,3.0,2.0,3.0,2.0,2.9602826245844174
5.0,5.0,3.0,2.0,3.0,3.0,3.186496806088491
5.0,5.0,3.0,2.0,3.0,4.0,3.4881997375658305
5.0,5.0,3.0,2.0,3.0,5.0,3.683785410692144
5.0,5.0,3.0,2.0,4.0,2.0,3.1436965947785795
5.0,5.0,3.0,2.0,4.0,3.0,3.349329191392351
5.0,5.0,3.0,2.0,4.0,4.0,3.5842036121697314
5.0,5.0,3.0,2.0,4.0,5.0,3.8224372105998294
5.0,5.0,3.0,2.0,5.0,1.0,3.041795875277809
5.0,5.0,3.0,2.0,5.0,2.0,3.2427895936348836
5.0,5.0,3.0,2.0,5.0,3.0,3.4452183468290274
5.0,5.0,3.0,2.0,5.0,4.0,3.737002226369733
5.0,5.0,3.0,2.0,5.0,5.0,3.9035420700042445
5.0,5.0,3.0,3.0,1.0,1.0,2.659722312302213
5.0,5.0,3.0,3.0,1.0,2.0,2.869238234988279
5.0,5.0,3.0,3.0,1.0,3.0,3.0948780749647304
5.0,5.0,3.0,3.0,1.0,4.0,3.351528120409061
5.0,5.0,3.0,3.0,1.0,5.0,3.5634635611063703
5.0,5.0,3.0,3.0,2.0,1.0,2.7922997435911885
5.0,5.0,3.0,3.0,2.0,2.0,3.013266513049111
5.0,5.0,3.0,3.0,2.0,3.0,3.245038829017251
5.0,5.0,3.0,3.0,2.0,4.0,3.5146713144775266
5.0,5.0,3.0,3.0,2.0,5.0,3.711592876477737
5.0,5.0,3.0,3.0,3.0,1.0,2.9372814766935402
5.0,5.0,3.0,3.0,3.0,2.0,3.12857526885574
5.0,5.0,3.0,3.0,3.0,3.0,3.380090532937951
5.0,5.0,3.0,3.0,3.0,4.0,3.619198045328203
5.0,5.0,3.0,3.0,3.0,5.0,3.8361798469840735
5.0,5.0,3.0,3.0,4.0,2.0,3.2130343591561195
5.0,5.0,3.0,3.0,4.0,3.0,3.4824647895361434
5.0,5.0,3.0,3.0,4.0,4.0,3.747445351603912
5.0,5.0,3.0,3.0,4.0,5.0,4.005193699105596
5.0,5.0,3.0,3.0,5.0,1.0,3.1577931924459235
5.0,5.0,3.0,3.0,5.0,2.0,3.355209576401717
5.0,5.0,3.0,3.0,5.0,3.0,3.525024880970987
5.0,5.0,3.0,3.0,5.0,4.0,3.8933458066017907
5.0,5.0,3.0,3.0,5.0,5.0,4.043987294809368
5.0,5.0,3.0,4.0,1.0,1.0,2.748685373087458
5.0,5.0,3.0,4.0,1.0,2.0,2.947641966743799
5.0,5.0,3.0,4.0,1.0,3.0,3.1777111668071303
5.0,5.0,3.0,4.0,1.0,4.0,3.4380522769147075
5.0,5.0,3.0,4.0,2.0,1.0,2.9275546941900075
5.0,5.0,3.0,4.0,2.0,2.0,3.1439769648764613
5.0,5.0,3.0,4.0,2.0,3.0,3.3621308564654013
5.0,5.0,3.0,4.0,2.0,4.0,3.5865841092125903
5.0,5.0,3.0,4.0,2.0,5.0,3.8275901949595297
5.0,5.0,3.0,4.0,3.0,2.0,3.2551405304683065
5.0,5.0,3.0,4.0,3.0,3.0,3.499098089207567
5.0,5.0,3.0,4.0,3.0,4.0,3.830749561746385
5.0,5.0,3.0,4.0,3.0,5.0,3.914466807973786
5.0,5.0,3.0,4.0,4.0,1.0,3.151959375120628
5.0,5.0,3.0,4.0,4.0,2.0,3.2922701209547798
5.0,5.0,3.0,4.0,4.0,3.0,3.7047726044995963
5.0,5.0,3.0,4.0,4.0,4.0,4.086897386073542
5.0,5.0,3.0,4.0,4.0,5.0,4.156729047134946
5.0,5.0,3.0,4.0,5.0,1.0,3.2361761308726087
5.0,5.0,3.0,4.0,5.0,2.0,3.479085816764994
5.0,5.0,3.0,4.0,5.0,3.0,3.704772938571037
5.0,5.0,3.0,4.0,5.0,4.0,4.1611714343483515
5.0,5.0,3.0,4.0,5.0,5.0,4.304292133112483
5.0,5.0,3.0,5.0,1.0,1.0,2.8075944590341066
5.0,5.0,3.0,5.0,1.0,2.0,3.086500209616745
5.0,5.0,3.0,5.0,1.0,3.0,3.2771815077817297
5.0,5.0,3.0,5.0,1.0,4.0,3.5426986558411864
5.0,5.0,3.0,5.0,1.0,5.0,3.6844078745065745
5.0,5.0,3.0,5.0,2.0,1.0,3.0404346577895853
5.0,5.0,3.0,5.0,2.0,2.0,3.24261851792615
5.0,5.0,3.0,5.0,2.0,3.0,3.542619627267335
5.0,5.0,3.0,5.0,2.0,4.0,3.7512847962589997
5.0,5.0,3.0,5.0,2.0,5.0,3.8372690305342623
5.0,5.0,3.0,5.0,3.0,1.0,3.1461255592767046
5.0,5.0,3.0,5.0,3.0,2.0,3.3811220412272154
5.0,5.0,3.0,5.0,3.0,3.0,3.6176361957810617
5.0,5.0,3.0,5.0,3.0,4.0,4.006118614931726
5.0,5.0,3.0,5.0,3.0,5.0,4.261781984233814
5.0,5.0,3.0,5.0,4.0,2.0,3.5181277892839775
5.0,5.0,3.0,5.0,4.0,3.0,3.7602875662633406
5.0,5.0,3.0,5.0,4.0,4.0,4.188466100708496
5.0,5.0,3.0,5.0,4.0,5.0,4.497127445980418
5.0,5.0,3.0,5.0,5.0,1.0,3.380973914944689
5.0,5.0,3.0,5.0,5.0,2.0,3.5900021604923342
5.0,5.0,3.0,5.0,5.0,3.0,3.8257347538455466
5.0,5.0,3.0,5.0,5.0,4.0,4.328638257988982
5.0,5.0,3.0,5.0,5.0,5.0,4.682458416983003
5.0,5.0,4.0,1.0,2.0,3.0,3.300125839477005
5.0,5.0,4.0,1.0,3.0,1.0,2.9133070941006216
5.0,5.0,4.0,1.0,3.0,3.0,3.398435024114139
5.0,5.0,4.0,1.0,3.0,4.0,3.6265493218203084
5.0,5.0,4.0,1.0,4.0,1.0,3.0827501134287423
5.0,5.0,4.0,1.0,4.0,3.0,3.526967508372422
5.0,5.0,4.0,1.0,4.0,4.0,3.76520109730447
5.0,5.0,4.0,1.0,4.0,5.0,3.936152157534046
5.0,5.0,4.0,1.0,5.0,5.0,4.090109475222481
5.0,5.0,4.0,2.0,1.0,2.0,3.038589192872403
5.0,5.0,4.0,2.0,2.0,2.0,3.1558275503391244
5.0,5.0,4.0,2.0,2.0,4.0,3.6375361390647787
5.0,5.0,4.0,2.0,3.0,1.0,3.078307745347772
5.0,5.0,4.0,2.0,3.0,2.0,3.2947630314688485
5.0,5.0,4.0,2.0,3.0,3.0,3.535563457720158
5.0,5.0,4.0,2.0,3.0,4.0,3.7593672846244286
5.0,5.0,4.0,2.0,3.0,5.0,3.947138974331879
5.0,5.0,4.0,2.0,4.0,3.0,3.5719289158087064
5.0,5.0,4.0,2.0,4.0,4.0,3.821163639024307
5.0,5.0,4.0,2.0,4.0,5.0,4.1174569630728355
5.0,5.0,4.0,2.0,5.0,2.0,3.5602036594289874
5.0,5.0,4.0,2.0,5.0,3.0,3.7710809018362665
5.0,5.0,4.0,2.0,5.0,4.0,4.031852345472268
5.0,5.0,4.0,2.0,5.0,5.0,4.207032534893275
5.0,5.0,4.0,3.0,1.0,3.0,3.3643902542997
5.0,5.0,4.0,3.0,1.0,4.0,3.621252985072865
5.0,5.0,4.0,3.0,2.0,2.0,3.2753611245524046
5.0,5.0,4.0,3.0,2.0,3.0,3.5065596168698603
5.0,5.0,4.0,3.0,2.0,4.0,3.761556038772884
5.0,5.0,4.0,3.0,3.0,1.0,3.191091031317334
5.0,5.0,4.0,3.0,3.0,2.0,3.4088413381949656
5.0,5.0,4.0,3.0,3.0,3.0,3.6897954538082645
5.0,5.0,4.0,3.0,3.0,4.0,3.8564217523365008
5.0,5.0,4.0,3.0,3.0,5.0,4.090678163034348
5.0,5.0,4.0,3.0,4.0,2.0,3.5188296026174
5.0,5.0,4.0,3.0,4.0,3.0,3.7464524928677756
5.0,5.0,4.0,3.0,4.0,4.0,4.04803271650828
5.0,5.0,4.0,3.0,4.0,5.0,4.237159850339229
5.0,5.0,4.0,3.0,5.0,1.0,3.4472648720536885
5.0,5.0,4.0,3.0,5.0,2.0,3.680854165562921
5.0,5.0,4.0,3.0,5.0,3.0,3.922576444050502
5.0,5.0,4.0,3.0,5.0,4.0,4.189713725890089
5.0,5.0,4.0,3.0,5.0,5.0,4.3894836096731265
5.0,5.0,4.0,4.0,1.0,1.0,3.0481983370121215
5.0,5.0,4.0,4.0,1.0,3.0,3.5170184843654435
5.0,5.0,4.0,4.0,1.0,4.0,3.6738464621459594
5.0,5.0,4.0,4.0,1.0,5.0,3.909447322426158
5.0,5.0,4.0,4.0,2.0,2.0,3.40988422605287
5.0,5.0,4.0,4.0,2.0,3.0,3.595563322806171
5.0,5.0,4.0,4.0,2.0,4.0,3.8628915609671775
5.0,5.0,4.0,4.0,2.0,5.0,4.087984599040691
5.0,5.0,4.0,4.0,3.0,2.0,3.5381985914562724
5.0,5.0,4.0,4.0,3.0,3.0,3.8568436163805933
5.0,5.0,4.0,4.0,3.0,4.0,4.162556935843794
5.0,5.0,4.0,4.0,3.0,5.0,4.312602875044387
5.0,5.0,4.0,4.0,4.0,2.0,3.6535465317718674
5.0,5.0,4.0,4.0,4.0,3.0,3.9832848191738317
5.0,5.0,4.0,4.0,4.0,4.0,4.349144830816973
5.0,5.0,4.0,4.0,4.0,5.0,4.570054630965228
5.0,5.0,4.0,4.0,5.0,1.0,3.5778856170442146
5.0,5.0,4.0,4.0,5.0,2.0,3.7772880953163592
5.0,5.0,4.0,4.0,5.0,3.0,4.005637809730989
5.0,5.0,4.0,4.0,5.0,4.0,4.407336665568629
5.0,5.0,4.0,4.0,5.0,5.0,4.683387694246224
5.0,5.0,4.0,5.0,1.0,1.0,3.199458065505563
5.0,5.0,4.0,5.0,1.0,2.0,3.3686281725345144
5.0,5.0,4.0,5.0,1.0,3.0,3.5735436140033596
5.0,5.0,4.0,5.0,1.0,4.0,3.776858117020975
5.0,5.0,4.0,5.0,1.0,5.0,4.038036589853063
5.0,5.0,4.0,5.0,2.0,2.0,3.557585852921198
5.0,5.0,4.0,5.0,2.0,3.0,3.7628965318436154
5.0,5.0,4.0,5.0,2.0,4.0,3.982016169098651
5.0,5.0,4.0,5.0,2.0,5.0,4.162298225241356
5.0,5.0,4.0,5.0,3.0,1.0,3.4357900828182815
5.0,5.0,4.0,5.0,3.0,2.0,3.6754517094928523
5.0,5.0,4.0,5.0,3.0,3.0,3.9740025181302485
5.0,5.0,4.0,5.0,3.0,4.0,4.219039486512273
5.0,5.0,4.0,5.0,3.0,5.0,4.51642206920418
5.0,5.0,4.0,5.0,4.0,1.0,3.514489625711069
5.0,5.0,4.0,5.0,4.0,2.0,3.7719064653389633
5.0,5.0,4.0,5.0,4.0,3.0,4.099522929857579
5.0,5.0,4.0,5.0,4.0,4.0,4.5181367752476165
5.0,5.0,4.0,5.0,4.0,5.0,4.7846473131780805
5.0,5.0,4.0,5.0,5.0,1.0,3.648156770954351
5.0,5.0,4.0,5.0,5.0,2.0,3.8587311735988603
5.0,5.0,4.0,5.0,5.0,3.0,4.169057197652266
5.0,5.0,4.0,5.0,5.0,4.0,4.61003559626
5.0,5.0,4.0,5.0,5.0,5.0,4.875810958910528
5.0,5.0,5.0,1.0,1.0,1.0,2.888577560379496
5.0,5.0,5.0,1.0,1.0,3.0,3.4416482453494237
5.0,5.0,5.0,1.0,1.0,5.0,3.8844741697877905
5.0,5.0,5.0,1.0,2.0,2.0,3.308425161488513
5.0,5.0,5.0,1.0,2.0,5.0,3.989484691332146
5.0,5.0,5.0,1.0,3.0,1.0,3.225663977729083
5.0,5.0,5.0,1.0,3.0,2.0,3.4470769389799853
5.0,5.0,5.0,1.0,3.0,3.0,3.6516692737745116
5.0,5.0,5.0,1.0,4.0,2.0,3.5520874625119454
5.0,5.0,5.0,1.0,4.0,4.0,3.9625339568517672
5.0,5.0,5.0,1.0,5.0,1.0,3.360940132710562
5.0,5.0,5.0,1.0,5.0,2.0,3.673918610470519
5.0,5.0,5.0,1.0,5.0,3.0,3.912152214890095
5.0,5.0,5.0,1.0,5.0,4.0,4.131356459115835
5.0,5.0,5.0,1.0,5.0,5.0,4.347686668835236
5.0,5.0,5.0,2.0,1.0,1.0,3.081178374931314
5.0,5.0,5.0,2.0,1.0,2.0,3.302591331069524
5.0,5.0,5.0,2.0,2.0,2.0,3.410610319835539
5.0,5.0,5.0,2.0,2.0,3.0,3.645835456873366
5.0,5.0,5.0,2.0,3.0,1.0,3.3248406716745658
5.0,5.0,5.0,2.0,3.0,2.0,3.544749455244015
5.0,5.0,5.0,2.0,3.0,3.0,3.7628166913042236
5.0,5.0,5.0,2.0,3.0,4.0,4.038256206760181
5.0,5.0,5.0,2.0,3.0,5.0,4.248421154342211
5.0,5.0,5.0,2.0,4.0,2.0,3.690118452999864
5.0,5.0,5.0,2.0,4.0,3.0,3.846769741873051
5.0,5.0,5.0,2.0,4.0,4.0,4.144551989530611
5.0,5.0,5.0,2.0,4.0,5.0,4.382785599419521
5.0,5.0,5.0,2.0,5.0,2.0,3.7197624357676853
5.0,5.0,5.0,2.0,5.0,3.0,4.02596851799797
5.0,5.0,5.0,2.0,5.0,4.0,4.211409248430794
5.0,5.0,5.0,2.0,5.0,5.0,4.41535813298178
5.0,5.0,5.0,3.0,1.0,2.0,3.428207215862511
5.0,5.0,5.0,3.0,1.0,3.0,3.6568222600039797
5.0,5.0,5.0,3.0,1.0,5.0,4.066006935618713
5.0,5.0,5.0,3.0,2.0,2.0,3.5716518825240477
5.0,5.0,5.0,3.0,2.0,3.0,3.75331215874785
5.0,5.0,5.0,3.0,2.0,4.0,4.03209050145655
5.0,5.0,5.0,3.0,3.0,1.0,3.4576586369877256
5.0,5.0,5.0,3.0,3.0,2.0,3.6843810617687147
5.0,5.0,5.0,3.0,3.0,3.0,3.8719008655475404
5.0,5.0,5.0,3.0,3.0,4.0,4.101430717127579
5.0,5.0,5.0,3.0,3.0,5.0,4.3946743208982735
5.0,5.0,5.0,3.0,4.0,2.0,3.7748370485445397
5.0,5.0,5.0,3.0,4.0,3.0,4.040353997794906
5.0,5.0,5.0,3.0,4.0,4.0,4.209628866299964
5.0,5.0,5.0,3.0,4.0,5.0,4.513361675715004
5.0,5.0,5.0,3.0,5.0,2.0,3.9395545429747276
5.0,5.0,5.0,3.0,5.0,3.0,4.054323384422276
5.0,5.0,5.0,3.0,5.0,4.0,4.32771547554668
5.0,5.0,5.0,3.0,5.0,5.0,4.600131769163601
5.0,5.0,5.0,4.0,1.0,2.0,3.5345859882894217
5.0,5.0,5.0,4.0,1.0,3.0,3.755622665772082
5.0,5.0,5.0,4.0,1.0,4.0,3.9947644056984726
5.0,5.0,5.0,4.0,1.0,5.0,4.205712857893412
5.0,5.0,5.0,4.0,2.0,1.0,3.451824800539632
5.0,5.0,5.0,4.0,2.0,2.0,3.640897956418299
5.0,5.0,5.0,4.0,2.0,3.0,3.885533564444793
5.0,5.0,5.0,4.0,2.0,4.0,4.107561464034134
5.0,5.0,5.0,4.0,2.0,5.0,4.342329705430342
5.0,5.0,5.0,4.0,3.0,2.0,3.7568764195484117
5.0,5.0,5.0,4.0,3.0,3.0,4.044289485833642
5.0,5.0,5.0,4.0,3.0,4.0,4.356625422970151
5.0,5.0,5.0,4.0,3.0,5.0,4.555062435302131
5.0,5.0,5.0,4.0,4.0,2.0,3.9513599509023094
5.0,5.0,5.0,4.0,4.0,3.0,4.149303754666094
5.0,5.0,5.0,4.0,4.0,4.0,4.487979530070089
5.0,5.0,5.0,4.0,4.0,5.0,4.753025126619077
5.0,5.0,5.0,4.0,5.0,1.0,3.8004976254172202
5.0,5.0,5.0,4.0,5.0,2.0,4.052050994475689
5.0,5.0,5.0,4.0,5.0,3.0,4.25826810428478
5.0,5.0,5.0,4.0,5.0,4.0,4.549417637921138
5.0,5.0,5.0,4.0,5.0,5.0,4.792252858547338
5.0,5.0,5.0,5.0,1.0,1.0,3.370595286930652
5.0,5.0,5.0,5.0,1.0,2.0,3.6001116790749443
5.0,5.0,5.0,5.0,1.0,3.0,3.811570852100557
5.0,5.0,5.0,5.0,1.0,4.0,4.066522061856733
5.0,5.0,5.0,5.0,1.0,5.0,4.205717160161423
5.0,5.0,5.0,5.0,2.0,1.0,3.5088019125618177
5.0,5.0,5.0,5.0,2.0,2.0,3.8114396515821176
5.0,5.0,5.0,5.0,2.0,3.0,4.031938626326213
5.0,5.0,5.0,5.0,2.0,4.0,4.19536493525361
5.0,5.0,5.0,5.0,2.0,5.0,4.456795075269857
5.0,5.0,5.0,5.0,3.0,1.0,3.71602765328765
5.0,5.0,5.0,5.0,3.0,2.0,3.9633772822898923
5.0,5.0,5.0,5.0,3.0,3.0,4.204022206310669
5.0,5.0,5.0,5.0,3.0,4.0,4.498557796722117
5.0,5.0,5.0,5.0,3.0,5.0,4.767143913800852
5.0,5.0,5.0,5.0,4.0,1.0,3.794663804096808
5.0,5.0,5.0,5.0,4.0,2.0,3.999292212490499
5.0,5.0,5.0,5.0,4.0,3.0,4.323371438348957
5.0,5.0,5.0,5.0,4.0,4.0,4.688511221018657
5.0,5.0,5.0,5.0,4.0,5.0,4.896173091965726
5.0,5.0,5.0,5.0,5.0,1.0,3.846547625192548
5.0,5.0,5.0,5.0,5.0,2.0,4.0866772863329714
5.0,5.0,5.0,5.0,5.0,3.0,4.423583727048396
5.0,5.0,5.0,5.0,5.0,4.0,4.7358221178046636
5.0,5.0,5.0,5.0,5.0,5.0,4.965820062597182
