0,1,2,3,4,5,function_value
1.0,1.0,1.0,1.0,1.0,1.0,1.1586100391216378
1.0,1.0,1.0,1.0,1.0,2.0,1.158904676564406
1.0,1.0,1.0,1.0,1.0,3.0,1.1589657036840801
1.0,1.0,1.0,1.0,1.0,5.0,1.158966514063675
1.0,1.0,1.0,1.0,2.0,1.0,1.1590188566572783
1.0,1.0,1.0,1.0,2.0,2.0,1.1589940635051486
1.0,1.0,1.0,1.0,2.0,3.0,1.158980997173195
1.0,1.0,1.0,1.0,3.0,1.0,1.1591166565696958
1.0,1.0,1.0,1.0,3.0,2.0,1.159068873521945
1.0,1.0,1.0,1.0,3.0,3.0,1.2377885551411785
1.0,1.0,1.0,1.0,4.0,1.0,1.1591180383727253
1.0,1.0,1.0,1.0,4.0,2.0,1.1590940012939668
1.0,1.0,1.0,2.0,1.0,1.0,1.1590123164427608
1.0,1.0,1.0,2.0,1.0,2.0,1.1589962495607697
1.0,1.0,1.0,2.0,1.0,3.0,1.1590039333756863
1.0,1.0,1.0,2.0,2.0,1.0,1.1591712537850893
1.0,1.0,1.0,2.0,2.0,2.0,1.1909395074223184
1.0,1.0,1.0,2.0,3.0,1.0,1.159216953418942
1.0,1.0,1.0,2.0,3.0,2.0,1.1909394917313927
1.0,1.0,1.0,2.0,3.0,3.0,1.3072318628844708
1.0,1.0,1.0,2.0,3.0,4.0,1.4063694742558166
1.0,1.0,1.0,2.0,4.0,2.0,1.3072318347893153
1.0,1.0,1.0,3.0,1.0,1.0,1.1591007055074978
1.0,1.0,1.0,3.0,1.0,2.0,1.1590593620779905
1.0,1.0,1.0,3.0,1.0,3.0,1.1590474861628384
1.0,1.0,1.0,3.0,2.0,1.0,1.1592096003460401
1.0,1.0,1.0,3.0,2.0,2.0,1.1909394985448711
1.0,1.0,1.0,3.0,2.0,3.0,1.3072318604970694
1.0,1.0,1.0,3.0,3.0,1.0,1.23159631013309
1.0,1.0,1.0,3.0,3.0,2.0,1.3072318801003617
1.0,1.0,1.0,3.0,3.0,3.0,1.3072318679479358
1.0,1.0,1.0,3.0,3.0,4.0,1.4063694693758169
1.0,1.0,1.0,3.0,4.0,3.0,1.3072318533100362
1.0,1.0,1.0,3.0,5.0,2.0,1.431236613530847
1.0,1.0,1.0,3.0,5.0,4.0,1.431236600361397
1.0,1.0,1.0,4.0,1.0,1.0,1.15913149140937
1.0,1.0,1.0,4.0,1.0,2.0,1.1590878121897004
1.0,1.0,1.0,4.0,1.0,3.0,1.159070556133405
1.0,1.0,1.0,4.0,1.0,4.0,1.159073495097961
1.0,1.0,1.0,4.0,2.0,1.0,1.1592210455729794
1.0,1.0,1.0,4.0,3.0,1.0,1.2671574678827475
1.0,1.0,1.0,4.0,3.0,3.0,1.431236655487579
1.0,1.0,1.0,4.0,4.0,2.0,1.431236686865438
1.0,1.0,1.0,5.0,1.0,1.0,1.1591603288618164
1.0,1.0,1.0,5.0,1.0,4.0,1.159163011586404
1.0,1.0,1.0,5.0,1.0,5.0,1.1591643617174383
1.0,1.0,1.0,5.0,2.0,3.0,1.4312365472738808
1.0,1.0,1.0,5.0,3.0,3.0,1.4312366101722398
1.0,1.0,1.0,5.0,4.0,3.0,1.4312366421697196
1.0,1.0,1.0,5.0,5.0,5.0,1.6600210111858411
1.0,1.0,2.0,1.0,1.0,1.0,1.159049327269717
1.0,1.0,2.0,1.0,1.0,2.0,1.1590767513687381
1.0,1.0,2.0,1.0,1.0,3.0,1.3973241210279304
1.0,1.0,2.0,1.0,2.0,1.0,1.1591491004184196
1.0,1.0,2.0,1.0,3.0,1.0,1.1591584996793345
1.0,1.0,2.0,1.0,3.0,3.0,1.397324097867355
1.0,1.0,2.0,1.0,4.0,2.0,1.159159792355423
1.0,1.0,2.0,2.0,1.0,1.0,1.1591060318233837
1.0,1.0,2.0,2.0,1.0,2.0,1.159103082152156
1.0,1.0,2.0,2.0,2.0,1.0,1.2158994933660985
1.0,1.0,2.0,2.0,2.0,2.0,1.2158994716971812
1.0,1.0,2.0,2.0,3.0,1.0,1.3313780359088443
1.0,1.0,2.0,2.0,3.0,3.0,1.3973240967661233
1.0,1.0,2.0,2.0,3.0,4.0,1.6342365523123588
1.0,1.0,2.0,2.0,4.0,3.0,1.6342365186479872
1.0,1.0,2.0,2.0,4.0,4.0,1.6342365363606004
1.0,1.0,2.0,3.0,1.0,1.0,1.1591380748622964
1.0,1.0,2.0,3.0,1.0,2.0,1.159125275363354
1.0,1.0,2.0,3.0,1.0,3.0,1.3973241511329912
1.0,1.0,2.0,3.0,2.0,2.0,1.2158994568402393
1.0,1.0,2.0,3.0,2.0,3.0,1.498665093555776
1.0,1.0,2.0,3.0,3.0,1.0,1.3751989966527485
1.0,1.0,2.0,3.0,3.0,2.0,1.4937140783678908
1.0,1.0,2.0,3.0,3.0,3.0,1.634236676675054
1.0,1.0,2.0,3.0,4.0,3.0,1.7869652471683488
1.0,1.0,2.0,3.0,5.0,3.0,1.927201670533871
1.0,1.0,2.0,4.0,1.0,1.0,1.1591511917789308
1.0,1.0,2.0,4.0,1.0,2.0,1.5112607174262944
1.0,1.0,2.0,4.0,1.0,3.0,1.5112606979157468
1.0,1.0,2.0,4.0,2.0,3.0,1.5112606869718095
1.0,1.0,2.0,4.0,2.0,4.0,1.57272313449471
1.0,1.0,2.0,4.0,3.0,3.0,1.6342366229540624
1.0,1.0,2.0,4.0,3.0,4.0,1.6342365863142247
1.0,1.0,2.0,4.0,3.0,5.0,1.634236585460242
1.0,1.0,2.0,4.0,4.0,1.0,1.3751989896177512
1.0,1.0,2.0,4.0,5.0,3.0,1.9310828415764483
1.0,1.0,2.0,4.0,5.0,5.0,1.931082838131187
1.0,1.0,2.0,5.0,2.0,4.0,1.5727231430812287
1.0,1.0,2.0,5.0,3.0,4.0,1.9310828311959767
1.0,1.0,2.0,5.0,5.0,5.0,1.9310828447047754
1.0,1.0,3.0,1.0,1.0,1.0,1.1591415391682705
1.0,1.0,3.0,1.0,2.0,1.0,1.1591529814852854
1.0,1.0,3.0,1.0,3.0,1.0,1.1591563928815247
1.0,1.0,3.0,2.0,1.0,1.0,1.1591294396185305
1.0,1.0,3.0,2.0,2.0,2.0,1.2158994572275181
1.0,1.0,3.0,3.0,1.0,1.0,1.1591381452460159
1.0,1.0,3.0,3.0,1.0,2.0,1.1591323543416778
1.0,1.0,3.0,3.0,1.0,3.0,1.397324169616361
1.0,1.0,3.0,3.0,2.0,2.0,1.2158994521402373
1.0,1.0,3.0,3.0,3.0,2.0,1.5112606447248862
1.0,1.0,3.0,3.0,3.0,3.0,1.6342366598969897
1.0,1.0,3.0,3.0,5.0,5.0,2.5888423941853116
1.0,1.0,3.0,4.0,2.0,1.0,1.2158994827191005
1.0,1.0,3.0,4.0,2.0,3.0,1.8599555637060823
1.0,1.0,3.0,4.0,4.0,2.0,1.8599555086752115
1.0,1.0,3.0,4.0,4.0,5.0,2.588842398022929
1.0,1.0,3.0,5.0,1.0,1.0,1.159150321928453
1.0,1.0,3.0,5.0,4.0,5.0,2.588842398905145
1.0,1.0,3.0,5.0,5.0,5.0,2.588842402376848
1.0,1.0,4.0,2.0,1.0,1.0,1.1591307369362351
1.0,1.0,4.0,3.0,1.0,4.0,1.947426746438489
1.0,1.0,4.0,3.0,3.0,1.0,1.634236625233237
1.0,1.0,4.0,3.0,3.0,3.0,1.6342366401009696
1.0,1.0,4.0,4.0,1.0,3.0,1.9474267263859837
1.0,1.0,5.0,1.0,1.0,1.0,1.1591441218202425
1.0,2.0,1.0,1.0,1.0,1.0,1.1569458493593432
1.0,2.0,1.0,1.0,1.0,2.0,1.158954164662455
1.0,2.0,1.0,1.0,1.0,3.0,1.158969449424795
1.0,2.0,1.0,1.0,2.0,1.0,1.1591871227275408
1.0,2.0,1.0,1.0,2.0,2.0,1.1591997024937746
1.0,2.0,1.0,1.0,3.0,1.0,1.1592013135667807
1.0,2.0,1.0,1.0,3.0,2.0,1.1592044387019167
1.0,2.0,1.0,1.0,3.0,3.0,1.3072318686125752
1.0,2.0,1.0,1.0,3.0,4.0,1.3973240733245211
1.0,2.0,1.0,1.0,4.0,1.0,1.159202732939798
1.0,2.0,1.0,2.0,1.0,1.0,1.1591675655557527
1.0,2.0,1.0,2.0,1.0,2.0,1.1591791558362825
1.0,2.0,1.0,2.0,1.0,3.0,1.1591816317016466
1.0,2.0,1.0,2.0,2.0,1.0,1.159239391107153
1.0,2.0,1.0,2.0,2.0,2.0,1.2646011916921043
1.0,2.0,1.0,2.0,2.0,3.0,1.3072318991864649
1.0,2.0,1.0,2.0,3.0,1.0,1.1592588555823475
1.0,2.0,1.0,2.0,3.0,2.0,1.2646012043529369
1.0,2.0,1.0,2.0,3.0,3.0,1.3072318837884076
1.0,2.0,1.0,2.0,3.0,4.0,1.406369507949879
1.0,2.0,1.0,2.0,5.0,3.0,1.3072318527843718
1.0,2.0,1.0,3.0,1.0,1.0,1.1591767401149433
1.0,2.0,1.0,3.0,1.0,2.0,1.1591801606001928
1.0,2.0,1.0,3.0,1.0,3.0,1.180053967771596
1.0,2.0,1.0,3.0,1.0,4.0,1.1800539486714716
1.0,2.0,1.0,3.0,2.0,1.0,1.15923443164116
1.0,2.0,1.0,3.0,2.0,2.0,1.307231924850638
1.0,2.0,1.0,3.0,2.0,3.0,1.307231889435053
1.0,2.0,1.0,3.0,3.0,1.0,1.2315963889212242
1.0,2.0,1.0,3.0,3.0,2.0,1.3072319310293887
1.0,2.0,1.0,3.0,3.0,3.0,1.3072318895512256
1.0,2.0,1.0,3.0,3.0,4.0,1.4063694907763158
1.0,2.0,1.0,3.0,4.0,3.0,1.307231871916397
1.0,2.0,1.0,4.0,1.0,1.0,1.1591738759641639
1.0,2.0,1.0,4.0,1.0,2.0,1.1591776920080468
1.0,2.0,1.0,4.0,2.0,1.0,1.1592312988965967
1.0,2.0,1.0,4.0,2.0,2.0,1.3072319184661667
1.0,2.0,1.0,4.0,2.0,3.0,1.3072319000154984
1.0,2.0,1.0,4.0,3.0,2.0,1.307231948462922
1.0,2.0,1.0,4.0,3.0,3.0,1.4312367353801179
1.0,2.0,1.0,4.0,3.0,4.0,1.434862447070518
1.0,2.0,1.0,4.0,4.0,3.0,1.4312367183743873
1.0,2.0,1.0,4.0,4.0,4.0,1.5254231549733066
1.0,2.0,1.0,4.0,5.0,3.0,1.4312366606956726
1.0,2.0,1.0,5.0,2.0,3.0,1.431236512574877
1.0,2.0,1.0,5.0,5.0,5.0,1.660021019200277
1.0,2.0,2.0,1.0,1.0,1.0,1.1591940594929142
1.0,2.0,2.0,1.0,1.0,2.0,1.2646010718758014
1.0,2.0,2.0,1.0,1.0,3.0,1.397324162854974
1.0,2.0,2.0,1.0,2.0,1.0,1.1592084779733918
1.0,2.0,2.0,1.0,2.0,2.0,1.264601105930833
1.0,2.0,2.0,1.0,2.0,4.0,1.3973241301318964
1.0,2.0,2.0,1.0,3.0,1.0,1.159410838169368
1.0,2.0,2.0,1.0,3.0,2.0,1.3684317997793451
1.0,2.0,2.0,1.0,3.0,3.0,1.397324118405731
1.0,2.0,2.0,1.0,3.0,4.0,1.397324104326156
1.0,2.0,2.0,2.0,1.0,1.0,1.159179337651776
1.0,2.0,2.0,2.0,2.0,1.0,1.2158995181767411
1.0,2.0,2.0,2.0,2.0,2.0,1.2646011657593994
1.0,2.0,2.0,2.0,2.0,3.0,1.39732426866543
1.0,2.0,2.0,2.0,3.0,2.0,1.5112606339280126
1.0,2.0,2.0,2.0,3.0,3.0,1.7869652110498626
1.0,2.0,2.0,2.0,4.0,2.0,1.5112606267921391
1.0,2.0,2.0,3.0,1.0,1.0,1.1591662811762635
1.0,2.0,2.0,3.0,1.0,2.0,1.3239153989039716
1.0,2.0,2.0,3.0,1.0,3.0,1.3973241590267227
1.0,2.0,2.0,3.0,2.0,2.0,1.490963530516327
1.0,2.0,2.0,3.0,2.0,3.0,1.4986651302425045
1.0,2.0,2.0,3.0,3.0,2.0,1.5112606551401913
1.0,2.0,2.0,3.0,3.0,3.0,1.7869653278096045
1.0,2.0,2.0,3.0,3.0,4.0,1.786965298701989
1.0,2.0,2.0,3.0,4.0,2.0,1.7869652443590862
1.0,2.0,2.0,3.0,4.0,3.0,1.786965274815333
1.0,2.0,2.0,3.0,4.0,4.0,1.786965291314155
1.0,2.0,2.0,3.0,4.0,5.0,1.7869652938434144
1.0,2.0,2.0,3.0,5.0,3.0,1.9272016844953643
1.0,2.0,2.0,4.0,1.0,1.0,1.1591638615284343
1.0,2.0,2.0,4.0,1.0,3.0,1.6401540839652193
1.0,2.0,2.0,4.0,1.0,4.0,1.7671971817924679
1.0,2.0,2.0,4.0,2.0,1.0,1.3691819210470646
1.0,2.0,2.0,4.0,2.0,3.0,1.8079749551028663
1.0,2.0,2.0,4.0,2.0,4.0,1.8079749583783353
1.0,2.0,2.0,4.0,3.0,2.0,1.821357798331942
1.0,2.0,2.0,4.0,3.0,3.0,1.8599555860966317
1.0,2.0,2.0,4.0,3.0,4.0,1.8599555925486833
1.0,2.0,2.0,4.0,4.0,3.0,1.8599555627490154
1.0,2.0,2.0,4.0,4.0,4.0,1.9310828520433865
1.0,2.0,2.0,5.0,1.0,1.0,1.1591627594372367
1.0,2.0,2.0,5.0,1.0,2.0,1.5112607314983433
1.0,2.0,2.0,5.0,4.0,2.0,1.9310828361319536
1.0,2.0,2.0,5.0,4.0,4.0,1.9310828463531482
1.0,2.0,2.0,5.0,5.0,5.0,1.9310828542360248
1.0,2.0,3.0,1.0,1.0,1.0,1.159221138611439
1.0,2.0,3.0,1.0,1.0,2.0,1.2646010565977794
1.0,2.0,3.0,1.0,2.0,1.0,1.1592164150848427
1.0,2.0,3.0,1.0,2.0,2.0,1.2646010717852751
1.0,2.0,3.0,1.0,3.0,1.0,1.274508687778345
1.0,2.0,3.0,1.0,3.0,2.0,1.3684317985622083
1.0,2.0,3.0,1.0,3.0,3.0,1.3973241064601574
1.0,2.0,3.0,2.0,1.0,1.0,1.2265987438125536
1.0,2.0,3.0,2.0,1.0,2.0,1.4703213340301597
1.0,2.0,3.0,2.0,1.0,3.0,1.4703213375259687
1.0,2.0,3.0,2.0,2.0,1.0,1.4738498600104426
1.0,2.0,3.0,2.0,2.0,2.0,1.4953118479448524
1.0,2.0,3.0,2.0,3.0,2.0,1.5112606520916934
1.0,2.0,3.0,2.0,3.0,3.0,1.786965195210032
1.0,2.0,3.0,3.0,1.0,1.0,1.2265987385345423
1.0,2.0,3.0,3.0,1.0,2.0,1.5112608240553551
1.0,2.0,3.0,3.0,1.0,3.0,1.5112608800069367
1.0,2.0,3.0,3.0,2.0,2.0,1.511260749208043
1.0,2.0,3.0,3.0,2.0,3.0,1.6719360196963176
1.0,2.0,3.0,3.0,3.0,2.0,1.5112606749598954
1.0,2.0,3.0,3.0,3.0,3.0,1.7882680348334028
1.0,2.0,3.0,3.0,4.0,3.0,1.8599555342435032
1.0,2.0,3.0,4.0,2.0,1.0,1.8158415332937579
1.0,2.0,3.0,4.0,2.0,3.0,1.8599555854417107
1.0,2.0,3.0,4.0,3.0,3.0,1.8599555893215904
1.0,2.0,3.0,4.0,3.0,4.0,1.9426524068709399
1.0,2.0,3.0,4.0,4.0,2.0,1.8599555244800452
1.0,2.0,3.0,4.0,4.0,3.0,1.8599555555748664
1.0,2.0,3.0,4.0,4.0,4.0,2.080947076119071
1.0,2.0,3.0,4.0,5.0,3.0,1.9310828514961305
1.0,2.0,3.0,5.0,1.0,5.0,1.8346199916466046
1.0,2.0,3.0,5.0,3.0,4.0,2.0449980164235546
1.0,2.0,3.0,5.0,5.0,4.0,2.3317761023743113
1.0,2.0,4.0,1.0,1.0,3.0,1.3973241465594746
1.0,2.0,4.0,2.0,4.0,3.0,2.1908847197627455
1.0,2.0,4.0,3.0,1.0,2.0,1.5774344734877426
1.0,2.0,4.0,3.0,3.0,3.0,2.149374475840114
1.0,2.0,4.0,4.0,1.0,3.0,1.947426746062975
1.0,2.0,4.0,4.0,2.0,3.0,2.249296250483485
1.0,2.0,4.0,4.0,3.0,4.0,2.3328012500225292
1.0,2.0,5.0,5.0,5.0,5.0,3.0650201531995047
1.0,3.0,1.0,1.0,1.0,1.0,1.1554621740122104
1.0,3.0,1.0,1.0,1.0,2.0,1.1589840712322825
1.0,3.0,1.0,1.0,1.0,3.0,1.1589874276929648
1.0,3.0,1.0,1.0,2.0,1.0,1.159282296842271
1.0,3.0,1.0,1.0,2.0,2.0,1.2036976780168986
1.0,3.0,1.0,1.0,2.0,3.0,1.3072319052796852
1.0,3.0,1.0,1.0,3.0,1.0,1.1592848391292407
1.0,3.0,1.0,1.0,3.0,2.0,1.2036976746193422
1.0,3.0,1.0,1.0,3.0,3.0,1.307231903287453
1.0,3.0,1.0,1.0,3.0,4.0,1.397324066814931
1.0,3.0,1.0,1.0,4.0,1.0,1.1593827661869835
1.0,3.0,1.0,1.0,4.0,2.0,1.2036976637635826
1.0,3.0,1.0,1.0,5.0,1.0,1.1593847068707268
1.0,3.0,1.0,2.0,1.0,1.0,1.1592688408096332
1.0,3.0,1.0,2.0,1.0,2.0,1.1618579078735947
1.0,3.0,1.0,2.0,1.0,3.0,1.1618579213258584
1.0,3.0,1.0,2.0,1.0,4.0,1.2201602284209108
1.0,3.0,1.0,2.0,2.0,1.0,1.159276467489529
1.0,3.0,1.0,2.0,2.0,2.0,1.3072320483348743
1.0,3.0,1.0,2.0,2.0,3.0,1.3072319482317294
1.0,3.0,1.0,2.0,3.0,1.0,1.1593160191040814
1.0,3.0,1.0,2.0,3.0,2.0,1.307231998302664
1.0,3.0,1.0,2.0,3.0,3.0,1.3072319366599807
1.0,3.0,1.0,2.0,4.0,1.0,1.159352040472533
1.0,3.0,1.0,2.0,4.0,3.0,1.4312368697228701
1.0,3.0,1.0,2.0,4.0,4.0,1.5254231430747454
1.0,3.0,1.0,2.0,5.0,3.0,1.522086195520558
1.0,3.0,1.0,2.0,5.0,5.0,1.6420694468933792
1.0,3.0,1.0,3.0,1.0,1.0,1.1592582758857493
1.0,3.0,1.0,3.0,1.0,2.0,1.1800540201125724
1.0,3.0,1.0,3.0,1.0,3.0,1.180054016730003
1.0,3.0,1.0,3.0,1.0,4.0,1.2201602450376776
1.0,3.0,1.0,3.0,2.0,1.0,1.1592541901631686
1.0,3.0,1.0,3.0,2.0,2.0,1.3072320044836527
1.0,3.0,1.0,3.0,2.0,3.0,1.3629832508115225
1.0,3.0,1.0,3.0,2.0,4.0,1.3629832422008226
1.0,3.0,1.0,3.0,3.0,1.0,1.2315964830716495
1.0,3.0,1.0,3.0,3.0,2.0,1.3072320654287823
1.0,3.0,1.0,3.0,3.0,3.0,1.431236970206517
1.0,3.0,1.0,3.0,3.0,4.0,1.4312369641041978
1.0,3.0,1.0,3.0,4.0,1.0,1.258871171755063
1.0,3.0,1.0,3.0,4.0,3.0,1.4312368861546818
1.0,3.0,1.0,3.0,4.0,4.0,1.52542316244592
1.0,3.0,1.0,3.0,5.0,1.0,1.4741063217844277
1.0,3.0,1.0,3.0,5.0,2.0,1.5220861905497178
1.0,3.0,1.0,3.0,5.0,3.0,1.5220862042199497
1.0,3.0,1.0,3.0,5.0,4.0,1.6420693995225382
1.0,3.0,1.0,4.0,1.0,1.0,1.1592182597218699
1.0,3.0,1.0,4.0,1.0,2.0,1.1800539959743324
1.0,3.0,1.0,4.0,1.0,3.0,1.1800540012695007
1.0,3.0,1.0,4.0,1.0,4.0,1.2201602788997825
1.0,3.0,1.0,4.0,2.0,1.0,1.159236135930935
1.0,3.0,1.0,4.0,2.0,3.0,1.362983250784628
1.0,3.0,1.0,4.0,3.0,1.0,1.267157513270027
1.0,3.0,1.0,4.0,3.0,2.0,1.3072320039316243
1.0,3.0,1.0,4.0,3.0,3.0,1.431236844352031
1.0,3.0,1.0,4.0,3.0,4.0,1.4348624538442996
1.0,3.0,1.0,4.0,4.0,1.0,1.267157528111929
1.0,3.0,1.0,4.0,4.0,2.0,1.4312367317048507
1.0,3.0,1.0,4.0,4.0,3.0,1.4312368016599506
1.0,3.0,1.0,4.0,4.0,4.0,1.5254231885914504
1.0,3.0,1.0,4.0,4.0,5.0,1.5721829206804543
1.0,3.0,1.0,4.0,5.0,3.0,1.7136755124416074
1.0,3.0,1.0,4.0,5.0,4.0,1.7136755199029896
1.0,3.0,1.0,5.0,1.0,1.0,1.1591905479469256
1.0,3.0,1.0,5.0,1.0,2.0,1.1800539852114802
1.0,3.0,1.0,5.0,1.0,3.0,1.1800539889626682
1.0,3.0,1.0,5.0,1.0,5.0,1.2201602812534618
1.0,3.0,1.0,5.0,2.0,4.0,1.4312365055551326
1.0,3.0,1.0,5.0,2.0,5.0,1.4312365021556734
1.0,3.0,1.0,5.0,3.0,3.0,1.5673407418352423
1.0,3.0,1.0,5.0,3.0,5.0,1.5735879820359817
1.0,3.0,1.0,5.0,4.0,1.0,1.267157532378739
1.0,3.0,1.0,5.0,4.0,3.0,1.5673407525303233
1.0,3.0,1.0,5.0,4.0,4.0,1.5673407593360746
1.0,3.0,1.0,5.0,5.0,3.0,1.7315877753290494
1.0,3.0,1.0,5.0,5.0,4.0,1.731587803567332
1.0,3.0,1.0,5.0,5.0,5.0,1.7315878104345181
1.0,3.0,2.0,1.0,1.0,1.0,1.1593045976893972
1.0,3.0,2.0,1.0,1.0,2.0,1.26460107188579
1.0,3.0,2.0,1.0,1.0,3.0,1.3973242364678384
1.0,3.0,2.0,1.0,2.0,1.0,1.159273003180224
1.0,3.0,2.0,1.0,2.0,2.0,1.3365253565537583
1.0,3.0,2.0,1.0,2.0,3.0,1.3973245310066116
1.0,3.0,2.0,1.0,3.0,1.0,1.1594341163942286
1.0,3.0,2.0,1.0,3.0,2.0,1.3684318251825263
1.0,3.0,2.0,1.0,3.0,3.0,1.3973246751934425
1.0,3.0,2.0,1.0,4.0,1.0,1.1594105092298037
1.0,3.0,2.0,1.0,4.0,2.0,1.5535504384578531
1.0,3.0,2.0,1.0,4.0,3.0,1.5535504377992293
1.0,3.0,2.0,2.0,1.0,1.0,1.2265987924573774
1.0,3.0,2.0,2.0,1.0,2.0,1.3365253298891526
1.0,3.0,2.0,2.0,1.0,3.0,1.3973243101263828
1.0,3.0,2.0,2.0,2.0,1.0,1.3365253339704422
1.0,3.0,2.0,2.0,2.0,2.0,1.3365253533556918
1.0,3.0,2.0,2.0,2.0,3.0,1.397324384482881
1.0,3.0,2.0,2.0,3.0,1.0,1.3365253322549173
1.0,3.0,2.0,2.0,3.0,2.0,1.521749535347369
1.0,3.0,2.0,2.0,3.0,3.0,1.78696515823492
1.0,3.0,2.0,2.0,4.0,2.0,1.5987910252842046
1.0,3.0,2.0,2.0,4.0,3.0,1.8678672626851056
1.0,3.0,2.0,2.0,4.0,4.0,1.9310828943627771
1.0,3.0,2.0,2.0,5.0,5.0,2.054596441470719
1.0,3.0,2.0,3.0,1.0,1.0,1.2265987852653706
1.0,3.0,2.0,3.0,1.0,2.0,1.3974383467253864
1.0,3.0,2.0,3.0,1.0,3.0,1.4986651809437637
1.0,3.0,2.0,3.0,2.0,1.0,1.368736259585765
1.0,3.0,2.0,3.0,2.0,2.0,1.498665185748471
1.0,3.0,2.0,3.0,2.0,3.0,1.498665183112497
1.0,3.0,2.0,3.0,2.0,4.0,1.5347820798796041
1.0,3.0,2.0,3.0,3.0,1.0,1.3751990274439598
1.0,3.0,2.0,3.0,3.0,2.0,1.5217496228230163
1.0,3.0,2.0,3.0,3.0,3.0,1.7869656000620089
1.0,3.0,2.0,3.0,3.0,4.0,1.7869656431671983
1.0,3.0,2.0,3.0,4.0,1.0,1.5805881637651538
1.0,3.0,2.0,3.0,4.0,2.0,1.8002831361181293
1.0,3.0,2.0,3.0,4.0,3.0,1.8678672819172353
1.0,3.0,2.0,3.0,4.0,4.0,1.9310828984864348
1.0,3.0,2.0,3.0,5.0,4.0,1.9310828780559033
1.0,3.0,2.0,4.0,1.0,2.0,1.5112607616336564
1.0,3.0,2.0,4.0,1.0,3.0,1.6401541023708364
1.0,3.0,2.0,4.0,1.0,4.0,1.8079749491295896
1.0,3.0,2.0,4.0,2.0,1.0,1.3691819443493358
1.0,3.0,2.0,4.0,2.0,2.0,1.5112607574882542
1.0,3.0,2.0,4.0,2.0,3.0,1.8079749744109996
1.0,3.0,2.0,4.0,3.0,1.0,1.3751990235581706
1.0,3.0,2.0,4.0,3.0,2.0,1.8213578001220418
1.0,3.0,2.0,4.0,3.0,3.0,1.8599556247070557
1.0,3.0,2.0,4.0,3.0,4.0,1.8599556129940908
1.0,3.0,2.0,4.0,3.0,5.0,1.9310828884699285
1.0,3.0,2.0,4.0,4.0,2.0,1.8213578060613453
1.0,3.0,2.0,4.0,4.0,3.0,1.867867290924506
1.0,3.0,2.0,4.0,4.0,4.0,1.931082875727282
1.0,3.0,2.0,4.0,5.0,4.0,1.9310828653185614
1.0,3.0,2.0,5.0,1.0,3.0,1.8079749480005303
1.0,3.0,2.0,5.0,2.0,5.0,1.8079749599936146
1.0,3.0,2.0,5.0,3.0,3.0,1.8599556459387667
1.0,3.0,2.0,5.0,4.0,3.0,1.9310828400244036
1.0,3.0,2.0,5.0,4.0,4.0,1.931082867233464
1.0,3.0,2.0,5.0,4.0,5.0,1.9310828929439066
1.0,3.0,2.0,5.0,5.0,4.0,1.9310828716721702
1.0,3.0,2.0,5.0,5.0,5.0,2.5888424633999496
1.0,3.0,3.0,1.0,1.0,1.0,1.1593181365836236
1.0,3.0,3.0,1.0,1.0,2.0,1.264601061315623
1.0,3.0,3.0,1.0,1.0,3.0,1.3973242266512023
1.0,3.0,3.0,1.0,2.0,1.0,1.27450872867286
1.0,3.0,3.0,1.0,2.0,2.0,1.4309605680712199
1.0,3.0,3.0,1.0,3.0,1.0,1.2745087209100991
1.0,3.0,3.0,1.0,3.0,2.0,1.4309605931243667
1.0,3.0,3.0,1.0,3.0,3.0,1.5841528310310715
1.0,3.0,3.0,1.0,4.0,2.0,1.5535504355684993
1.0,3.0,3.0,1.0,5.0,3.0,1.679215703391118
1.0,3.0,3.0,2.0,1.0,1.0,1.2265987656372026
1.0,3.0,3.0,2.0,1.0,2.0,1.4703213461642395
1.0,3.0,3.0,2.0,1.0,3.0,1.4703213680849312
1.0,3.0,3.0,2.0,2.0,1.0,1.521748514403378
1.0,3.0,3.0,2.0,2.0,2.0,1.5217485612155393
1.0,3.0,3.0,2.0,2.0,3.0,1.5257470556886576
1.0,3.0,3.0,2.0,3.0,1.0,1.5217491577942053
1.0,3.0,3.0,2.0,3.0,2.0,1.5217493655068683
1.0,3.0,3.0,2.0,3.0,3.0,1.8002833561827065
1.0,3.0,3.0,2.0,4.0,2.0,1.8002830999159525
1.0,3.0,3.0,2.0,4.0,3.0,1.9272017117972076
1.0,3.0,3.0,2.0,4.0,4.0,2.170089793557072
1.0,3.0,3.0,2.0,5.0,3.0,1.9272017063951947
1.0,3.0,3.0,2.0,5.0,5.0,2.1700897936321453
1.0,3.0,3.0,3.0,1.0,1.0,1.2265987591516194
1.0,3.0,3.0,3.0,1.0,2.0,1.5112608688230025
1.0,3.0,3.0,3.0,1.0,3.0,1.511260944827851
1.0,3.0,3.0,3.0,2.0,1.0,1.5217488136834687
1.0,3.0,3.0,3.0,2.0,2.0,1.5217486909217373
1.0,3.0,3.0,3.0,2.0,3.0,1.7874494307602014
1.0,3.0,3.0,3.0,3.0,1.0,1.5217489775429396
1.0,3.0,3.0,3.0,3.0,2.0,1.8002832465368166
1.0,3.0,3.0,3.0,3.0,3.0,1.8002833818039647
1.0,3.0,3.0,3.0,3.0,4.0,1.8002833788421668
1.0,3.0,3.0,3.0,4.0,2.0,1.8002831583921384
1.0,3.0,3.0,3.0,4.0,3.0,1.927201726179933
1.0,3.0,3.0,3.0,4.0,4.0,2.190884859161351
1.0,3.0,3.0,3.0,4.0,5.0,2.1908848529029643
1.0,3.0,3.0,3.0,5.0,3.0,1.927201708642033
1.0,3.0,3.0,3.0,5.0,4.0,2.1908848518114703
1.0,3.0,3.0,4.0,1.0,1.0,1.2265987703483983
1.0,3.0,3.0,4.0,1.0,2.0,1.511260812200696
1.0,3.0,3.0,4.0,1.0,3.0,1.6401541257666739
1.0,3.0,3.0,4.0,1.0,4.0,1.834619985828917
1.0,3.0,3.0,4.0,2.0,1.0,1.8158415477295595
1.0,3.0,3.0,4.0,2.0,3.0,1.859955621077645
1.0,3.0,3.0,4.0,2.0,4.0,1.9426524069302513
1.0,3.0,3.0,4.0,3.0,2.0,1.8599556290774937
1.0,3.0,3.0,4.0,3.0,3.0,1.8599556436137685
1.0,3.0,3.0,4.0,3.0,4.0,1.9426524166655086
1.0,3.0,3.0,4.0,4.0,2.0,1.8879033702061443
1.0,3.0,3.0,4.0,4.0,3.0,2.19088493086415
1.0,3.0,3.0,4.0,4.0,4.0,2.1908849133285795
1.0,3.0,3.0,4.0,4.0,5.0,2.5888424231068337
1.0,3.0,3.0,4.0,5.0,4.0,2.3317761159474726
1.0,3.0,3.0,4.0,5.0,5.0,2.588842404655685
1.0,3.0,3.0,5.0,1.0,5.0,1.8346199958550675
1.0,3.0,3.0,5.0,2.0,2.0,1.8879032589743565
1.0,3.0,3.0,5.0,2.0,5.0,2.3586668890296596
1.0,3.0,3.0,5.0,3.0,3.0,2.0449980096708376
1.0,3.0,3.0,5.0,3.0,4.0,2.0449980165959056
1.0,3.0,3.0,5.0,3.0,5.0,2.358666897239049
1.0,3.0,3.0,5.0,4.0,3.0,2.1908849376606017
1.0,3.0,3.0,5.0,4.0,5.0,2.5888424090956814
1.0,3.0,3.0,5.0,5.0,3.0,2.331776103261237
1.0,3.0,3.0,5.0,5.0,4.0,2.33177612044928
1.0,3.0,3.0,5.0,5.0,5.0,2.588842415407252
1.0,3.0,4.0,1.0,1.0,1.0,1.1593324623148722
1.0,3.0,4.0,1.0,1.0,2.0,1.405090923296579
1.0,3.0,4.0,1.0,3.0,1.0,1.2745087036309453
1.0,3.0,4.0,1.0,3.0,3.0,1.6792157142322524
1.0,3.0,4.0,1.0,4.0,1.0,1.5567976448361684
1.0,3.0,4.0,1.0,5.0,3.0,1.6792157105201464
1.0,3.0,4.0,2.0,2.0,2.0,1.5217485412965024
1.0,3.0,4.0,2.0,3.0,4.0,2.0658105828452658
1.0,3.0,4.0,2.0,4.0,1.0,1.5567976518912878
1.0,3.0,4.0,2.0,4.0,5.0,2.1908847148760007
1.0,3.0,4.0,3.0,1.0,1.0,1.2265987460839
1.0,3.0,4.0,3.0,1.0,3.0,1.57743448982175
1.0,3.0,4.0,3.0,2.0,4.0,2.068351086014376
1.0,3.0,4.0,3.0,3.0,2.0,1.8002832370639728
1.0,3.0,4.0,3.0,3.0,3.0,2.149374488751665
1.0,3.0,4.0,3.0,4.0,3.0,2.190884784835299
1.0,3.0,4.0,3.0,4.0,4.0,2.190884828855115
1.0,3.0,4.0,3.0,5.0,4.0,2.588842331744885
1.0,3.0,4.0,4.0,3.0,3.0,2.249296268621815
1.0,3.0,4.0,4.0,4.0,4.0,2.332801248766887
1.0,3.0,4.0,4.0,5.0,4.0,2.5888423634072795
1.0,3.0,4.0,4.0,5.0,5.0,2.588842396990001
1.0,3.0,4.0,5.0,1.0,1.0,1.4620772709612757
1.0,3.0,4.0,5.0,3.0,5.0,2.3586668997958196
1.0,3.0,4.0,5.0,4.0,5.0,2.588842409132377
1.0,3.0,4.0,5.0,5.0,4.0,2.58884237659236
1.0,3.0,4.0,5.0,5.0,5.0,2.5888424046439007
1.0,3.0,5.0,1.0,1.0,1.0,1.1593374264298786
1.0,3.0,5.0,1.0,1.0,3.0,1.4050909309603479
1.0,3.0,5.0,2.0,4.0,3.0,2.1908847050874476
1.0,3.0,5.0,3.0,1.0,3.0,1.5774344939238323
1.0,3.0,5.0,3.0,3.0,3.0,2.249296255467633
1.0,3.0,5.0,4.0,4.0,3.0,2.2492962708949773
1.0,3.0,5.0,5.0,5.0,4.0,3.0606020232422244
1.0,3.0,5.0,5.0,5.0,5.0,3.065020155316909
1.0,4.0,1.0,1.0,1.0,1.0,1.1548070845913894
1.0,4.0,1.0,1.0,1.0,2.0,1.1589982615830308
1.0,4.0,1.0,1.0,1.0,3.0,1.1589985399417624
1.0,4.0,1.0,1.0,2.0,1.0,1.1593190676472422
1.0,4.0,1.0,1.0,2.0,2.0,1.2036976805743036
1.0,4.0,1.0,1.0,2.0,3.0,1.3072318837653079
1.0,4.0,1.0,1.0,2.0,4.0,1.4063695519682384
1.0,4.0,1.0,1.0,3.0,1.0,1.1593279498497868
1.0,4.0,1.0,1.0,3.0,2.0,1.2036976875715057
1.0,4.0,1.0,1.0,3.0,3.0,1.3072318895831718
1.0,4.0,1.0,1.0,3.0,4.0,1.4063695629012947
1.0,4.0,1.0,1.0,4.0,1.0,1.1593802503455277
1.0,4.0,1.0,1.0,4.0,2.0,1.3232431366585258
1.0,4.0,1.0,1.0,4.0,3.0,1.379604885814688
1.0,4.0,1.0,1.0,4.0,4.0,1.4063695724525271
1.0,4.0,1.0,1.0,5.0,3.0,1.4851339459512747
1.0,4.0,1.0,2.0,1.0,1.0,1.1593072838106342
1.0,4.0,1.0,2.0,1.0,2.0,1.2002789521831136
1.0,4.0,1.0,2.0,1.0,3.0,1.2002789583140308
1.0,4.0,1.0,2.0,1.0,4.0,1.2201602362886872
1.0,4.0,1.0,2.0,2.0,1.0,1.1593161412133586
1.0,4.0,1.0,2.0,2.0,2.0,1.3072322681098887
1.0,4.0,1.0,2.0,2.0,3.0,1.4063696107100248
1.0,4.0,1.0,2.0,2.0,4.0,1.4063695759199837
1.0,4.0,1.0,2.0,3.0,1.0,1.1593266379747882
1.0,4.0,1.0,2.0,3.0,2.0,1.3072322464907067
1.0,4.0,1.0,2.0,3.0,3.0,1.4063696278025373
1.0,4.0,1.0,2.0,3.0,4.0,1.4063695681020203
1.0,4.0,1.0,2.0,4.0,2.0,1.4741063462534958
1.0,4.0,1.0,2.0,4.0,3.0,1.5985451553826366
1.0,4.0,1.0,3.0,1.0,1.0,1.1592970989095766
1.0,4.0,1.0,3.0,1.0,2.0,1.200278967975721
1.0,4.0,1.0,3.0,1.0,3.0,1.2002789951822155
1.0,4.0,1.0,3.0,1.0,4.0,1.2201602501044675
1.0,4.0,1.0,3.0,2.0,1.0,1.231596567085957
1.0,4.0,1.0,3.0,2.0,2.0,1.307232256894261
1.0,4.0,1.0,3.0,2.0,3.0,1.4480711356390736
1.0,4.0,1.0,3.0,2.0,4.0,1.4480711288680836
1.0,4.0,1.0,3.0,3.0,1.0,1.2315965510087499
1.0,4.0,1.0,3.0,3.0,2.0,1.3072322218867465
1.0,4.0,1.0,3.0,3.0,3.0,1.4480711678024325
1.0,4.0,1.0,3.0,3.0,4.0,1.4480711704702864
1.0,4.0,1.0,3.0,4.0,1.0,1.2588711772166346
1.0,4.0,1.0,3.0,4.0,3.0,1.59854519171531
1.0,4.0,1.0,3.0,4.0,4.0,1.5985452166159546
1.0,4.0,1.0,3.0,5.0,4.0,1.6420694291380433
1.0,4.0,1.0,3.0,5.0,5.0,1.6420694415285297
1.0,4.0,1.0,4.0,1.0,1.0,1.1795913857347857
1.0,4.0,1.0,4.0,1.0,2.0,1.200278974212653
1.0,4.0,1.0,4.0,1.0,3.0,1.2002789958698035
1.0,4.0,1.0,4.0,1.0,4.0,1.314036082606212
1.0,4.0,1.0,4.0,2.0,1.0,1.2611797419760384
1.0,4.0,1.0,4.0,2.0,2.0,1.4706825243979775
1.0,4.0,1.0,4.0,2.0,3.0,1.4706825375296086
1.0,4.0,1.0,4.0,2.0,4.0,1.7315877473390753
1.0,4.0,1.0,4.0,3.0,1.0,1.2671575605092849
1.0,4.0,1.0,4.0,3.0,2.0,1.4741063525035105
1.0,4.0,1.0,4.0,3.0,3.0,1.5765220015103265
1.0,4.0,1.0,4.0,3.0,4.0,1.7315878073449888
1.0,4.0,1.0,4.0,3.0,5.0,1.810503791302208
1.0,4.0,1.0,4.0,4.0,1.0,1.474106328597246
1.0,4.0,1.0,4.0,4.0,2.0,1.4741063505952583
1.0,4.0,1.0,4.0,4.0,3.0,1.6420695418926727
1.0,4.0,1.0,4.0,4.0,4.0,1.7315878316488542
1.0,4.0,1.0,4.0,4.0,5.0,1.8105037959808001
1.0,4.0,1.0,4.0,5.0,3.0,1.7315878103128939
1.0,4.0,1.0,4.0,5.0,4.0,1.731587821934423
1.0,4.0,1.0,4.0,5.0,5.0,1.8105038027291709
1.0,4.0,1.0,5.0,1.0,1.0,1.179591373057759
1.0,4.0,1.0,5.0,1.0,2.0,1.4427578705223696
1.0,4.0,1.0,5.0,1.0,3.0,1.4427578754302117
1.0,4.0,1.0,5.0,1.0,4.0,1.4851340558390391
1.0,4.0,1.0,5.0,1.0,5.0,1.8105037789952476
1.0,4.0,1.0,5.0,2.0,3.0,1.7315877654100165
1.0,4.0,1.0,5.0,3.0,2.0,1.7315877486614653
1.0,4.0,1.0,5.0,3.0,3.0,1.7315877790071406
1.0,4.0,1.0,5.0,3.0,4.0,1.7315878021471807
1.0,4.0,1.0,5.0,4.0,3.0,1.7315877986978818
1.0,4.0,1.0,5.0,4.0,4.0,1.7315878145940502
1.0,4.0,1.0,5.0,4.0,5.0,1.810503797784402
1.0,4.0,1.0,5.0,5.0,4.0,1.731587820525902
1.0,4.0,1.0,5.0,5.0,5.0,1.810503822098832
1.0,4.0,2.0,1.0,1.0,1.0,1.1593354788260497
1.0,4.0,2.0,1.0,1.0,2.0,1.391716924598384
1.0,4.0,2.0,1.0,2.0,1.0,1.267210580288671
1.0,4.0,2.0,1.0,2.0,2.0,1.4309605546517956
1.0,4.0,2.0,1.0,2.0,3.0,1.4309605475140954
1.0,4.0,2.0,1.0,3.0,1.0,1.3261767438018488
1.0,4.0,2.0,1.0,3.0,2.0,1.4309605751515415
1.0,4.0,2.0,1.0,3.0,3.0,1.430960567522171
1.0,4.0,2.0,1.0,4.0,1.0,1.4876238676192954
1.0,4.0,2.0,1.0,4.0,2.0,1.5535504566447604
1.0,4.0,2.0,1.0,4.0,3.0,1.6792157329539692
1.0,4.0,2.0,1.0,5.0,4.0,2.0038269870851604
1.0,4.0,2.0,2.0,1.0,1.0,1.2373837197974569
1.0,4.0,2.0,2.0,1.0,2.0,1.391716939821745
1.0,4.0,2.0,2.0,1.0,3.0,1.397324316502742
1.0,4.0,2.0,2.0,2.0,1.0,1.357916510515367
1.0,4.0,2.0,2.0,2.0,2.0,1.4986651777965248
1.0,4.0,2.0,2.0,2.0,3.0,1.4986651789440903
1.0,4.0,2.0,2.0,3.0,1.0,1.3579165112894371
1.0,4.0,2.0,2.0,3.0,2.0,1.5317884295364617
1.0,4.0,2.0,2.0,3.0,3.0,1.786965129832711
1.0,4.0,2.0,2.0,3.0,4.0,1.7869651369932538
1.0,4.0,2.0,2.0,4.0,2.0,1.5987910225693744
1.0,4.0,2.0,2.0,4.0,3.0,1.8879035051628372
1.0,4.0,2.0,2.0,4.0,4.0,1.931082931339446
1.0,4.0,2.0,3.0,1.0,1.0,1.3649271611724374
1.0,4.0,2.0,3.0,1.0,2.0,1.4986651676960705
1.0,4.0,2.0,3.0,1.0,3.0,1.4986651824817554
1.0,4.0,2.0,3.0,1.0,4.0,1.4986651859036142
1.0,4.0,2.0,3.0,1.0,5.0,1.4986651879218948
1.0,4.0,2.0,3.0,2.0,1.0,1.36873625734089
1.0,4.0,2.0,3.0,2.0,2.0,1.4986651824319233
1.0,4.0,2.0,3.0,2.0,3.0,1.498665186934325
1.0,4.0,2.0,3.0,3.0,1.0,1.409766922028379
1.0,4.0,2.0,3.0,3.0,2.0,1.5317884380402296
1.0,4.0,2.0,3.0,3.0,3.0,1.7869656952244009
1.0,4.0,2.0,3.0,3.0,4.0,1.7869656864624663
1.0,4.0,2.0,3.0,4.0,1.0,1.5805881877995585
1.0,4.0,2.0,3.0,4.0,2.0,1.8879034461239743
1.0,4.0,2.0,3.0,4.0,3.0,1.8879035090967944
1.0,4.0,2.0,3.0,4.0,4.0,1.9310829375147314
1.0,4.0,2.0,3.0,4.0,5.0,1.931082950014287
1.0,4.0,2.0,4.0,1.0,1.0,1.3691820040674725
1.0,4.0,2.0,4.0,1.0,2.0,1.511260761542309
1.0,4.0,2.0,4.0,1.0,3.0,1.6708325766087249
1.0,4.0,2.0,4.0,1.0,4.0,1.9474267730567032
1.0,4.0,2.0,4.0,2.0,1.0,1.3691819733808976
1.0,4.0,2.0,4.0,2.0,2.0,1.7910905880449197
1.0,4.0,2.0,4.0,2.0,3.0,1.8079749932638929
1.0,4.0,2.0,4.0,2.0,4.0,2.004814518846547
1.0,4.0,2.0,4.0,3.0,1.0,1.409766917026441
1.0,4.0,2.0,4.0,3.0,2.0,1.867377429665956
1.0,4.0,2.0,4.0,3.0,3.0,1.8673774457360066
1.0,4.0,2.0,4.0,3.0,4.0,2.0048145260660326
1.0,4.0,2.0,4.0,4.0,2.0,1.8879034083737696
1.0,4.0,2.0,4.0,4.0,3.0,2.182395395745369
1.0,4.0,2.0,4.0,4.0,4.0,2.1823954181049467
1.0,4.0,2.0,4.0,4.0,5.0,2.5031465370009514
1.0,4.0,2.0,4.0,5.0,2.0,2.010771230000854
1.0,4.0,2.0,4.0,5.0,4.0,2.1823954166490944
1.0,4.0,2.0,4.0,5.0,5.0,2.588842508851394
1.0,4.0,2.0,5.0,1.0,1.0,1.36918200709526
1.0,4.0,2.0,5.0,1.0,4.0,2.0139890640590443
1.0,4.0,2.0,5.0,2.0,3.0,2.0244059724664623
1.0,4.0,2.0,5.0,3.0,3.0,2.182395367989577
1.0,4.0,2.0,5.0,3.0,5.0,2.3281463824057016
1.0,4.0,2.0,5.0,4.0,1.0,1.5805881945913012
1.0,4.0,2.0,5.0,4.0,3.0,2.182395389486288
1.0,4.0,2.0,5.0,4.0,4.0,2.1908849645465196
1.0,4.0,2.0,5.0,5.0,2.0,2.1908849407779387
1.0,4.0,2.0,5.0,5.0,4.0,2.190884960530869
1.0,4.0,2.0,5.0,5.0,5.0,2.5888425149887206
1.0,4.0,3.0,1.0,1.0,1.0,1.1593394291199954
1.0,4.0,3.0,1.0,1.0,2.0,1.391716924685713
1.0,4.0,3.0,1.0,2.0,1.0,1.2745087479981654
1.0,4.0,3.0,1.0,2.0,2.0,1.4309605560893335
1.0,4.0,3.0,1.0,3.0,1.0,1.353221282081585
1.0,4.0,3.0,1.0,3.0,2.0,1.4309605901938431
1.0,4.0,3.0,1.0,3.0,3.0,1.5841528543954853
1.0,4.0,3.0,1.0,4.0,1.0,1.5805881792969954
1.0,4.0,3.0,1.0,4.0,3.0,1.6792157337186326
1.0,4.0,3.0,1.0,4.0,4.0,1.6792157366777793
1.0,4.0,3.0,2.0,1.0,1.0,1.429245986713205
1.0,4.0,3.0,2.0,1.0,2.0,1.5770229586705584
1.0,4.0,3.0,2.0,1.0,3.0,1.7669298012533652
1.0,4.0,3.0,2.0,2.0,1.0,1.5562681819728363
1.0,4.0,3.0,2.0,2.0,2.0,1.5770229794783837
1.0,4.0,3.0,2.0,2.0,3.0,1.9348131353773823
1.0,4.0,3.0,2.0,3.0,1.0,1.556268189031732
1.0,4.0,3.0,2.0,3.0,2.0,1.6701713944965233
1.0,4.0,3.0,2.0,3.0,3.0,1.9348132277660473
1.0,4.0,3.0,2.0,3.0,4.0,2.1700897960921255
1.0,4.0,3.0,2.0,4.0,2.0,1.8002830666828848
1.0,4.0,3.0,2.0,4.0,3.0,1.9821089558835006
1.0,4.0,3.0,2.0,4.0,4.0,2.1700898123979897
1.0,4.0,3.0,2.0,5.0,4.0,2.1700898381339333
1.0,4.0,3.0,3.0,1.0,1.0,1.4292460042129178
1.0,4.0,3.0,3.0,1.0,2.0,1.5770229798546216
1.0,4.0,3.0,3.0,1.0,3.0,1.7669298163771074
1.0,4.0,3.0,3.0,1.0,4.0,1.7669298207716688
1.0,4.0,3.0,3.0,2.0,1.0,1.5562681893789982
1.0,4.0,3.0,3.0,2.0,2.0,1.5770229921175523
1.0,4.0,3.0,3.0,2.0,3.0,1.9348131676455975
1.0,4.0,3.0,3.0,2.0,4.0,1.9348131700925086
1.0,4.0,3.0,3.0,3.0,1.0,1.5562681971243517
1.0,4.0,3.0,3.0,3.0,2.0,1.8829521892384553
1.0,4.0,3.0,3.0,3.0,3.0,1.9348132416397912
1.0,4.0,3.0,3.0,3.0,4.0,2.1908849027433672
1.0,4.0,3.0,3.0,4.0,1.0,1.5805881845112322
1.0,4.0,3.0,3.0,4.0,3.0,1.9821089970718766
1.0,4.0,3.0,3.0,4.0,4.0,2.190884889358045
1.0,4.0,3.0,3.0,5.0,2.0,1.9821089042940512
1.0,4.0,3.0,3.0,5.0,5.0,2.724353418537434
1.0,4.0,3.0,4.0,1.0,1.0,1.4292460139298968
1.0,4.0,3.0,4.0,1.0,2.0,1.8879032636747448
1.0,4.0,3.0,4.0,1.0,3.0,1.9474268156483865
1.0,4.0,3.0,4.0,2.0,1.0,1.8158415716151395
1.0,4.0,3.0,4.0,2.0,2.0,1.887903276531828
1.0,4.0,3.0,4.0,2.0,3.0,2.006802644730769
1.0,4.0,3.0,4.0,2.0,4.0,2.0621067164867535
1.0,4.0,3.0,4.0,2.0,5.0,2.3586668823139747
1.0,4.0,3.0,4.0,3.0,1.0,1.8158416014505563
1.0,4.0,3.0,4.0,3.0,2.0,1.8879033324264956
1.0,4.0,3.0,4.0,3.0,3.0,2.1908849768277636
1.0,4.0,3.0,4.0,3.0,4.0,2.1908849543146376
1.0,4.0,3.0,4.0,4.0,1.0,1.8158416184426185
1.0,4.0,3.0,4.0,4.0,2.0,1.8879033789529722
1.0,4.0,3.0,4.0,4.0,3.0,2.190884964920395
1.0,4.0,3.0,4.0,4.0,4.0,2.1908849546585127
1.0,4.0,3.0,4.0,4.0,5.0,2.5888424927823808
1.0,4.0,3.0,4.0,5.0,4.0,2.3317761277149027
1.0,4.0,3.0,4.0,5.0,5.0,2.72435341967411
1.0,4.0,3.0,5.0,1.0,3.0,1.9474268199216347
1.0,4.0,3.0,5.0,1.0,4.0,2.1536551451387926
1.0,4.0,3.0,5.0,2.0,2.0,1.8879032704901035
1.0,4.0,3.0,5.0,2.0,4.0,2.1536551469205265
1.0,4.0,3.0,5.0,2.0,5.0,2.3586668942483104
1.0,4.0,3.0,5.0,3.0,1.0,1.815841614734048
1.0,4.0,3.0,5.0,3.0,4.0,2.1908849608617595
1.0,4.0,3.0,5.0,3.0,5.0,2.3586669063539563
1.0,4.0,3.0,5.0,4.0,3.0,2.1908849705303193
1.0,4.0,3.0,5.0,4.0,4.0,2.190884979224059
1.0,4.0,3.0,5.0,4.0,5.0,2.7257266968129246
1.0,4.0,3.0,5.0,5.0,1.0,1.8158416237971677
1.0,4.0,3.0,5.0,5.0,2.0,2.3317760938524237
1.0,4.0,3.0,5.0,5.0,4.0,2.331776130197679
1.0,4.0,3.0,5.0,5.0,5.0,2.725726701872985
1.0,4.0,4.0,1.0,1.0,1.0,1.3598080781998447
1.0,4.0,4.0,1.0,1.0,2.0,1.4050909258254944
1.0,4.0,4.0,1.0,2.0,2.0,1.4309605438253234
1.0,4.0,4.0,1.0,2.0,4.0,1.4309605427431564
1.0,4.0,4.0,1.0,3.0,2.0,1.4309605804413144
1.0,4.0,4.0,2.0,1.0,1.0,1.4620772442080097
1.0,4.0,4.0,2.0,2.0,3.0,2.0175816124368855
1.0,4.0,4.0,2.0,3.0,3.0,2.043228341235547
1.0,4.0,4.0,3.0,1.0,1.0,1.4620772610067294
1.0,4.0,4.0,3.0,1.0,3.0,1.7698703279686434
1.0,4.0,4.0,3.0,2.0,3.0,2.0457688619539054
1.0,4.0,4.0,3.0,3.0,1.0,1.882952111851676
1.0,4.0,4.0,3.0,3.0,2.0,1.882952151920571
1.0,4.0,4.0,3.0,3.0,3.0,2.174494253959139
1.0,4.0,4.0,3.0,3.0,4.0,2.1908848740013043
1.0,4.0,4.0,3.0,4.0,3.0,2.1908848140840074
1.0,4.0,4.0,3.0,4.0,4.0,2.190884851349139
1.0,4.0,4.0,4.0,1.0,2.0,1.9474267743263896
1.0,4.0,4.0,4.0,1.0,3.0,1.947426782617615
1.0,4.0,4.0,4.0,1.0,4.0,1.9474267796922318
1.0,4.0,4.0,4.0,2.0,1.0,1.9963385789693993
1.0,4.0,4.0,4.0,2.0,2.0,2.0351473604104986
1.0,4.0,4.0,4.0,2.0,3.0,2.289097278495566
1.0,4.0,4.0,4.0,3.0,3.0,2.289097291114534
1.0,4.0,4.0,4.0,3.0,4.0,2.332801269234566
1.0,4.0,4.0,4.0,3.0,5.0,2.8557839932540134
1.0,4.0,4.0,4.0,4.0,1.0,2.0397007088308747
1.0,4.0,4.0,4.0,4.0,3.0,2.289097310147911
1.0,4.0,4.0,4.0,4.0,4.0,2.3328012928658532
1.0,4.0,4.0,4.0,4.0,5.0,3.013957362707532
1.0,4.0,4.0,4.0,5.0,3.0,2.588842346186784
1.0,4.0,4.0,4.0,5.0,4.0,2.588842369588587
1.0,4.0,4.0,4.0,5.0,5.0,3.1074917186163873
1.0,4.0,4.0,5.0,1.0,1.0,1.46207727839486
1.0,4.0,4.0,5.0,2.0,4.0,2.2890972812772206
1.0,4.0,4.0,5.0,3.0,2.0,2.332801275529057
1.0,4.0,4.0,5.0,3.0,3.0,2.3328012960306124
1.0,4.0,4.0,5.0,3.0,5.0,2.855784000083466
1.0,4.0,4.0,5.0,4.0,4.0,2.3328013191996098
1.0,4.0,4.0,5.0,4.0,5.0,3.0139573788442995
1.0,4.0,4.0,5.0,5.0,4.0,2.588842380803358
1.0,4.0,4.0,5.0,5.0,5.0,3.107491744416906
1.0,4.0,5.0,1.0,1.0,1.0,1.3598080551111176
1.0,4.0,5.0,1.0,3.0,1.0,1.359808047549388
1.0,4.0,5.0,1.0,4.0,4.0,1.679215730496218
1.0,4.0,5.0,2.0,1.0,3.0,2.0425930356274473
1.0,4.0,5.0,2.0,4.0,2.0,1.8002830604624713
1.0,4.0,5.0,3.0,3.0,2.0,2.46187630236543
1.0,4.0,5.0,3.0,5.0,3.0,2.461876308877633
1.0,4.0,5.0,3.0,5.0,5.0,3.1591736428303636
1.0,4.0,5.0,4.0,5.0,5.0,3.1591736558450743
1.0,4.0,5.0,5.0,4.0,4.0,3.0511818528547443
1.0,4.0,5.0,5.0,5.0,5.0,3.1591736666660015
1.0,5.0,1.0,1.0,1.0,1.0,1.1545265244052725
1.0,5.0,1.0,1.0,1.0,2.0,1.2036976606599938
1.0,5.0,1.0,1.0,1.0,3.0,1.203697660310781
1.0,5.0,1.0,1.0,1.0,5.0,1.4851339581990983
1.0,5.0,1.0,1.0,2.0,1.0,1.1593318105076424
1.0,5.0,1.0,1.0,2.0,2.0,1.2036976624086067
1.0,5.0,1.0,1.0,2.0,3.0,1.307231890238455
1.0,5.0,1.0,1.0,2.0,4.0,1.4851339500004912
1.0,5.0,1.0,1.0,3.0,1.0,1.1593421978365759
1.0,5.0,1.0,1.0,3.0,2.0,1.307232587016442
1.0,5.0,1.0,1.0,3.0,3.0,1.379604908515093
1.0,5.0,1.0,1.0,3.0,4.0,1.4851339730534467
1.0,5.0,1.0,1.0,4.0,1.0,1.1593696123395505
1.0,5.0,1.0,1.0,4.0,2.0,1.3232431392042803
1.0,5.0,1.0,1.0,4.0,3.0,1.3796048957099403
1.0,5.0,1.0,1.0,5.0,1.0,1.4741063620675545
1.0,5.0,1.0,1.0,5.0,3.0,1.4851339587139127
1.0,5.0,1.0,1.0,5.0,5.0,1.4851339703699933
1.0,5.0,1.0,2.0,1.0,1.0,1.1593285421401751
1.0,5.0,1.0,2.0,1.0,2.0,1.2315966561693656
1.0,5.0,1.0,2.0,1.0,3.0,1.2315966591677798
1.0,5.0,1.0,2.0,1.0,4.0,1.4851340026128648
1.0,5.0,1.0,2.0,2.0,1.0,1.15933129350614
1.0,5.0,1.0,2.0,2.0,2.0,1.3072324532368873
1.0,5.0,1.0,2.0,2.0,3.0,1.406369638537829
1.0,5.0,1.0,2.0,3.0,1.0,1.1593397720399283
1.0,5.0,1.0,2.0,3.0,2.0,1.307232554327007
1.0,5.0,1.0,2.0,3.0,3.0,1.4063696447039087
1.0,5.0,1.0,2.0,4.0,1.0,1.1593543364219188
1.0,5.0,1.0,2.0,4.0,3.0,1.598545143919185
1.0,5.0,1.0,2.0,4.0,4.0,1.5985451486552853
1.0,5.0,1.0,2.0,5.0,1.0,1.4741063488525035
1.0,5.0,1.0,2.0,5.0,2.0,1.4741063476163558
1.0,5.0,1.0,2.0,5.0,3.0,1.6420694692432165
1.0,5.0,1.0,2.0,5.0,5.0,1.642069462451984
1.0,5.0,1.0,3.0,1.0,1.0,1.2315966369782265
1.0,5.0,1.0,3.0,1.0,2.0,1.2315966584444467
1.0,5.0,1.0,3.0,1.0,3.0,1.2315966724017333
1.0,5.0,1.0,3.0,1.0,5.0,1.8105037656104834
1.0,5.0,1.0,3.0,2.0,1.0,1.2315965931600945
1.0,5.0,1.0,3.0,2.0,2.0,1.3072325056273357
1.0,5.0,1.0,3.0,2.0,3.0,1.4480711454704678
1.0,5.0,1.0,3.0,3.0,1.0,1.2315965759024776
1.0,5.0,1.0,3.0,3.0,2.0,1.3072325668403997
1.0,5.0,1.0,3.0,3.0,3.0,1.448071176056766
1.0,5.0,1.0,3.0,3.0,4.0,1.4851339974379103
1.0,5.0,1.0,3.0,3.0,5.0,1.8105037863311915
1.0,5.0,1.0,3.0,4.0,1.0,1.2588711788691467
1.0,5.0,1.0,3.0,4.0,2.0,1.510156945098899
1.0,5.0,1.0,3.0,4.0,3.0,1.6420695008082857
1.0,5.0,1.0,3.0,4.0,4.0,1.6911379387210121
1.0,5.0,1.0,3.0,5.0,1.0,1.4741063405751156
1.0,5.0,1.0,3.0,5.0,3.0,1.6420694876593518
1.0,5.0,1.0,4.0,1.0,1.0,1.2611797772030513
1.0,5.0,1.0,4.0,1.0,2.0,1.3482689363546367
1.0,5.0,1.0,4.0,1.0,3.0,1.3482689382545392
1.0,5.0,1.0,4.0,1.0,4.0,1.4851340215723865
1.0,5.0,1.0,4.0,2.0,1.0,1.261179754781168
1.0,5.0,1.0,4.0,2.0,2.0,1.470682534518612
1.0,5.0,1.0,4.0,2.0,3.0,1.4706825412315503
1.0,5.0,1.0,4.0,2.0,4.0,1.8105037401672914
1.0,5.0,1.0,4.0,3.0,1.0,1.2671575664485775
1.0,5.0,1.0,4.0,3.0,2.0,1.6065802564681027
1.0,5.0,1.0,4.0,3.0,3.0,1.6420695443819955
1.0,5.0,1.0,4.0,3.0,4.0,1.810503763565144
1.0,5.0,1.0,4.0,4.0,1.0,1.4741063283556308
1.0,5.0,1.0,4.0,4.0,2.0,1.6065802589834637
1.0,5.0,1.0,4.0,4.0,3.0,1.6420695403782781
1.0,5.0,1.0,4.0,4.0,4.0,1.8105037780342448
1.0,5.0,1.0,4.0,4.0,5.0,1.810503799002585
1.0,5.0,1.0,4.0,5.0,1.0,1.4741063398860836
1.0,5.0,1.0,4.0,5.0,2.0,1.8105037308957677
1.0,5.0,1.0,4.0,5.0,3.0,1.810503773489478
1.0,5.0,1.0,4.0,5.0,5.0,1.810503810656572
1.0,5.0,1.0,5.0,1.0,1.0,1.2611798073655638
1.0,5.0,1.0,5.0,1.0,2.0,1.4427578832325323
1.0,5.0,1.0,5.0,1.0,3.0,1.442757894662991
1.0,5.0,1.0,5.0,1.0,4.0,1.4851340497139314
1.0,5.0,1.0,5.0,1.0,5.0,1.8105037692073687
1.0,5.0,1.0,5.0,2.0,2.0,1.8105037271642093
1.0,5.0,1.0,5.0,2.0,3.0,1.8105037488587548
1.0,5.0,1.0,5.0,2.0,4.0,1.8105037561060777
1.0,5.0,1.0,5.0,2.0,5.0,1.8105037728389257
1.0,5.0,1.0,5.0,3.0,1.0,1.4741063174900266
1.0,5.0,1.0,5.0,3.0,3.0,1.8105037529699364
1.0,5.0,1.0,5.0,3.0,4.0,1.8105037698296529
1.0,5.0,1.0,5.0,4.0,1.0,1.4741063323587302
1.0,5.0,1.0,5.0,4.0,2.0,1.810503753564065
1.0,5.0,1.0,5.0,4.0,3.0,1.810503767770646
1.0,5.0,1.0,5.0,4.0,4.0,1.810503784610586
1.0,5.0,1.0,5.0,4.0,5.0,1.8105037990519062
1.0,5.0,1.0,5.0,5.0,1.0,1.4741063503176781
1.0,5.0,1.0,5.0,5.0,2.0,1.8105037593754447
1.0,5.0,1.0,5.0,5.0,3.0,1.8105037865365936
1.0,5.0,1.0,5.0,5.0,4.0,1.8105037977748881
1.0,5.0,1.0,5.0,5.0,5.0,1.810503842415937
1.0,5.0,2.0,1.0,1.0,1.0,1.3532213167177707
1.0,5.0,2.0,1.0,1.0,2.0,1.3973243108048876
1.0,5.0,2.0,1.0,2.0,1.0,1.3532213002178362
1.0,5.0,2.0,1.0,2.0,2.0,1.4309605497170426
1.0,5.0,2.0,1.0,2.0,3.0,1.4309605484276873
1.0,5.0,2.0,1.0,2.0,5.0,1.4851339558380485
1.0,5.0,2.0,1.0,3.0,1.0,1.3532212917673245
1.0,5.0,2.0,1.0,3.0,2.0,1.430960569426317
1.0,5.0,2.0,1.0,3.0,3.0,1.430960567906808
1.0,5.0,2.0,1.0,4.0,1.0,1.5805881870677878
1.0,5.0,2.0,1.0,4.0,3.0,1.6792157412335946
1.0,5.0,2.0,1.0,4.0,4.0,1.6792157544558384
1.0,5.0,2.0,1.0,5.0,1.0,1.6374417563819679
1.0,5.0,2.0,1.0,5.0,3.0,2.0244126293195133
1.0,5.0,2.0,2.0,1.0,1.0,1.3649271107284968
1.0,5.0,2.0,2.0,1.0,2.0,1.3973243173350554
1.0,5.0,2.0,2.0,1.0,3.0,1.3973243251480034
1.0,5.0,2.0,2.0,1.0,4.0,1.7669297982463552
1.0,5.0,2.0,2.0,2.0,1.0,1.3649271087222865
1.0,5.0,2.0,2.0,2.0,2.0,1.4986651752028166
1.0,5.0,2.0,2.0,2.0,3.0,1.4986651776851159
1.0,5.0,2.0,2.0,3.0,1.0,1.486938759119529
1.0,5.0,2.0,2.0,3.0,2.0,1.901986442944057
1.0,5.0,2.0,2.0,3.0,3.0,1.9821089373210337
1.0,5.0,2.0,2.0,3.0,4.0,1.9821089482349277
1.0,5.0,2.0,2.0,4.0,2.0,1.9019864469500058
1.0,5.0,2.0,2.0,4.0,4.0,2.190152223619406
1.0,5.0,2.0,2.0,4.0,5.0,2.5888425594180045
1.0,5.0,2.0,2.0,5.0,2.0,1.901986453991386
1.0,5.0,2.0,3.0,1.0,1.0,1.3649271417398385
1.0,5.0,2.0,3.0,1.0,2.0,1.4986651733164582
1.0,5.0,2.0,3.0,1.0,3.0,1.4986651855361617
1.0,5.0,2.0,3.0,2.0,1.0,1.4883438897167895
1.0,5.0,2.0,3.0,2.0,2.0,1.498665178903161
1.0,5.0,2.0,3.0,2.0,3.0,1.4986651833147895
1.0,5.0,2.0,3.0,2.0,4.0,1.9821089745096183
1.0,5.0,2.0,3.0,3.0,1.0,1.58058823746122
1.0,5.0,2.0,3.0,3.0,2.0,1.901986447605289
1.0,5.0,2.0,3.0,3.0,3.0,1.9821089539742258
1.0,5.0,2.0,3.0,3.0,4.0,1.9821089805599998
1.0,5.0,2.0,3.0,4.0,1.0,1.5805882064124956
1.0,5.0,2.0,3.0,4.0,2.0,1.9821089292702416
1.0,5.0,2.0,3.0,4.0,3.0,1.9821089484280419
1.0,5.0,2.0,3.0,4.0,4.0,2.252907987458186
1.0,5.0,2.0,3.0,5.0,2.0,1.982108917804418
1.0,5.0,2.0,3.0,5.0,3.0,2.2284838606563024
1.0,5.0,2.0,3.0,5.0,4.0,2.494660711111055
1.0,5.0,2.0,3.0,5.0,5.0,2.5888425738912884
1.0,5.0,2.0,4.0,1.0,1.0,1.3691820067506404
1.0,5.0,2.0,4.0,1.0,3.0,1.9474268054119694
1.0,5.0,2.0,4.0,1.0,4.0,2.002028357115082
1.0,5.0,2.0,4.0,2.0,2.0,1.791090593312531
1.0,5.0,2.0,4.0,2.0,3.0,1.947426820378024
1.0,5.0,2.0,4.0,2.0,4.0,2.0470794706557793
1.0,5.0,2.0,4.0,2.0,5.0,2.047079486859675
1.0,5.0,2.0,4.0,3.0,1.0,1.5805882451958637
1.0,5.0,2.0,4.0,3.0,2.0,1.9757043174946334
1.0,5.0,2.0,4.0,3.0,3.0,2.003428461036719
1.0,5.0,2.0,4.0,3.0,4.0,2.2529080076080925
1.0,5.0,2.0,4.0,4.0,3.0,2.22848387392868
1.0,5.0,2.0,4.0,4.0,4.0,2.2529080134805004
1.0,5.0,2.0,4.0,4.0,5.0,2.5888425777591775
1.0,5.0,2.0,4.0,5.0,1.0,1.6374417702768276
1.0,5.0,2.0,4.0,5.0,2.0,2.2284838660671156
1.0,5.0,2.0,4.0,5.0,3.0,2.2284838757492107
1.0,5.0,2.0,4.0,5.0,4.0,2.494660719527385
1.0,5.0,2.0,4.0,5.0,5.0,2.5888425965639246
1.0,5.0,2.0,5.0,1.0,1.0,1.369182008462348
1.0,5.0,2.0,5.0,1.0,2.0,1.5112607482911897
1.0,5.0,2.0,5.0,1.0,4.0,2.0302156162884497
1.0,5.0,2.0,5.0,1.0,5.0,2.1536551715793
1.0,5.0,2.0,5.0,2.0,2.0,2.0028987751532656
1.0,5.0,2.0,5.0,2.0,4.0,2.1536551613430333
1.0,5.0,2.0,5.0,2.0,5.0,2.1536551701190194
1.0,5.0,2.0,5.0,3.0,1.0,1.6374417642422707
1.0,5.0,2.0,5.0,3.0,2.0,2.002898780410578
1.0,5.0,2.0,5.0,3.0,3.0,2.1823953665514852
1.0,5.0,2.0,5.0,3.0,4.0,2.328146404848221
1.0,5.0,2.0,5.0,3.0,5.0,2.328146409810116
1.0,5.0,2.0,5.0,4.0,4.0,2.5888426077299806
1.0,5.0,2.0,5.0,4.0,5.0,2.5888426078927256
1.0,5.0,2.0,5.0,5.0,1.0,1.637441772076103
1.0,5.0,2.0,5.0,5.0,3.0,2.22848387954803
1.0,5.0,2.0,5.0,5.0,4.0,2.5888426189073543
1.0,5.0,2.0,5.0,5.0,5.0,2.5888426142737675
1.0,5.0,3.0,1.0,1.0,1.0,1.3532213137352058
1.0,5.0,3.0,1.0,1.0,2.0,1.3973243224173317
1.0,5.0,3.0,1.0,2.0,1.0,1.353221300163266
1.0,5.0,3.0,1.0,2.0,2.0,1.4309605568898618
1.0,5.0,3.0,1.0,2.0,3.0,1.4309605481229313
1.0,5.0,3.0,1.0,2.0,4.0,1.4851339503746142
1.0,5.0,3.0,1.0,3.0,1.0,1.3532213004716453
1.0,5.0,3.0,1.0,3.0,2.0,1.7787728082069132
1.0,5.0,3.0,1.0,3.0,3.0,1.7787728094698436
1.0,5.0,3.0,1.0,3.0,5.0,2.0582270016288446
1.0,5.0,3.0,1.0,4.0,1.0,1.580588189764205
1.0,5.0,3.0,1.0,4.0,3.0,1.98210891822506
1.0,5.0,3.0,1.0,4.0,5.0,2.190152226086357
1.0,5.0,3.0,1.0,5.0,1.0,1.8829520861818265
1.0,5.0,3.0,1.0,5.0,2.0,1.9821089017070257
1.0,5.0,3.0,1.0,5.0,3.0,2.0244126449165147
1.0,5.0,3.0,1.0,5.0,4.0,2.190152234143322
1.0,5.0,3.0,2.0,1.0,1.0,1.5770228677718594
1.0,5.0,3.0,2.0,1.0,2.0,1.577022925216905
1.0,5.0,3.0,2.0,1.0,4.0,1.766929807164591
1.0,5.0,3.0,2.0,1.0,5.0,1.7669298159974123
1.0,5.0,3.0,2.0,2.0,1.0,1.5770228507265143
1.0,5.0,3.0,2.0,2.0,2.0,1.6698191027183544
1.0,5.0,3.0,2.0,2.0,3.0,1.9821089375225973
1.0,5.0,3.0,2.0,2.0,5.0,2.0748611365899
1.0,5.0,3.0,2.0,3.0,1.0,1.5770228451376256
1.0,5.0,3.0,2.0,3.0,2.0,1.9821089325580097
1.0,5.0,3.0,2.0,3.0,3.0,1.9821089458028778
1.0,5.0,3.0,2.0,4.0,1.0,1.5805881980827703
1.0,5.0,3.0,2.0,4.0,2.0,1.9821089267161516
1.0,5.0,3.0,2.0,4.0,3.0,1.9821089432968941
1.0,5.0,3.0,2.0,4.0,4.0,2.190152238214123
1.0,5.0,3.0,2.0,5.0,3.0,2.0244126609440314
1.0,5.0,3.0,2.0,5.0,4.0,2.190152251989132
1.0,5.0,3.0,3.0,1.0,2.0,1.9474267757163262
1.0,5.0,3.0,3.0,1.0,3.0,1.9474267943509072
1.0,5.0,3.0,3.0,1.0,4.0,1.9474268042929628
1.0,5.0,3.0,3.0,2.0,1.0,1.5770228462181082
1.0,5.0,3.0,3.0,2.0,2.0,1.982108944705421
1.0,5.0,3.0,3.0,2.0,3.0,1.9821089647411283
1.0,5.0,3.0,3.0,2.0,5.0,2.074861152467452
1.0,5.0,3.0,3.0,3.0,2.0,1.9821089510422603
1.0,5.0,3.0,3.0,3.0,3.0,1.9821089801459382
1.0,5.0,3.0,3.0,3.0,4.0,2.2791421310631774
1.0,5.0,3.0,3.0,3.0,5.0,2.5888425419401693
1.0,5.0,3.0,3.0,4.0,2.0,1.9821089281140547
1.0,5.0,3.0,3.0,4.0,3.0,2.2791421245676107
1.0,5.0,3.0,3.0,4.0,4.0,2.2791421357174864
1.0,5.0,3.0,3.0,4.0,5.0,2.5888425487972713
1.0,5.0,3.0,3.0,5.0,2.0,1.9821089147164075
1.0,5.0,3.0,3.0,5.0,3.0,2.279142123989086
1.0,5.0,3.0,3.0,5.0,4.0,2.7243534238705553
1.0,5.0,3.0,3.0,5.0,5.0,2.7243534247458285
1.0,5.0,3.0,4.0,1.0,1.0,1.5770228641004287
1.0,5.0,3.0,4.0,1.0,3.0,1.9474268315443575
1.0,5.0,3.0,4.0,2.0,2.0,2.0007157451955924
1.0,5.0,3.0,4.0,2.0,3.0,2.0218575313006504
1.0,5.0,3.0,4.0,2.0,4.0,2.153655146287364
1.0,5.0,3.0,4.0,3.0,1.0,1.8158416102056272
1.0,5.0,3.0,4.0,3.0,2.0,2.0076974394399203
1.0,5.0,3.0,4.0,3.0,3.0,2.190885009533353
1.0,5.0,3.0,4.0,3.0,4.0,2.3281464033829686
1.0,5.0,3.0,4.0,4.0,3.0,2.373991177536512
1.0,5.0,3.0,4.0,4.0,4.0,2.5586514386451786
1.0,5.0,3.0,4.0,4.0,5.0,2.588842550408011
1.0,5.0,3.0,4.0,5.0,1.0,1.8829520981851657
1.0,5.0,3.0,4.0,5.0,3.0,2.3739911909580242
1.0,5.0,3.0,4.0,5.0,4.0,2.7243534456787715
1.0,5.0,3.0,4.0,5.0,5.0,2.7257266894538126
1.0,5.0,3.0,5.0,1.0,3.0,1.9474268296229245
1.0,5.0,3.0,5.0,1.0,4.0,2.153655162978821
1.0,5.0,3.0,5.0,1.0,5.0,2.153655181955237
1.0,5.0,3.0,5.0,2.0,2.0,2.002898787259714
1.0,5.0,3.0,5.0,2.0,3.0,2.0244059920327127
1.0,5.0,3.0,5.0,2.0,4.0,2.153655162895846
1.0,5.0,3.0,5.0,2.0,5.0,2.7257266676962804
1.0,5.0,3.0,5.0,3.0,1.0,1.815841620246441
1.0,5.0,3.0,5.0,3.0,3.0,2.190885039287778
1.0,5.0,3.0,5.0,3.0,4.0,2.328146405769546
1.0,5.0,3.0,5.0,4.0,3.0,2.373991185192772
1.0,5.0,3.0,5.0,4.0,4.0,2.7243534547560135
1.0,5.0,3.0,5.0,4.0,5.0,2.7257266952950494
1.0,5.0,3.0,5.0,5.0,1.0,2.025619338246406
1.0,5.0,3.0,5.0,5.0,2.0,2.3317761109623865
1.0,5.0,3.0,5.0,5.0,3.0,2.373991199164149
1.0,5.0,3.0,5.0,5.0,4.0,2.724353459392431
1.0,5.0,3.0,5.0,5.0,5.0,2.7257267091273842
1.0,5.0,4.0,1.0,3.0,3.0,2.031267639715516
1.0,5.0,4.0,1.0,4.0,2.0,2.190152209347664
1.0,5.0,4.0,1.0,4.0,4.0,2.190152222091763
1.0,5.0,4.0,1.0,4.0,5.0,2.190152232906819
1.0,5.0,4.0,2.0,1.0,2.0,1.5905426944629488
1.0,5.0,4.0,2.0,3.0,3.0,2.4798669883258335
1.0,5.0,4.0,2.0,4.0,4.0,2.5408727904795994
1.0,5.0,4.0,2.0,5.0,3.0,2.515862480352004
1.0,5.0,4.0,2.0,5.0,4.0,2.5408727985710606
1.0,5.0,4.0,3.0,2.0,2.0,2.0231866635131595
1.0,5.0,4.0,3.0,2.0,5.0,2.1396129098944274
1.0,5.0,4.0,3.0,3.0,2.0,2.0488333832472776
1.0,5.0,4.0,3.0,3.0,3.0,2.5158624736597854
1.0,5.0,4.0,3.0,4.0,3.0,2.5158624773010607
1.0,5.0,4.0,3.0,5.0,1.0,1.8829521020537827
1.0,5.0,4.0,3.0,5.0,2.0,2.515862486510569
1.0,5.0,4.0,3.0,5.0,3.0,2.5158624890235792
1.0,5.0,4.0,3.0,5.0,4.0,3.1411306575994433
1.0,5.0,4.0,4.0,1.0,1.0,1.9474267667902425
1.0,5.0,4.0,4.0,1.0,4.0,2.533130455731532
1.0,5.0,4.0,4.0,1.0,5.0,2.8557839910071814
1.0,5.0,4.0,4.0,2.0,3.0,2.289097280023688
1.0,5.0,4.0,4.0,3.0,3.0,2.515862481227319
1.0,5.0,4.0,4.0,3.0,4.0,2.5331304792838862
1.0,5.0,4.0,4.0,4.0,1.0,2.0397007295707166
1.0,5.0,4.0,4.0,4.0,3.0,2.5597088057537856
1.0,5.0,4.0,4.0,4.0,4.0,2.583519771803866
1.0,5.0,4.0,4.0,4.0,5.0,3.027371741235338
1.0,5.0,4.0,4.0,5.0,2.0,2.5158624936839447
1.0,5.0,4.0,4.0,5.0,3.0,2.5888423441071486
1.0,5.0,4.0,4.0,5.0,4.0,3.1411306871826965
1.0,5.0,4.0,4.0,5.0,5.0,3.1411307110629014
1.0,5.0,4.0,5.0,1.0,2.0,1.9474267781229406
1.0,5.0,4.0,5.0,1.0,3.0,1.9474268020820644
1.0,5.0,4.0,5.0,3.0,4.0,2.855784007742944
1.0,5.0,4.0,5.0,3.0,5.0,2.855784009777443
1.0,5.0,4.0,5.0,4.0,3.0,2.5597088141826316
1.0,5.0,4.0,5.0,4.0,4.0,3.1411307242673647
1.0,5.0,4.0,5.0,4.0,5.0,3.141130745451014
1.0,5.0,4.0,5.0,5.0,5.0,3.1411307595603173
1.0,5.0,5.0,1.0,1.0,1.0,1.359808058032886
1.0,5.0,5.0,1.0,2.0,1.0,1.3598080501890755
1.0,5.0,5.0,1.0,2.0,3.0,1.430960543754057
1.0,5.0,5.0,1.0,3.0,1.0,1.3598080470316185
1.0,5.0,5.0,1.0,5.0,4.0,2.190152240056263
1.0,5.0,5.0,1.0,5.0,5.0,2.190152249029744
1.0,5.0,5.0,2.0,1.0,2.0,1.590542701948079
1.0,5.0,5.0,2.0,5.0,3.0,2.819988875401392
1.0,5.0,5.0,2.0,5.0,4.0,3.008493367176765
1.0,5.0,5.0,3.0,2.0,3.0,2.112653577616777
1.0,5.0,5.0,3.0,3.0,3.0,2.8199888639974247
1.0,5.0,5.0,3.0,4.0,3.0,2.8199888699974314
1.0,5.0,5.0,3.0,5.0,5.0,3.159173659574273
1.0,5.0,5.0,4.0,1.0,2.0,2.0763853389702858
1.0,5.0,5.0,4.0,4.0,1.0,2.4618762939695324
1.0,5.0,5.0,4.0,4.0,2.0,2.461876309612738
1.0,5.0,5.0,4.0,4.0,4.0,3.0216897744115863
1.0,5.0,5.0,4.0,5.0,4.0,3.1591736588978496
1.0,5.0,5.0,4.0,5.0,5.0,3.1591736707777147
1.0,5.0,5.0,5.0,1.0,1.0,2.2552070617938815
1.0,5.0,5.0,5.0,1.0,5.0,3.159173554014392
1.0,5.0,5.0,5.0,2.0,5.0,3.159173588384163
1.0,5.0,5.0,5.0,3.0,5.0,3.1591736038567273
1.0,5.0,5.0,5.0,4.0,4.0,3.1411307285601358
1.0,5.0,5.0,5.0,4.0,5.0,3.159173628845849
1.0,5.0,5.0,5.0,5.0,1.0,2.461876317463074
1.0,5.0,5.0,5.0,5.0,3.0,2.819988880761578
1.0,5.0,5.0,5.0,5.0,5.0,3.1591736733093194
2.0,1.0,1.0,1.0,1.0,1.0,1.1592242717746584
2.0,1.0,1.0,1.0,1.0,2.0,1.2116294844967708
2.0,1.0,1.0,1.0,1.0,3.0,1.3659250264828477
2.0,1.0,1.0,1.0,2.0,1.0,1.1591730402245488
2.0,1.0,1.0,1.0,2.0,2.0,1.3659249996876903
2.0,1.0,1.0,1.0,3.0,1.0,1.1591653535452875
2.0,1.0,1.0,1.0,3.0,2.0,1.36592500128146
2.0,1.0,1.0,1.0,3.0,3.0,1.3659250148284048
2.0,1.0,1.0,1.0,4.0,1.0,1.1591422887112401
2.0,1.0,1.0,1.0,4.0,4.0,1.365925025250027
2.0,1.0,1.0,1.0,5.0,2.0,1.36592498686987
2.0,1.0,1.0,2.0,1.0,1.0,1.197486657946487
2.0,1.0,1.0,2.0,1.0,2.0,1.3659250216042178
2.0,1.0,1.0,2.0,2.0,1.0,1.197486643178948
2.0,1.0,1.0,2.0,2.0,2.0,1.365925025696845
2.0,1.0,1.0,2.0,3.0,1.0,1.1974866250123868
2.0,1.0,1.0,2.0,3.0,2.0,1.365925017353918
2.0,1.0,1.0,2.0,3.0,3.0,1.3659250256614461
2.0,1.0,1.0,2.0,4.0,2.0,1.3659250211340919
2.0,1.0,1.0,2.0,4.0,3.0,1.9226475759790784
2.0,1.0,1.0,3.0,1.0,1.0,1.197486646258931
2.0,1.0,1.0,3.0,1.0,2.0,1.3751991569375464
2.0,1.0,1.0,3.0,1.0,3.0,1.375199126340856
2.0,1.0,1.0,3.0,2.0,1.0,1.3063242521645186
2.0,1.0,1.0,3.0,2.0,2.0,1.3951198502531847
2.0,1.0,1.0,3.0,2.0,3.0,1.712742737276204
2.0,1.0,1.0,3.0,2.0,4.0,1.712742758032799
2.0,1.0,1.0,3.0,2.0,5.0,1.9771586502631597
2.0,1.0,1.0,3.0,3.0,1.0,1.3951198407543504
2.0,1.0,1.0,3.0,3.0,2.0,1.3951198572948993
2.0,1.0,1.0,3.0,3.0,3.0,1.8267213795185508
2.0,1.0,1.0,3.0,4.0,2.0,1.7629849082929991
2.0,1.0,1.0,3.0,4.0,3.0,2.0079449399977087
2.0,1.0,1.0,4.0,1.0,1.0,1.3751990747570457
2.0,1.0,1.0,4.0,1.0,2.0,1.3751991061280662
2.0,1.0,1.0,4.0,1.0,4.0,1.37519911241196
2.0,1.0,1.0,4.0,2.0,1.0,1.540880377654021
2.0,1.0,1.0,4.0,4.0,2.0,1.7629849073645891
2.0,1.0,1.0,5.0,1.0,2.0,1.3751990943002643
2.0,1.0,1.0,5.0,5.0,1.0,2.027426450150776
2.0,1.0,2.0,1.0,1.0,1.0,1.1591999862176496
2.0,1.0,2.0,1.0,1.0,2.0,1.2491646781361427
2.0,1.0,2.0,1.0,1.0,5.0,1.397324117863475
2.0,1.0,2.0,1.0,2.0,1.0,1.159170629776767
2.0,1.0,2.0,1.0,2.0,2.0,1.3922584320536149
2.0,1.0,2.0,1.0,3.0,1.0,1.1591652484488957
2.0,1.0,2.0,1.0,3.0,2.0,1.392258422688179
2.0,1.0,2.0,2.0,1.0,1.0,1.1974866312534842
2.0,1.0,2.0,2.0,1.0,2.0,1.4407565784580634
2.0,1.0,2.0,2.0,2.0,1.0,1.3313780645097404
2.0,1.0,2.0,2.0,2.0,2.0,1.488422386553766
2.0,1.0,2.0,2.0,3.0,1.0,1.3313780551341683
2.0,1.0,2.0,2.0,3.0,3.0,1.9710547898970534
2.0,1.0,2.0,2.0,4.0,3.0,2.0079445433631844
2.0,1.0,2.0,3.0,1.0,1.0,1.1974866303943803
2.0,1.0,2.0,3.0,1.0,2.0,1.440756602522668
2.0,1.0,2.0,3.0,1.0,3.0,1.7580154933749188
2.0,1.0,2.0,3.0,2.0,1.0,1.493771707370718
2.0,1.0,2.0,3.0,2.0,2.0,1.5021173848915896
2.0,1.0,2.0,3.0,2.0,3.0,1.7580155269881423
2.0,1.0,2.0,3.0,3.0,1.0,1.8548470120514948
2.0,1.0,2.0,3.0,3.0,2.0,1.9759368765377683
2.0,1.0,2.0,3.0,3.0,3.0,2.0079446233747094
2.0,1.0,2.0,3.0,4.0,3.0,2.0079446791555493
2.0,1.0,2.0,4.0,2.0,4.0,2.0171955526643566
2.0,1.0,2.0,4.0,3.0,3.0,2.0079446164893997
2.0,1.0,2.0,4.0,3.0,4.0,2.0428422874645316
2.0,1.0,2.0,4.0,4.0,3.0,2.0079446365257896
2.0,1.0,2.0,4.0,4.0,4.0,2.4350893663044513
2.0,1.0,2.0,4.0,5.0,3.0,2.007944629826058
2.0,1.0,2.0,5.0,1.0,5.0,2.0323758100775655
2.0,1.0,2.0,5.0,3.0,5.0,2.1098382950039385
2.0,1.0,3.0,1.0,1.0,2.0,1.2491647032525013
2.0,1.0,3.0,1.0,2.0,1.0,1.1591624489546521
2.0,1.0,3.0,1.0,2.0,2.0,1.6507813603459704
2.0,1.0,3.0,1.0,3.0,2.0,1.7576602257109146
2.0,1.0,3.0,2.0,1.0,1.0,1.197486610972411
2.0,1.0,3.0,2.0,1.0,2.0,1.4407565648732792
2.0,1.0,3.0,2.0,2.0,2.0,1.875160417454267
2.0,1.0,3.0,2.0,2.0,3.0,1.9726699918862407
2.0,1.0,3.0,2.0,3.0,1.0,1.3313780625725835
2.0,1.0,3.0,2.0,3.0,2.0,1.9595084213258769
2.0,1.0,3.0,2.0,3.0,3.0,1.9983171672834747
2.0,1.0,3.0,3.0,1.0,3.0,1.758015476308777
2.0,1.0,3.0,3.0,2.0,1.0,1.4937717175787222
2.0,1.0,3.0,3.0,2.0,2.0,1.8751603960239205
2.0,1.0,3.0,3.0,3.0,3.0,2.0146572718594853
2.0,1.0,3.0,3.0,4.0,2.0,2.0133420794152252
2.0,1.0,3.0,3.0,4.0,3.0,2.028840229604756
2.0,1.0,3.0,3.0,5.0,4.0,2.7059779832357806
2.0,1.0,3.0,4.0,1.0,4.0,1.7580154757567328
2.0,1.0,3.0,4.0,2.0,2.0,1.875160394561317
2.0,1.0,3.0,4.0,2.0,3.0,2.3599103259429675
2.0,1.0,3.0,4.0,3.0,4.0,2.359910337171718
2.0,1.0,3.0,4.0,4.0,2.0,2.041529670968994
2.0,1.0,3.0,4.0,4.0,3.0,2.50388183496435
2.0,1.0,3.0,4.0,4.0,4.0,2.5038818440277546
2.0,1.0,3.0,5.0,2.0,3.0,2.359910325855771
2.0,1.0,3.0,5.0,5.0,4.0,2.7059779910894655
2.0,1.0,3.0,5.0,5.0,5.0,2.70597800427515
2.0,1.0,4.0,4.0,1.0,4.0,2.649693417626295
2.0,1.0,4.0,4.0,3.0,4.0,2.952436693151634
2.0,2.0,1.0,1.0,1.0,1.0,1.159670514116061
2.0,2.0,1.0,1.0,1.0,2.0,1.2116294949379491
2.0,2.0,1.0,1.0,2.0,1.0,1.1814565209045411
2.0,2.0,1.0,1.0,2.0,2.0,1.3751994559496181
2.0,2.0,1.0,1.0,3.0,2.0,1.4679761217362652
2.0,2.0,1.0,1.0,3.0,3.0,1.6729344590567297
2.0,2.0,1.0,1.0,4.0,1.0,1.181456508698301
2.0,2.0,1.0,2.0,1.0,1.0,1.2055754818867432
2.0,2.0,1.0,2.0,1.0,2.0,1.3751992968057296
2.0,2.0,1.0,2.0,1.0,3.0,1.3751992862367781
2.0,2.0,1.0,2.0,2.0,1.0,1.306324272636626
2.0,2.0,1.0,2.0,2.0,2.0,1.3751993760442758
2.0,2.0,1.0,2.0,3.0,1.0,1.479195659178849
2.0,2.0,1.0,2.0,3.0,2.0,1.49132208304593
2.0,2.0,1.0,3.0,1.0,1.0,1.2055754904654767
2.0,2.0,1.0,3.0,1.0,2.0,1.3751992505677364
2.0,2.0,1.0,3.0,1.0,3.0,1.6102379090134924
2.0,2.0,1.0,3.0,2.0,1.0,1.3063242588706905
2.0,2.0,1.0,3.0,2.0,2.0,1.5890501132903236
2.0,2.0,1.0,3.0,2.0,3.0,1.7406556241874676
2.0,2.0,1.0,3.0,2.0,4.0,1.7406556281726087
2.0,2.0,1.0,3.0,3.0,1.0,1.4791956687851484
2.0,2.0,1.0,3.0,3.0,2.0,1.7629849558201287
2.0,2.0,1.0,3.0,3.0,3.0,1.826721394906944
2.0,2.0,1.0,3.0,4.0,2.0,1.7629849244629618
2.0,2.0,1.0,3.0,4.0,3.0,2.007945238731118
2.0,2.0,1.0,3.0,4.0,4.0,2.0079452263461968
2.0,2.0,1.0,4.0,1.0,1.0,1.4506451538656253
2.0,2.0,1.0,4.0,1.0,3.0,1.7386266759213278
2.0,2.0,1.0,4.0,2.0,3.0,1.822809568659993
2.0,2.0,1.0,4.0,2.0,4.0,1.9827639410838995
2.0,2.0,1.0,4.0,2.0,5.0,2.2644490329155667
2.0,2.0,1.0,4.0,3.0,3.0,1.8267213964253923
2.0,2.0,1.0,4.0,4.0,5.0,2.2644490353525564
2.0,2.0,1.0,4.0,5.0,2.0,1.7629849202644705
2.0,2.0,1.0,5.0,1.0,1.0,1.4506451623260677
2.0,2.0,1.0,5.0,2.0,3.0,1.9721424386170674
2.0,2.0,1.0,5.0,4.0,3.0,2.0274264571847533
2.0,2.0,1.0,5.0,5.0,4.0,2.0274264625612224
2.0,2.0,2.0,1.0,1.0,1.0,1.2429651865042337
2.0,2.0,2.0,1.0,1.0,2.0,1.4753954098321553
2.0,2.0,2.0,1.0,1.0,3.0,1.7671972441732555
2.0,2.0,2.0,1.0,2.0,1.0,1.3055994938065951
2.0,2.0,2.0,1.0,2.0,2.0,1.475395414194724
2.0,2.0,2.0,1.0,2.0,3.0,1.767197245882664
2.0,2.0,2.0,1.0,3.0,1.0,1.4565880508267814
2.0,2.0,2.0,1.0,3.0,2.0,1.4753954050841398
2.0,2.0,2.0,1.0,3.0,3.0,1.8167337915112494
2.0,2.0,2.0,2.0,1.0,2.0,1.767197113173699
2.0,2.0,2.0,2.0,2.0,1.0,1.6040920736587163
2.0,2.0,2.0,2.0,2.0,2.0,1.7856015740547135
2.0,2.0,2.0,2.0,2.0,5.0,2.0158563625021193
2.0,2.0,2.0,2.0,3.0,1.0,1.7697216267713929
2.0,2.0,2.0,2.0,3.0,2.0,1.9818677842020005
2.0,2.0,2.0,2.0,3.0,3.0,2.007944376495727
2.0,2.0,2.0,2.0,4.0,2.0,1.9818677692022502
2.0,2.0,2.0,2.0,4.0,3.0,2.0079444533749244
2.0,2.0,2.0,3.0,1.0,1.0,1.6040920487431751
2.0,2.0,2.0,3.0,1.0,2.0,1.7671971565771813
2.0,2.0,2.0,3.0,1.0,3.0,1.7671972063446248
2.0,2.0,2.0,3.0,2.0,1.0,1.6040920559255272
2.0,2.0,2.0,3.0,2.0,2.0,1.9929624547695914
2.0,2.0,2.0,3.0,2.0,3.0,1.9929624620775344
2.0,2.0,2.0,3.0,2.0,4.0,2.005234851563021
2.0,2.0,2.0,3.0,3.0,1.0,1.8548470403231612
2.0,2.0,2.0,3.0,3.0,2.0,2.0201658696517546
2.0,2.0,2.0,3.0,3.0,3.0,2.058099753834522
2.0,2.0,2.0,3.0,4.0,1.0,1.9401020301990752
2.0,2.0,2.0,3.0,4.0,2.0,2.151822751304331
2.0,2.0,2.0,3.0,4.0,3.0,2.1518227720021685
2.0,2.0,2.0,3.0,4.0,4.0,2.151822772881774
2.0,2.0,2.0,3.0,5.0,4.0,2.151822774534066
2.0,2.0,2.0,3.0,5.0,5.0,2.76529975788482
2.0,2.0,2.0,4.0,1.0,2.0,1.7671971695846493
2.0,2.0,2.0,4.0,1.0,4.0,1.767197192696269
2.0,2.0,2.0,4.0,2.0,2.0,1.992962457426027
2.0,2.0,2.0,4.0,2.0,3.0,1.9979413119204084
2.0,2.0,2.0,4.0,2.0,4.0,2.3599103515952002
2.0,2.0,2.0,4.0,3.0,2.0,2.0201658533590825
2.0,2.0,2.0,4.0,3.0,3.0,2.058099770089692
2.0,2.0,2.0,4.0,4.0,3.0,2.3321528995670486
2.0,2.0,2.0,4.0,4.0,4.0,2.435089376075195
2.0,2.0,2.0,4.0,5.0,3.0,2.3321528957174227
2.0,2.0,2.0,5.0,1.0,2.0,1.7671971700589697
2.0,2.0,2.0,5.0,2.0,3.0,2.0228005989739373
2.0,2.0,2.0,5.0,3.0,4.0,2.3599103524426557
2.0,2.0,2.0,5.0,4.0,5.0,2.435089392398563
2.0,2.0,2.0,5.0,5.0,2.0,2.1518227510741044
2.0,2.0,3.0,1.0,1.0,1.0,1.2429651683279943
2.0,2.0,3.0,1.0,1.0,2.0,1.4753953992085287
2.0,2.0,3.0,1.0,1.0,3.0,1.7671972787291335
2.0,2.0,3.0,1.0,2.0,1.0,1.30559948521669
2.0,2.0,3.0,1.0,2.0,2.0,1.650781373688547
2.0,2.0,3.0,1.0,2.0,3.0,1.960709742867571
2.0,2.0,3.0,1.0,3.0,2.0,1.7576602514842397
2.0,2.0,3.0,2.0,1.0,2.0,1.7671971109506994
2.0,2.0,3.0,2.0,1.0,3.0,1.9632502691631182
2.0,2.0,3.0,2.0,2.0,2.0,2.052041485637052
2.0,2.0,3.0,2.0,3.0,1.0,1.824540516125454
2.0,2.0,3.0,2.0,3.0,2.0,2.105966808264679
2.0,2.0,3.0,2.0,3.0,3.0,2.1428499416369515
2.0,2.0,3.0,2.0,4.0,3.0,2.1428499316124205
2.0,2.0,3.0,2.0,5.0,5.0,2.1434547412875307
2.0,2.0,3.0,3.0,1.0,2.0,1.7671971310786303
2.0,2.0,3.0,3.0,1.0,3.0,1.9914375285466617
2.0,2.0,3.0,3.0,2.0,2.0,2.0520414838186256
2.0,2.0,3.0,3.0,2.0,3.0,2.3599103263676193
2.0,2.0,3.0,3.0,3.0,2.0,2.1059667910995916
2.0,2.0,3.0,3.0,3.0,3.0,2.3599104258186943
2.0,2.0,3.0,3.0,4.0,2.0,2.2132335512429924
2.0,2.0,3.0,3.0,4.0,3.0,2.6412887819236004
2.0,2.0,3.0,3.0,4.0,4.0,2.6587829649493204
2.0,2.0,3.0,4.0,1.0,3.0,2.0108527339039117
2.0,2.0,3.0,4.0,1.0,4.0,2.0584335356020484
2.0,2.0,3.0,4.0,2.0,3.0,2.3599103385390148
2.0,2.0,3.0,4.0,3.0,3.0,2.359910386238479
2.0,2.0,3.0,4.0,3.0,4.0,2.3599103679034115
2.0,2.0,3.0,4.0,4.0,3.0,2.6412887913301932
2.0,2.0,3.0,4.0,4.0,4.0,2.8230808813000055
2.0,2.0,3.0,4.0,4.0,5.0,2.982460583298049
2.0,2.0,3.0,4.0,5.0,4.0,2.9692985590295384
2.0,2.0,3.0,4.0,5.0,5.0,3.008107317491198
2.0,2.0,3.0,5.0,1.0,3.0,2.0478116826478403
2.0,2.0,3.0,5.0,2.0,3.0,2.3599103305760334
2.0,2.0,3.0,5.0,2.0,5.0,2.820135763999869
2.0,2.0,3.0,5.0,3.0,4.0,2.8077773925948484
2.0,2.0,3.0,5.0,4.0,3.0,2.8230808766875835
2.0,2.0,3.0,5.0,4.0,4.0,2.823080884091518
2.0,2.0,3.0,5.0,5.0,4.0,3.090655559795789
2.0,2.0,3.0,5.0,5.0,5.0,3.0906555766415598
2.0,2.0,4.0,1.0,1.0,1.0,1.3769523319249068
2.0,2.0,4.0,1.0,1.0,2.0,1.4753953884225157
2.0,2.0,4.0,2.0,4.0,3.0,2.190884705396173
2.0,2.0,4.0,3.0,1.0,3.0,2.2057209864378997
2.0,2.0,4.0,3.0,2.0,3.0,2.3636620080181885
2.0,2.0,4.0,3.0,3.0,3.0,2.3636620194647877
2.0,2.0,4.0,3.0,4.0,3.0,2.641288774532248
2.0,2.0,4.0,3.0,4.0,4.0,2.966122726342626
2.0,2.0,4.0,3.0,5.0,2.0,2.720795414037134
2.0,2.0,4.0,4.0,3.0,3.0,2.363662026196215
2.0,2.0,4.0,4.0,4.0,2.0,2.720795422915467
2.0,2.0,4.0,4.0,4.0,4.0,3.0906555952930375
2.0,2.0,4.0,5.0,5.0,1.0,2.123438928507119
2.0,2.0,5.0,1.0,1.0,1.0,1.376952327487582
2.0,2.0,5.0,2.0,5.0,5.0,3.0530491432063593
2.0,2.0,5.0,4.0,4.0,5.0,3.09065559282116
2.0,2.0,5.0,5.0,5.0,5.0,3.0906555925588703
2.0,3.0,1.0,1.0,1.0,1.0,1.1600192101862852
2.0,3.0,1.0,1.0,1.0,2.0,1.2169023268104715
2.0,3.0,1.0,1.0,1.0,3.0,1.3659250528041291
2.0,3.0,1.0,1.0,2.0,1.0,1.2102248713077612
2.0,3.0,1.0,1.0,2.0,2.0,1.3751995239356274
2.0,3.0,1.0,1.0,2.0,3.0,1.3751995298574153
2.0,3.0,1.0,1.0,3.0,1.0,1.247614764869793
2.0,3.0,1.0,1.0,3.0,2.0,1.5533105786964552
2.0,3.0,1.0,1.0,3.0,3.0,1.6729344837814295
2.0,3.0,1.0,1.0,4.0,1.0,1.2476147563819653
2.0,3.0,1.0,1.0,4.0,5.0,2.0045307283606344
2.0,3.0,1.0,2.0,1.0,1.0,1.3132019072524537
2.0,3.0,1.0,2.0,1.0,2.0,1.4638626031368878
2.0,3.0,1.0,2.0,1.0,3.0,1.4924146485236294
2.0,3.0,1.0,2.0,2.0,1.0,1.366953526321631
2.0,3.0,1.0,2.0,2.0,2.0,1.6182770915191613
2.0,3.0,1.0,2.0,2.0,3.0,1.6182770844401153
2.0,3.0,1.0,2.0,3.0,1.0,1.492144275004186
2.0,3.0,1.0,2.0,3.0,2.0,1.6729345489781602
2.0,3.0,1.0,2.0,3.0,3.0,1.6729345184452704
2.0,3.0,1.0,2.0,4.0,1.0,1.663687571691142
2.0,3.0,1.0,2.0,4.0,3.0,1.99502927859048
2.0,3.0,1.0,2.0,5.0,2.0,1.8809512026493995
2.0,3.0,1.0,3.0,1.0,1.0,1.3669535365222596
2.0,3.0,1.0,3.0,1.0,2.0,1.463862625696406
2.0,3.0,1.0,3.0,1.0,3.0,1.6102379536013403
2.0,3.0,1.0,3.0,2.0,1.0,1.3669535350450526
2.0,3.0,1.0,3.0,2.0,2.0,1.7212694435962703
2.0,3.0,1.0,3.0,2.0,3.0,1.8228095979247387
2.0,3.0,1.0,3.0,3.0,1.0,1.5897740582823272
2.0,3.0,1.0,3.0,3.0,2.0,1.8991032781725339
2.0,3.0,1.0,3.0,3.0,3.0,2.0079456880040345
2.0,3.0,1.0,3.0,3.0,4.0,2.007945705318305
2.0,3.0,1.0,3.0,4.0,1.0,1.6666213059754125
2.0,3.0,1.0,3.0,4.0,2.0,1.944479199473422
2.0,3.0,1.0,3.0,4.0,3.0,2.0079455652675096
2.0,3.0,1.0,4.0,1.0,1.0,1.4862118970816567
2.0,3.0,1.0,4.0,1.0,2.0,1.7386265898340876
2.0,3.0,1.0,4.0,1.0,3.0,1.738626688402969
2.0,3.0,1.0,4.0,2.0,1.0,1.6764304992249213
2.0,3.0,1.0,4.0,2.0,2.0,1.8228095588257083
2.0,3.0,1.0,4.0,3.0,1.0,1.6764305001717252
2.0,3.0,1.0,4.0,3.0,2.0,1.89910325586667
2.0,3.0,1.0,4.0,3.0,3.0,2.007945682856051
2.0,3.0,1.0,4.0,3.0,4.0,2.0079457060367205
2.0,3.0,1.0,4.0,3.0,5.0,2.2644490451762276
2.0,3.0,1.0,4.0,4.0,2.0,1.9726664457893885
2.0,3.0,1.0,4.0,4.0,3.0,2.007945644445475
2.0,3.0,1.0,4.0,4.0,4.0,2.435090537781946
2.0,3.0,1.0,4.0,4.0,5.0,2.509458305592887
2.0,3.0,1.0,5.0,1.0,1.0,1.6764305095394532
2.0,3.0,1.0,5.0,1.0,2.0,1.7386266109140385
2.0,3.0,1.0,5.0,1.0,3.0,1.7386266583619197
2.0,3.0,1.0,5.0,2.0,1.0,1.676430511570803
2.0,3.0,1.0,5.0,2.0,2.0,1.8991032341891472
2.0,3.0,1.0,5.0,3.0,2.0,1.899103246760394
2.0,3.0,1.0,5.0,3.0,4.0,2.007945732438302
2.0,3.0,1.0,5.0,3.0,5.0,2.264449052280039
2.0,3.0,1.0,5.0,5.0,3.0,2.027426472195904
2.0,3.0,2.0,1.0,1.0,1.0,1.3888829901780912
2.0,3.0,2.0,1.0,1.0,2.0,1.4753954394083284
2.0,3.0,2.0,1.0,1.0,3.0,1.7671972736794928
2.0,3.0,2.0,1.0,2.0,1.0,1.388883011205867
2.0,3.0,2.0,1.0,2.0,2.0,1.6526782849935537
2.0,3.0,2.0,1.0,2.0,3.0,1.7671972634478406
2.0,3.0,2.0,1.0,3.0,1.0,1.4565881040763067
2.0,3.0,2.0,1.0,3.0,2.0,1.7576603387064604
2.0,3.0,2.0,1.0,3.0,3.0,1.816733812720526
2.0,3.0,2.0,1.0,4.0,3.0,1.816733823867734
2.0,3.0,2.0,1.0,5.0,1.0,1.456588102143802
2.0,3.0,2.0,2.0,1.0,1.0,1.6040920706040327
2.0,3.0,2.0,2.0,1.0,2.0,1.7878808457730455
2.0,3.0,2.0,2.0,1.0,3.0,1.8870887876451417
2.0,3.0,2.0,2.0,1.0,4.0,1.887088790441117
2.0,3.0,2.0,2.0,2.0,1.0,1.6040920901941031
2.0,3.0,2.0,2.0,2.0,2.0,1.8539836851686025
2.0,3.0,2.0,2.0,2.0,3.0,1.8870887969530599
2.0,3.0,2.0,2.0,2.0,4.0,2.157722867773737
2.0,3.0,2.0,2.0,3.0,1.0,1.7697216496298755
2.0,3.0,2.0,2.0,3.0,2.0,1.997003804181476
2.0,3.0,2.0,2.0,3.0,3.0,2.0438632035210844
2.0,3.0,2.0,2.0,3.0,4.0,2.157722887554724
2.0,3.0,2.0,2.0,4.0,2.0,2.1328669462648553
2.0,3.0,2.0,2.0,4.0,3.0,2.132866959572888
2.0,3.0,2.0,2.0,5.0,1.0,1.9537880799068637
2.0,3.0,2.0,2.0,5.0,2.0,2.132866943921527
2.0,3.0,2.0,2.0,5.0,3.0,2.13286694932629
2.0,3.0,2.0,3.0,1.0,1.0,1.6040920712895816
2.0,3.0,2.0,3.0,1.0,2.0,1.9183233591810622
2.0,3.0,2.0,3.0,1.0,3.0,1.918323395762463
2.0,3.0,2.0,3.0,1.0,4.0,1.9958146744660954
2.0,3.0,2.0,3.0,2.0,1.0,1.6040920734241737
2.0,3.0,2.0,3.0,2.0,2.0,1.9929624950269227
2.0,3.0,2.0,3.0,2.0,3.0,2.0419549546126845
2.0,3.0,2.0,3.0,3.0,1.0,1.941316539575931
2.0,3.0,2.0,3.0,3.0,2.0,2.0201659180765863
2.0,3.0,2.0,3.0,3.0,3.0,2.1884110886104913
2.0,3.0,2.0,3.0,3.0,4.0,2.1884111059075897
2.0,3.0,2.0,3.0,4.0,1.0,1.9563285957765975
2.0,3.0,2.0,3.0,4.0,2.0,2.2062153941629865
2.0,3.0,2.0,3.0,4.0,3.0,2.2854703026073557
2.0,3.0,2.0,3.0,4.0,4.0,2.285470307442323
2.0,3.0,2.0,3.0,5.0,2.0,2.20621539247416
2.0,3.0,2.0,4.0,1.0,1.0,1.8778752211039573
2.0,3.0,2.0,4.0,1.0,2.0,1.918323377183774
2.0,3.0,2.0,4.0,1.0,3.0,1.918323404555467
2.0,3.0,2.0,4.0,1.0,4.0,2.01721888667426
2.0,3.0,2.0,4.0,2.0,1.0,1.9473158151411638
2.0,3.0,2.0,4.0,2.0,2.0,1.9929624778270427
2.0,3.0,2.0,4.0,2.0,4.0,2.366472811777361
2.0,3.0,2.0,4.0,3.0,1.0,1.9764855087541997
2.0,3.0,2.0,4.0,3.0,2.0,2.1521846407906207
2.0,3.0,2.0,4.0,3.0,3.0,2.1884110949099296
2.0,3.0,2.0,4.0,3.0,4.0,2.36647282252861
2.0,3.0,2.0,4.0,4.0,1.0,2.2227023826226096
2.0,3.0,2.0,4.0,4.0,2.0,2.2937525597357746
2.0,3.0,2.0,4.0,4.0,3.0,2.3321529228616003
2.0,3.0,2.0,4.0,4.0,4.0,2.435089374133344
2.0,3.0,2.0,4.0,5.0,2.0,2.293752557912435
2.0,3.0,2.0,4.0,5.0,4.0,2.75510959491143
2.0,3.0,2.0,5.0,1.0,2.0,1.9183233721499422
2.0,3.0,2.0,5.0,1.0,3.0,2.005113749177373
2.0,3.0,2.0,5.0,1.0,4.0,2.0172188984316985
2.0,3.0,2.0,5.0,2.0,1.0,1.947315832178563
2.0,3.0,2.0,5.0,2.0,2.0,2.000120769367772
2.0,3.0,2.0,5.0,2.0,3.0,2.0419549450076504
2.0,3.0,2.0,5.0,2.0,4.0,2.3664728168477907
2.0,3.0,2.0,5.0,3.0,3.0,2.188411088429605
2.0,3.0,2.0,5.0,3.0,4.0,2.366472820897152
2.0,3.0,2.0,5.0,4.0,2.0,2.293752562290455
2.0,3.0,2.0,5.0,4.0,3.0,2.435086762395283
2.0,3.0,2.0,5.0,4.0,4.0,2.4350880954053578
2.0,3.0,2.0,5.0,5.0,2.0,2.72079541878185
2.0,3.0,2.0,5.0,5.0,3.0,2.7652997295777877
2.0,3.0,2.0,5.0,5.0,4.0,2.7652997463930378
2.0,3.0,2.0,5.0,5.0,5.0,2.765299767923579
2.0,3.0,3.0,1.0,1.0,1.0,1.3888829961373914
2.0,3.0,3.0,1.0,1.0,2.0,1.4753954324264755
2.0,3.0,3.0,1.0,2.0,1.0,1.3888830140853279
2.0,3.0,3.0,1.0,2.0,2.0,1.6526783176894035
2.0,3.0,3.0,1.0,2.0,3.0,2.0115422085898476
2.0,3.0,3.0,1.0,3.0,1.0,1.4565881049774763
2.0,3.0,3.0,1.0,3.0,2.0,1.7576603173780248
2.0,3.0,3.0,1.0,3.0,3.0,2.0115422545022277
2.0,3.0,3.0,1.0,3.0,4.0,2.0228901704520155
2.0,3.0,3.0,1.0,4.0,1.0,1.4565880975324872
2.0,3.0,3.0,1.0,4.0,2.0,1.757660310934524
2.0,3.0,3.0,1.0,4.0,3.0,2.01154228654125
2.0,3.0,3.0,1.0,5.0,3.0,2.011542294152317
2.0,3.0,3.0,2.0,1.0,1.0,1.6070783459868305
2.0,3.0,3.0,2.0,1.0,2.0,1.9231789942702728
2.0,3.0,3.0,2.0,1.0,3.0,2.2057210225319706
2.0,3.0,3.0,2.0,1.0,4.0,2.3279511789664804
2.0,3.0,3.0,2.0,2.0,1.0,1.6070783636746362
2.0,3.0,3.0,2.0,2.0,2.0,2.0520415107314505
2.0,3.0,3.0,2.0,2.0,3.0,2.315143805161144
2.0,3.0,3.0,2.0,3.0,1.0,1.8245405313070087
2.0,3.0,3.0,2.0,3.0,2.0,2.1059668684847344
2.0,3.0,3.0,2.0,3.0,3.0,2.3151438198530587
2.0,3.0,3.0,2.0,3.0,4.0,2.3279511783669737
2.0,3.0,3.0,2.0,4.0,2.0,2.1328669447457145
2.0,3.0,3.0,2.0,4.0,3.0,2.43507712557801
2.0,3.0,3.0,2.0,4.0,4.0,2.449736727651719
2.0,3.0,3.0,2.0,5.0,4.0,2.4497367346119545
2.0,3.0,3.0,3.0,1.0,1.0,1.6070783372837267
2.0,3.0,3.0,3.0,1.0,2.0,1.9231790046222286
2.0,3.0,3.0,3.0,1.0,3.0,2.205721025341968
2.0,3.0,3.0,3.0,2.0,1.0,1.9413165258944394
2.0,3.0,3.0,3.0,2.0,2.0,2.2132336035856874
2.0,3.0,3.0,3.0,2.0,3.0,2.4736309516661303
2.0,3.0,3.0,3.0,2.0,4.0,2.635016892643646
2.0,3.0,3.0,3.0,3.0,1.0,1.9413165438018845
2.0,3.0,3.0,3.0,3.0,2.0,2.213233604629367
2.0,3.0,3.0,3.0,3.0,3.0,2.473630968431424
2.0,3.0,3.0,3.0,3.0,4.0,2.6350169095896705
2.0,3.0,3.0,3.0,3.0,5.0,2.8802937937327364
2.0,3.0,3.0,3.0,4.0,2.0,2.21323357972017
2.0,3.0,3.0,3.0,4.0,3.0,2.641288798027316
2.0,3.0,3.0,3.0,4.0,4.0,2.7929214009635515
2.0,3.0,3.0,3.0,5.0,2.0,2.2132335869915956
2.0,3.0,3.0,3.0,5.0,3.0,2.6412888074142513
2.0,3.0,3.0,3.0,5.0,4.0,2.8802938005213163
2.0,3.0,3.0,3.0,5.0,5.0,3.207861750595535
2.0,3.0,3.0,4.0,1.0,1.0,1.877875222042458
2.0,3.0,3.0,4.0,1.0,2.0,1.998869718694158
2.0,3.0,3.0,4.0,1.0,3.0,2.20572106384295
2.0,3.0,3.0,4.0,1.0,4.0,2.3279511973538587
2.0,3.0,3.0,4.0,2.0,2.0,2.213233574079966
2.0,3.0,3.0,4.0,2.0,3.0,2.641288798189796
2.0,3.0,3.0,4.0,2.0,4.0,2.6496934551670037
2.0,3.0,3.0,4.0,3.0,2.0,2.6351617186758363
2.0,3.0,3.0,4.0,3.0,3.0,2.641288804006531
2.0,3.0,3.0,4.0,3.0,4.0,2.8077774128542767
2.0,3.0,3.0,4.0,3.0,5.0,3.199671860348901
2.0,3.0,3.0,4.0,4.0,3.0,2.6412888090883544
2.0,3.0,3.0,4.0,4.0,4.0,2.9101828804883647
2.0,3.0,3.0,4.0,5.0,3.0,2.921827106875288
2.0,3.0,3.0,4.0,5.0,4.0,2.9919952056931125
2.0,3.0,3.0,4.0,5.0,5.0,3.2078617638611813
2.0,3.0,3.0,5.0,1.0,1.0,2.117127649820481
2.0,3.0,3.0,5.0,1.0,3.0,2.474522250431271
2.0,3.0,3.0,5.0,1.0,5.0,2.8201357683707426
2.0,3.0,3.0,5.0,2.0,4.0,2.64969346033253
2.0,3.0,3.0,5.0,2.0,5.0,2.820135771289954
2.0,3.0,3.0,5.0,3.0,3.0,2.6412888108532746
2.0,3.0,3.0,5.0,3.0,4.0,2.8077774031200518
2.0,3.0,3.0,5.0,3.0,5.0,3.1996718686607095
2.0,3.0,3.0,5.0,4.0,2.0,2.6351617213334313
2.0,3.0,3.0,5.0,4.0,3.0,2.910182880298985
2.0,3.0,3.0,5.0,4.0,4.0,2.9101828873090785
2.0,3.0,3.0,5.0,4.0,5.0,3.199671873453405
2.0,3.0,3.0,5.0,5.0,3.0,2.921827117246678
2.0,3.0,3.0,5.0,5.0,4.0,3.2078617585295555
2.0,3.0,3.0,5.0,5.0,5.0,3.2078617823600952
2.0,3.0,4.0,1.0,1.0,1.0,1.388882981253243
2.0,3.0,4.0,1.0,1.0,3.0,2.0019477724138985
2.0,3.0,4.0,1.0,3.0,1.0,1.5843080129767388
2.0,3.0,4.0,1.0,4.0,1.0,1.584308020963282
2.0,3.0,4.0,1.0,4.0,3.0,2.0115422907045626
2.0,3.0,4.0,2.0,1.0,2.0,2.0536694641878848
2.0,3.0,4.0,2.0,2.0,2.0,2.05366947366798
2.0,3.0,4.0,2.0,3.0,1.0,2.0038105864048954
2.0,3.0,4.0,2.0,3.0,2.0,2.290653316511956
2.0,3.0,4.0,2.0,3.0,3.0,2.315143825457571
2.0,3.0,4.0,2.0,4.0,2.0,2.2906533223750665
2.0,3.0,4.0,2.0,4.0,3.0,2.4350770982206726
2.0,3.0,4.0,2.0,4.0,4.0,2.5276633283181345
2.0,3.0,4.0,3.0,1.0,1.0,1.607078327853038
2.0,3.0,4.0,3.0,1.0,2.0,2.1782941263340736
2.0,3.0,4.0,3.0,1.0,3.0,2.205721012922455
2.0,3.0,4.0,3.0,2.0,1.0,2.0065379461782054
2.0,3.0,4.0,3.0,2.0,4.0,2.6350168875858717
2.0,3.0,4.0,3.0,3.0,2.0,2.2906533201423516
2.0,3.0,4.0,3.0,3.0,3.0,2.6412887777056553
2.0,3.0,4.0,3.0,3.0,4.0,2.9567025456986973
2.0,3.0,4.0,3.0,4.0,3.0,2.6412887848627626
2.0,3.0,4.0,3.0,4.0,4.0,2.993254215972858
2.0,3.0,4.0,3.0,5.0,3.0,2.9691872623667694
2.0,3.0,4.0,4.0,1.0,3.0,2.641288765348345
2.0,3.0,4.0,4.0,2.0,2.0,2.2132335545200132
2.0,3.0,4.0,4.0,2.0,4.0,2.6496934484073424
2.0,3.0,4.0,4.0,3.0,3.0,2.641288783281095
2.0,3.0,4.0,4.0,3.0,4.0,3.0906556129343667
2.0,3.0,4.0,4.0,3.0,5.0,3.300035320979048
2.0,3.0,4.0,4.0,4.0,3.0,2.7207954504353897
2.0,3.0,4.0,4.0,4.0,4.0,3.0906556174783013
2.0,3.0,4.0,4.0,4.0,5.0,3.30003532317178
2.0,3.0,4.0,4.0,5.0,4.0,3.0906556199940245
2.0,3.0,4.0,5.0,2.0,4.0,2.64969347242993
2.0,3.0,4.0,5.0,3.0,3.0,2.9742682968060143
2.0,3.0,4.0,5.0,4.0,3.0,2.9999150289488226
2.0,3.0,4.0,5.0,4.0,4.0,3.189304983252598
2.0,3.0,4.0,5.0,4.0,5.0,3.300035326968618
2.0,3.0,4.0,5.0,5.0,2.0,2.7207954259423093
2.0,3.0,4.0,5.0,5.0,4.0,3.291575871578059
2.0,3.0,4.0,5.0,5.0,5.0,3.300035329864323
2.0,3.0,5.0,2.0,2.0,2.0,2.067630408791467
2.0,3.0,5.0,3.0,5.0,3.0,3.1568992630455925
2.0,3.0,5.0,4.0,2.0,2.0,2.2132335445578284
2.0,3.0,5.0,4.0,3.0,3.0,2.6412887846906132
2.0,3.0,5.0,4.0,4.0,3.0,3.022385943533197
2.0,3.0,5.0,5.0,5.0,5.0,3.7225641038785717
2.0,4.0,1.0,1.0,1.0,1.0,1.160158803154101
2.0,4.0,1.0,1.0,1.0,2.0,1.2415853813276339
2.0,4.0,1.0,1.0,1.0,3.0,1.553310553294369
2.0,4.0,1.0,1.0,2.0,1.0,1.30788446324117
2.0,4.0,1.0,1.0,2.0,2.0,1.553310573777314
2.0,4.0,1.0,1.0,2.0,3.0,1.553310561726977
2.0,4.0,1.0,1.0,3.0,1.0,1.307884477710593
2.0,4.0,1.0,1.0,3.0,2.0,1.5533105931622877
2.0,4.0,1.0,1.0,3.0,3.0,1.7536116419133083
2.0,4.0,1.0,1.0,4.0,1.0,1.5533105597808672
2.0,4.0,1.0,1.0,4.0,2.0,1.7280868775520293
2.0,4.0,1.0,2.0,1.0,1.0,1.3132019052150468
2.0,4.0,1.0,2.0,1.0,2.0,1.463862602632237
2.0,4.0,1.0,2.0,1.0,3.0,1.6981725379375798
2.0,4.0,1.0,2.0,2.0,1.0,1.4947113678817792
2.0,4.0,1.0,2.0,2.0,2.0,1.6182771049147089
2.0,4.0,1.0,2.0,2.0,3.0,1.698172562960569
2.0,4.0,1.0,2.0,3.0,1.0,1.6666213402491439
2.0,4.0,1.0,2.0,3.0,2.0,1.8809512396613002
2.0,4.0,1.0,2.0,3.0,3.0,1.8809512449968988
2.0,4.0,1.0,2.0,4.0,1.0,1.6666213319300627
2.0,4.0,1.0,2.0,4.0,2.0,1.8809512116168294
2.0,4.0,1.0,2.0,5.0,2.0,1.8809512125892882
2.0,4.0,1.0,2.0,5.0,4.0,2.279912045755527
2.0,4.0,1.0,3.0,1.0,1.0,1.4316293332647703
2.0,4.0,1.0,3.0,1.0,2.0,1.4638626179332002
2.0,4.0,1.0,3.0,1.0,3.0,1.6981725322147547
2.0,4.0,1.0,3.0,1.0,4.0,1.6981725342367284
2.0,4.0,1.0,3.0,2.0,1.0,1.5875487026874138
2.0,4.0,1.0,3.0,2.0,2.0,1.8228095928313617
2.0,4.0,1.0,3.0,2.0,3.0,1.8228095939330071
2.0,4.0,1.0,3.0,3.0,1.0,1.6666213378589616
2.0,4.0,1.0,3.0,3.0,2.0,1.8991032979533802
2.0,4.0,1.0,3.0,3.0,3.0,2.0079457188837844
2.0,4.0,1.0,3.0,3.0,4.0,2.0079457147016173
2.0,4.0,1.0,3.0,4.0,1.0,1.6666213252334803
2.0,4.0,1.0,3.0,4.0,2.0,1.960705748314691
2.0,4.0,1.0,3.0,4.0,3.0,2.0079456785742638
2.0,4.0,1.0,3.0,4.0,4.0,2.260984380780634
2.0,4.0,1.0,3.0,5.0,5.0,2.617496234470789
2.0,4.0,1.0,4.0,1.0,1.0,1.676430514698303
2.0,4.0,1.0,4.0,1.0,2.0,1.7386265892152213
2.0,4.0,1.0,4.0,1.0,3.0,1.7386267409645624
2.0,4.0,1.0,4.0,1.0,4.0,1.7386267510873725
2.0,4.0,1.0,4.0,2.0,1.0,1.6764305137779623
2.0,4.0,1.0,4.0,2.0,2.0,1.8228095752026316
2.0,4.0,1.0,4.0,2.0,3.0,1.8228095862232607
2.0,4.0,1.0,4.0,2.0,4.0,2.007972011571668
2.0,4.0,1.0,4.0,3.0,1.0,1.6764305129083328
2.0,4.0,1.0,4.0,3.0,2.0,2.0079456963252262
2.0,4.0,1.0,4.0,3.0,3.0,2.00794570202766
2.0,4.0,1.0,4.0,3.0,4.0,2.0079720163762014
2.0,4.0,1.0,4.0,4.0,1.0,1.676430521098763
2.0,4.0,1.0,4.0,4.0,2.0,2.0079456974909413
2.0,4.0,1.0,4.0,4.0,3.0,2.007945689939643
2.0,4.0,1.0,4.0,4.0,4.0,2.435091100425705
2.0,4.0,1.0,4.0,5.0,1.0,1.932900061973378
2.0,4.0,1.0,4.0,5.0,3.0,2.053348497265033
2.0,4.0,1.0,5.0,1.0,2.0,1.9183233559706947
2.0,4.0,1.0,5.0,1.0,3.0,1.9789488148239116
2.0,4.0,1.0,5.0,2.0,2.0,2.0079456827561293
2.0,4.0,1.0,5.0,2.0,3.0,2.0079456941251705
2.0,4.0,1.0,5.0,3.0,3.0,2.007945705873696
2.0,4.0,1.0,5.0,3.0,4.0,2.2853502237982863
2.0,4.0,1.0,5.0,4.0,2.0,2.0170802633570846
2.0,4.0,1.0,5.0,4.0,3.0,2.0558890219087274
2.0,4.0,1.0,5.0,4.0,5.0,2.617496245910432
2.0,4.0,1.0,5.0,5.0,3.0,2.0815357548543907
2.0,4.0,1.0,5.0,5.0,5.0,2.6174962458900275
2.0,4.0,2.0,1.0,1.0,1.0,1.399493835870845
2.0,4.0,2.0,1.0,1.0,2.0,1.6526782825319353
2.0,4.0,2.0,1.0,1.0,3.0,1.767197279647088
2.0,4.0,2.0,1.0,2.0,1.0,1.412188634944533
2.0,4.0,2.0,1.0,2.0,2.0,1.6526782894402476
2.0,4.0,2.0,1.0,2.0,3.0,1.8167338270900824
2.0,4.0,2.0,1.0,3.0,1.0,1.502325533200466
2.0,4.0,2.0,1.0,3.0,2.0,1.8167338566338187
2.0,4.0,2.0,1.0,3.0,3.0,1.816733838057563
2.0,4.0,2.0,1.0,4.0,1.0,1.553310549848146
2.0,4.0,2.0,1.0,4.0,3.0,1.816733834136279
2.0,4.0,2.0,2.0,1.0,1.0,1.6040921096335357
2.0,4.0,2.0,2.0,1.0,2.0,1.7878808665125716
2.0,4.0,2.0,2.0,1.0,3.0,1.8870888101592147
2.0,4.0,2.0,2.0,2.0,1.0,1.604092116749332
2.0,4.0,2.0,2.0,2.0,2.0,1.8539836898126885
2.0,4.0,2.0,2.0,2.0,3.0,2.1161640848582524
2.0,4.0,2.0,2.0,3.0,1.0,1.769721656266294
2.0,4.0,2.0,2.0,3.0,2.0,2.053599657890635
2.0,4.0,2.0,2.0,3.0,3.0,2.1161641085114127
2.0,4.0,2.0,2.0,3.0,4.0,2.1577229032811505
2.0,4.0,2.0,2.0,4.0,2.0,2.1970684008780434
2.0,4.0,2.0,2.0,4.0,3.0,2.1970684108263057
2.0,4.0,2.0,2.0,4.0,4.0,2.1970684213823723
2.0,4.0,2.0,2.0,5.0,3.0,2.43508155446477
2.0,4.0,2.0,3.0,1.0,1.0,1.6081732298143276
2.0,4.0,2.0,3.0,1.0,2.0,1.918323359669296
2.0,4.0,2.0,3.0,1.0,3.0,2.2564577205011855
2.0,4.0,2.0,3.0,1.0,4.0,2.2564577310436555
2.0,4.0,2.0,3.0,2.0,1.0,1.6618824216183714
2.0,4.0,2.0,3.0,2.0,2.0,1.9971340586803383
2.0,4.0,2.0,3.0,2.0,3.0,2.256457760840116
2.0,4.0,2.0,3.0,2.0,4.0,2.3885166880409066
2.0,4.0,2.0,3.0,3.0,1.0,1.9413165603314815
2.0,4.0,2.0,3.0,3.0,2.0,2.0535996688538347
2.0,4.0,2.0,3.0,3.0,3.0,2.2564578220899434
2.0,4.0,2.0,3.0,3.0,4.0,2.4082542524453037
2.0,4.0,2.0,3.0,4.0,1.0,2.060840314877929
2.0,4.0,2.0,3.0,4.0,2.0,2.2062154163975682
2.0,4.0,2.0,3.0,4.0,3.0,2.4082542576484904
2.0,4.0,2.0,3.0,4.0,4.0,2.4082542614409577
2.0,4.0,2.0,3.0,5.0,4.0,2.7551095818377047
2.0,4.0,2.0,3.0,5.0,5.0,2.9404193083883055
2.0,4.0,2.0,4.0,1.0,1.0,1.8778752243608492
2.0,4.0,2.0,4.0,1.0,2.0,1.9183233694348287
2.0,4.0,2.0,4.0,1.0,3.0,2.2564577291743317
2.0,4.0,2.0,4.0,1.0,4.0,2.25645772804608
2.0,4.0,2.0,4.0,2.0,2.0,2.152184649461434
2.0,4.0,2.0,4.0,2.0,3.0,2.2564577473403147
2.0,4.0,2.0,4.0,2.0,4.0,2.388516699327734
2.0,4.0,2.0,4.0,3.0,1.0,1.976485505986731
2.0,4.0,2.0,4.0,3.0,2.0,2.1521846548308785
2.0,4.0,2.0,4.0,3.0,3.0,2.408254243262595
2.0,4.0,2.0,4.0,3.0,4.0,2.4082542634711275
2.0,4.0,2.0,4.0,4.0,1.0,2.2227024143418164
2.0,4.0,2.0,4.0,4.0,2.0,2.29375256766453
2.0,4.0,2.0,4.0,4.0,3.0,2.4350841179979095
2.0,4.0,2.0,4.0,4.0,4.0,2.5334909058091046
2.0,4.0,2.0,4.0,4.0,5.0,2.769019693714326
2.0,4.0,2.0,4.0,5.0,3.0,2.435082834308531
2.0,4.0,2.0,4.0,5.0,4.0,2.7551096022981314
2.0,4.0,2.0,5.0,1.0,2.0,1.9183233673114894
2.0,4.0,2.0,5.0,1.0,5.0,2.2564577416151033
2.0,4.0,2.0,5.0,2.0,3.0,2.360124358424668
2.0,4.0,2.0,5.0,2.0,4.0,2.388516706021166
2.0,4.0,2.0,5.0,3.0,3.0,2.435085432770464
2.0,4.0,2.0,5.0,3.0,4.0,2.435085438300405
2.0,4.0,2.0,5.0,4.0,2.0,2.293752571121131
2.0,4.0,2.0,5.0,4.0,3.0,2.4350854392908112
2.0,4.0,2.0,5.0,4.0,4.0,2.5334909143394118
2.0,4.0,2.0,5.0,4.0,5.0,2.7690197054314565
2.0,4.0,2.0,5.0,5.0,1.0,2.222702433278575
2.0,4.0,2.0,5.0,5.0,3.0,2.7652997407573223
2.0,4.0,2.0,5.0,5.0,4.0,2.7652997882606547
2.0,4.0,2.0,5.0,5.0,5.0,2.940419305915485
2.0,4.0,3.0,1.0,1.0,1.0,1.399493824918341
2.0,4.0,3.0,1.0,1.0,2.0,1.8657628898149388
2.0,4.0,3.0,1.0,2.0,1.0,1.4121886379572972
2.0,4.0,3.0,1.0,2.0,2.0,1.8657628993033841
2.0,4.0,3.0,1.0,2.0,3.0,2.190152218711085
2.0,4.0,3.0,1.0,3.0,1.0,1.5023255370403767
2.0,4.0,3.0,1.0,3.0,2.0,1.8657629072659057
2.0,4.0,3.0,1.0,3.0,3.0,2.190152220015182
2.0,4.0,3.0,1.0,4.0,1.0,1.9668388149724325
2.0,4.0,3.0,1.0,4.0,2.0,2.0056475752525382
2.0,4.0,3.0,1.0,4.0,3.0,2.190152207274395
2.0,4.0,3.0,1.0,5.0,3.0,2.1901522126801627
2.0,4.0,3.0,2.0,1.0,1.0,1.6070783424437187
2.0,4.0,3.0,2.0,1.0,2.0,2.053669491383396
2.0,4.0,3.0,2.0,1.0,3.0,2.304499500881167
2.0,4.0,3.0,2.0,2.0,1.0,1.607078349892843
2.0,4.0,3.0,2.0,2.0,2.0,2.0536695024631193
2.0,4.0,3.0,2.0,2.0,3.0,2.4160199359263483
2.0,4.0,3.0,2.0,2.0,4.0,2.4160199350472826
2.0,4.0,3.0,2.0,3.0,1.0,1.9910592184053557
2.0,4.0,3.0,2.0,3.0,2.0,2.105966901095264
2.0,4.0,3.0,2.0,3.0,3.0,2.435077061866847
2.0,4.0,3.0,2.0,3.0,4.0,2.4350770041571828
2.0,4.0,3.0,2.0,4.0,1.0,1.9950260575037755
2.0,4.0,3.0,2.0,4.0,2.0,2.2906533380564484
2.0,4.0,3.0,2.0,4.0,3.0,2.4350772654310555
2.0,4.0,3.0,2.0,4.0,4.0,2.4497367389476703
2.0,4.0,3.0,2.0,5.0,4.0,2.4497367396157523
2.0,4.0,3.0,3.0,1.0,1.0,1.6705574285734028
2.0,4.0,3.0,3.0,1.0,2.0,2.081989705872169
2.0,4.0,3.0,3.0,1.0,3.0,2.304499509049774
2.0,4.0,3.0,3.0,1.0,4.0,2.474522239700731
2.0,4.0,3.0,3.0,2.0,2.0,2.213233660301953
2.0,4.0,3.0,3.0,2.0,3.0,2.474672508604263
2.0,4.0,3.0,3.0,2.0,4.0,2.6350168955251267
2.0,4.0,3.0,3.0,3.0,1.0,1.9975665868637997
2.0,4.0,3.0,3.0,3.0,2.0,2.2132337121971544
2.0,4.0,3.0,3.0,3.0,3.0,2.6491079851459927
2.0,4.0,3.0,3.0,3.0,4.0,2.6491079965107183
2.0,4.0,3.0,3.0,3.0,5.0,2.880293800086079
2.0,4.0,3.0,3.0,4.0,2.0,2.4901195525964046
2.0,4.0,3.0,3.0,4.0,3.0,2.6491079918955394
2.0,4.0,3.0,3.0,4.0,4.0,2.8802938046461364
2.0,4.0,3.0,3.0,4.0,5.0,2.880293809169534
2.0,4.0,3.0,3.0,5.0,3.0,2.649108006529416
2.0,4.0,3.0,3.0,5.0,4.0,2.880293806977984
2.0,4.0,3.0,4.0,1.0,1.0,1.877875229298326
2.0,4.0,3.0,4.0,1.0,2.0,2.143367805728714
2.0,4.0,3.0,4.0,1.0,3.0,2.3044995336048903
2.0,4.0,3.0,4.0,1.0,4.0,2.474522245947432
2.0,4.0,3.0,4.0,2.0,1.0,2.000107105830832
2.0,4.0,3.0,4.0,2.0,2.0,2.4833728838902838
2.0,4.0,3.0,4.0,2.0,3.0,2.6412888079889703
2.0,4.0,3.0,4.0,2.0,4.0,2.7734136332653274
2.0,4.0,3.0,4.0,2.0,5.0,2.9860963086364567
2.0,4.0,3.0,4.0,3.0,1.0,2.4520997719402815
2.0,4.0,3.0,4.0,3.0,2.0,2.6351617217210985
2.0,4.0,3.0,4.0,3.0,3.0,2.745817169976936
2.0,4.0,3.0,4.0,3.0,4.0,2.807777429813041
2.0,4.0,3.0,4.0,3.0,5.0,3.1996718654801666
2.0,4.0,3.0,4.0,4.0,1.0,2.480868685467558
2.0,4.0,3.0,4.0,4.0,2.0,2.635161744090253
2.0,4.0,3.0,4.0,4.0,3.0,2.745817174769072
2.0,4.0,3.0,4.0,4.0,4.0,2.9101828946690396
2.0,4.0,3.0,4.0,4.0,5.0,3.2550001764960728
2.0,4.0,3.0,4.0,5.0,3.0,2.9218271188000595
2.0,4.0,3.0,4.0,5.0,4.0,3.257888980113109
2.0,4.0,3.0,4.0,5.0,5.0,3.257888991173641
2.0,4.0,3.0,5.0,1.0,1.0,2.117127663590411
2.0,4.0,3.0,5.0,1.0,2.0,2.1433678100376516
2.0,4.0,3.0,5.0,1.0,3.0,2.4745222575552606
2.0,4.0,3.0,5.0,1.0,4.0,2.474522263608946
2.0,4.0,3.0,5.0,1.0,5.0,2.8201357851508058
2.0,4.0,3.0,5.0,2.0,2.0,2.635161725024456
2.0,4.0,3.0,5.0,2.0,3.0,2.641288814433474
2.0,4.0,3.0,5.0,2.0,4.0,2.9895279684498974
2.0,4.0,3.0,5.0,2.0,5.0,2.9918074667577286
2.0,4.0,3.0,5.0,3.0,3.0,2.7458172074934657
2.0,4.0,3.0,5.0,3.0,4.0,2.989527968185815
2.0,4.0,3.0,5.0,3.0,5.0,3.2411013876686816
2.0,4.0,3.0,5.0,4.0,2.0,2.6351617356192727
2.0,4.0,3.0,5.0,4.0,3.0,2.9868083950633157
2.0,4.0,3.0,5.0,4.0,4.0,3.151490541589696
2.0,4.0,3.0,5.0,4.0,5.0,3.25500018177867
2.0,4.0,3.0,5.0,5.0,3.0,3.167060000918405
2.0,4.0,3.0,5.0,5.0,4.0,3.257888981264847
2.0,4.0,3.0,5.0,5.0,5.0,3.300035314952291
2.0,4.0,4.0,1.0,1.0,1.0,1.3994938180997805
2.0,4.0,4.0,1.0,1.0,2.0,2.005012255354235
2.0,4.0,4.0,1.0,3.0,2.0,2.0050122715043965
2.0,4.0,4.0,1.0,4.0,2.0,2.05630573046929
2.0,4.0,4.0,1.0,4.0,3.0,2.1901522100829487
2.0,4.0,4.0,1.0,4.0,4.0,2.1901522235794006
2.0,4.0,4.0,1.0,4.0,5.0,2.190152224874003
2.0,4.0,4.0,2.0,1.0,2.0,2.0536694804120446
2.0,4.0,4.0,2.0,2.0,1.0,1.9943907603695266
2.0,4.0,4.0,2.0,2.0,2.0,2.053669493781762
2.0,4.0,4.0,2.0,3.0,2.0,2.290653334989919
2.0,4.0,4.0,2.0,3.0,3.0,2.560457298921506
2.0,4.0,4.0,2.0,4.0,1.0,2.0456842232697974
2.0,4.0,4.0,2.0,4.0,2.0,2.290653334542684
2.0,4.0,4.0,2.0,4.0,3.0,2.7328215184709435
2.0,4.0,4.0,2.0,4.0,4.0,2.9948628287247887
2.0,4.0,4.0,2.0,5.0,4.0,2.9978074792302336
2.0,4.0,4.0,3.0,1.0,2.0,2.178294136574705
2.0,4.0,4.0,3.0,1.0,3.0,2.488214106283785
2.0,4.0,4.0,3.0,2.0,1.0,2.0065379737055657
2.0,4.0,4.0,3.0,2.0,2.0,2.4809353440846147
2.0,4.0,4.0,3.0,2.0,3.0,2.5012656231998185
2.0,4.0,4.0,3.0,2.0,4.0,2.6350168947001564
2.0,4.0,4.0,3.0,3.0,2.0,2.649107959984407
2.0,4.0,4.0,3.0,3.0,3.0,2.649107981144456
2.0,4.0,4.0,3.0,3.0,4.0,2.989653995935314
2.0,4.0,4.0,3.0,4.0,2.0,2.6491079600046237
2.0,4.0,4.0,3.0,4.0,3.0,2.73282153589524
2.0,4.0,4.0,3.0,4.0,4.0,2.9948628461240494
2.0,4.0,4.0,3.0,4.0,5.0,3.300035342835039
2.0,4.0,4.0,3.0,5.0,3.0,2.985413812346142
2.0,4.0,4.0,4.0,1.0,2.0,2.178294136837615
2.0,4.0,4.0,4.0,1.0,3.0,2.641288763604404
2.0,4.0,4.0,4.0,1.0,4.0,2.820135772877916
2.0,4.0,4.0,4.0,2.0,3.0,2.9788936816581373
2.0,4.0,4.0,4.0,2.0,4.0,2.9864343964160156
2.0,4.0,4.0,4.0,3.0,2.0,2.8463926200757546
2.0,4.0,4.0,4.0,3.0,3.0,3.0806926725532042
2.0,4.0,4.0,4.0,3.0,4.0,3.1095199636186672
2.0,4.0,4.0,4.0,4.0,1.0,2.4808686929087345
2.0,4.0,4.0,4.0,4.0,3.0,3.0806926794482945
2.0,4.0,4.0,4.0,4.0,4.0,3.1893049653223757
2.0,4.0,4.0,4.0,4.0,5.0,3.3000353424705895
2.0,4.0,4.0,4.0,5.0,3.0,3.080692688766411
2.0,4.0,4.0,4.0,5.0,5.0,3.3000353501760875
2.0,4.0,4.0,5.0,1.0,4.0,2.82013578125336
2.0,4.0,4.0,5.0,2.0,4.0,3.0036568767344534
2.0,4.0,4.0,5.0,3.0,1.0,2.9128773550244773
2.0,4.0,4.0,5.0,3.0,3.0,3.080692670608804
2.0,4.0,4.0,5.0,3.0,4.0,3.10951996939023
2.0,4.0,4.0,5.0,4.0,4.0,3.189304986971028
2.0,4.0,4.0,5.0,4.0,5.0,3.3000353382583807
2.0,4.0,4.0,5.0,5.0,4.0,3.291575904978244
2.0,4.0,4.0,5.0,5.0,5.0,3.300035335470192
2.0,4.0,5.0,2.0,1.0,2.0,2.058210946963185
2.0,4.0,5.0,2.0,2.0,3.0,2.416019932748031
2.0,4.0,5.0,2.0,3.0,4.0,2.5604573025558146
2.0,4.0,5.0,2.0,4.0,3.0,2.982238001378523
2.0,4.0,5.0,2.0,5.0,1.0,2.121989120466226
2.0,4.0,5.0,3.0,3.0,3.0,2.9976018682392795
2.0,4.0,5.0,3.0,3.0,4.0,3.100296026229928
2.0,4.0,5.0,3.0,4.0,3.0,2.9976018837292315
2.0,4.0,5.0,3.0,4.0,5.0,3.300035350536277
2.0,4.0,5.0,3.0,5.0,5.0,3.3000353606397548
2.0,4.0,5.0,4.0,3.0,4.0,3.300035320648626
2.0,4.0,5.0,4.0,4.0,3.0,3.1568992682945125
2.0,4.0,5.0,4.0,4.0,4.0,3.3000353265235334
2.0,4.0,5.0,4.0,4.0,5.0,3.3000353439274184
2.0,4.0,5.0,4.0,5.0,3.0,3.156899274170993
2.0,4.0,5.0,4.0,5.0,5.0,3.3000353650852925
2.0,4.0,5.0,5.0,1.0,5.0,2.8201357902200304
2.0,4.0,5.0,5.0,3.0,1.0,3.0175352955210486
2.0,4.0,5.0,5.0,3.0,4.0,3.300035339150816
2.0,4.0,5.0,5.0,4.0,5.0,3.300035353540335
2.0,4.0,5.0,5.0,5.0,4.0,3.4774399966986476
2.0,4.0,5.0,5.0,5.0,5.0,3.7225641175713986
2.0,5.0,1.0,1.0,1.0,1.0,1.1601981387238962
2.0,5.0,1.0,1.0,1.0,2.0,1.4638625999370363
2.0,5.0,1.0,1.0,1.0,3.0,1.5533105506722813
2.0,5.0,1.0,1.0,2.0,1.0,1.3078844841795483
2.0,5.0,1.0,1.0,2.0,2.0,1.5533105833783336
2.0,5.0,1.0,1.0,2.0,3.0,1.5533105650201575
2.0,5.0,1.0,1.0,3.0,1.0,1.5533105828087919
2.0,5.0,1.0,1.0,3.0,2.0,1.5533105972935055
2.0,5.0,1.0,1.0,3.0,3.0,1.7536116534890358
2.0,5.0,1.0,1.0,4.0,1.0,1.5533105784557473
2.0,5.0,1.0,1.0,4.0,2.0,1.7280868834875853
2.0,5.0,1.0,1.0,4.0,3.0,1.7536116734167198
2.0,5.0,1.0,1.0,5.0,4.0,1.7536116853654797
2.0,5.0,1.0,2.0,1.0,1.0,1.3132019040762408
2.0,5.0,1.0,2.0,1.0,2.0,1.4638626083837647
2.0,5.0,1.0,2.0,2.0,1.0,1.4947113649843853
2.0,5.0,1.0,2.0,2.0,2.0,1.6981726208127244
2.0,5.0,1.0,2.0,2.0,3.0,1.6981725924853872
2.0,5.0,1.0,2.0,3.0,1.0,1.6666213342185021
2.0,5.0,1.0,2.0,3.0,2.0,1.8809512381347913
2.0,5.0,1.0,2.0,3.0,3.0,1.880951244817226
2.0,5.0,1.0,2.0,4.0,3.0,1.9950293009379498
2.0,5.0,1.0,2.0,4.0,4.0,1.995029315479515
2.0,5.0,1.0,2.0,4.0,5.0,2.279912058391731
2.0,5.0,1.0,2.0,5.0,2.0,1.8809512358869624
2.0,5.0,1.0,2.0,5.0,5.0,2.2799120619296827
2.0,5.0,1.0,3.0,1.0,1.0,1.4316293300801062
2.0,5.0,1.0,3.0,1.0,2.0,1.4638626109508244
2.0,5.0,1.0,3.0,2.0,1.0,1.6478393854403546
2.0,5.0,1.0,3.0,2.0,2.0,1.9818349331653675
2.0,5.0,1.0,3.0,2.0,3.0,1.9818349429932565
2.0,5.0,1.0,3.0,3.0,1.0,1.6666213456615042
2.0,5.0,1.0,3.0,3.0,2.0,1.9818349555112775
2.0,5.0,1.0,3.0,3.0,3.0,2.007945736940572
2.0,5.0,1.0,3.0,3.0,4.0,2.007972018934125
2.0,5.0,1.0,3.0,4.0,2.0,1.9911839419018764
2.0,5.0,1.0,3.0,4.0,3.0,2.0079457263205716
2.0,5.0,1.0,3.0,4.0,4.0,2.2609843851144658
2.0,5.0,1.0,3.0,5.0,3.0,2.0079457440036763
2.0,5.0,1.0,4.0,1.0,1.0,1.6764305170470433
2.0,5.0,1.0,4.0,1.0,3.0,2.0079720070995517
2.0,5.0,1.0,4.0,1.0,4.0,2.0079720127278273
2.0,5.0,1.0,4.0,2.0,1.0,1.676430525699021
2.0,5.0,1.0,4.0,2.0,2.0,1.981834927373137
2.0,5.0,1.0,4.0,2.0,3.0,2.007972014492713
2.0,5.0,1.0,4.0,3.0,2.0,2.007945702620032
2.0,5.0,1.0,4.0,3.0,3.0,2.0079720197843027
2.0,5.0,1.0,4.0,3.0,4.0,2.0079720207406186
2.0,5.0,1.0,4.0,4.0,2.0,2.007945703439608
2.0,5.0,1.0,4.0,4.0,3.0,2.0079720502943252
2.0,5.0,1.0,4.0,4.0,4.0,2.435091365470963
2.0,5.0,1.0,4.0,4.0,5.0,2.509458316741099
2.0,5.0,1.0,4.0,5.0,2.0,2.030766292222682
2.0,5.0,1.0,4.0,5.0,3.0,2.4350914792449947
2.0,5.0,1.0,4.0,5.0,4.0,2.4350914569924664
2.0,5.0,1.0,4.0,5.0,5.0,2.651770511681289
2.0,5.0,1.0,5.0,1.0,1.0,1.6764305206037229
2.0,5.0,1.0,5.0,1.0,5.0,2.0402553642899357
2.0,5.0,1.0,5.0,2.0,1.0,1.6764305221272933
2.0,5.0,1.0,5.0,2.0,2.0,2.0079456830488436
2.0,5.0,1.0,5.0,3.0,4.0,2.2853502382105213
2.0,5.0,1.0,5.0,3.0,5.0,2.285350263289446
2.0,5.0,1.0,5.0,4.0,4.0,2.651770502813523
2.0,5.0,1.0,5.0,4.0,5.0,2.6517705076616997
2.0,5.0,1.0,5.0,5.0,3.0,2.5010514690143166
2.0,5.0,1.0,5.0,5.0,4.0,2.65177050681736
2.0,5.0,1.0,5.0,5.0,5.0,2.6517705152634505
2.0,5.0,2.0,1.0,1.0,1.0,1.3994938276030229
2.0,5.0,2.0,1.0,1.0,2.0,1.6590944783846815
2.0,5.0,2.0,1.0,2.0,1.0,1.6081731931971912
2.0,5.0,2.0,1.0,2.0,2.0,1.6590945115887303
2.0,5.0,2.0,1.0,2.0,3.0,1.9587312491616835
2.0,5.0,2.0,1.0,3.0,1.0,1.6081732026030073
2.0,5.0,2.0,1.0,3.0,2.0,1.8167338726188569
2.0,5.0,2.0,1.0,3.0,3.0,2.183095223363749
2.0,5.0,2.0,1.0,4.0,1.0,1.8167338481434743
2.0,5.0,2.0,1.0,4.0,2.0,1.8167338631029986
2.0,5.0,2.0,1.0,4.0,3.0,2.1830952204652654
2.0,5.0,2.0,1.0,4.0,4.0,2.190152217540665
2.0,5.0,2.0,2.0,1.0,1.0,1.6081731958188783
2.0,5.0,2.0,2.0,1.0,2.0,1.9544590815290683
2.0,5.0,2.0,2.0,1.0,4.0,2.2540858307611957
2.0,5.0,2.0,2.0,2.0,1.0,1.608173205569096
2.0,5.0,2.0,2.0,2.0,2.0,1.954459092584027
2.0,5.0,2.0,2.0,2.0,3.0,2.2540858264264796
2.0,5.0,2.0,2.0,3.0,1.0,1.7697216643666653
2.0,5.0,2.0,2.0,3.0,2.0,2.0535996625682387
2.0,5.0,2.0,2.0,3.0,3.0,2.254085852043748
2.0,5.0,2.0,2.0,3.0,4.0,2.25408584758581
2.0,5.0,2.0,2.0,4.0,2.0,2.2302552976806047
2.0,5.0,2.0,2.0,4.0,3.0,2.2540858525009835
2.0,5.0,2.0,2.0,4.0,4.0,2.2540858537400914
2.0,5.0,2.0,2.0,5.0,2.0,2.2302553058034684
2.0,5.0,2.0,2.0,5.0,3.0,2.435080300710744
2.0,5.0,2.0,3.0,1.0,1.0,1.6081732118926997
2.0,5.0,2.0,3.0,1.0,2.0,2.0903215740029126
2.0,5.0,2.0,3.0,1.0,3.0,2.256457722609553
2.0,5.0,2.0,3.0,2.0,1.0,1.6618824283661477
2.0,5.0,2.0,3.0,2.0,2.0,2.090321590691017
2.0,5.0,2.0,3.0,2.0,3.0,2.360124372741294
2.0,5.0,2.0,3.0,2.0,4.0,2.388516694343013
2.0,5.0,2.0,3.0,3.0,2.0,2.1233220635304435
2.0,5.0,2.0,3.0,3.0,3.0,2.478450021798202
2.0,5.0,2.0,3.0,3.0,4.0,2.4784500267414216
2.0,5.0,2.0,3.0,4.0,1.0,2.4777232419143544
2.0,5.0,2.0,3.0,4.0,2.0,2.4784500006796493
2.0,5.0,2.0,3.0,4.0,3.0,2.478450033261132
2.0,5.0,2.0,3.0,4.0,4.0,2.478450039129919
2.0,5.0,2.0,3.0,5.0,2.0,2.478450003277454
2.0,5.0,2.0,3.0,5.0,3.0,2.755109618450845
2.0,5.0,2.0,3.0,5.0,5.0,2.940419312116475
2.0,5.0,2.0,4.0,1.0,1.0,1.877875240224103
2.0,5.0,2.0,4.0,1.0,2.0,2.0903215701724682
2.0,5.0,2.0,4.0,1.0,3.0,2.2564577318566306
2.0,5.0,2.0,4.0,1.0,4.0,2.2564577379427644
2.0,5.0,2.0,4.0,1.0,5.0,2.2564577472710323
2.0,5.0,2.0,4.0,2.0,3.0,2.3601243760864348
2.0,5.0,2.0,4.0,2.0,4.0,2.64973331237286
2.0,5.0,2.0,4.0,3.0,2.0,2.4784499969331413
2.0,5.0,2.0,4.0,3.0,3.0,2.4978825472866126
2.0,5.0,2.0,4.0,3.0,4.0,2.649733324087203
2.0,5.0,2.0,4.0,3.0,5.0,2.6497333322979193
2.0,5.0,2.0,4.0,4.0,2.0,2.4784500004928383
2.0,5.0,2.0,4.0,4.0,3.0,2.497882562158224
2.0,5.0,2.0,4.0,4.0,4.0,2.7489489299225625
2.0,5.0,2.0,4.0,4.0,5.0,2.769019701609206
2.0,5.0,2.0,4.0,5.0,2.0,2.4920164351846337
2.0,5.0,2.0,4.0,5.0,3.0,2.755109620864058
2.0,5.0,2.0,4.0,5.0,4.0,2.7551096190209132
2.0,5.0,2.0,5.0,1.0,2.0,2.0903215841138225
2.0,5.0,2.0,5.0,1.0,3.0,2.2564577497395186
2.0,5.0,2.0,5.0,1.0,4.0,2.2564577443110654
2.0,5.0,2.0,5.0,1.0,5.0,2.256457753773127
2.0,5.0,2.0,5.0,2.0,2.0,2.3601243593377434
2.0,5.0,2.0,5.0,2.0,3.0,2.3601243727732957
2.0,5.0,2.0,5.0,2.0,4.0,2.649733319073907
2.0,5.0,2.0,5.0,2.0,5.0,2.649733333076608
2.0,5.0,2.0,5.0,3.0,3.0,2.6497333253879427
2.0,5.0,2.0,5.0,3.0,5.0,2.649733334214444
2.0,5.0,2.0,5.0,4.0,3.0,2.749107808951844
2.0,5.0,2.0,5.0,4.0,4.0,2.7491078178477193
2.0,5.0,2.0,5.0,4.0,5.0,2.769019710583064
2.0,5.0,2.0,5.0,5.0,2.0,2.740020036068526
2.0,5.0,2.0,5.0,5.0,3.0,2.9076961571491826
2.0,5.0,2.0,5.0,5.0,4.0,2.907696164959868
2.0,5.0,2.0,5.0,5.0,5.0,2.9404193155499834
2.0,5.0,3.0,1.0,1.0,1.0,1.479515118605731
2.0,5.0,3.0,1.0,1.0,2.0,1.9695477710065679
2.0,5.0,3.0,1.0,1.0,3.0,1.9837426794473565
2.0,5.0,3.0,1.0,2.0,1.0,1.7929404789917298
2.0,5.0,3.0,1.0,2.0,2.0,2.0536694766656063
2.0,5.0,3.0,1.0,2.0,4.0,2.1901522199249746
2.0,5.0,3.0,1.0,3.0,1.0,1.9574186331661116
2.0,5.0,3.0,1.0,3.0,2.0,2.053669475174469
2.0,5.0,3.0,1.0,3.0,3.0,2.190152217770511
2.0,5.0,3.0,1.0,3.0,4.0,2.190152221531076
2.0,5.0,3.0,1.0,4.0,2.0,2.053669467627315
2.0,5.0,3.0,1.0,4.0,3.0,2.1901522132453977
2.0,5.0,3.0,1.0,5.0,3.0,2.1901522213012603
2.0,5.0,3.0,1.0,5.0,5.0,2.190152225340993
2.0,5.0,3.0,2.0,1.0,1.0,1.6081731918964788
2.0,5.0,3.0,2.0,1.0,2.0,2.0536695031671957
2.0,5.0,3.0,2.0,1.0,3.0,2.375514211016149
2.0,5.0,3.0,2.0,2.0,1.0,1.8317291674525211
2.0,5.0,3.0,2.0,2.0,2.0,2.05366950472961
2.0,5.0,3.0,2.0,2.0,3.0,2.4160199380316034
2.0,5.0,3.0,2.0,2.0,4.0,2.926918216422395
2.0,5.0,3.0,2.0,3.0,2.0,2.1651712420707625
2.0,5.0,3.0,2.0,3.0,3.0,2.435077372312395
2.0,5.0,3.0,2.0,4.0,2.0,2.2906533360297265
2.0,5.0,3.0,2.0,4.0,3.0,2.4350778728343143
2.0,5.0,3.0,2.0,4.0,4.0,2.9645834232809585
2.0,5.0,3.0,2.0,4.0,5.0,2.9747657348616285
2.0,5.0,3.0,2.0,5.0,2.0,2.290653338413883
2.0,5.0,3.0,2.0,5.0,3.0,2.435079079861683
2.0,5.0,3.0,2.0,5.0,5.0,3.2550001677689906
2.0,5.0,3.0,3.0,1.0,2.0,2.143367823906468
2.0,5.0,3.0,3.0,1.0,3.0,2.3755142281731505
2.0,5.0,3.0,3.0,1.0,4.0,2.4745222472287685
2.0,5.0,3.0,3.0,2.0,2.0,2.213233668721546
2.0,5.0,3.0,3.0,2.0,3.0,2.474672519383926
2.0,5.0,3.0,3.0,2.0,4.0,2.926918232212421
2.0,5.0,3.0,3.0,3.0,2.0,2.6149031457086083
2.0,5.0,3.0,3.0,3.0,3.0,2.7473262007402512
2.0,5.0,3.0,3.0,3.0,4.0,2.9269182381775662
2.0,5.0,3.0,3.0,4.0,1.0,2.4777232480594864
2.0,5.0,3.0,3.0,4.0,2.0,2.753485542431829
2.0,5.0,3.0,3.0,4.0,3.0,2.753485549857561
2.0,5.0,3.0,3.0,4.0,4.0,2.9938704606715065
2.0,5.0,3.0,3.0,4.0,5.0,3.255000169170387
2.0,5.0,3.0,3.0,5.0,3.0,2.7551096208152277
2.0,5.0,3.0,3.0,5.0,4.0,3.255000160813309
2.0,5.0,3.0,3.0,5.0,5.0,3.2550001801852644
2.0,5.0,3.0,4.0,1.0,2.0,2.143367815219359
2.0,5.0,3.0,4.0,1.0,3.0,2.3755142378686873
2.0,5.0,3.0,4.0,1.0,4.0,2.474522249992565
2.0,5.0,3.0,4.0,1.0,5.0,2.8289141664507005
2.0,5.0,3.0,4.0,2.0,1.0,2.0163336615971645
2.0,5.0,3.0,4.0,2.0,2.0,2.641288800421288
2.0,5.0,3.0,4.0,2.0,3.0,2.6412888108840984
2.0,5.0,3.0,4.0,2.0,4.0,2.926918245305757
2.0,5.0,3.0,4.0,2.0,5.0,3.255000171137078
2.0,5.0,3.0,4.0,3.0,2.0,2.648694388760984
2.0,5.0,3.0,4.0,3.0,3.0,2.871330528283785
2.0,5.0,3.0,4.0,3.0,4.0,2.926918246067023
2.0,5.0,3.0,4.0,3.0,5.0,3.255000174709313
2.0,5.0,3.0,4.0,4.0,2.0,2.7534855499286732
2.0,5.0,3.0,4.0,4.0,3.0,2.885517058854085
2.0,5.0,3.0,4.0,4.0,4.0,2.9996383963925557
2.0,5.0,3.0,4.0,4.0,5.0,3.255000178513371
2.0,5.0,3.0,4.0,5.0,3.0,2.921827133676298
2.0,5.0,3.0,4.0,5.0,4.0,3.2578889952525976
2.0,5.0,3.0,4.0,5.0,5.0,3.3255239888117196
2.0,5.0,3.0,5.0,1.0,2.0,2.1433678193789247
2.0,5.0,3.0,5.0,1.0,3.0,2.4745222711619435
2.0,5.0,3.0,5.0,1.0,4.0,2.828914180426397
2.0,5.0,3.0,5.0,1.0,5.0,2.8289141834051974
2.0,5.0,3.0,5.0,2.0,3.0,2.6412888152823277
2.0,5.0,3.0,5.0,2.0,4.0,2.9895279854551045
2.0,5.0,3.0,5.0,2.0,5.0,3.2550001760830694
2.0,5.0,3.0,5.0,3.0,1.0,2.452099781995974
2.0,5.0,3.0,5.0,3.0,2.0,2.9542407146748553
2.0,5.0,3.0,5.0,3.0,3.0,2.9896206962895002
2.0,5.0,3.0,5.0,3.0,4.0,3.1593112266130112
2.0,5.0,3.0,5.0,3.0,5.0,3.2550001817437715
2.0,5.0,3.0,5.0,4.0,3.0,3.16706000369221
2.0,5.0,3.0,5.0,4.0,4.0,3.167060006153349
2.0,5.0,3.0,5.0,4.0,5.0,3.25500020472619
2.0,5.0,3.0,5.0,5.0,3.0,3.1670600114594167
2.0,5.0,3.0,5.0,5.0,4.0,3.257889000878278
2.0,5.0,3.0,5.0,5.0,5.0,3.3255239867057673
2.0,5.0,4.0,1.0,3.0,2.0,2.0536694665408586
2.0,5.0,4.0,1.0,3.0,3.0,2.190152218482381
2.0,5.0,4.0,1.0,4.0,4.0,2.1901522222625904
2.0,5.0,4.0,2.0,1.0,3.0,2.479550492256779
2.0,5.0,4.0,2.0,2.0,2.0,2.0536695028894734
2.0,5.0,4.0,2.0,2.0,3.0,2.4795505003205287
2.0,5.0,4.0,2.0,3.0,3.0,2.56045731070292
2.0,5.0,4.0,2.0,4.0,2.0,2.2906533358358883
2.0,5.0,4.0,2.0,4.0,3.0,2.8708728596907247
2.0,5.0,4.0,2.0,5.0,3.0,3.080692663993178
2.0,5.0,4.0,2.0,5.0,4.0,3.0806926668810353
2.0,5.0,4.0,2.0,5.0,5.0,3.2550001763448755
2.0,5.0,4.0,3.0,1.0,2.0,2.8356228717314935
2.0,5.0,4.0,3.0,2.0,2.0,2.835622884995346
2.0,5.0,4.0,3.0,2.0,3.0,2.846392636853978
2.0,5.0,4.0,3.0,2.0,4.0,3.100296040357034
2.0,5.0,4.0,3.0,3.0,2.0,2.846392632103382
2.0,5.0,4.0,3.0,3.0,3.0,2.846392657958374
2.0,5.0,4.0,3.0,3.0,4.0,3.1002960425384294
2.0,5.0,4.0,3.0,4.0,1.0,2.799051112225776
2.0,5.0,4.0,3.0,4.0,3.0,2.8708728660538587
2.0,5.0,4.0,3.0,4.0,4.0,3.1893049778092672
2.0,5.0,4.0,3.0,4.0,5.0,3.3000353462110374
2.0,5.0,4.0,3.0,5.0,3.0,3.0806926878088827
2.0,5.0,4.0,3.0,5.0,4.0,3.259870012211413
2.0,5.0,4.0,3.0,5.0,5.0,3.339200046773108
2.0,5.0,4.0,4.0,1.0,1.0,2.0413450889782987
2.0,5.0,4.0,4.0,2.0,3.0,2.97889368217591
2.0,5.0,4.0,4.0,2.0,4.0,3.1002960533302755
2.0,5.0,4.0,4.0,3.0,2.0,2.8463926297166626
2.0,5.0,4.0,4.0,3.0,3.0,3.08069268078237
2.0,5.0,4.0,4.0,3.0,4.0,3.1893049465208203
2.0,5.0,4.0,4.0,3.0,5.0,3.3000353325140064
2.0,5.0,4.0,4.0,4.0,3.0,3.080692691866368
2.0,5.0,4.0,4.0,4.0,4.0,3.1893049799984494
2.0,5.0,4.0,4.0,4.0,5.0,3.300035347066082
2.0,5.0,4.0,4.0,5.0,2.0,2.846392642057571
2.0,5.0,4.0,4.0,5.0,3.0,3.0806926955160567
2.0,5.0,4.0,4.0,5.0,4.0,3.3980977642575914
2.0,5.0,4.0,4.0,5.0,5.0,3.6039659631138012
2.0,5.0,4.0,5.0,1.0,3.0,2.8356228846650064
2.0,5.0,4.0,5.0,1.0,5.0,3.0182745448960544
2.0,5.0,4.0,5.0,2.0,2.0,2.942265932014706
2.0,5.0,4.0,5.0,2.0,3.0,2.9810746668576473
2.0,5.0,4.0,5.0,2.0,4.0,3.1002960645405975
2.0,5.0,4.0,5.0,2.0,5.0,3.255000194296157
2.0,5.0,4.0,5.0,3.0,4.0,3.189304953167352
2.0,5.0,4.0,5.0,3.0,5.0,3.5971424064631314
2.0,5.0,4.0,5.0,4.0,3.0,3.2525234322865706
2.0,5.0,4.0,5.0,4.0,4.0,3.252523433843921
2.0,5.0,4.0,5.0,4.0,5.0,3.597142405091942
2.0,5.0,4.0,5.0,5.0,2.0,3.0175353195835934
2.0,5.0,4.0,5.0,5.0,3.0,3.2525234406718977
2.0,5.0,4.0,5.0,5.0,4.0,3.445999970705691
2.0,5.0,4.0,5.0,5.0,5.0,3.6582021041245536
2.0,5.0,5.0,1.0,3.0,3.0,2.190152217471521
2.0,5.0,5.0,1.0,5.0,1.0,2.110028455988526
2.0,5.0,5.0,1.0,5.0,3.0,2.1901522184649354
2.0,5.0,5.0,2.0,2.0,2.0,2.10008423619137
2.0,5.0,5.0,2.0,3.0,3.0,2.5604573260885566
2.0,5.0,5.0,2.0,5.0,3.0,3.080692666274465
2.0,5.0,5.0,2.0,5.0,4.0,3.0806926676880053
2.0,5.0,5.0,3.0,3.0,1.0,2.799051118075596
2.0,5.0,5.0,3.0,3.0,5.0,3.1002960437572753
2.0,5.0,5.0,3.0,4.0,3.0,3.0266517998662796
2.0,5.0,5.0,3.0,4.0,5.0,3.3000353556758952
2.0,5.0,5.0,3.0,5.0,3.0,3.1568992703012904
2.0,5.0,5.0,3.0,5.0,4.0,3.25987001967892
2.0,5.0,5.0,3.0,5.0,5.0,3.6039659462715252
2.0,5.0,5.0,4.0,1.0,4.0,3.0167076146212297
2.0,5.0,5.0,4.0,4.0,3.0,3.1568992728565295
2.0,5.0,5.0,4.0,4.0,5.0,3.3000353571719834
2.0,5.0,5.0,4.0,5.0,3.0,3.4385108918026766
2.0,5.0,5.0,4.0,5.0,4.0,3.4385108902072092
2.0,5.0,5.0,4.0,5.0,5.0,3.603965977305673
2.0,5.0,5.0,5.0,2.0,3.0,3.031732851154602
2.0,5.0,5.0,5.0,2.0,4.0,3.100296084471013
2.0,5.0,5.0,5.0,2.0,5.0,3.7238863656494225
2.0,5.0,5.0,5.0,3.0,3.0,3.080692684496725
2.0,5.0,5.0,5.0,3.0,4.0,3.477439976910749
2.0,5.0,5.0,5.0,3.0,5.0,3.7936463931592552
2.0,5.0,5.0,5.0,4.0,4.0,3.4774399812299484
2.0,5.0,5.0,5.0,4.0,5.0,3.793646402046575
2.0,5.0,5.0,5.0,5.0,2.0,3.0175353165156062
2.0,5.0,5.0,5.0,5.0,3.0,3.438510901053566
2.0,5.0,5.0,5.0,5.0,4.0,3.477440006242036
2.0,5.0,5.0,5.0,5.0,5.0,3.7936463924276933
3.0,1.0,1.0,1.0,1.0,1.0,1.1594291421865612
3.0,1.0,1.0,1.0,2.0,1.0,1.1592790518421061
3.0,1.0,1.0,1.0,2.0,2.0,1.3659249895417527
3.0,1.0,1.0,1.0,3.0,1.0,1.1592251688417585
3.0,1.0,1.0,1.0,3.0,2.0,1.3659250018126852
3.0,1.0,1.0,1.0,3.0,3.0,1.3659250141593848
3.0,1.0,1.0,1.0,4.0,3.0,1.3659250256038928
3.0,1.0,1.0,1.0,4.0,4.0,1.3659250268576857
3.0,1.0,1.0,2.0,1.0,1.0,1.2660737988264783
3.0,1.0,1.0,2.0,1.0,2.0,1.3659250174341948
3.0,1.0,1.0,2.0,1.0,3.0,1.5006410688168879
3.0,1.0,1.0,2.0,2.0,1.0,1.329972275408981
3.0,1.0,1.0,2.0,2.0,2.0,1.4905064184086745
3.0,1.0,1.0,2.0,2.0,3.0,1.7127427162370257
3.0,1.0,1.0,2.0,3.0,1.0,1.3299722866640018
3.0,1.0,1.0,2.0,3.0,2.0,1.6590815305870041
3.0,1.0,1.0,2.0,4.0,2.0,1.6590815426032248
3.0,1.0,1.0,3.0,1.0,1.0,1.2660738052976523
3.0,1.0,1.0,3.0,1.0,2.0,1.5006410791779388
3.0,1.0,1.0,3.0,1.0,3.0,1.5006410908128842
3.0,1.0,1.0,3.0,2.0,1.0,1.3299722668991671
3.0,1.0,1.0,3.0,2.0,2.0,1.7127427271693054
3.0,1.0,1.0,3.0,2.0,4.0,2.005600164162477
3.0,1.0,1.0,3.0,3.0,1.0,1.3951198505288622
3.0,1.0,1.0,3.0,3.0,2.0,1.712742721165544
3.0,1.0,1.0,3.0,3.0,3.0,1.992868187711235
3.0,1.0,1.0,3.0,3.0,4.0,2.0056001799105823
3.0,1.0,1.0,4.0,1.0,1.0,1.5408804410447128
3.0,1.0,1.0,4.0,1.0,3.0,1.540880467415387
3.0,1.0,1.0,4.0,2.0,3.0,1.7127427432323112
3.0,1.0,1.0,4.0,3.0,1.0,1.5408804010185515
3.0,1.0,1.0,4.0,3.0,3.0,2.1379175502722156
3.0,1.0,1.0,4.0,3.0,4.0,2.137917554899918
3.0,1.0,1.0,4.0,4.0,1.0,1.540880402089998
3.0,1.0,1.0,5.0,2.0,5.0,2.087959720634986
3.0,1.0,1.0,5.0,4.0,3.0,2.1379175650162034
3.0,1.0,1.0,5.0,5.0,5.0,2.2193269704973364
3.0,1.0,2.0,1.0,1.0,1.0,1.3055995145378685
3.0,1.0,2.0,1.0,1.0,3.0,1.7310436984198112
3.0,1.0,2.0,1.0,2.0,1.0,1.3055995097151172
3.0,1.0,2.0,1.0,3.0,1.0,1.4981398930858452
3.0,1.0,2.0,1.0,3.0,3.0,1.9112442056121255
3.0,1.0,2.0,2.0,1.0,1.0,1.3245377643402798
3.0,1.0,2.0,2.0,1.0,2.0,1.7310437008146227
3.0,1.0,2.0,2.0,1.0,3.0,1.7310437023861969
3.0,1.0,2.0,2.0,2.0,1.0,1.3313780627273084
3.0,1.0,2.0,2.0,2.0,2.0,1.8751604643412967
3.0,1.0,2.0,2.0,2.0,3.0,1.9869704421065322
3.0,1.0,2.0,2.0,3.0,2.0,2.074535641876303
3.0,1.0,2.0,2.0,3.0,3.0,2.0745356214836055
3.0,1.0,2.0,2.0,4.0,4.0,2.52910800829735
3.0,1.0,2.0,2.0,5.0,2.0,2.074535632068999
3.0,1.0,2.0,3.0,1.0,1.0,1.653393200893677
3.0,1.0,2.0,3.0,1.0,2.0,1.8751607005417361
3.0,1.0,2.0,3.0,1.0,3.0,1.8751607554393668
3.0,1.0,2.0,3.0,2.0,2.0,2.125464644391511
3.0,1.0,2.0,3.0,2.0,3.0,2.354574948215302
3.0,1.0,2.0,3.0,3.0,2.0,2.1254646565844646
3.0,1.0,2.0,3.0,3.0,3.0,2.3545749563722422
3.0,1.0,2.0,3.0,3.0,4.0,2.3545749538312344
3.0,1.0,2.0,3.0,4.0,3.0,2.3545749613444906
3.0,1.0,2.0,3.0,4.0,4.0,2.8415534545776016
3.0,1.0,2.0,4.0,1.0,2.0,1.968357978003447
3.0,1.0,2.0,4.0,1.0,3.0,2.0039632783777814
3.0,1.0,2.0,4.0,2.0,1.0,1.8548470600676612
3.0,1.0,2.0,4.0,2.0,3.0,2.553536046391047
3.0,1.0,2.0,4.0,3.0,2.0,2.331626675374629
3.0,1.0,2.0,4.0,4.0,4.0,2.841553460931253
3.0,1.0,2.0,5.0,5.0,4.0,2.841553469581274
3.0,1.0,3.0,1.0,1.0,1.0,1.3245377467595956
3.0,1.0,3.0,1.0,1.0,3.0,1.7310436941798304
3.0,1.0,3.0,1.0,2.0,1.0,1.4981398185710573
3.0,1.0,3.0,1.0,3.0,2.0,2.003283530451091
3.0,1.0,3.0,1.0,4.0,3.0,2.385930088037798
3.0,1.0,3.0,2.0,1.0,1.0,1.3245377507979188
3.0,1.0,3.0,2.0,1.0,2.0,1.8751605354814902
3.0,1.0,3.0,2.0,2.0,1.0,1.49813980523773
3.0,1.0,3.0,2.0,2.0,2.0,1.875160475582624
3.0,1.0,3.0,2.0,3.0,3.0,2.5291079546173
3.0,1.0,3.0,2.0,4.0,4.0,2.529107980076274
3.0,1.0,3.0,3.0,1.0,1.0,1.7568922371396192
3.0,1.0,3.0,3.0,1.0,2.0,1.8751606186704273
3.0,1.0,3.0,3.0,1.0,3.0,2.029637640562035
3.0,1.0,3.0,3.0,2.0,1.0,1.9776668644368578
3.0,1.0,3.0,3.0,2.0,2.0,2.1254646457868267
3.0,1.0,3.0,3.0,2.0,3.0,2.5535360501178657
3.0,1.0,3.0,3.0,3.0,2.0,2.4702818817611227
3.0,1.0,3.0,3.0,3.0,3.0,2.658428952286002
3.0,1.0,3.0,3.0,4.0,2.0,2.6691486568813296
3.0,1.0,3.0,3.0,4.0,3.0,2.872952927372855
3.0,1.0,3.0,3.0,4.0,4.0,2.8729529289741254
3.0,1.0,3.0,4.0,1.0,1.0,1.9802070246979178
3.0,1.0,3.0,4.0,1.0,2.0,2.0507437535596384
3.0,1.0,3.0,4.0,2.0,3.0,2.5535360491928736
3.0,1.0,3.0,4.0,3.0,1.0,2.3133905642742647
3.0,1.0,3.0,4.0,3.0,2.0,2.669148553940589
3.0,1.0,3.0,4.0,3.0,3.0,2.669148536158051
3.0,1.0,3.0,4.0,4.0,3.0,2.98336946123849
3.0,1.0,3.0,4.0,4.0,4.0,3.158608958873076
3.0,1.0,3.0,4.0,5.0,5.0,3.213636641380581
3.0,1.0,3.0,5.0,1.0,2.0,2.050743771631096
3.0,1.0,3.0,5.0,1.0,3.0,2.050743788445828
3.0,1.0,3.0,5.0,3.0,4.0,2.669148537164141
3.0,1.0,3.0,5.0,3.0,5.0,3.0232012192951516
3.0,1.0,3.0,5.0,4.0,4.0,3.1586089678917406
3.0,1.0,3.0,5.0,5.0,2.0,2.9580684372621513
3.0,1.0,4.0,1.0,1.0,1.0,1.3245377352811782
3.0,1.0,4.0,1.0,3.0,2.0,2.0032835261610002
3.0,1.0,4.0,1.0,3.0,3.0,2.3859300839167426
3.0,1.0,4.0,2.0,1.0,2.0,1.8751605325756855
3.0,1.0,4.0,2.0,3.0,3.0,2.534754394787916
3.0,1.0,4.0,3.0,2.0,2.0,2.5329024394421777
3.0,1.0,4.0,3.0,3.0,3.0,2.658428952394288
3.0,1.0,4.0,4.0,2.0,4.0,2.649693419518269
3.0,1.0,4.0,4.0,4.0,3.0,2.9937013413880336
3.0,1.0,4.0,4.0,4.0,4.0,3.1586089575373557
3.0,1.0,4.0,4.0,5.0,4.0,3.1586089569211766
3.0,1.0,4.0,5.0,4.0,4.0,3.494195665514264
3.0,2.0,1.0,1.0,1.0,1.0,1.1597208621547739
3.0,2.0,1.0,1.0,1.0,2.0,1.4344393847214731
3.0,2.0,1.0,1.0,1.0,3.0,1.538947871511318
3.0,2.0,1.0,1.0,2.0,1.0,1.1814565321488688
3.0,2.0,1.0,1.0,2.0,2.0,1.4344394031493526
3.0,2.0,1.0,1.0,3.0,1.0,1.3292331637473853
3.0,2.0,1.0,1.0,3.0,2.0,1.6599552312018675
3.0,2.0,1.0,1.0,3.0,3.0,1.792558335055381
3.0,2.0,1.0,2.0,1.0,1.0,1.2660737962689144
3.0,2.0,1.0,2.0,1.0,2.0,1.4344393899964196
3.0,2.0,1.0,2.0,1.0,3.0,1.5389478827501784
3.0,2.0,1.0,2.0,1.0,4.0,1.9551693626219326
3.0,2.0,1.0,2.0,2.0,1.0,1.4947113433199701
3.0,2.0,1.0,2.0,2.0,2.0,1.6956362456316756
3.0,2.0,1.0,2.0,2.0,3.0,1.7925583807129424
3.0,2.0,1.0,2.0,3.0,1.0,1.4947113276331712
3.0,2.0,1.0,2.0,3.0,2.0,1.6956362435755499
3.0,2.0,1.0,2.0,4.0,2.0,1.9748335412292852
3.0,2.0,1.0,3.0,1.0,1.0,1.3730010875985217
3.0,2.0,1.0,3.0,1.0,2.0,1.5408804713922748
3.0,2.0,1.0,3.0,1.0,3.0,1.724717489896775
3.0,2.0,1.0,3.0,2.0,1.0,1.5006975537525398
3.0,2.0,1.0,3.0,2.0,2.0,1.8228095870813699
3.0,2.0,1.0,3.0,2.0,3.0,1.822809593240366
3.0,2.0,1.0,3.0,3.0,1.0,1.500697572139423
3.0,2.0,1.0,3.0,3.0,2.0,1.9928681604349794
3.0,2.0,1.0,3.0,3.0,3.0,1.9928681877179013
3.0,2.0,1.0,3.0,4.0,2.0,2.181911343345756
3.0,2.0,1.0,4.0,1.0,3.0,1.9116396416524173
3.0,2.0,1.0,4.0,2.0,5.0,2.502345311723889
3.0,2.0,1.0,4.0,3.0,2.0,2.187080416633371
3.0,2.0,1.0,4.0,3.0,3.0,2.2514908786138013
3.0,2.0,1.0,4.0,4.0,2.0,2.1870804198302496
3.0,2.0,1.0,4.0,4.0,4.0,2.435091142957414
3.0,2.0,1.0,5.0,3.0,1.0,1.5408804020520133
3.0,2.0,1.0,5.0,4.0,3.0,2.617496216887201
3.0,2.0,1.0,5.0,5.0,2.0,2.187080420299103
3.0,2.0,2.0,1.0,1.0,1.0,1.3055995273760193
3.0,2.0,2.0,1.0,2.0,1.0,1.3055995121223536
3.0,2.0,2.0,1.0,2.0,2.0,1.8405361095399766
3.0,2.0,2.0,1.0,3.0,1.0,1.498139945320689
3.0,2.0,2.0,1.0,3.0,3.0,1.9112442235953193
3.0,2.0,2.0,1.0,3.0,5.0,2.8019509340081394
3.0,2.0,2.0,1.0,4.0,2.0,1.9769626422329127
3.0,2.0,2.0,2.0,1.0,1.0,1.4956966667012044
3.0,2.0,2.0,2.0,1.0,2.0,1.7671971076497628
3.0,2.0,2.0,2.0,1.0,3.0,1.9670187767148153
3.0,2.0,2.0,2.0,2.0,1.0,1.6040920967411325
3.0,2.0,2.0,2.0,2.0,2.0,2.0160408507177823
3.0,2.0,2.0,2.0,3.0,1.0,1.854847043484839
3.0,2.0,2.0,2.0,3.0,2.0,2.0745356992918063
3.0,2.0,2.0,2.0,3.0,3.0,2.279480520281584
3.0,2.0,2.0,2.0,4.0,2.0,2.074535678799427
3.0,2.0,2.0,2.0,4.0,3.0,2.5291080827927694
3.0,2.0,2.0,2.0,5.0,2.0,2.3400006092640226
3.0,2.0,2.0,3.0,1.0,1.0,1.6644955560624952
3.0,2.0,2.0,3.0,1.0,2.0,1.8751607349348747
3.0,2.0,2.0,3.0,1.0,3.0,2.130049128798506
3.0,2.0,2.0,3.0,2.0,1.0,1.6644955542292166
3.0,2.0,2.0,3.0,2.0,2.0,2.2474160974270387
3.0,2.0,2.0,3.0,2.0,3.0,2.5332564374984674
3.0,2.0,2.0,3.0,3.0,1.0,1.854847051556813
3.0,2.0,2.0,3.0,3.0,2.0,2.2474161092382072
3.0,2.0,2.0,3.0,3.0,3.0,2.5332564529822883
3.0,2.0,2.0,3.0,4.0,1.0,1.9969743028862725
3.0,2.0,2.0,3.0,4.0,2.0,2.247416108977923
3.0,2.0,2.0,3.0,4.0,3.0,2.589868698796893
3.0,2.0,2.0,3.0,4.0,4.0,2.8415534585040203
3.0,2.0,2.0,4.0,1.0,2.0,2.08198958908567
3.0,2.0,2.0,4.0,1.0,3.0,2.1300491263059724
3.0,2.0,2.0,4.0,1.0,4.0,2.1300491240582398
3.0,2.0,2.0,4.0,2.0,2.0,2.3134980074747324
3.0,2.0,2.0,4.0,2.0,3.0,2.5685454467988698
3.0,2.0,2.0,4.0,2.0,4.0,2.643981896800943
3.0,2.0,2.0,4.0,3.0,2.0,2.3316266787804554
3.0,2.0,2.0,4.0,3.0,3.0,2.742754369372842
3.0,2.0,2.0,4.0,3.0,4.0,2.8105793306659095
3.0,2.0,2.0,4.0,4.0,3.0,2.8209056204840905
3.0,2.0,2.0,4.0,4.0,4.0,2.8415534688590727
3.0,2.0,2.0,4.0,5.0,4.0,2.8415534850139994
3.0,2.0,2.0,4.0,5.0,5.0,2.8415535050172442
3.0,2.0,2.0,5.0,1.0,3.0,2.130049123050993
3.0,2.0,2.0,5.0,3.0,1.0,1.8548470644481958
3.0,2.0,2.0,5.0,3.0,2.0,2.331626690644308
3.0,2.0,2.0,5.0,3.0,3.0,2.7427543757002737
3.0,2.0,2.0,5.0,4.0,4.0,2.841553475367457
3.0,2.0,2.0,5.0,5.0,3.0,2.8209056449287324
3.0,2.0,2.0,5.0,5.0,4.0,2.84155348465453
3.0,2.0,2.0,5.0,5.0,5.0,2.841553510453154
3.0,2.0,3.0,1.0,1.0,1.0,1.3245377387284272
3.0,2.0,3.0,1.0,1.0,2.0,1.4753953917512534
3.0,2.0,3.0,1.0,2.0,1.0,1.5326880638924403
3.0,2.0,3.0,1.0,2.0,2.0,1.9973401483924706
3.0,2.0,3.0,1.0,3.0,1.0,1.5326880485062915
3.0,2.0,3.0,1.0,3.0,2.0,2.003283583167252
3.0,2.0,3.0,1.0,3.0,3.0,2.2067574389046545
3.0,2.0,3.0,1.0,4.0,1.0,2.0229694066768267
3.0,2.0,3.0,1.0,4.0,2.0,2.1470029089801064
3.0,2.0,3.0,1.0,4.0,4.0,2.4432570283631216
3.0,2.0,3.0,1.0,5.0,5.0,2.8019509379324035
3.0,2.0,3.0,2.0,1.0,2.0,2.05366943718018
3.0,2.0,3.0,2.0,1.0,3.0,2.053669423118252
3.0,2.0,3.0,2.0,2.0,2.0,2.1188693409766968
3.0,2.0,3.0,2.0,2.0,3.0,2.4709462321161157
3.0,2.0,3.0,2.0,3.0,2.0,2.118869338838159
3.0,2.0,3.0,2.0,3.0,3.0,2.690136684529408
3.0,2.0,3.0,2.0,4.0,2.0,2.1470029209931516
3.0,2.0,3.0,2.0,4.0,3.0,2.690136682182628
3.0,2.0,3.0,3.0,1.0,1.0,1.7568922567982475
3.0,2.0,3.0,3.0,1.0,2.0,2.0819896458002125
3.0,2.0,3.0,3.0,1.0,3.0,2.3733893700146536
3.0,2.0,3.0,3.0,1.0,4.0,2.577553771985436
3.0,2.0,3.0,3.0,2.0,2.0,2.4770068037611757
3.0,2.0,3.0,3.0,2.0,3.0,2.812485841880216
3.0,2.0,3.0,3.0,2.0,4.0,2.8729529283961286
3.0,2.0,3.0,3.0,3.0,1.0,2.4501443663078053
3.0,2.0,3.0,3.0,3.0,2.0,2.5779255295144567
3.0,2.0,3.0,3.0,3.0,3.0,2.872952954179794
3.0,2.0,3.0,3.0,3.0,4.0,2.8729529384336683
3.0,2.0,3.0,3.0,4.0,2.0,2.669148677701864
3.0,2.0,3.0,3.0,4.0,3.0,2.8729529410825108
3.0,2.0,3.0,3.0,4.0,4.0,2.8729529427258256
3.0,2.0,3.0,3.0,4.0,5.0,3.1619444862948725
3.0,2.0,3.0,3.0,5.0,3.0,2.9760707194230713
3.0,2.0,3.0,3.0,5.0,4.0,3.161944498639292
3.0,2.0,3.0,3.0,5.0,5.0,3.1619445009972105
3.0,2.0,3.0,4.0,1.0,2.0,2.081989618887648
3.0,2.0,3.0,4.0,1.0,3.0,2.3920494261000815
3.0,2.0,3.0,4.0,1.0,4.0,2.5775537760750464
3.0,2.0,3.0,4.0,2.0,2.0,2.4770067968452993
3.0,2.0,3.0,4.0,2.0,3.0,2.8468527518366717
3.0,2.0,3.0,4.0,2.0,4.0,2.946785016748692
3.0,2.0,3.0,4.0,3.0,2.0,2.669148590985431
3.0,2.0,3.0,4.0,3.0,3.0,2.992596608495383
3.0,2.0,3.0,4.0,3.0,4.0,3.1604119968276163
3.0,2.0,3.0,4.0,3.0,5.0,3.1845575192234716
3.0,2.0,3.0,4.0,4.0,2.0,2.8061650684475152
3.0,2.0,3.0,4.0,4.0,3.0,3.0705182823687442
3.0,2.0,3.0,4.0,4.0,4.0,3.1604120435428205
3.0,2.0,3.0,4.0,5.0,4.0,3.1619445119814356
3.0,2.0,3.0,5.0,1.0,2.0,2.117127634634143
3.0,2.0,3.0,5.0,1.0,3.0,2.50553818800666
3.0,2.0,3.0,5.0,2.0,3.0,2.9062437196312487
3.0,2.0,3.0,5.0,3.0,3.0,2.9925966037181353
3.0,2.0,3.0,5.0,3.0,5.0,3.184557528641021
3.0,2.0,3.0,5.0,4.0,3.0,3.0705182806758473
3.0,2.0,3.0,5.0,4.0,4.0,3.1619445258380194
3.0,2.0,3.0,5.0,4.0,5.0,3.1845575353985724
3.0,2.0,3.0,5.0,5.0,2.0,2.974294973825373
3.0,2.0,3.0,5.0,5.0,3.0,3.07051828173223
3.0,2.0,3.0,5.0,5.0,4.0,3.1619445241462603
3.0,2.0,3.0,5.0,5.0,5.0,3.2136366587126104
3.0,2.0,4.0,1.0,1.0,2.0,2.118869330474529
3.0,2.0,4.0,1.0,2.0,1.0,1.7153163430599756
3.0,2.0,4.0,1.0,4.0,3.0,2.3859300855875945
3.0,2.0,4.0,2.0,2.0,2.0,2.118869330412025
3.0,2.0,4.0,2.0,4.0,2.0,2.1470029162307283
3.0,2.0,4.0,2.0,4.0,4.0,3.1682282165070013
3.0,2.0,4.0,3.0,1.0,1.0,2.0398413060543024
3.0,2.0,4.0,3.0,3.0,2.0,2.669148699075307
3.0,2.0,4.0,3.0,3.0,3.0,2.8729529547589694
3.0,2.0,4.0,3.0,4.0,3.0,2.989902351668141
3.0,2.0,4.0,3.0,4.0,4.0,3.1682282327299647
3.0,2.0,4.0,4.0,1.0,3.0,2.659779705559542
3.0,2.0,4.0,4.0,1.0,4.0,2.8201357654530725
3.0,2.0,4.0,4.0,2.0,3.0,2.98419082832777
3.0,2.0,4.0,4.0,3.0,3.0,2.9939925420833626
3.0,2.0,4.0,4.0,3.0,4.0,3.1682282397318953
3.0,2.0,4.0,4.0,4.0,2.0,2.9711191432086057
3.0,2.0,4.0,4.0,4.0,3.0,3.070518277019653
3.0,2.0,4.0,4.0,4.0,4.0,3.1682282444379584
3.0,2.0,4.0,4.0,5.0,4.0,3.494195679507329
3.0,2.0,4.0,4.0,5.0,5.0,3.494195689346622
3.0,2.0,4.0,5.0,1.0,4.0,2.820135772480177
3.0,2.0,4.0,5.0,3.0,3.0,3.012468415855782
3.0,2.0,4.0,5.0,3.0,4.0,3.168228239022132
3.0,2.0,4.0,5.0,4.0,5.0,3.5109892986057956
3.0,2.0,4.0,5.0,5.0,3.0,3.070518285438041
3.0,2.0,4.0,5.0,5.0,4.0,3.4941956767842988
3.0,2.0,4.0,5.0,5.0,5.0,3.837112803980955
3.0,2.0,5.0,3.0,3.0,3.0,3.0025805144579407
3.0,2.0,5.0,3.0,4.0,3.0,3.3932376076941013
3.0,2.0,5.0,4.0,3.0,3.0,3.034939326077651
3.0,2.0,5.0,4.0,3.0,4.0,3.168228245395612
3.0,2.0,5.0,4.0,3.0,5.0,3.1845575202926235
3.0,2.0,5.0,4.0,4.0,3.0,3.3932376115943543
3.0,2.0,5.0,5.0,2.0,2.0,2.532902450916284
3.0,2.0,5.0,5.0,3.0,4.0,3.1682282508097357
3.0,2.0,5.0,5.0,4.0,4.0,3.5445444831230395
3.0,2.0,5.0,5.0,4.0,5.0,3.837112811616958
3.0,2.0,5.0,5.0,5.0,3.0,3.393237617477218
3.0,2.0,5.0,5.0,5.0,4.0,3.5445444911668
3.0,2.0,5.0,5.0,5.0,5.0,3.83711281300508
3.0,3.0,1.0,1.0,1.0,1.0,1.160034643470574
3.0,3.0,1.0,1.0,1.0,2.0,1.5879006117176262
3.0,3.0,1.0,1.0,1.0,3.0,1.5879006085986445
3.0,3.0,1.0,1.0,2.0,1.0,1.3292332174692811
3.0,3.0,1.0,1.0,2.0,2.0,1.5879006210522084
3.0,3.0,1.0,1.0,2.0,3.0,1.7925583679077
3.0,3.0,1.0,1.0,3.0,1.0,1.3292332037247565
3.0,3.0,1.0,1.0,3.0,2.0,1.6599552531032886
3.0,3.0,1.0,1.0,4.0,1.0,1.3292331969206852
3.0,3.0,1.0,1.0,4.0,2.0,1.8318518446879888
3.0,3.0,1.0,1.0,5.0,5.0,2.6174962361995604
3.0,3.0,1.0,2.0,1.0,1.0,1.3132019439195288
3.0,3.0,1.0,2.0,1.0,2.0,1.6107841550215352
3.0,3.0,1.0,2.0,1.0,3.0,1.7247175066474552
3.0,3.0,1.0,2.0,2.0,1.0,1.4947113827153475
3.0,3.0,1.0,2.0,2.0,2.0,1.7005021508647782
3.0,3.0,1.0,2.0,2.0,3.0,1.7925583980120674
3.0,3.0,1.0,2.0,3.0,1.0,1.5117613346957728
3.0,3.0,1.0,2.0,3.0,2.0,1.7925584806052268
3.0,3.0,1.0,2.0,3.0,3.0,1.7925584720626864
3.0,3.0,1.0,2.0,4.0,2.0,2.121066721920973
3.0,3.0,1.0,2.0,4.0,4.0,2.1210667205549574
3.0,3.0,1.0,3.0,1.0,1.0,1.3730011446185766
3.0,3.0,1.0,3.0,1.0,2.0,1.6107841695583358
3.0,3.0,1.0,3.0,1.0,3.0,1.7247175244383348
3.0,3.0,1.0,3.0,2.0,1.0,1.6886030074860918
3.0,3.0,1.0,3.0,2.0,2.0,1.8228095983652641
3.0,3.0,1.0,3.0,2.0,3.0,1.822809613971313
3.0,3.0,1.0,3.0,2.0,4.0,2.245445627359418
3.0,3.0,1.0,3.0,3.0,1.0,1.688603016168379
3.0,3.0,1.0,3.0,3.0,2.0,2.03030741307155
3.0,3.0,1.0,3.0,3.0,3.0,2.181911386695136
3.0,3.0,1.0,3.0,3.0,4.0,2.2514909089993145
3.0,3.0,1.0,3.0,3.0,5.0,2.6174962107296267
3.0,3.0,1.0,3.0,4.0,3.0,2.181911379821432
3.0,3.0,1.0,3.0,5.0,2.0,2.181911336603786
3.0,3.0,1.0,3.0,5.0,3.0,2.3113522752306888
3.0,3.0,1.0,4.0,1.0,1.0,1.540880480301038
3.0,3.0,1.0,4.0,1.0,2.0,1.7386265877901015
3.0,3.0,1.0,4.0,1.0,4.0,2.027770448590907
3.0,3.0,1.0,4.0,2.0,1.0,1.9116395979099754
3.0,3.0,1.0,4.0,2.0,2.0,1.911639608902366
3.0,3.0,1.0,4.0,2.0,3.0,1.9116396310831896
3.0,3.0,1.0,4.0,2.0,4.0,2.2454456332415402
3.0,3.0,1.0,4.0,3.0,1.0,1.9329000683881183
3.0,3.0,1.0,4.0,3.0,2.0,2.187080429850985
3.0,3.0,1.0,4.0,3.0,3.0,2.2514909019246576
3.0,3.0,1.0,4.0,3.0,4.0,2.251490907474337
3.0,3.0,1.0,4.0,4.0,1.0,1.9329000655623658
3.0,3.0,1.0,4.0,4.0,2.0,2.1870804253478577
3.0,3.0,1.0,4.0,4.0,3.0,2.251490933900365
3.0,3.0,1.0,4.0,4.0,4.0,2.4350911288167785
3.0,3.0,1.0,5.0,1.0,1.0,1.702620744408596
3.0,3.0,1.0,5.0,1.0,2.0,1.7386266005083375
3.0,3.0,1.0,5.0,1.0,5.0,2.2269461888394506
3.0,3.0,1.0,5.0,2.0,1.0,1.9651781467947151
3.0,3.0,1.0,5.0,2.0,2.0,2.245445621255999
3.0,3.0,1.0,5.0,2.0,3.0,2.2454456330608537
3.0,3.0,1.0,5.0,2.0,4.0,2.245445642984493
3.0,3.0,1.0,5.0,2.0,5.0,2.5023453219782534
3.0,3.0,1.0,5.0,3.0,1.0,1.9908248827399584
3.0,3.0,1.0,5.0,3.0,3.0,2.491985819766656
3.0,3.0,1.0,5.0,3.0,4.0,2.4919858286304644
3.0,3.0,1.0,5.0,4.0,4.0,2.6174962181837955
3.0,3.0,1.0,5.0,4.0,5.0,2.6174962228070133
3.0,3.0,1.0,5.0,5.0,2.0,2.617496222051051
3.0,3.0,1.0,5.0,5.0,5.0,2.617496230946246
3.0,3.0,2.0,1.0,1.0,1.0,1.403932203334436
3.0,3.0,2.0,1.0,1.0,2.0,1.767197353395673
3.0,3.0,2.0,1.0,1.0,3.0,1.767197327188088
3.0,3.0,2.0,1.0,2.0,1.0,1.532688118558275
3.0,3.0,2.0,1.0,2.0,2.0,1.8405361325524423
3.0,3.0,2.0,1.0,2.0,3.0,1.9112442481324807
3.0,3.0,2.0,1.0,2.0,4.0,2.019513570449774
3.0,3.0,2.0,1.0,3.0,1.0,1.5326881553829
3.0,3.0,2.0,1.0,3.0,2.0,1.8405361596362009
3.0,3.0,2.0,1.0,3.0,3.0,1.911244253679832
3.0,3.0,2.0,1.0,3.0,4.0,2.045160315637735
3.0,3.0,2.0,1.0,4.0,1.0,1.816733851949981
3.0,3.0,2.0,1.0,4.0,2.0,1.9973971555601369
3.0,3.0,2.0,1.0,4.0,3.0,2.009343013553958
3.0,3.0,2.0,1.0,5.0,2.0,2.0188362611673996
3.0,3.0,2.0,2.0,1.0,1.0,1.6040921648050321
3.0,3.0,2.0,2.0,1.0,2.0,1.8977752256800589
3.0,3.0,2.0,2.0,1.0,3.0,2.121056280560422
3.0,3.0,2.0,2.0,2.0,1.0,1.6040921327402589
3.0,3.0,2.0,2.0,2.0,2.0,2.0160408791984614
3.0,3.0,2.0,2.0,2.0,3.0,2.2913363024075766
3.0,3.0,2.0,2.0,2.0,4.0,2.2913362976660507
3.0,3.0,2.0,2.0,3.0,1.0,2.0327226664023432
3.0,3.0,2.0,2.0,3.0,2.0,2.07453579860221
3.0,3.0,2.0,2.0,3.0,3.0,2.291336324663
3.0,3.0,2.0,2.0,4.0,1.0,2.0327226543158634
3.0,3.0,2.0,2.0,4.0,2.0,2.3007233748669993
3.0,3.0,2.0,2.0,4.0,3.0,2.5291080976735376
3.0,3.0,2.0,2.0,4.0,4.0,2.5291080552374523
3.0,3.0,2.0,2.0,5.0,3.0,2.5291081017155266
3.0,3.0,2.0,3.0,1.0,1.0,1.6886030113033623
3.0,3.0,2.0,3.0,1.0,2.0,2.081989717988927
3.0,3.0,2.0,3.0,1.0,3.0,2.2157809368447507
3.0,3.0,2.0,3.0,2.0,1.0,1.6886030108597976
3.0,3.0,2.0,3.0,2.0,2.0,2.313498065972116
3.0,3.0,2.0,3.0,2.0,3.0,2.56854545367449
3.0,3.0,2.0,3.0,3.0,1.0,2.0327226624776915
3.0,3.0,2.0,3.0,3.0,2.0,2.367229347388215
3.0,3.0,2.0,3.0,3.0,3.0,2.6926427798106474
3.0,3.0,2.0,3.0,3.0,4.0,2.692642776092577
3.0,3.0,2.0,3.0,4.0,1.0,2.0327226537123813
3.0,3.0,2.0,3.0,4.0,2.0,2.4811177773728246
3.0,3.0,2.0,3.0,4.0,3.0,2.760525849192907
3.0,3.0,2.0,3.0,4.0,4.0,2.8888706651275995
3.0,3.0,2.0,3.0,5.0,3.0,2.8888706609282098
3.0,3.0,2.0,3.0,5.0,4.0,2.8888706716340153
3.0,3.0,2.0,4.0,1.0,1.0,2.0327226110665326
3.0,3.0,2.0,4.0,1.0,2.0,2.1171276736613844
3.0,3.0,2.0,4.0,1.0,3.0,2.3920494141255615
3.0,3.0,2.0,4.0,1.0,4.0,2.392049429027579
3.0,3.0,2.0,4.0,1.0,5.0,2.4268191552087557
3.0,3.0,2.0,4.0,2.0,2.0,2.313498035001409
3.0,3.0,2.0,4.0,2.0,3.0,2.5685454703083628
3.0,3.0,2.0,4.0,2.0,4.0,2.643981905545508
3.0,3.0,2.0,4.0,3.0,1.0,2.032722639689912
3.0,3.0,2.0,4.0,3.0,2.0,2.367229338607524
3.0,3.0,2.0,4.0,3.0,3.0,2.7427543862238486
3.0,3.0,2.0,4.0,3.0,4.0,2.8105793425267582
3.0,3.0,2.0,4.0,4.0,2.0,2.4811177870515655
3.0,3.0,2.0,4.0,4.0,3.0,2.888870632687839
3.0,3.0,2.0,4.0,4.0,4.0,2.8888706526952848
3.0,3.0,2.0,4.0,5.0,3.0,2.888870654044193
3.0,3.0,2.0,4.0,5.0,4.0,3.085210607225236
3.0,3.0,2.0,4.0,5.0,5.0,3.085210616500918
3.0,3.0,2.0,5.0,1.0,2.0,2.1171276700479806
3.0,3.0,2.0,5.0,1.0,3.0,2.4268191325254986
3.0,3.0,2.0,5.0,1.0,5.0,2.611582245070635
3.0,3.0,2.0,5.0,2.0,1.0,2.2915035701488136
3.0,3.0,2.0,5.0,2.0,2.0,2.3134980456056446
3.0,3.0,2.0,5.0,2.0,3.0,2.568545480781326
3.0,3.0,2.0,5.0,2.0,4.0,2.7543552602074906
3.0,3.0,2.0,5.0,2.0,5.0,2.7543552690615516
3.0,3.0,2.0,5.0,3.0,1.0,2.2915035722185726
3.0,3.0,2.0,5.0,3.0,2.0,2.3672293378692966
3.0,3.0,2.0,5.0,3.0,3.0,2.742754385081315
3.0,3.0,2.0,5.0,3.0,4.0,2.9870774424901922
3.0,3.0,2.0,5.0,3.0,5.0,3.0049961693276765
3.0,3.0,2.0,5.0,4.0,2.0,2.481117789062274
3.0,3.0,2.0,5.0,4.0,3.0,2.8888706424091977
3.0,3.0,2.0,5.0,4.0,4.0,3.085210610568262
3.0,3.0,2.0,5.0,4.0,5.0,3.0852106169610987
3.0,3.0,2.0,5.0,5.0,3.0,3.0852106103806247
3.0,3.0,2.0,5.0,5.0,4.0,3.0852106165489483
3.0,3.0,2.0,5.0,5.0,5.0,3.085210618771306
3.0,3.0,3.0,1.0,1.0,1.0,1.403932254214414
3.0,3.0,3.0,1.0,1.0,2.0,1.7671973496263187
3.0,3.0,3.0,1.0,1.0,3.0,1.7671973333228883
3.0,3.0,3.0,1.0,2.0,1.0,1.532688114952459
3.0,3.0,3.0,1.0,2.0,2.0,1.9973401886370359
3.0,3.0,3.0,1.0,2.0,3.0,2.0115422199734923
3.0,3.0,3.0,1.0,3.0,1.0,1.5326881585780896
3.0,3.0,3.0,1.0,3.0,2.0,2.003283632805805
3.0,3.0,3.0,1.0,3.0,3.0,2.2067574754631933
3.0,3.0,3.0,1.0,3.0,4.0,2.2067574847710882
3.0,3.0,3.0,1.0,4.0,3.0,2.385930111301938
3.0,3.0,3.0,1.0,4.0,4.0,2.4432570473118376
3.0,3.0,3.0,1.0,5.0,1.0,2.030685683603035
3.0,3.0,3.0,1.0,5.0,2.0,2.147002907399043
3.0,3.0,3.0,2.0,1.0,1.0,1.6070783699603508
3.0,3.0,3.0,2.0,1.0,2.0,2.05366946394783
3.0,3.0,3.0,2.0,1.0,3.0,2.3733893713221765
3.0,3.0,3.0,2.0,1.0,5.0,2.9197990996584964
3.0,3.0,3.0,2.0,2.0,1.0,1.6070783945796994
3.0,3.0,3.0,2.0,2.0,2.0,2.398243353556465
3.0,3.0,3.0,2.0,2.0,3.0,2.4947842285989847
3.0,3.0,3.0,2.0,2.0,4.0,2.4947842244221206
3.0,3.0,3.0,2.0,3.0,1.0,2.115182886057494
3.0,3.0,3.0,2.0,3.0,2.0,2.4121038779896025
3.0,3.0,3.0,2.0,3.0,3.0,2.6901367089247876
3.0,3.0,3.0,2.0,3.0,4.0,2.7880543571010983
3.0,3.0,3.0,2.0,4.0,1.0,2.115182886737114
3.0,3.0,3.0,2.0,4.0,2.0,2.41210387080439
3.0,3.0,3.0,2.0,4.0,3.0,2.782256144535428
3.0,3.0,3.0,2.0,4.0,4.0,2.996199043356222
3.0,3.0,3.0,2.0,5.0,2.0,2.7252703152162105
3.0,3.0,3.0,2.0,5.0,3.0,2.9328822806373576
3.0,3.0,3.0,2.0,5.0,5.0,2.9961990574510162
3.0,3.0,3.0,3.0,1.0,1.0,1.756892261990846
3.0,3.0,3.0,3.0,1.0,2.0,2.0819896955500723
3.0,3.0,3.0,3.0,1.0,3.0,2.3733893839510745
3.0,3.0,3.0,3.0,1.0,4.0,2.5775537845253678
3.0,3.0,3.0,3.0,2.0,1.0,2.0101199729662342
3.0,3.0,3.0,3.0,2.0,2.0,2.4770068316322953
3.0,3.0,3.0,3.0,2.0,3.0,2.812485879130346
3.0,3.0,3.0,3.0,2.0,4.0,2.9062437332066264
3.0,3.0,3.0,3.0,3.0,1.0,2.4501443855707294
3.0,3.0,3.0,3.0,3.0,2.0,2.6691487279739414
3.0,3.0,3.0,3.0,3.0,3.0,2.9816331392083892
3.0,3.0,3.0,3.0,3.0,4.0,3.2195394172723835
3.0,3.0,3.0,3.0,3.0,5.0,3.219539424697133
3.0,3.0,3.0,3.0,4.0,1.0,2.4501443915000136
3.0,3.0,3.0,3.0,4.0,2.0,2.669148708204734
3.0,3.0,3.0,3.0,4.0,3.0,3.0338033814927248
3.0,3.0,3.0,3.0,4.0,4.0,3.2195394150209817
3.0,3.0,3.0,3.0,5.0,2.0,2.990011696642286
3.0,3.0,3.0,3.0,5.0,3.0,3.179108508432193
3.0,3.0,3.0,3.0,5.0,4.0,3.3218342921426443
3.0,3.0,3.0,3.0,5.0,5.0,3.3997424019940374
3.0,3.0,3.0,4.0,1.0,1.0,2.032722608804441
3.0,3.0,3.0,4.0,1.0,2.0,2.1171276623986044
3.0,3.0,3.0,4.0,1.0,3.0,2.3920494402856987
3.0,3.0,3.0,4.0,1.0,4.0,2.577553809536549
3.0,3.0,3.0,4.0,2.0,1.0,2.0383072245321445
3.0,3.0,3.0,4.0,2.0,2.0,2.496281780918667
3.0,3.0,3.0,4.0,2.0,3.0,2.8468527687249385
3.0,3.0,3.0,4.0,2.0,4.0,2.9957956700734014
3.0,3.0,3.0,4.0,3.0,1.0,2.450144389007784
3.0,3.0,3.0,4.0,3.0,2.0,2.6691486582461454
3.0,3.0,3.0,4.0,3.0,3.0,3.0109109006592303
3.0,3.0,3.0,4.0,3.0,4.0,3.219539422912555
3.0,3.0,3.0,4.0,3.0,5.0,3.219539429213035
3.0,3.0,3.0,4.0,4.0,1.0,2.4501444057104083
3.0,3.0,3.0,4.0,4.0,2.0,2.8061650852567146
3.0,3.0,3.0,4.0,4.0,3.0,3.070518321372284
3.0,3.0,3.0,4.0,4.0,4.0,3.399742392869213
3.0,3.0,3.0,4.0,4.0,5.0,3.399742400736146
3.0,3.0,3.0,4.0,5.0,2.0,2.990011693248789
3.0,3.0,3.0,4.0,5.0,3.0,3.179108540808336
3.0,3.0,3.0,4.0,5.0,4.0,3.3997424033549404
3.0,3.0,3.0,4.0,5.0,5.0,3.3997424083670427
3.0,3.0,3.0,5.0,1.0,2.0,2.1171276569802915
3.0,3.0,3.0,5.0,1.0,3.0,2.5055382031966253
3.0,3.0,3.0,5.0,1.0,5.0,3.0043608573551928
3.0,3.0,3.0,5.0,2.0,3.0,2.906243730956647
3.0,3.0,3.0,5.0,2.0,4.0,2.99579566940714
3.0,3.0,3.0,5.0,2.0,5.0,3.0114683546046472
3.0,3.0,3.0,5.0,3.0,3.0,3.010910929968977
3.0,3.0,3.0,5.0,3.0,4.0,3.21953942843796
3.0,3.0,3.0,5.0,3.0,5.0,3.2195394353794233
3.0,3.0,3.0,5.0,4.0,3.0,3.205487803217537
3.0,3.0,3.0,5.0,4.0,4.0,3.399742399280922
3.0,3.0,3.0,5.0,4.0,5.0,3.5604394281957368
3.0,3.0,3.0,5.0,5.0,3.0,3.354180542599394
3.0,3.0,3.0,5.0,5.0,4.0,3.3997424294506238
3.0,3.0,3.0,5.0,5.0,5.0,3.56043943644817
3.0,3.0,4.0,1.0,1.0,1.0,1.4039322370762723
3.0,3.0,4.0,1.0,2.0,3.0,2.118869332303127
3.0,3.0,4.0,1.0,3.0,1.0,2.0271793799859217
3.0,3.0,4.0,1.0,3.0,2.0,2.1188693222435964
3.0,3.0,4.0,1.0,4.0,3.0,2.562920798616383
3.0,3.0,4.0,2.0,1.0,3.0,2.5775537242733186
3.0,3.0,4.0,2.0,2.0,1.0,2.032590542231585
3.0,3.0,4.0,2.0,2.0,2.0,2.486472583599818
3.0,3.0,4.0,2.0,2.0,3.0,2.709679982927842
3.0,3.0,4.0,2.0,3.0,1.0,2.1151828775263355
3.0,3.0,4.0,2.0,3.0,2.0,2.5083496923207727
3.0,3.0,4.0,2.0,3.0,3.0,2.7096799950334662
3.0,3.0,4.0,2.0,3.0,4.0,2.982941963034085
3.0,3.0,4.0,2.0,3.0,5.0,3.3886882756211345
3.0,3.0,4.0,2.0,4.0,2.0,2.6730564290369774
3.0,3.0,4.0,2.0,4.0,3.0,2.9911761986987146
3.0,3.0,4.0,2.0,5.0,3.0,2.9954266795792717
3.0,3.0,4.0,3.0,1.0,2.0,2.1782941363074055
3.0,3.0,4.0,3.0,1.0,3.0,2.577553733974864
3.0,3.0,4.0,3.0,1.0,4.0,2.8201357614236717
3.0,3.0,4.0,3.0,2.0,1.0,2.0398413228136087
3.0,3.0,4.0,3.0,2.0,3.0,2.9796196664527956
3.0,3.0,4.0,3.0,3.0,2.0,2.66914871422782
3.0,3.0,4.0,3.0,3.0,3.0,3.076980009259904
3.0,3.0,4.0,3.0,3.0,4.0,3.3262644198455082
3.0,3.0,4.0,3.0,4.0,2.0,2.6730564368082557
3.0,3.0,4.0,3.0,4.0,3.0,3.0769800226315573
3.0,3.0,4.0,3.0,4.0,4.0,3.3310454454484875
3.0,3.0,4.0,3.0,4.0,5.0,3.809433233228559
3.0,3.0,4.0,3.0,5.0,3.0,3.3258909854351044
3.0,3.0,4.0,3.0,5.0,4.0,3.3310454701040677
3.0,3.0,4.0,3.0,5.0,5.0,3.809433237015305
3.0,3.0,4.0,4.0,1.0,1.0,2.6597797034218766
3.0,3.0,4.0,4.0,1.0,3.0,2.659779719071227
3.0,3.0,4.0,4.0,1.0,4.0,2.820135768058761
3.0,3.0,4.0,4.0,2.0,2.0,2.762254363813988
3.0,3.0,4.0,4.0,2.0,3.0,2.9860978097951008
3.0,3.0,4.0,4.0,2.0,4.0,3.34823870581584
3.0,3.0,4.0,4.0,3.0,1.0,2.799051101757244
3.0,3.0,4.0,4.0,3.0,2.0,3.138314271759098
3.0,3.0,4.0,4.0,3.0,3.0,3.1383142953712664
3.0,3.0,4.0,4.0,3.0,4.0,3.571160788784431
3.0,3.0,4.0,4.0,3.0,5.0,3.5711607936973304
3.0,3.0,4.0,4.0,4.0,3.0,3.3231273803989527
3.0,3.0,4.0,4.0,4.0,4.0,3.613865529302686
3.0,3.0,4.0,4.0,4.0,5.0,3.943497865825499
3.0,3.0,4.0,4.0,5.0,3.0,3.3258909957204135
3.0,3.0,4.0,4.0,5.0,4.0,3.6138655345614277
3.0,3.0,4.0,5.0,1.0,5.0,3.055019018223239
3.0,3.0,4.0,5.0,2.0,4.0,3.3482387059669905
3.0,3.0,4.0,5.0,3.0,3.0,3.138314298850467
3.0,3.0,4.0,5.0,3.0,4.0,3.7235871491138153
3.0,3.0,4.0,5.0,3.0,5.0,3.7235871538339893
3.0,3.0,4.0,5.0,4.0,3.0,3.558016365786178
3.0,3.0,4.0,5.0,4.0,4.0,3.8057093835876046
3.0,3.0,4.0,5.0,4.0,5.0,3.943497871398379
3.0,3.0,4.0,5.0,5.0,3.0,3.558016374218943
3.0,3.0,4.0,5.0,5.0,4.0,3.8676464603389547
3.0,3.0,4.0,5.0,5.0,5.0,3.943497877051104
3.0,3.0,5.0,1.0,3.0,3.0,2.5980960286828614
3.0,3.0,5.0,2.0,2.0,2.0,2.7252703124257356
3.0,3.0,5.0,2.0,5.0,3.0,3.485550507450302
3.0,3.0,5.0,3.0,1.0,3.0,2.5775537326782967
3.0,3.0,5.0,3.0,2.0,3.0,2.997331892006906
3.0,3.0,5.0,3.0,3.0,1.0,2.799051118645541
3.0,3.0,5.0,3.0,3.0,3.0,3.196370102421781
3.0,3.0,5.0,3.0,3.0,4.0,3.4242513183453607
3.0,3.0,5.0,3.0,4.0,3.0,3.3932376180810544
3.0,3.0,5.0,3.0,5.0,3.0,3.4880610901452656
3.0,3.0,5.0,3.0,5.0,4.0,3.9213589288359065
3.0,3.0,5.0,4.0,2.0,5.0,3.3713089054613934
3.0,3.0,5.0,4.0,3.0,2.0,3.138314267404227
3.0,3.0,5.0,4.0,3.0,3.0,3.3309414234241883
3.0,3.0,5.0,4.0,3.0,4.0,3.5711607972437966
3.0,3.0,5.0,4.0,4.0,3.0,3.393237621924717
3.0,3.0,5.0,4.0,4.0,4.0,3.8850602159897116
3.0,3.0,5.0,4.0,4.0,5.0,3.9857477617230073
3.0,3.0,5.0,4.0,5.0,3.0,3.5580163671348903
3.0,3.0,5.0,4.0,5.0,4.0,3.9720984204883774
3.0,3.0,5.0,5.0,2.0,2.0,3.293142505127756
3.0,3.0,5.0,5.0,2.0,3.0,3.293142510041876
3.0,3.0,5.0,5.0,2.0,5.0,3.3713089158295646
3.0,3.0,5.0,5.0,3.0,1.0,3.0017356283609344
3.0,3.0,5.0,5.0,3.0,3.0,3.496791746061722
3.0,3.0,5.0,5.0,3.0,5.0,3.7235871669573415
3.0,3.0,5.0,5.0,4.0,3.0,3.5580163704197614
3.0,3.0,5.0,5.0,4.0,4.0,3.8850602314356806
3.0,3.0,5.0,5.0,4.0,5.0,3.997341614478792
3.0,3.0,5.0,5.0,5.0,3.0,3.558016373966886
3.0,3.0,5.0,5.0,5.0,4.0,3.9777334404063502
3.0,3.0,5.0,5.0,5.0,5.0,4.077090786297468
3.0,4.0,1.0,1.0,1.0,1.0,1.1601655935839736
3.0,4.0,1.0,1.0,1.0,2.0,1.5879006116149141
3.0,4.0,1.0,1.0,1.0,3.0,1.5879006095752857
3.0,4.0,1.0,1.0,2.0,1.0,1.3447065518557202
3.0,4.0,1.0,1.0,2.0,2.0,1.8187332129524443
3.0,4.0,1.0,1.0,2.0,3.0,1.831851875626446
3.0,4.0,1.0,1.0,3.0,1.0,1.3447065584240305
3.0,4.0,1.0,1.0,3.0,2.0,1.8318518652560425
3.0,4.0,1.0,1.0,4.0,1.0,1.553310572963397
3.0,4.0,1.0,1.0,4.0,2.0,1.8318518586220545
3.0,4.0,1.0,2.0,1.0,1.0,1.4570217362537876
3.0,4.0,1.0,2.0,1.0,2.0,1.724717534092827
3.0,4.0,1.0,2.0,1.0,3.0,1.7247175291959527
3.0,4.0,1.0,2.0,2.0,1.0,1.4947113874565507
3.0,4.0,1.0,2.0,2.0,2.0,1.8187332272974797
3.0,4.0,1.0,2.0,2.0,3.0,2.104687418869922
3.0,4.0,1.0,2.0,3.0,1.0,1.7731026602500382
3.0,4.0,1.0,2.0,3.0,2.0,1.8809512678479436
3.0,4.0,1.0,2.0,3.0,3.0,2.104687441144289
3.0,4.0,1.0,2.0,3.0,4.0,2.104687454750062
3.0,4.0,1.0,2.0,4.0,1.0,1.9329000703892907
3.0,4.0,1.0,2.0,4.0,2.0,2.1728569874491157
3.0,4.0,1.0,2.0,4.0,3.0,2.1728569997249703
3.0,4.0,1.0,2.0,5.0,2.0,2.1728569913998306
3.0,4.0,1.0,3.0,1.0,1.0,1.7026207823652675
3.0,4.0,1.0,3.0,1.0,2.0,1.7247175431158301
3.0,4.0,1.0,3.0,1.0,3.0,1.724717535053946
3.0,4.0,1.0,3.0,2.0,1.0,1.7227302674391083
3.0,4.0,1.0,3.0,2.0,2.0,1.8228096066248505
3.0,4.0,1.0,3.0,3.0,1.0,1.9329000738229107
3.0,4.0,1.0,3.0,3.0,2.0,2.0303074378847468
3.0,4.0,1.0,3.0,3.0,3.0,2.18191140284356
3.0,4.0,1.0,3.0,3.0,4.0,2.251490921097295
3.0,4.0,1.0,3.0,4.0,2.0,2.198278983405667
3.0,4.0,1.0,3.0,4.0,3.0,2.1982789949685055
3.0,4.0,1.0,3.0,4.0,4.0,2.260984384923202
3.0,4.0,1.0,3.0,5.0,2.0,2.311352267313305
3.0,4.0,1.0,3.0,5.0,4.0,2.3967466755785054
3.0,4.0,1.0,4.0,1.0,1.0,1.7026207730222387
3.0,4.0,1.0,4.0,1.0,2.0,1.8011159267845411
3.0,4.0,1.0,4.0,1.0,3.0,1.9116396674750327
3.0,4.0,1.0,4.0,1.0,4.0,2.226946197892963
3.0,4.0,1.0,4.0,2.0,2.0,2.1827315979455824
3.0,4.0,1.0,4.0,2.0,3.0,2.251490914467
3.0,4.0,1.0,4.0,3.0,2.0,2.187080452908504
3.0,4.0,1.0,4.0,3.0,3.0,2.2514909238640857
3.0,4.0,1.0,4.0,3.0,4.0,2.2514909256533224
3.0,4.0,1.0,4.0,3.0,5.0,2.6174962157446298
3.0,4.0,1.0,4.0,4.0,2.0,2.2514909225393485
3.0,4.0,1.0,4.0,4.0,3.0,2.2514909507124385
3.0,4.0,1.0,4.0,4.0,4.0,2.435091294348835
3.0,4.0,1.0,4.0,4.0,5.0,2.617496251330044
3.0,4.0,1.0,4.0,5.0,1.0,1.9329000705554271
3.0,4.0,1.0,4.0,5.0,4.0,2.435091338774246
3.0,4.0,1.0,4.0,5.0,5.0,2.6174962466673235
3.0,4.0,1.0,5.0,1.0,1.0,1.7026207632416124
3.0,4.0,1.0,5.0,1.0,3.0,2.0229437892009234
3.0,4.0,1.0,5.0,3.0,2.0,2.2454456252882515
3.0,4.0,1.0,5.0,3.0,4.0,2.617496224831639
3.0,4.0,1.0,5.0,4.0,2.0,2.568545464293327
3.0,4.0,1.0,5.0,4.0,3.0,2.617496219572024
3.0,4.0,1.0,5.0,4.0,5.0,2.617496252316824
3.0,4.0,1.0,5.0,5.0,4.0,2.617496226639204
3.0,4.0,1.0,5.0,5.0,5.0,2.617496247379655
3.0,4.0,2.0,1.0,1.0,1.0,1.4444565563104306
3.0,4.0,2.0,1.0,1.0,2.0,1.8405361468164063
3.0,4.0,2.0,1.0,1.0,3.0,2.04626002534406
3.0,4.0,2.0,1.0,1.0,4.0,2.046260044040164
3.0,4.0,2.0,1.0,1.0,5.0,2.0462600562473527
3.0,4.0,2.0,1.0,2.0,1.0,1.5326881324832002
3.0,4.0,2.0,1.0,2.0,2.0,1.8405361467597898
3.0,4.0,2.0,1.0,2.0,3.0,2.046260033729577
3.0,4.0,2.0,1.0,3.0,1.0,1.532688143003937
3.0,4.0,2.0,1.0,3.0,2.0,1.9985895712443167
3.0,4.0,2.0,1.0,3.0,3.0,2.0462600611445287
3.0,4.0,2.0,1.0,3.0,4.0,2.0462600558127
3.0,4.0,2.0,1.0,4.0,1.0,1.8167338560174773
3.0,4.0,2.0,1.0,4.0,2.0,2.00274934973092
3.0,4.0,2.0,1.0,4.0,3.0,2.046260080953396
3.0,4.0,2.0,2.0,1.0,1.0,1.6040921648593165
3.0,4.0,2.0,2.0,1.0,2.0,1.9687765913082083
3.0,4.0,2.0,2.0,1.0,3.0,2.3858942971904136
3.0,4.0,2.0,2.0,1.0,4.0,2.385894302771397
3.0,4.0,2.0,2.0,2.0,1.0,1.604092147748188
3.0,4.0,2.0,2.0,2.0,2.0,2.1275102387115257
3.0,4.0,2.0,2.0,2.0,3.0,2.476697214412107
3.0,4.0,2.0,2.0,2.0,4.0,2.476697216249984
3.0,4.0,2.0,2.0,3.0,1.0,2.0608403344858
3.0,4.0,2.0,2.0,3.0,2.0,2.300723384518958
3.0,4.0,2.0,2.0,3.0,3.0,2.4766972395337987
3.0,4.0,2.0,2.0,4.0,1.0,2.0608403302802696
3.0,4.0,2.0,2.0,4.0,2.0,2.3007233922502857
3.0,4.0,2.0,2.0,4.0,3.0,2.529108158028126
3.0,4.0,2.0,2.0,4.0,4.0,2.7880541717640943
3.0,4.0,2.0,2.0,5.0,3.0,2.7880541023025227
3.0,4.0,2.0,3.0,1.0,1.0,1.8850508090514408
3.0,4.0,2.0,3.0,1.0,2.0,2.0819897392489075
3.0,4.0,2.0,3.0,1.0,3.0,2.426819122817061
3.0,4.0,2.0,3.0,2.0,1.0,2.060840358168019
3.0,4.0,2.0,3.0,2.0,2.0,2.362448215295395
3.0,4.0,2.0,3.0,2.0,3.0,2.568545495262395
3.0,4.0,2.0,3.0,2.0,4.0,2.7880539815711822
3.0,4.0,2.0,3.0,2.0,5.0,2.888870680068349
3.0,4.0,2.0,3.0,3.0,1.0,2.06084034161382
3.0,4.0,2.0,3.0,3.0,2.0,2.4797520826616313
3.0,4.0,2.0,3.0,3.0,3.0,2.7323196702521804
3.0,4.0,2.0,3.0,3.0,4.0,2.7880539824004136
3.0,4.0,2.0,3.0,4.0,1.0,2.0608403337260075
3.0,4.0,2.0,3.0,4.0,2.0,2.4811177864215965
3.0,4.0,2.0,3.0,4.0,3.0,2.888870650649673
3.0,4.0,2.0,3.0,4.0,4.0,2.8888706793849934
3.0,4.0,2.0,3.0,4.0,5.0,2.888870695617062
3.0,4.0,2.0,3.0,5.0,2.0,2.4811177899579335
3.0,4.0,2.0,3.0,5.0,3.0,2.8888706654947027
3.0,4.0,2.0,3.0,5.0,4.0,2.8888706924444207
3.0,4.0,2.0,4.0,1.0,1.0,2.1171276824321423
3.0,4.0,2.0,4.0,1.0,2.0,2.2461882225992147
3.0,4.0,2.0,4.0,1.0,3.0,2.426819135857109
3.0,4.0,2.0,4.0,1.0,4.0,2.426819157301569
3.0,4.0,2.0,4.0,1.0,5.0,2.426819167077664
3.0,4.0,2.0,4.0,2.0,1.0,2.117127678251898
3.0,4.0,2.0,4.0,2.0,2.0,2.3624482635946538
3.0,4.0,2.0,4.0,2.0,3.0,2.568545492594575
3.0,4.0,2.0,4.0,2.0,4.0,2.7921864458376064
3.0,4.0,2.0,4.0,3.0,1.0,2.362448109289154
3.0,4.0,2.0,4.0,3.0,2.0,2.479752091172736
3.0,4.0,2.0,4.0,3.0,3.0,2.866500554021971
3.0,4.0,2.0,4.0,3.0,4.0,2.88887064846382
3.0,4.0,2.0,4.0,3.0,5.0,2.9930354671573243
3.0,4.0,2.0,4.0,4.0,2.0,2.4811177963029207
3.0,4.0,2.0,4.0,4.0,3.0,2.88887064589515
3.0,4.0,2.0,4.0,4.0,4.0,2.888870668933576
3.0,4.0,2.0,4.0,4.0,5.0,3.018682196013473
3.0,4.0,2.0,4.0,5.0,4.0,3.0852106162398583
3.0,4.0,2.0,4.0,5.0,5.0,3.0852106199913254
3.0,4.0,2.0,5.0,1.0,1.0,2.117127689056618
3.0,4.0,2.0,5.0,1.0,2.0,2.2461882323731666
3.0,4.0,2.0,5.0,1.0,3.0,2.426819148063138
3.0,4.0,2.0,5.0,1.0,4.0,2.4268191665828236
3.0,4.0,2.0,5.0,2.0,2.0,2.5685454713697293
3.0,4.0,2.0,5.0,2.0,3.0,2.5685454850171143
3.0,4.0,2.0,5.0,2.0,4.0,2.976091743088898
3.0,4.0,2.0,5.0,3.0,2.0,2.5685454745345377
3.0,4.0,2.0,5.0,3.0,3.0,2.8876699972936546
3.0,4.0,2.0,5.0,3.0,4.0,3.0802628087602573
3.0,4.0,2.0,5.0,4.0,2.0,2.5685454726674104
3.0,4.0,2.0,5.0,4.0,3.0,2.8888706538508915
3.0,4.0,2.0,5.0,4.0,4.0,3.088211359257834
3.0,4.0,2.0,5.0,4.0,5.0,3.3253612726497646
3.0,4.0,2.0,5.0,5.0,2.0,2.956089921372795
3.0,4.0,2.0,5.0,5.0,3.0,3.085210618120629
3.0,4.0,2.0,5.0,5.0,4.0,3.0882113661843102
3.0,4.0,2.0,5.0,5.0,5.0,3.4652530104532087
3.0,4.0,3.0,1.0,1.0,1.0,1.4795150980383134
3.0,4.0,3.0,1.0,1.0,2.0,1.993554131390063
3.0,4.0,3.0,1.0,2.0,1.0,1.5326881409848963
3.0,4.0,3.0,1.0,2.0,2.0,2.118869403878007
3.0,4.0,3.0,1.0,2.0,3.0,2.1901522306483665
3.0,4.0,3.0,1.0,3.0,1.0,1.5326881543905884
3.0,4.0,3.0,1.0,3.0,2.0,2.1250702182874783
3.0,4.0,3.0,1.0,3.0,3.0,2.2067574931258953
3.0,4.0,3.0,1.0,3.0,4.0,2.44325706431678
3.0,4.0,3.0,1.0,4.0,2.0,2.1470029214212216
3.0,4.0,3.0,1.0,4.0,3.0,2.3859301377333697
3.0,4.0,3.0,2.0,1.0,1.0,1.7387556519590108
3.0,4.0,3.0,2.0,1.0,2.0,2.0536694952662464
3.0,4.0,3.0,2.0,1.0,3.0,2.4107218698799464
3.0,4.0,3.0,2.0,1.0,4.0,2.4107218879996775
3.0,4.0,3.0,2.0,2.0,1.0,1.7634575075901673
3.0,4.0,3.0,2.0,2.0,2.0,2.403249966558867
3.0,4.0,3.0,2.0,2.0,3.0,2.5968256139176584
3.0,4.0,3.0,2.0,2.0,4.0,2.59682561350134
3.0,4.0,3.0,2.0,3.0,1.0,2.1151829241852798
3.0,4.0,3.0,2.0,3.0,2.0,2.5083497401194186
3.0,4.0,3.0,2.0,3.0,3.0,2.850439969314266
3.0,4.0,3.0,2.0,3.0,4.0,2.9269182205910766
3.0,4.0,3.0,2.0,4.0,2.0,2.6691487485244627
3.0,4.0,3.0,2.0,4.0,3.0,2.8946551953796815
3.0,4.0,3.0,2.0,4.0,4.0,2.9961990476043026
3.0,4.0,3.0,2.0,5.0,2.0,2.7252703193075716
3.0,4.0,3.0,2.0,5.0,3.0,2.9328822877198633
3.0,4.0,3.0,2.0,5.0,4.0,2.9998915152296615
3.0,4.0,3.0,2.0,5.0,5.0,3.0386125916457902
3.0,4.0,3.0,3.0,1.0,1.0,2.060840302027975
3.0,4.0,3.0,3.0,1.0,2.0,2.081989728955441
3.0,4.0,3.0,3.0,1.0,3.0,2.577553795727272
3.0,4.0,3.0,3.0,1.0,4.0,2.577553799965027
3.0,4.0,3.0,3.0,2.0,1.0,2.2915035720490886
3.0,4.0,3.0,3.0,2.0,2.0,2.477006858289101
3.0,4.0,3.0,3.0,2.0,3.0,2.906243745931768
3.0,4.0,3.0,3.0,2.0,4.0,2.9062437411902775
3.0,4.0,3.0,3.0,3.0,1.0,2.4501443978271
3.0,4.0,3.0,3.0,3.0,2.0,2.669148899413811
3.0,4.0,3.0,3.0,3.0,3.0,2.981633202532683
3.0,4.0,3.0,3.0,3.0,4.0,3.219539437374947
3.0,4.0,3.0,3.0,3.0,5.0,3.2195394397190387
3.0,4.0,3.0,3.0,4.0,1.0,2.450144397077622
3.0,4.0,3.0,3.0,4.0,2.0,2.7827432174216304
3.0,4.0,3.0,3.0,4.0,3.0,3.1040970923138143
3.0,4.0,3.0,3.0,4.0,4.0,3.2892627080875725
3.0,4.0,3.0,3.0,4.0,5.0,3.5724027199427053
3.0,4.0,3.0,3.0,5.0,3.0,3.17910853708041
3.0,4.0,3.0,3.0,5.0,4.0,3.321834298207742
3.0,4.0,3.0,3.0,5.0,5.0,3.5724027396029423
3.0,4.0,3.0,4.0,1.0,1.0,2.1171276766451523
3.0,4.0,3.0,4.0,1.0,2.0,2.4420986865823613
3.0,4.0,3.0,4.0,1.0,3.0,2.577553830694556
3.0,4.0,3.0,4.0,1.0,4.0,2.5775538330965837
3.0,4.0,3.0,4.0,1.0,5.0,3.1581761758359352
3.0,4.0,3.0,4.0,2.0,2.0,2.762254375320522
3.0,4.0,3.0,4.0,2.0,3.0,2.906243750429614
3.0,4.0,3.0,4.0,2.0,4.0,3.2026767868720687
3.0,4.0,3.0,4.0,2.0,5.0,3.202676799617951
3.0,4.0,3.0,4.0,3.0,1.0,2.764387427390343
3.0,4.0,3.0,4.0,3.0,2.0,2.806165094902488
3.0,4.0,3.0,4.0,3.0,3.0,3.056006007478772
3.0,4.0,3.0,4.0,3.0,4.0,3.2726981764824323
3.0,4.0,3.0,4.0,3.0,5.0,3.2726981896531284
3.0,4.0,3.0,4.0,4.0,2.0,2.8061651089082953
3.0,4.0,3.0,4.0,4.0,3.0,3.166290271369889
3.0,4.0,3.0,4.0,4.0,4.0,3.418054143211569
3.0,4.0,3.0,4.0,4.0,5.0,3.5756471421147715
3.0,4.0,3.0,4.0,5.0,1.0,2.7643874337534515
3.0,4.0,3.0,4.0,5.0,2.0,2.9900117082335202
3.0,4.0,3.0,4.0,5.0,3.0,3.1791085467103937
3.0,4.0,3.0,4.0,5.0,4.0,3.4983763293608052
3.0,4.0,3.0,4.0,5.0,5.0,3.575647139972323
3.0,4.0,3.0,5.0,1.0,1.0,2.1171276838783597
3.0,4.0,3.0,5.0,1.0,3.0,2.5775538385328645
3.0,4.0,3.0,5.0,1.0,4.0,2.577553838437399
3.0,4.0,3.0,5.0,1.0,5.0,3.158176188578169
3.0,4.0,3.0,5.0,2.0,1.0,2.2915035734853757
3.0,4.0,3.0,5.0,2.0,3.0,2.906243751153104
3.0,4.0,3.0,5.0,2.0,4.0,3.202676798463198
3.0,4.0,3.0,5.0,2.0,5.0,3.2026768032675044
3.0,4.0,3.0,5.0,3.0,2.0,3.036184990888024
3.0,4.0,3.0,5.0,3.0,3.0,3.1628561251372638
3.0,4.0,3.0,5.0,3.0,4.0,3.272698217596901
3.0,4.0,3.0,5.0,3.0,5.0,3.3349149558821263
3.0,4.0,3.0,5.0,4.0,2.0,3.0361849993444063
3.0,4.0,3.0,5.0,4.0,3.0,3.205487810042629
3.0,4.0,3.0,5.0,4.0,4.0,3.5756471101540535
3.0,4.0,3.0,5.0,4.0,5.0,3.5756471437827324
3.0,4.0,3.0,5.0,5.0,2.0,3.0361850034470725
3.0,4.0,3.0,5.0,5.0,3.0,3.3541805570611682
3.0,4.0,3.0,5.0,5.0,4.0,3.575647141055033
3.0,4.0,3.0,5.0,5.0,5.0,3.575647147796933
3.0,4.0,4.0,1.0,1.0,1.0,1.479515078698293
3.0,4.0,4.0,1.0,1.0,2.0,2.11886936585271
3.0,4.0,4.0,1.0,2.0,1.0,1.7153163591118292
3.0,4.0,4.0,1.0,3.0,1.0,2.0271793870768753
3.0,4.0,4.0,1.0,4.0,2.0,2.1470029224126854
3.0,4.0,4.0,1.0,4.0,3.0,2.5629208046264047
3.0,4.0,4.0,1.0,4.0,4.0,2.9966280091668476
3.0,4.0,4.0,1.0,5.0,4.0,3.2457828205265744
3.0,4.0,4.0,2.0,1.0,2.0,2.118869361327619
3.0,4.0,4.0,2.0,1.0,3.0,2.577553728546585
3.0,4.0,4.0,2.0,1.0,4.0,2.7252703265685287
3.0,4.0,4.0,2.0,2.0,1.0,2.048817434647487
3.0,4.0,4.0,2.0,2.0,2.0,2.488694654790617
3.0,4.0,4.0,2.0,2.0,3.0,2.7252703244578353
3.0,4.0,4.0,2.0,2.0,4.0,2.7252703312518585
3.0,4.0,4.0,2.0,3.0,2.0,2.5083497388685725
3.0,4.0,4.0,2.0,3.0,3.0,2.894105700865019
3.0,4.0,4.0,2.0,3.0,4.0,3.2395064687626838
3.0,4.0,4.0,2.0,4.0,2.0,2.7047680133427856
3.0,4.0,4.0,2.0,4.0,3.0,3.1497814923454435
3.0,4.0,4.0,2.0,4.0,4.0,3.239506473371697
3.0,4.0,4.0,2.0,5.0,2.0,2.725270328568981
3.0,4.0,4.0,2.0,5.0,5.0,3.8094332572829774
3.0,4.0,4.0,3.0,1.0,2.0,2.262332339733164
3.0,4.0,4.0,3.0,1.0,3.0,2.5775537664992654
3.0,4.0,4.0,3.0,1.0,4.0,2.820135762780593
3.0,4.0,4.0,3.0,2.0,1.0,2.2915035876114125
3.0,4.0,4.0,3.0,2.0,2.0,2.6000942990085743
3.0,4.0,4.0,3.0,2.0,3.0,3.0580424746437713
3.0,4.0,4.0,3.0,2.0,4.0,3.0580424757678446
3.0,4.0,4.0,3.0,3.0,2.0,2.9316916121423997
3.0,4.0,4.0,3.0,3.0,3.0,3.246791944356407
3.0,4.0,4.0,3.0,3.0,4.0,3.37160626592287
3.0,4.0,4.0,3.0,4.0,2.0,2.9900117366634356
3.0,4.0,4.0,3.0,4.0,3.0,3.2779449420397913
3.0,4.0,4.0,3.0,4.0,4.0,3.476195952086782
3.0,4.0,4.0,3.0,4.0,5.0,3.8094332402408777
3.0,4.0,4.0,3.0,5.0,3.0,3.325890997462779
3.0,4.0,4.0,3.0,5.0,4.0,3.704320196007112
3.0,4.0,4.0,3.0,5.0,5.0,3.8094332562339592
3.0,4.0,4.0,4.0,1.0,1.0,2.6597797183218836
3.0,4.0,4.0,4.0,1.0,3.0,2.6597797294833523
3.0,4.0,4.0,4.0,1.0,4.0,2.820135785163198
3.0,4.0,4.0,4.0,1.0,5.0,3.205797827856604
3.0,4.0,4.0,4.0,2.0,2.0,2.7622543770190147
3.0,4.0,4.0,4.0,2.0,3.0,3.0654513580978815
3.0,4.0,4.0,4.0,2.0,4.0,3.348238718529523
3.0,4.0,4.0,4.0,3.0,1.0,2.7990511074022386
3.0,4.0,4.0,4.0,3.0,2.0,3.2352477627418295
3.0,4.0,4.0,4.0,3.0,3.0,3.297027381886251
3.0,4.0,4.0,4.0,3.0,4.0,3.7265677947537275
3.0,4.0,4.0,4.0,3.0,5.0,3.726567815319102
3.0,4.0,4.0,4.0,4.0,3.0,3.4536521212146063
3.0,4.0,4.0,4.0,4.0,4.0,3.726567815602488
3.0,4.0,4.0,4.0,4.0,5.0,3.9434978639442555
3.0,4.0,4.0,4.0,5.0,3.0,3.453652133311202
3.0,4.0,4.0,4.0,5.0,4.0,3.8973112503710805
3.0,4.0,4.0,4.0,5.0,5.0,3.969636248208956
3.0,4.0,4.0,5.0,1.0,4.0,2.8201357845253265
3.0,4.0,4.0,5.0,2.0,2.0,2.9615533354567836
3.0,4.0,4.0,5.0,2.0,3.0,3.065451361302759
3.0,4.0,4.0,5.0,2.0,4.0,3.3482387232467974
3.0,4.0,4.0,5.0,2.0,5.0,3.3482387338543558
3.0,4.0,4.0,5.0,3.0,3.0,3.492349077275914
3.0,4.0,4.0,5.0,3.0,4.0,3.745423623274048
3.0,4.0,4.0,5.0,3.0,5.0,3.949299829074602
3.0,4.0,4.0,5.0,4.0,3.0,3.5580163656796664
3.0,4.0,4.0,5.0,4.0,4.0,3.805709393153711
3.0,4.0,4.0,5.0,4.0,5.0,3.949299828972913
3.0,4.0,4.0,5.0,5.0,3.0,3.55801638045156
3.0,4.0,4.0,5.0,5.0,4.0,3.96588970105267
3.0,4.0,4.0,5.0,5.0,5.0,3.9696362669492893
3.0,4.0,5.0,1.0,1.0,1.0,1.4795150689905154
3.0,4.0,5.0,1.0,2.0,2.0,2.118869389566612
3.0,4.0,5.0,2.0,2.0,3.0,2.7252703227488073
3.0,4.0,5.0,2.0,3.0,2.0,2.725270315721712
3.0,4.0,5.0,3.0,2.0,3.0,3.2353540313598743
3.0,4.0,5.0,3.0,2.0,4.0,3.42425132807357
3.0,4.0,5.0,3.0,3.0,2.0,3.2931425104450116
3.0,4.0,5.0,3.0,3.0,3.0,3.3309414296710727
3.0,4.0,5.0,3.0,3.0,4.0,3.424251329778447
3.0,4.0,5.0,3.0,3.0,5.0,3.604476018565439
3.0,4.0,5.0,3.0,4.0,3.0,3.3932376272279074
3.0,4.0,5.0,3.0,4.0,4.0,3.502277400594435
3.0,4.0,5.0,3.0,5.0,4.0,3.937585489040241
3.0,4.0,5.0,3.0,5.0,5.0,3.976394246334771
3.0,4.0,5.0,4.0,2.0,3.0,3.235354036522888
3.0,4.0,5.0,4.0,3.0,3.0,3.3309414367935344
3.0,4.0,5.0,4.0,3.0,4.0,3.726567801722984
3.0,4.0,5.0,4.0,4.0,3.0,3.722164715418308
3.0,4.0,5.0,4.0,4.0,4.0,3.8850602183980585
3.0,4.0,5.0,4.0,4.0,5.0,4.151304670990452
3.0,4.0,5.0,4.0,5.0,3.0,3.866210252104995
3.0,4.0,5.0,4.0,5.0,4.0,4.103673659208794
3.0,4.0,5.0,4.0,5.0,5.0,4.1513046790662536
3.0,4.0,5.0,5.0,2.0,3.0,3.293142514365759
3.0,4.0,5.0,5.0,2.0,4.0,3.4242513353486586
3.0,4.0,5.0,5.0,3.0,1.0,3.0179621820177687
3.0,4.0,5.0,5.0,3.0,3.0,3.4967917625180904
3.0,4.0,5.0,5.0,3.0,4.0,3.8850602376290224
3.0,4.0,5.0,5.0,4.0,3.0,3.866210242648683
3.0,4.0,5.0,5.0,4.0,4.0,3.8850602363300557
3.0,4.0,5.0,5.0,4.0,5.0,4.280495396722749
3.0,4.0,5.0,5.0,5.0,3.0,3.866210254938223
3.0,4.0,5.0,5.0,5.0,4.0,4.149642054172191
3.0,4.0,5.0,5.0,5.0,5.0,4.280495386444686
3.0,5.0,1.0,1.0,1.0,1.0,1.1602090745747855
3.0,5.0,1.0,1.0,1.0,2.0,1.5879006101521673
3.0,5.0,1.0,1.0,1.0,3.0,1.5879006111795428
3.0,5.0,1.0,1.0,2.0,1.0,1.3447065542691001
3.0,5.0,1.0,1.0,2.0,2.0,1.8318518774776238
3.0,5.0,1.0,1.0,3.0,1.0,1.553310593906342
3.0,5.0,1.0,1.0,3.0,3.0,1.8318518762019862
3.0,5.0,1.0,1.0,3.0,4.0,1.8422275577102931
3.0,5.0,1.0,1.0,4.0,1.0,1.5533105822638216
3.0,5.0,1.0,1.0,4.0,2.0,1.8318518734517872
3.0,5.0,1.0,1.0,4.0,3.0,1.8422275565138009
3.0,5.0,1.0,1.0,5.0,1.0,1.5533105831954448
3.0,5.0,1.0,2.0,1.0,1.0,1.4570217237303948
3.0,5.0,1.0,2.0,1.0,2.0,1.7247175432702586
3.0,5.0,1.0,2.0,1.0,3.0,1.9650402790603285
3.0,5.0,1.0,2.0,2.0,1.0,1.9329000502277232
3.0,5.0,1.0,2.0,2.0,2.0,2.172856987258149
3.0,5.0,1.0,2.0,2.0,3.0,2.172856988931539
3.0,5.0,1.0,2.0,3.0,1.0,1.9329000720706189
3.0,5.0,1.0,2.0,3.0,2.0,2.1728569914411455
3.0,5.0,1.0,2.0,4.0,1.0,1.9329000765310724
3.0,5.0,1.0,2.0,4.0,2.0,2.1728569916600136
3.0,5.0,1.0,2.0,4.0,4.0,2.172856994903722
3.0,5.0,1.0,2.0,4.0,5.0,2.2799120660270664
3.0,5.0,1.0,2.0,5.0,2.0,2.1728569990425646
3.0,5.0,1.0,3.0,1.0,1.0,1.7026208159656548
3.0,5.0,1.0,3.0,1.0,2.0,1.7247175538276702
3.0,5.0,1.0,3.0,1.0,3.0,2.007971999793901
3.0,5.0,1.0,3.0,2.0,1.0,1.932900061414705
3.0,5.0,1.0,3.0,2.0,2.0,2.172856991048963
3.0,5.0,1.0,3.0,2.0,3.0,2.172857000356764
3.0,5.0,1.0,3.0,2.0,4.0,2.3967466768929504
3.0,5.0,1.0,3.0,3.0,1.0,1.9329000741894953
3.0,5.0,1.0,3.0,3.0,2.0,2.172856998288235
3.0,5.0,1.0,3.0,3.0,3.0,2.311352256857468
3.0,5.0,1.0,3.0,3.0,4.0,2.3967466842063434
3.0,5.0,1.0,3.0,4.0,1.0,1.932900075203141
3.0,5.0,1.0,3.0,4.0,2.0,2.311352273062269
3.0,5.0,1.0,3.0,4.0,3.0,2.3113522823650996
3.0,5.0,1.0,3.0,5.0,2.0,2.3113522763946963
3.0,5.0,1.0,3.0,5.0,3.0,2.311352285119636
3.0,5.0,1.0,3.0,5.0,4.0,2.396746686159636
3.0,5.0,1.0,4.0,1.0,1.0,1.702620786779849
3.0,5.0,1.0,4.0,1.0,2.0,1.990380918122732
3.0,5.0,1.0,4.0,1.0,3.0,2.0079720121023317
3.0,5.0,1.0,4.0,1.0,4.0,2.2269462031699225
3.0,5.0,1.0,4.0,2.0,2.0,2.182731599038281
3.0,5.0,1.0,4.0,3.0,1.0,1.9329000796775873
3.0,5.0,1.0,4.0,3.0,2.0,2.389430150106135
3.0,5.0,1.0,4.0,3.0,3.0,2.3894301611866884
3.0,5.0,1.0,4.0,3.0,4.0,2.435091581868011
3.0,5.0,1.0,4.0,4.0,1.0,1.9329000797113927
3.0,5.0,1.0,4.0,4.0,3.0,2.4350916543760355
3.0,5.0,1.0,4.0,4.0,4.0,2.4350914920330062
3.0,5.0,1.0,4.0,4.0,5.0,2.6174962802373987
3.0,5.0,1.0,4.0,5.0,2.0,2.6058280861500793
3.0,5.0,1.0,4.0,5.0,3.0,2.6058280938024163
3.0,5.0,1.0,4.0,5.0,4.0,2.605828099064882
3.0,5.0,1.0,5.0,1.0,1.0,1.7026207753627698
3.0,5.0,1.0,5.0,1.0,3.0,2.0229438058637115
3.0,5.0,1.0,5.0,1.0,5.0,2.226946233184402
3.0,5.0,1.0,5.0,2.0,1.0,2.0467789725210443
3.0,5.0,1.0,5.0,2.0,2.0,2.617496193122653
3.0,5.0,1.0,5.0,2.0,3.0,2.61749619573172
3.0,5.0,1.0,5.0,4.0,2.0,2.617496200423603
3.0,5.0,1.0,5.0,4.0,3.0,2.6517704837380434
3.0,5.0,1.0,5.0,4.0,4.0,2.651770499658911
3.0,5.0,1.0,5.0,4.0,5.0,3.3253612688043885
3.0,5.0,1.0,5.0,5.0,2.0,2.6174962154972476
3.0,5.0,1.0,5.0,5.0,3.0,2.675982108642452
3.0,5.0,1.0,5.0,5.0,5.0,3.325361278263638
3.0,5.0,2.0,1.0,1.0,1.0,1.4795151238286497
3.0,5.0,2.0,1.0,1.0,2.0,1.8405361486962948
3.0,5.0,2.0,1.0,1.0,4.0,2.1830952258076994
3.0,5.0,2.0,1.0,2.0,1.0,1.6309154513461541
3.0,5.0,2.0,1.0,2.0,2.0,1.996900012900745
3.0,5.0,2.0,1.0,2.0,3.0,2.0462600304871654
3.0,5.0,2.0,1.0,3.0,1.0,1.6309154742741998
3.0,5.0,2.0,1.0,3.0,2.0,1.9999992970184575
3.0,5.0,2.0,1.0,3.0,3.0,2.1830952250271958
3.0,5.0,2.0,1.0,3.0,4.0,2.183095236307111
3.0,5.0,2.0,1.0,4.0,1.0,1.8167338599934721
3.0,5.0,2.0,1.0,4.0,2.0,2.183095226118169
3.0,5.0,2.0,1.0,4.0,3.0,2.183095230608481
3.0,5.0,2.0,2.0,1.0,1.0,1.6674265271812259
3.0,5.0,2.0,2.0,1.0,2.0,1.9687766042810577
3.0,5.0,2.0,2.0,1.0,3.0,2.385894307470257
3.0,5.0,2.0,2.0,2.0,1.0,2.0608403143505862
3.0,5.0,2.0,2.0,2.0,2.0,2.3007233792648214
3.0,5.0,2.0,2.0,2.0,3.0,2.4766972220166235
3.0,5.0,2.0,2.0,2.0,5.0,2.9272407733631125
3.0,5.0,2.0,2.0,3.0,1.0,2.060840330090933
3.0,5.0,2.0,2.0,3.0,2.0,2.3007233853835904
3.0,5.0,2.0,2.0,3.0,3.0,2.476697248798165
3.0,5.0,2.0,2.0,3.0,4.0,2.7880540423798057
3.0,5.0,2.0,2.0,4.0,2.0,2.300723396148804
3.0,5.0,2.0,2.0,4.0,3.0,2.780674144239086
3.0,5.0,2.0,2.0,4.0,4.0,2.788054120764453
3.0,5.0,2.0,2.0,5.0,2.0,2.3400006190275286
3.0,5.0,2.0,2.0,5.0,3.0,2.788054111337571
3.0,5.0,2.0,2.0,5.0,4.0,2.7880541282433633
3.0,5.0,2.0,3.0,1.0,1.0,1.981345884048334
3.0,5.0,2.0,3.0,1.0,2.0,2.246188222589922
3.0,5.0,2.0,3.0,1.0,3.0,2.493953160453711
3.0,5.0,2.0,3.0,1.0,4.0,2.493953169721284
3.0,5.0,2.0,3.0,1.0,5.0,2.4939531792192637
3.0,5.0,2.0,3.0,2.0,1.0,2.060840341556352
3.0,5.0,2.0,3.0,2.0,2.0,2.362448223472541
3.0,5.0,2.0,3.0,2.0,3.0,2.5685455005374798
3.0,5.0,2.0,3.0,2.0,4.0,2.788053987586164
3.0,5.0,2.0,3.0,3.0,1.0,2.060840336778403
3.0,5.0,2.0,3.0,3.0,2.0,2.625146777192475
3.0,5.0,2.0,3.0,3.0,3.0,2.788053944850152
3.0,5.0,2.0,3.0,3.0,4.0,2.7880539967673625
3.0,5.0,2.0,3.0,3.0,5.0,2.981074763422031
3.0,5.0,2.0,3.0,4.0,1.0,2.4777232487967233
3.0,5.0,2.0,3.0,4.0,2.0,2.6309501752389277
3.0,5.0,2.0,3.0,4.0,3.0,2.888870765335565
3.0,5.0,2.0,3.0,4.0,4.0,2.8888707481144866
3.0,5.0,2.0,3.0,4.0,5.0,3.3253612488654585
3.0,5.0,2.0,3.0,5.0,1.0,2.4777232586291618
3.0,5.0,2.0,3.0,5.0,2.0,2.6309501803749704
3.0,5.0,2.0,3.0,5.0,3.0,2.888870753798962
3.0,5.0,2.0,3.0,5.0,4.0,2.888870737980284
3.0,5.0,2.0,4.0,1.0,1.0,2.1171276917273674
3.0,5.0,2.0,4.0,1.0,2.0,2.246188229841459
3.0,5.0,2.0,4.0,1.0,3.0,2.4939531672319135
3.0,5.0,2.0,4.0,1.0,4.0,2.5083066605559
3.0,5.0,2.0,4.0,2.0,2.0,2.4892111441820104
3.0,5.0,2.0,4.0,2.0,3.0,2.8876699888198156
3.0,5.0,2.0,4.0,2.0,4.0,2.944806516297407
3.0,5.0,2.0,4.0,3.0,1.0,2.362448106956927
3.0,5.0,2.0,4.0,3.0,2.0,2.625146783698859
3.0,5.0,2.0,4.0,3.0,3.0,2.887669996333227
3.0,5.0,2.0,4.0,3.0,4.0,3.0802628103870853
3.0,5.0,2.0,4.0,3.0,5.0,3.1932251734904824
3.0,5.0,2.0,4.0,4.0,2.0,2.6309501781257176
3.0,5.0,2.0,4.0,4.0,3.0,2.9972205351387267
3.0,5.0,2.0,4.0,4.0,4.0,3.0882113365596524
3.0,5.0,2.0,4.0,4.0,5.0,3.325361251468116
3.0,5.0,2.0,4.0,5.0,1.0,2.477723267374619
3.0,5.0,2.0,4.0,5.0,2.0,2.6309501819595797
3.0,5.0,2.0,4.0,5.0,3.0,3.08521061503185
3.0,5.0,2.0,4.0,5.0,4.0,3.0882113453430367
3.0,5.0,2.0,4.0,5.0,5.0,3.3253612587263026
3.0,5.0,2.0,5.0,1.0,2.0,2.246188244389554
3.0,5.0,2.0,5.0,1.0,3.0,2.6115822210638697
3.0,5.0,2.0,5.0,1.0,4.0,2.6115822394624724
3.0,5.0,2.0,5.0,1.0,5.0,2.6115822533765702
3.0,5.0,2.0,5.0,2.0,1.0,2.4652518257096
3.0,5.0,2.0,5.0,2.0,2.0,2.725739404620867
3.0,5.0,2.0,5.0,2.0,3.0,2.8876699951179075
3.0,5.0,2.0,5.0,2.0,4.0,2.9850652285952193
3.0,5.0,2.0,5.0,2.0,5.0,3.0118025346170545
3.0,5.0,2.0,5.0,3.0,1.0,2.465251833803745
3.0,5.0,2.0,5.0,3.0,2.0,2.7257394126870267
3.0,5.0,2.0,5.0,3.0,3.0,2.8876700007064664
3.0,5.0,2.0,5.0,3.0,4.0,3.0802628204140032
3.0,5.0,2.0,5.0,3.0,5.0,3.193225181606636
3.0,5.0,2.0,5.0,4.0,1.0,2.703530923236459
3.0,5.0,2.0,5.0,4.0,2.0,2.9705077079105795
3.0,5.0,2.0,5.0,4.0,3.0,2.9972205385722503
3.0,5.0,2.0,5.0,4.0,4.0,3.088211360584921
3.0,5.0,2.0,5.0,4.0,5.0,3.325361272672144
3.0,5.0,2.0,5.0,5.0,2.0,2.972316466674862
3.0,5.0,2.0,5.0,5.0,3.0,3.0852106213593458
3.0,5.0,2.0,5.0,5.0,4.0,3.3319206124934126
3.0,5.0,2.0,5.0,5.0,5.0,3.4652530085752304
3.0,5.0,3.0,1.0,1.0,1.0,1.4795151246984966
3.0,5.0,3.0,1.0,1.0,2.0,2.0462600151329577
3.0,5.0,3.0,1.0,1.0,3.0,2.0462600373523876
3.0,5.0,3.0,1.0,2.0,1.0,1.8659693160368553
3.0,5.0,3.0,1.0,2.0,2.0,2.118869427663601
3.0,5.0,3.0,1.0,2.0,3.0,2.4432570462399754
3.0,5.0,3.0,1.0,3.0,1.0,2.1151829587714253
3.0,5.0,3.0,1.0,3.0,2.0,2.1250702232971226
3.0,5.0,3.0,1.0,3.0,3.0,2.443257057944119
3.0,5.0,3.0,1.0,3.0,5.0,2.801950941367264
3.0,5.0,3.0,1.0,4.0,1.0,2.1151829719163042
3.0,5.0,3.0,1.0,4.0,2.0,2.183095228706301
3.0,5.0,3.0,1.0,4.0,3.0,2.443257057166436
3.0,5.0,3.0,1.0,4.0,4.0,2.443257065573838
3.0,5.0,3.0,1.0,5.0,1.0,2.115182986699362
3.0,5.0,3.0,1.0,5.0,3.0,2.524827673811719
3.0,5.0,3.0,1.0,5.0,4.0,2.686444744637158
3.0,5.0,3.0,1.0,5.0,5.0,2.8019509481933946
3.0,5.0,3.0,2.0,1.0,1.0,1.7387556554209171
3.0,5.0,3.0,2.0,1.0,2.0,2.2065686235282893
3.0,5.0,3.0,2.0,1.0,3.0,2.577553726612841
3.0,5.0,3.0,2.0,2.0,1.0,2.115182935368373
3.0,5.0,3.0,2.0,2.0,2.0,2.4032499711993753
3.0,5.0,3.0,2.0,2.0,3.0,2.850857476386681
3.0,5.0,3.0,2.0,2.0,4.0,2.926918220789985
3.0,5.0,3.0,2.0,3.0,1.0,2.1151829441514645
3.0,5.0,3.0,2.0,3.0,2.0,2.6294294744090707
3.0,5.0,3.0,2.0,3.0,3.0,2.8941057058379394
3.0,5.0,3.0,2.0,3.0,4.0,2.926918226888203
3.0,5.0,3.0,2.0,4.0,2.0,2.7155236658160544
3.0,5.0,3.0,2.0,4.0,3.0,2.9328822792237204
3.0,5.0,3.0,2.0,4.0,4.0,2.9961990663217257
3.0,5.0,3.0,2.0,4.0,5.0,3.4511142237166266
3.0,5.0,3.0,2.0,5.0,3.0,2.93288229800586
3.0,5.0,3.0,2.0,5.0,4.0,3.451114207578384
3.0,5.0,3.0,2.0,5.0,5.0,3.451114223025845
3.0,5.0,3.0,3.0,1.0,1.0,2.060840300338212
3.0,5.0,3.0,3.0,1.0,2.0,2.4882838498003235
3.0,5.0,3.0,3.0,1.0,3.0,2.914951738014137
3.0,5.0,3.0,3.0,1.0,4.0,2.914951739055951
3.0,5.0,3.0,3.0,1.0,5.0,2.9891827747280604
3.0,5.0,3.0,3.0,2.0,2.0,2.631891103613674
3.0,5.0,3.0,3.0,2.0,3.0,2.9963486530772463
3.0,5.0,3.0,3.0,2.0,4.0,3.202676789403338
3.0,5.0,3.0,3.0,3.0,1.0,2.47772327430405
3.0,5.0,3.0,3.0,3.0,2.0,2.6691489392148853
3.0,5.0,3.0,3.0,3.0,3.0,3.0519044216812024
3.0,5.0,3.0,3.0,3.0,4.0,3.219539444959035
3.0,5.0,3.0,3.0,3.0,5.0,3.219539450695869
3.0,5.0,3.0,3.0,4.0,2.0,2.950852679360802
3.0,5.0,3.0,3.0,4.0,3.0,3.2892584368608424
3.0,5.0,3.0,3.0,4.0,4.0,3.4958539567130833
3.0,5.0,3.0,3.0,4.0,5.0,3.6927126348695665
3.0,5.0,3.0,3.0,5.0,1.0,2.4777232675483516
3.0,5.0,3.0,3.0,5.0,2.0,2.9900117212931843
3.0,5.0,3.0,3.0,5.0,3.0,3.2892584435475674
3.0,5.0,3.0,3.0,5.0,4.0,3.495853989686645
3.0,5.0,3.0,3.0,5.0,5.0,3.6927126418955947
3.0,5.0,3.0,4.0,1.0,2.0,2.835622907463801
3.0,5.0,3.0,4.0,1.0,3.0,2.9149517542482473
3.0,5.0,3.0,4.0,1.0,4.0,2.9149517580918607
3.0,5.0,3.0,4.0,2.0,1.0,2.6728882971063825
3.0,5.0,3.0,4.0,2.0,2.0,2.9686026850259974
3.0,5.0,3.0,4.0,2.0,3.0,3.0347456738776524
3.0,5.0,3.0,4.0,2.0,4.0,3.202676796352655
3.0,5.0,3.0,4.0,2.0,5.0,3.255000183546755
3.0,5.0,3.0,4.0,3.0,1.0,2.7643874477094736
3.0,5.0,3.0,4.0,3.0,2.0,2.9931710578130626
3.0,5.0,3.0,4.0,3.0,3.0,3.2892584292759106
3.0,5.0,3.0,4.0,3.0,4.0,3.2892584440442243
3.0,5.0,3.0,4.0,3.0,5.0,3.492870860739342
3.0,5.0,3.0,4.0,4.0,2.0,2.9962705481554037
3.0,5.0,3.0,4.0,4.0,3.0,3.289258439756794
3.0,5.0,3.0,4.0,4.0,4.0,3.617891270109978
3.0,5.0,3.0,4.0,4.0,5.0,3.6927126285502085
3.0,5.0,3.0,4.0,5.0,1.0,2.764387446370735
3.0,5.0,3.0,4.0,5.0,2.0,2.9971173554311763
3.0,5.0,3.0,4.0,5.0,3.0,3.2892584613908635
3.0,5.0,3.0,4.0,5.0,4.0,3.617891351129493
3.0,5.0,3.0,4.0,5.0,5.0,3.7921058310664644
3.0,5.0,3.0,5.0,1.0,1.0,2.1171277023910253
3.0,5.0,3.0,5.0,1.0,2.0,2.91495176124511
3.0,5.0,3.0,5.0,1.0,3.0,2.9149517648518217
3.0,5.0,3.0,5.0,1.0,4.0,2.914951782023376
3.0,5.0,3.0,5.0,1.0,5.0,3.1581761969376263
3.0,5.0,3.0,5.0,2.0,2.0,2.9842428637026663
3.0,5.0,3.0,5.0,2.0,3.0,3.247978856135704
3.0,5.0,3.0,5.0,2.0,4.0,3.247978867427073
3.0,5.0,3.0,5.0,2.0,5.0,3.4933747944039975
3.0,5.0,3.0,5.0,3.0,2.0,3.036184998646367
3.0,5.0,3.0,5.0,3.0,3.0,3.2892584445035804
3.0,5.0,3.0,5.0,3.0,4.0,3.583679101973663
3.0,5.0,3.0,5.0,3.0,5.0,3.6444786663173767
3.0,5.0,3.0,5.0,4.0,1.0,2.7643874597526277
3.0,5.0,3.0,5.0,4.0,2.0,3.0361850030996362
3.0,5.0,3.0,5.0,4.0,3.0,3.289258476678365
3.0,5.0,3.0,5.0,4.0,4.0,3.7218237971297703
3.0,5.0,3.0,5.0,4.0,5.0,3.7218238043588636
3.0,5.0,3.0,5.0,5.0,1.0,2.764387460227649
3.0,5.0,3.0,5.0,5.0,2.0,3.0361850066362006
3.0,5.0,3.0,5.0,5.0,3.0,3.354180567782779
3.0,5.0,3.0,5.0,5.0,4.0,3.721823803773055
3.0,5.0,3.0,5.0,5.0,5.0,3.792105839261124
3.0,5.0,4.0,1.0,1.0,1.0,1.479515120336949
3.0,5.0,4.0,1.0,2.0,1.0,1.8659693269755897
3.0,5.0,4.0,1.0,3.0,1.0,2.1151829709425796
3.0,5.0,4.0,1.0,3.0,2.0,2.1901521938163206
3.0,5.0,4.0,1.0,3.0,5.0,3.0260165917061195
3.0,5.0,4.0,2.0,1.0,2.0,2.206568627652763
3.0,5.0,4.0,2.0,1.0,3.0,2.5775537295372057
3.0,5.0,4.0,2.0,2.0,2.0,2.4886946558207317
3.0,5.0,4.0,2.0,2.0,3.0,2.894105700701167
3.0,5.0,4.0,2.0,3.0,2.0,2.6294294737501955
3.0,5.0,4.0,2.0,3.0,3.0,2.8941057051553676
3.0,5.0,4.0,2.0,3.0,4.0,3.388688231334034
3.0,5.0,4.0,2.0,4.0,1.0,2.1163374674079525
3.0,5.0,4.0,2.0,4.0,2.0,2.715523673602099
3.0,5.0,4.0,2.0,4.0,3.0,3.160208850933198
3.0,5.0,4.0,2.0,4.0,4.0,3.451114225083117
3.0,5.0,4.0,2.0,4.0,5.0,3.451114229362723
3.0,5.0,4.0,2.0,5.0,2.0,2.9900117451796753
3.0,5.0,4.0,2.0,5.0,3.0,3.1602088568208253
3.0,5.0,4.0,2.0,5.0,4.0,3.624670828564017
3.0,5.0,4.0,2.0,5.0,5.0,3.91711562183338
3.0,5.0,4.0,3.0,1.0,1.0,2.7990511002732883
3.0,5.0,4.0,3.0,1.0,2.0,2.8356228840380244
3.0,5.0,4.0,3.0,1.0,3.0,2.914951741953505
3.0,5.0,4.0,3.0,1.0,4.0,3.002439262690772
3.0,5.0,4.0,3.0,2.0,1.0,2.7990511071556385
3.0,5.0,4.0,3.0,2.0,2.0,2.835622890950139
3.0,5.0,4.0,3.0,2.0,3.0,3.2353540304575406
3.0,5.0,4.0,3.0,2.0,4.0,3.348238748704033
3.0,5.0,4.0,3.0,2.0,5.0,3.3482387590030847
3.0,5.0,4.0,3.0,3.0,2.0,2.99001175399303
3.0,5.0,4.0,3.0,3.0,3.0,3.246791978332265
3.0,5.0,4.0,3.0,3.0,4.0,3.388688239704765
3.0,5.0,4.0,3.0,3.0,5.0,3.3886882781195267
3.0,5.0,4.0,3.0,4.0,2.0,2.990011750450796
3.0,5.0,4.0,3.0,4.0,3.0,3.382572710581038
3.0,5.0,4.0,3.0,4.0,4.0,3.798671427011574
3.0,5.0,4.0,3.0,4.0,5.0,3.8094332428412856
3.0,5.0,4.0,3.0,5.0,2.0,2.9900117449247854
3.0,5.0,4.0,3.0,5.0,3.0,3.5971939337895513
3.0,5.0,4.0,3.0,5.0,4.0,3.9171155914145417
3.0,5.0,4.0,3.0,5.0,5.0,3.9171156150872193
3.0,5.0,4.0,4.0,1.0,2.0,2.835622894553145
3.0,5.0,4.0,4.0,1.0,3.0,2.9816673533264635
3.0,5.0,4.0,4.0,1.0,4.0,3.002439278560129
3.0,5.0,4.0,4.0,1.0,5.0,3.2057978351395127
3.0,5.0,4.0,4.0,2.0,2.0,2.987963310627483
3.0,5.0,4.0,4.0,2.0,3.0,3.2353540393736333
3.0,5.0,4.0,4.0,2.0,4.0,3.348238745864565
3.0,5.0,4.0,4.0,2.0,5.0,3.650277566117416
3.0,5.0,4.0,4.0,3.0,2.0,3.2352477851622603
3.0,5.0,4.0,4.0,3.0,3.0,3.2970273882232557
3.0,5.0,4.0,4.0,3.0,4.0,3.746783237338994
3.0,5.0,4.0,4.0,3.0,5.0,3.74678324875304
3.0,5.0,4.0,4.0,4.0,2.0,3.2352477930180488
3.0,5.0,4.0,4.0,4.0,3.0,3.558016360051358
3.0,5.0,4.0,4.0,4.0,4.0,3.7986714396054473
3.0,5.0,4.0,4.0,4.0,5.0,3.9977292684074475
3.0,5.0,4.0,4.0,5.0,2.0,3.235247803215108
3.0,5.0,4.0,4.0,5.0,3.0,3.5971939545227767
3.0,5.0,4.0,4.0,5.0,4.0,3.917115570820102
3.0,5.0,4.0,4.0,5.0,5.0,4.050030828810138
3.0,5.0,4.0,5.0,1.0,3.0,3.0054497219900114
3.0,5.0,4.0,5.0,1.0,4.0,3.0185982545392918
3.0,5.0,4.0,5.0,1.0,5.0,3.63462516412595
3.0,5.0,4.0,5.0,2.0,3.0,3.3224770936080392
3.0,5.0,4.0,5.0,2.0,4.0,3.3482387541834404
3.0,5.0,4.0,5.0,2.0,5.0,3.7238863571010374
3.0,5.0,4.0,5.0,3.0,2.0,3.2931425019303076
3.0,5.0,4.0,5.0,3.0,3.0,3.495804838245306
3.0,5.0,4.0,5.0,3.0,4.0,3.8515486287623286
3.0,5.0,4.0,5.0,3.0,5.0,3.9929072165560493
3.0,5.0,4.0,5.0,4.0,3.0,3.558016373666925
3.0,5.0,4.0,5.0,4.0,4.0,3.9361115158096838
3.0,5.0,4.0,5.0,4.0,5.0,4.148173636052242
3.0,5.0,4.0,5.0,5.0,3.0,3.5971939593843953
3.0,5.0,4.0,5.0,5.0,4.0,3.9658897141969125
3.0,5.0,4.0,5.0,5.0,5.0,4.1481736589208476
3.0,5.0,5.0,1.0,1.0,1.0,1.4795151145017331
3.0,5.0,5.0,1.0,3.0,4.0,2.5980960425730717
3.0,5.0,5.0,1.0,4.0,5.0,3.839159154420053
3.0,5.0,5.0,1.0,5.0,2.0,2.190152210022784
3.0,5.0,5.0,2.0,2.0,3.0,3.0015977611611366
3.0,5.0,5.0,2.0,2.0,4.0,3.458639163416764
3.0,5.0,5.0,2.0,3.0,2.0,2.72527032687536
3.0,5.0,5.0,2.0,3.0,3.0,3.0272444871542294
3.0,5.0,5.0,2.0,4.0,1.0,2.7047680575631445
3.0,5.0,5.0,2.0,5.0,4.0,3.624670837294219
3.0,5.0,5.0,2.0,5.0,5.0,3.986407155788067
3.0,5.0,5.0,3.0,1.0,2.0,2.8356228841546516
3.0,5.0,5.0,3.0,1.0,3.0,2.914951750783309
3.0,5.0,5.0,3.0,2.0,2.0,2.835622893065064
3.0,5.0,5.0,3.0,2.0,3.0,3.2353540374762475
3.0,5.0,5.0,3.0,2.0,4.0,3.4586391718394958
3.0,5.0,5.0,3.0,3.0,2.0,3.29314251414267
3.0,5.0,5.0,3.0,3.0,3.0,3.3309414428758415
3.0,5.0,5.0,3.0,3.0,4.0,3.4995268498624617
3.0,5.0,5.0,3.0,3.0,5.0,3.6044760227463724
3.0,5.0,5.0,3.0,4.0,3.0,3.631857705679408
3.0,5.0,5.0,3.0,4.0,4.0,3.839159139686933
3.0,5.0,5.0,3.0,4.0,5.0,3.839159154117446
3.0,5.0,5.0,3.0,5.0,3.0,3.8662102450258153
3.0,5.0,5.0,3.0,5.0,4.0,3.9890888915150926
3.0,5.0,5.0,3.0,5.0,5.0,4.197403135604577
3.0,5.0,5.0,4.0,1.0,2.0,2.835622895232611
3.0,5.0,5.0,4.0,1.0,4.0,3.3485174441867525
3.0,5.0,5.0,4.0,2.0,3.0,3.23535403969102
3.0,5.0,5.0,4.0,2.0,4.0,3.6457678947991097
3.0,5.0,5.0,4.0,3.0,3.0,3.731307904655945
3.0,5.0,5.0,4.0,3.0,4.0,3.885060221846399
3.0,5.0,5.0,4.0,3.0,5.0,3.98314119349779
3.0,5.0,5.0,4.0,4.0,3.0,3.866210241992288
3.0,5.0,5.0,4.0,4.0,4.0,3.8850602216583074
3.0,5.0,5.0,4.0,4.0,5.0,4.197403115169727
3.0,5.0,5.0,4.0,5.0,3.0,3.8662102477250926
3.0,5.0,5.0,4.0,5.0,4.0,4.149642034734459
3.0,5.0,5.0,4.0,5.0,5.0,4.197403149913821
3.0,5.0,5.0,5.0,1.0,3.0,3.0605127816488893
3.0,5.0,5.0,5.0,1.0,4.0,3.3485174515899265
3.0,5.0,5.0,5.0,2.0,3.0,3.6457678871956016
3.0,5.0,5.0,5.0,2.0,4.0,3.6457679028341916
3.0,5.0,5.0,5.0,2.0,5.0,3.7238863649457885
3.0,5.0,5.0,5.0,3.0,2.0,3.2931425172790183
3.0,5.0,5.0,5.0,3.0,3.0,3.7313079130232767
3.0,5.0,5.0,5.0,3.0,4.0,3.8850602344135217
3.0,5.0,5.0,5.0,3.0,5.0,4.266717446202263
3.0,5.0,5.0,5.0,4.0,1.0,3.0598354729292048
3.0,5.0,5.0,5.0,4.0,3.0,3.866210248565802
3.0,5.0,5.0,5.0,4.0,4.0,4.053784178740138
3.0,5.0,5.0,5.0,4.0,5.0,4.280495413311531
3.0,5.0,5.0,5.0,5.0,2.0,3.2931425413606545
3.0,5.0,5.0,5.0,5.0,3.0,3.866210257278729
3.0,5.0,5.0,5.0,5.0,4.0,4.149642056385546
3.0,5.0,5.0,5.0,5.0,5.0,4.394097929906867
4.0,1.0,1.0,1.0,1.0,1.0,1.232570498124467
4.0,1.0,1.0,1.0,1.0,2.0,1.3659249806492977
4.0,1.0,1.0,1.0,2.0,1.0,1.232570479391184
4.0,1.0,1.0,1.0,2.0,2.0,1.3659249836821428
4.0,1.0,1.0,2.0,1.0,1.0,1.2660737983869816
4.0,1.0,1.0,2.0,1.0,2.0,1.3659249979955497
4.0,1.0,1.0,2.0,3.0,1.0,1.5117612611190567
4.0,1.0,1.0,3.0,1.0,1.0,1.3730010215364166
4.0,1.0,1.0,3.0,2.0,1.0,1.554825414833083
4.0,1.0,1.0,3.0,3.0,1.0,1.5663785257755867
4.0,1.0,1.0,3.0,3.0,2.0,1.712742729092249
4.0,1.0,1.0,3.0,4.0,1.0,1.9820703540704852
4.0,1.0,1.0,3.0,4.0,3.0,2.059688193412985
4.0,1.0,1.0,4.0,1.0,1.0,1.5408804628455945
4.0,1.0,1.0,4.0,1.0,4.0,2.027509039803713
4.0,1.0,1.0,4.0,2.0,4.0,2.1379175440273492
4.0,1.0,1.0,4.0,3.0,1.0,1.5663785330058748
4.0,1.0,1.0,4.0,3.0,3.0,2.1379175587231627
4.0,1.0,1.0,4.0,3.0,4.0,2.137917554887294
4.0,1.0,1.0,4.0,4.0,4.0,2.137917576440115
4.0,1.0,1.0,5.0,1.0,1.0,1.5408804647775596
4.0,1.0,1.0,5.0,2.0,1.0,1.554825423951583
4.0,1.0,1.0,5.0,4.0,4.0,2.1379175815134572
4.0,1.0,2.0,1.0,1.0,1.0,1.4461424849806115
4.0,1.0,2.0,2.0,1.0,1.0,1.4461424770031566
4.0,1.0,2.0,2.0,1.0,3.0,1.8751607958274832
4.0,1.0,2.0,2.0,2.0,2.0,2.1759115044535617
4.0,1.0,2.0,2.0,3.0,2.0,2.1759115129762323
4.0,1.0,2.0,2.0,3.0,3.0,2.1759115221395384
4.0,1.0,2.0,3.0,1.0,1.0,1.665866864640155
4.0,1.0,2.0,3.0,1.0,3.0,1.8751608057710853
4.0,1.0,2.0,3.0,2.0,3.0,2.3545749413695245
4.0,1.0,2.0,3.0,3.0,3.0,2.3545749513042833
4.0,1.0,2.0,3.0,3.0,4.0,2.3545749535509994
4.0,1.0,2.0,3.0,5.0,3.0,2.944271180382005
4.0,1.0,2.0,4.0,1.0,1.0,2.117127646493924
4.0,1.0,2.0,4.0,1.0,3.0,2.117127640454737
4.0,1.0,2.0,4.0,3.0,4.0,2.55353605648991
4.0,1.0,2.0,4.0,4.0,2.0,2.3316267001994633
4.0,1.0,2.0,4.0,4.0,3.0,3.032291295809169
4.0,1.0,2.0,4.0,4.0,4.0,3.059155166554358
4.0,1.0,2.0,4.0,5.0,3.0,3.0322913057819703
4.0,1.0,2.0,5.0,3.0,3.0,2.9237948745399116
4.0,1.0,2.0,5.0,5.0,2.0,2.9618369560644098
4.0,1.0,3.0,1.0,1.0,1.0,1.498139902615087
4.0,1.0,3.0,1.0,3.0,1.0,1.4981398600092457
4.0,1.0,3.0,1.0,3.0,2.0,2.0401745338983144
4.0,1.0,3.0,1.0,3.0,4.0,2.3859301054577227
4.0,1.0,3.0,2.0,3.0,2.0,2.4925865432363286
4.0,1.0,3.0,3.0,2.0,2.0,2.175911504965431
4.0,1.0,3.0,3.0,2.0,3.0,2.948485874932507
4.0,1.0,3.0,3.0,3.0,1.0,2.313390580254952
4.0,1.0,3.0,3.0,3.0,2.0,2.4925865592500522
4.0,1.0,3.0,3.0,3.0,3.0,2.948485863383854
4.0,1.0,3.0,3.0,3.0,4.0,2.9824446258126596
4.0,1.0,3.0,4.0,1.0,1.0,2.3133906452365345
4.0,1.0,3.0,4.0,1.0,3.0,2.5764366981893834
4.0,1.0,3.0,4.0,2.0,2.0,2.6691485483081583
4.0,1.0,3.0,4.0,2.0,3.0,2.94848586408112
4.0,1.0,3.0,4.0,3.0,1.0,2.313390602863643
4.0,1.0,3.0,4.0,3.0,2.0,2.6691485621759776
4.0,1.0,3.0,4.0,3.0,3.0,2.984417836727638
4.0,1.0,3.0,4.0,4.0,2.0,2.918666335070472
4.0,1.0,3.0,4.0,4.0,4.0,3.25158656339421
4.0,1.0,3.0,4.0,5.0,4.0,3.2515865706156983
4.0,1.0,3.0,4.0,5.0,5.0,3.518966775760249
4.0,1.0,3.0,5.0,3.0,3.0,3.0000103776137452
4.0,1.0,3.0,5.0,4.0,4.0,3.2515865654850886
4.0,1.0,3.0,5.0,5.0,3.0,3.032291304903007
4.0,1.0,3.0,5.0,5.0,5.0,3.5189667842109973
4.0,1.0,4.0,1.0,1.0,3.0,1.7310437015178786
4.0,1.0,4.0,1.0,2.0,1.0,1.7986444759330902
4.0,1.0,4.0,1.0,3.0,3.0,2.3859301057834523
4.0,1.0,4.0,2.0,3.0,3.0,2.53475440416962
4.0,1.0,4.0,3.0,1.0,2.0,2.5764367132552657
4.0,1.0,4.0,4.0,1.0,3.0,2.576436713200352
4.0,1.0,4.0,4.0,1.0,4.0,3.020577532118944
4.0,1.0,4.0,4.0,3.0,1.0,2.313390611900406
4.0,1.0,4.0,4.0,3.0,3.0,3.0224812878701166
4.0,1.0,4.0,4.0,3.0,4.0,3.210046896163424
4.0,1.0,4.0,4.0,4.0,4.0,3.370652095297038
4.0,1.0,4.0,4.0,5.0,2.0,3.0349660244865735
4.0,1.0,4.0,5.0,4.0,4.0,3.8668181984742143
4.0,1.0,4.0,5.0,4.0,5.0,3.9047493721261284
4.0,1.0,4.0,5.0,5.0,4.0,3.90474938232332
4.0,1.0,5.0,3.0,2.0,5.0,3.6615718811065143
4.0,1.0,5.0,4.0,5.0,4.0,3.3706520989982263
4.0,1.0,5.0,5.0,3.0,5.0,3.9047493784390266
4.0,1.0,5.0,5.0,5.0,5.0,3.904749382258359
4.0,2.0,1.0,1.0,1.0,1.0,1.2325705152063309
4.0,2.0,1.0,1.0,1.0,3.0,1.5389478835155417
4.0,2.0,1.0,1.0,3.0,2.0,1.6599552328172251
4.0,2.0,1.0,2.0,1.0,1.0,1.266073789878691
4.0,2.0,1.0,2.0,2.0,2.0,1.6956362459176402
4.0,2.0,1.0,2.0,3.0,1.0,1.5117612852986153
4.0,2.0,1.0,2.0,3.0,2.0,1.9329000186677983
4.0,2.0,1.0,2.0,4.0,2.0,2.008918727941654
4.0,2.0,1.0,2.0,4.0,4.0,2.4350915127866197
4.0,2.0,1.0,3.0,1.0,1.0,1.3730010526133314
4.0,2.0,1.0,3.0,1.0,2.0,1.5408804851140843
4.0,2.0,1.0,3.0,2.0,1.0,1.6658669238317239
4.0,2.0,1.0,3.0,2.0,2.0,2.00485618875071
4.0,2.0,1.0,3.0,3.0,3.0,2.0048561973219923
4.0,2.0,1.0,4.0,1.0,1.0,1.540880484976705
4.0,2.0,1.0,4.0,1.0,2.0,1.5408804969840637
4.0,2.0,1.0,4.0,1.0,4.0,2.1379175354731728
4.0,2.0,1.0,4.0,2.0,4.0,2.137917548710714
4.0,2.0,1.0,4.0,3.0,2.0,2.187080418311624
4.0,2.0,1.0,4.0,3.0,3.0,2.2514908762525487
4.0,2.0,1.0,5.0,4.0,5.0,2.900296437848762
4.0,2.0,2.0,1.0,1.0,1.0,1.4981400031038787
4.0,2.0,2.0,1.0,1.0,2.0,1.7671970609798795
4.0,2.0,2.0,1.0,2.0,2.0,1.9444492856937468
4.0,2.0,2.0,1.0,3.0,2.0,2.071261036692914
4.0,2.0,2.0,1.0,4.0,1.0,1.4981399719083817
4.0,2.0,2.0,2.0,1.0,1.0,1.498139999402153
4.0,2.0,2.0,2.0,2.0,2.0,2.235166165493702
4.0,2.0,2.0,2.0,2.0,3.0,2.390289652913258
4.0,2.0,2.0,2.0,3.0,1.0,1.9973020674202895
4.0,2.0,2.0,2.0,3.0,2.0,2.2351661737349566
4.0,2.0,2.0,2.0,3.0,3.0,2.4964544161673508
4.0,2.0,2.0,2.0,3.0,4.0,2.788054313816086
4.0,2.0,2.0,3.0,1.0,1.0,1.9918288486071742
4.0,2.0,2.0,3.0,1.0,2.0,2.0108239541739206
4.0,2.0,2.0,3.0,1.0,3.0,2.22168234155568
4.0,2.0,2.0,3.0,1.0,4.0,2.2216823402288686
4.0,2.0,2.0,3.0,2.0,2.0,2.2474161068593883
4.0,2.0,2.0,3.0,2.0,3.0,2.533256447890518
4.0,2.0,2.0,3.0,3.0,1.0,2.0233086620072647
4.0,2.0,2.0,3.0,3.0,2.0,2.247416118059356
4.0,2.0,2.0,3.0,3.0,3.0,2.6563903947503102
4.0,2.0,2.0,3.0,4.0,2.0,2.247416110992052
4.0,2.0,2.0,3.0,4.0,3.0,2.9237948639068403
4.0,2.0,2.0,3.0,4.0,4.0,3.0880857196877174
4.0,2.0,2.0,4.0,1.0,3.0,2.2216823390790403
4.0,2.0,2.0,4.0,2.0,2.0,2.313498002838287
4.0,2.0,2.0,4.0,2.0,3.0,2.742754359202935
4.0,2.0,2.0,4.0,2.0,4.0,2.757998551653498
4.0,2.0,2.0,4.0,3.0,2.0,2.3316266774014953
4.0,2.0,2.0,4.0,3.0,3.0,2.7427543664015146
4.0,2.0,2.0,4.0,3.0,4.0,2.9762002688173483
4.0,2.0,2.0,4.0,3.0,5.0,3.0150090240816523
4.0,2.0,2.0,4.0,4.0,3.0,3.032291308310698
4.0,2.0,2.0,4.0,4.0,4.0,3.0880857365488525
4.0,2.0,2.0,4.0,4.0,5.0,3.088085749846428
4.0,2.0,2.0,4.0,5.0,4.0,3.088085748635282
4.0,2.0,2.0,4.0,5.0,5.0,3.088085758967277
4.0,2.0,2.0,5.0,1.0,1.0,2.1525310073831516
4.0,2.0,2.0,5.0,1.0,3.0,2.221682353576295
4.0,2.0,2.0,5.0,4.0,4.0,3.0880857401609196
4.0,2.0,2.0,5.0,4.0,5.0,3.2601695094439536
4.0,2.0,2.0,5.0,5.0,4.0,3.2587728740107043
4.0,2.0,2.0,5.0,5.0,5.0,3.260169516354403
4.0,2.0,3.0,1.0,1.0,1.0,1.4981399850466088
4.0,2.0,3.0,1.0,1.0,3.0,2.0439163741158253
4.0,2.0,3.0,1.0,3.0,3.0,2.2067574299322836
4.0,2.0,3.0,2.0,1.0,2.0,2.0536694438051497
4.0,2.0,3.0,2.0,2.0,2.0,2.3672165192568744
4.0,2.0,3.0,2.0,2.0,3.0,2.494784209277135
4.0,2.0,3.0,2.0,3.0,1.0,2.23435942102798
4.0,2.0,3.0,2.0,3.0,2.0,2.5281659090142585
4.0,2.0,3.0,2.0,3.0,3.0,2.788054398674571
4.0,2.0,3.0,2.0,4.0,2.0,2.6691486971393688
4.0,2.0,3.0,2.0,4.0,3.0,2.885425187806741
4.0,2.0,3.0,2.0,5.0,4.0,3.021777410398638
4.0,2.0,3.0,3.0,1.0,2.0,2.207382487562289
4.0,2.0,3.0,3.0,1.0,3.0,2.739159176635901
4.0,2.0,3.0,3.0,2.0,2.0,2.4951710299340633
4.0,2.0,3.0,3.0,2.0,3.0,2.9484859106417036
4.0,2.0,3.0,3.0,3.0,2.0,2.660919020519249
4.0,2.0,3.0,3.0,3.0,3.0,2.9963416291489944
4.0,2.0,3.0,3.0,3.0,4.0,2.999265143065466
4.0,2.0,3.0,3.0,4.0,2.0,2.669148688013674
4.0,2.0,3.0,3.0,4.0,3.0,2.996341626194853
4.0,2.0,3.0,3.0,4.0,4.0,3.0880857190049733
4.0,2.0,3.0,3.0,5.0,3.0,3.011155886287228
4.0,2.0,3.0,4.0,1.0,3.0,2.7786948113370693
4.0,2.0,3.0,4.0,1.0,4.0,2.827891115132968
4.0,2.0,3.0,4.0,2.0,1.0,2.3133906435323435
4.0,2.0,3.0,4.0,2.0,2.0,2.669148573841794
4.0,2.0,3.0,4.0,2.0,3.0,2.989022222041776
4.0,2.0,3.0,4.0,2.0,4.0,3.001211695711384
4.0,2.0,3.0,4.0,3.0,2.0,2.6691485871242726
4.0,2.0,3.0,4.0,3.0,3.0,3.124360884324968
4.0,2.0,3.0,4.0,3.0,4.0,3.251586567057529
4.0,2.0,3.0,4.0,4.0,3.0,3.124360888452169
4.0,2.0,3.0,4.0,4.0,4.0,3.2515865711194216
4.0,2.0,3.0,4.0,5.0,3.0,3.1243608910395686
4.0,2.0,3.0,4.0,5.0,4.0,3.2515865762803386
4.0,2.0,3.0,4.0,5.0,5.0,3.7421658207693254
4.0,2.0,3.0,5.0,1.0,2.0,2.7558606522094107
4.0,2.0,3.0,5.0,2.0,3.0,2.9905901985573227
4.0,2.0,3.0,5.0,2.0,4.0,3.029398951278111
4.0,2.0,3.0,5.0,3.0,4.0,3.4026017114739133
4.0,2.0,3.0,5.0,3.0,5.0,3.635112712873993
4.0,2.0,3.0,5.0,4.0,3.0,3.124360891805702
4.0,2.0,3.0,5.0,4.0,4.0,3.402601716268266
4.0,2.0,3.0,5.0,4.0,5.0,3.86085076119491
4.0,2.0,3.0,5.0,5.0,4.0,3.4026017244111615
4.0,2.0,3.0,5.0,5.0,5.0,3.9742440056089907
4.0,2.0,4.0,1.0,3.0,2.0,2.118869330273006
4.0,2.0,4.0,1.0,4.0,4.0,3.0267148580104974
4.0,2.0,4.0,2.0,1.0,2.0,2.1188693218818337
4.0,2.0,4.0,2.0,2.0,3.0,2.8750078436184583
4.0,2.0,4.0,3.0,2.0,3.0,3.0843017673580877
4.0,2.0,4.0,3.0,3.0,3.0,3.318001286724199
4.0,2.0,4.0,3.0,4.0,3.0,3.3180012893588864
4.0,2.0,4.0,3.0,4.0,4.0,3.8668181949887908
4.0,2.0,4.0,3.0,5.0,3.0,3.5583097105691524
4.0,2.0,4.0,4.0,2.0,3.0,3.084301771878981
4.0,2.0,4.0,4.0,2.0,4.0,3.084301775583165
4.0,2.0,4.0,4.0,3.0,3.0,3.318001294424457
4.0,2.0,4.0,4.0,3.0,5.0,3.3180013020250003
4.0,2.0,4.0,4.0,4.0,3.0,3.3180013058407187
4.0,2.0,4.0,4.0,4.0,4.0,3.866818195839623
4.0,2.0,4.0,4.0,4.0,5.0,3.972487734543876
4.0,2.0,4.0,4.0,5.0,4.0,3.866818204944877
4.0,2.0,4.0,4.0,5.0,5.0,3.975896898546804
4.0,2.0,4.0,5.0,1.0,3.0,3.013114629408199
4.0,2.0,4.0,5.0,2.0,5.0,3.658372884195426
4.0,2.0,4.0,5.0,3.0,5.0,3.6583728903197454
4.0,2.0,4.0,5.0,4.0,3.0,3.3180013164551974
4.0,2.0,4.0,5.0,4.0,4.0,3.8668182007191945
4.0,2.0,4.0,5.0,5.0,3.0,3.74303315310252
4.0,2.0,4.0,5.0,5.0,4.0,3.9652753955478035
4.0,2.0,4.0,5.0,5.0,5.0,4.306426529478397
4.0,2.0,5.0,2.0,4.0,4.0,3.1682282178927643
4.0,2.0,5.0,3.0,2.0,3.0,3.3229026910497783
4.0,2.0,5.0,3.0,3.0,3.0,3.3229026961477124
4.0,2.0,5.0,3.0,4.0,2.0,2.669148702036453
4.0,2.0,5.0,4.0,2.0,3.0,3.3229026968976734
4.0,2.0,5.0,4.0,3.0,3.0,3.343063179374675
4.0,2.0,5.0,4.0,4.0,2.0,3.0762039941955397
4.0,2.0,5.0,4.0,4.0,3.0,3.7397908115587444
4.0,2.0,5.0,4.0,4.0,4.0,3.8668182277875256
4.0,2.0,5.0,4.0,5.0,3.0,3.743033154203461
4.0,2.0,5.0,4.0,5.0,4.0,3.9877463118292944
4.0,2.0,5.0,4.0,5.0,5.0,4.026555075033051
4.0,2.0,5.0,5.0,4.0,4.0,3.8668182360084478
4.0,2.0,5.0,5.0,4.0,5.0,4.029095584024421
4.0,2.0,5.0,5.0,5.0,3.0,3.743033159459366
4.0,2.0,5.0,5.0,5.0,4.0,4.015933564353996
4.0,2.0,5.0,5.0,5.0,5.0,4.4879939817410435
4.0,3.0,1.0,1.0,1.0,1.0,1.2325705593543608
4.0,3.0,1.0,1.0,1.0,2.0,1.5879006080406959
4.0,3.0,1.0,1.0,2.0,1.0,1.329233210006472
4.0,3.0,1.0,1.0,2.0,2.0,1.587900619064488
4.0,3.0,1.0,1.0,3.0,1.0,1.3292332083507794
4.0,3.0,1.0,1.0,3.0,2.0,1.6599552380168106
4.0,3.0,1.0,1.0,3.0,3.0,1.7925583535387886
4.0,3.0,1.0,2.0,1.0,1.0,1.4359391790942815
4.0,3.0,1.0,2.0,1.0,2.0,1.6107841508061747
4.0,3.0,1.0,2.0,2.0,1.0,1.4947113767176792
4.0,3.0,1.0,2.0,2.0,2.0,1.700502142841663
4.0,3.0,1.0,2.0,2.0,3.0,2.2269461389862033
4.0,3.0,1.0,2.0,3.0,1.0,1.5117613298646886
4.0,3.0,1.0,2.0,3.0,2.0,1.9329000314793094
4.0,3.0,1.0,2.0,4.0,1.0,1.6636875787340186
4.0,3.0,1.0,2.0,4.0,2.0,2.1210667291853778
4.0,3.0,1.0,2.0,4.0,4.0,2.4350915068259313
4.0,3.0,1.0,2.0,5.0,3.0,2.5300403596746177
4.0,3.0,1.0,3.0,1.0,1.0,1.5408804849688513
4.0,3.0,1.0,3.0,1.0,2.0,1.610784165261201
4.0,3.0,1.0,3.0,1.0,3.0,1.7247175250340303
4.0,3.0,1.0,3.0,2.0,1.0,1.722730252480348
4.0,3.0,1.0,3.0,2.0,2.0,2.0048562056666497
4.0,3.0,1.0,3.0,3.0,1.0,1.7607472410581524
4.0,3.0,1.0,3.0,3.0,2.0,2.0303599015291427
4.0,3.0,1.0,3.0,3.0,3.0,2.226946166089582
4.0,3.0,1.0,3.0,4.0,2.0,2.1819113395901155
4.0,3.0,1.0,3.0,4.0,3.0,2.4350916093610384
4.0,3.0,1.0,4.0,1.0,1.0,1.5408804938963871
4.0,3.0,1.0,4.0,1.0,3.0,2.023994293493345
4.0,3.0,1.0,4.0,2.0,2.0,2.264956414764607
4.0,3.0,1.0,4.0,3.0,1.0,2.017064312727617
4.0,3.0,1.0,4.0,3.0,2.0,2.3487778796260197
4.0,3.0,1.0,4.0,3.0,3.0,2.34877788403578
4.0,3.0,1.0,4.0,3.0,4.0,2.435091572061343
4.0,3.0,1.0,4.0,4.0,2.0,2.3487778904206973
4.0,3.0,1.0,4.0,4.0,4.0,2.435091476132257
4.0,3.0,1.0,5.0,3.0,3.0,2.5464124945206703
4.0,3.0,1.0,5.0,3.0,4.0,2.5464125034315965
4.0,3.0,1.0,5.0,5.0,1.0,2.0965450318985233
4.0,3.0,1.0,5.0,5.0,3.0,2.617496228385421
4.0,3.0,2.0,1.0,1.0,1.0,1.4981400755732546
4.0,3.0,2.0,1.0,1.0,2.0,1.9444492990046054
4.0,3.0,2.0,1.0,1.0,3.0,2.0094847546690158
4.0,3.0,2.0,1.0,2.0,1.0,1.6623626918914471
4.0,3.0,2.0,1.0,2.0,2.0,1.9444493064978732
4.0,3.0,2.0,1.0,3.0,1.0,1.6623626921623724
4.0,3.0,2.0,1.0,3.0,2.0,2.0712610607750244
4.0,3.0,2.0,1.0,3.0,4.0,2.099586985843457
4.0,3.0,2.0,1.0,4.0,2.0,2.0712610716514797
4.0,3.0,2.0,2.0,1.0,1.0,1.6040921711552043
4.0,3.0,2.0,2.0,1.0,2.0,1.9687765850396108
4.0,3.0,2.0,2.0,1.0,3.0,2.121056274896461
4.0,3.0,2.0,2.0,2.0,1.0,2.060840248085045
4.0,3.0,2.0,2.0,2.0,2.0,2.2960110466673096
4.0,3.0,2.0,2.0,2.0,3.0,2.390289669749691
4.0,3.0,2.0,2.0,3.0,2.0,2.331943128171132
4.0,3.0,2.0,2.0,3.0,3.0,2.496454443914818
4.0,3.0,2.0,2.0,4.0,1.0,2.269879026520553
4.0,3.0,2.0,2.0,4.0,2.0,2.337879820247969
4.0,3.0,2.0,2.0,4.0,3.0,2.786145442771791
4.0,3.0,2.0,2.0,5.0,2.0,2.3400006152421042
4.0,3.0,2.0,3.0,1.0,1.0,2.009817012015792
4.0,3.0,2.0,3.0,1.0,2.0,2.08198971554554
4.0,3.0,2.0,3.0,1.0,3.0,2.221682371660274
4.0,3.0,2.0,3.0,1.0,4.0,2.4762855691489727
4.0,3.0,2.0,3.0,2.0,1.0,2.0608402438227387
4.0,3.0,2.0,3.0,2.0,2.0,2.3134980922065664
4.0,3.0,2.0,3.0,2.0,3.0,2.7478538644463106
4.0,3.0,2.0,3.0,2.0,4.0,2.757998553372149
4.0,3.0,2.0,3.0,3.0,1.0,2.0608402360025906
4.0,3.0,2.0,3.0,3.0,2.0,2.4435248662062006
4.0,3.0,2.0,3.0,3.0,3.0,2.9237948721779996
4.0,3.0,2.0,3.0,3.0,4.0,2.986333015165212
4.0,3.0,2.0,3.0,4.0,2.0,2.6013791169182587
4.0,3.0,2.0,3.0,4.0,3.0,2.923794870667072
4.0,3.0,2.0,3.0,4.0,4.0,3.208316762807363
4.0,3.0,2.0,3.0,5.0,3.0,2.9767242807387446
4.0,3.0,2.0,4.0,1.0,1.0,2.1171276798466327
4.0,3.0,2.0,4.0,1.0,2.0,2.1171276892692754
4.0,3.0,2.0,4.0,1.0,3.0,2.476285576876744
4.0,3.0,2.0,4.0,1.0,4.0,2.4762855827387176
4.0,3.0,2.0,4.0,2.0,2.0,2.5710924204808636
4.0,3.0,2.0,4.0,2.0,3.0,2.7478538717449705
4.0,3.0,2.0,4.0,3.0,1.0,2.11712768468137
4.0,3.0,2.0,4.0,3.0,2.0,2.5710924265766533
4.0,3.0,2.0,4.0,3.0,3.0,2.9237948782804666
4.0,3.0,2.0,4.0,3.0,4.0,2.997105668371274
4.0,3.0,2.0,4.0,4.0,1.0,2.2698790322409925
4.0,3.0,2.0,4.0,4.0,2.0,2.6013791184135653
4.0,3.0,2.0,4.0,4.0,3.0,3.03229133557322
4.0,3.0,2.0,4.0,4.0,4.0,3.208316788596434
4.0,3.0,2.0,4.0,4.0,5.0,3.542434375293601
4.0,3.0,2.0,4.0,5.0,3.0,3.0322913218582737
4.0,3.0,2.0,5.0,1.0,4.0,2.4762856042236168
4.0,3.0,2.0,5.0,2.0,2.0,2.571092434643088
4.0,3.0,2.0,5.0,2.0,3.0,2.757998554406584
4.0,3.0,2.0,5.0,2.0,4.0,2.7579985579025865
4.0,3.0,2.0,5.0,2.0,5.0,3.273012002189835
4.0,3.0,2.0,5.0,3.0,1.0,2.6551727970128733
4.0,3.0,2.0,5.0,3.0,2.0,2.7640344878437277
4.0,3.0,2.0,5.0,3.0,3.0,2.9237948832537235
4.0,3.0,2.0,5.0,3.0,4.0,3.245768249971752
4.0,3.0,2.0,5.0,4.0,3.0,3.032291338796705
4.0,3.0,2.0,5.0,4.0,4.0,3.2457682557046263
4.0,3.0,2.0,5.0,4.0,5.0,3.5424343674523326
4.0,3.0,2.0,5.0,5.0,4.0,3.2587728817927317
4.0,3.0,2.0,5.0,5.0,5.0,3.5424343597795254
4.0,3.0,3.0,1.0,1.0,1.0,1.4981400706902608
4.0,3.0,3.0,1.0,1.0,2.0,2.0536694554838966
4.0,3.0,3.0,1.0,1.0,3.0,2.0601429205593287
4.0,3.0,3.0,1.0,1.0,4.0,2.0989516794184384
4.0,3.0,3.0,1.0,2.0,1.0,1.6623626826236184
4.0,3.0,3.0,1.0,2.0,2.0,2.1188693847661986
4.0,3.0,3.0,1.0,2.0,3.0,2.118869390599714
4.0,3.0,3.0,1.0,3.0,1.0,1.6623626880956703
4.0,3.0,3.0,1.0,3.0,2.0,2.118869414060717
4.0,3.0,3.0,1.0,3.0,3.0,2.385930122993549
4.0,3.0,3.0,1.0,3.0,4.0,2.385930123636742
4.0,3.0,3.0,1.0,3.0,5.0,2.9973319769325846
4.0,3.0,3.0,1.0,4.0,2.0,2.3859301260865418
4.0,3.0,3.0,1.0,4.0,3.0,2.3859301227646186
4.0,3.0,3.0,2.0,1.0,1.0,1.607078364996026
4.0,3.0,3.0,2.0,1.0,2.0,2.0536694640315534
4.0,3.0,3.0,2.0,1.0,3.0,2.410721861290513
4.0,3.0,3.0,2.0,1.0,4.0,2.410721876259424
4.0,3.0,3.0,2.0,2.0,2.0,2.398243350029287
4.0,3.0,3.0,2.0,2.0,3.0,2.4947842235624074
4.0,3.0,3.0,2.0,2.0,4.0,2.4947842350132428
4.0,3.0,3.0,2.0,3.0,2.0,2.5281659246021735
4.0,3.0,3.0,2.0,3.0,3.0,2.7880544091474837
4.0,3.0,3.0,2.0,3.0,4.0,2.7880543637694726
4.0,3.0,3.0,2.0,4.0,1.0,2.2698790284028774
4.0,3.0,3.0,2.0,4.0,2.0,2.6691487208418145
4.0,3.0,3.0,2.0,4.0,3.0,2.88542519635632
4.0,3.0,3.0,2.0,4.0,4.0,3.3858429044748184
4.0,3.0,3.0,3.0,1.0,1.0,2.009817029073129
4.0,3.0,3.0,3.0,1.0,2.0,2.207382511813154
4.0,3.0,3.0,3.0,1.0,3.0,2.7391592159008438
4.0,3.0,3.0,3.0,2.0,1.0,2.064546647489691
4.0,3.0,3.0,3.0,2.0,2.0,2.622526142844007
4.0,3.0,3.0,3.0,2.0,3.0,2.9484859564707673
4.0,3.0,3.0,3.0,3.0,1.0,2.4501443889789734
4.0,3.0,3.0,3.0,3.0,2.0,2.6691486809306455
4.0,3.0,3.0,3.0,3.0,3.0,3.1829088897946893
4.0,3.0,3.0,3.0,3.0,4.0,3.5093466328311025
4.0,3.0,3.0,3.0,3.0,5.0,3.509346636563069
4.0,3.0,3.0,3.0,4.0,1.0,2.575545374630846
4.0,3.0,3.0,3.0,4.0,2.0,2.912279666695704
4.0,3.0,3.0,3.0,4.0,3.0,3.263014357511667
4.0,3.0,3.0,3.0,4.0,4.0,3.5093466517237943
4.0,3.0,3.0,3.0,5.0,2.0,3.156259423183704
4.0,3.0,3.0,3.0,5.0,3.0,3.396768286819011
4.0,3.0,3.0,3.0,5.0,4.0,3.5093466773401376
4.0,3.0,3.0,3.0,5.0,5.0,3.657947323052734
4.0,3.0,3.0,4.0,1.0,1.0,2.313390711680869
4.0,3.0,3.0,4.0,1.0,2.0,2.6691485883670354
4.0,3.0,3.0,4.0,1.0,3.0,2.7786948216280867
4.0,3.0,3.0,4.0,1.0,4.0,2.8278911755251186
4.0,3.0,3.0,4.0,1.0,5.0,3.3202826088360053
4.0,3.0,3.0,4.0,2.0,1.0,2.669148596803948
4.0,3.0,3.0,4.0,2.0,2.0,2.6691486016598125
4.0,3.0,3.0,4.0,2.0,3.0,3.1566382118856597
4.0,3.0,3.0,4.0,2.0,4.0,3.209404305148572
4.0,3.0,3.0,4.0,3.0,1.0,2.669148611486836
4.0,3.0,3.0,4.0,3.0,2.0,2.6691486292775877
4.0,3.0,3.0,4.0,3.0,3.0,3.2293664363438426
4.0,3.0,3.0,4.0,3.0,4.0,3.6351126605434834
4.0,3.0,3.0,4.0,3.0,5.0,3.6351126793281447
4.0,3.0,3.0,4.0,4.0,2.0,2.9186663494613905
4.0,3.0,3.0,4.0,4.0,3.0,3.3618897640302685
4.0,3.0,3.0,4.0,4.0,4.0,3.8265859425158695
4.0,3.0,3.0,4.0,4.0,5.0,3.826585993899568
4.0,3.0,3.0,4.0,5.0,3.0,3.539119733998842
4.0,3.0,3.0,4.0,5.0,4.0,3.8711619542030826
4.0,3.0,3.0,4.0,5.0,5.0,3.992160067213468
4.0,3.0,3.0,5.0,1.0,3.0,2.778694827088474
4.0,3.0,3.0,5.0,1.0,4.0,2.8278912100461304
4.0,3.0,3.0,5.0,1.0,5.0,3.3202826262810516
4.0,3.0,3.0,5.0,2.0,2.0,2.912279604975955
4.0,3.0,3.0,5.0,2.0,3.0,3.1566382198837815
4.0,3.0,3.0,5.0,2.0,4.0,3.209404307868273
4.0,3.0,3.0,5.0,2.0,5.0,3.320282639789901
4.0,3.0,3.0,5.0,3.0,3.0,3.229366453627336
4.0,3.0,3.0,5.0,3.0,4.0,3.6351126728433107
4.0,3.0,3.0,5.0,3.0,5.0,3.6351127136659755
4.0,3.0,3.0,5.0,4.0,2.0,2.918666361107632
4.0,3.0,3.0,5.0,4.0,3.0,3.5391197352252495
4.0,3.0,3.0,5.0,4.0,4.0,3.871161949761083
4.0,3.0,3.0,5.0,4.0,5.0,3.8711619654153164
4.0,3.0,3.0,5.0,5.0,3.0,3.5391197377060455
4.0,3.0,3.0,5.0,5.0,4.0,3.871161963788441
4.0,3.0,3.0,5.0,5.0,5.0,4.054155793806146
4.0,3.0,4.0,1.0,2.0,1.0,2.058830311363301
4.0,3.0,4.0,1.0,2.0,2.0,2.1188693549317517
4.0,3.0,4.0,1.0,3.0,2.0,2.1232858047281886
4.0,3.0,4.0,1.0,4.0,1.0,2.1101237850390575
4.0,3.0,4.0,1.0,4.0,2.0,2.5629208051394454
4.0,3.0,4.0,1.0,4.0,4.0,3.0267148746118075
4.0,3.0,4.0,1.0,5.0,3.0,2.562920805334933
4.0,3.0,4.0,2.0,2.0,1.0,2.2468706707730273
4.0,3.0,4.0,2.0,2.0,2.0,2.488694651680476
4.0,3.0,4.0,2.0,2.0,3.0,2.875007852221561
4.0,3.0,4.0,2.0,3.0,3.0,2.875007866661213
4.0,3.0,4.0,2.0,4.0,2.0,2.7047680126213742
4.0,3.0,4.0,2.0,4.0,3.0,3.004801575847568
4.0,3.0,4.0,2.0,4.0,4.0,3.3858429392666514
4.0,3.0,4.0,2.0,5.0,3.0,3.0498533619799484
4.0,3.0,4.0,3.0,1.0,3.0,2.847878487052394
4.0,3.0,4.0,3.0,2.0,2.0,2.8003991795024064
4.0,3.0,4.0,3.0,2.0,3.0,3.0843017763812246
4.0,3.0,4.0,3.0,2.0,4.0,3.4690579701960886
4.0,3.0,4.0,3.0,3.0,1.0,2.799051104133837
4.0,3.0,4.0,3.0,3.0,2.0,2.8003991784960265
4.0,3.0,4.0,3.0,3.0,3.0,3.3398291979227728
4.0,3.0,4.0,3.0,3.0,4.0,3.594020514972968
4.0,3.0,4.0,3.0,4.0,2.0,3.2747633942012397
4.0,3.0,4.0,3.0,4.0,3.0,3.498429270099618
4.0,3.0,4.0,3.0,4.0,4.0,3.9102504693588336
4.0,3.0,4.0,3.0,4.0,5.0,4.099869460219435
4.0,3.0,4.0,3.0,5.0,3.0,3.558309719209958
4.0,3.0,4.0,3.0,5.0,4.0,3.910250489377724
4.0,3.0,4.0,3.0,5.0,5.0,4.0998694643318
4.0,3.0,4.0,4.0,1.0,3.0,2.961553294276182
4.0,3.0,4.0,4.0,1.0,4.0,3.257921581350344
4.0,3.0,4.0,4.0,2.0,3.0,3.3788763568145734
4.0,3.0,4.0,4.0,2.0,4.0,3.7025161903460417
4.0,3.0,4.0,4.0,3.0,1.0,2.799051105872516
4.0,3.0,4.0,4.0,3.0,2.0,3.306579946601919
4.0,3.0,4.0,4.0,3.0,3.0,3.5131423389303484
4.0,3.0,4.0,4.0,3.0,4.0,3.8940609302161246
4.0,3.0,4.0,4.0,3.0,5.0,3.9927921686677177
4.0,3.0,4.0,4.0,4.0,2.0,3.306579956956172
4.0,3.0,4.0,4.0,4.0,3.0,3.707623416530851
4.0,3.0,4.0,4.0,4.0,4.0,4.031911371817246
4.0,3.0,4.0,4.0,4.0,5.0,4.300847122184063
4.0,3.0,4.0,4.0,5.0,3.0,3.7592602317506527
4.0,3.0,4.0,4.0,5.0,4.0,4.091270239802305
4.0,3.0,4.0,4.0,5.0,5.0,4.30084713072716
4.0,3.0,4.0,5.0,1.0,3.0,3.0131146329500402
4.0,3.0,4.0,5.0,1.0,4.0,3.2579215897771716
4.0,3.0,4.0,5.0,2.0,4.0,3.7344584757359662
4.0,3.0,4.0,5.0,2.0,5.0,3.7344584911904963
4.0,3.0,4.0,5.0,3.0,3.0,3.7397908406231357
4.0,3.0,4.0,5.0,3.0,4.0,3.8940609580240926
4.0,3.0,4.0,5.0,3.0,5.0,3.9927921726817583
4.0,3.0,4.0,5.0,4.0,3.0,3.7397908682347603
4.0,3.0,4.0,5.0,4.0,4.0,4.083458984287147
4.0,3.0,4.0,5.0,4.0,5.0,4.300847147277505
4.0,3.0,4.0,5.0,5.0,3.0,3.8332953856701546
4.0,3.0,4.0,5.0,5.0,4.0,4.116902723425224
4.0,3.0,4.0,5.0,5.0,5.0,4.306426525594398
4.0,3.0,5.0,1.0,4.0,2.0,2.5629208159270203
4.0,3.0,5.0,2.0,2.0,2.0,2.7252703116544263
4.0,3.0,5.0,2.0,2.0,4.0,3.479342480942091
4.0,3.0,5.0,2.0,3.0,3.0,3.027218186974005
4.0,3.0,5.0,2.0,3.0,4.0,3.4793424889720868
4.0,3.0,5.0,3.0,1.0,2.0,2.987302361414504
4.0,3.0,5.0,3.0,2.0,2.0,3.012949815121124
4.0,3.0,5.0,3.0,2.0,3.0,3.469991226955722
4.0,3.0,5.0,3.0,3.0,3.0,3.5812633015766986
4.0,3.0,5.0,3.0,3.0,4.0,3.6615718860221538
4.0,3.0,5.0,3.0,3.0,5.0,3.661571890259171
4.0,3.0,5.0,3.0,4.0,2.0,3.29314251476922
4.0,3.0,5.0,3.0,4.0,3.0,3.5812633236311053
4.0,3.0,5.0,3.0,4.0,4.0,3.972426182905326
4.0,3.0,5.0,3.0,4.0,5.0,4.138633484693012
4.0,3.0,5.0,3.0,5.0,3.0,3.7592602322417688
4.0,3.0,5.0,3.0,5.0,4.0,3.9907457012755283
4.0,3.0,5.0,3.0,5.0,5.0,4.138633487191882
4.0,3.0,5.0,4.0,1.0,1.0,2.8738314753990397
4.0,3.0,5.0,4.0,1.0,3.0,3.2579216119092287
4.0,3.0,5.0,4.0,2.0,3.0,3.4699912353958338
4.0,3.0,5.0,4.0,2.0,4.0,3.745058567109291
4.0,3.0,5.0,4.0,3.0,3.0,3.7397908209816833
4.0,3.0,5.0,4.0,3.0,4.0,4.021998939367087
4.0,3.0,5.0,4.0,3.0,5.0,4.021998947716713
4.0,3.0,5.0,4.0,4.0,2.0,3.3065799647921086
4.0,3.0,5.0,4.0,4.0,3.0,3.7397908165695632
4.0,3.0,5.0,4.0,4.0,4.0,4.113792886655292
4.0,3.0,5.0,4.0,4.0,5.0,4.3008471446983565
4.0,3.0,5.0,4.0,5.0,2.0,3.306579967904068
4.0,3.0,5.0,4.0,5.0,3.0,3.759260235426665
4.0,3.0,5.0,4.0,5.0,4.0,4.113792902596492
4.0,3.0,5.0,4.0,5.0,5.0,4.372781643999596
4.0,3.0,5.0,5.0,2.0,3.0,3.6457678748109315
4.0,3.0,5.0,5.0,2.0,5.0,3.994028666566513
4.0,3.0,5.0,5.0,3.0,3.0,3.7397908373692146
4.0,3.0,5.0,5.0,3.0,4.0,4.02199894709545
4.0,3.0,5.0,5.0,3.0,5.0,4.318216634442961
4.0,3.0,5.0,5.0,4.0,3.0,3.8332953883411958
4.0,3.0,5.0,5.0,4.0,4.0,4.194195017120055
4.0,3.0,5.0,5.0,4.0,5.0,4.51276328756217
4.0,3.0,5.0,5.0,5.0,3.0,3.8332953951897997
4.0,3.0,5.0,5.0,5.0,4.0,4.272164355259271
4.0,3.0,5.0,5.0,5.0,5.0,4.543512976635125
4.0,4.0,1.0,1.0,1.0,1.0,1.2325705784517078
4.0,4.0,1.0,1.0,1.0,2.0,1.5879006108293512
4.0,4.0,1.0,1.0,1.0,3.0,1.8318518769063932
4.0,4.0,1.0,1.0,2.0,1.0,1.5525467737326895
4.0,4.0,1.0,1.0,2.0,2.0,1.8187332120126114
4.0,4.0,1.0,1.0,3.0,1.0,1.5525467770982004
4.0,4.0,1.0,1.0,3.0,2.0,1.8318518848633274
4.0,4.0,1.0,1.0,3.0,3.0,1.8318518804015231
4.0,4.0,1.0,1.0,4.0,1.0,1.6492298894412418
4.0,4.0,1.0,1.0,5.0,1.0,1.6492298995712456
4.0,4.0,1.0,2.0,1.0,1.0,1.4570217189253611
4.0,4.0,1.0,2.0,1.0,2.0,1.7247175427167885
4.0,4.0,1.0,2.0,1.0,3.0,2.226946148917017
4.0,4.0,1.0,2.0,2.0,2.0,1.8187332225250696
4.0,4.0,1.0,2.0,3.0,1.0,1.9329000721537941
4.0,4.0,1.0,2.0,3.0,2.0,1.9329000651761856
4.0,4.0,1.0,2.0,4.0,1.0,2.0014174144186763
4.0,4.0,1.0,2.0,4.0,2.0,2.3311034317133457
4.0,4.0,1.0,2.0,4.0,3.0,2.33110343677079
4.0,4.0,1.0,3.0,1.0,1.0,1.7227302765236596
4.0,4.0,1.0,3.0,1.0,2.0,2.172856986915449
4.0,4.0,1.0,3.0,2.0,1.0,1.7227302668598239
4.0,4.0,1.0,3.0,2.0,3.0,2.2649564130278423
4.0,4.0,1.0,3.0,3.0,1.0,1.9329000780342283
4.0,4.0,1.0,3.0,3.0,2.0,2.4230338089330936
4.0,4.0,1.0,3.0,3.0,3.0,2.423033818363957
4.0,4.0,1.0,3.0,4.0,1.0,2.27381214630402
4.0,4.0,1.0,3.0,4.0,2.0,2.4350917691502896
4.0,4.0,1.0,3.0,4.0,3.0,2.4350917327432873
4.0,4.0,1.0,4.0,1.0,1.0,1.7814656845769266
4.0,4.0,1.0,4.0,1.0,2.0,2.2269461570685083
4.0,4.0,1.0,4.0,1.0,3.0,2.226946170415027
4.0,4.0,1.0,4.0,1.0,4.0,2.2269462057425695
4.0,4.0,1.0,4.0,1.0,5.0,2.226946227199215
4.0,4.0,1.0,4.0,2.0,1.0,2.043813132221739
4.0,4.0,1.0,4.0,3.0,3.0,2.435091717409202
4.0,4.0,1.0,4.0,4.0,2.0,2.4350917688332845
4.0,4.0,1.0,4.0,4.0,3.0,2.435091755154642
4.0,4.0,1.0,4.0,4.0,4.0,2.515770037277905
4.0,4.0,1.0,4.0,5.0,3.0,2.5300403711513133
4.0,4.0,1.0,4.0,5.0,4.0,2.6174962437736258
4.0,4.0,1.0,4.0,5.0,5.0,2.6174962602825036
4.0,4.0,1.0,5.0,1.0,1.0,1.781465683128957
4.0,4.0,1.0,5.0,1.0,4.0,2.2269462248703706
4.0,4.0,1.0,5.0,2.0,3.0,2.264956424876517
4.0,4.0,1.0,5.0,3.0,3.0,2.6174962196299214
4.0,4.0,1.0,5.0,4.0,4.0,2.6174962236480694
4.0,4.0,1.0,5.0,5.0,4.0,2.617496237900692
4.0,4.0,1.0,5.0,5.0,5.0,3.6231192282448834
4.0,4.0,2.0,1.0,1.0,1.0,1.4981401367918445
4.0,4.0,2.0,1.0,1.0,2.0,1.9444493185329688
4.0,4.0,2.0,1.0,2.0,1.0,1.6992568199372953
4.0,4.0,2.0,1.0,2.0,2.0,1.9444493326244485
4.0,4.0,2.0,1.0,2.0,3.0,2.046260039731892
4.0,4.0,2.0,1.0,2.0,4.0,2.0901667957945587
4.0,4.0,2.0,1.0,3.0,1.0,1.816733868643912
4.0,4.0,2.0,1.0,3.0,3.0,2.3859301393167223
4.0,4.0,2.0,1.0,4.0,1.0,1.8167338670199127
4.0,4.0,2.0,1.0,4.0,2.0,2.3859301428207877
4.0,4.0,2.0,1.0,4.0,3.0,2.385930143650662
4.0,4.0,2.0,2.0,1.0,1.0,1.6040921724220705
4.0,4.0,2.0,2.0,1.0,2.0,1.968776593375509
4.0,4.0,2.0,2.0,1.0,3.0,2.385894306716715
4.0,4.0,2.0,2.0,1.0,5.0,2.3858943080673325
4.0,4.0,2.0,2.0,2.0,1.0,2.060840273863581
4.0,4.0,2.0,2.0,2.0,2.0,2.3624481069012297
4.0,4.0,2.0,2.0,2.0,3.0,2.51485616530037
4.0,4.0,2.0,2.0,3.0,1.0,2.2343594458747376
4.0,4.0,2.0,2.0,3.0,2.0,2.383927871474081
4.0,4.0,2.0,2.0,3.0,3.0,2.51485616836333
4.0,4.0,2.0,2.0,3.0,4.0,2.788054272960996
4.0,4.0,2.0,2.0,4.0,1.0,2.2698790319192605
4.0,4.0,2.0,2.0,4.0,2.0,2.6504656906451176
4.0,4.0,2.0,2.0,4.0,3.0,2.7861454529936536
4.0,4.0,2.0,2.0,4.0,4.0,2.7880542343348464
4.0,4.0,2.0,2.0,5.0,2.0,2.6504657097013955
4.0,4.0,2.0,2.0,5.0,3.0,2.9647635826596956
4.0,4.0,2.0,3.0,1.0,1.0,2.009817007737523
4.0,4.0,2.0,3.0,1.0,2.0,2.2772836831462486
4.0,4.0,2.0,3.0,1.0,3.0,2.4762855815021987
4.0,4.0,2.0,3.0,1.0,4.0,2.4762855826110397
4.0,4.0,2.0,3.0,2.0,1.0,2.362448134055389
4.0,4.0,2.0,3.0,2.0,2.0,2.3624481638998582
4.0,4.0,2.0,3.0,2.0,3.0,2.846246047471981
4.0,4.0,2.0,3.0,2.0,4.0,2.8462460523562942
4.0,4.0,2.0,3.0,3.0,2.0,2.730419975279927
4.0,4.0,2.0,3.0,3.0,3.0,2.9268237591049715
4.0,4.0,2.0,3.0,3.0,4.0,3.263437634034296
4.0,4.0,2.0,3.0,4.0,2.0,2.7304199786347585
4.0,4.0,2.0,3.0,4.0,3.0,2.926823776624852
4.0,4.0,2.0,3.0,4.0,4.0,3.2634376372097016
4.0,4.0,2.0,3.0,4.0,5.0,3.2634376460894092
4.0,4.0,2.0,3.0,5.0,2.0,2.954142076838795
4.0,4.0,2.0,3.0,5.0,3.0,2.996101725914554
4.0,4.0,2.0,3.0,5.0,4.0,3.2634376445523214
4.0,4.0,2.0,4.0,1.0,1.0,2.1171276976346207
4.0,4.0,2.0,4.0,1.0,2.0,2.277283698964561
4.0,4.0,2.0,4.0,1.0,3.0,2.476285583578663
4.0,4.0,2.0,4.0,1.0,4.0,2.4762855908717465
4.0,4.0,2.0,4.0,2.0,2.0,2.7304199692275617
4.0,4.0,2.0,4.0,2.0,3.0,2.8462460459872685
4.0,4.0,2.0,4.0,2.0,4.0,2.8462460584740144
4.0,4.0,2.0,4.0,3.0,1.0,2.3624481236198105
4.0,4.0,2.0,4.0,3.0,2.0,2.730419972872417
4.0,4.0,2.0,4.0,3.0,3.0,2.926823767373179
4.0,4.0,2.0,4.0,3.0,4.0,3.2634376368551794
4.0,4.0,2.0,4.0,4.0,2.0,2.750692867622638
4.0,4.0,2.0,4.0,4.0,3.0,3.098552276026695
4.0,4.0,2.0,4.0,4.0,4.0,3.3618460297741417
4.0,4.0,2.0,4.0,4.0,5.0,3.5424343884218543
4.0,4.0,2.0,4.0,5.0,2.0,2.982329336527289
4.0,4.0,2.0,4.0,5.0,4.0,3.361846042728009
4.0,4.0,2.0,4.0,5.0,5.0,3.5424344179179714
4.0,4.0,2.0,5.0,1.0,2.0,2.277283714780786
4.0,4.0,2.0,5.0,1.0,3.0,2.476285598820251
4.0,4.0,2.0,5.0,1.0,4.0,2.582522596842599
4.0,4.0,2.0,5.0,2.0,1.0,2.655172799472304
4.0,4.0,2.0,5.0,2.0,2.0,2.8284539724602538
4.0,4.0,2.0,5.0,2.0,4.0,3.2730119819666137
4.0,4.0,2.0,5.0,3.0,2.0,2.828453975939298
4.0,4.0,2.0,5.0,3.0,3.0,3.1073612443921603
4.0,4.0,2.0,5.0,3.0,4.0,3.2730119848686914
4.0,4.0,2.0,5.0,4.0,2.0,2.8284539815299605
4.0,4.0,2.0,5.0,4.0,4.0,3.3618460603830798
4.0,4.0,2.0,5.0,5.0,3.0,3.1073612505677164
4.0,4.0,2.0,5.0,5.0,4.0,3.3618460609137393
4.0,4.0,2.0,5.0,5.0,5.0,3.6231192244135064
4.0,4.0,3.0,1.0,1.0,1.0,1.498140153533015
4.0,4.0,3.0,1.0,1.0,2.0,2.0536694732517624
4.0,4.0,3.0,1.0,1.0,3.0,2.076369478763066
4.0,4.0,3.0,1.0,2.0,1.0,1.8659693173596803
4.0,4.0,3.0,1.0,2.0,2.0,2.118869396172738
4.0,4.0,3.0,1.0,2.0,3.0,2.190152238575858
4.0,4.0,3.0,1.0,3.0,1.0,1.8659693294932103
4.0,4.0,3.0,1.0,3.0,2.0,2.125070212716943
4.0,4.0,3.0,1.0,3.0,3.0,2.3859301357251033
4.0,4.0,3.0,1.0,4.0,1.0,2.022969432082177
4.0,4.0,3.0,1.0,4.0,2.0,2.3859301445540058
4.0,4.0,3.0,1.0,4.0,3.0,2.385930142859748
4.0,4.0,3.0,1.0,5.0,2.0,2.385930149116208
4.0,4.0,3.0,2.0,1.0,1.0,1.7387556595239322
4.0,4.0,3.0,2.0,1.0,2.0,2.05366949441456
4.0,4.0,3.0,2.0,1.0,3.0,2.410721874402056
4.0,4.0,3.0,2.0,1.0,4.0,2.4107218892801727
4.0,4.0,3.0,2.0,2.0,2.0,2.488694689335279
4.0,4.0,3.0,2.0,2.0,3.0,2.895862829565367
4.0,4.0,3.0,2.0,2.0,4.0,2.9772903036273615
4.0,4.0,3.0,2.0,3.0,1.0,2.234359437134787
4.0,4.0,3.0,2.0,3.0,2.0,2.5421193009911147
4.0,4.0,3.0,2.0,3.0,3.0,2.8958628349843756
4.0,4.0,3.0,2.0,3.0,4.0,3.304646479997732
4.0,4.0,3.0,2.0,4.0,2.0,2.6691487469222976
4.0,4.0,3.0,2.0,4.0,3.0,3.061090519920727
4.0,4.0,3.0,2.0,4.0,4.0,3.3858429143199635
4.0,4.0,3.0,2.0,5.0,2.0,2.8435569051617455
4.0,4.0,3.0,2.0,5.0,3.0,3.0610905226926017
4.0,4.0,3.0,2.0,5.0,4.0,3.3858429543740174
4.0,4.0,3.0,3.0,1.0,1.0,2.0608403024940287
4.0,4.0,3.0,3.0,1.0,2.0,2.5764367634037755
4.0,4.0,3.0,3.0,1.0,3.0,2.7391592559200553
4.0,4.0,3.0,3.0,1.0,4.0,2.9965520814930766
4.0,4.0,3.0,3.0,2.0,2.0,2.8003991885056383
4.0,4.0,3.0,3.0,2.0,3.0,2.948486006984933
4.0,4.0,3.0,3.0,2.0,4.0,3.320282486967313
4.0,4.0,3.0,3.0,3.0,1.0,2.575545385290306
4.0,4.0,3.0,3.0,3.0,2.0,2.9031170999004474
4.0,4.0,3.0,3.0,3.0,3.0,3.1829088965260834
4.0,4.0,3.0,3.0,3.0,4.0,3.529904542669877
4.0,4.0,3.0,3.0,4.0,1.0,2.5755453871226712
4.0,4.0,3.0,3.0,4.0,2.0,2.9122796779268105
4.0,4.0,3.0,3.0,4.0,3.0,3.396768290190094
4.0,4.0,3.0,3.0,4.0,4.0,3.6594534085918093
4.0,4.0,3.0,3.0,4.0,5.0,3.659453426554045
4.0,4.0,3.0,3.0,5.0,2.0,3.156259433551709
4.0,4.0,3.0,3.0,5.0,3.0,3.3967683065579584
4.0,4.0,3.0,3.0,5.0,4.0,3.6594534172158357
4.0,4.0,3.0,3.0,5.0,5.0,3.863428808016771
4.0,4.0,3.0,4.0,1.0,1.0,2.3407501061930702
4.0,4.0,3.0,4.0,1.0,2.0,2.7558606519177617
4.0,4.0,3.0,4.0,1.0,3.0,2.9533172222320982
4.0,4.0,3.0,4.0,1.0,4.0,3.054158961327392
4.0,4.0,3.0,4.0,2.0,2.0,2.915134724634457
4.0,4.0,3.0,4.0,2.0,3.0,3.2129316421005005
4.0,4.0,3.0,4.0,2.0,4.0,3.3202824990513777
4.0,4.0,3.0,4.0,2.0,5.0,3.320282588046143
4.0,4.0,3.0,4.0,3.0,1.0,2.7990511134584133
4.0,4.0,3.0,4.0,3.0,2.0,2.915134727529031
4.0,4.0,3.0,4.0,3.0,3.0,3.3745332903365033
4.0,4.0,3.0,4.0,3.0,4.0,3.8158314804141
4.0,4.0,3.0,4.0,3.0,5.0,3.9839988159262547
4.0,4.0,3.0,4.0,4.0,1.0,2.7990511156016233
4.0,4.0,3.0,4.0,4.0,2.0,2.918666358134859
4.0,4.0,3.0,4.0,4.0,3.0,3.5578790748769435
4.0,4.0,3.0,4.0,4.0,4.0,3.882617687156368
4.0,4.0,3.0,4.0,4.0,5.0,4.086120133866062
4.0,4.0,3.0,4.0,5.0,1.0,2.8738315507956274
4.0,4.0,3.0,4.0,5.0,2.0,3.1562594410296847
4.0,4.0,3.0,4.0,5.0,3.0,3.5578791115815496
4.0,4.0,3.0,4.0,5.0,4.0,3.9678042939246225
4.0,4.0,3.0,4.0,5.0,5.0,4.086120143584588
4.0,4.0,3.0,5.0,1.0,2.0,2.755860663746079
4.0,4.0,3.0,5.0,1.0,3.0,2.9973965681249637
4.0,4.0,3.0,5.0,1.0,4.0,3.054158982071872
4.0,4.0,3.0,5.0,1.0,5.0,3.32028263664108
4.0,4.0,3.0,5.0,2.0,2.0,2.9615533390683733
4.0,4.0,3.0,5.0,2.0,3.0,3.247978870555165
4.0,4.0,3.0,5.0,2.0,4.0,3.466601929978262
4.0,4.0,3.0,5.0,2.0,5.0,3.720661039767897
4.0,4.0,3.0,5.0,3.0,3.0,3.4676072778206155
4.0,4.0,3.0,5.0,3.0,4.0,3.815831556528377
4.0,4.0,3.0,5.0,3.0,5.0,3.9883793592507284
4.0,4.0,3.0,5.0,4.0,2.0,3.3065799741594977
4.0,4.0,3.0,5.0,4.0,3.0,3.569048026244277
4.0,4.0,3.0,5.0,4.0,4.0,3.947579582412328
4.0,4.0,3.0,5.0,4.0,5.0,4.161679293665988
4.0,4.0,3.0,5.0,5.0,2.0,3.3065799828803404
4.0,4.0,3.0,5.0,5.0,3.0,3.817986483975157
4.0,4.0,3.0,5.0,5.0,4.0,3.9990403411299096
4.0,4.0,3.0,5.0,5.0,5.0,4.161679298388708
4.0,4.0,4.0,1.0,1.0,1.0,1.4981401919587964
4.0,4.0,4.0,1.0,1.0,2.0,2.2468707416246225
4.0,4.0,4.0,1.0,2.0,1.0,2.2468706929660263
4.0,4.0,4.0,1.0,3.0,1.0,2.2468707132150167
4.0,4.0,4.0,1.0,3.0,2.0,2.246870733863515
4.0,4.0,4.0,1.0,3.0,3.0,2.3859301344915154
4.0,4.0,4.0,1.0,4.0,3.0,3.0067721487407355
4.0,4.0,4.0,2.0,1.0,1.0,2.0775973817678977
4.0,4.0,4.0,2.0,1.0,2.0,2.2468707539203647
4.0,4.0,4.0,2.0,1.0,3.0,2.847878490073783
4.0,4.0,4.0,2.0,2.0,1.0,2.2468706893162778
4.0,4.0,4.0,2.0,2.0,2.0,2.488694669187839
4.0,4.0,4.0,2.0,2.0,3.0,2.996828956808375
4.0,4.0,4.0,2.0,2.0,4.0,3.015455843839049
4.0,4.0,4.0,2.0,3.0,2.0,2.5421193031708116
4.0,4.0,4.0,2.0,3.0,3.0,3.0994699684564675
4.0,4.0,4.0,2.0,3.0,4.0,3.304646483756187
4.0,4.0,4.0,2.0,4.0,2.0,2.704768022575828
4.0,4.0,4.0,2.0,4.0,3.0,3.283262093334659
4.0,4.0,4.0,2.0,4.0,4.0,3.3858429491651263
4.0,4.0,4.0,2.0,4.0,5.0,3.388688286170857
4.0,4.0,4.0,2.0,5.0,4.0,3.3858429593904686
4.0,4.0,4.0,2.0,5.0,5.0,3.8867224658137536
4.0,4.0,4.0,3.0,1.0,2.0,2.5764367478320036
4.0,4.0,4.0,3.0,1.0,3.0,2.8478784959413903
4.0,4.0,4.0,3.0,1.0,4.0,3.2579215913524555
4.0,4.0,4.0,3.0,2.0,1.0,2.7990510904765356
4.0,4.0,4.0,3.0,2.0,2.0,2.800399197495333
4.0,4.0,4.0,3.0,2.0,3.0,3.3312298866089574
4.0,4.0,4.0,3.0,2.0,4.0,3.478031450138738
4.0,4.0,4.0,3.0,3.0,2.0,2.931691636824141
4.0,4.0,4.0,3.0,3.0,3.0,3.489971196295455
4.0,4.0,4.0,3.0,3.0,4.0,3.8651810927262327
4.0,4.0,4.0,3.0,4.0,1.0,2.7990511106648706
4.0,4.0,4.0,3.0,4.0,2.0,3.274763398465311
4.0,4.0,4.0,3.0,4.0,3.0,3.740325984041766
4.0,4.0,4.0,3.0,4.0,4.0,3.9102505035171484
4.0,4.0,4.0,3.0,4.0,5.0,4.1232700686517285
4.0,4.0,4.0,3.0,5.0,3.0,3.74032599193382
4.0,4.0,4.0,3.0,5.0,4.0,4.066867768655495
4.0,4.0,4.0,3.0,5.0,5.0,4.138633434342599
4.0,4.0,4.0,4.0,1.0,2.0,2.96155330394797
4.0,4.0,4.0,4.0,1.0,3.0,2.961553313347977
4.0,4.0,4.0,4.0,1.0,4.0,3.2579215901269682
4.0,4.0,4.0,4.0,1.0,5.0,3.4512077327575867
4.0,4.0,4.0,4.0,2.0,2.0,2.961553312839647
4.0,4.0,4.0,4.0,2.0,3.0,3.378876368469461
4.0,4.0,4.0,4.0,2.0,4.0,3.7207574936967114
4.0,4.0,4.0,4.0,2.0,5.0,3.720757515196498
4.0,4.0,4.0,4.0,3.0,2.0,3.3065799536778684
4.0,4.0,4.0,4.0,3.0,3.0,3.694855773674937
4.0,4.0,4.0,4.0,3.0,4.0,3.9807070652348346
4.0,4.0,4.0,4.0,3.0,5.0,4.0690320938402795
4.0,4.0,4.0,4.0,4.0,1.0,2.799051117416333
4.0,4.0,4.0,4.0,4.0,2.0,3.306579964863766
4.0,4.0,4.0,4.0,4.0,3.0,3.8362700729322827
4.0,4.0,4.0,4.0,4.0,4.0,4.087616734541921
4.0,4.0,4.0,4.0,4.0,5.0,4.314174771085002
4.0,4.0,4.0,4.0,5.0,3.0,3.9481649392728646
4.0,4.0,4.0,4.0,5.0,4.0,4.091270241089523
4.0,4.0,4.0,4.0,5.0,5.0,4.327854956193192
4.0,4.0,4.0,5.0,1.0,1.0,2.8738314900563147
4.0,4.0,4.0,5.0,1.0,4.0,3.2579216080973774
4.0,4.0,4.0,5.0,1.0,5.0,3.54300597609904
4.0,4.0,4.0,5.0,2.0,2.0,2.96155333901769
4.0,4.0,4.0,5.0,2.0,3.0,3.5448032379686394
4.0,4.0,4.0,5.0,2.0,4.0,3.7750729772144016
4.0,4.0,4.0,5.0,2.0,5.0,3.7995137042008773
4.0,4.0,4.0,5.0,3.0,2.0,3.3065799673700504
4.0,4.0,4.0,5.0,3.0,3.0,3.8335932346649244
4.0,4.0,4.0,5.0,3.0,4.0,4.045467987125507
4.0,4.0,4.0,5.0,3.0,5.0,4.318216515571564
4.0,4.0,4.0,5.0,4.0,3.0,3.908950753733168
4.0,4.0,4.0,5.0,4.0,4.0,4.151913876124452
4.0,4.0,4.0,5.0,4.0,5.0,4.340651283216977
4.0,4.0,4.0,5.0,5.0,2.0,3.306579974759958
4.0,4.0,4.0,5.0,5.0,3.0,4.102386832329713
4.0,4.0,4.0,5.0,5.0,4.0,4.216926760489712
4.0,4.0,4.0,5.0,5.0,5.0,4.463433285832112
4.0,4.0,5.0,1.0,3.0,3.0,3.2410678583615393
4.0,4.0,5.0,1.0,4.0,4.0,3.2457828255465393
4.0,4.0,5.0,1.0,5.0,5.0,3.2457828250816103
4.0,4.0,5.0,2.0,3.0,3.0,3.412043670007599
4.0,4.0,5.0,2.0,4.0,5.0,3.8867224612907294
4.0,4.0,5.0,2.0,5.0,3.0,3.4855505183197457
4.0,4.0,5.0,2.0,5.0,5.0,3.8867224653141155
4.0,4.0,5.0,3.0,3.0,3.0,3.5812633109473535
4.0,4.0,5.0,3.0,3.0,4.0,3.8651810986441038
4.0,4.0,5.0,3.0,4.0,2.0,3.2931425296559476
4.0,4.0,5.0,3.0,4.0,3.0,3.747521716944863
4.0,4.0,5.0,3.0,4.0,4.0,4.0451277705089
4.0,4.0,5.0,3.0,4.0,5.0,4.138633488060253
4.0,4.0,5.0,3.0,5.0,3.0,3.798003312427854
4.0,4.0,5.0,3.0,5.0,4.0,4.06686778796239
4.0,4.0,5.0,3.0,5.0,5.0,4.13863347943669
4.0,4.0,5.0,4.0,1.0,4.0,3.2579216151012043
4.0,4.0,5.0,4.0,2.0,2.0,3.0573636299307116
4.0,4.0,5.0,4.0,2.0,3.0,3.500090929077104
4.0,4.0,5.0,4.0,2.0,4.0,3.7450585692049194
4.0,4.0,5.0,4.0,3.0,3.0,3.791823976768788
4.0,4.0,5.0,4.0,3.0,4.0,4.021998932546821
4.0,4.0,5.0,4.0,3.0,5.0,4.245934129754366
4.0,4.0,5.0,4.0,4.0,2.0,3.3065799676309435
4.0,4.0,5.0,4.0,4.0,3.0,3.894216458559827
4.0,4.0,5.0,4.0,4.0,4.0,4.131546381283234
4.0,4.0,5.0,4.0,4.0,5.0,4.461699270508405
4.0,4.0,5.0,4.0,5.0,3.0,4.047299289172762
4.0,4.0,5.0,4.0,5.0,4.0,4.185514892039329
4.0,4.0,5.0,4.0,5.0,5.0,4.494148321091149
4.0,4.0,5.0,5.0,1.0,3.0,3.54300596635845
4.0,4.0,5.0,5.0,1.0,5.0,3.54300598794606
4.0,4.0,5.0,5.0,2.0,4.0,3.7750729837440615
4.0,4.0,5.0,5.0,2.0,5.0,4.318216679868255
4.0,4.0,5.0,5.0,3.0,3.0,3.8335932561274966
4.0,4.0,5.0,5.0,3.0,4.0,4.09865020523246
4.0,4.0,5.0,5.0,3.0,5.0,4.318216629325667
4.0,4.0,5.0,5.0,4.0,3.0,4.046151083806733
4.0,4.0,5.0,5.0,4.0,4.0,4.204841899184494
4.0,4.0,5.0,5.0,4.0,5.0,4.512763295843973
4.0,4.0,5.0,5.0,5.0,3.0,4.172346431949055
4.0,4.0,5.0,5.0,5.0,4.0,4.386525248667007
4.0,4.0,5.0,5.0,5.0,5.0,4.648082299499597
4.0,5.0,1.0,1.0,1.0,1.0,1.2325705834347545
4.0,5.0,1.0,1.0,1.0,2.0,1.5879006113997958
4.0,5.0,1.0,1.0,1.0,3.0,1.8318518809633397
4.0,5.0,1.0,1.0,2.0,1.0,1.55254678320143
4.0,5.0,1.0,1.0,3.0,1.0,1.649229880595304
4.0,5.0,1.0,1.0,3.0,2.0,1.8318518873872178
4.0,5.0,1.0,1.0,3.0,3.0,1.8318518889288653
4.0,5.0,1.0,1.0,4.0,1.0,1.6492298889987598
4.0,5.0,1.0,1.0,4.0,2.0,1.842227556979377
4.0,5.0,1.0,1.0,4.0,4.0,1.8422275623029134
4.0,5.0,1.0,2.0,1.0,1.0,1.457021720489031
4.0,5.0,1.0,2.0,1.0,2.0,1.7247175455954302
4.0,5.0,1.0,2.0,2.0,2.0,2.172856991384759
4.0,5.0,1.0,2.0,3.0,1.0,1.9329000759768074
4.0,5.0,1.0,2.0,3.0,2.0,2.1728569920461758
4.0,5.0,1.0,2.0,3.0,4.0,2.4350916568905716
4.0,5.0,1.0,2.0,4.0,1.0,2.0187896377157855
4.0,5.0,1.0,2.0,4.0,2.0,2.43509182824547
4.0,5.0,1.0,2.0,5.0,2.0,2.84355690166188
4.0,5.0,1.0,3.0,1.0,3.0,2.2269461499224716
4.0,5.0,1.0,3.0,2.0,2.0,2.172856995179237
4.0,5.0,1.0,3.0,3.0,1.0,1.9329000967680872
4.0,5.0,1.0,3.0,3.0,3.0,2.42303387086341
4.0,5.0,1.0,3.0,4.0,3.0,2.4350917831961825
4.0,5.0,1.0,3.0,4.0,4.0,2.971681246170703
4.0,5.0,1.0,4.0,1.0,2.0,2.2269462296610776
4.0,5.0,1.0,4.0,1.0,3.0,2.2269462361478625
4.0,5.0,1.0,4.0,1.0,4.0,2.2269462444194406
4.0,5.0,1.0,4.0,2.0,2.0,2.3967466741383308
4.0,5.0,1.0,4.0,2.0,4.0,2.396746680414846
4.0,5.0,1.0,4.0,3.0,2.0,2.4230338158437275
4.0,5.0,1.0,4.0,3.0,4.0,2.435091654656233
4.0,5.0,1.0,4.0,4.0,1.0,2.2738121627036327
4.0,5.0,1.0,4.0,4.0,3.0,2.4350917558072247
4.0,5.0,1.0,4.0,5.0,3.0,3.0061108564530072
4.0,5.0,1.0,4.0,5.0,4.0,3.0061108727540637
4.0,5.0,1.0,4.0,5.0,5.0,3.0643240142543955
4.0,5.0,1.0,5.0,1.0,1.0,1.7814656911294457
4.0,5.0,1.0,5.0,1.0,2.0,2.226946237494407
4.0,5.0,1.0,5.0,3.0,1.0,2.2738121652246153
4.0,5.0,1.0,5.0,3.0,3.0,2.617496221587951
4.0,5.0,1.0,5.0,3.0,4.0,2.6174962309854157
4.0,5.0,1.0,5.0,3.0,5.0,3.623119241378625
4.0,5.0,1.0,5.0,4.0,1.0,2.273812174649995
4.0,5.0,1.0,5.0,4.0,4.0,3.3618460960964
4.0,5.0,1.0,5.0,5.0,4.0,3.5837275004259816
4.0,5.0,1.0,5.0,5.0,5.0,3.6231192388251983
4.0,5.0,2.0,1.0,1.0,1.0,1.687855198849933
4.0,5.0,2.0,1.0,1.0,2.0,2.0479549737600573
4.0,5.0,2.0,1.0,2.0,1.0,1.6992568276530369
4.0,5.0,2.0,1.0,2.0,2.0,2.0479549906299823
4.0,5.0,2.0,1.0,3.0,1.0,1.8167338662035333
4.0,5.0,2.0,1.0,3.0,2.0,2.385930147429265
4.0,5.0,2.0,1.0,3.0,3.0,2.428094772548698
4.0,5.0,2.0,1.0,4.0,2.0,2.3859301520383354
4.0,5.0,2.0,1.0,4.0,3.0,2.4280947779268787
4.0,5.0,2.0,1.0,5.0,1.0,1.8167338685537442
4.0,5.0,2.0,1.0,5.0,3.0,2.878766991397004
4.0,5.0,2.0,2.0,1.0,1.0,2.060840289506838
4.0,5.0,2.0,2.0,1.0,2.0,2.2772836746941967
4.0,5.0,2.0,2.0,1.0,3.0,2.385894309452413
4.0,5.0,2.0,2.0,2.0,1.0,2.06084029795444
4.0,5.0,2.0,2.0,2.0,2.0,2.48869472102881
4.0,5.0,2.0,2.0,3.0,1.0,2.6728883176474625
4.0,5.0,2.0,2.0,3.0,2.0,2.6728883233529706
4.0,5.0,2.0,2.0,3.0,3.0,2.893051698478561
4.0,5.0,2.0,2.0,3.0,4.0,2.89305171482968
4.0,5.0,2.0,2.0,4.0,1.0,2.6728883193248385
4.0,5.0,2.0,2.0,4.0,2.0,2.672888327231998
4.0,5.0,2.0,2.0,4.0,3.0,2.9970427995113496
4.0,5.0,2.0,2.0,5.0,2.0,2.8435569029733796
4.0,5.0,2.0,2.0,5.0,3.0,2.99704281368782
4.0,5.0,2.0,2.0,5.0,4.0,3.0197989008476975
4.0,5.0,2.0,3.0,1.0,1.0,2.0608403033067457
4.0,5.0,2.0,3.0,1.0,2.0,2.277283687619726
4.0,5.0,2.0,3.0,1.0,3.0,2.5137391984621957
4.0,5.0,2.0,3.0,1.0,4.0,2.513739209410764
4.0,5.0,2.0,3.0,1.0,5.0,2.7280390167916995
4.0,5.0,2.0,3.0,2.0,1.0,2.672888303994954
4.0,5.0,2.0,3.0,2.0,2.0,2.7304199706904795
4.0,5.0,2.0,3.0,2.0,3.0,2.846246050020158
4.0,5.0,2.0,3.0,2.0,4.0,3.263437630295045
4.0,5.0,2.0,3.0,3.0,1.0,2.6728883146475635
4.0,5.0,2.0,3.0,3.0,2.0,2.7304199769533812
4.0,5.0,2.0,3.0,3.0,3.0,2.9970427532511583
4.0,5.0,2.0,3.0,3.0,4.0,3.2634376368030296
4.0,5.0,2.0,3.0,4.0,2.0,2.7304199856903506
4.0,5.0,2.0,3.0,4.0,3.0,2.9970427829263735
4.0,5.0,2.0,3.0,4.0,4.0,3.2634376425489573
4.0,5.0,2.0,3.0,5.0,2.0,3.103522766306038
4.0,5.0,2.0,3.0,5.0,3.0,3.103522772004715
4.0,5.0,2.0,4.0,1.0,1.0,2.1525310229606984
4.0,5.0,2.0,4.0,1.0,2.0,2.2772837030829494
4.0,5.0,2.0,4.0,1.0,3.0,2.5137392122467848
4.0,5.0,2.0,4.0,1.0,4.0,2.513739234176951
4.0,5.0,2.0,4.0,2.0,2.0,2.730419973732572
4.0,5.0,2.0,4.0,2.0,3.0,2.978114228046694
4.0,5.0,2.0,4.0,2.0,4.0,3.263437643632178
4.0,5.0,2.0,4.0,3.0,2.0,2.8951000516166325
4.0,5.0,2.0,4.0,3.0,3.0,3.057014330198655
4.0,5.0,2.0,4.0,3.0,4.0,3.2634376425703855
4.0,5.0,2.0,4.0,4.0,1.0,2.7035308979823185
4.0,5.0,2.0,4.0,4.0,2.0,2.8951000575630714
4.0,5.0,2.0,4.0,4.0,3.0,3.1686438448027756
4.0,5.0,2.0,4.0,4.0,4.0,3.361846054416491
4.0,5.0,2.0,4.0,5.0,2.0,3.188656159264295
4.0,5.0,2.0,4.0,5.0,3.0,3.1886561651907734
4.0,5.0,2.0,4.0,5.0,4.0,3.580108029710502
4.0,5.0,2.0,4.0,5.0,5.0,3.5801080472021325
4.0,5.0,2.0,5.0,1.0,1.0,2.1525310242973563
4.0,5.0,2.0,5.0,1.0,2.0,2.277283714195242
4.0,5.0,2.0,5.0,1.0,3.0,2.6769367606544328
4.0,5.0,2.0,5.0,1.0,4.0,2.728039018028225
4.0,5.0,2.0,5.0,1.0,5.0,2.7280390205741583
4.0,5.0,2.0,5.0,2.0,2.0,2.9078271936753692
4.0,5.0,2.0,5.0,2.0,3.0,2.998053172879503
4.0,5.0,2.0,5.0,2.0,4.0,3.273011992431715
4.0,5.0,2.0,5.0,2.0,5.0,3.273012004762747
4.0,5.0,2.0,5.0,3.0,1.0,2.6728883268761066
4.0,5.0,2.0,5.0,3.0,2.0,2.9864233679779306
4.0,5.0,2.0,5.0,3.0,3.0,3.107361249934102
4.0,5.0,2.0,5.0,3.0,4.0,3.361846107688972
4.0,5.0,2.0,5.0,4.0,2.0,3.0006063300366086
4.0,5.0,2.0,5.0,4.0,3.0,3.1686438592508717
4.0,5.0,2.0,5.0,4.0,4.0,3.361846093743363
4.0,5.0,2.0,5.0,4.0,5.0,3.623119221195535
4.0,5.0,2.0,5.0,5.0,2.0,3.188656164072388
4.0,5.0,2.0,5.0,5.0,3.0,3.4446356386197348
4.0,5.0,2.0,5.0,5.0,4.0,3.583727497808532
4.0,5.0,2.0,5.0,5.0,5.0,3.6231192228054847
4.0,5.0,3.0,1.0,1.0,2.0,2.3859301429094617
4.0,5.0,3.0,1.0,1.0,3.0,2.3859301496052665
4.0,5.0,3.0,1.0,2.0,1.0,1.8659693239730226
4.0,5.0,3.0,1.0,2.0,3.0,2.773063466371454
4.0,5.0,3.0,1.0,3.0,1.0,2.1151829701397125
4.0,5.0,3.0,1.0,3.0,2.0,2.385930151717682
4.0,5.0,3.0,1.0,3.0,3.0,2.773063498287926
4.0,5.0,3.0,1.0,3.0,4.0,2.8787670158222642
4.0,5.0,3.0,1.0,4.0,1.0,2.1151829721492192
4.0,5.0,3.0,1.0,4.0,2.0,2.385930158693077
4.0,5.0,3.0,1.0,4.0,4.0,2.8787670179015987
4.0,5.0,3.0,1.0,5.0,3.0,2.8787670084080847
4.0,5.0,3.0,1.0,5.0,4.0,2.878767020810769
4.0,5.0,3.0,2.0,1.0,1.0,2.060840297140916
4.0,5.0,3.0,2.0,1.0,2.0,2.488694719824793
4.0,5.0,3.0,2.0,1.0,3.0,2.895862835829028
4.0,5.0,3.0,2.0,1.0,4.0,3.2509534741948602
4.0,5.0,3.0,2.0,2.0,2.0,2.4886947194072637
4.0,5.0,3.0,2.0,2.0,3.0,2.895862839580067
4.0,5.0,3.0,2.0,3.0,2.0,2.6998867181312374
4.0,5.0,3.0,2.0,3.0,3.0,2.9438343016406785
4.0,5.0,3.0,2.0,4.0,2.0,2.715523677250198
4.0,5.0,3.0,2.0,4.0,3.0,3.3102688443188053
4.0,5.0,3.0,2.0,4.0,4.0,3.4511142310678875
4.0,5.0,3.0,2.0,5.0,2.0,2.843556909865649
4.0,5.0,3.0,2.0,5.0,3.0,3.412043699457919
4.0,5.0,3.0,2.0,5.0,4.0,3.451114232458696
4.0,5.0,3.0,2.0,5.0,5.0,3.9175438916725076
4.0,5.0,3.0,3.0,1.0,1.0,2.060840304968997
4.0,5.0,3.0,3.0,1.0,2.0,2.5764367714435883
4.0,5.0,3.0,3.0,1.0,3.0,2.993578893044943
4.0,5.0,3.0,3.0,1.0,4.0,3.250953477695747
4.0,5.0,3.0,3.0,2.0,1.0,2.672888307187592
4.0,5.0,3.0,3.0,2.0,2.0,2.8285807241921495
4.0,5.0,3.0,3.0,2.0,3.0,3.068752163367365
4.0,5.0,3.0,3.0,2.0,4.0,3.320282488539318
4.0,5.0,3.0,3.0,3.0,1.0,2.672888311733762
4.0,5.0,3.0,3.0,3.0,2.0,2.950852675686284
4.0,5.0,3.0,3.0,3.0,3.0,3.2898512026266364
4.0,5.0,3.0,3.0,3.0,4.0,3.5299045618613203
4.0,5.0,3.0,3.0,3.0,5.0,3.9883793733262216
4.0,5.0,3.0,3.0,4.0,1.0,2.67288832382752
4.0,5.0,3.0,3.0,4.0,2.0,2.9508526830476227
4.0,5.0,3.0,3.0,4.0,3.0,3.463729914778654
4.0,5.0,3.0,3.0,4.0,4.0,3.917200753978694
4.0,5.0,3.0,3.0,4.0,5.0,3.9883793842594497
4.0,5.0,3.0,3.0,5.0,1.0,2.672888334687726
4.0,5.0,3.0,3.0,5.0,2.0,3.293142536833078
4.0,5.0,3.0,3.0,5.0,3.0,3.463729931870751
4.0,5.0,3.0,3.0,5.0,4.0,3.9172007688240367
4.0,5.0,3.0,3.0,5.0,5.0,4.100989359028909
4.0,5.0,3.0,4.0,1.0,1.0,2.4517938524366114
4.0,5.0,3.0,4.0,1.0,2.0,2.835622923409694
4.0,5.0,3.0,4.0,1.0,3.0,2.998239878649028
4.0,5.0,3.0,4.0,1.0,4.0,3.3202826136246135
4.0,5.0,3.0,4.0,1.0,5.0,3.3202826207147624
4.0,5.0,3.0,4.0,2.0,1.0,2.6728883065921485
4.0,5.0,3.0,4.0,2.0,2.0,3.031859303700592
4.0,5.0,3.0,4.0,2.0,3.0,3.2479788352645356
4.0,5.0,3.0,4.0,2.0,4.0,3.3202826114942092
4.0,5.0,3.0,4.0,2.0,5.0,3.3202826117676847
4.0,5.0,3.0,4.0,3.0,1.0,2.873831536326909
4.0,5.0,3.0,4.0,3.0,2.0,3.031859301423326
4.0,5.0,3.0,4.0,3.0,3.0,3.4991587623588694
4.0,5.0,3.0,4.0,3.0,4.0,3.8158315028144294
4.0,5.0,3.0,4.0,3.0,5.0,3.988379367710171
4.0,5.0,3.0,4.0,4.0,2.0,3.1249696809369834
4.0,5.0,3.0,4.0,4.0,3.0,3.5690479685652865
4.0,5.0,3.0,4.0,4.0,4.0,3.9589338558924125
4.0,5.0,3.0,4.0,4.0,5.0,4.140079294454137
4.0,5.0,3.0,4.0,5.0,2.0,3.3329062889127083
4.0,5.0,3.0,4.0,5.0,3.0,3.652085702129298
4.0,5.0,3.0,4.0,5.0,4.0,3.9884136138228983
4.0,5.0,3.0,4.0,5.0,5.0,4.157624503547553
4.0,5.0,3.0,5.0,1.0,2.0,2.9983119507359643
4.0,5.0,3.0,5.0,1.0,3.0,2.998311965121872
4.0,5.0,3.0,5.0,1.0,4.0,3.320282627233654
4.0,5.0,3.0,5.0,1.0,5.0,3.3202826348400656
4.0,5.0,3.0,5.0,2.0,2.0,3.0318593048845903
4.0,5.0,3.0,5.0,2.0,3.0,3.2479788618078396
4.0,5.0,3.0,5.0,2.0,4.0,3.595533928316874
4.0,5.0,3.0,5.0,2.0,5.0,3.7206610500506967
4.0,5.0,3.0,5.0,3.0,2.0,3.2808131788970596
4.0,5.0,3.0,5.0,3.0,3.0,3.4991587841368736
4.0,5.0,3.0,5.0,3.0,4.0,3.8697952600706773
4.0,5.0,3.0,5.0,3.0,5.0,3.988379363301192
4.0,5.0,3.0,5.0,4.0,2.0,3.3065799833425076
4.0,5.0,3.0,5.0,4.0,3.0,3.5690480431600724
4.0,5.0,3.0,5.0,4.0,4.0,4.008448229755282
4.0,5.0,3.0,5.0,4.0,5.0,4.267087859491682
4.0,5.0,3.0,5.0,5.0,2.0,3.3329062972054437
4.0,5.0,3.0,5.0,5.0,3.0,3.905859403060167
4.0,5.0,3.0,5.0,5.0,4.0,4.1530604366935835
4.0,5.0,3.0,5.0,5.0,5.0,4.35958655988282
4.0,5.0,4.0,1.0,1.0,1.0,2.154686934863436
4.0,5.0,4.0,1.0,2.0,2.0,2.6126026808818446
4.0,5.0,4.0,1.0,3.0,2.0,2.612602683551402
4.0,5.0,4.0,1.0,4.0,3.0,3.2410678682579572
4.0,5.0,4.0,1.0,4.0,5.0,3.868338787785093
4.0,5.0,4.0,1.0,5.0,1.0,2.8101425467437178
4.0,5.0,4.0,2.0,1.0,3.0,2.979719524825791
4.0,5.0,4.0,2.0,2.0,1.0,2.704768050913104
4.0,5.0,4.0,2.0,2.0,3.0,3.005366257380107
4.0,5.0,4.0,2.0,2.0,4.0,3.485482884003096
4.0,5.0,4.0,2.0,3.0,2.0,2.70476805725194
4.0,5.0,4.0,2.0,3.0,3.0,3.31026885789642
4.0,5.0,4.0,2.0,3.0,4.0,3.485482889655789
4.0,5.0,4.0,2.0,4.0,2.0,3.272621743375385
4.0,5.0,4.0,2.0,4.0,3.0,3.310268860113323
4.0,5.0,4.0,2.0,4.0,4.0,3.5953781870666033
4.0,5.0,4.0,2.0,4.0,5.0,3.8683388066213427
4.0,5.0,4.0,2.0,5.0,4.0,3.624670832835425
4.0,5.0,4.0,3.0,1.0,2.0,3.0318593256760757
4.0,5.0,4.0,3.0,1.0,3.0,3.257921617987358
4.0,5.0,4.0,3.0,2.0,2.0,3.031859320867016
4.0,5.0,4.0,3.0,2.0,3.0,3.514757087905268
4.0,5.0,4.0,3.0,2.0,4.0,3.514757101653176
4.0,5.0,4.0,3.0,3.0,2.0,3.2931425146154503
4.0,5.0,4.0,3.0,3.0,3.0,3.645492801085448
4.0,5.0,4.0,3.0,3.0,4.0,4.031277691075228
4.0,5.0,4.0,3.0,3.0,5.0,4.06903212178295
4.0,5.0,4.0,3.0,4.0,2.0,3.2931425271273573
4.0,5.0,4.0,3.0,4.0,3.0,3.7672532207408116
4.0,5.0,4.0,3.0,4.0,4.0,4.043394395822922
4.0,5.0,4.0,3.0,4.0,5.0,4.1232701003257715
4.0,5.0,4.0,3.0,5.0,2.0,3.293142542917811
4.0,5.0,4.0,3.0,5.0,3.0,3.7672532350978236
4.0,5.0,4.0,3.0,5.0,4.0,4.066867783196689
4.0,5.0,4.0,3.0,5.0,5.0,4.138633416533851
4.0,5.0,4.0,4.0,1.0,2.0,3.0318593248828805
4.0,5.0,4.0,4.0,1.0,3.0,3.2579216238256765
4.0,5.0,4.0,4.0,1.0,4.0,3.3375356087785226
4.0,5.0,4.0,4.0,1.0,5.0,3.451207737757002
4.0,5.0,4.0,4.0,2.0,2.0,3.031859321266784
4.0,5.0,4.0,4.0,2.0,3.0,3.645767850446466
4.0,5.0,4.0,4.0,2.0,4.0,3.7207575333830216
4.0,5.0,4.0,4.0,2.0,5.0,3.8728514729374317
4.0,5.0,4.0,4.0,3.0,2.0,3.332861360569991
4.0,5.0,4.0,4.0,3.0,3.0,3.84618370364666
4.0,5.0,4.0,4.0,3.0,4.0,4.0312777249654665
4.0,5.0,4.0,4.0,3.0,5.0,4.069032121232615
4.0,5.0,4.0,4.0,4.0,2.0,3.444924751735389
4.0,5.0,4.0,4.0,4.0,3.0,3.8989740292944624
4.0,5.0,4.0,4.0,4.0,4.0,4.112062574431864
4.0,5.0,4.0,4.0,4.0,5.0,4.428510268848714
4.0,5.0,4.0,4.0,5.0,2.0,3.444924784034721
4.0,5.0,4.0,4.0,5.0,3.0,4.038504891822673
4.0,5.0,4.0,4.0,5.0,4.0,4.194549215343747
4.0,5.0,4.0,4.0,5.0,5.0,4.428510368585203
4.0,5.0,4.0,5.0,1.0,2.0,3.031859329247215
4.0,5.0,4.0,5.0,1.0,3.0,3.3334075174229802
4.0,5.0,4.0,5.0,1.0,4.0,3.3796852795814387
4.0,5.0,4.0,5.0,1.0,5.0,3.6346251612654386
4.0,5.0,4.0,5.0,2.0,2.0,3.0318593318118823
4.0,5.0,4.0,5.0,2.0,3.0,3.6457678701426572
4.0,5.0,4.0,5.0,2.0,4.0,3.781474295128725
4.0,5.0,4.0,5.0,2.0,5.0,3.8728514777948932
4.0,5.0,4.0,5.0,3.0,2.0,3.3328613731816943
4.0,5.0,4.0,5.0,3.0,3.0,3.846183761005471
4.0,5.0,4.0,5.0,3.0,4.0,4.0454680147631406
4.0,5.0,4.0,5.0,3.0,5.0,4.318216448649942
4.0,5.0,4.0,5.0,4.0,2.0,3.573309173485882
4.0,5.0,4.0,5.0,4.0,3.0,3.9089507764825977
4.0,5.0,4.0,5.0,4.0,4.0,4.205104396017124
4.0,5.0,4.0,5.0,4.0,5.0,4.452932590077678
4.0,5.0,4.0,5.0,5.0,1.0,3.083205580320568
4.0,5.0,4.0,5.0,5.0,2.0,3.5733091771295156
4.0,5.0,4.0,5.0,5.0,3.0,4.112125568590016
4.0,5.0,4.0,5.0,5.0,4.0,4.340582835559424
4.0,5.0,4.0,5.0,5.0,5.0,4.574332092817369
4.0,5.0,5.0,1.0,4.0,3.0,3.241067871926517
4.0,5.0,5.0,1.0,5.0,1.0,2.8101425522705736
4.0,5.0,5.0,2.0,1.0,4.0,3.2509534840690706
4.0,5.0,5.0,2.0,2.0,4.0,3.4854828936563993
4.0,5.0,5.0,2.0,3.0,2.0,3.0428624066544714
4.0,5.0,5.0,2.0,3.0,3.0,3.412043681690454
4.0,5.0,5.0,2.0,4.0,3.0,3.4120436898523536
4.0,5.0,5.0,2.0,5.0,2.0,3.27262174591157
4.0,5.0,5.0,2.0,5.0,3.0,3.5896799693694694
4.0,5.0,5.0,2.0,5.0,4.0,3.6246708499202454
4.0,5.0,5.0,2.0,5.0,5.0,4.3291875395811354
4.0,5.0,5.0,3.0,1.0,4.0,3.8034732795426893
4.0,5.0,5.0,3.0,2.0,2.0,3.0454029216799574
4.0,5.0,5.0,3.0,2.0,3.0,3.5147570973617865
4.0,5.0,5.0,3.0,3.0,2.0,3.2931425230839597
4.0,5.0,5.0,3.0,3.0,3.0,3.6656206075958897
4.0,5.0,5.0,3.0,3.0,4.0,4.14706532064559
4.0,5.0,5.0,3.0,3.0,5.0,4.2875273485766625
4.0,5.0,5.0,3.0,4.0,3.0,3.7672532557203557
4.0,5.0,5.0,3.0,4.0,4.0,4.164146980210766
4.0,5.0,5.0,3.0,4.0,5.0,4.287527364994406
4.0,5.0,5.0,3.0,5.0,2.0,3.293142541130962
4.0,5.0,5.0,3.0,5.0,3.0,3.8662102532741933
4.0,5.0,5.0,3.0,5.0,4.0,4.188828722086121
4.0,5.0,5.0,3.0,5.0,5.0,4.329187538407868
4.0,5.0,5.0,4.0,1.0,1.0,3.0214122089107427
4.0,5.0,5.0,4.0,1.0,3.0,3.257921623387633
4.0,5.0,5.0,4.0,1.0,4.0,3.8034732794104897
4.0,5.0,5.0,4.0,2.0,3.0,3.645767865595202
4.0,5.0,5.0,4.0,2.0,4.0,3.996031713703625
4.0,5.0,5.0,4.0,2.0,5.0,4.2875273696018015
4.0,5.0,5.0,4.0,3.0,2.0,3.501866945590549
4.0,5.0,5.0,4.0,3.0,3.0,3.892128193627039
4.0,5.0,5.0,4.0,3.0,4.0,4.161790370584444
4.0,5.0,5.0,4.0,3.0,5.0,4.287527364314502
4.0,5.0,5.0,4.0,4.0,2.0,3.914650929778933
4.0,5.0,5.0,4.0,4.0,3.0,4.047299246667625
4.0,5.0,5.0,4.0,4.0,4.0,4.227774518053726
4.0,5.0,5.0,4.0,4.0,5.0,4.534376722045849
4.0,5.0,5.0,4.0,5.0,3.0,4.047299299157608
4.0,5.0,5.0,4.0,5.0,4.0,4.285638914417418
4.0,5.0,5.0,4.0,5.0,5.0,4.606551339272468
4.0,5.0,5.0,5.0,1.0,4.0,3.9123650242866437
4.0,5.0,5.0,5.0,1.0,5.0,4.160494046183306
4.0,5.0,5.0,5.0,2.0,3.0,3.6457678805103977
4.0,5.0,5.0,5.0,2.0,4.0,3.9960317326548025
4.0,5.0,5.0,5.0,2.0,5.0,4.447866384539178
4.0,5.0,5.0,5.0,3.0,3.0,4.107936815735173
4.0,5.0,5.0,5.0,3.0,4.0,4.1994860254846555
4.0,5.0,5.0,5.0,3.0,5.0,4.473764700100543
4.0,5.0,5.0,5.0,4.0,1.0,3.8004164443383175
4.0,5.0,5.0,5.0,4.0,3.0,4.130767824079302
4.0,5.0,5.0,5.0,4.0,4.0,4.370699939411004
4.0,5.0,5.0,5.0,4.0,5.0,4.603935055592852
4.0,5.0,5.0,5.0,5.0,2.0,3.9146510288627137
4.0,5.0,5.0,5.0,5.0,3.0,4.172346436073385
4.0,5.0,5.0,5.0,5.0,4.0,4.463234085457703
4.0,5.0,5.0,5.0,5.0,5.0,4.6969445385911035
5.0,1.0,1.0,1.0,1.0,1.0,1.2325705260534543
5.0,1.0,1.0,1.0,1.0,2.0,1.3659249797708939
5.0,1.0,1.0,1.0,2.0,1.0,1.4981398011386384
5.0,1.0,1.0,1.0,3.0,1.0,1.4981398059858797
5.0,1.0,1.0,1.0,5.0,1.0,1.4981398061995201
5.0,1.0,1.0,2.0,1.0,1.0,1.385520561705294
5.0,1.0,1.0,2.0,2.0,1.0,1.6658668882265228
5.0,1.0,1.0,3.0,1.0,1.0,1.3855205610159498
5.0,1.0,1.0,4.0,3.0,5.0,2.194272890558947
5.0,1.0,1.0,5.0,5.0,5.0,2.2193269883355176
5.0,1.0,2.0,1.0,1.0,1.0,1.4461424960553806
5.0,1.0,2.0,1.0,1.0,3.0,2.0314583229364396
5.0,1.0,2.0,2.0,3.0,3.0,2.175911543987277
5.0,1.0,2.0,2.0,4.0,2.0,2.5100291726130504
5.0,1.0,2.0,3.0,1.0,2.0,2.0490240823275205
5.0,1.0,2.0,3.0,1.0,3.0,2.0878328225333864
5.0,1.0,2.0,3.0,2.0,1.0,1.6658668794904847
5.0,1.0,2.0,3.0,2.0,2.0,2.175911511868409
5.0,1.0,2.0,3.0,3.0,2.0,2.1759115152036737
5.0,1.0,2.0,3.0,3.0,3.0,2.3545749542707335
5.0,1.0,2.0,4.0,1.0,2.0,2.279652873998923
5.0,1.0,2.0,5.0,5.0,5.0,3.059155186058593
5.0,1.0,3.0,1.0,3.0,1.0,1.4981398308814131
5.0,1.0,3.0,2.0,3.0,3.0,2.529107955231396
5.0,1.0,3.0,3.0,1.0,2.0,2.739159148914554
5.0,1.0,3.0,3.0,3.0,3.0,2.9989285608732623
5.0,1.0,3.0,3.0,5.0,4.0,3.0881647791460485
5.0,1.0,3.0,4.0,2.0,3.0,3.0006030674209287
5.0,1.0,3.0,4.0,3.0,3.0,3.1818157287848927
5.0,1.0,3.0,4.0,3.0,4.0,3.1818157303554484
5.0,1.0,3.0,4.0,4.0,4.0,3.3706520952451564
5.0,1.0,3.0,4.0,4.0,5.0,3.860850771142603
5.0,1.0,3.0,5.0,1.0,4.0,3.210046910658648
5.0,1.0,3.0,5.0,2.0,3.0,3.028790319668123
5.0,1.0,3.0,5.0,2.0,5.0,3.2100469153848366
5.0,1.0,3.0,5.0,3.0,3.0,3.181815732501838
5.0,1.0,3.0,5.0,4.0,3.0,3.1818157351032172
5.0,1.0,3.0,5.0,5.0,4.0,3.3706521046303877
5.0,1.0,3.0,5.0,5.0,5.0,3.9047493827880686
5.0,1.0,4.0,1.0,1.0,1.0,1.7986444789205527
5.0,1.0,4.0,4.0,1.0,4.0,3.0205775487580073
5.0,1.0,4.0,4.0,2.0,4.0,3.090069993548414
5.0,1.0,4.0,4.0,3.0,5.0,3.6583728940635463
5.0,1.0,4.0,4.0,4.0,4.0,3.3706521052714264
5.0,1.0,4.0,4.0,5.0,4.0,3.8668182143566847
5.0,1.0,4.0,5.0,3.0,4.0,3.210046913635567
5.0,1.0,4.0,5.0,4.0,5.0,3.9047493793045653
5.0,1.0,4.0,5.0,5.0,5.0,3.9047493855486537
5.0,1.0,5.0,2.0,1.0,2.0,2.1728109519773184
5.0,1.0,5.0,4.0,3.0,3.0,3.813386733423443
5.0,1.0,5.0,4.0,4.0,4.0,4.213455508608066
5.0,1.0,5.0,4.0,5.0,5.0,4.487713943344628
5.0,1.0,5.0,5.0,2.0,3.0,3.1301066525188967
5.0,1.0,5.0,5.0,3.0,3.0,3.8133867431622352
5.0,1.0,5.0,5.0,4.0,5.0,4.729321664906038
5.0,1.0,5.0,5.0,5.0,3.0,4.008474884868993
5.0,1.0,5.0,5.0,5.0,4.0,4.393472387222422
5.0,1.0,5.0,5.0,5.0,5.0,4.805698544088678
5.0,2.0,1.0,1.0,2.0,2.0,1.498139801497141
5.0,2.0,1.0,1.0,4.0,1.0,1.4981398030070487
5.0,2.0,1.0,1.0,4.0,5.0,2.1515841828836497
5.0,2.0,1.0,2.0,1.0,1.0,1.435939163239195
5.0,2.0,1.0,2.0,1.0,3.0,1.5389478889998183
5.0,2.0,1.0,2.0,2.0,1.0,1.6658669084643223
5.0,2.0,1.0,2.0,3.0,1.0,1.665866928686372
5.0,2.0,1.0,3.0,2.0,3.0,2.0790479582965
5.0,2.0,1.0,4.0,4.0,1.0,2.0809108536642644
5.0,2.0,1.0,4.0,5.0,5.0,2.9002964424629405
5.0,2.0,1.0,5.0,1.0,3.0,1.9116396526426291
5.0,2.0,1.0,5.0,3.0,1.0,1.6658669334496303
5.0,2.0,1.0,5.0,5.0,3.0,2.9002964153198727
5.0,2.0,2.0,1.0,2.0,2.0,1.944449293830637
5.0,2.0,2.0,2.0,1.0,1.0,1.7671970632621652
5.0,2.0,2.0,2.0,1.0,2.0,1.7671970782204423
5.0,2.0,2.0,2.0,2.0,2.0,2.3624480169197746
5.0,2.0,2.0,2.0,2.0,3.0,2.49478418559431
5.0,2.0,2.0,2.0,3.0,2.0,2.362448011443029
5.0,2.0,2.0,2.0,4.0,2.0,2.510029182067314
5.0,2.0,2.0,3.0,2.0,2.0,2.3885106330045125
5.0,2.0,2.0,3.0,3.0,2.0,2.6504656522066186
5.0,2.0,2.0,3.0,3.0,3.0,2.764187547729413
5.0,2.0,2.0,3.0,3.0,4.0,3.0024396911968916
5.0,2.0,2.0,4.0,1.0,3.0,2.5372309531499297
5.0,2.0,2.0,4.0,1.0,5.0,2.7280389750776775
5.0,2.0,2.0,4.0,2.0,2.0,2.388510644943005
5.0,2.0,2.0,4.0,2.0,3.0,2.747853878108916
5.0,2.0,2.0,4.0,2.0,4.0,3.0049802086678725
5.0,2.0,2.0,4.0,3.0,3.0,2.7641875540831964
5.0,2.0,2.0,4.0,4.0,3.0,3.032291321408828
5.0,2.0,2.0,4.0,4.0,4.0,3.2601695049704045
5.0,2.0,2.0,5.0,2.0,2.0,2.3885106519132635
5.0,2.0,2.0,5.0,2.0,4.0,3.033167471248295
5.0,2.0,2.0,5.0,3.0,3.0,3.10736123752242
5.0,2.0,2.0,5.0,4.0,5.0,3.2601695133466126
5.0,2.0,2.0,5.0,5.0,4.0,3.260169514560489
5.0,2.0,2.0,5.0,5.0,5.0,3.2601695177528556
5.0,2.0,3.0,2.0,3.0,2.0,2.669148729022606
5.0,2.0,3.0,2.0,4.0,3.0,3.0824969472785004
5.0,2.0,3.0,2.0,4.0,4.0,3.082496947313179
5.0,2.0,3.0,3.0,1.0,3.0,2.7391591653976652
5.0,2.0,3.0,3.0,2.0,2.0,2.912279602245534
5.0,2.0,3.0,3.0,2.0,3.0,2.993719086274247
5.0,2.0,3.0,3.0,3.0,3.0,3.18181574079014
5.0,2.0,3.0,3.0,4.0,3.0,3.281200777778442
5.0,2.0,3.0,3.0,4.0,4.0,3.5673529041649976
5.0,2.0,3.0,3.0,5.0,3.0,3.391063877262672
5.0,2.0,3.0,3.0,5.0,4.0,3.7326979923781183
5.0,2.0,3.0,4.0,1.0,3.0,2.7786948120188697
5.0,2.0,3.0,4.0,2.0,3.0,3.1566382088994542
5.0,2.0,3.0,4.0,3.0,3.0,3.181815739401521
5.0,2.0,3.0,4.0,3.0,4.0,3.567352903927999
5.0,2.0,3.0,4.0,4.0,2.0,3.1753984090025313
5.0,2.0,3.0,4.0,4.0,3.0,3.2812007865931205
5.0,2.0,3.0,4.0,4.0,4.0,3.5673529059011315
5.0,2.0,3.0,4.0,4.0,5.0,3.8608507725065575
5.0,2.0,3.0,4.0,5.0,4.0,3.8668182174002292
5.0,2.0,3.0,4.0,5.0,5.0,3.9796654134258396
5.0,2.0,3.0,5.0,1.0,4.0,3.210046914769392
5.0,2.0,3.0,5.0,2.0,2.0,2.91227961147975
5.0,2.0,3.0,5.0,2.0,3.0,3.15663821603291
5.0,2.0,3.0,5.0,3.0,1.0,2.8738315233486063
5.0,2.0,3.0,5.0,3.0,3.0,3.3910638781886626
5.0,2.0,3.0,5.0,3.0,4.0,3.567352915503063
5.0,2.0,3.0,5.0,3.0,5.0,3.658372908763079
5.0,2.0,3.0,5.0,4.0,2.0,3.391063887470463
5.0,2.0,3.0,5.0,4.0,4.0,3.56735291710328
5.0,2.0,3.0,5.0,4.0,5.0,3.8608507711690856
5.0,2.0,3.0,5.0,5.0,3.0,3.391063888470578
5.0,2.0,3.0,5.0,5.0,4.0,3.982880908368693
5.0,2.0,3.0,5.0,5.0,5.0,4.122579952466916
5.0,2.0,4.0,1.0,3.0,1.0,1.7986444849674783
5.0,2.0,4.0,2.0,1.0,3.0,2.985466571222986
5.0,2.0,4.0,2.0,2.0,2.0,2.3672165218766614
5.0,2.0,4.0,3.0,1.0,3.0,3.0109229521242846
5.0,2.0,4.0,3.0,2.0,3.0,3.084301769780726
5.0,2.0,4.0,3.0,3.0,3.0,3.3180012899845166
5.0,2.0,4.0,3.0,3.0,4.0,3.6583728880422663
5.0,2.0,4.0,3.0,4.0,3.0,3.7430331423293692
5.0,2.0,4.0,3.0,4.0,4.0,3.8668181994669455
5.0,2.0,4.0,3.0,4.0,5.0,3.976489595134771
5.0,2.0,4.0,3.0,5.0,5.0,4.002136325601766
5.0,2.0,4.0,4.0,1.0,3.0,3.041841050233936
5.0,2.0,4.0,4.0,1.0,4.0,3.0806498073394524
5.0,2.0,4.0,4.0,3.0,3.0,3.4368680619286476
5.0,2.0,4.0,4.0,3.0,4.0,3.6583728966048095
5.0,2.0,4.0,4.0,3.0,5.0,3.658372899334717
5.0,2.0,4.0,4.0,4.0,3.0,3.7430331472717357
5.0,2.0,4.0,4.0,4.0,4.0,3.8668182028406517
5.0,2.0,4.0,4.0,4.0,5.0,4.35465848838789
5.0,2.0,4.0,4.0,5.0,4.0,3.8668182133128526
5.0,2.0,4.0,5.0,1.0,4.0,3.525799466815096
5.0,2.0,4.0,5.0,1.0,5.0,3.54300595636484
5.0,2.0,4.0,5.0,2.0,4.0,3.5257994749061567
5.0,2.0,4.0,5.0,3.0,3.0,3.4368680673995446
5.0,2.0,4.0,5.0,3.0,4.0,3.6583729087083636
5.0,2.0,4.0,5.0,3.0,5.0,3.6583729103170324
5.0,2.0,4.0,5.0,4.0,4.0,3.866818210421011
5.0,2.0,4.0,5.0,4.0,5.0,4.354658492186722
5.0,2.0,4.0,5.0,5.0,3.0,3.743033155186221
5.0,2.0,4.0,5.0,5.0,4.0,4.003368069634513
5.0,2.0,4.0,5.0,5.0,5.0,4.354658493081042
5.0,2.0,5.0,2.0,1.0,1.0,2.1502287744119326
5.0,2.0,5.0,2.0,3.0,3.0,3.0874182007378264
5.0,2.0,5.0,3.0,3.0,3.0,3.813386742044574
5.0,2.0,5.0,3.0,3.0,4.0,4.07046507931256
5.0,2.0,5.0,3.0,4.0,4.0,4.070465085312437
5.0,2.0,5.0,3.0,5.0,3.0,4.102386897007372
5.0,2.0,5.0,3.0,5.0,4.0,4.102386905595614
5.0,2.0,5.0,4.0,3.0,3.0,3.813386747730796
5.0,2.0,5.0,4.0,3.0,4.0,4.070465084818875
5.0,2.0,5.0,4.0,3.0,5.0,4.441172031084155
5.0,2.0,5.0,4.0,4.0,3.0,3.8133867556379957
5.0,2.0,5.0,4.0,4.0,4.0,4.213455519081682
5.0,2.0,5.0,4.0,4.0,5.0,4.487713945910074
5.0,2.0,5.0,4.0,5.0,4.0,4.21345553241775
5.0,2.0,5.0,4.0,5.0,5.0,4.48771394668525
5.0,2.0,5.0,5.0,1.0,3.0,3.6860060136302666
5.0,2.0,5.0,5.0,2.0,5.0,4.318216747618734
5.0,2.0,5.0,5.0,3.0,3.0,3.813386756664809
5.0,2.0,5.0,5.0,3.0,4.0,4.241129490737217
5.0,2.0,5.0,5.0,3.0,5.0,4.441172046676549
5.0,2.0,5.0,5.0,4.0,3.0,3.8133867642225803
5.0,2.0,5.0,5.0,4.0,4.0,4.241129498807929
5.0,2.0,5.0,5.0,4.0,5.0,4.729321658930338
5.0,2.0,5.0,5.0,5.0,4.0,4.393472392834646
5.0,2.0,5.0,5.0,5.0,5.0,4.805698549285795
5.0,3.0,1.0,1.0,1.0,1.0,1.2325705669432112
5.0,3.0,1.0,1.0,1.0,3.0,1.5879006094170343
5.0,3.0,1.0,1.0,2.0,1.0,1.498139832302781
5.0,3.0,1.0,1.0,2.0,2.0,1.6599552157715718
5.0,3.0,1.0,1.0,3.0,1.0,1.6548042684529654
5.0,3.0,1.0,1.0,3.0,2.0,1.659955228598387
5.0,3.0,1.0,1.0,5.0,3.0,2.9002964011414205
5.0,3.0,1.0,2.0,1.0,1.0,1.4359391799666763
5.0,3.0,1.0,2.0,2.0,1.0,1.6658669161665671
5.0,3.0,1.0,2.0,3.0,1.0,1.665866928338299
5.0,3.0,1.0,3.0,1.0,3.0,2.2269462018284494
5.0,3.0,1.0,3.0,3.0,2.0,2.030359914485872
5.0,3.0,1.0,3.0,3.0,3.0,2.226946191330856
5.0,3.0,1.0,3.0,3.0,4.0,2.251490914697086
5.0,3.0,1.0,4.0,1.0,1.0,1.5408805203933373
5.0,3.0,1.0,4.0,2.0,3.0,2.571092449652235
5.0,3.0,1.0,4.0,3.0,1.0,2.043813148312328
5.0,3.0,1.0,4.0,3.0,2.0,2.3487778848172467
5.0,3.0,1.0,4.0,3.0,3.0,2.6294137042273205
5.0,3.0,1.0,4.0,4.0,1.0,2.3788034031171796
5.0,3.0,1.0,5.0,1.0,1.0,1.8386556615453222
5.0,3.0,1.0,5.0,2.0,1.0,2.0467789872732687
5.0,3.0,1.0,5.0,2.0,2.0,2.571092446494028
5.0,3.0,1.0,5.0,5.0,4.0,2.900296419754207
5.0,3.0,1.0,5.0,5.0,5.0,2.900296440423181
5.0,3.0,2.0,1.0,1.0,1.0,1.4981401061550685
5.0,3.0,2.0,1.0,2.0,1.0,1.7971167573705935
5.0,3.0,2.0,2.0,1.0,1.0,2.009817009437688
5.0,3.0,2.0,2.0,2.0,2.0,2.362448043594751
5.0,3.0,2.0,2.0,2.0,3.0,2.4947841999571834
5.0,3.0,2.0,2.0,3.0,2.0,2.504823616479857
5.0,3.0,2.0,2.0,3.0,3.0,2.6835387935443493
5.0,3.0,2.0,2.0,3.0,4.0,2.990478999738904
5.0,3.0,2.0,2.0,4.0,2.0,2.6504656768913324
5.0,3.0,2.0,2.0,4.0,3.0,2.977316967729845
5.0,3.0,2.0,3.0,1.0,1.0,2.009817015934518
5.0,3.0,2.0,3.0,1.0,2.0,2.2796528868135253
5.0,3.0,2.0,3.0,1.0,3.0,2.5372309458112006
5.0,3.0,2.0,3.0,2.0,1.0,2.0811385219209866
5.0,3.0,2.0,3.0,2.0,2.0,2.5710924440719913
5.0,3.0,2.0,3.0,2.0,3.0,2.74785387956391
5.0,3.0,2.0,3.0,3.0,1.0,2.0811385375123215
5.0,3.0,2.0,3.0,3.0,2.0,2.650465663294389
5.0,3.0,2.0,3.0,3.0,3.0,2.9952416786899274
5.0,3.0,2.0,3.0,4.0,3.0,3.0055042210416323
5.0,3.0,2.0,3.0,4.0,4.0,3.208316770271114
5.0,3.0,2.0,3.0,5.0,2.0,2.6504656749313527
5.0,3.0,2.0,3.0,5.0,3.0,3.0311509659852445
5.0,3.0,2.0,4.0,1.0,1.0,2.1525309991747883
5.0,3.0,2.0,4.0,1.0,2.0,2.279652894358872
5.0,3.0,2.0,4.0,2.0,3.0,2.7478538845269043
5.0,3.0,2.0,4.0,2.0,4.0,3.2601694675620005
5.0,3.0,2.0,4.0,3.0,2.0,2.7640344870373683
5.0,3.0,2.0,4.0,3.0,3.0,3.032291324146318
5.0,3.0,2.0,4.0,3.0,4.0,3.260169478565191
5.0,3.0,2.0,4.0,4.0,2.0,2.9948827246392837
5.0,3.0,2.0,4.0,4.0,3.0,3.032291333558225
5.0,3.0,2.0,4.0,4.0,4.0,3.260169499019913
5.0,3.0,2.0,4.0,5.0,2.0,3.020529460909623
5.0,3.0,2.0,4.0,5.0,3.0,3.0328147667607763
5.0,3.0,2.0,4.0,5.0,4.0,3.260169506823456
5.0,3.0,2.0,5.0,1.0,1.0,2.152531010483565
5.0,3.0,2.0,5.0,1.0,2.0,2.279652898418031
5.0,3.0,2.0,5.0,1.0,3.0,2.544683117523418
5.0,3.0,2.0,5.0,1.0,5.0,2.7280389843206723
5.0,3.0,2.0,5.0,2.0,1.0,2.2915035786390736
5.0,3.0,2.0,5.0,2.0,2.0,2.5710924444176966
5.0,3.0,2.0,5.0,3.0,2.0,2.7640344938275767
5.0,3.0,2.0,5.0,3.0,3.0,3.107361252453087
5.0,3.0,2.0,5.0,4.0,3.0,3.3374789284240642
5.0,3.0,2.0,5.0,4.0,4.0,3.3473900519408732
5.0,3.0,2.0,5.0,4.0,5.0,3.893383287786422
5.0,3.0,2.0,5.0,5.0,4.0,3.666634347332415
5.0,3.0,2.0,5.0,5.0,5.0,3.8933832898662146
5.0,3.0,3.0,1.0,1.0,1.0,1.7052132793258095
5.0,3.0,3.0,1.0,2.0,1.0,1.7971167649654824
5.0,3.0,3.0,1.0,2.0,2.0,2.1188693881860403
5.0,3.0,3.0,1.0,2.0,3.0,2.4947842068368127
5.0,3.0,3.0,1.0,3.0,2.0,2.127054320455268
5.0,3.0,3.0,1.0,3.0,3.0,2.5387120254446236
5.0,3.0,3.0,1.0,4.0,1.0,2.527286833187408
5.0,3.0,3.0,2.0,1.0,2.0,2.0536694772181274
5.0,3.0,3.0,2.0,1.0,4.0,2.755860656179514
5.0,3.0,3.0,2.0,2.0,2.0,2.4947842058729384
5.0,3.0,3.0,2.0,2.0,3.0,2.494784210160668
5.0,3.0,3.0,2.0,3.0,1.0,2.234359428041288
5.0,3.0,3.0,2.0,3.0,2.0,2.6691487323669962
5.0,3.0,3.0,2.0,3.0,3.0,2.9065247503988463
5.0,3.0,3.0,2.0,3.0,4.0,3.0411371502796483
5.0,3.0,3.0,2.0,4.0,2.0,2.6691487356178407
5.0,3.0,3.0,2.0,4.0,3.0,3.0824969654131755
5.0,3.0,3.0,2.0,4.0,4.0,3.4511141980163744
5.0,3.0,3.0,3.0,1.0,1.0,2.313390829748129
5.0,3.0,3.0,3.0,1.0,2.0,2.7558606526274545
5.0,3.0,3.0,3.0,1.0,4.0,2.7558606605855576
5.0,3.0,3.0,3.0,2.0,1.0,2.313390833829832
5.0,3.0,3.0,3.0,2.0,2.0,2.9122796310651804
5.0,3.0,3.0,3.0,2.0,3.0,3.0014216491962733
5.0,3.0,3.0,3.0,2.0,5.0,3.7316854697731996
5.0,3.0,3.0,3.0,3.0,1.0,2.7084564966285516
5.0,3.0,3.0,3.0,3.0,2.0,2.9122796442579957
5.0,3.0,3.0,3.0,3.0,3.0,3.281200771137651
5.0,3.0,3.0,3.0,3.0,5.0,3.8634288148255216
5.0,3.0,3.0,3.0,4.0,2.0,2.912279661591917
5.0,3.0,3.0,3.0,4.0,3.0,3.2812007811282293
5.0,3.0,3.0,3.0,4.0,4.0,3.567352908332293
5.0,3.0,3.0,3.0,5.0,1.0,2.7084565037512287
5.0,3.0,3.0,3.0,5.0,2.0,3.1562594283429295
5.0,3.0,3.0,3.0,5.0,3.0,3.3967683027415196
5.0,3.0,3.0,3.0,5.0,4.0,3.7326979950432593
5.0,3.0,3.0,3.0,5.0,5.0,3.863428811400167
5.0,3.0,3.0,4.0,1.0,1.0,2.3133907817653037
5.0,3.0,3.0,4.0,1.0,2.0,2.7558606519290283
5.0,3.0,3.0,4.0,1.0,3.0,2.7786948200317516
5.0,3.0,3.0,4.0,1.0,4.0,3.299086680142708
5.0,3.0,3.0,4.0,1.0,5.0,3.4387051543387503
5.0,3.0,3.0,4.0,2.0,3.0,3.1566382164752156
5.0,3.0,3.0,4.0,2.0,4.0,3.29908668130437
5.0,3.0,3.0,4.0,3.0,2.0,3.0039461635902875
5.0,3.0,3.0,4.0,3.0,3.0,3.540691653334506
5.0,3.0,3.0,4.0,3.0,4.0,3.770865933847829
5.0,3.0,3.0,4.0,3.0,5.0,4.029565756393236
5.0,3.0,3.0,4.0,4.0,2.0,3.175398424733173
5.0,3.0,3.0,4.0,4.0,3.0,3.5406916623212434
5.0,3.0,3.0,4.0,4.0,4.0,3.9408344944670772
5.0,3.0,3.0,4.0,4.0,5.0,4.029565760847273
5.0,3.0,3.0,4.0,5.0,1.0,2.873831550648243
5.0,3.0,3.0,4.0,5.0,2.0,3.1753984319813466
5.0,3.0,3.0,4.0,5.0,3.0,3.540691670492402
5.0,3.0,3.0,4.0,5.0,4.0,3.994813370967645
5.0,3.0,3.0,4.0,5.0,5.0,4.029565763039643
5.0,3.0,3.0,5.0,1.0,1.0,2.313390814398391
5.0,3.0,3.0,5.0,1.0,2.0,2.7786948333304404
5.0,3.0,3.0,5.0,1.0,3.0,2.778694837754794
5.0,3.0,3.0,5.0,1.0,4.0,3.2990866844741107
5.0,3.0,3.0,5.0,2.0,1.0,2.8738315036180566
5.0,3.0,3.0,5.0,2.0,2.0,2.9122796251534835
5.0,3.0,3.0,5.0,2.0,3.0,3.1566382209856685
5.0,3.0,3.0,5.0,2.0,4.0,3.2990866843628575
5.0,3.0,3.0,5.0,2.0,5.0,3.7316854860223065
5.0,3.0,3.0,5.0,3.0,2.0,3.0265896088405135
5.0,3.0,3.0,5.0,3.0,3.0,3.5406916677679066
5.0,3.0,3.0,5.0,3.0,4.0,3.924024129156889
5.0,3.0,3.0,5.0,3.0,5.0,4.0295657567759635
5.0,3.0,3.0,5.0,4.0,2.0,3.391063896976208
5.0,3.0,3.0,5.0,4.0,3.0,3.5406916701424618
5.0,3.0,3.0,5.0,4.0,4.0,4.158290013869831
5.0,3.0,3.0,5.0,4.0,5.0,4.22860904237414
5.0,3.0,3.0,5.0,5.0,2.0,3.421702598277272
5.0,3.0,3.0,5.0,5.0,3.0,3.817986487783096
5.0,3.0,3.0,5.0,5.0,4.0,4.1582900532101466
5.0,3.0,3.0,5.0,5.0,5.0,4.479948708229479
5.0,3.0,4.0,1.0,1.0,1.0,1.9876478666339
5.0,3.0,4.0,1.0,3.0,1.0,2.704768026577141
5.0,3.0,4.0,2.0,1.0,2.0,2.1546062643578785
5.0,3.0,4.0,2.0,2.0,3.0,3.171089013614683
5.0,3.0,4.0,2.0,3.0,2.0,2.704768019091148
5.0,3.0,4.0,2.0,3.0,3.0,3.1710890193264385
5.0,3.0,4.0,2.0,4.0,2.0,2.7047680197390878
5.0,3.0,4.0,2.0,4.0,3.0,3.4120436638332325
5.0,3.0,4.0,2.0,4.0,4.0,3.667111811358672
5.0,3.0,4.0,3.0,1.0,3.0,3.0109229576746497
5.0,3.0,4.0,3.0,2.0,2.0,3.0109229396614015
5.0,3.0,4.0,3.0,2.0,3.0,3.3312299090049318
5.0,3.0,4.0,3.0,3.0,2.0,3.04236506112241
5.0,3.0,4.0,3.0,3.0,3.0,3.611944317814074
5.0,3.0,4.0,3.0,3.0,4.0,4.034944532372601
5.0,3.0,4.0,3.0,3.0,5.0,4.0349445485147495
5.0,3.0,4.0,3.0,4.0,2.0,3.3910638941485027
5.0,3.0,4.0,3.0,4.0,3.0,3.770179368779113
5.0,3.0,4.0,3.0,4.0,4.0,4.0349445518671825
5.0,3.0,4.0,3.0,4.0,5.0,4.099869468122241
5.0,3.0,4.0,3.0,5.0,3.0,3.770179389449731
5.0,3.0,4.0,3.0,5.0,4.0,4.144893095052316
5.0,3.0,4.0,3.0,5.0,5.0,4.315927086541707
5.0,3.0,4.0,4.0,2.0,3.0,3.5019469921203585
5.0,3.0,4.0,4.0,2.0,4.0,3.775072992755614
5.0,3.0,4.0,4.0,3.0,2.0,3.306579950763544
5.0,3.0,4.0,4.0,3.0,3.0,3.813386732178217
5.0,3.0,4.0,4.0,3.0,4.0,4.03494452142197
5.0,3.0,4.0,4.0,3.0,5.0,4.034944555317567
5.0,3.0,4.0,4.0,4.0,3.0,3.9119720321332525
5.0,3.0,4.0,4.0,4.0,4.0,4.2157208042155405
5.0,3.0,4.0,4.0,4.0,5.0,4.522891445772221
5.0,3.0,4.0,4.0,5.0,2.0,3.391063900605984
5.0,3.0,4.0,4.0,5.0,3.0,4.1023868535447585
5.0,3.0,4.0,4.0,5.0,4.0,4.338585317757298
5.0,3.0,4.0,4.0,5.0,5.0,4.573381419519419
5.0,3.0,4.0,5.0,1.0,3.0,3.3010819206753963
5.0,3.0,4.0,5.0,1.0,4.0,3.5430059643743457
5.0,3.0,4.0,5.0,1.0,5.0,3.5430059714889452
5.0,3.0,4.0,5.0,2.0,3.0,3.501947000551328
5.0,3.0,4.0,5.0,2.0,4.0,3.775072993485364
5.0,3.0,4.0,5.0,2.0,5.0,3.9994796253159115
5.0,3.0,4.0,5.0,3.0,3.0,3.8133867389162446
5.0,3.0,4.0,5.0,3.0,4.0,4.046192095011268
5.0,3.0,4.0,5.0,3.0,5.0,4.4554592900545895
5.0,3.0,4.0,5.0,4.0,2.0,3.3910638992327398
5.0,3.0,4.0,5.0,4.0,3.0,3.997521045723887
5.0,3.0,4.0,5.0,4.0,4.0,4.287458607430801
5.0,3.0,4.0,5.0,4.0,5.0,4.522891442876047
5.0,3.0,4.0,5.0,5.0,2.0,3.4217026003536484
5.0,3.0,4.0,5.0,5.0,3.0,4.102386851125933
5.0,3.0,4.0,5.0,5.0,4.0,4.436971447583354
5.0,3.0,4.0,5.0,5.0,5.0,4.6997465053954395
5.0,3.0,5.0,1.0,1.0,1.0,1.987647881087704
5.0,3.0,5.0,1.0,4.0,5.0,3.8683387758748906
5.0,3.0,5.0,1.0,5.0,5.0,3.868338786450624
5.0,3.0,5.0,2.0,3.0,3.0,3.17108901970132
5.0,3.0,5.0,2.0,5.0,2.0,2.725270320027648
5.0,3.0,5.0,2.0,5.0,4.0,3.8867224587956377
5.0,3.0,5.0,3.0,3.0,2.0,3.4749061629437406
5.0,3.0,5.0,3.0,3.0,3.0,3.8133867551575236
5.0,3.0,5.0,3.0,3.0,4.0,4.070465079371186
5.0,3.0,5.0,3.0,3.0,5.0,4.2377841596787444
5.0,3.0,5.0,3.0,4.0,2.0,3.47490617564616
5.0,3.0,5.0,3.0,4.0,3.0,3.994856792193342
5.0,3.0,5.0,3.0,4.0,4.0,4.070465086767887
5.0,3.0,5.0,3.0,4.0,5.0,4.58888678595738
5.0,3.0,5.0,3.0,5.0,3.0,4.1023868989737595
5.0,3.0,5.0,3.0,5.0,4.0,4.4300358681252145
5.0,3.0,5.0,3.0,5.0,5.0,4.588886779239544
5.0,3.0,5.0,4.0,2.0,2.0,3.474906182338706
5.0,3.0,5.0,4.0,2.0,3.0,3.8133867533258954
5.0,3.0,5.0,4.0,2.0,4.0,4.055753636894839
5.0,3.0,5.0,4.0,2.0,5.0,4.055753644577654
5.0,3.0,5.0,4.0,3.0,3.0,3.813386756343605
5.0,3.0,5.0,4.0,3.0,4.0,4.1588445608996745
5.0,3.0,5.0,4.0,3.0,5.0,4.4411720170380296
5.0,3.0,5.0,4.0,4.0,2.0,3.4749061835645896
5.0,3.0,5.0,4.0,4.0,3.0,4.030787651255075
5.0,3.0,5.0,4.0,4.0,4.0,4.456175967423055
5.0,3.0,5.0,4.0,4.0,5.0,4.729321629734516
5.0,3.0,5.0,4.0,5.0,3.0,4.102386884779976
5.0,3.0,5.0,4.0,5.0,4.0,4.524940447595532
5.0,3.0,5.0,4.0,5.0,5.0,4.736797596295834
5.0,3.0,5.0,5.0,1.0,5.0,3.686006022456364
5.0,3.0,5.0,5.0,2.0,3.0,3.9327645094079386
5.0,3.0,5.0,5.0,2.0,4.0,4.05575364889952
5.0,3.0,5.0,5.0,2.0,5.0,4.318216737061921
5.0,3.0,5.0,5.0,3.0,2.0,3.4749061764361846
5.0,3.0,5.0,5.0,3.0,3.0,3.9327645069217523
5.0,3.0,5.0,5.0,3.0,4.0,4.466843398925382
5.0,3.0,5.0,5.0,3.0,5.0,4.566414234204716
5.0,3.0,5.0,5.0,4.0,3.0,4.198683565272786
5.0,3.0,5.0,5.0,4.0,4.0,4.494296303955182
5.0,3.0,5.0,5.0,4.0,5.0,4.729321646147789
5.0,3.0,5.0,5.0,5.0,3.0,4.38141738614874
5.0,3.0,5.0,5.0,5.0,4.0,4.658811683345668
5.0,3.0,5.0,5.0,5.0,5.0,4.874937026394444
5.0,4.0,1.0,1.0,1.0,1.0,1.2325705687490962
5.0,4.0,1.0,1.0,1.0,2.0,1.5879006140946466
5.0,4.0,1.0,1.0,2.0,2.0,1.8318518846909804
5.0,4.0,1.0,1.0,3.0,1.0,1.6548042846342275
5.0,4.0,1.0,1.0,3.0,2.0,1.8318518901523193
5.0,4.0,1.0,1.0,4.0,1.0,1.6548042945300163
5.0,4.0,1.0,2.0,1.0,1.0,1.4570217231324714
5.0,4.0,1.0,2.0,3.0,1.0,1.9329000745777352
5.0,4.0,1.0,2.0,3.0,2.0,1.9329000765848294
5.0,4.0,1.0,2.0,4.0,1.0,2.0569897658263665
5.0,4.0,1.0,3.0,1.0,1.0,1.722730283135032
5.0,4.0,1.0,3.0,3.0,1.0,1.932900094038708
5.0,4.0,1.0,4.0,1.0,3.0,2.2269462296685965
5.0,4.0,1.0,4.0,3.0,1.0,2.043813150475372
5.0,4.0,1.0,4.0,4.0,3.0,2.6294137140624536
5.0,4.0,1.0,4.0,4.0,5.0,3.6231192697592745
5.0,4.0,1.0,5.0,1.0,1.0,1.8386556705342096
5.0,4.0,1.0,5.0,1.0,2.0,2.2269461591634574
5.0,4.0,1.0,5.0,1.0,4.0,2.2269462393092696
5.0,4.0,1.0,5.0,2.0,3.0,2.5710924553589733
5.0,4.0,1.0,5.0,3.0,2.0,2.6294137218788554
5.0,4.0,1.0,5.0,4.0,1.0,2.629413720641546
5.0,4.0,1.0,5.0,4.0,4.0,2.6294137287833332
5.0,4.0,1.0,5.0,5.0,3.0,3.4446356352391567
5.0,4.0,2.0,1.0,1.0,1.0,1.4981401347658687
5.0,4.0,2.0,1.0,1.0,2.0,2.0479549784897255
5.0,4.0,2.0,1.0,2.0,2.0,2.047954998694547
5.0,4.0,2.0,1.0,3.0,1.0,2.0205667012963717
5.0,4.0,2.0,1.0,3.0,2.0,2.071261074748816
5.0,4.0,2.0,2.0,1.0,1.0,2.1546869663290495
5.0,4.0,2.0,2.0,1.0,2.0,2.154686967138753
5.0,4.0,2.0,2.0,1.0,3.0,2.385894311338593
5.0,4.0,2.0,2.0,2.0,2.0,2.3624480815849798
5.0,4.0,2.0,2.0,3.0,2.0,2.513797100839766
5.0,4.0,2.0,2.0,3.0,3.0,2.6835388007138627
5.0,4.0,2.0,2.0,4.0,1.0,2.5065183374379507
5.0,4.0,2.0,2.0,4.0,2.0,2.6504656871870806
5.0,4.0,2.0,2.0,4.0,3.0,2.9964294905239712
5.0,4.0,2.0,3.0,1.0,1.0,2.313390894198265
5.0,4.0,2.0,3.0,1.0,2.0,2.5010190755651784
5.0,4.0,2.0,3.0,1.0,3.0,2.537230956371553
5.0,4.0,2.0,3.0,2.0,1.0,2.3624481348367725
5.0,4.0,2.0,3.0,2.0,2.0,2.5710924707526615
5.0,4.0,2.0,3.0,2.0,3.0,2.8789227235426695
5.0,4.0,2.0,3.0,3.0,2.0,2.816536301863107
5.0,4.0,2.0,3.0,3.0,3.0,3.0975751215884837
5.0,4.0,2.0,3.0,4.0,2.0,2.816536304030976
5.0,4.0,2.0,3.0,4.0,3.0,3.0975751285468127
5.0,4.0,2.0,3.0,4.0,4.0,3.3524722306943935
5.0,4.0,2.0,3.0,5.0,4.0,3.3524722427071194
5.0,4.0,2.0,4.0,1.0,2.0,2.516606977193575
5.0,4.0,2.0,4.0,1.0,4.0,2.537230965400675
5.0,4.0,2.0,4.0,2.0,1.0,2.5296913764865954
5.0,4.0,2.0,4.0,2.0,2.0,2.8165363015304066
5.0,4.0,2.0,4.0,2.0,3.0,2.8789227389312755
5.0,4.0,2.0,4.0,3.0,1.0,2.5296913845786833
5.0,4.0,2.0,4.0,3.0,2.0,2.816536304515145
5.0,4.0,2.0,4.0,3.0,3.0,3.1022647807543056
5.0,4.0,2.0,4.0,3.0,4.0,3.2634376502848044
5.0,4.0,2.0,4.0,4.0,2.0,3.01110927780366
5.0,4.0,2.0,4.0,4.0,3.0,3.168643869083726
5.0,4.0,2.0,4.0,4.0,4.0,3.3618460377064183
5.0,4.0,2.0,4.0,4.0,5.0,3.6756004694112443
5.0,4.0,2.0,4.0,5.0,4.0,3.6666343565850745
5.0,4.0,2.0,4.0,5.0,5.0,3.675600484554187
5.0,4.0,2.0,5.0,1.0,1.0,2.3756905710861242
5.0,4.0,2.0,5.0,1.0,3.0,2.582522597665014
5.0,4.0,2.0,5.0,1.0,4.0,2.5825226048538186
5.0,4.0,2.0,5.0,2.0,2.0,2.90782719359864
5.0,4.0,2.0,5.0,2.0,3.0,3.1073612563587476
5.0,4.0,2.0,5.0,2.0,4.0,3.273011996615269
5.0,4.0,2.0,5.0,2.0,5.0,3.27301201171632
5.0,4.0,2.0,5.0,3.0,1.0,2.6551728052058348
5.0,4.0,2.0,5.0,3.0,2.0,3.0136497980221475
5.0,4.0,2.0,5.0,4.0,2.0,3.2497120635337655
5.0,4.0,2.0,5.0,4.0,3.0,3.337478932118754
5.0,4.0,2.0,5.0,4.0,4.0,3.6661137886137367
5.0,4.0,2.0,5.0,4.0,5.0,3.893383313896374
5.0,4.0,2.0,5.0,5.0,3.0,3.444635637556975
5.0,4.0,2.0,5.0,5.0,4.0,3.666634370221443
5.0,4.0,2.0,5.0,5.0,5.0,4.360873723514546
5.0,4.0,3.0,1.0,1.0,1.0,1.9876478820510886
5.0,4.0,3.0,1.0,2.0,2.0,2.118869393228473
5.0,4.0,3.0,1.0,3.0,3.0,2.9002963260910906
5.0,4.0,3.0,1.0,4.0,1.0,2.527286847296799
5.0,4.0,3.0,1.0,4.0,2.0,2.581179922729878
5.0,4.0,3.0,2.0,1.0,2.0,2.5141930926053377
5.0,4.0,3.0,2.0,1.0,3.0,2.906524738828767
5.0,4.0,3.0,2.0,2.0,2.0,2.5141931095739887
5.0,4.0,3.0,2.0,2.0,3.0,2.906524743895642
5.0,4.0,3.0,2.0,2.0,4.0,3.031716976497154
5.0,4.0,3.0,2.0,3.0,1.0,2.6691487391291653
5.0,4.0,3.0,2.0,3.0,2.0,2.6691487467085744
5.0,4.0,3.0,2.0,3.0,3.0,2.906524754005901
5.0,4.0,3.0,2.0,3.0,4.0,3.304646500023895
5.0,4.0,3.0,2.0,3.0,5.0,3.304646510375579
5.0,4.0,3.0,2.0,4.0,2.0,2.669148745908389
5.0,4.0,3.0,2.0,4.0,3.0,3.0824969787534586
5.0,4.0,3.0,2.0,4.0,4.0,3.4511142250948685
5.0,4.0,3.0,2.0,4.0,5.0,3.8634288084083286
5.0,4.0,3.0,2.0,5.0,3.0,3.082496985174028
5.0,4.0,3.0,2.0,5.0,4.0,3.4511142400925126
5.0,4.0,3.0,3.0,1.0,1.0,2.31339087684406
5.0,4.0,3.0,3.0,1.0,2.0,2.755860655739206
5.0,4.0,3.0,3.0,1.0,3.0,2.9982605910829943
5.0,4.0,3.0,3.0,2.0,1.0,2.6777044151571996
5.0,4.0,3.0,3.0,2.0,2.0,2.912279643966953
5.0,4.0,3.0,3.0,2.0,3.0,3.2122557611939415
5.0,4.0,3.0,3.0,2.0,4.0,3.3202824951053698
5.0,4.0,3.0,3.0,3.0,2.0,3.1628729068409083
5.0,4.0,3.0,3.0,3.0,3.0,3.2812008056410558
5.0,4.0,3.0,3.0,3.0,4.0,3.791802944353582
5.0,4.0,3.0,3.0,4.0,2.0,3.175398412296993
5.0,4.0,3.0,3.0,4.0,3.0,3.4122145886959414
5.0,4.0,3.0,3.0,4.0,4.0,3.8634287326170718
5.0,4.0,3.0,3.0,5.0,3.0,3.412214601164143
5.0,4.0,3.0,3.0,5.0,4.0,3.863428765139067
5.0,4.0,3.0,3.0,5.0,5.0,3.863428801882189
5.0,4.0,3.0,4.0,1.0,1.0,2.451793859587929
5.0,4.0,3.0,4.0,1.0,2.0,2.755860657337289
5.0,4.0,3.0,4.0,1.0,3.0,3.1352788126495286
5.0,4.0,3.0,4.0,1.0,4.0,3.299086683484972
5.0,4.0,3.0,4.0,1.0,5.0,3.438705154197953
5.0,4.0,3.0,4.0,2.0,2.0,3.0109229563638165
5.0,4.0,3.0,4.0,2.0,3.0,3.2479788795992954
5.0,4.0,3.0,4.0,2.0,4.0,3.4026936971135155
5.0,4.0,3.0,4.0,3.0,2.0,3.16287291526527
5.0,4.0,3.0,4.0,3.0,3.0,3.5406916559972093
5.0,4.0,3.0,4.0,3.0,4.0,3.982044254182629
5.0,4.0,3.0,4.0,3.0,5.0,4.4014571318952855
5.0,4.0,3.0,4.0,4.0,2.0,3.1753984281617873
5.0,4.0,3.0,4.0,4.0,3.0,3.5679481033607003
5.0,4.0,3.0,4.0,4.0,4.0,4.136313834536952
5.0,4.0,3.0,4.0,4.0,5.0,4.4014571253953045
5.0,4.0,3.0,4.0,5.0,2.0,3.1753984347183026
5.0,4.0,3.0,4.0,5.0,3.0,3.6665057466228905
5.0,4.0,3.0,4.0,5.0,4.0,4.1602424256215205
5.0,4.0,3.0,4.0,5.0,5.0,4.401457167018652
5.0,4.0,3.0,5.0,1.0,1.0,2.6995881226407903
5.0,4.0,3.0,5.0,1.0,2.0,3.013014489521189
5.0,4.0,3.0,5.0,1.0,3.0,3.135278829187947
5.0,4.0,3.0,5.0,1.0,4.0,3.4387051332207097
5.0,4.0,3.0,5.0,1.0,5.0,3.438705147225428
5.0,4.0,3.0,5.0,2.0,1.0,2.8738315094684244
5.0,4.0,3.0,5.0,2.0,3.0,3.2479788822851425
5.0,4.0,3.0,5.0,2.0,4.0,3.466601949011294
5.0,4.0,3.0,5.0,2.0,5.0,3.9654344417184064
5.0,4.0,3.0,5.0,3.0,2.0,3.3334864592403473
5.0,4.0,3.0,5.0,3.0,3.0,3.6939999349097956
5.0,4.0,3.0,5.0,3.0,4.0,3.9973487314484126
5.0,4.0,3.0,5.0,3.0,5.0,4.420476422006959
5.0,4.0,3.0,5.0,4.0,1.0,2.873831529435992
5.0,4.0,3.0,5.0,4.0,2.0,3.403133849693065
5.0,4.0,3.0,5.0,4.0,3.0,3.771648744716629
5.0,4.0,3.0,5.0,4.0,4.0,4.240562345846441
5.0,4.0,3.0,5.0,4.0,5.0,4.610051242626835
5.0,4.0,3.0,5.0,5.0,3.0,3.8179864976485853
5.0,4.0,3.0,5.0,5.0,4.0,4.240562403619643
5.0,4.0,3.0,5.0,5.0,5.0,4.645837009007368
5.0,4.0,4.0,1.0,1.0,1.0,1.9876478757149159
5.0,4.0,4.0,1.0,2.0,2.0,3.0109229518710814
5.0,4.0,4.0,1.0,3.0,2.0,3.010922950004437
5.0,4.0,4.0,1.0,4.0,3.0,3.0368707742375567
5.0,4.0,4.0,1.0,5.0,4.0,3.2457828334916035
5.0,4.0,4.0,2.0,1.0,1.0,2.154686968497368
5.0,4.0,4.0,2.0,1.0,2.0,3.0109229553441565
5.0,4.0,4.0,2.0,2.0,3.0,3.1710890235873377
5.0,4.0,4.0,2.0,3.0,3.0,3.171089024322968
5.0,4.0,4.0,2.0,3.0,4.0,3.6671118137598313
5.0,4.0,4.0,2.0,3.0,5.0,3.855282223537803
5.0,4.0,4.0,2.0,4.0,3.0,3.4120436707243638
5.0,4.0,4.0,2.0,5.0,3.0,3.5896799658656247
5.0,4.0,4.0,2.0,5.0,4.0,3.6671118187635035
5.0,4.0,4.0,2.0,5.0,5.0,3.886722469090265
5.0,4.0,4.0,3.0,1.0,3.0,3.010922965090701
5.0,4.0,4.0,3.0,1.0,4.0,3.2579216028247413
5.0,4.0,4.0,3.0,2.0,2.0,3.010922957247403
5.0,4.0,4.0,3.0,2.0,3.0,3.3312299141212542
5.0,4.0,4.0,3.0,2.0,4.0,3.736110665762142
5.0,4.0,4.0,3.0,3.0,2.0,3.4048159958393254
5.0,4.0,4.0,3.0,3.0,3.0,3.693224227074479
5.0,4.0,4.0,3.0,3.0,4.0,4.070465052628041
5.0,4.0,4.0,3.0,4.0,2.0,3.404816007589886
5.0,4.0,4.0,3.0,4.0,3.0,3.770179391733813
5.0,4.0,4.0,3.0,4.0,4.0,4.108135225395276
5.0,4.0,4.0,3.0,4.0,5.0,4.37996051624729
5.0,4.0,4.0,3.0,5.0,3.0,3.997798265046205
5.0,4.0,4.0,3.0,5.0,4.0,4.144893107895511
5.0,4.0,4.0,3.0,5.0,5.0,4.379960508798774
5.0,4.0,4.0,4.0,1.0,1.0,2.873831479584508
5.0,4.0,4.0,4.0,1.0,3.0,3.301081921588716
5.0,4.0,4.0,4.0,1.0,4.0,3.3010819192715664
5.0,4.0,4.0,4.0,2.0,2.0,3.010922966333937
5.0,4.0,4.0,4.0,2.0,3.0,3.544803230931661
5.0,4.0,4.0,4.0,2.0,4.0,3.7750729920430453
5.0,4.0,4.0,4.0,2.0,5.0,4.055753636937889
5.0,4.0,4.0,4.0,3.0,1.0,3.0832055159140688
5.0,4.0,4.0,4.0,3.0,2.0,3.404816005313618
5.0,4.0,4.0,4.0,3.0,3.0,3.8335932196673963
5.0,4.0,4.0,4.0,3.0,4.0,4.222425075675493
5.0,4.0,4.0,4.0,3.0,5.0,4.423945872768848
5.0,4.0,4.0,4.0,4.0,2.0,3.4048160072589253
5.0,4.0,4.0,4.0,4.0,3.0,4.088123567037235
5.0,4.0,4.0,4.0,4.0,4.0,4.313447276178802
5.0,4.0,4.0,4.0,4.0,5.0,4.65340221050721
5.0,4.0,4.0,4.0,5.0,1.0,3.083205538644032
5.0,4.0,4.0,4.0,5.0,2.0,3.7462672397144052
5.0,4.0,4.0,4.0,5.0,3.0,4.102386839151861
5.0,4.0,4.0,4.0,5.0,4.0,4.379555769806478
5.0,4.0,4.0,4.0,5.0,5.0,4.696862043803329
5.0,4.0,4.0,5.0,1.0,3.0,3.301081930099256
5.0,4.0,4.0,5.0,1.0,4.0,3.5430059667747433
5.0,4.0,4.0,5.0,1.0,5.0,3.5430059754592937
5.0,4.0,4.0,5.0,2.0,1.0,2.8738314972180463
5.0,4.0,4.0,5.0,2.0,2.0,3.404816013732469
5.0,4.0,4.0,5.0,2.0,3.0,3.5448032411583728
5.0,4.0,4.0,5.0,2.0,4.0,3.7750729921809607
5.0,4.0,4.0,5.0,2.0,5.0,4.163110128290666
5.0,4.0,4.0,5.0,3.0,2.0,3.404816014833787
5.0,4.0,4.0,5.0,3.0,3.0,3.8335932440009044
5.0,4.0,4.0,5.0,3.0,4.0,4.238446964734945
5.0,4.0,4.0,5.0,3.0,5.0,4.499010229270188
5.0,4.0,4.0,5.0,4.0,2.0,3.606042768558483
5.0,4.0,4.0,5.0,4.0,3.0,4.088123616471737
5.0,4.0,4.0,5.0,4.0,4.0,4.4578579473836175
5.0,4.0,4.0,5.0,4.0,5.0,4.738021692696286
5.0,4.0,4.0,5.0,5.0,2.0,3.914651020337209
5.0,4.0,4.0,5.0,5.0,3.0,4.102386856366642
5.0,4.0,4.0,5.0,5.0,4.0,4.574254180724964
5.0,4.0,4.0,5.0,5.0,5.0,4.835650118140499
5.0,4.0,5.0,1.0,1.0,1.0,1.987647883325611
5.0,4.0,5.0,1.0,3.0,4.0,3.2410678622592943
5.0,4.0,5.0,1.0,5.0,5.0,3.8683387975422843
5.0,4.0,5.0,2.0,4.0,2.0,3.106709284329699
5.0,4.0,5.0,2.0,4.0,3.0,3.5896799664277603
5.0,4.0,5.0,2.0,5.0,4.0,3.8867224642974567
5.0,4.0,5.0,2.0,5.0,5.0,3.886722471505214
5.0,4.0,5.0,3.0,1.0,3.0,3.513883075829149
5.0,4.0,5.0,3.0,2.0,2.0,3.0836030553228095
5.0,4.0,5.0,3.0,2.0,3.0,3.6646018111654786
5.0,4.0,5.0,3.0,3.0,3.0,4.021961086653304
5.0,4.0,5.0,3.0,3.0,4.0,4.070465079437398
5.0,4.0,5.0,3.0,3.0,5.0,4.237784167047197
5.0,4.0,5.0,3.0,4.0,3.0,4.0219610948600915
5.0,4.0,5.0,3.0,4.0,4.0,4.32095465095919
5.0,4.0,5.0,3.0,4.0,5.0,4.588886786360932
5.0,4.0,5.0,3.0,5.0,3.0,4.1023869183787
5.0,4.0,5.0,3.0,5.0,4.0,4.43003589400435
5.0,4.0,5.0,3.0,5.0,5.0,4.588886770354458
5.0,4.0,5.0,4.0,1.0,3.0,3.513883083177932
5.0,4.0,5.0,4.0,2.0,1.0,2.873831482645164
5.0,4.0,5.0,4.0,2.0,2.0,3.4749061975779503
5.0,4.0,5.0,4.0,2.0,3.0,3.9965263204431443
5.0,4.0,5.0,4.0,2.0,4.0,4.05575362907987
5.0,4.0,5.0,4.0,2.0,5.0,4.055753644307012
5.0,4.0,5.0,4.0,3.0,3.0,4.170595298570301
5.0,4.0,5.0,4.0,3.0,4.0,4.245949686096287
5.0,4.0,5.0,4.0,3.0,5.0,4.441172009390817
5.0,4.0,5.0,4.0,4.0,2.0,3.474906200727694
5.0,4.0,5.0,4.0,4.0,3.0,4.170595298439868
5.0,4.0,5.0,4.0,4.0,4.0,4.482247468880334
5.0,4.0,5.0,4.0,4.0,5.0,4.731311863686849
5.0,4.0,5.0,4.0,5.0,3.0,4.267541217572353
5.0,4.0,5.0,4.0,5.0,4.0,4.572571259905519
5.0,4.0,5.0,4.0,5.0,5.0,4.845739377003054
5.0,4.0,5.0,5.0,1.0,3.0,3.686006012646331
5.0,4.0,5.0,5.0,1.0,4.0,3.912365028894883
5.0,4.0,5.0,5.0,1.0,5.0,4.1671854395261905
5.0,4.0,5.0,5.0,2.0,3.0,3.9965263308819576
5.0,4.0,5.0,5.0,2.0,4.0,4.055753657823372
5.0,4.0,5.0,5.0,2.0,5.0,4.318216726920863
5.0,4.0,5.0,5.0,3.0,2.0,3.9146509071096776
5.0,4.0,5.0,5.0,3.0,3.0,4.179379787995815
5.0,4.0,5.0,5.0,3.0,4.0,4.4668434678920015
5.0,4.0,5.0,5.0,3.0,5.0,4.625825326712531
5.0,4.0,5.0,5.0,4.0,2.0,3.914650960493156
5.0,4.0,5.0,5.0,4.0,3.0,4.381417383902691
5.0,4.0,5.0,5.0,4.0,4.0,4.602237206110719
5.0,4.0,5.0,5.0,4.0,5.0,4.874384369463268
5.0,4.0,5.0,5.0,5.0,2.0,3.914651019998951
5.0,4.0,5.0,5.0,5.0,3.0,4.381417401657431
5.0,4.0,5.0,5.0,5.0,4.0,4.718376859276841
5.0,4.0,5.0,5.0,5.0,5.0,4.929593136620572
5.0,5.0,1.0,1.0,1.0,1.0,1.4100455601576503
5.0,5.0,1.0,1.0,1.0,2.0,2.0479550044021995
5.0,5.0,1.0,1.0,2.0,1.0,1.5525467956633203
5.0,5.0,1.0,1.0,2.0,2.0,2.0479550204262225
5.0,5.0,1.0,1.0,2.0,4.0,2.0479550490343144
5.0,5.0,1.0,1.0,2.0,5.0,2.0479550722278868
5.0,5.0,1.0,1.0,3.0,1.0,1.6548043103531005
5.0,5.0,1.0,1.0,4.0,1.0,1.6548043049238867
5.0,5.0,1.0,2.0,1.0,1.0,1.457021722021768
5.0,5.0,1.0,2.0,1.0,2.0,2.0479550048219917
5.0,5.0,1.0,2.0,2.0,2.0,2.1728569949622156
5.0,5.0,1.0,2.0,2.0,3.0,2.226946145916025
5.0,5.0,1.0,2.0,4.0,2.0,2.4350918599652394
5.0,5.0,1.0,3.0,1.0,1.0,1.7814656858035518
5.0,5.0,1.0,3.0,2.0,2.0,2.172857000768757
5.0,5.0,1.0,3.0,3.0,1.0,1.9329001168637177
5.0,5.0,1.0,3.0,3.0,3.0,2.4230339032694617
5.0,5.0,1.0,3.0,3.0,5.0,3.039269944282558
5.0,5.0,1.0,3.0,4.0,1.0,2.3788034083104033
5.0,5.0,1.0,3.0,5.0,4.0,3.0517546680163123
5.0,5.0,1.0,4.0,1.0,1.0,1.7814656974480731
5.0,5.0,1.0,4.0,1.0,4.0,2.2269462463772554
5.0,5.0,1.0,4.0,3.0,2.0,2.5597152606026787
5.0,5.0,1.0,4.0,3.0,3.0,2.7878224276829497
5.0,5.0,1.0,4.0,4.0,1.0,2.3788034171270236
5.0,5.0,1.0,4.0,4.0,2.0,2.5597152686753315
5.0,5.0,1.0,4.0,4.0,3.0,3.0154864325112722
5.0,5.0,1.0,4.0,4.0,4.0,3.05429518192448
5.0,5.0,1.0,5.0,1.0,1.0,1.8386556843175597
5.0,5.0,1.0,5.0,1.0,3.0,2.2269462426574296
5.0,5.0,1.0,5.0,1.0,5.0,2.226946255108899
5.0,5.0,1.0,5.0,2.0,1.0,2.046778990592886
5.0,5.0,1.0,5.0,2.0,3.0,2.7878224284251916
5.0,5.0,1.0,5.0,3.0,3.0,2.7878224302488253
5.0,5.0,1.0,5.0,3.0,4.0,3.056835710319591
5.0,5.0,1.0,5.0,3.0,5.0,3.623119259384993
5.0,5.0,1.0,5.0,4.0,1.0,2.62941373057672
5.0,5.0,1.0,5.0,4.0,4.0,3.623119287388388
5.0,5.0,1.0,5.0,4.0,5.0,3.6231192804905374
5.0,5.0,1.0,5.0,5.0,1.0,2.703530938218694
5.0,5.0,1.0,5.0,5.0,5.0,3.6231192511199826
5.0,5.0,2.0,1.0,1.0,1.0,1.6878552020247823
5.0,5.0,2.0,1.0,1.0,3.0,2.09636454856677
5.0,5.0,2.0,1.0,2.0,2.0,2.0479550081033864
5.0,5.0,2.0,1.0,2.0,3.0,2.122011287952497
5.0,5.0,2.0,1.0,3.0,3.0,2.4280947864594324
5.0,5.0,2.0,2.0,1.0,1.0,2.1546869800995867
5.0,5.0,2.0,2.0,1.0,2.0,2.27728367746944
5.0,5.0,2.0,2.0,1.0,3.0,2.514856197925213
5.0,5.0,2.0,2.0,1.0,5.0,2.5148562120733637
5.0,5.0,2.0,2.0,2.0,2.0,2.5045341799029317
5.0,5.0,2.0,2.0,2.0,3.0,2.5148561901534183
5.0,5.0,2.0,2.0,3.0,1.0,2.6728883219953348
5.0,5.0,2.0,2.0,3.0,2.0,2.6728883276202358
5.0,5.0,2.0,2.0,3.0,3.0,2.8930517132404896
5.0,5.0,2.0,2.0,3.0,4.0,3.0229321066408876
5.0,5.0,2.0,2.0,4.0,2.0,2.6728883325032666
5.0,5.0,2.0,2.0,4.0,3.0,2.9970428158333537
5.0,5.0,2.0,2.0,5.0,2.0,2.9970428291662423
5.0,5.0,2.0,2.0,5.0,3.0,2.9970428265037983
5.0,5.0,2.0,3.0,1.0,2.0,2.717252573521917
5.0,5.0,2.0,3.0,1.0,3.0,2.7172525748439833
5.0,5.0,2.0,3.0,2.0,1.0,2.672888309661905
5.0,5.0,2.0,3.0,2.0,2.0,2.8165362956947653
5.0,5.0,2.0,3.0,2.0,3.0,2.878922730913867
5.0,5.0,2.0,3.0,3.0,2.0,2.816536304500261
5.0,5.0,2.0,3.0,3.0,3.0,3.102264776056053
5.0,5.0,2.0,3.0,3.0,4.0,3.263437650437897
5.0,5.0,2.0,3.0,4.0,1.0,2.672888319693871
5.0,5.0,2.0,3.0,4.0,2.0,2.8165363085942734
5.0,5.0,2.0,3.0,4.0,3.0,3.102264799363276
5.0,5.0,2.0,3.0,5.0,2.0,3.1035227721371808
5.0,5.0,2.0,3.0,5.0,4.0,3.3524722506101883
5.0,5.0,2.0,3.0,5.0,5.0,3.9494996794697133
5.0,5.0,2.0,4.0,1.0,1.0,2.313390906994869
5.0,5.0,2.0,4.0,1.0,3.0,2.71725258598507
5.0,5.0,2.0,4.0,1.0,4.0,2.728039001980218
5.0,5.0,2.0,4.0,2.0,1.0,2.7035309169544464
5.0,5.0,2.0,4.0,2.0,2.0,2.907827174542247
5.0,5.0,2.0,4.0,2.0,3.0,3.0082128532557886
5.0,5.0,2.0,4.0,2.0,4.0,3.263437647484182
5.0,5.0,2.0,4.0,3.0,2.0,3.000645545983908
5.0,5.0,2.0,4.0,3.0,3.0,3.102264790335853
5.0,5.0,2.0,4.0,3.0,4.0,3.2634376519249475
5.0,5.0,2.0,4.0,4.0,1.0,2.7035309207432388
5.0,5.0,2.0,4.0,4.0,2.0,3.0273358330620277
5.0,5.0,2.0,4.0,4.0,3.0,3.1686438714239626
5.0,5.0,2.0,4.0,4.0,4.0,3.5018035514782277
5.0,5.0,2.0,4.0,4.0,5.0,3.981670643377236
5.0,5.0,2.0,4.0,5.0,1.0,2.703530939582285
5.0,5.0,2.0,4.0,5.0,2.0,3.3991070052371835
5.0,5.0,2.0,4.0,5.0,3.0,3.3991070006866635
5.0,5.0,2.0,4.0,5.0,4.0,3.7979486030552216
5.0,5.0,2.0,4.0,5.0,5.0,4.22948994357103
5.0,5.0,2.0,5.0,1.0,1.0,2.3756905831349635
5.0,5.0,2.0,5.0,1.0,2.0,2.717252584891135
5.0,5.0,2.0,5.0,1.0,3.0,2.7172525900036026
5.0,5.0,2.0,5.0,1.0,5.0,2.7280390117406017
5.0,5.0,2.0,5.0,2.0,1.0,2.703530920102102
5.0,5.0,2.0,5.0,2.0,2.0,2.9078271935320004
5.0,5.0,2.0,5.0,2.0,3.0,3.107361264827208
5.0,5.0,2.0,5.0,2.0,4.0,3.2730120037840904
5.0,5.0,2.0,5.0,2.0,5.0,3.2730120113642305
5.0,5.0,2.0,5.0,3.0,1.0,2.7035309282249513
5.0,5.0,2.0,5.0,3.0,2.0,3.016521993623545
5.0,5.0,2.0,5.0,3.0,3.0,3.107361264122925
5.0,5.0,2.0,5.0,3.0,4.0,3.3618461316369004
5.0,5.0,2.0,5.0,3.0,5.0,3.6231192728215476
5.0,5.0,2.0,5.0,4.0,1.0,2.703530932792404
5.0,5.0,2.0,5.0,4.0,2.0,3.2497120728179856
5.0,5.0,2.0,5.0,4.0,3.0,3.3374789358008488
5.0,5.0,2.0,5.0,4.0,4.0,3.6661137901466123
5.0,5.0,2.0,5.0,4.0,5.0,4.360873726072125
5.0,5.0,2.0,5.0,5.0,1.0,2.7035309464940123
5.0,5.0,2.0,5.0,5.0,2.0,3.399107015950861
5.0,5.0,2.0,5.0,5.0,3.0,3.4446356411572077
5.0,5.0,2.0,5.0,5.0,4.0,3.7979485990667996
5.0,5.0,2.0,5.0,5.0,5.0,4.360873725073511
5.0,5.0,3.0,1.0,1.0,1.0,1.9876479079302725
5.0,5.0,3.0,1.0,1.0,2.0,2.514625284602934
5.0,5.0,3.0,1.0,2.0,1.0,1.9876479229172872
5.0,5.0,3.0,1.0,2.0,3.0,2.9002963332747353
5.0,5.0,3.0,1.0,3.0,1.0,2.52728685421534
5.0,5.0,3.0,1.0,3.0,3.0,2.900296337633299
5.0,5.0,3.0,1.0,4.0,2.0,2.5811799319629816
5.0,5.0,3.0,1.0,5.0,1.0,2.527286861269108
5.0,5.0,3.0,1.0,5.0,2.0,2.900296378181085
5.0,5.0,3.0,1.0,5.0,3.0,2.9002963819611436
5.0,5.0,3.0,1.0,5.0,4.0,3.096696504567948
5.0,5.0,3.0,2.0,1.0,1.0,2.154686978779146
5.0,5.0,3.0,2.0,1.0,2.0,2.514625309067124
5.0,5.0,3.0,2.0,1.0,3.0,2.990868682740955
5.0,5.0,3.0,2.0,2.0,1.0,2.154686981921437
5.0,5.0,3.0,2.0,2.0,2.0,2.839105435891804
5.0,5.0,3.0,2.0,2.0,3.0,3.0050516442106345
5.0,5.0,3.0,2.0,3.0,1.0,2.672888331838044
5.0,5.0,3.0,2.0,3.0,2.0,2.839105443955642
5.0,5.0,3.0,2.0,3.0,3.0,3.3046464913043643
5.0,5.0,3.0,2.0,3.0,4.0,3.3046465022777456
5.0,5.0,3.0,2.0,3.0,5.0,3.855282212527484
5.0,5.0,3.0,2.0,4.0,1.0,2.7047680769372757
5.0,5.0,3.0,2.0,4.0,2.0,3.004288400184954
5.0,5.0,3.0,2.0,4.0,3.0,3.4120436857146004
5.0,5.0,3.0,2.0,4.0,4.0,3.4511142378841786
5.0,5.0,3.0,2.0,5.0,1.0,2.704768091605548
5.0,5.0,3.0,2.0,5.0,2.0,3.0261388069547754
5.0,5.0,3.0,2.0,5.0,3.0,3.4120437010298335
5.0,5.0,3.0,2.0,5.0,4.0,3.4511142432135156
5.0,5.0,3.0,2.0,5.0,5.0,3.9892876704307363
5.0,5.0,3.0,3.0,1.0,1.0,2.3133908875232647
5.0,5.0,3.0,3.0,1.0,2.0,2.9920774370190335
5.0,5.0,3.0,3.0,1.0,3.0,3.0044620844134298
5.0,5.0,3.0,3.0,1.0,4.0,3.3945258551614934
5.0,5.0,3.0,3.0,2.0,1.0,2.677704422685851
5.0,5.0,3.0,3.0,2.0,2.0,2.9998008731525974
5.0,5.0,3.0,3.0,2.0,3.0,3.212255772948612
5.0,5.0,3.0,3.0,2.0,4.0,3.663827042010882
5.0,5.0,3.0,3.0,3.0,1.0,2.708456504047943
5.0,5.0,3.0,3.0,3.0,2.0,3.249185688620829
5.0,5.0,3.0,3.0,3.0,3.0,3.4643664665251563
5.0,5.0,3.0,3.0,3.0,4.0,3.9820443065341284
5.0,5.0,3.0,3.0,3.0,5.0,4.357697985908467
5.0,5.0,3.0,3.0,4.0,2.0,3.2505478419707936
5.0,5.0,3.0,3.0,4.0,3.0,3.608833453263632
5.0,5.0,3.0,3.0,4.0,4.0,3.9820443277998545
5.0,5.0,3.0,3.0,4.0,5.0,4.357698006328586
5.0,5.0,3.0,3.0,5.0,1.0,2.708456518588833
5.0,5.0,3.0,3.0,5.0,2.0,3.497586961747966
5.0,5.0,3.0,3.0,5.0,3.0,3.6088334721846493
5.0,5.0,3.0,3.0,5.0,4.0,4.128119433657202
5.0,5.0,3.0,3.0,5.0,5.0,4.37996049186313
5.0,5.0,3.0,4.0,1.0,1.0,2.451793863394045
5.0,5.0,3.0,4.0,1.0,2.0,3.031859384397017
5.0,5.0,3.0,4.0,1.0,3.0,3.168235460768062
5.0,5.0,3.0,4.0,1.0,4.0,3.394525859392287
5.0,5.0,3.0,4.0,1.0,5.0,3.4387051614312063
5.0,5.0,3.0,4.0,2.0,2.0,3.2491857042823176
5.0,5.0,3.0,4.0,2.0,3.0,3.3680914433107096
5.0,5.0,3.0,4.0,2.0,4.0,3.6638270369225907
5.0,5.0,3.0,4.0,2.0,5.0,3.9654344603348433
5.0,5.0,3.0,4.0,3.0,1.0,2.8738315385357702
5.0,5.0,3.0,4.0,3.0,2.0,3.249185698111548
5.0,5.0,3.0,4.0,3.0,3.0,3.5472138108440245
5.0,5.0,3.0,4.0,3.0,4.0,3.982044292713233
5.0,5.0,3.0,4.0,3.0,5.0,4.423945868454967
5.0,5.0,3.0,4.0,4.0,1.0,2.873831554176945
5.0,5.0,3.0,4.0,4.0,2.0,3.25451543584862
5.0,5.0,3.0,4.0,4.0,3.0,3.758012227507525
5.0,5.0,3.0,4.0,4.0,4.0,4.179790661728346
5.0,5.0,3.0,4.0,4.0,5.0,4.42394586992238
5.0,5.0,3.0,4.0,5.0,2.0,3.497586963821672
5.0,5.0,3.0,4.0,5.0,3.0,3.8737081848478736
5.0,5.0,3.0,4.0,5.0,4.0,4.179790675442806
5.0,5.0,3.0,4.0,5.0,5.0,4.525643399351493
5.0,5.0,3.0,5.0,1.0,1.0,2.6995881442294247
5.0,5.0,3.0,5.0,1.0,2.0,3.0318593908881364
5.0,5.0,3.0,5.0,1.0,3.0,3.3744223588426085
5.0,5.0,3.0,5.0,1.0,4.0,3.4387051397536585
5.0,5.0,3.0,5.0,1.0,5.0,3.4387051505280435
5.0,5.0,3.0,5.0,2.0,2.0,3.4749061962443113
5.0,5.0,3.0,5.0,2.0,3.0,3.6175918878425297
5.0,5.0,3.0,5.0,2.0,4.0,3.6638270301889015
5.0,5.0,3.0,5.0,2.0,5.0,3.9654344471570155
5.0,5.0,3.0,5.0,3.0,2.0,3.4976980237640167
5.0,5.0,3.0,5.0,3.0,3.0,3.6939999390703075
5.0,5.0,3.0,5.0,3.0,4.0,4.125851044743281
5.0,5.0,3.0,5.0,3.0,5.0,4.423945856421808
5.0,5.0,3.0,5.0,4.0,2.0,3.622950578858747
5.0,5.0,3.0,5.0,4.0,3.0,3.9208033077982662
5.0,5.0,3.0,5.0,4.0,4.0,4.362525043640048
5.0,5.0,3.0,5.0,4.0,5.0,4.730867638610662
5.0,5.0,3.0,5.0,5.0,1.0,2.8738315541870176
5.0,5.0,3.0,5.0,5.0,2.0,3.746506856786916
5.0,5.0,3.0,5.0,5.0,3.0,3.9995740089142258
5.0,5.0,3.0,5.0,5.0,4.0,4.4244624145646165
5.0,5.0,3.0,5.0,5.0,5.0,4.790024143142929
5.0,5.0,4.0,1.0,1.0,1.0,2.154686953564992
5.0,5.0,4.0,1.0,3.0,3.0,3.0572524321940264
5.0,5.0,4.0,1.0,4.0,2.0,3.044090410376803
5.0,5.0,4.0,1.0,4.0,4.0,3.2410678770896553
5.0,5.0,4.0,2.0,1.0,1.0,2.1546869725077595
5.0,5.0,4.0,2.0,1.0,2.0,3.0109229614729345
5.0,5.0,4.0,2.0,2.0,2.0,3.010922966806294
5.0,5.0,4.0,2.0,2.0,3.0,3.1710890448955125
5.0,5.0,4.0,2.0,2.0,5.0,3.855282225399326
5.0,5.0,4.0,2.0,3.0,1.0,2.704768046948795
5.0,5.0,4.0,2.0,3.0,3.0,3.412043673726173
5.0,5.0,4.0,2.0,3.0,4.0,3.673259453019245
5.0,5.0,4.0,2.0,4.0,2.0,3.2726217544048537
5.0,5.0,4.0,2.0,4.0,3.0,3.4120436807302283
5.0,5.0,4.0,2.0,4.0,4.0,3.6732594552728215
5.0,5.0,4.0,2.0,4.0,5.0,3.9969819994414832
5.0,5.0,4.0,2.0,5.0,2.0,3.272621760543735
5.0,5.0,4.0,2.0,5.0,3.0,3.5896799694101764
5.0,5.0,4.0,2.0,5.0,4.0,3.900486432996594
5.0,5.0,4.0,2.0,5.0,5.0,4.006607257204731
5.0,5.0,4.0,3.0,1.0,2.0,3.0318593482917002
5.0,5.0,4.0,3.0,1.0,3.0,3.301081935184277
5.0,5.0,4.0,3.0,1.0,4.0,3.451207708767664
5.0,5.0,4.0,3.0,2.0,2.0,3.2163423668836146
5.0,5.0,4.0,3.0,2.0,3.0,3.705915320349495
5.0,5.0,4.0,3.0,2.0,4.0,3.7361106750485433
5.0,5.0,4.0,3.0,2.0,5.0,3.9855529939262224
5.0,5.0,4.0,3.0,3.0,2.0,3.404816004043739
5.0,5.0,4.0,3.0,3.0,3.0,3.7983735477494798
5.0,5.0,4.0,3.0,3.0,4.0,4.070465057129493
5.0,5.0,4.0,3.0,3.0,5.0,4.357697984599957
5.0,5.0,4.0,3.0,4.0,1.0,2.799051118566596
5.0,5.0,4.0,3.0,4.0,2.0,3.6563212909395153
5.0,5.0,4.0,3.0,4.0,3.0,3.9977983129000023
5.0,5.0,4.0,3.0,4.0,4.0,4.1081352521374725
5.0,5.0,4.0,3.0,4.0,5.0,4.379960514114071
5.0,5.0,4.0,3.0,5.0,2.0,3.656321304148065
5.0,5.0,4.0,3.0,5.0,3.0,3.99779832012095
5.0,5.0,4.0,3.0,5.0,4.0,4.144893104176776
5.0,5.0,4.0,3.0,5.0,5.0,4.3799605049088415
5.0,5.0,4.0,4.0,1.0,1.0,3.021412200765512
5.0,5.0,4.0,4.0,1.0,2.0,3.0318593884552207
5.0,5.0,4.0,4.0,1.0,3.0,3.3010819352742278
5.0,5.0,4.0,4.0,1.0,4.0,3.451207722919828
5.0,5.0,4.0,4.0,1.0,5.0,3.451207740621574
5.0,5.0,4.0,4.0,2.0,2.0,3.2491857126305073
5.0,5.0,4.0,4.0,2.0,3.0,3.936192364669277
5.0,5.0,4.0,4.0,2.0,4.0,3.997859336050551
5.0,5.0,4.0,4.0,2.0,5.0,4.294449840124249
5.0,5.0,4.0,4.0,3.0,1.0,3.0832055267124576
5.0,5.0,4.0,4.0,3.0,2.0,3.7462671722922924
5.0,5.0,4.0,4.0,3.0,3.0,3.936192354266723
5.0,5.0,4.0,4.0,3.0,4.0,4.2330728759313425
5.0,5.0,4.0,4.0,3.0,5.0,4.423945877831386
5.0,5.0,4.0,4.0,4.0,1.0,3.083205537798274
5.0,5.0,4.0,4.0,4.0,2.0,3.7462672127993466
5.0,5.0,4.0,4.0,4.0,3.0,4.093824126792405
5.0,5.0,4.0,4.0,4.0,4.0,4.444838309729319
5.0,5.0,4.0,4.0,4.0,5.0,4.7665159405795325
5.0,5.0,4.0,4.0,5.0,1.0,3.083205562619093
5.0,5.0,4.0,4.0,5.0,2.0,3.746267237820496
5.0,5.0,4.0,4.0,5.0,3.0,4.162964718740498
5.0,5.0,4.0,4.0,5.0,4.0,4.444875554708859
5.0,5.0,4.0,4.0,5.0,5.0,4.782302074155879
5.0,5.0,4.0,5.0,1.0,1.0,3.021412215014564
5.0,5.0,4.0,5.0,1.0,2.0,3.0798992099944797
5.0,5.0,4.0,5.0,1.0,3.0,3.6346251616332443
5.0,5.0,4.0,5.0,1.0,4.0,3.634625171312023
5.0,5.0,4.0,5.0,1.0,5.0,3.634625180191151
5.0,5.0,4.0,5.0,2.0,2.0,3.4749061971350215
5.0,5.0,4.0,5.0,2.0,3.0,3.936192385947317
5.0,5.0,4.0,5.0,2.0,4.0,4.092731741749889
5.0,5.0,4.0,5.0,2.0,5.0,4.294449858412508
5.0,5.0,4.0,5.0,3.0,2.0,3.7463213535889035
5.0,5.0,4.0,5.0,3.0,3.0,4.18648838853288
5.0,5.0,4.0,5.0,3.0,4.0,4.3544319277696
5.0,5.0,4.0,5.0,3.0,5.0,4.5728203228497035
5.0,5.0,4.0,5.0,4.0,2.0,3.9146509641557548
5.0,5.0,4.0,5.0,4.0,3.0,4.186488400596542
5.0,5.0,4.0,5.0,4.0,4.0,4.558628327982626
5.0,5.0,4.0,5.0,4.0,5.0,4.840772848411597
5.0,5.0,4.0,5.0,5.0,1.0,3.0832055942109267
5.0,5.0,4.0,5.0,5.0,2.0,3.914651030997208
5.0,5.0,4.0,5.0,5.0,3.0,4.301310456026309
5.0,5.0,4.0,5.0,5.0,4.0,4.672369273049111
5.0,5.0,4.0,5.0,5.0,5.0,4.906629821221357
5.0,5.0,5.0,1.0,4.0,2.0,3.094748579285136
5.0,5.0,5.0,1.0,4.0,5.0,3.8683387816942054
5.0,5.0,5.0,1.0,5.0,1.0,2.810142563282204
5.0,5.0,5.0,1.0,5.0,4.0,3.2457828413019825
5.0,5.0,5.0,1.0,5.0,5.0,3.8683387905350552
5.0,5.0,5.0,2.0,1.0,5.0,3.2509534922397676
5.0,5.0,5.0,2.0,2.0,1.0,2.704768056609873
5.0,5.0,5.0,2.0,2.0,2.0,3.010922984412829
5.0,5.0,5.0,2.0,2.0,3.0,3.4120436876118827
5.0,5.0,5.0,2.0,2.0,5.0,3.8552822257106234
5.0,5.0,5.0,2.0,3.0,3.0,3.412043689454267
5.0,5.0,5.0,2.0,3.0,4.0,3.8552822243799305
5.0,5.0,5.0,2.0,3.0,5.0,3.855282226331439
5.0,5.0,5.0,2.0,4.0,1.0,2.7047680665287013
5.0,5.0,5.0,2.0,4.0,3.0,3.589679971224082
5.0,5.0,5.0,2.0,4.0,4.0,3.9004864377673174
5.0,5.0,5.0,2.0,4.0,5.0,4.327116338124327
5.0,5.0,5.0,2.0,5.0,3.0,3.589679977122682
5.0,5.0,5.0,2.0,5.0,4.0,3.9004864435354407
5.0,5.0,5.0,2.0,5.0,5.0,4.460117803228767
5.0,5.0,5.0,3.0,1.0,2.0,3.031859369276216
5.0,5.0,5.0,3.0,1.0,5.0,3.8034732864454797
5.0,5.0,5.0,3.0,2.0,2.0,3.2163423736454932
5.0,5.0,5.0,3.0,2.0,3.0,3.970644136096616
5.0,5.0,5.0,3.0,2.0,4.0,4.055753609345088
5.0,5.0,5.0,3.0,2.0,5.0,4.196737526572017
5.0,5.0,5.0,3.0,3.0,2.0,3.9146508793237604
5.0,5.0,5.0,3.0,3.0,3.0,4.021961087502436
5.0,5.0,5.0,3.0,3.0,4.0,4.324609691974981
5.0,5.0,5.0,3.0,3.0,5.0,4.588886781289769
5.0,5.0,5.0,3.0,4.0,1.0,2.7990511248724603
5.0,5.0,5.0,3.0,4.0,3.0,4.021961125209885
5.0,5.0,5.0,3.0,4.0,4.0,4.324609702488535
5.0,5.0,5.0,3.0,4.0,5.0,4.5888867847127885
5.0,5.0,5.0,3.0,5.0,2.0,3.9146510340777803
5.0,5.0,5.0,3.0,5.0,3.0,4.267541283389155
5.0,5.0,5.0,3.0,5.0,4.0,4.489836628108456
5.0,5.0,5.0,3.0,5.0,5.0,4.588886783914277
5.0,5.0,5.0,4.0,1.0,2.0,3.0318593883512013
5.0,5.0,5.0,4.0,1.0,3.0,3.513883081070845
5.0,5.0,5.0,4.0,1.0,4.0,3.8034732840849697
5.0,5.0,5.0,4.0,1.0,5.0,3.8034732935769124
5.0,5.0,5.0,4.0,2.0,2.0,3.4749062016753705
5.0,5.0,5.0,4.0,2.0,3.0,3.9965263383043204
5.0,5.0,5.0,4.0,2.0,4.0,4.055753622837446
5.0,5.0,5.0,4.0,2.0,5.0,4.528367188684717
5.0,5.0,5.0,4.0,3.0,2.0,3.9146508779165305
5.0,5.0,5.0,4.0,3.0,3.0,4.267541213546943
5.0,5.0,5.0,4.0,3.0,4.0,4.469379910237988
5.0,5.0,5.0,4.0,3.0,5.0,4.627304202492971
5.0,5.0,5.0,4.0,4.0,2.0,3.9146509401929444
5.0,5.0,5.0,4.0,4.0,3.0,4.267541235878722
5.0,5.0,5.0,4.0,4.0,4.0,4.584976697768418
5.0,5.0,5.0,4.0,4.0,5.0,4.842857627119902
5.0,5.0,5.0,4.0,5.0,3.0,4.2675412899575
5.0,5.0,5.0,4.0,5.0,4.0,4.634031719646224
5.0,5.0,5.0,4.0,5.0,5.0,4.846904364786387
5.0,5.0,5.0,5.0,1.0,1.0,3.021412226741258
5.0,5.0,5.0,5.0,1.0,2.0,3.2741258137139644
5.0,5.0,5.0,5.0,1.0,3.0,3.78048987186537
5.0,5.0,5.0,5.0,1.0,4.0,3.912365022614454
5.0,5.0,5.0,5.0,1.0,5.0,4.1671854435387115
5.0,5.0,5.0,5.0,2.0,2.0,3.474906203903174
5.0,5.0,5.0,5.0,2.0,3.0,3.9965263379320115
5.0,5.0,5.0,5.0,2.0,4.0,4.222204975909113
5.0,5.0,5.0,5.0,2.0,5.0,4.528367182123894
5.0,5.0,5.0,5.0,3.0,2.0,3.9146509052654896
5.0,5.0,5.0,5.0,3.0,3.0,4.338605805696853
5.0,5.0,5.0,5.0,3.0,4.0,4.603531453225216
5.0,5.0,5.0,5.0,3.0,5.0,4.791378389433981
5.0,5.0,5.0,5.0,4.0,2.0,3.9146509572735644
5.0,5.0,5.0,5.0,4.0,3.0,4.421981027662437
5.0,5.0,5.0,5.0,4.0,4.0,4.737727598207616
5.0,5.0,5.0,5.0,4.0,5.0,4.914999115595998
5.0,5.0,5.0,5.0,5.0,1.0,3.800416444728954
5.0,5.0,5.0,5.0,5.0,2.0,3.914651029882723
5.0,5.0,5.0,5.0,5.0,3.0,4.525454836031724
5.0,5.0,5.0,5.0,5.0,4.0,4.789344328570637
5.0,5.0,5.0,5.0,5.0,5.0,4.974510598412941
