0,1,2,3,4,5,function_value
1.0,1.0,1.0,1.0,1.0,1.0,1.1073274335226067
1.0,1.0,1.0,1.0,1.0,2.0,1.1072996857518733
1.0,1.0,1.0,1.0,1.0,3.0,1.10729824444515
1.0,1.0,1.0,1.0,2.0,1.0,1.1072687397270726
1.0,1.0,1.0,1.0,2.0,2.0,1.1072865632968403
1.0,1.0,1.0,1.0,2.0,3.0,1.1072912863957798
1.0,1.0,1.0,1.0,3.0,1.0,1.1072797544432664
1.0,1.0,1.0,1.0,3.0,2.0,1.107285552657324
1.0,1.0,1.0,1.0,3.0,3.0,1.1594098072252053
1.0,1.0,1.0,1.0,4.0,2.0,1.1072852497198922
1.0,1.0,1.0,1.0,5.0,2.0,1.181698469571514
1.0,1.0,1.0,2.0,1.0,1.0,1.1072611921293578
1.0,1.0,1.0,2.0,1.0,2.0,1.1072901114680975
1.0,1.0,1.0,2.0,1.0,3.0,1.1072976993152368
1.0,1.0,1.0,2.0,2.0,1.0,1.107282403955394
1.0,1.0,1.0,2.0,2.0,2.0,1.1072848198686192
1.0,1.0,1.0,2.0,2.0,3.0,1.1111221401650622
1.0,1.0,1.0,2.0,3.0,1.0,1.1072868279333365
1.0,1.0,1.0,2.0,3.0,2.0,1.1072849689547317
1.0,1.0,1.0,2.0,3.0,3.0,1.2591110572374733
1.0,1.0,1.0,2.0,4.0,2.0,1.2924272618300556
1.0,1.0,1.0,3.0,1.0,1.0,1.1072793879122782
1.0,1.0,1.0,3.0,1.0,2.0,1.107293821915691
1.0,1.0,1.0,3.0,1.0,3.0,1.2117292910546678
1.0,1.0,1.0,3.0,2.0,2.0,1.107287954772458
1.0,1.0,1.0,3.0,2.0,3.0,1.341070241838841
1.0,1.0,1.0,3.0,3.0,1.0,1.1953578954155495
1.0,1.0,1.0,3.0,3.0,2.0,1.2748373397292008
1.0,1.0,1.0,3.0,3.0,3.0,1.3410702899962739
1.0,1.0,1.0,3.0,4.0,3.0,1.421883920878275
1.0,1.0,1.0,3.0,5.0,2.0,1.5304323485359363
1.0,1.0,1.0,3.0,5.0,3.0,1.593126001425889
1.0,1.0,1.0,3.0,5.0,4.0,1.7725405373649266
1.0,1.0,1.0,4.0,1.0,1.0,1.107301037662173
1.0,1.0,1.0,4.0,1.0,2.0,1.1072934533604533
1.0,1.0,1.0,4.0,1.0,3.0,1.221136502121173
1.0,1.0,1.0,4.0,1.0,4.0,1.3247422139648002
1.0,1.0,1.0,4.0,2.0,1.0,1.1072948872032835
1.0,1.0,1.0,4.0,2.0,2.0,1.2417653083709912
1.0,1.0,1.0,4.0,3.0,1.0,1.3131989932644246
1.0,1.0,1.0,4.0,3.0,3.0,1.5251403080491523
1.0,1.0,1.0,4.0,4.0,2.0,1.499873211326553
1.0,1.0,1.0,4.0,4.0,4.0,1.6214700281547996
1.0,1.0,1.0,4.0,5.0,3.0,1.7091325946342255
1.0,1.0,1.0,5.0,1.0,1.0,1.1073263645295914
1.0,1.0,1.0,5.0,1.0,2.0,1.1412421293529116
1.0,1.0,1.0,5.0,1.0,3.0,1.4669487112325137
1.0,1.0,1.0,5.0,1.0,4.0,1.5165581497103
1.0,1.0,1.0,5.0,3.0,2.0,1.4017262681536264
1.0,1.0,1.0,5.0,3.0,3.0,1.5811413919687358
1.0,1.0,1.0,5.0,5.0,5.0,2.183968757789235
1.0,1.0,2.0,1.0,1.0,1.0,1.1276225797710289
1.0,1.0,2.0,1.0,1.0,2.0,1.1568090933905169
1.0,1.0,2.0,1.0,1.0,3.0,1.3463510109512533
1.0,1.0,2.0,1.0,2.0,1.0,1.127624837583957
1.0,1.0,2.0,1.0,3.0,1.0,1.1276264831026113
1.0,1.0,2.0,1.0,3.0,2.0,1.1776917751555336
1.0,1.0,2.0,1.0,3.0,3.0,1.473772559387937
1.0,1.0,2.0,2.0,1.0,1.0,1.1276204106466325
1.0,1.0,2.0,2.0,1.0,2.0,1.1568079337759083
1.0,1.0,2.0,2.0,2.0,1.0,1.1276231640373313
1.0,1.0,2.0,2.0,2.0,2.0,1.2136187502229083
1.0,1.0,2.0,2.0,3.0,1.0,1.2310053852738536
1.0,1.0,2.0,2.0,3.0,3.0,1.615181458400838
1.0,1.0,2.0,2.0,3.0,4.0,1.7674784774315748
1.0,1.0,2.0,2.0,4.0,3.0,1.7118340812665032
1.0,1.0,2.0,3.0,1.0,1.0,1.1276173631755688
1.0,1.0,2.0,3.0,1.0,2.0,1.1568064508414566
1.0,1.0,2.0,3.0,1.0,3.0,1.3463495963294427
1.0,1.0,2.0,3.0,2.0,2.0,1.2877060154631752
1.0,1.0,2.0,3.0,2.0,3.0,1.5439018444730914
1.0,1.0,2.0,3.0,3.0,1.0,1.3470122391946548
1.0,1.0,2.0,3.0,3.0,2.0,1.4097050660269455
1.0,1.0,2.0,3.0,3.0,3.0,1.6151808821697515
1.0,1.0,2.0,3.0,4.0,3.0,1.8238354375330885
1.0,1.0,2.0,3.0,4.0,4.0,1.8905336540686364
1.0,1.0,2.0,3.0,5.0,3.0,1.9498397519335127
1.0,1.0,2.0,4.0,1.0,1.0,1.12761452129219
1.0,1.0,2.0,4.0,1.0,2.0,1.4322289752832313
1.0,1.0,2.0,4.0,1.0,3.0,1.5174523048350146
1.0,1.0,2.0,4.0,2.0,4.0,1.878906730795425
1.0,1.0,2.0,4.0,3.0,3.0,1.821848400145006
1.0,1.0,2.0,4.0,3.0,4.0,1.884541313607986
1.0,1.0,2.0,4.0,5.0,3.0,2.182568174086675
1.0,1.0,2.0,4.0,5.0,5.0,2.4246759844277337
1.0,1.0,2.0,5.0,2.0,4.0,1.8789063962071544
1.0,1.0,2.0,5.0,3.0,4.0,2.229805748220716
1.0,1.0,2.0,5.0,5.0,5.0,2.46216959040741
1.0,1.0,3.0,1.0,1.0,1.0,1.1276208286207567
1.0,1.0,3.0,1.0,2.0,1.0,1.1276222714291189
1.0,1.0,3.0,1.0,2.0,2.0,1.295684643423387
1.0,1.0,3.0,1.0,3.0,1.0,1.2382691297404738
1.0,1.0,3.0,2.0,1.0,1.0,1.127619701207951
1.0,1.0,3.0,2.0,2.0,2.0,1.4511828962429267
1.0,1.0,3.0,2.0,3.0,3.0,1.7131051303309301
1.0,1.0,3.0,3.0,1.0,1.0,1.2026325667960478
1.0,1.0,3.0,3.0,1.0,2.0,1.40569903321358
1.0,1.0,3.0,3.0,1.0,3.0,1.4743740353611805
1.0,1.0,3.0,3.0,2.0,2.0,1.527698045236992
1.0,1.0,3.0,3.0,3.0,3.0,1.8469732835160904
1.0,1.0,3.0,3.0,5.0,5.0,2.665383114333668
1.0,1.0,3.0,4.0,1.0,1.0,1.3422909424296734
1.0,1.0,3.0,4.0,2.0,1.0,1.4642898492873841
1.0,1.0,3.0,4.0,2.0,3.0,1.9398413409446538
1.0,1.0,3.0,4.0,3.0,2.0,1.984698724130821
1.0,1.0,3.0,4.0,3.0,4.0,2.1245332051077264
1.0,1.0,3.0,4.0,4.0,2.0,2.0044245678230697
1.0,1.0,3.0,4.0,4.0,4.0,2.4033431562083716
1.0,1.0,3.0,4.0,4.0,5.0,2.7461414901690087
1.0,1.0,3.0,5.0,3.0,5.0,2.419954636005522
1.0,1.0,3.0,5.0,4.0,5.0,2.775397382575211
1.0,1.0,3.0,5.0,5.0,5.0,2.780674515981104
1.0,1.0,4.0,2.0,1.0,1.0,1.3502690264958281
1.0,1.0,4.0,3.0,3.0,1.0,1.826996072457652
1.0,1.0,4.0,4.0,2.0,2.0,2.000418424279407
1.0,1.0,5.0,1.0,1.0,1.0,1.4246847695626341
1.0,2.0,1.0,1.0,1.0,1.0,1.1066638939937095
1.0,2.0,1.0,1.0,1.0,2.0,1.1073042585721213
1.0,2.0,1.0,1.0,1.0,3.0,1.1073071032940551
1.0,2.0,1.0,1.0,2.0,1.0,1.1071758297512082
1.0,2.0,1.0,1.0,2.0,2.0,1.1072922390020141
1.0,2.0,1.0,1.0,3.0,1.0,1.1072872223889683
1.0,2.0,1.0,1.0,3.0,2.0,1.107287657995768
1.0,2.0,1.0,1.0,3.0,3.0,1.2569745426013244
1.0,2.0,1.0,1.0,3.0,4.0,1.4808382860671132
1.0,2.0,1.0,1.0,4.0,1.0,1.133392671466734
1.0,2.0,1.0,2.0,1.0,1.0,1.1071342722660074
1.0,2.0,1.0,2.0,1.0,2.0,1.1073057951198466
1.0,2.0,1.0,2.0,1.0,3.0,1.107306590236622
1.0,2.0,1.0,2.0,2.0,1.0,1.1072969432640096
1.0,2.0,1.0,2.0,2.0,2.0,1.145568386322134
1.0,2.0,1.0,2.0,2.0,3.0,1.2816333641901558
1.0,2.0,1.0,2.0,3.0,1.0,1.1072965315759757
1.0,2.0,1.0,2.0,3.0,2.0,1.1762858150598536
1.0,2.0,1.0,2.0,3.0,3.0,1.2816334075850242
1.0,2.0,1.0,2.0,5.0,3.0,1.5447061785262468
1.0,2.0,1.0,3.0,1.0,1.0,1.1072764282050824
1.0,2.0,1.0,3.0,1.0,2.0,1.107308855874616
1.0,2.0,1.0,3.0,1.0,3.0,1.211729416655141
1.0,2.0,1.0,3.0,1.0,4.0,1.3521317441658975
1.0,2.0,1.0,3.0,2.0,1.0,1.1073079075353605
1.0,2.0,1.0,3.0,2.0,2.0,1.2077713442740956
1.0,2.0,1.0,3.0,2.0,3.0,1.3480076410286481
1.0,2.0,1.0,3.0,3.0,1.0,1.195359191509134
1.0,2.0,1.0,3.0,3.0,2.0,1.29756516888427
1.0,2.0,1.0,3.0,3.0,3.0,1.348007730190458
1.0,2.0,1.0,3.0,3.0,4.0,1.5961296778665193
1.0,2.0,1.0,3.0,4.0,3.0,1.5787177037528817
1.0,2.0,1.0,3.0,4.0,4.0,1.71812867515586
1.0,2.0,1.0,3.0,4.0,5.0,2.0142653148924214
1.0,2.0,1.0,4.0,1.0,1.0,1.1073058951140682
1.0,2.0,1.0,4.0,1.0,2.0,1.1093085598093169
1.0,2.0,1.0,4.0,2.0,1.0,1.1073015313941483
1.0,2.0,1.0,4.0,2.0,2.0,1.2417655378124257
1.0,2.0,1.0,4.0,2.0,3.0,1.4107225540697164
1.0,2.0,1.0,4.0,3.0,2.0,1.4209003651490717
1.0,2.0,1.0,4.0,3.0,3.0,1.5251408724970066
1.0,2.0,1.0,4.0,3.0,4.0,1.7422244272574996
1.0,2.0,1.0,4.0,3.0,5.0,2.0082726093377956
1.0,2.0,1.0,4.0,4.0,2.0,1.499873376945964
1.0,2.0,1.0,4.0,4.0,3.0,1.6528354756693542
1.0,2.0,1.0,4.0,4.0,4.0,1.780341784897622
1.0,2.0,1.0,4.0,5.0,3.0,1.7767194388252996
1.0,2.0,1.0,5.0,1.0,2.0,1.3174697581091555
1.0,2.0,1.0,5.0,2.0,3.0,1.643451115963886
1.0,2.0,1.0,5.0,3.0,3.0,1.6487280687408838
1.0,2.0,1.0,5.0,5.0,5.0,2.2414239150034905
1.0,2.0,2.0,1.0,1.0,1.0,1.127631115271302
1.0,2.0,2.0,1.0,1.0,2.0,1.1568101297273865
1.0,2.0,2.0,1.0,1.0,3.0,1.3463523955451775
1.0,2.0,2.0,1.0,2.0,1.0,1.127630222060783
1.0,2.0,2.0,1.0,2.0,2.0,1.1945786596515557
1.0,2.0,2.0,1.0,3.0,1.0,1.1276284764869093
1.0,2.0,2.0,1.0,3.0,2.0,1.3360213101351313
1.0,2.0,2.0,1.0,3.0,4.0,1.6041082859155857
1.0,2.0,2.0,1.0,4.0,3.0,1.5466923868892923
1.0,2.0,2.0,2.0,1.0,1.0,1.1276239739197083
1.0,2.0,2.0,2.0,1.0,2.0,1.1568089094201008
1.0,2.0,2.0,2.0,2.0,1.0,1.1276255694118549
1.0,2.0,2.0,2.0,2.0,2.0,1.2580860737200839
1.0,2.0,2.0,2.0,2.0,3.0,1.4187018569741654
1.0,2.0,2.0,2.0,3.0,1.0,1.2714179007868085
1.0,2.0,2.0,2.0,3.0,2.0,1.5153625064926635
1.0,2.0,2.0,2.0,3.0,3.0,1.615181904012401
1.0,2.0,2.0,2.0,4.0,2.0,1.5153623595971228
1.0,2.0,2.0,3.0,1.0,1.0,1.127619728103212
1.0,2.0,2.0,3.0,1.0,2.0,1.3181818604325992
1.0,2.0,2.0,3.0,1.0,3.0,1.3921227819155382
1.0,2.0,2.0,3.0,2.0,1.0,1.3592502841379999
1.0,2.0,2.0,3.0,2.0,2.0,1.4226791357015747
1.0,2.0,2.0,3.0,2.0,3.0,1.543902038527964
1.0,2.0,2.0,3.0,2.0,5.0,1.8935368285046352
1.0,2.0,2.0,3.0,3.0,1.0,1.3900316522745007
1.0,2.0,2.0,3.0,3.0,2.0,1.5153616834271968
1.0,2.0,2.0,3.0,3.0,3.0,1.8014204184326912
1.0,2.0,2.0,3.0,3.0,4.0,1.9528434942104504
1.0,2.0,2.0,3.0,4.0,3.0,1.8238356242088072
1.0,2.0,2.0,3.0,4.0,5.0,2.1375351222712116
1.0,2.0,2.0,3.0,5.0,3.0,2.0174267118464617
1.0,2.0,2.0,3.0,5.0,4.0,2.323046801057015
1.0,2.0,2.0,4.0,1.0,1.0,1.1698859977645615
1.0,2.0,2.0,4.0,1.0,2.0,1.43222915003718
1.0,2.0,2.0,4.0,1.0,3.0,1.762159321092427
1.0,2.0,2.0,4.0,2.0,1.0,1.4086066301593672
1.0,2.0,2.0,4.0,2.0,3.0,1.8129664796635052
1.0,2.0,2.0,4.0,3.0,2.0,1.7100206405557503
1.0,2.0,2.0,4.0,3.0,3.0,1.9301812413531856
1.0,2.0,2.0,4.0,3.0,4.0,1.9571319099742066
1.0,2.0,2.0,4.0,4.0,3.0,2.009270003580145
1.0,2.0,2.0,4.0,4.0,4.0,2.20967558752872
1.0,2.0,2.0,5.0,1.0,1.0,1.2858922536428337
1.0,2.0,2.0,5.0,1.0,2.0,1.5820293568632284
1.0,2.0,2.0,5.0,1.0,4.0,1.9408584839833376
1.0,2.0,2.0,5.0,4.0,2.0,1.94802605894141
1.0,2.0,2.0,5.0,5.0,4.0,2.3230457560410938
1.0,2.0,2.0,5.0,5.0,5.0,2.4621697527805706
1.0,2.0,3.0,1.0,1.0,1.0,1.1292950332563112
1.0,2.0,3.0,1.0,1.0,2.0,1.2837479957090407
1.0,2.0,3.0,1.0,2.0,1.0,1.2677321958087382
1.0,2.0,3.0,1.0,2.0,2.0,1.3632716781113987
1.0,2.0,3.0,1.0,3.0,2.0,1.4345495339123953
1.0,2.0,3.0,2.0,1.0,1.0,1.159273995200295
1.0,2.0,3.0,2.0,1.0,3.0,1.546409274223565
1.0,2.0,3.0,2.0,2.0,1.0,1.3730432413722453
1.0,2.0,3.0,2.0,2.0,2.0,1.451183059417531
1.0,2.0,3.0,2.0,3.0,2.0,1.644976234750729
1.0,2.0,3.0,2.0,3.0,3.0,1.7806921051263738
1.0,2.0,3.0,3.0,1.0,1.0,1.3676771450917449
1.0,2.0,3.0,3.0,1.0,2.0,1.5234389523170275
1.0,2.0,3.0,3.0,1.0,3.0,1.5981669827107992
1.0,2.0,3.0,3.0,2.0,1.0,1.5071858419121327
1.0,2.0,3.0,3.0,2.0,2.0,1.5981650114573858
1.0,2.0,3.0,3.0,2.0,3.0,1.746681379470902
1.0,2.0,3.0,3.0,3.0,2.0,1.644975503684063
1.0,2.0,3.0,3.0,3.0,3.0,1.9393839875691512
1.0,2.0,3.0,3.0,4.0,3.0,2.0672847458048333
1.0,2.0,3.0,4.0,1.0,4.0,2.064844031874716
1.0,2.0,3.0,4.0,2.0,1.0,1.5808058999663506
1.0,2.0,3.0,4.0,2.0,3.0,1.9504996630416038
1.0,2.0,3.0,4.0,3.0,3.0,2.026439767236263
1.0,2.0,3.0,4.0,3.0,4.0,2.3088420722207275
1.0,2.0,3.0,4.0,4.0,2.0,2.0672839161316725
1.0,2.0,3.0,4.0,4.0,3.0,2.0672842302569197
1.0,2.0,3.0,4.0,4.0,4.0,2.4033443991911945
1.0,2.0,3.0,4.0,5.0,3.0,2.2081191358852936
1.0,2.0,3.0,5.0,2.0,5.0,2.5886236381273178
1.0,2.0,3.0,5.0,3.0,4.0,2.439071587134485
1.0,2.0,3.0,5.0,4.0,2.0,2.1880181983919647
1.0,2.0,3.0,5.0,4.0,5.0,2.842984426171362
1.0,2.0,4.0,1.0,1.0,1.0,1.3018498792530497
1.0,2.0,4.0,1.0,1.0,3.0,1.6606793255923717
1.0,2.0,4.0,2.0,4.0,3.0,2.376126953923977
1.0,2.0,4.0,3.0,1.0,2.0,1.8299998059030584
1.0,2.0,4.0,3.0,3.0,3.0,2.2534125879146893
1.0,2.0,4.0,4.0,2.0,3.0,2.364142172698662
1.0,2.0,4.0,4.0,3.0,4.0,2.5341722688511736
1.0,2.0,4.0,4.0,4.0,3.0,2.4914182006496426
1.0,2.0,4.0,4.0,5.0,5.0,3.0605120496811606
1.0,2.0,5.0,4.0,4.0,4.0,2.7941030752217877
1.0,2.0,5.0,5.0,1.0,1.0,1.9919381516302035
1.0,2.0,5.0,5.0,5.0,5.0,3.331787965751822
1.0,3.0,1.0,1.0,1.0,1.0,1.1050788737427544
1.0,3.0,1.0,1.0,1.0,2.0,1.1073187095236416
1.0,3.0,1.0,1.0,1.0,3.0,1.1073187585965214
1.0,3.0,1.0,1.0,2.0,1.0,1.1073593310999197
1.0,3.0,1.0,1.0,2.0,2.0,1.1467399981946067
1.0,3.0,1.0,1.0,2.0,3.0,1.221193603607335
1.0,3.0,1.0,1.0,3.0,1.0,1.1074001235171456
1.0,3.0,1.0,1.0,3.0,2.0,1.146739899964659
1.0,3.0,1.0,1.0,3.0,3.0,1.256974939965605
1.0,3.0,1.0,1.0,3.0,5.0,1.7278400506463674
1.0,3.0,1.0,1.0,4.0,1.0,1.1333928657991152
1.0,3.0,1.0,1.0,4.0,2.0,1.174504660381551
1.0,3.0,1.0,1.0,5.0,1.0,1.1374569468959925
1.0,3.0,1.0,2.0,1.0,1.0,1.1073284011331286
1.0,3.0,1.0,2.0,1.0,2.0,1.1073198380800855
1.0,3.0,1.0,2.0,1.0,3.0,1.107315732826162
1.0,3.0,1.0,2.0,1.0,4.0,1.3740374021726076
1.0,3.0,1.0,2.0,2.0,1.0,1.107410154179041
1.0,3.0,1.0,2.0,2.0,2.0,1.2231954642263014
1.0,3.0,1.0,2.0,2.0,3.0,1.2852165133076874
1.0,3.0,1.0,2.0,3.0,1.0,1.1605331263762948
1.0,3.0,1.0,2.0,3.0,2.0,1.2852167306762448
1.0,3.0,1.0,2.0,3.0,3.0,1.2852166955576618
1.0,3.0,1.0,2.0,4.0,1.0,1.1605327216745112
1.0,3.0,1.0,2.0,4.0,3.0,1.4390481046213757
1.0,3.0,1.0,2.0,5.0,3.0,1.704447573631912
1.0,3.0,1.0,2.0,5.0,5.0,2.0878446281452168
1.0,3.0,1.0,3.0,1.0,1.0,1.1073450438057786
1.0,3.0,1.0,3.0,1.0,2.0,1.107325843978693
1.0,3.0,1.0,3.0,1.0,3.0,1.216745209399324
1.0,3.0,1.0,3.0,1.0,4.0,1.449819281332795
1.0,3.0,1.0,3.0,1.0,5.0,1.599133314895452
1.0,3.0,1.0,3.0,2.0,1.0,1.1073515574204127
1.0,3.0,1.0,3.0,2.0,2.0,1.2231944178717955
1.0,3.0,1.0,3.0,2.0,3.0,1.3684346574247324
1.0,3.0,1.0,3.0,2.0,4.0,1.485096615320671
1.0,3.0,1.0,3.0,3.0,1.0,1.1953610563600576
1.0,3.0,1.0,3.0,3.0,2.0,1.2975655657447471
1.0,3.0,1.0,3.0,3.0,3.0,1.4734528580941297
1.0,3.0,1.0,3.0,3.0,4.0,1.742580267368194
1.0,3.0,1.0,3.0,3.0,5.0,1.9598532817253098
1.0,3.0,1.0,3.0,4.0,1.0,1.3132010734445059
1.0,3.0,1.0,3.0,4.0,2.0,1.5436080365676739
1.0,3.0,1.0,3.0,4.0,3.0,1.5787179196505832
1.0,3.0,1.0,3.0,4.0,4.0,1.7803434954832826
1.0,3.0,1.0,3.0,5.0,3.0,1.7282998696072207
1.0,3.0,1.0,3.0,5.0,4.0,2.0467271467635983
1.0,3.0,1.0,4.0,1.0,1.0,1.1073392609142192
1.0,3.0,1.0,4.0,1.0,2.0,1.3099301756187962
1.0,3.0,1.0,4.0,1.0,3.0,1.309930526048171
1.0,3.0,1.0,4.0,1.0,4.0,1.4498187138725733
1.0,3.0,1.0,4.0,2.0,1.0,1.107328024659503
1.0,3.0,1.0,4.0,2.0,2.0,1.3099295952718237
1.0,3.0,1.0,4.0,2.0,3.0,1.4283159190640973
1.0,3.0,1.0,4.0,2.0,4.0,1.6934997706955146
1.0,3.0,1.0,4.0,3.0,1.0,1.3131999151348235
1.0,3.0,1.0,4.0,3.0,2.0,1.5251418808898822
1.0,3.0,1.0,4.0,3.0,3.0,1.5251415664028367
1.0,3.0,1.0,4.0,3.0,4.0,1.7652860140751399
1.0,3.0,1.0,4.0,4.0,1.0,1.3132004693744208
1.0,3.0,1.0,4.0,4.0,2.0,1.600028907546635
1.0,3.0,1.0,4.0,4.0,3.0,1.6528357008236656
1.0,3.0,1.0,4.0,4.0,4.0,1.7803429145182688
1.0,3.0,1.0,4.0,4.0,5.0,2.163735726792976
1.0,3.0,1.0,4.0,5.0,3.0,1.95820360137399
1.0,3.0,1.0,4.0,5.0,4.0,2.046726556343657
1.0,3.0,1.0,5.0,1.0,1.0,1.107340714960545
1.0,3.0,1.0,5.0,1.0,2.0,1.3174699151649918
1.0,3.0,1.0,5.0,1.0,3.0,1.4669490399514484
1.0,3.0,1.0,5.0,1.0,5.0,1.744273852286387
1.0,3.0,1.0,5.0,2.0,5.0,1.9531456898160484
1.0,3.0,1.0,5.0,3.0,3.0,1.8370068615532604
1.0,3.0,1.0,5.0,3.0,5.0,2.0672905505760992
1.0,3.0,1.0,5.0,4.0,1.0,1.4794845917891555
1.0,3.0,1.0,5.0,4.0,3.0,1.8383141429643766
1.0,3.0,1.0,5.0,4.0,4.0,1.9197428152580058
1.0,3.0,1.0,5.0,4.0,5.0,2.2414251966005794
1.0,3.0,1.0,5.0,5.0,2.0,1.780898667659706
1.0,3.0,1.0,5.0,5.0,4.0,2.1355674488727714
1.0,3.0,1.0,5.0,5.0,5.0,2.241425204874429
1.0,3.0,2.0,1.0,1.0,1.0,1.1276467584695398
1.0,3.0,2.0,1.0,1.0,2.0,1.1568117133233484
1.0,3.0,2.0,1.0,1.0,3.0,1.3463533025112655
1.0,3.0,2.0,1.0,2.0,1.0,1.1276405640810625
1.0,3.0,2.0,1.0,2.0,2.0,1.3206040388554232
1.0,3.0,2.0,1.0,2.0,3.0,1.421896342908738
1.0,3.0,2.0,1.0,3.0,1.0,1.2019174152799996
1.0,3.0,2.0,1.0,3.0,2.0,1.3360215890498521
1.0,3.0,2.0,1.0,3.0,3.0,1.473773076031319
1.0,3.0,2.0,1.0,3.0,4.0,1.671695279122585
1.0,3.0,2.0,1.0,4.0,1.0,1.3635333250702417
1.0,3.0,2.0,1.0,4.0,2.0,1.4939340610334575
1.0,3.0,2.0,1.0,4.0,3.0,1.654596091768571
1.0,3.0,2.0,2.0,1.0,1.0,1.1753092218195114
1.0,3.0,2.0,2.0,1.0,2.0,1.2460217049030888
1.0,3.0,2.0,2.0,1.0,3.0,1.3642891040949077
1.0,3.0,2.0,2.0,2.0,1.0,1.2714192884307214
1.0,3.0,2.0,2.0,2.0,2.0,1.3206037743105037
1.0,3.0,2.0,2.0,2.0,3.0,1.4218960350786485
1.0,3.0,2.0,2.0,2.0,4.0,1.7006446046945474
1.0,3.0,2.0,2.0,3.0,1.0,1.2714185254079142
1.0,3.0,2.0,2.0,3.0,2.0,1.5153634357932473
1.0,3.0,2.0,2.0,3.0,3.0,1.6576823534787093
1.0,3.0,2.0,2.0,4.0,1.0,1.4881785071536633
1.0,3.0,2.0,2.0,4.0,2.0,1.5686414225054734
1.0,3.0,2.0,2.0,4.0,3.0,1.8556740583732236
1.0,3.0,2.0,2.0,4.0,4.0,2.0014368057245213
1.0,3.0,2.0,2.0,5.0,5.0,2.327836546981849
1.0,3.0,2.0,3.0,1.0,1.0,1.1753085552485756
1.0,3.0,2.0,3.0,1.0,2.0,1.4661971948029613
1.0,3.0,2.0,3.0,1.0,3.0,1.5510166939311507
1.0,3.0,2.0,3.0,2.0,1.0,1.3592504858549197
1.0,3.0,2.0,3.0,2.0,2.0,1.5381926728401734
1.0,3.0,2.0,3.0,2.0,3.0,1.570342566889951
1.0,3.0,2.0,3.0,2.0,4.0,1.7817095063829862
1.0,3.0,2.0,3.0,3.0,1.0,1.3900318068769764
1.0,3.0,2.0,3.0,3.0,2.0,1.5381927705439902
1.0,3.0,2.0,3.0,3.0,3.0,1.8014213770846004
1.0,3.0,2.0,3.0,3.0,4.0,1.9970633742061898
1.0,3.0,2.0,3.0,4.0,1.0,1.6141510310131366
1.0,3.0,2.0,3.0,4.0,2.0,1.7835999186646185
1.0,3.0,2.0,3.0,4.0,3.0,1.8556737925778055
1.0,3.0,2.0,3.0,4.0,4.0,2.0899402684922146
1.0,3.0,2.0,3.0,5.0,3.0,2.0850136839720603
1.0,3.0,2.0,3.0,5.0,4.0,2.323047499927994
1.0,3.0,2.0,4.0,1.0,2.0,1.4661964963117426
1.0,3.0,2.0,4.0,1.0,3.0,1.812966897873076
1.0,3.0,2.0,4.0,1.0,4.0,1.8924390888078952
1.0,3.0,2.0,4.0,2.0,1.0,1.4466745177114726
1.0,3.0,2.0,4.0,2.0,2.0,1.5870832245234954
1.0,3.0,2.0,4.0,2.0,3.0,1.812966739551319
1.0,3.0,2.0,4.0,3.0,2.0,1.8352846453890943
1.0,3.0,2.0,4.0,3.0,3.0,1.97777542348721
1.0,3.0,2.0,4.0,3.0,4.0,2.096794403624915
1.0,3.0,2.0,4.0,3.0,5.0,2.300590308390705
1.0,3.0,2.0,4.0,4.0,1.0,1.7201918688584725
1.0,3.0,2.0,4.0,4.0,2.0,2.0146217116307064
1.0,3.0,2.0,4.0,4.0,3.0,2.0640655899308906
1.0,3.0,2.0,4.0,4.0,4.0,2.257181972163757
1.0,3.0,2.0,5.0,1.0,3.0,1.8290308868561487
1.0,3.0,2.0,5.0,2.0,5.0,2.19313775573774
1.0,3.0,2.0,5.0,3.0,3.0,2.0592072106526915
1.0,3.0,2.0,5.0,3.0,4.0,2.2298060638065667
1.0,3.0,2.0,5.0,4.0,3.0,2.174643246470609
1.0,3.0,2.0,5.0,4.0,4.0,2.2577208805276996
1.0,3.0,2.0,5.0,4.0,5.0,2.300589977139521
1.0,3.0,2.0,5.0,5.0,4.0,2.379719871052214
1.0,3.0,2.0,5.0,5.0,5.0,2.7097365520365675
1.0,3.0,3.0,1.0,1.0,1.0,1.138899753435716
1.0,3.0,3.0,1.0,1.0,2.0,1.2837482639088336
1.0,3.0,3.0,1.0,1.0,3.0,1.4882744348647592
1.0,3.0,3.0,1.0,2.0,1.0,1.2677323926902824
1.0,3.0,3.0,1.0,2.0,2.0,1.4290469830790986
1.0,3.0,3.0,1.0,3.0,1.0,1.3014210733616445
1.0,3.0,3.0,1.0,3.0,2.0,1.5658630531614715
1.0,3.0,3.0,1.0,3.0,3.0,1.6366053363923567
1.0,3.0,3.0,1.0,3.0,4.0,2.0284090951478246
1.0,3.0,3.0,1.0,4.0,1.0,1.4954419137482624
1.0,3.0,3.0,1.0,4.0,2.0,1.7088415501089518
1.0,3.0,3.0,1.0,5.0,3.0,2.092992290816621
1.0,3.0,3.0,2.0,1.0,1.0,1.2936280259070925
1.0,3.0,3.0,2.0,1.0,2.0,1.546409601025284
1.0,3.0,3.0,2.0,1.0,3.0,1.546409546235582
1.0,3.0,3.0,2.0,2.0,1.0,1.489209832078693
1.0,3.0,3.0,2.0,2.0,2.0,1.5962092444975076
1.0,3.0,3.0,2.0,2.0,3.0,1.6834543880620718
1.0,3.0,3.0,2.0,3.0,1.0,1.5502433007786751
1.0,3.0,3.0,2.0,3.0,2.0,1.6449769209665441
1.0,3.0,3.0,2.0,3.0,3.0,1.8690847238479615
1.0,3.0,3.0,2.0,4.0,3.0,2.0702446525127307
1.0,3.0,3.0,2.0,4.0,4.0,2.3267157270477314
1.0,3.0,3.0,2.0,5.0,3.0,2.208662425223567
1.0,3.0,3.0,3.0,1.0,1.0,1.3873890731893515
1.0,3.0,3.0,3.0,1.0,2.0,1.5981664163842735
1.0,3.0,3.0,3.0,1.0,3.0,1.5981671703431424
1.0,3.0,3.0,3.0,2.0,1.0,1.5071860407488653
1.0,3.0,3.0,3.0,2.0,2.0,1.5981656253287575
1.0,3.0,3.0,3.0,2.0,3.0,1.8370639685809367
1.0,3.0,3.0,3.0,3.0,1.0,1.550242945727311
1.0,3.0,3.0,3.0,3.0,2.0,1.6942012844480798
1.0,3.0,3.0,3.0,3.0,3.0,1.9393852219025138
1.0,3.0,3.0,3.0,3.0,4.0,2.3145488713119673
1.0,3.0,3.0,3.0,3.0,5.0,2.3231152467881784
1.0,3.0,3.0,3.0,4.0,1.0,1.7274552071460465
1.0,3.0,3.0,3.0,4.0,2.0,1.9068699626594154
1.0,3.0,3.0,3.0,4.0,3.0,2.0702443794727063
1.0,3.0,3.0,3.0,4.0,4.0,2.4003970347792154
1.0,3.0,3.0,3.0,5.0,3.0,2.2910354996669
1.0,3.0,3.0,3.0,5.0,4.0,2.4516975201348776
1.0,3.0,3.0,4.0,1.0,1.0,1.3873887299481653
1.0,3.0,3.0,4.0,1.0,2.0,1.656879620468001
1.0,3.0,3.0,4.0,1.0,3.0,1.8787514580915827
1.0,3.0,3.0,4.0,1.0,4.0,2.1324310248816154
1.0,3.0,3.0,4.0,2.0,1.0,1.716185848846953
1.0,3.0,3.0,4.0,2.0,3.0,1.9504999293314775
1.0,3.0,3.0,4.0,2.0,4.0,2.3009070513219125
1.0,3.0,3.0,4.0,3.0,3.0,2.026440157449485
1.0,3.0,3.0,4.0,3.0,4.0,2.314548571739365
1.0,3.0,3.0,4.0,4.0,2.0,2.1030077325337704
1.0,3.0,3.0,4.0,4.0,3.0,2.2725739048927087
1.0,3.0,3.0,4.0,4.0,4.0,2.4033464130059734
1.0,3.0,3.0,4.0,4.0,5.0,2.7461424730488586
1.0,3.0,3.0,4.0,5.0,3.0,2.3242903913111266
1.0,3.0,3.0,4.0,5.0,4.0,2.564295530929339
1.0,3.0,3.0,5.0,1.0,5.0,2.278610672474054
1.0,3.0,3.0,5.0,3.0,3.0,2.253777865035097
1.0,3.0,3.0,5.0,3.0,4.0,2.5642910284241487
1.0,3.0,3.0,5.0,3.0,5.0,2.6714279713932676
1.0,3.0,3.0,5.0,4.0,3.0,2.3526871140763883
1.0,3.0,3.0,5.0,4.0,4.0,2.5642917088612744
1.0,3.0,3.0,5.0,4.0,5.0,2.894327637575415
1.0,3.0,3.0,5.0,5.0,3.0,2.56429457638718
1.0,3.0,3.0,5.0,5.0,4.0,2.564294754625737
1.0,3.0,3.0,5.0,5.0,5.0,2.917587430974254
1.0,3.0,4.0,1.0,1.0,1.0,1.3308229140191108
1.0,3.0,4.0,1.0,1.0,2.0,1.6410059512064565
1.0,3.0,4.0,1.0,3.0,1.0,1.6134348347278216
1.0,3.0,4.0,1.0,3.0,3.0,2.0644186989931685
1.0,3.0,4.0,2.0,1.0,1.0,1.4854435553177208
1.0,3.0,4.0,2.0,2.0,2.0,1.7868572071365103
1.0,3.0,4.0,2.0,3.0,2.0,2.0229047867493772
1.0,3.0,4.0,2.0,3.0,3.0,2.2640105645978568
1.0,3.0,4.0,2.0,3.0,4.0,2.384407632597151
1.0,3.0,4.0,2.0,4.0,5.0,2.6858213895437184
1.0,3.0,4.0,3.0,1.0,1.0,1.601450149123452
1.0,3.0,4.0,3.0,1.0,2.0,1.8975867187974174
1.0,3.0,4.0,3.0,2.0,5.0,2.5578307288398534
1.0,3.0,4.0,3.0,3.0,2.0,2.0248629036248134
1.0,3.0,4.0,3.0,3.0,3.0,2.264009972623216
1.0,3.0,4.0,3.0,4.0,3.0,2.442998533878873
1.0,3.0,4.0,3.0,4.0,4.0,2.534173167421081
1.0,3.0,4.0,3.0,5.0,4.0,2.923750620158882
1.0,3.0,4.0,4.0,3.0,3.0,2.5341724416228324
1.0,3.0,4.0,4.0,4.0,4.0,2.534172657512139
1.0,3.0,4.0,4.0,5.0,4.0,2.9237502855264146
1.0,3.0,4.0,5.0,1.0,1.0,1.8745766460605946
1.0,3.0,4.0,5.0,1.0,4.0,2.4884296482858064
1.0,3.0,4.0,5.0,2.0,4.0,2.4937067155043975
1.0,3.0,4.0,5.0,3.0,5.0,2.91184229281161
1.0,3.0,4.0,5.0,5.0,4.0,2.976425619062693
1.0,3.0,4.0,5.0,5.0,5.0,3.060511860860207
1.0,3.0,5.0,2.0,3.0,2.0,2.148848135736795
1.0,3.0,5.0,2.0,4.0,3.0,2.566983865123229
1.0,3.0,5.0,4.0,2.0,4.0,2.61769202143153
1.0,3.0,5.0,5.0,3.0,3.0,2.6762828943536845
1.0,3.0,5.0,5.0,4.0,4.0,3.211140410274257
1.0,3.0,5.0,5.0,4.0,5.0,3.3317903874373416
1.0,3.0,5.0,5.0,5.0,4.0,3.33178823247576
1.0,3.0,5.0,5.0,5.0,5.0,3.33178950242145
1.0,4.0,1.0,1.0,1.0,1.0,1.1040830191610058
1.0,4.0,1.0,1.0,1.0,2.0,1.1073326289111016
1.0,4.0,1.0,1.0,1.0,3.0,1.107329283748052
1.0,4.0,1.0,1.0,1.0,4.0,1.2552922618624638
1.0,4.0,1.0,1.0,2.0,1.0,1.1074840435878746
1.0,4.0,1.0,1.0,2.0,2.0,1.1467403605597029
1.0,4.0,1.0,1.0,2.0,3.0,1.2964835614554644
1.0,4.0,1.0,1.0,2.0,4.0,1.5520166997987523
1.0,4.0,1.0,1.0,3.0,1.0,1.1074761071134547
1.0,4.0,1.0,1.0,3.0,2.0,1.1467401643567543
1.0,4.0,1.0,1.0,3.0,3.0,1.3233668808769412
1.0,4.0,1.0,1.0,4.0,1.0,1.1479578151957146
1.0,4.0,1.0,1.0,4.0,2.0,1.3672915554348688
1.0,4.0,1.0,1.0,4.0,3.0,1.5340288831260755
1.0,4.0,1.0,1.0,4.0,4.0,1.5983348864402298
1.0,4.0,1.0,2.0,1.0,1.0,1.1074335322296198
1.0,4.0,1.0,2.0,1.0,2.0,1.1922268740554394
1.0,4.0,1.0,2.0,1.0,3.0,1.28212943423447
1.0,4.0,1.0,2.0,1.0,4.0,1.3740375205996518
1.0,4.0,1.0,2.0,2.0,1.0,1.1075264882568354
1.0,4.0,1.0,2.0,2.0,2.0,1.2231965579838802
1.0,4.0,1.0,2.0,2.0,3.0,1.3491086983406677
1.0,4.0,1.0,2.0,2.0,4.0,1.5520163674938443
1.0,4.0,1.0,2.0,3.0,1.0,1.1605337044924842
1.0,4.0,1.0,2.0,3.0,2.0,1.3010003822761067
1.0,4.0,1.0,2.0,3.0,3.0,1.4554764050157902
1.0,4.0,1.0,2.0,4.0,2.0,1.378466456931557
1.0,4.0,1.0,2.0,4.0,3.0,1.657474999246113
1.0,4.0,1.0,2.0,5.0,3.0,1.7044477334138624
1.0,4.0,1.0,3.0,1.0,1.0,1.10739832769652
1.0,4.0,1.0,3.0,1.0,2.0,1.2121583453601523
1.0,4.0,1.0,3.0,1.0,3.0,1.2821292888120863
1.0,4.0,1.0,3.0,1.0,4.0,1.449819824811106
1.0,4.0,1.0,3.0,2.0,1.0,1.1943625146098034
1.0,4.0,1.0,3.0,2.0,2.0,1.4398990074015863
1.0,4.0,1.0,3.0,2.0,3.0,1.5213973140959203
1.0,4.0,1.0,3.0,2.0,4.0,1.6093045930948124
1.0,4.0,1.0,3.0,3.0,1.0,1.1953622589444646
1.0,4.0,1.0,3.0,3.0,2.0,1.4398989582561303
1.0,4.0,1.0,3.0,3.0,3.0,1.5213978317661478
1.0,4.0,1.0,3.0,3.0,4.0,1.7425804625825185
1.0,4.0,1.0,3.0,4.0,1.0,1.3197981659584563
1.0,4.0,1.0,3.0,4.0,3.0,1.6574746895482584
1.0,4.0,1.0,3.0,4.0,4.0,1.7803439672620769
1.0,4.0,1.0,3.0,5.0,4.0,2.0467276214244907
1.0,4.0,1.0,4.0,1.0,1.0,1.1073680585889005
1.0,4.0,1.0,4.0,1.0,2.0,1.3099306615046358
1.0,4.0,1.0,4.0,1.0,3.0,1.3099309379811221
1.0,4.0,1.0,4.0,1.0,4.0,1.465000224910528
1.0,4.0,1.0,4.0,2.0,1.0,1.263824996339859
1.0,4.0,1.0,4.0,2.0,2.0,1.513780378007628
1.0,4.0,1.0,4.0,2.0,3.0,1.5312888515237661
1.0,4.0,1.0,4.0,2.0,4.0,1.75402252665941
1.0,4.0,1.0,4.0,3.0,1.0,1.3132004189587916
1.0,4.0,1.0,4.0,3.0,2.0,1.5751492440058945
1.0,4.0,1.0,4.0,3.0,3.0,1.5751493636936114
1.0,4.0,1.0,4.0,3.0,4.0,1.7652862610349715
1.0,4.0,1.0,4.0,3.0,5.0,2.143446936126381
1.0,4.0,1.0,4.0,4.0,1.0,1.5387426217055884
1.0,4.0,1.0,4.0,4.0,2.0,1.6000291019945427
1.0,4.0,1.0,4.0,4.0,3.0,1.7803439712153641
1.0,4.0,1.0,4.0,4.0,4.0,1.7803440907233552
1.0,4.0,1.0,4.0,4.0,5.0,2.1637359068363904
1.0,4.0,1.0,4.0,5.0,3.0,1.9582040374799066
1.0,4.0,1.0,4.0,5.0,4.0,2.135568565316218
1.0,4.0,1.0,4.0,5.0,5.0,2.2414289682095037
1.0,4.0,1.0,5.0,1.0,1.0,1.1810742765564002
1.0,4.0,1.0,5.0,1.0,2.0,1.4526437657583744
1.0,4.0,1.0,5.0,1.0,3.0,1.6182556725135173
1.0,4.0,1.0,5.0,1.0,5.0,1.9926130019045019
1.0,4.0,1.0,5.0,2.0,3.0,1.8017636519191689
1.0,4.0,1.0,5.0,3.0,2.0,1.8069333724543144
1.0,4.0,1.0,5.0,3.0,3.0,1.8370069855109075
1.0,4.0,1.0,5.0,3.0,4.0,1.9633168933633753
1.0,4.0,1.0,5.0,4.0,3.0,1.9157366821476065
1.0,4.0,1.0,5.0,4.0,4.0,2.0763987044239323
1.0,4.0,1.0,5.0,4.0,5.0,2.241426045876159
1.0,4.0,1.0,5.0,5.0,4.0,2.1355679515608132
1.0,4.0,1.0,5.0,5.0,5.0,2.241427370286577
1.0,4.0,2.0,1.0,1.0,1.0,1.1276558730893997
1.0,4.0,2.0,1.0,1.0,2.0,1.357072503413927
1.0,4.0,2.0,1.0,2.0,1.0,1.2652927010246227
1.0,4.0,2.0,1.0,2.0,2.0,1.4290475616004943
1.0,4.0,2.0,1.0,2.0,3.0,1.5545903455536394
1.0,4.0,2.0,1.0,3.0,1.0,1.3217992074232299
1.0,4.0,2.0,1.0,3.0,2.0,1.5125549485381597
1.0,4.0,2.0,1.0,3.0,3.0,1.5700804855702652
1.0,4.0,2.0,1.0,3.0,4.0,1.739282231967597
1.0,4.0,2.0,1.0,4.0,1.0,1.3635334920923905
1.0,4.0,2.0,1.0,4.0,2.0,1.5544568059070527
1.0,4.0,2.0,1.0,4.0,3.0,1.7985883541322185
1.0,4.0,2.0,1.0,4.0,4.0,1.95343557142318
1.0,4.0,2.0,1.0,5.0,4.0,2.1000021160805686
1.0,4.0,2.0,2.0,1.0,1.0,1.175309684839071
1.0,4.0,2.0,2.0,1.0,2.0,1.3570722673829012
1.0,4.0,2.0,2.0,2.0,1.0,1.2714198841759632
1.0,4.0,2.0,2.0,2.0,2.0,1.550491412478296
1.0,4.0,2.0,2.0,2.0,3.0,1.6001223293593403
1.0,4.0,2.0,2.0,3.0,1.0,1.382155415385592
1.0,4.0,2.0,2.0,3.0,2.0,1.5504917552223385
1.0,4.0,2.0,2.0,3.0,3.0,1.72808147827804
1.0,4.0,2.0,2.0,3.0,4.0,1.7674789883664492
1.0,4.0,2.0,2.0,3.0,5.0,2.1514253034108384
1.0,4.0,2.0,2.0,4.0,2.0,1.568641591500794
1.0,4.0,2.0,2.0,4.0,3.0,1.9145950030025845
1.0,4.0,2.0,2.0,4.0,4.0,2.001437062420723
1.0,4.0,2.0,2.0,5.0,2.0,1.7404573376208048
1.0,4.0,2.0,3.0,1.0,1.0,1.2325178803374754
1.0,4.0,2.0,3.0,1.0,2.0,1.4661976952216675
1.0,4.0,2.0,3.0,1.0,3.0,1.551016771471311
1.0,4.0,2.0,3.0,1.0,4.0,1.7272975323805113
1.0,4.0,2.0,3.0,2.0,1.0,1.4466767216670633
1.0,4.0,2.0,3.0,2.0,2.0,1.5504907983526484
1.0,4.0,2.0,3.0,2.0,3.0,1.6001221873554683
1.0,4.0,2.0,3.0,2.0,4.0,1.966018419319032
1.0,4.0,2.0,3.0,3.0,1.0,1.6141510952372045
1.0,4.0,2.0,3.0,3.0,2.0,1.6491891186428524
1.0,4.0,2.0,3.0,3.0,3.0,1.9831413165095326
1.0,4.0,2.0,3.0,3.0,4.0,1.9970636088954656
1.0,4.0,2.0,3.0,4.0,1.0,1.6141511557842505
1.0,4.0,2.0,3.0,4.0,2.0,1.8667413116566143
1.0,4.0,2.0,3.0,4.0,3.0,1.9831413917129526
1.0,4.0,2.0,3.0,4.0,4.0,2.206325825761599
1.0,4.0,2.0,3.0,4.0,5.0,2.2727092202941783
1.0,4.0,2.0,4.0,1.0,1.0,1.4466757347049835
1.0,4.0,2.0,4.0,1.0,2.0,1.4844747226062787
1.0,4.0,2.0,4.0,1.0,3.0,1.8221333866307523
1.0,4.0,2.0,4.0,1.0,4.0,1.9642044269405297
1.0,4.0,2.0,4.0,2.0,1.0,1.4466755069322563
1.0,4.0,2.0,4.0,2.0,2.0,1.7755840984489113
1.0,4.0,2.0,4.0,2.0,3.0,1.9278684922364155
1.0,4.0,2.0,4.0,2.0,4.0,2.073451841966963
1.0,4.0,2.0,4.0,3.0,1.0,1.6141506647173571
1.0,4.0,2.0,4.0,3.0,2.0,1.894466553107766
1.0,4.0,2.0,4.0,3.0,3.0,1.9831406458117689
1.0,4.0,2.0,4.0,3.0,4.0,2.0967948526873808
1.0,4.0,2.0,4.0,4.0,3.0,2.1548702498636128
1.0,4.0,2.0,4.0,4.0,4.0,2.2571822885618884
1.0,4.0,2.0,4.0,4.0,5.0,2.504409062958271
1.0,4.0,2.0,4.0,5.0,2.0,2.089192610967142
1.0,4.0,2.0,4.0,5.0,3.0,2.253289249942018
1.0,4.0,2.0,4.0,5.0,4.0,2.4480220179334378
1.0,4.0,2.0,5.0,1.0,4.0,2.076032761721008
1.0,4.0,2.0,5.0,2.0,3.0,2.1211930016119425
1.0,4.0,2.0,5.0,3.0,3.0,2.2573378199372143
1.0,4.0,2.0,5.0,3.0,4.0,2.2865806167797436
1.0,4.0,2.0,5.0,3.0,5.0,2.453788644170326
1.0,4.0,2.0,5.0,4.0,1.0,1.7870638626571533
1.0,4.0,2.0,5.0,4.0,3.0,2.262614912312381
1.0,4.0,2.0,5.0,4.0,4.0,2.500349863284046
1.0,4.0,2.0,5.0,5.0,2.0,2.3105745596097464
1.0,4.0,2.0,5.0,5.0,5.0,2.7640857334380833
1.0,4.0,3.0,1.0,1.0,1.0,1.1388996665625077
1.0,4.0,3.0,1.0,1.0,2.0,1.3764466233031845
1.0,4.0,3.0,1.0,2.0,1.0,1.3441068390064812
1.0,4.0,3.0,1.0,2.0,2.0,1.4290472760354294
1.0,4.0,3.0,1.0,3.0,1.0,1.4579222693053466
1.0,4.0,3.0,1.0,3.0,2.0,1.5658631712939886
1.0,4.0,3.0,1.0,3.0,3.0,1.7044202074077988
1.0,4.0,3.0,1.0,3.0,4.0,2.2127179044425955
1.0,4.0,3.0,1.0,4.0,1.0,1.729340331916655
1.0,4.0,3.0,1.0,4.0,2.0,1.8591655056285772
1.0,4.0,3.0,1.0,4.0,3.0,2.034548172436829
1.0,4.0,3.0,2.0,1.0,1.0,1.4705959563027153
1.0,4.0,3.0,2.0,1.0,2.0,1.5744268688955474
1.0,4.0,3.0,2.0,1.0,3.0,1.915209065063658
1.0,4.0,3.0,2.0,2.0,1.0,1.5964404378664065
1.0,4.0,3.0,2.0,2.0,2.0,1.596440539713223
1.0,4.0,3.0,2.0,3.0,1.0,1.6362678990331643
1.0,4.0,3.0,2.0,3.0,2.0,1.9238880018376217
1.0,4.0,3.0,2.0,3.0,3.0,2.027016214494063
1.0,4.0,3.0,2.0,3.0,4.0,2.304157022738786
1.0,4.0,3.0,2.0,4.0,2.0,1.977767477674204
1.0,4.0,3.0,2.0,4.0,3.0,2.1999024090807424
1.0,4.0,3.0,2.0,4.0,4.0,2.326716011192902
1.0,4.0,3.0,2.0,5.0,2.0,2.208662681870566
1.0,4.0,3.0,2.0,5.0,4.0,2.326716176066821
1.0,4.0,3.0,3.0,1.0,1.0,1.4705956242510938
1.0,4.0,3.0,3.0,1.0,2.0,1.6825638173783266
1.0,4.0,3.0,3.0,1.0,3.0,1.9241395890081916
1.0,4.0,3.0,3.0,2.0,1.0,1.5979700996651243
1.0,4.0,3.0,3.0,2.0,2.0,1.7366790083244417
1.0,4.0,3.0,3.0,2.0,3.0,1.9241396495444776
1.0,4.0,3.0,3.0,2.0,4.0,2.1844780139073006
1.0,4.0,3.0,3.0,3.0,1.0,1.6362675954920445
1.0,4.0,3.0,3.0,3.0,2.0,1.9238876011164492
1.0,4.0,3.0,3.0,3.0,3.0,2.0270159370262286
1.0,4.0,3.0,3.0,3.0,4.0,2.3145491753624126
1.0,4.0,3.0,3.0,4.0,1.0,1.816464965517415
1.0,4.0,3.0,3.0,4.0,3.0,2.2725753920533363
1.0,4.0,3.0,3.0,4.0,4.0,2.400397755403387
1.0,4.0,3.0,3.0,5.0,2.0,2.213177981872715
1.0,4.0,3.0,3.0,5.0,4.0,2.564297425817959
1.0,4.0,3.0,3.0,5.0,5.0,2.8076654262306375
1.0,4.0,3.0,4.0,1.0,1.0,1.488082133340293
1.0,4.0,3.0,4.0,1.0,2.0,1.7532660321917195
1.0,4.0,3.0,4.0,1.0,3.0,1.9662061172392682
1.0,4.0,3.0,4.0,1.0,4.0,2.179111919927218
1.0,4.0,3.0,4.0,2.0,1.0,1.7837727135805295
1.0,4.0,3.0,4.0,2.0,2.0,1.9662048714891132
1.0,4.0,3.0,4.0,2.0,3.0,1.9662053350799384
1.0,4.0,3.0,4.0,2.0,5.0,2.5886250740495518
1.0,4.0,3.0,4.0,3.0,1.0,1.970244390936081
1.0,4.0,3.0,4.0,3.0,2.0,1.9846992085373731
1.0,4.0,3.0,4.0,3.0,3.0,2.265916674417377
1.0,4.0,3.0,4.0,3.0,4.0,2.3145488419649016
1.0,4.0,3.0,4.0,3.0,5.0,2.6714299457548334
1.0,4.0,3.0,4.0,4.0,1.0,1.9702443716302322
1.0,4.0,3.0,4.0,4.0,2.0,2.103007924741251
1.0,4.0,3.0,4.0,4.0,3.0,2.272574578901534
1.0,4.0,3.0,4.0,4.0,4.0,2.403348385224071
1.0,4.0,3.0,4.0,4.0,5.0,2.746143670196347
1.0,4.0,3.0,4.0,5.0,4.0,2.564296106308557
1.0,4.0,3.0,4.0,5.0,5.0,2.8836159431868844
1.0,4.0,3.0,5.0,1.0,3.0,2.048070670800838
1.0,4.0,3.0,5.0,1.0,4.0,2.3230157333536345
1.0,4.0,3.0,5.0,2.0,4.0,2.384563133292063
1.0,4.0,3.0,5.0,2.0,5.0,2.5886243426885915
1.0,4.0,3.0,5.0,3.0,1.0,2.0217785616681927
1.0,4.0,3.0,5.0,3.0,4.0,2.564292924421872
1.0,4.0,3.0,5.0,3.0,5.0,2.6714287610704956
1.0,4.0,3.0,5.0,4.0,3.0,2.50260685489051
1.0,4.0,3.0,5.0,4.0,4.0,2.5642930394490735
1.0,4.0,3.0,5.0,4.0,5.0,2.894328090850753
1.0,4.0,3.0,5.0,5.0,1.0,2.1490544290833444
1.0,4.0,3.0,5.0,5.0,2.0,2.5373454600224834
1.0,4.0,3.0,5.0,5.0,4.0,2.564294613828194
1.0,4.0,3.0,5.0,5.0,5.0,2.917588127287022
1.0,4.0,4.0,1.0,1.0,1.0,1.4370237977353608
1.0,4.0,4.0,1.0,1.0,2.0,1.6410061123926203
1.0,4.0,4.0,1.0,2.0,1.0,1.6757446914233594
1.0,4.0,4.0,1.0,2.0,2.0,1.7384375510871677
1.0,4.0,4.0,1.0,3.0,1.0,1.6810218088623765
1.0,4.0,4.0,1.0,3.0,2.0,1.860436566114374
1.0,4.0,4.0,1.0,3.0,3.0,2.064418860171084
1.0,4.0,4.0,2.0,2.0,2.0,1.971166111373079
1.0,4.0,4.0,2.0,3.0,3.0,2.264011078424267
1.0,4.0,4.0,3.0,1.0,3.0,2.098568804234572
1.0,4.0,4.0,3.0,1.0,4.0,2.262392517044631
1.0,4.0,4.0,3.0,2.0,3.0,2.266587505274466
1.0,4.0,4.0,3.0,3.0,1.0,2.1194643509788054
1.0,4.0,4.0,3.0,3.0,2.0,2.1194643754353755
1.0,4.0,4.0,3.0,3.0,3.0,2.534173380772406
1.0,4.0,4.0,3.0,4.0,4.0,2.534173454038332
1.0,4.0,4.0,3.0,5.0,4.0,2.9237507819149875
1.0,4.0,4.0,4.0,1.0,2.0,2.081180405705489
1.0,4.0,4.0,4.0,1.0,4.0,2.2623922801797383
1.0,4.0,4.0,4.0,2.0,1.0,2.0237646021794715
1.0,4.0,4.0,4.0,2.0,2.0,2.2031794294256644
1.0,4.0,4.0,4.0,2.0,3.0,2.49931603101211
1.0,4.0,4.0,4.0,3.0,3.0,2.534172824602814
1.0,4.0,4.0,4.0,3.0,4.0,2.534172708557923
1.0,4.0,4.0,4.0,3.0,5.0,2.983902624221218
1.0,4.0,4.0,4.0,4.0,1.0,2.122454579286087
1.0,4.0,4.0,4.0,4.0,3.0,2.5341729920820333
1.0,4.0,4.0,4.0,4.0,4.0,2.5341732330926194
1.0,4.0,4.0,4.0,4.0,5.0,3.0866205055935083
1.0,4.0,4.0,4.0,5.0,3.0,2.879390735677573
1.0,4.0,4.0,4.0,5.0,4.0,2.923750449398772
1.0,4.0,4.0,4.0,5.0,5.0,3.181431378039
1.0,4.0,4.0,5.0,1.0,1.0,1.874576825451931
1.0,4.0,4.0,5.0,1.0,3.0,2.2598798867067833
1.0,4.0,4.0,5.0,2.0,4.0,2.6815549404695886
1.0,4.0,4.0,5.0,3.0,2.0,2.5579068284286968
1.0,4.0,4.0,5.0,3.0,3.0,2.6205998375040243
1.0,4.0,4.0,5.0,3.0,4.0,2.6815549771115963
1.0,4.0,4.0,5.0,4.0,4.0,2.6815550255006646
1.0,4.0,4.0,5.0,4.0,5.0,3.086620167733368
1.0,4.0,4.0,5.0,5.0,4.0,3.035682722386957
1.0,4.0,4.0,5.0,5.0,5.0,3.181431052193345
1.0,4.0,5.0,1.0,1.0,1.0,1.6887753424555547
1.0,4.0,5.0,1.0,3.0,1.0,1.9210137312291184
1.0,4.0,5.0,1.0,4.0,4.0,2.5812571218773956
1.0,4.0,5.0,2.0,1.0,3.0,2.268573723289676
1.0,4.0,5.0,2.0,4.0,2.0,2.3384341284366594
1.0,4.0,5.0,3.0,3.0,2.0,2.506738219069211
1.0,4.0,5.0,3.0,5.0,5.0,3.3317965466087434
1.0,4.0,5.0,4.0,5.0,4.0,3.165933282758144
1.0,4.0,5.0,4.0,5.0,5.0,3.3317946896773707
1.0,4.0,5.0,5.0,4.0,4.0,3.2541598383173866
1.0,4.0,5.0,5.0,5.0,5.0,3.3317927933379545
1.0,5.0,1.0,1.0,1.0,1.0,1.103448176043339
1.0,5.0,1.0,1.0,1.0,2.0,1.1073457866976995
1.0,5.0,1.0,1.0,1.0,3.0,1.1434644465452561
1.0,5.0,1.0,1.0,1.0,4.0,1.3228793610107614
1.0,5.0,1.0,1.0,1.0,5.0,1.6190158970615287
1.0,5.0,1.0,1.0,2.0,1.0,1.1075389292634643
1.0,5.0,1.0,1.0,2.0,2.0,1.1467407717660685
1.0,5.0,1.0,1.0,2.0,3.0,1.296483680121123
1.0,5.0,1.0,1.0,2.0,4.0,1.5882680908706908
1.0,5.0,1.0,1.0,3.0,1.0,1.132098346077479
1.0,5.0,1.0,1.0,3.0,2.0,1.2596512666755078
1.0,5.0,1.0,1.0,3.0,3.0,1.4087626439663854
1.0,5.0,1.0,1.0,3.0,4.0,1.5882681479759109
1.0,5.0,1.0,1.0,4.0,1.0,1.1506319677279973
1.0,5.0,1.0,1.0,4.0,3.0,1.5340290444781826
1.0,5.0,1.0,1.0,5.0,1.0,1.4800333493251265
1.0,5.0,1.0,1.0,5.0,3.0,1.565459685848521
1.0,5.0,1.0,1.0,5.0,5.0,1.9902900160888106
1.0,5.0,1.0,2.0,1.0,1.0,1.1075176977850452
1.0,5.0,1.0,2.0,1.0,2.0,1.1922270596204385
1.0,5.0,1.0,2.0,1.0,3.0,1.2821294675549066
1.0,5.0,1.0,2.0,2.0,1.0,1.1075592367760507
1.0,5.0,1.0,2.0,2.0,2.0,1.2231972447185442
1.0,5.0,1.0,2.0,2.0,3.0,1.3689870744215473
1.0,5.0,1.0,2.0,3.0,1.0,1.160534120384696
1.0,5.0,1.0,2.0,3.0,2.0,1.3010004083787812
1.0,5.0,1.0,2.0,3.0,3.0,1.502366287122681
1.0,5.0,1.0,2.0,3.0,4.0,1.682883905396628
1.0,5.0,1.0,2.0,4.0,1.0,1.2387695617594814
1.0,5.0,1.0,2.0,4.0,4.0,1.8252774881795246
1.0,5.0,1.0,2.0,5.0,1.0,1.480032973890792
1.0,5.0,1.0,2.0,5.0,2.0,1.5086789783467753
1.0,5.0,1.0,2.0,5.0,3.0,1.7738628569199522
1.0,5.0,1.0,2.0,5.0,5.0,2.1062966761260093
1.0,5.0,1.0,3.0,1.0,1.0,1.2121581483945105
1.0,5.0,1.0,3.0,1.0,2.0,1.2121583119510495
1.0,5.0,1.0,3.0,1.0,3.0,1.2821293478654177
1.0,5.0,1.0,3.0,1.0,5.0,1.9090327014215
1.0,5.0,1.0,3.0,2.0,1.0,1.2349641736092993
1.0,5.0,1.0,3.0,2.0,2.0,1.439899088528637
1.0,5.0,1.0,3.0,2.0,3.0,1.521397308828913
1.0,5.0,1.0,3.0,3.0,1.0,1.271918930351177
1.0,5.0,1.0,3.0,3.0,2.0,1.439899029459807
1.0,5.0,1.0,3.0,3.0,3.0,1.521397670113535
1.0,5.0,1.0,3.0,3.0,4.0,1.8369537469376305
1.0,5.0,1.0,3.0,3.0,5.0,1.9805733674914696
1.0,5.0,1.0,3.0,4.0,1.0,1.3826452787856698
1.0,5.0,1.0,3.0,4.0,2.0,1.562060010836341
1.0,5.0,1.0,3.0,4.0,3.0,1.7904044556027685
1.0,5.0,1.0,3.0,4.0,4.0,2.033680634992888
1.0,5.0,1.0,3.0,5.0,1.0,1.503765866668938
1.0,5.0,1.0,4.0,1.0,1.0,1.2121575640836495
1.0,5.0,1.0,4.0,1.0,2.0,1.3120697037111748
1.0,5.0,1.0,4.0,1.0,3.0,1.491484431184833
1.0,5.0,1.0,4.0,1.0,5.0,1.9090323687782564
1.0,5.0,1.0,4.0,2.0,1.0,1.263825085422741
1.0,5.0,1.0,4.0,2.0,2.0,1.5137805036385887
1.0,5.0,1.0,4.0,2.0,3.0,1.6134834522451618
1.0,5.0,1.0,4.0,2.0,4.0,2.0515890472408964
1.0,5.0,1.0,4.0,3.0,1.0,1.3766531814839027
1.0,5.0,1.0,4.0,3.0,2.0,1.6712019566203442
1.0,5.0,1.0,4.0,3.0,3.0,1.690915292362001
1.0,5.0,1.0,4.0,3.0,4.0,2.0515889956205866
1.0,5.0,1.0,4.0,4.0,1.0,1.6150163411590495
1.0,5.0,1.0,4.0,4.0,3.0,1.9582046486198252
1.0,5.0,1.0,4.0,4.0,4.0,2.051589358502577
1.0,5.0,1.0,4.0,4.0,5.0,2.241431011788957
1.0,5.0,1.0,4.0,5.0,2.0,1.9582045992812716
1.0,5.0,1.0,4.0,5.0,3.0,1.9582045202885017
1.0,5.0,1.0,4.0,5.0,5.0,2.241430196437268
1.0,5.0,1.0,5.0,1.0,1.0,1.2706213272532119
1.0,5.0,1.0,5.0,1.0,2.0,1.452643924583547
1.0,5.0,1.0,5.0,1.0,3.0,1.618255895790786
1.0,5.0,1.0,5.0,1.0,4.0,1.7046573394591933
1.0,5.0,1.0,5.0,1.0,5.0,1.9926132801069527
1.0,5.0,1.0,5.0,2.0,2.0,1.7835190899413544
1.0,5.0,1.0,5.0,2.0,3.0,1.8622864260103633
1.0,5.0,1.0,5.0,2.0,5.0,2.1662355674778224
1.0,5.0,1.0,5.0,3.0,2.0,1.8069336255424961
1.0,5.0,1.0,5.0,3.0,3.0,1.9582040903789708
1.0,5.0,1.0,5.0,3.0,4.0,2.0515883944937436
1.0,5.0,1.0,5.0,4.0,1.0,1.6150160096524886
1.0,5.0,1.0,5.0,4.0,2.0,1.8069337766228049
1.0,5.0,1.0,5.0,4.0,3.0,1.9582042958208392
1.0,5.0,1.0,5.0,4.0,4.0,2.1369214624139197
1.0,5.0,1.0,5.0,5.0,1.0,1.7185056144019653
1.0,5.0,1.0,5.0,5.0,2.0,1.9582043395696729
1.0,5.0,1.0,5.0,5.0,3.0,1.9582043919952208
1.0,5.0,1.0,5.0,5.0,4.0,2.2414298305087312
1.0,5.0,1.0,5.0,5.0,5.0,2.241429676188586
1.0,5.0,2.0,1.0,1.0,1.0,1.164099516928117
1.0,5.0,2.0,1.0,1.0,2.0,1.400438248422885
1.0,5.0,2.0,1.0,1.0,3.0,1.4998401150345355
1.0,5.0,2.0,1.0,2.0,1.0,1.2652927935857095
1.0,5.0,2.0,1.0,2.0,2.0,1.5125550034898831
1.0,5.0,2.0,1.0,2.0,3.0,1.5700805982977486
1.0,5.0,2.0,1.0,2.0,5.0,1.8642848658995699
1.0,5.0,2.0,1.0,3.0,1.0,1.3718578902228526
1.0,5.0,2.0,1.0,3.0,2.0,1.5125550158652767
1.0,5.0,2.0,1.0,3.0,3.0,1.5700806093624995
1.0,5.0,2.0,1.0,4.0,1.0,1.5588393931413733
1.0,5.0,2.0,1.0,4.0,4.0,1.9534357328514136
1.0,5.0,2.0,1.0,5.0,1.0,1.6293447929597586
1.0,5.0,2.0,1.0,5.0,3.0,2.0987744172265335
1.0,5.0,2.0,1.0,5.0,5.0,2.3470038267581743
1.0,5.0,2.0,2.0,1.0,1.0,1.2767962664385148
1.0,5.0,2.0,2.0,1.0,2.0,1.4004377986773033
1.0,5.0,2.0,2.0,1.0,3.0,1.4998398804570812
1.0,5.0,2.0,2.0,1.0,4.0,1.7955997105095407
1.0,5.0,2.0,2.0,2.0,1.0,1.3821559806787007
1.0,5.0,2.0,2.0,2.0,2.0,1.5739647179562437
1.0,5.0,2.0,2.0,2.0,3.0,1.7193721147084589
1.0,5.0,2.0,2.0,3.0,1.0,1.3821556824111596
1.0,5.0,2.0,2.0,3.0,2.0,1.806521900227487
1.0,5.0,2.0,2.0,3.0,3.0,2.0270172296365225
1.0,5.0,2.0,2.0,3.0,4.0,2.027017517433053
1.0,5.0,2.0,2.0,4.0,2.0,1.8257455618313876
1.0,5.0,2.0,2.0,4.0,3.0,2.0838638505796925
1.0,5.0,2.0,2.0,4.0,5.0,2.518732855467922
1.0,5.0,2.0,2.0,5.0,2.0,1.8257454916235283
1.0,5.0,2.0,2.0,5.0,3.0,2.098774112803282
1.0,5.0,2.0,2.0,5.0,5.0,2.518732856018122
1.0,5.0,2.0,3.0,1.0,1.0,1.2767958847070493
1.0,5.0,2.0,3.0,1.0,2.0,1.5427887555970372
1.0,5.0,2.0,3.0,1.0,3.0,1.6287486121067627
1.0,5.0,2.0,3.0,1.0,4.0,1.8163240221391515
1.0,5.0,2.0,3.0,2.0,1.0,1.4466774767123673
1.0,5.0,2.0,3.0,2.0,2.0,1.6726732896165153
1.0,5.0,2.0,3.0,2.0,3.0,1.7193719885428103
1.0,5.0,2.0,3.0,2.0,4.0,2.02701724665973
1.0,5.0,2.0,3.0,3.0,1.0,1.6577880791775899
1.0,5.0,2.0,3.0,3.0,2.0,1.8065214339474993
1.0,5.0,2.0,3.0,3.0,3.0,2.027016705356012
1.0,5.0,2.0,3.0,3.0,4.0,2.027017199036657
1.0,5.0,2.0,3.0,4.0,1.0,1.6577883219359488
1.0,5.0,2.0,3.0,4.0,2.0,1.9341473265506433
1.0,5.0,2.0,3.0,4.0,3.0,2.083863597529353
1.0,5.0,2.0,3.0,4.0,4.0,2.275480455449492
1.0,5.0,2.0,3.0,5.0,4.0,2.516324230296449
1.0,5.0,2.0,3.0,5.0,5.0,2.601750191131456
1.0,5.0,2.0,4.0,1.0,2.0,1.6684260313202286
1.0,5.0,2.0,4.0,1.0,3.0,1.9662068854322134
1.0,5.0,2.0,4.0,1.0,4.0,2.0247271864130427
1.0,5.0,2.0,4.0,2.0,3.0,1.9662070710984965
1.0,5.0,2.0,4.0,2.0,4.0,2.197260838273663
1.0,5.0,2.0,4.0,2.0,5.0,2.2123049375603596
1.0,5.0,2.0,4.0,3.0,1.0,1.6577876176242103
1.0,5.0,2.0,4.0,3.0,2.0,1.912781482589091
1.0,5.0,2.0,4.0,3.0,3.0,2.0270159304372086
1.0,5.0,2.0,4.0,3.0,4.0,2.220206044129299
1.0,5.0,2.0,4.0,3.0,5.0,2.4510258130074902
1.0,5.0,2.0,4.0,4.0,3.0,2.2532896880168
1.0,5.0,2.0,4.0,4.0,4.0,2.2754803039111207
1.0,5.0,2.0,4.0,5.0,1.0,1.860642833489755
1.0,5.0,2.0,4.0,5.0,2.0,2.2449146616338447
1.0,5.0,2.0,4.0,5.0,3.0,2.25328950464995
1.0,5.0,2.0,4.0,5.0,5.0,2.622378875377128
1.0,5.0,2.0,5.0,1.0,1.0,1.5421005432504389
1.0,5.0,2.0,5.0,1.0,2.0,1.668425698600635
1.0,5.0,2.0,5.0,1.0,3.0,1.9662063085415915
1.0,5.0,2.0,5.0,1.0,5.0,2.3230179020035138
1.0,5.0,2.0,5.0,2.0,2.0,2.0235110355776698
1.0,5.0,2.0,5.0,2.0,4.0,2.3423777619311394
1.0,5.0,2.0,5.0,2.0,5.0,2.445033431970689
1.0,5.0,2.0,5.0,3.0,2.0,2.0257793234230514
1.0,5.0,2.0,5.0,3.0,4.0,2.38761767560275
1.0,5.0,2.0,5.0,3.0,5.0,2.4537888348190413
1.0,5.0,2.0,5.0,4.0,1.0,2.204816125861124
1.0,5.0,2.0,5.0,4.0,4.0,2.5632354011318847
1.0,5.0,2.0,5.0,4.0,5.0,2.7478862973691935
1.0,5.0,2.0,5.0,5.0,3.0,2.3105747573719055
1.0,5.0,2.0,5.0,5.0,4.0,2.563235428372371
1.0,5.0,2.0,5.0,5.0,5.0,2.7640861257070175
1.0,5.0,3.0,1.0,1.0,1.0,1.3875990749181597
1.0,5.0,3.0,1.0,1.0,2.0,1.4004383390631296
1.0,5.0,3.0,1.0,1.0,5.0,1.9822778686562534
1.0,5.0,3.0,1.0,2.0,1.0,1.3875988868672609
1.0,5.0,3.0,1.0,2.0,2.0,1.5125548406495526
1.0,5.0,3.0,1.0,2.0,4.0,1.9248621208207986
1.0,5.0,3.0,1.0,3.0,1.0,1.4579224757111342
1.0,5.0,3.0,1.0,3.0,2.0,1.7873273502973432
1.0,5.0,3.0,1.0,3.0,3.0,1.9900039756668289
1.0,5.0,3.0,1.0,3.0,5.0,2.3429977365803434
1.0,5.0,3.0,1.0,4.0,1.0,1.7293404624872613
1.0,5.0,3.0,1.0,4.0,3.0,2.1999033721644503
1.0,5.0,3.0,1.0,4.0,5.0,2.5209168000759106
1.0,5.0,3.0,1.0,5.0,1.0,1.9875161325071224
1.0,5.0,3.0,1.0,5.0,2.0,2.0487514879118507
1.0,5.0,3.0,1.0,5.0,3.0,2.20431834698006
1.0,5.0,3.0,2.0,1.0,1.0,1.5798702053639333
1.0,5.0,3.0,2.0,1.0,2.0,1.5876947337456362
1.0,5.0,3.0,2.0,2.0,1.0,1.5967592311614776
1.0,5.0,3.0,2.0,2.0,2.0,1.8781066093982683
1.0,5.0,3.0,2.0,2.0,3.0,1.9781758832067389
1.0,5.0,3.0,2.0,3.0,1.0,1.758101577276927
1.0,5.0,3.0,2.0,3.0,2.0,1.9290427940745283
1.0,5.0,3.0,2.0,3.0,3.0,2.0270166691259304
1.0,5.0,3.0,2.0,3.0,4.0,2.3041571837181345
1.0,5.0,3.0,2.0,4.0,1.0,1.7581015414850936
1.0,5.0,3.0,2.0,4.0,2.0,2.142812062265759
1.0,5.0,3.0,2.0,4.0,3.0,2.199902847162988
1.0,5.0,3.0,2.0,5.0,1.0,2.0957617610313344
1.0,5.0,3.0,2.0,5.0,3.0,2.208662722315619
1.0,5.0,3.0,2.0,5.0,4.0,2.3298626630401156
1.0,5.0,3.0,3.0,1.0,1.0,1.5798699053732843
1.0,5.0,3.0,3.0,1.0,2.0,1.846514665130178
1.0,5.0,3.0,3.0,1.0,3.0,1.9662079748393155
1.0,5.0,3.0,3.0,1.0,5.0,2.3230190246518676
1.0,5.0,3.0,3.0,2.0,1.0,1.618631040349161
1.0,5.0,3.0,3.0,2.0,2.0,1.8781063002973908
1.0,5.0,3.0,3.0,2.0,3.0,1.983307193620854
1.0,5.0,3.0,3.0,2.0,4.0,2.273597299560078
1.0,5.0,3.0,3.0,2.0,5.0,2.3362902130059617
1.0,5.0,3.0,3.0,3.0,2.0,1.9495116999500448
1.0,5.0,3.0,3.0,3.0,3.0,2.027016376554774
1.0,5.0,3.0,3.0,3.0,4.0,2.400399018954084
1.0,5.0,3.0,3.0,4.0,2.0,2.158765770312398
1.0,5.0,3.0,3.0,4.0,3.0,2.4003989189169377
1.0,5.0,3.0,3.0,4.0,4.0,2.4003986401010082
1.0,5.0,3.0,3.0,5.0,3.0,2.4003989542413446
1.0,5.0,3.0,3.0,5.0,4.0,2.657273869921894
1.0,5.0,3.0,3.0,5.0,5.0,2.8076656223040484
1.0,5.0,3.0,4.0,1.0,1.0,1.6531267639934673
1.0,5.0,3.0,4.0,1.0,3.0,1.9662070416821318
1.0,5.0,3.0,4.0,2.0,2.0,2.12776557844386
1.0,5.0,3.0,4.0,2.0,3.0,2.209831742075835
1.0,5.0,3.0,4.0,2.0,4.0,2.3845643115769497
1.0,5.0,3.0,4.0,3.0,1.0,2.090080583523472
1.0,5.0,3.0,4.0,3.0,2.0,2.1277655938842317
1.0,5.0,3.0,4.0,3.0,3.0,2.3938070558689555
1.0,5.0,3.0,4.0,3.0,4.0,2.5764725922192366
1.0,5.0,3.0,4.0,3.0,5.0,2.6714307514602242
1.0,5.0,3.0,4.0,4.0,2.0,2.3914943160598385
1.0,5.0,3.0,4.0,4.0,3.0,2.5565999528999095
1.0,5.0,3.0,4.0,4.0,4.0,2.6572730575783123
1.0,5.0,3.0,4.0,4.0,5.0,2.7461445229385
1.0,5.0,3.0,4.0,5.0,1.0,2.095761107181948
1.0,5.0,3.0,4.0,5.0,3.0,2.564295701427957
1.0,5.0,3.0,4.0,5.0,4.0,2.6572733175907475
1.0,5.0,3.0,4.0,5.0,5.0,2.8836161543702206
1.0,5.0,3.0,5.0,1.0,3.0,2.0480708791965094
1.0,5.0,3.0,5.0,1.0,4.0,2.323016586821204
1.0,5.0,3.0,5.0,1.0,5.0,2.323017857529344
1.0,5.0,3.0,5.0,2.0,2.0,2.1314393737807604
1.0,5.0,3.0,5.0,2.0,3.0,2.209831406913901
1.0,5.0,3.0,5.0,2.0,4.0,2.384563674133219
1.0,5.0,3.0,5.0,2.0,5.0,2.6850253672902173
1.0,5.0,3.0,5.0,3.0,2.0,2.1361649469438477
1.0,5.0,3.0,5.0,3.0,3.0,2.393806668773019
1.0,5.0,3.0,5.0,3.0,4.0,2.5764722332631775
1.0,5.0,3.0,5.0,4.0,1.0,2.3676304407268587
1.0,5.0,3.0,5.0,4.0,3.0,2.564294960515675
1.0,5.0,3.0,5.0,4.0,4.0,2.7227768647323485
1.0,5.0,3.0,5.0,4.0,5.0,2.8943285593322834
1.0,5.0,3.0,5.0,5.0,1.0,2.367630449509782
1.0,5.0,3.0,5.0,5.0,2.0,2.537345628395307
1.0,5.0,3.0,5.0,5.0,3.0,2.5642950638485793
1.0,5.0,3.0,5.0,5.0,4.0,2.7227769554392816
1.0,5.0,3.0,5.0,5.0,5.0,2.9175891410815846
1.0,5.0,4.0,1.0,1.0,2.0,1.8617469000671254
1.0,5.0,4.0,1.0,2.0,2.0,1.8617469015835078
1.0,5.0,4.0,1.0,3.0,2.0,2.044745408666964
1.0,5.0,4.0,1.0,4.0,4.0,2.642295794262436
1.0,5.0,4.0,2.0,3.0,3.0,2.45688869866191
1.0,5.0,4.0,2.0,3.0,4.0,2.6363034824177793
1.0,5.0,4.0,2.0,4.0,3.0,2.4621658021442343
1.0,5.0,4.0,2.0,4.0,4.0,2.758302470535849
1.0,5.0,4.0,2.0,5.0,4.0,2.7635795952197104
1.0,5.0,4.0,3.0,1.0,2.0,2.1491251568881204
1.0,5.0,4.0,3.0,3.0,2.0,2.352353460832478
1.0,5.0,4.0,3.0,3.0,3.0,2.5590994630542716
1.0,5.0,4.0,3.0,4.0,3.0,2.676886635468122
1.0,5.0,4.0,3.0,5.0,1.0,2.224620041006745
1.0,5.0,4.0,3.0,5.0,2.0,2.6374785732109918
1.0,5.0,4.0,3.0,5.0,3.0,2.67688661151182
1.0,5.0,4.0,4.0,1.0,1.0,1.9693525873335171
1.0,5.0,4.0,4.0,1.0,2.0,2.1491248286340197
1.0,5.0,4.0,4.0,1.0,4.0,2.6446972065304926
1.0,5.0,4.0,4.0,1.0,5.0,2.9204554186605862
1.0,5.0,4.0,4.0,2.0,4.0,2.773027726047899
1.0,5.0,4.0,4.0,3.0,3.0,2.572180126112676
1.0,5.0,4.0,4.0,3.0,5.0,2.98901314387223
1.0,5.0,4.0,4.0,4.0,1.0,2.335349581392835
1.0,5.0,4.0,4.0,4.0,3.0,2.773027687191102
1.0,5.0,4.0,4.0,4.0,4.0,2.773027803839144
1.0,5.0,4.0,4.0,4.0,5.0,3.169730540989117
1.0,5.0,4.0,4.0,5.0,3.0,2.939913501685225
1.0,5.0,4.0,4.0,5.0,4.0,2.9960536814451113
1.0,5.0,4.0,4.0,5.0,5.0,3.3204470564421165
1.0,5.0,4.0,5.0,1.0,3.0,2.2932396420972165
1.0,5.0,4.0,5.0,1.0,4.0,2.644696861665783
1.0,5.0,4.0,5.0,3.0,4.0,2.9843234114155153
1.0,5.0,4.0,5.0,3.0,5.0,2.9890128113764214
1.0,5.0,4.0,5.0,4.0,3.0,2.8101857801475414
1.0,5.0,4.0,5.0,4.0,4.0,3.2230443123519175
1.0,5.0,4.0,5.0,4.0,5.0,3.3204463178244032
1.0,5.0,4.0,5.0,5.0,5.0,3.3204466186625794
1.0,5.0,5.0,1.0,1.0,1.0,1.6887755887569436
1.0,5.0,5.0,1.0,2.0,1.0,1.8666016939534469
1.0,5.0,5.0,1.0,2.0,3.0,2.2254312094640825
1.0,5.0,5.0,1.0,5.0,5.0,3.3318002217467977
1.0,5.0,5.0,2.0,2.0,3.0,2.4581597588181356
1.0,5.0,5.0,2.0,4.0,1.0,2.3433282244878306
1.0,5.0,5.0,2.0,5.0,3.0,2.9408786214925704
1.0,5.0,5.0,3.0,3.0,3.0,2.81288727860268
1.0,5.0,5.0,3.0,4.0,3.0,2.9348862869377954
1.0,5.0,5.0,3.0,4.0,4.0,2.997579134672412
1.0,5.0,5.0,3.0,5.0,3.0,3.05688529402455
1.0,5.0,5.0,3.0,5.0,5.0,3.3317976142417365
1.0,5.0,5.0,4.0,4.0,1.0,2.781770765238661
1.0,5.0,5.0,4.0,4.0,2.0,2.7817707961503824
1.0,5.0,5.0,4.0,4.0,4.0,3.165933639724966
1.0,5.0,5.0,4.0,4.0,5.0,3.1762787069761154
1.0,5.0,5.0,4.0,5.0,4.0,3.165933513853633
1.0,5.0,5.0,5.0,1.0,1.0,1.9919386742838738
1.0,5.0,5.0,5.0,1.0,5.0,3.206710434462722
1.0,5.0,5.0,5.0,2.0,5.0,3.2067103536034454
1.0,5.0,5.0,5.0,4.0,4.0,3.254159998877853
1.0,5.0,5.0,5.0,4.0,5.0,3.331792420841643
1.0,5.0,5.0,5.0,5.0,3.0,3.154180465258397
1.0,5.0,5.0,5.0,5.0,5.0,3.3317949980942587
2.0,1.0,1.0,1.0,1.0,1.0,1.1084439463992912
2.0,1.0,1.0,1.0,1.0,2.0,1.1085812396973411
2.0,1.0,1.0,1.0,1.0,3.0,1.2463913053961944
2.0,1.0,1.0,1.0,2.0,1.0,1.1084715079825145
2.0,1.0,1.0,1.0,2.0,2.0,1.2240264684309936
2.0,1.0,1.0,1.0,3.0,1.0,1.1084551855234914
2.0,1.0,1.0,1.0,3.0,2.0,1.310619250078944
2.0,1.0,1.0,1.0,3.0,3.0,1.4630116548671825
2.0,1.0,1.0,1.0,3.0,4.0,1.553087984399709
2.0,1.0,1.0,1.0,4.0,1.0,1.1368400510926564
2.0,1.0,1.0,1.0,5.0,2.0,1.4382357996243063
2.0,1.0,1.0,2.0,1.0,1.0,1.1125619959318809
2.0,1.0,1.0,2.0,1.0,2.0,1.2219761250923864
2.0,1.0,1.0,2.0,2.0,1.0,1.1123869318915782
2.0,1.0,1.0,2.0,2.0,2.0,1.224025673855933
2.0,1.0,1.0,2.0,3.0,1.0,1.130846898250383
2.0,1.0,1.0,2.0,3.0,2.0,1.3106188470927844
2.0,1.0,1.0,2.0,3.0,3.0,1.4630113557719648
2.0,1.0,1.0,2.0,4.0,2.0,1.4322597052963144
2.0,1.0,1.0,2.0,4.0,3.0,1.7283964709972455
2.0,1.0,1.0,3.0,1.0,1.0,1.112702795559863
2.0,1.0,1.0,3.0,1.0,2.0,1.3038035957555363
2.0,1.0,1.0,3.0,1.0,3.0,1.428402321832606
2.0,1.0,1.0,3.0,2.0,1.0,1.194326035665147
2.0,1.0,1.0,3.0,2.0,2.0,1.428595565394836
2.0,1.0,1.0,3.0,2.0,3.0,1.6369537656985884
2.0,1.0,1.0,3.0,2.0,4.0,1.6369537692901133
2.0,1.0,1.0,3.0,3.0,1.0,1.3432529937825204
2.0,1.0,1.0,3.0,3.0,2.0,1.4285953454714118
2.0,1.0,1.0,3.0,3.0,3.0,1.70794807555203
2.0,1.0,1.0,3.0,4.0,3.0,1.9329758896623261
2.0,1.0,1.0,4.0,1.0,1.0,1.2355835996270093
2.0,1.0,1.0,4.0,1.0,2.0,1.3038032170104368
2.0,1.0,1.0,4.0,3.0,3.0,1.7216889586272648
2.0,1.0,1.0,4.0,4.0,2.0,1.7809949545881765
2.0,1.0,1.0,5.0,2.0,1.0,1.3568618822093022
2.0,1.0,1.0,5.0,4.0,4.0,2.2558304094594583
2.0,1.0,1.0,5.0,5.0,1.0,2.073030172585244
2.0,1.0,2.0,1.0,1.0,1.0,1.1276183894647478
2.0,1.0,2.0,1.0,1.0,2.0,1.27488524041821
2.0,1.0,2.0,1.0,1.0,5.0,1.7284935127858065
2.0,1.0,2.0,1.0,2.0,1.0,1.1701245985429687
2.0,1.0,2.0,1.0,2.0,2.0,1.384132460119997
2.0,1.0,2.0,1.0,2.0,3.0,1.4916630681026721
2.0,1.0,2.0,1.0,3.0,1.0,1.2548321476015505
2.0,1.0,2.0,1.0,3.0,2.0,1.4342457678475726
2.0,1.0,2.0,1.0,4.0,2.0,1.6729665692802147
2.0,1.0,2.0,2.0,1.0,1.0,1.12761733774584
2.0,1.0,2.0,2.0,1.0,2.0,1.4346652463441716
2.0,1.0,2.0,2.0,1.0,3.0,1.485670610443272
2.0,1.0,2.0,2.0,2.0,1.0,1.327351755730277
2.0,1.0,2.0,2.0,2.0,2.0,1.4346654213271544
2.0,1.0,2.0,2.0,3.0,1.0,1.487560164090276
2.0,1.0,2.0,2.0,3.0,3.0,1.757923169707742
2.0,1.0,2.0,2.0,4.0,3.0,2.002061528538227
2.0,1.0,2.0,3.0,1.0,1.0,1.1968841822732657
2.0,1.0,2.0,3.0,1.0,2.0,1.4346648554440895
2.0,1.0,2.0,3.0,1.0,3.0,1.7517866754282512
2.0,1.0,2.0,3.0,2.0,1.0,1.5357549011803444
2.0,1.0,2.0,3.0,2.0,2.0,1.6097432688594577
2.0,1.0,2.0,3.0,2.0,3.0,1.751786556625832
2.0,1.0,2.0,3.0,3.0,1.0,1.6573568706211597
2.0,1.0,2.0,3.0,3.0,2.0,1.8602881167996137
2.0,1.0,2.0,3.0,3.0,3.0,1.9663264121994068
2.0,1.0,2.0,3.0,4.0,2.0,1.8602881062643046
2.0,1.0,2.0,4.0,1.0,1.0,1.4755751599418625
2.0,1.0,2.0,4.0,1.0,2.0,1.5382679217091237
2.0,1.0,2.0,4.0,2.0,4.0,2.1358185102365916
2.0,1.0,2.0,4.0,3.0,2.0,1.9569919019728677
2.0,1.0,2.0,4.0,3.0,3.0,2.1186315029492353
2.0,1.0,2.0,4.0,3.0,4.0,2.257817138633758
2.0,1.0,2.0,4.0,4.0,3.0,2.118631508363767
2.0,1.0,2.0,4.0,4.0,4.0,2.444638935534654
2.0,1.0,2.0,5.0,1.0,5.0,2.2769182478835046
2.0,1.0,2.0,5.0,3.0,2.0,1.9569916041828321
2.0,1.0,2.0,5.0,3.0,5.0,2.553238794800154
2.0,1.0,3.0,1.0,1.0,2.0,1.3852707116252503
2.0,1.0,3.0,1.0,2.0,2.0,1.6406072017420812
2.0,1.0,3.0,2.0,1.0,1.0,1.3668319298631981
2.0,1.0,3.0,2.0,1.0,2.0,1.5462466858652135
2.0,1.0,3.0,2.0,2.0,2.0,1.9009749142508505
2.0,1.0,3.0,2.0,2.0,3.0,1.9643821746984897
2.0,1.0,3.0,2.0,3.0,2.0,1.906609093663432
2.0,1.0,3.0,2.0,3.0,3.0,2.0591500606850195
2.0,1.0,3.0,3.0,1.0,3.0,1.9662648321516123
2.0,1.0,3.0,3.0,2.0,2.0,1.9009742324173668
2.0,1.0,3.0,3.0,3.0,2.0,1.9066087528357132
2.0,1.0,3.0,3.0,3.0,3.0,2.2023880238899674
2.0,1.0,3.0,3.0,4.0,2.0,2.1449722184690616
2.0,1.0,3.0,3.0,4.0,3.0,2.2629926095892574
2.0,1.0,3.0,4.0,1.0,4.0,2.1370895342211362
2.0,1.0,3.0,4.0,2.0,2.0,1.900973554250271
2.0,1.0,3.0,4.0,2.0,3.0,2.2861029547643303
2.0,1.0,3.0,4.0,2.0,4.0,2.286102978677952
2.0,1.0,3.0,4.0,3.0,4.0,2.547052568377644
2.0,1.0,3.0,4.0,4.0,2.0,2.2609788789500023
2.0,1.0,3.0,4.0,4.0,3.0,2.557115449011477
2.0,1.0,3.0,5.0,2.0,3.0,2.312402776728305
2.0,1.0,3.0,5.0,5.0,4.0,2.974537117258719
2.0,1.0,3.0,5.0,5.0,5.0,3.0372287564161096
2.0,1.0,4.0,4.0,1.0,4.0,2.6443186248335437
2.0,1.0,4.0,4.0,3.0,4.0,2.8545232557423006
2.0,1.0,5.0,3.0,1.0,2.0,2.375681131883283
2.0,1.0,5.0,5.0,3.0,4.0,3.3272435461838756
2.0,2.0,1.0,1.0,1.0,1.0,1.108779617233636
2.0,2.0,1.0,1.0,1.0,2.0,1.1087377845127238
2.0,2.0,1.0,1.0,2.0,1.0,1.1090181086633135
2.0,2.0,1.0,1.0,2.0,2.0,1.2240270634942858
2.0,2.0,1.0,1.0,3.0,1.0,1.1614572925190862
2.0,2.0,1.0,1.0,3.0,2.0,1.4289442054335957
2.0,2.0,1.0,1.0,3.0,3.0,1.6041790398942164
2.0,2.0,1.0,1.0,4.0,1.0,1.1830586859320797
2.0,2.0,1.0,2.0,1.0,1.0,1.1729852467819621
2.0,2.0,1.0,2.0,1.0,2.0,1.230765229501742
2.0,2.0,1.0,2.0,2.0,1.0,1.172985617927641
2.0,2.0,1.0,2.0,2.0,2.0,1.2307652160479081
2.0,2.0,1.0,2.0,2.0,3.0,1.4352646452248048
2.0,2.0,1.0,2.0,3.0,1.0,1.3432541210784503
2.0,2.0,1.0,2.0,3.0,2.0,1.4955974533900642
2.0,2.0,1.0,2.0,3.0,3.0,1.7016526735057829
2.0,2.0,1.0,2.0,4.0,2.0,1.616568767702375
2.0,2.0,1.0,3.0,1.0,1.0,1.1729848578482023
2.0,2.0,1.0,3.0,1.0,2.0,1.3977160636152886
2.0,2.0,1.0,3.0,1.0,3.0,1.5663634573944136
2.0,2.0,1.0,3.0,2.0,1.0,1.1943261070402154
2.0,2.0,1.0,3.0,2.0,2.0,1.4285958965433938
2.0,2.0,1.0,3.0,2.0,3.0,1.6940935444474439
2.0,2.0,1.0,3.0,2.0,4.0,1.7306850475506896
2.0,2.0,1.0,3.0,3.0,1.0,1.3432535108255625
2.0,2.0,1.0,3.0,3.0,2.0,1.6572095911886093
2.0,2.0,1.0,3.0,3.0,3.0,1.791975185966499
2.0,2.0,1.0,3.0,4.0,3.0,1.9329766456949524
2.0,2.0,1.0,4.0,1.0,1.0,1.2714821891249812
2.0,2.0,1.0,4.0,1.0,2.0,1.3977153619403706
2.0,2.0,1.0,4.0,1.0,3.0,1.6973281910108584
2.0,2.0,1.0,4.0,2.0,1.0,1.308448389787862
2.0,2.0,1.0,4.0,2.0,2.0,1.604583983899746
2.0,2.0,1.0,4.0,2.0,3.0,1.7839986974044086
2.0,2.0,1.0,4.0,2.0,4.0,1.9634133151263105
2.0,2.0,1.0,4.0,3.0,3.0,1.7919748012298378
2.0,2.0,1.0,5.0,1.0,1.0,1.3024546743270868
2.0,2.0,1.0,5.0,4.0,3.0,2.1615762333546353
2.0,2.0,1.0,5.0,5.0,4.0,2.3286962727100224
2.0,2.0,2.0,1.0,1.0,1.0,1.2309816935477436
2.0,2.0,2.0,1.0,1.0,2.0,1.40904506518178
2.0,2.0,2.0,1.0,1.0,3.0,1.6868444266758813
2.0,2.0,2.0,1.0,2.0,1.0,1.333403189342779
2.0,2.0,2.0,1.0,2.0,2.0,1.4090450453282124
2.0,2.0,2.0,1.0,3.0,1.0,1.4640965233799839
2.0,2.0,2.0,1.0,3.0,2.0,1.501833247689441
2.0,2.0,2.0,2.0,1.0,1.0,1.2786271225054888
2.0,2.0,2.0,2.0,1.0,2.0,1.6743777204791437
2.0,2.0,2.0,2.0,2.0,1.0,1.4072605772204054
2.0,2.0,2.0,2.0,2.0,2.0,1.7742930888879103
2.0,2.0,2.0,2.0,2.0,5.0,2.1507867353518195
2.0,2.0,2.0,2.0,3.0,1.0,1.5551465789314942
2.0,2.0,2.0,2.0,3.0,2.0,1.8438895105110022
2.0,2.0,2.0,2.0,3.0,3.0,1.9494075694310125
2.0,2.0,2.0,2.0,4.0,2.0,1.8715532670472999
2.0,2.0,2.0,2.0,4.0,3.0,2.0020616711958414
2.0,2.0,2.0,3.0,1.0,1.0,1.3825084240621845
2.0,2.0,2.0,3.0,1.0,2.0,1.746578327063466
2.0,2.0,2.0,3.0,1.0,3.0,1.7517869004395057
2.0,2.0,2.0,3.0,2.0,1.0,1.549154462658891
2.0,2.0,2.0,3.0,2.0,2.0,1.8799609791044571
2.0,2.0,2.0,3.0,2.0,3.0,1.9344181468743797
2.0,2.0,2.0,3.0,2.0,4.0,2.0873986674764113
2.0,2.0,2.0,3.0,3.0,1.0,1.6573570468213734
2.0,2.0,2.0,3.0,3.0,2.0,1.995796320128307
2.0,2.0,2.0,3.0,3.0,3.0,2.1097310852529456
2.0,2.0,2.0,3.0,4.0,2.0,2.0892891422118804
2.0,2.0,2.0,3.0,4.0,3.0,2.123217577382267
2.0,2.0,2.0,3.0,4.0,4.0,2.410108998197323
2.0,2.0,2.0,3.0,5.0,4.0,2.4533963257621365
2.0,2.0,2.0,4.0,1.0,2.0,1.7465773424963202
2.0,2.0,2.0,4.0,1.0,4.0,1.964684487036321
2.0,2.0,2.0,4.0,2.0,2.0,1.8799606540645846
2.0,2.0,2.0,4.0,2.0,3.0,1.934417796254323
2.0,2.0,2.0,4.0,3.0,2.0,1.9957951282219892
2.0,2.0,2.0,4.0,3.0,3.0,2.1790939756922993
2.0,2.0,2.0,4.0,4.0,3.0,2.3239681641923076
2.0,2.0,2.0,4.0,5.0,3.0,2.38998828433983
2.0,2.0,2.0,5.0,1.0,2.0,1.746576480139549
2.0,2.0,2.0,5.0,3.0,4.0,2.4414112518034004
2.0,2.0,2.0,5.0,4.0,5.0,2.742826435250767
2.0,2.0,3.0,1.0,1.0,1.0,1.3184122651606707
2.0,2.0,3.0,1.0,1.0,2.0,1.6406084224404132
2.0,2.0,3.0,1.0,1.0,3.0,1.726969638877292
2.0,2.0,3.0,1.0,2.0,1.0,1.4536854713622187
2.0,2.0,3.0,1.0,2.0,2.0,1.6406084172771538
2.0,2.0,3.0,1.0,2.0,3.0,1.9159625950321912
2.0,2.0,3.0,1.0,3.0,2.0,1.8224710299393756
2.0,2.0,3.0,2.0,1.0,1.0,1.434418886860552
2.0,2.0,3.0,2.0,1.0,2.0,1.7305555368682863
2.0,2.0,3.0,2.0,1.0,3.0,1.9099702444775912
2.0,2.0,3.0,2.0,2.0,1.0,1.5987168944736654
2.0,2.0,3.0,2.0,2.0,2.0,1.9674817945914187
2.0,2.0,3.0,2.0,2.0,3.0,2.031969209517402
2.0,2.0,3.0,2.0,3.0,1.0,1.8165513004031502
2.0,2.0,3.0,2.0,3.0,2.0,2.0591529361391294
2.0,2.0,3.0,2.0,3.0,3.0,2.059151105430854
2.0,2.0,3.0,2.0,4.0,2.0,2.096552488523669
2.0,2.0,3.0,2.0,5.0,5.0,2.7567974359224885
2.0,2.0,3.0,3.0,1.0,2.0,1.746578650256769
2.0,2.0,3.0,3.0,1.0,3.0,2.0259769478530454
2.0,2.0,3.0,3.0,2.0,2.0,1.9785671146118866
2.0,2.0,3.0,3.0,2.0,3.0,2.294984041027344
2.0,2.0,3.0,3.0,3.0,1.0,1.870293002872864
2.0,2.0,3.0,3.0,3.0,2.0,2.081094668174757
2.0,2.0,3.0,3.0,3.0,3.0,2.3069416848787703
2.0,2.0,3.0,3.0,3.0,4.0,2.4493894946811814
2.0,2.0,3.0,3.0,4.0,2.0,2.2879107739009186
2.0,2.0,3.0,3.0,4.0,3.0,2.45552593915247
2.0,2.0,3.0,3.0,4.0,4.0,2.6161879599992353
2.0,2.0,3.0,4.0,1.0,3.0,2.121486884368271
2.0,2.0,3.0,4.0,1.0,4.0,2.3213983564799903
2.0,2.0,3.0,4.0,2.0,3.0,2.2949837197791543
2.0,2.0,3.0,4.0,3.0,3.0,2.34270041809568
2.0,2.0,3.0,4.0,3.0,4.0,2.5470527204335576
2.0,2.0,3.0,4.0,4.0,2.0,2.485652634936835
2.0,2.0,3.0,4.0,4.0,3.0,2.5850109719067786
2.0,2.0,3.0,4.0,4.0,4.0,2.7684690221924844
2.0,2.0,3.0,4.0,4.0,5.0,3.0897755326365384
2.0,2.0,3.0,4.0,5.0,4.0,2.923765379942102
2.0,2.0,3.0,5.0,2.0,3.0,2.379989157561793
2.0,2.0,3.0,5.0,2.0,5.0,2.8402940101063847
2.0,2.0,3.0,5.0,3.0,3.0,2.554041174516472
2.0,2.0,3.0,5.0,3.0,4.0,2.7981248564127714
2.0,2.0,3.0,5.0,4.0,3.0,2.74070912308633
2.0,2.0,3.0,5.0,4.0,4.0,2.80340209524682
2.0,2.0,3.0,5.0,4.0,5.0,3.099538537927401
2.0,2.0,3.0,5.0,5.0,5.0,3.1987394952805377
2.0,2.0,4.0,1.0,1.0,1.0,1.6045607748928616
2.0,2.0,4.0,1.0,1.0,2.0,1.7378189329268072
2.0,2.0,4.0,1.0,3.0,2.0,1.981816868305312
2.0,2.0,4.0,2.0,4.0,3.0,2.5159592067723824
2.0,2.0,4.0,3.0,1.0,3.0,2.382690770300981
2.0,2.0,4.0,3.0,3.0,3.0,2.5099668983910113
2.0,2.0,4.0,3.0,4.0,3.0,2.7155597779805163
2.0,2.0,4.0,3.0,4.0,4.0,2.928102530092767
2.0,2.0,4.0,3.0,5.0,2.0,2.6912730566529843
2.0,2.0,4.0,4.0,1.0,4.0,2.6443187895258893
2.0,2.0,4.0,4.0,3.0,2.0,2.4465587846632753
2.0,2.0,4.0,4.0,3.0,3.0,2.665067306592481
2.0,2.0,4.0,4.0,4.0,4.0,3.0441091767218897
2.0,2.0,4.0,5.0,5.0,5.0,3.557635582299977
2.0,2.0,5.0,1.0,1.0,1.0,1.7983961361103675
2.0,2.0,5.0,2.0,1.0,2.0,2.3272615156836634
2.0,2.0,5.0,2.0,5.0,5.0,3.3535015219684032
2.0,2.0,5.0,5.0,5.0,5.0,3.628196866389603
2.0,3.0,1.0,1.0,1.0,1.0,1.1086705027538284
2.0,3.0,1.0,1.0,1.0,2.0,1.126669270835356
2.0,3.0,1.0,1.0,1.0,3.0,1.282608069686096
2.0,3.0,1.0,1.0,1.0,4.0,1.5609826928289539
2.0,3.0,1.0,1.0,2.0,1.0,1.2031195072129828
2.0,3.0,1.0,1.0,2.0,2.0,1.408751412556278
2.0,3.0,1.0,1.0,2.0,3.0,1.408751327796507
2.0,3.0,1.0,1.0,3.0,1.0,1.26215442826953
2.0,3.0,1.0,1.0,3.0,2.0,1.4289444307308348
2.0,3.0,1.0,1.0,3.0,3.0,1.6427021846955756
2.0,3.0,1.0,1.0,4.0,1.0,1.262153860907229
2.0,3.0,1.0,1.0,4.0,5.0,2.106392504658431
2.0,3.0,1.0,2.0,1.0,1.0,1.25024550773018
2.0,3.0,1.0,2.0,1.0,2.0,1.2783922526346627
2.0,3.0,1.0,2.0,1.0,3.0,1.4034022568856515
2.0,3.0,1.0,2.0,2.0,1.0,1.4132475441570453
2.0,3.0,1.0,2.0,2.0,2.0,1.5215937229817211
2.0,3.0,1.0,2.0,3.0,1.0,1.4675858976657812
2.0,3.0,1.0,2.0,3.0,2.0,1.574512422223272
2.0,3.0,1.0,2.0,3.0,3.0,1.7016528673874265
2.0,3.0,1.0,2.0,4.0,1.0,1.50474089369292
2.0,3.0,1.0,2.0,4.0,3.0,1.9329786698227314
2.0,3.0,1.0,2.0,5.0,4.0,2.164984398195521
2.0,3.0,1.0,3.0,1.0,1.0,1.2502448234317969
2.0,3.0,1.0,3.0,1.0,2.0,1.3977166710714923
2.0,3.0,1.0,3.0,1.0,3.0,1.5663637159667285
2.0,3.0,1.0,3.0,2.0,1.0,1.4132465734557633
2.0,3.0,1.0,3.0,2.0,2.0,1.5330313361344619
2.0,3.0,1.0,3.0,2.0,3.0,1.70319156138807
2.0,3.0,1.0,3.0,3.0,1.0,1.49914642567377
2.0,3.0,1.0,3.0,3.0,2.0,1.8078223066165118
2.0,3.0,1.0,3.0,3.0,3.0,1.9118289130971193
2.0,3.0,1.0,3.0,3.0,4.0,2.033126274705814
2.0,3.0,1.0,3.0,4.0,1.0,1.6184478675733638
2.0,3.0,1.0,3.0,4.0,3.0,1.9329777389398866
2.0,3.0,1.0,3.0,5.0,5.0,2.4604056579724416
2.0,3.0,1.0,4.0,1.0,1.0,1.3005869081226633
2.0,3.0,1.0,4.0,1.0,2.0,1.5875873530366862
2.0,3.0,1.0,4.0,1.0,3.0,1.7093372676341412
2.0,3.0,1.0,4.0,2.0,1.0,1.492750250235468
2.0,3.0,1.0,4.0,2.0,2.0,1.7571930121790764
2.0,3.0,1.0,4.0,2.0,3.0,1.8365569475104215
2.0,3.0,1.0,4.0,3.0,1.0,1.6127861020573766
2.0,3.0,1.0,4.0,3.0,2.0,1.8078207241884305
2.0,3.0,1.0,4.0,3.0,3.0,2.066885317677348
2.0,3.0,1.0,4.0,3.0,4.0,2.15299951177956
2.0,3.0,1.0,4.0,3.0,5.0,2.332414258938444
2.0,3.0,1.0,4.0,4.0,2.0,1.9161689577912016
2.0,3.0,1.0,4.0,4.0,3.0,2.0955836656230877
2.0,3.0,1.0,4.0,4.0,4.0,2.4264006254912167
2.0,3.0,1.0,4.0,4.0,5.0,2.5711351685836434
2.0,3.0,1.0,4.0,5.0,5.0,2.5764122637629763
2.0,3.0,1.0,5.0,1.0,1.0,1.486763899513585
2.0,3.0,1.0,5.0,1.0,3.0,1.7093365262072164
2.0,3.0,1.0,5.0,3.0,2.0,1.807819566889013
2.0,3.0,1.0,5.0,3.0,4.0,2.2408891257655204
2.0,3.0,1.0,5.0,3.0,5.0,2.448420877057988
2.0,3.0,1.0,5.0,4.0,4.0,2.4343038798500207
2.0,3.0,1.0,5.0,5.0,3.0,2.161576417782883
2.0,3.0,2.0,1.0,1.0,1.0,1.3334054618407316
2.0,3.0,2.0,1.0,1.0,2.0,1.5002778359031492
2.0,3.0,2.0,1.0,1.0,3.0,1.6868447721195372
2.0,3.0,2.0,1.0,2.0,1.0,1.33340409557593
2.0,3.0,2.0,1.0,2.0,2.0,1.6406141148175368
2.0,3.0,2.0,1.0,2.0,3.0,1.6868447235465127
2.0,3.0,2.0,1.0,3.0,1.0,1.4640971838395815
2.0,3.0,2.0,1.0,3.0,2.0,1.8224719500178095
2.0,3.0,2.0,1.0,3.0,3.0,1.8375454994467393
2.0,3.0,2.0,1.0,4.0,3.0,1.837545069196399
2.0,3.0,2.0,1.0,5.0,1.0,1.6340033285285696
2.0,3.0,2.0,2.0,1.0,1.0,1.4648327392296885
2.0,3.0,2.0,2.0,1.0,2.0,1.7343081846946822
2.0,3.0,2.0,2.0,1.0,3.0,1.7819143243107223
2.0,3.0,2.0,2.0,1.0,4.0,1.8211358902738493
2.0,3.0,2.0,2.0,2.0,1.0,1.4648323251304227
2.0,3.0,2.0,2.0,2.0,2.0,1.8162551880047995
2.0,3.0,2.0,2.0,2.0,3.0,1.887406592585511
2.0,3.0,2.0,2.0,2.0,4.0,2.13942707118475
2.0,3.0,2.0,2.0,3.0,1.0,1.7094748850527315
2.0,3.0,2.0,2.0,3.0,2.0,1.9242266869481386
2.0,3.0,2.0,2.0,3.0,3.0,2.0872668284266673
2.0,3.0,2.0,2.0,3.0,4.0,2.144152510320381
2.0,3.0,2.0,2.0,4.0,2.0,2.0331345055032872
2.0,3.0,2.0,2.0,4.0,3.0,2.1501713897843975
2.0,3.0,2.0,2.0,4.0,4.0,2.2829771164368635
2.0,3.0,2.0,2.0,5.0,2.0,2.046147112631719
2.0,3.0,2.0,2.0,5.0,3.0,2.2255613323015764
2.0,3.0,2.0,3.0,1.0,1.0,1.464987979061728
2.0,3.0,2.0,3.0,1.0,2.0,1.754506216426892
2.0,3.0,2.0,3.0,1.0,3.0,1.9612850480915036
2.0,3.0,2.0,3.0,1.0,4.0,2.0295391263420717
2.0,3.0,2.0,3.0,2.0,1.0,1.716139172757154
2.0,3.0,2.0,3.0,2.0,2.0,1.9344714255670041
2.0,3.0,2.0,3.0,2.0,3.0,2.0884054087637574
2.0,3.0,2.0,3.0,3.0,1.0,1.8702939143463915
2.0,3.0,2.0,3.0,3.0,2.0,1.9957976375633992
2.0,3.0,2.0,3.0,3.0,3.0,2.2164267082947116
2.0,3.0,2.0,3.0,3.0,4.0,2.2164262460603887
2.0,3.0,2.0,3.0,4.0,2.0,2.237611810901329
2.0,3.0,2.0,3.0,4.0,3.0,2.262887706053015
2.0,3.0,2.0,3.0,4.0,4.0,2.4101092113374056
2.0,3.0,2.0,3.0,5.0,2.0,2.2376118925574384
2.0,3.0,2.0,3.0,5.0,3.0,2.4582898786723577
2.0,3.0,2.0,3.0,5.0,4.0,2.637704623053955
2.0,3.0,2.0,4.0,1.0,1.0,1.5897883700444106
2.0,3.0,2.0,4.0,1.0,2.0,1.754505529558407
2.0,3.0,2.0,4.0,1.0,3.0,1.961284435587665
2.0,3.0,2.0,4.0,1.0,4.0,2.1331003659015795
2.0,3.0,2.0,4.0,2.0,1.0,1.79075253855918
2.0,3.0,2.0,4.0,2.0,2.0,1.934470767361709
2.0,3.0,2.0,4.0,2.0,3.0,2.1688763369953503
2.0,3.0,2.0,4.0,2.0,4.0,2.3192890435959903
2.0,3.0,2.0,4.0,3.0,1.0,1.8702933200308753
2.0,3.0,2.0,4.0,3.0,2.0,2.1918293108495766
2.0,3.0,2.0,4.0,3.0,3.0,2.218006325505905
2.0,3.0,2.0,4.0,3.0,4.0,2.31928864764087
2.0,3.0,2.0,4.0,4.0,1.0,2.1272613953683104
2.0,3.0,2.0,4.0,4.0,2.0,2.2376111719538403
2.0,3.0,2.0,4.0,4.0,3.0,2.323968340462937
2.0,3.0,2.0,4.0,4.0,4.0,2.478849502059525
2.0,3.0,2.0,4.0,5.0,2.0,2.2781598971309496
2.0,3.0,2.0,4.0,5.0,3.0,2.549728973879342
2.0,3.0,2.0,4.0,5.0,4.0,2.7537113041251766
2.0,3.0,2.0,5.0,1.0,2.0,1.7894485931721569
2.0,3.0,2.0,5.0,1.0,3.0,2.0766397721795355
2.0,3.0,2.0,5.0,1.0,4.0,2.133100027695893
2.0,3.0,2.0,5.0,2.0,1.0,1.7907521829750879
2.0,3.0,2.0,5.0,2.0,2.0,2.0252251694518573
2.0,3.0,2.0,5.0,2.0,3.0,2.2075842855494963
2.0,3.0,2.0,5.0,2.0,4.0,2.38699905941726
2.0,3.0,2.0,5.0,3.0,3.0,2.3295832196720068
2.0,3.0,2.0,5.0,3.0,4.0,2.5089980295956242
2.0,3.0,2.0,5.0,4.0,2.0,2.330641899932781
2.0,3.0,2.0,5.0,4.0,3.0,2.5369739395037
2.0,3.0,2.0,5.0,4.0,4.0,2.5369739687402513
2.0,3.0,2.0,5.0,5.0,2.0,2.510888347131568
2.0,3.0,2.0,5.0,5.0,3.0,2.684167872559824
2.0,3.0,2.0,5.0,5.0,4.0,2.809420035684284
2.0,3.0,2.0,5.0,5.0,5.0,2.8094199567126354
2.0,3.0,3.0,1.0,1.0,1.0,1.3334049634219962
2.0,3.0,3.0,1.0,1.0,2.0,1.6406092224902147
2.0,3.0,3.0,1.0,1.0,3.0,1.7269698398880977
2.0,3.0,3.0,1.0,2.0,1.0,1.4536858393789758
2.0,3.0,3.0,1.0,2.0,2.0,1.6406104598670375
2.0,3.0,3.0,1.0,2.0,3.0,2.1144965846236583
2.0,3.0,3.0,1.0,3.0,1.0,1.5349368354753499
2.0,3.0,3.0,1.0,3.0,2.0,1.8224715129812539
2.0,3.0,3.0,1.0,3.0,3.0,2.114496671426172
2.0,3.0,3.0,1.0,3.0,4.0,2.2849630757151784
2.0,3.0,3.0,1.0,4.0,1.0,1.7519962012006305
2.0,3.0,3.0,1.0,4.0,2.0,1.9314110589089013
2.0,3.0,3.0,1.0,4.0,3.0,2.18448202165977
2.0,3.0,3.0,1.0,5.0,3.0,2.2328253531628466
2.0,3.0,3.0,2.0,1.0,1.0,1.5987170199086
2.0,3.0,3.0,2.0,1.0,2.0,1.8246725778767094
2.0,3.0,3.0,2.0,1.0,3.0,2.121490311339243
2.0,3.0,3.0,2.0,2.0,1.0,1.5987170834361746
2.0,3.0,3.0,2.0,2.0,2.0,1.9674819762020228
2.0,3.0,3.0,2.0,2.0,3.0,2.2325616153119814
2.0,3.0,3.0,2.0,3.0,1.0,1.870294099985229
2.0,3.0,3.0,2.0,3.0,2.0,2.0591553940726
2.0,3.0,3.0,2.0,3.0,3.0,2.2333030496147734
2.0,3.0,3.0,2.0,3.0,4.0,2.400970050995276
2.0,3.0,3.0,2.0,4.0,2.0,2.1469834953090476
2.0,3.0,3.0,2.0,4.0,3.0,2.4599750836255394
2.0,3.0,3.0,2.0,4.0,4.0,2.6459558500510574
2.0,3.0,3.0,2.0,5.0,4.0,2.645955809577985
2.0,3.0,3.0,3.0,1.0,1.0,1.5987165954365308
2.0,3.0,3.0,3.0,1.0,2.0,1.8808628578907987
2.0,3.0,3.0,3.0,1.0,3.0,2.1214892328234254
2.0,3.0,3.0,3.0,1.0,4.0,2.272978684222648
2.0,3.0,3.0,3.0,2.0,1.0,1.8567333799081118
2.0,3.0,3.0,3.0,2.0,2.0,2.226176054427275
2.0,3.0,3.0,3.0,2.0,3.0,2.430137866046575
2.0,3.0,3.0,3.0,2.0,4.0,2.4884771657924896
2.0,3.0,3.0,3.0,3.0,1.0,1.8702936040226443
2.0,3.0,3.0,3.0,3.0,2.0,2.2261754875431397
2.0,3.0,3.0,3.0,3.0,3.0,2.473592654680809
2.0,3.0,3.0,3.0,3.0,4.0,2.5087796974990617
2.0,3.0,3.0,3.0,4.0,1.0,2.1007314171317137
2.0,3.0,3.0,3.0,4.0,2.0,2.287910948590028
2.0,3.0,3.0,3.0,4.0,3.0,2.4858981729940886
2.0,3.0,3.0,3.0,4.0,4.0,2.698318471562954
2.0,3.0,3.0,3.0,5.0,1.0,2.2227304324385226
2.0,3.0,3.0,3.0,5.0,2.0,2.360112246125069
2.0,3.0,3.0,3.0,5.0,3.0,2.625296094502114
2.0,3.0,3.0,3.0,5.0,4.0,2.8494590518981893
2.0,3.0,3.0,3.0,5.0,5.0,3.1118509580524676
2.0,3.0,3.0,4.0,1.0,1.0,1.8443422266569682
2.0,3.0,3.0,4.0,1.0,2.0,2.0301558289065915
2.0,3.0,3.0,4.0,1.0,3.0,2.1214878049242047
2.0,3.0,3.0,4.0,1.0,4.0,2.344748726291743
2.0,3.0,3.0,4.0,2.0,2.0,2.2261751295147754
2.0,3.0,3.0,4.0,2.0,3.0,2.480508059452817
2.0,3.0,3.0,4.0,2.0,4.0,2.5525077592129124
2.0,3.0,3.0,4.0,3.0,2.0,2.226174940161569
2.0,3.0,3.0,4.0,3.0,3.0,2.480508222391699
2.0,3.0,3.0,4.0,3.0,4.0,2.7155034900251565
2.0,3.0,3.0,4.0,3.0,5.0,3.0458426372218956
2.0,3.0,3.0,4.0,4.0,3.0,2.686721819232351
2.0,3.0,3.0,4.0,4.0,4.0,2.909798054498511
2.0,3.0,3.0,4.0,5.0,3.0,2.923766657337595
2.0,3.0,3.0,4.0,5.0,4.0,2.9237659143495254
2.0,3.0,3.0,4.0,5.0,5.0,3.1987405616624938
2.0,3.0,3.0,5.0,1.0,2.0,2.213749266661709
2.0,3.0,3.0,5.0,1.0,3.0,2.325577230769127
2.0,3.0,3.0,5.0,2.0,4.0,2.7437128718129604
2.0,3.0,3.0,5.0,2.0,5.0,2.840294147188947
2.0,3.0,3.0,5.0,3.0,3.0,2.5807874865724107
2.0,3.0,3.0,5.0,3.0,4.0,2.8439529284742204
2.0,3.0,3.0,5.0,4.0,3.0,2.8082961048887247
2.0,3.0,3.0,5.0,4.0,4.0,2.9205815696731983
2.0,3.0,3.0,5.0,4.0,5.0,3.1354949755225436
2.0,3.0,3.0,5.0,5.0,3.0,2.9302951216565827
2.0,3.0,3.0,5.0,5.0,4.0,3.1987397273240945
2.0,3.0,3.0,5.0,5.0,5.0,3.198739877067558
2.0,3.0,4.0,1.0,1.0,1.0,1.6111449758727043
2.0,3.0,4.0,1.0,1.0,3.0,2.101542578593069
2.0,3.0,4.0,1.0,2.0,2.0,2.0441267763884636
2.0,3.0,4.0,2.0,1.0,2.0,2.0381344425486203
2.0,3.0,4.0,2.0,2.0,2.0,2.143396141349675
2.0,3.0,4.0,2.0,3.0,1.0,1.9874596994665825
2.0,3.0,4.0,2.0,3.0,2.0,2.3756653574677347
2.0,3.0,4.0,2.0,3.0,3.0,2.3756656247633816
2.0,3.0,4.0,2.0,4.0,2.0,2.4041314336505084
2.0,3.0,4.0,2.0,4.0,4.0,2.8796828548480207
2.0,3.0,4.0,3.0,1.0,1.0,1.8580044448450188
2.0,3.0,4.0,3.0,1.0,2.0,2.2327140817022126
2.0,3.0,4.0,3.0,1.0,3.0,2.4032138950545248
2.0,3.0,4.0,3.0,1.0,4.0,2.6296924970802107
2.0,3.0,4.0,3.0,2.0,3.0,2.5722767382350615
2.0,3.0,4.0,3.0,3.0,2.0,2.3756648730145304
2.0,3.0,4.0,3.0,3.0,3.0,2.614257757485731
2.0,3.0,4.0,3.0,3.0,4.0,2.8491229630685804
2.0,3.0,4.0,3.0,4.0,3.0,2.715559945169544
2.0,3.0,4.0,3.0,4.0,4.0,3.1444647197578983
2.0,3.0,4.0,3.0,5.0,3.0,2.9382737056807615
2.0,3.0,4.0,4.0,1.0,3.0,2.566284381197963
2.0,3.0,4.0,4.0,2.0,2.0,2.3921467625956354
2.0,3.0,4.0,4.0,2.0,3.0,2.688283371591678
2.0,3.0,4.0,4.0,2.0,4.0,2.7981069026886227
2.0,3.0,4.0,4.0,3.0,3.0,2.7515576366339616
2.0,3.0,4.0,4.0,3.0,4.0,3.072547223189709
2.0,3.0,4.0,4.0,3.0,5.0,3.285833737066399
2.0,3.0,4.0,4.0,4.0,3.0,2.8098254150165918
2.0,3.0,4.0,4.0,4.0,4.0,3.1444643547484503
2.0,3.0,4.0,4.0,4.0,5.0,3.4140151625348207
2.0,3.0,4.0,4.0,5.0,3.0,3.0788680706916858
2.0,3.0,4.0,4.0,5.0,4.0,3.2092687952413055
2.0,3.0,4.0,4.0,5.0,5.0,3.4920429063518426
2.0,3.0,4.0,5.0,2.0,4.0,2.866982922245178
2.0,3.0,4.0,5.0,3.0,4.0,3.1057038050740164
2.0,3.0,4.0,5.0,4.0,3.0,3.043240671038784
2.0,3.0,4.0,5.0,4.0,4.0,3.2388330208854876
2.0,3.0,4.0,5.0,4.0,5.0,3.41401457531258
2.0,3.0,4.0,5.0,5.0,2.0,2.757428564111258
2.0,3.0,4.0,5.0,5.0,4.0,3.3202395543490435
2.0,3.0,4.0,5.0,5.0,5.0,3.557636580431618
2.0,3.0,5.0,4.0,2.0,2.0,2.6321386006587058
2.0,3.0,5.0,4.0,3.0,3.0,2.933552450815101
2.0,3.0,5.0,4.0,4.0,3.0,3.1722733129315817
2.0,3.0,5.0,5.0,4.0,3.0,3.405001859213956
2.0,3.0,5.0,5.0,4.0,4.0,3.4676947419063953
2.0,3.0,5.0,5.0,5.0,4.0,3.701984452768385
2.0,3.0,5.0,5.0,5.0,5.0,3.8017525719123983
2.0,4.0,1.0,1.0,1.0,1.0,1.1085267375666166
2.0,4.0,1.0,1.0,1.0,2.0,1.1997829227335544
2.0,4.0,1.0,1.0,1.0,3.0,1.5055664912858746
2.0,4.0,1.0,1.0,2.0,1.0,1.2621563010849335
2.0,4.0,1.0,1.0,2.0,2.0,1.506859282340338
2.0,4.0,1.0,1.0,2.0,3.0,1.5114552789233258
2.0,4.0,1.0,1.0,3.0,1.0,1.262155429072783
2.0,4.0,1.0,1.0,3.0,2.0,1.5502947608193116
2.0,4.0,1.0,1.0,3.0,3.0,1.6427023475685503
2.0,4.0,1.0,1.0,4.0,1.0,1.3379749496031956
2.0,4.0,1.0,1.0,4.0,2.0,1.5995494038645368
2.0,4.0,1.0,1.0,4.0,3.0,1.8151507274374943
2.0,4.0,1.0,2.0,1.0,1.0,1.250245583257812
2.0,4.0,1.0,2.0,1.0,2.0,1.4858192823057021
2.0,4.0,1.0,2.0,1.0,3.0,1.6106110221584131
2.0,4.0,1.0,2.0,2.0,1.0,1.4132487105449085
2.0,4.0,1.0,2.0,2.0,2.0,1.572626227331239
2.0,4.0,1.0,2.0,2.0,3.0,1.7031934095094665
2.0,4.0,1.0,2.0,3.0,1.0,1.4707873734415187
2.0,4.0,1.0,2.0,3.0,2.0,1.7423173389834232
2.0,4.0,1.0,2.0,3.0,3.0,1.7903299216705646
2.0,4.0,1.0,2.0,4.0,1.0,1.5477603057853104
2.0,4.0,1.0,2.0,4.0,2.0,1.7517425761969145
2.0,4.0,1.0,2.0,5.0,4.0,2.3492930229433107
2.0,4.0,1.0,3.0,1.0,1.0,1.2502449359123022
2.0,4.0,1.0,3.0,1.0,2.0,1.4858189530877879
2.0,4.0,1.0,3.0,1.0,3.0,1.6742772425409316
2.0,4.0,1.0,3.0,1.0,4.0,1.7438598438657111
2.0,4.0,1.0,3.0,2.0,1.0,1.5015950958693443
2.0,4.0,1.0,3.0,2.0,2.0,1.6002243034024464
2.0,4.0,1.0,3.0,2.0,3.0,1.7031923392914112
2.0,4.0,1.0,3.0,2.0,4.0,1.9825807659243961
2.0,4.0,1.0,3.0,3.0,1.0,1.5632284902613125
2.0,4.0,1.0,3.0,3.0,2.0,1.8078233484708728
2.0,4.0,1.0,3.0,3.0,3.0,1.9118291324979104
2.0,4.0,1.0,3.0,3.0,4.0,2.1045798082129723
2.0,4.0,1.0,3.0,4.0,1.0,1.618447999919249
2.0,4.0,1.0,3.0,4.0,3.0,2.034932510443726
2.0,4.0,1.0,3.0,4.0,4.0,2.2783274381727754
2.0,4.0,1.0,3.0,5.0,5.0,2.760721388516184
2.0,4.0,1.0,4.0,1.0,1.0,1.4300956344187432
2.0,4.0,1.0,4.0,1.0,2.0,1.5875875393400323
2.0,4.0,1.0,4.0,1.0,3.0,1.7093379200913321
2.0,4.0,1.0,4.0,1.0,4.0,1.7453276942548221
2.0,4.0,1.0,4.0,2.0,1.0,1.501594766986845
2.0,4.0,1.0,4.0,2.0,3.0,1.8365571358053523
2.0,4.0,1.0,4.0,2.0,4.0,2.0985874592319944
2.0,4.0,1.0,4.0,3.0,1.0,1.6127862406385796
2.0,4.0,1.0,4.0,3.0,2.0,1.9607784919687743
2.0,4.0,1.0,4.0,3.0,3.0,2.1116364216018
2.0,4.0,1.0,4.0,3.0,4.0,2.197530558760351
2.0,4.0,1.0,4.0,4.0,2.0,1.985453925674073
2.0,4.0,1.0,4.0,4.0,3.0,2.111636673518809
2.0,4.0,1.0,4.0,4.0,4.0,2.4264008264941537
2.0,4.0,1.0,4.0,5.0,3.0,2.2851702256122257
2.0,4.0,1.0,4.0,5.0,4.0,2.5789684498958336
2.0,4.0,1.0,5.0,1.0,2.0,1.7337654873606567
2.0,4.0,1.0,5.0,1.0,3.0,1.9131803459283292
2.0,4.0,1.0,5.0,2.0,2.0,1.9753624157861558
2.0,4.0,1.0,5.0,3.0,3.0,2.111635892483712
2.0,4.0,1.0,5.0,3.0,4.0,2.434304248688331
2.0,4.0,1.0,5.0,4.0,3.0,2.279177307407563
2.0,4.0,1.0,5.0,4.0,4.0,2.4343041165940535
2.0,4.0,1.0,5.0,5.0,3.0,2.401176299863995
2.0,4.0,1.0,5.0,5.0,5.0,2.760720719067597
2.0,4.0,2.0,1.0,1.0,1.0,1.3334072326839406
2.0,4.0,2.0,1.0,1.0,2.0,1.5743698250998566
2.0,4.0,2.0,1.0,1.0,3.0,1.6868451002101803
2.0,4.0,2.0,1.0,2.0,1.0,1.464098520219855
2.0,4.0,2.0,1.0,2.0,2.0,1.6406174590860088
2.0,4.0,2.0,1.0,2.0,3.0,1.8375469732116043
2.0,4.0,2.0,1.0,3.0,1.0,1.4640979692315759
2.0,4.0,2.0,1.0,3.0,2.0,1.8375466264349236
2.0,4.0,2.0,1.0,3.0,3.0,1.8375463819246123
2.0,4.0,2.0,1.0,3.0,4.0,2.1125580868340204
2.0,4.0,2.0,1.0,4.0,2.0,1.875727994640792
2.0,4.0,2.0,1.0,4.0,3.0,2.0375925787179505
2.0,4.0,2.0,1.0,5.0,2.0,1.9977274080610998
2.0,4.0,2.0,2.0,1.0,1.0,1.4648334311051794
2.0,4.0,2.0,2.0,1.0,2.0,1.7343083554990766
2.0,4.0,2.0,2.0,1.0,3.0,1.7819145840750372
2.0,4.0,2.0,2.0,2.0,1.0,1.5756320682578915
2.0,4.0,2.0,2.0,2.0,2.0,1.8481236733753088
2.0,4.0,2.0,2.0,2.0,3.0,2.0944494378437932
2.0,4.0,2.0,2.0,3.0,1.0,1.722689312972404
2.0,4.0,2.0,2.0,3.0,2.0,2.0432423219268325
2.0,4.0,2.0,2.0,3.0,3.0,2.1197552328636085
2.0,4.0,2.0,2.0,3.0,4.0,2.204675403881158
2.0,4.0,2.0,2.0,4.0,2.0,2.1535076138395537
2.0,4.0,2.0,2.0,4.0,3.0,2.316212347604169
2.0,4.0,2.0,2.0,4.0,4.0,2.316212650238333
2.0,4.0,2.0,2.0,5.0,3.0,2.3972912988227915
2.0,4.0,2.0,3.0,1.0,1.0,1.605303635871204
2.0,4.0,2.0,3.0,1.0,2.0,1.8366939047975264
2.0,4.0,2.0,3.0,1.0,3.0,2.1316557795301994
2.0,4.0,2.0,3.0,1.0,4.0,2.131655846081918
2.0,4.0,2.0,3.0,2.0,1.0,1.7817952263885548
2.0,4.0,2.0,3.0,2.0,2.0,1.9402281632168625
2.0,4.0,2.0,3.0,2.0,3.0,2.1477900649517023
2.0,4.0,2.0,3.0,2.0,4.0,2.3192906047897996
2.0,4.0,2.0,3.0,3.0,1.0,1.8702946246736536
2.0,4.0,2.0,3.0,3.0,2.0,2.0432414473024862
2.0,4.0,2.0,3.0,3.0,3.0,2.2616143034045675
2.0,4.0,2.0,3.0,3.0,4.0,2.4203890309674145
2.0,4.0,2.0,3.0,4.0,1.0,1.928326421239149
2.0,4.0,2.0,3.0,4.0,2.0,2.237612300016558
2.0,4.0,2.0,3.0,4.0,3.0,2.316211755189335
2.0,4.0,2.0,3.0,4.0,4.0,2.4420382385543467
2.0,4.0,2.0,3.0,5.0,4.0,2.777960612044534
2.0,4.0,2.0,3.0,5.0,5.0,2.8847070588922836
2.0,4.0,2.0,4.0,1.0,1.0,1.71929703490566
2.0,4.0,2.0,4.0,1.0,2.0,1.8366935115782206
2.0,4.0,2.0,4.0,1.0,3.0,2.131655109121322
2.0,4.0,2.0,4.0,1.0,4.0,2.3151148726841764
2.0,4.0,2.0,4.0,2.0,1.0,1.9170568999031787
2.0,4.0,2.0,4.0,2.0,2.0,2.0530924181968566
2.0,4.0,2.0,4.0,2.0,3.0,2.3053174516467823
2.0,4.0,2.0,4.0,2.0,4.0,2.319289851489879
2.0,4.0,2.0,4.0,2.0,5.0,2.6347167338803046
2.0,4.0,2.0,4.0,3.0,2.0,2.191829479354781
2.0,4.0,2.0,4.0,3.0,3.0,2.3680022119928457
2.0,4.0,2.0,4.0,3.0,4.0,2.420388459718397
2.0,4.0,2.0,4.0,4.0,1.0,2.127261551093732
2.0,4.0,2.0,4.0,4.0,2.0,2.3306429430436806
2.0,4.0,2.0,4.0,4.0,3.0,2.4978396446296274
2.0,4.0,2.0,4.0,4.0,4.0,2.5193478287132423
2.0,4.0,2.0,4.0,4.0,5.0,2.8237200371913467
2.0,4.0,2.0,4.0,5.0,3.0,2.5497291351426976
2.0,4.0,2.0,4.0,5.0,5.0,3.000275605092063
2.0,4.0,2.0,5.0,1.0,2.0,1.8719786615509164
2.0,4.0,2.0,5.0,1.0,4.0,2.3325870341893293
2.0,4.0,2.0,5.0,1.0,5.0,2.4448661805925127
2.0,4.0,2.0,5.0,2.0,3.0,2.3811930522162363
2.0,4.0,2.0,5.0,2.0,4.0,2.454586020245735
2.0,4.0,2.0,5.0,3.0,4.0,2.516319385882708
2.0,4.0,2.0,5.0,4.0,2.0,2.3306423646431162
2.0,4.0,2.0,5.0,4.0,3.0,2.592638994937935
2.0,4.0,2.0,5.0,4.0,4.0,2.7830283307205383
2.0,4.0,2.0,5.0,4.0,5.0,2.9010891385524284
2.0,4.0,2.0,5.0,5.0,3.0,2.6841680354936024
2.0,4.0,2.0,5.0,5.0,4.0,2.8094202349119466
2.0,4.0,2.0,5.0,5.0,5.0,3.0002753200480963
2.0,4.0,3.0,1.0,1.0,1.0,1.4030209320983875
2.0,4.0,3.0,1.0,1.0,2.0,1.7024605034860354
2.0,4.0,3.0,1.0,2.0,1.0,1.5515283528431545
2.0,4.0,3.0,1.0,2.0,2.0,1.9229805010663672
2.0,4.0,3.0,1.0,2.0,3.0,2.1353897033284976
2.0,4.0,3.0,1.0,3.0,1.0,1.7291936431289059
2.0,4.0,3.0,1.0,3.0,2.0,1.9229803088927817
2.0,4.0,3.0,1.0,3.0,3.0,2.307764717953384
2.0,4.0,3.0,1.0,3.0,4.0,2.352550394919746
2.0,4.0,3.0,1.0,4.0,1.0,1.9429628969743613
2.0,4.0,3.0,1.0,4.0,2.0,2.115719794215408
2.0,4.0,3.0,1.0,4.0,3.0,2.4599765578235386
2.0,4.0,3.0,1.0,5.0,4.0,2.712912775139254
2.0,4.0,3.0,2.0,1.0,1.0,1.6510528390689505
2.0,4.0,3.0,2.0,1.0,2.0,1.9700995813732005
2.0,4.0,3.0,2.0,1.0,3.0,2.161866122997714
2.0,4.0,3.0,2.0,2.0,1.0,1.7715778588897095
2.0,4.0,3.0,2.0,2.0,2.0,2.059159165529528
2.0,4.0,3.0,2.0,2.0,3.0,2.300092099346869
2.0,4.0,3.0,2.0,2.0,4.0,2.346557978995653
2.0,4.0,3.0,2.0,3.0,1.0,1.9483863426618555
2.0,4.0,3.0,2.0,3.0,2.0,2.0591578048960133
2.0,4.0,3.0,2.0,3.0,3.0,2.4370449451084033
2.0,4.0,3.0,2.0,4.0,1.0,2.052311730240539
2.0,4.0,3.0,2.0,4.0,2.0,2.326332821225461
2.0,4.0,3.0,2.0,4.0,3.0,2.459975971997254
2.0,4.0,3.0,2.0,4.0,4.0,2.668048611344493
2.0,4.0,3.0,2.0,5.0,4.0,2.712912439117368
2.0,4.0,3.0,3.0,1.0,1.0,1.7671394004378524
2.0,4.0,3.0,3.0,1.0,2.0,2.176761565117875
2.0,4.0,3.0,3.0,1.0,3.0,2.183080035659797
2.0,4.0,3.0,3.0,1.0,4.0,2.414993442855548
2.0,4.0,3.0,3.0,2.0,1.0,1.9243203562806541
2.0,4.0,3.0,3.0,2.0,2.0,2.2261774805585133
2.0,4.0,3.0,3.0,2.0,3.0,2.4468920795083147
2.0,4.0,3.0,3.0,2.0,4.0,2.4884773312842245
2.0,4.0,3.0,3.0,3.0,1.0,2.0414781370028767
2.0,4.0,3.0,3.0,3.0,2.0,2.2295219657599827
2.0,4.0,3.0,3.0,3.0,3.0,2.6281952060703184
2.0,4.0,3.0,3.0,3.0,4.0,2.6467358708437225
2.0,4.0,3.0,3.0,3.0,5.0,2.8807010157366526
2.0,4.0,3.0,3.0,4.0,2.0,2.485654180612988
2.0,4.0,3.0,3.0,4.0,3.0,2.7506616734133713
2.0,4.0,3.0,3.0,4.0,4.0,2.849459570688217
2.0,4.0,3.0,3.0,5.0,3.0,2.7506618772328677
2.0,4.0,3.0,3.0,5.0,4.0,2.849459317370714
2.0,4.0,3.0,4.0,1.0,1.0,1.844342389917045
2.0,4.0,3.0,4.0,1.0,2.0,2.1830769171315847
2.0,4.0,3.0,4.0,1.0,3.0,2.1830782445832226
2.0,4.0,3.0,4.0,1.0,4.0,2.414992956752628
2.0,4.0,3.0,4.0,2.0,1.0,2.0403269952027925
2.0,4.0,3.0,4.0,2.0,2.0,2.3351741652458005
2.0,4.0,3.0,4.0,2.0,3.0,2.508211390171237
2.0,4.0,3.0,4.0,2.0,4.0,2.5525079712911145
2.0,4.0,3.0,4.0,2.0,5.0,2.887803805039942
2.0,4.0,3.0,4.0,3.0,1.0,2.214923578619344
2.0,4.0,3.0,4.0,3.0,2.0,2.339560350324462
2.0,4.0,3.0,4.0,3.0,3.0,2.6867458866066953
2.0,4.0,3.0,4.0,3.0,4.0,2.752503882673272
2.0,4.0,3.0,4.0,4.0,1.0,2.4010468654191435
2.0,4.0,3.0,4.0,4.0,2.0,2.485653374525157
2.0,4.0,3.0,4.0,4.0,3.0,2.7506610516809693
2.0,4.0,3.0,4.0,4.0,4.0,2.909799119718367
2.0,4.0,3.0,4.0,4.0,5.0,3.0962396545220625
2.0,4.0,3.0,4.0,5.0,2.0,2.7024606250483543
2.0,4.0,3.0,4.0,5.0,3.0,2.9237675804791663
2.0,4.0,3.0,4.0,5.0,4.0,3.14761444247167
2.0,4.0,3.0,5.0,1.0,3.0,2.4562447250079606
2.0,4.0,3.0,5.0,1.0,4.0,2.456244764556062
2.0,4.0,3.0,5.0,1.0,5.0,2.7743973951916057
2.0,4.0,3.0,5.0,2.0,2.0,2.485155635091558
2.0,4.0,3.0,5.0,2.0,4.0,2.843953879308234
2.0,4.0,3.0,5.0,3.0,1.0,2.2149232893950854
2.0,4.0,3.0,5.0,3.0,2.0,2.4851556268349873
2.0,4.0,3.0,5.0,3.0,3.0,2.6867451679879975
2.0,4.0,3.0,5.0,3.0,4.0,2.8439533758489075
2.0,4.0,3.0,5.0,3.0,5.0,3.0913812689310065
2.0,4.0,3.0,5.0,4.0,2.0,2.7281939107717794
2.0,4.0,3.0,5.0,4.0,3.0,2.8993734969188356
2.0,4.0,3.0,5.0,4.0,4.0,2.9205817171582362
2.0,4.0,3.0,5.0,4.0,5.0,3.1752806869435295
2.0,4.0,3.0,5.0,5.0,3.0,3.0666853819880906
2.0,4.0,3.0,5.0,5.0,4.0,3.2645335884526547
2.0,4.0,3.0,5.0,5.0,5.0,3.338682952556906
2.0,4.0,4.0,1.0,1.0,1.0,1.6111452530031973
2.0,4.0,4.0,1.0,3.0,2.0,2.2337127630551508
2.0,4.0,4.0,1.0,4.0,2.0,2.3185324238600873
2.0,4.0,4.0,1.0,4.0,4.0,2.5978193692046023
2.0,4.0,4.0,1.0,4.0,5.0,2.8939560587643065
2.0,4.0,4.0,2.0,1.0,1.0,1.9263066327021892
2.0,4.0,4.0,2.0,1.0,2.0,2.0946714696494078
2.0,4.0,4.0,2.0,1.0,3.0,2.285136152215285
2.0,4.0,4.0,2.0,2.0,1.0,2.0483056392963888
2.0,4.0,4.0,2.0,2.0,2.0,2.143799081653831
2.0,4.0,4.0,2.0,3.0,1.0,2.0535827309632833
2.0,4.0,4.0,2.0,3.0,2.0,2.453475820541176
2.0,4.0,4.0,2.0,3.0,3.0,2.6504246336969444
2.0,4.0,4.0,2.0,4.0,1.0,2.2923036488026423
2.0,4.0,4.0,2.0,4.0,2.0,2.4534757751327447
2.0,4.0,4.0,2.0,4.0,3.0,2.8746416423431604
2.0,4.0,4.0,2.0,4.0,4.0,3.037250300766915
2.0,4.0,4.0,2.0,5.0,4.0,3.0692688221170665
2.0,4.0,4.0,3.0,1.0,1.0,2.0419558437843346
2.0,4.0,4.0,3.0,1.0,2.0,2.2327142620045266
2.0,4.0,4.0,3.0,1.0,3.0,2.517864692822378
2.0,4.0,4.0,3.0,2.0,1.0,2.1643123020458175
2.0,4.0,4.0,3.0,2.0,2.0,2.435881396918182
2.0,4.0,4.0,3.0,2.0,3.0,2.625172998149635
2.0,4.0,4.0,3.0,2.0,4.0,2.702556575175278
2.0,4.0,4.0,3.0,3.0,2.0,2.592612482550121
2.0,4.0,4.0,3.0,3.0,3.0,2.6504240835109414
2.0,4.0,4.0,3.0,3.0,4.0,2.8491231238073764
2.0,4.0,4.0,3.0,4.0,2.0,2.592612704694913
2.0,4.0,4.0,3.0,4.0,3.0,2.8795828704964306
2.0,4.0,4.0,3.0,4.0,4.0,3.2197659315935176
2.0,4.0,4.0,3.0,4.0,5.0,3.359413045336709
2.0,4.0,4.0,4.0,1.0,1.0,2.041955507997108
2.0,4.0,4.0,4.0,1.0,2.0,2.337734701054646
2.0,4.0,4.0,4.0,1.0,3.0,2.567617994987056
2.0,4.0,4.0,4.0,1.0,4.0,2.6965642180154403
2.0,4.0,4.0,4.0,2.0,3.0,2.732735419791726
2.0,4.0,4.0,4.0,2.0,4.0,2.865619225020439
2.0,4.0,4.0,4.0,3.0,2.0,2.592611997524862
2.0,4.0,4.0,4.0,3.0,3.0,2.946526498527048
2.0,4.0,4.0,4.0,3.0,4.0,3.183360069149675
2.0,4.0,4.0,4.0,4.0,1.0,2.524316956576713
2.0,4.0,4.0,4.0,4.0,2.0,2.8204535963188926
2.0,4.0,4.0,4.0,4.0,3.0,3.050644192208464
2.0,4.0,4.0,4.0,4.0,4.0,3.2216309028622523
2.0,4.0,4.0,4.0,4.0,5.0,3.4140156298288584
2.0,4.0,4.0,4.0,5.0,3.0,3.0788682260784688
2.0,4.0,4.0,4.0,5.0,4.0,3.3202406119688583
2.0,4.0,4.0,5.0,1.0,4.0,2.929292774075803
2.0,4.0,4.0,5.0,2.0,4.0,3.0512917629764504
2.0,4.0,4.0,5.0,3.0,1.0,2.5686701471173903
2.0,4.0,4.0,5.0,3.0,3.0,3.1105978839020194
2.0,4.0,4.0,5.0,3.0,4.0,3.1833596981069325
2.0,4.0,4.0,5.0,4.0,4.0,3.2388332205113137
2.0,4.0,4.0,5.0,4.0,5.0,3.492040352479465
2.0,4.0,4.0,5.0,5.0,4.0,3.320240015225533
2.0,4.0,4.0,5.0,5.0,5.0,3.557638414191171
2.0,4.0,5.0,1.0,3.0,2.0,2.473704670444519
2.0,4.0,5.0,2.0,2.0,3.0,2.647127089268089
2.0,4.0,5.0,2.0,3.0,4.0,2.9485409219713565
2.0,4.0,5.0,2.0,4.0,3.0,3.00702692210168
2.0,4.0,5.0,3.0,1.0,2.0,2.4617197585386967
2.0,4.0,5.0,3.0,3.0,3.0,3.062854140451555
2.0,4.0,5.0,3.0,3.0,4.0,3.226565257640024
2.0,4.0,5.0,3.0,4.0,3.0,3.0628541416099373
2.0,4.0,5.0,3.0,4.0,5.0,3.482683147994954
2.0,4.0,5.0,3.0,5.0,5.0,3.492043711689285
2.0,4.0,5.0,4.0,3.0,3.0,3.117861280057933
2.0,4.0,5.0,4.0,3.0,4.0,3.4752478551476185
2.0,4.0,5.0,4.0,4.0,3.0,3.2842695030920472
2.0,4.0,5.0,4.0,4.0,4.0,3.477278529749473
2.0,4.0,5.0,4.0,4.0,5.0,3.4920418567103253
2.0,4.0,5.0,4.0,5.0,3.0,3.2842695114623117
2.0,4.0,5.0,4.0,5.0,4.0,3.4846990406406597
2.0,4.0,5.0,4.0,5.0,5.0,3.4920428689121925
2.0,4.0,5.0,5.0,1.0,5.0,3.231977593509651
2.0,4.0,5.0,5.0,3.0,1.0,2.991760276885552
2.0,4.0,5.0,5.0,4.0,4.0,3.4772781987645303
2.0,4.0,5.0,5.0,4.0,5.0,3.49204077195875
2.0,4.0,5.0,5.0,5.0,4.0,3.701984871974509
2.0,4.0,5.0,5.0,5.0,5.0,3.801753216581475
2.0,5.0,1.0,1.0,1.0,1.0,1.1084722915561347
2.0,5.0,1.0,1.0,1.0,2.0,1.3362914432722566
2.0,5.0,1.0,1.0,1.0,3.0,1.51674072577178
2.0,5.0,1.0,1.0,2.0,1.0,1.2621567910089952
2.0,5.0,1.0,1.0,2.0,2.0,1.5130999662238385
2.0,5.0,1.0,1.0,3.0,1.0,1.434929562881963
2.0,5.0,1.0,1.0,3.0,2.0,1.5502948618214891
2.0,5.0,1.0,1.0,3.0,3.0,1.7857472982928302
2.0,5.0,1.0,1.0,4.0,1.0,1.4349294549666582
2.0,5.0,1.0,1.0,4.0,2.0,1.5995495700463178
2.0,5.0,1.0,1.0,4.0,3.0,1.8827376762725883
2.0,5.0,1.0,1.0,5.0,4.0,1.9558608021511257
2.0,5.0,1.0,2.0,1.0,1.0,1.2502459914066961
2.0,5.0,1.0,2.0,1.0,2.0,1.4858193815247125
2.0,5.0,1.0,2.0,2.0,1.0,1.4132494593579819
2.0,5.0,1.0,2.0,2.0,2.0,1.6286212580316326
2.0,5.0,1.0,2.0,2.0,3.0,1.7031941079835178
2.0,5.0,1.0,2.0,3.0,1.0,1.5179158151228185
2.0,5.0,1.0,2.0,3.0,2.0,1.7423174544146416
2.0,5.0,1.0,2.0,3.0,3.0,1.805442755024626
2.0,5.0,1.0,2.0,4.0,1.0,1.5477604663181148
2.0,5.0,1.0,2.0,4.0,2.0,1.838214030690182
2.0,5.0,1.0,2.0,4.0,3.0,1.9987443394462208
2.0,5.0,1.0,2.0,4.0,4.0,2.061436886836308
2.0,5.0,1.0,2.0,4.0,5.0,2.4742957663230443
2.0,5.0,1.0,2.0,5.0,3.0,2.1207438616282546
2.0,5.0,1.0,3.0,1.0,1.0,1.2658181918651796
2.0,5.0,1.0,3.0,1.0,2.0,1.48581898949134
2.0,5.0,1.0,3.0,1.0,3.0,1.6742774109737644
2.0,5.0,1.0,3.0,1.0,4.0,1.9281687306344173
2.0,5.0,1.0,3.0,2.0,1.0,1.5093774788869923
2.0,5.0,1.0,3.0,2.0,2.0,1.8221136416098564
2.0,5.0,1.0,3.0,2.0,3.0,1.8221135838383054
2.0,5.0,1.0,3.0,3.0,1.0,1.5632285516149027
2.0,5.0,1.0,3.0,3.0,2.0,1.822113814067896
2.0,5.0,1.0,3.0,3.0,3.0,1.9960119671320944
2.0,5.0,1.0,3.0,4.0,2.0,2.052058119592194
2.0,5.0,1.0,3.0,4.0,3.0,2.0849911638024023
2.0,5.0,1.0,4.0,1.0,1.0,1.4300956969916236
2.0,5.0,1.0,4.0,1.0,3.0,1.7957259954168083
2.0,5.0,1.0,4.0,1.0,4.0,2.0438179641456036
2.0,5.0,1.0,4.0,2.0,1.0,1.5093771521241846
2.0,5.0,1.0,4.0,2.0,2.0,1.8274818336400662
2.0,5.0,1.0,4.0,2.0,3.0,1.9901941077704315
2.0,5.0,1.0,4.0,3.0,2.0,1.9607786817555481
2.0,5.0,1.0,4.0,3.0,3.0,2.2019131188883305
2.0,5.0,1.0,4.0,3.0,4.0,2.233633857242294
2.0,5.0,1.0,4.0,4.0,1.0,1.871928161615978
2.0,5.0,1.0,4.0,4.0,2.0,2.150498513848321
2.0,5.0,1.0,4.0,4.0,3.0,2.2066387119501134
2.0,5.0,1.0,4.0,4.0,4.0,2.5218046895559003
2.0,5.0,1.0,4.0,4.0,5.0,2.5895871624738804
2.0,5.0,1.0,4.0,5.0,2.0,2.173342406547004
2.0,5.0,1.0,4.0,5.0,3.0,2.578968200024786
2.0,5.0,1.0,4.0,5.0,4.0,2.5789684579980925
2.0,5.0,1.0,4.0,5.0,5.0,2.8283080531578904
2.0,5.0,1.0,5.0,1.0,1.0,1.5052158077744016
2.0,5.0,1.0,5.0,1.0,3.0,1.9807672998326435
2.0,5.0,1.0,5.0,1.0,4.0,2.0438176292867065
2.0,5.0,1.0,5.0,1.0,5.0,2.3041018411533387
2.0,5.0,1.0,5.0,2.0,2.0,2.035885022929941
2.0,5.0,1.0,5.0,3.0,4.0,2.466653233703684
2.0,5.0,1.0,5.0,3.0,5.0,2.466653280587114
2.0,5.0,1.0,5.0,4.0,5.0,2.8408877731969433
2.0,5.0,1.0,5.0,5.0,3.0,2.5789676981956706
2.0,5.0,1.0,5.0,5.0,5.0,2.8602233702421014
2.0,5.0,2.0,1.0,1.0,1.0,1.3334082604347886
2.0,5.0,2.0,1.0,1.0,2.0,1.6406201789603352
2.0,5.0,2.0,1.0,2.0,1.0,1.559920576339103
2.0,5.0,2.0,1.0,2.0,2.0,1.6406194743953235
2.0,5.0,2.0,1.0,2.0,3.0,1.8375474705190271
2.0,5.0,2.0,1.0,2.0,4.0,1.9414244398079676
2.0,5.0,2.0,1.0,3.0,1.0,1.5599206472318954
2.0,5.0,2.0,1.0,3.0,2.0,1.8375467783072652
2.0,5.0,2.0,1.0,3.0,3.0,2.1557276628012376
2.0,5.0,2.0,1.0,3.0,5.0,2.359560137403034
2.0,5.0,2.0,1.0,4.0,1.0,1.8806219873023797
2.0,5.0,2.0,1.0,4.0,3.0,2.263800734411715
2.0,5.0,2.0,1.0,4.0,4.0,2.3561533329365494
2.0,5.0,2.0,1.0,5.0,4.0,2.424143362539723
2.0,5.0,2.0,1.0,5.0,5.0,2.7202800328688914
2.0,5.0,2.0,2.0,1.0,1.0,1.4648338711010278
2.0,5.0,2.0,2.0,1.0,2.0,1.8633900231469251
2.0,5.0,2.0,2.0,1.0,4.0,2.162657457649976
2.0,5.0,2.0,2.0,2.0,1.0,1.5756322351350556
2.0,5.0,2.0,2.0,2.0,2.0,1.8633900678455024
2.0,5.0,2.0,2.0,2.0,3.0,2.1557269440171343
2.0,5.0,2.0,2.0,2.0,4.0,2.2773285233181944
2.0,5.0,2.0,2.0,3.0,1.0,1.8812053416843506
2.0,5.0,2.0,2.0,3.0,2.0,2.04324296362011
2.0,5.0,2.0,2.0,3.0,3.0,2.155727285706439
2.0,5.0,2.0,2.0,3.0,4.0,2.2773285612333334
2.0,5.0,2.0,2.0,4.0,2.0,2.223971873709796
2.0,5.0,2.0,2.0,4.0,4.0,2.356153110803674
2.0,5.0,2.0,2.0,5.0,2.0,2.2239718483706543
2.0,5.0,2.0,2.0,5.0,3.0,2.3972915075925845
2.0,5.0,2.0,2.0,5.0,5.0,2.8362873712392327
2.0,5.0,2.0,3.0,1.0,1.0,1.6685985351732018
2.0,5.0,2.0,3.0,1.0,2.0,1.940228166722107
2.0,5.0,2.0,3.0,1.0,3.0,2.1316561766725255
2.0,5.0,2.0,3.0,2.0,1.0,1.7817953350169162
2.0,5.0,2.0,3.0,2.0,2.0,1.9402282265985558
2.0,5.0,2.0,3.0,2.0,3.0,2.311341783464434
2.0,5.0,2.0,3.0,3.0,1.0,1.8812049711784324
2.0,5.0,2.0,3.0,3.0,2.0,2.1891129104085567
2.0,5.0,2.0,3.0,3.0,3.0,2.3688501457863373
2.0,5.0,2.0,3.0,3.0,4.0,2.4203893573922803
2.0,5.0,2.0,3.0,4.0,1.0,2.1126352872215906
2.0,5.0,2.0,3.0,4.0,2.0,2.357476959131253
2.0,5.0,2.0,3.0,4.0,3.0,2.368850391746165
2.0,5.0,2.0,3.0,4.0,4.0,2.48668127075969
2.0,5.0,2.0,3.0,4.0,5.0,2.830295031786417
2.0,5.0,2.0,3.0,5.0,2.0,2.357477190359539
2.0,5.0,2.0,3.0,5.0,3.0,2.6121847912650367
2.0,5.0,2.0,3.0,5.0,4.0,2.777960793954412
2.0,5.0,2.0,3.0,5.0,5.0,2.952293264626815
2.0,5.0,2.0,4.0,1.0,1.0,1.7192971629795113
2.0,5.0,2.0,4.0,1.0,2.0,2.0376637482287836
2.0,5.0,2.0,4.0,1.0,3.0,2.1396292673330324
2.0,5.0,2.0,4.0,1.0,4.0,2.3151149195525407
2.0,5.0,2.0,4.0,1.0,5.0,2.4448671895873866
2.0,5.0,2.0,4.0,2.0,2.0,2.164058687637743
2.0,5.0,2.0,4.0,2.0,3.0,2.311341423608623
2.0,5.0,2.0,4.0,2.0,4.0,2.4737277906824975
2.0,5.0,2.0,4.0,3.0,2.0,2.2983187851524307
2.0,5.0,2.0,4.0,3.0,3.0,2.3688495930927003
2.0,5.0,2.0,4.0,3.0,4.0,2.5774826357080913
2.0,5.0,2.0,4.0,3.0,5.0,2.7075800359869935
2.0,5.0,2.0,4.0,4.0,2.0,2.3574764820227365
2.0,5.0,2.0,4.0,4.0,3.0,2.4978397397670826
2.0,5.0,2.0,4.0,4.0,4.0,2.601696214607639
2.0,5.0,2.0,4.0,4.0,5.0,2.9463009693586226
2.0,5.0,2.0,4.0,5.0,2.0,2.47465342268023
2.0,5.0,2.0,4.0,5.0,3.0,2.612184517900973
2.0,5.0,2.0,4.0,5.0,4.0,2.795977477729327
2.0,5.0,2.0,4.0,5.0,5.0,3.0052743687451864
2.0,5.0,2.0,5.0,1.0,2.0,2.0413444723351977
2.0,5.0,2.0,5.0,1.0,3.0,2.1396289214958775
2.0,5.0,2.0,5.0,1.0,4.0,2.4001739819738797
2.0,5.0,2.0,5.0,1.0,5.0,2.4448666359178715
2.0,5.0,2.0,5.0,2.0,2.0,2.28006533896464
2.0,5.0,2.0,5.0,2.0,3.0,2.381193244015412
2.0,5.0,2.0,5.0,2.0,4.0,2.63889487032248
2.0,5.0,2.0,5.0,2.0,5.0,2.73277856648955
2.0,5.0,2.0,5.0,3.0,1.0,1.9892059844222032
2.0,5.0,2.0,5.0,3.0,3.0,2.4306728298541818
2.0,5.0,2.0,5.0,3.0,4.0,2.7608938735813937
2.0,5.0,2.0,5.0,3.0,5.0,2.842025997903805
2.0,5.0,2.0,5.0,4.0,2.0,2.5240633085713045
2.0,5.0,2.0,5.0,4.0,3.0,2.73447120447766
2.0,5.0,2.0,5.0,4.0,4.0,2.7830284796679394
2.0,5.0,2.0,5.0,4.0,5.0,2.9512734208053573
2.0,5.0,2.0,5.0,5.0,2.0,2.65140602689806
2.0,5.0,2.0,5.0,5.0,3.0,2.8810250988624437
2.0,5.0,2.0,5.0,5.0,4.0,3.003966242067519
2.0,5.0,2.0,5.0,5.0,5.0,3.0052742767136493
2.0,5.0,3.0,1.0,1.0,1.0,1.5589078680409671
2.0,5.0,3.0,1.0,1.0,2.0,1.8364053964426348
2.0,5.0,3.0,1.0,1.0,3.0,1.9967245359709462
2.0,5.0,3.0,1.0,2.0,1.0,1.7357163455318263
2.0,5.0,3.0,1.0,2.0,2.0,1.9229807357625661
2.0,5.0,3.0,1.0,2.0,3.0,2.1353898280999326
2.0,5.0,3.0,1.0,3.0,1.0,1.8942382308413903
2.0,5.0,3.0,1.0,3.0,2.0,2.049705391414048
2.0,5.0,3.0,1.0,3.0,3.0,2.320084108182274
2.0,5.0,3.0,1.0,3.0,4.0,2.420137215484866
2.0,5.0,3.0,1.0,4.0,2.0,2.183306774045045
2.0,5.0,3.0,1.0,4.0,3.0,2.459976835421008
2.0,5.0,3.0,1.0,5.0,4.0,2.8975791069654475
2.0,5.0,3.0,2.0,1.0,2.0,1.9700996229422343
2.0,5.0,3.0,2.0,1.0,4.0,2.1626573463808607
2.0,5.0,3.0,2.0,2.0,1.0,1.8479295549487154
2.0,5.0,3.0,2.0,2.0,2.0,2.059159794900682
2.0,5.0,3.0,2.0,2.0,3.0,2.300092171101205
2.0,5.0,3.0,2.0,2.0,4.0,2.530866840680405
2.0,5.0,3.0,2.0,3.0,2.0,2.0975845807690034
2.0,5.0,3.0,2.0,3.0,3.0,2.437045235532853
2.0,5.0,3.0,2.0,3.0,4.0,2.769587732968993
2.0,5.0,3.0,2.0,3.0,5.0,2.832281283402675
2.0,5.0,3.0,2.0,4.0,2.0,2.3263329879862304
2.0,5.0,3.0,2.0,4.0,3.0,2.4599765026233458
2.0,5.0,3.0,2.0,4.0,4.0,2.7748648423458993
2.0,5.0,3.0,2.0,5.0,2.0,2.421312436595405
2.0,5.0,3.0,2.0,5.0,3.0,2.676294895723971
2.0,5.0,3.0,2.0,5.0,5.0,3.111852449585899
2.0,5.0,3.0,3.0,1.0,2.0,2.1767617082799804
2.0,5.0,3.0,3.0,1.0,3.0,2.1830809498726635
2.0,5.0,3.0,3.0,1.0,4.0,2.414993860333628
2.0,5.0,3.0,3.0,2.0,2.0,2.226178189628563
2.0,5.0,3.0,3.0,2.0,3.0,2.4778167108856755
2.0,5.0,3.0,3.0,3.0,2.0,2.479822634030339
2.0,5.0,3.0,3.0,3.0,3.0,2.676184255780479
2.0,5.0,3.0,3.0,3.0,4.0,2.8739953884120917
2.0,5.0,3.0,3.0,4.0,1.0,2.3526271489627932
2.0,5.0,3.0,3.0,4.0,2.0,2.6014148414436153
2.0,5.0,3.0,3.0,4.0,3.0,2.7603621082710625
2.0,5.0,3.0,3.0,4.0,4.0,2.873995427723102
2.0,5.0,3.0,3.0,4.0,5.0,3.11185170291393
2.0,5.0,3.0,3.0,5.0,3.0,2.760362079426088
2.0,5.0,3.0,3.0,5.0,4.0,3.1050658885970077
2.0,5.0,3.0,3.0,5.0,5.0,3.1118517042743523
2.0,5.0,3.0,4.0,1.0,1.0,2.1026368520620244
2.0,5.0,3.0,4.0,1.0,2.0,2.183076346219289
2.0,5.0,3.0,4.0,1.0,3.0,2.4466754676979017
2.0,5.0,3.0,4.0,1.0,4.0,2.6408811435743025
2.0,5.0,3.0,4.0,2.0,1.0,2.1079139947944534
2.0,5.0,3.0,4.0,2.0,2.0,2.4040506086521325
2.0,5.0,3.0,4.0,2.0,3.0,2.6177346368470498
2.0,5.0,3.0,4.0,2.0,4.0,2.651477888389032
2.0,5.0,3.0,4.0,2.0,5.0,3.05246921367723
2.0,5.0,3.0,4.0,3.0,2.0,2.4798222513159915
2.0,5.0,3.0,4.0,3.0,3.0,2.779371984046073
2.0,5.0,3.0,4.0,3.0,4.0,2.909801037502768
2.0,5.0,3.0,4.0,3.0,5.0,3.0524692486713447
2.0,5.0,3.0,4.0,4.0,2.0,2.6303414329845944
2.0,5.0,3.0,4.0,4.0,3.0,2.9050461293464247
2.0,5.0,3.0,4.0,4.0,4.0,2.909800469345734
2.0,5.0,3.0,4.0,4.0,5.0,3.175281858544019
2.0,5.0,3.0,4.0,5.0,1.0,2.4739109745727137
2.0,5.0,3.0,4.0,5.0,3.0,2.9237682824101388
2.0,5.0,3.0,4.0,5.0,4.0,3.1476146445862847
2.0,5.0,3.0,4.0,5.0,5.0,3.338684131683502
2.0,5.0,3.0,5.0,1.0,2.0,2.213749586612013
2.0,5.0,3.0,5.0,1.0,3.0,2.6323857400058768
2.0,5.0,3.0,5.0,1.0,4.0,2.75688779563089
2.0,5.0,3.0,5.0,1.0,5.0,2.7743977141071747
2.0,5.0,3.0,5.0,2.0,3.0,2.699472029697696
2.0,5.0,3.0,5.0,2.0,4.0,2.8439543081656162
2.0,5.0,3.0,5.0,2.0,5.0,3.1752806793498096
2.0,5.0,3.0,5.0,3.0,1.0,2.2149233389078296
2.0,5.0,3.0,5.0,3.0,2.0,2.679469239996838
2.0,5.0,3.0,5.0,3.0,3.0,2.9417661068895202
2.0,5.0,3.0,5.0,3.0,4.0,2.9417661098915
2.0,5.0,3.0,5.0,3.0,5.0,3.1752808850390193
2.0,5.0,3.0,5.0,4.0,3.0,3.060191899721662
2.0,5.0,3.0,5.0,4.0,4.0,3.124262938826325
2.0,5.0,3.0,5.0,4.0,5.0,3.175281261149285
2.0,5.0,3.0,5.0,5.0,3.0,3.0666855417438166
2.0,5.0,3.0,5.0,5.0,4.0,3.264533763518843
2.0,5.0,3.0,5.0,5.0,5.0,3.338683548359314
2.0,5.0,4.0,1.0,3.0,2.0,2.3012997167640807
2.0,5.0,4.0,1.0,3.0,3.0,2.480714469255918
2.0,5.0,4.0,2.0,1.0,2.0,2.173308364884737
2.0,5.0,4.0,2.0,1.0,3.0,2.3158562623337
2.0,5.0,4.0,2.0,2.0,2.0,2.412029250243927
2.0,5.0,4.0,2.0,2.0,3.0,2.4747221273046627
2.0,5.0,4.0,2.0,3.0,3.0,2.650425013148083
2.0,5.0,4.0,2.0,4.0,3.0,2.874641828169592
2.0,5.0,4.0,2.0,4.0,4.0,3.0372504513982053
2.0,5.0,4.0,2.0,5.0,3.0,3.0660913792212505
2.0,5.0,4.0,2.0,5.0,4.0,3.1368557659119762
2.0,5.0,4.0,2.0,5.0,5.0,3.3162705346195005
2.0,5.0,4.0,3.0,2.0,2.0,2.435881557609293
2.0,5.0,4.0,3.0,2.0,3.0,2.764958648376918
2.0,5.0,4.0,3.0,3.0,2.0,2.716270145911055
2.0,5.0,4.0,3.0,3.0,3.0,2.764958685751844
2.0,5.0,4.0,3.0,3.0,4.0,3.007938116019502
2.0,5.0,4.0,3.0,4.0,1.0,2.5926191496178084
2.0,5.0,4.0,3.0,4.0,3.0,2.9669024312638155
2.0,5.0,4.0,3.0,4.0,4.0,3.221634786248469
2.0,5.0,4.0,3.0,5.0,3.0,3.066091026867632
2.0,5.0,4.0,3.0,5.0,4.0,3.2216357757621763
2.0,5.0,4.0,3.0,5.0,5.0,3.445095092308542
2.0,5.0,4.0,4.0,2.0,3.0,2.8419099999301056
2.0,5.0,4.0,4.0,2.0,4.0,3.0028720744871826
2.0,5.0,4.0,4.0,3.0,2.0,2.8942143161661966
2.0,5.0,4.0,4.0,3.0,3.0,3.0460524428459244
2.0,5.0,4.0,4.0,3.0,4.0,3.221632839107295
2.0,5.0,4.0,4.0,3.0,5.0,3.4210077208901035
2.0,5.0,4.0,4.0,4.0,3.0,3.0506443309358153
2.0,5.0,4.0,4.0,4.0,4.0,3.221632841974632
2.0,5.0,4.0,4.0,4.0,5.0,3.5161574820804646
2.0,5.0,4.0,4.0,5.0,2.0,2.8942143085657177
2.0,5.0,4.0,4.0,5.0,3.0,3.169652268926792
2.0,5.0,4.0,4.0,5.0,4.0,3.395715435100789
2.0,5.0,4.0,4.0,5.0,5.0,3.5576417379032614
2.0,5.0,4.0,5.0,1.0,3.0,2.700743080383682
2.0,5.0,4.0,5.0,1.0,4.0,2.99687973442382
2.0,5.0,4.0,5.0,1.0,5.0,3.0533461408830807
2.0,5.0,4.0,5.0,2.0,2.0,2.7600491542001997
2.0,5.0,4.0,5.0,2.0,3.0,2.879160894009023
2.0,5.0,4.0,5.0,2.0,4.0,3.2856413085254834
2.0,5.0,4.0,5.0,2.0,5.0,3.2982934588050843
2.0,5.0,4.0,5.0,3.0,4.0,3.2995196808431126
2.0,5.0,4.0,5.0,3.0,5.0,3.5300091027352507
2.0,5.0,4.0,5.0,4.0,3.0,3.2433704911956083
2.0,5.0,4.0,5.0,4.0,4.0,3.392417519169736
2.0,5.0,4.0,5.0,4.0,5.0,3.5490877527701366
2.0,5.0,4.0,5.0,5.0,3.0,3.3054609528902987
2.0,5.0,4.0,5.0,5.0,4.0,3.5576407728095703
2.0,5.0,4.0,5.0,5.0,5.0,3.557640675848132
2.0,5.0,5.0,1.0,3.0,1.0,2.245155021619371
2.0,5.0,5.0,1.0,3.0,3.0,2.7498990909762133
2.0,5.0,5.0,1.0,4.0,5.0,3.2015349383591474
2.0,5.0,5.0,1.0,5.0,1.0,2.5425480494097434
2.0,5.0,5.0,1.0,5.0,3.0,2.8479824617650666
2.0,5.0,5.0,2.0,3.0,2.0,2.6572982693442704
2.0,5.0,5.0,2.0,3.0,3.0,2.836713051732074
2.0,5.0,5.0,2.0,3.0,4.0,3.226566322357866
2.0,5.0,5.0,3.0,2.0,1.0,2.47189104132235
2.0,5.0,5.0,3.0,3.0,3.0,3.1861635079841655
2.0,5.0,5.0,3.0,3.0,4.0,3.22656573135732
2.0,5.0,5.0,3.0,4.0,2.0,2.895304042466891
2.0,5.0,5.0,3.0,4.0,3.0,3.1914405782693915
2.0,5.0,5.0,3.0,5.0,3.0,3.280678451152552
2.0,5.0,5.0,3.0,5.0,4.0,3.4942071912395676
2.0,5.0,5.0,3.0,5.0,5.0,3.8002272108302275
2.0,5.0,5.0,4.0,4.0,5.0,3.5161573323745325
2.0,5.0,5.0,4.0,5.0,3.0,3.429446250004967
2.0,5.0,5.0,4.0,5.0,4.0,3.6537840058240314
2.0,5.0,5.0,4.0,5.0,5.0,3.8002268671450845
2.0,5.0,5.0,5.0,1.0,3.0,2.824013160744771
2.0,5.0,5.0,5.0,1.0,5.0,3.4162864233743857
2.0,5.0,5.0,5.0,2.0,4.0,3.4755925485622052
2.0,5.0,5.0,5.0,2.0,5.0,3.5865447145675717
2.0,5.0,5.0,5.0,3.0,2.0,3.12204021505672
2.0,5.0,5.0,5.0,3.0,3.0,3.4181767440202826
2.0,5.0,5.0,5.0,3.0,4.0,3.597591522483177
2.0,5.0,5.0,5.0,3.0,5.0,3.801754948595302
2.0,5.0,5.0,5.0,4.0,4.0,3.649698693988669
2.0,5.0,5.0,5.0,4.0,5.0,3.801754665237059
2.0,5.0,5.0,5.0,5.0,2.0,3.2493161707457054
2.0,5.0,5.0,5.0,5.0,3.0,3.7019856883353084
2.0,5.0,5.0,5.0,5.0,4.0,3.701985383986213
2.0,5.0,5.0,5.0,5.0,5.0,3.8017542282034316
3.0,1.0,1.0,1.0,1.0,1.0,1.1088206361803605
3.0,1.0,1.0,1.0,1.0,2.0,1.3093256850405146
3.0,1.0,1.0,1.0,1.0,3.0,1.5029473062809784
3.0,1.0,1.0,1.0,2.0,1.0,1.1089254789770744
3.0,1.0,1.0,1.0,2.0,2.0,1.4278569467429225
3.0,1.0,1.0,1.0,2.0,3.0,1.508224312080217
3.0,1.0,1.0,1.0,3.0,1.0,1.2010077704917388
3.0,1.0,1.0,1.0,3.0,2.0,1.45080836212248
3.0,1.0,1.0,1.0,4.0,3.0,1.7522218045931222
3.0,1.0,1.0,1.0,4.0,4.0,1.931636754614411
3.0,1.0,1.0,2.0,1.0,1.0,1.21895849083893
3.0,1.0,1.0,2.0,1.0,2.0,1.3093254059396684
3.0,1.0,1.0,2.0,2.0,1.0,1.4044320109847672
3.0,1.0,1.0,2.0,2.0,2.0,1.444816240865405
3.0,1.0,1.0,2.0,2.0,3.0,1.78716734078286
3.0,1.0,1.0,2.0,4.0,2.0,1.7213399594480323
3.0,1.0,1.0,3.0,1.0,1.0,1.256412162746259
3.0,1.0,1.0,3.0,1.0,2.0,1.5555457226719316
3.0,1.0,1.0,3.0,1.0,3.0,1.58060475773344
3.0,1.0,1.0,3.0,2.0,1.0,1.4981299154245273
3.0,1.0,1.0,3.0,2.0,2.0,1.7112482464113135
3.0,1.0,1.0,3.0,2.0,3.0,1.876240917164141
3.0,1.0,1.0,3.0,2.0,4.0,2.153096166492977
3.0,1.0,1.0,3.0,3.0,1.0,1.555311764796281
3.0,1.0,1.0,3.0,3.0,3.0,2.0652259076633706
3.0,1.0,1.0,3.0,4.0,3.0,2.100957475097921
3.0,1.0,1.0,3.0,5.0,1.0,1.7474064808640692
3.0,1.0,1.0,4.0,1.0,1.0,1.5472236105961503
3.0,1.0,1.0,4.0,1.0,2.0,1.6715522880149016
3.0,1.0,1.0,4.0,1.0,3.0,1.8665442148026157
3.0,1.0,1.0,4.0,2.0,3.0,1.8762393902758467
3.0,1.0,1.0,4.0,2.0,5.0,2.4485174889173016
3.0,1.0,1.0,4.0,3.0,1.0,1.7361353248734674
3.0,1.0,1.0,4.0,3.0,3.0,2.1653699608924577
3.0,1.0,1.0,4.0,3.0,4.0,2.1653699886452267
3.0,1.0,1.0,4.0,4.0,4.0,2.3963789020254724
3.0,1.0,1.0,5.0,1.0,1.0,1.5472227889175545
3.0,1.0,1.0,5.0,2.0,3.0,2.147926603328111
3.0,1.0,1.0,5.0,4.0,3.0,2.332970744212804
3.0,1.0,1.0,5.0,5.0,5.0,2.9305215735513976
3.0,1.0,2.0,1.0,1.0,1.0,1.3841093999330765
3.0,1.0,2.0,1.0,1.0,3.0,1.7425816049477596
3.0,1.0,2.0,1.0,2.0,1.0,1.3893860184578462
3.0,1.0,2.0,1.0,2.0,2.0,1.6138712684466352
3.0,1.0,2.0,1.0,3.0,1.0,1.4579348548686732
3.0,1.0,2.0,1.0,3.0,3.0,1.9971583264861
3.0,1.0,2.0,2.0,1.0,1.0,1.4054631228854544
3.0,1.0,2.0,2.0,1.0,2.0,1.6743769383362703
3.0,1.0,2.0,2.0,1.0,3.0,1.7425812655498842
3.0,1.0,2.0,2.0,2.0,1.0,1.599003109231343
3.0,1.0,2.0,2.0,2.0,2.0,1.822274409751403
3.0,1.0,2.0,2.0,2.0,3.0,2.087458263152523
3.0,1.0,2.0,2.0,3.0,2.0,2.029811000616967
3.0,1.0,2.0,2.0,3.0,3.0,2.102943719271896
3.0,1.0,2.0,2.0,4.0,2.0,2.0455280299539464
3.0,1.0,2.0,2.0,4.0,4.0,2.5210793662480557
3.0,1.0,2.0,3.0,1.0,1.0,1.5941447465145921
3.0,1.0,2.0,3.0,1.0,2.0,1.8342340906421934
3.0,1.0,2.0,3.0,1.0,3.0,1.9033530424718836
3.0,1.0,2.0,3.0,2.0,2.0,2.030677582123159
3.0,1.0,2.0,3.0,2.0,3.0,2.173232685187388
3.0,1.0,2.0,3.0,3.0,3.0,2.218950366264135
3.0,1.0,2.0,3.0,3.0,4.0,2.356727105086855
3.0,1.0,2.0,3.0,4.0,3.0,2.4576712783130485
3.0,1.0,2.0,3.0,4.0,4.0,2.637086002300476
3.0,1.0,2.0,4.0,1.0,1.0,1.7321291452456826
3.0,1.0,2.0,4.0,1.0,3.0,2.0909590468574044
3.0,1.0,2.0,4.0,2.0,3.0,2.3296798976132704
3.0,1.0,2.0,4.0,3.0,2.0,2.298488046116293
3.0,1.0,2.0,4.0,3.0,3.0,2.4516788508882317
3.0,1.0,2.0,4.0,4.0,2.0,2.298488001750742
3.0,1.0,2.0,4.0,4.0,4.0,2.8592306214142456
3.0,1.0,2.0,4.0,4.0,5.0,2.859230655181289
3.0,1.0,2.0,5.0,1.0,3.0,2.206965658833472
3.0,1.0,3.0,1.0,1.0,1.0,1.5072671111219047
3.0,1.0,3.0,1.0,2.0,1.0,1.6293786365303968
3.0,1.0,3.0,1.0,2.0,2.0,1.8087933349073655
3.0,1.0,3.0,2.0,1.0,1.0,1.6233862263195296
3.0,1.0,3.0,2.0,1.0,2.0,1.9641367811594013
3.0,1.0,3.0,2.0,2.0,1.0,1.7453853281007694
3.0,1.0,3.0,2.0,2.0,2.0,1.9641370409841248
3.0,1.0,3.0,2.0,2.0,3.0,2.337658521641215
3.0,1.0,3.0,2.0,3.0,1.0,1.9841059336240932
3.0,1.0,3.0,2.0,3.0,2.0,2.163520953709461
3.0,1.0,3.0,2.0,3.0,3.0,2.459657524464404
3.0,1.0,3.0,2.0,4.0,4.0,2.6443493552848483
3.0,1.0,3.0,3.0,1.0,2.0,1.964136278716783
3.0,1.0,3.0,3.0,1.0,3.0,2.21494430162144
3.0,1.0,3.0,3.0,2.0,1.0,1.9781136895713856
3.0,1.0,3.0,3.0,2.0,2.0,2.14106324906871
3.0,1.0,3.0,3.0,2.0,3.0,2.3678033177762114
3.0,1.0,3.0,3.0,3.0,2.0,2.439621882770105
3.0,1.0,3.0,3.0,3.0,3.0,2.515494521870911
3.0,1.0,3.0,3.0,4.0,3.0,2.5202200810492625
3.0,1.0,3.0,3.0,4.0,4.0,2.8770779313228774
3.0,1.0,3.0,4.0,1.0,1.0,1.977397055346304
3.0,1.0,3.0,4.0,1.0,2.0,2.1762585829683485
3.0,1.0,3.0,4.0,2.0,3.0,2.4529499473549907
3.0,1.0,3.0,4.0,3.0,1.0,2.4402339748630486
3.0,1.0,3.0,4.0,3.0,2.0,2.6239121406456567
3.0,1.0,3.0,4.0,3.0,3.0,2.623912152314462
3.0,1.0,3.0,4.0,4.0,3.0,2.833145110702098
3.0,1.0,3.0,4.0,4.0,4.0,2.994392847566328
3.0,1.0,3.0,4.0,4.0,5.0,3.172499351191438
3.0,1.0,3.0,5.0,1.0,2.0,2.267542829188881
3.0,1.0,3.0,5.0,1.0,4.0,2.7185267142221035
3.0,1.0,3.0,5.0,3.0,3.0,2.897384758604915
3.0,1.0,3.0,5.0,3.0,4.0,2.897384786121492
3.0,1.0,3.0,5.0,3.0,5.0,3.166506998834337
3.0,1.0,3.0,5.0,4.0,4.0,3.079862742625938
3.0,1.0,3.0,5.0,5.0,2.0,2.8722610881444464
3.0,1.0,3.0,5.0,5.0,5.0,3.4105050202808513
3.0,1.0,4.0,1.0,1.0,1.0,1.747371315800032
3.0,1.0,4.0,1.0,3.0,2.0,2.170784536678111
3.0,1.0,4.0,1.0,3.0,3.0,2.5836427623558085
3.0,1.0,4.0,2.0,2.0,1.0,2.218820950379452
3.0,1.0,4.0,2.0,3.0,3.0,2.6996494503161172
3.0,1.0,4.0,3.0,2.0,2.0,2.5142423657839257
3.0,1.0,4.0,3.0,3.0,2.0,2.5195193770901856
3.0,1.0,4.0,3.0,5.0,3.0,2.9429327536549694
3.0,1.0,4.0,4.0,4.0,3.0,3.0536617686931664
3.0,1.0,4.0,5.0,4.0,4.0,3.349083161256805
3.0,2.0,1.0,1.0,1.0,1.0,1.1088353504410677
3.0,2.0,1.0,1.0,1.0,2.0,1.4278573479095844
3.0,2.0,1.0,1.0,1.0,3.0,1.6431240566880114
3.0,2.0,1.0,1.0,2.0,1.0,1.2471569229857091
3.0,2.0,1.0,1.0,2.0,2.0,1.4278572424196587
3.0,2.0,1.0,1.0,3.0,1.0,1.3688873780120516
3.0,2.0,1.0,1.0,3.0,2.0,1.6216291001795007
3.0,2.0,1.0,1.0,4.0,1.0,1.4609797066252632
3.0,2.0,1.0,2.0,1.0,1.0,1.2189586583146481
3.0,2.0,1.0,2.0,1.0,2.0,1.4541204458980297
3.0,2.0,1.0,2.0,1.0,3.0,1.6431233426939098
3.0,2.0,1.0,2.0,2.0,1.0,1.5346396464333873
3.0,2.0,1.0,2.0,2.0,2.0,1.6646679785337153
3.0,2.0,1.0,2.0,2.0,3.0,1.7871675340125444
3.0,2.0,1.0,2.0,3.0,1.0,1.5658728466764176
3.0,2.0,1.0,2.0,3.0,2.0,1.751124021138612
3.0,2.0,1.0,2.0,3.0,3.0,1.877491734042366
3.0,2.0,1.0,2.0,4.0,2.0,1.8731229347081995
3.0,2.0,1.0,3.0,1.0,1.0,1.3973397513953039
3.0,2.0,1.0,3.0,1.0,3.0,1.6840828763169389
3.0,2.0,1.0,3.0,2.0,1.0,1.5658722685007618
3.0,2.0,1.0,3.0,2.0,2.0,1.7466806410933367
3.0,2.0,1.0,3.0,2.0,3.0,1.8762431773011539
3.0,2.0,1.0,3.0,3.0,1.0,1.565872493216147
3.0,2.0,1.0,3.0,3.0,2.0,2.0341513156311315
3.0,2.0,1.0,3.0,3.0,3.0,2.0898526120538348
3.0,2.0,1.0,3.0,3.0,4.0,2.2259598587384635
3.0,2.0,1.0,4.0,1.0,3.0,1.9050673306849764
3.0,2.0,1.0,4.0,2.0,2.0,1.8611382542036632
3.0,2.0,1.0,4.0,2.0,3.0,1.9185868746707402
3.0,2.0,1.0,4.0,2.0,5.0,2.5161043241026353
3.0,2.0,1.0,4.0,3.0,2.0,2.0833239628412628
3.0,2.0,1.0,4.0,3.0,3.0,2.2522594485656864
3.0,2.0,1.0,4.0,3.0,4.0,2.2522594724530887
3.0,2.0,1.0,4.0,4.0,4.0,2.5502543819315044
3.0,2.0,1.0,5.0,1.0,2.0,1.7384239696554549
3.0,2.0,1.0,5.0,3.0,2.0,2.099144539869455
3.0,2.0,1.0,5.0,4.0,2.0,2.2211429005592005
3.0,2.0,1.0,5.0,5.0,2.0,2.3431423852182007
3.0,2.0,1.0,5.0,5.0,3.0,2.6392786129123325
3.0,2.0,2.0,1.0,1.0,1.0,1.4363064608402567
3.0,2.0,2.0,1.0,1.0,2.0,1.514389385771016
3.0,2.0,2.0,1.0,2.0,1.0,1.4363064235983198
3.0,2.0,2.0,1.0,2.0,2.0,1.7531103573783777
3.0,2.0,2.0,1.0,2.0,3.0,1.9130331050304827
3.0,2.0,2.0,1.0,3.0,1.0,1.5640263578358857
3.0,2.0,2.0,1.0,3.0,2.0,1.8459581631630648
3.0,2.0,2.0,1.0,3.0,5.0,2.530074196197121
3.0,2.0,2.0,1.0,4.0,1.0,1.817693496033649
3.0,2.0,2.0,1.0,4.0,2.0,1.9971083278505088
3.0,2.0,2.0,2.0,1.0,1.0,1.5743033025422204
3.0,2.0,2.0,2.0,1.0,2.0,1.6743772991865677
3.0,2.0,2.0,2.0,1.0,3.0,1.9265326501454283
3.0,2.0,2.0,2.0,2.0,1.0,1.6897021583050822
3.0,2.0,2.0,2.0,2.0,2.0,2.0682140926382138
3.0,2.0,2.0,2.0,3.0,1.0,1.8473388024529604
3.0,2.0,2.0,2.0,3.0,2.0,2.0682121394648596
3.0,2.0,2.0,2.0,3.0,3.0,2.2992034204893446
3.0,2.0,2.0,2.0,4.0,2.0,2.0682111312894627
3.0,2.0,2.0,2.0,4.0,3.0,2.409251626721757
3.0,2.0,2.0,2.0,5.0,2.0,2.3518365942477777
3.0,2.0,2.0,3.0,1.0,1.0,1.7308874462245532
3.0,2.0,2.0,3.0,1.0,2.0,1.898622797026043
3.0,2.0,2.0,3.0,1.0,3.0,2.03448824985578
3.0,2.0,2.0,3.0,2.0,1.0,1.7478496354074582
3.0,2.0,2.0,3.0,2.0,2.0,2.1547091056611776
3.0,2.0,2.0,3.0,2.0,3.0,2.3812148628997827
3.0,2.0,2.0,3.0,3.0,1.0,1.8874424353312274
3.0,2.0,2.0,3.0,3.0,2.0,2.2141209417787464
3.0,2.0,2.0,3.0,3.0,3.0,2.447094735124928
3.0,2.0,2.0,3.0,4.0,1.0,2.141861162597078
3.0,2.0,2.0,3.0,4.0,2.0,2.2141208785416886
3.0,2.0,2.0,3.0,4.0,3.0,2.47909628632596
3.0,2.0,2.0,3.0,4.0,4.0,2.7975438766623273
3.0,2.0,2.0,3.0,5.0,3.0,2.5305350969947598
3.0,2.0,2.0,4.0,1.0,2.0,2.1234176224106562
3.0,2.0,2.0,4.0,1.0,3.0,2.141974448257036
3.0,2.0,2.0,4.0,1.0,4.0,2.3379607541058403
3.0,2.0,2.0,4.0,2.0,2.0,2.195081690399739
3.0,2.0,2.0,4.0,2.0,3.0,2.460265534580409
3.0,2.0,2.0,4.0,2.0,4.0,2.552114091405942
3.0,2.0,2.0,4.0,3.0,2.0,2.298488099644833
3.0,2.0,2.0,4.0,3.0,3.0,2.5847227084971776
3.0,2.0,2.0,4.0,3.0,4.0,2.6256531609820533
3.0,2.0,2.0,4.0,4.0,2.0,2.461850111645591
3.0,2.0,2.0,4.0,4.0,3.0,2.5847226997441712
3.0,2.0,2.0,4.0,4.0,4.0,2.8671858916762973
3.0,2.0,2.0,4.0,5.0,4.0,2.942678609094037
3.0,2.0,2.0,4.0,5.0,5.0,3.004810564101451
3.0,2.0,2.0,5.0,1.0,3.0,2.2458557679102706
3.0,2.0,2.0,5.0,3.0,1.0,2.04300054743813
3.0,2.0,2.0,5.0,3.0,2.0,2.2984878028579416
3.0,2.0,2.0,5.0,3.0,3.0,2.6434137369605666
3.0,2.0,2.0,5.0,4.0,4.0,2.943303782192673
3.0,2.0,2.0,5.0,5.0,3.0,2.6828454782124904
3.0,2.0,2.0,5.0,5.0,4.0,3.0156398164691534
3.0,2.0,2.0,5.0,5.0,5.0,3.0156396721677954
3.0,2.0,3.0,1.0,1.0,1.0,1.5072687879560436
3.0,2.0,3.0,1.0,1.0,2.0,1.7543813159007529
3.0,2.0,3.0,1.0,2.0,2.0,1.9665820888079955
3.0,2.0,3.0,1.0,2.0,3.0,2.2135574945120062
3.0,2.0,3.0,1.0,3.0,1.0,1.7326102361138027
3.0,2.0,3.0,1.0,3.0,2.0,1.9665817348994001
3.0,2.0,3.0,1.0,3.0,3.0,2.261732540386725
3.0,2.0,3.0,1.0,4.0,1.0,2.091478842538931
3.0,2.0,3.0,1.0,4.0,2.0,2.2559558699664466
3.0,2.0,3.0,1.0,4.0,4.0,2.688084056927635
3.0,2.0,3.0,1.0,5.0,5.0,3.0140661737934558
3.0,2.0,3.0,2.0,1.0,1.0,1.6909732117198482
3.0,2.0,3.0,2.0,1.0,2.0,2.050052681548978
3.0,2.0,3.0,2.0,1.0,3.0,2.1665246149055704
3.0,2.0,3.0,2.0,2.0,2.0,2.1328154584144
3.0,2.0,3.0,2.0,2.0,3.0,2.362888538882206
3.0,2.0,3.0,2.0,3.0,2.0,2.231107822634235
3.0,2.0,3.0,2.0,3.0,3.0,2.5185727422966044
3.0,2.0,3.0,2.0,4.0,2.0,2.42072135782415
3.0,2.0,3.0,2.0,4.0,3.0,2.5325215976162347
3.0,2.0,3.0,3.0,1.0,1.0,1.9316765524110513
3.0,2.0,3.0,3.0,1.0,2.0,2.1762597501229286
3.0,2.0,3.0,3.0,1.0,3.0,2.306464418395054
3.0,2.0,3.0,3.0,2.0,2.0,2.2895652774999906
3.0,2.0,3.0,3.0,2.0,3.0,2.7407605130928703
3.0,2.0,3.0,3.0,2.0,4.0,2.740760911251832
3.0,2.0,3.0,3.0,3.0,2.0,2.4396219735106652
3.0,2.0,3.0,3.0,3.0,3.0,2.8429658245939704
3.0,2.0,3.0,3.0,3.0,4.0,2.8562283078996273
3.0,2.0,3.0,3.0,4.0,2.0,2.585835399738208
3.0,2.0,3.0,3.0,4.0,3.0,2.8786047429198063
3.0,2.0,3.0,3.0,4.0,4.0,2.8827060260890107
3.0,2.0,3.0,3.0,4.0,5.0,3.216234387666493
3.0,2.0,3.0,3.0,5.0,3.0,2.8990339923365642
3.0,2.0,3.0,3.0,5.0,4.0,3.216158656231185
3.0,2.0,3.0,4.0,1.0,2.0,2.176259104145507
3.0,2.0,3.0,4.0,1.0,3.0,2.4177405551355533
3.0,2.0,3.0,4.0,1.0,4.0,2.623254442487781
3.0,2.0,3.0,4.0,2.0,2.0,2.3711912498013854
3.0,2.0,3.0,4.0,2.0,3.0,2.740760072042134
3.0,2.0,3.0,4.0,2.0,4.0,2.835835058799887
3.0,2.0,3.0,4.0,3.0,2.0,2.6361622522158794
3.0,2.0,3.0,4.0,3.0,3.0,2.9375653160023343
3.0,2.0,3.0,4.0,3.0,4.0,3.030943963491784
3.0,2.0,3.0,4.0,3.0,5.0,3.188266970022507
3.0,2.0,3.0,4.0,4.0,2.0,2.729442518221713
3.0,2.0,3.0,4.0,4.0,3.0,2.9452091886155745
3.0,2.0,3.0,4.0,4.0,4.0,3.030943999702141
3.0,2.0,3.0,4.0,4.0,5.0,3.2400862908696717
3.0,2.0,3.0,4.0,5.0,2.0,2.8238409464521306
3.0,2.0,3.0,4.0,5.0,4.0,3.2161583212406057
3.0,2.0,3.0,5.0,1.0,2.0,2.4518517140367546
3.0,2.0,3.0,5.0,1.0,4.0,2.7185268779469483
3.0,2.0,3.0,5.0,2.0,3.0,2.779054346565258
3.0,2.0,3.0,5.0,3.0,3.0,2.9375649575636813
3.0,2.0,3.0,5.0,3.0,5.0,3.234093955639562
3.0,2.0,3.0,5.0,4.0,3.0,2.9972634397273836
3.0,2.0,3.0,5.0,4.0,4.0,3.079862899301558
3.0,2.0,3.0,5.0,4.0,5.0,3.356092978865687
3.0,2.0,3.0,5.0,5.0,4.0,3.2986771200438643
3.0,2.0,3.0,5.0,5.0,5.0,3.4780919539677417
3.0,2.0,4.0,1.0,1.0,2.0,2.292956822491669
3.0,2.0,4.0,1.0,2.0,1.0,2.0536790886144365
3.0,2.0,4.0,2.0,4.0,4.0,3.185372131385144
3.0,2.0,4.0,3.0,1.0,1.0,2.2584865958406746
3.0,2.0,4.0,3.0,3.0,2.0,2.6926487719684613
3.0,2.0,4.0,3.0,3.0,3.0,2.852565068886184
3.0,2.0,4.0,3.0,4.0,3.0,2.909618883065877
3.0,2.0,4.0,3.0,4.0,4.0,3.244338981099003
3.0,2.0,4.0,4.0,1.0,3.0,2.73019353622328
3.0,2.0,4.0,4.0,2.0,2.0,2.697836037889007
3.0,2.0,4.0,4.0,2.0,3.0,2.900481992097045
3.0,2.0,4.0,4.0,2.0,4.0,3.1552643615505387
3.0,2.0,4.0,4.0,3.0,3.0,2.9993279541370774
3.0,2.0,4.0,4.0,3.0,4.0,3.1786644900048038
3.0,2.0,4.0,4.0,4.0,3.0,3.1387604986003197
3.0,2.0,4.0,4.0,4.0,4.0,3.410977689610858
3.0,2.0,4.0,4.0,5.0,4.0,3.5391047085831207
3.0,2.0,4.0,4.0,5.0,5.0,3.6020771287831748
3.0,2.0,4.0,5.0,3.0,4.0,3.411393035497232
3.0,2.0,4.0,5.0,4.0,3.0,3.1387602265326953
3.0,2.0,4.0,5.0,4.0,4.0,3.5333920198277533
3.0,2.0,4.0,5.0,4.0,5.0,3.7128067905884805
3.0,2.0,4.0,5.0,5.0,3.0,3.2425323799699615
3.0,2.0,4.0,5.0,5.0,4.0,3.5718646270347634
3.0,2.0,4.0,5.0,5.0,5.0,3.8520718301461923
3.0,2.0,5.0,2.0,3.0,2.0,2.827813784359276
3.0,2.0,5.0,3.0,3.0,3.0,3.123234983996802
3.0,2.0,5.0,4.0,3.0,3.0,3.2392416573579
3.0,2.0,5.0,4.0,3.0,4.0,3.418298977862918
3.0,2.0,5.0,4.0,4.0,4.0,3.54065542654717
3.0,2.0,5.0,5.0,3.0,4.0,3.418298643969055
3.0,2.0,5.0,5.0,4.0,5.0,3.8532100600326267
3.0,2.0,5.0,5.0,5.0,3.0,3.599246324313905
3.0,2.0,5.0,5.0,5.0,5.0,3.962457492408147
3.0,3.0,1.0,1.0,1.0,1.0,1.1403258522667887
3.0,3.0,1.0,1.0,1.0,2.0,1.475504450241687
3.0,3.0,1.0,1.0,2.0,1.0,1.3434645088733999
3.0,3.0,1.0,1.0,2.0,2.0,1.6216295791694433
3.0,3.0,1.0,1.0,2.0,3.0,1.720698196894857
3.0,3.0,1.0,1.0,3.0,1.0,1.3688878102394093
3.0,3.0,1.0,1.0,3.0,2.0,1.6216294079796276
3.0,3.0,1.0,1.0,3.0,3.0,1.7206982445983525
3.0,3.0,1.0,1.0,4.0,1.0,1.5285666686534471
3.0,3.0,1.0,1.0,4.0,2.0,1.7385041039787843
3.0,3.0,1.0,1.0,5.0,5.0,2.601669525313495
3.0,3.0,1.0,2.0,1.0,1.0,1.2502455507376302
3.0,3.0,1.0,2.0,1.0,2.0,1.4755041284420678
3.0,3.0,1.0,2.0,1.0,3.0,1.6840840074662071
3.0,3.0,1.0,2.0,2.0,1.0,1.5346400364156152
3.0,3.0,1.0,2.0,2.0,2.0,1.6646682520458083
3.0,3.0,1.0,2.0,2.0,3.0,1.876246937392475
3.0,3.0,1.0,2.0,3.0,1.0,1.5658730702029429
3.0,3.0,1.0,2.0,3.0,2.0,1.8774929231013209
3.0,3.0,1.0,2.0,3.0,3.0,1.877492284394373
3.0,3.0,1.0,2.0,4.0,1.0,1.761295206200937
3.0,3.0,1.0,2.0,4.0,2.0,1.9469073138128015
3.0,3.0,1.0,2.0,4.0,4.0,2.3374793646909433
3.0,3.0,1.0,3.0,1.0,1.0,1.485377236242286
3.0,3.0,1.0,3.0,1.0,2.0,1.6418605932179013
3.0,3.0,1.0,3.0,1.0,3.0,1.6840835312412392
3.0,3.0,1.0,3.0,2.0,1.0,1.5658724424940849
3.0,3.0,1.0,3.0,2.0,2.0,1.8762461821204957
3.0,3.0,1.0,3.0,2.0,3.0,1.8762456142282158
3.0,3.0,1.0,3.0,2.0,4.0,2.2875554316266964
3.0,3.0,1.0,3.0,3.0,1.0,1.5658726991263616
3.0,3.0,1.0,3.0,3.0,2.0,2.0341515894783777
3.0,3.0,1.0,3.0,3.0,3.0,2.255549181758863
3.0,3.0,1.0,3.0,3.0,4.0,2.3673871123683505
3.0,3.0,1.0,3.0,3.0,5.0,2.5896836634090046
3.0,3.0,1.0,3.0,4.0,3.0,2.2555490544355137
3.0,3.0,1.0,3.0,5.0,2.0,2.1787161263267607
3.0,3.0,1.0,4.0,1.0,1.0,1.5472244263551596
3.0,3.0,1.0,4.0,1.0,2.0,1.8063687919199996
3.0,3.0,1.0,4.0,1.0,3.0,1.905067499602349
3.0,3.0,1.0,4.0,1.0,4.0,2.2193125024779845
3.0,3.0,1.0,4.0,2.0,2.0,1.918587137019592
3.0,3.0,1.0,4.0,2.0,3.0,1.9185871038485338
3.0,3.0,1.0,4.0,2.0,4.0,2.2875547462954966
3.0,3.0,1.0,4.0,3.0,1.0,1.884760527638213
3.0,3.0,1.0,4.0,3.0,2.0,2.0833245726448424
3.0,3.0,1.0,4.0,3.0,3.0,2.297425452284841
3.0,3.0,1.0,4.0,3.0,4.0,2.4266719137009094
3.0,3.0,1.0,4.0,4.0,1.0,1.993308507859394
3.0,3.0,1.0,4.0,4.0,2.0,2.172723261896885
3.0,3.0,1.0,4.0,4.0,3.0,2.297425464448457
3.0,3.0,1.0,4.0,4.0,4.0,2.5502545769625518
3.0,3.0,1.0,5.0,1.0,1.0,1.6958864243657745
3.0,3.0,1.0,5.0,1.0,2.0,1.806368458251527
3.0,3.0,1.0,5.0,2.0,1.0,1.8653187195210506
3.0,3.0,1.0,5.0,2.0,3.0,2.1479269114443555
3.0,3.0,1.0,5.0,2.0,4.0,2.2875540607436418
3.0,3.0,1.0,5.0,2.0,5.0,2.582976193705331
3.0,3.0,1.0,5.0,3.0,1.0,1.9873162932706538
3.0,3.0,1.0,5.0,3.0,3.0,2.46286735652088
3.0,3.0,1.0,5.0,3.0,4.0,2.525560453405853
3.0,3.0,1.0,5.0,4.0,5.0,2.8269742533347957
3.0,3.0,1.0,5.0,5.0,2.0,2.5274507274387137
3.0,3.0,1.0,5.0,5.0,5.0,3.0656948844342913
3.0,3.0,2.0,1.0,1.0,1.0,1.5072751072428445
3.0,3.0,2.0,1.0,1.0,2.0,1.7532574076344678
3.0,3.0,2.0,1.0,1.0,3.0,1.7863313703277193
3.0,3.0,2.0,1.0,2.0,1.0,1.594128346942409
3.0,3.0,2.0,1.0,2.0,2.0,1.845959423134047
3.0,3.0,2.0,1.0,2.0,3.0,1.913033308460637
3.0,3.0,2.0,1.0,3.0,1.0,1.5941284655480985
3.0,3.0,2.0,1.0,3.0,2.0,1.8459587808912838
3.0,3.0,2.0,1.0,3.0,3.0,1.997158740215286
3.0,3.0,2.0,1.0,3.0,4.0,2.3002712592561307
3.0,3.0,2.0,1.0,4.0,2.0,2.1069272408470976
3.0,3.0,2.0,1.0,4.0,3.0,2.2185954880633925
3.0,3.0,2.0,2.0,1.0,1.0,1.5743035713386038
3.0,3.0,2.0,2.0,1.0,2.0,1.7872955498771035
3.0,3.0,2.0,2.0,1.0,3.0,2.163011317117653
3.0,3.0,2.0,2.0,2.0,1.0,1.6997271148638515
3.0,3.0,2.0,2.0,2.0,2.0,2.0682168493129494
3.0,3.0,2.0,2.0,2.0,3.0,2.324324538504846
3.0,3.0,2.0,2.0,3.0,1.0,1.8874438935922295
3.0,3.0,2.0,2.0,3.0,2.0,2.0692730322618234
3.0,3.0,2.0,2.0,3.0,3.0,2.4061645889528283
3.0,3.0,2.0,2.0,4.0,1.0,2.0011527825537154
3.0,3.0,2.0,2.0,4.0,2.0,2.2745237718110682
3.0,3.0,2.0,2.0,4.0,3.0,2.5302077215269017
3.0,3.0,2.0,2.0,4.0,4.0,2.5395314127671216
3.0,3.0,2.0,3.0,1.0,1.0,1.730887646534447
3.0,3.0,2.0,3.0,1.0,2.0,2.123419854294945
3.0,3.0,2.0,3.0,1.0,3.0,2.238066181009734
3.0,3.0,2.0,3.0,2.0,1.0,1.7544814390735046
3.0,3.0,2.0,3.0,2.0,2.0,2.2936788943095427
3.0,3.0,2.0,3.0,2.0,3.0,2.4505648773288273
3.0,3.0,2.0,3.0,2.0,4.0,2.5282619956472114
3.0,3.0,2.0,3.0,3.0,1.0,1.8874430876222195
3.0,3.0,2.0,3.0,3.0,2.0,2.3627071405861293
3.0,3.0,2.0,3.0,3.0,3.0,2.662595060555413
3.0,3.0,2.0,3.0,3.0,4.0,2.686816423755426
3.0,3.0,2.0,3.0,4.0,1.0,2.141861323113353
3.0,3.0,2.0,3.0,4.0,2.0,2.4821865275589334
3.0,3.0,2.0,3.0,4.0,3.0,2.6822620132141117
3.0,3.0,2.0,3.0,4.0,4.0,2.7975440450518976
3.0,3.0,2.0,3.0,5.0,4.0,2.869691411658702
3.0,3.0,2.0,3.0,5.0,5.0,3.0659738006220265
3.0,3.0,2.0,4.0,1.0,2.0,2.123418581934308
3.0,3.0,2.0,4.0,1.0,3.0,2.439939443026805
3.0,3.0,2.0,4.0,1.0,4.0,2.5078161426233727
3.0,3.0,2.0,4.0,1.0,5.0,2.618755871354964
3.0,3.0,2.0,4.0,2.0,2.0,2.2936769161736374
3.0,3.0,2.0,4.0,2.0,3.0,2.469120859821693
3.0,3.0,2.0,4.0,2.0,4.0,2.552114254841132
3.0,3.0,2.0,4.0,3.0,1.0,1.9945795686877557
3.0,3.0,2.0,4.0,3.0,2.0,2.3627061653961983
3.0,3.0,2.0,4.0,3.0,3.0,2.6860174671043517
3.0,3.0,2.0,4.0,3.0,4.0,2.8071304162519883
3.0,3.0,2.0,4.0,4.0,2.0,2.564762311468872
3.0,3.0,2.0,4.0,4.0,3.0,2.7981728783861293
3.0,3.0,2.0,4.0,4.0,4.0,2.9338036965360432
3.0,3.0,2.0,4.0,5.0,3.0,2.7981730804046934
3.0,3.0,2.0,4.0,5.0,4.0,3.006037491479667
3.0,3.0,2.0,4.0,5.0,5.0,3.1695345296633564
3.0,3.0,2.0,5.0,1.0,2.0,2.1627248566145623
3.0,3.0,2.0,5.0,1.0,3.0,2.439938803644341
3.0,3.0,2.0,5.0,1.0,5.0,2.7868483796811425
3.0,3.0,2.0,5.0,2.0,1.0,2.2220311425061072
3.0,3.0,2.0,5.0,2.0,2.0,2.2936754685690133
3.0,3.0,2.0,5.0,2.0,3.0,2.5655564185135606
3.0,3.0,2.0,5.0,2.0,4.0,2.7853316467253206
3.0,3.0,2.0,5.0,2.0,5.0,2.7868483993318
3.0,3.0,2.0,5.0,3.0,1.0,2.227307749027063
3.0,3.0,2.0,5.0,3.0,3.0,2.7339170620250806
3.0,3.0,2.0,5.0,3.0,4.0,2.904555009306737
3.0,3.0,2.0,5.0,3.0,5.0,3.0616890764367697
3.0,3.0,2.0,5.0,4.0,2.0,2.564762019371835
3.0,3.0,2.0,5.0,4.0,3.0,2.7981723111118795
3.0,3.0,2.0,5.0,4.0,4.0,3.015640261056214
3.0,3.0,2.0,5.0,4.0,5.0,3.164488476257705
3.0,3.0,2.0,5.0,5.0,3.0,2.95603379191702
3.0,3.0,2.0,5.0,5.0,4.0,3.015640091437108
3.0,3.0,2.0,5.0,5.0,5.0,3.169534197765026
3.0,3.0,3.0,1.0,1.0,1.0,1.5072716344026293
3.0,3.0,3.0,1.0,1.0,2.0,1.9665831934543794
3.0,3.0,3.0,1.0,1.0,3.0,1.9665834903822412
3.0,3.0,3.0,1.0,2.0,1.0,1.6302043340341017
3.0,3.0,3.0,1.0,2.0,2.0,1.966582799418741
3.0,3.0,3.0,1.0,2.0,3.0,2.2135582471950013
3.0,3.0,3.0,1.0,3.0,1.0,1.732610669760242
3.0,3.0,3.0,1.0,3.0,2.0,2.2194228794267663
3.0,3.0,3.0,1.0,3.0,3.0,2.261732922349613
3.0,3.0,3.0,1.0,3.0,4.0,2.4247958366561577
3.0,3.0,3.0,1.0,4.0,1.0,2.091479006683635
3.0,3.0,3.0,1.0,4.0,2.0,2.255956062195514
3.0,3.0,3.0,1.0,4.0,3.0,2.392480492574131
3.0,3.0,3.0,1.0,4.0,4.0,2.6880842204777644
3.0,3.0,3.0,1.0,5.0,2.0,2.426686793039202
3.0,3.0,3.0,2.0,1.0,1.0,1.804112793582707
3.0,3.0,3.0,2.0,1.0,2.0,2.0500528857721503
3.0,3.0,3.0,2.0,1.0,3.0,2.3064659661647195
3.0,3.0,3.0,2.0,2.0,1.0,1.8041127355618978
3.0,3.0,3.0,2.0,2.0,2.0,2.2875195212390285
3.0,3.0,3.0,2.0,2.0,3.0,2.5288792878421598
3.0,3.0,3.0,2.0,3.0,1.0,2.217318705904476
3.0,3.0,3.0,2.0,3.0,2.0,2.351567764852984
3.0,3.0,3.0,2.0,3.0,3.0,2.6402681681230527
3.0,3.0,3.0,2.0,3.0,4.0,2.761046215386882
3.0,3.0,3.0,2.0,4.0,1.0,2.241279053807184
3.0,3.0,3.0,2.0,4.0,2.0,2.486773698455053
3.0,3.0,3.0,2.0,4.0,3.0,2.7595633644500115
3.0,3.0,3.0,2.0,4.0,4.0,3.0105130391352044
3.0,3.0,3.0,2.0,5.0,3.0,2.8388293827360696
3.0,3.0,3.0,3.0,1.0,1.0,2.1674162321008983
3.0,3.0,3.0,3.0,1.0,2.0,2.1889156376263235
3.0,3.0,3.0,3.0,1.0,3.0,2.306465509790257
3.0,3.0,3.0,3.0,1.0,4.0,2.618574585188128
3.0,3.0,3.0,3.0,2.0,1.0,2.1674158967974924
3.0,3.0,3.0,3.0,2.0,2.0,2.451432842477472
3.0,3.0,3.0,3.0,2.0,3.0,2.8139622333684557
3.0,3.0,3.0,3.0,2.0,4.0,2.8139622364009194
3.0,3.0,3.0,3.0,3.0,1.0,2.315215994924492
3.0,3.0,3.0,3.0,3.0,2.0,2.636165164520602
3.0,3.0,3.0,3.0,3.0,3.0,2.9548228727980987
3.0,3.0,3.0,3.0,3.0,4.0,2.9548227484388123
3.0,3.0,3.0,3.0,3.0,5.0,3.1618223259594966
3.0,3.0,3.0,3.0,4.0,1.0,2.440241450870186
3.0,3.0,3.0,3.0,4.0,2.0,2.660207430308669
3.0,3.0,3.0,3.0,4.0,3.0,3.040710500785977
3.0,3.0,3.0,3.0,4.0,4.0,3.0489630946272572
3.0,3.0,3.0,3.0,4.0,5.0,3.2162345257907194
3.0,3.0,3.0,3.0,5.0,3.0,3.0407105521444264
3.0,3.0,3.0,3.0,5.0,4.0,3.224740588258423
3.0,3.0,3.0,4.0,1.0,1.0,2.1674155472385683
3.0,3.0,3.0,4.0,1.0,2.0,2.286710116229686
3.0,3.0,3.0,4.0,1.0,3.0,2.58283701804601
3.0,3.0,3.0,4.0,1.0,4.0,2.62325534760948
3.0,3.0,3.0,4.0,2.0,1.0,2.16741542463826
3.0,3.0,3.0,4.0,2.0,2.0,2.475610069149471
3.0,3.0,3.0,4.0,2.0,3.0,2.813961457688114
3.0,3.0,3.0,4.0,2.0,4.0,3.0004258176028347
3.0,3.0,3.0,4.0,3.0,1.0,2.440236531755306
3.0,3.0,3.0,4.0,3.0,2.0,2.636163432676242
3.0,3.0,3.0,4.0,3.0,3.0,3.0214905986986467
3.0,3.0,3.0,4.0,3.0,4.0,3.124469265659779
3.0,3.0,3.0,4.0,3.0,5.0,3.1882671002570953
3.0,3.0,3.0,4.0,4.0,1.0,2.4402390904950795
3.0,3.0,3.0,4.0,4.0,2.0,2.7294426275867756
3.0,3.0,3.0,4.0,4.0,3.0,3.0516175699832933
3.0,3.0,3.0,4.0,4.0,4.0,3.421848671396787
3.0,3.0,3.0,4.0,4.0,5.0,3.421848899468017
3.0,3.0,3.0,4.0,5.0,2.0,2.929344860096304
3.0,3.0,3.0,4.0,5.0,3.0,3.0516171123563165
3.0,3.0,3.0,4.0,5.0,4.0,3.4218485169913344
3.0,3.0,3.0,4.0,5.0,5.0,3.4218488386396526
3.0,3.0,3.0,5.0,1.0,3.0,2.582836616516794
3.0,3.0,3.0,5.0,1.0,4.0,2.7394432528465242
3.0,3.0,3.0,5.0,1.0,5.0,3.0516537463218514
3.0,3.0,3.0,5.0,2.0,3.0,2.820852416490024
3.0,3.0,3.0,5.0,2.0,4.0,3.000425487696531
3.0,3.0,3.0,5.0,2.0,5.0,3.145674918809724
3.0,3.0,3.0,5.0,3.0,1.0,2.6737292807188657
3.0,3.0,3.0,5.0,3.0,2.0,2.673729300454021
3.0,3.0,3.0,5.0,3.0,3.0,3.0260837005412413
3.0,3.0,3.0,5.0,3.0,4.0,3.1629215102229358
3.0,3.0,3.0,5.0,3.0,5.0,3.2701485840520417
3.0,3.0,3.0,5.0,4.0,3.0,3.1146566754048894
3.0,3.0,3.0,5.0,4.0,4.0,3.4218478915391395
3.0,3.0,3.0,5.0,4.0,5.0,3.4943025267511234
3.0,3.0,3.0,5.0,5.0,3.0,3.186849429323144
3.0,3.0,3.0,5.0,5.0,4.0,3.4218478648698394
3.0,3.0,3.0,5.0,5.0,5.0,3.5268650593062434
3.0,3.0,4.0,1.0,1.0,1.0,1.8825454094233283
3.0,3.0,4.0,1.0,1.0,3.0,2.292957006944452
3.0,3.0,4.0,1.0,2.0,3.0,2.5968177609693504
3.0,3.0,4.0,1.0,3.0,1.0,2.243265373212495
3.0,3.0,4.0,1.0,3.0,2.0,2.378501016725292
3.0,3.0,4.0,1.0,3.0,3.0,2.6212235686396257
3.0,3.0,4.0,1.0,4.0,3.0,2.8263808987130012
3.0,3.0,4.0,1.0,5.0,2.0,2.6666780631273315
3.0,3.0,4.0,2.0,1.0,3.0,2.573635787211535
3.0,3.0,4.0,2.0,2.0,1.0,2.2372730075609337
3.0,3.0,4.0,2.0,2.0,2.0,2.508842098635062
3.0,3.0,4.0,2.0,3.0,1.0,2.3217203163195306
3.0,3.0,4.0,2.0,3.0,2.0,2.6687676134891305
3.0,3.0,4.0,2.0,3.0,3.0,2.7482840521105714
3.0,3.0,4.0,2.0,3.0,4.0,3.014238153539427
3.0,3.0,4.0,2.0,3.0,5.0,3.3103756306418073
3.0,3.0,4.0,2.0,4.0,2.0,2.77740763237733
3.0,3.0,4.0,2.0,4.0,3.0,2.9649943544610977
3.0,3.0,4.0,3.0,1.0,2.0,2.3677688256144274
3.0,3.0,4.0,3.0,1.0,3.0,2.5858804636139627
3.0,3.0,4.0,3.0,1.0,4.0,2.8862468073352203
3.0,3.0,4.0,3.0,2.0,1.0,2.2584867538844504
3.0,3.0,4.0,3.0,2.0,3.0,2.9057983918487884
3.0,3.0,4.0,3.0,3.0,2.0,2.692648929496961
3.0,3.0,4.0,3.0,3.0,3.0,3.0537879851750596
3.0,3.0,4.0,3.0,3.0,4.0,3.2484313194858583
3.0,3.0,4.0,3.0,4.0,2.0,2.800032931398444
3.0,3.0,4.0,3.0,4.0,3.0,3.0537879876002085
3.0,3.0,4.0,3.0,4.0,4.0,3.397422875222384
3.0,3.0,4.0,3.0,4.0,5.0,3.539223863376039
3.0,3.0,4.0,3.0,5.0,3.0,3.2525852631007703
3.0,3.0,4.0,3.0,5.0,4.0,3.3980438241016713
3.0,3.0,4.0,4.0,1.0,1.0,2.452322888974898
3.0,3.0,4.0,4.0,1.0,3.0,2.7301939574571477
3.0,3.0,4.0,4.0,1.0,4.0,2.9756163649886913
3.0,3.0,4.0,4.0,2.0,2.0,2.7090375194279614
3.0,3.0,4.0,4.0,2.0,3.0,3.0551251190570903
3.0,3.0,4.0,4.0,2.0,4.0,3.2157871365660666
3.0,3.0,4.0,4.0,3.0,1.0,2.7080071693964296
3.0,3.0,4.0,4.0,3.0,2.0,3.0041438091876955
3.0,3.0,4.0,4.0,3.0,3.0,3.225243291012903
3.0,3.0,4.0,4.0,3.0,4.0,3.4889857038957546
3.0,3.0,4.0,4.0,3.0,5.0,3.4889860505667745
3.0,3.0,4.0,4.0,4.0,3.0,3.3506465758023616
3.0,3.0,4.0,4.0,4.0,4.0,3.5391055599466097
3.0,3.0,4.0,4.0,4.0,5.0,3.741464165811777
3.0,3.0,4.0,4.0,5.0,3.0,3.3506464883184712
3.0,3.0,4.0,4.0,5.0,4.0,3.5391051052722844
3.0,3.0,4.0,4.0,5.0,5.0,3.808713262700056
3.0,3.0,4.0,5.0,1.0,4.0,3.0936925707901675
3.0,3.0,4.0,5.0,1.0,5.0,3.297674871079149
3.0,3.0,4.0,5.0,2.0,2.0,2.881429572234425
3.0,3.0,4.0,5.0,2.0,4.0,3.323786227037963
3.0,3.0,4.0,5.0,3.0,3.0,3.225242861572224
3.0,3.0,4.0,5.0,3.0,4.0,3.4889852238286845
3.0,3.0,4.0,5.0,3.0,5.0,3.694099754674068
3.0,3.0,4.0,5.0,4.0,3.0,3.3986808635849415
3.0,3.0,4.0,5.0,4.0,4.0,3.709384846987566
3.0,3.0,4.0,5.0,4.0,5.0,3.741463800224984
3.0,3.0,4.0,5.0,5.0,3.0,3.4268413568115856
3.0,3.0,4.0,5.0,5.0,4.0,3.709384851782501
3.0,3.0,4.0,5.0,5.0,5.0,3.908141610937828
3.0,3.0,5.0,1.0,1.0,1.0,2.1225375218187277
3.0,3.0,5.0,1.0,3.0,3.0,2.9588086421602164
3.0,3.0,5.0,2.0,2.0,2.0,2.773401586908824
3.0,3.0,5.0,2.0,5.0,3.0,3.4355352104493226
3.0,3.0,5.0,3.0,1.0,3.0,2.8301020642070753
3.0,3.0,5.0,3.0,2.0,3.0,3.0688229732322534
3.0,3.0,5.0,3.0,3.0,3.0,3.15470661656323
3.0,3.0,5.0,3.0,4.0,3.0,3.3826438382697583
3.0,3.0,5.0,3.0,5.0,3.0,3.4938935368347117
3.0,3.0,5.0,3.0,5.0,4.0,3.730956623016119
3.0,3.0,5.0,3.0,5.0,5.0,3.815217547157107
3.0,3.0,5.0,4.0,1.0,3.0,3.062830602835834
3.0,3.0,5.0,4.0,1.0,4.0,3.242245396426432
3.0,3.0,5.0,4.0,2.0,4.0,3.364244389788802
3.0,3.0,5.0,4.0,2.0,5.0,3.660023906452585
3.0,3.0,5.0,4.0,3.0,2.0,3.1274138585897684
3.0,3.0,5.0,4.0,3.0,3.0,3.389201259909174
3.0,3.0,5.0,4.0,3.0,4.0,3.488985683092239
3.0,3.0,5.0,4.0,4.0,2.0,3.3661347494739364
3.0,3.0,5.0,4.0,4.0,3.0,3.442297541345793
3.0,3.0,5.0,4.0,4.0,4.0,3.655925790093238
3.0,3.0,5.0,4.0,4.0,5.0,3.885688575646268
3.0,3.0,5.0,4.0,5.0,3.0,3.6358375897844937
3.0,3.0,5.0,4.0,5.0,4.0,3.846963271921661
3.0,3.0,5.0,4.0,5.0,5.0,4.017060147222952
3.0,3.0,5.0,5.0,2.0,2.0,3.2381434197065544
3.0,3.0,5.0,5.0,2.0,3.0,3.3008362677581804
3.0,3.0,5.0,5.0,2.0,5.0,3.6600235514271033
3.0,3.0,5.0,5.0,3.0,1.0,3.014870643780807
3.0,3.0,5.0,5.0,3.0,3.0,3.4228352916595095
3.0,3.0,5.0,5.0,4.0,3.0,3.544834276159684
3.0,3.0,5.0,5.0,4.0,4.0,3.82923766474319
3.0,3.0,5.0,5.0,4.0,5.0,3.885688209609224
3.0,3.0,5.0,5.0,5.0,3.0,3.701656189798149
3.0,3.0,5.0,5.0,5.0,4.0,3.966840056921103
3.0,3.0,5.0,5.0,5.0,5.0,4.017059796983511
3.0,4.0,1.0,1.0,1.0,1.0,1.1600252559990676
3.0,4.0,1.0,1.0,1.0,2.0,1.5154642229778676
3.0,4.0,1.0,1.0,1.0,3.0,1.6431247209419209
3.0,4.0,1.0,1.0,2.0,1.0,1.3935173482507262
3.0,4.0,1.0,1.0,2.0,2.0,1.6530584007400568
3.0,4.0,1.0,1.0,2.0,3.0,1.8457159045789038
3.0,4.0,1.0,1.0,3.0,1.0,1.4866353588571193
3.0,4.0,1.0,1.0,3.0,2.0,1.8298668930038413
3.0,4.0,1.0,1.0,3.0,3.0,1.9807739144352234
3.0,4.0,1.0,1.0,4.0,1.0,1.614441902516796
3.0,4.0,1.0,1.0,4.0,2.0,1.9301598548861576
3.0,4.0,1.0,1.0,4.0,3.0,1.980774246815307
3.0,4.0,1.0,2.0,1.0,1.0,1.3977795865976916
3.0,4.0,1.0,2.0,1.0,2.0,1.5530055608780364
3.0,4.0,1.0,2.0,1.0,3.0,1.6950538689473067
3.0,4.0,1.0,2.0,2.0,1.0,1.534640369151599
3.0,4.0,1.0,2.0,2.0,2.0,1.7142812906881373
3.0,4.0,1.0,2.0,2.0,3.0,1.9807727887717217
3.0,4.0,1.0,2.0,3.0,1.0,1.7102119425407045
3.0,4.0,1.0,2.0,3.0,2.0,1.8774934999561308
3.0,4.0,1.0,2.0,3.0,3.0,1.9807732079876652
3.0,4.0,1.0,2.0,3.0,4.0,2.1284051359032263
3.0,4.0,1.0,2.0,4.0,1.0,1.8151054550826504
3.0,4.0,1.0,2.0,4.0,2.0,2.0082969182483317
3.0,4.0,1.0,2.0,4.0,3.0,2.1390294363384323
3.0,4.0,1.0,2.0,5.0,2.0,2.1249637696824086
3.0,4.0,1.0,3.0,1.0,1.0,1.5788333581594756
3.0,4.0,1.0,3.0,1.0,2.0,1.8146553972434118
3.0,4.0,1.0,3.0,1.0,3.0,1.9495087772008612
3.0,4.0,1.0,3.0,1.0,4.0,2.11713609969014
3.0,4.0,1.0,3.0,2.0,1.0,1.6637094970774564
3.0,4.0,1.0,3.0,2.0,2.0,1.9341273648220962
3.0,4.0,1.0,3.0,2.0,3.0,2.053478563656895
3.0,4.0,1.0,3.0,3.0,1.0,1.7201192665353853
3.0,4.0,1.0,3.0,3.0,2.0,2.047282288150888
3.0,4.0,1.0,3.0,3.0,3.0,2.316135617749076
3.0,4.0,1.0,3.0,3.0,4.0,2.453288460588042
3.0,4.0,1.0,3.0,4.0,3.0,2.316135514079365
3.0,4.0,1.0,3.0,4.0,4.0,2.5857689847687544
3.0,4.0,1.0,3.0,5.0,2.0,2.2463025763545064
3.0,4.0,1.0,3.0,5.0,3.0,2.4595107330980426
3.0,4.0,1.0,4.0,1.0,1.0,1.5788321437629715
3.0,4.0,1.0,4.0,1.0,2.0,1.977280286625037
3.0,4.0,1.0,4.0,1.0,3.0,1.977280349962105
3.0,4.0,1.0,4.0,1.0,4.0,2.2193126871427538
3.0,4.0,1.0,4.0,2.0,2.0,2.083325804116515
3.0,4.0,1.0,4.0,2.0,3.0,2.2370996937980325
3.0,4.0,1.0,4.0,2.0,4.0,2.4718636363816495
3.0,4.0,1.0,4.0,3.0,2.0,2.0833253706239474
3.0,4.0,1.0,4.0,3.0,3.0,2.3647399130779436
3.0,4.0,1.0,4.0,3.0,4.0,2.4814675148719467
3.0,4.0,1.0,4.0,3.0,5.0,2.7513484210655377
3.0,4.0,1.0,4.0,4.0,2.0,2.3647393387304674
3.0,4.0,1.0,4.0,4.0,3.0,2.3647396036081414
3.0,4.0,1.0,4.0,4.0,4.0,2.58576874636795
3.0,4.0,1.0,4.0,5.0,4.0,2.604416884253129
3.0,4.0,1.0,4.0,5.0,5.0,3.017275341044708
3.0,4.0,1.0,5.0,1.0,1.0,1.6958866678410955
3.0,4.0,1.0,5.0,1.0,2.0,1.990319840281293
3.0,4.0,1.0,5.0,1.0,3.0,2.2345160223759004
3.0,4.0,1.0,5.0,2.0,2.0,2.1123189204495727
3.0,4.0,1.0,5.0,3.0,2.0,2.23431764955708
3.0,4.0,1.0,5.0,4.0,2.0,2.473038793405534
3.0,4.0,1.0,5.0,4.0,3.0,2.6484054221051236
3.0,4.0,2.0,1.0,1.0,1.0,1.5072778884016989
3.0,4.0,2.0,1.0,1.0,2.0,1.758422050912074
3.0,4.0,2.0,1.0,1.0,3.0,2.055897815481568
3.0,4.0,2.0,1.0,2.0,1.0,1.6469732619255022
3.0,4.0,2.0,1.0,2.0,2.0,1.8459600425256548
3.0,4.0,2.0,1.0,2.0,3.0,2.1014923555859766
3.0,4.0,2.0,1.0,3.0,1.0,1.8194928926295633
3.0,4.0,2.0,1.0,3.0,2.0,2.0042838222358053
3.0,4.0,2.0,1.0,3.0,3.0,2.1413892478725014
3.0,4.0,2.0,1.0,3.0,4.0,2.3002715033965795
3.0,4.0,2.0,1.0,4.0,1.0,1.9577941858058774
3.0,4.0,2.0,1.0,4.0,2.0,2.1069274828387043
3.0,4.0,2.0,1.0,4.0,3.0,2.311696936928789
3.0,4.0,2.0,2.0,1.0,1.0,1.6997274854991882
3.0,4.0,2.0,2.0,1.0,2.0,1.889582075425242
3.0,4.0,2.0,2.0,1.0,3.0,2.2506884090738515
3.0,4.0,2.0,2.0,1.0,4.0,2.250688203338842
3.0,4.0,2.0,2.0,2.0,1.0,1.6997273018968515
3.0,4.0,2.0,2.0,2.0,2.0,2.068218640768016
3.0,4.0,2.0,2.0,2.0,3.0,2.416867541710526
3.0,4.0,2.0,2.0,2.0,4.0,2.429688560358725
3.0,4.0,2.0,2.0,3.0,1.0,2.063612879429278
3.0,4.0,2.0,2.0,3.0,2.0,2.2870907714849644
3.0,4.0,2.0,2.0,3.0,3.0,2.454478387770746
3.0,4.0,2.0,2.0,4.0,2.0,2.313132797432331
3.0,4.0,2.0,2.0,4.0,3.0,2.53020791261246
3.0,4.0,2.0,2.0,4.0,4.0,2.7761072135726996
3.0,4.0,2.0,2.0,5.0,1.0,2.1908731073417904
3.0,4.0,2.0,2.0,5.0,3.0,2.70129062614304
3.0,4.0,2.0,3.0,1.0,1.0,1.8119245345471364
3.0,4.0,2.0,3.0,1.0,2.0,2.1763818921425595
3.0,4.0,2.0,3.0,1.0,3.0,2.3333376350899857
3.0,4.0,2.0,3.0,2.0,1.0,1.9856010152975043
3.0,4.0,2.0,3.0,2.0,2.0,2.3094717747360467
3.0,4.0,2.0,3.0,2.0,3.0,2.450565182579818
3.0,4.0,2.0,3.0,2.0,4.0,2.638091752072534
3.0,4.0,2.0,3.0,3.0,1.0,2.0636122970775412
3.0,4.0,2.0,3.0,3.0,2.0,2.4012208583312593
3.0,4.0,2.0,3.0,3.0,3.0,2.669544155211576
3.0,4.0,2.0,3.0,3.0,4.0,2.8180094508948743
3.0,4.0,2.0,3.0,4.0,1.0,2.1655568430558834
3.0,4.0,2.0,3.0,4.0,2.0,2.5471546163722305
3.0,4.0,2.0,3.0,4.0,3.0,2.762847150904359
3.0,4.0,2.0,3.0,4.0,4.0,2.8299038184726837
3.0,4.0,2.0,3.0,5.0,2.0,2.547154438615123
3.0,4.0,2.0,3.0,5.0,3.0,2.805172004042193
3.0,4.0,2.0,3.0,5.0,4.0,2.8696915742039333
3.0,4.0,2.0,3.0,5.0,5.0,3.135136667901077
3.0,4.0,2.0,4.0,1.0,1.0,1.9719571688764135
3.0,4.0,2.0,4.0,1.0,2.0,2.2607120952517112
3.0,4.0,2.0,4.0,1.0,3.0,2.439940543180595
3.0,4.0,2.0,4.0,1.0,4.0,2.50781619183727
3.0,4.0,2.0,4.0,1.0,5.0,2.618756041178041
3.0,4.0,2.0,4.0,2.0,1.0,2.1554651767574637
3.0,4.0,2.0,4.0,2.0,2.0,2.309471021346762
3.0,4.0,2.0,4.0,2.0,3.0,2.4691210911800012
3.0,4.0,2.0,4.0,2.0,4.0,2.693243674704915
3.0,4.0,2.0,4.0,3.0,1.0,2.2439727392869036
3.0,4.0,2.0,4.0,3.0,2.0,2.4012200662928973
3.0,4.0,2.0,4.0,3.0,3.0,2.7791197517394783
3.0,4.0,2.0,4.0,3.0,4.0,2.8443267674061086
3.0,4.0,2.0,4.0,4.0,1.0,2.3739600276392347
3.0,4.0,2.0,4.0,4.0,2.0,2.568034039774543
3.0,4.0,2.0,4.0,4.0,3.0,2.9409997517439135
3.0,4.0,2.0,4.0,4.0,4.0,2.9410000457633987
3.0,4.0,2.0,4.0,4.0,5.0,3.2042982806649825
3.0,4.0,2.0,4.0,5.0,3.0,2.9409996529028954
3.0,4.0,2.0,4.0,5.0,4.0,3.0697153545009477
3.0,4.0,2.0,4.0,5.0,5.0,3.2572673345400753
3.0,4.0,2.0,5.0,1.0,2.0,2.260711705222523
3.0,4.0,2.0,5.0,1.0,3.0,2.439939277560846
3.0,4.0,2.0,5.0,1.0,4.0,2.5078158869055
3.0,4.0,2.0,5.0,1.0,5.0,2.8230084750083395
3.0,4.0,2.0,5.0,2.0,2.0,2.4510594084292117
3.0,4.0,2.0,5.0,2.0,3.0,2.655951550875005
3.0,4.0,2.0,5.0,3.0,2.0,2.4510594219472
3.0,4.0,2.0,5.0,3.0,3.0,2.8886051442061067
3.0,4.0,2.0,5.0,3.0,4.0,3.04914473158035
3.0,4.0,2.0,5.0,4.0,2.0,2.5963087933401106
3.0,4.0,2.0,5.0,4.0,3.0,2.9409989307009323
3.0,4.0,2.0,5.0,4.0,4.0,3.049144740861964
3.0,4.0,2.0,5.0,4.0,5.0,3.2719851799846897
3.0,4.0,2.0,5.0,5.0,4.0,3.1571691164830367
3.0,4.0,2.0,5.0,5.0,5.0,3.376698648878689
3.0,4.0,3.0,1.0,1.0,1.0,1.507278364473972
3.0,4.0,3.0,1.0,1.0,2.0,2.099720531438244
3.0,4.0,3.0,1.0,1.0,3.0,2.152239750742963
3.0,4.0,3.0,1.0,2.0,1.0,1.6469729731525728
3.0,4.0,3.0,1.0,2.0,2.0,2.1787120993917495
3.0,4.0,3.0,1.0,2.0,3.0,2.213559274078005
3.0,4.0,3.0,1.0,3.0,1.0,1.8236285768802227
3.0,4.0,3.0,1.0,3.0,2.0,2.2194231076024558
3.0,4.0,3.0,1.0,3.0,3.0,2.4220919665552
3.0,4.0,3.0,1.0,3.0,4.0,2.545440332449494
3.0,4.0,3.0,1.0,4.0,1.0,2.2785834628147392
3.0,4.0,3.0,1.0,4.0,2.0,2.3333637073325098
3.0,4.0,3.0,1.0,4.0,3.0,2.4950593744340943
3.0,4.0,3.0,1.0,4.0,4.0,2.700736641083699
3.0,4.0,3.0,1.0,5.0,3.0,2.7904097403927355
3.0,4.0,3.0,2.0,1.0,1.0,1.8041129312815811
3.0,4.0,3.0,2.0,1.0,2.0,2.1235959765179375
3.0,4.0,3.0,2.0,1.0,3.0,2.437573342028374
3.0,4.0,3.0,2.0,1.0,4.0,2.535348652642148
3.0,4.0,3.0,2.0,2.0,1.0,1.819844399615979
3.0,4.0,3.0,2.0,2.0,2.0,2.441166316531676
3.0,4.0,3.0,2.0,2.0,3.0,2.636208470746975
3.0,4.0,3.0,2.0,2.0,4.0,2.6445960756790585
3.0,4.0,3.0,2.0,3.0,1.0,2.217319108412219
3.0,4.0,3.0,2.0,3.0,2.0,2.4591836243980723
3.0,4.0,3.0,2.0,3.0,3.0,2.757620236337935
3.0,4.0,3.0,2.0,3.0,4.0,2.7610464436185356
3.0,4.0,3.0,2.0,4.0,2.0,2.561754551458036
3.0,4.0,3.0,2.0,4.0,3.0,2.9356076586494892
3.0,4.0,3.0,2.0,4.0,4.0,3.044332636939445
3.0,4.0,3.0,2.0,5.0,3.0,2.93560785686416
3.0,4.0,3.0,2.0,5.0,5.0,3.2375220651063814
3.0,4.0,3.0,3.0,1.0,1.0,2.1674170506435497
3.0,4.0,3.0,3.0,1.0,2.0,2.188915814410246
3.0,4.0,3.0,3.0,1.0,3.0,2.4913000938668883
3.0,4.0,3.0,3.0,1.0,4.0,2.6232575184692934
3.0,4.0,3.0,3.0,2.0,1.0,2.335903796281871
3.0,4.0,3.0,3.0,2.0,2.0,2.4792377114007795
3.0,4.0,3.0,3.0,2.0,3.0,2.90999355774701
3.0,4.0,3.0,3.0,2.0,4.0,2.909994072058412
3.0,4.0,3.0,3.0,3.0,1.0,2.406000059039199
3.0,4.0,3.0,3.0,3.0,2.0,2.6482481271364295
3.0,4.0,3.0,3.0,3.0,3.0,2.968865793787337
3.0,4.0,3.0,3.0,3.0,4.0,3.1523461918680318
3.0,4.0,3.0,3.0,3.0,5.0,3.1618224636975127
3.0,4.0,3.0,3.0,4.0,1.0,2.440242790646446
3.0,4.0,3.0,3.0,4.0,2.0,2.6991859470692336
3.0,4.0,3.0,3.0,4.0,3.0,3.05993017623973
3.0,4.0,3.0,3.0,4.0,4.0,3.2429088223275415
3.0,4.0,3.0,3.0,4.0,5.0,3.4215329604133387
3.0,4.0,3.0,3.0,5.0,2.0,2.8430082768650786
3.0,4.0,3.0,3.0,5.0,3.0,3.060923216436317
3.0,4.0,3.0,3.0,5.0,4.0,3.3763095052980345
3.0,4.0,3.0,3.0,5.0,5.0,3.42153296053544
3.0,4.0,3.0,4.0,1.0,1.0,2.1674171742767636
3.0,4.0,3.0,4.0,1.0,2.0,2.325054730844599
3.0,4.0,3.0,4.0,1.0,3.0,2.6075935589518657
3.0,4.0,3.0,4.0,1.0,4.0,2.623256653537018
3.0,4.0,3.0,4.0,2.0,2.0,2.6550661959360307
3.0,4.0,3.0,4.0,2.0,3.0,2.9099914448240414
3.0,4.0,3.0,4.0,2.0,4.0,3.1027096705302712
3.0,4.0,3.0,4.0,2.0,5.0,3.117542582140709
3.0,4.0,3.0,4.0,3.0,1.0,2.6035770106251697
3.0,4.0,3.0,4.0,3.0,2.0,2.795617915645602
3.0,4.0,3.0,4.0,3.0,3.0,3.0620030094170265
3.0,4.0,3.0,4.0,3.0,4.0,3.279075357808543
3.0,4.0,3.0,4.0,3.0,5.0,3.2790755622793273
3.0,4.0,3.0,4.0,4.0,2.0,2.7956178612406553
3.0,4.0,3.0,4.0,4.0,3.0,3.166507288912032
3.0,4.0,3.0,4.0,4.0,4.0,3.4456820422539662
3.0,4.0,3.0,4.0,4.0,5.0,3.4456824990967734
3.0,4.0,3.0,4.0,5.0,2.0,2.9293450262238068
3.0,4.0,3.0,4.0,5.0,3.0,3.166507142405348
3.0,4.0,3.0,4.0,5.0,4.0,3.550465692840998
3.0,4.0,3.0,4.0,5.0,5.0,3.5504660252250977
3.0,4.0,3.0,5.0,1.0,1.0,2.2516357821982864
3.0,4.0,3.0,5.0,1.0,2.0,2.5870256228565225
3.0,4.0,3.0,5.0,1.0,3.0,2.649718495139676
3.0,4.0,3.0,5.0,1.0,4.0,2.7394434750536956
3.0,4.0,3.0,5.0,1.0,5.0,3.2054348958118513
3.0,4.0,3.0,5.0,2.0,1.0,2.4128878938964906
3.0,4.0,3.0,5.0,2.0,2.0,2.874220976537955
3.0,4.0,3.0,5.0,2.0,3.0,2.9099902062417664
3.0,4.0,3.0,5.0,2.0,4.0,3.19589098052115
3.0,4.0,3.0,5.0,3.0,2.0,2.9476819513463366
3.0,4.0,3.0,5.0,3.0,3.0,3.199930118940054
3.0,4.0,3.0,5.0,3.0,4.0,3.2790746673000855
3.0,4.0,3.0,5.0,3.0,5.0,3.3805941388474814
3.0,4.0,3.0,5.0,4.0,2.0,2.9652058430845134
3.0,4.0,3.0,5.0,4.0,3.0,3.1999301143125853
3.0,4.0,3.0,5.0,4.0,4.0,3.4582049577267138
3.0,4.0,3.0,5.0,4.0,5.0,3.4943028521569364
3.0,4.0,3.0,5.0,5.0,3.0,3.2869323656950233
3.0,4.0,3.0,5.0,5.0,4.0,3.5504648150063987
3.0,4.0,3.0,5.0,5.0,5.0,3.5835517567865893
3.0,4.0,4.0,1.0,1.0,1.0,1.9501324389768402
3.0,4.0,4.0,1.0,2.0,1.0,2.0645924971814456
3.0,4.0,4.0,1.0,2.0,2.0,2.3682680479467715
3.0,4.0,4.0,1.0,2.0,3.0,2.6212239239535173
3.0,4.0,4.0,1.0,3.0,1.0,2.2704984503250047
3.0,4.0,4.0,1.0,3.0,3.0,2.621223816780702
3.0,4.0,4.0,1.0,4.0,2.0,2.612266064634929
3.0,4.0,4.0,1.0,4.0,3.0,2.82638108007187
3.0,4.0,4.0,1.0,4.0,4.0,3.0878174764018356
3.0,4.0,4.0,1.0,5.0,4.0,3.2853194526661733
3.0,4.0,4.0,2.0,1.0,2.0,2.3622757037515183
3.0,4.0,4.0,2.0,1.0,3.0,2.5858814559959478
3.0,4.0,4.0,2.0,2.0,2.0,2.5088422599929823
3.0,4.0,4.0,2.0,2.0,3.0,2.8473853191275302
3.0,4.0,4.0,2.0,2.0,4.0,2.847385265381823
3.0,4.0,4.0,2.0,3.0,2.0,2.668767789405024
3.0,4.0,4.0,2.0,3.0,3.0,2.8820559809337545
3.0,4.0,4.0,2.0,3.0,4.0,3.1609700051628384
3.0,4.0,4.0,2.0,4.0,1.0,2.5488579459967866
3.0,4.0,4.0,2.0,4.0,2.0,2.8377973379153567
3.0,4.0,4.0,2.0,4.0,3.0,3.008873445866943
3.0,4.0,4.0,2.0,4.0,4.0,3.237412963062722
3.0,4.0,4.0,2.0,5.0,5.0,3.621959744210193
3.0,4.0,4.0,3.0,1.0,2.0,2.5328134204129116
3.0,4.0,4.0,3.0,1.0,3.0,2.585880930286323
3.0,4.0,4.0,3.0,1.0,4.0,2.9756181066864063
3.0,4.0,4.0,3.0,2.0,2.0,2.569460757202889
3.0,4.0,4.0,3.0,2.0,3.0,2.9588535318135176
3.0,4.0,4.0,3.0,2.0,4.0,2.975618655879523
3.0,4.0,4.0,3.0,3.0,2.0,2.929508677891881
3.0,4.0,4.0,3.0,3.0,3.0,3.2195952553552774
3.0,4.0,4.0,3.0,3.0,4.0,3.3452773549559582
3.0,4.0,4.0,3.0,4.0,2.0,2.975765080580476
3.0,4.0,4.0,3.0,4.0,3.0,3.2735720354657247
3.0,4.0,4.0,3.0,4.0,4.0,3.5411288894061
3.0,4.0,4.0,3.0,4.0,5.0,3.660427271768475
3.0,4.0,4.0,3.0,5.0,3.0,3.2735722077729346
3.0,4.0,4.0,3.0,5.0,4.0,3.590638035940099
3.0,4.0,4.0,3.0,5.0,5.0,3.6604272767701134
3.0,4.0,4.0,4.0,1.0,1.0,2.452322909745332
3.0,4.0,4.0,4.0,1.0,3.0,2.7301943862658575
3.0,4.0,4.0,4.0,1.0,4.0,2.97561711578211
3.0,4.0,4.0,4.0,1.0,5.0,3.2232026633468176
3.0,4.0,4.0,4.0,2.0,2.0,2.709037699937097
3.0,4.0,4.0,4.0,2.0,3.0,3.099791695391257
3.0,4.0,4.0,4.0,2.0,4.0,3.2847679185677476
3.0,4.0,4.0,4.0,3.0,1.0,2.799049418023451
3.0,4.0,4.0,4.0,3.0,2.0,3.1531427961168657
3.0,4.0,4.0,4.0,3.0,3.0,3.2757792409236166
3.0,4.0,4.0,4.0,3.0,4.0,3.6735080989780244
3.0,4.0,4.0,4.0,3.0,5.0,3.6735084063782684
3.0,4.0,4.0,4.0,4.0,3.0,3.4463952036402956
3.0,4.0,4.0,4.0,4.0,4.0,3.710987983594033
3.0,4.0,4.0,4.0,4.0,5.0,3.7752706229036628
3.0,4.0,4.0,4.0,5.0,3.0,3.519608633792664
3.0,4.0,4.0,4.0,5.0,4.0,3.853712622844649
3.0,4.0,4.0,4.0,5.0,5.0,3.9081430822242242
3.0,4.0,4.0,5.0,1.0,1.0,2.4523225915756437
3.0,4.0,4.0,5.0,1.0,4.0,3.093692731285212
3.0,4.0,4.0,5.0,2.0,2.0,2.9490165517252023
3.0,4.0,4.0,5.0,2.0,3.0,3.0997912503152234
3.0,4.0,4.0,5.0,2.0,4.0,3.323786636464995
3.0,4.0,4.0,5.0,2.0,5.0,3.6420806565288717
3.0,4.0,4.0,5.0,3.0,3.0,3.330532913716561
3.0,4.0,4.0,5.0,3.0,4.0,3.6992577637987027
3.0,4.0,4.0,5.0,3.0,5.0,3.8131973997940545
3.0,4.0,4.0,5.0,4.0,2.0,3.3097364247107808
3.0,4.0,4.0,5.0,4.0,3.0,3.519607836618862
3.0,4.0,4.0,5.0,4.0,4.0,3.7704067773214716
3.0,4.0,4.0,5.0,4.0,5.0,3.8598740432843885
3.0,4.0,4.0,5.0,5.0,3.0,3.519608127364255
3.0,4.0,4.0,5.0,5.0,4.0,3.9081412812026715
3.0,4.0,4.0,5.0,5.0,5.0,3.9081419815355076
3.0,4.0,5.0,1.0,1.0,1.0,2.156427752467441
3.0,4.0,5.0,2.0,2.0,3.0,2.913749027477204
3.0,4.0,5.0,2.0,3.0,2.0,2.962987490509454
3.0,4.0,5.0,2.0,3.0,3.0,3.2635156204681066
3.0,4.0,5.0,2.0,4.0,4.0,3.560537885740847
3.0,4.0,5.0,2.0,5.0,2.0,3.090263705337314
3.0,4.0,5.0,2.0,5.0,4.0,3.6825368985890425
3.0,4.0,5.0,3.0,2.0,3.0,3.2719988478122577
3.0,4.0,5.0,3.0,3.0,2.0,3.231406899633372
3.0,4.0,5.0,3.0,3.0,3.0,3.2892690874667503
3.0,4.0,5.0,3.0,3.0,4.0,3.4495915306665097
3.0,4.0,5.0,3.0,3.0,5.0,3.687506780466085
3.0,4.0,5.0,3.0,4.0,3.0,3.3826439972849167
3.0,4.0,5.0,3.0,4.0,4.0,3.6203536529372897
3.0,4.0,5.0,3.0,4.0,5.0,3.8593314038221447
3.0,4.0,5.0,3.0,5.0,5.0,3.9779583540345165
3.0,4.0,5.0,4.0,2.0,3.0,3.271998242165552
3.0,4.0,5.0,4.0,3.0,3.0,3.389201400543281
3.0,4.0,5.0,4.0,3.0,4.0,3.6735080312754675
3.0,4.0,5.0,4.0,4.0,3.0,3.6261938066540944
3.0,4.0,5.0,4.0,4.0,4.0,3.7853070127940214
3.0,4.0,5.0,4.0,4.0,5.0,4.065686706184822
3.0,4.0,5.0,4.0,5.0,3.0,3.7158894049380358
3.0,4.0,5.0,4.0,5.0,4.0,3.9558119626951695
3.0,4.0,5.0,4.0,5.0,5.0,4.093964981782141
3.0,4.0,5.0,5.0,2.0,3.0,3.3684232388737225
3.0,4.0,5.0,5.0,2.0,4.0,3.595098710717535
3.0,4.0,5.0,5.0,3.0,3.0,3.5868655224968484
3.0,4.0,5.0,5.0,3.0,4.0,3.786558873825416
3.0,4.0,5.0,5.0,4.0,3.0,3.782544787999573
3.0,4.0,5.0,5.0,4.0,4.0,3.8292378598155796
3.0,4.0,5.0,5.0,4.0,5.0,4.294696938244416
3.0,4.0,5.0,5.0,5.0,3.0,3.7825448279130196
3.0,4.0,5.0,5.0,5.0,4.0,4.064484532609244
3.0,4.0,5.0,5.0,5.0,5.0,4.294696637388904
3.0,5.0,1.0,1.0,1.0,1.0,1.194309541165616
3.0,5.0,1.0,1.0,1.0,2.0,1.6035424931715951
3.0,5.0,1.0,1.0,1.0,3.0,1.6565731841571893
3.0,5.0,1.0,1.0,2.0,1.0,1.393517327893908
3.0,5.0,1.0,1.0,2.0,2.0,1.7031170376988063
3.0,5.0,1.0,1.0,3.0,1.0,1.6423052856129643
3.0,5.0,1.0,1.0,3.0,2.0,1.8378782324292295
3.0,5.0,1.0,1.0,3.0,3.0,2.015486099626746
3.0,5.0,1.0,1.0,3.0,4.0,2.1967074125701957
3.0,5.0,1.0,1.0,4.0,1.0,1.6637405907417315
3.0,5.0,1.0,1.0,4.0,2.0,1.9301600657216542
3.0,5.0,1.0,1.0,5.0,1.0,1.785739575708084
3.0,5.0,1.0,1.0,5.0,2.0,2.0818767675219076
3.0,5.0,1.0,2.0,1.0,1.0,1.4823897720785193
3.0,5.0,1.0,2.0,1.0,2.0,1.6035423582586623
3.0,5.0,1.0,2.0,1.0,4.0,2.302159680948977
3.0,5.0,1.0,2.0,2.0,1.0,1.742912687465693
3.0,5.0,1.0,2.0,2.0,2.0,1.8938418360092524
3.0,5.0,1.0,2.0,2.0,3.0,2.102961241426407
3.0,5.0,1.0,2.0,3.0,1.0,1.7429128868203163
3.0,5.0,1.0,2.0,3.0,2.0,2.0365128057271353
3.0,5.0,1.0,2.0,4.0,1.0,1.8151056595220512
3.0,5.0,1.0,2.0,4.0,2.0,2.1249642600816077
3.0,5.0,1.0,2.0,4.0,4.0,2.434713603188977
3.0,5.0,1.0,2.0,4.0,5.0,2.6141281681308404
3.0,5.0,1.0,2.0,5.0,2.0,2.1249640317394767
3.0,5.0,1.0,3.0,1.0,1.0,1.578833882458964
3.0,5.0,1.0,3.0,1.0,2.0,1.8900576634848396
3.0,5.0,1.0,3.0,1.0,3.0,2.1029587646136907
3.0,5.0,1.0,3.0,2.0,1.0,1.7429121662938487
3.0,5.0,1.0,3.0,2.0,2.0,2.0823568032305837
3.0,5.0,1.0,3.0,2.0,3.0,2.1029601417181496
3.0,5.0,1.0,3.0,2.0,4.0,2.4234440196011113
3.0,5.0,1.0,3.0,3.0,1.0,1.8937611786575446
3.0,5.0,1.0,3.0,3.0,2.0,2.0823568576765368
3.0,5.0,1.0,3.0,3.0,3.0,2.316278847434638
3.0,5.0,1.0,3.0,3.0,4.0,2.453288622325099
3.0,5.0,1.0,3.0,4.0,2.0,2.308612418350417
3.0,5.0,1.0,3.0,4.0,3.0,2.3162787942211134
3.0,5.0,1.0,3.0,5.0,1.0,2.015897628216738
3.0,5.0,1.0,3.0,5.0,2.0,2.3138895466031744
3.0,5.0,1.0,3.0,5.0,3.0,2.459510897244551
3.0,5.0,1.0,3.0,5.0,4.0,2.6024055995393707
3.0,5.0,1.0,4.0,1.0,1.0,1.6511852085769965
3.0,5.0,1.0,4.0,1.0,2.0,2.1029554703492725
3.0,5.0,1.0,4.0,1.0,3.0,2.102956896706548
3.0,5.0,1.0,4.0,1.0,4.0,2.417451642012142
3.0,5.0,1.0,4.0,2.0,2.0,2.1029546929501053
3.0,5.0,1.0,4.0,2.0,3.0,2.243313938260539
3.0,5.0,1.0,4.0,3.0,1.0,1.8937608221641125
3.0,5.0,1.0,4.0,3.0,2.0,2.2709898806743625
3.0,5.0,1.0,4.0,3.0,3.0,2.364740287262106
3.0,5.0,1.0,4.0,4.0,1.0,2.11505347890959
3.0,5.0,1.0,4.0,4.0,3.0,2.5843445826840967
3.0,5.0,1.0,4.0,4.0,4.0,2.585768816110386
3.0,5.0,1.0,4.0,4.0,5.0,2.751348579459443
3.0,5.0,1.0,4.0,5.0,2.0,2.546260625159033
3.0,5.0,1.0,4.0,5.0,3.0,2.702087574747594
3.0,5.0,1.0,4.0,5.0,4.0,2.8108087876217414
3.0,5.0,1.0,5.0,1.0,1.0,1.786670650511423
3.0,5.0,1.0,5.0,1.0,3.0,2.2345161856757993
3.0,5.0,1.0,5.0,1.0,4.0,2.4233744298184083
3.0,5.0,1.0,5.0,1.0,5.0,2.423374488081818
3.0,5.0,1.0,5.0,2.0,1.0,2.11721306196072
3.0,5.0,1.0,5.0,2.0,3.0,2.5308076083830433
3.0,5.0,1.0,5.0,2.0,4.0,2.6554572292879826
3.0,5.0,1.0,5.0,3.0,4.0,2.7774562694417795
3.0,5.0,1.0,5.0,3.0,5.0,2.956871014133408
3.0,5.0,1.0,5.0,4.0,2.0,2.540625667676455
3.0,5.0,1.0,5.0,4.0,3.0,2.6484055933296076
3.0,5.0,1.0,5.0,4.0,4.0,2.7827333678096324
3.0,5.0,1.0,5.0,4.0,5.0,3.195591881618769
3.0,5.0,1.0,5.0,5.0,2.0,2.5462602903347595
3.0,5.0,1.0,5.0,5.0,3.0,2.7020872727227143
3.0,5.0,1.0,5.0,5.0,5.0,3.3216740808360035
3.0,5.0,2.0,1.0,1.0,1.0,1.5072788185251993
3.0,5.0,2.0,1.0,1.0,2.0,1.7706839087223216
3.0,5.0,2.0,1.0,1.0,4.0,2.3094234446838176
3.0,5.0,2.0,1.0,2.0,1.0,1.8344332264415582
3.0,5.0,2.0,1.0,2.0,2.0,2.0354030782966066
3.0,5.0,2.0,1.0,2.0,3.0,2.1014925193303187
3.0,5.0,2.0,1.0,3.0,1.0,1.9247918164191145
3.0,5.0,2.0,1.0,3.0,2.0,2.042856197536159
3.0,5.0,2.0,1.0,3.0,3.0,2.334538561383604
3.0,5.0,2.0,1.0,3.0,4.0,2.4366996737177984
3.0,5.0,2.0,1.0,4.0,1.0,2.018316944802187
3.0,5.0,2.0,1.0,4.0,2.0,2.2566732481959915
3.0,5.0,2.0,1.0,4.0,3.0,2.37928392628754
3.0,5.0,2.0,2.0,1.0,1.0,1.7639513004620033
3.0,5.0,2.0,2.0,1.0,2.0,1.8895821414960368
3.0,5.0,2.0,2.0,1.0,3.0,2.2506885772357346
3.0,5.0,2.0,2.0,2.0,1.0,1.9128162777689686
3.0,5.0,2.0,2.0,2.0,2.0,2.3042653343898207
3.0,5.0,2.0,2.0,2.0,3.0,2.4454706383756477
3.0,5.0,2.0,2.0,3.0,1.0,2.0636132628267916
3.0,5.0,2.0,2.0,3.0,2.0,2.3042655101400755
3.0,5.0,2.0,2.0,3.0,3.0,2.4948362799958326
3.0,5.0,2.0,2.0,3.0,4.0,2.8180111075362206
3.0,5.0,2.0,2.0,4.0,2.0,2.3204042630701873
3.0,5.0,2.0,2.0,4.0,3.0,2.696936348662739
3.0,5.0,2.0,2.0,4.0,4.0,2.8180116328713876
3.0,5.0,2.0,2.0,5.0,2.0,2.3921076908744205
3.0,5.0,2.0,2.0,5.0,3.0,2.7843535039884344
3.0,5.0,2.0,2.0,5.0,4.0,2.922475455370285
3.0,5.0,2.0,2.0,5.0,5.0,3.0831374167121552
3.0,5.0,2.0,3.0,1.0,1.0,1.8983373378285895
3.0,5.0,2.0,3.0,1.0,2.0,2.1763819166388467
3.0,5.0,2.0,3.0,1.0,3.0,2.439944360145516
3.0,5.0,2.0,3.0,1.0,4.0,2.4848452853092593
3.0,5.0,2.0,3.0,1.0,5.0,2.6041296964901965
3.0,5.0,2.0,3.0,2.0,1.0,1.98560104307584
3.0,5.0,2.0,3.0,2.0,2.0,2.3094716212153825
3.0,5.0,2.0,3.0,2.0,3.0,2.5185569196018647
3.0,5.0,2.0,3.0,2.0,4.0,2.663435861774021
3.0,5.0,2.0,3.0,3.0,2.0,2.495327873793926
3.0,5.0,2.0,3.0,3.0,3.0,2.786637360087918
3.0,5.0,2.0,3.0,3.0,4.0,2.818010198814422
3.0,5.0,2.0,3.0,3.0,5.0,2.9648505856834606
3.0,5.0,2.0,3.0,4.0,1.0,2.3939472608649757
3.0,5.0,2.0,3.0,4.0,2.0,2.5471548128884045
3.0,5.0,2.0,3.0,4.0,3.0,2.8299040054603317
3.0,5.0,2.0,3.0,4.0,4.0,2.8299039718558925
3.0,5.0,2.0,3.0,4.0,5.0,3.13513703937209
3.0,5.0,2.0,3.0,5.0,1.0,2.4911886054184595
3.0,5.0,2.0,3.0,5.0,3.0,2.8315856226822356
3.0,5.0,2.0,3.0,5.0,4.0,3.0218002914419526
3.0,5.0,2.0,3.0,5.0,5.0,3.1351369093586348
3.0,5.0,2.0,4.0,1.0,1.0,1.9719573850871268
3.0,5.0,2.0,4.0,1.0,2.0,2.2607122069197247
3.0,5.0,2.0,4.0,1.0,3.0,2.4399427278824812
3.0,5.0,2.0,4.0,1.0,4.0,2.6276459850999605
3.0,5.0,2.0,4.0,2.0,1.0,2.241198235042917
3.0,5.0,2.0,4.0,2.0,2.0,2.30947103337177
3.0,5.0,2.0,4.0,2.0,3.0,2.6910917231226428
3.0,5.0,2.0,4.0,2.0,4.0,2.8024958284502373
3.0,5.0,2.0,4.0,3.0,1.0,2.2439729352148747
3.0,5.0,2.0,4.0,3.0,2.0,2.645654391833614
3.0,5.0,2.0,4.0,3.0,3.0,2.8565177721879285
3.0,5.0,2.0,4.0,3.0,4.0,3.085766296189267
3.0,5.0,2.0,4.0,3.0,5.0,3.1766070224541942
3.0,5.0,2.0,4.0,4.0,2.0,2.699666624492111
3.0,5.0,2.0,4.0,4.0,3.0,2.9410002405465874
3.0,5.0,2.0,4.0,4.0,4.0,3.085766310811413
3.0,5.0,2.0,4.0,4.0,5.0,3.271986223374709
3.0,5.0,2.0,4.0,5.0,2.0,2.704392220913257
3.0,5.0,2.0,4.0,5.0,3.0,2.956035519400168
3.0,5.0,2.0,4.0,5.0,4.0,3.2347599340004383
3.0,5.0,2.0,4.0,5.0,5.0,3.3010303998441612
3.0,5.0,2.0,5.0,1.0,2.0,2.260711851609705
3.0,5.0,2.0,5.0,1.0,3.0,2.5641056954916617
3.0,5.0,2.0,5.0,1.0,4.0,2.6926079114130643
3.0,5.0,2.0,5.0,1.0,5.0,2.8230086420688485
3.0,5.0,2.0,5.0,2.0,1.0,2.357204804359713
3.0,5.0,2.0,5.0,2.0,2.0,2.4805312739815792
3.0,5.0,2.0,5.0,2.0,3.0,2.7896809849905986
3.0,5.0,2.0,5.0,2.0,4.0,2.915236908160984
3.0,5.0,2.0,5.0,2.0,5.0,3.074863932402496
3.0,5.0,2.0,5.0,3.0,1.0,2.362482005778215
3.0,5.0,2.0,5.0,3.0,2.0,2.6456540298403373
3.0,5.0,2.0,5.0,3.0,3.0,2.888605312714132
3.0,5.0,2.0,5.0,3.0,4.0,3.1201464180455623
3.0,5.0,2.0,5.0,3.0,5.0,3.1766066845289798
3.0,5.0,2.0,5.0,4.0,1.0,2.6012028867883847
3.0,5.0,2.0,5.0,4.0,2.0,2.822138340737028
3.0,5.0,2.0,5.0,4.0,3.0,2.956034592688236
3.0,5.0,2.0,5.0,4.0,4.0,3.132471719166124
3.0,5.0,2.0,5.0,4.0,5.0,3.271985668265301
3.0,5.0,2.0,5.0,5.0,1.0,2.606479980337599
3.0,5.0,2.0,5.0,5.0,2.0,2.9026166578730077
3.0,5.0,2.0,5.0,5.0,3.0,2.9560346232416363
3.0,5.0,2.0,5.0,5.0,4.0,3.3766385487902415
3.0,5.0,2.0,5.0,5.0,5.0,3.376698890606034
3.0,5.0,3.0,1.0,1.0,1.0,1.7122306885124454
3.0,5.0,3.0,1.0,1.0,2.0,2.1411583992793193
3.0,5.0,3.0,1.0,1.0,3.0,2.15223995782534
3.0,5.0,3.0,1.0,2.0,1.0,2.1101060218342216
3.0,5.0,3.0,1.0,2.0,2.0,2.178712270413365
3.0,5.0,3.0,1.0,2.0,3.0,2.2135600117602015
3.0,5.0,3.0,1.0,3.0,1.0,2.110106091020656
3.0,5.0,3.0,1.0,3.0,2.0,2.401789289886174
3.0,5.0,3.0,1.0,3.0,3.0,2.4983998050426126
3.0,5.0,3.0,1.0,3.0,5.0,2.972828337155116
3.0,5.0,3.0,1.0,4.0,1.0,2.2785837181031323
3.0,5.0,3.0,1.0,4.0,2.0,2.4017892200756243
3.0,5.0,3.0,1.0,4.0,3.0,2.7007368996104653
3.0,5.0,3.0,1.0,4.0,4.0,2.7007368748739506
3.0,5.0,3.0,1.0,5.0,1.0,2.2785838680854424
3.0,5.0,3.0,1.0,5.0,3.0,2.8728395706197842
3.0,5.0,3.0,1.0,5.0,4.0,2.9357010485400528
3.0,5.0,3.0,1.0,5.0,5.0,3.216826174460466
3.0,5.0,3.0,2.0,1.0,2.0,2.209009811875367
3.0,5.0,3.0,2.0,1.0,3.0,2.437573486542843
3.0,5.0,3.0,2.0,2.0,1.0,2.1324549986799055
3.0,5.0,3.0,2.0,2.0,2.0,2.4411665366168434
3.0,5.0,3.0,2.0,2.0,3.0,2.711410239782186
3.0,5.0,3.0,2.0,2.0,4.0,2.809640695792179
3.0,5.0,3.0,2.0,3.0,1.0,2.217319537212166
3.0,5.0,3.0,2.0,3.0,2.0,2.563517769641901
3.0,5.0,3.0,2.0,3.0,3.0,2.919027702797999
3.0,5.0,3.0,2.0,3.0,4.0,2.9329130399213463
3.0,5.0,3.0,2.0,3.0,5.0,2.9750282587257137
3.0,5.0,3.0,2.0,4.0,2.0,2.7345563353338926
3.0,5.0,3.0,2.0,4.0,3.0,2.9563304848928027
3.0,5.0,3.0,2.0,4.0,4.0,3.180561987263122
3.0,5.0,3.0,2.0,4.0,5.0,3.3275558027047207
3.0,5.0,3.0,2.0,5.0,3.0,2.9563304886098214
3.0,5.0,3.0,2.0,5.0,4.0,3.3961968684498256
3.0,5.0,3.0,2.0,5.0,5.0,3.3961968289876845
3.0,5.0,3.0,3.0,1.0,1.0,2.2177666571493617
3.0,5.0,3.0,3.0,1.0,2.0,2.4142711649182673
3.0,5.0,3.0,3.0,1.0,3.0,2.6883564726731897
3.0,5.0,3.0,3.0,1.0,4.0,2.8039545101751613
3.0,5.0,3.0,3.0,1.0,5.0,2.964936604700114
3.0,5.0,3.0,3.0,2.0,2.0,2.628294499650178
3.0,5.0,3.0,3.0,2.0,3.0,2.9426560220947593
3.0,5.0,3.0,3.0,2.0,4.0,3.1027109935006605
3.0,5.0,3.0,3.0,3.0,1.0,2.4060001818237264
3.0,5.0,3.0,3.0,3.0,2.0,2.649601514595337
3.0,5.0,3.0,3.0,3.0,3.0,3.0377247304559876
3.0,5.0,3.0,3.0,3.0,4.0,3.1523465535568946
3.0,5.0,3.0,3.0,4.0,2.0,2.8106927833722692
3.0,5.0,3.0,3.0,4.0,3.0,3.1911733096913135
3.0,5.0,3.0,3.0,4.0,4.0,3.437954238225346
3.0,5.0,3.0,3.0,4.0,5.0,3.501722522923607
3.0,5.0,3.0,3.0,5.0,1.0,2.497736744314572
3.0,5.0,3.0,3.0,5.0,3.0,3.231976305818646
3.0,5.0,3.0,3.0,5.0,4.0,3.4632841312801697
3.0,5.0,3.0,3.0,5.0,5.0,3.5492265536358074
3.0,5.0,3.0,4.0,1.0,2.0,2.5868318517776743
3.0,5.0,3.0,4.0,1.0,3.0,2.733278858297312
3.0,5.0,3.0,4.0,1.0,4.0,2.8039541338481455
3.0,5.0,3.0,4.0,2.0,1.0,2.4811901395784797
3.0,5.0,3.0,4.0,2.0,2.0,2.6550663534024053
3.0,5.0,3.0,4.0,2.0,3.0,2.942655607322245
3.0,5.0,3.0,4.0,2.0,4.0,3.1027103059122076
3.0,5.0,3.0,4.0,2.0,5.0,3.19884921512479
3.0,5.0,3.0,4.0,3.0,1.0,2.603577177244857
3.0,5.0,3.0,4.0,3.0,2.0,2.9476838958325504
3.0,5.0,3.0,4.0,3.0,3.0,3.271303026202178
3.0,5.0,3.0,4.0,3.0,4.0,3.370795412812421
3.0,5.0,3.0,4.0,3.0,5.0,3.370795574783467
3.0,5.0,3.0,4.0,4.0,2.0,2.947684549165881
3.0,5.0,3.0,4.0,4.0,3.0,3.271303391441533
3.0,5.0,3.0,4.0,4.0,4.0,3.4997041642302453
3.0,5.0,3.0,4.0,4.0,5.0,3.617741598270401
3.0,5.0,3.0,4.0,5.0,1.0,2.847187102981763
3.0,5.0,3.0,4.0,5.0,2.0,3.01943820768567
3.0,5.0,3.0,4.0,5.0,3.0,3.2713039933625563
3.0,5.0,3.0,4.0,5.0,4.0,3.5504661966660103
3.0,5.0,3.0,4.0,5.0,5.0,3.7974120430727822
3.0,5.0,3.0,5.0,1.0,1.0,2.2516359623372826
3.0,5.0,3.0,5.0,1.0,2.0,2.6546125741847195
3.0,5.0,3.0,5.0,1.0,3.0,2.7332783536197565
3.0,5.0,3.0,5.0,1.0,4.0,2.8610768780787734
3.0,5.0,3.0,5.0,1.0,5.0,3.20543506166348
3.0,5.0,3.0,5.0,2.0,2.0,2.874221141041878
3.0,5.0,3.0,5.0,2.0,3.0,3.1958913141271026
3.0,5.0,3.0,5.0,2.0,4.0,3.1958912051091826
3.0,5.0,3.0,5.0,2.0,5.0,3.34389904306681
3.0,5.0,3.0,5.0,3.0,2.0,2.9476827218002852
3.0,5.0,3.0,5.0,3.0,3.0,3.271302662711273
3.0,5.0,3.0,5.0,3.0,4.0,3.5407700216259688
3.0,5.0,3.0,5.0,3.0,5.0,3.5407700631669607
3.0,5.0,3.0,5.0,4.0,1.0,2.753271592184154
3.0,5.0,3.0,5.0,4.0,2.0,3.0121210980221784
3.0,5.0,3.0,5.0,4.0,3.0,3.2713028163908002
3.0,5.0,3.0,5.0,4.0,4.0,3.7158683144355633
3.0,5.0,3.0,5.0,4.0,5.0,3.7974107328997326
3.0,5.0,3.0,5.0,5.0,1.0,2.9670408488379554
3.0,5.0,3.0,5.0,5.0,2.0,3.0194378977159526
3.0,5.0,3.0,5.0,5.0,3.0,3.2962356393731813
3.0,5.0,3.0,5.0,5.0,4.0,3.7158683886308568
3.0,5.0,3.0,5.0,5.0,5.0,3.79741075587336
3.0,5.0,4.0,1.0,1.0,1.0,2.0177193805877667
3.0,5.0,4.0,1.0,2.0,1.0,2.1397183872098977
3.0,5.0,4.0,1.0,3.0,1.0,2.270498574980981
3.0,5.0,4.0,1.0,3.0,2.0,2.6745758899952565
3.0,5.0,4.0,1.0,4.0,2.0,2.679853030006513
3.0,5.0,4.0,1.0,5.0,3.0,3.0949654127250743
3.0,5.0,4.0,1.0,5.0,4.0,3.2853195990524657
3.0,5.0,4.0,2.0,1.0,1.0,2.2504479127834385
3.0,5.0,4.0,2.0,1.0,2.0,2.4298626779488828
3.0,5.0,4.0,2.0,1.0,3.0,2.60927743097841
3.0,5.0,4.0,2.0,2.0,2.0,2.668583550203023
3.0,5.0,4.0,2.0,2.0,3.0,2.84799831873791
3.0,5.0,4.0,2.0,3.0,2.0,2.790582557314117
3.0,5.0,4.0,2.0,3.0,3.0,3.0949641473325094
3.0,5.0,4.0,2.0,3.0,4.0,3.2406801940402947
3.0,5.0,4.0,2.0,4.0,1.0,2.616444928166284
3.0,5.0,4.0,2.0,4.0,2.0,2.837797448785279
3.0,5.0,4.0,2.0,4.0,3.0,3.0949643804049174
3.0,5.0,4.0,2.0,4.0,4.0,3.240680227216724
3.0,5.0,4.0,2.0,5.0,1.0,2.8551657628893397
3.0,5.0,4.0,2.0,5.0,2.0,2.9783853347590017
3.0,5.0,4.0,2.0,5.0,3.0,3.0949648681393227
3.0,5.0,4.0,2.0,5.0,4.0,3.510131969488498
3.0,5.0,4.0,2.0,5.0,5.0,3.689546728986274
3.0,5.0,4.0,3.0,1.0,1.0,2.4831764483140293
3.0,5.0,4.0,3.0,1.0,2.0,2.545869312900254
3.0,5.0,4.0,3.0,1.0,3.0,2.8829822770212314
3.0,5.0,4.0,3.0,1.0,4.0,3.106661593437124
3.0,5.0,4.0,3.0,2.0,1.0,2.6464434251975915
3.0,5.0,4.0,3.0,2.0,2.0,2.7735811503824985
3.0,5.0,4.0,3.0,2.0,3.0,3.141003188999026
3.0,5.0,4.0,3.0,2.0,4.0,3.2329513077624537
3.0,5.0,4.0,3.0,3.0,2.0,2.975765457124878
3.0,5.0,4.0,3.0,3.0,3.0,3.2195958678545544
3.0,5.0,4.0,3.0,3.0,4.0,3.3452776751000752
3.0,5.0,4.0,3.0,3.0,5.0,3.3452778982555538
3.0,5.0,4.0,3.0,4.0,1.0,2.8491733721531483
3.0,5.0,4.0,3.0,4.0,2.0,2.975765286993407
3.0,5.0,4.0,3.0,4.0,3.0,3.393480132774008
3.0,5.0,4.0,3.0,4.0,4.0,3.7786700707515806
3.0,5.0,4.0,3.0,4.0,5.0,3.859332051808378
3.0,5.0,4.0,3.0,5.0,2.0,2.97838503201017
3.0,5.0,4.0,3.0,5.0,3.0,3.502798457940885
3.0,5.0,4.0,3.0,5.0,4.0,3.8066673444757737
3.0,5.0,4.0,3.0,5.0,5.0,3.8856425989066774
3.0,5.0,4.0,4.0,1.0,2.0,2.7785978611706343
3.0,5.0,4.0,4.0,1.0,3.0,3.066923193955082
3.0,5.0,4.0,4.0,1.0,4.0,3.1066612363671178
3.0,5.0,4.0,4.0,1.0,5.0,3.3168421486273827
3.0,5.0,4.0,4.0,2.0,2.0,2.9109867533731997
3.0,5.0,4.0,4.0,2.0,3.0,3.1410028255292755
3.0,5.0,4.0,4.0,2.0,4.0,3.2847680946317133
3.0,5.0,4.0,4.0,2.0,5.0,3.497494644987557
3.0,5.0,4.0,4.0,3.0,2.0,3.15314316335701
3.0,5.0,4.0,4.0,3.0,3.0,3.2922072563009133
3.0,5.0,4.0,4.0,3.0,4.0,3.7139611235304604
3.0,5.0,4.0,4.0,3.0,5.0,3.7139616430872406
3.0,5.0,4.0,4.0,4.0,2.0,3.234003437653545
3.0,5.0,4.0,4.0,4.0,3.0,3.5853632044152897
3.0,5.0,4.0,4.0,4.0,4.0,3.781474747095581
3.0,5.0,4.0,4.0,4.0,5.0,3.9748924092343794
3.0,5.0,4.0,4.0,5.0,2.0,3.238729036860262
3.0,5.0,4.0,4.0,5.0,3.0,3.5853636925570487
3.0,5.0,4.0,4.0,5.0,4.0,3.9081419340556987
3.0,5.0,4.0,4.0,5.0,5.0,4.067345102186065
3.0,5.0,4.0,5.0,1.0,1.0,2.715189751410637
3.0,5.0,4.0,5.0,1.0,3.0,3.07401928047003
3.0,5.0,4.0,5.0,1.0,4.0,3.110838149528799
3.0,5.0,4.0,5.0,1.0,5.0,3.549570681058733
3.0,5.0,4.0,5.0,2.0,3.0,3.197486045474377
3.0,5.0,4.0,5.0,2.0,4.0,3.323787054233616
3.0,5.0,4.0,5.0,2.0,5.0,3.6420808266596927
3.0,5.0,4.0,5.0,3.0,2.0,3.228637345588092
3.0,5.0,4.0,5.0,3.0,3.0,3.5237451313247408
3.0,5.0,4.0,5.0,3.0,4.0,3.7139604963420054
3.0,5.0,4.0,5.0,3.0,5.0,3.8993264398767766
3.0,5.0,4.0,5.0,4.0,3.0,3.585362651541936
3.0,5.0,4.0,5.0,4.0,4.0,3.889266661845553
3.0,5.0,4.0,5.0,4.0,5.0,4.093280073868447
3.0,5.0,4.0,5.0,5.0,3.0,3.5853635970024627
3.0,5.0,4.0,5.0,5.0,4.0,3.908141214929724
3.0,5.0,4.0,5.0,5.0,5.0,4.136785141165646
3.0,5.0,5.0,1.0,1.0,1.0,2.156427957869432
3.0,5.0,5.0,1.0,3.0,4.0,3.1566755721263196
3.0,5.0,5.0,1.0,4.0,2.0,2.9198449558794897
3.0,5.0,5.0,1.0,4.0,5.0,3.6915329737929916
3.0,5.0,5.0,1.0,5.0,2.0,2.9251220253653516
3.0,5.0,5.0,2.0,1.0,1.0,2.37371799369233
3.0,5.0,5.0,2.0,2.0,3.0,3.263515975747017
3.0,5.0,5.0,2.0,2.0,4.0,3.383769442229409
3.0,5.0,5.0,2.0,3.0,2.0,3.0273790284838893
3.0,5.0,5.0,2.0,3.0,3.0,3.26351584997919
3.0,5.0,5.0,2.0,4.0,1.0,2.9731586825692826
3.0,5.0,5.0,2.0,5.0,2.0,3.157850599935815
3.0,5.0,5.0,2.0,5.0,4.0,3.7501238884508026
3.0,5.0,5.0,2.0,5.0,5.0,3.9369035896166578
3.0,5.0,5.0,3.0,1.0,2.0,2.965590880725326
3.0,5.0,5.0,3.0,1.0,3.0,3.1987197998084835
3.0,5.0,5.0,3.0,2.0,2.0,2.965590895114952
3.0,5.0,5.0,3.0,2.0,3.0,3.27199933491416
3.0,5.0,5.0,3.0,2.0,4.0,3.383769106982952
3.0,5.0,5.0,3.0,3.0,2.0,3.273433187893668
3.0,5.0,5.0,3.0,3.0,3.0,3.381379308381219
3.0,5.0,5.0,3.0,3.0,4.0,3.599017878168716
3.0,5.0,5.0,3.0,3.0,5.0,3.687506952770291
3.0,5.0,5.0,3.0,4.0,3.0,3.5600235459397767
3.0,5.0,5.0,3.0,4.0,4.0,3.778670080468053
3.0,5.0,5.0,3.0,4.0,5.0,3.859331708541206
3.0,5.0,5.0,3.0,5.0,2.0,3.3905791451022504
3.0,5.0,5.0,3.0,5.0,3.0,3.6815164196265338
3.0,5.0,5.0,3.0,5.0,4.0,3.810054460787937
3.0,5.0,5.0,3.0,5.0,5.0,4.192982914645344
3.0,5.0,5.0,4.0,1.0,4.0,3.3774193102666543
3.0,5.0,5.0,4.0,2.0,3.0,3.3910781081354227
3.0,5.0,5.0,4.0,2.0,4.0,3.612217919572929
3.0,5.0,5.0,4.0,2.0,5.0,3.816923999258471
3.0,5.0,5.0,4.0,3.0,2.0,3.2734328449212553
3.0,5.0,5.0,4.0,3.0,3.0,3.7158888752959083
3.0,5.0,5.0,4.0,3.0,4.0,3.8935807590971745
3.0,5.0,5.0,4.0,3.0,5.0,3.9261713988170293
3.0,5.0,5.0,4.0,4.0,3.0,3.715889291882364
3.0,5.0,5.0,4.0,4.0,4.0,3.8935805850200005
3.0,5.0,5.0,4.0,4.0,5.0,4.248897531205949
3.0,5.0,5.0,4.0,5.0,2.0,3.6233076743409547
3.0,5.0,5.0,4.0,5.0,3.0,3.7158894682972665
3.0,5.0,5.0,4.0,5.0,4.0,4.08980028779624
3.0,5.0,5.0,4.0,5.0,5.0,4.2488973934008465
3.0,5.0,5.0,5.0,1.0,3.0,3.3140111973137474
3.0,5.0,5.0,5.0,1.0,4.0,3.4934259767671927
3.0,5.0,5.0,5.0,1.0,5.0,3.789562617429537
3.0,5.0,5.0,5.0,2.0,4.0,3.612217570973772
3.0,5.0,5.0,5.0,2.0,5.0,3.9282997164864613
3.0,5.0,5.0,5.0,3.0,1.0,3.014870964875725
3.0,5.0,5.0,5.0,3.0,2.0,3.3785944300593416
3.0,5.0,5.0,5.0,3.0,3.0,3.7158883560779006
3.0,5.0,5.0,5.0,3.0,4.0,3.9005691243921796
3.0,5.0,5.0,5.0,3.0,5.0,4.130214786998572
3.0,5.0,5.0,5.0,4.0,1.0,3.321178687836588
3.0,5.0,5.0,5.0,4.0,3.0,3.7932292499283817
3.0,5.0,5.0,5.0,4.0,4.0,4.111965643216023
3.0,5.0,5.0,5.0,4.0,5.0,4.3462035468684315
3.0,5.0,5.0,5.0,5.0,3.0,3.793229285108434
3.0,5.0,5.0,5.0,5.0,4.0,4.111965550988586
3.0,5.0,5.0,5.0,5.0,5.0,4.346202521522809
4.0,1.0,1.0,1.0,1.0,1.0,1.3042893816990713
4.0,1.0,1.0,1.0,1.0,2.0,1.5477613205392016
4.0,1.0,1.0,1.0,2.0,1.0,1.4059485322178624
4.0,1.0,1.0,2.0,1.0,1.0,1.3522272820237766
4.0,1.0,1.0,2.0,1.0,2.0,1.5477610247450293
4.0,1.0,1.0,2.0,3.0,1.0,1.7503880502773197
4.0,1.0,1.0,3.0,1.0,1.0,1.5745844397822688
4.0,1.0,1.0,3.0,1.0,2.0,1.6953780741818596
4.0,1.0,1.0,3.0,2.0,1.0,1.7546843352256183
4.0,1.0,1.0,3.0,3.0,2.0,1.945712647593223
4.0,1.0,1.0,3.0,4.0,1.0,1.9986820962874257
4.0,1.0,1.0,3.0,4.0,2.0,2.0613750366875445
4.0,1.0,1.0,3.0,4.0,3.0,2.357511785488302
4.0,1.0,1.0,4.0,1.0,4.0,2.126068966060508
4.0,1.0,1.0,4.0,2.0,4.0,2.5256568796207177
4.0,1.0,1.0,4.0,3.0,3.0,2.234797447102648
4.0,1.0,1.0,5.0,1.0,1.0,1.7479766927009226
4.0,1.0,1.0,5.0,2.0,1.0,1.8699755132431886
4.0,1.0,2.0,1.0,1.0,1.0,1.647407148438038
4.0,1.0,2.0,1.0,2.0,1.0,1.762662914081426
4.0,1.0,2.0,2.0,1.0,3.0,2.1087933374235797
4.0,1.0,2.0,2.0,2.0,2.0,2.1744487049874897
4.0,1.0,2.0,2.0,3.0,2.0,2.2437828498040395
4.0,1.0,2.0,2.0,3.0,3.0,2.4579818010034935
4.0,1.0,2.0,2.0,4.0,2.0,2.30208220812023
4.0,1.0,2.0,3.0,1.0,1.0,1.8726771098963233
4.0,1.0,2.0,3.0,1.0,3.0,2.1087930268322244
4.0,1.0,2.0,3.0,2.0,2.0,2.1744483707169757
4.0,1.0,2.0,3.0,2.0,3.0,2.4702275403773655
4.0,1.0,2.0,3.0,3.0,2.0,2.2960898514099206
4.0,1.0,2.0,3.0,3.0,3.0,2.4755046704539367
4.0,1.0,2.0,3.0,3.0,4.0,2.6549194209175555
4.0,1.0,2.0,3.0,5.0,3.0,2.8362248716096126
4.0,1.0,2.0,4.0,1.0,1.0,2.1026498925598047
4.0,1.0,2.0,4.0,3.0,4.0,2.7709261722885348
4.0,1.0,2.0,4.0,4.0,3.0,2.830232188283614
4.0,1.0,2.0,4.0,4.0,4.0,3.1131602512721095
4.0,1.0,2.0,4.0,5.0,3.0,2.9522312724360744
4.0,1.0,2.0,5.0,3.0,3.0,2.8242401870067897
4.0,1.0,2.0,5.0,5.0,2.0,2.888823990381312
4.0,1.0,3.0,1.0,2.0,1.0,1.9583780688490435
4.0,1.0,3.0,1.0,3.0,1.0,2.007931890933384
4.0,1.0,3.0,1.0,3.0,4.0,2.7304847247360207
4.0,1.0,3.0,2.0,3.0,2.0,2.5368223813975543
4.0,1.0,3.0,2.0,5.0,5.0,3.260321255839985
4.0,1.0,3.0,3.0,1.0,2.0,2.4088057231953184
4.0,1.0,3.0,3.0,2.0,2.0,2.414082829117967
4.0,1.0,3.0,3.0,2.0,3.0,2.7405077029892873
4.0,1.0,3.0,3.0,3.0,1.0,2.440231606806569
4.0,1.0,3.0,3.0,3.0,3.0,2.832218493784144
4.0,1.0,3.0,3.0,3.0,4.0,2.8949113588829007
4.0,1.0,3.0,3.0,5.0,5.0,3.260320920972061
4.0,1.0,3.0,4.0,1.0,1.0,2.3453976062798674
4.0,1.0,3.0,4.0,1.0,2.0,2.5248123826081
4.0,1.0,3.0,4.0,1.0,3.0,2.7042271310820687
4.0,1.0,3.0,4.0,1.0,4.0,2.8836418921382276
4.0,1.0,3.0,4.0,2.0,2.0,2.70781088460984
4.0,1.0,3.0,4.0,2.0,3.0,2.844389042620291
4.0,1.0,3.0,4.0,3.0,1.0,2.440232179170954
4.0,1.0,3.0,4.0,3.0,2.0,2.7078108879222236
4.0,1.0,3.0,4.0,3.0,3.0,2.9536364553128407
4.0,1.0,3.0,4.0,4.0,2.0,2.890809332659255
4.0,1.0,3.0,4.0,4.0,3.0,3.0702241592080237
4.0,1.0,3.0,4.0,4.0,4.0,3.3280677444777544
4.0,1.0,3.0,5.0,2.0,2.0,2.762818192816113
4.0,1.0,3.0,5.0,4.0,4.0,3.3656454993217104
4.0,1.0,3.0,5.0,5.0,3.0,3.276012494076424
4.0,1.0,3.0,5.0,5.0,4.0,3.4876444944845764
4.0,1.0,3.0,5.0,5.0,5.0,3.7018585243005107
4.0,1.0,4.0,1.0,1.0,3.0,2.362755366438268
4.0,1.0,4.0,1.0,2.0,1.0,2.2426467181579026
4.0,1.0,4.0,1.0,3.0,3.0,2.7234752456784084
4.0,1.0,4.0,2.0,3.0,3.0,2.8394818734657643
4.0,1.0,4.0,3.0,1.0,2.0,2.73814759861242
4.0,1.0,4.0,3.0,3.0,3.0,3.072210415165989
4.0,1.0,4.0,4.0,1.0,3.0,2.7381472841387247
4.0,1.0,4.0,4.0,1.0,4.0,3.1236338280764118
4.0,1.0,4.0,4.0,3.0,3.0,3.1685439754441562
4.0,1.0,4.0,4.0,3.0,4.0,3.4597861627608792
4.0,1.0,4.0,4.0,4.0,3.0,3.310216066496248
4.0,1.0,4.0,4.0,4.0,4.0,3.6063527303231178
4.0,1.0,4.0,4.0,4.0,5.0,3.785767463069107
4.0,1.0,4.0,4.0,5.0,2.0,3.2528011279067233
4.0,1.0,4.0,5.0,4.0,4.0,3.751378398958949
4.0,1.0,4.0,5.0,4.0,5.0,4.018496013803977
4.0,1.0,4.0,5.0,5.0,5.0,4.023773084450443
4.0,1.0,5.0,2.0,1.0,2.0,2.6560641561438882
4.0,1.0,5.0,4.0,5.0,4.0,3.8516214905366044
4.0,1.0,5.0,5.0,5.0,5.0,4.1470431991463865
4.0,2.0,1.0,1.0,1.0,1.0,1.3374028495048926
4.0,2.0,1.0,1.0,1.0,3.0,1.7103665229365428
4.0,2.0,1.0,1.0,2.0,1.0,1.4586271196110443
4.0,2.0,1.0,2.0,1.0,3.0,1.9430951149886622
4.0,2.0,1.0,2.0,2.0,1.0,1.5895426505254417
4.0,2.0,1.0,2.0,2.0,2.0,1.7689574279369191
4.0,2.0,1.0,2.0,3.0,1.0,1.7503885484643995
4.0,2.0,1.0,2.0,3.0,3.0,2.1870930359510803
4.0,2.0,1.0,2.0,4.0,4.0,2.605228825762547
4.0,2.0,1.0,3.0,1.0,1.0,1.5745846401643082
4.0,2.0,1.0,3.0,1.0,2.0,1.7629650539602042
4.0,2.0,1.0,3.0,2.0,1.0,1.8088589238256496
4.0,2.0,1.0,3.0,2.0,2.0,2.0016859510067695
4.0,2.0,1.0,3.0,2.0,3.0,2.2421002242859305
4.0,2.0,1.0,3.0,3.0,2.0,2.12368494554093
4.0,2.0,1.0,3.0,3.0,3.0,2.2421002178605685
4.0,2.0,1.0,4.0,1.0,2.0,1.8789717706441824
4.0,2.0,1.0,4.0,1.0,3.0,2.175108377773216
4.0,2.0,1.0,4.0,1.0,4.0,2.3988337170918976
4.0,2.0,1.0,4.0,3.0,2.0,2.239691612565131
4.0,2.0,1.0,5.0,4.0,5.0,3.1326634858843834
4.0,2.0,2.0,1.0,1.0,1.0,1.6610740058104339
4.0,2.0,2.0,1.0,2.0,2.0,2.091294560214078
4.0,2.0,2.0,1.0,3.0,2.0,2.2224238949023865
4.0,2.0,2.0,2.0,1.0,1.0,1.7075355817387776
4.0,2.0,2.0,2.0,2.0,2.0,2.216737722708468
4.0,2.0,2.0,2.0,2.0,3.0,2.421807871450617
4.0,2.0,2.0,2.0,2.0,4.0,2.6012225911091402
4.0,2.0,2.0,2.0,3.0,1.0,2.0611213746627617
4.0,2.0,2.0,2.0,3.0,2.0,2.24378301302742
4.0,2.0,2.0,2.0,3.0,3.0,2.457982265513344
4.0,2.0,2.0,2.0,3.0,4.0,2.7232213188504866
4.0,2.0,2.0,2.0,4.0,2.0,2.486391107893329
4.0,2.0,2.0,3.0,1.0,1.0,1.9515695827826218
4.0,2.0,2.0,3.0,1.0,2.0,2.1196788755659073
4.0,2.0,2.0,3.0,1.0,3.0,2.2607214339303376
4.0,2.0,2.0,3.0,1.0,4.0,2.478508395705008
4.0,2.0,2.0,3.0,2.0,2.0,2.2167373835957864
4.0,2.0,2.0,3.0,2.0,3.0,2.4816011440946375
4.0,2.0,2.0,3.0,3.0,1.0,2.184262119931582
4.0,2.0,2.0,3.0,3.0,2.0,2.3636768764153113
4.0,2.0,2.0,3.0,3.0,3.0,2.575140630122022
4.0,2.0,2.0,3.0,4.0,2.0,2.539434016056587
4.0,2.0,2.0,3.0,4.0,3.0,2.9119527905897393
4.0,2.0,2.0,3.0,4.0,4.0,3.077949164741025
4.0,2.0,2.0,4.0,2.0,2.0,2.3576845265250936
4.0,2.0,2.0,4.0,2.0,3.0,2.6571520630522825
4.0,2.0,2.0,4.0,3.0,2.0,2.479683576538719
4.0,2.0,2.0,4.0,3.0,3.0,2.6947299143061723
4.0,2.0,2.0,4.0,3.0,4.0,2.95523493518489
4.0,2.0,2.0,4.0,4.0,3.0,2.994298435905509
4.0,2.0,2.0,4.0,4.0,4.0,3.1436528518565643
4.0,2.0,2.0,4.0,4.0,5.0,3.2298237548062483
4.0,2.0,2.0,4.0,5.0,2.0,2.7236814059234757
4.0,2.0,2.0,4.0,5.0,4.0,3.199232956499827
4.0,2.0,2.0,4.0,5.0,5.0,3.2619257942115785
4.0,2.0,2.0,5.0,1.0,1.0,2.1542705283392123
4.0,2.0,2.0,5.0,1.0,3.0,2.4755945683309477
4.0,2.0,2.0,5.0,3.0,1.0,2.416275356973889
4.0,2.0,2.0,5.0,4.0,4.0,3.1932405488710875
4.0,2.0,2.0,5.0,4.0,5.0,3.489377148787046
4.0,2.0,2.0,5.0,5.0,4.0,3.3648121349188216
4.0,2.0,2.0,5.0,5.0,5.0,3.4946543656083815
4.0,2.0,3.0,1.0,1.0,1.0,1.9438005215957013
4.0,2.0,3.0,1.0,1.0,2.0,2.127657544838806
4.0,2.0,3.0,1.0,3.0,1.0,2.0755188852667343
4.0,2.0,3.0,1.0,3.0,2.0,2.328713204432019
4.0,2.0,3.0,2.0,1.0,1.0,1.9438000236079032
4.0,2.0,3.0,2.0,1.0,2.0,2.2054990088251007
4.0,2.0,3.0,2.0,2.0,2.0,2.431965309389282
4.0,2.0,3.0,2.0,2.0,3.0,2.592627319546873
4.0,2.0,3.0,2.0,3.0,2.0,2.5368229374314737
4.0,2.0,3.0,2.0,3.0,3.0,2.7687330297544714
4.0,2.0,3.0,2.0,4.0,2.0,2.7263830546660976
4.0,2.0,3.0,2.0,4.0,3.0,2.895825871160188
4.0,2.0,3.0,2.0,4.0,4.0,3.085212568470963
4.0,2.0,3.0,3.0,1.0,2.0,2.4136272444458986
4.0,2.0,3.0,3.0,1.0,3.0,2.6917830700598926
4.0,2.0,3.0,3.0,2.0,2.0,2.529269521916504
4.0,2.0,3.0,3.0,2.0,3.0,2.7689556762336465
4.0,2.0,3.0,3.0,3.0,2.0,2.6918040737954367
4.0,2.0,3.0,3.0,3.0,3.0,2.958263808119586
4.0,2.0,3.0,3.0,3.0,4.0,3.0709399248737856
4.0,2.0,3.0,3.0,4.0,3.0,3.0161491233843494
4.0,2.0,3.0,3.0,4.0,4.0,3.180187353453887
4.0,2.0,3.0,3.0,4.0,5.0,3.380633963151009
4.0,2.0,3.0,4.0,1.0,3.0,2.7645439635946016
4.0,2.0,3.0,4.0,1.0,4.0,2.941244041680158
4.0,2.0,3.0,4.0,2.0,2.0,2.7103265299965185
4.0,2.0,3.0,4.0,2.0,3.0,2.932945580264511
4.0,2.0,3.0,4.0,2.0,4.0,2.9647375713053434
4.0,2.0,3.0,4.0,3.0,3.0,3.0580287714565273
4.0,2.0,3.0,4.0,3.0,4.0,3.2310443531859048
4.0,2.0,3.0,4.0,4.0,3.0,3.2183419579333172
4.0,2.0,3.0,4.0,4.0,4.0,3.361806375529639
4.0,2.0,3.0,4.0,5.0,3.0,3.2326540755233992
4.0,2.0,3.0,4.0,5.0,4.0,3.4247690607250245
4.0,2.0,3.0,4.0,5.0,5.0,3.6908161997341864
4.0,2.0,3.0,5.0,1.0,2.0,2.7084059608547584
4.0,2.0,3.0,5.0,2.0,3.0,3.0098197598747607
4.0,2.0,3.0,5.0,2.0,4.0,3.189234510834811
4.0,2.0,3.0,5.0,3.0,2.0,2.9524038857798414
4.0,2.0,3.0,5.0,3.0,4.0,3.4068496951008878
4.0,2.0,3.0,5.0,3.0,5.0,3.607370162345704
4.0,2.0,3.0,5.0,4.0,3.0,3.405020873753478
4.0,2.0,3.0,5.0,4.0,4.0,3.406849680895504
4.0,2.0,3.0,5.0,4.0,5.0,3.6859578723482533
4.0,2.0,3.0,5.0,5.0,3.0,3.4050209750111784
4.0,2.0,3.0,5.0,5.0,4.0,3.601719285282084
4.0,2.0,3.0,5.0,5.0,5.0,3.8794979248448764
4.0,2.0,4.0,1.0,3.0,1.0,2.432232712302632
4.0,2.0,4.0,1.0,3.0,2.0,2.6116473962607047
4.0,2.0,4.0,2.0,1.0,2.0,2.483656180826277
4.0,2.0,4.0,2.0,2.0,3.0,2.886656214448533
4.0,2.0,4.0,2.0,3.0,3.0,2.984379683147244
4.0,2.0,4.0,3.0,1.0,3.0,2.8954684291450232
4.0,2.0,4.0,3.0,2.0,3.0,3.0159379796293746
4.0,2.0,4.0,3.0,3.0,3.0,3.219510309536583
4.0,2.0,4.0,3.0,4.0,3.0,3.3389546533700245
4.0,2.0,4.0,4.0,1.0,4.0,3.2934548327925364
4.0,2.0,4.0,4.0,2.0,3.0,3.1338050386882115
4.0,2.0,4.0,4.0,2.0,4.0,3.2934548242935753
4.0,2.0,4.0,4.0,3.0,3.0,3.3579345709548925
4.0,2.0,4.0,4.0,3.0,4.0,3.4597863249486287
4.0,2.0,4.0,4.0,4.0,2.0,3.198388263507366
4.0,2.0,4.0,4.0,4.0,3.0,3.3579345609421
4.0,2.0,4.0,4.0,4.0,4.0,3.740337840874188
4.0,2.0,4.0,4.0,4.0,5.0,3.8686818438961614
4.0,2.0,4.0,4.0,5.0,3.0,3.616523839866418
4.0,2.0,4.0,4.0,5.0,4.0,3.795938695885629
4.0,2.0,4.0,4.0,5.0,5.0,3.9753534578729726
4.0,2.0,4.0,5.0,3.0,5.0,3.863315756986257
4.0,2.0,4.0,5.0,4.0,3.0,3.4050206616887086
4.0,2.0,4.0,5.0,4.0,4.0,3.8736783648725295
4.0,2.0,4.0,5.0,5.0,3.0,3.7604865776207244
4.0,2.0,4.0,5.0,5.0,4.0,3.873678434918312
4.0,2.0,4.0,5.0,5.0,5.0,4.267643847533252
4.0,2.0,5.0,3.0,2.0,3.0,3.374511952438144
4.0,2.0,5.0,3.0,3.0,3.0,3.3797893315205854
4.0,2.0,5.0,3.0,3.0,4.0,3.5592040696549008
4.0,2.0,5.0,3.0,4.0,3.0,3.5017883157414116
4.0,2.0,5.0,4.0,2.0,5.0,3.7326273007443866
4.0,2.0,5.0,4.0,3.0,3.0,3.496591140244117
4.0,2.0,5.0,4.0,3.0,4.0,3.791932606156511
4.0,2.0,5.0,4.0,4.0,2.0,3.4383799997075566
4.0,2.0,5.0,4.0,4.0,3.0,3.7345168736330825
4.0,2.0,5.0,4.0,4.0,4.0,3.922927319409618
4.0,2.0,5.0,4.0,4.0,5.0,4.09334634448391
4.0,2.0,5.0,4.0,5.0,3.0,3.824731085331691
4.0,2.0,5.0,4.0,5.0,4.0,4.03217475633087
4.0,2.0,5.0,5.0,2.0,3.0,3.6065255062841644
4.0,2.0,5.0,5.0,3.0,3.0,3.7285244806286073
4.0,2.0,5.0,5.0,4.0,4.0,4.029938265073701
4.0,2.0,5.0,5.0,4.0,5.0,4.2093530195844115
4.0,2.0,5.0,5.0,5.0,3.0,3.855800618951224
4.0,2.0,5.0,5.0,5.0,4.0,4.136056076490504
4.0,2.0,5.0,5.0,5.0,5.0,4.385029390374361
4.0,3.0,1.0,1.0,1.0,1.0,1.3374031291084973
4.0,3.0,1.0,1.0,1.0,3.0,1.7779535221523113
4.0,3.0,1.0,1.0,2.0,1.0,1.4586274295829382
4.0,3.0,1.0,1.0,2.0,2.0,1.7899066837818052
4.0,3.0,1.0,1.0,3.0,1.0,1.6322497394986326
4.0,3.0,1.0,1.0,3.0,2.0,1.9516295334082923
4.0,3.0,1.0,1.0,3.0,3.0,2.017797593503794
4.0,3.0,1.0,2.0,1.0,1.0,1.5837199614162405
4.0,3.0,1.0,2.0,1.0,2.0,1.7899059826783068
4.0,3.0,1.0,2.0,2.0,1.0,1.6596032584305658
4.0,3.0,1.0,2.0,2.0,2.0,1.7899063241250626
4.0,3.0,1.0,2.0,2.0,3.0,2.322576560046469
4.0,3.0,1.0,2.0,3.0,1.0,1.7503891248655123
4.0,3.0,1.0,2.0,3.0,2.0,2.067398655301024
4.0,3.0,1.0,2.0,4.0,1.0,1.901127603319681
4.0,3.0,1.0,2.0,4.0,2.0,2.146104036021235
4.0,3.0,1.0,2.0,5.0,3.0,2.615400532927881
4.0,3.0,1.0,2.0,5.0,5.0,2.857507460301409
4.0,3.0,1.0,3.0,1.0,1.0,1.6222431463504003
4.0,3.0,1.0,3.0,1.0,2.0,1.8305520471317853
4.0,3.0,1.0,3.0,1.0,3.0,2.008925333495224
4.0,3.0,1.0,3.0,2.0,1.0,1.808859053242772
4.0,3.0,1.0,3.0,2.0,2.0,2.040740929187923
4.0,3.0,1.0,3.0,3.0,1.0,1.9060961073186817
4.0,3.0,1.0,3.0,3.0,2.0,2.3661123809948683
4.0,3.0,1.0,3.0,3.0,3.0,2.411622815143185
4.0,3.0,1.0,3.0,3.0,4.0,2.550101453617159
4.0,3.0,1.0,3.0,4.0,1.0,2.133856273118609
4.0,3.0,1.0,3.0,4.0,2.0,2.3661123108592452
4.0,3.0,1.0,3.0,4.0,3.0,2.6094075822054834
4.0,3.0,1.0,4.0,1.0,1.0,1.6222428639996418
4.0,3.0,1.0,4.0,1.0,3.0,2.2173284902275783
4.0,3.0,1.0,4.0,2.0,2.0,2.270435710187134
4.0,3.0,1.0,4.0,3.0,2.0,2.411621740889001
4.0,3.0,1.0,4.0,3.0,3.0,2.411622198741531
4.0,3.0,1.0,4.0,3.0,4.0,2.684402869343656
4.0,3.0,1.0,4.0,4.0,2.0,2.4116214632405932
4.0,3.0,1.0,4.0,4.0,4.0,2.6844034064898104
4.0,3.0,1.0,5.0,1.0,1.0,2.062588714108244
4.0,3.0,1.0,5.0,3.0,3.0,2.6380581194160837
4.0,3.0,1.0,5.0,3.0,4.0,2.7821147560712687
4.0,3.0,1.0,5.0,5.0,1.0,2.4878681472736623
4.0,3.0,1.0,5.0,5.0,3.0,2.846697938973386
4.0,3.0,2.0,1.0,1.0,1.0,1.6610745938757654
4.0,3.0,2.0,1.0,1.0,2.0,1.9552525591538166
4.0,3.0,2.0,1.0,2.0,1.0,1.8225418940049358
4.0,3.0,2.0,1.0,2.0,2.0,2.091295076240368
4.0,3.0,2.0,1.0,2.0,3.0,2.219300416960426
4.0,3.0,2.0,1.0,3.0,1.0,1.8268203859650889
4.0,3.0,2.0,1.0,3.0,2.0,2.309860546823515
4.0,3.0,2.0,1.0,3.0,3.0,2.3786653087863434
4.0,3.0,2.0,1.0,4.0,2.0,2.3212495408076923
4.0,3.0,2.0,2.0,1.0,1.0,1.7230527381124974
4.0,3.0,2.0,2.0,1.0,2.0,2.0257280689379495
4.0,3.0,2.0,2.0,1.0,3.0,2.16301105365985
4.0,3.0,2.0,2.0,2.0,1.0,1.9903970878536514
4.0,3.0,2.0,2.0,2.0,2.0,2.268312891373286
4.0,3.0,2.0,2.0,2.0,3.0,2.4489205358359967
4.0,3.0,2.0,2.0,3.0,2.0,2.3098602296736233
4.0,3.0,2.0,2.0,3.0,3.0,2.4579827590071592
4.0,3.0,2.0,2.0,4.0,2.0,2.4960754125306566
4.0,3.0,2.0,2.0,4.0,3.0,2.7522094778356756
4.0,3.0,2.0,2.0,5.0,2.0,2.5592551551145166
4.0,3.0,2.0,3.0,1.0,1.0,2.0774152442136784
4.0,3.0,2.0,3.0,1.0,2.0,2.260721748660698
4.0,3.0,2.0,3.0,1.0,3.0,2.2607216719961825
4.0,3.0,2.0,3.0,1.0,4.0,2.6731154069941194
4.0,3.0,2.0,3.0,2.0,1.0,2.1052744414841125
4.0,3.0,2.0,3.0,2.0,2.0,2.293679177746042
4.0,3.0,2.0,3.0,2.0,3.0,2.7074757768294555
4.0,3.0,2.0,3.0,2.0,4.0,2.78481625482067
4.0,3.0,2.0,3.0,3.0,1.0,2.2255254578560373
4.0,3.0,2.0,3.0,3.0,2.0,2.4739058985197824
4.0,3.0,2.0,3.0,3.0,3.0,2.7339082648458537
4.0,3.0,2.0,3.0,3.0,4.0,2.924451692734656
4.0,3.0,2.0,3.0,4.0,2.0,2.5999567396031864
4.0,3.0,2.0,3.0,4.0,3.0,2.9119534625913124
4.0,3.0,2.0,3.0,4.0,4.0,3.0858833804221346
4.0,3.0,2.0,4.0,1.0,1.0,2.102650232661025
4.0,3.0,2.0,4.0,1.0,2.0,2.265213271064074
4.0,3.0,2.0,4.0,1.0,3.0,2.5367578283605217
4.0,3.0,2.0,4.0,1.0,4.0,2.6731147033697256
4.0,3.0,2.0,4.0,1.0,5.0,2.724794909920089
4.0,3.0,2.0,4.0,2.0,2.0,2.4876123431354573
4.0,3.0,2.0,4.0,2.0,3.0,2.7074754307643167
4.0,3.0,2.0,4.0,3.0,1.0,2.367855745945924
4.0,3.0,2.0,4.0,3.0,2.0,2.5667027187747093
4.0,3.0,2.0,4.0,3.0,3.0,2.949502729868384
4.0,3.0,2.0,4.0,3.0,4.0,3.0951289899168763
4.0,3.0,2.0,4.0,4.0,1.0,2.4898547220769975
4.0,3.0,2.0,4.0,4.0,2.0,2.7318639662845716
4.0,3.0,2.0,4.0,4.0,3.0,2.9942985950476775
4.0,3.0,2.0,4.0,4.0,4.0,3.1502614357231775
4.0,3.0,2.0,4.0,4.0,5.0,3.440957550558999
4.0,3.0,2.0,4.0,5.0,2.0,2.907990406465829
4.0,3.0,2.0,4.0,5.0,3.0,3.087405163823271
4.0,3.0,2.0,5.0,1.0,4.0,2.673113662342849
4.0,3.0,2.0,5.0,2.0,2.0,2.4876119850128062
4.0,3.0,2.0,5.0,2.0,3.0,2.7498865673020827
4.0,3.0,2.0,5.0,2.0,5.0,3.2883986701545718
4.0,3.0,2.0,5.0,3.0,2.0,2.7799990265190266
4.0,3.0,2.0,5.0,3.0,3.0,2.9636558189915756
4.0,3.0,2.0,5.0,4.0,2.0,2.7852761532518326
4.0,3.0,2.0,5.0,4.0,3.0,3.2331977564658865
4.0,3.0,2.0,5.0,4.0,4.0,3.3369520383434867
4.0,3.0,2.0,5.0,4.0,5.0,3.4987491352006064
4.0,3.0,2.0,5.0,5.0,4.0,3.364812296771478
4.0,3.0,2.0,5.0,5.0,5.0,3.5424309959633073
4.0,3.0,3.0,1.0,1.0,1.0,1.9438011248358151
4.0,3.0,3.0,1.0,1.0,3.0,2.37465921370558
4.0,3.0,3.0,1.0,2.0,1.0,1.9583784613261663
4.0,3.0,3.0,1.0,2.0,2.0,2.2372841506877577
4.0,3.0,3.0,1.0,2.0,3.0,2.3799363615057563
4.0,3.0,3.0,1.0,3.0,1.0,2.1281484462512648
4.0,3.0,3.0,1.0,3.0,2.0,2.3287134671046568
4.0,3.0,3.0,1.0,3.0,3.0,2.6777216683065377
4.0,3.0,3.0,1.0,3.0,4.0,2.730485055995067
4.0,3.0,3.0,1.0,3.0,5.0,3.0942086497810912
4.0,3.0,3.0,1.0,4.0,2.0,2.5848011560869755
4.0,3.0,3.0,1.0,4.0,3.0,2.677721642371542
4.0,3.0,3.0,2.0,1.0,1.0,1.9438003709036402
4.0,3.0,3.0,2.0,1.0,2.0,2.205499243241357
4.0,3.0,3.0,2.0,1.0,3.0,2.5988317919901665
4.0,3.0,3.0,2.0,1.0,4.0,2.670080654601008
4.0,3.0,3.0,2.0,2.0,2.0,2.476722852142758
4.0,3.0,3.0,2.0,2.0,3.0,2.5988318707597418
4.0,3.0,3.0,2.0,2.0,4.0,2.7092902615356196
4.0,3.0,3.0,2.0,3.0,2.0,2.536823551443899
4.0,3.0,3.0,2.0,3.0,3.0,2.7687333284845828
4.0,3.0,3.0,2.0,3.0,4.0,3.027581370995124
4.0,3.0,3.0,2.0,4.0,1.0,2.497833352012171
4.0,3.0,3.0,2.0,4.0,2.0,2.732172318370036
4.0,3.0,3.0,2.0,4.0,3.0,2.8958261007963553
4.0,3.0,3.0,2.0,4.0,4.0,3.2695214238659935
4.0,3.0,3.0,3.0,1.0,1.0,2.2009358081883676
4.0,3.0,3.0,3.0,1.0,2.0,2.413627452439955
4.0,3.0,3.0,3.0,1.0,3.0,2.74263112991784
4.0,3.0,3.0,3.0,2.0,1.0,2.3698420088246706
4.0,3.0,3.0,3.0,2.0,2.0,2.529269703908047
4.0,3.0,3.0,3.0,2.0,3.0,2.9869714154080196
4.0,3.0,3.0,3.0,3.0,1.0,2.491840982017168
4.0,3.0,3.0,3.0,3.0,2.0,2.6918043366506654
4.0,3.0,3.0,3.0,3.0,3.0,3.1234195697146556
4.0,3.0,3.0,3.0,3.0,4.0,3.375086457185606
4.0,3.0,3.0,3.0,3.0,5.0,3.3750864845741537
4.0,3.0,3.0,3.0,4.0,1.0,2.63597682146297
4.0,3.0,3.0,3.0,4.0,2.0,2.8994059741536846
4.0,3.0,3.0,3.0,4.0,3.0,3.2862070337959035
4.0,3.0,3.0,3.0,4.0,4.0,3.399905282252315
4.0,3.0,3.0,3.0,5.0,2.0,3.1172851302758677
4.0,3.0,3.0,3.0,5.0,3.0,3.366254541821209
4.0,3.0,3.0,3.0,5.0,4.0,3.3999052827349296
4.0,3.0,3.0,3.0,5.0,5.0,3.6869418162985026
4.0,3.0,3.0,4.0,1.0,1.0,2.3880611396123856
4.0,3.0,3.0,4.0,1.0,2.0,2.710327623334721
4.0,3.0,3.0,4.0,1.0,3.0,2.764544310153055
4.0,3.0,3.0,4.0,1.0,4.0,2.9412438778799888
4.0,3.0,3.0,4.0,1.0,5.0,3.27403459814237
4.0,3.0,3.0,4.0,2.0,1.0,2.60257056693156
4.0,3.0,3.0,4.0,2.0,2.0,2.7103270033542604
4.0,3.0,3.0,4.0,2.0,3.0,3.150592297056998
4.0,3.0,3.0,4.0,2.0,4.0,3.150592692186827
4.0,3.0,3.0,4.0,2.0,5.0,3.320230322816012
4.0,3.0,3.0,4.0,3.0,1.0,2.6488361063726993
4.0,3.0,3.0,4.0,3.0,2.0,2.945082669812986
4.0,3.0,3.0,4.0,3.0,3.0,3.1873219262923564
4.0,3.0,3.0,4.0,3.0,4.0,3.6201274858512997
4.0,3.0,3.0,4.0,3.0,5.0,3.6201278128073393
4.0,3.0,3.0,4.0,4.0,1.0,2.846568545849893
4.0,3.0,3.0,4.0,4.0,2.0,2.9450826691480567
4.0,3.0,3.0,4.0,4.0,3.0,3.351269417078583
4.0,3.0,3.0,4.0,4.0,4.0,3.8051005702574456
4.0,3.0,3.0,4.0,4.0,5.0,3.805101051029085
4.0,3.0,3.0,4.0,5.0,3.0,3.3662535956433426
4.0,3.0,3.0,4.0,5.0,4.0,3.8051008734819227
4.0,3.0,3.0,4.0,5.0,5.0,3.8154634403819827
4.0,3.0,3.0,5.0,1.0,3.0,2.941242870324386
4.0,3.0,3.0,5.0,1.0,4.0,2.9412432347881334
4.0,3.0,3.0,5.0,2.0,2.0,2.992010819096019
4.0,3.0,3.0,5.0,2.0,3.0,3.1505915846064423
4.0,3.0,3.0,5.0,2.0,4.0,3.229977929007299
4.0,3.0,3.0,5.0,2.0,5.0,3.5529581061656117
4.0,3.0,3.0,5.0,3.0,2.0,3.1129770419301392
4.0,3.0,3.0,5.0,3.0,3.0,3.223836545900309
4.0,3.0,3.0,5.0,3.0,4.0,3.6201269129731655
4.0,3.0,3.0,5.0,3.0,5.0,3.674957134595709
4.0,3.0,3.0,5.0,4.0,2.0,3.1129770161721027
4.0,3.0,3.0,5.0,4.0,3.0,3.4980662709065227
4.0,3.0,3.0,5.0,4.0,4.0,3.805099567206767
4.0,3.0,3.0,5.0,4.0,5.0,3.9110991609873142
4.0,3.0,3.0,5.0,5.0,3.0,3.500970892044075
4.0,3.0,3.0,5.0,5.0,4.0,3.8143598831968326
4.0,3.0,3.0,5.0,5.0,5.0,4.101149019521368
4.0,3.0,4.0,1.0,1.0,2.0,2.318514529915878
4.0,3.0,4.0,1.0,3.0,2.0,2.6792343919616806
4.0,3.0,4.0,1.0,4.0,1.0,2.62181863523886
4.0,3.0,4.0,1.0,4.0,2.0,2.917597854049343
4.0,3.0,4.0,1.0,4.0,4.0,3.160062923925688
4.0,3.0,4.0,1.0,5.0,3.0,3.102647157080576
4.0,3.0,4.0,2.0,2.0,1.0,2.4985263296219533
4.0,3.0,4.0,2.0,3.0,2.0,2.795241056949648
4.0,3.0,4.0,2.0,3.0,3.0,2.9843802436989244
4.0,3.0,4.0,2.0,4.0,2.0,2.9175975181398033
4.0,3.0,4.0,2.0,4.0,3.0,3.1929338927308417
4.0,3.0,4.0,2.0,4.0,4.0,3.351736246312505
4.0,3.0,4.0,3.0,1.0,2.0,2.7726712164519194
4.0,3.0,4.0,3.0,1.0,3.0,2.89546898586442
4.0,3.0,4.0,3.0,2.0,2.0,2.8311856474983648
4.0,3.0,4.0,3.0,2.0,3.0,3.1809825750159444
4.0,3.0,4.0,3.0,2.0,4.0,3.3416445807379387
4.0,3.0,4.0,3.0,3.0,1.0,2.8485548432325447
4.0,3.0,4.0,3.0,3.0,2.0,3.0019346030089293
4.0,3.0,4.0,3.0,3.0,3.0,3.3872278210261633
4.0,3.0,4.0,3.0,3.0,4.0,3.60934009497069
4.0,3.0,4.0,3.0,3.0,5.0,3.6829357011228034
4.0,3.0,4.0,3.0,4.0,2.0,3.1215851519381594
4.0,3.0,4.0,3.0,4.0,3.0,3.47629181417796
4.0,3.0,4.0,3.0,4.0,4.0,3.9116622721594685
4.0,3.0,4.0,3.0,4.0,5.0,3.9355748148685445
4.0,3.0,4.0,3.0,5.0,3.0,3.4762918633753483
4.0,3.0,4.0,3.0,5.0,4.0,3.911662845269236
4.0,3.0,4.0,3.0,5.0,5.0,3.9355748239798207
4.0,3.0,4.0,4.0,1.0,3.0,2.9697360067969556
4.0,3.0,4.0,4.0,1.0,4.0,3.3580874642138747
4.0,3.0,4.0,4.0,2.0,2.0,3.021977244197077
4.0,3.0,4.0,4.0,2.0,3.0,3.2961902461737247
4.0,3.0,4.0,4.0,2.0,4.0,3.5776423196354767
4.0,3.0,4.0,4.0,3.0,3.0,3.590676674996154
4.0,3.0,4.0,4.0,3.0,4.0,3.8677288554128015
4.0,3.0,4.0,4.0,3.0,5.0,3.873038284087744
4.0,3.0,4.0,4.0,4.0,2.0,3.3576856597867937
4.0,3.0,4.0,4.0,4.0,3.0,3.697817631172424
4.0,3.0,4.0,4.0,4.0,4.0,3.9994349956674924
4.0,3.0,4.0,4.0,4.0,5.0,4.150285558102855
4.0,3.0,4.0,4.0,5.0,3.0,3.697817678793367
4.0,3.0,4.0,4.0,5.0,4.0,4.0348268146891435
4.0,3.0,4.0,4.0,5.0,5.0,4.150285517249168
4.0,3.0,4.0,5.0,1.0,3.0,3.1584176729755487
4.0,3.0,4.0,5.0,1.0,4.0,3.378589329014847
4.0,3.0,4.0,5.0,2.0,3.0,3.2961899299043123
4.0,3.0,4.0,5.0,2.0,4.0,3.5776420090596543
4.0,3.0,4.0,5.0,2.0,5.0,3.676228152442803
4.0,3.0,4.0,5.0,3.0,3.0,3.6016509173957507
4.0,3.0,4.0,5.0,3.0,4.0,3.8677283512890095
4.0,3.0,4.0,5.0,3.0,5.0,4.021590119996565
4.0,3.0,4.0,5.0,4.0,3.0,3.6978168000689546
4.0,3.0,4.0,5.0,4.0,4.0,4.085203709402954
4.0,3.0,4.0,5.0,4.0,5.0,4.267644109518431
4.0,3.0,4.0,5.0,5.0,3.0,3.7655064148589923
4.0,3.0,4.0,5.0,5.0,4.0,4.173251101533254
4.0,3.0,4.0,5.0,5.0,5.0,4.26764397211806
4.0,3.0,5.0,1.0,4.0,2.0,3.041225335161051
4.0,3.0,5.0,2.0,3.0,4.0,3.510784086864298
4.0,3.0,5.0,2.0,4.0,2.0,3.390675506224078
4.0,3.0,5.0,3.0,1.0,2.0,3.023963253498571
4.0,3.0,5.0,3.0,2.0,2.0,3.145962530938797
4.0,3.0,5.0,3.0,2.0,3.0,3.409548079571946
4.0,3.0,5.0,3.0,3.0,3.0,3.5228727557055772
4.0,3.0,5.0,3.0,3.0,4.0,3.7435129443051554
4.0,3.0,5.0,3.0,3.0,5.0,3.806205801044575
4.0,3.0,5.0,3.0,4.0,1.0,3.0938238561564004
4.0,3.0,5.0,3.0,4.0,2.0,3.482114875106416
4.0,3.0,5.0,3.0,4.0,3.0,3.5228727545338296
4.0,3.0,5.0,3.0,4.0,4.0,3.9868411884622343
4.0,3.0,5.0,3.0,4.0,5.0,4.144752613350659
4.0,3.0,5.0,3.0,5.0,3.0,3.7497851701969696
4.0,3.0,5.0,3.0,5.0,4.0,3.9907498963311974
4.0,3.0,5.0,3.0,5.0,5.0,4.166925698321818
4.0,3.0,5.0,4.0,1.0,1.0,2.9605552673623983
4.0,3.0,5.0,4.0,2.0,3.0,3.409547484115887
4.0,3.0,5.0,4.0,3.0,3.0,3.765341665327174
4.0,3.0,5.0,4.0,3.0,4.0,4.008175013192148
4.0,3.0,5.0,4.0,3.0,5.0,4.031565355754898
4.0,3.0,5.0,4.0,4.0,3.0,3.7653421832307927
4.0,3.0,5.0,4.0,4.0,4.0,4.071589862956418
4.0,3.0,5.0,4.0,4.0,5.0,4.249256067915575
4.0,3.0,5.0,4.0,5.0,3.0,3.824731169290124
4.0,3.0,5.0,4.0,5.0,4.0,4.199230111058982
4.0,3.0,5.0,4.0,5.0,5.0,4.40770609905183
4.0,3.0,5.0,5.0,2.0,3.0,3.67411246879857
4.0,3.0,5.0,5.0,2.0,5.0,4.032941951809801
4.0,3.0,5.0,5.0,3.0,3.0,3.765341003085382
4.0,3.0,5.0,5.0,3.0,4.0,4.0081741833217395
4.0,3.0,5.0,5.0,3.0,5.0,4.138746008761692
4.0,3.0,5.0,5.0,4.0,3.0,3.852897911013197
4.0,3.0,5.0,5.0,4.0,4.0,4.21012396609614
4.0,3.0,5.0,5.0,4.0,5.0,4.483488893554717
4.0,3.0,5.0,5.0,5.0,3.0,4.168514194058745
4.0,3.0,5.0,5.0,5.0,4.0,4.264056405379752
4.0,3.0,5.0,5.0,5.0,5.0,4.552239401539752
4.0,4.0,1.0,1.0,1.0,1.0,1.4175244252525812
4.0,4.0,1.0,1.0,1.0,2.0,1.6661257053255685
4.0,4.0,1.0,1.0,1.0,3.0,1.9622623245316495
4.0,4.0,1.0,1.0,2.0,1.0,1.61657675558446
4.0,4.0,1.0,1.0,2.0,2.0,1.8102708256894982
4.0,4.0,1.0,1.0,2.0,3.0,2.084261345753294
4.0,4.0,1.0,1.0,3.0,1.0,1.7816761137885073
4.0,4.0,1.0,1.0,3.0,2.0,1.9516298174250075
4.0,4.0,1.0,1.0,3.0,3.0,2.2062603407988908
4.0,4.0,1.0,1.0,4.0,1.0,1.903412803228074
4.0,4.0,1.0,1.0,4.0,3.0,2.3282593168219567
4.0,4.0,1.0,2.0,1.0,1.0,1.601716642725749
4.0,4.0,1.0,2.0,1.0,2.0,1.8032218033567988
4.0,4.0,1.0,2.0,1.0,3.0,2.1362724769133874
4.0,4.0,1.0,2.0,2.0,2.0,1.91415216850334
4.0,4.0,1.0,2.0,2.0,3.0,2.3225767736539593
4.0,4.0,1.0,2.0,3.0,2.0,2.118284689378668
4.0,4.0,1.0,2.0,3.0,3.0,2.3225769032558774
4.0,4.0,1.0,2.0,4.0,1.0,2.054507194442564
4.0,4.0,1.0,2.0,4.0,2.0,2.393631530500754
4.0,4.0,1.0,2.0,4.0,3.0,2.444265995334321
4.0,4.0,1.0,3.0,1.0,1.0,1.765929678138169
4.0,4.0,1.0,3.0,1.0,2.0,2.0148608873333402
4.0,4.0,1.0,3.0,1.0,3.0,2.1362721451609072
4.0,4.0,1.0,3.0,2.0,1.0,1.8573714748178007
4.0,4.0,1.0,3.0,2.0,3.0,2.408428978112446
4.0,4.0,1.0,3.0,3.0,1.0,1.9666188694321587
4.0,4.0,1.0,3.0,3.0,2.0,2.3661128263727638
4.0,4.0,1.0,3.0,3.0,3.0,2.5916129009821356
4.0,4.0,1.0,3.0,4.0,1.0,2.3181649992341913
4.0,4.0,1.0,3.0,4.0,2.0,2.3936311368982928
4.0,4.0,1.0,3.0,4.0,3.0,2.6844067015835162
4.0,4.0,1.0,4.0,1.0,1.0,1.9514527604078817
4.0,4.0,1.0,4.0,1.0,2.0,2.221711073994821
4.0,4.0,1.0,4.0,1.0,4.0,2.3988340822018044
4.0,4.0,1.0,4.0,2.0,3.0,2.4902847870379783
4.0,4.0,1.0,4.0,3.0,1.0,2.19545080716054
4.0,4.0,1.0,4.0,3.0,2.0,2.4116217749531588
4.0,4.0,1.0,4.0,3.0,3.0,2.591612595662206
4.0,4.0,1.0,4.0,4.0,2.0,2.613586438521243
4.0,4.0,1.0,4.0,4.0,3.0,2.6844054481086936
4.0,4.0,1.0,4.0,4.0,4.0,2.684404413881478
4.0,4.0,1.0,4.0,5.0,4.0,3.0500507385845017
4.0,4.0,1.0,4.0,5.0,5.0,3.05005121234451
4.0,4.0,1.0,5.0,1.0,1.0,2.06258915908133
4.0,4.0,1.0,5.0,1.0,4.0,2.4889818275443165
4.0,4.0,1.0,5.0,2.0,3.0,2.4902844509562514
4.0,4.0,1.0,5.0,4.0,4.0,3.0500494394798325
4.0,4.0,1.0,5.0,5.0,4.0,3.050049891954869
4.0,4.0,1.0,5.0,5.0,5.0,3.5894192526882702
4.0,4.0,2.0,1.0,1.0,1.0,1.6610752004855245
4.0,4.0,2.0,1.0,1.0,2.0,2.0257290499257428
4.0,4.0,2.0,1.0,2.0,1.0,1.8397440393367352
4.0,4.0,2.0,1.0,2.0,2.0,2.091295514620084
4.0,4.0,2.0,1.0,2.0,3.0,2.2193006242992217
4.0,4.0,2.0,1.0,2.0,4.0,2.5036678296167505
4.0,4.0,2.0,1.0,3.0,1.0,1.8397440015890554
4.0,4.0,2.0,1.0,3.0,2.0,2.341030811391841
4.0,4.0,2.0,1.0,3.0,3.0,2.5041314315002388
4.0,4.0,2.0,1.0,4.0,1.0,2.291058778490157
4.0,4.0,2.0,1.0,5.0,5.0,3.0490799580873205
4.0,4.0,2.0,2.0,1.0,1.0,1.7532643599180602
4.0,4.0,2.0,2.0,1.0,2.0,2.025728546198512
4.0,4.0,2.0,2.0,1.0,3.0,2.3877840748673522
4.0,4.0,2.0,2.0,1.0,5.0,2.677090009894041
4.0,4.0,2.0,2.0,2.0,1.0,1.9903972518398791
4.0,4.0,2.0,2.0,2.0,2.0,2.2683131336163074
4.0,4.0,2.0,2.0,2.0,3.0,2.5812875679393903
4.0,4.0,2.0,2.0,3.0,1.0,2.28636862056954
4.0,4.0,2.0,2.0,3.0,2.0,2.403406314200186
4.0,4.0,2.0,2.0,3.0,3.0,2.7015856154135265
4.0,4.0,2.0,2.0,3.0,4.0,2.8686972827402277
4.0,4.0,2.0,2.0,4.0,2.0,2.732173499052574
4.0,4.0,2.0,2.0,4.0,3.0,2.7522096603507857
4.0,4.0,2.0,2.0,4.0,4.0,2.868697254336253
4.0,4.0,2.0,2.0,5.0,3.0,2.9229787972427643
4.0,4.0,2.0,3.0,1.0,1.0,2.077415425315792
4.0,4.0,2.0,3.0,1.0,2.0,2.3444138562714465
4.0,4.0,2.0,3.0,1.0,3.0,2.5824718868055054
4.0,4.0,2.0,3.0,1.0,4.0,2.6731157223020063
4.0,4.0,2.0,3.0,2.0,1.0,2.2326818274181517
4.0,4.0,2.0,3.0,2.0,2.0,2.34441386050821
4.0,4.0,2.0,3.0,2.0,3.0,2.741136062996505
4.0,4.0,2.0,3.0,2.0,4.0,2.795111898198149
4.0,4.0,2.0,3.0,3.0,1.0,2.2863682819624076
4.0,4.0,2.0,3.0,3.0,2.0,2.6826449918063937
4.0,4.0,2.0,3.0,3.0,3.0,2.9119550634995086
4.0,4.0,2.0,3.0,3.0,4.0,2.9770779579827633
4.0,4.0,2.0,3.0,4.0,1.0,2.324713176369261
4.0,4.0,2.0,3.0,4.0,2.0,2.758169847715589
4.0,4.0,2.0,3.0,4.0,3.0,2.911954410645474
4.0,4.0,2.0,3.0,4.0,4.0,3.0858835801857065
4.0,4.0,2.0,3.0,4.0,5.0,3.275816888222828
4.0,4.0,2.0,3.0,5.0,2.0,2.8595706920456303
4.0,4.0,2.0,3.0,5.0,3.0,3.038985493754479
4.0,4.0,2.0,3.0,5.0,4.0,3.21840021662914
4.0,4.0,2.0,3.0,5.0,5.0,3.493115625954949
4.0,4.0,2.0,4.0,1.0,1.0,2.1714346798764885
4.0,4.0,2.0,4.0,1.0,2.0,2.458868407728571
4.0,4.0,2.0,4.0,1.0,3.0,2.5824718274529266
4.0,4.0,2.0,4.0,1.0,4.0,2.673115308441588
4.0,4.0,2.0,4.0,2.0,2.0,2.6644837133919608
4.0,4.0,2.0,4.0,2.0,3.0,2.794922605761539
4.0,4.0,2.0,4.0,2.0,4.0,2.7951116303726384
4.0,4.0,2.0,4.0,3.0,1.0,2.4476609456303113
4.0,4.0,2.0,4.0,3.0,2.0,2.682644390961936
4.0,4.0,2.0,4.0,3.0,3.0,3.045010575558824
4.0,4.0,2.0,4.0,3.0,4.0,3.153411556891732
4.0,4.0,2.0,4.0,4.0,2.0,2.805102782416701
4.0,4.0,2.0,4.0,4.0,3.0,3.0450106319347903
4.0,4.0,2.0,4.0,4.0,4.0,3.3533705395617557
4.0,4.0,2.0,4.0,4.0,5.0,3.4931149106166877
4.0,4.0,2.0,4.0,5.0,4.0,3.403975959888879
4.0,4.0,2.0,4.0,5.0,5.0,3.4931151578449438
4.0,4.0,2.0,5.0,1.0,2.0,2.4588677577004483
4.0,4.0,2.0,5.0,1.0,3.0,2.596640073328892
4.0,4.0,2.0,5.0,1.0,4.0,2.9378499847605486
4.0,4.0,2.0,5.0,2.0,1.0,2.546172249341728
4.0,4.0,2.0,5.0,2.0,2.0,2.7255869709189393
4.0,4.0,2.0,5.0,2.0,3.0,2.9149311712641075
4.0,4.0,2.0,5.0,2.0,4.0,3.166834287418758
4.0,4.0,2.0,5.0,2.0,5.0,3.2883988310760612
4.0,4.0,2.0,5.0,3.0,1.0,2.6436037007315223
4.0,4.0,2.0,5.0,3.0,2.0,2.847586024904807
4.0,4.0,2.0,5.0,3.0,3.0,3.045009751531765
4.0,4.0,2.0,5.0,3.0,4.0,3.2064155219823625
4.0,4.0,2.0,5.0,4.0,2.0,2.8996943335879046
4.0,4.0,2.0,5.0,4.0,4.0,3.353370068521176
4.0,4.0,2.0,5.0,4.0,5.0,3.584684520966846
4.0,4.0,2.0,5.0,5.0,3.0,3.270998553550241
4.0,4.0,2.0,5.0,5.0,4.0,3.420048906772672
4.0,4.0,2.0,5.0,5.0,5.0,3.5894191384751357
4.0,4.0,3.0,1.0,1.0,1.0,1.9438021836220118
4.0,4.0,3.0,1.0,1.0,2.0,2.21308818205139
4.0,4.0,3.0,1.0,2.0,2.0,2.237284388873518
4.0,4.0,3.0,1.0,2.0,3.0,2.5520867837349517
4.0,4.0,3.0,1.0,3.0,1.0,2.2106928030089277
4.0,4.0,3.0,1.0,3.0,2.0,2.341030571267836
4.0,4.0,3.0,1.0,3.0,3.0,2.7477660405679947
4.0,4.0,3.0,1.0,4.0,1.0,2.291058544186063
4.0,4.0,3.0,1.0,4.0,3.0,2.7477661068473185
4.0,4.0,3.0,1.0,5.0,2.0,2.750827441092145
4.0,4.0,3.0,2.0,1.0,1.0,2.178579525112002
4.0,4.0,3.0,2.0,1.0,2.0,2.401201681576637
4.0,4.0,3.0,2.0,1.0,3.0,2.6749747559870234
4.0,4.0,3.0,2.0,1.0,4.0,2.7376675869035
4.0,4.0,3.0,2.0,2.0,2.0,2.552413172247897
4.0,4.0,3.0,2.0,2.0,3.0,2.7597930114989873
4.0,4.0,3.0,2.0,2.0,4.0,2.9763885196664526
4.0,4.0,3.0,2.0,3.0,2.0,2.650733483067235
4.0,4.0,3.0,2.0,3.0,3.0,2.96019956580968
4.0,4.0,3.0,2.0,3.0,4.0,3.2690286032481715
4.0,4.0,3.0,2.0,4.0,1.0,2.5530390772086373
4.0,4.0,3.0,2.0,4.0,2.0,2.732172849741916
4.0,4.0,3.0,2.0,4.0,3.0,3.0573257958167734
4.0,4.0,3.0,2.0,4.0,4.0,3.3081801959382586
4.0,4.0,3.0,2.0,5.0,2.0,2.9110143483018476
4.0,4.0,3.0,2.0,5.0,3.0,3.1459369384886573
4.0,4.0,3.0,2.0,5.0,4.0,3.3081801873905374
4.0,4.0,3.0,2.0,5.0,5.0,3.638522159406701
4.0,4.0,3.0,3.0,1.0,1.0,2.27482361050746
4.0,4.0,3.0,3.0,1.0,2.0,2.5828718274695133
4.0,4.0,3.0,3.0,1.0,3.0,2.742631237237505
4.0,4.0,3.0,3.0,1.0,4.0,2.9076007150052656
4.0,4.0,3.0,3.0,2.0,1.0,2.4374289726450424
4.0,4.0,3.0,3.0,2.0,2.0,2.831187275015757
4.0,4.0,3.0,3.0,2.0,3.0,2.986971742701799
4.0,4.0,3.0,3.0,2.0,4.0,3.0629878937920787
4.0,4.0,3.0,3.0,3.0,1.0,2.6359772585778454
4.0,4.0,3.0,3.0,3.0,2.0,2.899406582207541
4.0,4.0,3.0,3.0,3.0,3.0,3.1234202553570443
4.0,4.0,3.0,3.0,3.0,4.0,3.4507950184458718
4.0,4.0,3.0,3.0,4.0,1.0,2.6359770984526905
4.0,4.0,3.0,3.0,4.0,2.0,2.8994063180195058
4.0,4.0,3.0,3.0,4.0,3.0,3.3439787819395375
4.0,4.0,3.0,3.0,4.0,4.0,3.6491290930414237
4.0,4.0,3.0,3.0,4.0,5.0,3.6491296615496602
4.0,4.0,3.0,3.0,5.0,2.0,3.117285287272303
4.0,4.0,3.0,3.0,5.0,3.0,3.3662557215084883
4.0,4.0,3.0,3.0,5.0,4.0,3.649129416823292
4.0,4.0,3.0,4.0,1.0,1.0,2.3880613194491054
4.0,4.0,3.0,4.0,1.0,2.0,2.710328158150264
4.0,4.0,3.0,4.0,1.0,3.0,2.977284359912535
4.0,4.0,3.0,4.0,1.0,4.0,3.173438332788418
4.0,4.0,3.0,4.0,2.0,2.0,2.8604530581238694
4.0,4.0,3.0,4.0,2.0,3.0,3.1539687586116965
4.0,4.0,3.0,4.0,2.0,4.0,3.4253066088324284
4.0,4.0,3.0,4.0,2.0,5.0,3.425306507210544
4.0,4.0,3.0,4.0,3.0,1.0,2.6754346264242286
4.0,4.0,3.0,4.0,3.0,2.0,3.038658398455641
4.0,4.0,3.0,4.0,3.0,3.0,3.3536244437366753
4.0,4.0,3.0,4.0,3.0,4.0,3.793933213059772
4.0,4.0,3.0,4.0,3.0,5.0,3.793933889777758
4.0,4.0,3.0,4.0,4.0,1.0,2.923128131128179
4.0,4.0,3.0,4.0,4.0,2.0,3.045633357016887
4.0,4.0,3.0,4.0,4.0,3.0,3.556934889797902
4.0,4.0,3.0,4.0,4.0,4.0,3.8844368021711158
4.0,4.0,3.0,4.0,4.0,5.0,3.9622340918216885
4.0,4.0,3.0,4.0,5.0,1.0,3.0361543494597094
4.0,4.0,3.0,4.0,5.0,2.0,3.1930375760874843
4.0,4.0,3.0,4.0,5.0,3.0,3.556935160817941
4.0,4.0,3.0,4.0,5.0,4.0,3.922192031549195
4.0,4.0,3.0,4.0,5.0,5.0,4.054699009370397
4.0,4.0,3.0,5.0,1.0,2.0,2.8435799263207193
4.0,4.0,3.0,5.0,1.0,3.0,2.977283656312194
4.0,4.0,3.0,5.0,1.0,4.0,3.173437543297716
4.0,4.0,3.0,5.0,1.0,5.0,3.2740344306711933
4.0,4.0,3.0,5.0,2.0,2.0,2.992010999859197
4.0,4.0,3.0,5.0,2.0,3.0,3.1539679027994745
4.0,4.0,3.0,5.0,2.0,4.0,3.426857555976262
4.0,4.0,3.0,5.0,2.0,5.0,3.588857816538306
4.0,4.0,3.0,5.0,3.0,3.0,3.418292485122821
4.0,4.0,3.0,5.0,3.0,4.0,3.7939325509984534
4.0,4.0,3.0,5.0,3.0,5.0,3.869355285957999
4.0,4.0,3.0,5.0,4.0,3.0,3.5569339947349277
4.0,4.0,3.0,5.0,4.0,4.0,3.907259488970245
4.0,4.0,3.0,5.0,4.0,5.0,4.158157776002322
4.0,4.0,3.0,5.0,5.0,2.0,3.2688210001822475
4.0,4.0,3.0,5.0,5.0,3.0,3.6174993710195604
4.0,4.0,3.0,5.0,5.0,4.0,3.978133099675561
4.0,4.0,3.0,5.0,5.0,5.0,4.162554369218106
4.0,4.0,4.0,1.0,1.0,1.0,2.1850838436731848
4.0,4.0,4.0,1.0,1.0,2.0,2.5547895336311615
4.0,4.0,4.0,1.0,3.0,1.0,2.5674065896217537
4.0,4.0,4.0,1.0,3.0,2.0,2.7468213884523727
4.0,4.0,4.0,1.0,3.0,3.0,2.750935907596117
4.0,4.0,4.0,1.0,3.0,4.0,3.197805244731926
4.0,4.0,4.0,1.0,4.0,1.0,2.6894056232493964
4.0,4.0,4.0,1.0,4.0,3.0,3.1477156756353972
4.0,4.0,4.0,1.0,4.0,4.0,3.2276498855701004
4.0,4.0,4.0,2.0,1.0,1.0,2.4394152550127313
4.0,4.0,4.0,2.0,1.0,2.0,2.6188300125443074
4.0,4.0,4.0,2.0,1.0,3.0,2.8866569189758593
4.0,4.0,4.0,2.0,2.0,1.0,2.4985265239418406
4.0,4.0,4.0,2.0,2.0,2.0,2.7437485993882818
4.0,4.0,4.0,2.0,2.0,3.0,2.8866566859307468
4.0,4.0,4.0,2.0,2.0,4.0,3.2163804221008454
4.0,4.0,4.0,2.0,3.0,2.0,2.808346865499561
4.0,4.0,4.0,2.0,3.0,3.0,2.9843809194654676
4.0,4.0,4.0,2.0,3.0,4.0,3.3383794314934145
4.0,4.0,4.0,2.0,4.0,2.0,2.986413137867092
4.0,4.0,4.0,2.0,4.0,3.0,3.1929340633199677
4.0,4.0,4.0,2.0,4.0,4.0,3.509139336194083
4.0,4.0,4.0,2.0,5.0,3.0,3.5196845524062517
4.0,4.0,4.0,2.0,5.0,4.0,3.5667869886835715
4.0,4.0,4.0,2.0,5.0,5.0,3.8068763200115194
4.0,4.0,4.0,3.0,1.0,2.0,2.7726713950782766
4.0,4.0,4.0,3.0,1.0,3.0,2.8954696531832607
4.0,4.0,4.0,3.0,1.0,4.0,3.29291992591997
4.0,4.0,4.0,3.0,2.0,2.0,2.8311863318474537
4.0,4.0,4.0,3.0,2.0,3.0,3.3570745783528415
4.0,4.0,4.0,3.0,2.0,4.0,3.4310112128014287
4.0,4.0,4.0,3.0,3.0,2.0,3.0019347758538046
4.0,4.0,4.0,3.0,3.0,3.0,3.53145333925391
4.0,4.0,4.0,3.0,3.0,4.0,3.7657422658488247
4.0,4.0,4.0,3.0,4.0,2.0,3.1611327009247887
4.0,4.0,4.0,3.0,4.0,3.0,3.6731318406948277
4.0,4.0,4.0,3.0,4.0,4.0,3.9116611082826367
4.0,4.0,4.0,3.0,4.0,5.0,4.027482793111314
4.0,4.0,4.0,3.0,5.0,2.0,3.3395545495630645
4.0,4.0,4.0,3.0,5.0,3.0,3.6731324096687685
4.0,4.0,4.0,3.0,5.0,4.0,4.048435702036023
4.0,4.0,4.0,3.0,5.0,5.0,4.150345889971806
4.0,4.0,4.0,4.0,1.0,1.0,2.671428576716108
4.0,4.0,4.0,4.0,1.0,2.0,2.977283177268873
4.0,4.0,4.0,4.0,1.0,3.0,2.9772836487606584
4.0,4.0,4.0,4.0,1.0,4.0,3.3580878485276218
4.0,4.0,4.0,4.0,1.0,5.0,3.5877245821127626
4.0,4.0,4.0,4.0,2.0,2.0,3.0516029652478363
4.0,4.0,4.0,4.0,2.0,3.0,3.3570741861257503
4.0,4.0,4.0,4.0,2.0,4.0,3.688902821048042
4.0,4.0,4.0,4.0,2.0,5.0,3.688902848292462
4.0,4.0,4.0,4.0,3.0,2.0,3.1531423976028545
4.0,4.0,4.0,4.0,3.0,3.0,3.70730025090052
4.0,4.0,4.0,4.0,3.0,4.0,3.9831718388632047
4.0,4.0,4.0,4.0,3.0,5.0,3.99266663350471
4.0,4.0,4.0,4.0,4.0,1.0,2.928991927938972
4.0,4.0,4.0,4.0,4.0,2.0,3.3576858302835793
4.0,4.0,4.0,4.0,4.0,3.0,3.8005493759733997
4.0,4.0,4.0,4.0,4.0,4.0,4.086882491548823
4.0,4.0,4.0,4.0,4.0,5.0,4.227724675802058
4.0,4.0,4.0,4.0,5.0,3.0,3.914477964125798
4.0,4.0,4.0,4.0,5.0,4.0,4.103564150012663
4.0,4.0,4.0,4.0,5.0,5.0,4.3197532524271125
4.0,4.0,4.0,5.0,1.0,1.0,2.9041570555659115
4.0,4.0,4.0,5.0,1.0,4.0,3.378589502743734
4.0,4.0,4.0,5.0,1.0,5.0,3.7045450710169425
4.0,4.0,4.0,5.0,2.0,2.0,3.0516019084673722
4.0,4.0,4.0,5.0,2.0,3.0,3.4589970140601136
4.0,4.0,4.0,5.0,2.0,4.0,3.726638419188718
4.0,4.0,4.0,5.0,2.0,5.0,3.8869319392194073
4.0,4.0,4.0,5.0,3.0,2.0,3.3275698431372134
4.0,4.0,4.0,5.0,3.0,3.0,3.8605160252497615
4.0,4.0,4.0,5.0,3.0,4.0,4.056332854408777
4.0,4.0,4.0,5.0,3.0,5.0,4.198174414240987
4.0,4.0,4.0,5.0,4.0,3.0,3.914052227332013
4.0,4.0,4.0,5.0,4.0,4.0,4.145669929763802
4.0,4.0,4.0,5.0,4.0,5.0,4.290436654538119
4.0,4.0,4.0,5.0,5.0,2.0,3.571567808549561
4.0,4.0,4.0,5.0,5.0,3.0,4.1121178517575325
4.0,4.0,4.0,5.0,5.0,4.0,4.200272034062184
4.0,4.0,4.0,5.0,5.0,5.0,4.423668203408859
4.0,4.0,5.0,1.0,4.0,4.0,3.7010855860307603
4.0,4.0,5.0,1.0,5.0,5.0,3.8857773764684573
4.0,4.0,5.0,2.0,3.0,3.0,3.515678295930394
4.0,4.0,5.0,2.0,4.0,3.0,3.613109939830707
4.0,4.0,5.0,2.0,4.0,5.0,3.996507182050019
4.0,4.0,5.0,2.0,5.0,3.0,3.642954573147791
4.0,4.0,5.0,2.0,5.0,5.0,4.118505990858799
4.0,4.0,5.0,3.0,2.0,3.0,3.4095485508981342
4.0,4.0,5.0,3.0,3.0,3.0,3.5902110265405276
4.0,4.0,5.0,3.0,3.0,4.0,3.8509523594531383
4.0,4.0,5.0,3.0,3.0,5.0,3.9905146897866985
4.0,4.0,5.0,3.0,4.0,2.0,3.4821150362222535
4.0,4.0,5.0,3.0,4.0,3.0,3.7292426718692133
4.0,4.0,5.0,3.0,4.0,4.0,4.048436107720554
4.0,4.0,5.0,3.0,4.0,5.0,4.159267869363213
4.0,4.0,5.0,3.0,5.0,3.0,3.8045807325034238
4.0,4.0,5.0,3.0,5.0,4.0,4.048436035483767
4.0,4.0,5.0,3.0,5.0,5.0,4.260142218781458
4.0,4.0,5.0,4.0,1.0,4.0,3.592394520540838
4.0,4.0,5.0,4.0,2.0,2.0,3.329556232301677
4.0,4.0,5.0,4.0,2.0,3.0,3.616224166372603
4.0,4.0,5.0,4.0,2.0,4.0,3.838857211420392
4.0,4.0,5.0,4.0,3.0,3.0,3.86673528469566
4.0,4.0,5.0,4.0,3.0,4.0,4.008176031925809
4.0,4.0,5.0,4.0,3.0,5.0,4.219279696809864
4.0,4.0,5.0,4.0,4.0,2.0,3.573554129033002
4.0,4.0,5.0,4.0,4.0,3.0,3.893094604870583
4.0,4.0,5.0,4.0,4.0,4.0,4.12093883403287
4.0,4.0,5.0,4.0,4.0,5.0,4.407741727306943
4.0,4.0,5.0,4.0,5.0,1.0,3.6328602694730643
4.0,4.0,5.0,4.0,5.0,3.0,3.958102996369044
4.0,4.0,5.0,4.0,5.0,4.0,4.242058914039555
4.0,4.0,5.0,4.0,5.0,5.0,4.512496926234121
4.0,4.0,5.0,5.0,1.0,3.0,3.7045447572022097
4.0,4.0,5.0,5.0,1.0,4.0,3.704544656741345
4.0,4.0,5.0,5.0,1.0,5.0,3.7045448013226667
4.0,4.0,5.0,5.0,2.0,4.0,3.866651276533382
4.0,4.0,5.0,5.0,2.0,5.0,4.152892565545603
4.0,4.0,5.0,5.0,3.0,3.0,3.9070806872996626
4.0,4.0,5.0,5.0,3.0,4.0,4.147776700437074
4.0,4.0,5.0,5.0,3.0,5.0,4.219279121998273
4.0,4.0,5.0,5.0,4.0,3.0,3.963277074385002
4.0,4.0,5.0,5.0,4.0,4.0,4.213954327196263
4.0,4.0,5.0,5.0,4.0,5.0,4.483488913589791
4.0,4.0,5.0,5.0,5.0,3.0,4.168514709142068
4.0,4.0,5.0,5.0,5.0,4.0,4.406585647214995
4.0,4.0,5.0,5.0,5.0,5.0,4.647159420729473
4.0,5.0,1.0,1.0,1.0,1.0,1.531934907390725
4.0,5.0,1.0,1.0,1.0,2.0,1.7615461660705467
4.0,5.0,1.0,1.0,1.0,3.0,2.0298493039586005
4.0,5.0,1.0,1.0,2.0,1.0,1.7101315732433227
4.0,5.0,1.0,1.0,3.0,2.0,1.9819302342358092
4.0,5.0,1.0,1.0,4.0,1.0,1.9034131078337928
4.0,5.0,1.0,1.0,4.0,2.0,2.2164315292620893
4.0,5.0,1.0,1.0,4.0,4.0,2.458539257639724
4.0,5.0,1.0,2.0,1.0,1.0,1.67030455271129
4.0,5.0,1.0,2.0,1.0,2.0,1.8497193120061433
4.0,5.0,1.0,2.0,2.0,2.0,2.0884401924736933
4.0,5.0,1.0,2.0,3.0,1.0,2.0310244095495187
4.0,5.0,1.0,2.0,3.0,2.0,2.118284850904248
4.0,5.0,1.0,2.0,3.0,3.0,2.3898539625372504
4.0,5.0,1.0,2.0,3.0,4.0,2.743636720025437
4.0,5.0,1.0,2.0,4.0,1.0,2.054507357537674
4.0,5.0,1.0,2.0,4.0,2.0,2.449160077060609
4.0,5.0,1.0,3.0,1.0,1.0,1.7863112026301136
4.0,5.0,1.0,3.0,2.0,2.0,2.183078080862861
4.0,5.0,1.0,3.0,2.0,3.0,2.408429139531663
4.0,5.0,1.0,3.0,3.0,1.0,2.223203559569575
4.0,5.0,1.0,3.0,4.0,2.0,2.5651667334584847
4.0,5.0,1.0,3.0,4.0,3.0,2.684407464137614
4.0,5.0,1.0,3.0,4.0,4.0,2.923996116504745
4.0,5.0,1.0,4.0,1.0,1.0,2.019039735598987
4.0,5.0,1.0,4.0,1.0,2.0,2.3148189256389267
4.0,5.0,1.0,4.0,1.0,3.0,2.442895847755244
4.0,5.0,1.0,4.0,1.0,4.0,2.499036039772309
4.0,5.0,1.0,4.0,2.0,2.0,2.437175385904725
4.0,5.0,1.0,4.0,2.0,3.0,2.616590142097419
4.0,5.0,1.0,4.0,2.0,4.0,2.679283025829739
4.0,5.0,1.0,4.0,3.0,2.0,2.4424524795161475
4.0,5.0,1.0,4.0,3.0,4.0,2.743636047584944
4.0,5.0,1.0,4.0,4.0,3.0,2.812795326734511
4.0,5.0,1.0,4.0,5.0,3.0,3.0993090223318265
4.0,5.0,1.0,4.0,5.0,4.0,3.1620019145986817
4.0,5.0,1.0,5.0,1.0,1.0,2.0625896398453856
4.0,5.0,1.0,5.0,1.0,2.0,2.314818591462816
4.0,5.0,1.0,5.0,1.0,4.0,2.640847985681775
4.0,5.0,1.0,5.0,2.0,4.0,2.7952896794271687
4.0,5.0,1.0,5.0,3.0,1.0,2.440043846088465
4.0,5.0,1.0,5.0,3.0,3.0,2.638058482220594
4.0,5.0,1.0,5.0,3.0,4.0,2.917288666232038
4.0,5.0,1.0,5.0,3.0,5.0,3.3301472040497972
4.0,5.0,1.0,5.0,4.0,1.0,2.440043851656919
4.0,5.0,1.0,5.0,4.0,3.0,2.812795014025833
4.0,5.0,1.0,5.0,4.0,4.0,3.2727314515804937
4.0,5.0,1.0,5.0,4.0,5.0,3.40488721301761
4.0,5.0,1.0,5.0,5.0,5.0,3.589419443354746
4.0,5.0,2.0,1.0,1.0,1.0,1.833223806376137
4.0,5.0,2.0,1.0,1.0,2.0,2.1679439154054703
4.0,5.0,2.0,1.0,1.0,3.0,2.2698412351116057
4.0,5.0,2.0,1.0,2.0,1.0,1.9162888271533953
4.0,5.0,2.0,1.0,2.0,2.0,2.1902229068179877
4.0,5.0,2.0,1.0,2.0,3.0,2.3508849356119264
4.0,5.0,2.0,1.0,3.0,1.0,2.155009711601522
4.0,5.0,2.0,1.0,3.0,2.0,2.3410311717232943
4.0,5.0,2.0,1.0,3.0,3.0,2.6305611253907797
4.0,5.0,2.0,1.0,4.0,3.0,2.635838234536425
4.0,5.0,2.0,1.0,5.0,1.0,2.291059055839926
4.0,5.0,2.0,2.0,1.0,1.0,2.095237769564083
4.0,5.0,2.0,2.0,1.0,2.0,2.3042646077286246
4.0,5.0,2.0,2.0,1.0,3.0,2.3877841958591746
4.0,5.0,2.0,2.0,2.0,1.0,2.0952381065276926
4.0,5.0,2.0,2.0,2.0,2.0,2.304264878705678
4.0,5.0,2.0,2.0,2.0,3.0,2.581287667514776
4.0,5.0,2.0,2.0,3.0,1.0,2.3877382586470035
4.0,5.0,2.0,2.0,3.0,2.0,2.505552732103342
4.0,5.0,2.0,2.0,3.0,3.0,2.9305698621689444
4.0,5.0,2.0,2.0,4.0,1.0,2.5609807223594836
4.0,5.0,2.0,2.0,4.0,2.0,2.7321739539148338
4.0,5.0,2.0,2.0,4.0,3.0,2.930569859459363
4.0,5.0,2.0,2.0,5.0,2.0,2.83089017533105
4.0,5.0,2.0,2.0,5.0,3.0,2.992351961536463
4.0,5.0,2.0,2.0,5.0,4.0,3.1699805207700553
4.0,5.0,2.0,3.0,1.0,1.0,2.095237217677103
4.0,5.0,2.0,3.0,1.0,2.0,2.351023831620352
4.0,5.0,2.0,3.0,1.0,3.0,2.5824723193155044
4.0,5.0,2.0,3.0,1.0,4.0,2.741303748926628
4.0,5.0,2.0,3.0,1.0,5.0,2.9774059732051033
4.0,5.0,2.0,3.0,2.0,1.0,2.4989553594789973
4.0,5.0,2.0,3.0,2.0,2.0,2.649180594465795
4.0,5.0,2.0,3.0,2.0,3.0,2.741136182692248
4.0,5.0,2.0,3.0,2.0,4.0,3.080603677789988
4.0,5.0,2.0,3.0,3.0,2.0,2.692229858232176
4.0,5.0,2.0,3.0,3.0,3.0,2.988606145274335
4.0,5.0,2.0,3.0,3.0,4.0,3.117550048691311
4.0,5.0,2.0,3.0,4.0,2.0,2.7692412680140546
4.0,5.0,2.0,3.0,4.0,3.0,2.991510765390378
4.0,5.0,2.0,3.0,4.0,4.0,3.1468481253103295
4.0,5.0,2.0,3.0,4.0,5.0,3.574341954775609
4.0,5.0,2.0,3.0,5.0,2.0,2.9347715170822393
4.0,5.0,2.0,3.0,5.0,3.0,3.095433530534927
4.0,5.0,2.0,3.0,5.0,5.0,3.574341728286432
4.0,5.0,2.0,4.0,1.0,1.0,2.3046380057867824
4.0,5.0,2.0,4.0,1.0,2.0,2.458868771626214
4.0,5.0,2.0,4.0,1.0,3.0,2.582471949882028
4.0,5.0,2.0,4.0,1.0,4.0,2.7413034779417194
4.0,5.0,2.0,4.0,2.0,2.0,2.6644838360888676
4.0,5.0,2.0,4.0,2.0,3.0,2.983142471444221
4.0,5.0,2.0,4.0,2.0,4.0,3.0806033215361643
4.0,5.0,2.0,4.0,3.0,2.0,2.8512527143793243
4.0,5.0,2.0,4.0,3.0,3.0,3.045011166395019
4.0,5.0,2.0,4.0,3.0,4.0,3.2034701978626834
4.0,5.0,2.0,4.0,4.0,1.0,2.7687433526192797
4.0,5.0,2.0,4.0,4.0,2.0,2.9502185453068686
4.0,5.0,2.0,4.0,4.0,3.0,3.2207266741428104
4.0,5.0,2.0,4.0,4.0,4.0,3.3533706545049435
4.0,5.0,2.0,4.0,5.0,3.0,3.2207266489730775
4.0,5.0,2.0,4.0,5.0,4.0,3.442361307925524
4.0,5.0,2.0,4.0,5.0,5.0,3.574341295802341
4.0,5.0,2.0,5.0,1.0,2.0,2.458868676758067
4.0,5.0,2.0,5.0,1.0,3.0,2.7616846593305007
4.0,5.0,2.0,5.0,1.0,4.0,2.9378501461114213
4.0,5.0,2.0,5.0,1.0,5.0,3.0830087217266327
4.0,5.0,2.0,5.0,2.0,2.0,2.814791889905758
4.0,5.0,2.0,5.0,2.0,3.0,3.060884501153668
4.0,5.0,2.0,5.0,2.0,4.0,3.1668344576052734
4.0,5.0,2.0,5.0,2.0,5.0,3.3314182529880036
4.0,5.0,2.0,5.0,3.0,1.0,2.64360385882511
4.0,5.0,2.0,5.0,3.0,2.0,3.025858305755988
4.0,5.0,2.0,5.0,3.0,3.0,3.133435703086908
4.0,5.0,2.0,5.0,3.0,4.0,3.266363456686386
4.0,5.0,2.0,5.0,3.0,5.0,3.57013913114032
4.0,5.0,2.0,5.0,4.0,2.0,3.0332867423531606
4.0,5.0,2.0,5.0,4.0,3.0,3.306792865374297
4.0,5.0,2.0,5.0,4.0,4.0,3.3533702359163637
4.0,5.0,2.0,5.0,4.0,5.0,3.5846848118634025
4.0,5.0,2.0,5.0,5.0,2.0,3.1591709240026513
4.0,5.0,2.0,5.0,5.0,3.0,3.407718036605354
4.0,5.0,2.0,5.0,5.0,4.0,3.510587232203993
4.0,5.0,2.0,5.0,5.0,5.0,3.5894194053914172
4.0,5.0,3.0,1.0,1.0,1.0,2.1510036363497798
4.0,5.0,3.0,1.0,1.0,2.0,2.504170911496322
4.0,5.0,3.0,1.0,1.0,3.0,2.5098331568251937
4.0,5.0,3.0,1.0,2.0,2.0,2.552413991427933
4.0,5.0,3.0,1.0,2.0,3.0,2.772496961342927
4.0,5.0,3.0,1.0,3.0,1.0,2.3537158054876834
4.0,5.0,3.0,1.0,3.0,3.0,2.772496969053589
4.0,5.0,3.0,1.0,3.0,4.0,3.0499678595315056
4.0,5.0,3.0,1.0,4.0,1.0,2.5170006413590444
4.0,5.0,3.0,1.0,4.0,2.0,2.58480151579243
4.0,5.0,3.0,1.0,4.0,4.0,3.171966795718639
4.0,5.0,3.0,1.0,5.0,1.0,2.6389996551916495
4.0,5.0,3.0,1.0,5.0,3.0,2.9982409360107156
4.0,5.0,3.0,1.0,5.0,4.0,3.177243926532858
4.0,5.0,3.0,2.0,1.0,1.0,2.2391022822574436
4.0,5.0,3.0,2.0,1.0,2.0,2.504170632798196
4.0,5.0,3.0,2.0,1.0,3.0,2.769469985991717
4.0,5.0,3.0,2.0,1.0,4.0,3.038698520397657
4.0,5.0,3.0,2.0,1.0,5.0,3.101391231580075
4.0,5.0,3.0,2.0,2.0,2.0,2.5524135226209728
4.0,5.0,3.0,2.0,2.0,3.0,2.7741955767095146
4.0,5.0,3.0,2.0,3.0,2.0,2.7622443869470192
4.0,5.0,3.0,2.0,3.0,3.0,2.9609642247112604
4.0,5.0,3.0,2.0,4.0,3.0,3.2216132101358057
4.0,5.0,3.0,2.0,4.0,4.0,3.3861884776621483
4.0,5.0,3.0,2.0,5.0,2.0,2.9110145607483866
4.0,5.0,3.0,2.0,5.0,3.0,3.221613149313109
4.0,5.0,3.0,2.0,5.0,4.0,3.4716435585516265
4.0,5.0,3.0,2.0,5.0,5.0,3.667101255953129
4.0,5.0,3.0,3.0,1.0,1.0,2.2748238086484656
4.0,5.0,3.0,3.0,1.0,2.0,2.6452471015120085
4.0,5.0,3.0,3.0,1.0,3.0,2.9221648314735975
4.0,5.0,3.0,3.0,1.0,5.0,3.217397844515798
4.0,5.0,3.0,3.0,2.0,1.0,2.5986978232349345
4.0,5.0,3.0,3.0,2.0,2.0,2.8311878636625543
4.0,5.0,3.0,3.0,2.0,3.0,3.0777989013053966
4.0,5.0,3.0,3.0,2.0,4.0,3.204941529014604
4.0,5.0,3.0,3.0,2.0,5.0,3.339397560708194
4.0,5.0,3.0,3.0,3.0,1.0,2.7437368117869427
4.0,5.0,3.0,3.0,3.0,2.0,2.9627491100241996
4.0,5.0,3.0,3.0,3.0,3.0,3.3432456080220274
4.0,5.0,3.0,3.0,3.0,4.0,3.6178937118455923
4.0,5.0,3.0,3.0,3.0,5.0,3.726735661147125
4.0,5.0,3.0,3.0,4.0,1.0,2.775247712600763
4.0,5.0,3.0,3.0,4.0,2.0,2.962749032664892
4.0,5.0,3.0,3.0,4.0,3.0,3.354456087165118
4.0,5.0,3.0,3.0,4.0,4.0,3.781795654564923
4.0,5.0,3.0,3.0,4.0,5.0,3.7817963004500976
4.0,5.0,3.0,3.0,5.0,1.0,2.8710129322442053
4.0,5.0,3.0,3.0,5.0,2.0,3.2835140253023054
4.0,5.0,3.0,3.0,5.0,3.0,3.3662565882301743
4.0,5.0,3.0,3.0,5.0,4.0,3.781795573122935
4.0,5.0,3.0,3.0,5.0,5.0,3.9132483967938723
4.0,5.0,3.0,4.0,1.0,1.0,2.4468649339957493
4.0,5.0,3.0,4.0,1.0,2.0,2.761835712061554
4.0,5.0,3.0,4.0,1.0,3.0,2.9772850022168376
4.0,5.0,3.0,4.0,1.0,4.0,3.1734387474354393
4.0,5.0,3.0,4.0,1.0,5.0,3.333404518141709
4.0,5.0,3.0,4.0,2.0,1.0,2.6210225544993886
4.0,5.0,3.0,4.0,2.0,2.0,3.0516056415370874
4.0,5.0,3.0,4.0,2.0,3.0,3.188306244295254
4.0,5.0,3.0,4.0,2.0,4.0,3.4253068211125464
4.0,5.0,3.0,4.0,3.0,2.0,3.0516063555127753
4.0,5.0,3.0,4.0,3.0,3.0,3.414666508767977
4.0,5.0,3.0,4.0,3.0,4.0,3.8242749572701733
4.0,5.0,3.0,4.0,3.0,5.0,3.869356556108207
4.0,5.0,3.0,4.0,4.0,2.0,3.2575704709746787
4.0,5.0,3.0,4.0,4.0,3.0,3.610453451111735
4.0,5.0,3.0,4.0,4.0,4.0,3.9575156869247747
4.0,5.0,3.0,4.0,4.0,5.0,4.053209531403535
4.0,5.0,3.0,4.0,5.0,2.0,3.2835136896312354
4.0,5.0,3.0,4.0,5.0,3.0,3.610454113540172
4.0,5.0,3.0,4.0,5.0,4.0,4.028592928791829
4.0,5.0,3.0,4.0,5.0,5.0,4.142188893699847
4.0,5.0,3.0,5.0,1.0,2.0,3.0249737918293977
4.0,5.0,3.0,5.0,1.0,3.0,3.198946639600553
4.0,5.0,3.0,5.0,1.0,4.0,3.3432033788458955
4.0,5.0,3.0,5.0,1.0,5.0,3.3643552842202435
4.0,5.0,3.0,5.0,2.0,2.0,3.1215196821530267
4.0,5.0,3.0,5.0,2.0,3.0,3.1989466725284457
4.0,5.0,3.0,5.0,2.0,4.0,3.503631763131171
4.0,5.0,3.0,5.0,2.0,5.0,3.588858050215888
4.0,5.0,3.0,5.0,3.0,1.0,2.975750104448524
4.0,5.0,3.0,5.0,3.0,2.0,3.2723594757773107
4.0,5.0,3.0,5.0,3.0,3.0,3.4182928205891985
4.0,5.0,3.0,5.0,3.0,4.0,3.842786565498883
4.0,5.0,3.0,5.0,3.0,5.0,3.8693558390973717
4.0,5.0,3.0,5.0,4.0,2.0,3.352716060093387
4.0,5.0,3.0,5.0,4.0,3.0,3.610452803441889
4.0,5.0,3.0,5.0,4.0,4.0,4.0622370452250145
4.0,5.0,3.0,5.0,4.0,5.0,4.2289098123725
4.0,5.0,3.0,5.0,5.0,2.0,3.3574416587795057
4.0,5.0,3.0,5.0,5.0,3.0,3.796480859222351
4.0,5.0,3.0,5.0,5.0,4.0,4.133201833678294
4.0,5.0,3.0,5.0,5.0,5.0,4.280486292736192
4.0,5.0,4.0,1.0,2.0,2.0,2.819318725590613
4.0,5.0,4.0,1.0,3.0,2.0,2.833807140971457
4.0,5.0,4.0,1.0,3.0,4.0,3.1978054049649454
4.0,5.0,4.0,1.0,4.0,2.0,2.9364073284037837
4.0,5.0,4.0,1.0,4.0,3.0,3.2082384271606283
4.0,5.0,4.0,1.0,4.0,5.0,3.8341397149818546
4.0,5.0,4.0,2.0,2.0,1.0,2.745723019470762
4.0,5.0,4.0,2.0,2.0,2.0,2.8193183600592513
4.0,5.0,4.0,2.0,2.0,3.0,3.1981467438819
4.0,5.0,4.0,2.0,2.0,4.0,3.3588087619777878
4.0,5.0,4.0,2.0,3.0,2.0,2.9435853888825148
4.0,5.0,4.0,2.0,3.0,3.0,3.281257761204546
4.0,5.0,4.0,2.0,3.0,4.0,3.4735799726010144
4.0,5.0,4.0,2.0,4.0,2.0,3.1691358672482366
4.0,5.0,4.0,2.0,4.0,3.0,3.2938062842842384
4.0,5.0,4.0,2.0,4.0,4.0,3.59863665508902
4.0,5.0,4.0,2.0,4.0,5.0,3.834139370111033
4.0,5.0,4.0,2.0,5.0,4.0,3.716213349106182
4.0,5.0,4.0,3.0,1.0,2.0,2.8230749569604563
4.0,5.0,4.0,3.0,1.0,3.0,3.098560282313106
4.0,5.0,4.0,3.0,2.0,2.0,3.024198547416127
4.0,5.0,4.0,3.0,2.0,3.0,3.4358537732540086
4.0,5.0,4.0,3.0,2.0,4.0,3.435854247815652
4.0,5.0,4.0,3.0,3.0,2.0,3.4173923291965007
4.0,5.0,4.0,3.0,3.0,3.0,3.5902107505548426
4.0,5.0,4.0,3.0,3.0,4.0,3.962956189786817
4.0,5.0,4.0,3.0,3.0,5.0,3.9629568647400997
4.0,5.0,4.0,3.0,4.0,2.0,3.417392574516392
4.0,5.0,4.0,3.0,4.0,3.0,3.729291335481196
4.0,5.0,4.0,3.0,4.0,4.0,4.027479007585393
4.0,5.0,4.0,3.0,4.0,5.0,4.027481551885567
4.0,5.0,4.0,3.0,5.0,3.0,3.729291906924856
4.0,5.0,4.0,3.0,5.0,4.0,4.048435116055592
4.0,5.0,4.0,3.0,5.0,5.0,4.15034591098418
4.0,5.0,4.0,4.0,1.0,2.0,3.028499407177928
4.0,5.0,4.0,4.0,1.0,3.0,3.135493199451389
4.0,5.0,4.0,4.0,1.0,4.0,3.3690029612543384
4.0,5.0,4.0,4.0,1.0,5.0,3.5877247580761518
4.0,5.0,4.0,4.0,2.0,2.0,3.0516043531647763
4.0,5.0,4.0,4.0,2.0,3.0,3.4589984048762417
4.0,5.0,4.0,4.0,2.0,4.0,3.688903113067549
4.0,5.0,4.0,4.0,2.0,5.0,3.8608452463771927
4.0,5.0,4.0,4.0,3.0,2.0,3.4173918519246875
4.0,5.0,4.0,4.0,3.0,3.0,3.8605182120155805
4.0,5.0,4.0,4.0,3.0,4.0,4.024668654250751
4.0,5.0,4.0,4.0,3.0,5.0,4.127692116419009
4.0,5.0,4.0,4.0,4.0,2.0,3.441864073224673
4.0,5.0,4.0,4.0,4.0,3.0,3.8707682679095603
4.0,5.0,4.0,4.0,4.0,4.0,4.110599673237946
4.0,5.0,4.0,4.0,4.0,5.0,4.385873795284209
4.0,5.0,4.0,4.0,5.0,2.0,3.5231481230154453
4.0,5.0,4.0,4.0,5.0,3.0,3.9195953289365897
4.0,5.0,4.0,4.0,5.0,4.0,4.205351266403133
4.0,5.0,4.0,4.0,5.0,5.0,4.416208473075708
4.0,5.0,4.0,5.0,1.0,2.0,3.0308376171493316
4.0,5.0,4.0,5.0,1.0,3.0,3.3561597606600198
4.0,5.0,4.0,5.0,1.0,4.0,3.437228898141697
4.0,5.0,4.0,5.0,1.0,5.0,3.829066325690829
4.0,5.0,4.0,5.0,2.0,2.0,3.3160903345405504
4.0,5.0,4.0,5.0,2.0,3.0,3.458997619507366
4.0,5.0,4.0,5.0,2.0,4.0,3.726638651185752
4.0,5.0,4.0,5.0,2.0,5.0,3.9685303674733676
4.0,5.0,4.0,5.0,3.0,3.0,3.860516985070524
4.0,5.0,4.0,5.0,3.0,4.0,4.065459597803642
4.0,5.0,4.0,5.0,3.0,5.0,4.345178169886713
4.0,5.0,4.0,5.0,4.0,2.0,3.5559314180655806
4.0,5.0,4.0,5.0,4.0,3.0,3.914052603739478
4.0,5.0,4.0,5.0,4.0,4.0,4.233665204014994
4.0,5.0,4.0,5.0,4.0,5.0,4.477270872399379
4.0,5.0,4.0,5.0,5.0,1.0,3.5344718861672018
4.0,5.0,4.0,5.0,5.0,2.0,3.802079683179579
4.0,5.0,4.0,5.0,5.0,3.0,4.113945531250875
4.0,5.0,4.0,5.0,5.0,4.0,4.358050621451209
4.0,5.0,4.0,5.0,5.0,5.0,4.578200713412634
4.0,5.0,5.0,1.0,2.0,2.0,3.049123195782959
4.0,5.0,5.0,1.0,3.0,4.0,3.646673506135811
4.0,5.0,5.0,1.0,4.0,3.0,3.35581402804819
4.0,5.0,5.0,2.0,3.0,2.0,3.2871285822003347
4.0,5.0,5.0,2.0,3.0,3.0,3.582461489446349
4.0,5.0,5.0,2.0,4.0,3.0,3.6131101010502418
4.0,5.0,5.0,2.0,5.0,2.0,3.475612657227838
4.0,5.0,5.0,2.0,5.0,3.0,3.7105415737497065
4.0,5.0,5.0,2.0,5.0,4.0,4.0952433789530405
4.0,5.0,5.0,2.0,5.0,5.0,4.2860057311272355
4.0,5.0,5.0,3.0,1.0,4.0,3.6091978060057155
4.0,5.0,5.0,3.0,2.0,2.0,3.2811364410927184
4.0,5.0,5.0,3.0,2.0,3.0,3.4358538553511324
4.0,5.0,5.0,3.0,3.0,2.0,3.421468477995588
4.0,5.0,5.0,3.0,3.0,3.0,3.590210992541795
4.0,5.0,5.0,3.0,3.0,4.0,3.9629560203697833
4.0,5.0,5.0,3.0,3.0,5.0,4.159268242298857
4.0,5.0,5.0,3.0,4.0,3.0,3.7882539145928087
4.0,5.0,5.0,3.0,4.0,4.0,4.078453928970114
4.0,5.0,5.0,3.0,4.0,5.0,4.1592681378528065
4.0,5.0,5.0,3.0,5.0,2.0,3.647133436789041
4.0,5.0,5.0,3.0,5.0,3.0,4.0310232411060305
4.0,5.0,5.0,3.0,5.0,4.0,4.095242605006514
4.0,5.0,5.0,3.0,5.0,5.0,4.308872642271609
4.0,5.0,5.0,4.0,1.0,1.0,3.1813210263505276
4.0,5.0,5.0,4.0,1.0,3.0,3.4070476401186554
4.0,5.0,5.0,4.0,1.0,4.0,3.7767533294046975
4.0,5.0,5.0,4.0,2.0,3.0,3.70454580655677
4.0,5.0,5.0,4.0,2.0,4.0,3.9319288394267433
4.0,5.0,5.0,4.0,2.0,5.0,3.9421409101815614
4.0,5.0,5.0,4.0,3.0,2.0,3.635863961809128
4.0,5.0,5.0,4.0,3.0,3.0,3.866735482413566
4.0,5.0,5.0,4.0,3.0,4.0,4.136517783406476
4.0,5.0,5.0,4.0,3.0,5.0,4.219280215105167
4.0,5.0,5.0,4.0,4.0,2.0,3.6786497117539794
4.0,5.0,5.0,4.0,4.0,3.0,3.9750177046850137
4.0,5.0,5.0,4.0,4.0,4.0,4.2306682011064805
4.0,5.0,5.0,4.0,4.0,5.0,4.5551203261994715
4.0,5.0,5.0,4.0,5.0,1.0,3.7004476237613435
4.0,5.0,5.0,4.0,5.0,3.0,4.034609214175434
4.0,5.0,5.0,4.0,5.0,4.0,4.317433119142195
4.0,5.0,5.0,4.0,5.0,5.0,4.555119504722022
4.0,5.0,5.0,5.0,1.0,4.0,3.8667021528948196
4.0,5.0,5.0,5.0,1.0,5.0,4.120606785135942
4.0,5.0,5.0,5.0,2.0,2.0,3.629871599880292
4.0,5.0,5.0,5.0,2.0,3.0,3.7045452213840058
4.0,5.0,5.0,5.0,2.0,4.0,3.9319284686023823
4.0,5.0,5.0,5.0,2.0,5.0,4.152892813993173
4.0,5.0,5.0,5.0,3.0,3.0,3.9443877840821147
4.0,5.0,5.0,5.0,3.0,4.0,4.183489932310591
4.0,5.0,5.0,5.0,3.0,5.0,4.415438118718811
4.0,5.0,5.0,5.0,4.0,1.0,3.694454912568523
4.0,5.0,5.0,5.0,4.0,3.0,4.069066409652886
4.0,5.0,5.0,5.0,4.0,4.0,4.363251561488718
4.0,5.0,5.0,5.0,4.0,5.0,4.617190115674349
4.0,5.0,5.0,5.0,5.0,2.0,3.996300282906583
4.0,5.0,5.0,5.0,5.0,3.0,4.168515453176251
4.0,5.0,5.0,5.0,5.0,4.0,4.493755463524547
4.0,5.0,5.0,5.0,5.0,5.0,4.700054914765596
5.0,1.0,1.0,1.0,1.0,1.0,1.337401503441283
5.0,1.0,1.0,1.0,1.0,2.0,1.7199189265774222
5.0,1.0,1.0,1.0,2.0,1.0,1.7811738809042246
5.0,1.0,1.0,1.0,3.0,1.0,1.9012242306165221
5.0,1.0,1.0,1.0,5.0,1.0,2.0285002741220466
5.0,1.0,1.0,2.0,1.0,1.0,1.53225853511075
5.0,1.0,1.0,2.0,2.0,1.0,1.8952318624017905
5.0,1.0,1.0,3.0,1.0,1.0,1.7725175289817194
5.0,1.0,1.0,3.0,1.0,3.0,2.1313472365034682
5.0,1.0,1.0,3.0,1.0,4.0,2.4274835733350213
5.0,1.0,1.0,3.0,4.0,2.0,2.3179300862192496
5.0,1.0,1.0,4.0,3.0,5.0,2.966903409145921
5.0,1.0,1.0,5.0,4.0,4.0,3.197815758158251
5.0,1.0,2.0,1.0,1.0,1.0,1.6989174322675014
5.0,1.0,2.0,1.0,1.0,3.0,2.2560476798886357
5.0,1.0,2.0,3.0,1.0,2.0,2.3086462585985212
5.0,1.0,2.0,3.0,1.0,3.0,2.4880610214986363
5.0,1.0,2.0,3.0,2.0,1.0,2.134508673335968
5.0,1.0,2.0,3.0,2.0,2.0,2.4306452085876953
5.0,1.0,2.0,3.0,3.0,2.0,2.599402570812357
5.0,1.0,2.0,3.0,3.0,3.0,2.732058978599216
5.0,1.0,2.0,4.0,1.0,2.0,2.5202389924358934
5.0,1.0,2.0,5.0,1.0,1.0,2.2445229139607195
5.0,1.0,3.0,1.0,3.0,1.0,2.2644862380581428
5.0,1.0,3.0,2.0,1.0,2.0,2.549355126724196
5.0,1.0,3.0,3.0,1.0,1.0,2.2525016137195992
5.0,1.0,3.0,3.0,3.0,3.0,3.08877268082024
5.0,1.0,3.0,3.0,5.0,4.0,3.512185628138212
5.0,1.0,3.0,4.0,2.0,3.0,3.082780321856879
5.0,1.0,3.0,4.0,3.0,3.0,3.2526914298441985
5.0,1.0,3.0,4.0,4.0,4.0,3.57946383502885
5.0,1.0,3.0,4.0,4.0,5.0,3.8023298387350475
5.0,1.0,3.0,5.0,1.0,4.0,3.317202335862409
5.0,1.0,3.0,5.0,2.0,3.0,3.19878699327208
5.0,1.0,3.0,5.0,2.0,4.0,3.3172023347615003
5.0,1.0,3.0,5.0,2.0,5.0,3.5576166204915585
5.0,1.0,3.0,5.0,3.0,2.0,3.0246492313796267
5.0,1.0,3.0,5.0,3.0,3.0,3.320786101455801
5.0,1.0,3.0,5.0,4.0,4.0,3.5794635120264577
5.0,1.0,3.0,5.0,5.0,4.0,3.7441988631608587
5.0,1.0,3.0,5.0,5.0,5.0,3.938070015217808
5.0,1.0,4.0,4.0,1.0,4.0,3.2634661390997413
5.0,1.0,4.0,4.0,3.0,5.0,3.8747507595204724
5.0,1.0,4.0,4.0,4.0,4.0,3.6681922030934024
5.0,1.0,4.0,4.0,5.0,4.0,3.9644836595064574
5.0,1.0,4.0,5.0,1.0,5.0,3.558887674381042
5.0,1.0,4.0,5.0,4.0,5.0,4.136983005015847
5.0,1.0,4.0,5.0,5.0,5.0,4.136982922172468
5.0,1.0,5.0,2.0,4.0,5.0,4.05030026305599
5.0,1.0,5.0,4.0,3.0,3.0,3.893499171450214
5.0,1.0,5.0,5.0,2.0,3.0,3.6787707569471495
5.0,1.0,5.0,5.0,4.0,5.0,4.515042244250963
5.0,1.0,5.0,5.0,5.0,3.0,4.144609946287902
5.0,1.0,5.0,5.0,5.0,4.0,4.440055276621039
5.0,1.0,5.0,5.0,5.0,5.0,4.644723457244294
5.0,2.0,1.0,1.0,4.0,1.0,1.9740883038130517
5.0,2.0,1.0,2.0,1.0,1.0,1.7309363165762355
5.0,2.0,1.0,2.0,1.0,3.0,2.0829275288055276
5.0,2.0,1.0,2.0,3.0,1.0,1.971430817602619
5.0,2.0,1.0,3.0,2.0,3.0,2.4376549989302885
5.0,2.0,1.0,3.0,3.0,1.0,2.0841026285233695
5.0,2.0,1.0,4.0,4.0,1.0,2.4388301984097667
5.0,2.0,1.0,4.0,4.0,3.0,2.914381371217955
5.0,2.0,1.0,4.0,5.0,5.0,3.395210657909324
5.0,2.0,1.0,5.0,5.0,5.0,3.486649170361859
5.0,2.0,2.0,1.0,1.0,2.0,2.138760411358026
5.0,2.0,2.0,1.0,2.0,2.0,2.138760451463403
5.0,2.0,2.0,1.0,3.0,2.0,2.460424328624509
5.0,2.0,2.0,2.0,1.0,1.0,1.967843474857902
5.0,2.0,2.0,2.0,1.0,2.0,2.1435046735751717
5.0,2.0,2.0,2.0,2.0,2.0,2.4417001001924854
5.0,2.0,2.0,2.0,3.0,2.0,2.504224536418399
5.0,2.0,2.0,2.0,4.0,2.0,2.626223557919061
5.0,2.0,2.0,3.0,2.0,3.0,2.6776469539001373
5.0,2.0,2.0,3.0,3.0,2.0,2.6599253486607615
5.0,2.0,2.0,3.0,3.0,3.0,2.9234725925456115
5.0,2.0,2.0,3.0,3.0,4.0,3.095782837784224
5.0,2.0,2.0,3.0,4.0,3.0,2.923472580909111
5.0,2.0,2.0,3.0,5.0,2.0,2.8642289254406705
5.0,2.0,2.0,4.0,1.0,3.0,2.6716545974838715
5.0,2.0,2.0,4.0,2.0,2.0,2.614238831043196
5.0,2.0,2.0,4.0,2.0,3.0,2.836962054719171
5.0,2.0,2.0,4.0,2.0,4.0,3.089790306857395
5.0,2.0,2.0,4.0,3.0,3.0,2.931616106826904
5.0,2.0,2.0,4.0,4.0,3.0,3.1298059593723835
5.0,2.0,2.0,4.0,4.0,4.0,3.3814221896549745
5.0,2.0,2.0,4.0,4.0,5.0,3.513202978741926
5.0,2.0,2.0,5.0,2.0,2.0,2.7302456072715677
5.0,2.0,2.0,5.0,2.0,4.0,3.2057968703474913
5.0,2.0,2.0,5.0,2.0,5.0,3.3852124623302173
5.0,2.0,2.0,5.0,3.0,3.0,3.148381089901933
5.0,2.0,2.0,5.0,4.0,4.0,3.449794890485854
5.0,2.0,2.0,5.0,5.0,4.0,3.5717939244143495
5.0,2.0,2.0,5.0,5.0,5.0,3.7512086432284963
5.0,2.0,3.0,2.0,2.0,3.0,2.8003664020424175
5.0,2.0,3.0,2.0,3.0,2.0,2.792626362917349
5.0,2.0,3.0,2.0,3.0,3.0,3.0403531427357224
5.0,2.0,3.0,3.0,2.0,3.0,3.030769258517433
5.0,2.0,3.0,3.0,3.0,2.0,2.9550035095554743
5.0,2.0,3.0,3.0,3.0,3.0,3.214524759178373
5.0,2.0,3.0,3.0,4.0,3.0,3.353785948206042
5.0,2.0,3.0,3.0,4.0,4.0,3.574495391643058
5.0,2.0,3.0,3.0,5.0,3.0,3.491477933620542
5.0,2.0,3.0,4.0,1.0,3.0,3.0283683013637144
5.0,2.0,3.0,4.0,2.0,3.0,3.222848291666212
5.0,2.0,3.0,4.0,2.0,4.0,3.329782167884034
5.0,2.0,3.0,4.0,3.0,3.0,3.2526915865327513
5.0,2.0,3.0,4.0,3.0,4.0,3.5685030466379
5.0,2.0,3.0,4.0,4.0,2.0,3.170483752803246
5.0,2.0,3.0,4.0,4.0,3.0,3.5075575480042613
5.0,2.0,3.0,4.0,4.0,4.0,3.5834427713325443
5.0,2.0,3.0,4.0,4.0,5.0,3.8695593712423
5.0,2.0,3.0,4.0,5.0,4.0,3.8320985663083755
5.0,2.0,3.0,4.0,5.0,5.0,3.991915820165268
5.0,2.0,3.0,5.0,1.0,3.0,3.055632382718025
5.0,2.0,3.0,5.0,1.0,4.0,3.3237898254951106
5.0,2.0,3.0,5.0,2.0,2.0,3.050479332080709
5.0,2.0,3.0,5.0,2.0,3.0,3.2663740737058027
5.0,2.0,3.0,5.0,3.0,1.0,3.0295433304208372
5.0,2.0,3.0,5.0,4.0,2.0,3.423111679695057
5.0,2.0,3.0,5.0,4.0,4.0,3.806508726635737
5.0,2.0,3.0,5.0,4.0,5.0,3.8695590348877373
5.0,2.0,3.0,5.0,5.0,4.0,3.9359798783869935
5.0,2.0,3.0,5.0,5.0,5.0,4.141855398687127
5.0,2.0,4.0,1.0,3.0,1.0,2.572065124260898
5.0,2.0,4.0,2.0,2.0,2.0,2.8622093411156784
5.0,2.0,4.0,3.0,1.0,3.0,3.1523535584704603
5.0,2.0,4.0,3.0,2.0,3.0,3.157630804882015
5.0,2.0,4.0,3.0,3.0,4.0,3.692488347276515
5.0,2.0,4.0,3.0,4.0,3.0,3.635072581202496
5.0,2.0,4.0,3.0,4.0,4.0,3.8338772763972186
5.0,2.0,4.0,3.0,5.0,5.0,4.1159009862937594
5.0,2.0,4.0,4.0,1.0,3.0,3.268360383574141
5.0,2.0,4.0,4.0,2.0,3.0,3.3903593392005726
5.0,2.0,4.0,4.0,2.0,4.0,3.6864960088709435
5.0,2.0,4.0,4.0,3.0,3.0,3.510018950678581
5.0,2.0,4.0,4.0,3.0,5.0,3.8747506285713715
5.0,2.0,4.0,4.0,4.0,3.0,3.7510792424534607
5.0,2.0,4.0,4.0,4.0,4.0,3.8904752538519447
5.0,2.0,4.0,4.0,4.0,5.0,4.254303367812974
5.0,2.0,4.0,4.0,5.0,4.0,3.9644837797365255
5.0,2.0,4.0,5.0,1.0,4.0,3.6352790207741434
5.0,2.0,4.0,5.0,1.0,5.0,3.746990449290616
5.0,2.0,4.0,5.0,2.0,2.0,3.32695117493509
5.0,2.0,4.0,5.0,3.0,3.0,3.6672086704575975
5.0,2.0,4.0,5.0,3.0,4.0,3.87474975954593
5.0,2.0,4.0,5.0,3.0,5.0,3.874750049136029
5.0,2.0,4.0,5.0,4.0,2.0,3.5709492483809657
5.0,2.0,4.0,5.0,4.0,4.0,3.937118122586576
5.0,2.0,4.0,5.0,4.0,5.0,4.290070434776943
5.0,2.0,4.0,5.0,5.0,3.0,3.8857035076802044
5.0,2.0,4.0,5.0,5.0,4.0,4.1801078143873145
5.0,2.0,4.0,5.0,5.0,5.0,4.4469631848974025
5.0,2.0,5.0,2.0,1.0,1.0,2.8007877447276135
5.0,2.0,5.0,2.0,3.0,3.0,3.5203366835169
5.0,2.0,5.0,3.0,1.0,4.0,3.68848207920692
5.0,2.0,5.0,3.0,3.0,4.0,3.9960317851944294
5.0,2.0,5.0,3.0,4.0,4.0,4.054479273146985
5.0,2.0,5.0,3.0,5.0,3.0,4.074551206265716
5.0,2.0,5.0,3.0,5.0,4.0,4.158032201133283
5.0,2.0,5.0,4.0,3.0,3.0,3.8934991572980464
5.0,2.0,5.0,4.0,3.0,4.0,4.043418673655819
5.0,2.0,5.0,4.0,4.0,3.0,4.010111613644956
5.0,2.0,5.0,4.0,4.0,4.0,4.256734688352477
5.0,2.0,5.0,4.0,4.0,5.0,4.466622553056049
5.0,2.0,5.0,4.0,5.0,4.0,4.256734664633673
5.0,2.0,5.0,4.0,5.0,5.0,4.5604142159783265
5.0,2.0,5.0,5.0,1.0,3.0,3.624358659554169
5.0,2.0,5.0,5.0,2.0,5.0,4.274540580467036
5.0,2.0,5.0,5.0,3.0,3.0,3.8934988349650133
5.0,2.0,5.0,5.0,3.0,4.0,4.251821837598272
5.0,2.0,5.0,5.0,3.0,5.0,4.343908330504292
5.0,2.0,5.0,5.0,4.0,5.0,4.556328912866943
5.0,2.0,5.0,5.0,5.0,4.0,4.4400553621013605
5.0,2.0,5.0,5.0,5.0,5.0,4.685535784057124
5.0,3.0,1.0,1.0,1.0,1.0,1.3374025227145236
5.0,3.0,1.0,1.0,2.0,1.0,1.781174325869011
5.0,3.0,1.0,1.0,2.0,2.0,2.0938139299498384
5.0,3.0,1.0,1.0,3.0,1.0,1.9288317758735514
5.0,3.0,1.0,1.0,3.0,2.0,2.0990910604619892
5.0,3.0,1.0,1.0,5.0,3.0,2.7559480634771276
5.0,3.0,1.0,2.0,1.0,1.0,1.7309365712006746
5.0,3.0,1.0,2.0,2.0,1.0,2.028391563487164
5.0,3.0,1.0,2.0,2.0,2.0,2.2098205729341953
5.0,3.0,1.0,2.0,3.0,1.0,2.035682915788148
5.0,3.0,1.0,3.0,1.0,3.0,2.309986397579454
5.0,3.0,1.0,3.0,2.0,1.0,2.0283912681432206
5.0,3.0,1.0,3.0,2.0,2.0,2.325827171712187
5.0,3.0,1.0,3.0,3.0,2.0,2.366111943603933
5.0,3.0,1.0,3.0,3.0,3.0,2.510519119020268
5.0,3.0,1.0,4.0,1.0,1.0,1.9166995756875658
5.0,3.0,1.0,4.0,2.0,3.0,2.7376130322582215
5.0,3.0,1.0,4.0,3.0,3.0,2.8599695352383923
5.0,3.0,1.0,4.0,4.0,1.0,2.5744215883627835
5.0,3.0,1.0,4.0,4.0,4.0,3.0446614481290717
5.0,3.0,1.0,5.0,1.0,1.0,2.139704896775197
5.0,3.0,1.0,5.0,1.0,2.0,2.43584147103495
5.0,3.0,1.0,5.0,2.0,2.0,2.6745626703089354
5.0,3.0,1.0,5.0,2.0,3.0,2.7376126957080373
5.0,3.0,1.0,5.0,4.0,3.0,3.0877345030074976
5.0,3.0,1.0,5.0,5.0,3.0,3.219974185905285
5.0,3.0,1.0,5.0,5.0,4.0,3.3164604302336778
5.0,3.0,1.0,5.0,5.0,5.0,3.4866493391532205
5.0,3.0,2.0,1.0,2.0,1.0,2.138254175746403
5.0,3.0,2.0,1.0,3.0,3.0,2.635219605633025
5.0,3.0,2.0,2.0,1.0,2.0,2.2110916345373384
5.0,3.0,2.0,2.0,2.0,2.0,2.441700578147444
5.0,3.0,2.0,2.0,3.0,2.0,2.616566767563682
5.0,3.0,2.0,2.0,3.0,3.0,2.7772287860665474
5.0,3.0,2.0,2.0,3.0,4.0,3.0473629628244905
5.0,3.0,2.0,2.0,4.0,2.0,2.7560754578594393
5.0,3.0,2.0,2.0,4.0,3.0,2.9909980479723743
5.0,3.0,2.0,2.0,5.0,1.0,2.8698384789547697
5.0,3.0,2.0,3.0,1.0,1.0,2.147683516579524
5.0,3.0,2.0,3.0,1.0,2.0,2.4544529491369986
5.0,3.0,2.0,3.0,1.0,3.0,2.7399568105593373
5.0,3.0,2.0,3.0,2.0,1.0,2.4474038846925255
5.0,3.0,2.0,3.0,2.0,2.0,2.6602281252164985
5.0,3.0,2.0,3.0,2.0,3.0,2.7452339128172403
5.0,3.0,2.0,3.0,3.0,1.0,2.4474038855670157
5.0,3.0,2.0,3.0,3.0,2.0,2.8476573120208903
5.0,3.0,2.0,3.0,3.0,3.0,2.9883548212508613
5.0,3.0,2.0,3.0,4.0,3.0,3.1059538131322304
5.0,3.0,2.0,3.0,4.0,4.0,3.2848286445415256
5.0,3.0,2.0,3.0,5.0,3.0,3.37872114314139
5.0,3.0,2.0,4.0,1.0,1.0,2.4142401419930124
5.0,3.0,2.0,4.0,1.0,2.0,2.520239332752965
5.0,3.0,2.0,4.0,1.0,4.0,2.955071855969511
5.0,3.0,2.0,4.0,2.0,3.0,2.8369622353164936
5.0,3.0,2.0,4.0,2.0,4.0,3.2740990973897173
5.0,3.0,2.0,4.0,3.0,1.0,2.6244100494436258
5.0,3.0,2.0,4.0,3.0,2.0,2.91147785367053
5.0,3.0,2.0,4.0,3.0,3.0,2.988354453653349
5.0,3.0,2.0,4.0,3.0,4.0,3.3161739900853187
5.0,3.0,2.0,4.0,4.0,3.0,3.129806120728266
5.0,3.0,2.0,4.0,4.0,4.0,3.381422359577028
5.0,3.0,2.0,4.0,5.0,3.0,3.3787202714775164
5.0,3.0,2.0,4.0,5.0,4.0,3.523374215336496
5.0,3.0,2.0,5.0,1.0,1.0,2.4142397846003556
5.0,3.0,2.0,5.0,1.0,2.0,2.675833479025811
5.0,3.0,2.0,5.0,1.0,5.0,3.2294923810562777
5.0,3.0,2.0,5.0,2.0,1.0,2.618417701480515
5.0,3.0,2.0,5.0,3.0,1.0,2.7404167229443854
5.0,3.0,2.0,5.0,3.0,2.0,3.036553272340084
5.0,3.0,2.0,5.0,3.0,3.0,3.193394615245848
5.0,3.0,2.0,5.0,4.0,3.0,3.37871865868915
5.0,3.0,2.0,5.0,4.0,4.0,3.463304063869396
5.0,3.0,2.0,5.0,4.0,5.0,3.8473119010867887
5.0,3.0,2.0,5.0,5.0,3.0,3.3787192072579457
5.0,3.0,2.0,5.0,5.0,4.0,3.693473726547825
5.0,3.0,2.0,5.0,5.0,5.0,3.8934301122008734
5.0,3.0,3.0,1.0,1.0,1.0,2.2208325075307607
5.0,3.0,3.0,1.0,1.0,2.0,2.451798792989324
5.0,3.0,3.0,1.0,2.0,1.0,2.3943830893702978
5.0,3.0,3.0,1.0,2.0,2.0,2.513823660114568
5.0,3.0,3.0,1.0,2.0,3.0,2.7790075240357353
5.0,3.0,3.0,1.0,3.0,3.0,2.88825494111966
5.0,3.0,3.0,1.0,4.0,1.0,2.7551029094142643
5.0,3.0,3.0,2.0,1.0,1.0,2.3883906842197202
5.0,3.0,3.0,2.0,1.0,4.0,3.042999353157646
5.0,3.0,3.0,2.0,1.0,5.0,3.222771531624432
5.0,3.0,3.0,2.0,2.0,2.0,2.683803840637013
5.0,3.0,3.0,2.0,2.0,3.0,2.8003666107891747
5.0,3.0,3.0,2.0,3.0,1.0,2.5662903833166646
5.0,3.0,3.0,2.0,3.0,2.0,2.8155584646382823
5.0,3.0,3.0,2.0,3.0,3.0,3.093136116134771
5.0,3.0,3.0,2.0,3.0,4.0,3.287354843159042
5.0,3.0,3.0,2.0,4.0,3.0,3.1265456485582748
5.0,3.0,3.0,2.0,4.0,4.0,3.471089388928708
5.0,3.0,3.0,2.0,5.0,2.0,3.1725233108033324
5.0,3.0,3.0,2.0,5.0,4.0,3.5313528700507786
5.0,3.0,3.0,3.0,1.0,1.0,2.55733324379597
5.0,3.0,3.0,3.0,1.0,2.0,2.7319216063321483
5.0,3.0,3.0,3.0,1.0,3.0,2.8632268509408076
5.0,3.0,3.0,3.0,1.0,4.0,3.042999019795996
5.0,3.0,3.0,3.0,2.0,2.0,2.842563652486813
5.0,3.0,3.0,3.0,2.0,3.0,3.0826529772912323
5.0,3.0,3.0,3.0,3.0,1.0,2.8651172417963244
5.0,3.0,3.0,3.0,3.0,2.0,2.9550036832100943
5.0,3.0,3.0,3.0,3.0,3.0,3.377822074436433
5.0,3.0,3.0,3.0,4.0,2.0,3.135012916856079
5.0,3.0,3.0,3.0,4.0,3.0,3.3778218399240534
5.0,3.0,3.0,3.0,4.0,4.0,3.574970727690301
5.0,3.0,3.0,3.0,4.0,5.0,3.821497120579433
5.0,3.0,3.0,3.0,5.0,1.0,3.059980042335795
5.0,3.0,3.0,3.0,5.0,2.0,3.2885300086715685
5.0,3.0,3.0,3.0,5.0,3.0,3.4914784832050474
5.0,3.0,3.0,3.0,5.0,4.0,3.7512683459104426
5.0,3.0,3.0,4.0,1.0,1.0,2.640998211141456
5.0,3.0,3.0,4.0,1.0,2.0,2.7998187434191486
5.0,3.0,3.0,4.0,1.0,3.0,3.0556336596900615
5.0,3.0,3.0,4.0,1.0,4.0,3.263099457358537
5.0,3.0,3.0,4.0,1.0,5.0,3.571506794121205
5.0,3.0,3.0,4.0,2.0,2.0,3.0385396271528133
5.0,3.0,3.0,4.0,2.0,3.0,3.2228484288285144
5.0,3.0,3.0,4.0,2.0,4.0,3.3973691536553114
5.0,3.0,3.0,4.0,3.0,2.0,3.1094413443623323
5.0,3.0,3.0,4.0,3.0,3.0,3.538787118283738
5.0,3.0,3.0,4.0,3.0,4.0,3.7656018540805665
5.0,3.0,3.0,4.0,3.0,5.0,3.8273277430367534
5.0,3.0,3.0,4.0,4.0,2.0,3.170483923023538
5.0,3.0,3.0,4.0,4.0,3.0,3.5457797629903025
5.0,3.0,3.0,4.0,4.0,4.0,3.9294758572615764
5.0,3.0,3.0,4.0,4.0,5.0,4.113117261973241
5.0,3.0,3.0,4.0,5.0,2.0,3.404536623190012
5.0,3.0,3.0,4.0,5.0,3.0,3.6054033598300315
5.0,3.0,3.0,4.0,5.0,4.0,3.937990488583807
5.0,3.0,3.0,4.0,5.0,5.0,4.113117266181724
5.0,3.0,3.0,5.0,1.0,1.0,2.6409978940615813
5.0,3.0,3.0,5.0,1.0,2.0,3.0504796805879257
5.0,3.0,3.0,5.0,1.0,3.0,3.0556329554959487
5.0,3.0,3.0,5.0,1.0,4.0,3.350469286986236
5.0,3.0,3.0,5.0,1.0,5.0,3.6004538582262477
5.0,3.0,3.0,5.0,2.0,1.0,2.975131495049537
5.0,3.0,3.0,5.0,2.0,2.0,3.0504795551205803
5.0,3.0,3.0,5.0,2.0,3.0,3.2990546865367727
5.0,3.0,3.0,5.0,2.0,4.0,3.561886781098521
5.0,3.0,3.0,5.0,2.0,5.0,3.7249005453376554
5.0,3.0,3.0,5.0,3.0,1.0,3.097130531096283
5.0,3.0,3.0,5.0,3.0,2.0,3.4130952427601673
5.0,3.0,3.0,5.0,3.0,3.0,3.626148963558551
5.0,3.0,3.0,5.0,3.0,4.0,3.8221770036485916
5.0,3.0,3.0,5.0,3.0,5.0,3.8273274146540315
5.0,3.0,3.0,5.0,4.0,2.0,3.4231118361713357
5.0,3.0,3.0,5.0,4.0,3.0,3.6392592740973173
5.0,3.0,3.0,5.0,4.0,4.0,4.11647740911736
5.0,3.0,3.0,5.0,4.0,5.0,4.231609949242991
5.0,3.0,3.0,5.0,5.0,1.0,3.2981527613292347
5.0,3.0,3.0,5.0,5.0,2.0,3.637265130850016
5.0,3.0,3.0,5.0,5.0,3.0,3.724122187300008
5.0,3.0,3.0,5.0,5.0,4.0,4.116477427504454
5.0,3.0,3.0,5.0,5.0,5.0,4.4789510389350635
5.0,3.0,4.0,1.0,1.0,1.0,2.6045303055330375
5.0,3.0,4.0,1.0,3.0,1.0,2.873095812242129
5.0,3.0,4.0,1.0,5.0,3.0,3.475923403899478
5.0,3.0,4.0,2.0,1.0,2.0,2.807797163390909
5.0,3.0,4.0,2.0,3.0,2.0,3.216860623096181
5.0,3.0,4.0,2.0,3.0,3.0,3.347932009301209
5.0,3.0,4.0,2.0,4.0,2.0,3.2168606113396967
5.0,3.0,4.0,2.0,4.0,4.0,3.7660676537191184
5.0,3.0,4.0,3.0,1.0,3.0,3.1749524618277287
5.0,3.0,4.0,3.0,2.0,2.0,3.2423276876398215
5.0,3.0,4.0,3.0,2.0,3.0,3.435849950386224
5.0,3.0,4.0,3.0,3.0,2.0,3.2845239007667586
5.0,3.0,4.0,3.0,3.0,3.0,3.546584858958321
5.0,3.0,4.0,3.0,3.0,4.0,3.9116628724007825
5.0,3.0,4.0,3.0,3.0,5.0,3.9394900599375338
5.0,3.0,4.0,3.0,4.0,3.0,3.666492550042018
5.0,3.0,4.0,3.0,4.0,4.0,3.9116626359394426
5.0,3.0,4.0,3.0,4.0,5.0,4.0614890768967715
5.0,3.0,4.0,3.0,5.0,3.0,3.6664925480126773
5.0,3.0,4.0,3.0,5.0,4.0,4.003302288680721
5.0,3.0,4.0,3.0,5.0,5.0,4.274503009355077
5.0,3.0,4.0,4.0,2.0,1.0,3.0991166997997834
5.0,3.0,4.0,4.0,2.0,3.0,3.5977843562285816
5.0,3.0,4.0,4.0,2.0,4.0,3.7547859789091493
5.0,3.0,4.0,4.0,3.0,2.0,3.4005305922586473
5.0,3.0,4.0,4.0,3.0,3.0,3.796906109734801
5.0,3.0,4.0,4.0,3.0,4.0,4.049126207721285
5.0,3.0,4.0,4.0,3.0,5.0,4.04912629292688
5.0,3.0,4.0,4.0,4.0,3.0,3.9268325026495163
5.0,3.0,4.0,4.0,4.0,4.0,4.131845984118615
5.0,3.0,4.0,4.0,4.0,5.0,4.491667253865539
5.0,3.0,4.0,4.0,5.0,2.0,3.6445284726677905
5.0,3.0,4.0,4.0,5.0,3.0,4.097202342049446
5.0,3.0,4.0,4.0,5.0,4.0,4.297202498252087
5.0,3.0,4.0,4.0,5.0,5.0,4.49475957324747
5.0,3.0,4.0,5.0,1.0,3.0,3.4630381083426065
5.0,3.0,4.0,5.0,1.0,4.0,3.6352800134046426
5.0,3.0,4.0,5.0,1.0,5.0,3.7469915118803834
5.0,3.0,4.0,5.0,2.0,3.0,3.597784027765762
5.0,3.0,4.0,5.0,2.0,4.0,3.817331496809908
5.0,3.0,4.0,5.0,2.0,5.0,4.02724462808165
5.0,3.0,4.0,5.0,3.0,3.0,3.866443323763042
5.0,3.0,4.0,5.0,3.0,4.0,4.166812973394917
5.0,3.0,4.0,5.0,3.0,5.0,4.330126479994852
5.0,3.0,4.0,5.0,4.0,2.0,3.6385361948424038
5.0,3.0,4.0,5.0,4.0,3.0,3.9713971386900515
5.0,3.0,4.0,5.0,4.0,4.0,4.298628592985366
5.0,3.0,4.0,5.0,4.0,5.0,4.563758730356161
5.0,3.0,4.0,5.0,5.0,2.0,3.8772570980884375
5.0,3.0,4.0,5.0,5.0,3.0,4.131195914213409
5.0,3.0,4.0,5.0,5.0,4.0,4.377658356409807
5.0,3.0,4.0,5.0,5.0,5.0,4.681785878235441
5.0,3.0,5.0,1.0,1.0,1.0,2.635645999974891
5.0,3.0,5.0,1.0,3.0,1.0,2.996365905906222
5.0,3.0,5.0,1.0,3.0,3.0,3.4719172972347794
5.0,3.0,5.0,1.0,4.0,5.0,4.173329143224834
5.0,3.0,5.0,1.0,5.0,5.0,4.173329292538027
5.0,3.0,5.0,2.0,3.0,4.0,3.884060605617754
5.0,3.0,5.0,2.0,5.0,2.0,3.535785312048532
5.0,3.0,5.0,2.0,5.0,4.0,3.8946147781952036
5.0,3.0,5.0,3.0,1.0,3.0,3.472382163658714
5.0,3.0,5.0,3.0,2.0,3.0,3.581931599016007
5.0,3.0,5.0,3.0,2.0,4.0,3.8780682263360746
5.0,3.0,5.0,3.0,2.0,5.0,4.031100673434376
5.0,3.0,5.0,3.0,3.0,3.0,3.894521631550154
5.0,3.0,5.0,3.0,3.0,4.0,3.996032287116609
5.0,3.0,5.0,3.0,4.0,2.0,3.646514813001587
5.0,3.0,5.0,3.0,4.0,3.0,3.966271931997599
5.0,3.0,5.0,3.0,4.0,4.0,4.077081280523582
5.0,3.0,5.0,3.0,4.0,5.0,4.418202834153685
5.0,3.0,5.0,3.0,5.0,3.0,4.074551544954666
5.0,3.0,5.0,3.0,5.0,4.0,4.326595644630295
5.0,3.0,5.0,3.0,5.0,5.0,4.488533354231015
5.0,3.0,5.0,4.0,2.0,2.0,3.610677836791265
5.0,3.0,5.0,4.0,2.0,4.0,4.070753316327739
5.0,3.0,5.0,4.0,2.0,5.0,4.126733254508176
5.0,3.0,5.0,4.0,3.0,3.0,3.9210864011306645
5.0,3.0,5.0,4.0,3.0,4.0,4.221571995472341
5.0,3.0,5.0,4.0,3.0,5.0,4.404018489014164
5.0,3.0,5.0,4.0,4.0,2.0,3.8176042909636214
5.0,3.0,5.0,4.0,4.0,3.0,4.010111887604382
5.0,3.0,5.0,4.0,4.0,4.0,4.413055654343517
5.0,3.0,5.0,4.0,4.0,5.0,4.575016951939919
5.0,3.0,5.0,4.0,5.0,3.0,4.097201609067595
5.0,3.0,5.0,4.0,5.0,4.0,4.549144455387815
5.0,3.0,5.0,4.0,5.0,5.0,4.716200117561649
5.0,3.0,5.0,5.0,1.0,3.0,3.691945941632306
5.0,3.0,5.0,5.0,1.0,5.0,4.128074121029468
5.0,3.0,5.0,5.0,2.0,3.0,3.9210853590779835
5.0,3.0,5.0,5.0,2.0,4.0,4.0892469176814465
5.0,3.0,5.0,5.0,2.0,5.0,4.390216045035722
5.0,3.0,5.0,5.0,3.0,2.0,3.7565291352013817
5.0,3.0,5.0,5.0,3.0,3.0,3.921085731161584
5.0,3.0,5.0,5.0,3.0,4.0,4.431795235989127
5.0,3.0,5.0,5.0,3.0,5.0,4.599647773694427
5.0,3.0,5.0,5.0,4.0,3.0,4.2084825593821655
5.0,3.0,5.0,5.0,4.0,4.0,4.441591259490898
5.0,3.0,5.0,5.0,4.0,5.0,4.705827533170865
5.0,3.0,5.0,5.0,5.0,3.0,4.421335209116749
5.0,3.0,5.0,5.0,5.0,4.0,4.627436839716475
5.0,3.0,5.0,5.0,5.0,5.0,4.832887982958368
5.0,4.0,1.0,1.0,1.0,1.0,1.6888761635608336
5.0,4.0,1.0,1.0,1.0,2.0,1.9226800865972826
5.0,4.0,1.0,1.0,3.0,1.0,1.9288323730277581
5.0,4.0,1.0,1.0,3.0,2.0,2.166677982080967
5.0,4.0,1.0,1.0,4.0,1.0,1.9944760500769634
5.0,4.0,1.0,2.0,1.0,1.0,1.859271889821041
5.0,4.0,1.0,2.0,3.0,2.0,2.282684700086332
5.0,4.0,1.0,2.0,4.0,1.0,2.3419908242454013
5.0,4.0,1.0,3.0,1.0,1.0,1.9778628453955247
5.0,4.0,1.0,3.0,1.0,3.0,2.309986856289596
5.0,4.0,1.0,3.0,2.0,2.0,2.393414213586939
5.0,4.0,1.0,4.0,3.0,1.0,2.3352831543574784
5.0,4.0,1.0,4.0,3.0,4.0,2.886746863740009
5.0,4.0,1.0,4.0,4.0,5.0,3.5679291748121225
5.0,4.0,1.0,5.0,1.0,1.0,2.29944619921885
5.0,4.0,1.0,5.0,1.0,2.0,2.5034285017274662
5.0,4.0,1.0,5.0,1.0,4.0,2.640847414292194
5.0,4.0,1.0,5.0,2.0,3.0,2.8048422505855997
5.0,4.0,1.0,5.0,3.0,2.0,2.8084259109302465
5.0,4.0,1.0,5.0,3.0,4.0,3.1978168686386903
5.0,4.0,1.0,5.0,4.0,2.0,2.8084259118299557
5.0,4.0,1.0,5.0,4.0,4.0,3.197816460727999
5.0,4.0,1.0,5.0,5.0,4.0,3.316460592895532
5.0,4.0,2.0,1.0,1.0,1.0,2.0675298630387586
5.0,4.0,2.0,1.0,2.0,2.0,2.2846708989606763
5.0,4.0,2.0,1.0,3.0,1.0,2.3080243431529763
5.0,4.0,2.0,1.0,3.0,2.0,2.4604247236658696
5.0,4.0,2.0,1.0,4.0,2.0,2.5286689224831576
5.0,4.0,2.0,2.0,1.0,1.0,2.291148539927268
5.0,4.0,2.0,2.0,1.0,3.0,2.5748152321397346
5.0,4.0,2.0,2.0,2.0,1.0,2.337984710317654
5.0,4.0,2.0,2.0,2.0,2.0,2.4417009924082325
5.0,4.0,2.0,2.0,3.0,2.0,2.7018370675955854
5.0,4.0,2.0,2.0,4.0,1.0,2.6987046014079157
5.0,4.0,2.0,2.0,4.0,2.0,2.7560756729764617
5.0,4.0,2.0,2.0,4.0,3.0,3.051520804180919
5.0,4.0,2.0,3.0,1.0,1.0,2.4018139791577666
5.0,4.0,2.0,3.0,1.0,2.0,2.62812899403963
5.0,4.0,2.0,3.0,2.0,1.0,2.453991356424521
5.0,4.0,2.0,3.0,2.0,2.0,2.6602282236163854
5.0,4.0,2.0,3.0,2.0,3.0,2.7749164041440877
5.0,4.0,2.0,3.0,3.0,2.0,2.8476577190559156
5.0,4.0,2.0,3.0,3.0,3.0,3.1062535270694767
5.0,4.0,2.0,3.0,4.0,2.0,2.972740450913275
5.0,4.0,2.0,3.0,4.0,3.0,3.1334025141604007
5.0,4.0,2.0,3.0,5.0,4.0,3.474954532227133
5.0,4.0,2.0,4.0,1.0,2.0,2.744135656013346
5.0,4.0,2.0,4.0,1.0,3.0,2.8068285147934677
5.0,4.0,2.0,4.0,1.0,4.0,2.9550720387706457
5.0,4.0,2.0,4.0,2.0,1.0,2.6867198852171956
5.0,4.0,2.0,4.0,2.0,3.0,2.9362667905307402
5.0,4.0,2.0,4.0,3.0,1.0,2.6919970269746427
5.0,4.0,2.0,4.0,3.0,2.0,2.911478008793855
5.0,4.0,2.0,4.0,3.0,3.0,3.137258343178578
5.0,4.0,2.0,4.0,3.0,4.0,3.3161741857608122
5.0,4.0,2.0,4.0,4.0,2.0,3.202287008195539
5.0,4.0,2.0,4.0,4.0,3.0,3.2769603205745983
5.0,4.0,2.0,4.0,4.0,4.0,3.3992705528915312
5.0,4.0,2.0,4.0,4.0,5.0,3.765098832426966
5.0,4.0,2.0,4.0,5.0,4.0,3.6934748062588114
5.0,4.0,2.0,4.0,5.0,5.0,3.794376752541833
5.0,4.0,2.0,5.0,1.0,1.0,2.6561600099066927
5.0,4.0,2.0,5.0,1.0,3.0,3.013422894082909
5.0,4.0,2.0,5.0,1.0,4.0,3.1022499597761164
5.0,4.0,2.0,5.0,1.0,5.0,3.2294931380686154
5.0,4.0,2.0,5.0,2.0,4.0,3.430678179878585
5.0,4.0,2.0,5.0,2.0,5.0,3.430678201440726
5.0,4.0,2.0,5.0,3.0,1.0,2.8080036811974645
5.0,4.0,2.0,5.0,3.0,2.0,3.0751849355411
5.0,4.0,2.0,5.0,4.0,3.0,3.3947881740462296
5.0,4.0,2.0,5.0,4.0,4.0,3.673522602986648
5.0,4.0,2.0,5.0,4.0,5.0,3.8473120659623636
5.0,4.0,2.0,5.0,5.0,3.0,3.510730657307218
5.0,4.0,2.0,5.0,5.0,4.0,3.6934742098410185
5.0,4.0,2.0,5.0,5.0,5.0,4.243323638034522
5.0,4.0,3.0,1.0,1.0,1.0,2.3869591443743388
5.0,4.0,3.0,1.0,2.0,2.0,2.519995908338658
5.0,4.0,3.0,1.0,3.0,3.0,2.9536252796851823
5.0,4.0,3.0,1.0,4.0,1.0,2.8226898861298526
5.0,4.0,3.0,1.0,4.0,3.0,3.181519401469354
5.0,4.0,3.0,2.0,1.0,2.0,2.7319225967674816
5.0,4.0,3.0,2.0,1.0,3.0,2.931529039236595
5.0,4.0,3.0,2.0,2.0,2.0,2.7338625478964818
5.0,4.0,3.0,2.0,2.0,3.0,2.987781929736891
5.0,4.0,3.0,2.0,2.0,4.0,3.232942806472726
5.0,4.0,3.0,2.0,3.0,1.0,2.815558626808002
5.0,4.0,3.0,2.0,3.0,2.0,2.8155586456519455
5.0,4.0,3.0,2.0,3.0,3.0,3.0931366373053586
5.0,4.0,3.0,2.0,3.0,4.0,3.354941779585641
5.0,4.0,3.0,2.0,3.0,5.0,3.534357326000311
5.0,4.0,3.0,2.0,4.0,2.0,3.0011268793625843
5.0,4.0,3.0,2.0,4.0,3.0,3.220363333123509
5.0,4.0,3.0,2.0,4.0,4.0,3.5316121512159353
5.0,4.0,3.0,2.0,4.0,5.0,3.7730774701143273
5.0,4.0,3.0,2.0,5.0,3.0,3.3756757051693094
5.0,4.0,3.0,2.0,5.0,4.0,3.5989398064653657
5.0,4.0,3.0,2.0,5.0,5.0,3.989133702462323
5.0,4.0,3.0,3.0,1.0,1.0,2.557333391135562
5.0,4.0,3.0,3.0,1.0,2.0,2.7319220562529796
5.0,4.0,3.0,3.0,1.0,3.0,2.9439085169185124
5.0,4.0,3.0,3.0,2.0,1.0,2.756230158196104
5.0,4.0,3.0,3.0,2.0,2.0,2.913693819834381
5.0,4.0,3.0,3.0,2.0,3.0,3.221776162562731
5.0,4.0,3.0,3.0,2.0,4.0,3.3970270595478187
5.0,4.0,3.0,3.0,2.0,5.0,3.6450869679150975
5.0,4.0,3.0,3.0,3.0,2.0,2.9962684998304696
5.0,4.0,3.0,3.0,3.0,3.0,3.377822518382925
5.0,4.0,3.0,3.0,3.0,4.0,3.75126842201922
5.0,4.0,3.0,3.0,4.0,2.0,3.2404496108438003
5.0,4.0,3.0,3.0,4.0,3.0,3.4914797654575773
5.0,4.0,3.0,3.0,4.0,4.0,3.751268448743378
5.0,4.0,3.0,3.0,4.0,5.0,3.8890840585378528
5.0,4.0,3.0,3.0,5.0,2.0,3.356116932814118
5.0,4.0,3.0,3.0,5.0,3.0,3.4914792260535856
5.0,4.0,3.0,3.0,5.0,4.0,3.75126846276307
5.0,4.0,3.0,3.0,5.0,5.0,4.103616555902632
5.0,4.0,3.0,4.0,1.0,1.0,2.8031250231464817
5.0,4.0,3.0,4.0,1.0,3.0,3.072312986584021
5.0,4.0,3.0,4.0,1.0,4.0,3.26309966365715
5.0,4.0,3.0,4.0,1.0,5.0,3.600454924479779
5.0,4.0,3.0,4.0,2.0,2.0,3.160753995832261
5.0,4.0,3.0,4.0,2.0,3.0,3.326130231811057
5.0,4.0,3.0,4.0,2.0,4.0,3.5618880508838604
5.0,4.0,3.0,4.0,2.0,5.0,3.761092720099118
5.0,4.0,3.0,4.0,3.0,1.0,2.931988930611925
5.0,4.0,3.0,4.0,3.0,2.0,3.217760463962653
5.0,4.0,3.0,4.0,3.0,3.0,3.5387874851877834
5.0,4.0,3.0,4.0,3.0,4.0,3.972258934348781
5.0,4.0,3.0,4.0,3.0,5.0,4.137183229203384
5.0,4.0,3.0,4.0,4.0,2.0,3.240449237412591
5.0,4.0,3.0,4.0,4.0,3.0,3.6634031459801664
5.0,4.0,3.0,4.0,4.0,4.0,4.079158560390628
5.0,4.0,3.0,4.0,4.0,5.0,4.298004545446628
5.0,4.0,3.0,4.0,5.0,2.0,3.422776350639015
5.0,4.0,3.0,4.0,5.0,3.0,3.7394809201753203
5.0,4.0,3.0,4.0,5.0,4.0,4.196286316828442
5.0,4.0,3.0,4.0,5.0,5.0,4.298004376962987
5.0,4.0,3.0,5.0,1.0,1.0,2.9545128787445423
5.0,4.0,3.0,5.0,1.0,2.0,3.0723121517744514
5.0,4.0,3.0,5.0,1.0,3.0,3.072312498540587
5.0,4.0,3.0,5.0,1.0,4.0,3.561887616592349
5.0,4.0,3.0,5.0,1.0,5.0,3.6004543435346656
5.0,4.0,3.0,5.0,2.0,3.0,3.353312727450891
5.0,4.0,3.0,5.0,2.0,4.0,3.56188743100288
5.0,4.0,3.0,5.0,2.0,5.0,3.811442858972864
5.0,4.0,3.0,5.0,3.0,2.0,3.413095415017251
5.0,4.0,3.0,5.0,3.0,3.0,3.6261491941101154
5.0,4.0,3.0,5.0,3.0,4.0,3.9722580060310104
5.0,4.0,3.0,5.0,3.0,5.0,4.162503058685656
5.0,4.0,3.0,5.0,4.0,1.0,3.2867164106992233
5.0,4.0,3.0,5.0,4.0,2.0,3.4417597120637184
5.0,4.0,3.0,5.0,4.0,3.0,3.724777083663335
5.0,4.0,3.0,5.0,4.0,4.0,4.218987075124214
5.0,4.0,3.0,5.0,4.0,5.0,4.529055521312192
5.0,4.0,3.0,5.0,5.0,3.0,3.73948055098418
5.0,4.0,3.0,5.0,5.0,4.0,4.218987282592134
5.0,4.0,3.0,5.0,5.0,5.0,4.624330680383351
5.0,4.0,4.0,1.0,1.0,1.0,2.6045304654426626
5.0,4.0,4.0,1.0,2.0,2.0,3.056102056419206
5.0,4.0,4.0,1.0,3.0,2.0,3.0902624206258698
5.0,4.0,4.0,1.0,4.0,3.0,3.5332332790951195
5.0,4.0,4.0,1.0,4.0,4.0,3.693080425088059
5.0,4.0,4.0,1.0,5.0,4.0,3.722925060859354
5.0,4.0,4.0,2.0,1.0,1.0,2.6959695735692724
5.0,4.0,4.0,2.0,2.0,1.0,2.8179685262698397
5.0,4.0,4.0,2.0,2.0,2.0,3.0561017230898644
5.0,4.0,4.0,2.0,3.0,3.0,3.53224086076196
5.0,4.0,4.0,2.0,3.0,4.0,3.7116556100675644
5.0,4.0,4.0,2.0,4.0,2.0,3.358103213421726
5.0,4.0,4.0,2.0,4.0,3.0,3.533232988220296
5.0,4.0,4.0,2.0,4.0,4.0,3.8336546241237786
5.0,4.0,4.0,2.0,5.0,3.0,3.7762388517392647
5.0,4.0,4.0,2.0,5.0,4.0,3.8389317288626357
5.0,4.0,4.0,2.0,5.0,5.0,4.1350683927388365
5.0,4.0,4.0,3.0,1.0,3.0,3.1749526576495617
5.0,4.0,4.0,3.0,1.0,4.0,3.4181368713116824
5.0,4.0,4.0,3.0,2.0,2.0,3.2423278546363488
5.0,4.0,4.0,3.0,2.0,3.0,3.4358508512177646
5.0,4.0,4.0,3.0,2.0,4.0,3.714428334433468
5.0,4.0,4.0,3.0,3.0,2.0,3.4336909502727377
5.0,4.0,4.0,3.0,3.0,3.0,3.6441199458155866
5.0,4.0,4.0,3.0,3.0,4.0,3.9960339553781576
5.0,4.0,4.0,3.0,3.0,5.0,4.110859180062525
5.0,4.0,4.0,3.0,4.0,2.0,3.4790099658994875
5.0,4.0,4.0,3.0,4.0,3.0,3.7197322221860976
5.0,4.0,4.0,3.0,4.0,4.0,4.04540950709158
5.0,4.0,4.0,3.0,4.0,5.0,4.1155848154621255
5.0,4.0,4.0,3.0,5.0,3.0,3.863025404035714
5.0,4.0,4.0,3.0,5.0,4.0,4.162176734029191
5.0,4.0,4.0,3.0,5.0,5.0,4.274503187173736
5.0,4.0,4.0,4.0,1.0,1.0,3.073831844978393
5.0,4.0,4.0,4.0,1.0,3.0,3.4342379548766533
5.0,4.0,4.0,4.0,1.0,4.0,3.4844177680770767
5.0,4.0,4.0,4.0,1.0,5.0,3.746995016438065
5.0,4.0,4.0,4.0,2.0,2.0,3.2806115250234473
5.0,4.0,4.0,4.0,2.0,3.0,3.6523097619364324
5.0,4.0,4.0,4.0,2.0,4.0,3.754786243201197
5.0,4.0,4.0,4.0,2.0,5.0,4.040281786093341
5.0,4.0,4.0,4.0,3.0,1.0,3.4392180239489227
5.0,4.0,4.0,4.0,3.0,2.0,3.4782651571596332
5.0,4.0,4.0,4.0,3.0,3.0,3.859995938458503
5.0,4.0,4.0,4.0,3.0,4.0,4.201549676125302
5.0,4.0,4.0,4.0,3.0,5.0,4.404019102431562
5.0,4.0,4.0,4.0,4.0,2.0,3.5937589403854466
5.0,4.0,4.0,4.0,4.0,3.0,4.05827009155859
5.0,4.0,4.0,4.0,4.0,4.0,4.330723138756834
5.0,4.0,4.0,4.0,4.0,5.0,4.631307692338995
5.0,4.0,4.0,4.0,5.0,1.0,3.532700785107415
5.0,4.0,4.0,4.0,5.0,2.0,3.8288373995812854
5.0,4.0,4.0,4.0,5.0,3.0,4.0972033186348265
5.0,4.0,4.0,4.0,5.0,4.0,4.365433434740908
5.0,4.0,4.0,4.0,5.0,5.0,4.664413890324574
5.0,4.0,4.0,5.0,1.0,2.0,3.432280510538459
5.0,4.0,4.0,5.0,1.0,3.0,3.4630382745709776
5.0,4.0,4.0,5.0,1.0,4.0,3.6352815511742342
5.0,4.0,4.0,5.0,1.0,5.0,3.7469932131013883
5.0,4.0,4.0,5.0,2.0,2.0,3.5788470846705405
5.0,4.0,4.0,5.0,2.0,3.0,3.7408414318277563
5.0,4.0,4.0,5.0,2.0,4.0,3.850050026257384
5.0,4.0,4.0,5.0,2.0,5.0,4.040281475417228
5.0,4.0,4.0,5.0,3.0,2.0,3.762375296856897
5.0,4.0,4.0,5.0,3.0,3.0,3.8664437614639917
5.0,4.0,4.0,5.0,3.0,4.0,4.203597719312512
5.0,4.0,4.0,5.0,3.0,5.0,4.503698178163653
5.0,4.0,4.0,5.0,4.0,2.0,3.7996591438234586
5.0,4.0,4.0,5.0,4.0,3.0,4.076461308329639
5.0,4.0,4.0,5.0,4.0,4.0,4.450202170128271
5.0,4.0,4.0,5.0,4.0,5.0,4.751795369913196
5.0,4.0,4.0,5.0,5.0,3.0,4.165685641691964
5.0,4.0,4.0,5.0,5.0,4.0,4.579390903116758
5.0,4.0,4.0,5.0,5.0,5.0,4.83655526587987
5.0,4.0,5.0,1.0,1.0,1.0,2.703232914685042
5.0,4.0,5.0,1.0,5.0,5.0,4.173329549141769
5.0,4.0,5.0,2.0,5.0,4.0,4.195645568490631
5.0,4.0,5.0,3.0,2.0,3.0,3.7906734200082544
5.0,4.0,5.0,3.0,2.0,5.0,4.031100818260267
5.0,4.0,5.0,3.0,3.0,3.0,3.986279918933576
5.0,4.0,5.0,3.0,3.0,4.0,3.9960331091424783
5.0,4.0,5.0,3.0,3.0,5.0,4.182992214716233
5.0,4.0,5.0,3.0,4.0,3.0,3.9862799190048768
5.0,4.0,5.0,3.0,4.0,4.0,4.30943875157881
5.0,4.0,5.0,3.0,4.0,5.0,4.475777517494325
5.0,4.0,5.0,3.0,5.0,2.0,3.9528226746162827
5.0,4.0,5.0,3.0,5.0,3.0,4.07455191024655
5.0,4.0,5.0,3.0,5.0,4.0,4.326595702898599
5.0,4.0,5.0,3.0,5.0,5.0,4.57982687735527
5.0,4.0,5.0,4.0,1.0,3.0,3.6757324481753053
5.0,4.0,5.0,4.0,2.0,1.0,3.2899738838440244
5.0,4.0,5.0,4.0,2.0,2.0,3.6106779938354525
5.0,4.0,5.0,4.0,2.0,3.0,3.881894531545541
5.0,4.0,5.0,4.0,2.0,4.0,4.070754088104667
5.0,4.0,5.0,4.0,2.0,5.0,4.126733411598416
5.0,4.0,5.0,4.0,3.0,3.0,4.121781156130642
5.0,4.0,5.0,4.0,3.0,4.0,4.326535587671134
5.0,4.0,5.0,4.0,3.0,5.0,4.404018776451901
5.0,4.0,5.0,4.0,4.0,2.0,3.8176044376080736
5.0,4.0,5.0,4.0,4.0,3.0,4.196971351866241
5.0,4.0,5.0,4.0,4.0,4.0,4.472418376087955
5.0,4.0,5.0,4.0,4.0,5.0,4.7108004704088735
5.0,4.0,5.0,4.0,5.0,3.0,4.293385796640804
5.0,4.0,5.0,4.0,5.0,4.0,4.5491439448578905
5.0,4.0,5.0,4.0,5.0,5.0,4.825023612020502
5.0,4.0,5.0,5.0,1.0,3.0,3.784666826001225
5.0,4.0,5.0,5.0,1.0,4.0,3.9505024585439767
5.0,4.0,5.0,5.0,1.0,5.0,4.128074866698271
5.0,4.0,5.0,5.0,2.0,3.0,3.9251911226303258
5.0,4.0,5.0,5.0,2.0,4.0,4.200690447019015
5.0,4.0,5.0,5.0,2.0,5.0,4.390216251422553
5.0,4.0,5.0,5.0,3.0,2.0,3.940837978379732
5.0,4.0,5.0,5.0,3.0,3.0,4.171009999244844
5.0,4.0,5.0,5.0,3.0,4.0,4.431795607874169
5.0,4.0,5.0,5.0,3.0,5.0,4.631661366022423
5.0,4.0,5.0,5.0,4.0,2.0,4.033881759684422
5.0,4.0,5.0,5.0,4.0,3.0,4.305806960128349
5.0,4.0,5.0,5.0,4.0,4.0,4.5880396478775545
5.0,4.0,5.0,5.0,4.0,5.0,4.853799588133837
5.0,4.0,5.0,5.0,5.0,2.0,4.033881772870587
5.0,4.0,5.0,5.0,5.0,3.0,4.421335594012311
5.0,4.0,5.0,5.0,5.0,4.0,4.748833229842091
5.0,4.0,5.0,5.0,5.0,5.0,4.926900464294544
5.0,5.0,1.0,1.0,1.0,1.0,1.6888766771668786
5.0,5.0,1.0,1.0,1.0,2.0,2.1587253075772423
5.0,5.0,1.0,1.0,2.0,1.0,1.8509300902999797
5.0,5.0,1.0,1.0,2.0,2.0,2.1587253638863153
5.0,5.0,1.0,1.0,2.0,4.0,2.587817266530996
5.0,5.0,1.0,1.0,2.0,5.0,2.650510220687009
5.0,5.0,1.0,1.0,3.0,1.0,1.9288328336332092
5.0,5.0,1.0,1.0,4.0,1.0,2.1433794040396825
5.0,5.0,1.0,1.0,5.0,1.0,2.415570111134101
5.0,5.0,1.0,2.0,1.0,1.0,2.0367837372232844
5.0,5.0,1.0,2.0,1.0,2.0,2.1996881174313483
5.0,5.0,1.0,2.0,2.0,2.0,2.3449945070806457
5.0,5.0,1.0,2.0,2.0,3.0,2.5244092098502735
5.0,5.0,1.0,2.0,4.0,2.0,2.588992473496236
5.0,5.0,1.0,3.0,1.0,1.0,2.0367835315321416
5.0,5.0,1.0,3.0,1.0,3.0,2.309987378885769
5.0,5.0,1.0,3.0,3.0,1.0,2.2232033609639936
5.0,5.0,1.0,3.0,3.0,3.0,2.7375835494974154
5.0,5.0,1.0,3.0,4.0,1.0,2.574423105683127
5.0,5.0,1.0,3.0,5.0,4.0,3.3025497587356867
5.0,5.0,1.0,4.0,1.0,1.0,2.2467887373950566
5.0,5.0,1.0,4.0,2.0,1.0,2.355716046656182
5.0,5.0,1.0,4.0,3.0,3.0,2.9950736393104256
5.0,5.0,1.0,4.0,4.0,1.0,2.5744223256551293
5.0,5.0,1.0,4.0,4.0,2.0,2.8210057114615186
5.0,5.0,1.0,4.0,4.0,3.0,3.1171424715607756
5.0,5.0,1.0,4.0,4.0,4.0,3.2965572164287136
5.0,5.0,1.0,5.0,1.0,1.0,2.2994463595871544
5.0,5.0,1.0,5.0,1.0,2.0,2.5710154646973433
5.0,5.0,1.0,5.0,1.0,3.0,2.6408476041643034
5.0,5.0,1.0,5.0,1.0,5.0,2.6408477370065033
5.0,5.0,1.0,5.0,2.0,1.0,2.3557157779136877
5.0,5.0,1.0,5.0,2.0,3.0,2.989151103455328
5.0,5.0,1.0,5.0,3.0,3.0,2.9950733257084874
5.0,5.0,1.0,5.0,3.0,4.0,3.2905648687081492
5.0,5.0,1.0,5.0,3.0,5.0,3.5679288436292445
5.0,5.0,1.0,5.0,4.0,1.0,2.7575977174720854
5.0,5.0,1.0,5.0,4.0,4.0,3.4735633505803047
5.0,5.0,1.0,5.0,4.0,5.0,3.5679289522110027
5.0,5.0,1.0,5.0,5.0,1.0,2.996318598925989
5.0,5.0,1.0,5.0,5.0,4.0,3.4735633504402994
5.0,5.0,1.0,5.0,5.0,5.0,3.689740673578367
5.0,5.0,2.0,1.0,1.0,1.0,2.0675300256719047
5.0,5.0,2.0,1.0,2.0,1.0,2.4059294566148863
5.0,5.0,2.0,1.0,3.0,3.0,2.6898711199985437
5.0,5.0,2.0,1.0,4.0,1.0,2.650284884961324
5.0,5.0,2.0,1.0,5.0,2.0,2.9516987016543106
5.0,5.0,2.0,1.0,5.0,4.0,3.1938063102365626
5.0,5.0,2.0,2.0,1.0,1.0,2.291148744764251
5.0,5.0,2.0,2.0,1.0,2.0,2.375362460952939
5.0,5.0,2.0,2.0,1.0,3.0,2.759124074370246
5.0,5.0,2.0,2.0,1.0,5.0,3.0012317340629213
5.0,5.0,2.0,2.0,2.0,1.0,2.4059291206685702
5.0,5.0,2.0,2.0,2.0,2.0,2.6061710919586134
5.0,5.0,2.0,2.0,2.0,5.0,3.1232319706319718
5.0,5.0,2.0,2.0,3.0,1.0,2.6814720849041804
5.0,5.0,2.0,2.0,3.0,2.0,2.7018372612156996
5.0,5.0,2.0,2.0,3.0,3.0,2.930569523692677
5.0,5.0,2.0,2.0,4.0,2.0,2.861351818171319
5.0,5.0,2.0,2.0,4.0,3.0,3.1207148142606562
5.0,5.0,2.0,2.0,4.0,4.0,3.18781392924925
5.0,5.0,2.0,2.0,5.0,2.0,3.0548918656349517
5.0,5.0,2.0,2.0,5.0,3.0,3.120714841546201
5.0,5.0,2.0,2.0,5.0,4.0,3.5432567323691626
5.0,5.0,2.0,3.0,1.0,3.0,2.875130716126857
5.0,5.0,2.0,3.0,2.0,1.0,2.6761059898924593
5.0,5.0,2.0,3.0,2.0,2.0,2.6920912493585423
5.0,5.0,2.0,3.0,2.0,3.0,2.99767350244699
5.0,5.0,2.0,3.0,3.0,2.0,2.8476581298825314
5.0,5.0,2.0,3.0,3.0,3.0,3.129799152314867
5.0,5.0,2.0,3.0,3.0,4.0,3.2848293718341997
5.0,5.0,2.0,3.0,4.0,1.0,2.7655763236222923
5.0,5.0,2.0,3.0,4.0,2.0,2.972740655570136
5.0,5.0,2.0,3.0,4.0,3.0,3.1334026767429015
5.0,5.0,2.0,3.0,4.0,4.0,3.284829122602301
5.0,5.0,2.0,3.0,5.0,2.0,3.2048109270514797
5.0,5.0,2.0,3.0,5.0,5.0,3.855539986721715
5.0,5.0,2.0,4.0,1.0,1.0,2.5155859602806947
5.0,5.0,2.0,4.0,1.0,3.0,2.8981843453960483
5.0,5.0,2.0,4.0,1.0,4.0,3.2294950070503483
5.0,5.0,2.0,4.0,2.0,1.0,2.7543068661247023
5.0,5.0,2.0,4.0,2.0,2.0,2.9506464483687216
5.0,5.0,2.0,4.0,2.0,3.0,3.0800693697611736
5.0,5.0,2.0,4.0,2.0,4.0,3.350538687603813
5.0,5.0,2.0,4.0,3.0,2.0,3.0498967656334828
5.0,5.0,2.0,4.0,3.0,3.0,3.13725855246496
5.0,5.0,2.0,4.0,3.0,4.0,3.350538707441004
5.0,5.0,2.0,4.0,4.0,1.0,2.997947416610472
5.0,5.0,2.0,4.0,4.0,2.0,3.202287169126803
5.0,5.0,2.0,4.0,4.0,3.0,3.323035847648018
5.0,5.0,2.0,4.0,4.0,4.0,3.633639662077509
5.0,5.0,2.0,4.0,4.0,5.0,3.864352332829252
5.0,5.0,2.0,4.0,5.0,2.0,3.403753761674777
5.0,5.0,2.0,4.0,5.0,3.0,3.510731761667576
5.0,5.0,2.0,4.0,5.0,4.0,3.784158759465393
5.0,5.0,2.0,4.0,5.0,5.0,4.139337718440039
5.0,5.0,2.0,5.0,1.0,1.0,2.6561601702911566
5.0,5.0,2.0,5.0,1.0,2.0,2.9414074478426593
5.0,5.0,2.0,5.0,1.0,3.0,3.0134230914303726
5.0,5.0,2.0,5.0,1.0,5.0,3.2294942690716963
5.0,5.0,2.0,5.0,2.0,1.0,2.938492353993339
5.0,5.0,2.0,5.0,2.0,2.0,2.950646137478639
5.0,5.0,2.0,5.0,2.0,3.0,3.0800690907272834
5.0,5.0,2.0,5.0,2.0,4.0,3.470376568429466
5.0,5.0,2.0,5.0,2.0,5.0,3.587972499827731
5.0,5.0,2.0,5.0,3.0,1.0,2.9384923539816694
5.0,5.0,2.0,5.0,3.0,2.0,3.075185109504282
5.0,5.0,2.0,5.0,3.0,3.0,3.3144401229267886
5.0,5.0,2.0,5.0,3.0,4.0,3.4751021545174283
5.0,5.0,2.0,5.0,3.0,5.0,3.7099715642547357
5.0,5.0,2.0,5.0,4.0,1.0,2.9979470805941157
5.0,5.0,2.0,5.0,4.0,2.0,3.263025526651177
5.0,5.0,2.0,5.0,4.0,3.0,3.394788397686014
5.0,5.0,2.0,5.0,4.0,4.0,3.673522802103317
5.0,5.0,2.0,5.0,4.0,5.0,4.05303400387611
5.0,5.0,2.0,5.0,5.0,2.0,3.4037534313115487
5.0,5.0,2.0,5.0,5.0,3.0,3.510731171732703
5.0,5.0,2.0,5.0,5.0,4.0,3.78415850963651
5.0,5.0,2.0,5.0,5.0,5.0,4.243323573987742
5.0,5.0,3.0,1.0,1.0,1.0,2.386959394486905
5.0,5.0,3.0,1.0,1.0,3.0,2.8831093428990235
5.0,5.0,3.0,1.0,2.0,1.0,2.4128350576129316
5.0,5.0,3.0,1.0,2.0,2.0,2.708971720672026
5.0,5.0,3.0,1.0,2.0,3.0,2.9877829952378843
5.0,5.0,3.0,1.0,3.0,1.0,2.7682778400220687
5.0,5.0,3.0,1.0,3.0,3.0,3.0076933416600764
5.0,5.0,3.0,1.0,4.0,3.0,3.249106371089618
5.0,5.0,3.0,1.0,5.0,2.0,3.1916905678317256
5.0,5.0,3.0,1.0,5.0,3.0,3.3323171329221566
5.0,5.0,3.0,2.0,1.0,1.0,2.5235646017990256
5.0,5.0,3.0,2.0,1.0,2.0,2.780012480285769
5.0,5.0,3.0,2.0,1.0,3.0,2.9877822863101646
5.0,5.0,3.0,2.0,2.0,1.0,2.64556357724046
5.0,5.0,3.0,2.0,2.0,2.0,2.9568209737895397
5.0,5.0,3.0,2.0,2.0,3.0,2.987782442168216
5.0,5.0,3.0,2.0,3.0,2.0,3.0471795708907288
5.0,5.0,3.0,2.0,3.0,3.0,3.093137234028985
5.0,5.0,3.0,2.0,3.0,4.0,3.378365643081823
5.0,5.0,3.0,2.0,3.0,5.0,3.8353872114110965
5.0,5.0,3.0,2.0,4.0,1.0,3.005627012905085
5.0,5.0,3.0,2.0,4.0,2.0,3.061767189018477
5.0,5.0,3.0,2.0,4.0,3.0,3.4314728851914893
5.0,5.0,3.0,2.0,4.0,4.0,3.5445277810355096
5.0,5.0,3.0,2.0,5.0,2.0,3.5409190148883645
5.0,5.0,3.0,2.0,5.0,3.0,3.540919049943465
5.0,5.0,3.0,2.0,5.0,4.0,3.6665267644893147
5.0,5.0,3.0,2.0,5.0,5.0,3.9891338960817078
5.0,5.0,3.0,3.0,1.0,1.0,2.6395712445023833
5.0,5.0,3.0,3.0,1.0,2.0,2.8856960092047994
5.0,5.0,3.0,3.0,1.0,3.0,3.0933348845714628
5.0,5.0,3.0,3.0,1.0,4.0,3.367953863035061
5.0,5.0,3.0,3.0,2.0,1.0,2.7562303731757396
5.0,5.0,3.0,3.0,2.0,2.0,2.9627347205777133
5.0,5.0,3.0,3.0,2.0,3.0,3.3431622729918873
5.0,5.0,3.0,3.0,2.0,4.0,3.4775214011546085
5.0,5.0,3.0,3.0,3.0,1.0,3.000260900761247
5.0,5.0,3.0,3.0,3.0,2.0,3.1743359085272056
5.0,5.0,3.0,3.0,3.0,3.0,3.4955552359663677
5.0,5.0,3.0,3.0,3.0,4.0,3.759155278626377
5.0,5.0,3.0,3.0,3.0,5.0,4.010547133133342
5.0,5.0,3.0,3.0,4.0,2.0,3.257570674452541
5.0,5.0,3.0,3.0,4.0,3.0,3.5085483778563207
5.0,5.0,3.0,3.0,4.0,4.0,3.8002631228784325
5.0,5.0,3.0,3.0,4.0,5.0,4.010547128159905
5.0,5.0,3.0,3.0,5.0,1.0,3.0599803662233347
5.0,5.0,3.0,3.0,5.0,2.0,3.563464496517757
5.0,5.0,3.0,3.0,5.0,3.0,3.5634645544501287
5.0,5.0,3.0,3.0,5.0,4.0,3.9599800968115253
5.0,5.0,3.0,3.0,5.0,5.0,4.251423964986617
5.0,5.0,3.0,4.0,1.0,1.0,2.8031251515752316
5.0,5.0,3.0,4.0,1.0,2.0,3.1094766093500255
5.0,5.0,3.0,4.0,1.0,3.0,3.109476655634539
5.0,5.0,3.0,4.0,1.0,4.0,3.367953566609644
5.0,5.0,3.0,4.0,2.0,2.0,3.160754160840025
5.0,5.0,3.0,4.0,2.0,3.0,3.34316190568517
5.0,5.0,3.0,4.0,2.0,4.0,3.6142659270268815
5.0,5.0,3.0,4.0,2.0,5.0,3.811443905804021
5.0,5.0,3.0,4.0,3.0,2.0,3.239745737892924
5.0,5.0,3.0,4.0,3.0,3.0,3.62910866323899
5.0,5.0,3.0,4.0,3.0,4.0,3.9722597914237228
5.0,5.0,3.0,4.0,3.0,5.0,4.165567308602103
5.0,5.0,3.0,4.0,4.0,1.0,3.10886781564591
5.0,5.0,3.0,4.0,4.0,2.0,3.2575703553515454
5.0,5.0,3.0,4.0,4.0,3.0,3.7315913966940872
5.0,5.0,3.0,4.0,4.0,4.0,4.079159162718404
5.0,5.0,3.0,4.0,4.0,5.0,4.399895578602779
5.0,5.0,3.0,4.0,5.0,2.0,3.5920014316696696
5.0,5.0,3.0,4.0,5.0,3.0,3.92127645809383
5.0,5.0,3.0,4.0,5.0,4.0,4.2195868036833195
5.0,5.0,3.0,4.0,5.0,5.0,4.466714365936861
5.0,5.0,3.0,5.0,1.0,1.0,2.954513040802056
5.0,5.0,3.0,5.0,1.0,2.0,3.1359780932285997
5.0,5.0,3.0,5.0,1.0,3.0,3.319518002585159
5.0,5.0,3.0,5.0,1.0,4.0,3.5618879420831373
5.0,5.0,3.0,5.0,1.0,5.0,3.7027538762146532
5.0,5.0,3.0,5.0,2.0,2.0,3.3566489414311524
5.0,5.0,3.0,5.0,2.0,3.0,3.5769066333184214
5.0,5.0,3.0,5.0,2.0,4.0,3.6368540372188867
5.0,5.0,3.0,5.0,2.0,5.0,3.8114435626446412
5.0,5.0,3.0,5.0,3.0,2.0,3.577729252049915
5.0,5.0,3.0,5.0,3.0,3.0,3.7036719183920264
5.0,5.0,3.0,5.0,3.0,4.0,4.128022163416502
5.0,5.0,3.0,5.0,3.0,5.0,4.365064965409574
5.0,5.0,3.0,5.0,4.0,2.0,3.6025573102655093
5.0,5.0,3.0,5.0,4.0,3.0,3.9447363795977175
5.0,5.0,3.0,5.0,4.0,4.0,4.345406430601009
5.0,5.0,3.0,5.0,4.0,5.0,4.691435638499584
5.0,5.0,3.0,5.0,5.0,1.0,3.298153093574098
5.0,5.0,3.0,5.0,5.0,2.0,3.831456779937131
5.0,5.0,3.0,5.0,5.0,3.0,4.024211855735435
5.0,5.0,3.0,5.0,5.0,4.0,4.427274418665591
5.0,5.0,3.0,5.0,5.0,5.0,4.799374327932922
5.0,5.0,4.0,1.0,3.0,2.0,3.0902625537059305
5.0,5.0,4.0,1.0,4.0,2.0,3.3096835320036964
5.0,5.0,4.0,1.0,4.0,4.0,3.69308058500513
5.0,5.0,4.0,2.0,1.0,2.0,3.0596931730647996
5.0,5.0,4.0,2.0,1.0,5.0,3.7146593513082866
5.0,5.0,4.0,2.0,2.0,2.0,3.162701674963261
5.0,5.0,4.0,2.0,2.0,5.0,3.8366582675988075
5.0,5.0,4.0,2.0,3.0,1.0,3.1242765279481595
5.0,5.0,4.0,2.0,3.0,2.0,3.3036911585656505
5.0,5.0,4.0,2.0,3.0,3.0,3.5332330698222707
5.0,5.0,4.0,2.0,3.0,4.0,3.7792425852219784
5.0,5.0,4.0,2.0,3.0,5.0,4.075379203208048
5.0,5.0,4.0,2.0,4.0,2.0,3.381196511880611
5.0,5.0,4.0,2.0,4.0,3.0,3.5332330636469846
5.0,5.0,4.0,2.0,4.0,4.0,3.9268554285454416
5.0,5.0,4.0,2.0,5.0,2.0,3.5476891903927172
5.0,5.0,4.0,2.0,5.0,3.0,3.7787532580580256
5.0,5.0,4.0,2.0,5.0,4.0,4.023240600870326
5.0,5.0,4.0,2.0,5.0,5.0,4.164301121937316
5.0,5.0,4.0,3.0,1.0,2.0,3.1756998332315245
5.0,5.0,4.0,3.0,1.0,3.0,3.2879055221093836
5.0,5.0,4.0,3.0,1.0,4.0,3.595285777081888
5.0,5.0,4.0,3.0,2.0,2.0,3.306941108876566
5.0,5.0,4.0,3.0,2.0,3.0,3.4358522743346516
5.0,5.0,4.0,3.0,2.0,4.0,3.714428497271663
5.0,5.0,4.0,3.0,2.0,5.0,3.9526649015636597
5.0,5.0,4.0,3.0,3.0,2.0,3.4348962792964537
5.0,5.0,4.0,3.0,3.0,3.0,3.8072315411561672
5.0,5.0,4.0,3.0,3.0,4.0,3.996034583609464
5.0,5.0,4.0,3.0,3.0,5.0,4.181205318446022
5.0,5.0,4.0,3.0,4.0,2.0,3.628436326787129
5.0,5.0,4.0,3.0,4.0,3.0,3.8630248769845075
5.0,5.0,4.0,3.0,4.0,4.0,4.126357756212453
5.0,5.0,4.0,3.0,4.0,5.0,4.293211300831053
5.0,5.0,4.0,3.0,5.0,3.0,3.8630252459321737
5.0,5.0,4.0,3.0,5.0,4.0,4.162176358324494
5.0,5.0,4.0,3.0,5.0,5.0,4.4202635980192255
5.0,5.0,4.0,4.0,1.0,2.0,3.2917064810526346
5.0,5.0,4.0,4.0,1.0,3.0,3.5186176548035473
5.0,5.0,4.0,4.0,1.0,4.0,3.595285616888219
5.0,5.0,4.0,4.0,1.0,5.0,3.7469961389608555
5.0,5.0,4.0,4.0,2.0,3.0,3.801570244940063
5.0,5.0,4.0,4.0,2.0,4.0,3.874879196124926
5.0,5.0,4.0,4.0,2.0,5.0,4.223762094010372
5.0,5.0,4.0,4.0,3.0,1.0,3.4392181870579397
5.0,5.0,4.0,4.0,3.0,2.0,3.6816942950280045
5.0,5.0,4.0,4.0,3.0,3.0,3.9087785701300293
5.0,5.0,4.0,4.0,3.0,4.0,4.260497022875562
5.0,5.0,4.0,4.0,3.0,5.0,4.487142162186256
5.0,5.0,4.0,4.0,4.0,1.0,3.53447275658173
5.0,5.0,4.0,4.0,4.0,2.0,3.681694287830889
5.0,5.0,4.0,4.0,4.0,3.0,4.079994364280939
5.0,5.0,4.0,4.0,4.0,4.0,4.426813267029413
5.0,5.0,4.0,4.0,4.0,5.0,4.745668385394514
5.0,5.0,4.0,4.0,5.0,1.0,3.5344724838049046
5.0,5.0,4.0,4.0,5.0,2.0,3.90725026226598
5.0,5.0,4.0,4.0,5.0,3.0,4.097204174815277
5.0,5.0,4.0,4.0,5.0,4.0,4.461294314122821
5.0,5.0,4.0,4.0,5.0,5.0,4.795759025444275
5.0,5.0,4.0,5.0,1.0,1.0,3.0738316844747215
5.0,5.0,4.0,5.0,1.0,2.0,3.4322806721059806
5.0,5.0,4.0,5.0,1.0,3.0,3.6352835234142713
5.0,5.0,4.0,5.0,1.0,4.0,3.6352829235680795
5.0,5.0,4.0,5.0,1.0,5.0,3.9803550517504656
5.0,5.0,4.0,5.0,2.0,2.0,3.578867490735557
5.0,5.0,4.0,5.0,2.0,3.0,3.919643121009897
5.0,5.0,4.0,5.0,2.0,4.0,4.001428951701416
5.0,5.0,4.0,5.0,2.0,5.0,4.249046782186476
5.0,5.0,4.0,5.0,3.0,2.0,3.762375442710188
5.0,5.0,4.0,5.0,3.0,3.0,4.094199202411829
5.0,5.0,4.0,5.0,3.0,4.0,4.34104383584839
5.0,5.0,4.0,5.0,3.0,5.0,4.606328413320584
5.0,5.0,4.0,5.0,4.0,2.0,3.8165380895419463
5.0,5.0,4.0,5.0,4.0,3.0,4.134972360143865
5.0,5.0,4.0,5.0,4.0,4.0,4.570424021097388
5.0,5.0,4.0,5.0,4.0,5.0,4.84335497438561
5.0,5.0,4.0,5.0,5.0,1.0,3.534471959298454
5.0,5.0,4.0,5.0,5.0,2.0,3.9154473432362233
5.0,5.0,4.0,5.0,5.0,3.0,4.215012613956445
5.0,5.0,4.0,5.0,5.0,4.0,4.679224867824106
5.0,5.0,4.0,5.0,5.0,5.0,4.902844618929939
5.0,5.0,5.0,1.0,1.0,2.0,2.9502347674792357
5.0,5.0,5.0,1.0,2.0,1.0,3.270510647072595
5.0,5.0,5.0,1.0,3.0,3.0,3.5824618265902677
5.0,5.0,5.0,1.0,4.0,3.0,3.8129472839138057
5.0,5.0,5.0,1.0,4.0,5.0,4.25069044169986
5.0,5.0,5.0,1.0,5.0,1.0,3.270511049997222
5.0,5.0,5.0,1.0,5.0,4.0,3.9137822139290335
5.0,5.0,5.0,1.0,5.0,5.0,4.2506906581628705
5.0,5.0,5.0,2.0,1.0,5.0,3.854869420132785
5.0,5.0,5.0,2.0,2.0,1.0,3.270509912803328
5.0,5.0,5.0,2.0,2.0,2.0,3.273087162834103
5.0,5.0,5.0,2.0,2.0,3.0,3.582461118213193
5.0,5.0,5.0,2.0,2.0,5.0,4.076650288738855
5.0,5.0,5.0,2.0,3.0,3.0,3.582461395988444
5.0,5.0,5.0,2.0,3.0,4.0,4.019234513180238
5.0,5.0,5.0,2.0,3.0,5.0,4.081927391408723
5.0,5.0,5.0,2.0,4.0,1.0,3.2705095303288374
5.0,5.0,5.0,2.0,4.0,2.0,3.6656821654801997
5.0,5.0,5.0,2.0,4.0,3.0,3.812946881022368
5.0,5.0,5.0,2.0,4.0,4.0,4.104605526836995
5.0,5.0,5.0,2.0,4.0,5.0,4.354593254796066
5.0,5.0,5.0,2.0,5.0,3.0,3.8129467460500233
5.0,5.0,5.0,2.0,5.0,4.0,4.26323248257367
5.0,5.0,5.0,2.0,5.0,5.0,4.473536533013956
5.0,5.0,5.0,3.0,1.0,2.0,3.4153343073026248
5.0,5.0,5.0,3.0,1.0,3.0,3.4723824880440053
5.0,5.0,5.0,3.0,1.0,5.0,4.063272818380053
5.0,5.0,5.0,3.0,2.0,2.0,3.4359268910503658
5.0,5.0,5.0,3.0,2.0,3.0,3.8818956294416957
5.0,5.0,5.0,3.0,2.0,4.0,4.070756078959572
5.0,5.0,5.0,3.0,2.0,5.0,4.2291421586720555
5.0,5.0,5.0,3.0,3.0,2.0,3.818728483150657
5.0,5.0,5.0,3.0,3.0,3.0,3.98628000169015
5.0,5.0,5.0,3.0,3.0,4.0,4.327715016787345
5.0,5.0,5.0,3.0,3.0,5.0,4.475777837950693
5.0,5.0,5.0,3.0,4.0,1.0,3.4855521412409374
5.0,5.0,5.0,3.0,4.0,3.0,3.986280030245122
5.0,5.0,5.0,3.0,4.0,4.0,4.327714777916754
5.0,5.0,5.0,3.0,4.0,5.0,4.475777706817776
5.0,5.0,5.0,3.0,5.0,2.0,4.020409617753424
5.0,5.0,5.0,3.0,5.0,3.0,4.245453218837749
5.0,5.0,5.0,3.0,5.0,4.0,4.53141147507381
5.0,5.0,5.0,3.0,5.0,5.0,4.579825597070726
5.0,5.0,5.0,4.0,1.0,2.0,3.4153339709828012
5.0,5.0,5.0,4.0,1.0,3.0,3.675732617336474
5.0,5.0,5.0,4.0,1.0,4.0,3.8571667124561584
5.0,5.0,5.0,4.0,2.0,2.0,3.708223239021976
5.0,5.0,5.0,4.0,2.0,3.0,3.881895030399289
5.0,5.0,5.0,4.0,2.0,4.0,4.070755248866043
5.0,5.0,5.0,4.0,2.0,5.0,4.524764530844595
5.0,5.0,5.0,4.0,3.0,2.0,3.903662906630794
5.0,5.0,5.0,4.0,3.0,3.0,4.238838920476663
5.0,5.0,5.0,4.0,3.0,4.0,4.443131672831243
5.0,5.0,5.0,4.0,3.0,5.0,4.624543060670765
5.0,5.0,5.0,4.0,4.0,2.0,4.011688623704731
5.0,5.0,5.0,4.0,4.0,3.0,4.279543285240085
5.0,5.0,5.0,4.0,4.0,4.0,4.582528208606144
5.0,5.0,5.0,4.0,4.0,5.0,4.814050015616054
5.0,5.0,5.0,4.0,5.0,3.0,4.293385906504274
5.0,5.0,5.0,4.0,5.0,4.0,4.64279196228359
5.0,5.0,5.0,4.0,5.0,5.0,4.861099260522432
5.0,5.0,5.0,5.0,1.0,1.0,3.181320523667385
5.0,5.0,5.0,5.0,1.0,2.0,3.7082225414293495
5.0,5.0,5.0,5.0,1.0,3.0,3.7898814956870903
5.0,5.0,5.0,5.0,1.0,4.0,4.128075956930967
5.0,5.0,5.0,5.0,1.0,5.0,4.128076111468623
5.0,5.0,5.0,5.0,2.0,2.0,3.708222780496685
5.0,5.0,5.0,5.0,2.0,3.0,3.93907277387579
5.0,5.0,5.0,5.0,2.0,4.0,4.279693148122673
5.0,5.0,5.0,5.0,2.0,5.0,4.528019743016965
5.0,5.0,5.0,5.0,3.0,2.0,4.006830244468233
5.0,5.0,5.0,5.0,3.0,3.0,4.3483760886574405
5.0,5.0,5.0,5.0,3.0,4.0,4.594196049941691
5.0,5.0,5.0,5.0,3.0,5.0,4.782129496482702
5.0,5.0,5.0,5.0,4.0,2.0,4.033881935314544
5.0,5.0,5.0,5.0,4.0,3.0,4.405724280179055
5.0,5.0,5.0,5.0,4.0,4.0,4.728633958244093
5.0,5.0,5.0,5.0,4.0,5.0,4.913019840386845
5.0,5.0,5.0,5.0,5.0,1.0,4.033882102747383
5.0,5.0,5.0,5.0,5.0,2.0,4.033881979528588
5.0,5.0,5.0,5.0,5.0,3.0,4.518768607238535
5.0,5.0,5.0,5.0,5.0,4.0,4.782238370542141
5.0,5.0,5.0,5.0,5.0,5.0,4.974863194173089
