0,1,2,3,4,5,function_value
1.0,1.0,1.0,1.0,1.0,1.0,1.0
1.0,1.0,1.0,1.0,1.0,2.0,1.0
1.0,1.0,1.0,1.0,1.0,3.0,1.0
1.0,1.0,1.0,1.0,2.0,1.0,1.0
1.0,1.0,1.0,1.0,2.0,2.0,1.0
1.0,1.0,1.0,1.0,2.0,3.0,1.1163565054148632
1.0,1.0,1.0,1.0,3.0,1.0,1.0
1.0,1.0,1.0,1.0,3.0,2.0,1.0332139078505698
1.0,1.0,1.0,1.0,3.0,3.0,1.2550090784750094
1.0,1.0,1.0,1.0,4.0,2.0,1.1712167092616972
1.0,1.0,1.0,1.0,5.0,2.0,1.3081273207479116
1.0,1.0,1.0,2.0,1.0,1.0,1.0
1.0,1.0,1.0,2.0,1.0,2.0,1.0
1.0,1.0,1.0,2.0,1.0,3.0,1.102826377475036
1.0,1.0,1.0,2.0,2.0,1.0,1.0
1.0,1.0,1.0,2.0,2.0,2.0,1.040497641016274
1.0,1.0,1.0,2.0,2.0,3.0,1.2414244914004233
1.0,1.0,1.0,2.0,3.0,1.0,1.0
1.0,1.0,1.0,2.0,3.0,2.0,1.1536823843138355
1.0,1.0,1.0,2.0,3.0,3.0,1.3772521132963855
1.0,1.0,1.0,2.0,4.0,2.0,1.3025742971071959
1.0,1.0,1.0,3.0,1.0,1.0,1.0
1.0,1.0,1.0,3.0,1.0,2.0,1.0141827392324156
1.0,1.0,1.0,3.0,1.0,3.0,1.2349288596601133
1.0,1.0,1.0,3.0,2.0,2.0,1.142543501119448
1.0,1.0,1.0,3.0,2.0,3.0,1.3798347122669652
1.0,1.0,1.0,3.0,3.0,1.0,1.1054849299171963
1.0,1.0,1.0,3.0,3.0,2.0,1.2875864182558787
1.0,1.0,1.0,3.0,3.0,3.0,1.482296419593409
1.0,1.0,1.0,3.0,4.0,3.0,1.6332108571154398
1.0,1.0,1.0,3.0,5.0,2.0,1.562642971230106
1.0,1.0,1.0,3.0,5.0,3.0,1.7753134808748954
1.0,1.0,1.0,3.0,5.0,4.0,1.9961833323967886
1.0,1.0,1.0,4.0,1.0,1.0,1.0
1.0,1.0,1.0,4.0,1.0,2.0,1.1278624136957291
1.0,1.0,1.0,4.0,1.0,3.0,1.3508312225642045
1.0,1.0,1.0,4.0,1.0,4.0,1.5624754015172508
1.0,1.0,1.0,4.0,2.0,1.0,1.0460017782538105
1.0,1.0,1.0,4.0,2.0,2.0,1.2750704840103797
1.0,1.0,1.0,4.0,3.0,1.0,1.2041591709979096
1.0,1.0,1.0,4.0,3.0,3.0,1.63070544546938
1.0,1.0,1.0,4.0,4.0,2.0,1.548890816913657
1.0,1.0,1.0,4.0,4.0,4.0,1.9665799985290409
1.0,1.0,1.0,4.0,5.0,3.0,1.8984718297992618
1.0,1.0,1.0,5.0,1.0,1.0,1.031727454944953
1.0,1.0,1.0,5.0,1.0,2.0,1.2510602154790254
1.0,1.0,1.0,5.0,1.0,3.0,1.4863983536887526
1.0,1.0,1.0,5.0,1.0,4.0,1.6948592512936258
1.0,1.0,1.0,5.0,3.0,2.0,1.5269400774139001
1.0,1.0,1.0,5.0,3.0,3.0,1.7478097149738232
1.0,1.0,1.0,5.0,5.0,5.0,2.463369582562629
1.0,1.0,2.0,1.0,1.0,1.0,1.0
1.0,1.0,2.0,1.0,1.0,2.0,1.0533580928178603
1.0,1.0,2.0,1.0,1.0,3.0,1.2702407777394353
1.0,1.0,2.0,1.0,2.0,1.0,1.0
1.0,1.0,2.0,1.0,3.0,1.0,1.0733564164762641
1.0,1.0,2.0,1.0,3.0,2.0,1.2948294445989577
1.0,1.0,2.0,1.0,3.0,3.0,1.5320949420119303
1.0,1.0,2.0,2.0,1.0,1.0,1.0
1.0,1.0,2.0,2.0,1.0,2.0,1.1498993930294572
1.0,1.0,2.0,2.0,2.0,1.0,1.067293327367468
1.0,1.0,2.0,2.0,2.0,2.0,1.2823286557050473
1.0,1.0,2.0,2.0,3.0,1.0,1.2053163424736488
1.0,1.0,2.0,2.0,3.0,3.0,1.6552535354279814
1.0,1.0,2.0,2.0,3.0,4.0,1.8679246326577548
1.0,1.0,2.0,2.0,4.0,3.0,1.7839647290781202
1.0,1.0,2.0,3.0,1.0,1.0,1.0529095447641497
1.0,1.0,2.0,3.0,1.0,2.0,1.2630100683219907
1.0,1.0,2.0,3.0,1.0,3.0,1.484223015604154
1.0,1.0,2.0,3.0,2.0,2.0,1.4042340769443589
1.0,1.0,2.0,3.0,2.0,3.0,1.6362842525063916
1.0,1.0,2.0,3.0,3.0,1.0,1.3284740067324596
1.0,1.0,2.0,3.0,3.0,2.0,1.5411439616710945
1.0,1.0,2.0,3.0,3.0,3.0,1.7516659016381062
1.0,1.0,2.0,3.0,4.0,3.0,1.9071235757389897
1.0,1.0,2.0,3.0,4.0,4.0,2.1197942887184587
1.0,1.0,2.0,3.0,5.0,3.0,2.044033549018752
1.0,1.0,2.0,4.0,1.0,1.0,1.169613043071901
1.0,1.0,2.0,4.0,1.0,2.0,1.4068800041076208
1.0,1.0,2.0,4.0,1.0,3.0,1.6145115469941094
1.0,1.0,2.0,4.0,2.0,4.0,1.9773309459250512
1.0,1.0,2.0,4.0,3.0,3.0,1.893371603677335
1.0,1.0,2.0,4.0,3.0,4.0,2.10604213287968
1.0,1.0,2.0,4.0,5.0,3.0,2.1753910458094525
1.0,1.0,2.0,4.0,5.0,5.0,2.6089314692057815
1.0,1.0,2.0,5.0,2.0,4.0,2.092290506736652
1.0,1.0,2.0,5.0,3.0,4.0,2.245598723888053
1.0,1.0,2.0,5.0,5.0,5.0,2.7320897645320574
1.0,1.0,3.0,1.0,1.0,1.0,1.0712131387233677
1.0,1.0,3.0,1.0,2.0,1.0,1.1943804292560314
1.0,1.0,3.0,1.0,2.0,2.0,1.4184400767851042
1.0,1.0,3.0,1.0,3.0,1.0,1.3344793054051238
1.0,1.0,3.0,2.0,1.0,1.0,1.1838143161272812
1.0,1.0,3.0,2.0,2.0,2.0,1.5453257359155803
1.0,1.0,3.0,2.0,3.0,3.0,1.8993764522175536
1.0,1.0,3.0,3.0,1.0,1.0,1.3044804220714024
1.0,1.0,3.0,3.0,1.0,2.0,1.5278449849159936
1.0,1.0,3.0,3.0,1.0,3.0,1.7366339405907982
1.0,1.0,3.0,3.0,2.0,2.0,1.6647549305806202
1.0,1.0,3.0,3.0,3.0,3.0,2.0223513231866854
1.0,1.0,3.0,3.0,5.0,5.0,2.754493269884704
1.0,1.0,3.0,4.0,1.0,1.0,1.430134085389177
1.0,1.0,3.0,4.0,2.0,1.0,1.567045382704899
1.0,1.0,3.0,4.0,2.0,3.0,2.0169821410372215
1.0,1.0,3.0,4.0,3.0,2.0,1.9412219422705572
1.0,1.0,3.0,4.0,3.0,4.0,2.3665632574159394
1.0,1.0,3.0,4.0,4.0,2.0,2.0699330685779973
1.0,1.0,3.0,4.0,4.0,4.0,2.5198716158890875
1.0,1.0,3.0,4.0,4.0,5.0,2.748940170584066
1.0,1.0,3.0,5.0,3.0,5.0,2.7105915564437306
1.0,1.0,3.0,5.0,4.0,5.0,2.863899623374785
1.0,1.0,3.0,5.0,5.0,5.0,2.9926109462048003
1.0,1.0,4.0,2.0,1.0,1.0,1.4443405246797743
1.0,1.0,4.0,3.0,3.0,1.0,1.8495165805270162
1.0,1.0,4.0,4.0,2.0,2.0,2.056634022399892
1.0,1.0,5.0,1.0,1.0,1.0,1.5769699698765454
1.0,2.0,1.0,1.0,1.0,1.0,1.0
1.0,2.0,1.0,1.0,1.0,2.0,1.0
1.0,2.0,1.0,1.0,1.0,3.0,1.0395992485717365
1.0,2.0,1.0,1.0,2.0,1.0,1.0
1.0,2.0,1.0,1.0,2.0,2.0,1.0
1.0,2.0,1.0,1.0,3.0,1.0,1.0
1.0,2.0,1.0,1.0,3.0,2.0,1.0960211165098483
1.0,2.0,1.0,1.0,3.0,3.0,1.3216184693933057
1.0,2.0,1.0,1.0,3.0,4.0,1.542488296069429
1.0,2.0,1.0,1.0,4.0,1.0,1.0247843704861437
1.0,2.0,1.0,2.0,1.0,1.0,1.0
1.0,2.0,1.0,2.0,1.0,2.0,1.0
1.0,2.0,1.0,2.0,1.0,3.0,1.161433033329037
1.0,2.0,1.0,2.0,2.0,1.0,1.0
1.0,2.0,1.0,2.0,2.0,2.0,1.0941282585975687
1.0,2.0,1.0,2.0,2.0,3.0,1.3078664825132034
1.0,2.0,1.0,2.0,3.0,1.0,1.0029377638032062
1.0,2.0,1.0,2.0,3.0,2.0,1.2185298770979973
1.0,2.0,1.0,2.0,3.0,3.0,1.43302684902878
1.0,2.0,1.0,2.0,5.0,3.0,1.7103982469581802
1.0,2.0,1.0,3.0,1.0,1.0,1.0
1.0,2.0,1.0,3.0,1.0,2.0,1.0639950312695448
1.0,2.0,1.0,3.0,1.0,3.0,1.2847724433923204
1.0,2.0,1.0,3.0,1.0,4.0,1.5067855381759026
1.0,2.0,1.0,3.0,2.0,1.0,1.0
1.0,2.0,1.0,3.0,2.0,2.0,1.2084456623536222
1.0,2.0,1.0,3.0,2.0,3.0,1.427519178052334
1.0,2.0,1.0,3.0,3.0,1.0,1.1170365283742814
1.0,2.0,1.0,3.0,3.0,2.0,1.3542326597410266
1.0,2.0,1.0,3.0,3.0,3.0,1.5406659441339348
1.0,2.0,1.0,3.0,3.0,4.0,1.7806058696379057
1.0,2.0,1.0,3.0,4.0,3.0,1.6991128820979424
1.0,2.0,1.0,3.0,4.0,4.0,1.91751614417819
1.0,2.0,1.0,3.0,4.0,5.0,2.146584891531491
1.0,2.0,1.0,4.0,1.0,1.0,1.0
1.0,2.0,1.0,4.0,1.0,2.0,1.1882044183500329
1.0,2.0,1.0,4.0,2.0,1.0,1.104244773735061
1.0,2.0,1.0,4.0,2.0,2.0,1.3224697247810098
1.0,2.0,1.0,4.0,2.0,3.0,1.545984257719494
1.0,2.0,1.0,4.0,3.0,2.0,1.4663991318174072
1.0,2.0,1.0,4.0,3.0,3.0,1.682894702608736
1.0,2.0,1.0,4.0,3.0,4.0,1.9045463692063564
1.0,2.0,1.0,4.0,3.0,5.0,2.132833089470677
1.0,2.0,1.0,4.0,4.0,2.0,1.5989349610537238
1.0,2.0,1.0,4.0,4.0,3.0,1.8198049500089735
1.0,2.0,1.0,4.0,4.0,4.0,2.048475613769955
1.0,2.0,1.0,4.0,5.0,3.0,1.956715077707974
1.0,2.0,1.0,5.0,1.0,2.0,1.3195614941100604
1.0,2.0,1.0,5.0,2.0,3.0,1.6773417034786866
1.0,2.0,1.0,5.0,3.0,3.0,1.8060530178309635
1.0,2.0,1.0,5.0,5.0,5.0,2.5216129049808447
1.0,2.0,2.0,1.0,1.0,1.0,1.0
1.0,2.0,2.0,1.0,1.0,2.0,1.0933443923177486
1.0,2.0,2.0,1.0,1.0,3.0,1.3139437194540842
1.0,2.0,2.0,1.0,2.0,1.0,1.0
1.0,2.0,2.0,1.0,2.0,2.0,1.220739195956003
1.0,2.0,2.0,1.0,3.0,1.0,1.1280004128221208
1.0,2.0,2.0,1.0,3.0,2.0,1.3664637918219362
1.0,2.0,2.0,1.0,3.0,4.0,1.7948103007554772
1.0,2.0,2.0,1.0,4.0,3.0,1.7108507643275446
1.0,2.0,2.0,2.0,1.0,1.0,1.0
1.0,2.0,2.0,2.0,1.0,2.0,1.2024127019667163
1.0,2.0,2.0,2.0,2.0,1.0,1.1174869691408464
1.0,2.0,2.0,2.0,2.0,2.0,1.3338058786738802
1.0,2.0,2.0,2.0,2.0,3.0,1.56018894603563
1.0,2.0,2.0,2.0,3.0,1.0,1.2635586861301091
1.0,2.0,2.0,2.0,3.0,2.0,1.5007976601904829
1.0,2.0,2.0,2.0,3.0,3.0,1.6995616844078483
1.0,2.0,2.0,2.0,4.0,2.0,1.6131396420403206
1.0,2.0,2.0,3.0,1.0,1.0,1.1101838958451626
1.0,2.0,2.0,3.0,1.0,2.0,1.331103649147201
1.0,2.0,2.0,3.0,1.0,3.0,1.5413190315427603
1.0,2.0,2.0,3.0,2.0,1.0,1.2580059256889213
1.0,2.0,2.0,3.0,2.0,2.0,1.4668480530635324
1.0,2.0,2.0,3.0,2.0,3.0,1.672185861353028
1.0,2.0,2.0,3.0,2.0,5.0,2.1250868639523723
1.0,2.0,2.0,3.0,3.0,1.0,1.386716377536807
1.0,2.0,2.0,3.0,3.0,2.0,1.5945125875632575
1.0,2.0,2.0,3.0,3.0,3.0,1.8351238261132157
1.0,2.0,2.0,3.0,3.0,4.0,2.0493261512340912
1.0,2.0,2.0,3.0,4.0,3.0,1.9578574830210067
1.0,2.0,2.0,3.0,4.0,5.0,2.39890725416791
1.0,2.0,2.0,3.0,5.0,3.0,2.1022768216167975
1.0,2.0,2.0,3.0,5.0,4.0,2.336782790315079
1.0,2.0,2.0,4.0,1.0,1.0,1.2278559690918134
1.0,2.0,2.0,4.0,1.0,2.0,1.4487253089397478
1.0,2.0,2.0,4.0,1.0,3.0,1.6859932945407958
1.0,2.0,2.0,4.0,2.0,1.0,1.3729648811159512
1.0,2.0,2.0,4.0,2.0,3.0,1.8191509551213905
1.0,2.0,2.0,4.0,3.0,2.0,1.7307449580023362
1.0,2.0,2.0,4.0,3.0,3.0,1.9535176798543321
1.0,2.0,2.0,4.0,3.0,4.0,2.162948902408572
1.0,2.0,2.0,4.0,4.0,3.0,2.087095743944773
1.0,2.0,2.0,4.0,4.0,4.0,2.307506892968725
1.0,2.0,2.0,5.0,1.0,1.0,1.351014438329424
1.0,2.0,2.0,5.0,1.0,2.0,1.580082762361938
1.0,2.0,2.0,5.0,1.0,4.0,2.0218223845244965
1.0,2.0,2.0,5.0,4.0,2.0,1.9908136090263815
1.0,2.0,2.0,5.0,5.0,4.0,2.561264249184387
1.0,2.0,2.0,5.0,5.0,5.0,2.76951478367797
1.0,2.0,3.0,1.0,1.0,1.0,1.1241030657797633
1.0,2.0,3.0,1.0,1.0,2.0,1.3479717600364471
1.0,2.0,3.0,1.0,2.0,1.0,1.273675633633664
1.0,2.0,3.0,1.0,2.0,2.0,1.476681793579696
1.0,2.0,3.0,1.0,3.0,2.0,1.6086014254314354
1.0,2.0,3.0,2.0,1.0,1.0,1.2400935881518909
1.0,2.0,3.0,2.0,1.0,3.0,1.6945032982614319
1.0,2.0,3.0,2.0,2.0,1.0,1.3840204023327873
1.0,2.0,3.0,2.0,2.0,2.0,1.5949613598589736
1.0,2.0,3.0,2.0,3.0,2.0,1.747023047886756
1.0,2.0,3.0,2.0,3.0,3.0,1.957620142270408
1.0,2.0,3.0,3.0,1.0,1.0,1.370380314882603
1.0,2.0,3.0,3.0,1.0,2.0,1.5880205837430066
1.0,2.0,3.0,3.0,1.0,3.0,1.8129693509307891
1.0,2.0,3.0,3.0,2.0,1.0,1.5103274370222328
1.0,2.0,3.0,3.0,2.0,2.0,1.7216442361095372
1.0,2.0,3.0,3.0,2.0,3.0,1.9372119795822824
1.0,2.0,3.0,3.0,3.0,2.0,1.8529152859285276
1.0,2.0,3.0,3.0,3.0,3.0,2.0662918559269903
1.0,2.0,3.0,3.0,4.0,3.0,2.232182724956188
1.0,2.0,3.0,4.0,1.0,4.0,2.159184872032165
1.0,2.0,3.0,4.0,2.0,1.0,1.6283335143958027
1.0,2.0,3.0,4.0,2.0,3.0,2.075225670286461
1.0,2.0,3.0,4.0,3.0,3.0,2.218542572279481
1.0,2.0,3.0,4.0,3.0,4.0,2.433005685229509
1.0,2.0,3.0,4.0,4.0,2.0,2.1281763670719775
1.0,2.0,3.0,4.0,4.0,3.0,2.3192135545619736
1.0,2.0,3.0,4.0,4.0,4.0,2.5699159861999945
1.0,2.0,3.0,4.0,5.0,3.0,2.470048509676364
1.0,2.0,3.0,5.0,2.0,5.0,2.648322336737783
1.0,2.0,3.0,5.0,3.0,4.0,2.5552568604854864
1.0,2.0,3.0,5.0,4.0,2.0,2.2513349346757243
1.0,2.0,3.0,5.0,4.0,5.0,2.9221427743952506
1.0,2.0,4.0,1.0,1.0,1.0,1.379423443798433
1.0,2.0,4.0,1.0,1.0,3.0,1.8211629869982668
1.0,2.0,4.0,2.0,4.0,3.0,2.37144970942096
1.0,2.0,4.0,3.0,1.0,2.0,1.8548086406080262
1.0,2.0,4.0,3.0,3.0,3.0,2.3494985867300917
1.0,2.0,4.0,4.0,2.0,3.0,2.343945891257936
1.0,2.0,4.0,4.0,3.0,4.0,2.6960185901621463
1.0,2.0,4.0,4.0,4.0,3.0,2.6095674783160874
1.0,2.0,4.0,4.0,5.0,5.0,3.196416019274691
1.0,2.0,5.0,4.0,4.0,4.0,3.082759311314953
1.0,2.0,5.0,5.0,1.0,1.0,2.132577831245843
1.0,2.0,5.0,5.0,5.0,5.0,3.5800954716341744
1.0,3.0,1.0,1.0,1.0,1.0,1.0
1.0,3.0,1.0,1.0,1.0,2.0,1.0
1.0,3.0,1.0,1.0,1.0,3.0,1.0925274910540919
1.0,3.0,1.0,1.0,2.0,1.0,1.0
1.0,3.0,1.0,1.0,2.0,2.0,1.061665433696263
1.0,3.0,1.0,1.0,2.0,3.0,1.2409753217037716
1.0,3.0,1.0,1.0,3.0,1.0,1.0
1.0,3.0,1.0,1.0,3.0,2.0,1.1437190791285152
1.0,3.0,1.0,1.0,3.0,3.0,1.358086031819008
1.0,3.0,1.0,1.0,3.0,5.0,1.8216014439885053
1.0,3.0,1.0,1.0,4.0,1.0,1.0738206649435955
1.0,3.0,1.0,1.0,4.0,2.0,1.285362978426875
1.0,3.0,1.0,1.0,5.0,1.0,1.2037440202239216
1.0,3.0,1.0,2.0,1.0,1.0,1.0
1.0,3.0,1.0,2.0,1.0,2.0,1.022677302309834
1.0,3.0,1.0,2.0,1.0,3.0,1.2106347722695434
1.0,3.0,1.0,2.0,1.0,4.0,1.4464086468347759
1.0,3.0,1.0,2.0,2.0,1.0,1.0
1.0,3.0,1.0,2.0,2.0,2.0,1.1658345024798273
1.0,3.0,1.0,2.0,2.0,3.0,1.3645697897060785
1.0,3.0,1.0,2.0,3.0,1.0,1.0734584445857394
1.0,3.0,1.0,2.0,3.0,2.0,1.2877501328743637
1.0,3.0,1.0,2.0,3.0,3.0,1.4519244142870238
1.0,3.0,1.0,2.0,4.0,1.0,1.1884461468964809
1.0,3.0,1.0,2.0,4.0,3.0,1.6265933791496858
1.0,3.0,1.0,2.0,5.0,3.0,1.7768405666153948
1.0,3.0,1.0,2.0,5.0,5.0,2.2185800135798464
1.0,3.0,1.0,3.0,1.0,1.0,1.0
1.0,3.0,1.0,3.0,1.0,2.0,1.1188168996416703
1.0,3.0,1.0,3.0,1.0,3.0,1.3218169933641513
1.0,3.0,1.0,3.0,1.0,4.0,1.5732276450912388
1.0,3.0,1.0,3.0,1.0,5.0,1.7858984592682423
1.0,3.0,1.0,3.0,2.0,1.0,1.0371904331988429
1.0,3.0,1.0,3.0,2.0,2.0,1.2554653527019062
1.0,3.0,1.0,3.0,2.0,3.0,1.4745358604526535
1.0,3.0,1.0,3.0,2.0,4.0,1.6962299855228946
1.0,3.0,1.0,3.0,3.0,1.0,1.1750011686063213
1.0,3.0,1.0,3.0,3.0,2.0,1.3727930897013074
1.0,3.0,1.0,3.0,3.0,3.0,1.573649151993863
1.0,3.0,1.0,3.0,3.0,4.0,1.8482915490336778
1.0,3.0,1.0,3.0,3.0,5.0,2.067917901388118
1.0,3.0,1.0,3.0,4.0,1.0,1.3187352651859128
1.0,3.0,1.0,3.0,4.0,2.0,1.5422190594543532
1.0,3.0,1.0,3.0,4.0,3.0,1.746793588064533
1.0,3.0,1.0,3.0,4.0,4.0,1.976149583014578
1.0,3.0,1.0,3.0,5.0,3.0,1.8917999532596337
1.0,3.0,1.0,3.0,5.0,4.0,2.129067503202748
1.0,3.0,1.0,4.0,1.0,1.0,1.0239982473394798
1.0,3.0,1.0,4.0,1.0,2.0,1.2666703243452562
1.0,3.0,1.0,4.0,1.0,3.0,1.4597765956852162
1.0,3.0,1.0,4.0,1.0,4.0,1.6770830246897273
1.0,3.0,1.0,4.0,2.0,1.0,1.1611659401321417
1.0,3.0,1.0,4.0,2.0,2.0,1.3833579281362642
1.0,3.0,1.0,4.0,2.0,3.0,1.5993132262037362
1.0,3.0,1.0,4.0,2.0,4.0,1.826519150291236
1.0,3.0,1.0,4.0,3.0,1.0,1.3050952123808692
1.0,3.0,1.0,4.0,3.0,2.0,1.5323011148825647
1.0,3.0,1.0,4.0,3.0,3.0,1.7131082724867481
1.0,3.0,1.0,4.0,3.0,4.0,1.9623160168362561
1.0,3.0,1.0,4.0,4.0,1.0,1.4292680347090223
1.0,3.0,1.0,4.0,4.0,2.0,1.6653772728954035
1.0,3.0,1.0,4.0,4.0,3.0,1.8660410796963145
1.0,3.0,1.0,4.0,4.0,4.0,2.062892768509994
1.0,3.0,1.0,4.0,4.0,5.0,2.3279863765184845
1.0,3.0,1.0,4.0,5.0,3.0,2.0231571225714773
1.0,3.0,1.0,4.0,5.0,4.0,2.2358281435678777
1.0,3.0,1.0,5.0,1.0,1.0,1.1463350046158414
1.0,3.0,1.0,5.0,1.0,2.0,1.369606033827715
1.0,3.0,1.0,5.0,1.0,3.0,1.5856730706039694
1.0,3.0,1.0,5.0,1.0,5.0,2.023820342421461
1.0,3.0,1.0,5.0,2.0,5.0,2.169125307833841
1.0,3.0,1.0,5.0,3.0,3.0,1.875554451056064
1.0,3.0,1.0,5.0,3.0,5.0,2.3035464144537903
1.0,3.0,1.0,5.0,4.0,1.0,1.559467064965128
1.0,3.0,1.0,5.0,4.0,3.0,2.001206466828843
1.0,3.0,1.0,5.0,4.0,4.0,2.2104256567153664
1.0,3.0,1.0,5.0,4.0,5.0,2.4511448329994066
1.0,3.0,1.0,5.0,5.0,2.0,1.9172468524888666
1.0,3.0,1.0,5.0,5.0,4.0,2.3589864112551755
1.0,3.0,1.0,5.0,5.0,5.0,2.567007866135756
1.0,3.0,2.0,1.0,1.0,1.0,1.0
1.0,3.0,2.0,1.0,1.0,2.0,1.1346482388169763
1.0,3.0,2.0,1.0,1.0,3.0,1.3554486052108754
1.0,3.0,2.0,1.0,2.0,1.0,1.0618179821147722
1.0,3.0,2.0,1.0,2.0,2.0,1.28722349257587
1.0,3.0,2.0,1.0,2.0,3.0,1.5034155327890797
1.0,3.0,2.0,1.0,3.0,1.0,1.1956119051537601
1.0,3.0,2.0,1.0,3.0,2.0,1.401380806257216
1.0,3.0,2.0,1.0,3.0,3.0,1.6083333267535613
1.0,3.0,2.0,1.0,3.0,4.0,1.853053672018347
1.0,3.0,2.0,1.0,4.0,1.0,1.3409565787441886
1.0,3.0,2.0,1.0,4.0,2.0,1.5518979642981172
1.0,3.0,2.0,1.0,4.0,3.0,1.7709714622118915
1.0,3.0,2.0,2.0,1.0,1.0,1.0729932624346772
1.0,3.0,2.0,2.0,1.0,2.0,1.2640566619075848
1.0,3.0,2.0,2.0,1.0,3.0,1.4815220998677339
1.0,3.0,2.0,2.0,2.0,1.0,1.1981843799067042
1.0,3.0,2.0,2.0,2.0,2.0,1.3889012488830323
1.0,3.0,2.0,2.0,2.0,3.0,1.6035838664737818
1.0,3.0,2.0,2.0,2.0,4.0,1.840608133820951
1.0,3.0,2.0,2.0,3.0,1.0,1.308541941412653
1.0,3.0,2.0,2.0,3.0,2.0,1.533848870248661
1.0,3.0,2.0,2.0,3.0,3.0,1.7511449144278732
1.0,3.0,2.0,2.0,4.0,1.0,1.4587120933639357
1.0,3.0,2.0,2.0,4.0,2.0,1.6766834102400026
1.0,3.0,2.0,2.0,4.0,3.0,1.9012606085365853
1.0,3.0,2.0,2.0,4.0,4.0,2.1284664890120393
1.0,3.0,2.0,2.0,5.0,5.0,2.4791012784508384
1.0,3.0,2.0,3.0,1.0,1.0,1.1618465324595963
1.0,3.0,2.0,3.0,1.0,2.0,1.4046998741944896
1.0,3.0,2.0,3.0,1.0,3.0,1.6148182853853679
1.0,3.0,2.0,3.0,2.0,1.0,1.3062039106507473
1.0,3.0,2.0,3.0,2.0,2.0,1.5412546379470982
1.0,3.0,2.0,3.0,2.0,3.0,1.7253600174243056
1.0,3.0,2.0,3.0,2.0,4.0,1.9624602930568158
1.0,3.0,2.0,3.0,3.0,1.0,1.4367614565579268
1.0,3.0,2.0,3.0,3.0,2.0,1.6320960330768346
1.0,3.0,2.0,3.0,3.0,3.0,1.8517914688803254
1.0,3.0,2.0,3.0,3.0,4.0,2.105832946129086
1.0,3.0,2.0,3.0,4.0,1.0,1.5852700689621042
1.0,3.0,2.0,3.0,4.0,2.0,1.8027402699859867
1.0,3.0,2.0,3.0,4.0,3.0,2.006817438833877
1.0,3.0,2.0,3.0,4.0,4.0,2.2348499557589894
1.0,3.0,2.0,3.0,5.0,3.0,2.160520119735678
1.0,3.0,2.0,3.0,5.0,4.0,2.3813898231814945
1.0,3.0,2.0,4.0,1.0,2.0,1.5067449071482788
1.0,3.0,2.0,4.0,1.0,3.0,1.7464300313938448
1.0,3.0,2.0,4.0,1.0,4.0,1.9569071551605426
1.0,3.0,2.0,4.0,2.0,1.0,1.4312081894369832
1.0,3.0,2.0,4.0,2.0,2.0,1.6467745164874417
1.0,3.0,2.0,4.0,2.0,3.0,1.8679940393685543
1.0,3.0,2.0,4.0,3.0,2.0,1.794052220483686
1.0,3.0,2.0,4.0,3.0,3.0,2.0092480653358264
1.0,3.0,2.0,4.0,3.0,4.0,2.230727817363577
1.0,3.0,2.0,4.0,3.0,5.0,2.4515975296975636
1.0,3.0,2.0,4.0,4.0,1.0,1.7050287390805574
1.0,3.0,2.0,4.0,4.0,2.0,1.934632830095994
1.0,3.0,2.0,4.0,4.0,3.0,2.1443994282107313
1.0,3.0,2.0,4.0,4.0,4.0,2.3748154995593733
1.0,3.0,2.0,5.0,1.0,3.0,1.8591959311021962
1.0,3.0,2.0,5.0,2.0,5.0,2.4296466120102242
1.0,3.0,2.0,5.0,3.0,3.0,2.1308692770569366
1.0,3.0,2.0,5.0,3.0,4.0,2.3510076528878847
1.0,3.0,2.0,5.0,4.0,3.0,2.2677309839696096
1.0,3.0,2.0,5.0,4.0,4.0,2.4825973749448424
1.0,3.0,2.0,5.0,4.0,5.0,2.6896135138323527
1.0,3.0,2.0,5.0,5.0,4.0,2.6195076278929847
1.0,3.0,2.0,5.0,5.0,5.0,2.8498074175048584
1.0,3.0,3.0,1.0,1.0,1.0,1.1750774892702964
1.0,3.0,3.0,1.0,1.0,2.0,1.38845802562454
1.0,3.0,3.0,1.0,1.0,3.0,1.6188849303930437
1.0,3.0,3.0,1.0,2.0,1.0,1.301684794251256
1.0,3.0,3.0,1.0,2.0,2.0,1.5374853619161108
1.0,3.0,3.0,1.0,3.0,1.0,1.4329604026170653
1.0,3.0,3.0,1.0,3.0,2.0,1.6689496062688314
1.0,3.0,3.0,1.0,3.0,3.0,1.8742896592503826
1.0,3.0,3.0,1.0,3.0,4.0,2.1217737274938075
1.0,3.0,3.0,1.0,4.0,1.0,1.587875969250501
1.0,3.0,3.0,1.0,4.0,2.0,1.8103003939192357
1.0,3.0,3.0,1.0,5.0,3.0,2.174724620465627
1.0,3.0,3.0,2.0,1.0,1.0,1.303524059449851
1.0,3.0,3.0,2.0,1.0,2.0,1.5369639877103147
1.0,3.0,3.0,2.0,1.0,3.0,1.7128181661486543
1.0,3.0,3.0,2.0,2.0,1.0,1.447143824631789
1.0,3.0,3.0,2.0,2.0,2.0,1.658483228758997
1.0,3.0,3.0,2.0,2.0,3.0,1.8728384519093475
1.0,3.0,3.0,2.0,3.0,1.0,1.5830166114122013
1.0,3.0,3.0,2.0,3.0,2.0,1.7768323086986901
1.0,3.0,3.0,2.0,3.0,3.0,2.0071350364872336
1.0,3.0,3.0,2.0,4.0,3.0,2.1609728758610594
1.0,3.0,3.0,2.0,4.0,4.0,2.390041298481038
1.0,3.0,3.0,2.0,5.0,3.0,2.297882899754937
1.0,3.0,3.0,3.0,1.0,1.0,1.4246952703197262
1.0,3.0,3.0,3.0,1.0,2.0,1.6500685729385725
1.0,3.0,3.0,3.0,1.0,3.0,1.812992357121815
1.0,3.0,3.0,3.0,2.0,1.0,1.559396727393215
1.0,3.0,3.0,3.0,2.0,2.0,1.7704874413449567
1.0,3.0,3.0,3.0,2.0,3.0,1.9869900385909474
1.0,3.0,3.0,3.0,3.0,1.0,1.6830767238648447
1.0,3.0,3.0,3.0,3.0,2.0,1.9048717142125644
1.0,3.0,3.0,3.0,3.0,3.0,2.066297900222141
1.0,3.0,3.0,3.0,3.0,4.0,2.3762895907938755
1.0,3.0,3.0,3.0,3.0,5.0,2.580761276796356
1.0,3.0,3.0,3.0,4.0,1.0,1.8341926648748406
1.0,3.0,3.0,3.0,4.0,2.0,2.0550623214906936
1.0,3.0,3.0,3.0,4.0,3.0,2.2671682253228784
1.0,3.0,3.0,3.0,4.0,4.0,2.512779456508443
1.0,3.0,3.0,3.0,5.0,3.0,2.417616834260787
1.0,3.0,3.0,3.0,5.0,4.0,2.6366904963896123
1.0,3.0,3.0,4.0,1.0,1.0,1.5377997163473531
1.0,3.0,3.0,4.0,1.0,2.0,1.7674900096830994
1.0,3.0,3.0,4.0,1.0,3.0,1.9886375529833265
1.0,3.0,3.0,4.0,1.0,4.0,2.217428400958172
1.0,3.0,3.0,4.0,2.0,1.0,1.6917294041392197
1.0,3.0,3.0,4.0,2.0,3.0,2.109022618503726
1.0,3.0,3.0,4.0,2.0,4.0,2.3566876913270964
1.0,3.0,3.0,4.0,3.0,3.0,2.223762020893178
1.0,3.0,3.0,4.0,3.0,4.0,2.491525390463716
1.0,3.0,3.0,4.0,4.0,2.0,2.194618707148052
1.0,3.0,3.0,4.0,4.0,3.0,2.415591851317645
1.0,3.0,3.0,4.0,4.0,4.0,2.609569913058851
1.0,3.0,3.0,4.0,4.0,5.0,2.85722775393387
1.0,3.0,3.0,4.0,5.0,3.0,2.5360009939706143
1.0,3.0,3.0,4.0,5.0,4.0,2.773268211503221
1.0,3.0,3.0,5.0,1.0,5.0,2.5487577313684824
1.0,3.0,3.0,5.0,3.0,3.0,2.387187477482403
1.0,3.0,3.0,5.0,3.0,4.0,2.6226062392879212
1.0,3.0,3.0,5.0,3.0,5.0,2.836616138173632
1.0,3.0,3.0,5.0,4.0,3.0,2.521888934349178
1.0,3.0,3.0,5.0,4.0,4.0,2.764517408170019
1.0,3.0,3.0,5.0,4.0,5.0,2.9803861548478916
1.0,3.0,3.0,5.0,5.0,3.0,2.6755569178859804
1.0,3.0,3.0,5.0,5.0,4.0,2.8508990798422267
1.0,3.0,3.0,5.0,5.0,5.0,3.1205526159948977
1.0,3.0,4.0,1.0,1.0,1.0,1.434106361014489
1.0,3.0,4.0,1.0,1.0,2.0,1.6667350816945488
1.0,3.0,4.0,1.0,3.0,1.0,1.711486984224334
1.0,3.0,4.0,1.0,3.0,3.0,2.1614251553354085
1.0,3.0,4.0,2.0,1.0,1.0,1.5608250211251706
1.0,3.0,4.0,2.0,2.0,2.0,1.9186048124081962
1.0,3.0,4.0,2.0,3.0,2.0,2.063195213081772
1.0,3.0,4.0,2.0,3.0,3.0,2.292782654433889
1.0,3.0,4.0,2.0,3.0,4.0,2.5054534041479126
1.0,3.0,4.0,2.0,4.0,5.0,2.8632333326915664
1.0,3.0,4.0,3.0,1.0,1.0,1.6839829690693864
1.0,3.0,4.0,3.0,1.0,2.0,1.9130518106976298
1.0,3.0,4.0,3.0,2.0,5.0,2.7125707873332825
1.0,3.0,4.0,3.0,3.0,2.0,2.178673233657958
1.0,3.0,4.0,3.0,3.0,3.0,2.4011627249074263
1.0,3.0,4.0,3.0,4.0,3.0,2.5446523345692813
1.0,3.0,4.0,3.0,4.0,4.0,2.767428480661955
1.0,3.0,4.0,3.0,5.0,4.0,2.918830011668179
1.0,3.0,4.0,4.0,3.0,3.0,2.5390993719969677
1.0,3.0,4.0,4.0,4.0,4.0,2.845093721861203
1.0,3.0,4.0,4.0,5.0,4.0,3.033789550496284
1.0,3.0,4.0,5.0,1.0,1.0,1.9384989222137914
1.0,3.0,4.0,5.0,1.0,4.0,2.6011077178759763
1.0,3.0,4.0,5.0,2.0,4.0,2.729819044529696
1.0,3.0,4.0,5.0,3.0,5.0,3.0957982169082343
1.0,3.0,4.0,5.0,5.0,4.0,3.1487489385639162
1.0,3.0,4.0,5.0,5.0,5.0,3.358480231848173
1.0,3.0,5.0,2.0,3.0,2.0,2.3160363951722487
1.0,3.0,5.0,2.0,4.0,3.0,2.682015071889841
1.0,3.0,5.0,4.0,2.0,4.0,2.867182036144828
1.0,3.0,5.0,5.0,3.0,3.0,2.9063808905895883
1.0,3.0,5.0,5.0,4.0,4.0,3.280558710665267
1.0,3.0,5.0,5.0,4.0,5.0,3.5014285774749383
1.0,3.0,5.0,5.0,5.0,4.0,3.417469008506429
1.0,3.0,5.0,5.0,5.0,5.0,3.6263294042918375
1.0,4.0,1.0,1.0,1.0,1.0,1.0
1.0,4.0,1.0,1.0,1.0,2.0,1.0
1.0,4.0,1.0,1.0,1.0,3.0,1.1464734585494267
1.0,4.0,1.0,1.0,1.0,4.0,1.376955183720299
1.0,4.0,1.0,1.0,2.0,1.0,1.0
1.0,4.0,1.0,1.0,2.0,2.0,1.0837154148104406
1.0,4.0,1.0,1.0,2.0,3.0,1.3044010704254378
1.0,4.0,1.0,1.0,2.0,4.0,1.5302633228757987
1.0,4.0,1.0,1.0,3.0,1.0,1.0101033423295802
1.0,4.0,1.0,1.0,3.0,2.0,1.205440407633443
1.0,4.0,1.0,1.0,3.0,3.0,1.4275860947424155
1.0,4.0,1.0,1.0,4.0,1.0,1.1300744889431562
1.0,4.0,1.0,1.0,4.0,2.0,1.3536442829062816
1.0,4.0,1.0,1.0,4.0,3.0,1.5750151658175588
1.0,4.0,1.0,1.0,4.0,4.0,1.7830437072783791
1.0,4.0,1.0,2.0,1.0,1.0,1.0
1.0,4.0,1.0,2.0,1.0,2.0,1.0784639270361682
1.0,4.0,1.0,2.0,1.0,3.0,1.2918727572926396
1.0,4.0,1.0,2.0,1.0,4.0,1.5001135849094394
1.0,4.0,1.0,2.0,2.0,1.0,1.0
1.0,4.0,1.0,2.0,2.0,2.0,1.1986481009852081
1.0,4.0,1.0,2.0,2.0,3.0,1.4175058043754394
1.0,4.0,1.0,2.0,2.0,4.0,1.6370238459999251
1.0,4.0,1.0,2.0,3.0,1.0,1.1175943706589624
1.0,4.0,1.0,2.0,3.0,2.0,1.332290915502839
1.0,4.0,1.0,2.0,3.0,3.0,1.5435956820572878
1.0,4.0,1.0,2.0,4.0,2.0,1.4691049160249396
1.0,4.0,1.0,2.0,4.0,3.0,1.7030421549581818
1.0,4.0,1.0,2.0,5.0,3.0,1.8268848458998421
1.0,4.0,1.0,3.0,1.0,1.0,1.0
1.0,4.0,1.0,3.0,1.0,2.0,1.1919595707479647
1.0,4.0,1.0,3.0,1.0,3.0,1.3887446847812437
1.0,4.0,1.0,3.0,1.0,4.0,1.613215316615522
1.0,4.0,1.0,3.0,2.0,1.0,1.1129071442865424
1.0,4.0,1.0,3.0,2.0,2.0,1.369267936293765
1.0,4.0,1.0,3.0,2.0,3.0,1.5653283888137117
1.0,4.0,1.0,3.0,2.0,4.0,1.7601821494230028
1.0,4.0,1.0,3.0,3.0,1.0,1.2242866808001616
1.0,4.0,1.0,3.0,3.0,2.0,1.4350135524672483
1.0,4.0,1.0,3.0,3.0,3.0,1.6249657631531185
1.0,4.0,1.0,3.0,3.0,4.0,1.8906850891091613
1.0,4.0,1.0,3.0,4.0,1.0,1.3704779734503885
1.0,4.0,1.0,3.0,4.0,3.0,1.801613189851528
1.0,4.0,1.0,3.0,4.0,4.0,2.0422016575518893
1.0,4.0,1.0,3.0,5.0,4.0,2.1709128423779607
1.0,4.0,1.0,4.0,1.0,1.0,1.0805167048551159
1.0,4.0,1.0,4.0,1.0,2.0,1.3159073076005126
1.0,4.0,1.0,4.0,1.0,3.0,1.4859408450201395
1.0,4.0,1.0,4.0,1.0,4.0,1.7180372667203998
1.0,4.0,1.0,4.0,2.0,1.0,1.227067996467179
1.0,4.0,1.0,4.0,2.0,2.0,1.4550045053172551
1.0,4.0,1.0,4.0,2.0,3.0,1.657309435956474
1.0,4.0,1.0,4.0,2.0,4.0,1.884288776782536
1.0,4.0,1.0,4.0,3.0,1.0,1.3514303696101537
1.0,4.0,1.0,4.0,3.0,2.0,1.5872309710076702
1.0,4.0,1.0,4.0,3.0,3.0,1.7749848021680343
1.0,4.0,1.0,4.0,3.0,4.0,2.0037285626277743
1.0,4.0,1.0,4.0,3.0,5.0,2.2493194505904426
1.0,4.0,1.0,4.0,4.0,1.0,1.5027053056456374
1.0,4.0,1.0,4.0,4.0,2.0,1.7096029941672497
1.0,4.0,1.0,4.0,4.0,3.0,1.9383125180353722
1.0,4.0,1.0,4.0,4.0,4.0,2.0629069603011354
1.0,4.0,1.0,4.0,4.0,5.0,2.3749561462161366
1.0,4.0,1.0,4.0,5.0,3.0,2.0814004856246897
1.0,4.0,1.0,4.0,5.0,4.0,2.2998118050945093
1.0,4.0,1.0,4.0,5.0,5.0,2.531338815187416
1.0,4.0,1.0,5.0,1.0,1.0,1.206979480091548
1.0,4.0,1.0,5.0,1.0,2.0,1.4360479962544792
1.0,4.0,1.0,5.0,1.0,3.0,1.6569177879804162
1.0,4.0,1.0,5.0,1.0,5.0,2.0986572928469354
1.0,4.0,1.0,5.0,2.0,3.0,1.79550423941638
1.0,4.0,1.0,5.0,3.0,2.0,1.7180676171687037
1.0,4.0,1.0,5.0,3.0,3.0,1.9225392937545869
1.0,4.0,1.0,5.0,3.0,4.0,2.1434091131099215
1.0,4.0,1.0,5.0,4.0,3.0,2.0589657091439895
1.0,4.0,1.0,5.0,4.0,4.0,2.2780393549326075
1.0,4.0,1.0,5.0,4.0,5.0,2.513377559850687
1.0,4.0,1.0,5.0,5.0,4.0,2.4057039208588042
1.0,4.0,1.0,5.0,5.0,5.0,2.5984505957061184
1.0,4.0,2.0,1.0,1.0,1.0,1.0
1.0,4.0,2.0,1.0,1.0,2.0,1.2185416912091658
1.0,4.0,2.0,1.0,2.0,1.0,1.1356708736925993
1.0,4.0,2.0,1.0,2.0,2.0,1.348666434883535
1.0,4.0,2.0,1.0,2.0,3.0,1.5617158851203459
1.0,4.0,2.0,1.0,3.0,1.0,1.2587202577938132
1.0,4.0,2.0,1.0,3.0,2.0,1.4868169692608288
1.0,4.0,2.0,1.0,3.0,3.0,1.6898553915761738
1.0,4.0,2.0,1.0,3.0,4.0,1.9112968112599213
1.0,4.0,2.0,1.0,4.0,1.0,1.382461613180969
1.0,4.0,2.0,1.0,4.0,2.0,1.6096675415252475
1.0,4.0,2.0,1.0,4.0,3.0,1.835536379088062
1.0,4.0,2.0,1.0,4.0,4.0,2.056406186986749
1.0,4.0,2.0,1.0,5.0,4.0,2.1933163918787133
1.0,4.0,2.0,2.0,1.0,1.0,1.1028489348232333
1.0,4.0,2.0,2.0,1.0,2.0,1.3223451572868874
1.0,4.0,2.0,2.0,2.0,1.0,1.2414333303469016
1.0,4.0,2.0,2.0,2.0,2.0,1.4821545645796688
1.0,4.0,2.0,2.0,2.0,3.0,1.6818906612386906
1.0,4.0,2.0,2.0,3.0,1.0,1.3789219454974713
1.0,4.0,2.0,2.0,3.0,2.0,1.588801684849909
1.0,4.0,2.0,2.0,3.0,3.0,1.811121464975863
1.0,4.0,2.0,2.0,3.0,4.0,2.0260423296316517
1.0,4.0,2.0,2.0,3.0,5.0,2.263524065946385
1.0,4.0,2.0,2.0,4.0,2.0,1.717853625095531
1.0,4.0,2.0,2.0,4.0,3.0,1.9586948299179856
1.0,4.0,2.0,2.0,4.0,4.0,2.1579837355309337
1.0,4.0,2.0,2.0,5.0,2.0,1.866536210663773
1.0,4.0,2.0,3.0,1.0,1.0,1.2246827211914613
1.0,4.0,2.0,3.0,1.0,2.0,1.448271014138752
1.0,4.0,2.0,3.0,1.0,3.0,1.6474667339201226
1.0,4.0,2.0,3.0,1.0,4.0,1.8837931243202994
1.0,4.0,2.0,3.0,2.0,1.0,1.376515903724207
1.0,4.0,2.0,3.0,2.0,2.0,1.5785515744537864
1.0,4.0,2.0,3.0,2.0,3.0,1.7771087116273367
1.0,4.0,2.0,3.0,2.0,4.0,2.028902320627669
1.0,4.0,2.0,3.0,3.0,1.0,1.5186795211159394
1.0,4.0,2.0,3.0,3.0,2.0,1.709539906153764
1.0,4.0,2.0,3.0,3.0,3.0,1.9691717306972552
1.0,4.0,2.0,3.0,3.0,4.0,2.151404806897768
1.0,4.0,2.0,3.0,4.0,1.0,1.631914690972396
1.0,4.0,2.0,3.0,4.0,2.0,1.8621134880845782
1.0,4.0,2.0,3.0,4.0,3.0,2.0614228571839055
1.0,4.0,2.0,3.0,4.0,4.0,2.2986759728377306
1.0,4.0,2.0,3.0,4.0,5.0,2.5153935202107336
1.0,4.0,2.0,4.0,1.0,1.0,1.3572212933222365
1.0,4.0,2.0,4.0,1.0,2.0,1.5652121567563744
1.0,4.0,2.0,4.0,1.0,3.0,1.797598700220339
1.0,4.0,2.0,4.0,1.0,4.0,2.0150267716936163
1.0,4.0,2.0,4.0,2.0,1.0,1.477338163076715
1.0,4.0,2.0,4.0,2.0,2.0,1.7149936878628336
1.0,4.0,2.0,4.0,2.0,3.0,1.9328414722058203
1.0,4.0,2.0,4.0,2.0,4.0,2.1508236184201026
1.0,4.0,2.0,4.0,3.0,1.0,1.6181628484515838
1.0,4.0,2.0,4.0,3.0,2.0,1.852080695969674
1.0,4.0,2.0,4.0,3.0,3.0,2.054127662478966
1.0,4.0,2.0,4.0,3.0,4.0,2.261132228869501
1.0,4.0,2.0,4.0,4.0,3.0,2.2032113694836335
1.0,4.0,2.0,4.0,4.0,4.0,2.3981655572963105
1.0,4.0,2.0,4.0,4.0,5.0,2.6443827933078574
1.0,4.0,2.0,4.0,5.0,2.0,2.121051865052983
1.0,4.0,2.0,4.0,5.0,3.0,2.3419216735471697
1.0,4.0,2.0,4.0,5.0,4.0,2.5627913240585594
1.0,4.0,2.0,5.0,1.0,4.0,2.138308676459349
1.0,4.0,2.0,5.0,2.0,3.0,2.0620390996248665
1.0,4.0,2.0,5.0,3.0,3.0,2.199458587508588
1.0,4.0,2.0,5.0,3.0,4.0,2.4087773067224933
1.0,4.0,2.0,5.0,3.0,5.0,2.6359832178468627
1.0,4.0,2.0,5.0,4.0,1.0,1.8782312671788413
1.0,4.0,2.0,5.0,4.0,3.0,2.328169811161628
1.0,4.0,2.0,5.0,4.0,4.0,2.5527065406935265
1.0,4.0,2.0,5.0,5.0,2.0,2.2524091485391446
1.0,4.0,2.0,5.0,5.0,5.0,2.9244825520058813
1.0,4.0,3.0,1.0,1.0,1.0,1.2192086201996897
1.0,4.0,3.0,1.0,1.0,2.0,1.456258379451611
1.0,4.0,3.0,1.0,2.0,1.0,1.3715786982267228
1.0,4.0,3.0,1.0,2.0,2.0,1.574330490389584
1.0,4.0,3.0,1.0,3.0,1.0,1.5171259881291628
1.0,4.0,3.0,1.0,3.0,2.0,1.717077709633212
1.0,4.0,3.0,1.0,3.0,3.0,1.936627053116575
1.0,4.0,3.0,1.0,3.0,4.0,2.1882159988641923
1.0,4.0,3.0,1.0,4.0,1.0,1.6652611186922341
1.0,4.0,3.0,1.0,4.0,2.0,1.8751878868988543
1.0,4.0,3.0,1.0,4.0,3.0,2.0952760539572903
1.0,4.0,3.0,2.0,1.0,1.0,1.3739440765771063
1.0,4.0,3.0,2.0,1.0,2.0,1.5848312836295104
1.0,4.0,3.0,2.0,1.0,3.0,1.8181745928505795
1.0,4.0,3.0,2.0,2.0,1.0,1.5116626614954107
1.0,4.0,3.0,2.0,2.0,2.0,1.7061811108761407
1.0,4.0,3.0,2.0,3.0,1.0,1.6405664078709497
1.0,4.0,3.0,2.0,3.0,2.0,1.8719336259738386
1.0,4.0,3.0,2.0,3.0,3.0,2.114826165826846
1.0,4.0,3.0,2.0,3.0,4.0,2.311374403382005
1.0,4.0,3.0,2.0,4.0,2.0,1.9983592774154124
1.0,4.0,3.0,2.0,4.0,3.0,2.229956690228703
1.0,4.0,3.0,2.0,4.0,4.0,2.436506455674426
1.0,4.0,3.0,2.0,5.0,2.0,2.1434555659018972
1.0,4.0,3.0,2.0,5.0,4.0,2.5641710100119286
1.0,4.0,3.0,3.0,1.0,1.0,1.4822837667481932
1.0,4.0,3.0,3.0,1.0,2.0,1.707372335869907
1.0,4.0,3.0,3.0,1.0,3.0,1.9353515694696528
1.0,4.0,3.0,3.0,2.0,1.0,1.6217163773872287
1.0,4.0,3.0,3.0,2.0,2.0,1.8366416308665656
1.0,4.0,3.0,3.0,2.0,3.0,2.0482005529508047
1.0,4.0,3.0,3.0,2.0,4.0,2.2870694686180686
1.0,4.0,3.0,3.0,3.0,1.0,1.7493809275946246
1.0,4.0,3.0,3.0,3.0,2.0,1.9774997645636414
1.0,4.0,3.0,3.0,3.0,3.0,2.153270983832467
1.0,4.0,3.0,3.0,3.0,4.0,2.423172147273482
1.0,4.0,3.0,3.0,4.0,1.0,1.8933100637756517
1.0,4.0,3.0,3.0,4.0,3.0,2.336537465768878
1.0,4.0,3.0,3.0,4.0,4.0,2.543960448505037
1.0,4.0,3.0,3.0,5.0,2.0,2.258414874239015
1.0,4.0,3.0,3.0,5.0,4.0,2.700154337082331
1.0,4.0,3.0,3.0,5.0,5.0,2.929222801038187
1.0,4.0,3.0,4.0,1.0,1.0,1.599944009917728
1.0,4.0,3.0,4.0,1.0,2.0,1.8271498555720167
1.0,4.0,3.0,4.0,1.0,3.0,2.0518249962447577
1.0,4.0,3.0,4.0,1.0,4.0,2.2734294105400914
1.0,4.0,3.0,4.0,2.0,1.0,1.7499727116375874
1.0,4.0,3.0,4.0,2.0,2.0,1.9717665038157435
1.0,4.0,3.0,4.0,2.0,3.0,2.1670917208407516
1.0,4.0,3.0,4.0,2.0,5.0,2.641650530093966
1.0,4.0,3.0,4.0,3.0,1.0,1.896773559818224
1.0,4.0,3.0,4.0,3.0,2.0,2.098743631945334
1.0,4.0,3.0,4.0,3.0,3.0,2.321834132563105
1.0,4.0,3.0,4.0,3.0,4.0,2.5079714012681547
1.0,4.0,3.0,4.0,3.0,5.0,2.778560789039868
1.0,4.0,3.0,4.0,4.0,1.0,2.0155942386720476
1.0,4.0,3.0,4.0,4.0,2.0,2.2245813014619764
1.0,4.0,3.0,4.0,4.0,3.0,2.4163636959661505
1.0,4.0,3.0,4.0,4.0,4.0,2.6257786580235
1.0,4.0,3.0,4.0,4.0,5.0,2.9080259356787437
1.0,4.0,3.0,4.0,5.0,4.0,2.8051063366815705
1.0,4.0,3.0,4.0,5.0,5.0,3.043469179265888
1.0,4.0,3.0,5.0,1.0,3.0,2.1779602374116327
1.0,4.0,3.0,5.0,1.0,4.0,2.4037184302982197
1.0,4.0,3.0,5.0,2.0,4.0,2.543939210473535
1.0,4.0,3.0,5.0,2.0,5.0,2.7504565838084383
1.0,4.0,3.0,5.0,3.0,1.0,2.010041370292802
1.0,4.0,3.0,5.0,3.0,4.0,2.675312286290403
1.0,4.0,3.0,5.0,3.0,5.0,2.8853212300959505
1.0,4.0,3.0,5.0,4.0,3.0,2.5886909103499396
1.0,4.0,3.0,5.0,4.0,4.0,2.76453963834753
1.0,4.0,3.0,5.0,4.0,5.0,3.0296993710203592
1.0,4.0,3.0,5.0,5.0,1.0,2.2756627590382306
1.0,4.0,3.0,5.0,5.0,2.0,2.521129441494293
1.0,4.0,3.0,5.0,5.0,4.0,2.9164151287129116
1.0,4.0,3.0,5.0,5.0,5.0,3.155320755157684
1.0,4.0,4.0,1.0,1.0,1.0,1.4959097136233657
1.0,4.0,4.0,1.0,1.0,2.0,1.7167793804097655
1.0,4.0,4.0,1.0,2.0,1.0,1.6410188348162442
1.0,4.0,4.0,1.0,2.0,2.0,1.8536895721761357
1.0,4.0,4.0,1.0,3.0,1.0,1.769730066554239
1.0,4.0,4.0,1.0,3.0,2.0,1.990599873474303
1.0,4.0,4.0,1.0,3.0,3.0,2.211469736355242
1.0,4.0,4.0,2.0,2.0,2.0,1.9850470309407857
1.0,4.0,4.0,2.0,3.0,3.0,2.3372951611539596
1.0,4.0,4.0,3.0,1.0,3.0,2.186061125574533
1.0,4.0,4.0,3.0,1.0,4.0,2.413034532051228
1.0,4.0,4.0,3.0,2.0,3.0,2.3290749786609424
1.0,4.0,4.0,3.0,3.0,1.0,2.032444706779418
1.0,4.0,4.0,3.0,3.0,2.0,2.2369164984520813
1.0,4.0,4.0,3.0,3.0,3.0,2.4865923303734396
1.0,4.0,4.0,3.0,4.0,4.0,2.8104745454474034
1.0,4.0,4.0,3.0,5.0,4.0,2.9688743631511914
1.0,4.0,4.0,4.0,1.0,2.0,2.094453291181312
1.0,4.0,4.0,4.0,1.0,4.0,2.511226223901862
1.0,4.0,4.0,4.0,2.0,1.0,2.010493834677115
1.0,4.0,4.0,4.0,2.0,2.0,2.231363587185361
1.0,4.0,4.0,4.0,2.0,3.0,2.4604322101105676
1.0,4.0,4.0,4.0,3.0,3.0,2.592484409033152
1.0,4.0,4.0,4.0,3.0,4.0,2.8034257809192757
1.0,4.0,4.0,4.0,3.0,5.0,3.038451147114766
1.0,4.0,4.0,4.0,4.0,1.0,2.271659777559087
1.0,4.0,4.0,4.0,4.0,3.0,2.702997110287108
1.0,4.0,4.0,4.0,4.0,4.0,2.845104364566114
1.0,4.0,4.0,4.0,4.0,5.0,3.1745608877263014
1.0,4.0,4.0,4.0,5.0,3.0,2.8722104665898582
1.0,4.0,4.0,4.0,5.0,4.0,3.075634798562686
1.0,4.0,4.0,4.0,5.0,5.0,3.3184900442632883
1.0,4.0,4.0,5.0,1.0,1.0,1.980503195334127
1.0,4.0,4.0,5.0,1.0,3.0,2.4302825514894772
1.0,4.0,4.0,5.0,2.0,4.0,2.797917928831853
1.0,4.0,4.0,5.0,3.0,2.0,2.499631137957776
1.0,4.0,4.0,5.0,3.0,3.0,2.7123018595569497
1.0,4.0,4.0,5.0,3.0,4.0,2.924972776014199
1.0,4.0,4.0,5.0,4.0,4.0,3.044750591336484
1.0,4.0,4.0,5.0,4.0,5.0,3.286257279860151
1.0,4.0,4.0,5.0,5.0,4.0,3.20365233503865
1.0,4.0,4.0,5.0,5.0,5.0,3.4095878784951044
1.0,4.0,5.0,1.0,1.0,1.0,1.7646296968401274
1.0,4.0,5.0,1.0,3.0,1.0,2.0302514120529023
1.0,4.0,5.0,1.0,4.0,4.0,2.829770680489535
1.0,4.0,5.0,2.0,1.0,3.0,2.329527470163516
1.0,4.0,5.0,2.0,4.0,2.0,2.5111895969458824
1.0,4.0,5.0,3.0,3.0,2.0,2.5096564800601833
1.0,4.0,5.0,3.0,5.0,5.0,3.4666632704909213
1.0,4.0,5.0,4.0,5.0,4.0,3.3525539091878858
1.0,4.0,5.0,4.0,5.0,5.0,3.581622556109884
1.0,4.0,5.0,5.0,4.0,4.0,3.3388020615789378
1.0,4.0,5.0,5.0,5.0,5.0,3.6263676394665243
1.0,5.0,1.0,1.0,1.0,1.0,1.0
1.0,5.0,1.0,1.0,1.0,2.0,1.0
1.0,5.0,1.0,1.0,1.0,3.0,1.2143286846761425
1.0,5.0,1.0,1.0,1.0,4.0,1.4351984035459722
1.0,5.0,1.0,1.0,1.0,5.0,1.664267261857085
1.0,5.0,1.0,1.0,2.0,1.0,1.0
1.0,5.0,1.0,1.0,2.0,2.0,1.128264892299313
1.0,5.0,1.0,1.0,2.0,3.0,1.3483820975184442
1.0,5.0,1.0,1.0,2.0,4.0,1.588506686635951
1.0,5.0,1.0,1.0,3.0,1.0,1.0627653943759376
1.0,5.0,1.0,1.0,3.0,2.0,1.2703736057851691
1.0,5.0,1.0,1.0,3.0,3.0,1.48833958304606
1.0,5.0,1.0,1.0,3.0,4.0,1.7032526414282174
1.0,5.0,1.0,1.0,4.0,1.0,1.1833200268201673
1.0,5.0,1.0,1.0,4.0,3.0,1.6250594009691868
1.0,5.0,1.0,1.0,5.0,1.0,1.3392630365413267
1.0,5.0,1.0,1.0,5.0,3.0,1.7557727741088005
1.0,5.0,1.0,1.0,5.0,5.0,2.203709059964553
1.0,5.0,1.0,2.0,1.0,1.0,1.0
1.0,5.0,1.0,2.0,1.0,2.0,1.1267753881489153
1.0,5.0,1.0,2.0,1.0,3.0,1.3374870910283434
1.0,5.0,1.0,2.0,2.0,1.0,1.0306429826003303
1.0,5.0,1.0,2.0,2.0,2.0,1.2514169497305558
1.0,5.0,1.0,2.0,2.0,3.0,1.4710094144910015
1.0,5.0,1.0,2.0,3.0,1.0,1.1695681760165306
1.0,5.0,1.0,2.0,3.0,2.0,1.385976230570105
1.0,5.0,1.0,2.0,3.0,3.0,1.6077712662578367
1.0,5.0,1.0,2.0,3.0,4.0,1.8321772609375884
1.0,5.0,1.0,2.0,4.0,1.0,1.3039854592398081
1.0,5.0,1.0,2.0,4.0,4.0,1.9693386879520536
1.0,5.0,1.0,2.0,5.0,1.0,1.4479146483939378
1.0,5.0,1.0,2.0,5.0,2.0,1.6588559565701082
1.0,5.0,1.0,2.0,5.0,3.0,1.8860619371320655
1.0,5.0,1.0,2.0,5.0,5.0,2.326867528492559
1.0,5.0,1.0,3.0,1.0,1.0,1.054125791195579
1.0,5.0,1.0,3.0,1.0,2.0,1.2340177912185013
1.0,5.0,1.0,3.0,1.0,3.0,1.4399804813921273
1.0,5.0,1.0,3.0,1.0,5.0,1.9187826846641987
1.0,5.0,1.0,3.0,2.0,1.0,1.1654294305367714
1.0,5.0,1.0,3.0,2.0,2.0,1.3902793868914045
1.0,5.0,1.0,3.0,2.0,3.0,1.6057546456827274
1.0,5.0,1.0,3.0,3.0,1.0,1.292341888634892
1.0,5.0,1.0,3.0,3.0,2.0,1.5053091490728312
1.0,5.0,1.0,3.0,3.0,3.0,1.7007607356840437
1.0,5.0,1.0,3.0,3.0,4.0,1.9560555775735589
1.0,5.0,1.0,3.0,3.0,5.0,2.1747721253286825
1.0,5.0,1.0,3.0,4.0,1.0,1.4296367626507893
1.0,5.0,1.0,3.0,4.0,2.0,1.6505063206898156
1.0,5.0,1.0,3.0,4.0,3.0,1.873450556885276
1.0,5.0,1.0,3.0,4.0,4.0,2.099627720586885
1.0,5.0,1.0,3.0,5.0,1.0,1.5654724035411276
1.0,5.0,1.0,4.0,1.0,1.0,1.1498571966634359
1.0,5.0,1.0,4.0,1.0,2.0,1.3629340038317668
1.0,5.0,1.0,4.0,1.0,3.0,1.583803788781273
1.0,5.0,1.0,4.0,1.0,5.0,2.025543151420534
1.0,5.0,1.0,4.0,2.0,1.0,1.2789745535476187
1.0,5.0,1.0,4.0,2.0,2.0,1.5039111763829067
1.0,5.0,1.0,4.0,2.0,3.0,1.7207139427420044
1.0,5.0,1.0,4.0,2.0,4.0,1.966180552083156
1.0,5.0,1.0,4.0,3.0,1.0,1.4158848035231646
1.0,5.0,1.0,4.0,3.0,2.0,1.6454733478952908
1.0,5.0,1.0,4.0,3.0,3.0,1.8518537187398552
1.0,5.0,1.0,4.0,3.0,4.0,2.0852936656434595
1.0,5.0,1.0,4.0,4.0,1.0,1.5609940567319784
1.0,5.0,1.0,4.0,4.0,3.0,2.002710857959022
1.0,5.0,1.0,4.0,4.0,4.0,2.2085627980763323
1.0,5.0,1.0,4.0,4.0,5.0,2.4608707576819517
1.0,5.0,1.0,4.0,5.0,2.0,1.9269728553815098
1.0,5.0,1.0,4.0,5.0,3.0,2.1303754650537363
1.0,5.0,1.0,4.0,5.0,5.0,2.5558696690425178
1.0,5.0,1.0,5.0,1.0,1.0,1.2668558627240782
1.0,5.0,1.0,5.0,1.0,2.0,1.486092415275155
1.0,5.0,1.0,5.0,1.0,3.0,1.7036221178015785
1.0,5.0,1.0,5.0,1.0,4.0,1.920286053382563
1.0,5.0,1.0,5.0,1.0,5.0,2.143978132773991
1.0,5.0,1.0,5.0,2.0,2.0,1.639400436534983
1.0,5.0,1.0,5.0,2.0,3.0,1.853273917783956
1.0,5.0,1.0,5.0,2.0,5.0,2.289070031671796
1.0,5.0,1.0,5.0,3.0,2.0,1.7681117847868062
1.0,5.0,1.0,5.0,3.0,3.0,1.989070786799818
1.0,5.0,1.0,5.0,3.0,4.0,2.2016523154276686
1.0,5.0,1.0,5.0,4.0,1.0,1.6759534315006042
1.0,5.0,1.0,5.0,4.0,2.0,1.8968231975697076
1.0,5.0,1.0,5.0,4.0,3.0,2.1258917654997673
1.0,5.0,1.0,5.0,4.0,4.0,2.335809006681008
1.0,5.0,1.0,5.0,5.0,1.0,1.8093525499101284
1.0,5.0,1.0,5.0,5.0,2.0,2.0337333628717356
1.0,5.0,1.0,5.0,5.0,3.0,2.2114040970489595
1.0,5.0,1.0,5.0,5.0,4.0,2.4758680609949315
1.0,5.0,1.0,5.0,5.0,5.0,2.5984644842510276
1.0,5.0,2.0,1.0,1.0,1.0,1.0529294350980725
1.0,5.0,2.0,1.0,1.0,2.0,1.274081719573149
1.0,5.0,2.0,1.0,1.0,3.0,1.49124779348044
1.0,5.0,2.0,1.0,2.0,1.0,1.1767698659713683
1.0,5.0,2.0,1.0,2.0,2.0,1.4087832553487796
1.0,5.0,2.0,1.0,2.0,3.0,1.6199590619844877
1.0,5.0,2.0,1.0,2.0,5.0,2.0534996260800837
1.0,5.0,2.0,1.0,3.0,1.0,1.3155654424292078
1.0,5.0,2.0,1.0,3.0,2.0,1.523130850327471
1.0,5.0,2.0,1.0,3.0,3.0,1.7365909797635708
1.0,5.0,2.0,1.0,4.0,1.0,1.4564958826750916
1.0,5.0,2.0,1.0,4.0,4.0,2.106450348099376
1.0,5.0,2.0,1.0,5.0,1.0,1.5889504594830077
1.0,5.0,2.0,1.0,5.0,3.0,2.038888795425825
1.0,5.0,2.0,1.0,5.0,5.0,2.4724292568200177
1.0,5.0,2.0,2.0,1.0,1.0,1.1685199559038768
1.0,5.0,2.0,2.0,1.0,2.0,1.382203447188041
1.0,5.0,2.0,2.0,1.0,3.0,1.588359312949096
1.0,5.0,2.0,2.0,1.0,4.0,1.827076871625488
1.0,5.0,2.0,2.0,2.0,1.0,1.3052593310321148
1.0,5.0,2.0,2.0,2.0,2.0,1.5253075038088812
1.0,5.0,2.0,2.0,2.0,3.0,1.7431174641015
1.0,5.0,2.0,2.0,3.0,1.0,1.4265911618158487
1.0,5.0,2.0,2.0,3.0,2.0,1.682951734090234
1.0,5.0,2.0,2.0,3.0,3.0,1.9090950190572025
1.0,5.0,2.0,2.0,3.0,4.0,2.1090963623720436
1.0,5.0,2.0,2.0,4.0,2.0,1.7993575923764744
1.0,5.0,2.0,2.0,4.0,3.0,2.025136897960533
1.0,5.0,2.0,2.0,4.0,5.0,2.475075331371071
1.0,5.0,2.0,2.0,5.0,2.0,1.9247795087560686
1.0,5.0,2.0,2.0,5.0,3.0,2.152596828974666
1.0,5.0,2.0,2.0,5.0,5.0,2.595587628940366
1.0,5.0,2.0,3.0,1.0,1.0,1.2807194891110716
1.0,5.0,2.0,3.0,1.0,2.0,1.508357812429645
1.0,5.0,2.0,3.0,1.0,3.0,1.719856925025311
1.0,5.0,2.0,3.0,1.0,4.0,1.9425073243025428
1.0,5.0,2.0,3.0,2.0,1.0,1.416337398810066
1.0,5.0,2.0,3.0,2.0,2.0,1.6459151204398517
1.0,5.0,2.0,3.0,2.0,3.0,1.849099607459245
1.0,5.0,2.0,3.0,2.0,4.0,2.0871454921464476
1.0,5.0,2.0,3.0,3.0,1.0,1.5696455652296193
1.0,5.0,2.0,3.0,3.0,2.0,1.7741174199933611
1.0,5.0,2.0,3.0,3.0,3.0,2.0107648874569333
1.0,5.0,2.0,3.0,3.0,4.0,2.194669499726381
1.0,5.0,2.0,3.0,4.0,1.0,1.6901578611921568
1.0,5.0,2.0,3.0,4.0,2.0,1.9205289656003512
1.0,5.0,2.0,3.0,4.0,3.0,2.1367321433868565
1.0,5.0,2.0,3.0,4.0,4.0,2.371275424206999
1.0,5.0,2.0,3.0,5.0,4.0,2.5060750998406904
1.0,5.0,2.0,3.0,5.0,5.0,2.7174954148763013
1.0,5.0,2.0,4.0,1.0,2.0,1.6316541249519696
1.0,5.0,2.0,4.0,1.0,3.0,1.8791026138461742
1.0,5.0,2.0,4.0,1.0,4.0,2.07279644358792
1.0,5.0,2.0,4.0,2.0,3.0,1.9813873902996975
1.0,5.0,2.0,4.0,2.0,4.0,2.2132564774914063
1.0,5.0,2.0,4.0,2.0,5.0,2.422974640732242
1.0,5.0,2.0,4.0,3.0,1.0,1.676406016410196
1.0,5.0,2.0,4.0,3.0,2.0,1.9054746875268207
1.0,5.0,2.0,4.0,3.0,3.0,2.1134909201847174
1.0,5.0,2.0,4.0,3.0,4.0,2.341611846330788
1.0,5.0,2.0,4.0,3.0,5.0,2.5680838091181406
1.0,5.0,2.0,4.0,4.0,3.0,2.267073599242686
1.0,5.0,2.0,4.0,4.0,4.0,2.450851945950266
1.0,5.0,2.0,4.0,5.0,1.0,1.9502264503984048
1.0,5.0,2.0,4.0,5.0,2.0,2.1859690786630113
1.0,5.0,2.0,4.0,5.0,3.0,2.3919658768716494
1.0,5.0,2.0,4.0,5.0,5.0,2.8350575840902783
1.0,5.0,2.0,5.0,1.0,1.0,1.529600163779341
1.0,5.0,2.0,5.0,1.0,2.0,1.7466135107884477
1.0,5.0,2.0,5.0,1.0,3.0,1.9674832780322022
1.0,5.0,2.0,5.0,1.0,5.0,2.417421716332247
1.0,5.0,2.0,5.0,2.0,2.0,1.899921701771086
1.0,5.0,2.0,5.0,2.0,4.0,2.3388824382896782
1.0,5.0,2.0,5.0,2.0,5.0,2.5543318957836125
1.0,5.0,2.0,5.0,3.0,2.0,2.0283997762513764
1.0,5.0,2.0,5.0,3.0,4.0,2.470372504178169
1.0,5.0,2.0,5.0,3.0,5.0,2.6720230030169105
1.0,5.0,2.0,5.0,4.0,1.0,1.9610714237445905
1.0,5.0,2.0,5.0,4.0,4.0,2.6154816148566296
1.0,5.0,2.0,5.0,4.0,5.0,2.8309246768886074
1.0,5.0,2.0,5.0,5.0,3.0,2.5109348009258583
1.0,5.0,2.0,5.0,5.0,4.0,2.7321862134234296
1.0,5.0,2.0,5.0,5.0,5.0,2.924504475505434
1.0,5.0,3.0,1.0,1.0,1.0,1.3056943153273197
1.0,5.0,3.0,1.0,1.0,2.0,1.5061996657092644
1.0,5.0,3.0,1.0,1.0,5.0,2.1771104451793586
1.0,5.0,3.0,1.0,2.0,1.0,1.4305420666559245
1.0,5.0,3.0,1.0,2.0,2.0,1.6461137450416805
1.0,5.0,3.0,1.0,2.0,4.0,2.093150991318112
1.0,5.0,3.0,1.0,3.0,1.0,1.5538280942613412
1.0,5.0,3.0,1.0,3.0,2.0,1.7950421425655358
1.0,5.0,3.0,1.0,3.0,3.0,2.01670432294987
1.0,5.0,3.0,1.0,3.0,5.0,2.4591299281245083
1.0,5.0,3.0,1.0,4.0,1.0,1.7043624279854812
1.0,5.0,3.0,1.0,4.0,3.0,2.162499781706383
1.0,5.0,3.0,1.0,4.0,5.0,2.5993252618789993
1.0,5.0,3.0,1.0,5.0,1.0,1.8588276512338262
1.0,5.0,3.0,1.0,5.0,2.0,2.0703413644168767
1.0,5.0,3.0,1.0,5.0,3.0,2.288842547911322
1.0,5.0,3.0,2.0,1.0,1.0,1.4331880332487212
1.0,5.0,3.0,2.0,1.0,2.0,1.638354647019043
1.0,5.0,3.0,2.0,2.0,1.0,1.5608995227000804
1.0,5.0,3.0,2.0,2.0,2.0,1.7926675010063087
1.0,5.0,3.0,2.0,2.0,3.0,2.0036386312736827
1.0,5.0,3.0,2.0,3.0,1.0,1.7012583631611897
1.0,5.0,3.0,2.0,3.0,2.0,1.9203320714641436
1.0,5.0,3.0,2.0,3.0,3.0,2.136084642001292
1.0,5.0,3.0,2.0,3.0,4.0,2.3614185736710582
1.0,5.0,3.0,2.0,4.0,1.0,1.8275206660486378
1.0,5.0,3.0,2.0,4.0,2.0,2.0642611998963263
1.0,5.0,3.0,2.0,4.0,3.0,2.264915480813363
1.0,5.0,3.0,2.0,5.0,1.0,1.9808290146038403
1.0,5.0,3.0,2.0,5.0,3.0,2.402867049330678
1.0,5.0,3.0,2.0,5.0,4.0,2.6169234183924166
1.0,5.0,3.0,3.0,1.0,1.0,1.5436890854431893
1.0,5.0,3.0,3.0,1.0,2.0,1.7745608460423443
1.0,5.0,3.0,3.0,1.0,3.0,2.0060839466609806
1.0,5.0,3.0,3.0,1.0,5.0,2.4316261797147973
1.0,5.0,3.0,3.0,2.0,1.0,1.6768587362866487
1.0,5.0,3.0,3.0,2.0,2.0,1.8993774549829134
1.0,5.0,3.0,3.0,2.0,3.0,2.115749822977624
1.0,5.0,3.0,3.0,2.0,4.0,2.347666736775897
1.0,5.0,3.0,3.0,2.0,5.0,2.5603375929935015
1.0,5.0,3.0,3.0,3.0,2.0,2.033272658319819
1.0,5.0,3.0,3.0,3.0,3.0,2.189629182564801
1.0,5.0,3.0,3.0,3.0,4.0,2.481535697083177
1.0,5.0,3.0,3.0,4.0,2.0,2.1797477792664885
1.0,5.0,3.0,3.0,4.0,3.0,2.4130906585192524
1.0,5.0,3.0,3.0,4.0,4.0,2.592345821427814
1.0,5.0,3.0,3.0,5.0,3.0,2.528855103164068
1.0,5.0,3.0,3.0,5.0,4.0,2.7560020969770513
1.0,5.0,3.0,3.0,5.0,5.0,2.9715348293650385
1.0,5.0,3.0,4.0,1.0,1.0,1.665845852256561
1.0,5.0,3.0,4.0,1.0,3.0,2.0776991508809695
1.0,5.0,3.0,4.0,2.0,2.0,2.0369809833240504
1.0,5.0,3.0,4.0,2.0,3.0,2.2499554599659914
1.0,5.0,3.0,4.0,2.0,4.0,2.471295264437754
1.0,5.0,3.0,4.0,3.0,1.0,1.9533252095120681
1.0,5.0,3.0,4.0,3.0,2.0,2.1633170192930224
1.0,5.0,3.0,4.0,3.0,3.0,2.392168706707919
1.0,5.0,3.0,4.0,3.0,4.0,2.617151647630156
1.0,5.0,3.0,4.0,3.0,5.0,2.821866393458701
1.0,5.0,3.0,4.0,4.0,2.0,2.311105105586979
1.0,5.0,3.0,4.0,4.0,3.0,2.5330879155420463
1.0,5.0,3.0,4.0,4.0,4.0,2.7429964545752226
1.0,5.0,3.0,4.0,4.0,5.0,2.9499379197377413
1.0,5.0,3.0,4.0,5.0,1.0,2.2090334453679774
1.0,5.0,3.0,4.0,5.0,3.0,2.663445248002481
1.0,5.0,3.0,4.0,5.0,4.0,2.862590944343214
1.0,5.0,3.0,4.0,5.0,5.0,3.091234049203443
1.0,5.0,3.0,5.0,1.0,3.0,2.216258480616496
1.0,5.0,3.0,5.0,1.0,4.0,2.4533558173634455
1.0,5.0,3.0,5.0,1.0,5.0,2.6383396021950785
1.0,5.0,3.0,5.0,2.0,2.0,2.151005465872009
1.0,5.0,3.0,5.0,2.0,3.0,2.36491477353682
1.0,5.0,3.0,5.0,2.0,4.0,2.5682664146226073
1.0,5.0,3.0,5.0,2.0,5.0,2.8148531969351827
1.0,5.0,3.0,5.0,3.0,2.0,2.278670071598129
1.0,5.0,3.0,5.0,3.0,3.0,2.5017658561393894
1.0,5.0,3.0,5.0,3.0,4.0,2.719101384266163
1.0,5.0,3.0,5.0,4.0,1.0,2.2215925147223468
1.0,5.0,3.0,5.0,4.0,3.0,2.64693425184793
1.0,5.0,3.0,5.0,4.0,4.0,2.878979242801011
1.0,5.0,3.0,5.0,4.0,5.0,3.0773048557578493
1.0,5.0,3.0,5.0,5.0,1.0,2.339322522937125
1.0,5.0,3.0,5.0,5.0,2.0,2.5547757384852137
1.0,5.0,3.0,5.0,5.0,3.0,2.765026396155793
1.0,5.0,3.0,5.0,5.0,4.0,2.965418792834536
1.0,5.0,3.0,5.0,5.0,5.0,3.1585757890112407
1.0,5.0,4.0,1.0,1.0,2.0,1.7914204593784995
1.0,5.0,4.0,1.0,2.0,2.0,1.9119328133672369
1.0,5.0,4.0,1.0,3.0,2.0,2.0570420358804125
1.0,5.0,4.0,1.0,4.0,4.0,2.6438906611133346
1.0,5.0,4.0,2.0,3.0,3.0,2.4092690425320957
1.0,5.0,4.0,2.0,3.0,4.0,2.630138760380205
1.0,5.0,4.0,2.0,4.0,3.0,2.5379802492518446
1.0,5.0,4.0,2.0,4.0,4.0,2.767049006979705
1.0,5.0,4.0,2.0,5.0,4.0,2.8957603823254763
1.0,5.0,4.0,3.0,1.0,2.0,2.045936042043496
1.0,5.0,4.0,3.0,3.0,2.0,2.3090236599360634
1.0,5.0,4.0,3.0,3.0,3.0,2.531903770417217
1.0,5.0,4.0,3.0,4.0,3.0,2.674671993743272
1.0,5.0,4.0,3.0,5.0,1.0,2.3481105403052536
1.0,5.0,4.0,3.0,5.0,2.0,2.585378197439502
1.0,5.0,4.0,3.0,5.0,3.0,2.7898500337093943
1.0,5.0,4.0,4.0,1.0,1.0,1.9318269534346448
1.0,5.0,4.0,4.0,1.0,2.0,2.1444976047574666
1.0,5.0,4.0,4.0,1.0,4.0,2.6058662406210495
1.0,5.0,4.0,4.0,1.0,5.0,2.831703644084828
1.0,5.0,4.0,4.0,2.0,4.0,2.7477441484653693
1.0,5.0,4.0,4.0,3.0,3.0,2.6473868106485217
1.0,5.0,4.0,4.0,3.0,5.0,3.0973251242137096
1.0,5.0,4.0,4.0,4.0,1.0,2.3425575247768298
1.0,5.0,4.0,4.0,4.0,3.0,2.794183301338845
1.0,5.0,4.0,4.0,4.0,4.0,2.974070140468902
1.0,5.0,4.0,4.0,4.0,5.0,3.234235443670923
1.0,5.0,4.0,4.0,5.0,3.0,2.929980202650277
1.0,5.0,4.0,4.0,5.0,4.0,3.1409214883455245
1.0,5.0,4.0,4.0,5.0,5.0,3.3812912777801456
1.0,5.0,4.0,5.0,1.0,3.0,2.484552519173731
1.0,5.0,4.0,5.0,1.0,4.0,2.7175943591487504
1.0,5.0,4.0,5.0,3.0,4.0,2.9996137664389897
1.0,5.0,4.0,5.0,3.0,5.0,3.2040856181260575
1.0,5.0,4.0,5.0,4.0,3.0,2.907455406989503
1.0,5.0,4.0,5.0,4.0,4.0,3.1447229994494976
1.0,5.0,4.0,5.0,4.0,5.0,3.367761219518394
1.0,5.0,4.0,5.0,5.0,5.0,3.4633124925551857
1.0,5.0,5.0,1.0,1.0,1.0,1.8015296088743737
1.0,5.0,5.0,1.0,2.0,1.0,1.9515843231281518
1.0,5.0,5.0,1.0,2.0,3.0,2.3933235961222303
1.0,5.0,5.0,1.0,5.0,5.0,3.2785897332694534
1.0,5.0,5.0,2.0,2.0,3.0,2.524681035779099
1.0,5.0,5.0,2.0,4.0,1.0,2.3567619605208048
1.0,5.0,5.0,2.0,5.0,3.0,2.9436107102919076
1.0,5.0,5.0,3.0,3.0,3.0,2.7929485433040666
1.0,5.0,5.0,3.0,4.0,3.0,2.9298587670843363
1.0,5.0,5.0,3.0,4.0,4.0,3.142529649155851
1.0,5.0,5.0,3.0,5.0,3.0,3.066769199981514
1.0,5.0,5.0,3.0,5.0,5.0,3.492110543054442
1.0,5.0,5.0,4.0,4.0,1.0,2.627675591971491
1.0,5.0,5.0,4.0,4.0,2.0,2.8157494872628166
1.0,5.0,5.0,4.0,4.0,4.0,3.273886895791409
1.0,5.0,5.0,4.0,4.0,5.0,3.4783588269457093
1.0,5.0,5.0,4.0,5.0,4.0,3.3830594493879227
1.0,5.0,5.0,5.0,1.0,1.0,2.283924155423304
1.0,5.0,5.0,5.0,1.0,5.0,3.213099157007139
1.0,5.0,5.0,5.0,2.0,5.0,3.3358954604291085
1.0,5.0,5.0,5.0,4.0,4.0,3.388846359286395
1.0,5.0,5.0,5.0,4.0,5.0,3.5950788570093435
1.0,5.0,5.0,5.0,5.0,3.0,3.302407215879064
1.0,5.0,5.0,5.0,5.0,5.0,3.626392680716272
2.0,1.0,1.0,1.0,1.0,1.0,1.0
2.0,1.0,1.0,1.0,1.0,2.0,1.0762245427530321
2.0,1.0,1.0,1.0,1.0,3.0,1.2983460930764843
2.0,1.0,1.0,1.0,2.0,1.0,1.0
2.0,1.0,1.0,1.0,2.0,2.0,1.2207745881975731
2.0,1.0,1.0,1.0,3.0,1.0,1.1174104555170912
2.0,1.0,1.0,1.0,3.0,2.0,1.3512966290936061
2.0,1.0,1.0,1.0,3.0,3.0,1.5721663648366073
2.0,1.0,1.0,1.0,3.0,4.0,1.7848367613879705
2.0,1.0,1.0,1.0,4.0,1.0,1.2591386103934348
2.0,1.0,1.0,1.0,5.0,2.0,1.6169177270614234
2.0,1.0,1.0,2.0,1.0,1.0,1.0041535479053338
2.0,1.0,1.0,2.0,1.0,2.0,1.2038177797898648
2.0,1.0,1.0,2.0,2.0,1.0,1.106724326388901
2.0,1.0,1.0,2.0,2.0,2.0,1.3293457695409139
2.0,1.0,1.0,2.0,3.0,1.0,1.2453862206554642
2.0,1.0,1.0,2.0,3.0,2.0,1.4662559497538978
2.0,1.0,1.0,2.0,3.0,3.0,1.6815371850024121
2.0,1.0,1.0,2.0,4.0,2.0,1.603166235714474
2.0,1.0,1.0,2.0,4.0,3.0,1.8322350118230206
2.0,1.0,1.0,3.0,1.0,1.0,1.1004496801790147
2.0,1.0,1.0,3.0,1.0,2.0,1.3240194464525796
2.0,1.0,1.0,3.0,1.0,3.0,1.5402325712908738
2.0,1.0,1.0,3.0,2.0,1.0,1.2359621893495931
2.0,1.0,1.0,3.0,2.0,2.0,1.4694022392498938
2.0,1.0,1.0,3.0,2.0,3.0,1.6867088286119063
2.0,1.0,1.0,3.0,2.0,4.0,1.88697068836302
2.0,1.0,1.0,3.0,3.0,1.0,1.3767436109355027
2.0,1.0,1.0,3.0,3.0,2.0,1.5894146129274727
2.0,1.0,1.0,3.0,3.0,3.0,1.8148364845664546
2.0,1.0,1.0,3.0,4.0,3.0,1.9635923720588495
2.0,1.0,1.0,4.0,1.0,1.0,1.2260814556007233
2.0,1.0,1.0,4.0,1.0,2.0,1.4387522175528815
2.0,1.0,1.0,4.0,3.0,3.0,1.9334425284347934
2.0,1.0,1.0,4.0,4.0,2.0,1.8576820340334081
2.0,1.0,1.0,5.0,2.0,1.0,1.477951338606959
2.0,1.0,1.0,5.0,4.0,4.0,2.4225799214378267
2.0,1.0,1.0,5.0,5.0,1.0,1.9132789578690723
2.0,1.0,2.0,1.0,1.0,1.0,1.1054620688017305
2.0,1.0,2.0,1.0,1.0,2.0,1.3352500137702896
2.0,1.0,2.0,1.0,1.0,5.0,1.9924079588827905
2.0,1.0,2.0,1.0,2.0,1.0,1.245968498970309
2.0,1.0,2.0,1.0,2.0,2.0,1.4710445409485977
2.0,1.0,2.0,1.0,2.0,3.0,1.6875785041277178
2.0,1.0,2.0,1.0,3.0,1.0,1.3827488738039435
2.0,1.0,2.0,1.0,3.0,2.0,1.6036187016385195
2.0,1.0,2.0,1.0,4.0,2.0,1.7487281236848242
2.0,1.0,2.0,2.0,1.0,1.0,1.2320783974620853
2.0,1.0,2.0,2.0,1.0,2.0,1.4655392728492582
2.0,1.0,2.0,2.0,1.0,3.0,1.6738266526440895
2.0,1.0,2.0,2.0,2.0,1.0,1.3741305309485956
2.0,1.0,2.0,2.0,2.0,2.0,1.5898675530271305
2.0,1.0,2.0,2.0,3.0,1.0,1.5141062090866781
2.0,1.0,2.0,2.0,3.0,3.0,1.9480716832158418
2.0,1.0,2.0,2.0,4.0,3.0,2.100133508905981
2.0,1.0,2.0,3.0,1.0,1.0,1.349513755733655
2.0,1.0,2.0,3.0,1.0,2.0,1.5702844932504592
2.0,1.0,2.0,3.0,1.0,3.0,1.8178607739318249
2.0,1.0,2.0,3.0,2.0,1.0,1.5044170942101727
2.0,1.0,2.0,3.0,2.0,2.0,1.7141964713940903
2.0,1.0,2.0,3.0,2.0,3.0,1.928052896510429
2.0,1.0,2.0,3.0,3.0,1.0,1.645463428657499
2.0,1.0,2.0,3.0,3.0,2.0,1.868488404110619
2.0,1.0,2.0,3.0,3.0,3.0,2.078361307437514
2.0,1.0,2.0,3.0,4.0,2.0,1.9868458754861176
2.0,1.0,2.0,4.0,1.0,1.0,1.486602356050306
2.0,1.0,2.0,4.0,1.0,2.0,1.6992733029433817
2.0,1.0,2.0,4.0,2.0,4.0,2.2861220695767654
2.0,1.0,2.0,4.0,3.0,2.0,1.9894917855730758
2.0,1.0,2.0,4.0,3.0,3.0,2.2069664654297183
2.0,1.0,2.0,4.0,3.0,4.0,2.423032514399508
2.0,1.0,2.0,4.0,4.0,3.0,2.3281824529662694
2.0,1.0,2.0,4.0,4.0,4.0,2.5635208076840663
2.0,1.0,2.0,5.0,1.0,5.0,2.4892282300056334
2.0,1.0,2.0,5.0,3.0,2.0,2.0962523910498767
2.0,1.0,2.0,5.0,3.0,5.0,2.767060515058935
2.0,1.0,3.0,1.0,1.0,2.0,1.5855179850917316
2.0,1.0,3.0,1.0,2.0,2.0,1.7354276973818334
2.0,1.0,3.0,2.0,1.0,1.0,1.4926123324810716
2.0,1.0,3.0,2.0,1.0,2.0,1.713477054148671
2.0,1.0,3.0,2.0,2.0,2.0,1.8667854032448183
2.0,1.0,3.0,2.0,2.0,3.0,2.079456523404205
2.0,1.0,3.0,2.0,3.0,2.0,1.9954970342014597
2.0,1.0,3.0,2.0,3.0,3.0,2.212875038034063
2.0,1.0,3.0,3.0,1.0,3.0,2.0646433000452498
2.0,1.0,3.0,3.0,2.0,2.0,1.9817452678603844
2.0,1.0,3.0,3.0,3.0,2.0,2.110456838639719
2.0,1.0,3.0,3.0,3.0,3.0,2.339525811773372
2.0,1.0,3.0,3.0,4.0,2.0,2.2555660653203704
2.0,1.0,3.0,3.0,4.0,3.0,2.468747965211006
2.0,1.0,3.0,4.0,1.0,4.0,2.4015338535903816
2.0,1.0,3.0,4.0,2.0,2.0,2.096704836220023
2.0,1.0,3.0,4.0,2.0,3.0,2.3339724258380077
2.0,1.0,3.0,4.0,2.0,4.0,2.538444434843595
2.0,1.0,3.0,4.0,3.0,4.0,2.6942587313454567
2.0,1.0,3.0,4.0,4.0,2.0,2.3787243277504007
2.0,1.0,3.0,4.0,4.0,3.0,2.6077930971002607
2.0,1.0,3.0,5.0,2.0,3.0,2.448931857359675
2.0,1.0,3.0,5.0,5.0,4.0,3.0887312722181326
2.0,1.0,3.0,5.0,5.0,5.0,3.301402138083077
2.0,1.0,4.0,4.0,1.0,4.0,2.686651950261006
2.0,1.0,4.0,4.0,3.0,4.0,2.9522735647493596
2.0,1.0,5.0,3.0,1.0,2.0,2.374076705689679
2.0,1.0,5.0,5.0,3.0,4.0,3.344152314521497
2.0,2.0,1.0,1.0,1.0,1.0,1.0
2.0,2.0,1.0,1.0,1.0,2.0,1.133528392085359
2.0,2.0,1.0,1.0,2.0,1.0,1.0562633492830322
2.0,2.0,1.0,1.0,2.0,2.0,1.268229865839153
2.0,2.0,1.0,1.0,3.0,1.0,1.185624832367316
2.0,2.0,1.0,1.0,3.0,2.0,1.4143410967854784
2.0,2.0,1.0,1.0,3.0,3.0,1.6334145727116658
2.0,2.0,1.0,1.0,4.0,1.0,1.3147996865538578
2.0,2.0,1.0,2.0,1.0,1.0,1.0587467855092751
2.0,2.0,1.0,2.0,1.0,2.0,1.2606630120395896
2.0,2.0,1.0,2.0,2.0,1.0,1.1720946854233418
2.0,2.0,1.0,2.0,2.0,2.0,1.3782820798680904
2.0,2.0,1.0,2.0,2.0,3.0,1.608458730495563
2.0,2.0,1.0,2.0,3.0,1.0,1.3174242494282065
2.0,2.0,1.0,2.0,3.0,2.0,1.5321693534304948
2.0,2.0,1.0,2.0,3.0,3.0,1.7555715225746056
2.0,2.0,1.0,2.0,4.0,2.0,1.6696085302051642
2.0,2.0,1.0,3.0,1.0,1.0,1.156045285122281
2.0,2.0,1.0,3.0,1.0,2.0,1.395377977126024
2.0,2.0,1.0,3.0,1.0,3.0,1.6093110395870682
2.0,2.0,1.0,3.0,2.0,1.0,1.2898779054487906
2.0,2.0,1.0,3.0,2.0,2.0,1.5024248428822295
2.0,2.0,1.0,3.0,2.0,3.0,1.7401369891100722
2.0,2.0,1.0,3.0,2.0,4.0,1.9524868536799218
2.0,2.0,1.0,3.0,3.0,1.0,1.423316376664781
2.0,2.0,1.0,3.0,3.0,2.0,1.6590240547934727
2.0,2.0,1.0,3.0,3.0,3.0,1.8737019572812421
2.0,2.0,1.0,3.0,4.0,3.0,2.0136366090162006
2.0,2.0,1.0,4.0,1.0,1.0,1.2820117430554183
2.0,2.0,1.0,4.0,1.0,2.0,1.4969955322346271
2.0,2.0,1.0,4.0,1.0,3.0,1.7282912139175208
2.0,2.0,1.0,4.0,2.0,1.0,1.4130359577210434
2.0,2.0,1.0,4.0,2.0,2.0,1.6421047568047684
2.0,2.0,1.0,4.0,2.0,3.0,1.8629744474598782
2.0,2.0,1.0,4.0,2.0,4.0,2.083844321597166
2.0,2.0,1.0,4.0,3.0,3.0,1.9916857058663069
2.0,2.0,1.0,5.0,1.0,1.0,1.3992841876732405
2.0,2.0,1.0,5.0,4.0,3.0,2.2681522484344785
2.0,2.0,1.0,5.0,5.0,4.0,2.6095342833097925
2.0,2.0,2.0,1.0,1.0,1.0,1.179154609097893
2.0,2.0,2.0,1.0,1.0,2.0,1.4027307364824637
2.0,2.0,2.0,1.0,1.0,3.0,1.631352985986387
2.0,2.0,2.0,1.0,2.0,1.0,1.3178741671937093
2.0,2.0,2.0,1.0,2.0,2.0,1.5203498160337483
2.0,2.0,2.0,1.0,3.0,1.0,1.462412357080945
2.0,2.0,2.0,1.0,3.0,2.0,1.6618620693718125
2.0,2.0,2.0,2.0,1.0,1.0,1.2961030737848083
2.0,2.0,2.0,2.0,1.0,2.0,1.538937024398376
2.0,2.0,2.0,2.0,2.0,1.0,1.4329863328717067
2.0,2.0,2.0,2.0,2.0,2.0,1.6793436784825146
2.0,2.0,2.0,2.0,2.0,5.0,2.31892112994221
2.0,2.0,2.0,2.0,3.0,1.0,1.57234959494697
2.0,2.0,2.0,2.0,3.0,2.0,1.8029118233160304
2.0,2.0,2.0,2.0,3.0,3.0,2.0134257797925965
2.0,2.0,2.0,2.0,4.0,2.0,1.9306972801477909
2.0,2.0,2.0,2.0,4.0,3.0,2.1428005285391243
2.0,2.0,2.0,3.0,1.0,1.0,1.4182579672908378
2.0,2.0,2.0,3.0,1.0,2.0,1.6563894359447884
2.0,2.0,2.0,3.0,1.0,3.0,1.8494957101629046
2.0,2.0,2.0,3.0,2.0,1.0,1.5585976523387246
2.0,2.0,2.0,3.0,2.0,2.0,1.7944066936840262
2.0,2.0,2.0,3.0,2.0,3.0,2.000324379670296
2.0,2.0,2.0,3.0,2.0,4.0,2.2212071132753732
2.0,2.0,2.0,3.0,3.0,1.0,1.6898510847372445
2.0,2.0,2.0,3.0,3.0,2.0,1.9378664923349098
2.0,2.0,2.0,3.0,3.0,3.0,2.139879016983667
2.0,2.0,2.0,3.0,4.0,2.0,2.0614870284089455
2.0,2.0,2.0,3.0,4.0,3.0,2.2697335718666842
2.0,2.0,2.0,3.0,4.0,4.0,2.5032265342582876
2.0,2.0,2.0,3.0,5.0,4.0,2.6319376901124802
2.0,2.0,2.0,4.0,1.0,2.0,1.7676201308534463
2.0,2.0,2.0,4.0,1.0,4.0,2.199256074183327
2.0,2.0,2.0,4.0,2.0,2.0,1.903417100009397
2.0,2.0,2.0,4.0,2.0,3.0,2.112526965735111
2.0,2.0,2.0,4.0,3.0,2.0,2.038897023806521
2.0,2.0,2.0,4.0,3.0,3.0,2.260073374546109
2.0,2.0,2.0,4.0,4.0,3.0,2.407038543857103
2.0,2.0,2.0,4.0,5.0,3.0,2.534226482664963
2.0,2.0,2.0,5.0,1.0,2.0,1.8806750645039443
2.0,2.0,2.0,5.0,3.0,4.0,2.6044339353147303
2.0,2.0,2.0,5.0,4.0,5.0,2.962213721542787
2.0,2.0,3.0,1.0,1.0,1.0,1.4276941660819167
2.0,2.0,3.0,1.0,1.0,2.0,1.6622980076659268
2.0,2.0,3.0,1.0,1.0,3.0,1.8776314755172765
2.0,2.0,3.0,1.0,2.0,1.0,1.5681436272677545
2.0,2.0,3.0,1.0,2.0,2.0,1.7872168558477755
2.0,2.0,3.0,1.0,2.0,3.0,2.0145416562657887
2.0,2.0,3.0,1.0,3.0,2.0,1.9305824039607278
2.0,2.0,3.0,2.0,1.0,1.0,1.5508510828420081
2.0,2.0,3.0,2.0,1.0,2.0,1.779919591298035
2.0,2.0,3.0,2.0,1.0,3.0,2.0007894312403613
2.0,2.0,3.0,2.0,2.0,1.0,1.6959599336850344
2.0,2.0,3.0,2.0,2.0,2.0,1.9262374232734667
2.0,2.0,3.0,2.0,2.0,3.0,2.137700176989961
2.0,2.0,3.0,2.0,3.0,1.0,1.834229252642915
2.0,2.0,3.0,2.0,3.0,2.0,2.069005853309443
2.0,2.0,3.0,2.0,3.0,3.0,2.255917561558683
2.0,2.0,3.0,2.0,4.0,2.0,2.1906508894444805
2.0,2.0,3.0,2.0,5.0,5.0,2.9901701630207036
2.0,2.0,3.0,3.0,1.0,2.0,1.8948794808205862
2.0,2.0,3.0,3.0,1.0,3.0,2.123948396409492
2.0,2.0,3.0,3.0,2.0,2.0,2.0387166719310486
2.0,2.0,3.0,3.0,2.0,3.0,2.2742119639548175
2.0,2.0,3.0,3.0,3.0,1.0,1.9560292360185567
2.0,2.0,3.0,3.0,3.0,2.0,2.175459898386626
2.0,2.0,3.0,3.0,3.0,3.0,2.391994226559375
2.0,2.0,3.0,3.0,3.0,4.0,2.6186385891315855
2.0,2.0,3.0,3.0,4.0,2.0,2.32200826347669
2.0,2.0,3.0,3.0,4.0,3.0,2.5384626979836615
2.0,2.0,3.0,3.0,4.0,4.0,2.75753623160541
2.0,2.0,3.0,4.0,1.0,3.0,2.245096217980314
2.0,2.0,3.0,4.0,1.0,4.0,2.467976257970635
2.0,2.0,3.0,4.0,2.0,3.0,2.3840169551117274
2.0,2.0,3.0,4.0,3.0,3.0,2.5123219812982627
2.0,2.0,3.0,4.0,3.0,4.0,2.7261782926064257
2.0,2.0,3.0,4.0,4.0,2.0,2.4496780538355334
2.0,2.0,3.0,4.0,4.0,3.0,2.660762249683484
2.0,2.0,3.0,4.0,4.0,4.0,2.88161771818388
2.0,2.0,3.0,4.0,4.0,5.0,3.1150310896104094
2.0,2.0,3.0,4.0,5.0,4.0,3.0238163217412297
2.0,2.0,3.0,5.0,2.0,3.0,2.5071751561018454
2.0,2.0,3.0,5.0,2.0,5.0,2.9574617448456157
2.0,2.0,3.0,5.0,3.0,3.0,2.646979283990687
2.0,2.0,3.0,5.0,3.0,4.0,2.8731541478707543
2.0,2.0,3.0,5.0,4.0,3.0,2.7891945737483983
2.0,2.0,3.0,5.0,4.0,4.0,3.001865384543015
2.0,2.0,3.0,5.0,4.0,5.0,3.2309340531738813
2.0,2.0,3.0,5.0,5.0,5.0,3.367844276889406
2.0,2.0,4.0,1.0,1.0,1.0,1.690748993925394
2.0,2.0,4.0,1.0,1.0,2.0,1.9090839832927162
2.0,2.0,4.0,1.0,3.0,2.0,2.1829045645304173
2.0,2.0,4.0,2.0,4.0,3.0,2.672041806651101
2.0,2.0,4.0,3.0,1.0,3.0,2.3926682074529713
2.0,2.0,4.0,3.0,3.0,3.0,2.658289911322295
2.0,2.0,4.0,3.0,4.0,3.0,2.80339910232532
2.0,2.0,4.0,3.0,4.0,4.0,3.024268816272013
2.0,2.0,4.0,3.0,5.0,2.0,2.7194396537567838
2.0,2.0,4.0,4.0,1.0,4.0,2.7284974326166123
2.0,2.0,4.0,4.0,3.0,2.0,2.560578464605191
2.0,2.0,4.0,4.0,3.0,3.0,2.7832250522263577
2.0,2.0,4.0,4.0,4.0,4.0,3.147427155677584
2.0,2.0,4.0,5.0,5.0,5.0,3.6365643870056235
2.0,2.0,5.0,1.0,1.0,1.0,1.948735741844368
2.0,2.0,5.0,2.0,1.0,2.0,2.309161648616124
2.0,2.0,5.0,2.0,5.0,5.0,3.519411808656743
2.0,2.0,5.0,5.0,5.0,5.0,3.8816577760977826
2.0,3.0,1.0,1.0,1.0,1.0,1.0364910282073156
2.0,3.0,1.0,1.0,1.0,2.0,1.1826830390511185
2.0,3.0,1.0,1.0,1.0,3.0,1.404871806293279
2.0,3.0,1.0,1.0,1.0,4.0,1.6357020147216281
2.0,3.0,1.0,1.0,2.0,1.0,1.1325991922447578
2.0,3.0,1.0,1.0,2.0,2.0,1.3463088492928548
2.0,3.0,1.0,1.0,2.0,3.0,1.5391228368180907
2.0,3.0,1.0,1.0,3.0,1.0,1.2508758098429007
2.0,3.0,1.0,1.0,3.0,2.0,1.4645536853560124
2.0,3.0,1.0,1.0,3.0,3.0,1.6911843787687784
2.0,3.0,1.0,1.0,4.0,1.0,1.3725693930621645
2.0,3.0,1.0,1.0,4.0,5.0,2.2673028510271678
2.0,3.0,1.0,2.0,1.0,1.0,1.1325044654543266
2.0,3.0,1.0,2.0,1.0,2.0,1.3111027091189056
2.0,3.0,1.0,2.0,1.0,3.0,1.529309907370708
2.0,3.0,1.0,2.0,2.0,1.0,1.2612985751558394
2.0,3.0,1.0,2.0,2.0,2.0,1.4661136911400114
2.0,3.0,1.0,2.0,3.0,1.0,1.3809969934417106
2.0,3.0,1.0,2.0,3.0,2.0,1.5902544177533637
2.0,3.0,1.0,2.0,3.0,3.0,1.806779612811798
2.0,3.0,1.0,2.0,4.0,1.0,1.5069820317558875
2.0,3.0,1.0,2.0,4.0,3.0,1.9572702811961806
2.0,3.0,1.0,2.0,5.0,4.0,2.3065014889181703
2.0,3.0,1.0,3.0,1.0,1.0,1.2262302901194129
2.0,3.0,1.0,3.0,1.0,2.0,1.4274464680394567
2.0,3.0,1.0,3.0,1.0,3.0,1.646252215951059
2.0,3.0,1.0,3.0,2.0,1.0,1.3524831055426914
2.0,3.0,1.0,3.0,2.0,2.0,1.5735668007981272
2.0,3.0,1.0,3.0,2.0,3.0,1.7965310027177046
2.0,3.0,1.0,3.0,3.0,1.0,1.4934424813604077
2.0,3.0,1.0,3.0,3.0,2.0,1.739388918669301
2.0,3.0,1.0,3.0,3.0,3.0,1.9437278342166002
2.0,3.0,1.0,3.0,3.0,4.0,2.1545715813652815
2.0,3.0,1.0,3.0,4.0,1.0,1.633147537712218
2.0,3.0,1.0,3.0,4.0,3.0,2.0631624871797194
2.0,3.0,1.0,3.0,5.0,5.0,2.650529284572534
2.0,3.0,1.0,4.0,1.0,1.0,1.337039693815873
2.0,3.0,1.0,4.0,1.0,2.0,1.5704796543974708
2.0,3.0,1.0,4.0,1.0,3.0,1.7894837087142332
2.0,3.0,1.0,4.0,2.0,1.0,1.479478233211889
2.0,3.0,1.0,4.0,2.0,2.0,1.7075395706829497
2.0,3.0,1.0,4.0,2.0,3.0,1.9212177288363133
2.0,3.0,1.0,4.0,3.0,1.0,1.6195074332913275
2.0,3.0,1.0,4.0,3.0,2.0,1.8454571900318284
2.0,3.0,1.0,4.0,3.0,3.0,2.0647330859113033
2.0,3.0,1.0,4.0,3.0,4.0,2.2789976092946307
2.0,3.0,1.0,4.0,3.0,5.0,2.499867353425847
2.0,3.0,1.0,4.0,4.0,2.0,1.9741682954314577
2.0,3.0,1.0,4.0,4.0,3.0,2.1950382137311926
2.0,3.0,1.0,4.0,4.0,4.0,2.4287897925016275
2.0,3.0,1.0,4.0,4.0,5.0,2.6449765824903997
2.0,3.0,1.0,4.0,5.0,5.0,2.7736879826503333
2.0,3.0,1.0,5.0,1.0,1.0,1.465726411607615
2.0,3.0,1.0,5.0,1.0,3.0,1.8919530888401437
2.0,3.0,1.0,5.0,3.0,2.0,1.944473180592593
2.0,3.0,1.0,5.0,3.0,4.0,2.3988851247320873
2.0,3.0,1.0,5.0,3.0,5.0,2.623025743772658
2.0,3.0,1.0,5.0,4.0,4.0,2.5472651791935244
2.0,3.0,1.0,5.0,5.0,3.0,2.431629977461379
2.0,3.0,2.0,1.0,1.0,1.0,1.2705616526396748
2.0,3.0,2.0,1.0,1.0,2.0,1.4608279948857028
2.0,3.0,2.0,1.0,1.0,3.0,1.6911477822423515
2.0,3.0,2.0,1.0,2.0,1.0,1.3522586004190977
2.0,3.0,2.0,1.0,2.0,2.0,1.6176733239048955
2.0,3.0,2.0,1.0,2.0,3.0,1.805657781776801
2.0,3.0,2.0,1.0,3.0,1.0,1.4918344339476157
2.0,3.0,2.0,1.0,3.0,2.0,1.7580565443277423
2.0,3.0,2.0,1.0,3.0,3.0,1.957719394799585
2.0,3.0,2.0,1.0,4.0,3.0,2.069119199335319
2.0,3.0,2.0,1.0,5.0,1.0,1.7730564157485167
2.0,3.0,2.0,2.0,1.0,1.0,1.3963628084339186
2.0,3.0,2.0,2.0,1.0,2.0,1.6121241653407872
2.0,3.0,2.0,2.0,1.0,3.0,1.81935171420269
2.0,3.0,2.0,2.0,1.0,4.0,2.011091255280972
2.0,3.0,2.0,2.0,2.0,1.0,1.485716682284596
2.0,3.0,2.0,2.0,2.0,2.0,1.7464372236244883
2.0,3.0,2.0,2.0,2.0,3.0,1.9332400218555439
2.0,3.0,2.0,2.0,2.0,4.0,2.163152752560936
2.0,3.0,2.0,2.0,3.0,1.0,1.6400958167712167
2.0,3.0,2.0,2.0,3.0,2.0,1.871668620254529
2.0,3.0,2.0,2.0,3.0,3.0,2.080987927646783
2.0,3.0,2.0,2.0,3.0,4.0,2.2908173541883348
2.0,3.0,2.0,2.0,4.0,2.0,1.996626226174222
2.0,3.0,2.0,2.0,4.0,3.0,2.2105351583342783
2.0,3.0,2.0,2.0,4.0,4.0,2.4301124318499094
2.0,3.0,2.0,2.0,5.0,2.0,2.125283233172317
2.0,3.0,2.0,2.0,5.0,3.0,2.346152830911022
2.0,3.0,2.0,3.0,1.0,1.0,1.4771391558270266
2.0,3.0,2.0,3.0,1.0,2.0,1.7147715096745282
2.0,3.0,2.0,3.0,1.0,3.0,1.938884677945823
2.0,3.0,2.0,3.0,1.0,4.0,2.141380292398382
2.0,3.0,2.0,3.0,2.0,1.0,1.6260374057034979
2.0,3.0,2.0,3.0,2.0,2.0,1.8615455047190452
2.0,3.0,2.0,3.0,2.0,3.0,2.0699765170228734
2.0,3.0,2.0,3.0,3.0,1.0,1.7791984316156553
2.0,3.0,2.0,3.0,3.0,2.0,1.9790749871767688
2.0,3.0,2.0,3.0,3.0,3.0,2.220811547994641
2.0,3.0,2.0,3.0,3.0,4.0,2.387260014631458
2.0,3.0,2.0,3.0,4.0,2.0,2.1375577998463857
2.0,3.0,2.0,3.0,4.0,3.0,2.329942240820139
2.0,3.0,2.0,3.0,4.0,4.0,2.5479896755310474
2.0,3.0,2.0,3.0,5.0,2.0,2.248441534563844
2.0,3.0,2.0,3.0,5.0,3.0,2.477510203233034
2.0,3.0,2.0,3.0,5.0,4.0,2.6983798069694247
2.0,3.0,2.0,4.0,1.0,1.0,1.6014244489332239
2.0,3.0,2.0,4.0,1.0,2.0,1.816580514313181
2.0,3.0,2.0,4.0,1.0,3.0,2.035464284327166
2.0,3.0,2.0,4.0,1.0,4.0,2.2635371158159296
2.0,3.0,2.0,4.0,2.0,1.0,1.7481983687067582
2.0,3.0,2.0,4.0,2.0,2.0,1.9608693801491193
2.0,3.0,2.0,4.0,2.0,3.0,2.1868724986245764
2.0,3.0,2.0,4.0,2.0,4.0,2.4108075789153522
2.0,3.0,2.0,4.0,3.0,1.0,1.8779100037806886
2.0,3.0,2.0,4.0,3.0,2.0,2.1206773821061207
2.0,3.0,2.0,4.0,3.0,3.0,2.3120190601977804
2.0,3.0,2.0,4.0,3.0,4.0,2.5265655851477997
2.0,3.0,2.0,4.0,4.0,1.0,2.0302178075081705
2.0,3.0,2.0,4.0,4.0,2.0,2.238968933675521
2.0,3.0,2.0,4.0,4.0,3.0,2.4446215977433234
2.0,3.0,2.0,4.0,4.0,4.0,2.660483829536064
2.0,3.0,2.0,4.0,5.0,2.0,2.371599908026733
2.0,3.0,2.0,4.0,5.0,3.0,2.6006684934389948
2.0,3.0,2.0,4.0,5.0,4.0,2.821538384329035
2.0,3.0,2.0,5.0,1.0,2.0,1.9389182522198198
2.0,3.0,2.0,5.0,1.0,3.0,2.16662026013155
2.0,3.0,2.0,5.0,1.0,4.0,2.3775615852923018
2.0,3.0,2.0,5.0,2.0,1.0,1.8549586536569767
2.0,3.0,2.0,5.0,2.0,2.0,2.083343515699383
2.0,3.0,2.0,5.0,2.0,3.0,2.304897183765739
2.0,3.0,2.0,5.0,2.0,4.0,2.525766825379778
2.0,3.0,2.0,5.0,3.0,3.0,2.441807503928427
2.0,3.0,2.0,5.0,3.0,4.0,2.662677174834272
2.0,3.0,2.0,5.0,4.0,2.0,2.3630696350503047
2.0,3.0,2.0,5.0,4.0,3.0,2.5902755215479534
2.0,3.0,2.0,5.0,4.0,4.0,2.784952230915663
2.0,3.0,2.0,5.0,5.0,2.0,2.50295710261827
2.0,3.0,2.0,5.0,5.0,3.0,2.7238269067916447
2.0,3.0,2.0,5.0,5.0,4.0,2.9451460722203024
2.0,3.0,2.0,5.0,5.0,5.0,3.1375843898293074
2.0,3.0,3.0,1.0,1.0,1.0,1.4714094658652426
2.0,3.0,3.0,1.0,1.0,2.0,1.7091900599315377
2.0,3.0,3.0,1.0,1.0,3.0,1.9201310823779358
2.0,3.0,3.0,1.0,2.0,1.0,1.5998956180415467
2.0,3.0,3.0,1.0,2.0,2.0,1.8134256856397724
2.0,3.0,3.0,1.0,2.0,3.0,2.096589661701315
2.0,3.0,3.0,1.0,3.0,1.0,1.7380845537170004
2.0,3.0,3.0,1.0,3.0,2.0,1.9528513797428781
2.0,3.0,3.0,1.0,3.0,3.0,2.1920462614794194
2.0,3.0,3.0,1.0,3.0,4.0,2.4305650181315173
2.0,3.0,3.0,1.0,4.0,1.0,1.8966671259720114
2.0,3.0,3.0,1.0,4.0,2.0,2.1175369167425417
2.0,3.0,3.0,1.0,4.0,3.0,2.341012764121668
2.0,3.0,3.0,1.0,5.0,3.0,2.475316923620883
2.0,3.0,3.0,2.0,1.0,1.0,1.6215051775621843
2.0,3.0,3.0,2.0,1.0,2.0,1.8391906360791779
2.0,3.0,3.0,2.0,1.0,3.0,2.0736188319530764
2.0,3.0,3.0,2.0,2.0,1.0,1.733967943902921
2.0,3.0,3.0,2.0,2.0,2.0,1.9769595748914948
2.0,3.0,3.0,2.0,2.0,3.0,2.206962891992398
2.0,3.0,3.0,2.0,3.0,1.0,1.891999266498463
2.0,3.0,3.0,2.0,3.0,2.0,2.1080106503185503
2.0,3.0,3.0,2.0,3.0,3.0,2.3189317434165586
2.0,3.0,3.0,2.0,3.0,4.0,2.553723396009116
2.0,3.0,3.0,2.0,4.0,2.0,2.246869607020047
2.0,3.0,3.0,2.0,4.0,3.0,2.4789943459723065
2.0,3.0,3.0,2.0,4.0,4.0,2.6980594394074284
2.0,3.0,3.0,2.0,5.0,4.0,2.8275438096426573
2.0,3.0,3.0,3.0,1.0,1.0,1.7262975416312363
2.0,3.0,3.0,3.0,1.0,2.0,1.9553178514382494
2.0,3.0,3.0,3.0,1.0,3.0,2.1907668177634596
2.0,3.0,3.0,3.0,1.0,4.0,2.4030612076166906
2.0,3.0,3.0,3.0,2.0,1.0,1.877362452621335
2.0,3.0,3.0,3.0,2.0,2.0,2.1394220097337664
2.0,3.0,3.0,3.0,2.0,3.0,2.342768431960306
2.0,3.0,3.0,3.0,2.0,4.0,2.5518444258400503
2.0,3.0,3.0,3.0,3.0,1.0,1.9979554998910403
2.0,3.0,3.0,3.0,3.0,2.0,2.2247269072580234
2.0,3.0,3.0,3.0,3.0,3.0,2.468796034880716
2.0,3.0,3.0,3.0,3.0,4.0,2.6659916207069076
2.0,3.0,3.0,3.0,4.0,1.0,2.1511828246179903
2.0,3.0,3.0,3.0,4.0,2.0,2.3690263278643924
2.0,3.0,3.0,3.0,4.0,3.0,2.582142731425515
2.0,3.0,3.0,3.0,4.0,4.0,2.813247416710372
2.0,3.0,3.0,3.0,5.0,1.0,2.288093074179559
2.0,3.0,3.0,3.0,5.0,2.0,2.5048232042938188
2.0,3.0,3.0,3.0,5.0,3.0,2.732029138043313
2.0,3.0,3.0,3.0,5.0,4.0,2.958901236890283
2.0,3.0,3.0,3.0,5.0,5.0,3.18796980396334
2.0,3.0,3.0,4.0,1.0,1.0,1.864718865002949
2.0,3.0,3.0,4.0,1.0,2.0,2.0844802833123888
2.0,3.0,3.0,4.0,1.0,3.0,2.282013466007482
2.0,3.0,3.0,4.0,1.0,4.0,2.517446642719102
2.0,3.0,3.0,4.0,2.0,2.0,2.2213903438745133
2.0,3.0,3.0,4.0,2.0,3.0,2.4612007251434718
2.0,3.0,3.0,4.0,2.0,4.0,2.6685638854826412
2.0,3.0,3.0,4.0,3.0,2.0,2.349697485103618
2.0,3.0,3.0,4.0,3.0,3.0,2.561840186045951
2.0,3.0,3.0,4.0,3.0,4.0,2.8015993903986436
2.0,3.0,3.0,4.0,3.0,5.0,3.037307583065837
2.0,3.0,3.0,4.0,4.0,3.0,2.7188759022019338
2.0,3.0,3.0,4.0,4.0,4.0,2.947314803251452
2.0,3.0,3.0,4.0,5.0,3.0,2.8785828677420393
2.0,3.0,3.0,4.0,5.0,4.0,3.0738602889033237
2.0,3.0,3.0,4.0,5.0,5.0,3.3061082626338933
2.0,3.0,3.0,5.0,1.0,2.0,2.215837526690143
2.0,3.0,3.0,5.0,1.0,3.0,2.4285082051438334
2.0,3.0,3.0,5.0,2.0,4.0,2.7944870760757134
2.0,3.0,3.0,5.0,2.0,5.0,3.007157842176082
2.0,3.0,3.0,5.0,3.0,3.0,2.6982969995259514
2.0,3.0,3.0,5.0,3.0,4.0,2.932503459497675
2.0,3.0,3.0,5.0,4.0,3.0,2.84743795459626
2.0,3.0,3.0,5.0,4.0,4.0,3.055975833165339
2.0,3.0,3.0,5.0,4.0,5.0,3.284511399625469
2.0,3.0,3.0,5.0,5.0,3.0,2.9843480110604728
2.0,3.0,3.0,5.0,5.0,4.0,3.2180399348310558
2.0,3.0,3.0,5.0,5.0,5.0,3.3982935691595353
2.0,3.0,4.0,1.0,1.0,1.0,1.7464577399828467
2.0,3.0,4.0,1.0,1.0,3.0,2.1963959569707683
2.0,3.0,4.0,1.0,2.0,2.0,2.112436462854363
2.0,3.0,4.0,2.0,1.0,2.0,2.0986845581796967
2.0,3.0,4.0,2.0,2.0,2.0,2.233678291981573
2.0,3.0,4.0,2.0,3.0,1.0,2.142269281030182
2.0,3.0,4.0,2.0,3.0,2.0,2.385739965155678
2.0,3.0,4.0,2.0,3.0,3.0,2.585175936248143
2.0,3.0,4.0,2.0,4.0,2.0,2.509415375157238
2.0,3.0,4.0,2.0,4.0,4.0,2.959353676072661
2.0,3.0,4.0,3.0,1.0,1.0,1.9927741327280137
2.0,3.0,4.0,3.0,1.0,2.0,2.2300419440448036
2.0,3.0,4.0,3.0,1.0,3.0,2.4472440783456633
2.0,3.0,4.0,3.0,1.0,4.0,2.6717812936667173
2.0,3.0,4.0,3.0,2.0,3.0,2.587821974234997
2.0,3.0,4.0,3.0,3.0,2.0,2.4876656879454755
2.0,3.0,4.0,3.0,3.0,3.0,2.7141934078316194
2.0,3.0,4.0,3.0,3.0,4.0,2.9456019038309003
2.0,3.0,4.0,3.0,4.0,3.0,2.8489584565747808
2.0,3.0,4.0,3.0,4.0,4.0,3.0965349609072867
2.0,3.0,4.0,3.0,5.0,3.0,2.998552650171023
2.0,3.0,4.0,4.0,1.0,3.0,2.5740699401209475
2.0,3.0,4.0,4.0,2.0,2.0,2.4819114408207947
2.0,3.0,4.0,4.0,2.0,3.0,2.710980185451647
2.0,3.0,4.0,4.0,2.0,4.0,2.924881997533088
2.0,3.0,4.0,4.0,3.0,3.0,2.842277006672191
2.0,3.0,4.0,4.0,3.0,4.0,3.074514469817794
2.0,3.0,4.0,4.0,3.0,5.0,3.297828801091264
2.0,3.0,4.0,4.0,4.0,3.0,2.9696456456668954
2.0,3.0,4.0,4.0,4.0,4.0,3.2022600880771144
2.0,3.0,4.0,4.0,4.0,5.0,3.4429380160972434
2.0,3.0,4.0,4.0,5.0,3.0,3.129909877958042
2.0,3.0,4.0,4.0,5.0,4.0,3.339794458971535
2.0,3.0,4.0,4.0,5.0,5.0,3.571649318636438
2.0,3.0,4.0,5.0,2.0,4.0,3.0468093224613457
2.0,3.0,4.0,5.0,3.0,4.0,3.1919185525938967
2.0,3.0,4.0,5.0,4.0,3.0,3.107080708325107
2.0,3.0,4.0,5.0,4.0,4.0,3.3315898554496974
2.0,3.0,4.0,5.0,4.0,5.0,3.5496984774947706
2.0,3.0,4.0,5.0,5.0,2.0,3.007601565659995
2.0,3.0,4.0,5.0,5.0,4.0,3.465738969716963
2.0,3.0,4.0,5.0,5.0,5.0,3.688621383756014
2.0,3.0,5.0,4.0,2.0,2.0,2.742432743057923
2.0,3.0,5.0,4.0,3.0,3.0,3.1002126318803236
2.0,3.0,5.0,4.0,4.0,3.0,3.2453218674241238
2.0,3.0,5.0,5.0,4.0,3.0,3.3766791419339963
2.0,3.0,5.0,5.0,4.0,4.0,3.589349905352767
2.0,3.0,5.0,5.0,5.0,4.0,3.7344591807486336
2.0,3.0,5.0,5.0,5.0,5.0,3.9483989795279593
2.0,4.0,1.0,1.0,1.0,1.0,1.0365103743208695
2.0,4.0,1.0,1.0,1.0,2.0,1.246149492158999
2.0,4.0,1.0,1.0,1.0,3.0,1.4777214480848955
2.0,4.0,1.0,1.0,2.0,1.0,1.1980307334204738
2.0,4.0,1.0,1.0,2.0,2.0,1.3989707864310694
2.0,4.0,1.0,1.0,2.0,3.0,1.6050247870977477
2.0,4.0,1.0,1.0,3.0,1.0,1.2894058677488407
2.0,4.0,1.0,1.0,3.0,2.0,1.5326176177637454
2.0,4.0,1.0,1.0,3.0,3.0,1.7408216903039633
2.0,4.0,1.0,1.0,4.0,1.0,1.4314526525253726
2.0,4.0,1.0,1.0,4.0,2.0,1.6656772516099652
2.0,4.0,1.0,1.0,4.0,3.0,1.883806354246422
2.0,4.0,1.0,2.0,1.0,1.0,1.1730931545142578
2.0,4.0,1.0,2.0,1.0,2.0,1.396834119406504
2.0,4.0,1.0,2.0,1.0,3.0,1.599517074028298
2.0,4.0,1.0,2.0,2.0,1.0,1.311934922111804
2.0,4.0,1.0,2.0,2.0,2.0,1.5222004209156035
2.0,4.0,1.0,2.0,2.0,3.0,1.7374485344782087
2.0,4.0,1.0,2.0,3.0,1.0,1.4316726882307753
2.0,4.0,1.0,2.0,3.0,2.0,1.6681864420838506
2.0,4.0,1.0,2.0,3.0,3.0,1.8662402897682004
2.0,4.0,1.0,2.0,4.0,1.0,1.5652252245659815
2.0,4.0,1.0,2.0,4.0,2.0,1.7860949453493904
2.0,4.0,1.0,2.0,5.0,4.0,2.372943595374751
2.0,4.0,1.0,3.0,1.0,1.0,1.2641847941851854
2.0,4.0,1.0,3.0,1.0,2.0,1.4986293208927675
2.0,4.0,1.0,3.0,1.0,3.0,1.7239184900593107
2.0,4.0,1.0,3.0,1.0,4.0,1.9320631289078696
2.0,4.0,1.0,3.0,2.0,1.0,1.427512101632854
2.0,4.0,1.0,3.0,2.0,2.0,1.6319549758820786
2.0,4.0,1.0,3.0,2.0,3.0,1.8383304097048825
2.0,4.0,1.0,3.0,2.0,4.0,2.0771722218709616
2.0,4.0,1.0,3.0,3.0,1.0,1.5593846952941346
2.0,4.0,1.0,3.0,3.0,2.0,1.7673849990662174
2.0,4.0,1.0,3.0,3.0,3.0,1.9728364572225798
2.0,4.0,1.0,3.0,3.0,4.0,2.214082486832414
2.0,4.0,1.0,3.0,4.0,1.0,1.680184709763094
2.0,4.0,1.0,3.0,4.0,3.0,2.126997990095082
2.0,4.0,1.0,3.0,4.0,4.0,2.3533961001064947
2.0,4.0,1.0,3.0,5.0,5.0,2.7251706478880235
2.0,4.0,1.0,4.0,1.0,1.0,1.4039582988045864
2.0,4.0,1.0,4.0,1.0,2.0,1.614756875172002
2.0,4.0,1.0,4.0,1.0,3.0,1.8264859922041343
2.0,4.0,1.0,4.0,1.0,4.0,2.0375885149638395
2.0,4.0,1.0,4.0,2.0,1.0,1.52952248592901
2.0,4.0,1.0,4.0,2.0,3.0,1.9714951383203339
2.0,4.0,1.0,4.0,2.0,4.0,2.2003305769753827
2.0,4.0,1.0,4.0,3.0,1.0,1.6664327746734215
2.0,4.0,1.0,4.0,3.0,2.0,1.9044830630755352
2.0,4.0,1.0,4.0,3.0,3.0,2.1343560103955705
2.0,4.0,1.0,4.0,3.0,4.0,2.334497927169691
2.0,4.0,1.0,4.0,4.0,2.0,2.032147573430161
2.0,4.0,1.0,4.0,4.0,3.0,2.239197511266508
2.0,4.0,1.0,4.0,4.0,4.0,2.475360876693844
2.0,4.0,1.0,4.0,5.0,3.0,2.390191602901751
2.0,4.0,1.0,4.0,5.0,4.0,2.619260285901569
2.0,4.0,1.0,5.0,1.0,2.0,1.7448392144209073
2.0,4.0,1.0,5.0,1.0,3.0,1.965708952148068
2.0,4.0,1.0,5.0,2.0,2.0,1.8908429975023189
2.0,4.0,1.0,5.0,3.0,3.0,2.22759741729165
2.0,4.0,1.0,5.0,3.0,4.0,2.4685981937895662
2.0,4.0,1.0,5.0,4.0,3.0,2.3764397421964825
2.0,4.0,1.0,5.0,4.0,4.0,2.589110506293838
2.0,4.0,1.0,5.0,5.0,3.0,2.513350104870884
2.0,4.0,1.0,5.0,5.0,5.0,2.95508925264763
2.0,4.0,2.0,1.0,1.0,1.0,1.2912197791057858
2.0,4.0,2.0,1.0,1.0,2.0,1.5199420309508516
2.0,4.0,2.0,1.0,1.0,3.0,1.719498248126712
2.0,4.0,2.0,1.0,2.0,1.0,1.4341612503764358
2.0,4.0,2.0,1.0,2.0,2.0,1.646775189126108
2.0,4.0,2.0,1.0,2.0,3.0,1.873614347575581
2.0,4.0,2.0,1.0,3.0,1.0,1.552096198867356
2.0,4.0,2.0,1.0,3.0,2.0,1.8012129069139213
2.0,4.0,2.0,1.0,3.0,3.0,1.983494577717957
2.0,4.0,2.0,1.0,3.0,4.0,2.228287105590279
2.0,4.0,2.0,1.0,4.0,2.0,1.9234578100990662
2.0,4.0,2.0,1.0,4.0,3.0,2.1397429411080426
2.0,4.0,2.0,1.0,5.0,2.0,2.0603683321763593
2.0,4.0,2.0,2.0,1.0,1.0,1.4048540246719226
2.0,4.0,2.0,2.0,1.0,2.0,1.6461031380494784
2.0,4.0,2.0,2.0,1.0,3.0,1.8335108924434618
2.0,4.0,2.0,2.0,2.0,1.0,1.554678775286888
2.0,4.0,2.0,2.0,2.0,2.0,1.7940331401903586
2.0,4.0,2.0,2.0,2.0,3.0,2.0095893437902137
2.0,4.0,2.0,2.0,3.0,1.0,1.6913662838340084
2.0,4.0,2.0,2.0,3.0,2.0,1.9616919641646906
2.0,4.0,2.0,2.0,3.0,3.0,2.1333068155372032
2.0,4.0,2.0,2.0,3.0,4.0,2.348586993145711
2.0,4.0,2.0,2.0,4.0,2.0,2.0610115501076236
2.0,4.0,2.0,2.0,4.0,3.0,2.287279569359047
2.0,4.0,2.0,2.0,4.0,4.0,2.4804761597718885
2.0,4.0,2.0,2.0,5.0,3.0,2.4125951292565104
2.0,4.0,2.0,3.0,1.0,1.0,1.5441955191497418
2.0,4.0,2.0,3.0,1.0,2.0,1.7721192860210895
2.0,4.0,2.0,3.0,1.0,3.0,2.0342180483462347
2.0,4.0,2.0,3.0,1.0,4.0,2.191017647326006
2.0,4.0,2.0,3.0,2.0,1.0,1.6853996566542675
2.0,4.0,2.0,3.0,2.0,2.0,1.9093296232932582
2.0,4.0,2.0,3.0,2.0,3.0,2.1276372233345553
2.0,4.0,2.0,3.0,2.0,4.0,2.3483780475061486
2.0,4.0,2.0,3.0,3.0,1.0,1.8081746812146755
2.0,4.0,2.0,3.0,3.0,2.0,2.034781696784674
2.0,4.0,2.0,3.0,3.0,3.0,2.260855203708192
2.0,4.0,2.0,3.0,3.0,4.0,2.4836072592035436
2.0,4.0,2.0,3.0,4.0,1.0,1.9489048134988907
2.0,4.0,2.0,3.0,4.0,2.0,2.1802590662815406
2.0,4.0,2.0,3.0,4.0,3.0,2.3778674039402046
2.0,4.0,2.0,3.0,4.0,4.0,2.603182854563784
2.0,4.0,2.0,3.0,5.0,4.0,2.766734444798494
2.0,4.0,2.0,3.0,5.0,5.0,2.977492772672764
2.0,4.0,2.0,4.0,1.0,1.0,1.6694608071041372
2.0,4.0,2.0,4.0,1.0,2.0,1.877026213298419
2.0,4.0,2.0,4.0,1.0,3.0,2.097474286634215
2.0,4.0,2.0,4.0,1.0,4.0,2.332194377351059
2.0,4.0,2.0,4.0,2.0,1.0,1.8064416154973364
2.0,4.0,2.0,4.0,2.0,2.0,2.0258259151152203
2.0,4.0,2.0,4.0,2.0,3.0,2.254029697502135
2.0,4.0,2.0,4.0,2.0,4.0,2.4497871968842166
2.0,4.0,2.0,4.0,2.0,5.0,2.6899203888535475
2.0,4.0,2.0,4.0,3.0,2.0,2.157752234832173
2.0,4.0,2.0,4.0,3.0,3.0,2.3811529481742952
2.0,4.0,2.0,4.0,3.0,4.0,2.582096163667203
2.0,4.0,2.0,4.0,4.0,1.0,2.0720629972891382
2.0,4.0,2.0,4.0,4.0,2.0,2.301131854281626
2.0,4.0,2.0,4.0,4.0,3.0,2.5197316275828796
2.0,4.0,2.0,4.0,4.0,4.0,2.690844189473567
2.0,4.0,2.0,4.0,4.0,5.0,2.9566086795414925
2.0,4.0,2.0,4.0,5.0,3.0,2.6507128064955805
2.0,4.0,2.0,4.0,5.0,5.0,3.1006512054323756
2.0,4.0,2.0,5.0,1.0,2.0,1.9971839826162912
2.0,4.0,2.0,5.0,1.0,4.0,2.447100009258563
2.0,4.0,2.0,5.0,1.0,5.0,2.6625371707073184
2.0,4.0,2.0,5.0,2.0,3.0,2.3713393609253144
2.0,4.0,2.0,5.0,2.0,4.0,2.5840101631260155
2.0,4.0,2.0,5.0,3.0,4.0,2.7150573136044565
2.0,4.0,2.0,5.0,4.0,2.0,2.412706924330014
2.0,4.0,2.0,5.0,4.0,3.0,2.640549066878192
2.0,4.0,2.0,5.0,4.0,4.0,2.8692450625009505
2.0,4.0,2.0,5.0,4.0,5.0,3.077430265831119
2.0,4.0,2.0,5.0,5.0,3.0,2.775709761240848
2.0,4.0,2.0,5.0,5.0,4.0,2.986864214748637
2.0,4.0,2.0,5.0,5.0,5.0,3.207118682433945
2.0,4.0,3.0,1.0,1.0,1.0,1.5292394348929765
2.0,4.0,3.0,1.0,1.0,2.0,1.7688388060595648
2.0,4.0,3.0,1.0,2.0,1.0,1.6753372135853977
2.0,4.0,3.0,1.0,2.0,2.0,1.9209483851325901
2.0,4.0,3.0,1.0,2.0,3.0,2.1380946315399334
2.0,4.0,3.0,1.0,3.0,1.0,1.819479797634883
2.0,4.0,3.0,1.0,3.0,2.0,2.0382417892793927
2.0,4.0,3.0,1.0,3.0,3.0,2.2788176118966326
2.0,4.0,3.0,1.0,3.0,4.0,2.488808236448873
2.0,4.0,3.0,1.0,4.0,1.0,1.9634087880537878
2.0,4.0,3.0,1.0,4.0,2.0,2.1839790292576384
2.0,4.0,3.0,1.0,4.0,3.0,2.417820701467758
2.0,4.0,3.0,1.0,5.0,4.0,2.770827587741752
2.0,4.0,3.0,2.0,1.0,1.0,1.6727037887722234
2.0,4.0,3.0,2.0,1.0,2.0,1.9175351196149002
2.0,4.0,3.0,2.0,1.0,3.0,2.1254755038281683
2.0,4.0,3.0,2.0,2.0,1.0,1.8089458460705898
2.0,4.0,3.0,2.0,2.0,2.0,2.04594507874016
2.0,4.0,3.0,2.0,2.0,3.0,2.2672590638832943
2.0,4.0,3.0,2.0,2.0,4.0,2.4750563407526496
2.0,4.0,3.0,2.0,3.0,1.0,1.950571609106823
2.0,4.0,3.0,2.0,3.0,2.0,2.137262230608494
2.0,4.0,3.0,2.0,3.0,3.0,2.409897228367388
2.0,4.0,3.0,2.0,4.0,1.0,2.0862676496061807
2.0,4.0,3.0,2.0,4.0,2.0,2.315767270939785
2.0,4.0,3.0,2.0,4.0,3.0,2.5258824789011767
2.0,4.0,3.0,2.0,4.0,4.0,2.7529277955928557
2.0,4.0,3.0,2.0,5.0,4.0,2.8857869541793257
2.0,4.0,3.0,3.0,1.0,1.0,1.795523986352447
2.0,4.0,3.0,3.0,1.0,2.0,2.0424209190837246
2.0,4.0,3.0,3.0,1.0,3.0,2.2469103407987467
2.0,4.0,3.0,3.0,1.0,4.0,2.4695033838909626
2.0,4.0,3.0,3.0,2.0,1.0,1.9356056008136038
2.0,4.0,3.0,3.0,2.0,2.0,2.181131632560764
2.0,4.0,3.0,3.0,2.0,3.0,2.395945511568716
2.0,4.0,3.0,3.0,2.0,4.0,2.593349439603079
2.0,4.0,3.0,3.0,3.0,1.0,2.0719255168498485
2.0,4.0,3.0,3.0,3.0,2.0,2.2823778363999203
2.0,4.0,3.0,3.0,3.0,3.0,2.5647712115690524
2.0,4.0,3.0,3.0,3.0,4.0,2.7324611263519336
2.0,4.0,3.0,3.0,3.0,5.0,2.964193456586799
2.0,4.0,3.0,3.0,4.0,2.0,2.4527295215701237
2.0,4.0,3.0,3.0,4.0,3.0,2.699638271528417
2.0,4.0,3.0,3.0,4.0,4.0,2.88301624441989
2.0,4.0,3.0,3.0,5.0,3.0,2.7897988085716947
2.0,4.0,3.0,3.0,5.0,4.0,3.000740092653919
2.0,4.0,3.0,4.0,1.0,1.0,1.914356228599908
2.0,4.0,3.0,4.0,1.0,2.0,2.1540667099457673
2.0,4.0,3.0,4.0,1.0,3.0,2.338728019459434
2.0,4.0,3.0,4.0,1.0,4.0,2.5738406358849555
2.0,4.0,3.0,4.0,2.0,1.0,2.058763821284526
2.0,4.0,3.0,4.0,2.0,2.0,2.289963802841505
2.0,4.0,3.0,4.0,2.0,3.0,2.5081644322708643
2.0,4.0,3.0,4.0,2.0,4.0,2.708715595421357
2.0,4.0,3.0,4.0,2.0,5.0,2.9508444409854864
2.0,4.0,3.0,4.0,3.0,1.0,2.203873044816775
2.0,4.0,3.0,4.0,3.0,2.0,2.414544926754185
2.0,4.0,3.0,4.0,3.0,3.0,2.669453618902416
2.0,4.0,3.0,4.0,3.0,4.0,2.84520438245372
2.0,4.0,3.0,4.0,4.0,1.0,2.3407833302668917
2.0,4.0,3.0,4.0,4.0,2.0,2.538324296858925
2.0,4.0,3.0,4.0,4.0,3.0,2.7642974946370527
2.0,4.0,3.0,4.0,4.0,4.0,2.969117979513523
2.0,4.0,3.0,4.0,4.0,5.0,3.220643768248468
2.0,4.0,3.0,4.0,5.0,2.0,2.698563263192884
2.0,4.0,3.0,4.0,5.0,3.0,2.9194328464097485
2.0,4.0,3.0,4.0,5.0,4.0,3.1559485032398116
2.0,4.0,3.0,5.0,1.0,3.0,2.4949502926177316
2.0,4.0,3.0,5.0,1.0,4.0,2.6937338236329236
2.0,4.0,3.0,5.0,1.0,5.0,2.929072084566173
2.0,4.0,3.0,5.0,2.0,2.0,2.415780363466757
2.0,4.0,3.0,5.0,2.0,4.0,2.866404926115588
2.0,4.0,3.0,5.0,3.0,1.0,2.310633534291261
2.0,4.0,3.0,5.0,3.0,2.0,2.53970211190776
2.0,4.0,3.0,5.0,3.0,3.0,2.744529876686282
2.0,4.0,3.0,5.0,3.0,4.0,2.965881880866028
2.0,4.0,3.0,5.0,3.0,5.0,3.207113687162836
2.0,4.0,3.0,5.0,4.0,2.0,2.6873742424516336
2.0,4.0,3.0,5.0,4.0,3.0,2.90720214138955
2.0,4.0,3.0,5.0,4.0,4.0,3.104172240823412
2.0,4.0,3.0,5.0,4.0,5.0,3.34950398767842
2.0,4.0,3.0,5.0,5.0,3.0,3.0507901902139514
2.0,4.0,3.0,5.0,5.0,4.0,3.275128861981616
2.0,4.0,3.0,5.0,5.0,5.0,3.477279386834526
2.0,4.0,4.0,1.0,1.0,1.0,1.7933830888736317
2.0,4.0,4.0,1.0,3.0,2.0,2.307590095762099
2.0,4.0,4.0,1.0,4.0,2.0,2.440885047661294
2.0,4.0,4.0,1.0,4.0,4.0,2.878040562518
2.0,4.0,4.0,1.0,4.0,5.0,3.107109417158414
2.0,4.0,4.0,2.0,1.0,1.0,1.9360580836291832
2.0,4.0,4.0,2.0,1.0,2.0,2.155651067700734
2.0,4.0,4.0,2.0,1.0,3.0,2.3777974969412043
2.0,4.0,4.0,2.0,2.0,1.0,2.0729683668541177
2.0,4.0,4.0,2.0,2.0,2.0,2.2822646674179463
2.0,4.0,4.0,2.0,3.0,1.0,2.201679733233367
2.0,4.0,4.0,2.0,3.0,2.0,2.4408847148777406
2.0,4.0,4.0,2.0,3.0,3.0,2.6653364362997567
2.0,4.0,4.0,2.0,4.0,1.0,2.3467888478035577
2.0,4.0,4.0,2.0,4.0,2.0,2.5630418095350693
2.0,4.0,4.0,2.0,4.0,3.0,2.804926263394135
2.0,4.0,4.0,2.0,4.0,4.0,3.0255859379016563
2.0,4.0,4.0,2.0,5.0,4.0,3.154507280468319
2.0,4.0,4.0,3.0,1.0,1.0,2.059216404221185
2.0,4.0,4.0,3.0,1.0,2.0,2.277807885879923
2.0,4.0,4.0,3.0,1.0,3.0,2.509154965221796
2.0,4.0,4.0,3.0,2.0,1.0,2.1961267467687913
2.0,4.0,4.0,3.0,2.0,2.0,2.425195533110083
2.0,4.0,4.0,3.0,2.0,3.0,2.644249717093635
2.0,4.0,4.0,3.0,2.0,4.0,2.85873585951795
2.0,4.0,4.0,3.0,3.0,2.0,2.5646147220689435
2.0,4.0,4.0,3.0,3.0,3.0,2.7655553400016624
2.0,4.0,4.0,3.0,3.0,4.0,2.995646117932924
2.0,4.0,4.0,3.0,4.0,2.0,2.6908170019526274
2.0,4.0,4.0,3.0,4.0,3.0,2.917121569824948
2.0,4.0,4.0,3.0,4.0,4.0,3.153380180633059
2.0,4.0,4.0,3.0,4.0,5.0,3.369823992202087
2.0,4.0,4.0,4.0,1.0,1.0,2.1741758936652826
2.0,4.0,4.0,4.0,1.0,2.0,2.4032446004279553
2.0,4.0,4.0,4.0,1.0,3.0,2.6271706575503173
2.0,4.0,4.0,4.0,1.0,4.0,2.844983993985867
2.0,4.0,4.0,4.0,2.0,3.0,2.7667604641279793
2.0,4.0,4.0,4.0,2.0,4.0,2.9823280940437384
2.0,4.0,4.0,4.0,3.0,2.0,2.6770649064452683
2.0,4.0,4.0,4.0,3.0,3.0,2.913898109763024
2.0,4.0,4.0,4.0,3.0,4.0,3.1411819793659723
2.0,4.0,4.0,4.0,4.0,1.0,2.5931055662878757
2.0,4.0,4.0,4.0,4.0,2.0,2.8221742516046278
2.0,4.0,4.0,4.0,4.0,3.0,3.047358912790613
2.0,4.0,4.0,4.0,4.0,4.0,3.2618018508644337
2.0,4.0,4.0,4.0,4.0,5.0,3.4808407801800767
2.0,4.0,4.0,4.0,5.0,3.0,3.1689837234705576
2.0,4.0,4.0,4.0,5.0,4.0,3.418557185793771
2.0,4.0,4.0,5.0,1.0,4.0,2.976341222670912
2.0,4.0,4.0,5.0,2.0,4.0,3.113251518409003
2.0,4.0,4.0,5.0,3.0,1.0,2.58277385014788
2.0,4.0,4.0,5.0,3.0,3.0,3.0374910644975675
2.0,4.0,4.0,5.0,3.0,4.0,3.248127088679363
2.0,4.0,4.0,5.0,4.0,4.0,3.37093921977064
2.0,4.0,4.0,5.0,4.0,5.0,3.6093512737342324
2.0,4.0,4.0,5.0,5.0,4.0,3.4914654570431907
2.0,4.0,4.0,5.0,5.0,5.0,3.7205488071369275
2.0,4.0,5.0,1.0,3.0,2.0,2.568111136737162
2.0,4.0,5.0,2.0,2.0,3.0,2.7752290525477212
2.0,4.0,5.0,2.0,3.0,4.0,3.1330087678253267
2.0,4.0,5.0,2.0,4.0,3.0,3.0567825706143843
2.0,4.0,5.0,3.0,1.0,2.0,2.5406074015990066
2.0,4.0,5.0,3.0,3.0,3.0,3.0516954806936893
2.0,4.0,5.0,3.0,3.0,4.0,3.272565177908288
2.0,4.0,5.0,3.0,4.0,3.0,3.1722078711565196
2.0,4.0,5.0,3.0,4.0,5.0,3.622146172284984
2.0,4.0,5.0,3.0,5.0,5.0,3.7590563055041666
2.0,4.0,5.0,4.0,3.0,3.0,3.1666548694987444
2.0,4.0,5.0,4.0,3.0,4.0,3.4006375155702058
2.0,4.0,5.0,4.0,4.0,3.0,3.3092284909608005
2.0,4.0,5.0,4.0,4.0,4.0,3.532633798524583
2.0,4.0,5.0,4.0,4.0,5.0,3.755508099754395
2.0,4.0,5.0,4.0,5.0,3.0,3.4322764953017066
2.0,4.0,5.0,4.0,5.0,4.0,3.655966681747019
2.0,4.0,5.0,4.0,5.0,5.0,3.8437813391133298
2.0,4.0,5.0,5.0,1.0,5.0,3.449533177044274
2.0,4.0,5.0,5.0,3.0,1.0,2.856272656458729
2.0,4.0,5.0,5.0,4.0,4.0,3.6393941475731704
2.0,4.0,5.0,5.0,4.0,5.0,3.8250076021129753
2.0,4.0,5.0,5.0,5.0,4.0,3.794388101330753
2.0,4.0,5.0,5.0,5.0,5.0,3.9752732917417264
2.0,5.0,1.0,1.0,1.0,1.0,1.0851953847001417
2.0,5.0,1.0,1.0,1.0,2.0,1.310996854207772
2.0,5.0,1.0,1.0,1.0,3.0,1.5313188551725434
2.0,5.0,1.0,1.0,2.0,1.0,1.2158665504664372
2.0,5.0,1.0,1.0,2.0,2.0,1.4526227166830907
2.0,5.0,1.0,1.0,3.0,1.0,1.369801583105681
2.0,5.0,1.0,1.0,3.0,2.0,1.5782440933240292
2.0,5.0,1.0,1.0,3.0,3.0,1.8067236065903078
2.0,5.0,1.0,1.0,4.0,1.0,1.49223741921741
2.0,5.0,1.0,1.0,4.0,2.0,1.7071823008837232
2.0,5.0,1.0,1.0,4.0,3.0,1.942049566635393
2.0,5.0,1.0,1.0,5.0,4.0,2.2811265591677876
2.0,5.0,1.0,2.0,1.0,1.0,1.2059798765006116
2.0,5.0,1.0,2.0,1.0,2.0,1.4277749142921998
2.0,5.0,1.0,2.0,2.0,1.0,1.344005875231533
2.0,5.0,1.0,2.0,2.0,2.0,1.5791247049048769
2.0,5.0,1.0,2.0,2.0,3.0,1.7849512051827574
2.0,5.0,1.0,2.0,3.0,1.0,1.4865582178584693
2.0,5.0,1.0,2.0,3.0,2.0,1.7064480611454103
2.0,5.0,1.0,2.0,3.0,3.0,1.9213870145283092
2.0,5.0,1.0,2.0,4.0,1.0,1.615269489018834
2.0,5.0,1.0,2.0,4.0,2.0,1.845603672730756
2.0,5.0,1.0,2.0,4.0,3.0,2.065207862166369
2.0,5.0,1.0,2.0,4.0,4.0,2.277878679452207
2.0,5.0,1.0,2.0,4.0,5.0,2.5151462873912815
2.0,5.0,1.0,2.0,5.0,3.0,2.202118176105115
2.0,5.0,1.0,3.0,1.0,1.0,1.3252273499115068
2.0,5.0,1.0,3.0,1.0,2.0,1.5485668492356282
2.0,5.0,1.0,3.0,1.0,3.0,1.765088651571885
2.0,5.0,1.0,3.0,1.0,4.0,1.9985052379115478
2.0,5.0,1.0,3.0,2.0,1.0,1.4732439696038724
2.0,5.0,1.0,3.0,2.0,2.0,1.7124313744852773
2.0,5.0,1.0,3.0,2.0,3.0,1.9071079735803924
2.0,5.0,1.0,3.0,3.0,1.0,1.5966253607600567
2.0,5.0,1.0,3.0,3.0,2.0,1.8256218201562726
2.0,5.0,1.0,3.0,3.0,3.0,2.0486600531562926
2.0,5.0,1.0,3.0,4.0,2.0,1.975695419467572
2.0,5.0,1.0,3.0,4.0,3.0,2.1838432062686794
2.0,5.0,1.0,4.0,1.0,1.0,1.4508555261910236
2.0,5.0,1.0,4.0,1.0,3.0,1.8943268026403293
2.0,5.0,1.0,4.0,1.0,4.0,2.1216635917520774
2.0,5.0,1.0,4.0,2.0,1.0,1.586348562286991
2.0,5.0,1.0,4.0,2.0,2.0,1.8183234837024258
2.0,5.0,1.0,4.0,2.0,3.0,2.0367977368951338
2.0,5.0,1.0,4.0,3.0,2.0,1.9544900112312362
2.0,5.0,1.0,4.0,3.0,3.0,2.181326267155732
2.0,5.0,1.0,4.0,3.0,4.0,2.3891029936389567
2.0,5.0,1.0,4.0,4.0,1.0,1.8697851055379258
2.0,5.0,1.0,4.0,4.0,2.0,2.098049611197557
2.0,5.0,1.0,4.0,4.0,3.0,2.3089907901368183
2.0,5.0,1.0,4.0,4.0,4.0,2.539937976876334
2.0,5.0,1.0,4.0,4.0,5.0,2.7532640385865212
2.0,5.0,1.0,4.0,5.0,2.0,2.2275651104748064
2.0,5.0,1.0,4.0,5.0,3.0,2.473466494328588
2.0,5.0,1.0,4.0,5.0,4.0,2.66930454537212
2.0,5.0,1.0,4.0,5.0,5.0,2.898373235103729
2.0,5.0,1.0,5.0,1.0,1.0,1.5740138004648907
2.0,5.0,1.0,5.0,1.0,3.0,2.0239522199640105
2.0,5.0,1.0,5.0,1.0,4.0,2.2366229997535934
2.0,5.0,1.0,5.0,1.0,5.0,2.461904256841217
2.0,5.0,1.0,5.0,2.0,2.0,1.9486125600744604
2.0,5.0,1.0,5.0,3.0,4.0,2.5268413545238833
2.0,5.0,1.0,5.0,3.0,5.0,2.7253656809671702
2.0,5.0,1.0,5.0,4.0,5.0,2.8855595459323915
2.0,5.0,1.0,5.0,5.0,3.0,2.5750767880386167
2.0,5.0,1.0,5.0,5.0,5.0,3.0131172657409655
2.0,5.0,2.0,1.0,1.0,1.0,1.3413084446667225
2.0,5.0,2.0,1.0,1.0,2.0,1.579169333096484
2.0,5.0,2.0,1.0,2.0,1.0,1.495286163707235
2.0,5.0,2.0,1.0,2.0,2.0,1.6927170604384059
2.0,5.0,2.0,1.0,2.0,3.0,1.9224573644673455
2.0,5.0,2.0,1.0,2.0,4.0,2.141421049348167
2.0,5.0,2.0,1.0,3.0,1.0,1.6120453453583754
2.0,5.0,2.0,1.0,3.0,2.0,1.8430248860980136
2.0,5.0,2.0,1.0,3.0,3.0,2.080734020531832
2.0,5.0,2.0,1.0,3.0,5.0,2.5073999837262124
2.0,5.0,2.0,1.0,4.0,1.0,1.7690303320214666
2.0,5.0,2.0,1.0,4.0,3.0,2.213711226597214
2.0,5.0,2.0,1.0,4.0,4.0,2.43163943004364
2.0,5.0,2.0,1.0,5.0,4.0,2.5603506955024553
2.0,5.0,2.0,1.0,5.0,5.0,2.7894193918346977
2.0,5.0,2.0,2.0,1.0,1.0,1.461277489975389
2.0,5.0,2.0,2.0,1.0,2.0,1.7184820228352036
2.0,5.0,2.0,2.0,1.0,4.0,2.14406709400573
2.0,5.0,2.0,2.0,2.0,1.0,1.6035217312375014
2.0,5.0,2.0,2.0,2.0,2.0,1.8337218134312459
2.0,5.0,2.0,2.0,2.0,3.0,2.0740749230086877
2.0,5.0,2.0,2.0,2.0,4.0,2.2809772812624143
2.0,5.0,2.0,2.0,3.0,1.0,1.7572680753480499
2.0,5.0,2.0,2.0,3.0,2.0,1.9714540706920904
2.0,5.0,2.0,2.0,3.0,3.0,2.178036249061599
2.0,5.0,2.0,2.0,3.0,4.0,2.4063565974484535
2.0,5.0,2.0,2.0,4.0,2.0,2.120270903594507
2.0,5.0,2.0,2.0,4.0,4.0,2.533476174948951
2.0,5.0,2.0,2.0,5.0,2.0,2.241769591652652
2.0,5.0,2.0,2.0,5.0,3.0,2.4632416265867776
2.0,5.0,2.0,2.0,5.0,5.0,2.912577559214227
2.0,5.0,2.0,3.0,1.0,1.0,1.5996988287434672
2.0,5.0,2.0,3.0,1.0,2.0,1.8296741087009254
2.0,5.0,2.0,3.0,1.0,3.0,2.04524172950788
2.0,5.0,2.0,3.0,2.0,1.0,1.7354957061194602
2.0,5.0,2.0,3.0,2.0,2.0,1.950086203167503
2.0,5.0,2.0,3.0,2.0,3.0,2.194869771526926
2.0,5.0,2.0,3.0,3.0,1.0,1.87023776540929
2.0,5.0,2.0,3.0,3.0,2.0,2.1103293951125357
2.0,5.0,2.0,3.0,3.0,3.0,2.3508181520564486
2.0,5.0,2.0,3.0,3.0,4.0,2.5328468620163744
2.0,5.0,2.0,3.0,4.0,1.0,2.0153468558664844
2.0,5.0,2.0,3.0,4.0,2.0,2.250560023831527
2.0,5.0,2.0,3.0,4.0,3.0,2.4366421730604024
2.0,5.0,2.0,3.0,4.0,4.0,2.65666406195535
2.0,5.0,2.0,3.0,4.0,5.0,2.8988256347749215
2.0,5.0,2.0,3.0,5.0,2.0,2.364927924814707
2.0,5.0,2.0,3.0,5.0,3.0,2.5972981498161536
2.0,5.0,2.0,3.0,5.0,4.0,2.8097862243370044
2.0,5.0,2.0,3.0,5.0,5.0,3.035736088327679
2.0,5.0,2.0,4.0,1.0,1.0,1.7137232538761638
2.0,5.0,2.0,4.0,1.0,2.0,1.9490614919919476
2.0,5.0,2.0,4.0,1.0,3.0,2.1707127555322145
2.0,5.0,2.0,4.0,1.0,4.0,2.3821847105260265
2.0,5.0,2.0,4.0,1.0,5.0,2.603054519339011
2.0,5.0,2.0,4.0,2.0,2.0,2.0855545113579153
2.0,5.0,2.0,4.0,2.0,3.0,2.3014799169774
2.0,5.0,2.0,4.0,2.0,4.0,2.5226368899054794
2.0,5.0,2.0,4.0,3.0,2.0,2.225125278416686
2.0,5.0,2.0,4.0,3.0,3.0,2.414174504191278
2.0,5.0,2.0,4.0,3.0,4.0,2.6588024801514187
2.0,5.0,2.0,4.0,3.0,5.0,2.876874855421296
2.0,5.0,2.0,4.0,4.0,2.0,2.351176029356952
2.0,5.0,2.0,4.0,4.0,3.0,2.5686658547106
2.0,5.0,2.0,4.0,4.0,4.0,2.77660110120278
2.0,5.0,2.0,4.0,4.0,5.0,3.0219841884083385
2.0,5.0,2.0,4.0,5.0,2.0,2.492249048143426
2.0,5.0,2.0,4.0,5.0,3.0,2.70466391101744
2.0,5.0,2.0,4.0,5.0,4.0,2.9303962185444488
2.0,5.0,2.0,4.0,5.0,5.0,3.157602163337231
2.0,5.0,2.0,5.0,1.0,2.0,2.063603703698793
2.0,5.0,2.0,5.0,1.0,3.0,2.2653923919045424
2.0,5.0,2.0,5.0,1.0,4.0,2.5053431397962482
2.0,5.0,2.0,5.0,1.0,5.0,2.712174500059452
2.0,5.0,2.0,5.0,2.0,2.0,2.2087128698778624
2.0,5.0,2.0,5.0,2.0,3.0,2.4226512897136767
2.0,5.0,2.0,5.0,2.0,4.0,2.6504522631941145
2.0,5.0,2.0,5.0,2.0,5.0,2.864236020067051
2.0,5.0,2.0,5.0,3.0,1.0,2.1083553738726253
2.0,5.0,2.0,5.0,3.0,3.0,2.5528924533280892
2.0,5.0,2.0,5.0,3.0,4.0,2.7873625416207566
2.0,5.0,2.0,5.0,3.0,5.0,3.0000329050164813
2.0,5.0,2.0,5.0,4.0,2.0,2.4825333426341
2.0,5.0,2.0,5.0,4.0,3.0,2.705814801456537
2.0,5.0,2.0,5.0,4.0,4.0,2.908623816754513
2.0,5.0,2.0,5.0,4.0,5.0,3.13582971583374
2.0,5.0,2.0,5.0,5.0,2.0,2.6205765256585196
2.0,5.0,2.0,5.0,5.0,3.0,2.8453832853353824
2.0,5.0,2.0,5.0,5.0,4.0,3.0601956772062264
2.0,5.0,2.0,5.0,5.0,5.0,3.2400614924800974
2.0,5.0,3.0,1.0,1.0,1.0,1.60396352518914
2.0,5.0,3.0,1.0,1.0,2.0,1.8328614379648054
2.0,5.0,3.0,1.0,1.0,3.0,2.0523612409683856
2.0,5.0,3.0,1.0,2.0,1.0,1.7455893153839914
2.0,5.0,3.0,1.0,2.0,2.0,1.961156922501902
2.0,5.0,3.0,1.0,2.0,3.0,2.189271471453334
2.0,5.0,3.0,1.0,3.0,1.0,1.8853816733487507
2.0,5.0,3.0,1.0,3.0,2.0,2.103612242826515
2.0,5.0,3.0,1.0,3.0,3.0,2.3316611504536997
2.0,5.0,3.0,1.0,3.0,4.0,2.547051453907419
2.0,5.0,3.0,1.0,4.0,2.0,2.242222165309468
2.0,5.0,3.0,1.0,4.0,3.0,2.471290949961139
2.0,5.0,3.0,1.0,5.0,4.0,2.8372697711891166
2.0,5.0,3.0,2.0,1.0,2.0,1.9464510474456398
2.0,5.0,3.0,2.0,1.0,4.0,2.3850330579962655
2.0,5.0,3.0,2.0,2.0,1.0,1.8679043831841278
2.0,5.0,3.0,2.0,2.0,2.0,2.0893608762348004
2.0,5.0,3.0,2.0,2.0,3.0,2.31545530897515
2.0,5.0,3.0,2.0,2.0,4.0,2.5414984270786394
2.0,5.0,3.0,2.0,3.0,2.0,2.2160670928572963
2.0,5.0,3.0,2.0,3.0,3.0,2.4524565308697426
2.0,5.0,3.0,2.0,3.0,4.0,2.6866076702483936
2.0,5.0,3.0,2.0,3.0,5.0,2.8992782614011374
2.0,5.0,3.0,2.0,4.0,2.0,2.364610280561512
2.0,5.0,3.0,2.0,4.0,3.0,2.5732448009931503
2.0,5.0,3.0,2.0,4.0,4.0,2.815318923979855
2.0,5.0,3.0,2.0,5.0,2.0,2.502290760689575
2.0,5.0,3.0,2.0,5.0,3.0,2.7276265123033143
2.0,5.0,3.0,2.0,5.0,5.0,3.17837306334549
2.0,5.0,3.0,3.0,1.0,2.0,2.084618760235483
2.0,5.0,3.0,3.0,1.0,3.0,2.286914030430464
2.0,5.0,3.0,3.0,1.0,4.0,2.519547605605686
2.0,5.0,3.0,3.0,2.0,2.0,2.206519565042546
2.0,5.0,3.0,3.0,2.0,3.0,2.4455710648701676
2.0,5.0,3.0,3.0,3.0,2.0,2.371311140054326
2.0,5.0,3.0,3.0,3.0,3.0,2.6029896813679643
2.0,5.0,3.0,3.0,3.0,4.0,2.8128348897160844
2.0,5.0,3.0,3.0,4.0,1.0,2.2758681822022684
2.0,5.0,3.0,3.0,4.0,2.0,2.50477910569911
2.0,5.0,3.0,3.0,4.0,3.0,2.726628391618808
2.0,5.0,3.0,3.0,4.0,4.0,2.932491727478466
2.0,5.0,3.0,3.0,4.0,5.0,3.1661834103255524
2.0,5.0,3.0,3.0,5.0,3.0,2.8444938211354094
2.0,5.0,3.0,3.0,5.0,4.0,3.0822378433786217
2.0,5.0,3.0,3.0,5.0,5.0,3.275344085351859
2.0,5.0,3.0,4.0,1.0,1.0,1.9882958139604587
2.0,5.0,3.0,4.0,1.0,2.0,2.200966526019007
2.0,5.0,3.0,4.0,1.0,3.0,2.4299538549758823
2.0,5.0,3.0,4.0,1.0,4.0,2.6509049645760485
2.0,5.0,3.0,4.0,2.0,1.0,2.1170070398796894
2.0,5.0,3.0,4.0,2.0,2.0,2.346075713774616
2.0,5.0,3.0,4.0,2.0,3.0,2.571619674688906
2.0,5.0,3.0,4.0,2.0,4.0,2.7769039860321616
2.0,5.0,3.0,4.0,2.0,5.0,3.0168838045911013
2.0,5.0,3.0,4.0,3.0,2.0,2.4793923954416837
2.0,5.0,3.0,4.0,3.0,3.0,2.71937388625637
2.0,5.0,3.0,4.0,3.0,4.0,2.925118859374889
2.0,5.0,3.0,4.0,3.0,5.0,3.142099669489335
2.0,5.0,3.0,4.0,4.0,2.0,2.6191113719101886
2.0,5.0,3.0,4.0,4.0,3.0,2.849407577649494
2.0,5.0,3.0,4.0,4.0,4.0,3.023136344050024
2.0,5.0,3.0,4.0,4.0,5.0,3.283725461582823
2.0,5.0,3.0,4.0,5.0,1.0,2.5277377101010843
2.0,5.0,3.0,4.0,5.0,3.0,2.970678296258213
2.0,5.0,3.0,4.0,5.0,4.0,3.1854538942052777
2.0,5.0,3.0,4.0,5.0,5.0,3.425351264878441
2.0,5.0,3.0,5.0,1.0,2.0,2.3159258972056884
2.0,5.0,3.0,5.0,1.0,3.0,2.559441935883875
2.0,5.0,3.0,5.0,1.0,4.0,2.7740632715683002
2.0,5.0,3.0,5.0,1.0,5.0,2.9719445271631395
2.0,5.0,3.0,5.0,2.0,3.0,2.6901037162567123
2.0,5.0,3.0,5.0,2.0,4.0,2.9051079493509637
2.0,5.0,3.0,5.0,2.0,5.0,3.1514722575989125
2.0,5.0,3.0,5.0,3.0,1.0,2.3658763920050303
2.0,5.0,3.0,5.0,3.0,2.0,2.6093469612830664
2.0,5.0,3.0,5.0,3.0,3.0,2.8429383771165706
2.0,5.0,3.0,5.0,3.0,4.0,3.0387315552772227
2.0,5.0,3.0,5.0,3.0,5.0,3.2681576120942917
2.0,5.0,3.0,5.0,4.0,3.0,2.9721230257021944
2.0,5.0,3.0,5.0,4.0,4.0,3.177855963353395
2.0,5.0,3.0,5.0,4.0,5.0,3.3495268448914093
2.0,5.0,3.0,5.0,5.0,3.0,3.096105561250132
2.0,5.0,3.0,5.0,5.0,4.0,3.312479979077397
2.0,5.0,3.0,5.0,5.0,5.0,3.477296704425371
2.0,5.0,4.0,1.0,3.0,2.0,2.365833150295886
2.0,5.0,4.0,1.0,3.0,3.0,2.586702929971579
2.0,5.0,4.0,2.0,1.0,2.0,2.2151710213286524
2.0,5.0,4.0,2.0,1.0,3.0,2.4324943897466187
2.0,5.0,4.0,2.0,2.0,2.0,2.3602802656700015
2.0,5.0,4.0,2.0,2.0,3.0,2.572951016044551
2.0,5.0,4.0,2.0,3.0,3.0,2.7098612821443755
2.0,5.0,4.0,2.0,4.0,3.0,2.8573099200321743
2.0,5.0,4.0,2.0,4.0,4.0,3.075840157414214
2.0,5.0,4.0,2.0,5.0,3.0,3.008144898469111
2.0,5.0,4.0,2.0,5.0,4.0,3.212750404458054
2.0,5.0,4.0,2.0,5.0,5.0,3.433620108805024
2.0,5.0,4.0,3.0,2.0,2.0,2.4752395564382708
2.0,5.0,4.0,3.0,2.0,3.0,2.7148450314054866
2.0,5.0,4.0,3.0,3.0,2.0,2.626473374767635
2.0,5.0,4.0,3.0,3.0,3.0,2.829025353092339
2.0,5.0,4.0,3.0,3.0,4.0,3.061583186667786
2.0,5.0,4.0,3.0,4.0,1.0,2.5363892796885
2.0,5.0,4.0,3.0,4.0,3.0,2.978822773386136
2.0,5.0,4.0,3.0,4.0,4.0,3.214790060289615
2.0,5.0,4.0,3.0,5.0,3.0,3.1068400196434807
2.0,5.0,4.0,3.0,5.0,4.0,3.3304892639668546
2.0,5.0,4.0,3.0,5.0,5.0,3.5558624678705852
2.0,5.0,4.0,4.0,2.0,3.0,2.8288694983015374
2.0,5.0,4.0,4.0,2.0,4.0,3.0483363543142135
2.0,5.0,4.0,4.0,3.0,2.0,2.753725070335066
2.0,5.0,4.0,4.0,3.0,3.0,2.9732337509841735
2.0,5.0,4.0,4.0,3.0,4.0,3.1937033686136815
2.0,5.0,4.0,4.0,3.0,5.0,3.414315211200605
2.0,5.0,4.0,4.0,4.0,3.0,3.0980702387389094
2.0,5.0,4.0,4.0,4.0,4.0,3.2941741846485475
2.0,5.0,4.0,4.0,4.0,5.0,3.5512254223263855
2.0,5.0,4.0,4.0,5.0,2.0,3.009128614612122
2.0,5.0,4.0,4.0,5.0,3.0,3.236260155249263
2.0,5.0,4.0,4.0,5.0,4.0,3.4574116010564224
2.0,5.0,4.0,4.0,5.0,5.0,3.6919442340129978
2.0,5.0,4.0,5.0,1.0,3.0,2.8055158536665514
2.0,5.0,4.0,5.0,1.0,4.0,3.034584450977492
2.0,5.0,4.0,5.0,1.0,5.0,3.245244303853832
2.0,5.0,4.0,5.0,2.0,2.0,2.729755181911709
2.0,5.0,4.0,5.0,2.0,3.0,2.944253365650712
2.0,5.0,4.0,5.0,2.0,4.0,3.184861074740412
2.0,5.0,4.0,5.0,2.0,5.0,3.3923644411146263
2.0,5.0,4.0,5.0,3.0,4.0,3.3120116278882294
2.0,5.0,4.0,5.0,3.0,5.0,3.536869022267058
2.0,5.0,4.0,5.0,4.0,3.0,3.2288908263258795
2.0,5.0,4.0,5.0,4.0,4.0,3.444405953596924
2.0,5.0,4.0,5.0,4.0,5.0,3.6585821119777053
2.0,5.0,4.0,5.0,5.0,3.0,3.361355696119078
2.0,5.0,4.0,5.0,5.0,4.0,3.5893932793980605
2.0,5.0,4.0,5.0,5.0,5.0,3.7205663930103636
2.0,5.0,5.0,1.0,3.0,1.0,2.3972857737956628
2.0,5.0,5.0,1.0,3.0,3.0,2.8484662993475203
2.0,5.0,5.0,1.0,4.0,5.0,3.425873652270749
2.0,5.0,5.0,1.0,5.0,1.0,2.673780485907061
2.0,5.0,5.0,1.0,5.0,3.0,3.112845689453966
2.0,5.0,5.0,2.0,3.0,2.0,2.749512649989956
2.0,5.0,5.0,2.0,3.0,3.0,2.9703824210899645
2.0,5.0,5.0,2.0,3.0,4.0,3.207650055928742
2.0,5.0,5.0,3.0,2.0,1.0,2.5148910811876957
2.0,5.0,5.0,3.0,3.0,3.0,3.10993871277851
2.0,5.0,5.0,3.0,3.0,4.0,3.314410548635151
2.0,5.0,5.0,3.0,4.0,2.0,3.0095812743361146
2.0,5.0,5.0,3.0,4.0,3.0,3.238650006784649
2.0,5.0,5.0,3.0,5.0,3.0,3.3725060018596933
2.0,5.0,5.0,3.0,5.0,4.0,3.5948741981712464
2.0,5.0,5.0,3.0,5.0,5.0,3.829688198884608
2.0,5.0,5.0,4.0,4.0,5.0,3.788880772211263
2.0,5.0,5.0,4.0,5.0,3.0,3.4987186097425087
2.0,5.0,5.0,4.0,5.0,4.0,3.720554172747657
2.0,5.0,5.0,4.0,5.0,5.0,3.933885480383401
2.0,5.0,5.0,5.0,1.0,3.0,3.0578380675944645
2.0,5.0,5.0,5.0,1.0,5.0,3.515975400246087
2.0,5.0,5.0,5.0,2.0,4.0,3.440214695766023
2.0,5.0,5.0,5.0,2.0,5.0,3.6557084155494657
2.0,5.0,5.0,5.0,3.0,2.0,3.127186627628208
2.0,5.0,5.0,5.0,3.0,3.0,3.3562552912736208
2.0,5.0,5.0,5.0,3.0,4.0,3.5771249740771855
2.0,5.0,5.0,5.0,3.0,5.0,3.807769886088806
2.0,5.0,5.0,5.0,4.0,4.0,3.707238850223238
2.0,5.0,5.0,5.0,4.0,5.0,3.935434427382912
2.0,5.0,5.0,5.0,5.0,2.0,3.3928080721596436
2.0,5.0,5.0,5.0,5.0,3.0,3.638274837403464
2.0,5.0,5.0,5.0,5.0,4.0,3.823924207726822
2.0,5.0,5.0,5.0,5.0,5.0,3.975287242131997
3.0,1.0,1.0,1.0,1.0,1.0,1.145642516103872
3.0,1.0,1.0,1.0,1.0,2.0,1.3862673073498322
3.0,1.0,1.0,1.0,1.0,3.0,1.6071367267554593
3.0,1.0,1.0,1.0,2.0,1.0,1.2738914743610594
3.0,1.0,1.0,1.0,2.0,2.0,1.527054484223351
3.0,1.0,1.0,1.0,2.0,3.0,1.7358483044007036
3.0,1.0,1.0,1.0,3.0,1.0,1.4206693313608778
3.0,1.0,1.0,1.0,3.0,2.0,1.6518891259604391
3.0,1.0,1.0,1.0,4.0,3.0,2.0096688068770816
3.0,1.0,1.0,1.0,4.0,4.0,2.23053878993366
3.0,1.0,1.0,2.0,1.0,1.0,1.2828363047103177
3.0,1.0,1.0,2.0,1.0,2.0,1.4932457659165639
3.0,1.0,1.0,2.0,2.0,1.0,1.4266669596485333
3.0,1.0,1.0,2.0,2.0,2.0,1.6381370169858411
3.0,1.0,1.0,2.0,2.0,3.0,1.875404505486591
3.0,1.0,1.0,2.0,4.0,2.0,1.912672703124582
3.0,1.0,1.0,3.0,1.0,1.0,1.3986369607127715
3.0,1.0,1.0,3.0,1.0,2.0,1.632584365918815
3.0,1.0,1.0,3.0,1.0,3.0,1.8342882945249015
3.0,1.0,1.0,3.0,2.0,1.0,1.5486245121786484
3.0,1.0,1.0,3.0,2.0,2.0,1.7713680169022608
3.0,1.0,1.0,3.0,2.0,3.0,1.9985740930142284
3.0,1.0,1.0,3.0,2.0,4.0,2.219432793444796
3.0,1.0,1.0,3.0,3.0,1.0,1.6799590600853982
3.0,1.0,1.0,3.0,3.0,3.0,2.1311688433557054
3.0,1.0,1.0,3.0,4.0,3.0,2.264184566644331
3.0,1.0,1.0,3.0,5.0,1.0,1.9511563956432283
3.0,1.0,1.0,4.0,1.0,1.0,1.5504417036896228
3.0,1.0,1.0,4.0,1.0,2.0,1.7557424127207837
3.0,1.0,1.0,4.0,1.0,3.0,1.9768016097233096
3.0,1.0,1.0,4.0,2.0,3.0,2.1044660157413917
3.0,1.0,1.0,4.0,2.0,5.0,2.563460816471876
3.0,1.0,1.0,4.0,3.0,1.0,1.8086931972921432
3.0,1.0,1.0,4.0,3.0,3.0,2.2586316416074346
3.0,1.0,1.0,4.0,3.0,4.0,2.455630686687571
3.0,1.0,1.0,4.0,4.0,4.0,2.6082125842767896
3.0,1.0,1.0,5.0,1.0,1.0,1.6498321256078794
3.0,1.0,1.0,5.0,2.0,3.0,2.2448798079955115
3.0,1.0,1.0,5.0,4.0,3.0,2.5105011253402783
3.0,1.0,1.0,5.0,5.0,5.0,3.097349838146689
3.0,1.0,2.0,1.0,1.0,1.0,1.425920077195968
3.0,1.0,2.0,1.0,1.0,3.0,1.8676582240496393
3.0,1.0,2.0,1.0,2.0,1.0,1.5546301725078795
3.0,1.0,2.0,1.0,2.0,2.0,1.7773245983484798
3.0,1.0,2.0,1.0,3.0,1.0,1.6859155255241893
3.0,1.0,2.0,1.0,3.0,3.0,2.148459559142912
3.0,1.0,2.0,2.0,1.0,1.0,1.540217976240495
3.0,1.0,2.0,2.0,1.0,2.0,1.771817165152271
3.0,1.0,2.0,2.0,1.0,3.0,1.9826173027102303
3.0,1.0,2.0,2.0,2.0,1.0,1.682985085446581
3.0,1.0,2.0,2.0,2.0,2.0,1.9076138091687649
3.0,1.0,2.0,2.0,2.0,3.0,2.134819693155088
3.0,1.0,2.0,2.0,3.0,2.0,2.0507165944170427
3.0,1.0,2.0,2.0,3.0,3.0,2.26463713111824
3.0,1.0,2.0,2.0,4.0,2.0,2.180677706071047
3.0,1.0,2.0,2.0,4.0,4.0,2.630615957928624
3.0,1.0,2.0,3.0,1.0,1.0,1.6694550935527923
3.0,1.0,2.0,3.0,1.0,2.0,1.8948281882913065
3.0,1.0,2.0,3.0,1.0,3.0,2.1024143925236336
3.0,1.0,2.0,3.0,2.0,2.0,2.037903050196196
3.0,1.0,2.0,3.0,2.0,3.0,2.254902985896405
3.0,1.0,2.0,3.0,3.0,3.0,2.387795618959508
3.0,1.0,2.0,3.0,3.0,4.0,2.603714735761297
3.0,1.0,2.0,3.0,4.0,3.0,2.532904681486042
3.0,1.0,2.0,3.0,4.0,4.0,2.753774287533261
3.0,1.0,2.0,4.0,1.0,1.0,1.795393904062134
3.0,1.0,2.0,4.0,1.0,3.0,2.2371332650320412
3.0,1.0,2.0,4.0,2.0,3.0,2.382242480849507
3.0,1.0,2.0,4.0,3.0,2.0,2.306481848924694
3.0,1.0,2.0,4.0,3.0,3.0,2.519152793443505
3.0,1.0,2.0,4.0,4.0,2.0,2.4269943547189983
3.0,1.0,2.0,4.0,4.0,4.0,2.886983989270868
3.0,1.0,2.0,4.0,4.0,5.0,3.0896034669354404
3.0,1.0,2.0,5.0,1.0,3.0,2.3602916278975026
3.0,1.0,3.0,1.0,1.0,1.0,1.6834302771572862
3.0,1.0,3.0,1.0,2.0,1.0,1.815151268270243
3.0,1.0,3.0,1.0,2.0,2.0,2.03602088902818
3.0,1.0,3.0,2.0,1.0,1.0,1.8013986823395627
3.0,1.0,3.0,2.0,1.0,2.0,2.0380414109123106
3.0,1.0,3.0,2.0,2.0,1.0,1.9383090399008682
3.0,1.0,3.0,2.0,2.0,2.0,2.1578839878788383
3.0,1.0,3.0,2.0,2.0,3.0,2.396447048035827
3.0,1.0,3.0,2.0,3.0,1.0,2.083418512778803
3.0,1.0,3.0,2.0,3.0,2.0,2.304288635552383
3.0,1.0,3.0,2.0,3.0,3.0,2.533357367786685
3.0,1.0,3.0,2.0,4.0,4.0,2.8829382753956696
3.0,1.0,3.0,3.0,1.0,2.0,2.1454272950212285
3.0,1.0,3.0,3.0,1.0,3.0,2.3744963068847946
3.0,1.0,3.0,3.0,2.0,1.0,2.069666902542057
3.0,1.0,3.0,3.0,2.0,2.0,2.288173187105982
3.0,1.0,3.0,3.0,2.0,3.0,2.511221137699209
3.0,1.0,3.0,3.0,3.0,2.0,2.4402347506486635
3.0,1.0,3.0,3.0,3.0,3.0,2.65117607022728
3.0,1.0,3.0,3.0,4.0,3.0,2.778840705554485
3.0,1.0,3.0,3.0,4.0,4.0,3.014295688441602
3.0,1.0,3.0,4.0,1.0,1.0,2.055010961995354
3.0,1.0,3.0,4.0,1.0,2.0,2.2849836331818416
3.0,1.0,3.0,4.0,2.0,3.0,2.6345648163296063
3.0,1.0,3.0,4.0,3.0,1.0,2.351450035730136
3.0,1.0,3.0,4.0,3.0,2.0,2.5670030694506805
3.0,1.0,3.0,4.0,3.0,3.0,2.773332811412672
3.0,1.0,3.0,4.0,4.0,3.0,2.9172620654242825
3.0,1.0,3.0,4.0,4.0,4.0,3.135235412561092
3.0,1.0,3.0,4.0,4.0,5.0,3.358323619577067
3.0,1.0,3.0,5.0,1.0,2.0,2.39994311399415
3.0,1.0,3.0,5.0,1.0,4.0,2.84988138781266
3.0,1.0,3.0,5.0,3.0,3.0,2.9110312239555944
3.0,1.0,3.0,5.0,3.0,4.0,3.1155030196230142
3.0,1.0,3.0,5.0,3.0,5.0,3.3445716990040473
3.0,1.0,3.0,5.0,4.0,4.0,3.2606123172245765
3.0,1.0,3.0,5.0,5.0,2.0,2.955783043440304
3.0,1.0,3.0,5.0,5.0,5.0,3.618392218637669
3.0,1.0,4.0,1.0,1.0,1.0,1.9387624889940962
3.0,1.0,4.0,1.0,3.0,2.0,2.433452326810466
3.0,1.0,4.0,1.0,3.0,3.0,2.6707200642657374
3.0,1.0,4.0,2.0,2.0,1.0,2.215228758419803
3.0,1.0,4.0,2.0,3.0,3.0,2.7938785424063757
3.0,1.0,4.0,3.0,2.0,2.0,2.5592569571643207
3.0,1.0,4.0,3.0,3.0,2.0,2.6879679990739764
3.0,1.0,4.0,3.0,5.0,3.0,3.1826583843745127
3.0,1.0,4.0,4.0,4.0,3.0,3.1771052542743257
3.0,1.0,4.0,5.0,4.0,4.0,3.5211333860314724
3.0,2.0,1.0,1.0,1.0,1.0,1.193250565274533
3.0,2.0,1.0,1.0,1.0,2.0,1.44902731145388
3.0,2.0,1.0,1.0,1.0,3.0,1.6762330472017526
3.0,2.0,1.0,1.0,2.0,1.0,1.3518932204964715
3.0,2.0,1.0,1.0,2.0,2.0,1.5629551550986487
3.0,2.0,1.0,1.0,3.0,1.0,1.4899183164973788
3.0,2.0,1.0,1.0,3.0,2.0,1.7228740424451996
3.0,2.0,1.0,1.0,4.0,1.0,1.6261726877592018
3.0,2.0,1.0,2.0,1.0,1.0,1.330596739703313
3.0,2.0,1.0,2.0,1.0,2.0,1.5630519100605746
3.0,2.0,1.0,2.0,1.0,3.0,1.7821252700686658
3.0,2.0,1.0,2.0,2.0,1.0,1.504037884642097
3.0,2.0,1.0,2.0,2.0,2.0,1.7116691319731256
3.0,2.0,1.0,2.0,2.0,3.0,1.9179222356494239
3.0,2.0,1.0,2.0,3.0,1.0,1.6206197852529824
3.0,2.0,1.0,2.0,3.0,2.0,1.8414895254773322
3.0,2.0,1.0,2.0,3.0,3.0,2.062359171638823
3.0,2.0,1.0,2.0,4.0,2.0,1.9783997632866006
3.0,2.0,1.0,3.0,1.0,1.0,1.4661350591574498
3.0,2.0,1.0,3.0,1.0,3.0,1.9116971244145378
3.0,2.0,1.0,3.0,2.0,1.0,1.610064134529436
3.0,2.0,1.0,3.0,2.0,2.0,1.825266271133987
3.0,2.0,1.0,3.0,2.0,3.0,2.039755067784547
3.0,2.0,1.0,3.0,3.0,1.0,1.7317768631554515
3.0,2.0,1.0,3.0,3.0,2.0,1.9816452284407324
3.0,2.0,1.0,3.0,3.0,3.0,2.183198241595192
3.0,2.0,1.0,3.0,3.0,4.0,2.4063872390794674
3.0,2.0,1.0,4.0,1.0,3.0,2.042703527255676
3.0,2.0,1.0,4.0,2.0,2.0,1.9508958188284355
3.0,2.0,1.0,4.0,2.0,3.0,2.163566625723835
3.0,2.0,1.0,4.0,2.0,5.0,2.621704152965685
3.0,2.0,1.0,4.0,3.0,2.0,2.0960050448423773
3.0,2.0,1.0,4.0,3.0,3.0,2.316874827196177
3.0,2.0,1.0,4.0,3.0,4.0,2.5213465881202755
3.0,2.0,1.0,4.0,4.0,4.0,2.674654662885657
3.0,2.0,1.0,5.0,1.0,2.0,1.9289449381922643
3.0,2.0,1.0,5.0,3.0,2.0,2.2109643925553844
3.0,2.0,1.0,5.0,4.0,2.0,2.3478746605963767
3.0,2.0,1.0,5.0,5.0,2.0,2.484784905555517
3.0,2.0,1.0,5.0,5.0,3.0,2.7138537185370466
3.0,2.0,2.0,1.0,1.0,1.0,1.4844161357010293
3.0,2.0,2.0,1.0,1.0,2.0,1.696833050801802
3.0,2.0,2.0,1.0,2.0,1.0,1.6078886345740464
3.0,2.0,2.0,1.0,2.0,2.0,1.841942229788048
3.0,2.0,2.0,1.0,2.0,3.0,2.062811692322516
3.0,2.0,2.0,1.0,3.0,1.0,1.7457522123706626
3.0,2.0,2.0,1.0,3.0,2.0,1.9788524722924539
3.0,2.0,2.0,1.0,3.0,5.0,2.649660492163579
3.0,2.0,2.0,1.0,4.0,1.0,1.8948928736875637
3.0,2.0,2.0,1.0,4.0,2.0,2.115762452301888
3.0,2.0,2.0,2.0,1.0,1.0,1.6136543242392183
3.0,2.0,2.0,2.0,1.0,2.0,1.807984039671037
3.0,2.0,2.0,2.0,1.0,3.0,2.049059942425575
3.0,2.0,2.0,2.0,2.0,1.0,1.7442308753835303
3.0,2.0,2.0,2.0,2.0,2.0,1.9981098008270768
3.0,2.0,2.0,2.0,3.0,1.0,1.8830570340880346
3.0,2.0,2.0,2.0,3.0,2.0,2.106707630472182
3.0,2.0,2.0,2.0,3.0,3.0,2.3311318278897524
3.0,2.0,2.0,2.0,4.0,2.0,2.225181180347961
3.0,2.0,2.0,2.0,4.0,3.0,2.4679895726281202
3.0,2.0,2.0,2.0,5.0,2.0,2.384030343474476
3.0,2.0,2.0,3.0,1.0,1.0,1.7369467583235412
3.0,2.0,2.0,3.0,1.0,2.0,1.952514403775623
3.0,2.0,2.0,3.0,1.0,3.0,2.169438486107814
3.0,2.0,2.0,3.0,2.0,1.0,1.8614601857417568
3.0,2.0,2.0,3.0,2.0,2.0,2.10430001180766
3.0,2.0,2.0,3.0,2.0,3.0,2.325712245491203
3.0,2.0,2.0,3.0,3.0,1.0,2.004263646725051
3.0,2.0,2.0,3.0,3.0,2.0,2.231398526217584
3.0,2.0,2.0,3.0,3.0,3.0,2.455515774466124
3.0,2.0,2.0,3.0,4.0,1.0,2.1494084092536707
3.0,2.0,2.0,3.0,4.0,2.0,2.359134096468193
3.0,2.0,2.0,3.0,4.0,3.0,2.583618129386978
3.0,2.0,2.0,3.0,4.0,4.0,2.8231163313706147
3.0,2.0,2.0,3.0,5.0,3.0,2.7198592581636056
3.0,2.0,2.0,4.0,1.0,2.0,2.0901648675651394
3.0,2.0,2.0,4.0,1.0,3.0,2.2929738065872187
3.0,2.0,2.0,4.0,1.0,4.0,2.516246234320304
3.0,2.0,2.0,4.0,2.0,2.0,2.2178294484751047
3.0,2.0,2.0,4.0,2.0,3.0,2.445035408262261
3.0,2.0,2.0,4.0,2.0,4.0,2.661355377754907
3.0,2.0,2.0,4.0,3.0,2.0,2.3536263260589143
3.0,2.0,2.0,4.0,3.0,3.0,2.5842130504269263
3.0,2.0,2.0,4.0,3.0,4.0,2.7917735339451872
3.0,2.0,2.0,4.0,4.0,2.0,2.4934365535804957
3.0,2.0,2.0,4.0,4.0,3.0,2.7051589871293085
3.0,2.0,2.0,4.0,4.0,4.0,2.9367310167052
3.0,2.0,2.0,4.0,5.0,4.0,3.072086182221533
3.0,2.0,2.0,4.0,5.0,5.0,3.282440801485322
3.0,2.0,2.0,5.0,1.0,3.0,2.415130612753099
3.0,2.0,2.0,5.0,3.0,1.0,2.242416707202198
3.0,2.0,2.0,5.0,3.0,2.0,2.463286709834273
3.0,2.0,2.0,5.0,3.0,3.0,2.6997393028911776
3.0,2.0,2.0,5.0,4.0,4.0,3.057859472393357
3.0,2.0,2.0,5.0,5.0,3.0,2.958318182891337
3.0,2.0,2.0,5.0,5.0,4.0,3.1952445506028697
3.0,2.0,2.0,5.0,5.0,5.0,3.396465410589995
3.0,2.0,3.0,1.0,1.0,1.0,1.7300050842515358
3.0,2.0,3.0,1.0,1.0,2.0,1.957354112695442
3.0,2.0,3.0,1.0,2.0,2.0,2.1169423509245173
3.0,2.0,3.0,1.0,2.0,3.0,2.3315318531949982
3.0,2.0,3.0,1.0,3.0,1.0,2.010304943737026
3.0,2.0,3.0,1.0,3.0,2.0,2.2158925795700823
3.0,2.0,3.0,1.0,3.0,3.0,2.4684422323449278
3.0,2.0,3.0,1.0,4.0,1.0,2.1636128720563956
3.0,2.0,3.0,1.0,4.0,2.0,2.384482732314392
3.0,2.0,3.0,1.0,4.0,4.0,2.826221993836355
3.0,2.0,3.0,1.0,5.0,5.0,3.1840023272975073
3.0,2.0,3.0,2.0,1.0,1.0,1.8596419363670016
3.0,2.0,3.0,2.0,1.0,2.0,2.102584016061676
3.0,2.0,3.0,2.0,1.0,3.0,2.309581062518494
3.0,2.0,3.0,2.0,2.0,2.0,2.2228544770013428
3.0,2.0,3.0,2.0,2.0,3.0,2.4509920841915647
3.0,2.0,3.0,2.0,3.0,2.0,2.362532252012144
3.0,2.0,3.0,2.0,3.0,3.0,2.5886899958970724
3.0,2.0,3.0,2.0,4.0,2.0,2.5035121624988856
3.0,2.0,3.0,2.0,4.0,3.0,2.720311859935768
3.0,2.0,3.0,3.0,1.0,1.0,1.9910722058062182
3.0,2.0,3.0,3.0,1.0,2.0,2.2165168676812366
3.0,2.0,3.0,3.0,1.0,3.0,2.4379396557461512
3.0,2.0,3.0,3.0,2.0,2.0,2.35079447307764
3.0,2.0,3.0,3.0,2.0,3.0,2.6098363509346703
3.0,2.0,3.0,3.0,2.0,4.0,2.798718265248044
3.0,2.0,3.0,3.0,3.0,2.0,2.486771378206584
3.0,2.0,3.0,3.0,3.0,3.0,2.7513303563292806
3.0,2.0,3.0,3.0,3.0,4.0,2.936666252216765
3.0,2.0,3.0,3.0,4.0,2.0,2.6307994137594735
3.0,2.0,3.0,3.0,4.0,3.0,2.8607975186766033
3.0,2.0,3.0,3.0,4.0,4.0,3.0622953505444035
3.0,2.0,3.0,3.0,4.0,5.0,3.3016073596730253
3.0,2.0,3.0,3.0,5.0,3.0,2.9886718391701224
3.0,2.0,3.0,3.0,5.0,4.0,3.224010077156464
3.0,2.0,3.0,4.0,1.0,2.0,2.324170513500155
3.0,2.0,3.0,4.0,1.0,3.0,2.554994742470941
3.0,2.0,3.0,4.0,1.0,4.0,2.793165412146683
3.0,2.0,3.0,4.0,2.0,2.0,2.4723897462000384
3.0,2.0,3.0,4.0,2.0,3.0,2.705829729175109
3.0,2.0,3.0,4.0,2.0,4.0,2.9225115287659706
3.0,2.0,3.0,4.0,3.0,2.0,2.62322472607468
3.0,2.0,3.0,4.0,3.0,3.0,2.8649400765209423
3.0,2.0,3.0,4.0,3.0,4.0,3.0813811567870397
3.0,2.0,3.0,4.0,3.0,5.0,3.285514233293201
3.0,2.0,3.0,4.0,4.0,2.0,2.7559580602601668
3.0,2.0,3.0,4.0,4.0,3.0,2.9767325617802562
3.0,2.0,3.0,4.0,4.0,4.0,3.1632351377275554
3.0,2.0,3.0,4.0,4.0,5.0,3.4165669014596225
3.0,2.0,3.0,4.0,5.0,2.0,2.890867960174793
3.0,2.0,3.0,4.0,5.0,4.0,3.3299021663654518
3.0,2.0,3.0,5.0,1.0,2.0,2.4663854208383063
3.0,2.0,3.0,5.0,1.0,4.0,2.8999257938661143
3.0,2.0,3.0,5.0,2.0,3.0,2.825594655026423
3.0,2.0,3.0,5.0,3.0,3.0,2.961075630438268
3.0,2.0,3.0,5.0,3.0,5.0,3.402814905073021
3.0,2.0,3.0,5.0,4.0,3.0,3.097985822699297
3.0,2.0,3.0,5.0,4.0,4.0,3.3081297521944406
3.0,2.0,3.0,5.0,4.0,5.0,3.539725224574738
3.0,2.0,3.0,5.0,5.0,4.0,3.4557657580673067
3.0,2.0,3.0,5.0,5.0,5.0,3.676635477291339
3.0,2.0,4.0,1.0,1.0,2.0,2.242472187551175
3.0,2.0,4.0,1.0,2.0,1.0,2.142114733674653
3.0,2.0,4.0,2.0,4.0,4.0,3.2181004910746047
3.0,2.0,4.0,3.0,1.0,1.0,2.2597202612877605
3.0,2.0,4.0,3.0,3.0,2.0,2.754410178978017
3.0,2.0,4.0,3.0,3.0,3.0,2.9683757038344902
3.0,2.0,4.0,3.0,4.0,3.0,3.1023127796889938
3.0,2.0,4.0,3.0,4.0,4.0,3.3357526961432424
3.0,2.0,4.0,4.0,1.0,3.0,2.8260435625657783
3.0,2.0,4.0,4.0,2.0,2.0,2.7406582363415017
3.0,2.0,4.0,4.0,2.0,3.0,2.9621478245990125
3.0,2.0,4.0,4.0,2.0,4.0,3.189046439887628
3.0,2.0,4.0,4.0,3.0,3.0,3.097637483285831
3.0,2.0,4.0,4.0,3.0,4.0,3.3193081202724772
3.0,2.0,4.0,4.0,4.0,3.0,3.2339551494641685
3.0,2.0,4.0,4.0,4.0,4.0,3.461879510214836
3.0,2.0,4.0,4.0,5.0,4.0,3.602895519956478
3.0,2.0,4.0,4.0,5.0,5.0,3.813998289396967
3.0,2.0,4.0,5.0,3.0,4.0,3.450665374708369
3.0,2.0,4.0,5.0,4.0,3.0,3.350308101986638
3.0,2.0,4.0,5.0,4.0,4.0,3.5875756920186777
3.0,2.0,4.0,5.0,4.0,5.0,3.8084453641651566
3.0,2.0,4.0,5.0,5.0,3.0,3.4872182075328957
3.0,2.0,4.0,5.0,5.0,4.0,3.7150950102180573
3.0,2.0,4.0,5.0,5.0,5.0,3.945799813837434
3.0,2.0,5.0,2.0,3.0,2.0,2.8917730708726186
3.0,2.0,5.0,3.0,3.0,3.0,3.2358011170653995
3.0,2.0,5.0,4.0,3.0,3.0,3.358959560350234
3.0,2.0,5.0,4.0,3.0,4.0,3.5798292439045456
3.0,2.0,5.0,4.0,4.0,4.0,3.7167395730772177
3.0,2.0,5.0,5.0,3.0,4.0,3.6947887118322265
3.0,2.0,5.0,5.0,4.0,5.0,4.0602732196015925
3.0,2.0,5.0,5.0,5.0,3.0,3.755938372158723
3.0,2.0,5.0,5.0,5.0,5.0,4.196070122206111
3.0,3.0,1.0,1.0,1.0,1.0,1.214729503132684
3.0,3.0,1.0,1.0,1.0,2.0,1.5065802800839747
3.0,3.0,1.0,1.0,2.0,1.0,1.406459372665404
3.0,3.0,1.0,1.0,2.0,2.0,1.6459752325672257
3.0,3.0,1.0,1.0,2.0,3.0,1.8605337992083832
3.0,3.0,1.0,1.0,3.0,1.0,1.5124497840897466
3.0,3.0,1.0,1.0,3.0,2.0,1.7538653210013464
3.0,3.0,1.0,1.0,3.0,3.0,1.9811997359829412
3.0,3.0,1.0,1.0,4.0,1.0,1.6844159114341561
3.0,3.0,1.0,1.0,4.0,2.0,1.9060552746227755
3.0,3.0,1.0,1.0,5.0,5.0,2.721203076719919
3.0,3.0,1.0,2.0,1.0,1.0,1.3743768246143044
3.0,3.0,1.0,2.0,1.0,2.0,1.6074424309821718
3.0,3.0,1.0,2.0,1.0,3.0,1.8480274297216739
3.0,3.0,1.0,2.0,2.0,1.0,1.5311899335423114
3.0,3.0,1.0,2.0,2.0,2.0,1.746738136248408
3.0,3.0,1.0,2.0,2.0,3.0,1.9921465049779163
3.0,3.0,1.0,2.0,3.0,1.0,1.684042740146606
3.0,3.0,1.0,2.0,3.0,2.0,1.9135948815401511
3.0,3.0,1.0,2.0,3.0,3.0,2.09295445797117
3.0,3.0,1.0,2.0,4.0,1.0,1.8157731450089856
3.0,3.0,1.0,2.0,4.0,2.0,2.0363443849140874
3.0,3.0,1.0,2.0,4.0,4.0,2.478730392736245
3.0,3.0,1.0,3.0,1.0,1.0,1.5208437032647943
3.0,3.0,1.0,3.0,1.0,2.0,1.7377685789445048
3.0,3.0,1.0,3.0,1.0,3.0,1.9197749005690967
3.0,3.0,1.0,3.0,2.0,1.0,1.6624458968864542
3.0,3.0,1.0,3.0,2.0,2.0,1.8913233810108392
3.0,3.0,1.0,3.0,2.0,3.0,2.0705785273577506
3.0,3.0,1.0,3.0,2.0,4.0,2.335919096761437
3.0,3.0,1.0,3.0,3.0,1.0,1.7584842402065115
3.0,3.0,1.0,3.0,3.0,2.0,2.027279046207051
3.0,3.0,1.0,3.0,3.0,3.0,2.2747445368587256
3.0,3.0,1.0,3.0,3.0,4.0,2.468983785169434
3.0,3.0,1.0,3.0,3.0,5.0,2.693699162280688
3.0,3.0,1.0,3.0,4.0,3.0,2.3555265115029576
3.0,3.0,1.0,3.0,5.0,2.0,2.2967117378175343
3.0,3.0,1.0,4.0,1.0,1.0,1.6357200204813054
3.0,3.0,1.0,4.0,1.0,2.0,1.8722289360173006
3.0,3.0,1.0,4.0,1.0,3.0,2.0760763139598017
3.0,3.0,1.0,4.0,1.0,4.0,2.319546835742373
3.0,3.0,1.0,4.0,2.0,2.0,2.009139125093651
3.0,3.0,1.0,4.0,2.0,3.0,2.208480986443528
3.0,3.0,1.0,4.0,2.0,4.0,2.4508784952508074
3.0,3.0,1.0,4.0,3.0,1.0,1.9257874580254304
3.0,3.0,1.0,4.0,3.0,2.0,2.1542482776337843
3.0,3.0,1.0,4.0,3.0,3.0,2.372066997089724
3.0,3.0,1.0,4.0,3.0,4.0,2.58637159881481
3.0,3.0,1.0,4.0,4.0,1.0,2.0620899718411065
3.0,3.0,1.0,4.0,4.0,2.0,2.282959577829459
3.0,3.0,1.0,4.0,4.0,3.0,2.4956998644297648
3.0,3.0,1.0,4.0,4.0,4.0,2.7210730748947616
3.0,3.0,1.0,5.0,1.0,1.0,1.7745174278837377
3.0,3.0,1.0,5.0,1.0,2.0,1.9871882031188006
3.0,3.0,1.0,5.0,2.0,1.0,1.9114277135471343
3.0,3.0,1.0,5.0,2.0,3.0,2.342162223546066
3.0,3.0,1.0,5.0,2.0,4.0,2.565837970491748
3.0,3.0,1.0,5.0,2.0,5.0,2.794906650547451
3.0,3.0,1.0,5.0,3.0,1.0,2.048338037504337
3.0,3.0,1.0,5.0,3.0,3.0,2.498276366518436
3.0,3.0,1.0,5.0,3.0,4.0,2.710947173424867
3.0,3.0,1.0,5.0,4.0,5.0,3.068726999009522
3.0,3.0,1.0,5.0,5.0,2.0,2.5512271002932314
3.0,3.0,1.0,5.0,5.0,5.0,3.213836167528999
3.0,3.0,2.0,1.0,1.0,1.0,1.5628328184500104
3.0,3.0,2.0,1.0,1.0,2.0,1.7660537640337084
3.0,3.0,2.0,1.0,1.0,3.0,1.976140804528595
3.0,3.0,2.0,1.0,2.0,1.0,1.6860777075964641
3.0,3.0,2.0,1.0,2.0,2.0,1.9055996878734338
3.0,3.0,2.0,1.0,2.0,3.0,2.1119376834303054
3.0,3.0,2.0,1.0,3.0,1.0,1.7650485117087522
3.0,3.0,2.0,1.0,3.0,2.0,2.0113736015936845
3.0,3.0,2.0,1.0,3.0,3.0,2.2320516225747338
3.0,3.0,2.0,1.0,3.0,4.0,2.478835108611566
3.0,3.0,2.0,1.0,4.0,2.0,2.1792641653513285
3.0,3.0,2.0,1.0,4.0,3.0,2.3916638585562424
3.0,3.0,2.0,2.0,1.0,1.0,1.6481010014494197
3.0,3.0,2.0,2.0,1.0,2.0,1.875139026661136
3.0,3.0,2.0,2.0,1.0,3.0,2.1257130332795664
3.0,3.0,2.0,2.0,2.0,1.0,1.7903034552433335
3.0,3.0,2.0,2.0,2.0,2.0,2.047277779387681
3.0,3.0,2.0,2.0,2.0,3.0,2.2651426911625987
3.0,3.0,2.0,2.0,3.0,1.0,1.936395112413172
3.0,3.0,2.0,2.0,3.0,2.0,2.137490091119702
3.0,3.0,2.0,2.0,3.0,3.0,2.3952486155874104
3.0,3.0,2.0,2.0,4.0,1.0,2.075673263364699
3.0,3.0,2.0,2.0,4.0,2.0,2.3019519700200592
3.0,3.0,2.0,2.0,4.0,3.0,2.5393974875882726
3.0,3.0,2.0,2.0,4.0,4.0,2.7389034612335146
3.0,3.0,2.0,3.0,1.0,1.0,1.7803295266869557
3.0,3.0,2.0,3.0,1.0,2.0,2.0431524145176256
3.0,3.0,2.0,3.0,1.0,3.0,2.239177004033669
3.0,3.0,2.0,3.0,2.0,1.0,1.9121138534866924
3.0,3.0,2.0,3.0,2.0,2.0,2.199191967016924
3.0,3.0,2.0,3.0,2.0,3.0,2.4105907623380016
3.0,3.0,2.0,3.0,2.0,4.0,2.5964403144609776
3.0,3.0,2.0,3.0,3.0,1.0,2.044324231472956
3.0,3.0,2.0,3.0,3.0,2.0,2.3148295109487362
3.0,3.0,2.0,3.0,3.0,3.0,2.5784116039597045
3.0,3.0,2.0,3.0,3.0,4.0,2.73551870883789
3.0,3.0,2.0,3.0,4.0,1.0,2.1994527515619446
3.0,3.0,2.0,3.0,4.0,2.0,2.4352722169422165
3.0,3.0,2.0,3.0,4.0,3.0,2.6585800459719064
3.0,3.0,2.0,3.0,4.0,4.0,2.86537228274774
3.0,3.0,2.0,3.0,5.0,4.0,3.0071710140764347
3.0,3.0,2.0,3.0,5.0,5.0,3.226185991288821
3.0,3.0,2.0,4.0,1.0,2.0,2.1265224051066176
3.0,3.0,2.0,4.0,1.0,3.0,2.3862389035438776
3.0,3.0,2.0,4.0,1.0,4.0,2.5826884623042377
3.0,3.0,2.0,4.0,1.0,5.0,2.8035581419532347
3.0,3.0,2.0,4.0,2.0,2.0,2.2826667739722146
3.0,3.0,2.0,4.0,2.0,3.0,2.5066007277900493
3.0,3.0,2.0,4.0,2.0,4.0,2.711399673186049
3.0,3.0,2.0,4.0,3.0,1.0,2.1775018538694004
3.0,3.0,2.0,4.0,3.0,2.0,2.409535315630914
3.0,3.0,2.0,4.0,3.0,3.0,2.649984001529446
3.0,3.0,2.0,4.0,3.0,4.0,2.856541051462342
3.0,3.0,2.0,4.0,4.0,2.0,2.557068712507787
3.0,3.0,2.0,4.0,4.0,3.0,2.7904996863089284
3.0,3.0,2.0,4.0,4.0,4.0,2.9873847747828646
3.0,3.0,2.0,4.0,5.0,3.0,2.8972711544551464
3.0,3.0,2.0,4.0,5.0,4.0,3.1242168657588736
3.0,3.0,2.0,4.0,5.0,5.0,3.351199031462584
3.0,3.0,2.0,5.0,1.0,2.0,2.255908420265585
3.0,3.0,2.0,5.0,1.0,3.0,2.48497716777267
3.0,3.0,2.0,5.0,1.0,5.0,2.9273120863414177
3.0,3.0,2.0,5.0,2.0,1.0,2.1801479228998955
3.0,3.0,2.0,5.0,2.0,2.0,2.384619704241006
3.0,3.0,2.0,5.0,2.0,3.0,2.619919901448636
3.0,3.0,2.0,5.0,2.0,4.0,2.844035386030389
3.0,3.0,2.0,5.0,2.0,5.0,3.046844259521898
3.0,3.0,2.0,5.0,3.0,1.0,2.3088592008958653
3.0,3.0,2.0,5.0,3.0,3.0,2.7607586700661897
3.0,3.0,2.0,5.0,3.0,4.0,2.9799946241985693
3.0,3.0,2.0,5.0,3.0,5.0,3.2005369325263033
3.0,3.0,2.0,5.0,4.0,2.0,2.666639172940219
3.0,3.0,2.0,5.0,4.0,3.0,2.8849663161217896
3.0,3.0,2.0,5.0,4.0,4.0,3.12477643718689
3.0,3.0,2.0,5.0,4.0,5.0,3.3347027564260996
3.0,3.0,2.0,5.0,5.0,3.0,3.0320911104853137
3.0,3.0,2.0,5.0,5.0,4.0,3.224218526819863
3.0,3.0,2.0,5.0,5.0,5.0,3.458637324285134
3.0,3.0,3.0,1.0,1.0,1.0,1.7300276260716627
3.0,3.0,3.0,1.0,1.0,2.0,2.0317345791744934
3.0,3.0,3.0,1.0,1.0,3.0,2.22278637717926
3.0,3.0,3.0,1.0,2.0,1.0,1.9106985253227322
3.0,3.0,3.0,1.0,2.0,2.0,2.126752129170812
3.0,3.0,3.0,1.0,2.0,3.0,2.3784726794227913
3.0,3.0,3.0,1.0,3.0,1.0,2.0252684148884503
3.0,3.0,3.0,1.0,3.0,2.0,2.2992889515226698
3.0,3.0,3.0,1.0,3.0,3.0,2.4795035790310958
3.0,3.0,3.0,1.0,3.0,4.0,2.731157231150413
3.0,3.0,3.0,1.0,4.0,1.0,2.205458315447587
3.0,3.0,3.0,1.0,4.0,2.0,2.4228604856626275
3.0,3.0,3.0,1.0,4.0,3.0,2.644822069112075
3.0,3.0,3.0,1.0,4.0,4.0,2.87626643729262
3.0,3.0,3.0,1.0,5.0,2.0,2.5714373382736317
3.0,3.0,3.0,2.0,1.0,1.0,1.9289928863517758
3.0,3.0,3.0,2.0,1.0,2.0,2.1312209616061204
3.0,3.0,3.0,2.0,1.0,3.0,2.367474934894319
3.0,3.0,3.0,2.0,2.0,1.0,2.0365943309696815
3.0,3.0,3.0,2.0,2.0,2.0,2.290876239951212
3.0,3.0,3.0,2.0,2.0,3.0,2.518412767202364
3.0,3.0,3.0,2.0,3.0,1.0,2.2081045355535767
3.0,3.0,3.0,2.0,3.0,2.0,2.4100891762590164
3.0,3.0,3.0,2.0,3.0,3.0,2.6498805559402294
3.0,3.0,3.0,2.0,3.0,4.0,2.8717645216516066
3.0,3.0,3.0,2.0,4.0,1.0,2.3368155845358136
3.0,3.0,3.0,2.0,4.0,2.0,2.559349675726384
3.0,3.0,3.0,2.0,4.0,3.0,2.786644477464422
3.0,3.0,3.0,2.0,4.0,4.0,3.0155668655965755
3.0,3.0,3.0,2.0,5.0,3.0,2.9236641825066623
3.0,3.0,3.0,3.0,1.0,1.0,2.088070239892862
3.0,3.0,3.0,3.0,1.0,2.0,2.2730744451529152
3.0,3.0,3.0,3.0,1.0,3.0,2.4379572908494382
3.0,3.0,3.0,3.0,1.0,4.0,2.716500319283888
3.0,3.0,3.0,3.0,2.0,1.0,2.183148848076862
3.0,3.0,3.0,3.0,2.0,2.0,2.424380919187998
3.0,3.0,3.0,3.0,2.0,3.0,2.708931688954694
3.0,3.0,3.0,3.0,2.0,4.0,2.8592685131866387
3.0,3.0,3.0,3.0,3.0,1.0,2.3285681876389392
3.0,3.0,3.0,3.0,3.0,2.0,2.5808881767503884
3.0,3.0,3.0,3.0,3.0,3.0,2.9077016325459994
3.0,3.0,3.0,3.0,3.0,4.0,2.9941117505551516
3.0,3.0,3.0,3.0,3.0,5.0,3.2229403779658297
3.0,3.0,3.0,3.0,4.0,1.0,2.472497323197119
3.0,3.0,3.0,3.0,4.0,2.0,2.6875022789923473
3.0,3.0,3.0,3.0,4.0,3.0,2.9602941063569057
3.0,3.0,3.0,3.0,4.0,4.0,3.124668073104958
3.0,3.0,3.0,3.0,4.0,5.0,3.35165167315574
3.0,3.0,3.0,3.0,5.0,3.0,3.0520334595864616
3.0,3.0,3.0,3.0,5.0,4.0,3.273647390735403
3.0,3.0,3.0,4.0,1.0,1.0,2.170998861855475
3.0,3.0,3.0,4.0,1.0,2.0,2.3932714285746814
3.0,3.0,3.0,4.0,1.0,3.0,2.6253834758180026
3.0,3.0,3.0,4.0,1.0,4.0,2.8309680864707056
3.0,3.0,3.0,4.0,2.0,1.0,2.298663345353088
3.0,3.0,3.0,4.0,2.0,2.0,2.533456477965182
3.0,3.0,3.0,4.0,2.0,3.0,2.768253227987331
3.0,3.0,3.0,4.0,2.0,4.0,2.9890361461843553
3.0,3.0,3.0,4.0,3.0,1.0,2.4544210317786774
3.0,3.0,3.0,4.0,3.0,2.0,2.6645925244943998
3.0,3.0,3.0,4.0,3.0,3.0,2.947468476627652
3.0,3.0,3.0,4.0,3.0,4.0,3.125188866357645
3.0,3.0,3.0,4.0,3.0,5.0,3.335151650124022
3.0,3.0,3.0,4.0,4.0,1.0,2.5702571424101284
3.0,3.0,3.0,4.0,4.0,2.0,2.805375034110749
3.0,3.0,3.0,4.0,4.0,3.0,3.0456275192194733
3.0,3.0,3.0,4.0,4.0,4.0,3.338165486145483
3.0,3.0,3.0,4.0,4.0,5.0,3.4797393549947784
3.0,3.0,3.0,4.0,5.0,2.0,2.9573100682237317
3.0,3.0,3.0,4.0,5.0,3.0,3.1607527765146246
3.0,3.0,3.0,4.0,5.0,4.0,3.406697984206183
3.0,3.0,3.0,4.0,5.0,5.0,3.6033818968255735
3.0,3.0,3.0,5.0,1.0,3.0,2.7276000089645125
3.0,3.0,3.0,5.0,1.0,4.0,2.9663680631282396
3.0,3.0,3.0,5.0,1.0,5.0,3.185714703625597
3.0,3.0,3.0,5.0,2.0,3.0,2.8824085757444395
3.0,3.0,3.0,5.0,2.0,4.0,3.103278227888029
3.0,3.0,3.0,5.0,2.0,5.0,3.318917781221492
3.0,3.0,3.0,5.0,3.0,1.0,2.5857782837568557
3.0,3.0,3.0,5.0,3.0,2.0,2.790249994720948
3.0,3.0,3.0,5.0,3.0,3.0,3.0252387254578377
3.0,3.0,3.0,5.0,3.0,4.0,3.2404989391711476
3.0,3.0,3.0,5.0,3.0,5.0,3.4573084491768316
3.0,3.0,3.0,5.0,4.0,3.0,3.1579512445701745
3.0,3.0,3.0,5.0,4.0,4.0,3.411397342988843
3.0,3.0,3.0,5.0,4.0,5.0,3.602795501575921
3.0,3.0,3.0,5.0,5.0,3.0,3.29313924734267
3.0,3.0,3.0,5.0,5.0,4.0,3.482892343315417
3.0,3.0,3.0,5.0,5.0,5.0,3.723864851142084
3.0,3.0,4.0,1.0,1.0,1.0,2.05524871645243
3.0,3.0,4.0,1.0,1.0,3.0,2.4969881517257644
3.0,3.0,4.0,1.0,2.0,3.0,2.6502962699334898
3.0,3.0,4.0,1.0,3.0,1.0,2.337268234907048
3.0,3.0,4.0,1.0,3.0,2.0,2.5535983730614715
3.0,3.0,4.0,1.0,3.0,3.0,2.7872066022754045
3.0,3.0,4.0,1.0,4.0,3.0,2.924116864440472
3.0,3.0,4.0,1.0,5.0,2.0,2.8319586220486177
3.0,3.0,4.0,2.0,1.0,3.0,2.6343406492945705
3.0,3.0,4.0,2.0,2.0,1.0,2.323516111815539
3.0,3.0,4.0,2.0,2.0,2.0,2.5525850761168902
3.0,3.0,4.0,2.0,3.0,1.0,2.4566815304410174
3.0,3.0,4.0,2.0,3.0,2.0,2.699353727616475
3.0,3.0,4.0,2.0,3.0,3.0,2.8981410701810413
3.0,3.0,4.0,2.0,3.0,4.0,3.1312346797617887
3.0,3.0,4.0,2.0,3.0,5.0,3.360303325085022
3.0,3.0,4.0,2.0,4.0,2.0,2.8264055126587175
3.0,3.0,4.0,2.0,4.0,3.0,3.0465117722383592
3.0,3.0,4.0,3.0,1.0,2.0,2.526318199631304
3.0,3.0,4.0,3.0,1.0,3.0,2.759393179955782
3.0,3.0,4.0,3.0,1.0,4.0,2.980572523115535
3.0,3.0,4.0,3.0,2.0,1.0,2.4384757061723747
3.0,3.0,4.0,3.0,2.0,3.0,2.9022231619682115
3.0,3.0,4.0,3.0,3.0,2.0,2.8027237854806257
3.0,3.0,4.0,3.0,3.0,3.0,3.0582778506457236
3.0,3.0,4.0,3.0,3.0,4.0,3.2618159891621015
3.0,3.0,4.0,3.0,4.0,2.0,2.9418412825412306
3.0,3.0,4.0,3.0,4.0,3.0,3.132826328367458
3.0,3.0,4.0,3.0,4.0,4.0,3.401002472621243
3.0,3.0,4.0,3.0,4.0,5.0,3.6184296540452294
3.0,3.0,4.0,3.0,5.0,3.0,3.3104514489753476
3.0,3.0,4.0,3.0,5.0,4.0,3.5277578591936156
3.0,3.0,4.0,4.0,1.0,1.0,2.4493206392194558
3.0,3.0,4.0,4.0,1.0,3.0,2.8766833764008
3.0,3.0,4.0,4.0,1.0,4.0,3.103730856830562
3.0,3.0,4.0,4.0,2.0,2.0,2.80053644769391
3.0,3.0,4.0,4.0,2.0,3.0,3.0277425145529904
3.0,3.0,4.0,4.0,2.0,4.0,3.2468161152881776
3.0,3.0,4.0,4.0,3.0,1.0,2.7149419289061867
3.0,3.0,4.0,4.0,3.0,2.0,2.9440108638479914
3.0,3.0,4.0,4.0,3.0,3.0,3.1781273324337977
3.0,3.0,4.0,4.0,3.0,4.0,3.4147339652210995
3.0,3.0,4.0,4.0,3.0,5.0,3.5984210208257443
3.0,3.0,4.0,4.0,4.0,3.0,3.319081206873169
3.0,3.0,4.0,4.0,4.0,4.0,3.5327586182683683
3.0,3.0,4.0,4.0,4.0,5.0,3.749686879381845
3.0,3.0,4.0,4.0,5.0,3.0,3.424769390315757
3.0,3.0,4.0,4.0,5.0,4.0,3.639900187965365
3.0,3.0,4.0,4.0,5.0,5.0,3.8814126250818517
3.0,3.0,4.0,5.0,1.0,4.0,3.226889106214757
3.0,3.0,4.0,5.0,1.0,5.0,3.44775899035257
3.0,3.0,4.0,5.0,2.0,2.0,2.9220599550122808
3.0,3.0,4.0,5.0,2.0,4.0,3.374062928573471
3.0,3.0,4.0,5.0,3.0,3.0,3.2798399938563434
3.0,3.0,4.0,5.0,3.0,4.0,3.5087643857759567
3.0,3.0,4.0,5.0,3.0,5.0,3.7319756636687456
3.0,3.0,4.0,5.0,4.0,3.0,3.422749023106778
3.0,3.0,4.0,5.0,4.0,4.0,3.660077869311405
3.0,3.0,4.0,5.0,4.0,5.0,3.8573096067730575
3.0,3.0,4.0,5.0,5.0,3.0,3.5536604536257004
3.0,3.0,4.0,5.0,5.0,4.0,3.7747525183669697
3.0,3.0,4.0,5.0,5.0,5.0,3.9958114323728364
3.0,3.0,5.0,1.0,1.0,1.0,2.3157700290902414
3.0,3.0,5.0,1.0,3.0,3.0,3.047727861021507
3.0,3.0,5.0,2.0,2.0,2.0,2.8131061713097645
3.0,3.0,5.0,2.0,5.0,3.0,3.4529055410606917
3.0,3.0,5.0,3.0,1.0,3.0,3.0120248593154666
3.0,3.0,5.0,3.0,2.0,3.0,3.1571341860056936
3.0,3.0,5.0,3.0,3.0,3.0,3.289299810112342
3.0,3.0,5.0,3.0,4.0,3.0,3.4391537279114397
3.0,3.0,5.0,3.0,5.0,3.0,3.5713789215413136
3.0,3.0,5.0,3.0,5.0,4.0,3.7969336437682073
3.0,3.0,5.0,3.0,5.0,5.0,4.009526123180535
3.0,3.0,5.0,4.0,1.0,3.0,3.1433824033844058
3.0,3.0,5.0,4.0,1.0,4.0,3.3642520308473665
3.0,3.0,5.0,4.0,2.0,4.0,3.5011622859554974
3.0,3.0,5.0,4.0,2.0,5.0,3.730230892861393
3.0,3.0,5.0,4.0,3.0,2.0,3.196332956322054
3.0,3.0,5.0,4.0,3.0,3.0,3.425401848642031
3.0,3.0,5.0,4.0,3.0,4.0,3.6328832649430916
3.0,3.0,5.0,4.0,4.0,2.0,3.3414423501830193
3.0,3.0,5.0,4.0,4.0,3.0,3.553239413030141
3.0,3.0,5.0,4.0,4.0,4.0,3.7716879024109633
3.0,3.0,5.0,4.0,4.0,5.0,4.004018386086729
3.0,3.0,5.0,4.0,5.0,3.0,3.696007748994145
3.0,3.0,5.0,4.0,5.0,4.0,3.920092001464689
3.0,3.0,5.0,4.0,5.0,5.0,4.1398152834477635
3.0,3.0,5.0,5.0,2.0,2.0,3.1907800736911267
3.0,3.0,5.0,5.0,2.0,3.0,3.4034508308396503
3.0,3.0,5.0,5.0,2.0,5.0,3.845190327659765
3.0,3.0,5.0,5.0,3.0,1.0,3.09862154149173
3.0,3.0,5.0,5.0,3.0,3.0,3.5403611108173925
3.0,3.0,5.0,5.0,4.0,3.0,3.6772714549304575
3.0,3.0,5.0,5.0,4.0,4.0,3.917252570733117
3.0,3.0,5.0,5.0,4.0,5.0,4.106447745267906
3.0,3.0,5.0,5.0,5.0,3.0,3.8156925695208685
3.0,3.0,5.0,5.0,5.0,4.0,4.042898389170062
3.0,3.0,5.0,5.0,5.0,5.0,4.240167998870957
3.0,4.0,1.0,1.0,1.0,1.0,1.289751840931532
3.0,4.0,1.0,1.0,1.0,2.0,1.5581335505025438
3.0,4.0,1.0,1.0,1.0,3.0,1.7736678260719843
3.0,4.0,1.0,1.0,2.0,1.0,1.4651958235367553
3.0,4.0,1.0,1.0,2.0,2.0,1.6971556622247257
3.0,4.0,1.0,1.0,2.0,3.0,1.9194370195369173
3.0,4.0,1.0,1.0,3.0,1.0,1.5992346730778513
3.0,4.0,1.0,1.0,3.0,2.0,1.83878147034103
3.0,4.0,1.0,1.0,3.0,3.0,2.0633663180265316
3.0,4.0,1.0,1.0,4.0,1.0,1.7408330011113733
3.0,4.0,1.0,1.0,4.0,2.0,1.9799267462006211
3.0,4.0,1.0,1.0,4.0,3.0,2.1843984980676616
3.0,4.0,1.0,2.0,1.0,1.0,1.4504896148796598
3.0,4.0,1.0,2.0,1.0,2.0,1.6729621621415736
3.0,4.0,1.0,2.0,1.0,3.0,1.8912991131210017
3.0,4.0,1.0,2.0,2.0,1.0,1.5953144952417244
3.0,4.0,1.0,2.0,2.0,2.0,1.8104503001879813
3.0,4.0,1.0,2.0,2.0,3.0,2.0497262266723397
3.0,4.0,1.0,2.0,3.0,1.0,1.7358634809548097
3.0,4.0,1.0,2.0,3.0,2.0,1.9468046207611673
3.0,4.0,1.0,2.0,3.0,3.0,2.1598258767816456
3.0,4.0,1.0,2.0,3.0,4.0,2.3915163643433286
3.0,4.0,1.0,2.0,4.0,1.0,1.874016410952136
3.0,4.0,1.0,2.0,4.0,2.0,2.0948860678550507
3.0,4.0,1.0,2.0,4.0,3.0,2.3081744195756433
3.0,4.0,1.0,2.0,5.0,2.0,2.2317963928259634
3.0,4.0,1.0,3.0,1.0,1.0,1.605036027590692
3.0,4.0,1.0,3.0,1.0,2.0,1.8114757579789604
3.0,4.0,1.0,3.0,1.0,3.0,2.0277277887539813
3.0,4.0,1.0,3.0,1.0,4.0,2.249053212220618
3.0,4.0,1.0,3.0,2.0,1.0,1.718493378274076
3.0,4.0,1.0,3.0,2.0,2.0,1.9472476371490246
3.0,4.0,1.0,3.0,2.0,3.0,2.1637506970264178
3.0,4.0,1.0,3.0,3.0,1.0,1.848822055915242
3.0,4.0,1.0,3.0,3.0,2.0,2.080721949099883
3.0,4.0,1.0,3.0,3.0,3.0,2.317364804256283
3.0,4.0,1.0,3.0,3.0,4.0,2.5310725831100083
3.0,4.0,1.0,3.0,4.0,3.0,2.431832212409952
3.0,4.0,1.0,3.0,4.0,4.0,2.667982838399542
3.0,4.0,1.0,3.0,5.0,2.0,2.354954681930354
3.0,4.0,1.0,3.0,5.0,3.0,2.584023406277737
3.0,4.0,1.0,4.0,1.0,1.0,1.6900859825007064
3.0,4.0,1.0,4.0,1.0,2.0,1.9485550295095888
3.0,4.0,1.0,4.0,1.0,3.0,2.128613206637299
3.0,4.0,1.0,4.0,1.0,4.0,2.366205618389053
3.0,4.0,1.0,4.0,2.0,2.0,2.074360902462898
3.0,4.0,1.0,4.0,2.0,3.0,2.2916673738941986
3.0,4.0,1.0,4.0,2.0,4.0,2.5173207346855015
3.0,4.0,1.0,4.0,3.0,2.0,2.1913844502715754
3.0,4.0,1.0,4.0,3.0,3.0,2.4344355941360623
3.0,4.0,1.0,4.0,3.0,4.0,2.6436753240295996
3.0,4.0,1.0,4.0,3.0,5.0,2.8751006794459877
3.0,4.0,1.0,4.0,4.0,2.0,2.3518306118499352
3.0,4.0,1.0,4.0,4.0,3.0,2.5428589811079636
3.0,4.0,1.0,4.0,4.0,4.0,2.7783768145596723
3.0,4.0,1.0,4.0,5.0,4.0,2.9116536093007648
3.0,4.0,1.0,4.0,5.0,5.0,3.1489211284675154
3.0,4.0,1.0,5.0,1.0,1.0,1.81932407223351
3.0,4.0,1.0,5.0,1.0,2.0,2.053630452436816
3.0,4.0,1.0,5.0,1.0,3.0,2.280399682967516
3.0,4.0,1.0,5.0,2.0,2.0,2.1905406269261123
3.0,4.0,1.0,5.0,3.0,2.0,2.327450845097632
3.0,4.0,1.0,5.0,4.0,2.0,2.4725601375421427
3.0,4.0,1.0,5.0,4.0,3.0,2.6934297724266196
3.0,4.0,2.0,1.0,1.0,1.0,1.581721313538977
3.0,4.0,2.0,1.0,1.0,2.0,1.8171122316940709
3.0,4.0,2.0,1.0,1.0,3.0,2.0501750873628395
3.0,4.0,2.0,1.0,2.0,1.0,1.730626220112868
3.0,4.0,2.0,1.0,2.0,2.0,1.939753260186979
3.0,4.0,2.0,1.0,2.0,3.0,2.187497318492092
3.0,4.0,2.0,1.0,3.0,1.0,1.8715337649388883
3.0,4.0,2.0,1.0,3.0,2.0,2.086793955549683
3.0,4.0,2.0,1.0,3.0,3.0,2.299820803414778
3.0,4.0,2.0,1.0,3.0,4.0,2.5284125538965845
3.0,4.0,2.0,1.0,4.0,1.0,2.0112862439543924
3.0,4.0,2.0,1.0,4.0,2.0,2.2213567548850275
3.0,4.0,2.0,1.0,4.0,3.0,2.453118794437311
3.0,4.0,2.0,2.0,1.0,1.0,1.7219980896509677
3.0,4.0,2.0,2.0,1.0,2.0,1.956442602933478
3.0,4.0,2.0,2.0,1.0,3.0,2.1861306400742913
3.0,4.0,2.0,2.0,1.0,4.0,2.3832731937595057
3.0,4.0,2.0,2.0,2.0,1.0,1.8438005869310239
3.0,4.0,2.0,2.0,2.0,2.0,2.073013215341734
3.0,4.0,2.0,2.0,2.0,3.0,2.3276127026813156
3.0,4.0,2.0,2.0,2.0,4.0,2.527202372350885
3.0,4.0,2.0,2.0,3.0,1.0,2.0134706338887276
3.0,4.0,2.0,2.0,3.0,2.0,2.24312180955487
3.0,4.0,2.0,2.0,3.0,3.0,2.4506803744329044
3.0,4.0,2.0,2.0,4.0,2.0,2.356083859606934
3.0,4.0,2.0,2.0,4.0,3.0,2.569440130228849
3.0,4.0,2.0,2.0,4.0,4.0,2.8084857028900174
3.0,4.0,2.0,2.0,5.0,1.0,2.2714479251731725
3.0,4.0,2.0,2.0,5.0,3.0,2.723651696865521
3.0,4.0,2.0,3.0,1.0,1.0,1.8451127950859778
3.0,4.0,2.0,3.0,1.0,2.0,2.0948293136726766
3.0,4.0,2.0,3.0,1.0,3.0,2.3024205200281944
3.0,4.0,2.0,3.0,2.0,1.0,1.992779411310561
3.0,4.0,2.0,3.0,2.0,2.0,2.2649427207052226
3.0,4.0,2.0,3.0,2.0,3.0,2.4253129998840794
3.0,4.0,2.0,3.0,2.0,4.0,2.6574914545526713
3.0,4.0,2.0,3.0,3.0,1.0,2.116948100259208
3.0,4.0,2.0,3.0,3.0,2.0,2.373105241530658
3.0,4.0,2.0,3.0,3.0,3.0,2.6134796338211794
3.0,4.0,2.0,3.0,3.0,4.0,2.8110890681010043
3.0,4.0,2.0,3.0,4.0,1.0,2.2555997746495713
3.0,4.0,2.0,3.0,4.0,2.0,2.502965287823133
3.0,4.0,2.0,3.0,4.0,3.0,2.7240453264832722
3.0,4.0,2.0,3.0,4.0,4.0,2.9329028563131336
3.0,4.0,2.0,3.0,5.0,2.0,2.615475788768192
3.0,4.0,2.0,3.0,5.0,3.0,2.8458085303567997
3.0,4.0,2.0,3.0,5.0,4.0,3.0572153297989635
3.0,4.0,2.0,3.0,5.0,5.0,3.2862841311170414
3.0,4.0,2.0,4.0,1.0,1.0,1.9783225744211956
3.0,4.0,2.0,4.0,1.0,2.0,2.2100107004530893
3.0,4.0,2.0,4.0,1.0,3.0,2.4220789381389096
3.0,4.0,2.0,4.0,1.0,4.0,2.638657267777964
3.0,4.0,2.0,4.0,1.0,5.0,2.8454034994275768
3.0,4.0,2.0,4.0,2.0,1.0,2.1142950825186992
3.0,4.0,2.0,4.0,2.0,2.0,2.3037225838999578
3.0,4.0,2.0,4.0,2.0,3.0,2.537495391655426
3.0,4.0,2.0,4.0,2.0,4.0,2.772627210594992
3.0,4.0,2.0,4.0,3.0,1.0,2.2561408021828213
3.0,4.0,2.0,4.0,3.0,2.0,2.4530310039821703
3.0,4.0,2.0,4.0,3.0,3.0,2.7185283645633658
3.0,4.0,2.0,4.0,3.0,4.0,2.9116231267006496
3.0,4.0,2.0,4.0,4.0,1.0,2.385888894669209
3.0,4.0,2.0,4.0,4.0,2.0,2.604585266864329
3.0,4.0,2.0,4.0,4.0,3.0,2.871615513642151
3.0,4.0,2.0,4.0,4.0,4.0,3.03050375984497
3.0,4.0,2.0,4.0,4.0,5.0,3.276201724815094
3.0,4.0,2.0,4.0,5.0,3.0,2.9677028933396117
3.0,4.0,2.0,4.0,5.0,4.0,3.1870389456490487
3.0,4.0,2.0,4.0,5.0,5.0,3.409442242925978
3.0,4.0,2.0,5.0,1.0,2.0,2.3197286349833433
3.0,4.0,2.0,5.0,1.0,3.0,2.5301781446863933
3.0,4.0,2.0,5.0,1.0,4.0,2.741611239449703
3.0,4.0,2.0,5.0,1.0,5.0,2.985081791030447
3.0,4.0,2.0,5.0,2.0,2.0,2.4636578197831365
3.0,4.0,2.0,5.0,2.0,3.0,2.6794969883652437
3.0,4.0,2.0,5.0,3.0,2.0,2.578485195616566
3.0,4.0,2.0,5.0,3.0,3.0,2.8266605953305026
3.0,4.0,2.0,5.0,3.0,4.0,3.045365089801006
3.0,4.0,2.0,5.0,4.0,2.0,2.7248823306682066
3.0,4.0,2.0,5.0,4.0,3.0,2.9546933345197495
3.0,4.0,2.0,5.0,4.0,4.0,3.1679348758685935
3.0,4.0,2.0,5.0,4.0,5.0,3.397373016672354
3.0,4.0,2.0,5.0,5.0,4.0,3.3067012564593794
3.0,4.0,2.0,5.0,5.0,5.0,3.531564957578615
3.0,4.0,3.0,1.0,1.0,1.0,1.8158508354015586
3.0,4.0,3.0,1.0,1.0,2.0,2.0887816274076125
3.0,4.0,3.0,1.0,1.0,3.0,2.3029092107350504
3.0,4.0,3.0,1.0,2.0,1.0,1.9661156828074862
3.0,4.0,3.0,1.0,2.0,2.0,2.2315498928586877
3.0,4.0,3.0,1.0,2.0,3.0,2.432722779341864
3.0,4.0,3.0,1.0,3.0,1.0,2.106043274542441
3.0,4.0,3.0,1.0,3.0,2.0,2.3389091809611333
3.0,4.0,3.0,1.0,3.0,3.0,2.562388775178869
3.0,4.0,3.0,1.0,3.0,4.0,2.791112789928349
3.0,4.0,3.0,1.0,4.0,1.0,2.2800995125351493
3.0,4.0,3.0,1.0,4.0,2.0,2.488762438056022
3.0,4.0,3.0,1.0,4.0,3.0,2.704509091557039
3.0,4.0,3.0,1.0,4.0,4.0,2.9345096218319555
3.0,4.0,3.0,1.0,5.0,3.0,2.8587490169708154
3.0,4.0,3.0,2.0,1.0,1.0,1.960379620007269
3.0,4.0,3.0,2.0,1.0,2.0,2.2002582197940104
3.0,4.0,3.0,2.0,1.0,3.0,2.441709305542959
3.0,4.0,3.0,2.0,1.0,4.0,2.64980810453542
3.0,4.0,3.0,2.0,2.0,1.0,2.09283282169095
3.0,4.0,3.0,2.0,2.0,2.0,2.3740809332691994
3.0,4.0,3.0,2.0,2.0,3.0,2.5846645920383224
3.0,4.0,3.0,2.0,2.0,4.0,2.785604965945703
3.0,4.0,3.0,2.0,3.0,1.0,2.2663477557270055
3.0,4.0,3.0,2.0,3.0,2.0,2.4785498390929845
3.0,4.0,3.0,2.0,3.0,3.0,2.7284191315676387
3.0,4.0,3.0,2.0,3.0,4.0,2.91533427607225
3.0,4.0,3.0,2.0,4.0,2.0,2.6183055371214814
3.0,4.0,3.0,2.0,4.0,3.0,2.870481236203694
3.0,4.0,3.0,2.0,4.0,4.0,3.070044591303684
3.0,4.0,3.0,2.0,5.0,3.0,2.9819073537081366
3.0,4.0,3.0,2.0,5.0,5.0,3.420201550051405
3.0,4.0,3.0,3.0,1.0,1.0,2.1129065963238567
3.0,4.0,3.0,3.0,1.0,2.0,2.3129576371243656
3.0,4.0,3.0,3.0,1.0,3.0,2.5474817380630284
3.0,4.0,3.0,3.0,1.0,4.0,2.773804020488633
3.0,4.0,3.0,3.0,2.0,1.0,2.2565860935964803
3.0,4.0,3.0,3.0,2.0,2.0,2.4745728446843818
3.0,4.0,3.0,3.0,2.0,3.0,2.7921414104839215
3.0,4.0,3.0,3.0,2.0,4.0,2.912051637712365
3.0,4.0,3.0,3.0,3.0,1.0,2.391287573783927
3.0,4.0,3.0,3.0,3.0,2.0,2.6224883052037673
3.0,4.0,3.0,3.0,3.0,3.0,2.92364588720327
3.0,4.0,3.0,3.0,3.0,4.0,3.0884710437148644
3.0,4.0,3.0,3.0,3.0,5.0,3.2729847241779217
3.0,4.0,3.0,3.0,4.0,1.0,2.5182171777626503
3.0,4.0,3.0,3.0,4.0,2.0,2.740348371244923
3.0,4.0,3.0,3.0,4.0,3.0,3.014429140576869
3.0,4.0,3.0,3.0,4.0,4.0,3.213826905615496
3.0,4.0,3.0,3.0,4.0,5.0,3.427481924100121
3.0,4.0,3.0,3.0,5.0,2.0,2.8841960624195493
3.0,4.0,3.0,3.0,5.0,3.0,3.1038922609908566
3.0,4.0,3.0,3.0,5.0,4.0,3.3394010152794267
3.0,4.0,3.0,3.0,5.0,5.0,3.5423582151466313
3.0,4.0,3.0,4.0,1.0,1.0,2.2251060630149944
3.0,4.0,3.0,4.0,1.0,2.0,2.4400293806712297
3.0,4.0,3.0,4.0,1.0,3.0,2.666874700418411
3.0,4.0,3.0,4.0,1.0,4.0,2.848294984145425
3.0,4.0,3.0,4.0,2.0,2.0,2.606062257135948
3.0,4.0,3.0,4.0,2.0,3.0,2.8464230626723213
3.0,4.0,3.0,4.0,2.0,4.0,3.059456539822893
3.0,4.0,3.0,4.0,2.0,5.0,3.2571244784388496
3.0,4.0,3.0,4.0,3.0,1.0,2.532364381449342
3.0,4.0,3.0,4.0,3.0,2.0,2.7623528691733523
3.0,4.0,3.0,4.0,3.0,3.0,3.014099794019377
3.0,4.0,3.0,4.0,3.0,4.0,3.22946189827549
3.0,4.0,3.0,4.0,3.0,5.0,3.3929212690812127
3.0,4.0,3.0,4.0,4.0,2.0,2.8447220570338394
3.0,4.0,3.0,4.0,4.0,3.0,3.141306213455186
3.0,4.0,3.0,4.0,4.0,4.0,3.402157518985404
3.0,4.0,3.0,4.0,4.0,5.0,3.531017623770741
3.0,4.0,3.0,4.0,5.0,2.0,2.9991619565978334
3.0,4.0,3.0,4.0,5.0,3.0,3.2185051862135565
3.0,4.0,3.0,4.0,5.0,4.0,3.495109106664245
3.0,4.0,3.0,4.0,5.0,5.0,3.657294660308502
3.0,4.0,3.0,5.0,1.0,1.0,2.353803049909527
3.0,4.0,3.0,5.0,1.0,2.0,2.5828716922324375
3.0,4.0,3.0,5.0,1.0,3.0,2.7955425744262903
3.0,4.0,3.0,5.0,1.0,4.0,2.992073717584497
3.0,4.0,3.0,5.0,1.0,5.0,3.2536798791440202
3.0,4.0,3.0,5.0,2.0,1.0,2.4907133314725765
3.0,4.0,3.0,5.0,2.0,2.0,2.736179960695921
3.0,4.0,3.0,5.0,2.0,3.0,2.934073267801259
3.0,4.0,3.0,5.0,2.0,4.0,3.175048493236925
3.0,4.0,3.0,5.0,3.0,2.0,2.8659895955911625
3.0,4.0,3.0,5.0,3.0,3.0,3.1071355151015942
3.0,4.0,3.0,5.0,3.0,4.0,3.2897640617459514
3.0,4.0,3.0,5.0,3.0,5.0,3.5146024983769113
3.0,4.0,3.0,5.0,4.0,2.0,2.993755093612215
3.0,4.0,3.0,5.0,4.0,3.0,3.211768065460361
3.0,4.0,3.0,5.0,4.0,4.0,3.4481007574284104
3.0,4.0,3.0,5.0,4.0,5.0,3.6316044192349106
3.0,4.0,3.0,5.0,5.0,3.0,3.3505348952121374
3.0,4.0,3.0,5.0,5.0,4.0,3.567007345004781
3.0,4.0,3.0,5.0,5.0,5.0,3.760550930685418
3.0,4.0,4.0,1.0,1.0,1.0,2.1134921551010453
3.0,4.0,4.0,1.0,2.0,1.0,2.248365309799569
3.0,4.0,4.0,1.0,2.0,2.0,2.479470873013022
3.0,4.0,4.0,1.0,2.0,3.0,2.7085395591665087
3.0,4.0,4.0,1.0,3.0,1.0,2.3922945191658687
3.0,4.0,4.0,1.0,3.0,3.0,2.8223094311667607
3.0,4.0,4.0,1.0,4.0,2.0,2.7532914453769086
3.0,4.0,4.0,1.0,4.0,3.0,2.9743709484689997
3.0,4.0,4.0,1.0,4.0,4.0,3.203229826471811
3.0,4.0,4.0,1.0,5.0,4.0,3.3455060645914085
3.0,4.0,4.0,2.0,1.0,2.0,2.465718992235283
3.0,4.0,4.0,2.0,1.0,3.0,2.6972694017975356
3.0,4.0,4.0,2.0,2.0,2.0,2.6026293673765757
3.0,4.0,4.0,2.0,2.0,3.0,2.8370412057346055
3.0,4.0,4.0,2.0,2.0,4.0,3.044368704691579
3.0,4.0,4.0,2.0,3.0,2.0,2.7319315806242948
3.0,4.0,4.0,2.0,3.0,3.0,2.9625567288262906
3.0,4.0,4.0,2.0,3.0,4.0,3.1944872507351003
3.0,4.0,4.0,2.0,4.0,1.0,2.6555799783191767
3.0,4.0,4.0,2.0,4.0,2.0,2.8822412547893195
3.0,4.0,4.0,2.0,4.0,3.0,3.0939608118134494
3.0,4.0,4.0,2.0,4.0,4.0,3.326554373769929
3.0,4.0,4.0,2.0,5.0,5.0,3.6923669682097184
3.0,4.0,4.0,3.0,1.0,2.0,2.5922203000806396
3.0,4.0,4.0,3.0,1.0,3.0,2.776093602437594
3.0,4.0,4.0,3.0,1.0,4.0,3.046255677974471
3.0,4.0,4.0,3.0,2.0,2.0,2.710866353995662
3.0,4.0,4.0,3.0,2.0,3.0,2.959203311092566
3.0,4.0,4.0,3.0,2.0,4.0,3.163504487289772
3.0,4.0,4.0,3.0,3.0,2.0,2.881575796379926
3.0,4.0,4.0,3.0,3.0,3.0,3.149742888215827
3.0,4.0,4.0,3.0,3.0,4.0,3.3295049694563636
3.0,4.0,4.0,3.0,4.0,2.0,3.007439612693094
3.0,4.0,4.0,3.0,4.0,3.0,3.254035573075271
3.0,4.0,4.0,3.0,4.0,4.0,3.4835173576984486
3.0,4.0,4.0,3.0,4.0,5.0,3.6888205346904397
3.0,4.0,4.0,3.0,5.0,3.0,3.3539771498872217
3.0,4.0,4.0,3.0,5.0,4.0,3.596523224299604
3.0,4.0,4.0,3.0,5.0,5.0,3.7975672149443302
3.0,4.0,4.0,4.0,1.0,1.0,2.48717106279216
3.0,4.0,4.0,4.0,1.0,3.0,2.918510639224366
3.0,4.0,4.0,4.0,1.0,4.0,3.137672890568856
3.0,4.0,4.0,4.0,1.0,5.0,3.379730181276988
3.0,4.0,4.0,4.0,2.0,2.0,2.8378637408570473
3.0,4.0,4.0,4.0,2.0,3.0,3.0927270333802506
3.0,4.0,4.0,4.0,2.0,4.0,3.3059225717795364
3.0,4.0,4.0,4.0,3.0,1.0,2.7750294069295975
3.0,4.0,4.0,4.0,3.0,2.0,3.025997551409124
3.0,4.0,4.0,4.0,3.0,3.0,3.239663101514946
3.0,4.0,4.0,4.0,3.0,4.0,3.5399561870011076
3.0,4.0,4.0,4.0,3.0,5.0,3.66490630061293
3.0,4.0,4.0,4.0,4.0,3.0,3.3966161602217864
3.0,4.0,4.0,4.0,4.0,4.0,3.6652364807677684
3.0,4.0,4.0,4.0,4.0,5.0,3.8015789351514298
3.0,4.0,4.0,4.0,5.0,3.0,3.5009864982933947
3.0,4.0,4.0,4.0,5.0,4.0,3.7553915840843564
3.0,4.0,4.0,4.0,5.0,5.0,3.939424077770879
3.0,4.0,4.0,5.0,1.0,1.0,2.6061254242928764
3.0,4.0,4.0,5.0,1.0,4.0,3.27693348504785
3.0,4.0,4.0,5.0,2.0,2.0,2.9803032282289506
3.0,4.0,4.0,5.0,2.0,3.0,3.1898599612134926
3.0,4.0,4.0,5.0,2.0,4.0,3.42791465033243
3.0,4.0,4.0,5.0,2.0,5.0,3.656739908800921
3.0,4.0,4.0,5.0,3.0,3.0,3.3429935328581286
3.0,4.0,4.0,5.0,3.0,4.0,3.587918904381029
3.0,4.0,4.0,5.0,3.0,5.0,3.794752681524186
3.0,4.0,4.0,5.0,4.0,2.0,3.262322631936271
3.0,4.0,4.0,5.0,4.0,3.0,3.495667871351659
3.0,4.0,4.0,5.0,4.0,4.0,3.7266448063670734
3.0,4.0,4.0,5.0,4.0,5.0,3.9185499633804612
3.0,4.0,4.0,5.0,5.0,3.0,3.6004108719558654
3.0,4.0,4.0,5.0,5.0,4.0,3.878750849536033
3.0,4.0,4.0,5.0,5.0,5.0,4.003237271747903
3.0,4.0,5.0,1.0,1.0,1.0,2.374013282658853
3.0,4.0,5.0,2.0,2.0,3.0,3.0833364752548844
3.0,4.0,5.0,2.0,3.0,2.0,3.0082595228396656
3.0,4.0,5.0,2.0,3.0,3.0,3.2455272251724345
3.0,4.0,5.0,2.0,4.0,4.0,3.5951082274266444
3.0,4.0,5.0,2.0,5.0,2.0,3.2738810277473442
3.0,4.0,5.0,2.0,5.0,4.0,3.732018479705123
3.0,4.0,5.0,3.0,2.0,3.0,3.228035584830636
3.0,4.0,5.0,3.0,3.0,2.0,3.144266664146283
3.0,4.0,5.0,3.0,3.0,3.0,3.3513982912417846
3.0,4.0,5.0,3.0,3.0,4.0,3.5719767970270637
3.0,4.0,5.0,3.0,3.0,5.0,3.802226103828238
3.0,4.0,5.0,3.0,4.0,3.0,3.485219384471728
3.0,4.0,5.0,3.0,4.0,4.0,3.711335425514421
3.0,4.0,5.0,3.0,4.0,5.0,3.939631248277351
3.0,4.0,5.0,3.0,5.0,5.0,4.07604658269727
3.0,4.0,5.0,4.0,2.0,3.0,3.338535808428664
3.0,4.0,5.0,4.0,3.0,3.0,3.472033756140582
3.0,4.0,5.0,4.0,3.0,4.0,3.6795991679157756
3.0,4.0,5.0,4.0,4.0,3.0,3.6218632227568
3.0,4.0,5.0,4.0,4.0,4.0,3.8320945499256114
3.0,4.0,5.0,4.0,4.0,5.0,4.0688014444979785
3.0,4.0,5.0,4.0,5.0,3.0,3.7574654542729986
3.0,4.0,5.0,4.0,5.0,4.0,3.9796692044791375
3.0,4.0,5.0,4.0,5.0,5.0,4.199204791948193
3.0,4.0,5.0,5.0,2.0,3.0,3.4616941835582833
3.0,4.0,5.0,5.0,2.0,4.0,3.6851451415351746
3.0,4.0,5.0,5.0,3.0,3.0,3.6050798357571896
3.0,4.0,5.0,5.0,3.0,4.0,3.827673022466943
3.0,4.0,5.0,5.0,4.0,3.0,3.757867991232264
3.0,4.0,5.0,5.0,4.0,4.0,3.9364744295834506
3.0,4.0,5.0,5.0,4.0,5.0,4.206403823227437
3.0,4.0,5.0,5.0,5.0,3.0,3.8653298348053693
3.0,4.0,5.0,5.0,5.0,4.0,4.100618453366329
3.0,4.0,5.0,5.0,5.0,5.0,4.317709142195306
3.0,5.0,1.0,1.0,1.0,1.0,1.3563239792968105
3.0,5.0,1.0,1.0,1.0,2.0,1.622336292536805
3.0,5.0,1.0,1.0,1.0,3.0,1.8319110236765475
3.0,5.0,1.0,1.0,2.0,1.0,1.5182807962729503
3.0,5.0,1.0,1.0,2.0,2.0,1.7540008559430804
3.0,5.0,1.0,1.0,3.0,1.0,1.669281829750837
3.0,5.0,1.0,1.0,3.0,2.0,1.8930607555791696
3.0,5.0,1.0,1.0,3.0,3.0,2.11300358901235
3.0,5.0,1.0,1.0,3.0,4.0,2.3348003061543454
3.0,5.0,1.0,1.0,4.0,1.0,1.800902371732216
3.0,5.0,1.0,1.0,4.0,2.0,2.0215945679656637
3.0,5.0,1.0,1.0,5.0,1.0,1.9378126400112987
3.0,5.0,1.0,1.0,5.0,2.0,2.1668813538589107
3.0,5.0,1.0,2.0,1.0,1.0,1.5167400010084942
3.0,5.0,1.0,2.0,1.0,2.0,1.7253607017782482
3.0,5.0,1.0,2.0,1.0,4.0,2.200536140218494
3.0,5.0,1.0,2.0,2.0,1.0,1.6746394344725073
3.0,5.0,1.0,2.0,2.0,2.0,1.8840593307252296
3.0,5.0,1.0,2.0,2.0,3.0,2.107495862085622
3.0,5.0,1.0,2.0,3.0,1.0,1.788880855017801
3.0,5.0,1.0,2.0,3.0,2.0,2.0229112708751145
3.0,5.0,1.0,2.0,4.0,1.0,1.9246777786918678
3.0,5.0,1.0,2.0,4.0,2.0,2.1587248456882606
3.0,5.0,1.0,2.0,4.0,4.0,2.594868610586689
3.0,5.0,1.0,2.0,4.0,5.0,2.8157385976649505
3.0,5.0,1.0,2.0,5.0,2.0,2.2818406776902402
3.0,5.0,1.0,3.0,1.0,1.0,1.6214293891221319
3.0,5.0,1.0,3.0,1.0,2.0,1.8708488403649912
3.0,5.0,1.0,3.0,1.0,3.0,2.099557845948501
3.0,5.0,1.0,3.0,2.0,1.0,1.775240786181799
3.0,5.0,1.0,3.0,2.0,2.0,2.0184110021887145
3.0,5.0,1.0,3.0,2.0,3.0,2.215137883589923
3.0,5.0,1.0,3.0,2.0,4.0,2.452405493382399
3.0,5.0,1.0,3.0,3.0,1.0,1.9217143406426733
3.0,5.0,1.0,3.0,3.0,2.0,2.1328394557053154
3.0,5.0,1.0,3.0,3.0,3.0,2.372622224662783
3.0,5.0,1.0,3.0,3.0,4.0,2.581116834416689
3.0,5.0,1.0,3.0,4.0,2.0,2.2844866389427367
3.0,5.0,1.0,3.0,4.0,3.0,2.481069197656658
3.0,5.0,1.0,3.0,5.0,1.0,2.1826315050728744
3.0,5.0,1.0,3.0,5.0,2.0,2.4131980316944595
3.0,5.0,1.0,3.0,5.0,3.0,2.6258687499650972
3.0,5.0,1.0,3.0,5.0,4.0,2.8479845802311434
3.0,5.0,1.0,4.0,1.0,1.0,1.7574126722182795
3.0,5.0,1.0,4.0,1.0,2.0,2.005029855861543
3.0,5.0,1.0,4.0,1.0,3.0,2.2045522986862967
3.0,5.0,1.0,4.0,1.0,4.0,2.4386536044393186
3.0,5.0,1.0,4.0,2.0,2.0,2.1256254851689955
3.0,5.0,1.0,4.0,2.0,3.0,2.3464952041622285
3.0,5.0,1.0,4.0,3.0,1.0,2.024270202453102
3.0,5.0,1.0,4.0,3.0,2.0,2.268532687608805
3.0,5.0,1.0,4.0,3.0,3.0,2.4759922560027667
3.0,5.0,1.0,4.0,4.0,1.0,2.17712371048908
3.0,5.0,1.0,4.0,4.0,3.0,2.6264408213907653
3.0,5.0,1.0,4.0,4.0,4.0,2.828993015677036
3.0,5.0,1.0,4.0,4.0,5.0,3.053856354115594
3.0,5.0,1.0,4.0,5.0,2.0,2.5445552441904016
3.0,5.0,1.0,4.0,5.0,3.0,2.7654248797340224
3.0,5.0,1.0,4.0,5.0,4.0,2.9782737147017784
3.0,5.0,1.0,5.0,1.0,1.0,1.883757500326312
3.0,5.0,1.0,5.0,1.0,3.0,2.330036977339643
3.0,5.0,1.0,5.0,1.0,4.0,2.561812059231966
3.0,5.0,1.0,5.0,1.0,5.0,2.7519196461447315
3.0,5.0,1.0,5.0,2.0,1.0,2.0361130992191243
3.0,5.0,1.0,5.0,2.0,3.0,2.482098530604387
3.0,5.0,1.0,5.0,2.0,4.0,2.698722190685613
3.0,5.0,1.0,5.0,3.0,4.0,2.8356325139482483
3.0,5.0,1.0,5.0,3.0,5.0,3.0565022488654843
3.0,5.0,1.0,5.0,4.0,2.0,2.5308032331846904
3.0,5.0,1.0,5.0,4.0,3.0,2.7455599309841743
3.0,5.0,1.0,5.0,4.0,4.0,2.964343820557038
3.0,5.0,1.0,5.0,4.0,5.0,3.20161137257205
3.0,5.0,1.0,5.0,5.0,2.0,2.6595147128933183
3.0,5.0,1.0,5.0,5.0,3.0,2.874246967714724
3.0,5.0,1.0,5.0,5.0,5.0,3.338396988556083
3.0,5.0,2.0,1.0,1.0,1.0,1.6358091604001033
3.0,5.0,2.0,1.0,1.0,2.0,1.8736336496973929
3.0,5.0,2.0,1.0,1.0,4.0,2.3296998724173053
3.0,5.0,2.0,1.0,2.0,1.0,1.8007026012616791
3.0,5.0,2.0,1.0,2.0,2.0,2.0231581018226175
3.0,5.0,2.0,1.0,2.0,3.0,2.229342473981226
3.0,5.0,2.0,1.0,3.0,1.0,1.934326203879353
3.0,5.0,2.0,1.0,3.0,2.0,2.145242929865586
3.0,5.0,2.0,1.0,3.0,3.0,2.3784371414009504
3.0,5.0,2.0,1.0,3.0,4.0,2.595321415632621
3.0,5.0,2.0,1.0,4.0,1.0,2.0690558494383082
3.0,5.0,2.0,1.0,4.0,2.0,2.2938716120102494
3.0,5.0,2.0,1.0,4.0,3.0,2.511361894301098
3.0,5.0,2.0,2.0,1.0,1.0,1.7810302185072766
3.0,5.0,2.0,2.0,1.0,2.0,1.9790091124328277
3.0,5.0,2.0,2.0,1.0,3.0,2.232558996010053
3.0,5.0,2.0,2.0,2.0,1.0,1.9202668095369726
3.0,5.0,2.0,2.0,2.0,2.0,2.178222840348428
3.0,5.0,2.0,2.0,2.0,3.0,2.37604619436972
3.0,5.0,2.0,2.0,3.0,1.0,2.055870592912327
3.0,5.0,2.0,2.0,3.0,2.0,2.2818050532119774
3.0,5.0,2.0,2.0,3.0,3.0,2.505448862773749
3.0,5.0,2.0,2.0,3.0,4.0,2.7430764815726105
3.0,5.0,2.0,2.0,4.0,2.0,2.4117213461898546
3.0,5.0,2.0,2.0,4.0,3.0,2.6519979303607557
3.0,5.0,2.0,2.0,4.0,4.0,2.8646980983081525
3.0,5.0,2.0,2.0,5.0,2.0,2.5460831549537115
3.0,5.0,2.0,2.0,5.0,3.0,2.783184391772302
3.0,5.0,2.0,2.0,5.0,4.0,3.000494967451528
3.0,5.0,2.0,2.0,5.0,5.0,3.2195686147058376
3.0,5.0,2.0,3.0,1.0,1.0,1.9059788234162787
3.0,5.0,2.0,3.0,1.0,2.0,2.132109920428291
3.0,5.0,2.0,3.0,1.0,3.0,2.3668838144002127
3.0,5.0,2.0,3.0,1.0,4.0,2.571331881889909
3.0,5.0,2.0,3.0,1.0,5.0,2.788687218931288
3.0,5.0,2.0,3.0,2.0,1.0,2.033643353563462
3.0,5.0,2.0,3.0,2.0,2.0,2.2767496443036332
3.0,5.0,2.0,3.0,2.0,3.0,2.496470841133341
3.0,5.0,2.0,3.0,2.0,4.0,2.712926636765795
3.0,5.0,2.0,3.0,3.0,2.0,2.424025431649778
3.0,5.0,2.0,3.0,3.0,3.0,2.667124659646923
3.0,5.0,2.0,3.0,3.0,4.0,2.833432342574807
3.0,5.0,2.0,3.0,3.0,5.0,3.0707064945950164
3.0,5.0,2.0,3.0,4.0,1.0,2.326974655936006
3.0,5.0,2.0,3.0,4.0,2.0,2.5405753130641866
3.0,5.0,2.0,3.0,4.0,3.0,2.791810940617876
3.0,5.0,2.0,3.0,4.0,4.0,2.9490886174283575
3.0,5.0,2.0,3.0,4.0,5.0,3.2140608371491006
3.0,5.0,2.0,3.0,5.0,1.0,2.4610483331999857
3.0,5.0,2.0,3.0,5.0,3.0,2.8987387610197897
3.0,5.0,2.0,3.0,5.0,4.0,3.120688557354442
3.0,5.0,2.0,3.0,5.0,5.0,3.3335930705893215
3.0,5.0,2.0,4.0,1.0,1.0,2.019841311037307
3.0,5.0,2.0,4.0,1.0,2.0,2.2553414977342823
3.0,5.0,2.0,4.0,1.0,3.0,2.466821623718896
3.0,5.0,2.0,4.0,1.0,4.0,2.6959609796371686
3.0,5.0,2.0,4.0,2.0,1.0,2.1734759900172014
3.0,5.0,2.0,4.0,2.0,2.0,2.3830060220874607
3.0,5.0,2.0,4.0,2.0,3.0,2.626383830803421
3.0,5.0,2.0,4.0,2.0,4.0,2.837417857519715
3.0,5.0,2.0,4.0,3.0,1.0,2.292589557029233
3.0,5.0,2.0,4.0,3.0,2.0,2.546139440280463
3.0,5.0,2.0,4.0,3.0,3.0,2.7719662592240475
3.0,5.0,2.0,4.0,3.0,4.0,2.9897295044667653
3.0,5.0,2.0,4.0,3.0,5.0,3.200420709260464
3.0,5.0,2.0,4.0,4.0,2.0,2.670864403250555
3.0,5.0,2.0,4.0,4.0,3.0,2.9004569410198164
3.0,5.0,2.0,4.0,4.0,4.0,3.110054144231375
3.0,5.0,2.0,4.0,4.0,5.0,3.338974089719673
3.0,5.0,2.0,4.0,5.0,2.0,2.798529015727711
3.0,5.0,2.0,4.0,5.0,3.0,3.024346693953584
3.0,5.0,2.0,4.0,5.0,4.0,3.2529407163912927
3.0,5.0,2.0,4.0,5.0,5.0,3.4607727556324503
3.0,5.0,2.0,5.0,1.0,2.0,2.3583191904788294
3.0,5.0,2.0,5.0,1.0,3.0,2.598240170247662
3.0,5.0,2.0,5.0,1.0,4.0,2.815645510084863
3.0,5.0,2.0,5.0,1.0,5.0,3.026586829480666
3.0,5.0,2.0,5.0,2.0,1.0,2.2966342605407233
3.0,5.0,2.0,5.0,2.0,2.0,2.5132951365497402
3.0,5.0,2.0,5.0,2.0,3.0,2.7446536034357467
3.0,5.0,2.0,5.0,2.0,4.0,2.9599005935446496
3.0,5.0,2.0,5.0,2.0,5.0,3.180113197521888
3.0,5.0,2.0,5.0,3.0,1.0,2.4253456729229455
3.0,5.0,2.0,5.0,3.0,2.0,2.649092006689982
3.0,5.0,2.0,5.0,3.0,3.0,2.8782772033256028
3.0,5.0,2.0,5.0,3.0,4.0,3.1035037946082236
3.0,5.0,2.0,5.0,3.0,5.0,3.3144451690387666
3.0,5.0,2.0,5.0,4.0,1.0,2.5704548164583305
3.0,5.0,2.0,5.0,4.0,2.0,2.794690656840527
3.0,5.0,2.0,5.0,4.0,3.0,3.0118060496692634
3.0,5.0,2.0,5.0,4.0,4.0,3.2264099054625834
3.0,5.0,2.0,5.0,4.0,5.0,3.4395187052595904
3.0,5.0,2.0,5.0,5.0,1.0,2.6991660602929146
3.0,5.0,2.0,5.0,5.0,2.0,2.928234777816561
3.0,5.0,2.0,5.0,5.0,3.0,3.1264823889685234
3.0,5.0,2.0,5.0,5.0,4.0,3.377976127588964
3.0,5.0,2.0,5.0,5.0,5.0,3.5698614516253
3.0,5.0,3.0,1.0,1.0,1.0,1.8989556377774883
3.0,5.0,3.0,1.0,1.0,2.0,2.1449159145290455
3.0,5.0,3.0,1.0,1.0,3.0,2.3500827237754267
3.0,5.0,3.0,1.0,2.0,1.0,2.0639971038551046
3.0,5.0,3.0,1.0,2.0,2.0,2.2646533283344725
3.0,5.0,3.0,1.0,2.0,3.0,2.47389305142042
3.0,5.0,3.0,1.0,3.0,1.0,2.1885933066784804
3.0,5.0,3.0,1.0,3.0,2.0,2.420165348519095
3.0,5.0,3.0,1.0,3.0,3.0,2.6286427147646347
3.0,5.0,3.0,1.0,3.0,5.0,3.084911235612375
3.0,5.0,3.0,1.0,4.0,1.0,2.3301436892926737
3.0,5.0,3.0,1.0,4.0,2.0,2.546532080333748
3.0,5.0,3.0,1.0,4.0,3.0,2.780082122796041
3.0,5.0,3.0,1.0,4.0,4.0,2.9767359824970163
3.0,5.0,3.0,1.0,5.0,1.0,2.45885500891136
3.0,5.0,3.0,1.0,5.0,3.0,2.917667166273342
3.0,5.0,3.0,1.0,5.0,4.0,3.12757095063141
3.0,5.0,3.0,1.0,5.0,5.0,3.358731670024073
3.0,5.0,3.0,2.0,1.0,2.0,2.2630125968538066
3.0,5.0,3.0,2.0,1.0,3.0,2.4809888894561913
3.0,5.0,3.0,2.0,2.0,1.0,2.1794817025368602
3.0,5.0,3.0,2.0,2.0,2.0,2.409274138344627
3.0,5.0,3.0,2.0,2.0,3.0,2.6423440322722325
3.0,5.0,3.0,2.0,2.0,4.0,2.8515068717466194
3.0,5.0,3.0,2.0,3.0,1.0,2.305686015700232
3.0,5.0,3.0,2.0,3.0,2.0,2.548130987455688
3.0,5.0,3.0,2.0,3.0,3.0,2.7992473771413433
3.0,5.0,3.0,2.0,3.0,4.0,2.987506689800272
3.0,5.0,3.0,2.0,3.0,5.0,3.198245149223927
3.0,5.0,3.0,2.0,4.0,2.0,2.687494641285677
3.0,5.0,3.0,2.0,4.0,3.0,2.9205560055001287
3.0,5.0,3.0,2.0,4.0,4.0,3.1360459784601864
3.0,5.0,3.0,2.0,4.0,5.0,3.353178774703295
3.0,5.0,3.0,2.0,5.0,3.0,3.0311840853219993
3.0,5.0,3.0,2.0,5.0,4.0,3.2901217184963216
3.0,5.0,3.0,2.0,5.0,5.0,3.4779711456327798
3.0,5.0,3.0,3.0,1.0,1.0,2.1725137332415665
3.0,5.0,3.0,3.0,1.0,2.0,2.3950013891897237
3.0,5.0,3.0,3.0,1.0,3.0,2.6276983219345422
3.0,5.0,3.0,3.0,1.0,4.0,2.847241251044962
3.0,5.0,3.0,3.0,1.0,5.0,3.0569404930224926
3.0,5.0,3.0,3.0,2.0,2.0,2.544458696756506
3.0,5.0,3.0,3.0,2.0,3.0,2.8028115538574383
3.0,5.0,3.0,3.0,2.0,4.0,2.9900094522667153
3.0,5.0,3.0,3.0,3.0,1.0,2.4395501189999345
3.0,5.0,3.0,3.0,3.0,2.0,2.6659473291714706
3.0,5.0,3.0,3.0,3.0,3.0,2.959813369576431
3.0,5.0,3.0,3.0,3.0,4.0,3.1153999152455074
3.0,5.0,3.0,3.0,4.0,2.0,2.807110245245432
3.0,5.0,3.0,3.0,4.0,3.0,3.0901260771834314
3.0,5.0,3.0,3.0,4.0,4.0,3.295672455138339
3.0,5.0,3.0,3.0,4.0,5.0,3.4805956247605465
3.0,5.0,3.0,3.0,5.0,1.0,2.7051715186871204
3.0,5.0,3.0,3.0,5.0,3.0,3.178536868975863
3.0,5.0,3.0,3.0,5.0,4.0,3.406215573386888
3.0,5.0,3.0,3.0,5.0,5.0,3.6060420159810627
3.0,5.0,3.0,4.0,1.0,2.0,2.5218763968730937
3.0,5.0,3.0,4.0,1.0,3.0,2.7472890473700073
3.0,5.0,3.0,4.0,1.0,4.0,2.9432981215292413
3.0,5.0,3.0,4.0,2.0,1.0,2.4339972121434323
3.0,5.0,3.0,4.0,2.0,2.0,2.652704579901935
3.0,5.0,3.0,4.0,2.0,3.0,2.887775302410233
3.0,5.0,3.0,4.0,2.0,4.0,3.0998901903479594
3.0,5.0,3.0,4.0,2.0,5.0,3.3174760160111605
3.0,5.0,3.0,4.0,3.0,1.0,2.5581319043993354
3.0,5.0,3.0,4.0,3.0,2.0,2.8227091570837697
3.0,5.0,3.0,4.0,3.0,3.0,3.1245751549705396
3.0,5.0,3.0,4.0,3.0,4.0,3.277712997631642
3.0,5.0,3.0,4.0,3.0,5.0,3.4514800143551647
3.0,5.0,3.0,4.0,4.0,2.0,2.924802193395966
3.0,5.0,3.0,4.0,4.0,3.0,3.207865902872554
3.0,5.0,3.0,4.0,4.0,4.0,3.432320319225446
3.0,5.0,3.0,4.0,4.0,5.0,3.6053113046335366
3.0,5.0,3.0,4.0,5.0,1.0,2.8447279754441186
3.0,5.0,3.0,4.0,5.0,2.0,3.0650639429696693
3.0,5.0,3.0,4.0,5.0,3.0,3.261387236094194
3.0,5.0,3.0,4.0,5.0,4.0,3.5224811944755894
3.0,5.0,3.0,4.0,5.0,5.0,3.7524057617774815
3.0,5.0,3.0,5.0,1.0,1.0,2.400562558063435
3.0,5.0,3.0,5.0,1.0,2.0,2.6411149849256623
3.0,5.0,3.0,5.0,1.0,3.0,2.8425500924718543
3.0,5.0,3.0,5.0,1.0,4.0,3.0638380370561062
3.0,5.0,3.0,5.0,1.0,5.0,3.3012539806129624
3.0,5.0,3.0,5.0,2.0,2.0,2.7816057620237933
3.0,5.0,3.0,5.0,2.0,3.0,3.029738872853961
3.0,5.0,3.0,5.0,2.0,4.0,3.2155888299767215
3.0,5.0,3.0,5.0,2.0,5.0,3.436592995129687
3.0,5.0,3.0,5.0,3.0,2.0,2.9182839906541216
3.0,5.0,3.0,5.0,3.0,3.0,3.1839539895203623
3.0,5.0,3.0,5.0,3.0,4.0,3.393495376933078
3.0,5.0,3.0,5.0,3.0,5.0,3.580000816142245
3.0,5.0,3.0,5.0,4.0,1.0,2.8242179606877547
3.0,5.0,3.0,5.0,4.0,2.0,3.0494132043071502
3.0,5.0,3.0,5.0,4.0,3.0,3.2572331113184947
3.0,5.0,3.0,5.0,4.0,4.0,3.5796402080214498
3.0,5.0,3.0,5.0,4.0,5.0,3.7494440586567057
3.0,5.0,3.0,5.0,5.0,1.0,2.9681471138450144
3.0,5.0,3.0,5.0,5.0,2.0,3.173445306068499
3.0,5.0,3.0,5.0,5.0,3.0,3.391417100893367
3.0,5.0,3.0,5.0,5.0,4.0,3.654058240718564
3.0,5.0,3.0,5.0,5.0,5.0,3.826403140110276
3.0,5.0,4.0,1.0,1.0,1.0,2.171735208469313
3.0,5.0,4.0,1.0,2.0,1.0,2.308645457601237
3.0,5.0,4.0,1.0,3.0,1.0,2.4455558394649306
3.0,5.0,4.0,1.0,3.0,2.0,2.6828233245869897
3.0,5.0,4.0,1.0,4.0,2.0,2.8115346259441343
3.0,5.0,4.0,1.0,5.0,3.0,3.177513479782569
3.0,5.0,4.0,1.0,5.0,4.0,3.398383267272844
3.0,5.0,4.0,2.0,1.0,1.0,2.303092438520807
3.0,5.0,4.0,2.0,1.0,2.0,2.5239621825836642
3.0,5.0,4.0,2.0,1.0,3.0,2.7448319905130516
3.0,5.0,4.0,2.0,2.0,2.0,2.6690714002749205
3.0,5.0,4.0,2.0,2.0,3.0,2.8899410840404762
3.0,5.0,4.0,2.0,3.0,2.0,2.8059816922559273
3.0,5.0,4.0,2.0,3.0,3.0,3.0415455798951982
3.0,5.0,4.0,2.0,3.0,4.0,3.255919980627625
3.0,5.0,4.0,2.0,4.0,1.0,2.7138231655069123
3.0,5.0,4.0,2.0,4.0,2.0,2.935746063314253
3.0,5.0,4.0,2.0,4.0,3.0,3.1611192459450934
3.0,5.0,4.0,2.0,4.0,4.0,3.378425716706465
3.0,5.0,4.0,2.0,5.0,1.0,2.8589324589143406
3.0,5.0,4.0,2.0,5.0,2.0,3.079802173665745
3.0,5.0,4.0,2.0,5.0,3.0,3.2854512129360254
3.0,5.0,4.0,2.0,5.0,4.0,3.5297404819068134
3.0,5.0,4.0,2.0,5.0,5.0,3.7506102315092216
3.0,5.0,4.0,3.0,1.0,1.0,2.434449654976841
3.0,5.0,4.0,3.0,1.0,2.0,2.6471204917542903
3.0,5.0,4.0,3.0,1.0,3.0,2.8791607518468214
3.0,5.0,4.0,3.0,1.0,4.0,3.1107327806265634
3.0,5.0,4.0,3.0,2.0,1.0,2.5748454601807214
3.0,5.0,4.0,3.0,2.0,2.0,2.790887669812683
3.0,5.0,4.0,3.0,2.0,3.0,3.0351052326481103
3.0,5.0,4.0,3.0,2.0,4.0,3.240198603238418
3.0,5.0,4.0,3.0,3.0,2.0,2.9398056595103434
3.0,5.0,4.0,3.0,3.0,3.0,3.174416950450862
3.0,5.0,4.0,3.0,3.0,4.0,3.3799020152555492
3.0,5.0,4.0,3.0,3.0,5.0,3.5753510445916827
3.0,5.0,4.0,3.0,4.0,1.0,2.8451806299554727
3.0,5.0,4.0,3.0,4.0,2.0,3.057851302050493
3.0,5.0,4.0,3.0,4.0,3.0,3.3179157705183395
3.0,5.0,4.0,3.0,4.0,4.0,3.5648731891105445
3.0,5.0,4.0,3.0,4.0,5.0,3.7550975424541537
3.0,5.0,4.0,3.0,5.0,2.0,3.1835521923408647
3.0,5.0,4.0,3.0,5.0,3.0,3.4395951495948216
3.0,5.0,4.0,3.0,5.0,4.0,3.6742648838155536
3.0,5.0,4.0,3.0,5.0,5.0,3.8796877101533633
3.0,5.0,4.0,4.0,1.0,2.0,2.7784778255250444
3.0,5.0,4.0,4.0,1.0,3.0,3.0074849218696507
3.0,5.0,4.0,4.0,1.0,4.0,3.20859731526659
3.0,5.0,4.0,4.0,1.0,5.0,3.441086960905191
3.0,5.0,4.0,4.0,2.0,2.0,2.9160758840964767
3.0,5.0,4.0,4.0,2.0,3.0,3.138980123459418
3.0,5.0,4.0,4.0,2.0,4.0,3.353250546117181
3.0,5.0,4.0,4.0,2.0,5.0,3.5814290291767987
3.0,5.0,4.0,4.0,3.0,2.0,3.0514540667192636
3.0,5.0,4.0,4.0,3.0,3.0,3.2823335503117494
3.0,5.0,4.0,4.0,3.0,4.0,3.567603507883362
3.0,5.0,4.0,4.0,3.0,5.0,3.7182584554119713
3.0,5.0,4.0,4.0,4.0,2.0,3.195801943265649
3.0,5.0,4.0,4.0,4.0,3.0,3.5141626847379857
3.0,5.0,4.0,4.0,4.0,4.0,3.7117055824457386
3.0,5.0,4.0,4.0,4.0,5.0,3.8867817367464434
3.0,5.0,4.0,4.0,5.0,2.0,3.3234665446017004
3.0,5.0,4.0,4.0,5.0,3.0,3.5409428495241437
3.0,5.0,4.0,4.0,5.0,4.0,3.821223588733043
3.0,5.0,4.0,4.0,5.0,5.0,4.01774105156443
3.0,5.0,4.0,5.0,1.0,1.0,2.6807665252136323
3.0,5.0,4.0,5.0,1.0,3.0,3.1225059003494713
3.0,5.0,4.0,5.0,1.0,4.0,3.329768696751246
3.0,5.0,4.0,5.0,1.0,5.0,3.572444261248015
3.0,5.0,4.0,5.0,2.0,3.0,3.2570753831111143
3.0,5.0,4.0,5.0,2.0,4.0,3.460753219223776
3.0,5.0,4.0,5.0,2.0,5.0,3.7035857185180827
3.0,5.0,4.0,5.0,3.0,2.0,3.182161818490362
3.0,5.0,4.0,5.0,3.0,3.0,3.4193371354983575
3.0,5.0,4.0,5.0,3.0,4.0,3.634547066617241
3.0,5.0,4.0,5.0,3.0,5.0,3.8568295932612084
3.0,5.0,4.0,5.0,4.0,3.0,3.5327661324634874
3.0,5.0,4.0,5.0,4.0,4.0,3.810072839626248
3.0,5.0,4.0,5.0,4.0,5.0,4.023227243664123
3.0,5.0,4.0,5.0,5.0,3.0,3.6546351922893083
3.0,5.0,4.0,5.0,5.0,4.0,3.900014569520107
3.0,5.0,4.0,5.0,5.0,5.0,4.13224059083906
3.0,5.0,5.0,1.0,1.0,1.0,2.4206083959954285
3.0,5.0,5.0,1.0,3.0,4.0,3.376884943441015
3.0,5.0,5.0,1.0,4.0,2.0,3.072055882547371
3.0,5.0,5.0,1.0,4.0,5.0,3.7510628891257287
3.0,5.0,5.0,1.0,5.0,2.0,3.2007670932070154
3.0,5.0,5.0,2.0,1.0,1.0,2.5554148494219193
3.0,5.0,5.0,2.0,2.0,3.0,3.1668602140968902
3.0,5.0,5.0,2.0,2.0,4.0,3.3795309691484077
3.0,5.0,5.0,2.0,3.0,2.0,3.0659617440285896
3.0,5.0,5.0,2.0,3.0,3.0,3.2791735803752227
3.0,5.0,5.0,2.0,4.0,1.0,2.982543522629558
3.0,5.0,5.0,2.0,5.0,2.0,3.332124446388845
3.0,5.0,5.0,2.0,5.0,4.0,3.790261629275468
3.0,5.0,5.0,2.0,5.0,5.0,4.01104095474489
3.0,5.0,5.0,3.0,1.0,2.0,2.9240395682502265
3.0,5.0,5.0,3.0,1.0,3.0,3.1449094170037455
3.0,5.0,5.0,3.0,2.0,2.0,3.0441893524107444
3.0,5.0,5.0,3.0,2.0,3.0,3.277272559917995
3.0,5.0,5.0,3.0,2.0,4.0,3.49449039090104
3.0,5.0,5.0,3.0,3.0,2.0,3.209114139072666
3.0,5.0,5.0,3.0,3.0,3.0,3.413371566285034
3.0,5.0,5.0,3.0,3.0,4.0,3.637347275353393
3.0,5.0,5.0,3.0,3.0,5.0,3.8465870391004335
3.0,5.0,5.0,3.0,4.0,3.0,3.5556344444284083
3.0,5.0,5.0,3.0,4.0,4.0,3.777435108168472
3.0,5.0,5.0,3.0,4.0,5.0,3.9892685110142105
3.0,5.0,5.0,3.0,5.0,2.0,3.463481740001406
3.0,5.0,5.0,3.0,5.0,3.0,3.6919289104181505
3.0,5.0,5.0,3.0,5.0,4.0,3.9033612255196433
3.0,5.0,5.0,3.0,5.0,5.0,4.147969551907672
3.0,5.0,5.0,4.0,1.0,4.0,3.480738451414794
3.0,5.0,5.0,4.0,2.0,3.0,3.4016843653013424
3.0,5.0,5.0,4.0,2.0,4.0,3.6268274555220064
3.0,5.0,5.0,4.0,2.0,5.0,3.8479639231773843
3.0,5.0,5.0,4.0,3.0,2.0,3.3046206240465623
3.0,5.0,5.0,4.0,3.0,3.0,3.572267166570003
3.0,5.0,5.0,4.0,3.0,4.0,3.7911436053145393
3.0,5.0,5.0,4.0,3.0,5.0,3.9837607116240816
3.0,5.0,5.0,4.0,4.0,3.0,3.682452876655066
3.0,5.0,5.0,4.0,4.0,4.0,3.891001583000976
3.0,5.0,5.0,4.0,4.0,5.0,4.151146137758799
3.0,5.0,5.0,4.0,5.0,2.0,3.5948389778227594
3.0,5.0,5.0,4.0,5.0,3.0,3.8024495913982315
3.0,5.0,5.0,4.0,5.0,4.0,4.04823218482435
3.0,5.0,5.0,4.0,5.0,5.0,4.257991887844725
3.0,5.0,5.0,5.0,1.0,3.0,3.383027109223943
3.0,5.0,5.0,5.0,1.0,4.0,3.6038968751406526
3.0,5.0,5.0,5.0,1.0,5.0,3.832965468660358
3.0,5.0,5.0,5.0,2.0,4.0,3.7369217939083277
3.0,5.0,5.0,5.0,2.0,5.0,3.970361762140106
3.0,5.0,5.0,5.0,3.0,1.0,3.198710024580119
3.0,5.0,5.0,5.0,3.0,2.0,3.435977896288621
3.0,5.0,5.0,5.0,3.0,3.0,3.665046465335237
3.0,5.0,5.0,5.0,3.0,4.0,3.889539012998696
3.0,5.0,5.0,5.0,3.0,5.0,4.114719683559339
3.0,5.0,5.0,5.0,4.0,1.0,3.352018336173719
3.0,5.0,5.0,5.0,4.0,3.0,3.8097558607967574
3.0,5.0,5.0,5.0,4.0,4.0,4.047454310873964
3.0,5.0,5.0,5.0,4.0,5.0,4.275919925814758
3.0,5.0,5.0,5.0,5.0,3.0,3.9125252840587095
3.0,5.0,5.0,5.0,5.0,4.0,4.14588173828573
3.0,5.0,5.0,5.0,5.0,5.0,4.360099611512765
4.0,1.0,1.0,1.0,1.0,1.0,1.4597650747062925
4.0,1.0,1.0,1.0,1.0,2.0,1.6950586450744607
4.0,1.0,1.0,1.0,2.0,1.0,1.6029001453840916
4.0,1.0,1.0,2.0,1.0,1.0,1.5783750375899843
4.0,1.0,1.0,2.0,1.0,2.0,1.8034298365345764
4.0,1.0,1.0,2.0,3.0,1.0,1.8711677629033148
4.0,1.0,1.0,3.0,1.0,1.0,1.7205055523666481
4.0,1.0,1.0,3.0,1.0,2.0,1.9331762985786844
4.0,1.0,1.0,3.0,2.0,1.0,1.8574157650242196
4.0,1.0,1.0,3.0,3.0,2.0,2.2053125301833587
4.0,1.0,1.0,3.0,4.0,1.0,2.1312361747843056
4.0,1.0,1.0,3.0,4.0,2.0,2.3439071344150233
4.0,1.0,1.0,3.0,4.0,3.0,2.5729756868235056
4.0,1.0,1.0,4.0,1.0,4.0,2.4861150051177097
4.0,1.0,1.0,4.0,2.0,4.0,2.651382325145649
4.0,1.0,1.0,4.0,3.0,3.0,2.551024821286516
4.0,1.0,1.0,5.0,1.0,1.0,1.9586232310934184
4.0,1.0,1.0,5.0,2.0,1.0,2.0955333054115037
4.0,1.0,2.0,1.0,1.0,1.0,1.7330739059954525
4.0,1.0,2.0,1.0,2.0,1.0,1.8716201374880728
4.0,1.0,2.0,2.0,1.0,3.0,2.29960779151024
4.0,1.0,2.0,2.0,2.0,2.0,2.223847201317764
4.0,1.0,2.0,2.0,3.0,2.0,2.3578230639176607
4.0,1.0,2.0,2.0,3.0,3.0,2.5816272378921843
4.0,1.0,2.0,2.0,4.0,2.0,2.4894688761162604
4.0,1.0,2.0,3.0,1.0,1.0,1.9810268082066649
4.0,1.0,2.0,3.0,1.0,3.0,2.4111950383735725
4.0,1.0,2.0,3.0,2.0,2.0,2.3388065911249334
4.0,1.0,2.0,3.0,2.0,3.0,2.5678753472597142
4.0,1.0,2.0,3.0,3.0,2.0,2.4757170249514076
4.0,1.0,2.0,3.0,3.0,3.0,2.696586595118043
4.0,1.0,2.0,3.0,3.0,4.0,2.9174563781827847
4.0,1.0,2.0,3.0,5.0,3.0,2.9786061392431815
4.0,1.0,2.0,4.0,1.0,1.0,2.112384143818175
4.0,1.0,2.0,4.0,3.0,4.0,3.040614608794318
4.0,1.0,2.0,4.0,4.0,3.0,2.9648540877910676
4.0,1.0,2.0,4.0,4.0,4.0,3.1923453657561596
4.0,1.0,2.0,4.0,5.0,3.0,3.1017644229753847
4.0,1.0,2.0,5.0,3.0,3.0,2.9511023960848606
4.0,1.0,2.0,5.0,5.0,2.0,3.00405312432142
4.0,1.0,3.0,1.0,2.0,1.0,2.132141301644724
4.0,1.0,3.0,1.0,3.0,1.0,2.2608527896283777
4.0,1.0,3.0,1.0,3.0,4.0,2.939859796384583
4.0,1.0,3.0,2.0,3.0,2.0,2.6243579830084194
4.0,1.0,3.0,2.0,5.0,5.0,3.5577082886005917
4.0,1.0,3.0,3.0,1.0,2.0,2.4706163775580015
4.0,1.0,3.0,3.0,2.0,2.0,2.599327884407147
4.0,1.0,3.0,3.0,2.0,3.0,2.8297915327840424
4.0,1.0,3.0,3.0,3.0,1.0,2.5235670799980374
4.0,1.0,3.0,3.0,3.0,3.0,2.9653068396690876
4.0,1.0,3.0,3.0,3.0,4.0,3.1779776129989226
4.0,1.0,3.0,3.0,5.0,5.0,3.66446875536818
4.0,1.0,3.0,4.0,1.0,1.0,2.3729051768373015
4.0,1.0,3.0,4.0,1.0,2.0,2.593774861628365
4.0,1.0,3.0,4.0,1.0,3.0,2.814644608861583
4.0,1.0,3.0,4.0,1.0,4.0,3.0355143383650036
4.0,1.0,3.0,4.0,2.0,2.0,2.738884019403182
4.0,1.0,3.0,4.0,2.0,3.0,2.951948267297487
4.0,1.0,3.0,4.0,3.0,1.0,2.630327801791201
4.0,1.0,3.0,4.0,3.0,2.0,2.8593964362763162
4.0,1.0,3.0,4.0,3.0,3.0,3.0877451844000947
4.0,1.0,3.0,4.0,4.0,2.0,3.0045056243437713
4.0,1.0,3.0,4.0,4.0,3.0,3.225375421660097
4.0,1.0,3.0,4.0,4.0,4.0,3.4507479581609233
4.0,1.0,3.0,5.0,2.0,2.0,2.853843621435897
4.0,1.0,3.0,5.0,4.0,4.0,3.5694034420731726
4.0,1.0,3.0,5.0,5.0,3.0,3.481495628028795
4.0,1.0,3.0,5.0,5.0,4.0,3.706313707989939
4.0,1.0,3.0,5.0,5.0,5.0,3.9277752836650186
4.0,1.0,4.0,1.0,1.0,3.0,2.689292645489927
4.0,1.0,4.0,1.0,2.0,1.0,2.392662774995298
4.0,1.0,4.0,1.0,3.0,3.0,2.971312362556877
4.0,1.0,4.0,2.0,3.0,3.0,3.094470650250888
4.0,1.0,4.0,3.0,1.0,2.0,2.7393368745474906
4.0,1.0,4.0,3.0,3.0,3.0,3.2258278779348335
4.0,1.0,4.0,4.0,1.0,3.0,3.0587678772771802
4.0,1.0,4.0,4.0,1.0,4.0,3.2960354343558924
4.0,1.0,4.0,4.0,3.0,3.0,3.3461476619514277
4.0,1.0,4.0,4.0,3.0,4.0,3.578054886442293
4.0,1.0,4.0,4.0,4.0,3.0,3.4858966199193167
4.0,1.0,4.0,4.0,4.0,4.0,3.7149652613957698
4.0,1.0,4.0,4.0,4.0,5.0,3.935834896421548
4.0,1.0,4.0,4.0,5.0,2.0,3.4019370360111654
4.0,1.0,4.0,5.0,4.0,4.0,3.8394396311943724
4.0,1.0,4.0,5.0,4.0,5.0,4.067192211429539
4.0,1.0,4.0,5.0,5.0,5.0,4.195903542446523
4.0,1.0,5.0,2.0,1.0,2.0,2.8603014077869275
4.0,1.0,5.0,4.0,5.0,4.0,4.104197631750398
4.0,1.0,5.0,5.0,5.0,5.0,4.448225786464781
4.0,2.0,1.0,1.0,1.0,1.0,1.5319071878289494
4.0,2.0,1.0,1.0,1.0,3.0,1.9659724777609644
4.0,2.0,1.0,1.0,2.0,1.0,1.6611434176338045
4.0,2.0,1.0,2.0,1.0,3.0,2.097329938819921
4.0,2.0,1.0,2.0,2.0,1.0,1.7843017562869237
4.0,2.0,1.0,2.0,2.0,2.0,2.005171444895121
4.0,2.0,1.0,2.0,3.0,1.0,1.9294108447869716
4.0,2.0,1.0,2.0,3.0,3.0,2.371150309297492
4.0,2.0,1.0,2.0,4.0,4.0,2.7371291812553693
4.0,2.0,1.0,3.0,1.0,1.0,1.7642826072623714
4.0,2.0,1.0,3.0,1.0,2.0,1.991419484258998
4.0,2.0,1.0,3.0,2.0,1.0,1.916344057446593
4.0,2.0,1.0,3.0,2.0,2.0,2.1365287199652343
4.0,2.0,1.0,3.0,2.0,3.0,2.3655973717662304
4.0,2.0,1.0,3.0,3.0,2.0,2.2734389566093522
4.0,2.0,1.0,3.0,3.0,3.0,2.4861097169873494
4.0,2.0,1.0,4.0,1.0,2.0,2.114577859528756
4.0,2.0,1.0,4.0,1.0,3.0,2.343646559641623
4.0,2.0,1.0,4.0,1.0,4.0,2.5727152168771203
4.0,2.0,1.0,4.0,3.0,2.0,2.3965972387701315
4.0,2.0,1.0,5.0,4.0,5.0,3.3274741333970885
4.0,2.0,2.0,1.0,1.0,1.0,1.7929533524224759
4.0,2.0,2.0,1.0,2.0,2.0,2.1589320117222455
4.0,2.0,2.0,1.0,3.0,2.0,2.293435904099465
4.0,2.0,2.0,2.0,1.0,1.0,1.9079127544025316
4.0,2.0,2.0,2.0,2.0,2.0,2.2797957792499988
4.0,2.0,2.0,2.0,2.0,3.0,2.5029602025381945
4.0,2.0,2.0,2.0,2.0,4.0,2.723829987357535
4.0,2.0,2.0,2.0,3.0,1.0,2.1883866962448386
4.0,2.0,2.0,2.0,3.0,2.0,2.40746047642769
4.0,2.0,2.0,2.0,3.0,3.0,2.645679583881915
4.0,2.0,2.0,2.0,3.0,4.0,2.8607402376926454
4.0,2.0,2.0,2.0,4.0,2.0,2.555910998188361
4.0,2.0,2.0,3.0,1.0,1.0,2.038634772677916
4.0,2.0,2.0,3.0,1.0,2.0,2.2601396832367393
4.0,2.0,2.0,3.0,1.0,3.0,2.489381269910651
4.0,2.0,2.0,3.0,1.0,4.0,2.7018790766711795
4.0,2.0,2.0,3.0,2.0,2.0,2.3938203218206464
4.0,2.0,2.0,3.0,2.0,3.0,2.6210262583223676
4.0,2.0,2.0,3.0,3.0,1.0,2.313090452468448
4.0,2.0,2.0,3.0,3.0,2.0,2.533960309215765
4.0,2.0,2.0,3.0,3.0,3.0,2.7527117847801983
4.0,2.0,2.0,3.0,4.0,2.0,2.6735463562127584
4.0,2.0,2.0,3.0,4.0,3.0,2.9096192310134943
4.0,2.0,2.0,3.0,4.0,4.0,3.129007658490779
4.0,2.0,2.0,4.0,2.0,2.0,2.5202082529438172
4.0,2.0,2.0,4.0,2.0,3.0,2.7472921409951616
4.0,2.0,2.0,4.0,3.0,2.0,2.6571184974981295
4.0,2.0,2.0,4.0,3.0,3.0,2.8789799529709477
4.0,2.0,2.0,4.0,3.0,4.0,3.107056816618422
4.0,2.0,2.0,4.0,4.0,3.0,3.0385460168753555
4.0,2.0,2.0,4.0,4.0,4.0,3.2461113911853
4.0,2.0,2.0,4.0,4.0,5.0,3.4610562313134956
4.0,2.0,2.0,4.0,5.0,2.0,2.930938898971538
4.0,2.0,2.0,4.0,5.0,4.0,3.3808773703477666
4.0,2.0,2.0,4.0,5.0,5.0,3.5935482409787034
4.0,2.0,2.0,5.0,1.0,1.0,2.2832633095191754
4.0,2.0,2.0,5.0,1.0,3.0,2.721410571719626
4.0,2.0,2.0,5.0,3.0,1.0,2.5594071565517513
4.0,2.0,2.0,5.0,4.0,4.0,3.3671254377210214
4.0,2.0,2.0,5.0,4.0,5.0,3.5961940818318583
4.0,2.0,2.0,5.0,5.0,4.0,3.508068743577147
4.0,2.0,2.0,5.0,5.0,5.0,3.7249054796222256
4.0,2.0,3.0,1.0,1.0,1.0,2.0530388373399067
4.0,2.0,3.0,1.0,1.0,2.0,2.274344204361172
4.0,2.0,3.0,1.0,3.0,1.0,2.319095834308325
4.0,2.0,3.0,1.0,3.0,2.0,2.54816477910019
4.0,2.0,3.0,2.0,1.0,1.0,2.1684337145734722
4.0,2.0,3.0,2.0,1.0,2.0,2.3942692145288653
4.0,2.0,3.0,2.0,2.0,2.0,2.5381985106171543
4.0,2.0,3.0,2.0,2.0,3.0,2.757272062430908
4.0,2.0,3.0,2.0,3.0,2.0,2.6763880217392764
4.0,2.0,3.0,2.0,3.0,3.0,2.90120131616243
4.0,2.0,3.0,2.0,4.0,2.0,2.8164322238418533
4.0,2.0,3.0,2.0,4.0,3.0,3.0369981368783043
4.0,2.0,3.0,2.0,4.0,4.0,3.2581715400149283
4.0,2.0,3.0,3.0,1.0,2.0,2.5288598647342133
4.0,2.0,3.0,3.0,1.0,3.0,2.751764248269591
4.0,2.0,3.0,3.0,2.0,2.0,2.657787719332869
4.0,2.0,3.0,3.0,2.0,3.0,2.882299006935296
4.0,2.0,3.0,3.0,3.0,2.0,2.80741570427098
4.0,2.0,3.0,3.0,3.0,3.0,3.0214376550223982
4.0,2.0,3.0,3.0,3.0,4.0,3.2424316485306703
4.0,2.0,3.0,3.0,4.0,3.0,3.156606947110874
4.0,2.0,3.0,3.0,4.0,4.0,3.3782285344513725
4.0,2.0,3.0,3.0,4.0,5.0,3.602199740309889
4.0,2.0,3.0,4.0,1.0,3.0,2.872887920518274
4.0,2.0,3.0,4.0,1.0,4.0,3.1155120705066204
4.0,2.0,3.0,4.0,2.0,2.0,2.7889284810446466
4.0,2.0,3.0,4.0,2.0,3.0,3.0094101891339533
4.0,2.0,3.0,4.0,2.0,4.0,3.2188787653005484
4.0,2.0,3.0,4.0,3.0,3.0,3.1420891824066444
4.0,2.0,3.0,4.0,3.0,4.0,3.3667548896015753
4.0,2.0,3.0,4.0,4.0,3.0,3.285947650023584
4.0,2.0,3.0,4.0,4.0,4.0,3.496568064641434
4.0,2.0,3.0,4.0,5.0,3.0,3.4171085321433248
4.0,2.0,3.0,4.0,5.0,4.0,3.6318907787246166
4.0,2.0,3.0,4.0,5.0,5.0,3.8644900004127964
4.0,2.0,3.0,5.0,1.0,2.0,2.7751764888510944
4.0,2.0,3.0,5.0,2.0,3.0,3.1329564738347626
4.0,2.0,3.0,5.0,2.0,4.0,3.353826148001728
4.0,2.0,3.0,5.0,3.0,2.0,3.0489970506498114
4.0,2.0,3.0,5.0,3.0,4.0,3.49893529442625
4.0,2.0,3.0,5.0,3.0,5.0,3.719805080622954
4.0,2.0,3.0,5.0,4.0,3.0,3.4197330943257094
4.0,2.0,3.0,5.0,4.0,4.0,3.622542057626557
4.0,2.0,3.0,5.0,4.0,5.0,3.850959860594484
4.0,2.0,3.0,5.0,5.0,3.0,3.5436872171148703
4.0,2.0,3.0,5.0,5.0,4.0,3.766471285802743
4.0,2.0,3.0,5.0,5.0,5.0,3.993728056044748
4.0,2.0,4.0,1.0,3.0,1.0,2.5878160744908976
4.0,2.0,4.0,1.0,3.0,2.0,2.8086856980578627
4.0,2.0,4.0,2.0,1.0,2.0,2.6580238587613456
4.0,2.0,4.0,2.0,2.0,3.0,3.02380679165723
4.0,2.0,4.0,2.0,3.0,3.0,3.1609129107959513
4.0,2.0,4.0,3.0,1.0,3.0,3.01025047239258
4.0,2.0,4.0,3.0,2.0,3.0,3.1459636482026556
4.0,2.0,4.0,3.0,3.0,3.0,3.2863793557946797
4.0,2.0,4.0,3.0,4.0,3.0,3.4256898664131836
4.0,2.0,4.0,4.0,1.0,4.0,3.3624776731885024
4.0,2.0,4.0,4.0,2.0,3.0,3.2703194248005656
4.0,2.0,4.0,4.0,2.0,4.0,3.487194130713795
4.0,2.0,4.0,4.0,3.0,3.0,3.4148195246848805
4.0,2.0,4.0,4.0,3.0,4.0,3.6280993011754963
4.0,2.0,4.0,4.0,4.0,2.0,3.3232698750713725
4.0,2.0,4.0,4.0,4.0,3.0,3.5301112046195553
4.0,2.0,4.0,4.0,4.0,4.0,3.7698800951416875
4.0,2.0,4.0,4.0,4.0,5.0,3.9941260730762007
4.0,2.0,4.0,4.0,5.0,3.0,3.6892489927581464
4.0,2.0,4.0,4.0,5.0,4.0,3.9101187456535773
4.0,2.0,4.0,4.0,5.0,5.0,4.130988417921335
4.0,2.0,4.0,5.0,3.0,5.0,3.9804860359698915
4.0,2.0,4.0,5.0,4.0,3.0,3.65653157706808
4.0,2.0,4.0,5.0,4.0,4.0,3.902745079435574
4.0,2.0,4.0,5.0,5.0,3.0,3.813932609143204
4.0,2.0,4.0,5.0,5.0,4.0,4.024475402770115
4.0,2.0,4.0,5.0,5.0,5.0,4.2683443836016774
4.0,2.0,5.0,3.0,2.0,3.0,3.415880957370831
4.0,2.0,5.0,3.0,3.0,3.0,3.5445924038158596
4.0,2.0,5.0,3.0,3.0,4.0,3.7654620792301814
4.0,2.0,5.0,3.0,4.0,3.0,3.6815026530488635
4.0,2.0,5.0,4.0,2.0,5.0,3.9725798358332574
4.0,2.0,5.0,4.0,3.0,3.0,3.6650435681603786
4.0,2.0,5.0,4.0,3.0,4.0,3.8968194464755337
4.0,2.0,5.0,4.0,4.0,2.0,3.5837911019979893
4.0,2.0,5.0,4.0,4.0,3.0,3.8128599878898446
4.0,2.0,5.0,4.0,4.0,4.0,4.033455051182733
4.0,2.0,5.0,4.0,4.0,5.0,4.254599396835629
4.0,2.0,5.0,4.0,5.0,3.0,3.949770161781512
4.0,2.0,5.0,4.0,5.0,4.0,4.1692519807815565
4.0,2.0,5.0,5.0,2.0,3.0,3.6621976091687416
4.0,2.0,5.0,5.0,3.0,3.0,3.7991080555163372
4.0,2.0,5.0,5.0,4.0,4.0,4.156887996468032
4.0,2.0,5.0,5.0,4.0,5.0,4.377757683745369
4.0,2.0,5.0,5.0,5.0,3.0,4.064729578775995
4.0,2.0,5.0,5.0,5.0,4.0,4.291408785178481
4.0,2.0,5.0,5.0,5.0,5.0,4.514202056698909
4.0,3.0,1.0,1.0,1.0,1.0,1.5445554566110435
4.0,3.0,1.0,1.0,1.0,3.0,2.0242159124240144
4.0,3.0,1.0,1.0,2.0,1.0,1.7044784087372435
4.0,3.0,1.0,1.0,2.0,2.0,1.948455273339988
4.0,3.0,1.0,1.0,3.0,1.0,1.850547172570366
4.0,3.0,1.0,1.0,3.0,2.0,2.0846707375042257
4.0,3.0,1.0,1.0,3.0,3.0,2.293226780544539
4.0,3.0,1.0,2.0,1.0,1.0,1.708027946873197
4.0,3.0,1.0,2.0,1.0,2.0,1.9347033930465183
4.0,3.0,1.0,2.0,2.0,1.0,1.8383205123214803
4.0,3.0,1.0,2.0,2.0,2.0,2.0455208813060577
4.0,3.0,1.0,2.0,2.0,3.0,2.3063688426770894
4.0,3.0,1.0,2.0,3.0,1.0,1.9642273993342403
4.0,3.0,1.0,2.0,3.0,2.0,2.2068275447303853
4.0,3.0,1.0,2.0,4.0,1.0,2.116365403053396
4.0,3.0,1.0,2.0,4.0,2.0,2.337139731387704
4.0,3.0,1.0,2.0,5.0,3.0,2.711413127072363
4.0,3.0,1.0,2.0,5.0,5.0,3.1449534502443592
4.0,3.0,1.0,3.0,1.0,1.0,1.830184630963825
4.0,3.0,1.0,3.0,1.0,2.0,2.0496627734848825
4.0,3.0,1.0,3.0,1.0,3.0,2.2683318077396604
4.0,3.0,1.0,3.0,2.0,1.0,1.9657033541667845
4.0,3.0,1.0,3.0,2.0,2.0,2.1856358498921358
4.0,3.0,1.0,3.0,3.0,1.0,2.10177837846208
4.0,3.0,1.0,3.0,3.0,2.0,2.350530088061378
4.0,3.0,1.0,3.0,3.0,3.0,2.5561902421127356
4.0,3.0,1.0,3.0,3.0,4.0,2.773421639137151
4.0,3.0,1.0,3.0,4.0,1.0,2.247722683540086
4.0,3.0,1.0,3.0,4.0,2.0,2.468592324461937
4.0,3.0,1.0,3.0,4.0,3.0,2.6976610686373275
4.0,3.0,1.0,4.0,1.0,1.0,1.9290959494501265
4.0,3.0,1.0,4.0,1.0,3.0,2.3986209080296965
4.0,3.0,1.0,4.0,2.0,2.0,2.323476493130876
4.0,3.0,1.0,4.0,3.0,2.0,2.4674056857275
4.0,3.0,1.0,4.0,3.0,3.0,2.667511235718625
4.0,3.0,1.0,4.0,3.0,4.0,2.905552950769223
4.0,3.0,1.0,4.0,4.0,2.0,2.586937942419068
4.0,3.0,1.0,4.0,4.0,4.0,3.0166806800037635
4.0,3.0,1.0,5.0,1.0,1.0,2.0915077176678354
4.0,3.0,1.0,5.0,3.0,3.0,2.8005037751329325
4.0,3.0,1.0,5.0,3.0,4.0,3.0197384064464687
4.0,3.0,1.0,5.0,5.0,1.0,2.6309496647682376
4.0,3.0,1.0,5.0,5.0,3.0,3.0726889580894508
4.0,3.0,2.0,1.0,1.0,1.0,1.8467644742549003
4.0,3.0,2.0,1.0,1.0,2.0,2.0720662739259015
4.0,3.0,2.0,1.0,2.0,1.0,1.9802306145569186
4.0,3.0,2.0,1.0,2.0,2.0,2.210276884280954
4.0,3.0,2.0,1.0,2.0,3.0,2.429846152441475
4.0,3.0,2.0,1.0,3.0,1.0,2.106865326998864
4.0,3.0,2.0,1.0,3.0,2.0,2.3535859443960474
4.0,3.0,2.0,1.0,3.0,3.0,2.5667564906276126
4.0,3.0,2.0,1.0,4.0,2.0,2.4827970069777545
4.0,3.0,2.0,2.0,1.0,1.0,1.958633749384905
4.0,3.0,2.0,2.0,1.0,2.0,2.187533558882688
4.0,3.0,2.0,2.0,1.0,3.0,2.4013133958534842
4.0,3.0,2.0,2.0,2.0,1.0,2.1103596530430453
4.0,3.0,2.0,2.0,2.0,2.0,2.3348047290583875
4.0,3.0,2.0,2.0,2.0,3.0,2.555731667249364
4.0,3.0,2.0,2.0,3.0,2.0,2.4590907428093374
4.0,3.0,2.0,2.0,3.0,3.0,2.662742999481551
4.0,3.0,2.0,2.0,4.0,2.0,2.6091592753403354
4.0,3.0,2.0,2.0,4.0,3.0,2.8363652186423884
4.0,3.0,2.0,2.0,5.0,2.0,2.742865513470412
4.0,3.0,2.0,3.0,1.0,1.0,2.104005361179375
4.0,3.0,2.0,3.0,1.0,2.0,2.326742228704739
4.0,3.0,2.0,3.0,1.0,3.0,2.5022613409455823
4.0,3.0,2.0,3.0,1.0,4.0,2.7765201947056024
4.0,3.0,2.0,3.0,2.0,1.0,2.2306400450431743
4.0,3.0,2.0,3.0,2.0,2.0,2.44175690989342
4.0,3.0,2.0,3.0,2.0,3.0,2.6919378642718876
4.0,3.0,2.0,3.0,2.0,4.0,2.9052314708901363
4.0,3.0,2.0,3.0,3.0,1.0,2.368313286949542
4.0,3.0,2.0,3.0,3.0,2.0,2.5827034002531604
4.0,3.0,2.0,3.0,3.0,3.0,2.809885390402747
4.0,3.0,2.0,3.0,3.0,4.0,3.0414611636004616
4.0,3.0,2.0,3.0,4.0,2.0,2.731316071963391
4.0,3.0,2.0,3.0,4.0,3.0,2.9604495545591867
4.0,3.0,2.0,3.0,4.0,4.0,3.1842293915120963
4.0,3.0,2.0,4.0,1.0,1.0,2.2171099602798647
4.0,3.0,2.0,4.0,1.0,2.0,2.4320263097998422
4.0,3.0,2.0,4.0,1.0,3.0,2.665155861573851
4.0,3.0,2.0,4.0,1.0,4.0,2.884229393245327
4.0,3.0,2.0,4.0,1.0,5.0,3.095951438025532
4.0,3.0,2.0,4.0,2.0,2.0,2.5792974579027894
4.0,3.0,2.0,4.0,2.0,3.0,2.804137409932097
4.0,3.0,2.0,4.0,3.0,1.0,2.4944920435993096
4.0,3.0,2.0,4.0,3.0,2.0,2.7108161780221622
4.0,3.0,2.0,4.0,3.0,3.0,2.9515709673858246
4.0,3.0,2.0,4.0,3.0,4.0,3.167988401508673
4.0,3.0,2.0,4.0,4.0,1.0,2.631402131380788
4.0,3.0,2.0,4.0,4.0,2.0,2.854654384584798
4.0,3.0,2.0,4.0,4.0,3.0,3.0675951357005795
4.0,3.0,2.0,4.0,4.0,4.0,3.287914992036052
4.0,3.0,2.0,4.0,4.0,5.0,3.531278873947315
4.0,3.0,2.0,4.0,5.0,2.0,2.9973811874120644
4.0,3.0,2.0,4.0,5.0,3.0,3.2182508308698576
4.0,3.0,2.0,5.0,1.0,4.0,2.9982399979950816
4.0,3.0,2.0,5.0,2.0,2.0,2.6959035620470577
4.0,3.0,2.0,5.0,2.0,3.0,2.9231094840047454
4.0,3.0,2.0,5.0,2.0,5.0,3.380616854510009
4.0,3.0,2.0,5.0,3.0,2.0,2.846719043613827
4.0,3.0,2.0,5.0,3.0,3.0,3.067038633017266
4.0,3.0,2.0,5.0,4.0,2.0,2.975430324457322
4.0,3.0,2.0,5.0,4.0,3.0,3.215592956582331
4.0,3.0,2.0,5.0,4.0,4.0,3.427737466552698
4.0,3.0,2.0,5.0,4.0,5.0,3.6491150561602903
4.0,3.0,2.0,5.0,5.0,4.0,3.5577059870353933
4.0,3.0,2.0,5.0,5.0,5.0,3.7741565793700254
4.0,3.0,3.0,1.0,1.0,1.0,2.1108086407842195
4.0,3.0,3.0,1.0,1.0,3.0,2.553457055928397
4.0,3.0,3.0,1.0,2.0,1.0,2.228481965120918
4.0,3.0,3.0,1.0,2.0,2.0,2.4656791076111313
4.0,3.0,3.0,1.0,2.0,3.0,2.6821684751463386
4.0,3.0,3.0,1.0,3.0,1.0,2.3742699691616744
4.0,3.0,3.0,1.0,3.0,2.0,2.587149674353445
4.0,3.0,3.0,1.0,3.0,3.0,2.8300633732815044
4.0,3.0,3.0,1.0,3.0,4.0,3.0399484055388055
4.0,3.0,3.0,1.0,3.0,5.0,3.277216071059667
4.0,3.0,3.0,1.0,4.0,2.0,2.7454051208152377
4.0,3.0,3.0,1.0,4.0,3.0,2.9563464488910047
4.0,3.0,3.0,2.0,1.0,1.0,2.2149518592715354
4.0,3.0,3.0,2.0,1.0,2.0,2.4377955440702026
4.0,3.0,3.0,2.0,1.0,3.0,2.687377187900165
4.0,3.0,3.0,2.0,1.0,4.0,2.8974851841716274
4.0,3.0,3.0,2.0,2.0,2.0,2.581906126849482
4.0,3.0,3.0,2.0,2.0,3.0,2.7988228144626413
4.0,3.0,3.0,2.0,2.0,4.0,3.025982996112591
4.0,3.0,3.0,2.0,3.0,2.0,2.698568560835608
4.0,3.0,3.0,2.0,3.0,3.0,2.9277102749690576
4.0,3.0,3.0,2.0,3.0,4.0,3.1780444761964013
4.0,3.0,3.0,2.0,4.0,1.0,2.6456067886407393
4.0,3.0,3.0,2.0,4.0,2.0,2.869680591073243
4.0,3.0,3.0,2.0,4.0,3.0,3.0725961494147063
4.0,3.0,3.0,2.0,4.0,4.0,3.324613828311078
4.0,3.0,3.0,3.0,1.0,1.0,2.3522567419408618
4.0,3.0,3.0,3.0,1.0,2.0,2.5684576934318466
4.0,3.0,3.0,3.0,1.0,3.0,2.808197139044607
4.0,3.0,3.0,3.0,2.0,1.0,2.4949446889379856
4.0,3.0,3.0,3.0,2.0,2.0,2.7056925860795222
4.0,3.0,3.0,3.0,2.0,3.0,2.9615834167711044
4.0,3.0,3.0,3.0,3.0,1.0,2.6318548109090014
4.0,3.0,3.0,3.0,3.0,2.0,2.8298590665764274
4.0,3.0,3.0,3.0,3.0,3.0,3.1120958382434476
4.0,3.0,3.0,3.0,3.0,4.0,3.3250036660974565
4.0,3.0,3.0,3.0,3.0,5.0,3.523532662972439
4.0,3.0,3.0,3.0,4.0,1.0,2.7769640858954645
4.0,3.0,3.0,3.0,4.0,2.0,2.9978845566737116
4.0,3.0,3.0,3.0,4.0,3.0,3.2496227844697008
4.0,3.0,3.0,3.0,4.0,4.0,3.4558515724490717
4.0,3.0,3.0,3.0,5.0,2.0,3.1417801029061825
4.0,3.0,3.0,3.0,5.0,3.0,3.375080266813043
4.0,3.0,3.0,3.0,5.0,4.0,3.5636627129693434
4.0,3.0,3.0,3.0,5.0,5.0,3.8055519958919626
4.0,3.0,3.0,4.0,1.0,1.0,2.485411168605085
4.0,3.0,3.0,4.0,1.0,2.0,2.7252177080024502
4.0,3.0,3.0,4.0,1.0,3.0,2.9087987777199693
4.0,3.0,3.0,4.0,1.0,4.0,3.117280765315284
4.0,3.0,3.0,4.0,1.0,5.0,3.3810695296186357
4.0,3.0,3.0,4.0,2.0,1.0,2.626301967480344
4.0,3.0,3.0,4.0,2.0,2.0,2.8308909832885734
4.0,3.0,3.0,4.0,2.0,3.0,3.1007174877712917
4.0,3.0,3.0,4.0,2.0,4.0,3.2745931235803525
4.0,3.0,3.0,4.0,2.0,5.0,3.509780639091626
4.0,3.0,3.0,4.0,3.0,1.0,2.7570049151959664
4.0,3.0,3.0,4.0,3.0,2.0,2.9849433784175967
4.0,3.0,3.0,4.0,3.0,3.0,3.201931808435937
4.0,3.0,3.0,4.0,3.0,4.0,3.50860279728256
4.0,3.0,3.0,4.0,3.0,5.0,3.6471699459977467
4.0,3.0,3.0,4.0,4.0,1.0,2.9001224426524153
4.0,3.0,3.0,4.0,4.0,2.0,3.1083493096161607
4.0,3.0,3.0,4.0,4.0,3.0,3.3517694847811073
4.0,3.0,3.0,4.0,4.0,4.0,3.7253667297980986
4.0,3.0,3.0,4.0,4.0,5.0,3.7848422300183997
4.0,3.0,3.0,4.0,5.0,3.0,3.4710471885940803
4.0,3.0,3.0,4.0,5.0,4.0,3.729769132141557
4.0,3.0,3.0,4.0,5.0,5.0,3.9242377639245243
4.0,3.0,3.0,5.0,1.0,3.0,3.053847530749784
4.0,3.0,3.0,5.0,1.0,4.0,3.254585674397769
4.0,3.0,3.0,5.0,2.0,2.0,2.9790430776001027
4.0,3.0,3.0,5.0,2.0,3.0,3.1896443621630897
4.0,3.0,3.0,5.0,2.0,4.0,3.408717964849852
4.0,3.0,3.0,5.0,2.0,5.0,3.641138075963782
4.0,3.0,3.0,5.0,3.0,2.0,3.1144999424347075
4.0,3.0,3.0,5.0,3.0,3.0,3.3232994290197504
4.0,3.0,3.0,5.0,3.0,4.0,3.565704668782553
4.0,3.0,3.0,5.0,3.0,5.0,3.7780481886698007
4.0,3.0,3.0,5.0,4.0,2.0,3.2382880577835906
4.0,3.0,3.0,5.0,4.0,3.0,3.4785480559875968
4.0,3.0,3.0,5.0,4.0,4.0,3.725395103487514
4.0,3.0,3.0,5.0,4.0,5.0,3.921992387444775
4.0,3.0,3.0,5.0,5.0,3.0,3.6002730112481784
4.0,3.0,3.0,5.0,5.0,4.0,3.832525092203821
4.0,3.0,3.0,5.0,5.0,5.0,4.072615152509193
4.0,3.0,4.0,1.0,1.0,2.0,2.58490944678634
4.0,3.0,4.0,1.0,3.0,2.0,2.866929088057503
4.0,3.0,4.0,1.0,4.0,1.0,2.7829695676517456
4.0,3.0,4.0,1.0,4.0,2.0,3.0120383213067297
4.0,3.0,4.0,1.0,4.0,4.0,3.44557871176888
4.0,3.0,4.0,1.0,5.0,3.0,3.3616192652909826
4.0,3.0,4.0,2.0,2.0,1.0,2.6405064797601194
4.0,3.0,4.0,2.0,3.0,2.0,2.990087521390607
4.0,3.0,4.0,2.0,3.0,3.0,3.205891679069757
4.0,3.0,4.0,2.0,4.0,2.0,3.126997665091269
4.0,3.0,4.0,2.0,4.0,3.0,3.3499191240973603
4.0,3.0,4.0,2.0,4.0,4.0,3.5722438901937745
4.0,3.0,4.0,3.0,1.0,2.0,2.847624155008859
4.0,3.0,4.0,3.0,1.0,3.0,3.067936498293052
4.0,3.0,4.0,3.0,2.0,2.0,2.9849044257432817
4.0,3.0,4.0,3.0,2.0,3.0,3.211865723910104
4.0,3.0,4.0,3.0,2.0,4.0,3.430939274444742
4.0,3.0,4.0,3.0,3.0,1.0,2.9005749426896505
4.0,3.0,4.0,3.0,3.0,2.0,3.122605066736633
4.0,3.0,4.0,3.0,3.0,3.0,3.3653552526580968
4.0,3.0,4.0,3.0,3.0,4.0,3.5811287292958354
4.0,3.0,4.0,3.0,3.0,5.0,3.7922528684936228
4.0,3.0,4.0,3.0,4.0,2.0,3.254186048321346
4.0,3.0,4.0,3.0,4.0,3.0,3.487205394705008
4.0,3.0,4.0,3.0,4.0,4.0,3.7950717929905013
4.0,3.0,4.0,3.0,4.0,5.0,3.938372418728666
4.0,3.0,4.0,3.0,5.0,3.0,3.612446200691218
4.0,3.0,4.0,3.0,5.0,4.0,3.847037156610861
4.0,3.0,4.0,3.0,5.0,5.0,4.0655358586304144
4.0,3.0,4.0,4.0,1.0,3.0,3.1804927440159987
4.0,3.0,4.0,4.0,1.0,4.0,3.421999391774526
4.0,3.0,4.0,4.0,2.0,2.0,3.1076929326724927
4.0,3.0,4.0,4.0,2.0,3.0,3.33398926209977
4.0,3.0,4.0,4.0,2.0,4.0,3.57055734079144
4.0,3.0,4.0,4.0,3.0,3.0,3.524448174033841
4.0,3.0,4.0,4.0,3.0,4.0,3.765214715698108
4.0,3.0,4.0,4.0,3.0,5.0,3.91874187285258
4.0,3.0,4.0,4.0,4.0,2.0,3.3883578255355715
4.0,3.0,4.0,4.0,4.0,3.0,3.667431448977554
4.0,3.0,4.0,4.0,4.0,4.0,3.962390263860058
4.0,3.0,4.0,4.0,4.0,5.0,4.09920850884493
4.0,3.0,4.0,4.0,5.0,3.0,3.7419366427316447
4.0,3.0,4.0,4.0,5.0,4.0,3.9948271261737003
4.0,3.0,4.0,4.0,5.0,5.0,4.170490814807738
4.0,3.0,4.0,5.0,1.0,3.0,3.3097307883217764
4.0,3.0,4.0,5.0,1.0,4.0,3.5438793490933205
4.0,3.0,4.0,5.0,2.0,3.0,3.448046966138004
4.0,3.0,4.0,5.0,2.0,4.0,3.669805509478734
4.0,3.0,4.0,5.0,2.0,5.0,3.893460303965493
4.0,3.0,4.0,5.0,3.0,3.0,3.6001033364056965
4.0,3.0,4.0,5.0,3.0,4.0,3.8265639698085434
4.0,3.0,4.0,5.0,3.0,5.0,4.045283049938487
4.0,3.0,4.0,5.0,4.0,3.0,3.7117898571289616
4.0,3.0,4.0,5.0,4.0,4.0,4.012776794830432
4.0,3.0,4.0,5.0,4.0,5.0,4.21367413876207
4.0,3.0,4.0,5.0,5.0,3.0,3.865752996749951
4.0,3.0,4.0,5.0,5.0,4.0,4.13149421647543
4.0,3.0,4.0,5.0,5.0,5.0,4.290224231105574
4.0,3.0,5.0,1.0,4.0,2.0,3.264360470873022
4.0,3.0,5.0,2.0,3.0,4.0,3.7005469561111237
4.0,3.0,5.0,2.0,4.0,2.0,3.4039167781300046
4.0,3.0,5.0,3.0,1.0,2.0,3.108145441360223
4.0,3.0,5.0,3.0,2.0,2.0,3.2450555874187197
4.0,3.0,5.0,3.0,2.0,3.0,3.4741242723262147
4.0,3.0,5.0,3.0,3.0,3.0,3.6058276019771642
4.0,3.0,5.0,3.0,3.0,4.0,3.8319043387422393
4.0,3.0,5.0,3.0,3.0,5.0,4.044575067401847
4.0,3.0,5.0,3.0,4.0,1.0,3.2898074715308603
4.0,3.0,5.0,3.0,4.0,2.0,3.5270750667834165
4.0,3.0,5.0,3.0,4.0,3.0,3.72636551106513
4.0,3.0,5.0,3.0,4.0,4.0,3.9775650238479456
4.0,3.0,5.0,3.0,4.0,5.0,4.19627389847162
4.0,3.0,5.0,3.0,5.0,3.0,3.8786456856292992
4.0,3.0,5.0,3.0,5.0,4.0,4.103186435202134
4.0,3.0,5.0,3.0,5.0,5.0,4.326594523255734
4.0,3.0,5.0,4.0,1.0,1.0,3.0104340887405026
4.0,3.0,5.0,4.0,2.0,3.0,3.584292717997559
4.0,3.0,5.0,4.0,3.0,3.0,3.7505239240363255
4.0,3.0,5.0,4.0,3.0,4.0,3.9753101765677936
4.0,3.0,5.0,4.0,3.0,5.0,4.173093725391883
4.0,3.0,5.0,4.0,4.0,3.0,3.8480683133488522
4.0,3.0,5.0,4.0,4.0,4.0,4.087184615008252
4.0,3.0,5.0,4.0,4.0,5.0,4.314251277727588
4.0,3.0,5.0,4.0,5.0,3.0,3.991944922648298
4.0,3.0,5.0,4.0,5.0,4.0,4.229216549011699
4.0,3.0,5.0,4.0,5.0,5.0,4.452303316597017
4.0,3.0,5.0,5.0,2.0,3.0,3.7204410728764237
4.0,3.0,5.0,5.0,2.0,5.0,4.162180466379871
4.0,3.0,5.0,5.0,3.0,3.0,3.851585422437665
4.0,3.0,5.0,5.0,3.0,4.0,4.073974914492878
4.0,3.0,5.0,5.0,3.0,5.0,4.296658227661608
4.0,3.0,5.0,5.0,4.0,3.0,3.9863964727422996
4.0,3.0,5.0,5.0,4.0,4.0,4.219677181141869
4.0,3.0,5.0,5.0,4.0,5.0,4.476553562682112
4.0,3.0,5.0,5.0,5.0,3.0,4.144026754398457
4.0,3.0,5.0,5.0,5.0,4.0,4.331013037201758
4.0,3.0,5.0,5.0,5.0,5.0,4.573199269451875
4.0,4.0,1.0,1.0,1.0,1.0,1.6177896177407316
4.0,4.0,1.0,1.0,1.0,2.0,1.861589304715212
4.0,4.0,1.0,1.0,1.0,3.0,2.0906578735520656
4.0,4.0,1.0,1.0,2.0,1.0,1.768229561557303
4.0,4.0,1.0,1.0,2.0,2.0,1.998511170416654
4.0,4.0,1.0,1.0,2.0,3.0,2.2275681956306315
4.0,4.0,1.0,1.0,3.0,1.0,1.9159176274407417
4.0,4.0,1.0,1.0,3.0,2.0,2.1300744219010026
4.0,4.0,1.0,1.0,3.0,3.0,2.364478429371017
4.0,4.0,1.0,1.0,4.0,1.0,2.059649251232971
4.0,4.0,1.0,1.0,4.0,3.0,2.50138874181212
4.0,4.0,1.0,2.0,1.0,1.0,1.75742082897596
4.0,4.0,1.0,2.0,1.0,2.0,1.9776444306853838
4.0,4.0,1.0,2.0,1.0,3.0,2.222015178904014
4.0,4.0,1.0,2.0,2.0,2.0,2.120667990735372
4.0,4.0,1.0,2.0,2.0,3.0,2.35892542928096
4.0,4.0,1.0,2.0,3.0,2.0,2.266767108929995
4.0,4.0,1.0,2.0,3.0,3.0,2.4876367271172675
4.0,4.0,1.0,2.0,4.0,1.0,2.1813204222714915
4.0,4.0,1.0,2.0,4.0,2.0,2.4132971584312912
4.0,4.0,1.0,2.0,4.0,3.0,2.6245470048898722
4.0,4.0,1.0,3.0,1.0,1.0,1.8845142078173642
4.0,4.0,1.0,3.0,1.0,2.0,2.116104982042955
4.0,4.0,1.0,3.0,1.0,3.0,2.3287756541417104
4.0,4.0,1.0,3.0,2.0,1.0,2.0237511503484558
4.0,4.0,1.0,3.0,2.0,3.0,2.482083771174482
4.0,4.0,1.0,3.0,3.0,1.0,2.1595479948332037
4.0,4.0,1.0,3.0,3.0,2.0,2.3965675554806736
4.0,4.0,1.0,3.0,3.0,3.0,2.6220921100836927
4.0,4.0,1.0,3.0,4.0,1.0,2.314164931719289
4.0,4.0,1.0,3.0,4.0,2.0,2.5268355758372785
4.0,4.0,1.0,3.0,4.0,3.0,2.767908500745975
4.0,4.0,1.0,4.0,1.0,1.0,2.018393570357887
4.0,4.0,1.0,4.0,1.0,2.0,2.245449259655083
4.0,4.0,1.0,4.0,1.0,4.0,2.6673318305731772
4.0,4.0,1.0,4.0,2.0,3.0,2.6052421100765937
4.0,4.0,1.0,4.0,3.0,1.0,2.292214015645157
4.0,4.0,1.0,4.0,3.0,2.0,2.513083723321034
4.0,4.0,1.0,4.0,3.0,3.0,2.732336873045918
4.0,4.0,1.0,4.0,4.0,2.0,2.658193017158703
4.0,4.0,1.0,4.0,4.0,3.0,2.8637811686271997
4.0,4.0,1.0,4.0,4.0,4.0,3.048356545441079
4.0,4.0,1.0,4.0,5.0,4.0,3.2368427053089817
4.0,4.0,1.0,4.0,5.0,5.0,3.44131456571422
4.0,4.0,1.0,5.0,1.0,1.0,2.1415519296220396
4.0,4.0,1.0,5.0,1.0,4.0,2.7959620436695944
4.0,4.0,1.0,5.0,2.0,3.0,2.7120025516033017
4.0,4.0,1.0,5.0,4.0,4.0,3.223090753348432
4.0,4.0,1.0,5.0,5.0,4.0,3.3436030141940716
4.0,4.0,1.0,5.0,5.0,5.0,3.5956991919539645
4.0,4.0,2.0,1.0,1.0,1.0,1.8746091091032693
4.0,4.0,2.0,1.0,1.0,2.0,2.136272762110653
4.0,4.0,2.0,1.0,2.0,1.0,2.037233348408573
4.0,4.0,2.0,1.0,2.0,2.0,2.2528009193319884
4.0,4.0,2.0,1.0,2.0,3.0,2.4759873394326504
4.0,4.0,2.0,1.0,2.0,4.0,2.7089591646077658
4.0,4.0,2.0,1.0,3.0,1.0,2.1561022815079047
4.0,4.0,2.0,1.0,3.0,2.0,2.4171076633214246
4.0,4.0,2.0,1.0,3.0,3.0,2.6280488456629727
4.0,4.0,2.0,1.0,4.0,1.0,2.328369524873876
4.0,4.0,2.0,1.0,5.0,5.0,3.340559406085634
4.0,4.0,2.0,2.0,1.0,1.0,2.0076827854842283
4.0,4.0,2.0,2.0,1.0,2.0,2.2259507778326597
4.0,4.0,2.0,2.0,1.0,3.0,2.4786118972306252
4.0,4.0,2.0,2.0,1.0,5.0,2.9160771413526065
4.0,4.0,2.0,2.0,2.0,1.0,2.1599970098564265
4.0,4.0,2.0,2.0,2.0,2.0,2.3806399633805753
4.0,4.0,2.0,2.0,2.0,3.0,2.625585587836217
4.0,4.0,2.0,2.0,3.0,1.0,2.3120584969827056
4.0,4.0,2.0,2.0,3.0,2.0,2.5219269400582704
4.0,4.0,2.0,2.0,3.0,3.0,2.7561536653349212
4.0,4.0,2.0,2.0,3.0,4.0,2.9774115616371244
4.0,4.0,2.0,2.0,4.0,2.0,2.685748816906967
4.0,4.0,2.0,2.0,4.0,3.0,2.8869218037204383
4.0,4.0,2.0,2.0,4.0,4.0,3.1059379403580083
4.0,4.0,2.0,2.0,5.0,3.0,3.0301773804364367
4.0,4.0,2.0,3.0,1.0,1.0,2.152015419899315
4.0,4.0,2.0,3.0,1.0,2.0,2.3842166828256603
4.0,4.0,2.0,3.0,1.0,3.0,2.6089010262743026
4.0,4.0,2.0,3.0,1.0,4.0,2.8183654639864746
4.0,4.0,2.0,3.0,2.0,1.0,2.29364121920014
4.0,4.0,2.0,3.0,2.0,2.0,2.4973104864343667
4.0,4.0,2.0,3.0,2.0,3.0,2.748819348118363
4.0,4.0,2.0,3.0,2.0,4.0,2.963771439735961
4.0,4.0,2.0,3.0,3.0,1.0,2.4260829277454192
4.0,4.0,2.0,3.0,3.0,2.0,2.6735169612596485
4.0,4.0,2.0,3.0,3.0,3.0,2.8972067401028037
4.0,4.0,2.0,3.0,3.0,4.0,3.099568273938401
4.0,4.0,2.0,3.0,4.0,1.0,2.558288186847842
4.0,4.0,2.0,3.0,4.0,2.0,2.7943305264726273
4.0,4.0,2.0,3.0,4.0,3.0,3.0000207885745356
4.0,4.0,2.0,3.0,4.0,4.0,3.2279490715396353
4.0,4.0,2.0,3.0,4.0,5.0,3.4581646692484513
4.0,4.0,2.0,3.0,5.0,2.0,2.932466040555404
4.0,4.0,2.0,3.0,5.0,3.0,3.153335693315783
4.0,4.0,2.0,3.0,5.0,4.0,3.3742055259799986
4.0,4.0,2.0,3.0,5.0,5.0,3.6032741637974284
4.0,4.0,2.0,4.0,1.0,1.0,2.276645885954257
4.0,4.0,2.0,4.0,1.0,2.0,2.5114239225762742
4.0,4.0,2.0,4.0,1.0,3.0,2.7074337935570827
4.0,4.0,2.0,4.0,1.0,4.0,2.926922178827571
4.0,4.0,2.0,4.0,2.0,2.0,2.6566432415602237
4.0,4.0,2.0,4.0,2.0,3.0,2.8607760281691412
4.0,4.0,2.0,4.0,2.0,4.0,3.0600647334617803
4.0,4.0,2.0,4.0,3.0,1.0,2.5518833805009282
4.0,4.0,2.0,4.0,3.0,2.0,2.766766002008368
4.0,4.0,2.0,4.0,3.0,3.0,3.0232583067369956
4.0,4.0,2.0,4.0,3.0,4.0,3.22617825062495
4.0,4.0,2.0,4.0,4.0,2.0,2.9126622129394546
4.0,4.0,2.0,4.0,4.0,3.0,3.129002703436576
4.0,4.0,2.0,4.0,4.0,4.0,3.3714484705336107
4.0,4.0,2.0,4.0,4.0,5.0,3.592860297511572
4.0,4.0,2.0,4.0,5.0,4.0,3.5014512320750253
4.0,4.0,2.0,4.0,5.0,5.0,3.7100344819086164
4.0,4.0,2.0,5.0,1.0,2.0,2.6147438340735625
4.0,4.0,2.0,5.0,1.0,3.0,2.8369499648022685
4.0,4.0,2.0,5.0,1.0,4.0,3.072881263362555
4.0,4.0,2.0,5.0,2.0,1.0,2.547182226731118
4.0,4.0,2.0,5.0,2.0,2.0,2.7680519647894797
4.0,4.0,2.0,5.0,2.0,3.0,2.9890114118530566
4.0,4.0,2.0,5.0,2.0,4.0,3.2179903594765173
4.0,4.0,2.0,5.0,2.0,5.0,3.4306611347299323
4.0,4.0,2.0,5.0,3.0,1.0,2.6840925277588012
4.0,4.0,2.0,5.0,3.0,2.0,2.904962224940414
4.0,4.0,2.0,5.0,3.0,3.0,3.1248082698944235
4.0,4.0,2.0,5.0,3.0,4.0,3.3467015568608027
4.0,4.0,2.0,5.0,4.0,2.0,3.0326026452289976
4.0,4.0,2.0,5.0,4.0,4.0,3.48000361449924
4.0,4.0,2.0,5.0,4.0,5.0,3.712680423885026
4.0,4.0,2.0,5.0,5.0,3.0,3.3996521654156893
4.0,4.0,2.0,5.0,5.0,4.0,3.6136271945559892
4.0,4.0,2.0,5.0,5.0,5.0,3.843950545088118
4.0,4.0,3.0,1.0,1.0,1.0,2.1475126940287415
4.0,4.0,3.0,1.0,1.0,2.0,2.3845241908171744
4.0,4.0,3.0,1.0,2.0,2.0,2.5070680352773542
4.0,4.0,3.0,1.0,2.0,3.0,2.744598878056619
4.0,4.0,3.0,1.0,3.0,1.0,2.435582644598831
4.0,4.0,3.0,1.0,3.0,2.0,2.6356049220049926
4.0,4.0,3.0,1.0,3.0,3.0,2.894583854297174
4.0,4.0,3.0,1.0,4.0,1.0,2.5632553898720922
4.0,4.0,3.0,1.0,4.0,3.0,3.0058872690472245
4.0,4.0,3.0,1.0,5.0,2.0,2.93847164949326
4.0,4.0,3.0,2.0,1.0,1.0,2.290735022556391
4.0,4.0,3.0,2.0,1.0,2.0,2.509349818795115
4.0,4.0,3.0,2.0,1.0,3.0,2.7430577101511187
4.0,4.0,3.0,2.0,1.0,4.0,2.9557283585135408
4.0,4.0,3.0,2.0,2.0,2.0,2.65230789769928
4.0,4.0,3.0,2.0,2.0,3.0,2.870972813446065
4.0,4.0,3.0,2.0,2.0,4.0,3.1008375915484256
4.0,4.0,3.0,2.0,3.0,2.0,2.7745374428047036
4.0,4.0,3.0,2.0,3.0,3.0,3.0067798655460063
4.0,4.0,3.0,2.0,3.0,4.0,3.250045169311824
4.0,4.0,3.0,2.0,4.0,1.0,2.700560222148005
4.0,4.0,3.0,2.0,4.0,2.0,2.9119301847743313
4.0,4.0,3.0,2.0,4.0,3.0,3.14424325651703
4.0,4.0,3.0,2.0,4.0,4.0,3.389669898091634
4.0,4.0,3.0,2.0,5.0,2.0,3.069828798285594
4.0,4.0,3.0,2.0,5.0,3.0,3.288334308984578
4.0,4.0,3.0,2.0,5.0,4.0,3.49524793392317
4.0,4.0,3.0,2.0,5.0,5.0,3.740636787647966
4.0,4.0,3.0,3.0,1.0,1.0,2.416277719340884
4.0,4.0,3.0,3.0,1.0,2.0,2.639172631534161
4.0,4.0,3.0,3.0,1.0,3.0,2.8420514326073465
4.0,4.0,3.0,3.0,1.0,4.0,3.0757785677243703
4.0,4.0,3.0,3.0,2.0,1.0,2.5531877971886185
4.0,4.0,3.0,3.0,2.0,2.0,2.797318866273191
4.0,4.0,3.0,3.0,2.0,3.0,3.002376625679969
4.0,4.0,3.0,3.0,2.0,4.0,3.216881972305944
4.0,4.0,3.0,3.0,3.0,1.0,2.6950968949897187
4.0,4.0,3.0,3.0,3.0,2.0,2.9207142091289526
4.0,4.0,3.0,3.0,3.0,3.0,3.1287129719346605
4.0,4.0,3.0,3.0,3.0,4.0,3.3923603772362263
4.0,4.0,3.0,3.0,4.0,1.0,2.8136649174601747
4.0,4.0,3.0,3.0,4.0,2.0,3.0372337832805956
4.0,4.0,3.0,3.0,4.0,3.0,3.3143572922367874
4.0,4.0,3.0,3.0,4.0,4.0,3.580434177053672
4.0,4.0,3.0,3.0,4.0,5.0,3.7128414036830093
4.0,4.0,3.0,3.0,5.0,2.0,3.1929872291907673
4.0,4.0,3.0,3.0,5.0,3.0,3.425709434076465
4.0,4.0,3.0,3.0,5.0,4.0,3.634126574485255
4.0,4.0,3.0,4.0,1.0,1.0,2.5307318330252953
4.0,4.0,3.0,4.0,1.0,2.0,2.757804941743035
4.0,4.0,3.0,4.0,1.0,3.0,3.0116705638140635
4.0,4.0,3.0,4.0,1.0,4.0,3.213304763240013
4.0,4.0,3.0,4.0,2.0,2.0,2.9011667540813546
4.0,4.0,3.0,4.0,2.0,3.0,3.145275673239921
4.0,4.0,3.0,4.0,2.0,4.0,3.4022157439137533
4.0,4.0,3.0,4.0,2.0,5.0,3.54713983486853
4.0,4.0,3.0,4.0,3.0,1.0,2.8132564958790804
4.0,4.0,3.0,4.0,3.0,2.0,3.04634111814048
4.0,4.0,3.0,4.0,3.0,3.0,3.316443230875607
4.0,4.0,3.0,4.0,3.0,4.0,3.6645548409728987
4.0,4.0,3.0,4.0,3.0,5.0,3.715465848761362
4.0,4.0,3.0,4.0,4.0,1.0,2.958703800784368
4.0,4.0,3.0,4.0,4.0,2.0,3.1669152585707234
4.0,4.0,3.0,4.0,4.0,3.0,3.5149498587369137
4.0,4.0,3.0,4.0,4.0,4.0,3.834347749355865
4.0,4.0,3.0,4.0,4.0,5.0,3.879902649198903
4.0,4.0,3.0,4.0,5.0,1.0,3.095275823565507
4.0,4.0,3.0,4.0,5.0,2.0,3.313574283109836
4.0,4.0,3.0,4.0,5.0,3.0,3.5322498971605034
4.0,4.0,3.0,4.0,5.0,4.0,3.834370058455447
4.0,4.0,3.0,4.0,5.0,5.0,4.009517088121369
4.0,4.0,3.0,5.0,1.0,2.0,2.891662933848759
4.0,4.0,3.0,5.0,1.0,3.0,3.1034847708927686
4.0,4.0,3.0,5.0,1.0,4.0,3.3253976745844582
4.0,4.0,3.0,5.0,1.0,5.0,3.541632005992252
4.0,4.0,3.0,5.0,2.0,2.0,3.028340370951348
4.0,4.0,3.0,5.0,2.0,3.0,3.2396180758384316
4.0,4.0,3.0,5.0,2.0,4.0,3.4729690001348175
4.0,4.0,3.0,5.0,2.0,5.0,3.7018258270387405
4.0,4.0,3.0,5.0,3.0,3.0,3.4140261385976634
4.0,4.0,3.0,5.0,3.0,4.0,3.664578841657772
4.0,4.0,3.0,5.0,3.0,5.0,3.8475405704366388
4.0,4.0,3.0,5.0,4.0,3.0,3.5252429148674183
4.0,4.0,3.0,5.0,4.0,4.0,3.834361101742331
4.0,4.0,3.0,5.0,4.0,5.0,4.035167994159588
4.0,4.0,3.0,5.0,5.0,2.0,3.432215921624634
4.0,4.0,3.0,5.0,5.0,3.0,3.6656791243420512
4.0,4.0,3.0,5.0,5.0,4.0,3.9285034272160506
4.0,4.0,3.0,5.0,5.0,5.0,4.138691304082779
4.0,4.0,4.0,1.0,1.0,1.0,2.418848454305354
4.0,4.0,4.0,1.0,1.0,2.0,2.6541866312512528
4.0,4.0,4.0,1.0,3.0,1.0,2.704302599848841
4.0,4.0,4.0,1.0,3.0,2.0,2.925172351143634
4.0,4.0,4.0,1.0,3.0,3.0,3.1275517880928705
4.0,4.0,4.0,1.0,3.0,4.0,3.3751107672600225
4.0,4.0,4.0,1.0,4.0,1.0,2.8412130362597496
4.0,4.0,4.0,1.0,4.0,3.0,3.2887832678206457
4.0,4.0,4.0,1.0,4.0,4.0,3.503821948866104
4.0,4.0,4.0,2.0,1.0,1.0,2.553640412985387
4.0,4.0,4.0,2.0,1.0,2.0,2.774510157884764
4.0,4.0,4.0,2.0,1.0,3.0,3.0035787772834817
4.0,4.0,4.0,2.0,2.0,1.0,2.676802067545151
4.0,4.0,4.0,2.0,2.0,2.0,2.9062930744134174
4.0,4.0,4.0,2.0,2.0,3.0,3.122088393619839
4.0,4.0,4.0,2.0,2.0,4.0,3.361358794671798
4.0,4.0,4.0,2.0,3.0,2.0,3.029964676515994
4.0,4.0,4.0,2.0,3.0,3.0,3.235858300372642
4.0,4.0,4.0,2.0,3.0,4.0,3.498268982641415
4.0,4.0,4.0,2.0,4.0,2.0,3.1837341318514594
4.0,4.0,4.0,2.0,4.0,3.0,3.3979927232333034
4.0,4.0,4.0,2.0,4.0,4.0,3.629706582909612
4.0,4.0,4.0,2.0,5.0,3.0,3.559418751344394
4.0,4.0,4.0,2.0,5.0,4.0,3.7676995450190494
4.0,4.0,4.0,2.0,5.0,5.0,3.9930727781990645
4.0,4.0,4.0,3.0,1.0,2.0,2.8985002370237236
4.0,4.0,4.0,3.0,1.0,3.0,3.093687427630549
4.0,4.0,4.0,3.0,1.0,4.0,3.3529121002691054
4.0,4.0,4.0,3.0,2.0,2.0,3.0094374627555114
4.0,4.0,4.0,3.0,2.0,3.0,3.2919569406550044
4.0,4.0,4.0,3.0,2.0,4.0,3.4890641117259493
4.0,4.0,4.0,3.0,3.0,2.0,3.1556317943960637
4.0,4.0,4.0,3.0,3.0,3.0,3.4708080607410032
4.0,4.0,4.0,3.0,3.0,4.0,3.671801204888017
4.0,4.0,4.0,3.0,4.0,2.0,3.308996913452625
4.0,4.0,4.0,3.0,4.0,3.0,3.6188460766240373
4.0,4.0,4.0,3.0,4.0,4.0,3.842091217720916
4.0,4.0,4.0,3.0,4.0,5.0,4.00368356082439
4.0,4.0,4.0,3.0,5.0,2.0,3.453508535615728
4.0,4.0,4.0,3.0,5.0,3.0,3.6637108260852767
4.0,4.0,4.0,3.0,5.0,4.0,3.9448374977518763
4.0,4.0,4.0,3.0,5.0,5.0,4.14744209346222
4.0,4.0,4.0,4.0,1.0,1.0,2.7999571617937278
4.0,4.0,4.0,4.0,1.0,2.0,3.0369216479344256
4.0,4.0,4.0,4.0,1.0,3.0,3.206918122497873
4.0,4.0,4.0,4.0,1.0,4.0,3.4537489650855675
4.0,4.0,4.0,4.0,1.0,5.0,3.699833887392951
4.0,4.0,4.0,4.0,2.0,2.0,3.16727602030812
4.0,4.0,4.0,4.0,2.0,3.0,3.382826807415485
4.0,4.0,4.0,4.0,2.0,4.0,3.6529275450887884
4.0,4.0,4.0,4.0,2.0,5.0,3.823244326971629
4.0,4.0,4.0,4.0,3.0,2.0,3.29091852226076
4.0,4.0,4.0,4.0,3.0,3.0,3.6382623131355594
4.0,4.0,4.0,4.0,3.0,4.0,3.926534856771437
4.0,4.0,4.0,4.0,3.0,5.0,3.9833544269485097
4.0,4.0,4.0,4.0,4.0,1.0,3.2008416615705952
4.0,4.0,4.0,4.0,4.0,2.0,3.433457021093606
4.0,4.0,4.0,4.0,4.0,3.0,3.761101422654323
4.0,4.0,4.0,4.0,4.0,4.0,4.079435356275128
4.0,4.0,4.0,4.0,4.0,5.0,4.170523469319934
4.0,4.0,4.0,4.0,5.0,3.0,3.835337695666853
4.0,4.0,4.0,4.0,5.0,4.0,4.086557032279086
4.0,4.0,4.0,4.0,5.0,5.0,4.292098433874663
4.0,4.0,4.0,5.0,1.0,1.0,2.9313145034926005
4.0,4.0,4.0,5.0,1.0,4.0,3.57506279081812
4.0,4.0,4.0,5.0,1.0,5.0,3.8229922273226054
4.0,4.0,4.0,5.0,2.0,2.0,3.2682961002156223
4.0,4.0,4.0,5.0,2.0,3.0,3.5217274105040026
4.0,4.0,4.0,5.0,2.0,4.0,3.7419402269392212
4.0,4.0,4.0,5.0,2.0,5.0,3.9605491676186086
4.0,4.0,4.0,5.0,3.0,2.0,3.4260045846256206
4.0,4.0,4.0,5.0,3.0,3.0,3.704937110372006
4.0,4.0,4.0,5.0,3.0,4.0,3.951943344262625
4.0,4.0,4.0,5.0,3.0,5.0,4.12710950262787
4.0,4.0,4.0,5.0,4.0,3.0,3.83414046845829
4.0,4.0,4.0,5.0,4.0,4.0,4.114978493227436
4.0,4.0,4.0,5.0,4.0,5.0,4.272622129214078
4.0,4.0,4.0,5.0,5.0,2.0,3.6998248996562335
4.0,4.0,4.0,5.0,5.0,3.0,3.9663761796585724
4.0,4.0,4.0,5.0,5.0,4.0,4.189370131087972
4.0,4.0,4.0,5.0,5.0,5.0,4.415463213346926
4.0,4.0,5.0,1.0,4.0,4.0,3.780741092763599
4.0,4.0,5.0,1.0,5.0,5.0,4.130321940110259
4.0,4.0,5.0,2.0,3.0,3.0,3.546119400641723
4.0,4.0,5.0,2.0,4.0,3.0,3.6830296681369266
4.0,4.0,5.0,2.0,4.0,5.0,4.124768951001551
4.0,4.0,5.0,2.0,5.0,3.0,3.8117410376131406
4.0,4.0,5.0,2.0,5.0,5.0,4.2616793194198035
4.0,4.0,5.0,3.0,2.0,3.0,3.524168646975123
4.0,4.0,5.0,3.0,3.0,3.0,3.661462285667321
4.0,4.0,5.0,3.0,3.0,4.0,3.890061150814218
4.0,4.0,5.0,3.0,3.0,5.0,4.111017184267504
4.0,4.0,5.0,3.0,4.0,2.0,3.577119445880956
4.0,4.0,5.0,3.0,4.0,3.0,3.7967250153103476
4.0,4.0,5.0,3.0,4.0,4.0,4.050360734894063
4.0,4.0,5.0,3.0,4.0,5.0,4.249977857639107
4.0,4.0,5.0,3.0,5.0,3.0,3.9359493232504397
4.0,4.0,5.0,3.0,5.0,4.0,4.13536144892187
4.0,4.0,5.0,3.0,5.0,5.0,4.383601472831077
4.0,4.0,5.0,4.0,1.0,4.0,3.729734641209998
4.0,4.0,5.0,4.0,2.0,2.0,3.4264572121795194
4.0,4.0,5.0,4.0,2.0,3.0,3.6533385600005257
4.0,4.0,5.0,4.0,2.0,4.0,3.8763095490509354
4.0,4.0,5.0,4.0,3.0,3.0,3.8241578470499635
4.0,4.0,5.0,4.0,3.0,4.0,4.013956820691025
4.0,4.0,5.0,4.0,3.0,5.0,4.250539043595799
4.0,4.0,5.0,4.0,4.0,2.0,3.7002776568254307
4.0,4.0,5.0,4.0,4.0,3.0,3.918777139025841
4.0,4.0,5.0,4.0,4.0,4.0,4.12948819135907
4.0,4.0,5.0,4.0,4.0,5.0,4.391615237141979
4.0,4.0,5.0,4.0,5.0,1.0,3.6245170386726953
4.0,4.0,5.0,4.0,5.0,3.0,4.050954619401761
4.0,4.0,5.0,4.0,5.0,4.0,4.262885110036015
4.0,4.0,5.0,4.0,5.0,5.0,4.516472885990061
4.0,4.0,5.0,5.0,1.0,3.0,3.649973113911106
4.0,4.0,5.0,5.0,1.0,4.0,3.854444822151549
4.0,4.0,5.0,5.0,1.0,5.0,4.058437237009229
4.0,4.0,5.0,5.0,2.0,4.0,3.9916290796044334
4.0,4.0,5.0,5.0,2.0,5.0,4.226763312645199
4.0,4.0,5.0,5.0,3.0,3.0,3.918274246194929
4.0,4.0,5.0,5.0,3.0,4.0,4.144398965882853
4.0,4.0,5.0,5.0,3.0,5.0,4.34598690825871
4.0,4.0,5.0,5.0,4.0,3.0,4.037534038813393
4.0,4.0,5.0,5.0,4.0,4.0,4.238911536663369
4.0,4.0,5.0,5.0,4.0,5.0,4.481331374137052
4.0,4.0,5.0,5.0,5.0,3.0,4.199330906656436
4.0,4.0,5.0,5.0,5.0,4.0,4.411034368425293
4.0,4.0,5.0,5.0,5.0,5.0,4.646385189000313
4.0,5.0,1.0,1.0,1.0,1.0,1.6896300444922894
4.0,5.0,1.0,1.0,1.0,2.0,1.9204839160777571
4.0,5.0,1.0,1.0,1.0,3.0,2.148901309627395
4.0,5.0,1.0,1.0,2.0,1.0,1.8372072440356606
4.0,5.0,1.0,1.0,3.0,2.0,2.190527804375652
4.0,5.0,1.0,1.0,4.0,1.0,2.0990564456583063
4.0,5.0,1.0,1.0,4.0,2.0,2.338762250274354
4.0,5.0,1.0,1.0,4.0,4.0,2.7723026647518574
4.0,5.0,1.0,2.0,1.0,1.0,1.8221211439366882
4.0,5.0,1.0,2.0,1.0,2.0,2.0429908212002483
4.0,5.0,1.0,2.0,2.0,2.0,2.1881000271596425
4.0,5.0,1.0,2.0,3.0,1.0,2.104140522161476
4.0,5.0,1.0,2.0,3.0,2.0,2.316811304599694
4.0,5.0,1.0,2.0,3.0,3.0,2.5458798599506833
4.0,5.0,1.0,2.0,3.0,4.0,2.7831476642055164
4.0,5.0,1.0,2.0,4.0,1.0,2.230957765931676
4.0,5.0,1.0,2.0,4.0,2.0,2.4701194956735626
4.0,5.0,1.0,3.0,1.0,1.0,1.945279465637095
4.0,5.0,1.0,3.0,2.0,2.0,2.308726706843572
4.0,5.0,1.0,3.0,2.0,3.0,2.5321280724762723
4.0,5.0,1.0,3.0,3.0,1.0,2.2397643493185595
4.0,5.0,1.0,3.0,4.0,2.0,2.59327777587321
4.0,5.0,1.0,3.0,4.0,3.0,2.807526397391122
4.0,5.0,1.0,3.0,4.0,4.0,3.0350171725708037
4.0,5.0,1.0,4.0,1.0,1.0,2.0766367206228695
4.0,5.0,1.0,4.0,1.0,2.0,2.305705376173569
4.0,5.0,1.0,4.0,1.0,3.0,2.5222925489967842
4.0,5.0,1.0,4.0,1.0,4.0,2.7332338356521695
4.0,5.0,1.0,4.0,2.0,2.0,2.442615660152768
4.0,5.0,1.0,4.0,2.0,3.0,2.663485403528097
4.0,5.0,1.0,4.0,2.0,4.0,2.8761560993896937
4.0,5.0,1.0,4.0,3.0,2.0,2.57132694048709
4.0,5.0,1.0,4.0,3.0,4.0,3.004867285022017
4.0,5.0,1.0,4.0,4.0,3.0,2.937305862138923
4.0,5.0,1.0,4.0,5.0,3.0,3.0824150677925335
4.0,5.0,1.0,4.0,5.0,4.0,3.295085886453028
4.0,5.0,1.0,5.0,1.0,1.0,2.1885038901119365
4.0,5.0,1.0,5.0,1.0,2.0,2.420664779354706
4.0,5.0,1.0,5.0,1.0,4.0,2.8706032394632253
4.0,5.0,1.0,5.0,2.0,4.0,2.99931459576722
4.0,5.0,1.0,5.0,3.0,1.0,2.4818144473183215
4.0,5.0,1.0,5.0,3.0,3.0,2.901381872633448
4.0,5.0,1.0,5.0,3.0,4.0,3.136224747762766
4.0,5.0,1.0,5.0,3.0,5.0,3.3734923566698587
4.0,5.0,1.0,5.0,4.0,1.0,2.602326830759643
4.0,5.0,1.0,5.0,4.0,3.0,3.043707651310249
4.0,5.0,1.0,5.0,4.0,4.0,3.2895328974146816
4.0,5.0,1.0,5.0,4.0,5.0,3.50625177329397
4.0,5.0,1.0,5.0,5.0,5.0,3.65018083538084
4.0,5.0,2.0,1.0,1.0,1.0,1.9601365207563899
4.0,5.0,2.0,1.0,1.0,2.0,2.1935764427798525
4.0,5.0,2.0,1.0,1.0,3.0,2.4094222955789775
4.0,5.0,2.0,1.0,2.0,1.0,2.0963942201982473
4.0,5.0,2.0,1.0,2.0,2.0,2.3228157191658614
4.0,5.0,2.0,1.0,2.0,3.0,2.54188933803231
4.0,5.0,2.0,1.0,3.0,1.0,2.241503430654547
4.0,5.0,2.0,1.0,3.0,2.0,2.4592741862799716
4.0,5.0,2.0,1.0,3.0,3.0,2.6914417791567775
4.0,5.0,2.0,1.0,4.0,3.0,2.820153107804306
4.0,5.0,2.0,1.0,5.0,1.0,2.507124823757571
4.0,5.0,2.0,2.0,1.0,1.0,2.106366654475159
4.0,5.0,2.0,2.0,1.0,2.0,2.319909979529802
4.0,5.0,2.0,2.0,1.0,3.0,2.532580673095026
4.0,5.0,2.0,2.0,2.0,1.0,2.216009375789443
4.0,5.0,2.0,2.0,2.0,2.0,2.4353983461135136
4.0,5.0,2.0,2.0,2.0,3.0,2.6694908842390443
4.0,5.0,2.0,2.0,3.0,1.0,2.3728606937494936
4.0,5.0,2.0,2.0,3.0,2.0,2.5860993137633312
4.0,5.0,2.0,2.0,3.0,3.0,2.8389207371086402
4.0,5.0,2.0,2.0,4.0,1.0,2.5137572959616614
4.0,5.0,2.0,2.0,4.0,2.0,2.7306405904008173
4.0,5.0,2.0,2.0,4.0,3.0,2.95151027231312
4.0,5.0,2.0,2.0,5.0,2.0,2.868627758897216
4.0,5.0,2.0,2.0,5.0,3.0,3.086993776561925
4.0,5.0,2.0,2.0,5.0,4.0,3.3092903249917143
4.0,5.0,2.0,3.0,1.0,1.0,2.205800636925895
4.0,5.0,2.0,3.0,1.0,2.0,2.4334938889265163
4.0,5.0,2.0,3.0,1.0,3.0,2.6666706088935297
4.0,5.0,2.0,3.0,1.0,4.0,2.885744235432631
4.0,5.0,2.0,3.0,1.0,5.0,3.1056774508559175
4.0,5.0,2.0,3.0,2.0,1.0,2.371519682272348
4.0,5.0,2.0,3.0,2.0,2.0,2.5886412534562964
4.0,5.0,2.0,3.0,2.0,3.0,2.79762608049724
4.0,5.0,2.0,3.0,2.0,4.0,3.0375005905903265
4.0,5.0,2.0,3.0,3.0,2.0,2.715604952923263
4.0,5.0,2.0,3.0,3.0,3.0,2.948888779398244
4.0,5.0,2.0,3.0,3.0,4.0,3.162821715018049
4.0,5.0,2.0,3.0,4.0,2.0,2.8493056888836903
4.0,5.0,2.0,3.0,4.0,3.0,3.070613712724583
4.0,5.0,2.0,3.0,4.0,4.0,3.2931348112885797
4.0,5.0,2.0,3.0,4.0,5.0,3.5328059733585686
4.0,5.0,2.0,3.0,5.0,2.0,2.990784578770736
4.0,5.0,2.0,3.0,5.0,3.0,3.2098581131490476
4.0,5.0,2.0,3.0,5.0,5.0,3.6615173290247967
4.0,5.0,2.0,4.0,1.0,1.0,2.339784149847359
4.0,5.0,2.0,4.0,1.0,2.0,2.5580276332336296
4.0,5.0,2.0,4.0,1.0,3.0,2.7663303166403237
4.0,5.0,2.0,4.0,1.0,4.0,2.9837674138871293
4.0,5.0,2.0,4.0,2.0,2.0,2.6942580014678676
4.0,5.0,2.0,4.0,2.0,3.0,2.934873906237046
4.0,5.0,2.0,4.0,2.0,4.0,3.143697827994214
4.0,5.0,2.0,4.0,3.0,2.0,2.8438860469201943
4.0,5.0,2.0,4.0,3.0,3.0,3.062453514992194
4.0,5.0,2.0,4.0,3.0,4.0,3.28302346078886
4.0,5.0,2.0,4.0,4.0,1.0,2.758070961373879
4.0,5.0,2.0,4.0,4.0,2.0,2.9778631863366236
4.0,5.0,2.0,4.0,4.0,3.0,3.211993737085091
4.0,5.0,2.0,4.0,4.0,4.0,3.4185108493194223
4.0,5.0,2.0,4.0,5.0,3.0,3.3267008592190708
4.0,5.0,2.0,4.0,5.0,4.0,3.5529985989651363
4.0,5.0,2.0,4.0,5.0,5.0,3.772016150791378
4.0,5.0,2.0,5.0,1.0,2.0,2.670195267070794
4.0,5.0,2.0,5.0,1.0,3.0,2.902851869812018
4.0,5.0,2.0,5.0,1.0,4.0,3.122925418849464
4.0,5.0,2.0,5.0,1.0,5.0,3.3409991444885185
4.0,5.0,2.0,5.0,2.0,2.0,2.8277074110786877
4.0,5.0,2.0,5.0,2.0,3.0,3.053604712111248
4.0,5.0,2.0,5.0,2.0,4.0,3.265854660999675
4.0,5.0,2.0,5.0,2.0,5.0,3.4889044071207422
4.0,5.0,2.0,5.0,3.0,1.0,2.7341366937931304
4.0,5.0,2.0,5.0,3.0,2.0,2.9718651949793755
4.0,5.0,2.0,5.0,3.0,3.0,3.1847008670201715
4.0,5.0,2.0,5.0,3.0,4.0,3.4000238855298828
4.0,5.0,2.0,5.0,3.0,5.0,3.6340134532567987
4.0,5.0,2.0,5.0,4.0,2.0,3.099301202091634
4.0,5.0,2.0,5.0,4.0,3.0,3.326669085682277
4.0,5.0,2.0,5.0,4.0,4.0,3.523887547119255
4.0,5.0,2.0,5.0,4.0,5.0,3.7484855567900235
4.0,5.0,2.0,5.0,5.0,2.0,3.2370258379884227
4.0,5.0,2.0,5.0,5.0,3.0,3.4623039019701887
4.0,5.0,2.0,5.0,5.0,4.0,3.670382271285691
4.0,5.0,2.0,5.0,5.0,5.0,3.855288419830768
4.0,5.0,3.0,1.0,1.0,1.0,2.228204189983535
4.0,5.0,3.0,1.0,1.0,2.0,2.461686059114514
4.0,5.0,3.0,1.0,1.0,3.0,2.669943526751956
4.0,5.0,3.0,1.0,2.0,2.0,2.5941830881294665
4.0,5.0,3.0,1.0,2.0,3.0,2.8274941492053864
4.0,5.0,3.0,1.0,3.0,1.0,2.4979415782015
4.0,5.0,3.0,1.0,3.0,3.0,2.929108883223007
4.0,5.0,3.0,1.0,3.0,4.0,3.172832716311767
4.0,5.0,3.0,1.0,4.0,1.0,2.638934894325255
4.0,5.0,3.0,1.0,4.0,2.0,2.8459323116717035
4.0,5.0,3.0,1.0,4.0,4.0,3.3097429693300913
4.0,5.0,3.0,1.0,5.0,1.0,2.7758452241606064
4.0,5.0,3.0,1.0,5.0,3.0,3.2140738415312873
4.0,5.0,3.0,1.0,5.0,4.0,3.438454359180439
4.0,5.0,3.0,2.0,1.0,1.0,2.3485045238303037
4.0,5.0,3.0,2.0,1.0,2.0,2.574498020823522
4.0,5.0,3.0,2.0,1.0,3.0,2.8029164380345395
4.0,5.0,3.0,2.0,1.0,4.0,3.0303695041208103
4.0,5.0,3.0,2.0,1.0,5.0,3.243040335259607
4.0,5.0,3.0,2.0,2.0,2.0,2.6945609983733934
4.0,5.0,3.0,2.0,2.0,3.0,2.9305809878682005
4.0,5.0,3.0,2.0,3.0,2.0,2.843743447864388
4.0,5.0,3.0,2.0,3.0,3.0,3.05748817419649
4.0,5.0,3.0,2.0,4.0,3.0,3.22117525399249
4.0,5.0,3.0,2.0,4.0,4.0,3.438512931056381
4.0,5.0,3.0,2.0,5.0,2.0,3.109871995310067
4.0,5.0,3.0,2.0,5.0,3.0,3.3461039353791784
4.0,5.0,3.0,2.0,5.0,4.0,3.5733098779481156
4.0,5.0,3.0,2.0,5.0,5.0,3.794058313842178
4.0,5.0,3.0,3.0,1.0,1.0,2.4625290470113463
4.0,5.0,3.0,3.0,1.0,2.0,2.7003041454722494
4.0,5.0,3.0,3.0,1.0,3.0,2.9285574981608047
4.0,5.0,3.0,3.0,1.0,5.0,3.3661986727105297
4.0,5.0,3.0,3.0,2.0,1.0,2.6176991339359077
4.0,5.0,3.0,3.0,2.0,2.0,2.841400901073396
4.0,5.0,3.0,3.0,2.0,3.0,3.069247022342668
4.0,5.0,3.0,3.0,2.0,4.0,3.283465230199463
4.0,5.0,3.0,3.0,2.0,5.0,3.5031087424385086
4.0,5.0,3.0,3.0,3.0,1.0,2.756540213323262
4.0,5.0,3.0,3.0,3.0,2.0,2.979582090938132
4.0,5.0,3.0,3.0,3.0,3.0,3.2578770306995986
4.0,5.0,3.0,3.0,3.0,4.0,3.465268178715082
4.0,5.0,3.0,3.0,3.0,5.0,3.659211101053048
4.0,5.0,3.0,3.0,4.0,1.0,2.8861843830328264
4.0,5.0,3.0,3.0,4.0,2.0,3.1027502926098576
4.0,5.0,3.0,3.0,4.0,3.0,3.3469017153308678
4.0,5.0,3.0,3.0,4.0,4.0,3.637690183285198
4.0,5.0,3.0,3.0,4.0,5.0,3.788594932793029
4.0,5.0,3.0,3.0,5.0,1.0,3.0221619051977284
4.0,5.0,3.0,3.0,5.0,2.0,3.2594293955192395
4.0,5.0,3.0,3.0,5.0,3.0,3.4584270084095476
4.0,5.0,3.0,3.0,5.0,4.0,3.706828621430075
4.0,5.0,3.0,3.0,5.0,5.0,3.9273954375907394
4.0,5.0,3.0,4.0,1.0,1.0,2.5928181720689483
4.0,5.0,3.0,4.0,1.0,2.0,2.822903737538169
4.0,5.0,3.0,4.0,1.0,3.0,3.0375684575660773
4.0,5.0,3.0,4.0,1.0,4.0,3.2657890913699403
4.0,5.0,3.0,4.0,1.0,5.0,3.4893568741127186
4.0,5.0,3.0,4.0,2.0,1.0,2.734589385768539
4.0,5.0,3.0,4.0,2.0,2.0,2.98098956741601
4.0,5.0,3.0,4.0,2.0,3.0,3.1903951721681394
4.0,5.0,3.0,4.0,2.0,4.0,3.4077802211500545
4.0,5.0,3.0,4.0,3.0,2.0,3.094375372869678
4.0,5.0,3.0,4.0,3.0,3.0,3.368939075689053
4.0,5.0,3.0,4.0,3.0,4.0,3.665809218650343
4.0,5.0,3.0,4.0,3.0,5.0,3.7962778788055114
4.0,5.0,3.0,4.0,4.0,2.0,3.247971986404309
4.0,5.0,3.0,4.0,4.0,3.0,3.567810895530847
4.0,5.0,3.0,4.0,4.0,4.0,3.8770240306008743
4.0,5.0,3.0,4.0,4.0,5.0,3.9547909639737613
4.0,5.0,3.0,4.0,5.0,2.0,3.374388749769121
4.0,5.0,3.0,4.0,5.0,3.0,3.5961845469970863
4.0,5.0,3.0,4.0,5.0,4.0,3.9239408405181533
4.0,5.0,3.0,4.0,5.0,5.0,4.08389400185764
4.0,5.0,3.0,5.0,1.0,2.0,2.9584454607908532
4.0,5.0,3.0,5.0,1.0,3.0,3.1812292354877263
4.0,5.0,3.0,5.0,1.0,4.0,3.395085554331528
4.0,5.0,3.0,5.0,1.0,5.0,3.602633024623625
4.0,5.0,3.0,5.0,2.0,2.0,3.0934818273425186
4.0,5.0,3.0,5.0,2.0,3.0,3.2987375759292785
4.0,5.0,3.0,5.0,2.0,4.0,3.5334596527587725
4.0,5.0,3.0,5.0,2.0,5.0,3.7377297000605396
4.0,5.0,3.0,5.0,3.0,1.0,3.0028568668261157
4.0,5.0,3.0,5.0,3.0,2.0,3.2352979802191464
4.0,5.0,3.0,5.0,3.0,3.0,3.4311328432987653
4.0,5.0,3.0,5.0,3.0,4.0,3.724453492894559
4.0,5.0,3.0,5.0,3.0,5.0,3.8882552398863903
4.0,5.0,3.0,5.0,4.0,2.0,3.3658360591334753
4.0,5.0,3.0,5.0,4.0,3.0,3.567853705444295
4.0,5.0,3.0,5.0,4.0,4.0,3.937034920714417
4.0,5.0,3.0,5.0,4.0,5.0,4.124825300713424
4.0,5.0,3.0,5.0,5.0,2.0,3.493500675441033
4.0,5.0,3.0,5.0,5.0,3.0,3.7421772210702535
4.0,5.0,3.0,5.0,5.0,4.0,4.0454753332526865
4.0,5.0,3.0,5.0,5.0,5.0,4.244794538213424
4.0,5.0,4.0,1.0,2.0,2.0,2.855885480469297
4.0,5.0,4.0,1.0,3.0,2.0,2.983550070784201
4.0,5.0,4.0,1.0,3.0,4.0,3.4251549520115385
4.0,5.0,4.0,1.0,4.0,2.0,3.1203257724321847
4.0,5.0,4.0,1.0,4.0,3.0,3.346552865868529
4.0,5.0,4.0,1.0,4.0,5.0,3.809097084173239
4.0,5.0,4.0,2.0,2.0,1.0,2.7569929230727204
4.0,5.0,4.0,2.0,2.0,2.0,2.969663649648956
4.0,5.0,4.0,2.0,2.0,3.0,3.2052482287361985
4.0,5.0,4.0,2.0,2.0,4.0,3.424321804893961
4.0,5.0,4.0,2.0,3.0,2.0,3.104853887832988
4.0,5.0,4.0,2.0,3.0,3.0,3.335482593762584
4.0,5.0,4.0,2.0,3.0,4.0,3.559156405389192
4.0,5.0,4.0,2.0,4.0,2.0,3.251683102291215
4.0,5.0,4.0,2.0,4.0,3.0,3.4618187782234946
4.0,5.0,4.0,2.0,4.0,4.0,3.695218885509747
4.0,5.0,4.0,2.0,4.0,5.0,3.922490959724026
4.0,5.0,4.0,2.0,5.0,4.0,3.8330700318771824
4.0,5.0,4.0,3.0,1.0,2.0,2.956269904289605
4.0,5.0,4.0,3.0,1.0,3.0,3.1849804219156805
4.0,5.0,4.0,3.0,2.0,2.0,3.096282834938125
4.0,5.0,4.0,3.0,2.0,3.0,3.357041909916254
4.0,5.0,4.0,3.0,2.0,4.0,3.537732321820369
4.0,5.0,4.0,3.0,3.0,2.0,3.2700683809883624
4.0,5.0,4.0,3.0,3.0,3.0,3.51398871279267
4.0,5.0,4.0,3.0,3.0,4.0,3.7815662911226995
4.0,5.0,4.0,3.0,3.0,5.0,3.9013490023567523
4.0,5.0,4.0,3.0,4.0,2.0,3.379925153039672
4.0,5.0,4.0,3.0,4.0,3.0,3.664857174484134
4.0,5.0,4.0,3.0,4.0,4.0,3.9212923723708544
4.0,5.0,4.0,3.0,4.0,5.0,4.043509290921801
4.0,5.0,4.0,3.0,5.0,3.0,3.722151078458536
4.0,5.0,4.0,3.0,5.0,4.0,3.989858719092363
4.0,5.0,4.0,3.0,5.0,5.0,4.173369157965074
4.0,5.0,4.0,4.0,1.0,2.0,3.0858604168761383
4.0,5.0,4.0,4.0,1.0,3.0,3.2960028591952617
4.0,5.0,4.0,4.0,1.0,4.0,3.519832760518173
4.0,5.0,4.0,4.0,1.0,5.0,3.7458465706811337
4.0,5.0,4.0,4.0,2.0,2.0,3.2091207680071743
4.0,5.0,4.0,4.0,2.0,3.0,3.460874727023916
4.0,5.0,4.0,4.0,2.0,4.0,3.6775318226963867
4.0,5.0,4.0,4.0,2.0,5.0,3.8975083396886787
4.0,5.0,4.0,4.0,3.0,2.0,3.3662849980431933
4.0,5.0,4.0,4.0,3.0,3.0,3.7325027085736404
4.0,5.0,4.0,4.0,3.0,4.0,3.9485862244585284
4.0,5.0,4.0,4.0,3.0,5.0,4.063412858894368
4.0,5.0,4.0,4.0,4.0,2.0,3.4980924746561914
4.0,5.0,4.0,4.0,4.0,3.0,3.8165845383132506
4.0,5.0,4.0,4.0,4.0,4.0,4.095957469447539
4.0,5.0,4.0,4.0,4.0,5.0,4.312445732165938
4.0,5.0,4.0,4.0,5.0,2.0,3.6349099379773033
4.0,5.0,4.0,4.0,5.0,3.0,3.8847363446075334
4.0,5.0,4.0,4.0,5.0,4.0,4.182920979005131
4.0,5.0,4.0,4.0,5.0,5.0,4.3869594731099575
4.0,5.0,4.0,5.0,1.0,2.0,3.2005834569121623
4.0,5.0,4.0,5.0,1.0,3.0,3.4300635418524537
4.0,5.0,4.0,5.0,1.0,4.0,3.6372164458833325
4.0,5.0,4.0,5.0,1.0,5.0,3.8799273614501666
4.0,5.0,4.0,5.0,2.0,2.0,3.3498000311963754
4.0,5.0,4.0,5.0,2.0,3.0,3.5501632619089274
4.0,5.0,4.0,5.0,2.0,4.0,3.786092763123841
4.0,5.0,4.0,5.0,2.0,5.0,4.016643749633492
4.0,5.0,4.0,5.0,3.0,3.0,3.7325361786312614
4.0,5.0,4.0,5.0,3.0,4.0,4.004161885518056
4.0,5.0,4.0,5.0,3.0,5.0,4.236423350774839
4.0,5.0,4.0,5.0,4.0,2.0,3.62225007175155
4.0,5.0,4.0,5.0,4.0,3.0,3.8677673241739776
4.0,5.0,4.0,5.0,4.0,4.0,4.2055406790478
4.0,5.0,4.0,5.0,4.0,5.0,4.43908100990936
4.0,5.0,4.0,5.0,5.0,1.0,3.5453974504412558
4.0,5.0,4.0,5.0,5.0,2.0,3.7700379836589106
4.0,5.0,4.0,5.0,5.0,3.0,4.031951187395359
4.0,5.0,4.0,5.0,5.0,4.0,4.33343015149764
4.0,5.0,4.0,5.0,5.0,5.0,4.5670165973950585
4.0,5.0,5.0,1.0,2.0,2.0,3.115225510315928
4.0,5.0,5.0,1.0,3.0,4.0,3.7020741653803633
4.0,5.0,5.0,1.0,4.0,3.0,3.6017166133771203
4.0,5.0,5.0,2.0,3.0,2.0,3.375294059367254
4.0,5.0,5.0,2.0,3.0,3.0,3.604362684998339
4.0,5.0,5.0,2.0,4.0,3.0,3.7330739906795967
4.0,5.0,5.0,2.0,5.0,2.0,3.643835545689118
4.0,5.0,5.0,2.0,5.0,3.0,3.8699841612351964
4.0,5.0,5.0,2.0,5.0,4.0,4.107251733583458
4.0,5.0,5.0,2.0,5.0,5.0,4.325641497090524
4.0,5.0,5.0,3.0,1.0,4.0,3.6717535269202366
4.0,5.0,5.0,3.0,2.0,2.0,3.3615421348113412
4.0,5.0,5.0,3.0,2.0,3.0,3.576431849016325
4.0,5.0,5.0,3.0,3.0,2.0,3.4984769000648623
4.0,5.0,5.0,3.0,3.0,3.0,3.6975963326862162
4.0,5.0,5.0,3.0,3.0,4.0,3.953014186580132
4.0,5.0,5.0,3.0,3.0,5.0,4.181201698479923
4.0,5.0,5.0,3.0,4.0,3.0,3.848723878159398
4.0,5.0,5.0,3.0,4.0,4.0,4.0892585714285605
4.0,5.0,5.0,3.0,4.0,5.0,4.291815586173072
4.0,5.0,5.0,3.0,5.0,2.0,3.7722728368493152
4.0,5.0,5.0,3.0,5.0,3.0,4.008953564900969
4.0,5.0,5.0,3.0,5.0,4.0,4.196679333298226
4.0,5.0,5.0,3.0,5.0,5.0,4.42793740932903
4.0,5.0,5.0,4.0,1.0,1.0,3.135119519145709
4.0,5.0,5.0,4.0,1.0,3.0,3.564035124326694
4.0,5.0,5.0,4.0,1.0,4.0,3.79937338984285
4.0,5.0,5.0,4.0,2.0,3.0,3.718386738859524
4.0,5.0,5.0,4.0,2.0,4.0,3.938662244571307
4.0,5.0,5.0,4.0,2.0,5.0,4.146111512940409
4.0,5.0,5.0,4.0,3.0,2.0,3.62980962112421
4.0,5.0,5.0,4.0,3.0,3.0,3.848293447619683
4.0,5.0,5.0,4.0,3.0,4.0,4.103139589351328
4.0,5.0,5.0,4.0,3.0,5.0,4.280514463321447
4.0,5.0,5.0,4.0,4.0,2.0,3.76048449865689
4.0,5.0,5.0,4.0,4.0,3.0,3.983650909038856
4.0,5.0,5.0,4.0,4.0,4.0,4.228006071279803
4.0,5.0,5.0,4.0,4.0,5.0,4.511678779480068
4.0,5.0,5.0,4.0,5.0,1.0,3.682760204240238
4.0,5.0,5.0,4.0,5.0,3.0,4.103105578695669
4.0,5.0,5.0,4.0,5.0,4.0,4.327227876905895
4.0,5.0,5.0,4.0,5.0,5.0,4.55545870601057
4.0,5.0,5.0,5.0,1.0,4.0,3.9208869032909033
4.0,5.0,5.0,5.0,1.0,5.0,4.1463557780894
4.0,5.0,5.0,5.0,2.0,2.0,3.616057698156446
4.0,5.0,5.0,5.0,2.0,3.0,3.823424606961862
4.0,5.0,5.0,5.0,2.0,4.0,4.046905895869988
4.0,5.0,5.0,5.0,2.0,5.0,4.265128093386751
4.0,5.0,5.0,5.0,3.0,3.0,3.9704785163942464
4.0,5.0,5.0,5.0,3.0,4.0,4.1943136869876545
4.0,5.0,5.0,5.0,3.0,5.0,4.4214294894396735
4.0,5.0,5.0,5.0,4.0,1.0,3.669008333077867
4.0,5.0,5.0,5.0,4.0,3.0,4.104098731806849
4.0,5.0,5.0,5.0,4.0,4.0,4.3568775132854425
4.0,5.0,5.0,5.0,4.0,5.0,4.602825718962196
4.0,5.0,5.0,5.0,5.0,2.0,4.026570482973964
4.0,5.0,5.0,5.0,5.0,3.0,4.218709267830531
4.0,5.0,5.0,5.0,5.0,4.0,4.490343427995674
4.0,5.0,5.0,5.0,5.0,5.0,4.700134375942239
5.0,1.0,1.0,1.0,1.0,1.0,1.7684794737455263
5.0,1.0,1.0,1.0,1.0,2.0,1.9956509398863296
5.0,1.0,1.0,1.0,2.0,1.0,1.9280890971227556
5.0,1.0,1.0,1.0,3.0,1.0,2.056800710072444
5.0,1.0,1.0,1.0,5.0,1.0,2.3224221212022726
5.0,1.0,1.0,2.0,1.0,1.0,1.8834507094782906
5.0,1.0,1.0,2.0,2.0,1.0,2.0430487466897036
5.0,1.0,1.0,3.0,1.0,1.0,2.0210979370620845
5.0,1.0,1.0,3.0,1.0,3.0,2.4628371554595594
5.0,1.0,1.0,3.0,1.0,4.0,2.6919060154453134
5.0,1.0,1.0,3.0,4.0,2.0,2.652698151046594
5.0,1.0,1.0,4.0,3.0,5.0,3.3097543246116032
5.0,1.0,1.0,5.0,4.0,4.0,3.365351336621941
5.0,1.0,2.0,1.0,1.0,1.0,2.0268819130139675
5.0,1.0,2.0,1.0,1.0,3.0,2.4852407354850765
5.0,1.0,2.0,3.0,1.0,2.0,2.5106875077962747
5.0,1.0,2.0,3.0,1.0,3.0,2.7315573655136993
5.0,1.0,2.0,3.0,2.0,1.0,2.4185289124887337
5.0,1.0,2.0,3.0,2.0,2.0,2.647597839428345
5.0,1.0,2.0,3.0,3.0,2.0,2.786259836636663
5.0,1.0,2.0,3.0,3.0,3.0,3.0053777959933217
5.0,1.0,2.0,4.0,1.0,2.0,2.6420448086683077
5.0,1.0,2.0,5.0,1.0,1.0,2.5279355897804616
5.0,1.0,3.0,1.0,3.0,1.0,2.569644047092578
5.0,1.0,3.0,2.0,1.0,2.0,2.6562493155339126
5.0,1.0,3.0,3.0,1.0,1.0,2.542140120016186
5.0,1.0,3.0,3.0,3.0,3.0,3.27409790736779
5.0,1.0,3.0,3.0,5.0,4.0,3.768788099669076
5.0,1.0,3.0,4.0,2.0,3.0,3.260345953770288
5.0,1.0,3.0,4.0,3.0,3.0,3.4021574215145503
5.0,1.0,3.0,4.0,4.0,4.0,3.7589876023291935
5.0,1.0,3.0,4.0,4.0,5.0,3.984104921231486
5.0,1.0,3.0,5.0,1.0,4.0,3.475662748130021
5.0,1.0,3.0,5.0,2.0,3.0,3.3835042375535567
5.0,1.0,3.0,5.0,2.0,4.0,3.596175136777656
5.0,1.0,3.0,5.0,2.0,5.0,3.8252439292870157
5.0,1.0,3.0,5.0,3.0,2.0,3.29134588638775
5.0,1.0,3.0,5.0,3.0,3.0,3.5204146397369174
5.0,1.0,3.0,5.0,4.0,4.0,3.8710524384588507
5.0,1.0,3.0,5.0,5.0,4.0,4.015104891121145
5.0,1.0,3.0,5.0,5.0,5.0,4.232166941208858
5.0,1.0,4.0,4.0,1.0,4.0,3.596627770594213
5.0,1.0,4.0,4.0,3.0,5.0,4.107715768431155
5.0,1.0,4.0,4.0,4.0,4.0,4.007298258370035
5.0,1.0,4.0,4.0,5.0,4.0,4.160666655850532
5.0,1.0,4.0,5.0,1.0,5.0,3.94065582677517
5.0,1.0,4.0,5.0,4.0,5.0,4.367784437711168
5.0,1.0,4.0,5.0,5.0,5.0,4.484575960676228
5.0,1.0,5.0,2.0,4.0,5.0,4.2588304963940455
5.0,1.0,5.0,4.0,3.0,3.0,3.934696524171588
5.0,1.0,5.0,5.0,2.0,3.0,3.904546685518614
5.0,1.0,5.0,5.0,4.0,5.0,4.636504434210636
5.0,1.0,5.0,5.0,5.0,3.0,4.320845277238884
5.0,1.0,5.0,5.0,5.0,4.0,4.552545091938764
5.0,1.0,5.0,5.0,5.0,5.0,4.770851916997242
5.0,2.0,1.0,1.0,4.0,1.0,2.243754972834926
5.0,2.0,1.0,2.0,1.0,1.0,1.9643816708785944
5.0,2.0,1.0,2.0,1.0,3.0,2.3979220227139093
5.0,2.0,1.0,2.0,3.0,1.0,2.228131834992012
5.0,2.0,1.0,3.0,2.0,3.0,2.6661895303038468
5.0,2.0,1.0,3.0,3.0,1.0,2.3531615631813865
5.0,2.0,1.0,4.0,4.0,1.0,2.621428879498113
5.0,2.0,1.0,4.0,4.0,3.0,3.0713673389086105
5.0,2.0,1.0,4.0,5.0,5.0,3.650016930163511
5.0,2.0,1.0,5.0,5.0,5.0,3.773175238142008
5.0,2.0,2.0,1.0,1.0,2.0,2.3226139806533346
5.0,2.0,2.0,1.0,2.0,2.0,2.4476543540862443
5.0,2.0,2.0,1.0,3.0,2.0,2.604633556811178
5.0,2.0,2.0,2.0,1.0,1.0,2.2149406335922643
5.0,2.0,2.0,2.0,1.0,2.0,2.4375735394338602
5.0,2.0,2.0,2.0,2.0,2.0,2.590881722244224
5.0,2.0,2.0,2.0,3.0,2.0,2.7195929647432715
5.0,2.0,2.0,2.0,4.0,2.0,2.856503193030643
5.0,2.0,2.0,3.0,2.0,3.0,2.9267107417321925
5.0,2.0,2.0,3.0,3.0,2.0,2.8440294811029485
5.0,2.0,2.0,3.0,3.0,3.0,3.071235465310932
5.0,2.0,2.0,3.0,3.0,4.0,3.292689693610007
5.0,2.0,2.0,3.0,4.0,3.0,3.200531314633012
5.0,2.0,2.0,3.0,5.0,2.0,3.1165717701064772
5.0,2.0,2.0,4.0,1.0,3.0,2.9129587756349347
5.0,2.0,2.0,4.0,2.0,2.0,2.8289993388212444
5.0,2.0,2.0,4.0,2.0,3.0,3.0580681199592545
5.0,2.0,2.0,4.0,2.0,4.0,3.2789376779431487
5.0,2.0,2.0,4.0,3.0,3.0,3.1837649729133273
5.0,2.0,2.0,4.0,4.0,3.0,3.3318885915380334
5.0,2.0,2.0,4.0,4.0,4.0,3.560957209843729
5.0,2.0,2.0,4.0,4.0,5.0,3.7736280924710286
5.0,2.0,2.0,5.0,2.0,2.0,2.9521576816020874
5.0,2.0,2.0,5.0,2.0,4.0,3.4020960220407734
5.0,2.0,2.0,5.0,2.0,5.0,3.622965851490739
5.0,2.0,2.0,5.0,3.0,3.0,3.318136693075664
5.0,2.0,2.0,5.0,4.0,4.0,3.6759166286597282
5.0,2.0,2.0,5.0,5.0,4.0,3.8128269142427915
5.0,2.0,2.0,5.0,5.0,5.0,4.033696595673196
5.0,2.0,3.0,2.0,2.0,3.0,3.0722725168208487
5.0,2.0,3.0,2.0,3.0,2.0,2.980433897112212
5.0,2.0,3.0,2.0,3.0,3.0,3.2091828117661936
5.0,2.0,3.0,3.0,2.0,3.0,3.193841129318057
5.0,2.0,3.0,3.0,3.0,2.0,3.11147146491405
5.0,2.0,3.0,3.0,3.0,3.0,3.329807967188285
5.0,2.0,3.0,3.0,4.0,3.0,3.4735672230255132
5.0,2.0,3.0,3.0,4.0,4.0,3.6983200697943657
5.0,2.0,3.0,3.0,5.0,3.0,3.6143606038740166
5.0,2.0,3.0,4.0,1.0,3.0,3.181678939745565
5.0,2.0,3.0,4.0,2.0,3.0,3.3267882447077644
5.0,2.0,3.0,4.0,2.0,4.0,3.5394589881168628
5.0,2.0,3.0,4.0,3.0,3.0,3.4481498561950876
5.0,2.0,3.0,4.0,3.0,4.0,3.6845682212325213
5.0,2.0,3.0,4.0,4.0,2.0,3.3797389336413626
5.0,2.0,3.0,4.0,4.0,3.0,3.5974125875783534
5.0,2.0,3.0,4.0,4.0,4.0,3.804878939842427
5.0,2.0,3.0,4.0,4.0,5.0,4.042348147911356
5.0,2.0,3.0,4.0,5.0,4.0,3.9587268070393558
5.0,2.0,3.0,4.0,5.0,5.0,4.179258341475829
5.0,2.0,3.0,5.0,1.0,3.0,3.313036280531045
5.0,2.0,3.0,5.0,1.0,4.0,3.525707060734686
5.0,2.0,3.0,5.0,2.0,2.0,3.2208778626424803
5.0,2.0,3.0,5.0,2.0,3.0,3.441747608332776
5.0,2.0,3.0,5.0,3.0,1.0,3.1369182859095983
5.0,2.0,3.0,5.0,4.0,2.0,3.5028972476491798
5.0,2.0,3.0,5.0,4.0,4.0,3.944636801929712
5.0,2.0,3.0,5.0,4.0,5.0,4.15730746937009
5.0,2.0,3.0,5.0,5.0,4.0,4.080883572092891
5.0,2.0,3.0,5.0,5.0,5.0,4.298382766892475
5.0,2.0,4.0,1.0,3.0,1.0,2.888408459124902
5.0,2.0,4.0,2.0,2.0,2.0,3.1037250917392742
5.0,2.0,4.0,3.0,1.0,3.0,3.319041775558768
5.0,2.0,4.0,3.0,2.0,3.0,3.4477531343377485
5.0,2.0,4.0,3.0,3.0,4.0,3.821931054934695
5.0,2.0,4.0,3.0,4.0,3.0,3.737971523577324
5.0,2.0,4.0,3.0,4.0,4.0,3.9591756962026454
5.0,2.0,4.0,3.0,5.0,5.0,4.316621127133036
5.0,2.0,4.0,4.0,1.0,3.0,3.4422001566333464
5.0,2.0,4.0,4.0,2.0,3.0,3.5791104604389345
5.0,2.0,4.0,4.0,2.0,4.0,3.8081792253166054
5.0,2.0,4.0,4.0,3.0,3.0,3.712534761461985
5.0,2.0,4.0,4.0,3.0,5.0,4.165959049843782
5.0,2.0,4.0,4.0,4.0,3.0,3.8611299735618054
5.0,2.0,4.0,4.0,4.0,4.0,4.070339204604643
5.0,2.0,4.0,4.0,4.0,5.0,4.311602456823559
5.0,2.0,4.0,4.0,5.0,4.0,4.207310939687791
5.0,2.0,4.0,5.0,1.0,4.0,3.7944272111316675
5.0,2.0,4.0,5.0,1.0,5.0,4.015296984404961
5.0,2.0,4.0,5.0,2.0,2.0,3.4813990144792557
5.0,2.0,4.0,5.0,3.0,3.0,3.840486384646763
5.0,2.0,4.0,5.0,3.0,4.0,4.068247625835696
5.0,2.0,4.0,5.0,3.0,5.0,4.252185584680757
5.0,2.0,4.0,5.0,4.0,2.0,3.755219594372598
5.0,2.0,4.0,5.0,4.0,4.0,4.195356965366414
5.0,2.0,4.0,5.0,4.0,5.0,4.42500219524412
5.0,2.0,4.0,5.0,5.0,3.0,4.112080250218781
5.0,2.0,4.0,5.0,5.0,4.0,4.336472735748464
5.0,2.0,4.0,5.0,5.0,5.0,4.55563761490763
5.0,2.0,5.0,2.0,1.0,1.0,3.00646638798253
5.0,2.0,5.0,2.0,3.0,3.0,3.7302252300474965
5.0,2.0,5.0,3.0,1.0,4.0,3.8086318578607927
5.0,2.0,5.0,3.0,3.0,4.0,4.090651101153678
5.0,2.0,5.0,3.0,4.0,4.0,4.219362492115982
5.0,2.0,5.0,3.0,5.0,3.0,4.143601850142552
5.0,2.0,5.0,3.0,5.0,4.0,4.353375165606957
5.0,2.0,5.0,4.0,3.0,3.0,3.984864602557129
5.0,2.0,5.0,4.0,3.0,4.0,4.203938155301785
5.0,2.0,5.0,4.0,4.0,3.0,4.128793780598063
5.0,2.0,5.0,4.0,4.0,4.0,4.347521008894398
5.0,2.0,5.0,4.0,4.0,5.0,4.571589450071764
5.0,2.0,5.0,4.0,5.0,4.0,4.464765828702839
5.0,2.0,5.0,4.0,5.0,5.0,4.701878840314961
5.0,2.0,5.0,5.0,1.0,3.0,3.8258796278587015
5.0,2.0,5.0,5.0,2.0,5.0,4.414135870171638
5.0,2.0,5.0,5.0,3.0,3.0,4.098889038954905
5.0,2.0,5.0,5.0,3.0,4.0,4.334227321057497
5.0,2.0,5.0,5.0,3.0,5.0,4.549638692619387
5.0,2.0,5.0,5.0,4.0,5.0,4.688563523271273
5.0,2.0,5.0,5.0,5.0,4.0,4.600933939198719
5.0,2.0,5.0,5.0,5.0,5.0,4.7919309485634844
5.0,3.0,1.0,1.0,1.0,1.0,1.7994841664401668
5.0,3.0,1.0,1.0,2.0,1.0,2.011402673129262
5.0,3.0,1.0,1.0,2.0,2.0,2.2572463984273203
5.0,3.0,1.0,1.0,3.0,1.0,2.1732869089845224
5.0,3.0,1.0,1.0,3.0,2.0,2.385957704747102
5.0,3.0,1.0,1.0,5.0,3.0,2.8970459912156383
5.0,3.0,1.0,2.0,1.0,1.0,1.9980580887667148
5.0,3.0,1.0,2.0,2.0,1.0,2.1595350578214223
5.0,3.0,1.0,2.0,2.0,2.0,2.3804047829221635
5.0,3.0,1.0,2.0,3.0,1.0,2.2882463873066947
5.0,3.0,1.0,3.0,1.0,3.0,2.5957215201528916
5.0,3.0,1.0,3.0,2.0,1.0,2.2722614212664007
5.0,3.0,1.0,3.0,2.0,2.0,2.5035631316918128
5.0,3.0,1.0,3.0,3.0,2.0,2.63227445965305
5.0,3.0,1.0,3.0,3.0,3.0,2.85314411742948
5.0,3.0,1.0,4.0,1.0,1.0,2.250489075424478
5.0,3.0,1.0,4.0,2.0,3.0,2.855790080593257
5.0,3.0,1.0,4.0,3.0,3.0,2.9927004477153067
5.0,3.0,1.0,4.0,4.0,1.0,2.6878713627964097
5.0,3.0,1.0,4.0,4.0,4.0,3.3422813897220163
5.0,3.0,1.0,5.0,1.0,1.0,2.3839009052663913
5.0,3.0,1.0,5.0,1.0,2.0,2.6129694484192796
5.0,3.0,1.0,5.0,2.0,2.0,2.758078773563045
5.0,3.0,1.0,5.0,2.0,3.0,2.9707495400904125
5.0,3.0,1.0,5.0,4.0,3.0,3.2507130876053543
5.0,3.0,1.0,5.0,5.0,3.0,3.3896792424825866
5.0,3.0,1.0,5.0,5.0,4.0,3.6105487854791494
5.0,3.0,1.0,5.0,5.0,5.0,3.823219735042012
5.0,3.0,2.0,1.0,2.0,1.0,2.29448278134836
5.0,3.0,2.0,1.0,3.0,3.0,2.875547472531908
5.0,3.0,2.0,2.0,1.0,2.0,2.4958168314505818
5.0,3.0,2.0,2.0,2.0,2.0,2.633540038057888
5.0,3.0,2.0,2.0,3.0,2.0,2.7796424001660633
5.0,3.0,2.0,2.0,3.0,3.0,2.9987160176847225
5.0,3.0,2.0,2.0,3.0,4.0,3.2277746115426647
5.0,3.0,2.0,2.0,4.0,2.0,2.9229454011827136
5.0,3.0,2.0,2.0,4.0,3.0,3.1426451784233413
5.0,3.0,2.0,2.0,5.0,1.0,2.8471849112728553
5.0,3.0,2.0,3.0,1.0,1.0,2.398105375265806
5.0,3.0,2.0,3.0,1.0,2.0,2.62512109644403
5.0,3.0,2.0,3.0,1.0,3.0,2.856242794479788
5.0,3.0,2.0,3.0,2.0,1.0,2.551413547457738
5.0,3.0,2.0,3.0,2.0,2.0,2.76732820458606
5.0,3.0,2.0,3.0,2.0,3.0,2.9849540383198927
5.0,3.0,2.0,3.0,3.0,1.0,2.671925890187434
5.0,3.0,2.0,3.0,3.0,2.0,2.911372046238171
5.0,3.0,2.0,3.0,3.0,3.0,3.12493921294964
5.0,3.0,2.0,3.0,4.0,3.0,3.266973439806289
5.0,3.0,2.0,3.0,4.0,4.0,3.487843222686213
5.0,3.0,2.0,3.0,5.0,3.0,3.4202814910935047
5.0,3.0,2.0,4.0,1.0,1.0,2.5332885700379784
5.0,3.0,2.0,4.0,1.0,2.0,2.7442298726244005
5.0,3.0,2.0,4.0,1.0,4.0,3.200270758140605
5.0,3.0,2.0,4.0,2.0,3.0,3.0991003569193727
5.0,3.0,2.0,4.0,2.0,4.0,3.3453799516563762
5.0,3.0,2.0,4.0,3.0,1.0,2.8032831731645462
5.0,3.0,2.0,4.0,3.0,2.0,3.0318289693482923
5.0,3.0,2.0,4.0,3.0,3.0,3.241068689585939
5.0,3.0,2.0,4.0,3.0,4.0,3.4822901366922863
5.0,3.0,2.0,4.0,4.0,3.0,3.381932766536252
5.0,3.0,2.0,4.0,4.0,4.0,3.6011434098230612
5.0,3.0,2.0,4.0,5.0,3.0,3.5270421079415746
5.0,3.0,2.0,4.0,5.0,4.0,3.7479117356897884
5.0,3.0,2.0,5.0,1.0,1.0,2.644422102487047
5.0,3.0,2.0,5.0,1.0,2.0,2.873490761009269
5.0,3.0,2.0,5.0,1.0,5.0,3.552497751259671
5.0,3.0,2.0,5.0,2.0,1.0,2.7895312584524308
5.0,3.0,2.0,5.0,3.0,1.0,2.9264415432639095
5.0,3.0,2.0,5.0,3.0,2.0,3.1555101673555015
5.0,3.0,2.0,5.0,3.0,3.0,3.373318658984041
5.0,3.0,2.0,5.0,4.0,3.0,3.517247843405895
5.0,3.0,2.0,5.0,4.0,4.0,3.728189113578552
5.0,3.0,2.0,5.0,4.0,5.0,3.971427391850538
5.0,3.0,2.0,5.0,5.0,3.0,3.636780104746581
5.0,3.0,2.0,5.0,5.0,4.0,3.8802506416265383
5.0,3.0,2.0,5.0,5.0,5.0,4.08762766398421
5.0,3.0,3.0,1.0,1.0,1.0,2.4137232550153387
5.0,3.0,3.0,1.0,1.0,2.0,2.6413785765274453
5.0,3.0,3.0,1.0,2.0,1.0,2.5574193019200826
5.0,3.0,3.0,1.0,2.0,2.0,2.7719589992977878
5.0,3.0,3.0,1.0,2.0,3.0,2.9991649060676844
5.0,3.0,3.0,1.0,3.0,3.0,3.1349618321092767
5.0,3.0,3.0,1.0,4.0,1.0,2.839438661467109
5.0,3.0,3.0,2.0,1.0,1.0,2.5436673652744632
5.0,3.0,3.0,2.0,1.0,4.0,3.214475156123078
5.0,3.0,3.0,2.0,1.0,5.0,3.4353450545986073
5.0,3.0,3.0,2.0,2.0,2.0,2.8958094032206976
5.0,3.0,3.0,2.0,2.0,3.0,3.1042091413884885
5.0,3.0,3.0,2.0,3.0,1.0,2.81083899989395
5.0,3.0,3.0,2.0,3.0,2.0,3.037435189658774
5.0,3.0,3.0,2.0,3.0,3.0,3.265250876822363
5.0,3.0,3.0,2.0,3.0,4.0,3.4882957498334055
5.0,3.0,3.0,2.0,4.0,3.0,3.3823874254697524
5.0,3.0,3.0,2.0,4.0,4.0,3.6282536967727546
5.0,3.0,3.0,2.0,5.0,2.0,3.320376782297633
5.0,3.0,3.0,2.0,5.0,4.0,3.7621161741190354
5.0,3.0,3.0,3.0,1.0,1.0,2.6721994975298107
5.0,3.0,3.0,3.0,1.0,2.0,2.8895060398316414
5.0,3.0,3.0,3.0,1.0,3.0,3.1085650287804003
5.0,3.0,3.0,3.0,1.0,4.0,3.329434628728105
5.0,3.0,3.0,3.0,2.0,2.0,3.024207537213923
5.0,3.0,3.0,3.0,2.0,3.0,3.249580710790996
5.0,3.0,3.0,3.0,3.0,1.0,2.9488450546623803
5.0,3.0,3.0,3.0,3.0,2.0,3.1602017346870337
5.0,3.0,3.0,3.0,3.0,3.0,3.4281188223428454
5.0,3.0,3.0,3.0,4.0,2.0,3.3016772200185196
5.0,3.0,3.0,3.0,4.0,3.0,3.4988775373281666
5.0,3.0,3.0,3.0,4.0,4.0,3.750410436754365
5.0,3.0,3.0,3.0,4.0,5.0,3.9774329840622977
5.0,3.0,3.0,3.0,5.0,1.0,3.2226654241040076
5.0,3.0,3.0,3.0,5.0,2.0,3.443535191799792
5.0,3.0,3.0,3.0,5.0,3.0,3.6726037745133073
5.0,3.0,3.0,3.0,5.0,4.0,3.8943396681819094
5.0,3.0,3.0,4.0,1.0,1.0,2.798182816696132
5.0,3.0,3.0,4.0,1.0,2.0,3.0108536047163867
5.0,3.0,3.0,4.0,1.0,3.0,3.2286705424871136
5.0,3.0,3.0,4.0,1.0,4.0,3.468990977038849
5.0,3.0,3.0,4.0,1.0,5.0,3.689860565448317
5.0,3.0,3.0,4.0,2.0,2.0,3.155962844112746
5.0,3.0,3.0,4.0,2.0,3.0,3.3669761905258544
5.0,3.0,3.0,4.0,2.0,4.0,3.5977021660554693
5.0,3.0,3.0,4.0,3.0,2.0,3.2835712893941715
5.0,3.0,3.0,4.0,3.0,3.0,3.550904305353373
5.0,3.0,3.0,4.0,3.0,4.0,3.752848174081011
5.0,3.0,3.0,4.0,3.0,5.0,3.971879922145026
5.0,3.0,3.0,4.0,4.0,2.0,3.406715112839972
5.0,3.0,3.0,4.0,4.0,3.0,3.6358524598110114
5.0,3.0,3.0,4.0,4.0,4.0,3.9001650279235442
5.0,3.0,3.0,4.0,4.0,5.0,4.116584454976334
5.0,3.0,3.0,4.0,5.0,2.0,3.566693538926001
5.0,3.0,3.0,4.0,5.0,3.0,3.784660113804588
5.0,3.0,3.0,4.0,5.0,4.0,4.015606681637326
5.0,3.0,3.0,4.0,5.0,5.0,4.2288145889566495
5.0,3.0,3.0,5.0,1.0,1.0,2.897583324271674
5.0,3.0,3.0,5.0,1.0,2.0,3.150409805263185
5.0,3.0,3.0,5.0,1.0,3.0,3.3330217699995117
5.0,3.0,3.0,5.0,1.0,4.0,3.5792011034056688
5.0,3.0,3.0,5.0,1.0,5.0,3.813018952538015
5.0,3.0,3.0,5.0,2.0,1.0,3.0582513943370926
5.0,3.0,3.0,5.0,2.0,2.0,3.260586033022669
5.0,3.0,3.0,5.0,2.0,3.0,3.49592437766974
5.0,3.0,3.0,5.0,2.0,4.0,3.7253634368083124
5.0,3.0,3.0,5.0,2.0,5.0,3.9422038635877223
5.0,3.0,3.0,5.0,3.0,1.0,3.195161580839501
5.0,3.0,3.0,5.0,3.0,2.0,3.4254520098530206
5.0,3.0,3.0,5.0,3.0,3.0,3.664510388013415
5.0,3.0,3.0,5.0,3.0,4.0,3.8675427706274337
5.0,3.0,3.0,5.0,3.0,5.0,4.058862393755804
5.0,3.0,3.0,5.0,4.0,2.0,3.552941636555469
5.0,3.0,3.0,5.0,4.0,3.0,3.770578353204992
5.0,3.0,3.0,5.0,4.0,4.0,4.050360755703204
5.0,3.0,3.0,5.0,4.0,5.0,4.23574842248985
5.0,3.0,3.0,5.0,5.0,1.0,3.477181056597447
5.0,3.0,3.0,5.0,5.0,2.0,3.698050680829892
5.0,3.0,3.0,5.0,5.0,3.0,3.9008260760232654
5.0,3.0,3.0,5.0,5.0,4.0,4.128952380870357
5.0,3.0,3.0,5.0,5.0,5.0,4.419198002355291
5.0,3.0,4.0,1.0,1.0,1.0,2.689228905235867
5.0,3.0,4.0,1.0,3.0,1.0,2.9630494891259747
5.0,3.0,4.0,1.0,5.0,3.0,3.678609381236798
5.0,3.0,4.0,2.0,1.0,2.0,3.0250580682571577
5.0,3.0,4.0,2.0,3.0,2.0,3.312712135137502
5.0,3.0,4.0,2.0,3.0,3.0,3.5279472700393906
5.0,3.0,4.0,2.0,4.0,2.0,3.435788863511786
5.0,3.0,4.0,2.0,4.0,4.0,3.893926196287844
5.0,3.0,4.0,3.0,1.0,3.0,3.3772851041606766
5.0,3.0,4.0,3.0,2.0,2.0,3.3022870655764223
5.0,3.0,4.0,3.0,2.0,3.0,3.5220323571970136
5.0,3.0,4.0,3.0,3.0,2.0,3.4302359486062164
5.0,3.0,4.0,3.0,3.0,3.0,3.6434120136163264
5.0,3.0,4.0,3.0,3.0,4.0,3.899856024305437
5.0,3.0,4.0,3.0,3.0,5.0,4.1010439504037555
5.0,3.0,4.0,3.0,4.0,3.0,3.7901394357143823
5.0,3.0,4.0,3.0,4.0,4.0,3.9860064962757065
5.0,3.0,4.0,3.0,4.0,5.0,4.237954230246825
5.0,3.0,4.0,3.0,5.0,3.0,3.911431812561101
5.0,3.0,4.0,3.0,5.0,4.0,4.151509985941146
5.0,3.0,4.0,3.0,5.0,5.0,4.383063358316511
5.0,3.0,4.0,4.0,2.0,1.0,3.1956140804645754
5.0,3.0,4.0,4.0,2.0,3.0,3.6484347719335735
5.0,3.0,4.0,4.0,2.0,4.0,3.8675083715605263
5.0,3.0,4.0,4.0,3.0,2.0,3.553394165489889
5.0,3.0,4.0,4.0,3.0,3.0,3.790500240444809
5.0,3.0,4.0,4.0,3.0,4.0,4.028996763912426
5.0,3.0,4.0,4.0,3.0,5.0,4.212518110890023
5.0,3.0,4.0,4.0,4.0,3.0,3.9269344018821584
5.0,3.0,4.0,4.0,4.0,4.0,4.140026144221313
5.0,3.0,4.0,4.0,4.0,5.0,4.400394798228592
5.0,3.0,4.0,4.0,5.0,2.0,3.8272146794881037
5.0,3.0,4.0,4.0,5.0,3.0,4.074750715121163
5.0,3.0,4.0,4.0,5.0,4.0,4.291541012485999
5.0,3.0,4.0,4.0,5.0,5.0,4.508120981696998
5.0,3.0,4.0,5.0,1.0,3.0,3.6318007949080235
5.0,3.0,4.0,5.0,1.0,4.0,3.838913355112168
5.0,3.0,4.0,5.0,1.0,5.0,4.073540162562108
5.0,3.0,4.0,5.0,2.0,3.0,3.7605120253563915
5.0,3.0,4.0,5.0,2.0,4.0,3.9818279764567905
5.0,3.0,4.0,5.0,2.0,5.0,4.199026698472635
5.0,3.0,4.0,5.0,3.0,3.0,3.912771528863083
5.0,3.0,4.0,5.0,3.0,4.0,4.142883200268368
5.0,3.0,4.0,5.0,3.0,5.0,4.356755900796217
5.0,3.0,4.0,5.0,4.0,2.0,3.813462788200968
5.0,3.0,4.0,5.0,4.0,3.0,4.039011147481704
5.0,3.0,4.0,5.0,4.0,4.0,4.287930795691392
5.0,3.0,4.0,5.0,4.0,5.0,4.530057363883238
5.0,3.0,4.0,5.0,5.0,2.0,3.958572018623874
5.0,3.0,4.0,5.0,5.0,3.0,4.17779615839491
5.0,3.0,4.0,5.0,5.0,4.0,4.394932698678856
5.0,3.0,4.0,5.0,5.0,5.0,4.668673593025026
5.0,3.0,5.0,1.0,1.0,1.0,2.9333522421353555
5.0,3.0,5.0,1.0,3.0,1.0,3.215371934100637
5.0,3.0,5.0,1.0,3.0,3.0,3.6653100829593757
5.0,3.0,5.0,1.0,4.0,5.0,4.260357558577108
5.0,3.0,5.0,1.0,5.0,5.0,4.389068958002793
5.0,3.0,5.0,2.0,3.0,4.0,4.017537121567052
5.0,3.0,5.0,2.0,5.0,2.0,3.833220233497192
5.0,3.0,5.0,2.0,5.0,4.0,4.274959660774691
5.0,3.0,5.0,3.0,1.0,3.0,3.640751310584951
5.0,3.0,5.0,3.0,2.0,3.0,3.7747165608888937
5.0,3.0,5.0,3.0,2.0,4.0,4.003785193502603
5.0,3.0,5.0,3.0,2.0,5.0,4.224654825319663
5.0,3.0,5.0,3.0,3.0,3.0,3.923584209467338
5.0,3.0,5.0,3.0,3.0,4.0,4.135154286168364
5.0,3.0,5.0,3.0,4.0,2.0,3.827667302243553
5.0,3.0,5.0,3.0,4.0,3.0,4.054075138437938
5.0,3.0,5.0,3.0,4.0,4.0,4.266673007979733
5.0,3.0,5.0,3.0,4.0,5.0,4.506674277364944
5.0,3.0,5.0,3.0,5.0,3.0,4.205001440241579
5.0,3.0,5.0,3.0,5.0,4.0,4.418524100116706
5.0,3.0,5.0,3.0,5.0,5.0,4.633992365097551
5.0,3.0,5.0,4.0,2.0,2.0,3.685204155748916
5.0,3.0,5.0,4.0,2.0,4.0,4.13404325829431
5.0,3.0,5.0,4.0,2.0,5.0,4.347813198101881
5.0,3.0,5.0,4.0,3.0,3.0,4.031433819626577
5.0,3.0,5.0,4.0,3.0,4.0,4.26338140508052
5.0,3.0,5.0,4.0,3.0,5.0,4.489263115692742
5.0,3.0,5.0,4.0,4.0,2.0,3.959024564362466
5.0,3.0,5.0,4.0,4.0,3.0,4.143462511150972
5.0,3.0,5.0,4.0,4.0,4.0,4.4130597558926405
5.0,3.0,5.0,4.0,4.0,5.0,4.623885957939356
5.0,3.0,5.0,4.0,5.0,3.0,4.2862883550200745
5.0,3.0,5.0,4.0,5.0,4.0,4.556561123417773
5.0,3.0,5.0,4.0,5.0,5.0,4.760148465425197
5.0,3.0,5.0,5.0,1.0,3.0,3.88412293457612
5.0,3.0,5.0,5.0,1.0,5.0,4.334061274189413
5.0,3.0,5.0,5.0,2.0,3.0,4.029232144366999
5.0,3.0,5.0,5.0,2.0,4.0,4.246066484590557
5.0,3.0,5.0,5.0,2.0,5.0,4.479831860167005
5.0,3.0,5.0,5.0,3.0,2.0,3.9370735414465092
5.0,3.0,5.0,5.0,3.0,3.0,4.14052570403592
5.0,3.0,5.0,5.0,3.0,4.0,4.410338993612548
5.0,3.0,5.0,5.0,3.0,5.0,4.616424313284795
5.0,3.0,5.0,5.0,4.0,3.0,4.296089576277167
5.0,3.0,5.0,5.0,4.0,4.0,4.488711723444839
5.0,3.0,5.0,5.0,4.0,5.0,4.7330257141445236
5.0,3.0,5.0,5.0,5.0,3.0,4.4541740247528
5.0,3.0,5.0,5.0,5.0,4.0,4.644861506686521
5.0,3.0,5.0,5.0,5.0,5.0,4.84103125080213
5.0,4.0,1.0,1.0,1.0,1.0,1.9495107953044084
5.0,4.0,1.0,1.0,1.0,2.0,2.1703804706830203
5.0,4.0,1.0,1.0,3.0,1.0,2.2162369245264366
5.0,4.0,1.0,1.0,3.0,2.0,2.444200971838014
5.0,4.0,1.0,1.0,4.0,1.0,2.3435894007265254
5.0,4.0,1.0,2.0,1.0,1.0,2.072669104077212
5.0,4.0,1.0,2.0,3.0,2.0,2.56735927238348
5.0,4.0,1.0,2.0,4.0,1.0,2.4915988477714825
5.0,4.0,1.0,3.0,1.0,1.0,2.1942342516352213
5.0,4.0,1.0,3.0,1.0,3.0,2.6375668600936932
5.0,4.0,1.0,3.0,2.0,2.0,2.5618063272025737
5.0,4.0,1.0,4.0,3.0,1.0,2.5928062389694606
5.0,4.0,1.0,4.0,3.0,4.0,3.2533380034082104
5.0,4.0,1.0,4.0,4.0,5.0,3.645991060089988
5.0,4.0,1.0,5.0,1.0,1.0,2.4503430390663925
5.0,4.0,1.0,5.0,1.0,2.0,2.671212752803375
5.0,4.0,1.0,5.0,1.0,4.0,3.1030624426752498
5.0,4.0,1.0,5.0,2.0,3.0,3.0289927735011695
5.0,4.0,1.0,5.0,3.0,2.0,2.9532322042008676
5.0,4.0,1.0,5.0,3.0,4.0,3.394971611334819
5.0,4.0,1.0,5.0,4.0,2.0,3.073744484256159
5.0,4.0,1.0,5.0,4.0,4.0,3.5154839778146267
5.0,4.0,1.0,5.0,5.0,4.0,3.652394502636694
5.0,4.0,2.0,1.0,1.0,1.0,2.2164555524019875
5.0,4.0,2.0,1.0,2.0,2.0,2.567811889440104
5.0,4.0,2.0,1.0,3.0,1.0,2.4880493621628097
5.0,4.0,2.0,1.0,3.0,2.0,2.7014183107732266
5.0,4.0,2.0,1.0,4.0,2.0,2.8416323626148126
5.0,4.0,2.0,2.0,1.0,1.0,2.3495881749559584
5.0,4.0,2.0,2.0,1.0,3.0,2.7831285425626437
5.0,4.0,2.0,2.0,2.0,1.0,2.4782994421880695
5.0,4.0,2.0,2.0,2.0,2.0,2.68788821458946
5.0,4.0,2.0,2.0,3.0,2.0,2.8387231694397506
5.0,4.0,2.0,2.0,4.0,1.0,2.760318933390527
5.0,4.0,2.0,2.0,4.0,2.0,2.965357899266045
5.0,4.0,2.0,2.0,4.0,3.0,3.20041484432637
5.0,4.0,2.0,3.0,1.0,1.0,2.4689014138409924
5.0,4.0,2.0,3.0,1.0,2.0,2.6936162438505873
5.0,4.0,2.0,3.0,2.0,1.0,2.601457741261189
5.0,4.0,2.0,3.0,2.0,2.0,2.8223275085867408
5.0,4.0,2.0,3.0,2.0,3.0,3.034156823811237
5.0,4.0,2.0,3.0,3.0,2.0,2.968217263747572
5.0,4.0,2.0,3.0,3.0,3.0,3.188765228135852
5.0,4.0,2.0,3.0,4.0,2.0,3.1043469194976567
5.0,4.0,2.0,3.0,4.0,3.0,3.3225716043307747
5.0,4.0,2.0,3.0,5.0,4.0,3.6829966038834474
5.0,4.0,2.0,4.0,1.0,2.0,2.8167745741642443
5.0,4.0,2.0,4.0,1.0,3.0,3.029445290079323
5.0,4.0,2.0,4.0,1.0,4.0,3.2401467678332505
5.0,4.0,2.0,4.0,2.0,1.0,2.7328150994285196
5.0,4.0,2.0,4.0,2.0,3.0,3.165002313134032
5.0,4.0,2.0,4.0,3.0,1.0,2.86152644962482
5.0,4.0,2.0,4.0,3.0,2.0,3.081725589512161
5.0,4.0,2.0,4.0,3.0,3.0,3.311988804897933
5.0,4.0,2.0,4.0,3.0,4.0,3.5195541784221476
5.0,4.0,2.0,4.0,4.0,2.0,3.2357042430557668
5.0,4.0,2.0,4.0,4.0,3.0,3.442074491330689
5.0,4.0,2.0,4.0,4.0,4.0,3.655930809021607
5.0,4.0,2.0,4.0,4.0,5.0,3.8983133372068663
5.0,4.0,2.0,4.0,5.0,4.0,3.823995820625145
5.0,4.0,2.0,4.0,5.0,5.0,4.026804736107329
5.0,4.0,2.0,5.0,1.0,1.0,2.719063199045194
5.0,4.0,2.0,5.0,1.0,3.0,3.160802641738108
5.0,4.0,2.0,5.0,1.0,4.0,3.373473416867002
5.0,4.0,2.0,5.0,1.0,5.0,3.598089911199567
5.0,4.0,2.0,5.0,2.0,4.0,3.5267814628297733
5.0,4.0,2.0,5.0,2.0,5.0,3.7312534800177044
5.0,4.0,2.0,5.0,3.0,1.0,2.9846847735368423
5.0,4.0,2.0,5.0,3.0,2.0,3.2137534442020343
5.0,4.0,2.0,5.0,4.0,3.0,3.5750174495421327
5.0,4.0,2.0,5.0,4.0,4.0,3.797386230351972
5.0,4.0,2.0,5.0,4.0,5.0,4.013272688331135
5.0,4.0,2.0,5.0,5.0,3.0,3.7131469283401297
5.0,4.0,2.0,5.0,5.0,4.0,3.9062531632381976
5.0,4.0,2.0,5.0,5.0,5.0,4.18567444967955
5.0,4.0,3.0,1.0,1.0,1.0,2.486951184051806
5.0,4.0,3.0,1.0,2.0,2.0,2.8230349782535926
5.0,4.0,3.0,1.0,3.0,3.0,3.1911764154656237
5.0,4.0,3.0,1.0,4.0,1.0,2.8976818755674794
5.0,4.0,3.0,1.0,4.0,3.0,3.3394211951501784
5.0,4.0,3.0,2.0,1.0,2.0,2.830979090394315
5.0,4.0,3.0,2.0,1.0,3.0,3.0518487386702273
5.0,4.0,3.0,2.0,2.0,2.0,2.9526545824967205
5.0,4.0,3.0,2.0,2.0,3.0,3.188759075814061
5.0,4.0,3.0,2.0,2.0,4.0,3.4096287539777683
5.0,4.0,3.0,2.0,3.0,1.0,2.8839298100171766
5.0,4.0,3.0,2.0,3.0,2.0,3.0770421062602713
5.0,4.0,3.0,2.0,3.0,3.0,3.3178502388943465
5.0,4.0,3.0,2.0,3.0,4.0,3.5465389421012676
5.0,4.0,3.0,2.0,3.0,5.0,3.7674084965330747
5.0,4.0,3.0,2.0,4.0,2.0,3.22974281432468
5.0,4.0,3.0,2.0,4.0,3.0,3.451473836063235
5.0,4.0,3.0,2.0,4.0,4.0,3.686023389599398
5.0,4.0,3.0,2.0,4.0,5.0,3.91251789690958
5.0,4.0,3.0,2.0,5.0,3.0,3.594614291827954
5.0,4.0,3.0,2.0,5.0,4.0,3.8203595444801084
5.0,4.0,3.0,2.0,5.0,5.0,4.057627086882762
5.0,4.0,3.0,3.0,1.0,1.0,2.719171675497368
5.0,4.0,3.0,3.0,1.0,2.0,2.938742972767865
5.0,4.0,3.0,3.0,1.0,3.0,3.1641162154605187
5.0,4.0,3.0,3.0,2.0,1.0,2.870177967788735
5.0,4.0,3.0,3.0,2.0,2.0,3.0802162550886782
5.0,4.0,3.0,3.0,2.0,3.0,3.310493043570432
5.0,4.0,3.0,3.0,2.0,4.0,3.531745016594117
5.0,4.0,3.0,3.0,2.0,5.0,3.7618555832845404
5.0,4.0,3.0,3.0,3.0,2.0,3.216212682721156
5.0,4.0,3.0,3.0,3.0,3.0,3.4288232005557044
5.0,4.0,3.0,3.0,3.0,4.0,3.6977221572322425
5.0,4.0,3.0,3.0,4.0,2.0,3.360569643250361
5.0,4.0,3.0,3.0,4.0,3.0,3.5735454829257653
5.0,4.0,3.0,3.0,4.0,4.0,3.810040046879444
5.0,4.0,3.0,3.0,4.0,5.0,4.035676136414791
5.0,4.0,3.0,3.0,5.0,2.0,3.501778380673514
5.0,4.0,3.0,3.0,5.0,3.0,3.7020646535640975
5.0,4.0,3.0,3.0,5.0,4.0,3.9299890512400855
5.0,4.0,3.0,3.0,5.0,5.0,4.17786878038502
5.0,4.0,3.0,4.0,1.0,1.0,2.858741387698517
5.0,4.0,3.0,4.0,1.0,3.0,3.2933543331768713
5.0,4.0,3.0,4.0,1.0,4.0,3.4985718678914552
5.0,4.0,3.0,4.0,1.0,5.0,3.7481038433103184
5.0,4.0,3.0,4.0,2.0,2.0,3.218816070514664
5.0,4.0,3.0,4.0,2.0,3.0,3.436122518774321
5.0,4.0,3.0,4.0,2.0,4.0,3.6591104160726733
5.0,4.0,3.0,4.0,2.0,5.0,3.885014085098023
5.0,4.0,3.0,4.0,3.0,1.0,3.122047488344072
5.0,4.0,3.0,4.0,3.0,2.0,3.3451634840316187
5.0,4.0,3.0,4.0,3.0,3.0,3.5520721330662735
5.0,4.0,3.0,4.0,3.0,4.0,3.8563235195137024
5.0,4.0,3.0,4.0,3.0,5.0,4.044339746851395
5.0,4.0,3.0,4.0,4.0,2.0,3.4688059910730833
5.0,4.0,3.0,4.0,4.0,3.0,3.7034895473361678
5.0,4.0,3.0,4.0,4.0,4.0,4.022089654216851
5.0,4.0,3.0,4.0,4.0,5.0,4.195399497468039
5.0,4.0,3.0,4.0,5.0,2.0,3.619854261608693
5.0,4.0,3.0,4.0,5.0,3.0,3.8446858170079024
5.0,4.0,3.0,4.0,5.0,4.0,4.11551103490208
5.0,4.0,3.0,4.0,5.0,5.0,4.301919137771356
5.0,4.0,3.0,5.0,1.0,1.0,2.9877833390380752
5.0,4.0,3.0,5.0,1.0,2.0,3.197219195076909
5.0,4.0,3.0,5.0,1.0,3.0,3.382944351719433
5.0,4.0,3.0,5.0,1.0,4.0,3.6614933075507903
5.0,4.0,3.0,5.0,1.0,5.0,3.843594759394797
5.0,4.0,3.0,5.0,2.0,3.0,3.5484449500394297
5.0,4.0,3.0,5.0,2.0,4.0,3.7542268159582726
5.0,4.0,3.0,5.0,2.0,5.0,4.008105782875941
5.0,4.0,3.0,5.0,3.0,2.0,3.47854955809088
5.0,4.0,3.0,5.0,3.0,3.0,3.6748633477173556
5.0,4.0,3.0,5.0,3.0,4.0,3.937098827591554
5.0,4.0,3.0,5.0,3.0,5.0,4.1572468943863745
5.0,4.0,3.0,5.0,4.0,1.0,3.390314890332225
5.0,4.0,3.0,5.0,4.0,2.0,3.6028666785744083
5.0,4.0,3.0,5.0,4.0,3.0,3.823809695829004
5.0,4.0,3.0,5.0,4.0,4.0,4.14889608389527
5.0,4.0,3.0,5.0,4.0,5.0,4.389565370995397
5.0,4.0,3.0,5.0,5.0,3.0,3.9423120585668543
5.0,4.0,3.0,5.0,5.0,4.0,4.205502189462228
5.0,4.0,3.0,5.0,5.0,5.0,4.558898664284549
5.0,4.0,4.0,1.0,1.0,1.0,2.73927320941256
5.0,4.0,4.0,1.0,2.0,2.0,3.113451018699289
5.0,4.0,4.0,1.0,3.0,2.0,3.2401927136791726
5.0,4.0,4.0,1.0,4.0,3.0,3.611327842793438
5.0,4.0,4.0,1.0,4.0,4.0,3.829011036777101
5.0,4.0,4.0,1.0,5.0,4.0,3.9577223924747607
5.0,4.0,4.0,2.0,1.0,1.0,2.862431587228855
5.0,4.0,4.0,2.0,2.0,1.0,2.999341831254798
5.0,4.0,4.0,2.0,2.0,2.0,3.2202115788176617
5.0,4.0,4.0,2.0,3.0,3.0,3.5943894295009544
5.0,4.0,4.0,2.0,3.0,4.0,3.8152591418373274
5.0,4.0,4.0,2.0,4.0,2.0,3.5022310281660136
5.0,4.0,4.0,2.0,4.0,3.0,3.7172199762008713
5.0,4.0,4.0,2.0,4.0,4.0,3.952169297597066
5.0,4.0,4.0,2.0,5.0,3.0,3.86820991733382
5.0,4.0,4.0,2.0,5.0,4.0,4.080880707874219
5.0,4.0,4.0,2.0,5.0,5.0,4.309949342773145
5.0,4.0,4.0,3.0,1.0,3.0,3.4204343725207935
5.0,4.0,4.0,3.0,1.0,4.0,3.65105977641545
5.0,4.0,4.0,3.0,2.0,2.0,3.3458961340138336
5.0,4.0,4.0,3.0,2.0,3.0,3.57013732642138
5.0,4.0,4.0,3.0,2.0,4.0,3.8031212529536953
5.0,4.0,4.0,3.0,3.0,2.0,3.492755904997621
5.0,4.0,4.0,3.0,3.0,3.0,3.7035978739053315
5.0,4.0,4.0,3.0,3.0,4.0,3.9747352986873308
5.0,4.0,4.0,3.0,3.0,5.0,4.166123990073307
5.0,4.0,4.0,3.0,4.0,2.0,3.623365817956493
5.0,4.0,4.0,3.0,4.0,3.0,3.8271279008630965
5.0,4.0,4.0,3.0,4.0,4.0,4.071698451910084
5.0,4.0,4.0,3.0,4.0,5.0,4.293788554226995
5.0,4.0,4.0,3.0,5.0,3.0,3.991836013369384
5.0,4.0,4.0,3.0,5.0,4.0,4.2181975529597855
5.0,4.0,4.0,3.0,5.0,5.0,4.419838890983349
5.0,4.0,4.0,4.0,1.0,1.0,3.1251462555381666
5.0,4.0,4.0,4.0,1.0,3.0,3.5568220004124886
5.0,4.0,4.0,4.0,1.0,4.0,3.7507922624718635
5.0,4.0,4.0,4.0,1.0,5.0,4.000426147101454
5.0,4.0,4.0,4.0,2.0,2.0,3.4670675072102815
5.0,4.0,4.0,4.0,2.0,3.0,3.7020538196021766
5.0,4.0,4.0,4.0,2.0,4.0,3.902282286893015
5.0,4.0,4.0,4.0,2.0,5.0,4.151253856938793
5.0,4.0,4.0,4.0,3.0,1.0,3.4071655576838484
5.0,4.0,4.0,4.0,3.0,2.0,3.6080913159957286
5.0,4.0,4.0,4.0,3.0,3.0,3.851705569094695
5.0,4.0,4.0,4.0,3.0,4.0,4.14088622026697
5.0,4.0,4.0,4.0,3.0,5.0,4.311724666329668
5.0,4.0,4.0,4.0,4.0,2.0,3.742696573752702
5.0,4.0,4.0,4.0,4.0,3.0,4.0225234280814695
5.0,4.0,4.0,4.0,4.0,4.0,4.316768671917873
5.0,4.0,4.0,4.0,4.0,5.0,4.553856437050472
5.0,4.0,4.0,4.0,5.0,1.0,3.664588178893129
5.0,4.0,4.0,4.0,5.0,2.0,3.89365685339162
5.0,4.0,4.0,4.0,5.0,3.0,4.129298543753806
5.0,4.0,4.0,4.0,5.0,4.0,4.360529883007461
5.0,4.0,4.0,4.0,5.0,5.0,4.635252568342432
5.0,4.0,4.0,5.0,1.0,2.0,3.469174203240225
5.0,4.0,4.0,5.0,1.0,3.0,3.6654753474924258
5.0,4.0,4.0,5.0,1.0,4.0,3.8941272713997694
5.0,4.0,4.0,5.0,1.0,5.0,4.079335880404832
5.0,4.0,4.0,5.0,2.0,2.0,3.6060845028481197
5.0,4.0,4.0,5.0,2.0,3.0,3.8187056261341112
5.0,4.0,4.0,5.0,2.0,4.0,4.020679823566861
5.0,4.0,4.0,5.0,2.0,5.0,4.248280025528981
5.0,4.0,4.0,5.0,3.0,2.0,3.7511936802446915
5.0,4.0,4.0,5.0,3.0,3.0,3.9380883740589256
5.0,4.0,4.0,5.0,3.0,4.0,4.198820362945087
5.0,4.0,4.0,5.0,3.0,5.0,4.451269631511725
5.0,4.0,4.0,5.0,4.0,2.0,3.875779086597398
5.0,4.0,4.0,5.0,4.0,3.0,4.09815086613774
5.0,4.0,4.0,5.0,4.0,4.0,4.4346780528330445
5.0,4.0,4.0,5.0,4.0,5.0,4.722797355398631
5.0,4.0,4.0,5.0,5.0,3.0,4.229142926151792
5.0,4.0,4.0,5.0,5.0,4.0,4.564809842562783
5.0,4.0,4.0,5.0,5.0,5.0,4.829958140373685
5.0,4.0,5.0,1.0,1.0,1.0,2.9915956800167383
5.0,4.0,5.0,1.0,5.0,5.0,4.439113248095618
5.0,4.0,5.0,2.0,5.0,4.0,4.349600844762597
5.0,4.0,5.0,3.0,2.0,3.0,3.842450253938221
5.0,4.0,5.0,3.0,2.0,5.0,4.272465138029573
5.0,4.0,5.0,3.0,3.0,3.0,3.987403940005414
5.0,4.0,5.0,3.0,3.0,4.0,4.17263216135402
5.0,4.0,5.0,3.0,3.0,5.0,4.409730225771998
5.0,4.0,5.0,3.0,4.0,3.0,4.103139423730465
5.0,4.0,5.0,3.0,4.0,4.0,4.337574060483515
5.0,4.0,5.0,3.0,4.0,5.0,4.5638703124272
5.0,4.0,5.0,3.0,5.0,2.0,4.031019695816217
5.0,4.0,5.0,3.0,5.0,3.0,4.222708776325134
5.0,4.0,5.0,3.0,5.0,4.0,4.451600926666036
5.0,4.0,5.0,3.0,5.0,5.0,4.676599072580827
5.0,4.0,5.0,4.0,1.0,3.0,3.820677845127939
5.0,4.0,5.0,4.0,2.0,1.0,3.506179518302134
5.0,4.0,5.0,4.0,2.0,2.0,3.7352484342865226
5.0,4.0,5.0,4.0,2.0,3.0,3.9731753732521864
5.0,4.0,5.0,4.0,2.0,4.0,4.188742958501273
5.0,4.0,5.0,4.0,2.0,5.0,4.388306143200869
5.0,4.0,5.0,4.0,3.0,3.0,4.11257869501096
5.0,4.0,5.0,4.0,3.0,4.0,4.329883063369299
5.0,4.0,5.0,4.0,3.0,5.0,4.53165343010056
5.0,4.0,5.0,4.0,4.0,2.0,4.000855390899586
5.0,4.0,5.0,4.0,4.0,3.0,4.226587336060082
5.0,4.0,5.0,4.0,4.0,4.0,4.472080079288219
5.0,4.0,5.0,4.0,4.0,5.0,4.703915628611558
5.0,4.0,5.0,4.0,5.0,3.0,4.37022648410169
5.0,4.0,5.0,4.0,5.0,4.0,4.561953332768582
5.0,4.0,5.0,4.0,5.0,5.0,4.826941601516446
5.0,4.0,5.0,5.0,1.0,3.0,3.9428345705566703
5.0,4.0,5.0,5.0,1.0,4.0,4.160601963090405
5.0,4.0,5.0,5.0,1.0,5.0,4.344688223740154
5.0,4.0,5.0,5.0,2.0,3.0,4.076153711020759
5.0,4.0,5.0,5.0,2.0,4.0,4.306492085719615
5.0,4.0,5.0,5.0,2.0,5.0,4.515516618365253
5.0,4.0,5.0,5.0,3.0,2.0,4.003515874657402
5.0,4.0,5.0,5.0,3.0,3.0,4.221714211098819
5.0,4.0,5.0,5.0,3.0,4.0,4.441600948547773
5.0,4.0,5.0,5.0,3.0,5.0,4.656039619926318
5.0,4.0,5.0,5.0,4.0,2.0,4.140426215684869
5.0,4.0,5.0,5.0,4.0,3.0,4.349861616694153
5.0,4.0,5.0,5.0,4.0,4.0,4.58892588445413
5.0,4.0,5.0,5.0,4.0,5.0,4.849876590161372
5.0,4.0,5.0,5.0,5.0,2.0,4.269383504548658
5.0,4.0,5.0,5.0,5.0,3.0,4.468733762717708
5.0,4.0,5.0,5.0,5.0,4.0,4.7472738210498635
5.0,4.0,5.0,5.0,5.0,5.0,4.927516552372188
5.0,5.0,1.0,1.0,1.0,1.0,1.976493646124231
5.0,5.0,1.0,1.0,1.0,2.0,2.2450215712247616
5.0,5.0,1.0,1.0,2.0,1.0,2.1342624464913245
5.0,5.0,1.0,1.0,2.0,2.0,2.362560841943703
5.0,5.0,1.0,1.0,2.0,4.0,2.8154724580358756
5.0,5.0,1.0,1.0,2.0,5.0,3.028143141232126
5.0,5.0,1.0,1.0,3.0,1.0,2.25080659828344
5.0,5.0,1.0,1.0,4.0,1.0,2.4117321559099
5.0,5.0,1.0,1.0,5.0,1.0,2.5635939924545377
5.0,5.0,1.0,2.0,1.0,1.0,2.1391111975502777
5.0,5.0,1.0,2.0,1.0,2.0,2.357053042869905
5.0,5.0,1.0,2.0,2.0,2.0,2.4968912140858355
5.0,5.0,1.0,2.0,2.0,3.0,2.717760824811388
5.0,5.0,1.0,2.0,4.0,2.0,2.770711715254237
5.0,5.0,1.0,3.0,1.0,1.0,2.247969496429205
5.0,5.0,1.0,3.0,1.0,3.0,2.668449923344281
5.0,5.0,1.0,3.0,3.0,1.0,2.511306731715095
5.0,5.0,1.0,3.0,3.0,3.0,2.9703586649826197
5.0,5.0,1.0,3.0,4.0,1.0,2.675659174002552
5.0,5.0,1.0,3.0,5.0,4.0,3.480718398542642
5.0,5.0,1.0,4.0,1.0,1.0,2.382293001777741
5.0,5.0,1.0,4.0,2.0,1.0,2.522338122622472
5.0,5.0,1.0,4.0,3.0,3.0,3.109186664748363
5.0,5.0,1.0,4.0,4.0,1.0,2.7879597454454603
5.0,5.0,1.0,4.0,4.0,2.0,3.017028344605386
5.0,5.0,1.0,4.0,4.0,3.0,3.246097124508328
5.0,5.0,1.0,4.0,4.0,4.0,3.466966615160362
5.0,5.0,1.0,5.0,1.0,1.0,2.5003873632086644
5.0,5.0,1.0,5.0,1.0,2.0,2.7294560223997366
5.0,5.0,1.0,5.0,1.0,3.0,2.942596983378842
5.0,5.0,1.0,5.0,1.0,5.0,3.3057377356457804
5.0,5.0,1.0,5.0,2.0,1.0,2.6270147712596894
5.0,5.0,1.0,5.0,2.0,3.0,3.0954348540028955
5.0,5.0,1.0,5.0,3.0,3.0,3.2223230956136932
5.0,5.0,1.0,5.0,3.0,4.0,3.453214912120926
5.0,5.0,1.0,5.0,3.0,5.0,3.6904824601761663
5.0,5.0,1.0,5.0,4.0,1.0,2.919317133028084
5.0,5.0,1.0,5.0,4.0,4.0,3.5983241993780926
5.0,5.0,1.0,5.0,4.0,5.0,3.7945969198339515
5.0,5.0,1.0,5.0,5.0,1.0,3.0644261398505814
5.0,5.0,1.0,5.0,5.0,4.0,3.718836177864462
5.0,5.0,1.0,5.0,5.0,5.0,3.928574753444202
5.0,5.0,2.0,1.0,1.0,1.0,2.266092912673518
5.0,5.0,2.0,1.0,2.0,1.0,2.4215833037105963
5.0,5.0,2.0,1.0,3.0,3.0,2.983966199402157
5.0,5.0,2.0,1.0,4.0,1.0,2.6954038122095043
5.0,5.0,2.0,1.0,5.0,2.0,3.0531835923219455
5.0,5.0,2.0,1.0,5.0,4.0,3.4867240862043416
5.0,5.0,2.0,2.0,1.0,1.0,2.396381970012674
5.0,5.0,2.0,2.0,1.0,2.0,2.610490420688751
5.0,5.0,2.0,2.0,1.0,3.0,2.849570881852834
5.0,5.0,2.0,2.0,1.0,5.0,3.2831110876718896
5.0,5.0,2.0,2.0,2.0,1.0,2.5365426365625923
5.0,5.0,2.0,2.0,2.0,2.0,2.7552327054264047
5.0,5.0,2.0,2.0,2.0,5.0,3.420021296140629
5.0,5.0,2.0,2.0,3.0,1.0,2.684240422414963
5.0,5.0,2.0,2.0,3.0,2.0,2.888856299183268
5.0,5.0,2.0,2.0,3.0,3.0,3.114255274594142
5.0,5.0,2.0,2.0,4.0,2.0,3.030728389430375
5.0,5.0,2.0,2.0,4.0,3.0,3.2603016023755464
5.0,5.0,2.0,2.0,4.0,4.0,3.4729723211099213
5.0,5.0,2.0,2.0,5.0,2.0,3.173496564434985
5.0,5.0,2.0,2.0,5.0,3.0,3.3858490493063758
5.0,5.0,2.0,2.0,5.0,4.0,3.6262806258394384
5.0,5.0,2.0,3.0,1.0,3.0,2.9727290747898256
5.0,5.0,2.0,3.0,2.0,1.0,2.6706002900873687
5.0,5.0,2.0,3.0,2.0,2.0,2.87543443286151
5.0,5.0,2.0,3.0,2.0,3.0,3.107869960023593
5.0,5.0,2.0,3.0,3.0,2.0,3.0090580281960277
5.0,5.0,2.0,3.0,3.0,3.0,3.2409190507106844
5.0,5.0,2.0,3.0,3.0,4.0,3.4674192000709323
5.0,5.0,2.0,3.0,4.0,1.0,2.9335214244444985
5.0,5.0,2.0,3.0,4.0,2.0,3.15189975281984
5.0,5.0,2.0,3.0,4.0,3.0,3.3722089026466224
5.0,5.0,2.0,3.0,4.0,4.0,3.591282571547987
5.0,5.0,2.0,3.0,5.0,2.0,3.2979274765957083
5.0,5.0,2.0,3.0,5.0,5.0,3.970549958220312
5.0,5.0,2.0,4.0,1.0,1.0,2.6459491078018966
5.0,5.0,2.0,4.0,1.0,3.0,3.086273156957924
5.0,5.0,2.0,4.0,1.0,4.0,3.322313305680775
5.0,5.0,2.0,4.0,2.0,1.0,2.7910582879333963
5.0,5.0,2.0,4.0,2.0,2.0,3.019801652106936
5.0,5.0,2.0,4.0,2.0,3.0,3.2290413244110194
5.0,5.0,2.0,4.0,2.0,4.0,3.4581101607954072
5.0,5.0,2.0,4.0,3.0,2.0,3.147627536935835
5.0,5.0,2.0,4.0,3.0,3.0,3.347270875351999
5.0,5.0,2.0,4.0,3.0,4.0,3.5810492954251654
5.0,5.0,2.0,4.0,4.0,1.0,3.064878879227345
5.0,5.0,2.0,4.0,4.0,2.0,3.2857483835440835
5.0,5.0,2.0,4.0,4.0,3.0,3.498468479617581
5.0,5.0,2.0,4.0,4.0,4.0,3.730342642237962
5.0,5.0,2.0,4.0,4.0,5.0,3.9572574892540167
5.0,5.0,2.0,4.0,5.0,2.0,3.4354858977027316
5.0,5.0,2.0,4.0,5.0,3.0,3.64927926760707
5.0,5.0,2.0,4.0,5.0,4.0,3.8736329757451595
5.0,5.0,2.0,4.0,5.0,5.0,4.1072275179205375
5.0,5.0,2.0,5.0,1.0,1.0,2.7691074379311544
5.0,5.0,2.0,5.0,1.0,2.0,2.9982048263096925
5.0,5.0,2.0,5.0,1.0,3.0,3.2074445033551546
5.0,5.0,2.0,5.0,1.0,5.0,3.598112562735592
5.0,5.0,2.0,5.0,2.0,1.0,2.923046127571403
5.0,5.0,2.0,5.0,2.0,2.0,3.1149178831339315
5.0,5.0,2.0,5.0,2.0,3.0,3.334060382128487
5.0,5.0,2.0,5.0,2.0,4.0,3.5802669724881078
5.0,5.0,2.0,5.0,2.0,5.0,3.7976955473827174
5.0,5.0,2.0,5.0,3.0,1.0,3.0425784423267417
5.0,5.0,2.0,5.0,3.0,2.0,3.2616520276541268
5.0,5.0,2.0,5.0,3.0,3.0,3.488857843309282
5.0,5.0,2.0,5.0,3.0,4.0,3.707931504863918
5.0,5.0,2.0,5.0,3.0,5.0,3.934605789138267
5.0,5.0,2.0,5.0,4.0,1.0,3.179838251234419
5.0,5.0,2.0,5.0,4.0,2.0,3.405581237218215
5.0,5.0,2.0,5.0,4.0,3.0,3.6080605434238953
5.0,5.0,2.0,5.0,4.0,4.0,3.8420185360843573
5.0,5.0,2.0,5.0,4.0,5.0,4.086495652216428
5.0,5.0,2.0,5.0,5.0,2.0,3.5370107331923655
5.0,5.0,2.0,5.0,5.0,3.0,3.7364927978974736
5.0,5.0,2.0,5.0,5.0,4.0,3.9731375173280266
5.0,5.0,2.0,5.0,5.0,5.0,4.227090106531586
5.0,5.0,3.0,1.0,1.0,1.0,2.528330731744011
5.0,5.0,3.0,1.0,1.0,3.0,2.986933555502507
5.0,5.0,3.0,1.0,2.0,1.0,2.665706520908755
5.0,5.0,3.0,1.0,2.0,2.0,2.89477530154989
5.0,5.0,3.0,1.0,2.0,3.0,3.123843905251933
5.0,5.0,3.0,1.0,3.0,1.0,2.8190147836631927
5.0,5.0,3.0,1.0,3.0,3.0,3.246491521320974
5.0,5.0,3.0,1.0,4.0,3.0,3.397664379288745
5.0,5.0,3.0,1.0,5.0,2.0,3.3137048137035805
5.0,5.0,3.0,1.0,5.0,3.0,3.530227209893878
5.0,5.0,3.0,2.0,1.0,1.0,2.6601536353140935
5.0,5.0,3.0,2.0,1.0,2.0,2.8838784105763438
5.0,5.0,3.0,2.0,1.0,3.0,3.110092023856641
5.0,5.0,3.0,2.0,2.0,1.0,2.797063844209257
5.0,5.0,3.0,2.0,2.0,2.0,3.0255042591736747
5.0,5.0,3.0,2.0,2.0,3.0,3.223280365699943
5.0,5.0,3.0,2.0,3.0,2.0,3.1591278494940163
5.0,5.0,3.0,2.0,3.0,3.0,3.352583972785971
5.0,5.0,3.0,2.0,3.0,4.0,3.599863785676046
5.0,5.0,3.0,2.0,3.0,5.0,3.8420497544006857
5.0,5.0,3.0,2.0,4.0,1.0,3.0784399217440783
5.0,5.0,3.0,2.0,4.0,2.0,3.2893811165038236
5.0,5.0,3.0,2.0,4.0,3.0,3.5247193857458714
5.0,5.0,3.0,2.0,4.0,4.0,3.7416924190594822
5.0,5.0,3.0,2.0,5.0,2.0,3.4532611281253396
5.0,5.0,3.0,2.0,5.0,3.0,3.6605162749858726
5.0,5.0,3.0,2.0,5.0,4.0,3.8786026974970436
5.0,5.0,3.0,2.0,5.0,5.0,4.105086712517362
5.0,5.0,3.0,3.0,1.0,1.0,2.7833120005480283
5.0,5.0,3.0,3.0,1.0,2.0,3.0040151631082783
5.0,5.0,3.0,3.0,1.0,3.0,3.229486670412578
5.0,5.0,3.0,3.0,1.0,4.0,3.4623189331036057
5.0,5.0,3.0,3.0,2.0,1.0,2.9134417203578717
5.0,5.0,3.0,3.0,2.0,2.0,3.1355338779192112
5.0,5.0,3.0,3.0,2.0,3.0,3.375263041677765
5.0,5.0,3.0,3.0,2.0,4.0,3.594355934622651
5.0,5.0,3.0,3.0,3.0,1.0,3.064799791725226
5.0,5.0,3.0,3.0,3.0,2.0,3.2805946614088137
5.0,5.0,3.0,3.0,3.0,3.0,3.5116307089181333
5.0,5.0,3.0,3.0,3.0,4.0,3.744843335111747
5.0,5.0,3.0,3.0,3.0,5.0,3.973836218910571
5.0,5.0,3.0,3.0,4.0,2.0,3.4176132830433317
5.0,5.0,3.0,3.0,4.0,3.0,3.618057191748303
5.0,5.0,3.0,3.0,4.0,4.0,3.8685083378675555
5.0,5.0,3.0,3.0,4.0,5.0,4.093155566391003
5.0,5.0,3.0,3.0,5.0,1.0,3.322753971111851
5.0,5.0,3.0,3.0,5.0,2.0,3.5705834878296736
5.0,5.0,3.0,3.0,5.0,3.0,3.753773843212614
5.0,5.0,3.0,3.0,5.0,4.0,4.0089977368961796
5.0,5.0,3.0,3.0,5.0,5.0,4.243833515750534
5.0,5.0,3.0,4.0,1.0,1.0,2.9064703847533684
5.0,5.0,3.0,4.0,1.0,2.0,3.1414183305583823
5.0,5.0,3.0,4.0,1.0,3.0,3.3398494894760384
5.0,5.0,3.0,4.0,1.0,4.0,3.567964479342545
5.0,5.0,3.0,4.0,2.0,2.0,3.2680530280418307
5.0,5.0,3.0,4.0,2.0,3.0,3.4823218915743492
5.0,5.0,3.0,4.0,2.0,4.0,3.7141924962565613
5.0,5.0,3.0,4.0,2.0,5.0,3.9432571487473265
5.0,5.0,3.0,4.0,3.0,2.0,3.4027545028201134
5.0,5.0,3.0,4.0,3.0,3.0,3.637866647873282
5.0,5.0,3.0,4.0,3.0,4.0,3.8907743392251914
5.0,5.0,3.0,4.0,3.0,5.0,4.099077901081504
5.0,5.0,3.0,4.0,4.0,1.0,3.314621116680531
5.0,5.0,3.0,4.0,4.0,2.0,3.520983363457253
5.0,5.0,3.0,4.0,4.0,3.0,3.763671087814466
5.0,5.0,3.0,4.0,4.0,4.0,4.039561346179878
5.0,5.0,3.0,4.0,4.0,5.0,4.274094599978246
5.0,5.0,3.0,4.0,5.0,2.0,3.682404294209416
5.0,5.0,3.0,4.0,5.0,3.0,3.918705157053403
5.0,5.0,3.0,4.0,5.0,4.0,4.174687050547972
5.0,5.0,3.0,4.0,5.0,5.0,4.402181047980394
5.0,5.0,3.0,5.0,1.0,1.0,3.029628698221772
5.0,5.0,3.0,5.0,1.0,2.0,3.2545229432513376
5.0,5.0,3.0,5.0,1.0,3.0,3.4690429039219017
5.0,5.0,3.0,5.0,1.0,4.0,3.685678584930099
5.0,5.0,3.0,5.0,1.0,5.0,3.9045337620548017
5.0,5.0,3.0,5.0,2.0,2.0,3.39892135535418
5.0,5.0,3.0,5.0,2.0,3.0,3.619188999891722
5.0,5.0,3.0,5.0,2.0,4.0,3.809604576932722
5.0,5.0,3.0,5.0,2.0,5.0,4.014682073074546
5.0,5.0,3.0,5.0,3.0,2.0,3.544451468804627
5.0,5.0,3.0,5.0,3.0,3.0,3.7478662151068365
5.0,5.0,3.0,5.0,3.0,4.0,4.042717097708645
5.0,5.0,3.0,5.0,3.0,5.0,4.268575788534305
5.0,5.0,3.0,5.0,4.0,2.0,3.6719857010247074
5.0,5.0,3.0,5.0,4.0,3.0,3.9182638762212836
5.0,5.0,3.0,5.0,4.0,4.0,4.253956172753692
5.0,5.0,3.0,5.0,4.0,5.0,4.562164292866433
5.0,5.0,3.0,5.0,5.0,1.0,3.555408421058618
5.0,5.0,3.0,5.0,5.0,2.0,3.818989152974608
5.0,5.0,3.0,5.0,5.0,3.0,4.035283723990651
5.0,5.0,3.0,5.0,5.0,4.0,4.369104143639256
5.0,5.0,3.0,5.0,5.0,5.0,4.766296361902142
5.0,5.0,4.0,1.0,3.0,2.0,3.2922067462318805
5.0,5.0,4.0,1.0,4.0,2.0,3.437315922913807
5.0,5.0,4.0,1.0,4.0,4.0,3.879055244662593
5.0,5.0,4.0,2.0,1.0,2.0,3.1497434483655953
5.0,5.0,4.0,2.0,1.0,5.0,3.820551504607299
5.0,5.0,4.0,2.0,2.0,2.0,3.2843223143542954
5.0,5.0,4.0,2.0,2.0,5.0,3.957461821512077
5.0,5.0,4.0,2.0,3.0,1.0,3.2026942159648932
5.0,5.0,4.0,2.0,3.0,2.0,3.423563948602386
5.0,5.0,4.0,2.0,3.0,3.0,3.6501699030250774
5.0,5.0,4.0,2.0,3.0,4.0,3.873502274515159
5.0,5.0,4.0,2.0,3.0,5.0,4.102571010344108
5.0,5.0,4.0,2.0,4.0,2.0,3.5559160853757823
5.0,5.0,4.0,2.0,4.0,3.0,3.7644707630251864
5.0,5.0,4.0,2.0,4.0,4.0,4.010162670188741
5.0,5.0,4.0,2.0,5.0,2.0,3.6973845347481817
5.0,5.0,4.0,2.0,5.0,3.0,3.9195728834300887
5.0,5.0,4.0,2.0,5.0,4.0,4.147322833619039
5.0,5.0,4.0,2.0,5.0,5.0,4.362252558757505
5.0,5.0,4.0,3.0,1.0,2.0,3.2729018560588776
5.0,5.0,4.0,3.0,1.0,3.0,3.4858048506537886
5.0,5.0,4.0,3.0,1.0,4.0,3.725094030354235
5.0,5.0,4.0,3.0,2.0,2.0,3.407975330180777
5.0,5.0,4.0,3.0,2.0,3.0,3.613720224716645
5.0,5.0,4.0,3.0,2.0,4.0,3.8527585434225533
5.0,5.0,4.0,3.0,2.0,5.0,4.0806201276016845
5.0,5.0,4.0,3.0,3.0,2.0,3.54596803593474
5.0,5.0,4.0,3.0,3.0,3.0,3.7871466044311073
5.0,5.0,4.0,3.0,3.0,4.0,3.990221097448868
5.0,5.0,4.0,3.0,3.0,5.0,4.222960255202031
5.0,5.0,4.0,3.0,4.0,2.0,3.6887362868855704
5.0,5.0,4.0,3.0,4.0,3.0,3.903381517244438
5.0,5.0,4.0,3.0,4.0,4.0,4.137025238849957
5.0,5.0,4.0,3.0,4.0,5.0,4.359063153955573
5.0,5.0,4.0,3.0,5.0,3.0,4.000331860802681
5.0,5.0,4.0,3.0,5.0,4.0,4.234253941005183
5.0,5.0,4.0,3.0,5.0,5.0,4.480652243786188
5.0,5.0,4.0,4.0,1.0,2.0,3.3960601495728886
5.0,5.0,4.0,4.0,1.0,3.0,3.616262172056841
5.0,5.0,4.0,4.0,1.0,4.0,3.8107661325960245
5.0,5.0,4.0,4.0,1.0,5.0,4.050059782498689
5.0,5.0,4.0,4.0,2.0,3.0,3.77075505706853
5.0,5.0,4.0,4.0,2.0,4.0,3.9701756414915
5.0,5.0,4.0,4.0,2.0,5.0,4.214890950389164
5.0,5.0,4.0,4.0,3.0,1.0,3.449010747196139
5.0,5.0,4.0,4.0,3.0,2.0,3.6825052988767104
5.0,5.0,4.0,4.0,3.0,3.0,3.9059993112361133
5.0,5.0,4.0,4.0,3.0,4.0,4.200879036667392
5.0,5.0,4.0,4.0,3.0,5.0,4.393692829903959
5.0,5.0,4.0,4.0,4.0,1.0,3.5941201911601244
5.0,5.0,4.0,4.0,4.0,2.0,3.8002196900372884
5.0,5.0,4.0,4.0,4.0,3.0,4.0641046392251186
5.0,5.0,4.0,4.0,4.0,4.0,4.409720887314402
5.0,5.0,4.0,4.0,4.0,5.0,4.682555922365533
5.0,5.0,4.0,4.0,5.0,1.0,3.7146325636931965
5.0,5.0,4.0,4.0,5.0,2.0,3.952291103176739
5.0,5.0,4.0,4.0,5.0,3.0,4.140074921534451
5.0,5.0,4.0,4.0,5.0,4.0,4.452478964328506
5.0,5.0,4.0,4.0,5.0,5.0,4.769002983438873
5.0,5.0,4.0,5.0,1.0,1.0,3.2796575902021368
5.0,5.0,4.0,5.0,1.0,2.0,3.5192185193268917
5.0,5.0,4.0,5.0,1.0,3.0,3.74834088212033
5.0,5.0,4.0,5.0,1.0,4.0,3.9094985781401808
5.0,5.0,4.0,5.0,1.0,5.0,4.1619112009902866
5.0,5.0,4.0,5.0,2.0,2.0,3.6589249179567105
5.0,5.0,4.0,5.0,2.0,3.0,3.8938954315783993
5.0,5.0,4.0,5.0,2.0,4.0,4.0892330380436395
5.0,5.0,4.0,5.0,2.0,5.0,4.306153312969967
5.0,5.0,4.0,5.0,3.0,2.0,3.796377556654392
5.0,5.0,4.0,5.0,3.0,3.0,4.05298827918987
5.0,5.0,4.0,5.0,3.0,4.0,4.3129015466108385
5.0,5.0,4.0,5.0,3.0,5.0,4.567354614618841
5.0,5.0,4.0,5.0,4.0,2.0,3.931079021445601
5.0,5.0,4.0,5.0,4.0,3.0,4.150195061029528
5.0,5.0,4.0,5.0,4.0,4.0,4.556214544017192
5.0,5.0,4.0,5.0,4.0,5.0,4.830340483513872
5.0,5.0,4.0,5.0,5.0,1.0,3.8295920264547187
5.0,5.0,4.0,5.0,5.0,2.0,4.0657805668679465
5.0,5.0,4.0,5.0,5.0,3.0,4.25658471871695
5.0,5.0,4.0,5.0,5.0,4.0,4.669825613536677
5.0,5.0,4.0,5.0,5.0,5.0,4.900903791798451
5.0,5.0,5.0,1.0,1.0,2.0,3.270708300041277
5.0,5.0,5.0,1.0,2.0,1.0,3.2195447448315337
5.0,5.0,5.0,1.0,3.0,3.0,3.7817964767937746
5.0,5.0,5.0,1.0,4.0,3.0,3.92690583723412
5.0,5.0,5.0,1.0,4.0,5.0,4.376843986390194
5.0,5.0,5.0,1.0,5.0,1.0,3.5926203710883216
5.0,5.0,5.0,1.0,5.0,4.0,4.268287626261224
5.0,5.0,5.0,1.0,5.0,5.0,4.4784494614165755
5.0,5.0,5.0,2.0,1.0,5.0,4.072281163521961
5.0,5.0,5.0,2.0,2.0,1.0,3.3263051988957355
5.0,5.0,5.0,2.0,2.0,2.0,3.534592592379025
5.0,5.0,5.0,2.0,2.0,3.0,3.7680446560435836
5.0,5.0,5.0,2.0,2.0,5.0,4.217983035529663
5.0,5.0,5.0,2.0,3.0,3.0,3.889463043202413
5.0,5.0,5.0,2.0,3.0,4.0,4.134023480071621
5.0,5.0,5.0,2.0,3.0,5.0,4.346694373884283
5.0,5.0,5.0,2.0,4.0,1.0,3.5837277747056135
5.0,5.0,5.0,2.0,4.0,2.0,3.820995380583486
5.0,5.0,5.0,2.0,4.0,3.0,4.041524564862509
5.0,5.0,5.0,2.0,4.0,4.0,4.264429752849577
5.0,5.0,5.0,2.0,4.0,5.0,4.491935953100338
5.0,5.0,5.0,2.0,5.0,3.0,4.148106373911904
5.0,5.0,5.0,2.0,5.0,4.0,4.4078440190633605
5.0,5.0,5.0,2.0,5.0,5.0,4.618960806614808
5.0,5.0,5.0,3.0,1.0,2.0,3.5334229889226347
5.0,5.0,5.0,3.0,1.0,3.0,3.7400260872683737
5.0,5.0,5.0,3.0,1.0,5.0,4.2025701567792
5.0,5.0,5.0,3.0,2.0,2.0,3.6595180144462134
5.0,5.0,5.0,3.0,2.0,3.0,3.908352203570314
5.0,5.0,5.0,3.0,2.0,4.0,4.134464622393998
5.0,5.0,5.0,3.0,2.0,5.0,4.340954080113224
5.0,5.0,5.0,3.0,3.0,2.0,3.8184197250386376
5.0,5.0,5.0,3.0,3.0,3.0,4.049208857592239
5.0,5.0,5.0,3.0,3.0,4.0,4.27809443832297
5.0,5.0,5.0,3.0,3.0,5.0,4.494626371270672
5.0,5.0,5.0,3.0,4.0,1.0,3.715085005212567
5.0,5.0,5.0,3.0,4.0,3.0,4.108253832521594
5.0,5.0,5.0,3.0,4.0,4.0,4.384626188092147
5.0,5.0,5.0,3.0,4.0,5.0,4.591720467648923
5.0,5.0,5.0,3.0,5.0,2.0,4.089262848241579
5.0,5.0,5.0,3.0,5.0,3.0,4.299577079610576
5.0,5.0,5.0,3.0,5.0,4.0,4.538533271473403
5.0,5.0,5.0,3.0,5.0,5.0,4.676604721291272
5.0,5.0,5.0,4.0,1.0,2.0,3.6483824827985556
5.0,5.0,5.0,4.0,1.0,3.0,3.8713611165308586
5.0,5.0,5.0,4.0,1.0,4.0,4.0865722976109495
5.0,5.0,5.0,4.0,2.0,2.0,3.8016906231384464
5.0,5.0,5.0,4.0,2.0,3.0,3.998011744331315
5.0,5.0,5.0,4.0,2.0,4.0,4.206694065443373
5.0,5.0,5.0,4.0,2.0,5.0,4.481603369705064
5.0,5.0,5.0,4.0,3.0,2.0,3.939099907773533
5.0,5.0,5.0,4.0,3.0,3.0,4.193753742141515
5.0,5.0,5.0,4.0,3.0,4.0,4.4211803442630915
5.0,5.0,5.0,4.0,3.0,5.0,4.618644360053084
5.0,5.0,5.0,4.0,4.0,2.0,4.074292615653149
5.0,5.0,5.0,4.0,4.0,3.0,4.291102563743582
5.0,5.0,5.0,4.0,4.0,4.0,4.575680771875518
5.0,5.0,5.0,4.0,4.0,5.0,4.800854433844303
5.0,5.0,5.0,4.0,5.0,3.0,4.372309496712239
5.0,5.0,5.0,4.0,5.0,4.0,4.645768075457163
5.0,5.0,5.0,4.0,5.0,5.0,4.863609467134088
5.0,5.0,5.0,5.0,1.0,1.0,3.5252447089520396
5.0,5.0,5.0,5.0,1.0,2.0,3.7832927843064246
5.0,5.0,5.0,5.0,1.0,3.0,3.985182076545349
5.0,5.0,5.0,5.0,1.0,4.0,4.244261598253049
5.0,5.0,5.0,5.0,1.0,5.0,4.344692287163279
5.0,5.0,5.0,5.0,2.0,2.0,3.9026459190396956
5.0,5.0,5.0,5.0,2.0,3.0,4.1151553959409055
5.0,5.0,5.0,5.0,2.0,4.0,4.3434015905647785
5.0,5.0,5.0,5.0,2.0,5.0,4.560415278099265
5.0,5.0,5.0,5.0,3.0,2.0,4.060762500962359
5.0,5.0,5.0,5.0,3.0,3.0,4.319487361947785
5.0,5.0,5.0,5.0,3.0,4.0,4.574252890558204
5.0,5.0,5.0,5.0,3.0,5.0,4.776444395497789
5.0,5.0,5.0,5.0,4.0,2.0,4.20686831432764
5.0,5.0,5.0,5.0,4.0,3.0,4.41542648931348
5.0,5.0,5.0,5.0,4.0,4.0,4.723864069106929
5.0,5.0,5.0,5.0,4.0,5.0,4.911989609018915
5.0,5.0,5.0,5.0,5.0,1.0,4.1128590487895735
5.0,5.0,5.0,5.0,5.0,2.0,4.269403362551511
5.0,5.0,5.0,5.0,5.0,3.0,4.532027654095369
5.0,5.0,5.0,5.0,5.0,4.0,4.782504976464289
5.0,5.0,5.0,5.0,5.0,5.0,4.974923351637356
