overall,PaperId
8,1032
3,1064
8,1048
5,1011
5,1032
3,1027
5,1012
5,1048
5,1012
5,1011
3,1027
3,1027
3,1046
5,1010
6,1037
3,1010
6,1064
5,1032
3,1027
8,1025
5,1037
6,1064
6,1037
1,1021
6,1064
6,1021
8,1048
5,1037
5,1046
3,1010
5,1025
5,1048
8,1025
8,1011
6,1032
5,1012
5,1064
6,1025
5,1010
6,1012
5,1021
3,1021
8,1051
6,1051
6,1069
6,1055
6,1005
6,1005
8,1036
5,1059
5,1051
5,1000
3,1000
6,1005
6,1000
6,1051
5,1071
6,1005
6,1016
5,1036
6,1005
8,1055
5,1071
3,1071
3,1000
8,1055
5,1016
5,1046
5,1033
5,1059
8,1055
5,1046
1,1036
5,1069
5,1016
3,1036
5,1059
3,1069
6,1016
6,1059
3,1071
6,1055
5,1069
5,1140
8,1163
6,116
6,110
3,1167
6,1158
6,1140
6,1156
8,1156
5,1140
6,116
6,1156
5,1140
5,1160
8,1163
3,1177
3,1160
5,110
8,116
6,110
5,1158
3,1167
6,1156
3,1160
6,1163
6,1177
6,110
6,1163
5,1177
8,116
5,1167
5,1158
3,1177
3,1167
8,1178
8,116
3,1141
6,1182
6,1147
6,1178
8,1028
6,1178
8,1182
3,1112
3,1180
6,1092
5,1130
6,1178
6,1028
5,1130
6,1028
8,1028
3,1141
6,1092
3,1180
6,1147
5,1182
3,1182
5,1112
3,1130
5,1130
3,1141
6,1092
6,1147
6,1147
5,1112
3,1141
3,1112
5,1180
6,1092
3,1141
6,1135
3,1173
3,117
6,1186
6,1135
3,1135
3,117
6,1173
6,1179
5,1191
8,1154
5,1164
3,1173
6,117
5,1125
3,1187
3,1150
5,1164
6,1164
6,1186
5,1187
6,1186
5,1187
6,1154
6,1191
5,1150
8,1150
6,1125
5,117
5,1191
8,1154
6,1154
6,1125
6,1186
1,1164
3,1191
5,1150
6,1179
5,1199
6,1198
8,1175
3,1210
1,1205
5,1181
6,1157
3,1200
8,1175
8,1192
5,1210
6,1179
3,118
3,1200
5,1199
5,1192
6,1175
5,1179
3,1210
3,118
6,118
3,118
6,1192
6,1198
6,1157
8,1198
5,1205
6,1199
3,1210
3,1205
5,1157
5,1181
8,1175
8,1181
8,1181
5,1199
5,1192
3,1210
8,1157
10,1175
6,1198
6,1201
6,1197
6,1190
6,1144
5,1204
5,1201
3,1208
5,1212
6,1212
6,1212
5,1201
5,1190
6,1190
3,1200
6,1208
6,1129
1,1144
3,119
3,1200
5,1144
8,119
3,1201
5,1129
3,1208
10,1212
5,1201
6,1197
6,1195
3,1204
6,1190
3,1129
6,1195
6,1195
6,119
6,1144
6,1197
8,1195
6,1204
6,1204
5,1197
3,1217
3,1225
3,1224
5,1202
3,1224
5,1221
5,1202
6,1165
5,1216
3,1217
10,1127
6,1194
6,1202
8,1194
6,1165
5,1127
8,1185
8,1185
6,1185
1,1225
3,1216
5,1221
5,1127
6,1127
6,1194
6,1165
6,1216
3,1217
5,1202
6,1165
6,1221
3,1224
5,1224
3,1225
3,1217
5,1185
6,1216
3,1225
8,1221
5,1226
3,1241
6,1171
3,1239
8,1089
8,1171
5,1218
3,122
8,1203
1,123
3,1226
5,1232
3,123
5,1232
3,123
5,1218
5,1239
5,1226
5,1089
8,1203
3,1241
3,1239
5,122
8,1171
5,1194
6,1218
5,1218
5,1226
6,1232
3,121
5,122
3,1239
5,1089
8,1171
3,121
5,122
6,1203
6,121
5,1232
5,1089
5,1241
6,1248
5,120
3,1253
5,1253
5,120
3,115
5,1241
6,1133
5,115
3,1253
3,1248
3,120
3,115
6,1248
3,1133
5,1133
5,120
6,1133
6,1211
6,1230
3,1249
5,1211
3,1220
8,1243
5,1254
6,1249
5,1230
8,1223
5,1230
6,124
3,1268
6,1249
3,1256
6,1223
6,124
5,1243
3,1256
3,1267
3,1268
8,1243
8,1211
8,1258
8,124
3,1258
5,1220
5,1253
8,1220
3,1249
3,1268
3,1230
3,1256
5,1254
3,1258
5,1254
6,1223
5,1220
6,1254
8,1223
3,1268
3,1272
6,1240
6,125
5,1151
6,1260
6,1237
8,1260
3,1251
3,1272
6,1240
5,1237
5,1237
6,125
8,1265
3,1272
6,1151
6,1267
8,1237
6,1031
5,1240
5,1151
6,1237
6,125
3,1251
3,1251
6,1031
5,1265
8,1265
6,125
5,1260
6,1031
5,1240
6,1267
3,1251
3,1272
6,104
6,1070
3,1013
6,1020
6,1070
6,1033
8,1033
6,1020
5,1040
6,1040
8,1070
8,1026
6,1070
6,1026
8,1026
3,1013
5,1044
5,101
5,1038
6,1013
3,101
3,1040
5,101
8,101
6,1040
6,1020
6,1033
5,1038
3,1044
3,1038
6,1020
6,1040
5,1038
3,1044
5,1013
8,1070
8,1148
6,1264
5,1288
6,1252
5,1278
3,1148
5,1289
8,1227
5,1252
3,1262
5,1227
3,1288
3,1227
8,1278
6,1280
8,1252
6,1228
5,1288
6,1228
3,1289
6,1148
6,1278
6,1228
5,1289
5,1252
6,1262
6,1148
8,1228
6,1252
8,1280
6,1278
6,1280
5,1252
1,1289
6,1278
6,1264
8,1265
6,1288
3,1262
5,1227
6,1291
5,1257
6,1284
5,126
6,1279
6,1263
5,1250
5,1257
5,126
6,1284
6,1257
3,1279
6,1299
5,1303
5,1263
3,1279
6,1299
8,1291
3,1257
8,1266
3,1303
3,1303
6,1291
5,1266
8,1284
8,1264
6,1299
6,126
1,1270
6,1284
3,1279
6,1264
5,1299
5,1266
5,1263
3,1270
6,1291
6,1270
3,1270
3,1306
3,1229
5,1250
3,1316
5,1250
6,1271
8,1295
6,1306
1,1316
8,1306
8,1250
8,1304
8,1159
8,11
5,11
5,1295
5,1295
8,1271
6,1271
6,1250
3,1159
6,1295
5,1274
8,1274
8,1304
3,1316
5,1274
3,1316
3,1297
8,1159
3,1297
8,11
6,11
6,1297
5,1271
5,1229
6,1304
5,1304
6,1306
3,1297
5,131
8,1285
3,1310
6,1285
6,12
6,1310
5,12
5,1229
8,1302
6,1298
6,1298
3,1290
6,1310
6,131
5,1302
6,1290
3,1319
5,1319
5,131
5,1290
8,1302
5,1229
5,12
3,1053
6,1298
8,1285
6,1053
6,131
3,1255
3,1319
6,1298
5,1255
5,1255
6,1302
8,1302
6,1053
6,12
3,1255
8,1277
3,1307
8,1120
6,1292
6,1317
6,1277
8,1312
6,1321
3,1327
6,1317
8,1312
8,1120
3,1327
3,1120
8,1317
3,1292
6,1312
6,1308
3,1327
3,1277
6,1277
5,1292
6,1120
3,1307
3,1322
5,1307
6,1308
6,1317
8,1322
6,1308
3,1321
5,1292
6,1308
8,1322
3,1321
5,1322
5,1321
6,1317
5,1335
6,1283
3,1327
3,128
5,1348
6,1311
6,1348
3,1335
5,1324
6,128
6,1283
5,1341
5,1332
8,1311
5,1332
5,128
5,1332
3,1335
6,128
6,1324
3,1283
3,1341
6,1332
8,1283
6,1348
5,1335
3,1324
5,1324
6,1311
5,1318
8,1311
8,1340
6,1350
6,1345
6,1363
5,1348
3,1345
6,1309
1,136
6,1346
8,1346
6,1350
5,1363
3,1345
5,1309
6,1346
5,1338
3,1318
5,1350
6,1346
6,1346
3,1363
3,1363
5,1346
5,1338
5,1340
3,1340
6,1318
8,1348
3,1345
3,1318
3,136
1,136
3,135
6,1309
6,1338
6,1369
5,1236
6,1357
5,1369
5,1357
5,1236
3,1236
3,1356
3,1356
6,1320
5,1356
6,133
5,1369
3,135
5,134
5,1320
5,1356
8,1320
5,1236
8,1293
5,134
5,133
5,134
5,1293
5,134
8,1293
6,133
3,135
6,133
5,133
6,1357
3,135
6,135
5,1320
3,1369
3,1236
8,1325
8,1377
6,1367
6,1325
8,1372
6,1325
6,1364
6,1367
6,1377
6,1084
6,1372
8,1377
5,1384
6,1367
6,1339
8,1339
8,1372
6,1084
8,1084
3,1384
5,1384
5,1367
8,1377
5,1367
5,1325
3,1384
6,1372
8,1339
3,1364
6,1084
5,1062
6,1076
3,1062
5,104
6,1019
6,1076
6,104
5,1062
6,1029
3,1062
6,1019
3,1029
6,1076
6,1019
6,1019
3,105
3,105
6,1050
6,1050
5,1029
3,1045
6,1029
5,1045
6,105
5,1076
6,1050
5,1045
5,1045
5,1050
6,104
8,1076
3,1407
6,1300
5,1360
5,1407
6,1300
3,1407
6,1333
3,1400
1,1411
5,1300
5,1390
6,1395
10,1395
1,1411
8,1402
6,1376
5,1400
5,1360
3,139
6,1300
3,1390
6,1400
3,1360
6,1333
8,1402
3,1390
3,1390
3,1400
5,1333
5,1360
5,139
1,1407
5,139
8,1402
1,1411
1,1411
5,1333
3,1390
3,1376
6,1395
8,1395
5,1417
3,1381
6,1370
5,1405
3,1301
8,1412
6,1379
3,1376
5,1381
3,1381
6,1379
3,1374
3,1415
5,1391
3,1405
5,1301
5,1374
10,1391
8,1379
5,1301
8,1412
8,1391
5,1415
3,1374
6,1370
5,1412
5,1301
5,1415
5,1405
3,1417
5,1405
6,1370
5,1417
6,1412
8,1391
6,1370
6,1376
6,1412
6,1403
6,1431
8,1403
5,1282
1,1413
6,1282
5,1352
6,1403
3,1352
3,1352
6,1431
6,1282
3,1413
8,1416
6,1378
8,1386
3,1413
6,1416
3,1282
6,1386
5,1352
6,1386
5,1378
5,1378
6,1403
3,1413
10,1378
6,1386
6,1431
6,1416
3,1429
5,1443
5,1439
5,1439
5,1183
6,1424
5,1442
5,1420
8,1424
6,1424
3,1433
5,1442
3,1433
3,1420
6,1183
6,1183
6,1429
6,1433
8,1183
6,1437
5,1429
3,1443
5,1437
5,1442
3,1443
5,1437
6,1431
6,1437
3,1443
6,1183
5,1420
3,1439
5,1439
3,1433
8,1423
8,1423
5,1444
8,1397
5,1435
5,1444
5,1398
3,1441
3,1435
6,1441
6,1444
5,1423
5,1425
3,1435
10,1441
6,1444
6,1421
3,1435
5,1423
3,1447
6,1397
5,1435
6,1398
3,1425
6,1426
5,1441
6,1426
5,1447
3,1447
6,1397
6,1421
8,1421
3,1398
5,1447
6,1426
3,1450
6,1450
3,1468
8,1380
5,1476
5,1440
3,1440
6,1457
3,1468
3,1418
5,1451
6,1380
8,1449
5,1449
6,1380
3,1449
3,1468
3,1449
6,1399
5,1451
6,1425
8,1449
5,1450
3,1418
5,1418
5,1450
6,1380
5,1425
3,1476
3,1476
5,1451
5,1380
5,1440
3,1476
3,1440
5,1399
3,1468
5,1399
5,1418
5,1399
6,1457
8,1457
3,1452
3,1478
3,1470
8,1475
8,1475
5,1467
6,1396
3,1470
3,1487
8,1457
6,1409
6,1396
3,1409
3,1487
6,1409
5,1459
3,1475
6,1430
6,1396
6,1430
5,1487
6,1396
5,1487
5,1475
5,1430
8,1459
3,1452
8,1478
1,1452
6,1478
5,1467
5,1470
6,1409
3,1452
6,1459
6,1467
5,1459
5,1467
6,145
3,1469
8,145
5,148
6,1481
5,1484
3,1445
5,148
6,1419
6,1472
6,1419
6,1495
8,1469
6,1445
8,1472
6,1495
5,1495
8,1472
8,1419
6,1484
6,1445
3,1484
6,145
6,145
6,1445
5,1495
8,1481
5,1481
3,1469
3,148
5,148
5,1469
6,1419
5,1481
6,1472
3,1465
3,1455
5,1471
6,1477
6,1460
5,1494
3,1465
6,14
3,14
5,14
6,1518
8,1455
5,14
5,1471
5,1494
6,1281
6,1281
6,1471
3,1471
6,1518
5,1494
6,1518
6,1477
3,1465
6,147
5,147
3,1455
3,14
5,147
5,1455
5,1281
5,1465
5,1455
3,1455
6,1477
3,147
6,1460
6,1281
5,1455
6,1460
8,1482
6,1501
3,149
6,1461
6,1504
6,1518
3,1499
6,1464
6,1504
6,1446
5,1446
3,149
5,149
5,1482
3,1522
8,1461
3,1522
6,1482
3,1446
6,1504
5,1464
1,149
5,149
5,1499
8,1461
6,1446
6,1461
6,1504
5,1410
5,1410
5,1410
5,1461
1,1522
3,1464
6,1499
3,1482
6,1499
5,1410
5,109
3,109
8,100
5,1086
6,1023
3,1080
5,1067
5,100
3,109
5,1090
8,1105
6,100
5,1023
3,1090
3,1023
5,1043
3,1024
3,1067
5,1080
6,1043
5,1067
8,100
3,109
3,1080
6,1105
5,1086
3,1024
3,1090
5,1024
3,1067
5,1024
3,1086
6,100
6,1023
6,1105
3,100
5,1086
3,1043
8,1105
6,1090
5,152
5,1501
3,152
3,1531
5,1531
6,1520
5,152
6,1531
5,1294
3,1520
5,152
5,1501
6,1530
8,1529
6,1530
5,1529
5,1529
8,1520
8,1512
5,1524
6,1512
5,1512
5,1501
5,1520
3,1531
6,1512
6,1294
6,1529
5,1524
5,1530
3,1524
6,1294
5,1532
5,1542
5,1542
3,1532
3,1530
6,1408
3,1532
8,1508
6,1507
5,1528
5,1517
3,1542
8,1508
6,1507
8,1507
6,1508
3,1519
8,1408
5,1528
8,1528
6,1517
5,1408
3,1532
3,1519
6,1528
8,1517
8,1408
5,1519
3,1519
6,1517
8,1508
3,1542
6,1507
5,1526
6,151
5,150
1,154
6,1526
3,1537
3,1541
3,1541
3,1548
5,1537
6,151
5,1548
5,1549
5,1548
6,1549
6,1515
8,151
5,1549
3,154
5,1548
6,1537
3,150
3,1515
5,1488
3,154
8,1515
6,1394
6,151
6,150
3,1394
6,1394
6,1515
3,1541
1,1541
3,1526
3,1526
6,1394
3,1554
3,1554
6,155
5,1551
5,1488
5,1564
5,1539
3,1554
6,1533
8,1488
6,1560
8,1539
3,1533
6,1533
6,1563
3,1560
3,155
6,1559
6,1533
6,1561
6,1503
6,1561
5,1561
6,1503
8,1539
5,1503
8,1551
5,1563
3,1559
3,1554
1,155
8,1503
5,1560
3,1563
3,1559
3,1551
5,1561
8,155
8,1551
6,1539
6,1560
3,1583
3,1550
6,1546
8,1550
5,1546
5,1583
3,1546
6,1490
5,1564
6,1543
8,1490
8,1543
6,1568
5,1570
6,1490
5,1564
5,153
5,1546
6,1490
6,1550
3,1583
6,1568
3,1564
5,1546
5,153
5,1570
5,1568
5,1550
6,153
8,153
5,1543
6,1568
3,1589
8,1570
6,1582
5,1582
6,1570
6,1535
5,1574
6,1589
3,1572
5,1572
5,1535
6,1562
6,1562
5,1574
8,1562
5,157
5,157
5,1562
5,157
8,1570
3,1589
6,157
6,1582
6,1589
3,1572
5,1582
5,1574
6,1572
8,1535
5,1535
6,1574
3,1572
3,1572
5,1574
3,1577
6,1577
8,1547
5,1575
6,1586
6,1569
6,1480
5,1595
6,1577
6,1595
3,1480
6,1577
3,160
5,1595
8,1591
5,1609
8,1591
3,1609
5,1595
3,1609
6,1591
6,1547
5,1547
8,1569
6,1569
3,1575
6,1586
6,1586
6,1569
8,1480
5,1575
5,1591
3,1575
3,160
6,1577
8,1480
5,160
5,160
6,1547
5,1586
8,1597
8,159
6,159
6,1573
5,1580
6,1607
8,1566
5,1493
5,1603
3,1603
5,1607
6,1502
5,1603
8,1566
6,1566
6,1597
8,159
5,1600
6,1573
5,1600
6,1493
5,1600
6,1597
5,1607
8,1493
6,1566
5,1573
6,1502
6,159
3,1580
5,1502
6,1600
6,1573
3,1607
5,1580
8,1619
5,1611
8,1602
5,1592
5,1617
6,1493
6,1585
8,1619
6,1617
6,1619
3,1613
3,1618
5,1611
3,1613
3,1618
8,1576
6,1581
6,1602
6,1581
5,1581
5,1616
5,1618
6,1602
8,1616
8,1611
6,1619
3,1581
6,1576
6,1585
3,1618
8,1585
8,1617
6,1585
5,1576
8,1619
3,1613
6,1585
8,1602
5,1616
3,1613
8,161
6,158
5,1637
5,1637
6,1620
3,1637
3,1615
3,1620
5,1642
5,1608
6,130
6,130
6,1615
5,158
5,1608
3,1637
3,1642
3,1614
5,1592
3,1608
6,1615
3,1620
6,1592
6,130
5,158
5,1592
8,161
3,1642
8,1614
3,161
6,1615
3,1620
6,1614
6,161
3,1608
5,158
3,1642
5,1017
5,1100
6,1008
3,1074
5,1017
3,1091
5,1065
5,1075
6,1034
5,1017
6,1065
5,1017
3,1061
6,1075
5,1108
8,1075
6,1034
3,1008
1,1108
6,1107
5,1061
5,1008
6,1065
6,1065
6,1008
5,1074
6,1034
6,1107
6,1074
5,1061
3,1100
5,1100
5,1091
3,1100
5,1108
3,1091
5,1107
6,1034
6,1075
6,1579
5,1649
5,1624
8,1579
6,1623
8,1623
5,1579
3,1594
3,1594
6,1652
6,1636
6,1647
3,1624
8,1623
3,1649
6,1652
1,1649
6,1636
6,1652
8,1623
5,1624
5,1639
8,1652
6,1636
6,1579
8,1639
8,1594
3,1649
5,1652
6,1623
6,1639
5,1647
3,1647
5,1624
5,1594
5,1671
6,1662
5,1646
6,1622
3,1673
6,1631
8,1634
8,1631
5,1622
3,1646
5,1662
5,1664
5,1664
5,1671
8,1634
3,1664
6,1626
1,1673
3,1646
5,1626
5,1631
5,1646
3,1673
3,1662
3,1662
5,1631
5,1626
3,1664
5,1647
8,1622
5,1626
6,1634
5,1647
8,1668
3,1681
5,1676
5,1668
3,1671
5,1676
6,1660
5,1628
5,1669
6,1676
6,1681
3,1669
6,1660
5,1492
3,1650
8,1668
3,1628
6,1492
6,1650
6,1492
8,1660
8,1681
6,1628
6,1681
8,165
6,1669
6,165
6,1628
8,1660
3,1669
5,165
6,1650
8,1627
6,1640
6,1640
6,1658
6,1658
5,1630
8,1658
3,1686
3,1665
8,1330
5,1680
5,1686
5,1679
6,1657
3,1657
6,166
6,1640
3,1686
5,1330
6,1627
6,1665
6,1627
6,1657
5,1679
5,1630
3,1330
6,1679
3,1665
5,1686
5,1679
5,1630
3,1680
8,1627
6,1630
6,1680
6,1665
5,1679
8,1680
5,168
1,1698
8,1693
6,1666
10,1693
5,1685
8,1693
3,1678
6,1698
6,167
3,1683
3,168
5,1678
8,1678
3,166
3,168
8,1683
6,1683
6,167
5,1678
5,167
1,1685
3,168
6,166
8,1666
6,166
3,1685
6,1693
8,1698
5,167
3,1698
3,1689
6,1702
3,1711
3,1700
8,1645
5,1715
3,1672
3,1696
3,1672
5,1702
5,1666
6,1674
3,1715
3,1696
5,1710
6,1711
5,1702
6,1674
3,1710
1,1696
5,1666
8,1674
5,1715
6,1674
6,1702
5,1689
3,1700
5,1711
6,1696
5,1672
5,1710
5,1711
5,1710
3,1672
3,1715
3,1689
3,1700
3,1711
8,1713
6,1705
5,1713
6,1713
1,1725
6,1718
5,1651
5,1718
1,1739
6,1707
5,1705
6,171
3,1738
3,1705
3,1738
6,1651
6,1707
3,1725
3,1738
6,1645
6,1651
6,1707
3,1720
3,1718
3,1738
1,1739
6,1705
8,1645
3,1713
6,1645
6,1651
5,1720
3,1739
1,171
5,1725
3,1718
6,1651
6,1707
3,1739
3,1739
3,171
3,1705
6,1701
5,1726
5,1701
3,1737
6,1712
6,1701
3,1737
6,1684
5,1726
6,1684
8,1712
3,1720
6,1703
5,1706
3,1703
6,1720
5,1727
6,1684
8,1706
5,1726
3,1737
8,1706
6,1727
3,1712
5,1727
8,1684
8,1733
8,1712
5,1733
5,1703
3,1695
6,1695
3,1727
8,1695
3,1706
5,1728
6,1667
5,1687
5,1736
6,1719
5,1714
6,1691
3,1757
8,170
8,170
3,1728
6,1719
5,1687
6,1687
6,1736
3,1714
3,1751
3,1714
6,173
6,1719
6,1667
6,1736
5,1733
6,170
5,1733
8,1736
3,1691
5,1691
6,1751
5,1728
5,1691
6,173
3,1751
5,1667
8,1719
3,173
6,1728
8,170
8,1742
3,1752
3,1598
5,1709
8,1709
6,175
6,1388
6,1709
6,1752
6,1752
3,1769
3,1769
8,1742
10,1387
3,1748
5,1742
6,1753
8,1750
5,1750
3,1748
3,1598
1,1769
3,1709
8,1387
5,175
6,1757
5,175
3,1750
6,1769
5,1387
6,1757
5,1387
3,1753
6,1752
6,1750
6,1598
3,1748
3,1753
6,1387
3,1598
8,1753
5,175
6,1096
8,1110
3,1113
5,1106
6,1110
5,1113
6,1106
6,1087
6,1096
5,1123
1,1079
5,1079
6,1093
8,1110
6,1093
6,1079
5,1123
6,1096
5,1091
3,1123
6,1096
6,1087
6,1093
6,1093
3,1123
3,1106
5,1110
6,1106
5,1087
5,1113
3,1113
8,1106
6,1087
8,1079
3,1123
5,1731
5,1741
5,1760
6,1731
3,1768
5,1741
5,1760
6,1741
6,1741
5,1756
5,1763
6,1756
3,1763
5,1761
5,1388
3,1763
3,1763
5,1768
3,1761
3,1768
6,1756
5,1767
6,1388
6,1761
3,1763
5,1760
6,1761
8,1731
6,1388
6,1731
6,1760
5,1763
8,1756
5,1746
3,1792
6,177
3,1790
5,1766
5,1792
3,1778
6,1765
8,1780
5,1790
8,1765
3,1790
8,177
8,1765
6,1764
3,1767
5,1764
6,1784
5,1784
6,1767
6,177
5,1790
6,1765
3,1764
6,1766
5,1778
3,177
5,1784
8,1780
5,1792
5,1784
5,1746
5,1767
5,1766
6,1780
5,1746
5,1778
5,1778
6,1746
8,1780
6,1776
3,17
3,1797
5,1802
3,1797
3,1785
3,180
5,17
6,1774
6,1776
3,17
3,1785
3,1779
8,1777
5,1785
6,1776
3,17
3,180
8,1777
6,1774
5,1802
6,1788
6,1788
8,1776
6,1779
5,1785
8,1777
5,1797
6,1788
6,1777
3,1797
3,180
8,1774
3,1802
3,180
8,1774
6,1779
3,1779
5,1789
6,1782
6,1800
3,1815
8,1782
8,1782
5,1789
3,1807
3,1800
3,1813
6,1786
3,1732
5,1807
8,1796
1,1732
6,1813
3,1813
6,1732
6,1796
3,1815
5,1813
6,1786
8,1782
3,1732
8,1807
6,1809
6,1800
6,1809
5,1789
5,1802
6,1796
6,1809
5,1815
1,1815
5,1813
3,1789
6,1800
6,1809
5,1800
3,1732
8,1821
6,1825
6,1786
3,1817
5,1805
5,1810
5,1810
3,1723
6,1816
5,1810
5,1825
3,1817
3,1743
1,1723
5,1816
5,1817
6,1816
5,1723
8,1828
5,1821
3,1810
3,1817
8,1805
3,1723
5,1816
3,1771
3,1743
3,1771
3,1805
3,1821
6,1821
5,1825
5,1723
3,1743
5,1771
5,1825
3,1771
6,1826
8,1747
5,1745
8,1824
6,1829
6,1740
3,1819
5,1819
8,1824
6,1835
5,1828
8,1747
5,1745
8,1828
6,1740
6,1804
3,1747
5,1745
8,1828
3,1835
5,1819
6,1826
6,1835
8,1824
8,1829
6,1804
8,1826
6,1740
5,1826
8,1740
5,1824
6,1835
6,1804
8,1829
3,182
5,1839
6,1848
3,1845
8,1833
6,1833
6,1787
5,1840
8,1848
6,1833
5,1839
5,1840
5,1848
6,1832
8,1833
8,1832
6,1829
5,1832
3,1839
8,172
3,1787
5,1787
5,1787
8,1833
8,172
5,1840
6,1832
6,182
6,1833
6,172
3,182
3,1840
5,1840
5,1845
8,1848
5,1845
5,182
3,1831
6,1837
5,1831
8,1830
3,184
1,1856
1,1856
5,1837
5,1841
6,181
5,1850
8,1830
8,1831
3,1843
5,1850
6,1830
3,1841
1,1856
6,1837
3,1856
5,181
3,1843
3,184
1,1843
3,1831
6,181
5,1841
5,184
3,1836
3,1836
3,1836
6,1830
5,1836
6,1837
5,1866
3,1863
8,1862
5,1860
6,1847
5,1865
5,1864
5,1850
5,1860
6,1847
6,1865
8,1842
1,1863
6,1850
5,1866
6,1847
5,1865
3,1862
8,1865
8,1842
6,1867
5,1867
5,1864
6,1862
3,1867
6,1803
6,1866
6,1847
6,1803
8,1842
5,1860
8,1866
3,1862
5,1863
5,1842
5,1864
5,1863
5,1864
8,1803
6,1803
6,1857
5,1857
6,1876
6,1463
3,1853
6,1851
3,1889
5,1857
3,1860
6,183
6,1882
6,1851
5,1853
5,1892
5,183
6,1853
6,1851
8,1851
6,1876
3,1857
8,1463
3,1889
3,1892
6,1463
6,1463
6,1876
3,1882
8,1853
6,1463
3,1892
3,1889
3,1882
5,1882
6,1889
6,183
3,1892
5,183
5,1072
5,111
6,1117
5,1072
6,1109
3,1109
5,111
6,1047
5,1117
8,1022
5,1109
3,1047
3,112
5,1042
3,112
6,1072
5,1047
5,111
5,1042
6,1022
6,1047
6,111
8,1058
5,1109
6,1014
8,1058
1,112
6,1022
5,1042
5,1042
6,1117
6,1058
8,1058
5,1072
6,1014
6,1022
8,1846
1,1891
5,1880
6,1844
5,1880
3,1891
8,1869
5,1894
8,1894
8,1690
6,1870
8,1846
3,1893
5,1893
1,1891
5,1880
6,1870
6,1846
8,1846
5,1893
6,1870
5,1893
3,1818
5,1880
8,1818
8,1869
6,1894
6,1846
1,1891
5,1844
5,1894
6,1844
3,1818
8,1844
5,1869
6,1870
8,1690
8,1690
5,187
10,189
3,1887
8,1869
6,1887
5,1888
6,189
3,1901
3,1871
3,189
8,187
6,187
5,1901
5,1887
5,1888
6,1793
8,1888
3,1901
5,1888
8,1690
8,187
3,1871
3,1901
8,1869
6,1793
3,1888
5,1793
3,1871
3,1871
8,189
5,1887
6,188
8,1909
5,1868
6,1873
5,1874
3,1909
3,1912
5,1909
3,1861
6,1868
3,1898
6,1868
1,1909
3,1916
3,1861
6,1873
3,1916
8,1868
5,1886
5,1873
5,1898
8,1874
6,1912
3,1861
6,188
6,1874
6,1874
3,1912
1,1898
6,1873
3,1916
6,188
6,1873
5,188
3,1898
8,1808
6,1808
6,1874
6,1808
6,1897
6,1910
5,1910
8,1908
3,1905
5,1886
3,1905
5,191
6,1908
5,191
6,1915
5,1908
5,1905
5,1911
8,1908
5,1897
5,1910
8,1883
5,1886
6,1899
3,1911
5,1911
5,1897
6,1910
5,1918
6,1899
3,1918
6,1897
3,1883
5,191
8,1899
5,1911
3,1918
6,1899
5,1905
3,1886
3,1883
3,1918
6,191
6,1929
8,1479
1,190
3,190
8,1926
3,1928
6,1925
6,1925
5,1925
5,1479
6,1929
6,1929
6,1926
3,1927
6,1915
3,1927
6,1926
3,190
5,1929
5,1928
5,1928
3,1928
3,1928
3,1479
5,1479
3,190
6,1926
5,1915
5,1927
6,1917
5,1930
6,1940
3,1942
3,1939
6,1940
6,1917
6,1934
8,1940
5,1942
6,1940
8,1578
8,1933
3,1930
1,1920
6,1937
8,1933
3,1578
8,1933
8,1942
5,1934
5,1920
6,1934
3,1939
3,1920
3,1920
5,1934
5,1930
3,1578
6,1934
6,1937
3,1939
8,1937
6,1937
3,1930
8,1933
3,1917
6,1942
6,192
5,1935
8,1945
5,1945
5,1749
5,1959
6,1946
3,1949
6,1827
8,1953
6,1931
5,1959
5,1749
6,1935
5,1827
8,1953
8,1953
6,1945
6,1931
8,192
6,1749
6,1931
3,1949
6,192
6,1827
5,1946
6,1749
3,1946
8,1945
8,1935
8,1953
10,1931
5,1945
1,1959
8,192
8,195
6,196
5,1960
6,196
6,1938
6,1948
6,195
6,1949
5,196
3,1966
6,1948
6,195
3,1950
5,1966
3,1944
6,1960
6,195
3,1944
3,1950
5,1954
5,1960
3,1938
6,1938
6,1966
6,1954
6,1948
6,1950
3,196
3,1944
5,1966
3,1966
6,1954
3,1954
3,1938
8,1902
8,1902
6,1968
6,1947
8,1947
3,1976
8,1947
3,1968
5,1976
6,1965
3,1906
6,1947
3,1932
3,1965
6,1906
6,1968
6,1947
6,1978
5,1978
3,1976
6,1978
6,1906
8,1902
8,1902
8,1932
6,1947
6,1976
5,1902
8,1968
5,1965
6,1932
3,1968
5,1978
5,1932
3,1906
3,1976
6,1984
6,1969
3,1986
6,1986
6,1967
5,1973
8,1967
6,1986
8,1982
6,1982
3,1973
5,1971
5,1987
3,1969
5,1936
3,1987
6,1969
6,1984
1,1984
6,1943
6,1967
1,1994
5,1971
3,1986
8,1967
3,1969
6,1943
6,1971
8,1982
8,1982
3,1994
5,1936
1,1994
5,1943
6,1943
3,1994
5,1987
5,1936
6,1971
8,1139
6,1134
6,1014
5,1126
6,1060
3,1128
5,1128
8,1014
6,1060
6,1009
3,1009
6,1128
6,1134
6,1139
6,1009
6,1134
6,1126
5,1126
5,1103
8,1104
6,1134
5,1104
6,1104
5,113
6,1009
3,1139
5,1128
5,1126
5,1104
6,1060
5,1103
8,1060
8,1103
3,1134
3,1139
3,2004
5,2006
5,1904
5,197
3,1999
6,1999
3,1852
6,1988
5,197
5,1988
3,1981
5,1904
6,1904
5,1852
5,2001
5,2006
5,2001
6,2006
6,1852
5,2004
3,200
3,200
5,2001
3,1973
3,1852
5,1999
6,1973
6,1973
5,197
5,2006
8,1981
5,2004
6,1988
3,1999
5,2001
5,197
3,1981
3,2004
3,200
5,1981
6,2002
6,2002
6,1957
3,1991
3,2013
3,1951
6,2019
6,1957
6,1957
6,2019
5,2002
8,2019
3,2015
6,2018
3,2015
5,2021
6,1
3,2021
5,2021
5,2002
5,1
5,1991
5,1
5,1991
8,2013
8,2015
5,2013
3,2021
6,1957
3,2021
5,1
6,2018
5,2018
3,2018
5,2015
3,2018
3,1970
8,2010
3,1970
8,2023
5,1951
3,19
3,2024
8,198
6,1970
3,2024
3,2024
5,2023
6,198
6,2017
6,19
6,19
5,2017
3,1951
3,2010
5,2023
8,202
6,2017
6,2010
6,202
6,1983
5,202
3,1970
8,1983
3,202
6,2017
3,2024
8,1983
6,19
8,1983
5,19
6,2045
5,2045
3,1977
6,2040
8,2022
5,2037
3,2022
5,2030
6,198
5,2040
1,2028
3,2036
3,2039
3,2039
5,2022
6,198
8,2030
5,2028
3,2022
6,2037
5,2028
6,2030
5,2039
5,2040
5,2039
5,1977
6,2028
3,2045
5,1977
3,2036
5,2036
8,2037
5,2030
6,2040
8,2049
5,2033
5,2052
8,2052
6,2047
6,2000
3,2059
3,2033
6,2047
6,2000
5,204
6,2047
5,204
6,2048
8,2053
8,2000
10,2000
3,2059
5,2049
8,2052
5,2048
5,2033
8,204
8,2000
8,2000
6,2047
3,2044
6,204
3,2044
8,2047
8,2049
8,2049
5,2044
5,2044
5,2052
3,2059
5,2048
8,2047
8,2048
6,2066
5,2066
5,2057
3,2064
8,2061
3,2068
6,2066
3,1985
6,2064
6,2057
3,2012
8,2012
6,2053
8,2057
5,2061
6,2068
6,2058
6,2058
3,1985
5,2064
8,2057
8,2068
8,2012
8,2053
8,2058
8,2061
8,2053
5,2066
8,2061
5,2058
3,1985
3,2064
3,2012
1,2069
1,2075
6,2060
6,2079
8,2032
5,2060
6,2032
3,2075
3,2075
5,207
8,1663
6,2079
5,2060
5,2042
8,1663
3,2076
6,1663
6,2076
8,2079
3,2075
3,2032
3,207
6,2042
5,207
3,2032
8,2069
6,2060
3,2051
5,2051
3,2051
5,2069
8,2079
3,2069
5,207
3,2051
5,2042
8,2054
6,2089
6,2073
1,2054
3,2065
3,2083
8,2089
3,2095
8,2076
5,2073
3,2095
5,2065
5,2095
5,2087
5,2095
6,2065
3,2083
3,2073
8,1772
5,2087
6,1772
8,1772
6,2076
3,2054
6,2089
5,2083
3,2054
8,2026
5,2083
5,2065
8,2089
8,1772
5,2087
1,2026
3,2026
6,2081
8,1974
5,1974
6,1956
8,1974
5,2081
6,2081
5,1956
6,1974
5,1956
8,1956
3,2081
6,2081
8,1082
6,1162
3,1137
6,1114
8,1131
3,1137
5,1169
6,1115
3,1115
3,1162
5,1155
6,1114
3,1155
3,1137
5,1137
6,1131
8,1131
3,1169
5,1137
6,1145
3,1115
3,1115
6,1082
5,1160
3,1169
5,1155
3,1169
3,1162
3,1145
3,113
5,113
8,1155
5,1131
6,1114
6,1114
6,113
8,1145
6,1082
8,1082
6,1238
8,1238
8,1238
5,1238
6,1276
6,1276
8,1276
6,1276
8,1334
8,1334
8,1334
6,1334
6,1349
5,1349
3,1349
6,1354
6,1354
6,1354
6,1354
6,1354
6,1358
6,1358
6,1358
5,1358
8,1361
6,1361
8,1361
6,1361
8,1361
8,1361
3,1364
5,1371
8,1371
8,1371
6,1371
3,1373
3,1373
3,1373
3,1373
8,2037
8,2067
3,2084
6,2084
5,2078
5,2099
5,2099
6,2086
6,2086
8,2084
3,2099
5,2101
6,2067
5,2098
5,2082
8,2078
6,2086
3,2101
6,2098
3,2082
6,2082
5,2067
3,2101
5,2097
6,2085
3,2085
3,2098
5,2097
6,2084
6,2097
5,2085
6,2086
5,2085
5,2078
3,2098
3,2082
3,2101
6,2097
3,2067
6,2078
8,2088
5,2099
5,2088
5,2100
8,2116
6,2116
3,2100
6,2112
6,2091
5,2118
6,2118
6,2091
5,2096
6,2088
3,2107
3,2096
3,2118
3,2107
5,2109
3,2109
5,2102
5,2109
3,2118
6,2091
5,2102
6,2100
6,2112
5,2091
3,2102
3,2088
8,2112
5,2112
3,2107
6,2112
3,2107
6,2102
5,2116
3,2109
5,2100
5,2112
5,2199
8,219
6,2188
3,220
8,219
5,2188
3,2204
3,2188
3,2198
5,2114
3,220
8,219
3,2198
6,2175
6,2175
5,220
5,2221
3,2221
3,2204
3,2114
6,219
5,2188
1,2210
3,2204
6,2175
5,2221
5,2199
5,2114
1,2210
6,219
3,2199
3,220
5,2221
6,219
3,2175
6,2210
3,2199
5,220
3,2221
3,2204
3,2201
6,2206
8,2206
3,2223
5,2201
6,2227
8,2147
3,2198
8,2214
8,2206
3,2211
6,2207
6,1972
5,2198
5,2211
5,2223
6,2201
8,1972
6,221
5,2207
6,2227
6,221
3,2211
5,2207
6,2223
5,2206
8,2147
8,2214
5,1972
8,2147
5,2201
6,221
5,2227
6,1972
8,2214
5,2198
6,221
8,2147
5,2227
6,2223
6,2224
5,2236
8,2224
5,2217
1,218
8,2217
5,2205
6,2202
3,218
5,2230
3,2205
3,2236
5,2217
6,2202
3,1375
3,2205
5,1375
8,218
5,218
3,2236
8,2230
8,2230
8,2230
1,2202
3,1375
3,2205
5,2205
3,2202
3,1375
3,218
6,2224
5,2236
6,2243
5,2262
3,2243
5,2215
5,2257
3,2240
6,222
5,2257
5,2250
5,2247
6,2247
6,222
8,2250
5,2262
6,2240
5,2215
1,2243
6,2240
3,2245
5,1992
3,2245
6,2245
5,2215
6,2247
5,2257
5,222
5,2215
3,1992
3,2250
5,2243
6,2240
3,2247
5,2250
3,1992
3,1992
8,2248
5,2274
3,2242
3,226
5,2262
5,2251
5,2237
6,2237
5,226
6,2260
1,2274
6,2242
6,2251
3,2234
6,2260
5,2237
1,2271
3,2262
6,2254
8,2237
3,2274
6,2251
3,2234
6,2251
3,2274
6,2242
3,226
6,2234
6,2254
5,2248
1,2271
3,2234
5,2248
1,2271
6,2254
6,2254
6,2260
6,2260
6,2248
3,226
6,226
6,2242
3,2271
8,2269
3,2293
6,2278
3,2280
3,2244
6,2297
5,2270
5,228
6,2272
10,2270
5,2272
3,2269
6,2278
5,228
3,2293
5,2269
6,2278
8,2278
3,2293
5,2244
8,2272
5,2280
5,2280
6,2272
6,2297
5,2280
5,2269
3,228
8,2244
6,2244
1,2293
5,2270
5,2298
3,2295
8,2290
3,2295
5,2300
3,2265
6,2298
8,2281
6,2287
6,2290
5,2298
3,2265
5,2300
3,2265
6,2264
3,2308
8,2264
5,2308
6,2295
5,2300
5,2297
3,2300
3,2265
8,2287
6,2281
3,2264
8,2290
6,2297
8,2297
8,2281
5,2295
6,2287
3,2308
1,2308
6,2264
5,2325
3,2325
3,2284
8,2312
6,224
5,2325
3,2288
3,2288
3,2325
6,2256
6,2284
3,231
6,2284
3,2256
5,2317
6,231
3,2325
6,231
3,2306
8,2256
3,2288
8,2306
3,2306
6,2273
6,224
3,2306
8,2256
6,231
3,2306
6,2273
3,231
3,2317
3,2288
8,2273
3,2317
3,2317
6,224
8,2299
8,2314
8,2311
6,2330
5,2299
5,2330
8,2299
8,2311
5,2299
6,2312
6,2235
3,2329
8,2330
6,2235
3,2235
3,2329
6,2314
6,2307
8,2312
6,2312
6,2307
6,2326
6,2311
8,2314
5,2326
3,2327
8,2314
6,2327
6,2326
5,2327
6,2307
8,2314
5,2329
1,2330
5,2326
3,2332
6,2291
6,2335
8,2291
6,1448
5,2335
6,2291
8,2332
6,2291
8,2316
5,2336
5,1448
6,2337
5,2316
3,1448
6,2335
3,2316
5,2332
5,2337
3,1448
8,2337
5,2291
5,2330
5,2336
5,2336
8,1448
5,2332
3,2336
5,2335
5,2316
6,2337
1,2127
3,2127
3,2130
3,2127
6,2096
3,2127
6,212
8,2129
3,2110
8,2129
6,2096
6,2127
5,2122
3,2129
3,2110
6,2130
3,2130
6,212
3,2122
3,2110
6,2130
6,212
5,2122
6,212
5,2110
5,2096
5,212
3,186
5,2258
3,2343
5,2343
8,2328
3,186
6,2328
5,2355
6,186
5,2349
3,2258
3,2355
3,2355
3,2343
1,2349
6,2346
8,2342
3,2349
8,2319
8,2343
5,2258
8,2346
8,2342
5,2346
8,2328
3,2349
10,2319
6,2319
5,2319
6,2328
5,186
5,2258
6,2346
6,2342
3,2349
5,2360
3,2368
6,230
8,2361
3,2352
6,2361
5,234
3,2255
3,2360
3,2365
8,2341
3,2255
8,2348
5,2360
5,2255
5,2347
6,2352
3,2368
6,230
5,234
5,234
5,2352
5,234
5,2341
6,2341
8,2365
3,2361
5,2352
6,2365
6,2347
3,2365
6,2348
5,2348
6,2341
8,230
6,2368
5,2368
6,2361
8,2347
8,2324
5,2363
3,2304
8,2370
3,2376
8,2353
5,2363
8,2370
8,2369
3,2071
3,2363
5,2376
3,2376
8,2363
3,2369
8,2370
8,2377
8,2353
6,2363
6,2324
6,2354
8,2369
8,2370
8,2324
6,2353
6,2377
6,2324
5,2376
8,2377
6,2353
6,2377
6,2354
6,2071
5,2304
5,2071
8,2324
3,2304
6,2324
5,2304
6,2354
3,2367
3,2373
6,2385
3,236
5,2383
6,2382
5,2394
5,2384
3,2379
6,2379
6,2384
6,2382
1,2394
5,2392
6,2384
5,2382
6,2392
6,2383
3,2392
5,2383
6,2384
5,2373
3,2394
6,2385
1,2367
6,2394
6,2379
6,2385
6,236
5,2373
6,2384
5,236
6,2383
1,2367
3,2384
6,2385
6,2382
3,2071
3,2392
3,2395
3,236
5,238
5,2402
3,23
8,2381
6,2357
6,2357
8,2358
8,2381
8,2275
5,2396
6,2358
8,2371
6,2358
8,2275
6,2371
3,23
8,2358
5,2371
5,2402
6,2371
3,238
5,2402
8,2357
5,2357
5,238
6,2396
6,2275
5,23
3,2396
8,2381
3,2395
8,2275
5,238
5,2395
8,2381
3,2375
5,2375
6,2405
6,2378
5,2415
6,2405
3,2375
3,2415
6,2378
8,2285
1,2406
6,2396
3,2412
6,2406
3,2375
6,2285
6,2405
3,2404
5,2419
6,2398
5,2417
3,2412
8,2417
3,2406
6,2378
3,2412
8,2419
6,2405
5,2375
3,2417
3,2419
3,2398
5,2406
5,2398
6,2415
5,2404
3,2398
5,2404
6,2285
5,2404
5,2413
5,2391
3,2416
3,2421
6,2418
3,2420
3,2422
3,2421
6,2418
3,2420
5,2418
5,2413
6,2391
5,2421
5,241
3,2416
6,2422
6,2421
5,2418
6,2413
3,2401
5,2391
5,2417
3,2391
3,2413
3,2413
6,2422
3,241
6,2401
5,2420
3,241
6,2416
8,241
3,2413
8,2378
3,2420
3,2429
5,2429
5,239
8,2428
5,2401
5,239
6,2401
5,2424
6,2340
5,2344
3,2340
8,2411
8,2414
3,2429
5,2411
6,2411
5,2425
3,2424
3,2425
6,2414
6,2344
5,2428
5,2414
8,239
5,2435
5,2435
6,2344
6,239
8,2435
5,2340
6,2424
8,2401
5,239
3,2425
5,2435
3,2437
5,2090
5,2440
1,2437
3,2439
5,2438
5,2437
6,2438
5,2437
5,2090
6,2426
5,2387
1,2442
3,2439
6,2436
5,2387
5,2362
8,2436
6,2426
6,2438
5,2362
6,2439
5,2090
8,2438
5,2362
8,2362
5,2090
3,2436
3,2442
6,2438
5,2437
3,2387
6,2428
5,2439
3,2387
6,2426
3,2426
3,2387
1,2442
5,2428
1,2442
1,2454
3,2454
8,2447
6,243
8,243
5,2445
6,2451
6,2440
3,2388
8,244
5,2445
6,243
6,2423
6,2447
6,2423
6,2447
6,2451
5,2445
6,2445
3,244
1,2454
8,2423
6,2446
8,2451
3,2454
5,2388
6,2446
6,2446
8,243
3,244
5,2441
6,2440
8,2447
6,2446
5,2388
5,2388
5,2440
5,2136
3,2011
5,1773
5,2050
6,2117
3,2134
6,2123
6,2117
3,2144
5,2124
5,2011
6,2123
5,2123
3,2108
5,2141
5,2144
8,2117
5,2136
5,1773
5,2134
3,2126
8,2124
8,2126
1,2108
6,2108
8,2117
5,2136
3,2144
3,2144
6,2134
8,1773
3,2126
5,2123
3,2126
6,2050
6,2124
3,2050
5,1773
6,2108
8,2356
3,2469
6,2466
3,2463
3,2460
5,245
5,245
5,245
5,2457
5,2460
8,2356
6,2457
3,2457
3,245
5,2441
6,240
3,240
3,2463
5,2464
5,2464
3,2464
5,2441
5,2460
3,2464
5,2466
3,240
3,2463
5,2466
1,2457
3,2469
5,2464
1,2463
3,2469
6,2356
6,2356
8,1962
8,2469
5,2460
5,2441
3,2462
3,2380
3,2468
1,2462
6,1688
3,1688
5,2455
5,2477
8,2456
3,2477
6,1962
3,2455
3,2434
5,2468
5,2468
3,2455
3,2359
6,2455
3,2468
3,2380
3,2462
6,1962
5,2470
6,1962
3,2455
3,2359
5,2477
3,2380
6,2470
3,2359
5,2434
6,1688
8,2456
5,2470
5,1688
8,2456
6,2470
5,2477
8,2456
5,2434
3,2476
8,2397
3,2386
8,2458
3,2495
6,2465
6,2458
6,2453
6,2495
3,1834
3,2475
6,1834
6,2458
5,2465
3,2465
8,1834
5,2449
3,2476
6,2475
5,2465
5,2495
6,2458
1,2476
3,2475
6,2386
3,1834
5,2475
6,2397
3,2449
6,2386
3,2453
5,2465
3,2495
6,2453
6,2397
6,2453
6,2449
6,2397
3,1834
3,2449
3,2486
8,2432
6,2432
5,2487
6,2493
3,2427
6,2489
5,2473
3,2484
5,2487
5,2480
5,2480
6,2487
5,2486
3,2449
5,2473
8,2432
6,2427
5,2486
8,2473
6,2487
3,2432
6,2489
8,2484
3,2486
5,2486
5,2489
6,2480
8,2493
8,2480
5,2484
5,2484
3,2427
5,2486
6,248
6,248
6,248
8,2481
5,2509
3,2491
5,2517
5,2483
5,2509
6,2493
5,2478
5,2491
3,2478
5,1996
5,2483
6,249
5,1996
6,2491
6,2478
6,2481
5,1996
5,2509
5,249
8,247
6,247
3,2509
6,249
8,2493
5,2491
6,247
5,2483
5,249
8,247
5,2481
3,1996
8,2483
5,2481
3,251
6,251
5,2514
3,2482
6,2520
3,251
8,2514
5,251
3,2520
3,2521
5,24
6,2514
5,1353
3,2499
3,2528
3,2521
5,2482
8,2499
3,2514
8,24
6,2521
3,250
8,24
3,2520
5,1353
3,2528
6,2499
3,2528
5,250
6,2499
3,2517
6,1353
5,250
1,24
3,1353
3,2482
3,250
3,2521
5,2520
1,2528
3,2517
6,2536
6,2532
8,2548
3,2536
8,2544
3,2532
6,2548
8,2529
8,2523
5,2533
6,2492
8,2526
8,2532
5,2523
8,2544
5,2536
8,2548
3,2529
5,2533
6,2548
6,2533
8,2526
6,2492
6,2526
3,2544
5,2533
6,2529
8,2544
3,2536
6,2526
3,2529
6,2492
6,2523
3,2364
6,2530
3,2364
6,2488
6,2530
5,2488
5,2531
3,2366
3,2554
6,2459
6,2459
6,2522
5,2554
5,2522
6,2492
6,2530
8,2541
6,2547
6,2366
6,2518
5,2531
6,2541
3,2522
3,2364
5,2366
5,2554
6,2531
5,2547
6,2518
5,2547
5,2518
6,2547
6,2459
8,2541
8,2541
5,2364
8,2459
3,2531
6,2518
3,2522
8,2519
3,2545
6,2552
5,2510
3,2559
6,2519
3,2559
6,2510
3,2545
3,2552
5,2510
6,2510
6,2226
8,2519
6,2226
5,2552
6,2226
6,2226
5,2471
5,2471
3,2552
3,2488
6,2519
6,2450
5,2471
1,2559
3,2559
6,2450
5,2545
6,2471
3,2488
6,2450
6,2560
3,255
6,2573
6,2562
3,2524
6,2570
5,2570
5,2550
8,2506
8,2560
6,2490
3,255
8,2506
3,2025
3,2524
6,2562
5,2025
6,2490
5,2573
6,255
8,2506
3,255
5,2025
5,2560
8,2562
6,2560
6,2558
3,2558
3,2570
6,2550
5,2562
3,2550
6,2506
3,2558
3,2550
6,2490
5,2573
5,2524
5,2570
3,2558
8,2524
8,2137
3,2142
8,2137
3,2105
8,2120
8,2133
8,2145
6,20
8,2011
6,20
5,2143
6,2120
6,2143
5,2105
3,2105
5,2145
5,2141
5,20
3,2105
3,2143
5,2120
6,2137
8,2145
5,2145
8,20
6,2142
6,2120
6,2141
3,2133
6,2137
5,2142
3,2143
3,2133
3,2103
5,2103
5,2103
3,2580
6,2584
6,2588
5,2584
6,2575
6,2586
5,252
5,2505
8,252
5,2557
5,2586
3,2505
3,252
8,2584
6,2557
5,2580
5,2588
8,2584
6,2566
6,2586
5,2586
3,2584
6,2588
5,2025
5,2575
3,2505
10,2566
5,2557
5,2580
6,2580
5,2575
8,2566
8,2566
8,2572
5,2589
5,2591
5,2555
5,2565
3,2592
6,2591
5,2572
3,2581
6,2589
5,2592
5,2565
3,2572
6,2563
5,2563
5,2600
3,2565
3,2572
6,2589
3,2581
3,2581
5,2600
3,2555
8,258
6,2600
5,2563
5,2591
6,258
3,2565
6,2589
3,2600
8,2592
3,2563
8,2591
6,2592
3,2555
5,2589
6,257
3,2617
8,2582
3,2617
6,2579
8,2596
5,260
5,2577
8,2579
5,2617
6,2596
8,2582
8,2603
5,2577
6,258
5,260
8,2582
5,2579
6,2617
8,2603
6,2603
6,2603
1,2612
5,2612
6,2582
6,2582
8,257
6,257
5,2577
6,2582
3,260
6,2579
5,260
3,2612
6,258
5,257
8,2577
6,2612
3,2617
3,2622
8,2597
8,2574
8,2596
8,2593
5,2599
3,2625
6,2599
6,2616
5,2616
5,2593
5,2622
1,2625
6,2605
8,2574
5,2622
5,2540
6,2605
6,2597
5,2622
3,2616
6,2625
6,2599
6,2605
6,2540
6,2540
5,2593
5,2593
6,2597
8,2574
5,2596
3,2625
6,2597
3,2605
3,2599
5,2616
3,2621
5,2621
8,259
6,2626
3,2569
6,259
5,2606
5,2626
6,262
6,2602
6,259
3,2621
3,2602
6,2500
3,2569
5,2606
5,2618
6,2500
8,2621
8,2606
6,2602
3,2569
6,2626
5,2626
8,2500
8,2602
5,2618
6,262
6,2606
6,262
5,2618
5,2618
3,2648
6,2648
6,2637
8,2637
5,2636
8,2641
6,2636
5,2637
5,2641
3,2643
5,2651
3,2648
6,2633
5,2648
3,2641
3,2628
5,2627
6,262
5,2633
5,2648
5,2633
6,2641
5,2636
3,2627
8,2637
5,2643
3,2627
5,2636
8,2628
3,2643
8,2601
3,2628
6,2601
5,2628
6,2636
6,2601
6,2601
3,2627
5,2633
3,2643
5,2652
6,2644
3,2632
5,2651
6,2609
3,2655
5,2652
5,2632
6,2609
6,2644
3,2511
8,2653
5,2632
5,2619
6,2635
5,2632
6,2635
6,2635
3,2651
1,2609
5,2652
8,2644
5,2651
5,2609
5,2655
8,2511
3,2644
6,2635
8,2608
5,2619
3,2655
5,2653
8,2652
8,2653
8,2511
5,2609
3,2655
6,2619
8,263
6,2664
3,2664
5,2664
8,2665
3,2649
3,2663
5,2665
6,263
5,2638
6,2673
3,2673
5,2673
3,2659
5,2668
5,2670
5,263
5,2649
3,2673
3,2670
6,2638
6,2608
5,2668
6,2608
6,2665
3,2663
3,2678
5,2659
6,2649
5,2659
6,2668
5,2663
6,2670
5,2638
6,2678
3,2668
5,2670
8,263
3,2678
5,2678
8,2608
5,2683
6,2680
8,2642
5,2680
3,2683
1,2683
6,2661
8,2631
6,2642
8,2631
6,2502
6,2502
6,2661
3,2676
6,2631
3,2662
8,2631
3,2634
6,2551
3,2551
3,2676
5,2551
3,2502
6,2661
3,2676
6,2680
8,2642
3,2634
6,2642
6,2661
3,2662
5,2638
5,2662
3,2683
3,2502
5,2680
3,2676
5,2146
3,2159
6,2148
3,1795
5,2113
3,2139
5,2146
6,2150
10,2155
3,2158
6,2155
3,2150
8,2106
8,2155
5,2159
6,2113
3,2158
3,1795
6,2159
5,1795
5,2150
3,2159
3,2146
5,2149
3,2148
6,2113
5,2155
8,2106
6,2106
5,2158
5,1795
3,2139
6,2139
5,2139
6,2158
3,2150
5,2149
8,2113
6,2692
8,2639
5,2712
6,2671
6,2671
8,2694
5,2692
5,2709
6,2686
3,2699
5,2709
6,2684
5,2675
3,2639
3,2694
1,2639
3,2699
3,2675
8,2684
5,2699
5,2694
3,2709
3,2699
5,2675
6,2671
3,2687
8,2686
5,2675
5,2692
3,2694
8,2639
6,2709
8,2686
6,2692
5,2692
6,2684
8,2686
5,2699
8,2671
6,2708
6,2710
3,2714
5,2714
3,2714
3,2710
8,2698
5,2717
6,2578
6,2717
6,2708
6,2537
8,2698
3,2710
6,2578
6,2698
5,2707
8,2578
3,2708
6,2707
6,2717
3,2712
3,2708
3,2712
6,2707
5,2710
6,2578
6,2707
5,2712
3,2707
6,2578
8,2698
3,2667
5,2725
8,2711
1,2725
8,2537
3,2730
6,2667
6,2715
6,2598
3,2724
8,2711
5,2724
8,2598
8,2667
3,2730
3,2725
3,2724
6,2537
5,2725
3,2726
5,2726
8,2711
6,2598
8,2598
6,2715
3,2724
1,2730
3,2726
6,2715
8,2537
8,2537
8,2711
6,2738
5,2739
6,2704
6,2729
8,2703
5,2713
6,2729
3,2735
6,2704
6,2729
8,2736
8,2703
6,2704
8,2701
5,2713
6,2736
3,2738
5,2738
6,271
6,271
5,265
3,2735
5,2739
3,2729
3,2713
3,2701
3,2736
3,2738
5,2713
5,271
8,271
3,2735
6,2703
8,2701
5,2739
6,2736
3,265
8,2701
8,2703
5,2735
5,2705
8,2743
8,272
5,2705
5,2740
6,2132
8,265
3,273
8,2743
8,2721
5,2132
3,2132
5,2700
3,2700
5,2705
5,2614
5,2745
3,273
8,2614
8,2743
5,2700
8,2132
5,265
5,2740
6,2705
3,272
5,2700
5,2745
5,2745
5,2740
5,2614
5,2705
6,273
6,272
3,273
8,2743
1,2614
3,2750
6,2716
3,2753
5,2716
5,2716
3,2750
6,2750
6,2721
5,2731
3,2731
5,2753
5,2747
6,2754
5,2731
6,2721
3,2747
5,2747
5,2747
6,2753
5,2753
8,2754
5,2731
3,2750
3,2685
5,2754
3,2685
6,2654
3,2731
6,2654
3,2654
5,2716
3,2685
6,2721
5,2744
3,2772
6,2744
5,2732
3,2744
5,275
3,2765
6,2762
3,2732
3,275
5,2758
5,2732
3,2765
3,275
5,2732
5,2765
6,2758
3,2772
3,2765
6,2758
3,2744
8,275
3,2772
6,2720
8,2762
6,2760
5,2758
5,2760
5,2762
6,2760
3,2762
6,2720
8,2720
3,2751
6,2654
6,2755
3,2768
5,2790
6,2790
5,2790
5,2751
3,2751
6,2768
3,2789
3,2789
1,2790
3,2788
5,2786
3,2755
8,2782
6,2782
1,2786
5,2751
5,2755
5,2789
5,2755
3,2778
3,2771
3,2771
5,2786
5,2788
8,2778
3,2789
5,2788
6,2771
5,2786
6,2778
5,2768
3,2788
3,2782
3,2768
5,2755
5,2799
3,2784
6,2734
8,2767
3,2733
5,2733
6,2799
8,2793
3,2784
8,2799
3,2770
6,2770
3,2791
8,2770
8,2733
6,2767
6,2767
3,2791
3,2791
6,2798
6,2793
3,2784
5,2799
6,2723
6,2770
6,2802
5,2798
6,2723
5,2734
3,2734
3,2798
3,2734
5,2784
8,2767
3,2802
5,2733
5,2723
5,2723
6,2793
5,2798
5,2802
6,2802
1,2812
3,2797
5,2812
6,2689
6,2797
6,2818
5,2812
6,2689
6,2759
1,2776
5,2783
8,2759
5,2812
5,2776
6,2797
6,2818
5,2759
6,2746
5,2812
5,2783
3,2812
6,2689
5,2818
8,2783
6,2776
6,2783
5,2818
5,2776
6,2689
6,2808
5,2797
6,2797
6,2808
8,2759
3,2176
5,2163
3,2179
3,2179
6,2038
6,2165
6,214
5,2162
6,2038
3,2170
6,2153
5,2165
3,2170
3,2152
6,2162
5,2170
3,2152
5,2152
5,2179
6,2163
5,2165
8,2153
5,2163
5,2162
6,2176
6,2162
5,2148
5,2163
5,2170
6,2153
8,2038
6,2176
5,2152
3,214
5,2170
3,2176
6,2821
5,2823
5,2741
6,2807
5,2823
6,2807
8,2810
3,2741
6,2808
8,278
6,2821
5,278
3,2807
3,2806
5,277
3,2806
5,2774
6,278
3,2806
6,2774
10,2746
3,2774
6,2808
5,2787
6,277
5,2821
3,2806
5,2741
10,2746
5,278
8,2746
8,2810
6,2823
6,2787
6,2810
6,2787
5,2741
5,2821
3,2774
5,279
3,2761
6,2828
8,2828
5,279
8,2761
5,2820
3,2761
5,2819
8,2811
5,2828
3,2761
3,2817
5,2819
6,277
8,2819
3,2817
5,2820
5,2826
8,2828
3,2817
5,2819
3,2826
6,2820
5,2811
8,2811
3,2817
6,277
6,279
6,2820
5,2826
3,2817
5,2826
3,2836
3,2841
6,2831
6,2847
3,2836
6,2803
6,276
5,2835
3,2841
6,2831
6,276
6,2831
5,2836
6,2803
8,2843
5,282
3,2841
6,2843
3,282
5,2835
3,2835
3,2847
5,282
3,276
6,2811
8,2766
8,2831
8,2803
3,2836
6,276
3,282
6,282
3,2841
6,276
6,2843
5,2847
5,2847
3,2835
6,2766
6,2843
6,2766
3,2862
1,285
6,2834
8,2809
8,2815
8,2851
8,2834
5,2834
6,2851
6,2809
3,286
3,285
5,2815
3,286
5,2814
6,2809
3,2850
5,285
3,2862
6,2850
3,286
5,2851
3,2851
5,2841
6,2815
3,2862
6,2814
5,2763
8,2815
5,2763
3,2850
5,2763
3,2813
5,2763
5,2814
1,285
3,2814
5,2850
3,2841
8,2809
3,2834
3,2813
6,2852
5,287
5,287
5,2875
3,287
8,1219
8,2858
6,2852
6,2742
6,2864
5,2813
8,2848
3,2875
6,2858
6,2848
8,2858
8,2852
8,2742
5,2813
6,2852
6,2813
8,1219
6,2858
6,2864
8,1219
5,2875
5,1219
6,2742
8,2864
6,2864
5,2875
5,287
6,2848
5,2742
6,2848
3,2864
6,2873
3,2882
6,2880
6,2838
5,2873
6,2873
3,2882
8,2838
8,2873
6,2876
5,2878
8,2876
1,2882
6,2876
5,2868
5,2868
5,2868
5,2880
8,2880
6,2880
6,2838
6,2876
6,2838
1,2882
3,26
1,2906
3,26
3,2895
3,2894
8,2822
3,2878
3,2894
8,2886
5,2896
1,2894
5,2878
8,2896
6,2845
6,26
5,2896
5,2845
3,2894
5,2822
8,288
8,2886
6,2886
5,2896
6,2845
5,26
3,2878
3,2906
5,2845
5,288
5,2895
3,2895
5,2822
3,2895
8,2906
8,288
5,2822
5,2866
5,288
5,2893
5,284
3,2881
5,2890
3,2890
6,2900
5,2900
6,2900
5,2903
3,2903
8,2866
6,2866
5,2881
5,2866
10,2837
5,2837
3,2881
6,2827
3,2893
8,2837
6,2901
8,2837
10,2877
6,2900
5,2890
8,2827
10,2827
6,2866
6,2827
6,2866
6,2903
6,2877
5,2903
6,2827
6,2877
6,2901
8,2901
6,2877
1,2893
1,2932
3,2932
6,2917
3,2932
3,2932
3,2865
3,2923
6,2912
6,2912
3,2926
5,2920
6,2912
3,2913
5,2865
3,2920
3,2920
6,284
5,2920
6,2912
6,284
6,2917
5,2885
6,2885
6,2923
5,2926
3,2917
5,2923
1,2913
5,2923
6,284
6,2885
5,2865
6,2917
6,2926
3,2913
6,2885
6,2865
6,2926
8,284
6,2910
5,2840
6,2914
6,2840
8,2928
6,2916
5,2916
5,2910
1,2922
8,2914
6,2910
6,2933
6,2919
6,2840
8,2928
1,2933
3,2840
8,2928
8,2911
3,2933
5,2916
3,2919
6,2911
5,2922
5,2933
5,2919
6,2911
8,2914
5,2928
8,2914
6,2916
6,2919
3,2922
3,2910
6,2160
6,2160
6,2182
6,2121
5,217
3,2161
5,2161
8,2173
6,2166
8,2160
5,210
6,2121
5,210
5,2161
5,217
6,2160
8,2121
3,2161
6,214
3,2178
8,2182
5,2178
6,2166
3,214
5,217
6,214
8,2182
8,2166
3,2173
8,2154
6,210
6,2121
5,2166
6,210
3,2173
6,217
8,2154
8,2154
6,2927
6,2943
3,2948
3,294
5,2908
3,2936
8,2934
6,2891
6,2943
6,2891
6,2891
5,2859
3,2908
3,2908
6,2927
8,2859
3,2936
3,2948
3,2948
8,2927
3,2936
6,2859
6,2908
6,2943
6,294
6,2927
5,294
6,2908
8,2934
8,294
5,2936
5,2859
6,2884
6,2884
8,2918
5,2950
6,2934
8,2939
6,2937
8,2918
6,2889
6,2946
5,2937
5,2884
6,291
6,2938
8,2889
5,2946
5,2934
5,2946
5,2939
5,2946
6,2937
8,2918
6,2939
6,2938
6,291
6,2918
8,2939
6,2950
3,2950
6,291
6,2939
5,2938
8,2889
6,291
6,2955
6,2955
8,2949
5,2949
6,2955
6,2955
3,2925
6,2947
6,2925
5,2951
6,2952
3,2958
8,2959
5,2959
5,2947
5,2960
5,2925
8,2951
5,2960
8,289
5,2925
6,2951
8,2960
5,2947
6,289
8,2952
5,2947
8,2951
6,2958
6,2949
6,289
6,2952
8,289
3,2958
5,2958
3,2925
5,2975
8,2975
6,2965
5,2967
3,2977
5,2945
5,2965
6,2975
6,2977
8,2973
3,2965
3,2971
3,2971
6,2979
6,2973
6,2977
6,2973
6,2984
5,2959
5,2965
6,2979
5,2945
3,2945
3,2967
6,2973
3,2975
5,2979
6,2945
1,2967
3,2967
5,2979
5,2971
6,2959
6,2959
6,2977
6,2962
8,2986
3,2981
5,2974
6,2962
5,2982
3,2981
6,2986
8,2902
3,2953
8,2974
6,2986
6,2963
3,2987
8,2963
3,2987
3,2982
3,2987
3,2982
5,2963
6,2987
6,2902
6,2978
6,2978
3,2984
5,2963
5,2953
8,2974
5,2982
3,2981
8,2978
3,2981
3,2984
5,2974
6,2981
6,2902
3,2953
6,2978
5,2953
3,2984
5,2982
6,2994
6,3006
6,2985
6,2994
5,2985
6,2996
3,2988
6,2898
8,2968
3,297
5,2968
5,3006
3,2988
6,2988
5,2985
5,297
3,297
3,2898
6,2996
5,2898
3,2988
8,2968
8,2718
6,2996
3,2898
8,2718
8,2718
3,3006
8,2996
6,2994
8,2985
8,2902
3,2966
5,2
3,3005
8,2991
5,297
5,3005
8,2966
8,298
6,300
6,2983
5,2983
3,3011
6,298
6,300
5,3011
6,2
6,2992
5,2
3,2
6,299
5,299
8,298
6,2992
3,2966
5,2983
8,2991
6,2966
6,298
5,3005
3,3011
6,3005
3,299
3,3011
6,2991
5,2992
6,299
5,300
5,2991
6,3009
6,3021
6,3017
10,3017
3,3014
5,3022
6,3019
5,3022
6,3016
6,3017
6,3009
5,3014
5,3021
5,3016
5,3009
3,3022
6,3014
5,3009
6,3027
3,3017
5,2830
8,3016
8,3021
6,3019
5,3027
8,3016
6,3019
6,2830
6,3021
6,3014
6,3027
5,3022
5,2830
3,301
8,2830
6,2830
5,3027
5,3014
3,2992
6,3017
3,3029
6,302
8,302
3,3025
5,3028
6,3026
1,3025
6,3007
8,3028
6,2970
6,3028
3,2944
3,3026
6,3029
3,2944
3,3026
3,3002
3,3026
6,3013
6,3028
5,3029
3,3025
8,3007
5,302
5,302
8,301
3,301
5,2944
6,3013
5,2970
6,2944
5,3002
6,3007
6,3007
5,2970
3,3029
6,3013
6,3013
6,3042
8,3024
3,2980
6,2964
5,3044
8,3046
6,2964
5,3002
3,3040
8,3046
5,3024
8,3046
5,3032
5,3044
5,3044
5,2980
6,3042
6,3041
6,2980
6,2964
6,3041
6,3024
3,3040
6,3046
6,3041
5,3032
5,3032
3,3042
6,3002
3,3040
8,3044
6,2964
6,3024
6,3042
5,3040
3,3002
5,3032
3,2184
3,2184
3,2177
5,2191
1,2191
3,2180
3,2169
5,2185
6,2185
5,2164
3,2195
3,2191
6,2185
3,2189
5,2164
3,2178
3,2169
5,2189
3,2177
5,2180
5,2177
3,2184
3,2164
5,2195
6,2164
3,2189
1,2189
3,2180
5,2195
6,2185
3,2180
3,2169
5,2169
5,3036
8,3036
6,3036
3,3055
6,304
8,3047
5,3051
5,3055
6,3047
8,3036
5,304
5,3038
5,3031
3,3031
5,3038
3,3055
5,3054
5,3039
5,3038
5,3055
3,3060
5,3060
6,304
3,3051
3,3055
8,3047
6,3039
8,3047
5,3052
5,3052
5,3054
5,3038
3,3051
5,3052
8,3039
3,3031
5,3038
6,304
5,3054
5,3051
6,304
3,3075
5,3035
8,3035
5,3059
5,3075
3,3059
3,3074
5,3035
3,3074
5,3060
6,2857
3,2957
6,3030
6,3033
6,3059
5,3037
8,2857
6,3033
3,3062
5,3062
6,3030
6,2857
8,3030
5,3075
6,2857
1,3037
5,2957
6,2957
5,3060
3,3062
5,3062
6,3033
5,2957
8,3030
5,3059
5,3061
8,3070
6,3079
3,3023
8,292
5,3049
6,3076
5,307
8,3064
8,3067
3,3074
5,3064
5,307
5,3023
5,3064
5,3067
8,3064
6,3070
5,3079
6,3067
3,3079
3,3079
6,3074
6,3076
6,3049
6,292
8,3070
5,3061
6,3023
5,3076
6,3061
6,292
6,3049
6,3049
6,292
5,3061
3,307
5,3010
5,3073
6,3081
8,3081
6,3073
8,3081
5,3073
5,3073
5,3048
6,3068
3,3088
5,3078
8,1755
3,3018
3,3048
5,3010
6,3078
6,1755
6,3069
6,3078
1,3018
5,3048
6,1755
5,3087
6,3018
3,3010
6,3069
5,3010
3,3087
6,3018
5,3068
6,3069
5,3068
6,1755
6,3088
5,3068
6,3070
5,3081
5,3087
6,3089
8,3066
5,3090
5,3080
5,3083
8,3089
3,3094
3,3096
5,3080
5,3080
6,3089
8,3083
5,3094
3,3088
3,3089
8,3066
6,3096
8,3066
3,3090
8,3080
6,3090
6,3094
6,3094
6,3066
3,3096
5,3096
8,3083
6,3083
5,3080
3,2816
5,3101
6,2816
8,3100
3,3086
3,3104
6,3085
8,306
5,3101
5,306
8,2816
5,3090
5,3102
3,3084
5,3097
6,3084
3,2816
8,2816
6,3101
6,3085
8,3100
3,3097
6,2816
6,306
6,3086
6,3097
3,3102
6,3084
5,3102
6,3085
5,3104
6,3086
5,3102
3,3101
6,3100
3,3104
6,3085
8,3084
6,3090
6,3095
3,3110
6,3112
6,3082
5,3092
3,3112
3,3115
8,3082
6,3107
6,30
5,3107
5,3082
6,3114
5,3095
6,3112
5,3107
3,3114
8,30
8,3114
6,3092
8,3105
8,3114
5,3110
3,3115
3,3115
5,3104
1,3110
5,3095
5,3112
8,3107
5,3105
6,3092
8,30
6,30
5,3110
5,3095
6,3082
5,3105
6,3092
3,3136
3,3136
6,3000
5,3132
5,303
3,3136
6,303
5,3000
6,3058
6,3000
6,3129
5,309
3,3120
5,3120
3,3109
3,3000
8,3105
5,3124
5,3124
3,303
6,3000
3,3132
8,3109
5,3132
5,303
8,3136
6,3058
8,3109
6,3120
8,3109
5,309
3,309
3,3124
5,309
5,3129
8,3129
6,3058
3,3129
5,3141
5,3141
8,3141
5,2029
6,2194
6,2187
5,2194
6,2192
8,2192
6,2192
8,2187
8,2029
6,2187
3,2196
3,2203
6,2187
5,2193
6,2168
6,2168
6,2168
5,2029
6,2183
6,2181
8,2196
5,2196
6,2181
6,2194
3,2193
8,2181
6,2183
5,2196
5,2193
8,2181
6,2194
5,2029
3,2203
6,2183
8,219
6,2192
5,2183
5,2203
5,2114
6,2194
5,2629
5,2629
5,2629
6,2634
3,2634
5,2646
8,2646
6,2646
5,2646
6,2656
8,2656
6,2656
10,2656
6,2674
3,2674
5,2674
6,2674
5,2681
3,2681
3,2681
8,2681
3,2681
8,2682
8,2682
8,2682
8,2682
5,2687
5,2687
5,2687
5,2690
6,2690
3,2690
5,2690
6,2693
8,2693
3,2696
1,2696
3,2696
3,2696
1,286
6,3067
8,3099
5,313
5,3144
6,3126
6,313
5,3130
6,3141
8,3130
5,3126
3,3130
8,3126
5,3108
10,3140
5,3122
3,3108
8,3140
5,3147
3,3108
5,3122
5,313
5,3147
3,3108
6,313
5,3122
5,3146
5,3130
5,3146
6,3126
8,3099
6,3140
5,3147
5,3146
5,3140
6,3099
3,3146
6,3130
8,3135
6,3159
5,3153
8,3139
5,3159
5,3153
3,3148
5,3144
5,3153
3,3135
8,3139
6,3128
5,3151
8,3144
6,3137
6,3128
3,3153
5,3137
8,3139
6,3128
5,3159
5,3148
8,3135
3,3153
5,3151
3,3148
6,3135
5,3139
5,2232
3,3148
5,2232
3,3128
6,3152
6,3128
5,3159
5,2232
3,3151
8,3144
8,3144
6,3137
6,3137
8,3216
3,3237
5,320
6,3226
3,3267
6,320
6,3230
6,3198
10,2660
5,3216
8,3230
6,3198
8,3230
5,3250
6,3226
3,3237
6,3226
5,322
8,3216
6,3198
3,3267
6,322
3,322
3,3257
8,2660
6,3257
6,3250
6,2660
6,3198
6,322
3,3237
6,3230
6,3198
3,3257
3,3257
8,320
3,3216
3,3237
5,3250
5,320
6,321
5,3251
8,3243
5,3251
5,3208
6,3243
5,3263
3,3263
3,3208
6,3268
5,3208
5,3268
5,3268
5,3242
8,3246
6,3268
5,3263
6,3246
8,3246
5,3267
5,3208
5,3251
5,3242
8,321
8,3268
5,3242
6,3243
8,3246
6,3242
5,3263
5,3243
6,321
6,326
5,3273
5,3260
3,3274
3,3276
3,3277
3,3273
8,325
3,3265
3,3274
3,3274
6,3259
8,325
5,3276
3,3277
5,3273
6,3276
3,3273
3,3276
5,325
8,326
3,3260
3,3260
8,326
6,3259
3,3277
5,325
5,3265
8,3259
6,3265
5,3265
5,3260
6,3259
6,326
6,3233
8,3261
6,327
6,3261
6,327
8,327
1,3294
6,3255
8,3247
6,3269
1,3294
6,3233
8,3247
3,3116
6,3255
3,3116
3,3255
5,3116
5,3281
5,3255
5,3261
5,3281
6,3269
6,3261
3,3294
6,327
5,3281
5,3281
6,3247
8,3269
8,3233
3,3116
6,3269
3,3309
8,3281
6,32
6,32
5,32
5,3289
6,3303
6,3301
5,3297
3,3279
6,3172
8,3301
6,3288
3,3279
1,3279
5,3289
6,3288
6,3172
3,3309
6,3172
5,3172
5,3303
6,3301
5,3297
3,3309
6,3288
3,3297
3,3279
6,3297
8,3301
6,32
5,3289
5,3303
3,3303
5,3289
6,3288
8,3302
6,3298
6,3302
3,3307
8,3287
8,3283
6,3307
6,3293
6,3287
6,3295
6,3286
5,3328
8,3295
8,3286
5,3307
6,3293
6,3293
5,3295
5,3307
5,3328
5,3304
3,3328
6,3286
5,3304
6,3286
8,3283
5,3307
6,3309
5,3283
3,3302
3,3298
5,3287
5,3304
5,3304
1,3328
5,3298
3,3298
5,3302
8,3293
8,3283
3,3215
5,3272
6,3322
3,3313
5,3254
3,3215
5,3319
5,3322
3,3313
5,3272
5,3300
5,3215
5,3300
5,3254
5,3254
5,3326
6,3296
5,3300
5,3319
6,3319
6,3296
5,3254
5,3322
6,3272
6,3272
3,3215
3,3300
8,3296
5,3326
5,3322
5,3326
5,3313
6,3313
6,3326
6,3296
6,3292
3,3292
3,3215
6,3319
8,330
5,3332
6,330
5,3320
3,3292
8,3305
3,3332
5,3317
6,3305
6,3299
8,3308
6,330
5,3332
5,3317
3,3332
6,3321
6,3305
5,3299
6,3320
5,3299
8,330
6,3321
6,3308
6,3320
5,3305
5,3321
8,3308
3,3320
5,3317
6,3292
5,3290
8,3345
3,3339
6,333
5,3290
6,3341
6,3314
8,333
3,3339
3,3345
5,3315
3,3339
3,3315
6,1670
5,333
6,3345
6,3341
8,3290
3,3345
6,3290
3,3315
5,3339
6,3314
3,3341
5,3315
5,1670
5,3341
5,333
8,3345
5,1670
5,3314
3,1670
6,332
6,3348
3,3335
6,3349
6,3349
5,3347
3,3350
1,3350
3,3335
6,3310
5,3310
6,3348
6,3349
5,3347
6,332
6,3348
5,3347
8,3352
8,332
6,3343
6,3348
8,3310
8,3343
6,3337
6,3342
6,3343
5,3349
3,3337
5,3350
5,3337
3,3342
8,3310
6,3335
5,3335
6,3337
5,3350
3,3347
5,3350
6,3342
3,3343
5,3342
3,2539
5,3125
5,3154
6,3149
3,3149
6,3157
3,3143
3,3125
5,3133
6,3143
3,3125
8,3133
3,3125
5,3152
6,3152
3,2539
5,3143
8,3133
6,3149
6,3154
5,3152
8,3133
5,3133
5,3154
3,2539
6,2539
5,3154
5,3149
3,3143
5,3333
5,3356
6,237
8,3344
3,3365
6,3344
8,237
1,3365
1,3365
3,3352
8,3354
6,3306
5,3356
6,3333
5,3352
5,3338
8,3338
3,3365
5,3351
1,3365
6,3344
6,3333
3,3352
5,3352
8,3346
8,3344
6,3346
8,3354
8,3306
6,3351
8,3333
8,3354
6,237
8,3354
3,3351
6,3338
6,237
3,3306
3,3356
8,3284
8,3284
3,3368
5,3340
6,3346
3,3361
8,3284
5,337
6,3359
3,3361
8,3284
6,334
6,3364
3,337
8,3359
6,3358
3,3361
8,3358
3,3373
6,3358
3,3373
6,334
3,337
3,3364
5,3359
3,3364
6,3368
6,334
3,337
3,3364
3,3361
5,3340
3,3373
5,3346
5,3359
5,3373
6,3340
8,3358
6,3388
8,3363
3,3388
3,3382
3,3375
6,3388
6,336
5,3371
6,3363
3,3375
1,3375
6,3388
5,3390
5,3390
1,3375
6,336
5,3363
3,3371
3,3385
3,3385
5,3353
5,3390
5,3368
6,3353
5,3390
6,336
3,3385
5,3382
6,3353
6,3374
3,3371
3,3371
5,3382
6,3374
6,3371
6,3353
6,3378
3,3381
5,3389
8,335
6,3386
8,3393
6,3393
6,338
6,3374
3,3393
6,3378
5,3379
5,3389
5,3381
6,3387
3,3389
3,3389
6,3386
8,3378
8,3379
8,3378
6,3381
8,338
6,3387
6,3386
3,338
6,338
5,335
8,335
6,3378
5,3381
6,3387
8,335
6,3374
5,3379
6,3387
3,3389
6,3379
3,3393
6,3386
6,3401
3,3380
8,3400
3,3266
5,3401
3,3395
6,3380
3,3376
5,3400
6,3394
6,3367
6,3401
5,3376
8,3367
6,3266
6,3367
8,3376
5,3266
8,3394
5,3380
6,3367
8,3394
1,3395
6,3384
6,3400
6,3376
3,3395
5,3400
3,3395
5,3266
8,3394
5,3384
8,3384
5,3384
5,3394
6,3399
6,3409
5,3224
6,3417
3,3408
6,3396
3,3407
1,3410
6,3401
6,3417
3,3407
6,3399
6,3408
3,3399
3,3224
6,3409
6,3409
3,3407
6,3409
3,3410
6,3403
6,3403
1,3410
8,3410
5,3403
3,3407
3,3408
3,3417
8,3396
5,3224
3,3408
8,3396
5,3399
5,3421
6,3415
6,3419
3,3366
5,3413
6,3413
8,3406
8,3406
6,3414
6,3405
5,3415
5,3414
5,3366
5,3414
3,3417
5,3426
8,3419
3,3416
6,3366
6,3426
5,3419
3,3415
3,3421
6,3405
3,3416
5,3413
6,3424
6,3406
3,3421
3,3406
6,3366
1,3426
6,3405
6,3360
8,3360
6,3413
3,3426
6,3360
6,3405
1,3416
3,3421
3,3360
6,3433
3,3433
6,3422
3,3424
5,2999
3,3432
3,3422
3,3432
5,3432
8,2999
3,1565
3,1565
8,1565
3,3430
5,3422
3,3431
3,3433
3,3432
3,1565
5,3430
5,3420
6,3430
5,3432
5,3362
5,264
5,3430
8,3420
1,3424
6,264
3,3424
3,3431
8,3420
6,264
3,3431
6,3362
5,2999
6,2999
3,3420
8,3362
3,3433
5,3422
3,3440
6,3398
3,3447
5,3440
5,3434
3,3440
3,3440
6,3434
5,3434
5,339
5,339
8,3450
5,3445
3,3428
8,339
5,3445
6,3427
3,3428
3,3437
3,3447
5,3445
6,3427
5,3362
8,3398
6,3445
8,3427
5,339
8,3450
5,3447
5,3428
3,339
3,3437
6,3427
6,3447
6,3437
5,3434
6,3398
8,3450
8,3428
3,3398
6,3362
5,3311
6,3448
6,3450
6,3449
5,342
6,3449
5,3411
3,3438
3,3449
5,3311
3,3448
5,342
5,3311
5,3444
3,3438
6,342
3,3448
3,3444
5,342
8,3311
5,3448
6,3438
3,3444
5,3411
5,3448
3,3444
5,3411
5,3456
6,3438
5,3411
8,3142
3,3098
3,3098
8,3142
6,3169
3,3169
3,3168
3,3165
8,3091
5,3163
3,3168
5,3091
6,3142
6,3157
8,3098
5,3165
3,3162
5,3091
8,3098
3,3165
6,3168
6,3163
5,3169
3,3098
6,3169
6,3157
8,3142
5,3163
6,3169
3,3165
6,3091
5,3163
5,3162
3,3169
5,3162
5,3463
5,3462
6,3441
5,3370
8,3453
5,3457
6,3455
5,3453
5,3453
6,3457
5,3463
1,3476
5,3453
6,3462
6,3441
6,3370
8,3462
3,3456
6,3455
5,3456
6,3370
3,3476
5,3463
6,3455
8,3441
1,3476
8,3455
6,3370
5,3456
6,3456
6,3370
6,3462
5,3453
6,3457
5,3462
6,3441
6,3370
5,3476
6,3457
5,3467
3,3479
8,3467
6,3443
3,3489
1,3489
6,345
3,3489
5,3466
8,3467
5,3472
3,3479
8,3436
6,3460
6,3460
8,3436
5,3472
6,3423
6,3423
3,3466
5,3460
6,3423
5,3472
6,3472
3,3467
3,3477
6,3443
6,3443
6,3436
8,3479
6,345
5,3479
3,3466
5,3477
8,3477
3,3466
5,3423
6,3470
5,3480
3,3485
3,3485
6,3485
8,3465
6,3435
8,344
5,348
5,3465
3,3485
6,3435
3,3493
6,3465
5,3478
3,3481
5,3493
5,3478
6,3480
5,3478
5,3480
1,3493
8,344
5,3470
6,345
5,3493
6,344
3,3480
8,344
8,3478
5,3465
5,3480
6,3481
5,348
6,3470
6,345
5,3470
6,3481
8,344
5,348
6,3502
6,3253
5,3501
5,349
6,3502
8,3486
8,3486
3,3486
6,3496
6,3435
8,3435
8,3486
6,3253
6,3501
5,3501
6,3499
6,3429
8,349
5,3429
8,3429
6,3496
6,3502
3,3496
5,3253
5,3496
6,3498
5,3504
3,3499
8,3498
6,3499
5,349
6,3499
6,3253
8,3498
5,3502
3,3501
6,3429
3,3501
6,3503
3,3518
1,3519
3,346
3,34
3,3517
5,34
8,3503
5,3454
3,34
5,3517
5,3504
5,3464
5,346
5,3517
5,34
5,3464
5,3464
5,346
5,3503
3,3515
3,3510
3,3517
5,3519
5,3518
6,3515
5,3510
5,346
5,3504
8,3518
5,3519
3,3510
6,3510
3,3515
5,3454
5,3454
5,3454
6,3518
3,3504
3,3519
3,3464
8,3490
6,3471
6,3526
5,3522
6,3523
3,3516
8,3490
3,3523
5,3531
3,3531
1,3532
5,3516
1,3529
6,3527
6,3526
5,3527
5,3471
6,3527
6,3526
5,3471
5,3523
1,3529
5,3526
5,3471
6,3490
5,3531
3,3529
8,3490
5,3516
5,3522
3,3523
3,3532
6,3527
6,3529
5,3531
5,3522
3,3516
5,3526
3,3534
3,353
3,3532
8,3483
3,3500
5,3534
3,3520
8,3528
3,353
3,3542
5,3512
8,3483
6,3536
5,3500
5,3520
6,3530
6,353
8,3534
5,3500
3,3500
5,3536
6,3534
5,3520
6,3520
5,3536
3,3532
8,3530
5,3512
8,3483
5,3530
6,3542
3,3512
8,3528
3,3520
3,3542
8,3528
8,3528
3,3512
5,3542
3,353
8,3483
6,3505
6,3535
5,3543
6,3512
3,3535
5,3505
6,3507
5,3539
3,3543
6,3543
5,3507
3,3549
5,354
6,2125
6,3543
8,2125
5,3549
6,2125
3,3507
3,3557
3,3539
5,3507
5,3549
5,3548
5,3548
3,3548
3,354
6,354
5,354
3,354
5,3505
5,3539
5,3549
3,3507
3,3548
3,3535
3,3539
5,3508
6,3508
8,3508
1,3566
3,3555
3,3566
6,3533
3,3557
6,3533
6,3544
3,3566
6,3544
5,3533
6,3544
3,3533
3,3557
5,3117
3,3566
3,3555
3,3564
6,3508
1,3564
5,3557
3,3555
6,3544
5,3117
6,3564
3,3555
5,3117
8,3497
3,3568
8,3547
5,3563
10,350
6,3513
8,3568
6,3513
3,3497
3,3567
3,3554
5,3562
6,3567
6,3497
8,350
5,3562
8,3513
3,3554
6,3554
6,3563
5,3497
5,3556
6,3562
5,3564
5,3565
5,3565
6,350
6,350
5,3568
3,3563
5,3562
3,3554
3,3567
3,3556
5,3556
5,3568
3,3565
3,3556
6,3513
6,3513
6,3065
6,3164
6,3178
3,317
3,3189
3,3170
1,3189
3,3190
6,3174
6,3164
8,3065
3,3178
5,3065
3,3170
3,3189
5,3065
3,3184
3,3184
5,3134
3,317
5,317
5,3134
5,3170
8,3134
5,3065
6,3065
6,3190
6,3164
6,3174
5,3190
3,3190
6,3164
5,3184
3,3170
5,3184
5,3170
3,3189
3,3134
6,3174
5,3174
3,3178
5,3585
6,357
8,3469
3,3585
8,3547
5,356
6,3550
8,3469
5,3578
6,3550
8,3469
5,3570
1,3553
5,3578
8,3547
6,3458
5,3550
6,357
6,3550
8,3579
5,3553
3,3585
5,3578
6,3570
1,3579
3,3585
5,3553
5,3553
3,3570
3,3458
6,3579
6,3458
6,357
6,3579
6,356
3,3579
6,356
6,3579
5,3578
8,3547
5,3574
6,3584
6,3571
3,3574
5,3598
3,3591
5,3588
6,3569
3,3584
3,3587
1,3591
6,3569
1,3598
3,3607
3,3607
6,3571
6,3574
5,3591
5,3584
3,3587
3,3598
8,3574
6,3607
6,3569
3,3598
8,3607
3,3584
6,3571
6,3569
6,3587
6,3571
6,3587
5,3606
3,3590
6,3575
5,3613
5,3593
3,3606
3,3611
3,3583
5,3577
6,3575
3,3590
3,3588
3,3576
5,3583
3,3583
5,3588
3,3611
3,3613
3,3613
3,3606
8,3593
6,3593
6,3576
6,3576
6,3575
3,3611
5,3606
5,360
6,360
5,3588
3,3576
3,3583
6,3575
5,3593
3,3611
8,360
6,360
6,3590
5,3588
6,3617
6,3617
5,3600
5,2785
8,3577
5,3599
5,3580
5,3612
6,3545
6,2785
6,3580
5,3601
6,3600
6,3599
5,3612
3,3599
5,3552
8,2785
8,2785
6,3577
5,3552
1,3601
5,3601
8,3552
6,3552
8,3552
5,3545
6,3577
3,3545
6,3580
6,3612
8,3617
5,3599
6,3600
6,3612
3,3545
3,3580
6,3600
3,3608
8,3597
8,3634
10,3639
6,3597
8,3597
5,3608
5,3596
5,3596
8,3626
5,3596
5,3641
5,363
5,3621
8,3621
5,3641
8,3621
8,3626
3,3627
5,363
5,3641
3,3639
3,3627
6,3596
3,3608
5,3627
8,3626
8,3597
6,3608
5,3608
3,3627
3,3641
8,3639
3,3639
1,3639
8,3626
6,3621
8,3634
8,3634
5,363
5,3633
6,3630
8,3636
1,3645
6,3646
5,3640
3,3633
3,3632
5,3645
8,3623
5,3632
8,3646
6,3636
5,3636
6,3646
6,3649
5,3640
6,3646
5,3645
8,3623
1,3645
5,3646
1,3645
3,3640
6,3623
3,3640
5,3632
5,3633
6,3649
6,3649
5,3630
6,3636
5,3623
5,3632
6,3649
3,3630
6,3630
5,3589
3,3638
1,2672
3,3589
5,3559
8,3647
6,3622
3,3653
5,3651
8,3589
6,3638
6,3622
8,3629
8,3647
6,3559
6,3629
8,362
6,3622
8,3629
6,3651
8,3647
8,3647
3,362
10,3589
3,3559
6,3622
6,3629
3,3651
6,3651
3,3559
3,3638
8,3638
5,3653
3,2672
6,3629
6,2672
1,2672
6,362
6,35
1,3657
8,3648
3,35
6,3642
6,3648
6,3635
3,3657
5,3642
1,3657
6,3642
3,3654
3,364
3,3616
3,364
5,364
1,3658
5,3635
8,3652
5,3653
3,3654
6,3654
3,3616
5,3654
6,3648
6,3652
5,35
3,3616
5,3658
3,3616
6,3652
5,3658
5,3648
8,35
6,3616
5,3653
8,3635
6,364
8,3635
3,3686
3,3666
1,3664
6,3660
5,3686
5,3666
1,3664
3,3661
5,3631
5,3670
5,3644
3,3666
3,3661
3,3664
8,3631
3,3686
3,3664
8,3644
1,3670
5,3666
1,3644
5,3670
8,3681
6,3663
6,3660
5,3670
6,3660
3,3644
6,3660
3,3686
5,3661
5,3681
5,3631
5,3663
6,3663
5,3681
8,3631
5,3692
6,365
3,3689
6,3678
6,3678
5,3671
6,3672
8,3677
5,3671
5,3674
6,3677
8,3680
3,3671
1,3689
5,3680
5,3674
6,3672
6,365
5,3672
3,3692
8,3619
6,3678
8,3619
8,3619
8,365
3,3692
5,3619
6,3677
3,3680
5,3680
1,3689
6,3672
3,3674
6,3677
6,3678
5,3671
3,3692
6,3619
5,3689
6,3111
1,3188
6,314
6,3186
3,3181
5,3188
1,3188
5,3191
5,3177
6,315
3,3181
5,3181
5,3180
5,3111
3,3188
5,314
8,315
6,3186
6,314
8,3177
5,3106
3,3177
8,3111
3,314
5,3180
6,3181
6,3186
5,3191
6,3111
5,3180
5,3186
8,315
6,315
3,3177
6,3106
3,3180
8,3186
3,3191
3,3106
5,3191
3,3710
5,3312
6,3688
3,3312
3,3695
8,3665
5,3695
6,3691
3,36
3,369
5,3665
3,3701
5,3688
3,3674
8,3312
3,369
5,36
3,3694
6,3682
8,369
6,3312
3,3702
5,3691
3,3701
3,3691
6,3695
5,3702
3,36
3,3688
8,3695
3,3694
3,3694
3,369
6,3694
6,3682
1,3665
3,3701
5,3688
3,3702
5,3665
6,3682
3,3684
6,3716
3,3713
5,3711
6,3711
6,3711
6,3285
8,3655
3,3698
10,3711
3,3684
3,3684
3,3716
1,3713
6,3655
3,3285
6,3673
8,3673
3,3719
6,3655
3,3285
8,3673
3,3710
3,3713
5,3710
8,3655
5,3710
5,3716
3,3706
5,3719
3,3719
6,3285
3,3713
8,3673
5,3684
6,3285
3,3719
6,3711
3,3706
1,3712
3,3714
5,3737
3,3729
6,3698
5,3737
5,3659
3,3698
6,3718
6,3659
5,3708
3,3712
6,371
5,3714
6,3659
3,3717
5,3717
6,3718
3,3698
5,3714
5,3712
6,3708
3,371
6,371
6,3718
8,371
6,3717
6,3708
6,372
5,3698
3,3737
3,3729
6,3718
5,371
5,3717
3,3712
8,3714
6,3729
3,3712
5,3717
8,3669
6,372
6,3594
6,3722
3,3594
6,3735
6,373
5,3687
5,373
6,3732
3,373
5,3594
3,373
8,3747
8,3687
6,3669
8,3747
8,3669
5,3732
8,3757
5,3594
6,3669
8,3735
8,3722
5,3687
6,3747
6,3735
3,3751
3,3732
3,373
6,3687
6,372
5,3757
6,3722
6,372
3,3751
8,3735
3,3757
6,3747
3,374
8,3744
5,375
5,3726
6,3524
6,3751
5,3744
5,3726
6,3739
6,340
6,3739
6,3752
5,3751
6,3746
6,3524
6,340
3,3524
5,375
3,3746
8,3524
6,3739
5,3752
6,3524
6,375
6,3726
3,374
8,3746
3,3752
5,3744
6,340
8,340
5,375
6,3746
6,340
8,3726
5,3744
5,3752
5,374
5,3739
5,374
6,3748
5,3731
6,3724
6,3731
6,3762
5,3748
8,3769
6,3762
5,3766
8,3749
3,3725
8,3762
6,3725
6,3761
5,3748
8,3724
5,3766
3,3731
8,3749
8,3749
3,3766
8,3748
3,3723
3,3761
5,3749
6,3731
5,3725
6,3761
6,3724
3,3766
6,3725
3,3769
6,3724
3,3762
3,3769
5,3767
3,3772
3,3776
5,3745
3,3779
3,3756
3,3705
5,3745
5,3779
6,3779
5,3723
3,377
3,377
3,3772
3,3776
5,3705
3,3777
3,3723
3,3767
5,3776
3,377
6,3772
3,3756
8,3738
5,3776
6,3745
3,377
3,3756
5,3756
5,3705
8,3738
3,3745
5,3723
6,3705
8,3772
3,3777
6,3738
5,3777
5,3767
3,3774
5,3783
3,3786
3,347
3,3775
8,3791
5,347
5,3774
6,3790
6,3743
3,3790
6,3768
5,3768
5,3791
3,3775
5,3786
6,3786
5,3774
6,3777
8,3743
5,3768
5,3768
3,3791
6,3768
3,3790
5,3775
3,3786
6,3791
5,3783
5,3783
5,3790
3,347
8,3774
3,3796
8,3795
6,3781
5,3809
3,3797
5,3804
1,3804
3,3804
8,3781
8,3787
8,3795
6,3805
6,3804
5,3799
6,3795
6,3809
5,3799
5,3796
6,3797
3,3799
8,3781
6,3797
6,3787
6,3787
6,3795
3,3809
6,3781
6,3787
5,3809
5,3799
8,3743
5,3743
5,3796
5,3797
5,3796
6,380
3,380
5,380
5,3816
6,3765
6,3785
3,3815
6,3785
5,3802
8,3785
5,3817
5,3817
5,3765
6,3765
6,3780
5,3817
5,3817
8,3785
5,3813
5,3813
3,3816
6,3780
1,3792
3,2856
6,3815
3,3792
6,3802
3,3813
5,3802
6,3780
5,3816
5,3815
5,3805
6,3780
5,3816
6,3805
3,3792
3,3813
5,3792
6,3805
5,3179
5,3194
3,3201
3,3203
6,3167
3,1838
3,3195
1,3175
6,1838
8,3187
3,3203
5,3167
8,3179
6,3187
3,3167
3,3175
8,3166
8,3179
6,3166
5,3187
6,3166
6,3192
3,3201
8,3192
3,3203
6,3179
8,1838
6,3167
5,3201
8,3194
8,3194
3,3195
5,3175
5,3166
5,3195
8,3194
8,3192
6,1838
3,3195
6,3192
3,3801
5,381
5,378
6,3560
6,3742
6,3819
6,3824
3,3819
5,3742
3,3824
5,37
8,3801
3,381
8,3818
3,378
3,3824
8,3818
6,378
6,3560
5,2856
3,3742
6,3826
5,37
8,3560
5,3826
8,3801
5,3826
5,37
6,381
5,3742
3,378
5,3819
8,3819
6,3818
6,3801
8,3560
6,3824
5,2856
1,37
8,3760
5,3810
6,3841
6,3831
6,3760
6,3810
5,3832
5,3831
8,3760
6,3827
3,3841
5,3835
6,3827
5,3835
3,3605
6,3827
6,3832
3,3831
8,3810
3,3832
5,3812
8,3778
8,3760
3,3841
8,3778
6,3778
5,3798
5,3798
6,3810
5,3831
8,3778
6,3827
3,3798
3,3835
5,3812
8,3818
6,3798
5,3835
3,3841
8,3812
5,382
6,3821
5,3847
8,3828
8,3847
5,3848
8,3847
5,3605
5,3840
5,3846
3,3605
5,384
3,3846
3,3848
6,3848
5,3840
5,384
5,384
3,3821
8,3847
6,3848
1,3605
3,382
3,3840
5,3821
5,382
8,3828
6,382
3,384
5,3828
1,3846
3,3840
5,3828
6,3846
6,3857
6,3863
6,3858
6,3858
8,3863
6,3854
6,3863
5,3620
3,3858
6,3854
5,3843
3,3668
6,3852
6,3851
5,3852
6,3843
3,3620
5,3852
6,3620
8,3857
3,3852
6,3843
6,3858
6,3863
3,3668
6,3851
6,3852
8,3843
6,3857
6,3857
6,3668
8,3851
8,3851
3,3852
8,3854
3,3668
8,3852
3,3876
6,3474
6,386
8,3872
6,3845
5,3876
3,3868
3,3876
3,3872
6,3862
5,3474
6,3474
6,3474
5,3875
5,3866
6,3844
5,3845
8,3844
6,3868
5,3866
6,3844
6,3862
3,3845
5,3872
6,3845
6,3875
6,3875
6,3862
6,3875
5,3876
5,386
8,3844
5,386
5,3872
6,3862
3,3868
5,3866
6,3866
8,386
5,3887
5,3870
3,3891
5,3885
5,3870
8,3873
3,3885
3,388
6,3877
3,3878
6,3822
5,3885
3,3887
3,3870
3,3882
8,3882
1,3878
6,3877
3,3822
6,3877
3,3891
8,3873
3,3891
5,3878
3,3885
5,3891
1,388
3,3870
5,3822
8,3873
3,3887
6,3877
8,3873
5,3878
6,3882
6,388
5,3891
6,3822
1,3887
6,3859
3,3888
8,3867
6,3881
6,3881
6,3886
3,3884
3,3886
3,3884
3,3888
3,3788
5,3890
3,3890
5,3874
3,3788
5,3890
8,3867
3,3788
8,3881
6,3874
8,3874
6,3886
5,3884
3,3890
6,3874
5,3867
5,3888
6,3881
1,3888
5,3886
10,3867
6,3788
5,3893
6,3899
5,3902
5,38
5,3899
5,3902
1,3855
5,3901
3,3913
5,3899
3,3855
5,3896
5,3913
5,3899
6,3901
5,3902
5,38
5,3733
8,3913
6,3859
6,3892
8,3892
6,3859
3,3913
5,3902
3,3855
5,3893
5,3733
5,38
8,3733
6,3896
5,3893
5,3855
1,38
6,3859
6,3892
5,3896
5,3896
6,3733
5,3901
8,3904
8,3903
3,3904
5,383
6,3898
5,3904
10,390
6,3898
6,3911
5,3897
8,3865
5,3904
3,3914
8,3911
6,3865
5,383
3,3898
8,3903
8,3865
6,3898
8,3911
8,3897
6,390
6,390
5,3914
5,3907
8,390
5,390
3,3911
3,3907
5,383
8,3897
3,3914
5,3897
5,383
8,3903
5,3907
3,3908
5,3920
8,3906
5,3894
6,3924
8,3929
3,3929
8,3920
10,3908
5,3921
5,3926
5,3924
8,3926
8,3894
5,3930
3,3929
8,3910
8,3906
5,3903
6,3908
6,3921
6,3894
8,3910
8,3894
8,3910
5,3926
3,3921
8,3908
5,3924
6,3920
6,3910
8,3906
6,3929
5,3921
8,3906
5,3160
6,3145
5,3160
3,3193
6,3193
3,3160
3,316
6,318
3,3193
5,3214
5,3210
6,3145
5,3210
6,318
5,3145
3,316
8,31
6,318
3,3193
6,3202
8,3145
5,3214
6,31
5,3214
8,3145
5,3214
6,3202
6,3210
8,31
5,316
5,3210
5,316
6,318
6,316
8,31
5,3915
5,3933
3,3823
3,3915
5,3930
5,3930
1,3932
3,3922
5,3923
3,3932
3,3823
8,358
5,3936
3,3925
5,3933
3,3923
6,3923
5,3879
6,3936
3,3823
5,3879
6,358
5,3936
5,3823
3,3923
6,3930
3,3915
5,358
3,3932
8,3879
5,3930
3,3879
5,3930
3,3925
3,3932
6,3933
8,358
6,3923
1,3940
6,3925
3,3925
5,3944
5,3900
6,3928
3,3830
3,3944
3,3922
8,3944
6,3830
6,3900
5,3937
6,3944
6,3491
6,3937
5,3922
3,3954
6,3928
3,3954
8,3830
6,3928
1,3954
8,3900
6,3900
5,3937
6,3905
5,3491
6,3922
8,3900
8,3905
6,3491
3,3491
3,3905
6,3944
3,3830
3,3954
3,3491
5,3939
3,392
3,3945
8,3957
5,3949
6,3949
8,3957
5,3939
6,3949
8,3948
3,3945
3,3953
5,3905
6,3945
3,3948
3,3939
3,3953
5,3949
6,3945
6,3957
5,3957
3,393
3,392
6,3949
6,3949
5,3953
5,3939
1,393
3,393
1,3953
6,3948
5,392
6,393
3,3949
8,3939
3,3967
5,3952
3,3916
5,3975
3,3961
5,3916
6,3946
5,3916
6,3960
6,3934
5,3952
3,3934
5,3916
5,3961
5,3960
6,3965
6,3946
6,3961
5,3949
6,3941
5,3967
5,3952
6,3965
6,3959
5,3975
8,3965
3,3916
6,3941
3,3934
8,3960
5,3967
5,3975
5,3975
6,3941
6,3959
5,3959
5,3952
3,3967
8,3960
5,3965
3,3955
3,2863
6,3969
6,3938
5,3955
8,3946
8,2863
6,3971
8,3969
6,3942
8,3963
6,3971
6,3955
8,3963
5,3969
5,397
5,3938
6,3942
6,3969
3,397
3,397
6,3971
8,2863
8,3963
5,3938
6,3946
6,3971
6,2863
5,3942
5,3955
5,3963
3,397
5,3942
5,3986
6,3988
3,3980
6,3982
8,3981
6,3988
6,3973
5,3980
6,3984
8,3986
6,3988
6,3986
8,3984
6,3981
8,3988
5,3968
6,3984
6,3973
6,3982
6,3972
6,3982
6,3972
6,3981
6,3968
5,3972
5,3980
8,3988
6,3984
6,3973
5,3982
6,3973
5,3968
3,3968
6,3988
3,3784
3,3999
3,3
6,3998
6,3784
3,3
6,3996
6,3972
5,3994
6,3978
8,3999
8,3994
6,3
3,3998
6,3998
8,3995
8,398
6,3987
8,398
3,3784
5,3999
6,3784
3,3994
6,3998
5,3
5,3994
5,3998
6,398
5,3995
8,3996
5,3986
6,3987
6,398
5,3996
5,3987
6,3987
6,3979
5,3978
8,39
6,3989
5,3985
6,3978
6,3978
6,3989
6,4009
5,3985
8,39
8,3979
8,39
6,4009
8,3985
6,4005
8,3985
6,3979
8,4007
6,3979
3,4009
5,4005
6,4005
5,4007
5,4005
5,3985
6,4007
8,39
5,4009
6,3989
3,4018
6,4012
8,3993
3,4017
6,4006
6,4020
5,4017
10,3990
3,4015
6,4017
6,4016
8,3993
5,3993
6,3997
5,4018
8,4006
5,4017
6,4015
6,4012
6,4006
6,4016
6,4011
6,3997
5,4015
5,3990
3,4018
5,3997
3,4020
3,4020
3,3997
8,3990
6,4011
6,4012
5,4011
6,4012
8,4016
6,4017
8,3990
3,4015
5,4015
5,4019
3,4039
6,4023
3,4022
8,4023
3,4022
6,3628
6,4021
8,4022
6,4022
3,4031
6,4002
6,4019
5,4023
6,4022
3,4039
3,4010
6,4002
5,4019
5,4039
6,4002
3,3461
5,4018
5,3628
8,4019
5,4010
6,4031
8,4010
6,4021
1,3461
5,3628
6,4010
6,4002
8,4033
6,4023
6,4021
3,4031
3,3461
5,3461
6,3628
3,3239
6,3218
5,3239
5,3218
6,3239
6,3211
8,3227
5,3227
6,3202
6,3205
3,3218
5,3205
8,3231
3,3211
5,319
5,3231
5,3211
5,319
3,319
5,3218
5,3211
5,3231
5,319
5,3239
8,3202
3,3205
5,3231
3,3218
6,3227
3,3227
6,3205
5,4030
6,4025
5,3956
3,3956
8,4032
6,4032
6,4030
3,4001
6,4036
5,385
6,4036
3,4030
5,3956
5,385
8,403
6,4025
6,4033
3,4030
5,4013
6,385
6,4025
6,403
6,4032
6,403
3,4013
6,4033
6,4032
6,403
6,385
3,4036
8,3956
5,4013
5,4001
5,4001
5,4038
6,4046
8,4029
3,4045
8,4037
6,4028
3,399
6,4046
6,4029
6,4035
3,4037
8,4038
6,4028
5,4044
5,4038
6,4047
6,4037
3,4035
8,4029
3,4045
5,4045
1,4044
6,4029
5,4028
5,4035
3,4045
6,4038
6,4035
3,4044
6,4046
5,4044
6,4047
6,399
1,399
6,4047
5,4028
3,4014
5,4054
3,4034
5,4050
6,4043
5,4043
5,4051
1,4060
6,3970
6,4026
5,4026
5,4034
5,4054
3,4003
8,4048
3,4014
6,4003
6,4050
3,4060
3,4060
6,3970
6,4026
8,3970
6,4026
5,4054
3,4060
6,4048
5,4014
5,4051
6,4003
6,4050
6,4048
6,4050
6,4051
5,4048
3,4014
3,4043
6,4003
6,4026
8,4054
5,4034
8,4053
3,4076
3,400
8,400
6,4042
8,400
3,4073
5,4073
3,4058
1,4049
8,4053
1,4053
3,3789
6,3789
8,400
6,4053
6,405
3,4052
3,3789
5,4076
6,4052
6,405
6,405
3,4058
3,4053
6,405
3,4052
6,4049
1,4058
3,4073
5,4042
5,4049
6,4073
3,4076
6,3789
3,4076
3,4052
5,4058
5,4049
3,4069
8,4070
8,4061
3,4024
3,4086
5,4024
5,407
6,407
5,4024
6,407
5,4069
3,4068
8,4068
6,4061
6,4070
5,4042
6,4068
6,4069
6,4024
5,4042
5,407
6,406
8,4068
8,4086
5,4070
6,4061
8,4061
5,4069
6,4055
3,4070
8,4055
8,406
6,4055
3,406
6,4024
5,406
5,4085
5,4086
1,4084
1,4059
6,4063
5,4062
5,4071
5,4092
3,4080
6,4062
5,4092
1,4059
3,4080
3,4080
5,4085
8,4059
6,4092
5,4088
3,4062
5,4085
3,4086
1,4080
8,4059
5,4091
3,4071
8,4063
8,4071
5,4063
6,4084
6,4062
6,4091
6,4063
6,4084
6,4071
5,4085
5,4091
3,4092
5,4091
5,4098
8,4099
5,4100
3,4098
6,4089
6,4099
5,4095
3,4082
5,4104
5,4075
8,4081
3,4104
3,4098
3,4104
6,4081
5,4089
6,408
5,4075
5,4088
5,4095
8,4081
3,4075
3,4100
6,4082
6,408
5,4082
8,4099
6,4081
3,4095
5,4088
1,4100
6,4089
8,408
8,4088
6,4089
6,4098
8,4099
6,4100
6,4082
3,4095
5,4057
6,4041
3,4110
5,4090
6,4041
6,4094
6,4056
6,4110
6,4096
6,4041
8,4096
5,4041
5,4116
5,4057
6,4041
3,4110
6,4056
5,4094
8,4056
5,4105
3,4116
8,4110
3,4116
6,4094
6,4094
6,4104
6,4057
6,4041
6,4090
5,4096
3,4105
5,3402
6,4105
5,3402
3,4090
6,4057
5,4116
5,3402
8,4096
6,4072
6,4072
6,4128
5,4128
1,4128
3,4128
5,4056
6,4072
3,3221
3,3226
1,3221
5,3225
5,3241
3,323
3,3228
1,3241
5,3221
3,3207
6,3239
5,3228
5,3241
3,3221
6,3225
3,3207
6,3204
5,3223
6,3240
5,3240
5,3207
6,3053
6,3053
3,3223
6,3204
3,3240
6,3225
5,3223
6,323
3,3207
5,3228
5,3223
5,3241
6,3225
8,323
3,323
3,323
6,3053
6,3240
8,3821
6,4030
3,4107
8,4111
6,4109
8,3794
3,4107
3,4136
3,4113
6,4078
5,4107
6,4111
3,4111
5,4078
5,4126
8,3794
8,4118
8,4078
6,4109
5,4113
5,4113
8,4118
8,3794
5,4078
6,4126
6,4113
8,4126
3,4107
8,3794
8,4118
6,4118
6,4111
3,4136
6,4109
6,4126
8,4109
6,4136
6,4078
8,4111
5,4111
6,4139
8,4129
3,4143
5,4124
8,4132
3,4132
8,4103
8,4125
5,3917
5,4132
3,4130
8,4125
8,3917
8,4132
5,4124
3,4130
8,4103
6,3917
8,4103
10,3917
5,4129
5,4124
8,4129
5,4139
3,4124
6,4124
3,4143
5,4129
6,4124
3,4143
3,4130
6,4125
8,4125
6,4103
6,4203
5,4226
5,40
5,4220
6,40
5,4236
5,4236
3,4220
6,4203
5,4218
8,4231
8,4231
5,4218
6,40
6,4221
3,4220
3,4236
5,4203
3,4238
5,4226
5,4238
5,4238
5,4226
6,4231
5,4220
5,4218
3,4234
6,4221
6,4234
5,4236
6,4221
6,4203
5,4250
5,4250
6,4226
3,4238
6,4218
6,40
6,4234
3,4246
3,2907
3,4259
6,4247
3,4256
8,3964
3,4247
3,4235
5,3964
5,3964
6,4235
3,4257
5,4189
5,4247
3,4257
5,4241
5,4241
5,4247
3,4259
3,2907
6,4244
3,4259
6,4189
6,4250
3,4257
3,4257
1,4241
6,4244
3,4244
5,4235
5,4235
6,4244
8,4247
5,4256
5,4256
6,4244
3,4246
3,2907
3,4246
5,2907
3,4241
3,4258
6,4258
5,4265
5,4227
6,4255
3,4254
6,4239
8,4228
1,4251
6,4255
6,4214
5,4251
8,4228
8,4227
8,4228
5,4277
8,4239
6,4214
3,4254
8,4189
6,4239
3,4265
5,4265
6,4251
8,4228
5,4254
5,4255
3,4254
8,4227
6,4189
5,4265
6,4214
5,4258
3,4258
6,4277
8,4227
5,4251
3,4255
8,215
6,4269
5,4273
3,4273
3,4273
6,4271
5,4277
6,4264
3,4232
8,4264
6,4232
3,4263
8,4271
8,4264
8,4232
8,4276
6,4230
8,215
6,4269
3,4263
8,215
6,4269
5,4276
3,4205
6,4271
8,4264
8,4269
3,4273
6,4271
6,4277
6,4205
6,4230
6,4230
3,4263
8,4205
5,4276
5,215
5,4263
6,4205
5,4272
6,4285
5,426
8,4287
5,426
5,4279
3,4210
6,4210
6,4243
5,4243
5,4279
6,4290
6,4261
8,4287
6,4261
6,4272
8,4210
3,426
6,4261
5,426
8,4243
3,4272
3,4279
6,4290
6,4287
6,4261
3,4285
6,4290
5,4285
5,4279
6,4287
3,4285
5,4272
5,4243
5,4280
6,4065
3,4293
8,427
3,4294
6,428
6,4065
3,428
6,4286
8,4268
6,4268
8,427
6,428
5,4210
5,4280
6,4294
6,4294
3,4294
8,4065
8,4210
6,4286
6,422
6,422
3,428
5,422
6,4268
6,427
5,422
6,427
6,4286
6,4065
5,4293
3,4293
6,4280
5,4268
8,4262
6,4307
8,4262
6,4274
5,4291
3,4304
8,4262
1,4295
6,4307
3,4303
3,4292
6,4102
8,4303
6,4102
6,4252
5,4304
3,4303
6,429
5,4274
6,4102
5,4291
3,4252
1,4252
6,4295
5,4289
5,4307
3,4303
6,429
6,4291
3,4295
6,4289
5,4252
8,4307
6,4292
8,429
6,4292
6,4291
5,4292
6,4274
5,4274
5,4304
8,4312
3,4324
6,4306
5,4313
5,4267
5,4312
6,4299
8,4311
5,4289
8,4306
8,4299
6,4312
5,4267
1,4324
6,4311
6,4311
6,4300
5,4306
8,4283
5,4283
5,4296
6,4299
3,4300
8,4306
3,4296
3,4267
5,4313
8,4300
3,4305
6,4267
6,4299
6,4305
8,4305
3,4313
5,4300
1,4324
8,4283
6,4289
5,4312
3,4313
8,4311
8,4283
8,42
6,431
8,42
6,4301
8,42
1,4328
8,431
8,4301
5,431
6,4301
3,4322
8,4330
5,4322
3,4318
3,4316
5,4322
3,4322
6,4318
5,4321
6,4330
3,4316
6,4330
8,4330
5,4328
3,4316
5,4321
3,4328
3,4328
8,4321
5,4321
6,4296
6,431
6,431
8,4318
6,4316
5,4344
5,4331
3,4334
8,4278
8,4245
6,4278
5,4320
3,4344
6,4315
8,432
8,4315
3,4334
3,4331
8,4278
1,4342
3,4331
6,4315
6,4310
8,432
3,4342
5,4342
5,4344
6,4315
5,432
6,4344
3,4320
6,4334
5,4320
8,4310
8,4278
6,4338
6,4317
3,4334
5,4320
8,4245
5,4310
3,4342
5,4338
6,4245
3,4152
3,4147
5,4142
5,4145
5,4156
6,4142
5,4077
8,4139
6,4148
5,4155
5,4139
3,4147
3,4155
3,4152
6,4077
5,4127
5,4145
5,4155
5,4155
8,4077
6,4142
5,4156
6,4148
5,4148
6,4127
6,4145
6,4148
3,4152
5,4156
3,4152
6,4127
6,4127
5,4145
3,4147
3,4147
6,4353
6,4317
3,4326
3,4336
6,4309
8,4338
6,4346
3,4341
6,4338
6,4270
5,4336
6,4333
3,4333
5,4353
6,4317
8,4317
3,4348
5,4346
8,4326
8,4333
6,4270
5,4348
1,4326
5,4309
3,4346
6,4348
6,4346
8,4348
3,4336
6,4353
5,4341
5,4353
3,4326
3,4341
5,4270
3,4309
6,4270
6,4336
6,4309
5,4359
6,4355
5,4357
5,4281
3,4345
8,4281
5,4281
6,4352
3,4347
3,4355
3,4360
5,4281
6,4351
6,4358
5,4358
3,4358
6,4357
3,4351
6,4352
3,4360
6,4352
5,4359
5,4352
3,4347
5,4355
5,4347
3,4360
5,4351
3,4358
3,4345
5,4357
5,4347
5,4351
3,4355
3,4347
5,4352
5,4357
5,4345
5,4347
6,4361
6,4365
5,4376
5,4378
3,4359
6,4339
6,4319
6,4339
6,4319
6,4376
6,4357
5,4370
8,4319
8,4361
3,4359
1,4370
5,4365
6,4361
3,4378
6,4319
8,4376
5,421
3,421
6,4359
5,421
5,4339
3,4370
6,4375
6,4365
6,4378
5,4376
6,421
3,4375
5,4370
5,4375
8,4365
5,4375
6,4361
3,4373
5,4363
5,4362
6,4386
6,435
8,4327
6,435
6,4368
8,4362
8,4368
3,4382
8,4327
8,4377
8,435
5,4363
5,4382
6,4368
6,4362
5,4373
6,4373
5,4327
3,4382
3,4386
6,435
3,4368
5,4387
5,4363
6,4377
5,4386
1,4367
5,4377
6,4367
6,4367
5,4377
3,4386
3,4382
5,4327
5,437
5,437
5,4385
5,4380
5,4392
6,4380
5,4383
8,4308
6,4380
5,4308
5,4385
5,4384
5,4385
6,4392
3,4384
6,4384
5,4384
8,4308
5,4380
6,4387
6,437
5,4385
6,437
5,4387
3,4392
6,4394
8,438
3,4391
5,4391
6,438
6,438
6,4404
3,4405
8,4394
3,4405
6,4394
3,4329
3,4329
5,4399
5,4399
6,4383
5,4383
3,4405
5,4399
6,4119
5,4395
3,4395
8,4119
8,438
6,4404
3,4404
5,4329
3,4395
6,4405
3,4394
5,438
5,4391
8,4399
5,4395
3,4404
5,4417
8,4419
6,4415
6,4408
6,4417
8,4397
6,4415
3,4424
8,4427
8,4400
8,4397
5,4419
8,4400
6,4397
6,4427
3,4350
6,4415
3,4350
5,4417
3,4417
6,4419
5,4408
10,4397
3,4424
6,4350
6,4419
6,4419
5,4408
5,4424
6,4400
6,4119
5,439
6,4364
1,4425
6,4418
1,4425
5,4428
5,4422
3,4425
6,4379
3,4421
5,4428
6,439
6,4379
3,4427
6,4428
5,4372
6,4418
6,4364
5,4425
8,4418
8,4364
6,4372
6,4418
3,4372
5,4422
3,4428
6,4421
1,442
6,4372
6,4379
6,4379
8,4364
3,442
6,442
5,4427
3,4422
5,4422
5,442
3,4421
5,4433
8,4340
6,4435
6,4438
5,4429
3,4435
3,4435
5,4390
6,4433
6,4433
3,4423
3,4402
5,4438
6,4429
3,4406
6,439
5,4402
3,4435
5,4423
8,4390
5,4438
8,4340
6,4406
8,4340
6,4423
5,4406
6,4435
3,4402
6,4423
6,4429
5,4390
6,4423
6,4438
5,4390
3,4446
3,4452
8,4122
6,441
5,4446
6,441
5,4420
5,4436
3,4122
3,4439
6,441
6,4429
3,444
5,444
8,4420
3,444
6,4446
6,4429
5,4436
6,4448
3,4436
3,4439
5,4436
8,4420
5,4446
3,444
6,4122
6,441
3,4448
6,4446
5,4448
8,4122
3,4439
8,4420
5,4439
3,4168
8,4153
6,4154
6,4146
3,4138
5,4160
3,4134
5,4168
5,4168
5,4153
3,4134
3,4134
6,4154
5,4120
5,4153
3,4160
5,4120
3,4167
6,4120
6,4146
3,4160
5,4138
6,4154
6,4120
5,4146
6,4138
6,4138
3,4160
3,4120
6,4154
3,4168
5,4153
6,4146
8,4437
8,4437
8,4437
8,4430
3,4468
6,4450
6,4440
6,4443
6,4443
3,4455
8,4443
6,4440
5,4455
6,4463
3,4463
5,4457
8,4437
5,4452
5,4468
6,4463
3,4457
6,4440
3,4455
5,4468
5,4455
3,4463
8,4443
8,4430
3,4452
8,4440
8,4440
3,4457
5,4457
3,4452
10,4430
5,4474
3,4456
3,4458
3,4474
5,4462
8,4453
5,4462
6,4459
5,4474
6,4466
5,4454
5,4466
5,4454
5,4458
8,4459
3,4458
6,4456
5,4453
6,4459
5,4466
8,4450
8,4456
5,4450
3,4475
5,4466
3,4462
5,4483
6,4475
3,4454
5,4474
6,4456
6,4450
6,4453
3,4475
5,4454
8,4453
3,4453
5,4462
5,4475
5,4458
5,4472
8,4483
6,4388
3,4481
8,4485
5,4470
6,4481
8,4461
3,4461
6,4461
5,4489
8,4477
6,4489
3,4477
5,4483
6,4477
6,4485
5,4388
5,4472
5,4388
3,4472
6,4470
5,4472
5,4489
6,4485
6,4483
5,4481
8,4489
5,4485
8,4481
5,4470
6,4483
6,4477
3,4461
6,4470
6,4401
6,4479
3,4487
5,4479
6,4497
8,4480
6,4491
8,4492
6,4407
8,4407
6,4492
8,4492
8,4479
6,4479
6,4492
8,4491
5,4497
5,4431
8,4491
5,4497
6,4479
6,4501
3,4487
6,4492
5,4388
5,4407
6,4497
8,4501
8,4401
6,4501
6,4431
5,4491
3,4487
6,4501
6,4407
8,4480
5,4480
8,4401
6,4469
6,4476
8,4431
6,4449
6,4449
6,44
6,4476
6,4449
8,4469
6,44
8,44
6,449
5,4486
1,4465
5,4486
5,449
5,446
6,4469
5,446
5,449
5,4449
5,4465
5,449
6,4486
6,446
8,4476
5,446
6,4465
8,4476
3,44
6,4465
5,4486
5,4431
6,4502
5,4509
6,4513
5,4513
5,4513
5,4538
6,4525
6,4515
6,4515
6,4502
3,4529
6,4525
6,4509
6,4519
8,4520
6,4530
8,4520
5,4509
8,4519
6,4530
3,4538
6,4515
3,4525
6,4513
3,4529
5,4509
8,4502
3,4538
6,4519
5,4515
8,4520
6,4519
8,4520
3,4525
8,4529
3,4529
6,452
6,4527
8,4508
6,4508
5,4531
6,4493
8,4503
6,4527
3,452
6,4528
6,4493
8,4531
5,453
5,452
8,4527
8,4528
5,4530
6,4527
6,4493
6,4530
5,4530
6,4503
6,4493
6,4527
6,4508
6,4518
8,4503
8,4528
8,4503
3,4530
6,453
6,4528
8,4518
6,4527
5,452
6,4518
6,4531
5,4531
5,4550
8,451
5,4543
6,4557
6,4549
8,451
3,4549
5,4550
10,4550
3,4550
5,4549
5,4557
3,453
6,4549
6,451
3,4557
6,4545
5,4545
5,4542
5,4550
6,4542
3,4545
6,4557
3,4549
1,4545
5,4542
5,453
5,4543
5,4542
8,4543
8,451
8,4543
6,454
3,4548
3,4552
8,4559
5,4555
3,4555
3,454
8,4559
8,4563
5,4544
6,4548
5,4564
3,454
5,4565
6,4566
3,4548
6,4565
6,4563
5,4544
6,4566
6,4565
5,4563
5,4555
3,4559
6,4544
3,4552
6,4544
6,4566
6,4548
6,4552
6,4569
5,4566
5,4552
5,4563
6,4552
5,4559
3,4555
5,4564
6,4564
5,4564
6,4159
3,4158
6,4159
3,415
8,4159
5,4173
5,412
5,4158
5,413
5,4064
6,4167
5,4173
5,4165
6,415
8,415
5,4158
6,412
5,4158
5,415
3,4173
6,4064
5,4064
6,4165
8,4167
3,3991
6,413
3,412
8,413
10,4064
5,4165
3,4167
3,4173
3,4588
6,4588
5,4560
8,4521
5,4569
5,4413
5,4580
6,4524
5,4560
5,4587
6,4572
6,4577
8,4577
6,4569
5,4577
8,4471
5,4471
8,4521
5,4560
6,4521
6,4587
3,4580
3,4413
5,4580
5,4560
3,4587
5,4413
6,4577
6,4471
6,4580
8,4521
3,4572
3,4572
3,4588
3,4560
5,4587
3,4580
6,4471
5,4413
3,4572
8,4584
6,458
5,4584
3,4554
3,4567
6,4570
5,4600
8,4570
3,4567
8,4562
6,4524
8,4524
5,4586
3,4567
6,4570
3,4570
6,4586
8,4562
6,4524
5,458
3,458
3,4584
5,4567
8,4562
8,4554
3,4567
5,458
5,4586
8,4562
5,4554
6,4586
3,4593
6,4605
3,4596
5,4602
3,4593
5,4595
8,459
5,4595
5,4596
3,4600
3,4593
3,4595
3,4602
3,4582
3,459
3,4602
6,4593
5,4582
5,4601
6,4596
5,4601
5,4601
5,4601
3,4596
8,4595
3,4582
6,4602
3,4605
5,4600
3,4582
5,4595
6,459
6,4613
5,4599
5,4599
3,4608
5,4606
3,4605
5,4613
8,4598
3,4618
6,4608
6,4591
3,4606
3,4622
8,461
3,4608
3,4540
8,461
3,4618
8,461
3,4598
3,4613
6,4598
3,4622
5,4591
8,4591
6,4622
3,4599
3,4613
5,4622
5,4540
3,4540
5,4606
5,4618
3,4621
6,4610
3,4597
6,4571
8,4592
3,4621
3,4610
8,4592
6,4612
6,4610
5,4597
6,4571
6,4624
5,4597
6,4632
5,4604
6,4592
6,4612
3,4612
5,4604
6,4610
6,4604
6,4597
8,4632
5,4599
6,4632
6,4632
6,4571
6,4621
3,4599
5,4604
5,4643
3,4633
6,4638
8,4619
3,4643
3,4643
6,4626
6,4624
3,4636
5,4636
3,4349
6,4626
3,4633
6,4349
6,4619
6,4638
6,4633
5,4432
3,4637
1,4432
5,4626
6,4629
3,4633
3,4630
8,4619
6,4638
5,4637
5,4629
3,4432
6,4349
5,4629
5,4624
5,4638
3,4629
3,4643
1,4432
6,4619
3,4637
6,4637
3,4636
3,4650
3,464
6,4639
5,4644
5,4630
8,4639
3,462
5,4650
3,462
6,4630
1,4650
5,464
3,4630
5,464
5,4650
6,462
6,4639
3,4650
6,4640
8,4615
5,4646
3,4636
8,4646
3,4657
6,4644
3,4657
8,4615
8,4639
6,4646
6,4642
5,4657
6,4642
8,4603
5,4646
6,4657
8,4642
8,4644
3,4615
8,4603
6,4642
6,4603
8,4640
8,4616
8,4649
6,4594
5,4645
3,4594
8,4620
5,465
6,4649
8,4620
3,4594
5,4641
6,4616
6,4616
6,4645
3,4655
6,4594
3,465
6,4620
3,465
5,4647
3,4647
5,4641
5,4649
6,4640
6,4640
5,4647
3,465
6,4647
3,4655
6,4640
6,4641
5,4655
6,4645
5,4620
3,4660
6,4645
5,4649
5,4655
6,457
8,4659
3,4660
3,4670
3,4578
6,4658
6,4653
6,4668
3,4668
8,4659
3,4660
8,4665
5,4578
5,457
6,4653
3,4670
6,4653
8,4658
6,4652
5,4670
5,4648
8,4648
6,4659
3,4578
8,457
5,4648
5,4665
3,4670
3,4668
6,4659
6,4652
8,4652
6,457
5,4660
3,4668
6,4658
6,4665
3,4578
3,4578
8,4607
5,4676
3,4684
6,4695
6,4674
5,4653
5,4607
5,4689
6,4674
6,4607
8,4676
3,4689
3,4684
6,4680
3,4684
8,4667
5,4680
6,4689
6,4667
6,4677
3,4695
5,4674
3,4676
5,4684
5,4607
6,4667
5,4607
8,4677
3,4695
3,4680
8,4677
3,4684
5,4680
6,4667
8,4674
5,4689
6,4169
6,4179
5,417
3,3451
3,3451
3,4181
6,4169
5,3991
3,4135
6,4180
5,4170
5,4183
3,3991
6,4183
8,4179
1,4135
3,4135
6,4170
6,4170
5,4180
8,4180
5,4183
3,417
5,4174
5,4169
5,4181
8,417
3,4174
5,4174
6,417
3,4135
5,417
6,3451
5,3991
8,4180
6,4174
8,4179
6,4169
3,4181
8,4656
6,4628
5,467
8,4679
8,4678
6,467
5,4673
6,4656
6,4679
8,4678
5,468
10,4628
6,4679
6,4679
6,468
3,4681
6,4678
8,4656
8,4678
5,4673
5,4628
5,4681
3,468
5,4673
5,4673
6,4681
6,4656
6,467
6,4628
8,4687
5,4705
3,4662
6,4696
3,469
5,4697
5,4651
3,4694
3,469
3,4697
6,4651
3,4687
5,469
5,4705
3,4687
6,4662
5,4651
8,4694
3,4702
5,4702
3,4687
5,469
6,4696
6,4694
5,4662
6,4694
6,467
5,4694
5,4702
8,4697
5,4702
3,4696
3,4687
3,4651
6,4705
6,4662
5,4704
3,4716
8,4703
5,4664
8,4686
8,4703
5,470
5,4690
6,4716
5,4690
5,470
6,4690
8,4675
5,470
8,4712
3,4704
6,4664
8,4675
5,4705
5,4704
3,4664
5,4716
8,4688
8,4686
6,4690
5,4703
6,4716
8,4686
5,470
6,4688
10,4688
5,4704
6,4675
6,4703
8,4675
5,4664
8,448
6,4723
6,4711
5,4720
6,4720
8,4712
6,4711
5,4726
8,448
6,4712
8,4712
8,4723
3,4720
6,4711
5,4726
3,4711
5,4693
6,4693
3,4726
5,4726
3,4707
6,4723
6,4712
5,4707
5,4726
5,4700
6,4693
5,4707
3,4700
5,4707
5,4693
6,448
3,4700
6,4708
5,4733
5,4738
6,4708
5,4725
5,4719
3,4725
3,4727
5,4738
8,472
6,4727
5,4738
8,472
5,4719
1,4733
5,4719
6,4708
6,4724
6,4708
6,4727
5,4719
3,4733
8,4724
3,4733
6,4738
6,472
3,4748
1,4725
6,4729
6,4724
8,4727
6,4708
6,4748
8,4724
6,472
8,4729
8,4729
8,4729
3,4725
5,4748
3,4734
5,4713
6,4631
5,4735
6,4713
8,4631
6,4730
6,4666
6,4730
5,4666
6,4735
5,4713
8,4631
8,4744
6,4743
5,4735
8,4730
6,4743
8,4744
8,4743
6,4744
5,4748
8,4713
8,4666
6,4730
5,4631
5,4734
8,4744
6,4666
6,4735
8,4742
3,4742
8,4734
6,4734
5,4747
6,4743
6,4746
6,4706
3,4761
6,4749
6,4752
8,4749
3,4759
3,4706
3,474
3,4732
3,474
6,4746
3,4759
5,4706
6,4747
5,4736
5,4736
5,4761
5,4755
6,4746
5,4761
8,4752
8,4755
3,4759
6,4749
5,4736
8,4742
8,4761
5,4747
6,474
5,4736
5,4732
6,4746
6,4732
6,474
8,4749
3,4755
3,4706
3,4761
6,4753
3,4672
3,4781
1,4785
6,4753
1,4774
1,4672
8,4770
6,4672
3,4754
8,4752
3,4780
3,4781
3,4772
3,4774
8,4753
3,4782
6,4752
3,4780
5,4770
5,4780
6,4781
5,4770
3,4774
3,4785
6,4780
1,4781
6,4772
3,4772
6,4754
5,4772
3,4782
1,4774
1,4785
6,4770
1,4782
5,4682
3,4783
6,476
8,4764
6,476
5,4783
6,4764
6,4682
8,4682
8,4790
6,4739
5,4778
6,4751
3,4783
8,4764
5,4790
8,4764
6,4739
6,476
6,4790
6,4751
6,4682
3,4672
8,4778
5,4751
5,4778
6,4751
8,476
5,4778
3,4783
5,4754
3,4809
3,4714
6,4789
5,478
5,4714
6,4777
6,4797
5,4739
5,478
6,4791
3,4806
5,4806
8,4784
3,4791
8,4784
5,4797
5,4714
5,4806
5,4807
5,4809
6,4797
3,4791
6,4784
6,4777
6,4777
5,4777
6,4784
6,4739
5,4809
6,4789
6,478
5,4714
5,4789
3,4791
5,4789
3,4809
6,3667
8,4172
3,4182
6,4178
6,4188
6,4163
5,4178
8,4179
6,3667
6,4166
3,4163
8,4175
8,4175
5,4175
5,3667
3,3667
5,4166
3,41
6,4166
3,4182
3,4186
6,4178
6,4166
6,3667
1,41
8,4172
5,4186
8,4172
8,4178
5,4172
3,4182
6,3667
6,4185
6,4163
5,4185
6,4182
6,4163
6,4186
1,41
6,4185
5,4802
5,477
5,4766
3,4767
3,4804
5,4802
6,477
8,4800
6,4802
6,4504
6,4800
3,4807
3,4766
1,4767
8,477
3,4807
5,4766
6,4504
8,4813
5,4767
3,4794
6,4794
8,4794
6,4800
5,4813
3,4804
5,477
5,4766
5,4813
6,4504
1,4804
3,4804
8,477
5,4794
6,4813
5,4819
5,4807
6,4815
3,4819
3,4825
3,4816
6,4803
6,4816
3,4801
6,4775
5,4815
6,4815
5,4775
3,4826
3,4812
3,4812
3,4826
3,4825
3,482
3,4825
3,482
5,4775
5,4801
3,4826
3,4812
6,4812
6,4803
5,4825
3,4816
3,482
6,480
3,4819
3,4816
5,4803
6,4826
5,480
3,4803
3,482
6,4801
3,4834
8,4814
6,4808
5,4837
6,4824
5,4832
6,4824
6,4832
5,4834
5,4829
6,480
5,4835
6,4837
6,4788
3,4837
6,4814
8,4808
3,4829
6,4832
6,4814
5,4829
3,4788
6,4824
8,4814
5,4788
5,4837
1,4834
6,4808
8,4788
5,4834
5,4824
6,4832
3,4835
5,4835
3,4837
5,4829
3,4808
5,4846
5,4849
8,4828
6,4849
3,4833
5,4796
3,4850
3,4850
5,483
3,4756
5,4833
3,4850
5,4849
3,4838
3,483
6,4842
5,4838
5,4846
6,483
6,4828
3,4846
8,4828
5,4842
1,4846
6,4833
3,4849
3,4810
3,4756
5,483
3,4796
1,4838
3,4810
5,4796
5,4810
3,4796
6,4842
6,4828
3,4867
6,4817
8,4870
6,4862
3,4862
5,4756
5,4844
5,4840
3,463
3,4869
3,4862
6,4866
3,4862
8,4817
3,4866
3,4867
3,4839
3,4840
3,463
8,4817
3,4839
6,4844
3,4844
8,4817
1,4839
6,485
6,485
5,4869
3,4866
6,4870
5,4840
5,4870
8,485
5,4844
6,4870
3,4867
3,4867
3,4869
8,485
5,463
5,463
5,4866
6,4872
3,4872
6,4877
3,4881
8,4860
6,4847
5,4859
6,4871
6,4872
3,4871
5,4869
5,4847
5,4877
3,4860
5,4853
6,4871
6,4847
5,4877
3,4876
5,4859
3,4881
3,4876
3,4847
5,4871
6,4859
6,4876
3,4853
6,4872
6,4860
6,4881
5,4853
3,4889
6,4852
6,4858
5,4889
6,4858
3,4885
5,4875
5,4875
5,4889
6,4887
6,4885
5,4885
6,4858
6,4855
8,4863
3,4799
10,4863
6,4858
8,4852
8,4852
8,4852
5,488
3,4855
3,4877
3,4863
6,488
3,4889
6,488
6,4887
8,4887
5,4799
3,4863
6,4858
5,4855
6,4875
5,4799
8,488
5,4799
5,4855
5,4875
6,4750
5,4864
6,4864
6,4864
5,4893
5,4893
8,4892
3,4899
6,4897
8,4886
8,4886
8,4892
8,4886
8,4750
8,4897
5,4893
8,4893
8,4886
6,4864
5,4888
6,479
8,4897
5,4888
8,4897
6,4750
6,4750
5,4899
5,4899
5,4888
5,4892
3,4899
6,479
1,4898
6,4896
3,3837
5,4911
3,3837
3,4911
5,4907
8,4904
5,4898
6,4903
6,4896
8,479
6,4895
8,4878
6,4878
5,4896
5,4902
6,4895
3,4907
6,4878
6,479
3,3837
3,4898
6,4904
5,4903
6,4903
3,4902
5,4878
3,3837
3,4878
8,4904
3,4907
6,4895
5,4902
5,4903
5,4902
1,4898
5,4895
6,479
3,4922
3,4911
3,4911
6,4910
6,4921
8,4917
6,4921
6,4924
3,4922
5,4924
6,490
5,4913
5,4926
3,491
5,4921
5,4924
5,490
3,491
8,4917
3,491
3,4922
5,4924
6,4917
6,4910
6,4913
5,4910
6,4917
3,491
5,490
5,490
3,4922
3,4910
5,4910
3,4913
6,4926
6,4926
3,4913
3,4196
8,4188
5,4184
8,3806
6,3806
6,4196
6,4171
6,4204
6,4191
3,4191
6,4177
6,4204
6,4177
3,4184
5,4196
8,4188
6,4196
5,4191
8,4192
3,4187
6,4177
5,4188
3,4187
8,3806
5,4184
5,4187
5,4204
5,4187
5,3806
6,4184
3,4192
3,4191
8,4192
6,4192
6,4890
6,4909
6,4890
8,4931
8,4931
3,4884
3,4909
10,4909
5,4930
1,4928
6,4925
8,4931
5,4930
3,4930
6,4890
6,4798
6,4930
3,4928
6,4908
5,4919
6,4925
6,4908
3,4927
5,4928
8,4925
6,4919
6,4919
8,4931
5,4927
3,4927
5,4884
6,4890
6,4928
5,4919
6,4909
6,4798
5,4884
8,4908
8,4798
3,4919
5,4411
3,4936
6,4915
5,4936
5,4411
3,4939
3,4955
6,4936
5,4936
5,4955
3,4939
3,4915
5,4918
3,4937
1,4915
10,4908
3,4939
5,4918
6,4929
5,4918
6,4955
8,4929
3,4955
5,4937
3,4939
5,4937
6,4929
6,4937
5,4411
5,4955
6,4918
3,4952
3,494
8,4934
1,4934
3,4945
8,4949
6,495
5,4957
3,4941
5,4945
3,4962
5,4945
6,495
5,4957
6,4949
6,4934
5,494
3,4941
3,4955
3,4962
6,495
1,494
6,4949
3,494
6,4949
5,4957
8,495
5,4957
6,4952
3,4952
6,4941
3,4952
5,4934
6,4967
8,4945
5,4962
8,4964
5,496
6,4948
6,4948
5,4944
5,4974
6,4972
3,4944
1,4981
5,4981
5,4873
8,4966
6,4948
3,4972
3,4873
8,4964
6,4958
3,4873
3,4966
3,496
6,4944
8,4958
5,4964
3,4958
5,496
3,4967
5,4974
6,4967
6,4972
6,4944
8,4958
3,4974
5,4964
3,4966
6,4972
5,4974
5,4873
5,4966
5,4984
6,4970
5,4981
6,4943
6,4978
6,4947
5,4856
3,4965
5,4983
1,4984
6,4965
6,4965
6,4965
1,4984
6,4856
5,4978
3,4981
6,4973
3,4973
5,4947
5,4959
3,4856
5,4943
5,4978
6,4947
3,4943
5,4959
5,4973
3,4983
3,4970
3,4984
6,4935
6,4983
3,4970
3,4973
3,4959
6,4970
5,4959
6,4978
5,4983
6,49
1,497
6,4986
6,4914
6,4988
5,4988
3,4976
3,4996
5,3833
5,4969
5,4988
5,497
3,4935
6,49
6,4935
8,4946
5,4969
8,4935
3,4996
8,3833
5,4969
6,4946
5,497
6,4946
8,4976
3,4976
8,4914
6,4996
8,4946
5,3833
6,4986
5,497
3,4996
6,4914
8,4914
6,4988
8,4946
3,4969
3,4986
5,3833
5,4932
8,5008
5,4971
6,4906
6,4994
3,4990
8,4932
6,4906
8,5010
6,5005
8,49
5,4990
5,4990
5,4995
5,4995
6,4995
3,5010
5,4932
8,49
8,4971
6,4932
5,5005
6,5005
3,5010
6,4971
5,4990
8,5008
3,4994
6,5008
6,5008
5,4995
10,4906
3,5013
8,4991
5,5013
6,5019
3,4991
6,5011
5,4999
8,5011
5,5019
5,5007
3,4994
5,4991
3,4979
5,4985
6,4999
5,5007
3,4985
5,5013
5,5013
5,5007
3,5018
3,5019
5,4979
8,4979
5,5018
5,5007
6,5011
6,5007
5,5018
5,4985
8,4991
3,5011
3,4994
3,4985
3,5018
6,4999
5,4979
5,5019
6,498
3,5020
5,4865
8,5009
3,5006
6,4883
8,5009
1,5006
6,4865
5,4998
5,5020
3,5006
3,5006
5,4883
3,5003
5,5027
5,4865
5,5009
8,5020
3,5003
5,498
6,5009
3,5003
5,5033
3,5009
3,498
8,4998
5,5004
6,5004
5,5004
6,5027
8,5027
5,498
5,5004
6,4883
6,4883
5,4998
3,5020
6,4998
6,5031
6,4987
3,5040
3,5033
6,5031
8,5032
3,5028
6,5031
3,5025
5,5022
6,5021
5,5025
6,5021
5,5032
6,5032
5,5025
6,5022
6,5040
6,5031
8,5032
6,4987
6,5040
5,5028
6,5040
6,5031
5,5028
5,5033
3,5022
5,5022
5,5025
6,4987
3,5033
5,5025
5,5021
6,5031
6,5021
6,4207
6,4199
5,416
5,416
8,4171
6,4194
8,4199
8,4201
6,4211
5,4207
8,4198
8,4211
6,4198
8,4213
6,4215
10,4211
6,4171
3,416
6,4194
6,4213
5,4211
5,4201
3,416
5,4207
5,4215
8,4199
6,4199
5,4207
5,4215
5,4213
6,4201
5,4198
8,4171
5,4198
6,4194
3,4215
8,4194
6,4215
5,4213
5,5038
6,4968
6,502
5,5041
6,5045
6,5047
6,5047
8,5038
5,5038
3,5038
8,5044
5,5044
3,502
6,4968
6,5045
6,5041
10,4968
3,5041
5,4968
6,5041
6,502
6,5045
6,5044
5,5045
6,502
6,5044
8,5051
5,5047
5,5050
3,505
6,504
3,5062
3,5060
6,5047
5,504
3,5026
6,5055
5,5060
6,504
3,5058
3,5050
3,5058
5,5026
5,5026
5,5051
3,5061
6,5055
6,5052
8,5062
5,5061
3,505
3,5026
5,5062
5,5061
6,5052
6,5055
5,5052
5,505
6,5052
3,5062
5,5050
5,5051
3,5051
5,5058
3,5060
5,5060
6,5065
5,5087
6,5067
5,5085
3,5056
5,5087
6,5024
5,5056
3,5066
6,5065
3,5087
5,5069
3,5017
6,5046
8,5024
6,5024
3,5066
3,5017
5,5046
3,5017
6,5069
6,5039
1,5066
5,5067
8,5024
1,5017
6,5065
3,5085
8,5065
3,5067
8,5056
8,5039
8,5039
3,5066
3,5085
3,5085
3,5085
5,5069
6,5039
5,5056
5,5067
3,5092
8,5088
3,5092
3,5091
5,5081
6,5088
1,5088
5,507
5,5075
5,5092
6,5070
6,5089
3,5081
3,5075
3,5078
1,5078
3,5046
6,5070
5,5091
5,5070
6,5098
5,5078
5,5091
3,507
5,507
5,5081
3,507
6,5098
5,5075
5,5092
6,5053
5,5075
6,5078
6,5046
5,5098
5,5053
8,5053
5,5098
8,5053
6,5072
5,5089
3,5089
6,5079
6,5094
10,5094
6,5035
5,5083
5,5083
8,5072
6,5071
6,5023
5,5071
6,489
6,5094
5,5023
5,5089
8,489
6,5071
5,5035
6,5094
6,5094
5,5064
6,5064
3,5071
6,5035
8,5072
8,489
8,5072
5,5064
5,5023
8,5072
3,5079
3,5071
8,5083
8,5079
6,5034
5,5100
8,5093
8,4956
3,506
6,5073
5,506
6,5068
5,506
6,5083
5,5100
8,5086
6,5068
6,5102
6,4956
6,5034
6,5086
6,5086
5,506
6,4956
6,5086
5,5095
5,5073
6,5073
8,4956
8,5093
5,5095
8,5095
3,5093
6,5095
5,5100
8,5093
5,5100
5,5073
6,5102
6,5102
6,5102
6,5068
6,5127
5,5126
3,509
6,512
6,5127
6,5101
5,509
3,5115
5,5119
6,5128
6,5116
5,5116
5,5119
8,509
8,5126
6,5119
6,5034
6,509
6,5128
3,5128
5,5127
5,5126
8,5127
6,5101
3,5116
5,5119
6,5115
5,5126
5,5115
3,5128
6,5101
3,5126
8,5101
6,5115
3,5127
10,5132
8,5132
3,512
5,511
6,5123
6,5123
3,5096
5,5125
1,5097
6,5084
5,512
5,5125
6,5132
6,5096
6,5097
6,5097
3,5049
5,5132
6,5096
6,5123
3,5049
5,5125
5,512
5,4997
6,5084
8,5049
3,511
5,5096
6,511
6,5123
6,4997
5,4997
8,4997
3,511
6,5084
5,5138
6,5134
6,5133
8,5136
6,5133
5,5129
5,5103
8,5136
5,5129
3,5138
5,5136
5,5136
5,5138
5,5103
6,5103
5,5138
5,5134
5,5129
8,5134
6,4977
5,5134
5,5129
6,5133
3,5133
3,4093
3,4195
6,4224
5,4195
3,4224
8,4208
3,4229
8,4208
3,4200
3,4195
6,4200
5,4229
3,4202
3,4219
3,4219
3,4224
3,4219
3,4093
6,4202
5,4093
3,4209
3,4200
6,4209
3,4200
5,4219
6,4225
5,4225
3,4093
8,4208
8,4208
8,4202
6,4209
6,4225
5,4225
3,4209
5,4229
8,4202
3,4224
8,3853
6,3853
6,3853
6,3853
6,3853
5,3853
8,4496
5,4496
5,4496
3,4496
6,4505
6,4505
6,4505
5,4505
3,4506
3,4506
3,4506
3,4506
5,4507
5,4507
3,4507
5,4507
3,4510
5,4510
5,4510
3,4511
5,4511
5,4511
5,4511
5,4512
5,4512
6,4512
8,4512
3,4523
1,4523
6,4523
3,4523
5,4533
6,4533
6,4533
3,4533
6,4159
6,4767
6,5151
3,5141
8,5111
3,5151
8,5141
5,513
3,5151
8,5111
8,4977
3,513
5,5108
8,5108
8,5144
8,5106
6,5106
5,5106
3,5147
6,5144
6,5121
5,5108
10,513
6,5121
3,513
6,5144
5,5147
10,4977
6,5121
6,5131
6,5111
6,5121
6,5147
6,5141
6,5131
8,5106
6,4977
5,5111
8,5131
3,5147
3,5151
5,5151
5,5124
5,50
3,5105
5,5130
3,5149
6,5130
3,5124
6,5150
8,5120
1,5156
5,5152
3,50
3,5149
5,5148
6,50
5,5105
3,50
5,5120
5,5130
3,5149
5,5124
5,5156
8,5156
3,5156
3,5105
6,5150
6,5152
6,5149
5,5130
6,5124
5,5150
5,5148
5,5148
3,5105
6,5150
8,5120
5,5237
5,5248
5,5239
3,5256
1,5253
8,5237
6,5244
5,5240
3,524
5,5221
6,5239
3,5221
5,5240
3,5256
5,5253
3,5248
6,5239
8,5244
6,5244
5,5191
5,5253
3,5248
6,5240
5,5240
3,5210
1,5210
6,524
3,5210
3,5248
3,5210
3,5221
8,5191
6,5239
5,5256
5,5191
5,5221
5,5235
3,5261
6,5259
5,5209
3,5262
6,524
5,5274
3,5262
6,5259
5,5272
8,5209
3,5272
6,5209
6,5209
6,5257
3,5257
3,5262
3,5274
6,5112
3,5272
6,5259
6,5261
3,5274
8,5235
6,5112
5,5272
8,5112
3,5257
3,5274
3,5272
3,525
3,5272
3,525
3,5262
8,524
6,5112
8,5261
3,525
6,5259
3,525
6,5235
6,5269
3,5277
8,5260
6,5192
6,5264
8,5192
5,5283
3,5269
6,5264
3,5291
5,5277
6,5260
3,5282
6,5254
3,5282
6,5269
3,5282
3,5291
6,5260
6,5260
8,5277
6,5247
3,5264
5,5275
3,5277
6,5192
6,5192
8,5247
1,5282
1,5269
6,5282
8,5275
3,5254
3,5264
6,5254
5,5275
3,5275
5,5247
3,5291
5,5254
5,5288
6,5288
5,5285
6,5298
3,4079
6,5122
6,5283
6,5289
6,5288
8,5283
6,5289
8,5278
5,5122
5,5288
6,4079
6,4079
5,5298
3,5278
5,5285
5,5294
8,5278
6,4079
3,5298
5,5283
8,5294
3,5289
5,5122
5,5285
5,5122
5,5283
5,5294
8,5278
5,5285
6,5289
8,5301
5,5287
6,5287
5,5302
6,5266
3,5302
3,5267
5,5284
6,5287
6,5267
3,5302
6,5301
6,5226
8,5284
8,5280
6,5266
8,5284
3,5311
1,5302
6,5301
8,5284
6,5298
6,5266
3,5287
6,5301
1,5311
6,5280
6,5267
5,5311
5,5287
6,5266
3,5294
6,5226
6,5226
6,5226
3,5311
6,5298
5,5284
6,5217
6,5306
8,5305
8,5316
8,5312
8,5305
5,5323
3,5217
3,5308
8,5312
5,5306
6,5217
8,5315
3,5316
5,5316
8,5312
3,5308
6,5217
3,5313
1,5305
3,5308
6,5305
6,5315
5,5313
5,5315
6,5312
6,5280
3,5313
6,5306
5,5316
1,5315
5,5313
5,5313
6,5306
5,5280
5,5324
8,5317
3,5324
5,5211
3,5323
5,52
3,531
8,52
6,531
3,52
5,5321
5,531
8,52
5,5297
3,5297
5,5323
3,5324
3,5211
3,5211
5,5324
5,5321
5,531
3,5297
6,52
6,5211
5,5323
5,5297
5,5321
5,5321
6,5317
1,5328
5,5332
6,5215
3,5328
3,532
6,5318
3,532
6,5299
3,5296
6,5325
6,5292
3,5318
8,5319
5,5332
5,5334
3,5299
5,5328
6,5292
1,5292
5,5318
6,5299
3,5296
3,5334
3,532
5,5328
5,5332
5,5332
6,5317
6,5292
8,5319
1,5299
5,5334
5,5215
8,5319
8,5325
8,5319
6,5317
5,5318
8,5296
6,5325
5,5344
3,5346
5,5344
6,5340
6,5327
5,5335
6,5327
6,5343
6,5333
3,5327
6,5343
5,5335
10,5343
5,5346
6,5333
3,5265
3,5265
6,5265
3,5346
5,5340
5,5333
5,5265
8,5215
6,5340
8,5340
6,5346
3,5327
5,5340
6,5344
6,5344
8,5335
6,5333
5,5215
3,5327
6,5335
3,5339
5,5355
3,5355
3,5351
5,5348
6,5354
6,5354
3,5355
1,5351
5,5341
5,5351
8,5341
3,5354
3,5355
5,5354
3,5339
8,4541
5,5341
6,5341
3,5327
5,5348
5,5348
5,5348
5,5351
6,4541
6,4541
5,5339
6,514
5,514
6,5160
6,5135
6,5135
6,5152
3,5161
6,5169
5,514
3,5161
8,5166
5,5160
5,5135
8,5140
5,5135
8,5140
5,5166
6,5160
5,5152
3,5169
6,5158
5,5158
6,5117
8,514
6,5166
3,5158
8,5140
5,5169
5,5169
5,5161
6,5140
3,5117
5,5160
3,5161
8,5166
6,5117
5,5358
3,5369
6,5363
5,5336
3,5365
1,5367
6,5345
6,5365
6,5362
6,5320
5,5353
6,5345
6,5363
5,5322
6,5345
8,5320
6,5320
6,5367
5,5365
6,5345
8,5363
5,5365
3,5369
6,5336
6,5336
6,5362
3,5322
3,5367
6,5363
5,5362
5,5358
6,5320
6,5336
5,5358
6,5362
6,5322
6,5322
8,5369
6,5358
8,5357
6,5364
5,5377
6,5370
5,5361
8,5364
8,5370
6,5370
5,5359
5,5366
8,5364
8,5377
8,5364
5,5357
5,5359
6,5357
5,5361
3,5353
5,5361
5,5366
3,5353
6,5164
3,5353
6,5164
6,5347
5,5361
6,5370
6,5357
3,5347
3,5164
5,5347
5,5353
3,5366
5,5366
3,5353
6,5164
5,5377
6,5347
6,5377
3,528
6,536
5,5385
6,5350
8,536
3,5314
6,5385
5,5375
6,5371
5,5371
5,5375
5,5314
3,5314
5,5381
8,5371
1,5381
3,528
3,5383
5,5379
8,5385
5,5375
6,5350
8,5379
8,5379
8,5383
5,528
5,5383
6,536
5,5314
8,5350
5,528
8,536
5,5314
5,5375
6,5371
6,5383
5,5359
8,5385
1,5381
3,5381
5,5390
5,5273
3,5273
3,5273
5,5380
3,537
3,5352
6,5380
5,5273
5,5388
3,537
3,5380
5,537
6,5388
5,5390
5,5382
3,5381
6,537
5,5352
6,538
1,5390
3,5382
3,5380
3,5390
8,538
6,5352
5,538
5,5382
6,538
3,5352
3,5382
5,537
6,5392
6,53
5,5396
3,5398
8,5396
8,5387
6,5392
3,5386
8,5392
6,5373
3,5406
3,5386
3,5406
3,5401
6,53
3,5281
6,5406
8,5401
3,5386
8,5396
5,5281
6,53
3,5281
3,5398
3,5386
3,5406
3,5373
8,5392
3,5387
3,5398
8,5387
5,5401
5,5401
6,53
3,5373
5,5373
8,5402
6,5404
5,5303
6,5090
6,5090
8,5402
3,5303
5,5409
5,5402
5,5404
3,5409
5,5090
3,5409
8,5408
5,5303
8,5408
6,5338
5,5402
6,5400
5,5397
8,5404
5,5400
6,5409
3,5090
3,5397
8,5338
5,5400
6,5303
3,5410
5,5410
3,5397
8,5408
8,5408
5,5409
5,5338
3,5397
6,5407
6,5394
5,5413
6,5378
3,5407
3,5411
3,5411
3,5411
8,5394
5,5378
5,540
5,5413
6,5407
6,5394
6,5378
3,5411
3,5410
3,5415
5,5407
3,5378
5,5413
8,5394
6,540
6,5413
5,5411
6,5407
3,5410
5,540
6,5428
3,5428
3,5415
8,5422
5,5433
5,5415
5,5433
5,5426
5,5425
6,5426
6,5242
5,5425
6,5403
6,5415
8,5418
6,5422
6,5403
5,5403
3,5426
3,5242
3,5425
3,5428
3,5433
1,5417
5,5417
3,5425
6,5403
5,5417
8,5422
8,5418
3,5242
6,5242
6,5422
3,5433
6,5242
6,5418
6,5417
6,5426
6,5420
8,4901
6,4901
6,5452
5,5443
6,5443
5,4901
5,5443
6,5419
6,5416
6,5451
6,5443
5,5436
5,5430
3,5452
5,5445
1,5445
5,5419
5,5430
8,5451
8,5420
6,5416
6,5451
5,5430
8,5416
3,5436
8,4901
6,5443
5,5430
5,5420
5,5452
8,5451
5,5452
5,5436
6,5419
6,5419
5,5436
5,5445
5,5420
5,5445
5,5436
5,5435
5,5456
10,5442
8,5442
8,5435
3,5440
6,5442
3,5446
6,542
6,5440
3,5456
8,5414
5,5440
8,5446
6,5414
5,542
5,5414
5,5456
8,542
8,5446
6,5442
6,5442
6,5414
6,5435
8,5446
8,542
5,5456
3,5435
8,5447
5,5440
8,515
5,5167
6,515
1,5182
6,5155
1,5182
8,517
5,5177
3,5137
1,5175
3,5182
6,5154
6,5154
8,5155
5,517
5,5137
3,5175
6,5137
5,5176
5,515
5,5182
1,5176
3,5158
1,5175
5,5176
5,5177
3,5167
5,515
8,5154
6,5155
5,5177
6,5154
6,515
3,5137
3,517
8,5155
5,5472
5,5457
5,5457
3,545
5,5472
6,5447
3,5460
6,5330
6,5447
6,545
3,5463
3,5460
8,5469
5,5472
6,5330
6,545
6,545
5,5330
5,5458
5,5461
5,5458
3,545
8,5461
6,5461
5,5458
6,5469
3,5460
5,5458
8,5461
6,5330
5,5457
3,5460
6,5330
3,5463
3,5469
6,5447
3,5463
5,5431
6,5478
6,5405
8,5439
3,5431
3,5405
5,5437
6,5448
3,5464
6,5464
6,5439
8,5478
3,5431
3,5405
8,5465
6,5471
3,5465
6,5464
3,5431
5,5439
5,5437
6,5471
5,5477
3,5465
3,5473
5,5477
5,5477
5,5405
3,5478
3,5465
1,5473
6,5439
6,5477
8,5471
3,5437
1,5437
6,5448
3,5473
6,5472
3,5473
5,5455
3,547
6,5487
8,5479
8,5448
3,5480
8,5487
5,5480
5,5479
6,5483
5,5483
8,5494
5,5455
1,5455
5,5494
6,5494
3,5474
8,5423
5,5474
5,5474
6,5423
6,547
3,5480
6,5494
6,5483
6,5487
6,5448
5,5480
6,5423
6,5479
6,5487
6,5474
6,547
10,547
5,5455
5,5483
6,548
3,5479
8,5488
3,5441
5,5145
5,5459
3,5488
6,5145
6,5441
6,5486
8,5486
6,5495
3,5441
6,5492
8,5488
5,5486
5,5492
6,5459
5,5486
5,548
8,5492
6,5145
8,5507
6,5507
6,5459
5,548
5,5441
6,5495
6,5495
6,5459
8,5145
3,5508
8,5507
6,548
6,5500
6,5470
8,5506
3,5509
5,4297
5,4297
5,5491
6,5491
6,5500
3,5508
3,5508
6,5506
3,5506
5,5499
6,5384
5,4297
5,5499
3,4297
3,5509
6,54
6,54
6,5470
6,54
5,5491
3,5509
5,5508
6,5384
8,5470
6,5506
6,5500
6,54
5,5384
6,5491
6,5470
6,5500
5,5499
8,5384
5,5499
6,5514
5,5521
8,5512
8,5503
6,5510
3,5521
6,5512
8,5512
3,551
6,5506
6,5517
6,5514
8,5505
5,5514
5,5503
5,5512
6,5503
5,5510
3,551
5,5511
3,5505
5,5510
5,5511
3,5505
5,5517
3,5521
3,551
5,5503
3,551
3,5521
5,5517
5,5510
5,5511
8,5517
5,5514
6,5505
3,5537
6,552
8,546
6,5533
6,5537
5,552
5,552
5,552
8,546
3,5533
3,5537
3,5537
6,5537
6,5475
3,5523
5,5516
5,5533
3,5533
5,5523
3,5523
5,5516
5,5516
6,5536
8,546
5,5536
8,5475
6,5484
8,5484
8,5475
6,5484
3,5523
3,5533
6,5484
8,5475
3,5511
5,5516
5,5540
5,5467
3,5544
8,5467
5,5263
8,5467
3,5528
6,5545
3,5528
6,5541
6,5540
5,5536
5,5544
5,5544
3,5263
6,5393
3,5528
3,5545
5,5393
5,5540
6,5263
3,5541
6,5541
6,5467
5,5541
8,5393
6,5545
3,5545
3,5528
5,5263
6,5540
3,5528
5,5536
6,5263
6,5393
8,5513
6,5513
3,5538
8,5550
3,5550
6,5513
3,5538
3,5539
3,5561
5,5539
5,5561
5,5561
5,5539
5,5557
8,5557
3,5519
8,5513
5,5515
6,5515
5,5519
5,5519
5,5391
3,5538
3,5561
3,5538
3,5539
5,5391
6,5557
5,5550
8,5550
8,5515
5,5552
3,554
8,5527
8,5527
6,5555
5,5223
6,5552
3,5535
5,5527
6,5555
6,5518
5,5535
5,5557
5,554
5,5223
5,5223
5,554
5,5551
5,5551
6,5552
5,5527
3,5518
5,5518
6,554
6,5535
6,5518
8,5555
6,5535
6,5555
3,5153
6,2630
5,5163
5,5181
5,5173
6,516
3,5187
5,5167
6,5159
5,5171
3,5159
6,5153
3,5173
5,516
8,5153
5,516
6,5167
6,5187
5,5159
6,516
5,5173
3,5187
3,5159
5,2630
6,5163
5,5171
8,5153
6,5171
3,5181
5,5163
8,5163
6,5181
5,5181
5,5171
6,5173
5,2630
6,5187
5,5553
6,5558
6,5542
6,555
3,5482
3,5551
8,5524
3,5558
6,5558
6,5532
5,5482
8,5502
8,5558
6,555
6,555
6,5502
8,5532
5,555
5,5567
3,5553
8,5524
6,5553
5,5562
6,5558
6,5532
5,5567
5,5567
6,5502
6,5524
5,5562
5,5562
8,5553
8,5524
6,5502
5,5482
6,5567
6,5532
5,5542
6,5497
5,5530
5,557
3,409
3,5575
3,5560
6,5571
8,557
8,557
6,5571
5,5560
5,5530
6,5530
3,5575
8,5497
5,409
3,5575
6,5542
5,5573
5,5575
6,5575
8,5497
6,5542
5,5530
6,5497
6,409
3,409
3,5573
5,5573
6,5571
3,5573
5,5575
1,5560
5,5575
5,557
1,5584
3,5587
5,5574
3,5587
6,5608
3,5570
6,5566
3,5578
8,5586
6,5583
6,5569
8,5586
6,5586
8,5586
6,5572
3,5578
6,5587
5,5574
6,5587
6,5579
6,5608
3,5574
6,5578
3,5566
3,5578
5,5569
5,5583
5,5572
3,5566
8,5579
3,5584
3,5570
3,5572
3,5584
8,5569
8,5574
6,5579
8,5583
5,5566
5,5608
3,5570
6,5608
5,5589
5,5595
5,5609
5,5606
8,5605
8,5602
3,5609
3,5588
6,5591
3,5588
8,5591
8,5602
5,5588
5,5609
5,5589
5,5588
6,5612
6,5606
6,5589
6,5612
6,560
3,560
8,5605
5,5612
3,5599
5,5612
6,5606
6,5591
6,5595
5,5591
6,5606
8,5589
5,560
6,5602
6,5605
5,560
6,5595
8,5602
6,5599
6,5600
5,5611
6,5592
8,5619
6,501
5,55
5,55
8,55
6,5619
8,5610
3,5611
5,5610
3,5599
5,5617
6,5613
6,5592
6,55
3,5613
6,5617
3,5613
5,5604
6,5592
6,5604
3,5610
3,5599
8,5600
5,5610
3,5604
1,5611
3,5617
5,5611
8,5619
3,5611
3,5600
6,5604
6,5619
6,5610
5,5600
5,5604
5,5636
8,559
5,5614
6,5632
5,501
8,559
5,5632
6,5614
8,559
3,5636
8,501
5,5628
5,5632
6,5615
6,5637
8,559
3,5628
5,5632
6,5615
3,5637
8,5620
6,5614
6,5620
6,5620
5,5615
5,5614
6,5580
6,5580
5,5580
5,5628
3,5628
3,5637
8,5639
8,5543
3,5635
8,5639
6,5543
8,5554
8,5581
5,5636
8,5556
1,5643
6,5635
6,5556
5,5636
8,5622
6,5639
5,5622
6,5635
6,5639
1,5556
8,5643
3,5581
5,5636
5,5581
6,5543
5,5581
3,5643
6,5543
5,5622
6,5581
8,5554
5,5581
8,5554
6,5622
6,5643
8,5635
6,5554
6,5556
3,5630
6,5635
6,5630
3,5660
5,5645
3,5660
5,563
3,5660
6,558
5,563
5,558
5,5631
5,5645
6,563
6,5618
8,5618
3,5593
5,5618
3,5630
3,5651
5,5648
8,5645
5,5631
3,5651
5,5645
3,5621
8,5648
5,5648
8,563
1,5651
5,5630
5,558
6,5660
5,5621
5,5631
5,558
3,5651
5,558
5,5631
5,5618
5,5621
8,5633
6,5661
3,5657
3,5593
5,5661
3,5657
3,5657
5,5642
5,5647
3,5649
8,5647
5,5649
3,565
3,562
6,5652
8,5633
8,5107
8,5633
6,5657
6,5593
8,5647
5,5657
6,5642
5,5107
5,5652
5,5657
5,5649
8,5647
6,565
6,5633
6,5661
5,565
5,5642
6,5107
6,5642
5,5652
6,5593
6,5652
6,5649
5,5671
3,5662
6,5650
1,5656
8,5493
5,5662
6,5493
3,5662
3,5668
5,5493
5,5667
6,5493
6,5650
6,5638
5,5656
3,5658
5,5662
6,5667
5,5667
6,5656
3,5658
6,5656
6,5638
3,562
5,5668
5,5658
3,5658
3,5668
3,5675
3,562
5,5667
6,5638
6,5650
3,5668
3,5675
3,5675
5,5493
3,5656
6,5650
3,5194
3,5194
5,5165
3,5189
5,5174
6,5178
3,5200
5,5165
6,5174
5,5185
6,5178
5,519
5,5189
8,5185
6,518
6,5178
6,5200
5,518
8,5165
5,519
5,5146
5,519
8,5189
6,5146
5,5174
6,5194
6,5178
6,5146
3,518
3,5200
5,5194
3,5200
6,5185
6,5165
5,5189
5,518
5,5174
3,519
3,5673
5,5683
3,5686
3,5686
3,5677
3,5672
6,5481
5,5678
6,5481
1,5686
6,5677
8,5481
5,5678
3,5680
5,5671
3,5676
6,5481
6,5680
6,5672
5,5678
6,5676
6,5481
6,5683
5,5677
3,5686
3,5673
3,5676
3,5678
3,5678
5,5683
3,5680
6,5671
5,5672
8,5676
5,5677
5,5673
8,5683
3,5673
6,5683
6,5671
3,5685
3,5689
6,5689
5,5692
3,5684
6,5654
3,5681
3,5689
5,5682
5,5691
5,5654
6,5663
6,5682
3,5691
10,5663
3,5681
3,5689
5,5682
6,5654
8,5692
3,5663
3,5684
5,5681
3,5680
3,5663
6,5692
5,5684
3,5692
6,5681
5,5691
5,5684
6,5682
6,5691
5,5654
6,5654
1,5685
6,5690
5,5717
6,5706
5,5690
5,5697
6,5687
6,5690
5,567
6,5706
5,568
3,5717
3,5717
3,5685
5,5670
5,5670
6,5706
5,5670
6,5697
3,5703
3,568
6,5670
6,5704
3,5703
5,5697
5,5706
6,5704
5,5704
5,5697
3,5703
5,5690
8,5687
3,5687
3,5685
5,5703
6,5706
5,5688
6,5711
8,5688
6,566
3,567
5,5674
3,5718
5,5701
6,5701
3,5715
5,5716
6,5716
6,5714
5,567
5,5711
5,5688
3,5696
3,5715
6,5674
3,5674
6,5701
5,5718
6,5702
5,567
5,5711
5,5715
3,5702
5,5702
5,5696
6,5701
3,5718
5,5718
5,5702
6,5674
8,566
6,566
3,5716
5,5696
3,5688
8,566
5,5716
5,5720
6,5720
6,5725
6,5714
8,5726
8,56
6,56
5,571
5,5725
8,56
8,5720
6,5722
5,5742
3,5742
5,5725
8,5726
3,571
5,5616
3,5616
8,5714
6,5722
3,5616
6,5726
6,571
8,5726
3,5705
3,5725
6,571
5,5705
5,5705
6,56
8,5722
6,5722
5,5720
3,5742
6,5728
3,5728
6,5740
5,5745
3,5740
5,5719
5,5731
3,5742
3,574
1,5745
5,5719
5,5729
6,5729
8,5659
6,5746
1,5746
5,5731
5,5719
3,5742
3,5731
3,574
5,5729
6,5738
6,574
3,574
3,5746
3,5745
3,5745
8,5659
6,5738
3,5731
3,5719
8,5729
5,5738
8,5728
6,5659
5,5738
3,5746
6,5755
3,5498
6,5629
6,5755
6,5733
6,5755
3,5655
6,5741
8,5629
5,5741
5,5741
6,5751
3,5740
8,5748
6,5751
5,5753
8,5741
6,5753
3,5655
6,5733
6,5740
5,5743
5,5753
3,5655
3,5741
6,5753
3,5640
5,5629
3,5743
6,5733
6,5629
3,5655
6,5751
6,5733
5,5743
3,5743
5,5498
5,5498
5,5759
5,5744
3,5748
6,5748
6,5752
3,5763
8,569
3,5640
6,569
8,5759
3,5754
5,5763
8,5744
3,5767
5,5752
5,5763
6,5759
3,5762
8,5752
8,5752
6,5767
6,5759
3,5744
1,5762
6,5640
6,5640
1,5762
8,5754
6,569
5,5744
5,5744
5,5754
5,5748
6,5767
6,5752
3,5790
1,5795
6,5723
8,573
6,5778
3,5749
5,5723
6,5723
5,5795
5,5760
5,5795
6,5760
6,5749
5,576
5,576
6,5723
5,5795
5,5760
5,5749
3,576
8,573
5,5760
5,5735
8,5782
3,5790
8,5782
6,5735
6,5782
5,576
5,5735
8,5757
5,5757
8,573
5,5782
5,5778
3,5790
6,5749
6,5735
5,5757
8,5779
8,5786
3,5778
5,5784
5,5778
5,5772
3,5772
8,5779
6,5772
8,5772
6,5773
5,5774
6,5773
5,5770
5,5801
6,5772
6,5774
6,5770
5,5770
6,5779
6,5773
8,5786
6,5786
5,5784
5,5772
6,5786
5,5774
3,5784
6,5770
6,5774
8,5779
6,5778
6,5801
6,5784
8,4811
6,5197
6,5179
5,5179
6,51
6,5197
3,5195
6,4811
5,5196
6,5143
6,4811
6,5196
5,5197
5,5142
3,5195
6,4811
1,5201
3,5201
6,5142
6,5142
6,51
5,5196
3,51
5,5195
5,5179
6,5143
6,5196
5,5143
3,5201
6,5197
5,51
3,5201
3,5195
6,5791
3,579
3,5805
3,5805
5,5801
6,5665
5,5803
3,5785
5,5808
6,5808
3,5785
5,5791
6,579
6,5665
5,5785
6,5803
5,5803
5,5803
3,5797
8,5665
5,5791
5,5808
6,5768
3,5805
5,5797
3,5768
6,5665
8,5665
3,5797
3,5801
3,5768
5,5797
5,579
3,5785
5,5805
5,5768
5,5787
6,5777
1,5812
8,5777
5,5777
5,5777
1,5817
6,5807
8,5792
8,5765
5,5769
5,581
8,5769
5,5812
8,5810
6,5792
5,5777
5,5807
3,5812
6,5765
3,5807
6,5792
6,5787
3,5787
3,5817
6,5810
6,5769
8,5810
5,5792
5,5817
6,5810
6,5765
6,5792
5,5769
3,5812
5,5807
3,5817
5,5787
6,5765
6,5824
6,575
5,575
3,5830
5,5824
6,5798
6,5824
3,581
5,5830
5,5828
6,5824
5,5813
5,5828
6,5813
8,5811
3,5830
5,582
8,5820
6,5809
5,5820
3,575
6,5798
3,5828
5,581
6,5811
5,581
6,5813
3,582
5,582
5,5798
8,5820
5,582
5,5813
6,5811
5,5798
5,5811
8,5820
8,5809
3,5830
5,5832
5,5833
6,5806
5,5819
6,5819
8,5834
3,5833
8,577
3,5832
6,5819
5,5809
8,5806
8,580
5,5829
3,5832
5,580
5,5829
3,5835
8,5809
6,5806
5,5819
5,5835
3,5833
6,5835
6,5829
6,5806
3,5833
5,5834
6,5809
6,577
5,5835
8,5829
6,5835
5,5834
5,577
6,5834
6,5819
8,577
3,5843
5,5837
3,5837
6,5845
3,5855
8,5845
5,5780
6,5780
3,5836
3,5836
5,5845
5,5799
3,5842
5,5837
6,5831
6,5831
3,5836
5,5799
5,5799
5,5780
5,5842
5,580
3,5837
5,5843
5,5836
5,5831
8,580
3,5799
6,5845
6,5780
3,5843
6,584
3,5825
3,5775
6,5847
6,5825
6,5857
3,584
6,584
3,5815
3,5856
3,5850
5,5855
8,5847
5,5815
5,5859
3,5825
3,5776
3,5850
3,5776
3,5850
5,5857
3,5855
5,5847
5,5815
8,5847
6,586
3,5776
5,5839
5,5856
5,5856
3,5859
3,5859
5,5857
3,5775
6,586
8,5857
6,5775
6,5815
5,5825
5,5850
3,5855
6,5624
5,5624
6,5839
3,5781
5,5849
6,5624
8,5854
5,5863
3,5879
3,5849
3,5862
5,5839
6,5862
6,5854
5,5863
6,5879
3,5867
6,5781
8,5867
3,5624
5,5839
3,5867
5,5867
8,5854
3,5879
6,5863
5,5781
6,5854
6,5862
3,586
6,5862
5,5849
6,5854
8,586
8,5849
5,5863
6,5874
6,5894
6,5881
8,5894
8,5851
3,5861
6,5875
5,5872
5,5861
3,588
6,5882
5,5851
6,5882
3,5875
5,5881
6,5861
3,587
3,5875
6,588
5,5881
5,588
3,588
8,5874
5,587
6,5894
6,5881
3,587
6,5872
6,5861
5,5874
5,587
8,5882
5,5851
5,587
8,5851
6,5872
6,5900
3,5906
3,4841
8,5900
5,5907
6,5887
5,5911
5,5911
5,5906
3,5891
5,4841
3,5906
6,5885
8,5911
5,5885
3,5907
5,5891
8,5860
6,5840
8,5887
6,5887
8,5860
3,5891
6,4841
6,5887
8,5860
6,5911
3,5907
8,5840
3,5906
3,5911
6,5894
6,5840
5,5885
8,5840
6,5900
3,5907
5,5891
3,4841
5,5900
6,57
5,5853
8,5853
8,2899
5,5878
8,5897
8,5897
5,5878
3,57
8,5897
6,5898
5,5908
5,5908
6,5853
6,2899
6,57
6,5896
6,5878
6,5816
5,5816
6,5898
5,5896
3,5910
5,2899
5,5910
8,5897
3,5816
3,57
5,5908
5,5910
6,5816
5,5908
6,5898
6,5853
6,5898
5,5896
5,5199
8,5190
5,520
5,5218
6,5199
5,5216
6,5214
6,5218
5,5190
6,5190
6,5216
1,5216
1,5229
6,5212
5,5207
8,5212
3,5207
6,5199
5,5214
5,5214
6,5214
6,520
5,5198
5,5214
5,5212
5,5198
3,5229
5,5207
5,520
8,5212
5,5218
8,5218
8,5190
5,5142
6,520
5,5198
6,5901
3,5933
6,5866
8,5525
8,5888
6,5915
3,5921
5,5866
6,5915
5,5919
6,5920
3,5922
5,5915
3,5933
5,5525
3,5921
6,5901
3,5901
5,5921
6,5920
3,5919
3,5922
5,5866
6,5866
3,5921
3,5922
5,5920
8,5901
6,5525
3,5922
5,5915
6,5920
5,5888
6,5933
5,5919
6,5888
5,5525
3,5930
6,5913
3,5923
6,5924
3,5930
8,5904
6,589
5,5924
3,5913
5,5904
3,592
5,5924
6,5912
8,589
6,583
6,5904
6,583
6,583
8,5913
3,592
3,5930
6,589
3,592
5,589
6,5912
5,5912
6,583
6,5912
5,5904
5,5913
6,5924
6,583
3,5930
3,5933
3,592
5,5943
3,5946
5,5943
3,5942
3,5814
5,5946
3,5946
3,5869
3,5943
5,5869
3,5939
3,5939
5,5942
5,5923
1,5869
3,5939
6,5877
6,5927
6,5877
3,5923
1,5942
3,5939
6,5927
3,5923
6,5877
3,5927
3,5869
5,5814
8,5814
5,5814
6,5927
6,5877
5,5939
1,5942
6,5935
3,5944
6,5916
6,5937
5,5899
6,5935
6,5935
3,5957
6,5916
3,5934
3,5946
5,5944
5,5948
6,5889
6,5889
3,5946
3,5952
5,5944
3,5952
5,5946
5,5934
6,5948
5,5948
3,5948
3,5957
6,5889
3,5934
3,5937
3,5916
3,5952
6,5952
6,5934
5,5937
6,5937
6,5899
3,5899
5,5889
3,5957
1,5957
8,5944
8,5935
3,5929
6,5945
5,5936
6,596
3,5945
6,5926
3,5960
3,5932
3,5936
5,5926
6,5936
3,5936
6,5960
5,5961
5,5929
6,5936
6,5926
5,5960
5,5960
3,5945
5,5932
5,5961
6,5961
3,5971
8,5945
6,5961
5,5926
5,5951
8,5951
6,5929
3,5971
3,5971
6,5932
3,5971
5,5951
5,5951
5,5949
3,5949
3,5949
3,5949
6,5945
6,5980
6,5966
6,5966
3,5968
3,5958
3,5986
3,5975
5,596
3,5975
5,5966
6,5980
3,5986
8,5980
5,5958
6,5953
6,5979
5,5962
8,5966
5,5975
3,5986
6,596
6,5914
6,5953
6,5975
8,5953
6,5980
8,5914
8,5975
8,5953
8,5914
6,5914
6,5968
3,5968
5,5968
1,5962
3,5958
3,5962
3,5958
3,5986
5,5982
8,5970
3,595
6,5970
6,5970
3,5977
5,5985
8,5979
8,5985
5,5982
6,5982
5,5983
6,5964
8,5964
5,5983
3,5977
6,5985
6,595
6,5982
3,5964
5,595
8,5983
6,5985
3,5979
5,5977
6,5970
6,5977
3,5994
3,6007
5,599
3,5987
5,5978
3,59
5,5994
6,5984
8,598
3,599
5,5984
3,5992
3,6007
3,5987
3,5984
3,5994
6,5978
5,598
8,6002
3,5987
6,6002
5,598
1,6007
6,5991
6,5978
5,598
1,5992
5,599
5,599
6,6002
3,5991
5,5992
5,5994
3,6007
3,5991
5,5978
8,5905
6,59
6,6004
6,5993
5,5967
6,5988
8,5905
6,5989
8,5967
6,5989
5,5988
1,5981
6,59
5,5988
6,6004
3,5967
5,5967
6,6000
6,5989
6,6004
8,5967
5,5989
5,6004
8,5993
6,6000
3,5993
5,5905
5,5981
8,5993
3,5905
6,5988
3,6000
8,597
8,5954
6,5981
8,597
6,5870
5,6026
5,6029
5,5981
3,6026
5,5
5,5
6,5
5,6009
6,597
5,6010
6,5990
8,5990
5,6006
8,597
3,6010
6,597
3,5954
3,6010
8,6006
8,6006
3,6009
5,5990
5,5954
5,6029
6,5990
8,5
5,6010
5,6009
3,6006
5,6026
6,5870
6,6009
3,6026
6,5870
3,6022
3,6030
5,6028
6,6028
6,6011
5,6020
5,6011
5,6030
3,6029
5,6030
8,6018
6,6012
3,6020
8,6012
6,600
5,600
5,6012
5,6022
3,6018
5,6018
3,600
3,6030
3,6028
5,6020
5,6011
5,6018
5,600
5,6029
5,6022
5,6011
8,6012
3,6028
3,6020
3,6022
6,6024
6,6017
3,6049
6,5969
6,6016
6,6042
5,6049
3,6048
6,6042
6,6042
5,601
3,6048
6,6024
6,6016
5,6016
3,6048
6,6016
3,6031
3,6049
3,6031
5,6031
6,6024
6,6008
6,6017
5,6048
6,6017
6,6008
6,6027
3,601
5,601
5,6024
5,6031
6,6017
8,6027
5,6008
3,6008
5,6027
3,6047
5,5997
6,6054
3,6003
1,6054
8,6003
5,5974
3,5974
3,5969
5,6047
3,5997
6,6003
6,5997
10,6003
3,5969
3,603
5,603
3,6034
3,5974
3,6034
6,6054
3,603
6,6054
3,6047
6,6034
3,6047
8,5997
6,5997
6,5997
6,5997
3,6034
5,5974
5,5974
5,6054
5,603
3,6065
5,6037
3,6065
3,6077
6,6015
6,602
6,6015
5,6056
6,6059
3,6077
5,6056
6,6059
5,6068
1,6077
5,6037
3,6060
5,6068
3,6056
5,602
3,6043
3,6065
5,6037
1,6060
8,6015
8,6043
5,6043
6,602
5,6060
3,6065
5,6056
6,6068
3,6043
6,602
3,6077
6,6013
6,6059
3,6073
3,6070
5,6073
3,5846
5,6073
3,6073
5,6070
8,5846
8,5846
5,6070
6,6013
5,5846
6,6013
5,5846
5,6013
8,607
3,5653
3,5653
8,6074
8,6045
1,5653
5,6075
6,6071
8,6085
3,6079
1,6079
8,6053
5,607
6,6053
8,6045
8,6069
6,607
3,6079
3,5653
6,6074
6,6085
3,6071
3,6080
3,6075
6,6074
6,6085
3,6069
8,6053
3,6070
5,607
3,6079
5,6080
8,6085
8,6045
8,6045
3,6080
3,6069
6,6071
3,6075
8,6097
3,6094
6,3736
6,6096
6,6097
3,6050
5,6050
5,6103
3,604
5,6101
5,3736
3,6050
8,6021
5,604
6,6094
8,6021
6,6021
8,3736
8,6096
5,6093
3,6050
5,6080
5,6094
8,6081
6,6096
6,6097
3,6101
6,6096
3,6101
5,6050
3,604
6,6081
5,6093
3,604
3,6050
6,6093
5,6103
6,6081
6,6021
5,6112
3,6113
6,6105
5,4206
5,6112
5,6108
6,6100
6,6083
5,610
6,6105
6,6082
3,6113
5,6100
8,4206
6,4206
5,6103
5,6103
5,6108
6,6105
5,610
6,6104
6,6100
8,610
6,6082
6,4206
6,6112
6,6100
3,6108
3,6082
8,6083
6,6105
6,610
5,6112
3,6113
6,6100
3,6104
6,6083
6,6104
6,6100
5,6122
5,6036
6,611
5,6110
6,6122
6,6036
5,6115
6,6118
6,6114
5,611
6,6104
5,6122
5,6115
6,6114
6,6092
5,6124
5,6124
8,6118
6,6110
1,6092
5,6122
5,6122
6,6118
6,6036
8,6118
6,6110
6,6115
3,6104
3,6124
3,6115
5,6122
6,6114
3,6092
6,611
6,611
3,6092
5,6091
5,6091
5,6091
5,6091
8,5219
5,5237
3,5204
5,4398
5,5245
8,4398
5,5219
3,5227
3,523
3,521
3,5219
8,4398
5,521
5,523
3,5204
5,5204
3,521
5,523
5,5245
3,5241
3,5227
5,5227
5,4398
6,5237
3,5252
3,4398
8,523
3,5241
5,5227
6,5241
5,5245
5,5219
5,5252
5,5241
3,5252
6,5204
5,522
6,5162
8,5162
5,5162
8,5162
5,5205
3,5205
5,5205
5,5205
3,5206
8,5206
6,5206
5,5206
8,5213
8,5213
8,5213
6,5213
5,522
5,522
6,522
5,5222
6,5222
5,5222
8,5222
3,5224
3,5224
3,5224
3,5224
5,5229
1,5229
3,5230
8,5230
3,5230
3,5230
6,5231
6,5231
8,5231
6,5231
5,5233
3,5233
6,5233
8,5391
5,5781
5,5842
6,5910
6,608
6,6119
3,6107
5,608
3,608
3,6137
8,6102
8,6039
3,6084
3,6099
8,6107
5,6099
5,6084
5,6137
3,6084
6,6099
8,6039
6,6119
6,6039
8,6102
5,6137
6,6102
8,6102
6,6062
3,6099
5,6084
6,6039
8,6062
5,608
3,6107
8,6062
8,6119
8,6107
6,6119
3,609
5,6109
6,6063
6,6129
6,6128
5,6111
6,6063
6,6128
5,609
6,6109
3,609
5,6129
6,6106
6,6109
3,6109
5,6106
5,612
5,6142
6,6063
3,6063
8,6106
5,609
5,6142
8,6128
6,6128
5,6109
3,612
3,6111
5,612
6,6109
6,6111
5,6106
3,612
5,6142
3,6142
6,6106
6,6072
3,6252
3,6252
3,6263
6,6249
5,6222
5,6238
5,6072
3,6242
5,6253
6,6253
5,6244
8,6210
1,6238
3,6238
8,6210
6,6249
5,6252
5,6245
6,6245
3,6263
6,6242
3,6244
3,6245
5,6253
5,6072
8,6245
5,6210
8,6242
6,6252
5,6072
3,6242
6,6222
3,6238
6,6253
8,6249
3,6210
5,6242
3,625
3,6234
5,6256
8,6222
3,6270
6,625
6,6270
3,6197
3,6197
6,6270
3,6266
5,6266
3,6218
5,6266
5,6256
5,6270
8,625
6,6222
3,6116
5,6197
5,6116
6,6266
6,6208
6,6234
3,6270
5,6270
5,6218
6,6256
5,6234
6,6234
5,6218
6,6263
5,6116
3,6218
6,6256
3,624
3,624
8,6257
5,6248
3,6273
5,6269
6,6160
8,6160
3,6276
5,6248
5,6208
5,6243
6,6269
6,6243
3,6257
8,6272
6,6272
8,626
5,624
6,6160
6,626
5,6273
5,624
8,626
3,6276
3,6208
6,6272
5,6160
8,6272
3,6248
6,6276
3,6273
3,6276
5,6243
3,6243
5,6269
3,6273
8,6208
8,6257
5,6257
6,6261
6,6260
6,6285
3,6268
5,6155
6,6282
3,6268
8,6261
8,6260
6,6278
5,6282
3,6300
6,6285
6,6155
5,621
6,6285
3,6297
8,6261
8,6255
5,621
5,6282
6,621
5,6155
6,6248
6,6268
6,6255
8,6261
6,621
5,6282
1,6300
5,6285
6,6278
5,6155
5,6300
5,6297
8,6260
6,6255
6,6278
6,6260
3,6300
6,6304
1,6296
5,6297
6,6298
5,6229
8,6284
5,6298
6,6229
5,6304
6,6233
3,6297
5,6233
6,6305
5,6290
3,6296
3,6305
6,6290
6,6290
5,6229
6,6284
5,6296
3,6233
6,6284
8,6284
3,6298
5,6305
8,6304
5,6305
5,6290
3,6324
6,6313
1,6324
6,6312
3,6324
6,6309
6,6304
6,620
6,6309
6,6307
3,6312
5,6307
5,6309
6,620
5,6312
5,6320
5,6324
6,6320
5,6230
8,6230
6,6287
6,6230
8,6320
6,6313
6,6309
5,6307
5,6287
3,6324
6,6287
5,6320
6,6287
3,6312
5,6313
3,6324
6,6313
5,620
5,6230
6,6292
3,6318
6,6302
3,629
6,6302
3,629
8,6318
3,6311
5,6303
6,6303
6,6292
6,6318
3,6316
5,6323
5,6292
5,629
3,6318
5,6323
6,6311
5,6311
5,6336
8,6303
3,6292
5,6316
6,6323
3,629
5,6316
6,6302
5,6303
5,6323
6,6316
3,6311
5,627
8,6281
3,5950
6,6334
6,622
8,6321
5,6336
6,6321
3,627
6,627
5,5950
3,6335
6,5950
5,6334
8,6325
5,6335
5,6334
3,6336
8,6314
3,6335
5,6335
8,6314
5,622
8,6314
6,622
3,6335
8,6325
5,6334
8,6325
8,6321
6,6336
8,6314
3,6336
3,622
1,5950
5,6281
1,6281
8,6321
8,6325
6,6346
6,6338
6,6347
5,6351
5,6343
3,6343
1,6365
6,6350
3,6344
5,6346
5,6345
3,6350
5,6351
6,6347
3,6365
8,6281
6,6338
5,6338
8,6346
3,6351
5,6344
3,6350
5,6348
3,6345
3,6343
3,6365
6,6338
5,6351
8,6350
5,6344
6,6348
3,6348
3,6345
6,6347
3,6344
3,6365
5,6347
5,6345
6,6373
3,6352
8,6283
3,6373
3,6373
3,6367
3,6367
6,6283
6,6349
5,6352
6,6331
6,6354
5,6367
3,6349
8,6283
6,633
3,6367
8,6283
3,6331
8,633
5,6367
5,6352
6,632
3,6352
3,6331
8,633
3,6354
3,6367
3,6349
5,6373
8,632
5,6352
8,632
8,632
3,6349
5,6354
8,6354
5,6153
8,6150
3,6161
1,6150
5,6153
8,6157
3,6159
6,6151
3,6135
5,6151
5,6144
5,6161
5,6156
3,6159
6,6153
6,6139
5,6159
3,6153
6,6157
3,6161
8,6157
3,6156
8,6157
6,6144
8,6139
6,6139
8,6144
5,6150
6,6151
3,6135
5,6135
5,6135
1,6161
3,6156
6,6139
6,6151
5,6369
6,6375
6,6227
3,634
5,6355
6,6355
3,6331
8,6227
3,6369
3,634
6,6227
3,6195
1,6379
3,6195
3,6374
8,6375
6,6340
5,634
5,6362
5,6340
8,6355
6,634
1,6379
6,6362
3,6374
1,6379
3,6340
6,6355
3,6374
5,6369
3,6195
5,6362
3,6195
6,6369
1,6379
6,6375
3,6374
5,6369
6,6355
6,6227
6,6362
6,6250
6,6357
5,6394
3,6382
6,6386
3,6386
3,6120
5,6382
3,6364
5,6381
3,6383
3,6381
3,6120
8,6250
3,6383
5,6364
5,6387
8,6120
3,6381
8,6357
5,6386
3,6364
5,6376
3,6376
5,6387
3,6394
5,6386
5,6364
3,6394
6,6381
3,6394
5,6376
5,6382
5,6376
8,6250
6,6376
8,6357
3,6383
6,6364
5,6250
6,6289
8,6404
5,6404
6,6384
6,6339
8,6368
5,6299
6,6399
8,6368
8,6387
5,6399
5,6384
6,6289
8,6368
8,6339
8,6339
3,6339
8,6400
8,6400
5,6299
6,6400
6,6384
3,6299
8,6289
8,6368
5,6399
3,6299
3,6384
6,6289
5,6399
5,6387
3,6299
8,6400
5,6404
8,6401
3,6396
3,6396
3,6416
3,6396
6,6329
5,6401
3,6415
8,6401
3,6404
8,6393
5,6393
8,6370
3,6415
3,6370
6,6401
6,6411
8,6329
8,6370
6,6396
3,6396
5,6393
3,6416
3,6416
3,6416
6,6411
3,6329
3,6415
5,6393
6,6411
3,6415
6,6401
5,6408
3,641
5,6417
8,6363
8,6408
5,636
5,6408
5,6425
3,6417
3,641
6,6358
5,6417
5,639
6,6363
6,6408
8,639
5,6417
6,6417
5,639
6,636
3,636
8,6358
6,6419
8,6358
6,636
8,6425
8,6358
6,6363
5,6419
5,6419
6,6363
3,6425
3,6419
6,639
6,639
1,641
8,6411
8,6363
3,6425
3,6432
6,6432
8,6337
5,6389
3,6413
8,6426
6,6424
6,6424
5,6412
5,630
6,6412
3,6412
3,6337
6,6432
6,6412
6,6413
8,6426
6,6424
3,6423
8,6426
5,6413
6,6432
8,6403
3,641
5,630
6,6337
6,6403
6,6403
3,6337
5,6413
5,630
6,6403
3,6423
6,6423
5,6389
3,6423
3,6418
8,6442
5,6410
3,6406
6,6360
8,6389
5,6418
5,6306
5,6418
8,6410
6,6437
5,6410
6,6410
6,6437
6,6406
8,6442
3,6418
6,6420
8,6426
6,6440
3,6418
6,6440
5,6306
6,6420
3,6406
3,6410
6,6306
5,6306
6,6437
8,6442
8,6442
6,6406
6,6440
6,6420
6,6420
8,6426
8,6440
1,6456
3,6360
5,6372
3,6456
3,6448
8,6372
5,644
3,6449
3,6405
3,6405
3,6360
3,6454
5,6448
6,6409
3,644
5,6444
5,644
5,6448
5,6448
6,6405
3,6454
3,6409
3,644
3,6449
5,6405
3,6449
5,6454
3,6372
3,6444
5,6360
8,6409
3,6454
6,6372
3,6372
6,6444
5,6458
5,6409
3,6456
5,6456
6,6451
3,6450
5,6458
5,6455
6,6450
6,6446
6,6451
6,6451
5,6450
6,6463
10,6446
5,6433
6,6378
3,6433
6,6468
6,6452
5,6450
8,6446
1,6458
8,6451
5,6433
6,6446
3,6455
5,6378
6,6463
6,6463
6,6463
3,6455
5,6378
5,6458
5,6468
6,6468
6,6378
6,6459
3,6433
8,6459
6,6468
6,6480
8,6472
6,6472
3,6488
5,6471
3,6452
6,6480
5,6481
3,6452
6,6470
8,6452
6,6470
1,6481
3,6461
1,6461
1,6477
5,6477
8,6473
5,6477
8,6483
5,6471
5,6470
5,6470
6,6481
3,6483
3,6477
6,6480
5,6473
6,6470
6,6483
3,6461
6,6480
6,6483
5,6481
6,6473
6,6472
5,6488
5,6471
6,6488
3,6461
5,6471
3,6148
8,6163
3,4795
8,6147
5,4795
8,6154
6,6168
8,6089
6,6089
6,6173
6,6089
6,6154
5,6168
8,6163
6,6179
5,6179
3,6148
6,6167
6,4795
8,6173
5,6167
8,6154
6,6154
6,6173
6,6147
3,4795
5,6148
8,6147
3,6127
5,6127
5,6168
3,6167
3,6179
5,6163
8,6179
5,6148
6,6154
10,6127
1,6089
8,6127
5,6491
8,6486
8,6441
8,6441
6,6486
3,6474
3,6486
6,6484
3,6466
3,6496
3,6491
6,5258
3,6491
3,645
8,6441
5,6482
6,6482
6,6482
3,6474
6,6496
6,6486
5,6441
10,6482
5,6496
3,6484
3,6466
6,6466
6,6435
6,6466
5,645
6,6435
8,6435
6,5258
8,645
6,6484
3,6496
6,5258
5,6484
3,6474
3,6491
6,645
3,6507
6,6499
8,6487
5,6499
5,6422
3,6494
5,6494
6,6507
3,6061
8,6487
3,6502
8,6495
8,6487
6,6429
5,6495
5,6061
3,6499
3,6061
5,6494
3,6495
5,6499
3,6422
3,6502
5,6422
3,645
5,6061
6,6487
3,6507
8,6429
8,6429
6,6502
5,6501
8,647
3,6508
5,6509
5,6508
8,6469
5,6509
5,6501
3,647
8,6501
6,6516
5,6509
6,6469
8,6516
5,647
8,6504
3,6507
5,6509
8,6504
8,6476
6,6469
6,6504
5,6504
3,6508
5,6476
6,6476
5,6501
5,6516
6,6469
6,6504
6,6476
3,6516
6,6512
6,6428
6,6513
3,650
3,6428
6,6524
8,6524
1,6533
3,6515
6,6515
6,6529
6,6529
5,6512
3,6512
5,6428
8,6525
5,650
6,6453
5,6513
6,6490
8,6524
8,6513
6,6428
5,650
3,6529
3,6508
6,6453
1,6533
3,6513
8,6525
1,6529
1,6533
6,6515
6,6490
5,6512
8,6525
6,6524
10,6525
6,6490
6,6515
3,6542
5,6521
5,6521
5,6523
8,6520
5,6542
6,6453
5,6523
5,6534
3,6534
5,6503
6,6503
8,6514
6,6520
6,6503
5,6523
5,6523
6,6520
5,6534
6,6520
3,6521
6,6453
8,6514
3,6521
3,6542
8,6514
8,6503
5,6534
5,652
8,6492
3,6551
3,6560
3,6560
3,6560
3,6551
5,652
8,6551
8,6506
5,6536
3,652
5,6530
6,6492
3,6536
6,6530
5,6530
5,652
8,6492
6,6493
5,6551
5,6530
6,6506
3,6493
5,6530
6,6506
8,6492
5,6493
6,6506
3,6493
6,6506
3,655
8,6547
6,6537
1,655
8,6547
8,6544
3,6544
8,6457
6,6543
3,6558
5,6558
3,6544
3,2503
8,6537
5,6558
8,6547
5,6537
6,6457
5,2503
8,6537
8,6547
5,655
8,6457
3,6536
8,6547
8,6558
6,6535
3,6558
8,6547
5,2503
5,6535
6,6544
5,6457
6,2503
5,6535
5,2503
5,655
3,6535
6,6568
3,6564
8,6568
5,6562
6,5468
3,6564
6,6562
6,6569
8,6475
5,6554
3,6543
3,6543
8,6576
1,6576
3,6475
5,6554
3,6564
6,6475
3,6569
5,5468
3,6543
3,6564
6,6569
6,5468
1,6564
5,6562
3,6554
3,6475
8,5468
6,6554
6,6569
8,6562
3,6576
3,6562
8,6570
6,6565
3,6571
6,6552
6,6565
6,6552
3,6561
5,6578
6,6539
8,6552
5,6578
5,6561
6,6565
6,6539
6,6568
3,6580
5,6578
5,6571
3,6571
6,6556
3,6574
5,6574
6,6570
3,6580
6,6570
6,6556
8,6556
6,6580
8,6578
5,6574
3,6571
8,6552
5,6570
3,6580
8,6552
5,6565
6,6539
3,6561
6,6539
3,6595
6,6585
8,6581
6,6519
5,6519
3,6527
8,6519
3,6587
3,6573
3,6595
3,6573
5,6527
3,6573
3,6586
8,6581
6,6577
3,6573
3,6577
8,6577
3,6586
3,6527
8,6581
5,6586
5,6595
8,6585
1,6587
3,6519
6,6585
3,6585
3,6587
3,6587
5,6527
3,6575
5,6585
8,6581
5,6595
3,6586
3,5963
8,6121
6,6121
6,6136
8,6166
10,6166
6,6166
8,6162
6,6166
5,5963
5,616
5,6176
8,6145
6,6162
8,6121
8,6121
5,6162
8,6121
6,6162
6,6136
5,6181
6,6145
8,6173
5,6145
5,6181
5,6136
6,6162
5,6181
5,6176
6,6145
5,6162
6,6176
5,5963
5,6176
5,6136
3,6591
3,6603
6,6591
3,6596
3,6567
6,6609
5,6609
3,6604
5,6575
8,6609
5,6575
6,6567
8,6436
5,6540
5,6604
5,6608
5,6594
5,6596
5,6591
5,6594
3,6594
6,6436
3,6604
5,6603
6,6591
3,6540
3,6567
6,6603
5,6594
5,6603
3,6567
3,6540
3,6596
3,6596
6,6436
5,657
5,6618
3,6608
5,6607
5,6609
6,657
5,659
1,6608
6,6611
8,6610
6,6611
6,6600
5,659
3,657
3,657
6,6614
8,6614
8,6610
6,6618
5,6607
3,6608
6,6600
3,6598
8,6600
5,6611
6,6607
5,659
8,6600
6,6598
5,6607
6,6607
6,6618
5,6614
8,6610
6,659
6,6598
3,65
3,6592
6,6593
6,6592
6,6631
8,6613
6,6613
5,6613
6,658
6,6631
6,6631
5,6606
6,6620
6,658
5,6606
3,65
8,6593
5,662
5,6620
6,658
6,6631
3,6592
6,662
5,6606
8,6593
6,6593
6,658
6,6613
6,6606
3,65
5,65
3,662
5,6620
8,6592
6,6636
5,6645
6,6634
5,6632
5,6617
5,6617
6,6626
3,6636
3,6640
3,6640
3,6634
5,6632
5,6640
5,6635
5,6640
5,6572
3,6635
5,6635
3,6572
3,6636
8,6563
5,6617
5,6563
3,6632
6,6634
6,6632
3,6635
5,6645
3,6572
5,6634
3,6636
3,6617
3,6645
6,6563
6,6563
3,6637
6,6644
6,6517
3,6650
6,6517
8,6644
8,6648
5,6648
6,6641
6,6648
5,6589
5,6641
6,6626
6,6626
3,6616
5,6641
5,6616
5,6647
6,6647
5,6616
8,6517
5,6650
6,6589
6,6641
6,6644
6,6644
3,6626
3,6647
6,6626
5,6616
6,6589
6,6650
5,6637
6,6517
8,6589
6,6648
6,6657
5,6651
8,6657
8,6549
1,6664
5,6627
6,6658
8,6658
5,6651
5,6651
6,6627
5,6601
8,6657
5,6659
6,6601
6,6601
6,6659
8,6601
8,6549
5,4500
6,6657
5,6651
8,4500
3,4500
3,6664
1,6664
3,4500
5,6659
5,6627
3,6637
5,6662
6,6658
5,6627
5,6658
8,6549
6,6659
8,6646
6,6646
3,6668
8,6662
10,6646
3,6671
8,6646
5,6666
6,6653
3,6654
5,6621
5,6666
5,6621
6,6653
3,6654
6,6671
8,6668
6,6653
3,6671
1,6590
5,6653
6,6621
8,6662
3,6590
8,6668
3,6654
3,6654
3,6672
8,6668
6,6666
6,6678
3,6671
6,6621
5,6672
5,6668
5,6672
6,6672
5,6666
1,6590
3,6683
6,6680
3,6678
10,6675
3,666
5,6683
5,6675
3,666
5,6673
5,6675
6,3829
5,6679
8,6267
3,6684
6,6684
5,6675
3,6680
3,6683
3,6673
3,6673
3,6683
3,6679
3,6679
3,6684
3,6678
5,6680
6,6684
3,3829
3,666
3,6678
6,666
6,6267
6,6267
5,6680
3,3829
6,6566
5,661
3,6695
3,6690
3,6686
3,6694
8,667
8,6694
1,6690
5,6686
1,667
3,6694
6,6665
3,6692
5,6695
6,6665
5,6685
5,6669
3,667
5,661
5,6686
3,6686
6,6665
5,6692
6,6685
6,6669
5,6669
5,6685
3,6695
3,6669
8,661
6,6566
3,667
6,6665
6,6566
5,6692
6,6695
3,6690
3,6685
3,6690
6,6715
3,6705
5,6710
6,6681
6,6701
3,6689
3,6708
5,6660
1,6705
6,6689
3,6681
3,6699
5,6681
3,6705
3,6694
3,6701
5,6689
5,6701
5,6660
3,6708
3,6701
5,6681
6,6705
3,6699
3,6715
5,6689
3,6681
3,6710
3,6699
5,6708
6,6689
5,6715
6,6660
3,6710
5,6715
1,6183
5,616
5,6184
5,6183
1,6183
3,6189
6,615
3,616
5,616
1,6189
5,6183
5,6184
5,6184
5,6202
3,615
5,615
6,615
6,6202
5,616
6,6178
6,6178
3,6185
5,6185
3,6189
5,6184
8,6169
5,6169
3,6185
8,6202
3,6178
3,6178
5,6189
6,6202
6,6703
8,6696
6,6696
6,6687
5,6720
8,6682
5,6732
6,6687
6,6688
6,6682
8,6703
8,6688
3,6704
3,6628
8,6703
6,6732
3,6704
6,6687
5,6628
5,6687
6,6682
6,6628
5,6703
5,6688
5,6720
6,6682
3,6720
5,6732
8,6696
6,6704
6,6687
3,6712
6,6712
6,671
5,6737
6,6712
8,6714
8,6722
3,6725
5,6725
5,6725
5,6722
5,6722
6,6713
8,6713
6,672
8,6714
6,671
5,671
6,6713
8,6712
6,6722
6,6737
5,672
6,6725
6,6722
5,6737
8,6714
5,6628
5,672
6,6737
8,672
3,671
5,6731
5,6729
3,6748
8,6656
5,6748
3,6729
6,6736
6,6724
8,6656
8,6736
5,6742
1,6742
6,6656
6,6736
6,6724
6,6755
6,6731
6,6755
6,6755
6,6733
8,6733
6,6731
6,6736
8,6742
3,6748
5,6729
5,6755
3,6748
3,6729
6,6731
6,6724
3,6733
5,6733
6,6724
3,6754
8,6743
5,6760
3,6740
5,673
3,6763
5,6754
5,6731
3,6754
5,6763
5,6744
5,5310
3,6766
5,6743
3,6740
5,6740
3,6763
6,6740
6,5310
3,6754
6,6743
8,6743
6,6766
3,5310
5,6760
5,6744
5,6760
5,6744
6,6760
8,5310
8,6743
3,6763
6,673
8,6744
5,6766
3,6763
3,676
6,6761
6,6767
3,676
5,6780
5,673
3,6776
6,6751
1,6776
6,6767
5,6765
5,6761
3,6761
6,6711
6,6776
6,6751
5,6767
5,6780
6,676
5,676
5,6761
5,6780
6,6765
5,6765
3,6776
5,6780
5,673
6,6767
3,6751
6,6786
8,6783
5,6783
8,6778
6,6711
5,6782
8,6778
5,6778
5,6773
5,6711
5,6772
6,6728
6,6779
6,6779
6,6711
8,6779
8,6783
6,6728
5,6782
5,6782
6,6772
8,6783
6,6728
5,6778
6,6786
6,6772
3,6773
6,6773
6,6772
6,6775
6,6775
6,6796
5,6790
5,678
3,678
8,6787
3,6787
3,6798
3,6798
3,6788
6,6796
5,6798
3,6777
6,6796
3,678
6,6790
6,6784
6,6775
3,678
6,6777
6,6788
3,6777
3,6786
3,6805
6,6805
3,6777
3,6784
3,6784
3,6788
5,6775
5,6790
6,6787
5,6787
3,6805
3,6790
3,6784
5,6798
3,6793
5,6718
3,6718
6,6718
5,6271
3,6271
6,6816
8,6271
6,6271
3,6785
6,6721
8,6785
6,3883
8,6785
6,6746
8,67
5,6746
6,6721
6,67
5,3883
8,6721
5,6804
6,6721
3,6816
5,6804
3,6793
3,6721
5,6804
6,67
5,3883
5,67
5,6721
3,6816
5,6746
5,6718
3,3883
3,6793
3,6793
3,6749
8,5903
8,6799
6,6823
6,6810
6,679
6,6735
10,5903
3,6749
5,6818
3,6749
6,5903
5,6799
6,6756
3,6822
6,6799
3,6822
8,5903
6,6799
3,6810
8,679
5,6818
3,6810
6,6823
6,6756
5,6822
3,6812
5,6756
3,6822
5,6812
6,6823
6,679
6,6823
5,6812
6,6756
6,6818
3,6749
8,6756
6,6812
3,6828
3,6839
1,6839
6,681
3,6802
6,6735
3,6828
5,6802
3,6828
5,6768
8,6832
8,6834
6,682
3,6774
5,681
3,6774
5,6819
3,682
6,6819
8,6768
6,682
5,6768
5,6802
8,681
6,6834
6,6819
1,6839
6,6735
5,6735
5,6828
5,681
1,6774
5,682
1,6839
5,6768
3,6802
5,6810
5,6819
8,6834
3,6802
3,6802
3,6193
8,6169
6,6174
5,6158
8,6174
5,6171
3,613
6,6171
5,613
6,613
8,6169
3,6193
3,6207
5,6196
5,6196
3,6196
3,6187
8,6187
8,6180
8,6180
6,6171
3,6180
3,6207
5,6180
5,6158
1,6207
5,613
8,6138
8,6174
3,6196
8,6138
6,6158
8,6174
5,6171
6,6138
3,6193
5,6138
1,6207
5,6138
3,6848
3,6781
6,6848
3,6817
6,6807
5,6848
3,6817
6,6801
5,6781
5,6817
6,6809
6,6809
5,6809
3,6842
6,6838
5,6838
6,6838
8,6801
3,6838
6,6801
5,6832
3,6838
6,6838
5,6781
6,6842
8,6801
3,6781
5,6842
6,6832
3,6842
5,6807
5,6809
6,6807
6,6832
8,6827
3,6827
5,6846
8,6850
6,6843
8,6825
8,6795
3,6853
3,6854
6,6853
3,6830
5,6848
6,6843
6,6859
5,6830
5,6827
6,6843
3,6846
6,6830
8,6795
8,6795
6,6825
5,6843
3,6859
10,6795
3,6853
5,6846
6,6825
3,6854
8,6846
6,6807
6,6825
6,6859
3,6854
5,6830
3,6854
8,6853
3,6730
6,6844
8,6730
6,6850
5,6850
6,6791
3,6857
5,6791
3,6730
6,6849
6,6850
6,6813
8,6791
5,6855
5,6813
3,685
5,6813
6,6855
6,6857
5,6845
6,6791
5,6857
5,6813
5,6845
5,6844
6,6865
5,685
8,6849
5,6844
3,6813
6,6857
6,6855
6,685
3,685
6,6845
10,6849
6,6849
5,6730
6,6855
3,684
3,686
8,6789
3,686
5,6863
3,6869
6,6867
3,6867
6,6865
3,6863
3,6872
3,680
5,6390
6,6865
8,680
3,686
5,6863
6,6390
6,680
3,6872
5,684
5,6869
5,686
5,6867
8,684
1,6887
3,6789
6,6863
3,6876
3,6872
3,6789
3,6869
5,6865
6,6872
1,6887
5,6390
1,6887
5,6390
3,6869
5,6789
3,6867
6,6892
6,6889
5,6876
6,6858
3,6896
8,6892
3,6889
3,6896
6,688
6,6892
8,6858
5,6864
6,6868
6,6868
6,6858
5,6896
6,688
3,6889
6,6896
6,6833
6,6833
6,6892
8,688
6,688
6,6864
5,6876
6,6868
3,688
5,6864
5,6889
3,6876
6,6868
8,6858
5,6864
6,6833
6,6833
6,6841
6,6883
3,6873
5,6883
3,6897
6,6860
5,6873
3,689
8,6883
5,6878
3,6891
6,6878
5,6897
3,689
5,6873
6,6883
6,6878
5,6891
5,6860
5,6891
3,689
8,6841
3,6897
3,689
5,6762
6,689
1,6891
5,689
3,6762
6,6891
6,6860
5,6762
6,6762
6,6882
6,6860
3,6762
6,6841
3,6897
6,6883
5,6841
8,6895
5,6902
8,6886
8,6882
8,6895
6,6895
5,691
6,6882
3,6909
5,6885
8,6909
3,6831
1,691
5,691
6,6902
6,6909
8,6886
6,6895
6,6885
8,6909
5,6885
5,6902
3,6882
8,6909
8,6831
3,6902
8,6886
8,6886
5,6885
8,6831
6,6831
3,691
5,674
5,6885
5,6870
6,6879
5,6907
8,6759
6,6866
5,6920
5,6918
8,6759
5,6898
5,6898
6,6870
5,674
3,6916
6,6920
5,6927
5,6907
3,6916
3,6870
3,6898
3,6870
5,6920
6,6879
8,6856
3,6920
5,6927
3,6866
6,6879
5,6916
3,6898
6,6759
6,674
3,674
5,6907
1,6856
5,6916
5,6916
8,6856
6,6759
3,6927
3,6866
3,6932
10,6901
5,6912
6,6910
6,6901
3,6924
5,6918
6,692
8,6910
3,6851
3,6932
5,6912
3,6901
5,6922
6,6912
5,6851
3,6922
6,692
6,6913
8,6910
8,692
5,6918
3,6912
6,6922
6,6913
6,6870
5,6932
8,6910
5,6851
5,6924
5,6901
6,6851
5,6924
8,6922
6,6913
3,6924
3,6918
5,692
6,6913
8,6931
6,6893
5,6939
6,6931
3,6944
5,6930
3,6944
1,6948
5,6944
3,6948
3,6944
1,6948
3,6877
6,6921
5,6939
5,6948
5,6930
3,6877
6,6921
6,6893
6,6931
8,6893
3,6877
3,654
3,6877
6,6893
6,6921
8,6931
5,6930
5,654
5,654
3,6949
5,6949
3,654
1,6939
3,6949
8,6949
5,6930
6,6893
6,6182
6,6213
8,6213
6,6192
5,6194
6,6194
5,6182
5,6192
6,6213
6,6204
6,6204
6,618
6,6213
8,6203
3,6194
8,618
6,6182
3,619
3,6194
6,6213
8,6204
1,619
8,6187
8,6203
5,6204
8,6187
5,6192
6,6203
3,619
6,6203
8,618
6,619
6,6182
3,695
3,6952
8,6928
8,6929
5,695
3,6929
8,6937
3,6871
5,6928
5,6946
6,6952
6,6935
5,6928
5,6929
3,6935
6,6871
3,6926
6,6929
5,6946
3,6871
1,6871
6,6935
5,6926
5,6926
5,6929
3,6952
6,6928
6,695
5,6935
6,6928
5,6935
1,695
5,6926
5,6929
5,6946
3,6971
5,6956
3,6969
3,6969
6,6964
5,6950
6,6937
5,6950
5,6969
3,6971
6,6964
3,6969
5,6950
3,6941
8,6937
5,6956
6,6936
3,6968
8,6941
3,6968
6,6936
3,6915
5,6958
3,6961
5,6941
3,6958
3,6956
5,6958
6,6936
5,6964
6,6915
6,6941
3,6971
5,6961
5,6964
8,6915
5,6961
1,6971
5,6961
6,6968
5,6947
5,697
5,6989
8,6947
3,6963
5,6933
6,6983
8,6933
3,6981
6,6947
5,697
1,6983
8,6976
6,6981
3,6933
6,6989
3,6963
5,697
5,6989
6,6963
6,6981
6,697
3,6963
3,6983
5,6980
3,6981
3,6933
3,6983
3,6981
5,6989
6,6980
5,6980
3,6947
5,6972
5,6976
6,6972
5,6769
5,6992
6,6769
5,6993
3,6996
5,6993
3,6992
3,6852
6,6996
6,6976
5,6992
8,6976
6,6769
5,6988
5,6852
3,6988
5,6972
5,6995
3,6995
5,6992
3,6972
3,6852
6,6993
5,6988
6,6993
6,6995
6,6769
6,6996
6,6978
3,6984
5,6999
6,6982
6,6978
8,6982
6,6965
3,6959
3,6994
6,6978
3,6991
6,696
6,6999
3,6991
6,6994
3,6861
6,6999
5,6991
6,6977
6,696
5,6959
6,6977
3,6984
5,6984
6,6861
5,6999
8,6959
3,6984
8,696
6,6977
6,696
5,6861
1,6994
6,6982
6,6965
5,6861
3,6959
8,6938
3,6996
5,6975
5,7002
5,7003
3,7002
6,6987
5,7002
5,6997
8,6421
3,6951
5,6997
1,7001
8,6938
5,6975
6,6938
1,6997
3,6987
5,6951
5,6938
6,6975
3,7003
5,7001
5,7012
6,6951
3,6987
6,6987
6,6975
3,6421
3,7002
5,6997
3,7012
6,7003
8,7012
3,7003
5,6951
5,7001
5,668
8,6925
6,668
8,7018
3,7030
5,6925
3,6979
3,6942
3,7018
5,668
3,6979
8,6942
3,7004
3,7018
3,6579
6,6942
5,6925
5,668
6,7030
3,6579
6,7016
3,7004
3,6421
3,7004
3,7018
5,7016
6,6925
1,7030
6,6942
5,6979
3,6579
6,6579
5,7016
5,6421
1,6979
3,7004
5,6979
6,7016
1,7030
8,7015
3,7029
8,7029
8,7015
6,7019
3,7029
5,7027
5,7000
3,7025
5,7025
8,7032
6,7006
8,7006
3,7032
5,7006
6,7000
8,7019
5,7000
6,7023
5,7024
1,7024
6,7005
6,7027
3,7023
8,7005
6,7027
5,7027
6,7005
5,7019
6,7024
6,7023
5,7023
5,7015
8,7019
3,7029
6,7032
8,7005
3,7024
3,7025
5,7044
6,6966
3,7031
6,7021
5,6966
8,7034
5,701
6,7034
3,701
6,7042
5,7044
5,7031
5,7044
6,7034
3,701
3,7031
6,7034
8,7021
8,7000
5,6966
6,7034
5,7031
6,7044
5,7042
3,7031
5,7042
3,6966
8,7042
8,7039
3,7050
5,698
3,7045
5,7047
5,698
3,7056
3,698
5,698
6,7049
3,7047
5,698
6,698
5,7046
5,7043
6,7047
8,7049
6,7049
8,7039
8,7021
1,7056
5,7050
3,7056
6,7046
3,698
5,7047
5,7045
8,7049
5,7043
6,7039
1,7043
6,7049
5,7043
6,7046
6,7045
6,7045
6,7047
6,7021
3,7050
8,6226
6,6217
3,6220
3,6201
3,5890
6,6219
6,6215
3,6226
6,6226
6,6205
6,6200
8,6219
5,6215
5,6217
6,6223
6,6200
3,6220
8,6223
3,6223
8,6200
5,6215
5,6219
8,6211
5,6211
3,6200
3,6201
6,6217
6,6220
3,6226
6,6217
5,6211
5,6211
5,6201
8,6205
8,6205
5,6223
8,6211
5,6219
3,6201
5,704
5,7007
8,7036
5,7077
3,7075
3,704
5,7036
5,7075
5,7077
6,7048
5,7077
6,6919
6,7033
6,7036
3,7052
6,6919
8,7052
5,7007
6,704
6,7007
5,7077
5,7048
5,7007
6,7046
6,7033
6,7033
3,704
3,7075
3,7075
5,7052
6,6919
8,7048
6,7036
6,7052
5,7033
6,7069
6,7091
6,7061
3,706
3,706
3,7091
5,7069
6,7041
5,7080
5,7069
6,7084
3,7026
5,7026
3,7041
8,7061
3,7084
3,7091
6,705
5,705
5,705
3,706
5,7080
6,7080
3,7091
8,7041
5,7080
3,7084
5,7026
6,7041
6,7084
3,7026
5,7041
3,7069
6,7087
3,7074
5,706
6,7085
3,7087
5,7099
3,7085
8,7062
5,7061
3,7099
6,7066
5,7099
6,7093
8,7094
5,7094
1,7066
5,7093
5,7085
6,7093
6,7085
6,7066
3,7083
5,7066
6,7087
5,7099
3,7094
6,7088
3,7088
5,7083
6,7088
8,7061
6,7093
3,7083
3,7074
5,7088
3,7074
6,7087
3,7074
6,7062
6,707
6,7104
5,7094
6,7100
3,7104
5,707
3,7097
3,7097
1,7113
8,7081
6,7109
3,7098
5,7081
5,7109
3,7107
6,7100
6,707
5,7097
3,7104
6,7097
6,7109
1,7081
3,7113
3,7107
5,707
6,7098
3,7100
6,7098
3,7109
8,7098
8,7113
6,7098
6,7081
3,7098
5,7107
5,7100
5,707
3,707
6,7079
6,7106
5,709
3,7122
3,70
6,70
8,709
5,7115
5,7116
3,709
3,7119
3,7079
5,7106
5,7106
8,7104
6,7116
8,70
6,70
6,7112
5,7116
8,7112
6,7115
6,7126
6,7116
5,7079
3,7122
1,7122
8,7112
6,7106
5,7112
3,7079
6,7122
3,7079
5,7119
5,7119
6,7119
6,7115
5,7105
6,710
3,712
8,7101
5,7118
6,7105
3,7124
3,7053
6,710
5,7126
6,7053
3,7117
5,7117
6,7101
5,7053
8,7118
3,7105
6,7105
3,7124
5,7126
5,7124
3,712
8,7127
5,7118
3,7126
5,7117
6,7090
6,710
5,7127
8,7101
8,7090
6,7090
3,7117
5,7127
3,7101
6,7101
6,712
3,712
5,7090
8,7020
8,7114
5,711
6,7020
3,7103
3,7135
5,6940
8,7132
6,6940
6,7114
6,7129
6,7020
3,7129
8,7129
3,7135
8,7132
5,7132
1,7103
1,7095
8,7129
3,7132
6,6940
6,7095
3,7095
3,7134
3,7103
6,7114
5,7095
3,7135
5,6940
6,6940
6,7134
6,7020
3,7103
3,711
6,7134
6,7134
1,7138
8,7082
8,7151
3,7146
5,7142
3,7137
5,7146
5,7146
3,7137
3,7138
8,714
6,7130
5,714
5,713
3,7142
6,7143
6,7143
6,713
3,7151
6,713
6,7130
3,7130
6,7143
6,7130
1,7138
3,7138
5,7151
8,7143
6,713
8,7142
3,7142
6,7137
5,711
5,714
6,7082
5,7082
6,7082
3,7123
3,7168
6,7082
5,7123
5,7168
5,7168
3,7168
5,7123
6,6236
3,6240
5,6216
5,61
6,6216
6,6240
5,5890
5,6224
6,6224
5,5890
8,6216
5,5884
6,6228
6,61
8,61
5,5890
6,6228
6,5884
5,6237
6,61
5,6240
6,6228
1,5884
3,6237
3,6236
8,6216
5,6240
8,6228
5,6224
3,6244
3,61
6,6236
3,6237
3,5884
6,6224
3,6237
6,6129
5,6459
5,6765
8,6796
5,6859
5,7161
3,715
5,702
6,7158
6,7111
6,7169
6,7169
3,7161
6,7111
3,7159
5,7159
8,7158
3,7158
3,702
6,7162
8,7162
6,716
3,715
6,716
6,7148
3,702
5,7161
8,702
5,7148
3,7158
3,7148
6,7148
3,715
6,716
6,7111
5,7159
8,7169
6,716
3,7161
6,7169
8,7169
6,7162
6,7111
6,7159
6,7162
6,7145
8,7145
3,7108
3,7179
3,7179
6,7128
6,7128
3,5669
5,7175
6,7166
6,7166
6,7128
6,7171
6,7145
5,7175
5,7175
5,7166
8,7174
5,7175
5,7177
8,7174
5,5669
8,7128
5,7166
3,7108
5,7128
6,5669
8,7145
6,7179
3,7108
5,7179
3,7108
5,7179
6,7145
3,7177
5,7148
8,7174
3,7177
8,7174
6,7177
8,717
5,7051
8,7252
5,7252
3,7271
6,7189
6,7266
8,7291
5,7266
3,7155
6,7266
6,7189
5,7252
1,7296
6,7266
5,7291
8,7051
5,7297
8,7155
5,7189
5,717
3,7296
3,7271
5,717
6,7155
5,717
6,7155
3,7271
5,717
3,7297
3,7297
6,7291
3,7296
6,7189
3,7271
5,727
3,7302
3,7281
6,7302
6,7302
6,7222
6,7222
5,7273
3,7273
3,7250
5,7281
8,7302
5,729
3,7281
6,7286
5,7273
6,727
8,729
6,7286
6,729
8,7222
5,7302
6,7281
3,7250
8,7286
6,7273
5,729
6,7222
6,7286
5,727
5,7273
5,7250
5,726
6,7244
3,731
5,7311
1,7301
5,7055
3,7301
3,7301
6,731
8,731
6,7055
5,7055
5,7244
3,7311
3,7309
3,7301
3,726
5,731
8,7055
3,7309
3,731
5,7309
3,7318
3,7316
6,7208
3,7311
6,7244
5,7311
6,7316
3,7316
6,7318
3,7208
6,7318
3,7301
3,7309
5,7208
3,726
5,7316
3,7331
3,7328
8,7326
3,7326
5,7331
1,7339
5,7306
5,7323
6,7249
5,7249
6,7306
5,7300
6,7324
6,7310
5,7300
5,7328
3,7326
8,7318
5,7249
6,7306
6,7324
3,7326
5,7249
3,7339
3,7328
8,7310
5,7331
5,7323
6,7324
3,7300
3,7324
8,7323
8,7323
1,7339
8,7310
5,7331
8,7310
3,7280
5,7288
5,7288
3,7288
8,7290
6,7321
6,7321
6,7262
8,7332
5,7313
6,7321
5,7288
6,7280
5,7287
8,7290
8,7280
3,7287
5,7325
3,7313
5,7333
6,7332
6,7287
8,7262
5,7333
5,7262
5,7313
6,7336
3,7280
5,7313
6,7332
5,7332
5,7325
3,7325
5,7287
5,7288
6,7325
1,7336
6,7333
6,7336
6,7321
5,7357
6,7319
6,7319
6,733
5,7334
6,7351
3,7319
3,7346
3,7334
6,7338
3,7351
6,7351
5,7351
6,7341
8,733
5,7346
3,7334
5,7338
6,7341
6,733
5,7338
8,7341
3,7357
5,7293
3,7341
6,733
6,7346
3,7346
3,7357
5,7334
5,7334
3,7293
5,7290
8,7319
1,7357
6,7293
8,7290
8,736
5,7370
6,7279
3,7370
5,7358
3,7370
8,7329
5,7343
5,7367
6,7365
6,736
6,7365
3,736
3,7343
5,7367
5,7370
3,7279
8,7329
5,7355
5,7365
5,7279
6,7367
3,735
6,7329
5,7355
5,735
3,7245
5,7279
5,735
6,7329
3,7245
5,7343
6,7365
3,7355
3,7343
3,735
5,7355
3,7358
6,7358
5,7245
8,6661
8,7312
6,7348
5,7150
8,7354
6,737
1,7380
5,737
3,7348
6,7150
5,7312
5,72
8,6661
5,7150
5,7348
5,7380
6,7380
5,72
6,7354
3,72
8,6661
5,737
6,7354
5,737
8,6661
6,7312
5,7150
6,7380
8,7376
3,7399
3,7382
6,7389
5,7394
5,7387
3,7382
5,7394
6,7398
5,7394
6,7395
8,7395
5,7397
3,7399
1,7399
5,7390
3,7389
5,7394
3,7399
6,7390
6,7397
8,7397
8,7395
3,7398
6,7389
3,7395
6,7381
6,7382
6,7381
5,7387
6,7381
6,7398
5,7389
6,7390
6,7390
5,7387
5,7387
6,7390
8,7381
5,7409
3,7409
5,7409
6,7385
6,7405
6,738
5,7385
8,7376
8,7386
6,7386
5,7385
8,7403
8,7385
5,7405
5,738
3,7409
3,7308
6,7403
3,7411
3,7384
5,7384
3,7411
8,7376
8,7386
5,7405
3,738
3,7308
5,7308
8,738
8,7384
8,7376
5,7384
8,738
6,7405
5,7308
3,7411
5,7154
8,7184
8,7195
3,7198
5,7017
8,7171
8,7165
3,7017
3,7171
5,7201
6,7154
5,7165
5,7188
3,7154
5,7184
6,7188
3,7192
3,7192
6,7017
6,7188
5,7198
3,7201
5,7184
3,7198
5,7198
6,7165
3,7192
6,7171
3,7165
5,7195
6,7184
5,7195
5,7188
3,7201
3,7165
5,7375
6,7406
5,7421
5,7406
5,7420
3,7414
6,7379
3,7418
6,7403
8,7379
6,7403
6,7393
6,7421
8,7393
8,7372
3,7421
8,7372
3,7422
8,7372
3,7422
3,7414
8,7393
3,7418
3,7375
3,7418
6,7422
5,7421
6,7393
6,7372
5,7375
3,7414
5,7406
3,7418
8,7379
6,7406
3,7423
5,7368
6,7426
6,7437
6,73
6,7420
3,743
3,743
6,7429
6,7413
5,7429
5,7437
5,7429
3,7426
5,7420
8,7420
6,742
8,742
6,7413
6,7413
8,7413
3,7438
5,7430
3,7423
6,742
6,7429
1,7444
3,7437
8,7430
6,73
3,7423
3,7423
6,7430
3,7368
6,73
5,7437
3,743
5,7413
8,742
6,7368
6,742
6,7428
3,7424
6,7426
3,7401
5,7444
3,7383
5,7438
6,7450
5,7401
6,7424
6,7428
3,7428
1,743
6,7450
3,7450
6,7426
6,7401
5,7383
6,7350
8,7350
6,7446
8,7446
5,7446
5,7383
3,743
5,7438
6,7350
3,7444
6,7425
3,7425
8,7425
6,7424
6,7450
5,7428
6,7425
6,7424
6,7438
5,7446
5,7383
5,7407
6,7445
8,7449
5,7455
6,7350
1,7462
5,7461
3,7461
8,7416
5,7454
6,7449
3,7449
5,7445
6,7455
6,7454
3,7462
5,7462
8,7454
5,7461
8,7416
5,7455
5,7416
3,7407
6,7445
5,7445
3,7454
3,7461
8,7416
3,7449
5,7407
1,7454
3,7456
3,7417
6,7467
6,7452
5,745
5,7417
6,7467
3,745
8,7468
1,7475
6,7452
5,7456
6,7468
1,7475
6,7467
5,7456
6,7468
3,7451
5,7452
5,7464
5,7464
3,7417
3,7464
8,7468
6,7467
6,745
3,7417
5,7464
5,7475
3,7456
5,745
8,7452
1,7466
3,7466
3,7466
3,7471
5,7442
8,7442
3,7483
3,7483
5,7443
3,7477
5,7451
8,7490
3,7457
3,7483
5,7451
6,7457
8,7477
3,746
6,7457
3,7471
3,7477
5,7443
6,7471
6,7442
3,746
6,746
3,7471
6,746
5,7443
6,746
3,7443
5,7477
8,7490
5,7483
5,7451
3,7457
6,7490
5,7442
8,7442
3,7466
5,7484
6,748
6,7486
5,748
3,7489
6,7489
5,7495
5,7492
5,7484
6,7495
6,7482
5,7431
3,7472
3,7489
8,7434
3,7431
3,7492
6,7480
3,7486
6,7434
3,7472
8,7486
5,7472
3,7484
5,7484
3,7482
5,7480
3,7482
8,7486
5,7431
5,7486
5,748
5,7480
5,7492
5,7482
6,7431
6,748
3,7434
5,7434
5,7434
6,7510
6,7503
8,7453
6,74
6,747
5,7509
8,7510
1,7514
3,7514
6,74
3,7511
3,7491
8,749
6,74
6,7503
5,7511
8,749
8,749
6,7453
3,7514
6,7508
6,7508
3,7509
3,7491
8,7510
6,7503
3,7521
5,7511
5,7511
5,7509
6,7491
8,7503
3,7514
10,749
6,747
6,7508
5,7509
5,7491
6,747
6,7508
6,7453
6,7453
3,7519
5,7502
5,6954
8,750
3,7521
5,7518
5,7519
6,7512
6,7515
3,7496
5,7519
3,7519
5,7512
5,7512
8,7496
8,750
8,7228
6,6954
8,7518
6,7496
3,6954
3,7518
3,7502
8,750
8,750
8,7518
8,7228
6,7512
5,7521
6,6954
8,7228
3,7502
8,7228
6,7515
5,7502
6,7515
3,7521
8,7541
3,7520
3,7534
5,7538
5,7522
6,7534
8,7534
5,7520
5,7537
6,7513
3,7541
5,7513
6,7537
8,7536
3,7538
6,7534
3,7541
3,7525
6,7537
6,7463
6,7525
3,7525
6,7520
3,7538
5,7522
3,7463
5,7520
3,7463
6,7463
5,7463
5,7522
3,7522
8,7513
3,7525
6,7536
3,7544
3,7538
3,7544
6,7544
8,7536
6,7520
6,7205
6,7199
3,7206
5,7199
6,7163
8,7205
5,7210
6,7200
8,7163
5,7210
8,7199
5,7207
6,7163
5,7207
6,7218
5,7163
8,7205
5,7207
6,7195
5,7199
6,7218
3,7207
5,7206
3,7218
6,7206
3,7200
6,7200
3,7205
3,7218
3,7210
6,7199
3,7199
8,7546
3,754
3,7547
3,7551
6,7540
6,7432
3,7537
6,753
8,753
6,7432
5,7547
6,7551
5,7540
3,7546
8,753
8,7432
3,7545
5,7551
8,7432
6,7545
5,7547
1,7547
3,754
5,7540
5,7551
3,7540
3,7545
1,7546
5,7551
6,7546
10,753
3,754
6,7545
8,7535
6,7524
8,7529
8,7529
8,7533
3,7548
8,7535
6,7533
6,7535
3,7532
8,7532
8,751
8,751
5,7532
5,7561
8,751
8,7524
8,7533
5,7550
5,7524
3,7561
3,7561
6,7533
6,7552
5,7550
3,7561
5,7532
5,7548
5,7535
3,7548
5,7548
6,751
8,7550
6,7550
5,7548
5,7529
5,7532
6,7535
8,7529
3,7569
5,7579
6,7552
6,752
6,7568
3,7498
5,7498
8,7570
5,7568
6,7565
6,7570
3,7560
3,7583
5,752
5,7579
5,752
3,7569
3,7498
5,7568
5,7565
3,7555
3,7498
6,7555
3,7569
5,7583
3,7579
5,752
3,7579
5,7560
3,7568
5,7583
3,7560
5,7565
5,7552
5,7583
6,7555
3,7560
6,7570
6,7555
8,7552
6,7591
5,756
8,7585
6,7582
10,7558
3,7577
6,7572
3,7599
5,7584
6,7585
3,7577
3,7585
3,7572
3,7558
1,7599
5,7584
3,7584
5,7584
6,7591
3,7577
5,756
6,756
3,7599
3,7572
5,7572
3,758
5,758
3,756
8,7582
6,7591
5,7580
8,7591
5,7577
5,7572
3,7558
5,7582
1,758
6,7585
3,7572
1,7599
6,7558
5,7606
3,7602
5,7556
6,7592
6,7412
8,7610
6,7589
3,7606
8,7556
3,7606
6,7592
5,7556
5,7600
6,7412
6,7412
3,7610
3,7562
3,7610
6,7602
8,7562
3,7602
3,7600
5,7592
8,7562
5,7605
5,7605
6,7589
3,7606
6,7412
8,7589
5,7580
3,7600
5,7580
5,7556
5,7605
3,7602
8,7589
8,7562
5,7580
5,7600
3,7592
3,7609
3,7609
6,760
6,7566
6,7566
3,7596
3,7611
8,7566
3,7611
3,7610
5,7587
6,7609
5,7609
6,7478
5,7596
6,7611
8,7587
3,755
6,7566
6,7597
6,7566
5,7478
3,7478
5,755
3,7587
6,7597
6,760
8,7613
3,7613
6,7597
5,7597
6,760
8,760
8,7478
3,7596
3,7587
1,7611
3,7596
5,7613
8,7601
5,7402
6,759
3,7402
6,7601
8,7574
5,7563
6,759
8,7586
6,7601
6,7574
5,7623
3,7402
5,7623
5,7632
5,7563
5,7617
8,7617
6,7574
5,755
6,7586
8,7595
8,7601
3,7402
6,759
3,7632
5,7563
6,759
6,7595
3,7623
6,755
3,7632
3,7617
3,7563
5,7617
5,7632
3,7595
8,7574
3,7623
8,7586
3,7633
6,7619
6,7619
5,761
6,762
3,7633
3,7626
5,7059
5,7059
5,7626
5,761
6,7539
6,7586
3,761
8,762
3,7539
6,762
3,7615
3,7634
6,7619
6,7619
5,7634
5,761
5,7059
3,7634
3,7626
8,7626
8,762
3,7633
5,7059
6,7059
5,7059
3,7615
8,7615
8,7539
8,7628
6,7631
8,7616
3,75
8,7488
3,7633
3,7635
8,7631
6,7604
8,7488
8,7652
5,7625
5,7638
6,7604
5,7635
5,75
6,7616
3,7631
6,7604
6,7604
5,7625
6,7628
3,75
5,7628
5,7616
5,7635
5,75
3,7638
6,7616
8,7631
3,7638
6,7616
1,7625
8,7488
6,7638
8,7604
6,7628
5,7625
6,7660
5,763
6,7654
5,7663
8,7624
6,7644
5,7663
6,7660
3,7630
6,7655
3,7630
5,7624
5,7644
5,7660
5,7652
5,763
5,7627
5,7627
6,763
6,7624
5,7650
5,7644
3,7630
3,7630
5,763
6,7663
5,7650
5,7650
3,7644
6,7627
6,7654
5,7627
5,7652
6,7660
5,7655
6,7650
5,7655
6,7654
3,7655
5,7652
5,7209
6,7213
6,7156
6,7156
8,7125
8,7214
3,7225
3,7202
5,7214
3,7225
6,7202
8,7185
3,7202
6,7214
3,7157
5,7187
5,7213
5,7209
8,7125
6,7214
6,7213
6,7125
5,7211
5,7187
5,7156
3,7213
3,7187
5,7156
3,7157
3,7157
8,7125
3,7211
6,7211
3,7211
5,7209
6,7185
3,7157
5,7225
3,7187
5,7657
8,7564
6,7662
5,7662
8,7564
5,7657
3,7614
3,7662
3,7636
3,7614
3,7664
5,766
8,7564
6,7657
3,766
3,7664
5,766
3,7664
8,7614
3,766
3,7636
6,7664
8,7564
6,7646
3,7636
8,7636
6,7657
8,7624
8,7614
6,7662
5,7636
3,7693
5,7680
6,7676
3,7678
5,7680
3,7678
6,7640
5,7653
6,7676
3,7667
3,7680
3,7685
5,7672
5,7665
5,7676
5,7672
3,7685
6,7683
6,7672
5,7683
5,7683
3,7665
3,7665
5,7653
6,7678
8,7646
8,7676
1,7685
3,7653
5,7653
6,7640
6,7646
3,7646
5,7667
8,7640
3,7667
6,7640
3,7667
3,7665
1,7693
5,7688
6,7677
3,7688
6,7637
6,7697
3,7688
8,7637
5,764
3,7637
8,7688
3,7620
5,764
8,7637
6,7649
6,7696
6,7696
3,7686
10,7696
1,7693
3,7688
6,7686
6,7649
1,7693
6,7686
5,7620
6,7649
5,764
5,7620
3,7697
5,7686
6,7677
6,7677
6,7649
5,7620
6,7637
5,7696
6,7677
6,7697
8,7641
3,7705
3,7705
6,7695
5,7695
3,7699
3,7699
6,7697
10,7641
3,76
6,768
5,7695
5,76
5,7695
3,770
6,7717
6,7699
5,7710
5,7717
6,7641
5,7717
5,768
8,768
3,76
3,770
5,7717
6,7641
5,768
6,770
8,7705
5,7710
5,76
5,7709
5,7698
5,7698
5,7710
5,7690
6,7690
8,7706
5,7709
5,7709
6,7136
6,7136
6,7643
5,7706
8,7704
6,7704
5,7643
8,7706
8,7704
8,7136
8,7712
8,7698
5,7710
5,7712
6,7713
5,7643
6,7708
1,7643
8,7708
8,7136
6,7709
8,7712
6,7690
6,7708
3,7698
6,7708
5,7712
3,7690
6,772
5,772
5,7732
8,7723
5,7181
5,7724
8,7713
8,7647
5,7720
6,7730
5,7723
6,7724
5,7723
6,7181
6,7647
3,7732
3,7730
5,772
8,7723
8,7647
6,7720
8,7722
3,7724
6,7713
3,7730
8,7647
5,7720
6,7713
5,7720
6,7181
8,7720
3,772
5,7724
6,7722
5,7181
5,7730
5,7713
6,7181
3,7732
8,7687
6,7725
5,7741
3,7738
5,7734
5,7728
3,7738
8,7700
3,7728
6,7687
3,7741
3,7738
6,7727
3,7735
6,7725
8,7700
3,7727
6,7728
6,7725
6,7687
8,7734
8,7737
5,7722
5,7738
8,7722
3,7725
6,7735
8,7700
3,7738
6,7700
3,7727
3,7741
3,7735
5,7734
6,7728
6,7687
6,7735
5,7737
8,7737
3,7756
6,7694
6,7739
5,7742
8,7752
8,7739
3,7753
8,7739
8,7747
3,7740
8,7694
6,7694
5,7742
5,7747
3,7740
3,7754
3,7754
5,7742
8,7702
3,7753
3,7756
6,7756
5,7747
3,7754
3,7753
8,7702
3,7752
3,7754
6,7753
6,7739
6,7702
6,7694
6,7727
6,7742
3,7756
3,7747
5,7740
8,7752
6,7752
6,7718
5,7749
8,7757
5,7768
6,7757
3,7689
3,7749
5,7758
3,7758
5,7758
3,7718
5,7689
6,7689
5,7749
3,7758
3,7718
5,7752
6,776
5,776
8,773
6,7757
8,776
8,7757
3,7768
3,7761
6,7718
5,7768
6,773
1,7761
3,7761
3,7761
5,7689
8,773
3,7780
6,7785
6,7790
3,7765
5,7774
5,7780
3,7790
5,7748
5,7780
3,776
3,7765
6,7785
6,7773
3,7780
3,7787
6,7773
6,7774
5,7774
5,7785
6,7748
5,7748
3,7790
8,7748
3,7774
5,7765
5,7787
5,7773
5,7787
5,7765
5,7787
6,7785
5,7196
3,7212
5,7204
3,7185
6,7223
5,7223
5,7196
5,7204
6,7212
6,7215
5,7223
5,7215
5,7178
3,7219
5,7223
8,7196
3,7204
6,7212
6,7178
3,7204
5,7212
1,7178
6,7215
6,7224
6,7185
3,7196
5,7219
5,7224
8,7219
6,7215
3,7215
3,7219
6,7178
5,7219
5,7224
6,7658
1,775
8,7782
5,7794
8,7759
6,7769
3,7621
6,7759
5,7794
3,7799
3,7769
5,7799
8,7782
8,7759
6,7794
6,7759
3,7799
6,7658
8,7658
3,7799
3,7621
8,7794
3,7795
5,775
3,7795
8,7795
6,7769
8,775
3,7769
1,775
8,7782
5,7621
3,7658
8,7782
8,7795
6,7759
3,7621
3,7803
6,780
6,7789
6,7726
3,7684
8,7726
3,7803
8,7789
3,7803
3,7815
5,7786
6,7789
5,7803
10,780
8,7661
5,7661
3,7802
3,780
5,7726
5,7786
8,7802
8,7726
3,7684
6,7802
6,7789
5,7661
5,7684
6,7803
1,7661
3,780
6,7786
3,7810
8,7804
5,7804
6,7792
5,7784
6,7792
6,7807
8,774
10,7784
3,7792
5,7811
5,7792
8,7804
5,7784
6,7810
3,7804
5,7813
1,7815
6,7792
3,7815
6,7813
3,7808
5,7811
3,7811
6,7798
3,7808
3,7810
6,7798
5,7815
6,7784
3,7813
3,7813
5,7784
6,7810
8,774
8,774
6,7798
5,7792
3,7811
5,7808
6,7792
5,7819
5,7816
1,7829
6,77
3,7828
5,7829
5,7809
3,779
5,7824
3,7809
3,7824
5,779
5,7819
6,7807
8,7760
3,7828
5,7819
6,7807
1,7809
3,7819
3,7828
1,7828
8,77
3,7829
3,77
6,7824
8,7818
5,779
5,7824
5,7816
6,7818
3,7829
3,7760
6,7807
3,7816
5,7818
3,7816
6,7809
3,7818
5,77
6,7831
3,7760
3,7844
3,7843
8,783
3,7844
3,7844
3,7831
3,7844
5,7827
3,7845
5,783
3,7831
3,7826
3,7855
3,7845
5,7855
6,7827
3,7843
5,7844
5,7826
6,783
6,7845
5,7827
3,7844
8,7823
6,7845
3,7855
5,7843
8,7826
6,7760
6,783
3,7844
3,7826
5,7827
8,7831
3,7855
6,7823
6,7823
6,7823
3,7844
5,7845
3,7843
6,7842
3,7865
6,7842
5,7849
3,7865
5,7865
5,7866
5,7849
6,7721
5,785
8,7839
5,785
5,7837
6,7866
6,7721
5,7849
5,7837
8,7841
8,7821
5,7839
3,7856
8,7842
6,7837
6,7837
6,7721
5,785
5,7856
8,7842
6,7842
6,7839
5,7856
5,785
6,7841
3,7866
5,7839
5,7856
3,7866
5,7865
6,7841
5,7839
6,7849
6,7859
5,7878
5,7874
8,7871
5,7859
3,786
6,7821
3,769
6,7869
5,786
3,7877
6,7869
3,7860
6,7874
6,7875
8,7878
6,7870
6,7877
8,7878
5,786
6,7878
5,7859
8,7875
5,7871
6,7871
6,7875
3,769
6,7878
6,7869
3,7877
6,7875
3,786
5,7821
5,7874
5,7859
6,7821
3,769
3,7877
6,7860
5,7874
6,7821
8,7870
5,782
6,7883
6,782
1,7840
3,7840
3,7880
3,7743
6,7857
3,7880
3,7886
6,7880
5,782
6,7743
5,7886
6,7883
3,7894
1,7892
8,7870
3,7880
3,7857
3,7860
8,7883
5,7884
6,782
3,7470
3,7894
1,7884
6,7470
3,7884
3,7892
6,7840
3,7892
5,7470
3,7886
6,7883
3,7470
5,7857
3,7860
3,7857
6,7743
3,7470
8,7781
3,7864
3,7908
6,7781
1,7891
8,7900
6,7861
3,7908
5,7908
3,7864
3,7861
5,7894
3,7891
6,7891
5,7864
5,7864
3,7891
3,7891
8,7781
3,7861
3,7908
3,7891
6,7781
10,78
8,7895
5,7899
6,78
3,7909
5,7872
8,789
3,7895
5,7888
5,7909
6,7900
1,7911
5,7888
6,7872
5,7911
3,7893
10,789
8,78
3,7893
8,789
6,7872
6,7888
8,78
3,7916
5,7899
3,7911
8,789
8,7888
5,7909
5,7893
3,7899
6,7911
3,7916
5,7900
5,7899
6,7895
3,7916
3,7916
5,7900
5,7872
6,7237
6,7229
3,7232
3,7235
6,7240
5,7237
5,7237
5,7216
6,7232
6,7221
5,7232
6,7121
8,7240
3,7226
3,7221
3,7216
5,7226
5,7221
5,7229
6,7239
8,7240
6,7237
6,7226
6,7235
5,7232
6,7229
5,721
8,721
5,7240
5,7224
5,7226
5,7224
5,7235
5,721
6,7239
6,7239
5,721
3,7221
6,7216
6,7232
8,7905
3,7905
6,7905
5,7868
5,7800
3,7926
6,7920
1,7926
3,7910
8,7920
8,7917
3,7913
6,7910
3,7918
6,7918
1,7800
6,7800
1,7921
3,7913
6,7921
5,7921
6,7921
5,7926
5,7910
6,7920
3,7917
3,7918
5,7868
1,7918
3,7913
5,7868
3,7905
3,7868
3,7910
6,7920
8,7800
3,7926
5,7868
6,7850
6,7923
6,7917
6,7943
3,7938
8,7936
6,7936
6,7919
6,7922
6,7922
6,7922
1,7933
8,7938
6,7922
8,7923
5,7943
5,7850
3,7939
3,7850
3,7919
6,7917
5,7936
3,7938
6,790
8,7923
8,7923
5,7936
3,7933
3,7939
5,7939
6,7930
3,7938
6,790
5,7850
5,7939
3,7930
6,7943
3,790
3,7919
3,7930
3,7943
5,7945
3,7948
3,7935
5,7935
5,7952
3,793
5,7950
8,7927
1,793
5,7954
3,7954
5,7950
8,7952
5,7947
3,793
5,7945
3,7927
5,7935
6,7954
8,7935
1,7927
8,7952
5,7954
6,7948
5,7950
6,7945
6,7945
3,7935
5,7952
5,7947
6,7950
3,7947
3,7927
5,7947
3,793
6,7928
6,7928
6,7928
3,7967
6,7965
5,7951
3,7951
6,7941
6,7928
5,7967
5,7937
5,7948
5,7852
6,7959
6,7951
6,7959
8,7852
3,7941
5,7963
8,7937
5,7967
3,7965
3,7963
6,7937
3,7963
5,7948
6,7965
5,7941
5,7852
6,7852
6,7951
6,7967
5,7959
6,7937
3,7963
8,7959
5,7966
6,7944
5,7981
3,7958
5,7388
5,7980
8,7388
3,7971
5,7958
5,7944
5,7966
5,7958
6,7966
6,7981
6,7388
5,7971
5,7944
3,7958
6,7966
5,7981
3,7980
6,7944
8,7965
5,7958
5,7971
8,7981
6,7981
5,7966
6,7985
6,7957
3,7989
5,7980
1,798
3,798
6,7957
10,6649
6,7955
5,7955
3,7968
3,7989
5,7955
6,7985
6,7836
8,7957
5,7968
5,7955
3,7968
10,7957
3,7968
8,6649
3,798
8,7985
6,7989
3,7487
5,7985
6,7985
3,7989
6,7985
3,7980
8,6649
6,7836
6,7836
8,7487
5,7836
5,7487
6,7836
8,6649
5,7487
3,79
8,7775
6,7775
6,8001
3,8000
1,798
5,7988
8,7912
1,7988
3,7775
5,8000
3,8001
6,7775
8,8001
3,7977
6,7987
3,7977
6,7987
5,8000
5,7988
1,7977
6,7987
3,79
6,7775
5,7988
5,7988
5,79
5,8000
8,7987
8,8001
3,7977
8,7912
3,7997
5,7946
8,8002
5,7771
3,8010
5,799
6,8007
6,8006
3,8006
8,7997
3,8010
3,8007
5,8006
3,7960
8,7912
5,799
6,7997
5,7946
5,7946
6,8007
8,8011
6,7771
6,8002
3,7960
5,8002
8,8011
5,7771
6,7771
5,8010
6,8010
8,7912
6,8007
6,8002
5,8011
3,799
3,7946
5,7960
3,7960
6,7997
5,7962
6,7962
5,7806
8,8024
8,7999
6,7962
3,787
3,787
3,787
6,7999
5,8014
8,8024
8,8004
3,7901
3,7806
3,787
5,8009
6,8009
6,8009
3,8012
8,8004
6,8004
6,8009
5,8014
3,7901
6,8014
1,8014
6,7806
5,8012
6,8009
6,8024
8,8024
8,8011
8,8004
6,7962
1,7901
5,7806
3,8012
6,8012
5,8032
8,7993
8,7986
8,7999
6,7961
3,7961
6,7986
8,8032
3,8035
6,7993
3,8032
3,8032
3,8022
6,8037
8,8029
5,8037
6,7986
5,7993
6,7999
5,8026
8,7964
3,8029
8,7993
6,7986
6,7986
5,8029
6,7961
6,7964
5,8026
5,8029
6,7986
8,7964
5,8037
3,8022
3,8022
3,8022
8,7964
5,7217
5,7227
5,7246
3,7254
3,7243
3,7256
3,690
8,7121
5,7246
8,7186
3,7217
8,7246
3,7234
3,7254
6,7234
8,7243
6,7234
3,7256
5,7217
8,7186
8,7243
8,7246
6,7243
5,7186
3,690
5,7254
6,7121
5,7217
6,7121
5,7254
3,7256
6,7186
3,690
3,7256
3,7256
8,7243
3,8039
8,8038
5,8019
5,8040
3,8005
5,802
3,8035
8,8039
6,801
6,8035
5,802
3,8036
5,8035
8,802
6,8019
8,801
3,8038
8,801
3,8026
5,802
3,8036
8,8026
3,8040
5,8035
5,8019
6,8005
3,8038
6,8038
1,8036
3,8039
3,8036
5,8019
1,8005
5,8039
1,8005
3,8019
3,8005
8,801
8,8015
3,8062
6,8030
5,8062
8,8030
6,8015
6,8021
5,8055
3,8049
5,7970
6,8021
5,8003
5,8003
3,8021
5,8040
8,803
5,8040
6,8003
5,7970
6,803
5,803
5,8055
3,8028
6,8049
5,803
5,8030
8,8021
3,8062
5,7970
6,8055
5,8003
3,8049
1,8028
8,8030
3,8040
1,8028
3,803
3,8062
3,8049
6,7970
8,8041
5,8070
5,8031
8,8067
3,8031
6,8068
6,8041
5,8066
3,8043
8,8046
5,8041
6,8051
6,8050
3,8066
8,8051
3,8043
3,8046
5,8051
5,8067
8,8041
5,8046
8,8068
3,8066
5,8031
6,8050
3,8043
3,8067
6,8050
3,8070
3,8031
6,8015
8,8015
3,8043
3,8066
5,8050
6,8043
3,8067
3,8051
3,8070
5,8068
5,8057
6,8025
5,8065
1,8074
5,797
3,797
5,806
3,8074
5,797
6,8061
3,8074
3,8074
3,8025
5,806
5,8057
6,8061
6,806
3,8074
3,797
3,8074
5,8025
3,8065
5,8074
6,8061
5,8070
6,806
5,8025
6,8061
5,8057
3,8065
8,8048
8,8048
5,8065
8,8073
8,8084
6,8076
3,8084
5,8048
3,807
6,807
5,8075
3,8076
5,8077
5,8048
3,8088
6,8048
8,8077
3,8088
3,8073
5,8076
8,807
5,8093
3,8075
3,8077
3,8075
6,8076
3,8084
3,8073
3,8076
3,8075
6,8077
3,8093
6,8073
3,8088
6,8048
5,807
8,8084
1,8088
6,8097
6,8089
8,8097
3,809
6,8097
3,809
3,809
6,8059
6,8089
6,8086
3,8093
5,8059
6,8059
5,8090
6,8089
5,8094
6,8090
5,809
8,8094
5,8097
6,8086
5,8059
5,8086
3,8097
5,8064
3,8093
6,8090
5,8097
6,8094
5,8090
1,8094
8,7983
5,8079
6,8064
5,7983
6,8064
8,8098
3,8123
6,8107
5,8125
6,8125
3,80
6,8107
6,8099
5,8080
6,8099
5,8123
6,8099
3,7983
3,7983
3,8123
6,8098
5,80
6,80
5,8080
6,8125
8,8107
8,8109
6,8107
5,8064
1,8123
3,8109
5,8098
5,8079
8,8098
5,8125
3,8079
6,8099
3,8080
8,8109
5,80
5,8072
3,8126
6,796
6,8139
6,8138
3,796
6,8072
3,811
3,8117
5,811
6,8085
6,8091
3,796
3,8072
6,8091
5,811
3,8138
5,8126
8,8085
8,8117
6,8072
3,8109
5,8091
5,811
5,8138
5,8091
6,8085
3,8138
3,8139
5,8126
5,8117
5,8139
8,8144
3,8143
5,8143
6,8104
5,7822
3,815
6,8145
5,8130
8,8130
5,8143
10,8104
8,8130
6,8147
3,8136
8,8136
3,8136
6,8144
5,8145
5,8136
8,8130
5,8139
8,8147
5,8143
3,8152
5,815
6,8147
5,8145
5,815
6,7822
5,7822
6,8147
5,8147
5,8104
5,8152
5,8104
5,815
1,8144
8,8145
1,8144
3,8143
8,8112
6,8161
8,8071
3,8165
6,805
8,8071
6,8149
5,8166
8,8149
6,805
6,8112
5,805
5,8149
5,8156
6,8071
5,8071
8,8149
5,8161
3,8152
5,8156
3,8165
6,8166
5,8152
8,8165
5,805
6,8166
6,8112
5,8161
6,8112
6,8156
5,8165
6,8156
5,8166
5,8166
5,8166
5,7040
5,7267
3,7259
8,7263
3,7268
5,7227
6,7040
5,7267
8,7263
8,7261
5,7268
3,7265
3,7258
5,7190
5,7258
6,7263
6,7040
5,7258
5,7261
5,7190
3,7261
3,7265
3,7258
5,7268
6,7259
8,7040
6,7242
3,7261
3,7190
5,7040
6,7242
6,725
5,7190
5,7227
1,7267
6,7259
5,7259
5,7265
8,7242
8,7242
8,8069
6,8163
6,813
1,8179
3,8119
3,8119
6,813
3,8162
3,8166
8,8120
6,8069
6,8163
8,8172
3,8162
8,8069
5,8119
3,8166
6,8178
8,8120
8,8120
5,8179
6,8163
3,8172
5,8172
3,8186
5,8167
3,8167
5,8186
8,813
6,8167
3,8179
6,8162
5,8172
8,8069
5,8120
3,8179
3,8186
8,813
3,8119
6,8178
6,8178
6,8160
8,8142
5,8183
5,8185
1,8183
6,8142
6,8170
3,8160
8,8116
5,8116
5,8170
6,8175
3,8170
8,8185
3,8157
3,8017
8,8175
6,8183
6,8185
6,8160
3,8183
6,8017
8,8175
3,8183
6,8185
6,8175
3,8116
3,8157
6,8142
6,8157
6,8142
6,8198
1,8170
5,8017
5,8198
3,8116
8,8017
5,8157
8,8173
5,8198
8,8187
3,7978
3,8199
3,8200
6,8199
3,8207
8,8173
6,8210
6,8173
5,8200
6,8187
3,8207
3,8200
6,8198
3,8207
3,8200
1,8210
6,7978
5,8190
5,7978
3,8207
8,8187
8,8187
5,8210
6,8173
8,8199
8,8173
8,8200
5,7978
8,8199
5,8173
8,8223
5,8206
5,8211
3,8223
3,8205
1,8222
3,8216
3,8216
5,8222
3,8205
3,8222
5,8206
3,8222
5,8223
5,8212
8,8206
3,8223
5,8212
3,8190
5,8211
3,8223
3,8216
6,8206
3,8223
3,8190
5,8216
6,8211
8,8211
3,8205
5,8205
5,8212
6,8211
8,816
8,821
6,816
8,8221
6,8220
3,819
5,8221
6,8129
5,8129
6,819
5,819
3,8184
6,8215
5,8184
8,8221
5,819
8,816
6,8215
8,821
3,819
3,816
5,8220
5,816
6,821
5,8220
5,8184
5,8215
5,8220
8,8129
6,8215
6,821
5,8184
6,8221
6,8129
3,8224
3,820
5,8230
5,820
3,81
5,820
1,81
5,8213
5,823
8,823
3,8224
6,8213
5,8213
6,8230
6,8213
5,8224
5,820
5,8230
6,8230
3,8224
6,8225
8,8230
5,8225
6,8225
5,81
5,81
6,8225
6,8230
5,8225
3,820
5,823
6,823
3,8232
8,8195
6,8231
5,8255
3,8240
3,8240
3,8255
6,8237
8,8203
8,8258
3,8237
3,8255
3,8237
3,8240
5,8232
5,824
5,8202
3,8195
5,8202
3,8247
3,824
3,8247
6,824
6,8232
8,8258
3,8247
3,824
5,8231
8,8258
3,8232
5,8237
1,8255
6,8195
3,8240
1,823
3,8203
6,8231
3,8247
5,8203
5,8254
10,8202
6,818
8,8242
6,8254
6,8254
6,818
6,8244
8,8243
5,8244
5,8242
3,8244
6,8244
6,818
5,8254
5,8242
5,8254
6,8243
6,8243
8,8202
8,818
3,8263
3,8263
6,8202
6,7274
3,7241
3,7264
6,7274
6,7274
5,7275
3,7241
3,7278
5,7270
6,7253
8,7253
5,7272
5,7269
3,7272
6,7274
8,7274
1,7269
6,7275
3,7278
6,7269
6,7272
5,7264
5,7270
6,725
5,7278
3,7274
5,7253
5,7270
5,7253
1,7264
5,7275
6,7275
6,725
5,7278
5,7241
5,7241
3,7272
6,7051
3,7269
6,725
8,7051
6,8190
5,7017
6,7495
6,7706
6,776
3,8276
5,8228
5,8266
1,8284
1,8273
5,8282
3,8284
8,8248
6,8285
3,8263
5,8276
3,8217
3,8283
3,8263
5,8283
8,8282
3,8284
5,8264
6,8273
3,8217
3,8283
5,8282
3,8228
5,8276
5,8273
3,8276
3,8266
3,8248
3,8248
6,8285
6,8264
5,8266
3,8266
5,8217
3,8263
6,8264
3,8283
5,8228
3,8248
6,8285
5,8273
6,8228
5,8285
8,8275
5,825
5,8250
8,8267
8,8234
5,8287
5,8234
3,826
5,8168
8,8234
5,8262
6,8275
8,8236
3,826
8,8168
3,8262
6,8250
6,8287
5,8287
3,8275
3,8287
5,8267
5,8236
6,8234
3,8262
6,8262
6,8250
8,8236
3,8269
8,8275
3,8236
3,8267
8,825
5,8168
5,8250
8,825
6,8267
8,825
8,826
6,8410
6,8400
3,83
6,8364
5,8390
5,83
8,8410
5,83
5,8364
6,8383
3,8424
5,8424
8,8404
8,8400
10,8364
6,8395
6,8410
6,8404
5,83
3,8416
6,8422
6,8404
3,8404
8,8422
6,8424
8,8410
6,8422
5,8416
5,8390
6,8383
8,8400
6,8390
3,8416
5,8390
5,8416
6,8422
3,8424
8,8429
3,8434
3,830
5,830
6,8435
6,8429
6,8423
3,8408
8,8429
5,8423
5,8427
5,8430
3,8434
3,8427
5,8423
6,8435
5,8408
6,8438
6,8435
5,8408
5,8435
3,8430
1,8434
3,830
6,8383
5,8438
3,8408
5,8438
6,8429
5,8427
5,8430
8,8383
6,8427
5,8408
5,8423
3,830
3,843
6,8436
5,8437
5,8450
8,844
6,8450
3,8440
3,8436
6,843
3,8453
6,8397
3,8440
3,8430
3,8440
8,8437
6,7648
5,8437
8,8397
5,8397
6,844
6,8436
8,8436
6,8449
8,7648
3,8449
3,8453
8,7648
6,8450
3,7648
5,8397
3,8437
8,8453
8,844
3,843
8,844
6,8453
5,8450
3,8440
5,843
6,8449
6,8452
6,8459
3,8468
6,8433
5,8468
5,8442
8,8433
5,6837
6,8455
5,6837
6,8452
3,6837
8,8442
6,8459
6,8428
5,8442
5,8468
8,8428
6,8433
6,8455
6,8452
6,8459
6,8459
6,8456
5,8428
6,8452
8,6837
6,8459
6,8442
6,8456
5,8442
6,845
3,8456
3,8428
8,8468
6,8455
5,8455
6,8472
8,8426
3,8482
6,8432
6,8426
5,8432
3,8472
5,8454
3,8476
6,8418
6,8454
8,845
5,8466
6,8472
1,8466
6,8418
3,8466
3,845
5,8432
3,8482
8,8426
5,8476
3,845
3,8432
6,8454
6,8476
6,8482
6,8454
6,8472
6,8476
5,8454
3,8482
3,8466
6,8418
5,8418
3,8482
6,8471
6,848
5,8492
3,8492
6,8469
8,8461
8,8486
6,8471
5,8483
6,848
6,8488
5,8486
5,8471
5,8483
6,8460
8,8471
8,8461
5,8461
6,8488
5,8469
8,8460
6,8461
6,8460
6,8469
6,8486
5,8492
3,8469
8,848
5,8461
6,8488
6,8486
6,8483
8,8460
8,8483
3,8479
3,8473
3,8473
8,8502
3,8479
5,8477
6,8507
5,8507
3,849
6,8473
5,8464
3,8477
3,8479
6,8464
3,849
5,847
6,8502
6,8507
3,8477
5,8464
8,847
6,8479
8,8494
6,8494
3,849
3,8492
6,849
5,8494
3,8477
6,8507
3,8491
6,8502
3,8106
3,8464
8,8491
3,8473
5,8491
3,8507
6,847
6,847
6,8499
5,8491
3,8495
6,8497
3,8495
6,8511
5,8496
5,8508
1,8496
8,8499
6,8499
5,8495
5,8106
3,8487
6,8516
5,8497
8,8514
3,8497
6,8508
6,8514
5,8514
6,8511
6,8508
3,8508
3,8106
3,8496
5,8495
5,8487
6,8106
6,8487
8,8516
3,8496
8,8514
3,8497
8,8499
6,8511
3,8491
5,8487
6,8487
6,8516
3,8524
3,8523
5,8523
10,8504
5,8370
6,8443
3,8467
6,8370
3,8420
3,8505
5,8370
5,8505
6,8467
5,8443
5,8523
3,8524
8,8504
5,8420
3,8528
5,8524
10,8504
8,8504
5,8443
3,8524
8,8467
3,8505
5,8528
3,8467
5,8420
3,8523
3,8528
6,8370
5,8505
6,8370
6,8443
6,8516
3,8545
3,8529
6,8545
6,841
3,8530
6,8252
5,8501
6,8501
5,841
6,8525
3,8525
5,8533
1,8525
6,8252
3,8529
5,8533
3,8530
5,8533
6,8252
3,8536
3,8545
3,8536
3,8536
5,8531
5,841
5,8530
3,841
6,8531
3,8536
5,8531
5,8533
3,8531
3,8545
5,8529
6,8501
8,8501
5,8529
3,82
5,8302
8,8133
5,8314
6,8292
6,8269
6,8304
5,8302
8,8133
5,8288
8,8133
5,8314
5,8292
3,8288
6,82
8,8277
3,8314
3,8304
5,8269
5,82
3,8304
5,8277
3,8302
5,8292
3,8269
8,8302
8,8133
5,8288
5,8277
6,8277
3,8314
5,8288
5,82
6,8543
6,8558
5,8515
6,8543
6,8448
3,8521
6,8558
3,8521
5,8515
3,8539
3,8555
5,8555
6,8448
6,8448
3,8538
6,8539
6,8515
3,8538
5,8518
6,8558
5,8521
3,8555
8,8558
8,8518
5,8543
5,8555
6,8538
3,8538
5,8518
5,8515
6,8518
5,8539
5,8448
6,8583
6,8574
6,8548
6,8446
5,8573
8,8548
1,8583
6,8566
3,8573
5,8571
5,8574
8,8517
8,8513
6,8517
3,8579
6,8517
6,8446
5,8548
3,8513
3,8583
6,8574
3,8579
8,8513
6,8574
6,8548
6,8573
5,8573
8,8446
3,8579
5,8579
3,8571
3,8583
3,8571
5,8571
6,8513
8,8517
6,8589
8,8575
6,8527
5,8572
3,8591
3,8551
5,8551
3,8577
3,8551
5,8566
5,8572
3,8577
3,8564
6,8577
6,8527
8,8246
6,8527
5,8577
3,8551
5,8246
5,8591
5,8589
5,8589
3,8591
3,8572
3,8564
3,8591
8,8566
6,8575
3,8564
3,8572
5,8566
3,8551
6,8527
6,8246
8,8575
6,8564
8,8509
3,8590
6,8589
8,8584
5,8603
1,8603
10,8597
6,8509
5,8562
6,8584
8,8534
5,8590
1,8609
5,8541
1,8603
6,8541
8,8562
3,8590
5,8534
6,8541
5,8597
5,8541
3,8609
3,8534
6,8582
5,8597
5,8590
1,8617
5,8582
1,8617
6,8582
8,8246
1,8597
6,8541
8,8584
1,8617
1,8609
8,8509
6,8562
6,8582
3,8603
3,8594
3,8628
3,8626
1,8637
6,8610
6,8594
6,8610
8,8594
6,8612
5,8604
5,8604
5,8614
3,8637
3,8628
3,8625
1,8637
3,8568
5,8604
1,8637
6,8568
6,8612
3,8628
6,8626
5,8612
6,8628
3,8625
5,8612
8,8594
6,8625
3,8568
5,8610
6,8610
3,8568
1,8614
6,8594
5,8626
6,8614
8,8604
3,8625
6,8526
3,8627
5,8526
3,8623
8,8639
3,8623
5,8647
5,8606
5,8606
3,8627
6,8631
6,8542
6,8606
5,8647
3,8627
6,8631
6,8542
6,8631
5,8542
5,8542
8,8605
3,8606
6,8605
5,8639
3,8627
3,8623
6,8629
3,8623
8,8639
6,8647
5,8526
6,8639
3,8626
6,8631
5,8526
6,8647
6,8605
6,8605
5,8616
6,8629
3,8635
6,8650
5,8616
3,8649
5,863
8,863
5,8630
6,8629
5,8649
5,8648
6,8648
3,8633
3,8648
10,8650
3,8635
3,863
3,8651
6,8650
3,8635
3,8651
6,8651
5,8649
5,8651
3,8635
3,8616
5,8616
3,8651
5,8616
6,8629
5,8630
8,8650
3,8630
3,8633
5,8649
3,7598
6,8659
3,8671
3,8671
5,8671
8,8657
3,8633
5,8642
8,8659
6,8633
8,7598
5,8659
5,8632
8,8632
5,7598
5,8642
3,8657
5,8642
6,8632
3,7598
6,8642
3,8671
5,8659
6,8665
5,8632
6,8633
8,8657
5,8665
3,8642
6,8657
8,8665
8,8645
6,8676
3,8662
5,8677
3,8677
6,8676
5,8662
3,8672
6,8643
5,8677
5,8676
6,8645
8,8645
5,8676
5,8658
3,8645
8,8645
3,8667
3,8672
5,8667
5,8645
6,8658
1,8667
8,8643
3,8672
5,8672
6,8667
6,8680
1,8662
8,8680
6,8652
3,8652
6,8667
6,8643
5,8677
6,8658
3,8662
6,8680
6,8658
8,862
8,8654
3,868
6,862
6,8664
5,8664
5,8652
6,862
5,8465
5,8692
6,868
6,8687
8,862
3,8652
5,8699
3,8053
8,8692
8,8687
5,8685
6,8685
3,8689
6,8699
6,8699
3,8053
6,8687
6,8685
6,862
3,8465
1,8053
6,8664
3,8689
3,8465
3,8699
6,868
6,8687
3,8053
5,8654
5,8654
8,8692
3,8689
5,8685
3,8311
8,8294
5,8318
6,8290
6,8320
5,8052
3,8301
5,8325
6,8290
3,8325
3,8311
6,8317
8,8052
8,8318
5,8301
5,8052
6,8318
5,8320
6,8294
5,8318
6,8317
5,8317
6,8325
3,8320
6,8294
6,8290
5,8311
3,8301
6,8052
6,8311
6,8052
5,8325
3,86
6,8670
8,8696
5,8670
5,8700
5,8696
3,8704
8,8705
5,869
6,8704
3,869
3,86
3,8703
6,8703
6,8705
8,8670
5,86
5,8705
5,869
8,8692
3,8692
6,8704
5,8700
5,8703
3,86
3,869
6,8700
3,8690
5,8690
5,8705
5,8696
3,8690
3,8724
3,8710
6,8697
8,8697
5,8708
1,8709
6,8712
6,8702
5,8708
3,8721
3,8706
3,8712
8,8697
5,8708
6,8724
6,8697
3,8721
3,8710
3,8724
6,8675
5,8702
8,8702
3,8710
3,8709
5,8706
6,8706
5,8706
6,8702
3,8721
1,8706
8,8675
5,8712
6,8708
6,8675
6,8675
5,8724
3,8710
6,8709
6,8725
6,870
6,870
3,8733
8,8600
6,8569
6,8714
5,870
3,8722
3,8727
8,8600
10,8725
5,8729
6,8725
5,8729
6,8717
6,8729
8,8714
6,8600
10,8714
8,8569
8,8600
6,870
3,8722
8,8569
6,8727
6,8714
5,8725
3,8733
6,8569
3,8733
8,8729
5,8717
6,8717
3,8733
3,8727
3,8722
3,8717
6,8740
8,8735
6,8728
6,8735
6,871
5,871
5,8736
5,873
3,8740
6,871
3,8752
6,8736
8,873
6,8740
6,8735
6,873
5,873
6,8736
6,8735
6,8740
6,8740
6,8728
6,8736
3,8752
5,871
8,8731
5,8684
3,8752
8,8731
5,8728
8,8731
3,8728
8,8731
5,8752
6,8684
5,8727
3,8757
3,8732
3,8739
5,8761
6,8730
3,876
3,8778
3,8761
5,8730
3,8765
6,8730
5,8761
3,8761
6,8775
5,8757
8,8732
6,8763
3,8757
6,8763
3,8778
5,8739
3,8765
6,8730
6,8732
3,876
3,8778
5,8765
6,8763
10,8732
6,876
6,8763
5,876
5,8757
5,8778
5,8730
3,8775
3,8739
6,8684
3,8760
5,8775
5,8750
3,8781
5,8776
3,8759
5,8750
3,875
5,8775
5,8760
3,875
3,8750
3,875
6,8767
8,8767
3,8759
3,8759
6,8767
8,8776
3,8781
5,8776
3,8781
6,875
3,8760
5,8760
8,8750
8,8767
3,8781
3,8785
3,8759
6,8776
3,8785
5,8613
1,8785
3,8793
6,8613
6,7594
5,8779
3,8798
5,878
5,7594
6,8769
5,8798
6,8769
6,8798
3,8785
5,8779
3,8793
5,8745
5,8745
6,8613
6,8779
1,8793
5,8798
6,8779
5,8745
6,8741
6,8741
8,8745
8,8769
5,878
5,8769
5,8613
5,8741
5,878
3,7594
3,8795
5,8792
3,8799
3,8792
5,8803
6,8797
5,8788
3,8800
3,8804
5,8788
8,8804
5,8792
6,8802
6,8795
6,8802
1,8803
3,8803
1,8800
3,8802
5,8800
3,8797
3,8800
5,8795
5,8788
3,8753
6,8753
6,8753
3,8792
6,8753
3,8799
6,8753
5,8799
5,8800
5,8788
3,8799
3,8797
1,8793
3,8797
5,8788
3,8746
8,8663
3,8663
6,8822
5,8808
6,881
8,8663
10,8018
6,8808
6,8829
5,8811
3,8812
1,8808
5,8812
5,8663
8,8829
5,8811
8,8811
5,881
6,8829
6,8746
3,8822
5,8663
3,881
3,8812
5,8812
6,8808
6,8804
3,8746
8,8746
5,8822
5,8822
6,8746
3,8808
5,8679
5,8832
3,8819
6,8834
6,880
6,87
5,8832
8,8809
3,880
5,87
8,8018
8,8801
6,8832
5,8819
3,8819
3,8801
5,8018
6,8801
5,8018
3,882
5,8819
6,8818
5,882
5,882
3,8801
3,8834
6,8834
6,87
5,880
1,880
6,8818
5,8809
3,8679
6,87
5,8679
6,8809
5,8818
8,8278
6,8315
6,8307
3,8348
3,8341
6,8164
3,8164
3,8341
6,8319
3,8335
8,8293
3,8341
5,8293
8,8315
5,8307
3,8164
6,8278
6,8319
3,8335
6,8293
3,8335
8,8278
5,8307
8,8319
1,8348
6,8315
3,8341
3,8348
3,8336
8,8293
5,8164
5,8319
5,8336
8,8278
5,8336
3,8348
5,8336
8,8315
3,8307
6,8756
6,8842
5,8825
5,8842
6,8857
8,8849
6,8857
6,8861
5,8825
5,8861
5,884
3,8837
5,8838
3,884
6,8758
5,8838
6,8756
5,8825
5,884
6,8758
5,8861
3,8838
1,8842
6,8556
6,8556
6,8849
3,8842
6,8758
5,8842
8,8861
8,8556
3,884
6,8758
5,8832
5,8825
6,8756
5,8849
5,8838
6,8857
5,8840
6,8245
3,8865
6,8837
5,8862
6,8851
6,8855
3,8865
3,8851
5,8837
6,8837
5,8840
3,8844
8,8848
8,8805
5,8865
6,8845
5,8862
3,8855
8,8855
3,8844
8,8851
5,8862
6,8245
10,8848
5,8862
5,8245
5,8855
8,8805
5,8805
3,8865
6,8805
5,8851
5,8840
5,8865
8,8848
6,8245
8,8840
8,8848
5,8844
6,8874
3,8894
6,8853
5,8845
3,8839
6,8853
6,8845
3,8893
8,8660
6,8874
5,8875
5,8882
10,8880
8,8660
6,8874
3,8893
5,8853
5,8893
6,8839
8,8880
6,8866
8,8839
8,8660
10,8660
5,8893
6,8866
3,8875
3,8894
3,8882
5,8875
3,8853
6,8866
6,8874
5,8894
3,8866
5,8882
6,8885
8,8824
5,8876
3,8901
5,8872
3,8901
8,8824
3,888
3,8892
8,8889
5,8885
3,888
3,8892
5,8892
3,888
8,8824
5,8889
6,8880
6,8867
6,8867
6,8872
3,8872
8,8867
3,8901
3,8892
8,8824
3,8901
6,8867
3,8876
6,8880
8,8885
3,888
6,8889
6,8897
5,8856
5,8916
1,8904
3,8751
1,8903
5,8904
5,8868
5,8919
5,8903
8,8910
3,88
3,8904
6,8876
6,8751
3,8916
5,8903
6,8856
6,8856
6,8897
3,8916
5,8904
8,8751
3,8904
3,8919
6,8897
6,8751
3,8856
3,8916
8,8910
5,88
8,8910
5,88
6,8868
5,8868
1,8903
6,8916
1,8919
6,890
8,8912
6,8738
6,8912
6,8917
5,890
6,8738
8,8917
3,8922
1,8934
1,8934
5,890
8,8895
6,8909
8,8917
3,8910
8,8895
3,8909
8,8917
1,8934
3,8909
5,8909
5,8920
5,890
5,890
6,8917
3,8934
6,8912
8,8895
6,8920
5,8912
6,8920
6,8738
6,8920
6,8917
6,8895
3,8738
3,8940
5,8942
3,8927
3,8922
3,893
8,891
3,8942
8,8931
5,8922
8,8940
6,8942
8,891
5,8940
8,8921
6,8921
5,8931
5,8922
5,8931
5,892
3,8942
3,892
3,892
3,8907
8,8926
5,8940
6,8927
3,8907
3,893
5,8922
8,891
5,8907
6,891
1,8926
3,8922
3,8931
5,8927
3,8927
6,893
3,893
3,8907
3,8926
5,861
6,8921
6,8921
6,8921
3,8962
3,8946
8,8871
5,879
3,879
6,8871
1,8962
8,8932
6,861
5,8962
3,879
5,8946
8,861
8,8871
6,8936
6,8826
5,8936
3,879
3,8946
8,8936
3,8962
3,8962
3,8946
8,8871
6,8826
8,8826
8,8826
8,8688
8,8945
3,8688
8,8707
1,8707
6,8914
6,894
6,8932
8,8914
8,8956
6,8914
6,8964
5,8964
5,8914
5,8972
5,897
6,8914
5,8945
5,8964
5,8972
5,8972
5,8964
3,8707
5,8914
3,897
5,8945
5,894
6,8945
5,8914
6,8956
6,8932
5,897
6,8956
5,894
8,8688
3,8972
5,8707
6,8688
5,8707
8,8983
5,8967
5,8968
6,8984
8,8976
5,8984
6,8858
5,8983
5,8987
3,8983
3,896
8,8968
6,8968
5,896
8,8858
1,8967
3,8990
6,8990
3,8967
6,8984
8,8969
8,8976
6,8984
3,8987
3,8990
6,8990
3,8969
6,8983
6,8976
6,8976
6,896
5,8987
5,8969
8,8858
6,896
8,8858
5,8969
6,831
5,8323
6,832
5,831
8,828
8,831
3,8344
6,831
5,8346
5,834
6,832
6,8333
6,8344
6,8323
6,832
6,8333
3,8346
6,828
6,8323
5,834
3,8353
8,834
5,8353
3,8333
3,8344
3,8333
5,8346
5,8353
6,834
3,832
6,8323
6,828
3,8344
6,828
6,8988
6,8971
5,9014
3,89
6,8971
6,8957
5,9014
1,8963
6,89
5,8925
6,8997
3,9000
3,89
6,8925
6,9000
6,898
5,9000
5,9000
6,8925
5,8963
8,8963
6,8971
8,8971
6,8997
8,8997
8,8971
6,8988
6,9014
5,89
5,898
8,8997
6,8957
5,898
3,8988
6,8925
3,8957
8,8988
3,8988
6,8963
3,9011
5,7731
3,9020
6,9008
3,9011
3,8992
6,900
8,9009
5,9011
3,9014
5,9009
6,7731
5,9008
8,8996
6,9008
5,9011
5,9008
3,8992
5,8992
8,8958
3,9009
5,8958
8,8958
5,7731
5,900
6,7731
3,9012
6,900
3,8992
3,9012
5,9012
6,8996
1,9020
6,8996
6,9012
5,9008
6,8996
6,8958
3,900
3,9020
5,9018
8,9019
3,9005
3,9041
8,7731
5,9018
8,899
6,9019
6,902
1,902
6,9016
6,9003
5,9005
8,9019
3,9026
5,9018
3,9026
6,9035
6,9026
3,9041
3,9005
5,9016
6,9016
3,903
3,903
6,902
5,9005
6,9035
1,9041
6,9003
3,902
6,899
3,903
8,9019
6,9003
3,9018
1,9041
5,9035
6,9003
8,899
3,9047
3,8949
6,9040
3,9062
3,8949
8,9040
5,9062
3,9046
3,9047
8,9031
3,9033
6,9061
5,9046
3,9052
3,9024
3,8949
6,9031
5,9024
5,9061
5,9031
3,9052
5,9061
6,9051
3,9046
5,9061
8,9031
6,9033
6,9024
6,9052
3,9024
3,9062
3,9047
5,8949
8,9033
6,9046
5,9033
3,9040
5,9051
6,9062
5,9051
3,9070
3,9072
6,901
8,9070
3,9076
5,9071
3,9072
5,9076
5,9072
6,9027
5,901
5,9071
5,9076
5,9071
3,9072
5,9071
3,9045
5,9070
6,9063
6,9045
5,9034
8,9027
6,9070
8,9027
6,9034
8,9027
3,901
8,9034
3,9072
3,9076
8,901
5,9063
5,9063
3,9081
6,9058
5,9045
6,8965
8,8970
6,907
6,9058
5,9045
6,9074
6,9074
6,8965
8,9021
5,8979
3,9064
5,9084
8,8970
5,9074
5,9095
6,9058
6,907
1,9095
6,907
5,9081
5,9021
3,8965
6,9084
6,9058
8,9045
3,8979
5,9081
6,8970
6,8965
5,9081
5,9064
5,9095
5,9074
5,9021
3,8979
5,9084
5,9064
6,907
5,9094
3,9094
6,9077
8,9073
6,9073
3,9097
3,9097
5,9082
5,9092
3,9077
5,908
5,908
3,9082
6,9090
3,9092
5,9097
5,908
8,8638
3,9050
5,908
5,9077
3,9097
3,8979
6,9077
6,9073
5,9077
5,9050
6,9090
3,9094
5,9082
1,9092
5,9082
5,9050
6,9090
8,9050
5,9090
3,90
5,9121
6,90
5,911
8,911
3,9078
6,9116
5,9121
3,9116
6,9078
6,804
3,9125
3,9125
6,9066
5,9116
6,804
5,9108
8,804
6,9066
3,90
8,8638
6,9044
6,90
3,9108
3,9125
3,9078
6,8638
5,9066
3,9078
3,9121
5,9108
6,9066
3,911
6,8638
3,9044
3,9116
6,9121
5,911
6,9125
8,9106
5,909
3,9048
8,910
3,9120
8,9106
5,9044
5,9109
6,9137
5,9048
6,9133
5,909
5,9133
3,9137
3,9048
5,909
8,910
6,9106
5,9109
3,9137
5,9133
3,9111
3,9120
5,9111
5,910
6,910
3,9111
3,9109
3,9137
3,9120
3,910
5,9111
8,909
3,9109
6,9133
6,9106
6,9044
6,9111
3,9120
3,9088
5,9127
3,8896
5,9138
5,8896
3,9148
6,9113
5,9154
5,9138
8,9127
3,9127
8,914
5,9138
6,914
3,9136
3,9154
3,9140
3,9140
1,9148
6,914
6,9088
6,8896
5,8896
6,9113
6,9088
3,9140
8,9136
6,914
5,9154
3,9140
5,9154
3,9148
3,9138
5,9154
5,9127
5,9136
6,9088
3,9136
6,9113
3,8371
3,8371
3,8330
1,8371
5,8371
3,8372
3,8372
8,8372
3,8346
6,8305
5,8372
6,833
8,833
3,8373
5,8305
8,835
5,8305
6,833
3,8373
3,835
8,8365
8,8349
3,8330
6,8349
5,8365
5,8305
3,8373
5,8330
6,8349
3,8330
3,8350
3,8349
6,8365
6,835
6,8349
5,833
6,835
8,835
1,8330
6,8365
3,8786
6,9161
5,8786
5,8786
3,9172
3,9151
3,9151
5,9128
6,9150
5,9151
6,9172
3,9155
3,9161
6,9150
5,9155
6,9172
5,9159
6,9128
6,9159
5,9160
5,9158
5,9155
6,9158
6,9150
5,9159
5,9160
5,9161
3,9155
8,9158
5,9128
5,9158
5,9161
5,9159
3,8786
6,9128
5,9160
5,9172
5,9150
3,9151
5,915
5,8351
6,9114
3,9180
8,9131
5,9114
5,9114
6,9141
6,9186
3,9178
5,915
5,9180
5,9186
8,8351
8,895
5,9178
3,895
6,9181
8,8351
3,895
5,9131
3,9131
3,9180
3,9180
6,9114
5,9186
3,9174
5,9174
5,9131
8,9186
6,9174
5,9174
5,915
6,9180
3,9178
6,8351
5,915
6,9181
6,9181
5,9197
6,9141
5,9185
5,9177
6,9188
6,9177
6,9188
8,9185
8,9185
6,918
6,9179
6,9177
6,9189
3,9187
3,9179
10,9188
6,9189
8,9187
8,918
6,9141
6,918
5,9187
3,9188
5,9197
5,9189
3,9179
3,9197
6,9189
3,9179
1,9197
5,9185
5,9167
3,9146
5,9220
3,9146
5,9206
8,9207
3,9200
3,9200
3,9207
5,9201
10,9206
6,9157
5,9200
5,9167
5,9164
6,9157
8,9206
3,9118
6,9220
5,91
5,9164
3,9118
3,9118
5,9220
5,9146
5,9206
3,91
3,9207
3,9201
5,9220
5,9164
5,9201
5,9118
5,9167
5,91
5,9146
3,9200
3,9201
6,9167
6,91
3,9164
3,9157
8,920
3,9218
6,919
6,9205
5,9228
5,919
3,9218
5,9243
5,9205
6,920
3,9210
6,9229
6,9205
6,9216
6,919
6,9205
5,9210
3,9228
6,9216
1,9231
3,9231
6,9205
6,919
8,920
1,9243
5,9231
6,9229
3,9228
5,9216
3,9228
6,9243
6,9210
3,9218
5,919
5,9231
5,9243
1,9218
3,9243
5,9238
8,9196
3,9237
6,9232
5,9232
8,9224
5,9232
8,9239
6,9238
6,9224
8,9245
6,9224
6,9232
6,9245
3,9196
3,9238
5,9237
3,9242
5,9237
3,9242
6,9239
6,9224
3,9246
8,9245
3,9246
5,9237
3,9242
3,9242
6,9246
8,9196
8,9239
5,9196
3,9246
8,9245
3,9247
3,9254
3,9249
5,9139
5,9254
3,9255
3,9139
5,9247
8,9199
6,9247
8,9199
5,9249
3,9255
6,9239
3,9255
8,924
3,9249
6,924
5,9199
1,9255
3,9247
6,9199
1,9255
6,9249
6,924
3,9254
5,924
5,9254
3,9139
3,9139
6,9267
6,9236
8,9222
3,9208
3,9264
3,9263
5,9263
3,9236
8,9267
3,9264
5,9208
3,9264
5,9227
5,9263
5,9236
8,9208
8,9222
5,9256
8,9208
3,9267
8,9266
5,9264
6,9222
5,9222
6,9266
5,9266
5,9256
3,9236
6,9256
5,9222
5,9222
3,9266
5,9263
3,9264
5,9256
3,929
6,9257
3,929
3,9219
3,929
3,9277
3,9283
6,9278
5,9257
5,9257
3,9283
5,9219
3,9219
5,9278
8,9274
3,9289
3,9257
3,9286
6,9261
5,9283
8,9274
3,9261
5,9219
5,9261
3,9274
5,9289
8,9289
3,9261
3,9227
5,9227
3,9277
3,9283
3,9289
5,9277
6,9278
5,9277
6,9283
1,9286
5,9286
3,9227
3,929
3,9286
6,8944
5,9287
3,9314
6,9281
6,926
3,8944
3,9303
5,9253
6,9281
5,9281
3,9265
6,9253
5,9253
5,9287
6,9287
3,9299
3,9303
3,9303
3,9314
5,9287
3,9287
1,9299
6,9244
3,9281
5,926
8,9244
3,9253
8,9265
6,926
8,926
8,8944
6,8944
6,8944
5,9265
8,9244
3,9299
5,9303
3,9299
5,9265
5,9281
5,8350
5,8350
6,8378
3,8385
8,8367
5,8363
5,8358
6,8279
5,8386
5,8374
3,8385
3,8375
5,8378
6,8279
5,8363
8,8378
6,8363
1,8385
3,8367
3,8367
6,8358
3,8386
3,8332
5,8332
3,8375
6,8332
8,8279
5,8375
3,8386
8,8378
5,8374
6,8363
6,8384
3,8385
3,8358
3,8375
5,8374
3,9314
6,9312
1,9310
5,9327
8,930
6,9328
3,9308
1,9259
5,932
3,9311
3,9308
6,930
1,930
5,9293
8,9327
5,9301
3,9327
5,930
5,9293
6,9312
6,9311
5,9293
6,9311
10,932
6,9301
5,9259
3,932
5,9328
6,9301
6,9328
6,9328
6,9301
1,9308
6,9293
6,9312
6,9310
5,9327
5,9259
3,9212
3,9335
5,9348
3,9329
3,9329
5,9335
6,9329
5,9320
5,933
3,933
6,923
5,923
6,9297
5,9302
6,923
5,9348
5,9212
3,9268
5,9212
6,9329
5,9268
3,933
8,9297
5,9320
3,9268
6,9302
6,9320
3,9335
5,9297
3,9302
3,9310
5,9335
3,9310
6,923
8,9348
5,9212
6,9348
3,933
6,9297
6,9320
5,9366
6,9353
8,9339
8,9339
6,9284
8,9366
6,9373
3,9365
3,9142
1,9333
8,9339
3,9363
6,9142
6,9353
6,9334
5,9363
1,9373
6,9142
5,9284
3,9366
3,9363
5,9365
3,9363
6,9334
3,9354
6,9334
5,9373
5,9353
5,9284
3,9373
3,9365
6,9142
3,9333
3,9354
6,9354
5,9284
6,9365
8,9339
3,9333
6,9334
6,936
5,937
5,9370
5,936
3,9333
3,9394
5,9371
8,9346
6,9273
8,937
6,9273
1,9403
3,9394
5,9346
1,9394
5,9346
5,9345
3,9403
5,936
1,9374
5,9345
6,9345
3,9394
3,9374
5,9370
6,936
8,9371
6,937
5,9345
5,9403
5,9370
3,9374
8,937
5,9273
6,9273
5,9371
5,9346
3,9374
3,9410
3,9410
6,9395
3,9399
5,9397
6,9349
8,9260
5,9377
3,9399
5,9397
6,9377
6,9410
3,9395
8,9383
6,9361
3,9395
6,9260
6,9260
3,9397
8,9377
6,9260
8,9381
5,9381
8,9349
5,9381
8,9371
5,9361
3,9399
5,9399
1,9395
1,9410
8,9377
6,9361
5,9315
8,9381
6,9383
6,9383
8,9377
6,9361
5,9349
3,9404
6,9271
5,9344
5,9415
3,9430
3,9430
6,9271
3,9344
3,9430
5,9406
8,9271
3,9430
8,9315
3,9415
6,9271
5,9417
3,9415
6,93
3,9405
6,93
3,9404
3,9405
3,9404
3,9417
5,93
8,9271
3,9404
8,9344
3,9405
8,9315
6,9406
6,93
6,9406
3,9417
5,9344
5,9419
5,9431
3,9419
5,9434
6,9431
3,9419
6,940
3,9087
5,9389
5,9420
6,9087
5,941
3,9332
3,9332
3,941
3,941
6,940
6,9420
5,941
6,9434
5,9420
3,9087
5,9434
8,9389
3,9332
6,940
3,9419
8,9436
6,9389
3,9431
5,9434
5,940
3,9332
8,9420
8,9389
6,9389
3,9087
6,9336
5,9426
6,9438
3,9463
6,9336
5,9436
6,9426
3,9466
5,9428
3,9463
6,9439
6,9438
3,9463
5,9426
3,9463
8,9439
3,9336
5,942
5,9439
3,9436
5,9426
3,9439
5,9438
5,9466
3,9438
8,942
6,9428
6,9428
3,942
5,9436
5,9466
5,942
3,9472
6,9493
3,9414
6,945
6,9456
3,9472
3,9472
3,9476
6,9493
3,9455
6,9414
6,9331
3,9476
3,9476
6,9456
5,9455
5,9456
5,9446
3,9472
6,9446
6,9493
3,9455
3,9446
6,9392
6,9472
3,9446
3,9493
3,9472
5,9392
6,9414
8,945
3,9476
5,9472
3,9472
3,9414
6,945
5,9392
6,9456
8,9441
3,9453
1,9453
8,9477
8,9491
3,9331
6,965
5,9331
3,9331
6,965
3,9453
3,9477
8,9451
6,8985
6,9441
8,9491
6,9451
6,9451
8,9451
6,9441
8,9482
8,9451
6,9491
6,9453
6,9491
6,9477
5,9477
6,965
6,8985
8,8985
5,827
5,8402
5,8379
5,8389
3,8376
5,8379
6,8402
6,8334
8,827
5,839
6,8334
5,8389
5,8379
1,8379
3,8398
8,8334
8,8379
8,827
3,8389
5,8402
8,8376
6,8376
3,8384
3,8376
5,8384
8,8334
6,827
5,8398
5,8384
3,8398
8,8334
5,8398
8,974
6,974
8,974
5,967
5,9396
6,970
5,9483
6,9498
5,970
3,9498
5,967
8,959
5,970
5,9396
3,9483
6,974
6,9482
6,9504
5,970
3,9498
8,9396
5,9482
5,94
6,94
3,9483
8,959
6,9482
5,9498
5,9396
5,967
5,9483
5,94
6,9396
3,94
5,9482
6,959
5,967
3,986
5,981
6,981
3,9504
5,996
3,983
3,975
3,983
3,986
5,97
5,984
1,983
3,978
5,975
3,982
3,984
6,984
3,978
8,982
3,982
3,982
5,986
5,984
3,981
5,953
6,97
3,9504
5,978
3,986
6,953
5,97
3,978
3,953
6,9504
5,975
3,983
5,953
6,971
8,980
6,9502
5,963
3,971
3,963
3,979
3,991
5,9241
8,989
8,980
3,9241
6,989
3,9241
8,989
8,991
5,979
3,9502
6,971
6,9502
6,943
5,971
8,943
5,991
6,943
6,963
3,996
8,980
5,9241
6,943
8,980
6,979
6,989
3,996
5,943
3,963
6,991
3,996
8,9502
6,9367
3,998
6,9367
6,993
5,998
5,998
6,9367
3,964
5,999
6,964
6,988
3,988
3,964
1,999
3,947
8,9
5,998
6,993
8,992
6,9
8,947
6,9
3,995
3,995
3,999
6,9
6,992
6,988
5,999
6,993
6,995
6,992
5,947
5,995
6,9367
6,993
3,999
6,947
8,992
6,9468
5,969
5,99
8,972
6,9480
5,9480
6,969
3,9480
6,997
8,972
6,99
6,969
5,99
5,990
5,990
5,9468
3,990
5,972
8,972
3,9480
5,969
6,9468
5,99
5,990
5,99
8,990
6,8883
3,8883
6,8883
3,8409
6,977
5,997
5,8961
5,997
6,6531
3,7361
5,6531
3,7361
5,3771
6,3771
3,9418
8,8961
3,9418
5,8409
5,997
5,8409
5,8961
5,9418
5,8409
8,8883
1,8961
5,7361
5,977
5,977
5,8409
3,6531
6,3771
3,8961
3,6531
5,3771
6,8951
5,6447
8,6385
3,8711
5,8484
3,9313
6,912
6,912
6,114
5,3334
8,8951
6,8711
5,3334
3,8484
3,9313
6,3334
6,912
5,8484
6,8711
5,9313
5,7072
3,6385
6,7072
5,6385
5,8711
3,6447
8,114
1,6447
5,114
6,114
5,912
5,3334
5,8484
6,7072
6,6385
6,8951
8,6385
8,7072
5,8356
3,3278
6,3278
5,3487
5,8343
5,3487
5,9356
6,8869
8,8869
6,8356
3,8356
5,8343
6,7220
6,8869
6,3278
6,2407
8,2407
6,3278
5,3278
5,8343
3,9356
5,9356
5,2407
3,8343
5,3487
5,7220
3,9356
6,7220
3,3487
3,8869
3,7220
3,8356
6,8356
8,8869
1,839
3,8425
6,7682
3,8394
5,8391
3,8391
3,8415
8,7682
3,8425
1,839
6,8395
6,8395
1,8425
5,8392
1,7682
6,8392
6,8411
6,8415
8,7682
6,8394
6,8391
3,839
6,8403
6,8411
3,8403
3,8396
3,8403
1,8396
8,7682
3,8425
6,8395
5,8396
3,8415
3,8396
5,8391
1,8403
8,8392
6,8394
8,8392
3,8411
3,8876
6,8648
3,8949
3,933
3,9417
8,1032
3,1064
8,1048
5,1011
5,1032
3,1027
5,1012
5,1048
5,1012
5,1011
3,1027
3,1027
3,1046
5,1010
6,1037
3,1010
6,1064
5,1032
3,1027
8,1025
5,1037
6,1064
6,1037
1,1021
6,1064
6,1021
8,1048
5,1037
5,1046
3,1010
5,1025
5,1048
8,1025
8,1011
6,1032
5,1012
5,1064
6,1025
5,1010
6,1012
5,1021
3,1021
8,1051
6,1051
6,1069
6,1055
6,1005
6,1005
8,1036
5,1059
5,1051
5,1000
3,1000
6,1005
6,1000
6,1051
5,1071
6,1005
6,1016
5,1036
6,1005
8,1055
5,1071
3,1071
3,1000
8,1055
5,1016
5,1046
5,1033
5,1059
8,1055
5,1046
1,1036
5,1069
5,1016
3,1036
5,1059
3,1069
6,1016
6,1059
3,1071
6,1055
5,1069
5,1140
8,1163
6,116
6,110
3,1167
6,1158
6,1140
6,1156
8,1156
5,1140
6,116
6,1156
5,1140
5,1160
8,1163
3,1177
3,1160
5,110
8,116
6,110
5,1158
3,1167
6,1156
3,1160
6,1163
6,1177
6,110
6,1163
5,1177
8,116
5,1167
5,1158
3,1177
3,1167
8,1178
8,116
3,1141
6,1182
6,1147
6,1178
8,1028
6,1178
8,1182
3,1112
3,1180
6,1092
5,1130
6,1178
6,1028
5,1130
6,1028
8,1028
3,1141
6,1092
3,1180
6,1147
5,1182
3,1182
5,1112
3,1130
5,1130
3,1141
6,1092
6,1147
6,1147
5,1112
3,1141
3,1112
5,1180
6,1092
3,1141
6,1135
3,1173
3,117
6,1186
6,1135
3,1135
3,117
6,1173
6,1179
5,1191
8,1154
5,1164
3,1173
6,117
5,1125
3,1187
3,1150
5,1164
6,1164
6,1186
5,1187
6,1186
5,1187
6,1154
6,1191
5,1150
8,1150
6,1125
5,117
5,1191
8,1154
6,1154
6,1125
6,1186
1,1164
3,1191
5,1150
6,1179
5,1199
6,1198
8,1175
3,1210
1,1205
5,1181
6,1157
3,1200
8,1175
8,1192
5,1210
6,1179
3,118
3,1200
5,1199
5,1192
6,1175
5,1179
3,1210
3,118
6,118
3,118
6,1192
6,1198
6,1157
8,1198
5,1205
6,1199
3,1210
3,1205
5,1157
5,1181
8,1175
8,1181
8,1181
5,1199
5,1192
3,1210
8,1157
10,1175
6,1198
6,1201
6,1197
6,1190
6,1144
5,1204
5,1201
3,1208
5,1212
6,1212
6,1212
5,1201
5,1190
6,1190
3,1200
6,1208
6,1129
1,1144
3,119
3,1200
5,1144
8,119
3,1201
5,1129
3,1208
10,1212
5,1201
6,1197
6,1195
3,1204
6,1190
3,1129
6,1195
6,1195
6,119
6,1144
6,1197
8,1195
6,1204
6,1204
5,1197
3,1217
3,1225
3,1224
5,1202
3,1224
5,1221
5,1202
6,1165
5,1216
3,1217
10,1127
6,1194
6,1202
8,1194
6,1165
5,1127
8,1185
8,1185
6,1185
1,1225
3,1216
5,1221
5,1127
6,1127
6,1194
6,1165
6,1216
3,1217
5,1202
6,1165
6,1221
3,1224
5,1224
3,1225
3,1217
5,1185
6,1216
3,1225
8,1221
5,1226
3,1241
6,1171
3,1239
8,1089
8,1171
5,1218
3,122
8,1203
1,123
3,1226
5,1232
3,123
5,1232
3,123
5,1218
5,1239
5,1226
5,1089
8,1203
3,1241
3,1239
5,122
8,1171
5,1194
6,1218
5,1218
5,1226
6,1232
3,121
5,122
3,1239
5,1089
8,1171
3,121
5,122
6,1203
6,121
5,1232
5,1089
5,1241
6,1248
5,120
3,1253
5,1253
5,120
3,115
5,1241
6,1133
5,115
3,1253
3,1248
3,120
3,115
6,1248
3,1133
5,1133
5,120
6,1133
6,1211
6,1230
3,1249
5,1211
3,1220
8,1243
5,1254
6,1249
5,1230
8,1223
5,1230
6,124
3,1268
6,1249
3,1256
6,1223
6,124
5,1243
3,1256
3,1267
3,1268
8,1243
8,1211
8,1258
8,124
3,1258
5,1220
5,1253
8,1220
3,1249
3,1268
3,1230
3,1256
5,1254
3,1258
5,1254
6,1223
5,1220
6,1254
8,1223
3,1268
3,1272
6,1240
6,125
5,1151
6,1260
6,1237
8,1260
3,1251
3,1272
6,1240
5,1237
5,1237
6,125
8,1265
3,1272
6,1151
6,1267
8,1237
6,1031
5,1240
5,1151
6,1237
6,125
3,1251
3,1251
6,1031
5,1265
8,1265
6,125
5,1260
6,1031
5,1240
6,1267
3,1251
3,1272
6,104
6,1070
3,1013
6,1020
6,1070
6,1033
8,1033
6,1020
5,1040
6,1040
8,1070
8,1026
6,1070
6,1026
8,1026
3,1013
5,1044
5,101
5,1038
6,1013
3,101
3,1040
5,101
8,101
6,1040
6,1020
6,1033
5,1038
3,1044
3,1038
6,1020
6,1040
5,1038
3,1044
5,1013
8,1070
8,1148
6,1264
5,1288
6,1252
5,1278
3,1148
5,1289
8,1227
5,1252
3,1262
5,1227
3,1288
3,1227
8,1278
6,1280
8,1252
6,1228
5,1288
6,1228
3,1289
6,1148
6,1278
6,1228
5,1289
5,1252
6,1262
6,1148
8,1228
6,1252
8,1280
6,1278
6,1280
5,1252
1,1289
6,1278
6,1264
8,1265
6,1288
3,1262
5,1227
6,1291
5,1257
6,1284
5,126
6,1279
6,1263
5,1250
5,1257
5,126
6,1284
6,1257
3,1279
6,1299
5,1303
5,1263
3,1279
6,1299
8,1291
3,1257
8,1266
3,1303
3,1303
6,1291
5,1266
8,1284
8,1264
6,1299
6,126
1,1270
6,1284
3,1279
6,1264
5,1299
5,1266
5,1263
3,1270
6,1291
6,1270
3,1270
3,1306
3,1229
5,1250
3,1316
5,1250
6,1271
8,1295
6,1306
1,1316
8,1306
8,1250
8,1304
8,1159
8,11
5,11
5,1295
5,1295
8,1271
6,1271
6,1250
3,1159
6,1295
5,1274
8,1274
8,1304
3,1316
5,1274
3,1316
3,1297
8,1159
3,1297
8,11
6,11
6,1297
5,1271
5,1229
6,1304
5,1304
6,1306
3,1297
5,131
8,1285
3,1310
6,1285
6,12
6,1310
5,12
5,1229
8,1302
6,1298
6,1298
3,1290
6,1310
6,131
5,1302
6,1290
3,1319
5,1319
5,131
5,1290
8,1302
5,1229
5,12
3,1053
6,1298
8,1285
6,1053
6,131
3,1255
3,1319
6,1298
5,1255
5,1255
6,1302
8,1302
6,1053
6,12
3,1255
8,1277
3,1307
8,1120
6,1292
6,1317
6,1277
8,1312
6,1321
3,1327
6,1317
8,1312
8,1120
3,1327
3,1120
8,1317
3,1292
6,1312
6,1308
3,1327
3,1277
6,1277
5,1292
6,1120
3,1307
3,1322
5,1307
6,1308
6,1317
8,1322
6,1308
3,1321
5,1292
6,1308
8,1322
3,1321
5,1322
5,1321
6,1317
5,1335
6,1283
3,1327
3,128
5,1348
6,1311
6,1348
3,1335
5,1324
6,128
6,1283
5,1341
5,1332
8,1311
5,1332
5,128
5,1332
3,1335
6,128
6,1324
3,1283
3,1341
6,1332
8,1283
6,1348
5,1335
3,1324
5,1324
6,1311
5,1318
8,1311
8,1340
6,1350
6,1345
6,1363
5,1348
3,1345
6,1309
1,136
6,1346
8,1346
6,1350
5,1363
3,1345
5,1309
6,1346
5,1338
3,1318
5,1350
6,1346
6,1346
3,1363
3,1363
5,1346
5,1338
5,1340
3,1340
6,1318
8,1348
3,1345
3,1318
3,136
1,136
3,135
6,1309
6,1338
6,1369
5,1236
6,1357
5,1369
5,1357
5,1236
3,1236
3,1356
3,1356
6,1320
5,1356
6,133
5,1369
3,135
5,134
5,1320
5,1356
8,1320
5,1236
8,1293
5,134
5,133
5,134
5,1293
5,134
8,1293
6,133
3,135
6,133
5,133
6,1357
3,135
6,135
5,1320
3,1369
3,1236
8,1325
8,1377
6,1367
6,1325
8,1372
6,1325
6,1364
6,1367
6,1377
6,1084
6,1372
8,1377
5,1384
6,1367
6,1339
8,1339
8,1372
6,1084
8,1084
3,1384
5,1384
5,1367
8,1377
5,1367
5,1325
3,1384
6,1372
8,1339
3,1364
6,1084
5,1062
6,1076
3,1062
5,104
6,1019
6,1076
6,104
5,1062
6,1029
3,1062
6,1019
3,1029
6,1076
6,1019
6,1019
3,105
3,105
6,1050
6,1050
5,1029
3,1045
6,1029
5,1045
6,105
5,1076
6,1050
5,1045
5,1045
5,1050
6,104
8,1076
3,1407
6,1300
5,1360
5,1407
6,1300
3,1407
6,1333
3,1400
1,1411
5,1300
5,1390
6,1395
10,1395
1,1411
8,1402
6,1376
5,1400
5,1360
3,139
6,1300
3,1390
6,1400
3,1360
6,1333
8,1402
3,1390
3,1390
3,1400
5,1333
5,1360
5,139
1,1407
5,139
8,1402
1,1411
1,1411
5,1333
3,1390
3,1376
6,1395
8,1395
5,1417
3,1381
6,1370
5,1405
3,1301
8,1412
6,1379
3,1376
5,1381
3,1381
6,1379
3,1374
3,1415
5,1391
3,1405
5,1301
5,1374
10,1391
8,1379
5,1301
8,1412
8,1391
5,1415
3,1374
6,1370
5,1412
5,1301
5,1415
5,1405
3,1417
5,1405
6,1370
5,1417
6,1412
8,1391
6,1370
6,1376
6,1412
6,1403
6,1431
8,1403
5,1282
1,1413
6,1282
5,1352
6,1403
3,1352
3,1352
6,1431
6,1282
3,1413
8,1416
6,1378
8,1386
3,1413
6,1416
3,1282
6,1386
5,1352
6,1386
5,1378
5,1378
6,1403
3,1413
10,1378
6,1386
6,1431
6,1416
3,1429
5,1443
5,1439
5,1439
5,1183
6,1424
5,1442
5,1420
8,1424
6,1424
3,1433
5,1442
3,1433
3,1420
6,1183
6,1183
6,1429
6,1433
8,1183
6,1437
5,1429
3,1443
5,1437
5,1442
3,1443
5,1437
6,1431
6,1437
3,1443
6,1183
5,1420
3,1439
5,1439
3,1433
8,1423
8,1423
5,1444
8,1397
5,1435
5,1444
5,1398
3,1441
3,1435
6,1441
6,1444
5,1423
5,1425
3,1435
10,1441
6,1444
6,1421
3,1435
5,1423
3,1447
6,1397
5,1435
6,1398
3,1425
6,1426
5,1441
6,1426
5,1447
3,1447
6,1397
6,1421
8,1421
3,1398
5,1447
6,1426
3,1450
6,1450
3,1468
8,1380
5,1476
5,1440
3,1440
6,1457
3,1468
3,1418
5,1451
6,1380
8,1449
5,1449
6,1380
3,1449
3,1468
3,1449
6,1399
5,1451
6,1425
8,1449
5,1450
3,1418
5,1418
5,1450
6,1380
5,1425
3,1476
3,1476
5,1451
5,1380
5,1440
3,1476
3,1440
5,1399
3,1468
5,1399
5,1418
5,1399
6,1457
8,1457
3,1452
3,1478
3,1470
8,1475
8,1475
5,1467
6,1396
3,1470
3,1487
8,1457
6,1409
6,1396
3,1409
3,1487
6,1409
5,1459
3,1475
6,1430
6,1396
6,1430
5,1487
6,1396
5,1487
5,1475
5,1430
8,1459
3,1452
8,1478
1,1452
6,1478
5,1467
5,1470
6,1409
3,1452
6,1459
6,1467
5,1459
5,1467
6,145
3,1469
8,145
5,148
6,1481
5,1484
3,1445
5,148
6,1419
6,1472
6,1419
6,1495
8,1469
6,1445
8,1472
6,1495
5,1495
8,1472
8,1419
6,1484
6,1445
3,1484
6,145
6,145
6,1445
5,1495
8,1481
5,1481
3,1469
3,148
5,148
5,1469
6,1419
5,1481
6,1472
3,1465
3,1455
5,1471
6,1477
6,1460
5,1494
3,1465
6,14
3,14
5,14
6,1518
8,1455
5,14
5,1471
5,1494
6,1281
6,1281
6,1471
3,1471
6,1518
5,1494
6,1518
6,1477
3,1465
6,147
5,147
3,1455
3,14
5,147
5,1455
5,1281
5,1465
5,1455
3,1455
6,1477
3,147
6,1460
6,1281
5,1455
6,1460
8,1482
6,1501
3,149
6,1461
6,1504
6,1518
3,1499
6,1464
6,1504
6,1446
5,1446
3,149
5,149
5,1482
3,1522
8,1461
3,1522
6,1482
3,1446
6,1504
5,1464
1,149
5,149
5,1499
8,1461
6,1446
6,1461
6,1504
5,1410
5,1410
5,1410
5,1461
1,1522
3,1464
6,1499
3,1482
6,1499
5,1410
5,109
3,109
8,100
5,1086
6,1023
3,1080
5,1067
5,100
3,109
5,1090
8,1105
6,100
5,1023
3,1090
3,1023
5,1043
3,1024
3,1067
5,1080
6,1043
5,1067
8,100
3,109
3,1080
6,1105
5,1086
3,1024
3,1090
5,1024
3,1067
5,1024
3,1086
6,100
6,1023
6,1105
3,100
5,1086
3,1043
8,1105
6,1090
5,152
5,1501
3,152
3,1531
5,1531
6,1520
5,152
6,1531
5,1294
3,1520
5,152
5,1501
6,1530
8,1529
6,1530
5,1529
5,1529
8,1520
8,1512
5,1524
6,1512
5,1512
5,1501
5,1520
3,1531
6,1512
6,1294
6,1529
5,1524
5,1530
3,1524
6,1294
5,1532
5,1542
5,1542
3,1532
3,1530
6,1408
3,1532
8,1508
6,1507
5,1528
5,1517
3,1542
8,1508
6,1507
8,1507
6,1508
3,1519
8,1408
5,1528
8,1528
6,1517
5,1408
3,1532
3,1519
6,1528
8,1517
8,1408
5,1519
3,1519
6,1517
8,1508
3,1542
6,1507
5,1526
6,151
5,150
1,154
6,1526
3,1537
3,1541
3,1541
3,1548
5,1537
6,151
5,1548
5,1549
5,1548
6,1549
6,1515
8,151
5,1549
3,154
5,1548
6,1537
3,150
3,1515
5,1488
3,154
8,1515
6,1394
6,151
6,150
3,1394
6,1394
6,1515
3,1541
1,1541
3,1526
3,1526
6,1394
3,1554
3,1554
6,155
5,1551
5,1488
5,1564
5,1539
3,1554
6,1533
8,1488
6,1560
8,1539
3,1533
6,1533
6,1563
3,1560
3,155
6,1559
6,1533
6,1561
6,1503
6,1561
5,1561
6,1503
8,1539
5,1503
8,1551
5,1563
3,1559
3,1554
1,155
8,1503
5,1560
3,1563
3,1559
3,1551
5,1561
8,155
8,1551
6,1539
6,1560
3,1583
3,1550
6,1546
8,1550
5,1546
5,1583
3,1546
6,1490
5,1564
6,1543
8,1490
8,1543
6,1568
5,1570
6,1490
5,1564
5,153
5,1546
6,1490
6,1550
3,1583
6,1568
3,1564
5,1546
5,153
5,1570
5,1568
5,1550
6,153
8,153
5,1543
6,1568
3,1589
8,1570
6,1582
5,1582
6,1570
6,1535
5,1574
6,1589
3,1572
5,1572
5,1535
6,1562
6,1562
5,1574
8,1562
5,157
5,157
5,1562
5,157
8,1570
3,1589
6,157
6,1582
6,1589
3,1572
5,1582
5,1574
6,1572
8,1535
5,1535
6,1574
3,1572
3,1572
5,1574
3,1577
6,1577
8,1547
5,1575
6,1586
6,1569
6,1480
5,1595
6,1577
6,1595
3,1480
6,1577
3,160
5,1595
8,1591
5,1609
8,1591
3,1609
5,1595
3,1609
6,1591
6,1547
5,1547
8,1569
6,1569
3,1575
6,1586
6,1586
6,1569
8,1480
5,1575
5,1591
3,1575
3,160
6,1577
8,1480
5,160
5,160
6,1547
5,1586
8,1597
8,159
6,159
6,1573
5,1580
6,1607
8,1566
5,1493
5,1603
3,1603
5,1607
6,1502
5,1603
8,1566
6,1566
6,1597
8,159
5,1600
6,1573
5,1600
6,1493
5,1600
6,1597
5,1607
8,1493
6,1566
5,1573
6,1502
6,159
3,1580
5,1502
6,1600
6,1573
3,1607
5,1580
8,1619
5,1611
8,1602
5,1592
5,1617
6,1493
6,1585
8,1619
6,1617
6,1619
3,1613
3,1618
5,1611
3,1613
3,1618
8,1576
6,1581
6,1602
6,1581
5,1581
5,1616
5,1618
6,1602
8,1616
8,1611
6,1619
3,1581
6,1576
6,1585
3,1618
8,1585
8,1617
6,1585
5,1576
8,1619
3,1613
6,1585
8,1602
5,1616
3,1613
8,161
6,158
5,1637
5,1637
6,1620
3,1637
3,1615
3,1620
5,1642
5,1608
6,130
6,130
6,1615
5,158
5,1608
3,1637
3,1642
3,1614
5,1592
3,1608
6,1615
3,1620
6,1592
6,130
5,158
5,1592
8,161
3,1642
8,1614
3,161
6,1615
3,1620
6,1614
6,161
3,1608
5,158
3,1642
5,1017
5,1100
6,1008
3,1074
5,1017
3,1091
5,1065
5,1075
6,1034
5,1017
6,1065
5,1017
3,1061
6,1075
5,1108
8,1075
6,1034
3,1008
1,1108
6,1107
5,1061
5,1008
6,1065
6,1065
6,1008
5,1074
6,1034
6,1107
6,1074
5,1061
3,1100
5,1100
5,1091
3,1100
5,1108
3,1091
5,1107
6,1034
6,1075
6,1579
5,1649
5,1624
8,1579
6,1623
8,1623
5,1579
3,1594
3,1594
6,1652
6,1636
6,1647
3,1624
8,1623
3,1649
6,1652
1,1649
6,1636
6,1652
8,1623
5,1624
5,1639
8,1652
6,1636
6,1579
8,1639
8,1594
3,1649
5,1652
6,1623
6,1639
5,1647
3,1647
5,1624
5,1594
5,1671
6,1662
5,1646
6,1622
3,1673
6,1631
8,1634
8,1631
5,1622
3,1646
5,1662
5,1664
5,1664
5,1671
8,1634
3,1664
6,1626
1,1673
3,1646
5,1626
5,1631
5,1646
3,1673
3,1662
3,1662
5,1631
5,1626
3,1664
5,1647
8,1622
5,1626
6,1634
5,1647
8,1668
3,1681
5,1676
5,1668
3,1671
5,1676
6,1660
5,1628
5,1669
6,1676
6,1681
3,1669
6,1660
5,1492
3,1650
8,1668
3,1628
6,1492
6,1650
6,1492
8,1660
8,1681
6,1628
6,1681
8,165
6,1669
6,165
6,1628
8,1660
3,1669
5,165
6,1650
8,1627
6,1640
6,1640
6,1658
6,1658
5,1630
8,1658
3,1686
3,1665
8,1330
5,1680
5,1686
5,1679
6,1657
3,1657
6,166
6,1640
3,1686
5,1330
6,1627
6,1665
6,1627
6,1657
5,1679
5,1630
3,1330
6,1679
3,1665
5,1686
5,1679
5,1630
3,1680
8,1627
6,1630
6,1680
6,1665
5,1679
8,1680
5,168
1,1698
8,1693
6,1666
10,1693
5,1685
8,1693
3,1678
6,1698
6,167
3,1683
3,168
5,1678
8,1678
3,166
3,168
8,1683
6,1683
6,167
5,1678
5,167
1,1685
3,168
6,166
8,1666
6,166
3,1685
6,1693
8,1698
5,167
3,1698
3,1689
6,1702
3,1711
3,1700
8,1645
5,1715
3,1672
3,1696
3,1672
5,1702
5,1666
6,1674
3,1715
3,1696
5,1710
6,1711
5,1702
6,1674
3,1710
1,1696
5,1666
8,1674
5,1715
6,1674
6,1702
5,1689
3,1700
5,1711
6,1696
5,1672
5,1710
5,1711
5,1710
3,1672
3,1715
3,1689
3,1700
3,1711
8,1713
6,1705
5,1713
6,1713
1,1725
6,1718
5,1651
5,1718
1,1739
6,1707
5,1705
6,171
3,1738
3,1705
3,1738
6,1651
6,1707
3,1725
3,1738
6,1645
6,1651
6,1707
3,1720
3,1718
3,1738
1,1739
6,1705
8,1645
3,1713
6,1645
6,1651
5,1720
3,1739
1,171
5,1725
3,1718
6,1651
6,1707
3,1739
3,1739
3,171
3,1705
6,1701
5,1726
5,1701
3,1737
6,1712
6,1701
3,1737
6,1684
5,1726
6,1684
8,1712
3,1720
6,1703
5,1706
3,1703
6,1720
5,1727
6,1684
8,1706
5,1726
3,1737
8,1706
6,1727
3,1712
5,1727
8,1684
8,1733
8,1712
5,1733
5,1703
3,1695
6,1695
3,1727
8,1695
3,1706
5,1728
6,1667
5,1687
5,1736
6,1719
5,1714
6,1691
3,1757
8,170
8,170
3,1728
6,1719
5,1687
6,1687
6,1736
3,1714
3,1751
3,1714
6,173
6,1719
6,1667
6,1736
5,1733
6,170
5,1733
8,1736
3,1691
5,1691
6,1751
5,1728
5,1691
6,173
3,1751
5,1667
8,1719
3,173
6,1728
8,170
8,1742
3,1752
3,1598
5,1709
8,1709
6,175
6,1388
6,1709
6,1752
6,1752
3,1769
3,1769
8,1742
10,1387
3,1748
5,1742
6,1753
8,1750
5,1750
3,1748
3,1598
1,1769
3,1709
8,1387
5,175
6,1757
5,175
3,1750
6,1769
5,1387
6,1757
5,1387
3,1753
6,1752
6,1750
6,1598
3,1748
3,1753
6,1387
3,1598
8,1753
5,175
6,1096
8,1110
3,1113
5,1106
6,1110
5,1113
6,1106
6,1087
6,1096
5,1123
1,1079
5,1079
6,1093
8,1110
6,1093
6,1079
5,1123
6,1096
5,1091
3,1123
6,1096
6,1087
6,1093
6,1093
3,1123
3,1106
5,1110
6,1106
5,1087
5,1113
3,1113
8,1106
6,1087
8,1079
3,1123
5,1731
5,1741
5,1760
6,1731
3,1768
5,1741
5,1760
6,1741
6,1741
5,1756
5,1763
6,1756
3,1763
5,1761
5,1388
3,1763
3,1763
5,1768
3,1761
3,1768
6,1756
5,1767
6,1388
6,1761
3,1763
5,1760
6,1761
8,1731
6,1388
6,1731
6,1760
5,1763
8,1756
5,1746
3,1792
6,177
3,1790
5,1766
5,1792
3,1778
6,1765
8,1780
5,1790
8,1765
3,1790
8,177
8,1765
6,1764
3,1767
5,1764
6,1784
5,1784
6,1767
6,177
5,1790
6,1765
3,1764
6,1766
5,1778
3,177
5,1784
8,1780
5,1792
5,1784
5,1746
5,1767
5,1766
6,1780
5,1746
5,1778
5,1778
6,1746
8,1780
6,1776
3,17
3,1797
5,1802
3,1797
3,1785
3,180
5,17
6,1774
6,1776
3,17
3,1785
3,1779
8,1777
5,1785
6,1776
3,17
3,180
8,1777
6,1774
5,1802
6,1788
6,1788
8,1776
6,1779
5,1785
8,1777
5,1797
6,1788
6,1777
3,1797
3,180
8,1774
3,1802
3,180
8,1774
6,1779
3,1779
5,1789
6,1782
6,1800
3,1815
8,1782
8,1782
5,1789
3,1807
3,1800
3,1813
6,1786
3,1732
5,1807
8,1796
1,1732
6,1813
3,1813
6,1732
6,1796
3,1815
5,1813
6,1786
8,1782
3,1732
8,1807
6,1809
6,1800
6,1809
5,1789
5,1802
6,1796
6,1809
5,1815
1,1815
5,1813
3,1789
6,1800
6,1809
5,1800
3,1732
8,1821
6,1825
6,1786
3,1817
5,1805
5,1810
5,1810
3,1723
6,1816
5,1810
5,1825
3,1817
3,1743
1,1723
5,1816
5,1817
6,1816
5,1723
8,1828
5,1821
3,1810
3,1817
8,1805
3,1723
5,1816
3,1771
3,1743
3,1771
3,1805
3,1821
6,1821
5,1825
5,1723
3,1743
5,1771
5,1825
3,1771
6,1826
8,1747
5,1745
8,1824
6,1829
6,1740
3,1819
5,1819
8,1824
6,1835
5,1828
8,1747
5,1745
8,1828
6,1740
6,1804
3,1747
5,1745
8,1828
3,1835
5,1819
6,1826
6,1835
8,1824
8,1829
6,1804
8,1826
6,1740
5,1826
8,1740
5,1824
6,1835
6,1804
8,1829
3,182
5,1839
6,1848
3,1845
8,1833
6,1833
6,1787
5,1840
8,1848
6,1833
5,1839
5,1840
5,1848
6,1832
8,1833
8,1832
6,1829
5,1832
3,1839
8,172
3,1787
5,1787
5,1787
8,1833
8,172
5,1840
6,1832
6,182
6,1833
6,172
3,182
3,1840
5,1840
5,1845
8,1848
5,1845
5,182
3,1831
6,1837
5,1831
8,1830
3,184
1,1856
1,1856
5,1837
5,1841
6,181
5,1850
8,1830
8,1831
3,1843
5,1850
6,1830
3,1841
1,1856
6,1837
3,1856
5,181
3,1843
3,184
1,1843
3,1831
6,181
5,1841
5,184
3,1836
3,1836
3,1836
6,1830
5,1836
6,1837
5,1866
3,1863
8,1862
5,1860
6,1847
5,1865
5,1864
5,1850
5,1860
6,1847
6,1865
8,1842
1,1863
6,1850
5,1866
6,1847
5,1865
3,1862
8,1865
8,1842
6,1867
5,1867
5,1864
6,1862
3,1867
6,1803
6,1866
6,1847
6,1803
8,1842
5,1860
8,1866
3,1862
5,1863
5,1842
5,1864
5,1863
5,1864
8,1803
6,1803
6,1857
5,1857
6,1876
6,1463
3,1853
6,1851
3,1889
5,1857
3,1860
6,183
6,1882
6,1851
5,1853
5,1892
5,183
6,1853
6,1851
8,1851
6,1876
3,1857
8,1463
3,1889
3,1892
6,1463
6,1463
6,1876
3,1882
8,1853
6,1463
3,1892
3,1889
3,1882
5,1882
6,1889
6,183
3,1892
5,183
5,1072
5,111
6,1117
5,1072
6,1109
3,1109
5,111
6,1047
5,1117
8,1022
5,1109
3,1047
3,112
5,1042
3,112
6,1072
5,1047
5,111
5,1042
6,1022
6,1047
6,111
8,1058
5,1109
6,1014
8,1058
1,112
6,1022
5,1042
5,1042
6,1117
6,1058
8,1058
5,1072
6,1014
6,1022
8,1846
1,1891
5,1880
6,1844
5,1880
3,1891
8,1869
5,1894
8,1894
8,1690
6,1870
8,1846
3,1893
5,1893
1,1891
5,1880
6,1870
6,1846
8,1846
5,1893
6,1870
5,1893
3,1818
5,1880
8,1818
8,1869
6,1894
6,1846
1,1891
5,1844
5,1894
6,1844
3,1818
8,1844
5,1869
6,1870
8,1690
8,1690
5,187
10,189
3,1887
8,1869
6,1887
5,1888
6,189
3,1901
3,1871
3,189
8,187
6,187
5,1901
5,1887
5,1888
6,1793
8,1888
3,1901
5,1888
8,1690
8,187
3,1871
3,1901
8,1869
6,1793
3,1888
5,1793
3,1871
3,1871
8,189
5,1887
6,188
8,1909
5,1868
6,1873
5,1874
3,1909
3,1912
5,1909
3,1861
6,1868
3,1898
6,1868
1,1909
3,1916
3,1861
6,1873
3,1916
8,1868
5,1886
5,1873
5,1898
8,1874
6,1912
3,1861
6,188
6,1874
6,1874
3,1912
1,1898
6,1873
3,1916
6,188
6,1873
5,188
3,1898
8,1808
6,1808
6,1874
6,1808
6,1897
6,1910
5,1910
8,1908
3,1905
5,1886
3,1905
5,191
6,1908
5,191
6,1915
5,1908
5,1905
5,1911
8,1908
5,1897
5,1910
8,1883
5,1886
6,1899
3,1911
5,1911
5,1897
6,1910
5,1918
6,1899
3,1918
6,1897
3,1883
5,191
8,1899
5,1911
3,1918
6,1899
5,1905
3,1886
3,1883
3,1918
6,191
6,1929
8,1479
1,190
3,190
8,1926
3,1928
6,1925
6,1925
5,1925
5,1479
6,1929
6,1929
6,1926
3,1927
6,1915
3,1927
6,1926
3,190
5,1929
5,1928
5,1928
3,1928
3,1928
3,1479
5,1479
3,190
6,1926
5,1915
5,1927
6,1917
5,1930
6,1940
3,1942
3,1939
6,1940
6,1917
6,1934
8,1940
5,1942
6,1940
8,1578
8,1933
3,1930
1,1920
6,1937
8,1933
3,1578
8,1933
8,1942
5,1934
5,1920
6,1934
3,1939
3,1920
3,1920
5,1934
5,1930
3,1578
6,1934
6,1937
3,1939
8,1937
6,1937
3,1930
8,1933
3,1917
6,1942
6,192
5,1935
8,1945
5,1945
5,1749
5,1959
6,1946
3,1949
6,1827
8,1953
6,1931
5,1959
5,1749
6,1935
5,1827
8,1953
8,1953
6,1945
6,1931
8,192
6,1749
6,1931
3,1949
6,192
6,1827
5,1946
6,1749
3,1946
8,1945
8,1935
8,1953
10,1931
5,1945
1,1959
8,192
8,195
6,196
5,1960
6,196
6,1938
6,1948
6,195
6,1949
5,196
3,1966
6,1948
6,195
3,1950
5,1966
3,1944
6,1960
6,195
3,1944
3,1950
5,1954
5,1960
3,1938
6,1938
6,1966
6,1954
6,1948
6,1950
3,196
3,1944
5,1966
3,1966
6,1954
3,1954
3,1938
8,1902
8,1902
6,1968
6,1947
8,1947
3,1976
8,1947
3,1968
5,1976
6,1965
3,1906
6,1947
3,1932
3,1965
6,1906
6,1968
6,1947
6,1978
5,1978
3,1976
6,1978
6,1906
8,1902
8,1902
8,1932
6,1947
6,1976
5,1902
8,1968
5,1965
6,1932
3,1968
5,1978
5,1932
3,1906
3,1976
6,1984
6,1969
3,1986
6,1986
6,1967
5,1973
8,1967
6,1986
8,1982
6,1982
3,1973
5,1971
5,1987
3,1969
5,1936
3,1987
6,1969
6,1984
1,1984
6,1943
6,1967
1,1994
5,1971
3,1986
8,1967
3,1969
6,1943
6,1971
8,1982
8,1982
3,1994
5,1936
1,1994
5,1943
6,1943
3,1994
5,1987
5,1936
6,1971
8,1139
6,1134
6,1014
5,1126
6,1060
3,1128
5,1128
8,1014
6,1060
6,1009
3,1009
6,1128
6,1134
6,1139
6,1009
6,1134
6,1126
5,1126
5,1103
8,1104
6,1134
5,1104
6,1104
5,113
6,1009
3,1139
5,1128
5,1126
5,1104
6,1060
5,1103
8,1060
8,1103
3,1134
3,1139
3,2004
5,2006
5,1904
5,197
3,1999
6,1999
3,1852
6,1988
5,197
5,1988
3,1981
5,1904
6,1904
5,1852
5,2001
5,2006
5,2001
6,2006
6,1852
5,2004
3,200
3,200
5,2001
3,1973
3,1852
5,1999
6,1973
6,1973
5,197
5,2006
8,1981
5,2004
6,1988
3,1999
5,2001
5,197
3,1981
3,2004
3,200
5,1981
6,2002
6,2002
6,1957
3,1991
3,2013
3,1951
6,2019
6,1957
6,1957
6,2019
5,2002
8,2019
3,2015
6,2018
3,2015
5,2021
6,1
3,2021
5,2021
5,2002
5,1
5,1991
5,1
5,1991
8,2013
8,2015
5,2013
3,2021
6,1957
3,2021
5,1
6,2018
5,2018
3,2018
5,2015
3,2018
3,1970
8,2010
3,1970
8,2023
5,1951
3,19
3,2024
8,198
6,1970
3,2024
3,2024
5,2023
6,198
6,2017
6,19
6,19
5,2017
3,1951
3,2010
5,2023
8,202
6,2017
6,2010
6,202
6,1983
5,202
3,1970
8,1983
3,202
6,2017
3,2024
8,1983
6,19
8,1983
5,19
6,2045
5,2045
3,1977
6,2040
8,2022
5,2037
3,2022
5,2030
6,198
5,2040
1,2028
3,2036
3,2039
3,2039
5,2022
6,198
8,2030
5,2028
3,2022
6,2037
5,2028
6,2030
5,2039
5,2040
5,2039
5,1977
6,2028
3,2045
5,1977
3,2036
5,2036
8,2037
5,2030
6,2040
8,2049
5,2033
5,2052
8,2052
6,2047
6,2000
3,2059
3,2033
6,2047
6,2000
5,204
6,2047
5,204
6,2048
8,2053
8,2000
10,2000
3,2059
5,2049
8,2052
5,2048
5,2033
8,204
8,2000
8,2000
6,2047
3,2044
6,204
3,2044
8,2047
8,2049
8,2049
5,2044
5,2044
5,2052
3,2059
5,2048
8,2047
8,2048
6,2066
5,2066
5,2057
3,2064
8,2061
3,2068
6,2066
3,1985
6,2064
6,2057
3,2012
8,2012
6,2053
8,2057
5,2061
6,2068
6,2058
6,2058
3,1985
5,2064
8,2057
8,2068
8,2012
8,2053
8,2058
8,2061
8,2053
5,2066
8,2061
5,2058
3,1985
3,2064
3,2012
1,2069
1,2075
6,2060
6,2079
8,2032
5,2060
6,2032
3,2075
3,2075
5,207
8,1663
6,2079
5,2060
5,2042
8,1663
3,2076
6,1663
6,2076
8,2079
3,2075
3,2032
3,207
6,2042
5,207
3,2032
8,2069
6,2060
3,2051
5,2051
3,2051
5,2069
8,2079
3,2069
5,207
3,2051
5,2042
8,2054
6,2089
6,2073
1,2054
3,2065
3,2083
8,2089
3,2095
8,2076
5,2073
3,2095
5,2065
5,2095
5,2087
5,2095
6,2065
3,2083
3,2073
8,1772
5,2087
6,1772
8,1772
6,2076
3,2054
6,2089
5,2083
3,2054
8,2026
5,2083
5,2065
8,2089
8,1772
5,2087
1,2026
3,2026
6,2081
8,1974
5,1974
6,1956
8,1974
5,2081
6,2081
5,1956
6,1974
5,1956
8,1956
3,2081
6,2081
8,1082
6,1162
3,1137
6,1114
8,1131
3,1137
5,1169
6,1115
3,1115
3,1162
5,1155
6,1114
3,1155
3,1137
5,1137
6,1131
8,1131
3,1169
5,1137
6,1145
3,1115
3,1115
6,1082
5,1160
3,1169
5,1155
3,1169
3,1162
3,1145
3,113
5,113
8,1155
5,1131
6,1114
6,1114
6,113
8,1145
6,1082
8,1082
6,1238
8,1238
8,1238
5,1238
6,1276
6,1276
8,1276
6,1276
8,1334
8,1334
8,1334
6,1334
6,1349
5,1349
3,1349
6,1354
6,1354
6,1354
6,1354
6,1354
6,1358
6,1358
6,1358
5,1358
8,1361
6,1361
8,1361
6,1361
8,1361
8,1361
3,1364
5,1371
8,1371
8,1371
6,1371
3,1373
3,1373
3,1373
3,1373
8,2037
8,2067
3,2084
6,2084
5,2078
5,2099
5,2099
6,2086
6,2086
8,2084
3,2099
5,2101
6,2067
5,2098
5,2082
8,2078
6,2086
3,2101
6,2098
3,2082
6,2082
5,2067
3,2101
5,2097
6,2085
3,2085
3,2098
5,2097
6,2084
6,2097
5,2085
6,2086
5,2085
5,2078
3,2098
3,2082
3,2101
6,2097
3,2067
6,2078
8,2088
5,2099
5,2088
5,2100
8,2116
6,2116
3,2100
6,2112
6,2091
5,2118
6,2118
6,2091
5,2096
6,2088
3,2107
3,2096
3,2118
3,2107
5,2109
3,2109
5,2102
5,2109
3,2118
6,2091
5,2102
6,2100
6,2112
5,2091
3,2102
3,2088
8,2112
5,2112
3,2107
6,2112
3,2107
6,2102
5,2116
3,2109
5,2100
5,2112
5,2199
8,219
6,2188
3,220
8,219
5,2188
3,2204
3,2188
3,2198
5,2114
3,220
8,219
3,2198
6,2175
6,2175
5,220
5,2221
3,2221
3,2204
3,2114
6,219
5,2188
1,2210
3,2204
6,2175
5,2221
5,2199
5,2114
1,2210
6,219
3,2199
3,220
5,2221
6,219
3,2175
6,2210
3,2199
5,220
3,2221
3,2204
3,2201
6,2206
8,2206
3,2223
5,2201
6,2227
8,2147
3,2198
8,2214
8,2206
3,2211
6,2207
6,1972
5,2198
5,2211
5,2223
6,2201
8,1972
6,221
5,2207
6,2227
6,221
3,2211
5,2207
6,2223
5,2206
8,2147
8,2214
5,1972
8,2147
5,2201
6,221
5,2227
6,1972
8,2214
5,2198
6,221
8,2147
5,2227
6,2223
6,2224
5,2236
8,2224
5,2217
1,218
8,2217
5,2205
6,2202
3,218
5,2230
3,2205
3,2236
5,2217
6,2202
3,1375
3,2205
5,1375
8,218
5,218
3,2236
8,2230
8,2230
8,2230
1,2202
3,1375
3,2205
5,2205
3,2202
3,1375
3,218
6,2224
5,2236
6,2243
5,2262
3,2243
5,2215
5,2257
3,2240
6,222
5,2257
5,2250
5,2247
6,2247
6,222
8,2250
5,2262
6,2240
5,2215
1,2243
6,2240
3,2245
5,1992
3,2245
6,2245
5,2215
6,2247
5,2257
5,222
5,2215
3,1992
3,2250
5,2243
6,2240
3,2247
5,2250
3,1992
3,1992
8,2248
5,2274
3,2242
3,226
5,2262
5,2251
5,2237
6,2237
5,226
6,2260
1,2274
6,2242
6,2251
3,2234
6,2260
5,2237
1,2271
3,2262
6,2254
8,2237
3,2274
6,2251
3,2234
6,2251
3,2274
6,2242
3,226
6,2234
6,2254
5,2248
1,2271
3,2234
5,2248
1,2271
6,2254
6,2254
6,2260
6,2260
6,2248
3,226
6,226
6,2242
3,2271
8,2269
3,2293
6,2278
3,2280
3,2244
6,2297
5,2270
5,228
6,2272
10,2270
5,2272
3,2269
6,2278
5,228
3,2293
5,2269
6,2278
8,2278
3,2293
5,2244
8,2272
5,2280
5,2280
6,2272
6,2297
5,2280
5,2269
3,228
8,2244
6,2244
1,2293
5,2270
5,2298
3,2295
8,2290
3,2295
5,2300
3,2265
6,2298
8,2281
6,2287
6,2290
5,2298
3,2265
5,2300
3,2265
6,2264
3,2308
8,2264
5,2308
6,2295
5,2300
5,2297
3,2300
3,2265
8,2287
6,2281
3,2264
8,2290
6,2297
8,2297
8,2281
5,2295
6,2287
3,2308
1,2308
6,2264
5,2325
3,2325
3,2284
8,2312
6,224
5,2325
3,2288
3,2288
3,2325
6,2256
6,2284
3,231
6,2284
3,2256
5,2317
6,231
3,2325
6,231
3,2306
8,2256
3,2288
8,2306
3,2306
6,2273
6,224
3,2306
8,2256
6,231
3,2306
6,2273
3,231
3,2317
3,2288
8,2273
3,2317
3,2317
6,224
8,2299
8,2314
8,2311
6,2330
5,2299
5,2330
8,2299
8,2311
5,2299
6,2312
6,2235
3,2329
8,2330
6,2235
3,2235
3,2329
6,2314
6,2307
8,2312
6,2312
6,2307
6,2326
6,2311
8,2314
5,2326
3,2327
8,2314
6,2327
6,2326
5,2327
6,2307
8,2314
5,2329
1,2330
5,2326
3,2332
6,2291
6,2335
8,2291
6,1448
5,2335
6,2291
8,2332
6,2291
8,2316
5,2336
5,1448
6,2337
5,2316
3,1448
6,2335
3,2316
5,2332
5,2337
3,1448
8,2337
5,2291
5,2330
5,2336
5,2336
8,1448
5,2332
3,2336
5,2335
5,2316
6,2337
1,2127
3,2127
3,2130
3,2127
6,2096
3,2127
6,212
8,2129
3,2110
8,2129
6,2096
6,2127
5,2122
3,2129
3,2110
6,2130
3,2130
6,212
3,2122
3,2110
6,2130
6,212
5,2122
6,212
5,2110
5,2096
5,212
3,186
5,2258
3,2343
5,2343
8,2328
3,186
6,2328
5,2355
6,186
5,2349
3,2258
3,2355
3,2355
3,2343
1,2349
6,2346
8,2342
3,2349
8,2319
8,2343
5,2258
8,2346
8,2342
5,2346
8,2328
3,2349
10,2319
6,2319
5,2319
6,2328
5,186
5,2258
6,2346
6,2342
3,2349
5,2360
3,2368
6,230
8,2361
3,2352
6,2361
5,234
3,2255
3,2360
3,2365
8,2341
3,2255
8,2348
5,2360
5,2255
5,2347
6,2352
3,2368
6,230
5,234
5,234
5,2352
5,234
5,2341
6,2341
8,2365
3,2361
5,2352
6,2365
6,2347
3,2365
6,2348
5,2348
6,2341
8,230
6,2368
5,2368
6,2361
8,2347
8,2324
5,2363
3,2304
8,2370
3,2376
8,2353
5,2363
8,2370
8,2369
3,2071
3,2363
5,2376
3,2376
8,2363
3,2369
8,2370
8,2377
8,2353
6,2363
6,2324
6,2354
8,2369
8,2370
8,2324
6,2353
6,2377
6,2324
5,2376
8,2377
6,2353
6,2377
6,2354
6,2071
5,2304
5,2071
8,2324
3,2304
6,2324
5,2304
6,2354
3,2367
3,2373
6,2385
3,236
5,2383
6,2382
5,2394
5,2384
3,2379
6,2379
6,2384
6,2382
1,2394
5,2392
6,2384
5,2382
6,2392
6,2383
3,2392
5,2383
6,2384
5,2373
3,2394
6,2385
1,2367
6,2394
6,2379
6,2385
6,236
5,2373
6,2384
5,236
6,2383
1,2367
3,2384
6,2385
6,2382
3,2071
3,2392
3,2395
3,236
5,238
5,2402
3,23
8,2381
6,2357
6,2357
8,2358
8,2381
8,2275
5,2396
6,2358
8,2371
6,2358
8,2275
6,2371
3,23
8,2358
5,2371
5,2402
6,2371
3,238
5,2402
8,2357
5,2357
5,238
6,2396
6,2275
5,23
3,2396
8,2381
3,2395
8,2275
5,238
5,2395
8,2381
3,2375
5,2375
6,2405
6,2378
5,2415
6,2405
3,2375
3,2415
6,2378
8,2285
1,2406
6,2396
3,2412
6,2406
3,2375
6,2285
6,2405
3,2404
5,2419
6,2398
5,2417
3,2412
8,2417
3,2406
6,2378
3,2412
8,2419
6,2405
5,2375
3,2417
3,2419
3,2398
5,2406
5,2398
6,2415
5,2404
3,2398
5,2404
6,2285
5,2404
5,2413
5,2391
3,2416
3,2421
6,2418
3,2420
3,2422
3,2421
6,2418
3,2420
5,2418
5,2413
6,2391
5,2421
5,241
3,2416
6,2422
6,2421
5,2418
6,2413
3,2401
5,2391
5,2417
3,2391
3,2413
3,2413
6,2422
3,241
6,2401
5,2420
3,241
6,2416
8,241
3,2413
8,2378
3,2420
3,2429
5,2429
5,239
8,2428
5,2401
5,239
6,2401
5,2424
6,2340
5,2344
3,2340
8,2411
8,2414
3,2429
5,2411
6,2411
5,2425
3,2424
3,2425
6,2414
6,2344
5,2428
5,2414
8,239
5,2435
5,2435
6,2344
6,239
8,2435
5,2340
6,2424
8,2401
5,239
3,2425
5,2435
3,2437
5,2090
5,2440
1,2437
3,2439
5,2438
5,2437
6,2438
5,2437
5,2090
6,2426
5,2387
1,2442
3,2439
6,2436
5,2387
5,2362
8,2436
6,2426
6,2438
5,2362
6,2439
5,2090
8,2438
5,2362
8,2362
5,2090
3,2436
3,2442
6,2438
5,2437
3,2387
6,2428
5,2439
3,2387
6,2426
3,2426
3,2387
1,2442
5,2428
1,2442
1,2454
3,2454
8,2447
6,243
8,243
5,2445
6,2451
6,2440
3,2388
8,244
5,2445
6,243
6,2423
6,2447
6,2423
6,2447
6,2451
5,2445
6,2445
3,244
1,2454
8,2423
6,2446
8,2451
3,2454
5,2388
6,2446
6,2446
8,243
3,244
5,2441
6,2440
8,2447
6,2446
5,2388
5,2388
5,2440
5,2136
3,2011
5,1773
5,2050
6,2117
3,2134
6,2123
6,2117
3,2144
5,2124
5,2011
6,2123
5,2123
3,2108
5,2141
5,2144
8,2117
5,2136
5,1773
5,2134
3,2126
8,2124
8,2126
1,2108
6,2108
8,2117
5,2136
3,2144
3,2144
6,2134
8,1773
3,2126
5,2123
3,2126
6,2050
6,2124
3,2050
5,1773
6,2108
8,2356
3,2469
6,2466
3,2463
3,2460
5,245
5,245
5,245
5,2457
5,2460
8,2356
6,2457
3,2457
3,245
5,2441
6,240
3,240
3,2463
5,2464
5,2464
3,2464
5,2441
5,2460
3,2464
5,2466
3,240
3,2463
5,2466
1,2457
3,2469
5,2464
1,2463
3,2469
6,2356
6,2356
8,1962
8,2469
5,2460
5,2441
3,2462
3,2380
3,2468
1,2462
6,1688
3,1688
5,2455
5,2477
8,2456
3,2477
6,1962
3,2455
3,2434
5,2468
5,2468
3,2455
3,2359
6,2455
3,2468
3,2380
3,2462
6,1962
5,2470
6,1962
3,2455
3,2359
5,2477
3,2380
6,2470
3,2359
5,2434
6,1688
8,2456
5,2470
5,1688
8,2456
6,2470
5,2477
8,2456
5,2434
3,2476
8,2397
3,2386
8,2458
3,2495
6,2465
6,2458
6,2453
6,2495
3,1834
3,2475
6,1834
6,2458
5,2465
3,2465
8,1834
5,2449
3,2476
6,2475
5,2465
5,2495
6,2458
1,2476
3,2475
6,2386
3,1834
5,2475
6,2397
3,2449
6,2386
3,2453
5,2465
3,2495
6,2453
6,2397
6,2453
6,2449
6,2397
3,1834
3,2449
3,2486
8,2432
6,2432
5,2487
6,2493
3,2427
6,2489
5,2473
3,2484
5,2487
5,2480
5,2480
6,2487
5,2486
3,2449
5,2473
8,2432
6,2427
5,2486
8,2473
6,2487
3,2432
6,2489
8,2484
3,2486
5,2486
5,2489
6,2480
8,2493
8,2480
5,2484
5,2484
3,2427
5,2486
6,248
6,248
6,248
8,2481
5,2509
3,2491
5,2517
5,2483
5,2509
6,2493
5,2478
5,2491
3,2478
5,1996
5,2483
6,249
5,1996
6,2491
6,2478
6,2481
5,1996
5,2509
5,249
8,247
6,247
3,2509
6,249
8,2493
5,2491
6,247
5,2483
5,249
8,247
5,2481
3,1996
8,2483
5,2481
3,251
6,251
5,2514
3,2482
6,2520
3,251
8,2514
5,251
3,2520
3,2521
5,24
6,2514
5,1353
3,2499
3,2528
3,2521
5,2482
8,2499
3,2514
8,24
6,2521
3,250
8,24
3,2520
5,1353
3,2528
6,2499
3,2528
5,250
6,2499
3,2517
6,1353
5,250
1,24
3,1353
3,2482
3,250
3,2521
5,2520
1,2528
3,2517
6,2536
6,2532
8,2548
3,2536
8,2544
3,2532
6,2548
8,2529
8,2523
5,2533
6,2492
8,2526
8,2532
5,2523
8,2544
5,2536
8,2548
3,2529
5,2533
6,2548
6,2533
8,2526
6,2492
6,2526
3,2544
5,2533
6,2529
8,2544
3,2536
6,2526
3,2529
6,2492
6,2523
3,2364
6,2530
3,2364
6,2488
6,2530
5,2488
5,2531
3,2366
3,2554
6,2459
6,2459
6,2522
5,2554
5,2522
6,2492
6,2530
8,2541
6,2547
6,2366
6,2518
5,2531
6,2541
3,2522
3,2364
5,2366
5,2554
6,2531
5,2547
6,2518
5,2547
5,2518
6,2547
6,2459
8,2541
8,2541
5,2364
8,2459
3,2531
6,2518
3,2522
8,2519
3,2545
6,2552
5,2510
3,2559
6,2519
3,2559
6,2510
3,2545
3,2552
5,2510
6,2510
6,2226
8,2519
6,2226
5,2552
6,2226
6,2226
5,2471
5,2471
3,2552
3,2488
6,2519
6,2450
5,2471
1,2559
3,2559
6,2450
5,2545
6,2471
3,2488
6,2450
6,2560
3,255
6,2573
6,2562
3,2524
6,2570
5,2570
5,2550
8,2506
8,2560
6,2490
3,255
8,2506
3,2025
3,2524
6,2562
5,2025
6,2490
5,2573
6,255
8,2506
3,255
5,2025
5,2560
8,2562
6,2560
6,2558
3,2558
3,2570
6,2550
5,2562
3,2550
6,2506
3,2558
3,2550
6,2490
5,2573
5,2524
5,2570
3,2558
8,2524
8,2137
3,2142
8,2137
3,2105
8,2120
8,2133
8,2145
6,20
8,2011
6,20
5,2143
6,2120
6,2143
5,2105
3,2105
5,2145
5,2141
5,20
3,2105
3,2143
5,2120
6,2137
8,2145
5,2145
8,20
6,2142
6,2120
6,2141
3,2133
6,2137
5,2142
3,2143
3,2133
3,2103
5,2103
5,2103
3,2580
6,2584
6,2588
5,2584
6,2575
6,2586
5,252
5,2505
8,252
5,2557
5,2586
3,2505
3,252
8,2584
6,2557
5,2580
5,2588
8,2584
6,2566
6,2586
5,2586
3,2584
6,2588
5,2025
5,2575
3,2505
10,2566
5,2557
5,2580
6,2580
5,2575
8,2566
8,2566
8,2572
5,2589
5,2591
5,2555
5,2565
3,2592
6,2591
5,2572
3,2581
6,2589
5,2592
5,2565
3,2572
6,2563
5,2563
5,2600
3,2565
3,2572
6,2589
3,2581
3,2581
5,2600
3,2555
8,258
6,2600
5,2563
5,2591
6,258
3,2565
6,2589
3,2600
8,2592
3,2563
8,2591
6,2592
3,2555
5,2589
6,257
3,2617
8,2582
3,2617
6,2579
8,2596
5,260
5,2577
8,2579
5,2617
6,2596
8,2582
8,2603
5,2577
6,258
5,260
8,2582
5,2579
6,2617
8,2603
6,2603
6,2603
1,2612
5,2612
6,2582
6,2582
8,257
6,257
5,2577
6,2582
3,260
6,2579
5,260
3,2612
6,258
5,257
8,2577
6,2612
3,2617
3,2622
8,2597
8,2574
8,2596
8,2593
5,2599
3,2625
6,2599
6,2616
5,2616
5,2593
5,2622
1,2625
6,2605
8,2574
5,2622
5,2540
6,2605
6,2597
5,2622
3,2616
6,2625
6,2599
6,2605
6,2540
6,2540
5,2593
5,2593
6,2597
8,2574
5,2596
3,2625
6,2597
3,2605
3,2599
5,2616
3,2621
5,2621
8,259
6,2626
3,2569
6,259
5,2606
5,2626
6,262
6,2602
6,259
3,2621
3,2602
6,2500
3,2569
5,2606
5,2618
6,2500
8,2621
8,2606
6,2602
3,2569
6,2626
5,2626
8,2500
8,2602
5,2618
6,262
6,2606
6,262
5,2618
5,2618
3,2648
6,2648
6,2637
8,2637
5,2636
8,2641
6,2636
5,2637
5,2641
3,2643
5,2651
3,2648
6,2633
5,2648
3,2641
3,2628
5,2627
6,262
5,2633
5,2648
5,2633
6,2641
5,2636
3,2627
8,2637
5,2643
3,2627
5,2636
8,2628
3,2643
8,2601
3,2628
6,2601
5,2628
6,2636
6,2601
6,2601
3,2627
5,2633
3,2643
5,2652
6,2644
3,2632
5,2651
6,2609
3,2655
5,2652
5,2632
6,2609
6,2644
3,2511
8,2653
5,2632
5,2619
6,2635
5,2632
6,2635
6,2635
3,2651
1,2609
5,2652
8,2644
5,2651
5,2609
5,2655
8,2511
3,2644
6,2635
8,2608
5,2619
3,2655
5,2653
8,2652
8,2653
8,2511
5,2609
3,2655
6,2619
8,263
6,2664
3,2664
5,2664
8,2665
3,2649
3,2663
5,2665
6,263
5,2638
6,2673
3,2673
5,2673
3,2659
5,2668
5,2670
5,263
5,2649
3,2673
3,2670
6,2638
6,2608
5,2668
6,2608
6,2665
3,2663
3,2678
5,2659
6,2649
5,2659
6,2668
5,2663
6,2670
5,2638
6,2678
3,2668
5,2670
8,263
3,2678
5,2678
8,2608
5,2683
6,2680
8,2642
5,2680
3,2683
1,2683
6,2661
8,2631
6,2642
8,2631
6,2502
6,2502
6,2661
3,2676
6,2631
3,2662
8,2631
3,2634
6,2551
3,2551
3,2676
5,2551
3,2502
6,2661
3,2676
6,2680
8,2642
3,2634
6,2642
6,2661
3,2662
5,2638
5,2662
3,2683
3,2502
5,2680
3,2676
5,2146
3,2159
6,2148
3,1795
5,2113
3,2139
5,2146
6,2150
10,2155
3,2158
6,2155
3,2150
8,2106
8,2155
5,2159
6,2113
3,2158
3,1795
6,2159
5,1795
5,2150
3,2159
3,2146
5,2149
3,2148
6,2113
5,2155
8,2106
6,2106
5,2158
5,1795
3,2139
6,2139
5,2139
6,2158
3,2150
5,2149
8,2113
6,2692
8,2639
5,2712
6,2671
6,2671
8,2694
5,2692
5,2709
6,2686
3,2699
5,2709
6,2684
5,2675
3,2639
3,2694
1,2639
3,2699
3,2675
8,2684
5,2699
5,2694
3,2709
3,2699
5,2675
6,2671
3,2687
8,2686
5,2675
5,2692
3,2694
8,2639
6,2709
8,2686
6,2692
5,2692
6,2684
8,2686
5,2699
8,2671
6,2708
6,2710
3,2714
5,2714
3,2714
3,2710
8,2698
5,2717
6,2578
6,2717
6,2708
6,2537
8,2698
3,2710
6,2578
6,2698
5,2707
8,2578
3,2708
6,2707
6,2717
3,2712
3,2708
3,2712
6,2707
5,2710
6,2578
6,2707
5,2712
3,2707
6,2578
8,2698
3,2667
5,2725
8,2711
1,2725
8,2537
3,2730
6,2667
6,2715
6,2598
3,2724
8,2711
5,2724
8,2598
8,2667
3,2730
3,2725
3,2724
6,2537
5,2725
3,2726
5,2726
8,2711
6,2598
8,2598
6,2715
3,2724
1,2730
3,2726
6,2715
8,2537
8,2537
8,2711
6,2738
5,2739
6,2704
6,2729
8,2703
5,2713
6,2729
3,2735
6,2704
6,2729
8,2736
8,2703
6,2704
8,2701
5,2713
6,2736
3,2738
5,2738
6,271
6,271
5,265
3,2735
5,2739
3,2729
3,2713
3,2701
3,2736
3,2738
5,2713
5,271
8,271
3,2735
6,2703
8,2701
5,2739
6,2736
3,265
8,2701
8,2703
5,2735
5,2705
8,2743
8,272
5,2705
5,2740
6,2132
8,265
3,273
8,2743
8,2721
5,2132
3,2132
5,2700
3,2700
5,2705
5,2614
5,2745
3,273
8,2614
8,2743
5,2700
8,2132
5,265
5,2740
6,2705
3,272
5,2700
5,2745
5,2745
5,2740
5,2614
5,2705
6,273
6,272
3,273
8,2743
1,2614
3,2750
6,2716
3,2753
5,2716
5,2716
3,2750
6,2750
6,2721
5,2731
3,2731
5,2753
5,2747
6,2754
5,2731
6,2721
3,2747
5,2747
5,2747
6,2753
5,2753
8,2754
5,2731
3,2750
3,2685
5,2754
3,2685
6,2654
3,2731
6,2654
3,2654
5,2716
3,2685
6,2721
5,2744
3,2772
6,2744
5,2732
3,2744
5,275
3,2765
6,2762
3,2732
3,275
5,2758
5,2732
3,2765
3,275
5,2732
5,2765
6,2758
3,2772
3,2765
6,2758
3,2744
8,275
3,2772
6,2720
8,2762
6,2760
5,2758
5,2760
5,2762
6,2760
3,2762
6,2720
8,2720
3,2751
6,2654
6,2755
3,2768
5,2790
6,2790
5,2790
5,2751
3,2751
6,2768
3,2789
3,2789
1,2790
3,2788
5,2786
3,2755
8,2782
6,2782
1,2786
5,2751
5,2755
5,2789
5,2755
3,2778
3,2771
3,2771
5,2786
5,2788
8,2778
3,2789
5,2788
6,2771
5,2786
6,2778
5,2768
3,2788
3,2782
3,2768
5,2755
5,2799
3,2784
6,2734
8,2767
3,2733
5,2733
6,2799
8,2793
3,2784
8,2799
3,2770
6,2770
3,2791
8,2770
8,2733
6,2767
6,2767
3,2791
3,2791
6,2798
6,2793
3,2784
5,2799
6,2723
6,2770
6,2802
5,2798
6,2723
5,2734
3,2734
3,2798
3,2734
5,2784
8,2767
3,2802
5,2733
5,2723
5,2723
6,2793
5,2798
5,2802
6,2802
1,2812
3,2797
5,2812
6,2689
6,2797
6,2818
5,2812
6,2689
6,2759
1,2776
5,2783
8,2759
5,2812
5,2776
6,2797
6,2818
5,2759
6,2746
5,2812
5,2783
3,2812
6,2689
5,2818
8,2783
6,2776
6,2783
5,2818
5,2776
6,2689
6,2808
5,2797
6,2797
6,2808
8,2759
3,2176
5,2163
3,2179
3,2179
6,2038
6,2165
6,214
5,2162
6,2038
3,2170
6,2153
5,2165
3,2170
3,2152
6,2162
5,2170
3,2152
5,2152
5,2179
6,2163
5,2165
8,2153
5,2163
5,2162
6,2176
6,2162
5,2148
5,2163
5,2170
6,2153
8,2038
6,2176
5,2152
3,214
5,2170
3,2176
6,2821
5,2823
5,2741
6,2807
5,2823
6,2807
8,2810
3,2741
6,2808
8,278
6,2821
5,278
3,2807
3,2806
5,277
3,2806
5,2774
6,278
3,2806
6,2774
10,2746
3,2774
6,2808
5,2787
6,277
5,2821
3,2806
5,2741
10,2746
5,278
8,2746
8,2810
6,2823
6,2787
6,2810
6,2787
5,2741
5,2821
3,2774
5,279
3,2761
6,2828
8,2828
5,279
8,2761
5,2820
3,2761
5,2819
8,2811
5,2828
3,2761
3,2817
5,2819
6,277
8,2819
3,2817
5,2820
5,2826
8,2828
3,2817
5,2819
3,2826
6,2820
5,2811
8,2811
3,2817
6,277
6,279
6,2820
5,2826
3,2817
5,2826
3,2836
3,2841
6,2831
6,2847
3,2836
6,2803
6,276
5,2835
3,2841
6,2831
6,276
6,2831
5,2836
6,2803
8,2843
5,282
3,2841
6,2843
3,282
5,2835
3,2835
3,2847
5,282
3,276
6,2811
8,2766
8,2831
8,2803
3,2836
6,276
3,282
6,282
3,2841
6,276
6,2843
5,2847
5,2847
3,2835
6,2766
6,2843
6,2766
3,2862
1,285
6,2834
8,2809
8,2815
8,2851
8,2834
5,2834
6,2851
6,2809
3,286
3,285
5,2815
3,286
5,2814
6,2809
3,2850
5,285
3,2862
6,2850
3,286
5,2851
3,2851
5,2841
6,2815
3,2862
6,2814
5,2763
8,2815
5,2763
3,2850
5,2763
3,2813
5,2763
5,2814
1,285
3,2814
5,2850
3,2841
8,2809
3,2834
3,2813
6,2852
5,287
5,287
5,2875
3,287
8,1219
8,2858
6,2852
6,2742
6,2864
5,2813
8,2848
3,2875
6,2858
6,2848
8,2858
8,2852
8,2742
5,2813
6,2852
6,2813
8,1219
6,2858
6,2864
8,1219
5,2875
5,1219
6,2742
8,2864
6,2864
5,2875
5,287
6,2848
5,2742
6,2848
3,2864
6,2873
3,2882
6,2880
6,2838
5,2873
6,2873
3,2882
8,2838
8,2873
6,2876
5,2878
8,2876
1,2882
6,2876
5,2868
5,2868
5,2868
5,2880
8,2880
6,2880
6,2838
6,2876
6,2838
1,2882
3,26
1,2906
3,26
3,2895
3,2894
8,2822
3,2878
3,2894
8,2886
5,2896
1,2894
5,2878
8,2896
6,2845
6,26
5,2896
5,2845
3,2894
5,2822
8,288
8,2886
6,2886
5,2896
6,2845
5,26
3,2878
3,2906
5,2845
5,288
5,2895
3,2895
5,2822
3,2895
8,2906
8,288
5,2822
5,2866
5,288
5,2893
5,284
3,2881
5,2890
3,2890
6,2900
5,2900
6,2900
5,2903
3,2903
8,2866
6,2866
5,2881
5,2866
10,2837
5,2837
3,2881
6,2827
3,2893
8,2837
6,2901
8,2837
10,2877
6,2900
5,2890
8,2827
10,2827
6,2866
6,2827
6,2866
6,2903
6,2877
5,2903
6,2827
6,2877
6,2901
8,2901
6,2877
1,2893
1,2932
3,2932
6,2917
3,2932
3,2932
3,2865
3,2923
6,2912
6,2912
3,2926
5,2920
6,2912
3,2913
5,2865
3,2920
3,2920
6,284
5,2920
6,2912
6,284
6,2917
5,2885
6,2885
6,2923
5,2926
3,2917
5,2923
1,2913
5,2923
6,284
6,2885
5,2865
6,2917
6,2926
3,2913
6,2885
6,2865
6,2926
8,284
6,2910
5,2840
6,2914
6,2840
8,2928
6,2916
5,2916
5,2910
1,2922
8,2914
6,2910
6,2933
6,2919
6,2840
8,2928
1,2933
3,2840
8,2928
8,2911
3,2933
5,2916
3,2919
6,2911
5,2922
5,2933
5,2919
6,2911
8,2914
5,2928
8,2914
6,2916
6,2919
3,2922
3,2910
6,2160
6,2160
6,2182
6,2121
5,217
3,2161
5,2161
8,2173
6,2166
8,2160
5,210
6,2121
5,210
5,2161
5,217
6,2160
8,2121
3,2161
6,214
3,2178
8,2182
5,2178
6,2166
3,214
5,217
6,214
8,2182
8,2166
3,2173
8,2154
6,210
6,2121
5,2166
6,210
3,2173
6,217
8,2154
8,2154
6,2927
6,2943
3,2948
3,294
5,2908
3,2936
8,2934
6,2891
6,2943
6,2891
6,2891
5,2859
3,2908
3,2908
6,2927
8,2859
3,2936
3,2948
3,2948
8,2927
3,2936
6,2859
6,2908
6,2943
6,294
6,2927
5,294
6,2908
8,2934
8,294
5,2936
5,2859
6,2884
6,2884
8,2918
5,2950
6,2934
8,2939
6,2937
8,2918
6,2889
6,2946
5,2937
5,2884
6,291
6,2938
8,2889
5,2946
5,2934
5,2946
5,2939
5,2946
6,2937
8,2918
6,2939
6,2938
6,291
6,2918
8,2939
6,2950
3,2950
6,291
6,2939
5,2938
8,2889
6,291
6,2955
6,2955
8,2949
5,2949
6,2955
6,2955
3,2925
6,2947
6,2925
5,2951
6,2952
3,2958
8,2959
5,2959
5,2947
5,2960
5,2925
8,2951
5,2960
8,289
5,2925
6,2951
8,2960
5,2947
6,289
8,2952
5,2947
8,2951
6,2958
6,2949
6,289
6,2952
8,289
3,2958
5,2958
3,2925
5,2975
8,2975
6,2965
5,2967
3,2977
5,2945
5,2965
6,2975
6,2977
8,2973
3,2965
3,2971
3,2971
6,2979
6,2973
6,2977
6,2973
6,2984
5,2959
5,2965
6,2979
5,2945
3,2945
3,2967
6,2973
3,2975
5,2979
6,2945
1,2967
3,2967
5,2979
5,2971
6,2959
6,2959
6,2977
6,2962
8,2986
3,2981
5,2974
6,2962
5,2982
3,2981
6,2986
8,2902
3,2953
8,2974
6,2986
6,2963
3,2987
8,2963
3,2987
3,2982
3,2987
3,2982
5,2963
6,2987
6,2902
6,2978
6,2978
3,2984
5,2963
5,2953
8,2974
5,2982
3,2981
8,2978
3,2981
3,2984
5,2974
6,2981
6,2902
3,2953
6,2978
5,2953
3,2984
5,2982
6,2994
6,3006
6,2985
6,2994
5,2985
6,2996
3,2988
6,2898
8,2968
3,297
5,2968
5,3006
3,2988
6,2988
5,2985
5,297
3,297
3,2898
6,2996
5,2898
3,2988
8,2968
8,2718
6,2996
3,2898
8,2718
8,2718
3,3006
8,2996
6,2994
8,2985
8,2902
3,2966
5,2
3,3005
8,2991
5,297
5,3005
8,2966
8,298
6,300
6,2983
5,2983
3,3011
6,298
6,300
5,3011
6,2
6,2992
5,2
3,2
6,299
5,299
8,298
6,2992
3,2966
5,2983
8,2991
6,2966
6,298
5,3005
3,3011
6,3005
3,299
3,3011
6,2991
5,2992
6,299
5,300
5,2991
6,3009
6,3021
6,3017
10,3017
3,3014
5,3022
6,3019
5,3022
6,3016
6,3017
6,3009
5,3014
5,3021
5,3016
5,3009
3,3022
6,3014
5,3009
6,3027
3,3017
5,2830
8,3016
8,3021
6,3019
5,3027
8,3016
6,3019
6,2830
6,3021
6,3014
6,3027
5,3022
5,2830
3,301
8,2830
6,2830
5,3027
5,3014
3,2992
6,3017
3,3029
6,302
8,302
3,3025
5,3028
6,3026
1,3025
6,3007
8,3028
6,2970
6,3028
3,2944
3,3026
6,3029
3,2944
3,3026
3,3002
3,3026
6,3013
6,3028
5,3029
3,3025
8,3007
5,302
5,302
8,301
3,301
5,2944
6,3013
5,2970
6,2944
5,3002
6,3007
6,3007
5,2970
3,3029
6,3013
6,3013
6,3042
8,3024
3,2980
6,2964
5,3044
8,3046
6,2964
5,3002
3,3040
8,3046
5,3024
8,3046
5,3032
5,3044
5,3044
5,2980
6,3042
6,3041
6,2980
6,2964
6,3041
6,3024
3,3040
6,3046
6,3041
5,3032
5,3032
3,3042
6,3002
3,3040
8,3044
6,2964
6,3024
6,3042
5,3040
3,3002
5,3032
3,2184
3,2184
3,2177
5,2191
1,2191
3,2180
3,2169
5,2185
6,2185
5,2164
3,2195
3,2191
6,2185
3,2189
5,2164
3,2178
3,2169
5,2189
3,2177
5,2180
5,2177
3,2184
3,2164
5,2195
6,2164
3,2189
1,2189
3,2180
5,2195
6,2185
3,2180
3,2169
5,2169
5,3036
8,3036
6,3036
3,3055
6,304
8,3047
5,3051
5,3055
6,3047
8,3036
5,304
5,3038
5,3031
3,3031
5,3038
3,3055
5,3054
5,3039
5,3038
5,3055
3,3060
5,3060
6,304
3,3051
3,3055
8,3047
6,3039
8,3047
5,3052
5,3052
5,3054
5,3038
3,3051
5,3052
8,3039
3,3031
5,3038
6,304
5,3054
5,3051
6,304
3,3075
5,3035
8,3035
5,3059
5,3075
3,3059
3,3074
5,3035
3,3074
5,3060
6,2857
3,2957
6,3030
6,3033
6,3059
5,3037
8,2857
6,3033
3,3062
5,3062
6,3030
6,2857
8,3030
5,3075
6,2857
1,3037
5,2957
6,2957
5,3060
3,3062
5,3062
6,3033
5,2957
8,3030
5,3059
5,3061
8,3070
6,3079
3,3023
8,292
5,3049
6,3076
5,307
8,3064
8,3067
3,3074
5,3064
5,307
5,3023
5,3064
5,3067
8,3064
6,3070
5,3079
6,3067
3,3079
3,3079
6,3074
6,3076
6,3049
6,292
8,3070
5,3061
6,3023
5,3076
6,3061
6,292
6,3049
6,3049
6,292
5,3061
3,307
5,3010
5,3073
6,3081
8,3081
6,3073
8,3081
5,3073
5,3073
5,3048
6,3068
3,3088
5,3078
8,1755
3,3018
3,3048
5,3010
6,3078
6,1755
6,3069
6,3078
1,3018
5,3048
6,1755
5,3087
6,3018
3,3010
6,3069
5,3010
3,3087
6,3018
5,3068
6,3069
5,3068
6,1755
6,3088
5,3068
6,3070
5,3081
5,3087
6,3089
8,3066
5,3090
5,3080
5,3083
8,3089
3,3094
3,3096
5,3080
5,3080
6,3089
8,3083
5,3094
3,3088
3,3089
8,3066
6,3096
8,3066
3,3090
8,3080
6,3090
6,3094
6,3094
6,3066
3,3096
5,3096
8,3083
6,3083
5,3080
3,2816
5,3101
6,2816
8,3100
3,3086
3,3104
6,3085
8,306
5,3101
5,306
8,2816
5,3090
5,3102
3,3084
5,3097
6,3084
3,2816
8,2816
6,3101
6,3085
8,3100
3,3097
6,2816
6,306
6,3086
6,3097
3,3102
6,3084
5,3102
6,3085
5,3104
6,3086
5,3102
3,3101
6,3100
3,3104
6,3085
8,3084
6,3090
6,3095
3,3110
6,3112
6,3082
5,3092
3,3112
3,3115
8,3082
6,3107
6,30
5,3107
5,3082
6,3114
5,3095
6,3112
5,3107
3,3114
8,30
8,3114
6,3092
8,3105
8,3114
5,3110
3,3115
3,3115
5,3104
1,3110
5,3095
5,3112
8,3107
5,3105
6,3092
8,30
6,30
5,3110
5,3095
6,3082
5,3105
6,3092
3,3136
3,3136
6,3000
5,3132
5,303
3,3136
6,303
5,3000
6,3058
6,3000
6,3129
5,309
3,3120
5,3120
3,3109
3,3000
8,3105
5,3124
5,3124
3,303
6,3000
3,3132
8,3109
5,3132
5,303
8,3136
6,3058
8,3109
6,3120
8,3109
5,309
3,309
3,3124
5,309
5,3129
8,3129
6,3058
3,3129
5,3141
5,3141
8,3141
5,2029
6,2194
6,2187
5,2194
6,2192
8,2192
6,2192
8,2187
8,2029
6,2187
3,2196
3,2203
6,2187
5,2193
6,2168
6,2168
6,2168
5,2029
6,2183
6,2181
8,2196
5,2196
6,2181
6,2194
3,2193
8,2181
6,2183
5,2196
5,2193
8,2181
6,2194
5,2029
3,2203
6,2183
8,219
6,2192
5,2183
5,2203
5,2114
6,2194
5,2629
5,2629
5,2629
6,2634
3,2634
5,2646
8,2646
6,2646
5,2646
6,2656
8,2656
6,2656
10,2656
6,2674
3,2674
5,2674
6,2674
5,2681
3,2681
3,2681
8,2681
3,2681
8,2682
8,2682
8,2682
8,2682
5,2687
5,2687
5,2687
5,2690
6,2690
3,2690
5,2690
6,2693
8,2693
3,2696
1,2696
3,2696
3,2696
1,286
6,3067
8,3099
5,313
5,3144
6,3126
6,313
5,3130
6,3141
8,3130
5,3126
3,3130
8,3126
5,3108
10,3140
5,3122
3,3108
8,3140
5,3147
3,3108
5,3122
5,313
5,3147
3,3108
6,313
5,3122
5,3146
5,3130
5,3146
6,3126
8,3099
6,3140
5,3147
5,3146
5,3140
6,3099
3,3146
6,3130
8,3135
6,3159
5,3153
8,3139
5,3159
5,3153
3,3148
5,3144
5,3153
3,3135
8,3139
6,3128
5,3151
8,3144
6,3137
6,3128
3,3153
5,3137
8,3139
6,3128
5,3159
5,3148
8,3135
3,3153
5,3151
3,3148
6,3135
5,3139
5,2232
3,3148
5,2232
3,3128
6,3152
6,3128
5,3159
5,2232
3,3151
8,3144
8,3144
6,3137
6,3137
8,3216
3,3237
5,320
6,3226
3,3267
6,320
6,3230
6,3198
10,2660
5,3216
8,3230
6,3198
8,3230
5,3250
6,3226
3,3237
6,3226
5,322
8,3216
6,3198
3,3267
6,322
3,322
3,3257
8,2660
6,3257
6,3250
6,2660
6,3198
6,322
3,3237
6,3230
6,3198
3,3257
3,3257
8,320
3,3216
3,3237
5,3250
5,320
6,321
5,3251
8,3243
5,3251
5,3208
6,3243
5,3263
3,3263
3,3208
6,3268
5,3208
5,3268
5,3268
5,3242
8,3246
6,3268
5,3263
6,3246
8,3246
5,3267
5,3208
5,3251
5,3242
8,321
8,3268
5,3242
6,3243
8,3246
6,3242
5,3263
5,3243
6,321
6,326
5,3273
5,3260
3,3274
3,3276
3,3277
3,3273
8,325
3,3265
3,3274
3,3274
6,3259
8,325
5,3276
3,3277
5,3273
6,3276
3,3273
3,3276
5,325
8,326
3,3260
3,3260
8,326
6,3259
3,3277
5,325
5,3265
8,3259
6,3265
5,3265
5,3260
6,3259
6,326
6,3233
8,3261
6,327
6,3261
6,327
8,327
1,3294
6,3255
8,3247
6,3269
1,3294
6,3233
8,3247
3,3116
6,3255
3,3116
3,3255
5,3116
5,3281
5,3255
5,3261
5,3281
6,3269
6,3261
3,3294
6,327
5,3281
5,3281
6,3247
8,3269
8,3233
3,3116
6,3269
3,3309
8,3281
6,32
6,32
5,32
5,3289
6,3303
6,3301
5,3297
3,3279
6,3172
8,3301
6,3288
3,3279
1,3279
5,3289
6,3288
6,3172
3,3309
6,3172
5,3172
5,3303
6,3301
5,3297
3,3309
6,3288
3,3297
3,3279
6,3297
8,3301
6,32
5,3289
5,3303
3,3303
5,3289
6,3288
8,3302
6,3298
6,3302
3,3307
8,3287
8,3283
6,3307
6,3293
6,3287
6,3295
6,3286
5,3328
8,3295
8,3286
5,3307
6,3293
6,3293
5,3295
5,3307
5,3328
5,3304
3,3328
6,3286
5,3304
6,3286
8,3283
5,3307
6,3309
5,3283
3,3302
3,3298
5,3287
5,3304
5,3304
1,3328
5,3298
3,3298
5,3302
8,3293
8,3283
3,3215
5,3272
6,3322
3,3313
5,3254
3,3215
5,3319
5,3322
3,3313
5,3272
5,3300
5,3215
5,3300
5,3254
5,3254
5,3326
6,3296
5,3300
5,3319
6,3319
6,3296
5,3254
5,3322
6,3272
6,3272
3,3215
3,3300
8,3296
5,3326
5,3322
5,3326
5,3313
6,3313
6,3326
6,3296
6,3292
3,3292
3,3215
6,3319
8,330
5,3332
6,330
5,3320
3,3292
8,3305
3,3332
5,3317
6,3305
6,3299
8,3308
6,330
5,3332
5,3317
3,3332
6,3321
6,3305
5,3299
6,3320
5,3299
8,330
6,3321
6,3308
6,3320
5,3305
5,3321
8,3308
3,3320
5,3317
6,3292
5,3290
8,3345
3,3339
6,333
5,3290
6,3341
6,3314
8,333
3,3339
3,3345
5,3315
3,3339
3,3315
6,1670
5,333
6,3345
6,3341
8,3290
3,3345
6,3290
3,3315
5,3339
6,3314
3,3341
5,3315
5,1670
5,3341
5,333
8,3345
5,1670
5,3314
3,1670
6,332
6,3348
3,3335
6,3349
6,3349
5,3347
3,3350
1,3350
3,3335
6,3310
5,3310
6,3348
6,3349
5,3347
6,332
6,3348
5,3347
8,3352
8,332
6,3343
6,3348
8,3310
8,3343
6,3337
6,3342
6,3343
5,3349
3,3337
5,3350
5,3337
3,3342
8,3310
6,3335
5,3335
6,3337
5,3350
3,3347
5,3350
6,3342
3,3343
5,3342
3,2539
5,3125
5,3154
6,3149
3,3149
6,3157
3,3143
3,3125
5,3133
6,3143
3,3125
8,3133
3,3125
5,3152
6,3152
3,2539
5,3143
8,3133
6,3149
6,3154
5,3152
8,3133
5,3133
5,3154
3,2539
6,2539
5,3154
5,3149
3,3143
5,3333
5,3356
6,237
8,3344
3,3365
6,3344
8,237
1,3365
1,3365
3,3352
8,3354
6,3306
5,3356
6,3333
5,3352
5,3338
8,3338
3,3365
5,3351
1,3365
6,3344
6,3333
3,3352
5,3352
8,3346
8,3344
6,3346
8,3354
8,3306
6,3351
8,3333
8,3354
6,237
8,3354
3,3351
6,3338
6,237
3,3306
3,3356
8,3284
8,3284
3,3368
5,3340
6,3346
3,3361
8,3284
5,337
6,3359
3,3361
8,3284
6,334
6,3364
3,337
8,3359
6,3358
3,3361
8,3358
3,3373
6,3358
3,3373
6,334
3,337
3,3364
5,3359
3,3364
6,3368
6,334
3,337
3,3364
3,3361
5,3340
3,3373
5,3346
5,3359
5,3373
6,3340
8,3358
6,3388
8,3363
3,3388
3,3382
3,3375
6,3388
6,336
5,3371
6,3363
3,3375
1,3375
6,3388
5,3390
5,3390
1,3375
6,336
5,3363
3,3371
3,3385
3,3385
5,3353
5,3390
5,3368
6,3353
5,3390
6,336
3,3385
5,3382
6,3353
6,3374
3,3371
3,3371
5,3382
6,3374
6,3371
6,3353
6,3378
3,3381
5,3389
8,335
6,3386
8,3393
6,3393
6,338
6,3374
3,3393
6,3378
5,3379
5,3389
5,3381
6,3387
3,3389
3,3389
6,3386
8,3378
8,3379
8,3378
6,3381
8,338
6,3387
6,3386
3,338
6,338
5,335
8,335
6,3378
5,3381
6,3387
8,335
6,3374
5,3379
6,3387
3,3389
6,3379
3,3393
6,3386
6,3401
3,3380
8,3400
3,3266
5,3401
3,3395
6,3380
3,3376
5,3400
6,3394
6,3367
6,3401
5,3376
8,3367
6,3266
6,3367
8,3376
5,3266
8,3394
5,3380
6,3367
8,3394
1,3395
6,3384
6,3400
6,3376
3,3395
5,3400
3,3395
5,3266
8,3394
5,3384
8,3384
5,3384
5,3394
6,3399
6,3409
5,3224
6,3417
3,3408
6,3396
3,3407
1,3410
6,3401
6,3417
3,3407
6,3399
6,3408
3,3399
3,3224
6,3409
6,3409
3,3407
6,3409
3,3410
6,3403
6,3403
1,3410
8,3410
5,3403
3,3407
3,3408
3,3417
8,3396
5,3224
3,3408
8,3396
5,3399
5,3421
6,3415
6,3419
3,3366
5,3413
6,3413
8,3406
8,3406
6,3414
6,3405
5,3415
5,3414
5,3366
5,3414
3,3417
5,3426
8,3419
3,3416
6,3366
6,3426
5,3419
3,3415
3,3421
6,3405
3,3416
5,3413
6,3424
6,3406
3,3421
3,3406
6,3366
1,3426
6,3405
6,3360
8,3360
6,3413
3,3426
6,3360
6,3405
1,3416
3,3421
3,3360
6,3433
3,3433
6,3422
3,3424
5,2999
3,3432
3,3422
3,3432
5,3432
8,2999
3,1565
3,1565
8,1565
3,3430
5,3422
3,3431
3,3433
3,3432
3,1565
5,3430
5,3420
6,3430
5,3432
5,3362
5,264
5,3430
8,3420
1,3424
6,264
3,3424
3,3431
8,3420
6,264
3,3431
6,3362
5,2999
6,2999
3,3420
8,3362
3,3433
5,3422
3,3440
6,3398
3,3447
5,3440
5,3434
3,3440
3,3440
6,3434
5,3434
5,339
5,339
8,3450
5,3445
3,3428
8,339
5,3445
6,3427
3,3428
3,3437
3,3447
5,3445
6,3427
5,3362
8,3398
6,3445
8,3427
5,339
8,3450
5,3447
5,3428
3,339
3,3437
6,3427
6,3447
6,3437
5,3434
6,3398
8,3450
8,3428
3,3398
6,3362
5,3311
6,3448
6,3450
6,3449
5,342
6,3449
5,3411
3,3438
3,3449
5,3311
3,3448
5,342
5,3311
5,3444
3,3438
6,342
3,3448
3,3444
5,342
8,3311
5,3448
6,3438
3,3444
5,3411
5,3448
3,3444
5,3411
5,3456
6,3438
5,3411
8,3142
3,3098
3,3098
8,3142
6,3169
3,3169
3,3168
3,3165
8,3091
5,3163
3,3168
5,3091
6,3142
6,3157
8,3098
5,3165
3,3162
5,3091
8,3098
3,3165
6,3168
6,3163
5,3169
3,3098
6,3169
6,3157
8,3142
5,3163
6,3169
3,3165
6,3091
5,3163
5,3162
3,3169
5,3162
5,3463
5,3462
6,3441
5,3370
8,3453
5,3457
6,3455
5,3453
5,3453
6,3457
5,3463
1,3476
5,3453
6,3462
6,3441
6,3370
8,3462
3,3456
6,3455
5,3456
6,3370
3,3476
5,3463
6,3455
8,3441
1,3476
8,3455
6,3370
5,3456
6,3456
6,3370
6,3462
5,3453
6,3457
5,3462
6,3441
6,3370
5,3476
6,3457
5,3467
3,3479
8,3467
6,3443
3,3489
1,3489
6,345
3,3489
5,3466
8,3467
5,3472
3,3479
8,3436
6,3460
6,3460
8,3436
5,3472
6,3423
6,3423
3,3466
5,3460
6,3423
5,3472
6,3472
3,3467
3,3477
6,3443
6,3443
6,3436
8,3479
6,345
5,3479
3,3466
5,3477
8,3477
3,3466
5,3423
6,3470
5,3480
3,3485
3,3485
6,3485
8,3465
6,3435
8,344
5,348
5,3465
3,3485
6,3435
3,3493
6,3465
5,3478
3,3481
5,3493
5,3478
6,3480
5,3478
5,3480
1,3493
8,344
5,3470
6,345
5,3493
6,344
3,3480
8,344
8,3478
5,3465
5,3480
6,3481
5,348
6,3470
6,345
5,3470
6,3481
8,344
5,348
6,3502
6,3253
5,3501
5,349
6,3502
8,3486
8,3486
3,3486
6,3496
6,3435
8,3435
8,3486
6,3253
6,3501
5,3501
6,3499
6,3429
8,349
5,3429
8,3429
6,3496
6,3502
3,3496
5,3253
5,3496
6,3498
5,3504
3,3499
8,3498
6,3499
5,349
6,3499
6,3253
8,3498
5,3502
3,3501
6,3429
3,3501
6,3503
3,3518
1,3519
3,346
3,34
3,3517
5,34
8,3503
5,3454
3,34
5,3517
5,3504
5,3464
5,346
5,3517
5,34
5,3464
5,3464
5,346
5,3503
3,3515
3,3510
3,3517
5,3519
5,3518
6,3515
5,3510
5,346
5,3504
8,3518
5,3519
3,3510
6,3510
3,3515
5,3454
5,3454
5,3454
6,3518
3,3504
3,3519
3,3464
8,3490
6,3471
6,3526
5,3522
6,3523
3,3516
8,3490
3,3523
5,3531
3,3531
1,3532
5,3516
1,3529
6,3527
6,3526
5,3527
5,3471
6,3527
6,3526
5,3471
5,3523
1,3529
5,3526
5,3471
6,3490
5,3531
3,3529
8,3490
5,3516
5,3522
3,3523
3,3532
6,3527
6,3529
5,3531
5,3522
3,3516
5,3526
3,3534
3,353
3,3532
8,3483
3,3500
5,3534
3,3520
8,3528
3,353
3,3542
5,3512
8,3483
6,3536
5,3500
5,3520
6,3530
6,353
8,3534
5,3500
3,3500
5,3536
6,3534
5,3520
6,3520
5,3536
3,3532
8,3530
5,3512
8,3483
5,3530
6,3542
3,3512
8,3528
3,3520
3,3542
8,3528
8,3528
3,3512
5,3542
3,353
8,3483
6,3505
6,3535
5,3543
6,3512
3,3535
5,3505
6,3507
5,3539
3,3543
6,3543
5,3507
3,3549
5,354
6,2125
6,3543
8,2125
5,3549
6,2125
3,3507
3,3557
3,3539
5,3507
5,3549
5,3548
5,3548
3,3548
3,354
6,354
5,354
3,354
5,3505
5,3539
5,3549
3,3507
3,3548
3,3535
3,3539
5,3508
6,3508
8,3508
1,3566
3,3555
3,3566
6,3533
3,3557
6,3533
6,3544
3,3566
6,3544
5,3533
6,3544
3,3533
3,3557
5,3117
3,3566
3,3555
3,3564
6,3508
1,3564
5,3557
3,3555
6,3544
5,3117
6,3564
3,3555
5,3117
8,3497
3,3568
8,3547
5,3563
10,350
6,3513
8,3568
6,3513
3,3497
3,3567
3,3554
5,3562
6,3567
6,3497
8,350
5,3562
8,3513
3,3554
6,3554
6,3563
5,3497
5,3556
6,3562
5,3564
5,3565
5,3565
6,350
6,350
5,3568
3,3563
5,3562
3,3554
3,3567
3,3556
5,3556
5,3568
3,3565
3,3556
6,3513
6,3513
6,3065
6,3164
6,3178
3,317
3,3189
3,3170
1,3189
3,3190
6,3174
6,3164
8,3065
3,3178
5,3065
3,3170
3,3189
5,3065
3,3184
3,3184
5,3134
3,317
5,317
5,3134
5,3170
8,3134
5,3065
6,3065
6,3190
6,3164
6,3174
5,3190
3,3190
6,3164
5,3184
3,3170
5,3184
5,3170
3,3189
3,3134
6,3174
5,3174
3,3178
5,3585
6,357
8,3469
3,3585
8,3547
5,356
6,3550
8,3469
5,3578
6,3550
8,3469
5,3570
1,3553
5,3578
8,3547
6,3458
5,3550
6,357
6,3550
8,3579
5,3553
3,3585
5,3578
6,3570
1,3579
3,3585
5,3553
5,3553
3,3570
3,3458
6,3579
6,3458
6,357
6,3579
6,356
3,3579
6,356
6,3579
5,3578
8,3547
5,3574
6,3584
6,3571
3,3574
5,3598
3,3591
5,3588
6,3569
3,3584
3,3587
1,3591
6,3569
1,3598
3,3607
3,3607
6,3571
6,3574
5,3591
5,3584
3,3587
3,3598
8,3574
6,3607
6,3569
3,3598
8,3607
3,3584
6,3571
6,3569
6,3587
6,3571
6,3587
5,3606
3,3590
6,3575
5,3613
5,3593
3,3606
3,3611
3,3583
5,3577
6,3575
3,3590
3,3588
3,3576
5,3583
3,3583
5,3588
3,3611
3,3613
3,3613
3,3606
8,3593
6,3593
6,3576
6,3576
6,3575
3,3611
5,3606
5,360
6,360
5,3588
3,3576
3,3583
6,3575
5,3593
3,3611
8,360
6,360
6,3590
5,3588
6,3617
6,3617
5,3600
5,2785
8,3577
5,3599
5,3580
5,3612
6,3545
6,2785
6,3580
5,3601
6,3600
6,3599
5,3612
3,3599
5,3552
8,2785
8,2785
6,3577
5,3552
1,3601
5,3601
8,3552
6,3552
8,3552
5,3545
6,3577
3,3545
6,3580
6,3612
8,3617
5,3599
6,3600
6,3612
3,3545
3,3580
6,3600
3,3608
8,3597
8,3634
10,3639
6,3597
8,3597
5,3608
5,3596
5,3596
8,3626
5,3596
5,3641
5,363
5,3621
8,3621
5,3641
8,3621
8,3626
3,3627
5,363
5,3641
3,3639
3,3627
6,3596
3,3608
5,3627
8,3626
8,3597
6,3608
5,3608
3,3627
3,3641
8,3639
3,3639
1,3639
8,3626
6,3621
8,3634
8,3634
5,363
5,3633
6,3630
8,3636
1,3645
6,3646
5,3640
3,3633
3,3632
5,3645
8,3623
5,3632
8,3646
6,3636
5,3636
6,3646
6,3649
5,3640
6,3646
5,3645
8,3623
1,3645
5,3646
1,3645
3,3640
6,3623
3,3640
5,3632
5,3633
6,3649
6,3649
5,3630
6,3636
5,3623
5,3632
6,3649
3,3630
6,3630
5,3589
3,3638
1,2672
3,3589
5,3559
8,3647
6,3622
3,3653
5,3651
8,3589
6,3638
6,3622
8,3629
8,3647
6,3559
6,3629
8,362
6,3622
8,3629
6,3651
8,3647
8,3647
3,362
10,3589
3,3559
6,3622
6,3629
3,3651
6,3651
3,3559
3,3638
8,3638
5,3653
3,2672
6,3629
6,2672
1,2672
6,362
6,35
1,3657
8,3648
3,35
6,3642
6,3648
6,3635
3,3657
5,3642
1,3657
6,3642
3,3654
3,364
3,3616
3,364
5,364
1,3658
5,3635
8,3652
5,3653
3,3654
6,3654
3,3616
5,3654
6,3648
6,3652
5,35
3,3616
5,3658
3,3616
6,3652
5,3658
5,3648
8,35
6,3616
5,3653
8,3635
6,364
8,3635
3,3686
3,3666
1,3664
6,3660
5,3686
5,3666
1,3664
3,3661
5,3631
5,3670
5,3644
3,3666
3,3661
3,3664
8,3631
3,3686
3,3664
8,3644
1,3670
5,3666
1,3644
5,3670
8,3681
6,3663
6,3660
5,3670
6,3660
3,3644
6,3660
3,3686
5,3661
5,3681
5,3631
5,3663
6,3663
5,3681
8,3631
5,3692
6,365
3,3689
6,3678
6,3678
5,3671
6,3672
8,3677
5,3671
5,3674
6,3677
8,3680
3,3671
1,3689
5,3680
5,3674
6,3672
6,365
5,3672
3,3692
8,3619
6,3678
8,3619
8,3619
8,365
3,3692
5,3619
6,3677
3,3680
5,3680
1,3689
6,3672
3,3674
6,3677
6,3678
5,3671
3,3692
6,3619
5,3689
6,3111
1,3188
6,314
6,3186
3,3181
5,3188
1,3188
5,3191
5,3177
6,315
3,3181
5,3181
5,3180
5,3111
3,3188
5,314
8,315
6,3186
6,314
8,3177
5,3106
3,3177
8,3111
3,314
5,3180
6,3181
6,3186
5,3191
6,3111
5,3180
5,3186
8,315
6,315
3,3177
6,3106
3,3180
8,3186
3,3191
3,3106
5,3191
3,3710
5,3312
6,3688
3,3312
3,3695
8,3665
5,3695
6,3691
3,36
3,369
5,3665
3,3701
5,3688
3,3674
8,3312
3,369
5,36
3,3694
6,3682
8,369
6,3312
3,3702
5,3691
3,3701
3,3691
6,3695
5,3702
3,36
3,3688
8,3695
3,3694
3,3694
3,369
6,3694
6,3682
1,3665
3,3701
5,3688
3,3702
5,3665
6,3682
3,3684
6,3716
3,3713
5,3711
6,3711
6,3711
6,3285
8,3655
3,3698
10,3711
3,3684
3,3684
3,3716
1,3713
6,3655
3,3285
6,3673
8,3673
3,3719
6,3655
3,3285
8,3673
3,3710
3,3713
5,3710
8,3655
5,3710
5,3716
3,3706
5,3719
3,3719
6,3285
3,3713
8,3673
5,3684
6,3285
3,3719
6,3711
3,3706
1,3712
3,3714
5,3737
3,3729
6,3698
5,3737
5,3659
3,3698
6,3718
6,3659
5,3708
3,3712
6,371
5,3714
6,3659
3,3717
5,3717
6,3718
3,3698
5,3714
5,3712
6,3708
3,371
6,371
6,3718
8,371
6,3717
6,3708
6,372
5,3698
3,3737
3,3729
6,3718
5,371
5,3717
3,3712
8,3714
6,3729
3,3712
5,3717
8,3669
6,372
6,3594
6,3722
3,3594
6,3735
6,373
5,3687
5,373
6,3732
3,373
5,3594
3,373
8,3747
8,3687
6,3669
8,3747
8,3669
5,3732
8,3757
5,3594
6,3669
8,3735
8,3722
5,3687
6,3747
6,3735
3,3751
3,3732
3,373
6,3687
6,372
5,3757
6,3722
6,372
3,3751
8,3735
3,3757
6,3747
3,374
8,3744
5,375
5,3726
6,3524
6,3751
5,3744
5,3726
6,3739
6,340
6,3739
6,3752
5,3751
6,3746
6,3524
6,340
3,3524
5,375
3,3746
8,3524
6,3739
5,3752
6,3524
6,375
6,3726
3,374
8,3746
3,3752
5,3744
6,340
8,340
5,375
6,3746
6,340
8,3726
5,3744
5,3752
5,374
5,3739
5,374
6,3748
5,3731
6,3724
6,3731
6,3762
5,3748
8,3769
6,3762
5,3766
8,3749
3,3725
8,3762
6,3725
6,3761
5,3748
8,3724
5,3766
3,3731
8,3749
8,3749
3,3766
8,3748
3,3723
3,3761
5,3749
6,3731
5,3725
6,3761
6,3724
3,3766
6,3725
3,3769
6,3724
3,3762
3,3769
5,3767
3,3772
3,3776
5,3745
3,3779
3,3756
3,3705
5,3745
5,3779
6,3779
5,3723
3,377
3,377
3,3772
3,3776
5,3705
3,3777
3,3723
3,3767
5,3776
3,377
6,3772
3,3756
8,3738
5,3776
6,3745
3,377
3,3756
5,3756
5,3705
8,3738
3,3745
5,3723
6,3705
8,3772
3,3777
6,3738
5,3777
5,3767
3,3774
5,3783
3,3786
3,347
3,3775
8,3791
5,347
5,3774
6,3790
6,3743
3,3790
6,3768
5,3768
5,3791
3,3775
5,3786
6,3786
5,3774
6,3777
8,3743
5,3768
5,3768
3,3791
6,3768
3,3790
5,3775
3,3786
6,3791
5,3783
5,3783
5,3790
3,347
8,3774
3,3796
8,3795
6,3781
5,3809
3,3797
5,3804
1,3804
3,3804
8,3781
8,3787
8,3795
6,3805
6,3804
5,3799
6,3795
6,3809
5,3799
5,3796
6,3797
3,3799
8,3781
6,3797
6,3787
6,3787
6,3795
3,3809
6,3781
6,3787
5,3809
5,3799
8,3743
5,3743
5,3796
5,3797
5,3796
6,380
3,380
5,380
5,3816
6,3765
6,3785
3,3815
6,3785
5,3802
8,3785
5,3817
5,3817
5,3765
6,3765
6,3780
5,3817
5,3817
8,3785
5,3813
5,3813
3,3816
6,3780
1,3792
3,2856
6,3815
3,3792
6,3802
3,3813
5,3802
6,3780
5,3816
5,3815
5,3805
6,3780
5,3816
6,3805
3,3792
3,3813
5,3792
6,3805
5,3179
5,3194
3,3201
3,3203
6,3167
3,1838
3,3195
1,3175
6,1838
8,3187
3,3203
5,3167
8,3179
6,3187
3,3167
3,3175
8,3166
8,3179
6,3166
5,3187
6,3166
6,3192
3,3201
8,3192
3,3203
6,3179
8,1838
6,3167
5,3201
8,3194
8,3194
3,3195
5,3175
5,3166
5,3195
8,3194
8,3192
6,1838
3,3195
6,3192
3,3801
5,381
5,378
6,3560
6,3742
6,3819
6,3824
3,3819
5,3742
3,3824
5,37
8,3801
3,381
8,3818
3,378
3,3824
8,3818
6,378
6,3560
5,2856
3,3742
6,3826
5,37
8,3560
5,3826
8,3801
5,3826
5,37
6,381
5,3742
3,378
5,3819
8,3819
6,3818
6,3801
8,3560
6,3824
5,2856
1,37
8,3760
5,3810
6,3841
6,3831
6,3760
6,3810
5,3832
5,3831
8,3760
6,3827
3,3841
5,3835
6,3827
5,3835
3,3605
6,3827
6,3832
3,3831
8,3810
3,3832
5,3812
8,3778
8,3760
3,3841
8,3778
6,3778
5,3798
5,3798
6,3810
5,3831
8,3778
6,3827
3,3798
3,3835
5,3812
8,3818
6,3798
5,3835
3,3841
8,3812
5,382
6,3821
5,3847
8,3828
8,3847
5,3848
8,3847
5,3605
5,3840
5,3846
3,3605
5,384
3,3846
3,3848
6,3848
5,3840
5,384
5,384
3,3821
8,3847
6,3848
1,3605
3,382
3,3840
5,3821
5,382
8,3828
6,382
3,384
5,3828
1,3846
3,3840
5,3828
6,3846
6,3857
6,3863
6,3858
6,3858
8,3863
6,3854
6,3863
5,3620
3,3858
6,3854
5,3843
3,3668
6,3852
6,3851
5,3852
6,3843
3,3620
5,3852
6,3620
8,3857
3,3852
6,3843
6,3858
6,3863
3,3668
6,3851
6,3852
8,3843
6,3857
6,3857
6,3668
8,3851
8,3851
3,3852
8,3854
3,3668
8,3852
3,3876
6,3474
6,386
8,3872
6,3845
5,3876
3,3868
3,3876
3,3872
6,3862
5,3474
6,3474
6,3474
5,3875
5,3866
6,3844
5,3845
8,3844
6,3868
5,3866
6,3844
6,3862
3,3845
5,3872
6,3845
6,3875
6,3875
6,3862
6,3875
5,3876
5,386
8,3844
5,386
5,3872
6,3862
3,3868
5,3866
6,3866
8,386
5,3887
5,3870
3,3891
5,3885
5,3870
8,3873
3,3885
3,388
6,3877
3,3878
6,3822
5,3885
3,3887
3,3870
3,3882
8,3882
1,3878
6,3877
3,3822
6,3877
3,3891
8,3873
3,3891
5,3878
3,3885
5,3891
1,388
3,3870
5,3822
8,3873
3,3887
6,3877
8,3873
5,3878
6,3882
6,388
5,3891
6,3822
1,3887
6,3859
3,3888
8,3867
6,3881
6,3881
6,3886
3,3884
3,3886
3,3884
3,3888
3,3788
5,3890
3,3890
5,3874
3,3788
5,3890
8,3867
3,3788
8,3881
6,3874
8,3874
6,3886
5,3884
3,3890
6,3874
5,3867
5,3888
6,3881
1,3888
5,3886
10,3867
6,3788
5,3893
6,3899
5,3902
5,38
5,3899
5,3902
1,3855
5,3901
3,3913
5,3899
3,3855
5,3896
5,3913
5,3899
6,3901
5,3902
5,38
5,3733
8,3913
6,3859
6,3892
8,3892
6,3859
3,3913
5,3902
3,3855
5,3893
5,3733
5,38
8,3733
6,3896
5,3893
5,3855
1,38
6,3859
6,3892
5,3896
5,3896
6,3733
5,3901
8,3904
8,3903
3,3904
5,383
6,3898
5,3904
10,390
6,3898
6,3911
5,3897
8,3865
5,3904
3,3914
8,3911
6,3865
5,383
3,3898
8,3903
8,3865
6,3898
8,3911
8,3897
6,390
6,390
5,3914
5,3907
8,390
5,390
3,3911
3,3907
5,383
8,3897
3,3914
5,3897
5,383
8,3903
5,3907
3,3908
5,3920
8,3906
5,3894
6,3924
8,3929
3,3929
8,3920
10,3908
5,3921
5,3926
5,3924
8,3926
8,3894
5,3930
3,3929
8,3910
8,3906
5,3903
6,3908
6,3921
6,3894
8,3910
8,3894
8,3910
5,3926
3,3921
8,3908
5,3924
6,3920
6,3910
8,3906
6,3929
5,3921
8,3906
5,3160
6,3145
5,3160
3,3193
6,3193
3,3160
3,316
6,318
3,3193
5,3214
5,3210
6,3145
5,3210
6,318
5,3145
3,316
8,31
6,318
3,3193
6,3202
8,3145
5,3214
6,31
5,3214
8,3145
5,3214
6,3202
6,3210
8,31
5,316
5,3210
5,316
6,318
6,316
8,31
5,3915
5,3933
3,3823
3,3915
5,3930
5,3930
1,3932
3,3922
5,3923
3,3932
3,3823
8,358
5,3936
3,3925
5,3933
3,3923
6,3923
5,3879
6,3936
3,3823
5,3879
6,358
5,3936
5,3823
3,3923
6,3930
3,3915
5,358
3,3932
8,3879
5,3930
3,3879
5,3930
3,3925
3,3932
6,3933
8,358
6,3923
1,3940
6,3925
3,3925
5,3944
5,3900
6,3928
3,3830
3,3944
3,3922
8,3944
6,3830
6,3900
5,3937
6,3944
6,3491
6,3937
5,3922
3,3954
6,3928
3,3954
8,3830
6,3928
1,3954
8,3900
6,3900
5,3937
6,3905
5,3491
6,3922
8,3900
8,3905
6,3491
3,3491
3,3905
6,3944
3,3830
3,3954
3,3491
5,3939
3,392
3,3945
8,3957
5,3949
6,3949
8,3957
5,3939
6,3949
8,3948
3,3945
3,3953
5,3905
6,3945
3,3948
3,3939
3,3953
5,3949
6,3945
6,3957
5,3957
3,393
3,392
6,3949
6,3949
5,3953
5,3939
1,393
3,393
1,3953
6,3948
5,392
6,393
3,3949
8,3939
3,3967
5,3952
3,3916
5,3975
3,3961
5,3916
6,3946
5,3916
6,3960
6,3934
5,3952
3,3934
5,3916
5,3961
5,3960
6,3965
6,3946
6,3961
5,3949
6,3941
5,3967
5,3952
6,3965
6,3959
5,3975
8,3965
3,3916
6,3941
3,3934
8,3960
5,3967
5,3975
5,3975
6,3941
6,3959
5,3959
5,3952
3,3967
8,3960
5,3965
3,3955
3,2863
6,3969
6,3938
5,3955
8,3946
8,2863
6,3971
8,3969
6,3942
8,3963
6,3971
6,3955
8,3963
5,3969
5,397
5,3938
6,3942
6,3969
3,397
3,397
6,3971
8,2863
8,3963
5,3938
6,3946
6,3971
6,2863
5,3942
5,3955
5,3963
3,397
5,3942
5,3986
6,3988
3,3980
6,3982
8,3981
6,3988
6,3973
5,3980
6,3984
8,3986
6,3988
6,3986
8,3984
6,3981
8,3988
5,3968
6,3984
6,3973
6,3982
6,3972
6,3982
6,3972
6,3981
6,3968
5,3972
5,3980
8,3988
6,3984
6,3973
5,3982
6,3973
5,3968
3,3968
6,3988
3,3784
3,3999
3,3
6,3998
6,3784
3,3
6,3996
6,3972
5,3994
6,3978
8,3999
8,3994
6,3
3,3998
6,3998
8,3995
8,398
6,3987
8,398
3,3784
5,3999
6,3784
3,3994
6,3998
5,3
5,3994
5,3998
6,398
5,3995
8,3996
5,3986
6,3987
6,398
5,3996
5,3987
6,3987
6,3979
5,3978
8,39
6,3989
5,3985
6,3978
6,3978
6,3989
6,4009
5,3985
8,39
8,3979
8,39
6,4009
8,3985
6,4005
8,3985
6,3979
8,4007
6,3979
3,4009
5,4005
6,4005
5,4007
5,4005
5,3985
6,4007
8,39
5,4009
6,3989
3,4018
6,4012
8,3993
3,4017
6,4006
6,4020
5,4017
10,3990
3,4015
6,4017
6,4016
8,3993
5,3993
6,3997
5,4018
8,4006
5,4017
6,4015
6,4012
6,4006
6,4016
6,4011
6,3997
5,4015
5,3990
3,4018
5,3997
3,4020
3,4020
3,3997
8,3990
6,4011
6,4012
5,4011
6,4012
8,4016
6,4017
8,3990
3,4015
5,4015
5,4019
3,4039
6,4023
3,4022
8,4023
3,4022
6,3628
6,4021
8,4022
6,4022
3,4031
6,4002
6,4019
5,4023
6,4022
3,4039
3,4010
6,4002
5,4019
5,4039
6,4002
3,3461
5,4018
5,3628
8,4019
5,4010
6,4031
8,4010
6,4021
1,3461
5,3628
6,4010
6,4002
8,4033
6,4023
6,4021
3,4031
3,3461
5,3461
6,3628
3,3239
6,3218
5,3239
5,3218
6,3239
6,3211
8,3227
5,3227
6,3202
6,3205
3,3218
5,3205
8,3231
3,3211
5,319
5,3231
5,3211
5,319
3,319
5,3218
5,3211
5,3231
5,319
5,3239
8,3202
3,3205
5,3231
3,3218
6,3227
3,3227
6,3205
5,4030
6,4025
5,3956
3,3956
8,4032
6,4032
6,4030
3,4001
6,4036
5,385
6,4036
3,4030
5,3956
5,385
8,403
6,4025
6,4033
3,4030
5,4013
6,385
6,4025
6,403
6,4032
6,403
3,4013
6,4033
6,4032
6,403
6,385
3,4036
8,3956
5,4013
5,4001
5,4001
5,4038
6,4046
8,4029
3,4045
8,4037
6,4028
3,399
6,4046
6,4029
6,4035
3,4037
8,4038
6,4028
5,4044
5,4038
6,4047
6,4037
3,4035
8,4029
3,4045
5,4045
1,4044
6,4029
5,4028
5,4035
3,4045
6,4038
6,4035
3,4044
6,4046
5,4044
6,4047
6,399
1,399
6,4047
5,4028
3,4014
5,4054
3,4034
5,4050
6,4043
5,4043
5,4051
1,4060
6,3970
6,4026
5,4026
5,4034
5,4054
3,4003
8,4048
3,4014
6,4003
6,4050
3,4060
3,4060
6,3970
6,4026
8,3970
6,4026
5,4054
3,4060
6,4048
5,4014
5,4051
6,4003
6,4050
6,4048
6,4050
6,4051
5,4048
3,4014
3,4043
6,4003
6,4026
8,4054
5,4034
8,4053
3,4076
3,400
8,400
6,4042
8,400
3,4073
5,4073
3,4058
1,4049
8,4053
1,4053
3,3789
6,3789
8,400
6,4053
6,405
3,4052
3,3789
5,4076
6,4052
6,405
6,405
3,4058
3,4053
6,405
3,4052
6,4049
1,4058
3,4073
5,4042
5,4049
6,4073
3,4076
6,3789
3,4076
3,4052
5,4058
5,4049
3,4069
8,4070
8,4061
3,4024
3,4086
5,4024
5,407
6,407
5,4024
6,407
5,4069
3,4068
8,4068
6,4061
6,4070
5,4042
6,4068
6,4069
6,4024
5,4042
5,407
6,406
8,4068
8,4086
5,4070
6,4061
8,4061
5,4069
6,4055
3,4070
8,4055
8,406
6,4055
3,406
6,4024
5,406
5,4085
5,4086
1,4084
1,4059
6,4063
5,4062
5,4071
5,4092
3,4080
6,4062
5,4092
1,4059
3,4080
3,4080
5,4085
8,4059
6,4092
5,4088
3,4062
5,4085
3,4086
1,4080
8,4059
5,4091
3,4071
8,4063
8,4071
5,4063
6,4084
6,4062
6,4091
6,4063
6,4084
6,4071
5,4085
5,4091
3,4092
5,4091
5,4098
8,4099
5,4100
3,4098
6,4089
6,4099
5,4095
3,4082
5,4104
5,4075
8,4081
3,4104
3,4098
3,4104
6,4081
5,4089
6,408
5,4075
5,4088
5,4095
8,4081
3,4075
3,4100
6,4082
6,408
5,4082
8,4099
6,4081
3,4095
5,4088
1,4100
6,4089
8,408
8,4088
6,4089
6,4098
8,4099
6,4100
6,4082
3,4095
5,4057
6,4041
3,4110
5,4090
6,4041
6,4094
6,4056
6,4110
6,4096
6,4041
8,4096
5,4041
5,4116
5,4057
6,4041
3,4110
6,4056
5,4094
8,4056
5,4105
3,4116
8,4110
3,4116
6,4094
6,4094
6,4104
6,4057
6,4041
6,4090
5,4096
3,4105
5,3402
6,4105
5,3402
3,4090
6,4057
5,4116
5,3402
8,4096
6,4072
6,4072
6,4128
5,4128
1,4128
3,4128
5,4056
6,4072
3,3221
3,3226
1,3221
5,3225
5,3241
3,323
3,3228
1,3241
5,3221
3,3207
6,3239
5,3228
5,3241
3,3221
6,3225
3,3207
6,3204
5,3223
6,3240
5,3240
5,3207
6,3053
6,3053
3,3223
6,3204
3,3240
6,3225
5,3223
6,323
3,3207
5,3228
5,3223
5,3241
6,3225
8,323
3,323
3,323
6,3053
6,3240
8,3821
6,4030
3,4107
8,4111
6,4109
8,3794
3,4107
3,4136
3,4113
6,4078
5,4107
6,4111
3,4111
5,4078
5,4126
8,3794
8,4118
8,4078
6,4109
5,4113
5,4113
8,4118
8,3794
5,4078
6,4126
6,4113
8,4126
3,4107
8,3794
8,4118
6,4118
6,4111
3,4136
6,4109
6,4126
8,4109
6,4136
6,4078
8,4111
5,4111
6,4139
8,4129
3,4143
5,4124
8,4132
3,4132
8,4103
8,4125
5,3917
5,4132
3,4130
8,4125
8,3917
8,4132
5,4124
3,4130
8,4103
6,3917
8,4103
10,3917
5,4129
5,4124
8,4129
5,4139
3,4124
6,4124
3,4143
5,4129
6,4124
3,4143
3,4130
6,4125
8,4125
6,4103
6,4203
5,4226
5,40
5,4220
6,40
5,4236
5,4236
3,4220
6,4203
5,4218
8,4231
8,4231
5,4218
6,40
6,4221
3,4220
3,4236
5,4203
3,4238
5,4226
5,4238
5,4238
5,4226
6,4231
5,4220
5,4218
3,4234
6,4221
6,4234
5,4236
6,4221
6,4203
5,4250
5,4250
6,4226
3,4238
6,4218
6,40
6,4234
3,4246
3,2907
3,4259
6,4247
3,4256
8,3964
3,4247
3,4235
5,3964
5,3964
6,4235
3,4257
5,4189
5,4247
3,4257
5,4241
5,4241
5,4247
3,4259
3,2907
6,4244
3,4259
6,4189
6,4250
3,4257
3,4257
1,4241
6,4244
3,4244
5,4235
5,4235
6,4244
8,4247
5,4256
5,4256
6,4244
3,4246
3,2907
3,4246
5,2907
3,4241
3,4258
6,4258
5,4265
5,4227
6,4255
3,4254
6,4239
8,4228
1,4251
6,4255
6,4214
5,4251
8,4228
8,4227
8,4228
5,4277
8,4239
6,4214
3,4254
8,4189
6,4239
3,4265
5,4265
6,4251
8,4228
5,4254
5,4255
3,4254
8,4227
6,4189
5,4265
6,4214
5,4258
3,4258
6,4277
8,4227
5,4251
3,4255
8,215
6,4269
5,4273
3,4273
3,4273
6,4271
5,4277
6,4264
3,4232
8,4264
6,4232
3,4263
8,4271
8,4264
8,4232
8,4276
6,4230
8,215
6,4269
3,4263
8,215
6,4269
5,4276
3,4205
6,4271
8,4264
8,4269
3,4273
6,4271
6,4277
6,4205
6,4230
6,4230
3,4263
8,4205
5,4276
5,215
5,4263
6,4205
5,4272
6,4285
5,426
8,4287
5,426
5,4279
3,4210
6,4210
6,4243
5,4243
5,4279
6,4290
6,4261
8,4287
6,4261
6,4272
8,4210
3,426
6,4261
5,426
8,4243
3,4272
3,4279
6,4290
6,4287
6,4261
3,4285
6,4290
5,4285
5,4279
6,4287
3,4285
5,4272
5,4243
5,4280
6,4065
3,4293
8,427
3,4294
6,428
6,4065
3,428
6,4286
8,4268
6,4268
8,427
6,428
5,4210
5,4280
6,4294
6,4294
3,4294
8,4065
8,4210
6,4286
6,422
6,422
3,428
5,422
6,4268
6,427
5,422
6,427
6,4286
6,4065
5,4293
3,4293
6,4280
5,4268
8,4262
6,4307
8,4262
6,4274
5,4291
3,4304
8,4262
1,4295
6,4307
3,4303
3,4292
6,4102
8,4303
6,4102
6,4252
5,4304
3,4303
6,429
5,4274
6,4102
5,4291
3,4252
1,4252
6,4295
5,4289
5,4307
3,4303
6,429
6,4291
3,4295
6,4289
5,4252
8,4307
6,4292
8,429
6,4292
6,4291
5,4292
6,4274
5,4274
5,4304
8,4312
3,4324
6,4306
5,4313
5,4267
5,4312
6,4299
8,4311
5,4289
8,4306
8,4299
6,4312
5,4267
1,4324
6,4311
6,4311
6,4300
5,4306
8,4283
5,4283
5,4296
6,4299
3,4300
8,4306
3,4296
3,4267
5,4313
8,4300
3,4305
6,4267
6,4299
6,4305
8,4305
3,4313
5,4300
1,4324
8,4283
6,4289
5,4312
3,4313
8,4311
8,4283
8,42
6,431
8,42
6,4301
8,42
1,4328
8,431
8,4301
5,431
6,4301
3,4322
8,4330
5,4322
3,4318
3,4316
5,4322
3,4322
6,4318
5,4321
6,4330
3,4316
6,4330
8,4330
5,4328
3,4316
5,4321
3,4328
3,4328
8,4321
5,4321
6,4296
6,431
6,431
8,4318
6,4316
5,4344
5,4331
3,4334
8,4278
8,4245
6,4278
5,4320
3,4344
6,4315
8,432
8,4315
3,4334
3,4331
8,4278
1,4342
3,4331
6,4315
6,4310
8,432
3,4342
5,4342
5,4344
6,4315
5,432
6,4344
3,4320
6,4334
5,4320
8,4310
8,4278
6,4338
6,4317
3,4334
5,4320
8,4245
5,4310
3,4342
5,4338
6,4245
3,4152
3,4147
5,4142
5,4145
5,4156
6,4142
5,4077
8,4139
6,4148
5,4155
5,4139
3,4147
3,4155
3,4152
6,4077
5,4127
5,4145
5,4155
5,4155
8,4077
6,4142
5,4156
6,4148
5,4148
6,4127
6,4145
6,4148
3,4152
5,4156
3,4152
6,4127
6,4127
5,4145
3,4147
3,4147
6,4353
6,4317
3,4326
3,4336
6,4309
8,4338
6,4346
3,4341
6,4338
6,4270
5,4336
6,4333
3,4333
5,4353
6,4317
8,4317
3,4348
5,4346
8,4326
8,4333
6,4270
5,4348
1,4326
5,4309
3,4346
6,4348
6,4346
8,4348
3,4336
6,4353
5,4341
5,4353
3,4326
3,4341
5,4270
3,4309
6,4270
6,4336
6,4309
5,4359
6,4355
5,4357
5,4281
3,4345
8,4281
5,4281
6,4352
3,4347
3,4355
3,4360
5,4281
6,4351
6,4358
5,4358
3,4358
6,4357
3,4351
6,4352
3,4360
6,4352
5,4359
5,4352
3,4347
5,4355
5,4347
3,4360
5,4351
3,4358
3,4345
5,4357
5,4347
5,4351
3,4355
3,4347
5,4352
5,4357
5,4345
5,4347
6,4361
6,4365
5,4376
5,4378
3,4359
6,4339
6,4319
6,4339
6,4319
6,4376
6,4357
5,4370
8,4319
8,4361
3,4359
1,4370
5,4365
6,4361
3,4378
6,4319
8,4376
5,421
3,421
6,4359
5,421
5,4339
3,4370
6,4375
6,4365
6,4378
5,4376
6,421
3,4375
5,4370
5,4375
8,4365
5,4375
6,4361
3,4373
5,4363
5,4362
6,4386
6,435
8,4327
6,435
6,4368
8,4362
8,4368
3,4382
8,4327
8,4377
8,435
5,4363
5,4382
6,4368
6,4362
5,4373
6,4373
5,4327
3,4382
3,4386
6,435
3,4368
5,4387
5,4363
6,4377
5,4386
1,4367
5,4377
6,4367
6,4367
5,4377
3,4386
3,4382
5,4327
5,437
5,437
5,4385
5,4380
5,4392
6,4380
5,4383
8,4308
6,4380
5,4308
5,4385
5,4384
5,4385
6,4392
3,4384
6,4384
5,4384
8,4308
5,4380
6,4387
6,437
5,4385
6,437
5,4387
3,4392
6,4394
8,438
3,4391
5,4391
6,438
6,438
6,4404
3,4405
8,4394
3,4405
6,4394
3,4329
3,4329
5,4399
5,4399
6,4383
5,4383
3,4405
5,4399
6,4119
5,4395
3,4395
8,4119
8,438
6,4404
3,4404
5,4329
3,4395
6,4405
3,4394
5,438
5,4391
8,4399
5,4395
3,4404
5,4417
8,4419
6,4415
6,4408
6,4417
8,4397
6,4415
3,4424
8,4427
8,4400
8,4397
5,4419
8,4400
6,4397
6,4427
3,4350
6,4415
3,4350
5,4417
3,4417
6,4419
5,4408
10,4397
3,4424
6,4350
6,4419
6,4419
5,4408
5,4424
6,4400
6,4119
5,439
6,4364
1,4425
6,4418
1,4425
5,4428
5,4422
3,4425
6,4379
3,4421
5,4428
6,439
6,4379
3,4427
6,4428
5,4372
6,4418
6,4364
5,4425
8,4418
8,4364
6,4372
6,4418
3,4372
5,4422
3,4428
6,4421
1,442
6,4372
6,4379
6,4379
8,4364
3,442
6,442
5,4427
3,4422
5,4422
5,442
3,4421
5,4433
8,4340
6,4435
6,4438
5,4429
3,4435
3,4435
5,4390
6,4433
6,4433
3,4423
3,4402
5,4438
6,4429
3,4406
6,439
5,4402
3,4435
5,4423
8,4390
5,4438
8,4340
6,4406
8,4340
6,4423
5,4406
6,4435
3,4402
6,4423
6,4429
5,4390
6,4423
6,4438
5,4390
3,4446
3,4452
8,4122
6,441
5,4446
6,441
5,4420
5,4436
3,4122
3,4439
6,441
6,4429
3,444
5,444
8,4420
3,444
6,4446
6,4429
5,4436
6,4448
3,4436
3,4439
5,4436
8,4420
5,4446
3,444
6,4122
6,441
3,4448
6,4446
5,4448
8,4122
3,4439
8,4420
5,4439
3,4168
8,4153
6,4154
6,4146
3,4138
5,4160
3,4134
5,4168
5,4168
5,4153
3,4134
3,4134
6,4154
5,4120
5,4153
3,4160
5,4120
3,4167
6,4120
6,4146
3,4160
5,4138
6,4154
6,4120
5,4146
6,4138
6,4138
3,4160
3,4120
6,4154
3,4168
5,4153
6,4146
8,4437
8,4437
8,4437
8,4430
3,4468
6,4450
6,4440
6,4443
6,4443
3,4455
8,4443
6,4440
5,4455
6,4463
3,4463
5,4457
8,4437
5,4452
5,4468
6,4463
3,4457
6,4440
3,4455
5,4468
5,4455
3,4463
8,4443
8,4430
3,4452
8,4440
8,4440
3,4457
5,4457
3,4452
10,4430
5,4474
3,4456
3,4458
3,4474
5,4462
8,4453
5,4462
6,4459
5,4474
6,4466
5,4454
5,4466
5,4454
5,4458
8,4459
3,4458
6,4456
5,4453
6,4459
5,4466
8,4450
8,4456
5,4450
3,4475
5,4466
3,4462
5,4483
6,4475
3,4454
5,4474
6,4456
6,4450
6,4453
3,4475
5,4454
8,4453
3,4453
5,4462
5,4475
5,4458
5,4472
8,4483
6,4388
3,4481
8,4485
5,4470
6,4481
8,4461
3,4461
6,4461
5,4489
8,4477
6,4489
3,4477
5,4483
6,4477
6,4485
5,4388
5,4472
5,4388
3,4472
6,4470
5,4472
5,4489
6,4485
6,4483
5,4481
8,4489
5,4485
8,4481
5,4470
6,4483
6,4477
3,4461
6,4470
6,4401
6,4479
3,4487
5,4479
6,4497
8,4480
6,4491
8,4492
6,4407
8,4407
6,4492
8,4492
8,4479
6,4479
6,4492
8,4491
5,4497
5,4431
8,4491
5,4497
6,4479
6,4501
3,4487
6,4492
5,4388
5,4407
6,4497
8,4501
8,4401
6,4501
6,4431
5,4491
3,4487
6,4501
6,4407
8,4480
5,4480
8,4401
6,4469
6,4476
8,4431
6,4449
6,4449
6,44
6,4476
6,4449
8,4469
6,44
8,44
6,449
5,4486
1,4465
5,4486
5,449
5,446
6,4469
5,446
5,449
5,4449
5,4465
5,449
6,4486
6,446
8,4476
5,446
6,4465
8,4476
3,44
6,4465
5,4486
5,4431
6,4502
5,4509
6,4513
5,4513
5,4513
5,4538
6,4525
6,4515
6,4515
6,4502
3,4529
6,4525
6,4509
6,4519
8,4520
6,4530
8,4520
5,4509
8,4519
6,4530
3,4538
6,4515
3,4525
6,4513
3,4529
5,4509
8,4502
3,4538
6,4519
5,4515
8,4520
6,4519
8,4520
3,4525
8,4529
3,4529
6,452
6,4527
8,4508
6,4508
5,4531
6,4493
8,4503
6,4527
3,452
6,4528
6,4493
8,4531
5,453
5,452
8,4527
8,4528
5,4530
6,4527
6,4493
6,4530
5,4530
6,4503
6,4493
6,4527
6,4508
6,4518
8,4503
8,4528
8,4503
3,4530
6,453
6,4528
8,4518
6,4527
5,452
6,4518
6,4531
5,4531
5,4550
8,451
5,4543
6,4557
6,4549
8,451
3,4549
5,4550
10,4550
3,4550
5,4549
5,4557
3,453
6,4549
6,451
3,4557
6,4545
5,4545
5,4542
5,4550
6,4542
3,4545
6,4557
3,4549
1,4545
5,4542
5,453
5,4543
5,4542
8,4543
8,451
8,4543
6,454
3,4548
3,4552
8,4559
5,4555
3,4555
3,454
8,4559
8,4563
5,4544
6,4548
5,4564
3,454
5,4565
6,4566
3,4548
6,4565
6,4563
5,4544
6,4566
6,4565
5,4563
5,4555
3,4559
6,4544
3,4552
6,4544
6,4566
6,4548
6,4552
6,4569
5,4566
5,4552
5,4563
6,4552
5,4559
3,4555
5,4564
6,4564
5,4564
6,4159
3,4158
6,4159
3,415
8,4159
5,4173
5,412
5,4158
5,413
5,4064
6,4167
5,4173
5,4165
6,415
8,415
5,4158
6,412
5,4158
5,415
3,4173
6,4064
5,4064
6,4165
8,4167
3,3991
6,413
3,412
8,413
10,4064
5,4165
3,4167
3,4173
3,4588
6,4588
5,4560
8,4521
5,4569
5,4413
5,4580
6,4524
5,4560
5,4587
6,4572
6,4577
8,4577
6,4569
5,4577
8,4471
5,4471
8,4521
5,4560
6,4521
6,4587
3,4580
3,4413
5,4580
5,4560
3,4587
5,4413
6,4577
6,4471
6,4580
8,4521
3,4572
3,4572
3,4588
3,4560
5,4587
3,4580
6,4471
5,4413
3,4572
8,4584
6,458
5,4584
3,4554
3,4567
6,4570
5,4600
8,4570
3,4567
8,4562
6,4524
8,4524
5,4586
3,4567
6,4570
3,4570
6,4586
8,4562
6,4524
5,458
3,458
3,4584
5,4567
8,4562
8,4554
3,4567
5,458
5,4586
8,4562
5,4554
6,4586
3,4593
6,4605
3,4596
5,4602
3,4593
5,4595
8,459
5,4595
5,4596
3,4600
3,4593
3,4595
3,4602
3,4582
3,459
3,4602
6,4593
5,4582
5,4601
6,4596
5,4601
5,4601
5,4601
3,4596
8,4595
3,4582
6,4602
3,4605
5,4600
3,4582
5,4595
6,459
6,4613
5,4599
5,4599
3,4608
5,4606
3,4605
5,4613
8,4598
3,4618
6,4608
6,4591
3,4606
3,4622
8,461
3,4608
3,4540
8,461
3,4618
8,461
3,4598
3,4613
6,4598
3,4622
5,4591
8,4591
6,4622
3,4599
3,4613
5,4622
5,4540
3,4540
5,4606
5,4618
3,4621
6,4610
3,4597
6,4571
8,4592
3,4621
3,4610
8,4592
6,4612
6,4610
5,4597
6,4571
6,4624
5,4597
6,4632
5,4604
6,4592
6,4612
3,4612
5,4604
6,4610
6,4604
6,4597
8,4632
5,4599
6,4632
6,4632
6,4571
6,4621
3,4599
5,4604
5,4643
3,4633
6,4638
8,4619
3,4643
3,4643
6,4626
6,4624
3,4636
5,4636
3,4349
6,4626
3,4633
6,4349
6,4619
6,4638
6,4633
5,4432
3,4637
1,4432
5,4626
6,4629
3,4633
3,4630
8,4619
6,4638
5,4637
5,4629
3,4432
6,4349
5,4629
5,4624
5,4638
3,4629
3,4643
1,4432
6,4619
3,4637
6,4637
3,4636
3,4650
3,464
6,4639
5,4644
5,4630
8,4639
3,462
5,4650
3,462
6,4630
1,4650
5,464
3,4630
5,464
5,4650
6,462
6,4639
3,4650
6,4640
8,4615
5,4646
3,4636
8,4646
3,4657
6,4644
3,4657
8,4615
8,4639
6,4646
6,4642
5,4657
6,4642
8,4603
5,4646
6,4657
8,4642
8,4644
3,4615
8,4603
6,4642
6,4603
8,4640
8,4616
8,4649
6,4594
5,4645
3,4594
8,4620
5,465
6,4649
8,4620
3,4594
5,4641
6,4616
6,4616
6,4645
3,4655
6,4594
3,465
6,4620
3,465
5,4647
3,4647
5,4641
5,4649
6,4640
6,4640
5,4647
3,465
6,4647
3,4655
6,4640
6,4641
5,4655
6,4645
5,4620
3,4660
6,4645
5,4649
5,4655
6,457
8,4659
3,4660
3,4670
3,4578
6,4658
6,4653
6,4668
3,4668
8,4659
3,4660
8,4665
5,4578
5,457
6,4653
3,4670
6,4653
8,4658
6,4652
5,4670
5,4648
8,4648
6,4659
3,4578
8,457
5,4648
5,4665
3,4670
3,4668
6,4659
6,4652
8,4652
6,457
5,4660
3,4668
6,4658
6,4665
3,4578
3,4578
8,4607
5,4676
3,4684
6,4695
6,4674
5,4653
5,4607
5,4689
6,4674
6,4607
8,4676
3,4689
3,4684
6,4680
3,4684
8,4667
5,4680
6,4689
6,4667
6,4677
3,4695
5,4674
3,4676
5,4684
5,4607
6,4667
5,4607
8,4677
3,4695
3,4680
8,4677
3,4684
5,4680
6,4667
8,4674
5,4689
6,4169
6,4179
5,417
3,3451
3,3451
3,4181
6,4169
5,3991
3,4135
6,4180
5,4170
5,4183
3,3991
6,4183
8,4179
1,4135
3,4135
6,4170
6,4170
5,4180
8,4180
5,4183
3,417
5,4174
5,4169
5,4181
8,417
3,4174
5,4174
6,417
3,4135
5,417
6,3451
5,3991
8,4180
6,4174
8,4179
6,4169
3,4181
8,4656
6,4628
5,467
8,4679
8,4678
6,467
5,4673
6,4656
6,4679
8,4678
5,468
10,4628
6,4679
6,4679
6,468
3,4681
6,4678
8,4656
8,4678
5,4673
5,4628
5,4681
3,468
5,4673
5,4673
6,4681
6,4656
6,467
6,4628
8,4687
5,4705
3,4662
6,4696
3,469
5,4697
5,4651
3,4694
3,469
3,4697
6,4651
3,4687
5,469
5,4705
3,4687
6,4662
5,4651
8,4694
3,4702
5,4702
3,4687
5,469
6,4696
6,4694
5,4662
6,4694
6,467
5,4694
5,4702
8,4697
5,4702
3,4696
3,4687
3,4651
6,4705
6,4662
5,4704
3,4716
8,4703
5,4664
8,4686
8,4703
5,470
5,4690
6,4716
5,4690
5,470
6,4690
8,4675
5,470
8,4712
3,4704
6,4664
8,4675
5,4705
5,4704
3,4664
5,4716
8,4688
8,4686
6,4690
5,4703
6,4716
8,4686
5,470
6,4688
10,4688
5,4704
6,4675
6,4703
8,4675
5,4664
8,448
6,4723
6,4711
5,4720
6,4720
8,4712
6,4711
5,4726
8,448
6,4712
8,4712
8,4723
3,4720
6,4711
5,4726
3,4711
5,4693
6,4693
3,4726
5,4726
3,4707
6,4723
6,4712
5,4707
5,4726
5,4700
6,4693
5,4707
3,4700
5,4707
5,4693
6,448
3,4700
6,4708
5,4733
5,4738
6,4708
5,4725
5,4719
3,4725
3,4727
5,4738
8,472
6,4727
5,4738
8,472
5,4719
1,4733
5,4719
6,4708
6,4724
6,4708
6,4727
5,4719
3,4733
8,4724
3,4733
6,4738
6,472
3,4748
1,4725
6,4729
6,4724
8,4727
6,4708
6,4748
8,4724
6,472
8,4729
8,4729
8,4729
3,4725
5,4748
3,4734
5,4713
6,4631
5,4735
6,4713
8,4631
6,4730
6,4666
6,4730
5,4666
6,4735
5,4713
8,4631
8,4744
6,4743
5,4735
8,4730
6,4743
8,4744
8,4743
6,4744
5,4748
8,4713
8,4666
6,4730
5,4631
5,4734
8,4744
6,4666
6,4735
8,4742
3,4742
8,4734
6,4734
5,4747
6,4743
6,4746
6,4706
3,4761
6,4749
6,4752
8,4749
3,4759
3,4706
3,474
3,4732
3,474
6,4746
3,4759
5,4706
6,4747
5,4736
5,4736
5,4761
5,4755
6,4746
5,4761
8,4752
8,4755
3,4759
6,4749
5,4736
8,4742
8,4761
5,4747
6,474
5,4736
5,4732
6,4746
6,4732
6,474
8,4749
3,4755
3,4706
3,4761
6,4753
3,4672
3,4781
1,4785
6,4753
1,4774
1,4672
8,4770
6,4672
3,4754
8,4752
3,4780
3,4781
3,4772
3,4774
8,4753
3,4782
6,4752
3,4780
5,4770
5,4780
6,4781
5,4770
3,4774
3,4785
6,4780
1,4781
6,4772
3,4772
6,4754
5,4772
3,4782
1,4774
1,4785
6,4770
1,4782
5,4682
3,4783
6,476
8,4764
6,476
5,4783
6,4764
6,4682
8,4682
8,4790
6,4739
5,4778
6,4751
3,4783
8,4764
5,4790
8,4764
6,4739
6,476
6,4790
6,4751
6,4682
3,4672
8,4778
5,4751
5,4778
6,4751
8,476
5,4778
3,4783
5,4754
3,4809
3,4714
6,4789
5,478
5,4714
6,4777
6,4797
5,4739
5,478
6,4791
3,4806
5,4806
8,4784
3,4791
8,4784
5,4797
5,4714
5,4806
5,4807
5,4809
6,4797
3,4791
6,4784
6,4777
6,4777
5,4777
6,4784
6,4739
5,4809
6,4789
6,478
5,4714
5,4789
3,4791
5,4789
3,4809
6,3667
8,4172
3,4182
6,4178
6,4188
6,4163
5,4178
8,4179
6,3667
6,4166
3,4163
8,4175
8,4175
5,4175
5,3667
3,3667
5,4166
3,41
6,4166
3,4182
3,4186
6,4178
6,4166
6,3667
1,41
8,4172
5,4186
8,4172
8,4178
5,4172
3,4182
6,3667
6,4185
6,4163
5,4185
6,4182
6,4163
6,4186
1,41
6,4185
5,4802
5,477
5,4766
3,4767
3,4804
5,4802
6,477
8,4800
6,4802
6,4504
6,4800
3,4807
3,4766
1,4767
8,477
3,4807
5,4766
6,4504
8,4813
5,4767
3,4794
6,4794
8,4794
6,4800
5,4813
3,4804
5,477
5,4766
5,4813
6,4504
1,4804
3,4804
8,477
5,4794
6,4813
5,4819
5,4807
6,4815
3,4819
3,4825
3,4816
6,4803
6,4816
3,4801
6,4775
5,4815
6,4815
5,4775
3,4826
3,4812
3,4812
3,4826
3,4825
3,482
3,4825
3,482
5,4775
5,4801
3,4826
3,4812
6,4812
6,4803
5,4825
3,4816
3,482
6,480
3,4819
3,4816
5,4803
6,4826
5,480
3,4803
3,482
6,4801
3,4834
8,4814
6,4808
5,4837
6,4824
5,4832
6,4824
6,4832
5,4834
5,4829
6,480
5,4835
6,4837
6,4788
3,4837
6,4814
8,4808
3,4829
6,4832
6,4814
5,4829
3,4788
6,4824
8,4814
5,4788
5,4837
1,4834
6,4808
8,4788
5,4834
5,4824
6,4832
3,4835
5,4835
3,4837
5,4829
3,4808
5,4846
5,4849
8,4828
6,4849
3,4833
5,4796
3,4850
3,4850
5,483
3,4756
5,4833
3,4850
5,4849
3,4838
3,483
6,4842
5,4838
5,4846
6,483
6,4828
3,4846
8,4828
5,4842
1,4846
6,4833
3,4849
3,4810
3,4756
5,483
3,4796
1,4838
3,4810
5,4796
5,4810
3,4796
6,4842
6,4828
3,4867
6,4817
8,4870
6,4862
3,4862
5,4756
5,4844
5,4840
3,463
3,4869
3,4862
6,4866
3,4862
8,4817
3,4866
3,4867
3,4839
3,4840
3,463
8,4817
3,4839
6,4844
3,4844
8,4817
1,4839
6,485
6,485
5,4869
3,4866
6,4870
5,4840
5,4870
8,485
5,4844
6,4870
3,4867
3,4867
3,4869
8,485
5,463
5,463
5,4866
6,4872
3,4872
6,4877
3,4881
8,4860
6,4847
5,4859
6,4871
6,4872
3,4871
5,4869
5,4847
5,4877
3,4860
5,4853
6,4871
6,4847
5,4877
3,4876
5,4859
3,4881
3,4876
3,4847
5,4871
6,4859
6,4876
3,4853
6,4872
6,4860
6,4881
5,4853
3,4889
6,4852
6,4858
5,4889
6,4858
3,4885
5,4875
5,4875
5,4889
6,4887
6,4885
5,4885
6,4858
6,4855
8,4863
3,4799
10,4863
6,4858
8,4852
8,4852
8,4852
5,488
3,4855
3,4877
3,4863
6,488
3,4889
6,488
6,4887
8,4887
5,4799
3,4863
6,4858
5,4855
6,4875
5,4799
8,488
5,4799
5,4855
5,4875
6,4750
5,4864
6,4864
6,4864
5,4893
5,4893
8,4892
3,4899
6,4897
8,4886
8,4886
8,4892
8,4886
8,4750
8,4897
5,4893
8,4893
8,4886
6,4864
5,4888
6,479
8,4897
5,4888
8,4897
6,4750
6,4750
5,4899
5,4899
5,4888
5,4892
3,4899
6,479
1,4898
6,4896
3,3837
5,4911
3,3837
3,4911
5,4907
8,4904
5,4898
6,4903
6,4896
8,479
6,4895
8,4878
6,4878
5,4896
5,4902
6,4895
3,4907
6,4878
6,479
3,3837
3,4898
6,4904
5,4903
6,4903
3,4902
5,4878
3,3837
3,4878
8,4904
3,4907
6,4895
5,4902
5,4903
5,4902
1,4898
5,4895
6,479
3,4922
3,4911
3,4911
6,4910
6,4921
8,4917
6,4921
6,4924
3,4922
5,4924
6,490
5,4913
5,4926
3,491
5,4921
5,4924
5,490
3,491
8,4917
3,491
3,4922
5,4924
6,4917
6,4910
6,4913
5,4910
6,4917
3,491
5,490
5,490
3,4922
3,4910
5,4910
3,4913
6,4926
6,4926
3,4913
3,4196
8,4188
5,4184
8,3806
6,3806
6,4196
6,4171
6,4204
6,4191
3,4191
6,4177
6,4204
6,4177
3,4184
5,4196
8,4188
6,4196
5,4191
8,4192
3,4187
6,4177
5,4188
3,4187
8,3806
5,4184
5,4187
5,4204
5,4187
5,3806
6,4184
3,4192
3,4191
8,4192
6,4192
6,4890
6,4909
6,4890
8,4931
8,4931
3,4884
3,4909
10,4909
5,4930
1,4928
6,4925
8,4931
5,4930
3,4930
6,4890
6,4798
6,4930
3,4928
6,4908
5,4919
6,4925
6,4908
3,4927
5,4928
8,4925
6,4919
6,4919
8,4931
5,4927
3,4927
5,4884
6,4890
6,4928
5,4919
6,4909
6,4798
5,4884
8,4908
8,4798
3,4919
5,4411
3,4936
6,4915
5,4936
5,4411
3,4939
3,4955
6,4936
5,4936
5,4955
3,4939
3,4915
5,4918
3,4937
1,4915
10,4908
3,4939
5,4918
6,4929
5,4918
6,4955
8,4929
3,4955
5,4937
3,4939
5,4937
6,4929
6,4937
5,4411
5,4955
6,4918
3,4952
3,494
8,4934
1,4934
3,4945
8,4949
6,495
5,4957
3,4941
5,4945
3,4962
5,4945
6,495
5,4957
6,4949
6,4934
5,494
3,4941
3,4955
3,4962
6,495
1,494
6,4949
3,494
6,4949
5,4957
8,495
5,4957
6,4952
3,4952
6,4941
3,4952
5,4934
6,4967
8,4945
5,4962
8,4964
5,496
6,4948
6,4948
5,4944
5,4974
6,4972
3,4944
1,4981
5,4981
5,4873
8,4966
6,4948
3,4972
3,4873
8,4964
6,4958
3,4873
3,4966
3,496
6,4944
8,4958
5,4964
3,4958
5,496
3,4967
5,4974
6,4967
6,4972
6,4944
8,4958
3,4974
5,4964
3,4966
6,4972
5,4974
5,4873
5,4966
5,4984
6,4970
5,4981
6,4943
6,4978
6,4947
5,4856
3,4965
5,4983
1,4984
6,4965
6,4965
6,4965
1,4984
6,4856
5,4978
3,4981
6,4973
3,4973
5,4947
5,4959
3,4856
5,4943
5,4978
6,4947
3,4943
5,4959
5,4973
3,4983
3,4970
3,4984
6,4935
6,4983
3,4970
3,4973
3,4959
6,4970
5,4959
6,4978
5,4983
6,49
1,497
6,4986
6,4914
6,4988
5,4988
3,4976
3,4996
5,3833
5,4969
5,4988
5,497
3,4935
6,49
6,4935
8,4946
5,4969
8,4935
3,4996
8,3833
5,4969
6,4946
5,497
6,4946
8,4976
3,4976
8,4914
6,4996
8,4946
5,3833
6,4986
5,497
3,4996
6,4914
8,4914
6,4988
8,4946
3,4969
3,4986
5,3833
5,4932
8,5008
5,4971
6,4906
6,4994
3,4990
8,4932
6,4906
8,5010
6,5005
8,49
5,4990
5,4990
5,4995
5,4995
6,4995
3,5010
5,4932
8,49
8,4971
6,4932
5,5005
6,5005
3,5010
6,4971
5,4990
8,5008
3,4994
6,5008
6,5008
5,4995
10,4906
3,5013
8,4991
5,5013
6,5019
3,4991
6,5011
5,4999
8,5011
5,5019
5,5007
3,4994
5,4991
3,4979
5,4985
6,4999
5,5007
3,4985
5,5013
5,5013
5,5007
3,5018
3,5019
5,4979
8,4979
5,5018
5,5007
6,5011
6,5007
5,5018
5,4985
8,4991
3,5011
3,4994
3,4985
3,5018
6,4999
5,4979
5,5019
6,498
3,5020
5,4865
8,5009
3,5006
6,4883
8,5009
1,5006
6,4865
5,4998
5,5020
3,5006
3,5006
5,4883
3,5003
5,5027
5,4865
5,5009
8,5020
3,5003
5,498
6,5009
3,5003
5,5033
3,5009
3,498
8,4998
5,5004
6,5004
5,5004
6,5027
8,5027
5,498
5,5004
6,4883
6,4883
5,4998
3,5020
6,4998
6,5031
6,4987
3,5040
3,5033
6,5031
8,5032
3,5028
6,5031
3,5025
5,5022
6,5021
5,5025
6,5021
5,5032
6,5032
5,5025
6,5022
6,5040
6,5031
8,5032
6,4987
6,5040
5,5028
6,5040
6,5031
5,5028
5,5033
3,5022
5,5022
5,5025
6,4987
3,5033
5,5025
5,5021
6,5031
6,5021
6,4207
6,4199
5,416
5,416
8,4171
6,4194
8,4199
8,4201
6,4211
5,4207
8,4198
8,4211
6,4198
8,4213
6,4215
10,4211
6,4171
3,416
6,4194
6,4213
5,4211
5,4201
3,416
5,4207
5,4215
8,4199
6,4199
5,4207
5,4215
5,4213
6,4201
5,4198
8,4171
5,4198
6,4194
3,4215
8,4194
6,4215
5,4213
5,5038
6,4968
6,502
5,5041
6,5045
6,5047
6,5047
8,5038
5,5038
3,5038
8,5044
5,5044
3,502
6,4968
6,5045
6,5041
10,4968
3,5041
5,4968
6,5041
6,502
6,5045
6,5044
5,5045
6,502
6,5044
8,5051
5,5047
5,5050
3,505
6,504
3,5062
3,5060
6,5047
5,504
3,5026
6,5055
5,5060
6,504
3,5058
3,5050
3,5058
5,5026
5,5026
5,5051
3,5061
6,5055
6,5052
8,5062
5,5061
3,505
3,5026
5,5062
5,5061
6,5052
6,5055
5,5052
5,505
6,5052
3,5062
5,5050
5,5051
3,5051
5,5058
3,5060
5,5060
6,5065
5,5087
6,5067
5,5085
3,5056
5,5087
6,5024
5,5056
3,5066
6,5065
3,5087
5,5069
3,5017
6,5046
8,5024
6,5024
3,5066
3,5017
5,5046
3,5017
6,5069
6,5039
1,5066
5,5067
8,5024
1,5017
6,5065
3,5085
8,5065
3,5067
8,5056
8,5039
8,5039
3,5066
3,5085
3,5085
3,5085
5,5069
6,5039
5,5056
5,5067
3,5092
8,5088
3,5092
3,5091
5,5081
6,5088
1,5088
5,507
5,5075
5,5092
6,5070
6,5089
3,5081
3,5075
3,5078
1,5078
3,5046
6,5070
5,5091
5,5070
6,5098
5,5078
5,5091
3,507
5,507
5,5081
3,507
6,5098
5,5075
5,5092
6,5053
5,5075
6,5078
6,5046
5,5098
5,5053
8,5053
5,5098
8,5053
6,5072
5,5089
3,5089
6,5079
6,5094
10,5094
6,5035
5,5083
5,5083
8,5072
6,5071
6,5023
5,5071
6,489
6,5094
5,5023
5,5089
8,489
6,5071
5,5035
6,5094
6,5094
5,5064
6,5064
3,5071
6,5035
8,5072
8,489
8,5072
5,5064
5,5023
8,5072
3,5079
3,5071
8,5083
8,5079
6,5034
5,5100
8,5093
8,4956
3,506
6,5073
5,506
6,5068
5,506
6,5083
5,5100
8,5086
6,5068
6,5102
6,4956
6,5034
6,5086
6,5086
5,506
6,4956
6,5086
5,5095
5,5073
6,5073
8,4956
8,5093
5,5095
8,5095
3,5093
6,5095
5,5100
8,5093
5,5100
5,5073
6,5102
6,5102
6,5102
6,5068
6,5127
5,5126
3,509
6,512
6,5127
6,5101
5,509
3,5115
5,5119
6,5128
6,5116
5,5116
5,5119
8,509
8,5126
6,5119
6,5034
6,509
6,5128
3,5128
5,5127
5,5126
8,5127
6,5101
3,5116
5,5119
6,5115
5,5126
5,5115
3,5128
6,5101
3,5126
8,5101
6,5115
3,5127
10,5132
8,5132
3,512
5,511
6,5123
6,5123
3,5096
5,5125
1,5097
6,5084
5,512
5,5125
6,5132
6,5096
6,5097
6,5097
3,5049
5,5132
6,5096
6,5123
3,5049
5,5125
5,512
5,4997
6,5084
8,5049
3,511
5,5096
6,511
6,5123
6,4997
5,4997
8,4997
3,511
6,5084
5,5138
6,5134
6,5133
8,5136
6,5133
5,5129
5,5103
8,5136
5,5129
3,5138
5,5136
5,5136
5,5138
5,5103
6,5103
5,5138
5,5134
5,5129
8,5134
6,4977
5,5134
5,5129
6,5133
3,5133
3,4093
3,4195
6,4224
5,4195
3,4224
8,4208
3,4229
8,4208
3,4200
3,4195
6,4200
5,4229
3,4202
3,4219
3,4219
3,4224
3,4219
3,4093
6,4202
5,4093
3,4209
3,4200
6,4209
3,4200
5,4219
6,4225
5,4225
3,4093
8,4208
8,4208
8,4202
6,4209
6,4225
5,4225
3,4209
5,4229
8,4202
3,4224
8,3853
6,3853
6,3853
6,3853
6,3853
5,3853
8,4496
5,4496
5,4496
3,4496
6,4505
6,4505
6,4505
5,4505
3,4506
3,4506
3,4506
3,4506
5,4507
5,4507
3,4507
5,4507
3,4510
5,4510
5,4510
3,4511
5,4511
5,4511
5,4511
5,4512
5,4512
6,4512
8,4512
3,4523
1,4523
6,4523
3,4523
5,4533
6,4533
6,4533
3,4533
6,4159
6,4767
6,5151
3,5141
8,5111
3,5151
8,5141
5,513
3,5151
8,5111
8,4977
3,513
5,5108
8,5108
8,5144
8,5106
6,5106
5,5106
3,5147
6,5144
6,5121
5,5108
10,513
6,5121
3,513
6,5144
5,5147
10,4977
6,5121
6,5131
6,5111
6,5121
6,5147
6,5141
6,5131
8,5106
6,4977
5,5111
8,5131
3,5147
3,5151
5,5151
5,5124
5,50
3,5105
5,5130
3,5149
6,5130
3,5124
6,5150
8,5120
1,5156
5,5152
3,50
3,5149
5,5148
6,50
5,5105
3,50
5,5120
5,5130
3,5149
5,5124
5,5156
8,5156
3,5156
3,5105
6,5150
6,5152
6,5149
5,5130
6,5124
5,5150
5,5148
5,5148
3,5105
6,5150
8,5120
5,5237
5,5248
5,5239
3,5256
1,5253
8,5237
6,5244
5,5240
3,524
5,5221
6,5239
3,5221
5,5240
3,5256
5,5253
3,5248
6,5239
8,5244
6,5244
5,5191
5,5253
3,5248
6,5240
5,5240
3,5210
1,5210
6,524
3,5210
3,5248
3,5210
3,5221
8,5191
6,5239
5,5256
5,5191
5,5221
5,5235
3,5261
6,5259
5,5209
3,5262
6,524
5,5274
3,5262
6,5259
5,5272
8,5209
3,5272
6,5209
6,5209
6,5257
3,5257
3,5262
3,5274
6,5112
3,5272
6,5259
6,5261
3,5274
8,5235
6,5112
5,5272
8,5112
3,5257
3,5274
3,5272
3,525
3,5272
3,525
3,5262
8,524
6,5112
8,5261
3,525
6,5259
3,525
6,5235
6,5269
3,5277
8,5260
6,5192
6,5264
8,5192
5,5283
3,5269
6,5264
3,5291
5,5277
6,5260
3,5282
6,5254
3,5282
6,5269
3,5282
3,5291
6,5260
6,5260
8,5277
6,5247
3,5264
5,5275
3,5277
6,5192
6,5192
8,5247
1,5282
1,5269
6,5282
8,5275
3,5254
3,5264
6,5254
5,5275
3,5275
5,5247
3,5291
5,5254
5,5288
6,5288
5,5285
6,5298
3,4079
6,5122
6,5283
6,5289
6,5288
8,5283
6,5289
8,5278
5,5122
5,5288
6,4079
6,4079
5,5298
3,5278
5,5285
5,5294
8,5278
6,4079
3,5298
5,5283
8,5294
3,5289
5,5122
5,5285
5,5122
5,5283
5,5294
8,5278
5,5285
6,5289
8,5301
5,5287
6,5287
5,5302
6,5266
3,5302
3,5267
5,5284
6,5287
6,5267
3,5302
6,5301
6,5226
8,5284
8,5280
6,5266
8,5284
3,5311
1,5302
6,5301
8,5284
6,5298
6,5266
3,5287
6,5301
1,5311
6,5280
6,5267
5,5311
5,5287
6,5266
3,5294
6,5226
6,5226
6,5226
3,5311
6,5298
5,5284
6,5217
6,5306
8,5305
8,5316
8,5312
8,5305
5,5323
3,5217
3,5308
8,5312
5,5306
6,5217
8,5315
3,5316
5,5316
8,5312
3,5308
6,5217
3,5313
1,5305
3,5308
6,5305
6,5315
5,5313
5,5315
6,5312
6,5280
3,5313
6,5306
5,5316
1,5315
5,5313
5,5313
6,5306
5,5280
5,5324
8,5317
3,5324
5,5211
3,5323
5,52
3,531
8,52
6,531
3,52
5,5321
5,531
8,52
5,5297
3,5297
5,5323
3,5324
3,5211
3,5211
5,5324
5,5321
5,531
3,5297
6,52
6,5211
5,5323
5,5297
5,5321
5,5321
6,5317
1,5328
5,5332
6,5215
3,5328
3,532
6,5318
3,532
6,5299
3,5296
6,5325
6,5292
3,5318
8,5319
5,5332
5,5334
3,5299
5,5328
6,5292
1,5292
5,5318
6,5299
3,5296
3,5334
3,532
5,5328
5,5332
5,5332
6,5317
6,5292
8,5319
1,5299
5,5334
5,5215
8,5319
8,5325
8,5319
6,5317
5,5318
8,5296
6,5325
5,5344
3,5346
5,5344
6,5340
6,5327
5,5335
6,5327
6,5343
6,5333
3,5327
6,5343
5,5335
10,5343
5,5346
6,5333
3,5265
3,5265
6,5265
3,5346
5,5340
5,5333
5,5265
8,5215
6,5340
8,5340
6,5346
3,5327
5,5340
6,5344
6,5344
8,5335
6,5333
5,5215
3,5327
6,5335
3,5339
5,5355
3,5355
3,5351
5,5348
6,5354
6,5354
3,5355
1,5351
5,5341
5,5351
8,5341
3,5354
3,5355
5,5354
3,5339
8,4541
5,5341
6,5341
3,5327
5,5348
5,5348
5,5348
5,5351
6,4541
6,4541
5,5339
6,514
5,514
6,5160
6,5135
6,5135
6,5152
3,5161
6,5169
5,514
3,5161
8,5166
5,5160
5,5135
8,5140
5,5135
8,5140
5,5166
6,5160
5,5152
3,5169
6,5158
5,5158
6,5117
8,514
6,5166
3,5158
8,5140
5,5169
5,5169
5,5161
6,5140
3,5117
5,5160
3,5161
8,5166
6,5117
5,5358
3,5369
6,5363
5,5336
3,5365
1,5367
6,5345
6,5365
6,5362
6,5320
5,5353
6,5345
6,5363
5,5322
6,5345
8,5320
6,5320
6,5367
5,5365
6,5345
8,5363
5,5365
3,5369
6,5336
6,5336
6,5362
3,5322
3,5367
6,5363
5,5362
5,5358
6,5320
6,5336
5,5358
6,5362
6,5322
6,5322
8,5369
6,5358
8,5357
6,5364
5,5377
6,5370
5,5361
8,5364
8,5370
6,5370
5,5359
5,5366
8,5364
8,5377
8,5364
5,5357
5,5359
6,5357
5,5361
3,5353
5,5361
5,5366
3,5353
6,5164
3,5353
6,5164
6,5347
5,5361
6,5370
6,5357
3,5347
3,5164
5,5347
5,5353
3,5366
5,5366
3,5353
6,5164
5,5377
6,5347
6,5377
3,528
6,536
5,5385
6,5350
8,536
3,5314
6,5385
5,5375
6,5371
5,5371
5,5375
5,5314
3,5314
5,5381
8,5371
1,5381
3,528
3,5383
5,5379
8,5385
5,5375
6,5350
8,5379
8,5379
8,5383
5,528
5,5383
6,536
5,5314
8,5350
5,528
8,536
5,5314
5,5375
6,5371
6,5383
5,5359
8,5385
1,5381
3,5381
5,5390
5,5273
3,5273
3,5273
5,5380
3,537
3,5352
6,5380
5,5273
5,5388
3,537
3,5380
5,537
6,5388
5,5390
5,5382
3,5381
6,537
5,5352
6,538
1,5390
3,5382
3,5380
3,5390
8,538
6,5352
5,538
5,5382
6,538
3,5352
3,5382
5,537
6,5392
6,53
5,5396
3,5398
8,5396
8,5387
6,5392
3,5386
8,5392
6,5373
3,5406
3,5386
3,5406
3,5401
6,53
3,5281
6,5406
8,5401
3,5386
8,5396
5,5281
6,53
3,5281
3,5398
3,5386
3,5406
3,5373
8,5392
3,5387
3,5398
8,5387
5,5401
5,5401
6,53
3,5373
5,5373
8,5402
6,5404
5,5303
6,5090
6,5090
8,5402
3,5303
5,5409
5,5402
5,5404
3,5409
5,5090
3,5409
8,5408
5,5303
8,5408
6,5338
5,5402
6,5400
5,5397
8,5404
5,5400
6,5409
3,5090
3,5397
8,5338
5,5400
6,5303
3,5410
5,5410
3,5397
8,5408
8,5408
5,5409
5,5338
3,5397
6,5407
6,5394
5,5413
6,5378
3,5407
3,5411
3,5411
3,5411
8,5394
5,5378
5,540
5,5413
6,5407
6,5394
6,5378
3,5411
3,5410
3,5415
5,5407
3,5378
5,5413
8,5394
6,540
6,5413
5,5411
6,5407
3,5410
5,540
6,5428
3,5428
3,5415
8,5422
5,5433
5,5415
5,5433
5,5426
5,5425
6,5426
6,5242
5,5425
6,5403
6,5415
8,5418
6,5422
6,5403
5,5403
3,5426
3,5242
3,5425
3,5428
3,5433
1,5417
5,5417
3,5425
6,5403
5,5417
8,5422
8,5418
3,5242
6,5242
6,5422
3,5433
6,5242
6,5418
6,5417
6,5426
6,5420
8,4901
6,4901
6,5452
5,5443
6,5443
5,4901
5,5443
6,5419
6,5416
6,5451
6,5443
5,5436
5,5430
3,5452
5,5445
1,5445
5,5419
5,5430
8,5451
8,5420
6,5416
6,5451
5,5430
8,5416
3,5436
8,4901
6,5443
5,5430
5,5420
5,5452
8,5451
5,5452
5,5436
6,5419
6,5419
5,5436
5,5445
5,5420
5,5445
5,5436
5,5435
5,5456
10,5442
8,5442
8,5435
3,5440
6,5442
3,5446
6,542
6,5440
3,5456
8,5414
5,5440
8,5446
6,5414
5,542
5,5414
5,5456
8,542
8,5446
6,5442
6,5442
6,5414
6,5435
8,5446
8,542
5,5456
3,5435
8,5447
5,5440
8,515
5,5167
6,515
1,5182
6,5155
1,5182
8,517
5,5177
3,5137
1,5175
3,5182
6,5154
6,5154
8,5155
5,517
5,5137
3,5175
6,5137
5,5176
5,515
5,5182
1,5176
3,5158
1,5175
5,5176
5,5177
3,5167
5,515
8,5154
6,5155
5,5177
6,5154
6,515
3,5137
3,517
8,5155
5,5472
5,5457
5,5457
3,545
5,5472
6,5447
3,5460
6,5330
6,5447
6,545
3,5463
3,5460
8,5469
5,5472
6,5330
6,545
6,545
5,5330
5,5458
5,5461
5,5458
3,545
8,5461
6,5461
5,5458
6,5469
3,5460
5,5458
8,5461
6,5330
5,5457
3,5460
6,5330
3,5463
3,5469
6,5447
3,5463
5,5431
6,5478
6,5405
8,5439
3,5431
3,5405
5,5437
6,5448
3,5464
6,5464
6,5439
8,5478
3,5431
3,5405
8,5465
6,5471
3,5465
6,5464
3,5431
5,5439
5,5437
6,5471
5,5477
3,5465
3,5473
5,5477
5,5477
5,5405
3,5478
3,5465
1,5473
6,5439
6,5477
8,5471
3,5437
1,5437
6,5448
3,5473
6,5472
3,5473
5,5455
3,547
6,5487
8,5479
8,5448
3,5480
8,5487
5,5480
5,5479
6,5483
5,5483
8,5494
5,5455
1,5455
5,5494
6,5494
3,5474
8,5423
5,5474
5,5474
6,5423
6,547
3,5480
6,5494
6,5483
6,5487
6,5448
5,5480
6,5423
6,5479
6,5487
6,5474
6,547
10,547
5,5455
5,5483
6,548
3,5479
8,5488
3,5441
5,5145
5,5459
3,5488
6,5145
6,5441
6,5486
8,5486
6,5495
3,5441
6,5492
8,5488
5,5486
5,5492
6,5459
5,5486
5,548
8,5492
6,5145
8,5507
6,5507
6,5459
5,548
5,5441
6,5495
6,5495
6,5459
8,5145
3,5508
8,5507
6,548
6,5500
6,5470
8,5506
3,5509
5,4297
5,4297
5,5491
6,5491
6,5500
3,5508
3,5508
6,5506
3,5506
5,5499
6,5384
5,4297
5,5499
3,4297
3,5509
6,54
6,54
6,5470
6,54
5,5491
3,5509
5,5508
6,5384
8,5470
6,5506
6,5500
6,54
5,5384
6,5491
6,5470
6,5500
5,5499
8,5384
5,5499
6,5514
5,5521
8,5512
8,5503
6,5510
3,5521
6,5512
8,5512
3,551
6,5506
6,5517
6,5514
8,5505
5,5514
5,5503
5,5512
6,5503
5,5510
3,551
5,5511
3,5505
5,5510
5,5511
3,5505
5,5517
3,5521
3,551
5,5503
3,551
3,5521
5,5517
5,5510
5,5511
8,5517
5,5514
6,5505
3,5537
6,552
8,546
6,5533
6,5537
5,552
5,552
5,552
8,546
3,5533
3,5537
3,5537
6,5537
6,5475
3,5523
5,5516
5,5533
3,5533
5,5523
3,5523
5,5516
5,5516
6,5536
8,546
5,5536
8,5475
6,5484
8,5484
8,5475
6,5484
3,5523
3,5533
6,5484
8,5475
3,5511
5,5516
5,5540
5,5467
3,5544
8,5467
5,5263
8,5467
3,5528
6,5545
3,5528
6,5541
6,5540
5,5536
5,5544
5,5544
3,5263
6,5393
3,5528
3,5545
5,5393
5,5540
6,5263
3,5541
6,5541
6,5467
5,5541
8,5393
6,5545
3,5545
3,5528
5,5263
6,5540
3,5528
5,5536
6,5263
6,5393
8,5513
6,5513
3,5538
8,5550
3,5550
6,5513
3,5538
3,5539
3,5561
5,5539
5,5561
5,5561
5,5539
5,5557
8,5557
3,5519
8,5513
5,5515
6,5515
5,5519
5,5519
5,5391
3,5538
3,5561
3,5538
3,5539
5,5391
6,5557
5,5550
8,5550
8,5515
5,5552
3,554
8,5527
8,5527
6,5555
5,5223
6,5552
3,5535
5,5527
6,5555
6,5518
5,5535
5,5557
5,554
5,5223
5,5223
5,554
5,5551
5,5551
6,5552
5,5527
3,5518
5,5518
6,554
6,5535
6,5518
8,5555
6,5535
6,5555
3,5153
6,2630
5,5163
5,5181
5,5173
6,516
3,5187
5,5167
6,5159
5,5171
3,5159
6,5153
3,5173
5,516
8,5153
5,516
6,5167
6,5187
5,5159
6,516
5,5173
3,5187
3,5159
5,2630
6,5163
5,5171
8,5153
6,5171
3,5181
5,5163
8,5163
6,5181
5,5181
5,5171
6,5173
5,2630
6,5187
5,5553
6,5558
6,5542
6,555
3,5482
3,5551
8,5524
3,5558
6,5558
6,5532
5,5482
8,5502
8,5558
6,555
6,555
6,5502
8,5532
5,555
5,5567
3,5553
8,5524
6,5553
5,5562
6,5558
6,5532
5,5567
5,5567
6,5502
6,5524
5,5562
5,5562
8,5553
8,5524
6,5502
5,5482
6,5567
6,5532
5,5542
6,5497
5,5530
5,557
3,409
3,5575
3,5560
6,5571
8,557
8,557
6,5571
5,5560
5,5530
6,5530
3,5575
8,5497
5,409
3,5575
6,5542
5,5573
5,5575
6,5575
8,5497
6,5542
5,5530
6,5497
6,409
3,409
3,5573
5,5573
6,5571
3,5573
5,5575
1,5560
5,5575
5,557
1,5584
3,5587
5,5574
3,5587
6,5608
3,5570
6,5566
3,5578
8,5586
6,5583
6,5569
8,5586
6,5586
8,5586
6,5572
3,5578
6,5587
5,5574
6,5587
6,5579
6,5608
3,5574
6,5578
3,5566
3,5578
5,5569
5,5583
5,5572
3,5566
8,5579
3,5584
3,5570
3,5572
3,5584
8,5569
8,5574
6,5579
8,5583
5,5566
5,5608
3,5570
6,5608
5,5589
5,5595
5,5609
5,5606
8,5605
8,5602
3,5609
3,5588
6,5591
3,5588
8,5591
8,5602
5,5588
5,5609
5,5589
5,5588
6,5612
6,5606
6,5589
6,5612
6,560
3,560
8,5605
5,5612
3,5599
5,5612
6,5606
6,5591
6,5595
5,5591
6,5606
8,5589
5,560
6,5602
6,5605
5,560
6,5595
8,5602
6,5599
6,5600
5,5611
6,5592
8,5619
6,501
5,55
5,55
8,55
6,5619
8,5610
3,5611
5,5610
3,5599
5,5617
6,5613
6,5592
6,55
3,5613
6,5617
3,5613
5,5604
6,5592
6,5604
3,5610
3,5599
8,5600
5,5610
3,5604
1,5611
3,5617
5,5611
8,5619
3,5611
3,5600
6,5604
6,5619
6,5610
5,5600
5,5604
5,5636
8,559
5,5614
6,5632
5,501
8,559
5,5632
6,5614
8,559
3,5636
8,501
5,5628
5,5632
6,5615
6,5637
8,559
3,5628
5,5632
6,5615
3,5637
8,5620
6,5614
6,5620
6,5620
5,5615
5,5614
6,5580
6,5580
5,5580
5,5628
3,5628
3,5637
8,5639
8,5543
3,5635
8,5639
6,5543
8,5554
8,5581
5,5636
8,5556
1,5643
6,5635
6,5556
5,5636
8,5622
6,5639
5,5622
6,5635
6,5639
1,5556
8,5643
3,5581
5,5636
5,5581
6,5543
5,5581
3,5643
6,5543
5,5622
6,5581
8,5554
5,5581
8,5554
6,5622
6,5643
8,5635
6,5554
6,5556
3,5630
6,5635
6,5630
3,5660
5,5645
3,5660
5,563
3,5660
6,558
5,563
5,558
5,5631
5,5645
6,563
6,5618
8,5618
3,5593
5,5618
3,5630
3,5651
5,5648
8,5645
5,5631
3,5651
5,5645
3,5621
8,5648
5,5648
8,563
1,5651
5,5630
5,558
6,5660
5,5621
5,5631
5,558
3,5651
5,558
5,5631
5,5618
5,5621
8,5633
6,5661
3,5657
3,5593
5,5661
3,5657
3,5657
5,5642
5,5647
3,5649
8,5647
5,5649
3,565
3,562
6,5652
8,5633
8,5107
8,5633
6,5657
6,5593
8,5647
5,5657
6,5642
5,5107
5,5652
5,5657
5,5649
8,5647
6,565
6,5633
6,5661
5,565
5,5642
6,5107
6,5642
5,5652
6,5593
6,5652
6,5649
5,5671
3,5662
6,5650
1,5656
8,5493
5,5662
6,5493
3,5662
3,5668
5,5493
5,5667
6,5493
6,5650
6,5638
5,5656
3,5658
5,5662
6,5667
5,5667
6,5656
3,5658
6,5656
6,5638
3,562
5,5668
5,5658
3,5658
3,5668
3,5675
3,562
5,5667
6,5638
6,5650
3,5668
3,5675
3,5675
5,5493
3,5656
6,5650
3,5194
3,5194
5,5165
3,5189
5,5174
6,5178
3,5200
5,5165
6,5174
5,5185
6,5178
5,519
5,5189
8,5185
6,518
6,5178
6,5200
5,518
8,5165
5,519
5,5146
5,519
8,5189
6,5146
5,5174
6,5194
6,5178
6,5146
3,518
3,5200
5,5194
3,5200
6,5185
6,5165
5,5189
5,518
5,5174
3,519
3,5673
5,5683
3,5686
3,5686
3,5677
3,5672
6,5481
5,5678
6,5481
1,5686
6,5677
8,5481
5,5678
3,5680
5,5671
3,5676
6,5481
6,5680
6,5672
5,5678
6,5676
6,5481
6,5683
5,5677
3,5686
3,5673
3,5676
3,5678
3,5678
5,5683
3,5680
6,5671
5,5672
8,5676
5,5677
5,5673
8,5683
3,5673
6,5683
6,5671
3,5685
3,5689
6,5689
5,5692
3,5684
6,5654
3,5681
3,5689
5,5682
5,5691
5,5654
6,5663
6,5682
3,5691
10,5663
3,5681
3,5689
5,5682
6,5654
8,5692
3,5663
3,5684
5,5681
3,5680
3,5663
6,5692
5,5684
3,5692
6,5681
5,5691
5,5684
6,5682
6,5691
5,5654
6,5654
1,5685
6,5690
5,5717
6,5706
5,5690
5,5697
6,5687
6,5690
5,567
6,5706
5,568
3,5717
3,5717
3,5685
5,5670
5,5670
6,5706
5,5670
6,5697
3,5703
3,568
6,5670
6,5704
3,5703
5,5697
5,5706
6,5704
5,5704
5,5697
3,5703
5,5690
8,5687
3,5687
3,5685
5,5703
6,5706
5,5688
6,5711
8,5688
6,566
3,567
5,5674
3,5718
5,5701
6,5701
3,5715
5,5716
6,5716
6,5714
5,567
5,5711
5,5688
3,5696
3,5715
6,5674
3,5674
6,5701
5,5718
6,5702
5,567
5,5711
5,5715
3,5702
5,5702
5,5696
6,5701
3,5718
5,5718
5,5702
6,5674
8,566
6,566
3,5716
5,5696
3,5688
8,566
5,5716
5,5720
6,5720
6,5725
6,5714
8,5726
8,56
6,56
5,571
5,5725
8,56
8,5720
6,5722
5,5742
3,5742
5,5725
8,5726
3,571
5,5616
3,5616
8,5714
6,5722
3,5616
6,5726
6,571
8,5726
3,5705
3,5725
6,571
5,5705
5,5705
6,56
8,5722
6,5722
5,5720
3,5742
6,5728
3,5728
6,5740
5,5745
3,5740
5,5719
5,5731
3,5742
3,574
1,5745
5,5719
5,5729
6,5729
8,5659
6,5746
1,5746
5,5731
5,5719
3,5742
3,5731
3,574
5,5729
6,5738
6,574
3,574
3,5746
3,5745
3,5745
8,5659
6,5738
3,5731
3,5719
8,5729
5,5738
8,5728
6,5659
5,5738
3,5746
6,5755
3,5498
6,5629
6,5755
6,5733
6,5755
3,5655
6,5741
8,5629
5,5741
5,5741
6,5751
3,5740
8,5748
6,5751
5,5753
8,5741
6,5753
3,5655
6,5733
6,5740
5,5743
5,5753
3,5655
3,5741
6,5753
3,5640
5,5629
3,5743
6,5733
6,5629
3,5655
6,5751
6,5733
5,5743
3,5743
5,5498
5,5498
5,5759
5,5744
3,5748
6,5748
6,5752
3,5763
8,569
3,5640
6,569
8,5759
3,5754
5,5763
8,5744
3,5767
5,5752
5,5763
6,5759
3,5762
8,5752
8,5752
6,5767
6,5759
3,5744
1,5762
6,5640
6,5640
1,5762
8,5754
6,569
5,5744
5,5744
5,5754
5,5748
6,5767
6,5752
3,5790
1,5795
6,5723
8,573
6,5778
3,5749
5,5723
6,5723
5,5795
5,5760
5,5795
6,5760
6,5749
5,576
5,576
6,5723
5,5795
5,5760
5,5749
3,576
8,573
5,5760
5,5735
8,5782
3,5790
8,5782
6,5735
6,5782
5,576
5,5735
8,5757
5,5757
8,573
5,5782
5,5778
3,5790
6,5749
6,5735
5,5757
8,5779
8,5786
3,5778
5,5784
5,5778
5,5772
3,5772
8,5779
6,5772
8,5772
6,5773
5,5774
6,5773
5,5770
5,5801
6,5772
6,5774
6,5770
5,5770
6,5779
6,5773
8,5786
6,5786
5,5784
5,5772
6,5786
5,5774
3,5784
6,5770
6,5774
8,5779
6,5778
6,5801
6,5784
8,4811
6,5197
6,5179
5,5179
6,51
6,5197
3,5195
6,4811
5,5196
6,5143
6,4811
6,5196
5,5197
5,5142
3,5195
6,4811
1,5201
3,5201
6,5142
6,5142
6,51
5,5196
3,51
5,5195
5,5179
6,5143
6,5196
5,5143
3,5201
6,5197
5,51
3,5201
3,5195
6,5791
3,579
3,5805
3,5805
5,5801
6,5665
5,5803
3,5785
5,5808
6,5808
3,5785
5,5791
6,579
6,5665
5,5785
6,5803
5,5803
5,5803
3,5797
8,5665
5,5791
5,5808
6,5768
3,5805
5,5797
3,5768
6,5665
8,5665
3,5797
3,5801
3,5768
5,5797
5,579
3,5785
5,5805
5,5768
5,5787
6,5777
1,5812
8,5777
5,5777
5,5777
1,5817
6,5807
8,5792
8,5765
5,5769
5,581
8,5769
5,5812
8,5810
6,5792
5,5777
5,5807
3,5812
6,5765
3,5807
6,5792
6,5787
3,5787
3,5817
6,5810
6,5769
8,5810
5,5792
5,5817
6,5810
6,5765
6,5792
5,5769
3,5812
5,5807
3,5817
5,5787
6,5765
6,5824
6,575
5,575
3,5830
5,5824
6,5798
6,5824
3,581
5,5830
5,5828
6,5824
5,5813
5,5828
6,5813
8,5811
3,5830
5,582
8,5820
6,5809
5,5820
3,575
6,5798
3,5828
5,581
6,5811
5,581
6,5813
3,582
5,582
5,5798
8,5820
5,582
5,5813
6,5811
5,5798
5,5811
8,5820
8,5809
3,5830
5,5832
5,5833
6,5806
5,5819
6,5819
8,5834
3,5833
8,577
3,5832
6,5819
5,5809
8,5806
8,580
5,5829
3,5832
5,580
5,5829
3,5835
8,5809
6,5806
5,5819
5,5835
3,5833
6,5835
6,5829
6,5806
3,5833
5,5834
6,5809
6,577
5,5835
8,5829
6,5835
5,5834
5,577
6,5834
6,5819
8,577
3,5843
5,5837
3,5837
6,5845
3,5855
8,5845
5,5780
6,5780
3,5836
3,5836
5,5845
5,5799
3,5842
5,5837
6,5831
6,5831
3,5836
5,5799
5,5799
5,5780
5,5842
5,580
3,5837
5,5843
5,5836
5,5831
8,580
3,5799
6,5845
6,5780
3,5843
6,584
3,5825
3,5775
6,5847
6,5825
6,5857
3,584
6,584
3,5815
3,5856
3,5850
5,5855
8,5847
5,5815
5,5859
3,5825
3,5776
3,5850
3,5776
3,5850
5,5857
3,5855
5,5847
5,5815
8,5847
6,586
3,5776
5,5839
5,5856
5,5856
3,5859
3,5859
5,5857
3,5775
6,586
8,5857
6,5775
6,5815
5,5825
5,5850
3,5855
6,5624
5,5624
6,5839
3,5781
5,5849
6,5624
8,5854
5,5863
3,5879
3,5849
3,5862
5,5839
6,5862
6,5854
5,5863
6,5879
3,5867
6,5781
8,5867
3,5624
5,5839
3,5867
5,5867
8,5854
3,5879
6,5863
5,5781
6,5854
6,5862
3,586
6,5862
5,5849
6,5854
8,586
8,5849
5,5863
6,5874
6,5894
6,5881
8,5894
8,5851
3,5861
6,5875
5,5872
5,5861
3,588
6,5882
5,5851
6,5882
3,5875
5,5881
6,5861
3,587
3,5875
6,588
5,5881
5,588
3,588
8,5874
5,587
6,5894
6,5881
3,587
6,5872
6,5861
5,5874
5,587
8,5882
5,5851
5,587
8,5851
6,5872
6,5900
3,5906
3,4841
8,5900
5,5907
6,5887
5,5911
5,5911
5,5906
3,5891
5,4841
3,5906
6,5885
8,5911
5,5885
3,5907
5,5891
8,5860
6,5840
8,5887
6,5887
8,5860
3,5891
6,4841
6,5887
8,5860
6,5911
3,5907
8,5840
3,5906
3,5911
6,5894
6,5840
5,5885
8,5840
6,5900
3,5907
5,5891
3,4841
5,5900
6,57
5,5853
8,5853
8,2899
5,5878
8,5897
8,5897
5,5878
3,57
8,5897
6,5898
5,5908
5,5908
6,5853
6,2899
6,57
6,5896
6,5878
6,5816
5,5816
6,5898
5,5896
3,5910
5,2899
5,5910
8,5897
3,5816
3,57
5,5908
5,5910
6,5816
5,5908
6,5898
6,5853
6,5898
5,5896
5,5199
8,5190
5,520
5,5218
6,5199
5,5216
6,5214
6,5218
5,5190
6,5190
6,5216
1,5216
1,5229
6,5212
5,5207
8,5212
3,5207
6,5199
5,5214
5,5214
6,5214
6,520
5,5198
5,5214
5,5212
5,5198
3,5229
5,5207
5,520
8,5212
5,5218
8,5218
8,5190
5,5142
6,520
5,5198
6,5901
3,5933
6,5866
8,5525
8,5888
6,5915
3,5921
5,5866
6,5915
5,5919
6,5920
3,5922
5,5915
3,5933
5,5525
3,5921
6,5901
3,5901
5,5921
6,5920
3,5919
3,5922
5,5866
6,5866
3,5921
3,5922
5,5920
8,5901
6,5525
3,5922
5,5915
6,5920
5,5888
6,5933
5,5919
6,5888
5,5525
3,5930
6,5913
3,5923
6,5924
3,5930
8,5904
6,589
5,5924
3,5913
5,5904
3,592
5,5924
6,5912
8,589
6,583
6,5904
6,583
6,583
8,5913
3,592
3,5930
6,589
3,592
5,589
6,5912
5,5912
6,583
6,5912
5,5904
5,5913
6,5924
6,583
3,5930
3,5933
3,592
5,5943
3,5946
5,5943
3,5942
3,5814
5,5946
3,5946
3,5869
3,5943
5,5869
3,5939
3,5939
5,5942
5,5923
1,5869
3,5939
6,5877
6,5927
6,5877
3,5923
1,5942
3,5939
6,5927
3,5923
6,5877
3,5927
3,5869
5,5814
8,5814
5,5814
6,5927
6,5877
5,5939
1,5942
6,5935
3,5944
6,5916
6,5937
5,5899
6,5935
6,5935
3,5957
6,5916
3,5934
3,5946
5,5944
5,5948
6,5889
6,5889
3,5946
3,5952
5,5944
3,5952
5,5946
5,5934
6,5948
5,5948
3,5948
3,5957
6,5889
3,5934
3,5937
3,5916
3,5952
6,5952
6,5934
5,5937
6,5937
6,5899
3,5899
5,5889
3,5957
1,5957
8,5944
8,5935
3,5929
6,5945
5,5936
6,596
3,5945
6,5926
3,5960
3,5932
3,5936
5,5926
6,5936
3,5936
6,5960
5,5961
5,5929
6,5936
6,5926
5,5960
5,5960
3,5945
5,5932
5,5961
6,5961
3,5971
8,5945
6,5961
5,5926
5,5951
8,5951
6,5929
3,5971
3,5971
6,5932
3,5971
5,5951
5,5951
5,5949
3,5949
3,5949
3,5949
6,5945
6,5980
6,5966
6,5966
3,5968
3,5958
3,5986
3,5975
5,596
3,5975
5,5966
6,5980
3,5986
8,5980
5,5958
6,5953
6,5979
5,5962
8,5966
5,5975
3,5986
6,596
6,5914
6,5953
6,5975
8,5953
6,5980
8,5914
8,5975
8,5953
8,5914
6,5914
6,5968
3,5968
5,5968
1,5962
3,5958
3,5962
3,5958
3,5986
5,5982
8,5970
3,595
6,5970
6,5970
3,5977
5,5985
8,5979
8,5985
5,5982
6,5982
5,5983
6,5964
8,5964
5,5983
3,5977
6,5985
6,595
6,5982
3,5964
5,595
8,5983
6,5985
3,5979
5,5977
6,5970
6,5977
3,5994
3,6007
5,599
3,5987
5,5978
3,59
5,5994
6,5984
8,598
3,599
5,5984
3,5992
3,6007
3,5987
3,5984
3,5994
6,5978
5,598
8,6002
3,5987
6,6002
5,598
1,6007
6,5991
6,5978
5,598
1,5992
5,599
5,599
6,6002
3,5991
5,5992
5,5994
3,6007
3,5991
5,5978
8,5905
6,59
6,6004
6,5993
5,5967
6,5988
8,5905
6,5989
8,5967
6,5989
5,5988
1,5981
6,59
5,5988
6,6004
3,5967
5,5967
6,6000
6,5989
6,6004
8,5967
5,5989
5,6004
8,5993
6,6000
3,5993
5,5905
5,5981
8,5993
3,5905
6,5988
3,6000
8,597
8,5954
6,5981
8,597
6,5870
5,6026
5,6029
5,5981
3,6026
5,5
5,5
6,5
5,6009
6,597
5,6010
6,5990
8,5990
5,6006
8,597
3,6010
6,597
3,5954
3,6010
8,6006
8,6006
3,6009
5,5990
5,5954
5,6029
6,5990
8,5
5,6010
5,6009
3,6006
5,6026
6,5870
6,6009
3,6026
6,5870
3,6022
3,6030
5,6028
6,6028
6,6011
5,6020
5,6011
5,6030
3,6029
5,6030
8,6018
6,6012
3,6020
8,6012
6,600
5,600
5,6012
5,6022
3,6018
5,6018
3,600
3,6030
3,6028
5,6020
5,6011
5,6018
5,600
5,6029
5,6022
5,6011
8,6012
3,6028
3,6020
3,6022
6,6024
6,6017
3,6049
6,5969
6,6016
6,6042
5,6049
3,6048
6,6042
6,6042
5,601
3,6048
6,6024
6,6016
5,6016
3,6048
6,6016
3,6031
3,6049
3,6031
5,6031
6,6024
6,6008
6,6017
5,6048
6,6017
6,6008
6,6027
3,601
5,601
5,6024
5,6031
6,6017
8,6027
5,6008
3,6008
5,6027
3,6047
5,5997
6,6054
3,6003
1,6054
8,6003
5,5974
3,5974
3,5969
5,6047
3,5997
6,6003
6,5997
10,6003
3,5969
3,603
5,603
3,6034
3,5974
3,6034
6,6054
3,603
6,6054
3,6047
6,6034
3,6047
8,5997
6,5997
6,5997
6,5997
3,6034
5,5974
5,5974
5,6054
5,603
3,6065
5,6037
3,6065
3,6077
6,6015
6,602
6,6015
5,6056
6,6059
3,6077
5,6056
6,6059
5,6068
1,6077
5,6037
3,6060
5,6068
3,6056
5,602
3,6043
3,6065
5,6037
1,6060
8,6015
8,6043
5,6043
6,602
5,6060
3,6065
5,6056
6,6068
3,6043
6,602
3,6077
6,6013
6,6059
3,6073
3,6070
5,6073
3,5846
5,6073
3,6073
5,6070
8,5846
8,5846
5,6070
6,6013
5,5846
6,6013
5,5846
5,6013
8,607
3,5653
3,5653
8,6074
8,6045
1,5653
5,6075
6,6071
8,6085
3,6079
1,6079
8,6053
5,607
6,6053
8,6045
8,6069
6,607
3,6079
3,5653
6,6074
6,6085
3,6071
3,6080
3,6075
6,6074
6,6085
3,6069
8,6053
3,6070
5,607
3,6079
5,6080
8,6085
8,6045
8,6045
3,6080
3,6069
6,6071
3,6075
8,6097
3,6094
6,3736
6,6096
6,6097
3,6050
5,6050
5,6103
3,604
5,6101
5,3736
3,6050
8,6021
5,604
6,6094
8,6021
6,6021
8,3736
8,6096
5,6093
3,6050
5,6080
5,6094
8,6081
6,6096
6,6097
3,6101
6,6096
3,6101
5,6050
3,604
6,6081
5,6093
3,604
3,6050
6,6093
5,6103
6,6081
6,6021
5,6112
3,6113
6,6105
5,4206
5,6112
5,6108
6,6100
6,6083
5,610
6,6105
6,6082
3,6113
5,6100
8,4206
6,4206
5,6103
5,6103
5,6108
6,6105
5,610
6,6104
6,6100
8,610
6,6082
6,4206
6,6112
6,6100
3,6108
3,6082
8,6083
6,6105
6,610
5,6112
3,6113
6,6100
3,6104
6,6083
6,6104
6,6100
5,6122
5,6036
6,611
5,6110
6,6122
6,6036
5,6115
6,6118
6,6114
5,611
6,6104
5,6122
5,6115
6,6114
6,6092
5,6124
5,6124
8,6118
6,6110
1,6092
5,6122
5,6122
6,6118
6,6036
8,6118
6,6110
6,6115
3,6104
3,6124
3,6115
5,6122
6,6114
3,6092
6,611
6,611
3,6092
5,6091
5,6091
5,6091
5,6091
8,5219
5,5237
3,5204
5,4398
5,5245
8,4398
5,5219
3,5227
3,523
3,521
3,5219
8,4398
5,521
5,523
3,5204
5,5204
3,521
5,523
5,5245
3,5241
3,5227
5,5227
5,4398
6,5237
3,5252
3,4398
8,523
3,5241
5,5227
6,5241
5,5245
5,5219
5,5252
5,5241
3,5252
6,5204
5,522
6,5162
8,5162
5,5162
8,5162
5,5205
3,5205
5,5205
5,5205
3,5206
8,5206
6,5206
5,5206
8,5213
8,5213
8,5213
6,5213
5,522
5,522
6,522
5,5222
6,5222
5,5222
8,5222
3,5224
3,5224
3,5224
3,5224
5,5229
1,5229
3,5230
8,5230
3,5230
3,5230
6,5231
6,5231
8,5231
6,5231
5,5233
3,5233
6,5233
8,5391
5,5781
5,5842
6,5910
6,608
6,6119
3,6107
5,608
3,608
3,6137
8,6102
8,6039
3,6084
3,6099
8,6107
5,6099
5,6084
5,6137
3,6084
6,6099
8,6039
6,6119
6,6039
8,6102
5,6137
6,6102
8,6102
6,6062
3,6099
5,6084
6,6039
8,6062
5,608
3,6107
8,6062
8,6119
8,6107
6,6119
3,609
5,6109
6,6063
6,6129
6,6128
5,6111
6,6063
6,6128
5,609
6,6109
3,609
5,6129
6,6106
6,6109
3,6109
5,6106
5,612
5,6142
6,6063
3,6063
8,6106
5,609
5,6142
8,6128
6,6128
5,6109
3,612
3,6111
5,612
6,6109
6,6111
5,6106
3,612
5,6142
3,6142
6,6106
6,6072
3,6252
3,6252
3,6263
6,6249
5,6222
5,6238
5,6072
3,6242
5,6253
6,6253
5,6244
8,6210
1,6238
3,6238
8,6210
6,6249
5,6252
5,6245
6,6245
3,6263
6,6242
3,6244
3,6245
5,6253
5,6072
8,6245
5,6210
8,6242
6,6252
5,6072
3,6242
6,6222
3,6238
6,6253
8,6249
3,6210
5,6242
3,625
3,6234
5,6256
8,6222
3,6270
6,625
6,6270
3,6197
3,6197
6,6270
3,6266
5,6266
3,6218
5,6266
5,6256
5,6270
8,625
6,6222
3,6116
5,6197
5,6116
6,6266
6,6208
6,6234
3,6270
5,6270
5,6218
6,6256
5,6234
6,6234
5,6218
6,6263
5,6116
3,6218
6,6256
3,624
3,624
8,6257
5,6248
3,6273
5,6269
6,6160
8,6160
3,6276
5,6248
5,6208
5,6243
6,6269
6,6243
3,6257
8,6272
6,6272
8,626
5,624
6,6160
6,626
5,6273
5,624
8,626
3,6276
3,6208
6,6272
5,6160
8,6272
3,6248
6,6276
3,6273
3,6276
5,6243
3,6243
5,6269
3,6273
8,6208
8,6257
5,6257
6,6261
6,6260
6,6285
3,6268
5,6155
6,6282
3,6268
8,6261
8,6260
6,6278
5,6282
3,6300
6,6285
6,6155
5,621
6,6285
3,6297
8,6261
8,6255
5,621
5,6282
6,621
5,6155
6,6248
6,6268
6,6255
8,6261
6,621
5,6282
1,6300
5,6285
6,6278
5,6155
5,6300
5,6297
8,6260
6,6255
6,6278
6,6260
3,6300
6,6304
1,6296
5,6297
6,6298
5,6229
8,6284
5,6298
6,6229
5,6304
6,6233
3,6297
5,6233
6,6305
5,6290
3,6296
3,6305
6,6290
6,6290
5,6229
6,6284
5,6296
3,6233
6,6284
8,6284
3,6298
5,6305
8,6304
5,6305
5,6290
3,6324
6,6313
1,6324
6,6312
3,6324
6,6309
6,6304
6,620
6,6309
6,6307
3,6312
5,6307
5,6309
6,620
5,6312
5,6320
5,6324
6,6320
5,6230
8,6230
6,6287
6,6230
8,6320
6,6313
6,6309
5,6307
5,6287
3,6324
6,6287
5,6320
6,6287
3,6312
5,6313
3,6324
6,6313
5,620
5,6230
6,6292
3,6318
6,6302
3,629
6,6302
3,629
8,6318
3,6311
5,6303
6,6303
6,6292
6,6318
3,6316
5,6323
5,6292
5,629
3,6318
5,6323
6,6311
5,6311
5,6336
8,6303
3,6292
5,6316
6,6323
3,629
5,6316
6,6302
5,6303
5,6323
6,6316
3,6311
5,627
8,6281
3,5950
6,6334
6,622
8,6321
5,6336
6,6321
3,627
6,627
5,5950
3,6335
6,5950
5,6334
8,6325
5,6335
5,6334
3,6336
8,6314
3,6335
5,6335
8,6314
5,622
8,6314
6,622
3,6335
8,6325
5,6334
8,6325
8,6321
6,6336
8,6314
3,6336
3,622
1,5950
5,6281
1,6281
8,6321
8,6325
6,6346
6,6338
6,6347
5,6351
5,6343
3,6343
1,6365
6,6350
3,6344
5,6346
5,6345
3,6350
5,6351
6,6347
3,6365
8,6281
6,6338
5,6338
8,6346
3,6351
5,6344
3,6350
5,6348
3,6345
3,6343
3,6365
6,6338
5,6351
8,6350
5,6344
6,6348
3,6348
3,6345
6,6347
3,6344
3,6365
5,6347
5,6345
6,6373
3,6352
8,6283
3,6373
3,6373
3,6367
3,6367
6,6283
6,6349
5,6352
6,6331
6,6354
5,6367
3,6349
8,6283
6,633
3,6367
8,6283
3,6331
8,633
5,6367
5,6352
6,632
3,6352
3,6331
8,633
3,6354
3,6367
3,6349
5,6373
8,632
5,6352
8,632
8,632
3,6349
5,6354
8,6354
5,6153
8,6150
3,6161
1,6150
5,6153
8,6157
3,6159
6,6151
3,6135
5,6151
5,6144
5,6161
5,6156
3,6159
6,6153
6,6139
5,6159
3,6153
6,6157
3,6161
8,6157
3,6156
8,6157
6,6144
8,6139
6,6139
8,6144
5,6150
6,6151
3,6135
5,6135
5,6135
1,6161
3,6156
6,6139
6,6151
5,6369
6,6375
6,6227
3,634
5,6355
6,6355
3,6331
8,6227
3,6369
3,634
6,6227
3,6195
1,6379
3,6195
3,6374
8,6375
6,6340
5,634
5,6362
5,6340
8,6355
6,634
1,6379
6,6362
3,6374
1,6379
3,6340
6,6355
3,6374
5,6369
3,6195
5,6362
3,6195
6,6369
1,6379
6,6375
3,6374
5,6369
6,6355
6,6227
6,6362
6,6250
6,6357
5,6394
3,6382
6,6386
3,6386
3,6120
5,6382
3,6364
5,6381
3,6383
3,6381
3,6120
8,6250
3,6383
5,6364
5,6387
8,6120
3,6381
8,6357
5,6386
3,6364
5,6376
3,6376
5,6387
3,6394
5,6386
5,6364
3,6394
6,6381
3,6394
5,6376
5,6382
5,6376
8,6250
6,6376
8,6357
3,6383
6,6364
5,6250
6,6289
8,6404
5,6404
6,6384
6,6339
8,6368
5,6299
6,6399
8,6368
8,6387
5,6399
5,6384
6,6289
8,6368
8,6339
8,6339
3,6339
8,6400
8,6400
5,6299
6,6400
6,6384
3,6299
8,6289
8,6368
5,6399
3,6299
3,6384
6,6289
5,6399
5,6387
3,6299
8,6400
5,6404
8,6401
3,6396
3,6396
3,6416
3,6396
6,6329
5,6401
3,6415
8,6401
3,6404
8,6393
5,6393
8,6370
3,6415
3,6370
6,6401
6,6411
8,6329
8,6370
6,6396
3,6396
5,6393
3,6416
3,6416
3,6416
6,6411
3,6329
3,6415
5,6393
6,6411
3,6415
6,6401
5,6408
3,641
5,6417
8,6363
8,6408
5,636
5,6408
5,6425
3,6417
3,641
6,6358
5,6417
5,639
6,6363
6,6408
8,639
5,6417
6,6417
5,639
6,636
3,636
8,6358
6,6419
8,6358
6,636
8,6425
8,6358
6,6363
5,6419
5,6419
6,6363
3,6425
3,6419
6,639
6,639
1,641
8,6411
8,6363
3,6425
3,6432
6,6432
8,6337
5,6389
3,6413
8,6426
6,6424
6,6424
5,6412
5,630
6,6412
3,6412
3,6337
6,6432
6,6412
6,6413
8,6426
6,6424
3,6423
8,6426
5,6413
6,6432
8,6403
3,641
5,630
6,6337
6,6403
6,6403
3,6337
5,6413
5,630
6,6403
3,6423
6,6423
5,6389
3,6423
3,6418
8,6442
5,6410
3,6406
6,6360
8,6389
5,6418
5,6306
5,6418
8,6410
6,6437
5,6410
6,6410
6,6437
6,6406
8,6442
3,6418
6,6420
8,6426
6,6440
3,6418
6,6440
5,6306
6,6420
3,6406
3,6410
6,6306
5,6306
6,6437
8,6442
8,6442
6,6406
6,6440
6,6420
6,6420
8,6426
8,6440
1,6456
3,6360
5,6372
3,6456
3,6448
8,6372
5,644
3,6449
3,6405
3,6405
3,6360
3,6454
5,6448
6,6409
3,644
5,6444
5,644
5,6448
5,6448
6,6405
3,6454
3,6409
3,644
3,6449
5,6405
3,6449
5,6454
3,6372
3,6444
5,6360
8,6409
3,6454
6,6372
3,6372
6,6444
5,6458
5,6409
3,6456
5,6456
6,6451
3,6450
5,6458
5,6455
6,6450
6,6446
6,6451
6,6451
5,6450
6,6463
10,6446
5,6433
6,6378
3,6433
6,6468
6,6452
5,6450
8,6446
1,6458
8,6451
5,6433
6,6446
3,6455
5,6378
6,6463
6,6463
6,6463
3,6455
5,6378
5,6458
5,6468
6,6468
6,6378
6,6459
3,6433
8,6459
6,6468
6,6480
8,6472
6,6472
3,6488
5,6471
3,6452
6,6480
5,6481
3,6452
6,6470
8,6452
6,6470
1,6481
3,6461
1,6461
1,6477
5,6477
8,6473
5,6477
8,6483
5,6471
5,6470
5,6470
6,6481
3,6483
3,6477
6,6480
5,6473
6,6470
6,6483
3,6461
6,6480
6,6483
5,6481
6,6473
6,6472
5,6488
5,6471
6,6488
3,6461
5,6471
3,6148
8,6163
3,4795
8,6147
5,4795
8,6154
6,6168
8,6089
6,6089
6,6173
6,6089
6,6154
5,6168
8,6163
6,6179
5,6179
3,6148
6,6167
6,4795
8,6173
5,6167
8,6154
6,6154
6,6173
6,6147
3,4795
5,6148
8,6147
3,6127
5,6127
5,6168
3,6167
3,6179
5,6163
8,6179
5,6148
6,6154
10,6127
1,6089
8,6127
5,6491
8,6486
8,6441
8,6441
6,6486
3,6474
3,6486
6,6484
3,6466
3,6496
3,6491
6,5258
3,6491
3,645
8,6441
5,6482
6,6482
6,6482
3,6474
6,6496
6,6486
5,6441
10,6482
5,6496
3,6484
3,6466
6,6466
6,6435
6,6466
5,645
6,6435
8,6435
6,5258
8,645
6,6484
3,6496
6,5258
5,6484
3,6474
3,6491
6,645
3,6507
6,6499
8,6487
5,6499
5,6422
3,6494
5,6494
6,6507
3,6061
8,6487
3,6502
8,6495
8,6487
6,6429
5,6495
5,6061
3,6499
3,6061
5,6494
3,6495
5,6499
3,6422
3,6502
5,6422
3,645
5,6061
6,6487
3,6507
8,6429
8,6429
6,6502
5,6501
8,647
3,6508
5,6509
5,6508
8,6469
5,6509
5,6501
3,647
8,6501
6,6516
5,6509
6,6469
8,6516
5,647
8,6504
3,6507
5,6509
8,6504
8,6476
6,6469
6,6504
5,6504
3,6508
5,6476
6,6476
5,6501
5,6516
6,6469
6,6504
6,6476
3,6516
6,6512
6,6428
6,6513
3,650
3,6428
6,6524
8,6524
1,6533
3,6515
6,6515
6,6529
6,6529
5,6512
3,6512
5,6428
8,6525
5,650
6,6453
5,6513
6,6490
8,6524
8,6513
6,6428
5,650
3,6529
3,6508
6,6453
1,6533
3,6513
8,6525
1,6529
1,6533
6,6515
6,6490
5,6512
8,6525
6,6524
10,6525
6,6490
6,6515
3,6542
5,6521
5,6521
5,6523
8,6520
5,6542
6,6453
5,6523
5,6534
3,6534
5,6503
6,6503
8,6514
6,6520
6,6503
5,6523
5,6523
6,6520
5,6534
6,6520
3,6521
6,6453
8,6514
3,6521
3,6542
8,6514
8,6503
5,6534
5,652
8,6492
3,6551
3,6560
3,6560
3,6560
3,6551
5,652
8,6551
8,6506
5,6536
3,652
5,6530
6,6492
3,6536
6,6530
5,6530
5,652
8,6492
6,6493
5,6551
5,6530
6,6506
3,6493
5,6530
6,6506
8,6492
5,6493
6,6506
3,6493
6,6506
3,655
8,6547
6,6537
1,655
8,6547
8,6544
3,6544
8,6457
6,6543
3,6558
5,6558
3,6544
3,2503
8,6537
5,6558
8,6547
5,6537
6,6457
5,2503
8,6537
8,6547
5,655
8,6457
3,6536
8,6547
8,6558
6,6535
3,6558
8,6547
5,2503
5,6535
6,6544
5,6457
6,2503
5,6535
5,2503
5,655
3,6535
6,6568
3,6564
8,6568
5,6562
6,5468
3,6564
6,6562
6,6569
8,6475
5,6554
3,6543
3,6543
8,6576
1,6576
3,6475
5,6554
3,6564
6,6475
3,6569
5,5468
3,6543
3,6564
6,6569
6,5468
1,6564
5,6562
3,6554
3,6475
8,5468
6,6554
6,6569
8,6562
3,6576
3,6562
8,6570
6,6565
3,6571
6,6552
6,6565
6,6552
3,6561
5,6578
6,6539
8,6552
5,6578
5,6561
6,6565
6,6539
6,6568
3,6580
5,6578
5,6571
3,6571
6,6556
3,6574
5,6574
6,6570
3,6580
6,6570
6,6556
8,6556
6,6580
8,6578
5,6574
3,6571
8,6552
5,6570
3,6580
8,6552
5,6565
6,6539
3,6561
6,6539
3,6595
6,6585
8,6581
6,6519
5,6519
3,6527
8,6519
3,6587
3,6573
3,6595
3,6573
5,6527
3,6573
3,6586
8,6581
6,6577
3,6573
3,6577
8,6577
3,6586
3,6527
8,6581
5,6586
5,6595
8,6585
1,6587
3,6519
6,6585
3,6585
3,6587
3,6587
5,6527
3,6575
5,6585
8,6581
5,6595
3,6586
3,5963
8,6121
6,6121
6,6136
8,6166
10,6166
6,6166
8,6162
6,6166
5,5963
5,616
5,6176
8,6145
6,6162
8,6121
8,6121
5,6162
8,6121
6,6162
6,6136
5,6181
6,6145
8,6173
5,6145
5,6181
5,6136
6,6162
5,6181
5,6176
6,6145
5,6162
6,6176
5,5963
5,6176
5,6136
3,6591
3,6603
6,6591
3,6596
3,6567
6,6609
5,6609
3,6604
5,6575
8,6609
5,6575
6,6567
8,6436
5,6540
5,6604
5,6608
5,6594
5,6596
5,6591
5,6594
3,6594
6,6436
3,6604
5,6603
6,6591
3,6540
3,6567
6,6603
5,6594
5,6603
3,6567
3,6540
3,6596
3,6596
6,6436
5,657
5,6618
3,6608
5,6607
5,6609
6,657
5,659
1,6608
6,6611
8,6610
6,6611
6,6600
5,659
3,657
3,657
6,6614
8,6614
8,6610
6,6618
5,6607
3,6608
6,6600
3,6598
8,6600
5,6611
6,6607
5,659
8,6600
6,6598
5,6607
6,6607
6,6618
5,6614
8,6610
6,659
6,6598
3,65
3,6592
6,6593
6,6592
6,6631
8,6613
6,6613
5,6613
6,658
6,6631
6,6631
5,6606
6,6620
6,658
5,6606
3,65
8,6593
5,662
5,6620
6,658
6,6631
3,6592
6,662
5,6606
8,6593
6,6593
6,658
6,6613
6,6606
3,65
5,65
3,662
5,6620
8,6592
6,6636
5,6645
6,6634
5,6632
5,6617
5,6617
6,6626
3,6636
3,6640
3,6640
3,6634
5,6632
5,6640
5,6635
5,6640
5,6572
3,6635
5,6635
3,6572
3,6636
8,6563
5,6617
5,6563
3,6632
6,6634
6,6632
3,6635
5,6645
3,6572
5,6634
3,6636
3,6617
3,6645
6,6563
6,6563
3,6637
6,6644
6,6517
3,6650
6,6517
8,6644
8,6648
5,6648
6,6641
6,6648
5,6589
5,6641
6,6626
6,6626
3,6616
5,6641
5,6616
5,6647
6,6647
5,6616
8,6517
5,6650
6,6589
6,6641
6,6644
6,6644
3,6626
3,6647
6,6626
5,6616
6,6589
6,6650
5,6637
6,6517
8,6589
6,6648
6,6657
5,6651
8,6657
8,6549
1,6664
5,6627
6,6658
8,6658
5,6651
5,6651
6,6627
5,6601
8,6657
5,6659
6,6601
6,6601
6,6659
8,6601
8,6549
5,4500
6,6657
5,6651
8,4500
3,4500
3,6664
1,6664
3,4500
5,6659
5,6627
3,6637
5,6662
6,6658
5,6627
5,6658
8,6549
6,6659
8,6646
6,6646
3,6668
8,6662
10,6646
3,6671
8,6646
5,6666
6,6653
3,6654
5,6621
5,6666
5,6621
6,6653
3,6654
6,6671
8,6668
6,6653
3,6671
1,6590
5,6653
6,6621
8,6662
3,6590
8,6668
3,6654
3,6654
3,6672
8,6668
6,6666
6,6678
3,6671
6,6621
5,6672
5,6668
5,6672
6,6672
5,6666
1,6590
3,6683
6,6680
3,6678
10,6675
3,666
5,6683
5,6675
3,666
5,6673
5,6675
6,3829
5,6679
8,6267
3,6684
6,6684
5,6675
3,6680
3,6683
3,6673
3,6673
3,6683
3,6679
3,6679
3,6684
3,6678
5,6680
6,6684
3,3829
3,666
3,6678
6,666
6,6267
6,6267
5,6680
3,3829
6,6566
5,661
3,6695
3,6690
3,6686
3,6694
8,667
8,6694
1,6690
5,6686
1,667
3,6694
6,6665
3,6692
5,6695
6,6665
5,6685
5,6669
3,667
5,661
5,6686
3,6686
6,6665
5,6692
6,6685
6,6669
5,6669
5,6685
3,6695
3,6669
8,661
6,6566
3,667
6,6665
6,6566
5,6692
6,6695
3,6690
3,6685
3,6690
6,6715
3,6705
5,6710
6,6681
6,6701
3,6689
3,6708
5,6660
1,6705
6,6689
3,6681
3,6699
5,6681
3,6705
3,6694
3,6701
5,6689
5,6701
5,6660
3,6708
3,6701
5,6681
6,6705
3,6699
3,6715
5,6689
3,6681
3,6710
3,6699
5,6708
6,6689
5,6715
6,6660
3,6710
5,6715
1,6183
5,616
5,6184
5,6183
1,6183
3,6189
6,615
3,616
5,616
1,6189
5,6183
5,6184
5,6184
5,6202
3,615
5,615
6,615
6,6202
5,616
6,6178
6,6178
3,6185
5,6185
3,6189
5,6184
8,6169
5,6169
3,6185
8,6202
3,6178
3,6178
5,6189
6,6202
6,6703
8,6696
6,6696
6,6687
5,6720
8,6682
5,6732
6,6687
6,6688
6,6682
8,6703
8,6688
3,6704
3,6628
8,6703
6,6732
3,6704
6,6687
5,6628
5,6687
6,6682
6,6628
5,6703
5,6688
5,6720
6,6682
3,6720
5,6732
8,6696
6,6704
6,6687
3,6712
6,6712
6,671
5,6737
6,6712
8,6714
8,6722
3,6725
5,6725
5,6725
5,6722
5,6722
6,6713
8,6713
6,672
8,6714
6,671
5,671
6,6713
8,6712
6,6722
6,6737
5,672
6,6725
6,6722
5,6737
8,6714
5,6628
5,672
6,6737
8,672
3,671
5,6731
5,6729
3,6748
8,6656
5,6748
3,6729
6,6736
6,6724
8,6656
8,6736
5,6742
1,6742
6,6656
6,6736
6,6724
6,6755
6,6731
6,6755
6,6755
6,6733
8,6733
6,6731
6,6736
8,6742
3,6748
5,6729
5,6755
3,6748
3,6729
6,6731
6,6724
3,6733
5,6733
6,6724
3,6754
8,6743
5,6760
3,6740
5,673
3,6763
5,6754
5,6731
3,6754
5,6763
5,6744
5,5310
3,6766
5,6743
3,6740
5,6740
3,6763
6,6740
6,5310
3,6754
6,6743
8,6743
6,6766
3,5310
5,6760
5,6744
5,6760
5,6744
6,6760
8,5310
8,6743
3,6763
6,673
8,6744
5,6766
3,6763
3,676
6,6761
6,6767
3,676
5,6780
5,673
3,6776
6,6751
1,6776
6,6767
5,6765
5,6761
3,6761
6,6711
6,6776
6,6751
5,6767
5,6780
6,676
5,676
5,6761
5,6780
6,6765
5,6765
3,6776
5,6780
5,673
6,6767
3,6751
6,6786
8,6783
5,6783
8,6778
6,6711
5,6782
8,6778
5,6778
5,6773
5,6711
5,6772
6,6728
6,6779
6,6779
6,6711
8,6779
8,6783
6,6728
5,6782
5,6782
6,6772
8,6783
6,6728
5,6778
6,6786
6,6772
3,6773
6,6773
6,6772
6,6775
6,6775
6,6796
5,6790
5,678
3,678
8,6787
3,6787
3,6798
3,6798
3,6788
6,6796
5,6798
3,6777
6,6796
3,678
6,6790
6,6784
6,6775
3,678
6,6777
6,6788
3,6777
3,6786
3,6805
6,6805
3,6777
3,6784
3,6784
3,6788
5,6775
5,6790
6,6787
5,6787
3,6805
3,6790
3,6784
5,6798
3,6793
5,6718
3,6718
6,6718
5,6271
3,6271
6,6816
8,6271
6,6271
3,6785
6,6721
8,6785
6,3883
8,6785
6,6746
8,67
5,6746
6,6721
6,67
5,3883
8,6721
5,6804
6,6721
3,6816
5,6804
3,6793
3,6721
5,6804
6,67
5,3883
5,67
5,6721
3,6816
5,6746
5,6718
3,3883
3,6793
3,6793
3,6749
8,5903
8,6799
6,6823
6,6810
6,679
6,6735
10,5903
3,6749
5,6818
3,6749
6,5903
5,6799
6,6756
3,6822
6,6799
3,6822
8,5903
6,6799
3,6810
8,679
5,6818
3,6810
6,6823
6,6756
5,6822
3,6812
5,6756
3,6822
5,6812
6,6823
6,679
6,6823
5,6812
6,6756
6,6818
3,6749
8,6756
6,6812
3,6828
3,6839
1,6839
6,681
3,6802
6,6735
3,6828
5,6802
3,6828
5,6768
8,6832
8,6834
6,682
3,6774
5,681
3,6774
5,6819
3,682
6,6819
8,6768
6,682
5,6768
5,6802
8,681
6,6834
6,6819
1,6839
6,6735
5,6735
5,6828
5,681
1,6774
5,682
1,6839
5,6768
3,6802
5,6810
5,6819
8,6834
3,6802
3,6802
3,6193
8,6169
6,6174
5,6158
8,6174
5,6171
3,613
6,6171
5,613
6,613
8,6169
3,6193
3,6207
5,6196
5,6196
3,6196
3,6187
8,6187
8,6180
8,6180
6,6171
3,6180
3,6207
5,6180
5,6158
1,6207
5,613
8,6138
8,6174
3,6196
8,6138
6,6158
8,6174
5,6171
6,6138
3,6193
5,6138
1,6207
5,6138
3,6848
3,6781
6,6848
3,6817
6,6807
5,6848
3,6817
6,6801
5,6781
5,6817
6,6809
6,6809
5,6809
3,6842
6,6838
5,6838
6,6838
8,6801
3,6838
6,6801
5,6832
3,6838
6,6838
5,6781
6,6842
8,6801
3,6781
5,6842
6,6832
3,6842
5,6807
5,6809
6,6807
6,6832
8,6827
3,6827
5,6846
8,6850
6,6843
8,6825
8,6795
3,6853
3,6854
6,6853
3,6830
5,6848
6,6843
6,6859
5,6830
5,6827
6,6843
3,6846
6,6830
8,6795
8,6795
6,6825
5,6843
3,6859
10,6795
3,6853
5,6846
6,6825
3,6854
8,6846
6,6807
6,6825
6,6859
3,6854
5,6830
3,6854
8,6853
3,6730
6,6844
8,6730
6,6850
5,6850
6,6791
3,6857
5,6791
3,6730
6,6849
6,6850
6,6813
8,6791
5,6855
5,6813
3,685
5,6813
6,6855
6,6857
5,6845
6,6791
5,6857
5,6813
5,6845
5,6844
6,6865
5,685
8,6849
5,6844
3,6813
6,6857
6,6855
6,685
3,685
6,6845
10,6849
6,6849
5,6730
6,6855
3,684
3,686
8,6789
3,686
5,6863
3,6869
6,6867
3,6867
6,6865
3,6863
3,6872
3,680
5,6390
6,6865
8,680
3,686
5,6863
6,6390
6,680
3,6872
5,684
5,6869
5,686
5,6867
8,684
1,6887
3,6789
6,6863
3,6876
3,6872
3,6789
3,6869
5,6865
6,6872
1,6887
5,6390
1,6887
5,6390
3,6869
5,6789
3,6867
6,6892
6,6889
5,6876
6,6858
3,6896
8,6892
3,6889
3,6896
6,688
6,6892
8,6858
5,6864
6,6868
6,6868
6,6858
5,6896
6,688
3,6889
6,6896
6,6833
6,6833
6,6892
8,688
6,688
6,6864
5,6876
6,6868
3,688
5,6864
5,6889
3,6876
6,6868
8,6858
5,6864
6,6833
6,6833
6,6841
6,6883
3,6873
5,6883
3,6897
6,6860
5,6873
3,689
8,6883
5,6878
3,6891
6,6878
5,6897
3,689
5,6873
6,6883
6,6878
5,6891
5,6860
5,6891
3,689
8,6841
3,6897
3,689
5,6762
6,689
1,6891
5,689
3,6762
6,6891
6,6860
5,6762
6,6762
6,6882
6,6860
3,6762
6,6841
3,6897
6,6883
5,6841
8,6895
5,6902
8,6886
8,6882
8,6895
6,6895
5,691
6,6882
3,6909
5,6885
8,6909
3,6831
1,691
5,691
6,6902
6,6909
8,6886
6,6895
6,6885
8,6909
5,6885
5,6902
3,6882
8,6909
8,6831
3,6902
8,6886
8,6886
5,6885
8,6831
6,6831
3,691
5,674
5,6885
5,6870
6,6879
5,6907
8,6759
6,6866
5,6920
5,6918
8,6759
5,6898
5,6898
6,6870
5,674
3,6916
6,6920
5,6927
5,6907
3,6916
3,6870
3,6898
3,6870
5,6920
6,6879
8,6856
3,6920
5,6927
3,6866
6,6879
5,6916
3,6898
6,6759
6,674
3,674
5,6907
1,6856
5,6916
5,6916
8,6856
6,6759
3,6927
3,6866
3,6932
10,6901
5,6912
6,6910
6,6901
3,6924
5,6918
6,692
8,6910
3,6851
3,6932
5,6912
3,6901
5,6922
6,6912
5,6851
3,6922
6,692
6,6913
8,6910
8,692
5,6918
3,6912
6,6922
6,6913
6,6870
5,6932
8,6910
5,6851
5,6924
5,6901
6,6851
5,6924
8,6922
6,6913
3,6924
3,6918
5,692
6,6913
8,6931
6,6893
5,6939
6,6931
3,6944
5,6930
3,6944
1,6948
5,6944
3,6948
3,6944
1,6948
3,6877
6,6921
5,6939
5,6948
5,6930
3,6877
6,6921
6,6893
6,6931
8,6893
3,6877
3,654
3,6877
6,6893
6,6921
8,6931
5,6930
5,654
5,654
3,6949
5,6949
3,654
1,6939
3,6949
8,6949
5,6930
6,6893
6,6182
6,6213
8,6213
6,6192
5,6194
6,6194
5,6182
5,6192
6,6213
6,6204
6,6204
6,618
6,6213
8,6203
3,6194
8,618
6,6182
3,619
3,6194
6,6213
8,6204
1,619
8,6187
8,6203
5,6204
8,6187
5,6192
6,6203
3,619
6,6203
8,618
6,619
6,6182
3,695
3,6952
8,6928
8,6929
5,695
3,6929
8,6937
3,6871
5,6928
5,6946
6,6952
6,6935
5,6928
5,6929
3,6935
6,6871
3,6926
6,6929
5,6946
3,6871
1,6871
6,6935
5,6926
5,6926
5,6929
3,6952
6,6928
6,695
5,6935
6,6928
5,6935
1,695
5,6926
5,6929
5,6946
3,6971
5,6956
3,6969
3,6969
6,6964
5,6950
6,6937
5,6950
5,6969
3,6971
6,6964
3,6969
5,6950
3,6941
8,6937
5,6956
6,6936
3,6968
8,6941
3,6968
6,6936
3,6915
5,6958
3,6961
5,6941
3,6958
3,6956
5,6958
6,6936
5,6964
6,6915
6,6941
3,6971
5,6961
5,6964
8,6915
5,6961
1,6971
5,6961
6,6968
5,6947
5,697
5,6989
8,6947
3,6963
5,6933
6,6983
8,6933
3,6981
6,6947
5,697
1,6983
8,6976
6,6981
3,6933
6,6989
3,6963
5,697
5,6989
6,6963
6,6981
6,697
3,6963
3,6983
5,6980
3,6981
3,6933
3,6983
3,6981
5,6989
6,6980
5,6980
3,6947
5,6972
5,6976
6,6972
5,6769
5,6992
6,6769
5,6993
3,6996
5,6993
3,6992
3,6852
6,6996
6,6976
5,6992
8,6976
6,6769
5,6988
5,6852
3,6988
5,6972
5,6995
3,6995
5,6992
3,6972
3,6852
6,6993
5,6988
6,6993
6,6995
6,6769
6,6996
6,6978
3,6984
5,6999
6,6982
6,6978
8,6982
6,6965
3,6959
3,6994
6,6978
3,6991
6,696
6,6999
3,6991
6,6994
3,6861
6,6999
5,6991
6,6977
6,696
5,6959
6,6977
3,6984
5,6984
6,6861
5,6999
8,6959
3,6984
8,696
6,6977
6,696
5,6861
1,6994
6,6982
6,6965
5,6861
3,6959
8,6938
3,6996
5,6975
5,7002
5,7003
3,7002
6,6987
5,7002
5,6997
8,6421
3,6951
5,6997
1,7001
8,6938
5,6975
6,6938
1,6997
3,6987
5,6951
5,6938
6,6975
3,7003
5,7001
5,7012
6,6951
3,6987
6,6987
6,6975
3,6421
3,7002
5,6997
3,7012
6,7003
8,7012
3,7003
5,6951
5,7001
5,668
8,6925
6,668
8,7018
3,7030
5,6925
3,6979
3,6942
3,7018
5,668
3,6979
8,6942
3,7004
3,7018
3,6579
6,6942
5,6925
5,668
6,7030
3,6579
6,7016
3,7004
3,6421
3,7004
3,7018
5,7016
6,6925
1,7030
6,6942
5,6979
3,6579
6,6579
5,7016
5,6421
1,6979
3,7004
5,6979
6,7016
1,7030
8,7015
3,7029
8,7029
8,7015
6,7019
3,7029
5,7027
5,7000
3,7025
5,7025
8,7032
6,7006
8,7006
3,7032
5,7006
6,7000
8,7019
5,7000
6,7023
5,7024
1,7024
6,7005
6,7027
3,7023
8,7005
6,7027
5,7027
6,7005
5,7019
6,7024
6,7023
5,7023
5,7015
8,7019
3,7029
6,7032
8,7005
3,7024
3,7025
5,7044
6,6966
3,7031
6,7021
5,6966
8,7034
5,701
6,7034
3,701
6,7042
5,7044
5,7031
5,7044
6,7034
3,701
3,7031
6,7034
8,7021
8,7000
5,6966
6,7034
5,7031
6,7044
5,7042
3,7031
5,7042
3,6966
8,7042
8,7039
3,7050
5,698
3,7045
5,7047
5,698
3,7056
3,698
5,698
6,7049
3,7047
5,698
6,698
5,7046
5,7043
6,7047
8,7049
6,7049
8,7039
8,7021
1,7056
5,7050
3,7056
6,7046
3,698
5,7047
5,7045
8,7049
5,7043
6,7039
1,7043
6,7049
5,7043
6,7046
6,7045
6,7045
6,7047
6,7021
3,7050
8,6226
6,6217
3,6220
3,6201
3,5890
6,6219
6,6215
3,6226
6,6226
6,6205
6,6200
8,6219
5,6215
5,6217
6,6223
6,6200
3,6220
8,6223
3,6223
8,6200
5,6215
5,6219
8,6211
5,6211
3,6200
3,6201
6,6217
6,6220
3,6226
6,6217
5,6211
5,6211
5,6201
8,6205
8,6205
5,6223
8,6211
5,6219
3,6201
5,704
5,7007
8,7036
5,7077
3,7075
3,704
5,7036
5,7075
5,7077
6,7048
5,7077
6,6919
6,7033
6,7036
3,7052
6,6919
8,7052
5,7007
6,704
6,7007
5,7077
5,7048
5,7007
6,7046
6,7033
6,7033
3,704
3,7075
3,7075
5,7052
6,6919
8,7048
6,7036
6,7052
5,7033
6,7069
6,7091
6,7061
3,706
3,706
3,7091
5,7069
6,7041
5,7080
5,7069
6,7084
3,7026
5,7026
3,7041
8,7061
3,7084
3,7091
6,705
5,705
5,705
3,706
5,7080
6,7080
3,7091
8,7041
5,7080
3,7084
5,7026
6,7041
6,7084
3,7026
5,7041
3,7069
6,7087
3,7074
5,706
6,7085
3,7087
5,7099
3,7085
8,7062
5,7061
3,7099
6,7066
5,7099
6,7093
8,7094
5,7094
1,7066
5,7093
5,7085
6,7093
6,7085
6,7066
3,7083
5,7066
6,7087
5,7099
3,7094
6,7088
3,7088
5,7083
6,7088
8,7061
6,7093
3,7083
3,7074
5,7088
3,7074
6,7087
3,7074
6,7062
6,707
6,7104
5,7094
6,7100
3,7104
5,707
3,7097
3,7097
1,7113
8,7081
6,7109
3,7098
5,7081
5,7109
3,7107
6,7100
6,707
5,7097
3,7104
6,7097
6,7109
1,7081
3,7113
3,7107
5,707
6,7098
3,7100
6,7098
3,7109
8,7098
8,7113
6,7098
6,7081
3,7098
5,7107
5,7100
5,707
3,707
6,7079
6,7106
5,709
3,7122
3,70
6,70
8,709
5,7115
5,7116
3,709
3,7119
3,7079
5,7106
5,7106
8,7104
6,7116
8,70
6,70
6,7112
5,7116
8,7112
6,7115
6,7126
6,7116
5,7079
3,7122
1,7122
8,7112
6,7106
5,7112
3,7079
6,7122
3,7079
5,7119
5,7119
6,7119
6,7115
5,7105
6,710
3,712
8,7101
5,7118
6,7105
3,7124
3,7053
6,710
5,7126
6,7053
3,7117
5,7117
6,7101
5,7053
8,7118
3,7105
6,7105
3,7124
5,7126
5,7124
3,712
8,7127
5,7118
3,7126
5,7117
6,7090
6,710
5,7127
8,7101
8,7090
6,7090
3,7117
5,7127
3,7101
6,7101
6,712
3,712
5,7090
8,7020
8,7114
5,711
6,7020
3,7103
3,7135
5,6940
8,7132
6,6940
6,7114
6,7129
6,7020
3,7129
8,7129
3,7135
8,7132
5,7132
1,7103
1,7095
8,7129
3,7132
6,6940
6,7095
3,7095
3,7134
3,7103
6,7114
5,7095
3,7135
5,6940
6,6940
6,7134
6,7020
3,7103
3,711
6,7134
6,7134
1,7138
8,7082
8,7151
3,7146
5,7142
3,7137
5,7146
5,7146
3,7137
3,7138
8,714
6,7130
5,714
5,713
3,7142
6,7143
6,7143
6,713
3,7151
6,713
6,7130
3,7130
6,7143
6,7130
1,7138
3,7138
5,7151
8,7143
6,713
8,7142
3,7142
6,7137
5,711
5,714
6,7082
5,7082
6,7082
3,7123
3,7168
6,7082
5,7123
5,7168
5,7168
3,7168
5,7123
6,6236
3,6240
5,6216
5,61
6,6216
6,6240
5,5890
5,6224
6,6224
5,5890
8,6216
5,5884
6,6228
6,61
8,61
5,5890
6,6228
6,5884
5,6237
6,61
5,6240
6,6228
1,5884
3,6237
3,6236
8,6216
5,6240
8,6228
5,6224
3,6244
3,61
6,6236
3,6237
3,5884
6,6224
3,6237
6,6129
5,6459
5,6765
8,6796
5,6859
5,7161
3,715
5,702
6,7158
6,7111
6,7169
6,7169
3,7161
6,7111
3,7159
5,7159
8,7158
3,7158
3,702
6,7162
8,7162
6,716
3,715
6,716
6,7148
3,702
5,7161
8,702
5,7148
3,7158
3,7148
6,7148
3,715
6,716
6,7111
5,7159
8,7169
6,716
3,7161
6,7169
8,7169
6,7162
6,7111
6,7159
6,7162
6,7145
8,7145
3,7108
3,7179
3,7179
6,7128
6,7128
3,5669
5,7175
6,7166
6,7166
6,7128
6,7171
6,7145
5,7175
5,7175
5,7166
8,7174
5,7175
5,7177
8,7174
5,5669
8,7128
5,7166
3,7108
5,7128
6,5669
8,7145
6,7179
3,7108
5,7179
3,7108
5,7179
6,7145
3,7177
5,7148
8,7174
3,7177
8,7174
6,7177
8,717
5,7051
8,7252
5,7252
3,7271
6,7189
6,7266
8,7291
5,7266
3,7155
6,7266
6,7189
5,7252
1,7296
6,7266
5,7291
8,7051
5,7297
8,7155
5,7189
5,717
3,7296
3,7271
5,717
6,7155
5,717
6,7155
3,7271
5,717
3,7297
3,7297
6,7291
3,7296
6,7189
3,7271
5,727
3,7302
3,7281
6,7302
6,7302
6,7222
6,7222
5,7273
3,7273
3,7250
5,7281
8,7302
5,729
3,7281
6,7286
5,7273
6,727
8,729
6,7286
6,729
8,7222
5,7302
6,7281
3,7250
8,7286
6,7273
5,729
6,7222
6,7286
5,727
5,7273
5,7250
5,726
6,7244
3,731
5,7311
1,7301
5,7055
3,7301
3,7301
6,731
8,731
6,7055
5,7055
5,7244
3,7311
3,7309
3,7301
3,726
5,731
8,7055
3,7309
3,731
5,7309
3,7318
3,7316
6,7208
3,7311
6,7244
5,7311
6,7316
3,7316
6,7318
3,7208
6,7318
3,7301
3,7309
5,7208
3,726
5,7316
3,7331
3,7328
8,7326
3,7326
5,7331
1,7339
5,7306
5,7323
6,7249
5,7249
6,7306
5,7300
6,7324
6,7310
5,7300
5,7328
3,7326
8,7318
5,7249
6,7306
6,7324
3,7326
5,7249
3,7339
3,7328
8,7310
5,7331
5,7323
6,7324
3,7300
3,7324
8,7323
8,7323
1,7339
8,7310
5,7331
8,7310
3,7280
5,7288
5,7288
3,7288
8,7290
6,7321
6,7321
6,7262
8,7332
5,7313
6,7321
5,7288
6,7280
5,7287
8,7290
8,7280
3,7287
5,7325
3,7313
5,7333
6,7332
6,7287
8,7262
5,7333
5,7262
5,7313
6,7336
3,7280
5,7313
6,7332
5,7332
5,7325
3,7325
5,7287
5,7288
6,7325
1,7336
6,7333
6,7336
6,7321
5,7357
6,7319
6,7319
6,733
5,7334
6,7351
3,7319
3,7346
3,7334
6,7338
3,7351
6,7351
5,7351
6,7341
8,733
5,7346
3,7334
5,7338
6,7341
6,733
5,7338
8,7341
3,7357
5,7293
3,7341
6,733
6,7346
3,7346
3,7357
5,7334
5,7334
3,7293
5,7290
8,7319
1,7357
6,7293
8,7290
8,736
5,7370
6,7279
3,7370
5,7358
3,7370
8,7329
5,7343
5,7367
6,7365
6,736
6,7365
3,736
3,7343
5,7367
5,7370
3,7279
8,7329
5,7355
5,7365
5,7279
6,7367
3,735
6,7329
5,7355
5,735
3,7245
5,7279
5,735
6,7329
3,7245
5,7343
6,7365
3,7355
3,7343
3,735
5,7355
3,7358
6,7358
5,7245
8,6661
8,7312
6,7348
5,7150
8,7354
6,737
1,7380
5,737
3,7348
6,7150
5,7312
5,72
8,6661
5,7150
5,7348
5,7380
6,7380
5,72
6,7354
3,72
8,6661
5,737
6,7354
5,737
8,6661
6,7312
5,7150
6,7380
8,7376
3,7399
3,7382
6,7389
5,7394
5,7387
3,7382
5,7394
6,7398
5,7394
6,7395
8,7395
5,7397
3,7399
1,7399
5,7390
3,7389
5,7394
3,7399
6,7390
6,7397
8,7397
8,7395
3,7398
6,7389
3,7395
6,7381
6,7382
6,7381
5,7387
6,7381
6,7398
5,7389
6,7390
6,7390
5,7387
5,7387
6,7390
8,7381
5,7409
3,7409
5,7409
6,7385
6,7405
6,738
5,7385
8,7376
8,7386
6,7386
5,7385
8,7403
8,7385
5,7405
5,738
3,7409
3,7308
6,7403
3,7411
3,7384
5,7384
3,7411
8,7376
8,7386
5,7405
3,738
3,7308
5,7308
8,738
8,7384
8,7376
5,7384
8,738
6,7405
5,7308
3,7411
5,7154
8,7184
8,7195
3,7198
5,7017
8,7171
8,7165
3,7017
3,7171
5,7201
6,7154
5,7165
5,7188
3,7154
5,7184
6,7188
3,7192
3,7192
6,7017
6,7188
5,7198
3,7201
5,7184
3,7198
5,7198
6,7165
3,7192
6,7171
3,7165
5,7195
6,7184
5,7195
5,7188
3,7201
3,7165
5,7375
6,7406
5,7421
5,7406
5,7420
3,7414
6,7379
3,7418
6,7403
8,7379
6,7403
6,7393
6,7421
8,7393
8,7372
3,7421
8,7372
3,7422
8,7372
3,7422
3,7414
8,7393
3,7418
3,7375
3,7418
6,7422
5,7421
6,7393
6,7372
5,7375
3,7414
5,7406
3,7418
8,7379
6,7406
3,7423
5,7368
6,7426
6,7437
6,73
6,7420
3,743
3,743
6,7429
6,7413
5,7429
5,7437
5,7429
3,7426
5,7420
8,7420
6,742
8,742
6,7413
6,7413
8,7413
3,7438
5,7430
3,7423
6,742
6,7429
1,7444
3,7437
8,7430
6,73
3,7423
3,7423
6,7430
3,7368
6,73
5,7437
3,743
5,7413
8,742
6,7368
6,742
6,7428
3,7424
6,7426
3,7401
5,7444
3,7383
5,7438
6,7450
5,7401
6,7424
6,7428
3,7428
1,743
6,7450
3,7450
6,7426
6,7401
5,7383
6,7350
8,7350
6,7446
8,7446
5,7446
5,7383
3,743
5,7438
6,7350
3,7444
6,7425
3,7425
8,7425
6,7424
6,7450
5,7428
6,7425
6,7424
6,7438
5,7446
5,7383
5,7407
6,7445
8,7449
5,7455
6,7350
1,7462
5,7461
3,7461
8,7416
5,7454
6,7449
3,7449
5,7445
6,7455
6,7454
3,7462
5,7462
8,7454
5,7461
8,7416
5,7455
5,7416
3,7407
6,7445
5,7445
3,7454
3,7461
8,7416
3,7449
5,7407
1,7454
3,7456
3,7417
6,7467
6,7452
5,745
5,7417
6,7467
3,745
8,7468
1,7475
6,7452
5,7456
6,7468
1,7475
6,7467
5,7456
6,7468
3,7451
5,7452
5,7464
5,7464
3,7417
3,7464
8,7468
6,7467
6,745
3,7417
5,7464
5,7475
3,7456
5,745
8,7452
1,7466
3,7466
3,7466
3,7471
5,7442
8,7442
3,7483
3,7483
5,7443
3,7477
5,7451
8,7490
3,7457
3,7483
5,7451
6,7457
8,7477
3,746
6,7457
3,7471
3,7477
5,7443
6,7471
6,7442
3,746
6,746
3,7471
6,746
5,7443
6,746
3,7443
5,7477
8,7490
5,7483
5,7451
3,7457
6,7490
5,7442
8,7442
3,7466
5,7484
6,748
6,7486
5,748
3,7489
6,7489
5,7495
5,7492
5,7484
6,7495
6,7482
5,7431
3,7472
3,7489
8,7434
3,7431
3,7492
6,7480
3,7486
6,7434
3,7472
8,7486
5,7472
3,7484
5,7484
3,7482
5,7480
3,7482
8,7486
5,7431
5,7486
5,748
5,7480
5,7492
5,7482
6,7431
6,748
3,7434
5,7434
5,7434
6,7510
6,7503
8,7453
6,74
6,747
5,7509
8,7510
1,7514
3,7514
6,74
3,7511
3,7491
8,749
6,74
6,7503
5,7511
8,749
8,749
6,7453
3,7514
6,7508
6,7508
3,7509
3,7491
8,7510
6,7503
3,7521
5,7511
5,7511
5,7509
6,7491
8,7503
3,7514
10,749
6,747
6,7508
5,7509
5,7491
6,747
6,7508
6,7453
6,7453
3,7519
5,7502
5,6954
8,750
3,7521
5,7518
5,7519
6,7512
6,7515
3,7496
5,7519
3,7519
5,7512
5,7512
8,7496
8,750
8,7228
6,6954
8,7518
6,7496
3,6954
3,7518
3,7502
8,750
8,750
8,7518
8,7228
6,7512
5,7521
6,6954
8,7228
3,7502
8,7228
6,7515
5,7502
6,7515
3,7521
8,7541
3,7520
3,7534
5,7538
5,7522
6,7534
8,7534
5,7520
5,7537
6,7513
3,7541
5,7513
6,7537
8,7536
3,7538
6,7534
3,7541
3,7525
6,7537
6,7463
6,7525
3,7525
6,7520
3,7538
5,7522
3,7463
5,7520
3,7463
6,7463
5,7463
5,7522
3,7522
8,7513
3,7525
6,7536
3,7544
3,7538
3,7544
6,7544
8,7536
6,7520
6,7205
6,7199
3,7206
5,7199
6,7163
8,7205
5,7210
6,7200
8,7163
5,7210
8,7199
5,7207
6,7163
5,7207
6,7218
5,7163
8,7205
5,7207
6,7195
5,7199
6,7218
3,7207
5,7206
3,7218
6,7206
3,7200
6,7200
3,7205
3,7218
3,7210
6,7199
3,7199
8,7546
3,754
3,7547
3,7551
6,7540
6,7432
3,7537
6,753
8,753
6,7432
5,7547
6,7551
5,7540
3,7546
8,753
8,7432
3,7545
5,7551
8,7432
6,7545
5,7547
1,7547
3,754
5,7540
5,7551
3,7540
3,7545
1,7546
5,7551
6,7546
10,753
3,754
6,7545
8,7535
6,7524
8,7529
8,7529
8,7533
3,7548
8,7535
6,7533
6,7535
3,7532
8,7532
8,751
8,751
5,7532
5,7561
8,751
8,7524
8,7533
5,7550
5,7524
3,7561
3,7561
6,7533
6,7552
5,7550
3,7561
5,7532
5,7548
5,7535
3,7548
5,7548
6,751
8,7550
6,7550
5,7548
5,7529
5,7532
6,7535
8,7529
3,7569
5,7579
6,7552
6,752
6,7568
3,7498
5,7498
8,7570
5,7568
6,7565
6,7570
3,7560
3,7583
5,752
5,7579
5,752
3,7569
3,7498
5,7568
5,7565
3,7555
3,7498
6,7555
3,7569
5,7583
3,7579
5,752
3,7579
5,7560
3,7568
5,7583
3,7560
5,7565
5,7552
5,7583
6,7555
3,7560
6,7570
6,7555
8,7552
6,7591
5,756
8,7585
6,7582
10,7558
3,7577
6,7572
3,7599
5,7584
6,7585
3,7577
3,7585
3,7572
3,7558
1,7599
5,7584
3,7584
5,7584
6,7591
3,7577
5,756
6,756
3,7599
3,7572
5,7572
3,758
5,758
3,756
8,7582
6,7591
5,7580
8,7591
5,7577
5,7572
3,7558
5,7582
1,758
6,7585
3,7572
1,7599
6,7558
5,7606
3,7602
5,7556
6,7592
6,7412
8,7610
6,7589
3,7606
8,7556
3,7606
6,7592
5,7556
5,7600
6,7412
6,7412
3,7610
3,7562
3,7610
6,7602
8,7562
3,7602
3,7600
5,7592
8,7562
5,7605
5,7605
6,7589
3,7606
6,7412
8,7589
5,7580
3,7600
5,7580
5,7556
5,7605
3,7602
8,7589
8,7562
5,7580
5,7600
3,7592
3,7609
3,7609
6,760
6,7566
6,7566
3,7596
3,7611
8,7566
3,7611
3,7610
5,7587
6,7609
5,7609
6,7478
5,7596
6,7611
8,7587
3,755
6,7566
6,7597
6,7566
5,7478
3,7478
5,755
3,7587
6,7597
6,760
8,7613
3,7613
6,7597
5,7597
6,760
8,760
8,7478
3,7596
3,7587
1,7611
3,7596
5,7613
8,7601
5,7402
6,759
3,7402
6,7601
8,7574
5,7563
6,759
8,7586
6,7601
6,7574
5,7623
3,7402
5,7623
5,7632
5,7563
5,7617
8,7617
6,7574
5,755
6,7586
8,7595
8,7601
3,7402
6,759
3,7632
5,7563
6,759
6,7595
3,7623
6,755
3,7632
3,7617
3,7563
5,7617
5,7632
3,7595
8,7574
3,7623
8,7586
3,7633
6,7619
6,7619
5,761
6,762
3,7633
3,7626
5,7059
5,7059
5,7626
5,761
6,7539
6,7586
3,761
8,762
3,7539
6,762
3,7615
3,7634
6,7619
6,7619
5,7634
5,761
5,7059
3,7634
3,7626
8,7626
8,762
3,7633
5,7059
6,7059
5,7059
3,7615
8,7615
8,7539
8,7628
6,7631
8,7616
3,75
8,7488
3,7633
3,7635
8,7631
6,7604
8,7488
8,7652
5,7625
5,7638
6,7604
5,7635
5,75
6,7616
3,7631
6,7604
6,7604
5,7625
6,7628
3,75
5,7628
5,7616
5,7635
5,75
3,7638
6,7616
8,7631
3,7638
6,7616
1,7625
8,7488
6,7638
8,7604
6,7628
5,7625
6,7660
5,763
6,7654
5,7663
8,7624
6,7644
5,7663
6,7660
3,7630
6,7655
3,7630
5,7624
5,7644
5,7660
5,7652
5,763
5,7627
5,7627
6,763
6,7624
5,7650
5,7644
3,7630
3,7630
5,763
6,7663
5,7650
5,7650
3,7644
6,7627
6,7654
5,7627
5,7652
6,7660
5,7655
6,7650
5,7655
6,7654
3,7655
5,7652
5,7209
6,7213
6,7156
6,7156
8,7125
8,7214
3,7225
3,7202
5,7214
3,7225
6,7202
8,7185
3,7202
6,7214
3,7157
5,7187
5,7213
5,7209
8,7125
6,7214
6,7213
6,7125
5,7211
5,7187
5,7156
3,7213
3,7187
5,7156
3,7157
3,7157
8,7125
3,7211
6,7211
3,7211
5,7209
6,7185
3,7157
5,7225
3,7187
5,7657
8,7564
6,7662
5,7662
8,7564
5,7657
3,7614
3,7662
3,7636
3,7614
3,7664
5,766
8,7564
6,7657
3,766
3,7664
5,766
3,7664
8,7614
3,766
3,7636
6,7664
8,7564
6,7646
3,7636
8,7636
6,7657
8,7624
8,7614
6,7662
5,7636
3,7693
5,7680
6,7676
3,7678
5,7680
3,7678
6,7640
5,7653
6,7676
3,7667
3,7680
3,7685
5,7672
5,7665
5,7676
5,7672
3,7685
6,7683
6,7672
5,7683
5,7683
3,7665
3,7665
5,7653
6,7678
8,7646
8,7676
1,7685
3,7653
5,7653
6,7640
6,7646
3,7646
5,7667
8,7640
3,7667
6,7640
3,7667
3,7665
1,7693
5,7688
6,7677
3,7688
6,7637
6,7697
3,7688
8,7637
5,764
3,7637
8,7688
3,7620
5,764
8,7637
6,7649
6,7696
6,7696
3,7686
10,7696
1,7693
3,7688
6,7686
6,7649
1,7693
6,7686
5,7620
6,7649
5,764
5,7620
3,7697
5,7686
6,7677
6,7677
6,7649
5,7620
6,7637
5,7696
6,7677
6,7697
8,7641
3,7705
3,7705
6,7695
5,7695
3,7699
3,7699
6,7697
10,7641
3,76
6,768
5,7695
5,76
5,7695
3,770
6,7717
6,7699
5,7710
5,7717
6,7641
5,7717
5,768
8,768
3,76
3,770
5,7717
6,7641
5,768
6,770
8,7705
5,7710
5,76
5,7709
5,7698
5,7698
5,7710
5,7690
6,7690
8,7706
5,7709
5,7709
6,7136
6,7136
6,7643
5,7706
8,7704
6,7704
5,7643
8,7706
8,7704
8,7136
8,7712
8,7698
5,7710
5,7712
6,7713
5,7643
6,7708
1,7643
8,7708
8,7136
6,7709
8,7712
6,7690
6,7708
3,7698
6,7708
5,7712
3,7690
6,772
5,772
5,7732
8,7723
5,7181
5,7724
8,7713
8,7647
5,7720
6,7730
5,7723
6,7724
5,7723
6,7181
6,7647
3,7732
3,7730
5,772
8,7723
8,7647
6,7720
8,7722
3,7724
6,7713
3,7730
8,7647
5,7720
6,7713
5,7720
6,7181
8,7720
3,772
5,7724
6,7722
5,7181
5,7730
5,7713
6,7181
3,7732
8,7687
6,7725
5,7741
3,7738
5,7734
5,7728
3,7738
8,7700
3,7728
6,7687
3,7741
3,7738
6,7727
3,7735
6,7725
8,7700
3,7727
6,7728
6,7725
6,7687
8,7734
8,7737
5,7722
5,7738
8,7722
3,7725
6,7735
8,7700
3,7738
6,7700
3,7727
3,7741
3,7735
5,7734
6,7728
6,7687
6,7735
5,7737
8,7737
3,7756
6,7694
6,7739
5,7742
8,7752
8,7739
3,7753
8,7739
8,7747
3,7740
8,7694
6,7694
5,7742
5,7747
3,7740
3,7754
3,7754
5,7742
8,7702
3,7753
3,7756
6,7756
5,7747
3,7754
3,7753
8,7702
3,7752
3,7754
6,7753
6,7739
6,7702
6,7694
6,7727
6,7742
3,7756
3,7747
5,7740
8,7752
6,7752
6,7718
5,7749
8,7757
5,7768
6,7757
3,7689
3,7749
5,7758
3,7758
5,7758
3,7718
5,7689
6,7689
5,7749
3,7758
3,7718
5,7752
6,776
5,776
8,773
6,7757
8,776
8,7757
3,7768
3,7761
6,7718
5,7768
6,773
1,7761
3,7761
3,7761
5,7689
8,773
3,7780
6,7785
6,7790
3,7765
5,7774
5,7780
3,7790
5,7748
5,7780
3,776
3,7765
6,7785
6,7773
3,7780
3,7787
6,7773
6,7774
5,7774
5,7785
6,7748
5,7748
3,7790
8,7748
3,7774
5,7765
5,7787
5,7773
5,7787
5,7765
5,7787
6,7785
5,7196
3,7212
5,7204
3,7185
6,7223
5,7223
5,7196
5,7204
6,7212
6,7215
5,7223
5,7215
5,7178
3,7219
5,7223
8,7196
3,7204
6,7212
6,7178
3,7204
5,7212
1,7178
6,7215
6,7224
6,7185
3,7196
5,7219
5,7224
8,7219
6,7215
3,7215
3,7219
6,7178
5,7219
5,7224
6,7658
1,775
8,7782
5,7794
8,7759
6,7769
3,7621
6,7759
5,7794
3,7799
3,7769
5,7799
8,7782
8,7759
6,7794
6,7759
3,7799
6,7658
8,7658
3,7799
3,7621
8,7794
3,7795
5,775
3,7795
8,7795
6,7769
8,775
3,7769
1,775
8,7782
5,7621
3,7658
8,7782
8,7795
6,7759
3,7621
3,7803
6,780
6,7789
6,7726
3,7684
8,7726
3,7803
8,7789
3,7803
3,7815
5,7786
6,7789
5,7803
10,780
8,7661
5,7661
3,7802
3,780
5,7726
5,7786
8,7802
8,7726
3,7684
6,7802
6,7789
5,7661
5,7684
6,7803
1,7661
3,780
6,7786
3,7810
8,7804
5,7804
6,7792
5,7784
6,7792
6,7807
8,774
10,7784
3,7792
5,7811
5,7792
8,7804
5,7784
6,7810
3,7804
5,7813
1,7815
6,7792
3,7815
6,7813
3,7808
5,7811
3,7811
6,7798
3,7808
3,7810
6,7798
5,7815
6,7784
3,7813
3,7813
5,7784
6,7810
8,774
8,774
6,7798
5,7792
3,7811
5,7808
6,7792
5,7819
5,7816
1,7829
6,77
3,7828
5,7829
5,7809
3,779
5,7824
3,7809
3,7824
5,779
5,7819
6,7807
8,7760
3,7828
5,7819
6,7807
1,7809
3,7819
3,7828
1,7828
8,77
3,7829
3,77
6,7824
8,7818
5,779
5,7824
5,7816
6,7818
3,7829
3,7760
6,7807
3,7816
5,7818
3,7816
6,7809
3,7818
5,77
6,7831
3,7760
3,7844
3,7843
8,783
3,7844
3,7844
3,7831
3,7844
5,7827
3,7845
5,783
3,7831
3,7826
3,7855
3,7845
5,7855
6,7827
3,7843
5,7844
5,7826
6,783
6,7845
5,7827
3,7844
8,7823
6,7845
3,7855
5,7843
8,7826
6,7760
6,783
3,7844
3,7826
5,7827
8,7831
3,7855
6,7823
6,7823
6,7823
3,7844
5,7845
3,7843
6,7842
3,7865
6,7842
5,7849
3,7865
5,7865
5,7866
5,7849
6,7721
5,785
8,7839
5,785
5,7837
6,7866
6,7721
5,7849
5,7837
8,7841
8,7821
5,7839
3,7856
8,7842
6,7837
6,7837
6,7721
5,785
5,7856
8,7842
6,7842
6,7839
5,7856
5,785
6,7841
3,7866
5,7839
5,7856
3,7866
5,7865
6,7841
5,7839
6,7849
6,7859
5,7878
5,7874
8,7871
5,7859
3,786
6,7821
3,769
6,7869
5,786
3,7877
6,7869
3,7860
6,7874
6,7875
8,7878
6,7870
6,7877
8,7878
5,786
6,7878
5,7859
8,7875
5,7871
6,7871
6,7875
3,769
6,7878
6,7869
3,7877
6,7875
3,786
5,7821
5,7874
5,7859
6,7821
3,769
3,7877
6,7860
5,7874
6,7821
8,7870
5,782
6,7883
6,782
1,7840
3,7840
3,7880
3,7743
6,7857
3,7880
3,7886
6,7880
5,782
6,7743
5,7886
6,7883
3,7894
1,7892
8,7870
3,7880
3,7857
3,7860
8,7883
5,7884
6,782
3,7470
3,7894
1,7884
6,7470
3,7884
3,7892
6,7840
3,7892
5,7470
3,7886
6,7883
3,7470
5,7857
3,7860
3,7857
6,7743
3,7470
8,7781
3,7864
3,7908
6,7781
1,7891
8,7900
6,7861
3,7908
5,7908
3,7864
3,7861
5,7894
3,7891
6,7891
5,7864
5,7864
3,7891
3,7891
8,7781
3,7861
3,7908
3,7891
6,7781
10,78
8,7895
5,7899
6,78
3,7909
5,7872
8,789
3,7895
5,7888
5,7909
6,7900
1,7911
5,7888
6,7872
5,7911
3,7893
10,789
8,78
3,7893
8,789
6,7872
6,7888
8,78
3,7916
5,7899
3,7911
8,789
8,7888
5,7909
5,7893
3,7899
6,7911
3,7916
5,7900
5,7899
6,7895
3,7916
3,7916
5,7900
5,7872
6,7237
6,7229
3,7232
3,7235
6,7240
5,7237
5,7237
5,7216
6,7232
6,7221
5,7232
6,7121
8,7240
3,7226
3,7221
3,7216
5,7226
5,7221
5,7229
6,7239
8,7240
6,7237
6,7226
6,7235
5,7232
6,7229
5,721
8,721
5,7240
5,7224
5,7226
5,7224
5,7235
5,721
6,7239
6,7239
5,721
3,7221
6,7216
6,7232
8,7905
3,7905
6,7905
5,7868
5,7800
3,7926
6,7920
1,7926
3,7910
8,7920
8,7917
3,7913
6,7910
3,7918
6,7918
1,7800
6,7800
1,7921
3,7913
6,7921
5,7921
6,7921
5,7926
5,7910
6,7920
3,7917
3,7918
5,7868
1,7918
3,7913
5,7868
3,7905
3,7868
3,7910
6,7920
8,7800
3,7926
5,7868
6,7850
6,7923
6,7917
6,7943
3,7938
8,7936
6,7936
6,7919
6,7922
6,7922
6,7922
1,7933
8,7938
6,7922
8,7923
5,7943
5,7850
3,7939
3,7850
3,7919
6,7917
5,7936
3,7938
6,790
8,7923
8,7923
5,7936
3,7933
3,7939
5,7939
6,7930
3,7938
6,790
5,7850
5,7939
3,7930
6,7943
3,790
3,7919
3,7930
3,7943
5,7945
3,7948
3,7935
5,7935
5,7952
3,793
5,7950
8,7927
1,793
5,7954
3,7954
5,7950
8,7952
5,7947
3,793
5,7945
3,7927
5,7935
6,7954
8,7935
1,7927
8,7952
5,7954
6,7948
5,7950
6,7945
6,7945
3,7935
5,7952
5,7947
6,7950
3,7947
3,7927
5,7947
3,793
6,7928
6,7928
6,7928
3,7967
6,7965
5,7951
3,7951
6,7941
6,7928
5,7967
5,7937
5,7948
5,7852
6,7959
6,7951
6,7959
8,7852
3,7941
5,7963
8,7937
5,7967
3,7965
3,7963
6,7937
3,7963
5,7948
6,7965
5,7941
5,7852
6,7852
6,7951
6,7967
5,7959
6,7937
3,7963
8,7959
5,7966
6,7944
5,7981
3,7958
5,7388
5,7980
8,7388
3,7971
5,7958
5,7944
5,7966
5,7958
6,7966
6,7981
6,7388
5,7971
5,7944
3,7958
6,7966
5,7981
3,7980
6,7944
8,7965
5,7958
5,7971
8,7981
6,7981
5,7966
6,7985
6,7957
3,7989
5,7980
1,798
3,798
6,7957
10,6649
6,7955
5,7955
3,7968
3,7989
5,7955
6,7985
6,7836
8,7957
5,7968
5,7955
3,7968
10,7957
3,7968
8,6649
3,798
8,7985
6,7989
3,7487
5,7985
6,7985
3,7989
6,7985
3,7980
8,6649
6,7836
6,7836
8,7487
5,7836
5,7487
6,7836
8,6649
5,7487
3,79
8,7775
6,7775
6,8001
3,8000
1,798
5,7988
8,7912
1,7988
3,7775
5,8000
3,8001
6,7775
8,8001
3,7977
6,7987
3,7977
6,7987
5,8000
5,7988
1,7977
6,7987
3,79
6,7775
5,7988
5,7988
5,79
5,8000
8,7987
8,8001
3,7977
8,7912
3,7997
5,7946
8,8002
5,7771
3,8010
5,799
6,8007
6,8006
3,8006
8,7997
3,8010
3,8007
5,8006
3,7960
8,7912
5,799
6,7997
5,7946
5,7946
6,8007
8,8011
6,7771
6,8002
3,7960
5,8002
8,8011
5,7771
6,7771
5,8010
6,8010
8,7912
6,8007
6,8002
5,8011
3,799
3,7946
5,7960
3,7960
6,7997
5,7962
6,7962
5,7806
8,8024
8,7999
6,7962
3,787
3,787
3,787
6,7999
5,8014
8,8024
8,8004
3,7901
3,7806
3,787
5,8009
6,8009
6,8009
3,8012
8,8004
6,8004
6,8009
5,8014
3,7901
6,8014
1,8014
6,7806
5,8012
6,8009
6,8024
8,8024
8,8011
8,8004
6,7962
1,7901
5,7806
3,8012
6,8012
5,8032
8,7993
8,7986
8,7999
6,7961
3,7961
6,7986
8,8032
3,8035
6,7993
3,8032
3,8032
3,8022
6,8037
8,8029
5,8037
6,7986
5,7993
6,7999
5,8026
8,7964
3,8029
8,7993
6,7986
6,7986
5,8029
6,7961
6,7964
5,8026
5,8029
6,7986
8,7964
5,8037
3,8022
3,8022
3,8022
8,7964
5,7217
5,7227
5,7246
3,7254
3,7243
3,7256
3,690
8,7121
5,7246
8,7186
3,7217
8,7246
3,7234
3,7254
6,7234
8,7243
6,7234
3,7256
5,7217
8,7186
8,7243
8,7246
6,7243
5,7186
3,690
5,7254
6,7121
5,7217
6,7121
5,7254
3,7256
6,7186
3,690
3,7256
3,7256
8,7243
3,8039
8,8038
5,8019
5,8040
3,8005
5,802
3,8035
8,8039
6,801
6,8035
5,802
3,8036
5,8035
8,802
6,8019
8,801
3,8038
8,801
3,8026
5,802
3,8036
8,8026
3,8040
5,8035
5,8019
6,8005
3,8038
6,8038
1,8036
3,8039
3,8036
5,8019
1,8005
5,8039
1,8005
3,8019
3,8005
8,801
8,8015
3,8062
6,8030
5,8062
8,8030
6,8015
6,8021
5,8055
3,8049
5,7970
6,8021
5,8003
5,8003
3,8021
5,8040
8,803
5,8040
6,8003
5,7970
6,803
5,803
5,8055
3,8028
6,8049
5,803
5,8030
8,8021
3,8062
5,7970
6,8055
5,8003
3,8049
1,8028
8,8030
3,8040
1,8028
3,803
3,8062
3,8049
6,7970
8,8041
5,8070
5,8031
8,8067
3,8031
6,8068
6,8041
5,8066
3,8043
8,8046
5,8041
6,8051
6,8050
3,8066
8,8051
3,8043
3,8046
5,8051
5,8067
8,8041
5,8046
8,8068
3,8066
5,8031
6,8050
3,8043
3,8067
6,8050
3,8070
3,8031
6,8015
8,8015
3,8043
3,8066
5,8050
6,8043
3,8067
3,8051
3,8070
5,8068
5,8057
6,8025
5,8065
1,8074
5,797
3,797
5,806
3,8074
5,797
6,8061
3,8074
3,8074
3,8025
5,806
5,8057
6,8061
6,806
3,8074
3,797
3,8074
5,8025
3,8065
5,8074
6,8061
5,8070
6,806
5,8025
6,8061
5,8057
3,8065
8,8048
8,8048
5,8065
8,8073
8,8084
6,8076
3,8084
5,8048
3,807
6,807
5,8075
3,8076
5,8077
5,8048
3,8088
6,8048
8,8077
3,8088
3,8073
5,8076
8,807
5,8093
3,8075
3,8077
3,8075
6,8076
3,8084
3,8073
3,8076
3,8075
6,8077
3,8093
6,8073
3,8088
6,8048
5,807
8,8084
1,8088
6,8097
6,8089
8,8097
3,809
6,8097
3,809
3,809
6,8059
6,8089
6,8086
3,8093
5,8059
6,8059
5,8090
6,8089
5,8094
6,8090
5,809
8,8094
5,8097
6,8086
5,8059
5,8086
3,8097
5,8064
3,8093
6,8090
5,8097
6,8094
5,8090
1,8094
8,7983
5,8079
6,8064
5,7983
6,8064
8,8098
3,8123
6,8107
5,8125
6,8125
3,80
6,8107
6,8099
5,8080
6,8099
5,8123
6,8099
3,7983
3,7983
3,8123
6,8098
5,80
6,80
5,8080
6,8125
8,8107
8,8109
6,8107
5,8064
1,8123
3,8109
5,8098
5,8079
8,8098
5,8125
3,8079
6,8099
3,8080
8,8109
5,80
5,8072
3,8126
6,796
6,8139
6,8138
3,796
6,8072
3,811
3,8117
5,811
6,8085
6,8091
3,796
3,8072
6,8091
5,811
3,8138
5,8126
8,8085
8,8117
6,8072
3,8109
5,8091
5,811
5,8138
5,8091
6,8085
3,8138
3,8139
5,8126
5,8117
5,8139
8,8144
3,8143
5,8143
6,8104
5,7822
3,815
6,8145
5,8130
8,8130
5,8143
10,8104
8,8130
6,8147
3,8136
8,8136
3,8136
6,8144
5,8145
5,8136
8,8130
5,8139
8,8147
5,8143
3,8152
5,815
6,8147
5,8145
5,815
6,7822
5,7822
6,8147
5,8147
5,8104
5,8152
5,8104
5,815
1,8144
8,8145
1,8144
3,8143
8,8112
6,8161
8,8071
3,8165
6,805
8,8071
6,8149
5,8166
8,8149
6,805
6,8112
5,805
5,8149
5,8156
6,8071
5,8071
8,8149
5,8161
3,8152
5,8156
3,8165
6,8166
5,8152
8,8165
5,805
6,8166
6,8112
5,8161
6,8112
6,8156
5,8165
6,8156
5,8166
5,8166
5,8166
5,7040
5,7267
3,7259
8,7263
3,7268
5,7227
6,7040
5,7267
8,7263
8,7261
5,7268
3,7265
3,7258
5,7190
5,7258
6,7263
6,7040
5,7258
5,7261
5,7190
3,7261
3,7265
3,7258
5,7268
6,7259
8,7040
6,7242
3,7261
3,7190
5,7040
6,7242
6,725
5,7190
5,7227
1,7267
6,7259
5,7259
5,7265
8,7242
8,7242
8,8069
6,8163
6,813
1,8179
3,8119
3,8119
6,813
3,8162
3,8166
8,8120
6,8069
6,8163
8,8172
3,8162
8,8069
5,8119
3,8166
6,8178
8,8120
8,8120
5,8179
6,8163
3,8172
5,8172
3,8186
5,8167
3,8167
5,8186
8,813
6,8167
3,8179
6,8162
5,8172
8,8069
5,8120
3,8179
3,8186
8,813
3,8119
6,8178
6,8178
6,8160
8,8142
5,8183
5,8185
1,8183
6,8142
6,8170
3,8160
8,8116
5,8116
5,8170
6,8175
3,8170
8,8185
3,8157
3,8017
8,8175
6,8183
6,8185
6,8160
3,8183
6,8017
8,8175
3,8183
6,8185
6,8175
3,8116
3,8157
6,8142
6,8157
6,8142
6,8198
1,8170
5,8017
5,8198
3,8116
8,8017
5,8157
8,8173
5,8198
8,8187
3,7978
3,8199
3,8200
6,8199
3,8207
8,8173
6,8210
6,8173
5,8200
6,8187
3,8207
3,8200
6,8198
3,8207
3,8200
1,8210
6,7978
5,8190
5,7978
3,8207
8,8187
8,8187
5,8210
6,8173
8,8199
8,8173
8,8200
5,7978
8,8199
5,8173
8,8223
5,8206
5,8211
3,8223
3,8205
1,8222
3,8216
3,8216
5,8222
3,8205
3,8222
5,8206
3,8222
5,8223
5,8212
8,8206
3,8223
5,8212
3,8190
5,8211
3,8223
3,8216
6,8206
3,8223
3,8190
5,8216
6,8211
8,8211
3,8205
5,8205
5,8212
6,8211
8,816
8,821
6,816
8,8221
6,8220
3,819
5,8221
6,8129
5,8129
6,819
5,819
3,8184
6,8215
5,8184
8,8221
5,819
8,816
6,8215
8,821
3,819
3,816
5,8220
5,816
6,821
5,8220
5,8184
5,8215
5,8220
8,8129
6,8215
6,821
5,8184
6,8221
6,8129
3,8224
3,820
5,8230
5,820
3,81
5,820
1,81
5,8213
5,823
8,823
3,8224
6,8213
5,8213
6,8230
6,8213
5,8224
5,820
5,8230
6,8230
3,8224
6,8225
8,8230
5,8225
6,8225
5,81
5,81
6,8225
6,8230
5,8225
3,820
5,823
6,823
3,8232
8,8195
6,8231
5,8255
3,8240
3,8240
3,8255
6,8237
8,8203
8,8258
3,8237
3,8255
3,8237
3,8240
5,8232
5,824
5,8202
3,8195
5,8202
3,8247
3,824
3,8247
6,824
6,8232
8,8258
3,8247
3,824
5,8231
8,8258
3,8232
5,8237
1,8255
6,8195
3,8240
1,823
3,8203
6,8231
3,8247
5,8203
5,8254
10,8202
6,818
8,8242
6,8254
6,8254
6,818
6,8244
8,8243
5,8244
5,8242
3,8244
6,8244
6,818
5,8254
5,8242
5,8254
6,8243
6,8243
8,8202
8,818
3,8263
3,8263
6,8202
6,7274
3,7241
3,7264
6,7274
6,7274
5,7275
3,7241
3,7278
5,7270
6,7253
8,7253
5,7272
5,7269
3,7272
6,7274
8,7274
1,7269
6,7275
3,7278
6,7269
6,7272
5,7264
5,7270
6,725
5,7278
3,7274
5,7253
5,7270
5,7253
1,7264
5,7275
6,7275
6,725
5,7278
5,7241
5,7241
3,7272
6,7051
3,7269
6,725
8,7051
6,8190
5,7017
6,7495
6,7706
6,776
3,8276
5,8228
5,8266
1,8284
1,8273
5,8282
3,8284
8,8248
6,8285
3,8263
5,8276
3,8217
3,8283
3,8263
5,8283
8,8282
3,8284
5,8264
6,8273
3,8217
3,8283
5,8282
3,8228
5,8276
5,8273
3,8276
3,8266
3,8248
3,8248
6,8285
6,8264
5,8266
3,8266
5,8217
3,8263
6,8264
3,8283
5,8228
3,8248
6,8285
5,8273
6,8228
5,8285
8,8275
5,825
5,8250
8,8267
8,8234
5,8287
5,8234
3,826
5,8168
8,8234
5,8262
6,8275
8,8236
3,826
8,8168
3,8262
6,8250
6,8287
5,8287
3,8275
3,8287
5,8267
5,8236
6,8234
3,8262
6,8262
6,8250
8,8236
3,8269
8,8275
3,8236
3,8267
8,825
5,8168
5,8250
8,825
6,8267
8,825
8,826
6,8410
6,8400
3,83
6,8364
5,8390
5,83
8,8410
5,83
5,8364
6,8383
3,8424
5,8424
8,8404
8,8400
10,8364
6,8395
6,8410
6,8404
5,83
3,8416
6,8422
6,8404
3,8404
8,8422
6,8424
8,8410
6,8422
5,8416
5,8390
6,8383
8,8400
6,8390
3,8416
5,8390
5,8416
6,8422
3,8424
8,8429
3,8434
3,830
5,830
6,8435
6,8429
6,8423
3,8408
8,8429
5,8423
5,8427
5,8430
3,8434
3,8427
5,8423
6,8435
5,8408
6,8438
6,8435
5,8408
5,8435
3,8430
1,8434
3,830
6,8383
5,8438
3,8408
5,8438
6,8429
5,8427
5,8430
8,8383
6,8427
5,8408
5,8423
3,830
3,843
6,8436
5,8437
5,8450
8,844
6,8450
3,8440
3,8436
6,843
3,8453
6,8397
3,8440
3,8430
3,8440
8,8437
6,7648
5,8437
8,8397
5,8397
6,844
6,8436
8,8436
6,8449
8,7648
3,8449
3,8453
8,7648
6,8450
3,7648
5,8397
3,8437
8,8453
8,844
3,843
8,844
6,8453
5,8450
3,8440
5,843
6,8449
6,8452
6,8459
3,8468
6,8433
5,8468
5,8442
8,8433
5,6837
6,8455
5,6837
6,8452
3,6837
8,8442
6,8459
6,8428
5,8442
5,8468
8,8428
6,8433
6,8455
6,8452
6,8459
6,8459
6,8456
5,8428
6,8452
8,6837
6,8459
6,8442
6,8456
5,8442
6,845
3,8456
3,8428
8,8468
6,8455
5,8455
6,8472
8,8426
3,8482
6,8432
6,8426
5,8432
3,8472
5,8454
3,8476
6,8418
6,8454
8,845
5,8466
6,8472
1,8466
6,8418
3,8466
3,845
5,8432
3,8482
8,8426
5,8476
3,845
3,8432
6,8454
6,8476
6,8482
6,8454
6,8472
6,8476
5,8454
3,8482
3,8466
6,8418
5,8418
3,8482
6,8471
6,848
5,8492
3,8492
6,8469
8,8461
8,8486
6,8471
5,8483
6,848
6,8488
5,8486
5,8471
5,8483
6,8460
8,8471
8,8461
5,8461
6,8488
5,8469
8,8460
6,8461
6,8460
6,8469
6,8486
5,8492
3,8469
8,848
5,8461
6,8488
6,8486
6,8483
8,8460
8,8483
3,8479
3,8473
3,8473
8,8502
3,8479
5,8477
6,8507
5,8507
3,849
6,8473
5,8464
3,8477
3,8479
6,8464
3,849
5,847
6,8502
6,8507
3,8477
5,8464
8,847
6,8479
8,8494
6,8494
3,849
3,8492
6,849
5,8494
3,8477
6,8507
3,8491
6,8502
3,8106
3,8464
8,8491
3,8473
5,8491
3,8507
6,847
6,847
6,8499
5,8491
3,8495
6,8497
3,8495
6,8511
5,8496
5,8508
1,8496
8,8499
6,8499
5,8495
5,8106
3,8487
6,8516
5,8497
8,8514
3,8497
6,8508
6,8514
5,8514
6,8511
6,8508
3,8508
3,8106
3,8496
5,8495
5,8487
6,8106
6,8487
8,8516
3,8496
8,8514
3,8497
8,8499
6,8511
3,8491
5,8487
6,8487
6,8516
3,8524
3,8523
5,8523
10,8504
5,8370
6,8443
3,8467
6,8370
3,8420
3,8505
5,8370
5,8505
6,8467
5,8443
5,8523
3,8524
8,8504
5,8420
3,8528
5,8524
10,8504
8,8504
5,8443
3,8524
8,8467
3,8505
5,8528
3,8467
5,8420
3,8523
3,8528
6,8370
5,8505
6,8370
6,8443
6,8516
3,8545
3,8529
6,8545
6,841
3,8530
6,8252
5,8501
6,8501
5,841
6,8525
3,8525
5,8533
1,8525
6,8252
3,8529
5,8533
3,8530
5,8533
6,8252
3,8536
3,8545
3,8536
3,8536
5,8531
5,841
5,8530
3,841
6,8531
3,8536
5,8531
5,8533
3,8531
3,8545
5,8529
6,8501
8,8501
5,8529
3,82
5,8302
8,8133
5,8314
6,8292
6,8269
6,8304
5,8302
8,8133
5,8288
8,8133
5,8314
5,8292
3,8288
6,82
8,8277
3,8314
3,8304
5,8269
5,82
3,8304
5,8277
3,8302
5,8292
3,8269
8,8302
8,8133
5,8288
5,8277
6,8277
3,8314
5,8288
5,82
6,8543
6,8558
5,8515
6,8543
6,8448
3,8521
6,8558
3,8521
5,8515
3,8539
3,8555
5,8555
6,8448
6,8448
3,8538
6,8539
6,8515
3,8538
5,8518
6,8558
5,8521
3,8555
8,8558
8,8518
5,8543
5,8555
6,8538
3,8538
5,8518
5,8515
6,8518
5,8539
5,8448
6,8583
6,8574
6,8548
6,8446
5,8573
8,8548
1,8583
6,8566
3,8573
5,8571
5,8574
8,8517
8,8513
6,8517
3,8579
6,8517
6,8446
5,8548
3,8513
3,8583
6,8574
3,8579
8,8513
6,8574
6,8548
6,8573
5,8573
8,8446
3,8579
5,8579
3,8571
3,8583
3,8571
5,8571
6,8513
8,8517
6,8589
8,8575
6,8527
5,8572
3,8591
3,8551
5,8551
3,8577
3,8551
5,8566
5,8572
3,8577
3,8564
6,8577
6,8527
8,8246
6,8527
5,8577
3,8551
5,8246
5,8591
5,8589
5,8589
3,8591
3,8572
3,8564
3,8591
8,8566
6,8575
3,8564
3,8572
5,8566
3,8551
6,8527
6,8246
8,8575
6,8564
8,8509
3,8590
6,8589
8,8584
5,8603
1,8603
10,8597
6,8509
5,8562
6,8584
8,8534
5,8590
1,8609
5,8541
1,8603
6,8541
8,8562
3,8590
5,8534
6,8541
5,8597
5,8541
3,8609
3,8534
6,8582
5,8597
5,8590
1,8617
5,8582
1,8617
6,8582
8,8246
1,8597
6,8541
8,8584
1,8617
1,8609
8,8509
6,8562
6,8582
3,8603
3,8594
3,8628
3,8626
1,8637
6,8610
6,8594
6,8610
8,8594
6,8612
5,8604
5,8604
5,8614
3,8637
3,8628
3,8625
1,8637
3,8568
5,8604
1,8637
6,8568
6,8612
3,8628
6,8626
5,8612
6,8628
3,8625
5,8612
8,8594
6,8625
3,8568
5,8610
6,8610
3,8568
1,8614
6,8594
5,8626
6,8614
8,8604
3,8625
6,8526
3,8627
5,8526
3,8623
8,8639
3,8623
5,8647
5,8606
5,8606
3,8627
6,8631
6,8542
6,8606
5,8647
3,8627
6,8631
6,8542
6,8631
5,8542
5,8542
8,8605
3,8606
6,8605
5,8639
3,8627
3,8623
6,8629
3,8623
8,8639
6,8647
5,8526
6,8639
3,8626
6,8631
5,8526
6,8647
6,8605
6,8605
5,8616
6,8629
3,8635
6,8650
5,8616
3,8649
5,863
8,863
5,8630
6,8629
5,8649
5,8648
6,8648
3,8633
3,8648
10,8650
3,8635
3,863
3,8651
6,8650
3,8635
3,8651
6,8651
5,8649
5,8651
3,8635
3,8616
5,8616
3,8651
5,8616
6,8629
5,8630
8,8650
3,8630
3,8633
5,8649
3,7598
6,8659
3,8671
3,8671
5,8671
8,8657
3,8633
5,8642
8,8659
6,8633
8,7598
5,8659
5,8632
8,8632
5,7598
5,8642
3,8657
5,8642
6,8632
3,7598
6,8642
3,8671
5,8659
6,8665
5,8632
6,8633
8,8657
5,8665
3,8642
6,8657
8,8665
8,8645
6,8676
3,8662
5,8677
3,8677
6,8676
5,8662
3,8672
6,8643
5,8677
5,8676
6,8645
8,8645
5,8676
5,8658
3,8645
8,8645
3,8667
3,8672
5,8667
5,8645
6,8658
1,8667
8,8643
3,8672
5,8672
6,8667
6,8680
1,8662
8,8680
6,8652
3,8652
6,8667
6,8643
5,8677
6,8658
3,8662
6,8680
6,8658
8,862
8,8654
3,868
6,862
6,8664
5,8664
5,8652
6,862
5,8465
5,8692
6,868
6,8687
8,862
3,8652
5,8699
3,8053
8,8692
8,8687
5,8685
6,8685
3,8689
6,8699
6,8699
3,8053
6,8687
6,8685
6,862
3,8465
1,8053
6,8664
3,8689
3,8465
3,8699
6,868
6,8687
3,8053
5,8654
5,8654
8,8692
3,8689
5,8685
3,8311
8,8294
5,8318
6,8290
6,8320
5,8052
3,8301
5,8325
6,8290
3,8325
3,8311
6,8317
8,8052
8,8318
5,8301
5,8052
6,8318
5,8320
6,8294
5,8318
6,8317
5,8317
6,8325
3,8320
6,8294
6,8290
5,8311
3,8301
6,8052
6,8311
6,8052
5,8325
3,86
6,8670
8,8696
5,8670
5,8700
5,8696
3,8704
8,8705
5,869
6,8704
3,869
3,86
3,8703
6,8703
6,8705
8,8670
5,86
5,8705
5,869
8,8692
3,8692
6,8704
5,8700
5,8703
3,86
3,869
6,8700
3,8690
5,8690
5,8705
5,8696
3,8690
3,8724
3,8710
6,8697
8,8697
5,8708
1,8709
6,8712
6,8702
5,8708
3,8721
3,8706
3,8712
8,8697
5,8708
6,8724
6,8697
3,8721
3,8710
3,8724
6,8675
5,8702
8,8702
3,8710
3,8709
5,8706
6,8706
5,8706
6,8702
3,8721
1,8706
8,8675
5,8712
6,8708
6,8675
6,8675
5,8724
3,8710
6,8709
6,8725
6,870
6,870
3,8733
8,8600
6,8569
6,8714
5,870
3,8722
3,8727
8,8600
10,8725
5,8729
6,8725
5,8729
6,8717
6,8729
8,8714
6,8600
10,8714
8,8569
8,8600
6,870
3,8722
8,8569
6,8727
6,8714
5,8725
3,8733
6,8569
3,8733
8,8729
5,8717
6,8717
3,8733
3,8727
3,8722
3,8717
6,8740
8,8735
6,8728
6,8735
6,871
5,871
5,8736
5,873
3,8740
6,871
3,8752
6,8736
8,873
6,8740
6,8735
6,873
5,873
6,8736
6,8735
6,8740
6,8740
6,8728
6,8736
3,8752
5,871
8,8731
5,8684
3,8752
8,8731
5,8728
8,8731
3,8728
8,8731
5,8752
6,8684
5,8727
3,8757
3,8732
3,8739
5,8761
6,8730
3,876
3,8778
3,8761
5,8730
3,8765
6,8730
5,8761
3,8761
6,8775
5,8757
8,8732
6,8763
3,8757
6,8763
3,8778
5,8739
3,8765
6,8730
6,8732
3,876
3,8778
5,8765
6,8763
10,8732
6,876
6,8763
5,876
5,8757
5,8778
5,8730
3,8775
3,8739
6,8684
3,8760
5,8775
5,8750
3,8781
5,8776
3,8759
5,8750
3,875
5,8775
5,8760
3,875
3,8750
3,875
6,8767
8,8767
3,8759
3,8759
6,8767
8,8776
3,8781
5,8776
3,8781
6,875
3,8760
5,8760
8,8750
8,8767
3,8781
3,8785
3,8759
6,8776
3,8785
5,8613
1,8785
3,8793
6,8613
6,7594
5,8779
3,8798
5,878
5,7594
6,8769
5,8798
6,8769
6,8798
3,8785
5,8779
3,8793
5,8745
5,8745
6,8613
6,8779
1,8793
5,8798
6,8779
5,8745
6,8741
6,8741
8,8745
8,8769
5,878
5,8769
5,8613
5,8741
5,878
3,7594
3,8795
5,8792
3,8799
3,8792
5,8803
6,8797
5,8788
3,8800
3,8804
5,8788
8,8804
5,8792
6,8802
6,8795
6,8802
1,8803
3,8803
1,8800
3,8802
5,8800
3,8797
3,8800
5,8795
5,8788
3,8753
6,8753
6,8753
3,8792
6,8753
3,8799
6,8753
5,8799
5,8800
5,8788
3,8799
3,8797
1,8793
3,8797
5,8788
3,8746
8,8663
3,8663
6,8822
5,8808
6,881
8,8663
10,8018
6,8808
6,8829
5,8811
3,8812
1,8808
5,8812
5,8663
8,8829
5,8811
8,8811
5,881
6,8829
6,8746
3,8822
5,8663
3,881
3,8812
5,8812
6,8808
6,8804
3,8746
8,8746
5,8822
5,8822
6,8746
3,8808
5,8679
5,8832
3,8819
6,8834
6,880
6,87
5,8832
8,8809
3,880
5,87
8,8018
8,8801
6,8832
5,8819
3,8819
3,8801
5,8018
6,8801
5,8018
3,882
5,8819
6,8818
5,882
5,882
3,8801
3,8834
6,8834
6,87
5,880
1,880
6,8818
5,8809
3,8679
6,87
5,8679
6,8809
5,8818
8,8278
6,8315
6,8307
3,8348
3,8341
6,8164
3,8164
3,8341
6,8319
3,8335
8,8293
3,8341
5,8293
8,8315
5,8307
3,8164
6,8278
6,8319
3,8335
6,8293
3,8335
8,8278
5,8307
8,8319
1,8348
6,8315
3,8341
3,8348
3,8336
8,8293
5,8164
5,8319
5,8336
8,8278
5,8336
3,8348
5,8336
8,8315
3,8307
6,8756
6,8842
5,8825
5,8842
6,8857
8,8849
6,8857
6,8861
5,8825
5,8861
5,884
3,8837
5,8838
3,884
6,8758
5,8838
6,8756
5,8825
5,884
6,8758
5,8861
3,8838
1,8842
6,8556
6,8556
6,8849
3,8842
6,8758
5,8842
8,8861
8,8556
3,884
6,8758
5,8832
5,8825
6,8756
5,8849
5,8838
6,8857
5,8840
6,8245
3,8865
6,8837
5,8862
6,8851
6,8855
3,8865
3,8851
5,8837
6,8837
5,8840
3,8844
8,8848
8,8805
5,8865
6,8845
5,8862
3,8855
8,8855
3,8844
8,8851
5,8862
6,8245
10,8848
5,8862
5,8245
5,8855
8,8805
5,8805
3,8865
6,8805
5,8851
5,8840
5,8865
8,8848
6,8245
8,8840
8,8848
5,8844
6,8874
3,8894
6,8853
5,8845
3,8839
6,8853
6,8845
3,8893
8,8660
6,8874
5,8875
5,8882
10,8880
8,8660
6,8874
3,8893
5,8853
5,8893
6,8839
8,8880
6,8866
8,8839
8,8660
10,8660
5,8893
6,8866
3,8875
3,8894
3,8882
5,8875
3,8853
6,8866
6,8874
5,8894
3,8866
5,8882
6,8885
8,8824
5,8876
3,8901
5,8872
3,8901
8,8824
3,888
3,8892
8,8889
5,8885
3,888
3,8892
5,8892
3,888
8,8824
5,8889
6,8880
6,8867
6,8867
6,8872
3,8872
8,8867
3,8901
3,8892
8,8824
3,8901
6,8867
3,8876
6,8880
8,8885
3,888
6,8889
6,8897
5,8856
5,8916
1,8904
3,8751
1,8903
5,8904
5,8868
5,8919
5,8903
8,8910
3,88
3,8904
6,8876
6,8751
3,8916
5,8903
6,8856
6,8856
6,8897
3,8916
5,8904
8,8751
3,8904
3,8919
6,8897
6,8751
3,8856
3,8916
8,8910
5,88
8,8910
5,88
6,8868
5,8868
1,8903
6,8916
1,8919
6,890
8,8912
6,8738
6,8912
6,8917
5,890
6,8738
8,8917
3,8922
1,8934
1,8934
5,890
8,8895
6,8909
8,8917
3,8910
8,8895
3,8909
8,8917
1,8934
3,8909
5,8909
5,8920
5,890
5,890
6,8917
3,8934
6,8912
8,8895
6,8920
5,8912
6,8920
6,8738
6,8920
6,8917
6,8895
3,8738
3,8940
5,8942
3,8927
3,8922
3,893
8,891
3,8942
8,8931
5,8922
8,8940
6,8942
8,891
5,8940
8,8921
6,8921
5,8931
5,8922
5,8931
5,892
3,8942
3,892
3,892
3,8907
8,8926
5,8940
6,8927
3,8907
3,893
5,8922
8,891
5,8907
6,891
1,8926
3,8922
3,8931
5,8927
3,8927
6,893
3,893
3,8907
3,8926
5,861
6,8921
6,8921
6,8921
3,8962
3,8946
8,8871
5,879
3,879
6,8871
1,8962
8,8932
6,861
5,8962
3,879
5,8946
8,861
8,8871
6,8936
6,8826
5,8936
3,879
3,8946
8,8936
3,8962
3,8962
3,8946
8,8871
6,8826
8,8826
8,8826
8,8688
8,8945
3,8688
8,8707
1,8707
6,8914
6,894
6,8932
8,8914
8,8956
6,8914
6,8964
5,8964
5,8914
5,8972
5,897
6,8914
5,8945
5,8964
5,8972
5,8972
5,8964
3,8707
5,8914
3,897
5,8945
5,894
6,8945
5,8914
6,8956
6,8932
5,897
6,8956
5,894
8,8688
3,8972
5,8707
6,8688
5,8707
8,8983
5,8967
5,8968
6,8984
8,8976
5,8984
6,8858
5,8983
5,8987
3,8983
3,896
8,8968
6,8968
5,896
8,8858
1,8967
3,8990
6,8990
3,8967
6,8984
8,8969
8,8976
6,8984
3,8987
3,8990
6,8990
3,8969
6,8983
6,8976
6,8976
6,896
5,8987
5,8969
8,8858
6,896
8,8858
5,8969
6,831
5,8323
6,832
5,831
8,828
8,831
3,8344
6,831
5,8346
5,834
6,832
6,8333
6,8344
6,8323
6,832
6,8333
3,8346
6,828
6,8323
5,834
3,8353
8,834
5,8353
3,8333
3,8344
3,8333
5,8346
5,8353
6,834
3,832
6,8323
6,828
3,8344
6,828
6,8988
6,8971
5,9014
3,89
6,8971
6,8957
5,9014
1,8963
6,89
5,8925
6,8997
3,9000
3,89
6,8925
6,9000
6,898
5,9000
5,9000
6,8925
5,8963
8,8963
6,8971
8,8971
6,8997
8,8997
8,8971
6,8988
6,9014
5,89
5,898
8,8997
6,8957
5,898
3,8988
6,8925
3,8957
8,8988
3,8988
6,8963
3,9011
5,7731
3,9020
6,9008
3,9011
3,8992
6,900
8,9009
5,9011
3,9014
5,9009
6,7731
5,9008
8,8996
6,9008
5,9011
5,9008
3,8992
5,8992
8,8958
3,9009
5,8958
8,8958
5,7731
5,900
6,7731
3,9012
6,900
3,8992
3,9012
5,9012
6,8996
1,9020
6,8996
6,9012
5,9008
6,8996
6,8958
3,900
3,9020
5,9018
8,9019
3,9005
3,9041
8,7731
5,9018
8,899
6,9019
6,902
1,902
6,9016
6,9003
5,9005
8,9019
3,9026
5,9018
3,9026
6,9035
6,9026
3,9041
3,9005
5,9016
6,9016
3,903
3,903
6,902
5,9005
6,9035
1,9041
6,9003
3,902
6,899
3,903
8,9019
6,9003
3,9018
1,9041
5,9035
6,9003
8,899
3,9047
3,8949
6,9040
3,9062
3,8949
8,9040
5,9062
3,9046
3,9047
8,9031
3,9033
6,9061
5,9046
3,9052
3,9024
3,8949
6,9031
5,9024
5,9061
5,9031
3,9052
5,9061
6,9051
3,9046
5,9061
8,9031
6,9033
6,9024
6,9052
3,9024
3,9062
3,9047
5,8949
8,9033
6,9046
5,9033
3,9040
5,9051
6,9062
5,9051
3,9070
3,9072
6,901
8,9070
3,9076
5,9071
3,9072
5,9076
5,9072
6,9027
5,901
5,9071
5,9076
5,9071
3,9072
5,9071
3,9045
5,9070
6,9063
6,9045
5,9034
8,9027
6,9070
8,9027
6,9034
8,9027
3,901
8,9034
3,9072
3,9076
8,901
5,9063
5,9063
3,9081
6,9058
5,9045
6,8965
8,8970
6,907
6,9058
5,9045
6,9074
6,9074
6,8965
8,9021
5,8979
3,9064
5,9084
8,8970
5,9074
5,9095
6,9058
6,907
1,9095
6,907
5,9081
5,9021
3,8965
6,9084
6,9058
8,9045
3,8979
5,9081
6,8970
6,8965
5,9081
5,9064
5,9095
5,9074
5,9021
3,8979
5,9084
5,9064
6,907
5,9094
3,9094
6,9077
8,9073
6,9073
3,9097
3,9097
5,9082
5,9092
3,9077
5,908
5,908
3,9082
6,9090
3,9092
5,9097
5,908
8,8638
3,9050
5,908
5,9077
3,9097
3,8979
6,9077
6,9073
5,9077
5,9050
6,9090
3,9094
5,9082
1,9092
5,9082
5,9050
6,9090
8,9050
5,9090
3,90
5,9121
6,90
5,911
8,911
3,9078
6,9116
5,9121
3,9116
6,9078
6,804
3,9125
3,9125
6,9066
5,9116
6,804
5,9108
8,804
6,9066
3,90
8,8638
6,9044
6,90
3,9108
3,9125
3,9078
6,8638
5,9066
3,9078
3,9121
5,9108
6,9066
3,911
6,8638
3,9044
3,9116
6,9121
5,911
6,9125
8,9106
5,909
3,9048
8,910
3,9120
8,9106
5,9044
5,9109
6,9137
5,9048
6,9133
5,909
5,9133
3,9137
3,9048
5,909
8,910
6,9106
5,9109
3,9137
5,9133
3,9111
3,9120
5,9111
5,910
6,910
3,9111
3,9109
3,9137
3,9120
3,910
5,9111
8,909
3,9109
6,9133
6,9106
6,9044
6,9111
3,9120
3,9088
5,9127
3,8896
5,9138
5,8896
3,9148
6,9113
5,9154
5,9138
8,9127
3,9127
8,914
5,9138
6,914
3,9136
3,9154
3,9140
3,9140
1,9148
6,914
6,9088
6,8896
5,8896
6,9113
6,9088
3,9140
8,9136
6,914
5,9154
3,9140
5,9154
3,9148
3,9138
5,9154
5,9127
5,9136
6,9088
3,9136
6,9113
3,8371
3,8371
3,8330
1,8371
5,8371
3,8372
3,8372
8,8372
3,8346
6,8305
5,8372
6,833
8,833
3,8373
5,8305
8,835
5,8305
6,833
3,8373
3,835
8,8365
8,8349
3,8330
6,8349
5,8365
5,8305
3,8373
5,8330
6,8349
3,8330
3,8350
3,8349
6,8365
6,835
6,8349
5,833
6,835
8,835
1,8330
6,8365
3,8786
6,9161
5,8786
5,8786
3,9172
3,9151
3,9151
5,9128
6,9150
5,9151
6,9172
3,9155
3,9161
6,9150
5,9155
6,9172
5,9159
6,9128
6,9159
5,9160
5,9158
5,9155
6,9158
6,9150
5,9159
5,9160
5,9161
3,9155
8,9158
5,9128
5,9158
5,9161
5,9159
3,8786
6,9128
5,9160
5,9172
5,9150
3,9151
5,915
5,8351
6,9114
3,9180
8,9131
5,9114
5,9114
6,9141
6,9186
3,9178
5,915
5,9180
5,9186
8,8351
8,895
5,9178
3,895
6,9181
8,8351
3,895
5,9131
3,9131
3,9180
3,9180
6,9114
5,9186
3,9174
5,9174
5,9131
8,9186
6,9174
5,9174
5,915
6,9180
3,9178
6,8351
5,915
6,9181
6,9181
5,9197
6,9141
5,9185
5,9177
6,9188
6,9177
6,9188
8,9185
8,9185
6,918
6,9179
6,9177
6,9189
3,9187
3,9179
10,9188
6,9189
8,9187
8,918
6,9141
6,918
5,9187
3,9188
5,9197
5,9189
3,9179
3,9197
6,9189
3,9179
1,9197
5,9185
5,9167
3,9146
5,9220
3,9146
5,9206
8,9207
3,9200
3,9200
3,9207
5,9201
10,9206
6,9157
5,9200
5,9167
5,9164
6,9157
8,9206
3,9118
6,9220
5,91
5,9164
3,9118
3,9118
5,9220
5,9146
5,9206
3,91
3,9207
3,9201
5,9220
5,9164
5,9201
5,9118
5,9167
5,91
5,9146
3,9200
3,9201
6,9167
6,91
3,9164
3,9157
8,920
3,9218
6,919
6,9205
5,9228
5,919
3,9218
5,9243
5,9205
6,920
3,9210
6,9229
6,9205
6,9216
6,919
6,9205
5,9210
3,9228
6,9216
1,9231
3,9231
6,9205
6,919
8,920
1,9243
5,9231
6,9229
3,9228
5,9216
3,9228
6,9243
6,9210
3,9218
5,919
5,9231
5,9243
1,9218
3,9243
5,9238
8,9196
3,9237
6,9232
5,9232
8,9224
5,9232
8,9239
6,9238
6,9224
8,9245
6,9224
6,9232
6,9245
3,9196
3,9238
5,9237
3,9242
5,9237
3,9242
6,9239
6,9224
3,9246
8,9245
3,9246
5,9237
3,9242
3,9242
6,9246
8,9196
8,9239
5,9196
3,9246
8,9245
3,9247
3,9254
3,9249
5,9139
5,9254
3,9255
3,9139
5,9247
8,9199
6,9247
8,9199
5,9249
3,9255
6,9239
3,9255
8,924
3,9249
6,924
5,9199
1,9255
3,9247
6,9199
1,9255
6,9249
6,924
3,9254
5,924
5,9254
3,9139
3,9139
6,9267
6,9236
8,9222
3,9208
3,9264
3,9263
5,9263
3,9236
8,9267
3,9264
5,9208
3,9264
5,9227
5,9263
5,9236
8,9208
8,9222
5,9256
8,9208
3,9267
8,9266
5,9264
6,9222
5,9222
6,9266
5,9266
5,9256
3,9236
6,9256
5,9222
5,9222
3,9266
5,9263
3,9264
5,9256
3,929
6,9257
3,929
3,9219
3,929
3,9277
3,9283
6,9278
5,9257
5,9257
3,9283
5,9219
3,9219
5,9278
8,9274
3,9289
3,9257
3,9286
6,9261
5,9283
8,9274
3,9261
5,9219
5,9261
3,9274
5,9289
8,9289
3,9261
3,9227
5,9227
3,9277
3,9283
3,9289
5,9277
6,9278
5,9277
6,9283
1,9286
5,9286
3,9227
3,929
3,9286
6,8944
5,9287
3,9314
6,9281
6,926
3,8944
3,9303
5,9253
6,9281
5,9281
3,9265
6,9253
5,9253
5,9287
6,9287
3,9299
3,9303
3,9303
3,9314
5,9287
3,9287
1,9299
6,9244
3,9281
5,926
8,9244
3,9253
8,9265
6,926
8,926
8,8944
6,8944
6,8944
5,9265
8,9244
3,9299
5,9303
3,9299
5,9265
5,9281
5,8350
5,8350
6,8378
3,8385
8,8367
5,8363
5,8358
6,8279
5,8386
5,8374
3,8385
3,8375
5,8378
6,8279
5,8363
8,8378
6,8363
1,8385
3,8367
3,8367
6,8358
3,8386
3,8332
5,8332
3,8375
6,8332
8,8279
5,8375
3,8386
8,8378
5,8374
6,8363
6,8384
3,8385
3,8358
3,8375
5,8374
3,9314
6,9312
1,9310
5,9327
8,930
6,9328
3,9308
1,9259
5,932
3,9311
3,9308
6,930
1,930
5,9293
8,9327
5,9301
3,9327
5,930
5,9293
6,9312
6,9311
5,9293
6,9311
10,932
6,9301
5,9259
3,932
5,9328
6,9301
6,9328
6,9328
6,9301
1,9308
6,9293
6,9312
6,9310
5,9327
5,9259
3,9212
3,9335
5,9348
3,9329
3,9329
5,9335
6,9329
5,9320
5,933
3,933
6,923
5,923
6,9297
5,9302
6,923
5,9348
5,9212
3,9268
5,9212
6,9329
5,9268
3,933
8,9297
5,9320
3,9268
6,9302
6,9320
3,9335
5,9297
3,9302
3,9310
5,9335
3,9310
6,923
8,9348
5,9212
6,9348
3,933
6,9297
6,9320
5,9366
6,9353
8,9339
8,9339
6,9284
8,9366
6,9373
3,9365
3,9142
1,9333
8,9339
3,9363
6,9142
6,9353
6,9334
5,9363
1,9373
6,9142
5,9284
3,9366
3,9363
5,9365
3,9363
6,9334
3,9354
6,9334
5,9373
5,9353
5,9284
3,9373
3,9365
6,9142
3,9333
3,9354
6,9354
5,9284
6,9365
8,9339
3,9333
6,9334
6,936
5,937
5,9370
5,936
3,9333
3,9394
5,9371
8,9346
6,9273
8,937
6,9273
1,9403
3,9394
5,9346
1,9394
5,9346
5,9345
3,9403
5,936
1,9374
5,9345
6,9345
3,9394
3,9374
5,9370
6,936
8,9371
6,937
5,9345
5,9403
5,9370
3,9374
8,937
5,9273
6,9273
5,9371
5,9346
3,9374
3,9410
3,9410
6,9395
3,9399
5,9397
6,9349
8,9260
5,9377
3,9399
5,9397
6,9377
6,9410
3,9395
8,9383
6,9361
3,9395
6,9260
6,9260
3,9397
8,9377
6,9260
8,9381
5,9381
8,9349
5,9381
8,9371
5,9361
3,9399
5,9399
1,9395
1,9410
8,9377
6,9361
5,9315
8,9381
6,9383
6,9383
8,9377
6,9361
5,9349
3,9404
6,9271
5,9344
5,9415
3,9430
3,9430
6,9271
3,9344
3,9430
5,9406
8,9271
3,9430
8,9315
3,9415
6,9271
5,9417
3,9415
6,93
3,9405
6,93
3,9404
3,9405
3,9404
3,9417
5,93
8,9271
3,9404
8,9344
3,9405
8,9315
6,9406
6,93
6,9406
3,9417
5,9344
5,9419
5,9431
3,9419
5,9434
6,9431
3,9419
6,940
3,9087
5,9389
5,9420
6,9087
5,941
3,9332
3,9332
3,941
3,941
6,940
6,9420
5,941
6,9434
5,9420
3,9087
5,9434
8,9389
3,9332
6,940
3,9419
8,9436
6,9389
3,9431
5,9434
5,940
3,9332
8,9420
8,9389
6,9389
3,9087
6,9336
5,9426
6,9438
3,9463
6,9336
5,9436
6,9426
3,9466
5,9428
3,9463
6,9439
6,9438
3,9463
5,9426
3,9463
8,9439
3,9336
5,942
5,9439
3,9436
5,9426
3,9439
5,9438
5,9466
3,9438
8,942
6,9428
6,9428
3,942
5,9436
5,9466
5,942
3,9472
6,9493
3,9414
6,945
6,9456
3,9472
3,9472
3,9476
6,9493
3,9455
6,9414
6,9331
3,9476
3,9476
6,9456
5,9455
5,9456
5,9446
3,9472
6,9446
6,9493
3,9455
3,9446
6,9392
6,9472
3,9446
3,9493
3,9472
5,9392
6,9414
8,945
3,9476
5,9472
3,9472
3,9414
6,945
5,9392
6,9456
8,9441
3,9453
1,9453
8,9477
8,9491
3,9331
6,965
5,9331
3,9331
6,965
3,9453
3,9477
8,9451
6,8985
6,9441
8,9491
6,9451
6,9451
8,9451
6,9441
8,9482
8,9451
6,9491
6,9453
6,9491
6,9477
5,9477
6,965
6,8985
8,8985
5,827
5,8402
5,8379
5,8389
3,8376
5,8379
6,8402
6,8334
8,827
5,839
6,8334
5,8389
5,8379
1,8379
3,8398
8,8334
8,8379
8,827
3,8389
5,8402
8,8376
6,8376
3,8384
3,8376
5,8384
8,8334
6,827
5,8398
5,8384
3,8398
8,8334
5,8398
8,974
6,974
8,974
5,967
5,9396
6,970
5,9483
6,9498
5,970
3,9498
5,967
8,959
5,970
5,9396
3,9483
6,974
6,9482
6,9504
5,970
3,9498
8,9396
5,9482
5,94
6,94
3,9483
8,959
6,9482
5,9498
5,9396
5,967
5,9483
5,94
6,9396
3,94
5,9482
6,959
5,967
3,986
5,981
6,981
3,9504
5,996
3,983
3,975
3,983
3,986
5,97
5,984
1,983
3,978
5,975
3,982
3,984
6,984
3,978
8,982
3,982
3,982
5,986
5,984
3,981
5,953
6,97
3,9504
5,978
3,986
6,953
5,97
3,978
3,953
6,9504
5,975
3,983
5,953
6,971
8,980
6,9502
5,963
3,971
3,963
3,979
3,991
5,9241
8,989
8,980
3,9241
6,989
3,9241
8,989
8,991
5,979
3,9502
6,971
6,9502
6,943
5,971
8,943
5,991
6,943
6,963
3,996
8,980
5,9241
6,943
8,980
6,979
6,989
3,996
5,943
3,963
6,991
3,996
8,9502
6,9367
3,998
6,9367
6,993
5,998
5,998
6,9367
3,964
5,999
6,964
6,988
3,988
3,964
1,999
3,947
8,9
5,998
6,993
8,992
6,9
8,947
6,9
3,995
3,995
3,999
6,9
6,992
6,988
5,999
6,993
6,995
6,992
5,947
5,995
6,9367
6,993
3,999
6,947
8,992
6,9468
5,969
5,99
8,972
6,9480
5,9480
6,969
3,9480
6,997
8,972
6,99
6,969
5,99
5,990
5,990
5,9468
3,990
5,972
8,972
3,9480
5,969
6,9468
5,99
5,990
5,99
8,990
6,8883
3,8883
6,8883
3,8409
6,977
5,997
5,8961
5,997
6,6531
3,7361
5,6531
3,7361
5,3771
6,3771
3,9418
8,8961
3,9418
5,8409
5,997
5,8409
5,8961
5,9418
5,8409
8,8883
1,8961
5,7361
5,977
5,977
5,8409
3,6531
6,3771
3,8961
3,6531
5,3771
6,8951
5,6447
8,6385
3,8711
5,8484
3,9313
6,912
6,912
6,114
5,3334
8,8951
6,8711
5,3334
3,8484
3,9313
6,3334
6,912
5,8484
6,8711
5,9313
5,7072
3,6385
6,7072
5,6385
5,8711
3,6447
8,114
1,6447
5,114
6,114
5,912
5,3334
5,8484
6,7072
6,6385
6,8951
8,6385
8,7072
5,8356
3,3278
6,3278
5,3487
5,8343
5,3487
5,9356
6,8869
8,8869
6,8356
3,8356
5,8343
6,7220
6,8869
6,3278
6,2407
8,2407
6,3278
5,3278
5,8343
3,9356
5,9356
5,2407
3,8343
5,3487
5,7220
3,9356
6,7220
3,3487
3,8869
3,7220
3,8356
6,8356
8,8869
1,839
3,8425
6,7682
3,8394
5,8391
3,8391
3,8415
8,7682
3,8425
1,839
6,8395
6,8395
1,8425
5,8392
1,7682
6,8392
6,8411
6,8415
8,7682
6,8394
6,8391
3,839
6,8403
6,8411
3,8403
3,8396
3,8403
1,8396
8,7682
3,8425
6,8395
5,8396
3,8415
3,8396
5,8391
1,8403
8,8392
6,8394
8,8392
3,8411
3,8876
6,8648
3,8949
3,933
3,9417
6,1152
6,1152
6,1153
5,1152
6,1153
6,1153
6,1153
6,1206
3,1172
8,1206
5,1172
5,1172
5,1246
5,1246
3,1172
8,1206
10,1206
5,1246
3,1246
6,1261
8,1261
5,1261
5,1261
5,1068
5,1068
5,1068
5,1068
5,129
6,129
6,129
5,1323
3,1355
5,1355
5,1323
5,1323
5,1323
3,1355
6,1337
5,1337
5,1337
3,1337
8,1362
8,1362
5,1393
3,1362
3,1393
3,1393
3,1393
8,1362
3,108
5,108
6,1066
5,1066
3,108
5,1066
5,108
6,1066
5,140
8,140
6,138
8,138
5,140
5,140
6,138
6,138
6,1422
6,1342
5,1342
5,1422
5,1422
5,1422
6,1342
6,1342
8,1342
5,1466
8,1466
3,1466
5,1466
6,108
3,1510
6,1510
3,1523
3,1523
6,1523
8,1510
5,1523
3,1510
5,1521
8,1521
3,1521
6,1527
3,1521
6,1527
8,1527
5,156
6,1557
8,156
5,156
6,1557
5,1557
6,1557
6,156
6,1556
6,1556
6,1556
6,1556
3,1453
6,1453
6,1453
5,1453
8,1606
8,1606
8,1606
6,1606
3,1406
6,1406
5,1406
5,1406
6,1610
3,163
5,1610
5,1610
8,1610
6,163
3,163
3,1697
6,1625
5,1697
5,1625
3,1697
6,1697
3,1625
6,1625
8,1694
3,1694
6,1694
8,1694
6,1730
6,1730
6,1730
5,1730
5,1119
5,1095
5,1119
3,1119
6,1095
8,1095
3,1119
5,1759
8,1759
3,1759
8,1759
1,178
3,178
3,178
3,1823
5,1823
6,1823
5,1823
6,1798
5,1798
5,1798
5,1798
6,1849
6,1849
5,1849
3,185
6,1849
5,1525
6,185
8,185
3,1525
3,185
8,1525
6,1875
5,1875
5,1875
5,1875
6,1097
8,1097
8,1097
6,1097
6,1872
6,1872
6,1872
6,1872
6,1896
6,1896
1,1907
6,1896
5,1907
3,1907
6,1922
8,1922
5,1921
6,1922
5,1921
6,1924
5,1922
3,1921
3,1921
5,1922
3,1924
8,1924
3,1914
5,1914
3,1914
3,1914
8,1941
6,1941
6,1941
6,1941
6,1895
6,1895
8,1895
5,1895
5,1806
6,1806
6,1806
3,1136
3,1136
8,1136
6,1136
3,1990
3,1990
5,1990
3,1990
5,2020
3,2031
5,2031
3,2020
3,2031
5,2020
5,2020
5,2031
5,2034
6,2034
6,2034
5,2055
5,2055
5,2055
5,2062
3,2062
3,2062
5,2055
5,2072
5,2072
5,2072
1,2072
6,2003
8,2003
6,2003
8,2003
3,2200
5,2200
6,2225
5,2225
5,2200
5,2225
6,2200
5,2225
5,216
5,216
5,216
5,216
3,2296
5,2279
3,2296
5,2296
3,2279
3,2279
3,2279
5,2296
3,2279
8,2303
8,2303
3,2303
6,2241
6,2241
8,2241
8,2303
6,2322
5,2322
8,2322
6,2322
8,2322
5,2320
5,2333
5,2320
3,2333
5,2333
6,2320
3,2320
5,2320
6,2333
3,209
6,2080
3,2131
3,2131
6,2080
3,209
6,209
6,2080
5,2080
6,209
3,2131
5,2131
3,2077
5,2077
5,2077
5,2077
6,2410
6,2410
6,2410
3,2430
5,2430
6,2430
6,2430
6,2444
8,2444
5,2444
3,2448
3,2448
3,2448
3,2494
3,2494
3,2512
3,2494
3,2512
3,2494
3,2512
3,2513
5,2538
3,2538
6,2513
8,2513
3,2513
3,2538
5,2538
5,2549
8,2546
3,2549
5,2546
3,2549
6,2546
5,2549
6,2546
6,2151
3,2151
3,2151
8,2576
6,2576
8,2576
8,2595
6,2576
3,2595
3,2595
5,2595
5,25
3,25
3,25
6,25
5,2613
8,2613
5,2624
3,2624
6,2613
5,2624
3,2613
5,2624
6,2669
6,2669
8,2669
6,2669
6,2688
6,2688
5,2585
3,2688
5,2688
6,2585
6,2585
6,2706
6,2691
8,2706
6,2691
6,2691
6,2691
5,2706
1,2749
3,2749
1,2749
3,2749
3,2769
3,2769
6,2769
3,2769
5,281
8,281
5,281
5,281
5,2174
3,2174
3,2174
1,2174
8,2796
10,2796
1,2829
6,2796
1,2829
3,2829
1,2829
3,2870
6,2870
6,2805
5,2805
8,2888
6,2888
6,2879
3,2805
8,2879
6,2879
5,2805
6,2879
3,2888
6,2870
6,2888
3,2805
8,2879
8,2870
3,2839
3,2839
3,2839
5,290
3,290
5,290
6,290
5,2931
5,2942
5,2942
5,2942
6,2942
6,2931
5,2931
8,2931
8,2941
8,2941
8,2941
5,2941
3,295
3,295
1,295
3,295
3,295
6,2972
5,2972
5,2972
5,2972
5,3003
5,3003
3,3003
3,3003
3,3020
5,3020
5,3020
6,2156
3,2186
8,2156
3,2186
5,2156
5,2186
5,2156
3,2186
5,3012
3,3012
3,3012
3,3012
5,308
5,308
6,2990
6,2990
8,308
8,308
6,2990
8,2990
6,3123
6,3123
6,3123
5,3123
6,3123
6,2989
6,2989
8,2989
6,324
6,324
6,3238
6,3238
5,324
6,3238
6,324
5,3245
8,3245
6,3245
8,3245
5,3271
3,3270
8,3270
6,3271
3,3271
3,3271
1,3270
5,328
5,328
3,328
5,328
3,328
5,3264
5,3264
6,3323
8,331
8,331
6,3323
8,3323
6,331
6,331
6,3323
5,3264
6,3327
6,3327
6,3327
8,3327
8,3232
6,3232
8,3232
5,3118
3,3118
5,3118
8,3118
5,3113
6,3113
6,3113
5,3113
3,3357
3,3357
3,3357
5,3372
6,3392
3,3392
3,3392
5,3372
5,3372
6,3377
6,3377
3,3377
5,3377
5,3412
3,3412
5,33
6,3412
3,3412
5,33
5,33
3,33
5,3446
6,3425
3,3446
6,3425
6,3425
8,3425
6,3425
3,3446
3,3446
3,3183
5,3183
3,3183
5,3475
3,3475
6,3475
6,3475
8,3521
6,3521
6,3521
5,3521
3,3551
3,3551
3,3551
5,3582
6,3582
5,3541
6,3582
3,3541
3,3541
5,3541
6,3618
6,3618
6,3618
5,3643
3,3643
6,3643
3,3643
3,3643
6,366
5,366
5,366
8,366
6,3764
3,3753
5,3753
5,3764
6,3764
5,3753
5,3755
6,3782
6,3782
5,3755
3,3755
8,3782
8,3782
6,3811
6,3811
3,3811
3,3825
3,3825
6,3849
6,3849
6,3849
1,3849
3,3849
8,3838
8,3838
3,3895
3,3895
6,3895
8,3838
3,3895
8,3838
3,3919
5,3919
3,3919
3,3919
5,3212
3,3212
5,3212
3,3212
3,3977
5,3977
8,3977
5,3977
6,3918
6,3918
6,3918
6,3976
6,3976
8,3976
8,3976
6,4008
5,3927
5,3927
6,4008
6,4008
5,3927
6,4008
8,3196
5,3197
5,3235
5,3197
5,3196
3,3235
1,3235
8,3196
5,3197
5,3197
3,3235
8,3958
8,3958
6,3958
8,3958
3,4027
3,4027
5,4027
3,4027
8,4114
10,4114
3,4114
1,3183
6,4137
5,4137
6,4137
5,4137
8,4288
6,4288
6,4288
6,4288
8,4302
8,4302
8,4302
6,4302
5,4325
3,4325
3,4325
5,4325
6,4117
6,4117
5,4117
8,4117
6,436
5,436
5,436
8,4366
3,4366
8,4374
5,4323
5,4374
6,4323
8,4366
8,4366
5,4323
8,4366
5,4374
6,4374
8,4343
5,4343
8,4343
5,4343
5,4410
5,4426
3,4426
5,4410
3,4410
3,4410
8,4426
1,4426
8,4441
6,4441
6,4441
6,4441
3,4445
3,4445
5,4445
1,4445
8,4151
6,4157
6,4157
8,4151
6,4157
5,4151
8,4151
6,4447
6,4447
5,4447
6,4447
5,4495
8,4482
6,4495
5,4495
5,4482
8,4482
6,418
8,418
6,418
5,4499
8,418
5,4499
3,4499
8,4516
5,4516
6,4516
5,4535
6,4535
8,4553
1,4553
1,4553
3,4535
3,4553
6,4535
3,4150
5,4150
3,4150
5,4551
3,4585
5,4551
6,4585
6,4585
3,4551
3,4585
5,4581
6,4589
8,4589
5,4581
6,4581
6,4589
6,4581
6,4589
6,4522
8,4617
5,4617
5,4617
6,4522
6,4522
3,4617
5,4522
6,4522
3,4625
3,4625
6,4625
3,4625
5,4625
5,466
3,466
6,466
5,466
6,4635
8,4635
8,4635
8,4634
8,4634
8,4635
5,4635
6,4634
5,4663
5,4663
3,4663
8,4699
6,4699
8,4699
5,4683
6,4683
5,4683
8,4683
6,4683
8,4737
6,4737
8,4737
6,4737
5,4776
3,4776
5,4776
6,4776
3,4758
3,4769
3,4769
5,4758
3,4769
6,4758
6,4769
8,4792
6,4792
6,4792
5,4821
6,4821
6,4821
6,4821
5,4760
8,4760
6,4760
5,4845
3,4845
6,4845
3,4868
6,4868
5,4868
8,4861
6,4861
6,4861
3,4868
5,4861
3,4880
5,4880
5,487
5,487
5,487
6,487
8,4880
5,487
6,4912
8,4912
8,4912
8,4131
6,4131
6,4131
6,4131
5,4940
3,4940
3,4933
3,4933
8,4940
5,4933
3,4940
3,4960
5,4960
6,4960
3,4960
3,4993
5,4993
6,4993
3,5002
3,5000
3,5000
1,5000
3,5002
6,5002
3,5000
6,5002
8,5012
5,5012
6,5012
6,5030
5,5030
3,5030
5,5030
8,5029
8,5029
8,5029
8,5029
6,5080
6,5080
6,5080
8,5104
8,5104
8,5104
6,5104
6,5036
5,5036
5,5036
8,5036
3,5139
3,5139
5,5139
3,5139
3,5139
3,420
3,420
3,420
5,420
8,5238
5,5238
6,5238
8,5234
6,5234
6,5234
3,5307
3,5307
5,5307
3,5307
6,5326
3,530
5,5326
3,5326
5,5326
6,530
5,530
8,530
3,5349
5,5342
5,5349
3,5342
6,5342
6,5342
6,5349
6,5349
6,5168
6,5168
5,5168
5,5168
6,535
6,535
6,535
8,535
1,5395
3,5395
1,5395
5,5374
8,5374
8,5374
8,5372
3,5421
3,5421
8,5372
5,5421
8,5372
5,5372
6,5421
5,5421
5,5372
6,541
5,541
3,5434
6,5453
5,5453
3,5453
3,5453
8,5434
5,5434
3,5434
8,5180
5,5180
6,5180
3,5180
8,5462
3,5462
5,5462
6,5462
6,5485
5,5504
8,5485
6,5485
5,5504
8,5485
5,5485
6,5504
3,5504
6,5476
8,5476
6,5476
6,5476
5,550
3,550
5,550
5,550
3,5534
3,5534
6,5534
5,5534
6,5529
8,5529
3,5546
6,5546
8,5529
3,5546
3,5546
6,5565
6,5565
5,5548
5,5548
5,5548
5,5548
6,5565
6,5565
3,5188
8,5188
3,5188
3,5582
6,5582
3,5582
3,5582
6,5627
6,5627
8,5597
6,5597
8,5597
6,5627
6,5627
6,5597
5,5188
6,5666
6,5666
3,5666
6,5666
5,5694
5,5694
3,5694
3,5694
5,5734
8,5734
3,5734
6,5734
3,5724
5,5724
5,5724
6,5724
5,5761
3,5761
3,5761
1,5761
5,5761
3,5796
5,5796
3,5796
5,5796
5,5203
6,5203
6,5203
6,5203
6,5186
5,5186
5,5186
3,5186
5,5789
6,5789
8,5789
8,5789
3,5736
8,5736
6,5736
5,5865
6,5838
5,5865
6,5838
8,5838
3,5865
5,5838
3,5865
3,5868
5,5868
3,5868
3,5893
5,5893
3,5893
3,5893
6,5892
6,5208
6,5208
6,5208
5,5892
6,5892
5,5892
3,5931
6,5931
8,5931
3,5931
8,5938
8,5938
6,5938
6,5938
8,5955
6,5955
6,594
6,5965
6,5965
8,5955
3,594
3,594
8,5955
6,5955
6,5965
5,5999
6,5999
8,5999
6,5999
5,6014
3,6014
3,6014
3,6014
8,5956
8,5956
8,5956
5,6033
3,6019
5,6019
3,6019
3,6019
5,6019
5,6033
3,6033
6,6033
8,6038
5,6038
3,6038
3,6038
6,6055
3,6055
3,6055
8,6055
5,6057
3,6057
5,6057
5,6057
5,6088
3,6088
3,6088
3,6088
6,6125
1,6125
3,6125
5,6125
3,5236
3,5236
5,5236
5,6131
3,6131
3,6117
5,6117
3,6117
3,6117
6,6131
3,6131
3,6214
3,6214
3,6214
3,6214
6,6308
5,6308
8,6308
5,6294
5,6308
5,6294
6,6294
6,6308
6,6294
8,6280
5,6280
5,6280
8,6280
3,6315
3,6315
10,62
8,62
3,6315
8,62
5,6315
8,62
8,635
6,635
8,635
8,6140
8,6140
6,6140
6,6359
6,6359
6,6359
6,6359
8,6288
6,631
8,631
5,6288
6,6288
6,6288
6,631
6,631
5,6398
3,6398
3,6398
5,6402
6,6402
8,6402
5,6402
3,648
5,648
6,6498
5,6498
6,6498
3,648
6,648
6,6505
8,6505
6,6505
6,6510
8,6510
8,6510
6,6505
8,6510
3,6541
1,651
8,651
6,6489
3,6541
6,6489
8,651
8,6489
5,6541
3,6541
6,651
6,6489
3,6528
5,6538
6,6528
3,6538
8,6538
5,6528
6,6538
5,6528
3,6548
3,6548
8,6555
5,6555
6,6555
5,6548
3,6548
6,6555
5,6582
5,6582
3,6582
5,6582
5,6175
8,6175
5,6175
5,6175
8,6559
8,6559
5,6559
6,6559
6,6559
5,6559
5,6599
3,6599
5,6599
6,6622
6,6622
6,6622
6,6622
6,6622
6,6638
3,6638
6,6638
3,6638
3,6655
3,6655
5,6655
8,6667
3,6676
6,6676
5,6667
5,6676
3,6667
3,6676
8,66
6,66
6,66
6,66
6,6130
6,6130
8,6130
5,6130
6,669
6,6693
5,6693
5,669
8,6693
3,669
3,669
1,6624
3,6698
3,6624
5,6698
6,6698
5,6624
6,6624
8,6698
3,6758
3,6758
5,6758
5,6758
10,6709
5,6709
6,6709
3,6709
8,6738
3,6752
5,6741
5,6741
5,6752
5,6741
5,6741
6,6752
6,6752
5,6741
8,6707
8,6738
8,6707
8,6707
8,6707
5,6738
8,6707
8,6738
6,6820
6,6820
5,6820
8,6820
3,6875
3,6875
1,6875
5,6875
8,6917
6,6917
6,6917
8,6917
6,6917
6,6198
5,6198
5,6188
5,6198
6,6188
6,6198
6,693
6,693
10,693
3,6973
5,6973
6,6953
3,6973
5,6953
6,6953
6,6953
5,6973
5,6998
3,6998
6,6970
6,6970
3,6998
5,6998
6,6970
6,6970
3,6998
3,6286
5,6286
5,6286
6,7013
8,7028
8,7028
8,7028
8,7010
6,7010
3,7010
3,7013
3,7013
3,7010
3,7013
6,6188
6,6188
8,7067
6,7067
5,7067
3,7067
6,7070
3,7065
5,7070
8,7065
3,7065
10,7070
8,7065
3,7070
6,7071
6,7071
6,7071
5,7102
6,7102
5,7102
3,7102
3,7141
6,7141
3,7141
5,7152
3,7160
3,7160
5,7152
5,7152
3,7160
3,7152
5,7172
3,7172
3,7172
3,6225
5,6225
3,6225
3,6225
3,7172
5,7282
8,7282
6,7282
8,7283
3,7314
3,7314
3,7314
6,7283
6,7283
8,7283
5,7314
8,7315
8,7315
8,7315
8,7315
5,7342
3,7342
3,7342
8,7342
6,7366
6,7374
8,7377
6,7374
6,7374
6,7366
8,7374
3,7377
6,7366
6,7366
5,7377
8,734
6,734
6,734
3,7404
3,7404
5,7404
3,7404
6,7173
8,7173
10,7173
6,7173
3,7415
3,7415
6,7415
3,7415
6,739
6,739
5,739
5,744
6,744
6,739
3,7458
5,744
6,7474
3,7474
6,7458
5,7458
3,7474
8,7474
8,7458
8,7474
8,7257
6,7257
8,7257
6,7182
5,720
5,7182
6,720
6,720
5,720
6,7182
3,7182
5,7554
3,7554
5,7542
5,7542
8,7542
6,7542
5,7554
6,7554
3,7593
3,7593
5,7593
1,7593
5,7673
3,7673
3,7673
1,7673
6,7715
3,7715
5,7703
3,7715
3,7703
6,7703
5,7703
3,7715
5,7766
6,7755
6,7755
6,7755
8,7755
3,7766
3,7766
6,7497
8,7767
3,7767
3,7497
5,7497
5,7767
6,7767
3,722
5,722
5,722
5,722
6,778
5,778
6,778
6,7805
8,7779
5,7805
8,7779
3,7805
8,778
5,7805
8,7779
5,7779
3,7885
5,7904
5,7885
6,7863
3,7833
5,7904
5,7833
3,7833
6,7863
3,7833
5,7904
3,7904
3,7885
6,7863
3,7885
6,7863
6,7903
5,7903
6,7903
3,7896
3,7896
3,7896
3,7896
6,7956
6,7956
6,7956
3,7976
3,7976
1,7976
8,7969
8,7969
1,7976
1,7969
8,7914
8,7914
8,7914
6,7914
6,7979
6,7979
6,7979
6,7972
6,7972
10,7972
6,7979
6,7972
6,7995
5,7995
3,7995
6,7248
6,7248
5,7248
3,7248
6,8033
5,8033
3,8033
3,8033
6,7991
3,7991
5,8034
6,8034
5,7991
3,7991
6,8034
5,8034
5,808
5,808
8,8054
3,808
5,808
3,8054
5,8054
6,8054
6,8060
6,8060
6,8060
6,8060
5,784
5,784
5,784
6,8189
8,8189
8,8189
8,8192
6,8192
8,8192
6,8192
1,8219
3,8208
6,8219
3,8219
5,8219
5,8208
5,8208
5,8208
6,8201
5,8201
3,8201
5,8201
3,8238
3,8238
5,8238
3,8233
6,8233
5,8238
6,8238
8,8233
8,8233
3,8204
3,8204
3,8204
5,8204
6,8194
6,8194
6,8194
6,8194
6,8463
6,8463
6,8463
3,8303
5,8303
3,8303
6,8303
5,8463
6,8388
6,8388
6,8388
5,8388
3,8547
6,8547
5,8547
5,8310
6,8310
6,8310
6,8310
6,8310
5,8419
8,8419
3,8547
8,8419
8,8419
6,8419
3,8576
8,8576
6,8576
3,8576
1,8602
6,8560
6,8560
1,8602
1,8602
5,8560
1,8602
8,85
6,85
8,85
6,85
8,866
3,866
6,8669
6,8669
3,866
6,8669
3,866
6,8669
6,8669
3,8308
3,8308
5,8322
5,8308
3,8322
3,8322
3,8322
3,8308
3,8686
5,8686
6,8544
6,8686
5,8544
6,8544
8,8544
3,877
8,877
8,872
3,877
5,877
6,872
5,877
5,872
1,8794
1,8794
3,8794
1,8794
8,8755
6,8755
8,8755
5,8755
5,8813
8,8813
6,8813
6,8813
5,8864
5,8864
3,8864
1,8864
5,8841
6,8841
6,8841
5,8915
5,8915
5,8915
5,8915
5,8924
5,8924
5,8924
6,8930
5,8930
5,8924
6,8930
3,8830
3,8830
5,8830
3,8830
3,8331
6,8331
6,8331
6,8331
6,9065
6,9065
3,905
5,905
3,905
6,9065
3,9102
5,9102
5,9102
3,9124
5,9124
5,9124
3,9182
5,9182
5,9182
5,9195
5,9195
8,917
5,9195
3,9195
6,917
6,917
6,917
5,9195
5,9166
5,9166
5,9166
6,9166
8,9250
6,9250
6,9250
6,9250
6,9250
5,925
3,925
8,925
5,925
3,8377
3,8377
1,8377
3,8377
8,9152
8,9152
8,9152
3,9385
6,9385
6,9385
6,9385
5,939
5,939
6,939
5,939
3,9421
3,9421
5,9421
8,9459
1,9458
6,9459
3,9458
3,9459
3,9458
3,9459
3,9459
3,9458
6,9450
3,9450
1,9450
3,9450
8,952
5,9481
3,952
3,9481
6,9481
5,9481
6,9481
6,952
5,8369
6,8369
5,8347
6,8369
3,8347
3,8347
6,8369
3,96
6,96
5,96
6,96
3,987
3,987
3,987
5,987
3,946
6,962
8,962
3,946
6,946
8,976
1,946
5,976
8,962
5,976
6,962
6,976
6,9065
6,1152
6,1152
6,1153
5,1152
6,1153
6,1153
6,1153
6,1206
3,1172
8,1206
5,1172
5,1172
5,1246
5,1246
3,1172
8,1206
10,1206
5,1246
3,1246
6,1261
8,1261
5,1261
5,1261
5,1068
5,1068
5,1068
5,1068
5,129
6,129
6,129
5,1323
3,1355
5,1355
5,1323
5,1323
5,1323
3,1355
6,1337
5,1337
5,1337
3,1337
8,1362
8,1362
5,1393
3,1362
3,1393
3,1393
3,1393
8,1362
3,108
5,108
6,1066
5,1066
3,108
5,1066
5,108
6,1066
5,140
8,140
6,138
8,138
5,140
5,140
6,138
6,138
6,1422
6,1342
5,1342
5,1422
5,1422
5,1422
6,1342
6,1342
8,1342
5,1466
8,1466
3,1466
5,1466
6,108
3,1510
6,1510
3,1523
3,1523
6,1523
8,1510
5,1523
3,1510
5,1521
8,1521
3,1521
6,1527
3,1521
6,1527
8,1527
5,156
6,1557
8,156
5,156
6,1557
5,1557
6,1557
6,156
6,1556
6,1556
6,1556
6,1556
3,1453
6,1453
6,1453
5,1453
8,1606
8,1606
8,1606
6,1606
3,1406
6,1406
5,1406
5,1406
6,1610
3,163
5,1610
5,1610
8,1610
6,163
3,163
3,1697
6,1625
5,1697
5,1625
3,1697
6,1697
3,1625
6,1625
8,1694
3,1694
6,1694
8,1694
6,1730
6,1730
6,1730
5,1730
5,1119
5,1095
5,1119
3,1119
6,1095
8,1095
3,1119
5,1759
8,1759
3,1759
8,1759
1,178
3,178
3,178
3,1823
5,1823
6,1823
5,1823
6,1798
5,1798
5,1798
5,1798
6,1849
6,1849
5,1849
3,185
6,1849
5,1525
6,185
8,185
3,1525
3,185
8,1525
6,1875
5,1875
5,1875
5,1875
6,1097
8,1097
8,1097
6,1097
6,1872
6,1872
6,1872
6,1872
6,1896
6,1896
1,1907
6,1896
5,1907
3,1907
6,1922
8,1922
5,1921
6,1922
5,1921
6,1924
5,1922
3,1921
3,1921
5,1922
3,1924
8,1924
3,1914
5,1914
3,1914
3,1914
8,1941
6,1941
6,1941
6,1941
6,1895
6,1895
8,1895
5,1895
5,1806
6,1806
6,1806
3,1136
3,1136
8,1136
6,1136
3,1990
3,1990
5,1990
3,1990
5,2020
3,2031
5,2031
3,2020
3,2031
5,2020
5,2020
5,2031
5,2034
6,2034
6,2034
5,2055
5,2055
5,2055
5,2062
3,2062
3,2062
5,2055
5,2072
5,2072
5,2072
1,2072
6,2003
8,2003
6,2003
8,2003
3,2200
5,2200
6,2225
5,2225
5,2200
5,2225
6,2200
5,2225
5,216
5,216
5,216
5,216
3,2296
5,2279
3,2296
5,2296
3,2279
3,2279
3,2279
5,2296
3,2279
8,2303
8,2303
3,2303
6,2241
6,2241
8,2241
8,2303
6,2322
5,2322
8,2322
6,2322
8,2322
5,2320
5,2333
5,2320
3,2333
5,2333
6,2320
3,2320
5,2320
6,2333
3,209
6,2080
3,2131
3,2131
6,2080
3,209
6,209
6,2080
5,2080
6,209
3,2131
5,2131
3,2077
5,2077
5,2077
5,2077
6,2410
6,2410
6,2410
3,2430
5,2430
6,2430
6,2430
6,2444
8,2444
5,2444
3,2448
3,2448
3,2448
3,2494
3,2494
3,2512
3,2494
3,2512
3,2494
3,2512
3,2513
5,2538
3,2538
6,2513
8,2513
3,2513
3,2538
5,2538
5,2549
8,2546
3,2549
5,2546
3,2549
6,2546
5,2549
6,2546
6,2151
3,2151
3,2151
8,2576
6,2576
8,2576
8,2595
6,2576
3,2595
3,2595
5,2595
5,25
3,25
3,25
6,25
5,2613
8,2613
5,2624
3,2624
6,2613
5,2624
3,2613
5,2624
6,2669
6,2669
8,2669
6,2669
6,2688
6,2688
5,2585
3,2688
5,2688
6,2585
6,2585
6,2706
6,2691
8,2706
6,2691
6,2691
6,2691
5,2706
1,2749
3,2749
1,2749
3,2749
3,2769
3,2769
6,2769
3,2769
5,281
8,281
5,281
5,281
5,2174
3,2174
3,2174
1,2174
8,2796
10,2796
1,2829
6,2796
1,2829
3,2829
1,2829
3,2870
6,2870
6,2805
5,2805
8,2888
6,2888
6,2879
3,2805
8,2879
6,2879
5,2805
6,2879
3,2888
6,2870
6,2888
3,2805
8,2879
8,2870
3,2839
3,2839
3,2839
5,290
3,290
5,290
6,290
5,2931
5,2942
5,2942
5,2942
6,2942
6,2931
5,2931
8,2931
8,2941
8,2941
8,2941
5,2941
3,295
3,295
1,295
3,295
3,295
6,2972
5,2972
5,2972
5,2972
5,3003
5,3003
3,3003
3,3003
3,3020
5,3020
5,3020
6,2156
3,2186
8,2156
3,2186
5,2156
5,2186
5,2156
3,2186
5,3012
3,3012
3,3012
3,3012
5,308
5,308
6,2990
6,2990
8,308
8,308
6,2990
8,2990
6,3123
6,3123
6,3123
5,3123
6,3123
6,2989
6,2989
8,2989
6,324
6,324
6,3238
6,3238
5,324
6,3238
6,324
5,3245
8,3245
6,3245
8,3245
5,3271
3,3270
8,3270
6,3271
3,3271
3,3271
1,3270
5,328
5,328
3,328
5,328
3,328
5,3264
5,3264
6,3323
8,331
8,331
6,3323
8,3323
6,331
6,331
6,3323
5,3264
6,3327
6,3327
6,3327
8,3327
8,3232
6,3232
8,3232
5,3118
3,3118
5,3118
8,3118
5,3113
6,3113
6,3113
5,3113
3,3357
3,3357
3,3357
5,3372
6,3392
3,3392
3,3392
5,3372
5,3372
6,3377
6,3377
3,3377
5,3377
5,3412
3,3412
5,33
6,3412
3,3412
5,33
5,33
3,33
5,3446
6,3425
3,3446
6,3425
6,3425
8,3425
6,3425
3,3446
3,3446
3,3183
5,3183
3,3183
5,3475
3,3475
6,3475
6,3475
8,3521
6,3521
6,3521
5,3521
3,3551
3,3551
3,3551
5,3582
6,3582
5,3541
6,3582
3,3541
3,3541
5,3541
6,3618
6,3618
6,3618
5,3643
3,3643
6,3643
3,3643
3,3643
6,366
5,366
5,366
8,366
6,3764
3,3753
5,3753
5,3764
6,3764
5,3753
5,3755
6,3782
6,3782
5,3755
3,3755
8,3782
8,3782
6,3811
6,3811
3,3811
3,3825
3,3825
6,3849
6,3849
6,3849
1,3849
3,3849
8,3838
8,3838
3,3895
3,3895
6,3895
8,3838
3,3895
8,3838
3,3919
5,3919
3,3919
3,3919
5,3212
3,3212
5,3212
3,3212
3,3977
5,3977
8,3977
5,3977
6,3918
6,3918
6,3918
6,3976
6,3976
8,3976
8,3976
6,4008
5,3927
5,3927
6,4008
6,4008
5,3927
6,4008
8,3196
5,3197
5,3235
5,3197
5,3196
3,3235
1,3235
8,3196
5,3197
5,3197
3,3235
8,3958
8,3958
6,3958
8,3958
3,4027
3,4027
5,4027
3,4027
8,4114
10,4114
3,4114
1,3183
6,4137
5,4137
6,4137
5,4137
8,4288
6,4288
6,4288
6,4288
8,4302
8,4302
8,4302
6,4302
5,4325
3,4325
3,4325
5,4325
6,4117
6,4117
5,4117
8,4117
6,436
5,436
5,436
8,4366
3,4366
8,4374
5,4323
5,4374
6,4323
8,4366
8,4366
5,4323
8,4366
5,4374
6,4374
8,4343
5,4343
8,4343
5,4343
5,4410
5,4426
3,4426
5,4410
3,4410
3,4410
8,4426
1,4426
8,4441
6,4441
6,4441
6,4441
3,4445
3,4445
5,4445
1,4445
8,4151
6,4157
6,4157
8,4151
6,4157
5,4151
8,4151
6,4447
6,4447
5,4447
6,4447
5,4495
8,4482
6,4495
5,4495
5,4482
8,4482
6,418
8,418
6,418
5,4499
8,418
5,4499
3,4499
8,4516
5,4516
6,4516
5,4535
6,4535
8,4553
1,4553
1,4553
3,4535
3,4553
6,4535
3,4150
5,4150
3,4150
5,4551
3,4585
5,4551
6,4585
6,4585
3,4551
3,4585
5,4581
6,4589
8,4589
5,4581
6,4581
6,4589
6,4581
6,4589
6,4522
8,4617
5,4617
5,4617
6,4522
6,4522
3,4617
5,4522
6,4522
3,4625
3,4625
6,4625
3,4625
5,4625
5,466
3,466
6,466
5,466
6,4635
8,4635
8,4635
8,4634
8,4634
8,4635
5,4635
6,4634
5,4663
5,4663
3,4663
8,4699
6,4699
8,4699
5,4683
6,4683
5,4683
8,4683
6,4683
8,4737
6,4737
8,4737
6,4737
5,4776
3,4776
5,4776
6,4776
3,4758
3,4769
3,4769
5,4758
3,4769
6,4758
6,4769
8,4792
6,4792
6,4792
5,4821
6,4821
6,4821
6,4821
5,4760
8,4760
6,4760
5,4845
3,4845
6,4845
3,4868
6,4868
5,4868
8,4861
6,4861
6,4861
3,4868
5,4861
3,4880
5,4880
5,487
5,487
5,487
6,487
8,4880
5,487
6,4912
8,4912
8,4912
8,4131
6,4131
6,4131
6,4131
5,4940
3,4940
3,4933
3,4933
8,4940
5,4933
3,4940
3,4960
5,4960
6,4960
3,4960
3,4993
5,4993
6,4993
3,5002
3,5000
3,5000
1,5000
3,5002
6,5002
3,5000
6,5002
8,5012
5,5012
6,5012
6,5030
5,5030
3,5030
5,5030
8,5029
8,5029
8,5029
8,5029
6,5080
6,5080
6,5080
8,5104
8,5104
8,5104
6,5104
6,5036
5,5036
5,5036
8,5036
3,5139
3,5139
5,5139
3,5139
3,5139
3,420
3,420
3,420
5,420
8,5238
5,5238
6,5238
8,5234
6,5234
6,5234
3,5307
3,5307
5,5307
3,5307
6,5326
3,530
5,5326
3,5326
5,5326
6,530
5,530
8,530
3,5349
5,5342
5,5349
3,5342
6,5342
6,5342
6,5349
6,5349
6,5168
6,5168
5,5168
5,5168
6,535
6,535
6,535
8,535
1,5395
3,5395
1,5395
5,5374
8,5374
8,5374
8,5372
3,5421
3,5421
8,5372
5,5421
8,5372
5,5372
6,5421
5,5421
5,5372
6,541
5,541
3,5434
6,5453
5,5453
3,5453
3,5453
8,5434
5,5434
3,5434
8,5180
5,5180
6,5180
3,5180
8,5462
3,5462
5,5462
6,5462
6,5485
5,5504
8,5485
6,5485
5,5504
8,5485
5,5485
6,5504
3,5504
6,5476
8,5476
6,5476
6,5476
5,550
3,550
5,550
5,550
3,5534
3,5534
6,5534
5,5534
6,5529
8,5529
3,5546
6,5546
8,5529
3,5546
3,5546
6,5565
6,5565
5,5548
5,5548
5,5548
5,5548
6,5565
6,5565
3,5188
8,5188
3,5188
3,5582
6,5582
3,5582
3,5582
6,5627
6,5627
8,5597
6,5597
8,5597
6,5627
6,5627
6,5597
5,5188
6,5666
6,5666
3,5666
6,5666
5,5694
5,5694
3,5694
3,5694
5,5734
8,5734
3,5734
6,5734
3,5724
5,5724
5,5724
6,5724
5,5761
3,5761
3,5761
1,5761
5,5761
3,5796
5,5796
3,5796
5,5796
5,5203
6,5203
6,5203
6,5203
6,5186
5,5186
5,5186
3,5186
5,5789
6,5789
8,5789
8,5789
3,5736
8,5736
6,5736
5,5865
6,5838
5,5865
6,5838
8,5838
3,5865
5,5838
3,5865
3,5868
5,5868
3,5868
3,5893
5,5893
3,5893
3,5893
6,5892
6,5208
6,5208
6,5208
5,5892
6,5892
5,5892
3,5931
6,5931
8,5931
3,5931
8,5938
8,5938
6,5938
6,5938
8,5955
6,5955
6,594
6,5965
6,5965
8,5955
3,594
3,594
8,5955
6,5955
6,5965
5,5999
6,5999
8,5999
6,5999
5,6014
3,6014
3,6014
3,6014
8,5956
8,5956
8,5956
5,6033
3,6019
5,6019
3,6019
3,6019
5,6019
5,6033
3,6033
6,6033
8,6038
5,6038
3,6038
3,6038
6,6055
3,6055
3,6055
8,6055
5,6057
3,6057
5,6057
5,6057
5,6088
3,6088
3,6088
3,6088
6,6125
1,6125
3,6125
5,6125
3,5236
3,5236
5,5236
5,6131
3,6131
3,6117
5,6117
3,6117
3,6117
6,6131
3,6131
3,6214
3,6214
3,6214
3,6214
6,6308
5,6308
8,6308
5,6294
5,6308
5,6294
6,6294
6,6308
6,6294
8,6280
5,6280
5,6280
8,6280
3,6315
3,6315
10,62
8,62
3,6315
8,62
5,6315
8,62
8,635
6,635
8,635
8,6140
8,6140
6,6140
6,6359
6,6359
6,6359
6,6359
8,6288
6,631
8,631
5,6288
6,6288
6,6288
6,631
6,631
5,6398
3,6398
3,6398
5,6402
6,6402
8,6402
5,6402
3,648
5,648
6,6498
5,6498
6,6498
3,648
6,648
6,6505
8,6505
6,6505
6,6510
8,6510
8,6510
6,6505
8,6510
3,6541
1,651
8,651
6,6489
3,6541
6,6489
8,651
8,6489
5,6541
3,6541
6,651
6,6489
3,6528
5,6538
6,6528
3,6538
8,6538
5,6528
6,6538
5,6528
3,6548
3,6548
8,6555
5,6555
6,6555
5,6548
3,6548
6,6555
5,6582
5,6582
3,6582
5,6582
5,6175
8,6175
5,6175
5,6175
8,6559
8,6559
5,6559
6,6559
6,6559
5,6559
5,6599
3,6599
5,6599
6,6622
6,6622
6,6622
6,6622
6,6622
6,6638
3,6638
6,6638
3,6638
3,6655
3,6655
5,6655
8,6667
3,6676
6,6676
5,6667
5,6676
3,6667
3,6676
8,66
6,66
6,66
6,66
6,6130
6,6130
8,6130
5,6130
6,669
6,6693
5,6693
5,669
8,6693
3,669
3,669
1,6624
3,6698
3,6624
5,6698
6,6698
5,6624
6,6624
8,6698
3,6758
3,6758
5,6758
5,6758
10,6709
5,6709
6,6709
3,6709
8,6738
3,6752
5,6741
5,6741
5,6752
5,6741
5,6741
6,6752
6,6752
5,6741
8,6707
8,6738
8,6707
8,6707
8,6707
5,6738
8,6707
8,6738
6,6820
6,6820
5,6820
8,6820
3,6875
3,6875
1,6875
5,6875
8,6917
6,6917
6,6917
8,6917
6,6917
6,6198
5,6198
5,6188
5,6198
6,6188
6,6198
6,693
6,693
10,693
3,6973
5,6973
6,6953
3,6973
5,6953
6,6953
6,6953
5,6973
5,6998
3,6998
6,6970
6,6970
3,6998
5,6998
6,6970
6,6970
3,6998
3,6286
5,6286
5,6286
6,7013
8,7028
8,7028
8,7028
8,7010
6,7010
3,7010
3,7013
3,7013
3,7010
3,7013
6,6188
6,6188
8,7067
6,7067
5,7067
3,7067
6,7070
3,7065
5,7070
8,7065
3,7065
10,7070
8,7065
3,7070
6,7071
6,7071
6,7071
5,7102
6,7102
5,7102
3,7102
3,7141
6,7141
3,7141
5,7152
3,7160
3,7160
5,7152
5,7152
3,7160
3,7152
5,7172
3,7172
3,7172
3,6225
5,6225
3,6225
3,6225
3,7172
5,7282
8,7282
6,7282
8,7283
3,7314
3,7314
3,7314
6,7283
6,7283
8,7283
5,7314
8,7315
8,7315
8,7315
8,7315
5,7342
3,7342
3,7342
8,7342
6,7366
6,7374
8,7377
6,7374
6,7374
6,7366
8,7374
3,7377
6,7366
6,7366
5,7377
8,734
6,734
6,734
3,7404
3,7404
5,7404
3,7404
6,7173
8,7173
10,7173
6,7173
3,7415
3,7415
6,7415
3,7415
6,739
6,739
5,739
5,744
6,744
6,739
3,7458
5,744
6,7474
3,7474
6,7458
5,7458
3,7474
8,7474
8,7458
8,7474
8,7257
6,7257
8,7257
6,7182
5,720
5,7182
6,720
6,720
5,720
6,7182
3,7182
5,7554
3,7554
5,7542
5,7542
8,7542
6,7542
5,7554
6,7554
3,7593
3,7593
5,7593
1,7593
5,7673
3,7673
3,7673
1,7673
6,7715
3,7715
5,7703
3,7715
3,7703
6,7703
5,7703
3,7715
5,7766
6,7755
6,7755
6,7755
8,7755
3,7766
3,7766
6,7497
8,7767
3,7767
3,7497
5,7497
5,7767
6,7767
3,722
5,722
5,722
5,722
6,778
5,778
6,778
6,7805
8,7779
5,7805
8,7779
3,7805
8,778
5,7805
8,7779
5,7779
3,7885
5,7904
5,7885
6,7863
3,7833
5,7904
5,7833
3,7833
6,7863
3,7833
5,7904
3,7904
3,7885
6,7863
3,7885
6,7863
6,7903
5,7903
6,7903
3,7896
3,7896
3,7896
3,7896
6,7956
6,7956
6,7956
3,7976
3,7976
1,7976
8,7969
8,7969
1,7976
1,7969
8,7914
8,7914
8,7914
6,7914
6,7979
6,7979
6,7979
6,7972
6,7972
10,7972
6,7979
6,7972
6,7995
5,7995
3,7995
6,7248
6,7248
5,7248
3,7248
6,8033
5,8033
3,8033
3,8033
6,7991
3,7991
5,8034
6,8034
5,7991
3,7991
6,8034
5,8034
5,808
5,808
8,8054
3,808
5,808
3,8054
5,8054
6,8054
6,8060
6,8060
6,8060
6,8060
5,784
5,784
5,784
6,8189
8,8189
8,8189
8,8192
6,8192
8,8192
6,8192
1,8219
3,8208
6,8219
3,8219
5,8219
5,8208
5,8208
5,8208
6,8201
5,8201
3,8201
5,8201
3,8238
3,8238
5,8238
3,8233
6,8233
5,8238
6,8238
8,8233
8,8233
3,8204
3,8204
3,8204
5,8204
6,8194
6,8194
6,8194
6,8194
6,8463
6,8463
6,8463
3,8303
5,8303
3,8303
6,8303
5,8463
6,8388
6,8388
6,8388
5,8388
3,8547
6,8547
5,8547
5,8310
6,8310
6,8310
6,8310
6,8310
5,8419
8,8419
3,8547
8,8419
8,8419
6,8419
3,8576
8,8576
6,8576
3,8576
1,8602
6,8560
6,8560
1,8602
1,8602
5,8560
1,8602
8,85
6,85
8,85
6,85
8,866
3,866
6,8669
6,8669
3,866
6,8669
3,866
6,8669
6,8669
3,8308
3,8308
5,8322
5,8308
3,8322
3,8322
3,8322
3,8308
3,8686
5,8686
6,8544
6,8686
5,8544
6,8544
8,8544
3,877
8,877
8,872
3,877
5,877
6,872
5,877
5,872
1,8794
1,8794
3,8794
1,8794
8,8755
6,8755
8,8755
5,8755
5,8813
8,8813
6,8813
6,8813
5,8864
5,8864
3,8864
1,8864
5,8841
6,8841
6,8841
5,8915
5,8915
5,8915
5,8915
5,8924
5,8924
5,8924
6,8930
5,8930
5,8924
6,8930
3,8830
3,8830
5,8830
3,8830
3,8331
6,8331
6,8331
6,8331
6,9065
6,9065
3,905
5,905
3,905
6,9065
3,9102
5,9102
5,9102
3,9124
5,9124
5,9124
3,9182
5,9182
5,9182
5,9195
5,9195
8,917
5,9195
3,9195
6,917
6,917
6,917
5,9195
5,9166
5,9166
5,9166
6,9166
8,9250
6,9250
6,9250
6,9250
6,9250
5,925
3,925
8,925
5,925
3,8377
3,8377
1,8377
3,8377
8,9152
8,9152
8,9152
3,9385
6,9385
6,9385
6,9385
5,939
5,939
6,939
5,939
3,9421
3,9421
5,9421
8,9459
1,9458
6,9459
3,9458
3,9459
3,9458
3,9459
3,9459
3,9458
6,9450
3,9450
1,9450
3,9450
8,952
5,9481
3,952
3,9481
6,9481
5,9481
6,9481
6,952
5,8369
6,8369
5,8347
6,8369
3,8347
3,8347
6,8369
3,96
6,96
5,96
6,96
3,987
3,987
3,987
5,987
3,946
6,962
8,962
3,946
6,946
8,976
1,946
5,976
8,962
5,976
6,962
6,976
6,9065
